metric_id,specification_id,window_id,a4d_value,a4e_reproduced_value,difference,tolerance,status,explanation
net_cagr,M2_BASE|TOP6|CASH_0_ALWAYS_INVESTED|BASE,FULL_HISTORY,0.1349985999394405,0.13499859993944052,2.7755575615628914e-17,1e-10,PASS,Independent rerun through immutable A4D primitives
maximum_drawdown,M2_BASE|TOP6|CASH_0_ALWAYS_INVESTED|BASE,FULL_HISTORY,-0.2435534251924253,-0.2435534251924253,0.0,1e-10,PASS,Independent rerun through immutable A4D primitives
ulcer_index,M2_BASE|TOP6|CASH_0_ALWAYS_INVESTED|BASE,FULL_HISTORY,0.0902221032685505,0.09022210326855057,6.938893903907228e-17,1e-10,PASS,Independent rerun through immutable A4D primitives
calmar_mar,M2_BASE|TOP6|CASH_0_ALWAYS_INVESTED|BASE,FULL_HISTORY,0.5542874210567214,0.5542874210567214,0.0,1e-10,PASS,Independent rerun through immutable A4D primitives
annual_turnover_traded_notional,M2_BASE|TOP6|CASH_0_ALWAYS_INVESTED|BASE,FULL_HISTORY,6.245568207739613,6.245568207739613,0.0,1e-10,PASS,Independent rerun through immutable A4D primitives
net_excess_vs_equal_pool,M2_BASE|TOP6|CASH_0_ALWAYS_INVESTED|BASE,FULL_HISTORY,0.0196789143324065,0.01967891433240654,3.8163916471489756e-17,1e-10,PASS,Independent rerun through immutable A4D primitives
net_excess_vs_global,M2_BASE|TOP6|CASH_0_ALWAYS_INVESTED|BASE,FULL_HISTORY,0.0189877676461851,0.01898776764618515,4.85722573273506e-17,1e-10,PASS,Independent rerun through immutable A4D primitives
average_cash_weight,M2_BASE|TOP6|CASH_0_ALWAYS_INVESTED|BASE,FULL_HISTORY,0.0,0.0,0.0,1e-10,PASS,Independent rerun through immutable A4D primitives
worst_rolling_six_months,M2_BASE|TOP6|CASH_0_ALWAYS_INVESTED|BASE,FULL_HISTORY,-0.1662560537808101,-0.1662560537808101,0.0,1e-10,PASS,Independent rerun through immutable A4D primitives
net_cagr,M2_BASE|TOP6|CASH_0_ALWAYS_INVESTED|BASE,PRE_2020,0.0478261168581468,0.04782611685814686,6.245004513516506e-17,1e-10,PASS,Independent rerun through immutable A4D primitives
maximum_drawdown,M2_BASE|TOP6|CASH_0_ALWAYS_INVESTED|BASE,PRE_2020,-0.1335021793467758,-0.13350217934677588,-8.326672684688674e-17,1e-10,PASS,Independent rerun through immutable A4D primitives
ulcer_index,M2_BASE|TOP6|CASH_0_ALWAYS_INVESTED|BASE,PRE_2020,0.0485429829615214,0.04854298296152141,6.938893903907228e-18,1e-10,PASS,Independent rerun through immutable A4D primitives
calmar_mar,M2_BASE|TOP6|CASH_0_ALWAYS_INVESTED|BASE,PRE_2020,0.3582422181582302,0.3582422181582302,0.0,1e-10,PASS,Independent rerun through immutable A4D primitives
annual_turnover_traded_notional,M2_BASE|TOP6|CASH_0_ALWAYS_INVESTED|BASE,PRE_2020,3.898854274967543,3.8988542749675426,-4.440892098500626e-16,1e-10,PASS,Independent rerun through immutable A4D primitives
net_excess_vs_equal_pool,M2_BASE|TOP6|CASH_0_ALWAYS_INVESTED|BASE,PRE_2020,-0.0254366756466866,-0.025436675646686613,-1.3877787807814457e-17,1e-10,PASS,Independent rerun through immutable A4D primitives
net_excess_vs_global,M2_BASE|TOP6|CASH_0_ALWAYS_INVESTED|BASE,PRE_2020,-0.0329279503948547,-0.032927950394854744,-4.163336342344337e-17,1e-10,PASS,Independent rerun through immutable A4D primitives
average_cash_weight,M2_BASE|TOP6|CASH_0_ALWAYS_INVESTED|BASE,PRE_2020,0.0,0.0,0.0,1e-10,PASS,Independent rerun through immutable A4D primitives
worst_rolling_six_months,M2_BASE|TOP6|CASH_0_ALWAYS_INVESTED|BASE,PRE_2020,-0.0742879866247203,-0.07428798662472036,-5.551115123125783e-17,1e-10,PASS,Independent rerun through immutable A4D primitives
net_cagr,M2_BASE|TOP6|CASH_0_ALWAYS_INVESTED|BASE,POST_2020,0.1721699089695534,0.17216990896955342,2.7755575615628914e-17,1e-10,PASS,Independent rerun through immutable A4D primitives
maximum_drawdown,M2_BASE|TOP6|CASH_0_ALWAYS_INVESTED|BASE,POST_2020,-0.2410981603841575,-0.24109816038415754,-5.551115123125783e-17,1e-10,PASS,Independent rerun through immutable A4D primitives
ulcer_index,M2_BASE|TOP6|CASH_0_ALWAYS_INVESTED|BASE,POST_2020,0.1020822976506683,0.1020822976506683,0.0,1e-10,PASS,Independent rerun through immutable A4D primitives
calmar_mar,M2_BASE|TOP6|CASH_0_ALWAYS_INVESTED|BASE,POST_2020,0.7141071034935471,0.7141071034935471,0.0,1e-10,PASS,Independent rerun through immutable A4D primitives
annual_turnover_traded_notional,M2_BASE|TOP6|CASH_0_ALWAYS_INVESTED|BASE,POST_2020,7.2531373603746,7.2531373603746,0.0,1e-10,PASS,Independent rerun through immutable A4D primitives
net_excess_vs_equal_pool,M2_BASE|TOP6|CASH_0_ALWAYS_INVESTED|BASE,POST_2020,0.0402017823503682,0.0402017823503682,0.0,1e-10,PASS,Independent rerun through immutable A4D primitives
net_excess_vs_global,M2_BASE|TOP6|CASH_0_ALWAYS_INVESTED|BASE,POST_2020,0.0424946760280804,0.042494676028080436,3.469446951953614e-17,1e-10,PASS,Independent rerun through immutable A4D primitives
average_cash_weight,M2_BASE|TOP6|CASH_0_ALWAYS_INVESTED|BASE,POST_2020,0.0,0.0,0.0,1e-10,PASS,Independent rerun through immutable A4D primitives
worst_rolling_six_months,M2_BASE|TOP6|CASH_0_ALWAYS_INVESTED|BASE,POST_2020,-0.1662560537808101,-0.1662560537808101,0.0,1e-10,PASS,Independent rerun through immutable A4D primitives
net_cagr,M2_BASE|TOP6|CASH_0_ALWAYS_INVESTED|BASE,LATEST_5Y,0.1263896004439886,0.12638960044398861,2.7755575615628914e-17,1e-10,PASS,Independent rerun through immutable A4D primitives
maximum_drawdown,M2_BASE|TOP6|CASH_0_ALWAYS_INVESTED|BASE,LATEST_5Y,-0.2410981603841575,-0.24109816038415754,-5.551115123125783e-17,1e-10,PASS,Independent rerun through immutable A4D primitives
ulcer_index,M2_BASE|TOP6|CASH_0_ALWAYS_INVESTED|BASE,LATEST_5Y,0.1131093541163383,0.11310935411633832,2.7755575615628914e-17,1e-10,PASS,Independent rerun through immutable A4D primitives
calmar_mar,M2_BASE|TOP6|CASH_0_ALWAYS_INVESTED|BASE,LATEST_5Y,0.5242246570550507,0.5242246570550507,0.0,1e-10,PASS,Independent rerun through immutable A4D primitives
annual_turnover_traded_notional,M2_BASE|TOP6|CASH_0_ALWAYS_INVESTED|BASE,LATEST_5Y,7.48474788744765,7.48474788744765,0.0,1e-10,PASS,Independent rerun through immutable A4D primitives
net_excess_vs_equal_pool,M2_BASE|TOP6|CASH_0_ALWAYS_INVESTED|BASE,LATEST_5Y,0.0164899576594805,0.01648995765948058,7.979727989493313e-17,1e-10,PASS,Independent rerun through immutable A4D primitives
net_excess_vs_global,M2_BASE|TOP6|CASH_0_ALWAYS_INVESTED|BASE,LATEST_5Y,0.011225052231075,0.011225052231075061,6.071532165918825e-17,1e-10,PASS,Independent rerun through immutable A4D primitives
average_cash_weight,M2_BASE|TOP6|CASH_0_ALWAYS_INVESTED|BASE,LATEST_5Y,0.0,0.0,0.0,1e-10,PASS,Independent rerun through immutable A4D primitives
worst_rolling_six_months,M2_BASE|TOP6|CASH_0_ALWAYS_INVESTED|BASE,LATEST_5Y,-0.1662560537808101,-0.1662560537808101,0.0,1e-10,PASS,Independent rerun through immutable A4D primitives
net_cagr,M2_BASE|TOP6|CASH_0_ALWAYS_INVESTED|BASE,LATEST_3Y,0.2948327551531189,0.2948327551531189,0.0,1e-10,PASS,Independent rerun through immutable A4D primitives
maximum_drawdown,M2_BASE|TOP6|CASH_0_ALWAYS_INVESTED|BASE,LATEST_3Y,-0.1808197278258687,-0.18081972782586875,-5.551115123125783e-17,1e-10,PASS,Independent rerun through immutable A4D primitives
ulcer_index,M2_BASE|TOP6|CASH_0_ALWAYS_INVESTED|BASE,LATEST_3Y,0.0571631158395086,0.05716311583950867,6.938893903907228e-17,1e-10,PASS,Independent rerun through immutable A4D primitives
calmar_mar,M2_BASE|TOP6|CASH_0_ALWAYS_INVESTED|BASE,LATEST_3Y,1.6305342270896783,1.6305342270896783,0.0,1e-10,PASS,Independent rerun through immutable A4D primitives
annual_turnover_traded_notional,M2_BASE|TOP6|CASH_0_ALWAYS_INVESTED|BASE,LATEST_3Y,7.62485914050126,7.62485914050126,0.0,1e-10,PASS,Independent rerun through immutable A4D primitives
net_excess_vs_equal_pool,M2_BASE|TOP6|CASH_0_ALWAYS_INVESTED|BASE,LATEST_3Y,0.0870177088493893,0.08701770884938931,1.3877787807814457e-17,1e-10,PASS,Independent rerun through immutable A4D primitives
net_excess_vs_global,M2_BASE|TOP6|CASH_0_ALWAYS_INVESTED|BASE,LATEST_3Y,0.1080093315307437,0.10800933153074377,6.938893903907228e-17,1e-10,PASS,Independent rerun through immutable A4D primitives
average_cash_weight,M2_BASE|TOP6|CASH_0_ALWAYS_INVESTED|BASE,LATEST_3Y,0.0,0.0,0.0,1e-10,PASS,Independent rerun through immutable A4D primitives
worst_rolling_six_months,M2_BASE|TOP6|CASH_0_ALWAYS_INVESTED|BASE,LATEST_3Y,-0.0454641503617422,-0.04546415036174223,-2.7755575615628914e-17,1e-10,PASS,Independent rerun through immutable A4D primitives
net_cagr,M2_BASE|TOP6|CASH_0_ALWAYS_INVESTED|DOUBLE,FULL_HISTORY,0.1200610026901505,0.12006100269015052,1.3877787807814457e-17,1e-10,PASS,Independent rerun through immutable A4D primitives
maximum_drawdown,M2_BASE|TOP6|CASH_0_ALWAYS_INVESTED|DOUBLE,FULL_HISTORY,-0.2573424400187927,-0.2573424400187927,0.0,1e-10,PASS,Independent rerun through immutable A4D primitives
ulcer_index,M2_BASE|TOP6|CASH_0_ALWAYS_INVESTED|DOUBLE,FULL_HISTORY,0.0974762764799399,0.09747627647993991,1.3877787807814457e-17,1e-10,PASS,Independent rerun through immutable A4D primitives
calmar_mar,M2_BASE|TOP6|CASH_0_ALWAYS_INVESTED|DOUBLE,FULL_HISTORY,0.4665417903140381,0.46654179031403814,5.551115123125783e-17,1e-10,PASS,Independent rerun through immutable A4D primitives
annual_turnover_traded_notional,M2_BASE|TOP6|CASH_0_ALWAYS_INVESTED|DOUBLE,FULL_HISTORY,6.245568207739613,6.245568207739613,0.0,1e-10,PASS,Independent rerun through immutable A4D primitives
net_excess_vs_equal_pool,M2_BASE|TOP6|CASH_0_ALWAYS_INVESTED|DOUBLE,FULL_HISTORY,0.0047413170831165,0.004741317083116536,3.642919299551295e-17,1e-10,PASS,Independent rerun through immutable A4D primitives
net_excess_vs_global,M2_BASE|TOP6|CASH_0_ALWAYS_INVESTED|DOUBLE,FULL_HISTORY,0.0040501703968951,0.0040501703968951475,4.7704895589362195e-17,1e-10,PASS,Independent rerun through immutable A4D primitives
average_cash_weight,M2_BASE|TOP6|CASH_0_ALWAYS_INVESTED|DOUBLE,FULL_HISTORY,0.0,0.0,0.0,1e-10,PASS,Independent rerun through immutable A4D primitives
worst_rolling_six_months,M2_BASE|TOP6|CASH_0_ALWAYS_INVESTED|DOUBLE,FULL_HISTORY,-0.1717587219048465,-0.17175872190484653,-2.7755575615628914e-17,1e-10,PASS,Independent rerun through immutable A4D primitives
net_cagr,M2_BASE|TOP6|CASH_0_ALWAYS_INVESTED|DOUBLE,PRE_2020,0.0394149095183475,0.039414909518347585,8.326672684688674e-17,1e-10,PASS,Independent rerun through immutable A4D primitives
maximum_drawdown,M2_BASE|TOP6|CASH_0_ALWAYS_INVESTED|DOUBLE,PRE_2020,-0.1348911747951624,-0.13489117479516244,-2.7755575615628914e-17,1e-10,PASS,Independent rerun through immutable A4D primitives
ulcer_index,M2_BASE|TOP6|CASH_0_ALWAYS_INVESTED|DOUBLE,PRE_2020,0.0501299019132834,0.050129901913283405,6.938893903907228e-18,1e-10,PASS,Independent rerun through immutable A4D primitives
calmar_mar,M2_BASE|TOP6|CASH_0_ALWAYS_INVESTED|DOUBLE,PRE_2020,0.2921978370949817,0.29219783709498176,5.551115123125783e-17,1e-10,PASS,Independent rerun through immutable A4D primitives
annual_turnover_traded_notional,M2_BASE|TOP6|CASH_0_ALWAYS_INVESTED|DOUBLE,PRE_2020,3.898854274967543,3.8988542749675426,-4.440892098500626e-16,1e-10,PASS,Independent rerun through immutable A4D primitives
net_excess_vs_equal_pool,M2_BASE|TOP6|CASH_0_ALWAYS_INVESTED|DOUBLE,PRE_2020,-0.0338478829864858,-0.03384788298648589,-9.020562075079397e-17,1e-10,PASS,Independent rerun through immutable A4D primitives
net_excess_vs_global,M2_BASE|TOP6|CASH_0_ALWAYS_INVESTED|DOUBLE,PRE_2020,-0.041339157734654,-0.04133915773465402,-2.0816681711721685e-17,1e-10,PASS,Independent rerun through immutable A4D primitives
average_cash_weight,M2_BASE|TOP6|CASH_0_ALWAYS_INVESTED|DOUBLE,PRE_2020,0.0,0.0,0.0,1e-10,PASS,Independent rerun through immutable A4D primitives
worst_rolling_six_months,M2_BASE|TOP6|CASH_0_ALWAYS_INVESTED|DOUBLE,PRE_2020,-0.0757719023858998,-0.07577190238589981,-1.3877787807814457e-17,1e-10,PASS,Independent rerun through immutable A4D primitives
net_cagr,M2_BASE|TOP6|CASH_0_ALWAYS_INVESTED|DOUBLE,POST_2020,0.1544277720522175,0.15442777205221758,8.326672684688674e-17,1e-10,PASS,Independent rerun through immutable A4D primitives
maximum_drawdown,M2_BASE|TOP6|CASH_0_ALWAYS_INVESTED|DOUBLE,POST_2020,-0.2573424400187927,-0.2573424400187927,0.0,1e-10,PASS,Independent rerun through immutable A4D primitives
ulcer_index,M2_BASE|TOP6|CASH_0_ALWAYS_INVESTED|DOUBLE,POST_2020,0.1106864644862766,0.11068646448627666,5.551115123125783e-17,1e-10,PASS,Independent rerun through immutable A4D primitives
calmar_mar,M2_BASE|TOP6|CASH_0_ALWAYS_INVESTED|DOUBLE,POST_2020,0.6000866862105618,0.6000866862105618,0.0,1e-10,PASS,Independent rerun through immutable A4D primitives
annual_turnover_traded_notional,M2_BASE|TOP6|CASH_0_ALWAYS_INVESTED|DOUBLE,POST_2020,7.253137360374598,7.253137360374598,0.0,1e-10,PASS,Independent rerun through immutable A4D primitives
net_excess_vs_equal_pool,M2_BASE|TOP6|CASH_0_ALWAYS_INVESTED|DOUBLE,POST_2020,0.0224596454330323,0.02245964543303236,5.898059818321144e-17,1e-10,PASS,Independent rerun through immutable A4D primitives
net_excess_vs_global,M2_BASE|TOP6|CASH_0_ALWAYS_INVESTED|DOUBLE,POST_2020,0.0247525391107445,0.024752539110744598,9.71445146547012e-17,1e-10,PASS,Independent rerun through immutable A4D primitives
average_cash_weight,M2_BASE|TOP6|CASH_0_ALWAYS_INVESTED|DOUBLE,POST_2020,0.0,0.0,0.0,1e-10,PASS,Independent rerun through immutable A4D primitives
worst_rolling_six_months,M2_BASE|TOP6|CASH_0_ALWAYS_INVESTED|DOUBLE,POST_2020,-0.1717587219048465,-0.17175872190484653,-2.7755575615628914e-17,1e-10,PASS,Independent rerun through immutable A4D primitives
net_cagr,M2_BASE|TOP6|CASH_0_ALWAYS_INVESTED|DOUBLE,LATEST_5Y,0.1088128279311624,0.10881282793116243,2.7755575615628914e-17,1e-10,PASS,Independent rerun through immutable A4D primitives
maximum_drawdown,M2_BASE|TOP6|CASH_0_ALWAYS_INVESTED|DOUBLE,LATEST_5Y,-0.2573424400187927,-0.2573424400187927,0.0,1e-10,PASS,Independent rerun through immutable A4D primitives
ulcer_index,M2_BASE|TOP6|CASH_0_ALWAYS_INVESTED|DOUBLE,LATEST_5Y,0.1230271966871315,0.12302719668713154,4.163336342344337e-17,1e-10,PASS,Independent rerun through immutable A4D primitives
calmar_mar,M2_BASE|TOP6|CASH_0_ALWAYS_INVESTED|DOUBLE,LATEST_5Y,0.4228328134419502,0.4228328134419502,0.0,1e-10,PASS,Independent rerun through immutable A4D primitives
annual_turnover_traded_notional,M2_BASE|TOP6|CASH_0_ALWAYS_INVESTED|DOUBLE,LATEST_5Y,7.48474788744765,7.48474788744765,0.0,1e-10,PASS,Independent rerun through immutable A4D primitives
net_excess_vs_equal_pool,M2_BASE|TOP6|CASH_0_ALWAYS_INVESTED|DOUBLE,LATEST_5Y,-0.0010868148533456,-0.001086814853345608,-7.806255641895632e-18,1e-10,PASS,Independent rerun through immutable A4D primitives
net_excess_vs_global,M2_BASE|TOP6|CASH_0_ALWAYS_INVESTED|DOUBLE,LATEST_5Y,-0.0063517202817511,-0.006351720281751128,-2.7755575615628914e-17,1e-10,PASS,Independent rerun through immutable A4D primitives
average_cash_weight,M2_BASE|TOP6|CASH_0_ALWAYS_INVESTED|DOUBLE,LATEST_5Y,0.0,0.0,0.0,1e-10,PASS,Independent rerun through immutable A4D primitives
worst_rolling_six_months,M2_BASE|TOP6|CASH_0_ALWAYS_INVESTED|DOUBLE,LATEST_5Y,-0.1717587219048465,-0.17175872190484653,-2.7755575615628914e-17,1e-10,PASS,Independent rerun through immutable A4D primitives
net_cagr,M2_BASE|TOP6|CASH_0_ALWAYS_INVESTED|DOUBLE,LATEST_3Y,0.2741916197478404,0.27419161974784045,5.551115123125783e-17,1e-10,PASS,Independent rerun through immutable A4D primitives
maximum_drawdown,M2_BASE|TOP6|CASH_0_ALWAYS_INVESTED|DOUBLE,LATEST_3Y,-0.183180978290431,-0.183180978290431,0.0,1e-10,PASS,Independent rerun through immutable A4D primitives
ulcer_index,M2_BASE|TOP6|CASH_0_ALWAYS_INVESTED|DOUBLE,LATEST_3Y,0.0590754521999687,0.059075452199968764,6.245004513516506e-17,1e-10,PASS,Independent rerun through immutable A4D primitives
calmar_mar,M2_BASE|TOP6|CASH_0_ALWAYS_INVESTED|DOUBLE,LATEST_3Y,1.4968345638656504,1.4968345638656504,0.0,1e-10,PASS,Independent rerun through immutable A4D primitives
annual_turnover_traded_notional,M2_BASE|TOP6|CASH_0_ALWAYS_INVESTED|DOUBLE,LATEST_3Y,7.62485914050126,7.62485914050126,0.0,1e-10,PASS,Independent rerun through immutable A4D primitives
net_excess_vs_equal_pool,M2_BASE|TOP6|CASH_0_ALWAYS_INVESTED|DOUBLE,LATEST_3Y,0.0663765734441108,0.06637657344411085,5.551115123125783e-17,1e-10,PASS,Independent rerun through immutable A4D primitives
net_excess_vs_global,M2_BASE|TOP6|CASH_0_ALWAYS_INVESTED|DOUBLE,LATEST_3Y,0.0873681961254653,0.08736819612546531,1.3877787807814457e-17,1e-10,PASS,Independent rerun through immutable A4D primitives
average_cash_weight,M2_BASE|TOP6|CASH_0_ALWAYS_INVESTED|DOUBLE,LATEST_3Y,0.0,0.0,0.0,1e-10,PASS,Independent rerun through immutable A4D primitives
worst_rolling_six_months,M2_BASE|TOP6|CASH_0_ALWAYS_INVESTED|DOUBLE,LATEST_3Y,-0.0536984149080193,-0.0536984149080193,0.0,1e-10,PASS,Independent rerun through immutable A4D primitives
net_cagr,M2_BASE|TOP6|CASH_1_INDIVIDUAL_ABOVE_CASH_252|BASE,FULL_HISTORY,0.0961491461368126,0.09614914613681269,9.71445146547012e-17,1e-10,PASS,Independent rerun through immutable A4D primitives
maximum_drawdown,M2_BASE|TOP6|CASH_1_INDIVIDUAL_ABOVE_CASH_252|BASE,FULL_HISTORY,-0.2947526634084711,-0.29475266340847117,-5.551115123125783e-17,1e-10,PASS,Independent rerun through immutable A4D primitives
ulcer_index,M2_BASE|TOP6|CASH_1_INDIVIDUAL_ABOVE_CASH_252|BASE,FULL_HISTORY,0.0965326560951577,0.09653265609515779,9.71445146547012e-17,1e-10,PASS,Independent rerun through immutable A4D primitives
calmar_mar,M2_BASE|TOP6|CASH_1_INDIVIDUAL_ABOVE_CASH_252|BASE,FULL_HISTORY,0.3262028068719034,0.32620280687190345,5.551115123125783e-17,1e-10,PASS,Independent rerun through immutable A4D primitives
annual_turnover_traded_notional,M2_BASE|TOP6|CASH_1_INDIVIDUAL_ABOVE_CASH_252|BASE,FULL_HISTORY,5.949220798925399,5.949220798925399,0.0,1e-10,PASS,Independent rerun through immutable A4D primitives
net_excess_vs_equal_pool,M2_BASE|TOP6|CASH_1_INDIVIDUAL_ABOVE_CASH_252|BASE,FULL_HISTORY,-0.0191705394702212,-0.019170539470221293,-9.367506770274758e-17,1e-10,PASS,Independent rerun through immutable A4D primitives
net_excess_vs_global,M2_BASE|TOP6|CASH_1_INDIVIDUAL_ABOVE_CASH_252|BASE,FULL_HISTORY,-0.0198616861564426,-0.01986168615644268,-8.326672684688674e-17,1e-10,PASS,Independent rerun through immutable A4D primitives
average_cash_weight,M2_BASE|TOP6|CASH_1_INDIVIDUAL_ABOVE_CASH_252|BASE,FULL_HISTORY,0.1494402413508688,0.14944024135086886,5.551115123125783e-17,1e-10,PASS,Independent rerun through immutable A4D primitives
worst_rolling_six_months,M2_BASE|TOP6|CASH_1_INDIVIDUAL_ABOVE_CASH_252|BASE,FULL_HISTORY,-0.1571767423164199,-0.15717674231641998,-8.326672684688674e-17,1e-10,PASS,Independent rerun through immutable A4D primitives
net_cagr,M2_BASE|TOP6|CASH_1_INDIVIDUAL_ABOVE_CASH_252|BASE,PRE_2020,-0.018881329662396,-0.018881329662396085,-8.326672684688674e-17,1e-10,PASS,Independent rerun through immutable A4D primitives
maximum_drawdown,M2_BASE|TOP6|CASH_1_INDIVIDUAL_ABOVE_CASH_252|BASE,PRE_2020,-0.1605160412885035,-0.1605160412885035,0.0,1e-10,PASS,Independent rerun through immutable A4D primitives
ulcer_index,M2_BASE|TOP6|CASH_1_INDIVIDUAL_ABOVE_CASH_252|BASE,PRE_2020,0.0819172974115657,0.08191729741156578,8.326672684688674e-17,1e-10,PASS,Independent rerun through immutable A4D primitives
calmar_mar,M2_BASE|TOP6|CASH_1_INDIVIDUAL_ABOVE_CASH_252|BASE,PRE_2020,-0.1176289267467027,-0.11762892674670271,-1.3877787807814457e-17,1e-10,PASS,Independent rerun through immutable A4D primitives
annual_turnover_traded_notional,M2_BASE|TOP6|CASH_1_INDIVIDUAL_ABOVE_CASH_252|BASE,PRE_2020,4.394996067967758,4.394996067967758,0.0,1e-10,PASS,Independent rerun through immutable A4D primitives
net_excess_vs_equal_pool,M2_BASE|TOP6|CASH_1_INDIVIDUAL_ABOVE_CASH_252|BASE,PRE_2020,-0.0921441221672295,-0.09214412216722956,-5.551115123125783e-17,1e-10,PASS,Independent rerun through immutable A4D primitives
net_excess_vs_global,M2_BASE|TOP6|CASH_1_INDIVIDUAL_ABOVE_CASH_252|BASE,PRE_2020,-0.0996353969153976,-0.09963539691539769,-8.326672684688674e-17,1e-10,PASS,Independent rerun through immutable A4D primitives
average_cash_weight,M2_BASE|TOP6|CASH_1_INDIVIDUAL_ABOVE_CASH_252|BASE,PRE_2020,0.1916140875563977,0.19161408755639772,2.7755575615628914e-17,1e-10,PASS,Independent rerun through immutable A4D primitives
worst_rolling_six_months,M2_BASE|TOP6|CASH_1_INDIVIDUAL_ABOVE_CASH_252|BASE,PRE_2020,-0.116317674294028,-0.11631767429402806,-5.551115123125783e-17,1e-10,PASS,Independent rerun through immutable A4D primitives
net_cagr,M2_BASE|TOP6|CASH_1_INDIVIDUAL_ABOVE_CASH_252|BASE,POST_2020,0.1479691444317215,0.1479691444317215,0.0,1e-10,PASS,Independent rerun through immutable A4D primitives
maximum_drawdown,M2_BASE|TOP6|CASH_1_INDIVIDUAL_ABOVE_CASH_252|BASE,POST_2020,-0.2195156110891567,-0.21951561108915674,-2.7755575615628914e-17,1e-10,PASS,Independent rerun through immutable A4D primitives
ulcer_index,M2_BASE|TOP6|CASH_1_INDIVIDUAL_ABOVE_CASH_252|BASE,POST_2020,0.0944471575712457,0.09444715757124571,1.3877787807814457e-17,1e-10,PASS,Independent rerun through immutable A4D primitives
calmar_mar,M2_BASE|TOP6|CASH_1_INDIVIDUAL_ABOVE_CASH_252|BASE,POST_2020,0.6740711683217077,0.6740711683217077,0.0,1e-10,PASS,Independent rerun through immutable A4D primitives
annual_turnover_traded_notional,M2_BASE|TOP6|CASH_1_INDIVIDUAL_ABOVE_CASH_252|BASE,POST_2020,6.618028491099981,6.618028491099981,0.0,1e-10,PASS,Independent rerun through immutable A4D primitives
net_excess_vs_equal_pool,M2_BASE|TOP6|CASH_1_INDIVIDUAL_ABOVE_CASH_252|BASE,POST_2020,0.0160010178125362,0.016001017812536267,6.591949208711867e-17,1e-10,PASS,Independent rerun through immutable A4D primitives
net_excess_vs_global,M2_BASE|TOP6|CASH_1_INDIVIDUAL_ABOVE_CASH_252|BASE,POST_2020,0.0182939114902485,0.018293911490248504,3.469446951953614e-18,1e-10,PASS,Independent rerun through immutable A4D primitives
average_cash_weight,M2_BASE|TOP6|CASH_1_INDIVIDUAL_ABOVE_CASH_252|BASE,POST_2020,0.1325861417385312,0.13258614173853123,2.7755575615628914e-17,1e-10,PASS,Independent rerun through immutable A4D primitives
worst_rolling_six_months,M2_BASE|TOP6|CASH_1_INDIVIDUAL_ABOVE_CASH_252|BASE,POST_2020,-0.1319445976788955,-0.13194459767889555,-5.551115123125783e-17,1e-10,PASS,Independent rerun through immutable A4D primitives
net_cagr,M2_BASE|TOP6|CASH_1_INDIVIDUAL_ABOVE_CASH_252|BASE,LATEST_5Y,0.1191022073411838,0.11910220734118382,1.3877787807814457e-17,1e-10,PASS,Independent rerun through immutable A4D primitives
maximum_drawdown,M2_BASE|TOP6|CASH_1_INDIVIDUAL_ABOVE_CASH_252|BASE,LATEST_5Y,-0.2123393167785627,-0.21233931677856277,-8.326672684688674e-17,1e-10,PASS,Independent rerun through immutable A4D primitives
ulcer_index,M2_BASE|TOP6|CASH_1_INDIVIDUAL_ABOVE_CASH_252|BASE,LATEST_5Y,0.103907005107194,0.10390700510719401,1.3877787807814457e-17,1e-10,PASS,Independent rerun through immutable A4D primitives
calmar_mar,M2_BASE|TOP6|CASH_1_INDIVIDUAL_ABOVE_CASH_252|BASE,LATEST_5Y,0.560905107674379,0.560905107674379,0.0,1e-10,PASS,Independent rerun through immutable A4D primitives
annual_turnover_traded_notional,M2_BASE|TOP6|CASH_1_INDIVIDUAL_ABOVE_CASH_252|BASE,LATEST_5Y,6.874539576546003,6.874539576546003,0.0,1e-10,PASS,Independent rerun through immutable A4D primitives
net_excess_vs_equal_pool,M2_BASE|TOP6|CASH_1_INDIVIDUAL_ABOVE_CASH_252|BASE,LATEST_5Y,0.0092025645566757,0.009202564556675785,8.500145032286355e-17,1e-10,PASS,Independent rerun through immutable A4D primitives
net_excess_vs_global,M2_BASE|TOP6|CASH_1_INDIVIDUAL_ABOVE_CASH_252|BASE,LATEST_5Y,0.0039376591282702,0.0039376591282702655,6.591949208711867e-17,1e-10,PASS,Independent rerun through immutable A4D primitives
average_cash_weight,M2_BASE|TOP6|CASH_1_INDIVIDUAL_ABOVE_CASH_252|BASE,LATEST_5Y,0.1414323241650069,0.14143232416500692,2.7755575615628914e-17,1e-10,PASS,Independent rerun through immutable A4D primitives
worst_rolling_six_months,M2_BASE|TOP6|CASH_1_INDIVIDUAL_ABOVE_CASH_252|BASE,LATEST_5Y,-0.1319445976788955,-0.13194459767889555,-5.551115123125783e-17,1e-10,PASS,Independent rerun through immutable A4D primitives
net_cagr,M2_BASE|TOP6|CASH_1_INDIVIDUAL_ABOVE_CASH_252|BASE,LATEST_3Y,0.2619069600823085,0.2619069600823085,0.0,1e-10,PASS,Independent rerun through immutable A4D primitives
maximum_drawdown,M2_BASE|TOP6|CASH_1_INDIVIDUAL_ABOVE_CASH_252|BASE,LATEST_3Y,-0.1697357470375038,-0.16973574703750383,-2.7755575615628914e-17,1e-10,PASS,Independent rerun through immutable A4D primitives
ulcer_index,M2_BASE|TOP6|CASH_1_INDIVIDUAL_ABOVE_CASH_252|BASE,LATEST_3Y,0.0529639716481055,0.052963971648105575,7.632783294297951e-17,1e-10,PASS,Independent rerun through immutable A4D primitives
calmar_mar,M2_BASE|TOP6|CASH_1_INDIVIDUAL_ABOVE_CASH_252|BASE,LATEST_3Y,1.5430277042610183,1.5430277042610185,2.220446049250313e-16,1e-10,PASS,Independent rerun through immutable A4D primitives
annual_turnover_traded_notional,M2_BASE|TOP6|CASH_1_INDIVIDUAL_ABOVE_CASH_252|BASE,LATEST_3Y,7.194233460997597,7.194233460997597,0.0,1e-10,PASS,Independent rerun through immutable A4D primitives
net_excess_vs_equal_pool,M2_BASE|TOP6|CASH_1_INDIVIDUAL_ABOVE_CASH_252|BASE,LATEST_3Y,0.0540919137785789,0.054091913778578915,1.3877787807814457e-17,1e-10,PASS,Independent rerun through immutable A4D primitives
net_excess_vs_global,M2_BASE|TOP6|CASH_1_INDIVIDUAL_ABOVE_CASH_252|BASE,LATEST_3Y,0.0750835364599333,0.07508353645993338,6.938893903907228e-17,1e-10,PASS,Independent rerun through immutable A4D primitives
average_cash_weight,M2_BASE|TOP6|CASH_1_INDIVIDUAL_ABOVE_CASH_252|BASE,LATEST_3Y,0.0873210819382333,0.08732108193823332,1.3877787807814457e-17,1e-10,PASS,Independent rerun through immutable A4D primitives
worst_rolling_six_months,M2_BASE|TOP6|CASH_1_INDIVIDUAL_ABOVE_CASH_252|BASE,LATEST_3Y,-0.0651971954213381,-0.06519719542133817,-6.938893903907228e-17,1e-10,PASS,Independent rerun through immutable A4D primitives
net_cagr,M2_BASE|TOP6|CASH_1_INDIVIDUAL_ABOVE_CASH_252|DOUBLE,FULL_HISTORY,0.0822422990705169,0.08224229907051694,4.163336342344337e-17,1e-10,PASS,Independent rerun through immutable A4D primitives
maximum_drawdown,M2_BASE|TOP6|CASH_1_INDIVIDUAL_ABOVE_CASH_252|DOUBLE,FULL_HISTORY,-0.3127353816797386,-0.3127353816797386,0.0,1e-10,PASS,Independent rerun through immutable A4D primitives
ulcer_index,M2_BASE|TOP6|CASH_1_INDIVIDUAL_ABOVE_CASH_252|DOUBLE,FULL_HISTORY,0.1071687591450263,0.10716875914502635,5.551115123125783e-17,1e-10,PASS,Independent rerun through immutable A4D primitives
calmar_mar,M2_BASE|TOP6|CASH_1_INDIVIDUAL_ABOVE_CASH_252|DOUBLE,FULL_HISTORY,0.2629772769194962,0.2629772769194962,0.0,1e-10,PASS,Independent rerun through immutable A4D primitives
annual_turnover_traded_notional,M2_BASE|TOP6|CASH_1_INDIVIDUAL_ABOVE_CASH_252|DOUBLE,FULL_HISTORY,5.949220798925399,5.949220798925399,0.0,1e-10,PASS,Independent rerun through immutable A4D primitives
net_excess_vs_equal_pool,M2_BASE|TOP6|CASH_1_INDIVIDUAL_ABOVE_CASH_252|DOUBLE,FULL_HISTORY,-0.033077386536517,-0.03307738653651704,-4.163336342344337e-17,1e-10,PASS,Independent rerun through immutable A4D primitives
net_excess_vs_global,M2_BASE|TOP6|CASH_1_INDIVIDUAL_ABOVE_CASH_252|DOUBLE,FULL_HISTORY,-0.0337685332227384,-0.03376853322273843,-2.7755575615628914e-17,1e-10,PASS,Independent rerun through immutable A4D primitives
average_cash_weight,M2_BASE|TOP6|CASH_1_INDIVIDUAL_ABOVE_CASH_252|DOUBLE,FULL_HISTORY,0.1494402413508688,0.14944024135086886,5.551115123125783e-17,1e-10,PASS,Independent rerun through immutable A4D primitives
worst_rolling_six_months,M2_BASE|TOP6|CASH_1_INDIVIDUAL_ABOVE_CASH_252|DOUBLE,FULL_HISTORY,-0.1650287434390875,-0.16502874343908758,-8.326672684688674e-17,1e-10,PASS,Independent rerun through immutable A4D primitives
net_cagr,M2_BASE|TOP6|CASH_1_INDIVIDUAL_ABOVE_CASH_252|DOUBLE,PRE_2020,-0.0277496446146529,-0.027749644614652902,-3.469446951953614e-18,1e-10,PASS,Independent rerun through immutable A4D primitives
maximum_drawdown,M2_BASE|TOP6|CASH_1_INDIVIDUAL_ABOVE_CASH_252|DOUBLE,PRE_2020,-0.1704695062314103,-0.17046950623141033,-2.7755575615628914e-17,1e-10,PASS,Independent rerun through immutable A4D primitives
ulcer_index,M2_BASE|TOP6|CASH_1_INDIVIDUAL_ABOVE_CASH_252|DOUBLE,PRE_2020,0.088991193502719,0.08899119350271904,4.163336342344337e-17,1e-10,PASS,Independent rerun through immutable A4D primitives
calmar_mar,M2_BASE|TOP6|CASH_1_INDIVIDUAL_ABOVE_CASH_252|DOUBLE,PRE_2020,-0.1627836275713915,-0.1627836275713915,0.0,1e-10,PASS,Independent rerun through immutable A4D primitives
annual_turnover_traded_notional,M2_BASE|TOP6|CASH_1_INDIVIDUAL_ABOVE_CASH_252|DOUBLE,PRE_2020,4.394996067967758,4.394996067967758,0.0,1e-10,PASS,Independent rerun through immutable A4D primitives
net_excess_vs_equal_pool,M2_BASE|TOP6|CASH_1_INDIVIDUAL_ABOVE_CASH_252|DOUBLE,PRE_2020,-0.1010124371194863,-0.10101243711948638,-6.938893903907228e-17,1e-10,PASS,Independent rerun through immutable A4D primitives
net_excess_vs_global,M2_BASE|TOP6|CASH_1_INDIVIDUAL_ABOVE_CASH_252|DOUBLE,PRE_2020,-0.1085037118676545,-0.1085037118676545,0.0,1e-10,PASS,Independent rerun through immutable A4D primitives
average_cash_weight,M2_BASE|TOP6|CASH_1_INDIVIDUAL_ABOVE_CASH_252|DOUBLE,PRE_2020,0.1916140875563977,0.19161408755639772,2.7755575615628914e-17,1e-10,PASS,Independent rerun through immutable A4D primitives
worst_rolling_six_months,M2_BASE|TOP6|CASH_1_INDIVIDUAL_ABOVE_CASH_252|DOUBLE,PRE_2020,-0.1204005731746769,-0.1204005731746769,0.0,1e-10,PASS,Independent rerun through immutable A4D primitives
net_cagr,M2_BASE|TOP6|CASH_1_INDIVIDUAL_ABOVE_CASH_252|DOUBLE,POST_2020,0.1319236905748773,0.1319236905748773,0.0,1e-10,PASS,Independent rerun through immutable A4D primitives
maximum_drawdown,M2_BASE|TOP6|CASH_1_INDIVIDUAL_ABOVE_CASH_252|DOUBLE,POST_2020,-0.2254342650887135,-0.22543426508871356,-5.551115123125783e-17,1e-10,PASS,Independent rerun through immutable A4D primitives
ulcer_index,M2_BASE|TOP6|CASH_1_INDIVIDUAL_ABOVE_CASH_252|DOUBLE,POST_2020,0.1042055234595487,0.10420552345954875,5.551115123125783e-17,1e-10,PASS,Independent rerun through immutable A4D primitives
calmar_mar,M2_BASE|TOP6|CASH_1_INDIVIDUAL_ABOVE_CASH_252|DOUBLE,POST_2020,0.5851980422007378,0.5851980422007378,0.0,1e-10,PASS,Independent rerun through immutable A4D primitives
annual_turnover_traded_notional,M2_BASE|TOP6|CASH_1_INDIVIDUAL_ABOVE_CASH_252|DOUBLE,POST_2020,6.618028491099981,6.618028491099981,0.0,1e-10,PASS,Independent rerun through immutable A4D primitives
net_excess_vs_equal_pool,M2_BASE|TOP6|CASH_1_INDIVIDUAL_ABOVE_CASH_252|DOUBLE,POST_2020,-4.443604430792725e-05,-4.443604430792725e-05,0.0,1e-10,PASS,Independent rerun through immutable A4D primitives
net_excess_vs_global,M2_BASE|TOP6|CASH_1_INDIVIDUAL_ABOVE_CASH_252|DOUBLE,POST_2020,0.0022484576334043,0.0022484576334043105,1.0408340855860843e-17,1e-10,PASS,Independent rerun through immutable A4D primitives
average_cash_weight,M2_BASE|TOP6|CASH_1_INDIVIDUAL_ABOVE_CASH_252|DOUBLE,POST_2020,0.1325861417385312,0.13258614173853123,2.7755575615628914e-17,1e-10,PASS,Independent rerun through immutable A4D primitives
worst_rolling_six_months,M2_BASE|TOP6|CASH_1_INDIVIDUAL_ABOVE_CASH_252|DOUBLE,POST_2020,-0.1392643058947026,-0.13926430589470262,-2.7755575615628914e-17,1e-10,PASS,Independent rerun through immutable A4D primitives
net_cagr,M2_BASE|TOP6|CASH_1_INDIVIDUAL_ABOVE_CASH_252|DOUBLE,LATEST_5Y,0.1028086137231716,0.10280861372317163,2.7755575615628914e-17,1e-10,PASS,Independent rerun through immutable A4D primitives
maximum_drawdown,M2_BASE|TOP6|CASH_1_INDIVIDUAL_ABOVE_CASH_252|DOUBLE,LATEST_5Y,-0.2254342650887135,-0.22543426508871356,-5.551115123125783e-17,1e-10,PASS,Independent rerun through immutable A4D primitives
ulcer_index,M2_BASE|TOP6|CASH_1_INDIVIDUAL_ABOVE_CASH_252|DOUBLE,LATEST_5Y,0.1152177798531115,0.11521777985311159,8.326672684688674e-17,1e-10,PASS,Independent rerun through immutable A4D primitives
calmar_mar,M2_BASE|TOP6|CASH_1_INDIVIDUAL_ABOVE_CASH_252|DOUBLE,LATEST_5Y,0.4560469708662704,0.4560469708662704,0.0,1e-10,PASS,Independent rerun through immutable A4D primitives
annual_turnover_traded_notional,M2_BASE|TOP6|CASH_1_INDIVIDUAL_ABOVE_CASH_252|DOUBLE,LATEST_5Y,6.874539576546004,6.874539576546004,0.0,1e-10,PASS,Independent rerun through immutable A4D primitives
net_excess_vs_equal_pool,M2_BASE|TOP6|CASH_1_INDIVIDUAL_ABOVE_CASH_252|DOUBLE,LATEST_5Y,-0.0070910290613364,-0.007091029061336407,-6.938893903907228e-18,1e-10,PASS,Independent rerun through immutable A4D primitives
net_excess_vs_global,M2_BASE|TOP6|CASH_1_INDIVIDUAL_ABOVE_CASH_252|DOUBLE,LATEST_5Y,-0.0123559344897419,-0.012355934489741927,-2.6020852139652106e-17,1e-10,PASS,Independent rerun through immutable A4D primitives
average_cash_weight,M2_BASE|TOP6|CASH_1_INDIVIDUAL_ABOVE_CASH_252|DOUBLE,LATEST_5Y,0.1414323241650069,0.14143232416500692,2.7755575615628914e-17,1e-10,PASS,Independent rerun through immutable A4D primitives
worst_rolling_six_months,M2_BASE|TOP6|CASH_1_INDIVIDUAL_ABOVE_CASH_252|DOUBLE,LATEST_5Y,-0.1392643058947026,-0.13926430589470262,-2.7755575615628914e-17,1e-10,PASS,Independent rerun through immutable A4D primitives
net_cagr,M2_BASE|TOP6|CASH_1_INDIVIDUAL_ABOVE_CASH_252|DOUBLE,LATEST_3Y,0.2425584435419658,0.24255844354196587,8.326672684688674e-17,1e-10,PASS,Independent rerun through immutable A4D primitives
maximum_drawdown,M2_BASE|TOP6|CASH_1_INDIVIDUAL_ABOVE_CASH_252|DOUBLE,LATEST_3Y,-0.1704129052747418,-0.17041290527474184,-5.551115123125783e-17,1e-10,PASS,Independent rerun through immutable A4D primitives
ulcer_index,M2_BASE|TOP6|CASH_1_INDIVIDUAL_ABOVE_CASH_252|DOUBLE,LATEST_3Y,0.0549822300270964,0.054982230027096464,6.245004513516506e-17,1e-10,PASS,Independent rerun through immutable A4D primitives
calmar_mar,M2_BASE|TOP6|CASH_1_INDIVIDUAL_ABOVE_CASH_252|DOUBLE,LATEST_3Y,1.4233572460425463,1.4233572460425463,0.0,1e-10,PASS,Independent rerun through immutable A4D primitives
annual_turnover_traded_notional,M2_BASE|TOP6|CASH_1_INDIVIDUAL_ABOVE_CASH_252|DOUBLE,LATEST_3Y,7.194233460997595,7.194233460997595,0.0,1e-10,PASS,Independent rerun through immutable A4D primitives
net_excess_vs_equal_pool,M2_BASE|TOP6|CASH_1_INDIVIDUAL_ABOVE_CASH_252|DOUBLE,LATEST_3Y,0.0347433972382362,0.03474339723823627,7.632783294297951e-17,1e-10,PASS,Independent rerun through immutable A4D primitives
net_excess_vs_global,M2_BASE|TOP6|CASH_1_INDIVIDUAL_ABOVE_CASH_252|DOUBLE,LATEST_3Y,0.0557350199195907,0.055735019919590734,3.469446951953614e-17,1e-10,PASS,Independent rerun through immutable A4D primitives
average_cash_weight,M2_BASE|TOP6|CASH_1_INDIVIDUAL_ABOVE_CASH_252|DOUBLE,LATEST_3Y,0.0873210819382333,0.0873210819382333,0.0,1e-10,PASS,Independent rerun through immutable A4D primitives
worst_rolling_six_months,M2_BASE|TOP6|CASH_1_INDIVIDUAL_ABOVE_CASH_252|DOUBLE,LATEST_3Y,-0.0736427927164801,-0.07364279271648011,-1.3877787807814457e-17,1e-10,PASS,Independent rerun through immutable A4D primitives
net_cagr,M2_BASE|TOP7|CASH_0_ALWAYS_INVESTED|BASE,FULL_HISTORY,0.1313762609148887,0.13137626091488874,5.551115123125783e-17,1e-10,PASS,Independent rerun through immutable A4D primitives
maximum_drawdown,M2_BASE|TOP7|CASH_0_ALWAYS_INVESTED|BASE,FULL_HISTORY,-0.2353083356537516,-0.23530833565375164,-5.551115123125783e-17,1e-10,PASS,Independent rerun through immutable A4D primitives
ulcer_index,M2_BASE|TOP7|CASH_0_ALWAYS_INVESTED|BASE,FULL_HISTORY,0.0819804013157859,0.08198040131578595,4.163336342344337e-17,1e-10,PASS,Independent rerun through immutable A4D primitives
calmar_mar,M2_BASE|TOP7|CASH_0_ALWAYS_INVESTED|BASE,FULL_HISTORY,0.5583153718285804,0.5583153718285804,0.0,1e-10,PASS,Independent rerun through immutable A4D primitives
annual_turnover_traded_notional,M2_BASE|TOP7|CASH_0_ALWAYS_INVESTED|BASE,FULL_HISTORY,5.523060844665003,5.523060844665003,0.0,1e-10,PASS,Independent rerun through immutable A4D primitives
net_excess_vs_equal_pool,M2_BASE|TOP7|CASH_0_ALWAYS_INVESTED|BASE,FULL_HISTORY,0.0160565753078547,0.01605657530785476,5.898059818321144e-17,1e-10,PASS,Independent rerun through immutable A4D primitives
net_excess_vs_global,M2_BASE|TOP7|CASH_0_ALWAYS_INVESTED|BASE,FULL_HISTORY,0.0153654286216333,0.01536542862163337,6.938893903907228e-17,1e-10,PASS,Independent rerun through immutable A4D primitives
average_cash_weight,M2_BASE|TOP7|CASH_0_ALWAYS_INVESTED|BASE,FULL_HISTORY,0.0,0.0,0.0,1e-10,PASS,Independent rerun through immutable A4D primitives
worst_rolling_six_months,M2_BASE|TOP7|CASH_0_ALWAYS_INVESTED|BASE,FULL_HISTORY,-0.1668803818125502,-0.16688038181255027,-8.326672684688674e-17,1e-10,PASS,Independent rerun through immutable A4D primitives
net_cagr,M2_BASE|TOP7|CASH_0_ALWAYS_INVESTED|BASE,PRE_2020,0.0375748744030188,0.037574874403018876,7.632783294297951e-17,1e-10,PASS,Independent rerun through immutable A4D primitives
maximum_drawdown,M2_BASE|TOP7|CASH_0_ALWAYS_INVESTED|BASE,PRE_2020,-0.1390776808710639,-0.13907768087106398,-8.326672684688674e-17,1e-10,PASS,Independent rerun through immutable A4D primitives
ulcer_index,M2_BASE|TOP7|CASH_0_ALWAYS_INVESTED|BASE,PRE_2020,0.0471362285370055,0.04713622853700552,2.0816681711721685e-17,1e-10,PASS,Independent rerun through immutable A4D primitives
calmar_mar,M2_BASE|TOP7|CASH_0_ALWAYS_INVESTED|BASE,PRE_2020,0.2701718504916239,0.2701718504916239,0.0,1e-10,PASS,Independent rerun through immutable A4D primitives
annual_turnover_traded_notional,M2_BASE|TOP7|CASH_0_ALWAYS_INVESTED|BASE,PRE_2020,3.3897873969622623,3.3897873969622623,0.0,1e-10,PASS,Independent rerun through immutable A4D primitives
net_excess_vs_equal_pool,M2_BASE|TOP7|CASH_0_ALWAYS_INVESTED|BASE,PRE_2020,-0.0356879181018146,-0.0356879181018146,0.0,1e-10,PASS,Independent rerun through immutable A4D primitives
net_excess_vs_global,M2_BASE|TOP7|CASH_0_ALWAYS_INVESTED|BASE,PRE_2020,-0.0431791928499827,-0.04317919284998273,-2.7755575615628914e-17,1e-10,PASS,Independent rerun through immutable A4D primitives
average_cash_weight,M2_BASE|TOP7|CASH_0_ALWAYS_INVESTED|BASE,PRE_2020,0.0,0.0,0.0,1e-10,PASS,Independent rerun through immutable A4D primitives
worst_rolling_six_months,M2_BASE|TOP7|CASH_0_ALWAYS_INVESTED|BASE,PRE_2020,-0.0894312899837272,-0.08943128998372729,-9.71445146547012e-17,1e-10,PASS,Independent rerun through immutable A4D primitives
net_cagr,M2_BASE|TOP7|CASH_0_ALWAYS_INVESTED|BASE,POST_2020,0.1725326066381125,0.17253260663811254,2.7755575615628914e-17,1e-10,PASS,Independent rerun through immutable A4D primitives
maximum_drawdown,M2_BASE|TOP7|CASH_0_ALWAYS_INVESTED|BASE,POST_2020,-0.2353083356537516,-0.23530833565375164,-5.551115123125783e-17,1e-10,PASS,Independent rerun through immutable A4D primitives
ulcer_index,M2_BASE|TOP7|CASH_0_ALWAYS_INVESTED|BASE,POST_2020,0.0919561457579704,0.09195614575797048,8.326672684688674e-17,1e-10,PASS,Independent rerun through immutable A4D primitives
calmar_mar,M2_BASE|TOP7|CASH_0_ALWAYS_INVESTED|BASE,POST_2020,0.7332192723167636,0.7332192723167636,0.0,1e-10,PASS,Independent rerun through immutable A4D primitives
annual_turnover_traded_notional,M2_BASE|TOP7|CASH_0_ALWAYS_INVESTED|BASE,POST_2020,6.441519639424016,6.441519639424016,0.0,1e-10,PASS,Independent rerun through immutable A4D primitives
net_excess_vs_equal_pool,M2_BASE|TOP7|CASH_0_ALWAYS_INVESTED|BASE,POST_2020,0.0405644800189273,0.04056448001892732,2.0816681711721685e-17,1e-10,PASS,Independent rerun through immutable A4D primitives
net_excess_vs_global,M2_BASE|TOP7|CASH_0_ALWAYS_INVESTED|BASE,POST_2020,0.0428573736966395,0.042857373696639556,5.551115123125783e-17,1e-10,PASS,Independent rerun through immutable A4D primitives
average_cash_weight,M2_BASE|TOP7|CASH_0_ALWAYS_INVESTED|BASE,POST_2020,0.0,0.0,0.0,1e-10,PASS,Independent rerun through immutable A4D primitives
worst_rolling_six_months,M2_BASE|TOP7|CASH_0_ALWAYS_INVESTED|BASE,POST_2020,-0.1668803818125502,-0.16688038181255027,-8.326672684688674e-17,1e-10,PASS,Independent rerun through immutable A4D primitives
net_cagr,M2_BASE|TOP7|CASH_0_ALWAYS_INVESTED|BASE,LATEST_5Y,0.1362016350300385,0.13620163503003857,8.326672684688674e-17,1e-10,PASS,Independent rerun through immutable A4D primitives
maximum_drawdown,M2_BASE|TOP7|CASH_0_ALWAYS_INVESTED|BASE,LATEST_5Y,-0.223355533649714,-0.22335553364971406,-5.551115123125783e-17,1e-10,PASS,Independent rerun through immutable A4D primitives
ulcer_index,M2_BASE|TOP7|CASH_0_ALWAYS_INVESTED|BASE,LATEST_5Y,0.1013085008643458,0.10130850086434587,6.938893903907228e-17,1e-10,PASS,Independent rerun through immutable A4D primitives
calmar_mar,M2_BASE|TOP7|CASH_0_ALWAYS_INVESTED|BASE,LATEST_5Y,0.6097974507479275,0.6097974507479275,0.0,1e-10,PASS,Independent rerun through immutable A4D primitives
annual_turnover_traded_notional,M2_BASE|TOP7|CASH_0_ALWAYS_INVESTED|BASE,LATEST_5Y,6.925927114696822,6.925927114696822,0.0,1e-10,PASS,Independent rerun through immutable A4D primitives
net_excess_vs_equal_pool,M2_BASE|TOP7|CASH_0_ALWAYS_INVESTED|BASE,LATEST_5Y,0.0263019922455305,0.026301992245530537,3.8163916471489756e-17,1e-10,PASS,Independent rerun through immutable A4D primitives
net_excess_vs_global,M2_BASE|TOP7|CASH_0_ALWAYS_INVESTED|BASE,LATEST_5Y,0.021037086817125,0.021037086817125017,1.734723475976807e-17,1e-10,PASS,Independent rerun through immutable A4D primitives
average_cash_weight,M2_BASE|TOP7|CASH_0_ALWAYS_INVESTED|BASE,LATEST_5Y,0.0,0.0,0.0,1e-10,PASS,Independent rerun through immutable A4D primitives
worst_rolling_six_months,M2_BASE|TOP7|CASH_0_ALWAYS_INVESTED|BASE,LATEST_5Y,-0.1668803818125502,-0.16688038181255027,-8.326672684688674e-17,1e-10,PASS,Independent rerun through immutable A4D primitives
net_cagr,M2_BASE|TOP7|CASH_0_ALWAYS_INVESTED|BASE,LATEST_3Y,0.2951189726727514,0.29511897267275145,5.551115123125783e-17,1e-10,PASS,Independent rerun through immutable A4D primitives
maximum_drawdown,M2_BASE|TOP7|CASH_0_ALWAYS_INVESTED|BASE,LATEST_3Y,-0.1671889313361411,-0.1671889313361411,0.0,1e-10,PASS,Independent rerun through immutable A4D primitives
ulcer_index,M2_BASE|TOP7|CASH_0_ALWAYS_INVESTED|BASE,LATEST_3Y,0.0495545125485439,0.0495545125485439,0.0,1e-10,PASS,Independent rerun through immutable A4D primitives
calmar_mar,M2_BASE|TOP7|CASH_0_ALWAYS_INVESTED|BASE,LATEST_3Y,1.7651824813653547,1.7651824813653547,0.0,1e-10,PASS,Independent rerun through immutable A4D primitives
annual_turnover_traded_notional,M2_BASE|TOP7|CASH_0_ALWAYS_INVESTED|BASE,LATEST_3Y,7.463225962565238,7.463225962565238,0.0,1e-10,PASS,Independent rerun through immutable A4D primitives
net_excess_vs_equal_pool,M2_BASE|TOP7|CASH_0_ALWAYS_INVESTED|BASE,LATEST_3Y,0.0873039263690218,0.08730392636902184,4.163336342344337e-17,1e-10,PASS,Independent rerun through immutable A4D primitives
net_excess_vs_global,M2_BASE|TOP7|CASH_0_ALWAYS_INVESTED|BASE,LATEST_3Y,0.1082955490503763,0.1082955490503763,0.0,1e-10,PASS,Independent rerun through immutable A4D primitives
average_cash_weight,M2_BASE|TOP7|CASH_0_ALWAYS_INVESTED|BASE,LATEST_3Y,0.0,0.0,0.0,1e-10,PASS,Independent rerun through immutable A4D primitives
worst_rolling_six_months,M2_BASE|TOP7|CASH_0_ALWAYS_INVESTED|BASE,LATEST_3Y,-0.0453098349278839,-0.045309834927883985,-8.326672684688674e-17,1e-10,PASS,Independent rerun through immutable A4D primitives
net_cagr,M2_BASE|TOP7|CASH_0_ALWAYS_INVESTED|DOUBLE,FULL_HISTORY,0.1179867844399016,0.11798678443990163,2.7755575615628914e-17,1e-10,PASS,Independent rerun through immutable A4D primitives
maximum_drawdown,M2_BASE|TOP7|CASH_0_ALWAYS_INVESTED|DOUBLE,FULL_HISTORY,-0.2373178886517247,-0.23731788865172476,-5.551115123125783e-17,1e-10,PASS,Independent rerun through immutable A4D primitives
ulcer_index,M2_BASE|TOP7|CASH_0_ALWAYS_INVESTED|DOUBLE,FULL_HISTORY,0.0882464849093182,0.08824648490931822,1.3877787807814457e-17,1e-10,PASS,Independent rerun through immutable A4D primitives
calmar_mar,M2_BASE|TOP7|CASH_0_ALWAYS_INVESTED|DOUBLE,FULL_HISTORY,0.4971676813333394,0.49716768133333944,5.551115123125783e-17,1e-10,PASS,Independent rerun through immutable A4D primitives
annual_turnover_traded_notional,M2_BASE|TOP7|CASH_0_ALWAYS_INVESTED|DOUBLE,FULL_HISTORY,5.523060844665003,5.523060844665003,0.0,1e-10,PASS,Independent rerun through immutable A4D primitives
net_excess_vs_equal_pool,M2_BASE|TOP7|CASH_0_ALWAYS_INVESTED|DOUBLE,FULL_HISTORY,0.0026670988328676,0.0026670988328676426,4.2500725161431774e-17,1e-10,PASS,Independent rerun through immutable A4D primitives
net_excess_vs_global,M2_BASE|TOP7|CASH_0_ALWAYS_INVESTED|DOUBLE,FULL_HISTORY,0.0019759521466462,0.0019759521466462537,5.377642775528102e-17,1e-10,PASS,Independent rerun through immutable A4D primitives
average_cash_weight,M2_BASE|TOP7|CASH_0_ALWAYS_INVESTED|DOUBLE,FULL_HISTORY,0.0,0.0,0.0,1e-10,PASS,Independent rerun through immutable A4D primitives
worst_rolling_six_months,M2_BASE|TOP7|CASH_0_ALWAYS_INVESTED|DOUBLE,FULL_HISTORY,-0.172236637762676,-0.17223663776267606,-5.551115123125783e-17,1e-10,PASS,Independent rerun through immutable A4D primitives
net_cagr,M2_BASE|TOP7|CASH_0_ALWAYS_INVESTED|DOUBLE,PRE_2020,0.0302472632751666,0.03024726327516669,9.020562075079397e-17,1e-10,PASS,Independent rerun through immutable A4D primitives
maximum_drawdown,M2_BASE|TOP7|CASH_0_ALWAYS_INVESTED|DOUBLE,PRE_2020,-0.1403310570282674,-0.14033105702826743,-2.7755575615628914e-17,1e-10,PASS,Independent rerun through immutable A4D primitives
ulcer_index,M2_BASE|TOP7|CASH_0_ALWAYS_INVESTED|DOUBLE,PRE_2020,0.0484532170435344,0.04845321704353442,2.0816681711721685e-17,1e-10,PASS,Independent rerun through immutable A4D primitives
calmar_mar,M2_BASE|TOP7|CASH_0_ALWAYS_INVESTED|DOUBLE,PRE_2020,0.2155421894176559,0.2155421894176559,0.0,1e-10,PASS,Independent rerun through immutable A4D primitives
annual_turnover_traded_notional,M2_BASE|TOP7|CASH_0_ALWAYS_INVESTED|DOUBLE,PRE_2020,3.3897873969622623,3.3897873969622623,0.0,1e-10,PASS,Independent rerun through immutable A4D primitives
net_excess_vs_equal_pool,M2_BASE|TOP7|CASH_0_ALWAYS_INVESTED|DOUBLE,PRE_2020,-0.0430155292296667,-0.04301552922966678,-8.326672684688674e-17,1e-10,PASS,Independent rerun through immutable A4D primitives
net_excess_vs_global,M2_BASE|TOP7|CASH_0_ALWAYS_INVESTED|DOUBLE,PRE_2020,-0.0505068039778349,-0.05050680397783491,-1.3877787807814457e-17,1e-10,PASS,Independent rerun through immutable A4D primitives
average_cash_weight,M2_BASE|TOP7|CASH_0_ALWAYS_INVESTED|DOUBLE,PRE_2020,0.0,0.0,0.0,1e-10,PASS,Independent rerun through immutable A4D primitives
worst_rolling_six_months,M2_BASE|TOP7|CASH_0_ALWAYS_INVESTED|DOUBLE,PRE_2020,-0.0914160676988798,-0.09141606769887989,-8.326672684688674e-17,1e-10,PASS,Independent rerun through immutable A4D primitives
net_cagr,M2_BASE|TOP7|CASH_0_ALWAYS_INVESTED|DOUBLE,POST_2020,0.1564832881983604,0.15648328819836044,2.7755575615628914e-17,1e-10,PASS,Independent rerun through immutable A4D primitives
maximum_drawdown,M2_BASE|TOP7|CASH_0_ALWAYS_INVESTED|DOUBLE,POST_2020,-0.2373178886517247,-0.23731788865172476,-5.551115123125783e-17,1e-10,PASS,Independent rerun through immutable A4D primitives
ulcer_index,M2_BASE|TOP7|CASH_0_ALWAYS_INVESTED|DOUBLE,POST_2020,0.0994254598135894,0.09942545981358941,1.3877787807814457e-17,1e-10,PASS,Independent rerun through immutable A4D primitives
calmar_mar,M2_BASE|TOP7|CASH_0_ALWAYS_INVESTED|DOUBLE,POST_2020,0.65938260738535,0.65938260738535,0.0,1e-10,PASS,Independent rerun through immutable A4D primitives
annual_turnover_traded_notional,M2_BASE|TOP7|CASH_0_ALWAYS_INVESTED|DOUBLE,POST_2020,6.441519639424016,6.4415196394240155,-8.881784197001252e-16,1e-10,PASS,Independent rerun through immutable A4D primitives
net_excess_vs_equal_pool,M2_BASE|TOP7|CASH_0_ALWAYS_INVESTED|DOUBLE,POST_2020,0.0245151615791752,0.024515161579175215,1.3877787807814457e-17,1e-10,PASS,Independent rerun through immutable A4D primitives
net_excess_vs_global,M2_BASE|TOP7|CASH_0_ALWAYS_INVESTED|DOUBLE,POST_2020,0.0268080552568874,0.026808055256887453,5.204170427930421e-17,1e-10,PASS,Independent rerun through immutable A4D primitives
average_cash_weight,M2_BASE|TOP7|CASH_0_ALWAYS_INVESTED|DOUBLE,POST_2020,0.0,0.0,0.0,1e-10,PASS,Independent rerun through immutable A4D primitives
worst_rolling_six_months,M2_BASE|TOP7|CASH_0_ALWAYS_INVESTED|DOUBLE,POST_2020,-0.172236637762676,-0.17223663776267606,-5.551115123125783e-17,1e-10,PASS,Independent rerun through immutable A4D primitives
net_cagr,M2_BASE|TOP7|CASH_0_ALWAYS_INVESTED|DOUBLE,LATEST_5Y,0.1195196445527546,0.11951964455275466,5.551115123125783e-17,1e-10,PASS,Independent rerun through immutable A4D primitives
maximum_drawdown,M2_BASE|TOP7|CASH_0_ALWAYS_INVESTED|DOUBLE,LATEST_5Y,-0.2319074746615183,-0.2319074746615183,0.0,1e-10,PASS,Independent rerun through immutable A4D primitives
ulcer_index,M2_BASE|TOP7|CASH_0_ALWAYS_INVESTED|DOUBLE,LATEST_5Y,0.1099851584764754,0.10998515847647546,5.551115123125783e-17,1e-10,PASS,Independent rerun through immutable A4D primitives
calmar_mar,M2_BASE|TOP7|CASH_0_ALWAYS_INVESTED|DOUBLE,LATEST_5Y,0.515376422114898,0.515376422114898,0.0,1e-10,PASS,Independent rerun through immutable A4D primitives
annual_turnover_traded_notional,M2_BASE|TOP7|CASH_0_ALWAYS_INVESTED|DOUBLE,LATEST_5Y,6.925927114696822,6.925927114696822,0.0,1e-10,PASS,Independent rerun through immutable A4D primitives
net_excess_vs_equal_pool,M2_BASE|TOP7|CASH_0_ALWAYS_INVESTED|DOUBLE,LATEST_5Y,0.0096200017682466,0.009620001768246622,2.2551405187698492e-17,1e-10,PASS,Independent rerun through immutable A4D primitives
net_excess_vs_global,M2_BASE|TOP7|CASH_0_ALWAYS_INVESTED|DOUBLE,LATEST_5Y,0.0043550963398411,0.0043550963398411024,2.6020852139652106e-18,1e-10,PASS,Independent rerun through immutable A4D primitives
average_cash_weight,M2_BASE|TOP7|CASH_0_ALWAYS_INVESTED|DOUBLE,LATEST_5Y,0.0,0.0,0.0,1e-10,PASS,Independent rerun through immutable A4D primitives
worst_rolling_six_months,M2_BASE|TOP7|CASH_0_ALWAYS_INVESTED|DOUBLE,LATEST_5Y,-0.172236637762676,-0.17223663776267606,-5.551115123125783e-17,1e-10,PASS,Independent rerun through immutable A4D primitives
net_cagr,M2_BASE|TOP7|CASH_0_ALWAYS_INVESTED|DOUBLE,LATEST_3Y,0.2746325996816605,0.27463259968166054,5.551115123125783e-17,1e-10,PASS,Independent rerun through immutable A4D primitives
maximum_drawdown,M2_BASE|TOP7|CASH_0_ALWAYS_INVESTED|DOUBLE,LATEST_3Y,-0.1688471640709521,-0.16884716407095213,-2.7755575615628914e-17,1e-10,PASS,Independent rerun through immutable A4D primitives
ulcer_index,M2_BASE|TOP7|CASH_0_ALWAYS_INVESTED|DOUBLE,LATEST_3Y,0.0512097285099205,0.05120972850992052,2.0816681711721685e-17,1e-10,PASS,Independent rerun through immutable A4D primitives
calmar_mar,M2_BASE|TOP7|CASH_0_ALWAYS_INVESTED|DOUBLE,LATEST_3Y,1.626515915696729,1.626515915696729,0.0,1e-10,PASS,Independent rerun through immutable A4D primitives
annual_turnover_traded_notional,M2_BASE|TOP7|CASH_0_ALWAYS_INVESTED|DOUBLE,LATEST_3Y,7.463225962565238,7.463225962565238,0.0,1e-10,PASS,Independent rerun through immutable A4D primitives
net_excess_vs_equal_pool,M2_BASE|TOP7|CASH_0_ALWAYS_INVESTED|DOUBLE,LATEST_3Y,0.0668175533779309,0.06681755337793094,4.163336342344337e-17,1e-10,PASS,Independent rerun through immutable A4D primitives
net_excess_vs_global,M2_BASE|TOP7|CASH_0_ALWAYS_INVESTED|DOUBLE,LATEST_3Y,0.0878091760592854,0.0878091760592854,0.0,1e-10,PASS,Independent rerun through immutable A4D primitives
average_cash_weight,M2_BASE|TOP7|CASH_0_ALWAYS_INVESTED|DOUBLE,LATEST_3Y,0.0,0.0,0.0,1e-10,PASS,Independent rerun through immutable A4D primitives
worst_rolling_six_months,M2_BASE|TOP7|CASH_0_ALWAYS_INVESTED|DOUBLE,LATEST_3Y,-0.0530828516041049,-0.053082851604104975,-7.632783294297951e-17,1e-10,PASS,Independent rerun through immutable A4D primitives
net_cagr,M2_BASE|TOP7|CASH_1_INDIVIDUAL_ABOVE_CASH_252|BASE,FULL_HISTORY,0.0952902624030966,0.09529026240309668,8.326672684688674e-17,1e-10,PASS,Independent rerun through immutable A4D primitives
maximum_drawdown,M2_BASE|TOP7|CASH_1_INDIVIDUAL_ABOVE_CASH_252|BASE,FULL_HISTORY,-0.2715740690405678,-0.2715740690405678,0.0,1e-10,PASS,Independent rerun through immutable A4D primitives
ulcer_index,M2_BASE|TOP7|CASH_1_INDIVIDUAL_ABOVE_CASH_252|BASE,FULL_HISTORY,0.083155153850993,0.08315515385099306,6.938893903907228e-17,1e-10,PASS,Independent rerun through immutable A4D primitives
calmar_mar,M2_BASE|TOP7|CASH_1_INDIVIDUAL_ABOVE_CASH_252|BASE,FULL_HISTORY,0.3508813000436437,0.3508813000436437,0.0,1e-10,PASS,Independent rerun through immutable A4D primitives
annual_turnover_traded_notional,M2_BASE|TOP7|CASH_1_INDIVIDUAL_ABOVE_CASH_252|BASE,FULL_HISTORY,5.292015018199973,5.292015018199973,0.0,1e-10,PASS,Independent rerun through immutable A4D primitives
net_excess_vs_equal_pool,M2_BASE|TOP7|CASH_1_INDIVIDUAL_ABOVE_CASH_252|BASE,FULL_HISTORY,-0.0200294232039373,-0.020029423203937302,-3.469446951953614e-18,1e-10,PASS,Independent rerun through immutable A4D primitives
net_excess_vs_global,M2_BASE|TOP7|CASH_1_INDIVIDUAL_ABOVE_CASH_252|BASE,FULL_HISTORY,-0.0207205698901586,-0.02072056989015869,-9.020562075079397e-17,1e-10,PASS,Independent rerun through immutable A4D primitives
average_cash_weight,M2_BASE|TOP7|CASH_1_INDIVIDUAL_ABOVE_CASH_252|BASE,FULL_HISTORY,0.1754447853658596,0.1754447853658596,0.0,1e-10,PASS,Independent rerun through immutable A4D primitives
worst_rolling_six_months,M2_BASE|TOP7|CASH_1_INDIVIDUAL_ABOVE_CASH_252|BASE,FULL_HISTORY,-0.1520231541064332,-0.1520231541064332,0.0,1e-10,PASS,Independent rerun through immutable A4D primitives
net_cagr,M2_BASE|TOP7|CASH_1_INDIVIDUAL_ABOVE_CASH_252|BASE,PRE_2020,-0.0127914392307149,-0.012791439230714907,-6.938893903907228e-18,1e-10,PASS,Independent rerun through immutable A4D primitives
maximum_drawdown,M2_BASE|TOP7|CASH_1_INDIVIDUAL_ABOVE_CASH_252|BASE,PRE_2020,-0.1302103793525213,-0.13021037935252133,-2.7755575615628914e-17,1e-10,PASS,Independent rerun through immutable A4D primitives
ulcer_index,M2_BASE|TOP7|CASH_1_INDIVIDUAL_ABOVE_CASH_252|BASE,PRE_2020,0.067558178162655,0.06755817816265502,2.7755575615628914e-17,1e-10,PASS,Independent rerun through immutable A4D primitives
calmar_mar,M2_BASE|TOP7|CASH_1_INDIVIDUAL_ABOVE_CASH_252|BASE,PRE_2020,-0.0982367096564888,-0.09823670965648884,-4.163336342344337e-17,1e-10,PASS,Independent rerun through immutable A4D primitives
annual_turnover_traded_notional,M2_BASE|TOP7|CASH_1_INDIVIDUAL_ABOVE_CASH_252|BASE,PRE_2020,3.706742191052374,3.706742191052374,0.0,1e-10,PASS,Independent rerun through immutable A4D primitives
net_excess_vs_equal_pool,M2_BASE|TOP7|CASH_1_INDIVIDUAL_ABOVE_CASH_252|BASE,PRE_2020,-0.0860542317355483,-0.08605423173554838,-8.326672684688674e-17,1e-10,PASS,Independent rerun through immutable A4D primitives
net_excess_vs_global,M2_BASE|TOP7|CASH_1_INDIVIDUAL_ABOVE_CASH_252|BASE,PRE_2020,-0.0935455064837165,-0.09354550648371651,-1.3877787807814457e-17,1e-10,PASS,Independent rerun through immutable A4D primitives
average_cash_weight,M2_BASE|TOP7|CASH_1_INDIVIDUAL_ABOVE_CASH_252|BASE,PRE_2020,0.2473326686258023,0.2473326686258023,0.0,1e-10,PASS,Independent rerun through immutable A4D primitives
worst_rolling_six_months,M2_BASE|TOP7|CASH_1_INDIVIDUAL_ABOVE_CASH_252|BASE,PRE_2020,-0.0994475204939354,-0.09944752049393546,-5.551115123125783e-17,1e-10,PASS,Independent rerun through immutable A4D primitives
net_cagr,M2_BASE|TOP7|CASH_1_INDIVIDUAL_ABOVE_CASH_252|BASE,POST_2020,0.1440310060499594,0.14403100604995944,5.551115123125783e-17,1e-10,PASS,Independent rerun through immutable A4D primitives
maximum_drawdown,M2_BASE|TOP7|CASH_1_INDIVIDUAL_ABOVE_CASH_252|BASE,POST_2020,-0.2188791039382196,-0.21887910393821963,-2.7755575615628914e-17,1e-10,PASS,Independent rerun through immutable A4D primitives
ulcer_index,M2_BASE|TOP7|CASH_1_INDIVIDUAL_ABOVE_CASH_252|BASE,POST_2020,0.0830289843552178,0.08302898435521786,5.551115123125783e-17,1e-10,PASS,Independent rerun through immutable A4D primitives
calmar_mar,M2_BASE|TOP7|CASH_1_INDIVIDUAL_ABOVE_CASH_252|BASE,POST_2020,0.6580390885125943,0.6580390885125943,0.0,1e-10,PASS,Independent rerun through immutable A4D primitives
annual_turnover_traded_notional,M2_BASE|TOP7|CASH_1_INDIVIDUAL_ABOVE_CASH_252|BASE,POST_2020,5.9760089988574325,5.9760089988574325,0.0,1e-10,PASS,Independent rerun through immutable A4D primitives
net_excess_vs_equal_pool,M2_BASE|TOP7|CASH_1_INDIVIDUAL_ABOVE_CASH_252|BASE,POST_2020,0.0120628794307742,0.01206287943077422,2.0816681711721685e-17,1e-10,PASS,Independent rerun through immutable A4D primitives
net_excess_vs_global,M2_BASE|TOP7|CASH_1_INDIVIDUAL_ABOVE_CASH_252|BASE,POST_2020,0.0143557731084864,0.014355773108486458,5.898059818321144e-17,1e-10,PASS,Independent rerun through immutable A4D primitives
average_cash_weight,M2_BASE|TOP7|CASH_1_INDIVIDUAL_ABOVE_CASH_252|BASE,POST_2020,0.1468133481486236,0.14681334814862368,8.326672684688674e-17,1e-10,PASS,Independent rerun through immutable A4D primitives
worst_rolling_six_months,M2_BASE|TOP7|CASH_1_INDIVIDUAL_ABOVE_CASH_252|BASE,POST_2020,-0.1209872310718164,-0.12098723107181641,-1.3877787807814457e-17,1e-10,PASS,Independent rerun through immutable A4D primitives
net_cagr,M2_BASE|TOP7|CASH_1_INDIVIDUAL_ABOVE_CASH_252|BASE,LATEST_5Y,0.1321222587005424,0.1321222587005424,0.0,1e-10,PASS,Independent rerun through immutable A4D primitives
maximum_drawdown,M2_BASE|TOP7|CASH_1_INDIVIDUAL_ABOVE_CASH_252|BASE,LATEST_5Y,-0.189196099518215,-0.18919609951821503,-2.7755575615628914e-17,1e-10,PASS,Independent rerun through immutable A4D primitives
ulcer_index,M2_BASE|TOP7|CASH_1_INDIVIDUAL_ABOVE_CASH_252|BASE,LATEST_5Y,0.0899019336849601,0.08990193368496018,6.938893903907228e-17,1e-10,PASS,Independent rerun through immutable A4D primitives
calmar_mar,M2_BASE|TOP7|CASH_1_INDIVIDUAL_ABOVE_CASH_252|BASE,LATEST_5Y,0.6983350028726263,0.6983350028726263,0.0,1e-10,PASS,Independent rerun through immutable A4D primitives
annual_turnover_traded_notional,M2_BASE|TOP7|CASH_1_INDIVIDUAL_ABOVE_CASH_252|BASE,LATEST_5Y,6.395301128188324,6.395301128188324,0.0,1e-10,PASS,Independent rerun through immutable A4D primitives
net_excess_vs_equal_pool,M2_BASE|TOP7|CASH_1_INDIVIDUAL_ABOVE_CASH_252|BASE,LATEST_5Y,0.0222226159160343,0.02222261591603436,5.898059818321144e-17,1e-10,PASS,Independent rerun through immutable A4D primitives
net_excess_vs_global,M2_BASE|TOP7|CASH_1_INDIVIDUAL_ABOVE_CASH_252|BASE,LATEST_5Y,0.0169577104876288,0.01695771048762884,4.163336342344337e-17,1e-10,PASS,Independent rerun through immutable A4D primitives
average_cash_weight,M2_BASE|TOP7|CASH_1_INDIVIDUAL_ABOVE_CASH_252|BASE,LATEST_5Y,0.1512861433001147,0.15128614330011475,5.551115123125783e-17,1e-10,PASS,Independent rerun through immutable A4D primitives
worst_rolling_six_months,M2_BASE|TOP7|CASH_1_INDIVIDUAL_ABOVE_CASH_252|BASE,LATEST_5Y,-0.1209872310718164,-0.12098723107181641,-1.3877787807814457e-17,1e-10,PASS,Independent rerun through immutable A4D primitives
net_cagr,M2_BASE|TOP7|CASH_1_INDIVIDUAL_ABOVE_CASH_252|BASE,LATEST_3Y,0.2667208953707063,0.2667208953707063,0.0,1e-10,PASS,Independent rerun through immutable A4D primitives
maximum_drawdown,M2_BASE|TOP7|CASH_1_INDIVIDUAL_ABOVE_CASH_252|BASE,LATEST_3Y,-0.1418904324985617,-0.1418904324985617,0.0,1e-10,PASS,Independent rerun through immutable A4D primitives
ulcer_index,M2_BASE|TOP7|CASH_1_INDIVIDUAL_ABOVE_CASH_252|BASE,LATEST_3Y,0.0461242066201919,0.04612420662019194,4.163336342344337e-17,1e-10,PASS,Independent rerun through immutable A4D primitives
calmar_mar,M2_BASE|TOP7|CASH_1_INDIVIDUAL_ABOVE_CASH_252|BASE,LATEST_3Y,1.87976659647866,1.8797665964786596,-4.440892098500626e-16,1e-10,PASS,Independent rerun through immutable A4D primitives
annual_turnover_traded_notional,M2_BASE|TOP7|CASH_1_INDIVIDUAL_ABOVE_CASH_252|BASE,LATEST_3Y,7.164570273223231,7.164570273223231,0.0,1e-10,PASS,Independent rerun through immutable A4D primitives
net_excess_vs_equal_pool,M2_BASE|TOP7|CASH_1_INDIVIDUAL_ABOVE_CASH_252|BASE,LATEST_3Y,0.0589058490669767,0.05890584906697671,1.3877787807814457e-17,1e-10,PASS,Independent rerun through immutable A4D primitives
net_excess_vs_global,M2_BASE|TOP7|CASH_1_INDIVIDUAL_ABOVE_CASH_252|BASE,LATEST_3Y,0.0798974717483311,0.07989747174833117,6.938893903907228e-17,1e-10,PASS,Independent rerun through immutable A4D primitives
average_cash_weight,M2_BASE|TOP7|CASH_1_INDIVIDUAL_ABOVE_CASH_252|BASE,LATEST_3Y,0.0796059974644386,0.07960599746443861,1.3877787807814457e-17,1e-10,PASS,Independent rerun through immutable A4D primitives
worst_rolling_six_months,M2_BASE|TOP7|CASH_1_INDIVIDUAL_ABOVE_CASH_252|BASE,LATEST_3Y,-0.067314040374048,-0.06731404037404809,-8.326672684688674e-17,1e-10,PASS,Independent rerun through immutable A4D primitives
net_cagr,M2_BASE|TOP7|CASH_1_INDIVIDUAL_ABOVE_CASH_252|DOUBLE,FULL_HISTORY,0.0827301069377002,0.08273010693770022,1.3877787807814457e-17,1e-10,PASS,Independent rerun through immutable A4D primitives
maximum_drawdown,M2_BASE|TOP7|CASH_1_INDIVIDUAL_ABOVE_CASH_252|DOUBLE,FULL_HISTORY,-0.2873896925311111,-0.28738969253111113,-5.551115123125783e-17,1e-10,PASS,Independent rerun through immutable A4D primitives
ulcer_index,M2_BASE|TOP7|CASH_1_INDIVIDUAL_ABOVE_CASH_252|DOUBLE,FULL_HISTORY,0.0911421388915931,0.09114213889159316,5.551115123125783e-17,1e-10,PASS,Independent rerun through immutable A4D primitives
calmar_mar,M2_BASE|TOP7|CASH_1_INDIVIDUAL_ABOVE_CASH_252|DOUBLE,FULL_HISTORY,0.2878673421063782,0.2878673421063782,0.0,1e-10,PASS,Independent rerun through immutable A4D primitives
annual_turnover_traded_notional,M2_BASE|TOP7|CASH_1_INDIVIDUAL_ABOVE_CASH_252|DOUBLE,FULL_HISTORY,5.292015018199972,5.292015018199972,0.0,1e-10,PASS,Independent rerun through immutable A4D primitives
net_excess_vs_equal_pool,M2_BASE|TOP7|CASH_1_INDIVIDUAL_ABOVE_CASH_252|DOUBLE,FULL_HISTORY,-0.0325895786693337,-0.03258957866933376,-6.245004513516506e-17,1e-10,PASS,Independent rerun through immutable A4D primitives
net_excess_vs_global,M2_BASE|TOP7|CASH_1_INDIVIDUAL_ABOVE_CASH_252|DOUBLE,FULL_HISTORY,-0.0332807253555551,-0.03328072535555515,-4.85722573273506e-17,1e-10,PASS,Independent rerun through immutable A4D primitives
average_cash_weight,M2_BASE|TOP7|CASH_1_INDIVIDUAL_ABOVE_CASH_252|DOUBLE,FULL_HISTORY,0.1754447853658596,0.1754447853658596,0.0,1e-10,PASS,Independent rerun through immutable A4D primitives
worst_rolling_six_months,M2_BASE|TOP7|CASH_1_INDIVIDUAL_ABOVE_CASH_252|DOUBLE,FULL_HISTORY,-0.158193915936425,-0.15819391593642507,-5.551115123125783e-17,1e-10,PASS,Independent rerun through immutable A4D primitives
net_cagr,M2_BASE|TOP7|CASH_1_INDIVIDUAL_ABOVE_CASH_252|DOUBLE,PRE_2020,-0.0203338251346594,-0.020333825134659422,-2.0816681711721685e-17,1e-10,PASS,Independent rerun through immutable A4D primitives
maximum_drawdown,M2_BASE|TOP7|CASH_1_INDIVIDUAL_ABOVE_CASH_252|DOUBLE,PRE_2020,-0.1384402480967863,-0.13844024809678634,-5.551115123125783e-17,1e-10,PASS,Independent rerun through immutable A4D primitives
ulcer_index,M2_BASE|TOP7|CASH_1_INDIVIDUAL_ABOVE_CASH_252|DOUBLE,PRE_2020,0.0733271601558383,0.07332716015583839,8.326672684688674e-17,1e-10,PASS,Independent rerun through immutable A4D primitives
calmar_mar,M2_BASE|TOP7|CASH_1_INDIVIDUAL_ABOVE_CASH_252|DOUBLE,PRE_2020,-0.1468779882599144,-0.1468779882599144,0.0,1e-10,PASS,Independent rerun through immutable A4D primitives
annual_turnover_traded_notional,M2_BASE|TOP7|CASH_1_INDIVIDUAL_ABOVE_CASH_252|DOUBLE,PRE_2020,3.706742191052374,3.706742191052374,0.0,1e-10,PASS,Independent rerun through immutable A4D primitives
net_excess_vs_equal_pool,M2_BASE|TOP7|CASH_1_INDIVIDUAL_ABOVE_CASH_252|DOUBLE,PRE_2020,-0.0935966176394929,-0.0935966176394929,0.0,1e-10,PASS,Independent rerun through immutable A4D primitives
net_excess_vs_global,M2_BASE|TOP7|CASH_1_INDIVIDUAL_ABOVE_CASH_252|DOUBLE,PRE_2020,-0.101087892387661,-0.10108789238766103,-2.7755575615628914e-17,1e-10,PASS,Independent rerun through immutable A4D primitives
average_cash_weight,M2_BASE|TOP7|CASH_1_INDIVIDUAL_ABOVE_CASH_252|DOUBLE,PRE_2020,0.2473326686258023,0.2473326686258023,0.0,1e-10,PASS,Independent rerun through immutable A4D primitives
worst_rolling_six_months,M2_BASE|TOP7|CASH_1_INDIVIDUAL_ABOVE_CASH_252|DOUBLE,PRE_2020,-0.1030691855522558,-0.10306918555225586,-5.551115123125783e-17,1e-10,PASS,Independent rerun through immutable A4D primitives
net_cagr,M2_BASE|TOP7|CASH_1_INDIVIDUAL_ABOVE_CASH_252|DOUBLE,POST_2020,0.1293048238676941,0.12930482386769415,5.551115123125783e-17,1e-10,PASS,Independent rerun through immutable A4D primitives
maximum_drawdown,M2_BASE|TOP7|CASH_1_INDIVIDUAL_ABOVE_CASH_252|DOUBLE,POST_2020,-0.2207294906089548,-0.22072949060895486,-5.551115123125783e-17,1e-10,PASS,Independent rerun through immutable A4D primitives
ulcer_index,M2_BASE|TOP7|CASH_1_INDIVIDUAL_ABOVE_CASH_252|DOUBLE,POST_2020,0.089727605720304,0.08972760572030401,1.3877787807814457e-17,1e-10,PASS,Independent rerun through immutable A4D primitives
calmar_mar,M2_BASE|TOP7|CASH_1_INDIVIDUAL_ABOVE_CASH_252|DOUBLE,POST_2020,0.5858067425017124,0.5858067425017124,0.0,1e-10,PASS,Independent rerun through immutable A4D primitives
annual_turnover_traded_notional,M2_BASE|TOP7|CASH_1_INDIVIDUAL_ABOVE_CASH_252|DOUBLE,POST_2020,5.9760089988574325,5.9760089988574325,0.0,1e-10,PASS,Independent rerun through immutable A4D primitives
net_excess_vs_equal_pool,M2_BASE|TOP7|CASH_1_INDIVIDUAL_ABOVE_CASH_252|DOUBLE,POST_2020,-0.002663302751491,-0.00266330275149107,-7.025630077706069e-17,1e-10,PASS,Independent rerun through immutable A4D primitives
net_excess_vs_global,M2_BASE|TOP7|CASH_1_INDIVIDUAL_ABOVE_CASH_252|DOUBLE,POST_2020,-0.0003704090737788,-0.00037040907377883237,-3.236343484869231e-17,1e-10,PASS,Independent rerun through immutable A4D primitives
average_cash_weight,M2_BASE|TOP7|CASH_1_INDIVIDUAL_ABOVE_CASH_252|DOUBLE,POST_2020,0.1468133481486236,0.14681334814862368,8.326672684688674e-17,1e-10,PASS,Independent rerun through immutable A4D primitives
worst_rolling_six_months,M2_BASE|TOP7|CASH_1_INDIVIDUAL_ABOVE_CASH_252|DOUBLE,POST_2020,-0.127773022770488,-0.12777302277048808,-8.326672684688674e-17,1e-10,PASS,Independent rerun through immutable A4D primitives
net_cagr,M2_BASE|TOP7|CASH_1_INDIVIDUAL_ABOVE_CASH_252|DOUBLE,LATEST_5Y,0.1165231758423885,0.11652317584238858,8.326672684688674e-17,1e-10,PASS,Independent rerun through immutable A4D primitives
maximum_drawdown,M2_BASE|TOP7|CASH_1_INDIVIDUAL_ABOVE_CASH_252|DOUBLE,LATEST_5Y,-0.2012723473514019,-0.20127234735140198,-8.326672684688674e-17,1e-10,PASS,Independent rerun through immutable A4D primitives
ulcer_index,M2_BASE|TOP7|CASH_1_INDIVIDUAL_ABOVE_CASH_252|DOUBLE,LATEST_5Y,0.0977147743748946,0.09771477437489462,1.3877787807814457e-17,1e-10,PASS,Independent rerun through immutable A4D primitives
calmar_mar,M2_BASE|TOP7|CASH_1_INDIVIDUAL_ABOVE_CASH_252|DOUBLE,LATEST_5Y,0.5789328607518569,0.5789328607518569,0.0,1e-10,PASS,Independent rerun through immutable A4D primitives
annual_turnover_traded_notional,M2_BASE|TOP7|CASH_1_INDIVIDUAL_ABOVE_CASH_252|DOUBLE,LATEST_5Y,6.395301128188324,6.395301128188324,0.0,1e-10,PASS,Independent rerun through immutable A4D primitives
net_excess_vs_equal_pool,M2_BASE|TOP7|CASH_1_INDIVIDUAL_ABOVE_CASH_252|DOUBLE,LATEST_5Y,0.0066235330578805,0.0066235330578805485,4.85722573273506e-17,1e-10,PASS,Independent rerun through immutable A4D primitives
net_excess_vs_global,M2_BASE|TOP7|CASH_1_INDIVIDUAL_ABOVE_CASH_252|DOUBLE,LATEST_5Y,0.001358627629475,0.0013586276294750288,2.883977778811442e-17,1e-10,PASS,Independent rerun through immutable A4D primitives
average_cash_weight,M2_BASE|TOP7|CASH_1_INDIVIDUAL_ABOVE_CASH_252|DOUBLE,LATEST_5Y,0.1512861433001147,0.15128614330011475,5.551115123125783e-17,1e-10,PASS,Independent rerun through immutable A4D primitives
worst_rolling_six_months,M2_BASE|TOP7|CASH_1_INDIVIDUAL_ABOVE_CASH_252|DOUBLE,LATEST_5Y,-0.127773022770488,-0.12777302277048808,-8.326672684688674e-17,1e-10,PASS,Independent rerun through immutable A4D primitives
net_cagr,M2_BASE|TOP7|CASH_1_INDIVIDUAL_ABOVE_CASH_252|DOUBLE,LATEST_3Y,0.2471405379812401,0.24714053798124014,2.7755575615628914e-17,1e-10,PASS,Independent rerun through immutable A4D primitives
maximum_drawdown,M2_BASE|TOP7|CASH_1_INDIVIDUAL_ABOVE_CASH_252|DOUBLE,LATEST_3Y,-0.1433919454434846,-0.14339194544348466,-5.551115123125783e-17,1e-10,PASS,Independent rerun through immutable A4D primitives
ulcer_index,M2_BASE|TOP7|CASH_1_INDIVIDUAL_ABOVE_CASH_252|DOUBLE,LATEST_3Y,0.0480811086387402,0.048081108638740294,9.71445146547012e-17,1e-10,PASS,Independent rerun through immutable A4D primitives
calmar_mar,M2_BASE|TOP7|CASH_1_INDIVIDUAL_ABOVE_CASH_252|DOUBLE,LATEST_3Y,1.723531522059209,1.7235315220592087,-2.220446049250313e-16,1e-10,PASS,Independent rerun through immutable A4D primitives
annual_turnover_traded_notional,M2_BASE|TOP7|CASH_1_INDIVIDUAL_ABOVE_CASH_252|DOUBLE,LATEST_3Y,7.164570273223231,7.164570273223231,0.0,1e-10,PASS,Independent rerun through immutable A4D primitives
net_excess_vs_equal_pool,M2_BASE|TOP7|CASH_1_INDIVIDUAL_ABOVE_CASH_252|DOUBLE,LATEST_3Y,0.0393254916775105,0.03932549167751054,3.469446951953614e-17,1e-10,PASS,Independent rerun through immutable A4D primitives
net_excess_vs_global,M2_BASE|TOP7|CASH_1_INDIVIDUAL_ABOVE_CASH_252|DOUBLE,LATEST_3Y,0.060317114358865,0.060317114358865,0.0,1e-10,PASS,Independent rerun through immutable A4D primitives
average_cash_weight,M2_BASE|TOP7|CASH_1_INDIVIDUAL_ABOVE_CASH_252|DOUBLE,LATEST_3Y,0.0796059974644386,0.07960599746443862,2.7755575615628914e-17,1e-10,PASS,Independent rerun through immutable A4D primitives
worst_rolling_six_months,M2_BASE|TOP7|CASH_1_INDIVIDUAL_ABOVE_CASH_252|DOUBLE,LATEST_3Y,-0.0747215420987712,-0.07472154209877124,-4.163336342344337e-17,1e-10,PASS,Independent rerun through immutable A4D primitives
net_cagr,M2_BASE|TOP8|CASH_0_ALWAYS_INVESTED|BASE,FULL_HISTORY,0.1314588258442275,0.13145882584422752,2.7755575615628914e-17,1e-10,PASS,Independent rerun through immutable A4D primitives
maximum_drawdown,M2_BASE|TOP8|CASH_0_ALWAYS_INVESTED|BASE,FULL_HISTORY,-0.2353658083568632,-0.23536580835686327,-8.326672684688674e-17,1e-10,PASS,Independent rerun through immutable A4D primitives
ulcer_index,M2_BASE|TOP8|CASH_0_ALWAYS_INVESTED|BASE,FULL_HISTORY,0.0740255505377294,0.07402555053772941,1.3877787807814457e-17,1e-10,PASS,Independent rerun through immutable A4D primitives
calmar_mar,M2_BASE|TOP8|CASH_0_ALWAYS_INVESTED|BASE,FULL_HISTORY,0.5585298338869541,0.5585298338869541,0.0,1e-10,PASS,Independent rerun through immutable A4D primitives
annual_turnover_traded_notional,M2_BASE|TOP8|CASH_0_ALWAYS_INVESTED|BASE,FULL_HISTORY,4.847617321437676,4.847617321437676,0.0,1e-10,PASS,Independent rerun through immutable A4D primitives
net_excess_vs_equal_pool,M2_BASE|TOP8|CASH_0_ALWAYS_INVESTED|BASE,FULL_HISTORY,0.0161391402371935,0.01613914023719354,3.8163916471489756e-17,1e-10,PASS,Independent rerun through immutable A4D primitives
net_excess_vs_global,M2_BASE|TOP8|CASH_0_ALWAYS_INVESTED|BASE,FULL_HISTORY,0.0154479935509721,0.01544799355097215,5.0306980803327406e-17,1e-10,PASS,Independent rerun through immutable A4D primitives
average_cash_weight,M2_BASE|TOP8|CASH_0_ALWAYS_INVESTED|BASE,FULL_HISTORY,0.0,0.0,0.0,1e-10,PASS,Independent rerun through immutable A4D primitives
worst_rolling_six_months,M2_BASE|TOP8|CASH_0_ALWAYS_INVESTED|BASE,FULL_HISTORY,-0.1533845262113602,-0.15338452621136023,-2.7755575615628914e-17,1e-10,PASS,Independent rerun through immutable A4D primitives
net_cagr,M2_BASE|TOP8|CASH_0_ALWAYS_INVESTED|BASE,PRE_2020,0.0318806263551763,0.0318806263551763,0.0,1e-10,PASS,Independent rerun through immutable A4D primitives
maximum_drawdown,M2_BASE|TOP8|CASH_0_ALWAYS_INVESTED|BASE,PRE_2020,-0.1455120432174274,-0.1455120432174274,0.0,1e-10,PASS,Independent rerun through immutable A4D primitives
ulcer_index,M2_BASE|TOP8|CASH_0_ALWAYS_INVESTED|BASE,PRE_2020,0.0507639605515236,0.05076396055152368,7.632783294297951e-17,1e-10,PASS,Independent rerun through immutable A4D primitives
calmar_mar,M2_BASE|TOP8|CASH_0_ALWAYS_INVESTED|BASE,PRE_2020,0.2190926994787609,0.21909269947876098,8.326672684688674e-17,1e-10,PASS,Independent rerun through immutable A4D primitives
annual_turnover_traded_notional,M2_BASE|TOP8|CASH_0_ALWAYS_INVESTED|BASE,PRE_2020,2.762671217449435,2.762671217449435,0.0,1e-10,PASS,Independent rerun through immutable A4D primitives
net_excess_vs_equal_pool,M2_BASE|TOP8|CASH_0_ALWAYS_INVESTED|BASE,PRE_2020,-0.0413821661496571,-0.041382166149657174,-7.632783294297951e-17,1e-10,PASS,Independent rerun through immutable A4D primitives
net_excess_vs_global,M2_BASE|TOP8|CASH_0_ALWAYS_INVESTED|BASE,PRE_2020,-0.0488734408978253,-0.048873440897825304,-6.938893903907228e-18,1e-10,PASS,Independent rerun through immutable A4D primitives
average_cash_weight,M2_BASE|TOP8|CASH_0_ALWAYS_INVESTED|BASE,PRE_2020,0.0,0.0,0.0,1e-10,PASS,Independent rerun through immutable A4D primitives
worst_rolling_six_months,M2_BASE|TOP8|CASH_0_ALWAYS_INVESTED|BASE,PRE_2020,-0.0908305187248287,-0.09083051872482872,-2.7755575615628914e-17,1e-10,PASS,Independent rerun through immutable A4D primitives
net_cagr,M2_BASE|TOP8|CASH_0_ALWAYS_INVESTED|BASE,POST_2020,0.1753645601912876,0.17536456019128766,5.551115123125783e-17,1e-10,PASS,Independent rerun through immutable A4D primitives
maximum_drawdown,M2_BASE|TOP8|CASH_0_ALWAYS_INVESTED|BASE,POST_2020,-0.2353658083568633,-0.23536580835686338,-8.326672684688674e-17,1e-10,PASS,Independent rerun through immutable A4D primitives
ulcer_index,M2_BASE|TOP8|CASH_0_ALWAYS_INVESTED|BASE,POST_2020,0.0812436308158491,0.08124363081584914,4.163336342344337e-17,1e-10,PASS,Independent rerun through immutable A4D primitives
calmar_mar,M2_BASE|TOP8|CASH_0_ALWAYS_INVESTED|BASE,POST_2020,0.745072368053556,0.745072368053556,0.0,1e-10,PASS,Independent rerun through immutable A4D primitives
annual_turnover_traded_notional,M2_BASE|TOP8|CASH_0_ALWAYS_INVESTED|BASE,POST_2020,5.744587622673078,5.744587622673078,0.0,1e-10,PASS,Independent rerun through immutable A4D primitives
net_excess_vs_equal_pool,M2_BASE|TOP8|CASH_0_ALWAYS_INVESTED|BASE,POST_2020,0.0433964335721024,0.04339643357210243,3.469446951953614e-17,1e-10,PASS,Independent rerun through immutable A4D primitives
net_excess_vs_global,M2_BASE|TOP8|CASH_0_ALWAYS_INVESTED|BASE,POST_2020,0.0456893272498146,0.04568932724981467,6.938893903907228e-17,1e-10,PASS,Independent rerun through immutable A4D primitives
average_cash_weight,M2_BASE|TOP8|CASH_0_ALWAYS_INVESTED|BASE,POST_2020,0.0,0.0,0.0,1e-10,PASS,Independent rerun through immutable A4D primitives
worst_rolling_six_months,M2_BASE|TOP8|CASH_0_ALWAYS_INVESTED|BASE,POST_2020,-0.1533845262113602,-0.15338452621136023,-2.7755575615628914e-17,1e-10,PASS,Independent rerun through immutable A4D primitives
net_cagr,M2_BASE|TOP8|CASH_0_ALWAYS_INVESTED|BASE,LATEST_5Y,0.147463690484223,0.14746369048422303,2.7755575615628914e-17,1e-10,PASS,Independent rerun through immutable A4D primitives
maximum_drawdown,M2_BASE|TOP8|CASH_0_ALWAYS_INVESTED|BASE,LATEST_5Y,-0.2010446571103399,-0.20104465711033992,-2.7755575615628914e-17,1e-10,PASS,Independent rerun through immutable A4D primitives
ulcer_index,M2_BASE|TOP8|CASH_0_ALWAYS_INVESTED|BASE,LATEST_5Y,0.0882057356615266,0.0882057356615266,0.0,1e-10,PASS,Independent rerun through immutable A4D primitives
calmar_mar,M2_BASE|TOP8|CASH_0_ALWAYS_INVESTED|BASE,LATEST_5Y,0.7334872391226498,0.7334872391226498,0.0,1e-10,PASS,Independent rerun through immutable A4D primitives
annual_turnover_traded_notional,M2_BASE|TOP8|CASH_0_ALWAYS_INVESTED|BASE,LATEST_5Y,6.29125192752672,6.29125192752672,0.0,1e-10,PASS,Independent rerun through immutable A4D primitives
net_excess_vs_equal_pool,M2_BASE|TOP8|CASH_0_ALWAYS_INVESTED|BASE,LATEST_5Y,0.037564047699715,0.037564047699715,0.0,1e-10,PASS,Independent rerun through immutable A4D primitives
net_excess_vs_global,M2_BASE|TOP8|CASH_0_ALWAYS_INVESTED|BASE,LATEST_5Y,0.0322991422713094,0.03229914227130948,7.632783294297951e-17,1e-10,PASS,Independent rerun through immutable A4D primitives
average_cash_weight,M2_BASE|TOP8|CASH_0_ALWAYS_INVESTED|BASE,LATEST_5Y,0.0,0.0,0.0,1e-10,PASS,Independent rerun through immutable A4D primitives
worst_rolling_six_months,M2_BASE|TOP8|CASH_0_ALWAYS_INVESTED|BASE,LATEST_5Y,-0.1533845262113602,-0.15338452621136023,-2.7755575615628914e-17,1e-10,PASS,Independent rerun through immutable A4D primitives
net_cagr,M2_BASE|TOP8|CASH_0_ALWAYS_INVESTED|BASE,LATEST_3Y,0.2986524789775986,0.2986524789775986,0.0,1e-10,PASS,Independent rerun through immutable A4D primitives
maximum_drawdown,M2_BASE|TOP8|CASH_0_ALWAYS_INVESTED|BASE,LATEST_3Y,-0.1815915708206453,-0.18159157082064536,-5.551115123125783e-17,1e-10,PASS,Independent rerun through immutable A4D primitives
ulcer_index,M2_BASE|TOP8|CASH_0_ALWAYS_INVESTED|BASE,LATEST_3Y,0.048779678152195,0.04877967815219503,2.7755575615628914e-17,1e-10,PASS,Independent rerun through immutable A4D primitives
calmar_mar,M2_BASE|TOP8|CASH_0_ALWAYS_INVESTED|BASE,LATEST_3Y,1.6446384467513204,1.6446384467513204,0.0,1e-10,PASS,Independent rerun through immutable A4D primitives
annual_turnover_traded_notional,M2_BASE|TOP8|CASH_0_ALWAYS_INVESTED|BASE,LATEST_3Y,6.695896865373206,6.695896865373206,0.0,1e-10,PASS,Independent rerun through immutable A4D primitives
net_excess_vs_equal_pool,M2_BASE|TOP8|CASH_0_ALWAYS_INVESTED|BASE,LATEST_3Y,0.090837432673869,0.09083743267386901,1.3877787807814457e-17,1e-10,PASS,Independent rerun through immutable A4D primitives
net_excess_vs_global,M2_BASE|TOP8|CASH_0_ALWAYS_INVESTED|BASE,LATEST_3Y,0.1118290553552234,0.11182905535522347,6.938893903907228e-17,1e-10,PASS,Independent rerun through immutable A4D primitives
average_cash_weight,M2_BASE|TOP8|CASH_0_ALWAYS_INVESTED|BASE,LATEST_3Y,0.0,0.0,0.0,1e-10,PASS,Independent rerun through immutable A4D primitives
worst_rolling_six_months,M2_BASE|TOP8|CASH_0_ALWAYS_INVESTED|BASE,LATEST_3Y,-0.0286580271149728,-0.028658027114972895,-9.367506770274758e-17,1e-10,PASS,Independent rerun through immutable A4D primitives
net_cagr,M2_BASE|TOP8|CASH_0_ALWAYS_INVESTED|DOUBLE,FULL_HISTORY,0.1194949766878703,0.11949497668787035,4.163336342344337e-17,1e-10,PASS,Independent rerun through immutable A4D primitives
maximum_drawdown,M2_BASE|TOP8|CASH_0_ALWAYS_INVESTED|DOUBLE,FULL_HISTORY,-0.2367869078916515,-0.23678690789165158,-8.326672684688674e-17,1e-10,PASS,Independent rerun through immutable A4D primitives
ulcer_index,M2_BASE|TOP8|CASH_0_ALWAYS_INVESTED|DOUBLE,FULL_HISTORY,0.0792089269213856,0.0792089269213856,0.0,1e-10,PASS,Independent rerun through immutable A4D primitives
calmar_mar,M2_BASE|TOP8|CASH_0_ALWAYS_INVESTED|DOUBLE,FULL_HISTORY,0.5046519579644522,0.5046519579644522,0.0,1e-10,PASS,Independent rerun through immutable A4D primitives
annual_turnover_traded_notional,M2_BASE|TOP8|CASH_0_ALWAYS_INVESTED|DOUBLE,FULL_HISTORY,4.847617321437677,4.847617321437677,0.0,1e-10,PASS,Independent rerun through immutable A4D primitives
net_excess_vs_equal_pool,M2_BASE|TOP8|CASH_0_ALWAYS_INVESTED|DOUBLE,FULL_HISTORY,0.0041752910808363,0.004175291080836363,6.331740687315346e-17,1e-10,PASS,Independent rerun through immutable A4D primitives
net_excess_vs_global,M2_BASE|TOP8|CASH_0_ALWAYS_INVESTED|DOUBLE,FULL_HISTORY,0.0034841443946149,0.003484144394614974,7.41594285980085e-17,1e-10,PASS,Independent rerun through immutable A4D primitives
average_cash_weight,M2_BASE|TOP8|CASH_0_ALWAYS_INVESTED|DOUBLE,FULL_HISTORY,0.0,0.0,0.0,1e-10,PASS,Independent rerun through immutable A4D primitives
worst_rolling_six_months,M2_BASE|TOP8|CASH_0_ALWAYS_INVESTED|DOUBLE,FULL_HISTORY,-0.1581933687373666,-0.15819336873736667,-5.551115123125783e-17,1e-10,PASS,Independent rerun through immutable A4D primitives
net_cagr,M2_BASE|TOP8|CASH_0_ALWAYS_INVESTED|DOUBLE,PRE_2020,0.0258732826668708,0.025873282666870834,3.469446951953614e-17,1e-10,PASS,Independent rerun through immutable A4D primitives
maximum_drawdown,M2_BASE|TOP8|CASH_0_ALWAYS_INVESTED|DOUBLE,PRE_2020,-0.1466720495654367,-0.14667204956543678,-8.326672684688674e-17,1e-10,PASS,Independent rerun through immutable A4D primitives
ulcer_index,M2_BASE|TOP8|CASH_0_ALWAYS_INVESTED|DOUBLE,PRE_2020,0.0523301351332969,0.05233013513329693,2.7755575615628914e-17,1e-10,PASS,Independent rerun through immutable A4D primitives
calmar_mar,M2_BASE|TOP8|CASH_0_ALWAYS_INVESTED|DOUBLE,PRE_2020,0.1764022712134232,0.17640227121342322,2.7755575615628914e-17,1e-10,PASS,Independent rerun through immutable A4D primitives
annual_turnover_traded_notional,M2_BASE|TOP8|CASH_0_ALWAYS_INVESTED|DOUBLE,PRE_2020,2.762671217449435,2.762671217449435,0.0,1e-10,PASS,Independent rerun through immutable A4D primitives
net_excess_vs_equal_pool,M2_BASE|TOP8|CASH_0_ALWAYS_INVESTED|DOUBLE,PRE_2020,-0.0473895098379626,-0.04738950983796264,-4.163336342344337e-17,1e-10,PASS,Independent rerun through immutable A4D primitives
net_excess_vs_global,M2_BASE|TOP8|CASH_0_ALWAYS_INVESTED|DOUBLE,PRE_2020,-0.0548807845861307,-0.05488078458613077,-6.938893903907228e-17,1e-10,PASS,Independent rerun through immutable A4D primitives
average_cash_weight,M2_BASE|TOP8|CASH_0_ALWAYS_INVESTED|DOUBLE,PRE_2020,0.0,0.0,0.0,1e-10,PASS,Independent rerun through immutable A4D primitives
worst_rolling_six_months,M2_BASE|TOP8|CASH_0_ALWAYS_INVESTED|DOUBLE,PRE_2020,-0.0932637251367574,-0.0932637251367574,0.0,1e-10,PASS,Independent rerun through immutable A4D primitives
net_cagr,M2_BASE|TOP8|CASH_0_ALWAYS_INVESTED|DOUBLE,POST_2020,0.1606591594633111,0.1606591594633111,0.0,1e-10,PASS,Independent rerun through immutable A4D primitives
maximum_drawdown,M2_BASE|TOP8|CASH_0_ALWAYS_INVESTED|DOUBLE,POST_2020,-0.2367869078916515,-0.23678690789165158,-8.326672684688674e-17,1e-10,PASS,Independent rerun through immutable A4D primitives
ulcer_index,M2_BASE|TOP8|CASH_0_ALWAYS_INVESTED|DOUBLE,POST_2020,0.0874020467498974,0.08740204674989742,1.3877787807814457e-17,1e-10,PASS,Independent rerun through immutable A4D primitives
calmar_mar,M2_BASE|TOP8|CASH_0_ALWAYS_INVESTED|DOUBLE,POST_2020,0.6784968007472152,0.6784968007472152,0.0,1e-10,PASS,Independent rerun through immutable A4D primitives
annual_turnover_traded_notional,M2_BASE|TOP8|CASH_0_ALWAYS_INVESTED|DOUBLE,POST_2020,5.744587622673078,5.744587622673078,0.0,1e-10,PASS,Independent rerun through immutable A4D primitives
net_excess_vs_equal_pool,M2_BASE|TOP8|CASH_0_ALWAYS_INVESTED|DOUBLE,POST_2020,0.0286910328441258,0.028691032844125886,8.673617379884035e-17,1e-10,PASS,Independent rerun through immutable A4D primitives
net_excess_vs_global,M2_BASE|TOP8|CASH_0_ALWAYS_INVESTED|DOUBLE,POST_2020,0.0309839265218381,0.030983926521838123,2.42861286636753e-17,1e-10,PASS,Independent rerun through immutable A4D primitives
average_cash_weight,M2_BASE|TOP8|CASH_0_ALWAYS_INVESTED|DOUBLE,POST_2020,0.0,0.0,0.0,1e-10,PASS,Independent rerun through immutable A4D primitives
worst_rolling_six_months,M2_BASE|TOP8|CASH_0_ALWAYS_INVESTED|DOUBLE,POST_2020,-0.1581933687373666,-0.15819336873736667,-5.551115123125783e-17,1e-10,PASS,Independent rerun through immutable A4D primitives
net_cagr,M2_BASE|TOP8|CASH_0_ALWAYS_INVESTED|DOUBLE,LATEST_5Y,0.1320493779910676,0.13204937799106764,2.7755575615628914e-17,1e-10,PASS,Independent rerun through immutable A4D primitives
maximum_drawdown,M2_BASE|TOP8|CASH_0_ALWAYS_INVESTED|DOUBLE,LATEST_5Y,-0.2071062034117704,-0.20710620341177044,-2.7755575615628914e-17,1e-10,PASS,Independent rerun through immutable A4D primitives
ulcer_index,M2_BASE|TOP8|CASH_0_ALWAYS_INVESTED|DOUBLE,LATEST_5Y,0.0954200426810996,0.09542004268109967,6.938893903907228e-17,1e-10,PASS,Independent rerun through immutable A4D primitives
calmar_mar,M2_BASE|TOP8|CASH_0_ALWAYS_INVESTED|DOUBLE,LATEST_5Y,0.6375925772176213,0.6375925772176213,0.0,1e-10,PASS,Independent rerun through immutable A4D primitives
annual_turnover_traded_notional,M2_BASE|TOP8|CASH_0_ALWAYS_INVESTED|DOUBLE,LATEST_5Y,6.29125192752672,6.29125192752672,0.0,1e-10,PASS,Independent rerun through immutable A4D primitives
net_excess_vs_equal_pool,M2_BASE|TOP8|CASH_0_ALWAYS_INVESTED|DOUBLE,LATEST_5Y,0.0221497352065596,0.022149735206559606,6.938893903907228e-18,1e-10,PASS,Independent rerun through immutable A4D primitives
net_excess_vs_global,M2_BASE|TOP8|CASH_0_ALWAYS_INVESTED|DOUBLE,LATEST_5Y,0.016884829778154,0.016884829778154087,8.673617379884035e-17,1e-10,PASS,Independent rerun through immutable A4D primitives
average_cash_weight,M2_BASE|TOP8|CASH_0_ALWAYS_INVESTED|DOUBLE,LATEST_5Y,0.0,0.0,0.0,1e-10,PASS,Independent rerun through immutable A4D primitives
worst_rolling_six_months,M2_BASE|TOP8|CASH_0_ALWAYS_INVESTED|DOUBLE,LATEST_5Y,-0.1581933687373666,-0.15819336873736667,-5.551115123125783e-17,1e-10,PASS,Independent rerun through immutable A4D primitives
net_cagr,M2_BASE|TOP8|CASH_0_ALWAYS_INVESTED|DOUBLE,LATEST_3Y,0.2800203759173327,0.28002037591733275,5.551115123125783e-17,1e-10,PASS,Independent rerun through immutable A4D primitives
maximum_drawdown,M2_BASE|TOP8|CASH_0_ALWAYS_INVESTED|DOUBLE,LATEST_3Y,-0.1834861373727889,-0.18348613737278896,-5.551115123125783e-17,1e-10,PASS,Independent rerun through immutable A4D primitives
ulcer_index,M2_BASE|TOP8|CASH_0_ALWAYS_INVESTED|DOUBLE,LATEST_3Y,0.0499654936982821,0.049965493698282126,2.7755575615628914e-17,1e-10,PASS,Independent rerun through immutable A4D primitives
calmar_mar,M2_BASE|TOP8|CASH_0_ALWAYS_INVESTED|DOUBLE,LATEST_3Y,1.5261118901228767,1.5261118901228767,0.0,1e-10,PASS,Independent rerun through immutable A4D primitives
annual_turnover_traded_notional,M2_BASE|TOP8|CASH_0_ALWAYS_INVESTED|DOUBLE,LATEST_3Y,6.695896865373206,6.695896865373206,0.0,1e-10,PASS,Independent rerun through immutable A4D primitives
net_excess_vs_equal_pool,M2_BASE|TOP8|CASH_0_ALWAYS_INVESTED|DOUBLE,LATEST_3Y,0.0722053296136031,0.07220532961360315,5.551115123125783e-17,1e-10,PASS,Independent rerun through immutable A4D primitives
net_excess_vs_global,M2_BASE|TOP8|CASH_0_ALWAYS_INVESTED|DOUBLE,LATEST_3Y,0.0931969522949576,0.09319695229495761,1.3877787807814457e-17,1e-10,PASS,Independent rerun through immutable A4D primitives
average_cash_weight,M2_BASE|TOP8|CASH_0_ALWAYS_INVESTED|DOUBLE,LATEST_3Y,0.0,0.0,0.0,1e-10,PASS,Independent rerun through immutable A4D primitives
worst_rolling_six_months,M2_BASE|TOP8|CASH_0_ALWAYS_INVESTED|DOUBLE,LATEST_3Y,-0.0362654999145796,-0.03626549991457961,-1.3877787807814457e-17,1e-10,PASS,Independent rerun through immutable A4D primitives
net_cagr,M2_BASE|TOP8|CASH_1_INDIVIDUAL_ABOVE_CASH_252|BASE,FULL_HISTORY,0.0952998414677741,0.09529984146777415,5.551115123125783e-17,1e-10,PASS,Independent rerun through immutable A4D primitives
maximum_drawdown,M2_BASE|TOP8|CASH_1_INDIVIDUAL_ABOVE_CASH_252|BASE,FULL_HISTORY,-0.2505815274616337,-0.25058152746163376,-5.551115123125783e-17,1e-10,PASS,Independent rerun through immutable A4D primitives
ulcer_index,M2_BASE|TOP8|CASH_1_INDIVIDUAL_ABOVE_CASH_252|BASE,FULL_HISTORY,0.0721803751347801,0.07218037513478018,8.326672684688674e-17,1e-10,PASS,Independent rerun through immutable A4D primitives
calmar_mar,M2_BASE|TOP8|CASH_1_INDIVIDUAL_ABOVE_CASH_252|BASE,FULL_HISTORY,0.3803147120745578,0.38031471207455786,5.551115123125783e-17,1e-10,PASS,Independent rerun through immutable A4D primitives
annual_turnover_traded_notional,M2_BASE|TOP8|CASH_1_INDIVIDUAL_ABOVE_CASH_252|BASE,FULL_HISTORY,4.662073971546424,4.662073971546424,0.0,1e-10,PASS,Independent rerun through immutable A4D primitives
net_excess_vs_equal_pool,M2_BASE|TOP8|CASH_1_INDIVIDUAL_ABOVE_CASH_252|BASE,FULL_HISTORY,-0.0200198441392598,-0.020019844139259835,-3.469446951953614e-17,1e-10,PASS,Independent rerun through immutable A4D primitives
net_excess_vs_global,M2_BASE|TOP8|CASH_1_INDIVIDUAL_ABOVE_CASH_252|BASE,FULL_HISTORY,-0.0207109908254812,-0.020710990825481224,-2.42861286636753e-17,1e-10,PASS,Independent rerun through immutable A4D primitives
average_cash_weight,M2_BASE|TOP8|CASH_1_INDIVIDUAL_ABOVE_CASH_252|BASE,FULL_HISTORY,0.2019506822614623,0.2019506822614623,0.0,1e-10,PASS,Independent rerun through immutable A4D primitives
worst_rolling_six_months,M2_BASE|TOP8|CASH_1_INDIVIDUAL_ABOVE_CASH_252|BASE,FULL_HISTORY,-0.1420793442829925,-0.14207934428299251,-2.7755575615628914e-17,1e-10,PASS,Independent rerun through immutable A4D primitives
net_cagr,M2_BASE|TOP8|CASH_1_INDIVIDUAL_ABOVE_CASH_252|BASE,PRE_2020,-0.0038543539459142,-0.0038543539459142684,-6.852157730108388e-17,1e-10,PASS,Independent rerun through immutable A4D primitives
maximum_drawdown,M2_BASE|TOP8|CASH_1_INDIVIDUAL_ABOVE_CASH_252|BASE,PRE_2020,-0.113324865142431,-0.11332486514243101,-1.3877787807814457e-17,1e-10,PASS,Independent rerun through immutable A4D primitives
ulcer_index,M2_BASE|TOP8|CASH_1_INDIVIDUAL_ABOVE_CASH_252|BASE,PRE_2020,0.0599213056666519,0.05992130566665198,7.632783294297951e-17,1e-10,PASS,Independent rerun through immutable A4D primitives
calmar_mar,M2_BASE|TOP8|CASH_1_INDIVIDUAL_ABOVE_CASH_252|BASE,PRE_2020,-0.0340115467251601,-0.03401154672516018,-7.632783294297951e-17,1e-10,PASS,Independent rerun through immutable A4D primitives
annual_turnover_traded_notional,M2_BASE|TOP8|CASH_1_INDIVIDUAL_ABOVE_CASH_252|BASE,PRE_2020,3.0493130325463893,3.0493130325463893,0.0,1e-10,PASS,Independent rerun through immutable A4D primitives
net_excess_vs_equal_pool,M2_BASE|TOP8|CASH_1_INDIVIDUAL_ABOVE_CASH_252|BASE,PRE_2020,-0.0771171464507477,-0.07711714645074774,-4.163336342344337e-17,1e-10,PASS,Independent rerun through immutable A4D primitives
net_excess_vs_global,M2_BASE|TOP8|CASH_1_INDIVIDUAL_ABOVE_CASH_252|BASE,PRE_2020,-0.0846084211989158,-0.08460842119891587,-6.938893903907228e-17,1e-10,PASS,Independent rerun through immutable A4D primitives
average_cash_weight,M2_BASE|TOP8|CASH_1_INDIVIDUAL_ABOVE_CASH_252|BASE,PRE_2020,0.2933445323486885,0.2933445323486885,0.0,1e-10,PASS,Independent rerun through immutable A4D primitives
worst_rolling_six_months,M2_BASE|TOP8|CASH_1_INDIVIDUAL_ABOVE_CASH_252|BASE,PRE_2020,-0.0867556198583692,-0.08675561985836922,-1.3877787807814457e-17,1e-10,PASS,Independent rerun through immutable A4D primitives
net_cagr,M2_BASE|TOP8|CASH_1_INDIVIDUAL_ABOVE_CASH_252|BASE,POST_2020,0.1395329177555637,0.13953291775556376,5.551115123125783e-17,1e-10,PASS,Independent rerun through immutable A4D primitives
maximum_drawdown,M2_BASE|TOP8|CASH_1_INDIVIDUAL_ABOVE_CASH_252|BASE,POST_2020,-0.2195311344007317,-0.2195311344007317,0.0,1e-10,PASS,Independent rerun through immutable A4D primitives
ulcer_index,M2_BASE|TOP8|CASH_1_INDIVIDUAL_ABOVE_CASH_252|BASE,POST_2020,0.0726189688225544,0.0726189688225544,0.0,1e-10,PASS,Independent rerun through immutable A4D primitives
calmar_mar,M2_BASE|TOP8|CASH_1_INDIVIDUAL_ABOVE_CASH_252|BASE,POST_2020,0.6355951201931141,0.6355951201931141,0.0,1e-10,PASS,Independent rerun through immutable A4D primitives
annual_turnover_traded_notional,M2_BASE|TOP8|CASH_1_INDIVIDUAL_ABOVE_CASH_252|BASE,POST_2020,5.357034249737869,5.357034249737869,0.0,1e-10,PASS,Independent rerun through immutable A4D primitives
net_excess_vs_equal_pool,M2_BASE|TOP8|CASH_1_INDIVIDUAL_ABOVE_CASH_252|BASE,POST_2020,0.0075647911363785,0.007564791136378535,3.469446951953614e-17,1e-10,PASS,Independent rerun through immutable A4D primitives
net_excess_vs_global,M2_BASE|TOP8|CASH_1_INDIVIDUAL_ABOVE_CASH_252|BASE,POST_2020,0.0098576848140907,0.009857684814090772,7.28583859910259e-17,1e-10,PASS,Independent rerun through immutable A4D primitives
average_cash_weight,M2_BASE|TOP8|CASH_1_INDIVIDUAL_ABOVE_CASH_252|BASE,POST_2020,0.1653026532660893,0.16530265326608937,5.551115123125783e-17,1e-10,PASS,Independent rerun through immutable A4D primitives
worst_rolling_six_months,M2_BASE|TOP8|CASH_1_INDIVIDUAL_ABOVE_CASH_252|BASE,POST_2020,-0.1077801887165201,-0.10778018871652018,-6.938893903907228e-17,1e-10,PASS,Independent rerun through immutable A4D primitives
net_cagr,M2_BASE|TOP8|CASH_1_INDIVIDUAL_ABOVE_CASH_252|BASE,LATEST_5Y,0.1367212939963995,0.13672129399639954,2.7755575615628914e-17,1e-10,PASS,Independent rerun through immutable A4D primitives
maximum_drawdown,M2_BASE|TOP8|CASH_1_INDIVIDUAL_ABOVE_CASH_252|BASE,LATEST_5Y,-0.162080513143953,-0.162080513143953,0.0,1e-10,PASS,Independent rerun through immutable A4D primitives
ulcer_index,M2_BASE|TOP8|CASH_1_INDIVIDUAL_ABOVE_CASH_252|BASE,LATEST_5Y,0.0760427983906733,0.07604279839067335,5.551115123125783e-17,1e-10,PASS,Independent rerun through immutable A4D primitives
calmar_mar,M2_BASE|TOP8|CASH_1_INDIVIDUAL_ABOVE_CASH_252|BASE,LATEST_5Y,0.8435393703064693,0.8435393703064693,0.0,1e-10,PASS,Independent rerun through immutable A4D primitives
annual_turnover_traded_notional,M2_BASE|TOP8|CASH_1_INDIVIDUAL_ABOVE_CASH_252|BASE,LATEST_5Y,5.813011986772294,5.813011986772294,0.0,1e-10,PASS,Independent rerun through immutable A4D primitives
net_excess_vs_equal_pool,M2_BASE|TOP8|CASH_1_INDIVIDUAL_ABOVE_CASH_252|BASE,LATEST_5Y,0.0268216512118915,0.026821651211891506,6.938893903907228e-18,1e-10,PASS,Independent rerun through immutable A4D primitives
net_excess_vs_global,M2_BASE|TOP8|CASH_1_INDIVIDUAL_ABOVE_CASH_252|BASE,LATEST_5Y,0.0215567457834859,0.021556745783485987,8.673617379884035e-17,1e-10,PASS,Independent rerun through immutable A4D primitives
average_cash_weight,M2_BASE|TOP8|CASH_1_INDIVIDUAL_ABOVE_CASH_252|BASE,LATEST_5Y,0.1694514139150198,0.16945141391501983,2.7755575615628914e-17,1e-10,PASS,Independent rerun through immutable A4D primitives
worst_rolling_six_months,M2_BASE|TOP8|CASH_1_INDIVIDUAL_ABOVE_CASH_252|BASE,LATEST_5Y,-0.1077801887165201,-0.10778018871652018,-6.938893903907228e-17,1e-10,PASS,Independent rerun through immutable A4D primitives
net_cagr,M2_BASE|TOP8|CASH_1_INDIVIDUAL_ABOVE_CASH_252|BASE,LATEST_3Y,0.2545995670868677,0.2545995670868677,0.0,1e-10,PASS,Independent rerun through immutable A4D primitives
maximum_drawdown,M2_BASE|TOP8|CASH_1_INDIVIDUAL_ABOVE_CASH_252|BASE,LATEST_3Y,-0.1598244424068035,-0.1598244424068035,0.0,1e-10,PASS,Independent rerun through immutable A4D primitives
ulcer_index,M2_BASE|TOP8|CASH_1_INDIVIDUAL_ABOVE_CASH_252|BASE,LATEST_3Y,0.0463282036794403,0.04632820367944035,4.85722573273506e-17,1e-10,PASS,Independent rerun through immutable A4D primitives
calmar_mar,M2_BASE|TOP8|CASH_1_INDIVIDUAL_ABOVE_CASH_252|BASE,LATEST_3Y,1.592995184296227,1.5929951842962273,2.220446049250313e-16,1e-10,PASS,Independent rerun through immutable A4D primitives
annual_turnover_traded_notional,M2_BASE|TOP8|CASH_1_INDIVIDUAL_ABOVE_CASH_252|BASE,LATEST_3Y,6.677178903341074,6.6771789033410744,8.881784197001252e-16,1e-10,PASS,Independent rerun through immutable A4D primitives
net_excess_vs_equal_pool,M2_BASE|TOP8|CASH_1_INDIVIDUAL_ABOVE_CASH_252|BASE,LATEST_3Y,0.0467845207831381,0.046784520783138106,6.938893903907228e-18,1e-10,PASS,Independent rerun through immutable A4D primitives
net_excess_vs_global,M2_BASE|TOP8|CASH_1_INDIVIDUAL_ABOVE_CASH_252|BASE,LATEST_3Y,0.0677761434644925,0.06777614346449257,6.938893903907228e-17,1e-10,PASS,Independent rerun through immutable A4D primitives
average_cash_weight,M2_BASE|TOP8|CASH_1_INDIVIDUAL_ABOVE_CASH_252|BASE,LATEST_3Y,0.0861392792772621,0.08613927927726217,6.938893903907228e-17,1e-10,PASS,Independent rerun through immutable A4D primitives
worst_rolling_six_months,M2_BASE|TOP8|CASH_1_INDIVIDUAL_ABOVE_CASH_252|BASE,LATEST_3Y,-0.048354327397561,-0.04835432739756107,-6.938893903907228e-17,1e-10,PASS,Independent rerun through immutable A4D primitives
net_cagr,M2_BASE|TOP8|CASH_1_INDIVIDUAL_ABOVE_CASH_252|DOUBLE,FULL_HISTORY,0.0840870484435678,0.08408704844356785,4.163336342344337e-17,1e-10,PASS,Independent rerun through immutable A4D primitives
maximum_drawdown,M2_BASE|TOP8|CASH_1_INDIVIDUAL_ABOVE_CASH_252|DOUBLE,FULL_HISTORY,-0.2640867189735318,-0.26408671897353186,-5.551115123125783e-17,1e-10,PASS,Independent rerun through immutable A4D primitives
ulcer_index,M2_BASE|TOP8|CASH_1_INDIVIDUAL_ABOVE_CASH_252|DOUBLE,FULL_HISTORY,0.0785661845428731,0.07856618454287313,2.7755575615628914e-17,1e-10,PASS,Independent rerun through immutable A4D primitives
calmar_mar,M2_BASE|TOP8|CASH_1_INDIVIDUAL_ABOVE_CASH_252|DOUBLE,FULL_HISTORY,0.3184069565118702,0.3184069565118702,0.0,1e-10,PASS,Independent rerun through immutable A4D primitives
annual_turnover_traded_notional,M2_BASE|TOP8|CASH_1_INDIVIDUAL_ABOVE_CASH_252|DOUBLE,FULL_HISTORY,4.662073971546424,4.662073971546424,0.0,1e-10,PASS,Independent rerun through immutable A4D primitives
net_excess_vs_equal_pool,M2_BASE|TOP8|CASH_1_INDIVIDUAL_ABOVE_CASH_252|DOUBLE,FULL_HISTORY,-0.0312326371634661,-0.031232637163466137,-3.8163916471489756e-17,1e-10,PASS,Independent rerun through immutable A4D primitives
net_excess_vs_global,M2_BASE|TOP8|CASH_1_INDIVIDUAL_ABOVE_CASH_252|DOUBLE,FULL_HISTORY,-0.0319237838496875,-0.031923783849687526,-2.7755575615628914e-17,1e-10,PASS,Independent rerun through immutable A4D primitives
average_cash_weight,M2_BASE|TOP8|CASH_1_INDIVIDUAL_ABOVE_CASH_252|DOUBLE,FULL_HISTORY,0.2019506822614623,0.2019506822614623,0.0,1e-10,PASS,Independent rerun through immutable A4D primitives
worst_rolling_six_months,M2_BASE|TOP8|CASH_1_INDIVIDUAL_ABOVE_CASH_252|DOUBLE,FULL_HISTORY,-0.1461565784000233,-0.14615657840002338,-8.326672684688674e-17,1e-10,PASS,Independent rerun through immutable A4D primitives
net_cagr,M2_BASE|TOP8|CASH_1_INDIVIDUAL_ABOVE_CASH_252|DOUBLE,PRE_2020,-0.0101185926112568,-0.010118592611256805,-5.204170427930421e-18,1e-10,PASS,Independent rerun through immutable A4D primitives
maximum_drawdown,M2_BASE|TOP8|CASH_1_INDIVIDUAL_ABOVE_CASH_252|DOUBLE,PRE_2020,-0.1211599014342652,-0.12115990143426525,-5.551115123125783e-17,1e-10,PASS,Independent rerun through immutable A4D primitives
ulcer_index,M2_BASE|TOP8|CASH_1_INDIVIDUAL_ABOVE_CASH_252|DOUBLE,PRE_2020,0.0652929709722227,0.06529297097222275,5.551115123125783e-17,1e-10,PASS,Independent rerun through immutable A4D primitives
calmar_mar,M2_BASE|TOP8|CASH_1_INDIVIDUAL_ABOVE_CASH_252|DOUBLE,PRE_2020,-0.0835143681323197,-0.08351436813231976,-5.551115123125783e-17,1e-10,PASS,Independent rerun through immutable A4D primitives
annual_turnover_traded_notional,M2_BASE|TOP8|CASH_1_INDIVIDUAL_ABOVE_CASH_252|DOUBLE,PRE_2020,3.0493130325463893,3.0493130325463893,0.0,1e-10,PASS,Independent rerun through immutable A4D primitives
net_excess_vs_equal_pool,M2_BASE|TOP8|CASH_1_INDIVIDUAL_ABOVE_CASH_252|DOUBLE,PRE_2020,-0.0833813851160902,-0.08338138511609028,-8.326672684688674e-17,1e-10,PASS,Independent rerun through immutable A4D primitives
net_excess_vs_global,M2_BASE|TOP8|CASH_1_INDIVIDUAL_ABOVE_CASH_252|DOUBLE,PRE_2020,-0.0908726598642584,-0.09087265986425841,-1.3877787807814457e-17,1e-10,PASS,Independent rerun through immutable A4D primitives
average_cash_weight,M2_BASE|TOP8|CASH_1_INDIVIDUAL_ABOVE_CASH_252|DOUBLE,PRE_2020,0.2933445323486885,0.2933445323486885,0.0,1e-10,PASS,Independent rerun through immutable A4D primitives
worst_rolling_six_months,M2_BASE|TOP8|CASH_1_INDIVIDUAL_ABOVE_CASH_252|DOUBLE,PRE_2020,-0.0900216534488232,-0.09002165344882329,-9.71445146547012e-17,1e-10,PASS,Independent rerun through immutable A4D primitives
net_cagr,M2_BASE|TOP8|CASH_1_INDIVIDUAL_ABOVE_CASH_252|DOUBLE,POST_2020,0.1260940472380338,0.12609404723803386,5.551115123125783e-17,1e-10,PASS,Independent rerun through immutable A4D primitives
maximum_drawdown,M2_BASE|TOP8|CASH_1_INDIVIDUAL_ABOVE_CASH_252|DOUBLE,POST_2020,-0.2207985571305623,-0.2207985571305623,0.0,1e-10,PASS,Independent rerun through immutable A4D primitives
ulcer_index,M2_BASE|TOP8|CASH_1_INDIVIDUAL_ABOVE_CASH_252|DOUBLE,POST_2020,0.0774098701158396,0.07740987011583966,6.938893903907228e-17,1e-10,PASS,Independent rerun through immutable A4D primitives
calmar_mar,M2_BASE|TOP8|CASH_1_INDIVIDUAL_ABOVE_CASH_252|DOUBLE,POST_2020,0.5710818443594815,0.5710818443594815,0.0,1e-10,PASS,Independent rerun through immutable A4D primitives
annual_turnover_traded_notional,M2_BASE|TOP8|CASH_1_INDIVIDUAL_ABOVE_CASH_252|DOUBLE,POST_2020,5.357034249737869,5.357034249737869,0.0,1e-10,PASS,Independent rerun through immutable A4D primitives
net_excess_vs_equal_pool,M2_BASE|TOP8|CASH_1_INDIVIDUAL_ABOVE_CASH_252|DOUBLE,POST_2020,-0.0058740793811513,-0.005874079381151365,-6.505213034913027e-17,1e-10,PASS,Independent rerun through immutable A4D primitives
net_excess_vs_global,M2_BASE|TOP8|CASH_1_INDIVIDUAL_ABOVE_CASH_252|DOUBLE,POST_2020,-0.0035811857034391,-0.003581185703439127,-2.688821387764051e-17,1e-10,PASS,Independent rerun through immutable A4D primitives
average_cash_weight,M2_BASE|TOP8|CASH_1_INDIVIDUAL_ABOVE_CASH_252|DOUBLE,POST_2020,0.1653026532660893,0.16530265326608937,5.551115123125783e-17,1e-10,PASS,Independent rerun through immutable A4D primitives
worst_rolling_six_months,M2_BASE|TOP8|CASH_1_INDIVIDUAL_ABOVE_CASH_252|DOUBLE,POST_2020,-0.1115437492054471,-0.11154374920544718,-8.326672684688674e-17,1e-10,PASS,Independent rerun through immutable A4D primitives
net_cagr,M2_BASE|TOP8|CASH_1_INDIVIDUAL_ABOVE_CASH_252|DOUBLE,LATEST_5Y,0.1223993014775735,0.1223993014775735,0.0,1e-10,PASS,Independent rerun through immutable A4D primitives
maximum_drawdown,M2_BASE|TOP8|CASH_1_INDIVIDUAL_ABOVE_CASH_252|DOUBLE,LATEST_5Y,-0.172704123695226,-0.17270412369522603,-2.7755575615628914e-17,1e-10,PASS,Independent rerun through immutable A4D primitives
ulcer_index,M2_BASE|TOP8|CASH_1_INDIVIDUAL_ABOVE_CASH_252|DOUBLE,LATEST_5Y,0.0816509265458191,0.08165092654581915,5.551115123125783e-17,1e-10,PASS,Independent rerun through immutable A4D primitives
calmar_mar,M2_BASE|TOP8|CASH_1_INDIVIDUAL_ABOVE_CASH_252|DOUBLE,LATEST_5Y,0.7087225183665775,0.7087225183665775,0.0,1e-10,PASS,Independent rerun through immutable A4D primitives
annual_turnover_traded_notional,M2_BASE|TOP8|CASH_1_INDIVIDUAL_ABOVE_CASH_252|DOUBLE,LATEST_5Y,5.813011986772294,5.813011986772294,0.0,1e-10,PASS,Independent rerun through immutable A4D primitives
net_excess_vs_equal_pool,M2_BASE|TOP8|CASH_1_INDIVIDUAL_ABOVE_CASH_252|DOUBLE,LATEST_5Y,0.0124996586930654,0.012499658693065463,6.245004513516506e-17,1e-10,PASS,Independent rerun through immutable A4D primitives
net_excess_vs_global,M2_BASE|TOP8|CASH_1_INDIVIDUAL_ABOVE_CASH_252|DOUBLE,LATEST_5Y,0.0072347532646599,0.007234753264659943,4.336808689942018e-17,1e-10,PASS,Independent rerun through immutable A4D primitives
average_cash_weight,M2_BASE|TOP8|CASH_1_INDIVIDUAL_ABOVE_CASH_252|DOUBLE,LATEST_5Y,0.1694514139150198,0.16945141391501983,2.7755575615628914e-17,1e-10,PASS,Independent rerun through immutable A4D primitives
worst_rolling_six_months,M2_BASE|TOP8|CASH_1_INDIVIDUAL_ABOVE_CASH_252|DOUBLE,LATEST_5Y,-0.1115437492054471,-0.11154374920544718,-8.326672684688674e-17,1e-10,PASS,Independent rerun through immutable A4D primitives
net_cagr,M2_BASE|TOP8|CASH_1_INDIVIDUAL_ABOVE_CASH_252|DOUBLE,LATEST_3Y,0.2363331488952578,0.2363331488952578,0.0,1e-10,PASS,Independent rerun through immutable A4D primitives
maximum_drawdown,M2_BASE|TOP8|CASH_1_INDIVIDUAL_ABOVE_CASH_252|DOUBLE,LATEST_3Y,-0.1615972745077936,-0.1615972745077936,0.0,1e-10,PASS,Independent rerun through immutable A4D primitives
ulcer_index,M2_BASE|TOP8|CASH_1_INDIVIDUAL_ABOVE_CASH_252|DOUBLE,LATEST_3Y,0.0474583626202385,0.047458362620238545,4.163336342344337e-17,1e-10,PASS,Independent rerun through immutable A4D primitives
calmar_mar,M2_BASE|TOP8|CASH_1_INDIVIDUAL_ABOVE_CASH_252|DOUBLE,LATEST_3Y,1.4624822702926206,1.4624822702926206,0.0,1e-10,PASS,Independent rerun through immutable A4D primitives
annual_turnover_traded_notional,M2_BASE|TOP8|CASH_1_INDIVIDUAL_ABOVE_CASH_252|DOUBLE,LATEST_3Y,6.677178903341074,6.6771789033410744,8.881784197001252e-16,1e-10,PASS,Independent rerun through immutable A4D primitives
net_excess_vs_equal_pool,M2_BASE|TOP8|CASH_1_INDIVIDUAL_ABOVE_CASH_252|DOUBLE,LATEST_3Y,0.0285181025915282,0.028518102591528205,3.469446951953614e-18,1e-10,PASS,Independent rerun through immutable A4D primitives
net_excess_vs_global,M2_BASE|TOP8|CASH_1_INDIVIDUAL_ABOVE_CASH_252|DOUBLE,LATEST_3Y,0.0495097252728826,0.049509725272882665,6.245004513516506e-17,1e-10,PASS,Independent rerun through immutable A4D primitives
average_cash_weight,M2_BASE|TOP8|CASH_1_INDIVIDUAL_ABOVE_CASH_252|DOUBLE,LATEST_3Y,0.0861392792772621,0.08613927927726217,6.938893903907228e-17,1e-10,PASS,Independent rerun through immutable A4D primitives
worst_rolling_six_months,M2_BASE|TOP8|CASH_1_INDIVIDUAL_ABOVE_CASH_252|DOUBLE,LATEST_3Y,-0.0556504566232777,-0.05565045662327772,-2.0816681711721685e-17,1e-10,PASS,Independent rerun through immutable A4D primitives
net_cagr,M2_BASE|TOP9|CASH_0_ALWAYS_INVESTED|BASE,FULL_HISTORY,0.1150226568276167,0.1150226568276167,0.0,1e-10,PASS,Independent rerun through immutable A4D primitives
maximum_drawdown,M2_BASE|TOP9|CASH_0_ALWAYS_INVESTED|BASE,FULL_HISTORY,-0.2514437681651184,-0.2514437681651184,0.0,1e-10,PASS,Independent rerun through immutable A4D primitives
ulcer_index,M2_BASE|TOP9|CASH_0_ALWAYS_INVESTED|BASE,FULL_HISTORY,0.0833889939250697,0.08338899392506978,8.326672684688674e-17,1e-10,PASS,Independent rerun through immutable A4D primitives
calmar_mar,M2_BASE|TOP9|CASH_0_ALWAYS_INVESTED|BASE,FULL_HISTORY,0.4574488270955417,0.4574488270955417,0.0,1e-10,PASS,Independent rerun through immutable A4D primitives
annual_turnover_traded_notional,M2_BASE|TOP9|CASH_0_ALWAYS_INVESTED|BASE,FULL_HISTORY,4.609323574987658,4.609323574987658,0.0,1e-10,PASS,Independent rerun through immutable A4D primitives
net_excess_vs_equal_pool,M2_BASE|TOP9|CASH_0_ALWAYS_INVESTED|BASE,FULL_HISTORY,-0.0002970287794172,-0.00029702877941728545,-8.543513119185775e-17,1e-10,PASS,Independent rerun through immutable A4D primitives
net_excess_vs_global,M2_BASE|TOP9|CASH_0_ALWAYS_INVESTED|BASE,FULL_HISTORY,-0.0009881754656386,-0.0009881754656386743,-7.43762690325056e-17,1e-10,PASS,Independent rerun through immutable A4D primitives
average_cash_weight,M2_BASE|TOP9|CASH_0_ALWAYS_INVESTED|BASE,FULL_HISTORY,0.0,0.0,0.0,1e-10,PASS,Independent rerun through immutable A4D primitives
worst_rolling_six_months,M2_BASE|TOP9|CASH_0_ALWAYS_INVESTED|BASE,FULL_HISTORY,-0.1543386837386893,-0.1543386837386893,0.0,1e-10,PASS,Independent rerun through immutable A4D primitives
net_cagr,M2_BASE|TOP9|CASH_0_ALWAYS_INVESTED|BASE,PRE_2020,0.036975800085589,0.036975800085589094,9.71445146547012e-17,1e-10,PASS,Independent rerun through immutable A4D primitives
maximum_drawdown,M2_BASE|TOP9|CASH_0_ALWAYS_INVESTED|BASE,PRE_2020,-0.1509682691342586,-0.15096826913425865,-5.551115123125783e-17,1e-10,PASS,Independent rerun through immutable A4D primitives
ulcer_index,M2_BASE|TOP9|CASH_0_ALWAYS_INVESTED|BASE,PRE_2020,0.0496782102776095,0.049678210277609505,6.938893903907228e-18,1e-10,PASS,Independent rerun through immutable A4D primitives
calmar_mar,M2_BASE|TOP9|CASH_0_ALWAYS_INVESTED|BASE,PRE_2020,0.2449243161998889,0.24492431619988891,2.7755575615628914e-17,1e-10,PASS,Independent rerun through immutable A4D primitives
annual_turnover_traded_notional,M2_BASE|TOP9|CASH_0_ALWAYS_INVESTED|BASE,PRE_2020,2.1270393166838395,2.1270393166838395,0.0,1e-10,PASS,Independent rerun through immutable A4D primitives
net_excess_vs_equal_pool,M2_BASE|TOP9|CASH_0_ALWAYS_INVESTED|BASE,PRE_2020,-0.0362869924192443,-0.03628699241924438,-7.632783294297951e-17,1e-10,PASS,Independent rerun through immutable A4D primitives
net_excess_vs_global,M2_BASE|TOP9|CASH_0_ALWAYS_INVESTED|BASE,PRE_2020,-0.0437782671674125,-0.04377826716741251,-6.938893903907228e-18,1e-10,PASS,Independent rerun through immutable A4D primitives
average_cash_weight,M2_BASE|TOP9|CASH_0_ALWAYS_INVESTED|BASE,PRE_2020,0.0,0.0,0.0,1e-10,PASS,Independent rerun through immutable A4D primitives
worst_rolling_six_months,M2_BASE|TOP9|CASH_0_ALWAYS_INVESTED|BASE,PRE_2020,-0.0952360289605945,-0.09523602896059458,-8.326672684688674e-17,1e-10,PASS,Independent rerun through immutable A4D primitives
net_cagr,M2_BASE|TOP9|CASH_0_ALWAYS_INVESTED|BASE,POST_2020,0.1487736661388852,0.1487736661388852,0.0,1e-10,PASS,Independent rerun through immutable A4D primitives
maximum_drawdown,M2_BASE|TOP9|CASH_0_ALWAYS_INVESTED|BASE,POST_2020,-0.2514437681651182,-0.25144376816511826,-5.551115123125783e-17,1e-10,PASS,Independent rerun through immutable A4D primitives
ulcer_index,M2_BASE|TOP9|CASH_0_ALWAYS_INVESTED|BASE,POST_2020,0.0934268928812536,0.09342689288125365,5.551115123125783e-17,1e-10,PASS,Independent rerun through immutable A4D primitives
calmar_mar,M2_BASE|TOP9|CASH_0_ALWAYS_INVESTED|BASE,POST_2020,0.5916776829449534,0.5916776829449534,0.0,1e-10,PASS,Independent rerun through immutable A4D primitives
annual_turnover_traded_notional,M2_BASE|TOP9|CASH_0_ALWAYS_INVESTED|BASE,POST_2020,5.67579433389328,5.67579433389328,0.0,1e-10,PASS,Independent rerun through immutable A4D primitives
net_excess_vs_equal_pool,M2_BASE|TOP9|CASH_0_ALWAYS_INVESTED|BASE,POST_2020,0.0168055395196999,0.016805539519699986,8.673617379884035e-17,1e-10,PASS,Independent rerun through immutable A4D primitives
net_excess_vs_global,M2_BASE|TOP9|CASH_0_ALWAYS_INVESTED|BASE,POST_2020,0.0190984331974122,0.019098433197412223,2.42861286636753e-17,1e-10,PASS,Independent rerun through immutable A4D primitives
average_cash_weight,M2_BASE|TOP9|CASH_0_ALWAYS_INVESTED|BASE,POST_2020,0.0,0.0,0.0,1e-10,PASS,Independent rerun through immutable A4D primitives
worst_rolling_six_months,M2_BASE|TOP9|CASH_0_ALWAYS_INVESTED|BASE,POST_2020,-0.1543386837386893,-0.1543386837386893,0.0,1e-10,PASS,Independent rerun through immutable A4D primitives
net_cagr,M2_BASE|TOP9|CASH_0_ALWAYS_INVESTED|BASE,LATEST_5Y,0.1245877494094065,0.12458774940940653,2.7755575615628914e-17,1e-10,PASS,Independent rerun through immutable A4D primitives
maximum_drawdown,M2_BASE|TOP9|CASH_0_ALWAYS_INVESTED|BASE,LATEST_5Y,-0.2165248195074851,-0.21652481950748514,-5.551115123125783e-17,1e-10,PASS,Independent rerun through immutable A4D primitives
ulcer_index,M2_BASE|TOP9|CASH_0_ALWAYS_INVESTED|BASE,LATEST_5Y,0.1011601430075148,0.1011601430075148,0.0,1e-10,PASS,Independent rerun through immutable A4D primitives
calmar_mar,M2_BASE|TOP9|CASH_0_ALWAYS_INVESTED|BASE,LATEST_5Y,0.5753970823889758,0.5753970823889758,0.0,1e-10,PASS,Independent rerun through immutable A4D primitives
annual_turnover_traded_notional,M2_BASE|TOP9|CASH_0_ALWAYS_INVESTED|BASE,LATEST_5Y,6.209334771415102,6.209334771415102,0.0,1e-10,PASS,Independent rerun through immutable A4D primitives
net_excess_vs_equal_pool,M2_BASE|TOP9|CASH_0_ALWAYS_INVESTED|BASE,LATEST_5Y,0.0146881066248985,0.0146881066248985,0.0,1e-10,PASS,Independent rerun through immutable A4D primitives
net_excess_vs_global,M2_BASE|TOP9|CASH_0_ALWAYS_INVESTED|BASE,LATEST_5Y,0.0094232011964929,0.00942320119649298,8.153200337090993e-17,1e-10,PASS,Independent rerun through immutable A4D primitives
average_cash_weight,M2_BASE|TOP9|CASH_0_ALWAYS_INVESTED|BASE,LATEST_5Y,0.0,0.0,0.0,1e-10,PASS,Independent rerun through immutable A4D primitives
worst_rolling_six_months,M2_BASE|TOP9|CASH_0_ALWAYS_INVESTED|BASE,LATEST_5Y,-0.1543386837386893,-0.1543386837386893,0.0,1e-10,PASS,Independent rerun through immutable A4D primitives
net_cagr,M2_BASE|TOP9|CASH_0_ALWAYS_INVESTED|BASE,LATEST_3Y,0.2774469556640713,0.2774469556640713,0.0,1e-10,PASS,Independent rerun through immutable A4D primitives
maximum_drawdown,M2_BASE|TOP9|CASH_0_ALWAYS_INVESTED|BASE,LATEST_3Y,-0.1869135836208364,-0.18691358362083643,-2.7755575615628914e-17,1e-10,PASS,Independent rerun through immutable A4D primitives
ulcer_index,M2_BASE|TOP9|CASH_0_ALWAYS_INVESTED|BASE,LATEST_3Y,0.0497004911964691,0.049700491196469194,9.71445146547012e-17,1e-10,PASS,Independent rerun through immutable A4D primitives
calmar_mar,M2_BASE|TOP9|CASH_0_ALWAYS_INVESTED|BASE,LATEST_3Y,1.484359511435436,1.484359511435436,0.0,1e-10,PASS,Independent rerun through immutable A4D primitives
annual_turnover_traded_notional,M2_BASE|TOP9|CASH_0_ALWAYS_INVESTED|BASE,LATEST_3Y,6.720285544213819,6.720285544213819,0.0,1e-10,PASS,Independent rerun through immutable A4D primitives
net_excess_vs_equal_pool,M2_BASE|TOP9|CASH_0_ALWAYS_INVESTED|BASE,LATEST_3Y,0.0696319093603416,0.06963190936034169,9.71445146547012e-17,1e-10,PASS,Independent rerun through immutable A4D primitives
net_excess_vs_global,M2_BASE|TOP9|CASH_0_ALWAYS_INVESTED|BASE,LATEST_3Y,0.0906235320416961,0.09062353204169615,5.551115123125783e-17,1e-10,PASS,Independent rerun through immutable A4D primitives
average_cash_weight,M2_BASE|TOP9|CASH_0_ALWAYS_INVESTED|BASE,LATEST_3Y,0.0,0.0,0.0,1e-10,PASS,Independent rerun through immutable A4D primitives
worst_rolling_six_months,M2_BASE|TOP9|CASH_0_ALWAYS_INVESTED|BASE,LATEST_3Y,-0.0269140855913576,-0.02691408559135766,-6.245004513516506e-17,1e-10,PASS,Independent rerun through immutable A4D primitives
net_cagr,M2_BASE|TOP9|CASH_0_ALWAYS_INVESTED|DOUBLE,FULL_HISTORY,0.1036002164657317,0.1036002164657317,0.0,1e-10,PASS,Independent rerun through immutable A4D primitives
maximum_drawdown,M2_BASE|TOP9|CASH_0_ALWAYS_INVESTED|DOUBLE,FULL_HISTORY,-0.2527319963136383,-0.2527319963136383,0.0,1e-10,PASS,Independent rerun through immutable A4D primitives
ulcer_index,M2_BASE|TOP9|CASH_0_ALWAYS_INVESTED|DOUBLE,FULL_HISTORY,0.0895230973855016,0.08952309738550168,8.326672684688674e-17,1e-10,PASS,Independent rerun through immutable A4D primitives
calmar_mar,M2_BASE|TOP9|CASH_0_ALWAYS_INVESTED|DOUBLE,FULL_HISTORY,0.4099212524605103,0.40992125246051037,5.551115123125783e-17,1e-10,PASS,Independent rerun through immutable A4D primitives
annual_turnover_traded_notional,M2_BASE|TOP9|CASH_0_ALWAYS_INVESTED|DOUBLE,FULL_HISTORY,4.609323574987658,4.609323574987658,0.0,1e-10,PASS,Independent rerun through immutable A4D primitives
net_excess_vs_equal_pool,M2_BASE|TOP9|CASH_0_ALWAYS_INVESTED|DOUBLE,FULL_HISTORY,-0.0117194691413022,-0.011719469141302286,-8.500145032286355e-17,1e-10,PASS,Independent rerun through immutable A4D primitives
net_excess_vs_global,M2_BASE|TOP9|CASH_0_ALWAYS_INVESTED|DOUBLE,FULL_HISTORY,-0.0124106158275236,-0.012410615827523674,-7.45931094670027e-17,1e-10,PASS,Independent rerun through immutable A4D primitives
average_cash_weight,M2_BASE|TOP9|CASH_0_ALWAYS_INVESTED|DOUBLE,FULL_HISTORY,0.0,0.0,0.0,1e-10,PASS,Independent rerun through immutable A4D primitives
worst_rolling_six_months,M2_BASE|TOP9|CASH_0_ALWAYS_INVESTED|DOUBLE,FULL_HISTORY,-0.1592765530674599,-0.15927655306745991,-2.7755575615628914e-17,1e-10,PASS,Independent rerun through immutable A4D primitives
net_cagr,M2_BASE|TOP9|CASH_0_ALWAYS_INVESTED|DOUBLE,PRE_2020,0.0323703418130947,0.03237034181309473,2.7755575615628914e-17,1e-10,PASS,Independent rerun through immutable A4D primitives
maximum_drawdown,M2_BASE|TOP9|CASH_0_ALWAYS_INVESTED|DOUBLE,PRE_2020,-0.1509682691342586,-0.15096826913425865,-5.551115123125783e-17,1e-10,PASS,Independent rerun through immutable A4D primitives
ulcer_index,M2_BASE|TOP9|CASH_0_ALWAYS_INVESTED|DOUBLE,PRE_2020,0.0509508708222577,0.05095087082225774,4.163336342344337e-17,1e-10,PASS,Independent rerun through immutable A4D primitives
calmar_mar,M2_BASE|TOP9|CASH_0_ALWAYS_INVESTED|DOUBLE,PRE_2020,0.2144181820373606,0.21441818203736066,5.551115123125783e-17,1e-10,PASS,Independent rerun through immutable A4D primitives
annual_turnover_traded_notional,M2_BASE|TOP9|CASH_0_ALWAYS_INVESTED|DOUBLE,PRE_2020,2.1270393166838395,2.1270393166838395,0.0,1e-10,PASS,Independent rerun through immutable A4D primitives
net_excess_vs_equal_pool,M2_BASE|TOP9|CASH_0_ALWAYS_INVESTED|DOUBLE,PRE_2020,-0.0408924506917387,-0.040892450691738746,-4.85722573273506e-17,1e-10,PASS,Independent rerun through immutable A4D primitives
net_excess_vs_global,M2_BASE|TOP9|CASH_0_ALWAYS_INVESTED|DOUBLE,PRE_2020,-0.0483837254399068,-0.04838372543990688,-7.632783294297951e-17,1e-10,PASS,Independent rerun through immutable A4D primitives
average_cash_weight,M2_BASE|TOP9|CASH_0_ALWAYS_INVESTED|DOUBLE,PRE_2020,0.0,0.0,0.0,1e-10,PASS,Independent rerun through immutable A4D primitives
worst_rolling_six_months,M2_BASE|TOP9|CASH_0_ALWAYS_INVESTED|DOUBLE,PRE_2020,-0.0962908097549254,-0.09629080975492543,-2.7755575615628914e-17,1e-10,PASS,Independent rerun through immutable A4D primitives
net_cagr,M2_BASE|TOP9|CASH_0_ALWAYS_INVESTED|DOUBLE,POST_2020,0.1343386573370244,0.13433865733702444,2.7755575615628914e-17,1e-10,PASS,Independent rerun through immutable A4D primitives
maximum_drawdown,M2_BASE|TOP9|CASH_0_ALWAYS_INVESTED|DOUBLE,POST_2020,-0.2527319963136383,-0.2527319963136383,0.0,1e-10,PASS,Independent rerun through immutable A4D primitives
ulcer_index,M2_BASE|TOP9|CASH_0_ALWAYS_INVESTED|DOUBLE,POST_2020,0.1007879817919158,0.10078798179191586,6.938893903907228e-17,1e-10,PASS,Independent rerun through immutable A4D primitives
calmar_mar,M2_BASE|TOP9|CASH_0_ALWAYS_INVESTED|DOUBLE,POST_2020,0.5315459035519637,0.5315459035519637,0.0,1e-10,PASS,Independent rerun through immutable A4D primitives
annual_turnover_traded_notional,M2_BASE|TOP9|CASH_0_ALWAYS_INVESTED|DOUBLE,POST_2020,5.67579433389328,5.67579433389328,0.0,1e-10,PASS,Independent rerun through immutable A4D primitives
net_excess_vs_equal_pool,M2_BASE|TOP9|CASH_0_ALWAYS_INVESTED|DOUBLE,POST_2020,0.0023705307178392,0.0023705307178392143,1.431146867680866e-17,1e-10,PASS,Independent rerun through immutable A4D primitives
net_excess_vs_global,M2_BASE|TOP9|CASH_0_ALWAYS_INVESTED|DOUBLE,POST_2020,0.0046634243955514,0.004663424395551452,5.204170427930421e-17,1e-10,PASS,Independent rerun through immutable A4D primitives
average_cash_weight,M2_BASE|TOP9|CASH_0_ALWAYS_INVESTED|DOUBLE,POST_2020,0.0,0.0,0.0,1e-10,PASS,Independent rerun through immutable A4D primitives
worst_rolling_six_months,M2_BASE|TOP9|CASH_0_ALWAYS_INVESTED|DOUBLE,POST_2020,-0.1592765530674599,-0.15927655306745991,-2.7755575615628914e-17,1e-10,PASS,Independent rerun through immutable A4D primitives
net_cagr,M2_BASE|TOP9|CASH_0_ALWAYS_INVESTED|DOUBLE,LATEST_5Y,0.1092180943405463,0.1092180943405463,0.0,1e-10,PASS,Independent rerun through immutable A4D primitives
maximum_drawdown,M2_BASE|TOP9|CASH_0_ALWAYS_INVESTED|DOUBLE,LATEST_5Y,-0.2297286551593181,-0.22972865515931817,-8.326672684688674e-17,1e-10,PASS,Independent rerun through immutable A4D primitives
ulcer_index,M2_BASE|TOP9|CASH_0_ALWAYS_INVESTED|DOUBLE,LATEST_5Y,0.1097522414458355,0.10975224144583554,4.163336342344337e-17,1e-10,PASS,Independent rerun through immutable A4D primitives
calmar_mar,M2_BASE|TOP9|CASH_0_ALWAYS_INVESTED|DOUBLE,LATEST_5Y,0.4754221638776534,0.47542216387765346,5.551115123125783e-17,1e-10,PASS,Independent rerun through immutable A4D primitives
annual_turnover_traded_notional,M2_BASE|TOP9|CASH_0_ALWAYS_INVESTED|DOUBLE,LATEST_5Y,6.209334771415102,6.209334771415102,0.0,1e-10,PASS,Independent rerun through immutable A4D primitives
net_excess_vs_equal_pool,M2_BASE|TOP9|CASH_0_ALWAYS_INVESTED|DOUBLE,LATEST_5Y,-0.0006815484439617,-0.0006815484439617325,-3.252606517456513e-17,1e-10,PASS,Independent rerun through immutable A4D primitives
net_excess_vs_global,M2_BASE|TOP9|CASH_0_ALWAYS_INVESTED|DOUBLE,LATEST_5Y,-0.0059464538723672,-0.005946453872367252,-5.204170427930421e-17,1e-10,PASS,Independent rerun through immutable A4D primitives
average_cash_weight,M2_BASE|TOP9|CASH_0_ALWAYS_INVESTED|DOUBLE,LATEST_5Y,0.0,0.0,0.0,1e-10,PASS,Independent rerun through immutable A4D primitives
worst_rolling_six_months,M2_BASE|TOP9|CASH_0_ALWAYS_INVESTED|DOUBLE,LATEST_5Y,-0.1592765530674599,-0.15927655306745991,-2.7755575615628914e-17,1e-10,PASS,Independent rerun through immutable A4D primitives
net_cagr,M2_BASE|TOP9|CASH_0_ALWAYS_INVESTED|DOUBLE,LATEST_3Y,0.258671065904914,0.25867106590491407,5.551115123125783e-17,1e-10,PASS,Independent rerun through immutable A4D primitives
maximum_drawdown,M2_BASE|TOP9|CASH_0_ALWAYS_INVESTED|DOUBLE,LATEST_3Y,-0.1890228218608176,-0.18902282186081765,-5.551115123125783e-17,1e-10,PASS,Independent rerun through immutable A4D primitives
ulcer_index,M2_BASE|TOP9|CASH_0_ALWAYS_INVESTED|DOUBLE,LATEST_3Y,0.0510772763900964,0.05107727639009644,4.163336342344337e-17,1e-10,PASS,Independent rerun through immutable A4D primitives
calmar_mar,M2_BASE|TOP9|CASH_0_ALWAYS_INVESTED|DOUBLE,LATEST_3Y,1.3684647354136965,1.3684647354136963,-2.220446049250313e-16,1e-10,PASS,Independent rerun through immutable A4D primitives
annual_turnover_traded_notional,M2_BASE|TOP9|CASH_0_ALWAYS_INVESTED|DOUBLE,LATEST_3Y,6.72028554421382,6.72028554421382,0.0,1e-10,PASS,Independent rerun through immutable A4D primitives
net_excess_vs_equal_pool,M2_BASE|TOP9|CASH_0_ALWAYS_INVESTED|DOUBLE,LATEST_3Y,0.0508560196011844,0.050856019601184466,6.245004513516506e-17,1e-10,PASS,Independent rerun through immutable A4D primitives
net_excess_vs_global,M2_BASE|TOP9|CASH_0_ALWAYS_INVESTED|DOUBLE,LATEST_3Y,0.0718476422825389,0.07184764228253893,2.7755575615628914e-17,1e-10,PASS,Independent rerun through immutable A4D primitives
average_cash_weight,M2_BASE|TOP9|CASH_0_ALWAYS_INVESTED|DOUBLE,LATEST_3Y,0.0,0.0,0.0,1e-10,PASS,Independent rerun through immutable A4D primitives
worst_rolling_six_months,M2_BASE|TOP9|CASH_0_ALWAYS_INVESTED|DOUBLE,LATEST_3Y,-0.0339137830802481,-0.03391378308024817,-6.938893903907228e-17,1e-10,PASS,Independent rerun through immutable A4D primitives
net_cagr,M2_BASE|TOP9|CASH_1_INDIVIDUAL_ABOVE_CASH_252|BASE,FULL_HISTORY,0.0911036661708404,0.09110366617084042,2.7755575615628914e-17,1e-10,PASS,Independent rerun through immutable A4D primitives
maximum_drawdown,M2_BASE|TOP9|CASH_1_INDIVIDUAL_ABOVE_CASH_252|BASE,FULL_HISTORY,-0.2274253643264179,-0.2274253643264179,0.0,1e-10,PASS,Independent rerun through immutable A4D primitives
ulcer_index,M2_BASE|TOP9|CASH_1_INDIVIDUAL_ABOVE_CASH_252|BASE,FULL_HISTORY,0.0677436129335866,0.06774361293358669,8.326672684688674e-17,1e-10,PASS,Independent rerun through immutable A4D primitives
calmar_mar,M2_BASE|TOP9|CASH_1_INDIVIDUAL_ABOVE_CASH_252|BASE,FULL_HISTORY,0.4005870956419866,0.40058709564198663,5.551115123125783e-17,1e-10,PASS,Independent rerun through immutable A4D primitives
annual_turnover_traded_notional,M2_BASE|TOP9|CASH_1_INDIVIDUAL_ABOVE_CASH_252|BASE,FULL_HISTORY,4.455839588471145,4.455839588471145,0.0,1e-10,PASS,Independent rerun through immutable A4D primitives
net_excess_vs_equal_pool,M2_BASE|TOP9|CASH_1_INDIVIDUAL_ABOVE_CASH_252|BASE,FULL_HISTORY,-0.0242160194361935,-0.02421601943619356,-5.898059818321144e-17,1e-10,PASS,Independent rerun through immutable A4D primitives
net_excess_vs_global,M2_BASE|TOP9|CASH_1_INDIVIDUAL_ABOVE_CASH_252|BASE,FULL_HISTORY,-0.0249071661224149,-0.024907166122414948,-4.85722573273506e-17,1e-10,PASS,Independent rerun through immutable A4D primitives
average_cash_weight,M2_BASE|TOP9|CASH_1_INDIVIDUAL_ABOVE_CASH_252|BASE,FULL_HISTORY,0.2198605571790449,0.21986055717904493,2.7755575615628914e-17,1e-10,PASS,Independent rerun through immutable A4D primitives
worst_rolling_six_months,M2_BASE|TOP9|CASH_1_INDIVIDUAL_ABOVE_CASH_252|BASE,FULL_HISTORY,-0.1355181524230485,-0.13551815242304854,-5.551115123125783e-17,1e-10,PASS,Independent rerun through immutable A4D primitives
net_cagr,M2_BASE|TOP9|CASH_1_INDIVIDUAL_ABOVE_CASH_252|BASE,PRE_2020,0.0019623744490253,0.0019623744490253614,6.158268339717665e-17,1e-10,PASS,Independent rerun through immutable A4D primitives
maximum_drawdown,M2_BASE|TOP9|CASH_1_INDIVIDUAL_ABOVE_CASH_252|BASE,PRE_2020,-0.1023176729588627,-0.10231767295886274,-4.163336342344337e-17,1e-10,PASS,Independent rerun through immutable A4D primitives
ulcer_index,M2_BASE|TOP9|CASH_1_INDIVIDUAL_ABOVE_CASH_252|BASE,PRE_2020,0.0524932077682746,0.05249320776827463,3.469446951953614e-17,1e-10,PASS,Independent rerun through immutable A4D primitives
calmar_mar,M2_BASE|TOP9|CASH_1_INDIVIDUAL_ABOVE_CASH_252|BASE,PRE_2020,0.0191792326025079,0.019179232602507902,3.469446951953614e-18,1e-10,PASS,Independent rerun through immutable A4D primitives
annual_turnover_traded_notional,M2_BASE|TOP9|CASH_1_INDIVIDUAL_ABOVE_CASH_252|BASE,PRE_2020,2.9039592869243487,2.9039592869243487,0.0,1e-10,PASS,Independent rerun through immutable A4D primitives
net_excess_vs_equal_pool,M2_BASE|TOP9|CASH_1_INDIVIDUAL_ABOVE_CASH_252|BASE,PRE_2020,-0.0713004180558081,-0.07130041805580811,-1.3877787807814457e-17,1e-10,PASS,Independent rerun through immutable A4D primitives
net_excess_vs_global,M2_BASE|TOP9|CASH_1_INDIVIDUAL_ABOVE_CASH_252|BASE,PRE_2020,-0.0787916928039762,-0.07879169280397624,-4.163336342344337e-17,1e-10,PASS,Independent rerun through immutable A4D primitives
average_cash_weight,M2_BASE|TOP9|CASH_1_INDIVIDUAL_ABOVE_CASH_252|BASE,PRE_2020,0.3254779789410061,0.32547797894100616,5.551115123125783e-17,1e-10,PASS,Independent rerun through immutable A4D primitives
worst_rolling_six_months,M2_BASE|TOP9|CASH_1_INDIVIDUAL_ABOVE_CASH_252|BASE,PRE_2020,-0.0768599897664146,-0.07685998976641462,-1.3877787807814457e-17,1e-10,PASS,Independent rerun through immutable A4D primitives
net_cagr,M2_BASE|TOP9|CASH_1_INDIVIDUAL_ABOVE_CASH_252|BASE,POST_2020,0.1305813794658428,0.1305813794658428,0.0,1e-10,PASS,Independent rerun through immutable A4D primitives
maximum_drawdown,M2_BASE|TOP9|CASH_1_INDIVIDUAL_ABOVE_CASH_252|BASE,POST_2020,-0.2065424921280113,-0.20654249212801135,-5.551115123125783e-17,1e-10,PASS,Independent rerun through immutable A4D primitives
ulcer_index,M2_BASE|TOP9|CASH_1_INDIVIDUAL_ABOVE_CASH_252|BASE,POST_2020,0.0704285859493997,0.07042858594939978,8.326672684688674e-17,1e-10,PASS,Independent rerun through immutable A4D primitives
calmar_mar,M2_BASE|TOP9|CASH_1_INDIVIDUAL_ABOVE_CASH_252|BASE,POST_2020,0.6322252536050103,0.6322252536050103,0.0,1e-10,PASS,Independent rerun through immutable A4D primitives
annual_turnover_traded_notional,M2_BASE|TOP9|CASH_1_INDIVIDUAL_ABOVE_CASH_252|BASE,POST_2020,5.124528123098043,5.124528123098043,0.0,1e-10,PASS,Independent rerun through immutable A4D primitives
net_excess_vs_equal_pool,M2_BASE|TOP9|CASH_1_INDIVIDUAL_ABOVE_CASH_252|BASE,POST_2020,-0.0013867471533424,-0.0013867471533424158,-1.5829351718288365e-17,1e-10,PASS,Independent rerun through immutable A4D primitives
net_excess_vs_global,M2_BASE|TOP9|CASH_1_INDIVIDUAL_ABOVE_CASH_252|BASE,POST_2020,0.0009061465243698,0.0009061465243698219,2.190088388420719e-17,1e-10,PASS,Independent rerun through immutable A4D primitives
average_cash_weight,M2_BASE|TOP9|CASH_1_INDIVIDUAL_ABOVE_CASH_252|BASE,POST_2020,0.1768975381572301,0.17689753815723017,5.551115123125783e-17,1e-10,PASS,Independent rerun through immutable A4D primitives
worst_rolling_six_months,M2_BASE|TOP9|CASH_1_INDIVIDUAL_ABOVE_CASH_252|BASE,POST_2020,-0.1001147140795829,-0.10011471407958294,-4.163336342344337e-17,1e-10,PASS,Independent rerun through immutable A4D primitives
net_cagr,M2_BASE|TOP9|CASH_1_INDIVIDUAL_ABOVE_CASH_252|BASE,LATEST_5Y,0.1303126234299683,0.1303126234299683,0.0,1e-10,PASS,Independent rerun through immutable A4D primitives
maximum_drawdown,M2_BASE|TOP9|CASH_1_INDIVIDUAL_ABOVE_CASH_252|BASE,LATEST_5Y,-0.1677716662986085,-0.1677716662986085,0.0,1e-10,PASS,Independent rerun through immutable A4D primitives
ulcer_index,M2_BASE|TOP9|CASH_1_INDIVIDUAL_ABOVE_CASH_252|BASE,LATEST_5Y,0.0734290653321394,0.07342906533213941,1.3877787807814457e-17,1e-10,PASS,Independent rerun through immutable A4D primitives
calmar_mar,M2_BASE|TOP9|CASH_1_INDIVIDUAL_ABOVE_CASH_252|BASE,LATEST_5Y,0.7767260485929208,0.7767260485929208,0.0,1e-10,PASS,Independent rerun through immutable A4D primitives
annual_turnover_traded_notional,M2_BASE|TOP9|CASH_1_INDIVIDUAL_ABOVE_CASH_252|BASE,LATEST_5Y,5.593804882825749,5.593804882825749,0.0,1e-10,PASS,Independent rerun through immutable A4D primitives
net_excess_vs_equal_pool,M2_BASE|TOP9|CASH_1_INDIVIDUAL_ABOVE_CASH_252|BASE,LATEST_5Y,0.0204129806454602,0.020412980645460266,6.591949208711867e-17,1e-10,PASS,Independent rerun through immutable A4D primitives
net_excess_vs_global,M2_BASE|TOP9|CASH_1_INDIVIDUAL_ABOVE_CASH_252|BASE,LATEST_5Y,0.0151480752170547,0.015148075217054746,4.683753385137379e-17,1e-10,PASS,Independent rerun through immutable A4D primitives
average_cash_weight,M2_BASE|TOP9|CASH_1_INDIVIDUAL_ABOVE_CASH_252|BASE,LATEST_5Y,0.1713621250333729,0.17136212503337295,5.551115123125783e-17,1e-10,PASS,Independent rerun through immutable A4D primitives
worst_rolling_six_months,M2_BASE|TOP9|CASH_1_INDIVIDUAL_ABOVE_CASH_252|BASE,LATEST_5Y,-0.1001147140795829,-0.10011471407958294,-4.163336342344337e-17,1e-10,PASS,Independent rerun through immutable A4D primitives
net_cagr,M2_BASE|TOP9|CASH_1_INDIVIDUAL_ABOVE_CASH_252|BASE,LATEST_3Y,0.2424821793769986,0.24248217937699867,8.326672684688674e-17,1e-10,PASS,Independent rerun through immutable A4D primitives
maximum_drawdown,M2_BASE|TOP9|CASH_1_INDIVIDUAL_ABOVE_CASH_252|BASE,LATEST_3Y,-0.1677716662986085,-0.1677716662986085,0.0,1e-10,PASS,Independent rerun through immutable A4D primitives
ulcer_index,M2_BASE|TOP9|CASH_1_INDIVIDUAL_ABOVE_CASH_252|BASE,LATEST_3Y,0.0469759634795783,0.046975963479578324,2.0816681711721685e-17,1e-10,PASS,Independent rerun through immutable A4D primitives
calmar_mar,M2_BASE|TOP9|CASH_1_INDIVIDUAL_ABOVE_CASH_252|BASE,LATEST_3Y,1.4453106697135416,1.4453106697135416,0.0,1e-10,PASS,Independent rerun through immutable A4D primitives
annual_turnover_traded_notional,M2_BASE|TOP9|CASH_1_INDIVIDUAL_ABOVE_CASH_252|BASE,LATEST_3Y,6.626785875493049,6.626785875493049,0.0,1e-10,PASS,Independent rerun through immutable A4D primitives
net_excess_vs_equal_pool,M2_BASE|TOP9|CASH_1_INDIVIDUAL_ABOVE_CASH_252|BASE,LATEST_3Y,0.034667133073269,0.034667133073269074,7.632783294297951e-17,1e-10,PASS,Independent rerun through immutable A4D primitives
net_excess_vs_global,M2_BASE|TOP9|CASH_1_INDIVIDUAL_ABOVE_CASH_252|BASE,LATEST_3Y,0.0556587557546235,0.055658755754623535,3.469446951953614e-17,1e-10,PASS,Independent rerun through immutable A4D primitives
average_cash_weight,M2_BASE|TOP9|CASH_1_INDIVIDUAL_ABOVE_CASH_252|BASE,LATEST_3Y,0.0826600415973933,0.08266004159739333,2.7755575615628914e-17,1e-10,PASS,Independent rerun through immutable A4D primitives
worst_rolling_six_months,M2_BASE|TOP9|CASH_1_INDIVIDUAL_ABOVE_CASH_252|BASE,LATEST_3Y,-0.0445846715265302,-0.04458467152653023,-2.7755575615628914e-17,1e-10,PASS,Independent rerun through immutable A4D primitives
net_cagr,M2_BASE|TOP9|CASH_1_INDIVIDUAL_ABOVE_CASH_252|DOUBLE,FULL_HISTORY,0.080277175410216,0.08027717541021606,5.551115123125783e-17,1e-10,PASS,Independent rerun through immutable A4D primitives
maximum_drawdown,M2_BASE|TOP9|CASH_1_INDIVIDUAL_ABOVE_CASH_252|DOUBLE,FULL_HISTORY,-0.2411355765644683,-0.24113557656446838,-8.326672684688674e-17,1e-10,PASS,Independent rerun through immutable A4D primitives
ulcer_index,M2_BASE|TOP9|CASH_1_INDIVIDUAL_ABOVE_CASH_252|DOUBLE,FULL_HISTORY,0.0740212818692038,0.07402128186920386,5.551115123125783e-17,1e-10,PASS,Independent rerun through immutable A4D primitives
calmar_mar,M2_BASE|TOP9|CASH_1_INDIVIDUAL_ABOVE_CASH_252|DOUBLE,FULL_HISTORY,0.3329130298977418,0.3329130298977418,0.0,1e-10,PASS,Independent rerun through immutable A4D primitives
annual_turnover_traded_notional,M2_BASE|TOP9|CASH_1_INDIVIDUAL_ABOVE_CASH_252|DOUBLE,FULL_HISTORY,4.455839588471145,4.455839588471145,0.0,1e-10,PASS,Independent rerun through immutable A4D primitives
net_excess_vs_equal_pool,M2_BASE|TOP9|CASH_1_INDIVIDUAL_ABOVE_CASH_252|DOUBLE,FULL_HISTORY,-0.0350425101968179,-0.03504251019681792,-2.0816681711721685e-17,1e-10,PASS,Independent rerun through immutable A4D primitives
net_excess_vs_global,M2_BASE|TOP9|CASH_1_INDIVIDUAL_ABOVE_CASH_252|DOUBLE,FULL_HISTORY,-0.0357336568830393,-0.03573365688303931,-1.3877787807814457e-17,1e-10,PASS,Independent rerun through immutable A4D primitives
average_cash_weight,M2_BASE|TOP9|CASH_1_INDIVIDUAL_ABOVE_CASH_252|DOUBLE,FULL_HISTORY,0.2198605571790449,0.21986055717904493,2.7755575615628914e-17,1e-10,PASS,Independent rerun through immutable A4D primitives
worst_rolling_six_months,M2_BASE|TOP9|CASH_1_INDIVIDUAL_ABOVE_CASH_252|DOUBLE,FULL_HISTORY,-0.1400850791853319,-0.14008507918533197,-8.326672684688674e-17,1e-10,PASS,Independent rerun through immutable A4D primitives
net_cagr,M2_BASE|TOP9|CASH_1_INDIVIDUAL_ABOVE_CASH_252|DOUBLE,PRE_2020,-0.0040625224847632,-0.004062522484763242,-4.2500725161431774e-17,1e-10,PASS,Independent rerun through immutable A4D primitives
maximum_drawdown,M2_BASE|TOP9|CASH_1_INDIVIDUAL_ABOVE_CASH_252|DOUBLE,PRE_2020,-0.1071574815909016,-0.10715748159090166,-5.551115123125783e-17,1e-10,PASS,Independent rerun through immutable A4D primitives
ulcer_index,M2_BASE|TOP9|CASH_1_INDIVIDUAL_ABOVE_CASH_252|DOUBLE,PRE_2020,0.057564155817811,0.057564155817811005,6.938893903907228e-18,1e-10,PASS,Independent rerun through immutable A4D primitives
calmar_mar,M2_BASE|TOP9|CASH_1_INDIVIDUAL_ABOVE_CASH_252|DOUBLE,PRE_2020,-0.0379117017724703,-0.03791170177247032,-2.0816681711721685e-17,1e-10,PASS,Independent rerun through immutable A4D primitives
annual_turnover_traded_notional,M2_BASE|TOP9|CASH_1_INDIVIDUAL_ABOVE_CASH_252|DOUBLE,PRE_2020,2.903959286924349,2.903959286924349,0.0,1e-10,PASS,Independent rerun through immutable A4D primitives
net_excess_vs_equal_pool,M2_BASE|TOP9|CASH_1_INDIVIDUAL_ABOVE_CASH_252|DOUBLE,PRE_2020,-0.0773253149895967,-0.07732531498959672,-1.3877787807814457e-17,1e-10,PASS,Independent rerun through immutable A4D primitives
net_excess_vs_global,M2_BASE|TOP9|CASH_1_INDIVIDUAL_ABOVE_CASH_252|DOUBLE,PRE_2020,-0.0848165897377648,-0.08481658973776485,-4.163336342344337e-17,1e-10,PASS,Independent rerun through immutable A4D primitives
average_cash_weight,M2_BASE|TOP9|CASH_1_INDIVIDUAL_ABOVE_CASH_252|DOUBLE,PRE_2020,0.3254779789410061,0.32547797894100616,5.551115123125783e-17,1e-10,PASS,Independent rerun through immutable A4D primitives
worst_rolling_six_months,M2_BASE|TOP9|CASH_1_INDIVIDUAL_ABOVE_CASH_252|DOUBLE,PRE_2020,-0.0798430205954041,-0.07984302059540416,-5.551115123125783e-17,1e-10,PASS,Independent rerun through immutable A4D primitives
net_cagr,M2_BASE|TOP9|CASH_1_INDIVIDUAL_ABOVE_CASH_252|DOUBLE,POST_2020,0.1176886531477219,0.11768865314772192,2.7755575615628914e-17,1e-10,PASS,Independent rerun through immutable A4D primitives
maximum_drawdown,M2_BASE|TOP9|CASH_1_INDIVIDUAL_ABOVE_CASH_252|DOUBLE,POST_2020,-0.20792379340061,-0.20792379340061007,-5.551115123125783e-17,1e-10,PASS,Independent rerun through immutable A4D primitives
ulcer_index,M2_BASE|TOP9|CASH_1_INDIVIDUAL_ABOVE_CASH_252|DOUBLE,POST_2020,0.0752732237561729,0.07527322375617292,1.3877787807814457e-17,1e-10,PASS,Independent rerun through immutable A4D primitives
calmar_mar,M2_BASE|TOP9|CASH_1_INDIVIDUAL_ABOVE_CASH_252|DOUBLE,POST_2020,0.5660182089933754,0.5660182089933754,0.0,1e-10,PASS,Independent rerun through immutable A4D primitives
annual_turnover_traded_notional,M2_BASE|TOP9|CASH_1_INDIVIDUAL_ABOVE_CASH_252|DOUBLE,POST_2020,5.124528123098043,5.124528123098043,0.0,1e-10,PASS,Independent rerun through immutable A4D primitives
net_excess_vs_equal_pool,M2_BASE|TOP9|CASH_1_INDIVIDUAL_ABOVE_CASH_252|DOUBLE,POST_2020,-0.0142794734714633,-0.0142794734714633,0.0,1e-10,PASS,Independent rerun through immutable A4D primitives
net_excess_vs_global,M2_BASE|TOP9|CASH_1_INDIVIDUAL_ABOVE_CASH_252|DOUBLE,POST_2020,-0.011986579793751,-0.011986579793751062,-6.245004513516506e-17,1e-10,PASS,Independent rerun through immutable A4D primitives
average_cash_weight,M2_BASE|TOP9|CASH_1_INDIVIDUAL_ABOVE_CASH_252|DOUBLE,POST_2020,0.1768975381572301,0.17689753815723017,5.551115123125783e-17,1e-10,PASS,Independent rerun through immutable A4D primitives
worst_rolling_six_months,M2_BASE|TOP9|CASH_1_INDIVIDUAL_ABOVE_CASH_252|DOUBLE,POST_2020,-0.1033927386405612,-0.1033927386405612,0.0,1e-10,PASS,Independent rerun through immutable A4D primitives
net_cagr,M2_BASE|TOP9|CASH_1_INDIVIDUAL_ABOVE_CASH_252|DOUBLE,LATEST_5Y,0.1162784747727543,0.11627847477275433,2.7755575615628914e-17,1e-10,PASS,Independent rerun through immutable A4D primitives
maximum_drawdown,M2_BASE|TOP9|CASH_1_INDIVIDUAL_ABOVE_CASH_252|DOUBLE,LATEST_5Y,-0.1697723394416777,-0.1697723394416777,0.0,1e-10,PASS,Independent rerun through immutable A4D primitives
ulcer_index,M2_BASE|TOP9|CASH_1_INDIVIDUAL_ABOVE_CASH_252|DOUBLE,LATEST_5Y,0.079090811406299,0.079090811406299,0.0,1e-10,PASS,Independent rerun through immutable A4D primitives
calmar_mar,M2_BASE|TOP9|CASH_1_INDIVIDUAL_ABOVE_CASH_252|DOUBLE,LATEST_5Y,0.6849082433284119,0.6849082433284119,0.0,1e-10,PASS,Independent rerun through immutable A4D primitives
annual_turnover_traded_notional,M2_BASE|TOP9|CASH_1_INDIVIDUAL_ABOVE_CASH_252|DOUBLE,LATEST_5Y,5.593804882825749,5.593804882825749,0.0,1e-10,PASS,Independent rerun through immutable A4D primitives
net_excess_vs_equal_pool,M2_BASE|TOP9|CASH_1_INDIVIDUAL_ABOVE_CASH_252|DOUBLE,LATEST_5Y,0.0063788319882462,0.006378831988246292,9.194034422677078e-17,1e-10,PASS,Independent rerun through immutable A4D primitives
net_excess_vs_global,M2_BASE|TOP9|CASH_1_INDIVIDUAL_ABOVE_CASH_252|DOUBLE,LATEST_5Y,0.0011139265598407,0.0011139265598407722,7.22078646875346e-17,1e-10,PASS,Independent rerun through immutable A4D primitives
average_cash_weight,M2_BASE|TOP9|CASH_1_INDIVIDUAL_ABOVE_CASH_252|DOUBLE,LATEST_5Y,0.1713621250333729,0.17136212503337295,5.551115123125783e-17,1e-10,PASS,Independent rerun through immutable A4D primitives
worst_rolling_six_months,M2_BASE|TOP9|CASH_1_INDIVIDUAL_ABOVE_CASH_252|DOUBLE,LATEST_5Y,-0.1033927386405612,-0.1033927386405612,0.0,1e-10,PASS,Independent rerun through immutable A4D primitives
net_cagr,M2_BASE|TOP9|CASH_1_INDIVIDUAL_ABOVE_CASH_252|DOUBLE,LATEST_3Y,0.224292589549089,0.22429258954908904,2.7755575615628914e-17,1e-10,PASS,Independent rerun through immutable A4D primitives
maximum_drawdown,M2_BASE|TOP9|CASH_1_INDIVIDUAL_ABOVE_CASH_252|DOUBLE,LATEST_3Y,-0.1697723394416775,-0.16977233944167758,-8.326672684688674e-17,1e-10,PASS,Independent rerun through immutable A4D primitives
ulcer_index,M2_BASE|TOP9|CASH_1_INDIVIDUAL_ABOVE_CASH_252|DOUBLE,LATEST_3Y,0.0482314245497067,0.04823142454970679,9.020562075079397e-17,1e-10,PASS,Independent rerun through immutable A4D primitives
calmar_mar,M2_BASE|TOP9|CASH_1_INDIVIDUAL_ABOVE_CASH_252|DOUBLE,LATEST_3Y,1.3211374142967558,1.3211374142967558,0.0,1e-10,PASS,Independent rerun through immutable A4D primitives
annual_turnover_traded_notional,M2_BASE|TOP9|CASH_1_INDIVIDUAL_ABOVE_CASH_252|DOUBLE,LATEST_3Y,6.626785875493049,6.626785875493049,0.0,1e-10,PASS,Independent rerun through immutable A4D primitives
net_excess_vs_equal_pool,M2_BASE|TOP9|CASH_1_INDIVIDUAL_ABOVE_CASH_252|DOUBLE,LATEST_3Y,0.0164775432453594,0.01647754324535944,3.8163916471489756e-17,1e-10,PASS,Independent rerun through immutable A4D primitives
net_excess_vs_global,M2_BASE|TOP9|CASH_1_INDIVIDUAL_ABOVE_CASH_252|DOUBLE,LATEST_3Y,0.0374691659267139,0.0374691659267139,0.0,1e-10,PASS,Independent rerun through immutable A4D primitives
average_cash_weight,M2_BASE|TOP9|CASH_1_INDIVIDUAL_ABOVE_CASH_252|DOUBLE,LATEST_3Y,0.0826600415973933,0.08266004159739333,2.7755575615628914e-17,1e-10,PASS,Independent rerun through immutable A4D primitives
worst_rolling_six_months,M2_BASE|TOP9|CASH_1_INDIVIDUAL_ABOVE_CASH_252|DOUBLE,LATEST_3Y,-0.0512741456577946,-0.051274145657794645,-4.85722573273506e-17,1e-10,PASS,Independent rerun through immutable A4D primitives
