analysis_context_id,analysis_context_type,signal_id,forward_horizon_sessions,mean_contemporaneous_count,ic_observation_count,mean_spearman_ic,median_spearman_ic,ic_positive_frequency,ic_hac_t_statistic,ic_hac_p_value,ic_ci_low,ic_ci_high,top_bottom_observation_count,top_bottom_mean,top_bottom_median,top_bottom_positive_frequency,top_bottom_hac_t_statistic,top_bottom_hac_p_value,bucket_date_count,warning,bucket_count,bucket_1_mean_forward_return,bucket_2_mean_forward_return,bucket_3_mean_forward_return,bucket_4_mean_forward_return,bucket_5_mean_forward_return,bucket_monotonicity_fraction
ALL_EQUITY_OPPORTUNITIES,ALL_EQUITY,ACCEL_FAST_COMPOSITE,5,42.667820069204154,289,-0.003680528167502747,0.006128584643848253,0.5017301038062284,-0.22023617477553314,0.82568722479301,-0.03643492312438421,0.029073866789378715,289,0.00023816667126194959,0.0009869377983244831,0.5190311418685121,0.1309117897157505,0.8958450881059244,289,"HISTORICAL UK RETAIL, ACCOUNT AND BROKER ELIGIBILITY REMAIN UNRESOLVED",5,0.0021835778792988754,0.0016316162653498341,0.001695163484177465,0.0023098249828154144,0.002052683958052132,0.5
ALL_EQUITY_OPPORTUNITIES,ALL_EQUITY,ACCEL_FAST_COMPOSITE,10,41.888888888888886,279,0.003990516167075172,-0.005544257372782094,0.4767025089605735,0.20382820865527482,0.8384877482470352,-0.03438134619089661,0.042362378525046956,279,0.002118042588482764,-0.0012100840202884378,0.48028673835125446,0.6789689270797464,0.4971575504626645,279,"HISTORICAL UK RETAIL, ACCOUNT AND BROKER ELIGIBILITY REMAIN UNRESOLVED",5,0.0035355974183118185,0.0027441857320093478,0.003841601055671635,0.00395676755119513,0.0043829360130726875,0.75
ALL_EQUITY_OPPORTUNITIES,ALL_EQUITY,ACCEL_FAST_COMPOSITE,21,40.06949806949807,259,0.017048601964522004,0.019794721407624633,0.525096525096525,0.6286870150443011,0.5295539807281741,-0.036101288263236775,0.07019849219228079,259,0.009220210188931982,0.0002161766241011165,0.5057915057915058,1.6212306372757634,0.10496818447492652,259,"HISTORICAL UK RETAIL, ACCOUNT AND BROKER ELIGIBILITY REMAIN UNRESOLVED",5,0.004799378200745113,0.004275050256750626,0.005836671866886928,0.0056348140333865185,0.007936423362576547,0.5
ALL_EQUITY_OPPORTUNITIES,ALL_EQUITY,ACCEL_FAST_COMPOSITE,42,37.108225108225106,231,0.01890636712272637,0.047430830039525654,0.5411255411255411,0.5455867142495542,0.5853500589157206,-0.04901280625744934,0.08682554050290209,231,0.012700635797791427,0.012508938708274187,0.5714285714285714,1.2802081083561636,0.20047195501745074,231,"HISTORICAL UK RETAIL, ACCOUNT AND BROKER ELIGIBILITY REMAIN UNRESOLVED",5,0.010774618090176182,0.009982530369326718,0.013688458357366026,0.010985967335488029,0.015164762563235639,0.5
ALL_EQUITY_OPPORTUNITIES,ALL_EQUITY,ACCEL_FAST_COMPOSITE,63,33.851485148514854,202,0.023158689580819947,0.03072699851284244,0.5594059405940595,0.5705711524891594,0.568290377773292,-0.05639352281115251,0.1027109019727924,202,0.0018065827329090771,0.004644399739560212,0.5148514851485149,0.15174402297853357,0.879388833884095,202,"HISTORICAL UK RETAIL, ACCOUNT AND BROKER ELIGIBILITY REMAIN UNRESOLVED",5,0.024203952625623037,0.022422378399763437,0.027867202464524586,0.023878228861211832,0.026350095689124952,0.5
ALL_EQUITY_OPPORTUNITIES,ALL_EQUITY,ACCEL_FAST_COMPOSITE,126,30.849162011173185,179,0.027386562655040313,0.03179487179487179,0.5363128491620112,0.5922122246819699,0.5537084843697007,-0.06325100649182107,0.1180241318019017,179,0.014356784017416068,0.011355826812339043,0.5307262569832403,0.7349793330092066,0.46235208083166734,179,"HISTORICAL UK RETAIL, ACCOUNT AND BROKER ELIGIBILITY REMAIN UNRESOLVED",5,0.045860268620955755,0.055511930853988964,0.05921789320319533,0.058184155458868764,0.057448399529460674,0.5
ALL_EQUITY_OPPORTUNITIES,ALL_EQUITY,DISCRETE_RECENT_CONSISTENCY,5,47.91029023746702,379,0.008152615937430472,0.010901001112347073,0.5145118733509235,0.5639184264987559,0.5728096490778981,-0.02018274759441934,0.036487979469280285,379,-0.00036363073036889144,-7.824890606034085e-05,0.49604221635883905,-0.23930664216713857,0.8108678153190519,379,"HISTORICAL UK RETAIL, ACCOUNT AND BROKER ELIGIBILITY REMAIN UNRESOLVED",5,0.0017120900607914293,0.0016603805492212444,0.0024282341237419785,0.001881347507368304,0.0022835878149140825,0.5
ALL_EQUITY_OPPORTUNITIES,ALL_EQUITY,DISCRETE_RECENT_CONSISTENCY,10,47.21212121212121,363,0.009254458383130803,0.03310104529616728,0.5316804407713499,0.5300186875936083,0.5960989740829312,-0.024967740856132195,0.043476657622393805,363,0.00046944526941698636,-0.0018173066869262566,0.46831955922865015,0.1943831064514225,0.8458759167375143,363,"HISTORICAL UK RETAIL, ACCOUNT AND BROKER ELIGIBILITY REMAIN UNRESOLVED",5,0.0031638632402124023,0.00341631776223769,0.003512387310213035,0.0034271912817136854,0.004164179646558729,0.75
ALL_EQUITY_OPPORTUNITIES,ALL_EQUITY,DISCRETE_RECENT_CONSISTENCY,21,45.6,330,-0.0045942203160263305,0.03127996664582031,0.5515151515151515,-0.17950706412451345,0.8575395710519315,-0.05475662701779233,0.045568186385739666,330,0.0018994957243522119,-0.0010276570303971444,0.4909090909090909,0.4457628084135916,0.6557685896686196,330,"HISTORICAL UK RETAIL, ACCOUNT AND BROKER ELIGIBILITY REMAIN UNRESOLVED",5,0.005360760122956544,0.006361132572001018,0.006116331612822292,0.006483763318183818,0.006700323455251259,0.75
ALL_EQUITY_OPPORTUNITIES,ALL_EQUITY,DISCRETE_RECENT_CONSISTENCY,42,43.35690235690236,297,-0.015086960083643176,0.020154258886653273,0.5286195286195287,-0.4600991008928241,0.6454450894255948,-0.07935550210590213,0.049181581938615784,297,0.0032468756879596985,-0.005559664608399517,0.4612794612794613,0.407942131812248,0.6833161601221038,297,"HISTORICAL UK RETAIL, ACCOUNT AND BROKER ELIGIBILITY REMAIN UNRESOLVED",5,0.011447291810493011,0.011414518698514798,0.012088559079618423,0.011718593559254174,0.014296610759015569,0.5
ALL_EQUITY_OPPORTUNITIES,ALL_EQUITY,DISCRETE_RECENT_CONSISTENCY,63,40.68939393939394,264,0.005274579156248607,-0.00020625404148630247,0.5,0.13450188760519535,0.8930057185600241,-0.07158668549899637,0.0821358438114936,264,0.008068195547455392,-0.005346978792663715,0.48484848484848486,0.6376177691864374,0.5237225258341405,264,"HISTORICAL UK RETAIL, ACCOUNT AND BROKER ELIGIBILITY REMAIN UNRESOLVED",5,0.017133930911381722,0.019114571681003622,0.019859358873518716,0.018479390822419818,0.022417713030955876,0.75
ALL_EQUITY_OPPORTUNITIES,ALL_EQUITY,DISCRETE_RECENT_CONSISTENCY,126,31.983957219251337,187,0.04780919674291089,0.06986062717770035,0.5614973262032086,0.7610496090872273,0.4466274367765132,-0.07531589605922617,0.17093428954504797,187,0.021544411212323134,0.008532544994094948,0.5401069518716578,0.8672577556053414,0.38580079741776274,187,"HISTORICAL UK RETAIL, ACCOUNT AND BROKER ELIGIBILITY REMAIN UNRESOLVED",5,0.05164535660056021,0.05005231573713344,0.05662789512768376,0.05539540653181789,0.059775090861688654,0.5
ALL_EQUITY_OPPORTUNITIES,ALL_EQUITY,MH_LEVEL_3_6_12_REFERENCE,5,30.3121387283237,173,0.01181046336625705,0.025806451612903233,0.5202312138728323,0.4867405414345998,0.626442211124408,-0.03574687132866637,0.05936779806118048,173,0.00193866063704734,0.0018813623277365021,0.5260115606936416,0.8743121083025315,0.3819483070905506,173,"HISTORICAL UK RETAIL, ACCOUNT AND BROKER ELIGIBILITY REMAIN UNRESOLVED",5,0.0025702754267800058,0.0020706444830343226,0.0025799139372278406,0.003155035944962395,0.002729665580964033,0.5
ALL_EQUITY_OPPORTUNITIES,ALL_EQUITY,MH_LEVEL_3_6_12_REFERENCE,10,30.232558139534884,172,0.014304407952929834,0.014853873724841487,0.5116279069767442,0.46617813777406025,0.6410879967246406,-0.045835959293332784,0.07444477519919246,172,0.0031184365979886565,0.001819063025488954,0.5174418604651163,0.8033277241730742,0.4217853376535571,172,"HISTORICAL UK RETAIL, ACCOUNT AND BROKER ELIGIBILITY REMAIN UNRESOLVED",5,0.004666359996159963,0.004330587160051574,0.00477567730385522,0.00582922702800315,0.00530935419424908,0.5
ALL_EQUITY_OPPORTUNITIES,ALL_EQUITY,MH_LEVEL_3_6_12_REFERENCE,21,30.011834319526628,169,-0.0027020291749479714,0.012845849802371533,0.514792899408284,-0.06482319503646593,0.9483147733193803,-0.08439932695694302,0.07899526860704709,169,0.005441315460370696,0.0019452408739972782,0.5088757396449705,0.8680234121367835,0.38538151604577464,169,"HISTORICAL UK RETAIL, ACCOUNT AND BROKER ELIGIBILITY REMAIN UNRESOLVED",5,0.008208983360564191,0.0086071582606897,0.010233915865429235,0.009248939133201484,0.009920290106273849,0.75
ALL_EQUITY_OPPORTUNITIES,ALL_EQUITY,MH_LEVEL_3_6_12_REFERENCE,42,29.684848484848484,165,-0.014580434428108241,-0.015262515262515274,0.47878787878787876,-0.3093240851574044,0.7570750114442926,-0.1069661480834096,0.0778052792271931,165,0.002560850600408139,-0.003419006924728518,0.4909090909090909,0.266513042664161,0.7898441159447642,165,"HISTORICAL UK RETAIL, ACCOUNT AND BROKER ELIGIBILITY REMAIN UNRESOLVED",5,0.017009318086078695,0.018383203960640835,0.021552522487653415,0.019396690727714848,0.018685175669634558,0.5
ALL_EQUITY_OPPORTUNITIES,ALL_EQUITY,MH_LEVEL_3_6_12_REFERENCE,63,29.347826086956523,161,0.0243858470588448,0.04434782608695654,0.5403726708074534,0.5071519535946137,0.6120482039345252,-0.06985687768878088,0.11862857180647049,161,-0.002263902681200467,-0.00941156471287996,0.4782608695652174,-0.15503957295882753,0.8767901197698191,161,"HISTORICAL UK RETAIL, ACCOUNT AND BROKER ELIGIBILITY REMAIN UNRESOLVED",5,0.02454177961344338,0.025667924310020587,0.03183807409078084,0.03159495461521872,0.025313489666370034,0.5
ALL_EQUITY_OPPORTUNITIES,ALL_EQUITY,MH_LEVEL_3_6_12_REFERENCE,126,28.16216216216216,148,0.005292988552965639,0.010967810240250609,0.5135135135135135,0.11657266561270088,0.9071986996909216,-0.08369928832317665,0.09428526542910794,148,-0.014100417717757946,-0.01805937890347581,0.4391891891891892,-0.5750663195228783,0.5652464452986857,148,"HISTORICAL UK RETAIL, ACCOUNT AND BROKER ELIGIBILITY REMAIN UNRESOLVED",5,0.05900477944813851,0.05321154850913518,0.06481424468793746,0.0633020468363248,0.04567837683604642,0.25
ALL_EQUITY_OPPORTUNITIES,ALL_EQUITY,MH_LEVEL_60D_CENTERED,5,30.3121387283237,173,-0.0012165844238632656,0.018315018315018326,0.5260115606936416,-0.053372097026828894,0.9574354368624458,-0.045892768942635304,0.043459600094908776,173,0.0002900805346665723,-0.003233221437307199,0.4624277456647399,0.14917608517171485,0.8814146900959872,173,"HISTORICAL UK RETAIL, ACCOUNT AND BROKER ELIGIBILITY REMAIN UNRESOLVED",5,0.002411461571895917,0.002991434093121634,0.0026429306410260863,0.0024319877735810478,0.0026805200553067544,0.5
ALL_EQUITY_OPPORTUNITIES,ALL_EQUITY,MH_LEVEL_60D_CENTERED,10,30.232558139534884,172,-0.0017291410900527506,-0.004097786271699329,0.4941860465116279,-0.05990846465685572,0.9522285381848428,-0.0582996821664028,0.05484139998629729,172,0.00018608984984323947,-0.0028491147468601707,0.45930232558139533,0.0559458081134944,0.9553849783524297,172,"HISTORICAL UK RETAIL, ACCOUNT AND BROKER ELIGIBILITY REMAIN UNRESOLVED",5,0.004874769170474533,0.005020165024152679,0.004910000908396779,0.0053528888270099545,0.0046975641282322915,0.5
ALL_EQUITY_OPPORTUNITIES,ALL_EQUITY,MH_LEVEL_60D_CENTERED,21,30.011834319526628,169,-0.019010135259355333,0.0017094017094017055,0.5088757396449705,-0.45454671220531845,0.6494353787487868,-0.1009801054496611,0.06295983493095045,169,0.0017674074607129154,0.00022193631368883082,0.5029585798816568,0.29667107113167235,0.7667176451040779,169,"HISTORICAL UK RETAIL, ACCOUNT AND BROKER ELIGIBILITY REMAIN UNRESOLVED",5,0.009103047102674297,0.00850032191910522,0.01029858889674673,0.010389798405574515,0.007798933947471114,0.5
ALL_EQUITY_OPPORTUNITIES,ALL_EQUITY,MH_LEVEL_60D_CENTERED,42,29.684848484848484,165,-0.02178920374133809,-0.017760617760617735,0.4727272727272727,-0.46178481553094736,0.6442356410095551,-0.11426962567926134,0.07069121819658515,165,0.005987715018810353,-0.004064271501878491,0.4909090909090909,0.6466748760770218,0.5178423866625483,165,"HISTORICAL UK RETAIL, ACCOUNT AND BROKER ELIGIBILITY REMAIN UNRESOLVED",5,0.018064804292473327,0.018416101313411048,0.022167672472258447,0.02023227240816365,0.01600642552973584,0.5
ALL_EQUITY_OPPORTUNITIES,ALL_EQUITY,MH_LEVEL_60D_CENTERED,63,29.347826086956523,161,0.03136139547371047,0.05483870967741942,0.5527950310559007,0.7063298070363794,0.4799830611823729,-0.05566198230400821,0.11838477325142915,161,0.0070334851117145715,0.006772521839757628,0.5590062111801242,0.5753096439695853,0.565081900352339,161,"HISTORICAL UK RETAIL, ACCOUNT AND BROKER ELIGIBILITY REMAIN UNRESOLVED",5,0.024571316207356017,0.0284034316591906,0.03112352602926622,0.02888165290173418,0.0258948825470996,0.5
ALL_EQUITY_OPPORTUNITIES,ALL_EQUITY,MH_LEVEL_60D_CENTERED,126,28.16216216216216,148,0.04216897681738659,0.05307851568721135,0.5608108108108109,1.0376333322010711,0.29944079359381814,-0.037483125001337984,0.12182107863611116,148,0.008559760949179283,0.010289287361647692,0.581081081081081,0.5024630061942861,0.6153418684888272,148,"HISTORICAL UK RETAIL, ACCOUNT AND BROKER ELIGIBILITY REMAIN UNRESOLVED",5,0.05182238865325313,0.057913982063638084,0.06381619128558733,0.06130024873552725,0.05225604336446731,0.5
ALL_EQUITY_OPPORTUNITIES,ALL_EQUITY,MH_LEVEL_EQ,5,30.3121387283237,173,0.003174365182224362,0.012649572649572631,0.5144508670520231,0.13747483001506217,0.8906554865714841,-0.04208222055245896,0.048430950916907675,173,-0.0007954448376600848,-0.00114106369419531,0.48554913294797686,-0.390254604709685,0.6963482874575633,173,"HISTORICAL UK RETAIL, ACCOUNT AND BROKER ELIGIBILITY REMAIN UNRESOLVED",5,0.0027608928509714535,0.0018883432691516454,0.0027363676370883282,0.0028177646394557314,0.002806473620779177,0.5
ALL_EQUITY_OPPORTUNITIES,ALL_EQUITY,MH_LEVEL_EQ,10,30.232558139534884,172,0.005135804572268074,0.029377155332163847,0.5174418604651163,0.17702242106965005,0.8594907782333239,-0.05172700372319109,0.06199861286772724,172,-0.00011095517316949984,-0.0035482331188615435,0.4476744186046512,-0.03377630167050097,0.9730555336878042,172,"HISTORICAL UK RETAIL, ACCOUNT AND BROKER ELIGIBILITY REMAIN UNRESOLVED",5,0.005096997659565534,0.0038655193164412235,0.004928065708280054,0.00543968765835184,0.005494924567382683,0.75
ALL_EQUITY_OPPORTUNITIES,ALL_EQUITY,MH_LEVEL_EQ,21,30.011834319526628,169,-0.010893063610163255,0.016595542911332382,0.5029585798816568,-0.25868518588929273,0.7958781505497445,-0.0934258622465754,0.07163973502624887,169,0.002623243199945614,0.002043743028872669,0.514792899408284,0.46375809376944643,0.6428210703695886,169,"HISTORICAL UK RETAIL, ACCOUNT AND BROKER ELIGIBILITY REMAIN UNRESOLVED",5,0.0095629861686302,0.007233006725463366,0.009498886842081014,0.010670810192066909,0.009109644902770388,0.5
ALL_EQUITY_OPPORTUNITIES,ALL_EQUITY,MH_LEVEL_EQ,42,29.684848484848484,165,-0.01746019006970786,-0.0163037531458584,0.4727272727272727,-0.3844688778871804,0.7006309585179255,-0.10646958892641664,0.07154920878700091,165,0.0059019627687165845,-0.001474973676003355,0.4909090909090909,0.6770664445753073,0.4983637978278276,165,"HISTORICAL UK RETAIL, ACCOUNT AND BROKER ELIGIBILITY REMAIN UNRESOLVED",5,0.018351579723484755,0.01884667344462135,0.019801023023263496,0.021126622059299948,0.01734689709511879,0.75
ALL_EQUITY_OPPORTUNITIES,ALL_EQUITY,MH_LEVEL_EQ,63,29.347826086956523,161,0.030612473530222954,0.04187192118226602,0.5403726708074534,0.7056240991197714,0.48042193342157513,-0.05441770850546533,0.11564265556591123,161,0.004958277617711035,0.0069614158559880845,0.5527950310559007,0.46966700043094584,0.6385929479381569,161,"HISTORICAL UK RETAIL, ACCOUNT AND BROKER ELIGIBILITY REMAIN UNRESOLVED",5,0.025382599165159666,0.027758866100625588,0.02877543956144019,0.030638184594969017,0.026617758111819913,0.75
ALL_EQUITY_OPPORTUNITIES,ALL_EQUITY,MH_LEVEL_EQ,126,28.16216216216216,148,0.03620275427237936,0.04922467337759692,0.5608108108108109,0.8769027118708921,0.3805394831095368,-0.04471396950377439,0.11711947804853311,148,0.007893681130858792,0.0036911362616850463,0.5337837837837838,0.41313145877710694,0.6795103019882969,148,"HISTORICAL UK RETAIL, ACCOUNT AND BROKER ELIGIBILITY REMAIN UNRESOLVED",5,0.0526502790544461,0.05882362226182823,0.06297474290114154,0.06084444475035667,0.052116542831697754,0.5
ALL_EQUITY_OPPORTUNITIES,ALL_EQUITY,MH_LEVEL_RECENCY_TILT,5,30.3121387283237,173,-0.004287187846735074,0.005928853754940714,0.5086705202312138,-0.1901418987466387,0.8491979384772276,-0.04847909836170837,0.03990472266823822,173,-0.0003502453558400541,-0.0005527866641573675,0.4913294797687861,-0.16099613580741315,0.8720964441196831,173,"HISTORICAL UK RETAIL, ACCOUNT AND BROKER ELIGIBILITY REMAIN UNRESOLVED",5,0.003159802286942993,0.001839623006549752,0.0028633710675250055,0.0025772048504537123,0.0025952529928885346,0.5
ALL_EQUITY_OPPORTUNITIES,ALL_EQUITY,MH_LEVEL_RECENCY_TILT,10,30.232558139534884,172,-0.007349823223248847,-0.018272677143644896,0.48255813953488375,-0.2637647014202601,0.7919612357651111,-0.061964366915930144,0.04726472046943245,172,0.00031759371888955294,-0.0029231708379987564,0.45348837209302323,0.09294517362471776,0.9259471176856999,172,"HISTORICAL UK RETAIL, ACCOUNT AND BROKER ELIGIBILITY REMAIN UNRESOLVED",5,0.0054814535828137684,0.004057601261001557,0.0051180075979156145,0.0053320225940509105,0.004772763551357759,0.5
ALL_EQUITY_OPPORTUNITIES,ALL_EQUITY,MH_LEVEL_RECENCY_TILT,21,30.011834319526628,169,-0.023386153009551006,0.03337345442608604,0.5207100591715976,-0.5451433648953622,0.5856549196909023,-0.10746681983461817,0.06069451381551616,169,-0.0008221487691723776,-0.0021613383371537065,0.4911242603550296,-0.1413318136110085,0.8876078182221069,169,"HISTORICAL UK RETAIL, ACCOUNT AND BROKER ELIGIBILITY REMAIN UNRESOLVED",5,0.009338693443940426,0.008286959188223825,0.009938353690517952,0.010616657162861386,0.008038290077273325,0.5
ALL_EQUITY_OPPORTUNITIES,ALL_EQUITY,MH_LEVEL_RECENCY_TILT,42,29.684848484848484,165,-0.02505968558576391,-0.03011583011583012,0.4484848484848485,-0.5195636691337979,0.6033677256675649,-0.1195930106234436,0.06947363945191579,165,0.0016852218453434153,-0.005080150457528743,0.4484848484848485,0.17839556180810404,0.8584123345646297,165,"HISTORICAL UK RETAIL, ACCOUNT AND BROKER ELIGIBILITY REMAIN UNRESOLVED",5,0.0177241827418711,0.020240336840999237,0.021406462650043527,0.019208205989968377,0.016920213042609242,0.5
ALL_EQUITY_OPPORTUNITIES,ALL_EQUITY,MH_LEVEL_RECENCY_TILT,63,29.347826086956523,161,0.02267490896913841,0.013709677419354822,0.515527950310559,0.5084764568573659,0.611119245745205,-0.06472737747477866,0.11007719541305547,161,0.0029697521630403117,0.0069614158559880845,0.5527950310559007,0.26391408040912845,0.7918461255961854,161,"HISTORICAL UK RETAIL, ACCOUNT AND BROKER ELIGIBILITY REMAIN UNRESOLVED",5,0.026017537504577342,0.027700393701307054,0.031832703449006884,0.025090378601560083,0.028236884612111424,0.75
ALL_EQUITY_OPPORTUNITIES,ALL_EQUITY,MH_LEVEL_RECENCY_TILT,126,28.16216216216216,148,0.047772035723993495,0.08211233211233213,0.581081081081081,1.1776527744806944,0.23893506126647912,-0.03173482021533587,0.12727889166332285,148,0.009854643119342154,0.012691839960729201,0.5540540540540541,0.5454902442159071,0.5854163884298783,148,"HISTORICAL UK RETAIL, ACCOUNT AND BROKER ELIGIBILITY REMAIN UNRESOLVED",5,0.050817110517688016,0.05688582216320658,0.0686545158107292,0.05452237573781078,0.05648069710377974,0.75
ALL_EQUITY_OPPORTUNITIES,ALL_EQUITY,PAIRWISE_MAJORITY_5H,5,30.3121387283237,173,0.004696716893319237,0.019562910146870324,0.5433526011560693,0.20477198778319014,0.8377502737474165,-0.04025765433754026,0.04965108812417873,173,7.664497948655945e-05,-0.0018065256404382612,0.4797687861271676,0.03449016915340866,0.9724862815649142,173,"HISTORICAL UK RETAIL, ACCOUNT AND BROKER ELIGIBILITY REMAIN UNRESOLVED",5,0.002397935088971626,0.002249835563275456,0.00334896774266073,0.0027173543087952922,0.002414577138953673,0.25
ALL_EQUITY_OPPORTUNITIES,ALL_EQUITY,PAIRWISE_MAJORITY_5H,10,30.232558139534884,172,0.006800927093877241,0.028086915935901645,0.5406976744186046,0.2368631756230989,0.8127629387028114,-0.04947448224494,0.06307633643269449,172,-0.0008855601929724039,-0.003027189935756902,0.47093023255813954,-0.24698843149374544,0.804917177103641,172,"HISTORICAL UK RETAIL, ACCOUNT AND BROKER ELIGIBILITY REMAIN UNRESOLVED",5,0.004551946566295619,0.00418226293672487,0.006001495193405029,0.005850033440592293,0.004343818363113219,0.25
ALL_EQUITY_OPPORTUNITIES,ALL_EQUITY,PAIRWISE_MAJORITY_5H,21,30.011834319526628,169,-0.010701378600303377,0.005931199604327957,0.5088757396449705,-0.25473687139775925,0.7989263361893125,-0.09303856255971496,0.07163580535910821,169,0.0011612572945792247,-0.0049178627194517155,0.47928994082840237,0.17954525824336995,0.8575095837095159,169,"HISTORICAL UK RETAIL, ACCOUNT AND BROKER ELIGIBILITY REMAIN UNRESOLVED",5,0.007830919702040837,0.008550047323609691,0.012036866522066132,0.01057353944434228,0.00733498115598662,0.5
ALL_EQUITY_OPPORTUNITIES,ALL_EQUITY,PAIRWISE_MAJORITY_5H,42,29.684848484848484,165,-0.024641856542794282,-0.020255108506300353,0.46060606060606063,-0.5462415163755338,0.58489993153255,-0.11305906740685434,0.06377535432126577,165,0.0033533133764568224,-0.0014188778940109614,0.4909090909090909,0.29772751758649035,0.7659111393366028,165,"HISTORICAL UK RETAIL, ACCOUNT AND BROKER ELIGIBILITY REMAIN UNRESOLVED",5,0.017928175103597337,0.018984104192010347,0.02319734800931377,0.02094576438403321,0.014304764583790285,0.5
ALL_EQUITY_OPPORTUNITIES,ALL_EQUITY,PAIRWISE_MAJORITY_5H,63,29.347826086956523,161,0.021172620537515462,0.02441979043469771,0.5341614906832298,0.473907579124188,0.6355658142761805,-0.06639207675758499,0.10873731783261592,161,0.0036042574122064734,-0.0012434857114677067,0.484472049689441,0.22829211695631152,0.8194191525260608,161,"HISTORICAL UK RETAIL, ACCOUNT AND BROKER ELIGIBILITY REMAIN UNRESOLVED",5,0.025002498410939197,0.02807761020787814,0.0329935220534541,0.029767305341478752,0.023277810193612414,0.5
ALL_EQUITY_OPPORTUNITIES,ALL_EQUITY,PAIRWISE_MAJORITY_5H,126,28.16216216216216,148,0.030176291498874543,0.030316321822745837,0.5472972972972973,0.6729020086145006,0.5010096342520711,-0.05771829607495989,0.11807087907270898,148,0.006401700966726209,0.004537780805682012,0.5337837837837838,0.2802894662320268,0.7792554317552598,148,"HISTORICAL UK RETAIL, ACCOUNT AND BROKER ELIGIBILITY REMAIN UNRESOLVED",5,0.05228476886066145,0.058568338424048454,0.06506301209514309,0.06472683919972477,0.04689999287883848,0.5
ALL_EQUITY_OPPORTUNITIES,ALL_EQUITY,RRG_TRANSPARENT_LEVEL,5,39.43478260869565,253,0.010339405470011742,0.011129662268633395,0.5138339920948617,0.5172452401583988,0.6049849748732723,-0.02883903595281049,0.04951784689283397,253,0.0008770831640704786,-0.00023277753332040518,0.49407114624505927,0.3833731655086085,0.7014430970519472,253,"HISTORICAL UK RETAIL, ACCOUNT AND BROKER ELIGIBILITY REMAIN UNRESOLVED",5,0.0020280504293029838,0.0020943502423184895,0.0021019043821472938,0.0017326261608093282,0.003083066905931597,0.75
ALL_EQUITY_OPPORTUNITIES,ALL_EQUITY,RRG_TRANSPARENT_LEVEL,10,38.545081967213115,244,0.01735408061155827,0.03393248627802403,0.5327868852459017,0.7013803340621572,0.4830656915660795,-0.031140824836481763,0.0658489860595983,244,0.0031972760458531756,-0.0009907794028594097,0.4918032786885246,0.8392183812755273,0.4013467743180925,244,"HISTORICAL UK RETAIL, ACCOUNT AND BROKER ELIGIBILITY REMAIN UNRESOLVED",5,0.003023078840348824,0.0049717210367186395,0.0037010973332133774,0.0037501895532264812,0.00590830353616687,0.75
ALL_EQUITY_OPPORTUNITIES,ALL_EQUITY,RRG_TRANSPARENT_LEVEL,21,36.51327433628319,226,0.012136229090947163,-0.0032643067526788206,0.49557522123893805,0.35677391366460776,0.7212610666561654,-0.054535046513425486,0.07880750469531982,226,0.005279979821204867,-0.004977523406844764,0.4557522123893805,0.7959456632814809,0.42606361851435914,226,"HISTORICAL UK RETAIL, ACCOUNT AND BROKER ELIGIBILITY REMAIN UNRESOLVED",5,0.007382743347867838,0.00993535449870346,0.008914768968861399,0.009448468830177158,0.010946953163676729,0.75
ALL_EQUITY_OPPORTUNITIES,ALL_EQUITY,RRG_TRANSPARENT_LEVEL,42,33.111111111111114,198,-0.004478577300799512,0.024306921190131926,0.5555555555555556,-0.10630050092689028,0.9153439341613128,-0.08705438959713804,0.07809723499553903,198,0.006701520595405602,-0.005932248403718587,0.4494949494949495,0.5962317893497092,0.5510203916386938,198,"HISTORICAL UK RETAIL, ACCOUNT AND BROKER ELIGIBILITY REMAIN UNRESOLVED",5,0.013979553427079332,0.01658395811489167,0.017428702745258227,0.01966066577892621,0.01860039891590169,0.75
ALL_EQUITY_OPPORTUNITIES,ALL_EQUITY,RRG_TRANSPARENT_LEVEL,63,31.851063829787233,188,0.029507930698728306,0.05105173730934377,0.5478723404255319,0.5862602715987514,0.5577006243406154,-0.0691419083396475,0.12815776973710413,188,0.008644931217911945,-0.008340717420246002,0.4574468085106383,0.5177333294074266,0.6046443406179496,188,"HISTORICAL UK RETAIL, ACCOUNT AND BROKER ELIGIBILITY REMAIN UNRESOLVED",5,0.020307511194939436,0.025709630242669416,0.02703124465955489,0.031081717367843695,0.02841973993841863,0.75
ALL_EQUITY_OPPORTUNITIES,ALL_EQUITY,RRG_TRANSPARENT_LEVEL,126,30.28,175,0.021281098395358355,-0.004267425320056848,0.49714285714285716,0.30399262361408147,0.7611335108977968,-0.11592679142273993,0.15848898821345664,175,0.01661511692526693,-0.01660824009506323,0.4342857142857143,0.4604367164648238,0.6452027853963158,175,"HISTORICAL UK RETAIL, ACCOUNT AND BROKER ELIGIBILITY REMAIN UNRESOLVED",5,0.048760752073915156,0.05671681745282649,0.051489702215352914,0.061050240420694915,0.05826777075335442,0.5
ALL_EQUITY_OPPORTUNITIES,ALL_EQUITY,RRG_TRANSPARENT_MOMENTUM,5,36.426008968609864,223,0.0011619746999804745,-0.010627177700348428,0.49327354260089684,0.0602631747043138,0.9519460309452081,-0.03662940575886283,0.038953355158823776,223,-0.0005253491349755682,0.00016372672027831214,0.5067264573991032,-0.3367727509030489,0.7362882159977847,223,"HISTORICAL UK RETAIL, ACCOUNT AND BROKER ELIGIBILITY REMAIN UNRESOLVED",5,0.002446020217380109,0.003007998969719543,0.004364414296996451,0.0028941362333650264,0.002353257751103275,0.5
ALL_EQUITY_OPPORTUNITIES,ALL_EQUITY,RRG_TRANSPARENT_MOMENTUM,10,35.401869158878505,214,0.013670735259023495,-0.0061578437090287035,0.48598130841121495,0.6234917646170564,0.5329614123941306,-0.029303607419463445,0.05664507793751043,214,-8.787280520674422e-05,0.0021772046523445,0.5420560747663551,-0.03458095410580726,0.9724138888375269,214,"HISTORICAL UK RETAIL, ACCOUNT AND BROKER ELIGIBILITY REMAIN UNRESOLVED",5,0.004674551366211367,0.0049437598774350194,0.008414292052753791,0.006167388028294423,0.004589966186956873,0.5
ALL_EQUITY_OPPORTUNITIES,ALL_EQUITY,RRG_TRANSPARENT_MOMENTUM,21,33.17258883248731,197,0.0383535170748318,0.030161943319838076,0.5583756345177665,1.4525236714236098,0.1463560521544217,-0.013398832044158579,0.09010586619382217,197,0.0020164897053235485,-0.0007836661948263934,0.49746192893401014,0.5029484392083631,0.6150005235819078,197,"HISTORICAL UK RETAIL, ACCOUNT AND BROKER ELIGIBILITY REMAIN UNRESOLVED",5,0.006497850831027531,0.008569110942333178,0.014046178112341344,0.010216928183859594,0.009326364790067258,0.5
ALL_EQUITY_OPPORTUNITIES,ALL_EQUITY,RRG_TRANSPARENT_MOMENTUM,42,31.925133689839573,187,0.01650665645520549,0.0036630036630036825,0.5026737967914439,0.4088943214530915,0.6826172164821291,-0.06261513726989969,0.09562845018031067,187,0.0017725279846062464,0.0006142354383114057,0.5080213903743316,0.205734926757682,0.8369979745158868,187,"HISTORICAL UK RETAIL, ACCOUNT AND BROKER ELIGIBILITY REMAIN UNRESOLVED",5,0.015110309519140566,0.015706350046715542,0.02511983896410746,0.01901868222017855,0.01624632344296342,0.5
ALL_EQUITY_OPPORTUNITIES,ALL_EQUITY,RRG_TRANSPARENT_MOMENTUM,63,31.404371584699454,183,0.021898331973116122,0.062252964426877486,0.5519125683060109,0.507842271742564,0.6115639620476042,-0.06261598354760241,0.10641264749383465,183,0.002826017954678071,-0.00471795601128755,0.4918032786885246,0.23601655505920047,0.8134198239437961,183,"HISTORICAL UK RETAIL, ACCOUNT AND BROKER ELIGIBILITY REMAIN UNRESOLVED",5,0.024258838800609427,0.025312260450018616,0.03337351798926521,0.028427366562905693,0.025725316416861547,0.5
ALL_EQUITY_OPPORTUNITIES,ALL_EQUITY,RRG_TRANSPARENT_MOMENTUM,126,30.03529411764706,170,0.02135903189291734,0.041986509377813695,0.5647058823529412,0.5037619639836697,0.6144286592514823,-0.06174159151206332,0.104459655297898,170,0.012376370085293154,0.0031390168741870506,0.5117647058823529,0.860731737989523,0.38938580874524586,170,"HISTORICAL UK RETAIL, ACCOUNT AND BROKER ELIGIBILITY REMAIN UNRESOLVED",5,0.04734907742312382,0.05596231864707467,0.06789553837366133,0.05889762850940952,0.05299187263968279,0.5
ALL_EQUITY_OPPORTUNITIES,ALL_EQUITY,RS_126,5,39.43478260869565,253,0.01677551923322048,0.025691699604743094,0.5138339920948617,0.7953586105440619,0.42640492885002157,-0.024563586276154833,0.058114624742595794,253,0.003358107309344321,0.0007656893351881688,0.5098814229249012,1.3915638779150417,0.16405450365883822,253,"HISTORICAL UK RETAIL, ACCOUNT AND BROKER ELIGIBILITY REMAIN UNRESOLVED",5,0.0014705044400001716,0.0020994191268311866,0.0025109794132700696,0.0020284934377560863,0.0030893227414156075,0.75
ALL_EQUITY_OPPORTUNITIES,ALL_EQUITY,RS_126,10,38.545081967213115,244,0.02425460538659787,0.037200690826064066,0.5573770491803278,0.9310343269873862,0.3518358078030416,-0.026804900841046385,0.07531411161424212,244,0.006322438401826801,-0.001688742125150855,0.48360655737704916,1.5482743283297506,0.1215562624965982,244,"HISTORICAL UK RETAIL, ACCOUNT AND BROKER ELIGIBILITY REMAIN UNRESOLVED",5,0.002395574304573802,0.0045081509157511475,0.004829103527527466,0.0037600353781749364,0.006052656911276719,0.75
ALL_EQUITY_OPPORTUNITIES,ALL_EQUITY,RS_126,21,36.51327433628319,226,0.01002443023847176,0.02506923307813185,0.5309734513274337,0.2849490420499839,0.7756831826054772,-0.05892657269029919,0.0789754331672427,226,0.009336311271507804,4.4191794282166796e-05,0.504424778761062,1.3909051107425001,0.1642542028366022,226,"HISTORICAL UK RETAIL, ACCOUNT AND BROKER ELIGIBILITY REMAIN UNRESOLVED",5,0.005652426478054104,0.01062408878330454,0.010871014722153922,0.00928056138113657,0.010346749149818146,0.75
ALL_EQUITY_OPPORTUNITIES,ALL_EQUITY,RS_126,42,33.111111111111114,198,0.0017380245310977468,0.0001671122994652656,0.5,0.04184580617568021,0.9666216189241801,-0.07966715788783854,0.08314320695003405,198,0.013073060307672196,0.0018529041092693044,0.51010101010101,1.0697616469638953,0.2847266098309603,198,"HISTORICAL UK RETAIL, ACCOUNT AND BROKER ELIGIBILITY REMAIN UNRESOLVED",5,0.011002619660100037,0.01773040128962933,0.020595944223313966,0.019509457722596296,0.017325283664245156,0.5
ALL_EQUITY_OPPORTUNITIES,ALL_EQUITY,RS_126,63,31.851063829787233,188,0.028752676641366184,0.058202326347487635,0.601063829787234,0.5671414242090866,0.5706181009602129,-0.07061268139925515,0.1281180346819875,188,0.015389975515185584,-0.0005925978334762605,0.4946808510638298,0.8673157651949887,0.38576902101952104,188,"HISTORICAL UK RETAIL, ACCOUNT AND BROKER ELIGIBILITY REMAIN UNRESOLVED",5,0.018528772826555347,0.025519048875484954,0.030603728525342475,0.03034503042832117,0.02714138750179806,0.5
ALL_EQUITY_OPPORTUNITIES,ALL_EQUITY,RS_126,126,30.28,175,0.020136445973538853,-0.015322580645161277,0.48,0.27619628269069263,0.7823973122174048,-0.1227572544785082,0.16303014642558591,175,0.02233352978452446,-0.02134003910779514,0.44571428571428573,0.5570474454944286,0.5774950131782516,175,"HISTORICAL UK RETAIL, ACCOUNT AND BROKER ELIGIBILITY REMAIN UNRESOLVED",5,0.04718819554868843,0.0555849047295549,0.05826208019756948,0.0632320108505075,0.05124502407546521,0.75
ALL_EQUITY_OPPORTUNITIES,ALL_EQUITY,RS_21,5,53.13859649122807,570,-0.012362914222167773,0.0008556969586982034,0.5,-1.0058597976135133,0.31448301747122065,-0.036452620040907734,0.011726791596572188,570,-5.077258851293751e-05,-0.002031458973582645,0.47719298245614034,-0.033020568456067115,0.9736581853280729,570,"HISTORICAL UK RETAIL, ACCOUNT AND BROKER ELIGIBILITY REMAIN UNRESOLVED",5,0.0026516661158785706,0.0017524723222809065,0.0019861864384156684,0.0016428943959723775,0.0020663294716984147,0.5
ALL_EQUITY_OPPORTUNITIES,ALL_EQUITY,RS_21,10,52.31078610603291,547,-0.0036339364347804416,0.007836495031616956,0.5137111517367459,-0.25619846852570094,0.7977975911171122,-0.03143419837726376,0.02416632550770287,547,0.0017325580881767991,-0.0008562342719800053,0.48628884826325414,0.6858777342123719,0.49279021199455963,547,"HISTORICAL UK RETAIL, ACCOUNT AND BROKER ELIGIBILITY REMAIN UNRESOLVED",5,0.0039171772246744995,0.0031311917297801033,0.004070137784048659,0.0030556778849326885,0.003894639907550826,0.5
ALL_EQUITY_OPPORTUNITIES,ALL_EQUITY,RS_21,21,50.20449897750511,489,-6.587580700505476e-05,0.009389671361502379,0.5112474437627812,-0.003517067462077898,0.9971937919580621,-0.03677663287224983,0.036644881258239725,489,0.004439894542894218,-0.0012635624709613769,0.49284253578732107,0.9770235340070855,0.3285575015172302,489,"HISTORICAL UK RETAIL, ACCOUNT AND BROKER ELIGIBILITY REMAIN UNRESOLVED",5,0.00608822599512187,0.006601081805295391,0.006884555697999331,0.006871961677171208,0.0069196860984700815,0.75
ALL_EQUITY_OPPORTUNITIES,ALL_EQUITY,RS_21,42,46.57037037037037,405,-0.002185205391032821,-0.006896551724137945,0.4839506172839506,-0.08847623591302005,0.9294981712497892,-0.050592823787656144,0.046222413005590504,405,0.006876116817383898,-0.0027760170684397734,0.49382716049382713,0.8519916324215214,0.3942187362805457,405,"HISTORICAL UK RETAIL, ACCOUNT AND BROKER ELIGIBILITY REMAIN UNRESOLVED",5,0.012018037137068347,0.012925943886067631,0.013196400527109978,0.013568391364335658,0.012363025856990324,0.75
ALL_EQUITY_OPPORTUNITIES,ALL_EQUITY,RS_21,63,43.90883190883191,351,0.00733984315981921,-0.003586497890295361,0.49002849002849,0.2781848851806301,0.7808704369914721,-0.04437334836055171,0.05905303468019014,351,0.0026082085546164048,-0.0031737463818302114,0.49002849002849,0.2773555424109753,0.7815071149820096,350,"HISTORICAL UK RETAIL, ACCOUNT AND BROKER ELIGIBILITY REMAIN UNRESOLVED",5,0.017711893566104937,0.018933561206184873,0.021192424622598065,0.02013399049890299,0.01873297212604332,0.5
ALL_EQUITY_OPPORTUNITIES,ALL_EQUITY,RS_21,126,34.778688524590166,244,0.026065822605325976,0.0337108013937282,0.5614754098360656,0.6644542868729213,0.5063995974626261,-0.05082144344616035,0.1029530886568123,244,0.024211246784551825,0.012766205836754141,0.5368852459016393,1.174261875797127,0.24029014872891374,243,"HISTORICAL UK RETAIL, ACCOUNT AND BROKER ELIGIBILITY REMAIN UNRESOLVED",5,0.03411481556355081,0.052978827795239054,0.05283712248762542,0.05194983960931575,0.04748848671794407,0.25
ALL_EQUITY_OPPORTUNITIES,ALL_EQUITY,RS_252,5,30.3121387283237,173,0.016343262335057195,0.021993653572600948,0.5202312138728323,0.6584414728534366,0.5102544934019889,-0.03230526131851312,0.06499178598862751,173,-0.0001635792802323525,-0.0021058256255399588,0.4508670520231214,-0.06553538605715348,0.947747732882029,173,"HISTORICAL UK RETAIL, ACCOUNT AND BROKER ELIGIBILITY REMAIN UNRESOLVED",5,0.0026800750359689644,0.001899592536096369,0.002535032984639585,0.00338861750466218,0.0026633725123655426,0.5
ALL_EQUITY_OPPORTUNITIES,ALL_EQUITY,RS_252,10,30.232558139534884,172,0.018297050078137263,-7.798463868074264e-05,0.5,0.5978084031667236,0.5499677830257543,-0.04169133246467778,0.0782854326209523,172,-0.0010635552534464681,-0.005120220836836553,0.4418604651162791,-0.24980982948639752,0.8027344178779998,172,"HISTORICAL UK RETAIL, ACCOUNT AND BROKER ELIGIBILITY REMAIN UNRESOLVED",5,0.004835925217443127,0.003791482879217987,0.005027683172955729,0.0062279209377188866,0.0050671764336976295,0.5
ALL_EQUITY_OPPORTUNITIES,ALL_EQUITY,RS_252,21,30.011834319526628,169,0.008690061207810641,-0.0009881422924900246,0.4970414201183432,0.19826376124934447,0.8428387031851546,-0.07721674739619394,0.09459686981181523,169,0.00012828399762848498,-0.008085267421260922,0.4911242603550296,0.01526387033750528,0.9878216664177828,169,"HISTORICAL UK RETAIL, ACCOUNT AND BROKER ELIGIBILITY REMAIN UNRESOLVED",5,0.00881412501808427,0.007695172618104308,0.008972062411076993,0.011254889287115932,0.0097149493101138,0.5
ALL_EQUITY_OPPORTUNITIES,ALL_EQUITY,RS_252,42,29.684848484848484,165,-0.01239420052481805,0.008547008547008511,0.503030303030303,-0.23152873348078779,0.8169040656811863,-0.11731502948891107,0.09252662843927498,165,-0.0047497636625883225,-0.020069378079415,0.4484848484848485,-0.33418213681770303,0.7382421226654401,165,"HISTORICAL UK RETAIL, ACCOUNT AND BROKER ELIGIBILITY REMAIN UNRESOLVED",5,0.019416035871824326,0.016778204346151127,0.018736837242396755,0.023130458628963298,0.017157443056631538,0.5
ALL_EQUITY_OPPORTUNITIES,ALL_EQUITY,RS_252,63,29.347826086956523,161,-0.02057283593131904,-0.0017391304347826166,0.4906832298136646,-0.3649798044489423,0.7151264816142826,-0.13105022945756162,0.08990455759492355,161,-0.006108485703944888,-0.008059092311895721,0.4720496894409938,-0.2978798505733181,0.7657948671409118,161,"HISTORICAL UK RETAIL, ACCOUNT AND BROKER ELIGIBILITY REMAIN UNRESOLVED",5,0.028781711866033344,0.0260192767546188,0.03035066703919099,0.03223475772797008,0.021470684988291525,0.5
ALL_EQUITY_OPPORTUNITIES,ALL_EQUITY,RS_252,126,28.16216216216216,148,-0.08825844462488655,-0.11355521872763252,0.35135135135135137,-1.468347346071066,0.14200989630086164,-0.20606665482743913,0.029549765577666018,148,-0.02762355420715751,-0.04921415173925758,0.34459459459459457,-0.7187864648047684,0.4722724985701061,148,"HISTORICAL UK RETAIL, ACCOUNT AND BROKER ELIGIBILITY REMAIN UNRESOLVED",5,0.06508198470383537,0.06430031305694608,0.06444994447476557,0.06161160996507966,0.030391175528290133,0.25
ALL_EQUITY_OPPORTUNITIES,ALL_EQUITY,RS_42,5,51.21627408993576,467,4.082789724245782e-05,0.007290201593999077,0.5117773019271948,0.002875563814741293,0.9977056351905813,-0.027787178474759693,0.027868834269244608,467,-2.1260227039384068e-05,-0.001168671545345279,0.4796573875802998,-0.012127728630808694,0.9903237097694859,467,"HISTORICAL UK RETAIL, ACCOUNT AND BROKER ELIGIBILITY REMAIN UNRESOLVED",5,0.002139285762380689,0.0019979516348236437,0.002039708600195927,0.002266344258277328,0.0021601672578434707,0.5
ALL_EQUITY_OPPORTUNITIES,ALL_EQUITY,RS_42,10,50.34234234234234,444,0.0041349375079642705,0.0027027526677187884,0.5045045045045045,0.2469782584154,0.8049250502133118,-0.028678997799259674,0.036948872815188216,444,0.0011001256631874112,-0.0017871015766706688,0.4752252252252252,0.3662110454007077,0.714207600794831,444,"HISTORICAL UK RETAIL, ACCOUNT AND BROKER ELIGIBILITY REMAIN UNRESOLVED",5,0.0034509925574939893,0.004114881312798067,0.003244185832977527,0.004401047620573687,0.003977682183757704,0.5
ALL_EQUITY_OPPORTUNITIES,ALL_EQUITY,RS_42,21,48.0,386,-0.011689811439133887,-0.0020040747468614093,0.4948186528497409,-0.473697174770822,0.6357158683124883,-0.060057440859451944,0.03667781798118418,386,0.0007610192251674561,-0.006021373712067346,0.4481865284974093,0.13482507012266293,0.8927501837226877,386,"HISTORICAL UK RETAIL, ACCOUNT AND BROKER ELIGIBILITY REMAIN UNRESOLVED",5,0.005992300854019463,0.007587175914723377,0.006382760105482443,0.007983350799419357,0.0061270490390192825,0.5
ALL_EQUITY_OPPORTUNITIES,ALL_EQUITY,RS_42,42,45.5059880239521,334,-0.006063695476519593,-0.0017289939576284172,0.49700598802395207,-0.1990027035692112,0.8422606297498549,-0.06578461651950172,0.05365722556646254,334,0.0017252311927520023,-0.008508314052399879,0.437125748502994,0.16064908517762339,0.8723697925718654,334,"HISTORICAL UK RETAIL, ACCOUNT AND BROKER ELIGIBILITY REMAIN UNRESOLVED",5,0.01045439514666622,0.013134250639531785,0.01193868351846104,0.013284565185037088,0.010680317535666065,0.5
ALL_EQUITY_OPPORTUNITIES,ALL_EQUITY,RS_42,63,43.163879598662206,299,-0.004060546443971138,0.003076923076923079,0.5050167224080268,-0.12505771173492833,0.9004778615452713,-0.06769936309371495,0.05957827020577268,299,0.000678628872832968,-0.013600051594435114,0.44816053511705684,0.05004609674446622,0.9600856544310167,299,"HISTORICAL UK RETAIL, ACCOUNT AND BROKER ELIGIBILITY REMAIN UNRESOLVED",5,0.01591378602589091,0.02252458985961087,0.021556517268323517,0.019804062377179358,0.018263195139108172,0.25
ALL_EQUITY_OPPORTUNITIES,ALL_EQUITY,RS_42,126,33.095477386934675,199,0.027062294406856348,0.058509454949944396,0.5477386934673367,0.4950874276163091,0.6205384080575391,-0.08007256585779343,0.1341971546715061,199,0.025202363817735593,0.0011683967775639736,0.5025125628140703,0.7615948050037691,0.4463018763454134,199,"HISTORICAL UK RETAIL, ACCOUNT AND BROKER ELIGIBILITY REMAIN UNRESOLVED",5,0.04307197891014678,0.059348420246253024,0.05564609640909814,0.051830135960809175,0.05608687543902481,0.5
ALL_EQUITY_OPPORTUNITIES,ALL_EQUITY,RS_63,5,47.91029023746702,379,0.003207630978837598,0.008403361344537775,0.5065963060686016,0.2127523936914729,0.8315200978949944,-0.0263424064385258,0.032757668396201,379,-0.0008479590565184278,-0.0028118879182652545,0.46965699208443273,-0.44213949170764827,0.6583882684816431,379,"HISTORICAL UK RETAIL, ACCOUNT AND BROKER ELIGIBILITY REMAIN UNRESOLVED",5,0.0018971932681488184,0.0019124598839969445,0.0019356629341787523,0.0021911518277355838,0.0020385996816333902,0.75
ALL_EQUITY_OPPORTUNITIES,ALL_EQUITY,RS_63,10,47.21212121212121,363,0.0011442799563788453,0.01913043478260868,0.5234159779614325,0.0632576788937409,0.9495613155841351,-0.03430987425786173,0.036598434170619414,363,-0.0005881142618134822,-0.003925419457374568,0.45454545454545453,-0.17940045525750994,0.8576232739423002,363,"HISTORICAL UK RETAIL, ACCOUNT AND BROKER ELIGIBILITY REMAIN UNRESOLVED",5,0.0032446595409949203,0.00339355554029871,0.0036085984933254566,0.0037314762088735665,0.0036766973661578957,0.75
ALL_EQUITY_OPPORTUNITIES,ALL_EQUITY,RS_63,21,45.6,330,-0.01527891822167874,0.012065961792622868,0.5212121212121212,-0.5755051247165242,0.5649497257609395,-0.06731343216623072,0.036755595722873236,330,0.00200629755522074,-0.004085344871155527,0.4818181818181818,0.3193272753486814,0.7494783517666286,330,"HISTORICAL UK RETAIL, ACCOUNT AND BROKER ELIGIBILITY REMAIN UNRESOLVED",5,0.005369607143171346,0.00660244831044728,0.006505539610659147,0.007075298515551637,0.005392629832622079,0.5
ALL_EQUITY_OPPORTUNITIES,ALL_EQUITY,RS_63,42,43.35690235690236,297,-0.02736018773928371,-0.018716577540106978,0.48148148148148145,-0.8037487136683205,0.42154211441676015,-0.0940787798406698,0.039358404362102375,297,0.005973100870673649,-0.010219104015235958,0.4377104377104377,0.5375334148678943,0.5908992099783363,297,"HISTORICAL UK RETAIL, ACCOUNT AND BROKER ELIGIBILITY REMAIN UNRESOLVED",5,0.010571488845573114,0.013086235933621768,0.01266225503661591,0.01228656481992693,0.012215188138431848,0.25
ALL_EQUITY_OPPORTUNITIES,ALL_EQUITY,RS_63,63,40.68939393939394,264,-0.007227038488809473,-0.008674756698305886,0.4810606060606061,-0.18001563591516392,0.8571402930375346,-0.08591317639533426,0.07145909941771532,264,0.003963939704210633,-0.0168617805711751,0.42424242424242425,0.2527877815894159,0.8004322100058986,264,"HISTORICAL UK RETAIL, ACCOUNT AND BROKER ELIGIBILITY REMAIN UNRESOLVED",5,0.017211744869837158,0.02038966959094161,0.020143327634183746,0.019592540168102458,0.019227578171917146,0.25
ALL_EQUITY_OPPORTUNITIES,ALL_EQUITY,RS_63,126,31.983957219251337,187,0.02977815722081493,0.03424882372250795,0.5187165775401069,0.4536638661227185,0.6500707780920605,-0.098872414352326,0.15842872879395584,187,0.02214777099866505,-0.004236920059289551,0.48128342245989303,0.6053807344629021,0.5449260489001995,187,"HISTORICAL UK RETAIL, ACCOUNT AND BROKER ELIGIBILITY REMAIN UNRESOLVED",5,0.05172941019708451,0.05238213059801929,0.055035134126154496,0.05544825272143176,0.05869371218873312,1.0
ALL_EQUITY_OPPORTUNITIES,ALL_EQUITY,SHORT_MINUS_LONG_RS,5,30.3121387283237,173,-0.02826164963074946,-0.0034782608695652258,0.49710982658959535,-1.2785228466017033,0.20106513441868867,-0.07158650343933752,0.015063204177838602,173,-0.0010665068932730088,-0.000878408792842178,0.4797687861271676,-0.6089584656254169,0.5425519696099919,173,"HISTORICAL UK RETAIL, ACCOUNT AND BROKER ELIGIBILITY REMAIN UNRESOLVED",5,0.003233707155361828,0.003316407717389005,0.0023732732952330728,0.0018766863381301892,0.0022391908773812925,0.5
ALL_EQUITY_OPPORTUNITIES,ALL_EQUITY,SHORT_MINUS_LONG_RS,10,30.232558139534884,172,-0.03238350192368253,-0.019717818412640142,0.46511627906976744,-1.1791703247071013,0.23833036008865904,-0.08620990522930082,0.02144290138193576,172,-0.0011487186522056707,-0.00143640870892503,0.47093023255813954,-0.3783582549378907,0.705164474925255,172,"HISTORICAL UK RETAIL, ACCOUNT AND BROKER ELIGIBILITY REMAIN UNRESOLVED",5,0.005895012351905006,0.006746416756548473,0.004220161079460962,0.003442312948557164,0.004481586178707459,0.5
ALL_EQUITY_OPPORTUNITIES,ALL_EQUITY,SHORT_MINUS_LONG_RS,21,30.011834319526628,169,-0.03528207074279362,-0.041129032258064545,0.44970414201183434,-0.9284616113505425,0.35316817202671924,-0.10976181994349753,0.03919767845791029,169,0.0008386942319263641,-0.00036165515459918307,0.4970414201183432,0.12414067270191902,0.9012038950553155,169,"HISTORICAL UK RETAIL, ACCOUNT AND BROKER ELIGIBILITY REMAIN UNRESOLVED",5,0.010660805146326398,0.011203283093900559,0.008452818980867456,0.007614515497375389,0.007985319726286064,0.5
ALL_EQUITY_OPPORTUNITIES,ALL_EQUITY,SHORT_MINUS_LONG_RS,42,29.684848484848484,165,-0.005780657295895366,0.03247863247863247,0.5515151515151515,-0.11318542190180908,0.9098835530303987,-0.10588082847123051,0.09431951387943976,165,0.003919215024555347,0.0031982866847548586,0.5151515151515151,0.3690859360539233,0.7120636714603046,165,"HISTORICAL UK RETAIL, ACCOUNT AND BROKER ELIGIBILITY REMAIN UNRESOLVED",5,0.020483441883196334,0.01894699781330545,0.020460504774070652,0.01841203776395791,0.01675561767536351,0.25
ALL_EQUITY_OPPORTUNITIES,ALL_EQUITY,SHORT_MINUS_LONG_RS,63,29.347826086956523,161,0.015271148984422332,0.06353722143195824,0.577639751552795,0.2790652824849663,0.780194725676022,-0.09198297358320885,0.12252527155205352,161,-0.001067446654637559,0.003959247952170397,0.5093167701863354,-0.08897590428399811,0.9291010597490249,161,"HISTORICAL UK RETAIL, ACCOUNT AND BROKER ELIGIBILITY REMAIN UNRESOLVED",5,0.026682168675125406,0.02719988101766438,0.03093766217228284,0.030202943379254835,0.023840839253517425,0.5
ALL_EQUITY_OPPORTUNITIES,ALL_EQUITY,SHORT_MINUS_LONG_RS,126,28.16216216216216,148,0.09255569819352663,0.08736871823828352,0.668918918918919,1.8098289585127463,0.07032231566687928,-0.007677991940564316,0.19278938832761758,148,0.02371571697795967,0.02256667346303154,0.6283783783783784,1.3304931464166054,0.1833558429794796,148,"HISTORICAL UK RETAIL, ACCOUNT AND BROKER ELIGIBILITY REMAIN UNRESOLVED",5,0.049046767047667,0.04681417920614742,0.05634074977356267,0.07038748177184234,0.06616950824319867,0.5
POOL_BROAD_GEOGRAPHY_PRIMARY,FINE_POOL,ACCEL_FAST_COMPOSITE,5,6.674740484429066,287,-0.01017995987938316,-0.03571428571428575,0.4634146341463415,-0.38211782110383885,0.7023739737005167,-0.06239515013148015,0.04203523037271383,289,-0.0009636134553594758,-0.001488477963621282,0.4532871972318339,-1.510066775776965,0.13102638613554127,264,"HISTORICAL UK RETAIL, ACCOUNT AND BROKER ELIGIBILITY REMAIN UNRESOLVED",3,0.0020751554460212225,0.0016254530768029698,0.0015165338330865301,,,0.0
POOL_BROAD_GEOGRAPHY_PRIMARY,FINE_POOL,ACCEL_FAST_COMPOSITE,10,6.655913978494624,277,0.00957249699503125,0.0,0.4981949458483754,0.32210550248524134,0.7473727698763304,-0.04867472078802663,0.06781971477808912,279,-0.0007017991851730432,-0.0004834382446158303,0.48028673835125446,-0.6856727638320776,0.4929194854903749,253,"HISTORICAL UK RETAIL, ACCOUNT AND BROKER ELIGIBILITY REMAIN UNRESOLVED",3,0.003435560855257535,0.0031157167687713328,0.002988071065475066,,,0.0
POOL_BROAD_GEOGRAPHY_PRIMARY,FINE_POOL,ACCEL_FAST_COMPOSITE,21,6.6061776061776065,257,0.009376973944979054,0.01801874925391115,0.5097276264591439,0.23540579867999967,0.8138937858293191,-0.0686947274284964,0.0874486753184545,259,0.00012840276321352692,-0.00013175516639751805,0.4942084942084942,0.06802763770532112,0.9457636335328944,230,"HISTORICAL UK RETAIL, ACCOUNT AND BROKER ELIGIBILITY REMAIN UNRESOLVED",3,0.003550408634112251,0.004805357997752809,0.004357125007319927,,,0.5
POOL_BROAD_GEOGRAPHY_PRIMARY,FINE_POOL,ACCEL_FAST_COMPOSITE,42,6.532467532467533,229,-0.04376032753362061,-0.07142857142857137,0.4497816593886463,-0.907528051393407,0.36412762238934326,-0.13826833286291568,0.05074767779567446,231,-0.000970617314339633,-0.0023029707871725646,0.48484848484848486,-0.32370492692361774,0.7461614403947332,198,"HISTORICAL UK RETAIL, ACCOUNT AND BROKER ELIGIBILITY REMAIN UNRESOLVED",3,0.007812662639239768,0.009971810146005492,0.008381620379440288,,,0.5
POOL_BROAD_GEOGRAPHY_PRIMARY,FINE_POOL,ACCEL_FAST_COMPOSITE,63,6.49009900990099,200,-0.030470429993991806,-1.0495172959579972e-18,0.5,-0.6194315223581086,0.5356321203255155,-0.12688293601939038,0.06594207603140675,202,-0.0008197468162762426,-0.0002145441504813328,0.4900990099009901,-0.20691837696255055,0.8360736043522169,169,"HISTORICAL UK RETAIL, ACCOUNT AND BROKER ELIGIBILITY REMAIN UNRESOLVED",3,0.0191338005000581,0.019995992107359768,0.02227611493307394,,,1.0
POOL_BROAD_GEOGRAPHY_PRIMARY,FINE_POOL,ACCEL_FAST_COMPOSITE,126,6.435754189944134,177,0.039932367236931145,0.03571428571428569,0.5310734463276836,0.8859725224306995,0.37563233409812324,-0.04840671735125283,0.12827145182511512,179,0.004484134625201749,0.0026775314299025688,0.5307262569832403,0.7969237662093714,0.4254953071682567,146,"HISTORICAL UK RETAIL, ACCOUNT AND BROKER ELIGIBILITY REMAIN UNRESOLVED",3,0.04515175541193759,0.04887727232965455,0.05617111934170758,,,1.0
POOL_BROAD_GEOGRAPHY_PRIMARY,FINE_POOL,DISCRETE_RECENT_CONSISTENCY,5,6.762532981530343,376,-0.011037234042553202,-6.071532165918825e-17,0.48404255319148937,-0.4425666366082048,0.6580792213404414,-0.059917062350746675,0.03784259426564027,379,-0.0005429232036911651,-8.720950225504787e-05,0.49340369393139843,-0.9668655923049373,0.3336112291991554,357,"HISTORICAL UK RETAIL, ACCOUNT AND BROKER ELIGIBILITY REMAIN UNRESOLVED",3,0.0020707640031996425,0.0016072532012733332,0.001888520607450785,,,0.5
POOL_BROAD_GEOGRAPHY_PRIMARY,FINE_POOL,DISCRETE_RECENT_CONSISTENCY,10,6.757575757575758,360,0.0061111111111111045,0.0,0.49166666666666664,0.22108904085096784,0.8250231032653822,-0.04806415527567545,0.060286377497897656,363,-0.0011896412396193044,-0.0005989965321012702,0.4820936639118457,-1.302918872948918,0.19260245993230318,342,"HISTORICAL UK RETAIL, ACCOUNT AND BROKER ELIGIBILITY REMAIN UNRESOLVED",3,0.004021140148396099,0.0023501708267671126,0.0033396948325218807,,,0.5
POOL_BROAD_GEOGRAPHY_PRIMARY,FINE_POOL,DISCRETE_RECENT_CONSISTENCY,21,6.748484848484848,329,-0.04689535388623534,-0.035714285714285615,0.48632218844984804,-1.1897857473832005,0.2341306128438818,-0.12414724975188549,0.030356541979414793,330,-0.0013296873067365426,-0.003240788751799395,0.4393939393939394,-0.7390145462667035,0.4598981645144601,310,"HISTORICAL UK RETAIL, ACCOUNT AND BROKER ELIGIBILITY REMAIN UNRESOLVED",3,0.00640836371732669,0.0041720108438874064,0.005738219588585127,,,0.5
POOL_BROAD_GEOGRAPHY_PRIMARY,FINE_POOL,DISCRETE_RECENT_CONSISTENCY,42,6.700336700336701,296,-0.061341698841698836,-0.07142857142857137,0.43243243243243246,-1.3658780132874042,0.17197725481915116,-0.1493638496565199,0.02668045197312223,297,-0.0017906461348643188,-0.004122932640513,0.4444444444444444,-0.6858849128559351,0.49278568479975704,274,"HISTORICAL UK RETAIL, ACCOUNT AND BROKER ELIGIBILITY REMAIN UNRESOLVED",3,0.01195920637727522,0.007028048179818396,0.01059832938419596,,,0.5
POOL_BROAD_GEOGRAPHY_PRIMARY,FINE_POOL,DISCRETE_RECENT_CONSISTENCY,63,6.632575757575758,263,-0.034736556219445956,-0.03571428571428566,0.49049429657794674,-0.5731057668110828,0.5665730828402674,-0.15353207893053988,0.08405896649164799,264,-4.447111976448163e-05,0.0007671771633700475,0.5265151515151515,-0.010404822352658213,0.9916983026779338,237,"HISTORICAL UK RETAIL, ACCOUNT AND BROKER ELIGIBILITY REMAIN UNRESOLVED",3,0.017345812471952264,0.01193112834812542,0.01718655924895567,,,0.5
POOL_BROAD_GEOGRAPHY_PRIMARY,FINE_POOL,DISCRETE_RECENT_CONSISTENCY,126,6.475935828877005,186,0.06716589861751153,0.035714285714285726,0.5161290322580645,0.8696956881928061,0.384466729234364,-0.0842005437678011,0.21853234100282415,187,0.01221275116481059,0.011845931076141847,0.6524064171122995,1.5586783426673654,0.1190725302062913,155,"HISTORICAL UK RETAIL, ACCOUNT AND BROKER ELIGIBILITY REMAIN UNRESOLVED",3,0.04183400120498395,0.041697925184736376,0.05663265554227776,,,0.5
POOL_BROAD_GEOGRAPHY_PRIMARY,FINE_POOL,MH_LEVEL_3_6_12_REFERENCE,5,6.427745664739884,172,-0.03125540339182838,-0.014285714285714303,0.48255813953488375,-0.8356883724904044,0.4033302382419863,-0.1045596002513558,0.042048793467699026,173,-0.0005599610918860956,-0.000605858846809082,0.4682080924855491,-0.624466688367923,0.5323211405457098,140,"HISTORICAL UK RETAIL, ACCOUNT AND BROKER ELIGIBILITY REMAIN UNRESOLVED",3,0.0030383858050497133,0.0018709953015348193,0.0025995934905315736,,,0.5
POOL_BROAD_GEOGRAPHY_PRIMARY,FINE_POOL,MH_LEVEL_3_6_12_REFERENCE,10,6.424418604651163,171,-0.011063148707733377,-0.07142857142857141,0.4502923976608187,-0.23107685719240537,0.8172550938916187,-0.10489934366997346,0.0827730462545067,172,-0.0009316743880072477,-0.0020594082405708813,0.436046511627907,-0.6095973014632914,0.5421285996597779,139,"HISTORICAL UK RETAIL, ACCOUNT AND BROKER ELIGIBILITY REMAIN UNRESOLVED",3,0.005569861604938796,0.003597489335217267,0.005516233643676717,,,0.5
POOL_BROAD_GEOGRAPHY_PRIMARY,FINE_POOL,MH_LEVEL_3_6_12_REFERENCE,21,6.414201183431953,168,-0.004639018381489697,0.026866517484098462,0.5178571428571429,-0.07512192045614806,0.9401177070996085,-0.12567305074021617,0.11639501397723677,169,-0.00047730545934957864,-0.003043255725441729,0.4319526627218935,-0.17536004107301828,0.8607967366227915,136,"HISTORICAL UK RETAIL, ACCOUNT AND BROKER ELIGIBILITY REMAIN UNRESOLVED",3,0.008587390607069702,0.007317215314402947,0.01053852112153411,,,0.5
POOL_BROAD_GEOGRAPHY_PRIMARY,FINE_POOL,MH_LEVEL_3_6_12_REFERENCE,42,6.4,164,-0.011448894150399251,-2.1250362580715887e-17,0.4878048780487805,-0.1588865271414635,0.8737582756336431,-0.15267811352665925,0.12978032522586072,165,-0.000984656174061068,-0.0012463759761107696,0.4727272727272727,-0.23299541738929236,0.8157649642484506,132,"HISTORICAL UK RETAIL, ACCOUNT AND BROKER ELIGIBILITY REMAIN UNRESOLVED",3,0.01717989531363511,0.016541113492980573,0.020617715559808895,,,0.5
POOL_BROAD_GEOGRAPHY_PRIMARY,FINE_POOL,MH_LEVEL_3_6_12_REFERENCE,63,6.385093167701863,160,0.023011912313102165,-0.023295088912669865,0.46875,0.2886911405454391,0.7728177429992608,-0.13321913538673208,0.17924296001293644,161,0.0033134085784119614,0.0053846965339579,0.5714285714285714,0.5729228332846305,0.5666969436949417,128,"HISTORICAL UK RETAIL, ACCOUNT AND BROKER ELIGIBILITY REMAIN UNRESOLVED",3,0.0219714080776879,0.02686865427158078,0.03160706740475093,,,1.0
POOL_BROAD_GEOGRAPHY_PRIMARY,FINE_POOL,MH_LEVEL_3_6_12_REFERENCE,126,6.331081081081081,147,0.01210256134777245,-0.03571428571428578,0.46258503401360546,0.14566935222587507,0.8841824166275729,-0.1507359767514385,0.1749410994469834,148,0.003925302213795239,0.0016923690609530473,0.527027027027027,0.45664363593685803,0.6479272096438664,115,"HISTORICAL UK RETAIL, ACCOUNT AND BROKER ELIGIBILITY REMAIN UNRESOLVED",3,0.05000052846345262,0.05102702189750476,0.06457065948241891,,,1.0
POOL_BROAD_GEOGRAPHY_PRIMARY,FINE_POOL,MH_LEVEL_60D_CENTERED,5,6.427745664739884,172,-0.047743825726385344,-0.10357142857142859,0.436046511627907,-1.281758181432595,0.19992748811372385,-0.12074993582063416,0.025262284367863472,173,-0.0016061545646133075,-0.0014218109877696117,0.43352601156069365,-1.888180243299359,0.05900175718718415,140,"HISTORICAL UK RETAIL, ACCOUNT AND BROKER ELIGIBILITY REMAIN UNRESOLVED",3,0.003487757814831605,0.0012825378107439215,0.0024283633128332864,,,0.5
POOL_BROAD_GEOGRAPHY_PRIMARY,FINE_POOL,MH_LEVEL_60D_CENTERED,10,6.424418604651163,171,-0.0443362591398419,-0.08571428571428581,0.47368421052631576,-0.9333264481575471,0.3506514435382736,-0.13744137932031758,0.04876886104063378,172,-0.00212075402518059,-0.0011525253716972994,0.47093023255813954,-1.482122783138732,0.1383076276383961,139,"HISTORICAL UK RETAIL, ACCOUNT AND BROKER ELIGIBILITY REMAIN UNRESOLVED",3,0.0064573342275710535,0.0029735978993606876,0.004669720193619797,,,0.5
POOL_BROAD_GEOGRAPHY_PRIMARY,FINE_POOL,MH_LEVEL_60D_CENTERED,21,6.414201183431953,168,-0.04057652167603883,-0.035714285714285685,0.47619047619047616,-0.6339213506985364,0.5261321510326108,-0.16603139240299913,0.08487834905092145,169,-0.001753939534017493,-0.0029324855449844867,0.4437869822485207,-0.6733016146339278,0.5007554257690601,136,"HISTORICAL UK RETAIL, ACCOUNT AND BROKER ELIGIBILITY REMAIN UNRESOLVED",3,0.009948103291335234,0.00562692126057172,0.0105319579814602,,,0.5
POOL_BROAD_GEOGRAPHY_PRIMARY,FINE_POOL,MH_LEVEL_60D_CENTERED,42,6.4,164,-0.037407924174313247,-0.05357142857142862,0.4634146341463415,-0.5509270683288239,0.5816836709768608,-0.1704893941780685,0.09567354582944201,165,-0.0014762478385247392,-0.004145732884691,0.46060606060606063,-0.4356322197122219,0.6631035901954992,132,"HISTORICAL UK RETAIL, ACCOUNT AND BROKER ELIGIBILITY REMAIN UNRESOLVED",3,0.018295962557032797,0.014253446342079661,0.021377174003097674,,,0.5
POOL_BROAD_GEOGRAPHY_PRIMARY,FINE_POOL,MH_LEVEL_60D_CENTERED,63,6.385093167701863,160,0.03806006730815977,0.07142857142857137,0.5625,0.5033992791137637,0.6146835783546402,-0.11012520881001553,0.18624534342633509,161,0.004188879925393017,0.006684193004444117,0.6024844720496895,0.894492334582819,0.3710585292731321,128,"HISTORICAL UK RETAIL, ACCOUNT AND BROKER ELIGIBILITY REMAIN UNRESOLVED",3,0.021612118169261965,0.025563254309920926,0.03284238776666202,,,1.0
POOL_BROAD_GEOGRAPHY_PRIMARY,FINE_POOL,MH_LEVEL_60D_CENTERED,126,6.331081081081081,147,0.05705295740203266,3.642919299551295e-17,0.5102040816326531,0.7760214860486291,0.4377362996490952,-0.08704323546095032,0.20114915026501562,148,0.009666204773739992,0.007769437921486433,0.5945945945945946,1.4122053617025208,0.15788950224067877,115,"HISTORICAL UK RETAIL, ACCOUNT AND BROKER ELIGIBILITY REMAIN UNRESOLVED",3,0.046821784943289674,0.051659535016656204,0.06792796497203225,,,1.0
POOL_BROAD_GEOGRAPHY_PRIMARY,FINE_POOL,MH_LEVEL_EQ,5,6.427745664739884,172,-0.05262056479904603,-0.12142857142857144,0.436046511627907,-1.3763444118577197,0.16871502917705827,-0.12755414317066943,0.02231301357257738,173,-0.0013640541156081075,-0.0009066006438090968,0.4624277456647399,-1.5336615263585303,0.12511294344616325,140,"HISTORICAL UK RETAIL, ACCOUNT AND BROKER ELIGIBILITY REMAIN UNRESOLVED",3,0.003477164486772731,0.0016373804328982345,0.002150314691381778,,,0.5
POOL_BROAD_GEOGRAPHY_PRIMARY,FINE_POOL,MH_LEVEL_EQ,10,6.424418604651163,171,-0.02893917064884212,-0.02857142857142854,0.4619883040935672,-0.6184489035841317,0.536279469838965,-0.12065205409883795,0.06277371280115371,172,-0.0012951296320775185,-0.0010123046485349119,0.46511627906976744,-0.884793389357991,0.37626807551844366,139,"HISTORICAL UK RETAIL, ACCOUNT AND BROKER ELIGIBILITY REMAIN UNRESOLVED",3,0.0063125504633456415,0.0031211749418510685,0.00487794085868,,,0.5
POOL_BROAD_GEOGRAPHY_PRIMARY,FINE_POOL,MH_LEVEL_EQ,21,6.414201183431953,168,-0.03795961262977774,-0.08790401599192083,0.4583333333333333,-0.5867886004583429,0.5573456937990912,-0.16475054477014722,0.08883131951059176,169,-0.001411027297692489,-0.0035730664834766612,0.4437869822485207,-0.5132174436026538,0.607799225303356,136,"HISTORICAL UK RETAIL, ACCOUNT AND BROKER ELIGIBILITY REMAIN UNRESOLVED",3,0.01016348485860169,0.005291726923907385,0.010588354112264385,,,0.5
POOL_BROAD_GEOGRAPHY_PRIMARY,FINE_POOL,MH_LEVEL_EQ,42,6.4,164,-0.02754670075239618,-3.642919299551295e-17,0.49390243902439024,-0.40930805099542505,0.6823136079245665,-0.15945356463229185,0.10436016312749949,165,-0.0010263324901985012,-0.004145732884691,0.4727272727272727,-0.2939778142976229,0.768774856323237,132,"HISTORICAL UK RETAIL, ACCOUNT AND BROKER ELIGIBILITY REMAIN UNRESOLVED",3,0.018448446345204882,0.014655186587319707,0.020847288264218503,,,0.5
POOL_BROAD_GEOGRAPHY_PRIMARY,FINE_POOL,MH_LEVEL_EQ,63,6.385093167701863,160,0.02562985836357884,0.07142857142857144,0.525,0.358405981063024,0.7200395163203421,-0.11452851503321965,0.16578823176037732,161,0.0042184005684765755,0.0064992486456627585,0.5962732919254659,0.9183835576784989,0.35841809573704275,128,"HISTORICAL UK RETAIL, ACCOUNT AND BROKER ELIGIBILITY REMAIN UNRESOLVED",3,0.022543862110237723,0.02492825738552673,0.03220241638040785,,,1.0
POOL_BROAD_GEOGRAPHY_PRIMARY,FINE_POOL,MH_LEVEL_EQ,126,6.331081081081081,147,0.04014191712736347,-0.05129891760425767,0.46938775510204084,0.6303886450244918,0.5284403381569104,-0.08466475961245506,0.164948593867182,148,0.008222042090639214,0.006004826648160599,0.5743243243243243,1.250534530172362,0.2111043496679812,115,"HISTORICAL UK RETAIL, ACCOUNT AND BROKER ELIGIBILITY REMAIN UNRESOLVED",3,0.04869831950608706,0.04958474714117779,0.06720528222379314,,,1.0
POOL_BROAD_GEOGRAPHY_PRIMARY,FINE_POOL,MH_LEVEL_RECENCY_TILT,5,6.427745664739884,172,-0.05548758983620763,-0.14285714285714285,0.4069767441860465,-1.477863694215614,0.13944426568504073,-0.1290760256936968,0.018100846021281543,173,-0.0012800168940399984,-0.001402532317516747,0.44508670520231214,-1.4593906168571618,0.1444576270915108,140,"HISTORICAL UK RETAIL, ACCOUNT AND BROKER ELIGIBILITY REMAIN UNRESOLVED",3,0.0034994776569713636,0.002034538911192598,0.0016254816335953784,,,0.0
POOL_BROAD_GEOGRAPHY_PRIMARY,FINE_POOL,MH_LEVEL_RECENCY_TILT,10,6.424418604651163,171,-0.050619401801861655,-0.10714285714285707,0.4502923976608187,-1.1125276132865625,0.2659113643332196,-0.13979669795680744,0.03855789435308411,172,-0.0020798417257150083,-0.002339033873859586,0.436046511627907,-1.5022964239113958,0.13302057180532756,139,"HISTORICAL UK RETAIL, ACCOUNT AND BROKER ELIGIBILITY REMAIN UNRESOLVED",3,0.006708316186861508,0.003484639783561058,0.0039074826259843645,,,0.5
POOL_BROAD_GEOGRAPHY_PRIMARY,FINE_POOL,MH_LEVEL_RECENCY_TILT,21,6.414201183431953,168,-0.06457946872693536,-0.09999999999999995,0.44642857142857145,-1.0180016330788955,0.30867717998703725,-0.18891466499052972,0.05975572753665902,169,-0.0027214136454789617,-0.005193229843379887,0.41420118343195267,-1.0671760039295342,0.2858923661816223,136,"HISTORICAL UK RETAIL, ACCOUNT AND BROKER ELIGIBILITY REMAIN UNRESOLVED",3,0.0104994519349584,0.006653244396590187,0.008752684654000297,,,0.5
POOL_BROAD_GEOGRAPHY_PRIMARY,FINE_POOL,MH_LEVEL_RECENCY_TILT,42,6.4,164,-0.05774353437999493,-0.0714285714285714,0.4695121951219512,-0.8758557479863117,0.3811084590079997,-0.18696030093663712,0.07147323217664725,165,-0.0031282016321628817,-0.006012440630033478,0.42424242424242425,-0.9887382682356001,0.3227912143263777,132,"HISTORICAL UK RETAIL, ACCOUNT AND BROKER ELIGIBILITY REMAIN UNRESOLVED",3,0.018880077581517937,0.01622998249402284,0.0185217099951064,,,0.5
POOL_BROAD_GEOGRAPHY_PRIMARY,FINE_POOL,MH_LEVEL_RECENCY_TILT,63,6.385093167701863,160,-0.0043220602777580275,0.028571428571428505,0.50625,-0.061508241615391,0.9509544509759157,-0.1420447826470027,0.13340066209148665,161,0.0004862596367961664,0.003957862003188373,0.5527950310559007,0.11515710595241589,0.9083205969143017,128,"HISTORICAL UK RETAIL, ACCOUNT AND BROKER ELIGIBILITY REMAIN UNRESOLVED",3,0.024284114045928316,0.024620483063404686,0.02975338523252052,,,1.0
POOL_BROAD_GEOGRAPHY_PRIMARY,FINE_POOL,MH_LEVEL_RECENCY_TILT,126,6.331081081081081,147,0.05321980641854684,0.03571428571428566,0.5238095238095238,0.8714095420963401,0.38353057752290687,-0.06648154960930966,0.17292116244640332,148,0.008060354023728594,0.004796299379833724,0.5743243243243243,1.3846489752811113,0.16615982824455533,115,"HISTORICAL UK RETAIL, ACCOUNT AND BROKER ELIGIBILITY REMAIN UNRESOLVED",3,0.04655174918233409,0.05261105024002025,0.0665439300439677,,,1.0
POOL_BROAD_GEOGRAPHY_PRIMARY,FINE_POOL,PAIRWISE_MAJORITY_5H,5,6.427745664739884,172,-0.036835286433836496,-0.0799196086901979,0.45930232558139533,-0.9948056145214369,0.319830815035984,-0.10940809233347654,0.03573751946580355,173,-0.0012284804341972319,-0.001402532317516747,0.4624277456647399,-1.4844823464515897,0.13768100311162226,140,"HISTORICAL UK RETAIL, ACCOUNT AND BROKER ELIGIBILITY REMAIN UNRESOLVED",3,0.0034266147893746205,0.0018475509498271077,0.001944265053828863,,,0.5
POOL_BROAD_GEOGRAPHY_PRIMARY,FINE_POOL,PAIRWISE_MAJORITY_5H,10,6.424418604651163,171,-0.02385500921137655,-0.10714285714285707,0.4619883040935672,-0.508213181362572,0.611303847792104,-0.11585372278235165,0.06814370435959854,172,-0.001217344670687727,-0.0004557594014894528,0.48255813953488375,-0.8480535022477443,0.39640817522454064,139,"HISTORICAL UK RETAIL, ACCOUNT AND BROKER ELIGIBILITY REMAIN UNRESOLVED",3,0.006086898055590112,0.004091642393606402,0.004119515351788745,,,0.5
POOL_BROAD_GEOGRAPHY_PRIMARY,FINE_POOL,PAIRWISE_MAJORITY_5H,21,6.414201183431953,168,-0.04204666421982899,-0.07142857142857145,0.4583333333333333,-0.6406292930176489,0.5217635629612785,-0.1706857202841033,0.08659239184444531,169,-0.0012849403549749466,-0.003964826473056848,0.4260355029585799,-0.46923485793882186,0.6389017720602141,136,"HISTORICAL UK RETAIL, ACCOUNT AND BROKER ELIGIBILITY REMAIN UNRESOLVED",3,0.009551827272234187,0.0075671008426584805,0.009059154266268904,,,0.5
POOL_BROAD_GEOGRAPHY_PRIMARY,FINE_POOL,PAIRWISE_MAJORITY_5H,42,6.4,164,-0.037597290410207554,-0.014285714285714336,0.4634146341463415,-0.5600841234986134,0.5754220591198067,-0.16916562457399925,0.09397104375358416,165,-0.0014160907117996367,-0.00460901365910138,0.46060606060606063,-0.4139448910233759,0.6789144666505529,132,"HISTORICAL UK RETAIL, ACCOUNT AND BROKER ELIGIBILITY REMAIN UNRESOLVED",3,0.0177597275702302,0.017148204087773358,0.019200611316594635,,,0.5
POOL_BROAD_GEOGRAPHY_PRIMARY,FINE_POOL,PAIRWISE_MAJORITY_5H,63,6.385093167701863,160,0.016596638662737074,0.05357142857142861,0.55,0.23594671111945015,0.813474021092635,-0.1212684491321153,0.15446172645758946,161,0.0026585872646974398,0.006484385436451134,0.5838509316770186,0.6106397517919123,0.5414380999056334,128,"HISTORICAL UK RETAIL, ACCOUNT AND BROKER ELIGIBILITY REMAIN UNRESOLVED",3,0.022168126254093166,0.027099939820517536,0.030426755962627318,,,1.0
POOL_BROAD_GEOGRAPHY_PRIMARY,FINE_POOL,PAIRWISE_MAJORITY_5H,126,6.331081081081081,147,0.050710957691554634,-0.0357142857142857,0.48299319727891155,0.7953092829468583,0.4264336149966206,-0.0742613679535149,0.17568328333662417,148,0.008955593689408639,0.007111960090385283,0.581081081081081,1.3905045107917104,0.16437573051209153,115,"HISTORICAL UK RETAIL, ACCOUNT AND BROKER ELIGIBILITY REMAIN UNRESOLVED",3,0.046802823319265455,0.05246731366255337,0.06615445927947175,,,1.0
POOL_BROAD_GEOGRAPHY_PRIMARY,FINE_POOL,RRG_TRANSPARENT_LEVEL,5,6.596837944664031,251,-0.011782689624008531,-0.05405624776173356,0.4541832669322709,-0.3808780245032287,0.7032937595525854,-0.07241534842387254,0.04884996917585548,253,0.00018922974208310733,0.0004754426442317161,0.5335968379446641,0.2620813894606858,0.7932586944984411,224,"HISTORICAL UK RETAIL, ACCOUNT AND BROKER ELIGIBILITY REMAIN UNRESOLVED",3,0.0021295013278013644,0.0015635326983434708,0.0017044141768272592,,,0.5
POOL_BROAD_GEOGRAPHY_PRIMARY,FINE_POOL,RRG_TRANSPARENT_LEVEL,10,6.573770491803279,242,0.015099265273107903,0.009009374626955573,0.5082644628099173,0.3828012458066409,0.7018671377058607,-0.062209825155652744,0.09240835570186855,244,0.0005370921441764713,-0.0004440442469331174,0.4918032786885246,0.43918869933113713,0.660524812692388,214,"HISTORICAL UK RETAIL, ACCOUNT AND BROKER ELIGIBILITY REMAIN UNRESOLVED",3,0.0037682672884312234,0.0031175724434295794,0.0036130811866813516,,,0.5
POOL_BROAD_GEOGRAPHY_PRIMARY,FINE_POOL,RRG_TRANSPARENT_LEVEL,21,6.522123893805309,224,0.02541239525018416,0.05267758268299559,0.5178571428571429,0.46570497022107615,0.6414266942435914,-0.0815381048220257,0.132362895322394,226,0.0017848229510947866,2.6748858069414183e-05,0.5,0.747666773345548,0.45466117749335244,193,"HISTORICAL UK RETAIL, ACCOUNT AND BROKER ELIGIBILITY REMAIN UNRESOLVED",3,0.006978273938146409,0.007689080463052517,0.00945757439520816,,,1.0
POOL_BROAD_GEOGRAPHY_PRIMARY,FINE_POOL,RRG_TRANSPARENT_LEVEL,42,6.474747474747475,196,0.01775234788353603,-0.035875892111054,0.46938775510204084,0.26408870877118373,0.7917115642301027,-0.11399869385790873,0.14950338962498078,198,0.004721153539123694,0.0012714258014926427,0.5202020202020202,1.1697469965067153,0.24210279937025836,165,"HISTORICAL UK RETAIL, ACCOUNT AND BROKER ELIGIBILITY REMAIN UNRESOLVED",3,0.012799766072651155,0.013720882878264675,0.019061097596391484,,,1.0
POOL_BROAD_GEOGRAPHY_PRIMARY,FINE_POOL,RRG_TRANSPARENT_LEVEL,63,6.457446808510638,186,0.026032658725173248,0.009009374626955611,0.5053763440860215,0.34147929755372375,0.7327427874370145,-0.12338510653520737,0.17545042398555385,188,0.008200979031952788,0.008368206029885528,0.6117021276595744,1.4224136387226605,0.15490620608573927,155,"HISTORICAL UK RETAIL, ACCOUNT AND BROKER ELIGIBILITY REMAIN UNRESOLVED",3,0.01952022949898021,0.023094374170499907,0.030832491995786897,,,1.0
POOL_BROAD_GEOGRAPHY_PRIMARY,FINE_POOL,RRG_TRANSPARENT_LEVEL,126,6.417142857142857,173,0.029468936940312055,-4.901183422676691e-17,0.48554913294797686,0.36929960284515323,0.7119044215475759,-0.12692997229412725,0.18586784617475136,175,0.00853341885935521,0.009233807416481277,0.5885714285714285,1.030720371114722,0.3026719689985298,142,"HISTORICAL UK RETAIL, ACCOUNT AND BROKER ELIGIBILITY REMAIN UNRESOLVED",3,0.04955990229699282,0.04749676790999618,0.0613064796023451,,,0.5
POOL_BROAD_GEOGRAPHY_PRIMARY,FINE_POOL,RRG_TRANSPARENT_MOMENTUM,5,6.538116591928251,222,-0.0719540387309512,-0.1336306209562122,0.44144144144144143,-2.280519682669466,0.02257688478375161,-0.13379403315265456,-0.010114044309247838,223,-0.0018202154778002694,-0.0019824363509636234,0.39461883408071746,-2.4163467132843732,0.01567712556213912,191,"HISTORICAL UK RETAIL, ACCOUNT AND BROKER ELIGIBILITY REMAIN UNRESOLVED",3,0.004091138032064106,0.001771075650242529,0.002396843856390394,,,0.5
POOL_BROAD_GEOGRAPHY_PRIMARY,FINE_POOL,RRG_TRANSPARENT_MOMENTUM,10,6.5233644859813085,213,-0.03316481624664464,-0.059108280467932504,0.4507042253521127,-0.9674900380641931,0.33329911889810737,-0.10035087795263553,0.03402124545934624,214,-0.0011663804594020098,-0.0022121666927035766,0.4439252336448598,-1.1135269809678854,0.2654821671123795,182,"HISTORICAL UK RETAIL, ACCOUNT AND BROKER ELIGIBILITY REMAIN UNRESOLVED",3,0.006703905606497656,0.004313510822045289,0.005592776814216915,,,0.5
POOL_BROAD_GEOGRAPHY_PRIMARY,FINE_POOL,RRG_TRANSPARENT_MOMENTUM,21,6.49238578680203,196,0.005896511015847716,0.03671605710286019,0.5153061224489796,0.14463666555112037,0.884997746687814,-0.07400680521084255,0.08579982724253798,197,-5.338892018338573e-05,-0.0002335047966096626,0.49238578680203043,-0.02756670525959582,0.9780077369217346,165,"HISTORICAL UK RETAIL, ACCOUNT AND BROKER ELIGIBILITY REMAIN UNRESOLVED",3,0.008360381607677356,0.009408866958216374,0.009575445897231558,,,1.0
POOL_BROAD_GEOGRAPHY_PRIMARY,FINE_POOL,RRG_TRANSPARENT_MOMENTUM,42,6.475935828877005,186,-0.0274696370353023,-0.03235141874845414,0.4838709677419355,-0.5680621621824712,0.5699927592610052,-0.12224711534987798,0.06730784127927339,187,-0.00022840299582905805,-0.0007269652178858443,0.48663101604278075,-0.09042282508811376,0.9279512191906454,155,"HISTORICAL UK RETAIL, ACCOUNT AND BROKER ELIGIBILITY REMAIN UNRESOLVED",3,0.01679072242623922,0.018671559194020148,0.016753511942913135,,,0.5
POOL_BROAD_GEOGRAPHY_PRIMARY,FINE_POOL,RRG_TRANSPARENT_MOMENTUM,63,6.46448087431694,182,-0.004854047111945258,0.0233781263788806,0.521978021978022,-0.09348940463902691,0.9255147667027127,-0.10661699613710009,0.09690890191320957,183,0.00048826628404834415,0.0013855079153990424,0.5245901639344263,0.1402425331041101,0.8884683673933511,151,"HISTORICAL UK RETAIL, ACCOUNT AND BROKER ELIGIBILITY REMAIN UNRESOLVED",3,0.02335925837101104,0.026813567945027084,0.027110911075720404,,,1.0
POOL_BROAD_GEOGRAPHY_PRIMARY,FINE_POOL,RRG_TRANSPARENT_MOMENTUM,126,6.423529411764706,169,0.04438857931591063,0.028571428571428553,0.514792899408284,0.9000629785265277,0.3680867363294197,-0.05227134211148786,0.1410485007433091,170,0.004689109185452121,0.007084936782210116,0.5235294117647059,1.0019932240074214,0.316346865483509,138,"HISTORICAL UK RETAIL, ACCOUNT AND BROKER ELIGIBILITY REMAIN UNRESOLVED",3,0.048481813719303685,0.05727830878468006,0.0565890064737335,,,0.5
POOL_BROAD_GEOGRAPHY_PRIMARY,FINE_POOL,RS_126,5,6.596837944664031,251,-0.003044963005122364,0.03571428571428569,0.5219123505976095,-0.0981092726128805,0.9218455245708034,-0.06387527664780206,0.057785350637557326,253,0.0002111417323787941,0.0003487586653780905,0.5138339920948617,0.2582473827840603,0.7962159915960642,224,"HISTORICAL UK RETAIL, ACCOUNT AND BROKER ELIGIBILITY REMAIN UNRESOLVED",3,0.001976691709786921,0.0015032235016326843,0.0019140475116208408,,,0.5
POOL_BROAD_GEOGRAPHY_PRIMARY,FINE_POOL,RS_126,10,6.573770491803279,242,0.027804014167650538,0.05357142857142856,0.5206611570247934,0.7181930542118631,0.47263826005191056,-0.04807372660782733,0.1036817549431284,244,0.001097127896612821,0.0003599881253681936,0.5040983606557377,0.8309216611224325,0.4060178859658553,214,"HISTORICAL UK RETAIL, ACCOUNT AND BROKER ELIGIBILITY REMAIN UNRESOLVED",3,0.0032872916111070937,0.003209233058146942,0.004074423485259848,,,0.5
POOL_BROAD_GEOGRAPHY_PRIMARY,FINE_POOL,RS_126,21,6.522123893805309,224,0.043973214285714275,0.03571428571428572,0.5089285714285714,0.7920398166715388,0.4283374601195239,-0.06484191655789548,0.15278834512932404,226,0.0038102676438863075,0.003403162822782524,0.5398230088495575,1.565894598588313,0.11737329458884645,193,"HISTORICAL UK RETAIL, ACCOUNT AND BROKER ELIGIBILITY REMAIN UNRESOLVED",3,0.0057976045744789935,0.009097308892086353,0.009649102841197745,,,1.0
POOL_BROAD_GEOGRAPHY_PRIMARY,FINE_POOL,RS_126,42,6.474747474747475,196,0.0618075801749271,0.1,0.5459183673469388,0.9529569123343259,0.3406119023679617,-0.06531320518953143,0.18892836553938563,198,0.006246989228601305,0.003516279887579077,0.5454545454545454,1.4306082354963343,0.15254252585726422,165,"HISTORICAL UK RETAIL, ACCOUNT AND BROKER ELIGIBILITY REMAIN UNRESOLVED",3,0.01142701103453533,0.016360190906093374,0.01823201040242146,,,1.0
POOL_BROAD_GEOGRAPHY_PRIMARY,FINE_POOL,RS_126,63,6.457446808510638,186,0.04719662058371734,0.05357142857142856,0.5268817204301075,0.6595118698711665,0.5095671263740753,-0.09306420073274821,0.1874574419001829,188,0.008924854378036216,0.008238149978205267,0.5957446808510638,1.381744421402187,0.16705018969345198,155,"HISTORICAL UK RETAIL, ACCOUNT AND BROKER ELIGIBILITY REMAIN UNRESOLVED",3,0.018841146279571706,0.026866752192399382,0.02813822014063868,,,1.0
POOL_BROAD_GEOGRAPHY_PRIMARY,FINE_POOL,RS_126,126,6.417142857142857,173,0.014161849710982645,-0.035714285714285685,0.4797687861271676,0.16156533192053746,0.871648159683037,-0.1576368589479178,0.18596055836988307,175,0.00813940014824413,0.005935301141203331,0.5657142857142857,0.8266017670758883,0.40846281547078733,142,"HISTORICAL UK RETAIL, ACCOUNT AND BROKER ELIGIBILITY REMAIN UNRESOLVED",3,0.04841104400842852,0.05497724676933532,0.055379638695964246,,,1.0
POOL_BROAD_GEOGRAPHY_PRIMARY,FINE_POOL,RS_21,5,6.819642857142857,552,-0.03219461697722568,-0.035714285714285685,0.4601449275362319,-1.5822613559214038,0.11358991876243182,-0.07207443173430081,0.007685197779849454,560,-0.0009789125662716305,-0.0010157826503820466,0.44642857142857145,-2.029485702333203,0.04240884380979617,535,"HISTORICAL UK RETAIL, ACCOUNT AND BROKER ELIGIBILITY REMAIN UNRESOLVED",3,0.0026665109718261946,0.0014004795101247177,0.001308869200070948,,,0.0
POOL_BROAD_GEOGRAPHY_PRIMARY,FINE_POOL,RS_21,10,6.814953271028037,528,-0.016423160173160166,-0.035714285714285705,0.4734848484848485,-0.7082890326801264,0.47876578640000944,-0.06186901767843012,0.02902269733210979,535,-0.001322768582589818,-0.0010595824174640667,0.4803738317757009,-1.7840744974450897,0.07441156063831655,510,"HISTORICAL UK RETAIL, ACCOUNT AND BROKER ELIGIBILITY REMAIN UNRESOLVED",3,0.004346096387976384,0.0024245861356008056,0.002898351330885113,,,0.5
POOL_BROAD_GEOGRAPHY_PRIMARY,FINE_POOL,RS_21,21,6.7974683544303796,468,-0.03937728937728937,-0.07142857142857148,0.44871794871794873,-1.2420471441544696,0.21421916836043697,-0.10151508289948147,0.022760504144902736,474,-0.001813724961007313,-0.002747624934814785,0.42616033755274263,-1.317011191152464,0.1878348733461147,450,"HISTORICAL UK RETAIL, ACCOUNT AND BROKER ELIGIBILITY REMAIN UNRESOLVED",3,0.007397865769396603,0.00524551914893719,0.005488009666771413,,,0.5
POOL_BROAD_GEOGRAPHY_PRIMARY,FINE_POOL,RS_21,42,6.75,382,-0.04637247569184742,-0.035714285714285754,0.4607329842931937,-1.2232571056527204,0.2212326028353795,-0.12067278574930075,0.027927834365605905,388,-0.0015820397911829912,-0.0016639292262730088,0.4845360824742268,-0.7185816589540938,0.47239871747205486,364,"HISTORICAL UK RETAIL, ACCOUNT AND BROKER ELIGIBILITY REMAIN UNRESOLVED",3,0.012170954572672742,0.009536529817443806,0.010755000683390938,,,0.5
POOL_BROAD_GEOGRAPHY_PRIMARY,FINE_POOL,RS_21,63,6.736526946107785,330,-0.05378787878787879,-0.03571428571428572,0.45454545454545453,-1.2704233856574523,0.20393385747099335,-0.13676990385072163,0.029194146274964056,334,-0.003103988338434353,-0.0006537716721844999,0.48502994011976047,-0.9951442057176682,0.3196661333260392,313,"HISTORICAL UK RETAIL, ACCOUNT AND BROKER ELIGIBILITY REMAIN UNRESOLVED",3,0.018534887170208538,0.012320583989005162,0.017174334488614523,,,0.5
POOL_BROAD_GEOGRAPHY_PRIMARY,FINE_POOL,RS_21,126,6.508771929824562,224,-0.004304846938775515,3.642919299551294e-17,0.5044642857142857,-0.07102207356885344,0.9433801876817847,-0.12310375740395361,0.11449406352640258,228,0.002040607691227254,0.002287805065671944,0.5307017543859649,0.2941658477836553,0.7686311761817535,194,"HISTORICAL UK RETAIL, ACCOUNT AND BROKER ELIGIBILITY REMAIN UNRESOLVED",3,0.039558824415131894,0.03428522205307243,0.043541339636558714,,,0.5
POOL_BROAD_GEOGRAPHY_PRIMARY,FINE_POOL,RS_252,5,6.427745664739884,172,-0.008014950166112972,-2.949029909160572e-17,0.4883720930232558,-0.19335201232229737,0.8466832948247511,-0.08926061952733733,0.07323071919511137,173,-4.690624695521068e-05,0.00011794391244501767,0.5086705202312138,-0.044877187939426674,0.9642051999084771,140,"HISTORICAL UK RETAIL, ACCOUNT AND BROKER ELIGIBILITY REMAIN UNRESOLVED",3,0.0031007583012160147,0.0019574301526159355,0.00259092714779097,,,0.5
POOL_BROAD_GEOGRAPHY_PRIMARY,FINE_POOL,RS_252,10,6.424418604651163,171,-0.0086048454469507,0.0,0.4853801169590643,-0.17835471415323195,0.8584444118838402,-0.10316465144157809,0.08595496054767669,172,6.177107136221316e-05,0.001155747854530098,0.5116279069767442,0.03725756727527287,0.9702796383930331,139,"HISTORICAL UK RETAIL, ACCOUNT AND BROKER ELIGIBILITY REMAIN UNRESOLVED",3,0.005565702791116545,0.004371684754672972,0.004974061058254828,,,0.5
POOL_BROAD_GEOGRAPHY_PRIMARY,FINE_POOL,RS_252,21,6.414201183431953,168,-0.031164965986394573,-0.07142857142857151,0.47619047619047616,-0.47874888120248565,0.6321172868397493,-0.15875212767192673,0.0964221956991376,169,-0.0010860453513686394,-0.003074712402103552,0.47337278106508873,-0.3713137730038409,0.71040384070942,136,"HISTORICAL UK RETAIL, ACCOUNT AND BROKER ELIGIBILITY REMAIN UNRESOLVED",3,0.011369264034969781,0.005768485562211563,0.008976286953031246,,,0.5
POOL_BROAD_GEOGRAPHY_PRIMARY,FINE_POOL,RS_252,42,6.4,164,-0.017334494773519185,-2.42861286636753e-17,0.4878048780487805,-0.2335350367793273,0.8153459661588117,-0.16281581489936892,0.12814682535233057,165,-0.003359590788697815,-0.00198181050595303,0.46060606060606063,-0.7348622433603884,0.46242339494389195,132,"HISTORICAL UK RETAIL, ACCOUNT AND BROKER ELIGIBILITY REMAIN UNRESOLVED",3,0.020917214132881598,0.013310345533545183,0.019341586397030645,,,0.5
POOL_BROAD_GEOGRAPHY_PRIMARY,FINE_POOL,RS_252,63,6.385093167701863,160,-0.051026785714285726,-0.035714285714285796,0.43125,-0.645528801820051,0.5185845597698151,-0.20595505841856415,0.10390148698999269,161,-0.004038912557455949,-0.0035554818129390764,0.4720496894409938,-0.7275721184698826,0.46687555334141384,128,"HISTORICAL UK RETAIL, ACCOUNT AND BROKER ELIGIBILITY REMAIN UNRESOLVED",3,0.029539976741606893,0.019431036745433915,0.029321647833258725,,,0.5
POOL_BROAD_GEOGRAPHY_PRIMARY,FINE_POOL,RS_252,126,6.331081081081081,147,-0.11622934888241013,-0.10714285714285716,0.3741496598639456,-1.423289182956625,0.15465234142682338,-0.27628490223302327,0.043826204468202984,148,-0.0110929613557274,-0.012090859784856633,0.3716216216216216,-1.563960717016458,0.11782679402461815,115,"HISTORICAL UK RETAIL, ACCOUNT AND BROKER ELIGIBILITY REMAIN UNRESOLVED",3,0.06750009557504608,0.029447494070970488,0.06292109078034336,,,0.5
POOL_BROAD_GEOGRAPHY_PRIMARY,FINE_POOL,RS_42,5,6.802575107296137,462,-0.01584724799010513,5.464378949326941e-17,0.5043290043290043,-0.6971432011321084,0.4857131804506991,-0.060400555351120266,0.028706059370910003,466,-0.0007446320989999789,-0.000985226928966132,0.463519313304721,-1.3892903073150302,0.16474449008464764,444,"HISTORICAL UK RETAIL, ACCOUNT AND BROKER ELIGIBILITY REMAIN UNRESOLVED",3,0.002413934061685352,0.00127395944394745,0.0016120345116182532,,,0.5
POOL_BROAD_GEOGRAPHY_PRIMARY,FINE_POOL,RS_42,10,6.791855203619909,438,-0.03829093281148076,-0.0714285714285714,0.4611872146118721,-1.4034853226636688,0.16047216571234346,-0.0917641313074297,0.01518226568446819,442,-0.0015610968990599364,-0.0011754033322507462,0.47285067873303166,-1.7647462705696144,0.07760641832558346,420,"HISTORICAL UK RETAIL, ACCOUNT AND BROKER ELIGIBILITY REMAIN UNRESOLVED",3,0.004539059640904275,0.002067814486153516,0.0027009991521911576,,,0.5
POOL_BROAD_GEOGRAPHY_PRIMARY,FINE_POOL,RS_42,21,6.763020833333333,380,-0.04900375939849623,-0.03571428571428568,0.47368421052631576,-1.2864000702801037,0.1983034739036017,-0.12366607149492327,0.02565855269793081,384,-0.0020334323643877066,-0.0022263471098187826,0.4609375,-1.1524842680823382,0.24912213073172051,362,"HISTORICAL UK RETAIL, ACCOUNT AND BROKER ELIGIBILITY REMAIN UNRESOLVED",3,0.0071016033495104,0.003960018912903143,0.005600243630254544,,,0.5
POOL_BROAD_GEOGRAPHY_PRIMARY,FINE_POOL,RS_42,42,6.743975903614458,330,-0.055216450216450205,-0.0714285714285714,0.46060606060606063,-1.2572381375760993,0.20866741723286397,-0.14129580984122192,0.03086290940832151,332,-0.0020383675634962546,-0.0024441797197205517,0.47289156626506024,-0.7373505821584689,0.4609091793543886,312,"HISTORICAL UK RETAIL, ACCOUNT AND BROKER ELIGIBILITY REMAIN UNRESOLVED",3,0.01227978283447663,0.00755006936095685,0.010358934423913875,,,0.5
POOL_BROAD_GEOGRAPHY_PRIMARY,FINE_POOL,RS_42,63,6.693602693602694,295,-0.06188861985472155,-0.08571428571428576,0.43728813559322033,-1.4125263795114462,0.15779502900476816,-0.1477627442091983,0.0239855044997552,297,-0.0036235118668253804,-0.0020541760067251946,0.46464646464646464,-1.004886097626341,0.3149516994714988,274,"HISTORICAL UK RETAIL, ACCOUNT AND BROKER ELIGIBILITY REMAIN UNRESOLVED",3,0.01941574427973833,0.012028153721241277,0.016609502453731086,,,0.5
POOL_BROAD_GEOGRAPHY_PRIMARY,FINE_POOL,RS_42,126,6.474747474747475,196,0.03148688046647229,-1.2143064331837648e-17,0.4846938775510204,0.48850239542068097,0.625194029419377,-0.09484443802513562,0.15781819895808022,198,0.0070230505424232125,0.0038509572820549787,0.5454545454545454,1.043208752516385,0.29685162067364357,165,"HISTORICAL UK RETAIL, ACCOUNT AND BROKER ELIGIBILITY REMAIN UNRESOLVED",3,0.04079726900168003,0.03726832054612132,0.05161959335073713,,,0.5
POOL_BROAD_GEOGRAPHY_PRIMARY,FINE_POOL,RS_63,5,6.762532981530343,376,-0.008225683890577505,-0.03214285714285711,0.48936170212765956,-0.32465057964433763,0.7454455418891255,-0.05788536474315846,0.04143399696200345,379,-0.0005474227847188065,-0.0005027422268047976,0.46965699208443273,-0.9743567780073086,0.3298794222046283,357,"HISTORICAL UK RETAIL, ACCOUNT AND BROKER ELIGIBILITY REMAIN UNRESOLVED",3,0.0020864187065426343,0.0014461107592343486,0.0020131536413778377,,,0.5
POOL_BROAD_GEOGRAPHY_PRIMARY,FINE_POOL,RS_63,10,6.757575757575758,360,-0.013214285714285727,4.85722573273506e-17,0.5083333333333333,-0.44926267433600725,0.6532421803014574,-0.07086324157223822,0.04443467014366677,363,-0.0012408830215868134,-0.0007537179833513319,0.48760330578512395,-1.2665137514229212,0.20532920931863707,342,"HISTORICAL UK RETAIL, ACCOUNT AND BROKER ELIGIBILITY REMAIN UNRESOLVED",3,0.00399476908642533,0.002398390397317046,0.0033322223533911403,,,0.5
POOL_BROAD_GEOGRAPHY_PRIMARY,FINE_POOL,RS_63,21,6.748484848484848,329,-0.0549934867564047,-0.07142857142857147,0.47112462006079026,-1.3183187571020911,0.18739696447061116,-0.13675311647127397,0.026766142958464564,330,-0.0021484717708197807,-0.0040197082655490934,0.42727272727272725,-1.1205413336250942,0.26248314902616887,310,"HISTORICAL UK RETAIL, ACCOUNT AND BROKER ELIGIBILITY REMAIN UNRESOLVED",3,0.0066193366084240065,0.004177475609241144,0.005411615617977422,,,0.5
POOL_BROAD_GEOGRAPHY_PRIMARY,FINE_POOL,RS_63,42,6.700336700336701,296,-0.06085907335907334,-0.09285714285714294,0.4222972972972973,-1.2300504030926875,0.2186782309481764,-0.1578320035872639,0.03611385686911721,297,-0.002109422785556558,-0.004573101197280494,0.4377104377104377,-0.736302776458465,0.4615464569176093,274,"HISTORICAL UK RETAIL, ACCOUNT AND BROKER ELIGIBILITY REMAIN UNRESOLVED",3,0.011275334336166414,0.007242458640512499,0.011301302026553783,,,0.5
POOL_BROAD_GEOGRAPHY_PRIMARY,FINE_POOL,RS_63,63,6.632575757575758,263,-0.02561108093427487,0.0,0.49809885931558934,-0.4134841106694159,0.6792519615069039,-0.14701065818780554,0.09578849631925579,264,-0.00011281536106859181,0.003483835136495639,0.5454545454545454,-0.023536949401291602,0.9812219652812599,237,"HISTORICAL UK RETAIL, ACCOUNT AND BROKER ELIGIBILITY REMAIN UNRESOLVED",3,0.016242932978038836,0.012045755245742326,0.018573753775205044,,,0.5
POOL_BROAD_GEOGRAPHY_PRIMARY,FINE_POOL,RS_63,126,6.475935828877005,186,0.07845622119815668,0.017857142857142867,0.521505376344086,1.1247701634079013,0.26068644087766435,-0.058257369643894635,0.215169812040208,187,0.012064801837905082,0.009233807416481277,0.6256684491978609,1.7067052151888156,0.08787685739268616,155,"HISTORICAL UK RETAIL, ACCOUNT AND BROKER ELIGIBILITY REMAIN UNRESOLVED",3,0.04048174523696784,0.04100026904568521,0.05919412016887021,,,1.0
POOL_BROAD_GEOGRAPHY_PRIMARY,FINE_POOL,SHORT_MINUS_LONG_RS,5,6.427745664739884,172,-0.027286569838511465,-4.5536491244391186e-17,0.4883720930232558,-0.6909397108210423,0.4896034293189927,-0.10468940731845365,0.05011626764143072,173,-0.0003786326638632856,0.0003024351352685084,0.5144508670520231,-0.3967037547798242,0.691585930997912,140,"HISTORICAL UK RETAIL, ACCOUNT AND BROKER ELIGIBILITY REMAIN UNRESOLVED",3,0.002580065645476028,0.002719392479519169,0.0020140484517670657,,,0.5
POOL_BROAD_GEOGRAPHY_PRIMARY,FINE_POOL,SHORT_MINUS_LONG_RS,10,6.424418604651163,171,-0.04190394221574778,-0.07142857142857144,0.45614035087719296,-0.9639349015879972,0.33507856435931616,-0.12710701704767985,0.04329913261618429,172,-0.001741564667372651,-0.00019559086037912454,0.4941860465116279,-1.1900293046696426,0.23403487431045245,139,"HISTORICAL UK RETAIL, ACCOUNT AND BROKER ELIGIBILITY REMAIN UNRESOLVED",3,0.005833186620608501,0.004542046097861104,0.003740990519342495,,,0.0
POOL_BROAD_GEOGRAPHY_PRIMARY,FINE_POOL,SHORT_MINUS_LONG_RS,21,6.414201183431953,168,-0.061803338516215056,-0.03214285714285705,0.4880952380952381,-1.1228103871734818,0.26151803291232145,-0.1696864851275074,0.04607980809507728,169,-0.002708773602596237,-0.001569378500783536,0.47337278106508873,-1.176974975525571,0.23920549454071627,136,"HISTORICAL UK RETAIL, ACCOUNT AND BROKER ELIGIBILITY REMAIN UNRESOLVED",3,0.009004674015596261,0.010386663833729777,0.006397293404706105,,,0.5
POOL_BROAD_GEOGRAPHY_PRIMARY,FINE_POOL,SHORT_MINUS_LONG_RS,42,6.4,164,-0.06618505879885675,-0.0714285714285714,0.4573170731707317,-0.9727269137094262,0.33068904529290855,-0.19954245822121425,0.06717234062350075,165,-0.0018636552579655227,-0.0031088805821855026,0.4727272727272727,-0.46405726403232933,0.6426067190542228,132,"HISTORICAL UK RETAIL, ACCOUNT AND BROKER ELIGIBILITY REMAIN UNRESOLVED",3,0.01754238372567135,0.017116815516767463,0.01858274497218012,,,0.5
POOL_BROAD_GEOGRAPHY_PRIMARY,FINE_POOL,SHORT_MINUS_LONG_RS,63,6.385093167701863,160,0.01970881384198894,0.09285714285714286,0.56875,0.26904521970329487,0.7878948848385594,-0.12386766505216384,0.16328529273614173,161,0.0027320253802141045,0.004442529270575868,0.5590062111801242,0.565729105396738,0.5715779464435539,128,"HISTORICAL UK RETAIL, ACCOUNT AND BROKER ELIGIBILITY REMAIN UNRESOLVED",3,0.023896771236091168,0.023593341465165625,0.03096057411002844,,,0.5
POOL_BROAD_GEOGRAPHY_PRIMARY,FINE_POOL,SHORT_MINUS_LONG_RS,126,6.331081081081081,147,0.11602470038146857,0.14285714285714282,0.6122448979591837,1.343571851843358,0.17908687683659963,-0.05322879637252663,0.28527819713546376,148,0.012545976446759626,0.012372462810159912,0.6418918918918919,1.740731530596379,0.08173064866089116,115,"HISTORICAL UK RETAIL, ACCOUNT AND BROKER ELIGIBILITY REMAIN UNRESOLVED",3,0.04630882967932627,0.0493071692552291,0.06977659259799392,,,1.0
POOL_CHINA_THEMES,FINE_POOL,RS_126,5,,0,,,,,,,,0,,,,,,0,"HISTORICAL UK RETAIL, ACCOUNT AND BROKER ELIGIBILITY REMAIN UNRESOLVED",0,,,,,,
POOL_CHINA_THEMES,FINE_POOL,RS_126,10,,0,,,,,,,,0,,,,,,0,"HISTORICAL UK RETAIL, ACCOUNT AND BROKER ELIGIBILITY REMAIN UNRESOLVED",0,,,,,,
POOL_CHINA_THEMES,FINE_POOL,RS_126,21,,0,,,,,,,,0,,,,,,0,"HISTORICAL UK RETAIL, ACCOUNT AND BROKER ELIGIBILITY REMAIN UNRESOLVED",0,,,,,,
POOL_CHINA_THEMES,FINE_POOL,RS_126,42,,0,,,,,,,,0,,,,,,0,"HISTORICAL UK RETAIL, ACCOUNT AND BROKER ELIGIBILITY REMAIN UNRESOLVED",0,,,,,,
POOL_CHINA_THEMES,FINE_POOL,RS_126,63,,0,,,,,,,,0,,,,,,0,"HISTORICAL UK RETAIL, ACCOUNT AND BROKER ELIGIBILITY REMAIN UNRESOLVED",0,,,,,,
POOL_CHINA_THEMES,FINE_POOL,RS_126,126,,0,,,,,,,,0,,,,,,0,"HISTORICAL UK RETAIL, ACCOUNT AND BROKER ELIGIBILITY REMAIN UNRESOLVED",0,,,,,,
POOL_CHINA_THEMES,FINE_POOL,RS_21,5,,0,,,,,,,,0,,,,,,0,"HISTORICAL UK RETAIL, ACCOUNT AND BROKER ELIGIBILITY REMAIN UNRESOLVED",0,,,,,,
POOL_CHINA_THEMES,FINE_POOL,RS_21,10,,0,,,,,,,,0,,,,,,0,"HISTORICAL UK RETAIL, ACCOUNT AND BROKER ELIGIBILITY REMAIN UNRESOLVED",0,,,,,,
POOL_CHINA_THEMES,FINE_POOL,RS_21,21,,0,,,,,,,,0,,,,,,0,"HISTORICAL UK RETAIL, ACCOUNT AND BROKER ELIGIBILITY REMAIN UNRESOLVED",0,,,,,,
POOL_CHINA_THEMES,FINE_POOL,RS_21,42,,0,,,,,,,,0,,,,,,0,"HISTORICAL UK RETAIL, ACCOUNT AND BROKER ELIGIBILITY REMAIN UNRESOLVED",0,,,,,,
POOL_CHINA_THEMES,FINE_POOL,RS_21,63,,0,,,,,,,,0,,,,,,0,"HISTORICAL UK RETAIL, ACCOUNT AND BROKER ELIGIBILITY REMAIN UNRESOLVED",0,,,,,,
POOL_CHINA_THEMES,FINE_POOL,RS_21,126,,0,,,,,,,,0,,,,,,0,"HISTORICAL UK RETAIL, ACCOUNT AND BROKER ELIGIBILITY REMAIN UNRESOLVED",0,,,,,,
POOL_CHINA_THEMES,FINE_POOL,RS_42,5,,0,,,,,,,,0,,,,,,0,"HISTORICAL UK RETAIL, ACCOUNT AND BROKER ELIGIBILITY REMAIN UNRESOLVED",0,,,,,,
POOL_CHINA_THEMES,FINE_POOL,RS_42,10,,0,,,,,,,,0,,,,,,0,"HISTORICAL UK RETAIL, ACCOUNT AND BROKER ELIGIBILITY REMAIN UNRESOLVED",0,,,,,,
POOL_CHINA_THEMES,FINE_POOL,RS_42,21,,0,,,,,,,,0,,,,,,0,"HISTORICAL UK RETAIL, ACCOUNT AND BROKER ELIGIBILITY REMAIN UNRESOLVED",0,,,,,,
POOL_CHINA_THEMES,FINE_POOL,RS_42,42,,0,,,,,,,,0,,,,,,0,"HISTORICAL UK RETAIL, ACCOUNT AND BROKER ELIGIBILITY REMAIN UNRESOLVED",0,,,,,,
POOL_CHINA_THEMES,FINE_POOL,RS_42,63,,0,,,,,,,,0,,,,,,0,"HISTORICAL UK RETAIL, ACCOUNT AND BROKER ELIGIBILITY REMAIN UNRESOLVED",0,,,,,,
POOL_CHINA_THEMES,FINE_POOL,RS_42,126,,0,,,,,,,,0,,,,,,0,"HISTORICAL UK RETAIL, ACCOUNT AND BROKER ELIGIBILITY REMAIN UNRESOLVED",0,,,,,,
POOL_CHINA_THEMES,FINE_POOL,RS_63,5,,0,,,,,,,,0,,,,,,0,"HISTORICAL UK RETAIL, ACCOUNT AND BROKER ELIGIBILITY REMAIN UNRESOLVED",0,,,,,,
POOL_CHINA_THEMES,FINE_POOL,RS_63,10,,0,,,,,,,,0,,,,,,0,"HISTORICAL UK RETAIL, ACCOUNT AND BROKER ELIGIBILITY REMAIN UNRESOLVED",0,,,,,,
POOL_CHINA_THEMES,FINE_POOL,RS_63,21,,0,,,,,,,,0,,,,,,0,"HISTORICAL UK RETAIL, ACCOUNT AND BROKER ELIGIBILITY REMAIN UNRESOLVED",0,,,,,,
POOL_CHINA_THEMES,FINE_POOL,RS_63,42,,0,,,,,,,,0,,,,,,0,"HISTORICAL UK RETAIL, ACCOUNT AND BROKER ELIGIBILITY REMAIN UNRESOLVED",0,,,,,,
POOL_CHINA_THEMES,FINE_POOL,RS_63,63,,0,,,,,,,,0,,,,,,0,"HISTORICAL UK RETAIL, ACCOUNT AND BROKER ELIGIBILITY REMAIN UNRESOLVED",0,,,,,,
POOL_CHINA_THEMES,FINE_POOL,RS_63,126,,0,,,,,,,,0,,,,,,0,"HISTORICAL UK RETAIL, ACCOUNT AND BROKER ELIGIBILITY REMAIN UNRESOLVED",0,,,,,,
POOL_COUNTRY_CHINA_IMPLEMENTATIONS,FINE_POOL,RS_126,5,,0,,,,,,,,0,,,,,,0,"HISTORICAL UK RETAIL, ACCOUNT AND BROKER ELIGIBILITY REMAIN UNRESOLVED",0,,,,,,
POOL_COUNTRY_CHINA_IMPLEMENTATIONS,FINE_POOL,RS_126,10,,0,,,,,,,,0,,,,,,0,"HISTORICAL UK RETAIL, ACCOUNT AND BROKER ELIGIBILITY REMAIN UNRESOLVED",0,,,,,,
POOL_COUNTRY_CHINA_IMPLEMENTATIONS,FINE_POOL,RS_126,21,,0,,,,,,,,0,,,,,,0,"HISTORICAL UK RETAIL, ACCOUNT AND BROKER ELIGIBILITY REMAIN UNRESOLVED",0,,,,,,
POOL_COUNTRY_CHINA_IMPLEMENTATIONS,FINE_POOL,RS_126,42,,0,,,,,,,,0,,,,,,0,"HISTORICAL UK RETAIL, ACCOUNT AND BROKER ELIGIBILITY REMAIN UNRESOLVED",0,,,,,,
POOL_COUNTRY_CHINA_IMPLEMENTATIONS,FINE_POOL,RS_126,63,,0,,,,,,,,0,,,,,,0,"HISTORICAL UK RETAIL, ACCOUNT AND BROKER ELIGIBILITY REMAIN UNRESOLVED",0,,,,,,
POOL_COUNTRY_CHINA_IMPLEMENTATIONS,FINE_POOL,RS_126,126,,0,,,,,,,,0,,,,,,0,"HISTORICAL UK RETAIL, ACCOUNT AND BROKER ELIGIBILITY REMAIN UNRESOLVED",0,,,,,,
POOL_COUNTRY_CHINA_IMPLEMENTATIONS,FINE_POOL,RS_21,5,,0,,,,,,,,0,,,,,,0,"HISTORICAL UK RETAIL, ACCOUNT AND BROKER ELIGIBILITY REMAIN UNRESOLVED",0,,,,,,
POOL_COUNTRY_CHINA_IMPLEMENTATIONS,FINE_POOL,RS_21,10,,0,,,,,,,,0,,,,,,0,"HISTORICAL UK RETAIL, ACCOUNT AND BROKER ELIGIBILITY REMAIN UNRESOLVED",0,,,,,,
POOL_COUNTRY_CHINA_IMPLEMENTATIONS,FINE_POOL,RS_21,21,,0,,,,,,,,0,,,,,,0,"HISTORICAL UK RETAIL, ACCOUNT AND BROKER ELIGIBILITY REMAIN UNRESOLVED",0,,,,,,
POOL_COUNTRY_CHINA_IMPLEMENTATIONS,FINE_POOL,RS_21,42,,0,,,,,,,,0,,,,,,0,"HISTORICAL UK RETAIL, ACCOUNT AND BROKER ELIGIBILITY REMAIN UNRESOLVED",0,,,,,,
POOL_COUNTRY_CHINA_IMPLEMENTATIONS,FINE_POOL,RS_21,63,,0,,,,,,,,0,,,,,,0,"HISTORICAL UK RETAIL, ACCOUNT AND BROKER ELIGIBILITY REMAIN UNRESOLVED",0,,,,,,
POOL_COUNTRY_CHINA_IMPLEMENTATIONS,FINE_POOL,RS_21,126,,0,,,,,,,,0,,,,,,0,"HISTORICAL UK RETAIL, ACCOUNT AND BROKER ELIGIBILITY REMAIN UNRESOLVED",0,,,,,,
POOL_COUNTRY_CHINA_IMPLEMENTATIONS,FINE_POOL,RS_252,5,,0,,,,,,,,0,,,,,,0,"HISTORICAL UK RETAIL, ACCOUNT AND BROKER ELIGIBILITY REMAIN UNRESOLVED",0,,,,,,
POOL_COUNTRY_CHINA_IMPLEMENTATIONS,FINE_POOL,RS_252,10,,0,,,,,,,,0,,,,,,0,"HISTORICAL UK RETAIL, ACCOUNT AND BROKER ELIGIBILITY REMAIN UNRESOLVED",0,,,,,,
POOL_COUNTRY_CHINA_IMPLEMENTATIONS,FINE_POOL,RS_252,21,,0,,,,,,,,0,,,,,,0,"HISTORICAL UK RETAIL, ACCOUNT AND BROKER ELIGIBILITY REMAIN UNRESOLVED",0,,,,,,
POOL_COUNTRY_CHINA_IMPLEMENTATIONS,FINE_POOL,RS_252,42,,0,,,,,,,,0,,,,,,0,"HISTORICAL UK RETAIL, ACCOUNT AND BROKER ELIGIBILITY REMAIN UNRESOLVED",0,,,,,,
POOL_COUNTRY_CHINA_IMPLEMENTATIONS,FINE_POOL,RS_252,63,,0,,,,,,,,0,,,,,,0,"HISTORICAL UK RETAIL, ACCOUNT AND BROKER ELIGIBILITY REMAIN UNRESOLVED",0,,,,,,
POOL_COUNTRY_CHINA_IMPLEMENTATIONS,FINE_POOL,RS_252,126,,0,,,,,,,,0,,,,,,0,"HISTORICAL UK RETAIL, ACCOUNT AND BROKER ELIGIBILITY REMAIN UNRESOLVED",0,,,,,,
POOL_COUNTRY_CHINA_IMPLEMENTATIONS,FINE_POOL,RS_42,5,,0,,,,,,,,0,,,,,,0,"HISTORICAL UK RETAIL, ACCOUNT AND BROKER ELIGIBILITY REMAIN UNRESOLVED",0,,,,,,
POOL_COUNTRY_CHINA_IMPLEMENTATIONS,FINE_POOL,RS_42,10,,0,,,,,,,,0,,,,,,0,"HISTORICAL UK RETAIL, ACCOUNT AND BROKER ELIGIBILITY REMAIN UNRESOLVED",0,,,,,,
POOL_COUNTRY_CHINA_IMPLEMENTATIONS,FINE_POOL,RS_42,21,,0,,,,,,,,0,,,,,,0,"HISTORICAL UK RETAIL, ACCOUNT AND BROKER ELIGIBILITY REMAIN UNRESOLVED",0,,,,,,
POOL_COUNTRY_CHINA_IMPLEMENTATIONS,FINE_POOL,RS_42,42,,0,,,,,,,,0,,,,,,0,"HISTORICAL UK RETAIL, ACCOUNT AND BROKER ELIGIBILITY REMAIN UNRESOLVED",0,,,,,,
POOL_COUNTRY_CHINA_IMPLEMENTATIONS,FINE_POOL,RS_42,63,,0,,,,,,,,0,,,,,,0,"HISTORICAL UK RETAIL, ACCOUNT AND BROKER ELIGIBILITY REMAIN UNRESOLVED",0,,,,,,
POOL_COUNTRY_CHINA_IMPLEMENTATIONS,FINE_POOL,RS_42,126,,0,,,,,,,,0,,,,,,0,"HISTORICAL UK RETAIL, ACCOUNT AND BROKER ELIGIBILITY REMAIN UNRESOLVED",0,,,,,,
POOL_COUNTRY_CHINA_IMPLEMENTATIONS,FINE_POOL,RS_63,5,,0,,,,,,,,0,,,,,,0,"HISTORICAL UK RETAIL, ACCOUNT AND BROKER ELIGIBILITY REMAIN UNRESOLVED",0,,,,,,
POOL_COUNTRY_CHINA_IMPLEMENTATIONS,FINE_POOL,RS_63,10,,0,,,,,,,,0,,,,,,0,"HISTORICAL UK RETAIL, ACCOUNT AND BROKER ELIGIBILITY REMAIN UNRESOLVED",0,,,,,,
POOL_COUNTRY_CHINA_IMPLEMENTATIONS,FINE_POOL,RS_63,21,,0,,,,,,,,0,,,,,,0,"HISTORICAL UK RETAIL, ACCOUNT AND BROKER ELIGIBILITY REMAIN UNRESOLVED",0,,,,,,
POOL_COUNTRY_CHINA_IMPLEMENTATIONS,FINE_POOL,RS_63,42,,0,,,,,,,,0,,,,,,0,"HISTORICAL UK RETAIL, ACCOUNT AND BROKER ELIGIBILITY REMAIN UNRESOLVED",0,,,,,,
POOL_COUNTRY_CHINA_IMPLEMENTATIONS,FINE_POOL,RS_63,63,,0,,,,,,,,0,,,,,,0,"HISTORICAL UK RETAIL, ACCOUNT AND BROKER ELIGIBILITY REMAIN UNRESOLVED",0,,,,,,
POOL_COUNTRY_CHINA_IMPLEMENTATIONS,FINE_POOL,RS_63,126,,0,,,,,,,,0,,,,,,0,"HISTORICAL UK RETAIL, ACCOUNT AND BROKER ELIGIBILITY REMAIN UNRESOLVED",0,,,,,,
POOL_COUNTRY_ROTATION,FINE_POOL,ACCEL_FAST_COMPOSITE,5,4.431034482758621,29,0.05579947746412441,-0.05129891760425767,0.4827586206896552,0.5657798794607394,0.5715434258780678,-0.13750001966553146,0.2490989745937803,58,-0.002987564644389381,-0.0049522534495454185,0.4482758620689655,-1.00178518594243,0.316447353524526,0,"HISTORICAL UK RETAIL, ACCOUNT AND BROKER ELIGIBILITY REMAIN UNRESOLVED",0,,,,,,
POOL_COUNTRY_ROTATION,FINE_POOL,ACCEL_FAST_COMPOSITE,10,4.423076923076923,25,0.17961065782927954,0.39999999999999997,0.68,1.6476425413668605,0.09942604527037836,-0.03404637744785988,0.39326769310641896,52,-0.0006727204848406148,0.004323556237453285,0.5576923076923077,-0.155071779904118,0.8767647294082188,0,"HISTORICAL UK RETAIL, ACCOUNT AND BROKER ELIGIBILITY REMAIN UNRESOLVED",0,,,,,,
POOL_COUNTRY_ROTATION,FINE_POOL,ACCEL_FAST_COMPOSITE,21,4.487179487179487,20,0.16798751048979266,0.25,0.65,1.3093867722178967,0.19040336991149465,-0.08346567156339163,0.41944069254297695,39,0.003902667086554521,0.007796808939220634,0.5384615384615384,0.35633432788918395,0.7215902043165301,0,"HISTORICAL UK RETAIL, ACCOUNT AND BROKER ELIGIBILITY REMAIN UNRESOLVED",0,,,,,,
POOL_COUNTRY_ROTATION,FINE_POOL,ACCEL_FAST_COMPOSITE,42,4.545454545454546,12,0.10579031367198878,0.1769483764063865,0.5833333333333334,1.6618782318866088,0.09653719213545145,-0.018975268265328873,0.23055589560930645,22,0.018062986175599496,0.011059562009209767,0.5909090909090909,1.1682714434274306,0.24269729036590693,0,"HISTORICAL UK RETAIL, ACCOUNT AND BROKER ELIGIBILITY REMAIN UNRESOLVED",0,,,,,,
POOL_COUNTRY_ROTATION,FINE_POOL,ACCEL_FAST_COMPOSITE,63,4.666666666666667,4,0.10519567041703079,0.10000000000000003,0.5,0.5095136121117164,0.6103922595028439,-0.29946422569918685,0.5098555665332484,6,0.08806627207488245,0.027412582145824538,0.8333333333333334,1.9892870697290843,0.04666952606360957,0,"HISTORICAL UK RETAIL, ACCOUNT AND BROKER ELIGIBILITY REMAIN UNRESOLVED",0,,,,,,
POOL_COUNTRY_ROTATION,FINE_POOL,ACCEL_FAST_COMPOSITE,126,,0,,,,,,,,0,,,,,,0,"HISTORICAL UK RETAIL, ACCOUNT AND BROKER ELIGIBILITY REMAIN UNRESOLVED",0,,,,,,
POOL_COUNTRY_ROTATION,FINE_POOL,DISCRETE_RECENT_CONSISTENCY,5,4.274193548387097,56,0.13214285714285715,0.10000000000000007,0.5535714285714286,1.8784529306538786,0.06031923040135736,-0.005734028983891137,0.27001974326960543,124,0.0034922309055902983,0.0019402628205451578,0.5403225806451613,1.4500203027415897,0.14705285765711223,0,"HISTORICAL UK RETAIL, ACCOUNT AND BROKER ELIGIBILITY REMAIN UNRESOLVED",0,,,,,,
POOL_COUNTRY_ROTATION,FINE_POOL,DISCRETE_RECENT_CONSISTENCY,10,4.294642857142857,52,0.11153846153846153,0.10000000000000006,0.5769230769230769,1.5500161192184125,0.12113764714986226,-0.029499663675761567,0.25257658675268463,112,0.00731745628140691,0.0012746287862035466,0.5178571428571429,1.82849960346244,0.06747460513233436,0,"HISTORICAL UK RETAIL, ACCOUNT AND BROKER ELIGIBILITY REMAIN UNRESOLVED",0,,,,,,
POOL_COUNTRY_ROTATION,FINE_POOL,DISCRETE_RECENT_CONSISTENCY,21,4.35632183908046,44,0.11818181818181817,0.14999999999999997,0.5227272727272727,0.8547540803235966,0.3926873044225885,-0.1528108715238949,0.3891745078875312,87,0.01834416574558417,0.009170299872721,0.5517241379310345,1.9325070998066272,0.05329694659573672,0,"HISTORICAL UK RETAIL, ACCOUNT AND BROKER ELIGIBILITY REMAIN UNRESOLVED",0,,,,,,
POOL_COUNTRY_ROTATION,FINE_POOL,DISCRETE_RECENT_CONSISTENCY,42,4.40625,32,0.15625,0.3,0.65625,0.9483194502613803,0.3429668519886777,-0.166683767202576,0.479183767202576,64,0.04424798258182963,0.02300040167904538,0.703125,1.9750277525543318,0.04826499865773841,0,"HISTORICAL UK RETAIL, ACCOUNT AND BROKER ELIGIBILITY REMAIN UNRESOLVED",0,,,,,,
POOL_COUNTRY_ROTATION,FINE_POOL,DISCRETE_RECENT_CONSISTENCY,63,4.488372093023256,22,0.10454545454545454,0.15,0.5,0.46212617659634014,0.6439908394397393,-0.3388514704364465,0.5479423795273556,43,0.055719652612120266,0.021420523190503138,0.6744186046511628,1.4727130825046773,0.1408284174664342,0,"HISTORICAL UK RETAIL, ACCOUNT AND BROKER ELIGIBILITY REMAIN UNRESOLVED",0,,,,,,
POOL_COUNTRY_ROTATION,FINE_POOL,DISCRETE_RECENT_CONSISTENCY,126,,0,,,,,,,,0,,,,,,0,"HISTORICAL UK RETAIL, ACCOUNT AND BROKER ELIGIBILITY REMAIN UNRESOLVED",0,,,,,,
POOL_COUNTRY_ROTATION,FINE_POOL,RRG_TRANSPARENT_LEVEL,5,4.514285714285714,18,0.030232276827221696,-0.12824729401064436,0.3888888888888889,0.1677384939597876,0.866789011414831,-0.32302100662126654,0.3834855602757099,35,0.0029649764141941536,-0.0010346000431682434,0.4857142857142857,0.4985536042231458,0.6180938970601064,0,"HISTORICAL UK RETAIL, ACCOUNT AND BROKER ELIGIBILITY REMAIN UNRESOLVED",0,,,,,,
POOL_COUNTRY_ROTATION,FINE_POOL,RRG_TRANSPARENT_LEVEL,10,4.5,15,0.1169703026252549,4.0061722632990907e-17,0.5333333333333333,0.6602829836203401,0.5090722479008786,-0.23024079639357528,0.46418140164408506,30,0.009877484102045269,-0.006954131483941195,0.36666666666666664,0.8967175203778256,0.36986966919680797,0,"HISTORICAL UK RETAIL, ACCOUNT AND BROKER ELIGIBILITY REMAIN UNRESOLVED",0,,,,,,
POOL_COUNTRY_ROTATION,FINE_POOL,RRG_TRANSPARENT_LEVEL,21,4.526315789473684,10,0.03850707753149586,-0.15259783520851547,0.4,0.10378948529952449,0.9173364109175113,-0.6886618152886056,0.7656759703515973,19,0.013771512941457181,0.004371525797216558,0.5789473684210527,0.5400250598215838,0.5891797503931411,0,"HISTORICAL UK RETAIL, ACCOUNT AND BROKER ELIGIBILITY REMAIN UNRESOLVED",0,,,,,,
POOL_COUNTRY_ROTATION,FINE_POOL,RRG_TRANSPARENT_LEVEL,42,4.666666666666667,2,0.1025978352085154,0.1025978352085154,0.5,0.26666666666666666,0.7897258209280502,-0.651482396918231,0.8566780673352618,3,0.03303677748478906,0.011021241588063946,0.6666666666666666,0.8836195554077493,0.37690161900542474,0,"HISTORICAL UK RETAIL, ACCOUNT AND BROKER ELIGIBILITY REMAIN UNRESOLVED",0,,,,,,
POOL_COUNTRY_ROTATION,FINE_POOL,RRG_TRANSPARENT_LEVEL,63,,0,,,,,,,,0,,,,,,0,"HISTORICAL UK RETAIL, ACCOUNT AND BROKER ELIGIBILITY REMAIN UNRESOLVED",0,,,,,,
POOL_COUNTRY_ROTATION,FINE_POOL,RRG_TRANSPARENT_LEVEL,126,,0,,,,,,,,0,,,,,,0,"HISTORICAL UK RETAIL, ACCOUNT AND BROKER ELIGIBILITY REMAIN UNRESOLVED",0,,,,,,
POOL_COUNTRY_ROTATION,FINE_POOL,RRG_TRANSPARENT_MOMENTUM,5,4.555555555555555,5,0.06000000000000001,0.20000000000000007,0.6,0.3182855921102616,0.7502683123248424,-0.3094727062344205,0.4294727062344205,18,0.012030523584672234,0.0038899941417326334,0.6111111111111112,1.4061670348208426,0.1596745304908881,0,"HISTORICAL UK RETAIL, ACCOUNT AND BROKER ELIGIBILITY REMAIN UNRESOLVED",0,,,,,,
POOL_COUNTRY_ROTATION,FINE_POOL,RRG_TRANSPARENT_MOMENTUM,10,4.538461538461538,3,0.5333333333333333,0.39999999999999997,1.0,3.681431946467379,0.0002319276981333088,0.24939106839724257,0.8172755982694241,13,0.03760367919344143,0.01862027738519867,0.7692307692307693,2.0550123204977537,0.039877814718657235,0,"HISTORICAL UK RETAIL, ACCOUNT AND BROKER ELIGIBILITY REMAIN UNRESOLVED",0,,,,,,
POOL_COUNTRY_ROTATION,FINE_POOL,RRG_TRANSPARENT_MOMENTUM,21,4.666666666666667,1,0.7000000000000001,0.7000000000000001,1.0,,,0.7000000000000001,0.7000000000000001,3,0.07501818995688536,0.0254803262692902,0.6666666666666666,1.8134260160533828,0.06976613997235148,0,"HISTORICAL UK RETAIL, ACCOUNT AND BROKER ELIGIBILITY REMAIN UNRESOLVED",0,,,,,,
POOL_COUNTRY_ROTATION,FINE_POOL,RRG_TRANSPARENT_MOMENTUM,42,,0,,,,,,,,0,,,,,,0,"HISTORICAL UK RETAIL, ACCOUNT AND BROKER ELIGIBILITY REMAIN UNRESOLVED",0,,,,,,
POOL_COUNTRY_ROTATION,FINE_POOL,RRG_TRANSPARENT_MOMENTUM,63,,0,,,,,,,,0,,,,,,0,"HISTORICAL UK RETAIL, ACCOUNT AND BROKER ELIGIBILITY REMAIN UNRESOLVED",0,,,,,,
POOL_COUNTRY_ROTATION,FINE_POOL,RRG_TRANSPARENT_MOMENTUM,126,,0,,,,,,,,0,,,,,,0,"HISTORICAL UK RETAIL, ACCOUNT AND BROKER ELIGIBILITY REMAIN UNRESOLVED",0,,,,,,
POOL_COUNTRY_ROTATION,FINE_POOL,RS_126,5,4.514285714285714,18,-0.03333333333333329,-0.09999999999999998,0.3888888888888889,-0.17472434576690984,0.8612962368816852,-0.4072487858779817,0.34058211921131515,35,0.0022376437126684517,-0.0010346000431682434,0.4857142857142857,0.3655758638121831,0.7146815881037604,0,"HISTORICAL UK RETAIL, ACCOUNT AND BROKER ELIGIBILITY REMAIN UNRESOLVED",0,,,,,,
POOL_COUNTRY_ROTATION,FINE_POOL,RS_126,10,4.5,15,0.026666666666666727,-0.10000000000000012,0.4,0.13839845460842698,0.8899255183078751,-0.3509799364133877,0.40431326974672116,30,0.00753577244180621,-0.005932658352342912,0.4,0.6580667409699104,0.5104952460867798,0,"HISTORICAL UK RETAIL, ACCOUNT AND BROKER ELIGIBILITY REMAIN UNRESOLVED",0,,,,,,
POOL_COUNTRY_ROTATION,FINE_POOL,RS_126,21,4.526315789473684,10,0.07999999999999999,-0.14999999999999997,0.4,0.22790635428582073,0.8197190427081433,-0.6079892368712226,0.7679892368712226,19,0.009909375680217308,0.004371525797216558,0.5263157894736842,0.37188657996878455,0.7099772973329751,0,"HISTORICAL UK RETAIL, ACCOUNT AND BROKER ELIGIBILITY REMAIN UNRESOLVED",0,,,,,,
POOL_COUNTRY_ROTATION,FINE_POOL,RS_126,42,4.666666666666667,2,0.44999999999999996,0.44999999999999996,0.5,2.0,0.04550026389635839,0.00900810347848785,0.890991896521512,3,0.033599194501106266,0.011021241588063946,0.6666666666666666,0.90170460823381,0.3672138044058143,0,"HISTORICAL UK RETAIL, ACCOUNT AND BROKER ELIGIBILITY REMAIN UNRESOLVED",0,,,,,,
POOL_COUNTRY_ROTATION,FINE_POOL,RS_126,63,,0,,,,,,,,0,,,,,,0,"HISTORICAL UK RETAIL, ACCOUNT AND BROKER ELIGIBILITY REMAIN UNRESOLVED",0,,,,,,
POOL_COUNTRY_ROTATION,FINE_POOL,RS_126,126,,0,,,,,,,,0,,,,,,0,"HISTORICAL UK RETAIL, ACCOUNT AND BROKER ELIGIBILITY REMAIN UNRESOLVED",0,,,,,,
POOL_COUNTRY_ROTATION,FINE_POOL,RS_21,5,4.221476510067114,129,0.048837209302325595,0.0,0.49612403100775193,1.005864424883558,0.31448079127048845,-0.04632389687665415,0.14399831548130534,298,0.0006100497718132262,-0.0006967395639728147,0.4865771812080537,0.44315180953391425,0.6576559328770364,0,"HISTORICAL UK RETAIL, ACCOUNT AND BROKER ELIGIBILITY REMAIN UNRESOLVED",0,,,,,,
POOL_COUNTRY_ROTATION,FINE_POOL,RS_21,10,4.2368421052631575,115,0.06434782608695652,0.09999999999999995,0.5391304347826087,1.0468636650846106,0.2951624620797152,-0.05612576165924574,0.18482141383315878,266,0.0008736340610976356,-0.0010793484123398644,0.4849624060150376,0.3949939010204753,0.6928473890591103,0,"HISTORICAL UK RETAIL, ACCOUNT AND BROKER ELIGIBILITY REMAIN UNRESOLVED",0,,,,,,
POOL_COUNTRY_ROTATION,FINE_POOL,RS_21,21,4.221153846153846,89,0.10898876404494383,0.10000000000000002,0.5730337078651685,1.1913256237659726,0.23352577845109534,-0.07031909938567339,0.28829662747556106,208,0.0024020388734036615,-0.001654758480295948,0.4951923076923077,0.5090099042064589,0.6107452818697862,0,"HISTORICAL UK RETAIL, ACCOUNT AND BROKER ELIGIBILITY REMAIN UNRESOLVED",0,,,,,,
POOL_COUNTRY_ROTATION,FINE_POOL,RS_21,42,4.244274809160306,57,0.11754385964912281,0.19999999999999998,0.543859649122807,0.9871274653262476,0.3235801549046168,-0.1158421412560085,0.3509298605542541,131,0.006970647353289165,0.0038201166905866835,0.5343511450381679,0.6901155081830469,0.4901215513845941,0,"HISTORICAL UK RETAIL, ACCOUNT AND BROKER ELIGIBILITY REMAIN UNRESOLVED",0,,,,,,
POOL_COUNTRY_ROTATION,FINE_POOL,RS_21,63,4.375,45,0.11555555555555552,0.09999999999999998,0.5333333333333333,0.9022132397760438,0.36694360301742857,-0.13547681364202624,0.3665879247531373,88,0.030066348910351984,0.022856067243718026,0.6136363636363636,1.831752897110807,0.06698824379999321,0,"HISTORICAL UK RETAIL, ACCOUNT AND BROKER ELIGIBILITY REMAIN UNRESOLVED",0,,,,,,
POOL_COUNTRY_ROTATION,FINE_POOL,RS_21,126,4.526315789473684,10,0.38,0.55,0.7,2.350160805977644,0.018765302120954515,0.06309133901354608,0.6969086609864539,19,0.11336656162711925,0.02311439051851627,0.631578947368421,1.6113120139783996,0.10711173352207831,0,"HISTORICAL UK RETAIL, ACCOUNT AND BROKER ELIGIBILITY REMAIN UNRESOLVED",0,,,,,,
POOL_COUNTRY_ROTATION,FINE_POOL,RS_252,5,,0,,,,,,,,0,,,,,,0,"HISTORICAL UK RETAIL, ACCOUNT AND BROKER ELIGIBILITY REMAIN UNRESOLVED",0,,,,,,
POOL_COUNTRY_ROTATION,FINE_POOL,RS_252,10,,0,,,,,,,,0,,,,,,0,"HISTORICAL UK RETAIL, ACCOUNT AND BROKER ELIGIBILITY REMAIN UNRESOLVED",0,,,,,,
POOL_COUNTRY_ROTATION,FINE_POOL,RS_252,21,,0,,,,,,,,0,,,,,,0,"HISTORICAL UK RETAIL, ACCOUNT AND BROKER ELIGIBILITY REMAIN UNRESOLVED",0,,,,,,
POOL_COUNTRY_ROTATION,FINE_POOL,RS_252,42,,0,,,,,,,,0,,,,,,0,"HISTORICAL UK RETAIL, ACCOUNT AND BROKER ELIGIBILITY REMAIN UNRESOLVED",0,,,,,,
POOL_COUNTRY_ROTATION,FINE_POOL,RS_252,63,,0,,,,,,,,0,,,,,,0,"HISTORICAL UK RETAIL, ACCOUNT AND BROKER ELIGIBILITY REMAIN UNRESOLVED",0,,,,,,
POOL_COUNTRY_ROTATION,FINE_POOL,RS_252,126,,0,,,,,,,,0,,,,,,0,"HISTORICAL UK RETAIL, ACCOUNT AND BROKER ELIGIBILITY REMAIN UNRESOLVED",0,,,,,,
POOL_COUNTRY_ROTATION,FINE_POOL,RS_42,5,4.235,87,0.04942528735632186,0.09999999999999995,0.5057471264367817,0.8385240002264382,0.40173647426495196,-0.06610126062295377,0.16495183533559749,200,-0.0008033837497727653,-0.0023674085267668676,0.465,-0.4525214501448374,0.6508933720440344,0,"HISTORICAL UK RETAIL, ACCOUNT AND BROKER ELIGIBILITY REMAIN UNRESOLVED",0,,,,,,
POOL_COUNTRY_ROTATION,FINE_POOL,RS_42,10,4.240223463687151,78,0.05000000000000002,0.09999999999999995,0.5384615384615384,0.7331461743837429,0.46346928023769896,-0.08366802235499163,0.18366802235499166,179,-0.0025121980569631865,-0.005117803241348917,0.4134078212290503,-0.8351143415688419,0.4036533325302428,0,"HISTORICAL UK RETAIL, ACCOUNT AND BROKER ELIGIBILITY REMAIN UNRESOLVED",0,,,,,,
POOL_COUNTRY_ROTATION,FINE_POOL,RS_42,21,4.229007633587786,56,0.16964285714285715,0.20000000000000004,0.6428571428571429,1.921592964700607,0.05465699453635487,-0.0033874860892110226,0.3426732003749253,131,0.003806050574646898,-0.0009398666628970265,0.48091603053435117,0.5813783156272522,0.560985508744918,0,"HISTORICAL UK RETAIL, ACCOUNT AND BROKER ELIGIBILITY REMAIN UNRESOLVED",0,,,,,,
POOL_COUNTRY_ROTATION,FINE_POOL,RS_42,42,4.3522727272727275,44,0.21818181818181825,0.20000000000000004,0.6363636363636364,1.648796402868417,0.09918935214977107,-0.04117616256940326,0.47753979893303977,88,0.027785098079560203,0.018156251101242527,0.625,1.7504221889680054,0.08004548997092872,0,"HISTORICAL UK RETAIL, ACCOUNT AND BROKER ELIGIBILITY REMAIN UNRESOLVED",0,,,,,,
POOL_COUNTRY_ROTATION,FINE_POOL,RS_42,63,4.428571428571429,32,0.175,0.10000000000000002,0.5625,1.3409124420540608,0.17994888210845783,-0.08079127058370689,0.43079127058370686,63,0.05174454754086067,0.03014125478313545,0.7142857142857143,1.9071158819671459,0.05650558305774611,0,"HISTORICAL UK RETAIL, ACCOUNT AND BROKER ELIGIBILITY REMAIN UNRESOLVED",0,,,,,,
POOL_COUNTRY_ROTATION,FINE_POOL,RS_42,126,4.666666666666667,2,0.39999999999999997,0.39999999999999997,0.5,1.6000000000000003,0.10959858339911595,-0.08999099613501343,0.8899909961350134,3,0.20633645840750195,0.01850658884928813,0.6666666666666666,1.630455726056476,0.10300521520074073,0,"HISTORICAL UK RETAIL, ACCOUNT AND BROKER ELIGIBILITY REMAIN UNRESOLVED",0,,,,,,
POOL_COUNTRY_ROTATION,FINE_POOL,RS_63,5,4.274193548387097,56,0.1678571428571429,0.15000000000000002,0.5535714285714286,2.2999481428666266,0.021451158136510533,0.02481306789911325,0.31090121781517255,124,0.003913992680346281,0.002783457378227938,0.5483870967741935,1.6213837053810127,0.10493537316956228,0,"HISTORICAL UK RETAIL, ACCOUNT AND BROKER ELIGIBILITY REMAIN UNRESOLVED",0,,,,,,
POOL_COUNTRY_ROTATION,FINE_POOL,RS_63,10,4.294642857142857,52,0.16730769230769232,0.19999999999999998,0.5769230769230769,2.2692930294764624,0.0232505121497286,0.022805837765250025,0.3118095468501346,112,0.008775794658482444,0.0037994773719594033,0.5535714285714286,2.10569367801956,0.03523096934547606,0,"HISTORICAL UK RETAIL, ACCOUNT AND BROKER ELIGIBILITY REMAIN UNRESOLVED",0,,,,,,
POOL_COUNTRY_ROTATION,FINE_POOL,RS_63,21,4.35632183908046,44,0.15454545454545454,0.19999999999999998,0.5909090909090909,1.1193190834120927,0.26300403736761047,-0.11606864412612572,0.4251595532170348,87,0.01789335850391862,0.011014958397495889,0.5977011494252874,1.9270830683192468,0.05396927847611915,0,"HISTORICAL UK RETAIL, ACCOUNT AND BROKER ELIGIBILITY REMAIN UNRESOLVED",0,,,,,,
POOL_COUNTRY_ROTATION,FINE_POOL,RS_63,42,4.40625,32,0.15937500000000002,0.29999999999999993,0.59375,0.7554376895280159,0.4499864061812213,-0.254119407766753,0.572869407766753,64,0.04286352834422684,0.022760646791566752,0.71875,1.8414423923571641,0.06555675530182038,0,"HISTORICAL UK RETAIL, ACCOUNT AND BROKER ELIGIBILITY REMAIN UNRESOLVED",0,,,,,,
POOL_COUNTRY_ROTATION,FINE_POOL,RS_63,63,4.488372093023256,22,0.06363636363636367,0.10000000000000002,0.5,0.2514210256084844,0.8014886135899296,-0.43244378929639166,0.559716516569119,43,0.05724216190040952,0.019838150915486352,0.6744186046511628,1.3930528865815517,0.1636037985470853,0,"HISTORICAL UK RETAIL, ACCOUNT AND BROKER ELIGIBILITY REMAIN UNRESOLVED",0,,,,,,
POOL_COUNTRY_ROTATION,FINE_POOL,RS_63,126,,0,,,,,,,,0,,,,,,0,"HISTORICAL UK RETAIL, ACCOUNT AND BROKER ELIGIBILITY REMAIN UNRESOLVED",0,,,,,,
POOL_EUROPE_BROAD_SECTORS,FINE_POOL,ACCEL_FAST_COMPOSITE,5,7.25,171,-0.03201492943650663,-0.03614720195339099,0.49122807017543857,-0.9159303433411807,0.3597034306418254,-0.1005224410822593,0.036492582209246054,204,-6.0692127596018164e-05,-0.0005685632343935265,0.4852941176470588,-0.04278235818602125,0.9658750272405886,155,"HISTORICAL UK RETAIL, ACCOUNT AND BROKER ELIGIBILITY REMAIN UNRESOLVED",5,0.004127946420867522,-0.008657391354910204,0.007989049781556684,-0.0007623799260809905,0.010291895429798002,0.5
POOL_EUROPE_BROAD_SECTORS,FINE_POOL,ACCEL_FAST_COMPOSITE,10,7.201030927835052,160,-0.022228176805831213,-0.022000794760679506,0.49375,-0.5353712816769646,0.592393144518184,-0.10360427498755086,0.05914792137588844,194,0.0008427734128190636,-0.001148366310386284,0.4742268041237113,0.3354239712733274,0.737305287815287,146,"HISTORICAL UK RETAIL, ACCOUNT AND BROKER ELIGIBILITY REMAIN UNRESOLVED",5,0.007228095876827748,0.0003850463834607386,0.008751275453327205,0.0015157520843647103,0.014441050823848953,0.5
POOL_EUROPE_BROAD_SECTORS,FINE_POOL,ACCEL_FAST_COMPOSITE,21,7.057471264367816,137,0.039502552768314665,0.0,0.48175182481751827,0.8841542748190795,0.37661293786753136,-0.04806540106998194,0.12707050660661126,174,0.0026580121504108734,-0.0018920956707131342,0.4540229885057471,0.629421577456356,0.5290730953493129,128,"HISTORICAL UK RETAIL, ACCOUNT AND BROKER ELIGIBILITY REMAIN UNRESOLVED",5,0.004029768663795035,-0.005689212384234213,0.01396286478706959,0.010012049633998352,0.03494346436349201,0.5
POOL_EUROPE_BROAD_SECTORS,FINE_POOL,ACCEL_FAST_COMPOSITE,42,6.86986301369863,107,0.03437618519653887,0.047619047619047616,0.5233644859813084,0.564871351585061,0.5721612709100652,-0.08490068151308278,0.15365305190616052,146,0.005055644150012626,0.004524388412631586,0.541095890410959,0.7569220300840263,0.4490965761214296,104,"HISTORICAL UK RETAIL, ACCOUNT AND BROKER ELIGIBILITY REMAIN UNRESOLVED",5,-0.03582901200721101,-0.01012420946417751,-0.009772279272828399,0.008193836015407024,0.051964744012735736,1.0
POOL_EUROPE_BROAD_SECTORS,FINE_POOL,ACCEL_FAST_COMPOSITE,63,6.811965811965812,84,0.03382440192046048,0.07142857142857142,0.5476190476190477,0.43691595128901844,0.6621723032303966,-0.11790869312247221,0.1855574969633932,117,0.01381210029432876,0.0020357726112305574,0.5299145299145299,1.2383305914935316,0.21559350514694786,84,"HISTORICAL UK RETAIL, ACCOUNT AND BROKER ELIGIBILITY REMAIN UNRESOLVED",5,-0.026592009677226493,-0.013449895066765324,0.06311879013605803,0.09732921136109104,0.11926678991080283,1.0
POOL_EUROPE_BROAD_SECTORS,FINE_POOL,ACCEL_FAST_COMPOSITE,126,6.5638297872340425,63,-0.08757161702606146,-0.047619047619047616,0.4126984126984127,-1.0150118841206923,0.31010016258231043,-0.25667034200079897,0.08152710794867603,94,0.0006863543729977569,-0.004885129916201769,0.46808510638297873,0.07823767262758981,0.9376389954221878,63,"HISTORICAL UK RETAIL, ACCOUNT AND BROKER ELIGIBILITY REMAIN UNRESOLVED",3,0.07514849066095967,0.050207584077784875,0.06221547098965527,,,0.5
POOL_EUROPE_BROAD_SECTORS,FINE_POOL,DISCRETE_RECENT_CONSISTENCY,5,7.657534246575342,268,-0.010727208115267816,-0.023809523809523808,0.48507462686567165,-0.41023496227485623,0.6816335961404967,-0.06197818254222088,0.04052376631168524,292,0.0004919222675322635,0.000744441082340952,0.5273972602739726,0.4336197284067897,0.6645646061483402,248,"HISTORICAL UK RETAIL, ACCOUNT AND BROKER ELIGIBILITY REMAIN UNRESOLVED",5,0.0037378606947342514,0.002445822228140912,0.009418928236060234,0.0028386659503380597,0.0032895843416019315,0.5
POOL_EUROPE_BROAD_SECTORS,FINE_POOL,DISCRETE_RECENT_CONSISTENCY,10,7.606498194945848,252,0.025760152545866832,0.055627705627705595,0.5198412698412699,0.7993695824540998,0.42407614253842574,-0.037400833729284405,0.08892113882101807,277,0.001555188348150124,0.0011084741691380628,0.5090252707581228,0.8264170431471526,0.4085675587275297,232,"HISTORICAL UK RETAIL, ACCOUNT AND BROKER ELIGIBILITY REMAIN UNRESOLVED",5,0.007530591082453088,0.0069137388688745,0.014705561752587248,0.009165626731460636,0.004774278099129431,0.25
POOL_EUROPE_BROAD_SECTORS,FINE_POOL,DISCRETE_RECENT_CONSISTENCY,21,7.4471544715447155,218,0.04617836292148219,0.029761904761904708,0.518348623853211,0.9831933281648374,0.3255122978274845,-0.04587670457990225,0.13823343042286662,246,0.0014805155623822928,0.000507061023668598,0.508130081300813,0.4099624357143848,0.6818335035390906,198,"HISTORICAL UK RETAIL, ACCOUNT AND BROKER ELIGIBILITY REMAIN UNRESOLVED",5,0.01641716718269105,0.028572906653364018,0.027004825332991356,0.012206476088340794,0.009754527462958067,0.25
POOL_EUROPE_BROAD_SECTORS,FINE_POOL,DISCRETE_RECENT_CONSISTENCY,42,7.272300469483568,181,0.013698548228934964,0.023809523809523808,0.5027624309392266,0.23355308205017333,0.8153319554650109,-0.10125887786672957,0.1286559743245995,213,0.0033057968360861484,-0.0012512365899504108,0.4835680751173709,0.4693982824405577,0.6387849758356927,163,"HISTORICAL UK RETAIL, ACCOUNT AND BROKER ELIGIBILITY REMAIN UNRESOLVED",5,0.022396356675689937,0.046520792268340466,0.03938458909173155,0.018583980496924005,0.03264288808451774,0.5
POOL_EUROPE_BROAD_SECTORS,FINE_POOL,DISCRETE_RECENT_CONSISTENCY,63,7.105555555555555,144,-0.018489959114959112,-0.05952380952380952,0.4375,-0.2694149415663975,0.787610389398501,-0.1530023723101518,0.11602245408023355,180,0.004182817451912578,0.001058727085872846,0.5055555555555555,0.4484770664083751,0.6538089337616694,134,"HISTORICAL UK RETAIL, ACCOUNT AND BROKER ELIGIBILITY REMAIN UNRESOLVED",5,0.04846940547506691,0.05610865009100135,0.058665831683907,0.02771011138392393,0.059974215868607045,0.75
POOL_EUROPE_BROAD_SECTORS,FINE_POOL,DISCRETE_RECENT_CONSISTENCY,126,6.679611650485437,72,-0.06514550264550263,-0.05952380952380952,0.4305555555555556,-0.35180043606218864,0.7249879315125984,-0.42808660746372734,0.2977956021727221,103,0.0007139041735466461,0.003692873541035535,0.5436893203883495,0.04461978554583426,0.9644103717799486,72,"HISTORICAL UK RETAIL, ACCOUNT AND BROKER ELIGIBILITY REMAIN UNRESOLVED",3,0.0483919192290497,0.05233804844034731,0.03677470125111583,,,0.5
POOL_EUROPE_BROAD_SECTORS,FINE_POOL,MH_LEVEL_3_6_12_REFERENCE,5,6.48314606741573,58,-0.0050490258523474265,0.09071192281439072,0.5344827586206896,-0.08529596367241678,0.9320261003632405,-0.12106751490557292,0.11096946320087807,89,0.001165927249056485,0.0005167447675091807,0.5280898876404494,0.7462289916627677,0.45552909766857574,58,"HISTORICAL UK RETAIL, ACCOUNT AND BROKER ELIGIBILITY REMAIN UNRESOLVED",3,0.0025412222361073686,0.005939993370369861,0.0037865171666032174,,,0.5
POOL_EUROPE_BROAD_SECTORS,FINE_POOL,MH_LEVEL_3_6_12_REFERENCE,10,6.465909090909091,57,0.031120877496154813,0.1428571428571429,0.5614035087719298,0.45224819644460373,0.651090190802846,-0.10375152119834814,0.16599327619065776,88,0.0012705076101280216,0.0010937271793169945,0.5113636363636364,0.4955567938149621,0.620207142641606,57,"HISTORICAL UK RETAIL, ACCOUNT AND BROKER ELIGIBILITY REMAIN UNRESOLVED",3,0.00572246748124769,0.010166018940693805,0.0071918150802931565,,,0.5
POOL_EUROPE_BROAD_SECTORS,FINE_POOL,MH_LEVEL_3_6_12_REFERENCE,21,6.411764705882353,54,0.06078783794799793,0.16125054107206585,0.6481481481481481,0.717131021874888,0.47329325588545035,-0.10534912927543207,0.22692480517142793,85,0.0027888830252215794,0.004993417130435773,0.5529411764705883,0.7082602229206444,0.47878367379677933,54,"HISTORICAL UK RETAIL, ACCOUNT AND BROKER ELIGIBILITY REMAIN UNRESOLVED",3,0.012660797592732795,0.021886093737832544,0.014944822686601418,,,0.5
POOL_EUROPE_BROAD_SECTORS,FINE_POOL,MH_LEVEL_3_6_12_REFERENCE,42,6.333333333333333,50,0.05334832440687826,0.04166666666666663,0.56,0.5921770723563762,0.5537320208642125,-0.12322182556021663,0.22991847437397314,81,0.002580949695961264,0.00041976822397749025,0.5061728395061729,0.43700055002432375,0.6621109491482196,50,"HISTORICAL UK RETAIL, ACCOUNT AND BROKER ELIGIBILITY REMAIN UNRESOLVED",3,0.0279692625462611,0.035496160106491856,0.029802545891691016,,,0.5
POOL_EUROPE_BROAD_SECTORS,FINE_POOL,MH_LEVEL_3_6_12_REFERENCE,63,6.246753246753247,46,0.020424609213938336,0.06547619047619047,0.5652173913043478,0.16546275827420207,0.8685797603495808,-0.2215119986074094,0.2623612170352861,77,0.005539542754709007,0.016601949332648136,0.5974025974025974,0.4976291192858151,0.6187454755572993,46,"HISTORICAL UK RETAIL, ACCOUNT AND BROKER ELIGIBILITY REMAIN UNRESOLVED",3,0.05071566835608122,0.04868287865296653,0.04629914549986993,,,0.0
POOL_EUROPE_BROAD_SECTORS,FINE_POOL,MH_LEVEL_3_6_12_REFERENCE,126,5.890625,33,0.09724040970485837,0.38095238095238093,0.6060606060606061,0.3760711780104318,0.7068639807892566,-0.40954583717459503,0.6040266565843118,64,0.0038726022674521257,0.029385020683918017,0.625,0.14744469597560553,0.8827810287254768,33,"HISTORICAL UK RETAIL, ACCOUNT AND BROKER ELIGIBILITY REMAIN UNRESOLVED",3,0.12550846147353623,0.12077128376022846,0.11625702276962117,,,0.0
POOL_EUROPE_BROAD_SECTORS,FINE_POOL,MH_LEVEL_60D_CENTERED,5,6.48314606741573,58,-0.03919621585384999,-0.09523809523809523,0.43103448275862066,-0.6222592388877076,0.5337714190337652,-0.16265468236231964,0.08426225065461967,89,-0.0004505881780755932,-0.00229096741218493,0.43820224719101125,-0.2726123224663535,0.7851512386547621,58,"HISTORICAL UK RETAIL, ACCOUNT AND BROKER ELIGIBILITY REMAIN UNRESOLVED",3,0.003741924358775391,0.004126372787382246,0.00469689879514895,,,1.0
POOL_EUROPE_BROAD_SECTORS,FINE_POOL,MH_LEVEL_60D_CENTERED,10,6.465909090909091,57,0.020753210037684915,0.07142857142857142,0.543859649122807,0.2848027673114035,0.7757952519839871,-0.12206683564320168,0.1635732557185715,88,-0.00012225446842582558,-0.0024588255553297245,0.4772727272727273,-0.046561790326714377,0.9628624858833117,57,"HISTORICAL UK RETAIL, ACCOUNT AND BROKER ELIGIBILITY REMAIN UNRESOLVED",3,0.00680856402230859,0.007768527514452477,0.009190901368578353,,,1.0
POOL_EUROPE_BROAD_SECTORS,FINE_POOL,MH_LEVEL_60D_CENTERED,21,6.411764705882353,54,0.09433309147730674,0.16666666666666666,0.6111111111111112,0.9022225833535863,0.3669386405688656,-0.11059356992215004,0.29925975287676354,85,0.0027564370762266795,0.0025188395306088296,0.5058823529411764,0.515038820303525,0.6065258930041294,54,"HISTORICAL UK RETAIL, ACCOUNT AND BROKER ELIGIBILITY REMAIN UNRESOLVED",3,0.01240477438187261,0.019863482835083126,0.019283948852478958,,,0.5
POOL_EUROPE_BROAD_SECTORS,FINE_POOL,MH_LEVEL_60D_CENTERED,42,6.333333333333333,50,0.09199342279058154,0.08928571428571423,0.6,0.75470739241244,0.45042456998676217,-0.14691214153383916,0.3308989871150022,81,0.005399650919415465,0.00041976822397749025,0.5061728395061729,0.5937268002920103,0.5526948548853501,50,"HISTORICAL UK RETAIL, ACCOUNT AND BROKER ELIGIBILITY REMAIN UNRESOLVED",3,0.02620925777935747,0.035625812653574576,0.032727847242511654,,,0.5
POOL_EUROPE_BROAD_SECTORS,FINE_POOL,MH_LEVEL_60D_CENTERED,63,6.246753246753247,46,0.02382506744308265,0.05952380952380952,0.5217391304347826,0.18143099840568983,0.8560292894016589,-0.23355252805062848,0.2812026629367938,77,0.0058158020532384815,0.00614828990493721,0.5714285714285714,0.48119122967954886,0.6303805935516562,46,"HISTORICAL UK RETAIL, ACCOUNT AND BROKER ELIGIBILITY REMAIN UNRESOLVED",3,0.04682997612997069,0.05267993570054731,0.04685578494597059,,,0.5
POOL_EUROPE_BROAD_SECTORS,FINE_POOL,MH_LEVEL_60D_CENTERED,126,5.890625,33,0.019121935808083357,0.1785714285714284,0.6060606060606061,0.07464035605060251,0.9405008641766114,-0.48299658936510487,0.5212404609812715,64,0.011105964708103502,0.032736752314722395,0.65625,0.4418876653662751,0.6585704967953581,33,"HISTORICAL UK RETAIL, ACCOUNT AND BROKER ELIGIBILITY REMAIN UNRESOLVED",3,0.12881002519848697,0.12498662046472349,0.10729575182809963,,,0.0
POOL_EUROPE_BROAD_SECTORS,FINE_POOL,MH_LEVEL_EQ,5,6.48314606741573,58,-0.038581806468352346,-0.047619047619047616,0.43103448275862066,-0.6303295085659169,0.5284790203742817,-0.1585491411858848,0.0813855282491801,89,-0.000866070338136511,-0.0010852230276913177,0.4606741573033708,-0.561923736237454,0.5741679807607922,58,"HISTORICAL UK RETAIL, ACCOUNT AND BROKER ELIGIBILITY REMAIN UNRESOLVED",3,0.0037283791181054924,0.004485946747893436,0.004271523502357226,,,0.5
POOL_EUROPE_BROAD_SECTORS,FINE_POOL,MH_LEVEL_EQ,10,6.465909090909091,57,0.015622729213868916,0.047619047619047616,0.543859649122807,0.21592599035046894,0.8290454375807527,-0.12618505663768884,0.15743051506542668,88,-0.0004865554478463367,-0.00039673661859440656,0.48863636363636365,-0.19540482659536193,0.8450760383680651,57,"HISTORICAL UK RETAIL, ACCOUNT AND BROKER ELIGIBILITY REMAIN UNRESOLVED",3,0.0069253034136138175,0.008253910945134009,0.008404648342038263,,,1.0
POOL_EUROPE_BROAD_SECTORS,FINE_POOL,MH_LEVEL_EQ,21,6.411764705882353,54,0.07023017382999754,0.14285714285714285,0.6111111111111112,0.738782693758696,0.4600389622680753,-0.11608795800721346,0.25654830566720854,85,0.0026540794886620663,0.004150381451659246,0.5294117647058824,0.6127306350552951,0.5400544626335695,54,"HISTORICAL UK RETAIL, ACCOUNT AND BROKER ELIGIBILITY REMAIN UNRESOLVED",3,0.013886098821503247,0.020007134345209072,0.016367749017703406,,,0.5
POOL_EUROPE_BROAD_SECTORS,FINE_POOL,MH_LEVEL_EQ,42,6.333333333333333,50,0.08153947811812091,0.09552409809557798,0.62,0.8107301508223151,0.4175206545768755,-0.11558460844460368,0.2786635646808455,81,0.0021920860638431966,0.00041976822397749025,0.5061728395061729,0.3001252068444906,0.7640816526861967,50,"HISTORICAL UK RETAIL, ACCOUNT AND BROKER ELIGIBILITY REMAIN UNRESOLVED",3,0.026139917100972177,0.0371690070059653,0.030060306746111046,,,0.5
POOL_EUROPE_BROAD_SECTORS,FINE_POOL,MH_LEVEL_EQ,63,6.246753246753247,46,0.02753454903570387,0.06565494226211718,0.5869565217391305,0.25079581945999935,0.8019719738932146,-0.18764736490819692,0.24271646297960467,77,0.0071168404273457605,0.01182635400899712,0.5844155844155844,0.7490649435701602,0.4538180631724389,46,"HISTORICAL UK RETAIL, ACCOUNT AND BROKER ELIGIBILITY REMAIN UNRESOLVED",3,0.045284359702982495,0.05550352489040188,0.044047864858011355,,,0.5
POOL_EUROPE_BROAD_SECTORS,FINE_POOL,MH_LEVEL_EQ,126,5.890625,33,0.008832506224465261,0.19047619047619047,0.5454545454545454,0.03563683536577404,0.9715719365908742,-0.4769399793370275,0.49460499178595796,64,0.00966914579610624,0.032736752314722395,0.671875,0.40678915802143073,0.6841628504400565,33,"HISTORICAL UK RETAIL, ACCOUNT AND BROKER ELIGIBILITY REMAIN UNRESOLVED",3,0.12553534453298326,0.1300010795636776,0.10420668538168727,,,0.5
POOL_EUROPE_BROAD_SECTORS,FINE_POOL,MH_LEVEL_RECENCY_TILT,5,6.48314606741573,58,-0.04928425533736476,-0.07142857142857142,0.43103448275862066,-0.7697834111946319,0.4414283816055877,-0.17476807852888288,0.07619956785415334,89,-0.00033988659014051346,7.552427632617764e-06,0.5056179775280899,-0.23140167797156336,0.8170027617037574,58,"HISTORICAL UK RETAIL, ACCOUNT AND BROKER ELIGIBILITY REMAIN UNRESOLVED",3,0.003572792254340638,0.004474368207244536,0.004603626499180682,,,1.0
POOL_EUROPE_BROAD_SECTORS,FINE_POOL,MH_LEVEL_RECENCY_TILT,10,6.465909090909091,57,0.00999655845761341,0.0,0.49122807017543857,0.1351563138179839,0.8924882866056618,-0.13496814199032472,0.15496125890555154,88,-0.0006292538055107781,-0.0017864659843775388,0.4659090909090909,-0.24583901126067925,0.8058068569578853,57,"HISTORICAL UK RETAIL, ACCOUNT AND BROKER ELIGIBILITY REMAIN UNRESOLVED",3,0.007023575586951743,0.007535102412581982,0.009388006187151337,,,1.0
POOL_EUROPE_BROAD_SECTORS,FINE_POOL,MH_LEVEL_RECENCY_TILT,21,6.411764705882353,54,0.07744884707574541,0.14285714285714285,0.6296296296296297,0.7785244421451758,0.4362599030544707,-0.11753148070220364,0.27242917485369444,85,0.002926640623260834,-0.0014650179361703763,0.4823529411764706,0.5992391219933483,0.549013437761349,54,"HISTORICAL UK RETAIL, ACCOUNT AND BROKER ELIGIBILITY REMAIN UNRESOLVED",3,0.013082291866978934,0.01925906317686219,0.019136510275739673,,,0.5
POOL_EUROPE_BROAD_SECTORS,FINE_POOL,MH_LEVEL_RECENCY_TILT,42,6.333333333333333,50,0.08868211777107893,0.07142857142857142,0.6,0.8003208414312798,0.4235249309196045,-0.12849797789306586,0.3058622134352237,81,0.0051733003694931405,-0.001468416404898365,0.49382716049382713,0.6090577740446481,0.5424861450148161,50,"HISTORICAL UK RETAIL, ACCOUNT AND BROKER ELIGIBILITY REMAIN UNRESOLVED",3,0.025238215855861734,0.03620151824664837,0.03337684745021032,,,0.5
POOL_EUROPE_BROAD_SECTORS,FINE_POOL,MH_LEVEL_RECENCY_TILT,63,6.246753246753247,46,0.03399036422835964,-0.011904761904761904,0.5,0.28685719392653397,0.7742216678796705,-0.19825024580160974,0.26623097425832903,77,0.008490650719187184,0.005714890133107442,0.5584415584415584,0.7790719040322271,0.43593735949610535,46,"HISTORICAL UK RETAIL, ACCOUNT AND BROKER ELIGIBILITY REMAIN UNRESOLVED",3,0.043172033653963784,0.05669774034606865,0.046502913168640136,,,0.5
POOL_EUROPE_BROAD_SECTORS,FINE_POOL,MH_LEVEL_RECENCY_TILT,126,5.890625,33,0.006655283746925118,0.14285714285714285,0.5757575757575758,0.02779842545707379,0.9778229217819003,-0.46258411511797404,0.4758946826118243,64,0.012175241904323748,0.030005324687281454,0.65625,0.546675528243148,0.5846016696020042,33,"HISTORICAL UK RETAIL, ACCOUNT AND BROKER ELIGIBILITY REMAIN UNRESOLVED",3,0.12608306263497265,0.13186131994788067,0.10142078321697363,,,0.5
POOL_EUROPE_BROAD_SECTORS,FINE_POOL,PAIRWISE_MAJORITY_5H,5,6.48314606741573,58,-0.026779966336856833,-0.05514430537665948,0.4482758620689655,-0.4219703156610238,0.6730466844954,-0.15116731677218648,0.0976073840984728,89,-0.0003904651919174678,-0.0008673072952117833,0.47191011235955055,-0.24183131386295637,0.8089108739793389,58,"HISTORICAL UK RETAIL, ACCOUNT AND BROKER ELIGIBILITY REMAIN UNRESOLVED",3,0.0036693845145775172,0.003863918412777734,0.005264183591575847,,,1.0
POOL_EUROPE_BROAD_SECTORS,FINE_POOL,PAIRWISE_MAJORITY_5H,10,6.465909090909091,57,0.047006443180012916,0.09759000729485333,0.5263157894736842,0.6280121208846572,0.5299959997531749,-0.0996960369319511,0.19370892329197692,88,-0.00024694562036959504,-0.001374238385039639,0.4772727272727273,-0.09022327061510567,0.928109792461937,57,"HISTORICAL UK RETAIL, ACCOUNT AND BROKER ELIGIBILITY REMAIN UNRESOLVED",3,0.006336272848773323,0.00768952573260733,0.010050359690575893,,,1.0
POOL_EUROPE_BROAD_SECTORS,FINE_POOL,PAIRWISE_MAJORITY_5H,21,6.411764705882353,54,0.08752382208949781,0.1327163149949495,0.6296296296296297,0.8827380284029896,0.37737783041213246,-0.10680737648258125,0.28185502066157686,85,0.0029670410215660832,-0.00011377034916559836,0.49411764705882355,0.5757834886194582,0.5647615352657032,54,"HISTORICAL UK RETAIL, ACCOUNT AND BROKER ELIGIBILITY REMAIN UNRESOLVED",3,0.012413634313907641,0.019059306710914246,0.019841769219224877,,,1.0
POOL_EUROPE_BROAD_SECTORS,FINE_POOL,PAIRWISE_MAJORITY_5H,42,6.333333333333333,50,0.0712322201911077,0.03571428571428571,0.5,0.67273423413911,0.5011163839906998,-0.1362978548794118,0.2787622952616272,81,0.0011490863517979435,-0.002282966912296458,0.4567901234567901,0.14687823386897766,0.8832281324321999,50,"HISTORICAL UK RETAIL, ACCOUNT AND BROKER ELIGIBILITY REMAIN UNRESOLVED",3,0.028893283386240663,0.030880781110817605,0.03537220633850576,,,1.0
POOL_EUROPE_BROAD_SECTORS,FINE_POOL,PAIRWISE_MAJORITY_5H,63,6.246753246753247,46,0.023930386365613215,0.07142857142857141,0.5434782608695652,0.1964898170533904,0.8442268021358461,-0.21477254550177113,0.26263331823299757,77,0.0010318187865343048,0.001574207766929403,0.5194805194805194,0.09533606517559871,0.924047897234006,46,"HISTORICAL UK RETAIL, ACCOUNT AND BROKER ELIGIBILITY REMAIN UNRESOLVED",3,0.05259720023242334,0.043630476553654644,0.05111563892347175,,,0.5
POOL_EUROPE_BROAD_SECTORS,FINE_POOL,PAIRWISE_MAJORITY_5H,126,5.890625,33,0.011695172897028011,0.14638501094227999,0.5757575757575758,0.04577618320500094,0.9634886419553252,-0.4890481409020063,0.5124384866960624,64,0.005323928889982061,0.03373836491933213,0.640625,0.20172439967362607,0.8401321865328594,33,"HISTORICAL UK RETAIL, ACCOUNT AND BROKER ELIGIBILITY REMAIN UNRESOLVED",3,0.13014767989047046,0.12099416142506442,0.1101994861768707,,,0.0
POOL_EUROPE_BROAD_SECTORS,FINE_POOL,RRG_TRANSPARENT_LEVEL,5,7.041916167664671,130,-0.03266043354403284,-0.005988131309566332,0.4846153846153846,-0.8374286794229006,0.4023516506490059,-0.10910070247521142,0.04377983538714573,167,0.002149476182570153,-7.925829804877882e-05,0.49101796407185627,1.2017280731985953,0.22946890072455328,123,"HISTORICAL UK RETAIL, ACCOUNT AND BROKER ELIGIBILITY REMAIN UNRESOLVED",5,-0.006399382078165056,-0.014928111273206405,-0.00702611440129985,0.007194755508944148,0.0010015333735307861,0.5
POOL_EUROPE_BROAD_SECTORS,FINE_POOL,RRG_TRANSPARENT_LEVEL,10,6.987341772151899,121,-0.013730076683098849,0.01197626261913259,0.512396694214876,-0.2969004970696546,0.7665424766664698,-0.10436803811949738,0.07690788475329968,158,0.0018745304543467903,0.0016188602804311225,0.5189873417721519,0.6916000575247295,0.48918852554759307,115,"HISTORICAL UK RETAIL, ACCOUNT AND BROKER ELIGIBILITY REMAIN UNRESOLVED",5,-0.004104600409488526,-0.012831655228996128,-0.015365755863595015,0.02693308383859962,0.0040949265025694796,0.25
POOL_EUROPE_BROAD_SECTORS,FINE_POOL,RRG_TRANSPARENT_LEVEL,21,6.8428571428571425,102,-0.025804485030239962,-0.08425114510450918,0.43137254901960786,-0.3828046374202163,0.7018646227748038,-0.15792373426324918,0.10631476420276925,140,0.0013591323547369567,-0.002862575054346894,0.4357142857142857,0.30148175470233446,0.7630471608325711,99,"HISTORICAL UK RETAIL, ACCOUNT AND BROKER ELIGIBILITY REMAIN UNRESOLVED",5,0.020846981019880317,-0.00673038278072553,-0.018951009108081607,0.08563799767569262,0.013569004646580646,0.25
POOL_EUROPE_BROAD_SECTORS,FINE_POOL,RRG_TRANSPARENT_LEVEL,42,6.741071428571429,79,-0.0034940333901154756,-0.09639253854237598,0.4177215189873418,-0.03591142292790689,0.9713529875641859,-0.1941904482649763,0.18720238148474536,112,0.0017869023590914668,-0.004841676821307539,0.42857142857142855,0.2705793991676691,0.7867145420412516,79,"HISTORICAL UK RETAIL, ACCOUNT AND BROKER ELIGIBILITY REMAIN UNRESOLVED",5,-0.1060431330670078,-0.05975606909819583,-0.07870020813080181,0.11394921027565191,-0.012583665448353844,0.5
POOL_EUROPE_BROAD_SECTORS,FINE_POOL,RRG_TRANSPARENT_LEVEL,63,6.686274509803922,71,-0.011217310357876322,-0.02395252523826518,0.49295774647887325,-0.084260637498575,0.9328492077899165,-0.27214014405015063,0.249705523334398,102,0.005639885658033669,0.004453084254391282,0.5196078431372549,0.5863784961564106,0.5576211917071988,71,"HISTORICAL UK RETAIL, ACCOUNT AND BROKER ELIGIBILITY REMAIN UNRESOLVED",3,0.027914777103290392,0.029180777705014364,0.026811041077986025,,,0.5
POOL_EUROPE_BROAD_SECTORS,FINE_POOL,RRG_TRANSPARENT_LEVEL,126,6.49438202247191,58,0.03519290316054333,0.08971863052481957,0.5344827586206896,0.17149684805311813,0.8638331086185674,-0.36701170578192777,0.4373975121030145,89,0.010999403476421497,0.030649241504266955,0.6067415730337079,0.5439234155700107,0.5864941749459661,58,"HISTORICAL UK RETAIL, ACCOUNT AND BROKER ELIGIBILITY REMAIN UNRESOLVED",3,0.07072932222240232,0.0816982623913957,0.060985122045861574,,,0.5
POOL_EUROPE_BROAD_SECTORS,FINE_POOL,RRG_TRANSPARENT_MOMENTUM,5,6.884057971014493,102,-0.059823282610249516,-0.05478742314435876,0.4803921568627451,-1.528431656359586,0.1264054000709391,-0.1365368725605647,0.016890307340065684,138,0.000811464997487406,3.5133315339774818e-06,0.5,0.509922007074955,0.6101061034581616,99,"HISTORICAL UK RETAIL, ACCOUNT AND BROKER ELIGIBILITY REMAIN UNRESOLVED",5,0.019813575438469063,0.00670039666643407,0.0068991321921895625,0.00780692888734035,0.005218384029644567,0.5
POOL_EUROPE_BROAD_SECTORS,FINE_POOL,RRG_TRANSPARENT_MOMENTUM,10,6.844961240310077,94,-0.0771170657934774,-0.11443578565466103,0.4148936170212766,-1.6325716577643656,0.10255911615089175,-0.1696990182179124,0.015464886630957589,129,-0.000664983367232499,-0.0023625606814482447,0.4728682170542636,-0.2609443516492549,0.7941354216734733,92,"HISTORICAL UK RETAIL, ACCOUNT AND BROKER ELIGIBILITY REMAIN UNRESOLVED",5,0.04333251154391808,0.02115129707041317,0.01425337071698985,0.01377749243897489,-0.004997568384926777,0.0
POOL_EUROPE_BROAD_SECTORS,FINE_POOL,RRG_TRANSPARENT_MOMENTUM,21,6.732142857142857,79,0.011798114932302149,0.03614720195339099,0.5569620253164557,0.21177946856981664,0.8322790869219079,-0.09739037491015515,0.12098660477475945,112,0.0010834008791461946,-0.0007379026295185054,0.49107142857142855,0.33402358923178826,0.7383617583376576,79,"HISTORICAL UK RETAIL, ACCOUNT AND BROKER ELIGIBILITY REMAIN UNRESOLVED",5,0.0793330116171614,0.10359739925924172,0.04603127508925939,-0.005497158843887854,-0.024734541787478387,0.25
POOL_EUROPE_BROAD_SECTORS,FINE_POOL,RRG_TRANSPARENT_MOMENTUM,42,6.676470588235294,71,0.04252400222896459,0.024397501823713332,0.5211267605633803,0.4472233522015715,0.6547138021265683,-0.1438381643193204,0.22888616877724954,102,-0.0014308717507725249,-0.00392305164370188,0.4803921568627451,-0.2248377342515377,0.8221055098384917,71,"HISTORICAL UK RETAIL, ACCOUNT AND BROKER ELIGIBILITY REMAIN UNRESOLVED",3,0.020540667476699945,0.018363418241862096,0.02322991705693835,,,0.5
POOL_EUROPE_BROAD_SECTORS,FINE_POOL,RRG_TRANSPARENT_MOMENTUM,63,6.622448979591836,67,-0.018709161204512305,0.012770236105969923,0.5074626865671642,-0.15048248931872568,0.8803839649216872,-0.2623872283856823,0.2249689059766577,98,-0.004007619644670861,-0.005065217959772661,0.4489795918367347,-0.4405120939302161,0.659566254969032,67,"HISTORICAL UK RETAIL, ACCOUNT AND BROKER ELIGIBILITY REMAIN UNRESOLVED",3,0.03454174764936701,0.031945374993528584,0.03192765912371639,,,0.0
POOL_EUROPE_BROAD_SECTORS,FINE_POOL,RRG_TRANSPARENT_MOMENTUM,126,6.411764705882353,54,-0.04478910435905239,-0.012049067317796997,0.48148148148148145,-0.4005570119678633,0.6887463007501985,-0.26394649973774476,0.17436829101963996,85,-0.005067566967355199,-0.002885589695044155,0.47058823529411764,-0.4223818145543151,0.6727463494536738,54,"HISTORICAL UK RETAIL, ACCOUNT AND BROKER ELIGIBILITY REMAIN UNRESOLVED",3,0.08562286879091764,0.08109605329996136,0.06896551649371596,,,0.0
POOL_EUROPE_BROAD_SECTORS,FINE_POOL,RS_126,5,7.041916167664671,130,-0.03554445554445554,-0.047619047619047616,0.46153846153846156,-0.8030964738008964,0.4219189756726133,-0.12229101089602273,0.051202099807111656,167,0.001872899246580837,-0.0004921245638958016,0.47305389221556887,0.9976021559711875,0.3184723152238764,123,"HISTORICAL UK RETAIL, ACCOUNT AND BROKER ELIGIBILITY REMAIN UNRESOLVED",5,-0.01128425313042662,-0.010176523204805648,-0.008630927203830671,0.00974397233937462,0.0026328478556227283,0.75
POOL_EUROPE_BROAD_SECTORS,FINE_POOL,RS_126,10,6.987341772151899,121,-0.017781116954670665,0.0,0.4793388429752066,-0.34122357540075526,0.7329352765812316,-0.11991458998659263,0.0843523560772513,158,0.0010537877091667915,0.00046172421862034074,0.5126582278481012,0.33676827507550494,0.7362915903140603,115,"HISTORICAL UK RETAIL, ACCOUNT AND BROKER ELIGIBILITY REMAIN UNRESOLVED",5,-0.011709739497906371,-0.008406683491106537,-0.00955437485950264,0.024722420824738047,0.007476945407075856,0.5
POOL_EUROPE_BROAD_SECTORS,FINE_POOL,RS_126,21,6.8428571428571425,102,-0.07673796791443852,-0.09523809523809523,0.4215686274509804,-1.0829864056421665,0.27881445713842423,-0.21561658409605766,0.06214064826718063,140,-0.002216279717654824,-0.0017818493523595325,0.4785714285714286,-0.4339261333725991,0.6643420817366437,99,"HISTORICAL UK RETAIL, ACCOUNT AND BROKER ELIGIBILITY REMAIN UNRESOLVED",5,-0.005067511964342426,0.03334626219238398,-0.0019598012898299016,0.07080154794178553,0.010209341065460651,0.5
POOL_EUROPE_BROAD_SECTORS,FINE_POOL,RS_126,42,6.741071428571429,79,-0.044761356786673236,-0.16666666666666666,0.4430379746835443,-0.4582637104663524,0.6467629926143962,-0.23620275875094376,0.1466800451775973,112,-0.002212856158512584,-0.004841676821307539,0.45535714285714285,-0.29890296211789813,0.765014086931148,79,"HISTORICAL UK RETAIL, ACCOUNT AND BROKER ELIGIBILITY REMAIN UNRESOLVED",5,-0.1060431330670078,-0.06255426518107302,-0.07590201204792463,0.07318432561812548,0.028181219209172582,0.5
POOL_EUROPE_BROAD_SECTORS,FINE_POOL,RS_126,63,6.686274509803922,71,-0.029845741113346747,0.0,0.49295774647887325,-0.21805461261868367,0.8273865603276437,-0.2981114612077898,0.2384199789810963,102,0.004209515992956643,0.01004638125793722,0.5588235294117647,0.4062989095142232,0.6845229865464848,71,"HISTORICAL UK RETAIL, ACCOUNT AND BROKER ELIGIBILITY REMAIN UNRESOLVED",3,0.030115011047218036,0.026274466772407593,0.02764655788330359,,,0.5
POOL_EUROPE_BROAD_SECTORS,FINE_POOL,RS_126,126,6.49438202247191,58,0.04064039408866994,0.11904761904761904,0.5172413793103449,0.19553664867660464,0.8449728498708189,-0.3667190920762268,0.4479998802535667,89,0.00469478692077714,0.030649241504266955,0.6179775280898876,0.21601546298508445,0.8289756943901834,58,"HISTORICAL UK RETAIL, ACCOUNT AND BROKER ELIGIBILITY REMAIN UNRESOLVED",3,0.07542769723184758,0.07015035843550121,0.07151949082397152,,,0.5
POOL_EUROPE_BROAD_SECTORS,FINE_POOL,RS_21,5,8.145922746781116,450,-0.03195478595478595,-0.023809523809523808,0.4688888888888889,-1.5103205646985667,0.13096164679292746,-0.07342295573870644,0.009513383829134532,466,-0.0004437556789645364,-0.0006782501598186497,0.4871244635193133,-0.5004644166943599,0.6167481053975084,438,"HISTORICAL UK RETAIL, ACCOUNT AND BROKER ELIGIBILITY REMAIN UNRESOLVED",5,0.0064790074422848955,0.002871507963419092,0.002585475780370991,0.004465166749092237,0.0052182939147166684,0.5
POOL_EUROPE_BROAD_SECTORS,FINE_POOL,RS_21,10,8.088235294117647,424,-0.02455944213019684,-0.023809523809523808,0.4669811320754717,-0.9688323848050476,0.33262882569224905,-0.07424360092848836,0.02512471666809469,442,-0.0002135470757889879,-0.0019591456483624703,0.46153846153846156,-0.15046701527752462,0.8803961724297878,411,"HISTORICAL UK RETAIL, ACCOUNT AND BROKER ELIGIBILITY REMAIN UNRESOLVED",5,0.01229898542614592,0.003409868645048467,0.002983647291056241,0.0085964174950058,0.008911600866654278,0.5
POOL_EUROPE_BROAD_SECTORS,FINE_POOL,RS_21,21,7.945026178010472,362,-0.010142067876874503,0.0,0.4972375690607735,-0.3057880479698382,0.7597660292007389,-0.07514816572604661,0.054864029972297605,382,0.00122304258349714,0.0005063845160895308,0.5104712041884817,0.4788339557470057,0.6320567582444815,345,"HISTORICAL UK RETAIL, ACCOUNT AND BROKER ELIGIBILITY REMAIN UNRESOLVED",5,0.016418243276882363,0.009825449254885089,0.006387911746781244,0.017193305863673236,0.023120159710994494,0.5
POOL_EUROPE_BROAD_SECTORS,FINE_POOL,RS_21,42,7.7114093959731544,276,-0.015588336783988957,-0.02554112554112551,0.47101449275362317,-0.4052593823710646,0.6852868594898223,-0.09097851898469284,0.059801845416714926,298,0.004317238316239643,-0.0004714119329685684,0.4966442953020134,1.0237406701071154,0.30595778021938513,256,"HISTORICAL UK RETAIL, ACCOUNT AND BROKER ELIGIBILITY REMAIN UNRESOLVED",5,0.03171113907805331,0.03223087431642033,0.021966166824534335,0.033380556094195664,0.021893688334176722,0.5
POOL_EUROPE_BROAD_SECTORS,FINE_POOL,RS_21,63,7.489878542510121,221,-0.006608097784568364,0.0,0.48868778280542985,-0.19405126038577328,0.8461357446896651,-0.07335146053482883,0.0601352649656921,247,0.006125735666165259,0.003200803562512844,0.5263157894736842,1.085751527981666,0.2775889367569071,200,"HISTORICAL UK RETAIL, ACCOUNT AND BROKER ELIGIBILITY REMAIN UNRESOLVED",5,0.06261731502566567,0.05075468527945653,0.035280315918532625,0.05597321637742316,0.04265078159533082,0.25
POOL_EUROPE_BROAD_SECTORS,FINE_POOL,RS_21,126,6.879432624113475,104,-0.0921078921078921,-0.08333333333333333,0.40384615384615385,-1.009723279249054,0.3126278860887596,-0.2708976208716292,0.08668183665584504,141,-0.0055059920618532425,-0.005594626485040499,0.48936170212765956,-0.45899477388584653,0.6462379190097758,101,"HISTORICAL UK RETAIL, ACCOUNT AND BROKER ELIGIBILITY REMAIN UNRESOLVED",5,0.11425026693829873,0.13215016696960674,-0.012770738329046743,0.1207243205315558,0.08432709661868698,0.5
POOL_EUROPE_BROAD_SECTORS,FINE_POOL,RS_252,5,6.48314606741573,58,0.0004105090311986835,0.07142857142857142,0.5172413793103449,0.0071525121807976145,0.9942931696187762,-0.11207904654591963,0.112900064608317,89,0.0010725944900128184,0.0013981219358163433,0.550561797752809,0.706783287129253,0.47970116215780634,58,"HISTORICAL UK RETAIL, ACCOUNT AND BROKER ELIGIBILITY REMAIN UNRESOLVED",3,0.0036853236687688744,0.003610749130651739,0.005258291488364304,,,0.5
POOL_EUROPE_BROAD_SECTORS,FINE_POOL,RS_252,10,6.465909090909091,57,0.012113617376775278,-0.023809523809523808,0.49122807017543857,0.17741854777204294,0.859179639404785,-0.12170696721894275,0.1459342019724933,88,0.0017379027022193705,-0.0002587477832310392,0.5,0.6893439611000172,0.49060683950574246,57,"HISTORICAL UK RETAIL, ACCOUNT AND BROKER ELIGIBILITY REMAIN UNRESOLVED",3,0.007147498861555118,0.00668431514189887,0.009755105182334514,,,0.5
POOL_EUROPE_BROAD_SECTORS,FINE_POOL,RS_252,21,6.411764705882353,54,0.014550264550264555,0.0714285714285715,0.5740740740740741,0.22830175612799467,0.8194116594149365,-0.1103633365000057,0.1394638656005348,85,0.003441790666228317,0.0036640402991046095,0.5176470588235295,0.8655433384561899,0.3867406397316273,54,"HISTORICAL UK RETAIL, ACCOUNT AND BROKER ELIGIBILITY REMAIN UNRESOLVED",3,0.01662286073206376,0.014888243125095567,0.01917291165443229,,,0.5
POOL_EUROPE_BROAD_SECTORS,FINE_POOL,RS_252,42,6.333333333333333,50,0.040476190476190464,-0.03571428571428573,0.48,0.4079146405551024,0.6833363437927844,-0.15400536933436026,0.2349577502867412,81,0.005396073449018339,0.003450460144531098,0.5679012345679012,0.7136631226450211,0.47543551496864045,50,"HISTORICAL UK RETAIL, ACCOUNT AND BROKER ELIGIBILITY REMAIN UNRESOLVED",3,0.03146082086934605,0.028595305599422007,0.03423341646755203,,,0.5
POOL_EUROPE_BROAD_SECTORS,FINE_POOL,RS_252,63,6.246753246753247,46,0.03416149068322982,-0.10714285714285715,0.45652173913043476,0.22945857499573222,0.8185125140739888,-0.257635368068187,0.32595834943464663,77,0.004055679365809147,0.013455849113086948,0.5844155844155844,0.35583576166403363,0.7219635656929386,46,"HISTORICAL UK RETAIL, ACCOUNT AND BROKER ELIGIBILITY REMAIN UNRESOLVED",3,0.05186843331717503,0.047270760207351555,0.045426107683851635,,,0.0
POOL_EUROPE_BROAD_SECTORS,FINE_POOL,RS_252,126,5.890625,33,0.030663780663780622,0.19047619047619047,0.5757575757575758,0.1362593125725604,0.8916162876882178,-0.41040629811591023,0.47173385944347146,64,-0.009238405189620148,0.022737406723775444,0.578125,-0.35021553186509013,0.7261769512471978,33,"HISTORICAL UK RETAIL, ACCOUNT AND BROKER ELIGIBILITY REMAIN UNRESOLVED",3,0.12261520492655122,0.12558379601622457,0.1070963169682702,,,0.5
POOL_EUROPE_BROAD_SECTORS,FINE_POOL,RS_42,5,7.944,356,-0.014555061043825092,-0.023809523809523808,0.47191011235955055,-0.6241805745678315,0.532509002664106,-0.060258815055123614,0.031148692967473433,375,0.00021585889052309573,0.00022461200822743166,0.504,0.21648410127564455,0.8286104166888368,338,"HISTORICAL UK RETAIL, ACCOUNT AND BROKER ELIGIBILITY REMAIN UNRESOLVED",5,0.004607406727944792,0.004716302905651023,-0.001110678594826886,0.0024409218889221928,0.004332690227518333,0.75
POOL_EUROPE_BROAD_SECTORS,FINE_POOL,RS_42,10,7.8835227272727275,332,-0.007015725238616801,0.0,0.49096385542168675,-0.23989192380515642,0.8104140419485064,-0.06433557400637278,0.05030412352913918,352,6.745257812829875e-05,-0.0006272842811544943,0.48863636363636365,0.042641907197143336,0.9659869887423245,313,"HISTORICAL UK RETAIL, ACCOUNT AND BROKER ELIGIBILITY REMAIN UNRESOLVED",5,0.012800841202146872,0.00962169440638102,-0.00235907355098498,0.005667351656738156,0.0077253506087786375,0.5
POOL_EUROPE_BROAD_SECTORS,FINE_POOL,RS_42,21,7.706081081081081,274,0.006138022561380229,0.01742424242424244,0.5036496350364964,0.1409882925653955,0.8878791911357811,-0.07919036136113199,0.09146640648389244,296,0.0023349774755826442,-0.00047554112909037327,0.4966216216216216,0.7291563679776116,0.46590601750255634,254,"HISTORICAL UK RETAIL, ACCOUNT AND BROKER ELIGIBILITY REMAIN UNRESOLVED",5,0.01840400911917208,0.02087665674752558,0.008954917961728622,0.01121779835884068,0.012412355464995967,0.75
POOL_EUROPE_BROAD_SECTORS,FINE_POOL,RS_42,42,7.497975708502024,221,0.04538696597520127,0.047619047619047616,0.5294117647058824,0.8764875263750249,0.38076505454101917,-0.05610542952624613,0.14687936147664865,247,0.007058202074108788,0.001837301412477288,0.5222672064777328,1.1946833348799235,0.23221077600194606,201,"HISTORICAL UK RETAIL, ACCOUNT AND BROKER ELIGIBILITY REMAIN UNRESOLVED",5,0.03127760530870371,0.019411082383839536,0.028868130562381362,0.03186166389355045,0.034703781853674065,0.75
POOL_EUROPE_BROAD_SECTORS,FINE_POOL,RS_42,63,7.316037735849057,182,0.027606916892631186,0.03008658008658005,0.5274725274725275,0.46527827460828697,0.6417321907443996,-0.08868598949613368,0.14389982328139606,212,0.011082460181605993,0.005055089990388395,0.5566037735849056,1.3553069735341514,0.17531977413043331,163,"HISTORICAL UK RETAIL, ACCOUNT AND BROKER ELIGIBILITY REMAIN UNRESOLVED",5,0.04557491062933186,0.03199858710430808,0.056663832879834224,0.05140434182701504,0.06924103615907881,0.5
POOL_EUROPE_BROAD_SECTORS,FINE_POOL,RS_42,126,6.743362831858407,80,-0.11236471861471861,-0.047619047619047616,0.475,-0.7458317661618653,0.4557690480392468,-0.40764686079425927,0.18291742356482207,113,-0.003321092784083798,0.00015888122925078463,0.504424778761062,-0.20933681317841515,0.8341853155830455,80,"HISTORICAL UK RETAIL, ACCOUNT AND BROKER ELIGIBILITY REMAIN UNRESOLVED",5,0.013096245322154485,0.1521253741776939,0.0816455097429029,0.12719513091160106,0.003717780898044018,0.5
POOL_EUROPE_BROAD_SECTORS,FINE_POOL,RS_63,5,7.657534246575342,268,-0.03840133746850165,-0.047619047619047616,0.4664179104477612,-1.3949421686213985,0.16303327959040093,-0.09235715018209631,0.015554475245093013,292,0.0007963692755733518,0.0003828218683465945,0.5102739726027398,0.6751402587028535,0.49958665798746194,248,"HISTORICAL UK RETAIL, ACCOUNT AND BROKER ELIGIBILITY REMAIN UNRESOLVED",5,0.004219231510907357,0.0061064123588208735,0.0015160232218696867,0.004285782753654085,0.005362726197536832,0.75
POOL_EUROPE_BROAD_SECTORS,FINE_POOL,RS_63,10,7.606498194945848,252,0.007042362399505258,0.004545454545454556,0.5079365079365079,0.210258149480253,0.8334661970228145,-0.05860444702609424,0.07268917182510476,277,0.0014515749026265054,-0.0005058363141045019,0.49097472924187724,0.7725006863164028,0.43981794056830337,232,"HISTORICAL UK RETAIL, ACCOUNT AND BROKER ELIGIBILITY REMAIN UNRESOLVED",5,0.008018753202214523,0.010839651023208458,0.005147311313352441,0.010975078109029639,0.00786492182681912,0.5
POOL_EUROPE_BROAD_SECTORS,FINE_POOL,RS_63,21,7.4471544715447155,218,0.04220977798959449,0.041666666666666616,0.5321100917431193,0.869494888575938,0.3845765026237016,-0.05293700865860721,0.1373565646377962,246,0.0031923715395503144,-0.00045633869043348874,0.4959349593495935,0.9312404428080421,0.35172920194333446,198,"HISTORICAL UK RETAIL, ACCOUNT AND BROKER ELIGIBILITY REMAIN UNRESOLVED",5,0.015639973368804388,0.018142744570966273,0.0182872796903027,0.027333904208182186,0.014940597789033066,0.75
POOL_EUROPE_BROAD_SECTORS,FINE_POOL,RS_63,42,7.272300469483568,181,0.0010786635096027336,0.0,0.48066298342541436,0.017616407612988362,0.9859448673257454,-0.1189311407992055,0.12108846781841096,213,0.004113097007434686,-0.0032012996830872442,0.4788732394366197,0.5798863890642466,0.5619912349791254,163,"HISTORICAL UK RETAIL, ACCOUNT AND BROKER ELIGIBILITY REMAIN UNRESOLVED",5,0.023445252493390637,0.027915730477263243,0.04269352657087788,0.024068288791934504,0.040881360374887064,0.75
POOL_EUROPE_BROAD_SECTORS,FINE_POOL,RS_63,63,7.105555555555555,144,-0.0403980278980279,-0.09523809523809523,0.4305555555555556,-0.529809345437337,0.5962441250333512,-0.18984552331965,0.10904946752359418,180,0.0011015146141735383,-0.002948416493268824,0.4722222222222222,0.11667909757399197,0.9071143548395185,134,"HISTORICAL UK RETAIL, ACCOUNT AND BROKER ELIGIBILITY REMAIN UNRESOLVED",5,0.0497216466774861,0.06053675774187401,0.041090797657341,0.02574494877731748,0.07320794304727803,0.5
POOL_EUROPE_BROAD_SECTORS,FINE_POOL,RS_63,126,6.679611650485437,72,-0.09672619047619047,-0.11904761904761904,0.4444444444444444,-0.4962207467153898,0.6197386750094069,-0.47877359770366196,0.285321216751281,103,0.0007648475703953534,0.013817920601844724,0.5728155339805825,0.04063609720785666,0.9675860065021415,72,"HISTORICAL UK RETAIL, ACCOUNT AND BROKER ELIGIBILITY REMAIN UNRESOLVED",3,0.052128985996005954,0.050184939979739634,0.03378626098636175,,,0.0
POOL_EUROPE_BROAD_SECTORS,FINE_POOL,SHORT_MINUS_LONG_RS,5,6.48314606741573,58,-0.015352349513209695,-0.005988131309566247,0.5,-0.3907577933596008,0.6959762754091365,-0.09235670524277337,0.06165200621635397,89,-0.0009304184610401539,-7.552370593910673e-06,0.4943820224719101,-0.6904029598974488,0.4899408158845636,58,"HISTORICAL UK RETAIL, ACCOUNT AND BROKER ELIGIBILITY REMAIN UNRESOLVED",3,0.004356622978835859,0.0036370386667339827,0.004218839606405875,,,0.5
POOL_EUROPE_BROAD_SECTORS,FINE_POOL,SHORT_MINUS_LONG_RS,10,6.465909090909091,57,-0.03569630157657298,8.500145032286354e-17,0.5087719298245614,-0.6884065792034244,0.4911967818627534,-0.13732732542925052,0.06593472227610456,88,-0.0025541542319675705,-0.0012571545191248923,0.45454545454545453,-1.3428134580733422,0.1793323844966852,57,"HISTORICAL UK RETAIL, ACCOUNT AND BROKER ELIGIBILITY REMAIN UNRESOLVED",3,0.0094372660371822,0.006213527659186564,0.007122449121272865,,,0.5
POOL_EUROPE_BROAD_SECTORS,FINE_POOL,SHORT_MINUS_LONG_RS,21,6.411764705882353,54,0.026169582632185155,0.059523809523809486,0.5185185185185185,0.39622310129309346,0.6919404505941746,-0.10328132339054721,0.15562048865491754,85,0.0004622476564475786,0.001868508495908472,0.5058823529411764,0.13133820046800515,0.8955077739037561,54,"HISTORICAL UK RETAIL, ACCOUNT AND BROKER ELIGIBILITY REMAIN UNRESOLVED",3,0.018165685055013068,0.01096635035971623,0.022195108314505992,,,0.5
POOL_EUROPE_BROAD_SECTORS,FINE_POOL,SHORT_MINUS_LONG_RS,42,6.333333333333333,50,0.026148960584074,-0.017964393928698853,0.5,0.18226943342914542,0.8553712854378237,-0.2550337918595253,0.3073317130276733,81,0.0021768262047837305,0.00043238030187597865,0.5061728395061729,0.23327593962633605,0.8155471406573143,50,"HISTORICAL UK RETAIL, ACCOUNT AND BROKER ELIGIBILITY REMAIN UNRESOLVED",3,0.030133049577102375,0.02709201584633539,0.037701102557843494,,,0.5
POOL_EUROPE_BROAD_SECTORS,FINE_POOL,SHORT_MINUS_LONG_RS,63,6.246753246753247,46,-0.025634582031094203,-0.16167954535829,0.45652173913043476,-0.1278538766924263,0.8982646124534915,-0.4186055175980289,0.3673363535358405,77,0.003176672095401458,-0.0019838937408622748,0.45454545454545453,0.19239327431075762,0.8474341603167687,46,"HISTORICAL UK RETAIL, ACCOUNT AND BROKER ELIGIBILITY REMAIN UNRESOLVED",3,0.045523727681780236,0.046291336574771746,0.05617254338008149,,,1.0
POOL_EUROPE_BROAD_SECTORS,FINE_POOL,SHORT_MINUS_LONG_RS,126,5.890625,33,-0.1704133223353505,-0.1428571428571428,0.2727272727272727,-3.6978834978283426,0.00021740462124875836,-0.2607363339876248,-0.08009031068307622,64,0.0044074571883441355,-0.0016078495360176692,0.46875,0.3379168362790187,0.7354258595974825,33,"HISTORICAL UK RETAIL, ACCOUNT AND BROKER ELIGIBILITY REMAIN UNRESOLVED",3,0.12558687363880428,0.12017706774919923,0.11142877623835698,,,0.0
POOL_EUROPE_INDUSTRIES,FINE_POOL,RS_126,5,,0,,,,,,,,0,,,,,,0,"HISTORICAL UK RETAIL, ACCOUNT AND BROKER ELIGIBILITY REMAIN UNRESOLVED",0,,,,,,
POOL_EUROPE_INDUSTRIES,FINE_POOL,RS_126,10,,0,,,,,,,,0,,,,,,0,"HISTORICAL UK RETAIL, ACCOUNT AND BROKER ELIGIBILITY REMAIN UNRESOLVED",0,,,,,,
POOL_EUROPE_INDUSTRIES,FINE_POOL,RS_126,21,,0,,,,,,,,0,,,,,,0,"HISTORICAL UK RETAIL, ACCOUNT AND BROKER ELIGIBILITY REMAIN UNRESOLVED",0,,,,,,
POOL_EUROPE_INDUSTRIES,FINE_POOL,RS_126,42,,0,,,,,,,,0,,,,,,0,"HISTORICAL UK RETAIL, ACCOUNT AND BROKER ELIGIBILITY REMAIN UNRESOLVED",0,,,,,,
POOL_EUROPE_INDUSTRIES,FINE_POOL,RS_126,63,,0,,,,,,,,0,,,,,,0,"HISTORICAL UK RETAIL, ACCOUNT AND BROKER ELIGIBILITY REMAIN UNRESOLVED",0,,,,,,
POOL_EUROPE_INDUSTRIES,FINE_POOL,RS_126,126,,0,,,,,,,,0,,,,,,0,"HISTORICAL UK RETAIL, ACCOUNT AND BROKER ELIGIBILITY REMAIN UNRESOLVED",0,,,,,,
POOL_EUROPE_INDUSTRIES,FINE_POOL,RS_21,5,,0,,,,,,,,0,,,,,,0,"HISTORICAL UK RETAIL, ACCOUNT AND BROKER ELIGIBILITY REMAIN UNRESOLVED",0,,,,,,
POOL_EUROPE_INDUSTRIES,FINE_POOL,RS_21,10,,0,,,,,,,,0,,,,,,0,"HISTORICAL UK RETAIL, ACCOUNT AND BROKER ELIGIBILITY REMAIN UNRESOLVED",0,,,,,,
POOL_EUROPE_INDUSTRIES,FINE_POOL,RS_21,21,,0,,,,,,,,0,,,,,,0,"HISTORICAL UK RETAIL, ACCOUNT AND BROKER ELIGIBILITY REMAIN UNRESOLVED",0,,,,,,
POOL_EUROPE_INDUSTRIES,FINE_POOL,RS_21,42,,0,,,,,,,,0,,,,,,0,"HISTORICAL UK RETAIL, ACCOUNT AND BROKER ELIGIBILITY REMAIN UNRESOLVED",0,,,,,,
POOL_EUROPE_INDUSTRIES,FINE_POOL,RS_21,63,,0,,,,,,,,0,,,,,,0,"HISTORICAL UK RETAIL, ACCOUNT AND BROKER ELIGIBILITY REMAIN UNRESOLVED",0,,,,,,
POOL_EUROPE_INDUSTRIES,FINE_POOL,RS_21,126,,0,,,,,,,,0,,,,,,0,"HISTORICAL UK RETAIL, ACCOUNT AND BROKER ELIGIBILITY REMAIN UNRESOLVED",0,,,,,,
POOL_EUROPE_INDUSTRIES,FINE_POOL,RS_252,5,,0,,,,,,,,0,,,,,,0,"HISTORICAL UK RETAIL, ACCOUNT AND BROKER ELIGIBILITY REMAIN UNRESOLVED",0,,,,,,
POOL_EUROPE_INDUSTRIES,FINE_POOL,RS_252,10,,0,,,,,,,,0,,,,,,0,"HISTORICAL UK RETAIL, ACCOUNT AND BROKER ELIGIBILITY REMAIN UNRESOLVED",0,,,,,,
POOL_EUROPE_INDUSTRIES,FINE_POOL,RS_252,21,,0,,,,,,,,0,,,,,,0,"HISTORICAL UK RETAIL, ACCOUNT AND BROKER ELIGIBILITY REMAIN UNRESOLVED",0,,,,,,
POOL_EUROPE_INDUSTRIES,FINE_POOL,RS_252,42,,0,,,,,,,,0,,,,,,0,"HISTORICAL UK RETAIL, ACCOUNT AND BROKER ELIGIBILITY REMAIN UNRESOLVED",0,,,,,,
POOL_EUROPE_INDUSTRIES,FINE_POOL,RS_252,63,,0,,,,,,,,0,,,,,,0,"HISTORICAL UK RETAIL, ACCOUNT AND BROKER ELIGIBILITY REMAIN UNRESOLVED",0,,,,,,
POOL_EUROPE_INDUSTRIES,FINE_POOL,RS_252,126,,0,,,,,,,,0,,,,,,0,"HISTORICAL UK RETAIL, ACCOUNT AND BROKER ELIGIBILITY REMAIN UNRESOLVED",0,,,,,,
POOL_EUROPE_INDUSTRIES,FINE_POOL,RS_42,5,,0,,,,,,,,0,,,,,,0,"HISTORICAL UK RETAIL, ACCOUNT AND BROKER ELIGIBILITY REMAIN UNRESOLVED",0,,,,,,
POOL_EUROPE_INDUSTRIES,FINE_POOL,RS_42,10,,0,,,,,,,,0,,,,,,0,"HISTORICAL UK RETAIL, ACCOUNT AND BROKER ELIGIBILITY REMAIN UNRESOLVED",0,,,,,,
POOL_EUROPE_INDUSTRIES,FINE_POOL,RS_42,21,,0,,,,,,,,0,,,,,,0,"HISTORICAL UK RETAIL, ACCOUNT AND BROKER ELIGIBILITY REMAIN UNRESOLVED",0,,,,,,
POOL_EUROPE_INDUSTRIES,FINE_POOL,RS_42,42,,0,,,,,,,,0,,,,,,0,"HISTORICAL UK RETAIL, ACCOUNT AND BROKER ELIGIBILITY REMAIN UNRESOLVED",0,,,,,,
POOL_EUROPE_INDUSTRIES,FINE_POOL,RS_42,63,,0,,,,,,,,0,,,,,,0,"HISTORICAL UK RETAIL, ACCOUNT AND BROKER ELIGIBILITY REMAIN UNRESOLVED",0,,,,,,
POOL_EUROPE_INDUSTRIES,FINE_POOL,RS_42,126,,0,,,,,,,,0,,,,,,0,"HISTORICAL UK RETAIL, ACCOUNT AND BROKER ELIGIBILITY REMAIN UNRESOLVED",0,,,,,,
POOL_EUROPE_INDUSTRIES,FINE_POOL,RS_63,5,,0,,,,,,,,0,,,,,,0,"HISTORICAL UK RETAIL, ACCOUNT AND BROKER ELIGIBILITY REMAIN UNRESOLVED",0,,,,,,
POOL_EUROPE_INDUSTRIES,FINE_POOL,RS_63,10,,0,,,,,,,,0,,,,,,0,"HISTORICAL UK RETAIL, ACCOUNT AND BROKER ELIGIBILITY REMAIN UNRESOLVED",0,,,,,,
POOL_EUROPE_INDUSTRIES,FINE_POOL,RS_63,21,,0,,,,,,,,0,,,,,,0,"HISTORICAL UK RETAIL, ACCOUNT AND BROKER ELIGIBILITY REMAIN UNRESOLVED",0,,,,,,
POOL_EUROPE_INDUSTRIES,FINE_POOL,RS_63,42,,0,,,,,,,,0,,,,,,0,"HISTORICAL UK RETAIL, ACCOUNT AND BROKER ELIGIBILITY REMAIN UNRESOLVED",0,,,,,,
POOL_EUROPE_INDUSTRIES,FINE_POOL,RS_63,63,,0,,,,,,,,0,,,,,,0,"HISTORICAL UK RETAIL, ACCOUNT AND BROKER ELIGIBILITY REMAIN UNRESOLVED",0,,,,,,
POOL_EUROPE_INDUSTRIES,FINE_POOL,RS_63,126,,0,,,,,,,,0,,,,,,0,"HISTORICAL UK RETAIL, ACCOUNT AND BROKER ELIGIBILITY REMAIN UNRESOLVED",0,,,,,,
POOL_EUROPE_THEMES,FINE_POOL,RS_126,5,,0,,,,,,,,0,,,,,,0,"HISTORICAL UK RETAIL, ACCOUNT AND BROKER ELIGIBILITY REMAIN UNRESOLVED",0,,,,,,
POOL_EUROPE_THEMES,FINE_POOL,RS_126,10,,0,,,,,,,,0,,,,,,0,"HISTORICAL UK RETAIL, ACCOUNT AND BROKER ELIGIBILITY REMAIN UNRESOLVED",0,,,,,,
POOL_EUROPE_THEMES,FINE_POOL,RS_126,21,,0,,,,,,,,0,,,,,,0,"HISTORICAL UK RETAIL, ACCOUNT AND BROKER ELIGIBILITY REMAIN UNRESOLVED",0,,,,,,
POOL_EUROPE_THEMES,FINE_POOL,RS_126,42,,0,,,,,,,,0,,,,,,0,"HISTORICAL UK RETAIL, ACCOUNT AND BROKER ELIGIBILITY REMAIN UNRESOLVED",0,,,,,,
POOL_EUROPE_THEMES,FINE_POOL,RS_126,63,,0,,,,,,,,0,,,,,,0,"HISTORICAL UK RETAIL, ACCOUNT AND BROKER ELIGIBILITY REMAIN UNRESOLVED",0,,,,,,
POOL_EUROPE_THEMES,FINE_POOL,RS_126,126,,0,,,,,,,,0,,,,,,0,"HISTORICAL UK RETAIL, ACCOUNT AND BROKER ELIGIBILITY REMAIN UNRESOLVED",0,,,,,,
POOL_EUROPE_THEMES,FINE_POOL,RS_21,5,,0,,,,,,,,0,,,,,,0,"HISTORICAL UK RETAIL, ACCOUNT AND BROKER ELIGIBILITY REMAIN UNRESOLVED",0,,,,,,
POOL_EUROPE_THEMES,FINE_POOL,RS_21,10,,0,,,,,,,,0,,,,,,0,"HISTORICAL UK RETAIL, ACCOUNT AND BROKER ELIGIBILITY REMAIN UNRESOLVED",0,,,,,,
POOL_EUROPE_THEMES,FINE_POOL,RS_21,21,,0,,,,,,,,0,,,,,,0,"HISTORICAL UK RETAIL, ACCOUNT AND BROKER ELIGIBILITY REMAIN UNRESOLVED",0,,,,,,
POOL_EUROPE_THEMES,FINE_POOL,RS_21,42,,0,,,,,,,,0,,,,,,0,"HISTORICAL UK RETAIL, ACCOUNT AND BROKER ELIGIBILITY REMAIN UNRESOLVED",0,,,,,,
POOL_EUROPE_THEMES,FINE_POOL,RS_21,63,,0,,,,,,,,0,,,,,,0,"HISTORICAL UK RETAIL, ACCOUNT AND BROKER ELIGIBILITY REMAIN UNRESOLVED",0,,,,,,
POOL_EUROPE_THEMES,FINE_POOL,RS_21,126,,0,,,,,,,,0,,,,,,0,"HISTORICAL UK RETAIL, ACCOUNT AND BROKER ELIGIBILITY REMAIN UNRESOLVED",0,,,,,,
POOL_EUROPE_THEMES,FINE_POOL,RS_42,5,,0,,,,,,,,0,,,,,,0,"HISTORICAL UK RETAIL, ACCOUNT AND BROKER ELIGIBILITY REMAIN UNRESOLVED",0,,,,,,
POOL_EUROPE_THEMES,FINE_POOL,RS_42,10,,0,,,,,,,,0,,,,,,0,"HISTORICAL UK RETAIL, ACCOUNT AND BROKER ELIGIBILITY REMAIN UNRESOLVED",0,,,,,,
POOL_EUROPE_THEMES,FINE_POOL,RS_42,21,,0,,,,,,,,0,,,,,,0,"HISTORICAL UK RETAIL, ACCOUNT AND BROKER ELIGIBILITY REMAIN UNRESOLVED",0,,,,,,
POOL_EUROPE_THEMES,FINE_POOL,RS_42,42,,0,,,,,,,,0,,,,,,0,"HISTORICAL UK RETAIL, ACCOUNT AND BROKER ELIGIBILITY REMAIN UNRESOLVED",0,,,,,,
POOL_EUROPE_THEMES,FINE_POOL,RS_42,63,,0,,,,,,,,0,,,,,,0,"HISTORICAL UK RETAIL, ACCOUNT AND BROKER ELIGIBILITY REMAIN UNRESOLVED",0,,,,,,
POOL_EUROPE_THEMES,FINE_POOL,RS_42,126,,0,,,,,,,,0,,,,,,0,"HISTORICAL UK RETAIL, ACCOUNT AND BROKER ELIGIBILITY REMAIN UNRESOLVED",0,,,,,,
POOL_EUROPE_THEMES,FINE_POOL,RS_63,5,,0,,,,,,,,0,,,,,,0,"HISTORICAL UK RETAIL, ACCOUNT AND BROKER ELIGIBILITY REMAIN UNRESOLVED",0,,,,,,
POOL_EUROPE_THEMES,FINE_POOL,RS_63,10,,0,,,,,,,,0,,,,,,0,"HISTORICAL UK RETAIL, ACCOUNT AND BROKER ELIGIBILITY REMAIN UNRESOLVED",0,,,,,,
POOL_EUROPE_THEMES,FINE_POOL,RS_63,21,,0,,,,,,,,0,,,,,,0,"HISTORICAL UK RETAIL, ACCOUNT AND BROKER ELIGIBILITY REMAIN UNRESOLVED",0,,,,,,
POOL_EUROPE_THEMES,FINE_POOL,RS_63,42,,0,,,,,,,,0,,,,,,0,"HISTORICAL UK RETAIL, ACCOUNT AND BROKER ELIGIBILITY REMAIN UNRESOLVED",0,,,,,,
POOL_EUROPE_THEMES,FINE_POOL,RS_63,63,,0,,,,,,,,0,,,,,,0,"HISTORICAL UK RETAIL, ACCOUNT AND BROKER ELIGIBILITY REMAIN UNRESOLVED",0,,,,,,
POOL_EUROPE_THEMES,FINE_POOL,RS_63,126,,0,,,,,,,,0,,,,,,0,"HISTORICAL UK RETAIL, ACCOUNT AND BROKER ELIGIBILITY REMAIN UNRESOLVED",0,,,,,,
POOL_GLOBAL_BROAD_SECTORS,FINE_POOL,ACCEL_FAST_COMPOSITE,5,5.5162790697674415,99,0.03718718296167219,0.028571428571428532,0.5252525252525253,0.8565945217979402,0.39166901434163415,-0.04790037881539439,0.12227474473873878,215,0.002792800657654213,0.0003786838859141106,0.5023255813953489,1.8275107696016086,0.06762300843597972,99,"HISTORICAL UK RETAIL, ACCOUNT AND BROKER ELIGIBILITY REMAIN UNRESOLVED",5,-0.0009654381106731908,-0.00041205688221902266,0.003859409174388968,6.776666693878866e-05,0.005510123968026488,0.75
POOL_GLOBAL_BROAD_SECTORS,FINE_POOL,ACCEL_FAST_COMPOSITE,10,5.391089108910891,88,0.0670636239507025,0.08571428571428573,0.5568181818181818,1.255030256661274,0.20946777647263048,-0.037668741598624836,0.17179598950002983,202,0.007344305574332126,0.0035714822361282428,0.5693069306930693,2.917832670560832,0.0035247344038722653,88,"HISTORICAL UK RETAIL, ACCOUNT AND BROKER ELIGIBILITY REMAIN UNRESOLVED",5,-0.0049529053202784085,0.0007571549332557079,0.008932974548990965,0.0006536631196481495,0.007393718590115702,0.75
POOL_GLOBAL_BROAD_SECTORS,FINE_POOL,ACCEL_FAST_COMPOSITE,21,5.074712643678161,65,0.1580402776061911,0.15805544135681684,0.6615384615384615,2.307982125143182,0.021000130699640338,0.023830723363811424,0.2922498318485708,174,0.013589928608197587,0.01198497212803984,0.6149425287356322,2.4696963179459814,0.0135227795742922,65,"HISTORICAL UK RETAIL, ACCOUNT AND BROKER ELIGIBILITY REMAIN UNRESOLVED",5,-0.02103681384964666,-0.0025987078911205467,-0.003099942562428922,-0.0008268878638600909,0.013305352868251439,0.75
POOL_GLOBAL_BROAD_SECTORS,FINE_POOL,ACCEL_FAST_COMPOSITE,42,4.573643410852713,35,0.16729392069303628,0.14285714285714274,0.6285714285714286,1.9738046143520553,0.04840396396685295,0.001173091403918275,0.33341474998215426,129,0.025518112401313894,0.023483611106142277,0.6511627906976745,1.6939377773613409,0.09027710741055585,35,"HISTORICAL UK RETAIL, ACCOUNT AND BROKER ELIGIBILITY REMAIN UNRESOLVED",5,-0.03477368434064414,-0.006728078429216229,0.0009566512335500744,-0.0037785402249977057,0.015256038388851435,0.75
POOL_GLOBAL_BROAD_SECTORS,FINE_POOL,ACCEL_FAST_COMPOSITE,63,3.7738095238095237,11,0.2443400979513637,0.46363636363636357,0.7272727272727273,3.649228656027842,0.00026302890651495273,0.11310749043234389,0.37557270547038346,84,0.03314121686969679,0.008217115117528095,0.5357142857142857,1.0768946166943945,0.2815273483688757,11,"HISTORICAL UK RETAIL, ACCOUNT AND BROKER ELIGIBILITY REMAIN UNRESOLVED",5,-0.005872372546253733,0.01263931212774299,0.03738864030482125,-0.004489561312293093,0.02659143201626016,0.75
POOL_GLOBAL_BROAD_SECTORS,FINE_POOL,ACCEL_FAST_COMPOSITE,126,3.0,0,,,,,,,,17,-0.017340590152243682,-0.02969524532197443,0.4117647058823529,-0.48471310174560117,0.6278798714293663,0,"HISTORICAL UK RETAIL, ACCOUNT AND BROKER ELIGIBILITY REMAIN UNRESOLVED",0,,,,,,
POOL_GLOBAL_BROAD_SECTORS,FINE_POOL,DISCRETE_RECENT_CONSISTENCY,5,6.259036144578313,200,-0.042581168831168824,-0.07142857142857142,0.445,-1.4004177060396423,0.16138827090453534,-0.10217592900078062,0.01701359133844297,332,0.0016093507493452205,6.143246007161984e-05,0.5030120481927711,1.4202570314736112,0.15553286558230112,195,"HISTORICAL UK RETAIL, ACCOUNT AND BROKER ELIGIBILITY REMAIN UNRESOLVED",5,0.003810187611215665,0.003490191041595296,0.0009661238177028898,0.0026402433680635107,0.000734722215727451,0.25
POOL_GLOBAL_BROAD_SECTORS,FINE_POOL,DISCRETE_RECENT_CONSISTENCY,10,6.156549520766773,183,-0.04867409457573392,-0.04242424242424251,0.44808743169398907,-1.2625178189281334,0.2067625185633052,-0.12423696657506,0.026888777423592164,313,0.002897904316435061,0.000975569702639234,0.5143769968051118,1.4284063687783666,0.15317492710759387,179,"HISTORICAL UK RETAIL, ACCOUNT AND BROKER ELIGIBILITY REMAIN UNRESOLVED",5,0.0044185792149349324,0.005027090921905377,0.004119851421089588,0.0037180266192939136,-0.0005486210638633093,0.25
POOL_GLOBAL_BROAD_SECTORS,FINE_POOL,DISCRETE_RECENT_CONSISTENCY,21,5.890510948905109,147,-0.011800217922666901,-3.642919299551295e-17,0.4897959183673469,-0.17449580686899327,0.8614758258505305,-0.14434209702647285,0.12074166118113906,274,0.005425456781517441,0.004520854564140642,0.5328467153284672,1.1530605215207488,0.24888554417863673,145,"HISTORICAL UK RETAIL, ACCOUNT AND BROKER ELIGIBILITY REMAIN UNRESOLVED",5,0.012458793306179038,0.011404800575109621,0.00837082379241153,0.006767850408999368,0.003034695179675228,0.0
POOL_GLOBAL_BROAD_SECTORS,FINE_POOL,DISCRETE_RECENT_CONSISTENCY,42,5.592105263157895,109,-0.027659954724174922,0.018181818181818184,0.5045871559633027,-0.292262937547106,0.7700855938422517,-0.21315222250326535,0.1578323130549155,228,0.009470193253090784,0.0020216654139325607,0.5131578947368421,0.8549168005024032,0.39259720904473416,108,"HISTORICAL UK RETAIL, ACCOUNT AND BROKER ELIGIBILITY REMAIN UNRESOLVED",5,0.030959401388958818,0.01937066129467665,0.01815500231814871,0.008011378304938102,0.018499035639404734,0.25
POOL_GLOBAL_BROAD_SECTORS,FINE_POOL,DISCRETE_RECENT_CONSISTENCY,63,5.217877094972067,72,-0.06555735930735933,-0.06287878787878796,0.4444444444444444,-0.7373842502099034,0.46088871053642566,-0.2398085222897529,0.10869380367503427,179,0.006381562251292269,-0.004823378563716396,0.4581005586592179,0.4028926507269983,0.6870271980841507,71,"HISTORICAL UK RETAIL, ACCOUNT AND BROKER ELIGIBILITY REMAIN UNRESOLVED",5,0.03901179344514183,0.02980542530627782,0.0349202530410485,0.014468517823043843,0.010555991390325642,0.25
POOL_GLOBAL_BROAD_SECTORS,FINE_POOL,DISCRETE_RECENT_CONSISTENCY,126,3.0535714285714284,0,,,,,,,,56,-0.059062908442260996,-0.058492043934441795,0.375,-2.1797077558946882,0.02927913128783768,0,"HISTORICAL UK RETAIL, ACCOUNT AND BROKER ELIGIBILITY REMAIN UNRESOLVED",0,,,,,,
POOL_GLOBAL_BROAD_SECTORS,FINE_POOL,MH_LEVEL_3_6_12_REFERENCE,5,3.0,0,,,,,,,,3,-0.0006656317517910182,-0.0020932605279591066,0.3333333333333333,-0.6227347941825371,0.5334588139949933,0,"HISTORICAL UK RETAIL, ACCOUNT AND BROKER ELIGIBILITY REMAIN UNRESOLVED",0,,,,,,
POOL_GLOBAL_BROAD_SECTORS,FINE_POOL,MH_LEVEL_3_6_12_REFERENCE,10,3.0,0,,,,,,,,2,0.0010974799777168087,0.0010974799777168087,1.0,5.046160738306469,4.5077621669574005e-07,0,"HISTORICAL UK RETAIL, ACCOUNT AND BROKER ELIGIBILITY REMAIN UNRESOLVED",0,,,,,,
POOL_GLOBAL_BROAD_SECTORS,FINE_POOL,MH_LEVEL_3_6_12_REFERENCE,21,,0,,,,,,,,0,,,,,,0,"HISTORICAL UK RETAIL, ACCOUNT AND BROKER ELIGIBILITY REMAIN UNRESOLVED",0,,,,,,
POOL_GLOBAL_BROAD_SECTORS,FINE_POOL,MH_LEVEL_3_6_12_REFERENCE,42,,0,,,,,,,,0,,,,,,0,"HISTORICAL UK RETAIL, ACCOUNT AND BROKER ELIGIBILITY REMAIN UNRESOLVED",0,,,,,,
POOL_GLOBAL_BROAD_SECTORS,FINE_POOL,MH_LEVEL_3_6_12_REFERENCE,63,,0,,,,,,,,0,,,,,,0,"HISTORICAL UK RETAIL, ACCOUNT AND BROKER ELIGIBILITY REMAIN UNRESOLVED",0,,,,,,
POOL_GLOBAL_BROAD_SECTORS,FINE_POOL,MH_LEVEL_3_6_12_REFERENCE,126,,0,,,,,,,,0,,,,,,0,"HISTORICAL UK RETAIL, ACCOUNT AND BROKER ELIGIBILITY REMAIN UNRESOLVED",0,,,,,,
POOL_GLOBAL_BROAD_SECTORS,FINE_POOL,MH_LEVEL_60D_CENTERED,5,3.0,0,,,,,,,,3,-0.0006656317517910182,-0.0020932605279591066,0.3333333333333333,-0.6227347941825371,0.5334588139949933,0,"HISTORICAL UK RETAIL, ACCOUNT AND BROKER ELIGIBILITY REMAIN UNRESOLVED",0,,,,,,
POOL_GLOBAL_BROAD_SECTORS,FINE_POOL,MH_LEVEL_60D_CENTERED,10,3.0,0,,,,,,,,2,0.0010974799777168087,0.0010974799777168087,1.0,5.046160738306469,4.5077621669574005e-07,0,"HISTORICAL UK RETAIL, ACCOUNT AND BROKER ELIGIBILITY REMAIN UNRESOLVED",0,,,,,,
POOL_GLOBAL_BROAD_SECTORS,FINE_POOL,MH_LEVEL_60D_CENTERED,21,,0,,,,,,,,0,,,,,,0,"HISTORICAL UK RETAIL, ACCOUNT AND BROKER ELIGIBILITY REMAIN UNRESOLVED",0,,,,,,
POOL_GLOBAL_BROAD_SECTORS,FINE_POOL,MH_LEVEL_60D_CENTERED,42,,0,,,,,,,,0,,,,,,0,"HISTORICAL UK RETAIL, ACCOUNT AND BROKER ELIGIBILITY REMAIN UNRESOLVED",0,,,,,,
POOL_GLOBAL_BROAD_SECTORS,FINE_POOL,MH_LEVEL_60D_CENTERED,63,,0,,,,,,,,0,,,,,,0,"HISTORICAL UK RETAIL, ACCOUNT AND BROKER ELIGIBILITY REMAIN UNRESOLVED",0,,,,,,
POOL_GLOBAL_BROAD_SECTORS,FINE_POOL,MH_LEVEL_60D_CENTERED,126,,0,,,,,,,,0,,,,,,0,"HISTORICAL UK RETAIL, ACCOUNT AND BROKER ELIGIBILITY REMAIN UNRESOLVED",0,,,,,,
POOL_GLOBAL_BROAD_SECTORS,FINE_POOL,MH_LEVEL_EQ,5,3.0,0,,,,,,,,3,-0.0006656317517910182,-0.0020932605279591066,0.3333333333333333,-0.6227347941825371,0.5334588139949933,0,"HISTORICAL UK RETAIL, ACCOUNT AND BROKER ELIGIBILITY REMAIN UNRESOLVED",0,,,,,,
POOL_GLOBAL_BROAD_SECTORS,FINE_POOL,MH_LEVEL_EQ,10,3.0,0,,,,,,,,2,0.0010974799777168087,0.0010974799777168087,1.0,5.046160738306469,4.5077621669574005e-07,0,"HISTORICAL UK RETAIL, ACCOUNT AND BROKER ELIGIBILITY REMAIN UNRESOLVED",0,,,,,,
POOL_GLOBAL_BROAD_SECTORS,FINE_POOL,MH_LEVEL_EQ,21,,0,,,,,,,,0,,,,,,0,"HISTORICAL UK RETAIL, ACCOUNT AND BROKER ELIGIBILITY REMAIN UNRESOLVED",0,,,,,,
POOL_GLOBAL_BROAD_SECTORS,FINE_POOL,MH_LEVEL_EQ,42,,0,,,,,,,,0,,,,,,0,"HISTORICAL UK RETAIL, ACCOUNT AND BROKER ELIGIBILITY REMAIN UNRESOLVED",0,,,,,,
POOL_GLOBAL_BROAD_SECTORS,FINE_POOL,MH_LEVEL_EQ,63,,0,,,,,,,,0,,,,,,0,"HISTORICAL UK RETAIL, ACCOUNT AND BROKER ELIGIBILITY REMAIN UNRESOLVED",0,,,,,,
POOL_GLOBAL_BROAD_SECTORS,FINE_POOL,MH_LEVEL_EQ,126,,0,,,,,,,,0,,,,,,0,"HISTORICAL UK RETAIL, ACCOUNT AND BROKER ELIGIBILITY REMAIN UNRESOLVED",0,,,,,,
POOL_GLOBAL_BROAD_SECTORS,FINE_POOL,MH_LEVEL_RECENCY_TILT,5,3.0,0,,,,,,,,3,-0.0006656317517910182,-0.0020932605279591066,0.3333333333333333,-0.6227347941825371,0.5334588139949933,0,"HISTORICAL UK RETAIL, ACCOUNT AND BROKER ELIGIBILITY REMAIN UNRESOLVED",0,,,,,,
POOL_GLOBAL_BROAD_SECTORS,FINE_POOL,MH_LEVEL_RECENCY_TILT,10,3.0,0,,,,,,,,2,0.0010974799777168087,0.0010974799777168087,1.0,5.046160738306469,4.5077621669574005e-07,0,"HISTORICAL UK RETAIL, ACCOUNT AND BROKER ELIGIBILITY REMAIN UNRESOLVED",0,,,,,,
POOL_GLOBAL_BROAD_SECTORS,FINE_POOL,MH_LEVEL_RECENCY_TILT,21,,0,,,,,,,,0,,,,,,0,"HISTORICAL UK RETAIL, ACCOUNT AND BROKER ELIGIBILITY REMAIN UNRESOLVED",0,,,,,,
POOL_GLOBAL_BROAD_SECTORS,FINE_POOL,MH_LEVEL_RECENCY_TILT,42,,0,,,,,,,,0,,,,,,0,"HISTORICAL UK RETAIL, ACCOUNT AND BROKER ELIGIBILITY REMAIN UNRESOLVED",0,,,,,,
POOL_GLOBAL_BROAD_SECTORS,FINE_POOL,MH_LEVEL_RECENCY_TILT,63,,0,,,,,,,,0,,,,,,0,"HISTORICAL UK RETAIL, ACCOUNT AND BROKER ELIGIBILITY REMAIN UNRESOLVED",0,,,,,,
POOL_GLOBAL_BROAD_SECTORS,FINE_POOL,MH_LEVEL_RECENCY_TILT,126,,0,,,,,,,,0,,,,,,0,"HISTORICAL UK RETAIL, ACCOUNT AND BROKER ELIGIBILITY REMAIN UNRESOLVED",0,,,,,,
POOL_GLOBAL_BROAD_SECTORS,FINE_POOL,PAIRWISE_MAJORITY_5H,5,3.0,0,,,,,,,,3,-0.0006656317517910182,-0.0020932605279591066,0.3333333333333333,-0.6227347941825371,0.5334588139949933,0,"HISTORICAL UK RETAIL, ACCOUNT AND BROKER ELIGIBILITY REMAIN UNRESOLVED",0,,,,,,
POOL_GLOBAL_BROAD_SECTORS,FINE_POOL,PAIRWISE_MAJORITY_5H,10,3.0,0,,,,,,,,2,0.0010974799777168087,0.0010974799777168087,1.0,5.046160738306469,4.5077621669574005e-07,0,"HISTORICAL UK RETAIL, ACCOUNT AND BROKER ELIGIBILITY REMAIN UNRESOLVED",0,,,,,,
POOL_GLOBAL_BROAD_SECTORS,FINE_POOL,PAIRWISE_MAJORITY_5H,21,,0,,,,,,,,0,,,,,,0,"HISTORICAL UK RETAIL, ACCOUNT AND BROKER ELIGIBILITY REMAIN UNRESOLVED",0,,,,,,
POOL_GLOBAL_BROAD_SECTORS,FINE_POOL,PAIRWISE_MAJORITY_5H,42,,0,,,,,,,,0,,,,,,0,"HISTORICAL UK RETAIL, ACCOUNT AND BROKER ELIGIBILITY REMAIN UNRESOLVED",0,,,,,,
POOL_GLOBAL_BROAD_SECTORS,FINE_POOL,PAIRWISE_MAJORITY_5H,63,,0,,,,,,,,0,,,,,,0,"HISTORICAL UK RETAIL, ACCOUNT AND BROKER ELIGIBILITY REMAIN UNRESOLVED",0,,,,,,
POOL_GLOBAL_BROAD_SECTORS,FINE_POOL,PAIRWISE_MAJORITY_5H,126,,0,,,,,,,,0,,,,,,0,"HISTORICAL UK RETAIL, ACCOUNT AND BROKER ELIGIBILITY REMAIN UNRESOLVED",0,,,,,,
POOL_GLOBAL_BROAD_SECTORS,FINE_POOL,RRG_TRANSPARENT_LEVEL,5,5.0246913580246915,60,-0.08421139626564128,-0.14285714285714285,0.4,-1.5494219485896363,0.12128032091451225,-0.19073583521445436,0.022313042683171788,162,0.0019586973287768826,0.0021784139763415533,0.5246913580246914,0.9536233502661654,0.340274331786667,59,"HISTORICAL UK RETAIL, ACCOUNT AND BROKER ELIGIBILITY REMAIN UNRESOLVED",5,0.002494566323141211,0.00112137022345286,-0.004732159479151583,-0.0011483151095534915,-0.004763531929384348,0.25
POOL_GLOBAL_BROAD_SECTORS,FINE_POOL,RRG_TRANSPARENT_LEVEL,10,4.87248322147651,50,-0.11118393822214692,-0.1936749561787105,0.42,-1.7615157536691526,0.0781511490101919,-0.2348935979971587,0.01252572155286484,149,0.004027035159556514,0.0034734858167850824,0.5570469798657718,1.1045635403440814,0.26934875669462144,50,"HISTORICAL UK RETAIL, ACCOUNT AND BROKER ELIGIBILITY REMAIN UNRESOLVED",5,0.006224811764870694,0.0005274084085766191,-0.009035640178571416,-0.0014658948580050645,-0.011609707218900813,0.25
POOL_GLOBAL_BROAD_SECTORS,FINE_POOL,RRG_TRANSPARENT_LEVEL,21,4.430894308943089,31,-0.14286121722409534,-0.14589733048321557,0.2903225806451613,-1.5373652494312582,0.12420389119930918,-0.32499284837054276,0.039270413922352115,123,0.005355526265382144,-0.001425843191844245,0.4959349593495935,0.5895314793463261,0.555504801528204,31,"HISTORICAL UK RETAIL, ACCOUNT AND BROKER ELIGIBILITY REMAIN UNRESOLVED",5,0.01074742569890765,-0.004742182884153452,-0.026220254178593437,-0.005989850927932237,-0.02517351327125717,0.25
POOL_GLOBAL_BROAD_SECTORS,FINE_POOL,RRG_TRANSPARENT_LEVEL,42,3.5,7,-0.1432547345387146,-0.08696565534786728,0.2857142857142857,-3.3110594859272995,0.0009294344859641265,-0.228053609794226,-0.058455859283203196,80,-0.0011568926238581078,-0.02429944163540365,0.45,-0.05345348726723055,0.9573705894147508,7,"HISTORICAL UK RETAIL, ACCOUNT AND BROKER ELIGIBILITY REMAIN UNRESOLVED",5,0.020069389218579804,-0.017870887060697945,-0.0427465596135607,-0.012121683474487638,-0.021913598054917525,0.25
POOL_GLOBAL_BROAD_SECTORS,FINE_POOL,RRG_TRANSPARENT_LEVEL,63,3.0545454545454547,0,,,,,,,,55,-0.004692657326369394,-0.007782402649946452,0.4727272727272727,-0.26473850757772277,0.7912109107829559,0,"HISTORICAL UK RETAIL, ACCOUNT AND BROKER ELIGIBILITY REMAIN UNRESOLVED",0,,,,,,
POOL_GLOBAL_BROAD_SECTORS,FINE_POOL,RRG_TRANSPARENT_LEVEL,126,3.0,0,,,,,,,,3,-0.2309426273290781,-0.22484420750524814,0.0,-60.8962447751837,0.0,0,"HISTORICAL UK RETAIL, ACCOUNT AND BROKER ELIGIBILITY REMAIN UNRESOLVED",0,,,,,,
POOL_GLOBAL_BROAD_SECTORS,FINE_POOL,RRG_TRANSPARENT_MOMENTUM,5,4.478260869565218,30,-0.18526397734153965,-0.1651515151515152,0.26666666666666666,-2.452656501235956,0.014180567918959752,-0.33331190946700506,-0.03721604521607422,115,0.0021309807940168425,0.0013764340761874827,0.5217391304347826,0.7869516162670681,0.43131019008454397,30,"HISTORICAL UK RETAIL, ACCOUNT AND BROKER ELIGIBILITY REMAIN UNRESOLVED",5,0.004378281699935958,0.0012774244430226464,0.001928770050737595,0.0023578434699462166,-0.0002867389941710395,0.5
POOL_GLOBAL_BROAD_SECTORS,FINE_POOL,RRG_TRANSPARENT_MOMENTUM,10,4.235294117647059,22,-0.23497656916634888,-0.2549328914455408,0.22727272727272727,-2.410983547134492,0.015909566120604682,-0.42599637654918965,-0.04395676178350813,102,0.004467428139595164,0.0012540779489287335,0.5098039215686274,0.8979736372883459,0.3691996043359531,22,"HISTORICAL UK RETAIL, ACCOUNT AND BROKER ELIGIBILITY REMAIN UNRESOLVED",5,0.007739322943851537,0.011285312916404194,0.0035970468887061013,-0.004212433556851891,-0.0008598523361049461,0.5
POOL_GLOBAL_BROAD_SECTORS,FINE_POOL,RRG_TRANSPARENT_MOMENTUM,21,3.5128205128205128,7,-0.08560474781279903,-0.3188740696088467,0.2857142857142857,-0.5817999327877083,0.5607014493403439,-0.3739894882763937,0.20277999265079566,78,0.014803842115570886,0.004904474066707354,0.5256410256410257,1.177719198622628,0.23890857047768987,7,"HISTORICAL UK RETAIL, ACCOUNT AND BROKER ELIGIBILITY REMAIN UNRESOLVED",5,-0.002223322602218645,0.0027837243061111607,0.03847254416893775,-0.018780728345145627,-0.020491488762430912,0.5
POOL_GLOBAL_BROAD_SECTORS,FINE_POOL,RRG_TRANSPARENT_MOMENTUM,42,3.0545454545454547,0,,,,,,,,55,0.020054745262986232,-0.0023768928830387726,0.4909090909090909,0.6463093165310353,0.5180790554899659,0,"HISTORICAL UK RETAIL, ACCOUNT AND BROKER ELIGIBILITY REMAIN UNRESOLVED",0,,,,,,
POOL_GLOBAL_BROAD_SECTORS,FINE_POOL,RRG_TRANSPARENT_MOMENTUM,63,3.0,0,,,,,,,,34,0.06428014013226725,0.05658486712957134,0.6470588235294118,1.380427728400177,0.1674549875853968,0,"HISTORICAL UK RETAIL, ACCOUNT AND BROKER ELIGIBILITY REMAIN UNRESOLVED",0,,,,,,
POOL_GLOBAL_BROAD_SECTORS,FINE_POOL,RRG_TRANSPARENT_MOMENTUM,126,,0,,,,,,,,0,,,,,,0,"HISTORICAL UK RETAIL, ACCOUNT AND BROKER ELIGIBILITY REMAIN UNRESOLVED",0,,,,,,
POOL_GLOBAL_BROAD_SECTORS,FINE_POOL,RS_126,5,5.0246913580246915,60,-0.07310606060606063,-0.05714285714285712,0.4666666666666667,-1.322698891471894,0.1859355323399584,-0.1814340003687031,0.03522187915658183,162,0.001845291736104871,0.0014229832362560035,0.5123456790123457,0.878654283594206,0.37958875334402153,59,"HISTORICAL UK RETAIL, ACCOUNT AND BROKER ELIGIBILITY REMAIN UNRESOLVED",5,0.002765185440143324,-0.0014649104927736652,-0.0003263591992586647,-0.004295075262483917,-0.0031346452007581798,0.5
POOL_GLOBAL_BROAD_SECTORS,FINE_POOL,RS_126,10,4.87248322147651,50,-0.051896103896103885,0.026190476190476153,0.52,-0.7689726039717218,0.4419095742508453,-0.1841693397031533,0.08037713191094553,149,0.003803384981220632,0.006645491285096616,0.5771812080536913,0.9880870555975001,0.32311001468560663,50,"HISTORICAL UK RETAIL, ACCOUNT AND BROKER ELIGIBILITY REMAIN UNRESOLVED",5,0.007307336284279571,-0.005707475671165742,-0.0006322374696114079,-0.0071098906151071785,-0.008480876045216326,0.25
POOL_GLOBAL_BROAD_SECTORS,FINE_POOL,RS_126,21,4.430894308943089,31,-0.23703393380812737,-0.20000000000000012,0.22580645161290322,-3.9488243659238087,7.853594535755079e-05,-0.3546836265589203,-0.11938424105733446,123,0.000633255752882045,-0.010464684983301109,0.43902439024390244,0.06686520898992251,0.9466890102319117,31,"HISTORICAL UK RETAIL, ACCOUNT AND BROKER ELIGIBILITY REMAIN UNRESOLVED",5,0.01260459077156107,-0.007944487370826729,-0.013646357207633039,-0.018766498010884702,-0.02314248987294977,0.0
POOL_GLOBAL_BROAD_SECTORS,FINE_POOL,RS_126,42,3.5,7,-0.22906617192331483,-0.37142857142857144,0.2857142857142857,-6.8664464451315,6.5820869522010066e-12,-0.29445100389334833,-0.1636813399532813,80,-0.0050731677622018675,-0.022705173814794144,0.4375,-0.26293431374979825,0.7926012080071737,7,"HISTORICAL UK RETAIL, ACCOUNT AND BROKER ELIGIBILITY REMAIN UNRESOLVED",5,0.016331827042097173,-0.016068514129693557,-0.030761163524443816,-0.019890924935382765,-0.021913598054917525,0.25
POOL_GLOBAL_BROAD_SECTORS,FINE_POOL,RS_126,63,3.0545454545454547,0,,,,,,,,55,-0.02042829299199857,-0.022051317014499805,0.43636363636363634,-0.8853860711373173,0.37594844223308577,0,"HISTORICAL UK RETAIL, ACCOUNT AND BROKER ELIGIBILITY REMAIN UNRESOLVED",0,,,,,,
POOL_GLOBAL_BROAD_SECTORS,FINE_POOL,RS_126,126,3.0,0,,,,,,,,3,-0.17340020045167392,-0.16370247494975843,0.0,-31.075469888240786,5.167465565673233e-212,0,"HISTORICAL UK RETAIL, ACCOUNT AND BROKER ELIGIBILITY REMAIN UNRESOLVED",0,,,,,,
POOL_GLOBAL_BROAD_SECTORS,FINE_POOL,RS_21,5,7.130841121495327,384,-0.030779333513708516,-0.07142857142857142,0.46875,-1.3543184585889927,0.17563479966419338,-0.07532305568808313,0.013764388660666104,535,-0.00018275168545730099,-0.0008757202265630148,0.4803738317757009,-0.19166984021896116,0.8480008319537267,377,"HISTORICAL UK RETAIL, ACCOUNT AND BROKER ELIGIBILITY REMAIN UNRESOLVED",5,0.0032037288830324214,0.0026160485758729424,0.001174827241209796,0.0012165549011827963,0.0008289427699993006,0.25
POOL_GLOBAL_BROAD_SECTORS,FINE_POOL,RS_21,10,7.029469548133595,359,-0.015785792666015503,1.3357370765021412e-16,0.5041782729805014,-0.5977006271980134,0.5500397068905174,-0.06755014372224565,0.035978558390214646,509,0.0007665706433783542,0.00026180935215935897,0.5068762278978389,0.47842559633393833,0.6323473191209097,352,"HISTORICAL UK RETAIL, ACCOUNT AND BROKER ELIGIBILITY REMAIN UNRESOLVED",5,0.00522218696533887,0.003905031380329815,0.0030025119071983033,0.0026763846219415937,0.001509981167435525,0.0
POOL_GLOBAL_BROAD_SECTORS,FINE_POOL,RS_21,21,6.746067415730337,298,0.014507975246230272,0.06060606060606062,0.5234899328859061,0.43061858269324804,0.6667457271817216,-0.05152519218785085,0.0805411426803114,445,0.0035026409191145236,0.0026821683095685778,0.5303370786516854,1.0140746775922365,0.3105471199816525,290,"HISTORICAL UK RETAIL, ACCOUNT AND BROKER ELIGIBILITY REMAIN UNRESOLVED",5,0.006123655731395248,0.007962237537240143,0.012136766674079839,0.007718285903603753,0.004125853884534456,0.5
POOL_GLOBAL_BROAD_SECTORS,FINE_POOL,RS_21,42,6.241379310344827,208,-0.004167707292707302,2.6194324487249783e-17,0.5048076923076923,-0.09454008096765379,0.924680144997847,-0.0905708085826888,0.08223539399727421,348,0.0065357329172617325,-0.0014700666648205796,0.4885057471264368,0.9513851987786981,0.34140887115749396,203,"HISTORICAL UK RETAIL, ACCOUNT AND BROKER ELIGIBILITY REMAIN UNRESOLVED",5,0.01788550435158918,0.017212819520408876,0.01942499601208634,0.016832416132570034,0.014392382667900081,0.25
POOL_GLOBAL_BROAD_SECTORS,FINE_POOL,RS_21,63,5.871886120996441,149,0.06398355559429383,0.042424242424242496,0.5302013422818792,0.9916471188930032,0.3213696955009817,-0.062478229226525295,0.19044534041511296,281,0.010075156996210493,-0.0007294721428191542,0.49466192170818507,1.097271812110554,0.2725225891659053,148,"HISTORICAL UK RETAIL, ACCOUNT AND BROKER ELIGIBILITY REMAIN UNRESOLVED",5,0.032518751201333476,0.02768219294711718,0.032602521751801554,0.026148484211278678,0.01836289545564504,0.25
POOL_GLOBAL_BROAD_SECTORS,FINE_POOL,RS_21,126,4.395348837209302,32,-0.061512445887445893,-0.11233766233766229,0.46875,-1.0343958478168704,0.30095114473500284,-0.1780656772203188,0.05504078544542702,129,-0.024184948337616127,-0.019085426839654973,0.3953488372093023,-1.4703295186260628,0.1414725300492395,32,"HISTORICAL UK RETAIL, ACCOUNT AND BROKER ELIGIBILITY REMAIN UNRESOLVED",5,0.06258822534615004,0.06102499825359638,0.08585087933502021,0.06257450712263223,0.03617978424099022,0.25
POOL_GLOBAL_BROAD_SECTORS,FINE_POOL,RS_252,5,3.0,0,,,,,,,,3,-0.0006656317517910182,-0.0020932605279591066,0.3333333333333333,-0.6227347941825371,0.5334588139949933,0,"HISTORICAL UK RETAIL, ACCOUNT AND BROKER ELIGIBILITY REMAIN UNRESOLVED",0,,,,,,
POOL_GLOBAL_BROAD_SECTORS,FINE_POOL,RS_252,10,3.0,0,,,,,,,,2,0.0010974799777168087,0.0010974799777168087,1.0,5.046160738306469,4.5077621669574005e-07,0,"HISTORICAL UK RETAIL, ACCOUNT AND BROKER ELIGIBILITY REMAIN UNRESOLVED",0,,,,,,
POOL_GLOBAL_BROAD_SECTORS,FINE_POOL,RS_252,21,,0,,,,,,,,0,,,,,,0,"HISTORICAL UK RETAIL, ACCOUNT AND BROKER ELIGIBILITY REMAIN UNRESOLVED",0,,,,,,
POOL_GLOBAL_BROAD_SECTORS,FINE_POOL,RS_252,42,,0,,,,,,,,0,,,,,,0,"HISTORICAL UK RETAIL, ACCOUNT AND BROKER ELIGIBILITY REMAIN UNRESOLVED",0,,,,,,
POOL_GLOBAL_BROAD_SECTORS,FINE_POOL,RS_252,63,,0,,,,,,,,0,,,,,,0,"HISTORICAL UK RETAIL, ACCOUNT AND BROKER ELIGIBILITY REMAIN UNRESOLVED",0,,,,,,
POOL_GLOBAL_BROAD_SECTORS,FINE_POOL,RS_252,126,,0,,,,,,,,0,,,,,,0,"HISTORICAL UK RETAIL, ACCOUNT AND BROKER ELIGIBILITY REMAIN UNRESOLVED",0,,,,,,
POOL_GLOBAL_BROAD_SECTORS,FINE_POOL,RS_42,5,6.763888888888889,291,-0.00987563410243823,9.367506770274758e-17,0.5051546391752577,-0.37338638545668607,0.7088608908636336,-0.061714393947954374,0.04196312574307792,432,0.00135408899733252,0.0003419104103338233,0.5115740740740741,1.2167640917526092,0.2236939858404947,283,"HISTORICAL UK RETAIL, ACCOUNT AND BROKER ELIGIBILITY REMAIN UNRESOLVED",5,0.0029990175455780273,0.0025761586194260598,0.0014960221585537184,0.001815764796855639,0.0007312866588892946,0.25
POOL_GLOBAL_BROAD_SECTORS,FINE_POOL,RS_42,10,6.637931034482759,266,-0.022662174917814016,-0.030303030303030255,0.4849624060150376,-0.7093003695513742,0.4781380991508759,-0.08528310190020906,0.039958752064581035,406,0.0016294067816412297,0.0002563636054055962,0.5073891625615764,0.845710666896671,0.397714171050051,259,"HISTORICAL UK RETAIL, ACCOUNT AND BROKER ELIGIBILITY REMAIN UNRESOLVED",5,0.004582780369810932,0.0055424162914338515,0.005656313676129116,0.0017313535935236568,-0.00015549454558423268,0.5
POOL_GLOBAL_BROAD_SECTORS,FINE_POOL,RS_42,21,6.260233918128655,206,-0.010473668726095904,-0.006060606060606056,0.5,-0.20997151199898484,0.8336899075236297,-0.10823937652959417,0.08729203907740235,342,0.002554848638143049,0.0018951869766828944,0.5292397660818714,0.6188664218115009,0.5360043606161267,201,"HISTORICAL UK RETAIL, ACCOUNT AND BROKER ELIGIBILITY REMAIN UNRESOLVED",5,0.007683254029645103,0.011413959606183206,0.013299349768777509,0.010211742634781184,0.0051066223035568644,0.5
POOL_GLOBAL_BROAD_SECTORS,FINE_POOL,RS_42,42,5.898916967509026,148,0.00712238212238211,-0.00909090909090908,0.49324324324324326,0.09816932494751084,0.9217978399270533,-0.13507695001588826,0.1493217142606525,277,0.0047345515795129325,-0.0020752304797264642,0.48736462093862815,0.5411797394031062,0.588383700951383,148,"HISTORICAL UK RETAIL, ACCOUNT AND BROKER ELIGIBILITY REMAIN UNRESOLVED",5,0.021800263650940076,0.020355276347792273,0.0189347481479684,0.01691860521275394,0.010632803603239007,0.0
POOL_GLOBAL_BROAD_SECTORS,FINE_POOL,RS_42,63,5.580786026200873,109,0.023541443266213904,0.02857142857142858,0.5137614678899083,0.2805584570041507,0.7790490831658852,-0.14091761969901193,0.18800050623143974,229,0.003022459376229229,-0.002439723246201897,0.48034934497816595,0.2528046084503786,0.8004192063288722,109,"HISTORICAL UK RETAIL, ACCOUNT AND BROKER ELIGIBILITY REMAIN UNRESOLVED",5,0.036978659232221406,0.032651890736624195,0.03764830525163086,0.03662482045706742,0.01734956479354115,0.25
POOL_GLOBAL_BROAD_SECTORS,FINE_POOL,RS_42,126,3.493827160493827,7,-0.18893011750154606,-0.1428571428571428,0.2857142857142857,-1.9281044390727446,0.0538421369549683,-0.38098207194652,0.003121836943427908,81,-0.06452245381782214,-0.0793188229249342,0.2839506172839506,-3.2570315015459976,0.001125839378061925,7,"HISTORICAL UK RETAIL, ACCOUNT AND BROKER ELIGIBILITY REMAIN UNRESOLVED",5,0.08556097231644744,0.028915025270975298,0.08225956327127272,0.05177015176666028,0.05326163720061882,0.5
POOL_GLOBAL_BROAD_SECTORS,FINE_POOL,RS_63,5,6.259036144578313,200,-0.023836580086580083,-0.12499999999999997,0.455,-0.7471026203778924,0.4550016185944439,-0.08636994191667342,0.03869678174351325,332,0.0014098296874050448,-0.00011772713500285414,0.4939759036144578,1.1557034193522608,0.24780248906561897,195,"HISTORICAL UK RETAIL, ACCOUNT AND BROKER ELIGIBILITY REMAIN UNRESOLVED",5,0.003958981923453861,0.0025270866501501833,0.001352997462704576,0.002149372822547783,0.001628460944933843,0.25
POOL_GLOBAL_BROAD_SECTORS,FINE_POOL,RS_63,10,6.156549520766773,183,-0.040163934426229515,-0.03571428571428575,0.47540983606557374,-1.0054715139725674,0.31466985941662484,-0.11845542638687195,0.03812755753441293,313,0.00255092938871857,-2.7944061659290753e-05,0.4984025559105431,1.2262989855827828,0.22008618296299587,179,"HISTORICAL UK RETAIL, ACCOUNT AND BROKER ELIGIBILITY REMAIN UNRESOLVED",5,0.006131158373911112,0.004923929007953319,0.0022840303089565524,0.0029004465220668304,0.00014309344623453327,0.25
POOL_GLOBAL_BROAD_SECTORS,FINE_POOL,RS_63,21,5.890510948905109,147,-0.0009556203433754481,-0.01818181818181815,0.48299319727891155,-0.014527137359895106,0.9884094290639214,-0.12988545762022227,0.12797421693347136,274,0.0025641278867405753,0.001352932828437181,0.5145985401459854,0.5288062395956963,0.5969398688792056,145,"HISTORICAL UK RETAIL, ACCOUNT AND BROKER ELIGIBILITY REMAIN UNRESOLVED",5,0.013065788987902017,0.011225471887421028,0.00609016313411247,0.00680816144396041,0.004103285125843236,0.25
POOL_GLOBAL_BROAD_SECTORS,FINE_POOL,RS_63,42,5.592105263157895,109,-0.019363358354184058,0.02857142857142858,0.5045871559633027,-0.20685560524202884,0.8361226284611203,-0.2028318457057299,0.16410512899736177,228,0.004262105095612299,-0.0016973105152648937,0.4868421052631579,0.3784795946468096,0.7050743494986449,108,"HISTORICAL UK RETAIL, ACCOUNT AND BROKER ELIGIBILITY REMAIN UNRESOLVED",5,0.029523333195005916,0.021816137111577486,0.015061872225306082,0.01248106041897202,0.015700944031404873,0.25
POOL_GLOBAL_BROAD_SECTORS,FINE_POOL,RS_63,63,5.217877094972067,72,-0.08568121693121696,-0.09047619047619052,0.4166666666666667,-1.0586412192212626,0.2897632072521066,-0.24431106837444694,0.07294863451201301,179,-0.0004722372423360204,-0.010539885641902447,0.41899441340782123,-0.03150187856766634,0.9748692940095207,71,"HISTORICAL UK RETAIL, ACCOUNT AND BROKER ELIGIBILITY REMAIN UNRESOLVED",5,0.039829272798338346,0.029376126492188487,0.03353448411981974,0.020705620235029323,0.00441110978802736,0.25
POOL_GLOBAL_BROAD_SECTORS,FINE_POOL,RS_63,126,3.0535714285714284,0,,,,,,,,56,-0.08079766350993237,-0.08244688559586028,0.32142857142857145,-3.3737771416501054,0.0007414436823910053,0,"HISTORICAL UK RETAIL, ACCOUNT AND BROKER ELIGIBILITY REMAIN UNRESOLVED",0,,,,,,
POOL_GLOBAL_BROAD_SECTORS,FINE_POOL,SHORT_MINUS_LONG_RS,5,3.0,0,,,,,,,,3,-0.014013680237793147,-0.00362016898159645,0.3333333333333333,-1.355399993859532,0.1752901516029195,0,"HISTORICAL UK RETAIL, ACCOUNT AND BROKER ELIGIBILITY REMAIN UNRESOLVED",0,,,,,,
POOL_GLOBAL_BROAD_SECTORS,FINE_POOL,SHORT_MINUS_LONG_RS,10,3.0,0,,,,,,,,2,-0.023998501465428868,-0.023998501465428868,0.0,-2.13620124710765,0.03266301385300395,0,"HISTORICAL UK RETAIL, ACCOUNT AND BROKER ELIGIBILITY REMAIN UNRESOLVED",0,,,,,,
POOL_GLOBAL_BROAD_SECTORS,FINE_POOL,SHORT_MINUS_LONG_RS,21,,0,,,,,,,,0,,,,,,0,"HISTORICAL UK RETAIL, ACCOUNT AND BROKER ELIGIBILITY REMAIN UNRESOLVED",0,,,,,,
POOL_GLOBAL_BROAD_SECTORS,FINE_POOL,SHORT_MINUS_LONG_RS,42,,0,,,,,,,,0,,,,,,0,"HISTORICAL UK RETAIL, ACCOUNT AND BROKER ELIGIBILITY REMAIN UNRESOLVED",0,,,,,,
POOL_GLOBAL_BROAD_SECTORS,FINE_POOL,SHORT_MINUS_LONG_RS,63,,0,,,,,,,,0,,,,,,0,"HISTORICAL UK RETAIL, ACCOUNT AND BROKER ELIGIBILITY REMAIN UNRESOLVED",0,,,,,,
POOL_GLOBAL_BROAD_SECTORS,FINE_POOL,SHORT_MINUS_LONG_RS,126,,0,,,,,,,,0,,,,,,0,"HISTORICAL UK RETAIL, ACCOUNT AND BROKER ELIGIBILITY REMAIN UNRESOLVED",0,,,,,,
POOL_GLOBAL_INDUSTRIES,FINE_POOL,ACCEL_FAST_COMPOSITE,5,4.372262773722627,59,0.021509801997745354,-0.09999999999999995,0.4915254237288136,0.28379129847601364,0.7765703233052523,-0.12704456685205176,0.17006417084754247,137,0.00806916360790329,0.0025577448719593665,0.5182481751824818,1.4183063954306288,0.15610133032398696,42,"HISTORICAL UK RETAIL, ACCOUNT AND BROKER ELIGIBILITY REMAIN UNRESOLVED",3,-0.004662037455264078,0.0012119212934210417,0.0034077516277612133,,,1.0
POOL_GLOBAL_INDUSTRIES,FINE_POOL,ACCEL_FAST_COMPOSITE,10,4.341269841269841,53,0.14487548976649245,0.23190841426097933,0.6226415094339622,1.5855549125955868,0.11284031094758723,-0.034210544989688285,0.3239615245226732,126,0.015515163599359831,0.009643601238369381,0.5476190476190477,1.4583623408844721,0.1447406951258213,38,"HISTORICAL UK RETAIL, ACCOUNT AND BROKER ELIGIBILITY REMAIN UNRESOLVED",3,-0.013688633159245867,0.006825976620393539,0.012911048407661283,,,1.0
POOL_GLOBAL_INDUSTRIES,FINE_POOL,ACCEL_FAST_COMPOSITE,21,4.25,40,0.25925935907941605,0.32392395339160485,0.725,2.4112510275850503,0.01589790206600097,0.048522691417106606,0.46999602674172547,104,0.04238885293444173,0.020627153551026733,0.5480769230769231,1.563115350987275,0.11802546554363572,30,"HISTORICAL UK RETAIL, ACCOUNT AND BROKER ELIGIBILITY REMAIN UNRESOLVED",3,-0.03498223132173838,0.015538929675043726,0.03410457888869324,,,1.0
POOL_GLOBAL_INDUSTRIES,FINE_POOL,ACCEL_FAST_COMPOSITE,42,4.027777777777778,22,0.24748448711215365,0.3674450829439593,0.6818181818181818,2.0396133087493653,0.04138885544268202,0.009664563408275567,0.4853044108160317,72,0.07777298975733775,0.0500746333543417,0.5555555555555556,1.8999122388113512,0.05744463763605172,18,"HISTORICAL UK RETAIL, ACCOUNT AND BROKER ELIGIBILITY REMAIN UNRESOLVED",3,-0.014799065835472327,0.001028945252492393,0.05374513403972906,,,1.0
POOL_GLOBAL_INDUSTRIES,FINE_POOL,ACCEL_FAST_COMPOSITE,63,3.511627906976744,6,-0.12817163488674263,-0.29515154654567105,0.3333333333333333,-0.7478985260877619,0.4545213666712987,-0.46406183851064275,0.20771856873715747,43,-0.06085160545902919,-0.08633687752122998,0.32558139534883723,-1.5880338624755113,0.11227868214624921,6,"HISTORICAL UK RETAIL, ACCOUNT AND BROKER ELIGIBILITY REMAIN UNRESOLVED",3,0.02431984678022812,0.0005249197294197143,0.018828332832400232,,,0.5
POOL_GLOBAL_INDUSTRIES,FINE_POOL,ACCEL_FAST_COMPOSITE,126,3.0,0,,,,,,,,20,0.08822693815011813,-0.011555779678292577,0.5,1.136894572281403,0.25558236140938595,0,"HISTORICAL UK RETAIL, ACCOUNT AND BROKER ELIGIBILITY REMAIN UNRESOLVED",0,,,,,,
POOL_GLOBAL_INDUSTRIES,FINE_POOL,DISCRETE_RECENT_CONSISTENCY,5,4.493670886075949,112,0.07053571428571428,0.07857142857142851,0.5535714285714286,1.4875723194690216,0.13686371788500287,-0.022399236045409013,0.16347066461683757,237,0.00044316055260127686,-0.0011356380188939363,0.459915611814346,0.12605150437014864,0.8996911550831881,76,"HISTORICAL UK RETAIL, ACCOUNT AND BROKER ELIGIBILITY REMAIN UNRESOLVED",3,0.0013051134278457687,0.003833469511771026,0.002576827607220523,,,0.5
POOL_GLOBAL_INDUSTRIES,FINE_POOL,DISCRETE_RECENT_CONSISTENCY,10,4.463636363636364,102,0.08172268907563025,0.07857142857142854,0.5588235294117647,1.449378605976384,0.14723187993866452,-0.028789172109251943,0.19223455026051245,220,0.004385576839986353,0.004037250240228052,0.5272727272727272,0.726605108985415,0.46746789761343166,69,"HISTORICAL UK RETAIL, ACCOUNT AND BROKER ELIGIBILITY REMAIN UNRESOLVED",3,0.004905504016383579,0.00422476652269666,0.005341888827886718,,,0.5
POOL_GLOBAL_INDUSTRIES,FINE_POOL,DISCRETE_RECENT_CONSISTENCY,21,4.437837837837838,85,-0.00957983193277312,-0.07142857142857144,0.47058823529411764,-0.11529119579189963,0.9082143165696921,-0.17243810950734975,0.1532784456418035,185,0.006161710743163838,-0.013972405745782956,0.44324324324324327,0.45791562643703854,0.6470130597652893,58,"HISTORICAL UK RETAIL, ACCOUNT AND BROKER ELIGIBILITY REMAIN UNRESOLVED",3,0.013836007723731702,0.010889044603558492,0.011762908059404964,,,0.5
POOL_GLOBAL_INDUSTRIES,FINE_POOL,DISCRETE_RECENT_CONSISTENCY,42,4.380952380952381,64,-0.06897321428571426,-0.06428571428571424,0.4375,-0.5960791463525477,0.551122354619976,-0.29576359392769735,0.15781716535626886,147,0.02538193998381884,-0.018712877795463267,0.4421768707482993,0.8355051465308122,0.40343335045250117,45,"HISTORICAL UK RETAIL, ACCOUNT AND BROKER ELIGIBILITY REMAIN UNRESOLVED",3,0.03163347430272849,0.03517766469914918,0.006318258981619242,,,0.5
POOL_GLOBAL_INDUSTRIES,FINE_POOL,DISCRETE_RECENT_CONSISTENCY,63,4.281818181818182,43,-0.12458471760797342,-0.24999999999999994,0.4186046511627907,-1.0436172369097103,0.29666251480345807,-0.3585608832937522,0.10939144807780536,110,0.03874757660989835,0.0033384232542948977,0.509090909090909,0.9528524253816805,0.34066484755660553,33,"HISTORICAL UK RETAIL, ACCOUNT AND BROKER ELIGIBILITY REMAIN UNRESOLVED",3,0.04629396451644129,0.06100983348322749,-0.003072159142355614,,,0.5
POOL_GLOBAL_INDUSTRIES,FINE_POOL,DISCRETE_RECENT_CONSISTENCY,126,3.0,0,,,,,,,,29,0.1220360702219361,0.19810505901423037,0.6551724137931034,1.5057268596270235,0.13213730587706488,0,"HISTORICAL UK RETAIL, ACCOUNT AND BROKER ELIGIBILITY REMAIN UNRESOLVED",0,,,,,,
POOL_GLOBAL_INDUSTRIES,FINE_POOL,MH_LEVEL_3_6_12_REFERENCE,5,3.0,0,,,,,,,,15,0.012053468403525665,-6.297440675817612e-06,0.4666666666666667,0.4934839744016842,0.6216706604902109,0,"HISTORICAL UK RETAIL, ACCOUNT AND BROKER ELIGIBILITY REMAIN UNRESOLVED",0,,,,,,
POOL_GLOBAL_INDUSTRIES,FINE_POOL,MH_LEVEL_3_6_12_REFERENCE,10,3.0,0,,,,,,,,14,0.009731003825997444,0.0008649724728097552,0.5,0.2251856860507411,0.8218348243819353,0,"HISTORICAL UK RETAIL, ACCOUNT AND BROKER ELIGIBILITY REMAIN UNRESOLVED",0,,,,,,
POOL_GLOBAL_INDUSTRIES,FINE_POOL,MH_LEVEL_3_6_12_REFERENCE,21,3.0,0,,,,,,,,12,-0.008120294474546144,-0.03446054704647533,0.3333333333333333,-0.20157370609274108,0.8402500027567291,0,"HISTORICAL UK RETAIL, ACCOUNT AND BROKER ELIGIBILITY REMAIN UNRESOLVED",0,,,,,,
POOL_GLOBAL_INDUSTRIES,FINE_POOL,MH_LEVEL_3_6_12_REFERENCE,42,3.0,0,,,,,,,,7,-0.06130399493328563,-0.0996378744822074,0.14285714285714285,-1.9736050266068748,0.048426671739155595,0,"HISTORICAL UK RETAIL, ACCOUNT AND BROKER ELIGIBILITY REMAIN UNRESOLVED",0,,,,,,
POOL_GLOBAL_INDUSTRIES,FINE_POOL,MH_LEVEL_3_6_12_REFERENCE,63,3.0,0,,,,,,,,3,-0.4603993688022994,-0.4499884032791104,0.0,-39.80086733935804,0.0,0,"HISTORICAL UK RETAIL, ACCOUNT AND BROKER ELIGIBILITY REMAIN UNRESOLVED",0,,,,,,
POOL_GLOBAL_INDUSTRIES,FINE_POOL,MH_LEVEL_3_6_12_REFERENCE,126,,0,,,,,,,,0,,,,,,0,"HISTORICAL UK RETAIL, ACCOUNT AND BROKER ELIGIBILITY REMAIN UNRESOLVED",0,,,,,,
POOL_GLOBAL_INDUSTRIES,FINE_POOL,MH_LEVEL_60D_CENTERED,5,3.0,0,,,,,,,,15,0.012247020782922013,-6.297440675817612e-06,0.4666666666666667,0.5254808463233741,0.5992489648693806,0,"HISTORICAL UK RETAIL, ACCOUNT AND BROKER ELIGIBILITY REMAIN UNRESOLVED",0,,,,,,
POOL_GLOBAL_INDUSTRIES,FINE_POOL,MH_LEVEL_60D_CENTERED,10,3.0,0,,,,,,,,14,0.02779493577741569,0.0008649724728097552,0.5,0.6006724561128692,0.5480581680893529,0,"HISTORICAL UK RETAIL, ACCOUNT AND BROKER ELIGIBILITY REMAIN UNRESOLVED",0,,,,,,
POOL_GLOBAL_INDUSTRIES,FINE_POOL,MH_LEVEL_60D_CENTERED,21,3.0,0,,,,,,,,12,0.0898053485702373,0.0612343053065344,0.5833333333333334,1.095699649642036,0.2732102360857509,0,"HISTORICAL UK RETAIL, ACCOUNT AND BROKER ELIGIBILITY REMAIN UNRESOLVED",0,,,,,,
POOL_GLOBAL_INDUSTRIES,FINE_POOL,MH_LEVEL_60D_CENTERED,42,3.0,0,,,,,,,,7,-0.003731557767978098,-0.09912277709421469,0.2857142857142857,-0.04404120178741755,0.9648715614355179,0,"HISTORICAL UK RETAIL, ACCOUNT AND BROKER ELIGIBILITY REMAIN UNRESOLVED",0,,,,,,
POOL_GLOBAL_INDUSTRIES,FINE_POOL,MH_LEVEL_60D_CENTERED,63,3.0,0,,,,,,,,3,-0.46902346087497526,-0.4686955950308378,0.0,-46.83673272383566,0.0,0,"HISTORICAL UK RETAIL, ACCOUNT AND BROKER ELIGIBILITY REMAIN UNRESOLVED",0,,,,,,
POOL_GLOBAL_INDUSTRIES,FINE_POOL,MH_LEVEL_60D_CENTERED,126,,0,,,,,,,,0,,,,,,0,"HISTORICAL UK RETAIL, ACCOUNT AND BROKER ELIGIBILITY REMAIN UNRESOLVED",0,,,,,,
POOL_GLOBAL_INDUSTRIES,FINE_POOL,MH_LEVEL_EQ,5,3.0,0,,,,,,,,15,0.018923767637213366,0.011840549833480818,0.5333333333333333,0.8031204760839795,0.42190510376180534,0,"HISTORICAL UK RETAIL, ACCOUNT AND BROKER ELIGIBILITY REMAIN UNRESOLVED",0,,,,,,
POOL_GLOBAL_INDUSTRIES,FINE_POOL,MH_LEVEL_EQ,10,3.0,0,,,,,,,,14,0.036002760278690406,0.009933994961751624,0.5714285714285714,0.7883353933239904,0.43050055024284484,0,"HISTORICAL UK RETAIL, ACCOUNT AND BROKER ELIGIBILITY REMAIN UNRESOLVED",0,,,,,,
POOL_GLOBAL_INDUSTRIES,FINE_POOL,MH_LEVEL_EQ,21,3.0,0,,,,,,,,12,0.0859443641505185,0.03806839878822166,0.5833333333333334,1.03121735778936,0.30243890258200457,0,"HISTORICAL UK RETAIL, ACCOUNT AND BROKER ELIGIBILITY REMAIN UNRESOLVED",0,,,,,,
POOL_GLOBAL_INDUSTRIES,FINE_POOL,MH_LEVEL_EQ,42,3.0,0,,,,,,,,7,-0.10175360528495493,-0.0996378744822074,0.14285714285714285,-2.065413337707178,0.038883907649787317,0,"HISTORICAL UK RETAIL, ACCOUNT AND BROKER ELIGIBILITY REMAIN UNRESOLVED",0,,,,,,
POOL_GLOBAL_INDUSTRIES,FINE_POOL,MH_LEVEL_EQ,63,3.0,0,,,,,,,,3,-0.46902346087497526,-0.4686955950308378,0.0,-46.83673272383566,0.0,0,"HISTORICAL UK RETAIL, ACCOUNT AND BROKER ELIGIBILITY REMAIN UNRESOLVED",0,,,,,,
POOL_GLOBAL_INDUSTRIES,FINE_POOL,MH_LEVEL_EQ,126,,0,,,,,,,,0,,,,,,0,"HISTORICAL UK RETAIL, ACCOUNT AND BROKER ELIGIBILITY REMAIN UNRESOLVED",0,,,,,,
POOL_GLOBAL_INDUSTRIES,FINE_POOL,MH_LEVEL_RECENCY_TILT,5,3.0,0,,,,,,,,15,0.012247020782922013,-6.297440675817612e-06,0.4666666666666667,0.5254808463233741,0.5992489648693806,0,"HISTORICAL UK RETAIL, ACCOUNT AND BROKER ELIGIBILITY REMAIN UNRESOLVED",0,,,,,,
POOL_GLOBAL_INDUSTRIES,FINE_POOL,MH_LEVEL_RECENCY_TILT,10,3.0,0,,,,,,,,14,0.02779493577741569,0.0008649724728097552,0.5,0.6006724561128692,0.5480581680893529,0,"HISTORICAL UK RETAIL, ACCOUNT AND BROKER ELIGIBILITY REMAIN UNRESOLVED",0,,,,,,
POOL_GLOBAL_INDUSTRIES,FINE_POOL,MH_LEVEL_RECENCY_TILT,21,3.0,0,,,,,,,,12,0.0898053485702373,0.0612343053065344,0.5833333333333334,1.095699649642036,0.2732102360857509,0,"HISTORICAL UK RETAIL, ACCOUNT AND BROKER ELIGIBILITY REMAIN UNRESOLVED",0,,,,,,
POOL_GLOBAL_INDUSTRIES,FINE_POOL,MH_LEVEL_RECENCY_TILT,42,3.0,0,,,,,,,,7,-0.003731557767978098,-0.09912277709421469,0.2857142857142857,-0.04404120178741755,0.9648715614355179,0,"HISTORICAL UK RETAIL, ACCOUNT AND BROKER ELIGIBILITY REMAIN UNRESOLVED",0,,,,,,
POOL_GLOBAL_INDUSTRIES,FINE_POOL,MH_LEVEL_RECENCY_TILT,63,3.0,0,,,,,,,,3,-0.46902346087497526,-0.4686955950308378,0.0,-46.83673272383566,0.0,0,"HISTORICAL UK RETAIL, ACCOUNT AND BROKER ELIGIBILITY REMAIN UNRESOLVED",0,,,,,,
POOL_GLOBAL_INDUSTRIES,FINE_POOL,MH_LEVEL_RECENCY_TILT,126,,0,,,,,,,,0,,,,,,0,"HISTORICAL UK RETAIL, ACCOUNT AND BROKER ELIGIBILITY REMAIN UNRESOLVED",0,,,,,,
POOL_GLOBAL_INDUSTRIES,FINE_POOL,PAIRWISE_MAJORITY_5H,5,3.0,0,,,,,,,,15,0.023011171868097445,0.023130341668302412,0.5333333333333333,0.9964653490425575,0.3190240950863318,0,"HISTORICAL UK RETAIL, ACCOUNT AND BROKER ELIGIBILITY REMAIN UNRESOLVED",0,,,,,,
POOL_GLOBAL_INDUSTRIES,FINE_POOL,PAIRWISE_MAJORITY_5H,10,3.0,0,,,,,,,,14,0.04961645687986409,0.02699227916270719,0.5714285714285714,1.1224914060240323,0.26165355954051506,0,"HISTORICAL UK RETAIL, ACCOUNT AND BROKER ELIGIBILITY REMAIN UNRESOLVED",0,,,,,,
POOL_GLOBAL_INDUSTRIES,FINE_POOL,PAIRWISE_MAJORITY_5H,21,3.0,0,,,,,,,,12,0.10819720554679413,0.03806839878822166,0.5833333333333334,1.4864029359849018,0.13717257370501976,0,"HISTORICAL UK RETAIL, ACCOUNT AND BROKER ELIGIBILITY REMAIN UNRESOLVED",0,,,,,,
POOL_GLOBAL_INDUSTRIES,FINE_POOL,PAIRWISE_MAJORITY_5H,42,3.0,0,,,,,,,,7,-0.1232905349767334,-0.0996378744822074,0.0,-7.362873352677156,1.7999312474313355e-13,0,"HISTORICAL UK RETAIL, ACCOUNT AND BROKER ELIGIBILITY REMAIN UNRESOLVED",0,,,,,,
POOL_GLOBAL_INDUSTRIES,FINE_POOL,PAIRWISE_MAJORITY_5H,63,3.0,0,,,,,,,,3,-0.4603993688022994,-0.4499884032791104,0.0,-39.80086733935804,0.0,0,"HISTORICAL UK RETAIL, ACCOUNT AND BROKER ELIGIBILITY REMAIN UNRESOLVED",0,,,,,,
POOL_GLOBAL_INDUSTRIES,FINE_POOL,PAIRWISE_MAJORITY_5H,126,,0,,,,,,,,0,,,,,,0,"HISTORICAL UK RETAIL, ACCOUNT AND BROKER ELIGIBILITY REMAIN UNRESOLVED",0,,,,,,
POOL_GLOBAL_INDUSTRIES,FINE_POOL,RRG_TRANSPARENT_LEVEL,5,4.185567010309279,35,-0.06937534597404323,-0.10259783520851547,0.42857142857142855,-0.8658557284754057,0.386569283729883,-0.22641441732551587,0.08766372537742943,97,0.006930579257481733,0.0011475498887367763,0.5051546391752577,0.7939738795256317,0.4272106378109636,27,"HISTORICAL UK RETAIL, ACCOUNT AND BROKER ELIGIBILITY REMAIN UNRESOLVED",3,0.006698274170046751,-0.0021363711415040188,-0.004091061073078449,,,0.0
POOL_GLOBAL_INDUSTRIES,FINE_POOL,RRG_TRANSPARENT_LEVEL,10,4.126436781609195,30,-0.11684297847218562,-0.16306562238868916,0.4,-1.0235468702039783,0.30604935093874985,-0.3405826393694288,0.10689668242505755,87,0.015145613137645416,0.0007580206601971451,0.5057471264367817,0.8642589763132259,0.3874456406541159,23,"HISTORICAL UK RETAIL, ACCOUNT AND BROKER ELIGIBILITY REMAIN UNRESOLVED",3,0.018257843575726056,0.002136553404674155,-0.00855613079689843,,,0.0
POOL_GLOBAL_INDUSTRIES,FINE_POOL,RRG_TRANSPARENT_LEVEL,21,3.926470588235294,19,-0.15611503929252163,-0.20519567041703077,0.3684210526315789,-1.059235533044494,0.2894925262783763,-0.4449836099860851,0.13275353140104185,68,0.029637259756813344,-0.01044846778888181,0.45588235294117646,0.8635341341215782,0.3878438603995844,15,"HISTORICAL UK RETAIL, ACCOUNT AND BROKER ELIGIBILITY REMAIN UNRESOLVED",3,0.04390496288184732,-0.0013365618524372907,-0.01032084145858608,,,0.0
POOL_GLOBAL_INDUSTRIES,FINE_POOL,RRG_TRANSPARENT_LEVEL,42,3.282051282051282,3,-0.3668341272365756,-0.5946187253790687,0.3333333333333333,-2.389990542722729,0.016848806653421356,-0.667664471470822,-0.06600378300232923,39,0.06866208109244686,-0.005995498410613642,0.48717948717948717,0.8203816832259402,0.411998554029966,3,"HISTORICAL UK RETAIL, ACCOUNT AND BROKER ELIGIBILITY REMAIN UNRESOLVED",3,0.09775102169020868,-0.01098488808535672,-0.06424060505397895,,,0.0
POOL_GLOBAL_INDUSTRIES,FINE_POOL,RRG_TRANSPARENT_LEVEL,63,3.0,0,,,,,,,,29,-0.008895503774535594,-0.013434848962124546,0.4482758620689655,-0.09260720723439933,0.9262156178123095,0,"HISTORICAL UK RETAIL, ACCOUNT AND BROKER ELIGIBILITY REMAIN UNRESOLVED",0,,,,,,
POOL_GLOBAL_INDUSTRIES,FINE_POOL,RRG_TRANSPARENT_LEVEL,126,3.0,0,,,,,,,,16,0.007297711501796568,0.09033844908601929,0.5,0.045704356209315324,0.963545891686734,0,"HISTORICAL UK RETAIL, ACCOUNT AND BROKER ELIGIBILITY REMAIN UNRESOLVED",0,,,,,,
POOL_GLOBAL_INDUSTRIES,FINE_POOL,RRG_TRANSPARENT_MOMENTUM,5,3.953125,18,-0.0820187014701116,-0.21697360369770197,0.4444444444444444,-0.5316377449384562,0.5949769173551933,-0.3843932083042161,0.2203558053639929,64,0.002412258114589061,-0.0015306866150627818,0.484375,0.23271911464316405,0.8159795253518201,15,"HISTORICAL UK RETAIL, ACCOUNT AND BROKER ELIGIBILITY REMAIN UNRESOLVED",3,-0.0028221861640116168,-0.0012898750026477635,0.009142806245435413,,,1.0
POOL_GLOBAL_INDUSTRIES,FINE_POOL,RRG_TRANSPARENT_MOMENTUM,10,3.8,13,-0.16410787716516248,-0.08571428571428567,0.46153846153846156,-0.8964094532100917,0.37003412032613525,-0.5229232908929085,0.19470753656258347,55,0.004076517578205841,0.011186612834884757,0.5272727272727272,0.220133830857475,0.825766927760358,11,"HISTORICAL UK RETAIL, ACCOUNT AND BROKER ELIGIBILITY REMAIN UNRESOLVED",3,-0.00010298218195019564,0.00604940184317187,0.014790669309871387,,,1.0
POOL_GLOBAL_INDUSTRIES,FINE_POOL,RRG_TRANSPARENT_MOMENTUM,21,3.282051282051282,3,0.2211159809194011,-0.08571428571428567,0.3333333333333333,1.000855953457851,0.3168964537875717,-0.2118927427745454,0.6541247046133476,39,-0.00262919771637297,-0.010149408637986634,0.48717948717948717,-0.07298675737861632,0.9418166554845658,3,"HISTORICAL UK RETAIL, ACCOUNT AND BROKER ELIGIBILITY REMAIN UNRESOLVED",3,-0.012716792344773636,0.004053136416633783,0.01510095320373931,,,1.0
POOL_GLOBAL_INDUSTRIES,FINE_POOL,RRG_TRANSPARENT_MOMENTUM,42,3.0,0,,,,,,,,28,0.01641608049912578,-0.002173311564952485,0.5,0.29539003421944476,0.7676959453839652,0,"HISTORICAL UK RETAIL, ACCOUNT AND BROKER ELIGIBILITY REMAIN UNRESOLVED",0,,,,,,
POOL_GLOBAL_INDUSTRIES,FINE_POOL,RRG_TRANSPARENT_MOMENTUM,63,3.0,0,,,,,,,,24,-0.04319179910233726,-0.045078676208262836,0.4583333333333333,-0.6275988481981543,0.530266763433683,0,"HISTORICAL UK RETAIL, ACCOUNT AND BROKER ELIGIBILITY REMAIN UNRESOLVED",0,,,,,,
POOL_GLOBAL_INDUSTRIES,FINE_POOL,RRG_TRANSPARENT_MOMENTUM,126,3.0,0,,,,,,,,11,-0.0016508513481169127,0.013911419684198734,0.5454545454545454,-0.02226351587390167,0.9822377517787234,0,"HISTORICAL UK RETAIL, ACCOUNT AND BROKER ELIGIBILITY REMAIN UNRESOLVED",0,,,,,,
POOL_GLOBAL_INDUSTRIES,FINE_POOL,RS_126,5,4.185567010309279,35,-0.06693877551020407,-0.10714285714285708,0.42857142857142855,-0.8581978416648229,0.3907832276315153,-0.21981446780360436,0.08593691678319625,97,0.01095712063741443,0.002178750174066435,0.5154639175257731,1.2316529145772406,0.21807876561003547,27,"HISTORICAL UK RETAIL, ACCOUNT AND BROKER ELIGIBILITY REMAIN UNRESOLVED",3,0.00269910562013465,0.005528668176398043,-0.0076040874880577095,,,0.5
POOL_GLOBAL_INDUSTRIES,FINE_POOL,RS_126,10,4.126436781609195,30,-0.1383333333333333,-0.22857142857142856,0.4,-1.2896466316088895,0.1971733771587072,-0.3485679391155879,0.0719012724489213,87,0.02510362115139114,0.009664801434164483,0.5747126436781609,1.4819869745791463,0.1383437608185216,23,"HISTORICAL UK RETAIL, ACCOUNT AND BROKER ELIGIBILITY REMAIN UNRESOLVED",3,0.008670808185323139,0.021219903180558507,-0.017641337639113897,,,0.5
POOL_GLOBAL_INDUSTRIES,FINE_POOL,RS_126,21,3.926470588235294,19,-0.15,-0.3214285714285714,0.3684210526315789,-1.1997778219090642,0.23022563972044552,-0.3950408669941984,0.09504086699419842,68,0.04087235790795211,-0.0132778980880493,0.45588235294117646,1.368428427332383,0.17117801111192898,15,"HISTORICAL UK RETAIL, ACCOUNT AND BROKER ELIGIBILITY REMAIN UNRESOLVED",3,0.025982106162151075,0.031395598191012675,-0.024271125214796685,,,0.5
POOL_GLOBAL_INDUSTRIES,FINE_POOL,RS_126,42,3.282051282051282,3,-0.45476190476190476,-0.6785714285714285,0.3333333333333333,-4.308960919245096,1.6402334586152007e-05,-0.6616138515719308,-0.24790995795187876,39,0.04448541144800205,-0.03144782439487881,0.46153846153846156,0.6728167360072616,0.5010638890835677,3,"HISTORICAL UK RETAIL, ACCOUNT AND BROKER ELIGIBILITY REMAIN UNRESOLVED",3,0.033050861824196164,0.10866869781451138,-0.11919403108783456,,,0.5
POOL_GLOBAL_INDUSTRIES,FINE_POOL,RS_126,63,3.0,0,,,,,,,,29,0.00188360754623053,-0.0018982303302350623,0.4827586206896552,0.022956421545848295,0.9816850343476242,0,"HISTORICAL UK RETAIL, ACCOUNT AND BROKER ELIGIBILITY REMAIN UNRESOLVED",0,,,,,,
POOL_GLOBAL_INDUSTRIES,FINE_POOL,RS_126,126,3.0,0,,,,,,,,16,-0.03552915234950434,0.07531613346271027,0.5,-0.27009545896427817,0.7870868155519417,0,"HISTORICAL UK RETAIL, ACCOUNT AND BROKER ELIGIBILITY REMAIN UNRESOLVED",0,,,,,,
POOL_GLOBAL_INDUSTRIES,FINE_POOL,RS_21,5,4.739952718676123,225,0.007714285714285725,0.028571428571428595,0.5333333333333333,0.2201358009056286,0.8257653935175653,-0.06096932732934473,0.07639789875791618,423,0.0023902446196320238,0.0033239224552958913,0.5177304964539007,0.9921468996920266,0.32112587107295765,157,"HISTORICAL UK RETAIL, ACCOUNT AND BROKER ELIGIBILITY REMAIN UNRESOLVED",3,0.005436101828938043,0.0011086998624388676,0.004314265728923761,,,0.5
POOL_GLOBAL_INDUSTRIES,FINE_POOL,RS_21,10,4.711055276381909,207,0.06349206349206349,0.08571428571428562,0.5265700483091788,1.5224051370887925,0.1279075984504409,-0.01824843692856594,0.1452325639126929,398,0.004430328016196984,0.004260035461037148,0.535175879396985,1.048201120238512,0.2945459545438309,146,"HISTORICAL UK RETAIL, ACCOUNT AND BROKER ELIGIBILITY REMAIN UNRESOLVED",3,0.009821908929419813,0.003340337701255776,0.009693622964315536,,,0.5
POOL_GLOBAL_INDUSTRIES,FINE_POOL,RS_21,21,4.636904761904762,169,0.04750633981403212,0.10000000000000012,0.5502958579881657,0.8915942684365302,0.3726104433785129,-0.056925371300598555,0.1519380509286628,336,0.011546489705320465,0.0022240145859522276,0.5178571428571429,1.322146727169692,0.18611929651247594,118,"HISTORICAL UK RETAIL, ACCOUNT AND BROKER ELIGIBILITY REMAIN UNRESOLVED",3,0.0172110433961766,0.006630101598249701,0.021647585516521,,,0.5
POOL_GLOBAL_INDUSTRIES,FINE_POOL,RS_21,42,4.502040816326531,117,0.029914529914529916,0.08571428571428574,0.5641025641025641,0.3542219294421611,0.7231725703512092,-0.13560712860971538,0.19543618843877522,245,0.01688589267397936,-0.0009408248257015694,0.4897959183673469,1.1614715865038896,0.2454501715956645,78,"HISTORICAL UK RETAIL, ACCOUNT AND BROKER ELIGIBILITY REMAIN UNRESOLVED",3,0.03939549582691149,0.024815363122480286,0.028544302182046264,,,0.5
POOL_GLOBAL_INDUSTRIES,FINE_POOL,RS_21,63,4.427807486631016,86,-0.035880398671096346,-0.09999999999999998,0.43023255813953487,-0.3948021188009726,0.6929889311141626,-0.21400580833167493,0.14224501098948222,187,0.0019966766839472926,-0.0015276139290617552,0.4919786096256685,0.10215697211634232,0.9186320802907788,57,"HISTORICAL UK RETAIL, ACCOUNT AND BROKER ELIGIBILITY REMAIN UNRESOLVED",3,0.056626177514682456,0.04709473319488808,0.04903188669926164,,,0.5
POOL_GLOBAL_INDUSTRIES,FINE_POOL,RS_21,126,3.926470588235294,19,0.12330827067669169,0.03571428571428569,0.631578947368421,2.316660753045788,0.02052221909427274,0.018985801707297703,0.22763073964608566,68,0.09853020259716831,0.046669887037649405,0.5588235294117647,2.748417342421977,0.005988373178637516,15,"HISTORICAL UK RETAIL, ACCOUNT AND BROKER ELIGIBILITY REMAIN UNRESOLVED",3,0.0980169013841718,0.045626928144413846,0.1428637747207726,,,0.5
POOL_GLOBAL_INDUSTRIES,FINE_POOL,RS_252,5,3.0,0,,,,,,,,15,-0.01875593734251113,-6.297440675817612e-06,0.4666666666666667,-0.8221975989506729,0.4109644450806572,0,"HISTORICAL UK RETAIL, ACCOUNT AND BROKER ELIGIBILITY REMAIN UNRESOLVED",0,,,,,,
POOL_GLOBAL_INDUSTRIES,FINE_POOL,RS_252,10,3.0,0,,,,,,,,14,-0.04719509042929444,-0.005205408722386173,0.42857142857142855,-1.0585025635794023,0.2898263826458246,0,"HISTORICAL UK RETAIL, ACCOUNT AND BROKER ELIGIBILITY REMAIN UNRESOLVED",0,,,,,,
POOL_GLOBAL_INDUSTRIES,FINE_POOL,RS_252,21,3.0,0,,,,,,,,12,-0.09801826673300411,-0.03941722811192361,0.25,-1.264674803523421,0.20598792578122194,0,"HISTORICAL UK RETAIL, ACCOUNT AND BROKER ELIGIBILITY REMAIN UNRESOLVED",0,,,,,,
POOL_GLOBAL_INDUSTRIES,FINE_POOL,RS_252,42,3.0,0,,,,,,,,7,-0.12195512782214223,-0.09912277709421469,0.14285714285714285,-2.781509400497409,0.005410676365597852,0,"HISTORICAL UK RETAIL, ACCOUNT AND BROKER ELIGIBILITY REMAIN UNRESOLVED",0,,,,,,
POOL_GLOBAL_INDUSTRIES,FINE_POOL,RS_252,63,3.0,0,,,,,,,,3,-0.3107749293288347,-0.4499884032791104,0.3333333333333333,-3.065369855035632,0.002174009704131233,0,"HISTORICAL UK RETAIL, ACCOUNT AND BROKER ELIGIBILITY REMAIN UNRESOLVED",0,,,,,,
POOL_GLOBAL_INDUSTRIES,FINE_POOL,RS_252,126,,0,,,,,,,,0,,,,,,0,"HISTORICAL UK RETAIL, ACCOUNT AND BROKER ELIGIBILITY REMAIN UNRESOLVED",0,,,,,,
POOL_GLOBAL_INDUSTRIES,FINE_POOL,RS_42,5,4.648318042813456,166,0.049268502581755594,0.014285714285714297,0.5240963855421686,1.1856684311872754,0.23575326616258985,-0.032174578883915436,0.1307115840474266,327,0.001689980478736708,-0.000132824952862598,0.4954128440366973,0.6014058028786139,0.5475697346129531,116,"HISTORICAL UK RETAIL, ACCOUNT AND BROKER ELIGIBILITY REMAIN UNRESOLVED",3,0.004380565347167333,0.003973415008356692,0.004387780964473755,,,0.5
POOL_GLOBAL_INDUSTRIES,FINE_POOL,RS_42,10,4.6158940397351,151,0.07894985808893096,0.10000000000000005,0.5827814569536424,1.649595793971768,0.0990256358378403,-0.014854259867919994,0.1727539760457819,302,0.004795383235184211,0.0028965062589848545,0.5331125827814569,0.9557722943824073,0.33918728866562664,105,"HISTORICAL UK RETAIL, ACCOUNT AND BROKER ELIGIBILITY REMAIN UNRESOLVED",3,0.009906994520708107,0.0062618961842745005,0.011835350034029444,,,0.5
POOL_GLOBAL_INDUSTRIES,FINE_POOL,RS_42,21,4.5041322314049586,116,0.07518472906403942,0.053571428571428534,0.5431034482758621,1.1251845643196645,0.2605108326550729,-0.05577988405435949,0.20614934218243833,242,0.008611385359531095,0.0004979541516934027,0.5082644628099173,0.7957072988612801,0.4262021835008927,77,"HISTORICAL UK RETAIL, ACCOUNT AND BROKER ELIGIBILITY REMAIN UNRESOLVED",3,0.011047092112686042,0.024691776568700127,0.02488899665042618,,,1.0
POOL_GLOBAL_INDUSTRIES,FINE_POOL,RS_42,42,4.45945945945946,87,0.005418719211822654,-0.08571428571428569,0.4827586206896552,0.05152135340604154,0.9589100868883208,-0.20071900418622535,0.21155644260987067,185,0.0023539540085052153,-0.009523803258878805,0.4540540540540541,0.10912516742685001,0.9131032133699613,58,"HISTORICAL UK RETAIL, ACCOUNT AND BROKER ELIGIBILITY REMAIN UNRESOLVED",3,0.024655545530543475,0.04166499345617519,0.027766097163118852,,,0.5
POOL_GLOBAL_INDUSTRIES,FINE_POOL,RS_42,63,4.390410958904109,64,-0.08772321428571428,-0.10357142857142859,0.421875,-0.674707818181748,0.49986141639891224,-0.3425510612068168,0.16710463263538822,146,0.017320218288388457,-0.0048873556523597594,0.4931506849315068,0.6964721071199843,0.48613321938971477,45,"HISTORICAL UK RETAIL, ACCOUNT AND BROKER ELIGIBILITY REMAIN UNRESOLVED",3,0.03543296034184255,0.08579371386279115,0.033478817894218624,,,0.5
POOL_GLOBAL_INDUSTRIES,FINE_POOL,RS_42,126,3.282051282051282,3,0.2476190476190476,0.2857142857142857,0.6666666666666666,1.7973431719836106,0.07228115643532307,-0.022404185998504106,0.5176422812365993,39,-0.022710845269307132,-0.012385655574536525,0.46153846153846156,-0.4285807389522267,0.6682283650298385,3,"HISTORICAL UK RETAIL, ACCOUNT AND BROKER ELIGIBILITY REMAIN UNRESOLVED",3,0.05314656275235924,0.060981193981044034,0.18346100000675827,,,1.0
POOL_GLOBAL_INDUSTRIES,FINE_POOL,RS_63,5,4.493670886075949,112,0.09209183673469387,0.09999999999999995,0.5892857142857143,1.852285509655839,0.0639848353687049,-0.005353552936188791,0.18953722640557652,237,-8.286026427484123e-05,-0.0010289416590794076,0.47257383966244726,-0.022514300744762236,0.9820377045471478,76,"HISTORICAL UK RETAIL, ACCOUNT AND BROKER ELIGIBILITY REMAIN UNRESOLVED",3,0.0007429270128833743,0.0038564072794424606,0.0035682113146091395,,,0.5
POOL_GLOBAL_INDUSTRIES,FINE_POOL,RS_63,10,4.463636363636364,102,0.08620448179271707,0.09999999999999998,0.5784313725490197,1.3921544570358415,0.16387563061424992,-0.03515969498074739,0.20756865856618154,220,0.001169616385073444,0.0031408981918469303,0.5136363636363637,0.17865938415771127,0.8582051627287917,69,"HISTORICAL UK RETAIL, ACCOUNT AND BROKER ELIGIBILITY REMAIN UNRESOLVED",3,0.006700510132340652,0.0018640564689224278,0.006380839161012616,,,0.5
POOL_GLOBAL_INDUSTRIES,FINE_POOL,RS_63,21,4.437837837837838,85,-0.00521008403361345,0.08571428571428562,0.5294117647058824,-0.05449330190247788,0.9565421449697632,-0.1926015010665608,0.1821813329993339,185,0.004396116157976139,-0.013997434034288214,0.4486486486486487,0.3007246126361808,0.7636244988812095,58,"HISTORICAL UK RETAIL, ACCOUNT AND BROKER ELIGIBILITY REMAIN UNRESOLVED",3,0.0173338071982866,0.004352062909214204,0.015381725263991279,,,0.5
POOL_GLOBAL_INDUSTRIES,FINE_POOL,RS_63,42,4.380952380952381,64,-0.05100446428571426,-0.1142857142857143,0.46875,-0.35236816721650027,0.7245621718798476,-0.3347046459463869,0.23269571737495837,147,0.03511802722177317,-0.007128337201384394,0.46938775510204084,1.045971945569137,0.2955739851891047,45,"HISTORICAL UK RETAIL, ACCOUNT AND BROKER ELIGIBILITY REMAIN UNRESOLVED",3,0.033901013804180126,0.02365001368631526,0.017520739360917345,,,0.0
POOL_GLOBAL_INDUSTRIES,FINE_POOL,RS_63,63,4.281818181818182,43,-0.15598006644518272,-0.3928571428571427,0.37209302325581395,-1.0112572655755958,0.31189331379073215,-0.4582921713324718,0.14633203844210638,110,0.051854241593246406,0.004390890626277955,0.5181818181818182,1.1066749008061867,0.26843451081911596,33,"HISTORICAL UK RETAIL, ACCOUNT AND BROKER ELIGIBILITY REMAIN UNRESOLVED",3,0.04779832689455178,0.0437673171847015,0.014131823200020394,,,0.0
POOL_GLOBAL_INDUSTRIES,FINE_POOL,RS_63,126,3.0,0,,,,,,,,29,0.09426055801862221,0.1930625537465751,0.6206896551724138,1.112385246154517,0.2659725454230206,0,"HISTORICAL UK RETAIL, ACCOUNT AND BROKER ELIGIBILITY REMAIN UNRESOLVED",0,,,,,,
POOL_GLOBAL_INDUSTRIES,FINE_POOL,SHORT_MINUS_LONG_RS,5,3.0,0,,,,,,,,15,0.034757764376842686,-0.008797755951261976,0.4,1.1579566637225522,0.24688172185660884,0,"HISTORICAL UK RETAIL, ACCOUNT AND BROKER ELIGIBILITY REMAIN UNRESOLVED",0,,,,,,
POOL_GLOBAL_INDUSTRIES,FINE_POOL,SHORT_MINUS_LONG_RS,10,3.0,0,,,,,,,,14,0.05158479915260717,-0.018895679296745627,0.35714285714285715,0.9241883260377228,0.3553882725843063,0,"HISTORICAL UK RETAIL, ACCOUNT AND BROKER ELIGIBILITY REMAIN UNRESOLVED",0,,,,,,
POOL_GLOBAL_INDUSTRIES,FINE_POOL,SHORT_MINUS_LONG_RS,21,3.0,0,,,,,,,,12,0.16486864095022893,0.06488138813527977,0.75,1.2789371696186993,0.20091918219415017,0,"HISTORICAL UK RETAIL, ACCOUNT AND BROKER ELIGIBILITY REMAIN UNRESOLVED",0,,,,,,
POOL_GLOBAL_INDUSTRIES,FINE_POOL,SHORT_MINUS_LONG_RS,42,3.0,0,,,,,,,,7,0.25819695598734693,0.08723852429230616,0.7142857142857143,1.97092761959779,0.0487321554193226,0,"HISTORICAL UK RETAIL, ACCOUNT AND BROKER ELIGIBILITY REMAIN UNRESOLVED",0,,,,,,
POOL_GLOBAL_INDUSTRIES,FINE_POOL,SHORT_MINUS_LONG_RS,63,3.0,0,,,,,,,,3,-0.02333618823712469,-0.02329202781771722,0.0,-8.064504277336782,7.35336316198519e-16,0,"HISTORICAL UK RETAIL, ACCOUNT AND BROKER ELIGIBILITY REMAIN UNRESOLVED",0,,,,,,
POOL_GLOBAL_INDUSTRIES,FINE_POOL,SHORT_MINUS_LONG_RS,126,,0,,,,,,,,0,,,,,,0,"HISTORICAL UK RETAIL, ACCOUNT AND BROKER ELIGIBILITY REMAIN UNRESOLVED",0,,,,,,
POOL_GLOBAL_MARKET_CAP_SATELLITES,FINE_POOL,RS_126,5,,0,,,,,,,,0,,,,,,0,"HISTORICAL UK RETAIL, ACCOUNT AND BROKER ELIGIBILITY REMAIN UNRESOLVED",0,,,,,,
POOL_GLOBAL_MARKET_CAP_SATELLITES,FINE_POOL,RS_126,10,,0,,,,,,,,0,,,,,,0,"HISTORICAL UK RETAIL, ACCOUNT AND BROKER ELIGIBILITY REMAIN UNRESOLVED",0,,,,,,
POOL_GLOBAL_MARKET_CAP_SATELLITES,FINE_POOL,RS_126,21,,0,,,,,,,,0,,,,,,0,"HISTORICAL UK RETAIL, ACCOUNT AND BROKER ELIGIBILITY REMAIN UNRESOLVED",0,,,,,,
POOL_GLOBAL_MARKET_CAP_SATELLITES,FINE_POOL,RS_126,42,,0,,,,,,,,0,,,,,,0,"HISTORICAL UK RETAIL, ACCOUNT AND BROKER ELIGIBILITY REMAIN UNRESOLVED",0,,,,,,
POOL_GLOBAL_MARKET_CAP_SATELLITES,FINE_POOL,RS_126,63,,0,,,,,,,,0,,,,,,0,"HISTORICAL UK RETAIL, ACCOUNT AND BROKER ELIGIBILITY REMAIN UNRESOLVED",0,,,,,,
POOL_GLOBAL_MARKET_CAP_SATELLITES,FINE_POOL,RS_126,126,,0,,,,,,,,0,,,,,,0,"HISTORICAL UK RETAIL, ACCOUNT AND BROKER ELIGIBILITY REMAIN UNRESOLVED",0,,,,,,
POOL_GLOBAL_MARKET_CAP_SATELLITES,FINE_POOL,RS_21,5,,0,,,,,,,,0,,,,,,0,"HISTORICAL UK RETAIL, ACCOUNT AND BROKER ELIGIBILITY REMAIN UNRESOLVED",0,,,,,,
POOL_GLOBAL_MARKET_CAP_SATELLITES,FINE_POOL,RS_21,10,,0,,,,,,,,0,,,,,,0,"HISTORICAL UK RETAIL, ACCOUNT AND BROKER ELIGIBILITY REMAIN UNRESOLVED",0,,,,,,
POOL_GLOBAL_MARKET_CAP_SATELLITES,FINE_POOL,RS_21,21,,0,,,,,,,,0,,,,,,0,"HISTORICAL UK RETAIL, ACCOUNT AND BROKER ELIGIBILITY REMAIN UNRESOLVED",0,,,,,,
POOL_GLOBAL_MARKET_CAP_SATELLITES,FINE_POOL,RS_21,42,,0,,,,,,,,0,,,,,,0,"HISTORICAL UK RETAIL, ACCOUNT AND BROKER ELIGIBILITY REMAIN UNRESOLVED",0,,,,,,
POOL_GLOBAL_MARKET_CAP_SATELLITES,FINE_POOL,RS_21,63,,0,,,,,,,,0,,,,,,0,"HISTORICAL UK RETAIL, ACCOUNT AND BROKER ELIGIBILITY REMAIN UNRESOLVED",0,,,,,,
POOL_GLOBAL_MARKET_CAP_SATELLITES,FINE_POOL,RS_21,126,,0,,,,,,,,0,,,,,,0,"HISTORICAL UK RETAIL, ACCOUNT AND BROKER ELIGIBILITY REMAIN UNRESOLVED",0,,,,,,
POOL_GLOBAL_MARKET_CAP_SATELLITES,FINE_POOL,RS_252,5,,0,,,,,,,,0,,,,,,0,"HISTORICAL UK RETAIL, ACCOUNT AND BROKER ELIGIBILITY REMAIN UNRESOLVED",0,,,,,,
POOL_GLOBAL_MARKET_CAP_SATELLITES,FINE_POOL,RS_252,10,,0,,,,,,,,0,,,,,,0,"HISTORICAL UK RETAIL, ACCOUNT AND BROKER ELIGIBILITY REMAIN UNRESOLVED",0,,,,,,
POOL_GLOBAL_MARKET_CAP_SATELLITES,FINE_POOL,RS_252,21,,0,,,,,,,,0,,,,,,0,"HISTORICAL UK RETAIL, ACCOUNT AND BROKER ELIGIBILITY REMAIN UNRESOLVED",0,,,,,,
POOL_GLOBAL_MARKET_CAP_SATELLITES,FINE_POOL,RS_252,42,,0,,,,,,,,0,,,,,,0,"HISTORICAL UK RETAIL, ACCOUNT AND BROKER ELIGIBILITY REMAIN UNRESOLVED",0,,,,,,
POOL_GLOBAL_MARKET_CAP_SATELLITES,FINE_POOL,RS_252,63,,0,,,,,,,,0,,,,,,0,"HISTORICAL UK RETAIL, ACCOUNT AND BROKER ELIGIBILITY REMAIN UNRESOLVED",0,,,,,,
POOL_GLOBAL_MARKET_CAP_SATELLITES,FINE_POOL,RS_252,126,,0,,,,,,,,0,,,,,,0,"HISTORICAL UK RETAIL, ACCOUNT AND BROKER ELIGIBILITY REMAIN UNRESOLVED",0,,,,,,
POOL_GLOBAL_MARKET_CAP_SATELLITES,FINE_POOL,RS_42,5,,0,,,,,,,,0,,,,,,0,"HISTORICAL UK RETAIL, ACCOUNT AND BROKER ELIGIBILITY REMAIN UNRESOLVED",0,,,,,,
POOL_GLOBAL_MARKET_CAP_SATELLITES,FINE_POOL,RS_42,10,,0,,,,,,,,0,,,,,,0,"HISTORICAL UK RETAIL, ACCOUNT AND BROKER ELIGIBILITY REMAIN UNRESOLVED",0,,,,,,
POOL_GLOBAL_MARKET_CAP_SATELLITES,FINE_POOL,RS_42,21,,0,,,,,,,,0,,,,,,0,"HISTORICAL UK RETAIL, ACCOUNT AND BROKER ELIGIBILITY REMAIN UNRESOLVED",0,,,,,,
POOL_GLOBAL_MARKET_CAP_SATELLITES,FINE_POOL,RS_42,42,,0,,,,,,,,0,,,,,,0,"HISTORICAL UK RETAIL, ACCOUNT AND BROKER ELIGIBILITY REMAIN UNRESOLVED",0,,,,,,
POOL_GLOBAL_MARKET_CAP_SATELLITES,FINE_POOL,RS_42,63,,0,,,,,,,,0,,,,,,0,"HISTORICAL UK RETAIL, ACCOUNT AND BROKER ELIGIBILITY REMAIN UNRESOLVED",0,,,,,,
POOL_GLOBAL_MARKET_CAP_SATELLITES,FINE_POOL,RS_42,126,,0,,,,,,,,0,,,,,,0,"HISTORICAL UK RETAIL, ACCOUNT AND BROKER ELIGIBILITY REMAIN UNRESOLVED",0,,,,,,
POOL_GLOBAL_MARKET_CAP_SATELLITES,FINE_POOL,RS_63,5,,0,,,,,,,,0,,,,,,0,"HISTORICAL UK RETAIL, ACCOUNT AND BROKER ELIGIBILITY REMAIN UNRESOLVED",0,,,,,,
POOL_GLOBAL_MARKET_CAP_SATELLITES,FINE_POOL,RS_63,10,,0,,,,,,,,0,,,,,,0,"HISTORICAL UK RETAIL, ACCOUNT AND BROKER ELIGIBILITY REMAIN UNRESOLVED",0,,,,,,
POOL_GLOBAL_MARKET_CAP_SATELLITES,FINE_POOL,RS_63,21,,0,,,,,,,,0,,,,,,0,"HISTORICAL UK RETAIL, ACCOUNT AND BROKER ELIGIBILITY REMAIN UNRESOLVED",0,,,,,,
POOL_GLOBAL_MARKET_CAP_SATELLITES,FINE_POOL,RS_63,42,,0,,,,,,,,0,,,,,,0,"HISTORICAL UK RETAIL, ACCOUNT AND BROKER ELIGIBILITY REMAIN UNRESOLVED",0,,,,,,
POOL_GLOBAL_MARKET_CAP_SATELLITES,FINE_POOL,RS_63,63,,0,,,,,,,,0,,,,,,0,"HISTORICAL UK RETAIL, ACCOUNT AND BROKER ELIGIBILITY REMAIN UNRESOLVED",0,,,,,,
POOL_GLOBAL_MARKET_CAP_SATELLITES,FINE_POOL,RS_63,126,,0,,,,,,,,0,,,,,,0,"HISTORICAL UK RETAIL, ACCOUNT AND BROKER ELIGIBILITY REMAIN UNRESOLVED",0,,,,,,
POOL_GLOBAL_THEMES,FINE_POOL,ACCEL_FAST_COMPOSITE,5,5.743589743589744,58,0.013384490767894405,0.051784284076463516,0.5344827586206896,0.2874643780940493,0.7737567735527107,-0.07787245045874773,0.10464143199453653,195,0.0002840849978981477,-0.0006961550474566813,0.47692307692307695,0.19828537135366617,0.8428217964302005,54,"HISTORICAL UK RETAIL, ACCOUNT AND BROKER ELIGIBILITY REMAIN UNRESOLVED",5,-0.0034926336852202406,0.0005208405801429413,-0.0013673659851070742,0.0033874748671054093,-0.003516301716695898,0.5
POOL_GLOBAL_THEMES,FINE_POOL,ACCEL_FAST_COMPOSITE,10,5.639344262295082,51,0.05370671399496022,0.14081416661777846,0.6078431372549019,0.7795508784499692,0.43565527893447187,-0.08132388896891166,0.18873731695883209,183,0.002590784502047894,0.002860672533116837,0.5409836065573771,1.0312340831129014,0.30243106116659735,49,"HISTORICAL UK RETAIL, ACCOUNT AND BROKER ELIGIBILITY REMAIN UNRESOLVED",5,-0.007065389334860051,-0.006718498011276926,-0.003664801402977404,0.0011039726154604616,-0.005758601546575488,0.75
POOL_GLOBAL_THEMES,FINE_POOL,ACCEL_FAST_COMPOSITE,21,5.383647798742138,38,0.05898887546750677,0.15162059571042605,0.6052631578947368,0.6144030086935602,0.5389490480981479,-0.12918740259251216,0.24716515352752572,159,0.0067706854852144375,0.006109274741766368,0.5660377358490566,1.3979357175941796,0.16213237167374628,38,"HISTORICAL UK RETAIL, ACCOUNT AND BROKER ELIGIBILITY REMAIN UNRESOLVED",5,-0.020646303708519866,-0.028617011951300165,-0.01764675092304895,-0.007411155023666153,-0.011934491484919634,0.5
POOL_GLOBAL_THEMES,FINE_POOL,ACCEL_FAST_COMPOSITE,42,4.845528455284553,22,0.06409111395777846,0.0643303995240724,0.5454545454545454,0.9458871125391096,0.34420616738780185,-0.0687114936907154,0.19689372160627233,123,0.007350543969175226,0.004709183469549405,0.5284552845528455,1.3319614928095918,0.18287284243915092,22,"HISTORICAL UK RETAIL, ACCOUNT AND BROKER ELIGIBILITY REMAIN UNRESOLVED",5,-0.030216919180593764,-0.05159879736263522,-0.0236803537619132,-0.028660502614498665,-0.039072637622630385,0.25
POOL_GLOBAL_THEMES,FINE_POOL,ACCEL_FAST_COMPOSITE,63,3.8823529411764706,6,-0.05784230231464715,-0.01393215389985496,0.5,-1.0640084632079085,0.28732486563652226,-0.1643911064263996,0.048706501797105305,85,0.010024234220246111,0.006863812470215391,0.5882352941176471,1.0174479159323737,0.3089403975116236,6,"HISTORICAL UK RETAIL, ACCOUNT AND BROKER ELIGIBILITY REMAIN UNRESOLVED",5,-0.03168601756664339,-0.007172135565450546,-0.006252514879173415,-0.00907914223002482,-0.06152292476010621,0.5
POOL_GLOBAL_THEMES,FINE_POOL,ACCEL_FAST_COMPOSITE,126,3.046511627906977,0,,,,,,,,43,0.009179511658182848,0.0168042670545836,0.627906976744186,0.5123801581398288,0.6083849748994483,0,"HISTORICAL UK RETAIL, ACCOUNT AND BROKER ELIGIBILITY REMAIN UNRESOLVED",0,,,,,,
POOL_GLOBAL_THEMES,FINE_POOL,DISCRETE_RECENT_CONSISTENCY,5,6.213815789473684,118,0.04444298639213892,0.04615384615384607,0.5169491525423728,1.122695727726414,0.2615667430823575,-0.03314406639766444,0.12203003918194229,304,0.00018249899728042148,0.0008961010681896031,0.5164473684210527,0.13546407227336318,0.8922449685499326,103,"HISTORICAL UK RETAIL, ACCOUNT AND BROKER ELIGIBILITY REMAIN UNRESOLVED",5,-0.0005022487224271339,0.0005168258798110944,0.0033470331871536343,0.0027971617888856632,0.0030239259266840396,0.75
POOL_GLOBAL_THEMES,FINE_POOL,DISCRETE_RECENT_CONSISTENCY,10,6.147368421052631,106,0.08107144427899145,0.09047619047619052,0.6132075471698113,1.7582664936465038,0.07870217597749216,-0.00930001621101037,0.17144290476899327,285,0.0015115297952257383,0.00024304959989973618,0.5052631578947369,0.7251640930316197,0.46835136824191503,94,"HISTORICAL UK RETAIL, ACCOUNT AND BROKER ELIGIBILITY REMAIN UNRESOLVED",5,-0.0033982553520285957,0.0003506155066167498,0.005655188804954971,0.0040668928514250744,0.005488552578685968,0.75
POOL_GLOBAL_THEMES,FINE_POOL,DISCRETE_RECENT_CONSISTENCY,21,5.991935483870968,83,0.1296169693760055,0.17802197802197808,0.6144578313253012,1.8408076341927888,0.06564975368548683,-0.008390167841025226,0.26762410659303626,248,0.004470047724050531,0.002130343064656426,0.5241935483870968,1.1488691925888146,0.2506099226603874,75,"HISTORICAL UK RETAIL, ACCOUNT AND BROKER ELIGIBILITY REMAIN UNRESOLVED",5,-0.017444747983833865,-0.00029675231053249507,0.007082462784767598,0.011170187777046798,0.007322642486052826,0.75
POOL_GLOBAL_THEMES,FINE_POOL,DISCRETE_RECENT_CONSISTENCY,42,5.777777777777778,62,0.16466544208479691,0.1824175824175825,0.7096774193548387,1.8433980478388545,0.06527091490664985,-0.010412499634267491,0.3397433838038613,207,0.006555828909267038,0.005214779915754919,0.5507246376811594,0.824998094368161,0.4093726725856406,58,"HISTORICAL UK RETAIL, ACCOUNT AND BROKER ELIGIBILITY REMAIN UNRESOLVED",5,-0.029283743397687405,-0.0053101980674178555,0.000702286699102547,0.029306354864599034,0.02146816257461254,0.75
POOL_GLOBAL_THEMES,FINE_POOL,DISCRETE_RECENT_CONSISTENCY,63,5.5212121212121215,42,0.0814820100534386,0.07472527472527474,0.5952380952380952,1.1355738193941798,0.25613497102703797,-0.05915332546166689,0.22211734556854407,165,0.0008038506647762158,-0.002949348809088037,0.4727272727272727,0.07515586084088523,0.9400907029291256,42,"HISTORICAL UK RETAIL, ACCOUNT AND BROKER ELIGIBILITY REMAIN UNRESOLVED",5,-0.03760400687773327,-0.00413669265382695,-0.002366296652216572,0.043805525578223474,0.016090510022997807,0.75
POOL_GLOBAL_THEMES,FINE_POOL,DISCRETE_RECENT_CONSISTENCY,126,3.1774193548387095,0,,,,,,,,62,-0.006563899419401353,-0.007886532208343788,0.45161290322580644,-0.4935474230717075,0.6216258401971173,0,"HISTORICAL UK RETAIL, ACCOUNT AND BROKER ELIGIBILITY REMAIN UNRESOLVED",0,,,,,,
POOL_GLOBAL_THEMES,FINE_POOL,MH_LEVEL_3_6_12_REFERENCE,5,3.0,0,,,,,,,,34,0.002682349870337301,0.0009049342749202216,0.5,1.1222056952134618,0.2617749916893647,0,"HISTORICAL UK RETAIL, ACCOUNT AND BROKER ELIGIBILITY REMAIN UNRESOLVED",0,,,,,,
POOL_GLOBAL_THEMES,FINE_POOL,MH_LEVEL_3_6_12_REFERENCE,10,3.0,0,,,,,,,,33,0.004938692552817459,0.005308771995585104,0.5454545454545454,1.240399040817139,0.21482783561543528,0,"HISTORICAL UK RETAIL, ACCOUNT AND BROKER ELIGIBILITY REMAIN UNRESOLVED",0,,,,,,
POOL_GLOBAL_THEMES,FINE_POOL,MH_LEVEL_3_6_12_REFERENCE,21,3.0,0,,,,,,,,30,0.008564393914761019,0.0072096111373902705,0.6666666666666666,2.0314812782613876,0.04220619681228863,0,"HISTORICAL UK RETAIL, ACCOUNT AND BROKER ELIGIBILITY REMAIN UNRESOLVED",0,,,,,,
POOL_GLOBAL_THEMES,FINE_POOL,MH_LEVEL_3_6_12_REFERENCE,42,3.0,0,,,,,,,,26,0.012134314157795785,0.015017729050353368,0.7307692307692307,1.2150273098956814,0.2243556755319961,0,"HISTORICAL UK RETAIL, ACCOUNT AND BROKER ELIGIBILITY REMAIN UNRESOLVED",0,,,,,,
POOL_GLOBAL_THEMES,FINE_POOL,MH_LEVEL_3_6_12_REFERENCE,63,3.0,0,,,,,,,,22,0.019213857473086383,0.020686848083437237,0.7727272727272727,1.3204875292590648,0.1866722969730934,0,"HISTORICAL UK RETAIL, ACCOUNT AND BROKER ELIGIBILITY REMAIN UNRESOLVED",0,,,,,,
POOL_GLOBAL_THEMES,FINE_POOL,MH_LEVEL_3_6_12_REFERENCE,126,3.0,0,,,,,,,,9,0.015240027456341232,-0.015622448305024239,0.4444444444444444,1.5818126945445659,0.11369233615184897,0,"HISTORICAL UK RETAIL, ACCOUNT AND BROKER ELIGIBILITY REMAIN UNRESOLVED",0,,,,,,
POOL_GLOBAL_THEMES,FINE_POOL,MH_LEVEL_60D_CENTERED,5,3.0,0,,,,,,,,34,0.0016236427335044796,0.0006376584053786605,0.5,0.6170941362274291,0.5371726361488105,0,"HISTORICAL UK RETAIL, ACCOUNT AND BROKER ELIGIBILITY REMAIN UNRESOLVED",0,,,,,,
POOL_GLOBAL_THEMES,FINE_POOL,MH_LEVEL_60D_CENTERED,10,3.0,0,,,,,,,,33,0.004554971008175533,0.0013698148460334902,0.5454545454545454,1.096689610939269,0.2727770994776,0,"HISTORICAL UK RETAIL, ACCOUNT AND BROKER ELIGIBILITY REMAIN UNRESOLVED",0,,,,,,
POOL_GLOBAL_THEMES,FINE_POOL,MH_LEVEL_60D_CENTERED,21,3.0,0,,,,,,,,30,0.0035933872176459863,0.006533671503710203,0.6333333333333333,0.7201857222787423,0.4714106535290241,0,"HISTORICAL UK RETAIL, ACCOUNT AND BROKER ELIGIBILITY REMAIN UNRESOLVED",0,,,,,,
POOL_GLOBAL_THEMES,FINE_POOL,MH_LEVEL_60D_CENTERED,42,3.0,0,,,,,,,,26,0.006516923089128678,0.012694226614756166,0.6153846153846154,0.5257291687845962,0.5990763942600879,0,"HISTORICAL UK RETAIL, ACCOUNT AND BROKER ELIGIBILITY REMAIN UNRESOLVED",0,,,,,,
POOL_GLOBAL_THEMES,FINE_POOL,MH_LEVEL_60D_CENTERED,63,3.0,0,,,,,,,,22,0.008051857598724656,0.019244796344571657,0.6818181818181818,0.43562592108546255,0.6631081608386984,0,"HISTORICAL UK RETAIL, ACCOUNT AND BROKER ELIGIBILITY REMAIN UNRESOLVED",0,,,,,,
POOL_GLOBAL_THEMES,FINE_POOL,MH_LEVEL_60D_CENTERED,126,3.0,0,,,,,,,,9,-0.021727003886295053,-0.024199387417323193,0.3333333333333333,-0.8192660098762904,0.4126346608233139,0,"HISTORICAL UK RETAIL, ACCOUNT AND BROKER ELIGIBILITY REMAIN UNRESOLVED",0,,,,,,
POOL_GLOBAL_THEMES,FINE_POOL,MH_LEVEL_EQ,5,3.0,0,,,,,,,,34,0.003833946359324031,0.004993273874004611,0.5588235294117647,1.489160194892878,0.13644518983719203,0,"HISTORICAL UK RETAIL, ACCOUNT AND BROKER ELIGIBILITY REMAIN UNRESOLVED",0,,,,,,
POOL_GLOBAL_THEMES,FINE_POOL,MH_LEVEL_EQ,10,3.0,0,,,,,,,,33,0.006529909683272999,0.0040497080069583635,0.6060606060606061,1.5897181699873888,0.1118983461296459,0,"HISTORICAL UK RETAIL, ACCOUNT AND BROKER ELIGIBILITY REMAIN UNRESOLVED",0,,,,,,
POOL_GLOBAL_THEMES,FINE_POOL,MH_LEVEL_EQ,21,3.0,0,,,,,,,,30,0.011097925221320575,0.012847836035935645,0.7333333333333333,3.2915423697935475,0.0009963960609581737,0,"HISTORICAL UK RETAIL, ACCOUNT AND BROKER ELIGIBILITY REMAIN UNRESOLVED",0,,,,,,
POOL_GLOBAL_THEMES,FINE_POOL,MH_LEVEL_EQ,42,3.0,0,,,,,,,,26,0.01793930330155091,0.017244761854725343,0.7692307692307693,2.2992716594314224,0.02148951808248674,0,"HISTORICAL UK RETAIL, ACCOUNT AND BROKER ELIGIBILITY REMAIN UNRESOLVED",0,,,,,,
POOL_GLOBAL_THEMES,FINE_POOL,MH_LEVEL_EQ,63,3.0,0,,,,,,,,22,0.02290898020961317,0.021409385461056196,0.8181818181818182,1.8579073127299242,0.06318217775585981,0,"HISTORICAL UK RETAIL, ACCOUNT AND BROKER ELIGIBILITY REMAIN UNRESOLVED",0,,,,,,
POOL_GLOBAL_THEMES,FINE_POOL,MH_LEVEL_EQ,126,3.0,0,,,,,,,,9,0.020041783223093728,0.030292894707593998,0.5555555555555556,1.2769535054435563,0.20161866248332572,0,"HISTORICAL UK RETAIL, ACCOUNT AND BROKER ELIGIBILITY REMAIN UNRESOLVED",0,,,,,,
POOL_GLOBAL_THEMES,FINE_POOL,MH_LEVEL_RECENCY_TILT,5,3.0,0,,,,,,,,34,0.0004507172500976411,-0.0011415334834345425,0.47058823529411764,0.17113985892837094,0.8641137952823036,0,"HISTORICAL UK RETAIL, ACCOUNT AND BROKER ELIGIBILITY REMAIN UNRESOLVED",0,,,,,,
POOL_GLOBAL_THEMES,FINE_POOL,MH_LEVEL_RECENCY_TILT,10,3.0,0,,,,,,,,33,0.0030515371694506874,0.0013698148460334902,0.5454545454545454,0.827198587070689,0.40812451236953173,0,"HISTORICAL UK RETAIL, ACCOUNT AND BROKER ELIGIBILITY REMAIN UNRESOLVED",0,,,,,,
POOL_GLOBAL_THEMES,FINE_POOL,MH_LEVEL_RECENCY_TILT,21,3.0,0,,,,,,,,30,0.003594261913615319,0.004567891999548657,0.5666666666666667,0.9180840230427799,0.35857487863861837,0,"HISTORICAL UK RETAIL, ACCOUNT AND BROKER ELIGIBILITY REMAIN UNRESOLVED",0,,,,,,
POOL_GLOBAL_THEMES,FINE_POOL,MH_LEVEL_RECENCY_TILT,42,3.0,0,,,,,,,,26,0.008568051057798723,0.011229767168197569,0.6538461538461539,0.9910940862964829,0.32163964037179027,0,"HISTORICAL UK RETAIL, ACCOUNT AND BROKER ELIGIBILITY REMAIN UNRESOLVED",0,,,,,,
POOL_GLOBAL_THEMES,FINE_POOL,MH_LEVEL_RECENCY_TILT,63,3.0,0,,,,,,,,22,0.015301631432850864,0.021409385461056196,0.7727272727272727,0.9821914609304642,0.3260055335738047,0,"HISTORICAL UK RETAIL, ACCOUNT AND BROKER ELIGIBILITY REMAIN UNRESOLVED",0,,,,,,
POOL_GLOBAL_THEMES,FINE_POOL,MH_LEVEL_RECENCY_TILT,126,3.0,0,,,,,,,,9,0.0014509831933247187,0.030292894707593998,0.5555555555555556,0.047099716939684524,0.962433752938287,0,"HISTORICAL UK RETAIL, ACCOUNT AND BROKER ELIGIBILITY REMAIN UNRESOLVED",0,,,,,,
POOL_GLOBAL_THEMES,FINE_POOL,PAIRWISE_MAJORITY_5H,5,3.0,0,,,,,,,,34,0.0023999689696695935,0.0008630099300340754,0.5,0.905713482594874,0.3650875243522397,0,"HISTORICAL UK RETAIL, ACCOUNT AND BROKER ELIGIBILITY REMAIN UNRESOLVED",0,,,,,,
POOL_GLOBAL_THEMES,FINE_POOL,PAIRWISE_MAJORITY_5H,10,3.0,0,,,,,,,,33,0.0048047429721505735,0.0013698148460334902,0.5454545454545454,1.1795837498097799,0.23816580919274088,0,"HISTORICAL UK RETAIL, ACCOUNT AND BROKER ELIGIBILITY REMAIN UNRESOLVED",0,,,,,,
POOL_GLOBAL_THEMES,FINE_POOL,PAIRWISE_MAJORITY_5H,21,3.0,0,,,,,,,,30,0.005874601416001812,0.006533671503710203,0.6333333333333333,1.099118418960179,0.27171641684332304,0,"HISTORICAL UK RETAIL, ACCOUNT AND BROKER ELIGIBILITY REMAIN UNRESOLVED",0,,,,,,
POOL_GLOBAL_THEMES,FINE_POOL,PAIRWISE_MAJORITY_5H,42,3.0,0,,,,,,,,26,0.01145541916686217,0.015129868458900853,0.6923076923076923,0.9318884813401684,0.3513941610381883,0,"HISTORICAL UK RETAIL, ACCOUNT AND BROKER ELIGIBILITY REMAIN UNRESOLVED",0,,,,,,
POOL_GLOBAL_THEMES,FINE_POOL,PAIRWISE_MAJORITY_5H,63,3.0,0,,,,,,,,22,0.014929735459688993,0.021409385461056196,0.7727272727272727,0.8134012974947487,0.4159880156760344,0,"HISTORICAL UK RETAIL, ACCOUNT AND BROKER ELIGIBILITY REMAIN UNRESOLVED",0,,,,,,
POOL_GLOBAL_THEMES,FINE_POOL,PAIRWISE_MAJORITY_5H,126,3.0,0,,,,,,,,9,-0.012815726886319564,-0.024199387417323193,0.4444444444444444,-0.4493484947035773,0.6531802798634596,0,"HISTORICAL UK RETAIL, ACCOUNT AND BROKER ELIGIBILITY REMAIN UNRESOLVED",0,,,,,,
POOL_GLOBAL_THEMES,FINE_POOL,RRG_TRANSPARENT_LEVEL,5,5.3133333333333335,35,-0.06225294687472118,-0.07381473422868255,0.42857142857142855,-0.9447695032913663,0.3447765645645573,-0.19139929778980774,0.06689340404036537,150,-0.0016244602727377214,0.0008883431017572274,0.5133333333333333,-0.8937182963094297,0.3714726335447749,35,"HISTORICAL UK RETAIL, ACCOUNT AND BROKER ELIGIBILITY REMAIN UNRESOLVED",5,0.0030150799909856555,-0.0017994975535641025,-0.0008435297171165967,-0.00025179961390948773,-0.005369374784290787,0.5
POOL_GLOBAL_THEMES,FINE_POOL,RRG_TRANSPARENT_LEVEL,10,5.143884892086331,30,-0.03623067783561904,-0.07749644004494292,0.4666666666666667,-0.4322713172019739,0.665544231266486,-0.2005044125653002,0.12804305689406212,139,-0.0010223600170643546,-0.0039061697482392077,0.45323741007194246,-0.3334583166970972,0.7387883490783098,30,"HISTORICAL UK RETAIL, ACCOUNT AND BROKER ELIGIBILITY REMAIN UNRESOLVED",5,-0.0017457781295404395,-0.006188128135460635,-0.0021310273645225933,-0.0007761778018458911,-0.008117105590488019,0.5
POOL_GLOBAL_THEMES,FINE_POOL,RRG_TRANSPARENT_LEVEL,21,4.6752136752136755,19,-0.0035503138702119384,-0.0529220094471566,0.42105263157894735,-0.027353380688351688,0.9781778811421916,-0.25794253685388324,0.2508419091134594,117,-0.0007816076738653851,-0.0032488762211728694,0.48717948717948717,-0.14926632471053863,0.8813434865343467,19,"HISTORICAL UK RETAIL, ACCOUNT AND BROKER ELIGIBILITY REMAIN UNRESOLVED",5,-0.023180438063532937,-0.01375494488143778,-0.018706582425011487,-0.009517772036045737,-0.019517964441153893,0.5
POOL_GLOBAL_THEMES,FINE_POOL,RRG_TRANSPARENT_LEVEL,42,3.567901234567901,3,0.09402085163243457,0.1345101073448561,0.6666666666666666,2.7015443697809953,0.006901827079828894,0.025808948449702676,0.16223275481516647,81,0.0022810060265704164,0.015065814760182095,0.6172839506172839,0.21672668416934332,0.8284213512526039,3,"HISTORICAL UK RETAIL, ACCOUNT AND BROKER ELIGIBILITY REMAIN UNRESOLVED",5,-0.016406906748579964,0.0102666538480501,-0.07526313914772688,0.01500070570992342,-0.025935231970409284,0.5
POOL_GLOBAL_THEMES,FINE_POOL,RRG_TRANSPARENT_LEVEL,63,3.1774193548387095,0,,,,,,,,62,0.0021868613953923,0.004675543954005934,0.5967741935483871,0.1344506262156753,0.8930462510771221,0,"HISTORICAL UK RETAIL, ACCOUNT AND BROKER ELIGIBILITY REMAIN UNRESOLVED",0,,,,,,
POOL_GLOBAL_THEMES,FINE_POOL,RRG_TRANSPARENT_LEVEL,126,3.0,0,,,,,,,,34,0.02943663981453972,0.02072880890238271,0.6470588235294118,3.406901238593697,0.000657048971364613,0,"HISTORICAL UK RETAIL, ACCOUNT AND BROKER ELIGIBILITY REMAIN UNRESOLVED",0,,,,,,
POOL_GLOBAL_THEMES,FINE_POOL,RRG_TRANSPARENT_MOMENTUM,5,4.6875,18,0.011676873051911597,0.14523809523809528,0.5555555555555556,0.12874700379126247,0.8975578412398727,-0.16608455020340948,0.18943829630723266,112,-0.00010328158211255529,-0.0010817083030528751,0.4732142857142857,-0.0544565081256185,0.956571458629601,18,"HISTORICAL UK RETAIL, ACCOUNT AND BROKER ELIGIBILITY REMAIN UNRESOLVED",5,0.003985850996164558,0.00907181535625977,0.008376806688194023,0.005099522464872572,0.002839608187008617,0.25
POOL_GLOBAL_THEMES,FINE_POOL,RRG_TRANSPARENT_MOMENTUM,10,4.3861386138613865,13,-0.1557117711262414,-0.08800885413611156,0.38461538461538464,-1.1473186622263598,0.25124994377465937,-0.42171412376309303,0.11029058151061022,101,-0.0010310377696566033,-0.003317244616015458,0.4752475247524752,-0.3291807609528456,0.7420190638649193,13,"HISTORICAL UK RETAIL, ACCOUNT AND BROKER ELIGIBILITY REMAIN UNRESOLVED",5,0.011053262642560261,0.024558013131914934,0.019661733912249443,0.004366846590045188,-0.0057880914472065335,0.25
POOL_GLOBAL_THEMES,FINE_POOL,RRG_TRANSPARENT_MOMENTUM,21,3.575,3,-0.11549909167639692,-0.009090909090909092,0.3333333333333333,-0.8387592353192217,0.40160443040047267,-0.38539067724763976,0.15439249389484588,80,0.0006762767797020758,0.003496103829428998,0.5375,0.14272291758535352,0.8865090163927344,3,"HISTORICAL UK RETAIL, ACCOUNT AND BROKER ELIGIBILITY REMAIN UNRESOLVED",5,0.028718464714612202,0.03678989931496693,-0.001431527749382831,-0.004841438898242126,-0.021083876319421435,0.25
POOL_GLOBAL_THEMES,FINE_POOL,RRG_TRANSPARENT_MOMENTUM,42,3.1774193548387095,0,,,,,,,,62,-0.004276582368145681,-0.0002570412892643481,0.4838709677419355,-0.5854281438050073,0.5582598694961127,0,"HISTORICAL UK RETAIL, ACCOUNT AND BROKER ELIGIBILITY REMAIN UNRESOLVED",0,,,,,,
POOL_GLOBAL_THEMES,FINE_POOL,RRG_TRANSPARENT_MOMENTUM,63,3.1372549019607843,0,,,,,,,,51,0.00015365344722250392,0.005209387632586937,0.5490196078431373,0.014855064580151385,0.9881478092330085,0,"HISTORICAL UK RETAIL, ACCOUNT AND BROKER ELIGIBILITY REMAIN UNRESOLVED",0,,,,,,
POOL_GLOBAL_THEMES,FINE_POOL,RRG_TRANSPARENT_MOMENTUM,126,3.0,0,,,,,,,,30,0.01419103277641581,0.032885977675431444,0.6666666666666666,0.7904592679106441,0.42925960105664085,0,"HISTORICAL UK RETAIL, ACCOUNT AND BROKER ELIGIBILITY REMAIN UNRESOLVED",0,,,,,,
POOL_GLOBAL_THEMES,FINE_POOL,RS_126,5,5.3133333333333335,35,-0.08300080871509441,-0.08181818181818193,0.45714285714285713,-1.2794741352494765,0.20073014208796724,-0.21014569682771234,0.04414407939752352,150,-0.0013282846805823508,0.0008583949984067862,0.5066666666666667,-0.7550876240677912,0.4501964083736909,35,"HISTORICAL UK RETAIL, ACCOUNT AND BROKER ELIGIBILITY REMAIN UNRESOLVED",5,0.0012894969933907503,0.0026295269928413123,-0.0023610771289284994,-0.005175877762865945,-0.00038871744665518247,0.5
POOL_GLOBAL_THEMES,FINE_POOL,RS_126,10,5.143884892086331,30,-0.054085914085914115,-0.06298701298701295,0.43333333333333335,-0.6014349653610089,0.5475503158756216,-0.23034178510214168,0.12216995693031343,139,-0.00029518818697184544,-0.001098157884257489,0.48201438848920863,-0.10503872499523233,0.916345080564302,30,"HISTORICAL UK RETAIL, ACCOUNT AND BROKER ELIGIBILITY REMAIN UNRESOLVED",5,-0.0018897528567890147,0.0006515819425216167,-0.004648939286920372,-0.010690787411381346,0.004294981576803225,0.5
POOL_GLOBAL_THEMES,FINE_POOL,RS_126,21,4.6752136752136755,19,0.0007308480992691524,-0.04175824175824179,0.3684210526315789,0.006418718601119648,0.9948786386946896,-0.22243455947713187,0.22389625567567017,117,0.0012251019388791976,0.0003390434106393947,0.5042735042735043,0.24074633473624424,0.8097517249846289,19,"HISTORICAL UK RETAIL, ACCOUNT AND BROKER ELIGIBILITY REMAIN UNRESOLVED",5,-0.02584912375994915,-0.004013676566151604,-0.029629706234745402,-0.018518470851090138,0.0005984776864315838,0.75
POOL_GLOBAL_THEMES,FINE_POOL,RS_126,42,3.567901234567901,3,0.16187146187146184,0.22377622377622378,1.0,3.345734883460244,0.0008206482001686255,0.06704558760350635,0.25669733613941736,81,0.00302454322995295,0.01227285301113823,0.5925925925925926,0.2614413953123103,0.7937521378935174,3,"HISTORICAL UK RETAIL, ACCOUNT AND BROKER ELIGIBILITY REMAIN UNRESOLVED",5,-0.038873594717562646,-0.0019781874456280325,-0.04486404140800931,-0.003038563613668314,-0.007895962646817557,0.5
POOL_GLOBAL_THEMES,FINE_POOL,RS_126,63,3.1774193548387095,0,,,,,,,,62,0.004860485944350869,0.01070807924586814,0.6451612903225806,0.2798755178901568,0.7795730107937707,0,"HISTORICAL UK RETAIL, ACCOUNT AND BROKER ELIGIBILITY REMAIN UNRESOLVED",0,,,,,,
POOL_GLOBAL_THEMES,FINE_POOL,RS_126,126,3.0,0,,,,,,,,34,0.04636073180208556,0.04569000791959499,0.7647058823529411,4.392556360771098,1.1202557579158165e-05,0,"HISTORICAL UK RETAIL, ACCOUNT AND BROKER ELIGIBILITY REMAIN UNRESOLVED",0,,,,,,
POOL_GLOBAL_THEMES,FINE_POOL,RS_21,5,6.815686274509804,263,0.029316817529745288,0.023809523809523808,0.5399239543726235,1.086189882690384,0.27739499248060284,-0.023583607538946037,0.08221724259843662,510,5.8127369694545973e-05,-0.0006149772702992995,0.48627450980392156,0.05735725223396892,0.9542606146859258,216,"HISTORICAL UK RETAIL, ACCOUNT AND BROKER ELIGIBILITY REMAIN UNRESOLVED",5,0.0008204812323210875,0.00012825655358735425,0.0012781983180529613,0.0004184882696777402,0.00034613833030269097,0.25
POOL_GLOBAL_THEMES,FINE_POOL,RS_21,10,6.736514522821577,240,0.04799110611610612,0.06813186813186814,0.5666666666666667,1.5239144570191643,0.12753008154885867,-0.013732069441788751,0.10971428167400099,482,0.002101904521906011,-0.0004020946778349188,0.4896265560165975,1.2165949177409134,0.22375837736255966,199,"HISTORICAL UK RETAIL, ACCOUNT AND BROKER ELIGIBILITY REMAIN UNRESOLVED",5,-0.0031000243875974214,-0.0017359983830661258,0.004618290505550958,0.0009357269446992593,0.0005914914207531488,0.5
POOL_GLOBAL_THEMES,FINE_POOL,RS_21,21,6.528985507246377,188,0.08075328926392755,0.1101398601398601,0.601063829787234,1.8552379062623858,0.06356226084199945,-0.004558431705220453,0.16606501023307557,414,0.006108810541076169,0.00354183928384344,0.533816425120773,1.8308331012467969,0.0671254580351065,159,"HISTORICAL UK RETAIL, ACCOUNT AND BROKER ELIGIBILITY REMAIN UNRESOLVED",5,-0.011798678572205954,-0.0033928983600103155,0.005151482372485748,0.007722530199867509,0.0016008992097413027,0.75
POOL_GLOBAL_THEMES,FINE_POOL,RS_21,42,6.191082802547771,123,0.1266139010041449,0.14725274725274723,0.6666666666666666,2.5397191759161277,0.011094150824952829,0.028902827959729288,0.22432497404856053,314,0.009272881941466266,0.008695140488249264,0.5700636942675159,1.6024093553613958,0.10906511740824956,106,"HISTORICAL UK RETAIL, ACCOUNT AND BROKER ELIGIBILITY REMAIN UNRESOLVED",5,-0.007196975394358937,-1.5964819792942582e-06,0.009295552668296675,0.03004541655394635,0.01573309741771741,0.75
POOL_GLOBAL_THEMES,FINE_POOL,RS_21,63,5.984,85,0.1778560655031243,0.2175824175824176,0.6823529411764706,2.9778715307156887,0.0029025761886086864,0.060795447131068006,0.2949166838751806,250,0.011187481108831129,0.009698805155673673,0.556,1.413574051592936,0.15748700455762066,76,"HISTORICAL UK RETAIL, ACCOUNT AND BROKER ELIGIBILITY REMAIN UNRESOLVED",5,-0.0021867385159013066,0.0033179097204777963,0.04052184633826117,0.06379497936794559,0.0373596859597804,0.75
POOL_GLOBAL_THEMES,FINE_POOL,RS_21,126,4.661016949152542,19,0.25468566521198105,0.21978021978021975,0.8947368421052632,4.765681102106139,1.8821675029404958e-06,0.14994203665204575,0.35942929377191635,118,0.015371924650606392,0.012170624841368438,0.5932203389830508,0.9112707099438854,0.36215275523813417,19,"HISTORICAL UK RETAIL, ACCOUNT AND BROKER ELIGIBILITY REMAIN UNRESOLVED",5,-0.04184244224942776,0.010896698267838671,0.08816565111173166,0.10171049440313373,0.027755364443041296,0.75
POOL_GLOBAL_THEMES,FINE_POOL,RS_252,5,3.0,0,,,,,,,,34,0.004591389377880254,0.006711728379188875,0.5294117647058824,1.7344051584968787,0.08284622044278843,0,"HISTORICAL UK RETAIL, ACCOUNT AND BROKER ELIGIBILITY REMAIN UNRESOLVED",0,,,,,,
POOL_GLOBAL_THEMES,FINE_POOL,RS_252,10,3.0,0,,,,,,,,33,0.008000827749322894,0.011915570176538326,0.6666666666666666,1.8673102273809414,0.06185827800279759,0,"HISTORICAL UK RETAIL, ACCOUNT AND BROKER ELIGIBILITY REMAIN UNRESOLVED",0,,,,,,
POOL_GLOBAL_THEMES,FINE_POOL,RS_252,21,3.0,0,,,,,,,,30,0.016589008688462203,0.018183116179941727,0.7,2.649567718441117,0.008059481872846481,0,"HISTORICAL UK RETAIL, ACCOUNT AND BROKER ELIGIBILITY REMAIN UNRESOLVED",0,,,,,,
POOL_GLOBAL_THEMES,FINE_POOL,RS_252,42,3.0,0,,,,,,,,26,0.028170261790446842,0.0372430890066936,0.8846153846153846,3.823106676886008,0.0001317807311768297,0,"HISTORICAL UK RETAIL, ACCOUNT AND BROKER ELIGIBILITY REMAIN UNRESOLVED",0,,,,,,
POOL_GLOBAL_THEMES,FINE_POOL,RS_252,63,3.0,0,,,,,,,,22,0.03570827816368938,0.02975249939974678,1.0,6.592029166643363,4.338553312135846e-11,0,"HISTORICAL UK RETAIL, ACCOUNT AND BROKER ELIGIBILITY REMAIN UNRESOLVED",0,,,,,,
POOL_GLOBAL_THEMES,FINE_POOL,RS_252,126,3.0,0,,,,,,,,9,0.07824561114554765,0.07573282927205294,1.0,6.891641327858376,5.515229017645829e-12,0,"HISTORICAL UK RETAIL, ACCOUNT AND BROKER ELIGIBILITY REMAIN UNRESOLVED",0,,,,,,
POOL_GLOBAL_THEMES,FINE_POOL,RS_42,5,6.5657568238213395,182,0.025209405978636756,0.07922077922077927,0.532967032967033,0.8114987562336348,0.41707930686407657,-0.03567735128405891,0.08609616324133242,403,-0.00020568725821308397,0.0007606475500949728,0.5062034739454094,-0.18384710338539628,0.8541334027260941,156,"HISTORICAL UK RETAIL, ACCOUNT AND BROKER ELIGIBILITY REMAIN UNRESOLVED",5,0.00027350164155149443,-0.0016330953835412213,0.0002302348451207837,0.0016591697902501607,0.0010415700089323968,0.5
POOL_GLOBAL_THEMES,FINE_POOL,RS_42,10,6.48404255319149,164,0.05047371327859132,0.03496503496503496,0.5487804878048781,1.4542388821129204,0.14588008853627826,-0.017552703432469022,0.11850012998965166,376,0.0012597845729876074,-0.0001771471335086372,0.4973404255319149,0.6785599719055814,0.4974167125293405,142,"HISTORICAL UK RETAIL, ACCOUNT AND BROKER ELIGIBILITY REMAIN UNRESOLVED",5,-0.001956167043029762,-9.845786601119012e-05,-0.0019409526436100796,0.0041430857866920304,0.0026626526255029907,0.5
POOL_GLOBAL_THEMES,FINE_POOL,RS_42,21,6.185897435897436,121,0.09001797100970654,0.07692307692307689,0.6115702479338843,1.7068501550168669,0.08784990741974859,-0.013349029673872512,0.1933849716932856,312,0.0026878352105150624,0.004115021438249822,0.5608974358974359,0.7085462305865261,0.4786061135989602,105,"HISTORICAL UK RETAIL, ACCOUNT AND BROKER ELIGIBILITY REMAIN UNRESOLVED",5,-0.0045059187822142355,-0.001698524580664011,0.0032362682107795536,0.013112625531771343,0.005733788336221343,0.75
POOL_GLOBAL_THEMES,FINE_POOL,RS_42,42,5.992,84,0.1670787545787546,0.17527472527472526,0.6428571428571429,1.8777173167095718,0.06041984650163294,-0.007318285189726964,0.3414757943472362,250,0.0069381261154099075,0.006444666204451943,0.56,0.9802696149549752,0.3269530491783832,76,"HISTORICAL UK RETAIL, ACCOUNT AND BROKER ELIGIBILITY REMAIN UNRESOLVED",5,-0.01277647309817751,0.0014874280315916814,0.015186637117717677,0.03590019167714083,0.016722640249935153,0.75
POOL_GLOBAL_THEMES,FINE_POOL,RS_42,63,5.79126213592233,62,0.19168304813466103,0.22692307692307695,0.7096774193548387,2.6246040576510383,0.008674978048558938,0.04854074455724866,0.3348253517120734,206,0.009584405848318068,0.005450797974628996,0.529126213592233,1.0633480178397507,0.28762415693985466,58,"HISTORICAL UK RETAIL, ACCOUNT AND BROKER ELIGIBILITY REMAIN UNRESOLVED",5,-0.01810285588519503,0.005359917259964182,0.03168832595584643,0.06222750355975809,0.024190932970721897,0.75
POOL_GLOBAL_THEMES,FINE_POOL,RS_42,126,3.580246913580247,3,0.3078255078255078,0.3010989010989011,1.0,4.7577109142914855,1.9580063148184227e-06,0.18101517408950046,0.4346358415615152,81,0.0040858789843079705,0.009426476897571145,0.5555555555555556,0.2477581447870897,0.8043215409789701,3,"HISTORICAL UK RETAIL, ACCOUNT AND BROKER ELIGIBILITY REMAIN UNRESOLVED",5,-0.048976284079613096,0.06212285584510851,0.09461328023899444,0.09415073592736073,0.06493789071040737,0.5
POOL_GLOBAL_THEMES,FINE_POOL,RS_63,5,6.213815789473684,118,0.048458321339677285,0.026373626373626405,0.5423728813559322,1.2636007953359356,0.2063733479926727,-0.02670510442548786,0.12362174710484243,304,0.00030467982326776605,0.0012329467852630893,0.5230263157894737,0.23125381786036897,0.8171176222803254,103,"HISTORICAL UK RETAIL, ACCOUNT AND BROKER ELIGIBILITY REMAIN UNRESOLVED",5,0.0006835092921311684,-0.0014112827530747992,0.005728061780756993,0.00369903247127311,-0.0008849696934487032,0.25
POOL_GLOBAL_THEMES,FINE_POOL,RS_63,10,6.147368421052631,106,0.08352041040720287,0.09945054945054943,0.5660377358490566,1.8843651970989,0.05951559406924739,-0.003350752690132977,0.1703915735045387,285,0.0019509600041175692,0.00030138014407121716,0.512280701754386,0.9039667620091983,0.36601302622792153,94,"HISTORICAL UK RETAIL, ACCOUNT AND BROKER ELIGIBILITY REMAIN UNRESOLVED",5,-0.0043806467672975885,0.00044563352613644314,0.006917538111663387,0.007340673256871287,-0.0006253322922791097,0.75
POOL_GLOBAL_THEMES,FINE_POOL,RS_63,21,5.991935483870968,83,0.12261152502116357,0.10000000000000002,0.5903614457831325,1.6900690684030522,0.09101474168996584,-0.019580399334972576,0.2648034493772997,248,0.004569859129279585,0.0020674711419025327,0.532258064516129,1.104395401605983,0.26942165465478496,75,"HISTORICAL UK RETAIL, ACCOUNT AND BROKER ELIGIBILITY REMAIN UNRESOLVED",5,-0.01997383166916807,0.0011363684169304615,0.0125520138898355,0.011487060271882345,0.00048572009021679555,0.5
POOL_GLOBAL_THEMES,FINE_POOL,RS_63,42,5.777777777777778,62,0.15004941295263874,0.18241758241758244,0.6774193548387096,1.5975744041476097,0.11013772662218438,-0.034036814596470705,0.33413564050174815,207,0.007361430186466065,0.008752532678807157,0.5845410628019324,0.8835764259901473,0.3769249094052267,58,"HISTORICAL UK RETAIL, ACCOUNT AND BROKER ELIGIBILITY REMAIN UNRESOLVED",5,-0.031154572610169275,-0.0037809508262967363,0.013111479738633528,0.03185938934766858,0.006491224266992632,0.75
POOL_GLOBAL_THEMES,FINE_POOL,RS_63,63,5.5212121212121215,42,0.08199181770610339,0.09415584415584419,0.6428571428571429,1.1225051533839188,0.2616477176512383,-0.0611710080916088,0.2251546435038156,165,0.006097810448981309,0.005209387632586937,0.5393939393939394,0.51548117143754,0.6062168234959284,42,"HISTORICAL UK RETAIL, ACCOUNT AND BROKER ELIGIBILITY REMAIN UNRESOLVED",5,-0.047326809083325025,0.005864522211995895,0.011268120175619943,0.045545536633627606,0.0008064912517660042,0.75
POOL_GLOBAL_THEMES,FINE_POOL,RS_63,126,3.1774193548387095,0,,,,,,,,62,-0.01090122907347876,-0.013055930159216522,0.41935483870967744,-0.550300405092744,0.5821133464393045,0,"HISTORICAL UK RETAIL, ACCOUNT AND BROKER ELIGIBILITY REMAIN UNRESOLVED",0,,,,,,
POOL_GLOBAL_THEMES,FINE_POOL,SHORT_MINUS_LONG_RS,5,3.0,0,,,,,,,,34,-0.0029429338372835403,-0.0026416718170956255,0.4411764705882353,-1.2130097133772835,0.2251261068367083,0,"HISTORICAL UK RETAIL, ACCOUNT AND BROKER ELIGIBILITY REMAIN UNRESOLVED",0,,,,,,
POOL_GLOBAL_THEMES,FINE_POOL,SHORT_MINUS_LONG_RS,10,3.0,0,,,,,,,,33,-0.0035259036543692055,-0.0007136359870036912,0.48484848484848486,-0.9403888373062014,0.3470181459137627,0,"HISTORICAL UK RETAIL, ACCOUNT AND BROKER ELIGIBILITY REMAIN UNRESOLVED",0,,,,,,
POOL_GLOBAL_THEMES,FINE_POOL,SHORT_MINUS_LONG_RS,21,3.0,0,,,,,,,,30,-0.006287432100513168,-0.0018249887673543186,0.43333333333333335,-0.8000139871991102,0.4237026932652761,0,"HISTORICAL UK RETAIL, ACCOUNT AND BROKER ELIGIBILITY REMAIN UNRESOLVED",0,,,,,,
POOL_GLOBAL_THEMES,FINE_POOL,SHORT_MINUS_LONG_RS,42,3.0,0,,,,,,,,26,-0.006881761387545444,0.0012635941998913047,0.5384615384615384,-0.7316784706748721,0.4643648400902253,0,"HISTORICAL UK RETAIL, ACCOUNT AND BROKER ELIGIBILITY REMAIN UNRESOLVED",0,,,,,,
POOL_GLOBAL_THEMES,FINE_POOL,SHORT_MINUS_LONG_RS,63,3.0,0,,,,,,,,22,-0.0030679629828291462,-0.004962717502568104,0.45454545454545453,-0.3181199960744798,0.7503939162419102,0,"HISTORICAL UK RETAIL, ACCOUNT AND BROKER ELIGIBILITY REMAIN UNRESOLVED",0,,,,,,
POOL_GLOBAL_THEMES,FINE_POOL,SHORT_MINUS_LONG_RS,126,3.0,0,,,,,,,,9,-0.02430060719569656,0.020529639258563215,0.5555555555555556,-0.8303990543025872,0.4063132001237565,0,"HISTORICAL UK RETAIL, ACCOUNT AND BROKER ELIGIBILITY REMAIN UNRESOLVED",0,,,,,,
POOL_HEDGED_GEOGRAPHY_VARIANTS,FINE_POOL,ACCEL_FAST_COMPOSITE,5,3.8719723183391004,34,-0.08136186973953395,-0.15000000000000002,0.38235294117647056,-0.6900193074653604,0.49018204567284396,-0.3124660325927323,0.14974229311366444,289,-0.00292306769127415,-0.0022212878384495482,0.4359861591695502,-2.684799805374639,0.007257326181716146,0,"HISTORICAL UK RETAIL, ACCOUNT AND BROKER ELIGIBILITY REMAIN UNRESOLVED",0,,,,,,
POOL_HEDGED_GEOGRAPHY_VARIANTS,FINE_POOL,ACCEL_FAST_COMPOSITE,10,3.845878136200717,29,-0.14356565607611876,-0.29999999999999993,0.3103448275862069,-1.08435243489211,0.2782085647415169,-0.4030601767427815,0.11592886459054397,279,-0.0025503639321670835,-0.0010607085153875317,0.45878136200716846,-1.770794291195736,0.07659491562006689,0,"HISTORICAL UK RETAIL, ACCOUNT AND BROKER ELIGIBILITY REMAIN UNRESOLVED",0,,,,,,
POOL_HEDGED_GEOGRAPHY_VARIANTS,FINE_POOL,ACCEL_FAST_COMPOSITE,21,3.7915057915057915,20,-0.24177428127399128,-0.22694837640638654,0.4,-2.508199534862485,0.012134812146167035,-0.43070218637028984,-0.05284637617769272,259,-0.002414335078314404,-0.0017824451594909974,0.4749034749034749,-1.03408278332913,0.3010974642028462,0,"HISTORICAL UK RETAIL, ACCOUNT AND BROKER ELIGIBILITY REMAIN UNRESOLVED",0,,,,,,
POOL_HEDGED_GEOGRAPHY_VARIANTS,FINE_POOL,ACCEL_FAST_COMPOSITE,42,3.7316017316017316,12,-0.3818538882694251,-0.5821440468234174,0.25,-2.477149008384907,0.013243659786968742,-0.6839834193680094,-0.07972435717084081,231,-0.0028029270118766973,-0.0032167695484963676,0.45021645021645024,-0.6559147243523105,0.5118789937142614,0,"HISTORICAL UK RETAIL, ACCOUNT AND BROKER ELIGIBILITY REMAIN UNRESOLVED",0,,,,,,
POOL_HEDGED_GEOGRAPHY_VARIANTS,FINE_POOL,ACCEL_FAST_COMPOSITE,63,3.6485148514851486,4,0.06650046535398985,0.08819660112501053,0.5,0.7187048544763753,0.4723227916159023,-0.1148514710315437,0.2478524017395234,202,-0.0011899904344761794,0.0019034771037388376,0.5346534653465347,-0.24500644306860547,0.806451442534624,0,"HISTORICAL UK RETAIL, ACCOUNT AND BROKER ELIGIBILITY REMAIN UNRESOLVED",0,,,,,,
POOL_HEDGED_GEOGRAPHY_VARIANTS,FINE_POOL,ACCEL_FAST_COMPOSITE,126,3.5810055865921786,0,,,,,,,,179,0.009338047333597896,0.01437808774345739,0.5865921787709497,1.7581045975523943,0.07872971365555567,0,"HISTORICAL UK RETAIL, ACCOUNT AND BROKER ELIGIBILITY REMAIN UNRESOLVED",0,,,,,,
POOL_HEDGED_GEOGRAPHY_VARIANTS,FINE_POOL,DISCRETE_RECENT_CONSISTENCY,5,4.050131926121372,81,0.032098765432098775,0.09999999999999998,0.5555555555555556,0.46241568824333124,0.6437832511037409,-0.10395289932458493,0.16815043018878248,379,6.363615707690778e-06,-0.0001465984247812635,0.49868073878627966,0.006645082147324397,0.994698030569359,0,"HISTORICAL UK RETAIL, ACCOUNT AND BROKER ELIGIBILITY REMAIN UNRESOLVED",0,,,,,,
POOL_HEDGED_GEOGRAPHY_VARIANTS,FINE_POOL,DISCRETE_RECENT_CONSISTENCY,10,4.024793388429752,73,-0.0013698630136986206,0.0,0.4931506849315068,-0.016406797004852577,0.9869098572541922,-0.1650143677764928,0.16227464174909556,363,0.00021681242969856594,0.0005166502579032617,0.5234159779614325,0.13859017517243272,0.8897740074601804,0,"HISTORICAL UK RETAIL, ACCOUNT AND BROKER ELIGIBILITY REMAIN UNRESOLVED",0,,,,,,
POOL_HEDGED_GEOGRAPHY_VARIANTS,FINE_POOL,DISCRETE_RECENT_CONSISTENCY,21,3.9696969696969697,56,0.001785714285714299,0.04999999999999999,0.5,0.013312336324032378,0.989378606097325,-0.2611234852332583,0.26469491380468685,330,0.0019630523086036924,-0.0001035062031879419,0.49393939393939396,0.7488677659379339,0.4539369103392612,0,"HISTORICAL UK RETAIL, ACCOUNT AND BROKER ELIGIBILITY REMAIN UNRESOLVED",0,,,,,,
POOL_HEDGED_GEOGRAPHY_VARIANTS,FINE_POOL,DISCRETE_RECENT_CONSISTENCY,42,3.8956228956228958,40,0.050000000000000024,0.15000000000000002,0.55,0.2804871617828496,0.779103773742827,-0.29938568526309944,0.39938568526309953,297,0.006961686610319642,0.0015378883831154155,0.5286195286195287,1.479255009635172,0.13907217232595523,0,"HISTORICAL UK RETAIL, ACCOUNT AND BROKER ELIGIBILITY REMAIN UNRESOLVED",0,,,,,,
POOL_HEDGED_GEOGRAPHY_VARIANTS,FINE_POOL,DISCRETE_RECENT_CONSISTENCY,63,3.803030303030303,23,0.3391304347826087,0.6000000000000001,0.6956521739130435,1.3423780643252738,0.17947344342781624,-0.15602324501877857,0.8342841145839959,264,0.014621982669682865,0.009932483452505303,0.6287878787878788,2.183880509824393,0.02897102954327971,0,"HISTORICAL UK RETAIL, ACCOUNT AND BROKER ELIGIBILITY REMAIN UNRESOLVED",0,,,,,,
POOL_HEDGED_GEOGRAPHY_VARIANTS,FINE_POOL,DISCRETE_RECENT_CONSISTENCY,126,3.5989304812834226,0,,,,,,,,187,0.03188651619988797,0.023562343902991945,0.5935828877005348,2.137824661417383,0.03253097665781249,0,"HISTORICAL UK RETAIL, ACCOUNT AND BROKER ELIGIBILITY REMAIN UNRESOLVED",0,,,,,,
POOL_HEDGED_GEOGRAPHY_VARIANTS,FINE_POOL,MH_LEVEL_3_6_12_REFERENCE,5,3.566473988439306,0,,,,,,,,173,-0.0012377679433777647,-0.0010198754085851691,0.47398843930635837,-0.8917489927215153,0.37252748705677363,0,"HISTORICAL UK RETAIL, ACCOUNT AND BROKER ELIGIBILITY REMAIN UNRESOLVED",0,,,,,,
POOL_HEDGED_GEOGRAPHY_VARIANTS,FINE_POOL,MH_LEVEL_3_6_12_REFERENCE,10,3.563953488372093,0,,,,,,,,172,-0.001860470743889857,-0.0009521851271910853,0.47674418604651164,-0.8367196243202343,0.40275018564575804,0,"HISTORICAL UK RETAIL, ACCOUNT AND BROKER ELIGIBILITY REMAIN UNRESOLVED",0,,,,,,
POOL_HEDGED_GEOGRAPHY_VARIANTS,FINE_POOL,MH_LEVEL_3_6_12_REFERENCE,21,3.5562130177514795,0,,,,,,,,169,-0.004068528972653369,-0.005608997132373061,0.4319526627218935,-1.0915240727655202,0.27504234526662896,0,"HISTORICAL UK RETAIL, ACCOUNT AND BROKER ELIGIBILITY REMAIN UNRESOLVED",0,,,,,,
POOL_HEDGED_GEOGRAPHY_VARIANTS,FINE_POOL,MH_LEVEL_3_6_12_REFERENCE,42,3.5454545454545454,0,,,,,,,,165,-0.002153408979852819,-0.0027489724487766987,0.47878787878787876,-0.3041896578010427,0.7609834036255945,0,"HISTORICAL UK RETAIL, ACCOUNT AND BROKER ELIGIBILITY REMAIN UNRESOLVED",0,,,,,,
POOL_HEDGED_GEOGRAPHY_VARIANTS,FINE_POOL,MH_LEVEL_3_6_12_REFERENCE,63,3.5341614906832297,0,,,,,,,,161,-0.0009848352111414404,-0.001103715834687491,0.4906832298136646,-0.09370810102190591,0.9253410349131865,0,"HISTORICAL UK RETAIL, ACCOUNT AND BROKER ELIGIBILITY REMAIN UNRESOLVED",0,,,,,,
POOL_HEDGED_GEOGRAPHY_VARIANTS,FINE_POOL,MH_LEVEL_3_6_12_REFERENCE,126,3.4932432432432434,0,,,,,,,,148,0.0015007701649405293,-0.02501316698513245,0.3918918918918919,0.08736907453505956,0.9303781503009207,0,"HISTORICAL UK RETAIL, ACCOUNT AND BROKER ELIGIBILITY REMAIN UNRESOLVED",0,,,,,,
POOL_HEDGED_GEOGRAPHY_VARIANTS,FINE_POOL,MH_LEVEL_60D_CENTERED,5,3.566473988439306,0,,,,,,,,173,-0.0014590167869464369,-0.0008828475284613502,0.4682080924855491,-1.0304183153043314,0.3028136791613676,0,"HISTORICAL UK RETAIL, ACCOUNT AND BROKER ELIGIBILITY REMAIN UNRESOLVED",0,,,,,,
POOL_HEDGED_GEOGRAPHY_VARIANTS,FINE_POOL,MH_LEVEL_60D_CENTERED,10,3.563953488372093,0,,,,,,,,172,-0.00022552669216056317,0.0005714628208463024,0.5174418604651163,-0.1023544519291323,0.9184753358213997,0,"HISTORICAL UK RETAIL, ACCOUNT AND BROKER ELIGIBILITY REMAIN UNRESOLVED",0,,,,,,
POOL_HEDGED_GEOGRAPHY_VARIANTS,FINE_POOL,MH_LEVEL_60D_CENTERED,21,3.5562130177514795,0,,,,,,,,169,-0.0009728130178321408,-0.0018307122012471977,0.46745562130177515,-0.2756702188371138,0.7828013715205978,0,"HISTORICAL UK RETAIL, ACCOUNT AND BROKER ELIGIBILITY REMAIN UNRESOLVED",0,,,,,,
POOL_HEDGED_GEOGRAPHY_VARIANTS,FINE_POOL,MH_LEVEL_60D_CENTERED,42,3.5454545454545454,0,,,,,,,,165,0.0011312371639786974,-0.0007328021288421915,0.4909090909090909,0.19074290539239244,0.8487270221302867,0,"HISTORICAL UK RETAIL, ACCOUNT AND BROKER ELIGIBILITY REMAIN UNRESOLVED",0,,,,,,
POOL_HEDGED_GEOGRAPHY_VARIANTS,FINE_POOL,MH_LEVEL_60D_CENTERED,63,3.5341614906832297,0,,,,,,,,161,0.0025477324872626374,0.002133387874083459,0.5217391304347826,0.2758515178001028,0.7826621127285046,0,"HISTORICAL UK RETAIL, ACCOUNT AND BROKER ELIGIBILITY REMAIN UNRESOLVED",0,,,,,,
POOL_HEDGED_GEOGRAPHY_VARIANTS,FINE_POOL,MH_LEVEL_60D_CENTERED,126,3.4932432432432434,0,,,,,,,,148,0.015081210708433646,-0.0069816729553116574,0.46621621621621623,0.8892141859106353,0.3738879802646886,0,"HISTORICAL UK RETAIL, ACCOUNT AND BROKER ELIGIBILITY REMAIN UNRESOLVED",0,,,,,,
POOL_HEDGED_GEOGRAPHY_VARIANTS,FINE_POOL,MH_LEVEL_EQ,5,3.566473988439306,0,,,,,,,,173,-0.001904941546742381,-0.0012845458052804792,0.4624277456647399,-1.3640847921390977,0.1725408805615668,0,"HISTORICAL UK RETAIL, ACCOUNT AND BROKER ELIGIBILITY REMAIN UNRESOLVED",0,,,,,,
POOL_HEDGED_GEOGRAPHY_VARIANTS,FINE_POOL,MH_LEVEL_EQ,10,3.563953488372093,0,,,,,,,,172,-0.0003759645596298592,0.0004525474003741481,0.5116279069767442,-0.17674377578795122,0.8597096540255471,0,"HISTORICAL UK RETAIL, ACCOUNT AND BROKER ELIGIBILITY REMAIN UNRESOLVED",0,,,,,,
POOL_HEDGED_GEOGRAPHY_VARIANTS,FINE_POOL,MH_LEVEL_EQ,21,3.5562130177514795,0,,,,,,,,169,-0.0026357450817446814,-0.002039480013661721,0.44970414201183434,-0.7608907892131561,0.44672230051378925,0,"HISTORICAL UK RETAIL, ACCOUNT AND BROKER ELIGIBILITY REMAIN UNRESOLVED",0,,,,,,
POOL_HEDGED_GEOGRAPHY_VARIANTS,FINE_POOL,MH_LEVEL_EQ,42,3.5454545454545454,0,,,,,,,,165,-0.001185073571525693,-0.00283857706869739,0.4666666666666667,-0.19923360230569448,0.842080015440525,0,"HISTORICAL UK RETAIL, ACCOUNT AND BROKER ELIGIBILITY REMAIN UNRESOLVED",0,,,,,,
POOL_HEDGED_GEOGRAPHY_VARIANTS,FINE_POOL,MH_LEVEL_EQ,63,3.5341614906832297,0,,,,,,,,161,-0.0002561898684117316,0.0032989526760718313,0.5217391304347826,-0.0282401685215501,0.9774706001414378,0,"HISTORICAL UK RETAIL, ACCOUNT AND BROKER ELIGIBILITY REMAIN UNRESOLVED",0,,,,,,
POOL_HEDGED_GEOGRAPHY_VARIANTS,FINE_POOL,MH_LEVEL_EQ,126,3.4932432432432434,0,,,,,,,,148,0.007361019764700923,-0.01573358165097999,0.42567567567567566,0.47706393047323054,0.6333165983039507,0,"HISTORICAL UK RETAIL, ACCOUNT AND BROKER ELIGIBILITY REMAIN UNRESOLVED",0,,,,,,
POOL_HEDGED_GEOGRAPHY_VARIANTS,FINE_POOL,MH_LEVEL_RECENCY_TILT,5,3.566473988439306,0,,,,,,,,173,-0.0017251551970301235,-0.0008828475284613502,0.4797687861271676,-1.2758156681038368,0.2020206875911199,0,"HISTORICAL UK RETAIL, ACCOUNT AND BROKER ELIGIBILITY REMAIN UNRESOLVED",0,,,,,,
POOL_HEDGED_GEOGRAPHY_VARIANTS,FINE_POOL,MH_LEVEL_RECENCY_TILT,10,3.563953488372093,0,,,,,,,,172,6.415187183233309e-06,0.0010418450108765631,0.5232558139534884,0.003074689810536937,0.9975467563362941,0,"HISTORICAL UK RETAIL, ACCOUNT AND BROKER ELIGIBILITY REMAIN UNRESOLVED",0,,,,,,
POOL_HEDGED_GEOGRAPHY_VARIANTS,FINE_POOL,MH_LEVEL_RECENCY_TILT,21,3.5562130177514795,0,,,,,,,,169,0.00010600320509674217,-0.00017172066709525424,0.4911242603550296,0.034880764217831664,0.9721748192091414,0,"HISTORICAL UK RETAIL, ACCOUNT AND BROKER ELIGIBILITY REMAIN UNRESOLVED",0,,,,,,
POOL_HEDGED_GEOGRAPHY_VARIANTS,FINE_POOL,MH_LEVEL_RECENCY_TILT,42,3.5454545454545454,0,,,,,,,,165,0.0026628291128218055,0.0008959655974793979,0.5151515151515151,0.48060007297687213,0.6308007635776033,0,"HISTORICAL UK RETAIL, ACCOUNT AND BROKER ELIGIBILITY REMAIN UNRESOLVED",0,,,,,,
POOL_HEDGED_GEOGRAPHY_VARIANTS,FINE_POOL,MH_LEVEL_RECENCY_TILT,63,3.5341614906832297,0,,,,,,,,161,0.004647807123909228,0.006385113993845559,0.5652173913043478,0.5409778413715045,0.5885228559337905,0,"HISTORICAL UK RETAIL, ACCOUNT AND BROKER ELIGIBILITY REMAIN UNRESOLVED",0,,,,,,
POOL_HEDGED_GEOGRAPHY_VARIANTS,FINE_POOL,MH_LEVEL_RECENCY_TILT,126,3.4932432432432434,0,,,,,,,,148,0.015501104772631488,-0.0019434037689715078,0.4864864864864865,1.069011590220233,0.28506444686878163,0,"HISTORICAL UK RETAIL, ACCOUNT AND BROKER ELIGIBILITY REMAIN UNRESOLVED",0,,,,,,
POOL_HEDGED_GEOGRAPHY_VARIANTS,FINE_POOL,PAIRWISE_MAJORITY_5H,5,3.566473988439306,0,,,,,,,,173,-0.0012251405719671477,-0.0008895202234358024,0.4624277456647399,-0.8565634631476116,0.3916861853469731,0,"HISTORICAL UK RETAIL, ACCOUNT AND BROKER ELIGIBILITY REMAIN UNRESOLVED",0,,,,,,
POOL_HEDGED_GEOGRAPHY_VARIANTS,FINE_POOL,PAIRWISE_MAJORITY_5H,10,3.563953488372093,0,,,,,,,,172,-0.00014772358420009476,-5.4978165437646886e-05,0.5,-0.06719698472393036,0.9464248855426367,0,"HISTORICAL UK RETAIL, ACCOUNT AND BROKER ELIGIBILITY REMAIN UNRESOLVED",0,,,,,,
POOL_HEDGED_GEOGRAPHY_VARIANTS,FINE_POOL,PAIRWISE_MAJORITY_5H,21,3.5562130177514795,0,,,,,,,,169,-0.002122774676872514,-0.002636931498372186,0.44970414201183434,-0.6564738209438059,0.5115193062750862,0,"HISTORICAL UK RETAIL, ACCOUNT AND BROKER ELIGIBILITY REMAIN UNRESOLVED",0,,,,,,
POOL_HEDGED_GEOGRAPHY_VARIANTS,FINE_POOL,PAIRWISE_MAJORITY_5H,42,3.5454545454545454,0,,,,,,,,165,-0.0005152863386316392,-0.00283857706869739,0.4666666666666667,-0.08474213012533185,0.932466401414596,0,"HISTORICAL UK RETAIL, ACCOUNT AND BROKER ELIGIBILITY REMAIN UNRESOLVED",0,,,,,,
POOL_HEDGED_GEOGRAPHY_VARIANTS,FINE_POOL,PAIRWISE_MAJORITY_5H,63,3.5341614906832297,0,,,,,,,,161,-0.0003891032245538676,0.0013727618378553963,0.5093167701863354,-0.04293267787973343,0.9657551995761932,0,"HISTORICAL UK RETAIL, ACCOUNT AND BROKER ELIGIBILITY REMAIN UNRESOLVED",0,,,,,,
POOL_HEDGED_GEOGRAPHY_VARIANTS,FINE_POOL,PAIRWISE_MAJORITY_5H,126,3.4932432432432434,0,,,,,,,,148,0.007234985526106367,-0.016632371652748723,0.41216216216216217,0.4662371032670232,0.6410457939367635,0,"HISTORICAL UK RETAIL, ACCOUNT AND BROKER ELIGIBILITY REMAIN UNRESOLVED",0,,,,,,
POOL_HEDGED_GEOGRAPHY_VARIANTS,FINE_POOL,RRG_TRANSPARENT_LEVEL,5,3.7707509881422925,18,-0.24322600688492876,-0.45000000000000007,0.4444444444444444,-2.025720391257106,0.04279344586907938,-0.4785567147434383,-0.007895299026419222,253,-0.0012243890349028384,-0.0010706347892366352,0.47035573122529645,-0.9281696340359304,0.35331958330155755,0,"HISTORICAL UK RETAIL, ACCOUNT AND BROKER ELIGIBILITY REMAIN UNRESOLVED",0,,,,,,
POOL_HEDGED_GEOGRAPHY_VARIANTS,FINE_POOL,RRG_TRANSPARENT_LEVEL,10,3.7540983606557377,16,-0.23581190429138504,-0.5499999999999999,0.375,-1.312693062717425,0.18928639617407073,-0.5878994201499281,0.1162756115671581,244,-0.0007296908278828566,0.0013996993694320725,0.5204918032786885,-0.34803620105142485,0.7278129965053988,0,"HISTORICAL UK RETAIL, ACCOUNT AND BROKER ELIGIBILITY REMAIN UNRESOLVED",0,,,,,,
POOL_HEDGED_GEOGRAPHY_VARIANTS,FINE_POOL,RRG_TRANSPARENT_LEVEL,21,3.7123893805309733,11,-0.4232393918550412,-0.6,0.18181818181818182,-3.2359479061222425,0.0012123950815554807,-0.6795889960328716,-0.16688978767721085,226,0.0006409033944255654,-0.0017771018168655783,0.4690265486725664,0.18925845026924096,0.8498902586399317,0,"HISTORICAL UK RETAIL, ACCOUNT AND BROKER ELIGIBILITY REMAIN UNRESOLVED",0,,,,,,
POOL_HEDGED_GEOGRAPHY_VARIANTS,FINE_POOL,RRG_TRANSPARENT_LEVEL,42,3.6313131313131315,3,-0.36115389327751796,-0.2886751345948129,0.3333333333333333,-1.6983521455291128,0.08944131831884167,-0.777939437761775,0.05563165120673913,198,0.00782450291868838,0.002869515404359091,0.5353535353535354,1.0798491534954624,0.280209358653319,0,"HISTORICAL UK RETAIL, ACCOUNT AND BROKER ELIGIBILITY REMAIN UNRESOLVED",0,,,,,,
POOL_HEDGED_GEOGRAPHY_VARIANTS,FINE_POOL,RRG_TRANSPARENT_LEVEL,63,3.595744680851064,0,,,,,,,,188,0.013071214404892144,0.008494069347214417,0.5797872340425532,1.1756546894468654,0.23973289181255353,0,"HISTORICAL UK RETAIL, ACCOUNT AND BROKER ELIGIBILITY REMAIN UNRESOLVED",0,,,,,,
POOL_HEDGED_GEOGRAPHY_VARIANTS,FINE_POOL,RRG_TRANSPARENT_LEVEL,126,3.565714285714286,0,,,,,,,,175,0.028292807623541565,0.009524755401107754,0.5142857142857142,1.3412704666437518,0.17983265487576483,0,"HISTORICAL UK RETAIL, ACCOUNT AND BROKER ELIGIBILITY REMAIN UNRESOLVED",0,,,,,,
POOL_HEDGED_GEOGRAPHY_VARIANTS,FINE_POOL,RRG_TRANSPARENT_MOMENTUM,5,3.708520179372197,8,-0.16249999999999998,-0.3618033988749894,0.375,-0.643889613661348,0.5196470173481547,-0.6571409147318066,0.3321409147318066,223,-0.002939308838320815,-0.0020372606766275725,0.4439461883408072,-2.2441180111051637,0.024824809405085177,0,"HISTORICAL UK RETAIL, ACCOUNT AND BROKER ELIGIBILITY REMAIN UNRESOLVED",0,,,,,,
POOL_HEDGED_GEOGRAPHY_VARIANTS,FINE_POOL,RRG_TRANSPARENT_MOMENTUM,10,3.6869158878504673,6,-0.36114765480922495,-0.29999999999999993,0.16666666666666666,-2.1769222059341176,0.02948637229158713,-0.6863023133439574,-0.035992996274492484,214,-0.0010233204546368291,0.0006936364462133415,0.5186915887850467,-0.5531463067285622,0.5801632301258941,0,"HISTORICAL UK RETAIL, ACCOUNT AND BROKER ELIGIBILITY REMAIN UNRESOLVED",0,,,,,,
POOL_HEDGED_GEOGRAPHY_VARIANTS,FINE_POOL,RRG_TRANSPARENT_MOMENTUM,21,3.6345177664974617,2,-0.9373397172404481,-0.9373397172404481,0.0,-50.20604260093731,0.0,-0.973931967732542,-0.9007474667483542,197,0.0004080500713052047,0.0003539869065287693,0.5076142131979695,0.14922036949819206,0.8813797474021011,0,"HISTORICAL UK RETAIL, ACCOUNT AND BROKER ELIGIBILITY REMAIN UNRESOLVED",0,,,,,,
POOL_HEDGED_GEOGRAPHY_VARIANTS,FINE_POOL,RRG_TRANSPARENT_MOMENTUM,42,3.5989304812834226,0,,,,,,,,187,0.001849420973754334,-0.0007328021288421915,0.4919786096256685,0.4098059323747749,0.6819483140999787,0,"HISTORICAL UK RETAIL, ACCOUNT AND BROKER ELIGIBILITY REMAIN UNRESOLVED",0,,,,,,
POOL_HEDGED_GEOGRAPHY_VARIANTS,FINE_POOL,RRG_TRANSPARENT_MOMENTUM,63,3.5901639344262297,0,,,,,,,,183,0.0043337712283792905,0.006269742487160279,0.5846994535519126,0.6984611781985872,0.484888828159061,0,"HISTORICAL UK RETAIL, ACCOUNT AND BROKER ELIGIBILITY REMAIN UNRESOLVED",0,,,,,,
POOL_HEDGED_GEOGRAPHY_VARIANTS,FINE_POOL,RRG_TRANSPARENT_MOMENTUM,126,3.5588235294117645,0,,,,,,,,170,0.012592691189634662,0.009350608707370811,0.5647058823529412,0.8982457130008562,0.3690545673863447,0,"HISTORICAL UK RETAIL, ACCOUNT AND BROKER ELIGIBILITY REMAIN UNRESOLVED",0,,,,,,
POOL_HEDGED_GEOGRAPHY_VARIANTS,FINE_POOL,RS_126,5,3.7707509881422925,18,-0.19444444444444445,-0.3999999999999999,0.4444444444444444,-1.5927434435087104,0.1112177573485697,-0.43371970855444,0.04483081966555111,253,-0.0003581298495551848,0.00014661991903053284,0.5019762845849802,-0.2822864303917306,0.7777238896394694,0,"HISTORICAL UK RETAIL, ACCOUNT AND BROKER ELIGIBILITY REMAIN UNRESOLVED",0,,,,,,
POOL_HEDGED_GEOGRAPHY_VARIANTS,FINE_POOL,RS_126,10,3.7540983606557377,16,-0.2125,-0.5499999999999999,0.3125,-1.1688685230277747,0.2424566072519697,-0.5688209535627684,0.14382095356276844,244,-0.0003895686693340959,0.0020749391695302766,0.5409836065573771,-0.18630935332617152,0.8522021729878096,0,"HISTORICAL UK RETAIL, ACCOUNT AND BROKER ELIGIBILITY REMAIN UNRESOLVED",0,,,,,,
POOL_HEDGED_GEOGRAPHY_VARIANTS,FINE_POOL,RS_126,21,3.7123893805309733,11,-0.3181818181818182,-0.6,0.18181818181818182,-2.9167671080347652,0.0035367974629356897,-0.5319887081642056,-0.10437492819943076,226,0.00046942983806900904,-0.0013891561717908618,0.4690265486725664,0.1353421303487034,0.8923413762959093,0,"HISTORICAL UK RETAIL, ACCOUNT AND BROKER ELIGIBILITY REMAIN UNRESOLVED",0,,,,,,
POOL_HEDGED_GEOGRAPHY_VARIANTS,FINE_POOL,RS_126,42,3.6313131313131315,3,-0.3666666666666667,-0.10000000000000012,0.0,-1.9604921350938154,0.0499382963528672,-0.7332345544606313,-9.877887270204333e-05,198,0.008339560100488145,0.002811443171520933,0.5353535353535354,1.0745863618371208,0.28255996050679866,0,"HISTORICAL UK RETAIL, ACCOUNT AND BROKER ELIGIBILITY REMAIN UNRESOLVED",0,,,,,,
POOL_HEDGED_GEOGRAPHY_VARIANTS,FINE_POOL,RS_126,63,3.595744680851064,0,,,,,,,,188,0.014636683948829868,0.010194767252506343,0.574468085106383,1.2093956407568678,0.22651088260337937,0,"HISTORICAL UK RETAIL, ACCOUNT AND BROKER ELIGIBILITY REMAIN UNRESOLVED",0,,,,,,
POOL_HEDGED_GEOGRAPHY_VARIANTS,FINE_POOL,RS_126,126,3.565714285714286,0,,,,,,,,175,0.02943159020217678,0.005706713251846907,0.5142857142857142,1.247285469788818,0.2122928432899288,0,"HISTORICAL UK RETAIL, ACCOUNT AND BROKER ELIGIBILITY REMAIN UNRESOLVED",0,,,,,,
POOL_HEDGED_GEOGRAPHY_VARIANTS,FINE_POOL,RS_21,5,4.326785714285714,223,-0.03677130044843047,-0.09999999999999998,0.4439461883408072,-0.9098185869461741,0.3629181905865816,-0.11598536089704278,0.04244276000018183,560,-0.002342383833589978,-0.00164972336238145,0.4589285714285714,-2.9406567082907418,0.0032751728739872712,0,"HISTORICAL UK RETAIL, ACCOUNT AND BROKER ELIGIBILITY REMAIN UNRESOLVED",0,,,,,,
POOL_HEDGED_GEOGRAPHY_VARIANTS,FINE_POOL,RS_21,10,4.289179104477612,198,-0.012121212121212137,0.0,0.4595959595959596,-0.25497462923610265,0.79874269467083,-0.10529573414217522,0.08105330989975093,536,-0.0022189697718847617,-0.0007483424045076625,0.48507462686567165,-1.8687441044693762,0.061658424738371485,0,"HISTORICAL UK RETAIL, ACCOUNT AND BROKER ELIGIBILITY REMAIN UNRESOLVED",0,,,,,,
POOL_HEDGED_GEOGRAPHY_VARIANTS,FINE_POOL,RS_21,21,4.198744769874477,145,0.004827586206896565,0.09999999999999991,0.5103448275862069,0.06788793945561444,0.9458748395235617,-0.1345476131827659,0.14420278559655905,478,-0.002026606396875137,0.000858201129718239,0.5083682008368201,-0.9822940333604053,0.325955013163313,0,"HISTORICAL UK RETAIL, ACCOUNT AND BROKER ELIGIBILITY REMAIN UNRESOLVED",0,,,,,,
POOL_HEDGED_GEOGRAPHY_VARIANTS,FINE_POOL,RS_21,42,4.071065989847716,91,0.08351648351648351,0.09999999999999998,0.5384615384615384,0.7719144655940355,0.4401650891054799,-0.1285397832122036,0.2955727502451706,394,0.002398876179059085,0.001677306809268142,0.5152284263959391,0.7288636682025736,0.46608506090846724,0,"HISTORICAL UK RETAIL, ACCOUNT AND BROKER ELIGIBILITY REMAIN UNRESOLVED",0,,,,,,
POOL_HEDGED_GEOGRAPHY_VARIANTS,FINE_POOL,RS_21,63,3.985294117647059,63,0.20317460317460315,0.20000000000000004,0.6190476190476191,1.4659490666866761,0.1426621631981778,-0.06846846672787374,0.47481767307708,340,0.006271117456752459,0.005679073390453371,0.5794117647058824,1.4649672546537773,0.142929851904177,0,"HISTORICAL UK RETAIL, ACCOUNT AND BROKER ELIGIBILITY REMAIN UNRESOLVED",0,,,,,,
POOL_HEDGED_GEOGRAPHY_VARIANTS,FINE_POOL,RS_21,126,3.7339055793991416,15,-0.0733333333333333,-0.09999999999999991,0.4666666666666667,-1.38497439071643,0.16606029819727575,-0.17711192531527878,0.030445258648612167,233,0.010006313074056267,0.007704418497595844,0.5450643776824035,1.4595621142733655,0.14441045788767484,0,"HISTORICAL UK RETAIL, ACCOUNT AND BROKER ELIGIBILITY REMAIN UNRESOLVED",0,,,,,,
POOL_HEDGED_GEOGRAPHY_VARIANTS,FINE_POOL,RS_252,5,3.566473988439306,0,,,,,,,,173,-0.0004391683028223748,0.0002177858065184335,0.5028901734104047,-0.3079479081347474,0.7581219705453798,0,"HISTORICAL UK RETAIL, ACCOUNT AND BROKER ELIGIBILITY REMAIN UNRESOLVED",0,,,,,,
POOL_HEDGED_GEOGRAPHY_VARIANTS,FINE_POOL,RS_252,10,3.563953488372093,0,,,,,,,,172,-0.0009447101278582122,-3.4062780182697594e-05,0.5,-0.3951547590413185,0.6927286784231723,0,"HISTORICAL UK RETAIL, ACCOUNT AND BROKER ELIGIBILITY REMAIN UNRESOLVED",0,,,,,,
POOL_HEDGED_GEOGRAPHY_VARIANTS,FINE_POOL,RS_252,21,3.5562130177514795,0,,,,,,,,169,-0.004225682661396075,-0.002668080560572661,0.4556213017751479,-1.0201274872111838,0.3076680020941571,0,"HISTORICAL UK RETAIL, ACCOUNT AND BROKER ELIGIBILITY REMAIN UNRESOLVED",0,,,,,,
POOL_HEDGED_GEOGRAPHY_VARIANTS,FINE_POOL,RS_252,42,3.5454545454545454,0,,,,,,,,165,-0.006673125352801271,-0.001640308588861883,0.4727272727272727,-0.8498314992053513,0.39541877430247563,0,"HISTORICAL UK RETAIL, ACCOUNT AND BROKER ELIGIBILITY REMAIN UNRESOLVED",0,,,,,,
POOL_HEDGED_GEOGRAPHY_VARIANTS,FINE_POOL,RS_252,63,3.5341614906832297,0,,,,,,,,161,-0.010443723527196845,-0.012955112507697208,0.43478260869565216,-0.9422726397403821,0.3460530722485602,0,"HISTORICAL UK RETAIL, ACCOUNT AND BROKER ELIGIBILITY REMAIN UNRESOLVED",0,,,,,,
POOL_HEDGED_GEOGRAPHY_VARIANTS,FINE_POOL,RS_252,126,3.4932432432432434,0,,,,,,,,148,-0.03975684362485825,-0.0418529791962543,0.25675675675675674,-2.6765487263705574,0.007438474873260323,0,"HISTORICAL UK RETAIL, ACCOUNT AND BROKER ELIGIBILITY REMAIN UNRESOLVED",0,,,,,,
POOL_HEDGED_GEOGRAPHY_VARIANTS,FINE_POOL,RS_42,5,4.169164882226981,130,0.017692307692307698,0.0,0.49230769230769234,0.3160993366427589,0.7519271102303192,-0.09200828911569385,0.12739290450030924,467,-0.0009783087320592847,-0.000471535390046518,0.48822269807280516,-1.1217796706056915,0.26195613200734447,0,"HISTORICAL UK RETAIL, ACCOUNT AND BROKER ELIGIBILITY REMAIN UNRESOLVED",0,,,,,,
POOL_HEDGED_GEOGRAPHY_VARIANTS,FINE_POOL,RS_42,10,4.137387387387387,115,0.03217391304347827,4.857225732735058e-17,0.5043478260869565,0.5129436947134067,0.6079907073462448,-0.09076299300850815,0.1551108190954647,444,-0.0012993119127598786,-0.0008960971470640677,0.48423423423423423,-0.9559425400743881,0.33910126524544715,0,"HISTORICAL UK RETAIL, ACCOUNT AND BROKER ELIGIBILITY REMAIN UNRESOLVED",0,,,,,,
POOL_HEDGED_GEOGRAPHY_VARIANTS,FINE_POOL,RS_42,21,4.067357512953368,85,-0.036470588235294095,0.0,0.4823529411764706,-0.3681758623626338,0.712742107239252,-0.2306197618868834,0.15767858541629523,386,-0.0010025407191415095,0.0018348694813771216,0.5259067357512953,-0.4206793920284346,0.6739892114419525,0,"HISTORICAL UK RETAIL, ACCOUNT AND BROKER ELIGIBILITY REMAIN UNRESOLVED",0,,,,,,
POOL_HEDGED_GEOGRAPHY_VARIANTS,FINE_POOL,RS_42,42,3.9760479041916166,58,0.06896551724137934,0.14999999999999997,0.5344827586206896,0.48834645330057297,0.6253044630100472,-0.20782553766382283,0.3457565721465815,334,0.0026149621999818464,0.0030623457296679035,0.5239520958083832,0.6790279845014703,0.4971201306836247,0,"HISTORICAL UK RETAIL, ACCOUNT AND BROKER ELIGIBILITY REMAIN UNRESOLVED",0,,,,,,
POOL_HEDGED_GEOGRAPHY_VARIANTS,FINE_POOL,RS_42,63,3.899665551839465,40,0.2,0.35,0.6,0.7637855664582435,0.44499503951566677,-0.31322362469576887,0.7132236246957688,299,0.003939797803715474,0.0036688196138965345,0.5384615384615384,0.6676178027166672,0.5043775907775807,0,"HISTORICAL UK RETAIL, ACCOUNT AND BROKER ELIGIBILITY REMAIN UNRESOLVED",0,,,,,,
POOL_HEDGED_GEOGRAPHY_VARIANTS,FINE_POOL,RS_42,126,3.6381909547738696,3,-0.06666666666666661,-0.39999999999999997,0.3333333333333333,-0.32863353450309934,0.7424326978058253,-0.46426536527047935,0.33093203193714615,199,0.01441110111677421,0.012576643663246179,0.5226130653266332,1.4688751050482316,0.1418666681396489,0,"HISTORICAL UK RETAIL, ACCOUNT AND BROKER ELIGIBILITY REMAIN UNRESOLVED",0,,,,,,
POOL_HEDGED_GEOGRAPHY_VARIANTS,FINE_POOL,RS_63,5,4.050131926121372,81,0.0197530864197531,0.09999999999999998,0.5308641975308642,0.2797546947310916,0.7796657126393168,-0.11863722014306483,0.15814339298257102,379,-0.0005602000705538722,1.9405853947995766e-05,0.5013192612137203,-0.5676321329448835,0.5702847834539546,0,"HISTORICAL UK RETAIL, ACCOUNT AND BROKER ELIGIBILITY REMAIN UNRESOLVED",0,,,,,,
POOL_HEDGED_GEOGRAPHY_VARIANTS,FINE_POOL,RS_63,10,4.024793388429752,73,0.04246575342465754,0.0,0.4794520547945205,0.5157012822256148,0.606063058952897,-0.118928740165673,0.20386024701498806,363,-0.0003108499610531866,0.0010495193282988868,0.5289256198347108,-0.1919677517506159,0.8477674659652179,0,"HISTORICAL UK RETAIL, ACCOUNT AND BROKER ELIGIBILITY REMAIN UNRESOLVED",0,,,,,,
POOL_HEDGED_GEOGRAPHY_VARIANTS,FINE_POOL,RS_63,21,3.9696969696969697,56,-0.05892857142857141,-0.14999999999999994,0.4642857142857143,-0.4327579579895947,0.6651906192080955,-0.3258165061922645,0.2079593633351217,330,0.000693687136992985,-0.0007756784640395309,0.4909090909090909,0.2567346284552923,0.7973836376440564,0,"HISTORICAL UK RETAIL, ACCOUNT AND BROKER ELIGIBILITY REMAIN UNRESOLVED",0,,,,,,
POOL_HEDGED_GEOGRAPHY_VARIANTS,FINE_POOL,RS_63,42,3.8956228956228958,40,-0.03499999999999996,-0.19999999999999996,0.425,-0.16618727722128385,0.868009571528407,-0.4477797302290495,0.37777973022904954,297,0.005136674365333999,0.0030630503142088372,0.5387205387205387,1.1002294384877294,0.27123216715948373,0,"HISTORICAL UK RETAIL, ACCOUNT AND BROKER ELIGIBILITY REMAIN UNRESOLVED",0,,,,,,
POOL_HEDGED_GEOGRAPHY_VARIANTS,FINE_POOL,RS_63,63,3.803030303030303,23,0.26521739130434785,0.6000000000000001,0.6086956521739131,0.8745650258751467,0.38181062451223136,-0.32915411870432876,0.8595889013130245,264,0.011711863427514787,0.011183829804575884,0.6060606060606061,1.710817589842052,0.08711479140497885,0,"HISTORICAL UK RETAIL, ACCOUNT AND BROKER ELIGIBILITY REMAIN UNRESOLVED",0,,,,,,
POOL_HEDGED_GEOGRAPHY_VARIANTS,FINE_POOL,RS_63,126,3.5989304812834226,0,,,,,,,,187,0.024519821930941,0.018164258771840025,0.5668449197860963,1.7231494161902583,0.0848615084486925,0,"HISTORICAL UK RETAIL, ACCOUNT AND BROKER ELIGIBILITY REMAIN UNRESOLVED",0,,,,,,
POOL_HEDGED_GEOGRAPHY_VARIANTS,FINE_POOL,SHORT_MINUS_LONG_RS,5,3.566473988439306,0,,,,,,,,173,-0.0033066124732044682,-0.0047959502981200774,0.41040462427745666,-2.3067482361825746,0.021068859484172482,0,"HISTORICAL UK RETAIL, ACCOUNT AND BROKER ELIGIBILITY REMAIN UNRESOLVED",0,,,,,,
POOL_HEDGED_GEOGRAPHY_VARIANTS,FINE_POOL,SHORT_MINUS_LONG_RS,10,3.563953488372093,0,,,,,,,,172,-0.0029381867114181997,-0.004411764481136671,0.43023255813953487,-1.5250032811467762,0.12725827926567804,0,"HISTORICAL UK RETAIL, ACCOUNT AND BROKER ELIGIBILITY REMAIN UNRESOLVED",0,,,,,,
POOL_HEDGED_GEOGRAPHY_VARIANTS,FINE_POOL,SHORT_MINUS_LONG_RS,21,3.5562130177514795,0,,,,,,,,169,-0.002521534264027489,-0.002074549341718246,0.46745562130177515,-0.7065959767403572,0.47981758987220924,0,"HISTORICAL UK RETAIL, ACCOUNT AND BROKER ELIGIBILITY REMAIN UNRESOLVED",0,,,,,,
POOL_HEDGED_GEOGRAPHY_VARIANTS,FINE_POOL,SHORT_MINUS_LONG_RS,42,3.5454545454545454,0,,,,,,,,165,-0.0019943321781185383,-0.0029965623954387732,0.45454545454545453,-0.2835957649945567,0.7767201829660284,0,"HISTORICAL UK RETAIL, ACCOUNT AND BROKER ELIGIBILITY REMAIN UNRESOLVED",0,,,,,,
POOL_HEDGED_GEOGRAPHY_VARIANTS,FINE_POOL,SHORT_MINUS_LONG_RS,63,3.5341614906832297,0,,,,,,,,161,-0.0015456824668086283,0.00030775999224075257,0.5093167701863354,-0.19042426379670016,0.8489766857619622,0,"HISTORICAL UK RETAIL, ACCOUNT AND BROKER ELIGIBILITY REMAIN UNRESOLVED",0,,,,,,
POOL_HEDGED_GEOGRAPHY_VARIANTS,FINE_POOL,SHORT_MINUS_LONG_RS,126,3.4932432432432434,0,,,,,,,,148,0.016646938577554456,0.014560136706477045,0.5878378378378378,1.470569350057134,0.14140761794017256,0,"HISTORICAL UK RETAIL, ACCOUNT AND BROKER ELIGIBILITY REMAIN UNRESOLVED",0,,,,,,
POOL_REGIONAL_SATELLITES,FINE_POOL,ACCEL_FAST_COMPOSITE,5,3.0,0,,,,,,,,71,-0.0013538136137254972,-0.0012153509860821643,0.4647887323943662,-0.837994364962307,0.4020338683080923,0,"HISTORICAL UK RETAIL, ACCOUNT AND BROKER ELIGIBILITY REMAIN UNRESOLVED",0,,,,,,
POOL_REGIONAL_SATELLITES,FINE_POOL,ACCEL_FAST_COMPOSITE,10,3.0,0,,,,,,,,63,-0.0025139260983619268,-0.001665019271763879,0.4444444444444444,-1.0828117196096092,0.2788920025500009,0,"HISTORICAL UK RETAIL, ACCOUNT AND BROKER ELIGIBILITY REMAIN UNRESOLVED",0,,,,,,
POOL_REGIONAL_SATELLITES,FINE_POOL,ACCEL_FAST_COMPOSITE,21,3.0,0,,,,,,,,48,-0.0018838992778339309,-0.0007235100297552366,0.4583333333333333,-0.425205189736837,0.6706871012816729,0,"HISTORICAL UK RETAIL, ACCOUNT AND BROKER ELIGIBILITY REMAIN UNRESOLVED",0,,,,,,
POOL_REGIONAL_SATELLITES,FINE_POOL,ACCEL_FAST_COMPOSITE,42,3.0,0,,,,,,,,28,0.0035131783623670388,-0.0021600641513362384,0.42857142857142855,0.46932233490458264,0.6388392529072742,0,"HISTORICAL UK RETAIL, ACCOUNT AND BROKER ELIGIBILITY REMAIN UNRESOLVED",0,,,,,,
POOL_REGIONAL_SATELLITES,FINE_POOL,ACCEL_FAST_COMPOSITE,63,3.0,0,,,,,,,,8,0.04256209963337049,0.046531352559184946,0.625,2.609668011809963,0.009063012939180045,0,"HISTORICAL UK RETAIL, ACCOUNT AND BROKER ELIGIBILITY REMAIN UNRESOLVED",0,,,,,,
POOL_REGIONAL_SATELLITES,FINE_POOL,ACCEL_FAST_COMPOSITE,126,,0,,,,,,,,0,,,,,,0,"HISTORICAL UK RETAIL, ACCOUNT AND BROKER ELIGIBILITY REMAIN UNRESOLVED",0,,,,,,
POOL_REGIONAL_SATELLITES,FINE_POOL,DISCRETE_RECENT_CONSISTENCY,5,3.0,0,,,,,,,,143,-0.00039136316457611775,0.0006627268939074504,0.5104895104895105,-0.2767255639198728,0.7819908409554166,0,"HISTORICAL UK RETAIL, ACCOUNT AND BROKER ELIGIBILITY REMAIN UNRESOLVED",0,,,,,,
POOL_REGIONAL_SATELLITES,FINE_POOL,DISCRETE_RECENT_CONSISTENCY,10,3.0,0,,,,,,,,130,-0.00036451675714145143,-8.16861993185869e-06,0.5,-0.1532016439633513,0.8782392612823248,0,"HISTORICAL UK RETAIL, ACCOUNT AND BROKER ELIGIBILITY REMAIN UNRESOLVED",0,,,,,,
POOL_REGIONAL_SATELLITES,FINE_POOL,DISCRETE_RECENT_CONSISTENCY,21,3.0,0,,,,,,,,104,-0.005071817691033537,-0.00414423198197672,0.4519230769230769,-1.2094282666201184,0.2264983544881669,0,"HISTORICAL UK RETAIL, ACCOUNT AND BROKER ELIGIBILITY REMAIN UNRESOLVED",0,,,,,,
POOL_REGIONAL_SATELLITES,FINE_POOL,DISCRETE_RECENT_CONSISTENCY,42,3.0,0,,,,,,,,77,-0.006586877879523854,-0.003948169372050225,0.45454545454545453,-1.0388411558283752,0.29887861716629216,0,"HISTORICAL UK RETAIL, ACCOUNT AND BROKER ELIGIBILITY REMAIN UNRESOLVED",0,,,,,,
POOL_REGIONAL_SATELLITES,FINE_POOL,DISCRETE_RECENT_CONSISTENCY,63,3.0,0,,,,,,,,53,-0.013648689723089082,-0.004584313936890627,0.4339622641509434,-1.8667946931263768,0.061930263882221316,0,"HISTORICAL UK RETAIL, ACCOUNT AND BROKER ELIGIBILITY REMAIN UNRESOLVED",0,,,,,,
POOL_REGIONAL_SATELLITES,FINE_POOL,DISCRETE_RECENT_CONSISTENCY,126,,0,,,,,,,,0,,,,,,0,"HISTORICAL UK RETAIL, ACCOUNT AND BROKER ELIGIBILITY REMAIN UNRESOLVED",0,,,,,,
POOL_REGIONAL_SATELLITES,FINE_POOL,RRG_TRANSPARENT_LEVEL,5,3.0,0,,,,,,,,44,-0.0014594986347053372,-0.0009237438912955143,0.45454545454545453,-0.5847947664739154,0.5586857237978695,0,"HISTORICAL UK RETAIL, ACCOUNT AND BROKER ELIGIBILITY REMAIN UNRESOLVED",0,,,,,,
POOL_REGIONAL_SATELLITES,FINE_POOL,RRG_TRANSPARENT_LEVEL,10,3.0,0,,,,,,,,37,-0.001651721721958626,-0.0015433368827766358,0.4594594594594595,-0.3204016324514748,0.7486638882069874,0,"HISTORICAL UK RETAIL, ACCOUNT AND BROKER ELIGIBILITY REMAIN UNRESOLVED",0,,,,,,
POOL_REGIONAL_SATELLITES,FINE_POOL,RRG_TRANSPARENT_LEVEL,21,3.0,0,,,,,,,,24,-0.0028093018339759904,-0.006100003269526866,0.4166666666666667,-0.2919058966476236,0.7703585748785697,0,"HISTORICAL UK RETAIL, ACCOUNT AND BROKER ELIGIBILITY REMAIN UNRESOLVED",0,,,,,,
POOL_REGIONAL_SATELLITES,FINE_POOL,RRG_TRANSPARENT_LEVEL,42,3.0,0,,,,,,,,4,0.01296163985010318,0.014092670727173462,0.5,0.8163106098001768,0.4143225077320768,0,"HISTORICAL UK RETAIL, ACCOUNT AND BROKER ELIGIBILITY REMAIN UNRESOLVED",0,,,,,,
POOL_REGIONAL_SATELLITES,FINE_POOL,RRG_TRANSPARENT_LEVEL,63,,0,,,,,,,,0,,,,,,0,"HISTORICAL UK RETAIL, ACCOUNT AND BROKER ELIGIBILITY REMAIN UNRESOLVED",0,,,,,,
POOL_REGIONAL_SATELLITES,FINE_POOL,RRG_TRANSPARENT_LEVEL,126,,0,,,,,,,,0,,,,,,0,"HISTORICAL UK RETAIL, ACCOUNT AND BROKER ELIGIBILITY REMAIN UNRESOLVED",0,,,,,,
POOL_REGIONAL_SATELLITES,FINE_POOL,RRG_TRANSPARENT_MOMENTUM,5,3.0,0,,,,,,,,23,-0.0031014057611481265,-0.0036707491070948617,0.391304347826087,-0.7877775144992542,0.43082685570201784,0,"HISTORICAL UK RETAIL, ACCOUNT AND BROKER ELIGIBILITY REMAIN UNRESOLVED",0,,,,,,
POOL_REGIONAL_SATELLITES,FINE_POOL,RRG_TRANSPARENT_MOMENTUM,10,3.0,0,,,,,,,,16,-0.003948772799851508,-0.0008548829273250513,0.4375,-0.49949397268642015,0.6174314318591456,0,"HISTORICAL UK RETAIL, ACCOUNT AND BROKER ELIGIBILITY REMAIN UNRESOLVED",0,,,,,,
POOL_REGIONAL_SATELLITES,FINE_POOL,RRG_TRANSPARENT_MOMENTUM,21,3.0,0,,,,,,,,4,0.010143989997145608,0.006381404919514555,0.5,2.695821141476407,0.007021535772279889,0,"HISTORICAL UK RETAIL, ACCOUNT AND BROKER ELIGIBILITY REMAIN UNRESOLVED",0,,,,,,
POOL_REGIONAL_SATELLITES,FINE_POOL,RRG_TRANSPARENT_MOMENTUM,42,,0,,,,,,,,0,,,,,,0,"HISTORICAL UK RETAIL, ACCOUNT AND BROKER ELIGIBILITY REMAIN UNRESOLVED",0,,,,,,
POOL_REGIONAL_SATELLITES,FINE_POOL,RRG_TRANSPARENT_MOMENTUM,63,,0,,,,,,,,0,,,,,,0,"HISTORICAL UK RETAIL, ACCOUNT AND BROKER ELIGIBILITY REMAIN UNRESOLVED",0,,,,,,
POOL_REGIONAL_SATELLITES,FINE_POOL,RRG_TRANSPARENT_MOMENTUM,126,,0,,,,,,,,0,,,,,,0,"HISTORICAL UK RETAIL, ACCOUNT AND BROKER ELIGIBILITY REMAIN UNRESOLVED",0,,,,,,
POOL_REGIONAL_SATELLITES,FINE_POOL,RS_126,5,3.0,0,,,,,,,,44,-0.0012556371541233796,-0.00037881189427924067,0.4772727272727273,-0.4532392556397707,0.6503764681543487,0,"HISTORICAL UK RETAIL, ACCOUNT AND BROKER ELIGIBILITY REMAIN UNRESOLVED",0,,,,,,
POOL_REGIONAL_SATELLITES,FINE_POOL,RS_126,10,3.0,0,,,,,,,,37,-0.0006544038741096557,-0.0007041153505693565,0.4864864864864865,-0.12345231165179421,0.9017489351306143,0,"HISTORICAL UK RETAIL, ACCOUNT AND BROKER ELIGIBILITY REMAIN UNRESOLVED",0,,,,,,
POOL_REGIONAL_SATELLITES,FINE_POOL,RS_126,21,3.0,0,,,,,,,,24,-0.0022242944794719547,-0.004372632309040003,0.4583333333333333,-0.23555252076110317,0.8137799196809129,0,"HISTORICAL UK RETAIL, ACCOUNT AND BROKER ELIGIBILITY REMAIN UNRESOLVED",0,,,,,,
POOL_REGIONAL_SATELLITES,FINE_POOL,RS_126,42,3.0,0,,,,,,,,4,-0.0028550116503749945,-0.017540632273782886,0.25,-0.20553348278080996,0.8371553409789343,0,"HISTORICAL UK RETAIL, ACCOUNT AND BROKER ELIGIBILITY REMAIN UNRESOLVED",0,,,,,,
POOL_REGIONAL_SATELLITES,FINE_POOL,RS_126,63,,0,,,,,,,,0,,,,,,0,"HISTORICAL UK RETAIL, ACCOUNT AND BROKER ELIGIBILITY REMAIN UNRESOLVED",0,,,,,,
POOL_REGIONAL_SATELLITES,FINE_POOL,RS_126,126,,0,,,,,,,,0,,,,,,0,"HISTORICAL UK RETAIL, ACCOUNT AND BROKER ELIGIBILITY REMAIN UNRESOLVED",0,,,,,,
POOL_REGIONAL_SATELLITES,FINE_POOL,RS_21,5,3.0,0,,,,,,,,309,-0.0008827221043464151,0.00044401981642039345,0.511326860841424,-0.9151670400174143,0.3601039449266201,0,"HISTORICAL UK RETAIL, ACCOUNT AND BROKER ELIGIBILITY REMAIN UNRESOLVED",0,,,,,,
POOL_REGIONAL_SATELLITES,FINE_POOL,RS_21,10,3.0,0,,,,,,,,285,-0.0023062310796151623,-0.0020129163431341635,0.44912280701754387,-1.4707777545749974,0.14135123033943983,0,"HISTORICAL UK RETAIL, ACCOUNT AND BROKER ELIGIBILITY REMAIN UNRESOLVED",0,,,,,,
POOL_REGIONAL_SATELLITES,FINE_POOL,RS_21,21,3.0,0,,,,,,,,228,-0.0018698249913426828,-0.001958300389550527,0.47368421052631576,-0.6500402320895087,0.5156662342457679,0,"HISTORICAL UK RETAIL, ACCOUNT AND BROKER ELIGIBILITY REMAIN UNRESOLVED",0,,,,,,
POOL_REGIONAL_SATELLITES,FINE_POOL,RS_21,42,3.0,0,,,,,,,,150,-0.007615863141083683,-0.006169062451874763,0.42,-1.660878445501512,0.09673786205558188,0,"HISTORICAL UK RETAIL, ACCOUNT AND BROKER ELIGIBILITY REMAIN UNRESOLVED",0,,,,,,
POOL_REGIONAL_SATELLITES,FINE_POOL,RS_21,63,3.0,0,,,,,,,,107,-0.015378670951556036,-0.016596984638048595,0.34579439252336447,-2.3193593235626118,0.020375561265356952,0,"HISTORICAL UK RETAIL, ACCOUNT AND BROKER ELIGIBILITY REMAIN UNRESOLVED",0,,,,,,
POOL_REGIONAL_SATELLITES,FINE_POOL,RS_21,126,3.0,0,,,,,,,,24,-0.04259310300675174,-0.05754037174115667,0.25,-5.283257347288206,1.269069212792059e-07,0,"HISTORICAL UK RETAIL, ACCOUNT AND BROKER ELIGIBILITY REMAIN UNRESOLVED",0,,,,,,
POOL_REGIONAL_SATELLITES,FINE_POOL,RS_252,5,,0,,,,,,,,0,,,,,,0,"HISTORICAL UK RETAIL, ACCOUNT AND BROKER ELIGIBILITY REMAIN UNRESOLVED",0,,,,,,
POOL_REGIONAL_SATELLITES,FINE_POOL,RS_252,10,,0,,,,,,,,0,,,,,,0,"HISTORICAL UK RETAIL, ACCOUNT AND BROKER ELIGIBILITY REMAIN UNRESOLVED",0,,,,,,
POOL_REGIONAL_SATELLITES,FINE_POOL,RS_252,21,,0,,,,,,,,0,,,,,,0,"HISTORICAL UK RETAIL, ACCOUNT AND BROKER ELIGIBILITY REMAIN UNRESOLVED",0,,,,,,
POOL_REGIONAL_SATELLITES,FINE_POOL,RS_252,42,,0,,,,,,,,0,,,,,,0,"HISTORICAL UK RETAIL, ACCOUNT AND BROKER ELIGIBILITY REMAIN UNRESOLVED",0,,,,,,
POOL_REGIONAL_SATELLITES,FINE_POOL,RS_252,63,,0,,,,,,,,0,,,,,,0,"HISTORICAL UK RETAIL, ACCOUNT AND BROKER ELIGIBILITY REMAIN UNRESOLVED",0,,,,,,
POOL_REGIONAL_SATELLITES,FINE_POOL,RS_252,126,,0,,,,,,,,0,,,,,,0,"HISTORICAL UK RETAIL, ACCOUNT AND BROKER ELIGIBILITY REMAIN UNRESOLVED",0,,,,,,
POOL_REGIONAL_SATELLITES,FINE_POOL,RS_42,5,3.0,0,,,,,,,,221,-0.0010615224864022378,0.0006184469179477681,0.5203619909502263,-0.925002724308114,0.35496449035092803,0,"HISTORICAL UK RETAIL, ACCOUNT AND BROKER ELIGIBILITY REMAIN UNRESOLVED",0,,,,,,
POOL_REGIONAL_SATELLITES,FINE_POOL,RS_42,10,3.0,0,,,,,,,,199,-0.002150706656941539,-0.001551854000098385,0.46733668341708545,-1.1226894273516332,0.2615694198191989,0,"HISTORICAL UK RETAIL, ACCOUNT AND BROKER ELIGIBILITY REMAIN UNRESOLVED",0,,,,,,
POOL_REGIONAL_SATELLITES,FINE_POOL,RS_42,21,3.0,0,,,,,,,,147,-0.0038775997533737564,-0.0033453760089106055,0.4489795918367347,-1.0944350037610127,0.273764238952652,0,"HISTORICAL UK RETAIL, ACCOUNT AND BROKER ELIGIBILITY REMAIN UNRESOLVED",0,,,,,,
POOL_REGIONAL_SATELLITES,FINE_POOL,RS_42,42,3.0,0,,,,,,,,105,-0.005178705821410206,0.00106383212347394,0.5047619047619047,-0.8603414079547267,0.38960087360874596,0,"HISTORICAL UK RETAIL, ACCOUNT AND BROKER ELIGIBILITY REMAIN UNRESOLVED",0,,,,,,
POOL_REGIONAL_SATELLITES,FINE_POOL,RS_42,63,3.0,0,,,,,,,,77,-0.009007069396714104,-0.0060460967796152065,0.4025974025974026,-1.548936622102424,0.12139695624874103,0,"HISTORICAL UK RETAIL, ACCOUNT AND BROKER ELIGIBILITY REMAIN UNRESOLVED",0,,,,,,
POOL_REGIONAL_SATELLITES,FINE_POOL,RS_42,126,3.0,0,,,,,,,,4,-0.03571136349533921,-0.05919218398719445,0.25,-1.4448756027086047,0.1484928303240352,0,"HISTORICAL UK RETAIL, ACCOUNT AND BROKER ELIGIBILITY REMAIN UNRESOLVED",0,,,,,,
POOL_REGIONAL_SATELLITES,FINE_POOL,RS_63,5,3.0,0,,,,,,,,143,-0.00020000017831518283,0.0006589163450532176,0.5034965034965035,-0.14083003961141796,0.8880042113799028,0,"HISTORICAL UK RETAIL, ACCOUNT AND BROKER ELIGIBILITY REMAIN UNRESOLVED",0,,,,,,
POOL_REGIONAL_SATELLITES,FINE_POOL,RS_63,10,3.0,0,,,,,,,,130,-0.0008824241895588367,-0.00019693119240071777,0.49230769230769234,-0.361786100360875,0.7175118798671762,0,"HISTORICAL UK RETAIL, ACCOUNT AND BROKER ELIGIBILITY REMAIN UNRESOLVED",0,,,,,,
POOL_REGIONAL_SATELLITES,FINE_POOL,RS_63,21,3.0,0,,,,,,,,104,-0.005693584482511142,-0.003388051323705288,0.4519230769230769,-1.3677906582248875,0.17137761265985219,0,"HISTORICAL UK RETAIL, ACCOUNT AND BROKER ELIGIBILITY REMAIN UNRESOLVED",0,,,,,,
POOL_REGIONAL_SATELLITES,FINE_POOL,RS_63,42,3.0,0,,,,,,,,77,-0.005082092293392889,-0.0023730463846514116,0.4675324675324675,-0.7336656403870124,0.4631525444665462,0,"HISTORICAL UK RETAIL, ACCOUNT AND BROKER ELIGIBILITY REMAIN UNRESOLVED",0,,,,,,
POOL_REGIONAL_SATELLITES,FINE_POOL,RS_63,63,3.0,0,,,,,,,,53,-0.0074417703466044096,-0.0008860891435802376,0.4716981132075472,-1.1060877779204552,0.26868852826768574,0,"HISTORICAL UK RETAIL, ACCOUNT AND BROKER ELIGIBILITY REMAIN UNRESOLVED",0,,,,,,
POOL_REGIONAL_SATELLITES,FINE_POOL,RS_63,126,,0,,,,,,,,0,,,,,,0,"HISTORICAL UK RETAIL, ACCOUNT AND BROKER ELIGIBILITY REMAIN UNRESOLVED",0,,,,,,
POOL_UK_MARKET_CAP_BREADTH,FINE_POOL,ACCEL_FAST_COMPOSITE,5,3.0,0,,,,,,,,288,7.432269736584459e-05,-0.0004526911888217966,0.4861111111111111,0.08908110211858654,0.9290174560031638,0,"HISTORICAL UK RETAIL, ACCOUNT AND BROKER ELIGIBILITY REMAIN UNRESOLVED",0,,,,,,
POOL_UK_MARKET_CAP_BREADTH,FINE_POOL,ACCEL_FAST_COMPOSITE,10,3.0,0,,,,,,,,278,-0.000661991926856554,-0.001383655217479296,0.4352517985611511,-0.4792466704001174,0.6317631561963264,0,"HISTORICAL UK RETAIL, ACCOUNT AND BROKER ELIGIBILITY REMAIN UNRESOLVED",0,,,,,,
POOL_UK_MARKET_CAP_BREADTH,FINE_POOL,ACCEL_FAST_COMPOSITE,21,3.0,0,,,,,,,,258,-0.004519569636107117,-0.004177806022524211,0.4069767441860465,-2.1274548776946203,0.03338230662706718,0,"HISTORICAL UK RETAIL, ACCOUNT AND BROKER ELIGIBILITY REMAIN UNRESOLVED",0,,,,,,
POOL_UK_MARKET_CAP_BREADTH,FINE_POOL,ACCEL_FAST_COMPOSITE,42,3.0,0,,,,,,,,230,-0.003893411004996887,-0.0009041027517369127,0.47391304347826085,-1.4570309078237405,0.14510784866980175,0,"HISTORICAL UK RETAIL, ACCOUNT AND BROKER ELIGIBILITY REMAIN UNRESOLVED",0,,,,,,
POOL_UK_MARKET_CAP_BREADTH,FINE_POOL,ACCEL_FAST_COMPOSITE,63,3.0,0,,,,,,,,201,-0.0006318502596954817,-0.003118784168696931,0.4626865671641791,-0.19849625233203524,0.8426568166240861,0,"HISTORICAL UK RETAIL, ACCOUNT AND BROKER ELIGIBILITY REMAIN UNRESOLVED",0,,,,,,
POOL_UK_MARKET_CAP_BREADTH,FINE_POOL,ACCEL_FAST_COMPOSITE,126,3.0,0,,,,,,,,178,0.004190126561162295,-0.002478014968925857,0.4943820224719101,0.6473067508312734,0.5174334332343019,0,"HISTORICAL UK RETAIL, ACCOUNT AND BROKER ELIGIBILITY REMAIN UNRESOLVED",0,,,,,,
POOL_UK_MARKET_CAP_BREADTH,FINE_POOL,DISCRETE_RECENT_CONSISTENCY,5,3.0,0,,,,,,,,379,0.000948576670573267,0.0002685979255208082,0.5171503957783641,1.247607649471379,0.21217477577745347,0,"HISTORICAL UK RETAIL, ACCOUNT AND BROKER ELIGIBILITY REMAIN UNRESOLVED",0,,,,,,
POOL_UK_MARKET_CAP_BREADTH,FINE_POOL,DISCRETE_RECENT_CONSISTENCY,10,3.0,0,,,,,,,,363,0.0007303389425472827,0.00018398275230646632,0.509641873278237,0.5672029871450508,0.5705762787939495,0,"HISTORICAL UK RETAIL, ACCOUNT AND BROKER ELIGIBILITY REMAIN UNRESOLVED",0,,,,,,
POOL_UK_MARKET_CAP_BREADTH,FINE_POOL,DISCRETE_RECENT_CONSISTENCY,21,3.0,0,,,,,,,,330,0.0006363073876883554,0.0005971256399801561,0.509090909090909,0.2979232416021867,0.7657617487517027,0,"HISTORICAL UK RETAIL, ACCOUNT AND BROKER ELIGIBILITY REMAIN UNRESOLVED",0,,,,,,
POOL_UK_MARKET_CAP_BREADTH,FINE_POOL,DISCRETE_RECENT_CONSISTENCY,42,3.0,0,,,,,,,,297,0.002634911415416284,0.003202844324980081,0.5555555555555556,0.6987176764880836,0.48472848487409403,0,"HISTORICAL UK RETAIL, ACCOUNT AND BROKER ELIGIBILITY REMAIN UNRESOLVED",0,,,,,,
POOL_UK_MARKET_CAP_BREADTH,FINE_POOL,DISCRETE_RECENT_CONSISTENCY,63,3.0,0,,,,,,,,264,0.006569406964908639,0.004431608861470981,0.5568181818181818,1.215823357434299,0.22405221905546646,0,"HISTORICAL UK RETAIL, ACCOUNT AND BROKER ELIGIBILITY REMAIN UNRESOLVED",0,,,,,,
POOL_UK_MARKET_CAP_BREADTH,FINE_POOL,DISCRETE_RECENT_CONSISTENCY,126,3.0,0,,,,,,,,187,0.005387647038825866,-0.00028703506451022154,0.49732620320855614,0.4348918604929314,0.6636409229767528,0,"HISTORICAL UK RETAIL, ACCOUNT AND BROKER ELIGIBILITY REMAIN UNRESOLVED",0,,,,,,
POOL_UK_MARKET_CAP_BREADTH,FINE_POOL,MH_LEVEL_3_6_12_REFERENCE,5,3.0,0,,,,,,,,173,-0.000272332289454052,-0.00026852580004799176,0.4797687861271676,-0.27949679365940444,0.7798635983083331,0,"HISTORICAL UK RETAIL, ACCOUNT AND BROKER ELIGIBILITY REMAIN UNRESOLVED",0,,,,,,
POOL_UK_MARKET_CAP_BREADTH,FINE_POOL,MH_LEVEL_3_6_12_REFERENCE,10,3.0,0,,,,,,,,172,-0.0010918579632828072,-9.448877380247023e-05,0.5,-0.6849867448605613,0.49335228538474685,0,"HISTORICAL UK RETAIL, ACCOUNT AND BROKER ELIGIBILITY REMAIN UNRESOLVED",0,,,,,,
POOL_UK_MARKET_CAP_BREADTH,FINE_POOL,MH_LEVEL_3_6_12_REFERENCE,21,3.0,0,,,,,,,,169,-0.0012754199690616103,0.0009073518742448439,0.5207100591715976,-0.3635251392199117,0.7162126371501372,0,"HISTORICAL UK RETAIL, ACCOUNT AND BROKER ELIGIBILITY REMAIN UNRESOLVED",0,,,,,,
POOL_UK_MARKET_CAP_BREADTH,FINE_POOL,MH_LEVEL_3_6_12_REFERENCE,42,3.0,0,,,,,,,,165,-9.400153913364156e-05,2.7192518477381356e-05,0.503030303030303,-0.017051396772094475,0.9863956130248343,0,"HISTORICAL UK RETAIL, ACCOUNT AND BROKER ELIGIBILITY REMAIN UNRESOLVED",0,,,,,,
POOL_UK_MARKET_CAP_BREADTH,FINE_POOL,MH_LEVEL_3_6_12_REFERENCE,63,3.0,0,,,,,,,,161,0.0015721769168870153,0.0014659489090402822,0.5217391304347826,0.2232534330888289,0.8233382675967186,0,"HISTORICAL UK RETAIL, ACCOUNT AND BROKER ELIGIBILITY REMAIN UNRESOLVED",0,,,,,,
POOL_UK_MARKET_CAP_BREADTH,FINE_POOL,MH_LEVEL_3_6_12_REFERENCE,126,3.0,0,,,,,,,,148,0.0009551139397171883,-0.0010350190775394452,0.4864864864864865,0.06956241072744,0.9445419563267382,0,"HISTORICAL UK RETAIL, ACCOUNT AND BROKER ELIGIBILITY REMAIN UNRESOLVED",0,,,,,,
POOL_UK_MARKET_CAP_BREADTH,FINE_POOL,MH_LEVEL_60D_CENTERED,5,3.0,0,,,,,,,,173,-0.0007045042249621021,-0.0013330533557313062,0.43352601156069365,-0.7384591887871743,0.46023545838691693,0,"HISTORICAL UK RETAIL, ACCOUNT AND BROKER ELIGIBILITY REMAIN UNRESOLVED",0,,,,,,
POOL_UK_MARKET_CAP_BREADTH,FINE_POOL,MH_LEVEL_60D_CENTERED,10,3.0,0,,,,,,,,172,-0.0019867289838227556,-0.0016102442518213245,0.45348837209302323,-1.263549387719892,0.20639180942791813,0,"HISTORICAL UK RETAIL, ACCOUNT AND BROKER ELIGIBILITY REMAIN UNRESOLVED",0,,,,,,
POOL_UK_MARKET_CAP_BREADTH,FINE_POOL,MH_LEVEL_60D_CENTERED,21,3.0,0,,,,,,,,169,-0.0024088479085814622,-0.001899111015370769,0.4556213017751479,-0.7248146883816043,0.4685657234613504,0,"HISTORICAL UK RETAIL, ACCOUNT AND BROKER ELIGIBILITY REMAIN UNRESOLVED",0,,,,,,
POOL_UK_MARKET_CAP_BREADTH,FINE_POOL,MH_LEVEL_60D_CENTERED,42,3.0,0,,,,,,,,165,0.0018094807618815347,0.0005267444078538297,0.5272727272727272,0.35896329829990914,0.7196225456334608,0,"HISTORICAL UK RETAIL, ACCOUNT AND BROKER ELIGIBILITY REMAIN UNRESOLVED",0,,,,,,
POOL_UK_MARKET_CAP_BREADTH,FINE_POOL,MH_LEVEL_60D_CENTERED,63,3.0,0,,,,,,,,161,0.004899222448766722,0.0022201258522800416,0.5341614906832298,0.752735896190497,0.45160863468276324,0,"HISTORICAL UK RETAIL, ACCOUNT AND BROKER ELIGIBILITY REMAIN UNRESOLVED",0,,,,,,
POOL_UK_MARKET_CAP_BREADTH,FINE_POOL,MH_LEVEL_60D_CENTERED,126,3.0,0,,,,,,,,148,0.006704472578343798,-0.0022266339424992787,0.46621621621621623,0.47532438101493685,0.6345557837439831,0,"HISTORICAL UK RETAIL, ACCOUNT AND BROKER ELIGIBILITY REMAIN UNRESOLVED",0,,,,,,
POOL_UK_MARKET_CAP_BREADTH,FINE_POOL,MH_LEVEL_EQ,5,3.0,0,,,,,,,,173,-0.0007794857120409032,-0.00164123751273193,0.42196531791907516,-0.8322548292931262,0.40526512134418624,0,"HISTORICAL UK RETAIL, ACCOUNT AND BROKER ELIGIBILITY REMAIN UNRESOLVED",0,,,,,,
POOL_UK_MARKET_CAP_BREADTH,FINE_POOL,MH_LEVEL_EQ,10,3.0,0,,,,,,,,172,-0.0018657022863602804,-0.0013187645389289848,0.46511627906976744,-1.2145317673530895,0.2245447266031836,0,"HISTORICAL UK RETAIL, ACCOUNT AND BROKER ELIGIBILITY REMAIN UNRESOLVED",0,,,,,,
POOL_UK_MARKET_CAP_BREADTH,FINE_POOL,MH_LEVEL_EQ,21,3.0,0,,,,,,,,169,-0.0021054668961976836,-0.0014407630333798105,0.48520710059171596,-0.6274323003161025,0.5303759003925279,0,"HISTORICAL UK RETAIL, ACCOUNT AND BROKER ELIGIBILITY REMAIN UNRESOLVED",0,,,,,,
POOL_UK_MARKET_CAP_BREADTH,FINE_POOL,MH_LEVEL_EQ,42,3.0,0,,,,,,,,165,0.0006682035827395847,0.0001385988710784769,0.5151515151515151,0.12714885929114844,0.8988225811228674,0,"HISTORICAL UK RETAIL, ACCOUNT AND BROKER ELIGIBILITY REMAIN UNRESOLVED",0,,,,,,
POOL_UK_MARKET_CAP_BREADTH,FINE_POOL,MH_LEVEL_EQ,63,3.0,0,,,,,,,,161,0.002940858428530285,-0.00019971830016063397,0.4968944099378882,0.43666473039073744,0.6623545111352063,0,"HISTORICAL UK RETAIL, ACCOUNT AND BROKER ELIGIBILITY REMAIN UNRESOLVED",0,,,,,,
POOL_UK_MARKET_CAP_BREADTH,FINE_POOL,MH_LEVEL_EQ,126,3.0,0,,,,,,,,148,0.005268160130337224,-0.0006052579213331466,0.4864864864864865,0.37644628403852687,0.7065851424865611,0,"HISTORICAL UK RETAIL, ACCOUNT AND BROKER ELIGIBILITY REMAIN UNRESOLVED",0,,,,,,
POOL_UK_MARKET_CAP_BREADTH,FINE_POOL,MH_LEVEL_RECENCY_TILT,5,3.0,0,,,,,,,,173,-0.000505949056793035,-0.0017015156728309444,0.41040462427745666,-0.563388095332315,0.5731706417985911,0,"HISTORICAL UK RETAIL, ACCOUNT AND BROKER ELIGIBILITY REMAIN UNRESOLVED",0,,,,,,
POOL_UK_MARKET_CAP_BREADTH,FINE_POOL,MH_LEVEL_RECENCY_TILT,10,3.0,0,,,,,,,,172,-0.001763478350786789,-0.0022226903910011475,0.4418604651162791,-1.286118455570426,0.19840172408163392,0,"HISTORICAL UK RETAIL, ACCOUNT AND BROKER ELIGIBILITY REMAIN UNRESOLVED",0,,,,,,
POOL_UK_MARKET_CAP_BREADTH,FINE_POOL,MH_LEVEL_RECENCY_TILT,21,3.0,0,,,,,,,,169,-0.003629504004601255,-0.0018908431425754824,0.4260355029585799,-1.3355049850847882,0.18171112479484897,0,"HISTORICAL UK RETAIL, ACCOUNT AND BROKER ELIGIBILITY REMAIN UNRESOLVED",0,,,,,,
POOL_UK_MARKET_CAP_BREADTH,FINE_POOL,MH_LEVEL_RECENCY_TILT,42,3.0,0,,,,,,,,165,-0.0006683087596907809,-0.0005779385747610721,0.4909090909090909,-0.14200211727310752,0.8870783332935053,0,"HISTORICAL UK RETAIL, ACCOUNT AND BROKER ELIGIBILITY REMAIN UNRESOLVED",0,,,,,,
POOL_UK_MARKET_CAP_BREADTH,FINE_POOL,MH_LEVEL_RECENCY_TILT,63,3.0,0,,,,,,,,161,0.003164996590586154,-0.00022473859845428823,0.4906832298136646,0.5233910429409153,0.6007021560778812,0,"HISTORICAL UK RETAIL, ACCOUNT AND BROKER ELIGIBILITY REMAIN UNRESOLVED",0,,,,,,
POOL_UK_MARKET_CAP_BREADTH,FINE_POOL,MH_LEVEL_RECENCY_TILT,126,3.0,0,,,,,,,,148,0.0059419856785737765,-0.0012211734692942344,0.46621621621621623,0.46684027796197586,0.6406141563463633,0,"HISTORICAL UK RETAIL, ACCOUNT AND BROKER ELIGIBILITY REMAIN UNRESOLVED",0,,,,,,
POOL_UK_MARKET_CAP_BREADTH,FINE_POOL,PAIRWISE_MAJORITY_5H,5,3.0,0,,,,,,,,173,-0.0003733278456523667,-0.0013330533557313062,0.4508670520231214,-0.38395956917763907,0.7010084140206292,0,"HISTORICAL UK RETAIL, ACCOUNT AND BROKER ELIGIBILITY REMAIN UNRESOLVED",0,,,,,,
POOL_UK_MARKET_CAP_BREADTH,FINE_POOL,PAIRWISE_MAJORITY_5H,10,3.0,0,,,,,,,,172,-0.001212861729063396,-0.0018641262703508743,0.46511627906976744,-0.7512456731025438,0.45250481769625184,0,"HISTORICAL UK RETAIL, ACCOUNT AND BROKER ELIGIBILITY REMAIN UNRESOLVED",0,,,,,,
POOL_UK_MARKET_CAP_BREADTH,FINE_POOL,PAIRWISE_MAJORITY_5H,21,3.0,0,,,,,,,,169,-0.0018147188882025268,-0.0024148241521128044,0.46153846153846156,-0.5257538774188225,0.5990592243348761,0,"HISTORICAL UK RETAIL, ACCOUNT AND BROKER ELIGIBILITY REMAIN UNRESOLVED",0,,,,,,
POOL_UK_MARKET_CAP_BREADTH,FINE_POOL,PAIRWISE_MAJORITY_5H,42,3.0,0,,,,,,,,165,0.00034349453415882466,0.000319019271940002,0.509090909090909,0.06285749914513776,0.9498799786512393,0,"HISTORICAL UK RETAIL, ACCOUNT AND BROKER ELIGIBILITY REMAIN UNRESOLVED",0,,,,,,
POOL_UK_MARKET_CAP_BREADTH,FINE_POOL,PAIRWISE_MAJORITY_5H,63,3.0,0,,,,,,,,161,0.0032740536394275516,0.0021572452473967996,0.5341614906832298,0.46545148260281904,0.6416081736314022,0,"HISTORICAL UK RETAIL, ACCOUNT AND BROKER ELIGIBILITY REMAIN UNRESOLVED",0,,,,,,
POOL_UK_MARKET_CAP_BREADTH,FINE_POOL,PAIRWISE_MAJORITY_5H,126,3.0,0,,,,,,,,148,0.005197280492986022,-0.00017716690976138372,0.49324324324324326,0.3643766797884515,0.7155767471253007,0,"HISTORICAL UK RETAIL, ACCOUNT AND BROKER ELIGIBILITY REMAIN UNRESOLVED",0,,,,,,
POOL_UK_MARKET_CAP_BREADTH,FINE_POOL,RRG_TRANSPARENT_LEVEL,5,3.0,0,,,,,,,,252,-0.0005766243680792117,-0.0004455639355394059,0.46825396825396826,-0.7077859694582058,0.4790781806283402,0,"HISTORICAL UK RETAIL, ACCOUNT AND BROKER ELIGIBILITY REMAIN UNRESOLVED",0,,,,,,
POOL_UK_MARKET_CAP_BREADTH,FINE_POOL,RRG_TRANSPARENT_LEVEL,10,3.0,0,,,,,,,,243,-0.0016632910191131537,-0.0012480257153648644,0.48148148148148145,-1.1594606591478172,0.24626846352968557,0,"HISTORICAL UK RETAIL, ACCOUNT AND BROKER ELIGIBILITY REMAIN UNRESOLVED",0,,,,,,
POOL_UK_MARKET_CAP_BREADTH,FINE_POOL,RRG_TRANSPARENT_LEVEL,21,3.0,0,,,,,,,,225,-0.001618353986542123,2.9599590164686163e-05,0.5022222222222222,-0.5328008441251681,0.5941714494539663,0,"HISTORICAL UK RETAIL, ACCOUNT AND BROKER ELIGIBILITY REMAIN UNRESOLVED",0,,,,,,
POOL_UK_MARKET_CAP_BREADTH,FINE_POOL,RRG_TRANSPARENT_LEVEL,42,3.0,0,,,,,,,,197,0.0005390960633063481,0.00271371235717055,0.5329949238578681,0.09864475735068727,0.9214203320716177,0,"HISTORICAL UK RETAIL, ACCOUNT AND BROKER ELIGIBILITY REMAIN UNRESOLVED",0,,,,,,
POOL_UK_MARKET_CAP_BREADTH,FINE_POOL,RRG_TRANSPARENT_LEVEL,63,3.0,0,,,,,,,,187,0.004406817182942637,0.004156169671663212,0.5401069518716578,0.6119379487869557,0.5405788126887454,0,"HISTORICAL UK RETAIL, ACCOUNT AND BROKER ELIGIBILITY REMAIN UNRESOLVED",0,,,,,,
POOL_UK_MARKET_CAP_BREADTH,FINE_POOL,RRG_TRANSPARENT_LEVEL,126,3.0,0,,,,,,,,174,0.0006117492972391661,-0.0007167962207165202,0.4885057471264368,0.042185629481865064,0.9663507183747881,0,"HISTORICAL UK RETAIL, ACCOUNT AND BROKER ELIGIBILITY REMAIN UNRESOLVED",0,,,,,,
POOL_UK_MARKET_CAP_BREADTH,FINE_POOL,RRG_TRANSPARENT_MOMENTUM,5,3.0,0,,,,,,,,223,0.0007165958251311468,0.0006296476043452515,0.5291479820627802,0.794796878713225,0.42673166693912146,0,"HISTORICAL UK RETAIL, ACCOUNT AND BROKER ELIGIBILITY REMAIN UNRESOLVED",0,,,,,,
POOL_UK_MARKET_CAP_BREADTH,FINE_POOL,RRG_TRANSPARENT_MOMENTUM,10,3.0,0,,,,,,,,214,0.0014159356994219191,0.00020548034917855507,0.5186915887850467,0.9882412584161164,0.32303450634009967,0,"HISTORICAL UK RETAIL, ACCOUNT AND BROKER ELIGIBILITY REMAIN UNRESOLVED",0,,,,,,
POOL_UK_MARKET_CAP_BREADTH,FINE_POOL,RRG_TRANSPARENT_MOMENTUM,21,3.0,0,,,,,,,,197,0.0014683041427061695,0.002346881017637692,0.5532994923857868,0.5848567798508052,0.5586440218360873,0,"HISTORICAL UK RETAIL, ACCOUNT AND BROKER ELIGIBILITY REMAIN UNRESOLVED",0,,,,,,
POOL_UK_MARKET_CAP_BREADTH,FINE_POOL,RRG_TRANSPARENT_MOMENTUM,42,3.0,0,,,,,,,,187,-4.20586491217506e-05,0.0040804371483833535,0.5561497326203209,-0.009616772894251786,0.9923270436519132,0,"HISTORICAL UK RETAIL, ACCOUNT AND BROKER ELIGIBILITY REMAIN UNRESOLVED",0,,,,,,
POOL_UK_MARKET_CAP_BREADTH,FINE_POOL,RRG_TRANSPARENT_MOMENTUM,63,3.0,0,,,,,,,,183,0.0016246578321277635,0.0007776348036088176,0.5245901639344263,0.2735040357418703,0.7844657904944197,0,"HISTORICAL UK RETAIL, ACCOUNT AND BROKER ELIGIBILITY REMAIN UNRESOLVED",0,,,,,,
POOL_UK_MARKET_CAP_BREADTH,FINE_POOL,RRG_TRANSPARENT_MOMENTUM,126,3.0,0,,,,,,,,170,0.006388718273403077,0.006679802233088172,0.5529411764705883,0.5409766556701732,0.5885236732043276,0,"HISTORICAL UK RETAIL, ACCOUNT AND BROKER ELIGIBILITY REMAIN UNRESOLVED",0,,,,,,
POOL_UK_MARKET_CAP_BREADTH,FINE_POOL,RS_126,5,3.0,0,,,,,,,,252,-0.0008838901622026372,-6.690201843423393e-05,0.49206349206349204,-0.8524112887426186,0.393985856798843,0,"HISTORICAL UK RETAIL, ACCOUNT AND BROKER ELIGIBILITY REMAIN UNRESOLVED",0,,,,,,
POOL_UK_MARKET_CAP_BREADTH,FINE_POOL,RS_126,10,3.0,0,,,,,,,,243,-0.0012530321571476404,-0.00030432467096153104,0.4897119341563786,-0.7322591158453475,0.4640104283547266,0,"HISTORICAL UK RETAIL, ACCOUNT AND BROKER ELIGIBILITY REMAIN UNRESOLVED",0,,,,,,
POOL_UK_MARKET_CAP_BREADTH,FINE_POOL,RS_126,21,3.0,0,,,,,,,,225,-0.0017651537222611335,0.0007868543174727183,0.5066666666666667,-0.5512083432571764,0.5814908613292096,0,"HISTORICAL UK RETAIL, ACCOUNT AND BROKER ELIGIBILITY REMAIN UNRESOLVED",0,,,,,,
POOL_UK_MARKET_CAP_BREADTH,FINE_POOL,RS_126,42,3.0,0,,,,,,,,197,-0.0003930365527559454,0.0026634906012308335,0.5431472081218274,-0.07311319072537821,0.9417160450713324,0,"HISTORICAL UK RETAIL, ACCOUNT AND BROKER ELIGIBILITY REMAIN UNRESOLVED",0,,,,,,
POOL_UK_MARKET_CAP_BREADTH,FINE_POOL,RS_126,63,3.0,0,,,,,,,,187,0.0014445458868554142,0.0020161962754983165,0.5294117647058824,0.19620044366863726,0.8444532808089189,0,"HISTORICAL UK RETAIL, ACCOUNT AND BROKER ELIGIBILITY REMAIN UNRESOLVED",0,,,,,,
POOL_UK_MARKET_CAP_BREADTH,FINE_POOL,RS_126,126,3.0,0,,,,,,,,174,-0.00469240527052789,-0.004791740411608958,0.45977011494252873,-0.3468070713079147,0.728736264337203,0,"HISTORICAL UK RETAIL, ACCOUNT AND BROKER ELIGIBILITY REMAIN UNRESOLVED",0,,,,,,
POOL_UK_MARKET_CAP_BREADTH,FINE_POOL,RS_21,5,3.0,0,,,,,,,,556,7.844922608328661e-05,-0.00022811448482318308,0.48741007194244607,0.1312843564147772,0.89555036645083,0,"HISTORICAL UK RETAIL, ACCOUNT AND BROKER ELIGIBILITY REMAIN UNRESOLVED",0,,,,,,
POOL_UK_MARKET_CAP_BREADTH,FINE_POOL,RS_21,10,3.0,0,,,,,,,,533,-0.00013292929206749443,-0.0008742066487033018,0.4821763602251407,-0.13992431747510792,0.8887197877313412,0,"HISTORICAL UK RETAIL, ACCOUNT AND BROKER ELIGIBILITY REMAIN UNRESOLVED",0,,,,,,
POOL_UK_MARKET_CAP_BREADTH,FINE_POOL,RS_21,21,3.0,0,,,,,,,,475,-0.0026152700064425343,-0.00171076627483846,0.47157894736842104,-1.5453417006540122,0.12226363382664067,0,"HISTORICAL UK RETAIL, ACCOUNT AND BROKER ELIGIBILITY REMAIN UNRESOLVED",0,,,,,,
POOL_UK_MARKET_CAP_BREADTH,FINE_POOL,RS_21,42,3.0,0,,,,,,,,391,0.0011165236024685621,0.003202844324980081,0.5421994884910486,0.391012269301551,0.6957881668210888,0,"HISTORICAL UK RETAIL, ACCOUNT AND BROKER ELIGIBILITY REMAIN UNRESOLVED",0,,,,,,
POOL_UK_MARKET_CAP_BREADTH,FINE_POOL,RS_21,63,3.0,0,,,,,,,,337,0.002833935527342165,0.0018380900906238562,0.5252225519287834,0.710342247426058,0.4774919272992665,0,"HISTORICAL UK RETAIL, ACCOUNT AND BROKER ELIGIBILITY REMAIN UNRESOLVED",0,,,,,,
POOL_UK_MARKET_CAP_BREADTH,FINE_POOL,RS_21,126,3.0,0,,,,,,,,230,0.00745234382912633,0.0009628265482528597,0.5173913043478261,0.9893999051545624,0.32246752092927444,0,"HISTORICAL UK RETAIL, ACCOUNT AND BROKER ELIGIBILITY REMAIN UNRESOLVED",0,,,,,,
POOL_UK_MARKET_CAP_BREADTH,FINE_POOL,RS_252,5,3.0,0,,,,,,,,173,-6.750834304857896e-05,-0.0008638474824824716,0.4624277456647399,-0.07040456637397531,0.9438716568289425,0,"HISTORICAL UK RETAIL, ACCOUNT AND BROKER ELIGIBILITY REMAIN UNRESOLVED",0,,,,,,
POOL_UK_MARKET_CAP_BREADTH,FINE_POOL,RS_252,10,3.0,0,,,,,,,,172,-0.000592837110368155,-0.0005508202137901042,0.4883720930232558,-0.35196009542996665,0.7248681892788729,0,"HISTORICAL UK RETAIL, ACCOUNT AND BROKER ELIGIBILITY REMAIN UNRESOLVED",0,,,,,,
POOL_UK_MARKET_CAP_BREADTH,FINE_POOL,RS_252,21,3.0,0,,,,,,,,169,-0.0010659491985181532,0.001221683897161041,0.5384615384615384,-0.3037309660914841,0.7613328642984915,0,"HISTORICAL UK RETAIL, ACCOUNT AND BROKER ELIGIBILITY REMAIN UNRESOLVED",0,,,,,,
POOL_UK_MARKET_CAP_BREADTH,FINE_POOL,RS_252,42,3.0,0,,,,,,,,165,-0.004137475324241691,-0.0025120329292167565,0.46060606060606063,-0.8346015872748757,0.40394206816330214,0,"HISTORICAL UK RETAIL, ACCOUNT AND BROKER ELIGIBILITY REMAIN UNRESOLVED",0,,,,,,
POOL_UK_MARKET_CAP_BREADTH,FINE_POOL,RS_252,63,3.0,0,,,,,,,,161,-0.006892288778172398,-0.0035807000005240175,0.453416149068323,-1.1858747260824822,0.2356717755194968,0,"HISTORICAL UK RETAIL, ACCOUNT AND BROKER ELIGIBILITY REMAIN UNRESOLVED",0,,,,,,
POOL_UK_MARKET_CAP_BREADTH,FINE_POOL,RS_252,126,3.0,0,,,,,,,,148,-0.015146143661325379,-0.017412289063548914,0.35135135135135137,-1.6604436876396982,0.09682522754168164,0,"HISTORICAL UK RETAIL, ACCOUNT AND BROKER ELIGIBILITY REMAIN UNRESOLVED",0,,,,,,
POOL_UK_MARKET_CAP_BREADTH,FINE_POOL,RS_42,5,3.0,0,,,,,,,,466,-0.000303913998925712,5.064198750215354e-05,0.5021459227467812,-0.5007138600993839,0.6165725164112583,0,"HISTORICAL UK RETAIL, ACCOUNT AND BROKER ELIGIBILITY REMAIN UNRESOLVED",0,,,,,,
POOL_UK_MARKET_CAP_BREADTH,FINE_POOL,RS_42,10,3.0,0,,,,,,,,443,-0.00043671857817500034,0.00024078997756893372,0.510158013544018,-0.42865062960306455,0.6681774944460657,0,"HISTORICAL UK RETAIL, ACCOUNT AND BROKER ELIGIBILITY REMAIN UNRESOLVED",0,,,,,,
POOL_UK_MARKET_CAP_BREADTH,FINE_POOL,RS_42,21,3.0,0,,,,,,,,385,-0.00013875290844987304,0.00010082945926326303,0.5012987012987012,-0.06053299866722728,0.9517311348921546,0,"HISTORICAL UK RETAIL, ACCOUNT AND BROKER ELIGIBILITY REMAIN UNRESOLVED",0,,,,,,
POOL_UK_MARKET_CAP_BREADTH,FINE_POOL,RS_42,42,3.0,0,,,,,,,,333,0.0020078127924210054,0.003202844324980081,0.5675675675675675,0.5049144697403201,0.6136189106286023,0,"HISTORICAL UK RETAIL, ACCOUNT AND BROKER ELIGIBILITY REMAIN UNRESOLVED",0,,,,,,
POOL_UK_MARKET_CAP_BREADTH,FINE_POOL,RS_42,63,3.0,0,,,,,,,,298,0.0042665585464325044,0.003682873009209664,0.5637583892617449,0.836373549134308,0.4029447882596505,0,"HISTORICAL UK RETAIL, ACCOUNT AND BROKER ELIGIBILITY REMAIN UNRESOLVED",0,,,,,,
POOL_UK_MARKET_CAP_BREADTH,FINE_POOL,RS_42,126,3.0,0,,,,,,,,198,0.005716590438222517,-0.004487846161629949,0.4494949494949495,0.4413634395413277,0.6589499057384792,0,"HISTORICAL UK RETAIL, ACCOUNT AND BROKER ELIGIBILITY REMAIN UNRESOLVED",0,,,,,,
POOL_UK_MARKET_CAP_BREADTH,FINE_POOL,RS_63,5,3.0,0,,,,,,,,379,0.0005164358896345843,3.681214900175256e-05,0.5013192612137203,0.7012367195735179,0.48315529775311805,0,"HISTORICAL UK RETAIL, ACCOUNT AND BROKER ELIGIBILITY REMAIN UNRESOLVED",0,,,,,,
POOL_UK_MARKET_CAP_BREADTH,FINE_POOL,RS_63,10,3.0,0,,,,,,,,363,0.00027288383534486877,-0.0004445817653985218,0.4931129476584022,0.21716449007932193,0.8280801571162446,0,"HISTORICAL UK RETAIL, ACCOUNT AND BROKER ELIGIBILITY REMAIN UNRESOLVED",0,,,,,,
POOL_UK_MARKET_CAP_BREADTH,FINE_POOL,RS_63,21,3.0,0,,,,,,,,330,0.00015975441864847026,0.00033500522475304884,0.5060606060606061,0.06828831152527783,0.9455561284607222,0,"HISTORICAL UK RETAIL, ACCOUNT AND BROKER ELIGIBILITY REMAIN UNRESOLVED",0,,,,,,
POOL_UK_MARKET_CAP_BREADTH,FINE_POOL,RS_63,42,3.0,0,,,,,,,,297,0.0028825576876730175,0.003269777969133081,0.5622895622895623,0.7069182263449325,0.4796172966788942,0,"HISTORICAL UK RETAIL, ACCOUNT AND BROKER ELIGIBILITY REMAIN UNRESOLVED",0,,,,,,
POOL_UK_MARKET_CAP_BREADTH,FINE_POOL,RS_63,63,3.0,0,,,,,,,,264,0.007737452240468333,0.005606549946959416,0.5757575757575758,1.299121465046046,0.1939022477404153,0,"HISTORICAL UK RETAIL, ACCOUNT AND BROKER ELIGIBILITY REMAIN UNRESOLVED",0,,,,,,
POOL_UK_MARKET_CAP_BREADTH,FINE_POOL,RS_63,126,3.0,0,,,,,,,,187,0.0066887452869437754,-0.00028703506451022154,0.49732620320855614,0.5145855359847981,0.6068426745528095,0,"HISTORICAL UK RETAIL, ACCOUNT AND BROKER ELIGIBILITY REMAIN UNRESOLVED",0,,,,,,
POOL_UK_MARKET_CAP_BREADTH,FINE_POOL,SHORT_MINUS_LONG_RS,5,3.0,0,,,,,,,,173,-0.00047248426457641575,-0.0002397118833308287,0.4797687861271676,-0.5611078854558254,0.5747239928838321,0,"HISTORICAL UK RETAIL, ACCOUNT AND BROKER ELIGIBILITY REMAIN UNRESOLVED",0,,,,,,
POOL_UK_MARKET_CAP_BREADTH,FINE_POOL,SHORT_MINUS_LONG_RS,10,3.0,0,,,,,,,,172,-0.0014866780773955025,-0.0013213109302674941,0.436046511627907,-1.0729270737497216,0.28330383761701405,0,"HISTORICAL UK RETAIL, ACCOUNT AND BROKER ELIGIBILITY REMAIN UNRESOLVED",0,,,,,,
POOL_UK_MARKET_CAP_BREADTH,FINE_POOL,SHORT_MINUS_LONG_RS,21,3.0,0,,,,,,,,169,-0.005501830082072966,-0.002462683709506641,0.4319526627218935,-2.129592522848288,0.03320526890039218,0,"HISTORICAL UK RETAIL, ACCOUNT AND BROKER ELIGIBILITY REMAIN UNRESOLVED",0,,,,,,
POOL_UK_MARKET_CAP_BREADTH,FINE_POOL,SHORT_MINUS_LONG_RS,42,3.0,0,,,,,,,,165,-0.002679822878620301,-0.0015004943079410804,0.46060606060606063,-0.7834115562748291,0.4333854721079923,0,"HISTORICAL UK RETAIL, ACCOUNT AND BROKER ELIGIBILITY REMAIN UNRESOLVED",0,,,,,,
POOL_UK_MARKET_CAP_BREADTH,FINE_POOL,SHORT_MINUS_LONG_RS,63,3.0,0,,,,,,,,161,0.0016532790879603945,-0.0008498526728643041,0.484472049689441,0.4745026309626263,0.6351415222664962,0,"HISTORICAL UK RETAIL, ACCOUNT AND BROKER ELIGIBILITY REMAIN UNRESOLVED",0,,,,,,
POOL_UK_MARKET_CAP_BREADTH,FINE_POOL,SHORT_MINUS_LONG_RS,126,3.0,0,,,,,,,,148,0.008580975904147732,0.011807462963217552,0.5540540540540541,1.3921825923495428,0.1638671127336886,0,"HISTORICAL UK RETAIL, ACCOUNT AND BROKER ELIGIBILITY REMAIN UNRESOLVED",0,,,,,,
POOL_US_BROAD_SECTORS,FINE_POOL,ACCEL_FAST_COMPOSITE,5,3.327272727272727,0,,,,,,,,165,0.0008640952121968352,0.0006056210919873628,0.5151515151515151,0.5252516888161951,0.5994082368577767,0,"HISTORICAL UK RETAIL, ACCOUNT AND BROKER ELIGIBILITY REMAIN UNRESOLVED",0,,,,,,
POOL_US_BROAD_SECTORS,FINE_POOL,ACCEL_FAST_COMPOSITE,10,3.3161290322580643,0,,,,,,,,155,0.002240005772359655,0.0004089804166047539,0.5032258064516129,0.9482782810064234,0.3429878046363085,0,"HISTORICAL UK RETAIL, ACCOUNT AND BROKER ELIGIBILITY REMAIN UNRESOLVED",0,,,,,,
POOL_US_BROAD_SECTORS,FINE_POOL,ACCEL_FAST_COMPOSITE,21,3.2814814814814817,0,,,,,,,,135,0.00361898159656347,0.0006994817726189151,0.5111111111111111,1.0436286100501815,0.2966572508164783,0,"HISTORICAL UK RETAIL, ACCOUNT AND BROKER ELIGIBILITY REMAIN UNRESOLVED",0,,,,,,
POOL_US_BROAD_SECTORS,FINE_POOL,ACCEL_FAST_COMPOSITE,42,3.2018348623853212,0,,,,,,,,109,0.007954332391182354,0.006534565041343976,0.5688073394495413,1.3655888211650271,0.1720680572464358,0,"HISTORICAL UK RETAIL, ACCOUNT AND BROKER ELIGIBILITY REMAIN UNRESOLVED",0,,,,,,
POOL_US_BROAD_SECTORS,FINE_POOL,ACCEL_FAST_COMPOSITE,63,3.070588235294118,0,,,,,,,,85,0.012979419653862777,0.001418180647642986,0.5058823529411764,1.0213768998162245,0.30707590541337326,0,"HISTORICAL UK RETAIL, ACCOUNT AND BROKER ELIGIBILITY REMAIN UNRESOLVED",0,,,,,,
POOL_US_BROAD_SECTORS,FINE_POOL,ACCEL_FAST_COMPOSITE,126,3.0,0,,,,,,,,64,0.005151604967752608,0.0027628873606511672,0.5,0.34511844611254905,0.7300053264471722,0,"HISTORICAL UK RETAIL, ACCOUNT AND BROKER ELIGIBILITY REMAIN UNRESOLVED",0,,,,,,
POOL_US_BROAD_SECTORS,FINE_POOL,DISCRETE_RECENT_CONSISTENCY,5,3.372549019607843,0,,,,,,,,255,0.0003506186746204701,0.0002470392816416034,0.5098039215686274,0.23770808813982466,0.8121075100356653,0,"HISTORICAL UK RETAIL, ACCOUNT AND BROKER ELIGIBILITY REMAIN UNRESOLVED",0,,,,,,
POOL_US_BROAD_SECTORS,FINE_POOL,DISCRETE_RECENT_CONSISTENCY,10,3.3682008368200838,0,,,,,,,,239,0.0014573832817637547,-0.002341174015757619,0.4686192468619247,0.5925364466664187,0.5534914222917552,0,"HISTORICAL UK RETAIL, ACCOUNT AND BROKER ELIGIBILITY REMAIN UNRESOLVED",0,,,,,,
POOL_US_BROAD_SECTORS,FINE_POOL,DISCRETE_RECENT_CONSISTENCY,21,3.3592233009708736,0,,,,,,,,206,0.005046520908942724,-0.00038818526387346397,0.49514563106796117,0.8762118107426481,0.3809148969736602,0,"HISTORICAL UK RETAIL, ACCOUNT AND BROKER ELIGIBILITY REMAIN UNRESOLVED",0,,,,,,
POOL_US_BROAD_SECTORS,FINE_POOL,DISCRETE_RECENT_CONSISTENCY,42,3.3352601156069364,0,,,,,,,,173,0.00851455363275746,1.822710838861319e-05,0.5028901734104047,0.7254619230179674,0.4681686962822942,0,"HISTORICAL UK RETAIL, ACCOUNT AND BROKER ELIGIBILITY REMAIN UNRESOLVED",0,,,,,,
POOL_US_BROAD_SECTORS,FINE_POOL,DISCRETE_RECENT_CONSISTENCY,63,3.3,0,,,,,,,,140,0.012211738957336167,-0.009503487561318247,0.45714285714285713,0.8048482218344672,0.42090727069948874,0,"HISTORICAL UK RETAIL, ACCOUNT AND BROKER ELIGIBILITY REMAIN UNRESOLVED",0,,,,,,
POOL_US_BROAD_SECTORS,FINE_POOL,DISCRETE_RECENT_CONSISTENCY,126,3.0,0,,,,,,,,73,0.003158526801168364,-0.0025139757603506174,0.4931506849315068,0.202898252887594,0.8392145598743708,0,"HISTORICAL UK RETAIL, ACCOUNT AND BROKER ELIGIBILITY REMAIN UNRESOLVED",0,,,,,,
POOL_US_BROAD_SECTORS,FINE_POOL,MH_LEVEL_3_6_12_REFERENCE,5,3.0,0,,,,,,,,58,-0.000383150495307426,-0.001370760966624085,0.4827586206896552,-0.15656587384204762,0.8755869995168024,0,"HISTORICAL UK RETAIL, ACCOUNT AND BROKER ELIGIBILITY REMAIN UNRESOLVED",0,,,,,,
POOL_US_BROAD_SECTORS,FINE_POOL,MH_LEVEL_3_6_12_REFERENCE,10,3.0,0,,,,,,,,57,-0.0011647065212949358,-0.0051949272949564085,0.42105263157894735,-0.27562639433801195,0.7828350349024294,0,"HISTORICAL UK RETAIL, ACCOUNT AND BROKER ELIGIBILITY REMAIN UNRESOLVED",0,,,,,,
POOL_US_BROAD_SECTORS,FINE_POOL,MH_LEVEL_3_6_12_REFERENCE,21,3.0,0,,,,,,,,54,-0.0007226712090114602,-0.009453063795723582,0.3148148148148148,-0.06835266063992204,0.9455049049828937,0,"HISTORICAL UK RETAIL, ACCOUNT AND BROKER ELIGIBILITY REMAIN UNRESOLVED",0,,,,,,
POOL_US_BROAD_SECTORS,FINE_POOL,MH_LEVEL_3_6_12_REFERENCE,42,3.0,0,,,,,,,,50,0.01265238133990801,-0.01186988794594207,0.36,0.5251047732054666,0.5995103581151291,0,"HISTORICAL UK RETAIL, ACCOUNT AND BROKER ELIGIBILITY REMAIN UNRESOLVED",0,,,,,,
POOL_US_BROAD_SECTORS,FINE_POOL,MH_LEVEL_3_6_12_REFERENCE,63,3.0,0,,,,,,,,46,0.01560812629615404,-0.017144369834521167,0.43478260869565216,0.5317729899055237,0.594883232077712,0,"HISTORICAL UK RETAIL, ACCOUNT AND BROKER ELIGIBILITY REMAIN UNRESOLVED",0,,,,,,
POOL_US_BROAD_SECTORS,FINE_POOL,MH_LEVEL_3_6_12_REFERENCE,126,3.0,0,,,,,,,,33,-0.011548305772942255,-0.025153272271170923,0.3333333333333333,-0.548096848841704,0.583625404191832,0,"HISTORICAL UK RETAIL, ACCOUNT AND BROKER ELIGIBILITY REMAIN UNRESOLVED",0,,,,,,
POOL_US_BROAD_SECTORS,FINE_POOL,MH_LEVEL_60D_CENTERED,5,3.0,0,,,,,,,,58,0.0013504695371495162,0.00020688310718752767,0.5172413793103449,0.553807478062216,0.5797106099502156,0,"HISTORICAL UK RETAIL, ACCOUNT AND BROKER ELIGIBILITY REMAIN UNRESOLVED",0,,,,,,
POOL_US_BROAD_SECTORS,FINE_POOL,MH_LEVEL_60D_CENTERED,10,3.0,0,,,,,,,,57,0.0012113506981607952,-0.002341174015757619,0.43859649122807015,0.29636111602536075,0.7669543171038758,0,"HISTORICAL UK RETAIL, ACCOUNT AND BROKER ELIGIBILITY REMAIN UNRESOLVED",0,,,,,,
POOL_US_BROAD_SECTORS,FINE_POOL,MH_LEVEL_60D_CENTERED,21,3.0,0,,,,,,,,54,0.0036685175794110405,-0.007041891201005623,0.42592592592592593,0.34797126220348307,0.727861765822869,0,"HISTORICAL UK RETAIL, ACCOUNT AND BROKER ELIGIBILITY REMAIN UNRESOLVED",0,,,,,,
POOL_US_BROAD_SECTORS,FINE_POOL,MH_LEVEL_60D_CENTERED,42,3.0,0,,,,,,,,50,0.0187037644823945,-0.006213553474852307,0.4,0.6842042884824248,0.49384617463246394,0,"HISTORICAL UK RETAIL, ACCOUNT AND BROKER ELIGIBILITY REMAIN UNRESOLVED",0,,,,,,
POOL_US_BROAD_SECTORS,FINE_POOL,MH_LEVEL_60D_CENTERED,63,3.0,0,,,,,,,,46,0.02256703043802952,-0.014430327237773155,0.45652173913043476,0.5777471146314175,0.5634348650526884,0,"HISTORICAL UK RETAIL, ACCOUNT AND BROKER ELIGIBILITY REMAIN UNRESOLVED",0,,,,,,
POOL_US_BROAD_SECTORS,FINE_POOL,MH_LEVEL_60D_CENTERED,126,3.0,0,,,,,,,,33,0.0054900715774550525,-0.025153272271170923,0.3939393939393939,0.1999184654113706,0.8415443486520274,0,"HISTORICAL UK RETAIL, ACCOUNT AND BROKER ELIGIBILITY REMAIN UNRESOLVED",0,,,,,,
POOL_US_BROAD_SECTORS,FINE_POOL,MH_LEVEL_EQ,5,3.0,0,,,,,,,,58,0.0007566377321444836,0.00020688310718752767,0.5172413793103449,0.30961994646251706,0.7568499861172557,0,"HISTORICAL UK RETAIL, ACCOUNT AND BROKER ELIGIBILITY REMAIN UNRESOLVED",0,,,,,,
POOL_US_BROAD_SECTORS,FINE_POOL,MH_LEVEL_EQ,10,3.0,0,,,,,,,,57,0.00042330151664818886,-0.004553063000701241,0.42105263157894735,0.10309463163262794,0.9178878656584238,0,"HISTORICAL UK RETAIL, ACCOUNT AND BROKER ELIGIBILITY REMAIN UNRESOLVED",0,,,,,,
POOL_US_BROAD_SECTORS,FINE_POOL,MH_LEVEL_EQ,21,3.0,0,,,,,,,,54,0.002019523113156688,-0.008732799019432136,0.3888888888888889,0.19057712978741678,0.8488569095563216,0,"HISTORICAL UK RETAIL, ACCOUNT AND BROKER ELIGIBILITY REMAIN UNRESOLVED",0,,,,,,
POOL_US_BROAD_SECTORS,FINE_POOL,MH_LEVEL_EQ,42,3.0,0,,,,,,,,50,0.020197053649975844,-0.007166599532796525,0.4,0.749002783354746,0.4538555278274139,0,"HISTORICAL UK RETAIL, ACCOUNT AND BROKER ELIGIBILITY REMAIN UNRESOLVED",0,,,,,,
POOL_US_BROAD_SECTORS,FINE_POOL,MH_LEVEL_EQ,63,3.0,0,,,,,,,,46,0.025492344659486944,-0.0002731043827441382,0.5,0.6659781128770776,0.5054250903122945,0,"HISTORICAL UK RETAIL, ACCOUNT AND BROKER ELIGIBILITY REMAIN UNRESOLVED",0,,,,,,
POOL_US_BROAD_SECTORS,FINE_POOL,MH_LEVEL_EQ,126,3.0,0,,,,,,,,33,0.006791164382222879,-0.018533989231512615,0.3939393939393939,0.2541877461065779,0.7993505169704109,0,"HISTORICAL UK RETAIL, ACCOUNT AND BROKER ELIGIBILITY REMAIN UNRESOLVED",0,,,,,,
POOL_US_BROAD_SECTORS,FINE_POOL,MH_LEVEL_RECENCY_TILT,5,3.0,0,,,,,,,,58,2.1931679370527205e-05,-0.0018189153524673096,0.46551724137931033,0.008710163737618478,0.993050382706181,0,"HISTORICAL UK RETAIL, ACCOUNT AND BROKER ELIGIBILITY REMAIN UNRESOLVED",0,,,,,,
POOL_US_BROAD_SECTORS,FINE_POOL,MH_LEVEL_RECENCY_TILT,10,3.0,0,,,,,,,,57,-5.971529920183305e-05,-0.0035685749124889643,0.40350877192982454,-0.014685935391391127,0.9882827400817633,0,"HISTORICAL UK RETAIL, ACCOUNT AND BROKER ELIGIBILITY REMAIN UNRESOLVED",0,,,,,,
POOL_US_BROAD_SECTORS,FINE_POOL,MH_LEVEL_RECENCY_TILT,21,3.0,0,,,,,,,,54,0.0030528888132406525,-0.00740450728781733,0.4444444444444444,0.2849561675226386,0.7756777234957911,0,"HISTORICAL UK RETAIL, ACCOUNT AND BROKER ELIGIBILITY REMAIN UNRESOLVED",0,,,,,,
POOL_US_BROAD_SECTORS,FINE_POOL,MH_LEVEL_RECENCY_TILT,42,3.0,0,,,,,,,,50,0.020856266532117456,-0.0036261375624960235,0.44,0.7804277952451939,0.43513911260082583,0,"HISTORICAL UK RETAIL, ACCOUNT AND BROKER ELIGIBILITY REMAIN UNRESOLVED",0,,,,,,
POOL_US_BROAD_SECTORS,FINE_POOL,MH_LEVEL_RECENCY_TILT,63,3.0,0,,,,,,,,46,0.02637843918076348,-0.004994664516969782,0.4782608695652174,0.7064426171071863,0.47991292607254854,0,"HISTORICAL UK RETAIL, ACCOUNT AND BROKER ELIGIBILITY REMAIN UNRESOLVED",0,,,,,,
POOL_US_BROAD_SECTORS,FINE_POOL,MH_LEVEL_RECENCY_TILT,126,3.0,0,,,,,,,,33,0.008905239271072186,-0.009418302772735587,0.3939393939393939,0.34992363809817545,0.7263960065476044,0,"HISTORICAL UK RETAIL, ACCOUNT AND BROKER ELIGIBILITY REMAIN UNRESOLVED",0,,,,,,
POOL_US_BROAD_SECTORS,FINE_POOL,PAIRWISE_MAJORITY_5H,5,3.0,0,,,,,,,,58,0.0005499292779654388,-0.0015911810085107447,0.46551724137931033,0.23583384683220449,0.8135616028418644,0,"HISTORICAL UK RETAIL, ACCOUNT AND BROKER ELIGIBILITY REMAIN UNRESOLVED",0,,,,,,
POOL_US_BROAD_SECTORS,FINE_POOL,PAIRWISE_MAJORITY_5H,10,3.0,0,,,,,,,,57,0.0007409177751135385,-0.0014264117495019768,0.43859649122807015,0.18302109373940428,0.8547814677501184,0,"HISTORICAL UK RETAIL, ACCOUNT AND BROKER ELIGIBILITY REMAIN UNRESOLVED",0,,,,,,
POOL_US_BROAD_SECTORS,FINE_POOL,PAIRWISE_MAJORITY_5H,21,3.0,0,,,,,,,,54,0.0030840760272626915,-0.006376718049343755,0.4444444444444444,0.2892322392009603,0.772403662322187,0,"HISTORICAL UK RETAIL, ACCOUNT AND BROKER ELIGIBILITY REMAIN UNRESOLVED",0,,,,,,
POOL_US_BROAD_SECTORS,FINE_POOL,PAIRWISE_MAJORITY_5H,42,3.0,0,,,,,,,,50,0.017851355123624225,-0.007166599532796525,0.4,0.6469047837106127,0.517693569606587,0,"HISTORICAL UK RETAIL, ACCOUNT AND BROKER ELIGIBILITY REMAIN UNRESOLVED",0,,,,,,
POOL_US_BROAD_SECTORS,FINE_POOL,PAIRWISE_MAJORITY_5H,63,3.0,0,,,,,,,,46,0.020914696750499152,-0.014430327237773155,0.45652173913043476,0.5254949388925952,0.5992391706971585,0,"HISTORICAL UK RETAIL, ACCOUNT AND BROKER ELIGIBILITY REMAIN UNRESOLVED",0,,,,,,
POOL_US_BROAD_SECTORS,FINE_POOL,PAIRWISE_MAJORITY_5H,126,3.0,0,,,,,,,,33,0.006791164382222879,-0.018533989231512615,0.3939393939393939,0.2541877461065779,0.7993505169704109,0,"HISTORICAL UK RETAIL, ACCOUNT AND BROKER ELIGIBILITY REMAIN UNRESOLVED",0,,,,,,
POOL_US_BROAD_SECTORS,FINE_POOL,RRG_TRANSPARENT_LEVEL,5,3.2734375,0,,,,,,,,128,-0.0008195200989734221,0.00030516945766811965,0.5078125,-0.4520235409770895,0.6512520235208699,0,"HISTORICAL UK RETAIL, ACCOUNT AND BROKER ELIGIBILITY REMAIN UNRESOLVED",0,,,,,,
POOL_US_BROAD_SECTORS,FINE_POOL,RRG_TRANSPARENT_LEVEL,10,3.25,0,,,,,,,,120,-0.0014513245501741,-0.003046589935523536,0.45,-0.513590646931247,0.607538220144143,0,"HISTORICAL UK RETAIL, ACCOUNT AND BROKER ELIGIBILITY REMAIN UNRESOLVED",0,,,,,,
POOL_US_BROAD_SECTORS,FINE_POOL,RRG_TRANSPARENT_LEVEL,21,3.1826923076923075,0,,,,,,,,104,-0.004953686844757425,-0.009531188479942554,0.36538461538461536,-0.7291087855994518,0.4659351208725848,0,"HISTORICAL UK RETAIL, ACCOUNT AND BROKER ELIGIBILITY REMAIN UNRESOLVED",0,,,,,,
POOL_US_BROAD_SECTORS,FINE_POOL,RRG_TRANSPARENT_LEVEL,42,3.0375,0,,,,,,,,80,0.0009797341266753108,-0.008396973274171271,0.35,0.06520583370483102,0.9480101163914728,0,"HISTORICAL UK RETAIL, ACCOUNT AND BROKER ELIGIBILITY REMAIN UNRESOLVED",0,,,,,,
POOL_US_BROAD_SECTORS,FINE_POOL,RRG_TRANSPARENT_LEVEL,63,3.0,0,,,,,,,,72,0.008192831679583687,-0.014907224683479547,0.4166666666666667,0.4170093542246905,0.6766715656450184,0,"HISTORICAL UK RETAIL, ACCOUNT AND BROKER ELIGIBILITY REMAIN UNRESOLVED",0,,,,,,
POOL_US_BROAD_SECTORS,FINE_POOL,RRG_TRANSPARENT_LEVEL,126,3.0,0,,,,,,,,59,-0.03008087272419872,-0.02910266866818967,0.2711864406779661,-1.3041977567650807,0.1921661645428251,0,"HISTORICAL UK RETAIL, ACCOUNT AND BROKER ELIGIBILITY REMAIN UNRESOLVED",0,,,,,,
POOL_US_BROAD_SECTORS,FINE_POOL,RRG_TRANSPARENT_MOMENTUM,5,3.174757281553398,0,,,,,,,,103,-0.0011855496654323374,0.00016672693273345196,0.5145631067961165,-0.6066163700942344,0.5441055338260083,0,"HISTORICAL UK RETAIL, ACCOUNT AND BROKER ELIGIBILITY REMAIN UNRESOLVED",0,,,,,,
POOL_US_BROAD_SECTORS,FINE_POOL,RRG_TRANSPARENT_MOMENTUM,10,3.136842105263158,0,,,,,,,,95,-0.0014206978341194934,-0.0035685749124889643,0.47368421052631576,-0.5026339893154921,0.6152216277373326,0,"HISTORICAL UK RETAIL, ACCOUNT AND BROKER ELIGIBILITY REMAIN UNRESOLVED",0,,,,,,
POOL_US_BROAD_SECTORS,FINE_POOL,RRG_TRANSPARENT_MOMENTUM,21,3.0375,0,,,,,,,,80,-0.004574473579350803,-0.0010272776555882435,0.4625,-1.1029616241256746,0.27004383087891726,0,"HISTORICAL UK RETAIL, ACCOUNT AND BROKER ELIGIBILITY REMAIN UNRESOLVED",0,,,,,,
POOL_US_BROAD_SECTORS,FINE_POOL,RRG_TRANSPARENT_MOMENTUM,42,3.0,0,,,,,,,,72,0.0064032513098447085,-0.0018834359697904035,0.4861111111111111,0.7386997198220384,0.46008935595482003,0,"HISTORICAL UK RETAIL, ACCOUNT AND BROKER ELIGIBILITY REMAIN UNRESOLVED",0,,,,,,
POOL_US_BROAD_SECTORS,FINE_POOL,RRG_TRANSPARENT_MOMENTUM,63,3.0,0,,,,,,,,68,0.015142513384500749,0.0007176671903634246,0.5,1.0017794896606784,0.3164501052780647,0,"HISTORICAL UK RETAIL, ACCOUNT AND BROKER ELIGIBILITY REMAIN UNRESOLVED",0,,,,,,
POOL_US_BROAD_SECTORS,FINE_POOL,RRG_TRANSPARENT_MOMENTUM,126,3.0,0,,,,,,,,55,0.008044402448984774,-0.0004548859173967301,0.4909090909090909,0.5319163645224817,0.5947839226835685,0,"HISTORICAL UK RETAIL, ACCOUNT AND BROKER ELIGIBILITY REMAIN UNRESOLVED",0,,,,,,
POOL_US_BROAD_SECTORS,FINE_POOL,RS_126,5,3.2734375,0,,,,,,,,128,-0.0001863544229066677,0.00045486645419945404,0.5078125,-0.09602114376438044,0.9235037798570026,0,"HISTORICAL UK RETAIL, ACCOUNT AND BROKER ELIGIBILITY REMAIN UNRESOLVED",0,,,,,,
POOL_US_BROAD_SECTORS,FINE_POOL,RS_126,10,3.25,0,,,,,,,,120,0.0004461087382954245,-0.0007029276464661227,0.48333333333333334,0.14663079683553223,0.8834234440533659,0,"HISTORICAL UK RETAIL, ACCOUNT AND BROKER ELIGIBILITY REMAIN UNRESOLVED",0,,,,,,
POOL_US_BROAD_SECTORS,FINE_POOL,RS_126,21,3.1826923076923075,0,,,,,,,,104,-0.00407228392545393,-0.011270377765506878,0.36538461538461536,-0.5580904061431012,0.576782651478343,0,"HISTORICAL UK RETAIL, ACCOUNT AND BROKER ELIGIBILITY REMAIN UNRESOLVED",0,,,,,,
POOL_US_BROAD_SECTORS,FINE_POOL,RS_126,42,3.0375,0,,,,,,,,80,0.0022001108202639925,-0.008855374098728663,0.4125,0.14028253180545275,0.8884367654427858,0,"HISTORICAL UK RETAIL, ACCOUNT AND BROKER ELIGIBILITY REMAIN UNRESOLVED",0,,,,,,
POOL_US_BROAD_SECTORS,FINE_POOL,RS_126,63,3.0,0,,,,,,,,72,0.01078750076002333,-0.014907224683479547,0.4027777777777778,0.4482482566095889,0.6539740393490814,0,"HISTORICAL UK RETAIL, ACCOUNT AND BROKER ELIGIBILITY REMAIN UNRESOLVED",0,,,,,,
POOL_US_BROAD_SECTORS,FINE_POOL,RS_126,126,3.0,0,,,,,,,,59,-0.02602228740211806,-0.0457175693453985,0.288135593220339,-0.8665362967120409,0.3861961305640019,0,"HISTORICAL UK RETAIL, ACCOUNT AND BROKER ELIGIBILITY REMAIN UNRESOLVED",0,,,,,,
POOL_US_BROAD_SECTORS,FINE_POOL,RS_21,5,3.4597701149425286,0,,,,,,,,435,-0.000262793231079655,-0.0014008949923101088,0.45977011494252873,-0.2549920326110936,0.7987292529340664,0,"HISTORICAL UK RETAIL, ACCOUNT AND BROKER ELIGIBILITY REMAIN UNRESOLVED",0,,,,,,
POOL_US_BROAD_SECTORS,FINE_POOL,RS_21,10,3.453658536585366,0,,,,,,,,410,0.000578856386934515,-0.0020406668923901305,0.4682926829268293,0.36569158707699717,0.714595224500453,0,"HISTORICAL UK RETAIL, ACCOUNT AND BROKER ELIGIBILITY REMAIN UNRESOLVED",0,,,,,,
POOL_US_BROAD_SECTORS,FINE_POOL,RS_21,21,3.42816091954023,0,,,,,,,,348,0.0028548264751561032,-0.002390247547505997,0.47701149425287354,0.8928867079883119,0.37191784594553745,0,"HISTORICAL UK RETAIL, ACCOUNT AND BROKER ELIGIBILITY REMAIN UNRESOLVED",0,,,,,,
POOL_US_BROAD_SECTORS,FINE_POOL,RS_21,42,3.3702290076335877,0,,,,,,,,262,0.008123882910574783,0.0006355515087428376,0.5152671755725191,1.2449353673942911,0.2131555090924454,0,"HISTORICAL UK RETAIL, ACCOUNT AND BROKER ELIGIBILITY REMAIN UNRESOLVED",0,,,,,,
POOL_US_BROAD_SECTORS,FINE_POOL,RS_21,63,3.360576923076923,0,,,,,,,,208,0.013433325700023941,0.001904478226715689,0.5048076923076923,1.313809888948329,0.18891018892536082,0,"HISTORICAL UK RETAIL, ACCOUNT AND BROKER ELIGIBILITY REMAIN UNRESOLVED",0,,,,,,
POOL_US_BROAD_SECTORS,FINE_POOL,RS_21,126,3.1809523809523808,0,,,,,,,,105,0.015354146749086306,0.009303959446830934,0.5619047619047619,1.1182841057980666,0.26344567302210575,0,"HISTORICAL UK RETAIL, ACCOUNT AND BROKER ELIGIBILITY REMAIN UNRESOLVED",0,,,,,,
POOL_US_BROAD_SECTORS,FINE_POOL,RS_252,5,3.0,0,,,,,,,,58,-0.0015835195229116955,-0.003993942834300324,0.41379310344827586,-0.6527784873179912,0.5138990944054049,0,"HISTORICAL UK RETAIL, ACCOUNT AND BROKER ELIGIBILITY REMAIN UNRESOLVED",0,,,,,,
POOL_US_BROAD_SECTORS,FINE_POOL,RS_252,10,3.0,0,,,,,,,,57,-0.0027220644850299925,-0.0037340667907319602,0.43859649122807015,-0.6614567113912013,0.5083194669909962,0,"HISTORICAL UK RETAIL, ACCOUNT AND BROKER ELIGIBILITY REMAIN UNRESOLVED",0,,,,,,
POOL_US_BROAD_SECTORS,FINE_POOL,RS_252,21,3.0,0,,,,,,,,54,-0.00782862983129529,-0.010942520718389026,0.35185185185185186,-1.1721236740090222,0.24114740640391996,0,"HISTORICAL UK RETAIL, ACCOUNT AND BROKER ELIGIBILITY REMAIN UNRESOLVED",0,,,,,,
POOL_US_BROAD_SECTORS,FINE_POOL,RS_252,42,3.0,0,,,,,,,,50,-0.016455349286308672,-0.023424463091143488,0.38,-1.3518013399502522,0.1764388753892776,0,"HISTORICAL UK RETAIL, ACCOUNT AND BROKER ELIGIBILITY REMAIN UNRESOLVED",0,,,,,,
POOL_US_BROAD_SECTORS,FINE_POOL,RS_252,63,3.0,0,,,,,,,,46,-0.030559257970546976,-0.029107382700037265,0.32608695652173914,-1.9324256050142656,0.05330699621417366,0,"HISTORICAL UK RETAIL, ACCOUNT AND BROKER ELIGIBILITY REMAIN UNRESOLVED",0,,,,,,
POOL_US_BROAD_SECTORS,FINE_POOL,RS_252,126,3.0,0,,,,,,,,33,-0.07587669228769722,-0.058490059638077296,0.15151515151515152,-3.31745917952806,0.0009084018859308373,0,"HISTORICAL UK RETAIL, ACCOUNT AND BROKER ELIGIBILITY REMAIN UNRESOLVED",0,,,,,,
POOL_US_BROAD_SECTORS,FINE_POOL,RS_42,5,3.4298245614035086,0,,,,,,,,342,0.0009583111898354309,0.00045486645419945404,0.5116959064327485,0.8238714333884751,0.4100126135587915,0,"HISTORICAL UK RETAIL, ACCOUNT AND BROKER ELIGIBILITY REMAIN UNRESOLVED",0,,,,,,
POOL_US_BROAD_SECTORS,FINE_POOL,RS_42,10,3.4182389937106916,0,,,,,,,,318,0.003086225990869076,0.0012097699119349992,0.5125786163522013,1.532015135089034,0.12551869993074918,0,"HISTORICAL UK RETAIL, ACCOUNT AND BROKER ELIGIBILITY REMAIN UNRESOLVED",0,,,,,,
POOL_US_BROAD_SECTORS,FINE_POOL,RS_42,21,3.3692307692307693,0,,,,,,,,260,0.0056734911760613,0.00012308695097207334,0.5038461538461538,1.0877724164972822,0.2766955894391564,0,"HISTORICAL UK RETAIL, ACCOUNT AND BROKER ELIGIBILITY REMAIN UNRESOLVED",0,,,,,,
POOL_US_BROAD_SECTORS,FINE_POOL,RS_42,42,3.355769230769231,0,,,,,,,,208,0.007995538483966471,-0.0013170334726673727,0.4807692307692308,0.6841893595568502,0.49385560039508836,0,"HISTORICAL UK RETAIL, ACCOUNT AND BROKER ELIGIBILITY REMAIN UNRESOLVED",0,,,,,,
POOL_US_BROAD_SECTORS,FINE_POOL,RS_42,63,3.3352601156069364,0,,,,,,,,173,0.010581900631258618,-0.0065645726981437,0.45664739884393063,0.7460855124330867,0.4556157603717249,0,"HISTORICAL UK RETAIL, ACCOUNT AND BROKER ELIGIBILITY REMAIN UNRESOLVED",0,,,,,,
POOL_US_BROAD_SECTORS,FINE_POOL,RS_42,126,3.037037037037037,0,,,,,,,,81,0.008192974526533411,-0.0025139757603506174,0.49382716049382713,0.6097283245176651,0.5420417882927672,0,"HISTORICAL UK RETAIL, ACCOUNT AND BROKER ELIGIBILITY REMAIN UNRESOLVED",0,,,,,,
POOL_US_BROAD_SECTORS,FINE_POOL,RS_63,5,3.372549019607843,0,,,,,,,,255,0.0006034836814578968,0.00016672693273345196,0.5098039215686274,0.4034671796020564,0.686604574474569,0,"HISTORICAL UK RETAIL, ACCOUNT AND BROKER ELIGIBILITY REMAIN UNRESOLVED",0,,,,,,
POOL_US_BROAD_SECTORS,FINE_POOL,RS_63,10,3.3682008368200838,0,,,,,,,,239,0.00112093063822717,-0.0023816669202486596,0.4602510460251046,0.44322588135369595,0.6576023603902033,0,"HISTORICAL UK RETAIL, ACCOUNT AND BROKER ELIGIBILITY REMAIN UNRESOLVED",0,,,,,,
POOL_US_BROAD_SECTORS,FINE_POOL,RS_63,21,3.3592233009708736,0,,,,,,,,206,0.003047799354455211,-0.0038309235729350744,0.46601941747572817,0.5503099014124916,0.5821068341236839,0,"HISTORICAL UK RETAIL, ACCOUNT AND BROKER ELIGIBILITY REMAIN UNRESOLVED",0,,,,,,
POOL_US_BROAD_SECTORS,FINE_POOL,RS_63,42,3.3352601156069364,0,,,,,,,,173,0.004809654538775218,-0.008628041106944706,0.4624277456647399,0.3915731605830738,0.6953736221521785,0,"HISTORICAL UK RETAIL, ACCOUNT AND BROKER ELIGIBILITY REMAIN UNRESOLVED",0,,,,,,
POOL_US_BROAD_SECTORS,FINE_POOL,RS_63,63,3.3,0,,,,,,,,140,0.003095821108391353,-0.015161708445591338,0.42142857142857143,0.21345088886511454,0.8309752913642057,0,"HISTORICAL UK RETAIL, ACCOUNT AND BROKER ELIGIBILITY REMAIN UNRESOLVED",0,,,,,,
POOL_US_BROAD_SECTORS,FINE_POOL,RS_63,126,3.0,0,,,,,,,,73,-0.009849157891328973,-0.018533989231512615,0.3972602739726027,-0.6338577848895747,0.5261736378774861,0,"HISTORICAL UK RETAIL, ACCOUNT AND BROKER ELIGIBILITY REMAIN UNRESOLVED",0,,,,,,
POOL_US_BROAD_SECTORS,FINE_POOL,SHORT_MINUS_LONG_RS,5,3.0,0,,,,,,,,58,0.001568084869843883,-0.00035934838504253497,0.5,0.5219155282850674,0.60172914608537,0,"HISTORICAL UK RETAIL, ACCOUNT AND BROKER ELIGIBILITY REMAIN UNRESOLVED",0,,,,,,
POOL_US_BROAD_SECTORS,FINE_POOL,SHORT_MINUS_LONG_RS,10,3.0,0,,,,,,,,57,0.002716499006982896,-0.0035685749124889643,0.45614035087719296,0.4901910140553932,0.6239987388895026,0,"HISTORICAL UK RETAIL, ACCOUNT AND BROKER ELIGIBILITY REMAIN UNRESOLVED",0,,,,,,
POOL_US_BROAD_SECTORS,FINE_POOL,SHORT_MINUS_LONG_RS,21,3.0,0,,,,,,,,54,0.012359993001348157,0.006426578782589121,0.6481481481481481,1.3643444109614444,0.17245919458043057,0,"HISTORICAL UK RETAIL, ACCOUNT AND BROKER ELIGIBILITY REMAIN UNRESOLVED",0,,,,,,
POOL_US_BROAD_SECTORS,FINE_POOL,SHORT_MINUS_LONG_RS,42,3.0,0,,,,,,,,50,0.030994630449348613,0.014218508740617364,0.6,1.5500506155744485,0.12112936783164814,0,"HISTORICAL UK RETAIL, ACCOUNT AND BROKER ELIGIBILITY REMAIN UNRESOLVED",0,,,,,,
POOL_US_BROAD_SECTORS,FINE_POOL,SHORT_MINUS_LONG_RS,63,3.0,0,,,,,,,,46,0.0438038145079154,0.026634815821880098,0.6521739130434783,1.9851737101549698,0.047125148193418606,0,"HISTORICAL UK RETAIL, ACCOUNT AND BROKER ELIGIBILITY REMAIN UNRESOLVED",0,,,,,,
POOL_US_BROAD_SECTORS,FINE_POOL,SHORT_MINUS_LONG_RS,126,3.0,0,,,,,,,,33,0.04124836343417954,-0.008505496969086979,0.48484848484848486,2.11504452548147,0.03442615259459291,0,"HISTORICAL UK RETAIL, ACCOUNT AND BROKER ELIGIBILITY REMAIN UNRESOLVED",0,,,,,,
POOL_US_INDUSTRIES,FINE_POOL,RS_126,5,,0,,,,,,,,0,,,,,,0,"HISTORICAL UK RETAIL, ACCOUNT AND BROKER ELIGIBILITY REMAIN UNRESOLVED",0,,,,,,
POOL_US_INDUSTRIES,FINE_POOL,RS_126,10,,0,,,,,,,,0,,,,,,0,"HISTORICAL UK RETAIL, ACCOUNT AND BROKER ELIGIBILITY REMAIN UNRESOLVED",0,,,,,,
POOL_US_INDUSTRIES,FINE_POOL,RS_126,21,,0,,,,,,,,0,,,,,,0,"HISTORICAL UK RETAIL, ACCOUNT AND BROKER ELIGIBILITY REMAIN UNRESOLVED",0,,,,,,
POOL_US_INDUSTRIES,FINE_POOL,RS_126,42,,0,,,,,,,,0,,,,,,0,"HISTORICAL UK RETAIL, ACCOUNT AND BROKER ELIGIBILITY REMAIN UNRESOLVED",0,,,,,,
POOL_US_INDUSTRIES,FINE_POOL,RS_126,63,,0,,,,,,,,0,,,,,,0,"HISTORICAL UK RETAIL, ACCOUNT AND BROKER ELIGIBILITY REMAIN UNRESOLVED",0,,,,,,
POOL_US_INDUSTRIES,FINE_POOL,RS_126,126,,0,,,,,,,,0,,,,,,0,"HISTORICAL UK RETAIL, ACCOUNT AND BROKER ELIGIBILITY REMAIN UNRESOLVED",0,,,,,,
POOL_US_INDUSTRIES,FINE_POOL,RS_21,5,,0,,,,,,,,0,,,,,,0,"HISTORICAL UK RETAIL, ACCOUNT AND BROKER ELIGIBILITY REMAIN UNRESOLVED",0,,,,,,
POOL_US_INDUSTRIES,FINE_POOL,RS_21,10,,0,,,,,,,,0,,,,,,0,"HISTORICAL UK RETAIL, ACCOUNT AND BROKER ELIGIBILITY REMAIN UNRESOLVED",0,,,,,,
POOL_US_INDUSTRIES,FINE_POOL,RS_21,21,,0,,,,,,,,0,,,,,,0,"HISTORICAL UK RETAIL, ACCOUNT AND BROKER ELIGIBILITY REMAIN UNRESOLVED",0,,,,,,
POOL_US_INDUSTRIES,FINE_POOL,RS_21,42,,0,,,,,,,,0,,,,,,0,"HISTORICAL UK RETAIL, ACCOUNT AND BROKER ELIGIBILITY REMAIN UNRESOLVED",0,,,,,,
POOL_US_INDUSTRIES,FINE_POOL,RS_21,63,,0,,,,,,,,0,,,,,,0,"HISTORICAL UK RETAIL, ACCOUNT AND BROKER ELIGIBILITY REMAIN UNRESOLVED",0,,,,,,
POOL_US_INDUSTRIES,FINE_POOL,RS_21,126,,0,,,,,,,,0,,,,,,0,"HISTORICAL UK RETAIL, ACCOUNT AND BROKER ELIGIBILITY REMAIN UNRESOLVED",0,,,,,,
POOL_US_INDUSTRIES,FINE_POOL,RS_42,5,,0,,,,,,,,0,,,,,,0,"HISTORICAL UK RETAIL, ACCOUNT AND BROKER ELIGIBILITY REMAIN UNRESOLVED",0,,,,,,
POOL_US_INDUSTRIES,FINE_POOL,RS_42,10,,0,,,,,,,,0,,,,,,0,"HISTORICAL UK RETAIL, ACCOUNT AND BROKER ELIGIBILITY REMAIN UNRESOLVED",0,,,,,,
POOL_US_INDUSTRIES,FINE_POOL,RS_42,21,,0,,,,,,,,0,,,,,,0,"HISTORICAL UK RETAIL, ACCOUNT AND BROKER ELIGIBILITY REMAIN UNRESOLVED",0,,,,,,
POOL_US_INDUSTRIES,FINE_POOL,RS_42,42,,0,,,,,,,,0,,,,,,0,"HISTORICAL UK RETAIL, ACCOUNT AND BROKER ELIGIBILITY REMAIN UNRESOLVED",0,,,,,,
POOL_US_INDUSTRIES,FINE_POOL,RS_42,63,,0,,,,,,,,0,,,,,,0,"HISTORICAL UK RETAIL, ACCOUNT AND BROKER ELIGIBILITY REMAIN UNRESOLVED",0,,,,,,
POOL_US_INDUSTRIES,FINE_POOL,RS_42,126,,0,,,,,,,,0,,,,,,0,"HISTORICAL UK RETAIL, ACCOUNT AND BROKER ELIGIBILITY REMAIN UNRESOLVED",0,,,,,,
POOL_US_INDUSTRIES,FINE_POOL,RS_63,5,,0,,,,,,,,0,,,,,,0,"HISTORICAL UK RETAIL, ACCOUNT AND BROKER ELIGIBILITY REMAIN UNRESOLVED",0,,,,,,
POOL_US_INDUSTRIES,FINE_POOL,RS_63,10,,0,,,,,,,,0,,,,,,0,"HISTORICAL UK RETAIL, ACCOUNT AND BROKER ELIGIBILITY REMAIN UNRESOLVED",0,,,,,,
POOL_US_INDUSTRIES,FINE_POOL,RS_63,21,,0,,,,,,,,0,,,,,,0,"HISTORICAL UK RETAIL, ACCOUNT AND BROKER ELIGIBILITY REMAIN UNRESOLVED",0,,,,,,
POOL_US_INDUSTRIES,FINE_POOL,RS_63,42,,0,,,,,,,,0,,,,,,0,"HISTORICAL UK RETAIL, ACCOUNT AND BROKER ELIGIBILITY REMAIN UNRESOLVED",0,,,,,,
POOL_US_INDUSTRIES,FINE_POOL,RS_63,63,,0,,,,,,,,0,,,,,,0,"HISTORICAL UK RETAIL, ACCOUNT AND BROKER ELIGIBILITY REMAIN UNRESOLVED",0,,,,,,
POOL_US_INDUSTRIES,FINE_POOL,RS_63,126,,0,,,,,,,,0,,,,,,0,"HISTORICAL UK RETAIL, ACCOUNT AND BROKER ELIGIBILITY REMAIN UNRESOLVED",0,,,,,,
POOL_US_MARKET_BREADTH_STYLE,FINE_POOL,ACCEL_FAST_COMPOSITE,5,3.0,0,,,,,,,,219,-0.0011204847450999884,-0.0006962960459752088,0.4885844748858447,-1.2813751426791957,0.20006193083772794,0,"HISTORICAL UK RETAIL, ACCOUNT AND BROKER ELIGIBILITY REMAIN UNRESOLVED",0,,,,,,
POOL_US_MARKET_BREADTH_STYLE,FINE_POOL,ACCEL_FAST_COMPOSITE,10,3.0,0,,,,,,,,209,-0.0030077493253570973,-0.004035410762307845,0.4019138755980861,-2.4002189056406316,0.0163852698463508,0,"HISTORICAL UK RETAIL, ACCOUNT AND BROKER ELIGIBILITY REMAIN UNRESOLVED",0,,,,,,
POOL_US_MARKET_BREADTH_STYLE,FINE_POOL,ACCEL_FAST_COMPOSITE,21,3.0,0,,,,,,,,186,-0.006560723331406324,-0.005516643866652626,0.43010752688172044,-3.230318132884132,0.0012365254467289462,0,"HISTORICAL UK RETAIL, ACCOUNT AND BROKER ELIGIBILITY REMAIN UNRESOLVED",0,,,,,,
POOL_US_MARKET_BREADTH_STYLE,FINE_POOL,ACCEL_FAST_COMPOSITE,42,3.0,0,,,,,,,,155,-0.0030345608332909223,-0.003931608068432735,0.45806451612903226,-0.9672634249837302,0.33341236279232334,0,"HISTORICAL UK RETAIL, ACCOUNT AND BROKER ELIGIBILITY REMAIN UNRESOLVED",0,,,,,,
POOL_US_MARKET_BREADTH_STYLE,FINE_POOL,ACCEL_FAST_COMPOSITE,63,3.0,0,,,,,,,,135,0.004106984206449245,0.004445064645171248,0.5111111111111111,1.0424990894244333,0.29718034741688193,0,"HISTORICAL UK RETAIL, ACCOUNT AND BROKER ELIGIBILITY REMAIN UNRESOLVED",0,,,,,,
POOL_US_MARKET_BREADTH_STYLE,FINE_POOL,ACCEL_FAST_COMPOSITE,126,3.0,0,,,,,,,,116,0.0010619396734066707,0.0025378420668924484,0.5258620689655172,0.22628115569221105,0.820982753892171,0,"HISTORICAL UK RETAIL, ACCOUNT AND BROKER ELIGIBILITY REMAIN UNRESOLVED",0,,,,,,
POOL_US_MARKET_BREADTH_STYLE,FINE_POOL,DISCRETE_RECENT_CONSISTENCY,5,3.0,0,,,,,,,,319,0.0023056349715407853,0.0017468413017662776,0.5454545454545454,2.3664403684412516,0.017960067288798388,0,"HISTORICAL UK RETAIL, ACCOUNT AND BROKER ELIGIBILITY REMAIN UNRESOLVED",0,,,,,,
POOL_US_MARKET_BREADTH_STYLE,FINE_POOL,DISCRETE_RECENT_CONSISTENCY,10,3.0,0,,,,,,,,302,0.005367534027649284,0.002630579168873548,0.5629139072847682,3.233916846123463,0.0012210500162032397,0,"HISTORICAL UK RETAIL, ACCOUNT AND BROKER ELIGIBILITY REMAIN UNRESOLVED",0,,,,,,
POOL_US_MARKET_BREADTH_STYLE,FINE_POOL,DISCRETE_RECENT_CONSISTENCY,21,3.0,0,,,,,,,,265,0.009746324138531512,0.006552873538570703,0.5886792452830188,2.5310012177255143,0.011373745372679428,0,"HISTORICAL UK RETAIL, ACCOUNT AND BROKER ELIGIBILITY REMAIN UNRESOLVED",0,,,,,,
POOL_US_MARKET_BREADTH_STYLE,FINE_POOL,DISCRETE_RECENT_CONSISTENCY,42,3.0,0,,,,,,,,227,0.014801994761007175,0.011485099999456905,0.6123348017621145,2.2979926254306,0.021562208855758346,0,"HISTORICAL UK RETAIL, ACCOUNT AND BROKER ELIGIBILITY REMAIN UNRESOLVED",0,,,,,,
POOL_US_MARKET_BREADTH_STYLE,FINE_POOL,DISCRETE_RECENT_CONSISTENCY,63,3.0,0,,,,,,,,190,0.017305321111586586,0.013766922969910445,0.6684210526315789,3.286460047913889,0.0010145516461345083,0,"HISTORICAL UK RETAIL, ACCOUNT AND BROKER ELIGIBILITY REMAIN UNRESOLVED",0,,,,,,
POOL_US_MARKET_BREADTH_STYLE,FINE_POOL,DISCRETE_RECENT_CONSISTENCY,126,3.0,0,,,,,,,,125,0.031282547548763445,0.028978555710450493,0.696,3.1830920555818345,0.00145711280062158,0,"HISTORICAL UK RETAIL, ACCOUNT AND BROKER ELIGIBILITY REMAIN UNRESOLVED",0,,,,,,
POOL_US_MARKET_BREADTH_STYLE,FINE_POOL,MH_LEVEL_3_6_12_REFERENCE,5,3.0,0,,,,,,,,110,0.00019091963895524175,0.0018114899893099112,0.5363636363636364,0.1334822956407413,0.89381196500269,0,"HISTORICAL UK RETAIL, ACCOUNT AND BROKER ELIGIBILITY REMAIN UNRESOLVED",0,,,,,,
POOL_US_MARKET_BREADTH_STYLE,FINE_POOL,MH_LEVEL_3_6_12_REFERENCE,10,3.0,0,,,,,,,,109,0.0021541035087140926,-0.0007502482686189138,0.47706422018348627,1.0053915332163637,0.3147083551891732,0,"HISTORICAL UK RETAIL, ACCOUNT AND BROKER ELIGIBILITY REMAIN UNRESOLVED",0,,,,,,
POOL_US_MARKET_BREADTH_STYLE,FINE_POOL,MH_LEVEL_3_6_12_REFERENCE,21,3.0,0,,,,,,,,107,0.003271242452075873,0.0011850542730085234,0.5327102803738317,0.8378262774417473,0.4021282782697181,0,"HISTORICAL UK RETAIL, ACCOUNT AND BROKER ELIGIBILITY REMAIN UNRESOLVED",0,,,,,,
POOL_US_MARKET_BREADTH_STYLE,FINE_POOL,MH_LEVEL_3_6_12_REFERENCE,42,3.0,0,,,,,,,,102,0.011318383163466218,0.009729489467065977,0.6568627450980392,1.5502079665062363,0.12109160834354567,0,"HISTORICAL UK RETAIL, ACCOUNT AND BROKER ELIGIBILITY REMAIN UNRESOLVED",0,,,,,,
POOL_US_MARKET_BREADTH_STYLE,FINE_POOL,MH_LEVEL_3_6_12_REFERENCE,63,3.0,0,,,,,,,,98,0.01561104126148562,0.011718914536366531,0.6122448979591837,1.4258586591596236,0.15390914465244368,0,"HISTORICAL UK RETAIL, ACCOUNT AND BROKER ELIGIBILITY REMAIN UNRESOLVED",0,,,,,,
POOL_US_MARKET_BREADTH_STYLE,FINE_POOL,MH_LEVEL_3_6_12_REFERENCE,126,3.0,0,,,,,,,,85,0.024940221187152764,0.023298072633526345,0.6470588235294118,2.4493515521690785,0.01431136889460693,0,"HISTORICAL UK RETAIL, ACCOUNT AND BROKER ELIGIBILITY REMAIN UNRESOLVED",0,,,,,,
POOL_US_MARKET_BREADTH_STYLE,FINE_POOL,MH_LEVEL_60D_CENTERED,5,3.0,0,,,,,,,,110,0.0011770179835268613,0.0019796506927233226,0.5636363636363636,0.8834709995126652,0.3769818446967099,0,"HISTORICAL UK RETAIL, ACCOUNT AND BROKER ELIGIBILITY REMAIN UNRESOLVED",0,,,,,,
POOL_US_MARKET_BREADTH_STYLE,FINE_POOL,MH_LEVEL_60D_CENTERED,10,3.0,0,,,,,,,,109,0.0020376140628312373,-0.0014209928645958492,0.45871559633027525,0.9553701651598273,0.33939053606341896,0,"HISTORICAL UK RETAIL, ACCOUNT AND BROKER ELIGIBILITY REMAIN UNRESOLVED",0,,,,,,
POOL_US_MARKET_BREADTH_STYLE,FINE_POOL,MH_LEVEL_60D_CENTERED,21,3.0,0,,,,,,,,107,0.004779266972812725,0.001948416278102938,0.5420560747663551,1.22682563950669,0.21988813192961043,0,"HISTORICAL UK RETAIL, ACCOUNT AND BROKER ELIGIBILITY REMAIN UNRESOLVED",0,,,,,,
POOL_US_MARKET_BREADTH_STYLE,FINE_POOL,MH_LEVEL_60D_CENTERED,42,3.0,0,,,,,,,,102,0.01379704318510487,0.014171593514044512,0.7058823529411765,2.1030196162404238,0.0354640547852527,0,"HISTORICAL UK RETAIL, ACCOUNT AND BROKER ELIGIBILITY REMAIN UNRESOLVED",0,,,,,,
POOL_US_MARKET_BREADTH_STYLE,FINE_POOL,MH_LEVEL_60D_CENTERED,63,3.0,0,,,,,,,,98,0.018136956608451976,0.015259818099630729,0.6428571428571429,1.9788595772454034,0.04783181850920934,0,"HISTORICAL UK RETAIL, ACCOUNT AND BROKER ELIGIBILITY REMAIN UNRESOLVED",0,,,,,,
POOL_US_MARKET_BREADTH_STYLE,FINE_POOL,MH_LEVEL_60D_CENTERED,126,3.0,0,,,,,,,,85,0.022468375061500512,0.023298072633526345,0.6352941176470588,2.5356941541851223,0.011222469953060744,0,"HISTORICAL UK RETAIL, ACCOUNT AND BROKER ELIGIBILITY REMAIN UNRESOLVED",0,,,,,,
POOL_US_MARKET_BREADTH_STYLE,FINE_POOL,MH_LEVEL_EQ,5,3.0,0,,,,,,,,110,-7.95422368443271e-05,0.001309656706191431,0.5272727272727272,-0.05808919225914078,0.9536775831848019,0,"HISTORICAL UK RETAIL, ACCOUNT AND BROKER ELIGIBILITY REMAIN UNRESOLVED",0,,,,,,
POOL_US_MARKET_BREADTH_STYLE,FINE_POOL,MH_LEVEL_EQ,10,3.0,0,,,,,,,,109,-0.0006817662408891817,-0.00217409538974056,0.42201834862385323,-0.3161293654719973,0.7519043183943415,0,"HISTORICAL UK RETAIL, ACCOUNT AND BROKER ELIGIBILITY REMAIN UNRESOLVED",0,,,,,,
POOL_US_MARKET_BREADTH_STYLE,FINE_POOL,MH_LEVEL_EQ,21,3.0,0,,,,,,,,107,0.0009982630396738901,1.0594424442400552e-05,0.5046728971962616,0.2663116180553,0.7899992261774397,0,"HISTORICAL UK RETAIL, ACCOUNT AND BROKER ELIGIBILITY REMAIN UNRESOLVED",0,,,,,,
POOL_US_MARKET_BREADTH_STYLE,FINE_POOL,MH_LEVEL_EQ,42,3.0,0,,,,,,,,102,0.010852853801607873,0.009874516097208574,0.6666666666666666,1.6830685904813079,0.0923618140653405,0,"HISTORICAL UK RETAIL, ACCOUNT AND BROKER ELIGIBILITY REMAIN UNRESOLVED",0,,,,,,
POOL_US_MARKET_BREADTH_STYLE,FINE_POOL,MH_LEVEL_EQ,63,3.0,0,,,,,,,,98,0.015187838480102965,0.011718914536366531,0.6122448979591837,1.7695101845757473,0.07680877267825813,0,"HISTORICAL UK RETAIL, ACCOUNT AND BROKER ELIGIBILITY REMAIN UNRESOLVED",0,,,,,,
POOL_US_MARKET_BREADTH_STYLE,FINE_POOL,MH_LEVEL_EQ,126,3.0,0,,,,,,,,85,0.017997945583040457,0.016539511367712034,0.5882352941176471,2.0917887081164146,0.03645742092009082,0,"HISTORICAL UK RETAIL, ACCOUNT AND BROKER ELIGIBILITY REMAIN UNRESOLVED",0,,,,,,
POOL_US_MARKET_BREADTH_STYLE,FINE_POOL,MH_LEVEL_RECENCY_TILT,5,3.0,0,,,,,,,,110,-0.00040023312362811214,0.0010886228136072207,0.5272727272727272,-0.31491800723782243,0.7528239089388047,0,"HISTORICAL UK RETAIL, ACCOUNT AND BROKER ELIGIBILITY REMAIN UNRESOLVED",0,,,,,,
POOL_US_MARKET_BREADTH_STYLE,FINE_POOL,MH_LEVEL_RECENCY_TILT,10,3.0,0,,,,,,,,109,-0.0009028518456554016,-0.001873494441068102,0.43119266055045874,-0.49490012647140574,0.620670621413227,0,"HISTORICAL UK RETAIL, ACCOUNT AND BROKER ELIGIBILITY REMAIN UNRESOLVED",0,,,,,,
POOL_US_MARKET_BREADTH_STYLE,FINE_POOL,MH_LEVEL_RECENCY_TILT,21,3.0,0,,,,,,,,107,0.00020612998753377217,0.0006084748893679937,0.514018691588785,0.06001545004506708,0.9521433295143436,0,"HISTORICAL UK RETAIL, ACCOUNT AND BROKER ELIGIBILITY REMAIN UNRESOLVED",0,,,,,,
POOL_US_MARKET_BREADTH_STYLE,FINE_POOL,MH_LEVEL_RECENCY_TILT,42,3.0,0,,,,,,,,102,0.009884269640504942,0.010116173460468558,0.6176470588235294,1.6652694317316692,0.09585901424983206,0,"HISTORICAL UK RETAIL, ACCOUNT AND BROKER ELIGIBILITY REMAIN UNRESOLVED",0,,,,,,
POOL_US_MARKET_BREADTH_STYLE,FINE_POOL,MH_LEVEL_RECENCY_TILT,63,3.0,0,,,,,,,,98,0.014945696582972517,0.01491572164936461,0.6326530612244898,1.9677991799273804,0.049091148592602545,0,"HISTORICAL UK RETAIL, ACCOUNT AND BROKER ELIGIBILITY REMAIN UNRESOLVED",0,,,,,,
POOL_US_MARKET_BREADTH_STYLE,FINE_POOL,MH_LEVEL_RECENCY_TILT,126,3.0,0,,,,,,,,85,0.016175534666965415,0.006938771576646685,0.5529411764705883,1.7198707793266497,0.0854559331463626,0,"HISTORICAL UK RETAIL, ACCOUNT AND BROKER ELIGIBILITY REMAIN UNRESOLVED",0,,,,,,
POOL_US_MARKET_BREADTH_STYLE,FINE_POOL,PAIRWISE_MAJORITY_5H,5,3.0,0,,,,,,,,110,0.00030038587956811834,0.0018114899893099112,0.5363636363636364,0.22147929049193382,0.8247192600165092,0,"HISTORICAL UK RETAIL, ACCOUNT AND BROKER ELIGIBILITY REMAIN UNRESOLVED",0,,,,,,
POOL_US_MARKET_BREADTH_STYLE,FINE_POOL,PAIRWISE_MAJORITY_5H,10,3.0,0,,,,,,,,109,-5.372304713047477e-05,-0.002155522756984829,0.42201834862385323,-0.02610402892259084,0.9791743635434336,0,"HISTORICAL UK RETAIL, ACCOUNT AND BROKER ELIGIBILITY REMAIN UNRESOLVED",0,,,,,,
POOL_US_MARKET_BREADTH_STYLE,FINE_POOL,PAIRWISE_MAJORITY_5H,21,3.0,0,,,,,,,,107,0.0015578481092383798,1.0594424442400552e-05,0.5046728971962616,0.42739663243689535,0.6690904598077256,0,"HISTORICAL UK RETAIL, ACCOUNT AND BROKER ELIGIBILITY REMAIN UNRESOLVED",0,,,,,,
POOL_US_MARKET_BREADTH_STYLE,FINE_POOL,PAIRWISE_MAJORITY_5H,42,3.0,0,,,,,,,,102,0.011355535817348775,0.010445609987866034,0.6764705882352942,1.7905873901645597,0.07335953205716343,0,"HISTORICAL UK RETAIL, ACCOUNT AND BROKER ELIGIBILITY REMAIN UNRESOLVED",0,,,,,,
POOL_US_MARKET_BREADTH_STYLE,FINE_POOL,PAIRWISE_MAJORITY_5H,63,3.0,0,,,,,,,,98,0.015122679509345429,0.011718914536366531,0.6122448979591837,1.7598051173295366,0.07844085512951957,0,"HISTORICAL UK RETAIL, ACCOUNT AND BROKER ELIGIBILITY REMAIN UNRESOLVED",0,,,,,,
POOL_US_MARKET_BREADTH_STYLE,FINE_POOL,PAIRWISE_MAJORITY_5H,126,3.0,0,,,,,,,,85,0.017562742830811287,0.016539511367712034,0.5882352941176471,2.0374229815950167,0.04160767279217432,0,"HISTORICAL UK RETAIL, ACCOUNT AND BROKER ELIGIBILITY REMAIN UNRESOLVED",0,,,,,,
POOL_US_MARKET_BREADTH_STYLE,FINE_POOL,RRG_TRANSPARENT_LEVEL,5,3.0,0,,,,,,,,179,0.0003166311072893064,0.0012703932602831092,0.5251396648044693,0.2987768703659134,0.7651103000608057,0,"HISTORICAL UK RETAIL, ACCOUNT AND BROKER ELIGIBILITY REMAIN UNRESOLVED",0,,,,,,
POOL_US_MARKET_BREADTH_STYLE,FINE_POOL,RRG_TRANSPARENT_LEVEL,10,3.0,0,,,,,,,,171,0.0020669944689680492,-0.0013404080117089823,0.47368421052631576,1.2273043698005313,0.2197082138260169,0,"HISTORICAL UK RETAIL, ACCOUNT AND BROKER ELIGIBILITY REMAIN UNRESOLVED",0,,,,,,
POOL_US_MARKET_BREADTH_STYLE,FINE_POOL,RRG_TRANSPARENT_LEVEL,21,3.0,0,,,,,,,,153,0.00455223183942607,0.0022927820602671733,0.5424836601307189,1.4357136183837487,0.15108384847590126,0,"HISTORICAL UK RETAIL, ACCOUNT AND BROKER ELIGIBILITY REMAIN UNRESOLVED",0,,,,,,
POOL_US_MARKET_BREADTH_STYLE,FINE_POOL,RRG_TRANSPARENT_LEVEL,42,3.0,0,,,,,,,,132,0.006786553718340289,0.01075826863568985,0.6212121212121212,1.1403020687771885,0.25416047623434623,0,"HISTORICAL UK RETAIL, ACCOUNT AND BROKER ELIGIBILITY REMAIN UNRESOLVED",0,,,,,,
POOL_US_MARKET_BREADTH_STYLE,FINE_POOL,RRG_TRANSPARENT_LEVEL,63,3.0,0,,,,,,,,125,0.01253203933131504,0.009500863187615893,0.608,1.650075109755265,0.09892757483228522,0,"HISTORICAL UK RETAIL, ACCOUNT AND BROKER ELIGIBILITY REMAIN UNRESOLVED",0,,,,,,
POOL_US_MARKET_BREADTH_STYLE,FINE_POOL,RRG_TRANSPARENT_LEVEL,126,3.0,0,,,,,,,,112,0.01814033903526512,0.02458801081991624,0.6428571428571429,2.671187395444725,0.00755834373653191,0,"HISTORICAL UK RETAIL, ACCOUNT AND BROKER ELIGIBILITY REMAIN UNRESOLVED",0,,,,,,
POOL_US_MARKET_BREADTH_STYLE,FINE_POOL,RRG_TRANSPARENT_MOMENTUM,5,3.0,0,,,,,,,,151,-0.001006354966297649,-0.0003271452010130682,0.48344370860927155,-1.2210860567252622,0.22205343836810498,0,"HISTORICAL UK RETAIL, ACCOUNT AND BROKER ELIGIBILITY REMAIN UNRESOLVED",0,,,,,,
POOL_US_MARKET_BREADTH_STYLE,FINE_POOL,RRG_TRANSPARENT_MOMENTUM,10,3.0,0,,,,,,,,145,-0.0007851834350742587,-0.0019446448143991546,0.4413793103448276,-0.617002527128069,0.5372330588529142,0,"HISTORICAL UK RETAIL, ACCOUNT AND BROKER ELIGIBILITY REMAIN UNRESOLVED",0,,,,,,
POOL_US_MARKET_BREADTH_STYLE,FINE_POOL,RRG_TRANSPARENT_MOMENTUM,21,3.0,0,,,,,,,,133,0.0007357936085032227,-0.00231324631524632,0.48120300751879697,0.31420169317199814,0.7533678567944219,0,"HISTORICAL UK RETAIL, ACCOUNT AND BROKER ELIGIBILITY REMAIN UNRESOLVED",0,,,,,,
POOL_US_MARKET_BREADTH_STYLE,FINE_POOL,RRG_TRANSPARENT_MOMENTUM,42,3.0,0,,,,,,,,125,0.0007639805051258461,0.0025356358466273043,0.528,0.251596791739891,0.8013527386921466,0,"HISTORICAL UK RETAIL, ACCOUNT AND BROKER ELIGIBILITY REMAIN UNRESOLVED",0,,,,,,
POOL_US_MARKET_BREADTH_STYLE,FINE_POOL,RRG_TRANSPARENT_MOMENTUM,63,3.0,0,,,,,,,,121,0.00642587535174824,0.010587983530538025,0.5867768595041323,1.7033676284148302,0.08849929178865287,0,"HISTORICAL UK RETAIL, ACCOUNT AND BROKER ELIGIBILITY REMAIN UNRESOLVED",0,,,,,,
POOL_US_MARKET_BREADTH_STYLE,FINE_POOL,RRG_TRANSPARENT_MOMENTUM,126,3.0,0,,,,,,,,108,0.006026601771930783,0.005359939900608235,0.5370370370370371,0.5152706266429626,0.6063639217735537,0,"HISTORICAL UK RETAIL, ACCOUNT AND BROKER ELIGIBILITY REMAIN UNRESOLVED",0,,,,,,
POOL_US_MARKET_BREADTH_STYLE,FINE_POOL,RS_126,5,3.0,0,,,,,,,,179,0.00047684724850682744,0.0017468413017662776,0.5307262569832403,0.454996766446775,0.6491115651346392,0,"HISTORICAL UK RETAIL, ACCOUNT AND BROKER ELIGIBILITY REMAIN UNRESOLVED",0,,,,,,
POOL_US_MARKET_BREADTH_STYLE,FINE_POOL,RS_126,10,3.0,0,,,,,,,,171,0.00227544062121224,-0.0005722888154257033,0.47368421052631576,1.3680616904724534,0.17129276686341932,0,"HISTORICAL UK RETAIL, ACCOUNT AND BROKER ELIGIBILITY REMAIN UNRESOLVED",0,,,,,,
POOL_US_MARKET_BREADTH_STYLE,FINE_POOL,RS_126,21,3.0,0,,,,,,,,153,0.0037191209443227153,0.0022927820602671733,0.5424836601307189,1.1217070584531144,0.26198701442018624,0,"HISTORICAL UK RETAIL, ACCOUNT AND BROKER ELIGIBILITY REMAIN UNRESOLVED",0,,,,,,
POOL_US_MARKET_BREADTH_STYLE,FINE_POOL,RS_126,42,3.0,0,,,,,,,,132,0.008954411417121241,0.009870120085530454,0.6212121212121212,1.451588138875289,0.1466161587290592,0,"HISTORICAL UK RETAIL, ACCOUNT AND BROKER ELIGIBILITY REMAIN UNRESOLVED",0,,,,,,
POOL_US_MARKET_BREADTH_STYLE,FINE_POOL,RS_126,63,3.0,0,,,,,,,,125,0.012461032687161009,0.005731105071746789,0.576,1.3565111175146647,0.17493660049908466,0,"HISTORICAL UK RETAIL, ACCOUNT AND BROKER ELIGIBILITY REMAIN UNRESOLVED",0,,,,,,
POOL_US_MARKET_BREADTH_STYLE,FINE_POOL,RS_126,126,3.0,0,,,,,,,,112,0.02184925615903773,0.020765434692348594,0.6785714285714286,2.1095892708236543,0.03489374929891087,0,"HISTORICAL UK RETAIL, ACCOUNT AND BROKER ELIGIBILITY REMAIN UNRESOLVED",0,,,,,,
POOL_US_MARKET_BREADTH_STYLE,FINE_POOL,RS_21,5,3.0,0,,,,,,,,517,-8.785527665138018e-05,4.4559817144351754e-05,0.5009671179883946,-0.11445856656913728,0.9088742895742725,0,"HISTORICAL UK RETAIL, ACCOUNT AND BROKER ELIGIBILITY REMAIN UNRESOLVED",0,,,,,,
POOL_US_MARKET_BREADTH_STYLE,FINE_POOL,RS_21,10,3.0,0,,,,,,,,490,-0.0007793003175396914,-0.0011907066924475296,0.47959183673469385,-0.6485091489294006,0.5166556953845494,0,"HISTORICAL UK RETAIL, ACCOUNT AND BROKER ELIGIBILITY REMAIN UNRESOLVED",0,,,,,,
POOL_US_MARKET_BREADTH_STYLE,FINE_POOL,RS_21,21,3.0,0,,,,,,,,423,-0.002119173929604815,0.0005510615316139944,0.5106382978723404,-0.8233653153644165,0.41030028095021176,0,"HISTORICAL UK RETAIL, ACCOUNT AND BROKER ELIGIBILITY REMAIN UNRESOLVED",0,,,,,,
POOL_US_MARKET_BREADTH_STYLE,FINE_POOL,RS_21,42,3.0,0,,,,,,,,328,0.002183733999971144,-0.0024192021144229248,0.47560975609756095,0.3420654693834815,0.7323016231120107,0,"HISTORICAL UK RETAIL, ACCOUNT AND BROKER ELIGIBILITY REMAIN UNRESOLVED",0,,,,,,
POOL_US_MARKET_BREADTH_STYLE,FINE_POOL,RS_21,63,3.0,0,,,,,,,,269,0.007741128390352812,0.004670871512739261,0.550185873605948,1.3163492457922028,0.18805684912616583,0,"HISTORICAL UK RETAIL, ACCOUNT AND BROKER ELIGIBILITY REMAIN UNRESOLVED",0,,,,,,
POOL_US_MARKET_BREADTH_STYLE,FINE_POOL,RS_21,126,3.0,0,,,,,,,,153,0.005253424348853426,0.008749247277790806,0.5686274509803921,1.385393100943656,0.1659322994152974,0,"HISTORICAL UK RETAIL, ACCOUNT AND BROKER ELIGIBILITY REMAIN UNRESOLVED",0,,,,,,
POOL_US_MARKET_BREADTH_STYLE,FINE_POOL,RS_252,5,3.0,0,,,,,,,,110,0.00032987400527072496,-0.00022760333835730728,0.4909090909090909,0.255587512546611,0.798269361754989,0,"HISTORICAL UK RETAIL, ACCOUNT AND BROKER ELIGIBILITY REMAIN UNRESOLVED",0,,,,,,
POOL_US_MARKET_BREADTH_STYLE,FINE_POOL,RS_252,10,3.0,0,,,,,,,,109,0.001385036782120085,-0.00010498091004096377,0.4954128440366973,0.6362603589237223,0.524606737841203,0,"HISTORICAL UK RETAIL, ACCOUNT AND BROKER ELIGIBILITY REMAIN UNRESOLVED",0,,,,,,
POOL_US_MARKET_BREADTH_STYLE,FINE_POOL,RS_252,21,3.0,0,,,,,,,,107,0.0025218321389352504,0.0026726594335457765,0.5514018691588785,0.7194982305037909,0.4718339921021376,0,"HISTORICAL UK RETAIL, ACCOUNT AND BROKER ELIGIBILITY REMAIN UNRESOLVED",0,,,,,,
POOL_US_MARKET_BREADTH_STYLE,FINE_POOL,RS_252,42,3.0,0,,,,,,,,102,0.009111189531433292,0.011705604972252925,0.6470588235294118,1.3649572781481023,0.17226647793565864,0,"HISTORICAL UK RETAIL, ACCOUNT AND BROKER ELIGIBILITY REMAIN UNRESOLVED",0,,,,,,
POOL_US_MARKET_BREADTH_STYLE,FINE_POOL,RS_252,63,3.0,0,,,,,,,,98,0.011315242921098013,0.016774033499834418,0.6326530612244898,1.1531632663384253,0.2488433777850445,0,"HISTORICAL UK RETAIL, ACCOUNT AND BROKER ELIGIBILITY REMAIN UNRESOLVED",0,,,,,,
POOL_US_MARKET_BREADTH_STYLE,FINE_POOL,RS_252,126,3.0,0,,,,,,,,85,0.02717970075056266,0.024842225940903795,0.6941176470588235,2.105328507315418,0.035262722278906845,0,"HISTORICAL UK RETAIL, ACCOUNT AND BROKER ELIGIBILITY REMAIN UNRESOLVED",0,,,,,,
POOL_US_MARKET_BREADTH_STYLE,FINE_POOL,RS_42,5,3.0,0,,,,,,,,415,-0.000700375017113746,-0.000629316634667032,0.46987951807228917,-0.7579689119640634,0.44846959389447316,0,"HISTORICAL UK RETAIL, ACCOUNT AND BROKER ELIGIBILITY REMAIN UNRESOLVED",0,,,,,,
POOL_US_MARKET_BREADTH_STYLE,FINE_POOL,RS_42,10,3.0,0,,,,,,,,389,-0.0012823602076881154,-0.0019010707312926423,0.4473007712082262,-0.8033494620737982,0.42177277674477176,0,"HISTORICAL UK RETAIL, ACCOUNT AND BROKER ELIGIBILITY REMAIN UNRESOLVED",0,,,,,,
POOL_US_MARKET_BREADTH_STYLE,FINE_POOL,RS_42,21,3.0,0,,,,,,,,326,-0.0005467241522563879,-0.0022177045671465945,0.4815950920245399,-0.14573472613486274,0.8841308065302038,0,"HISTORICAL UK RETAIL, ACCOUNT AND BROKER ELIGIBILITY REMAIN UNRESOLVED",0,,,,,,
POOL_US_MARKET_BREADTH_STYLE,FINE_POOL,RS_42,42,3.0,0,,,,,,,,267,0.009587764100741377,0.0065611594065677625,0.550561797752809,1.2818462192895705,0.1998965970444454,0,"HISTORICAL UK RETAIL, ACCOUNT AND BROKER ELIGIBILITY REMAIN UNRESOLVED",0,,,,,,
POOL_US_MARKET_BREADTH_STYLE,FINE_POOL,RS_42,63,3.0,0,,,,,,,,228,0.011453077044351036,0.005538444683319099,0.5701754385964912,1.3824130500186413,0.1668449113929129,0,"HISTORICAL UK RETAIL, ACCOUNT AND BROKER ELIGIBILITY REMAIN UNRESOLVED",0,,,,,,
POOL_US_MARKET_BREADTH_STYLE,FINE_POOL,RS_42,126,3.0,0,,,,,,,,132,0.014408771446538501,0.021098548142147733,0.6439393939393939,2.687093925018229,0.007207668197869929,0,"HISTORICAL UK RETAIL, ACCOUNT AND BROKER ELIGIBILITY REMAIN UNRESOLVED",0,,,,,,
POOL_US_MARKET_BREADTH_STYLE,FINE_POOL,RS_63,5,3.0,0,,,,,,,,319,0.0015278397295079614,0.001074650740397587,0.5297805642633229,1.5202992308901888,0.12843578725702817,0,"HISTORICAL UK RETAIL, ACCOUNT AND BROKER ELIGIBILITY REMAIN UNRESOLVED",0,,,,,,
POOL_US_MARKET_BREADTH_STYLE,FINE_POOL,RS_63,10,3.0,0,,,,,,,,302,0.0030556090838598335,0.0012793861931328365,0.5231788079470199,1.7667946520996851,0.07726262467674515,0,"HISTORICAL UK RETAIL, ACCOUNT AND BROKER ELIGIBILITY REMAIN UNRESOLVED",0,,,,,,
POOL_US_MARKET_BREADTH_STYLE,FINE_POOL,RS_63,21,3.0,0,,,,,,,,265,0.005946606831568975,0.004303117913422083,0.5547169811320755,1.5059633934004828,0.13207657119636637,0,"HISTORICAL UK RETAIL, ACCOUNT AND BROKER ELIGIBILITY REMAIN UNRESOLVED",0,,,,,,
POOL_US_MARKET_BREADTH_STYLE,FINE_POOL,RS_63,42,3.0,0,,,,,,,,227,0.009131580341027599,0.007452545698378055,0.5770925110132159,1.3241368614596396,0.1854575953319232,0,"HISTORICAL UK RETAIL, ACCOUNT AND BROKER ELIGIBILITY REMAIN UNRESOLVED",0,,,,,,
POOL_US_MARKET_BREADTH_STYLE,FINE_POOL,RS_63,63,3.0,0,,,,,,,,190,0.010904570387478734,0.009289646054804535,0.6105263157894737,1.8467373473783282,0.06478521609371972,0,"HISTORICAL UK RETAIL, ACCOUNT AND BROKER ELIGIBILITY REMAIN UNRESOLVED",0,,,,,,
POOL_US_MARKET_BREADTH_STYLE,FINE_POOL,RS_63,126,3.0,0,,,,,,,,125,0.02245614478564298,0.023298072633526345,0.68,3.2773012407222706,0.0010480448900857333,0,"HISTORICAL UK RETAIL, ACCOUNT AND BROKER ELIGIBILITY REMAIN UNRESOLVED",0,,,,,,
POOL_US_MARKET_BREADTH_STYLE,FINE_POOL,SHORT_MINUS_LONG_RS,5,3.0,0,,,,,,,,110,-0.0017724130634621143,-0.002927817000324462,0.42727272727272725,-1.5601870366111188,0.11871568815732113,0,"HISTORICAL UK RETAIL, ACCOUNT AND BROKER ELIGIBILITY REMAIN UNRESOLVED",0,,,,,,
POOL_US_MARKET_BREADTH_STYLE,FINE_POOL,SHORT_MINUS_LONG_RS,10,3.0,0,,,,,,,,109,-0.0038634094133995164,-0.003417475838528028,0.3853211009174312,-2.030570319531959,0.04229860110645766,0,"HISTORICAL UK RETAIL, ACCOUNT AND BROKER ELIGIBILITY REMAIN UNRESOLVED",0,,,,,,
POOL_US_MARKET_BREADTH_STYLE,FINE_POOL,SHORT_MINUS_LONG_RS,21,3.0,0,,,,,,,,107,-0.006284134922712095,-0.006840224528648187,0.3925233644859813,-1.7929956236675912,0.0729736238442448,0,"HISTORICAL UK RETAIL, ACCOUNT AND BROKER ELIGIBILITY REMAIN UNRESOLVED",0,,,,,,
POOL_US_MARKET_BREADTH_STYLE,FINE_POOL,SHORT_MINUS_LONG_RS,42,3.0,0,,,,,,,,102,-0.004268696746703322,-0.005052242308845378,0.45098039215686275,-0.8246946887012976,0.40954494785588413,0,"HISTORICAL UK RETAIL, ACCOUNT AND BROKER ELIGIBILITY REMAIN UNRESOLVED",0,,,,,,
POOL_US_MARKET_BREADTH_STYLE,FINE_POOL,SHORT_MINUS_LONG_RS,63,3.0,0,,,,,,,,98,-0.004664336535923923,-0.0031662158671958984,0.47959183673469385,-0.596801532544175,0.5506398946365543,0,"HISTORICAL UK RETAIL, ACCOUNT AND BROKER ELIGIBILITY REMAIN UNRESOLVED",0,,,,,,
POOL_US_MARKET_BREADTH_STYLE,FINE_POOL,SHORT_MINUS_LONG_RS,126,3.0,0,,,,,,,,85,-0.011559866370005058,-0.01491501578072052,0.4235294117647059,-1.019085030018704,0.30816260047346333,0,"HISTORICAL UK RETAIL, ACCOUNT AND BROKER ELIGIBILITY REMAIN UNRESOLVED",0,,,,,,
COUNTRY,ROLE_GROUP,ACCEL_FAST_COMPOSITE,5,4.130653266331659,58,0.040012036809319855,-2.42861286636753e-17,0.5,0.6371409856467374,0.5240330137552095,-0.08307241837567275,0.16309649199431245,199,0.0030766919087227575,0.0015873215952384445,0.5276381909547738,1.3991315675883769,0.16177353295601415,54,"HISTORICAL UK RETAIL, ACCOUNT AND BROKER ELIGIBILITY REMAIN UNRESOLVED",3,0.0011977512053878707,0.0011092858676298321,0.006196571300576469,,,0.5
COUNTRY,ROLE_GROUP,ACCEL_FAST_COMPOSITE,10,4.058510638297872,52,0.12599980596385313,0.14837694783495792,0.6346153846153846,1.5065624228283137,0.13192285540030146,-0.037919775466149136,0.28991938739385537,188,0.004428181809260798,0.0028012298331941965,0.5531914893617021,1.2774112875257888,0.201457081819591,49,"HISTORICAL UK RETAIL, ACCOUNT AND BROKER ELIGIBILITY REMAIN UNRESOLVED",3,0.0018161108115167467,-0.0013658697068121934,0.0117004229574925,,,0.5
COUNTRY,ROLE_GROUP,ACCEL_FAST_COMPOSITE,21,3.909090909090909,39,0.03608382697417642,0.0714285714285714,0.5384615384615384,0.3462608193639754,0.7291467110269734,-0.16816394620347416,0.240331600151827,165,0.004951081162299613,0.008438000741735507,0.5696969696969697,0.7172573007108236,0.4732153487645051,38,"HISTORICAL UK RETAIL, ACCOUNT AND BROKER ELIGIBILITY REMAIN UNRESOLVED",3,0.0004650883169067372,-0.007346923239914749,0.006342577539468635,,,0.5
COUNTRY,ROLE_GROUP,ACCEL_FAST_COMPOSITE,42,3.6222222222222222,22,0.028432590676152537,0.08790401599192077,0.5909090909090909,0.3647453821244722,0.7153014789209724,-0.12435029964543376,0.18121548099773882,135,0.007908425663632099,0.012391572386196037,0.562962962962963,0.7899529326886467,0.42955525650392457,22,"HISTORICAL UK RETAIL, ACCOUNT AND BROKER ELIGIBILITY REMAIN UNRESOLVED",3,-0.007183745550712478,-0.0026575506262734973,-0.003208982094840464,,,0.5
COUNTRY,ROLE_GROUP,ACCEL_FAST_COMPOSITE,63,3.2162162162162162,6,0.17023809523809522,0.18571428571428578,0.6666666666666666,1.5810187455093543,0.11387375167692777,-0.040803384447758495,0.3812795749239489,111,0.00918915984972549,0.005320443326134905,0.5135135135135135,0.6764925411891024,0.49872798009065156,6,"HISTORICAL UK RETAIL, ACCOUNT AND BROKER ELIGIBILITY REMAIN UNRESOLVED",3,0.017748104783249428,0.0031951529316435446,0.10217022811470287,,,0.5
COUNTRY,ROLE_GROUP,ACCEL_FAST_COMPOSITE,126,3.0,0,,,,,,,,90,-0.00322830040029753,-0.01318293086486183,0.4666666666666667,-0.16739093805931096,0.8670624549621416,0,"HISTORICAL UK RETAIL, ACCOUNT AND BROKER ELIGIBILITY REMAIN UNRESOLVED",0,,,,,,
COUNTRY,ROLE_GROUP,DISCRETE_RECENT_CONSISTENCY,5,4.555183946488294,124,0.05938940092165895,0.03571428571428571,0.5080645161290323,1.1355992862895898,0.25612430770903727,-0.043112501179905005,0.1618913030232229,299,0.004755125837928965,0.004313748549178209,0.5618729096989966,2.500870823639458,0.01238883574520105,102,"HISTORICAL UK RETAIL, ACCOUNT AND BROKER ELIGIBILITY REMAIN UNRESOLVED",3,-0.00021862756022031577,0.0011288063081292417,0.005554111204810699,,,1.0
COUNTRY,ROLE_GROUP,DISCRETE_RECENT_CONSISTENCY,10,4.505338078291815,112,0.04107142857142856,0.07142857142857145,0.5535714285714286,0.6837890065699238,0.49410840949745105,-0.07665278170421239,0.1587956388470695,281,0.00742446499440968,0.0034507081404651085,0.5551601423487544,2.17850287356902,0.02936861853039501,93,"HISTORICAL UK RETAIL, ACCOUNT AND BROKER ELIGIBILITY REMAIN UNRESOLVED",3,-0.00044202322156291037,0.0034066836194867798,0.007777736591082509,,,1.0
COUNTRY,ROLE_GROUP,DISCRETE_RECENT_CONSISTENCY,21,4.375510204081633,87,-8.210180623976888e-05,0.028571428571428543,0.5172413793103449,-0.0008895880079551302,0.9992902115565944,-0.18097098728652755,0.180806783674048,245,0.011532824291414114,0.003406438944550727,0.5142857142857142,1.3543885418742228,0.17561245122979008,74,"HISTORICAL UK RETAIL, ACCOUNT AND BROKER ELIGIBILITY REMAIN UNRESOLVED",3,0.0016475407826533498,0.00372997740611125,0.009452979193229846,,,1.0
COUNTRY,ROLE_GROUP,DISCRETE_RECENT_CONSISTENCY,42,4.1923076923076925,64,0.10881696428571425,0.09285714285714289,0.546875,0.8786033975522833,0.3796163529911668,-0.13392888839497685,0.35156281696640534,208,0.024011149364842107,0.005047046166337998,0.5192307692307693,1.1579863235891121,0.24686961763245852,58,"HISTORICAL UK RETAIL, ACCOUNT AND BROKER ELIGIBILITY REMAIN UNRESOLVED",3,0.006513616619080292,0.007056845062687196,0.027529844790446654,,,1.0
COUNTRY,ROLE_GROUP,DISCRETE_RECENT_CONSISTENCY,63,3.9590643274853803,43,0.09784053156146176,0.10000000000000003,0.5813953488372093,0.7380822225367982,0.46046448597977685,-0.16197322933583286,0.3576542924587564,171,0.04883845090499897,-0.0016109302439851758,0.49707602339181284,1.2318500136832344,0.21800511668907818,42,"HISTORICAL UK RETAIL, ACCOUNT AND BROKER ELIGIBILITY REMAIN UNRESOLVED",3,0.004168531609130992,0.015390126259527171,0.05489485342057093,,,1.0
COUNTRY,ROLE_GROUP,DISCRETE_RECENT_CONSISTENCY,126,3.0,0,,,,,,,,98,0.12205767745440556,0.025596197248650587,0.5612244897959183,1.0260147750158743,0.30488461974051106,0,"HISTORICAL UK RETAIL, ACCOUNT AND BROKER ELIGIBILITY REMAIN UNRESOLVED",0,,,,,,
COUNTRY,ROLE_GROUP,MH_LEVEL_3_6_12_REFERENCE,5,3.0,0,,,,,,,,84,-0.009455823033199237,-0.00661913043191803,0.44047619047619047,-2.194881785427518,0.028172078732188303,0,"HISTORICAL UK RETAIL, ACCOUNT AND BROKER ELIGIBILITY REMAIN UNRESOLVED",0,,,,,,
COUNTRY,ROLE_GROUP,MH_LEVEL_3_6_12_REFERENCE,10,3.0,0,,,,,,,,83,-0.016011894291641376,-0.009886788760513632,0.40963855421686746,-2.4538067539048543,0.014135292098556067,0,"HISTORICAL UK RETAIL, ACCOUNT AND BROKER ELIGIBILITY REMAIN UNRESOLVED",0,,,,,,
COUNTRY,ROLE_GROUP,MH_LEVEL_3_6_12_REFERENCE,21,3.0,0,,,,,,,,80,-0.02095291511100012,-0.018233538257038218,0.3625,-1.6264675864996236,0.10385022327595009,0,"HISTORICAL UK RETAIL, ACCOUNT AND BROKER ELIGIBILITY REMAIN UNRESOLVED",0,,,,,,
COUNTRY,ROLE_GROUP,MH_LEVEL_3_6_12_REFERENCE,42,3.0,0,,,,,,,,76,-0.042939943163033775,-0.04710258141880286,0.2894736842105263,-1.9706235412924729,0.048766951881350426,0,"HISTORICAL UK RETAIL, ACCOUNT AND BROKER ELIGIBILITY REMAIN UNRESOLVED",0,,,,,,
COUNTRY,ROLE_GROUP,MH_LEVEL_3_6_12_REFERENCE,63,3.0,0,,,,,,,,72,-0.03240435832075353,-0.028977263268072595,0.3194444444444444,-1.5810292082536774,0.11387135948271017,0,"HISTORICAL UK RETAIL, ACCOUNT AND BROKER ELIGIBILITY REMAIN UNRESOLVED",0,,,,,,
COUNTRY,ROLE_GROUP,MH_LEVEL_3_6_12_REFERENCE,126,3.0,0,,,,,,,,59,-0.03054149817506539,-0.022708349523933413,0.4745762711864407,-1.5303786087370432,0.12592304072139568,0,"HISTORICAL UK RETAIL, ACCOUNT AND BROKER ELIGIBILITY REMAIN UNRESOLVED",0,,,,,,
COUNTRY,ROLE_GROUP,MH_LEVEL_60D_CENTERED,5,3.0,0,,,,,,,,84,-0.003482385022105757,0.00024600172498701056,0.5119047619047619,-0.7905267686376539,0.42922019547746815,0,"HISTORICAL UK RETAIL, ACCOUNT AND BROKER ELIGIBILITY REMAIN UNRESOLVED",0,,,,,,
COUNTRY,ROLE_GROUP,MH_LEVEL_60D_CENTERED,10,3.0,0,,,,,,,,83,-0.003246449159803857,0.0007003160319976054,0.5421686746987951,-0.48525002809250634,0.6274989984212582,0,"HISTORICAL UK RETAIL, ACCOUNT AND BROKER ELIGIBILITY REMAIN UNRESOLVED",0,,,,,,
COUNTRY,ROLE_GROUP,MH_LEVEL_60D_CENTERED,21,3.0,0,,,,,,,,80,-0.00470593131189131,0.0033513669579454675,0.5125,-0.4282553031861718,0.6684652566520335,0,"HISTORICAL UK RETAIL, ACCOUNT AND BROKER ELIGIBILITY REMAIN UNRESOLVED",0,,,,,,
COUNTRY,ROLE_GROUP,MH_LEVEL_60D_CENTERED,42,3.0,0,,,,,,,,76,-0.024557076433774205,-0.023507507961723517,0.40789473684210525,-1.1732787050655937,0.240684058984026,0,"HISTORICAL UK RETAIL, ACCOUNT AND BROKER ELIGIBILITY REMAIN UNRESOLVED",0,,,,,,
COUNTRY,ROLE_GROUP,MH_LEVEL_60D_CENTERED,63,3.0,0,,,,,,,,72,-0.039279900422477,-0.033466764047605235,0.2916666666666667,-1.3010839360453543,0.19322972568017827,0,"HISTORICAL UK RETAIL, ACCOUNT AND BROKER ELIGIBILITY REMAIN UNRESOLVED",0,,,,,,
COUNTRY,ROLE_GROUP,MH_LEVEL_60D_CENTERED,126,3.0,0,,,,,,,,59,-0.019191276959751313,0.0046310294490023995,0.5254237288135594,-0.8744241593036117,0.3818873053153766,0,"HISTORICAL UK RETAIL, ACCOUNT AND BROKER ELIGIBILITY REMAIN UNRESOLVED",0,,,,,,
COUNTRY,ROLE_GROUP,MH_LEVEL_EQ,5,3.0,0,,,,,,,,84,-0.002104209608852283,0.004921286408660408,0.5595238095238095,-0.49270365071522654,0.6222219977399467,0,"HISTORICAL UK RETAIL, ACCOUNT AND BROKER ELIGIBILITY REMAIN UNRESOLVED",0,,,,,,
COUNTRY,ROLE_GROUP,MH_LEVEL_EQ,10,3.0,0,,,,,,,,83,-0.004222460137946256,0.0007469476490795657,0.5301204819277109,-0.6229524373418048,0.5333157777014819,0,"HISTORICAL UK RETAIL, ACCOUNT AND BROKER ELIGIBILITY REMAIN UNRESOLVED",0,,,,,,
COUNTRY,ROLE_GROUP,MH_LEVEL_EQ,21,3.0,0,,,,,,,,80,-0.00662949245902966,-0.004839895278964723,0.4875,-0.6034055444349201,0.5462389347080092,0,"HISTORICAL UK RETAIL, ACCOUNT AND BROKER ELIGIBILITY REMAIN UNRESOLVED",0,,,,,,
COUNTRY,ROLE_GROUP,MH_LEVEL_EQ,42,3.0,0,,,,,,,,76,-0.025247468756332013,-0.04043459739340166,0.3815789473684211,-1.2493875988071603,0.21152334200189893,0,"HISTORICAL UK RETAIL, ACCOUNT AND BROKER ELIGIBILITY REMAIN UNRESOLVED",0,,,,,,
COUNTRY,ROLE_GROUP,MH_LEVEL_EQ,63,3.0,0,,,,,,,,72,-0.03716245934917691,-0.03129491260879036,0.2916666666666667,-1.3608025184779264,0.1735761058224523,0,"HISTORICAL UK RETAIL, ACCOUNT AND BROKER ELIGIBILITY REMAIN UNRESOLVED",0,,,,,,
COUNTRY,ROLE_GROUP,MH_LEVEL_EQ,126,3.0,0,,,,,,,,59,-0.03236768739374294,-0.022708349523933413,0.4576271186440678,-1.177832526913664,0.2388633785042097,0,"HISTORICAL UK RETAIL, ACCOUNT AND BROKER ELIGIBILITY REMAIN UNRESOLVED",0,,,,,,
COUNTRY,ROLE_GROUP,MH_LEVEL_RECENCY_TILT,5,3.0,0,,,,,,,,84,-0.0025433171158786997,0.001548114130836331,0.5119047619047619,-0.5988825838679932,0.5492511861369052,0,"HISTORICAL UK RETAIL, ACCOUNT AND BROKER ELIGIBILITY REMAIN UNRESOLVED",0,,,,,,
COUNTRY,ROLE_GROUP,MH_LEVEL_RECENCY_TILT,10,3.0,0,,,,,,,,83,-0.004530176372119516,0.0007003160319976054,0.5301204819277109,-0.6579428672573059,0.5105748438574476,0,"HISTORICAL UK RETAIL, ACCOUNT AND BROKER ELIGIBILITY REMAIN UNRESOLVED",0,,,,,,
COUNTRY,ROLE_GROUP,MH_LEVEL_RECENCY_TILT,21,3.0,0,,,,,,,,80,-0.007361317674626956,-0.007922352129462407,0.475,-0.7179538839880809,0.47278572189103407,0,"HISTORICAL UK RETAIL, ACCOUNT AND BROKER ELIGIBILITY REMAIN UNRESOLVED",0,,,,,,
COUNTRY,ROLE_GROUP,MH_LEVEL_RECENCY_TILT,42,3.0,0,,,,,,,,76,-0.020827885528919777,-0.040725905820564456,0.40789473684210525,-1.127034274775295,0.25972798988718193,0,"HISTORICAL UK RETAIL, ACCOUNT AND BROKER ELIGIBILITY REMAIN UNRESOLVED",0,,,,,,
COUNTRY,ROLE_GROUP,MH_LEVEL_RECENCY_TILT,63,3.0,0,,,,,,,,72,-0.03595506770395349,-0.03950383168830335,0.3194444444444444,-1.31631758085546,0.18806747244836997,0,"HISTORICAL UK RETAIL, ACCOUNT AND BROKER ELIGIBILITY REMAIN UNRESOLVED",0,,,,,,
COUNTRY,ROLE_GROUP,MH_LEVEL_RECENCY_TILT,126,3.0,0,,,,,,,,59,-0.03286887240247284,-0.022708349523933413,0.4406779661016949,-1.4611913787755642,0.14396292831574115,0,"HISTORICAL UK RETAIL, ACCOUNT AND BROKER ELIGIBILITY REMAIN UNRESOLVED",0,,,,,,
COUNTRY,ROLE_GROUP,PAIRWISE_MAJORITY_5H,5,3.0,0,,,,,,,,84,-0.0031177204716238377,-0.000431469189166811,0.5,-0.6945912941885858,0.4873114696310602,0,"HISTORICAL UK RETAIL, ACCOUNT AND BROKER ELIGIBILITY REMAIN UNRESOLVED",0,,,,,,
COUNTRY,ROLE_GROUP,PAIRWISE_MAJORITY_5H,10,3.0,0,,,,,,,,83,-0.0038285894143636045,0.001782502284635168,0.5421686746987951,-0.5481107924263569,0.5836158304964885,0,"HISTORICAL UK RETAIL, ACCOUNT AND BROKER ELIGIBILITY REMAIN UNRESOLVED",0,,,,,,
COUNTRY,ROLE_GROUP,PAIRWISE_MAJORITY_5H,21,3.0,0,,,,,,,,80,-0.007120176685557105,-0.007922352129462407,0.475,-0.6672029895120578,0.5046424818342325,0,"HISTORICAL UK RETAIL, ACCOUNT AND BROKER ELIGIBILITY REMAIN UNRESOLVED",0,,,,,,
COUNTRY,ROLE_GROUP,PAIRWISE_MAJORITY_5H,42,3.0,0,,,,,,,,76,-0.027985852319894765,-0.04043459739340166,0.35526315789473684,-1.4802102131992676,0.13881715566864186,0,"HISTORICAL UK RETAIL, ACCOUNT AND BROKER ELIGIBILITY REMAIN UNRESOLVED",0,,,,,,
COUNTRY,ROLE_GROUP,PAIRWISE_MAJORITY_5H,63,3.0,0,,,,,,,,72,-0.04021484717190283,-0.029814363166375313,0.2777777777777778,-1.4655875186405538,0.1427606936100167,0,"HISTORICAL UK RETAIL, ACCOUNT AND BROKER ELIGIBILITY REMAIN UNRESOLVED",0,,,,,,
COUNTRY,ROLE_GROUP,PAIRWISE_MAJORITY_5H,126,3.0,0,,,,,,,,59,-0.03234480528535812,-0.022708349523933413,0.4576271186440678,-1.209796769527751,0.22635688613633698,0,"HISTORICAL UK RETAIL, ACCOUNT AND BROKER ELIGIBILITY REMAIN UNRESOLVED",0,,,,,,
COUNTRY,ROLE_GROUP,RRG_TRANSPARENT_LEVEL,5,3.842767295597484,35,-0.08570462489427529,-0.08571428571428574,0.45714285714285713,-0.8572686918086914,0.39129640703287827,-0.2816501664804138,0.11024091669186324,159,-0.0001492697207395307,0.0028718832565057806,0.5157232704402516,-0.04803808070123272,0.9616858936148619,35,"HISTORICAL UK RETAIL, ACCOUNT AND BROKER ELIGIBILITY REMAIN UNRESOLVED",3,0.005113221642936629,0.0008209346213976707,0.0010583564295372112,,,0.5
COUNTRY,ROLE_GROUP,RRG_TRANSPARENT_LEVEL,10,3.7583892617449663,30,-0.1305432656485489,-0.13119000189529112,0.36666666666666664,-1.1260672364863942,0.2601370607687352,-0.357758915660485,0.09667238436338724,149,0.000676469607727993,-0.0021152820651354487,0.48322147651006714,0.12310333727421142,0.9020252686208299,30,"HISTORICAL UK RETAIL, ACCOUNT AND BROKER ELIGIBILITY REMAIN UNRESOLVED",3,0.008278067914757997,-0.000769655339169765,0.003313885814438559,,,0.5
COUNTRY,ROLE_GROUP,RRG_TRANSPARENT_LEVEL,21,3.5538461538461537,19,-0.19190937754437568,-0.5225437283634241,0.3684210526315789,-0.9479845114015927,0.3431373392473229,-0.5886832317145887,0.20486447662583732,130,-0.0009961718271135089,-0.007750062759849297,0.45384615384615384,-0.07816700644135853,0.9376952067349622,19,"HISTORICAL UK RETAIL, ACCOUNT AND BROKER ELIGIBILITY REMAIN UNRESOLVED",3,0.00859003474392126,-0.00969677985840323,-0.0045213780281061315,,,0.5
COUNTRY,ROLE_GROUP,RRG_TRANSPARENT_LEVEL,42,3.1132075471698113,3,-0.1674222689463515,-0.6000000000000001,0.3333333333333333,-0.5627279294913295,0.5736201627889546,-0.7505488566766725,0.4157043187839695,106,-0.003563420349682085,-0.021482394771880575,0.4339622641509434,-0.12092030839726312,0.9037541564264963,3,"HISTORICAL UK RETAIL, ACCOUNT AND BROKER ELIGIBILITY REMAIN UNRESOLVED",3,0.01808676992662064,-0.024409642757859975,0.009214715731165446,,,0.5
COUNTRY,ROLE_GROUP,RRG_TRANSPARENT_LEVEL,63,3.0,0,,,,,,,,98,0.015370114158978963,-0.01850015455718479,0.4387755102040816,0.35111151699186444,0.7255046880155457,0,"HISTORICAL UK RETAIL, ACCOUNT AND BROKER ELIGIBILITY REMAIN UNRESOLVED",0,,,,,,
COUNTRY,ROLE_GROUP,RRG_TRANSPARENT_LEVEL,126,3.0,0,,,,,,,,85,0.026757664851744845,0.010506977601624667,0.5294117647058824,0.7401361411247627,0.45921739097415737,0,"HISTORICAL UK RETAIL, ACCOUNT AND BROKER ELIGIBILITY REMAIN UNRESOLVED",0,,,,,,
COUNTRY,ROLE_GROUP,RRG_TRANSPARENT_MOMENTUM,5,3.5348837209302326,18,0.11133009193299134,0.10041712321119375,0.6666666666666666,1.2078077108372745,0.2271212348231464,-0.06933026370667744,0.29199044757266013,129,0.003024548237975323,0.003203159096449193,0.5736434108527132,0.9356989718959153,0.349428200118189,18,"HISTORICAL UK RETAIL, ACCOUNT AND BROKER ELIGIBILITY REMAIN UNRESOLVED",3,0.004798639611552234,0.012282454012413811,0.012432740160035738,,,1.0
COUNTRY,ROLE_GROUP,RRG_TRANSPARENT_MOMENTUM,10,3.4049586776859506,13,0.2542982132372337,0.23190841426097936,0.7692307692307693,2.1082018772675735,0.03501353098209968,0.01788093999020593,0.49071548648426144,121,0.008334354427540453,0.007597189792697856,0.6033057851239669,1.622704924580884,0.10465249816738154,13,"HISTORICAL UK RETAIL, ACCOUNT AND BROKER ELIGIBILITY REMAIN UNRESOLVED",3,0.006905745000128142,0.02135783079146279,0.03267923931121054,,,1.0
COUNTRY,ROLE_GROUP,RRG_TRANSPARENT_MOMENTUM,21,3.1132075471698113,3,0.17115048928777563,5.551115123125783e-17,0.6666666666666666,2.1988204357001075,0.027890692816469543,0.01859196768496854,0.3237090108905827,106,0.0030398140446840144,0.00633343605883252,0.5377358490566038,0.36129382257255926,0.7178798111665537,3,"HISTORICAL UK RETAIL, ACCOUNT AND BROKER ELIGIBILITY REMAIN UNRESOLVED",3,-0.00414537048321723,0.008967244295296264,0.07744654823921736,,,1.0
COUNTRY,ROLE_GROUP,RRG_TRANSPARENT_MOMENTUM,42,3.0,0,,,,,,,,98,-0.006405459767496625,-0.003484121414522867,0.4897959183673469,-0.44309450087948776,0.6576973826013844,0,"HISTORICAL UK RETAIL, ACCOUNT AND BROKER ELIGIBILITY REMAIN UNRESOLVED",0,,,,,,
COUNTRY,ROLE_GROUP,RRG_TRANSPARENT_MOMENTUM,63,3.0,0,,,,,,,,94,-0.002161109809890631,-0.013739687175921611,0.4574468085106383,-0.09697389299093519,0.9227471270897949,0,"HISTORICAL UK RETAIL, ACCOUNT AND BROKER ELIGIBILITY REMAIN UNRESOLVED",0,,,,,,
COUNTRY,ROLE_GROUP,RRG_TRANSPARENT_MOMENTUM,126,3.0,0,,,,,,,,81,-0.007291884657542475,0.010506977601624667,0.5432098765432098,-0.3923504540250864,0.6947992890552889,0,"HISTORICAL UK RETAIL, ACCOUNT AND BROKER ELIGIBILITY REMAIN UNRESOLVED",0,,,,,,
COUNTRY,ROLE_GROUP,RS_126,5,3.842767295597484,35,-0.021632653061224517,-0.07142857142857138,0.4857142857142857,-0.23838891479125188,0.8115794643486907,-0.19949000405079376,0.1562246979283447,159,0.0009175355665547057,0.0032698502662333873,0.5408805031446541,0.2832957902462628,0.7769501040618092,35,"HISTORICAL UK RETAIL, ACCOUNT AND BROKER ELIGIBILITY REMAIN UNRESOLVED",3,0.0052098355915990695,-0.002771467124736717,0.004518290581372737,,,0.5
COUNTRY,ROLE_GROUP,RS_126,10,3.7583892617449663,30,-0.09547619047619044,-0.18214285714285716,0.4,-0.8489099579867154,0.395931397376308,-0.31591169480013404,0.12495931384775313,149,0.002932008241887406,-0.00033145781494303694,0.4899328859060403,0.519098820916528,0.6036918305282692,30,"HISTORICAL UK RETAIL, ACCOUNT AND BROKER ELIGIBILITY REMAIN UNRESOLVED",3,0.0099941656987027,-0.007897396721565135,0.008453841280985665,,,0.5
COUNTRY,ROLE_GROUP,RS_126,21,3.5538461538461537,19,-0.12819548872180453,-0.08571428571428585,0.42105263157894735,-0.6597857364231174,0.5093913379167834,-0.5090138771843837,0.2526228997407746,130,0.0035014332869982637,-0.0032954508452229803,0.47692307692307695,0.2915915634120146,0.7705989266743715,19,"HISTORICAL UK RETAIL, ACCOUNT AND BROKER ELIGIBILITY REMAIN UNRESOLVED",3,0.01112205785135846,-0.020544576487736756,0.00316498517521555,,,0.5
COUNTRY,ROLE_GROUP,RS_126,42,3.1132075471698113,3,-0.06904761904761914,-0.4285714285714286,0.3333333333333333,-0.24470339189842225,0.806686101523288,-0.6220879569917369,0.48399271889649864,106,0.014523244726060059,-0.005375007009698118,0.4811320754716981,0.5348701265714665,0.5927396668273517,3,"HISTORICAL UK RETAIL, ACCOUNT AND BROKER ELIGIBILITY REMAIN UNRESOLVED",3,0.01808676992662064,-0.024409642757859975,0.009214715731165446,,,0.5
COUNTRY,ROLE_GROUP,RS_126,63,3.0,0,,,,,,,,98,0.043074456029078056,0.003862024477315873,0.5102040816326531,1.0324937130601435,0.301840891324348,0,"HISTORICAL UK RETAIL, ACCOUNT AND BROKER ELIGIBILITY REMAIN UNRESOLVED",0,,,,,,
COUNTRY,ROLE_GROUP,RS_126,126,3.0,0,,,,,,,,85,0.05833107644734624,0.02470045179924285,0.5647058823529412,1.4795565303684592,0.13899163451973814,0,"HISTORICAL UK RETAIL, ACCOUNT AND BROKER ELIGIBILITY REMAIN UNRESOLVED",0,,,,,,
COUNTRY,ROLE_GROUP,RS_21,5,5.082217973231358,296,0.029609073359073354,0.028571428571428553,0.5101351351351351,0.9973777493438948,0.3185811874819974,-0.02857622046522125,0.08779436718336796,523,0.0010344143573497023,-0.00010725899599950406,0.49904397705544934,0.9372424143410825,0.348633876855426,235,"HISTORICAL UK RETAIL, ACCOUNT AND BROKER ELIGIBILITY REMAIN UNRESOLVED",3,0.0016354791736784113,0.002012775979690154,0.003984734951947411,,,1.0
COUNTRY,ROLE_GROUP,RS_21,10,4.993927125506073,265,0.028032345013477088,0.08571428571428569,0.5320754716981132,0.7937932426198223,0.42731580717734363,-0.041182639038648515,0.09724732906560268,494,0.00244711640360645,0.0006559322459566141,0.5182186234817814,1.2953854311524542,0.1951873012801989,214,"HISTORICAL UK RETAIL, ACCOUNT AND BROKER ELIGIBILITY REMAIN UNRESOLVED",3,0.0015318101430201244,0.003703709976257616,0.005481545209331176,,,1.0
COUNTRY,ROLE_GROUP,RS_21,21,4.826190476190476,208,-0.0014766483516483358,0.014285714285714304,0.5144230769230769,-0.02924423409922104,0.9766698025960153,-0.10044239924947286,0.0974891025461762,420,0.004970933167817566,0.0024220831400216802,0.5166666666666667,1.2526539757894823,0.2103316623219933,165,"HISTORICAL UK RETAIL, ACCOUNT AND BROKER ELIGIBILITY REMAIN UNRESOLVED",3,0.004029296345356773,0.00583563628214409,0.006014265633006172,,,1.0
COUNTRY,ROLE_GROUP,RS_21,42,4.550955414012739,131,0.05637949836423118,0.08571428571428576,0.549618320610687,0.9105043417125879,0.36255659306340604,-0.06498377383333212,0.1777427705617945,314,0.015388632563347373,0.009109632667973266,0.5414012738853503,1.8403677998456367,0.06571425755838034,106,"HISTORICAL UK RETAIL, ACCOUNT AND BROKER ELIGIBILITY REMAIN UNRESOLVED",3,0.011480737783951802,0.0069448520432063504,0.016544968192494618,,,0.5
COUNTRY,ROLE_GROUP,RS_21,63,4.355731225296442,88,0.06599025974025974,0.1428571428571428,0.5340909090909091,0.8161445917372356,0.41441744264163083,-0.09248476261582073,0.2244652820963402,253,0.0272392876663031,0.01090269761802487,0.5573122529644269,1.5878946309766204,0.11231016778192643,76,"HISTORICAL UK RETAIL, ACCOUNT AND BROKER ELIGIBILITY REMAIN UNRESOLVED",3,0.01452984775103357,0.006638822070210446,0.03401075203920463,,,0.5
COUNTRY,ROLE_GROUP,RS_21,126,3.5454545454545454,19,0.16090225563909774,0.14285714285714277,0.6842105263157895,1.7225186186410797,0.08497561299762593,-0.02218001857903673,0.3439845298572322,132,0.1062293593074583,0.010873902082732312,0.5606060606060606,1.2168808522430907,0.2236495518410263,19,"HISTORICAL UK RETAIL, ACCOUNT AND BROKER ELIGIBILITY REMAIN UNRESOLVED",3,0.001605039242109261,-0.010784041709688892,0.10797837127895421,,,0.5
COUNTRY,ROLE_GROUP,RS_252,5,3.0,0,,,,,,,,84,-0.0029453823803055083,-0.00033174620914838693,0.4880952380952381,-0.6322324958802302,0.5272349660942222,0,"HISTORICAL UK RETAIL, ACCOUNT AND BROKER ELIGIBILITY REMAIN UNRESOLVED",0,,,,,,
COUNTRY,ROLE_GROUP,RS_252,10,3.0,0,,,,,,,,83,-0.0035150962238620596,0.0010144274218186755,0.5180722891566265,-0.47792876816046936,0.6327009049201734,0,"HISTORICAL UK RETAIL, ACCOUNT AND BROKER ELIGIBILITY REMAIN UNRESOLVED",0,,,,,,
COUNTRY,ROLE_GROUP,RS_252,21,3.0,0,,,,,,,,80,-0.0013375939007765486,-0.003140624636165712,0.4875,-0.08948094693006557,0.9286996949832335,0,"HISTORICAL UK RETAIL, ACCOUNT AND BROKER ELIGIBILITY REMAIN UNRESOLVED",0,,,,,,
COUNTRY,ROLE_GROUP,RS_252,42,3.0,0,,,,,,,,76,-0.014530461205878843,-0.01316840207555936,0.3684210526315789,-0.5457317966316776,0.5852503117771974,0,"HISTORICAL UK RETAIL, ACCOUNT AND BROKER ELIGIBILITY REMAIN UNRESOLVED",0,,,,,,
COUNTRY,ROLE_GROUP,RS_252,63,3.0,0,,,,,,,,72,-0.024785936179273126,-0.024425636459112443,0.3194444444444444,-0.8643848562674741,0.3873765091070741,0,"HISTORICAL UK RETAIL, ACCOUNT AND BROKER ELIGIBILITY REMAIN UNRESOLVED",0,,,,,,
COUNTRY,ROLE_GROUP,RS_252,126,3.0,0,,,,,,,,59,-0.07477400469349188,-0.05336548899465832,0.22033898305084745,-2.142248723484189,0.032173472634231044,0,"HISTORICAL UK RETAIL, ACCOUNT AND BROKER ELIGIBILITY REMAIN UNRESOLVED",0,,,,,,
COUNTRY,ROLE_GROUP,RS_42,5,4.838308457711443,200,0.04153571428571429,0.028571428571428588,0.53,1.0789838408363972,0.2805949312766073,-0.03391351951285705,0.11698494808428563,402,0.003121209903296921,0.003106281183661075,0.5373134328358209,2.099532636045498,0.035769974000759784,160,"HISTORICAL UK RETAIL, ACCOUNT AND BROKER ELIGIBILITY REMAIN UNRESOLVED",3,0.001281293698590166,0.0003958618981003766,0.0037291099640153385,,,0.5
COUNTRY,ROLE_GROUP,RS_42,10,4.767379679144385,179,0.006304868316041498,-0.035714285714285754,0.4692737430167598,0.14145898390998451,0.8875073602509763,-0.08105130013044219,0.0936610367625252,374,0.0064447307402434656,0.004839913921356742,0.56951871657754,2.5525305756801138,0.010694352248707857,144,"HISTORICAL UK RETAIL, ACCOUNT AND BROKER ELIGIBILITY REMAIN UNRESOLVED",3,0.002570450081474326,-2.7352442475278705e-05,0.006822280926008896,,,0.5
COUNTRY,ROLE_GROUP,RS_42,21,4.590163934426229,131,-0.005398037077426391,-0.0714285714285715,0.4580152671755725,-0.07314128917643853,0.9416936856156837,-0.15004900478795682,0.13925293063310404,305,0.012874460871132644,0.007011711062475223,0.5475409836065573,2.273715958704141,0.022983070026448296,105,"HISTORICAL UK RETAIL, ACCOUNT AND BROKER ELIGIBILITY REMAIN UNRESOLVED",3,0.0013303170562338272,0.004045027607803493,0.012713701024159824,,,1.0
COUNTRY,ROLE_GROUP,RS_42,42,4.384615384615385,88,0.06387987012987015,0.07142857142857148,0.5340909090909091,0.5790715108580059,0.5625409221653641,-0.15233219080562685,0.2800919310653671,247,0.026183272504550183,0.019379939728681128,0.5708502024291497,1.994061179705825,0.046145368989839404,75,"HISTORICAL UK RETAIL, ACCOUNT AND BROKER ELIGIBILITY REMAIN UNRESOLVED",3,0.009076516883369542,-0.00323624114085244,0.027307981832073155,,,0.5
COUNTRY,ROLE_GROUP,RS_42,63,4.1923076923076925,63,0.10226757369614511,0.17857142857142866,0.5555555555555556,0.8392441262803246,0.4013323300925461,-0.13656729562743106,0.34110244301972126,208,0.03927839062280843,0.020658834696788198,0.5432692307692307,1.3972123744089064,0.16234971664902875,58,"HISTORICAL UK RETAIL, ACCOUNT AND BROKER ELIGIBILITY REMAIN UNRESOLVED",3,0.014462347229884931,3.0421875379838602e-05,0.05165037268235081,,,0.5
COUNTRY,ROLE_GROUP,RS_42,126,3.1132075471698113,3,0.21666666666666665,0.10714285714285714,0.6666666666666666,1.845887213179434,0.06490858368182671,-0.01339011052155678,0.44672344385489005,106,0.1334645973453726,0.01564365397419787,0.5660377358490566,1.119237373298578,0.26303888532603936,3,"HISTORICAL UK RETAIL, ACCOUNT AND BROKER ELIGIBILITY REMAIN UNRESOLVED",3,0.02774062429682418,-0.02752734762526096,0.20495030770471678,,,0.5
COUNTRY,ROLE_GROUP,RS_63,5,4.555183946488294,124,0.05524193548387097,0.1,0.5403225806451613,0.9912051056762711,0.3215854380001172,-0.05399096027568153,0.16447483124342346,299,0.004012451200827323,0.0037250251318989847,0.5585284280936454,2.0336502578673694,0.04198687073305942,102,"HISTORICAL UK RETAIL, ACCOUNT AND BROKER ELIGIBILITY REMAIN UNRESOLVED",3,0.0005948408231110413,-0.0004285558443105192,0.006040380291873401,,,0.5
COUNTRY,ROLE_GROUP,RS_63,10,4.505338078291815,112,0.03386479591836734,-3.0357660829594124e-17,0.49107142857142855,0.5524296996485081,0.5806539870926266,-0.08628403095685377,0.15401362279358846,281,0.007440877987136557,0.005119248222099193,0.5658362989323843,2.146834294933653,0.031806476002646036,93,"HISTORICAL UK RETAIL, ACCOUNT AND BROKER ELIGIBILITY REMAIN UNRESOLVED",3,0.0008703131004018982,-1.3007001433004915e-05,0.009394920240322686,,,0.5
COUNTRY,ROLE_GROUP,RS_63,21,4.375510204081633,87,-0.027504105090312016,-0.10714285714285716,0.4482758620689655,-0.2773914233894732,0.7814795664863248,-0.22183980136138157,0.16683159118075755,245,0.012529203246017528,0.00854521789720164,0.5306122448979592,1.4418790313001637,0.14933650255167363,74,"HISTORICAL UK RETAIL, ACCOUNT AND BROKER ELIGIBILITY REMAIN UNRESOLVED",3,0.004475562788860518,-0.00016539203036661102,0.010115245016634017,,,0.5
COUNTRY,ROLE_GROUP,RS_63,42,4.1923076923076925,64,0.053906249999999975,0.01785714285714289,0.515625,0.39550461959793054,0.6924705130071518,-0.21323173854997007,0.32104423854997005,208,0.021489735344410326,0.004319373534663717,0.5240384615384616,1.012493545743908,0.3113021311441625,58,"HISTORICAL UK RETAIL, ACCOUNT AND BROKER ELIGIBILITY REMAIN UNRESOLVED",3,0.01269061406904051,-0.003727509179208794,0.03074276693494757,,,0.5
COUNTRY,ROLE_GROUP,RS_63,63,3.9590643274853803,43,0.03538205980066442,0.03571428571428567,0.5116279069767442,0.2357084481642386,0.8136589139002883,-0.2588270084285075,0.32959112802983626,171,0.04841950997219832,0.0037788547146961893,0.5087719298245614,1.2097732653017355,0.2263659075314287,42,"HISTORICAL UK RETAIL, ACCOUNT AND BROKER ELIGIBILITY REMAIN UNRESOLVED",3,0.009818010890836623,-0.00020844152330289672,0.06320421969017063,,,0.5
COUNTRY,ROLE_GROUP,RS_63,126,3.0,0,,,,,,,,98,0.1245944685725205,0.04038218774606317,0.6122448979591837,1.0545494753019415,0.2916314216923901,0,"HISTORICAL UK RETAIL, ACCOUNT AND BROKER ELIGIBILITY REMAIN UNRESOLVED",0,,,,,,
COUNTRY,ROLE_GROUP,SHORT_MINUS_LONG_RS,5,3.0,0,,,,,,,,84,0.0035060298013748666,-1.3508022045360946e-07,0.5,0.9079432559642533,0.3639082023286089,0,"HISTORICAL UK RETAIL, ACCOUNT AND BROKER ELIGIBILITY REMAIN UNRESOLVED",0,,,,,,
COUNTRY,ROLE_GROUP,SHORT_MINUS_LONG_RS,10,3.0,0,,,,,,,,83,0.007693919042650302,0.0022763080651206913,0.5542168674698795,1.1996199567144321,0.2302869723138996,0,"HISTORICAL UK RETAIL, ACCOUNT AND BROKER ELIGIBILITY REMAIN UNRESOLVED",0,,,,,,
COUNTRY,ROLE_GROUP,SHORT_MINUS_LONG_RS,21,3.0,0,,,,,,,,80,0.010428009117397077,0.004932115129036352,0.55,1.0760549657637977,0.28190267471753405,0,"HISTORICAL UK RETAIL, ACCOUNT AND BROKER ELIGIBILITY REMAIN UNRESOLVED",0,,,,,,
COUNTRY,ROLE_GROUP,SHORT_MINUS_LONG_RS,42,3.0,0,,,,,,,,76,0.005956890076317603,0.005580856055569683,0.5394736842105263,0.2926186912702943,0.7698136252662476,0,"HISTORICAL UK RETAIL, ACCOUNT AND BROKER ELIGIBILITY REMAIN UNRESOLVED",0,,,,,,
COUNTRY,ROLE_GROUP,SHORT_MINUS_LONG_RS,63,3.0,0,,,,,,,,72,-0.00403397786025939,0.008812729785354856,0.5416666666666666,-0.14515135148947678,0.8845913749358421,0,"HISTORICAL UK RETAIL, ACCOUNT AND BROKER ELIGIBILITY REMAIN UNRESOLVED",0,,,,,,
COUNTRY,ROLE_GROUP,SHORT_MINUS_LONG_RS,126,3.0,0,,,,,,,,59,0.008662835193738274,0.028337328731256273,0.576271186440678,0.3398383263586749,0.7339782835418729,0,"HISTORICAL UK RETAIL, ACCOUNT AND BROKER ELIGIBILITY REMAIN UNRESOLVED",0,,,,,,
GEOGRAPHY,ROLE_GROUP,ACCEL_FAST_COMPOSITE,5,18.429065743944637,289,-0.005171953655323681,0.015801358874967038,0.5086505190311419,-0.2482749067184371,0.8039217128305299,-0.046001061309125596,0.03565715399847824,289,-0.00026927633154227436,0.000374543862525778,0.5190311418685121,-0.23413563442748955,0.8148796823918439,289,"HISTORICAL UK RETAIL, ACCOUNT AND BROKER ELIGIBILITY REMAIN UNRESOLVED",5,0.002242630517267444,0.0019176841764270668,0.002488949794095849,0.0017338483275722515,0.001894081000219136,0.5
GEOGRAPHY,ROLE_GROUP,ACCEL_FAST_COMPOSITE,10,18.311827956989248,279,0.0026120298724261843,-0.014290354764734085,0.48028673835125446,0.1108028528938547,0.9117726830028132,-0.04359151401468259,0.04881557375953496,279,-0.00031858308041974627,0.0006317096953074586,0.5125448028673835,-0.21069345824408198,0.8331264795910555,279,"HISTORICAL UK RETAIL, ACCOUNT AND BROKER ELIGIBILITY REMAIN UNRESOLVED",5,0.003928010164867319,0.0030133916520707904,0.0045314465103077975,0.003576857755751623,0.003503903128249684,0.25
GEOGRAPHY,ROLE_GROUP,ACCEL_FAST_COMPOSITE,21,18.034749034749034,259,0.002975922252341894,-0.03296703296703294,0.47104247104247104,0.09768234779973563,0.9221845329285181,-0.05673497297858965,0.06268681748327344,259,-0.0016865457873273793,-0.0024367381535501664,0.46332046332046334,-0.6181382973955445,0.5364841791528505,259,"HISTORICAL UK RETAIL, ACCOUNT AND BROKER ELIGIBILITY REMAIN UNRESOLVED",5,0.006276209268098895,0.005195163030998611,0.006612870391259611,0.005714318298823553,0.004821018886579789,0.25
GEOGRAPHY,ROLE_GROUP,ACCEL_FAST_COMPOSITE,42,17.653679653679653,231,-0.016719191342838446,-0.013429759232294424,0.48484848484848486,-0.4458810779620526,0.6556831512067349,-0.0902119105951815,0.0567735279095046,231,-0.001423605483808655,-0.0016385577419891773,0.4805194805194805,-0.2932604301203105,0.7693230968140625,231,"HISTORICAL UK RETAIL, ACCOUNT AND BROKER ELIGIBILITY REMAIN UNRESOLVED",5,0.013148357514949296,0.013902575152300206,0.014292110144836874,0.012870557697227088,0.011368719662786641,0.5
GEOGRAPHY,ROLE_GROUP,ACCEL_FAST_COMPOSITE,63,17.361386138613863,202,0.012847238109689657,0.026842985259107638,0.5297029702970297,0.2934473381782291,0.7691802465149719,-0.07296074417471154,0.09865522039409086,202,0.002654986543821037,0.004663882426616306,0.5396039603960396,0.4192764516399143,0.6750141043877715,202,"HISTORICAL UK RETAIL, ACCOUNT AND BROKER ELIGIBILITY REMAIN UNRESOLVED",5,0.026723673569958816,0.027525764668719314,0.028133781121565272,0.02583934814324686,0.028360221068514085,0.75
GEOGRAPHY,ROLE_GROUP,ACCEL_FAST_COMPOSITE,126,17.106145251396647,179,0.027364025616448007,0.08235294117647059,0.5642458100558659,0.5674229639670412,0.5704268516674114,-0.06715542122670935,0.12188347245960536,179,0.007079171524821956,0.010535032900746977,0.547486033519553,0.8367091026237381,0.40275610130321793,179,"HISTORICAL UK RETAIL, ACCOUNT AND BROKER ELIGIBILITY REMAIN UNRESOLVED",5,0.057530949509905,0.06160944674964021,0.06289462833639799,0.06286261638355166,0.0636298286839838,0.75
GEOGRAPHY,ROLE_GROUP,DISCRETE_RECENT_CONSISTENCY,5,19.195250659630606,379,0.0023425314192598965,0.0017543859649122508,0.5013192612137203,0.12749262843884696,0.8985505072267156,-0.03366956803012233,0.03835463086864213,379,0.0002728538364009512,0.0010046435154920097,0.525065963060686,0.33309942031300416,0.7390592369461975,379,"HISTORICAL UK RETAIL, ACCOUNT AND BROKER ELIGIBILITY REMAIN UNRESOLVED",5,0.002204855116341033,0.0023532350080324414,0.0019110872500018115,0.0021002538785199,0.0021599254655742324,0.75
GEOGRAPHY,ROLE_GROUP,DISCRETE_RECENT_CONSISTENCY,10,19.101928374655646,363,0.004046479377213634,0.027863777089783236,0.5289256198347108,0.18177846453368168,0.8557565857473883,-0.03958329747159051,0.04767625622601778,363,0.0002249196957716471,0.0003581321806218618,0.5151515151515151,0.17013338966603092,0.8649052351335478,363,"HISTORICAL UK RETAIL, ACCOUNT AND BROKER ELIGIBILITY REMAIN UNRESOLVED",5,0.0038918890251915844,0.004431453368883651,0.002912920649442262,0.0033288378568668278,0.0037609488283848955,0.75
GEOGRAPHY,ROLE_GROUP,DISCRETE_RECENT_CONSISTENCY,21,18.881818181818183,330,-0.0304788087939803,-0.0008986369667484331,0.5,-0.9920188339219667,0.3211883380719136,-0.09069678599881942,0.029739168410858816,330,-0.0008272264602627859,-0.00040256616679706925,0.48787878787878786,-0.35323246264530533,0.7239141728294972,330,"HISTORICAL UK RETAIL, ACCOUNT AND BROKER ELIGIBILITY REMAIN UNRESOLVED",5,0.007377222825205155,0.007216755640329751,0.005209614160673237,0.005524758772708189,0.0059792357598120885,0.5
GEOGRAPHY,ROLE_GROUP,DISCRETE_RECENT_CONSISTENCY,42,18.545454545454547,297,-0.035240913241337435,-0.023735810113519107,0.47474747474747475,-0.8968261537934495,0.36981168979315515,-0.11225798109017493,0.04177615460750006,297,-0.0019013434223181425,0.0006719340279015551,0.5050505050505051,-0.4384366439719398,0.6610697878902514,297,"HISTORICAL UK RETAIL, ACCOUNT AND BROKER ELIGIBILITY REMAIN UNRESOLVED",5,0.015695162427696186,0.01267549744492157,0.011720332698727246,0.01030328399969969,0.013253839748779396,0.25
GEOGRAPHY,ROLE_GROUP,DISCRETE_RECENT_CONSISTENCY,63,18.132575757575758,264,0.008550637573110923,0.005263157894736834,0.5151515151515151,0.15993548056417942,0.8729318988083845,-0.09623500241768086,0.1133362775639027,264,-0.0029799492206802453,-0.0022186200827685743,0.48484848484848486,-0.3970663706086936,0.6913185181482981,264,"HISTORICAL UK RETAIL, ACCOUNT AND BROKER ELIGIBILITY REMAIN UNRESOLVED",5,0.022683209764114715,0.0189454101064783,0.020998066064798225,0.019898196362155937,0.02047102072471802,0.5
GEOGRAPHY,ROLE_GROUP,DISCRETE_RECENT_CONSISTENCY,126,17.22994652406417,187,0.061868143500897935,0.046153846153846136,0.5401069518716578,0.8393447513894531,0.40127587740549886,-0.08260089958465518,0.20633718658645106,187,0.010668918968387701,0.0003644794124544326,0.5026737967914439,0.901353752561711,0.367400262433875,187,"HISTORICAL UK RETAIL, ACCOUNT AND BROKER ELIGIBILITY REMAIN UNRESOLVED",5,0.05754077643416314,0.05347889514382677,0.05720408413299309,0.062957949643141,0.06789651980482776,0.75
GEOGRAPHY,ROLE_GROUP,MH_LEVEL_3_6_12_REFERENCE,5,17.063583815028903,173,-0.00371540903584406,-0.034055727554179495,0.4913294797687861,-0.1256264582615973,0.9000276182115389,-0.06168144579957488,0.05425062772788676,173,-0.00010802787628628208,0.0004059508429850034,0.5086705202312138,-0.08460805672365632,0.9325729936994691,173,"HISTORICAL UK RETAIL, ACCOUNT AND BROKER ELIGIBILITY REMAIN UNRESOLVED",5,0.003276976192236158,0.0026167145852026012,0.0034596586481834184,0.0025021667802245066,0.0026467899171384824,0.5
GEOGRAPHY,ROLE_GROUP,MH_LEVEL_3_6_12_REFERENCE,10,17.052325581395348,172,0.000226005823167052,0.010190918472652178,0.5058139534883721,0.005977259557657831,0.9952308652813653,-0.07388208157555447,0.07433409322188857,172,0.0001164983810911997,-0.00039442839480752223,0.4941860465116279,0.05365679019463461,0.9572086096061567,172,"HISTORICAL UK RETAIL, ACCOUNT AND BROKER ELIGIBILITY REMAIN UNRESOLVED",5,0.00619971619246257,0.004586338293802182,0.006295072197964134,0.005048700201977696,0.005275488473755446,0.5
GEOGRAPHY,ROLE_GROUP,MH_LEVEL_3_6_12_REFERENCE,21,17.023668639053255,169,-0.020494912600821192,-0.003095975232198185,0.4970414201183432,-0.41274388935586337,0.6797942652487458,-0.11781746927536019,0.07682764407371781,169,1.583059231175984e-05,-0.0008883580429327465,0.47337278106508873,0.004366937361089449,0.996515699175949,169,"HISTORICAL UK RETAIL, ACCOUNT AND BROKER ELIGIBILITY REMAIN UNRESOLVED",5,0.012088725875563528,0.009391152924624674,0.011163513608427461,0.009654328875458381,0.010944777103470502,0.5
GEOGRAPHY,ROLE_GROUP,MH_LEVEL_3_6_12_REFERENCE,42,16.96969696969697,165,0.002136109571856604,0.007223942208462318,0.503030303030303,0.039580634604586606,0.9684274666859876,-0.10364031037935519,0.10791252952306839,165,0.0008747772593999045,-0.00211373305776541,0.4727272727272727,0.15923687802780917,0.8734822500614068,165,"HISTORICAL UK RETAIL, ACCOUNT AND BROKER ELIGIBILITY REMAIN UNRESOLVED",5,0.02289237662848897,0.02071912528503581,0.024156933517818446,0.021096506408393466,0.02290181665907638,0.5
GEOGRAPHY,ROLE_GROUP,MH_LEVEL_3_6_12_REFERENCE,63,16.919254658385093,161,0.02756477513429348,0.015418539605266662,0.5031055900621118,0.4719107053900021,0.6369905264565577,-0.08691867668846535,0.14204822695705233,161,0.001557512969943938,-0.0019916743307332174,0.484472049689441,0.20514932939972572,0.837455456658139,161,"HISTORICAL UK RETAIL, ACCOUNT AND BROKER ELIGIBILITY REMAIN UNRESOLVED",5,0.03175926396272002,0.030020345836727372,0.036533404102204396,0.033723133519458943,0.03294768403601069,0.25
GEOGRAPHY,ROLE_GROUP,MH_LEVEL_3_6_12_REFERENCE,126,16.736486486486488,148,0.020837173677851914,0.007585139318885486,0.5337837837837838,0.41047299547566546,0.6814590090654576,-0.0786580681488834,0.12033241550458723,148,-0.0003058065061485098,-0.004759775050860282,0.4527027027027027,-0.036384417651694555,0.9709758388656068,148,"HISTORICAL UK RETAIL, ACCOUNT AND BROKER ELIGIBILITY REMAIN UNRESOLVED",5,0.06872707920553923,0.0608743616463697,0.06790041653851578,0.07160571744902071,0.0693526580076712,0.5
GEOGRAPHY,ROLE_GROUP,MH_LEVEL_60D_CENTERED,5,17.063583815028903,173,-0.01987730133411984,-0.01960784313725488,0.4797687861271676,-0.6981593789626467,0.4850775269485744,-0.07567945181530567,0.03592484914706599,173,-0.0009970073600277947,-0.000530828115999471,0.49710982658959535,-0.8013021853816868,0.4229567260139203,173,"HISTORICAL UK RETAIL, ACCOUNT AND BROKER ELIGIBILITY REMAIN UNRESOLVED",5,0.003906952725710319,0.002613941189864415,0.002520875912827319,0.0027752423503169562,0.002697652345476488,0.25
GEOGRAPHY,ROLE_GROUP,MH_LEVEL_60D_CENTERED,10,17.052325581395348,172,-0.01912028965659759,-0.0186620397146713,0.47674418604651164,-0.5423198983649863,0.5875981501356073,-0.08822171708695148,0.04998113777375629,172,-0.0012211754955129893,-0.0009934678909905292,0.48255813953488375,-0.5917402078799212,0.5540245675170554,172,"HISTORICAL UK RETAIL, ACCOUNT AND BROKER ELIGIBILITY REMAIN UNRESOLVED",5,0.0066972343179597296,0.005384068638764344,0.004788699181143271,0.005534850836576358,0.004863104598724346,0.25
GEOGRAPHY,ROLE_GROUP,MH_LEVEL_60D_CENTERED,21,17.023668639053255,169,-0.046108171201759036,-0.014716707442631507,0.48520710059171596,-0.9382275533549783,0.34812748137059335,-0.1424284664492202,0.05021212404570211,169,-0.0021249746332045903,-0.0022528891788717864,0.46745562130177515,-0.5799707185028731,0.5619343642319174,169,"HISTORICAL UK RETAIL, ACCOUNT AND BROKER ELIGIBILITY REMAIN UNRESOLVED",5,0.013122784266851218,0.010013805096218277,0.010239157918906389,0.00967404654641169,0.009982038404129506,0.5
GEOGRAPHY,ROLE_GROUP,MH_LEVEL_60D_CENTERED,42,16.96969696969697,165,-0.014499229061465564,-0.04736842105263158,0.4666666666666667,-0.27750694505620793,0.7813908737739935,-0.11690375359800662,0.08790529547507547,165,-0.001508448895675319,-0.004283563053661177,0.46060606060606063,-0.2842701448850912,0.7762033636869865,165,"HISTORICAL UK RETAIL, ACCOUNT AND BROKER ELIGIBILITY REMAIN UNRESOLVED",5,0.02423679219602769,0.020530739890693483,0.022655788811218273,0.022817079767565668,0.02095448919872673,0.5
GEOGRAPHY,ROLE_GROUP,MH_LEVEL_60D_CENTERED,63,16.919254658385093,161,0.029496535590807938,0.005263157894736809,0.515527950310559,0.4627881426753087,0.6435162312332905,-0.09542487465208227,0.15441794583369814,161,0.002663102652656544,0.002401644513391643,0.5031055900621118,0.32665176324509626,0.7439312878090175,161,"HISTORICAL UK RETAIL, ACCOUNT AND BROKER ELIGIBILITY REMAIN UNRESOLVED",5,0.03290214399779984,0.029899241159938583,0.03363201868059126,0.0350744891363552,0.03302031968720738,0.5
GEOGRAPHY,ROLE_GROUP,MH_LEVEL_60D_CENTERED,126,16.736486486486488,148,0.03381672487045607,0.038209494324045454,0.5540540540540541,0.4864918826878314,0.626618459185025,-0.10242308750833262,0.17005653724924474,148,0.007755826777269981,0.00016780570372287862,0.5,0.7097586014625855,0.47785384520622787,148,"HISTORICAL UK RETAIL, ACCOUNT AND BROKER ELIGIBILITY REMAIN UNRESOLVED",5,0.06679310166858422,0.058436151892693515,0.06932686978152776,0.07460129593634308,0.0707386839010463,0.5
GEOGRAPHY,ROLE_GROUP,MH_LEVEL_EQ,5,17.063583815028903,173,-0.011340666488902215,0.015479876160990743,0.5144508670520231,-0.4011643598562843,0.688299118717309,-0.06674762708453313,0.04406629410672871,173,-0.0009507641187906255,-0.00012596530762110092,0.49710982658959535,-0.7591413595398716,0.4477680001928154,173,"HISTORICAL UK RETAIL, ACCOUNT AND BROKER ELIGIBILITY REMAIN UNRESOLVED",5,0.0037259943505853236,0.0024916831334276896,0.0025364268507760503,0.002931742065602045,0.0026900792054520457,0.5
GEOGRAPHY,ROLE_GROUP,MH_LEVEL_EQ,10,17.052325581395348,172,-0.002662884275856269,0.002865628859948479,0.5,-0.07733772026076088,0.9383548843220509,-0.07014815870699789,0.06482239015528535,172,-0.0008057545490226558,-0.002771275841287557,0.4418604651162791,-0.4116017415679851,0.6806313549047326,172,"HISTORICAL UK RETAIL, ACCOUNT AND BROKER ELIGIBILITY REMAIN UNRESOLVED",5,0.00669493481237226,0.004481257540137239,0.005147392285843611,0.005519520865686307,0.005275885163015311,0.5
GEOGRAPHY,ROLE_GROUP,MH_LEVEL_EQ,21,17.023668639053255,169,-0.033921923486071426,-0.0021978021978022125,0.4970414201183432,-0.6906382469851743,0.48979290562838196,-0.13018903381373131,0.06234518684158846,169,-0.002606395842829559,-0.004360654055068469,0.4378698224852071,-0.7738082229960389,0.43904420903120467,169,"HISTORICAL UK RETAIL, ACCOUNT AND BROKER ELIGIBILITY REMAIN UNRESOLVED",5,0.013437026704222588,0.009423399775398491,0.0098511646280189,0.009909614328315847,0.0101998619826043,0.75
GEOGRAPHY,ROLE_GROUP,MH_LEVEL_EQ,42,16.96969696969697,165,-0.010837792800963473,-0.026470588235294117,0.4909090909090909,-0.21154106748092336,0.8324650899796866,-0.11125178718392859,0.08957620158200164,165,-0.002659107693283589,-0.007013716531950598,0.42424242424242425,-0.5085408806177522,0.6110740772141261,165,"HISTORICAL UK RETAIL, ACCOUNT AND BROKER ELIGIBILITY REMAIN UNRESOLVED",5,0.02445203335149384,0.020003969677820477,0.02334127581746735,0.022253821383381563,0.021479952405777387,0.25
GEOGRAPHY,ROLE_GROUP,MH_LEVEL_EQ,63,16.919254658385093,161,0.027489864164390317,-0.0021978021978021644,0.4906832298136646,0.4591422339702423,0.6461320297079657,-0.08985752781087128,0.1448372561396519,161,0.0015246695705120898,-0.0015905152781431342,0.4906832298136646,0.194897796303013,0.8454729594083359,161,"HISTORICAL UK RETAIL, ACCOUNT AND BROKER ELIGIBILITY REMAIN UNRESOLVED",5,0.03293718231678316,0.030386917775612535,0.03421993721044094,0.03375642753311763,0.03381510223392603,0.5
GEOGRAPHY,ROLE_GROUP,MH_LEVEL_EQ,126,16.736486486486488,148,0.042090923008567115,0.042865714240091404,0.5540540540540541,0.690609924754622,0.48981070876865385,-0.07736390990909103,0.16154575592622525,148,0.005965286536712385,-0.0012178541074689964,0.4864864864864865,0.6055315098984002,0.5448258946362796,148,"HISTORICAL UK RETAIL, ACCOUNT AND BROKER ELIGIBILITY REMAIN UNRESOLVED",5,0.06598542904215302,0.05896027591024487,0.07180277827712885,0.07226237953384149,0.07138962233269298,0.5
GEOGRAPHY,ROLE_GROUP,MH_LEVEL_RECENCY_TILT,5,17.063583815028903,173,-0.023808727566162168,-0.015384615384615382,0.48554913294797686,-0.8661046138075369,0.3864327952663009,-0.07768703256936518,0.030069577437040848,173,-0.002007841542585586,-0.0018784246984557829,0.4682080924855491,-1.6984999296318206,0.08941344595680782,173,"HISTORICAL UK RETAIL, ACCOUNT AND BROKER ELIGIBILITY REMAIN UNRESOLVED",5,0.003940580717905041,0.00257327207815902,0.0026770372728331052,0.002950383654603463,0.0022368885240142467,0.5
GEOGRAPHY,ROLE_GROUP,MH_LEVEL_RECENCY_TILT,10,17.052325581395348,172,-0.019170081601217435,-0.028895768833849318,0.47093023255813954,-0.5853832284926942,0.5582900633233295,-0.08335482023103116,0.045014657028596285,172,-0.0019296164078438966,-0.0028374413476037197,0.436046511627907,-1.033310595057082,0.301458570592261,172,"HISTORICAL UK RETAIL, ACCOUNT AND BROKER ELIGIBILITY REMAIN UNRESOLVED",5,0.007140945939232078,0.0047887646435752,0.005100133395549837,0.005453365504099317,0.004609835039985742,0.5
GEOGRAPHY,ROLE_GROUP,MH_LEVEL_RECENCY_TILT,21,17.023668639053255,169,-0.052378875159407735,-0.03199174406604751,0.47337278106508873,-1.1087954960965551,0.267518413886643,-0.1449664706398813,0.04020872032106582,169,-0.0035670567683711227,-0.0016497124236933836,0.48520710059171596,-1.118818495534396,0.26321757953859926,169,"HISTORICAL UK RETAIL, ACCOUNT AND BROKER ELIGIBILITY REMAIN UNRESOLVED",5,0.013054053888401133,0.010991939913787661,0.009805416006941167,0.010117800462415729,0.008645174945776669,0.25
GEOGRAPHY,ROLE_GROUP,MH_LEVEL_RECENCY_TILT,42,16.96969696969697,165,-0.025133687696983334,-0.021671826625386956,0.47878787878787876,-0.4887329174700929,0.6250307959415086,-0.12592723141767867,0.075659856023712,165,-0.0014440671759487552,-0.004283563053661177,0.46060606060606063,-0.27604500849478364,0.7825134969443444,165,"HISTORICAL UK RETAIL, ACCOUNT AND BROKER ELIGIBILITY REMAIN UNRESOLVED",5,0.02446026087505984,0.021751246096836672,0.021826963702722097,0.02201554346166933,0.020810585814338416,0.5
GEOGRAPHY,ROLE_GROUP,MH_LEVEL_RECENCY_TILT,63,16.919254658385093,161,0.02056636826403121,0.019607843137254888,0.515527950310559,0.32775482808195916,0.7430970442444637,-0.10241989352860628,0.1435526300566687,161,0.00299555019556761,0.0009554141793655102,0.5031055900621118,0.3963224832019856,0.6918671431121219,161,"HISTORICAL UK RETAIL, ACCOUNT AND BROKER ELIGIBILITY REMAIN UNRESOLVED",5,0.0326745388686112,0.0323775699025623,0.0326965211764934,0.032443414565474143,0.034222105709500225,0.5
GEOGRAPHY,ROLE_GROUP,MH_LEVEL_RECENCY_TILT,126,16.736486486486488,148,0.04986522637505209,0.049535603715170316,0.5405405405405406,0.7174588295579223,0.4730910311270565,-0.08635729086159527,0.18608774361169944,148,0.01183893361686781,0.005660202802568848,0.5202702702702703,1.0895974249243974,0.2758905179109603,148,"HISTORICAL UK RETAIL, ACCOUNT AND BROKER ELIGIBILITY REMAIN UNRESOLVED",5,0.06365904265498931,0.06312291105926382,0.06828801059518966,0.0718400794945033,0.07295002207625535,0.75
GEOGRAPHY,ROLE_GROUP,PAIRWISE_MAJORITY_5H,5,17.063583815028903,173,-0.011617523125914908,-0.006227397777206067,0.48554913294797686,-0.41390900192499164,0.6789407510207122,-0.06662943833060225,0.04339439207877243,173,-0.0008458443834692094,0.0004498432460688928,0.5260115606936416,-0.687275774524526,0.4919089618285961,173,"HISTORICAL UK RETAIL, ACCOUNT AND BROKER ELIGIBILITY REMAIN UNRESOLVED",5,0.0035232303681949208,0.0023711370966133637,0.0031619181323072998,0.0027826038067678737,0.0027297665438547015,0.25
GEOGRAPHY,ROLE_GROUP,PAIRWISE_MAJORITY_5H,10,17.052325581395348,172,-0.005370055271268251,-0.008464785187812837,0.4941860465116279,-0.15378606493662578,0.8777784216932072,-0.07381003343842256,0.06306992289588605,172,-0.0010341607693816757,-0.0007559721282023868,0.4941860465116279,-0.4896463163653938,0.6243841958081252,172,"HISTORICAL UK RETAIL, ACCOUNT AND BROKER ELIGIBILITY REMAIN UNRESOLVED",5,0.006348172806140862,0.004628931093750685,0.00537009807667737,0.006170005807579276,0.004675301067015957,0.5
GEOGRAPHY,ROLE_GROUP,PAIRWISE_MAJORITY_5H,21,17.023668639053255,169,-0.03537540266262926,0.00723889862656149,0.5029585798816568,-0.7047093855216799,0.48099110934782896,-0.13376278983504353,0.06301198450978501,169,-0.0026062888751452644,-0.004387480458576287,0.47337278106508873,-0.7393201827827298,0.4597125965891927,169,"HISTORICAL UK RETAIL, ACCOUNT AND BROKER ELIGIBILITY REMAIN UNRESOLVED",5,0.012523465778614889,0.009437175496830867,0.011683601523508728,0.010223815440764773,0.009139301865075939,0.25
GEOGRAPHY,ROLE_GROUP,PAIRWISE_MAJORITY_5H,42,16.96969696969697,165,-0.018755826622519418,-0.04037286549980155,0.47878787878787876,-0.37241266085432095,0.7095856287842579,-0.11746553374172908,0.07995388049669025,165,-0.002850393890676387,-0.0053790922536669505,0.4303030303030303,-0.5472903197372315,0.5841792932892494,165,"HISTORICAL UK RETAIL, ACCOUNT AND BROKER ELIGIBILITY REMAIN UNRESOLVED",5,0.0240081112085575,0.020541129200847632,0.024029377447901297,0.022746656843565,0.019873635582782167,0.25
GEOGRAPHY,ROLE_GROUP,PAIRWISE_MAJORITY_5H,63,16.919254658385093,161,0.016811945456672778,-0.017580182378792143,0.4472049689440994,0.26758449922713334,0.7890191638188391,-0.10632974511323146,0.139953636026577,161,0.0005430947762143551,-0.005843674085789452,0.453416149068323,0.06547395132860392,0.9477966456518145,161,"HISTORICAL UK RETAIL, ACCOUNT AND BROKER ELIGIBILITY REMAIN UNRESOLVED",5,0.033716655887322436,0.029397407692564072,0.034454037789838035,0.03482316686950227,0.032055892582025645,0.5
GEOGRAPHY,ROLE_GROUP,PAIRWISE_MAJORITY_5H,126,16.736486486486488,148,0.04225472779989373,0.040782366328320704,0.5540540540540541,0.6592067391793198,0.5097630199401719,-0.0833777024259246,0.16788715802571205,148,0.007320581366644419,-0.00110448793757284,0.4864864864864865,0.7115210666919132,0.47676140094865505,148,"HISTORICAL UK RETAIL, ACCOUNT AND BROKER ELIGIBILITY REMAIN UNRESOLVED",5,0.06593660750817609,0.05897855832518592,0.06870974284235128,0.07528585521799391,0.070503671203728,0.5
GEOGRAPHY,ROLE_GROUP,RRG_TRANSPARENT_LEVEL,5,17.964426877470355,253,-0.013229445799168228,-0.01406596803764041,0.48616600790513836,-0.5346654156862742,0.5928812403290941,-0.06172563900910823,0.03526674741077178,253,-0.00030349365256231457,0.0009437890120169712,0.525691699604743,-0.28038270186234804,0.7791839069414896,253,"HISTORICAL UK RETAIL, ACCOUNT AND BROKER ELIGIBILITY REMAIN UNRESOLVED",5,0.0024253611222268107,0.0028930653632244234,0.002189769486721433,0.001874638698738603,0.0019659457257479875,0.5
GEOGRAPHY,ROLE_GROUP,RRG_TRANSPARENT_LEVEL,10,17.848360655737704,244,-0.004678309193578558,0.019694031458737375,0.5163934426229508,-0.149824788146936,0.8809028519844808,-0.06587857946503774,0.05652196107788063,244,-0.00013014679640467074,0.00078890060379877,0.5245901639344263,-0.07183218090995128,0.9427354622998708,244,"HISTORICAL UK RETAIL, ACCOUNT AND BROKER ELIGIBILITY REMAIN UNRESOLVED",5,0.004980336265843128,0.004912720331186368,0.004521618189570193,0.003705065928073565,0.0040076044783265855,0.25
GEOGRAPHY,ROLE_GROUP,RRG_TRANSPARENT_LEVEL,21,17.601769911504423,226,-0.01606473415923037,0.02435611940449965,0.5221238938053098,-0.37336149459553325,0.708879413717465,-0.10039667740745242,0.06826720908899167,226,0.0004852251335773637,0.0015304079839449924,0.5265486725663717,0.14748447558994218,0.882749632416932,226,"HISTORICAL UK RETAIL, ACCOUNT AND BROKER ELIGIBILITY REMAIN UNRESOLVED",5,0.01073443509537892,0.010456657568537121,0.009531507599392463,0.008396438480887329,0.009953015202005913,0.25
GEOGRAPHY,ROLE_GROUP,RRG_TRANSPARENT_LEVEL,42,17.27777777777778,198,-0.01500812458996085,-0.049852040808723866,0.45454545454545453,-0.2819607605665959,0.777973598540493,-0.1193325121845448,0.08931626300462309,198,0.0019536174650756264,-0.0029716861652329674,0.4696969696969697,0.34264765351386284,0.7318635475549404,198,"HISTORICAL UK RETAIL, ACCOUNT AND BROKER ELIGIBILITY REMAIN UNRESOLVED",5,0.019928594893778927,0.017815393354831115,0.020164855036213798,0.017651898375639814,0.01944106032805185,0.5
GEOGRAPHY,ROLE_GROUP,RRG_TRANSPARENT_LEVEL,63,17.18617021276596,188,0.028724613975927012,0.030769559327563496,0.5425531914893617,0.4491812061533275,0.6533009438076234,-0.09661279571840281,0.15406202367025684,188,0.0058496004711968965,0.0011403556785204438,0.5053191489361702,0.6648369186455017,0.5061548064461083,188,"HISTORICAL UK RETAIL, ACCOUNT AND BROKER ELIGIBILITY REMAIN UNRESOLVED",5,0.026946794265137297,0.027580941843680054,0.03304453670167908,0.03025505158515616,0.0295934436706877,0.5
GEOGRAPHY,ROLE_GROUP,RRG_TRANSPARENT_LEVEL,126,17.05142857142857,175,0.011412881791328941,0.006593406593406601,0.5028571428571429,0.15280926241648357,0.8785486931734713,-0.13497115879026325,0.15779692237292112,175,0.0022150188193750843,-0.004621264656843316,0.46285714285714286,0.1721008726247988,0.8633582267444242,175,"HISTORICAL UK RETAIL, ACCOUNT AND BROKER ELIGIBILITY REMAIN UNRESOLVED",5,0.06503717279741768,0.05586813998199592,0.05967116369707467,0.06809155090787955,0.063968616961756,0.5
GEOGRAPHY,ROLE_GROUP,RRG_TRANSPARENT_MOMENTUM,5,17.632286995515695,223,-0.021628472955956695,-0.028023289997427283,0.4618834080717489,-0.8828854998292515,0.37729813876483786,-0.06964265830895211,0.026385712397038723,223,-0.0013309502703373322,-0.00044804642986884247,0.484304932735426,-1.1883054873224486,0.23471307662962582,223,"HISTORICAL UK RETAIL, ACCOUNT AND BROKER ELIGIBILITY REMAIN UNRESOLVED",5,0.0038654683650557204,0.0031852993276747185,0.003147248615244432,0.0030978445540396755,0.0025570712179565163,0.0
GEOGRAPHY,ROLE_GROUP,RRG_TRANSPARENT_MOMENTUM,10,17.53271028037383,214,0.0029657989827174477,0.03041540502840811,0.5420560747663551,0.11532024892052115,0.9081912891165771,-0.04744043275823168,0.05337203072366658,214,-0.0009688250518234711,0.0002867639984511783,0.5093457943925234,-0.5855660984803096,0.5581671359394818,214,"HISTORICAL UK RETAIL, ACCOUNT AND BROKER ELIGIBILITY REMAIN UNRESOLVED",5,0.006639379213922494,0.00553673691909087,0.006221431449219112,0.0065241055059299825,0.005615171544521804,0.5
GEOGRAPHY,ROLE_GROUP,RRG_TRANSPARENT_MOMENTUM,21,17.3248730964467,197,0.04125525797036604,0.04038631934052063,0.5329949238578681,1.3380779650765535,0.1808710229095155,-0.019173821578971267,0.10168433751970335,197,0.0016753905296337556,0.005456960776177855,0.5685279187817259,0.6730208508225122,0.5009340259015125,197,"HISTORICAL UK RETAIL, ACCOUNT AND BROKER ELIGIBILITY REMAIN UNRESOLVED",5,0.008857604691863709,0.01063199822203598,0.011871337552719746,0.010927486751384911,0.010374113347160352,0.5
GEOGRAPHY,ROLE_GROUP,RRG_TRANSPARENT_MOMENTUM,42,17.22994652406417,187,0.003807128218913283,-0.013415892672858571,0.4919786096256685,0.09403269046087608,0.9250831885447359,-0.07554648973058889,0.08316074616841546,187,-0.0018187708013426979,-0.0018453430227264311,0.48128342245989303,-0.4547076257067993,0.6493195940203277,187,"HISTORICAL UK RETAIL, ACCOUNT AND BROKER ELIGIBILITY REMAIN UNRESOLVED",5,0.020652763631465457,0.020299116490788197,0.02110592475588512,0.02013128985320156,0.018913929638393463,0.25
GEOGRAPHY,ROLE_GROUP,RRG_TRANSPARENT_MOMENTUM,63,17.191256830601095,183,0.025898087565141573,0.021671826625387,0.546448087431694,0.534939677338332,0.5926915705892284,-0.06898984288096456,0.1207860180112477,183,-0.0007245887636487904,0.004320795191081972,0.5355191256830601,-0.12830536532519626,0.8979073192866944,183,"HISTORICAL UK RETAIL, ACCOUNT AND BROKER ELIGIBILITY REMAIN UNRESOLVED",5,0.030933336252227862,0.029994446540027035,0.0304884749847525,0.031812878442133645,0.029047221335936842,0.5
GEOGRAPHY,ROLE_GROUP,RRG_TRANSPARENT_MOMENTUM,126,17.05294117647059,170,0.02556187872132796,0.03458078299802686,0.5470588235294118,0.504588264440168,0.6138480541666698,-0.07372771083456284,0.12485146827721874,170,0.0046825346510798345,0.004998309490838682,0.5411764705882353,0.632742614676416,0.5269017364017613,170,"HISTORICAL UK RETAIL, ACCOUNT AND BROKER ELIGIBILITY REMAIN UNRESOLVED",5,0.061417163894316375,0.06505784077410254,0.06644302322957632,0.06547577847116604,0.06351879072495774,0.5
GEOGRAPHY,ROLE_GROUP,RS_126,5,17.964426877470355,253,-0.005597222111408861,0.012280701754385968,0.5098814229249012,-0.2150679384871048,0.8297143503699846,-0.056606004866307374,0.045411560643489654,253,-0.0011605578346420772,0.00011400147256801496,0.5059288537549407,-0.9743094384367739,0.3299029196727672,253,"HISTORICAL UK RETAIL, ACCOUNT AND BROKER ELIGIBILITY REMAIN UNRESOLVED",5,0.002756528144043715,0.0015302812840540798,0.0027553119411335126,0.0025613470843401705,0.0013745377254630047,0.25
GEOGRAPHY,ROLE_GROUP,RS_126,10,17.848360655737704,244,-0.0012864501659382967,-0.012435500515995897,0.4959016393442623,-0.03844862600550828,0.9693299916749704,-0.06686476219153353,0.06429186185965693,244,-0.0012382833243707292,-0.0014698298619250094,0.4918032786885246,-0.6016975842661557,0.5473754583320847,244,"HISTORICAL UK RETAIL, ACCOUNT AND BROKER ELIGIBILITY REMAIN UNRESOLVED",5,0.005064697334883458,0.003411103598302975,0.005145632187378508,0.004885558451180022,0.003045452580810075,0.25
GEOGRAPHY,ROLE_GROUP,RS_126,21,17.601769911504423,226,-0.006800613209127076,-0.012383900928792609,0.48672566371681414,-0.14678190596542784,0.8833041669292293,-0.09760851541620057,0.08400728899794642,226,-0.0017168569073211456,0.0007623223329541462,0.504424778761062,-0.4807253459477355,0.630711714696043,226,"HISTORICAL UK RETAIL, ACCOUNT AND BROKER ELIGIBILITY REMAIN UNRESOLVED",5,0.010690563815853555,0.00802226957549208,0.010404137879112839,0.01092028261883388,0.008133296476685389,0.5
GEOGRAPHY,ROLE_GROUP,RS_126,42,17.27777777777778,198,-0.009429882691608845,-0.022703818369453024,0.48484848484848486,-0.1754813736568058,0.8607014053568633,-0.11475291538074893,0.09589314999753125,198,-0.000537327030534346,-0.004458862524883922,0.45454545454545453,-0.08405763017079389,0.9330106115967006,198,"HISTORICAL UK RETAIL, ACCOUNT AND BROKER ELIGIBILITY REMAIN UNRESOLVED",5,0.01932143841006762,0.016717528641483532,0.01942340981767517,0.021587922513751568,0.017120925479311166,0.5
GEOGRAPHY,ROLE_GROUP,RS_126,63,17.18617021276596,188,0.017049925378181098,-0.02543859649122808,0.4787234042553192,0.2686751550750125,0.7881796723713593,-0.1073279303673586,0.1414277811237208,188,0.0018479720518177502,-0.0026422432268101703,0.48404255319148937,0.20196930018521167,0.839940724481749,188,"HISTORICAL UK RETAIL, ACCOUNT AND BROKER ELIGIBILITY REMAIN UNRESOLVED",5,0.028646322461325893,0.025142528205664875,0.030123787604000956,0.035014663736906496,0.02797836971097965,0.5
GEOGRAPHY,ROLE_GROUP,RS_126,126,17.05142857142857,175,0.003419916660075888,-0.013415892672858604,0.45714285714285713,0.046332958648142714,0.9630448703058234,-0.14124845072781037,0.14808828404796212,175,-0.004480982405942923,-0.008478084564617627,0.3942857142857143,-0.3139060414270163,0.753592401754048,175,"HISTORICAL UK RETAIL, ACCOUNT AND BROKER ELIGIBILITY REMAIN UNRESOLVED",5,0.06756781900038403,0.05071187268663053,0.06135903245154754,0.07229107812656381,0.05970816173421089,0.5
GEOGRAPHY,ROLE_GROUP,RS_21,5,19.79122807017544,570,-0.023920317683149686,-0.006267645398080177,0.49473684210526314,-1.4925510914934483,0.13555473391111916,-0.05533161169173121,0.007490976325431838,570,-0.001418540143120736,0.00014182227966030858,0.5070175438596491,-1.8261596100561504,0.06782622329641297,569,"HISTORICAL UK RETAIL, ACCOUNT AND BROKER ELIGIBILITY REMAIN UNRESOLVED",5,0.002762872073631135,0.002331185441548938,0.0022668023848287605,0.001814033561772186,0.0012648011720979698,0.0
GEOGRAPHY,ROLE_GROUP,RS_21,10,19.63985374771481,547,-0.02082291286812553,-0.04231166150670793,0.45521023765996343,-1.1595159544423872,0.24624593708594755,-0.05602049606513147,0.014374670328880415,547,-0.002372601255451979,-0.0022820121432541862,0.4570383912248629,-2.0150221092940037,0.04390233254170456,543,"HISTORICAL UK RETAIL, ACCOUNT AND BROKER ELIGIBILITY REMAIN UNRESOLVED",5,0.0047541024348909736,0.0037687056211100065,0.003918903962369391,0.003879110155856335,0.002654807662474702,0.25
GEOGRAPHY,ROLE_GROUP,RS_21,21,19.263803680981596,485,-0.02427331768238746,-0.04545454545454549,0.45979381443298967,-1.0559411346773147,0.29099510941882223,-0.0693277500559469,0.02078111469117197,489,-0.00390692016795276,-0.003299346819461535,0.4539877300613497,-1.9611315374338156,0.04986368064371418,478,"HISTORICAL UK RETAIL, ACCOUNT AND BROKER ELIGIBILITY REMAIN UNRESOLVED",5,0.00933522335120509,0.007839499543329773,0.007246586275366008,0.006480810714991303,0.0056799305178386345,0.0
GEOGRAPHY,ROLE_GROUP,RS_21,42,18.691358024691358,400,-0.028170003099493947,-0.04065499717673632,0.455,-0.9850758916976383,0.32458679435340154,-0.08421867100896788,0.027878664809979976,405,-0.003129752400850186,-0.0042474772853182685,0.4666666666666667,-1.011881388128023,0.3115947692480471,394,"HISTORICAL UK RETAIL, ACCOUNT AND BROKER ELIGIBILITY REMAIN UNRESOLVED",5,0.015310170444447106,0.013985992107160347,0.014063191665821878,0.012885619869485587,0.010845278138021278,0.25
GEOGRAPHY,ROLE_GROUP,RS_21,63,18.28774928774929,346,-0.01855470255024571,-0.019706380575945835,0.48265895953757226,-0.5589590250881766,0.576189684787012,-0.08361590938306893,0.046506504282577514,351,-0.0032952862410411273,-0.003355283050817448,0.45014245014245013,-0.857042198981087,0.3914215634380116,340,"HISTORICAL UK RETAIL, ACCOUNT AND BROKER ELIGIBILITY REMAIN UNRESOLVED",5,0.02326173298311884,0.019535262809652537,0.021982779838377094,0.019340934807522435,0.019003399258897442,0.25
GEOGRAPHY,ROLE_GROUP,RS_21,126,16.84016393442623,238,0.006227228632511259,-0.013389242336610745,0.49159663865546216,0.10423931809347768,0.9169794325852978,-0.11086048900080626,0.12331494626582877,244,0.001850512310097977,-0.002487142498784123,0.48770491803278687,0.18180079023769144,0.8557390643371754,233,"HISTORICAL UK RETAIL, ACCOUNT AND BROKER ELIGIBILITY REMAIN UNRESOLVED",5,0.05147566716962191,0.050425318392151475,0.05391242703471582,0.05165909583280901,0.04922888076358994,0.25
GEOGRAPHY,ROLE_GROUP,RS_252,5,17.063583815028903,173,0.01265100066930809,0.019298245614035047,0.5144508670520231,0.4255686295413053,0.6704222031575365,-0.0456134106595099,0.07091541199812608,173,-0.0008355132125855471,0.0001413872714433051,0.5086705202312138,-0.6742840101666047,0.5001307677950233,173,"HISTORICAL UK RETAIL, ACCOUNT AND BROKER ELIGIBILITY REMAIN UNRESOLVED",5,0.0033978395412716947,0.0015950903115831549,0.003834140014232876,0.002956075611169011,0.002835064388257309,0.25
GEOGRAPHY,ROLE_GROUP,RS_252,10,17.052325581395348,172,0.012885391122665226,0.07213622291021672,0.5523255813953488,0.3458139987338561,0.7294825040391619,-0.060144915977691775,0.08591569822302222,172,-0.0013413362181635962,-0.0010270803888455249,0.48255813953488375,-0.6278160217648537,0.5301244691669087,172,"HISTORICAL UK RETAIL, ACCOUNT AND BROKER ELIGIBILITY REMAIN UNRESOLVED",5,0.006382443303472041,0.0032376038922226785,0.007007714509504376,0.005555229747061209,0.005205302286313088,0.25
GEOGRAPHY,ROLE_GROUP,RS_252,21,17.023668639053255,169,0.006122884937437846,0.07739938080495357,0.5325443786982249,0.11746722316944755,0.9064898163116281,-0.09603866817555212,0.10828443805042781,169,-0.0030202819414435144,-0.0007855778860464957,0.47928994082840237,-0.8288587328092399,0.40718434909901735,169,"HISTORICAL UK RETAIL, ACCOUNT AND BROKER ELIGIBILITY REMAIN UNRESOLVED",5,0.012792535169551178,0.0072478661839499615,0.011454496722162234,0.010763230061154656,0.010679287947615327,0.25
GEOGRAPHY,ROLE_GROUP,RS_252,42,16.96969696969697,165,0.015369730341585112,0.04437564499484003,0.5393939393939394,0.247119454641073,0.8048157779417203,-0.10653130721676052,0.13727076789993073,165,-0.005148514061911199,-0.0010327046835877374,0.47878787878787876,-0.8444186939845629,0.3984354797411638,165,"HISTORICAL UK RETAIL, ACCOUNT AND BROKER ELIGIBILITY REMAIN UNRESOLVED",5,0.02713689370613575,0.016276403853905056,0.022110894212742864,0.022032915923935224,0.023016728642444112,0.5
GEOGRAPHY,ROLE_GROUP,RS_252,63,16.919254658385093,161,-0.015532641342210024,0.019607843137254926,0.5217391304347826,-0.259467202619511,0.7952747842220838,-0.13286314519071568,0.10179786250629563,161,-0.008576919908053923,-0.005737025294747844,0.453416149068323,-1.0914932387967624,0.27505590534468105,161,"HISTORICAL UK RETAIL, ACCOUNT AND BROKER ELIGIBILITY REMAIN UNRESOLVED",5,0.03953456810463713,0.027013970205004803,0.033117566126031124,0.031364009884329996,0.03250780151966675,0.5
GEOGRAPHY,ROLE_GROUP,RS_252,126,16.736486486486488,148,-0.059154781465152996,-0.027321981424148586,0.47297297297297297,-1.0527886116757206,0.29243788556346917,-0.16928253161291917,0.05097296868261319,148,-0.02292493210955365,-0.016656063143026867,0.3581081081081081,-2.0635725859574214,0.039058259056252737,148,"HISTORICAL UK RETAIL, ACCOUNT AND BROKER ELIGIBILITY REMAIN UNRESOLVED",5,0.08458472189593698,0.061166398998406056,0.06383641710242906,0.06415328138937179,0.062377436780419876,0.5
GEOGRAPHY,ROLE_GROUP,RS_42,5,19.620985010706637,467,-0.01670326014742955,-0.029824561403508754,0.47109207708779444,-0.9278362813906281,0.35349250084035166,-0.051987274116249746,0.018580753821390645,467,-0.001163150141624247,-0.0009672233340849434,0.4689507494646681,-1.383769073162571,0.16642917565578175,467,"HISTORICAL UK RETAIL, ACCOUNT AND BROKER ELIGIBILITY REMAIN UNRESOLVED",5,0.002848708896638068,0.002241571900893354,0.0019885389692101034,0.0020391568617593014,0.0017248201553801772,0.25
GEOGRAPHY,ROLE_GROUP,RS_42,10,19.48873873873874,444,-0.02196948932125268,-0.02353896103896106,0.4797297297297297,-1.076271682282611,0.2818057693381393,-0.06197742461977323,0.01803844597726787,444,-0.001385694601560591,-0.00015301085301511197,0.49774774774774777,-1.0386135517266466,0.2989845006324544,444,"HISTORICAL UK RETAIL, ACCOUNT AND BROKER ELIGIBILITY REMAIN UNRESOLVED",5,0.004869694701017215,0.004428755521623753,0.0028268078765322905,0.0036313033405791966,0.0032436534231173723,0.25
GEOGRAPHY,ROLE_GROUP,RS_42,21,19.183937823834196,386,-0.047935791321605345,-0.040298831603179486,0.4740932642487047,-1.7490427241286706,0.08028363453025697,-0.10165227478119546,0.0057806921379847595,386,-0.0032111361050411284,-0.0022177170356160736,0.4585492227979275,-1.3471217403608104,0.17794102735047235,386,"HISTORICAL UK RETAIL, ACCOUNT AND BROKER ELIGIBILITY REMAIN UNRESOLVED",5,0.008650418154182958,0.008340448070825393,0.005289618182246091,0.006448284475205562,0.004806337585317104,0.25
GEOGRAPHY,ROLE_GROUP,RS_42,42,18.832335329341316,334,-0.047740410626107795,-0.05574162679425834,0.4311377245508982,-1.4547039843605671,0.14575122907652577,-0.11206242145462297,0.016581600202407377,334,-0.004920406852934379,-0.0056464280787595356,0.4311377245508982,-1.400257171636205,0.16143632101567063,334,"HISTORICAL UK RETAIL, ACCOUNT AND BROKER ELIGIBILITY REMAIN UNRESOLVED",5,0.015519613634645418,0.013984836458674245,0.01087023075838802,0.011930769583335677,0.009430563361169984,0.25
GEOGRAPHY,ROLE_GROUP,RS_42,63,18.48160535117057,299,-0.04849537029265436,-0.04231166150670793,0.4280936454849498,-1.1897418895446825,0.2341478556175154,-0.1283859583486165,0.03139521776330776,299,-0.007975065712740157,-0.007721288963085882,0.4214046822742475,-1.4552335919185349,0.14560460414370743,299,"HISTORICAL UK RETAIL, ACCOUNT AND BROKER ELIGIBILITY REMAIN UNRESOLVED",5,0.025085884897617924,0.021742573616588733,0.019113674263500868,0.020400135118799116,0.015378711962382078,0.25
GEOGRAPHY,ROLE_GROUP,RS_42,126,17.246231155778894,199,0.010925109817590126,0.024175824175824204,0.5175879396984925,0.15360570442270444,0.8779206388462844,-0.1284761048058987,0.15032632444107893,199,0.00674172243476699,0.003981500466958332,0.5125628140703518,0.5784767784193827,0.5629422708164882,199,"HISTORICAL UK RETAIL, ACCOUNT AND BROKER ELIGIBILITY REMAIN UNRESOLVED",5,0.05500538572553485,0.0582807118891335,0.05531947991038778,0.059495720818122856,0.058179479441180126,0.5
GEOGRAPHY,ROLE_GROUP,RS_63,5,19.195250659630606,379,-0.0035403478181122413,0.004901960784313741,0.5145118733509235,-0.18367014993009004,0.8542722273951568,-0.04131978132369883,0.034239085687474344,379,-0.000833378953059573,0.0002501074511458423,0.5197889182058048,-0.9187614360113412,0.35822036756806674,379,"HISTORICAL UK RETAIL, ACCOUNT AND BROKER ELIGIBILITY REMAIN UNRESOLVED",5,0.002511801599161874,0.00199558301326719,0.002180475194983984,0.002256769688108104,0.0016012606131764588,0.5
GEOGRAPHY,ROLE_GROUP,RS_63,10,19.101928374655646,363,-0.011645080887295616,0.013415892672858674,0.512396694214876,-0.49747198606820564,0.6188562531293724,-0.05752492894978707,0.03423476717519584,363,-0.001001337328737395,-0.000548492096150266,0.49586776859504134,-0.689746336878829,0.4903537207389035,363,"HISTORICAL UK RETAIL, ACCOUNT AND BROKER ELIGIBILITY REMAIN UNRESOLVED",5,0.0039619307681729105,0.00425064136611324,0.0040149174902802546,0.00297441889175923,0.0029410261084537996,0.25
GEOGRAPHY,ROLE_GROUP,RS_63,21,18.881818181818183,330,-0.052464894036499184,-0.01251204935415458,0.4696969696969697,-1.6648819328705196,0.09593631340717211,-0.11422861477491497,0.009298826701916597,330,-0.003760318467701369,-0.004631587225683298,0.4393939393939394,-1.4275773661981253,0.15341354215137976,330,"HISTORICAL UK RETAIL, ACCOUNT AND BROKER ELIGIBILITY REMAIN UNRESOLVED",5,0.007997690471705902,0.007452520311898318,0.006278535750097203,0.0050899781561808905,0.004301858502550645,0.0
GEOGRAPHY,ROLE_GROUP,RS_63,42,18.545454545454547,297,-0.0555972549347203,-0.05588235294117647,0.4478114478114478,-1.3791742007585908,0.16784105049115994,-0.13460730112860014,0.023412791259159557,297,-0.004851761256012425,-0.004040492199481993,0.45454545454545453,-1.089560965853031,0.2759065855545494,297,"HISTORICAL UK RETAIL, ACCOUNT AND BROKER ELIGIBILITY REMAIN UNRESOLVED",5,0.016084510791805538,0.014086855936572653,0.012402149340859384,0.01025695341405383,0.0105287500263981,0.25
GEOGRAPHY,ROLE_GROUP,RS_63,63,18.132575757575758,264,-0.009518921760299209,-0.0071207430340557,0.4810606060606061,-0.17644707952632524,0.859942720706889,-0.11525455576413404,0.09621671224353562,264,-0.0053852348470340115,-0.0009797996701685907,0.4810606060606061,-0.6571919144141,0.5110575239283327,264,"HISTORICAL UK RETAIL, ACCOUNT AND BROKER ELIGIBILITY REMAIN UNRESOLVED",5,0.023225809651042144,0.01975424736885532,0.021971696863156302,0.020311251937753416,0.017406708745441625,0.25
GEOGRAPHY,ROLE_GROUP,RS_63,126,17.22994652406417,187,0.04601249646861476,0.06707946336429306,0.5668449197860963,0.6308545208430649,0.5281356508686226,-0.09694096258996866,0.1889659555271982,187,0.010713423392032831,0.009864937343429858,0.5508021390374331,0.866343259777345,0.3863019496864304,187,"HISTORICAL UK RETAIL, ACCOUNT AND BROKER ELIGIBILITY REMAIN UNRESOLVED",5,0.0565906127900393,0.05648500224537375,0.058340265589541335,0.06124577667293529,0.06634872667261876,0.75
GEOGRAPHY,ROLE_GROUP,SHORT_MINUS_LONG_RS,5,17.063583815028903,173,-0.04939098495778086,-0.06373626373626379,0.43352601156069365,-1.828714926923487,0.06744232513521192,-0.10232681998214294,0.003544850066581208,173,-0.0016134584467428809,-0.002894999332963444,0.4508670520231214,-1.4707679875333188,0.1413538726027174,173,"HISTORICAL UK RETAIL, ACCOUNT AND BROKER ELIGIBILITY REMAIN UNRESOLVED",5,0.003514089573782552,0.003602272742624528,0.003202760662937735,0.0022514155288637125,0.0019326042353952561,0.25
GEOGRAPHY,ROLE_GROUP,SHORT_MINUS_LONG_RS,10,17.052325581395348,172,-0.035861858755336574,-0.030908152734778135,0.47093023255813954,-1.0829053493239036,0.27885043727271497,-0.10076868706032682,0.02904496954965368,172,-0.0019558869079969615,-0.0003605775271549594,0.5,-1.0359989977841366,0.30020261007757165,172,"HISTORICAL UK RETAIL, ACCOUNT AND BROKER ELIGIBILITY REMAIN UNRESOLVED",5,0.006152970923191572,0.007261299715715547,0.0056721819080750805,0.003999688199413139,0.004417303443941108,0.5
GEOGRAPHY,ROLE_GROUP,SHORT_MINUS_LONG_RS,21,17.023668639053255,169,-0.045951640300607575,-0.03405572755417961,0.46153846153846156,-1.0251035273113902,0.3053143413705778,-0.13380965426720282,0.04190637366598766,169,-0.0026084311724540454,-0.0011570336785958757,0.4970414201183432,-0.6905718533657061,0.4898346407049161,169,"HISTORICAL UK RETAIL, ACCOUNT AND BROKER ELIGIBILITY REMAIN UNRESOLVED",5,0.010805960461653944,0.014307654556020106,0.011172416994043626,0.008661362253301332,0.008069137610615392,0.25
GEOGRAPHY,ROLE_GROUP,SHORT_MINUS_LONG_RS,42,16.96969696969697,165,-0.022475913982635577,-0.013415892672858606,0.47878787878787876,-0.38943415299308026,0.6969550116843378,-0.13559383542587553,0.09064200746060436,165,-0.000986035524610024,0.0024685397128632047,0.5393939393939394,-0.15709391024448785,0.8751708369148998,165,"HISTORICAL UK RETAIL, ACCOUNT AND BROKER ELIGIBILITY REMAIN UNRESOLVED",5,0.02122145849497493,0.024770453009332304,0.024032140472697312,0.021443641382424404,0.019834919040531886,0.25
GEOGRAPHY,ROLE_GROUP,SHORT_MINUS_LONG_RS,63,16.919254658385093,161,0.036055993612911084,0.09803921568627456,0.577639751552795,0.5782257961387044,0.5631116848941071,-0.08616001504672341,0.1582720022725456,161,0.004784734690989916,0.007560732400123893,0.5590062111801242,0.6644725905494019,0.5063878861559596,161,"HISTORICAL UK RETAIL, ACCOUNT AND BROKER ELIGIBILITY REMAIN UNRESOLVED",5,0.029496992625119022,0.03527338689120589,0.03420910162496252,0.031786261417875675,0.03458807432453444,0.5
GEOGRAPHY,ROLE_GROUP,SHORT_MINUS_LONG_RS,126,16.736486486486488,148,0.09285387057631664,0.10989010989010989,0.6486486486486487,1.2347143011597885,0.21693685150918918,-0.0545407469346148,0.24024848808724808,148,0.02212982933275372,0.01887244374756425,0.6351351351351351,1.4876757502720224,0.13683642574271698,148,"HISTORICAL UK RETAIL, ACCOUNT AND BROKER ELIGIBILITY REMAIN UNRESOLVED",5,0.05495115247168185,0.0661038031251222,0.07137651162763577,0.07190214373194294,0.07767803793902453,1.0
INDUSTRY,ROLE_GROUP,ACCEL_FAST_COMPOSITE,5,4.819905213270142,73,-0.03854627658690382,-0.10714285714285716,0.4246575342465753,-0.6139033950363514,0.5392791665969758,-0.1616101241878402,0.08451757101403258,211,-0.0029018225052219837,-0.00590995093199731,0.41706161137440756,-0.8425720973036719,0.3994678017867599,59,"HISTORICAL UK RETAIL, ACCOUNT AND BROKER ELIGIBILITY REMAIN UNRESOLVED",3,0.004060835995590335,0.0021372448486498565,0.0041503973549441835,,,0.5
INDUSTRY,ROLE_GROUP,ACCEL_FAST_COMPOSITE,10,4.731343283582089,65,0.07217555476824936,0.10844160586017297,0.5692307692307692,0.9540355162741448,0.3400656648131387,-0.07610140714447416,0.22045251668097288,201,-0.00036573351235810806,-0.0037288073465755467,0.4577114427860697,-0.06348051634247702,0.9493838736541713,53,"HISTORICAL UK RETAIL, ACCOUNT AND BROKER ELIGIBILITY REMAIN UNRESOLVED",3,0.0022149742028751197,0.008969438956112335,0.013053645713646762,,,1.0
INDUSTRY,ROLE_GROUP,ACCEL_FAST_COMPOSITE,21,4.513812154696133,50,0.16409309592707383,0.21904761904761905,0.64,1.7267639163648603,0.08421007135668715,-0.02216082974320538,0.35034702159735304,181,0.008203204590112303,-0.0024049030280621775,0.4972375690607735,0.7931408793009089,0.4276957479186758,40,"HISTORICAL UK RETAIL, ACCOUNT AND BROKER ELIGIBILITY REMAIN UNRESOLVED",3,-0.010395042804584698,0.02499159447002928,0.03190033585955657,,,1.0
INDUSTRY,ROLE_GROUP,ACCEL_FAST_COMPOSITE,42,4.098039215686274,28,0.1443784223672744,0.17261904761904756,0.6071428571428571,1.2302812642274248,0.21859179781909321,-0.08563118292592636,0.3743880276604752,153,0.03380894203862754,0.019446493321657154,0.5686274509803921,2.2467256984119968,0.02465756284056222,22,"HISTORICAL UK RETAIL, ACCOUNT AND BROKER ELIGIBILITY REMAIN UNRESOLVED",3,-0.01778781781656537,0.024684586202326973,0.04192938311985511,,,1.0
INDUSTRY,ROLE_GROUP,ACCEL_FAST_COMPOSITE,63,3.5725806451612905,8,-0.03068691643983601,-0.008333333333333345,0.5,-0.35984667392339426,0.7189617972203526,-0.19782824461415913,0.1364544117344871,124,0.003187118865540681,-0.0037632523773520332,0.49193548387096775,0.13902689693072112,0.8894288947643372,6,"HISTORICAL UK RETAIL, ACCOUNT AND BROKER ELIGIBILITY REMAIN UNRESOLVED",3,0.024203034222424077,0.011577864441601268,0.04954688658566562,,,0.5
INDUSTRY,ROLE_GROUP,ACCEL_FAST_COMPOSITE,126,3.198019801980198,0,,,,,,,,101,0.02785749206704205,0.024203302046515995,0.5346534653465347,1.4847498296140493,0.13761010648827757,0,"HISTORICAL UK RETAIL, ACCOUNT AND BROKER ELIGIBILITY REMAIN UNRESOLVED",0,,,,,,
INDUSTRY,ROLE_GROUP,DISCRETE_RECENT_CONSISTENCY,5,5.3887043189368775,144,-0.0035052910052910022,0.016666666666666673,0.5,-0.08947683996226548,0.928702958777506,-0.0802876642831125,0.0732770822725305,301,0.0002675987885513039,-0.004448369150480858,0.4584717607973422,0.10318449960654952,0.9178165417638248,127,"HISTORICAL UK RETAIL, ACCOUNT AND BROKER ELIGIBILITY REMAIN UNRESOLVED",3,0.0009384655822208161,0.0009208501389821326,0.003281202664024665,,,0.5
INDUSTRY,ROLE_GROUP,DISCRETE_RECENT_CONSISTENCY,10,5.3052631578947365,130,0.03265567765567765,0.008333333333333373,0.5076923076923077,0.7208091300281331,0.47102695730082556,-0.05613891363006191,0.12145026894141722,285,0.0027646434957512875,-0.0029978786026236826,0.45964912280701753,0.6163744753599922,0.5376473955327727,114,"HISTORICAL UK RETAIL, ACCOUNT AND BROKER ELIGIBILITY REMAIN UNRESOLVED",3,-0.0006125444985337219,0.0012158252728966185,0.006821302520831918,,,1.0
INDUSTRY,ROLE_GROUP,DISCRETE_RECENT_CONSISTENCY,21,5.146825396825397,105,0.017687074829931964,0.03333333333333332,0.5047619047619047,0.2479800266107772,0.8041498606803961,-0.12210656150571704,0.15748071116558096,252,0.008754718431724227,-0.0042266888424893345,0.4801587301587302,0.8825500041589361,0.37747945132299443,89,"HISTORICAL UK RETAIL, ACCOUNT AND BROKER ELIGIBILITY REMAIN UNRESOLVED",3,-0.0032196640343336285,0.0025657957952243183,0.010566473057251625,,,1.0
INDUSTRY,ROLE_GROUP,DISCRETE_RECENT_CONSISTENCY,42,4.894977168949771,80,-0.0426190476190476,-0.011904761904761904,0.4875,-0.4153870928700115,0.6778585538157432,-0.24371291842660958,0.15847482318851436,219,0.023527396340897226,-0.0015943854799000956,0.4931506849315068,1.2655652552230303,0.20566877196009226,64,"HISTORICAL UK RETAIL, ACCOUNT AND BROKER ELIGIBILITY REMAIN UNRESOLVED",3,-0.0032386292047196738,0.0018232301244538954,-0.00645815588632074,,,0.5
INDUSTRY,ROLE_GROUP,DISCRETE_RECENT_CONSISTENCY,63,4.586021505376344,55,-0.06103896103896104,-0.09523809523809523,0.45454545454545453,-0.489346789441271,0.6245962007356152,-0.3055162272057703,0.18343830512784826,186,0.019756379638744614,0.0010806545627919384,0.510752688172043,0.7400802547627706,0.45925129890563254,43,"HISTORICAL UK RETAIL, ACCOUNT AND BROKER ELIGIBILITY REMAIN UNRESOLVED",3,0.03320454582582788,0.01868241384064421,-0.023701344243525678,,,0.0
INDUSTRY,ROLE_GROUP,DISCRETE_RECENT_CONSISTENCY,126,3.2660550458715596,0,,,,,,,,109,0.03736178084799051,0.055059346828575384,0.5963302752293578,1.2899736770504469,0.19705979770104953,0,"HISTORICAL UK RETAIL, ACCOUNT AND BROKER ELIGIBILITY REMAIN UNRESOLVED",0,,,,,,
INDUSTRY,ROLE_GROUP,MH_LEVEL_3_6_12_REFERENCE,5,3.1578947368421053,0,,,,,,,,95,0.0011191314744189633,-0.007353750604454423,0.43157894736842106,0.2009517513437245,0.8407363012544586,0,"HISTORICAL UK RETAIL, ACCOUNT AND BROKER ELIGIBILITY REMAIN UNRESOLVED",0,,,,,,
INDUSTRY,ROLE_GROUP,MH_LEVEL_3_6_12_REFERENCE,10,3.148936170212766,0,,,,,,,,94,0.001788978955863273,0.003418278063337943,0.5106382978723404,0.19208759082028684,0.8476735950036268,0,"HISTORICAL UK RETAIL, ACCOUNT AND BROKER ELIGIBILITY REMAIN UNRESOLVED",0,,,,,,
INDUSTRY,ROLE_GROUP,MH_LEVEL_3_6_12_REFERENCE,21,3.131868131868132,0,,,,,,,,91,0.006896183265355661,0.0096708430671959,0.5274725274725275,0.4664976866509605,0.6408593030686277,0,"HISTORICAL UK RETAIL, ACCOUNT AND BROKER ELIGIBILITY REMAIN UNRESOLVED",0,,,,,,
INDUSTRY,ROLE_GROUP,MH_LEVEL_3_6_12_REFERENCE,42,3.0804597701149423,0,,,,,,,,87,0.020370259360734624,0.0030954957025615126,0.5057471264367817,0.7306114774379832,0.4650164995024666,0,"HISTORICAL UK RETAIL, ACCOUNT AND BROKER ELIGIBILITY REMAIN UNRESOLVED",0,,,,,,
INDUSTRY,ROLE_GROUP,MH_LEVEL_3_6_12_REFERENCE,63,3.036144578313253,0,,,,,,,,83,-0.0010553165848697131,-0.011048501789824638,0.46987951807228917,-0.02011297042577276,0.9839532533353135,0,"HISTORICAL UK RETAIL, ACCOUNT AND BROKER ELIGIBILITY REMAIN UNRESOLVED",0,,,,,,
INDUSTRY,ROLE_GROUP,MH_LEVEL_3_6_12_REFERENCE,126,3.0,0,,,,,,,,68,-0.060587587294042206,-0.0634187204350905,0.45588235294117646,-1.576367749008838,0.11494107645009269,0,"HISTORICAL UK RETAIL, ACCOUNT AND BROKER ELIGIBILITY REMAIN UNRESOLVED",0,,,,,,
INDUSTRY,ROLE_GROUP,MH_LEVEL_60D_CENTERED,5,3.1578947368421053,0,,,,,,,,95,0.0034864950707267396,-0.004298809661153591,0.45263157894736844,0.6195720391651511,0.5355395799979341,0,"HISTORICAL UK RETAIL, ACCOUNT AND BROKER ELIGIBILITY REMAIN UNRESOLVED",0,,,,,,
INDUSTRY,ROLE_GROUP,MH_LEVEL_60D_CENTERED,10,3.148936170212766,0,,,,,,,,94,0.010554041979345551,0.006937719707397316,0.5319148936170213,1.170144368694527,0.24194287587568608,0,"HISTORICAL UK RETAIL, ACCOUNT AND BROKER ELIGIBILITY REMAIN UNRESOLVED",0,,,,,,
INDUSTRY,ROLE_GROUP,MH_LEVEL_60D_CENTERED,21,3.131868131868132,0,,,,,,,,91,0.026404240405441985,0.02100150121207811,0.5934065934065934,1.7000423056610536,0.08912296818645613,0,"HISTORICAL UK RETAIL, ACCOUNT AND BROKER ELIGIBILITY REMAIN UNRESOLVED",0,,,,,,
INDUSTRY,ROLE_GROUP,MH_LEVEL_60D_CENTERED,42,3.0804597701149423,0,,,,,,,,87,0.04683611729320343,0.075295788237838,0.5862068965517241,1.7384767737783275,0.08212683916965953,0,"HISTORICAL UK RETAIL, ACCOUNT AND BROKER ELIGIBILITY REMAIN UNRESOLVED",0,,,,,,
INDUSTRY,ROLE_GROUP,MH_LEVEL_60D_CENTERED,63,3.036144578313253,0,,,,,,,,83,0.04225538774319541,0.024898724568487962,0.6144578313253012,0.8896415922129088,0.37365836555035037,0,"HISTORICAL UK RETAIL, ACCOUNT AND BROKER ELIGIBILITY REMAIN UNRESOLVED",0,,,,,,
INDUSTRY,ROLE_GROUP,MH_LEVEL_60D_CENTERED,126,3.0,0,,,,,,,,68,0.022183327684098482,0.031130182979028254,0.5588235294117647,0.5894961783548649,0.5555284750315489,0,"HISTORICAL UK RETAIL, ACCOUNT AND BROKER ELIGIBILITY REMAIN UNRESOLVED",0,,,,,,
INDUSTRY,ROLE_GROUP,MH_LEVEL_EQ,5,3.1578947368421053,0,,,,,,,,95,0.0024235545974773433,-0.0034084460518527537,0.4631578947368421,0.4352050926266913,0.6634135663988863,0,"HISTORICAL UK RETAIL, ACCOUNT AND BROKER ELIGIBILITY REMAIN UNRESOLVED",0,,,,,,
INDUSTRY,ROLE_GROUP,MH_LEVEL_EQ,10,3.148936170212766,0,,,,,,,,94,0.008042933520884954,0.003418278063337943,0.5106382978723404,0.8964238110420492,0.370026454879098,0,"HISTORICAL UK RETAIL, ACCOUNT AND BROKER ELIGIBILITY REMAIN UNRESOLVED",0,,,,,,
INDUSTRY,ROLE_GROUP,MH_LEVEL_EQ,21,3.131868131868132,0,,,,,,,,91,0.02269504677124776,0.02100150121207811,0.5824175824175825,1.3362731356543482,0.18146001390246724,0,"HISTORICAL UK RETAIL, ACCOUNT AND BROKER ELIGIBILITY REMAIN UNRESOLVED",0,,,,,,
INDUSTRY,ROLE_GROUP,MH_LEVEL_EQ,42,3.0804597701149423,0,,,,,,,,87,0.04005847052088603,0.06211757629999126,0.5747126436781609,1.3697736364411435,0.17075757411187342,0,"HISTORICAL UK RETAIL, ACCOUNT AND BROKER ELIGIBILITY REMAIN UNRESOLVED",0,,,,,,
INDUSTRY,ROLE_GROUP,MH_LEVEL_EQ,63,3.036144578313253,0,,,,,,,,83,0.034625084633798375,0.01694966211394111,0.5662650602409639,0.6503024435548221,0.5154968789992393,0,"HISTORICAL UK RETAIL, ACCOUNT AND BROKER ELIGIBILITY REMAIN UNRESOLVED",0,,,,,,
INDUSTRY,ROLE_GROUP,MH_LEVEL_EQ,126,3.0,0,,,,,,,,68,-0.01129265208510973,-0.004212003414138632,0.4852941176470588,-0.235335064895428,0.8139486813823513,0,"HISTORICAL UK RETAIL, ACCOUNT AND BROKER ELIGIBILITY REMAIN UNRESOLVED",0,,,,,,
INDUSTRY,ROLE_GROUP,MH_LEVEL_RECENCY_TILT,5,3.1578947368421053,0,,,,,,,,95,0.004613934992902371,0.004176336316363383,0.5052631578947369,0.8703002031623092,0.38413636794755524,0,"HISTORICAL UK RETAIL, ACCOUNT AND BROKER ELIGIBILITY REMAIN UNRESOLVED",0,,,,,,
INDUSTRY,ROLE_GROUP,MH_LEVEL_RECENCY_TILT,10,3.148936170212766,0,,,,,,,,94,0.0068887564354389984,0.004939630481991308,0.5212765957446809,0.8047185413613798,0.4209821175495774,0,"HISTORICAL UK RETAIL, ACCOUNT AND BROKER ELIGIBILITY REMAIN UNRESOLVED",0,,,,,,
INDUSTRY,ROLE_GROUP,MH_LEVEL_RECENCY_TILT,21,3.131868131868132,0,,,,,,,,91,0.020464923384582976,0.013053497787435697,0.5494505494505495,1.2118328356452774,0.22557637630494543,0,"HISTORICAL UK RETAIL, ACCOUNT AND BROKER ELIGIBILITY REMAIN UNRESOLVED",0,,,,,,
INDUSTRY,ROLE_GROUP,MH_LEVEL_RECENCY_TILT,42,3.0804597701149423,0,,,,,,,,87,0.051889042178095604,0.07170979061861105,0.632183908045977,2.2683897814670235,0.0233054600403572,0,"HISTORICAL UK RETAIL, ACCOUNT AND BROKER ELIGIBILITY REMAIN UNRESOLVED",0,,,,,,
INDUSTRY,ROLE_GROUP,MH_LEVEL_RECENCY_TILT,63,3.036144578313253,0,,,,,,,,83,0.03824668404254842,0.03279056727580443,0.6144578313253012,0.80834361933539,0.4188927987861176,0,"HISTORICAL UK RETAIL, ACCOUNT AND BROKER ELIGIBILITY REMAIN UNRESOLVED",0,,,,,,
INDUSTRY,ROLE_GROUP,MH_LEVEL_RECENCY_TILT,126,3.0,0,,,,,,,,68,0.040572900889152504,0.04080635253407727,0.6029411764705882,1.004650775900111,0.31506503837397826,0,"HISTORICAL UK RETAIL, ACCOUNT AND BROKER ELIGIBILITY REMAIN UNRESOLVED",0,,,,,,
INDUSTRY,ROLE_GROUP,PAIRWISE_MAJORITY_5H,5,3.1578947368421053,0,,,,,,,,95,0.0006920070102384426,-0.004686833351045472,0.45263157894736844,0.12421490449683684,0.9011451215509767,0,"HISTORICAL UK RETAIL, ACCOUNT AND BROKER ELIGIBILITY REMAIN UNRESOLVED",0,,,,,,
INDUSTRY,ROLE_GROUP,PAIRWISE_MAJORITY_5H,10,3.148936170212766,0,,,,,,,,94,0.004033787985959682,-0.002122188749828502,0.4787234042553192,0.46025979792033117,0.6453297537425853,0,"HISTORICAL UK RETAIL, ACCOUNT AND BROKER ELIGIBILITY REMAIN UNRESOLVED",0,,,,,,
INDUSTRY,ROLE_GROUP,PAIRWISE_MAJORITY_5H,21,3.131868131868132,0,,,,,,,,91,0.015207714004518405,0.0077157362183235545,0.5274725274725275,0.894054939356146,0.37129249699663514,0,"HISTORICAL UK RETAIL, ACCOUNT AND BROKER ELIGIBILITY REMAIN UNRESOLVED",0,,,,,,
INDUSTRY,ROLE_GROUP,PAIRWISE_MAJORITY_5H,42,3.0804597701149423,0,,,,,,,,87,0.030739085373541628,0.053693053581028494,0.5632183908045977,1.0096804875087517,0.3126483938784953,0,"HISTORICAL UK RETAIL, ACCOUNT AND BROKER ELIGIBILITY REMAIN UNRESOLVED",0,,,,,,
INDUSTRY,ROLE_GROUP,PAIRWISE_MAJORITY_5H,63,3.036144578313253,0,,,,,,,,83,0.0362348682787998,0.0213595688179542,0.5783132530120482,0.6908825727839693,0.4896393387365151,0,"HISTORICAL UK RETAIL, ACCOUNT AND BROKER ELIGIBILITY REMAIN UNRESOLVED",0,,,,,,
INDUSTRY,ROLE_GROUP,PAIRWISE_MAJORITY_5H,126,3.0,0,,,,,,,,68,0.0025096857361915996,0.010830427129180809,0.5147058823529411,0.05353929795002027,0.9573022202974091,0,"HISTORICAL UK RETAIL, ACCOUNT AND BROKER ELIGIBILITY REMAIN UNRESOLVED",0,,,,,,
INDUSTRY,ROLE_GROUP,RRG_TRANSPARENT_LEVEL,5,4.425287356321839,45,-0.08997400471246571,-0.10844160586017297,0.4222222222222222,-1.4807447688384008,0.1386745992728226,-0.2090666481527041,0.02911863872777269,174,0.004735788885512642,-0.0021531924617405607,0.47126436781609193,1.0772504337783928,0.28136839945953196,35,"HISTORICAL UK RETAIL, ACCOUNT AND BROKER ELIGIBILITY REMAIN UNRESOLVED",3,0.00789315245082548,-0.0008590685935109855,0.002432096872845939,,,0.5
INDUSTRY,ROLE_GROUP,RRG_TRANSPARENT_LEVEL,10,4.303030303030303,37,-0.11555454845391776,-0.09999999999999999,0.3783783783783784,-1.4588516881472275,0.1446059326442076,-0.27080182619954335,0.03969272929170782,165,0.010373040182152212,0.006934680880802624,0.5212121212121212,1.3139161409516171,0.18887442626656092,30,"HISTORICAL UK RETAIL, ACCOUNT AND BROKER ELIGIBILITY REMAIN UNRESOLVED",3,0.0149789441819707,0.0087782729584292,0.0024589642204160323,,,0.0
INDUSTRY,ROLE_GROUP,RRG_TRANSPARENT_LEVEL,21,4.020408163265306,24,-0.1979136984090056,-0.28025670005648273,0.25,-1.7177078561014236,0.08584991568876306,-0.42374006320725166,0.02791266638924042,147,0.023050141336814198,0.017971689384553846,0.564625850340136,1.5714983861048444,0.1160669289926183,19,"HISTORICAL UK RETAIL, ACCOUNT AND BROKER ELIGIBILITY REMAIN UNRESOLVED",3,0.037991178133769295,0.013762317007566202,0.01181660556296436,,,0.0
INDUSTRY,ROLE_GROUP,RRG_TRANSPARENT_LEVEL,42,3.4453781512605044,4,-0.4159500532099739,-0.5720702501749435,0.25,-4.538688092079384,5.660529135075246e-06,-0.5955718089066879,-0.23632829751325993,119,0.05224093859602196,0.03970104687066489,0.5630252100840336,1.8688657688324404,0.0616414918322884,3,"HISTORICAL UK RETAIL, ACCOUNT AND BROKER ELIGIBILITY REMAIN UNRESOLVED",3,0.0644794243007353,0.013664059020913935,-0.04006031062570462,,,0.0
INDUSTRY,ROLE_GROUP,RRG_TRANSPARENT_LEVEL,63,3.2660550458715596,0,,,,,,,,109,0.03810748168098607,0.00996094237541123,0.5321100917431193,0.8886067550444124,0.37421445941879694,0,"HISTORICAL UK RETAIL, ACCOUNT AND BROKER ELIGIBILITY REMAIN UNRESOLVED",0,,,,,,
INDUSTRY,ROLE_GROUP,RRG_TRANSPARENT_LEVEL,126,3.1666666666666665,0,,,,,,,,96,0.0016218922307219968,0.0035331146411141656,0.5,0.04041023466037608,0.9677660708362957,0,"HISTORICAL UK RETAIL, ACCOUNT AND BROKER ELIGIBILITY REMAIN UNRESOLVED",0,,,,,,
INDUSTRY,ROLE_GROUP,RRG_TRANSPARENT_MOMENTUM,5,3.9930555555555554,23,-0.10586484152970671,-0.08383383833392813,0.43478260869565216,-0.8167709281478608,0.4140593489613471,-0.35990336013587215,0.14817367707645873,144,-0.0049114449177030135,-0.005930061345147453,0.4305555555555556,-1.1291397141988522,0.25883890026680934,18,"HISTORICAL UK RETAIL, ACCOUNT AND BROKER ELIGIBILITY REMAIN UNRESOLVED",3,0.007700978162000264,-0.00023436967809695175,0.004628718414287205,,,0.5
INDUSTRY,ROLE_GROUP,RRG_TRANSPARENT_MOMENTUM,10,3.8296296296296295,16,-0.05847840234978034,0.04379544579401193,0.5,-0.38338212577619196,0.7014364543451638,-0.35743746896500744,0.24048066426544673,135,-0.006339506257502675,-0.00707024254640698,0.4444444444444444,-0.9001100750322826,0.3680616749102191,13,"HISTORICAL UK RETAIL, ACCOUNT AND BROKER ELIGIBILITY REMAIN UNRESOLVED",3,0.014476540055923338,0.011504030170441536,0.003032348899594833,,,0.0
INDUSTRY,ROLE_GROUP,RRG_TRANSPARENT_MOMENTUM,21,3.4491525423728815,4,0.2516575997405263,0.2718575757147956,0.75,1.3754317750883247,0.16899762356572678,-0.10694966879924128,0.6102648682802939,118,-0.003418326182303991,-0.01474986810422757,0.423728813559322,-0.299622869137383,0.7644648381207335,3,"HISTORICAL UK RETAIL, ACCOUNT AND BROKER ELIGIBILITY REMAIN UNRESOLVED",3,-0.002038878175989712,0.03213305173797493,-0.003874409941109129,,,0.5
INDUSTRY,ROLE_GROUP,RRG_TRANSPARENT_MOMENTUM,42,3.259259259259259,0,,,,,,,,108,0.00989973965735005,0.013728889347688567,0.5277777777777778,0.7608452527869436,0.4467495017155958,0,"HISTORICAL UK RETAIL, ACCOUNT AND BROKER ELIGIBILITY REMAIN UNRESOLVED",0,,,,,,
INDUSTRY,ROLE_GROUP,RRG_TRANSPARENT_MOMENTUM,63,3.230769230769231,0,,,,,,,,104,-0.008982603077954879,0.0005490435383723735,0.5192307692307693,-0.5107675612881343,0.6095138261140199,0,"HISTORICAL UK RETAIL, ACCOUNT AND BROKER ELIGIBILITY REMAIN UNRESOLVED",0,,,,,,
INDUSTRY,ROLE_GROUP,RRG_TRANSPARENT_MOMENTUM,126,3.120879120879121,0,,,,,,,,91,0.015232799430643235,-0.0022701472270685308,0.4835164835164835,0.6797793585664111,0.49664417841312813,0,"HISTORICAL UK RETAIL, ACCOUNT AND BROKER ELIGIBILITY REMAIN UNRESOLVED",0,,,,,,
INDUSTRY,ROLE_GROUP,RS_126,5,4.425287356321839,45,-0.05888888888888888,-0.047619047619047616,0.4444444444444444,-0.8767016107637469,0.3806487316456134,-0.19054155143076998,0.07276377365299222,174,0.006417426020677292,-0.00040902693213895613,0.4885057471264368,1.4407142786134932,0.14966541932225444,35,"HISTORICAL UK RETAIL, ACCOUNT AND BROKER ELIGIBILITY REMAIN UNRESOLVED",3,0.005710117568100488,0.0015302208895939177,0.0027608576775477074,,,0.5
INDUSTRY,ROLE_GROUP,RS_126,10,4.303030303030303,37,-0.12644787644787642,-0.10000000000000002,0.3783783783783784,-1.5365046292988187,0.12441466328753323,-0.2877446789654885,0.034848926069735664,165,0.011376177107187763,0.00907275726071921,0.5636363636363636,1.5358336585563885,0.12457918234042865,30,"HISTORICAL UK RETAIL, ACCOUNT AND BROKER ELIGIBILITY REMAIN UNRESOLVED",3,0.011687700258938416,0.00785956693861675,0.007389811940220755,,,0.0
INDUSTRY,ROLE_GROUP,RS_126,21,4.020408163265306,24,-0.22331349206349202,-0.3571428571428571,0.2916666666666667,-1.7129238542341665,0.086726549136971,-0.47883354955139557,0.032206565424411554,147,0.020166567597636315,0.013707618710758762,0.5510204081632653,1.5683371974200662,0.1168024592830676,19,"HISTORICAL UK RETAIL, ACCOUNT AND BROKER ELIGIBILITY REMAIN UNRESOLVED",3,0.03199094775777213,0.025612954884072236,0.005726872637144033,,,0.0
INDUSTRY,ROLE_GROUP,RS_126,42,3.4453781512605044,4,-0.4654761904761905,-0.6095238095238096,0.25,-6.998130626259981,2.5940019111441774e-12,-0.595841943520416,-0.335110437431965,119,0.028921594833724782,0.0040802516969258296,0.5126050420168067,0.9597778017304424,0.3371670567351094,3,"HISTORICAL UK RETAIL, ACCOUNT AND BROKER ELIGIBILITY REMAIN UNRESOLVED",3,0.0768297827618538,0.008009243211462987,-0.04169465933155613,,,0.0
INDUSTRY,ROLE_GROUP,RS_126,63,3.2660550458715596,0,,,,,,,,109,0.025435159989135234,0.00019469985023823355,0.5045871559633027,0.6225666859230177,0.533569308948286,0,"HISTORICAL UK RETAIL, ACCOUNT AND BROKER ELIGIBILITY REMAIN UNRESOLVED",0,,,,,,
INDUSTRY,ROLE_GROUP,RS_126,126,3.1666666666666665,0,,,,,,,,96,-0.04208968180806081,-0.09768409874267259,0.4166666666666667,-0.8776747637278862,0.38012024350838547,0,"HISTORICAL UK RETAIL, ACCOUNT AND BROKER ELIGIBILITY REMAIN UNRESOLVED",0,,,,,,
INDUSTRY,ROLE_GROUP,RS_21,5,6.002092050209205,310,-0.015376344086021503,-0.023809523809523808,0.4806451612903226,-0.5587142134026754,0.5763567774867264,-0.06931640843297462,0.03856372026093161,478,-0.00032002185471957445,-0.0015077458897154172,0.48535564853556484,-0.169068509353888,0.8657427542166991,274,"HISTORICAL UK RETAIL, ACCOUNT AND BROKER ELIGIBILITY REMAIN UNRESOLVED",3,0.0035145003064393776,0.003700883053069957,0.002967003661558464,,,0.5
INDUSTRY,ROLE_GROUP,RS_21,10,5.938325991189427,287,0.010593993695038991,-0.02857142857142858,0.47038327526132406,0.327842753892048,0.7430305592672815,-0.052740778381570486,0.07392876577164847,454,-0.0013758304637771503,-0.002314564448206713,0.460352422907489,-0.41878203629853167,0.6753754344430831,253,"HISTORICAL UK RETAIL, ACCOUNT AND BROKER ELIGIBILITY REMAIN UNRESOLVED",3,0.005589448114800927,0.006924851522308705,0.00557073753315884,,,0.5
INDUSTRY,ROLE_GROUP,RS_21,21,5.769035532994923,231,-0.02361368789940219,-0.01666666666666663,0.47186147186147187,-0.5474837266369152,0.5840464475462823,-0.10814949339137299,0.06092211759256862,394,0.004213272571455796,-0.006285839561470663,0.4593908629441624,0.6343209365931215,0.5258713956912482,203,"HISTORICAL UK RETAIL, ACCOUNT AND BROKER ELIGIBILITY REMAIN UNRESOLVED",3,0.011616978515064444,0.012381563829196408,0.012732942805218452,,,1.0
INDUSTRY,ROLE_GROUP,RS_21,42,5.425324675324675,151,-0.009760327972248494,0.0,0.4768211920529801,-0.15847508981686445,0.8740824480553179,-0.13047261988520856,0.11095196394071158,308,0.01594857208643336,-0.0016296426992065682,0.5,1.368515256411452,0.1711508498263664,133,"HISTORICAL UK RETAIL, ACCOUNT AND BROKER ELIGIBILITY REMAIN UNRESOLVED",3,0.01216455089808868,0.0038252312551286163,0.01557842739769543,,,0.5
INDUSTRY,ROLE_GROUP,RS_21,63,5.145669291338582,106,0.007367475292003586,-0.04166666666666667,0.49056603773584906,0.0964009921391576,0.9232021041821579,-0.14242337134649585,0.15715832193050305,254,0.009602447936702643,0.009575830957848863,0.5393700787401575,0.5973940669069925,0.5502443140146964,90,"HISTORICAL UK RETAIL, ACCOUNT AND BROKER ELIGIBILITY REMAIN UNRESOLVED",3,0.012579936959168626,-0.004435890837276831,0.017895528476589317,,,0.5
INDUSTRY,ROLE_GROUP,RS_21,126,4.013513513513513,24,-0.06498015873015872,-0.023809523809523808,0.4583333333333333,-1.4367912503267213,0.1507773173084263,-0.1536212684194376,0.02366095095912016,148,0.0226942007442577,0.019502629561883533,0.5405405405405406,1.180103412058185,0.23795908773087726,19,"HISTORICAL UK RETAIL, ACCOUNT AND BROKER ELIGIBILITY REMAIN UNRESOLVED",3,0.09974102135399095,0.04030642170776565,0.08935165472361899,,,0.5
INDUSTRY,ROLE_GROUP,RS_252,5,3.1578947368421053,0,,,,,,,,95,-0.0059724677265848855,-0.012087618272296763,0.42105263157894735,-1.0621759677060016,0.2881558077349302,0,"HISTORICAL UK RETAIL, ACCOUNT AND BROKER ELIGIBILITY REMAIN UNRESOLVED",0,,,,,,
INDUSTRY,ROLE_GROUP,RS_252,10,3.148936170212766,0,,,,,,,,94,-0.012631846530310896,-0.008318583071830976,0.44680851063829785,-1.3456375057381513,0.17841944982976854,0,"HISTORICAL UK RETAIL, ACCOUNT AND BROKER ELIGIBILITY REMAIN UNRESOLVED",0,,,,,,
INDUSTRY,ROLE_GROUP,RS_252,21,3.131868131868132,0,,,,,,,,91,-0.015229901110195355,-0.02855210306729905,0.45054945054945056,-0.7687073713849025,0.4420670479271913,0,"HISTORICAL UK RETAIL, ACCOUNT AND BROKER ELIGIBILITY REMAIN UNRESOLVED",0,,,,,,
INDUSTRY,ROLE_GROUP,RS_252,42,3.0804597701149423,0,,,,,,,,87,-0.04784383319123942,-0.06438577866698669,0.3218390804597701,-1.5317237400051946,0.1255906215344318,0,"HISTORICAL UK RETAIL, ACCOUNT AND BROKER ELIGIBILITY REMAIN UNRESOLVED",0,,,,,,
INDUSTRY,ROLE_GROUP,RS_252,63,3.036144578313253,0,,,,,,,,83,-0.07044407068438877,-0.09372418217076928,0.26506024096385544,-1.7879836460937026,0.07377864634747501,0,"HISTORICAL UK RETAIL, ACCOUNT AND BROKER ELIGIBILITY REMAIN UNRESOLVED",0,,,,,,
INDUSTRY,ROLE_GROUP,RS_252,126,3.0,0,,,,,,,,68,-0.19342902830865907,-0.22917796443751398,0.11764705882352941,-4.270316455636122,1.9519580425693718e-05,0,"HISTORICAL UK RETAIL, ACCOUNT AND BROKER ELIGIBILITY REMAIN UNRESOLVED",0,,,,,,
INDUSTRY,ROLE_GROUP,RS_42,5,5.751937984496124,224,-0.009204931972789118,0.032142857142857154,0.5267857142857143,-0.27730307666270876,0.7815473973323819,-0.07426492107904799,0.055855057133469756,387,0.003332690641845488,0.00226421006326305,0.5297157622739018,1.398339478021784,0.16201114816956463,198,"HISTORICAL UK RETAIL, ACCOUNT AND BROKER ELIGIBILITY REMAIN UNRESOLVED",3,0.002935061897842748,0.0037123684299172205,0.002547928615518496,,,0.5
INDUSTRY,ROLE_GROUP,RS_42,10,5.672176308539945,202,0.03409948137670911,0.023809523809523808,0.5148514851485149,0.8292608307742776,0.40695682996568583,-0.04649489003167122,0.11469385278508944,363,0.006885341713738263,0.004476193797580352,0.5261707988980716,1.743709988955638,0.08120967268543784,178,"HISTORICAL UK RETAIL, ACCOUNT AND BROKER ELIGIBILITY REMAIN UNRESOLVED",3,0.0047395509153945695,0.004844857872433521,0.0069787277875221964,,,1.0
INDUSTRY,ROLE_GROUP,RS_42,21,5.419672131147541,148,0.025772200772200753,0.033333333333333326,0.5135135135135135,0.4095274900853525,0.6821525970527301,-0.0975713757611381,0.1491157773055396,305,0.014149745303636321,0.00019659584631281923,0.5016393442622951,1.711185522123379,0.08704687046380223,132,"HISTORICAL UK RETAIL, ACCOUNT AND BROKER ELIGIBILITY REMAIN UNRESOLVED",3,0.0012489924036384185,0.012023835530362119,0.014951568701442508,,,1.0
INDUSTRY,ROLE_GROUP,RS_42,42,5.158102766798419,106,0.0193845462713387,0.0,0.49056603773584906,0.2149301060597926,0.8298218121241734,-0.15738460554727418,0.1961536980899516,253,0.017866219818590778,0.003948786862283393,0.5177865612648221,1.192176691719267,0.23319197070206665,91,"HISTORICAL UK RETAIL, ACCOUNT AND BROKER ELIGIBILITY REMAIN UNRESOLVED",3,-0.012855037036898906,0.0035838426425945694,0.0030673467012294043,,,0.5
INDUSTRY,ROLE_GROUP,RS_42,63,4.894495412844036,79,-0.0410488245931284,0.0,0.4810126582278481,-0.37310557750939555,0.7090698676837435,-0.25668274340852776,0.17458509422227098,218,0.017908587036791216,0.009679702475775542,0.5412844036697247,0.9622550773731592,0.3359214886059786,64,"HISTORICAL UK RETAIL, ACCOUNT AND BROKER ELIGIBILITY REMAIN UNRESOLVED",3,0.008995789051907118,0.014975048077818841,-0.008116621736632796,,,0.5
INDUSTRY,ROLE_GROUP,RS_42,126,3.4453781512605044,4,-0.0005952380952380897,0.0654761904761905,0.75,-0.00842362911606117,0.9932789958667653,-0.13909198490338742,0.13790150871291124,119,0.02079516758278365,0.02299570519133165,0.5630252100840336,0.8366185702924105,0.40280700382665946,3,"HISTORICAL UK RETAIL, ACCOUNT AND BROKER ELIGIBILITY REMAIN UNRESOLVED",3,0.15956780266544668,0.07846151919272935,0.1323153099522892,,,0.5
INDUSTRY,ROLE_GROUP,RS_63,5,5.3887043189368775,144,0.01827050264550264,0.07142857142857142,0.5347222222222222,0.4451704865034472,0.6561965534730301,-0.0621695270741038,0.09871053236510907,301,2.8888612144870677e-05,-0.00409934160526515,0.4717607973421927,0.010517838479759655,0.9916081337891969,127,"HISTORICAL UK RETAIL, ACCOUNT AND BROKER ELIGIBILITY REMAIN UNRESOLVED",3,-0.0006312115867799748,0.0024244339883866127,0.003449787797455528,,,1.0
INDUSTRY,ROLE_GROUP,RS_63,10,5.3052631578947365,130,0.009377289377289372,-0.011904761904761934,0.49230769230769234,0.18711327824785828,0.8515718174868483,-0.0888474310925823,0.10760200984716105,285,0.0023381693289077988,-0.0031072523879343006,0.47368421052631576,0.4931352420577919,0.6219170309072558,114,"HISTORICAL UK RETAIL, ACCOUNT AND BROKER ELIGIBILITY REMAIN UNRESOLVED",3,-0.0007167325156287092,0.002047084753224557,0.006056359555577462,,,1.0
INDUSTRY,ROLE_GROUP,RS_63,21,5.146825396825397,105,0.03149659863945579,0.047619047619047616,0.5238095238095238,0.38768819719106173,0.6982467912672818,-0.12773496790324076,0.19072816518215233,252,0.011735585563798544,-0.0038893686352326484,0.4880952380952381,1.1868640301824809,0.23528125743476103,89,"HISTORICAL UK RETAIL, ACCOUNT AND BROKER ELIGIBILITY REMAIN UNRESOLVED",3,-0.004936178426343805,0.00096834288909397,0.014588246742110445,,,1.0
INDUSTRY,ROLE_GROUP,RS_63,42,4.894977168949771,80,-0.030029761904761886,-0.07142857142857142,0.45,-0.2639620826081251,0.7918091364762307,-0.2530059227839931,0.19294639897446933,219,0.024913601591851395,-0.005294781669939019,0.4748858447488584,1.2417046680333184,0.21434554702860076,64,"HISTORICAL UK RETAIL, ACCOUNT AND BROKER ELIGIBILITY REMAIN UNRESOLVED",3,-0.005368713045847976,-0.004577343752141775,0.003182196014267491,,,1.0
INDUSTRY,ROLE_GROUP,RS_63,63,4.586021505376344,55,-0.06238095238095237,-0.14285714285714285,0.41818181818181815,-0.4423749704595322,0.6582178880789498,-0.3387628187893715,0.21400091402746674,186,0.025453945873803313,0.0020866883334995645,0.5161290322580645,0.9757839598914989,0.3291715351175356,43,"HISTORICAL UK RETAIL, ACCOUNT AND BROKER ELIGIBILITY REMAIN UNRESOLVED",3,0.03403219745065485,0.018693801682472304,-0.025385453642891034,,,0.0
INDUSTRY,ROLE_GROUP,RS_63,126,3.2660550458715596,0,,,,,,,,109,0.022826615793848457,0.03926466076672486,0.5321100917431193,0.8280862305740634,0.40762166692236323,0,"HISTORICAL UK RETAIL, ACCOUNT AND BROKER ELIGIBILITY REMAIN UNRESOLVED",0,,,,,,
INDUSTRY,ROLE_GROUP,SHORT_MINUS_LONG_RS,5,3.1578947368421053,0,,,,,,,,95,0.006815962464986135,0.006213009682891624,0.5578947368421052,1.231568198163666,0.21811042661302382,0,"HISTORICAL UK RETAIL, ACCOUNT AND BROKER ELIGIBILITY REMAIN UNRESOLVED",0,,,,,,
INDUSTRY,ROLE_GROUP,SHORT_MINUS_LONG_RS,10,3.148936170212766,0,,,,,,,,94,0.010369968139863869,0.0005303192338816376,0.5,1.2780247016140498,0.20124071672374322,0,"HISTORICAL UK RETAIL, ACCOUNT AND BROKER ELIGIBILITY REMAIN UNRESOLVED",0,,,,,,
INDUSTRY,ROLE_GROUP,SHORT_MINUS_LONG_RS,21,3.131868131868132,0,,,,,,,,91,0.017908111904635385,0.0013619347417712646,0.5164835164835165,1.046387588722102,0.2953821206337539,0,"HISTORICAL UK RETAIL, ACCOUNT AND BROKER ELIGIBILITY REMAIN UNRESOLVED",0,,,,,,
INDUSTRY,ROLE_GROUP,SHORT_MINUS_LONG_RS,42,3.0804597701149423,0,,,,,,,,87,0.0640979575711171,0.06805454908374009,0.6781609195402298,2.167461229003196,0.0301997029097685,0,"HISTORICAL UK RETAIL, ACCOUNT AND BROKER ELIGIBILITY REMAIN UNRESOLVED",0,,,,,,
INDUSTRY,ROLE_GROUP,SHORT_MINUS_LONG_RS,63,3.036144578313253,0,,,,,,,,83,0.09132760413398384,0.10879820822527031,0.7108433734939759,2.201429241674664,0.027705650784673092,0,"HISTORICAL UK RETAIL, ACCOUNT AND BROKER ELIGIBILITY REMAIN UNRESOLVED",0,,,,,,
INDUSTRY,ROLE_GROUP,SHORT_MINUS_LONG_RS,126,3.0,0,,,,,,,,68,0.23613362862924117,0.24781539377678274,0.7352941176470589,2.740314409015589,0.006138043633539705,0,"HISTORICAL UK RETAIL, ACCOUNT AND BROKER ELIGIBILITY REMAIN UNRESOLVED",0,,,,,,
SECTOR,ROLE_GROUP,ACCEL_FAST_COMPOSITE,5,12.195121951219512,242,-0.019915711537825443,0.0041292041292041014,0.5041322314049587,-0.7389786951527134,0.4599199343492172,-0.07273736606815004,0.032905942992499146,287,0.0009127764303877525,0.0003763108287959671,0.5121951219512195,0.7130255953573775,0.4758299189163333,204,"HISTORICAL UK RETAIL, ACCOUNT AND BROKER ELIGIBILITY REMAIN UNRESOLVED",5,0.00326290512550575,0.0032881218405789382,0.002966849076422237,0.003255519620175312,0.003032362955505781,0.5
SECTOR,ROLE_GROUP,ACCEL_FAST_COMPOSITE,10,11.873646209386282,230,0.011976725523725345,0.02402285002625275,0.5217391304347826,0.3674148944776133,0.7133095631535289,-0.05191276570824639,0.07586621675569709,277,0.0017887976694521209,0.0005368973070627447,0.516245487364621,0.8434320652502891,0.3989868449637145,194,"HISTORICAL UK RETAIL, ACCOUNT AND BROKER ELIGIBILITY REMAIN UNRESOLVED",5,0.005094246749241549,0.006449468710411047,0.006033114951660297,0.005956084682486236,0.0062753740850205394,0.5
SECTOR,ROLE_GROUP,ACCEL_FAST_COMPOSITE,21,11.101167315175097,206,0.06407522927856285,0.06443441896262074,0.558252427184466,1.6056901950867515,0.1083419966771169,-0.014137331320864935,0.14228778987799062,257,0.005344679226162356,0.0012752865998282292,0.5175097276264592,1.4396166484153936,0.14997588681093937,174,"HISTORICAL UK RETAIL, ACCOUNT AND BROKER ELIGIBILITY REMAIN UNRESOLVED",5,0.00900141496872049,0.009251132434934832,0.010317440115943323,0.010737110332939613,0.015293933434744306,1.0
SECTOR,ROLE_GROUP,ACCEL_FAST_COMPOSITE,42,9.860262008733624,169,0.08198365666614534,0.0875658085422932,0.5857988165680473,1.567345547615858,0.11703394436890391,-0.02053682111296684,0.1845041344452575,229,0.012127003308212257,0.007092031383905573,0.5502183406113537,1.7565466469705653,0.07899511380743435,146,"HISTORICAL UK RETAIL, ACCOUNT AND BROKER ELIGIBILITY REMAIN UNRESOLVED",5,0.018535013549440798,0.015415668046652902,0.020999554409715647,0.02208066205265556,0.027108597614154326,0.75
SECTOR,ROLE_GROUP,ACCEL_FAST_COMPOSITE,63,8.51,133,0.08524210181871632,0.048951048951048994,0.5714285714285714,1.3140155011398447,0.18884098779531633,-0.041903620120068916,0.21238782375750154,200,0.0188401209493562,0.0029775859719599618,0.54,1.4183379603549735,0.15609211897543376,117,"HISTORICAL UK RETAIL, ACCOUNT AND BROKER ELIGIBILITY REMAIN UNRESOLVED",5,0.03569933619326029,0.027020629457366975,0.03733756087362289,0.03159014933729565,0.03521148238566803,0.5
SECTOR,ROLE_GROUP,ACCEL_FAST_COMPOSITE,126,7.03954802259887,98,0.009423658821502793,8.430756093247284e-17,0.5102040816326531,0.15854803213434962,0.8740249750912549,-0.1070712080279804,0.125918525670986,177,0.019977083124489467,-0.002231830579235372,0.4858757062146893,0.6911732334269521,0.48945668261358577,94,"HISTORICAL UK RETAIL, ACCOUNT AND BROKER ELIGIBILITY REMAIN UNRESOLVED",5,0.08928386651888337,0.0819599433358787,0.08772989950259653,0.0750404991747226,0.073478251927537,0.25
SECTOR,ROLE_GROUP,DISCRETE_RECENT_CONSISTENCY,5,14.38888888888889,351,-0.002797732612670144,-0.033333333333333305,0.46153846153846156,-0.13070521325573278,0.8960085081467662,-0.04475057460435041,0.03915510937901013,378,0.0005046361411751825,-0.00024330817941131677,0.48148148148148145,0.4717626835678721,0.6370961893127447,295,"HISTORICAL UK RETAIL, ACCOUNT AND BROKER ELIGIBILITY REMAIN UNRESOLVED",5,0.0025183184978388117,0.0015612177019837992,0.002467364755402356,0.0019772698571485945,0.001961110639144565,0.25
SECTOR,ROLE_GROUP,DISCRETE_RECENT_CONSISTENCY,10,14.104972375690608,333,0.011922442719319819,0.020979020979021015,0.5225225225225225,0.45310068456136304,0.6504762424439898,-0.03965010866675954,0.06349499410539917,362,0.0012330286975794852,0.0017363272958994536,0.5359116022099447,0.7004600954633915,0.4836400174852292,279,"HISTORICAL UK RETAIL, ACCOUNT AND BROKER ELIGIBILITY REMAIN UNRESOLVED",5,0.0034330538859102143,0.002673364777166343,0.0036513297684057874,0.003266183526520145,0.0032832399951619223,0.5
SECTOR,ROLE_GROUP,DISCRETE_RECENT_CONSISTENCY,21,13.401215805471125,296,0.0029177112082785744,-0.028119706380576,0.47297297297297297,0.0724087884902101,0.9422765909519527,-0.07605901253966846,0.08189443495622561,329,0.001568445396257725,-0.000584312072829607,0.48632218844984804,0.4367001680149282,0.6623288073837432,246,"HISTORICAL UK RETAIL, ACCOUNT AND BROKER ELIGIBILITY REMAIN UNRESOLVED",5,0.005614939267411217,0.0038285072488822283,0.005321085433429093,0.005129009975387059,0.004843572671968142,0.25
SECTOR,ROLE_GROUP,DISCRETE_RECENT_CONSISTENCY,42,12.449324324324325,254,-0.027416738938894077,-0.0373626373626373,0.4645669291338583,-0.4982366529561173,0.6183172510300983,-0.13526874174708997,0.0804352638693018,296,0.0027072148203665875,-0.004658708497436326,0.4527027027027027,0.3286223182649988,0.742441176640747,213,"HISTORICAL UK RETAIL, ACCOUNT AND BROKER ELIGIBILITY REMAIN UNRESOLVED",5,0.015180884444233076,0.011129511617249043,0.011311681097801852,0.011444464590496292,0.012644412560362752,0.75
SECTOR,ROLE_GROUP,DISCRETE_RECENT_CONSISTENCY,63,11.32319391634981,212,-0.059261808682745123,-0.12876456876456882,0.419811320754717,-0.9452813293331611,0.3445152677628206,-0.18213635097252145,0.06361273360703121,263,0.0031057848522560703,-0.013492601844131258,0.42585551330798477,0.23111224805001374,0.8172276001107651,180,"HISTORICAL UK RETAIL, ACCOUNT AND BROKER ELIGIBILITY REMAIN UNRESOLVED",5,0.03053476786390769,0.02725172547088848,0.026355084473817885,0.024597300821407445,0.023792144441946366,0.0
SECTOR,ROLE_GROUP,DISCRETE_RECENT_CONSISTENCY,126,7.639784946236559,116,-0.08296057390884978,-0.023484848484848508,0.47413793103448276,-0.7521417877280853,0.45196579631649825,-0.29914286779424415,0.1332217199765446,186,0.01464878051442074,0.0022171628097807927,0.5161290322580645,0.6805935282671695,0.4961287230782283,103,"HISTORICAL UK RETAIL, ACCOUNT AND BROKER ELIGIBILITY REMAIN UNRESOLVED",5,0.05838367088667697,0.060003735346015295,0.06650861837717581,0.0686613838875795,0.061620291683008366,0.75
SECTOR,ROLE_GROUP,MH_LEVEL_3_6_12_REFERENCE,5,6.748538011695906,89,-0.028041808378887024,-0.01666666666666667,0.4606741573033708,-0.7311667969430468,0.4646772781644455,-0.1032106135185345,0.04712699676076046,171,0.002125402126402104,-0.0003740205583953049,0.49707602339181284,1.1857991897599478,0.23570161157671365,89,"HISTORICAL UK RETAIL, ACCOUNT AND BROKER ELIGIBILITY REMAIN UNRESOLVED",5,0.005315503691911407,0.006251483812090436,0.005143504654715494,0.005319218514928734,0.004362427831130111,0.5
SECTOR,ROLE_GROUP,MH_LEVEL_3_6_12_REFERENCE,10,6.705882352941177,88,-0.02616096025186934,0.006993006993006955,0.5,-0.5228232417646049,0.6010972641833325,-0.1242333789943658,0.07191145849062712,170,0.004143039658294729,0.002333242244502265,0.5411764705882353,1.324979967486487,0.1851777956581322,88,"HISTORICAL UK RETAIL, ACCOUNT AND BROKER ELIGIBILITY REMAIN UNRESOLVED",5,0.00976622142056537,0.011515670524769307,0.00886166895755226,0.009392820965616784,0.008435724856517024,0.5
SECTOR,ROLE_GROUP,MH_LEVEL_3_6_12_REFERENCE,21,6.580838323353293,85,-0.044173277702689466,0.016666666666666684,0.5294117647058824,-0.7684448787874228,0.44222292643343786,-0.15683982772638727,0.06849327232100832,167,0.00735439260341473,0.0018866986490366777,0.5209580838323353,1.0971190467245615,0.27258935510535265,85,"HISTORICAL UK RETAIL, ACCOUNT AND BROKER ELIGIBILITY REMAIN UNRESOLVED",5,0.01911714658418072,0.022205954518980036,0.022040374803933116,0.01938053913887009,0.020412491042647727,0.5
SECTOR,ROLE_GROUP,MH_LEVEL_3_6_12_REFERENCE,42,6.423312883435583,81,-0.07247238358349468,-0.04242424242424244,0.4444444444444444,-1.090117403166312,0.27566143109831787,-0.20277326795140604,0.05782850078441669,163,0.007414890631143689,-0.0012478324814809705,0.49693251533742333,0.5495312439906934,0.5826409289999617,81,"HISTORICAL UK RETAIL, ACCOUNT AND BROKER ELIGIBILITY REMAIN UNRESOLVED",5,0.04175028970262118,0.030513468400463744,0.035490157413859774,0.04346284438502809,0.03278526753746502,0.5
SECTOR,ROLE_GROUP,MH_LEVEL_3_6_12_REFERENCE,63,6.2578616352201255,77,-0.047620993724889815,-0.023809523809523808,0.4935064935064935,-0.5865957091051476,0.5574752651753963,-0.20673472599404544,0.11149273854426581,159,0.011011792144637428,-0.0009551514877306211,0.49056603773584906,0.5916847898907786,0.5540616836253575,77,"HISTORICAL UK RETAIL, ACCOUNT AND BROKER ELIGIBILITY REMAIN UNRESOLVED",5,0.06344458938256126,0.053875019044423704,0.04754511726516277,0.0672061284739553,0.048627765276602786,0.25
SECTOR,ROLE_GROUP,MH_LEVEL_3_6_12_REFERENCE,126,5.657534246575342,64,-0.0010783487345987523,-0.03333333333333334,0.46875,-0.017117966935384473,0.9863425054705957,-0.12454655559385132,0.12238985812465382,146,0.014440696499695604,0.04160207164479912,0.6438356164383562,0.37846037119973497,0.7050886274947621,64,"HISTORICAL UK RETAIL, ACCOUNT AND BROKER ELIGIBILITY REMAIN UNRESOLVED",5,0.1548039652946211,0.13705937095110565,0.13086075513457016,0.1459920986072943,0.09185351170984389,0.25
SECTOR,ROLE_GROUP,MH_LEVEL_60D_CENTERED,5,6.748538011695906,89,-0.022141715961940665,0.030303030303030196,0.5280898876404494,-0.556548987773076,0.5778356153986423,-0.10011682110940301,0.055833389185521685,171,0.002687816836070097,0.0025557936650983937,0.5555555555555556,1.483375029973344,0.13797479783773506,89,"HISTORICAL UK RETAIL, ACCOUNT AND BROKER ELIGIBILITY REMAIN UNRESOLVED",5,0.005572825799863428,0.003801691098621844,0.006300020878613395,0.004665997373777154,0.005915947443705816,0.5
SECTOR,ROLE_GROUP,MH_LEVEL_60D_CENTERED,10,6.705882352941177,88,-0.02920867011776102,0.017424242424242377,0.5113636363636364,-0.5652520553666103,0.5719023344055416,-0.13048727834854953,0.0720699381130275,170,0.003971029987833572,0.0011701281833168542,0.5176470588235295,1.2612673921355717,0.20721252523924227,88,"HISTORICAL UK RETAIL, ACCOUNT AND BROKER ELIGIBILITY REMAIN UNRESOLVED",5,0.011006449440053691,0.00781375603124447,0.009665010705343783,0.007714373842003217,0.011456148577918816,0.5
SECTOR,ROLE_GROUP,MH_LEVEL_60D_CENTERED,21,6.580838323353293,85,-0.013081428375546031,0.05,0.5411764705882353,-0.1951261283429499,0.8452942082435908,-0.14447914891734703,0.11831629216625496,167,0.009367810166228696,0.004583207194590155,0.5209580838323353,1.3008917197926984,0.19329552075852363,85,"HISTORICAL UK RETAIL, ACCOUNT AND BROKER ELIGIBILITY REMAIN UNRESOLVED",5,0.01902336857019977,0.02145141887215784,0.01896595168240854,0.021999994239086464,0.023657524723158116,0.75
SECTOR,ROLE_GROUP,MH_LEVEL_60D_CENTERED,42,6.423312883435583,81,-0.040805901917013034,-0.04242424242424241,0.4567901234567901,-0.540099417504944,0.5891284723811384,-0.18888622846779551,0.10727442463376946,163,0.00619524094778926,-0.006875568244602004,0.44171779141104295,0.46276651160199167,0.643531737714522,81,"HISTORICAL UK RETAIL, ACCOUNT AND BROKER ELIGIBILITY REMAIN UNRESOLVED",5,0.038463968468405905,0.03473231328230389,0.034627390779953554,0.047241689577318224,0.03396384451873756,0.25
SECTOR,ROLE_GROUP,MH_LEVEL_60D_CENTERED,63,6.2578616352201255,77,-0.03403220156466911,-0.09790209790209793,0.45454545454545453,-0.3440940734904492,0.7307755397551682,-0.22788003133035828,0.15981562820102008,159,0.001975198963662909,-0.010685655256438165,0.42138364779874216,0.0995627051150766,0.9206915036629228,77,"HISTORICAL UK RETAIL, ACCOUNT AND BROKER ELIGIBILITY REMAIN UNRESOLVED",5,0.06515731372956375,0.05388069375311383,0.0423483774971769,0.08263414851189381,0.04256687773024137,0.25
SECTOR,ROLE_GROUP,MH_LEVEL_60D_CENTERED,126,5.657534246575342,64,0.0017214556277056264,0.008333333333333299,0.515625,0.03581096752695361,0.9714330878555576,-0.09249524010237593,0.09593815135778717,146,0.013021392488456242,0.020833183018353796,0.5958904109589042,0.49107252495125675,0.6233751531814273,64,"HISTORICAL UK RETAIL, ACCOUNT AND BROKER ELIGIBILITY REMAIN UNRESOLVED",5,0.16908802489828237,0.13334606004886565,0.12534279024780268,0.12947935265068267,0.10478988155427112,0.25
SECTOR,ROLE_GROUP,MH_LEVEL_EQ,5,6.748538011695906,89,-0.030764740877100415,0.006060606060606066,0.5168539325842697,-0.777326898805374,0.43696592898802744,-0.10833543115617345,0.04680594940197261,171,0.0019176237062232392,0.0025557936650983937,0.5614035087719298,1.0577034221908663,0.29019067458094017,89,"HISTORICAL UK RETAIL, ACCOUNT AND BROKER ELIGIBILITY REMAIN UNRESOLVED",5,0.00594334750726644,0.004967831856036302,0.005557063699165695,0.004469428507601948,0.0050012723815202765,0.5
SECTOR,ROLE_GROUP,MH_LEVEL_EQ,10,6.705882352941177,88,-0.03497222474495201,-0.005303030303030349,0.5,-0.6791715801107583,0.4970291523423803,-0.13589561872467112,0.0659511692347671,170,0.0033522476508250046,0.0011701281833168542,0.5117647058823529,1.0689064932141839,0.28511180581414297,88,"HISTORICAL UK RETAIL, ACCOUNT AND BROKER ELIGIBILITY REMAIN UNRESOLVED",5,0.010806982823520049,0.008393861790150893,0.009966578950883027,0.007346021237292234,0.010391533784266877,0.5
SECTOR,ROLE_GROUP,MH_LEVEL_EQ,21,6.580838323353293,85,-0.02926387338152045,0.03333333333333337,0.5294117647058824,-0.4711318918747091,0.6375465519181953,-0.15100502244211833,0.09247727567907743,167,0.007782777232141316,0.0005798628383690829,0.5029940119760479,1.1199549093684846,0.26273297741542145,85,"HISTORICAL UK RETAIL, ACCOUNT AND BROKER ELIGIBILITY REMAIN UNRESOLVED",5,0.01956779262490613,0.020026378560545278,0.022038032319222228,0.017765987611033422,0.023000219177731603,0.75
SECTOR,ROLE_GROUP,MH_LEVEL_EQ,42,6.423312883435583,81,-0.048753098753098766,-0.05454545454545453,0.4444444444444444,-0.7284634778446554,0.46632991773827437,-0.17992551933006437,0.08241932182386683,163,0.006118380130610254,-0.0038454383660351255,0.4785276073619632,0.47864910605539895,0.6321882777190972,81,"HISTORICAL UK RETAIL, ACCOUNT AND BROKER ELIGIBILITY REMAIN UNRESOLVED",5,0.03472398570888316,0.033275802148750346,0.04068724637155435,0.04038186420401506,0.03539825324418691,0.25
SECTOR,ROLE_GROUP,MH_LEVEL_EQ,63,6.2578616352201255,77,-0.0203621054270405,-0.01818181818181818,0.4805194805194805,-0.22942935964111968,0.8185352189747606,-0.19431104268962016,0.15358683183553914,159,0.0047066493264660714,-0.006101901083655492,0.4276729559748428,0.25058552132142764,0.802134576945859,77,"HISTORICAL UK RETAIL, ACCOUNT AND BROKER ELIGIBILITY REMAIN UNRESOLVED",5,0.05833290393882873,0.05133438402469629,0.05795698465453252,0.06697645353488477,0.045765757282396034,0.5
SECTOR,ROLE_GROUP,MH_LEVEL_EQ,126,5.657534246575342,64,0.004314695720945717,-0.015151515151515155,0.484375,0.08821765136975172,0.9297036882480485,-0.09154648496111362,0.10017587640300504,146,0.013034751787073345,0.026457858019579894,0.6027397260273972,0.4842762014151698,0.6281898633392006,64,"HISTORICAL UK RETAIL, ACCOUNT AND BROKER ELIGIBILITY REMAIN UNRESOLVED",5,0.16716500326776537,0.12545026808238766,0.13178808075553838,0.13166349600051286,0.10549750623640076,0.25
SECTOR,ROLE_GROUP,MH_LEVEL_RECENCY_TILT,5,6.748538011695906,89,-0.01747185398870792,0.046153846153846115,0.550561797752809,-0.4383622238042818,0.6611237260710703,-0.0955903658071424,0.06064665782972657,171,0.0016963232022559173,0.001400830991007851,0.5497076023391813,0.9389762158285663,0.3477429558571583,89,"HISTORICAL UK RETAIL, ACCOUNT AND BROKER ELIGIBILITY REMAIN UNRESOLVED",5,0.005903294613035674,0.006361877407665741,0.00375408129964541,0.003478011008338124,0.006631297097825492,0.5
SECTOR,ROLE_GROUP,MH_LEVEL_RECENCY_TILT,10,6.705882352941177,88,-0.02704719522901342,-0.05,0.4659090909090909,-0.5210732719496114,0.6023157294666026,-0.12878246238893826,0.07468807193091143,170,0.00307090093007534,-0.0006253679996773287,0.49411764705882355,0.9894261784737522,0.32245467157565,88,"HISTORICAL UK RETAIL, ACCOUNT AND BROKER ELIGIBILITY REMAIN UNRESOLVED",5,0.010481144232048007,0.011113867801161779,0.006261664924111243,0.008349414343822548,0.01173618392605749,0.75
SECTOR,ROLE_GROUP,MH_LEVEL_RECENCY_TILT,21,6.580838323353293,85,-0.005327809445456497,0.04895104895104892,0.5529411764705883,-0.08170436314145972,0.9348818086777075,-0.13313389259804945,0.12247827370713646,167,0.008454338108513718,0.002270622948526979,0.5149700598802395,1.1976676357387228,0.23104643366187583,85,"HISTORICAL UK RETAIL, ACCOUNT AND BROKER ELIGIBILITY REMAIN UNRESOLVED",5,0.018626603372948566,0.021939518360177355,0.01715899332157107,0.020598166737679932,0.025690462192170537,0.75
SECTOR,ROLE_GROUP,MH_LEVEL_RECENCY_TILT,42,6.423312883435583,81,-0.012911368466924025,-0.06666666666666664,0.4567901234567901,-0.180820034606217,0.8565088369805088,-0.15286166347382008,0.127038926539972,163,0.009460490750244908,-0.006486021022977351,0.4601226993865031,0.7247878714361233,0.46858217755304366,81,"HISTORICAL UK RETAIL, ACCOUNT AND BROKER ELIGIBILITY REMAIN UNRESOLVED",5,0.03478982234681383,0.03565438015350532,0.036910053176841144,0.04073770609793763,0.03979459344310897,0.75
SECTOR,ROLE_GROUP,MH_LEVEL_RECENCY_TILT,63,6.2578616352201255,77,-0.00045971344672645,0.01666666666666665,0.5194805194805194,-0.004831710494840513,0.9961448677938542,-0.18694062941939507,0.18602120252594215,159,0.0072870312473744215,-0.010685655256438165,0.4276729559748428,0.3760538543966871,0.7068768593975931,77,"HISTORICAL UK RETAIL, ACCOUNT AND BROKER ELIGIBILITY REMAIN UNRESOLVED",5,0.05973460192561527,0.04976596185942849,0.05400957277813938,0.0754925011758145,0.045051911580201824,0.5
SECTOR,ROLE_GROUP,MH_LEVEL_RECENCY_TILT,126,5.657534246575342,64,0.004529584998334994,0.016666666666666594,0.5,0.08857820703489037,0.9294171282588074,-0.0956962353115364,0.1047554053082064,146,0.016741497404320283,0.014586751109441298,0.5616438356164384,0.7251623912932877,0.4683524121047119,64,"HISTORICAL UK RETAIL, ACCOUNT AND BROKER ELIGIBILITY REMAIN UNRESOLVED",5,0.16632032304979621,0.12740096649299593,0.1322545272097797,0.12724575181756584,0.10832074300496551,0.25
SECTOR,ROLE_GROUP,PAIRWISE_MAJORITY_5H,5,6.748538011695906,89,-0.022969526890330553,-4.9594434024595676e-17,0.4943820224719101,-0.5791379807818057,0.5624960742518685,-0.10070479368495229,0.05476573990429119,171,0.0024578034265002064,0.0010870364600215066,0.5380116959064327,1.3195252843093581,0.18699356291601543,89,"HISTORICAL UK RETAIL, ACCOUNT AND BROKER ELIGIBILITY REMAIN UNRESOLVED",5,0.0050078007709805075,0.005200046487270016,0.006452540309823021,0.0028801989927180697,0.007016688886467127,0.75
SECTOR,ROLE_GROUP,PAIRWISE_MAJORITY_5H,10,6.705882352941177,88,-0.02760365716520239,-0.051402995426896046,0.48863636363636365,-0.541735364705625,0.5880008236221537,-0.12747192756100054,0.07226461323059577,170,0.004148185554446281,0.00168907048334066,0.5117647058823529,1.2726196415276378,0.20315304531480294,88,"HISTORICAL UK RETAIL, ACCOUNT AND BROKER ELIGIBILITY REMAIN UNRESOLVED",5,0.008932916901037837,0.0089882646166763,0.011309471517927067,0.006388435021598771,0.012638865437971948,0.75
SECTOR,ROLE_GROUP,PAIRWISE_MAJORITY_5H,21,6.580838323353293,85,-0.0048665804397272265,0.05000000000000006,0.5411764705882353,-0.07398938746299043,0.9410188296924183,-0.13378131695519768,0.12404815607574322,167,0.010816589961197732,0.005944938000256084,0.5329341317365269,1.5298854360908123,0.1260450889112897,85,"HISTORICAL UK RETAIL, ACCOUNT AND BROKER ELIGIBILITY REMAIN UNRESOLVED",5,0.01709522022197141,0.021366520037636654,0.0203029149081993,0.02088068094708967,0.02547346060834023,0.75
SECTOR,ROLE_GROUP,PAIRWISE_MAJORITY_5H,42,6.423312883435583,81,-0.04184224903964724,-0.08368274087557229,0.4567901234567901,-0.6104085955940124,0.5415911755835525,-0.17619373383493886,0.09250923575564436,163,0.00952908149938481,-0.0012478324814809705,0.49079754601226994,0.7101370102113274,0.4776191774622831,81,"HISTORICAL UK RETAIL, ACCOUNT AND BROKER ELIGIBILITY REMAIN UNRESOLVED",5,0.03346241047022364,0.0403773728821314,0.03097329664323472,0.043332086768625606,0.03911914415384016,0.5
SECTOR,ROLE_GROUP,PAIRWISE_MAJORITY_5H,63,6.2578616352201255,77,-0.03140411161481059,-0.1228077735189382,0.42857142857142855,-0.35227931442649557,0.7246287997921437,-0.20612605869168782,0.14331783546206667,159,0.007778347422058731,-0.0053938104783390894,0.4528301886792453,0.39776546671392,0.6908030749311427,77,"HISTORICAL UK RETAIL, ACCOUNT AND BROKER ELIGIBILITY REMAIN UNRESOLVED",5,0.06411100217012052,0.050024741579971534,0.046914389296474096,0.07601197814596837,0.04571844504903919,0.25
SECTOR,ROLE_GROUP,PAIRWISE_MAJORITY_5H,126,5.657534246575342,64,-0.02169413728103822,-0.05847398280298699,0.484375,-0.4194748644392708,0.6748691208243356,-0.12305832224439821,0.07967004768232176,146,0.024575144123816273,0.032736752314722395,0.6301369863013698,0.8800789649727754,0.3788165335074043,64,"HISTORICAL UK RETAIL, ACCOUNT AND BROKER ELIGIBILITY REMAIN UNRESOLVED",5,0.17142481303783744,0.11970646867730911,0.1341447700084702,0.13512863430902325,0.10115966830996502,0.5
SECTOR,ROLE_GROUP,RRG_TRANSPARENT_LEVEL,5,10.828685258964143,197,-0.0032249722023598064,-0.04242424242424239,0.4873096446700508,-0.10084043488821674,0.9196771280219473,-0.06590646871489252,0.059456524310172905,251,0.00012509259701591076,-0.0006638365181779182,0.4940239043824701,0.08364883067304453,0.9333356416886335,167,"HISTORICAL UK RETAIL, ACCOUNT AND BROKER ELIGIBILITY REMAIN UNRESOLVED",5,0.003988334162227087,0.0031366395017850346,0.003257524831508832,0.0017275877775178848,0.0018563240534493252,0.5
SECTOR,ROLE_GROUP,RRG_TRANSPARENT_LEVEL,10,10.462809917355372,186,0.013328321995938091,0.01737776290328491,0.5053763440860215,0.3515167233497917,0.7252007285671931,-0.06098686516628642,0.0876435091581626,242,0.00028966510841945385,-0.0008579208407980543,0.4834710743801653,0.11679532967079646,0.9070222448054469,158,"HISTORICAL UK RETAIL, ACCOUNT AND BROKER ELIGIBILITY REMAIN UNRESOLVED",5,0.006575463960595068,0.006158321713362001,0.005661351234756954,0.00347586175846468,0.004157010289488159,0.25
SECTOR,ROLE_GROUP,RRG_TRANSPARENT_LEVEL,21,9.607142857142858,164,-0.016111754319785322,-0.006999135838195223,0.49390243902439024,-0.29801725836227116,0.7656899915244928,-0.12207359816760016,0.08985008952802953,224,-0.002715174542192395,-0.005780660191516629,0.41517857142857145,-0.5463966264320594,0.5847933285713645,140,"HISTORICAL UK RETAIL, ACCOUNT AND BROKER ELIGIBILITY REMAIN UNRESOLVED",5,0.0126152958459513,0.012223709034463162,0.010392227747136263,0.0075289630701395206,0.0064738951189365,0.0
SECTOR,ROLE_GROUP,RRG_TRANSPARENT_LEVEL,42,8.198979591836734,129,-0.046414975910470155,-0.03514987344222978,0.4573643410852713,-0.5938198191765613,0.552632631692374,-0.1996124243451896,0.10678247252424931,196,0.001810082410421356,-0.006085657300922698,0.45918367346938777,0.19696473372703366,0.8438551355444823,112,"HISTORICAL UK RETAIL, ACCOUNT AND BROKER ELIGIBILITY REMAIN UNRESOLVED",5,0.02456648136805375,0.01940192355216887,0.026698630774007106,0.016782698237038752,0.017479733242278292,0.5
SECTOR,ROLE_GROUP,RRG_TRANSPARENT_LEVEL,63,7.591397849462366,114,-0.01825114831363094,0.01748251748251751,0.5263157894736842,-0.21956162265867862,0.8262125827255409,-0.18117394391905703,0.14467164729179513,186,0.006296613763082136,-0.0008116568968248861,0.4946236559139785,0.45605776025154254,0.6483484435526393,102,"HISTORICAL UK RETAIL, ACCOUNT AND BROKER ELIGIBILITY REMAIN UNRESOLVED",5,0.038978606437574004,0.03097198445623234,0.043800037229514935,0.03774927330523588,0.034416367409728116,0.25
SECTOR,ROLE_GROUP,RRG_TRANSPARENT_LEVEL,126,6.722543352601156,89,0.042729700320876446,0.07878787878787881,0.550561797752809,0.6220787650601116,0.5338900772562489,-0.09189742152118607,0.17735682216293897,173,0.0006679806066262787,0.014317655568277798,0.5549132947976878,0.024010433509900557,0.9808442863696952,89,"HISTORICAL UK RETAIL, ACCOUNT AND BROKER ELIGIBILITY REMAIN UNRESOLVED",5,0.09939588838563164,0.09748951595465949,0.10956476726851395,0.10170762982213971,0.09683463347488985,0.25
SECTOR,ROLE_GROUP,RRG_TRANSPARENT_MOMENTUM,5,9.531531531531531,157,-0.03380526183346162,-0.033333333333333416,0.47770700636942676,-1.0575946584058313,0.29024027882134285,-0.0964541180421381,0.02884359437521486,222,0.0010611261176246246,0.0009621023796357875,0.5180180180180181,0.7337365567348028,0.46310931376276276,138,"HISTORICAL UK RETAIL, ACCOUNT AND BROKER ELIGIBILITY REMAIN UNRESOLVED",5,0.0034711168316473376,0.0036853795103455062,0.003251075096693383,0.003151842859477891,0.0016649932172049168,0.25
SECTOR,ROLE_GROUP,RRG_TRANSPARENT_MOMENTUM,10,9.107981220657276,146,-0.005630885609543465,-0.015326340326340369,0.4726027397260274,-0.15660288901415048,0.8755578255373172,-0.07610425340784013,0.06484248218875321,213,0.0023817840224506356,0.0012017001216804157,0.5258215962441315,1.010318526049029,0.3123427080606803,129,"HISTORICAL UK RETAIL, ACCOUNT AND BROKER ELIGIBILITY REMAIN UNRESOLVED",5,0.006599149961437344,0.0066832861680742595,0.005605503862581396,0.00543787045754885,0.0033019975302311854,0.25
SECTOR,ROLE_GROUP,RRG_TRANSPARENT_MOMENTUM,21,8.178571428571429,127,0.03946603891889216,0.048632443494405105,0.5511811023622047,0.8402903395222601,0.4007456165963653,-0.05258787537156911,0.13151995320935342,196,0.00476921393440335,0.0028087509488180507,0.5306122448979592,1.119236790341024,0.26303913395886247,112,"HISTORICAL UK RETAIL, ACCOUNT AND BROKER ELIGIBILITY REMAIN UNRESOLVED",5,0.010659789577949044,0.013268217675127612,0.011027184801680192,0.012567980183395312,0.01115469428525555,0.5
SECTOR,ROLE_GROUP,RRG_TRANSPARENT_MOMENTUM,42,7.586021505376344,115,0.028391677069174243,0.009090909090909101,0.5130434782608696,0.3634927390197226,0.7162368359702029,-0.12469711547821673,0.18148046961656522,186,0.005827968190317754,0.0034087181131612354,0.5483870967741935,0.8097682121038673,0.4180734055125398,102,"HISTORICAL UK RETAIL, ACCOUNT AND BROKER ELIGIBILITY REMAIN UNRESOLVED",5,0.03068334819340623,0.032885833950012204,0.02625534337351972,0.0268665848809879,0.02550053063030995,0.5
SECTOR,ROLE_GROUP,RRG_TRANSPARENT_MOMENTUM,63,7.285714285714286,106,-0.013285479084841897,0.008333333333333356,0.5094339622641509,-0.17780082399789743,0.8588794002040243,-0.15973620939168343,0.13316525122199963,182,0.008647913335271672,0.0033812678446569766,0.5494505494505495,0.7022273982875228,0.48253736170921735,98,"HISTORICAL UK RETAIL, ACCOUNT AND BROKER ELIGIBILITY REMAIN UNRESOLVED",5,0.04471137073780203,0.05220221274540083,0.03918834023445685,0.039405518714494464,0.03718210644969126,0.5
SECTOR,ROLE_GROUP,RRG_TRANSPARENT_MOMENTUM,126,6.550295857988166,85,-0.04593717888445721,-0.06666666666666664,0.4823529411764706,-0.749596496448823,0.453497761569678,-0.16604875436733027,0.07417439659841585,169,0.0015839628775905375,-0.012020835909496985,0.44970414201183434,0.0923959470841224,0.9263834594141328,85,"HISTORICAL UK RETAIL, ACCOUNT AND BROKER ELIGIBILITY REMAIN UNRESOLVED",5,0.1240197482012384,0.1270153853969464,0.08801481502205365,0.10493206583979048,0.09445360961922863,0.5
SECTOR,ROLE_GROUP,RS_126,5,10.828685258964143,197,-0.0050863651756639944,-0.02540937323546023,0.48223350253807107,-0.15782930499127187,0.8745913060214179,-0.06825012653843167,0.05807739618710368,251,-0.0002361251967435498,-0.00037616927222527963,0.4940239043824701,-0.1480672602505312,0.8822896871333284,167,"HISTORICAL UK RETAIL, ACCOUNT AND BROKER ELIGIBILITY REMAIN UNRESOLVED",5,0.003771545587758915,0.003448337896740994,0.0025944730931884707,0.0028877084082637758,0.0016759857045511278,0.25
SECTOR,ROLE_GROUP,RS_126,10,10.462809917355372,186,0.0009790334137704337,0.0030303030303030242,0.5,0.026581956820582682,0.9787931645461712,-0.07120791067025388,0.07316597749779476,242,-0.000616308066299156,-0.0009528154691396118,0.48760330578512395,-0.24354927621852474,0.80757991708427,158,"HISTORICAL UK RETAIL, ACCOUNT AND BROKER ELIGIBILITY REMAIN UNRESOLVED",5,0.0068785332590290925,0.0064221793935951635,0.0045222930836349776,0.005048063317369371,0.0038436223384486806,0.25
SECTOR,ROLE_GROUP,RS_126,21,9.607142857142858,164,-0.0738579975306474,-0.09999999999999999,0.43902439024390244,-1.3650589945760665,0.17223450870606005,-0.179903974814782,0.03218797975348718,224,-0.002263120418849241,-0.0030677859317724265,0.44642857142857145,-0.4953441246461016,0.6203572289964743,140,"HISTORICAL UK RETAIL, ACCOUNT AND BROKER ELIGIBILITY REMAIN UNRESOLVED",5,0.014012576529193499,0.013912386133993688,0.00989035762663566,0.006206991867643754,0.006084544556670871,0.0
SECTOR,ROLE_GROUP,RS_126,42,8.198979591836734,129,-0.07755452188063858,-0.09999999999999999,0.4108527131782946,-1.0532213617741295,0.29223955020677783,-0.22187752485147416,0.06676848109019701,196,0.004338907396575911,-0.0010570036889637202,0.4846938775510204,0.48026788608235504,0.6310369208485267,112,"HISTORICAL UK RETAIL, ACCOUNT AND BROKER ELIGIBILITY REMAIN UNRESOLVED",5,0.023049878412856474,0.020628388618827938,0.0243356016494735,0.019587777889130964,0.019411188855074497,0.25
SECTOR,ROLE_GROUP,RS_126,63,7.591397849462366,114,-0.041547268520952724,-0.06153846153846151,0.49122807017543857,-0.506694059772239,0.6123694991908071,-0.20225795455837278,0.11916341751646733,186,0.014413313223223558,0.004791820351731868,0.5483870967741935,1.0241231963606314,0.30577708935613046,102,"HISTORICAL UK RETAIL, ACCOUNT AND BROKER ELIGIBILITY REMAIN UNRESOLVED",5,0.03274146366111184,0.03691707262257536,0.04094608957069749,0.03964738446019192,0.03830371389091963,0.5
SECTOR,ROLE_GROUP,RS_126,126,6.722543352601156,89,0.0834150867858733,0.06666666666666679,0.6067415730337079,1.3672129431505653,0.1715585695574604,-0.0361643588934894,0.202994532465236,173,0.00621602278560565,0.03433654068224201,0.6416184971098265,0.17178128438736343,0.8636094796905508,89,"HISTORICAL UK RETAIL, ACCOUNT AND BROKER ELIGIBILITY REMAIN UNRESOLVED",5,0.09875299731449592,0.0991247234764347,0.11263567718001445,0.08741594721032504,0.10593314077035833,0.75
SECTOR,ROLE_GROUP,RS_21,5,16.84864864864865,544,-0.022438360249349622,-0.0268859107868396,0.4632352941176471,-1.253894027993806,0.20988052599093387,-0.05751180104978518,0.012635080551085934,555,-0.0005347089875843043,-0.0012582764031761062,0.4864864864864865,-0.530284356293012,0.5959147913518185,471,"HISTORICAL UK RETAIL, ACCOUNT AND BROKER ELIGIBILITY REMAIN UNRESOLVED",5,0.00349293230384274,0.002120814358202307,0.0018878170688826717,0.002017355321169704,0.0020924489490225196,0.5
SECTOR,ROLE_GROUP,RS_21,10,16.56015037593985,518,-0.01465699049646129,-0.013584093924651174,0.4826254826254826,-0.6857341511425155,0.4928807670038149,-0.05654957153088557,0.02723559053796299,532,-0.00021605837563463343,0.00031850774361819045,0.5056390977443609,-0.13273001656219238,0.8944069031047555,447,"HISTORICAL UK RETAIL, ACCOUNT AND BROKER ELIGIBILITY REMAIN UNRESOLVED",5,0.005430169115498476,0.004240509493651335,0.0033358175213120994,0.004161483800521677,0.004236309364263844,0.5
SECTOR,ROLE_GROUP,RS_21,21,15.786919831223628,454,-0.007904841517932377,-0.009518597344684292,0.4911894273127753,-0.2697356119357179,0.787363661294416,-0.06534332569679066,0.049533642660925914,474,0.0023091301725662802,-0.0003357180724513631,0.4978902953586498,0.7439295775623259,0.4569190804098515,387,"HISTORICAL UK RETAIL, ACCOUNT AND BROKER ELIGIBILITY REMAIN UNRESOLVED",5,0.008200410844513298,0.008175742479558894,0.008405117788049483,0.00830486057969744,0.008259209305212598,0.25
SECTOR,ROLE_GROUP,RS_21,42,14.405128205128205,359,-0.010120780045926593,-0.04242424242424239,0.45403899721448465,-0.2723777160687043,0.7853316051893632,-0.08294745864420168,0.0627058985523485,390,0.004172099395537516,-0.004866798443330267,0.46923076923076923,0.7155376519294265,0.4742768837800282,301,"HISTORICAL UK RETAIL, ACCOUNT AND BROKER ELIGIBILITY REMAIN UNRESOLVED",5,0.013267432271940103,0.012165912219909363,0.01366669116968552,0.014010493538204638,0.010191252739267452,0.5
SECTOR,ROLE_GROUP,RS_21,63,13.31547619047619,296,-0.0030242234819735227,-0.025891265597147967,0.46621621621621623,-0.07856790576822786,0.937376316085549,-0.07846684916877647,0.07241840220482942,336,0.008484419043183733,-0.005545962812209426,0.4583333333333333,0.8270996207375666,0.40818059917285676,247,"HISTORICAL UK RETAIL, ACCOUNT AND BROKER ELIGIBILITY REMAIN UNRESOLVED",5,0.017452873718717215,0.01637969015780092,0.01982157823633394,0.020095282609784954,0.014423570595682486,0.5
SECTOR,ROLE_GROUP,RS_21,126,9.56768558951965,165,-0.05295443263497204,-0.0714529914529915,0.41818181818181815,-1.1204598826146488,0.26251783896097713,-0.14558495193933252,0.03967608666938842,229,0.01758083656253164,-0.006998731552121273,0.47161572052401746,0.7476617386883393,0.45466421504912435,141,"HISTORICAL UK RETAIL, ACCOUNT AND BROKER ELIGIBILITY REMAIN UNRESOLVED",5,0.052486545500322765,0.061030578885099614,0.05793050964220273,0.06513984425107315,0.048943038297809154,0.5
SECTOR,ROLE_GROUP,RS_252,5,6.748538011695906,89,-0.02379324795055133,-0.01098901098901096,0.47191011235955055,-0.5725408124194523,0.5669556447068808,-0.10524405118891911,0.05765755528781646,171,0.003275421022400144,0.0005204910461527046,0.5029239766081871,1.6799905495936087,0.09295915445599616,89,"HISTORICAL UK RETAIL, ACCOUNT AND BROKER ELIGIBILITY REMAIN UNRESOLVED",5,0.005453722286626047,0.00425829384694269,0.007242126179148925,0.0037086266112834995,0.0052319647407659585,0.5
SECTOR,ROLE_GROUP,RS_252,10,6.705882352941177,88,-0.02192163896709351,-0.01666666666666672,0.4772727272727273,-0.4413048465166363,0.658992317952669,-0.11928205364808975,0.07543877571390273,170,0.006734479643988094,0.005490629247970169,0.5529411764705883,1.9287317235178183,0.0537641758036993,88,"HISTORICAL UK RETAIL, ACCOUNT AND BROKER ELIGIBILITY REMAIN UNRESOLVED",5,0.009898627660483493,0.007814093653543007,0.011500220792253156,0.007073644171558591,0.011105728966478389,0.5
SECTOR,ROLE_GROUP,RS_252,21,6.580838323353293,85,-0.034440657381833856,1.0131755574376428e-16,0.5058823529411764,-0.5910129740241865,0.5545117279962819,-0.14865549028584968,0.07977417552218198,167,0.0110020782595315,0.006761103815233094,0.5329341317365269,1.507193704781132,0.13176101340583102,85,"HISTORICAL UK RETAIL, ACCOUNT AND BROKER ELIGIBILITY REMAIN UNRESOLVED",5,0.022266470757378077,0.014956391993217655,0.02266608853439325,0.020187181424244725,0.022115185869848474,0.5
SECTOR,ROLE_GROUP,RS_252,42,6.423312883435583,81,-0.02991350213572435,-0.047619047619047616,0.4444444444444444,-0.3829757579956692,0.7017377386049121,-0.18300253091478538,0.12317552664333667,163,0.01520338426995389,0.0028374917585647363,0.5276073619631901,1.0169942579268996,0.3091561610115471,81,"HISTORICAL UK RETAIL, ACCOUNT AND BROKER ELIGIBILITY REMAIN UNRESOLVED",5,0.038889568861624695,0.02302419110057555,0.046987507312581056,0.03657003568174122,0.03437575806687121,0.25
SECTOR,ROLE_GROUP,RS_252,63,6.2578616352201255,77,-0.02934705986654038,-0.09090909090909095,0.42857142857142855,-0.3251103018614392,0.7450975923661625,-0.20626910774146268,0.14757498800838192,159,0.016872432735731947,0.002049454943769069,0.5157232704402516,0.8074883722236242,0.4193851709964026,77,"HISTORICAL UK RETAIL, ACCOUNT AND BROKER ELIGIBILITY REMAIN UNRESOLVED",5,0.058287089683868476,0.034893877433247324,0.07313950087942914,0.05851543682978056,0.046577658171245706,0.25
SECTOR,ROLE_GROUP,RS_252,126,5.657534246575342,64,-0.06488303363303365,-0.016666666666666666,0.484375,-0.7472252568895701,0.4549276007309937,-0.2350705479815225,0.10530448071545519,146,0.02073383431046634,0.03674283844827253,0.6643835616438356,0.5156377690795437,0.6061074260450361,64,"HISTORICAL UK RETAIL, ACCOUNT AND BROKER ELIGIBILITY REMAIN UNRESOLVED",5,0.14732143243909357,0.10088043559302555,0.16598807336980342,0.17482303009722094,0.07465722626001621,0.5
SECTOR,ROLE_GROUP,RS_42,5,15.763440860215054,445,-0.014494281708023478,-0.020979020979021015,0.4786516853932584,-0.7253699834633379,0.4682250825608453,-0.05365811640913163,0.024669552993084674,465,0.0005325862890214161,0.00031119557788539254,0.5032258064516129,0.47415155114736784,0.635391839523223,381,"HISTORICAL UK RETAIL, ACCOUNT AND BROKER ELIGIBILITY REMAIN UNRESOLVED",5,0.0026029227499889942,0.00204204057185824,0.0027108258669875764,0.0022456840051013516,0.0025963636754740365,0.5
SECTOR,ROLE_GROUP,RS_42,10,15.418552036199095,419,0.004573712095396288,0.018633540372670808,0.5155131264916468,0.19457992955561815,0.8457218166219163,-0.04149635794268344,0.05064378213347602,442,0.002327013787575509,0.0011491012383587629,0.5294117647058824,1.2467346883445598,0.21249479521276282,357,"HISTORICAL UK RETAIL, ACCOUNT AND BROKER ELIGIBILITY REMAIN UNRESOLVED",5,0.004357776622314322,0.004320570170091702,0.00413586952892468,0.004451460497987482,0.004358918344724858,0.25
SECTOR,ROLE_GROUP,RS_42,21,14.4765625,357,-0.014321087613878413,-0.0029411764705882353,0.48739495798319327,-0.41163997123925367,0.680603329687187,-0.08250886796509745,0.05386669273734061,384,0.002822426011955193,-0.0009321779077258729,0.4895833333333333,0.8351696556030838,0.4036221921857672,299,"HISTORICAL UK RETAIL, ACCOUNT AND BROKER ELIGIBILITY REMAIN UNRESOLVED",5,0.006983441456011425,0.006414800147639747,0.007865445889055871,0.008346677093475405,0.006074833988192954,0.5
SECTOR,ROLE_GROUP,RS_42,42,13.418674698795181,296,-0.011768017975868966,-0.02125874125874122,0.47297297297297297,-0.2811648118147072,0.7785839925241268,-0.09380136792907473,0.07026533197733681,332,0.005458719564411937,-0.00453119066936869,0.4578313253012048,0.8145895421616226,0.41530729858850324,247,"HISTORICAL UK RETAIL, ACCOUNT AND BROKER ELIGIBILITY REMAIN UNRESOLVED",5,0.010144511494628784,0.00941678228327412,0.01111454049398467,0.011482072425759491,0.007904116449206836,0.5
SECTOR,ROLE_GROUP,RS_42,63,12.424242424242424,252,-0.04762933086498553,-0.034149184149184136,0.4642857142857143,-0.8954182854543995,0.37056352949439697,-0.1518842635814201,0.05662560185144904,297,0.005207696723850358,-0.010240159960785977,0.4074074074074074,0.4693661777137457,0.6388079197351054,212,"HISTORICAL UK RETAIL, ACCOUNT AND BROKER ELIGIBILITY REMAIN UNRESOLVED",5,0.02266017559024216,0.019662854776704073,0.02362088442964825,0.02208707264973171,0.018705629139693276,0.25
SECTOR,ROLE_GROUP,RS_42,126,8.223350253807107,130,-0.10100287346814987,-0.017424242424242363,0.47692307692307695,-1.1576749052201802,0.24699672854453691,-0.2720025154574346,0.06999676852113484,197,-0.00011093225453295887,0.000296004198041544,0.5025380710659898,-0.005169037706097886,0.9958757229861639,113,"HISTORICAL UK RETAIL, ACCOUNT AND BROKER ELIGIBILITY REMAIN UNRESOLVED",5,0.05353239367677278,0.06207659779625969,0.05521365490624255,0.06470193834809922,0.05459139275370617,0.5
SECTOR,ROLE_GROUP,RS_63,5,14.38888888888889,351,-0.01401546207905094,-0.03921568627450982,0.4586894586894587,-0.620138507853053,0.535166601726241,-0.05831169679720831,0.030280772639106432,378,0.0008392645570153055,0.0005328388717559251,0.5052910052910053,0.7596580093674508,0.4474590345658225,295,"HISTORICAL UK RETAIL, ACCOUNT AND BROKER ELIGIBILITY REMAIN UNRESOLVED",5,0.0025891700712762683,0.0016014200709560452,0.002313931952476971,0.0020504131273217222,0.0018829113630104155,0.25
SECTOR,ROLE_GROUP,RS_63,10,14.104972375690608,333,0.002106423599446444,0.005159958720330233,0.5165165165165165,0.07755238905530837,0.9381841162850105,-0.051128743510052976,0.05534159070894587,362,0.0020550465985176075,0.0013023330850520098,0.5276243093922652,1.164769047349949,0.24411249115030986,279,"HISTORICAL UK RETAIL, ACCOUNT AND BROKER ELIGIBILITY REMAIN UNRESOLVED",5,0.0038969729634836213,0.002545097338884651,0.002940827111284989,0.003766870401665488,0.0030710613727069997,0.5
SECTOR,ROLE_GROUP,RS_63,21,13.401215805471125,296,-0.005622425293814443,-0.0029528016740293242,0.4797297297297297,-0.1389382303588446,0.8894989604747273,-0.0849364560913993,0.07369160550377041,329,0.002258520377625332,-3.7521612426205664e-05,0.49848024316109424,0.6246273343585508,0.5322156752139436,246,"HISTORICAL UK RETAIL, ACCOUNT AND BROKER ELIGIBILITY REMAIN UNRESOLVED",5,0.005338636878245701,0.004760129584938978,0.004677644288696592,0.0049835617259986606,0.004718828377122799,0.25
SECTOR,ROLE_GROUP,RS_63,42,12.449324324324325,254,-0.05152306644597178,-0.036241673702974056,0.4566929133858268,-0.9175102421952875,0.3588753283473963,-0.16158543955425475,0.05853930666231119,296,0.0017429229725461745,-0.0045095339963025505,0.4527027027027027,0.22165042437113525,0.8245860257044924,213,"HISTORICAL UK RETAIL, ACCOUNT AND BROKER ELIGIBILITY REMAIN UNRESOLVED",5,0.015001627478489215,0.012904235994315142,0.01084370846583267,0.011949481985747589,0.01040120841395021,0.25
SECTOR,ROLE_GROUP,RS_63,63,11.32319391634981,212,-0.10607954425270934,-0.1637814600858079,0.4009433962264151,-1.6936956918320618,0.09032312354929933,-0.22883600353544847,0.0166769150300298,263,-0.0020376544082183665,-0.01719154194354977,0.4220532319391635,-0.1575474958223542,0.8748133789786848,180,"HISTORICAL UK RETAIL, ACCOUNT AND BROKER ELIGIBILITY REMAIN UNRESOLVED",5,0.03269445238582757,0.027216989818161258,0.026676081538462477,0.02461129049007854,0.02035183081295278,0.0
SECTOR,ROLE_GROUP,RS_63,126,7.639784946236559,116,-0.1302151153444257,-0.012121212121212099,0.46551724137931033,-1.1826915194053294,0.23693142644287946,-0.3460084411020411,0.08557821041318966,186,0.003950969906017109,-0.0015816678433029363,0.4838709677419355,0.17510735532765237,0.8609952788529265,103,"HISTORICAL UK RETAIL, ACCOUNT AND BROKER ELIGIBILITY REMAIN UNRESOLVED",5,0.06619579326509248,0.0583000494289628,0.06683024355142,0.06562824710047192,0.05650406271844414,0.25
SECTOR,ROLE_GROUP,SHORT_MINUS_LONG_RS,5,6.748538011695906,89,-0.028044452821284722,-0.020979020979020987,0.47191011235955055,-0.6456178363883439,0.5185268832073759,-0.11318168788179231,0.05709278223922287,171,-0.00031133902673041334,-0.001620830512938043,0.45614035087719296,-0.18991817549766316,0.8493732496859646,89,"HISTORICAL UK RETAIL, ACCOUNT AND BROKER ELIGIBILITY REMAIN UNRESOLVED",5,0.00555843647100242,0.007310780265024653,0.0034061149910703838,0.003260532143325561,0.007171329948003954,0.5
SECTOR,ROLE_GROUP,SHORT_MINUS_LONG_RS,10,6.705882352941177,88,-0.043064930550333856,-0.04248251748251748,0.4431818181818182,-0.9722031097238314,0.3309495138334626,-0.1298839419597396,0.04375408085907188,170,-0.0002462622329075642,0.00022849065045249528,0.5117647058823529,-0.0835683773867513,0.9333996101499039,88,"HISTORICAL UK RETAIL, ACCOUNT AND BROKER ELIGIBILITY REMAIN UNRESOLVED",5,0.009530711938392123,0.01271686099436519,0.00873169809725595,0.004958105447686641,0.011959109067535206,0.5
SECTOR,ROLE_GROUP,SHORT_MINUS_LONG_RS,21,6.580838323353293,85,-0.0031737212288007605,-1.8735013540549518e-17,0.49411764705882355,-0.06343844567885647,0.9494173736651346,-0.1012274997988028,0.09488005734120128,167,0.00025208538755778164,-0.0015596307300211887,0.48502994011976047,0.04193380731064999,0.9665514657551307,85,"HISTORICAL UK RETAIL, ACCOUNT AND BROKER ELIGIBILITY REMAIN UNRESOLVED",5,0.021071212836887617,0.01931484485360291,0.019291653879983797,0.0176088694141508,0.028093276639137996,0.25
SECTOR,ROLE_GROUP,SHORT_MINUS_LONG_RS,42,6.423312883435583,81,-0.01796463518633688,0.016666666666666535,0.5061728395061729,-0.20627966040357076,0.8365724655219737,-0.18865542404906563,0.1527261536763919,163,-0.002151806092039682,-0.002049859094834461,0.4785276073619632,-0.1681232651953464,0.8664863068744464,81,"HISTORICAL UK RETAIL, ACCOUNT AND BROKER ELIGIBILITY REMAIN UNRESOLVED",5,0.037958835567552154,0.03399592685301032,0.03146105539299383,0.04076601440886294,0.04340118483538946,0.5
SECTOR,ROLE_GROUP,SHORT_MINUS_LONG_RS,63,6.2578616352201255,77,-0.029532296365367413,1.8735013540549518e-17,0.5064935064935064,-0.29245778712364323,0.7699366306544508,-0.22744884981453997,0.16838425708380514,159,-0.004268842573704019,-0.00787947814325185,0.4528301886792453,-0.21000938264815977,0.833660350037861,77,"HISTORICAL UK RETAIL, ACCOUNT AND BROKER ELIGIBILITY REMAIN UNRESOLVED",5,0.06441136608979506,0.05363550972265683,0.04828791897999729,0.06020514463664205,0.05823264410101995,0.25
SECTOR,ROLE_GROUP,SHORT_MINUS_LONG_RS,126,5.657534246575342,64,-0.032004348169752624,-0.03571428571428571,0.40625,-0.4498337904266353,0.6528302911225361,-0.171450008092061,0.10744131175255578,146,0.014284724837806887,-0.01799163600027781,0.4383561643835616,0.4104504800386726,0.681475522436035,64,"HISTORICAL UK RETAIL, ACCOUNT AND BROKER ELIGIBILITY REMAIN UNRESOLVED",5,0.1331170623787388,0.10999334339658615,0.12386861638756042,0.17919305582608203,0.11951525110998204,0.5
THEME,ROLE_GROUP,ACCEL_FAST_COMPOSITE,5,6.087179487179487,58,0.045238073425914765,0.05037473352740356,0.5344827586206896,1.01329202146801,0.3109206973412213,-0.042263843855855354,0.13273999070768489,195,0.0008549961591121814,-0.0006746779694631888,0.48205128205128206,0.5507121659569697,0.5818310033919997,54,"HISTORICAL UK RETAIL, ACCOUNT AND BROKER ELIGIBILITY REMAIN UNRESOLVED",5,-0.004380321621304949,0.0003265302634244015,-0.0007233032584479672,0.0026736692057664994,-0.0008079353644507936,0.5
THEME,ROLE_GROUP,ACCEL_FAST_COMPOSITE,10,5.972677595628415,51,0.09292459070352174,0.11634750786768881,0.6470588235294118,1.449859183298093,0.1470977915334476,-0.032693712891126187,0.21854289429816967,183,0.005086107858663935,0.002860672533116837,0.5409836065573771,1.8152964877012105,0.06947835847528482,49,"HISTORICAL UK RETAIL, ACCOUNT AND BROKER ELIGIBILITY REMAIN UNRESOLVED",5,-0.010408311308347521,-0.003199852126524504,-0.0037301343097348714,0.0007940177608550291,-0.0010401518749356853,0.5
THEME,ROLE_GROUP,ACCEL_FAST_COMPOSITE,21,5.679245283018868,38,0.05847766103758786,0.12203085396675527,0.5526315789473685,0.6376773864350418,0.5236837089089084,-0.12125916509414567,0.2382144871693214,159,0.00817304243111357,0.008688517242103178,0.5911949685534591,1.6313835073752485,0.10280942271229909,38,"HISTORICAL UK RETAIL, ACCOUNT AND BROKER ELIGIBILITY REMAIN UNRESOLVED",5,-0.022065232146128547,-0.024368155262135118,-0.01910105062132967,-0.009543262736260936,-0.004075054189547363,0.75
THEME,ROLE_GROUP,ACCEL_FAST_COMPOSITE,42,5.065040650406504,22,0.013537338978594127,0.03274070050207784,0.5,0.2462913041881935,0.8054567409158967,-0.09419158361576936,0.12126626157295763,123,0.005676184893741403,0.004709183469549405,0.5447154471544715,1.0202366327214076,0.3076162479309278,22,"HISTORICAL UK RETAIL, ACCOUNT AND BROKER ELIGIBILITY REMAIN UNRESOLVED",5,-0.032692580751231534,-0.040710973286802336,-0.028452760404481327,-0.03413025893852893,-0.027506454458587928,0.5
THEME,ROLE_GROUP,ACCEL_FAST_COMPOSITE,63,3.976470588235294,6,-0.1276052265450938,-0.12810391799768173,0.3333333333333333,-2.8463696184126226,0.00442208337858458,-0.2154721172853541,-0.03973833580483349,85,0.008105491431883594,0.006714961649701312,0.5647058823529412,0.7887342460921849,0.43026734768784514,6,"HISTORICAL UK RETAIL, ACCOUNT AND BROKER ELIGIBILITY REMAIN UNRESOLVED",5,-0.01781529504956784,0.011571627411204518,-0.015513338338465776,-0.0387687467170968,-0.042615116642279564,0.25
THEME,ROLE_GROUP,ACCEL_FAST_COMPOSITE,126,3.046511627906977,0,,,,,,,,43,0.009179511658182848,0.0168042670545836,0.627906976744186,0.5123801581398288,0.6083849748994483,0,"HISTORICAL UK RETAIL, ACCOUNT AND BROKER ELIGIBILITY REMAIN UNRESOLVED",0,,,,,,
THEME,ROLE_GROUP,DISCRETE_RECENT_CONSISTENCY,5,6.628289473684211,118,0.05991475291076488,0.0879120879120879,0.559322033898305,1.5593681254016065,0.11890927598532224,-0.015391876700810589,0.13522138252234034,304,0.0004927834975085438,0.0014337094599323752,0.5296052631578947,0.3519778519198629,0.7248548725820887,103,"HISTORICAL UK RETAIL, ACCOUNT AND BROKER ELIGIBILITY REMAIN UNRESOLVED",5,-0.0003992525949744358,0.0022153738756624797,0.005212597634704135,0.0011740239498227738,0.004865971412359066,0.75
THEME,ROLE_GROUP,DISCRETE_RECENT_CONSISTENCY,10,6.554385964912281,106,0.07104371765859001,0.06043956043956042,0.5660377358490566,1.5977882763239757,0.11009010464559668,-0.016103703562339658,0.1581911388795197,285,0.0016143088023428756,-0.00064515533934284,0.49473684210526314,0.7473102956258363,0.4548762791700096,94,"HISTORICAL UK RETAIL, ACCOUNT AND BROKER ELIGIBILITY REMAIN UNRESOLVED",5,-0.005664700594224724,0.0024633680721786225,0.008619829964203964,0.0034011045218664293,0.005118998502844841,0.75
THEME,ROLE_GROUP,DISCRETE_RECENT_CONSISTENCY,21,6.370967741935484,83,0.09068141874662074,0.14685314685314682,0.6144578313253012,1.273415322433193,0.20287070302117327,-0.04888994628986072,0.2302527837831022,248,0.0025823223248782304,0.0028301099949262776,0.5241935483870968,0.5849630031872074,0.5585725936409518,75,"HISTORICAL UK RETAIL, ACCOUNT AND BROKER ELIGIBILITY REMAIN UNRESOLVED",5,-0.0194549248272179,0.00221293758619758,0.008708635225363538,0.008766846515328153,0.009911150289585885,1.0
THEME,ROLE_GROUP,DISCRETE_RECENT_CONSISTENCY,42,6.130434782608695,62,0.12867608356223156,0.17448287007110536,0.6774193548387096,1.320825659181055,0.18655950198151416,-0.062265459479876634,0.3196176266043398,207,0.0028228251112723517,0.0029521077841259125,0.5265700483091788,0.32131898241829837,0.7479686726230942,58,"HISTORICAL UK RETAIL, ACCOUNT AND BROKER ELIGIBILITY REMAIN UNRESOLVED",5,-0.025989388036194265,-0.003392168735867486,0.0031331018456618614,0.031076406770843525,0.022182248588373317,0.75
THEME,ROLE_GROUP,DISCRETE_RECENT_CONSISTENCY,63,5.842424242424243,42,0.09229757170933642,0.0891725921137686,0.6428571428571429,1.2731359376855096,0.20296980833791034,-0.049792452659678244,0.23438759607835108,165,0.0006652212674881693,-0.002949348809088037,0.4727272727272727,0.05836996497277693,0.9534539384481058,42,"HISTORICAL UK RETAIL, ACCOUNT AND BROKER ELIGIBILITY REMAIN UNRESOLVED",5,-0.033059238242050246,-0.005449972549418037,-0.0006139744320448025,0.04644636017829907,0.022321133023534702,0.75
THEME,ROLE_GROUP,DISCRETE_RECENT_CONSISTENCY,126,3.1774193548387095,0,,,,,,,,62,-0.006563899419401353,-0.007886532208343788,0.45161290322580644,-0.4935474230717075,0.6216258401971173,0,"HISTORICAL UK RETAIL, ACCOUNT AND BROKER ELIGIBILITY REMAIN UNRESOLVED",0,,,,,,
THEME,ROLE_GROUP,MH_LEVEL_3_6_12_REFERENCE,5,3.0,0,,,,,,,,34,0.002682349870337301,0.0009049342749202216,0.5,1.1222056952134618,0.2617749916893647,0,"HISTORICAL UK RETAIL, ACCOUNT AND BROKER ELIGIBILITY REMAIN UNRESOLVED",0,,,,,,
THEME,ROLE_GROUP,MH_LEVEL_3_6_12_REFERENCE,10,3.0,0,,,,,,,,33,0.004938692552817459,0.005308771995585104,0.5454545454545454,1.240399040817139,0.21482783561543528,0,"HISTORICAL UK RETAIL, ACCOUNT AND BROKER ELIGIBILITY REMAIN UNRESOLVED",0,,,,,,
THEME,ROLE_GROUP,MH_LEVEL_3_6_12_REFERENCE,21,3.0,0,,,,,,,,30,0.008564393914761019,0.0072096111373902705,0.6666666666666666,2.0314812782613876,0.04220619681228863,0,"HISTORICAL UK RETAIL, ACCOUNT AND BROKER ELIGIBILITY REMAIN UNRESOLVED",0,,,,,,
THEME,ROLE_GROUP,MH_LEVEL_3_6_12_REFERENCE,42,3.0,0,,,,,,,,26,0.012134314157795785,0.015017729050353368,0.7307692307692307,1.2150273098956814,0.2243556755319961,0,"HISTORICAL UK RETAIL, ACCOUNT AND BROKER ELIGIBILITY REMAIN UNRESOLVED",0,,,,,,
THEME,ROLE_GROUP,MH_LEVEL_3_6_12_REFERENCE,63,3.0,0,,,,,,,,22,0.019213857473086383,0.020686848083437237,0.7727272727272727,1.3204875292590648,0.1866722969730934,0,"HISTORICAL UK RETAIL, ACCOUNT AND BROKER ELIGIBILITY REMAIN UNRESOLVED",0,,,,,,
THEME,ROLE_GROUP,MH_LEVEL_3_6_12_REFERENCE,126,3.0,0,,,,,,,,9,0.015240027456341232,-0.015622448305024239,0.4444444444444444,1.5818126945445659,0.11369233615184897,0,"HISTORICAL UK RETAIL, ACCOUNT AND BROKER ELIGIBILITY REMAIN UNRESOLVED",0,,,,,,
THEME,ROLE_GROUP,MH_LEVEL_60D_CENTERED,5,3.0,0,,,,,,,,34,0.0016236427335044796,0.0006376584053786605,0.5,0.6170941362274291,0.5371726361488105,0,"HISTORICAL UK RETAIL, ACCOUNT AND BROKER ELIGIBILITY REMAIN UNRESOLVED",0,,,,,,
THEME,ROLE_GROUP,MH_LEVEL_60D_CENTERED,10,3.0,0,,,,,,,,33,0.004554971008175533,0.0013698148460334902,0.5454545454545454,1.096689610939269,0.2727770994776,0,"HISTORICAL UK RETAIL, ACCOUNT AND BROKER ELIGIBILITY REMAIN UNRESOLVED",0,,,,,,
THEME,ROLE_GROUP,MH_LEVEL_60D_CENTERED,21,3.0,0,,,,,,,,30,0.0035933872176459863,0.006533671503710203,0.6333333333333333,0.7201857222787423,0.4714106535290241,0,"HISTORICAL UK RETAIL, ACCOUNT AND BROKER ELIGIBILITY REMAIN UNRESOLVED",0,,,,,,
THEME,ROLE_GROUP,MH_LEVEL_60D_CENTERED,42,3.0,0,,,,,,,,26,0.006516923089128678,0.012694226614756166,0.6153846153846154,0.5257291687845962,0.5990763942600879,0,"HISTORICAL UK RETAIL, ACCOUNT AND BROKER ELIGIBILITY REMAIN UNRESOLVED",0,,,,,,
THEME,ROLE_GROUP,MH_LEVEL_60D_CENTERED,63,3.0,0,,,,,,,,22,0.008051857598724656,0.019244796344571657,0.6818181818181818,0.43562592108546255,0.6631081608386984,0,"HISTORICAL UK RETAIL, ACCOUNT AND BROKER ELIGIBILITY REMAIN UNRESOLVED",0,,,,,,
THEME,ROLE_GROUP,MH_LEVEL_60D_CENTERED,126,3.0,0,,,,,,,,9,-0.021727003886295053,-0.024199387417323193,0.3333333333333333,-0.8192660098762904,0.4126346608233139,0,"HISTORICAL UK RETAIL, ACCOUNT AND BROKER ELIGIBILITY REMAIN UNRESOLVED",0,,,,,,
THEME,ROLE_GROUP,MH_LEVEL_EQ,5,3.0,0,,,,,,,,34,0.003833946359324031,0.004993273874004611,0.5588235294117647,1.489160194892878,0.13644518983719203,0,"HISTORICAL UK RETAIL, ACCOUNT AND BROKER ELIGIBILITY REMAIN UNRESOLVED",0,,,,,,
THEME,ROLE_GROUP,MH_LEVEL_EQ,10,3.0,0,,,,,,,,33,0.006529909683272999,0.0040497080069583635,0.6060606060606061,1.5897181699873888,0.1118983461296459,0,"HISTORICAL UK RETAIL, ACCOUNT AND BROKER ELIGIBILITY REMAIN UNRESOLVED",0,,,,,,
THEME,ROLE_GROUP,MH_LEVEL_EQ,21,3.0,0,,,,,,,,30,0.011097925221320575,0.012847836035935645,0.7333333333333333,3.2915423697935475,0.0009963960609581737,0,"HISTORICAL UK RETAIL, ACCOUNT AND BROKER ELIGIBILITY REMAIN UNRESOLVED",0,,,,,,
THEME,ROLE_GROUP,MH_LEVEL_EQ,42,3.0,0,,,,,,,,26,0.01793930330155091,0.017244761854725343,0.7692307692307693,2.2992716594314224,0.02148951808248674,0,"HISTORICAL UK RETAIL, ACCOUNT AND BROKER ELIGIBILITY REMAIN UNRESOLVED",0,,,,,,
THEME,ROLE_GROUP,MH_LEVEL_EQ,63,3.0,0,,,,,,,,22,0.02290898020961317,0.021409385461056196,0.8181818181818182,1.8579073127299242,0.06318217775585981,0,"HISTORICAL UK RETAIL, ACCOUNT AND BROKER ELIGIBILITY REMAIN UNRESOLVED",0,,,,,,
THEME,ROLE_GROUP,MH_LEVEL_EQ,126,3.0,0,,,,,,,,9,0.020041783223093728,0.030292894707593998,0.5555555555555556,1.2769535054435563,0.20161866248332572,0,"HISTORICAL UK RETAIL, ACCOUNT AND BROKER ELIGIBILITY REMAIN UNRESOLVED",0,,,,,,
THEME,ROLE_GROUP,MH_LEVEL_RECENCY_TILT,5,3.0,0,,,,,,,,34,0.0004507172500976411,-0.0011415334834345425,0.47058823529411764,0.17113985892837094,0.8641137952823036,0,"HISTORICAL UK RETAIL, ACCOUNT AND BROKER ELIGIBILITY REMAIN UNRESOLVED",0,,,,,,
THEME,ROLE_GROUP,MH_LEVEL_RECENCY_TILT,10,3.0,0,,,,,,,,33,0.0030515371694506874,0.0013698148460334902,0.5454545454545454,0.827198587070689,0.40812451236953173,0,"HISTORICAL UK RETAIL, ACCOUNT AND BROKER ELIGIBILITY REMAIN UNRESOLVED",0,,,,,,
THEME,ROLE_GROUP,MH_LEVEL_RECENCY_TILT,21,3.0,0,,,,,,,,30,0.003594261913615319,0.004567891999548657,0.5666666666666667,0.9180840230427799,0.35857487863861837,0,"HISTORICAL UK RETAIL, ACCOUNT AND BROKER ELIGIBILITY REMAIN UNRESOLVED",0,,,,,,
THEME,ROLE_GROUP,MH_LEVEL_RECENCY_TILT,42,3.0,0,,,,,,,,26,0.008568051057798723,0.011229767168197569,0.6538461538461539,0.9910940862964829,0.32163964037179027,0,"HISTORICAL UK RETAIL, ACCOUNT AND BROKER ELIGIBILITY REMAIN UNRESOLVED",0,,,,,,
THEME,ROLE_GROUP,MH_LEVEL_RECENCY_TILT,63,3.0,0,,,,,,,,22,0.015301631432850864,0.021409385461056196,0.7727272727272727,0.9821914609304642,0.3260055335738047,0,"HISTORICAL UK RETAIL, ACCOUNT AND BROKER ELIGIBILITY REMAIN UNRESOLVED",0,,,,,,
THEME,ROLE_GROUP,MH_LEVEL_RECENCY_TILT,126,3.0,0,,,,,,,,9,0.0014509831933247187,0.030292894707593998,0.5555555555555556,0.047099716939684524,0.962433752938287,0,"HISTORICAL UK RETAIL, ACCOUNT AND BROKER ELIGIBILITY REMAIN UNRESOLVED",0,,,,,,
THEME,ROLE_GROUP,PAIRWISE_MAJORITY_5H,5,3.0,0,,,,,,,,34,0.0023999689696695935,0.0008630099300340754,0.5,0.905713482594874,0.3650875243522397,0,"HISTORICAL UK RETAIL, ACCOUNT AND BROKER ELIGIBILITY REMAIN UNRESOLVED",0,,,,,,
THEME,ROLE_GROUP,PAIRWISE_MAJORITY_5H,10,3.0,0,,,,,,,,33,0.0048047429721505735,0.0013698148460334902,0.5454545454545454,1.1795837498097799,0.23816580919274088,0,"HISTORICAL UK RETAIL, ACCOUNT AND BROKER ELIGIBILITY REMAIN UNRESOLVED",0,,,,,,
THEME,ROLE_GROUP,PAIRWISE_MAJORITY_5H,21,3.0,0,,,,,,,,30,0.005874601416001812,0.006533671503710203,0.6333333333333333,1.099118418960179,0.27171641684332304,0,"HISTORICAL UK RETAIL, ACCOUNT AND BROKER ELIGIBILITY REMAIN UNRESOLVED",0,,,,,,
THEME,ROLE_GROUP,PAIRWISE_MAJORITY_5H,42,3.0,0,,,,,,,,26,0.01145541916686217,0.015129868458900853,0.6923076923076923,0.9318884813401684,0.3513941610381883,0,"HISTORICAL UK RETAIL, ACCOUNT AND BROKER ELIGIBILITY REMAIN UNRESOLVED",0,,,,,,
THEME,ROLE_GROUP,PAIRWISE_MAJORITY_5H,63,3.0,0,,,,,,,,22,0.014929735459688993,0.021409385461056196,0.7727272727272727,0.8134012974947487,0.4159880156760344,0,"HISTORICAL UK RETAIL, ACCOUNT AND BROKER ELIGIBILITY REMAIN UNRESOLVED",0,,,,,,
THEME,ROLE_GROUP,PAIRWISE_MAJORITY_5H,126,3.0,0,,,,,,,,9,-0.012815726886319564,-0.024199387417323193,0.4444444444444444,-0.4493484947035773,0.6531802798634596,0,"HISTORICAL UK RETAIL, ACCOUNT AND BROKER ELIGIBILITY REMAIN UNRESOLVED",0,,,,,,
THEME,ROLE_GROUP,RRG_TRANSPARENT_LEVEL,5,5.6,35,-0.06773137244622318,-0.08275932921488825,0.37142857142857144,-1.0786167659081545,0.2807586041223368,-0.1908066433060217,0.05534389841357534,150,-0.0016178637790968404,0.0008883431017572274,0.5133333333333333,-0.8841072750068765,0.37663830637749784,35,"HISTORICAL UK RETAIL, ACCOUNT AND BROKER ELIGIBILITY REMAIN UNRESOLVED",5,-0.0006550306224601591,-0.0013380357302219842,-0.0010711944973117585,0.00027066883334262354,-0.0024240317181330314,0.5
THEME,ROLE_GROUP,RRG_TRANSPARENT_LEVEL,10,5.410071942446043,30,-0.05760719924917793,-0.0907040950379516,0.4,-0.7003130655049921,0.48373181399991183,-0.21883228748481465,0.1036178889864588,139,-0.0011891338359370559,-0.0039061697482392077,0.4748201438848921,-0.39980887028434703,0.6892972968942779,30,"HISTORICAL UK RETAIL, ACCOUNT AND BROKER ELIGIBILITY REMAIN UNRESOLVED",5,-0.008279307089224476,-0.005312461059353852,0.0005563042459242127,0.0005840726894254191,-0.007217720129981238,0.75
THEME,ROLE_GROUP,RRG_TRANSPARENT_LEVEL,21,4.871794871794871,19,-0.05702914348077194,-0.057931530450421764,0.47368421052631576,-0.4608567800033953,0.6449013616980535,-0.29956667822346733,0.18550839126192348,117,-0.0014168226170227652,-0.0032488762211728694,0.48717948717948717,-0.2737988361036835,0.7842392181087392,19,"HISTORICAL UK RETAIL, ACCOUNT AND BROKER ELIGIBILITY REMAIN UNRESOLVED",5,-0.027853807700845796,-0.014797605709173512,-0.02425012931431191,-0.002458872289714261,-0.024283472576309008,0.5
THEME,ROLE_GROUP,RRG_TRANSPARENT_LEVEL,42,3.617283950617284,3,0.029215944444751233,0.10439560439560432,0.6666666666666666,0.42770533984543246,0.6688656617109678,-0.1046664122888106,0.16309830117831306,81,0.002522424360393465,0.015065814760182095,0.6049382716049383,0.23914298401412099,0.8109947121257215,3,"HISTORICAL UK RETAIL, ACCOUNT AND BROKER ELIGIBILITY REMAIN UNRESOLVED",5,-0.018811867066307258,0.011882373213937111,-0.06471317387348496,-0.02157183203077892,-0.006375110981489744,0.75
THEME,ROLE_GROUP,RRG_TRANSPARENT_LEVEL,63,3.1774193548387095,0,,,,,,,,62,0.0021868613953923,0.004675543954005934,0.5967741935483871,0.1344506262156753,0.8930462510771221,0,"HISTORICAL UK RETAIL, ACCOUNT AND BROKER ELIGIBILITY REMAIN UNRESOLVED",0,,,,,,
THEME,ROLE_GROUP,RRG_TRANSPARENT_LEVEL,126,3.0,0,,,,,,,,34,0.02943663981453972,0.02072880890238271,0.6470588235294118,3.406901238593697,0.000657048971364613,0,"HISTORICAL UK RETAIL, ACCOUNT AND BROKER ELIGIBILITY REMAIN UNRESOLVED",0,,,,,,
THEME,ROLE_GROUP,RRG_TRANSPARENT_MOMENTUM,5,4.892857142857143,18,0.05672354252117002,-0.05069872189728507,0.4444444444444444,0.55445524179907,0.5792673289506625,-0.1437905694137819,0.25723765445612196,112,0.0013166581400296032,-0.0002777666770283349,0.5,0.6721647856433741,0.5014787963977547,18,"HISTORICAL UK RETAIL, ACCOUNT AND BROKER ELIGIBILITY REMAIN UNRESOLVED",5,0.001018296899239862,0.002611948431128543,0.01174001963574759,0.004038978796219822,0.0117337745763687,0.75
THEME,ROLE_GROUP,RRG_TRANSPARENT_MOMENTUM,10,4.554455445544554,13,-0.03196473018748851,0.12665698566619277,0.5384615384615384,-0.22554930752682298,0.821551971527477,-0.309729803509947,0.24580034313496996,101,0.001558675390059139,-0.00022770541913641473,0.49504950495049505,0.5053162148665751,0.6133367558555229,13,"HISTORICAL UK RETAIL, ACCOUNT AND BROKER ELIGIBILITY REMAIN UNRESOLVED",5,0.003181944359319537,0.01035906641492126,0.01880558637636557,0.015285778129695615,0.006572031320186313,0.5
THEME,ROLE_GROUP,RRG_TRANSPARENT_MOMENTUM,21,3.625,3,0.09571303735858357,0.3076923076923076,0.6666666666666666,0.7268147771588108,0.4673394294484734,-0.162391382046707,0.3538174567638741,80,0.0022111428305472357,0.004690711455417329,0.55,0.4645264244902597,0.6422706320661418,3,"HISTORICAL UK RETAIL, ACCOUNT AND BROKER ELIGIBILITY REMAIN UNRESOLVED",5,0.014186920691116081,0.01511103049879802,-0.008001647475852266,-0.009688239902203811,0.014107436382643052,0.5
THEME,ROLE_GROUP,RRG_TRANSPARENT_MOMENTUM,42,3.1774193548387095,0,,,,,,,,62,-0.004276582368145681,-0.0002570412892643481,0.4838709677419355,-0.5854281438050073,0.5582598694961127,0,"HISTORICAL UK RETAIL, ACCOUNT AND BROKER ELIGIBILITY REMAIN UNRESOLVED",0,,,,,,
THEME,ROLE_GROUP,RRG_TRANSPARENT_MOMENTUM,63,3.1372549019607843,0,,,,,,,,51,0.00015365344722250392,0.005209387632586937,0.5490196078431373,0.014855064580151385,0.9881478092330085,0,"HISTORICAL UK RETAIL, ACCOUNT AND BROKER ELIGIBILITY REMAIN UNRESOLVED",0,,,,,,
THEME,ROLE_GROUP,RRG_TRANSPARENT_MOMENTUM,126,3.0,0,,,,,,,,30,0.01419103277641581,0.032885977675431444,0.6666666666666666,0.7904592679106441,0.42925960105664085,0,"HISTORICAL UK RETAIL, ACCOUNT AND BROKER ELIGIBILITY REMAIN UNRESOLVED",0,,,,,,
THEME,ROLE_GROUP,RS_126,5,5.6,35,-0.08182615703624108,-0.04395604395604395,0.4857142857142857,-1.2863128172919853,0.19833391105676113,-0.20650525424214786,0.042852940169665704,150,-0.000967650177656223,-0.00017226966071820504,0.5,-0.5335189979145517,0.5936743636680208,35,"HISTORICAL UK RETAIL, ACCOUNT AND BROKER ELIGIBILITY REMAIN UNRESOLVED",5,0.0017257736301189834,-0.0006663433943040483,-0.003523882664342659,-0.002864231967142067,-0.0015163936753739124,0.5
THEME,ROLE_GROUP,RS_126,10,5.410071942446043,30,-0.05437284937284937,-0.06868131868131866,0.3333333333333333,-0.6288507237803767,0.5294467886497684,-0.22383886487961488,0.11509316613391615,139,0.0002645941224652758,0.0011297263638403443,0.5179856115107914,0.09003234396784614,0.9282615124204758,30,"HISTORICAL UK RETAIL, ACCOUNT AND BROKER ELIGIBILITY REMAIN UNRESOLVED",5,-0.001964161416827003,-0.0023594180267419947,-0.010199153665451774,-0.00896826785977215,0.0017558836018481774,0.5
THEME,ROLE_GROUP,RS_126,21,4.871794871794871,19,-0.015398120970876403,0.029411764705882353,0.5263157894736842,-0.14729912310655804,0.8828959245892909,-0.22028571226139793,0.18948947031964514,117,0.001830458735011364,-0.0026044400107387844,0.49572649572649574,0.33977187305946743,0.7340283311306189,19,"HISTORICAL UK RETAIL, ACCOUNT AND BROKER ELIGIBILITY REMAIN UNRESOLVED",5,-0.03212386194633991,-0.001461158734214942,-0.030401723993244176,-0.0259816566020541,-0.0013628943230341176,0.75
THEME,ROLE_GROUP,RS_126,42,3.617283950617284,3,0.12282717282717277,0.13736263736263726,0.6666666666666666,1.36052025047865,0.17366534908429632,-0.05411751798462576,0.2997718636389713,81,0.0026506187604767983,0.01133411256633643,0.5802469135802469,0.22999454354186477,0.818096009698569,3,"HISTORICAL UK RETAIL, ACCOUNT AND BROKER ELIGIBILITY REMAIN UNRESOLVED",5,-0.0365632574099688,-0.005575348978117029,-0.021708800142073385,-0.03325055948476779,0.004820854653063765,0.5
THEME,ROLE_GROUP,RS_126,63,3.1774193548387095,0,,,,,,,,62,0.004860485944350869,0.01070807924586814,0.6451612903225806,0.2798755178901568,0.7795730107937707,0,"HISTORICAL UK RETAIL, ACCOUNT AND BROKER ELIGIBILITY REMAIN UNRESOLVED",0,,,,,,
THEME,ROLE_GROUP,RS_126,126,3.0,0,,,,,,,,34,0.04636073180208556,0.04569000791959499,0.7647058823529411,4.392556360771098,1.1202557579158165e-05,0,"HISTORICAL UK RETAIL, ACCOUNT AND BROKER ELIGIBILITY REMAIN UNRESOLVED",0,,,,,,
THEME,ROLE_GROUP,RS_21,5,7.362745098039215,263,0.04383211845189031,0.050000000000000044,0.5361216730038023,1.742316402469034,0.08145309484577938,-0.005475443257370136,0.09313968016115076,510,0.0005445038055735459,-0.0010306544138034557,0.4823529411764706,0.4864846320145135,0.6266235987455306,220,"HISTORICAL UK RETAIL, ACCOUNT AND BROKER ELIGIBILITY REMAIN UNRESOLVED",5,0.0009660615040678096,-0.00037474726021363935,-0.0006294503310933832,0.0015498226780004758,0.0023840778870227977,0.5
THEME,ROLE_GROUP,RS_21,10,7.269709543568465,240,0.05350031708487591,0.08957708957708954,0.5541666666666667,1.7427687411536454,0.08137401859719735,-0.006667559565480652,0.11366819373523247,482,0.0029116173981268275,-0.00033796219978865505,0.4896265560165975,1.5740109236769793,0.1154849240506493,203,"HISTORICAL UK RETAIL, ACCOUNT AND BROKER ELIGIBILITY REMAIN UNRESOLVED",5,-0.0027445097360377082,-0.00028344587919397295,0.0019536471148986147,0.0029388351065034587,0.0028765299019437676,0.75
THEME,ROLE_GROUP,RS_21,21,7.016908212560386,188,0.08545964361045712,0.08021978021978023,0.5851063829787234,2.3557973870885145,0.018482995916555587,0.014359376445659947,0.15655991077525427,414,0.005508193818676022,0.001502211886084237,0.5096618357487923,1.6997872731091395,0.0891709462884556,162,"HISTORICAL UK RETAIL, ACCOUNT AND BROKER ELIGIBILITY REMAIN UNRESOLVED",5,-0.00881792598103803,-0.0007517402873296893,0.007411336821629867,0.010990828676442174,0.000814620280348223,0.75
THEME,ROLE_GROUP,RS_21,42,6.598726114649682,123,0.10230740883538589,0.10000000000000003,0.5772357723577236,2.080465516003015,0.03748285540663605,0.005925692759549406,0.19868912491122237,314,0.005913597842665499,0.0038975215690527643,0.535031847133758,0.9979796736227939,0.3182892151931812,106,"HISTORICAL UK RETAIL, ACCOUNT AND BROKER ELIGIBILITY REMAIN UNRESOLVED",5,-0.004387683209568085,0.0019207087531636015,0.014913752445208752,0.03344966886004037,0.011980808041697903,0.75
THEME,ROLE_GROUP,RS_21,63,6.36,85,0.11100561491564953,0.12087912087912087,0.6352941176470588,1.7240011154506358,0.0847076417950031,-0.015193263592341216,0.23720449342364028,250,0.005581644206422966,0.005248084737890513,0.524,0.7544130340653974,0.45060124747686137,76,"HISTORICAL UK RETAIL, ACCOUNT AND BROKER ELIGIBILITY REMAIN UNRESOLVED",5,-0.0011764498857325324,0.004360122352483658,0.03748011304079048,0.056960770678976334,0.031893584642445266,0.75
THEME,ROLE_GROUP,RS_21,126,4.8559322033898304,19,0.21980372568607864,0.28791208791208783,0.7368421052631579,6.208703731310058,5.34234312759656e-10,0.1504160717318556,0.2891913796403017,118,0.013651573116274763,0.00975224521310869,0.5677966101694916,0.8896230983211988,0.3736682991835495,19,"HISTORICAL UK RETAIL, ACCOUNT AND BROKER ELIGIBILITY REMAIN UNRESOLVED",5,-0.06409106713110647,0.027661869611450434,0.0627333852520557,0.08409571376894975,0.033273501771569576,0.75
THEME,ROLE_GROUP,RS_252,5,3.0,0,,,,,,,,34,0.004591389377880254,0.006711728379188875,0.5294117647058824,1.7344051584968787,0.08284622044278843,0,"HISTORICAL UK RETAIL, ACCOUNT AND BROKER ELIGIBILITY REMAIN UNRESOLVED",0,,,,,,
THEME,ROLE_GROUP,RS_252,10,3.0,0,,,,,,,,33,0.008000827749322894,0.011915570176538326,0.6666666666666666,1.8673102273809414,0.06185827800279759,0,"HISTORICAL UK RETAIL, ACCOUNT AND BROKER ELIGIBILITY REMAIN UNRESOLVED",0,,,,,,
THEME,ROLE_GROUP,RS_252,21,3.0,0,,,,,,,,30,0.016589008688462203,0.018183116179941727,0.7,2.649567718441117,0.008059481872846481,0,"HISTORICAL UK RETAIL, ACCOUNT AND BROKER ELIGIBILITY REMAIN UNRESOLVED",0,,,,,,
THEME,ROLE_GROUP,RS_252,42,3.0,0,,,,,,,,26,0.028170261790446842,0.0372430890066936,0.8846153846153846,3.823106676886008,0.0001317807311768297,0,"HISTORICAL UK RETAIL, ACCOUNT AND BROKER ELIGIBILITY REMAIN UNRESOLVED",0,,,,,,
THEME,ROLE_GROUP,RS_252,63,3.0,0,,,,,,,,22,0.03570827816368938,0.02975249939974678,1.0,6.592029166643363,4.338553312135846e-11,0,"HISTORICAL UK RETAIL, ACCOUNT AND BROKER ELIGIBILITY REMAIN UNRESOLVED",0,,,,,,
THEME,ROLE_GROUP,RS_252,126,3.0,0,,,,,,,,9,0.07824561114554765,0.07573282927205294,1.0,6.891641327858376,5.515229017645829e-12,0,"HISTORICAL UK RETAIL, ACCOUNT AND BROKER ELIGIBILITY REMAIN UNRESOLVED",0,,,,,,
THEME,ROLE_GROUP,RS_42,5,7.05955334987593,182,0.04258901247427427,0.043040293040293026,0.5494505494505495,1.4809155071077083,0.13862909020972186,-0.013776749236014588,0.09895477418456312,403,0.0005570669577276546,0.0014176631077826851,0.5161290322580645,0.4760791354509905,0.6340180008189444,158,"HISTORICAL UK RETAIL, ACCOUNT AND BROKER ELIGIBILITY REMAIN UNRESOLVED",5,0.00047180407545705194,0.0013579574236644043,-0.0009088227069866082,0.0015302847763810508,-0.0001386953771424966,0.5
THEME,ROLE_GROUP,RS_42,10,6.960106382978723,164,0.05398903165223108,0.06168831168831172,0.524390243902439,1.6704341255783195,0.09483350258214462,-0.009357709160987923,0.11733577246545009,376,0.0019302117380679592,0.00036806489126361974,0.5079787234042553,1.0394570670167933,0.29859221528918056,143,"HISTORICAL UK RETAIL, ACCOUNT AND BROKER ELIGIBILITY REMAIN UNRESOLVED",5,-0.001559846626201401,0.003848379164704874,-0.0011202068508696093,0.00488068783239088,4.824319778726161e-05,0.5
THEME,ROLE_GROUP,RS_42,21,6.596153846153846,121,0.09002414697601861,0.11904761904761904,0.5950413223140496,1.94468720851567,0.051812635997293695,-0.0007071979103459997,0.1807554918623832,312,0.0022163780389812308,0.004115021438249822,0.5448717948717948,0.6046147832439792,0.5454349816942625,105,"HISTORICAL UK RETAIL, ACCOUNT AND BROKER ELIGIBILITY REMAIN UNRESOLVED",5,-0.004959542641365326,0.005183612402120374,0.0033315056650424367,0.022072298317477465,0.0028087888108869067,0.5
THEME,ROLE_GROUP,RS_42,42,6.372,84,0.12000113565239616,0.09945054945054949,0.6309523809523809,1.3216309712135321,0.1862910649525723,-0.05795920963721317,0.2979614809420055,250,0.003610711173613349,0.005473752883935812,0.556,0.46821945045163355,0.6396276641139197,76,"HISTORICAL UK RETAIL, ACCOUNT AND BROKER ELIGIBILITY REMAIN UNRESOLVED",5,-0.014504092492490094,0.0030056893040064565,0.013161773487555954,0.03235521736193362,0.016621770415316598,0.75
THEME,ROLE_GROUP,RS_42,63,6.145631067961165,62,0.1498027905048778,0.1803652230122818,0.6612903225806451,1.8401544612056255,0.06574556353106845,-0.009753420869244689,0.3093590018790003,206,0.007581354985290679,0.004634802240012337,0.5194174757281553,0.7300486063976515,0.465360474234061,58,"HISTORICAL UK RETAIL, ACCOUNT AND BROKER ELIGIBILITY REMAIN UNRESOLVED",5,-0.01614224828931803,0.00469588642933122,0.030955504746132345,0.04463271013526526,0.03326050532331432,0.75
THEME,ROLE_GROUP,RS_42,126,3.6296296296296298,3,0.3558529705588529,0.36176470588235293,1.0,14.228856008108446,6.066607634919587e-46,0.30683574769220145,0.40487019342550434,81,0.0040445150385602785,0.009426476897571145,0.5555555555555556,0.24561470059667626,0.8059805083481694,3,"HISTORICAL UK RETAIL, ACCOUNT AND BROKER ELIGIBILITY REMAIN UNRESOLVED",5,-0.06740431425437798,0.030238682020594987,0.12062196322230227,0.001990296439973671,0.10105838268138234,0.75
THEME,ROLE_GROUP,RS_63,5,6.628289473684211,118,0.06393720935096806,0.09340659340659342,0.559322033898305,1.7074009469720415,0.087747554482563,-0.00945775263621594,0.13733217133815206,304,0.00013608822159976472,0.0016878819971446468,0.5394736842105263,0.09794982991947578,0.9219721316363949,103,"HISTORICAL UK RETAIL, ACCOUNT AND BROKER ELIGIBILITY REMAIN UNRESOLVED",5,0.0008973014386527303,0.0006161935784381039,0.007143868106107086,0.002671728689957904,0.001186578477295939,0.25
THEME,ROLE_GROUP,RS_63,10,6.554385964912281,106,0.06882578206107616,0.06641887524240465,0.5283018867924528,1.588825785082276,0.11209973013023786,-0.016077204354471422,0.15372876847662376,285,0.0011879396467944807,-0.0009264972373608238,0.48771929824561405,0.535810459453385,0.5920895526865639,94,"HISTORICAL UK RETAIL, ACCOUNT AND BROKER ELIGIBILITY REMAIN UNRESOLVED",5,-0.005670196407967924,0.0009298745137742301,0.012472627532066375,0.00602153541233096,-0.0006477294916951369,0.5
THEME,ROLE_GROUP,RS_63,21,6.370967741935484,83,0.06864539901393195,0.10000000000000002,0.6385542168674698,0.9080785234427221,0.36383673639382985,-0.07951635825526125,0.21680715628312514,248,0.0009961097130007524,0.0018150597579951189,0.5201612903225806,0.21221672767714175,0.8319379571439953,75,"HISTORICAL UK RETAIL, ACCOUNT AND BROKER ELIGIBILITY REMAIN UNRESOLVED",5,-0.019386838718071734,0.0008499416867421767,0.014708149662429382,0.010256037158567459,0.0023338013136330066,0.5
THEME,ROLE_GROUP,RS_63,42,6.130434782608695,62,0.09831324589389104,0.14604072398190043,0.6290322580645161,0.9328124376760705,0.3509168182969097,-0.10825606361843632,0.3048825554062184,207,0.0025580164397395605,0.006736482572546443,0.5603864734299517,0.2640388864951891,0.7917499545751068,58,"HISTORICAL UK RETAIL, ACCOUNT AND BROKER ELIGIBILITY REMAIN UNRESOLVED",5,-0.026493018829501894,-0.006014753153623455,0.015271964417870623,0.028097418100448267,0.01334427878324609,0.75
THEME,ROLE_GROUP,RS_63,63,5.842424242424243,42,0.08185745160535077,0.0862152553329024,0.6190476190476191,1.018873354656133,0.3082630949878319,-0.07560829846018627,0.2393232016708878,165,0.0066414762118724045,0.006570928993077985,0.5454545454545454,0.5168387509260808,0.6052687266611336,42,"HISTORICAL UK RETAIL, ACCOUNT AND BROKER ELIGIBILITY REMAIN UNRESOLVED",5,-0.04045817054347243,0.0030520949670367003,0.009732620174567474,0.0353678691926788,0.01978643009294918,0.75
THEME,ROLE_GROUP,RS_63,126,3.1774193548387095,0,,,,,,,,62,-0.01090122907347876,-0.013055930159216522,0.41935483870967744,-0.550300405092744,0.5821133464393045,0,"HISTORICAL UK RETAIL, ACCOUNT AND BROKER ELIGIBILITY REMAIN UNRESOLVED",0,,,,,,
THEME,ROLE_GROUP,SHORT_MINUS_LONG_RS,5,3.0,0,,,,,,,,34,-0.0029429338372835403,-0.0026416718170956255,0.4411764705882353,-1.2130097133772835,0.2251261068367083,0,"HISTORICAL UK RETAIL, ACCOUNT AND BROKER ELIGIBILITY REMAIN UNRESOLVED",0,,,,,,
THEME,ROLE_GROUP,SHORT_MINUS_LONG_RS,10,3.0,0,,,,,,,,33,-0.0035259036543692055,-0.0007136359870036912,0.48484848484848486,-0.9403888373062014,0.3470181459137627,0,"HISTORICAL UK RETAIL, ACCOUNT AND BROKER ELIGIBILITY REMAIN UNRESOLVED",0,,,,,,
THEME,ROLE_GROUP,SHORT_MINUS_LONG_RS,21,3.0,0,,,,,,,,30,-0.006287432100513168,-0.0018249887673543186,0.43333333333333335,-0.8000139871991102,0.4237026932652761,0,"HISTORICAL UK RETAIL, ACCOUNT AND BROKER ELIGIBILITY REMAIN UNRESOLVED",0,,,,,,
THEME,ROLE_GROUP,SHORT_MINUS_LONG_RS,42,3.0,0,,,,,,,,26,-0.006881761387545444,0.0012635941998913047,0.5384615384615384,-0.7316784706748721,0.4643648400902253,0,"HISTORICAL UK RETAIL, ACCOUNT AND BROKER ELIGIBILITY REMAIN UNRESOLVED",0,,,,,,
THEME,ROLE_GROUP,SHORT_MINUS_LONG_RS,63,3.0,0,,,,,,,,22,-0.0030679629828291462,-0.004962717502568104,0.45454545454545453,-0.3181199960744798,0.7503939162419102,0,"HISTORICAL UK RETAIL, ACCOUNT AND BROKER ELIGIBILITY REMAIN UNRESOLVED",0,,,,,,
THEME,ROLE_GROUP,SHORT_MINUS_LONG_RS,126,3.0,0,,,,,,,,9,-0.02430060719569656,0.020529639258563215,0.5555555555555556,-0.8303990543025872,0.4063132001237565,0,"HISTORICAL UK RETAIL, ACCOUNT AND BROKER ELIGIBILITY REMAIN UNRESOLVED",0,,,,,,
