specification_id,pool_id,signal_id,selection_rule,cadence,test_class,warning,selected_gross_cagr,selected_net_cagr,equal_pool_cagr,global_benchmark_cagr,unselected_pool_cagr,selected_gross_excess_vs_pool_cagr,selected_net_excess_vs_pool_cagr,selected_gross_excess_vs_global_cagr,selected_net_excess_vs_global_cagr,selected_vs_unselected_cagr_spread,selected_net_annualised_volatility,selected_net_sharpe_zero_cash_hurdle,selected_net_sortino_zero_cash_hurdle,selected_net_maximum_drawdown,selected_net_calmar,selected_net_ulcer_index,selected_net_worst_month,selected_net_worst_rolling_three_months,selected_net_maximum_recovery_duration_calendar_days,selected_net_annual_turnover_traded_notional,selected_net_executed_rebalances,selected_net_trade_legs,selected_net_average_holding_period_calendar_days,selected_net_percentage_invested,selected_net_average_holding_count,selected_net_average_concentration_hhi,selected_net_total_transaction_cost_rate,selected_net_cancelled_rebalances,criteria_passed,criteria_total,gate_pass
INDUSTRY|MH_LEVEL_3_6_12_REFERENCE|TOP_1|WEEKLY,INDUSTRY,MH_LEVEL_3_6_12_REFERENCE,TOP_1,WEEKLY,FROZEN_FROM_A3R1R1,"HISTORICAL UK RETAIL, ACCOUNT AND BROKER ELIGIBILITY REMAIN UNRESOLVED",0.20388267195035037,0.14211985877603928,0.19049251314477278,0.11568564329764564,0.17686382688496316,0.01339015880557759,-0.0483726543687335,0.08819702865270473,0.02643421547839364,0.02701884506538721,0.343012478350633,0.4143285383068835,0.5491917089971974,-0.4810076984105798,0.2954627529780786,0.20610008554158282,-0.2601944447090473,-0.4810076984105798,923.0,26.34733893171806,66,131,27.876923076923077,1.0,1.0,1.0,0.26334579518681145,1,,,
INDUSTRY|MH_LEVEL_3_6_12_REFERENCE|TOP_2|WEEKLY,INDUSTRY,MH_LEVEL_3_6_12_REFERENCE,TOP_2,WEEKLY,FROZEN_FROM_A3R1R1,"HISTORICAL UK RETAIL, ACCOUNT AND BROKER ELIGIBILITY REMAIN UNRESOLVED",0.15382379873914798,0.10985956094603977,0.19049251314477278,0.11568564329764564,0.1884109024966074,-0.0366687144056248,-0.08063295219873301,0.03813815544150234,-0.005826082351605866,-0.034587103757459436,0.28148638613169247,0.39028374500016616,0.5002459230659333,-0.3945474926561706,0.2784444534330805,0.14535567459629428,-0.24446417411754673,-0.36033496880591676,798.0,19.170596713754538,90,274,20.359550561797754,1.0,2.0,0.5004342730772287,0.19496666642847452,1,,,
INDUSTRY|MH_LEVEL_3_6_12_REFERENCE|TOP_3|WEEKLY,INDUSTRY,MH_LEVEL_3_6_12_REFERENCE,TOP_3,WEEKLY,FROZEN_FROM_A3R1R1,"HISTORICAL UK RETAIL, ACCOUNT AND BROKER ELIGIBILITY REMAIN UNRESOLVED",0.24241417097501694,0.2066723415627323,0.19049251314477278,0.11568564329764564,0.1447493322171094,0.05192165783024416,0.016179828417959508,0.1267285276773713,0.09098669826508665,0.09766483875790755,0.22949007060980436,0.9005720422393855,1.2173137327011307,-0.28227319924092575,0.732171322387335,0.09914441211400464,-0.1575330095460794,-0.2031731039504685,749.0,14.234504045518612,103,412,17.627450980392158,1.0,3.0,0.333860716784088,0.14707734181983073,0,,,
INDUSTRY|MH_LEVEL_3_6_12_REFERENCE|TOP_5|WEEKLY,INDUSTRY,MH_LEVEL_3_6_12_REFERENCE,TOP_5,WEEKLY,FROZEN_FROM_A3R1R1,"HISTORICAL UK RETAIL, ACCOUNT AND BROKER ELIGIBILITY REMAIN UNRESOLVED",0.22798514407551718,0.19995643921477524,0.19049251314477278,0.11568564329764564,0.11684347921448546,0.0374926309307444,0.00946392607000246,0.11229950077787154,0.0842707959171296,0.11114166486103172,0.18861034698373652,1.060156255542105,1.506139502625131,-0.21446216454168454,0.9323623103501324,0.09369531687073701,-0.11173011563696744,-0.16770335372410528,874.0,10.74139361601281,119,720,15.35593220338983,1.0,5.0,0.20049714854330217,0.11682355185639487,1,,,
INDUSTRY|MH_LEVEL_3_6_12_REFERENCE|VARIABLE_THRESHOLD|WEEKLY,INDUSTRY,MH_LEVEL_3_6_12_REFERENCE,VARIABLE_THRESHOLD,WEEKLY,FROZEN_FROM_A3R1R1,"HISTORICAL UK RETAIL, ACCOUNT AND BROKER ELIGIBILITY REMAIN UNRESOLVED",0.14597978721449634,0.08777922633346846,0.19798031228296242,0.12278806634319861,0.1942975893145118,-0.052000525068466086,-0.11020108594949396,0.023191720871297727,-0.03500884000973015,-0.04831780210001546,0.30135513874635567,0.29128166421396384,0.36137441121250313,-0.3766997599043428,0.2330217209476286,0.22481874390428364,-0.22585438449414585,-0.30161888081308685,1181.0,25.785958220943066,122,268,14.809917355371901,0.9082864038616251,1.6009654062751408,0.5978357435138599,0.25801554677097954,1,,,
INDUSTRY|MH_LEVEL_EQ|TOP_1|WEEKLY,INDUSTRY,MH_LEVEL_EQ,TOP_1,WEEKLY,FROZEN_FROM_A3R1R1,"HISTORICAL UK RETAIL, ACCOUNT AND BROKER ELIGIBILITY REMAIN UNRESOLVED",0.04212154633258991,-0.03287362306055286,0.19049251314477278,0.11568564329764564,0.19660872400149154,-0.14837096681218287,-0.22336613620532564,-0.07356409696505573,-0.1485592663581985,-0.15448717766890163,0.3381316827520999,-0.09722136297015989,-0.12168542133829147,-0.5642533062984915,-0.058260399529077155,0.29026033598817086,-0.21163473263630128,-0.3553127502645754,1263.0,37.20807406387665,93,185,19.619565217391305,1.0,1.0,1.0,0.3726027456336747,1,,,
INDUSTRY|MH_LEVEL_EQ|TOP_2|WEEKLY,INDUSTRY,MH_LEVEL_EQ,TOP_2,WEEKLY,FROZEN_FROM_A3R1R1,"HISTORICAL UK RETAIL, ACCOUNT AND BROKER ELIGIBILITY REMAIN UNRESOLVED",0.19844891820063215,0.14354935038659278,0.19049251314477278,0.11568564329764564,0.1690928550379549,0.007956405055859372,-0.04694316275818,0.08276327490298652,0.027863707088947143,0.02935606316267725,0.26851440246366565,0.534605775591562,0.6974697760451084,-0.3205033297061227,0.44788723573704103,0.15516111876885236,-0.19788351758821499,-0.2800299081978137,917.0,23.18198480680731,107,328,17.028301886792452,1.0,2.0,0.5003766703345419,0.2349059470829993,1,,,
INDUSTRY|MH_LEVEL_EQ|TOP_3|WEEKLY,INDUSTRY,MH_LEVEL_EQ,TOP_3,WEEKLY,FROZEN_FROM_A3R1R1,"HISTORICAL UK RETAIL, ACCOUNT AND BROKER ELIGIBILITY REMAIN UNRESOLVED",0.21889728932908792,0.1704617182052781,0.19049251314477278,0.11568564329764564,0.1574673633130037,0.02840477618431514,-0.020030794939494667,0.10321164603144228,0.05477607490763248,0.06142992601608421,0.22726601425340703,0.7500537146535655,1.0229896869114161,-0.2407430278285595,0.7080650257778976,0.11322700737945045,-0.14410854370402393,-0.1966571192948754,462.0,19.66368870701903,133,542,13.727272727272727,1.0,3.0,0.3337476869962861,0.20349285774919132,1,,,
INDUSTRY|MH_LEVEL_EQ|TOP_5|WEEKLY,INDUSTRY,MH_LEVEL_EQ,TOP_5,WEEKLY,FROZEN_FROM_A3R1R1,"HISTORICAL UK RETAIL, ACCOUNT AND BROKER ELIGIBILITY REMAIN UNRESOLVED",0.20441872298011243,0.16767713027090347,0.19049251314477278,0.11568564329764564,0.15454714887206134,0.013926209835339654,-0.022815382873869305,0.0887330796824668,0.05199148697325784,0.0498715741080511,0.1898322023451861,0.8832912867228058,1.2258343868117663,-0.21934408615866485,0.7644479192824577,0.09195502290847718,-0.10557546835677889,-0.1872815141281461,882.0,14.407700842104454,152,930,12.0,1.0,5.0,0.2002521366746186,0.1560328434467221,1,,,
INDUSTRY|MH_LEVEL_EQ|VARIABLE_THRESHOLD|WEEKLY,INDUSTRY,MH_LEVEL_EQ,VARIABLE_THRESHOLD,WEEKLY,FROZEN_FROM_A3R1R1,"HISTORICAL UK RETAIL, ACCOUNT AND BROKER ELIGIBILITY REMAIN UNRESOLVED",0.09126043624108404,0.0348792336479542,0.19049251314477278,0.11568564329764564,0.17577434871256958,-0.09923207690368874,-0.15561327949681858,-0.024425207056561593,-0.08080640964969144,-0.08451391247148554,0.28907304027497266,0.12065889511791311,0.1441842969258528,-0.4209782597837305,0.08285281445619719,0.22271284625855137,-0.21676525690276816,-0.30043339272979064,952.0,26.322785490440186,121,259,15.1,0.8743038981702467,1.4216388225934766,0.6238428814540602,0.2654580343154515,1,,,
INDUSTRY|MH_LEVEL_60D_CENTERED|TOP_1|WEEKLY,INDUSTRY,MH_LEVEL_60D_CENTERED,TOP_1,WEEKLY,FROZEN_FROM_A3R1R1,"HISTORICAL UK RETAIL, ACCOUNT AND BROKER ELIGIBILITY REMAIN UNRESOLVED",0.1508299717315862,0.08372411130373836,0.19049251314477278,0.11568564329764564,0.184807174219062,-0.03966254141318659,-0.10676840184103442,0.03514432843394055,-0.03196153199390728,-0.03397720248747582,0.34390321548242,0.2434525399429371,0.3121191941481428,-0.47840396192655843,0.1750071445198256,0.2271234464362102,-0.21164227466998087,-0.327861346565521,1224.0,29.967583975770925,75,149,24.39189189189189,1.0,1.0,1.0,0.3001341273190233,1,,,
INDUSTRY|MH_LEVEL_60D_CENTERED|TOP_2|WEEKLY,INDUSTRY,MH_LEVEL_60D_CENTERED,TOP_2,WEEKLY,FROZEN_FROM_A3R1R1,"HISTORICAL UK RETAIL, ACCOUNT AND BROKER ELIGIBILITY REMAIN UNRESOLVED",0.12139829972681637,0.06659624382478713,0.19049251314477278,0.11568564329764564,0.19824061659393144,-0.06909421341795641,-0.12389626931998565,0.005712656429170737,-0.04908939947285851,-0.07684231686711507,0.2714510757179957,0.24533424171791618,0.32507117839154465,-0.34169265050995057,0.19490101330946757,0.16529560198963597,-0.18610421268238508,-0.22742875054268719,942.0,24.632412683577375,113,347,16.116071428571427,1.0,2.0,0.5003862701559834,0.25085666317339783,1,,,
INDUSTRY|MH_LEVEL_60D_CENTERED|TOP_3|WEEKLY,INDUSTRY,MH_LEVEL_60D_CENTERED,TOP_3,WEEKLY,FROZEN_FROM_A3R1R1,"HISTORICAL UK RETAIL, ACCOUNT AND BROKER ELIGIBILITY REMAIN UNRESOLVED",0.20028732871819077,0.155366944422058,0.19049251314477278,0.11568564329764564,0.17692323184235836,0.009794815573417992,-0.03512556872271477,0.08460168542054514,0.03968130112441237,0.023364096875832407,0.22471481382939051,0.6913960934503265,0.9823897518576047,-0.2696989565488378,0.5760754376293767,0.12747724701707977,-0.11940284693120251,-0.171715963268809,913.0,18.47699038494579,123,503,14.795081967213115,1.0,3.0,0.33375341133611003,0.19153932194878287,1,,,
INDUSTRY|MH_LEVEL_60D_CENTERED|TOP_5|WEEKLY,INDUSTRY,MH_LEVEL_60D_CENTERED,TOP_5,WEEKLY,FROZEN_FROM_A3R1R1,"HISTORICAL UK RETAIL, ACCOUNT AND BROKER ELIGIBILITY REMAIN UNRESOLVED",0.22144202505807908,0.18485444781110538,0.19049251314477278,0.11568564329764564,0.16185864426861585,0.030949511913306305,-0.005638065333667397,0.10575638176043345,0.06916880451345975,0.059583380789463236,0.1879692303072032,0.9834292958958908,1.3663491073932794,-0.21156433618597204,0.8737505155340181,0.07953407452064393,-0.0935076401649072,-0.1632082588819287,860.0,14.15542458405525,152,927,12.0,1.0,5.0,0.20024896651341295,0.15321026934473558,1,,,
INDUSTRY|MH_LEVEL_60D_CENTERED|VARIABLE_THRESHOLD|WEEKLY,INDUSTRY,MH_LEVEL_60D_CENTERED,VARIABLE_THRESHOLD,WEEKLY,FROZEN_FROM_A3R1R1,"HISTORICAL UK RETAIL, ACCOUNT AND BROKER ELIGIBILITY REMAIN UNRESOLVED",0.1251022699661648,0.06269446541956447,0.19049251314477278,0.11568564329764564,0.17640052279731688,-0.06539024317860798,-0.1277980477252083,0.009416626668519168,-0.052991177878081164,-0.05129825283115208,0.29675802258730183,0.21126460162040164,0.27037598733621016,-0.40057810828592466,0.1565099642809597,0.19084897396637202,-0.17105719335860337,-0.2899958107463746,909.0,28.268257055174683,129,301,14.1015625,0.9552358113509193,1.5891286970423661,0.6674778415211393,0.28539254531362135,1,,,
INDUSTRY|MH_LEVEL_RECENCY_TILT|TOP_1|WEEKLY,INDUSTRY,MH_LEVEL_RECENCY_TILT,TOP_1,WEEKLY,FROZEN_FROM_A3R1R1,"HISTORICAL UK RETAIL, ACCOUNT AND BROKER ELIGIBILITY REMAIN UNRESOLVED",0.1151483011361567,0.03405054468926316,0.19049251314477278,0.11568564329764564,0.18873820823808618,-0.07534421200861607,-0.15644196845550962,-0.0005373421614889295,-0.08163509860838247,-0.07358990710192947,0.33343346910654886,0.10212095618506219,0.12657914644992635,-0.43864967782132314,0.07762582856183722,0.21303942007961296,-0.21634982392333102,-0.3374749899201481,591.0,37.61032351321586,94,187,19.408602150537636,1.0,1.0,1.0,0.3766668540874843,1,,,
INDUSTRY|MH_LEVEL_RECENCY_TILT|TOP_2|WEEKLY,INDUSTRY,MH_LEVEL_RECENCY_TILT,TOP_2,WEEKLY,FROZEN_FROM_A3R1R1,"HISTORICAL UK RETAIL, ACCOUNT AND BROKER ELIGIBILITY REMAIN UNRESOLVED",0.20569353646908461,0.13490204581507315,0.19049251314477278,0.11568564329764564,0.16817476079462934,0.015201023324311835,-0.05559046732969963,0.09000789317143898,0.01921640251742751,0.037518775674455274,0.2649996616401988,0.5090649738196095,0.668297524411864,-0.31439247965391215,0.42908801751102726,0.14868841188521847,-0.15623712963726655,-0.21300355261443216,913.0,29.856019735829886,130,407,13.992248062015504,1.0,2.0,0.5002746241300264,0.3025011151308648,1,,,
INDUSTRY|MH_LEVEL_RECENCY_TILT|TOP_3|WEEKLY,INDUSTRY,MH_LEVEL_RECENCY_TILT,TOP_3,WEEKLY,FROZEN_FROM_A3R1R1,"HISTORICAL UK RETAIL, ACCOUNT AND BROKER ELIGIBILITY REMAIN UNRESOLVED",0.2111234827112345,0.15753383639250873,0.19049251314477278,0.11568564329764564,0.16487861308749197,0.02063096956646171,-0.03295867675226405,0.09543783941358885,0.041848193094863095,0.046244869623742524,0.22079184514447017,0.7134948135853025,0.9829704230385312,-0.23315867428895742,0.6756507638968406,0.1138982171680143,-0.14347268564555438,-0.16877863056606257,450.0,21.940528752589305,145,595,12.583333333333334,1.0,3.0,0.33366234404629913,0.22687743606421656,1,,,
INDUSTRY|MH_LEVEL_RECENCY_TILT|TOP_5|WEEKLY,INDUSTRY,MH_LEVEL_RECENCY_TILT,TOP_5,WEEKLY,FROZEN_FROM_A3R1R1,"HISTORICAL UK RETAIL, ACCOUNT AND BROKER ELIGIBILITY REMAIN UNRESOLVED",0.1970286973140829,0.1542849400162789,0.19049251314477278,0.11568564329764564,0.1405555151560336,0.006536184169310122,-0.036207573128493875,0.08134305401643727,0.03859929671863327,0.056473182158049307,0.1858382792892816,0.8302107650066767,1.1495628097896355,-0.23045681537492335,0.6694744078853876,0.09284041081538996,-0.12482231928654064,-0.18028924822702141,878.0,16.926761915461757,173,1066,10.534883720930232,1.0,5.0,0.20018757864535597,0.18276659494741898,1,,,
INDUSTRY|MH_LEVEL_RECENCY_TILT|VARIABLE_THRESHOLD|WEEKLY,INDUSTRY,MH_LEVEL_RECENCY_TILT,VARIABLE_THRESHOLD,WEEKLY,FROZEN_FROM_A3R1R1,"HISTORICAL UK RETAIL, ACCOUNT AND BROKER ELIGIBILITY REMAIN UNRESOLVED",0.15649482056905129,0.09023532552390101,0.19049251314477278,0.11568564329764564,0.16130893696056048,-0.033997692575721494,-0.10025718762087177,0.04080917727140565,-0.025450317773744624,-0.004814116391509193,0.2855532438482583,0.316001752625341,0.3783358808447654,-0.3310040973119607,0.2726109019697636,0.16765326242886627,-0.21676838121552588,-0.24506747949868768,920.0,29.259577845684714,136,291,13.422222222222222,0.8724082934609251,1.4210526315789473,0.6237117499240916,0.29501356974466164,1,,,
INDUSTRY|PAIRWISE_MAJORITY_5H|TOP_1|WEEKLY,INDUSTRY,PAIRWISE_MAJORITY_5H,TOP_1,WEEKLY,FROZEN_FROM_A3R1R1,"HISTORICAL UK RETAIL, ACCOUNT AND BROKER ELIGIBILITY REMAIN UNRESOLVED",0.20198003301805834,0.12376086891015303,0.19049251314477278,0.11568564329764564,0.1731404824339422,0.011487519873285557,-0.06673164423461975,0.0862943897204127,0.008075225612507397,0.028839550584116136,0.3509697292802946,0.352625479023332,0.45361526112347533,-0.5271873742676672,0.2347568909101308,0.25316772843166274,-0.21162754955257934,-0.32782809777357813,1049.0,33.587829019823786,84,167,21.83132530120482,1.0,1.0,1.0,0.3359073280509535,1,,,
INDUSTRY|PAIRWISE_MAJORITY_5H|TOP_2|WEEKLY,INDUSTRY,PAIRWISE_MAJORITY_5H,TOP_2,WEEKLY,FROZEN_FROM_A3R1R1,"HISTORICAL UK RETAIL, ACCOUNT AND BROKER ELIGIBILITY REMAIN UNRESOLVED",0.20427770447710514,0.1503684623496604,0.19049251314477278,0.11568564329764564,0.16340535854996774,0.013785191332332358,-0.04012405079511239,0.0885920611794595,0.03468281905201476,0.0408723459271374,0.27929652017476936,0.5383828708484,0.7206272766267596,-0.37607015835940627,0.399841516289508,0.18040056467150067,-0.18629062126128548,-0.28197367655207806,917.0,22.622224672870463,103,317,17.764705882352942,1.0,2.0,0.5004794717310024,0.22946920915635013,1,,,
INDUSTRY|PAIRWISE_MAJORITY_5H|TOP_3|WEEKLY,INDUSTRY,PAIRWISE_MAJORITY_5H,TOP_3,WEEKLY,FROZEN_FROM_A3R1R1,"HISTORICAL UK RETAIL, ACCOUNT AND BROKER ELIGIBILITY REMAIN UNRESOLVED",0.19713834880982772,0.1501693935524544,0.19049251314477278,0.11568564329764564,0.18405124643930382,0.006645835665054944,-0.04032311959231838,0.08145270551218209,0.034483750254808765,0.013087102370523906,0.2289398115757425,0.6559339440304044,0.9048401857675717,-0.26382343478492587,0.5692041485051375,0.12616718932719248,-0.1441236373537328,-0.17194775611937685,1225.0,19.365741331343845,128,525,14.26771653543307,1.0,3.0,0.3338683798990468,0.2008839696993181,1,,,
INDUSTRY|PAIRWISE_MAJORITY_5H|TOP_5|WEEKLY,INDUSTRY,PAIRWISE_MAJORITY_5H,TOP_5,WEEKLY,FROZEN_FROM_A3R1R1,"HISTORICAL UK RETAIL, ACCOUNT AND BROKER ELIGIBILITY REMAIN UNRESOLVED",0.19930326429229428,0.16019996060978015,0.19049251314477278,0.11568564329764564,0.1913458439615947,0.0088107511475215,-0.030292552534992634,0.08361762099464864,0.04451431731213451,0.007957420330699572,0.1888799912745143,0.8481573909909219,1.1724741465919577,-0.26278439266634734,0.6096250960123921,0.10868217570259628,-0.11099046601618234,-0.19148758168872138,920.0,15.37980122267687,160,982,11.39622641509434,1.0,5.0,0.20025620392263543,0.16680335165419424,1,,,
INDUSTRY|PAIRWISE_MAJORITY_5H|VARIABLE_THRESHOLD|WEEKLY,INDUSTRY,PAIRWISE_MAJORITY_5H,VARIABLE_THRESHOLD,WEEKLY,FROZEN_FROM_A3R1R1,"HISTORICAL UK RETAIL, ACCOUNT AND BROKER ELIGIBILITY REMAIN UNRESOLVED",0.14674743814483082,0.08880848267498909,0.19049251314477278,0.11568564329764564,0.17614390462123408,-0.04374507499994196,-0.10168403046978369,0.031061794847185187,-0.02687716062265655,-0.02939646647640326,0.28887710980530673,0.3074265134224133,0.4103490602336675,-0.416537602260454,0.2132064000777981,0.21455860856027129,-0.18168376516292994,-0.21750735566014012,937.0,25.64079183921003,110,271,16.623853211009173,0.9784345047923323,1.744408945686901,0.5958462251668383,0.25945896374016814,1,,,
INDUSTRY|SHORT_RS_1_2_3_EQ|TOP_1|WEEKLY,INDUSTRY,SHORT_RS_1_2_3_EQ,TOP_1,WEEKLY,A3R2_PREDECLARED_NEW_HYPOTHESIS,"HISTORICAL UK RETAIL, ACCOUNT AND BROKER ELIGIBILITY REMAIN UNRESOLVED",0.07008294807045945,-0.012768592094779208,0.1856035938432472,0.11568564329764564,0.19169371428584547,-0.11552064577278776,-0.1983721859380264,-0.045602695227186185,-0.12845423539242484,-0.12161076621538602,0.33069314818294404,-0.03861160161599552,-0.0485209849500752,-0.4882152612781512,-0.026153611137330977,0.2830784986574578,-0.23842184972975333,-0.3315206587278178,1323.0,40.0238202092511,100,199,18.232323232323232,1.0,1.0,1.0,0.4018878230992699,1,,,
INDUSTRY|SHORT_RS_1_2_3_EQ|TOP_2|WEEKLY,INDUSTRY,SHORT_RS_1_2_3_EQ,TOP_2,WEEKLY,A3R2_PREDECLARED_NEW_HYPOTHESIS,"HISTORICAL UK RETAIL, ACCOUNT AND BROKER ELIGIBILITY REMAIN UNRESOLVED",0.10194726279078803,0.03244079420477841,0.1856035938432472,0.11568564329764564,0.19527397197130636,-0.08365633105245918,-0.1531627996384688,-0.013738380506857606,-0.08324484909286722,-0.09332670918051833,0.26652780434641316,0.121716360078569,0.15975806487999453,-0.44543972830164014,0.07282869520522506,0.25992343068124757,-0.15523652337688443,-0.2318736384018022,1427.0,31.883695121639324,142,441,12.801418439716311,1.0,2.0,0.500346726546673,0.32557509498069065,1,,,
INDUSTRY|SHORT_RS_1_2_3_EQ|TOP_3|WEEKLY,INDUSTRY,SHORT_RS_1_2_3_EQ,TOP_3,WEEKLY,A3R2_PREDECLARED_NEW_HYPOTHESIS,"HISTORICAL UK RETAIL, ACCOUNT AND BROKER ELIGIBILITY REMAIN UNRESOLVED",0.17493433914159895,0.11151482182091854,0.1856035938432472,0.11568564329764564,0.1801450321711755,-0.010669254701648256,-0.07408877202232866,0.059248695843953314,-0.0041708214767270935,-0.005210693029576552,0.22126863995601267,0.5039793340940101,0.7038923453383752,-0.29261092289409596,0.3811027309506107,0.1523312617728609,-0.14348747475470336,-0.19246932162722996,1354.0,26.75967432518793,169,703,10.785714285714286,1.0,3.0,0.33362234279352676,0.27768954082025227,1,,,
INDUSTRY|SHORT_RS_1_2_3_EQ|TOP_5|WEEKLY,INDUSTRY,SHORT_RS_1_2_3_EQ,TOP_5,WEEKLY,A3R2_PREDECLARED_NEW_HYPOTHESIS,"HISTORICAL UK RETAIL, ACCOUNT AND BROKER ELIGIBILITY REMAIN UNRESOLVED",0.1626225197512572,0.12084797847975093,0.1856035938432472,0.11568564329764564,0.1891537621648849,-0.022981074091990017,-0.06475561536349628,0.046936876453611553,0.005162335182105293,-0.026531242413627698,0.1856179298606197,0.6510576783745813,0.8999891670702566,-0.23155502414790818,0.5218974579560753,0.11675287646208987,-0.12246184238369362,-0.16744056763209547,1175.0,16.907344046301034,175,1076,10.413793103448276,1.0,5.0,0.20018491743379088,0.18391659613459496,1,,,
INDUSTRY|SHORT_RS_1_2_3_EQ|VARIABLE_THRESHOLD|WEEKLY,INDUSTRY,SHORT_RS_1_2_3_EQ,VARIABLE_THRESHOLD,WEEKLY,A3R2_PREDECLARED_NEW_HYPOTHESIS,"HISTORICAL UK RETAIL, ACCOUNT AND BROKER ELIGIBILITY REMAIN UNRESOLVED",0.11927425016966464,0.05192801675135761,0.1856035938432472,0.11568564329764564,0.17282278790180672,-0.06632934367358256,-0.1336755770918896,0.0035886068720190067,-0.06375762654628803,-0.053548537732142076,0.28376538643859256,0.18299630340078474,0.22845126735443935,-0.3300007473999803,0.15735727012890005,0.18044392990018968,-0.14408208833346703,-0.1967749432536915,1191.0,30.61334894803339,146,336,12.49655172413793,0.9165329052969502,1.615569823434992,0.6043122220079384,0.3101949298503198,1,,,
INDUSTRY|SHORT_RS_1_2_3_PERSISTENT|TOP_1|WEEKLY,INDUSTRY,SHORT_RS_1_2_3_PERSISTENT,TOP_1,WEEKLY,A3R2_PREDECLARED_NEW_HYPOTHESIS,"HISTORICAL UK RETAIL, ACCOUNT AND BROKER ELIGIBILITY REMAIN UNRESOLVED",0.1374063915335011,0.047620518408868495,0.1856035938432472,0.11568564329764564,0.18529393030055097,-0.04819720230974611,-0.1379830754343787,0.021720748235855458,-0.06806512488877714,-0.047887538767049875,0.33576108456374876,0.1418285816855202,0.1786070640435113,-0.486155918752473,0.09795318039337612,0.2869681904160435,-0.20505781713076243,-0.23286741075760664,1224.0,40.82831910792952,106,203,17.19047619047619,0.9856687898089171,0.9856687898089171,0.9856687898089171,0.41005245101751153,1,,,
INDUSTRY|SHORT_RS_1_2_3_PERSISTENT|TOP_2|WEEKLY,INDUSTRY,SHORT_RS_1_2_3_PERSISTENT,TOP_2,WEEKLY,A3R2_PREDECLARED_NEW_HYPOTHESIS,"HISTORICAL UK RETAIL, ACCOUNT AND BROKER ELIGIBILITY REMAIN UNRESOLVED",0.27023700377301463,0.1824678534204902,0.1856035938432472,0.11568564329764564,0.15329287690615256,0.08463340992976742,-0.003135740422756994,0.154551360475369,0.06678221012284458,0.11694412686686206,0.2714269013388739,0.6722541226401167,0.8962040389148543,-0.24797929429998222,0.7358189075244227,0.12496566342047669,-0.12036242334982195,-0.15055501981886965,771.0,35.321698103735685,154,450,11.797385620915033,0.9855769230769231,1.9094551282051282,0.5239214558092751,0.3575786614539433,1,,,
INDUSTRY|SHORT_RS_1_2_3_PERSISTENT|TOP_3|WEEKLY,INDUSTRY,SHORT_RS_1_2_3_PERSISTENT,TOP_3,WEEKLY,A3R2_PREDECLARED_NEW_HYPOTHESIS,"HISTORICAL UK RETAIL, ACCOUNT AND BROKER ELIGIBILITY REMAIN UNRESOLVED",0.2793791031949824,0.19018167098637728,0.1856035938432472,0.11568564329764564,0.14920523615488834,0.09377550935173518,0.004578077143130077,0.16369345989733675,0.07449602768873165,0.13017386704009404,0.23597180236476906,0.8059508342966816,1.1455083978592722,-0.2534411609033088,0.7503977266697185,0.12058706861059666,-0.09177138929612716,-0.11835777649215562,774.0,35.284541800753935,189,710,9.638297872340425,0.9854721549636803,2.7005649717514126,0.39212888544964547,0.36095946122189787,1,,,
INDUSTRY|SHORT_RS_1_2_3_PERSISTENT|TOP_5|WEEKLY,INDUSTRY,SHORT_RS_1_2_3_PERSISTENT,TOP_5,WEEKLY,A3R2_PREDECLARED_NEW_HYPOTHESIS,"HISTORICAL UK RETAIL, ACCOUNT AND BROKER ELIGIBILITY REMAIN UNRESOLVED",0.2772200289658757,0.18522593016009892,0.1856035938432472,0.11568564329764564,0.1212773745205209,0.09161643512262851,-0.00037766368314828824,0.16153438566823008,0.06954028686245328,0.15594265444535482,0.21763826596191407,0.8510724405078324,1.193379446496946,-0.25157374131136034,0.7362689332940117,0.11721483015679272,-0.10555854811978316,-0.13671623955864576,734.0,36.105013027207356,225,1053,8.089285714285714,0.9852216748768473,3.6559934318555007,0.32489263677751234,0.3733283988111923,1,,,
INDUSTRY|SHORT_RS_1_2_3_PERSISTENT|VARIABLE_THRESHOLD|WEEKLY,INDUSTRY,SHORT_RS_1_2_3_PERSISTENT,VARIABLE_THRESHOLD,WEEKLY,A3R2_PREDECLARED_NEW_HYPOTHESIS,"HISTORICAL UK RETAIL, ACCOUNT AND BROKER ELIGIBILITY REMAIN UNRESOLVED",0.15359839342643355,0.08481796373457096,0.1856035938432472,0.11568564329764564,0.16127921821160296,-0.03200520041681365,-0.10078563010867625,0.03791275012878792,-0.03086767956307468,-0.0076808247851694045,0.2808336458616634,0.3020220866852673,0.36457508704031805,-0.30895157128101614,0.27453481910736827,0.17671093452197134,-0.14408038208329743,-0.15906804844489286,1180.0,30.407858318535386,141,306,12.942857142857143,0.8527070063694268,1.4195859872611465,0.597798199629742,0.30729529888143775,1,,,
THEME|MH_LEVEL_3_6_12_REFERENCE|TOP_1|WEEKLY,THEME,MH_LEVEL_3_6_12_REFERENCE,TOP_1,WEEKLY,FROZEN_FROM_A3R1R1,"HISTORICAL UK RETAIL, ACCOUNT AND BROKER ELIGIBILITY REMAIN UNRESOLVED",0.03580774370744533,-0.016821752826019054,0.0569725369069316,0.11568564329764564,0.06768775327730081,-0.021164793199486276,-0.07379428973295066,-0.07987789959020031,-0.1325073961236647,-0.03188000956985548,0.3049954400608767,-0.055154112542343106,-0.07588896848907975,-0.511861545659491,-0.03286387299195454,0.3275355768579356,-0.1938124601318305,-0.2069090486865034,1583.0,25.945089482378854,65,129,26.5625,1.0,1.0,1.0,0.26076541124023106,1,,,
THEME|MH_LEVEL_3_6_12_REFERENCE|TOP_2|WEEKLY,THEME,MH_LEVEL_3_6_12_REFERENCE,TOP_2,WEEKLY,FROZEN_FROM_A3R1R1,"HISTORICAL UK RETAIL, ACCOUNT AND BROKER ELIGIBILITY REMAIN UNRESOLVED",0.07736165829993125,0.02977858902994912,0.0569725369069316,0.11568564329764564,0.0664300600411647,0.020389121392999643,-0.027193947876982483,-0.03832398499771439,-0.08590705426769651,0.01093159825876655,0.24998314367903482,0.11912238798062025,0.1662927655888527,-0.33663621523990017,0.08845925566483609,0.16016040361250877,-0.18404689679898467,-0.18642325329679243,1502.0,22.217428456587577,104,317,17.320388349514563,1.0,2.0,0.5007861536723877,0.22636933410189425,1,,,
THEME|MH_LEVEL_3_6_12_REFERENCE|TOP_3|WEEKLY,THEME,MH_LEVEL_3_6_12_REFERENCE,TOP_3,WEEKLY,FROZEN_FROM_A3R1R1,"HISTORICAL UK RETAIL, ACCOUNT AND BROKER ELIGIBILITY REMAIN UNRESOLVED",0.11105350737661257,0.06903645894683996,0.0569725369069316,0.11568564329764564,0.060502453847840476,0.05408097046968097,0.012063922039908359,-0.004632135921033065,-0.04664918435080567,0.050551053528772094,0.2179071695022033,0.3168159134210677,0.4505700474482093,-0.2587701736124578,0.26678677060452527,0.11676869827847694,-0.15307167600340588,-0.12565277142243536,802.0,18.689698785105577,122,502,14.743801652892563,1.0,3.0,0.333717986447429,0.19356131538665666,1,,,
THEME|MH_LEVEL_3_6_12_REFERENCE|TOP_5|WEEKLY,THEME,MH_LEVEL_3_6_12_REFERENCE,TOP_5,WEEKLY,FROZEN_FROM_A3R1R1,"HISTORICAL UK RETAIL, ACCOUNT AND BROKER ELIGIBILITY REMAIN UNRESOLVED",0.12486117700553834,0.09559242443789295,0.0569725369069316,0.11568564329764564,0.033222749815018604,0.06788864009860673,0.03861988753096135,0.009175533707892702,-0.020093218859752682,0.09163842719051973,0.19836614379171671,0.48189888965258326,0.6928276166835394,-0.2208664989665724,0.4328063553556877,0.11202912859740109,-0.11481862617542049,-0.14252242502981471,767.0,12.156029149862164,132,804,13.511450381679388,1.0,5.0,0.20024411902895622,0.13309458635780586,0,,,
THEME|MH_LEVEL_3_6_12_REFERENCE|VARIABLE_THRESHOLD|WEEKLY,THEME,MH_LEVEL_3_6_12_REFERENCE,VARIABLE_THRESHOLD,WEEKLY,FROZEN_FROM_A3R1R1,"HISTORICAL UK RETAIL, ACCOUNT AND BROKER ELIGIBILITY REMAIN UNRESOLVED",0.05823266477320588,0.003329419509134901,0.0569725369069316,0.11568564329764564,0.07015467824821497,0.0012601278662742743,-0.0536431173977967,-0.05745297852443976,-0.11235622378851073,-0.011922013475009097,0.23711787038915694,0.014041200284359295,0.018960804990558907,-0.36547724243982826,0.009109786116663755,0.18680227451135978,-0.14464535002112733,-0.18079771516338838,1483.0,26.15235379780676,142,382,12.851063829787234,0.9164012738853503,1.9044585987261147,0.5291977787101193,0.266639603056561,1,,,
THEME|MH_LEVEL_EQ|TOP_1|WEEKLY,THEME,MH_LEVEL_EQ,TOP_1,WEEKLY,FROZEN_FROM_A3R1R1,"HISTORICAL UK RETAIL, ACCOUNT AND BROKER ELIGIBILITY REMAIN UNRESOLVED",0.1820042527999035,0.1212729069136127,0.0569725369069316,0.11568564329764564,0.0445410238172983,0.1250317158929719,0.0643003700066811,0.06631860950225787,0.005587263615967064,0.1374632289826052,0.3024729173912572,0.4009380673137846,0.5455520303703005,-0.3608707927503795,0.3360563097648616,0.18185466954388113,-0.19012012304465675,-0.20094318434999214,735.0,26.34733893171806,66,131,27.76923076923077,1.0,1.0,1.0,0.2637475052354949,1,11.0,12.0,True
THEME|MH_LEVEL_EQ|TOP_2|WEEKLY,THEME,MH_LEVEL_EQ,TOP_2,WEEKLY,FROZEN_FROM_A3R1R1,"HISTORICAL UK RETAIL, ACCOUNT AND BROKER ELIGIBILITY REMAIN UNRESOLVED",0.1872189000133484,0.12572507311340808,0.0569725369069316,0.11568564329764564,0.04020514162290123,0.1302463631064168,0.06875253620647648,0.07153325671570276,0.010039429815762446,0.14701375839044717,0.23643508556611817,0.5317530298533022,0.7509054483370948,-0.24214649154637724,0.5192107980194647,0.0888286156282422,-0.15909455263755945,-0.10330335715440064,381.0,26.23546276478995,122,373,14.743801652892563,1.0,2.0,0.5004103341490469,0.2661717745171156,0,11.0,12.0,True
THEME|MH_LEVEL_EQ|TOP_3|WEEKLY,THEME,MH_LEVEL_EQ,TOP_3,WEEKLY,FROZEN_FROM_A3R1R1,"HISTORICAL UK RETAIL, ACCOUNT AND BROKER ELIGIBILITY REMAIN UNRESOLVED",0.11354027239228603,0.05914813676461761,0.0569725369069316,0.11568564329764564,0.050800124252379675,0.05656773548535443,0.002175599857686006,-0.0021453709053596004,-0.056537506533028026,0.06274014813990636,0.21974538779781916,0.2691666813004419,0.37960837981147866,-0.2218248931539989,0.2666433686662697,0.11137671270210256,-0.14585717184983127,-0.13559985233014404,760.0,24.194272915800642,157,648,11.615384615384615,1.0,3.0,0.33358422089482376,0.2508299200864934,1,,,
THEME|MH_LEVEL_EQ|TOP_5|WEEKLY,THEME,MH_LEVEL_EQ,TOP_5,WEEKLY,FROZEN_FROM_A3R1R1,"HISTORICAL UK RETAIL, ACCOUNT AND BROKER ELIGIBILITY REMAIN UNRESOLVED",0.1192019306239962,0.08222354157698875,0.0569725369069316,0.11568564329764564,0.03873338957439687,0.062229393717064596,0.025251004670057142,0.0035162873263505645,-0.03346210172065689,0.08046854104959933,0.19685852145678906,0.41767834568968365,0.59986986760984,-0.21914741229448864,0.3751974103463169,0.10814056996858262,-0.11894587149017566,-0.12208002576891008,816.0,15.48044994808466,157,970,11.615384615384615,1.0,5.0,0.20012352417582546,0.16903333744310298,1,,,
THEME|MH_LEVEL_EQ|VARIABLE_THRESHOLD|WEEKLY,THEME,MH_LEVEL_EQ,VARIABLE_THRESHOLD,WEEKLY,FROZEN_FROM_A3R1R1,"HISTORICAL UK RETAIL, ACCOUNT AND BROKER ELIGIBILITY REMAIN UNRESOLVED",0.05536623217219283,-0.0067282197435272195,0.0569725369069316,0.11568564329764564,0.061647133461010695,-0.0016063047347387727,-0.06370075665045882,-0.060319411125452804,-0.12241386304117285,-0.006280901288817864,0.2391494588789807,-0.028133953449302893,-0.03722453886522991,-0.3952601217005981,-0.017022257936315965,0.2558727948314388,-0.12477382468116782,-0.17530584615373968,1585.0,29.82485444689188,143,350,12.711267605633802,0.8885350318471338,1.625,0.5808273073975172,0.3031689653687004,0,,,
THEME|MH_LEVEL_60D_CENTERED|TOP_1|WEEKLY,THEME,MH_LEVEL_60D_CENTERED,TOP_1,WEEKLY,FROZEN_FROM_A3R1R1,"HISTORICAL UK RETAIL, ACCOUNT AND BROKER ELIGIBILITY REMAIN UNRESOLVED",0.09939520771513943,0.041993488609329166,0.0569725369069316,0.11568564329764564,0.0512542122455526,0.04242267080820783,-0.014979048297602438,-0.016290435582506202,-0.07369215468831647,0.048140995469586834,0.30590359842824333,0.13727687031174202,0.1861174937266188,-0.4348961135071613,0.09655981579296793,0.22240101766434642,-0.19012209199205798,-0.20095504594288893,898.0,26.74958838105727,67,133,27.348484848484848,1.0,1.0,1.0,0.2681013656623086,1,,,
THEME|MH_LEVEL_60D_CENTERED|TOP_2|WEEKLY,THEME,MH_LEVEL_60D_CENTERED,TOP_2,WEEKLY,FROZEN_FROM_A3R1R1,"HISTORICAL UK RETAIL, ACCOUNT AND BROKER ELIGIBILITY REMAIN UNRESOLVED",0.11082089629976166,0.05887394060744766,0.0569725369069316,0.11568564329764564,0.053313639259150225,0.05384835939283006,0.0019014037005160578,-0.004864746997883973,-0.056811702690197974,0.05750725704061144,0.2367891491661089,0.24863445311907964,0.34965131125553556,-0.27663536511998466,0.21282145390887514,0.12289067820704241,-0.16462933520300826,-0.15634244354971905,652.0,23.598855433693824,112,340,16.07207207207207,1.0,2.0,0.5004655824845472,0.23989418116668793,0,,,
THEME|MH_LEVEL_60D_CENTERED|TOP_3|WEEKLY,THEME,MH_LEVEL_60D_CENTERED,TOP_3,WEEKLY,FROZEN_FROM_A3R1R1,"HISTORICAL UK RETAIL, ACCOUNT AND BROKER ELIGIBILITY REMAIN UNRESOLVED",0.07884414825963937,0.026698944393995117,0.0569725369069316,0.11568564329764564,0.06172708029240814,0.021871611352707765,-0.030273592512936487,-0.03684149503800627,-0.08898669890365052,0.017117067967231225,0.21369174188564988,0.12494139529398464,0.1792459683993217,-0.31467552686353106,0.08484595119331906,0.171788101305753,-0.15259139137868682,-0.13900613673733653,1478.0,23.773302366218598,153,633,11.921052631578947,1.0,3.0,0.3335487399158679,0.2481519384560396,0,,,
THEME|MH_LEVEL_60D_CENTERED|TOP_5|WEEKLY,THEME,MH_LEVEL_60D_CENTERED,TOP_5,WEEKLY,FROZEN_FROM_A3R1R1,"HISTORICAL UK RETAIL, ACCOUNT AND BROKER ELIGIBILITY REMAIN UNRESOLVED",0.08736137961978052,0.04944725675462802,0.0569725369069316,0.11568564329764564,0.07501304899305783,0.030388842712848918,-0.007525280152303582,-0.028324263677865114,-0.06623838654301761,0.012348330626722692,0.19637731880043977,0.25179718847713123,0.365056448394143,-0.30699066018436705,0.16107088314977355,0.17432545009744832,-0.10854877945292263,-0.13269673222778866,1424.0,16.14124239894518,165,1018,10.963414634146341,1.0,5.0,0.20010254474333597,0.17843631701190876,1,,,
THEME|MH_LEVEL_60D_CENTERED|VARIABLE_THRESHOLD|WEEKLY,THEME,MH_LEVEL_60D_CENTERED,VARIABLE_THRESHOLD,WEEKLY,FROZEN_FROM_A3R1R1,"HISTORICAL UK RETAIL, ACCOUNT AND BROKER ELIGIBILITY REMAIN UNRESOLVED",0.07208178737641924,0.011241683522739132,0.0569725369069316,0.11568564329764564,0.06412139909142356,0.015109250469487634,-0.04573085338419247,-0.0436038559212264,-0.1044439597749065,0.007960388284995679,0.24650693845364827,0.045603923334810934,0.062432498884392916,-0.3009013756881995,0.03736002700894264,0.15502150117090618,-0.17512657604480064,-0.15814423766127006,882.0,28.77676328159309,145,388,12.583333333333334,0.9417398244213887,1.85634477254589,0.5681892259094781,0.2921862691207481,1,,,
THEME|MH_LEVEL_RECENCY_TILT|TOP_1|WEEKLY,THEME,MH_LEVEL_RECENCY_TILT,TOP_1,WEEKLY,FROZEN_FROM_A3R1R1,"HISTORICAL UK RETAIL, ACCOUNT AND BROKER ELIGIBILITY REMAIN UNRESOLVED",0.18555703978589966,0.10926683013795202,0.0569725369069316,0.11568564329764564,0.04476679701909769,0.12858450287896805,0.05229429323102042,0.06987139648825402,-0.006418813159693615,0.14079024276680197,0.30417968337838286,0.3592180415351083,0.4909838478634902,-0.3586202118801165,0.304686759190469,0.18317774712120358,-0.19011528313283454,-0.22782319038023913,757.0,33.18557957048458,83,165,22.097560975609756,1.0,1.0,1.0,0.33205748703341414,1,,,
THEME|MH_LEVEL_RECENCY_TILT|TOP_2|WEEKLY,THEME,MH_LEVEL_RECENCY_TILT,TOP_2,WEEKLY,FROZEN_FROM_A3R1R1,"HISTORICAL UK RETAIL, ACCOUNT AND BROKER ELIGIBILITY REMAIN UNRESOLVED",0.17254762256640865,0.10261922686624536,0.0569725369069316,0.11568564329764564,0.040016527342614294,0.11557508565947705,0.04564668995931376,0.05686197926876302,-0.013066416431400274,0.13253109522379436,0.2364169239403808,0.43406040970283366,0.6177263743141307,-0.1883863181809341,0.5447275994198557,0.08629267387973821,-0.11415301440803083,-0.09323747425025442,405.0,30.268314433275894,137,423,13.272058823529411,1.0,2.0,0.5003465292032652,0.30739730868131343,1,,,
THEME|MH_LEVEL_RECENCY_TILT|TOP_3|WEEKLY,THEME,MH_LEVEL_RECENCY_TILT,TOP_3,WEEKLY,FROZEN_FROM_A3R1R1,"HISTORICAL UK RETAIL, ACCOUNT AND BROKER ELIGIBILITY REMAIN UNRESOLVED",0.10822974353249126,0.04573300129374669,0.0569725369069316,0.11568564329764564,0.04958345721316193,0.05125720662555966,-0.011239535613184914,-0.007455899765154372,-0.06995264200389895,0.05864628631932933,0.21455889422684185,0.213148941965536,0.3000343719595648,-0.24060617994667455,0.19007409246047827,0.12040743260631304,-0.12272333711360783,-0.1161442466897199,1476.0,27.930246334999033,175,730,10.333333333333334,1.0,3.0,0.33349075760225627,0.29039198204534067,0,,,
THEME|MH_LEVEL_RECENCY_TILT|TOP_5|WEEKLY,THEME,MH_LEVEL_RECENCY_TILT,TOP_5,WEEKLY,FROZEN_FROM_A3R1R1,"HISTORICAL UK RETAIL, ACCOUNT AND BROKER ELIGIBILITY REMAIN UNRESOLVED",0.10159833022368558,0.0579606035934539,0.0569725369069316,0.11568564329764564,0.04174322677084996,0.04462579331675398,0.0009880666865222931,-0.01408731307396005,-0.05772503970419174,0.05985510345283562,0.1941737967374571,0.29849858511971405,0.42625528204560703,-0.2291843781085895,0.25289945183781976,0.12434740645349485,-0.11647511463910554,-0.12219313438807033,1401.0,18.543990822359586,178,1113,10.19774011299435,1.0,5.0,0.2001077247471659,0.20291802438235387,1,,,
THEME|MH_LEVEL_RECENCY_TILT|VARIABLE_THRESHOLD|WEEKLY,THEME,MH_LEVEL_RECENCY_TILT,VARIABLE_THRESHOLD,WEEKLY,FROZEN_FROM_A3R1R1,"HISTORICAL UK RETAIL, ACCOUNT AND BROKER ELIGIBILITY REMAIN UNRESOLVED",0.12370296543220016,0.048795737827318275,0.0569725369069316,0.11568564329764564,0.04916390441939189,0.06673042852526856,-0.008176799079613328,0.008017322134554528,-0.06688990547032736,0.07453906101280827,0.25095714934021535,0.1944385244875702,0.26355192864028015,-0.2966820879481179,0.16447146561760548,0.13506883199513026,-0.15168364952522684,-0.16707722826174565,541.0,34.060795375533374,160,409,11.39622641509434,0.9257781324820431,1.7055067837190743,0.6068052756468382,0.3446202721773219,1,,,
THEME|PAIRWISE_MAJORITY_5H|TOP_1|WEEKLY,THEME,PAIRWISE_MAJORITY_5H,TOP_1,WEEKLY,FROZEN_FROM_A3R1R1,"HISTORICAL UK RETAIL, ACCOUNT AND BROKER ELIGIBILITY REMAIN UNRESOLVED",0.13652525968764984,0.07635951102167193,0.0569725369069316,0.11568564329764564,0.04923683888510788,0.07955272278071823,0.01938697411474033,0.0208396163900042,-0.0393261322759737,0.08728842080254196,0.3197955442647585,0.2387760317212361,0.3411814351173871,-0.4411747470171422,0.17308223450673826,0.20499316999661843,-0.1694699801660654,-0.23341276546416045,902.0,27.151837830396474,68,135,26.52238805970149,1.0,1.0,1.0,0.2719054187638158,1,,,
THEME|PAIRWISE_MAJORITY_5H|TOP_2|WEEKLY,THEME,PAIRWISE_MAJORITY_5H,TOP_2,WEEKLY,FROZEN_FROM_A3R1R1,"HISTORICAL UK RETAIL, ACCOUNT AND BROKER ELIGIBILITY REMAIN UNRESOLVED",0.12272941983963581,0.06091543366421215,0.0569725369069316,0.11568564329764564,0.05304684283892791,0.06575688293270421,0.003942896757280545,0.0070437765419901766,-0.054770209633433486,0.0696825770007079,0.2406392761530491,0.2531400303309976,0.36351527640567194,-0.2505254784725909,0.24315065292202084,0.10458417210431874,-0.15758259174876055,-0.13470508714350715,646.0,27.879641462153213,127,391,14.380952380952381,1.0,2.0,0.5003720039301608,0.28326658291449197,1,,,
THEME|PAIRWISE_MAJORITY_5H|TOP_3|WEEKLY,THEME,PAIRWISE_MAJORITY_5H,TOP_3,WEEKLY,FROZEN_FROM_A3R1R1,"HISTORICAL UK RETAIL, ACCOUNT AND BROKER ELIGIBILITY REMAIN UNRESOLVED",0.10997253711692179,0.051165912316188944,0.0569725369069316,0.11568564329764564,0.0535182429234351,0.05300000020999018,-0.0058066245907426595,-0.005713106180723848,-0.06451973098145669,0.05645429419348669,0.21836851667320537,0.23430993210784215,0.3393575017926507,-0.23953103642707851,0.2136086958892511,0.1216559495710638,-0.15256853397098313,-0.12510921437995715,1393.0,26.23969106783151,167,693,10.873493975903614,1.0,3.0,0.333505103772015,0.2724604970007451,0,,,
THEME|PAIRWISE_MAJORITY_5H|TOP_5|WEEKLY,THEME,PAIRWISE_MAJORITY_5H,TOP_5,WEEKLY,FROZEN_FROM_A3R1R1,"HISTORICAL UK RETAIL, ACCOUNT AND BROKER ELIGIBILITY REMAIN UNRESOLVED",0.11399779980324665,0.07351931204574425,0.0569725369069316,0.11568564329764564,0.04053275919142196,0.05702526289631504,0.01654677513881264,-0.0016878434943989884,-0.04216633125190139,0.07346504061182468,0.1940126994306831,0.3789407201769863,0.5481479644844583,-0.22503005034650625,0.3267088636941492,0.11459020708078606,-0.1085408271960635,-0.12604729206272014,1402.0,17.01185782659365,169,1049,10.785714285714286,1.0,5.0,0.20010607470193426,0.18599914614779287,1,,,
THEME|PAIRWISE_MAJORITY_5H|VARIABLE_THRESHOLD|WEEKLY,THEME,PAIRWISE_MAJORITY_5H,VARIABLE_THRESHOLD,WEEKLY,FROZEN_FROM_A3R1R1,"HISTORICAL UK RETAIL, ACCOUNT AND BROKER ELIGIBILITY REMAIN UNRESOLVED",0.13268115728927077,0.06419115293361188,0.0569725369069316,0.11568564329764564,0.050806411248660366,0.07570862038233916,0.00721861602668028,0.016995513991625133,-0.05149449036403375,0.0818747460406104,0.22844848034850387,0.28098743679838306,0.4135709457945149,-0.30592168855160884,0.20982870890104566,0.11609188963345539,-0.16557298537425813,-0.13592455858820285,649.0,30.5131707479855,169,578,10.744047619047619,1.0,2.4880191693290734,0.45032544701614924,0.31183052598406896,1,,,
THEME|SHORT_RS_1_2_3_EQ|TOP_1|WEEKLY,THEME,SHORT_RS_1_2_3_EQ,TOP_1,WEEKLY,A3R2_PREDECLARED_NEW_HYPOTHESIS,"HISTORICAL UK RETAIL, ACCOUNT AND BROKER ELIGIBILITY REMAIN UNRESOLVED",0.18800434787469933,0.10170251817331688,0.07794322971642487,0.11568564329764564,0.06554268025959353,0.11006111815827446,0.023759288456892014,0.0723187045770537,-0.013983125124328755,0.1224616676151058,0.30996670220892314,0.32810788206782143,0.4851480121290718,-0.3741666065515581,0.27181078266347863,0.1588551791881665,-0.19011150210881667,-0.17868013978236152,500.0,37.61032351321586,94,187,19.333333333333332,1.0,1.0,1.0,0.3762430087983121,1,,,
THEME|SHORT_RS_1_2_3_EQ|TOP_2|WEEKLY,THEME,SHORT_RS_1_2_3_EQ,TOP_2,WEEKLY,A3R2_PREDECLARED_NEW_HYPOTHESIS,"HISTORICAL UK RETAIL, ACCOUNT AND BROKER ELIGIBILITY REMAIN UNRESOLVED",0.12075290070567135,0.04815475802944458,0.07794322971642487,0.11568564329764564,0.06856024070233713,0.042809670989246484,-0.02978847168698029,0.005067257408025716,-0.06753088526820106,0.052192660003334224,0.24507611275134086,0.19648899066023362,0.28057687965599803,-0.296694938836768,0.16230394161168274,0.1330592523971467,-0.1506484291658462,-0.1220873365891263,650.0,32.900196946783026,145,452,12.583333333333334,1.0,2.0,0.500247796788323,0.334590073847695,1,,,
THEME|SHORT_RS_1_2_3_EQ|TOP_3|WEEKLY,THEME,SHORT_RS_1_2_3_EQ,TOP_3,WEEKLY,A3R2_PREDECLARED_NEW_HYPOTHESIS,"HISTORICAL UK RETAIL, ACCOUNT AND BROKER ELIGIBILITY REMAIN UNRESOLVED",0.09425007330971291,0.03314066881593347,0.07794322971642487,0.11568564329764564,0.0700072677920589,0.016306843593288045,-0.044802560900491395,-0.021435569987932723,-0.08254497448171216,0.02424280551765401,0.22183413163912877,0.1493939123391771,0.2113964460124544,-0.2715850230222838,0.12202686454184275,0.14586247318577167,-0.10304249005664834,-0.11739124646429033,1486.0,27.65249038115351,165,698,11.048780487804878,1.0,3.0,0.3334787270869729,0.2874896650211787,0,,,
THEME|SHORT_RS_1_2_3_EQ|TOP_5|WEEKLY,THEME,SHORT_RS_1_2_3_EQ,TOP_5,WEEKLY,A3R2_PREDECLARED_NEW_HYPOTHESIS,"HISTORICAL UK RETAIL, ACCOUNT AND BROKER ELIGIBILITY REMAIN UNRESOLVED",-0.120787185980887,-0.15512373804110047,0.07794322971642487,0.11568564329764564,0.044220657759937776,-0.19873041569731187,-0.23306696775752533,-0.23647282927853264,-0.2708093813387461,-0.16500784374082478,0.176157607143395,-0.8805963055278524,-1.3206776598228431,-0.16395046860574425,-0.9461622120405789,0.08180567332707185,-0.08590533371935882,-0.09570791444735838,178.0,19.59571591853339,24,151,10.91304347826087,1.0,5.0,0.2000555846373787,0.0297644048732038,224,,,
THEME|SHORT_RS_1_2_3_EQ|VARIABLE_THRESHOLD|WEEKLY,THEME,SHORT_RS_1_2_3_EQ,VARIABLE_THRESHOLD,WEEKLY,A3R2_PREDECLARED_NEW_HYPOTHESIS,"HISTORICAL UK RETAIL, ACCOUNT AND BROKER ELIGIBILITY REMAIN UNRESOLVED",0.13515426076889647,0.05258400148935749,0.07794322971642487,0.11568564329764564,0.07380132323852862,0.057211031052471606,-0.025359228227067376,0.019468617471250838,-0.06310164180828814,0.06135293753036786,0.2533199794574631,0.2075793689940168,0.28602614745519755,-0.28855837201679757,0.1822300324258014,0.1370674079563315,-0.12923487226576935,-0.17214030835116312,640.0,36.92027118232526,190,616,9.587301587301587,0.9856230031948882,2.3146964856230032,0.49532611395928133,0.3771054326542417,1,,,
THEME|SHORT_RS_1_2_3_PERSISTENT|TOP_1|WEEKLY,THEME,SHORT_RS_1_2_3_PERSISTENT,TOP_1,WEEKLY,A3R2_PREDECLARED_NEW_HYPOTHESIS,"HISTORICAL UK RETAIL, ACCOUNT AND BROKER ELIGIBILITY REMAIN UNRESOLVED",0.13430223947037834,0.04155833365299255,0.07794322971642487,0.11568564329764564,0.07132332321595358,0.05635900975395347,-0.036384896063432315,0.018616596172732702,-0.07412730964465308,0.06297891625442475,0.2997996825170069,0.13862033910137664,0.19842848728088927,-0.34485006398668516,0.12051131199615245,0.159931838945777,-0.19012566295607713,-0.18123762189451686,525.0,42.437316905286345,106,211,17.123809523809523,1.0,1.0,1.0,0.42527404923260403,1,,,
THEME|SHORT_RS_1_2_3_PERSISTENT|TOP_2|WEEKLY,THEME,SHORT_RS_1_2_3_PERSISTENT,TOP_2,WEEKLY,A3R2_PREDECLARED_NEW_HYPOTHESIS,"HISTORICAL UK RETAIL, ACCOUNT AND BROKER ELIGIBILITY REMAIN UNRESOLVED",0.11314353507418118,0.030269591350632785,0.07794322971642487,0.11568564329764564,0.06926908280423505,0.03520030535775631,-0.04767363836579208,-0.0025421082234644565,-0.08541605194701285,0.04387445226994613,0.24225211942013827,0.1249507802989999,0.17773244632035626,-0.31611892351299953,0.0957538100353174,0.1518319436657621,-0.15067325800811127,-0.19465623050570602,1145.0,37.93352967286649,162,509,11.211180124223603,1.0,1.9976038338658146,0.5013586378974879,0.38620279111708383,1,,,
THEME|SHORT_RS_1_2_3_PERSISTENT|TOP_3|WEEKLY,THEME,SHORT_RS_1_2_3_PERSISTENT,TOP_3,WEEKLY,A3R2_PREDECLARED_NEW_HYPOTHESIS,"HISTORICAL UK RETAIL, ACCOUNT AND BROKER ELIGIBILITY REMAIN UNRESOLVED",-0.006074995591844101,-0.08483172299993569,0.07794322971642487,0.11568564329764564,0.07005253212974405,-0.08401822530826897,-0.16277495271636055,-0.12176063888948974,-0.20051736629758132,-0.07612752772158815,0.18919296216661952,-0.4483873080079248,-0.6493641595957003,-0.1509463900775453,-0.5619990180378299,0.06585092088528516,-0.10033104346468558,-0.08163508110057971,130.0,41.328472414272646,31,116,8.366666666666667,1.0,2.6647398843930636,0.38927131363894485,0.05939750124333432,224,,,
THEME|SHORT_RS_1_2_3_PERSISTENT|TOP_5|WEEKLY,THEME,SHORT_RS_1_2_3_PERSISTENT,TOP_5,WEEKLY,A3R2_PREDECLARED_NEW_HYPOTHESIS,"HISTORICAL UK RETAIL, ACCOUNT AND BROKER ELIGIBILITY REMAIN UNRESOLVED",0.08500967254471514,-0.008484534443978231,0.07794322971642487,0.11568564329764564,0.0754317267551996,0.007066442828290276,-0.0864277641604031,-0.030675970752930493,-0.12417017774162387,0.00957794578951554,0.2198502599327749,-0.03859233301144426,-0.06822278634496383,-0.1738063524928658,-0.048816020371444675,0.07581545949504116,-0.10065056503290004,-0.1016865714367301,123.0,44.781009853099924,32,146,8.096774193548388,1.0,3.2658959537572256,0.34375344379673584,0.06465702425651249,224,,,
THEME|SHORT_RS_1_2_3_PERSISTENT|VARIABLE_THRESHOLD|WEEKLY,THEME,SHORT_RS_1_2_3_PERSISTENT,VARIABLE_THRESHOLD,WEEKLY,A3R2_PREDECLARED_NEW_HYPOTHESIS,"HISTORICAL UK RETAIL, ACCOUNT AND BROKER ELIGIBILITY REMAIN UNRESOLVED",0.11789364411401504,0.029961054751761695,0.07794322971642487,0.11568564329764564,0.07508309697187565,0.03995041439759017,-0.04798217496466317,0.0022080008163694043,-0.08572458854588394,0.04281054714213939,0.24452532843445268,0.12252740827947825,0.16393171636190326,-0.35809536619625515,0.08366780913702597,0.1685737591570428,-0.1498546027684774,-0.20082018969651172,834.0,40.07449935618083,196,586,9.292307692307693,0.9512779552715654,2.0798722044728435,0.5282435898216971,0.4088919537966841,0,,,
INDUSTRY_PLUS_THEME|MH_LEVEL_3_6_12_REFERENCE|TOP_1|WEEKLY,INDUSTRY_PLUS_THEME,MH_LEVEL_3_6_12_REFERENCE,TOP_1,WEEKLY,FROZEN_FROM_A3R1R1,"HISTORICAL UK RETAIL, ACCOUNT AND BROKER ELIGIBILITY REMAIN UNRESOLVED",0.12433723245393602,0.06288757579208992,0.11311557860026067,0.11568564329764564,0.10928179600865362,0.01122165385367535,-0.050228002808170746,0.008651589156290385,-0.05279806750555571,0.0150554364452824,0.3653886512404033,0.1721114642685324,0.23971807184641114,-0.6602494026556494,0.09524821308303207,0.37829705781513473,-0.26021054089945383,-0.31388807609007574,1470.0,27.956336729074888,70,139,26.159420289855074,1.0,1.0,1.0,0.28090132011406527,0,,,
INDUSTRY_PLUS_THEME|MH_LEVEL_3_6_12_REFERENCE|TOP_2|WEEKLY,INDUSTRY_PLUS_THEME,MH_LEVEL_3_6_12_REFERENCE,TOP_2,WEEKLY,FROZEN_FROM_A3R1R1,"HISTORICAL UK RETAIL, ACCOUNT AND BROKER ELIGIBILITY REMAIN UNRESOLVED",0.12469526437787115,0.07353463056482834,0.11311557860026067,0.11568564329764564,0.1093354187667539,0.011579685777610482,-0.03958094803543233,0.009009621080225516,-0.042151012732817295,0.015359845611117251,0.2989392188180258,0.24598522353666583,0.3328366348833607,-0.4359103130934038,0.16869211017971913,0.2382959424192806,-0.2510620976656509,-0.20557147987861824,1202.0,22.85643091639438,103,318,17.69607843137255,1.0,2.0,0.5006107888828158,0.2332271480839234,1,,,
INDUSTRY_PLUS_THEME|MH_LEVEL_3_6_12_REFERENCE|TOP_3|WEEKLY,INDUSTRY_PLUS_THEME,MH_LEVEL_3_6_12_REFERENCE,TOP_3,WEEKLY,FROZEN_FROM_A3R1R1,"HISTORICAL UK RETAIL, ACCOUNT AND BROKER ELIGIBILITY REMAIN UNRESOLVED",0.1149220221163012,0.06589689694014433,0.11311557860026067,0.11568564329764564,0.11686166419081845,0.0018064435160405345,-0.047218681660116335,-0.0007636211813444316,-0.0497887463575013,-0.001939642074517245,0.25855401977520875,0.25486703706032576,0.3477152228743201,-0.2987658752660838,0.2205636667221647,0.14736562038850318,-0.25247635856823825,-0.1497295078213583,1378.0,21.662552784328312,140,578,12.985611510791367,1.0,3.0,0.33375113488772723,0.22543170624297693,1,,,
INDUSTRY_PLUS_THEME|MH_LEVEL_3_6_12_REFERENCE|TOP_5|WEEKLY,INDUSTRY_PLUS_THEME,MH_LEVEL_3_6_12_REFERENCE,TOP_5,WEEKLY,FROZEN_FROM_A3R1R1,"HISTORICAL UK RETAIL, ACCOUNT AND BROKER ELIGIBILITY REMAIN UNRESOLVED",0.13631146679776118,0.09421566055685693,0.11311557860026067,0.11568564329764564,0.11749683588346005,0.023195888197500514,-0.01889991804340374,0.020625823500115548,-0.021469982740788707,0.018814630914301134,0.21617063770471037,0.43583930526936665,0.5923154650649816,-0.2392697771225627,0.3937633147398981,0.10403922772092894,-0.16795039532223877,-0.12465823828266431,822.0,17.465897371666042,168,1048,10.808383233532934,1.0,5.0,0.2001464389055257,0.1896553129324796,1,,,
INDUSTRY_PLUS_THEME|MH_LEVEL_3_6_12_REFERENCE|VARIABLE_THRESHOLD|WEEKLY,INDUSTRY_PLUS_THEME,MH_LEVEL_3_6_12_REFERENCE,VARIABLE_THRESHOLD,WEEKLY,FROZEN_FROM_A3R1R1,"HISTORICAL UK RETAIL, ACCOUNT AND BROKER ELIGIBILITY REMAIN UNRESOLVED",0.09969560507741848,0.03478749500133205,0.11311557860026067,0.11568564329764564,0.11338344354583052,-0.013419973522842188,-0.07832808359892862,-0.015990038220227154,-0.08089814829631359,-0.013687838468412039,0.25011093456376726,0.1390882612229925,0.1897122089098693,-0.3661036026880288,0.09502090322496999,0.22276461535348488,-0.19502328870497998,-0.19685542125814592,1462.0,29.15051556483317,186,766,9.794594594594594,0.9888268156424581,3.209098164405427,0.3731322732550553,0.3042090825138456,1,,,
INDUSTRY_PLUS_THEME|MH_LEVEL_EQ|TOP_1|WEEKLY,INDUSTRY_PLUS_THEME,MH_LEVEL_EQ,TOP_1,WEEKLY,FROZEN_FROM_A3R1R1,"HISTORICAL UK RETAIL, ACCOUNT AND BROKER ELIGIBILITY REMAIN UNRESOLVED",0.1290388082196321,0.05365031009348109,0.11311557860026067,0.11568564329764564,0.10539742192837354,0.015923229619371426,-0.05946526850677958,0.01335316492198646,-0.062035333204164544,0.02364138629125856,0.3552510646884537,0.15102082844010917,0.19473711063587665,-0.5975863958955219,0.08977833240845891,0.30369717324530415,-0.21164843201244765,-0.3096901686890903,1455.0,34.392327918502204,86,171,21.235294117647058,1.0,1.0,1.0,0.3449203468873535,1,,,
INDUSTRY_PLUS_THEME|MH_LEVEL_EQ|TOP_2|WEEKLY,INDUSTRY_PLUS_THEME,MH_LEVEL_EQ,TOP_2,WEEKLY,FROZEN_FROM_A3R1R1,"HISTORICAL UK RETAIL, ACCOUNT AND BROKER ELIGIBILITY REMAIN UNRESOLVED",0.09854779656389057,0.029510675507614437,0.11311557860026067,0.11568564329764564,0.10915717714607376,-0.014567782036370103,-0.08360490309264623,-0.01713784673375507,-0.0861749677900312,-0.010609380582183192,0.29053538919574534,0.10157342824674591,0.13112775990509304,-0.3513936757133459,0.08398180601203582,0.16900917202000126,-0.16952358494436637,-0.21706970107664691,645.0,31.899945938907592,148,453,12.326530612244898,1.0,2.0,0.5002705738057461,0.3243717012668774,1,,,
INDUSTRY_PLUS_THEME|MH_LEVEL_EQ|TOP_3|WEEKLY,INDUSTRY_PLUS_THEME,MH_LEVEL_EQ,TOP_3,WEEKLY,FROZEN_FROM_A3R1R1,"HISTORICAL UK RETAIL, ACCOUNT AND BROKER ELIGIBILITY REMAIN UNRESOLVED",0.15558870464506702,0.08968526807394084,0.11311557860026067,0.11568564329764564,0.102710548040853,0.04247312604480635,-0.02343031052631983,0.03990306134742139,-0.026000375223704797,0.05287815660421402,0.2474084429935747,0.3624988176990791,0.4853366856981483,-0.2382616235256415,0.3764150799731665,0.10932350095351998,-0.1595808493431814,-0.17416714012513612,603.0,28.40311032051269,172,724,10.596491228070175,1.0,3.0,0.3335378685495211,0.2937360527499343,1,,,
INDUSTRY_PLUS_THEME|MH_LEVEL_EQ|TOP_5|WEEKLY,INDUSTRY_PLUS_THEME,MH_LEVEL_EQ,TOP_5,WEEKLY,FROZEN_FROM_A3R1R1,"HISTORICAL UK RETAIL, ACCOUNT AND BROKER ELIGIBILITY REMAIN UNRESOLVED",0.15113941843570933,0.10137908552986064,0.11311557860026067,0.11568564329764564,0.10343596504804387,0.03802383983544866,-0.011736493070400034,0.03545377513806369,-0.014306557767785,0.04770345338766546,0.2077712485813368,0.4879360653703415,0.6603772121380068,-0.20044856441964098,0.5057610954879305,0.09600091431610351,-0.17267586547698566,-0.13276648276585712,686.0,20.60696346095982,180,1148,10.12290502793296,1.0,5.0,0.20012649917178052,0.22163513097938298,1,,,
INDUSTRY_PLUS_THEME|MH_LEVEL_EQ|VARIABLE_THRESHOLD|WEEKLY,INDUSTRY_PLUS_THEME,MH_LEVEL_EQ,VARIABLE_THRESHOLD,WEEKLY,FROZEN_FROM_A3R1R1,"HISTORICAL UK RETAIL, ACCOUNT AND BROKER ELIGIBILITY REMAIN UNRESOLVED",0.11403302661004933,0.03325558369549997,0.11311557860026067,0.11568564329764564,0.10411445550813014,0.0009174480097886573,-0.0798599949047607,-0.0016526166875963089,-0.08243005960214567,0.009918571101919182,0.25608895391083886,0.12985950072285582,0.16873542281252243,-0.3559716964100763,0.09342198840772392,0.18009209606165377,-0.19162059507400875,-0.24877058595079482,559.0,36.54490029986892,204,735,8.926108374384237,0.9640575079872205,2.666932907348243,0.4384246206852791,0.37589525657486345,1,,,
INDUSTRY_PLUS_THEME|MH_LEVEL_60D_CENTERED|TOP_1|WEEKLY,INDUSTRY_PLUS_THEME,MH_LEVEL_60D_CENTERED,TOP_1,WEEKLY,FROZEN_FROM_A3R1R1,"HISTORICAL UK RETAIL, ACCOUNT AND BROKER ELIGIBILITY REMAIN UNRESOLVED",0.05761139639215984,-0.0066865510272146045,0.11311557860026067,0.11568564329764564,0.11034531751318899,-0.05550418220810083,-0.11980212962747527,-0.058074246905485793,-0.12237219432486024,-0.05273392112102915,0.3664121629794142,-0.018248714706531916,-0.023493827784315923,-0.6074076413609046,-0.011008341963287292,0.35028306671352133,-0.21166541510051284,-0.33070841371196347,1534.0,31.174332323788544,78,155,23.532467532467532,1.0,1.0,1.0,0.3132413859729426,1,,,
INDUSTRY_PLUS_THEME|MH_LEVEL_60D_CENTERED|TOP_2|WEEKLY,INDUSTRY_PLUS_THEME,MH_LEVEL_60D_CENTERED,TOP_2,WEEKLY,FROZEN_FROM_A3R1R1,"HISTORICAL UK RETAIL, ACCOUNT AND BROKER ELIGIBILITY REMAIN UNRESOLVED",0.08189389592112684,0.01854243938535194,0.11311557860026067,0.11568564329764564,0.10998342894873958,-0.031221682679133833,-0.09457313921490873,-0.0337917473765188,-0.0971432039122937,-0.028089533027612745,0.290874672963905,0.06374717742322272,0.084572456455483,-0.3546159886879502,0.05228878555069508,0.1628876688214844,-0.18320459992008065,-0.22624129246218383,630.0,29.66320740590859,135,416,13.522388059701493,1.0,2.0,0.500409654295753,0.3016893903640864,1,,,
INDUSTRY_PLUS_THEME|MH_LEVEL_60D_CENTERED|TOP_3|WEEKLY,INDUSTRY_PLUS_THEME,MH_LEVEL_60D_CENTERED,TOP_3,WEEKLY,FROZEN_FROM_A3R1R1,"HISTORICAL UK RETAIL, ACCOUNT AND BROKER ELIGIBILITY REMAIN UNRESOLVED",0.10949075855597723,0.04932422530925673,0.11311557860026067,0.11568564329764564,0.11124226943875559,-0.003624820044283439,-0.06379135329100394,-0.006194884741668405,-0.0663614179883889,-0.001751510882778362,0.24844814642408128,0.1985292545715523,0.26697092118379634,-0.2619612006444968,0.18828828539457573,0.12133727116760035,-0.17810505706234148,-0.16812907328388227,982.0,26.89967665978156,160,677,11.352201257861635,1.0,3.0,0.3335867479424508,0.2789917994403313,1,,,
INDUSTRY_PLUS_THEME|MH_LEVEL_60D_CENTERED|TOP_5|WEEKLY,INDUSTRY_PLUS_THEME,MH_LEVEL_60D_CENTERED,TOP_5,WEEKLY,FROZEN_FROM_A3R1R1,"HISTORICAL UK RETAIL, ACCOUNT AND BROKER ELIGIBILITY REMAIN UNRESOLVED",0.112488427359003,0.06317087000982546,0.11311557860026067,0.11568564329764564,0.12079262150569159,-0.000627151241257673,-0.049944708590435205,-0.003197215938642639,-0.05251477328782017,-0.008304194146688593,0.21077604898601002,0.2997061113619145,0.40793853080185855,-0.26307671845973135,0.24012337686010368,0.1490726377890798,-0.16362667292084154,-0.14933619374902907,1393.0,20.871059738288377,181,1156,10.027777777777779,1.0,5.0,0.20011459450803218,0.2273651171159218,1,,,
INDUSTRY_PLUS_THEME|MH_LEVEL_60D_CENTERED|VARIABLE_THRESHOLD|WEEKLY,INDUSTRY_PLUS_THEME,MH_LEVEL_60D_CENTERED,VARIABLE_THRESHOLD,WEEKLY,FROZEN_FROM_A3R1R1,"HISTORICAL UK RETAIL, ACCOUNT AND BROKER ELIGIBILITY REMAIN UNRESOLVED",0.14790571693538745,0.07585307930795104,0.11311557860026067,0.11568564329764564,0.1099095133508794,0.034790138335126786,-0.037262499292309625,0.03222007363774182,-0.03983256398969459,0.03799620358450806,0.2445593772381826,0.3101622197625888,0.42172178425869566,-0.23746825820106043,0.3194240774854528,0.10893923007116058,-0.18129144166400757,-0.17041026622534128,486.0,31.428179887798468,196,816,9.292307692307693,0.9920063948840927,3.1215027977617904,0.3788492287717771,0.32403101195423367,1,,,
INDUSTRY_PLUS_THEME|MH_LEVEL_RECENCY_TILT|TOP_1|WEEKLY,INDUSTRY_PLUS_THEME,MH_LEVEL_RECENCY_TILT,TOP_1,WEEKLY,FROZEN_FROM_A3R1R1,"HISTORICAL UK RETAIL, ACCOUNT AND BROKER ELIGIBILITY REMAIN UNRESOLVED",0.12161429478897756,0.03831669932304105,0.11311557860026067,0.11568564329764564,0.10609283837105488,0.008498716188716893,-0.07479887927721962,0.005928651491331927,-0.07736894397460459,0.015521456417922685,0.35928172874851705,0.106648059884674,0.13573096223048547,-0.48318800237855086,0.07929977386529156,0.2473629957572342,-0.26428841615318144,-0.31349260042274896,962.0,38.41482241189427,96,191,19.0,1.0,1.0,1.0,0.3849252025178472,1,,,
INDUSTRY_PLUS_THEME|MH_LEVEL_RECENCY_TILT|TOP_2|WEEKLY,INDUSTRY_PLUS_THEME,MH_LEVEL_RECENCY_TILT,TOP_2,WEEKLY,FROZEN_FROM_A3R1R1,"HISTORICAL UK RETAIL, ACCOUNT AND BROKER ELIGIBILITY REMAIN UNRESOLVED",0.08682006523160624,0.00947619653915499,0.11311557860026067,0.11568564329764564,0.10873122661008217,-0.026295513368654433,-0.10363938206110568,-0.0288655780660394,-0.10620944675849064,-0.02191116137847593,0.28607211439368,0.033125201871700996,0.04277779663127936,-0.3405809523349902,0.02782362452799283,0.16146056785565804,-0.17370589224957134,-0.2113316049677263,505.0,36.32979697867184,155,489,11.766233766233766,1.0,2.0,0.5002534829800561,0.3686107482793627,1,,,
INDUSTRY_PLUS_THEME|MH_LEVEL_RECENCY_TILT|TOP_3|WEEKLY,INDUSTRY_PLUS_THEME,MH_LEVEL_RECENCY_TILT,TOP_3,WEEKLY,FROZEN_FROM_A3R1R1,"HISTORICAL UK RETAIL, ACCOUNT AND BROKER ELIGIBILITY REMAIN UNRESOLVED",0.15191412782575253,0.07998464143192252,0.11311557860026067,0.11568564329764564,0.10011524703295893,0.03879854922549186,-0.03313093716833815,0.0362284845281069,-0.035701001865723114,0.0517988807927936,0.24672346542690937,0.32418741076582996,0.430520275445074,-0.2742616104804888,0.2916363004351741,0.1165966681640839,-0.1565267211437874,-0.20734841701419282,486.0,31.272106536595178,188,793,9.689839572192513,1.0,3.0,0.3335117857687446,0.3223268775885311,1,,,
INDUSTRY_PLUS_THEME|MH_LEVEL_RECENCY_TILT|TOP_5|WEEKLY,INDUSTRY_PLUS_THEME,MH_LEVEL_RECENCY_TILT,TOP_5,WEEKLY,FROZEN_FROM_A3R1R1,"HISTORICAL UK RETAIL, ACCOUNT AND BROKER ELIGIBILITY REMAIN UNRESOLVED",0.15043211053693928,0.0916974596833986,0.11311557860026067,0.11568564329764564,0.10137059610501509,0.03731653193667861,-0.021418118916862072,0.034746467239293644,-0.02398818361424704,0.04906151443192419,0.20410545251703216,0.4492651154223655,0.6089188619224295,-0.21939812178410212,0.41795006692734193,0.10630116835885794,-0.11812634716137671,-0.12204279046800237,913.0,24.342008364392882,201,1299,9.06,1.0,5.0,0.2001095100327608,0.26243684954730556,1,,,
INDUSTRY_PLUS_THEME|MH_LEVEL_RECENCY_TILT|VARIABLE_THRESHOLD|WEEKLY,INDUSTRY_PLUS_THEME,MH_LEVEL_RECENCY_TILT,VARIABLE_THRESHOLD,WEEKLY,FROZEN_FROM_A3R1R1,"HISTORICAL UK RETAIL, ACCOUNT AND BROKER ELIGIBILITY REMAIN UNRESOLVED",0.10998142837868663,0.028471863663709573,0.11311557860026067,0.11568564329764564,0.10450622960828193,-0.003134150221574039,-0.0846437149365511,-0.005704214918959005,-0.08721377963393606,0.005475198770404699,0.24827869625686708,0.11467703066336718,0.1513880282600145,-0.3155465749503986,0.09023030488664034,0.14086869718383094,-0.16937815448906102,-0.17991200832831378,511.0,37.05896604039416,208,793,8.753623188405797,0.9840127897681854,2.841726618705036,0.4211701490882468,0.38083845610830747,1,,,
INDUSTRY_PLUS_THEME|PAIRWISE_MAJORITY_5H|TOP_1|WEEKLY,INDUSTRY_PLUS_THEME,PAIRWISE_MAJORITY_5H,TOP_1,WEEKLY,FROZEN_FROM_A3R1R1,"HISTORICAL UK RETAIL, ACCOUNT AND BROKER ELIGIBILITY REMAIN UNRESOLVED",0.052716317830133086,-0.01286079231495707,0.11311557860026067,0.11568564329764564,0.11176620683545657,-0.06039926077012758,-0.12597637091521774,-0.06296932546751255,-0.1285464356126027,-0.059049889005323486,0.3684704823632165,-0.03490318202009913,-0.04566477163737651,-0.6987640847445944,-0.018405056292579526,0.4363101430894296,-0.19978852043523532,-0.3219350144069645,1534.0,31.978831222466958,80,159,22.936708860759495,1.0,1.0,1.0,0.3211611879280085,1,,,
INDUSTRY_PLUS_THEME|PAIRWISE_MAJORITY_5H|TOP_2|WEEKLY,INDUSTRY_PLUS_THEME,PAIRWISE_MAJORITY_5H,TOP_2,WEEKLY,FROZEN_FROM_A3R1R1,"HISTORICAL UK RETAIL, ACCOUNT AND BROKER ELIGIBILITY REMAIN UNRESOLVED",0.13855467306688118,0.07314193667812252,0.11311557860026067,0.11568564329764564,0.10215462618708382,0.025439094466620515,-0.03997364192213815,0.02286902976923555,-0.042543706619523114,0.036400046879797365,0.2952881967558632,0.2476967839611768,0.33160805860370873,-0.42663303345895565,0.17143992832697322,0.19326208970713576,-0.1976343289593786,-0.23339984064468045,971.0,29.136541138862388,133,409,13.727272727272727,1.0,2.0,0.5004581600263882,0.2958741011907731,1,,,
INDUSTRY_PLUS_THEME|PAIRWISE_MAJORITY_5H|TOP_3|WEEKLY,INDUSTRY_PLUS_THEME,PAIRWISE_MAJORITY_5H,TOP_3,WEEKLY,FROZEN_FROM_A3R1R1,"HISTORICAL UK RETAIL, ACCOUNT AND BROKER ELIGIBILITY REMAIN UNRESOLVED",0.19197439345535705,0.12744699971102058,0.11311557860026067,0.11568564329764564,0.09373007627368479,0.07885881485509638,0.014331421110759912,0.07628875015771142,0.011761356413374946,0.09824431718167226,0.2504793387306823,0.5088124248365762,0.6936418792566847,-0.2625432578638145,0.48543238454490967,0.10320108787270163,-0.19554554239451682,-0.17337375638129637,918.0,27.10733474671558,161,681,11.325,1.0,3.0,0.33362859414244117,0.2784997324605951,1,,,
INDUSTRY_PLUS_THEME|PAIRWISE_MAJORITY_5H|TOP_5|WEEKLY,INDUSTRY_PLUS_THEME,PAIRWISE_MAJORITY_5H,TOP_5,WEEKLY,FROZEN_FROM_A3R1R1,"HISTORICAL UK RETAIL, ACCOUNT AND BROKER ELIGIBILITY REMAIN UNRESOLVED",0.14783570557148873,0.09405433096311455,0.11311557860026067,0.11568564329764564,0.10733924212193968,0.03472012697122806,-0.019061247637146117,0.032150062273843094,-0.021631312334531083,0.04049646344954905,0.2119116169583918,0.443837540919627,0.5931805373336578,-0.20193283740712276,0.4657703629127383,0.10138521160761803,-0.17712990882401491,-0.11283093923026166,917.0,22.276188857801788,191,1223,9.536842105263158,1.0,5.0,0.20012511767577507,0.24050203783542792,1,,,
INDUSTRY_PLUS_THEME|PAIRWISE_MAJORITY_5H|VARIABLE_THRESHOLD|WEEKLY,INDUSTRY_PLUS_THEME,PAIRWISE_MAJORITY_5H,VARIABLE_THRESHOLD,WEEKLY,FROZEN_FROM_A3R1R1,"HISTORICAL UK RETAIL, ACCOUNT AND BROKER ELIGIBILITY REMAIN UNRESOLVED",0.14235252105118712,0.07575721059630736,0.11311557860026067,0.11568564329764564,0.10742385165349977,0.02923694245092645,-0.03735836800395331,0.026666877753541485,-0.03992843270133828,0.03492866939768735,0.22430438347934056,0.3377428894664688,0.4677144727561831,-0.20542379098085195,0.3687849894823958,0.100619403792826,-0.1771588992202452,-0.1175066071291262,513.0,28.535929106981094,202,1035,9.014925373134329,1.0,4.0432,0.2740654901171388,0.30041146483580106,1,,,
INDUSTRY_PLUS_THEME|SHORT_RS_1_2_3_EQ|TOP_1|WEEKLY,INDUSTRY_PLUS_THEME,SHORT_RS_1_2_3_EQ,TOP_1,WEEKLY,A3R2_PREDECLARED_NEW_HYPOTHESIS,"HISTORICAL UK RETAIL, ACCOUNT AND BROKER ELIGIBILITY REMAIN UNRESOLVED",-0.020855102070664544,-0.11056097367436368,0.12266255160979256,0.11568564329764564,0.12624651682331245,-0.1435176536804571,-0.23322352528415624,-0.13654074536831018,-0.22624661697200932,-0.147101618893977,0.3544997411356613,-0.31187885587779257,-0.4220319567629609,-0.6565665336154114,-0.16839264265504822,0.3876435569476775,-0.24165033966533778,-0.3512986677963389,1534.0,47.66655974669604,119,237,15.35593220338983,1.0,1.0,1.0,0.4788067734303458,1,,,
INDUSTRY_PLUS_THEME|SHORT_RS_1_2_3_EQ|TOP_2|WEEKLY,INDUSTRY_PLUS_THEME,SHORT_RS_1_2_3_EQ,TOP_2,WEEKLY,A3R2_PREDECLARED_NEW_HYPOTHESIS,"HISTORICAL UK RETAIL, ACCOUNT AND BROKER ELIGIBILITY REMAIN UNRESOLVED",0.0717153932501613,-0.01166204373942148,0.12266255160979256,0.11568564329764564,0.1248761048952578,-0.05094715835963126,-0.13432459534921404,-0.04397025004748434,-0.12734768703706711,-0.0531607116450965,0.2895350971372854,-0.04027851495285847,-0.054730705749627497,-0.38855862024541254,-0.03001360189115291,0.17441689084792453,-0.14253255333685633,-0.2553947152459617,711.0,39.761081115652814,166,528,10.981818181818182,1.0,2.0,0.5002522602767645,0.4041810947938118,1,,,
INDUSTRY_PLUS_THEME|SHORT_RS_1_2_3_EQ|TOP_3|WEEKLY,INDUSTRY_PLUS_THEME,SHORT_RS_1_2_3_EQ,TOP_3,WEEKLY,A3R2_PREDECLARED_NEW_HYPOTHESIS,"HISTORICAL UK RETAIL, ACCOUNT AND BROKER ELIGIBILITY REMAIN UNRESOLVED",0.08019056802127533,0.008474220188398052,0.12266255160979256,0.11568564329764564,0.12478427328294717,-0.042471983588517226,-0.1141883314213945,-0.0354950752763703,-0.10721142310924758,-0.044593705261671834,0.2497574597285057,0.03392979812338658,0.045387066707712184,-0.3083102845116169,0.02748601202785614,0.14971340565186722,-0.11647404650358872,-0.1863961202379002,504.0,33.1929566428531,188,808,9.689839572192513,1.0,3.0,0.3334934797746163,0.34326505733239104,1,,,
INDUSTRY_PLUS_THEME|SHORT_RS_1_2_3_EQ|TOP_5|WEEKLY,INDUSTRY_PLUS_THEME,SHORT_RS_1_2_3_EQ,TOP_5,WEEKLY,A3R2_PREDECLARED_NEW_HYPOTHESIS,"HISTORICAL UK RETAIL, ACCOUNT AND BROKER ELIGIBILITY REMAIN UNRESOLVED",-0.06485840196858883,-0.10905881548106122,0.12266255160979256,0.11568564329764564,0.12239453319161675,-0.1875209535783814,-0.23172136709085378,-0.18054404526623447,-0.22474445877870686,-0.18725293516020558,0.19437624431673356,-0.5610707000972367,-0.7401220293135128,-0.16051026684480885,-0.6794507144300368,0.0757205474199302,-0.07649028923785761,-0.09911774145562202,178.0,23.599657971925083,28,178,9.296296296296296,1.0,5.0,0.20008430976081457,0.035727703722566326,224,,,
INDUSTRY_PLUS_THEME|SHORT_RS_1_2_3_EQ|VARIABLE_THRESHOLD|WEEKLY,INDUSTRY_PLUS_THEME,SHORT_RS_1_2_3_EQ,VARIABLE_THRESHOLD,WEEKLY,A3R2_PREDECLARED_NEW_HYPOTHESIS,"HISTORICAL UK RETAIL, ACCOUNT AND BROKER ELIGIBILITY REMAIN UNRESOLVED",0.1675512708330289,0.08627789931289387,0.12266255160979256,0.11568564329764564,0.11265383662217898,0.04488871922323634,-0.03638465229689869,0.05186562753538326,-0.029407743984751766,0.054897434210849916,0.23238909415396314,0.37126483765082696,0.524859869739742,-0.29265092638314516,0.2948150562145732,0.12295256461955925,-0.09622592461553958,-0.1511992066893355,503.0,34.74352410153931,216,1018,8.427906976744186,0.9919678714859438,3.620883534136546,0.30833651721193966,0.36041670258132685,1,,,
INDUSTRY_PLUS_THEME|SHORT_RS_1_2_3_PERSISTENT|TOP_1|WEEKLY,INDUSTRY_PLUS_THEME,SHORT_RS_1_2_3_PERSISTENT,TOP_1,WEEKLY,A3R2_PREDECLARED_NEW_HYPOTHESIS,"HISTORICAL UK RETAIL, ACCOUNT AND BROKER ELIGIBILITY REMAIN UNRESOLVED",-0.08384841063197179,-0.17416118422080307,0.12266255160979256,0.11568564329764564,0.13114759008737797,-0.20651096224176435,-0.2968237358305956,-0.19953405392961743,-0.2898468275184487,-0.21499600071934977,0.348330266532972,-0.49998866292693356,-0.6674344526038221,-0.6562819309413841,-0.26537555890192305,0.40353974390182035,-0.19983152447735575,-0.3514119648519841,1534.0,51.286804790748896,128,255,14.26771653543307,1.0,1.0,1.0,0.5169783613660428,1,,,
INDUSTRY_PLUS_THEME|SHORT_RS_1_2_3_PERSISTENT|TOP_2|WEEKLY,INDUSTRY_PLUS_THEME,SHORT_RS_1_2_3_PERSISTENT,TOP_2,WEEKLY,A3R2_PREDECLARED_NEW_HYPOTHESIS,"HISTORICAL UK RETAIL, ACCOUNT AND BROKER ELIGIBILITY REMAIN UNRESOLVED",0.06019824030374776,-0.02886881949823883,0.12266255160979256,0.11568564329764564,0.12650153658862262,-0.062464311306044795,-0.1515313711080314,-0.05548740299389787,-0.14455446279588446,-0.06630329628487486,0.2831341167273882,-0.10196164217834185,-0.1381668723145078,-0.3747733517884825,-0.07703007527208615,0.18088985358021917,-0.13802096765016714,-0.2565892311820559,842.0,43.00393900994216,176,564,10.354285714285714,1.0,2.0,0.5002079501171475,0.43772420693614456,1,,,
INDUSTRY_PLUS_THEME|SHORT_RS_1_2_3_PERSISTENT|TOP_3|WEEKLY,INDUSTRY_PLUS_THEME,SHORT_RS_1_2_3_PERSISTENT,TOP_3,WEEKLY,A3R2_PREDECLARED_NEW_HYPOTHESIS,"HISTORICAL UK RETAIL, ACCOUNT AND BROKER ELIGIBILITY REMAIN UNRESOLVED",0.09957087937139653,0.015598937090401943,0.12266255160979256,0.11568564329764564,0.12271811192880211,-0.023091672238396033,-0.10706361451939062,-0.01611476392624911,-0.10008670620724369,-0.023147232557405584,0.24808048442463734,0.06287853366047677,0.08368100131100495,-0.2915718296158645,0.05349946567524369,0.14245853187481436,-0.11897949911529604,-0.19215891271363295,490.0,38.44021401350485,201,882,9.06,1.0,2.9936102236421727,0.3345448829433084,0.3965824582060211,1,,,
INDUSTRY_PLUS_THEME|SHORT_RS_1_2_3_PERSISTENT|TOP_5|WEEKLY,INDUSTRY_PLUS_THEME,SHORT_RS_1_2_3_PERSISTENT,TOP_5,WEEKLY,A3R2_PREDECLARED_NEW_HYPOTHESIS,"HISTORICAL UK RETAIL, ACCOUNT AND BROKER ELIGIBILITY REMAIN UNRESOLVED",0.012810321570596805,-0.06306155510135947,0.12266255160979256,0.11568564329764564,0.11467707701649821,-0.10985223003919575,-0.18572410671115203,-0.10287532172704883,-0.1787471983990051,-0.1018667554459014,0.1933190859661912,-0.32620449649957506,-0.4286473861780039,-0.13027928068438588,-0.48404899666380696,0.056193495552694844,-0.07623272945699155,-0.08320591447574865,141.0,38.17387888447617,31,189,8.366666666666667,1.0,4.578034682080925,0.23102003933981727,0.05617025770867263,224,,,
INDUSTRY_PLUS_THEME|SHORT_RS_1_2_3_PERSISTENT|VARIABLE_THRESHOLD|WEEKLY,INDUSTRY_PLUS_THEME,SHORT_RS_1_2_3_PERSISTENT,VARIABLE_THRESHOLD,WEEKLY,A3R2_PREDECLARED_NEW_HYPOTHESIS,"HISTORICAL UK RETAIL, ACCOUNT AND BROKER ELIGIBILITY REMAIN UNRESOLVED",0.14302217260400107,0.05235806047862068,0.12266255160979256,0.11568564329764564,0.1114138559154163,0.020359620994208516,-0.07030449113117188,0.02733652930635544,-0.06332758281902495,0.03160831668858477,0.23663606788114064,0.22125984828703074,0.2956396786838246,-0.3542890772381946,0.14778344533444215,0.15707688035425163,-0.13692146234439984,-0.18513527521706785,651.0,39.87388665532822,224,988,8.125560538116591,0.98,3.3216,0.35094332893980307,0.4124777518993583,1,,,
INDUSTRY|MH_LEVEL_3_6_12_REFERENCE|TOP_1|FORTNIGHTLY,INDUSTRY,MH_LEVEL_3_6_12_REFERENCE,TOP_1,FORTNIGHTLY,FROZEN_FROM_A3R1R1,"HISTORICAL UK RETAIL, ACCOUNT AND BROKER ELIGIBILITY REMAIN UNRESOLVED",0.20139334680233834,0.16215233638628468,0.19137973037797007,0.11568564329764564,0.1807056777547602,0.010013616424368266,-0.02922739399168539,0.0857077035046927,0.046466693088639044,0.020687669047578128,0.33796048235307397,0.4797967361665703,0.6372854320074792,-0.5028925088099359,0.32243935542012386,0.17188629920515464,-0.2601931989412799,-0.4869560695227292,566.0,16.69335214757709,42,83,43.0,1.0,1.0,1.0,0.1667966937975665,0,,,
INDUSTRY|MH_LEVEL_3_6_12_REFERENCE|TOP_2|FORTNIGHTLY,INDUSTRY,MH_LEVEL_3_6_12_REFERENCE,TOP_2,FORTNIGHTLY,FROZEN_FROM_A3R1R1,"HISTORICAL UK RETAIL, ACCOUNT AND BROKER ELIGIBILITY REMAIN UNRESOLVED",0.15873306233367268,0.1312783078544999,0.19137973037797007,0.11568564329764564,0.1890527474717576,-0.03264666804429739,-0.06010142252347017,0.043047419036027046,0.015592664556854263,-0.030319685138084917,0.2757782879619768,0.4760284387311884,0.6149018446818649,-0.4202626850357001,0.31237202951613036,0.13142224266682256,-0.24442388185113384,-0.3670950084054645,413.0,11.918432593770438,55,168,33.425925925925924,1.0,2.0,0.5009317486016654,0.12111738102675405,0,,,
INDUSTRY|MH_LEVEL_3_6_12_REFERENCE|TOP_3|FORTNIGHTLY,INDUSTRY,MH_LEVEL_3_6_12_REFERENCE,TOP_3,FORTNIGHTLY,FROZEN_FROM_A3R1R1,"HISTORICAL UK RETAIL, ACCOUNT AND BROKER ELIGIBILITY REMAIN UNRESOLVED",0.21654092657678992,0.19371955269595698,0.19137973037797007,0.11568564329764564,0.1652496463228652,0.025161196198819846,0.002339822317986906,0.10085528327914428,0.07803390939831134,0.05129128025392471,0.23109689834770059,0.8382611540051614,1.1379627687616993,-0.2673356067957249,0.7246305683626385,0.10047070595758438,-0.15906348819622307,-0.18681782341940367,769.0,9.311672535502234,62,253,29.59016393442623,1.0,3.0,0.33402796456628225,0.09612797515819681,0,,,
INDUSTRY|MH_LEVEL_3_6_12_REFERENCE|TOP_5|FORTNIGHTLY,INDUSTRY,MH_LEVEL_3_6_12_REFERENCE,TOP_5,FORTNIGHTLY,FROZEN_FROM_A3R1R1,"HISTORICAL UK RETAIL, ACCOUNT AND BROKER ELIGIBILITY REMAIN UNRESOLVED",0.2087495181450596,0.19200398281345055,0.19137973037797007,0.11568564329764564,0.16071404916457865,0.01736978776708953,0.0006242524354804768,0.09306387484741396,0.07631833951580491,0.048035468980480944,0.1880382202392308,1.0210901941593273,1.442352918975299,-0.19724011044895207,0.973453028273087,0.07764716616000923,-0.10784448301890193,-0.1610526208018258,713.0,6.603737165136085,70,425,25.753623188405797,1.0,5.0,0.20054395702409075,0.07140537770335208,1,,,
INDUSTRY|MH_LEVEL_3_6_12_REFERENCE|VARIABLE_THRESHOLD|FORTNIGHTLY,INDUSTRY,MH_LEVEL_3_6_12_REFERENCE,VARIABLE_THRESHOLD,FORTNIGHTLY,FROZEN_FROM_A3R1R1,"HISTORICAL UK RETAIL, ACCOUNT AND BROKER ELIGIBILITY REMAIN UNRESOLVED",0.16649351003604118,0.12962089044402392,0.18225654582899709,0.12211367179535859,0.17538975455050165,-0.015763035792955904,-0.05263565538497317,0.04437983824068259,0.007507218648665326,-0.008896244514460472,0.3016285445651039,0.42973681629142485,0.53407882310912,-0.3767458367704293,0.3440539424540705,0.2087085374094718,-0.25314642660824904,-0.3767458367704293,885.0,15.992532196210748,72,164,24.845070422535212,0.8973941368078175,1.5912052117263844,0.5847528758419818,0.1579365139273765,1,,,
INDUSTRY|MH_LEVEL_EQ|TOP_1|FORTNIGHTLY,INDUSTRY,MH_LEVEL_EQ,TOP_1,FORTNIGHTLY,FROZEN_FROM_A3R1R1,"HISTORICAL UK RETAIL, ACCOUNT AND BROKER ELIGIBILITY REMAIN UNRESOLVED",0.008673894196547627,-0.04089072713419917,0.19137973037797007,0.11568564329764564,0.20900725508997642,-0.18270583618142244,-0.23227045751216924,-0.10701174910109801,-0.1565763704318448,-0.2003333608934288,0.33741278980175926,-0.12118902534258932,-0.15969912521034058,-0.5970167944960911,-0.06849175351710628,0.3658045838204106,-0.2602079868895144,-0.44483897565076025,1534.0,25.14059058370044,63,125,29.112903225806452,1.0,1.0,1.0,0.25203542171867754,1,,,
INDUSTRY|MH_LEVEL_EQ|TOP_2|FORTNIGHTLY,INDUSTRY,MH_LEVEL_EQ,TOP_2,FORTNIGHTLY,FROZEN_FROM_A3R1R1,"HISTORICAL UK RETAIL, ACCOUNT AND BROKER ELIGIBILITY REMAIN UNRESOLVED",0.19594592829778246,0.15824262792215094,0.19137973037797007,0.11568564329764564,0.17211131637945432,0.004566197919812387,-0.033137102455819134,0.08026028500013682,0.0425569846245053,0.02383461191832814,0.2731896245601236,0.5792409875629259,0.7522463283455546,-0.3900005409664816,0.405749765192636,0.13864374761928366,-0.25524538716347045,-0.35058526983833926,442.0,15.925921145491767,67,212,27.348484848484848,1.0,2.0,0.5005359155405618,0.1610922767022934,1,,,
INDUSTRY|MH_LEVEL_EQ|TOP_3|FORTNIGHTLY,INDUSTRY,MH_LEVEL_EQ,TOP_3,FORTNIGHTLY,FROZEN_FROM_A3R1R1,"HISTORICAL UK RETAIL, ACCOUNT AND BROKER ELIGIBILITY REMAIN UNRESOLVED",0.23240673281489466,0.20006617595621234,0.19137973037797007,0.11568564329764564,0.16389805875643093,0.04102700243692459,0.008686445578242274,0.11672108951724902,0.08438053265856671,0.06850867405846373,0.2297091837727861,0.8709541894245955,1.1832100692503378,-0.2346563886112374,0.8525920693668744,0.09972619237043187,-0.15230506736546978,-0.18333910209522264,450.0,12.999249357113404,79,331,23.141025641025642,1.0,3.0,0.3339212395173098,0.13414053050983904,1,,,
INDUSTRY|MH_LEVEL_EQ|TOP_5|FORTNIGHTLY,INDUSTRY,MH_LEVEL_EQ,TOP_5,FORTNIGHTLY,FROZEN_FROM_A3R1R1,"HISTORICAL UK RETAIL, ACCOUNT AND BROKER ELIGIBILITY REMAIN UNRESOLVED",0.2073793801585806,0.183380211589927,0.19137973037797007,0.11568564329764564,0.1261476527287666,0.015999649780610525,-0.007999518788043058,0.09169373686093496,0.06769456829228138,0.081231727429814,0.19032722164557547,0.9634996507825608,1.3429362708862314,-0.19446352996764915,0.9430056711427282,0.08601471393022861,-0.10784293127682254,-0.16421880813882705,461.0,9.450037965108038,93,575,19.619565217391305,1.0,5.0,0.2003612281289927,0.10184602976034508,0,,,
INDUSTRY|MH_LEVEL_EQ|VARIABLE_THRESHOLD|FORTNIGHTLY,INDUSTRY,MH_LEVEL_EQ,VARIABLE_THRESHOLD,FORTNIGHTLY,FROZEN_FROM_A3R1R1,"HISTORICAL UK RETAIL, ACCOUNT AND BROKER ELIGIBILITY REMAIN UNRESOLVED",0.08399156055668788,0.04486008483732795,0.19137973037797007,0.11568564329764564,0.17426847096054088,-0.10738816982128219,-0.14651964554064212,-0.03169408274095775,-0.07082555846031768,-0.090276910403853,0.29012702570870635,0.15462222013873475,0.18755298706727894,-0.4333473081767094,0.10351993422106363,0.2410513621933973,-0.18750532906336614,-0.36401979258005646,952.0,18.314415828448432,80,170,22.670886075949365,0.8687350835322196,1.3993635640413684,0.6234820545217886,0.18458509389567168,1,,,
INDUSTRY|MH_LEVEL_60D_CENTERED|TOP_1|FORTNIGHTLY,INDUSTRY,MH_LEVEL_60D_CENTERED,TOP_1,FORTNIGHTLY,FROZEN_FROM_A3R1R1,"HISTORICAL UK RETAIL, ACCOUNT AND BROKER ELIGIBILITY REMAIN UNRESOLVED",0.11851849872493547,0.07401057058840732,0.19137973037797007,0.11568564329764564,0.19592528054179992,-0.0728612316530346,-0.11736915978956275,0.0028328554272898376,-0.041675072709238314,-0.07740678181686445,0.34305551330470846,0.21573934164605515,0.28821085628172227,-0.44905187856952555,0.16481518978201637,0.25802639141134526,-0.26019792260756913,-0.3618719515216081,1191.0,20.313597191629956,51,101,36.1,1.0,1.0,1.0,0.2034995638906101,1,,,
INDUSTRY|MH_LEVEL_60D_CENTERED|TOP_2|FORTNIGHTLY,INDUSTRY,MH_LEVEL_60D_CENTERED,TOP_2,FORTNIGHTLY,FROZEN_FROM_A3R1R1,"HISTORICAL UK RETAIL, ACCOUNT AND BROKER ELIGIBILITY REMAIN UNRESOLVED",0.22434162225066157,0.18358883310083352,0.19137973037797007,0.11568564329764564,0.16729098924248076,0.032961891872691496,-0.007790897277136555,0.10865597895301593,0.06790318980318788,0.05705063300818081,0.2769407156423987,0.6629174503105338,0.8679622070426997,-0.30239136887497486,0.6071232581269183,0.1270860893506004,-0.24422212105235142,-0.24672277256557618,775.0,16.78140840724316,71,224,25.785714285714285,1.0,2.0,0.5004712620200958,0.17012328977349175,1,,,
INDUSTRY|MH_LEVEL_60D_CENTERED|TOP_3|FORTNIGHTLY,INDUSTRY,MH_LEVEL_60D_CENTERED,TOP_3,FORTNIGHTLY,FROZEN_FROM_A3R1R1,"HISTORICAL UK RETAIL, ACCOUNT AND BROKER ELIGIBILITY REMAIN UNRESOLVED",0.22243378281449,0.18969663482781507,0.19137973037797007,0.11568564329764564,0.16868497860781528,0.03105405243651993,-0.0016830955501550005,0.10674813951684436,0.07401099153016943,0.053748804206674716,0.22537505376267064,0.841693131785444,1.2002886417265113,-0.23471932622604652,0.8081849836477788,0.09293949794317588,-0.12763394436192266,-0.17217665426023532,412.0,13.276276834251394,81,339,22.5625,1.0,3.0,0.33385252555102035,0.13688716361190947,1,,,
INDUSTRY|MH_LEVEL_60D_CENTERED|TOP_5|FORTNIGHTLY,INDUSTRY,MH_LEVEL_60D_CENTERED,TOP_5,FORTNIGHTLY,FROZEN_FROM_A3R1R1,"HISTORICAL UK RETAIL, ACCOUNT AND BROKER ELIGIBILITY REMAIN UNRESOLVED",0.2139310329814259,0.19056319610606676,0.19137973037797007,0.11568564329764564,0.12816477141268634,0.022551302603455836,-0.0008165342719033131,0.09824538968378027,0.07487755280842112,0.08576626156873957,0.18859134177355982,1.0104556991533287,1.4159649289837426,-0.17478496097969198,1.0902722696388507,0.07602685417798613,-0.09013910652063606,-0.1389280999732906,423.0,9.175269342235904,94,576,19.408602150537636,1.0,5.0,0.20042213298711478,0.09866895097095517,1,,,
INDUSTRY|MH_LEVEL_60D_CENTERED|VARIABLE_THRESHOLD|FORTNIGHTLY,INDUSTRY,MH_LEVEL_60D_CENTERED,VARIABLE_THRESHOLD,FORTNIGHTLY,FROZEN_FROM_A3R1R1,"HISTORICAL UK RETAIL, ACCOUNT AND BROKER ELIGIBILITY REMAIN UNRESOLVED",0.14423106255507312,0.10318693435088577,0.19137973037797007,0.11568564329764564,0.18368412662628186,-0.04714866782289695,-0.0881927960270843,0.028545419257427485,-0.012498708946759862,-0.03945306407120874,0.3025717746019896,0.34103291520374107,0.44131168913730284,-0.39646311120165967,0.2602686894075249,0.20780409743050166,-0.18719959897188143,-0.298906086424252,911.0,18.191403046389627,76,178,24.066666666666666,0.9457735247208932,1.5406698564593302,0.6713386486566322,0.18338888734233483,1,,,
INDUSTRY|MH_LEVEL_RECENCY_TILT|TOP_1|FORTNIGHTLY,INDUSTRY,MH_LEVEL_RECENCY_TILT,TOP_1,FORTNIGHTLY,FROZEN_FROM_A3R1R1,"HISTORICAL UK RETAIL, ACCOUNT AND BROKER ELIGIBILITY REMAIN UNRESOLVED",0.04817562874400916,-0.008173714850392977,0.19137973037797007,0.11568564329764564,0.20312517412142905,-0.1432041016339609,-0.19955344522836305,-0.06751001455363648,-0.12385935814803861,-0.1549495453774199,0.3328349124355253,-0.024557865010559364,-0.03232707698953009,-0.48631339146742814,-0.016807505188638074,0.2949887285304901,-0.24597902286187867,-0.32099104047314475,1324.0,27.554087279735683,69,137,26.544117647058822,1.0,1.0,1.0,0.2762088837538109,1,,,
INDUSTRY|MH_LEVEL_RECENCY_TILT|TOP_2|FORTNIGHTLY,INDUSTRY,MH_LEVEL_RECENCY_TILT,TOP_2,FORTNIGHTLY,FROZEN_FROM_A3R1R1,"HISTORICAL UK RETAIL, ACCOUNT AND BROKER ELIGIBILITY REMAIN UNRESOLVED",0.2084871777441888,0.16265838781743747,0.19137973037797007,0.11568564329764564,0.1699329491913224,0.01710744736621872,-0.028721342560532603,0.09280153444654315,0.04697274451979183,0.03855422855286639,0.2705706294104092,0.6011679396683984,0.8051103599840911,-0.24891058395127796,0.6534812029097019,0.12694950560537724,-0.15658772831300993,-0.1970695327629156,918.0,19.183924393585688,80,254,22.848101265822784,1.0,2.0,0.5004881112300361,0.19399391288742085,1,,,
INDUSTRY|MH_LEVEL_RECENCY_TILT|TOP_3|FORTNIGHTLY,INDUSTRY,MH_LEVEL_RECENCY_TILT,TOP_3,FORTNIGHTLY,FROZEN_FROM_A3R1R1,"HISTORICAL UK RETAIL, ACCOUNT AND BROKER ELIGIBILITY REMAIN UNRESOLVED",0.21972257575004783,0.18232763358041826,0.19137973037797007,0.11568564329764564,0.1622067981247144,0.028342845372077763,-0.009052096797551812,0.1040369324524022,0.06664199028277262,0.05751577762533344,0.22195659906775264,0.821456241203094,1.1598047158595866,-0.19537018700279207,0.9332418439964567,0.09060852333004549,-0.13636147507527419,-0.15712175715731025,421.0,15.239837821110369,89,378,20.511363636363637,1.0,3.0,0.3338025251942442,0.15671429349523805,1,,,
INDUSTRY|MH_LEVEL_RECENCY_TILT|TOP_5|FORTNIGHTLY,INDUSTRY,MH_LEVEL_RECENCY_TILT,TOP_5,FORTNIGHTLY,FROZEN_FROM_A3R1R1,"HISTORICAL UK RETAIL, ACCOUNT AND BROKER ELIGIBILITY REMAIN UNRESOLVED",0.20662660241189656,0.1777231897454996,0.19137973037797007,0.11568564329764564,0.09668534860805433,0.015246872033926495,-0.01365654063247046,0.09094095911425093,0.062037546447853975,0.10994125380384223,0.1877136369854528,0.946778255429959,1.3235733501580147,-0.1964739716707936,0.9045635319231379,0.08434062053843888,-0.11860416001889995,-0.15125942692612648,434.0,11.460677774434291,107,670,17.028301886792452,1.0,5.0,0.20030535822838005,0.12255286420948266,1,,,
INDUSTRY|MH_LEVEL_RECENCY_TILT|VARIABLE_THRESHOLD|FORTNIGHTLY,INDUSTRY,MH_LEVEL_RECENCY_TILT,VARIABLE_THRESHOLD,FORTNIGHTLY,FROZEN_FROM_A3R1R1,"HISTORICAL UK RETAIL, ACCOUNT AND BROKER ELIGIBILITY REMAIN UNRESOLVED",0.10567719291745403,0.06219719613170471,0.19137973037797007,0.11568564329764564,0.17496375087214644,-0.08570253746051604,-0.12918253424626536,-0.010008450380191602,-0.05348844716594092,-0.06928655795469241,0.2820157851798393,0.22054508790010477,0.2684067259135952,-0.3654645119859947,0.17018669143473011,0.19095092632889024,-0.16486121214292138,-0.23026964160406993,918.0,19.943857490534647,86,192,21.070588235294117,0.8464598249801114,1.3866348448687351,0.5973000307148036,0.20122373000811494,1,,,
INDUSTRY|PAIRWISE_MAJORITY_5H|TOP_1|FORTNIGHTLY,INDUSTRY,PAIRWISE_MAJORITY_5H,TOP_1,FORTNIGHTLY,FROZEN_FROM_A3R1R1,"HISTORICAL UK RETAIL, ACCOUNT AND BROKER ELIGIBILITY REMAIN UNRESOLVED",0.23698831574653934,0.18110566549496587,0.19137973037797007,0.11568564329764564,0.17615261345138888,0.045608585368569265,-0.010274064883004197,0.1213026724488937,0.06542002219732024,0.06083570229515045,0.3507236215245348,0.5163771539188918,0.6944091813043877,-0.4315998729897714,0.41961473306378366,0.21544679967611383,-0.2601988101723701,-0.2352107612290446,1021.0,23.129343337004403,58,115,31.666666666666668,1.0,1.0,1.0,0.23140377254588276,0,,,
INDUSTRY|PAIRWISE_MAJORITY_5H|TOP_2|FORTNIGHTLY,INDUSTRY,PAIRWISE_MAJORITY_5H,TOP_2,FORTNIGHTLY,FROZEN_FROM_A3R1R1,"HISTORICAL UK RETAIL, ACCOUNT AND BROKER ELIGIBILITY REMAIN UNRESOLVED",0.2648691618050052,0.22485751336852133,0.19137973037797007,0.11568564329764564,0.1531043948965447,0.07348943142703512,0.033477782990551264,0.14918351850735956,0.1091718700708757,0.11176476690846049,0.2873960310328762,0.7823960287844028,1.039842629285902,-0.3177201084926803,0.7077220086424012,0.15027708449384908,-0.24442166426846823,-0.27363441872559646,827.0,15.959103626741289,66,210,27.76923076923077,1.0,2.0,0.5005687391815234,0.16163668650412477,0,,,
INDUSTRY|PAIRWISE_MAJORITY_5H|TOP_3|FORTNIGHTLY,INDUSTRY,PAIRWISE_MAJORITY_5H,TOP_3,FORTNIGHTLY,FROZEN_FROM_A3R1R1,"HISTORICAL UK RETAIL, ACCOUNT AND BROKER ELIGIBILITY REMAIN UNRESOLVED",0.25561247925658237,0.2226963830977653,0.19137973037797007,0.11568564329764564,0.1520398333015356,0.0642327488786123,0.031316652719795224,0.13992683595893673,0.10701073980011966,0.10357264595504678,0.23315160304172353,0.9551569888108931,1.3372819017194417,-0.22072295970415257,1.0089407254970566,0.0860852462743783,-0.1523024367174699,-0.1693097438101243,412.0,12.99104248071096,81,337,22.5625,1.0,3.0,0.33402847013131665,0.13400874542364308,0,,,
INDUSTRY|PAIRWISE_MAJORITY_5H|TOP_5|FORTNIGHTLY,INDUSTRY,PAIRWISE_MAJORITY_5H,TOP_5,FORTNIGHTLY,FROZEN_FROM_A3R1R1,"HISTORICAL UK RETAIL, ACCOUNT AND BROKER ELIGIBILITY REMAIN UNRESOLVED",0.21230981622952427,0.18786360210385444,0.19137973037797007,0.11568564329764564,0.12905426164627753,0.020930085851554203,-0.0035161282741156263,0.09662417293187864,0.07217795880620881,0.08325555458324674,0.19068385555930603,0.9852097942577291,1.3769760877713892,-0.1959435414659908,0.9587639413798247,0.08626665828265782,-0.114793727655786,-0.15838840549232636,639.0,9.600702123084277,94,582,19.408602150537636,1.0,5.0,0.2004275324874313,0.10330435099059368,0,,,
INDUSTRY|PAIRWISE_MAJORITY_5H|VARIABLE_THRESHOLD|FORTNIGHTLY,INDUSTRY,PAIRWISE_MAJORITY_5H,VARIABLE_THRESHOLD,FORTNIGHTLY,FROZEN_FROM_A3R1R1,"HISTORICAL UK RETAIL, ACCOUNT AND BROKER ELIGIBILITY REMAIN UNRESOLVED",0.1626160897943565,0.12110081728143096,0.19137973037797007,0.11568564329764564,0.1710444173255088,-0.02876364058361358,-0.07027891309653911,0.046930446496710854,0.005415173983785326,-0.008428327531152302,0.2940608616680515,0.41182228942161897,0.5411699439545252,-0.39948831008357166,0.3031398271856742,0.20897780738103094,-0.25314833726638986,-0.3059352041285064,918.0,18.052506770823047,72,190,25.422535211267604,0.9688498402555911,1.7587859424920127,0.5743541879206705,0.18254982599623396,1,,,
INDUSTRY|SHORT_RS_1_2_3_EQ|TOP_1|FORTNIGHTLY,INDUSTRY,SHORT_RS_1_2_3_EQ,TOP_1,FORTNIGHTLY,A3R2_PREDECLARED_NEW_HYPOTHESIS,"HISTORICAL UK RETAIL, ACCOUNT AND BROKER ELIGIBILITY REMAIN UNRESOLVED",0.0993290203834003,0.0401957870854357,0.18897023972645544,0.11568564329764564,0.1932129907897775,-0.08964121934305513,-0.14877445264101974,-0.016356622914245333,-0.07548985621220994,-0.09388397040637719,0.3273315262846205,0.12279839813072194,0.16258770368084438,-0.43135050174856415,0.09318590548172348,0.24195308667838625,-0.21635332498084836,-0.2297739969285142,1224.0,27.554087279735683,69,137,26.544117647058822,1.0,1.0,1.0,0.27637032130455585,1,,,
INDUSTRY|SHORT_RS_1_2_3_EQ|TOP_2|FORTNIGHTLY,INDUSTRY,SHORT_RS_1_2_3_EQ,TOP_2,FORTNIGHTLY,A3R2_PREDECLARED_NEW_HYPOTHESIS,"HISTORICAL UK RETAIL, ACCOUNT AND BROKER ELIGIBILITY REMAIN UNRESOLVED",0.16111329844808564,0.11042331735057087,0.18897023972645544,0.11568564329764564,0.19151176508500756,-0.027856941278369796,-0.07854692237588456,0.045427655150440005,-0.005262325947074764,-0.030398466636921917,0.26218768032994305,0.4211613498071748,0.5727697519202936,-0.3382382592757007,0.3264660762712947,0.19119511857518462,-0.1435613975329374,-0.19136552565944565,1190.0,21.984745602367127,90,288,20.280898876404493,1.0,2.0,0.5003846975099634,0.22366679757421018,1,,,
INDUSTRY|SHORT_RS_1_2_3_EQ|TOP_3|FORTNIGHTLY,INDUSTRY,SHORT_RS_1_2_3_EQ,TOP_3,FORTNIGHTLY,A3R2_PREDECLARED_NEW_HYPOTHESIS,"HISTORICAL UK RETAIL, ACCOUNT AND BROKER ELIGIBILITY REMAIN UNRESOLVED",0.16729937389000193,0.12563151004278206,0.18897023972645544,0.11568564329764564,0.18782563046506096,-0.0216708658364535,-0.06333872968367338,0.0516137305923563,0.009945866745136422,-0.02052625657505902,0.2249003759494391,0.5586096044189177,0.7935460103793816,-0.255907009756819,0.49092641175466833,0.1212384117961047,-0.13637151350613697,-0.16691517821278534,803.0,17.681755577964804,97,420,18.802083333333332,1.0,3.0,0.3337421581168691,0.18257982919214977,1,,,
INDUSTRY|SHORT_RS_1_2_3_EQ|TOP_5|FORTNIGHTLY,INDUSTRY,SHORT_RS_1_2_3_EQ,TOP_5,FORTNIGHTLY,A3R2_PREDECLARED_NEW_HYPOTHESIS,"HISTORICAL UK RETAIL, ACCOUNT AND BROKER ELIGIBILITY REMAIN UNRESOLVED",0.1925287746490134,0.16349616604912431,0.18897023972645544,0.11568564329764564,0.1528026514369809,0.0035585349225579765,-0.02547407367733112,0.07684313135136778,0.04781052275147868,0.039726123212032505,0.1890101236849821,0.8650127456750349,1.2024227664004246,-0.20365981119773247,0.8027905215447075,0.094258600172015,-0.11860799692760071,-0.1502439099899987,467.0,11.615575281406544,106,667,17.19047619047619,1.0,5.0,0.20030255940086608,0.12454219966397474,1,,,
INDUSTRY|SHORT_RS_1_2_3_EQ|VARIABLE_THRESHOLD|FORTNIGHTLY,INDUSTRY,SHORT_RS_1_2_3_EQ,VARIABLE_THRESHOLD,FORTNIGHTLY,A3R2_PREDECLARED_NEW_HYPOTHESIS,"HISTORICAL UK RETAIL, ACCOUNT AND BROKER ELIGIBILITY REMAIN UNRESOLVED",0.07795670500954266,0.03071872247129437,0.18897023972645544,0.11568564329764564,0.18418367700709126,-0.11101353471691278,-0.15825151725516107,-0.037728938288102976,-0.08496692082635127,-0.1062269719975486,0.28674513771903043,0.1071290091112002,0.13561439621284732,-0.368110492208522,0.08344973349440217,0.2158170136364491,-0.1648650694443834,-0.18029533012446342,1413.0,22.128346141773072,94,232,19.258064516129032,0.9077046548956661,1.6195826645264848,0.588420498172101,0.2245121640581733,1,,,
INDUSTRY|SHORT_RS_1_2_3_PERSISTENT|TOP_1|FORTNIGHTLY,INDUSTRY,SHORT_RS_1_2_3_PERSISTENT,TOP_1,FORTNIGHTLY,A3R2_PREDECLARED_NEW_HYPOTHESIS,"HISTORICAL UK RETAIL, ACCOUNT AND BROKER ELIGIBILITY REMAIN UNRESOLVED",0.19243126217214734,0.13107258766093266,0.18897023972645544,0.11568564329764564,0.18535131513194014,0.003461022445691908,-0.057897652065522776,0.07674561887450171,0.015386944363287025,0.007079947040207202,0.33159590690433827,0.3952780626413029,0.5164162268068064,-0.3658036682846888,0.358314032977178,0.1929150509598795,-0.2163554979451563,-0.22374491701082755,1013.0,26.34733893171806,67,131,27.348484848484848,0.9920127795527156,0.9920127795527156,0.9920127795527156,0.26415255310293,1,,,
INDUSTRY|SHORT_RS_1_2_3_PERSISTENT|TOP_2|FORTNIGHTLY,INDUSTRY,SHORT_RS_1_2_3_PERSISTENT,TOP_2,FORTNIGHTLY,A3R2_PREDECLARED_NEW_HYPOTHESIS,"HISTORICAL UK RETAIL, ACCOUNT AND BROKER ELIGIBILITY REMAIN UNRESOLVED",0.25644949102116965,0.19784041957587628,0.18897023972645544,0.11568564329764564,0.16355660630705793,0.06747925129471422,0.008870179849420845,0.14076384772352402,0.08215477627823065,0.09289288471411172,0.2733790181202012,0.7236854566830305,0.9735974871142713,-0.28382956697905537,0.6970395004353986,0.14659734067149713,-0.19215674118912285,-0.20425458007548092,1001.0,23.589807771133014,100,294,18.232323232323232,0.9919549477071601,1.9066773934030572,0.5349572084904678,0.23923091292872237,1,,,
INDUSTRY|SHORT_RS_1_2_3_PERSISTENT|TOP_3|FORTNIGHTLY,INDUSTRY,SHORT_RS_1_2_3_PERSISTENT,TOP_3,FORTNIGHTLY,A3R2_PREDECLARED_NEW_HYPOTHESIS,"HISTORICAL UK RETAIL, ACCOUNT AND BROKER ELIGIBILITY REMAIN UNRESOLVED",0.2362729249608999,0.18222810940359802,0.18897023972645544,0.11568564329764564,0.15937732341493516,0.047302685234444475,-0.00674213032285742,0.12058728166325428,0.06654246610595238,0.07689560154596475,0.24351778219196427,0.7483154115618061,1.0336983701941556,-0.25816518181000936,0.705858582966097,0.12481027664671443,-0.17857265773528985,-0.1742528584601848,866.0,21.88898057022266,105,402,17.35576923076923,0.991869918699187,2.6878048780487807,0.40501614093919197,0.22401067253081705,1,,,
INDUSTRY|SHORT_RS_1_2_3_PERSISTENT|TOP_5|FORTNIGHTLY,INDUSTRY,SHORT_RS_1_2_3_PERSISTENT,TOP_5,FORTNIGHTLY,A3R2_PREDECLARED_NEW_HYPOTHESIS,"HISTORICAL UK RETAIL, ACCOUNT AND BROKER ELIGIBILITY REMAIN UNRESOLVED",0.18953901984599275,0.13387976006719016,0.18897023972645544,0.11568564329764564,0.17274852566623866,0.0005687801195373154,-0.05509047965926528,0.07385337654834712,0.01819411676954452,0.01679049417975409,0.219778521025052,0.6091576166896198,0.8339282949410842,-0.2974223094447698,0.4501335502273448,0.1356883226756674,-0.174458817774637,-0.15757105939884464,896.0,23.185183758314498,122,596,14.917355371900827,0.9917355371900827,3.6512396694214875,0.33814741543193466,0.24001542214773092,1,,,
INDUSTRY|SHORT_RS_1_2_3_PERSISTENT|VARIABLE_THRESHOLD|FORTNIGHTLY,INDUSTRY,SHORT_RS_1_2_3_PERSISTENT,VARIABLE_THRESHOLD,FORTNIGHTLY,A3R2_PREDECLARED_NEW_HYPOTHESIS,"HISTORICAL UK RETAIL, ACCOUNT AND BROKER ELIGIBILITY REMAIN UNRESOLVED",0.08146743512267984,0.035128048779392795,0.18897023972645544,0.11568564329764564,0.17558155859632074,-0.10750280460377559,-0.15384219094706264,-0.03421820817496579,-0.08055759451825284,-0.0941141234736409,0.28395967979458603,0.12370787572659654,0.14985961502979497,-0.4070278048690117,0.0863038061753486,0.2614712799031584,-0.21635541811515413,-0.26441925155160784,1208.0,21.69260959376445,90,197,20.123595505617978,0.8532695374800638,1.4154704944178629,0.5958155367083845,0.2194560695874291,0,,,
THEME|MH_LEVEL_3_6_12_REFERENCE|TOP_1|FORTNIGHTLY,THEME,MH_LEVEL_3_6_12_REFERENCE,TOP_1,FORTNIGHTLY,FROZEN_FROM_A3R1R1,"HISTORICAL UK RETAIL, ACCOUNT AND BROKER ELIGIBILITY REMAIN UNRESOLVED",0.05030440359159716,0.015010859906554597,0.058712823566287486,0.11568564329764564,0.06635389628158772,-0.008408419974690329,-0.04370196365973289,-0.06538123970604848,-0.10067478339109104,-0.016049492689990563,0.29437322379927267,0.050992613094423996,0.07153333890856763,-0.5431642340805528,0.027635950537068025,0.29936475071626895,-0.19381246013183062,-0.2506693361960688,1516.0,17.0956015969163,43,85,40.666666666666664,1.0,1.0,1.0,0.17162045500104658,1,,,
THEME|MH_LEVEL_3_6_12_REFERENCE|TOP_2|FORTNIGHTLY,THEME,MH_LEVEL_3_6_12_REFERENCE,TOP_2,FORTNIGHTLY,FROZEN_FROM_A3R1R1,"HISTORICAL UK RETAIL, ACCOUNT AND BROKER ELIGIBILITY REMAIN UNRESOLVED",0.10722436261344526,0.07296540875605495,0.058712823566287486,0.11568564329764564,0.05928736103124477,0.04851153904715777,0.014252585189767464,-0.008461280684200378,-0.042720234541590685,0.04793700158220049,0.2459898801305934,0.29661955490737424,0.4211328457362863,-0.3604845304577219,0.20240926472880208,0.13747273995697817,-0.18554131599041956,-0.20371327112731552,748.0,15.559228015239405,71,218,25.585714285714285,1.0,2.0,0.5009536409633519,0.1581181290184739,1,,,
THEME|MH_LEVEL_3_6_12_REFERENCE|TOP_3|FORTNIGHTLY,THEME,MH_LEVEL_3_6_12_REFERENCE,TOP_3,FORTNIGHTLY,FROZEN_FROM_A3R1R1,"HISTORICAL UK RETAIL, ACCOUNT AND BROKER ELIGIBILITY REMAIN UNRESOLVED",0.11055842198054444,0.0810564121658961,0.058712823566287486,0.11568564329764564,0.06251242120009493,0.051845598414256955,0.02234358859960861,-0.005127221317101194,-0.03462923113174954,0.048046000780449516,0.21865214690133808,0.3707094273465835,0.527820831150897,-0.239853706134588,0.33794104528204905,0.12006396585617883,-0.14136904643432324,-0.13743165368548882,765.0,13.1244289798278,81,338,22.3875,1.0,3.0,0.3337680675231081,0.13579166504032142,1,,,
THEME|MH_LEVEL_3_6_12_REFERENCE|TOP_5|FORTNIGHTLY,THEME,MH_LEVEL_3_6_12_REFERENCE,TOP_5,FORTNIGHTLY,FROZEN_FROM_A3R1R1,"HISTORICAL UK RETAIL, ACCOUNT AND BROKER ELIGIBILITY REMAIN UNRESOLVED",0.09864271094271282,0.07895573858729521,0.058712823566287486,0.11568564329764564,0.061496054665424404,0.03992988737642533,0.020242915021007724,-0.017042932354932816,-0.036729904710350425,0.037146656277288415,0.20023022873036578,0.39432476848247855,0.5571438778691457,-0.24304009254442127,0.3248671351327115,0.11835530207110063,-0.1277084961921794,-0.15521238615502375,763.0,8.461868833799771,82,509,21.938271604938272,1.0,5.0,0.20032076700777263,0.09192848467811751,0,,,
THEME|MH_LEVEL_3_6_12_REFERENCE|VARIABLE_THRESHOLD|FORTNIGHTLY,THEME,MH_LEVEL_3_6_12_REFERENCE,VARIABLE_THRESHOLD,FORTNIGHTLY,FROZEN_FROM_A3R1R1,"HISTORICAL UK RETAIL, ACCOUNT AND BROKER ELIGIBILITY REMAIN UNRESOLVED",0.10907778342102614,0.07172606706937712,0.058712823566287486,0.11568564329764564,0.06291876615439684,0.050364959854738656,0.013013243503089633,-0.006607859876619493,-0.043959576228268515,0.0461590172666293,0.23021793802456872,0.31155724738409635,0.42327714524281956,-0.3621377574821013,0.19806293485683327,0.14275752583326168,-0.13501322285174056,-0.22577472665595433,574.0,16.9699045389074,85,234,21.488095238095237,0.9172633253778838,1.9220365950676213,0.5245855216993776,0.1721570811269685,0,,,
THEME|MH_LEVEL_EQ|TOP_1|FORTNIGHTLY,THEME,MH_LEVEL_EQ,TOP_1,FORTNIGHTLY,FROZEN_FROM_A3R1R1,"HISTORICAL UK RETAIL, ACCOUNT AND BROKER ELIGIBILITY REMAIN UNRESOLVED",0.1013358724069302,0.05838154623607417,0.058712823566287486,0.11568564329764564,0.05286208349437471,0.04262304884064272,-0.00033127733021331984,-0.01434977089071543,-0.05730409706157147,0.04847378891255549,0.29848757463812065,0.19559121114791658,0.26664592863558656,-0.46746551967994543,0.12488952399322549,0.22114162819067434,-0.1976642250230899,-0.2662032403508394,902.0,19.911347742290747,50,99,36.55102040816327,1.0,1.0,1.0,0.19941975790179955,1,,,
THEME|MH_LEVEL_EQ|TOP_2|FORTNIGHTLY,THEME,MH_LEVEL_EQ,TOP_2,FORTNIGHTLY,FROZEN_FROM_A3R1R1,"HISTORICAL UK RETAIL, ACCOUNT AND BROKER ELIGIBILITY REMAIN UNRESOLVED",0.1592287498550451,0.11886616183608556,0.058712823566287486,0.11568564329764564,0.0510498443870504,0.1005159262887576,0.06015333826979807,0.04354310655739946,0.003180518538439925,0.10817890546799469,0.2361184301947556,0.5034175508368499,0.7232185884966339,-0.26851230812079296,0.44268422057812123,0.11152375526216804,-0.13385731498119635,-0.14088773006948463,653.0,17.53377642111742,79,244,22.96153846153846,1.0,2.0,0.50047291799621,0.17802306111691754,0,11.0,12.0,True
THEME|MH_LEVEL_EQ|TOP_3|FORTNIGHTLY,THEME,MH_LEVEL_EQ,TOP_3,FORTNIGHTLY,FROZEN_FROM_A3R1R1,"HISTORICAL UK RETAIL, ACCOUNT AND BROKER ELIGIBILITY REMAIN UNRESOLVED",0.11608567450233531,0.08193657792538955,0.058712823566287486,0.11568564329764564,0.05905910558659411,0.057372850936047826,0.023223754359102067,0.000400031204689677,-0.03374906537225608,0.057026568915741205,0.21773323058721578,0.37631636523469864,0.5374074890335153,-0.23332563776327053,0.3511683444256625,0.1119953947002154,-0.12999675448212888,-0.12578433806174105,728.0,15.131148313543104,91,383,20.055555555555557,1.0,3.0,0.33362772336458546,0.15640782001001285,0,,,
THEME|MH_LEVEL_EQ|TOP_5|FORTNIGHTLY,THEME,MH_LEVEL_EQ,TOP_5,FORTNIGHTLY,FROZEN_FROM_A3R1R1,"HISTORICAL UK RETAIL, ACCOUNT AND BROKER ELIGIBILITY REMAIN UNRESOLVED",0.10052422077227341,0.07399523144261932,0.058712823566287486,0.11568564329764564,0.07393896196478411,0.04181139720598592,0.015282407876331838,-0.015161422525372226,-0.04169041185502631,0.026585258807489298,0.19807780112156329,0.37356650277638814,0.5347355408326284,-0.26472881574463647,0.27951332473755647,0.12836856882510983,-0.12004205919004829,-0.14816794701191394,906.0,11.409785852011048,94,606,19.408602150537636,1.0,5.0,0.20019111555703456,0.12331162495788278,1,,,
THEME|MH_LEVEL_EQ|VARIABLE_THRESHOLD|FORTNIGHTLY,THEME,MH_LEVEL_EQ,VARIABLE_THRESHOLD,FORTNIGHTLY,FROZEN_FROM_A3R1R1,"HISTORICAL UK RETAIL, ACCOUNT AND BROKER ELIGIBILITY REMAIN UNRESOLVED",0.0072937811910831485,-0.03666991521942997,0.058712823566287486,0.11568564329764564,0.06623814623779833,-0.05141904237520434,-0.09538273878571746,-0.10839186210656249,-0.1523555585170756,-0.058944365046715186,0.24219857756227145,-0.15140433766586348,-0.20039187951419943,-0.5134023559592683,-0.0714252959570354,0.2902113719142106,-0.14158179833312667,-0.24467762059649478,1582.0,22.020056500513803,98,242,18.463917525773194,0.9076433121019108,1.6464968152866242,0.6036296642160697,0.22362827208240285,0,,,
THEME|MH_LEVEL_60D_CENTERED|TOP_1|FORTNIGHTLY,THEME,MH_LEVEL_60D_CENTERED,TOP_1,FORTNIGHTLY,FROZEN_FROM_A3R1R1,"HISTORICAL UK RETAIL, ACCOUNT AND BROKER ELIGIBILITY REMAIN UNRESOLVED",0.07838253396248085,0.03376668977169994,0.058712823566287486,0.11568564329764564,0.05618579292346726,0.019669710396193363,-0.024946133794587544,-0.037303109335164786,-0.08191895352594569,0.02219674103901359,0.30422928799706733,0.11099092396398548,0.15045638348901447,-0.5292931443078513,0.06379581926355032,0.25273649517588476,-0.19766668483194394,-0.2554232662896361,962.0,21.11809609030837,53,105,34.44230769230769,1.0,1.0,1.0,0.2116764794556298,1,,,
THEME|MH_LEVEL_60D_CENTERED|TOP_2|FORTNIGHTLY,THEME,MH_LEVEL_60D_CENTERED,TOP_2,FORTNIGHTLY,FROZEN_FROM_A3R1R1,"HISTORICAL UK RETAIL, ACCOUNT AND BROKER ELIGIBILITY REMAIN UNRESOLVED",0.0899662722331187,0.05415850934492794,0.058712823566287486,0.11568564329764564,0.0633087306385669,0.03125344866683122,-0.0045543142213595456,-0.02571937106452693,-0.061527133952717694,0.026657541594551803,0.23668436610217705,0.2288216591439234,0.3297961475775199,-0.2991780078354097,0.1810243665193559,0.14285030424704426,-0.13616452114464728,-0.1523301064307373,662.0,16.511899668985834,76,233,23.88,1.0,2.0,0.5006151629504355,0.1679225759039121,0,,,
THEME|MH_LEVEL_60D_CENTERED|TOP_3|FORTNIGHTLY,THEME,MH_LEVEL_60D_CENTERED,TOP_3,FORTNIGHTLY,FROZEN_FROM_A3R1R1,"HISTORICAL UK RETAIL, ACCOUNT AND BROKER ELIGIBILITY REMAIN UNRESOLVED",0.07972652863970553,0.04538483421159634,0.058712823566287486,0.11568564329764564,0.06919724185786014,0.021013705073418043,-0.01332798935469115,-0.035959114657940106,-0.0703008090860493,0.010529286781845393,0.21580755472147714,0.21030234215002502,0.3073704523955003,-0.3013606680633135,0.1505997265776612,0.1573440862497036,-0.13160785379303142,-0.14965430506494248,1486.0,15.650401950239026,91,387,20.055555555555557,1.0,3.0,0.33366168522584166,0.16259864740227523,1,,,
THEME|MH_LEVEL_60D_CENTERED|TOP_5|FORTNIGHTLY,THEME,MH_LEVEL_60D_CENTERED,TOP_5,FORTNIGHTLY,FROZEN_FROM_A3R1R1,"HISTORICAL UK RETAIL, ACCOUNT AND BROKER ELIGIBILITY REMAIN UNRESOLVED",0.06347568188399544,0.03799652000888343,0.058712823566287486,0.11568564329764564,0.09671888699448661,0.004762858317707952,-0.02071630355740406,-0.0522099614136502,-0.07768912328876221,-0.03324320511049117,0.19683974322318015,0.19303276557215554,0.2749652640214384,-0.3413188498572709,0.11132265336289633,0.17007221722926988,-0.10962188950664442,-0.15865537614327985,1444.0,11.196588730063388,100,633,18.232323232323232,1.0,5.0,0.20013865070932296,0.12256875518514061,1,,,
THEME|MH_LEVEL_60D_CENTERED|VARIABLE_THRESHOLD|FORTNIGHTLY,THEME,MH_LEVEL_60D_CENTERED,VARIABLE_THRESHOLD,FORTNIGHTLY,FROZEN_FROM_A3R1R1,"HISTORICAL UK RETAIL, ACCOUNT AND BROKER ELIGIBILITY REMAIN UNRESOLVED",0.034415377026365546,-0.0081473153911229,0.058712823566287486,0.11568564329764564,0.0652441253482221,-0.02429744653992194,-0.06686013895741039,-0.08127026627128009,-0.12383295868876854,-0.03082874832185656,0.24569723001535326,-0.033159980642084516,-0.045500433933347934,-0.4426411031567351,-0.018406142884200276,0.22713861402039112,-0.14156575437139773,-0.22543564487116674,896.0,20.714980516066472,98,265,18.608247422680414,0.9537110933758979,1.8403830806065442,0.5943861499103965,0.21068247042737298,0,,,
THEME|MH_LEVEL_RECENCY_TILT|TOP_1|FORTNIGHTLY,THEME,MH_LEVEL_RECENCY_TILT,TOP_1,FORTNIGHTLY,FROZEN_FROM_A3R1R1,"HISTORICAL UK RETAIL, ACCOUNT AND BROKER ELIGIBILITY REMAIN UNRESOLVED",0.13225901774189852,0.0793135936342837,0.058712823566287486,0.11568564329764564,0.050023851100920336,0.07354619417561103,0.02060077006799621,0.016573374444252886,-0.03637204966336194,0.08223516664097819,0.29523834160739276,0.26864259297240844,0.36571608853094506,-0.4310040121584281,0.1840205459737801,0.21199236070496155,-0.19011592048613746,-0.2662002518587283,823.0,23.933842235682818,60,119,30.593220338983052,1.0,1.0,1.0,0.2396445530786787,1,,,
THEME|MH_LEVEL_RECENCY_TILT|TOP_2|FORTNIGHTLY,THEME,MH_LEVEL_RECENCY_TILT,TOP_2,FORTNIGHTLY,FROZEN_FROM_A3R1R1,"HISTORICAL UK RETAIL, ACCOUNT AND BROKER ELIGIBILITY REMAIN UNRESOLVED",0.09022680894372415,0.04440485362566582,0.058712823566287486,0.11568564329764564,0.06085845161476944,0.03151398537743666,-0.014307969940621668,-0.02545883435392149,-0.07128078967197982,0.02936835732895471,0.23672786972626925,0.18757763366439104,0.27010934889324884,-0.2967348526144734,0.1496448874624037,0.13997969499118773,-0.13616277135386612,-0.14092539716482688,751.0,21.161627992562277,89,282,20.511363636363637,1.0,2.0,0.5004727339982051,0.21523874585753835,1,,,
THEME|MH_LEVEL_RECENCY_TILT|TOP_3|FORTNIGHTLY,THEME,MH_LEVEL_RECENCY_TILT,TOP_3,FORTNIGHTLY,FROZEN_FROM_A3R1R1,"HISTORICAL UK RETAIL, ACCOUNT AND BROKER ELIGIBILITY REMAIN UNRESOLVED",0.0803274187622749,0.040810675236629956,0.058712823566287486,0.11568564329764564,0.06309365719805027,0.021614595195987407,-0.01790214832965753,-0.03535822453537074,-0.07487496806101568,0.017233761564224626,0.21275517131511998,0.19181989788715254,0.27735443641021196,-0.3161011868129795,0.12910636511078807,0.1571403021081122,-0.11469413838851539,-0.1412744423054182,1492.0,18.035398688937786,99,429,18.418367346938776,1.0,3.0,0.3335934101462935,0.18712671038408252,0,,,
THEME|MH_LEVEL_RECENCY_TILT|TOP_5|FORTNIGHTLY,THEME,MH_LEVEL_RECENCY_TILT,TOP_5,FORTNIGHTLY,FROZEN_FROM_A3R1R1,"HISTORICAL UK RETAIL, ACCOUNT AND BROKER ELIGIBILITY REMAIN UNRESOLVED",0.11867922282430987,0.08758076687338368,0.058712823566287486,0.11568564329764564,0.047577140939018214,0.059966399258022385,0.02886794330709619,0.002993579526664236,-0.02810487642426196,0.07110208188529166,0.19613042140572312,0.44654351041346435,0.6391858445146813,-0.2717129385841365,0.32232829003196,0.1187724140711675,-0.11729297641170311,-0.14554050131528495,914.0,13.182532184421754,107,693,17.028301886792452,1.0,5.0,0.2001744633316282,0.14214863433614539,1,,,
THEME|MH_LEVEL_RECENCY_TILT|VARIABLE_THRESHOLD|FORTNIGHTLY,THEME,MH_LEVEL_RECENCY_TILT,VARIABLE_THRESHOLD,FORTNIGHTLY,FROZEN_FROM_A3R1R1,"HISTORICAL UK RETAIL, ACCOUNT AND BROKER ELIGIBILITY REMAIN UNRESOLVED",0.08365465681895534,0.03179037589947287,0.058712823566287486,0.11568564329764564,0.06266813941399785,0.024941833252667855,-0.02692244766681462,-0.03203098647869029,-0.08389526739817277,0.020986517404957494,0.24537055043770914,0.1295606821713648,0.18068188973146584,-0.4027680374206932,0.07892973857373807,0.20670241087925983,-0.17268534871126273,-0.21891082860763877,823.0,24.259737898433343,105,275,17.35576923076923,0.9226475279106858,1.6945773524720893,0.6117624128055381,0.24555983659667283,1,,,
THEME|PAIRWISE_MAJORITY_5H|TOP_1|FORTNIGHTLY,THEME,PAIRWISE_MAJORITY_5H,TOP_1,FORTNIGHTLY,FROZEN_FROM_A3R1R1,"HISTORICAL UK RETAIL, ACCOUNT AND BROKER ELIGIBILITY REMAIN UNRESOLVED",0.10049124229109041,0.060144446215299574,0.058712823566287486,0.11568564329764564,0.057709263851200454,0.041778418724802924,0.0014316226490120876,-0.015194401006555225,-0.05554119708234606,0.042781978439889956,0.3177080170290849,0.1893072978696461,0.27047116891746315,-0.48256699260594615,0.12463439716527035,0.21989277979570318,-0.19011717277831475,-0.25542025246154476,962.0,18.704599394273128,47,93,38.630434782608695,1.0,1.0,1.0,0.1873546746640568,1,,,
THEME|PAIRWISE_MAJORITY_5H|TOP_2|FORTNIGHTLY,THEME,PAIRWISE_MAJORITY_5H,TOP_2,FORTNIGHTLY,FROZEN_FROM_A3R1R1,"HISTORICAL UK RETAIL, ACCOUNT AND BROKER ELIGIBILITY REMAIN UNRESOLVED",0.12977279852926782,0.08765003375803171,0.058712823566287486,0.11568564329764564,0.05958641932456876,0.07105997496298033,0.028937210191744223,0.014087155231622184,-0.028035609539613926,0.07018637920469906,0.23994333604871437,0.3652947200010448,0.5391967507215163,-0.27541333539503043,0.3182490551240507,0.12801395042782138,-0.1338648218028876,-0.15244366898043005,737.0,18.773592398764762,81,254,22.5625,1.0,2.0,0.5004839961600172,0.19071159880115143,0,,,
THEME|PAIRWISE_MAJORITY_5H|TOP_3|FORTNIGHTLY,THEME,PAIRWISE_MAJORITY_5H,TOP_3,FORTNIGHTLY,FROZEN_FROM_A3R1R1,"HISTORICAL UK RETAIL, ACCOUNT AND BROKER ELIGIBILITY REMAIN UNRESOLVED",0.10990328181786624,0.07370200644222691,0.058712823566287486,0.11568564329764564,0.06459907083126226,0.05119045825157875,0.014989182875939422,-0.0057823614797793965,-0.04198363685541873,0.04530421098660398,0.21892361752771106,0.33665626063801823,0.4902548511510459,-0.2669953673806973,0.27604226682007693,0.1329922905029611,-0.1315984779687407,-0.14964634736621307,753.0,16.085504075285748,96,405,19.0,1.0,3.0,0.33360107098856706,0.16676285885558073,0,,,
THEME|PAIRWISE_MAJORITY_5H|TOP_5|FORTNIGHTLY,THEME,PAIRWISE_MAJORITY_5H,TOP_5,FORTNIGHTLY,FROZEN_FROM_A3R1R1,"HISTORICAL UK RETAIL, ACCOUNT AND BROKER ELIGIBILITY REMAIN UNRESOLVED",0.09345250059456589,0.06602051502351047,0.058712823566287486,0.11568564329764564,0.0765138356638766,0.034739677028278404,0.007307691457222987,-0.022233142703079745,-0.04966512827413516,0.016938664930689296,0.1947803283289476,0.33894857653188754,0.48852984687177603,-0.26872133349424343,0.24568393645949502,0.14001331820811364,-0.10961233077894728,-0.15317194510803045,1409.0,11.80586757207938,102,651,17.871287128712872,1.0,5.0,0.20016079899902403,0.1283169919861244,0,,,
THEME|PAIRWISE_MAJORITY_5H|VARIABLE_THRESHOLD|FORTNIGHTLY,THEME,PAIRWISE_MAJORITY_5H,VARIABLE_THRESHOLD,FORTNIGHTLY,FROZEN_FROM_A3R1R1,"HISTORICAL UK RETAIL, ACCOUNT AND BROKER ELIGIBILITY REMAIN UNRESOLVED",0.09524935104238708,0.04942646959957786,0.058712823566287486,0.11568564329764564,0.06360788415509933,0.03653652747609959,-0.009286353966709626,-0.02043629225525856,-0.06625917369806777,0.03164146688728775,0.22838828242900736,0.21641420949405177,0.32070579591552617,-0.3849491539343969,0.1283973976677479,0.15601018916366458,-0.1441991291993887,-0.16962794168277784,751.0,20.969214435814614,105,359,17.35576923076923,1.0,2.4512779552715656,0.45625586011057645,0.21427847701157615,1,,,
THEME|SHORT_RS_1_2_3_EQ|TOP_1|FORTNIGHTLY,THEME,SHORT_RS_1_2_3_EQ,TOP_1,FORTNIGHTLY,A3R2_PREDECLARED_NEW_HYPOTHESIS,"HISTORICAL UK RETAIL, ACCOUNT AND BROKER ELIGIBILITY REMAIN UNRESOLVED",0.17416946696137958,0.11748848879785334,0.08136379791184867,0.11568564329764564,0.07108213104451755,0.09280566904953091,0.03612469088600467,0.05848382366373395,0.001802845500207706,0.10308733591686203,0.3153837811087921,0.3725254621046144,0.5477182415219056,-0.4424164625046213,0.2655608431312072,0.20515268288898764,-0.19011235798942172,-0.25540412093147924,823.0,24.73834113436123,62,123,29.59016393442623,1.0,1.0,1.0,0.24752372331191858,1,,,
THEME|SHORT_RS_1_2_3_EQ|TOP_2|FORTNIGHTLY,THEME,SHORT_RS_1_2_3_EQ,TOP_2,FORTNIGHTLY,A3R2_PREDECLARED_NEW_HYPOTHESIS,"HISTORICAL UK RETAIL, ACCOUNT AND BROKER ELIGIBILITY REMAIN UNRESOLVED",0.07221939537079347,0.023221379819346355,0.08136379791184867,0.11568564329764564,0.08630892455925565,-0.009144402541055197,-0.05814241809250231,-0.043466247926852164,-0.09246426347829928,-0.01408952918846218,0.24872806238427111,0.09336051427711685,0.13456922084586184,-0.40646886126806125,0.057129541847074326,0.20610458470900683,-0.152389346818799,-0.23021829246995973,1599.0,22.97100091739712,94,301,19.408602150537636,1.0,2.0,0.5004749924794872,0.2342757781446441,1,,,
THEME|SHORT_RS_1_2_3_EQ|TOP_3|FORTNIGHTLY,THEME,SHORT_RS_1_2_3_EQ,TOP_3,FORTNIGHTLY,A3R2_PREDECLARED_NEW_HYPOTHESIS,"HISTORICAL UK RETAIL, ACCOUNT AND BROKER ELIGIBILITY REMAIN UNRESOLVED",0.07890909016981795,0.03438051952009502,0.08136379791184867,0.11568564329764564,0.08586558655986343,-0.002454707742030715,-0.04698327839175365,-0.03677655312782768,-0.08130512377755061,-0.006956496390045475,0.22083442270783127,0.1556846034170189,0.22681171764853433,-0.3778458035251431,0.09099087299458979,0.20266398409362785,-0.10203758796722961,-0.165438222580371,1492.0,20.341600948367077,107,470,17.028301886792452,1.0,3.0,0.3335791159287374,0.21136716427872562,1,,,
THEME|SHORT_RS_1_2_3_EQ|TOP_5|FORTNIGHTLY,THEME,SHORT_RS_1_2_3_EQ,TOP_5,FORTNIGHTLY,A3R2_PREDECLARED_NEW_HYPOTHESIS,"HISTORICAL UK RETAIL, ACCOUNT AND BROKER ELIGIBILITY REMAIN UNRESOLVED",-0.18043820108536712,-0.20190705386668195,0.08136379791184867,0.11568564329764564,0.0779448251641428,-0.2618019989972158,-0.2832708517785306,-0.29612384438301276,-0.3175926971643276,-0.25838302624950993,0.1783379661143618,-1.1321596756195262,-1.5716217009461906,-0.17028629732043077,-1.1856917264854836,0.08595431344674069,-0.07910245445978503,-0.09590226709837435,178.0,13.645240152147775,14,91,19.307692307692307,1.0,5.0,0.20011053546927232,0.020524338752702865,112,,,
THEME|SHORT_RS_1_2_3_EQ|VARIABLE_THRESHOLD|FORTNIGHTLY,THEME,SHORT_RS_1_2_3_EQ,VARIABLE_THRESHOLD,FORTNIGHTLY,A3R2_PREDECLARED_NEW_HYPOTHESIS,"HISTORICAL UK RETAIL, ACCOUNT AND BROKER ELIGIBILITY REMAIN UNRESOLVED",0.05733083692468832,0.003528679246681321,0.08136379791184867,0.11568564329764564,0.09106245550610481,-0.024032960987160346,-0.07783511866516735,-0.05835480637295731,-0.11215696405096431,-0.03373161858141649,0.2543965640347262,0.013870781864017792,0.019240947108397684,-0.4618348580862557,0.007640564987457657,0.22836930859394622,-0.17273036063306546,-0.25636593568820887,877.0,25.52463180736491,117,383,15.560344827586206,0.9840255591054313,2.2603833865814695,0.5081898399812205,0.26136999402343986,1,,,
THEME|SHORT_RS_1_2_3_PERSISTENT|TOP_1|FORTNIGHTLY,THEME,SHORT_RS_1_2_3_PERSISTENT,TOP_1,FORTNIGHTLY,A3R2_PREDECLARED_NEW_HYPOTHESIS,"HISTORICAL UK RETAIL, ACCOUNT AND BROKER ELIGIBILITY REMAIN UNRESOLVED",0.08395036434674208,0.027355952131663308,0.08136379791184867,0.11568564329764564,0.0797788445800427,0.0025865664348934114,-0.05400784578018536,-0.031735278950903556,-0.08832969116598233,0.004171519766699383,0.31801363738063987,0.08602131769248676,0.12153010970664334,-0.42510770368544515,0.06435063842528037,0.2247908817983616,-0.19012136478524289,-0.22595264733072806,823.0,26.74958838105727,67,133,27.348484848484848,1.0,1.0,1.0,0.2680970302692579,1,,,
THEME|SHORT_RS_1_2_3_PERSISTENT|TOP_2|FORTNIGHTLY,THEME,SHORT_RS_1_2_3_PERSISTENT,TOP_2,FORTNIGHTLY,A3R2_PREDECLARED_NEW_HYPOTHESIS,"HISTORICAL UK RETAIL, ACCOUNT AND BROKER ELIGIBILITY REMAIN UNRESOLVED",0.06975362831411225,0.020494087602710875,0.08136379791184867,0.11568564329764564,0.08417944853636805,-0.01161016959773642,-0.06086971030913779,-0.04593201498353339,-0.09519155569493476,-0.014425820222255803,0.2502733215577949,0.08188682467291358,0.11973934639307154,-0.42364350150733443,0.04837578655117425,0.19027147730920063,-0.15236338140575112,-0.24384822034924025,882.0,23.200366050734303,97,306,18.802083333333332,1.0,1.993605115907274,0.5035526247830878,0.2361055526269131,1,,,
THEME|SHORT_RS_1_2_3_PERSISTENT|TOP_3|FORTNIGHTLY,THEME,SHORT_RS_1_2_3_PERSISTENT,TOP_3,FORTNIGHTLY,A3R2_PREDECLARED_NEW_HYPOTHESIS,"HISTORICAL UK RETAIL, ACCOUNT AND BROKER ELIGIBILITY REMAIN UNRESOLVED",-0.022311568463683873,-0.06591062977270612,0.08136379791184867,0.11568564329764564,0.06599165165301013,-0.10367536637553254,-0.1472744276845548,-0.1379972117613295,-0.18159627307035175,-0.088303220116694,0.19350298691684686,-0.34061815180677074,-0.5335854439043882,-0.1964350234538711,-0.3355340031213117,0.09339054255181,-0.11912092790868778,-0.12182774210627445,178.0,23.464992082697684,17,66,15.6875,1.0,2.7732558139534884,0.37126809410559386,0.03373568136362375,112,,,
THEME|SHORT_RS_1_2_3_PERSISTENT|TOP_5|FORTNIGHTLY,THEME,SHORT_RS_1_2_3_PERSISTENT,TOP_5,FORTNIGHTLY,A3R2_PREDECLARED_NEW_HYPOTHESIS,"HISTORICAL UK RETAIL, ACCOUNT AND BROKER ELIGIBILITY REMAIN UNRESOLVED",0.06460170118406361,0.013997466762349253,0.08136379791184867,0.11568564329764564,0.07247515808098592,-0.01676209672778506,-0.06736633114949941,-0.051083942113582026,-0.10168817653529638,-0.007873456896922315,0.22473189296567303,0.06228518158963452,0.11678701197124604,-0.2001331647555098,0.06994076558699847,0.09106715171306683,-0.1135810590798837,-0.11811053480785172,128.0,24.84898758491054,17,82,15.6875,1.0,3.461988304093567,0.3184054253723139,0.035889286489812385,112,,,
THEME|SHORT_RS_1_2_3_PERSISTENT|VARIABLE_THRESHOLD|FORTNIGHTLY,THEME,SHORT_RS_1_2_3_PERSISTENT,VARIABLE_THRESHOLD,FORTNIGHTLY,A3R2_PREDECLARED_NEW_HYPOTHESIS,"HISTORICAL UK RETAIL, ACCOUNT AND BROKER ELIGIBILITY REMAIN UNRESOLVED",0.040374073392312804,-0.01626552484836219,0.08136379791184867,0.11568564329764564,0.09049297095351849,-0.040989724519535864,-0.09762932276021086,-0.07531156990533283,-0.13195116814600782,-0.05011889756120569,0.2563090617765743,-0.06346059220700093,-0.08608220783977642,-0.4577600216458696,-0.03553286455614828,0.2468113878974832,-0.1653544645621986,-0.25314783424981313,1809.0,27.406056942878802,117,364,15.560344827586206,0.9600638977635783,2.0654952076677318,0.5435005555296022,0.27998817184085223,1,,,
INDUSTRY_PLUS_THEME|MH_LEVEL_3_6_12_REFERENCE|TOP_1|FORTNIGHTLY,INDUSTRY_PLUS_THEME,MH_LEVEL_3_6_12_REFERENCE,TOP_1,FORTNIGHTLY,FROZEN_FROM_A3R1R1,"HISTORICAL UK RETAIL, ACCOUNT AND BROKER ELIGIBILITY REMAIN UNRESOLVED",0.16085939148500983,0.11734279552624116,0.11438687780934043,0.11568564329764564,0.10929555692067106,0.0464725136756694,0.0029559177169007356,0.04517374818736419,0.0016571522285955265,0.05156383456433877,0.363663645073687,0.3226684798324141,0.4609548378471041,-0.49686628106504116,0.23616574518744746,0.2746031576463766,-0.2602042279322011,-0.30377743107825894,1313.0,19.106848843612333,48,95,38.40425531914894,1.0,1.0,1.0,0.1916003714884662,0,,,
INDUSTRY_PLUS_THEME|MH_LEVEL_3_6_12_REFERENCE|TOP_2|FORTNIGHTLY,INDUSTRY_PLUS_THEME,MH_LEVEL_3_6_12_REFERENCE,TOP_2,FORTNIGHTLY,FROZEN_FROM_A3R1R1,"HISTORICAL UK RETAIL, ACCOUNT AND BROKER ELIGIBILITY REMAIN UNRESOLVED",0.10741353543949916,0.0695916542408177,0.11438687780934043,0.11568564329764564,0.11289972386713831,-0.006973342369841262,-0.044795223568522724,-0.008272107858146471,-0.04609398905682793,-0.005486188427639149,0.29445131865793095,0.23634349663641174,0.31991752842223375,-0.3178143074231857,0.21896954484227457,0.16273247020110784,-0.2741516717720136,-0.17116886506193496,1156.0,17.162888780386783,73,230,25.069444444444443,1.0,2.0,0.5008116807342827,0.17458399748217746,1,,,
INDUSTRY_PLUS_THEME|MH_LEVEL_3_6_12_REFERENCE|TOP_3|FORTNIGHTLY,INDUSTRY_PLUS_THEME,MH_LEVEL_3_6_12_REFERENCE,TOP_3,FORTNIGHTLY,FROZEN_FROM_A3R1R1,"HISTORICAL UK RETAIL, ACCOUNT AND BROKER ELIGIBILITY REMAIN UNRESOLVED",0.13975985156953663,0.10484494811115286,0.11438687780934043,0.11568564329764564,0.11550688416360377,0.025372973760196205,-0.009541929698187568,0.024074208271890996,-0.010840695186492777,0.024252967405932857,0.2530527852025095,0.41432046688302215,0.577394112504191,-0.30862800194855267,0.33971301194060216,0.10606611312019147,-0.24869057386651794,-0.14319824234808143,651.0,15.151380411946189,92,386,19.835164835164836,1.0,3.0,0.3338530483051737,0.15659229968865773,1,,,
INDUSTRY_PLUS_THEME|MH_LEVEL_3_6_12_REFERENCE|TOP_5|FORTNIGHTLY,INDUSTRY_PLUS_THEME,MH_LEVEL_3_6_12_REFERENCE,TOP_5,FORTNIGHTLY,FROZEN_FROM_A3R1R1,"HISTORICAL UK RETAIL, ACCOUNT AND BROKER ELIGIBILITY REMAIN UNRESOLVED",0.16266343878797485,0.1336126099123056,0.11438687780934043,0.11568564329764564,0.11237229703102702,0.04827656097863442,0.019225732102965187,0.04697779549032921,0.017926966614659978,0.05029114175694782,0.2160619084693416,0.6183996561858786,0.8399528761051799,-0.24247226951148793,0.5510428478336789,0.0847617117186145,-0.16909106493409398,-0.13087117757117928,762.0,11.919931389660967,103,656,17.69607843137255,1.0,5.0,0.20026949503112987,0.12780433928389295,1,,,
INDUSTRY_PLUS_THEME|MH_LEVEL_3_6_12_REFERENCE|VARIABLE_THRESHOLD|FORTNIGHTLY,INDUSTRY_PLUS_THEME,MH_LEVEL_3_6_12_REFERENCE,VARIABLE_THRESHOLD,FORTNIGHTLY,FROZEN_FROM_A3R1R1,"HISTORICAL UK RETAIL, ACCOUNT AND BROKER ELIGIBILITY REMAIN UNRESOLVED",0.14716339533332867,0.1053197823872114,0.11438687780934043,0.11568564329764564,0.10748660557397427,0.03277651752398825,-0.009067095422129023,0.03147775203568304,-0.010365860910434233,0.0396767897593544,0.24891829581380667,0.4231098483254587,0.5988873108317988,-0.3083038417245495,0.3416103471111078,0.15448323737690997,-0.1691128362932942,-0.20459334424710973,1403.0,18.024376692876714,105,440,17.35576923076923,0.992822966507177,3.1762360446570974,0.38657855596476154,0.18656648069709367,1,,,
INDUSTRY_PLUS_THEME|MH_LEVEL_EQ|TOP_1|FORTNIGHTLY,INDUSTRY_PLUS_THEME,MH_LEVEL_EQ,TOP_1,FORTNIGHTLY,FROZEN_FROM_A3R1R1,"HISTORICAL UK RETAIL, ACCOUNT AND BROKER ELIGIBILITY REMAIN UNRESOLVED",0.023064218230749445,-0.026516470024262273,0.11438687780934043,0.11568564329764564,0.11371305841094914,-0.09132265957859098,-0.1409033478336027,-0.09262142506689619,-0.1422021133219079,-0.0906488401801997,0.35045442130994175,-0.07566310599006858,-0.10160692133058935,-0.6386516063158348,-0.04151946031612889,0.3703415972041443,-0.24599410134145616,-0.2736024759860347,1534.0,24.73834113436123,62,123,29.59016393442623,1.0,1.0,1.0,0.24851073979916324,1,,,
INDUSTRY_PLUS_THEME|MH_LEVEL_EQ|TOP_2|FORTNIGHTLY,INDUSTRY_PLUS_THEME,MH_LEVEL_EQ,TOP_2,FORTNIGHTLY,FROZEN_FROM_A3R1R1,"HISTORICAL UK RETAIL, ACCOUNT AND BROKER ELIGIBILITY REMAIN UNRESOLVED",0.025666471919084444,-0.020836110807751607,0.11438687780934043,0.11568564329764564,0.12165060365060842,-0.08872040589025598,-0.13522298861709203,-0.09001917137856119,-0.13652175410539724,-0.09598413173152398,0.2883291316468189,-0.07226502118861249,-0.0957892629896244,-0.42249433353001575,-0.04931690002481731,0.23925837169640515,-0.24514799928733688,-0.21501939740635823,1534.0,22.789472884291733,98,308,18.608247422680414,1.0,2.0,0.5004259767957393,0.23242896537206756,1,,,
INDUSTRY_PLUS_THEME|MH_LEVEL_EQ|TOP_3|FORTNIGHTLY,INDUSTRY_PLUS_THEME,MH_LEVEL_EQ,TOP_3,FORTNIGHTLY,FROZEN_FROM_A3R1R1,"HISTORICAL UK RETAIL, ACCOUNT AND BROKER ELIGIBILITY REMAIN UNRESOLVED",0.10512159610876859,0.062415578589800624,0.11438687780934043,0.11568564329764564,0.11537735300651475,-0.009265281700571837,-0.0519712992195398,-0.010564047188877046,-0.05327006470784501,-0.01025575689774616,0.24754960327476386,0.25213362398534495,0.3427576212407526,-0.29119492366679833,0.21434294871575457,0.16812942443823312,-0.20605737367803056,-0.17394382818336396,1187.0,19.128445392550788,101,443,18.05,1.0,3.0,0.33367039581293556,0.1977802187136556,1,,,
INDUSTRY_PLUS_THEME|MH_LEVEL_EQ|TOP_5|FORTNIGHTLY,INDUSTRY_PLUS_THEME,MH_LEVEL_EQ,TOP_5,FORTNIGHTLY,FROZEN_FROM_A3R1R1,"HISTORICAL UK RETAIL, ACCOUNT AND BROKER ELIGIBILITY REMAIN UNRESOLVED",0.1410663575518174,0.10528650805752138,0.11438687780934043,0.11568564329764564,0.11246375646413109,0.026679479742476975,-0.009100369751819049,0.025380714254171766,-0.010399135240124258,0.028602601087686308,0.20780363915999192,0.5066634467188484,0.6899550132198401,-0.2042874008579928,0.5153842459952274,0.09443388287749588,-0.17562757010875896,-0.12506745114965367,680.0,15.04083044019787,110,731,16.559633027522935,1.0,5.0,0.20021212869827076,0.16034776146536703,1,,,
INDUSTRY_PLUS_THEME|MH_LEVEL_EQ|VARIABLE_THRESHOLD|FORTNIGHTLY,INDUSTRY_PLUS_THEME,MH_LEVEL_EQ,VARIABLE_THRESHOLD,FORTNIGHTLY,FROZEN_FROM_A3R1R1,"HISTORICAL UK RETAIL, ACCOUNT AND BROKER ELIGIBILITY REMAIN UNRESOLVED",0.07981476445917202,0.02984301818413848,0.11438687780934043,0.11568564329764564,0.11758598490131766,-0.03457211335016841,-0.08454385962520194,-0.03587087883847362,-0.08584262511350715,-0.03777122044214565,0.2516360805165117,0.11859594269185202,0.16055960979433578,-0.3030024194212043,0.09849102274874458,0.14907837915348582,-0.17722309741973274,-0.19314408786118287,566.0,23.122134672439167,113,433,16.116071428571427,0.9680255795363709,2.6698641087130297,0.4424734736423829,0.23733808235679255,1,,,
INDUSTRY_PLUS_THEME|MH_LEVEL_60D_CENTERED|TOP_1|FORTNIGHTLY,INDUSTRY_PLUS_THEME,MH_LEVEL_60D_CENTERED,TOP_1,FORTNIGHTLY,FROZEN_FROM_A3R1R1,"HISTORICAL UK RETAIL, ACCOUNT AND BROKER ELIGIBILITY REMAIN UNRESOLVED",-0.04603784266444888,-0.08862186836159991,0.11438687780934043,0.11568564329764564,0.11882252917421532,-0.1604247204737893,-0.20300874617094034,-0.16172348596209452,-0.20430751165924554,-0.1648603718386642,0.36198163241481446,-0.24482421323533698,-0.33037400445749154,-0.5964427749861714,-0.14858402528835163,0.36166521374493044,-0.26022350449057785,-0.2695561359911455,1534.0,22.7270938876652,57,113,32.232142857142854,1.0,1.0,1.0,0.22861001120555324,1,,,
INDUSTRY_PLUS_THEME|MH_LEVEL_60D_CENTERED|TOP_2|FORTNIGHTLY,INDUSTRY_PLUS_THEME,MH_LEVEL_60D_CENTERED,TOP_2,FORTNIGHTLY,FROZEN_FROM_A3R1R1,"HISTORICAL UK RETAIL, ACCOUNT AND BROKER ELIGIBILITY REMAIN UNRESOLVED",0.03399131875295458,-0.009583327269167108,0.11438687780934043,0.11568564329764564,0.11969315638802946,-0.08039555905638585,-0.12397020507850753,-0.08169432454469105,-0.12526897056681274,-0.08570183763507488,0.2924805147641042,-0.032765694757123896,-0.04410677482463127,-0.3893325490166598,-0.024614760038357417,0.19642187493041752,-0.25394922748892024,-0.22143164771184753,1223.0,21.17346863234615,87,278,20.988372093023255,1.0,2.0,0.5004607521141066,0.21581244276589856,1,,,
INDUSTRY_PLUS_THEME|MH_LEVEL_60D_CENTERED|TOP_3|FORTNIGHTLY,INDUSTRY_PLUS_THEME,MH_LEVEL_60D_CENTERED,TOP_3,FORTNIGHTLY,FROZEN_FROM_A3R1R1,"HISTORICAL UK RETAIL, ACCOUNT AND BROKER ELIGIBILITY REMAIN UNRESOLVED",0.06517385476839688,0.02508672008708346,0.11438687780934043,0.11568564329764564,0.12227649196752188,-0.04921302304094355,-0.08930015772225697,-0.05051178852924876,-0.09059892321056218,-0.057102637199125006,0.24840308045165038,0.10099198464636747,0.1378777357264448,-0.28003234323842296,0.08958508076948925,0.1575279312515916,-0.20606962821807262,-0.17041417174425522,1201.0,18.597481725151916,96,424,19.0,1.0,3.0,0.3337133465618682,0.1925565334994257,1,,,
INDUSTRY_PLUS_THEME|MH_LEVEL_60D_CENTERED|TOP_5|FORTNIGHTLY,INDUSTRY_PLUS_THEME,MH_LEVEL_60D_CENTERED,TOP_5,FORTNIGHTLY,FROZEN_FROM_A3R1R1,"HISTORICAL UK RETAIL, ACCOUNT AND BROKER ELIGIBILITY REMAIN UNRESOLVED",0.1220609829247914,0.0872720216759737,0.11438687780934043,0.11568564329764564,0.12046114326889512,0.007674105115450969,-0.027114856133366727,0.00637533962714576,-0.028413621621671936,0.0015998396558962735,0.2107949984234999,0.4140137210496756,0.568541708570808,-0.2584827160561105,0.33763194308523514,0.12664600745635549,-0.17564282456662883,-0.14151787438657049,1345.0,14.758865273201405,108,717,16.869158878504674,1.0,5.0,0.20020298985865165,0.1585399215688528,1,,,
INDUSTRY_PLUS_THEME|MH_LEVEL_60D_CENTERED|VARIABLE_THRESHOLD|FORTNIGHTLY,INDUSTRY_PLUS_THEME,MH_LEVEL_60D_CENTERED,VARIABLE_THRESHOLD,FORTNIGHTLY,FROZEN_FROM_A3R1R1,"HISTORICAL UK RETAIL, ACCOUNT AND BROKER ELIGIBILITY REMAIN UNRESOLVED",0.10766302641210235,0.05835403618500168,0.11438687780934043,0.11568564329764564,0.11666035831935218,-0.006723851397238079,-0.05603284162433875,-0.008022616885543288,-0.057331607112643956,-0.008997331907249828,0.24057262928305842,0.2425630727772533,0.3363752818934358,-0.2273894464568268,0.25662596525156256,0.11311857423823303,-0.17952241022706528,-0.1666753398163099,962.0,22.161354315225747,114,498,15.973451327433628,1.0,3.1408,0.39090311674755884,0.2281737633215727,1,,,
INDUSTRY_PLUS_THEME|MH_LEVEL_RECENCY_TILT|TOP_1|FORTNIGHTLY,INDUSTRY_PLUS_THEME,MH_LEVEL_RECENCY_TILT,TOP_1,FORTNIGHTLY,FROZEN_FROM_A3R1R1,"HISTORICAL UK RETAIL, ACCOUNT AND BROKER ELIGIBILITY REMAIN UNRESOLVED",0.10700099142751807,0.04917549310638969,0.11438687780934043,0.11568564329764564,0.10990296881448414,-0.00738588638182236,-0.06521138470295074,-0.008684651870127569,-0.06651015019125595,-0.0029019773869660703,0.3550806364512242,0.138491058250496,0.1869869966431772,-0.46101396085189117,0.10666812132005733,0.25383270486443354,-0.19013003350794944,-0.268936689747328,1320.0,26.74958838105727,67,133,27.348484848484848,1.0,1.0,1.0,0.26822722134182536,1,,,
INDUSTRY_PLUS_THEME|MH_LEVEL_RECENCY_TILT|TOP_2|FORTNIGHTLY,INDUSTRY_PLUS_THEME,MH_LEVEL_RECENCY_TILT,TOP_2,FORTNIGHTLY,FROZEN_FROM_A3R1R1,"HISTORICAL UK RETAIL, ACCOUNT AND BROKER ELIGIBILITY REMAIN UNRESOLVED",0.06024878088032026,0.00742179180269531,0.11438687780934043,0.11568564329764564,0.11645590117661797,-0.05413809692902016,-0.10696508600664512,-0.05543686241732537,-0.10826385149495033,-0.05620712029629771,0.28817925102161246,0.025754081101899667,0.034470288944944964,-0.3248256647500559,0.02284853879512928,0.16085335736306275,-0.21044493591030178,-0.2087538374593546,514.0,25.19623349371936,103,330,17.69607843137255,1.0,2.0,0.5004099244462419,0.25579760384660544,1,,,
INDUSTRY_PLUS_THEME|MH_LEVEL_RECENCY_TILT|TOP_3|FORTNIGHTLY,INDUSTRY_PLUS_THEME,MH_LEVEL_RECENCY_TILT,TOP_3,FORTNIGHTLY,FROZEN_FROM_A3R1R1,"HISTORICAL UK RETAIL, ACCOUNT AND BROKER ELIGIBILITY REMAIN UNRESOLVED",0.04849969462000825,0.003281734680692372,0.11438687780934043,0.11568564329764564,0.12288919831753309,-0.06588718318933218,-0.11110514312864805,-0.06718594867763739,-0.11240390861695326,-0.07438950369752484,0.24920138603004668,0.013169006533120513,0.01819865092303442,-0.32852152193512063,0.009989405447051588,0.1689120309666248,-0.16918152976894818,-0.24189392795727926,708.0,21.397964612371048,106,475,17.19047619047619,1.0,3.0,0.33362341488100655,0.2209738391247311,1,,,
INDUSTRY_PLUS_THEME|MH_LEVEL_RECENCY_TILT|TOP_5|FORTNIGHTLY,INDUSTRY_PLUS_THEME,MH_LEVEL_RECENCY_TILT,TOP_5,FORTNIGHTLY,FROZEN_FROM_A3R1R1,"HISTORICAL UK RETAIL, ACCOUNT AND BROKER ELIGIBILITY REMAIN UNRESOLVED",0.11863978128831221,0.07785027750761486,0.11438687780934043,0.11568564329764564,0.11732802947188925,0.004252903478971781,-0.036536600301725564,0.002954137990666572,-0.03783536579003077,0.001311751816422957,0.20701155552464798,0.3760673036358377,0.519144537132006,-0.23937921980446997,0.3252173583454931,0.1288508462916611,-0.16725660201376147,-0.1387086985002216,1380.0,17.427153497989796,117,796,15.560344827586206,1.0,5.0,0.2001879888992581,0.18659308872850935,1,,,
INDUSTRY_PLUS_THEME|MH_LEVEL_RECENCY_TILT|VARIABLE_THRESHOLD|FORTNIGHTLY,INDUSTRY_PLUS_THEME,MH_LEVEL_RECENCY_TILT,VARIABLE_THRESHOLD,FORTNIGHTLY,FROZEN_FROM_A3R1R1,"HISTORICAL UK RETAIL, ACCOUNT AND BROKER ELIGIBILITY REMAIN UNRESOLVED",0.08363569520537784,0.031113417393937803,0.11438687780934043,0.11568564329764564,0.11726643521867541,-0.03075118260396259,-0.08327346041540262,-0.0320499480922678,-0.08457222590370783,-0.03363074001329758,0.24454983653216644,0.1272273080822336,0.17736568642726022,-0.29391435880927796,0.10585878662065437,0.1333385356679875,-0.15958054878766215,-0.1820580761024435,505.0,24.195994414220277,115,486,15.833333333333334,1.0,2.929656274980016,0.42186165166867207,0.24874184108698225,1,,,
INDUSTRY_PLUS_THEME|PAIRWISE_MAJORITY_5H|TOP_1|FORTNIGHTLY,INDUSTRY_PLUS_THEME,PAIRWISE_MAJORITY_5H,TOP_1,FORTNIGHTLY,FROZEN_FROM_A3R1R1,"HISTORICAL UK RETAIL, ACCOUNT AND BROKER ELIGIBILITY REMAIN UNRESOLVED",0.035584422629308055,-0.01300669773533647,0.11438687780934043,0.11568564329764564,0.11647604575197201,-0.07880245518003237,-0.1273935755446769,-0.08010122066833758,-0.1286923410329821,-0.08089162312266396,0.36473562965518247,-0.035660617383700285,-0.049484014939359666,-0.6353544847315769,-0.020471560440517723,0.38960885635625975,-0.26021889678967114,-0.2648577952794219,1534.0,23.933842235682818,60,119,30.593220338983052,1.0,1.0,1.0,0.24047877136187143,0,,,
INDUSTRY_PLUS_THEME|PAIRWISE_MAJORITY_5H|TOP_2|FORTNIGHTLY,INDUSTRY_PLUS_THEME,PAIRWISE_MAJORITY_5H,TOP_2,FORTNIGHTLY,FROZEN_FROM_A3R1R1,"HISTORICAL UK RETAIL, ACCOUNT AND BROKER ELIGIBILITY REMAIN UNRESOLVED",0.055537035564661164,0.009857996526712265,0.11438687780934043,0.11568564329764564,0.11442457457145871,-0.05884984224467926,-0.10452888128262816,-0.06014860773298447,-0.10582764677093337,-0.05888753900679755,0.2941971739025662,0.033508127885610105,0.04511320370812408,-0.40938531510272336,0.024079995454254842,0.20322654421528386,-0.2737135785556233,-0.21914694076226915,972.0,21.801410550974246,88,283,20.74712643678161,1.0,2.0,0.500548855764802,0.22168560709080676,1,,,
INDUSTRY_PLUS_THEME|PAIRWISE_MAJORITY_5H|TOP_3|FORTNIGHTLY,INDUSTRY_PLUS_THEME,PAIRWISE_MAJORITY_5H,TOP_3,FORTNIGHTLY,FROZEN_FROM_A3R1R1,"HISTORICAL UK RETAIL, ACCOUNT AND BROKER ELIGIBILITY REMAIN UNRESOLVED",0.1315011084544795,0.08892052996790056,0.11438687780934043,0.11568564329764564,0.11403716688922061,0.01711423064513906,-0.025466347841439863,0.015815465156833852,-0.02676511332974507,0.017463941565258878,0.25006645327007365,0.355587600036322,0.48992676097195537,-0.307769612438919,0.2889191342291729,0.13922767866743574,-0.20605411788330785,-0.20203681974518073,970.0,18.669378657923655,98,430,18.608247422680414,1.0,3.0,0.3337786119230611,0.19255191657279802,1,,,
INDUSTRY_PLUS_THEME|PAIRWISE_MAJORITY_5H|TOP_5|FORTNIGHTLY,INDUSTRY_PLUS_THEME,PAIRWISE_MAJORITY_5H,TOP_5,FORTNIGHTLY,FROZEN_FROM_A3R1R1,"HISTORICAL UK RETAIL, ACCOUNT AND BROKER ELIGIBILITY REMAIN UNRESOLVED",0.1645341861339833,0.12760148559291729,0.11438687780934043,0.11568564329764564,0.10898778550181287,0.05014730832464287,0.01321460778357686,0.04884854283633766,0.01191584229527165,0.05554640063217042,0.2104828979499052,0.6062320826810659,0.8303410630810288,-0.21844163513266845,0.5841445268225526,0.1031105164556333,-0.1756287389943727,-0.12491449383514941,1216.0,15.141318076363694,112,742,16.26126126126126,1.0,5.0,0.20024936306250926,0.16218560244728403,1,,,
INDUSTRY_PLUS_THEME|PAIRWISE_MAJORITY_5H|VARIABLE_THRESHOLD|FORTNIGHTLY,INDUSTRY_PLUS_THEME,PAIRWISE_MAJORITY_5H,VARIABLE_THRESHOLD,FORTNIGHTLY,FROZEN_FROM_A3R1R1,"HISTORICAL UK RETAIL, ACCOUNT AND BROKER ELIGIBILITY REMAIN UNRESOLVED",0.1318338958167926,0.08656748126353686,0.11438687780934043,0.11568564329764564,0.10881353242515646,0.017447018007452186,-0.027819396545803565,0.016148252519146977,-0.029118162034108774,0.023020363391636156,0.22257196451441572,0.3889415338198625,0.5532493996909507,-0.29101517209542715,0.2974672441997299,0.15977793833107232,-0.17564979453143936,-0.1645861251855646,1403.0,19.496744977242745,117,632,15.560344827586206,1.0,4.0400962309542905,0.2782161365163817,0.2047549484463435,1,,,
INDUSTRY_PLUS_THEME|SHORT_RS_1_2_3_EQ|TOP_1|FORTNIGHTLY,INDUSTRY_PLUS_THEME,SHORT_RS_1_2_3_EQ,TOP_1,FORTNIGHTLY,A3R2_PREDECLARED_NEW_HYPOTHESIS,"HISTORICAL UK RETAIL, ACCOUNT AND BROKER ELIGIBILITY REMAIN UNRESOLVED",0.048285806473727266,-0.016931897729226986,0.12569239037841262,0.11568564329764564,0.12741448555879376,-0.07740658390468536,-0.1426242881076396,-0.06739983682391837,-0.13261754102687262,-0.07912867908506649,0.3571026183955028,-0.04741465577962903,-0.06494776465439989,-0.5277381231214413,-0.03208390106266906,0.3184475355581888,-0.19013358751515042,-0.2376487463821022,1534.0,31.978831222466958,80,159,22.848101265822784,1.0,1.0,1.0,0.3207409925063098,1,,,
INDUSTRY_PLUS_THEME|SHORT_RS_1_2_3_EQ|TOP_2|FORTNIGHTLY,INDUSTRY_PLUS_THEME,SHORT_RS_1_2_3_EQ,TOP_2,FORTNIGHTLY,A3R2_PREDECLARED_NEW_HYPOTHESIS,"HISTORICAL UK RETAIL, ACCOUNT AND BROKER ELIGIBILITY REMAIN UNRESOLVED",0.10808680283308147,0.05184098037313145,0.12569239037841262,0.11568564329764564,0.1283023771740226,-0.017605587545331147,-0.07385141000528117,-0.0075988404645641605,-0.06384466292451418,-0.020215574340941123,0.2910892146601385,0.17809309916775323,0.25431322677379475,-0.4255696744980332,0.12181549457037508,0.20787866038941108,-0.15639114648762564,-0.27465686139702983,1201.0,25.613923038687396,103,332,17.69607843137255,1.0,2.0,0.500293844662166,0.2606745053262764,1,,,
INDUSTRY_PLUS_THEME|SHORT_RS_1_2_3_EQ|TOP_3|FORTNIGHTLY,INDUSTRY_PLUS_THEME,SHORT_RS_1_2_3_EQ,TOP_3,FORTNIGHTLY,A3R2_PREDECLARED_NEW_HYPOTHESIS,"HISTORICAL UK RETAIL, ACCOUNT AND BROKER ELIGIBILITY REMAIN UNRESOLVED",0.08872552818552615,0.04007782284813599,0.12569239037841262,0.11568564329764564,0.1308948043868836,-0.036966862192886474,-0.08561456753027663,-0.026960115112119487,-0.07560782044950964,-0.042169276201357464,0.2543964200152687,0.15754082878104397,0.2248699942992131,-0.35664465558061664,0.11237466262571463,0.18067467697418543,-0.16917543776389188,-0.22083718495252347,1215.0,22.197621023706557,108,487,16.869158878504674,1.0,3.0,0.33362382339050245,0.2290531223176331,1,,,
INDUSTRY_PLUS_THEME|SHORT_RS_1_2_3_EQ|TOP_5|FORTNIGHTLY,INDUSTRY_PLUS_THEME,SHORT_RS_1_2_3_EQ,TOP_5,FORTNIGHTLY,A3R2_PREDECLARED_NEW_HYPOTHESIS,"HISTORICAL UK RETAIL, ACCOUNT AND BROKER ELIGIBILITY REMAIN UNRESOLVED",-0.10967764041214834,-0.1385833898931521,0.12569239037841262,0.11568564329764564,0.1366725456502964,-0.23537003079056096,-0.26427578027156473,-0.22536328370979397,-0.25426903319079774,-0.24635018606244474,0.18905716226303176,-0.7330237491893778,-0.9738574989341688,-0.16695903082625418,-0.8300442881545523,0.07394799131061541,-0.07147088675455726,-0.10577288951704766,247.0,16.57422446178656,18,116,14.764705882352942,1.0,5.0,0.2001513927234926,0.025013864598234486,112,,,
INDUSTRY_PLUS_THEME|SHORT_RS_1_2_3_EQ|VARIABLE_THRESHOLD|FORTNIGHTLY,INDUSTRY_PLUS_THEME,SHORT_RS_1_2_3_EQ,VARIABLE_THRESHOLD,FORTNIGHTLY,A3R2_PREDECLARED_NEW_HYPOTHESIS,"HISTORICAL UK RETAIL, ACCOUNT AND BROKER ELIGIBILITY REMAIN UNRESOLVED",0.08845919556085713,0.03855202922657286,0.12569239037841262,0.11568564329764564,0.1292821633224941,-0.03723319481755549,-0.08714036115183976,-0.027226447736788506,-0.07713361407107278,-0.040822967761636964,0.2396988934781501,0.1608352406937043,0.23282187922302522,-0.3738490764397283,0.10312190575329183,0.17074025113000227,-0.14039528573302207,-0.2238228511324225,1224.0,22.56028580625361,120,608,15.168067226890756,1.0,3.6085209003215435,0.3184853606445361,0.23512539080556455,1,,,
INDUSTRY_PLUS_THEME|SHORT_RS_1_2_3_PERSISTENT|TOP_1|FORTNIGHTLY,INDUSTRY_PLUS_THEME,SHORT_RS_1_2_3_PERSISTENT,TOP_1,FORTNIGHTLY,A3R2_PREDECLARED_NEW_HYPOTHESIS,"HISTORICAL UK RETAIL, ACCOUNT AND BROKER ELIGIBILITY REMAIN UNRESOLVED",-0.019530437861453254,-0.08291110759925624,0.12569239037841262,0.11568564329764564,0.13177929500413388,-0.14522282823986588,-0.20860349797766886,-0.1352160811590989,-0.19859675089690187,-0.15130973286558713,0.3579962371867693,-0.23159770686640177,-0.3158158151207041,-0.5156862036596221,-0.16077821553275756,0.317797470641961,-0.19014361165900107,-0.23770150146225344,1534.0,33.18557957048458,83,165,22.01219512195122,1.0,1.0,1.0,0.3336111194783356,1,,,
INDUSTRY_PLUS_THEME|SHORT_RS_1_2_3_PERSISTENT|TOP_2|FORTNIGHTLY,INDUSTRY_PLUS_THEME,SHORT_RS_1_2_3_PERSISTENT,TOP_2,FORTNIGHTLY,A3R2_PREDECLARED_NEW_HYPOTHESIS,"HISTORICAL UK RETAIL, ACCOUNT AND BROKER ELIGIBILITY REMAIN UNRESOLVED",0.06219395985392695,0.006890467563164249,0.12569239037841262,0.11568564329764564,0.13461615154042894,-0.06349843052448567,-0.11880192281524837,-0.053491683443718685,-0.10879517573448139,-0.07242219168650199,0.2894667971185608,0.023803999739362255,0.03429856591544877,-0.46769484966925134,0.014732827543508575,0.2686863265446824,-0.15641451502831638,-0.22924601501901753,1498.0,26.200278068797147,100,329,18.232323232323232,1.0,2.0,0.5003396397341338,0.2674862366843343,1,,,
INDUSTRY_PLUS_THEME|SHORT_RS_1_2_3_PERSISTENT|TOP_3|FORTNIGHTLY,INDUSTRY_PLUS_THEME,SHORT_RS_1_2_3_PERSISTENT,TOP_3,FORTNIGHTLY,A3R2_PREDECLARED_NEW_HYPOTHESIS,"HISTORICAL UK RETAIL, ACCOUNT AND BROKER ELIGIBILITY REMAIN UNRESOLVED",0.07121656725582648,0.018457404492380203,0.12569239037841262,0.11568564329764564,0.13594828149881488,-0.05447582312258614,-0.10723498588603242,-0.044469076041819156,-0.09722823880526543,-0.0647317142429884,0.2523058088805742,0.07315489316029496,0.10285843830169157,-0.31453712546760304,0.05868116351906222,0.17347999547745585,-0.16918460316247974,-0.19749502791858387,1477.0,24.456260064457027,114,522,15.973451327433628,1.0,3.0,0.33361778655614327,0.25283627098381306,1,,,
INDUSTRY_PLUS_THEME|SHORT_RS_1_2_3_PERSISTENT|TOP_5|FORTNIGHTLY,INDUSTRY_PLUS_THEME,SHORT_RS_1_2_3_PERSISTENT,TOP_5,FORTNIGHTLY,A3R2_PREDECLARED_NEW_HYPOTHESIS,"HISTORICAL UK RETAIL, ACCOUNT AND BROKER ELIGIBILITY REMAIN UNRESOLVED",-0.10532186698478074,-0.1470887221501873,0.12569239037841262,0.11568564329764564,0.12978937987878614,-0.23101425736319336,-0.27278111252859993,-0.22100751028242638,-0.26277436544783295,-0.23511124686356688,0.190788581590937,-0.7709513898769633,-1.0270874159462628,-0.1891896242942056,-0.777467171885981,0.09913797965557601,-0.08578002856677136,-0.13504402439194585,247.0,23.92426865656888,18,117,14.764705882352942,1.0,4.6725146198830405,0.22023156568966015,0.035288361826498325,112,,,
INDUSTRY_PLUS_THEME|SHORT_RS_1_2_3_PERSISTENT|VARIABLE_THRESHOLD|FORTNIGHTLY,INDUSTRY_PLUS_THEME,SHORT_RS_1_2_3_PERSISTENT,VARIABLE_THRESHOLD,FORTNIGHTLY,A3R2_PREDECLARED_NEW_HYPOTHESIS,"HISTORICAL UK RETAIL, ACCOUNT AND BROKER ELIGIBILITY REMAIN UNRESOLVED",0.04855890153524567,-0.004324266598898174,0.12569239037841262,0.11568564329764564,0.12781779532959914,-0.07713348884316695,-0.1300166569773108,-0.06712674176239997,-0.12000990989654381,-0.07925889379435347,0.24446862192583022,-0.017688432015664248,-0.02424174155737107,-0.45133563247956165,-0.009581044100465511,0.21184695325848354,-0.18682266098469447,-0.2083699278986696,1453.0,24.896759349627324,122,584,14.917355371900827,0.9839615076182838,3.356054530874098,0.34486712911851547,0.25900973855697274,1,,,
INDUSTRY|MH_LEVEL_3_6_12_REFERENCE|TOP_1|MONTHLY,INDUSTRY,MH_LEVEL_3_6_12_REFERENCE,TOP_1,MONTHLY,FROZEN_FROM_A3R1R1,"HISTORICAL UK RETAIL, ACCOUNT AND BROKER ELIGIBILITY REMAIN UNRESOLVED",0.3300861385078089,0.3097761514390285,0.19045167038669542,0.11516454821291355,0.15338667840547338,0.13963446812111346,0.11932448105233306,0.21492159029489533,0.19461160322611493,0.1766994601023355,0.344838863651801,0.8983214599379469,1.2047472704568571,-0.33496938332976844,0.9247894489929013,0.1356210910798115,-0.2428742514970067,-0.25576262764796376,413.0,7.848185950413223,20,39,92.84210526315789,1.0,1.0,1.0,0.07832722469683676,0,10.0,12.0,True
INDUSTRY|MH_LEVEL_3_6_12_REFERENCE|TOP_2|MONTHLY,INDUSTRY,MH_LEVEL_3_6_12_REFERENCE,TOP_2,MONTHLY,FROZEN_FROM_A3R1R1,"HISTORICAL UK RETAIL, ACCOUNT AND BROKER ELIGIBILITY REMAIN UNRESOLVED",0.1985567545633462,0.18044518429666478,0.19045167038669542,0.11516454821291355,0.17192910169145126,0.00810508417665079,-0.01000648609003063,0.08339220635043265,0.06528063608375123,0.026627652871894947,0.2839885019394084,0.6353960919698237,0.8247129865709797,-0.3085932127083031,0.5847347798515261,0.12063965193916391,-0.2263746913536394,-0.2178813420392789,419.0,7.6695994743109965,33,103,55.125,1.0,2.0,0.5009937333896053,0.07759905339243936,1,,,
INDUSTRY|MH_LEVEL_3_6_12_REFERENCE|TOP_3|MONTHLY,INDUSTRY,MH_LEVEL_3_6_12_REFERENCE,TOP_3,MONTHLY,FROZEN_FROM_A3R1R1,"HISTORICAL UK RETAIL, ACCOUNT AND BROKER ELIGIBILITY REMAIN UNRESOLVED",0.13316952473814614,0.11727392991468455,0.19045167038669542,0.11516454821291355,0.21024404808018837,-0.057282145648549276,-0.07317774047201087,0.018004976525232586,0.002109381701770996,-0.07707452334204223,0.23995614399988274,0.4887306820313876,0.6522278625122616,-0.2747639662148512,0.42681699325515776,0.139418405728348,-0.1973966007147847,-0.21858500811703085,1085.0,6.989468685989363,43,179,42.785714285714285,1.0,3.0,0.33411554581829284,0.07218414338074225,0,,,
INDUSTRY|MH_LEVEL_3_6_12_REFERENCE|TOP_5|MONTHLY,INDUSTRY,MH_LEVEL_3_6_12_REFERENCE,TOP_5,MONTHLY,FROZEN_FROM_A3R1R1,"HISTORICAL UK RETAIL, ACCOUNT AND BROKER ELIGIBILITY REMAIN UNRESOLVED",0.20308589305817337,0.19439442016807473,0.19045167038669542,0.11516454821291355,0.15461495590602303,0.012634222671477957,0.003942749781379318,0.08792134484525982,0.07922987195516118,0.04847093715215034,0.1908411636071922,1.018618921063572,1.441343119504067,-0.1841844444263534,1.0554334312733116,0.0695863384491652,-0.11874692841938139,-0.13112048891017491,392.0,3.5585704737180124,34,209,54.45454545454545,1.0,5.0,0.2014052820498513,0.03808881726178764,1,,,
INDUSTRY|MH_LEVEL_3_6_12_REFERENCE|VARIABLE_THRESHOLD|MONTHLY,INDUSTRY,MH_LEVEL_3_6_12_REFERENCE,VARIABLE_THRESHOLD,MONTHLY,FROZEN_FROM_A3R1R1,"HISTORICAL UK RETAIL, ACCOUNT AND BROKER ELIGIBILITY REMAIN UNRESOLVED",0.24395417422546473,0.22125461216833964,0.19045167038669542,0.11516454821291355,0.17387259787439957,0.05350250383876931,0.030802941781644222,0.12878962601255117,0.10609006395542608,0.07008157635106516,0.29461238021935876,0.7510024256400925,0.9522893281675563,-0.30260628963639336,0.7311632961568495,0.13139796875539297,-0.2263746913536394,-0.2795851915420591,466.0,9.275572567885918,42,97,43.02439024390244,0.9171974522292994,1.6544585987261147,0.5996047252512045,0.09342105903844901,0,,,
INDUSTRY|MH_LEVEL_EQ|TOP_1|MONTHLY,INDUSTRY,MH_LEVEL_EQ,TOP_1,MONTHLY,FROZEN_FROM_A3R1R1,"HISTORICAL UK RETAIL, ACCOUNT AND BROKER ELIGIBILITY REMAIN UNRESOLVED",0.19032650295250453,0.16174931380181357,0.19045167038669542,0.11516454821291355,0.17592561118416894,-0.00012516743419088705,-0.02870235658488185,0.07516195473959097,0.04658476558890001,0.014400891768335589,0.3493516859579211,0.46299852069783926,0.6186847648763663,-0.353618863424943,0.4574114407676261,0.15131419563023205,-0.2428742514970067,-0.2557662775720495,885.0,12.275367768595041,31,61,59.9,1.0,1.0,1.0,0.12253095890975996,1,,,
INDUSTRY|MH_LEVEL_EQ|TOP_2|MONTHLY,INDUSTRY,MH_LEVEL_EQ,TOP_2,MONTHLY,FROZEN_FROM_A3R1R1,"HISTORICAL UK RETAIL, ACCOUNT AND BROKER ELIGIBILITY REMAIN UNRESOLVED",0.1891121166587968,0.16492997154348754,0.19045167038669542,0.11516454821291355,0.17103741231495984,-0.0013395537278986236,-0.025521698843207874,0.07394756844588324,0.04976542333057399,0.018074704343836956,0.27658906794331545,0.5962996757966172,0.7708725408428384,-0.3026029928926469,0.5450374762221832,0.11375639589974255,-0.22636615983133113,-0.2250277563225509,468.0,10.285271112633263,43,136,42.0,1.0,2.0,0.5007473328353235,0.1039938244235101,1,,,
INDUSTRY|MH_LEVEL_EQ|TOP_3|MONTHLY,INDUSTRY,MH_LEVEL_EQ,TOP_3,MONTHLY,FROZEN_FROM_A3R1R1,"HISTORICAL UK RETAIL, ACCOUNT AND BROKER ELIGIBILITY REMAIN UNRESOLVED",0.16895103403077028,0.14821069928603925,0.19045167038669542,0.11516454821291355,0.1917649867913922,-0.02150063635592514,-0.042240971100656166,0.05378648581785672,0.033046151073125696,-0.022813952760621925,0.236270666619441,0.6272920011893007,0.8681858412366549,-0.2568014048006172,0.577141310426675,0.11982437260521818,-0.1116210676752949,-0.18158955436402313,726.0,8.851638080937734,48,208,38.234042553191486,1.0,3.0,0.3340677422277488,0.09091263045757073,1,,,
INDUSTRY|MH_LEVEL_EQ|TOP_5|MONTHLY,INDUSTRY,MH_LEVEL_EQ,TOP_5,MONTHLY,FROZEN_FROM_A3R1R1,"HISTORICAL UK RETAIL, ACCOUNT AND BROKER ELIGIBILITY REMAIN UNRESOLVED",0.20108890332623486,0.18711002482810213,0.19045167038669542,0.11516454821291355,0.20681673868335837,0.010637232939539443,-0.003341645558593287,0.0859243551133213,0.07194547661518857,-0.005727835357123512,0.19073657276433578,0.9809866147657249,1.3760369601478712,-0.19529565497882329,0.9580859586885906,0.07658565130648837,-0.11246721869512644,-0.15845122999412709,840.0,5.638673031437191,49,310,37.4375,1.0,5.0,0.20059265147502328,0.06021496561244088,1,,,
INDUSTRY|MH_LEVEL_EQ|VARIABLE_THRESHOLD|MONTHLY,INDUSTRY,MH_LEVEL_EQ,VARIABLE_THRESHOLD,MONTHLY,FROZEN_FROM_A3R1R1,"HISTORICAL UK RETAIL, ACCOUNT AND BROKER ELIGIBILITY REMAIN UNRESOLVED",0.15274527158422635,0.12539108742594696,0.19045167038669542,0.11516454821291355,0.1674167818588157,-0.037706398802469066,-0.06506058296074846,0.037580723371312796,0.010226539213033403,-0.01467151027458935,0.29441059978833534,0.4259054786617605,0.5296473761914864,-0.3189800561941568,0.39310008569822275,0.11763660379451425,-0.22575249796396446,-0.1919486056230132,427.0,12.049325294846826,50,117,36.673469387755105,0.9068471337579618,1.5135350318471337,0.6206089345221935,0.12119255807815074,1,,,
INDUSTRY|MH_LEVEL_60D_CENTERED|TOP_1|MONTHLY,INDUSTRY,MH_LEVEL_60D_CENTERED,TOP_1,MONTHLY,FROZEN_FROM_A3R1R1,"HISTORICAL UK RETAIL, ACCOUNT AND BROKER ELIGIBILITY REMAIN UNRESOLVED",0.3046841080014324,0.2785353444739822,0.19045167038669542,0.11516454821291355,0.16241359020164414,0.114232437614737,0.08808367408728679,0.18951955978851887,0.16337079626106865,0.14227051779978828,0.3570941191286925,0.7800054090882448,1.0636964973214633,-0.35361361521428913,0.7876827488816864,0.14018815177623817,-0.2428742514970068,-0.255763346906942,629.0,10.263012396694215,26,51,70.56,1.0,1.0,1.0,0.10242121292726362,0,10.0,12.0,True
INDUSTRY|MH_LEVEL_60D_CENTERED|TOP_2|MONTHLY,INDUSTRY,MH_LEVEL_60D_CENTERED,TOP_2,MONTHLY,FROZEN_FROM_A3R1R1,"HISTORICAL UK RETAIL, ACCOUNT AND BROKER ELIGIBILITY REMAIN UNRESOLVED",0.1842384665543444,0.1600991030048442,0.19045167038669542,0.11516454821291355,0.17652284445854338,-0.006213203832351022,-0.030352567381851214,0.06907391834143084,0.04493455479193065,0.007715622095801011,0.2791565997976742,0.5735100052116986,0.7598198560406156,-0.3097053135670067,0.5169401233737817,0.12533958219187516,-0.22636615983133113,-0.26286507198843223,659.0,10.287727915466858,44,138,41.02325581395349,1.0,2.0,0.5008139568213591,0.10423858008613932,1,,,
INDUSTRY|MH_LEVEL_60D_CENTERED|TOP_3|MONTHLY,INDUSTRY,MH_LEVEL_60D_CENTERED,TOP_3,MONTHLY,FROZEN_FROM_A3R1R1,"HISTORICAL UK RETAIL, ACCOUNT AND BROKER ELIGIBILITY REMAIN UNRESOLVED",0.22239825268767954,0.2017003006100242,0.19045167038669542,0.11516454821291355,0.16542664982956556,0.03194658230098413,0.011248630223328782,0.10723370447476599,0.08653575239711064,0.05697160285811398,0.23244600320010844,0.8677296999440518,1.2078403344547783,-0.21257461470219963,0.9488447192652355,0.09418173804455172,-0.11162274505298908,-0.13688275924690074,460.0,8.452769367984487,47,202,38.34782608695652,1.0,3.0,0.33405183656568926,0.08682080878939592,1,,,
INDUSTRY|MH_LEVEL_60D_CENTERED|TOP_5|MONTHLY,INDUSTRY,MH_LEVEL_60D_CENTERED,TOP_5,MONTHLY,FROZEN_FROM_A3R1R1,"HISTORICAL UK RETAIL, ACCOUNT AND BROKER ELIGIBILITY REMAIN UNRESOLVED",0.19968943269830408,0.18508629069339033,0.19045167038669542,0.11516454821291355,0.20340188627888756,0.009237762311608666,-0.0053653796933050835,0.08452488448539053,0.06992174248047678,-0.0037124535805834746,0.18862225255680157,0.981253739601342,1.3638974459044908,-0.19204056860101104,0.9637874540870106,0.0710938043128539,-0.112468474449545,-0.15845474634294132,447.0,5.89491900864677,51,323,35.94,1.0,5.0,0.20061090336582338,0.06289769468536965,1,,,
INDUSTRY|MH_LEVEL_60D_CENTERED|VARIABLE_THRESHOLD|MONTHLY,INDUSTRY,MH_LEVEL_60D_CENTERED,VARIABLE_THRESHOLD,MONTHLY,FROZEN_FROM_A3R1R1,"HISTORICAL UK RETAIL, ACCOUNT AND BROKER ELIGIBILITY REMAIN UNRESOLVED",0.16949356060643206,0.14268336629259482,0.19045167038669542,0.11516454821291355,0.1784385482071813,-0.020958109780263356,-0.0477683040941006,0.054329012393518505,0.027518818079681262,-0.008944987600749243,0.3024453071676337,0.4717658462907178,0.599383894763532,-0.3404705956467634,0.4190769132986395,0.15662310115371358,-0.22593242434830318,-0.24062499279507588,729.0,11.62484386080153,48,113,38.234042553191486,0.9339171974522293,1.589171974522293,0.6345216282023661,0.11710011579651601,0,,,
INDUSTRY|MH_LEVEL_RECENCY_TILT|TOP_1|MONTHLY,INDUSTRY,MH_LEVEL_RECENCY_TILT,TOP_1,MONTHLY,FROZEN_FROM_A3R1R1,"HISTORICAL UK RETAIL, ACCOUNT AND BROKER ELIGIBILITY REMAIN UNRESOLVED",0.2103080512034372,0.17360168765107264,0.19045167038669542,0.11516454821291355,0.17576773882786956,0.019856380816741792,-0.01684998273562277,0.09514350299052365,0.05843713943815909,0.03454031237556765,0.34699210495686933,0.500304431055142,0.6709308501122152,-0.35542472362821687,0.48843447320976,0.13808065444801587,-0.2428742514970067,-0.23144509801339275,339.0,15.495136363636362,39,77,47.28947368421053,1.0,1.0,1.0,0.15475038853246575,1,,,
INDUSTRY|MH_LEVEL_RECENCY_TILT|TOP_2|MONTHLY,INDUSTRY,MH_LEVEL_RECENCY_TILT,TOP_2,MONTHLY,FROZEN_FROM_A3R1R1,"HISTORICAL UK RETAIL, ACCOUNT AND BROKER ELIGIBILITY REMAIN UNRESOLVED",0.21714869339159693,0.19003795156159176,0.19045167038669542,0.11516454821291355,0.16533351511713712,0.02669702300490151,-0.0004137188251036594,0.10198414517868337,0.0748734033486782,0.051815178274459806,0.2747090384800186,0.6917790277782013,0.9082825680304515,-0.30236586218484296,0.6285033309924959,0.14393688336550164,-0.22575249796396435,-0.23469277052631066,731.0,11.270119893950973,43,141,42.0,1.0,2.0,0.5007446316470463,0.11380213257469829,1,,,
INDUSTRY|MH_LEVEL_RECENCY_TILT|TOP_3|MONTHLY,INDUSTRY,MH_LEVEL_RECENCY_TILT,TOP_3,MONTHLY,FROZEN_FROM_A3R1R1,"HISTORICAL UK RETAIL, ACCOUNT AND BROKER ELIGIBILITY REMAIN UNRESOLVED",0.22718072332998052,0.20308590096950963,0.19045167038669542,0.11516454821291355,0.1635960702488084,0.0367290529432851,0.01263423058281421,0.11201617511706696,0.08792135275659607,0.06358465308117212,0.23100369509209334,0.8791456815811806,1.2083122750573623,-0.2568073085651983,0.790810441120877,0.11090559631572608,-0.11162387792356976,-0.18081091659183857,462.0,9.790816909653605,52,227,35.23529411764706,1.0,3.0,0.33404719526254306,0.1004794682226106,1,,,
INDUSTRY|MH_LEVEL_RECENCY_TILT|TOP_5|MONTHLY,INDUSTRY,MH_LEVEL_RECENCY_TILT,TOP_5,MONTHLY,FROZEN_FROM_A3R1R1,"HISTORICAL UK RETAIL, ACCOUNT AND BROKER ELIGIBILITY REMAIN UNRESOLVED",0.19809727812899802,0.18274558395310114,0.19045167038669542,0.11516454821291355,0.20851821387268887,0.007645607742302607,-0.0077060864335942725,0.08293272991608447,0.06758103574018759,-0.010420935743690851,0.1881193643138147,0.9714341988114036,1.3568131321083523,-0.1883006363347257,0.9704990249116852,0.07530370923226405,-0.08725046341794362,-0.1294164796237508,447.0,6.193847425883941,53,337,34.55769230769231,1.0,5.0,0.2005975347453821,0.0661203520662894,1,,,
INDUSTRY|MH_LEVEL_RECENCY_TILT|VARIABLE_THRESHOLD|MONTHLY,INDUSTRY,MH_LEVEL_RECENCY_TILT,VARIABLE_THRESHOLD,MONTHLY,FROZEN_FROM_A3R1R1,"HISTORICAL UK RETAIL, ACCOUNT AND BROKER ELIGIBILITY REMAIN UNRESOLVED",0.11786825912728105,0.08859862924601525,0.19045167038669542,0.11516454821291355,0.1724995523327233,-0.07258341125941437,-0.10185304114068017,0.0027037109143674964,-0.026565918966898305,-0.054631293205442244,0.2749564972992565,0.32222780736687406,0.39791042137215904,-0.281395964985778,0.3148539434476009,0.13001258356515896,-0.1425783221322855,-0.17063923125985037,835.0,13.28986525258951,52,117,35.23529411764706,0.857484076433121,1.392515923566879,0.6127176341620215,0.13366910370004073,1,,,
INDUSTRY|PAIRWISE_MAJORITY_5H|TOP_1|MONTHLY,INDUSTRY,PAIRWISE_MAJORITY_5H,TOP_1,MONTHLY,FROZEN_FROM_A3R1R1,"HISTORICAL UK RETAIL, ACCOUNT AND BROKER ELIGIBILITY REMAIN UNRESOLVED",0.3535772084712556,0.3243152101499678,0.19045167038669542,0.11516454821291355,0.15755578349259092,0.1631255380845602,0.13386353976327237,0.23841266025834207,0.20915066193705423,0.1960214249786647,0.3615831587752717,0.8969311824379896,1.2419169563971053,-0.3536117932292624,0.9171504354768498,0.125159019444312,-0.2428742514970068,-0.255762329488188,372.0,11.067954545454546,28,55,65.33333333333333,1.0,1.0,1.0,0.1104037321221277,1,11.0,12.0,True
INDUSTRY|PAIRWISE_MAJORITY_5H|TOP_2|MONTHLY,INDUSTRY,PAIRWISE_MAJORITY_5H,TOP_2,MONTHLY,FROZEN_FROM_A3R1R1,"HISTORICAL UK RETAIL, ACCOUNT AND BROKER ELIGIBILITY REMAIN UNRESOLVED",0.2699980401612656,0.24672848290874816,0.19045167038669542,0.11516454821291355,0.1516146039812667,0.07954636977457019,0.056276812522052744,0.15483349194835205,0.1315639346958346,0.11838343617999891,0.28280268854974316,0.8724403723812202,1.1633076049608428,-0.30260628963639347,0.8153448601653749,0.1177565599490005,-0.22637469135363963,-0.2155191211464239,470.0,9.276260223583591,40,125,45.23076923076923,1.0,2.0,0.5008187312962467,0.09380799711738819,1,10.0,12.0,True
INDUSTRY|PAIRWISE_MAJORITY_5H|TOP_3|MONTHLY,INDUSTRY,PAIRWISE_MAJORITY_5H,TOP_3,MONTHLY,FROZEN_FROM_A3R1R1,"HISTORICAL UK RETAIL, ACCOUNT AND BROKER ELIGIBILITY REMAIN UNRESOLVED",0.15510193319850019,0.13363922238947978,0.19045167038669542,0.11516454821291355,0.2066478626560062,-0.03534973718819523,-0.05681244799721563,0.03993738498558663,0.01847467417656623,-0.05154592945750602,0.23845080799703092,0.560447764937512,0.7669606653346349,-0.2511543903824761,0.5320998855961239,0.12171607940162679,-0.1267421131219032,-0.18081947291132838,829.0,9.246446187351257,50,217,36.673469387755105,1.0,3.0,0.33411981044222505,0.0951513252554939,1,,,
INDUSTRY|PAIRWISE_MAJORITY_5H|TOP_5|MONTHLY,INDUSTRY,PAIRWISE_MAJORITY_5H,TOP_5,MONTHLY,FROZEN_FROM_A3R1R1,"HISTORICAL UK RETAIL, ACCOUNT AND BROKER ELIGIBILITY REMAIN UNRESOLVED",0.19890182303991755,0.18514402292929177,0.19045167038669542,0.11516454821291355,0.20610373920949177,0.008450152653222132,-0.005307647457403641,0.083737274827004,0.06997947471637822,-0.007201916169574218,0.19070776393545782,0.9708258285276261,1.3549928240729525,-0.19746052346180032,0.9376255044979093,0.07680190653214451,-0.11246669808624066,-0.14054117310905023,426.0,5.555161685798157,49,309,37.4375,1.0,5.0,0.20071458711126902,0.05939631044522198,1,,,
INDUSTRY|PAIRWISE_MAJORITY_5H|VARIABLE_THRESHOLD|MONTHLY,INDUSTRY,PAIRWISE_MAJORITY_5H,VARIABLE_THRESHOLD,MONTHLY,FROZEN_FROM_A3R1R1,"HISTORICAL UK RETAIL, ACCOUNT AND BROKER ELIGIBILITY REMAIN UNRESOLVED",0.19990944994690607,0.1752062784220687,0.19045167038669542,0.11516454821291355,0.15923579792905906,0.009457779560210655,-0.015245391964626709,0.08474490173399252,0.06004173020915515,0.040673652017847006,0.29603353589863046,0.5918460484222432,0.7703011999533824,-0.3605611920551909,0.4859266118558039,0.15389783018316686,-0.22637469135363952,-0.26375914915382703,739.0,10.427350297600594,42,111,43.02439024390244,0.9490445859872612,1.747611464968153,0.550446303521954,0.10524356886532568,1,,,
INDUSTRY|SHORT_RS_1_2_3_EQ|TOP_1|MONTHLY,INDUSTRY,SHORT_RS_1_2_3_EQ,TOP_1,MONTHLY,A3R2_PREDECLARED_NEW_HYPOTHESIS,"HISTORICAL UK RETAIL, ACCOUNT AND BROKER ELIGIBILITY REMAIN UNRESOLVED",0.27778238424724355,0.23899196642102005,0.18587017942843587,0.11516454821291355,0.16883486617744903,0.09191220481880769,0.053121786992584186,0.16261783603433,0.1238274182081065,0.10894751806979452,0.34443207505435147,0.6938725621976614,0.933482087928005,-0.308982035928144,0.7734817517889595,0.1437409401288585,-0.2428742514970068,-0.2692576098151137,435.0,15.495136363636362,39,77,47.28947368421053,1.0,1.0,1.0,0.15490092295386929,1,,,
INDUSTRY|SHORT_RS_1_2_3_EQ|TOP_2|MONTHLY,INDUSTRY,SHORT_RS_1_2_3_EQ,TOP_2,MONTHLY,A3R2_PREDECLARED_NEW_HYPOTHESIS,"HISTORICAL UK RETAIL, ACCOUNT AND BROKER ELIGIBILITY REMAIN UNRESOLVED",0.23479752373725526,0.20378455598084577,0.18587017942843587,0.11516454821291355,0.16890555599619428,0.0489273443088194,0.017914376552409905,0.11963297552434171,0.08862000776793222,0.06589196774106099,0.2774454723550886,0.7345030872229629,0.9711722705162931,-0.30236586218484285,0.6739668112938881,0.09840408557443493,-0.22575249796396435,-0.13616985585749009,389.0,12.68023287558608,49,160,36.75,1.0,2.0,0.5009016817051004,0.12824785157650304,1,,,
INDUSTRY|SHORT_RS_1_2_3_EQ|TOP_3|MONTHLY,INDUSTRY,SHORT_RS_1_2_3_EQ,TOP_3,MONTHLY,A3R2_PREDECLARED_NEW_HYPOTHESIS,"HISTORICAL UK RETAIL, ACCOUNT AND BROKER ELIGIBILITY REMAIN UNRESOLVED",0.2156712325939445,0.19116034707345775,0.18587017942843587,0.11516454821291355,0.16384178679675054,0.02980105316550863,0.0052901676450218815,0.10050668438103094,0.0759957988605442,0.05182944579719395,0.231984237574835,0.8240229985961525,1.141805477666495,-0.22455331397179157,0.8512915872507291,0.09968649610813578,-0.11162433972718133,-0.15411818419276124,817.0,10.048644628278547,52,229,34.588235294117645,1.0,3.0,0.33405105419370884,0.10315159279406838,1,,,
INDUSTRY|SHORT_RS_1_2_3_EQ|TOP_5|MONTHLY,INDUSTRY,SHORT_RS_1_2_3_EQ,TOP_5,MONTHLY,A3R2_PREDECLARED_NEW_HYPOTHESIS,"HISTORICAL UK RETAIL, ACCOUNT AND BROKER ELIGIBILITY REMAIN UNRESOLVED",0.17529935006901365,0.15749711268973487,0.18587017942843587,0.11516454821291355,0.1993742582337219,-0.010570829359422218,-0.02837306673870099,0.060134801856100095,0.04233256447682132,-0.024074908164708253,0.18796055959226254,0.8379263874899545,1.1643013057449143,-0.23687011963261062,0.6649091617550388,0.093993867021432,-0.09029217787642363,-0.14934081341599137,468.0,7.321820755887311,55,361,33.27777777777778,1.0,5.0,0.20055100052974292,0.07786443813483925,1,,,
INDUSTRY|SHORT_RS_1_2_3_EQ|VARIABLE_THRESHOLD|MONTHLY,INDUSTRY,SHORT_RS_1_2_3_EQ,VARIABLE_THRESHOLD,MONTHLY,A3R2_PREDECLARED_NEW_HYPOTHESIS,"HISTORICAL UK RETAIL, ACCOUNT AND BROKER ELIGIBILITY REMAIN UNRESOLVED",0.14010180098451253,0.10665144523831982,0.18587017942843587,0.11516454821291355,0.166366867886506,-0.04576837844392334,-0.07921873419011605,0.024937252771598972,-0.008513102974593734,-0.026265066901993483,0.27781247974334544,0.383897243697795,0.5047604624566036,-0.30283101576565485,0.35218138065769267,0.16485425697800907,-0.1425811931808162,-0.15537276299468739,1190.0,14.834651860659205,54,146,33.905660377358494,0.9371980676328503,1.6658615136876007,0.6107844194678204,0.14978011687859644,1,,,
INDUSTRY|SHORT_RS_1_2_3_PERSISTENT|TOP_1|MONTHLY,INDUSTRY,SHORT_RS_1_2_3_PERSISTENT,TOP_1,MONTHLY,A3R2_PREDECLARED_NEW_HYPOTHESIS,"HISTORICAL UK RETAIL, ACCOUNT AND BROKER ELIGIBILITY REMAIN UNRESOLVED",0.14317676956576375,0.1092687350345547,0.18587017942843587,0.11516454821291355,0.1898780107164404,-0.042693409862672116,-0.07660144439388117,0.028012221352850197,-0.005895813178358855,-0.04670124115067664,0.35280096294381347,0.30971779136542965,0.4101962662820689,-0.39777695600494667,0.27469850473991725,0.22899891937463268,-0.2428742514970068,-0.26927586804097214,1205.0,15.092665289256198,38,75,48.567567567567565,1.0,1.0,1.0,0.15133961550760547,1,,,
INDUSTRY|SHORT_RS_1_2_3_PERSISTENT|TOP_2|MONTHLY,INDUSTRY,SHORT_RS_1_2_3_PERSISTENT,TOP_2,MONTHLY,A3R2_PREDECLARED_NEW_HYPOTHESIS,"HISTORICAL UK RETAIL, ACCOUNT AND BROKER ELIGIBILITY REMAIN UNRESOLVED",0.08522374537737187,0.05694153770731192,0.18587017942843587,0.11516454821291355,0.20207320459081024,-0.100646434051064,-0.12892864172112395,-0.02994080283554168,-0.058223010505601636,-0.11684945921343837,0.28200700744209967,0.20191532906856183,0.25804873674572937,-0.3574701910550817,0.15929031044308234,0.22293764355656376,-0.22575249796396446,-0.17555315947749028,1403.0,13.083703119813054,50,158,36.0,1.0,1.9496805111821087,0.5261007590820552,0.13305836568057047,0,,,
INDUSTRY|SHORT_RS_1_2_3_PERSISTENT|TOP_3|MONTHLY,INDUSTRY,SHORT_RS_1_2_3_PERSISTENT,TOP_3,MONTHLY,A3R2_PREDECLARED_NEW_HYPOTHESIS,"HISTORICAL UK RETAIL, ACCOUNT AND BROKER ELIGIBILITY REMAIN UNRESOLVED",0.11670600424588984,0.09340926573216723,0.18587017942843587,0.11516454821291355,0.20751325603816162,-0.06916417518254603,-0.09246091369626863,0.001541456032976285,-0.02175528248074632,-0.09080725179227178,0.24566232287914938,0.3802343991435707,0.49073288409379145,-0.3473000259496928,0.2689584185222543,0.19740813302369045,-0.15322866785310862,-0.14403284716960385,1185.0,10.368252665460822,51,201,35.28,1.0,2.712218649517685,0.3992117202129072,0.10668721641396826,1,,,
INDUSTRY|SHORT_RS_1_2_3_PERSISTENT|TOP_5|MONTHLY,INDUSTRY,SHORT_RS_1_2_3_PERSISTENT,TOP_5,MONTHLY,A3R2_PREDECLARED_NEW_HYPOTHESIS,"HISTORICAL UK RETAIL, ACCOUNT AND BROKER ELIGIBILITY REMAIN UNRESOLVED",0.0876524178337521,0.06616823629510304,0.18587017942843587,0.11516454821291355,0.24917980848406152,-0.09821776159468376,-0.11970194313333282,-0.027512130379161448,-0.04899631191781051,-0.1615273906503094,0.2212525413217418,0.2990620396937375,0.38112468701294033,-0.365048929110916,0.18125854102971103,0.22727275858867474,-0.15322866785310874,-0.1440313515036441,1319.0,9.667037204450338,55,266,33.27777777777778,1.0,3.6068796068796067,0.3371729383355708,0.10107760366068304,1,,,
INDUSTRY|SHORT_RS_1_2_3_PERSISTENT|VARIABLE_THRESHOLD|MONTHLY,INDUSTRY,SHORT_RS_1_2_3_PERSISTENT,VARIABLE_THRESHOLD,MONTHLY,A3R2_PREDECLARED_NEW_HYPOTHESIS,"HISTORICAL UK RETAIL, ACCOUNT AND BROKER ELIGIBILITY REMAIN UNRESOLVED",0.03562007535408296,0.00451370162125575,0.18587017942843587,0.11516454821291355,0.19221613637589585,-0.1502501040743529,-0.18135647780718012,-0.0795444728588306,-0.1106508465916578,-0.1565960610218129,0.29245657291553945,0.015433749962457822,0.019438122479437752,-0.5122986558034279,0.008810684100228608,0.3265900253370527,-0.1688656921594699,-0.17852756975724415,1406.0,15.144635431775978,54,127,33.905660377358494,0.9044585987261147,1.4171974522292994,0.6759604755681987,0.15333697203935184,0,,,
THEME|MH_LEVEL_3_6_12_REFERENCE|TOP_1|MONTHLY,THEME,MH_LEVEL_3_6_12_REFERENCE,TOP_1,MONTHLY,FROZEN_FROM_A3R1R1,"HISTORICAL UK RETAIL, ACCOUNT AND BROKER ELIGIBILITY REMAIN UNRESOLVED",0.07109537636227414,0.04782133171843905,0.056618355654280084,0.11516454821291355,0.06390607801416559,0.01447702070799406,-0.00879702393584103,-0.04406917185063941,-0.0673432164944745,0.007189298348108553,0.30670168713721874,0.15592131939282006,0.2236700118796725,-0.3816542697240609,0.12530013552059632,0.18211980382218204,-0.19381246013183062,-0.19635892279758071,1355.0,11.067954545454546,28,55,63.074074074074076,1.0,1.0,1.0,0.11096491369323444,1,,,
THEME|MH_LEVEL_3_6_12_REFERENCE|TOP_2|MONTHLY,THEME,MH_LEVEL_3_6_12_REFERENCE,TOP_2,MONTHLY,FROZEN_FROM_A3R1R1,"HISTORICAL UK RETAIL, ACCOUNT AND BROKER ELIGIBILITY REMAIN UNRESOLVED",0.1069760298137965,0.08793243527314121,0.056618355654280084,0.11516454821291355,0.05624483230270294,0.05035767415951642,0.031314079618861124,-0.00818851839911705,-0.027232112939772346,0.05073119751109356,0.25105740119202385,0.35024832908982906,0.48825445351776436,-0.32796167376353713,0.2681180220361394,0.13437345375567042,-0.17657157986032335,-0.19008288288572517,723.0,8.682953319175725,39,120,47.28947368421053,1.0,2.0,0.5012565206991885,0.08815893466264813,1,,,
THEME|MH_LEVEL_3_6_12_REFERENCE|TOP_3|MONTHLY,THEME,MH_LEVEL_3_6_12_REFERENCE,TOP_3,MONTHLY,FROZEN_FROM_A3R1R1,"HISTORICAL UK RETAIL, ACCOUNT AND BROKER ELIGIBILITY REMAIN UNRESOLVED",0.08882486342229345,0.07263253994180752,0.056618355654280084,0.11516454821291355,0.06079118596528632,0.03220650776801337,0.016014184287527433,-0.0263396847906201,-0.04253200827110604,0.028033677457007133,0.22219388617469707,0.326888111964976,0.45938353929475906,-0.27578994441772664,0.26336181362651234,0.130277950446553,-0.14593632651631916,-0.1459982938886636,759.0,7.402540286118693,45,188,40.84090909090909,1.0,3.0,0.3340173467734408,0.07643213060457105,1,,,
THEME|MH_LEVEL_3_6_12_REFERENCE|TOP_5|MONTHLY,THEME,MH_LEVEL_3_6_12_REFERENCE,TOP_5,MONTHLY,FROZEN_FROM_A3R1R1,"HISTORICAL UK RETAIL, ACCOUNT AND BROKER ELIGIBILITY REMAIN UNRESOLVED",0.10006984488404691,0.08817667190964262,0.056618355654280084,0.11516454821291355,0.03945879730842039,0.043451489229766826,0.03155831625536254,-0.015094703328866643,-0.02698787630327093,0.06061104757562652,0.19904755513366193,0.44299299155134725,0.6306125850371687,-0.23765792906949035,0.371023480070215,0.10996910567057475,-0.1373112707315488,-0.14113429639366648,752.0,5.226069249916065,45,285,40.84090909090909,1.0,5.0,0.20036468263560883,0.05605930618374743,0,,,
THEME|MH_LEVEL_3_6_12_REFERENCE|VARIABLE_THRESHOLD|MONTHLY,THEME,MH_LEVEL_3_6_12_REFERENCE,VARIABLE_THRESHOLD,MONTHLY,FROZEN_FROM_A3R1R1,"HISTORICAL UK RETAIL, ACCOUNT AND BROKER ELIGIBILITY REMAIN UNRESOLVED",0.04674471871219166,0.02247437357112525,0.056618355654280084,0.11516454821291355,0.06683528461644817,-0.009873636942088426,-0.034143982083154834,-0.0684198295007219,-0.0926901746417883,-0.020090565904256508,0.24419062880209644,0.09203618370359141,0.12299320108511387,-0.32315897032418706,0.06954587566787757,0.17572065253600574,-0.17206980811262051,-0.1900874727424524,1524.0,11.657998757609196,50,153,36.673469387755105,0.930622009569378,1.9226475279106858,0.5510751795353324,0.1184386290347712,1,,,
THEME|MH_LEVEL_EQ|TOP_1|MONTHLY,THEME,MH_LEVEL_EQ,TOP_1,MONTHLY,FROZEN_FROM_A3R1R1,"HISTORICAL UK RETAIL, ACCOUNT AND BROKER ELIGIBILITY REMAIN UNRESOLVED",0.11623272148719255,0.08137681153574605,0.056618355654280084,0.11516454821291355,0.061608059094684364,0.059614365832912464,0.02475845588146597,0.001068173274278994,-0.0337877366771675,0.05462466239250818,0.31005054194779375,0.26246305207055004,0.3685367857184052,-0.42249828879216555,0.1926086180570941,0.21417146835252823,-0.19381246013183062,-0.22963234011460643,736.0,15.897607438016529,40,79,46.07692307692308,1.0,1.0,1.0,0.15934546141407668,0,,,
THEME|MH_LEVEL_EQ|TOP_2|MONTHLY,THEME,MH_LEVEL_EQ,TOP_2,MONTHLY,FROZEN_FROM_A3R1R1,"HISTORICAL UK RETAIL, ACCOUNT AND BROKER ELIGIBILITY REMAIN UNRESOLVED",0.14289906525484608,0.118261693178072,0.056618355654280084,0.11516454821291355,0.05250724810247265,0.086280709600566,0.06164333752379192,0.027734517041932527,0.0030971449651584493,0.09039181715237343,0.2452216869440907,0.48226441409741655,0.6878705516568127,-0.2555746509885002,0.4627285715569393,0.12165297725622182,-0.14038611509205268,-0.1201432438994885,752.0,10.87068318908096,45,143,40.84090909090909,1.0,2.0,0.5006846175699454,0.11017847240569822,0,11.0,12.0,True
THEME|MH_LEVEL_EQ|TOP_3|MONTHLY,THEME,MH_LEVEL_EQ,TOP_3,MONTHLY,FROZEN_FROM_A3R1R1,"HISTORICAL UK RETAIL, ACCOUNT AND BROKER ELIGIBILITY REMAIN UNRESOLVED",0.13222843286619446,0.11087322646446052,0.056618355654280084,0.11516454821291355,0.04430703611732545,0.07561007721191437,0.05425487081018043,0.017063884653280903,-0.004291321748453036,0.08792139674886901,0.2234865525921666,0.4961069253539809,0.7074112924773801,-0.21861863688532324,0.5071535896668281,0.09995614587724254,-0.14593050571281863,-0.12528368302245974,727.0,9.399026965264712,50,218,36.673469387755105,1.0,3.0,0.3339276420190547,0.09656485082884303,1,11.0,12.0,True
THEME|MH_LEVEL_EQ|TOP_5|MONTHLY,THEME,MH_LEVEL_EQ,TOP_5,MONTHLY,FROZEN_FROM_A3R1R1,"HISTORICAL UK RETAIL, ACCOUNT AND BROKER ELIGIBILITY REMAIN UNRESOLVED",0.10278846941749364,0.08542726791485822,0.056618355654280084,0.11516454821291355,0.04590877024993456,0.04617011376321356,0.028808912260578134,-0.01237607879541991,-0.029737280298055335,0.056879699167559084,0.1987093996537369,0.4299105531178715,0.6140521358457449,-0.2636758097380578,0.3239859887022773,0.10859656362372244,-0.10766040490099116,-0.13275170864728092,752.0,7.580227064598398,54,360,33.905660377358494,1.0,5.0,0.2003183784946966,0.08086842131501452,1,,,
THEME|MH_LEVEL_EQ|VARIABLE_THRESHOLD|MONTHLY,THEME,MH_LEVEL_EQ,VARIABLE_THRESHOLD,MONTHLY,FROZEN_FROM_A3R1R1,"HISTORICAL UK RETAIL, ACCOUNT AND BROKER ELIGIBILITY REMAIN UNRESOLVED",0.02414892271020208,-0.002080328275150589,0.056618355654280084,0.11516454821291355,0.06722706106924359,-0.032469432944078,-0.05869868392943067,-0.09101562550271147,-0.11724487648806414,-0.04307813835904151,0.25235706916996764,-0.008243590250881562,-0.010883732239569226,-0.4936007272824804,-0.004214597264886217,0.3153445804150949,-0.14595821275222243,-0.1956467227325861,1744.0,12.870666742912936,50,136,36.673469387755105,0.8971291866028708,1.6586921850079746,0.5714604806716409,0.13074629287076198,1,,,
THEME|MH_LEVEL_60D_CENTERED|TOP_1|MONTHLY,THEME,MH_LEVEL_60D_CENTERED,TOP_1,MONTHLY,FROZEN_FROM_A3R1R1,"HISTORICAL UK RETAIL, ACCOUNT AND BROKER ELIGIBILITY REMAIN UNRESOLVED",0.03873570783058633,0.007865965759070725,0.056618355654280084,0.11516454821291355,0.06905497997437582,-0.017882647823693754,-0.04875238989520936,-0.07642884038232722,-0.10729858245384283,-0.03031927214378949,0.3174683857804682,0.024777162424324355,0.03490554123231612,-0.4916779559540493,0.01599820708619659,0.3149369289015937,-0.19381246013183062,-0.2443431521622358,1583.0,15.092665289256198,38,75,48.567567567567565,1.0,1.0,1.0,0.15163207527211986,0,,,
THEME|MH_LEVEL_60D_CENTERED|TOP_2|MONTHLY,THEME,MH_LEVEL_60D_CENTERED,TOP_2,MONTHLY,FROZEN_FROM_A3R1R1,"HISTORICAL UK RETAIL, ACCOUNT AND BROKER ELIGIBILITY REMAIN UNRESOLVED",0.050857722560562424,0.026884060283127953,0.056618355654280084,0.11516454821291355,0.06968588885441607,-0.00576063309371766,-0.02973429537115213,-0.06430682565235113,-0.0882804879297856,-0.018828166293853643,0.24773586489402608,0.10851904828002253,0.15046074680835408,-0.35739256556335786,0.07522277426434602,0.16557434445870758,-0.17657157986032346,-0.1900905714563117,756.0,11.475356447815695,46,148,39.93333333333333,1.0,2.0,0.5007764402815006,0.11654899057496523,0,,,
THEME|MH_LEVEL_60D_CENTERED|TOP_3|MONTHLY,THEME,MH_LEVEL_60D_CENTERED,TOP_3,MONTHLY,FROZEN_FROM_A3R1R1,"HISTORICAL UK RETAIL, ACCOUNT AND BROKER ELIGIBILITY REMAIN UNRESOLVED",0.08207423145105652,0.06073091403649289,0.056618355654280084,0.11516454821291355,0.06457415064079886,0.02545587579677644,0.004112558382212805,-0.03309031676185703,-0.054433634176420664,0.017500080810257668,0.22289718808250025,0.27246155305474173,0.3860627393014706,-0.24357850536958758,0.24932788689356805,0.12906629022632224,-0.14593840359182175,-0.12569147841472172,759.0,9.79953174117103,50,221,36.673469387755105,1.0,3.0,0.33390056389656475,0.10092981241421715,1,,,
THEME|MH_LEVEL_60D_CENTERED|TOP_5|MONTHLY,THEME,MH_LEVEL_60D_CENTERED,TOP_5,MONTHLY,FROZEN_FROM_A3R1R1,"HISTORICAL UK RETAIL, ACCOUNT AND BROKER ELIGIBILITY REMAIN UNRESOLVED",0.06653600218841582,0.04911563656072282,0.056618355654280084,0.11516454821291355,0.07375454090789346,0.009917646534135738,-0.007502719093557264,-0.04862854602449773,-0.06604891165219073,-0.007218538719477641,0.1983423723093612,0.24763057933034868,0.35554082890456457,-0.333350758016406,0.14733920766517522,0.15709170468556807,-0.10725748124978973,-0.1566112779435872,1436.0,7.8186561746524665,54,363,33.905660377358494,1.0,5.0,0.20031187281120005,0.08384558506011985,1,,,
THEME|MH_LEVEL_60D_CENTERED|VARIABLE_THRESHOLD|MONTHLY,THEME,MH_LEVEL_60D_CENTERED,VARIABLE_THRESHOLD,MONTHLY,FROZEN_FROM_A3R1R1,"HISTORICAL UK RETAIL, ACCOUNT AND BROKER ELIGIBILITY REMAIN UNRESOLVED",0.009122847561133574,-0.01626993191663484,0.056618355654280084,0.11516454821291355,0.07107551737505546,-0.04749550809314651,-0.07288828757091492,-0.10604170065177998,-0.1314344801295484,-0.06195266981392189,0.2469872194595216,-0.06587357820472689,-0.09123617208806575,-0.4143568951201996,-0.0392655030198427,0.2511962272503791,-0.1339410665453482,-0.15907370395191,1744.0,12.634471174076156,51,152,35.94,0.932,1.9072,0.5435806051730169,0.12849368196406866,0,,,
THEME|MH_LEVEL_RECENCY_TILT|TOP_1|MONTHLY,THEME,MH_LEVEL_RECENCY_TILT,TOP_1,MONTHLY,FROZEN_FROM_A3R1R1,"HISTORICAL UK RETAIL, ACCOUNT AND BROKER ELIGIBILITY REMAIN UNRESOLVED",0.05826198746279898,0.025124732188671173,0.056618355654280084,0.11516454821291355,0.06778523334924857,0.0016436318085188972,-0.03149362346560891,-0.05690256075011457,-0.09003981602424238,-0.009523245886449594,0.31403155227319307,0.08000703116231393,0.1115701270860419,-0.5350801883175489,0.046955078392400956,0.3385657877553942,-0.19381246013183062,-0.2443431521622358,1519.0,15.897607438016529,40,79,46.07692307692308,1.0,1.0,1.0,0.1597874938457572,0,,,
THEME|MH_LEVEL_RECENCY_TILT|TOP_2|MONTHLY,THEME,MH_LEVEL_RECENCY_TILT,TOP_2,MONTHLY,FROZEN_FROM_A3R1R1,"HISTORICAL UK RETAIL, ACCOUNT AND BROKER ELIGIBILITY REMAIN UNRESOLVED",0.11469041133798807,0.08656187286469352,0.056618355654280084,0.11516454821291355,0.06280178896307431,0.05807205568370799,0.02994351721041344,-0.0004741368749254793,-0.02860267534822003,0.05188862237491376,0.2405020849159987,0.3599215071043039,0.5186852557723232,-0.37770552433127447,0.22917820176962156,0.18507224417828286,-0.14038964765730488,-0.15565111843863266,1404.0,12.68356395801325,48,158,38.234042553191486,1.0,2.0,0.5006724830703252,0.1288461360506548,0,,,
THEME|MH_LEVEL_RECENCY_TILT|TOP_3|MONTHLY,THEME,MH_LEVEL_RECENCY_TILT,TOP_3,MONTHLY,FROZEN_FROM_A3R1R1,"HISTORICAL UK RETAIL, ACCOUNT AND BROKER ELIGIBILITY REMAIN UNRESOLVED",0.1126370417075595,0.08690132677739215,0.056618355654280084,0.11516454821291355,0.056558541515157046,0.05601868605327942,0.030282971123112068,-0.002527506505354049,-0.028263221435521402,0.05607850019240246,0.2167072600089054,0.40100791627295285,0.5698758920911297,-0.24939896772749992,0.3484430090839145,0.11781739135629339,-0.11685684807607188,-0.14060891279707588,756.0,11.501270081094653,55,249,33.27777777777778,1.0,3.0,0.33384251438127527,0.11819915766463382,0,,,
THEME|MH_LEVEL_RECENCY_TILT|TOP_5|MONTHLY,THEME,MH_LEVEL_RECENCY_TILT,TOP_5,MONTHLY,FROZEN_FROM_A3R1R1,"HISTORICAL UK RETAIL, ACCOUNT AND BROKER ELIGIBILITY REMAIN UNRESOLVED",0.1102526039635503,0.09005808573367213,0.056618355654280084,0.11516454821291355,0.0418640368580907,0.053634248309270216,0.03343973007939205,-0.004911944249363254,-0.02510646247924142,0.0683885671054596,0.19636862814897205,0.4586174817361913,0.6541358653449897,-0.25674334225342077,0.3507708707974188,0.10082627552281954,-0.1044558945763665,-0.12938748501948216,751.0,8.778289684071911,57,390,32.089285714285715,1.0,5.0,0.20030466732696708,0.09321409088253067,1,,,
THEME|MH_LEVEL_RECENCY_TILT|VARIABLE_THRESHOLD|MONTHLY,THEME,MH_LEVEL_RECENCY_TILT,VARIABLE_THRESHOLD,MONTHLY,FROZEN_FROM_A3R1R1,"HISTORICAL UK RETAIL, ACCOUNT AND BROKER ELIGIBILITY REMAIN UNRESOLVED",-0.04948664834434113,-0.07904179320662152,0.056618355654280084,0.11516454821291355,0.06817877035153197,-0.10610500399862122,-0.1356601488609016,-0.1646511965572547,-0.19420634141953508,-0.1176654186958731,0.2578181165364409,-0.3065796704610147,-0.4015054676618633,-0.5629064469970995,-0.14041728182059499,0.3988560702260979,-0.14689956971409568,-0.2590714697381413,1744.0,15.609930571305116,53,147,34.55769230769231,0.9201277955271565,1.604632587859425,0.6304858273702295,0.15873700367172502,1,,,
THEME|PAIRWISE_MAJORITY_5H|TOP_1|MONTHLY,THEME,PAIRWISE_MAJORITY_5H,TOP_1,MONTHLY,FROZEN_FROM_A3R1R1,"HISTORICAL UK RETAIL, ACCOUNT AND BROKER ELIGIBILITY REMAIN UNRESOLVED",-0.009563452448130616,-0.0358806164324007,0.056618355654280084,0.11516454821291355,0.07285831931253695,-0.0661818081024107,-0.09249897208668079,-0.12472800066104417,-0.15104516464531426,-0.08242177176066756,0.32403970923541026,-0.11072907242468219,-0.16141512077392683,-0.5865630040498501,-0.06117095040885212,0.35359850509604324,-0.1938124601318305,-0.2443431521622358,1583.0,13.482780991735536,34,67,54.45454545454545,1.0,1.0,1.0,0.1355716003097615,1,,,
THEME|PAIRWISE_MAJORITY_5H|TOP_2|MONTHLY,THEME,PAIRWISE_MAJORITY_5H,TOP_2,MONTHLY,FROZEN_FROM_A3R1R1,"HISTORICAL UK RETAIL, ACCOUNT AND BROKER ELIGIBILITY REMAIN UNRESOLVED",0.12449512369188298,0.10022749390995211,0.056618355654280084,0.11516454821291355,0.05767921955910027,0.0678767680376029,0.04360913825567203,0.009330575478969427,-0.014937054302961439,0.06681590413278271,0.25308993871013824,0.3960153233303431,0.5696140778213614,-0.2524026236435599,0.3970937087068169,0.1302385193545284,-0.17657157986032346,-0.15441733859498563,756.0,10.87627975363611,44,141,41.7906976744186,1.0,2.0,0.5008425202331251,0.11029605337087647,0,,,
THEME|PAIRWISE_MAJORITY_5H|TOP_3|MONTHLY,THEME,PAIRWISE_MAJORITY_5H,TOP_3,MONTHLY,FROZEN_FROM_A3R1R1,"HISTORICAL UK RETAIL, ACCOUNT AND BROKER ELIGIBILITY REMAIN UNRESOLVED",0.115498502687027,0.09321768694125443,0.056618355654280084,0.11516454821291355,0.057089446135279553,0.05888014703274691,0.036599331286974346,0.00033395447411344037,-0.021946861271659124,0.05840905655174744,0.22396151383027812,0.4162219005712579,0.5945806662604307,-0.27956002764094956,0.33344426142702255,0.12084451476089866,-0.12715232805493704,-0.18787950022595645,749.0,9.931719225854795,52,228,35.23529411764706,1.0,3.0,0.33388631299278637,0.1021937979726972,1,,,
THEME|PAIRWISE_MAJORITY_5H|TOP_5|MONTHLY,THEME,PAIRWISE_MAJORITY_5H,TOP_5,MONTHLY,FROZEN_FROM_A3R1R1,"HISTORICAL UK RETAIL, ACCOUNT AND BROKER ELIGIBILITY REMAIN UNRESOLVED",0.09669538780641318,0.07940889327337008,0.056618355654280084,0.11516454821291355,0.060200580414462745,0.040077032152133096,0.02279053761909,-0.018469160406500373,-0.03575565493954347,0.036494807391950435,0.19388749228478463,0.40956171198879193,0.5892811790075387,-0.27292803803112275,0.2909517609338285,0.13483256611480782,-0.104460085107837,-0.14844979858120266,1394.0,7.563011147619071,53,355,34.55769230769231,1.0,5.0,0.2002941443968692,0.08096328332088018,1,,,
THEME|PAIRWISE_MAJORITY_5H|VARIABLE_THRESHOLD|MONTHLY,THEME,PAIRWISE_MAJORITY_5H,VARIABLE_THRESHOLD,MONTHLY,FROZEN_FROM_A3R1R1,"HISTORICAL UK RETAIL, ACCOUNT AND BROKER ELIGIBILITY REMAIN UNRESOLVED",0.057770232981642744,0.03159167172691646,0.056618355654280084,0.11516454821291355,0.06268463392725265,0.0011518773273626604,-0.025026683927363624,-0.05739431523127081,-0.0835728764859971,-0.004914400945609909,0.23908079994018616,0.13213805430975697,0.186898639096325,-0.37836268518547733,0.08349573825291437,0.17854072333488782,-0.13568797523165577,-0.19246408342708432,1518.0,12.362384597392937,55,202,33.27777777777778,1.0,2.4747798238590875,0.46513802232688933,0.12639921872792734,1,,,
THEME|SHORT_RS_1_2_3_EQ|TOP_1|MONTHLY,THEME,SHORT_RS_1_2_3_EQ,TOP_1,MONTHLY,A3R2_PREDECLARED_NEW_HYPOTHESIS,"HISTORICAL UK RETAIL, ACCOUNT AND BROKER ELIGIBILITY REMAIN UNRESOLVED",0.0009140081513587806,-0.03122045382655214,0.07570596908200944,0.11516454821291355,0.08433735894623862,-0.07479196093065066,-0.10692642290856158,-0.11425054006155477,-0.1463850020394657,-0.08342335079487984,0.31465633502921214,-0.09922080171579475,-0.1404577892837568,-0.4899551615879165,-0.06372104281005724,0.31050518263711163,-0.1938124601318305,-0.2443450804510391,1519.0,16.300078512396695,41,81,44.925,1.0,1.0,1.0,0.16384491067865897,1,,,
THEME|SHORT_RS_1_2_3_EQ|TOP_2|MONTHLY,THEME,SHORT_RS_1_2_3_EQ,TOP_2,MONTHLY,A3R2_PREDECLARED_NEW_HYPOTHESIS,"HISTORICAL UK RETAIL, ACCOUNT AND BROKER ELIGIBILITY REMAIN UNRESOLVED",0.021807506518865427,-0.009760662328597958,0.07570596908200944,0.11516454821291355,0.0905080661199098,-0.05389846256314401,-0.0854666314106074,-0.09335704169404813,-0.12492521054151151,-0.06870055960104438,0.25314995664312234,-0.03855683981948309,-0.0547039586725008,-0.47357398284587904,-0.020610638848744547,0.2504545027507312,-0.1403998786782844,-0.2250040697415251,1635.0,15.49689729785791,55,186,33.27777777777778,1.0,2.0,0.5006241757380913,0.15772559869639038,1,,,
THEME|SHORT_RS_1_2_3_EQ|TOP_3|MONTHLY,THEME,SHORT_RS_1_2_3_EQ,TOP_3,MONTHLY,A3R2_PREDECLARED_NEW_HYPOTHESIS,"HISTORICAL UK RETAIL, ACCOUNT AND BROKER ELIGIBILITY REMAIN UNRESOLVED",0.054565540376769084,0.02664681374558109,0.07570596908200944,0.11516454821291355,0.09209271537172059,-0.021140428705240355,-0.04905915533642835,-0.06059900783614447,-0.08851773446733247,-0.03752717499495151,0.22237989758467477,0.11982564087401326,0.17254170968454235,-0.40527786699370005,0.06574949168392487,0.22111388483474145,-0.1168578243316396,-0.18557290671688575,1529.0,13.101625602094884,55,261,33.27777777777778,1.0,3.0,0.33380640855644533,0.1351875130635268,1,,,
THEME|SHORT_RS_1_2_3_EQ|TOP_5|MONTHLY,THEME,SHORT_RS_1_2_3_EQ,TOP_5,MONTHLY,A3R2_PREDECLARED_NEW_HYPOTHESIS,"HISTORICAL UK RETAIL, ACCOUNT AND BROKER ELIGIBILITY REMAIN UNRESOLVED",0.10921677781637218,0.0864179369062219,0.07570596908200944,0.11516454821291355,0.0626106385174563,0.03351080873436274,0.010711967824212465,-0.005947770396541374,-0.02874661130669165,0.04660613929891588,0.2038976792266291,0.42382991917318347,0.607748263551563,-0.25902148902863353,0.3336323068418035,0.10485111229109986,-0.10445617860982181,-0.113406039702309,624.0,9.957287490214467,58,410,31.526315789473685,1.0,5.0,0.20032167468258433,0.10517657713371337,1,,,
THEME|SHORT_RS_1_2_3_EQ|VARIABLE_THRESHOLD|MONTHLY,THEME,SHORT_RS_1_2_3_EQ,VARIABLE_THRESHOLD,MONTHLY,A3R2_PREDECLARED_NEW_HYPOTHESIS,"HISTORICAL UK RETAIL, ACCOUNT AND BROKER ELIGIBILITY REMAIN UNRESOLVED",-0.0017800224129368436,-0.03532083841059552,0.07570596908200944,0.11516454821291355,0.08996592801070435,-0.07748599149494628,-0.11102680749260496,-0.1169445706258504,-0.15048538662350908,-0.0917459504236412,0.2500285726581475,-0.14126720812380142,-0.19867300842015131,-0.5499848128501836,-0.0642214795487761,0.3101464081459467,-0.13568797523165588,-0.25937538203283295,1740.0,16.79399522983246,59,216,30.982758620689655,0.988,2.2272,0.5126245640752337,0.17159475031441437,1,,,
THEME|SHORT_RS_1_2_3_PERSISTENT|TOP_1|MONTHLY,THEME,SHORT_RS_1_2_3_PERSISTENT,TOP_1,MONTHLY,A3R2_PREDECLARED_NEW_HYPOTHESIS,"HISTORICAL UK RETAIL, ACCOUNT AND BROKER ELIGIBILITY REMAIN UNRESOLVED",-0.03621636648314952,-0.06715074175457858,0.07570596908200944,0.11516454821291355,0.08531875955229706,-0.11192233556515896,-0.14285671083658802,-0.15138091469606307,-0.18231528996749213,-0.12153512603544658,0.3099721157511381,-0.21663478210566117,-0.3024064760245728,-0.5113263837783647,-0.13132657317304633,0.338780431913378,-0.19381246013183062,-0.2443431521622358,1583.0,16.300078512396695,41,81,44.925,1.0,1.0,1.0,0.16380240513129032,1,,,
THEME|SHORT_RS_1_2_3_PERSISTENT|TOP_2|MONTHLY,THEME,SHORT_RS_1_2_3_PERSISTENT,TOP_2,MONTHLY,A3R2_PREDECLARED_NEW_HYPOTHESIS,"HISTORICAL UK RETAIL, ACCOUNT AND BROKER ELIGIBILITY REMAIN UNRESOLVED",0.05828416472081943,0.027738532919544756,0.07570596908200944,0.11516454821291355,0.08469229830757286,-0.017421804361190008,-0.04796743616246468,-0.05688038349209412,-0.0874260152933688,-0.026408133586753424,0.24596174901111936,0.11277579961545468,0.16178865164967668,-0.38893392018808026,0.07131939766562656,0.1868198103369053,-0.1403982915009626,-0.24394800639285763,1428.0,14.510482157492994,52,175,35.23529411764706,1.0,2.0,0.5006646641681596,0.14734115919273236,0,,,
THEME|SHORT_RS_1_2_3_PERSISTENT|TOP_3|MONTHLY,THEME,SHORT_RS_1_2_3_PERSISTENT,TOP_3,MONTHLY,A3R2_PREDECLARED_NEW_HYPOTHESIS,"HISTORICAL UK RETAIL, ACCOUNT AND BROKER ELIGIBILITY REMAIN UNRESOLVED",0.07360677987280129,0.047336285830368086,0.07570596908200944,0.11516454821291355,0.08129128932924434,-0.002099189209208152,-0.028369683251641353,-0.04155776834011227,-0.06782826238254547,-0.007684509456443056,0.21555865640636515,0.21959816701181809,0.3136079050214727,-0.31789420728662543,0.14890578294711707,0.15144605548627527,-0.1256881728214586,-0.19939904639742856,1418.0,12.168078744893863,53,240,34.55769230769231,1.0,2.931617055510861,0.3451403636321077,0.12498450153572332,1,,,
THEME|SHORT_RS_1_2_3_PERSISTENT|TOP_5|MONTHLY,THEME,SHORT_RS_1_2_3_PERSISTENT,TOP_5,MONTHLY,A3R2_PREDECLARED_NEW_HYPOTHESIS,"HISTORICAL UK RETAIL, ACCOUNT AND BROKER ELIGIBILITY REMAIN UNRESOLVED",0.06412990322180656,0.04075190346574753,0.07570596908200944,0.11516454821291355,0.0784436585720385,-0.011576065860202878,-0.03495406561626191,-0.05103464499110699,-0.07441264474716602,-0.014313755350231938,0.20149661567899688,0.2022460939526109,0.28828017598792594,-0.28838985018408336,0.14130838321714514,0.15402045631436964,-0.1256881728214585,-0.1701681708962619,1417.0,10.711021524823064,57,349,32.089285714285715,1.0,4.3211974110032365,0.24893405523197845,0.11232280081860241,1,,,
THEME|SHORT_RS_1_2_3_PERSISTENT|VARIABLE_THRESHOLD|MONTHLY,THEME,SHORT_RS_1_2_3_PERSISTENT,VARIABLE_THRESHOLD,MONTHLY,A3R2_PREDECLARED_NEW_HYPOTHESIS,"HISTORICAL UK RETAIL, ACCOUNT AND BROKER ELIGIBILITY REMAIN UNRESOLVED",-0.011289433453941622,-0.042804046918416216,0.07570596908200944,0.11516454821291355,0.08689402898131848,-0.08699540253595106,-0.11851001600042566,-0.12645398166685518,-0.15796859513132977,-0.0981834624352601,0.24416381283577784,-0.17530872581517964,-0.24715758215363212,-0.5401530822521856,-0.07924428893369148,0.3049518627337156,-0.13568797523165588,-0.23412482949559,1744.0,15.975397450270648,57,190,32.089285714285715,0.956,1.9936,0.552899443868464,0.16274565442240063,1,,,
INDUSTRY_PLUS_THEME|MH_LEVEL_3_6_12_REFERENCE|TOP_1|MONTHLY,INDUSTRY_PLUS_THEME,MH_LEVEL_3_6_12_REFERENCE,TOP_1,MONTHLY,FROZEN_FROM_A3R1R1,"HISTORICAL UK RETAIL, ACCOUNT AND BROKER ELIGIBILITY REMAIN UNRESOLVED",0.26904013467202104,0.24861332935426628,0.10989964278450803,0.11516454821291355,0.09771109011952395,0.159140491887513,0.13871368656975824,0.15387558645910748,0.13344878114135272,0.1713290445524971,0.37134982249690324,0.6694855209102449,0.9405890527322701,-0.3089820359281441,0.8046206589566359,0.12310704207255986,-0.2428742514970067,-0.15874781455002207,524.0,8.250657024793387,21,41,85.15,1.0,1.0,1.0,0.08249154130916983,1,12.0,12.0,True
INDUSTRY_PLUS_THEME|MH_LEVEL_3_6_12_REFERENCE|TOP_2|MONTHLY,INDUSTRY_PLUS_THEME,MH_LEVEL_3_6_12_REFERENCE,TOP_2,MONTHLY,FROZEN_FROM_A3R1R1,"HISTORICAL UK RETAIL, ACCOUNT AND BROKER ELIGIBILITY REMAIN UNRESOLVED",0.22146092886927637,0.19857113590134667,0.10989964278450803,0.11516454821291355,0.09238616444827596,0.11156128608476834,0.08867149311683864,0.10629638065636282,0.08340658768843312,0.1290747644210004,0.2970976140448447,0.6683700121246138,0.9106395399848759,-0.302602992892647,0.6562100857072249,0.09036382393425828,-0.22636615983133113,-0.16590697495799545,292.0,9.483635970346972,39,124,47.28947368421053,1.0,2.0,0.5007877276202723,0.09590975271201296,1,12.0,12.0,True
INDUSTRY_PLUS_THEME|MH_LEVEL_3_6_12_REFERENCE|TOP_3|MONTHLY,INDUSTRY_PLUS_THEME,MH_LEVEL_3_6_12_REFERENCE,TOP_3,MONTHLY,FROZEN_FROM_A3R1R1,"HISTORICAL UK RETAIL, ACCOUNT AND BROKER ELIGIBILITY REMAIN UNRESOLVED",0.2088166146857351,0.1869127665578032,0.10989964278450803,0.11516454821291355,0.08988375273277183,0.09891697190122706,0.07701312377329517,0.09365206647282154,0.07174821834488965,0.11893286195296326,0.25477342291867233,0.7336431108729449,1.0139421223332759,-0.26337696713448866,0.7096777238776525,0.07764632612543733,-0.1943084888419454,-0.1448065971119118,355.0,9.049617338075393,51,218,35.94,1.0,3.0,0.33401852671918036,0.0928240257750401,1,11.0,12.0,True
INDUSTRY_PLUS_THEME|MH_LEVEL_3_6_12_REFERENCE|TOP_5|MONTHLY,INDUSTRY_PLUS_THEME,MH_LEVEL_3_6_12_REFERENCE,TOP_5,MONTHLY,FROZEN_FROM_A3R1R1,"HISTORICAL UK RETAIL, ACCOUNT AND BROKER ELIGIBILITY REMAIN UNRESOLVED",0.14429992211241505,0.12714000328071862,0.10989964278450803,0.11516454821291355,0.10963412153302587,0.03440027932790701,0.017240360496210583,0.029135373899501493,0.011975455067805063,0.03466580057938917,0.2236585542993803,0.5684558038881631,0.7839874534268124,-0.23229185962116317,0.5473287074633907,0.10296828552070951,-0.1447903448769733,-0.13329639843334629,803.0,7.25274235195653,52,345,35.23529411764706,1.0,5.0,0.20050312946245147,0.07709867460132316,1,,,
INDUSTRY_PLUS_THEME|MH_LEVEL_3_6_12_REFERENCE|VARIABLE_THRESHOLD|MONTHLY,INDUSTRY_PLUS_THEME,MH_LEVEL_3_6_12_REFERENCE,VARIABLE_THRESHOLD,MONTHLY,FROZEN_FROM_A3R1R1,"HISTORICAL UK RETAIL, ACCOUNT AND BROKER ELIGIBILITY REMAIN UNRESOLVED",0.16304606740360117,0.1359536034613389,0.10989964278450803,0.11516454821291355,0.10538178899923212,0.053146424619093136,0.026053960676830856,0.047881519190687616,0.020789055248425337,0.05766427840436905,0.2549765206143305,0.5332004811022504,0.7469688649845634,-0.2783736726838665,0.4883852777835562,0.13156374941058882,-0.14478901595058946,-0.2293554022117109,1178.0,11.58615061784705,56,257,32.67272727272727,1.0,3.2984,0.3739581613157662,0.11899882373475797,1,,,
INDUSTRY_PLUS_THEME|MH_LEVEL_EQ|TOP_1|MONTHLY,INDUSTRY_PLUS_THEME,MH_LEVEL_EQ,TOP_1,MONTHLY,FROZEN_FROM_A3R1R1,"HISTORICAL UK RETAIL, ACCOUNT AND BROKER ELIGIBILITY REMAIN UNRESOLVED",0.14752159637814088,0.11716632682712125,0.10989964278450803,0.11516454821291355,0.10122444670800945,0.03762195359363285,0.007266684042613214,0.03235704816522733,0.0020017786142076943,0.04629714967013143,0.3656711545999955,0.32041446352334924,0.43984056994569093,-0.3831424819247078,0.30580353877371885,0.19795071913446946,-0.2428742514970068,-0.26219995368192206,944.0,13.482780991735536,34,67,54.45454545454545,1.0,1.0,1.0,0.13496974946479762,1,,,
INDUSTRY_PLUS_THEME|MH_LEVEL_EQ|TOP_2|MONTHLY,INDUSTRY_PLUS_THEME,MH_LEVEL_EQ,TOP_2,MONTHLY,FROZEN_FROM_A3R1R1,"HISTORICAL UK RETAIL, ACCOUNT AND BROKER ELIGIBILITY REMAIN UNRESOLVED",0.025603735180377285,-0.004826324991843878,0.10989964278450803,0.11516454821291355,0.11643143534660516,-0.08429590760413075,-0.11472596777635191,-0.08956081303253627,-0.11999087320475743,-0.09082770016622788,0.3003143587566065,-0.01607090986866676,-0.021590022008111595,-0.38622643929086253,-0.01249610202943468,0.23259437656699175,-0.2105776397795701,-0.1889217310611081,1435.0,14.894964349768115,52,177,35.23529411764706,1.0,2.0,0.5006680404940317,0.1514595921662142,1,,,
INDUSTRY_PLUS_THEME|MH_LEVEL_EQ|TOP_3|MONTHLY,INDUSTRY_PLUS_THEME,MH_LEVEL_EQ,TOP_3,MONTHLY,FROZEN_FROM_A3R1R1,"HISTORICAL UK RETAIL, ACCOUNT AND BROKER ELIGIBILITY REMAIN UNRESOLVED",0.09692867819773587,0.06857016096573099,0.10989964278450803,0.11516454821291355,0.11891556164026951,-0.01297096458677216,-0.04132948181877705,-0.01823587001517768,-0.04659438724718257,-0.021986883442533633,0.2622254519322253,0.2614931558339105,0.3542048263128556,-0.2599044284673079,0.26382836710439544,0.13664619384117074,-0.1546222811139334,-0.14010812827454333,1340.0,12.856632380895823,54,256,33.905660377358494,1.0,3.0,0.3339285500960307,0.13202496429443308,1,,,
INDUSTRY_PLUS_THEME|MH_LEVEL_EQ|TOP_5|MONTHLY,INDUSTRY_PLUS_THEME,MH_LEVEL_EQ,TOP_5,MONTHLY,FROZEN_FROM_A3R1R1,"HISTORICAL UK RETAIL, ACCOUNT AND BROKER ELIGIBILITY REMAIN UNRESOLVED",0.11229959810087653,0.08952216313662009,0.10989964278450803,0.11516454821291355,0.11839026718333456,0.002399955316368496,-0.02037747964788794,-0.0028649501120370235,-0.02564238507629346,-0.006090669082458033,0.2181405417670948,0.4103875529574942,0.5603117600417381,-0.25180698436146964,0.35551898357239675,0.12627208698905554,-0.1454138825240635,-0.12864228109316767,916.0,9.93555589674685,53,385,34.55769230769231,1.0,5.0,0.20040572474183482,0.10478164431867285,1,,,
INDUSTRY_PLUS_THEME|MH_LEVEL_EQ|VARIABLE_THRESHOLD|MONTHLY,INDUSTRY_PLUS_THEME,MH_LEVEL_EQ,VARIABLE_THRESHOLD,MONTHLY,FROZEN_FROM_A3R1R1,"HISTORICAL UK RETAIL, ACCOUNT AND BROKER ELIGIBILITY REMAIN UNRESOLVED",0.10368326211340939,0.07171948700710673,0.10989964278450803,0.11516454821291355,0.09976074108642585,-0.0062163806710986425,-0.0381801557774013,-0.011481286099504162,-0.04344506120580682,0.003922521026983539,0.2651664419034201,0.2704696962869407,0.35470218614444626,-0.32546340694964426,0.2203611388428782,0.14480064910771315,-0.15674624694130745,-0.2290896032692662,858.0,14.508845280976313,57,232,32.089285714285715,0.9656,2.624,0.46628655596928403,0.147835629425631,1,,,
INDUSTRY_PLUS_THEME|MH_LEVEL_60D_CENTERED|TOP_1|MONTHLY,INDUSTRY_PLUS_THEME,MH_LEVEL_60D_CENTERED,TOP_1,MONTHLY,FROZEN_FROM_A3R1R1,"HISTORICAL UK RETAIL, ACCOUNT AND BROKER ELIGIBILITY REMAIN UNRESOLVED",0.13259463677422545,0.10351016336925478,0.10989964278450803,0.11516454821291355,0.10350486967170669,0.022694993989717416,-0.006389479415253252,0.017430088561311896,-0.011654384843658772,0.02908976710251876,0.3791695983471167,0.27299172671141947,0.37339344199639596,-0.43402415214577295,0.2384894086135775,0.22247210836791048,-0.2428742514970067,-0.2866530590924885,1194.0,13.080309917355372,33,65,56.15625,1.0,1.0,1.0,0.13103146479547767,1,,,
INDUSTRY_PLUS_THEME|MH_LEVEL_60D_CENTERED|TOP_2|MONTHLY,INDUSTRY_PLUS_THEME,MH_LEVEL_60D_CENTERED,TOP_2,MONTHLY,FROZEN_FROM_A3R1R1,"HISTORICAL UK RETAIL, ACCOUNT AND BROKER ELIGIBILITY REMAIN UNRESOLVED",0.06043640332928235,0.030706498742155697,0.10989964278450803,0.11516454821291355,0.11262193202106241,-0.04946323945522568,-0.07919314404235234,-0.0547281448836312,-0.08445804947075786,-0.05218552869178006,0.30145577282003894,0.10186070896869724,0.13670535904589548,-0.3305350565797981,0.09289937067459743,0.18199133037184326,-0.21057233879509762,-0.17958463268415847,1403.0,14.093699885092908,51,171,35.94,1.0,2.0,0.5008158553376788,0.14311564566283425,1,,,
INDUSTRY_PLUS_THEME|MH_LEVEL_60D_CENTERED|TOP_3|MONTHLY,INDUSTRY_PLUS_THEME,MH_LEVEL_60D_CENTERED,TOP_3,MONTHLY,FROZEN_FROM_A3R1R1,"HISTORICAL UK RETAIL, ACCOUNT AND BROKER ELIGIBILITY REMAIN UNRESOLVED",0.09214086533597943,0.06538994718446767,0.10989964278450803,0.11516454821291355,0.11869547236416422,-0.017758777448528607,-0.044509695600040367,-0.023023682876934126,-0.049774601028445886,-0.026554607028184796,0.26540272448849844,0.24638009014599027,0.3320499628976866,-0.26337696713448866,0.24827511644584122,0.1248197694851073,-0.19430848884194518,-0.1400881075677194,778.0,12.190842013053121,53,248,34.55769230769231,1.0,3.0,0.3338995837144945,0.12511181802213522,1,,,
INDUSTRY_PLUS_THEME|MH_LEVEL_60D_CENTERED|TOP_5|MONTHLY,INDUSTRY_PLUS_THEME,MH_LEVEL_60D_CENTERED,TOP_5,MONTHLY,FROZEN_FROM_A3R1R1,"HISTORICAL UK RETAIL, ACCOUNT AND BROKER ELIGIBILITY REMAIN UNRESOLVED",0.11135083192782713,0.08796970490391542,0.10989964278450803,0.11516454821291355,0.12293583350679005,0.0014511891433190982,-0.02192993788059261,-0.0038137162850864215,-0.02719484330899813,-0.011585001578962917,0.21968158534870316,0.4004418702836657,0.5407311473607606,-0.2495003639347485,0.3525834732927364,0.1243484158754342,-0.14541388252406373,-0.1286451566523883,920.0,10.19077965872071,54,393,33.905660377358494,1.0,5.0,0.20042628336666615,0.10762377817396579,1,,,
INDUSTRY_PLUS_THEME|MH_LEVEL_60D_CENTERED|VARIABLE_THRESHOLD|MONTHLY,INDUSTRY_PLUS_THEME,MH_LEVEL_60D_CENTERED,VARIABLE_THRESHOLD,MONTHLY,FROZEN_FROM_A3R1R1,"HISTORICAL UK RETAIL, ACCOUNT AND BROKER ELIGIBILITY REMAIN UNRESOLVED",0.06787513551250379,0.037678551514150005,0.10989964278450803,0.11516454821291355,0.12034393500793406,-0.04202450727200424,-0.07222109127035803,-0.04728941270040976,-0.07748599669876355,-0.05246879949543026,0.25689413735435435,0.1466695655346039,0.20146114687841776,-0.3331910885903989,0.11308391131813642,0.1764916321389647,-0.15459562786869907,-0.1580650029473908,1414.0,14.042583679812152,55,270,33.27777777777778,1.0,3.1041666666666665,0.38321150932039355,0.14435499992868694,1,,,
INDUSTRY_PLUS_THEME|MH_LEVEL_RECENCY_TILT|TOP_1|MONTHLY,INDUSTRY_PLUS_THEME,MH_LEVEL_RECENCY_TILT,TOP_1,MONTHLY,FROZEN_FROM_A3R1R1,"HISTORICAL UK RETAIL, ACCOUNT AND BROKER ELIGIBILITY REMAIN UNRESOLVED",0.10769208053592783,0.07659306487392481,0.10989964278450803,0.11516454821291355,0.10434104275901723,-0.0022075622485802082,-0.033306577910583224,-0.007472467676985728,-0.038571483338988743,0.0033510377769105926,0.3750130687838443,0.20424105517792682,0.2844201387495977,-0.4392883058522644,0.17435716784066538,0.21278210790471883,-0.2428742514970068,-0.2866596633127242,705.0,14.287723140495867,36,71,51.34285714285714,1.0,1.0,1.0,0.1432418446436437,1,,,
INDUSTRY_PLUS_THEME|MH_LEVEL_RECENCY_TILT|TOP_2|MONTHLY,INDUSTRY_PLUS_THEME,MH_LEVEL_RECENCY_TILT,TOP_2,MONTHLY,FROZEN_FROM_A3R1R1,"HISTORICAL UK RETAIL, ACCOUNT AND BROKER ELIGIBILITY REMAIN UNRESOLVED",0.018089218716205835,-0.012109926824025674,0.10989964278450803,0.11516454821291355,0.11549580033659623,-0.0918104240683022,-0.12200956960853371,-0.09707532949670772,-0.12727447503693923,-0.0974065816203904,0.2959070870125537,-0.04092476103322229,-0.055720629990357304,-0.3720143342175334,-0.03255231239811437,0.23138866348091472,-0.21057678358892795,-0.1925571495353985,1422.0,14.89320550572045,52,177,35.23529411764706,1.0,2.0,0.5008658925227618,0.15141966221826053,1,,,
INDUSTRY_PLUS_THEME|MH_LEVEL_RECENCY_TILT|TOP_3|MONTHLY,INDUSTRY_PLUS_THEME,MH_LEVEL_RECENCY_TILT,TOP_3,MONTHLY,FROZEN_FROM_A3R1R1,"HISTORICAL UK RETAIL, ACCOUNT AND BROKER ELIGIBILITY REMAIN UNRESOLVED",0.10857442554668206,0.07726793989343039,0.10989964278450803,0.11516454821291355,0.11487848927385658,-0.0013252172378259708,-0.03263170289107764,-0.0065901226662314905,-0.03789660831948316,-0.006304063727174514,0.25901053830872706,0.29831967609492027,0.4000630237491908,-0.2770131319403232,0.27893240783283946,0.1383207791054404,-0.1546196639015246,-0.14784003440949334,1224.0,14.051068143047916,58,277,31.526315789473685,1.0,3.0,0.3339328014341612,0.1441965903247275,1,,,
INDUSTRY_PLUS_THEME|MH_LEVEL_RECENCY_TILT|TOP_5|MONTHLY,INDUSTRY_PLUS_THEME,MH_LEVEL_RECENCY_TILT,TOP_5,MONTHLY,FROZEN_FROM_A3R1R1,"HISTORICAL UK RETAIL, ACCOUNT AND BROKER ELIGIBILITY REMAIN UNRESOLVED",0.12994087830861134,0.10321930537695545,0.10989964278450803,0.11516454821291355,0.11277870796357581,0.020041235524103307,-0.006680337407552583,0.014776330095697787,-0.011945242835958103,0.017162170345035532,0.2104784727235454,0.49040314689345765,0.6623497393001039,-0.24227185964151243,0.4260474391441423,0.12166531430081548,-0.10644031286539601,-0.1286412190424605,916.0,11.51479623867294,55,415,33.27777777777778,1.0,5.0,0.20048036516203074,0.12086671411100794,1,,,
INDUSTRY_PLUS_THEME|MH_LEVEL_RECENCY_TILT|VARIABLE_THRESHOLD|MONTHLY,INDUSTRY_PLUS_THEME,MH_LEVEL_RECENCY_TILT,VARIABLE_THRESHOLD,MONTHLY,FROZEN_FROM_A3R1R1,"HISTORICAL UK RETAIL, ACCOUNT AND BROKER ELIGIBILITY REMAIN UNRESOLVED",0.029940975448572882,-0.0012673431873941876,0.10989964278450803,0.11516454821291355,0.10767660933381462,-0.07995866733593515,-0.11116698597190222,-0.08522357276434067,-0.11643189140030774,-0.07773563388524174,0.26106557423141974,-0.004854501368574779,-0.006398713433701627,-0.42611258782979644,-0.002974197955166738,0.24446340425941884,-0.21725590345038748,-0.17670057870591338,1420.0,15.035267396287557,57,271,32.089285714285715,0.9831730769230769,2.949519230769231,0.4017381029790182,0.15469574326512422,1,,,
INDUSTRY_PLUS_THEME|PAIRWISE_MAJORITY_5H|TOP_1|MONTHLY,INDUSTRY_PLUS_THEME,PAIRWISE_MAJORITY_5H,TOP_1,MONTHLY,FROZEN_FROM_A3R1R1,"HISTORICAL UK RETAIL, ACCOUNT AND BROKER ELIGIBILITY REMAIN UNRESOLVED",0.09162783839242405,0.06269830437693824,0.10989964278450803,0.11516454821291355,0.10467370272153831,-0.01827180439208398,-0.04720133840756979,-0.0235367098204895,-0.05246624383597531,-0.013045864329114254,0.38086737647524277,0.16461978171294955,0.2298354893219912,-0.4772799659739857,0.13136588343696712,0.2783257807259288,-0.2428742514970067,-0.2866530590924885,1323.0,13.482780991735536,34,67,54.45454545454545,1.0,1.0,1.0,0.1352157221322952,1,,,
INDUSTRY_PLUS_THEME|PAIRWISE_MAJORITY_5H|TOP_2|MONTHLY,INDUSTRY_PLUS_THEME,PAIRWISE_MAJORITY_5H,TOP_2,MONTHLY,FROZEN_FROM_A3R1R1,"HISTORICAL UK RETAIL, ACCOUNT AND BROKER ELIGIBILITY REMAIN UNRESOLVED",0.09688036134902411,0.06878038917086449,0.10989964278450803,0.11516454821291355,0.11563193789258475,-0.01301928143548392,-0.04111925361364355,-0.01828418686388944,-0.04638415904204907,-0.018751576543560633,0.30495017186800794,0.22554632040225514,0.3070722460323734,-0.302435389188458,0.22742176223300717,0.1592273890115235,-0.22593242434830318,-0.1795619484100789,806.0,12.893775693789268,47,157,39.06521739130435,1.0,2.0,0.5007740731742943,0.1307926259884968,1,,,
INDUSTRY_PLUS_THEME|PAIRWISE_MAJORITY_5H|TOP_3|MONTHLY,INDUSTRY_PLUS_THEME,PAIRWISE_MAJORITY_5H,TOP_3,MONTHLY,FROZEN_FROM_A3R1R1,"HISTORICAL UK RETAIL, ACCOUNT AND BROKER ELIGIBILITY REMAIN UNRESOLVED",0.13672683671428354,0.10856614629823302,0.10989964278450803,0.11516454821291355,0.11142803547078395,0.026827193929775506,-0.0013334964862750098,0.021562288501369986,-0.0065984019146805295,0.02529880124349959,0.2619248369219336,0.41449351491088665,0.561142336425338,-0.26337696713448877,0.4122082028638277,0.12303894689641234,-0.19430848884194518,-0.16001521930402152,1277.0,12.3294830972004,51,243,35.94,1.0,3.0,0.33390785999377665,0.12652679314340196,1,,,
INDUSTRY_PLUS_THEME|PAIRWISE_MAJORITY_5H|TOP_5|MONTHLY,INDUSTRY_PLUS_THEME,PAIRWISE_MAJORITY_5H,TOP_5,MONTHLY,FROZEN_FROM_A3R1R1,"HISTORICAL UK RETAIL, ACCOUNT AND BROKER ELIGIBILITY REMAIN UNRESOLVED",0.10968859861899749,0.08548471624737086,0.10989964278450803,0.11516454821291355,0.125657624746488,-0.00021104416551054328,-0.02441492653713717,-0.005475949593916063,-0.02967983196554269,-0.015969026127490515,0.21767066369796106,0.3927250222656973,0.5293034073959108,-0.2951093282008609,0.28967134576372056,0.16045457593790802,-0.14397944288375542,-0.14819684621318574,1312.0,10.531434249148043,57,412,32.089285714285715,1.0,5.0,0.2004381635697197,0.11154639491990101,1,,,
INDUSTRY_PLUS_THEME|PAIRWISE_MAJORITY_5H|VARIABLE_THRESHOLD|MONTHLY,INDUSTRY_PLUS_THEME,PAIRWISE_MAJORITY_5H,VARIABLE_THRESHOLD,MONTHLY,FROZEN_FROM_A3R1R1,"HISTORICAL UK RETAIL, ACCOUNT AND BROKER ELIGIBILITY REMAIN UNRESOLVED",0.10428993618635474,0.07678327951241548,0.10989964278450803,0.11516454821291355,0.11244411411911659,-0.005609706598153297,-0.03311636327209255,-0.010874612026558816,-0.03838126870049807,-0.008154177932761852,0.23584666885071143,0.3255644011703999,0.4365838355648723,-0.25771012985247976,0.29794435925498275,0.14140600412005966,-0.14398026300561007,-0.16131690509113605,1315.0,12.214692225613636,57,350,32.089285714285715,1.0,4.170673076923077,0.26849948211346103,0.12723021930188735,1,,,
INDUSTRY_PLUS_THEME|SHORT_RS_1_2_3_EQ|TOP_1|MONTHLY,INDUSTRY_PLUS_THEME,SHORT_RS_1_2_3_EQ,TOP_1,MONTHLY,A3R2_PREDECLARED_NEW_HYPOTHESIS,"HISTORICAL UK RETAIL, ACCOUNT AND BROKER ELIGIBILITY REMAIN UNRESOLVED",0.14130370793560676,0.1020828284104387,0.12138435693435068,0.11516454821291355,0.11760407066109746,0.01991935100125608,-0.01930152852391198,0.026139159722693206,-0.013081719802474856,0.0236996372745093,0.38241520527744444,0.2669423888006153,0.3657071253712512,-0.45968201969327815,0.22207270251412758,0.22396579434434763,-0.24287425149700692,-0.29750018916314613,637.0,17.50749173553719,44,87,41.7906976744186,1.0,1.0,1.0,0.1754384986071752,1,,,
INDUSTRY_PLUS_THEME|SHORT_RS_1_2_3_EQ|TOP_2|MONTHLY,INDUSTRY_PLUS_THEME,SHORT_RS_1_2_3_EQ,TOP_2,MONTHLY,A3R2_PREDECLARED_NEW_HYPOTHESIS,"HISTORICAL UK RETAIL, ACCOUNT AND BROKER ELIGIBILITY REMAIN UNRESOLVED",0.07424892996688937,0.040262797130788286,0.12138435693435068,0.11516454821291355,0.12554832625941814,-0.047135426967461314,-0.08112155980356239,-0.04091561824602419,-0.07490175108212527,-0.051299396292528776,0.3049827594137585,0.13201663336046246,0.18192209526800154,-0.38561962338394196,0.10441065415050378,0.19246007715010238,-0.21056947556644856,-0.1892053600925152,932.0,15.912043494450408,56,190,32.67272727272727,1.0,2.0,0.5007067440949491,0.16152778429064066,1,,,
INDUSTRY_PLUS_THEME|SHORT_RS_1_2_3_EQ|TOP_3|MONTHLY,INDUSTRY_PLUS_THEME,SHORT_RS_1_2_3_EQ,TOP_3,MONTHLY,A3R2_PREDECLARED_NEW_HYPOTHESIS,"HISTORICAL UK RETAIL, ACCOUNT AND BROKER ELIGIBILITY REMAIN UNRESOLVED",0.0943621312314824,0.06229804256493199,0.12138435693435068,0.11516454821291355,0.1250567421291391,-0.027022225702868274,-0.05908631436941869,-0.02080241698143115,-0.052866505647981565,-0.030694610897656682,0.25840625142025325,0.24108566345639584,0.33280780367120283,-0.31314857573858135,0.19894084594827868,0.15851002029321326,-0.12979206664951037,-0.15093505856244338,1308.0,14.57914953222339,56,275,32.67272727272727,1.0,3.0,0.334047918257409,0.1495924968077602,1,,,
INDUSTRY_PLUS_THEME|SHORT_RS_1_2_3_EQ|TOP_5|MONTHLY,INDUSTRY_PLUS_THEME,SHORT_RS_1_2_3_EQ,TOP_5,MONTHLY,A3R2_PREDECLARED_NEW_HYPOTHESIS,"HISTORICAL UK RETAIL, ACCOUNT AND BROKER ELIGIBILITY REMAIN UNRESOLVED",0.10279763057013547,0.07380275208539944,0.12138435693435068,0.11516454821291355,0.12911209021506287,-0.01858672636421521,-0.04758160484895124,-0.012366917642778086,-0.04136179612751412,-0.0263144596449274,0.21808988304678487,0.33840520731338647,0.4693200300374947,-0.24767604319221148,0.2979809881253799,0.12978443593717492,-0.09060527640938376,-0.14848310193953318,1340.0,12.781269883892664,57,441,32.089285714285715,1.0,5.0,0.2004566000191824,0.13430812922553698,1,,,
INDUSTRY_PLUS_THEME|SHORT_RS_1_2_3_EQ|VARIABLE_THRESHOLD|MONTHLY,INDUSTRY_PLUS_THEME,SHORT_RS_1_2_3_EQ,VARIABLE_THRESHOLD,MONTHLY,A3R2_PREDECLARED_NEW_HYPOTHESIS,"HISTORICAL UK RETAIL, ACCOUNT AND BROKER ELIGIBILITY REMAIN UNRESOLVED",0.07463525785556824,0.04316257039487503,0.12138435693435068,0.11516454821291355,0.12145995671919319,-0.04674909907878244,-0.07822178653947565,-0.040529290357345316,-0.07200197781803852,-0.04682469886362495,0.23960694042738817,0.18013906574611624,0.24873156613935984,-0.3627809361379817,0.11897695301844194,0.18998167618988865,-0.10595271129873474,-0.19924234956264253,1413.0,14.412851048566333,59,351,30.982758620689655,0.9830097087378641,3.7823624595469254,0.28288140582193383,0.14952469622417863,1,,,
INDUSTRY_PLUS_THEME|SHORT_RS_1_2_3_PERSISTENT|TOP_1|MONTHLY,INDUSTRY_PLUS_THEME,SHORT_RS_1_2_3_PERSISTENT,TOP_1,MONTHLY,A3R2_PREDECLARED_NEW_HYPOTHESIS,"HISTORICAL UK RETAIL, ACCOUNT AND BROKER ELIGIBILITY REMAIN UNRESOLVED",-0.021554614577467213,-0.05532847208274971,0.12138435693435068,0.11516454821291355,0.12735624585601157,-0.1429389715118179,-0.1767128290171004,-0.13671916279038077,-0.17049302029566327,-0.1489108604334788,0.37991781819289344,-0.14563273801140358,-0.19673461820261437,-0.5904794825067123,-0.09370092225367163,0.37726459921807715,-0.2428742514970067,-0.2975209140056546,1437.0,17.50749173553719,44,87,41.7906976744186,1.0,1.0,1.0,0.17622220793227447,1,,,
INDUSTRY_PLUS_THEME|SHORT_RS_1_2_3_PERSISTENT|TOP_2|MONTHLY,INDUSTRY_PLUS_THEME,SHORT_RS_1_2_3_PERSISTENT,TOP_2,MONTHLY,A3R2_PREDECLARED_NEW_HYPOTHESIS,"HISTORICAL UK RETAIL, ACCOUNT AND BROKER ELIGIBILITY REMAIN UNRESOLVED",0.0022369130009054494,-0.030343434776895162,0.12138435693435068,0.11516454821291355,0.13353850969529835,-0.11914744393344523,-0.15172779171124584,-0.1129276352120081,-0.14550798298980872,-0.1313015966943929,0.2995981698117535,-0.10128044105196253,-0.13880041192229683,-0.4127226697532884,-0.0735201553019451,0.2493265329943024,-0.21057719367449734,-0.19404559908380203,1417.0,16.314518046793356,55,190,33.27777777777778,1.0,2.0,0.5008150463629207,0.16597908596078031,1,,,
INDUSTRY_PLUS_THEME|SHORT_RS_1_2_3_PERSISTENT|TOP_3|MONTHLY,INDUSTRY_PLUS_THEME,SHORT_RS_1_2_3_PERSISTENT,TOP_3,MONTHLY,A3R2_PREDECLARED_NEW_HYPOTHESIS,"HISTORICAL UK RETAIL, ACCOUNT AND BROKER ELIGIBILITY REMAIN UNRESOLVED",0.08387091712094419,0.052702564128294105,0.12138435693435068,0.11516454821291355,0.12676352502792798,-0.03751343981340649,-0.06868179280605657,-0.031293631091969365,-0.06246198408461945,-0.04289260790698379,0.25227581146061984,0.20890851097914695,0.2830154665113801,-0.26120962274804926,0.20176348625229845,0.15025716892922267,-0.11565876897864447,-0.16656207449957783,1302.0,14.312341115607582,56,273,32.67272727272727,1.0,3.0,0.3340231931747656,0.1468277066020806,1,,,
INDUSTRY_PLUS_THEME|SHORT_RS_1_2_3_PERSISTENT|TOP_5|MONTHLY,INDUSTRY_PLUS_THEME,SHORT_RS_1_2_3_PERSISTENT,TOP_5,MONTHLY,A3R2_PREDECLARED_NEW_HYPOTHESIS,"HISTORICAL UK RETAIL, ACCOUNT AND BROKER ELIGIBILITY REMAIN UNRESOLVED",0.07549836223347373,0.04752772602634692,0.12138435693435068,0.11516454821291355,0.1392554528488481,-0.04588599470087695,-0.07385663090800376,-0.03966618597943983,-0.06763682218656664,-0.06375709061537438,0.2146097000715454,0.22146122011494535,0.3019522963421699,-0.2578021338402563,0.18435738028373672,0.13251207891173644,-0.09060248147675676,-0.13757189664856329,1393.0,12.639445454153156,58,436,31.526315789473685,1.0,4.933495539334955,0.20429457983426574,0.1328598131221516,1,,,
INDUSTRY_PLUS_THEME|SHORT_RS_1_2_3_PERSISTENT|VARIABLE_THRESHOLD|MONTHLY,INDUSTRY_PLUS_THEME,SHORT_RS_1_2_3_PERSISTENT,VARIABLE_THRESHOLD,MONTHLY,A3R2_PREDECLARED_NEW_HYPOTHESIS,"HISTORICAL UK RETAIL, ACCOUNT AND BROKER ELIGIBILITY REMAIN UNRESOLVED",0.021746826088852922,-0.010036922337639975,0.12138435693435068,0.11516454821291355,0.12669130902521286,-0.09963753084549776,-0.13142127927199065,-0.09341772212406063,-0.12520147055055353,-0.10494448293635994,0.2427688378499074,-0.041343536619165816,-0.05777596663381442,-0.44940090823890166,-0.022334005458449907,0.2511493812420997,-0.13669884453315262,-0.1827566512355756,1436.0,15.334690108378268,60,320,30.45762711864407,0.9830645161290322,3.386290322580645,0.3444236087205015,0.15883036400255993,1,,,
