listing_id,share_class_id,fund_entity_id,isin,sedol,exchange,mic,ticker,listing_currency,price_unit,price_unit_multiplier_to_listing_currency,listing_inception_date,active_listing_status,active_status_verification_date,active_status_confidence,economic_exposure_family_id,duplicate_group_id,local_market_data_symbol_match,local_market_data_first_seen,local_market_data_last_seen,local_market_data_timeframes,identity_evidence_ids,observation_date,historical_eligibility_supported,warning
LIST-03F7AA66F69C5756,SC-4E66F21CCAAD145F,FUND-F6BF8D2C6898DD1D,IE00B4ND3602,B3YNPY4,London Stock Exchange,XLON,EGLN,EUR,EUR,1,28/Nov/2016,ACTIVE_OBSERVED_ON_CURRENT_LSE_INSTRUMENT_AND_ISSUER_PAGES,2026-08-22,MEDIUM,GOLD,DUP-GOLD,NOT_FOUND,NOT_AVAILABLE,NOT_AVAILABLE,NOT_AVAILABLE,EVD-0FFBE289C2E411CD;EVD-4DD09953A5A2C6F7;EVD-4EF5BD7888DDA30C;EVD-5502DD01B5A60B06;EVD-5A19F59E96FA43CE;EVD-741217064F0E368A,2026-08-22,NO,CURRENT ELIGIBILITY MUST NOT BE BACK-PROJECTED HISTORICALLY
LIST-04061D295421A7AA,SC-6415ABFE2EE0C567,FUND-F26C5F58336A1D6C,IE0006N7AK90,NOT_AVAILABLE,London Stock Exchange,XLON,GONS,GBP,GBX,0.01,NOT_AVAILABLE,ACTIVE_OBSERVED_IN_CURRENT_LSE_SNAPSHOT,2026-08-22,HIGH,GBP_OVERNIGHT_CASH,DUP-GBP_OVERNIGHT_CASH,NOT_FOUND,NOT_AVAILABLE,NOT_AVAILABLE,NOT_AVAILABLE,EVD-EB0762A0D9B5DA0F,2026-08-22,NO,CURRENT ELIGIBILITY MUST NOT BE BACK-PROJECTED HISTORICALLY
LIST-0407F4009660A2F8,SC-945CCA93631B8B7B,FUND-B987074B21334B3F,IE00BLRPQK69,NOT_AVAILABLE,London Stock Exchange,XLON,UKG5,GBP,GBX,0.01,NOT_AVAILABLE,ACTIVE_OBSERVED_IN_CURRENT_LSE_SNAPSHOT,2026-08-22,HIGH,UK_GILTS_SHORT,DUP-UK_GILTS_SHORT,NOT_FOUND,NOT_AVAILABLE,NOT_AVAILABLE,NOT_AVAILABLE,EVD-4AE0CB96D1C0A4DD,2026-08-22,NO,CURRENT ELIGIBILITY MUST NOT BE BACK-PROJECTED HISTORICALLY
LIST-0471EE5CA700D18D,SC-31AB294D8690C50F,FUND-70AECA3C35FB043E,IE00BCHWNT26,NOT_AVAILABLE,London Stock Exchange,XLON,XSFN,GBP,GBX,0.01,NOT_AVAILABLE,ACTIVE_OBSERVED_IN_CURRENT_LSE_SNAPSHOT,2026-08-22,HIGH,US_FINANCIALS,DUP-US_FINANCIALS,NOT_FOUND,NOT_AVAILABLE,NOT_AVAILABLE,NOT_AVAILABLE,EVD-9187B237E25E6B5C,2026-08-22,NO,CURRENT ELIGIBILITY MUST NOT BE BACK-PROJECTED HISTORICALLY
LIST-0495D6B1B264BD18,SC-4E66F21CCAAD145F,FUND-F6BF8D2C6898DD1D,IE00B4ND3602,B4ND360,London Stock Exchange,XLON,IGLN,USD,USD,1,11/Apr/2011,ACTIVE_OBSERVED_ON_CURRENT_LSE_INSTRUMENT_AND_ISSUER_PAGES,2026-08-22,MEDIUM,GOLD,DUP-GOLD,NOT_FOUND,NOT_AVAILABLE,NOT_AVAILABLE,NOT_AVAILABLE,EVD-0FFBE289C2E411CD;EVD-4DD09953A5A2C6F7;EVD-4EF5BD7888DDA30C;EVD-5502DD01B5A60B06;EVD-5A19F59E96FA43CE;EVD-741217064F0E368A,2026-08-22,NO,CURRENT ELIGIBILITY MUST NOT BE BACK-PROJECTED HISTORICALLY
LIST-0553A668F657BF70,SC-8885E910E6A8CF45,FUND-EB7A6A967272227B,IE00BYZK4883,NOT_AVAILABLE,London Stock Exchange,XLON,DGTL,USD,USD,1,NOT_AVAILABLE,ACTIVE_OBSERVED_IN_CURRENT_LSE_SNAPSHOT,2026-08-22,HIGH,GLOBAL_TECHNOLOGY,DUP-GLOBAL_TECHNOLOGY,NOT_FOUND,NOT_AVAILABLE,NOT_AVAILABLE,NOT_AVAILABLE,EVD-0FFBE289C2E411CD;EVD-7CABDE8ECC2AD68F;EVD-C8AC84410D51D02B,2026-08-22,NO,CURRENT ELIGIBILITY MUST NOT BE BACK-PROJECTED HISTORICALLY
LIST-05EDAC3D48E97BAD,SC-6A83A9916B224132,FUND-0189B25A4FCFB148,IE00BWBXM617,NOT_AVAILABLE,London Stock Exchange,XLON,GXLV,GBP,GBX,0.01,NOT_AVAILABLE,ACTIVE_OBSERVED_IN_CURRENT_LSE_SNAPSHOT,2026-08-22,HIGH,US_HEALTHCARE,DUP-US_HEALTHCARE,NOT_FOUND,NOT_AVAILABLE,NOT_AVAILABLE,NOT_AVAILABLE,EVD-0C5BDB318AC79822,2026-08-22,NO,CURRENT ELIGIBILITY MUST NOT BE BACK-PROJECTED HISTORICALLY
LIST-0693F1085590B573,SC-445B10913D12816C,FUND-7ABE37E3A097D45E,IE00BMH5XY61,NOT_AVAILABLE,London Stock Exchange,XLON,EBIG,GBP,GBX,0.01,NOT_AVAILABLE,ACTIVE_OBSERVED_IN_CURRENT_LSE_SNAPSHOT,2026-08-22,HIGH,GLOBAL_RETAIL,DUP-GLOBAL_RETAIL,NOT_FOUND,NOT_AVAILABLE,NOT_AVAILABLE,NOT_AVAILABLE,EVD-0B58F81C4555E7C8,2026-08-22,NO,CURRENT ELIGIBILITY MUST NOT BE BACK-PROJECTED HISTORICALLY
LIST-086829639EECA6FD,SC-CB2468350D7BAC15,FUND-C758EFEBA9C7F622,LU1646360971,NOT_AVAILABLE,London Stock Exchange,XLON,MFEX,GBP,GBX,0.01,NOT_AVAILABLE,ACTIVE_OBSERVED_IN_CURRENT_LSE_SNAPSHOT,2026-08-22,HIGH,EUROZONE,DUP-EUROZONE,NOT_FOUND,NOT_AVAILABLE,NOT_AVAILABLE,NOT_AVAILABLE,EVD-4AE0CB96D1C0A4DD,2026-08-22,NO,CURRENT ELIGIBILITY MUST NOT BE BACK-PROJECTED HISTORICALLY
LIST-0874ED091C522428,SC-863DBEB98CCF0155,FUND-FF81D6D974FBB80B,IE00BQQP9G91,NOT_AVAILABLE,London Stock Exchange,XLON,GDXJ,USD,USD,1,NOT_AVAILABLE,ACTIVE_OBSERVED_IN_CURRENT_LSE_SNAPSHOT,2026-08-22,HIGH,GLOBAL_GOLD_MINERS,DUP-GLOBAL_GOLD_MINERS,GDXJ,2021-05-20,2026-07-13,"daily,minute",EVD-898FCF602D1C485C,2026-08-22,NO,CURRENT ELIGIBILITY MUST NOT BE BACK-PROJECTED HISTORICALLY
LIST-08777EA7F5C168F2,SC-10E314CD595A9F4F,FUND-C758EFEBA9C7F622,LU2573966905,NOT_AVAILABLE,London Stock Exchange,XLON,U127,USD,USD,1,NOT_AVAILABLE,ACTIVE_OBSERVED_IN_CURRENT_LSE_SNAPSHOT,2026-08-22,HIGH,EMERGING_MARKETS,DUP-EMERGING_MARKETS,NOT_FOUND,NOT_AVAILABLE,NOT_AVAILABLE,NOT_AVAILABLE,EVD-4AE0CB96D1C0A4DD,2026-08-22,NO,CURRENT ELIGIBILITY MUST NOT BE BACK-PROJECTED HISTORICALLY
LIST-0894D1C8B6D34E16,SC-9FD5879820C9AB6B,FUND-7ABE37E3A097D45E,IE000WRQ9RR1,NOT_AVAILABLE,London Stock Exchange,XLON,EDEG,GBP,GBX,0.01,NOT_AVAILABLE,ACTIVE_OBSERVED_IN_CURRENT_LSE_SNAPSHOT,2026-08-22,HIGH,EUROPE_AEROSPACE_DEFENCE,DUP-EUROPE_AEROSPACE_DEFENCE,NOT_FOUND,NOT_AVAILABLE,NOT_AVAILABLE,NOT_AVAILABLE,EVD-2B2E092D8EB76897,2026-08-22,NO,CURRENT ELIGIBILITY MUST NOT BE BACK-PROJECTED HISTORICALLY
LIST-08FA4E695817783A,SC-CEB4E71BAAABFAE3,FUND-F26C5F58336A1D6C,IE000OEF25S1,NOT_AVAILABLE,London Stock Exchange,XLON,MWEP,GBP,GBX,0.01,NOT_AVAILABLE,ACTIVE_OBSERVED_IN_CURRENT_LSE_SNAPSHOT,2026-08-22,HIGH,GLOBAL_DEVELOPED_WORLD,DUP-GLOBAL_DEVELOPED_WORLD,NOT_FOUND,NOT_AVAILABLE,NOT_AVAILABLE,NOT_AVAILABLE,EVD-8E74500060C264FE,2026-08-22,NO,CURRENT ELIGIBILITY MUST NOT BE BACK-PROJECTED HISTORICALLY
LIST-098DD076867FA863,SC-31AB294D8690C50F,FUND-70AECA3C35FB043E,IE00BCHWNT26,NOT_AVAILABLE,London Stock Exchange,XLON,XUFN,USD,USD,1,NOT_AVAILABLE,ACTIVE_OBSERVED_IN_CURRENT_LSE_SNAPSHOT,2026-08-22,HIGH,US_FINANCIALS,DUP-US_FINANCIALS,NOT_FOUND,NOT_AVAILABLE,NOT_AVAILABLE,NOT_AVAILABLE,EVD-9187B237E25E6B5C,2026-08-22,NO,CURRENT ELIGIBILITY MUST NOT BE BACK-PROJECTED HISTORICALLY
LIST-09BC2A9B635E8930,SC-002B2B784FF5EC8C,FUND-FF81D6D974FBB80B,NL0009690239,NOT_AVAILABLE,London Stock Exchange,XLON,TRET,USD,USD,1,NOT_AVAILABLE,ACTIVE_OBSERVED_IN_CURRENT_LSE_SNAPSHOT,2026-08-22,HIGH,GLOBAL_REAL_ESTATE,DUP-GLOBAL_REAL_ESTATE,NOT_FOUND,NOT_AVAILABLE,NOT_AVAILABLE,NOT_AVAILABLE,EVD-8B347403996F2BB4,2026-08-22,NO,CURRENT ELIGIBILITY MUST NOT BE BACK-PROJECTED HISTORICALLY
LIST-09BFE872EC807A72,SC-744FB9B5B37C8D2F,FUND-F26C5F58336A1D6C,IE00B60SX402,NOT_AVAILABLE,London Stock Exchange,XLON,RTYS,USD,USD,1,NOT_AVAILABLE,ACTIVE_OBSERVED_IN_CURRENT_LSE_SNAPSHOT,2026-08-22,HIGH,US_SMALL_CAP,DUP-US_SMALL_CAP,NOT_FOUND,NOT_AVAILABLE,NOT_AVAILABLE,NOT_AVAILABLE,EVD-EB0762A0D9B5DA0F,2026-08-22,NO,CURRENT ELIGIBILITY MUST NOT BE BACK-PROJECTED HISTORICALLY
LIST-0A588E9E8E0ED8E3,SC-8C97ECD6C7AE3484,FUND-0189B25A4FCFB148,IE00BYTRR970,NOT_AVAILABLE,London Stock Exchange,XLON,FNCW,GBP,GBX,0.01,NOT_AVAILABLE,ACTIVE_OBSERVED_IN_CURRENT_LSE_SNAPSHOT,2026-08-22,HIGH,EUROPE_FINANCIALS,DUP-EUROPE_FINANCIALS,NOT_FOUND,NOT_AVAILABLE,NOT_AVAILABLE,NOT_AVAILABLE,EVD-99545ABABD127584,2026-08-22,NO,CURRENT ELIGIBILITY MUST NOT BE BACK-PROJECTED HISTORICALLY
LIST-0B1D5F07A1AC7194,SC-588AB60127AB2BB8,FUND-C758EFEBA9C7F622,LU1681044563,NOT_AVAILABLE,London Stock Exchange,XLON,AASU,USD,USD,1,NOT_AVAILABLE,ACTIVE_OBSERVED_IN_CURRENT_LSE_SNAPSHOT,2026-08-22,HIGH,EMERGING_ASIA,DUP-EMERGING_ASIA,NOT_FOUND,NOT_AVAILABLE,NOT_AVAILABLE,NOT_AVAILABLE,EVD-C6354CD55582550B,2026-08-22,NO,CURRENT ELIGIBILITY MUST NOT BE BACK-PROJECTED HISTORICALLY
LIST-0B807835AF1CA13B,SC-91208EB0507CF600,FUND-921F2B499930DD5B,IE000O5M6XO1,NOT_AVAILABLE,London Stock Exchange,XLON,ARCG,GBP,GBX,0.01,NOT_AVAILABLE,ACTIVE_OBSERVED_IN_CURRENT_LSE_SNAPSHOT,2026-08-22,HIGH,GLOBAL_GENOMICS,DUP-GLOBAL_GENOMICS,NOT_FOUND,NOT_AVAILABLE,NOT_AVAILABLE,NOT_AVAILABLE,EVD-C6354CD55582550B,2026-08-22,NO,CURRENT ELIGIBILITY MUST NOT BE BACK-PROJECTED HISTORICALLY
LIST-0B9AF49CADDF5C41,SC-0EAC7E2F8DC0B643,FUND-F9129891FA2DE705,LU1291106356,NOT_AVAILABLE,London Stock Exchange,XLON,EPGB,GBP,GBX,0.01,NOT_AVAILABLE,ACTIVE_OBSERVED_IN_CURRENT_LSE_SNAPSHOT,2026-08-22,HIGH,ASIA_PACIFIC_EX_JAPAN,DUP-ASIA_PACIFIC_EX_JAPAN,NOT_FOUND,NOT_AVAILABLE,NOT_AVAILABLE,NOT_AVAILABLE,EVD-11EF9403F87612E7,2026-08-22,NO,CURRENT ELIGIBILITY MUST NOT BE BACK-PROJECTED HISTORICALLY
LIST-0D38779AC9AC2412,SC-83BEC43E70DAD01D,FUND-70AECA3C35FB043E,IE00BM67HL84,NOT_AVAILABLE,London Stock Exchange,XLON,XDWF,USD,USD,1,NOT_AVAILABLE,ACTIVE_OBSERVED_IN_CURRENT_LSE_SNAPSHOT,2026-08-22,HIGH,GLOBAL_FINANCIALS,DUP-GLOBAL_FINANCIALS,NOT_FOUND,NOT_AVAILABLE,NOT_AVAILABLE,NOT_AVAILABLE,EVD-8D9DB0D7594E3A83,2026-08-22,NO,CURRENT ELIGIBILITY MUST NOT BE BACK-PROJECTED HISTORICALLY
LIST-0E444849ECFBC082,SC-54AD74AA62BF82BD,FUND-E42479B2B86DA0C7,LU0136242590,NOT_AVAILABLE,London Stock Exchange,XLON,UB03,GBP,GBX,0.01,NOT_AVAILABLE,ACTIVE_OBSERVED_IN_CURRENT_LSE_SNAPSHOT,2026-08-22,HIGH,UK_LARGE_CAP,DUP-UK_LARGE_CAP,NOT_FOUND,NOT_AVAILABLE,NOT_AVAILABLE,NOT_AVAILABLE,EVD-8B347403996F2BB4,2026-08-22,NO,CURRENT ELIGIBILITY MUST NOT BE BACK-PROJECTED HISTORICALLY
LIST-0E9745F7EE376E2A,SC-11DD822A66B9CE0D,FUND-4B7680CE52CFA719,IE000Z87ZVJ8,NOT_AVAILABLE,London Stock Exchange,XLON,UYLG,GBP,GBX,0.01,NOT_AVAILABLE,ACTIVE_OBSERVED_IN_CURRENT_LSE_SNAPSHOT,2026-08-22,HIGH,GLOBAL_CORPORATE_IG_GBP_HEDGED,DUP-GLOBAL_CORPORATE_IG_GBP_HEDGED,NOT_FOUND,NOT_AVAILABLE,NOT_AVAILABLE,NOT_AVAILABLE,EVD-5359C33294EB76A9,2026-08-22,NO,CURRENT ELIGIBILITY MUST NOT BE BACK-PROJECTED HISTORICALLY
LIST-0EBB6D5AB0CE0451,SC-964056ABDA173DF8,FUND-BEAA3A82B4C7485E,IE00BFMXVQ44,NOT_AVAILABLE,London Stock Exchange,XLON,VMIG,GBP,GBX,0.01,NOT_AVAILABLE,ACTIVE_OBSERVED_IN_CURRENT_LSE_SNAPSHOT,2026-08-22,HIGH,UK_MID_CAP,DUP-UK_MID_CAP,NOT_FOUND,NOT_AVAILABLE,NOT_AVAILABLE,NOT_AVAILABLE,EVD-898FCF602D1C485C,2026-08-22,NO,CURRENT ELIGIBILITY MUST NOT BE BACK-PROJECTED HISTORICALLY
LIST-0F0B302177314497,SC-5ED9B22778AD858F,FUND-0189B25A4FCFB148,IE00BWBXM385,NOT_AVAILABLE,London Stock Exchange,XLON,SXLP,USD,USD,1,NOT_AVAILABLE,ACTIVE_OBSERVED_IN_CURRENT_LSE_SNAPSHOT,2026-08-22,HIGH,US_CONSUMER_STAPLES,DUP-US_CONSUMER_STAPLES,NOT_FOUND,NOT_AVAILABLE,NOT_AVAILABLE,NOT_AVAILABLE,EVD-0C5BDB318AC79822,2026-08-22,NO,CURRENT ELIGIBILITY MUST NOT BE BACK-PROJECTED HISTORICALLY
LIST-0F58452718072111,SC-B47B272B0D7B7326,FUND-F26C5F58336A1D6C,IE000AIFGRB9,NOT_AVAILABLE,London Stock Exchange,XLON,WDEE,USD,USD,1,NOT_AVAILABLE,ACTIVE_OBSERVED_IN_CURRENT_LSE_SNAPSHOT,2026-08-22,HIGH,GLOBAL_ENERGY,DUP-GLOBAL_ENERGY,NOT_FOUND,NOT_AVAILABLE,NOT_AVAILABLE,NOT_AVAILABLE,EVD-5359C33294EB76A9,2026-08-22,NO,CURRENT ELIGIBILITY MUST NOT BE BACK-PROJECTED HISTORICALLY
LIST-0FD134080DF37455,SC-5E243EA64B456E2B,FUND-C758EFEBA9C7F622,LU1829221024,NOT_AVAILABLE,London Stock Exchange,XLON,NASL,GBP,GBX,0.01,NOT_AVAILABLE,ACTIVE_OBSERVED_IN_CURRENT_LSE_SNAPSHOT,2026-08-22,HIGH,US_NASDAQ_100,DUP-US_NASDAQ_100,NOT_FOUND,NOT_AVAILABLE,NOT_AVAILABLE,NOT_AVAILABLE,EVD-4AE0CB96D1C0A4DD,2026-08-22,NO,CURRENT ELIGIBILITY MUST NOT BE BACK-PROJECTED HISTORICALLY
LIST-0FDDFC474ED53079,SC-08BD323AE562ECB6,FUND-E42479B2B86DA0C7,IE00B77D4428,NOT_AVAILABLE,London Stock Exchange,XLON,UC04,GBP,GBX,0.01,NOT_AVAILABLE,ACTIVE_OBSERVED_IN_CURRENT_LSE_SNAPSHOT,2026-08-22,HIGH,US_TOTAL_MARKET,DUP-US_TOTAL_MARKET,NOT_FOUND,NOT_AVAILABLE,NOT_AVAILABLE,NOT_AVAILABLE,EVD-0C5BDB318AC79822,2026-08-22,NO,CURRENT ELIGIBILITY MUST NOT BE BACK-PROJECTED HISTORICALLY
LIST-10E067F22E77BC82,SC-BB6E65564F486BC6,FUND-E42479B2B86DA0C7,LU3065096839,NOT_AVAILABLE,London Stock Exchange,XLON,SDBH,GBP,GBX,0.01,NOT_AVAILABLE,ACTIVE_OBSERVED_IN_CURRENT_LSE_SNAPSHOT,2026-08-22,HIGH,GLOBAL_BANKS,DUP-GLOBAL_BANKS,NOT_FOUND,NOT_AVAILABLE,NOT_AVAILABLE,NOT_AVAILABLE,EVD-8B347403996F2BB4,2026-08-22,NO,CURRENT ELIGIBILITY MUST NOT BE BACK-PROJECTED HISTORICALLY
LIST-11B3C18222D43385,SC-FA0FBC645873668B,FUND-00EB340FCEBC3AF9,IE000O6Z73N7,NOT_AVAILABLE,London Stock Exchange,XLON,KOID,USD,USD,1,NOT_AVAILABLE,ACTIVE_OBSERVED_IN_CURRENT_LSE_SNAPSHOT,2026-08-22,HIGH,GLOBAL_ROBOTICS_AUTOMATION,DUP-GLOBAL_ROBOTICS_AUTOMATION,KOID,2025-06-05,2026-07-13,daily,EVD-7F35151F25C6502B,2026-08-22,NO,CURRENT ELIGIBILITY MUST NOT BE BACK-PROJECTED HISTORICALLY
LIST-11B8B2C39D890FE3,SC-9162356DDDDCF750,FUND-8E2C2FD5D11EAAF8,IE0003MKK4H3,NOT_AVAILABLE,London Stock Exchange,XLON,GBPG,GBP,GBX,0.01,NOT_AVAILABLE,ACTIVE_OBSERVED_IN_CURRENT_LSE_SNAPSHOT,2026-08-22,HIGH,UK_GILTS_ALL,DUP-UK_GILTS_ALL,NOT_FOUND,NOT_AVAILABLE,NOT_AVAILABLE,NOT_AVAILABLE,EVD-2B2E092D8EB76897,2026-08-22,NO,CURRENT ELIGIBILITY MUST NOT BE BACK-PROJECTED HISTORICALLY
LIST-129068438201AA35,SC-9FD5879820C9AB6B,FUND-7ABE37E3A097D45E,IE000WRQ9RR1,NOT_AVAILABLE,London Stock Exchange,XLON,EDEF,USD,USD,1,NOT_AVAILABLE,ACTIVE_OBSERVED_IN_CURRENT_LSE_SNAPSHOT,2026-08-22,HIGH,EUROPE_AEROSPACE_DEFENCE,DUP-EUROPE_AEROSPACE_DEFENCE,NOT_FOUND,NOT_AVAILABLE,NOT_AVAILABLE,NOT_AVAILABLE,EVD-2B2E092D8EB76897,2026-08-22,NO,CURRENT ELIGIBILITY MUST NOT BE BACK-PROJECTED HISTORICALLY
LIST-12CB0410AD85EE0B,SC-6CEADC58C5A588D4,FUND-D9311B5E45A51304,IE00BLPK3577,NOT_AVAILABLE,London Stock Exchange,XLON,CYSE,GBP,GBX,0.01,NOT_AVAILABLE,ACTIVE_OBSERVED_IN_CURRENT_LSE_SNAPSHOT,2026-08-22,HIGH,GLOBAL_CYBERSECURITY,DUP-GLOBAL_CYBERSECURITY,NOT_FOUND,NOT_AVAILABLE,NOT_AVAILABLE,NOT_AVAILABLE,EVD-923FC54891541369,2026-08-22,NO,CURRENT ELIGIBILITY MUST NOT BE BACK-PROJECTED HISTORICALLY
LIST-12D97A6B27C89061,SC-B615478554F9855E,FUND-0189B25A4FCFB148,IE00BYTRRB94,NOT_AVAILABLE,London Stock Exchange,XLON,HEAW,GBP,GBX,0.01,NOT_AVAILABLE,ACTIVE_OBSERVED_IN_CURRENT_LSE_SNAPSHOT,2026-08-22,HIGH,EUROPE_HEALTHCARE,DUP-EUROPE_HEALTHCARE,NOT_FOUND,NOT_AVAILABLE,NOT_AVAILABLE,NOT_AVAILABLE,EVD-99545ABABD127584,2026-08-22,NO,CURRENT ELIGIBILITY MUST NOT BE BACK-PROJECTED HISTORICALLY
LIST-1347EF4E3AA9B8E6,SC-B33E196848FE7B70,FUND-EB7A6A967272227B,IE000OL3XN92,NOT_AVAILABLE,London Stock Exchange,XLON,FTSA,GBP,GBX,0.01,NOT_AVAILABLE,ACTIVE_OBSERVED_IN_CURRENT_LSE_SNAPSHOT,2026-08-22,HIGH,GLOBAL_ALL_WORLD,DUP-GLOBAL_ALL_WORLD,NOT_FOUND,NOT_AVAILABLE,NOT_AVAILABLE,NOT_AVAILABLE,EVD-0FFBE289C2E411CD;EVD-58ABD1292954CE0A;EVD-A2829503C96506F8,2026-08-22,NO,CURRENT ELIGIBILITY MUST NOT BE BACK-PROJECTED HISTORICALLY
LIST-14C43F80AEE9AAF6,SC-773FF06143525454,FUND-E42479B2B86DA0C7,IE00BD4TY345,NOT_AVAILABLE,London Stock Exchange,XLON,AUAD,GBP,GBX,0.01,NOT_AVAILABLE,ACTIVE_OBSERVED_IN_CURRENT_LSE_SNAPSHOT,2026-08-22,HIGH,AUSTRALIA,DUP-AUSTRALIA,NOT_FOUND,NOT_AVAILABLE,NOT_AVAILABLE,NOT_AVAILABLE,EVD-0C5BDB318AC79822,2026-08-22,NO,CURRENT ELIGIBILITY MUST NOT BE BACK-PROJECTED HISTORICALLY
LIST-151C322B5087CAA2,SC-AA8F15B4E030DAEA,FUND-E42479B2B86DA0C7,IE00B7WK2W23,NOT_AVAILABLE,London Stock Exchange,XLON,UC48,GBP,GBX,0.01,NOT_AVAILABLE,ACTIVE_OBSERVED_IN_CURRENT_LSE_SNAPSHOT,2026-08-22,HIGH,ASIA_PACIFIC_EX_JAPAN,DUP-ASIA_PACIFIC_EX_JAPAN,NOT_FOUND,NOT_AVAILABLE,NOT_AVAILABLE,NOT_AVAILABLE,EVD-0C5BDB318AC79822,2026-08-22,NO,CURRENT ELIGIBILITY MUST NOT BE BACK-PROJECTED HISTORICALLY
LIST-159909F45405FC1F,SC-8B367DBE96FCCA43,FUND-B756E6B19C71172A,IE0001XCFC82,NOT_AVAILABLE,London Stock Exchange,XLON,HIJS,GBP,GBX,0.01,NOT_AVAILABLE,ACTIVE_OBSERVED_IN_CURRENT_LSE_SNAPSHOT,2026-08-22,HIGH,JAPAN,DUP-JAPAN,NOT_FOUND,NOT_AVAILABLE,NOT_AVAILABLE,NOT_AVAILABLE,EVD-C0EF477187E75E39,2026-08-22,NO,CURRENT ELIGIBILITY MUST NOT BE BACK-PROJECTED HISTORICALLY
LIST-15EFE66021270152,SC-851230D7E4FC3D3C,FUND-B756E6B19C71172A,IE00B3Z0X395,NOT_AVAILABLE,London Stock Exchange,XLON,HKOD,USD,USD,1,NOT_AVAILABLE,ACTIVE_OBSERVED_IN_CURRENT_LSE_SNAPSHOT,2026-08-22,HIGH,SOUTH_KOREA,DUP-SOUTH_KOREA,NOT_FOUND,NOT_AVAILABLE,NOT_AVAILABLE,NOT_AVAILABLE,EVD-C0EF477187E75E39,2026-08-22,NO,CURRENT ELIGIBILITY MUST NOT BE BACK-PROJECTED HISTORICALLY
LIST-1651384C2D972103,SC-863DBEB98CCF0155,FUND-FF81D6D974FBB80B,IE00BQQP9G91,NOT_AVAILABLE,London Stock Exchange,XLON,GJGB,GBP,GBX,0.01,NOT_AVAILABLE,ACTIVE_OBSERVED_IN_CURRENT_LSE_SNAPSHOT,2026-08-22,HIGH,GLOBAL_GOLD_MINERS,DUP-GLOBAL_GOLD_MINERS,NOT_FOUND,NOT_AVAILABLE,NOT_AVAILABLE,NOT_AVAILABLE,EVD-898FCF602D1C485C,2026-08-22,NO,CURRENT ELIGIBILITY MUST NOT BE BACK-PROJECTED HISTORICALLY
LIST-167310210B197CB6,SC-759C705FB2E2F1B7,FUND-F26C5F58336A1D6C,IE00B5MTWD60,NOT_AVAILABLE,London Stock Exchange,XLON,X7PP,GBP,GBX,0.01,NOT_AVAILABLE,ACTIVE_OBSERVED_IN_CURRENT_LSE_SNAPSHOT,2026-08-22,HIGH,GLOBAL_BANKS,DUP-GLOBAL_BANKS,NOT_FOUND,NOT_AVAILABLE,NOT_AVAILABLE,NOT_AVAILABLE,EVD-EB0762A0D9B5DA0F,2026-08-22,NO,CURRENT ELIGIBILITY MUST NOT BE BACK-PROJECTED HISTORICALLY
LIST-16761B7C4D8B6157,SC-27193B1490ED3E99,FUND-F26C5F58336A1D6C,IE0003RA2ZR3,NOT_AVAILABLE,London Stock Exchange,XLON,FASA,GBP,GBX,0.01,NOT_AVAILABLE,ACTIVE_OBSERVED_IN_CURRENT_LSE_SNAPSHOT,2026-08-22,HIGH,UK_BROAD_MARKET,DUP-UK_BROAD_MARKET,NOT_FOUND,NOT_AVAILABLE,NOT_AVAILABLE,NOT_AVAILABLE,EVD-8E74500060C264FE,2026-08-22,NO,CURRENT ELIGIBILITY MUST NOT BE BACK-PROJECTED HISTORICALLY
LIST-16F263797C9D1364,SC-C08D34CCD7465C09,FUND-12C5018C9F5DCE7E,IE00B4WXJK79,B4WXJK7,London Stock Exchange,XLON,IGLS,GBP,GBX,0.01,20/Apr/2009,ACTIVE_OBSERVED_IN_CURRENT_LSE_SNAPSHOT,2026-08-22,HIGH,UK_GILTS_SHORT,DUP-UK_GILTS_SHORT,NOT_FOUND,NOT_AVAILABLE,NOT_AVAILABLE,NOT_AVAILABLE,EVD-003E95EC5913E5C3;EVD-0FFBE289C2E411CD;EVD-2EFD17387DC25F88;EVD-CA16B461ECF155D1,2026-08-22,NO,CURRENT ELIGIBILITY MUST NOT BE BACK-PROJECTED HISTORICALLY
LIST-17B9CF3B34090732,SC-692E6C6756F61A83,FUND-FF81D6D974FBB80B,IE000M7V94E1,NOT_AVAILABLE,London Stock Exchange,XLON,NUCG,GBP,GBX,0.01,NOT_AVAILABLE,ACTIVE_OBSERVED_IN_CURRENT_LSE_SNAPSHOT,2026-08-22,HIGH,GLOBAL_URANIUM_NUCLEAR,DUP-GLOBAL_URANIUM_NUCLEAR,NOT_FOUND,NOT_AVAILABLE,NOT_AVAILABLE,NOT_AVAILABLE,EVD-898FCF602D1C485C,2026-08-22,NO,CURRENT ELIGIBILITY MUST NOT BE BACK-PROJECTED HISTORICALLY
LIST-17BC8AE00309BD01,SC-BC9273E5DA39E33A,FUND-D9311B5E45A51304,IE000017NMH7,NOT_AVAILABLE,London Stock Exchange,XLON,WDAP,GBP,GBX,0.01,NOT_AVAILABLE,ACTIVE_OBSERVED_IN_CURRENT_LSE_SNAPSHOT,2026-08-22,HIGH,GLOBAL_AEROSPACE_DEFENCE,DUP-GLOBAL_AEROSPACE_DEFENCE,NOT_FOUND,NOT_AVAILABLE,NOT_AVAILABLE,NOT_AVAILABLE,EVD-923FC54891541369,2026-08-22,NO,CURRENT ELIGIBILITY MUST NOT BE BACK-PROJECTED HISTORICALLY
LIST-1821C281785E558D,SC-9BADE13D1A289D12,FUND-D9311B5E45A51304,JE00B1VS3770,NOT_AVAILABLE,London Stock Exchange,XLON,PHAU,USD,USD,1,NOT_AVAILABLE,ACTIVE_OBSERVED_IN_CURRENT_LSE_SNAPSHOT,2026-08-22,HIGH,GOLD,DUP-GOLD,NOT_FOUND,NOT_AVAILABLE,NOT_AVAILABLE,NOT_AVAILABLE,EVD-CF03F645051142B8,2026-08-22,NO,CURRENT ELIGIBILITY MUST NOT BE BACK-PROJECTED HISTORICALLY
LIST-18C7B2A4E53599C0,SC-BEDCD9475D3DD476,FUND-F26C5F58336A1D6C,IE000L00POB4,NOT_AVAILABLE,London Stock Exchange,XLON,XONS,GBP,GBX,0.01,NOT_AVAILABLE,ACTIVE_OBSERVED_IN_CURRENT_LSE_SNAPSHOT,2026-08-22,HIGH,USD_OVERNIGHT_CASH,DUP-USD_OVERNIGHT_CASH,NOT_FOUND,NOT_AVAILABLE,NOT_AVAILABLE,NOT_AVAILABLE,EVD-EB0762A0D9B5DA0F,2026-08-22,NO,CURRENT ELIGIBILITY MUST NOT BE BACK-PROJECTED HISTORICALLY
LIST-199C796491CF16FB,SC-327BF5AA5C5FABAE,FUND-F55543B5D3F6B899,IE00BD9MMC32,NOT_AVAILABLE,London Stock Exchange,XLON,JG15,GBP,GBX,0.01,NOT_AVAILABLE,ACTIVE_OBSERVED_IN_CURRENT_LSE_SNAPSHOT,2026-08-22,HIGH,UK_GILTS_SHORT,DUP-UK_GILTS_SHORT,NOT_FOUND,NOT_AVAILABLE,NOT_AVAILABLE,NOT_AVAILABLE,EVD-4136C1B9EDCF9746,2026-08-22,NO,CURRENT ELIGIBILITY MUST NOT BE BACK-PROJECTED HISTORICALLY
LIST-1AC9B28C0B24B587,SC-C6DAC8E0E3CCB1C7,FUND-BEAA3A82B4C7485E,IE000GTBEXG4,NOT_AVAILABLE,London Stock Exchange,XLON,VRSA,USD,USD,1,NOT_AVAILABLE,ACTIVE_OBSERVED_IN_CURRENT_LSE_SNAPSHOT,2026-08-22,HIGH,US_SMALL_CAP,DUP-US_SMALL_CAP,NOT_FOUND,NOT_AVAILABLE,NOT_AVAILABLE,NOT_AVAILABLE,EVD-898FCF602D1C485C,2026-08-22,NO,CURRENT ELIGIBILITY MUST NOT BE BACK-PROJECTED HISTORICALLY
LIST-1BB0C5BE00A3A1AC,SC-F63AD1E709876DE7,FUND-F26C5F58336A1D6C,IE00BQ70R696,NOT_AVAILABLE,London Stock Exchange,XLON,SBIX,GBP,GBX,0.01,NOT_AVAILABLE,ACTIVE_OBSERVED_IN_CURRENT_LSE_SNAPSHOT,2026-08-22,HIGH,GLOBAL_BIOTECHNOLOGY,DUP-GLOBAL_BIOTECHNOLOGY,NOT_FOUND,NOT_AVAILABLE,NOT_AVAILABLE,NOT_AVAILABLE,EVD-EB0762A0D9B5DA0F,2026-08-22,NO,CURRENT ELIGIBILITY MUST NOT BE BACK-PROJECTED HISTORICALLY
LIST-1BF065AC19F5F0AA,SC-09FE7BA76A5D10D1,FUND-75D49E6BCADC4645,IE000KG7KXI7,NOT_AVAILABLE,London Stock Exchange,XLON,USFN,USD,USD,1,NOT_AVAILABLE,ACTIVE_OBSERVED_IN_CURRENT_LSE_SNAPSHOT,2026-08-22,HIGH,US_FINANCIALS,DUP-US_FINANCIALS,NOT_FOUND,NOT_AVAILABLE,NOT_AVAILABLE,NOT_AVAILABLE,EVD-0B58F81C4555E7C8,2026-08-22,NO,CURRENT ELIGIBILITY MUST NOT BE BACK-PROJECTED HISTORICALLY
LIST-1C24094321A21C6D,SC-CE0CE96667393931,FUND-B987074B21334B3F,IE000BLN64M9,NOT_AVAILABLE,London Stock Exchange,XLON,ENTR,USD,USD,1,NOT_AVAILABLE,ACTIVE_OBSERVED_IN_CURRENT_LSE_SNAPSHOT,2026-08-22,HIGH,GLOBAL_CLEAN_ENERGY,DUP-GLOBAL_CLEAN_ENERGY,ENTR,2021-05-20,2024-08-28,daily,EVD-4AE0CB96D1C0A4DD,2026-08-22,NO,CURRENT ELIGIBILITY MUST NOT BE BACK-PROJECTED HISTORICALLY
LIST-1CF5210AB6DDED31,SC-39F2044CE350C5B2,FUND-E42479B2B86DA0C7,LU0446734104,NOT_AVAILABLE,London Stock Exchange,XLON,UB12,GBP,GBX,0.01,NOT_AVAILABLE,ACTIVE_OBSERVED_IN_CURRENT_LSE_SNAPSHOT,2026-08-22,HIGH,EUROPE_BROAD,DUP-EUROPE_BROAD,NOT_FOUND,NOT_AVAILABLE,NOT_AVAILABLE,NOT_AVAILABLE,EVD-8B347403996F2BB4,2026-08-22,NO,CURRENT ELIGIBILITY MUST NOT BE BACK-PROJECTED HISTORICALLY
LIST-1DF079A997361115,SC-C5AA89C46C419706,FUND-AF22D94F198F81DE,IE00B1TXK627,B1TXK62,London Stock Exchange,XLON,IH2O,GBP,GBX,0.01,19/Mar/2007,ACTIVE_OBSERVED_IN_CURRENT_LSE_SNAPSHOT,2026-08-22,HIGH,GLOBAL_WATER,DUP-GLOBAL_WATER,NOT_FOUND,NOT_AVAILABLE,NOT_AVAILABLE,NOT_AVAILABLE,EVD-0FFBE289C2E411CD;EVD-122FE01516E35A8D;EVD-1F28C1471876308C;EVD-A2829503C96506F8,2026-08-22,NO,CURRENT ELIGIBILITY MUST NOT BE BACK-PROJECTED HISTORICALLY
LIST-1E0E76458C390561,SC-DB1FAFA497596B92,FUND-F26C5F58336A1D6C,IE00B3Q19T94,NOT_AVAILABLE,London Stock Exchange,XLON,S7XP,GBP,GBX,0.01,NOT_AVAILABLE,ACTIVE_OBSERVED_IN_CURRENT_LSE_SNAPSHOT,2026-08-22,HIGH,EUROPE_BANKS,DUP-EUROPE_BANKS,NOT_FOUND,NOT_AVAILABLE,NOT_AVAILABLE,NOT_AVAILABLE,EVD-EB0762A0D9B5DA0F,2026-08-22,NO,CURRENT ELIGIBILITY MUST NOT BE BACK-PROJECTED HISTORICALLY
LIST-1F27185B7C397A87,SC-ADAA7956B7E5C997,FUND-BB6B7E7B9401E72D,IE00BWZN1T31,BWZN1T3,London Stock Exchange,XLON,EMUU,USD,USD,1,03/Jul/2015,ACTIVE_OBSERVED_IN_CURRENT_LSE_SNAPSHOT,2026-08-22,HIGH,EUROZONE_USD_HEDGED,DUP-EUROZONE_USD_HEDGED,NOT_FOUND,NOT_AVAILABLE,NOT_AVAILABLE,NOT_AVAILABLE,EVD-0FFBE289C2E411CD;EVD-5B59C5D002034062;EVD-68AF95DBD271E81A;EVD-BCFFF53E5CE208CE,2026-08-22,NO,CURRENT ELIGIBILITY MUST NOT BE BACK-PROJECTED HISTORICALLY
LIST-1F3DA6CEEC3DD9B3,SC-BB3A17143612384D,FUND-F26C5F58336A1D6C,IE00BG0TQ445,NOT_AVAILABLE,London Stock Exchange,XLON,GLT5,GBP,GBX,0.01,NOT_AVAILABLE,ACTIVE_OBSERVED_IN_CURRENT_LSE_SNAPSHOT,2026-08-22,HIGH,UK_GILTS_SHORT,DUP-UK_GILTS_SHORT,NOT_FOUND,NOT_AVAILABLE,NOT_AVAILABLE,NOT_AVAILABLE,EVD-B8D85809D7E97B44,2026-08-22,NO,CURRENT ELIGIBILITY MUST NOT BE BACK-PROJECTED HISTORICALLY
LIST-1F9D1BC1AE3D8869,SC-E61511B1D2D64B4A,FUND-F26C5F58336A1D6C,IE00BM8QRZ79,NOT_AVAILABLE,London Stock Exchange,XLON,RAYS,GBP,GBX,0.01,NOT_AVAILABLE,ACTIVE_OBSERVED_IN_CURRENT_LSE_SNAPSHOT,2026-08-22,HIGH,GLOBAL_SOLAR,DUP-GLOBAL_SOLAR,RAYS,2021-09-09,2025-08-22,daily,EVD-5359C33294EB76A9,2026-08-22,NO,CURRENT ELIGIBILITY MUST NOT BE BACK-PROJECTED HISTORICALLY
LIST-2063F4BF7B1AC629,SC-D0E2C28EF158D438,FUND-EB7A6A967272227B,IE00BD3V0B10,NOT_AVAILABLE,London Stock Exchange,XLON,BNKS,USD,USD,1,NOT_AVAILABLE,ACTIVE_OBSERVED_IN_CURRENT_LSE_SNAPSHOT,2026-08-22,HIGH,US_BANKS,DUP-US_BANKS,NOT_FOUND,NOT_AVAILABLE,NOT_AVAILABLE,NOT_AVAILABLE,EVD-0FFBE289C2E411CD;EVD-5119A92C1186A297;EVD-C5043C2C0E99672C,2026-08-22,NO,CURRENT ELIGIBILITY MUST NOT BE BACK-PROJECTED HISTORICALLY
LIST-20AF85F6C4103BEB,SC-8B35089C19FC0263,FUND-EB7A6A967272227B,IE00BYZK4552,NOT_AVAILABLE,London Stock Exchange,XLON,RBOT,USD,USD,1,NOT_AVAILABLE,ACTIVE_OBSERVED_IN_CURRENT_LSE_SNAPSHOT,2026-08-22,HIGH,GLOBAL_ROBOTICS_AUTOMATION,DUP-GLOBAL_ROBOTICS_AUTOMATION,RBOT,2021-09-20,2026-03-02,daily,EVD-0FFBE289C2E411CD;EVD-B295451B6FD33A28;EVD-C8AC84410D51D02B,2026-08-22,NO,CURRENT ELIGIBILITY MUST NOT BE BACK-PROJECTED HISTORICALLY
LIST-20C007D3E31CD2C1,SC-B567AB131D3844A8,FUND-62FD00F4EAE03DD2,IE000Y187J49,NOT_AVAILABLE,London Stock Exchange,XLON,RNTA,USD,USD,1,NOT_AVAILABLE,ACTIVE_OBSERVED_IN_CURRENT_LSE_SNAPSHOT,2026-08-22,HIGH,LATIN_AMERICA,DUP-LATIN_AMERICA,NOT_FOUND,NOT_AVAILABLE,NOT_AVAILABLE,NOT_AVAILABLE,EVD-2B2E092D8EB76897;EVD-A6E53D0318F1EF38,2026-08-22,NO,CURRENT ELIGIBILITY MUST NOT BE BACK-PROJECTED HISTORICALLY
LIST-21D764C192F668A2,SC-DDAA0C8B676D50AE,FUND-00EB340FCEBC3AF9,IE0009ZB3ZX2,NOT_AVAILABLE,London Stock Exchange,XLON,KWBI,USD,USD,1,NOT_AVAILABLE,ACTIVE_OBSERVED_IN_CURRENT_LSE_SNAPSHOT,2026-08-22,HIGH,CHINA_INTERNET,DUP-CHINA_INTERNET,NOT_FOUND,NOT_AVAILABLE,NOT_AVAILABLE,NOT_AVAILABLE,EVD-7F35151F25C6502B,2026-08-22,NO,CURRENT ELIGIBILITY MUST NOT BE BACK-PROJECTED HISTORICALLY
LIST-2235AE89F7D1D869,SC-F3FD4226D1993839,FUND-F26C5F58336A1D6C,IE000LFC57H7,NOT_AVAILABLE,London Stock Exchange,XLON,MWIM,USD,USD,1,NOT_AVAILABLE,ACTIVE_OBSERVED_IN_CURRENT_LSE_SNAPSHOT,2026-08-22,HIGH,GLOBAL_ALL_WORLD,DUP-GLOBAL_ALL_WORLD,NOT_FOUND,NOT_AVAILABLE,NOT_AVAILABLE,NOT_AVAILABLE,EVD-B8D85809D7E97B44,2026-08-22,NO,CURRENT ELIGIBILITY MUST NOT BE BACK-PROJECTED HISTORICALLY
LIST-225823B6B1E77BCE,SC-11002317FA1836EA,FUND-D9311B5E45A51304,JE00B24DMC49,NOT_AVAILABLE,London Stock Exchange,XLON,FAIG,USD,USD,1,NOT_AVAILABLE,ACTIVE_OBSERVED_IN_CURRENT_LSE_SNAPSHOT,2026-08-22,HIGH,BROAD_COMMODITIES,DUP-BROAD_COMMODITIES,NOT_FOUND,NOT_AVAILABLE,NOT_AVAILABLE,NOT_AVAILABLE,EVD-4921408E7142F4D1,2026-08-22,NO,CURRENT ELIGIBILITY MUST NOT BE BACK-PROJECTED HISTORICALLY
LIST-239F438A52A4F146,SC-8DD8824480EE2DBE,FUND-484FAC57D622413A,IE0008LRGGP4,NOT_AVAILABLE,London Stock Exchange,XLON,PFFI,USD,USD,1,NOT_AVAILABLE,ACTIVE_OBSERVED_IN_CURRENT_LSE_SNAPSHOT,2026-08-22,HIGH,GLOBAL_INFRASTRUCTURE,DUP-GLOBAL_INFRASTRUCTURE,NOT_FOUND,NOT_AVAILABLE,NOT_AVAILABLE,NOT_AVAILABLE,EVD-A6E53D0318F1EF38,2026-08-22,NO,CURRENT ELIGIBILITY MUST NOT BE BACK-PROJECTED HISTORICALLY
LIST-23ACE91F4A613A41,SC-CB248A7FCBB012E2,FUND-E42479B2B86DA0C7,CH0346134395,NOT_AVAILABLE,London Stock Exchange,XLON,GLDU,USD,USD,1,NOT_AVAILABLE,ACTIVE_OBSERVED_IN_CURRENT_LSE_SNAPSHOT,2026-08-22,HIGH,GOLD,DUP-GOLD,NOT_FOUND,NOT_AVAILABLE,NOT_AVAILABLE,NOT_AVAILABLE,EVD-4921408E7142F4D1,2026-08-22,NO,CURRENT ELIGIBILITY MUST NOT BE BACK-PROJECTED HISTORICALLY
LIST-246AAEC8C5BB63AE,SC-DF9D9916045DF967,FUND-D8DFAF359D3A1B94,IE00BFD2H405,NOT_AVAILABLE,London Stock Exchange,XLON,SKYU,USD,USD,1,NOT_AVAILABLE,ACTIVE_OBSERVED_IN_CURRENT_LSE_SNAPSHOT,2026-08-22,HIGH,GLOBAL_SOFTWARE,DUP-GLOBAL_SOFTWARE,SKYU,2021-05-20,2026-07-13,daily,EVD-3D157DD46A6981D3,2026-08-22,NO,CURRENT ELIGIBILITY MUST NOT BE BACK-PROJECTED HISTORICALLY
LIST-24A51C4861261B03,SC-9D5DD3F02B520CD6,FUND-F26C5F58336A1D6C,IE0032077012,NOT_AVAILABLE,London Stock Exchange,XLON,EQQU,USD,USD,1,NOT_AVAILABLE,ACTIVE_OBSERVED_IN_CURRENT_LSE_SNAPSHOT,2026-08-22,HIGH,US_NASDAQ_100,DUP-US_NASDAQ_100,NOT_FOUND,NOT_AVAILABLE,NOT_AVAILABLE,NOT_AVAILABLE,EVD-5359C33294EB76A9,2026-08-22,NO,CURRENT ELIGIBILITY MUST NOT BE BACK-PROJECTED HISTORICALLY
LIST-25852B7891F766BD,SC-FDDE497A1E1E3B9D,FUND-8B7CBF6C2067F7EB,IE00B6R52036,B6R51R3,London Stock Exchange,XLON,SPGP,GBP,GBX,0.01,19/Sept/2011,ACTIVE_OBSERVED_IN_CURRENT_LSE_SNAPSHOT,2026-08-22,HIGH,GLOBAL_GOLD_MINERS,DUP-GLOBAL_GOLD_MINERS,SPGP,2021-05-20,2026-07-13,daily,EVD-0FFBE289C2E411CD;EVD-BF3FFB5CD5A7D4D9;EVD-C5043C2C0E99672C;EVD-ECB47C9C4CC3FD3D,2026-08-22,NO,CURRENT ELIGIBILITY MUST NOT BE BACK-PROJECTED HISTORICALLY
LIST-278E24AEE35E549F,SC-CBE5C890EB5E375A,FUND-FF81D6D974FBB80B,IE0007Y8Y157,NOT_AVAILABLE,London Stock Exchange,XLON,QNTG,GBP,GBX,0.01,NOT_AVAILABLE,ACTIVE_OBSERVED_IN_CURRENT_LSE_SNAPSHOT,2026-08-22,HIGH,GLOBAL_QUANTUM_COMPUTING,DUP-GLOBAL_QUANTUM_COMPUTING,NOT_FOUND,NOT_AVAILABLE,NOT_AVAILABLE,NOT_AVAILABLE,EVD-898FCF602D1C485C,2026-08-22,NO,CURRENT ELIGIBILITY MUST NOT BE BACK-PROJECTED HISTORICALLY
LIST-27E8F8C60045F94A,SC-E7AE0ADA4C756130,FUND-EB7A6A967272227B,IE0006H7HTU4,NOT_AVAILABLE,London Stock Exchange,XLON,SCSH,GBP,GBX,0.01,NOT_AVAILABLE,ACTIVE_OBSERVED_IN_CURRENT_LSE_SNAPSHOT,2026-08-22,HIGH,GBP_OVERNIGHT_CASH,DUP-GBP_OVERNIGHT_CASH,NOT_FOUND,NOT_AVAILABLE,NOT_AVAILABLE,NOT_AVAILABLE,EVD-0FFBE289C2E411CD;EVD-18C3E7E8600B4E66;EVD-BCFFF53E5CE208CE,2026-08-22,NO,CURRENT ELIGIBILITY MUST NOT BE BACK-PROJECTED HISTORICALLY
LIST-28425B1137FCB053,SC-91208EB0507CF600,FUND-921F2B499930DD5B,IE000O5M6XO1,NOT_AVAILABLE,London Stock Exchange,XLON,ARKG,USD,USD,1,NOT_AVAILABLE,ACTIVE_OBSERVED_IN_CURRENT_LSE_SNAPSHOT,2026-08-22,HIGH,GLOBAL_GENOMICS,DUP-GLOBAL_GENOMICS,ARKG,2021-05-20,2026-07-13,"daily,minute",EVD-C6354CD55582550B,2026-08-22,NO,CURRENT ELIGIBILITY MUST NOT BE BACK-PROJECTED HISTORICALLY
LIST-2942C24D82643BE6,SC-9C25A93401072F4C,FUND-EB7A6A967272227B,IE0002FCUS29,NOT_AVAILABLE,London Stock Exchange,XLON,ISAD,GBP,GBX,0.01,NOT_AVAILABLE,ACTIVE_OBSERVED_IN_CURRENT_LSE_SNAPSHOT,2026-08-22,HIGH,GLOBAL_ALL_WORLD,DUP-GLOBAL_ALL_WORLD,NOT_FOUND,NOT_AVAILABLE,NOT_AVAILABLE,NOT_AVAILABLE,EVD-0FFBE289C2E411CD;EVD-C5043C2C0E99672C;EVD-C6C0FB3B4BCC8F31,2026-08-22,NO,CURRENT ELIGIBILITY MUST NOT BE BACK-PROJECTED HISTORICALLY
LIST-2AD6F3AF3E653C09,SC-51B319FBCD60D86C,FUND-0189B25A4FCFB148,IE00BYTRRD19,NOT_AVAILABLE,London Stock Exchange,XLON,TECW,GBP,GBX,0.01,NOT_AVAILABLE,ACTIVE_OBSERVED_IN_CURRENT_LSE_SNAPSHOT,2026-08-22,HIGH,EUROPE_TECHNOLOGY,DUP-EUROPE_TECHNOLOGY,NOT_FOUND,NOT_AVAILABLE,NOT_AVAILABLE,NOT_AVAILABLE,EVD-99545ABABD127584,2026-08-22,NO,CURRENT ELIGIBILITY MUST NOT BE BACK-PROJECTED HISTORICALLY
LIST-2B347B78BAC9F605,SC-445D66E38F1207ED,FUND-8B7CBF6C2067F7EB,IE00B6R51Z18,B6R51Q2,London Stock Exchange,XLON,SPOG,GBP,GBX,0.01,19/Sept/2011,ACTIVE_OBSERVED_IN_CURRENT_LSE_SNAPSHOT,2026-08-22,HIGH,GLOBAL_OIL_GAS,DUP-GLOBAL_OIL_GAS,SPOG,2025-11-17,2026-07-13,daily,EVD-0FFBE289C2E411CD;EVD-4108D5407172F755;EVD-C5043C2C0E99672C;EVD-D66D55DAE313F422,2026-08-22,NO,CURRENT ELIGIBILITY MUST NOT BE BACK-PROJECTED HISTORICALLY
LIST-2B57489521C17B52,SC-C292687DE8684621,FUND-D9311B5E45A51304,GB00B15KY989,NOT_AVAILABLE,London Stock Exchange,XLON,AIGC,USD,USD,1,NOT_AVAILABLE,ACTIVE_OBSERVED_IN_CURRENT_LSE_SNAPSHOT,2026-08-22,HIGH,BROAD_COMMODITIES,DUP-BROAD_COMMODITIES,NOT_FOUND,NOT_AVAILABLE,NOT_AVAILABLE,NOT_AVAILABLE,EVD-4921408E7142F4D1,2026-08-22,NO,CURRENT ELIGIBILITY MUST NOT BE BACK-PROJECTED HISTORICALLY
LIST-2C869C1113E6DBCD,SC-2E125BCEE806464A,FUND-D8DFAF359D3A1B94,IE00BF16M727,NOT_AVAILABLE,London Stock Exchange,XLON,FCBR,GBP,GBX,0.01,NOT_AVAILABLE,ACTIVE_OBSERVED_IN_CURRENT_LSE_SNAPSHOT,2026-08-22,HIGH,GLOBAL_CYBERSECURITY,DUP-GLOBAL_CYBERSECURITY,NOT_FOUND,NOT_AVAILABLE,NOT_AVAILABLE,NOT_AVAILABLE,EVD-C700056C10DB9EF8,2026-08-22,NO,CURRENT ELIGIBILITY MUST NOT BE BACK-PROJECTED HISTORICALLY
LIST-2D6F57C59C562F73,SC-A791A5D7AEAE4168,FUND-BEAA3A82B4C7485E,IE00B945VV12,NOT_AVAILABLE,London Stock Exchange,XLON,VEUR,GBP,GBX,0.01,NOT_AVAILABLE,ACTIVE_OBSERVED_IN_CURRENT_LSE_SNAPSHOT,2026-08-22,HIGH,EUROPE_BROAD,DUP-EUROPE_BROAD,NOT_FOUND,NOT_AVAILABLE,NOT_AVAILABLE,NOT_AVAILABLE,EVD-898FCF602D1C485C,2026-08-22,NO,CURRENT ELIGIBILITY MUST NOT BE BACK-PROJECTED HISTORICALLY
LIST-2E968146BF2204DD,SC-1EA0A11448D98A58,FUND-B987074B21334B3F,IE00BFXR5W90,NOT_AVAILABLE,London Stock Exchange,XLON,LGAP,USD,USD,1,NOT_AVAILABLE,ACTIVE_OBSERVED_IN_CURRENT_LSE_SNAPSHOT,2026-08-22,HIGH,ASIA_PACIFIC_EX_JAPAN,DUP-ASIA_PACIFIC_EX_JAPAN,NOT_FOUND,NOT_AVAILABLE,NOT_AVAILABLE,NOT_AVAILABLE,EVD-7F35151F25C6502B,2026-08-22,NO,CURRENT ELIGIBILITY MUST NOT BE BACK-PROJECTED HISTORICALLY
LIST-2EA0EED7FE05C823,SC-61C5DB953E66EAAB,FUND-F9129891FA2DE705,LU3047998896,NOT_AVAILABLE,London Stock Exchange,XLON,GUAR,EUR,EUR,1,NOT_AVAILABLE,ACTIVE_OBSERVED_IN_CURRENT_LSE_SNAPSHOT,2026-08-22,HIGH,EUROPE_AEROSPACE_DEFENCE,DUP-EUROPE_AEROSPACE_DEFENCE,NOT_FOUND,NOT_AVAILABLE,NOT_AVAILABLE,NOT_AVAILABLE,EVD-11EF9403F87612E7,2026-08-22,NO,CURRENT ELIGIBILITY MUST NOT BE BACK-PROJECTED HISTORICALLY
LIST-2ED0A8D7C387ED7B,SC-15DFCDE03C89216B,FUND-D9311B5E45A51304,IE00BDF12W49,NOT_AVAILABLE,London Stock Exchange,XLON,DEMR,USD,USD,1,NOT_AVAILABLE,ACTIVE_OBSERVED_IN_CURRENT_LSE_SNAPSHOT,2026-08-22,HIGH,EMERGING_MARKETS,DUP-EMERGING_MARKETS,NOT_FOUND,NOT_AVAILABLE,NOT_AVAILABLE,NOT_AVAILABLE,EVD-923FC54891541369,2026-08-22,NO,CURRENT ELIGIBILITY MUST NOT BE BACK-PROJECTED HISTORICALLY
LIST-3370C031BF030EA3,SC-C6DAC8E0E3CCB1C7,FUND-BEAA3A82B4C7485E,IE000GTBEXG4,NOT_AVAILABLE,London Stock Exchange,XLON,VRSG,GBP,GBX,0.01,NOT_AVAILABLE,ACTIVE_OBSERVED_IN_CURRENT_LSE_SNAPSHOT,2026-08-22,HIGH,US_SMALL_CAP,DUP-US_SMALL_CAP,NOT_FOUND,NOT_AVAILABLE,NOT_AVAILABLE,NOT_AVAILABLE,EVD-898FCF602D1C485C,2026-08-22,NO,CURRENT ELIGIBILITY MUST NOT BE BACK-PROJECTED HISTORICALLY
LIST-349881A2616D6E64,SC-F3FD4226D1993839,FUND-F26C5F58336A1D6C,IE000LFC57H7,NOT_AVAILABLE,London Stock Exchange,XLON,MWIX,GBP,GBX,0.01,NOT_AVAILABLE,ACTIVE_OBSERVED_IN_CURRENT_LSE_SNAPSHOT,2026-08-22,HIGH,GLOBAL_ALL_WORLD,DUP-GLOBAL_ALL_WORLD,NOT_FOUND,NOT_AVAILABLE,NOT_AVAILABLE,NOT_AVAILABLE,EVD-B8D85809D7E97B44,2026-08-22,NO,CURRENT ELIGIBILITY MUST NOT BE BACK-PROJECTED HISTORICALLY
LIST-3608E856D3184EE3,SC-0592CC5988B85F69,FUND-70AECA3C35FB043E,IE000L6ZMMC4,NOT_AVAILABLE,London Stock Exchange,XLON,ALLW,USD,USD,1,NOT_AVAILABLE,ACTIVE_OBSERVED_IN_CURRENT_LSE_SNAPSHOT,2026-08-22,HIGH,GLOBAL_ALL_WORLD,DUP-GLOBAL_ALL_WORLD,ALLW,2025-03-06,2026-07-13,daily,EVD-9187B237E25E6B5C,2026-08-22,NO,CURRENT ELIGIBILITY MUST NOT BE BACK-PROJECTED HISTORICALLY
LIST-3705293A4CDB5B85,SC-5808793C0BBF5B74,FUND-F26C5F58336A1D6C,IE00B42Q4896,NOT_AVAILABLE,London Stock Exchange,XLON,XLFS,USD,USD,1,NOT_AVAILABLE,ACTIVE_OBSERVED_IN_CURRENT_LSE_SNAPSHOT,2026-08-22,HIGH,US_FINANCIALS,DUP-US_FINANCIALS,NOT_FOUND,NOT_AVAILABLE,NOT_AVAILABLE,NOT_AVAILABLE,EVD-EB0762A0D9B5DA0F,2026-08-22,NO,CURRENT ELIGIBILITY MUST NOT BE BACK-PROJECTED HISTORICALLY
LIST-3731D2CC25847C3C,SC-FC67965773E16721,FUND-BEAA3A82B4C7485E,IE00BK5BQV03,NOT_AVAILABLE,London Stock Exchange,XLON,VHVG,GBP,GBX,0.01,NOT_AVAILABLE,ACTIVE_OBSERVED_IN_CURRENT_LSE_SNAPSHOT,2026-08-22,HIGH,GLOBAL_DEVELOPED_WORLD,DUP-GLOBAL_DEVELOPED_WORLD,NOT_FOUND,NOT_AVAILABLE,NOT_AVAILABLE,NOT_AVAILABLE,EVD-898FCF602D1C485C,2026-08-22,NO,CURRENT ELIGIBILITY MUST NOT BE BACK-PROJECTED HISTORICALLY
LIST-376048A636B6BA6B,SC-2ED209BD4C1472B9,FUND-B756E6B19C71172A,IE0007HPIXG8,NOT_AVAILABLE,London Stock Exchange,XLON,HCAU,USD,USD,1,NOT_AVAILABLE,ACTIVE_OBSERVED_IN_CURRENT_LSE_SNAPSHOT,2026-08-22,HIGH,CHINA_BROAD_USD_HEDGED,DUP-CHINA_BROAD_USD_HEDGED,NOT_FOUND,NOT_AVAILABLE,NOT_AVAILABLE,NOT_AVAILABLE,EVD-C0EF477187E75E39,2026-08-22,NO,CURRENT ELIGIBILITY MUST NOT BE BACK-PROJECTED HISTORICALLY
LIST-37B33B52E9EAEF69,SC-35F41B788FEE73F4,FUND-D9311B5E45A51304,IE000LCKJ888,NOT_AVAILABLE,London Stock Exchange,XLON,WPAI,USD,USD,1,NOT_AVAILABLE,ACTIVE_OBSERVED_IN_CURRENT_LSE_SNAPSHOT,2026-08-22,HIGH,GLOBAL_AI,DUP-GLOBAL_AI,NOT_FOUND,NOT_AVAILABLE,NOT_AVAILABLE,NOT_AVAILABLE,EVD-923FC54891541369,2026-08-22,NO,CURRENT ELIGIBILITY MUST NOT BE BACK-PROJECTED HISTORICALLY
LIST-38A9A7E263239093,SC-6D894C66EBEF6CAB,FUND-0189B25A4FCFB148,IE00BKWQ0G16,NOT_AVAILABLE,London Stock Exchange,XLON,FNCE,GBP,GBX,0.01,NOT_AVAILABLE,ACTIVE_OBSERVED_IN_CURRENT_LSE_SNAPSHOT,2026-08-22,HIGH,EUROPE_FINANCIALS,DUP-EUROPE_FINANCIALS,NOT_FOUND,NOT_AVAILABLE,NOT_AVAILABLE,NOT_AVAILABLE,EVD-99545ABABD127584,2026-08-22,NO,CURRENT ELIGIBILITY MUST NOT BE BACK-PROJECTED HISTORICALLY
LIST-38B24DB6BAB7A1F3,SC-597743DB92477229,FUND-D8DFAF359D3A1B94,IE00BL0L0H60,NOT_AVAILABLE,London Stock Exchange,XLON,FBT,GBP,GBX,0.01,NOT_AVAILABLE,ACTIVE_OBSERVED_IN_CURRENT_LSE_SNAPSHOT,2026-08-22,HIGH,GLOBAL_BIOTECHNOLOGY,DUP-GLOBAL_BIOTECHNOLOGY,FBT,2021-05-20,2026-07-13,daily,EVD-C700056C10DB9EF8,2026-08-22,NO,CURRENT ELIGIBILITY MUST NOT BE BACK-PROJECTED HISTORICALLY
LIST-3979D25BDFEFE759,SC-0592CC5988B85F69,FUND-70AECA3C35FB043E,IE000L6ZMMC4,NOT_AVAILABLE,London Stock Exchange,XLON,ALLG,GBP,GBX,0.01,NOT_AVAILABLE,ACTIVE_OBSERVED_IN_CURRENT_LSE_SNAPSHOT,2026-08-22,HIGH,GLOBAL_ALL_WORLD,DUP-GLOBAL_ALL_WORLD,ALLG,2022-03-17,2024-08-22,daily,EVD-9187B237E25E6B5C,2026-08-22,NO,CURRENT ELIGIBILITY MUST NOT BE BACK-PROJECTED HISTORICALLY
LIST-39EC7752F7A5AC09,SC-588AB60127AB2BB8,FUND-C758EFEBA9C7F622,LU1681044563,NOT_AVAILABLE,London Stock Exchange,XLON,AASG,GBP,GBX,0.01,NOT_AVAILABLE,ACTIVE_OBSERVED_IN_CURRENT_LSE_SNAPSHOT,2026-08-22,HIGH,EMERGING_ASIA,DUP-EMERGING_ASIA,NOT_FOUND,NOT_AVAILABLE,NOT_AVAILABLE,NOT_AVAILABLE,EVD-C6354CD55582550B,2026-08-22,NO,CURRENT ELIGIBILITY MUST NOT BE BACK-PROJECTED HISTORICALLY
LIST-39F3D5E03C816B48,SC-7DF8E64B36B22397,FUND-FF81D6D974FBB80B,IE00BMC38736,NOT_AVAILABLE,London Stock Exchange,XLON,SMH,USD,USD,1,NOT_AVAILABLE,ACTIVE_OBSERVED_IN_CURRENT_LSE_SNAPSHOT,2026-08-22,HIGH,GLOBAL_SEMICONDUCTORS,DUP-GLOBAL_SEMICONDUCTORS,SMH,,2026-07-13,"daily,minute",EVD-898FCF602D1C485C,2026-08-22,NO,CURRENT ELIGIBILITY MUST NOT BE BACK-PROJECTED HISTORICALLY
LIST-3A0970FE97A0DCB8,SC-304BF9EE56963C20,FUND-1CE38F53B0B1849F,IE00B0M63391,B0M6339,London Stock Exchange,XLON,IKOR,GBP,GBX,0.01,18/Nov/2005,ACTIVE_OBSERVED_IN_CURRENT_LSE_SNAPSHOT,2026-08-22,HIGH,SOUTH_KOREA,DUP-SOUTH_KOREA,NOT_FOUND,NOT_AVAILABLE,NOT_AVAILABLE,NOT_AVAILABLE,EVD-0FFBE289C2E411CD;EVD-25AE7FA9A40A72C3;EVD-5C29C156253041E4;EVD-A4DE90620BC0EBFF,2026-08-22,NO,CURRENT ELIGIBILITY MUST NOT BE BACK-PROJECTED HISTORICALLY
LIST-3A822D65AEFA4ACF,SC-B3150C51BC5C4964,FUND-70AECA3C35FB043E,LU0875160326,NOT_AVAILABLE,London Stock Exchange,XLON,RQFI,GBP,GBX,0.01,NOT_AVAILABLE,ACTIVE_OBSERVED_IN_CURRENT_LSE_SNAPSHOT,2026-08-22,HIGH,CHINA_A_SHARES,DUP-CHINA_A_SHARES,NOT_FOUND,NOT_AVAILABLE,NOT_AVAILABLE,NOT_AVAILABLE,EVD-4D687259B8938442,2026-08-22,NO,CURRENT ELIGIBILITY MUST NOT BE BACK-PROJECTED HISTORICALLY
LIST-3B2BB2A89099F3A0,SC-C215008C6D5F5934,FUND-B756E6B19C71172A,IE000JZ473P7,NOT_AVAILABLE,London Stock Exchange,XLON,HSPA,USD,USD,1,NOT_AVAILABLE,ACTIVE_OBSERVED_IN_CURRENT_LSE_SNAPSHOT,2026-08-22,HIGH,US_BROAD_LARGE_CAP,DUP-US_BROAD_LARGE_CAP,NOT_FOUND,NOT_AVAILABLE,NOT_AVAILABLE,NOT_AVAILABLE,EVD-B8D85809D7E97B44,2026-08-22,NO,CURRENT ELIGIBILITY MUST NOT BE BACK-PROJECTED HISTORICALLY
LIST-3B49095AA9CDD79E,SC-B7E637523F428BA3,FUND-E42479B2B86DA0C7,LU1852212965,NOT_AVAILABLE,London Stock Exchange,XLON,MDBU,GBP,GBX,0.01,NOT_AVAILABLE,ACTIVE_OBSERVED_IN_CURRENT_LSE_SNAPSHOT,2026-08-22,HIGH,GLOBAL_BANKS,DUP-GLOBAL_BANKS,NOT_FOUND,NOT_AVAILABLE,NOT_AVAILABLE,NOT_AVAILABLE,EVD-8B347403996F2BB4,2026-08-22,NO,CURRENT ELIGIBILITY MUST NOT BE BACK-PROJECTED HISTORICALLY
LIST-3BF8BE429D6B3596,SC-B0C74B9486C62C24,FUND-1CE38F53B0B1849F,IE00B02KXH56,B02KXH5,London Stock Exchange,XLON,IJPN,GBP,GBX,0.01,01/Oct/2004,ACTIVE_OBSERVED_IN_CURRENT_LSE_SNAPSHOT,2026-08-22,HIGH,JAPAN,DUP-JAPAN,NOT_FOUND,NOT_AVAILABLE,NOT_AVAILABLE,NOT_AVAILABLE,EVD-0FFBE289C2E411CD;EVD-343BE65148346870;EVD-45620BC7955AF089;EVD-A4DE90620BC0EBFF,2026-08-22,NO,CURRENT ELIGIBILITY MUST NOT BE BACK-PROJECTED HISTORICALLY
LIST-3BFD23CDBB957B4F,SC-D8FE64CBF714E248,FUND-E42479B2B86DA0C7,LU0480132876,NOT_AVAILABLE,London Stock Exchange,XLON,UB32,GBP,GBX,0.01,NOT_AVAILABLE,ACTIVE_OBSERVED_IN_CURRENT_LSE_SNAPSHOT,2026-08-22,HIGH,EMERGING_MARKETS,DUP-EMERGING_MARKETS,NOT_FOUND,NOT_AVAILABLE,NOT_AVAILABLE,NOT_AVAILABLE,EVD-8B347403996F2BB4,2026-08-22,NO,CURRENT ELIGIBILITY MUST NOT BE BACK-PROJECTED HISTORICALLY
LIST-3D8F5FA30E80506F,SC-BABC716018E5B102,FUND-12C5018C9F5DCE7E,IE00B4WXJD03,B4WXJD0,London Stock Exchange,XLON,IPXJ,USD,USD,1,20/Apr/2009,ACTIVE_OBSERVED_IN_CURRENT_LSE_SNAPSHOT,2026-08-22,HIGH,DEVELOPED_ASIA_PACIFIC,DUP-DEVELOPED_ASIA_PACIFIC,NOT_FOUND,NOT_AVAILABLE,NOT_AVAILABLE,NOT_AVAILABLE,EVD-0FFBE289C2E411CD;EVD-B87989868A47F893;EVD-C6055A644D37AD19;EVD-CA16B461ECF155D1,2026-08-22,NO,CURRENT ELIGIBILITY MUST NOT BE BACK-PROJECTED HISTORICALLY
LIST-3DBB97D81A984200,SC-0AC72F12318417FB,FUND-8B7CBF6C2067F7EB,IE00B3ZW0K18,B3ZW0K1,London Stock Exchange,XLON,IUSE,EUR,EUR,1,01/Oct/2010,ACTIVE_OBSERVED_IN_CURRENT_LSE_SNAPSHOT,2026-08-22,HIGH,US_BROAD_LARGE_CAP_EUR_HEDGED,DUP-US_BROAD_LARGE_CAP_EUR_HEDGED,NOT_FOUND,NOT_AVAILABLE,NOT_AVAILABLE,NOT_AVAILABLE,EVD-0FFBE289C2E411CD;EVD-3817CC0744A0D5C6;EVD-C5043C2C0E99672C;EVD-F64676478CA06FE3,2026-08-22,NO,CURRENT ELIGIBILITY MUST NOT BE BACK-PROJECTED HISTORICALLY
LIST-3DBC2BFCFED3FB85,SC-C94C4A601821697D,FUND-C4CF53935E7B120A,LU0259322260,NOT_AVAILABLE,London Stock Exchange,XLON,GOLB,GBP,GBX,0.01,NOT_AVAILABLE,ACTIVE_OBSERVED_IN_CURRENT_LSE_SNAPSHOT,2026-08-22,HIGH,GLOBAL_GOLD_MINERS,DUP-GLOBAL_GOLD_MINERS,NOT_FOUND,NOT_AVAILABLE,NOT_AVAILABLE,NOT_AVAILABLE,EVD-4AE0CB96D1C0A4DD,2026-08-22,NO,CURRENT ELIGIBILITY MUST NOT BE BACK-PROJECTED HISTORICALLY
LIST-3E69056636F6E8B5,SC-A079FEAF635058CC,FUND-C758EFEBA9C7F622,LU1220245556,NOT_AVAILABLE,London Stock Exchange,XLON,PAXG,GBP,GBX,0.01,NOT_AVAILABLE,ACTIVE_OBSERVED_IN_CURRENT_LSE_SNAPSHOT,2026-08-22,HIGH,ASIA_PACIFIC_EX_JAPAN,DUP-ASIA_PACIFIC_EX_JAPAN,NOT_FOUND,NOT_AVAILABLE,NOT_AVAILABLE,NOT_AVAILABLE,EVD-44E73C12472C3C50,2026-08-22,NO,CURRENT ELIGIBILITY MUST NOT BE BACK-PROJECTED HISTORICALLY
LIST-3EEB8E9FBFF33C15,SC-FDB0EA4E64831511,FUND-70AECA3C35FB043E,IE00BDVPTJ63,NOT_AVAILABLE,London Stock Exchange,XLON,XUFB,GBP,GBX,0.01,NOT_AVAILABLE,ACTIVE_OBSERVED_IN_CURRENT_LSE_SNAPSHOT,2026-08-22,HIGH,US_BANKS,DUP-US_BANKS,NOT_FOUND,NOT_AVAILABLE,NOT_AVAILABLE,NOT_AVAILABLE,EVD-9187B237E25E6B5C,2026-08-22,NO,CURRENT ELIGIBILITY MUST NOT BE BACK-PROJECTED HISTORICALLY
LIST-3F1844E5386867A8,SC-1DA41B1667301C82,FUND-C758EFEBA9C7F622,LU3038520774,NOT_AVAILABLE,London Stock Exchange,XLON,DEFE,GBP,GBX,0.01,NOT_AVAILABLE,ACTIVE_OBSERVED_IN_CURRENT_LSE_SNAPSHOT,2026-08-22,HIGH,EUROPE_AEROSPACE_DEFENCE,DUP-EUROPE_AEROSPACE_DEFENCE,NOT_FOUND,NOT_AVAILABLE,NOT_AVAILABLE,NOT_AVAILABLE,EVD-C6354CD55582550B,2026-08-22,NO,CURRENT ELIGIBILITY MUST NOT BE BACK-PROJECTED HISTORICALLY
LIST-3F51D9A38D7BCB23,SC-BA1A24E80BB3FD38,FUND-0189B25A4FCFB148,IE00BYTRR863,NOT_AVAILABLE,London Stock Exchange,XLON,ENGW,GBP,GBX,0.01,NOT_AVAILABLE,ACTIVE_OBSERVED_IN_CURRENT_LSE_SNAPSHOT,2026-08-22,HIGH,EUROPE_ENERGY,DUP-EUROPE_ENERGY,NOT_FOUND,NOT_AVAILABLE,NOT_AVAILABLE,NOT_AVAILABLE,EVD-99545ABABD127584,2026-08-22,NO,CURRENT ELIGIBILITY MUST NOT BE BACK-PROJECTED HISTORICALLY
LIST-4193A29415B3D2A7,SC-2EDB8848EEF83B47,FUND-9DB42C7E2FFD77B8,IE000DWHL026,NOT_AVAILABLE,London Stock Exchange,XLON,PQUS,USD,USD,1,NOT_AVAILABLE,ACTIVE_OBSERVED_IN_CURRENT_LSE_SNAPSHOT,2026-08-22,HIGH,US_AI,DUP-US_AI,PQUS,2026-02-26,2026-07-13,daily,EVD-A7780916EAF12900,2026-08-22,NO,CURRENT ELIGIBILITY MUST NOT BE BACK-PROJECTED HISTORICALLY
LIST-4199B66BA69D27D8,SC-22D0507E85458063,FUND-7ABE37E3A097D45E,IE000BWKUES1,NOT_AVAILABLE,London Stock Exchange,XLON,AQWA,USD,USD,1,NOT_AVAILABLE,ACTIVE_OBSERVED_IN_CURRENT_LSE_SNAPSHOT,2026-08-22,HIGH,GLOBAL_WATER,DUP-GLOBAL_WATER,AQWA,2021-05-20,2026-07-13,daily,EVD-0B58F81C4555E7C8,2026-08-22,NO,CURRENT ELIGIBILITY MUST NOT BE BACK-PROJECTED HISTORICALLY
LIST-41CF9FA344F46558,SC-4338618524D682A8,FUND-B756E6B19C71172A,IE00B51B7Z02,NOT_AVAILABLE,London Stock Exchange,XLON,HCAD,USD,USD,1,NOT_AVAILABLE,ACTIVE_OBSERVED_IN_CURRENT_LSE_SNAPSHOT,2026-08-22,HIGH,CANADA,DUP-CANADA,NOT_FOUND,NOT_AVAILABLE,NOT_AVAILABLE,NOT_AVAILABLE,EVD-C0EF477187E75E39,2026-08-22,NO,CURRENT ELIGIBILITY MUST NOT BE BACK-PROJECTED HISTORICALLY
LIST-41F6B703AB52B010,SC-E4A748FC4DF81B4A,FUND-BB6B7E7B9401E72D,IE00B52SF786,BJWHZQ2,London Stock Exchange,XLON,CCAU,USD,USD,1,02/Apr/2014,ACTIVE_OBSERVED_IN_CURRENT_LSE_SNAPSHOT,2026-08-22,HIGH,CANADA,DUP-CANADA,NOT_FOUND,NOT_AVAILABLE,NOT_AVAILABLE,NOT_AVAILABLE,EVD-0FFBE289C2E411CD;EVD-840B6B0A04FDAA18;EVD-BCFFF53E5CE208CE;EVD-CB77D3C6272F8CB7,2026-08-22,NO,CURRENT ELIGIBILITY MUST NOT BE BACK-PROJECTED HISTORICALLY
LIST-423383BC958C5AFC,SC-925443E9DAA0708A,FUND-7ABE37E3A097D45E,IE00BLCHJ641,NOT_AVAILABLE,London Stock Exchange,XLON,PAVG,GBP,GBX,0.01,NOT_AVAILABLE,ACTIVE_OBSERVED_IN_CURRENT_LSE_SNAPSHOT,2026-08-22,HIGH,GLOBAL_INFRASTRUCTURE,DUP-GLOBAL_INFRASTRUCTURE,NOT_FOUND,NOT_AVAILABLE,NOT_AVAILABLE,NOT_AVAILABLE,EVD-2B2E092D8EB76897,2026-08-22,NO,CURRENT ELIGIBILITY MUST NOT BE BACK-PROJECTED HISTORICALLY
LIST-428EEB5250E2241F,SC-8064D995D0BA0D29,FUND-62FD00F4EAE03DD2,IE000C7EUDG1,NOT_AVAILABLE,London Stock Exchange,XLON,ADEF,GBP,GBX,0.01,NOT_AVAILABLE,ACTIVE_OBSERVED_IN_CURRENT_LSE_SNAPSHOT,2026-08-22,HIGH,GLOBAL_AEROSPACE_DEFENCE,DUP-GLOBAL_AEROSPACE_DEFENCE,NOT_FOUND,NOT_AVAILABLE,NOT_AVAILABLE,NOT_AVAILABLE,EVD-A6E53D0318F1EF38,2026-08-22,NO,CURRENT ELIGIBILITY MUST NOT BE BACK-PROJECTED HISTORICALLY
LIST-44697DEE94120EBA,SC-93B5C19A4B73C9B2,FUND-C758EFEBA9C7F622,LU1900068328,NOT_AVAILABLE,London Stock Exchange,XLON,AEJL,GBP,GBX,0.01,NOT_AVAILABLE,ACTIVE_OBSERVED_IN_CURRENT_LSE_SNAPSHOT,2026-08-22,HIGH,ASIA_PACIFIC_EX_JAPAN,DUP-ASIA_PACIFIC_EX_JAPAN,NOT_FOUND,NOT_AVAILABLE,NOT_AVAILABLE,NOT_AVAILABLE,EVD-44E73C12472C3C50,2026-08-22,NO,CURRENT ELIGIBILITY MUST NOT BE BACK-PROJECTED HISTORICALLY
LIST-453053B9F255A64F,SC-C6EA6C9840AA6A13,FUND-BEAA3A82B4C7485E,IE00BH04GL39,NOT_AVAILABLE,London Stock Exchange,XLON,VETA,GBP,GBX,0.01,NOT_AVAILABLE,ACTIVE_OBSERVED_IN_CURRENT_LSE_SNAPSHOT,2026-08-22,HIGH,EUROZONE,DUP-EUROZONE,NOT_FOUND,NOT_AVAILABLE,NOT_AVAILABLE,NOT_AVAILABLE,EVD-898FCF602D1C485C,2026-08-22,NO,CURRENT ELIGIBILITY MUST NOT BE BACK-PROJECTED HISTORICALLY
LIST-454FA7C0F3E866DD,SC-BC9273E5DA39E33A,FUND-D9311B5E45A51304,IE000017NMH7,NOT_AVAILABLE,London Stock Exchange,XLON,WDAF,USD,USD,1,NOT_AVAILABLE,ACTIVE_OBSERVED_IN_CURRENT_LSE_SNAPSHOT,2026-08-22,HIGH,GLOBAL_AEROSPACE_DEFENCE,DUP-GLOBAL_AEROSPACE_DEFENCE,WDAF,2025-09-12,2026-07-13,daily,EVD-923FC54891541369,2026-08-22,NO,CURRENT ELIGIBILITY MUST NOT BE BACK-PROJECTED HISTORICALLY
LIST-45B7715389E65AEA,SC-90A3C0C9D5B3A98E,FUND-C758EFEBA9C7F622,LU1900066033,NOT_AVAILABLE,London Stock Exchange,XLON,SEMU,USD,USD,1,NOT_AVAILABLE,ACTIVE_OBSERVED_IN_CURRENT_LSE_SNAPSHOT,2026-08-22,HIGH,GLOBAL_SEMICONDUCTORS,DUP-GLOBAL_SEMICONDUCTORS,NOT_FOUND,NOT_AVAILABLE,NOT_AVAILABLE,NOT_AVAILABLE,EVD-44E73C12472C3C50,2026-08-22,NO,CURRENT ELIGIBILITY MUST NOT BE BACK-PROJECTED HISTORICALLY
LIST-45C0ABDA7E8CDDA7,SC-B0C74B9486C62C24,FUND-1CE38F53B0B1849F,IE00B02KXH56,B6W3RN0,London Stock Exchange,XLON,IJPU,USD,USD,1,17/Oct/2011,ACTIVE_OBSERVED_IN_CURRENT_LSE_SNAPSHOT,2026-08-22,HIGH,JAPAN,DUP-JAPAN,NOT_FOUND,NOT_AVAILABLE,NOT_AVAILABLE,NOT_AVAILABLE,EVD-0FFBE289C2E411CD;EVD-343BE65148346870;EVD-45620BC7955AF089;EVD-A4DE90620BC0EBFF,2026-08-22,NO,CURRENT ELIGIBILITY MUST NOT BE BACK-PROJECTED HISTORICALLY
LIST-4611ED3A9BEFDA83,SC-A35702D7AAC155E7,FUND-C758EFEBA9C7F622,LU1233598447,NOT_AVAILABLE,London Stock Exchange,XLON,FEDG,GBP,GBX,0.01,NOT_AVAILABLE,ACTIVE_OBSERVED_IN_CURRENT_LSE_SNAPSHOT,2026-08-22,HIGH,USD_OVERNIGHT_CASH,DUP-USD_OVERNIGHT_CASH,NOT_FOUND,NOT_AVAILABLE,NOT_AVAILABLE,NOT_AVAILABLE,EVD-44E73C12472C3C50,2026-08-22,NO,CURRENT ELIGIBILITY MUST NOT BE BACK-PROJECTED HISTORICALLY
LIST-463547CDE35D44A9,SC-16A7F365D42C56B0,FUND-62FD00F4EAE03DD2,IE0008WICO06,NOT_AVAILABLE,London Stock Exchange,XLON,SLVM,USD,USD,1,NOT_AVAILABLE,ACTIVE_OBSERVED_IN_CURRENT_LSE_SNAPSHOT,2026-08-22,HIGH,GLOBAL_SILVER_MINERS,DUP-GLOBAL_SILVER_MINERS,SLVM,2021-10-01,2026-07-13,daily,EVD-A6E53D0318F1EF38,2026-08-22,NO,CURRENT ELIGIBILITY MUST NOT BE BACK-PROJECTED HISTORICALLY
LIST-46B18F918C8A3EAE,SC-DCA4F0F7251B8833,FUND-7ABE37E3A097D45E,IE000JCW3DZ3,NOT_AVAILABLE,London Stock Exchange,XLON,ARMR,USD,USD,1,NOT_AVAILABLE,ACTIVE_OBSERVED_IN_CURRENT_LSE_SNAPSHOT,2026-08-22,HIGH,GLOBAL_AEROSPACE_DEFENCE,DUP-GLOBAL_AEROSPACE_DEFENCE,ARMR,2021-05-20,2023-12-27,daily,EVD-0B58F81C4555E7C8,2026-08-22,NO,CURRENT ELIGIBILITY MUST NOT BE BACK-PROJECTED HISTORICALLY
LIST-46BC33DA04837011,SC-3AA348E8038E44AF,FUND-D9311B5E45A51304,JE00BN2CJ301,NOT_AVAILABLE,London Stock Exchange,XLON,GLDW,GBP,GBX,0.01,NOT_AVAILABLE,ACTIVE_OBSERVED_IN_CURRENT_LSE_SNAPSHOT,2026-08-22,HIGH,GOLD,DUP-GOLD,GLDW,2025-10-30,2026-07-13,daily,EVD-CF03F645051142B8,2026-08-22,NO,CURRENT ELIGIBILITY MUST NOT BE BACK-PROJECTED HISTORICALLY
LIST-46D83CB76AD483DA,SC-75AC0D78572F9283,FUND-B987074B21334B3F,IE00BLRPQM83,NOT_AVAILABLE,London Stock Exchange,XLON,GBPC,GBP,GBX,0.01,NOT_AVAILABLE,ACTIVE_OBSERVED_IN_CURRENT_LSE_SNAPSHOT,2026-08-22,HIGH,GBP_CORPORATE_IG,DUP-GBP_CORPORATE_IG,NOT_FOUND,NOT_AVAILABLE,NOT_AVAILABLE,NOT_AVAILABLE,EVD-7F35151F25C6502B,2026-08-22,NO,CURRENT ELIGIBILITY MUST NOT BE BACK-PROJECTED HISTORICALLY
LIST-47685F3F662B1CA1,SC-51B319FBCD60D86C,FUND-0189B25A4FCFB148,IE00BYTRRD19,NOT_AVAILABLE,London Stock Exchange,XLON,WTEC,USD,USD,1,NOT_AVAILABLE,ACTIVE_OBSERVED_IN_CURRENT_LSE_SNAPSHOT,2026-08-22,HIGH,EUROPE_TECHNOLOGY,DUP-EUROPE_TECHNOLOGY,NOT_FOUND,NOT_AVAILABLE,NOT_AVAILABLE,NOT_AVAILABLE,EVD-99545ABABD127584,2026-08-22,NO,CURRENT ELIGIBILITY MUST NOT BE BACK-PROJECTED HISTORICALLY
LIST-47C681729BDD3191,SC-A98540C1FCF4746A,FUND-D9311B5E45A51304,IE00BJGWQN72,NOT_AVAILABLE,London Stock Exchange,XLON,KLWD,GBP,GBX,0.01,NOT_AVAILABLE,ACTIVE_OBSERVED_IN_CURRENT_LSE_SNAPSHOT,2026-08-22,HIGH,GLOBAL_SOFTWARE,DUP-GLOBAL_SOFTWARE,NOT_FOUND,NOT_AVAILABLE,NOT_AVAILABLE,NOT_AVAILABLE,EVD-923FC54891541369,2026-08-22,NO,CURRENT ELIGIBILITY MUST NOT BE BACK-PROJECTED HISTORICALLY
LIST-482798B7304DD8E8,SC-61C5DB953E66EAAB,FUND-F9129891FA2DE705,LU3047998896,NOT_AVAILABLE,London Stock Exchange,XLON,GUGB,GBP,GBX,0.01,NOT_AVAILABLE,ACTIVE_OBSERVED_IN_CURRENT_LSE_SNAPSHOT,2026-08-22,HIGH,EUROPE_AEROSPACE_DEFENCE,DUP-EUROPE_AEROSPACE_DEFENCE,NOT_FOUND,NOT_AVAILABLE,NOT_AVAILABLE,NOT_AVAILABLE,EVD-11EF9403F87612E7,2026-08-22,NO,CURRENT ELIGIBILITY MUST NOT BE BACK-PROJECTED HISTORICALLY
LIST-48CFC440342C7B51,SC-254040107C84B292,FUND-B987074B21334B3F,IE00B4WPHX27,NOT_AVAILABLE,London Stock Exchange,XLON,COMF,USD,USD,1,NOT_AVAILABLE,ACTIVE_OBSERVED_IN_CURRENT_LSE_SNAPSHOT,2026-08-22,HIGH,BROAD_COMMODITIES,DUP-BROAD_COMMODITIES,NOT_FOUND,NOT_AVAILABLE,NOT_AVAILABLE,NOT_AVAILABLE,EVD-7F35151F25C6502B,2026-08-22,NO,CURRENT ELIGIBILITY MUST NOT BE BACK-PROJECTED HISTORICALLY
LIST-495822A4AE4E7D97,SC-B3913482067BF0FB,FUND-E42479B2B86DA0C7,IE000KLSD4Y8,NOT_AVAILABLE,London Stock Exchange,XLON,WRDG,GBP,GBX,0.01,NOT_AVAILABLE,ACTIVE_OBSERVED_IN_CURRENT_LSE_SNAPSHOT,2026-08-22,HIGH,GLOBAL_DEVELOPED_WORLD,DUP-GLOBAL_DEVELOPED_WORLD,NOT_FOUND,NOT_AVAILABLE,NOT_AVAILABLE,NOT_AVAILABLE,EVD-0C5BDB318AC79822,2026-08-22,NO,CURRENT ELIGIBILITY MUST NOT BE BACK-PROJECTED HISTORICALLY
LIST-498AEEDC376D8DBC,SC-925443E9DAA0708A,FUND-7ABE37E3A097D45E,IE00BLCHJ641,NOT_AVAILABLE,London Stock Exchange,XLON,PAVU,USD,USD,1,NOT_AVAILABLE,ACTIVE_OBSERVED_IN_CURRENT_LSE_SNAPSHOT,2026-08-22,HIGH,GLOBAL_INFRASTRUCTURE,DUP-GLOBAL_INFRASTRUCTURE,NOT_FOUND,NOT_AVAILABLE,NOT_AVAILABLE,NOT_AVAILABLE,EVD-2B2E092D8EB76897,2026-08-22,NO,CURRENT ELIGIBILITY MUST NOT BE BACK-PROJECTED HISTORICALLY
LIST-49A084A74A221348,SC-304BF9EE56963C20,FUND-1CE38F53B0B1849F,IE00B0M63391,B1CDJZ1,London Stock Exchange,XLON,IDKO,USD,USD,1,18/Nov/2005,ACTIVE_OBSERVED_IN_CURRENT_LSE_SNAPSHOT,2026-08-22,HIGH,SOUTH_KOREA,DUP-SOUTH_KOREA,NOT_FOUND,NOT_AVAILABLE,NOT_AVAILABLE,NOT_AVAILABLE,EVD-0FFBE289C2E411CD;EVD-25AE7FA9A40A72C3;EVD-5C29C156253041E4;EVD-A4DE90620BC0EBFF,2026-08-22,NO,CURRENT ELIGIBILITY MUST NOT BE BACK-PROJECTED HISTORICALLY
LIST-49C5624E5062FBAE,SC-F9F72A02FBAC1193,FUND-7ABE37E3A097D45E,IE00BLCHJN13,NOT_AVAILABLE,London Stock Exchange,XLON,LITU,USD,USD,1,NOT_AVAILABLE,ACTIVE_OBSERVED_IN_CURRENT_LSE_SNAPSHOT,2026-08-22,HIGH,GLOBAL_BATTERY_EV,DUP-GLOBAL_BATTERY_EV,LITU,2026-05-21,2026-07-13,daily,EVD-2B2E092D8EB76897,2026-08-22,NO,CURRENT ELIGIBILITY MUST NOT BE BACK-PROJECTED HISTORICALLY
LIST-4AA9A433486EE3C7,SC-A490F522CB5F071E,FUND-B756E6B19C71172A,IE00B3S1J086,NOT_AVAILABLE,London Stock Exchange,XLON,HTWD,USD,USD,1,NOT_AVAILABLE,ACTIVE_OBSERVED_IN_CURRENT_LSE_SNAPSHOT,2026-08-22,HIGH,TAIWAN,DUP-TAIWAN,NOT_FOUND,NOT_AVAILABLE,NOT_AVAILABLE,NOT_AVAILABLE,EVD-C0EF477187E75E39,2026-08-22,NO,CURRENT ELIGIBILITY MUST NOT BE BACK-PROJECTED HISTORICALLY
LIST-4B3981309820AC7B,SC-7DF8E64B36B22397,FUND-FF81D6D974FBB80B,IE00BMC38736,NOT_AVAILABLE,London Stock Exchange,XLON,SMGB,GBP,GBX,0.01,NOT_AVAILABLE,ACTIVE_OBSERVED_IN_CURRENT_LSE_SNAPSHOT,2026-08-22,HIGH,GLOBAL_SEMICONDUCTORS,DUP-GLOBAL_SEMICONDUCTORS,NOT_FOUND,NOT_AVAILABLE,NOT_AVAILABLE,NOT_AVAILABLE,EVD-898FCF602D1C485C,2026-08-22,NO,CURRENT ELIGIBILITY MUST NOT BE BACK-PROJECTED HISTORICALLY
LIST-4B90B26ABD0D7C0B,SC-15DFCDE03C89216B,FUND-D9311B5E45A51304,IE00BDF12W49,NOT_AVAILABLE,London Stock Exchange,XLON,DEMS,GBP,GBX,0.01,NOT_AVAILABLE,ACTIVE_OBSERVED_IN_CURRENT_LSE_SNAPSHOT,2026-08-22,HIGH,EMERGING_MARKETS,DUP-EMERGING_MARKETS,NOT_FOUND,NOT_AVAILABLE,NOT_AVAILABLE,NOT_AVAILABLE,EVD-923FC54891541369,2026-08-22,NO,CURRENT ELIGIBILITY MUST NOT BE BACK-PROJECTED HISTORICALLY
LIST-4BA5E171F10C97BC,SC-F741A4959AD53AC6,FUND-70AECA3C35FB043E,LU0292109690,NOT_AVAILABLE,London Stock Exchange,XLON,XNID,USD,USD,1,NOT_AVAILABLE,ACTIVE_OBSERVED_IN_CURRENT_LSE_SNAPSHOT,2026-08-22,HIGH,INDIA,DUP-INDIA,NOT_FOUND,NOT_AVAILABLE,NOT_AVAILABLE,NOT_AVAILABLE,EVD-3E667B5F6D1E8B91,2026-08-22,NO,CURRENT ELIGIBILITY MUST NOT BE BACK-PROJECTED HISTORICALLY
LIST-4BDBFC6DFAE0F524,SC-07197820D5223EA6,FUND-EB7A6A967272227B,IE00BF540Y54,NOT_AVAILABLE,London Stock Exchange,XLON,AGBP,GBP,GBX,0.01,NOT_AVAILABLE,ACTIVE_OBSERVED_IN_CURRENT_LSE_SNAPSHOT,2026-08-22,HIGH,GLOBAL_AGGREGATE_BONDS_GBP_HEDGED,DUP-GLOBAL_AGGREGATE_BONDS_GBP_HEDGED,NOT_FOUND,NOT_AVAILABLE,NOT_AVAILABLE,NOT_AVAILABLE,EVD-0FFBE289C2E411CD;EVD-823798E831A1AEDE;EVD-A2829503C96506F8,2026-08-22,NO,CURRENT ELIGIBILITY MUST NOT BE BACK-PROJECTED HISTORICALLY
LIST-4C27B6092CA89DA6,SC-7B5F7E583BF6C306,FUND-70AECA3C35FB043E,IE00BM67HV82,NOT_AVAILABLE,London Stock Exchange,XLON,XWIS,GBP,GBX,0.01,NOT_AVAILABLE,ACTIVE_OBSERVED_IN_CURRENT_LSE_SNAPSHOT,2026-08-22,HIGH,GLOBAL_INDUSTRIALS,DUP-GLOBAL_INDUSTRIALS,NOT_FOUND,NOT_AVAILABLE,NOT_AVAILABLE,NOT_AVAILABLE,EVD-8D9DB0D7594E3A83,2026-08-22,NO,CURRENT ELIGIBILITY MUST NOT BE BACK-PROJECTED HISTORICALLY
LIST-4C46DEBF09E6417B,SC-1C19C29431C39943,FUND-70AECA3C35FB043E,IE000EXUE0G2,NOT_AVAILABLE,London Stock Exchange,XLON,XNDX,GBP,GBX,0.01,NOT_AVAILABLE,ACTIVE_OBSERVED_IN_CURRENT_LSE_SNAPSHOT,2026-08-22,HIGH,US_NASDAQ_100,DUP-US_NASDAQ_100,XNDX,2026-05-07,2026-07-13,daily,EVD-4D687259B8938442,2026-08-22,NO,CURRENT ELIGIBILITY MUST NOT BE BACK-PROJECTED HISTORICALLY
LIST-4CF43ECE3A695F1C,SC-B3150C51BC5C4964,FUND-70AECA3C35FB043E,LU0875160326,NOT_AVAILABLE,London Stock Exchange,XLON,ASHR,USD,USD,1,NOT_AVAILABLE,ACTIVE_OBSERVED_IN_CURRENT_LSE_SNAPSHOT,2026-08-22,HIGH,CHINA_A_SHARES,DUP-CHINA_A_SHARES,ASHR,2021-05-20,2026-07-13,daily,EVD-4D687259B8938442,2026-08-22,NO,CURRENT ELIGIBILITY MUST NOT BE BACK-PROJECTED HISTORICALLY
LIST-4D79D9DDC8F80693,SC-FDDE497A1E1E3B9D,FUND-8B7CBF6C2067F7EB,IE00B6R52036,B6R5203,London Stock Exchange,XLON,IAUP,USD,USD,1,19/Sept/2011,ACTIVE_OBSERVED_IN_CURRENT_LSE_SNAPSHOT,2026-08-22,HIGH,GLOBAL_GOLD_MINERS,DUP-GLOBAL_GOLD_MINERS,NOT_FOUND,NOT_AVAILABLE,NOT_AVAILABLE,NOT_AVAILABLE,EVD-0FFBE289C2E411CD;EVD-BF3FFB5CD5A7D4D9;EVD-C5043C2C0E99672C;EVD-ECB47C9C4CC3FD3D,2026-08-22,NO,CURRENT ELIGIBILITY MUST NOT BE BACK-PROJECTED HISTORICALLY
LIST-4E52213D7D638F58,SC-0D0B228C1C2C30BD,FUND-75D49E6BCADC4645,IE000CM02H85,NOT_AVAILABLE,London Stock Exchange,XLON,FRXT,GBP,GBX,0.01,NOT_AVAILABLE,ACTIVE_OBSERVED_IN_CURRENT_LSE_SNAPSHOT,2026-08-22,HIGH,TAIWAN,DUP-TAIWAN,NOT_FOUND,NOT_AVAILABLE,NOT_AVAILABLE,NOT_AVAILABLE,EVD-0B58F81C4555E7C8,2026-08-22,NO,CURRENT ELIGIBILITY MUST NOT BE BACK-PROJECTED HISTORICALLY
LIST-4E99D98BAA613E0B,SC-A04BF348CF0A259A,FUND-FF81D6D974FBB80B,IE0005TF96I9,NOT_AVAILABLE,London Stock Exchange,XLON,CYBO,USD,USD,1,NOT_AVAILABLE,ACTIVE_OBSERVED_IN_CURRENT_LSE_SNAPSHOT,2026-08-22,HIGH,GLOBAL_ROBOTICS_AUTOMATION,DUP-GLOBAL_ROBOTICS_AUTOMATION,NOT_FOUND,NOT_AVAILABLE,NOT_AVAILABLE,NOT_AVAILABLE,EVD-898FCF602D1C485C,2026-08-22,NO,CURRENT ELIGIBILITY MUST NOT BE BACK-PROJECTED HISTORICALLY
LIST-4EDA5B31CB5A7867,SC-337DDBD147F50AF1,FUND-B987074B21334B3F,IE00BK5BC677,NOT_AVAILABLE,London Stock Exchange,XLON,DOCT,USD,USD,1,NOT_AVAILABLE,ACTIVE_OBSERVED_IN_CURRENT_LSE_SNAPSHOT,2026-08-22,HIGH,GLOBAL_HEALTHCARE,DUP-GLOBAL_HEALTHCARE,DOCT,2021-05-20,2026-07-13,daily,EVD-7F35151F25C6502B,2026-08-22,NO,CURRENT ELIGIBILITY MUST NOT BE BACK-PROJECTED HISTORICALLY
LIST-4FA72165A1AFE602,SC-B38CA8F0824E2985,FUND-BEAA3A82B4C7485E,IE00B3XXRP09,NOT_AVAILABLE,London Stock Exchange,XLON,VUSA,GBP,GBX,0.01,NOT_AVAILABLE,ACTIVE_OBSERVED_IN_CURRENT_LSE_SNAPSHOT,2026-08-22,HIGH,US_BROAD_LARGE_CAP,DUP-US_BROAD_LARGE_CAP,NOT_FOUND,NOT_AVAILABLE,NOT_AVAILABLE,NOT_AVAILABLE,EVD-29A4C72D7B4D1AC1,2026-08-22,NO,CURRENT ELIGIBILITY MUST NOT BE BACK-PROJECTED HISTORICALLY
LIST-4FADAB9E2534CEDE,SC-2BDB85880C104C12,FUND-EB7A6A967272227B,IE0002W8NB38,NOT_AVAILABLE,London Stock Exchange,XLON,MUSD,GBP,GBX,0.01,NOT_AVAILABLE,ACTIVE_OBSERVED_IN_CURRENT_LSE_SNAPSHOT,2026-08-22,HIGH,US_TOTAL_MARKET,DUP-US_TOTAL_MARKET,NOT_FOUND,NOT_AVAILABLE,NOT_AVAILABLE,NOT_AVAILABLE,EVD-0FFBE289C2E411CD;EVD-BCFFF53E5CE208CE;EVD-D49BD4A4608B8DCE,2026-08-22,NO,CURRENT ELIGIBILITY MUST NOT BE BACK-PROJECTED HISTORICALLY
LIST-4FC15E83D8AF2061,SC-1587F085EBA177A2,FUND-12C5018C9F5DCE7E,IE00B4L60H17,B4L6350,London Stock Exchange,XLON,SSXF,EUR,EUR,1,28/Sept/2009,ACTIVE_OBSERVED_IN_CURRENT_LSE_SNAPSHOT,2026-08-22,HIGH,GBP_CORPORATE_IG,DUP-GBP_CORPORATE_IG,NOT_FOUND,NOT_AVAILABLE,NOT_AVAILABLE,NOT_AVAILABLE,EVD-0FFBE289C2E411CD;EVD-8235A4D53A91D1F1;EVD-8EE20748CE2D491D;EVD-CA16B461ECF155D1,2026-08-22,NO,CURRENT ELIGIBILITY MUST NOT BE BACK-PROJECTED HISTORICALLY
LIST-4FF64728A8C3955C,SC-C9BB17C5E720E640,FUND-F26C5F58336A1D6C,IE0000TZZ2B2,NOT_AVAILABLE,London Stock Exchange,XLON,SPWS,USD,USD,1,NOT_AVAILABLE,ACTIVE_OBSERVED_IN_CURRENT_LSE_SNAPSHOT,2026-08-22,HIGH,US_BROAD_LARGE_CAP,DUP-US_BROAD_LARGE_CAP,NOT_FOUND,NOT_AVAILABLE,NOT_AVAILABLE,NOT_AVAILABLE,EVD-EB0762A0D9B5DA0F,2026-08-22,NO,CURRENT ELIGIBILITY MUST NOT BE BACK-PROJECTED HISTORICALLY
LIST-506912D157A18B55,SC-F03D7B22F9E7BFCB,FUND-08C55601F9410E92,IE000WQ5O293,NOT_AVAILABLE,London Stock Exchange,XLON,PAGB,GBP,GBX,0.01,NOT_AVAILABLE,ACTIVE_OBSERVED_IN_CURRENT_LSE_SNAPSHOT,2026-08-22,HIGH,GLOBAL_ALL_WORLD,DUP-GLOBAL_ALL_WORLD,NOT_FOUND,NOT_AVAILABLE,NOT_AVAILABLE,NOT_AVAILABLE,EVD-11EF9403F87612E7,2026-08-22,NO,CURRENT ELIGIBILITY MUST NOT BE BACK-PROJECTED HISTORICALLY
LIST-5072C9105BE9FC30,SC-8064D995D0BA0D29,FUND-62FD00F4EAE03DD2,IE000C7EUDG1,NOT_AVAILABLE,London Stock Exchange,XLON,QUAD,USD,USD,1,NOT_AVAILABLE,ACTIVE_OBSERVED_IN_CURRENT_LSE_SNAPSHOT,2026-08-22,HIGH,GLOBAL_AEROSPACE_DEFENCE,DUP-GLOBAL_AEROSPACE_DEFENCE,QUAD,2021-05-20,2026-07-13,daily,EVD-A6E53D0318F1EF38,2026-08-22,NO,CURRENT ELIGIBILITY MUST NOT BE BACK-PROJECTED HISTORICALLY
LIST-5166C9637A586ED5,SC-0EAC7E2F8DC0B643,FUND-F9129891FA2DE705,LU1291106356,NOT_AVAILABLE,London Stock Exchange,XLON,EPEJ,EUR,EUR,1,NOT_AVAILABLE,ACTIVE_OBSERVED_IN_CURRENT_LSE_SNAPSHOT,2026-08-22,HIGH,ASIA_PACIFIC_EX_JAPAN,DUP-ASIA_PACIFIC_EX_JAPAN,NOT_FOUND,NOT_AVAILABLE,NOT_AVAILABLE,NOT_AVAILABLE,EVD-11EF9403F87612E7,2026-08-22,NO,CURRENT ELIGIBILITY MUST NOT BE BACK-PROJECTED HISTORICALLY
LIST-51B428527D70C531,SC-7BC749B6C4FB8C56,FUND-FF81D6D974FBB80B,IE00BQQP9F84,NOT_AVAILABLE,London Stock Exchange,XLON,GDGB,GBP,GBX,0.01,NOT_AVAILABLE,ACTIVE_OBSERVED_IN_CURRENT_LSE_SNAPSHOT,2026-08-22,HIGH,GLOBAL_GOLD_MINERS,DUP-GLOBAL_GOLD_MINERS,NOT_FOUND,NOT_AVAILABLE,NOT_AVAILABLE,NOT_AVAILABLE,EVD-898FCF602D1C485C,2026-08-22,NO,CURRENT ELIGIBILITY MUST NOT BE BACK-PROJECTED HISTORICALLY
LIST-52E5E6415569226E,SC-F741A4959AD53AC6,FUND-70AECA3C35FB043E,LU0292109690,NOT_AVAILABLE,London Stock Exchange,XLON,XNIF,GBP,GBX,0.01,NOT_AVAILABLE,ACTIVE_OBSERVED_IN_CURRENT_LSE_SNAPSHOT,2026-08-22,HIGH,INDIA,DUP-INDIA,NOT_FOUND,NOT_AVAILABLE,NOT_AVAILABLE,NOT_AVAILABLE,EVD-3E667B5F6D1E8B91,2026-08-22,NO,CURRENT ELIGIBILITY MUST NOT BE BACK-PROJECTED HISTORICALLY
LIST-532D144211344B5E,SC-1DA41B1667301C82,FUND-C758EFEBA9C7F622,LU3038520774,NOT_AVAILABLE,London Stock Exchange,XLON,DEFS,USD,USD,1,NOT_AVAILABLE,ACTIVE_OBSERVED_IN_CURRENT_LSE_SNAPSHOT,2026-08-22,HIGH,EUROPE_AEROSPACE_DEFENCE,DUP-EUROPE_AEROSPACE_DEFENCE,NOT_FOUND,NOT_AVAILABLE,NOT_AVAILABLE,NOT_AVAILABLE,EVD-C6354CD55582550B,2026-08-22,NO,CURRENT ELIGIBILITY MUST NOT BE BACK-PROJECTED HISTORICALLY
LIST-53368AB392B9544A,SC-BEDCD9475D3DD476,FUND-F26C5F58336A1D6C,IE000L00POB4,NOT_AVAILABLE,London Stock Exchange,XLON,UONS,USD,USD,1,NOT_AVAILABLE,ACTIVE_OBSERVED_IN_CURRENT_LSE_SNAPSHOT,2026-08-22,HIGH,USD_OVERNIGHT_CASH,DUP-USD_OVERNIGHT_CASH,NOT_FOUND,NOT_AVAILABLE,NOT_AVAILABLE,NOT_AVAILABLE,EVD-EB0762A0D9B5DA0F,2026-08-22,NO,CURRENT ELIGIBILITY MUST NOT BE BACK-PROJECTED HISTORICALLY
LIST-533F00DC25FB8602,SC-17DF76D66989527D,FUND-BEAA3A82B4C7485E,IE00B3VVMM84,NOT_AVAILABLE,London Stock Exchange,XLON,VDEM,USD,USD,1,NOT_AVAILABLE,ACTIVE_OBSERVED_IN_CURRENT_LSE_SNAPSHOT,2026-08-22,HIGH,EMERGING_MARKETS,DUP-EMERGING_MARKETS,NOT_FOUND,NOT_AVAILABLE,NOT_AVAILABLE,NOT_AVAILABLE,EVD-898FCF602D1C485C,2026-08-22,NO,CURRENT ELIGIBILITY MUST NOT BE BACK-PROJECTED HISTORICALLY
LIST-53A032EF06E9140E,SC-2F8D1BF48498AC83,FUND-7ABE37E3A097D45E,IE00BMH5YF48,NOT_AVAILABLE,London Stock Exchange,XLON,CLO6,GBP,GBX,0.01,NOT_AVAILABLE,ACTIVE_OBSERVED_IN_CURRENT_LSE_SNAPSHOT,2026-08-22,HIGH,GLOBAL_SOFTWARE,DUP-GLOBAL_SOFTWARE,NOT_FOUND,NOT_AVAILABLE,NOT_AVAILABLE,NOT_AVAILABLE,EVD-0B58F81C4555E7C8,2026-08-22,NO,CURRENT ELIGIBILITY MUST NOT BE BACK-PROJECTED HISTORICALLY
LIST-54B15F284AC1CAFC,SC-E7E05B73D4285EE2,FUND-F26C5F58336A1D6C,IE00BG0TQC25,NOT_AVAILABLE,London Stock Exchange,XLON,GLTP,GBP,GBX,0.01,NOT_AVAILABLE,ACTIVE_OBSERVED_IN_CURRENT_LSE_SNAPSHOT,2026-08-22,HIGH,UK_GILTS_ALL,DUP-UK_GILTS_ALL,NOT_FOUND,NOT_AVAILABLE,NOT_AVAILABLE,NOT_AVAILABLE,EVD-B8D85809D7E97B44,2026-08-22,NO,CURRENT ELIGIBILITY MUST NOT BE BACK-PROJECTED HISTORICALLY
LIST-553325DCCF363E2E,SC-015A7BBED5492157,FUND-B756E6B19C71172A,IE000I5NV504,NOT_AVAILABLE,London Stock Exchange,XLON,HIUS,GBP,GBX,0.01,NOT_AVAILABLE,ACTIVE_OBSERVED_IN_CURRENT_LSE_SNAPSHOT,2026-08-22,HIGH,US_TOTAL_MARKET,DUP-US_TOTAL_MARKET,NOT_FOUND,NOT_AVAILABLE,NOT_AVAILABLE,NOT_AVAILABLE,EVD-C0EF477187E75E39,2026-08-22,NO,CURRENT ELIGIBILITY MUST NOT BE BACK-PROJECTED HISTORICALLY
LIST-5574D2A8F5ED6F6F,SC-6CF03E26B15012DA,FUND-8B7CBF6C2067F7EB,IE00B7XYN974,B7XYN97,London Stock Exchange,XLON,IJPH,GBP,GBX,0.01,01/Aug/2012,ACTIVE_OBSERVED_IN_CURRENT_LSE_SNAPSHOT,2026-08-22,HIGH,JAPAN_GBP_HEDGED,DUP-JAPAN_GBP_HEDGED,NOT_FOUND,NOT_AVAILABLE,NOT_AVAILABLE,NOT_AVAILABLE,EVD-0FFBE289C2E411CD;EVD-8E2FB866BFE2D7A1;EVD-9A7E74B6515AD57F;EVD-C5043C2C0E99672C,2026-08-22,NO,CURRENT ELIGIBILITY MUST NOT BE BACK-PROJECTED HISTORICALLY
LIST-563781E519FCDF4B,SC-687993F087DFBAD8,FUND-9DB42C7E2FFD77B8,IE000RYWBSX8,NOT_AVAILABLE,London Stock Exchange,XLON,PDWX,USD,USD,1,NOT_AVAILABLE,ACTIVE_OBSERVED_IN_CURRENT_LSE_SNAPSHOT,2026-08-22,HIGH,US_AI,DUP-US_AI,NOT_FOUND,NOT_AVAILABLE,NOT_AVAILABLE,NOT_AVAILABLE,EVD-A7780916EAF12900,2026-08-22,NO,CURRENT ELIGIBILITY MUST NOT BE BACK-PROJECTED HISTORICALLY
LIST-57078DB5D1749EED,SC-B8051CEB44098511,FUND-1CE38F53B0B1849F,IE00B00FV128,B00FV12,London Stock Exchange,XLON,MIDD,GBP,GBX,0.01,26/Mar/2004,ACTIVE_OBSERVED_IN_CURRENT_LSE_SNAPSHOT,2026-08-22,HIGH,UK_MID_CAP,DUP-UK_MID_CAP,MIDD,2021-05-20,2026-07-13,daily,EVD-0395BA13AB0BE894;EVD-0FFBE289C2E411CD;EVD-70E90AFE2F69292B;EVD-A4DE90620BC0EBFF,2026-08-22,NO,CURRENT ELIGIBILITY MUST NOT BE BACK-PROJECTED HISTORICALLY
LIST-573219972ABC22EB,SC-340D664428EAE058,FUND-E42479B2B86DA0C7,LU0446734872,NOT_AVAILABLE,London Stock Exchange,XLON,UB23,GBP,GBX,0.01,NOT_AVAILABLE,ACTIVE_OBSERVED_IN_CURRENT_LSE_SNAPSHOT,2026-08-22,HIGH,CANADA,DUP-CANADA,NOT_FOUND,NOT_AVAILABLE,NOT_AVAILABLE,NOT_AVAILABLE,EVD-8B347403996F2BB4,2026-08-22,NO,CURRENT ELIGIBILITY MUST NOT BE BACK-PROJECTED HISTORICALLY
LIST-57CECAD4693A42C8,SC-2F8D1BF48498AC83,FUND-7ABE37E3A097D45E,IE00BMH5YF48,NOT_AVAILABLE,London Stock Exchange,XLON,CLO,USD,USD,1,NOT_AVAILABLE,ACTIVE_OBSERVED_IN_CURRENT_LSE_SNAPSHOT,2026-08-22,HIGH,GLOBAL_SOFTWARE,DUP-GLOBAL_SOFTWARE,NOT_FOUND,NOT_AVAILABLE,NOT_AVAILABLE,NOT_AVAILABLE,EVD-0B58F81C4555E7C8,2026-08-22,NO,CURRENT ELIGIBILITY MUST NOT BE BACK-PROJECTED HISTORICALLY
LIST-5903E4CCC41A4CB6,SC-4FCD63B36E9747CA,FUND-B987074B21334B3F,IE00B3CNHG25,NOT_AVAILABLE,London Stock Exchange,XLON,AUCP,GBP,GBX,0.01,NOT_AVAILABLE,ACTIVE_OBSERVED_IN_CURRENT_LSE_SNAPSHOT,2026-08-22,HIGH,GLOBAL_GOLD_MINERS,DUP-GLOBAL_GOLD_MINERS,NOT_FOUND,NOT_AVAILABLE,NOT_AVAILABLE,NOT_AVAILABLE,EVD-7F35151F25C6502B,2026-08-22,NO,CURRENT ELIGIBILITY MUST NOT BE BACK-PROJECTED HISTORICALLY
LIST-59F16D10FA4393DA,SC-692E6C6756F61A83,FUND-FF81D6D974FBB80B,IE000M7V94E1,NOT_AVAILABLE,London Stock Exchange,XLON,NUCL,USD,USD,1,NOT_AVAILABLE,ACTIVE_OBSERVED_IN_CURRENT_LSE_SNAPSHOT,2026-08-22,HIGH,GLOBAL_URANIUM_NUCLEAR,DUP-GLOBAL_URANIUM_NUCLEAR,NUCL,2026-02-25,2026-07-13,daily,EVD-898FCF602D1C485C,2026-08-22,NO,CURRENT ELIGIBILITY MUST NOT BE BACK-PROJECTED HISTORICALLY
LIST-5AC6510FC6DAAA39,SC-6D894C66EBEF6CAB,FUND-0189B25A4FCFB148,IE00BKWQ0G16,NOT_AVAILABLE,London Stock Exchange,XLON,FNCL,EUR,EUR,1,NOT_AVAILABLE,ACTIVE_OBSERVED_IN_CURRENT_LSE_SNAPSHOT,2026-08-22,HIGH,EUROPE_FINANCIALS,DUP-EUROPE_FINANCIALS,FNCL,2021-05-20,2026-07-13,daily,EVD-99545ABABD127584,2026-08-22,NO,CURRENT ELIGIBILITY MUST NOT BE BACK-PROJECTED HISTORICALLY
LIST-5B4D80ABFF711EFD,SC-0E464BCC7EF5E003,FUND-EB7A6A967272227B,IE000C6ITGC8,NOT_AVAILABLE,London Stock Exchange,XLON,QANT,GBP,GBX,0.01,NOT_AVAILABLE,ACTIVE_OBSERVED_IN_CURRENT_LSE_SNAPSHOT,2026-08-22,HIGH,GLOBAL_QUANTUM_COMPUTING,DUP-GLOBAL_QUANTUM_COMPUTING,NOT_FOUND,NOT_AVAILABLE,NOT_AVAILABLE,NOT_AVAILABLE,EVD-0FFBE289C2E411CD;EVD-133D1CE8E9C31601;EVD-C8AC84410D51D02B,2026-08-22,NO,CURRENT ELIGIBILITY MUST NOT BE BACK-PROJECTED HISTORICALLY
LIST-5BCA74D29D093BE6,SC-947C382E5D5B406E,FUND-70AECA3C35FB043E,IE00BM67HM91,NOT_AVAILABLE,London Stock Exchange,XLON,XDW0,USD,USD,1,NOT_AVAILABLE,ACTIVE_OBSERVED_IN_CURRENT_LSE_SNAPSHOT,2026-08-22,HIGH,GLOBAL_ENERGY,DUP-GLOBAL_ENERGY,NOT_FOUND,NOT_AVAILABLE,NOT_AVAILABLE,NOT_AVAILABLE,EVD-8D9DB0D7594E3A83,2026-08-22,NO,CURRENT ELIGIBILITY MUST NOT BE BACK-PROJECTED HISTORICALLY
LIST-5BD2A32D503A289E,SC-C3C91E72C5D07926,FUND-D9311B5E45A51304,IE0002Y8CX98,NOT_AVAILABLE,London Stock Exchange,XLON,EUDF,USD,USD,1,NOT_AVAILABLE,ACTIVE_OBSERVED_IN_CURRENT_LSE_SNAPSHOT,2026-08-22,HIGH,EUROPE_AEROSPACE_DEFENCE,DUP-EUROPE_AEROSPACE_DEFENCE,NOT_FOUND,NOT_AVAILABLE,NOT_AVAILABLE,NOT_AVAILABLE,EVD-923FC54891541369,2026-08-22,NO,CURRENT ELIGIBILITY MUST NOT BE BACK-PROJECTED HISTORICALLY
LIST-5BDF9BF54DB52CF8,SC-AE09315B4B7B1F53,FUND-BEAA3A82B4C7485E,IE00B95PGT31,NOT_AVAILABLE,London Stock Exchange,XLON,VJPN,GBP,GBX,0.01,NOT_AVAILABLE,ACTIVE_OBSERVED_IN_CURRENT_LSE_SNAPSHOT,2026-08-22,HIGH,JAPAN,DUP-JAPAN,NOT_FOUND,NOT_AVAILABLE,NOT_AVAILABLE,NOT_AVAILABLE,EVD-29A4C72D7B4D1AC1,2026-08-22,NO,CURRENT ELIGIBILITY MUST NOT BE BACK-PROJECTED HISTORICALLY
LIST-5C1A7E74DECF99D4,SC-698C24B4AEFF306A,FUND-0189B25A4FCFB148,IE00BYTRRF33,NOT_AVAILABLE,London Stock Exchange,XLON,WMAT,USD,USD,1,NOT_AVAILABLE,ACTIVE_OBSERVED_IN_CURRENT_LSE_SNAPSHOT,2026-08-22,HIGH,EUROPE_MATERIALS,DUP-EUROPE_MATERIALS,NOT_FOUND,NOT_AVAILABLE,NOT_AVAILABLE,NOT_AVAILABLE,EVD-99545ABABD127584,2026-08-22,NO,CURRENT ELIGIBILITY MUST NOT BE BACK-PROJECTED HISTORICALLY
LIST-5C977E40F5967376,SC-3231B96DDFC014D9,FUND-D9311B5E45A51304,IE00BKLF1R75,NOT_AVAILABLE,London Stock Exchange,XLON,CHRG,GBP,GBX,0.01,NOT_AVAILABLE,ACTIVE_OBSERVED_IN_CURRENT_LSE_SNAPSHOT,2026-08-22,HIGH,GLOBAL_BATTERY_EV,DUP-GLOBAL_BATTERY_EV,CHRG,2022-12-29,2023-12-14,daily,EVD-923FC54891541369,2026-08-22,NO,CURRENT ELIGIBILITY MUST NOT BE BACK-PROJECTED HISTORICALLY
LIST-5D1FCC0719D9A3D6,SC-4A5624541537FDDE,FUND-F26C5F58336A1D6C,IE00BLRB0028,NOT_AVAILABLE,London Stock Exchange,XLON,GCEX,GBP,GBX,0.01,NOT_AVAILABLE,ACTIVE_OBSERVED_IN_CURRENT_LSE_SNAPSHOT,2026-08-22,HIGH,GLOBAL_CLEAN_ENERGY,DUP-GLOBAL_CLEAN_ENERGY,NOT_FOUND,NOT_AVAILABLE,NOT_AVAILABLE,NOT_AVAILABLE,EVD-B8D85809D7E97B44,2026-08-22,NO,CURRENT ELIGIBILITY MUST NOT BE BACK-PROJECTED HISTORICALLY
LIST-5DB20A4D2F5A8B76,SC-D22D672C12C820E7,FUND-D8DFAF359D3A1B94,IE000TIZ5AP4,NOT_AVAILABLE,London Stock Exchange,XLON,FTIE,GBP,GBX,0.01,NOT_AVAILABLE,ACTIVE_OBSERVED_IN_CURRENT_LSE_SNAPSHOT,2026-08-22,HIGH,EUROPE_INFRASTRUCTURE,DUP-EUROPE_INFRASTRUCTURE,NOT_FOUND,NOT_AVAILABLE,NOT_AVAILABLE,NOT_AVAILABLE,EVD-C700056C10DB9EF8,2026-08-22,NO,CURRENT ELIGIBILITY MUST NOT BE BACK-PROJECTED HISTORICALLY
LIST-5E9BC2C2504F7B87,SC-F9F72A02FBAC1193,FUND-7ABE37E3A097D45E,IE00BLCHJN13,NOT_AVAILABLE,London Stock Exchange,XLON,LITG,GBP,GBX,0.01,NOT_AVAILABLE,ACTIVE_OBSERVED_IN_CURRENT_LSE_SNAPSHOT,2026-08-22,HIGH,GLOBAL_BATTERY_EV,DUP-GLOBAL_BATTERY_EV,NOT_FOUND,NOT_AVAILABLE,NOT_AVAILABLE,NOT_AVAILABLE,EVD-2B2E092D8EB76897,2026-08-22,NO,CURRENT ELIGIBILITY MUST NOT BE BACK-PROJECTED HISTORICALLY
LIST-5EFCDEE4366E2C0C,SC-E44C65B1A3A31715,FUND-70AECA3C35FB043E,IE00BM67HS53,NOT_AVAILABLE,London Stock Exchange,XLON,XDWM,USD,USD,1,NOT_AVAILABLE,ACTIVE_OBSERVED_IN_CURRENT_LSE_SNAPSHOT,2026-08-22,HIGH,GLOBAL_MATERIALS,DUP-GLOBAL_MATERIALS,NOT_FOUND,NOT_AVAILABLE,NOT_AVAILABLE,NOT_AVAILABLE,EVD-8D9DB0D7594E3A83,2026-08-22,NO,CURRENT ELIGIBILITY MUST NOT BE BACK-PROJECTED HISTORICALLY
LIST-5FB921F1C6D17CE5,SC-11480B08BDE5374E,FUND-F26C5F58336A1D6C,IE000U07IGB1,NOT_AVAILABLE,London Stock Exchange,XLON,IQMX,GBP,GBX,0.01,NOT_AVAILABLE,ACTIVE_OBSERVED_IN_CURRENT_LSE_SNAPSHOT,2026-08-22,HIGH,EMERGING_MARKETS,DUP-EMERGING_MARKETS,IQMX,2026-07-02,2026-07-13,daily,EVD-B8D85809D7E97B44,2026-08-22,NO,CURRENT ELIGIBILITY MUST NOT BE BACK-PROJECTED HISTORICALLY
LIST-60B356057092496B,SC-2168DD8054B60302,FUND-8B7CBF6C2067F7EB,IE00B6R52143,B6R51S4,London Stock Exchange,XLON,SPAG,GBP,GBX,0.01,19/Sept/2011,ACTIVE_OBSERVED_IN_CURRENT_LSE_SNAPSHOT,2026-08-22,HIGH,GLOBAL_AGRIBUSINESS,DUP-GLOBAL_AGRIBUSINESS,NOT_FOUND,NOT_AVAILABLE,NOT_AVAILABLE,NOT_AVAILABLE,EVD-070E4CB93B5C5C89;EVD-0FFBE289C2E411CD;EVD-C5043C2C0E99672C;EVD-F27A3414EC7F5696,2026-08-22,NO,CURRENT ELIGIBILITY MUST NOT BE BACK-PROJECTED HISTORICALLY
LIST-60C1122671C2DF2C,SC-05D07FB54BB04E58,FUND-EB7A6A967272227B,IE000TCZMZM8,NOT_AVAILABLE,London Stock Exchange,XLON,INGH,GBP,GBX,0.01,NOT_AVAILABLE,ACTIVE_OBSERVED_IN_CURRENT_LSE_SNAPSHOT,2026-08-22,HIGH,GLOBAL_INFRASTRUCTURE,DUP-GLOBAL_INFRASTRUCTURE,NOT_FOUND,NOT_AVAILABLE,NOT_AVAILABLE,NOT_AVAILABLE,EVD-0FFBE289C2E411CD;EVD-183BF47FCBF7F681;EVD-EB0762A0D9B5DA0F,2026-08-22,NO,CURRENT ELIGIBILITY MUST NOT BE BACK-PROJECTED HISTORICALLY
LIST-61890D1B5CAFF250,SC-4E66F21CCAAD145F,FUND-F6BF8D2C6898DD1D,IE00B4ND3602,B4R1D93,London Stock Exchange,XLON,SGLN,GBP,GBX,0.01,11/Apr/2011,ACTIVE_NORMAL_TRADING_OBSERVED_ON_CURRENT_LSE_INSTRUMENT_PAGE,2026-08-22,HIGH,GOLD,DUP-GOLD,NOT_FOUND,NOT_AVAILABLE,NOT_AVAILABLE,NOT_AVAILABLE,EVD-0FFBE289C2E411CD;EVD-4DD09953A5A2C6F7;EVD-4EF5BD7888DDA30C;EVD-5502DD01B5A60B06;EVD-5A19F59E96FA43CE;EVD-741217064F0E368A,2026-08-22,NO,CURRENT ELIGIBILITY MUST NOT BE BACK-PROJECTED HISTORICALLY
LIST-6204640605BE5843,SC-48245D777B564E77,FUND-484FAC57D622413A,IE000T8QD852,NOT_AVAILABLE,London Stock Exchange,XLON,CHPP,GBP,GBX,0.01,NOT_AVAILABLE,ACTIVE_OBSERVED_IN_CURRENT_LSE_SNAPSHOT,2026-08-22,HIGH,GLOBAL_SEMICONDUCTORS,DUP-GLOBAL_SEMICONDUCTORS,NOT_FOUND,NOT_AVAILABLE,NOT_AVAILABLE,NOT_AVAILABLE,EVD-A6E53D0318F1EF38,2026-08-22,NO,CURRENT ELIGIBILITY MUST NOT BE BACK-PROJECTED HISTORICALLY
LIST-62124C2D255632C2,SC-3D69C1DB91480254,FUND-E42479B2B86DA0C7,LU0136240974,NOT_AVAILABLE,London Stock Exchange,XLON,UC65,USD,USD,1,NOT_AVAILABLE,ACTIVE_OBSERVED_IN_CURRENT_LSE_SNAPSHOT,2026-08-22,HIGH,JAPAN,DUP-JAPAN,NOT_FOUND,NOT_AVAILABLE,NOT_AVAILABLE,NOT_AVAILABLE,EVD-8B347403996F2BB4,2026-08-22,NO,CURRENT ELIGIBILITY MUST NOT BE BACK-PROJECTED HISTORICALLY
LIST-62AB7E6A4CF2519D,SC-47A0987AB6D1A951,FUND-0189B25A4FCFB148,IE00BKWQ0H23,NOT_AVAILABLE,London Stock Exchange,XLON,HLTH,EUR,EUR,1,NOT_AVAILABLE,ACTIVE_OBSERVED_IN_CURRENT_LSE_SNAPSHOT,2026-08-22,HIGH,EUROPE_HEALTHCARE,DUP-EUROPE_HEALTHCARE,HLTH,2021-09-24,2024-06-05,daily,EVD-99545ABABD127584,2026-08-22,NO,CURRENT ELIGIBILITY MUST NOT BE BACK-PROJECTED HISTORICALLY
LIST-62F20C329F87A81E,SC-08BD323AE562ECB6,FUND-E42479B2B86DA0C7,IE00B77D4428,NOT_AVAILABLE,London Stock Exchange,XLON,UC03,USD,USD,1,NOT_AVAILABLE,ACTIVE_OBSERVED_IN_CURRENT_LSE_SNAPSHOT,2026-08-22,HIGH,US_TOTAL_MARKET,DUP-US_TOTAL_MARKET,NOT_FOUND,NOT_AVAILABLE,NOT_AVAILABLE,NOT_AVAILABLE,EVD-0C5BDB318AC79822,2026-08-22,NO,CURRENT ELIGIBILITY MUST NOT BE BACK-PROJECTED HISTORICALLY
LIST-630DABDA2B1F3BBF,SC-947C382E5D5B406E,FUND-70AECA3C35FB043E,IE00BM67HM91,NOT_AVAILABLE,London Stock Exchange,XLON,XWES,GBP,GBX,0.01,NOT_AVAILABLE,ACTIVE_OBSERVED_IN_CURRENT_LSE_SNAPSHOT,2026-08-22,HIGH,GLOBAL_ENERGY,DUP-GLOBAL_ENERGY,NOT_FOUND,NOT_AVAILABLE,NOT_AVAILABLE,NOT_AVAILABLE,EVD-8D9DB0D7594E3A83,2026-08-22,NO,CURRENT ELIGIBILITY MUST NOT BE BACK-PROJECTED HISTORICALLY
LIST-631BAE4786CE24EF,SC-476DC9BF5F11A9FB,FUND-BB6B7E7B9401E72D,IE00B539F030,B53WKP2,London Stock Exchange,XLON,CSUK,GBP,GBX,0.01,15/Sept/2010,ACTIVE_OBSERVED_IN_CURRENT_LSE_SNAPSHOT,2026-08-22,HIGH,UK_BROAD_MARKET,DUP-UK_BROAD_MARKET,NOT_FOUND,NOT_AVAILABLE,NOT_AVAILABLE,NOT_AVAILABLE,EVD-0FFBE289C2E411CD;EVD-A98CEEF77ED2542D;EVD-BCFFF53E5CE208CE;EVD-D81CA9A20619188B,2026-08-22,NO,CURRENT ELIGIBILITY MUST NOT BE BACK-PROJECTED HISTORICALLY
LIST-643F1ABFBD5CFD2F,SC-C9BB17C5E720E640,FUND-F26C5F58336A1D6C,IE0000TZZ2B2,NOT_AVAILABLE,London Stock Exchange,XLON,RSPB,GBP,GBX,0.01,NOT_AVAILABLE,ACTIVE_OBSERVED_IN_CURRENT_LSE_SNAPSHOT,2026-08-22,HIGH,US_BROAD_LARGE_CAP,DUP-US_BROAD_LARGE_CAP,NOT_FOUND,NOT_AVAILABLE,NOT_AVAILABLE,NOT_AVAILABLE,EVD-EB0762A0D9B5DA0F,2026-08-22,NO,CURRENT ELIGIBILITY MUST NOT BE BACK-PROJECTED HISTORICALLY
LIST-649F8455DB6E4730,SC-066427AC4EBC84E4,FUND-1CE38F53B0B1849F,IE0005042456,0504245,London Stock Exchange,XLON,ISF,GBP,GBX,0.01,28/Apr/2000,ACTIVE_OBSERVED_IN_CURRENT_LSE_SNAPSHOT,2026-08-22,HIGH,UK_LARGE_CAP,DUP-UK_LARGE_CAP,NOT_FOUND,NOT_AVAILABLE,NOT_AVAILABLE,NOT_AVAILABLE,EVD-0FFBE289C2E411CD;EVD-73DD1C6502ED56BC;EVD-A4DE90620BC0EBFF;EVD-CEAC2F5E15F4B153,2026-08-22,NO,CURRENT ELIGIBILITY MUST NOT BE BACK-PROJECTED HISTORICALLY
LIST-65468422B0EFAF1D,SC-445B10913D12816C,FUND-7ABE37E3A097D45E,IE00BMH5XY61,NOT_AVAILABLE,London Stock Exchange,XLON,EBIZ,USD,USD,1,NOT_AVAILABLE,ACTIVE_OBSERVED_IN_CURRENT_LSE_SNAPSHOT,2026-08-22,HIGH,GLOBAL_RETAIL,DUP-GLOBAL_RETAIL,EBIZ,2021-05-20,2026-07-13,daily,EVD-0B58F81C4555E7C8,2026-08-22,NO,CURRENT ELIGIBILITY MUST NOT BE BACK-PROJECTED HISTORICALLY
LIST-654C5A89606CA6E6,SC-8CE2ACCC0D3B66FD,FUND-BEAA3A82B4C7485E,IE00B3RBWM25,NOT_AVAILABLE,London Stock Exchange,XLON,VWRL,GBP,GBX,0.01,NOT_AVAILABLE,ACTIVE_OBSERVED_IN_CURRENT_LSE_SNAPSHOT,2026-08-22,HIGH,GLOBAL_ALL_WORLD,DUP-GLOBAL_ALL_WORLD,NOT_FOUND,NOT_AVAILABLE,NOT_AVAILABLE,NOT_AVAILABLE,EVD-898FCF602D1C485C,2026-08-22,NO,CURRENT ELIGIBILITY MUST NOT BE BACK-PROJECTED HISTORICALLY
LIST-654EFCB7870EB005,SC-DDA12CB133ABBDE8,FUND-F26C5F58336A1D6C,IE000A8N67F3,NOT_AVAILABLE,London Stock Exchange,XLON,ESUS,GBP,GBX,0.01,NOT_AVAILABLE,ACTIVE_OBSERVED_IN_CURRENT_LSE_SNAPSHOT,2026-08-22,HIGH,US_TOTAL_MARKET,DUP-US_TOTAL_MARKET,ESUS,2021-09-15,2024-12-09,daily,EVD-8E74500060C264FE,2026-08-22,NO,CURRENT ELIGIBILITY MUST NOT BE BACK-PROJECTED HISTORICALLY
LIST-657B084B9D4FA98A,SC-8BED0470D7A37089,FUND-BB6B7E7B9401E72D,IE00B53L3W79,B4Z7940,London Stock Exchange,XLON,CSX5,EUR,EUR,1,15/Sept/2010,ACTIVE_OBSERVED_IN_CURRENT_LSE_SNAPSHOT,2026-08-22,HIGH,EUROZONE,DUP-EUROZONE,NOT_FOUND,NOT_AVAILABLE,NOT_AVAILABLE,NOT_AVAILABLE,EVD-0FFBE289C2E411CD;EVD-4450A2C52AE82BB7;EVD-A1E8D9170BEF35C7;EVD-BCFFF53E5CE208CE,2026-08-22,NO,CURRENT ELIGIBILITY MUST NOT BE BACK-PROJECTED HISTORICALLY
LIST-65BE91E45674F0F2,SC-A554FE67CAC28B60,FUND-7ABE37E3A097D45E,IE0000ZL1RD2,NOT_AVAILABLE,London Stock Exchange,XLON,CHPG,GBP,GBX,0.01,NOT_AVAILABLE,ACTIVE_OBSERVED_IN_CURRENT_LSE_SNAPSHOT,2026-08-22,HIGH,GLOBAL_SEMICONDUCTORS,DUP-GLOBAL_SEMICONDUCTORS,CHPG,2025-06-20,2026-07-13,daily,EVD-2B2E092D8EB76897,2026-08-22,NO,CURRENT ELIGIBILITY MUST NOT BE BACK-PROJECTED HISTORICALLY
LIST-664D5BF28C42480A,SC-BEF041297C8F6642,FUND-F26C5F58336A1D6C,IE000LGWDNE5,NOT_AVAILABLE,London Stock Exchange,XLON,IVAI,USD,USD,1,NOT_AVAILABLE,ACTIVE_OBSERVED_IN_CURRENT_LSE_SNAPSHOT,2026-08-22,HIGH,GLOBAL_AI,DUP-GLOBAL_AI,NOT_FOUND,NOT_AVAILABLE,NOT_AVAILABLE,NOT_AVAILABLE,EVD-B8D85809D7E97B44,2026-08-22,NO,CURRENT ELIGIBILITY MUST NOT BE BACK-PROJECTED HISTORICALLY
LIST-66EFEFD98FE252FF,SC-2168DD8054B60302,FUND-8B7CBF6C2067F7EB,IE00B6R52143,B6R5214,London Stock Exchange,XLON,ISAG,USD,USD,1,19/Sept/2011,ACTIVE_OBSERVED_IN_CURRENT_LSE_SNAPSHOT,2026-08-22,HIGH,GLOBAL_AGRIBUSINESS,DUP-GLOBAL_AGRIBUSINESS,NOT_FOUND,NOT_AVAILABLE,NOT_AVAILABLE,NOT_AVAILABLE,EVD-070E4CB93B5C5C89;EVD-0FFBE289C2E411CD;EVD-C5043C2C0E99672C;EVD-F27A3414EC7F5696,2026-08-22,NO,CURRENT ELIGIBILITY MUST NOT BE BACK-PROJECTED HISTORICALLY
LIST-6727A8775DF136E7,SC-B1542538059C5697,FUND-EB7A6A967272227B,IE000U9ODG19,NOT_AVAILABLE,London Stock Exchange,XLON,DFND,GBP,GBX,0.01,NOT_AVAILABLE,ACTIVE_OBSERVED_IN_CURRENT_LSE_SNAPSHOT,2026-08-22,HIGH,US_AEROSPACE_DEFENCE,DUP-US_AEROSPACE_DEFENCE,DFND,2021-05-20,2025-12-12,daily,EVD-0FFBE289C2E411CD;EVD-8FF893B8C19A421D;EVD-C5043C2C0E99672C,2026-08-22,NO,CURRENT ELIGIBILITY MUST NOT BE BACK-PROJECTED HISTORICALLY
LIST-67AEAB8FB1C77AA1,SC-22ECAA5CC475F56C,FUND-D8DFAF359D3A1B94,IE000Q8F0M81,NOT_AVAILABLE,London Stock Exchange,XLON,H2O,GBP,GBX,0.01,NOT_AVAILABLE,ACTIVE_OBSERVED_IN_CURRENT_LSE_SNAPSHOT,2026-08-22,HIGH,GLOBAL_WATER,DUP-GLOBAL_WATER,NOT_FOUND,NOT_AVAILABLE,NOT_AVAILABLE,NOT_AVAILABLE,EVD-C700056C10DB9EF8,2026-08-22,NO,CURRENT ELIGIBILITY MUST NOT BE BACK-PROJECTED HISTORICALLY
LIST-684156F3D5966D2F,SC-C8679D444506AF89,FUND-E42479B2B86DA0C7,IE00B7K93397,NOT_AVAILABLE,London Stock Exchange,XLON,UC13,GBP,GBX,0.01,NOT_AVAILABLE,ACTIVE_OBSERVED_IN_CURRENT_LSE_SNAPSHOT,2026-08-22,HIGH,US_BROAD_LARGE_CAP,DUP-US_BROAD_LARGE_CAP,NOT_FOUND,NOT_AVAILABLE,NOT_AVAILABLE,NOT_AVAILABLE,EVD-0C5BDB318AC79822,2026-08-22,NO,CURRENT ELIGIBILITY MUST NOT BE BACK-PROJECTED HISTORICALLY
LIST-6846F2BB8AE69B59,SC-BFAE59DDA3E335ED,FUND-E42479B2B86DA0C7,IE00BD4TY451,NOT_AVAILABLE,London Stock Exchange,XLON,AUST,USD,USD,1,NOT_AVAILABLE,ACTIVE_OBSERVED_IN_CURRENT_LSE_SNAPSHOT,2026-08-22,HIGH,AUSTRALIA,DUP-AUSTRALIA,AUST,2022-05-04,2026-07-13,daily,EVD-0C5BDB318AC79822,2026-08-22,NO,CURRENT ELIGIBILITY MUST NOT BE BACK-PROJECTED HISTORICALLY
LIST-696E306CBCC64E0F,SC-1F68912EB4A7961F,FUND-EB7A6A967272227B,IE00069Q7MY9,NOT_AVAILABLE,London Stock Exchange,XLON,DCSH,GBP,GBX,0.01,NOT_AVAILABLE,ACTIVE_OBSERVED_IN_CURRENT_LSE_SNAPSHOT,2026-08-22,HIGH,USD_OVERNIGHT_CASH,DUP-USD_OVERNIGHT_CASH,NOT_FOUND,NOT_AVAILABLE,NOT_AVAILABLE,NOT_AVAILABLE,EVD-0FFBE289C2E411CD;EVD-18DF12D43E1F7FE3;EVD-BCFFF53E5CE208CE,2026-08-22,NO,CURRENT ELIGIBILITY MUST NOT BE BACK-PROJECTED HISTORICALLY
LIST-69E53BFF909A49E2,SC-CF08D888981C0CFF,FUND-F26C5F58336A1D6C,IE00BYX5K108,NOT_AVAILABLE,London Stock Exchange,XLON,MXUK,GBP,GBX,0.01,NOT_AVAILABLE,ACTIVE_OBSERVED_IN_CURRENT_LSE_SNAPSHOT,2026-08-22,HIGH,EUROPE_EX_UK,DUP-EUROPE_EX_UK,NOT_FOUND,NOT_AVAILABLE,NOT_AVAILABLE,NOT_AVAILABLE,EVD-EB0762A0D9B5DA0F,2026-08-22,NO,CURRENT ELIGIBILITY MUST NOT BE BACK-PROJECTED HISTORICALLY
LIST-6ADE05FC28FAA597,SC-D8C535B7F1B2EB80,FUND-F26C5F58336A1D6C,IE00B60SWV01,NOT_AVAILABLE,London Stock Exchange,XLON,S250,GBP,GBX,0.01,NOT_AVAILABLE,ACTIVE_OBSERVED_IN_CURRENT_LSE_SNAPSHOT,2026-08-22,HIGH,UK_MID_CAP,DUP-UK_MID_CAP,NOT_FOUND,NOT_AVAILABLE,NOT_AVAILABLE,NOT_AVAILABLE,EVD-EB0762A0D9B5DA0F,2026-08-22,NO,CURRENT ELIGIBILITY MUST NOT BE BACK-PROJECTED HISTORICALLY
LIST-6B65B9F30358BBCC,SC-7B5F7E583BF6C306,FUND-70AECA3C35FB043E,IE00BM67HV82,NOT_AVAILABLE,London Stock Exchange,XLON,XDWI,USD,USD,1,NOT_AVAILABLE,ACTIVE_OBSERVED_IN_CURRENT_LSE_SNAPSHOT,2026-08-22,HIGH,GLOBAL_INDUSTRIALS,DUP-GLOBAL_INDUSTRIALS,NOT_FOUND,NOT_AVAILABLE,NOT_AVAILABLE,NOT_AVAILABLE,EVD-8D9DB0D7594E3A83,2026-08-22,NO,CURRENT ELIGIBILITY MUST NOT BE BACK-PROJECTED HISTORICALLY
LIST-6C384A9D9BABA237,SC-1EA0A11448D98A58,FUND-B987074B21334B3F,IE00BFXR5W90,NOT_AVAILABLE,London Stock Exchange,XLON,LGAG,GBP,GBX,0.01,NOT_AVAILABLE,ACTIVE_OBSERVED_IN_CURRENT_LSE_SNAPSHOT,2026-08-22,HIGH,ASIA_PACIFIC_EX_JAPAN,DUP-ASIA_PACIFIC_EX_JAPAN,NOT_FOUND,NOT_AVAILABLE,NOT_AVAILABLE,NOT_AVAILABLE,EVD-7F35151F25C6502B,2026-08-22,NO,CURRENT ELIGIBILITY MUST NOT BE BACK-PROJECTED HISTORICALLY
LIST-6C7F04A7401E049E,SC-E540B32CE752A978,FUND-75D49E6BCADC4645,IE000IM4K4K2,NOT_AVAILABLE,London Stock Exchange,XLON,METU,GBP,GBX,0.01,NOT_AVAILABLE,ACTIVE_OBSERVED_IN_CURRENT_LSE_SNAPSHOT,2026-08-22,HIGH,GLOBAL_AI,DUP-GLOBAL_AI,METU,2024-06-05,2026-07-13,daily,EVD-0B58F81C4555E7C8,2026-08-22,NO,CURRENT ELIGIBILITY MUST NOT BE BACK-PROJECTED HISTORICALLY
LIST-6D61E91E0F78BA2B,SC-9B142D6E25D04FCE,FUND-C758EFEBA9C7F622,FR0011720911,NOT_AVAILABLE,London Stock Exchange,XLON,CNAA,USD,USD,1,NOT_AVAILABLE,ACTIVE_OBSERVED_IN_CURRENT_LSE_SNAPSHOT,2026-08-22,HIGH,CHINA_BROAD,DUP-CHINA_BROAD,NOT_FOUND,NOT_AVAILABLE,NOT_AVAILABLE,NOT_AVAILABLE,EVD-4AE0CB96D1C0A4DD,2026-08-22,NO,CURRENT ELIGIBILITY MUST NOT BE BACK-PROJECTED HISTORICALLY
LIST-6EBC57E71D8000A2,SC-29AFBF2A35DB17C8,FUND-12C5018C9F5DCE7E,IE00B4L5Y983,B4L60Z9,London Stock Exchange,XLON,SWDA,GBP,GBX,0.01,28/Sept/2009,ACTIVE_OBSERVED_IN_CURRENT_LSE_SNAPSHOT,2026-08-22,HIGH,GLOBAL_DEVELOPED_WORLD,DUP-GLOBAL_DEVELOPED_WORLD,NOT_FOUND,NOT_AVAILABLE,NOT_AVAILABLE,NOT_AVAILABLE,EVD-00E44F85A5BE6B1B;EVD-0FFBE289C2E411CD;EVD-AE409509270B2CC9;EVD-CA16B461ECF155D1,2026-08-22,NO,CURRENT ELIGIBILITY MUST NOT BE BACK-PROJECTED HISTORICALLY
LIST-6F6650592322498F,SC-254040107C84B292,FUND-B987074B21334B3F,IE00B4WPHX27,NOT_AVAILABLE,London Stock Exchange,XLON,CMFP,GBP,GBX,0.01,NOT_AVAILABLE,ACTIVE_OBSERVED_IN_CURRENT_LSE_SNAPSHOT,2026-08-22,HIGH,BROAD_COMMODITIES,DUP-BROAD_COMMODITIES,NOT_FOUND,NOT_AVAILABLE,NOT_AVAILABLE,NOT_AVAILABLE,EVD-7F35151F25C6502B,2026-08-22,NO,CURRENT ELIGIBILITY MUST NOT BE BACK-PROJECTED HISTORICALLY
LIST-71D1ECE4B1CF473B,SC-A35702D7AAC155E7,FUND-C758EFEBA9C7F622,LU1233598447,NOT_AVAILABLE,London Stock Exchange,XLON,FEDF,USD,USD,1,NOT_AVAILABLE,ACTIVE_OBSERVED_IN_CURRENT_LSE_SNAPSHOT,2026-08-22,HIGH,USD_OVERNIGHT_CASH,DUP-USD_OVERNIGHT_CASH,NOT_FOUND,NOT_AVAILABLE,NOT_AVAILABLE,NOT_AVAILABLE,EVD-44E73C12472C3C50,2026-08-22,NO,CURRENT ELIGIBILITY MUST NOT BE BACK-PROJECTED HISTORICALLY
LIST-725CD35916D7369A,SC-B8BE3F8E407F2FC4,FUND-C758EFEBA9C7F622,LU1650492173,NOT_AVAILABLE,London Stock Exchange,XLON,L100,GBP,GBX,0.01,NOT_AVAILABLE,ACTIVE_OBSERVED_IN_CURRENT_LSE_SNAPSHOT,2026-08-22,HIGH,UK_LARGE_CAP,DUP-UK_LARGE_CAP,NOT_FOUND,NOT_AVAILABLE,NOT_AVAILABLE,NOT_AVAILABLE,EVD-4AE0CB96D1C0A4DD,2026-08-22,NO,CURRENT ELIGIBILITY MUST NOT BE BACK-PROJECTED HISTORICALLY
LIST-73221100F2613C85,SC-643F56D35B5A28CA,FUND-7ABE37E3A097D45E,IE00BMH5Y871,NOT_AVAILABLE,London Stock Exchange,XLON,BUGG,GBP,GBX,0.01,NOT_AVAILABLE,ACTIVE_OBSERVED_IN_CURRENT_LSE_SNAPSHOT,2026-08-22,HIGH,GLOBAL_CYBERSECURITY,DUP-GLOBAL_CYBERSECURITY,NOT_FOUND,NOT_AVAILABLE,NOT_AVAILABLE,NOT_AVAILABLE,EVD-0B58F81C4555E7C8,2026-08-22,NO,CURRENT ELIGIBILITY MUST NOT BE BACK-PROJECTED HISTORICALLY
LIST-7349613830E52211,SC-D0455DE957CF64C5,FUND-B756E6B19C71172A,IE00B64PTF05,NOT_AVAILABLE,London Stock Exchange,XLON,HMCX,GBP,GBX,0.01,NOT_AVAILABLE,ACTIVE_OBSERVED_IN_CURRENT_LSE_SNAPSHOT,2026-08-22,HIGH,UK_MID_CAP,DUP-UK_MID_CAP,NOT_FOUND,NOT_AVAILABLE,NOT_AVAILABLE,NOT_AVAILABLE,EVD-C0EF477187E75E39,2026-08-22,NO,CURRENT ELIGIBILITY MUST NOT BE BACK-PROJECTED HISTORICALLY
LIST-736A3618AE5CAB90,SC-8B367DBE96FCCA43,FUND-B756E6B19C71172A,IE0001XCFC82,NOT_AVAILABLE,London Stock Exchange,XLON,HIJP,USD,USD,1,NOT_AVAILABLE,ACTIVE_OBSERVED_IN_CURRENT_LSE_SNAPSHOT,2026-08-22,HIGH,JAPAN,DUP-JAPAN,NOT_FOUND,NOT_AVAILABLE,NOT_AVAILABLE,NOT_AVAILABLE,EVD-C0EF477187E75E39,2026-08-22,NO,CURRENT ELIGIBILITY MUST NOT BE BACK-PROJECTED HISTORICALLY
LIST-742967FB917123A3,SC-AD2C96C226FB3740,FUND-BEAA3A82B4C7485E,IE00BK5BQY34,NOT_AVAILABLE,London Stock Exchange,XLON,VERE,USD,USD,1,NOT_AVAILABLE,ACTIVE_OBSERVED_IN_CURRENT_LSE_SNAPSHOT,2026-08-22,HIGH,EUROPE_EX_UK,DUP-EUROPE_EX_UK,NOT_FOUND,NOT_AVAILABLE,NOT_AVAILABLE,NOT_AVAILABLE,EVD-898FCF602D1C485C,2026-08-22,NO,CURRENT ELIGIBILITY MUST NOT BE BACK-PROJECTED HISTORICALLY
LIST-747E3FB825440B84,SC-66D3C41997017B0F,FUND-B987074B21334B3F,IE00BF0M6N54,NOT_AVAILABLE,London Stock Exchange,XLON,ECOM,USD,USD,1,NOT_AVAILABLE,ACTIVE_OBSERVED_IN_CURRENT_LSE_SNAPSHOT,2026-08-22,HIGH,GLOBAL_TRANSPORTATION,DUP-GLOBAL_TRANSPORTATION,ECOM,2021-05-20,2022-11-14,daily,EVD-7F35151F25C6502B,2026-08-22,NO,CURRENT ELIGIBILITY MUST NOT BE BACK-PROJECTED HISTORICALLY
LIST-74879EBFE19CE022,SC-851230D7E4FC3D3C,FUND-B756E6B19C71172A,IE00B3Z0X395,NOT_AVAILABLE,London Stock Exchange,XLON,HKOR,GBP,GBX,0.01,NOT_AVAILABLE,ACTIVE_OBSERVED_IN_CURRENT_LSE_SNAPSHOT,2026-08-22,HIGH,SOUTH_KOREA,DUP-SOUTH_KOREA,NOT_FOUND,NOT_AVAILABLE,NOT_AVAILABLE,NOT_AVAILABLE,EVD-C0EF477187E75E39,2026-08-22,NO,CURRENT ELIGIBILITY MUST NOT BE BACK-PROJECTED HISTORICALLY
LIST-748C5522346E9D79,SC-CE7E9BA38CBE16F8,FUND-00EB340FCEBC3AF9,IE00BMW13836,NOT_AVAILABLE,London Stock Exchange,XLON,KWBP,GBP,GBX,0.01,NOT_AVAILABLE,ACTIVE_OBSERVED_IN_CURRENT_LSE_SNAPSHOT,2026-08-22,HIGH,CHINA_INTERNET,DUP-CHINA_INTERNET,NOT_FOUND,NOT_AVAILABLE,NOT_AVAILABLE,NOT_AVAILABLE,EVD-7F35151F25C6502B,2026-08-22,NO,CURRENT ELIGIBILITY MUST NOT BE BACK-PROJECTED HISTORICALLY
LIST-7529CAC03FC2DD65,SC-83BEC43E70DAD01D,FUND-70AECA3C35FB043E,IE00BM67HL84,NOT_AVAILABLE,London Stock Exchange,XLON,XWFS,GBP,GBX,0.01,NOT_AVAILABLE,ACTIVE_OBSERVED_IN_CURRENT_LSE_SNAPSHOT,2026-08-22,HIGH,GLOBAL_FINANCIALS,DUP-GLOBAL_FINANCIALS,NOT_FOUND,NOT_AVAILABLE,NOT_AVAILABLE,NOT_AVAILABLE,EVD-8D9DB0D7594E3A83,2026-08-22,NO,CURRENT ELIGIBILITY MUST NOT BE BACK-PROJECTED HISTORICALLY
LIST-75F873B8A31A377E,SC-A079FEAF635058CC,FUND-C758EFEBA9C7F622,LU1220245556,NOT_AVAILABLE,London Stock Exchange,XLON,PAXJ,USD,USD,1,NOT_AVAILABLE,ACTIVE_OBSERVED_IN_CURRENT_LSE_SNAPSHOT,2026-08-22,HIGH,ASIA_PACIFIC_EX_JAPAN,DUP-ASIA_PACIFIC_EX_JAPAN,NOT_FOUND,NOT_AVAILABLE,NOT_AVAILABLE,NOT_AVAILABLE,EVD-44E73C12472C3C50,2026-08-22,NO,CURRENT ELIGIBILITY MUST NOT BE BACK-PROJECTED HISTORICALLY
LIST-772010CE07E6C4F2,SC-17ADF76E1CDCEAD5,FUND-C758EFEBA9C7F622,LU0496786657,NOT_AVAILABLE,London Stock Exchange,XLON,LSPX,GBP,GBX,0.01,NOT_AVAILABLE,ACTIVE_OBSERVED_IN_CURRENT_LSE_SNAPSHOT,2026-08-22,HIGH,US_BROAD_LARGE_CAP,DUP-US_BROAD_LARGE_CAP,NOT_FOUND,NOT_AVAILABLE,NOT_AVAILABLE,NOT_AVAILABLE,EVD-4AE0CB96D1C0A4DD,2026-08-22,NO,CURRENT ELIGIBILITY MUST NOT BE BACK-PROJECTED HISTORICALLY
LIST-77F4E438647BC88D,SC-AA311B3F3D33972F,FUND-F26C5F58336A1D6C,IE000AES5KQ5,NOT_AVAILABLE,London Stock Exchange,XLON,GT15,GBP,GBX,0.01,NOT_AVAILABLE,ACTIVE_OBSERVED_IN_CURRENT_LSE_SNAPSHOT,2026-08-22,HIGH,UK_GILTS_LONG,DUP-UK_GILTS_LONG,NOT_FOUND,NOT_AVAILABLE,NOT_AVAILABLE,NOT_AVAILABLE,EVD-B8D85809D7E97B44,2026-08-22,NO,CURRENT ELIGIBILITY MUST NOT BE BACK-PROJECTED HISTORICALLY
LIST-7856AB4F20EE1044,SC-643F56D35B5A28CA,FUND-7ABE37E3A097D45E,IE00BMH5Y871,NOT_AVAILABLE,London Stock Exchange,XLON,BUG,USD,USD,1,NOT_AVAILABLE,ACTIVE_OBSERVED_IN_CURRENT_LSE_SNAPSHOT,2026-08-22,HIGH,GLOBAL_CYBERSECURITY,DUP-GLOBAL_CYBERSECURITY,BUG,2021-05-20,2026-07-13,"daily,minute",EVD-0B58F81C4555E7C8,2026-08-22,NO,CURRENT ELIGIBILITY MUST NOT BE BACK-PROJECTED HISTORICALLY
LIST-7A7FC17B3256F7DB,SC-65C5F32A46535EFF,FUND-F26C5F58336A1D6C,IE00BN7J5Z03,NOT_AVAILABLE,London Stock Exchange,XLON,FASE,GBP,GBX,0.01,NOT_AVAILABLE,ACTIVE_OBSERVED_IN_CURRENT_LSE_SNAPSHOT,2026-08-22,HIGH,UK_BROAD_MARKET,DUP-UK_BROAD_MARKET,NOT_FOUND,NOT_AVAILABLE,NOT_AVAILABLE,NOT_AVAILABLE,EVD-8E74500060C264FE,2026-08-22,NO,CURRENT ELIGIBILITY MUST NOT BE BACK-PROJECTED HISTORICALLY
LIST-7B619280788139A3,SC-3931EB40094F0EB1,FUND-70AECA3C35FB043E,IE00BNC1G707,NOT_AVAILABLE,London Stock Exchange,XLON,XUCM,USD,USD,1,NOT_AVAILABLE,ACTIVE_OBSERVED_IN_CURRENT_LSE_SNAPSHOT,2026-08-22,HIGH,US_COMMUNICATION_SERVICES,DUP-US_COMMUNICATION_SERVICES,NOT_FOUND,NOT_AVAILABLE,NOT_AVAILABLE,NOT_AVAILABLE,EVD-4D687259B8938442;EVD-9187B237E25E6B5C,2026-08-22,NO,CURRENT ELIGIBILITY MUST NOT BE BACK-PROJECTED HISTORICALLY
LIST-7BB0CE9F9AA5AC1D,SC-B452BF64FCD77810,FUND-0189B25A4FCFB148,IE00BYTRRH56,NOT_AVAILABLE,London Stock Exchange,XLON,WUTI,USD,USD,1,NOT_AVAILABLE,ACTIVE_OBSERVED_IN_CURRENT_LSE_SNAPSHOT,2026-08-22,HIGH,EUROPE_UTILITIES,DUP-EUROPE_UTILITIES,NOT_FOUND,NOT_AVAILABLE,NOT_AVAILABLE,NOT_AVAILABLE,EVD-99545ABABD127584,2026-08-22,NO,CURRENT ELIGIBILITY MUST NOT BE BACK-PROJECTED HISTORICALLY
LIST-7D5DBB1814646177,SC-759C705FB2E2F1B7,FUND-F26C5F58336A1D6C,IE00B5MTWD60,NOT_AVAILABLE,London Stock Exchange,XLON,X7PS,EUR,EUR,1,NOT_AVAILABLE,ACTIVE_OBSERVED_IN_CURRENT_LSE_SNAPSHOT,2026-08-22,HIGH,GLOBAL_BANKS,DUP-GLOBAL_BANKS,NOT_FOUND,NOT_AVAILABLE,NOT_AVAILABLE,NOT_AVAILABLE,EVD-EB0762A0D9B5DA0F,2026-08-22,NO,CURRENT ELIGIBILITY MUST NOT BE BACK-PROJECTED HISTORICALLY
LIST-81887628C065923E,SC-17ADF76E1CDCEAD5,FUND-C758EFEBA9C7F622,LU0496786657,NOT_AVAILABLE,London Stock Exchange,XLON,LSPU,USD,USD,1,NOT_AVAILABLE,ACTIVE_OBSERVED_IN_CURRENT_LSE_SNAPSHOT,2026-08-22,HIGH,US_BROAD_LARGE_CAP,DUP-US_BROAD_LARGE_CAP,NOT_FOUND,NOT_AVAILABLE,NOT_AVAILABLE,NOT_AVAILABLE,EVD-4AE0CB96D1C0A4DD,2026-08-22,NO,CURRENT ELIGIBILITY MUST NOT BE BACK-PROJECTED HISTORICALLY
LIST-81FC3A5009D963A3,SC-AE09315B4B7B1F53,FUND-BEAA3A82B4C7485E,IE00B95PGT31,NOT_AVAILABLE,London Stock Exchange,XLON,VDJP,USD,USD,1,NOT_AVAILABLE,ACTIVE_OBSERVED_IN_CURRENT_LSE_SNAPSHOT,2026-08-22,HIGH,JAPAN,DUP-JAPAN,NOT_FOUND,NOT_AVAILABLE,NOT_AVAILABLE,NOT_AVAILABLE,EVD-29A4C72D7B4D1AC1,2026-08-22,NO,CURRENT ELIGIBILITY MUST NOT BE BACK-PROJECTED HISTORICALLY
LIST-8202BB6B88239C49,SC-BE486B951FEA27E0,FUND-0189B25A4FCFB148,IE00BKWQ0D84,NOT_AVAILABLE,London Stock Exchange,XLON,CSTP,EUR,EUR,1,NOT_AVAILABLE,ACTIVE_OBSERVED_IN_CURRENT_LSE_SNAPSHOT,2026-08-22,HIGH,EUROPE_CONSUMER_STAPLES,DUP-EUROPE_CONSUMER_STAPLES,NOT_FOUND,NOT_AVAILABLE,NOT_AVAILABLE,NOT_AVAILABLE,EVD-99545ABABD127584,2026-08-22,NO,CURRENT ELIGIBILITY MUST NOT BE BACK-PROJECTED HISTORICALLY
LIST-8215D90774E11651,SC-F262A6CCE466D738,FUND-B987074B21334B3F,IE000ST40PX8,NOT_AVAILABLE,London Stock Exchange,XLON,ASPY,GBP,GBX,0.01,NOT_AVAILABLE,ACTIVE_OBSERVED_IN_CURRENT_LSE_SNAPSHOT,2026-08-22,HIGH,GLOBAL_CYBERSECURITY,DUP-GLOBAL_CYBERSECURITY,ASPY,2021-05-20,2023-10-11,daily,EVD-7F35151F25C6502B,2026-08-22,NO,CURRENT ELIGIBILITY MUST NOT BE BACK-PROJECTED HISTORICALLY
LIST-8334EBFC5AEEA116,SC-100452A51C0A712F,FUND-12C5018C9F5DCE7E,IE00B4K48X80,B4L60K4,London Stock Exchange,XLON,SMEA,GBP,GBX,0.01,28/Sept/2009,ACTIVE_OBSERVED_IN_CURRENT_LSE_SNAPSHOT,2026-08-22,HIGH,EUROPE_BROAD,DUP-EUROPE_BROAD,NOT_FOUND,NOT_AVAILABLE,NOT_AVAILABLE,NOT_AVAILABLE,EVD-0FFBE289C2E411CD;EVD-126460F2BA1C1FA5;EVD-CA16B461ECF155D1;EVD-E2DCE15CDEC03D9A,2026-08-22,NO,CURRENT ELIGIBILITY MUST NOT BE BACK-PROJECTED HISTORICALLY
LIST-83B8652B39F61BF4,SC-93B5C19A4B73C9B2,FUND-C758EFEBA9C7F622,LU1900068328,NOT_AVAILABLE,London Stock Exchange,XLON,AEJ,USD,USD,1,NOT_AVAILABLE,ACTIVE_OBSERVED_IN_CURRENT_LSE_SNAPSHOT,2026-08-22,HIGH,ASIA_PACIFIC_EX_JAPAN,DUP-ASIA_PACIFIC_EX_JAPAN,NOT_FOUND,NOT_AVAILABLE,NOT_AVAILABLE,NOT_AVAILABLE,EVD-44E73C12472C3C50,2026-08-22,NO,CURRENT ELIGIBILITY MUST NOT BE BACK-PROJECTED HISTORICALLY
LIST-83DFF4370C421036,SC-55359FD5CE6DBAE7,FUND-D9311B5E45A51304,JE00B1VS3333,NOT_AVAILABLE,London Stock Exchange,XLON,PHSP,GBP,GBX,0.01,NOT_AVAILABLE,ACTIVE_OBSERVED_IN_CURRENT_LSE_SNAPSHOT,2026-08-22,HIGH,SILVER_PHYSICAL,DUP-SILVER_PHYSICAL,NOT_FOUND,NOT_AVAILABLE,NOT_AVAILABLE,NOT_AVAILABLE,EVD-CF03F645051142B8,2026-08-22,NO,CURRENT ELIGIBILITY MUST NOT BE BACK-PROJECTED HISTORICALLY
LIST-83E56A0B7171CA17,SC-C4B165344F14D103,FUND-C758EFEBA9C7F622,LU1834983477,NOT_AVAILABLE,London Stock Exchange,XLON,CB5,GBP,GBX,0.01,NOT_AVAILABLE,ACTIVE_OBSERVED_IN_CURRENT_LSE_SNAPSHOT,2026-08-22,HIGH,EUROPE_BANKS,DUP-EUROPE_BANKS,NOT_FOUND,NOT_AVAILABLE,NOT_AVAILABLE,NOT_AVAILABLE,EVD-44E73C12472C3C50,2026-08-22,NO,CURRENT ELIGIBILITY MUST NOT BE BACK-PROJECTED HISTORICALLY
LIST-83FA764F3B945C5A,SC-BA0D6982CE0F2ED7,FUND-8B7CBF6C2067F7EB,IE00B42Z5J44,B42Z5J4,London Stock Exchange,XLON,IJPE,EUR,EUR,1,01/Oct/2010,ACTIVE_OBSERVED_IN_CURRENT_LSE_SNAPSHOT,2026-08-22,HIGH,JAPAN_EUR_HEDGED,DUP-JAPAN_EUR_HEDGED,NOT_FOUND,NOT_AVAILABLE,NOT_AVAILABLE,NOT_AVAILABLE,EVD-02164235190B23B6;EVD-0FFBE289C2E411CD;EVD-2BFC5B1C74039E28;EVD-C5043C2C0E99672C,2026-08-22,NO,CURRENT ELIGIBILITY MUST NOT BE BACK-PROJECTED HISTORICALLY
LIST-8449344A57B92044,SC-B6AADE5061FF5ED2,FUND-BB6B7E7B9401E72D,IE00B5L8K969,B5L8K96,London Stock Exchange,XLON,CEMA,USD,USD,1,15/Sept/2010,ACTIVE_OBSERVED_IN_CURRENT_LSE_SNAPSHOT,2026-08-22,HIGH,EMERGING_ASIA,DUP-EMERGING_ASIA,NOT_FOUND,NOT_AVAILABLE,NOT_AVAILABLE,NOT_AVAILABLE,EVD-0FFBE289C2E411CD;EVD-51B0562A0AF46A21;EVD-9002ABA1491497A2;EVD-BCFFF53E5CE208CE,2026-08-22,NO,CURRENT ELIGIBILITY MUST NOT BE BACK-PROJECTED HISTORICALLY
LIST-84FEDAD98B48C4B9,SC-5787F9C7B1F509EE,FUND-B756E6B19C71172A,IE000YDZG487,NOT_AVAILABLE,London Stock Exchange,XLON,HNSS,GBP,GBX,0.01,NOT_AVAILABLE,ACTIVE_OBSERVED_IN_CURRENT_LSE_SNAPSHOT,2026-08-22,HIGH,GLOBAL_SEMICONDUCTORS,DUP-GLOBAL_SEMICONDUCTORS,NOT_FOUND,NOT_AVAILABLE,NOT_AVAILABLE,NOT_AVAILABLE,EVD-B8D85809D7E97B44,2026-08-22,NO,CURRENT ELIGIBILITY MUST NOT BE BACK-PROJECTED HISTORICALLY
LIST-852AFB474A5A9695,SC-CDA97D24D47602B3,FUND-75D49E6BCADC4645,IE00BHZRQZ17,NOT_AVAILABLE,London Stock Exchange,XLON,FLXI,USD,USD,1,NOT_AVAILABLE,ACTIVE_OBSERVED_IN_CURRENT_LSE_SNAPSHOT,2026-08-22,HIGH,INDIA,DUP-INDIA,FLXI,2026-02-26,2026-07-13,daily,EVD-0B58F81C4555E7C8,2026-08-22,NO,CURRENT ELIGIBILITY MUST NOT BE BACK-PROJECTED HISTORICALLY
LIST-86A26EDF7047CE8C,SC-0A5B1D8BDF44932C,FUND-1CE38F53B0B1849F,IE0031442068,B1CDG49,London Stock Exchange,XLON,IDUS,USD,USD,1,15/Mar/2002,ACTIVE_OBSERVED_IN_CURRENT_LSE_SNAPSHOT,2026-08-22,HIGH,US_BROAD_LARGE_CAP,DUP-US_BROAD_LARGE_CAP,NOT_FOUND,NOT_AVAILABLE,NOT_AVAILABLE,NOT_AVAILABLE,EVD-0FFBE289C2E411CD;EVD-855C8FDB9F99A9E6;EVD-A4DE90620BC0EBFF;EVD-DA8E065587612B90,2026-08-22,NO,CURRENT ELIGIBILITY MUST NOT BE BACK-PROJECTED HISTORICALLY
LIST-86A9A4ADD26087B2,SC-41066A3F559B32A4,FUND-8B7CBF6C2067F7EB,IE00B42YS929,B42YS92,London Stock Exchange,XLON,IGWD,GBP,GBX,0.01,01/Oct/2010,ACTIVE_OBSERVED_IN_CURRENT_LSE_SNAPSHOT,2026-08-22,HIGH,GLOBAL_DEVELOPED_WORLD_GBP_HEDGED,DUP-GLOBAL_DEVELOPED_WORLD_GBP_HEDGED,NOT_FOUND,NOT_AVAILABLE,NOT_AVAILABLE,NOT_AVAILABLE,EVD-0FFBE289C2E411CD;EVD-5336A8B6A67B32F8;EVD-C5043C2C0E99672C;EVD-EA2FC4A213F6F275,2026-08-22,NO,CURRENT ELIGIBILITY MUST NOT BE BACK-PROJECTED HISTORICALLY
LIST-883D77C1EE2F46A5,SC-39E36928D1B02BFA,FUND-D9311B5E45A51304,IE000VDH1PG3,NOT_AVAILABLE,London Stock Exchange,XLON,WSPG,GBP,GBX,0.01,NOT_AVAILABLE,ACTIVE_OBSERVED_IN_CURRENT_LSE_SNAPSHOT,2026-08-22,HIGH,GLOBAL_SPACE,DUP-GLOBAL_SPACE,NOT_FOUND,NOT_AVAILABLE,NOT_AVAILABLE,NOT_AVAILABLE,EVD-923FC54891541369,2026-08-22,NO,CURRENT ELIGIBILITY MUST NOT BE BACK-PROJECTED HISTORICALLY
LIST-890D64B9BF1F5F9C,SC-2E125BCEE806464A,FUND-D8DFAF359D3A1B94,IE00BF16M727,NOT_AVAILABLE,London Stock Exchange,XLON,CIBR,USD,USD,1,NOT_AVAILABLE,ACTIVE_OBSERVED_IN_CURRENT_LSE_SNAPSHOT,2026-08-22,HIGH,GLOBAL_CYBERSECURITY,DUP-GLOBAL_CYBERSECURITY,CIBR,2021-05-20,2026-07-13,daily,EVD-C700056C10DB9EF8,2026-08-22,NO,CURRENT ELIGIBILITY MUST NOT BE BACK-PROJECTED HISTORICALLY
LIST-897AD72803630229,SC-A94C592403385AC4,FUND-70AECA3C35FB043E,IE000ISS8DB2,NOT_AVAILABLE,London Stock Exchange,XLON,XSWD,USD,USD,1,NOT_AVAILABLE,ACTIVE_OBSERVED_IN_CURRENT_LSE_SNAPSHOT,2026-08-22,HIGH,GLOBAL_SMALL_CAP,DUP-GLOBAL_SMALL_CAP,NOT_FOUND,NOT_AVAILABLE,NOT_AVAILABLE,NOT_AVAILABLE,EVD-4D687259B8938442;EVD-8D9DB0D7594E3A83,2026-08-22,NO,CURRENT ELIGIBILITY MUST NOT BE BACK-PROJECTED HISTORICALLY
LIST-89A55C70F6D52D62,SC-343099C17C765F8E,FUND-F26C5F58336A1D6C,IE00072RHT03,NOT_AVAILABLE,London Stock Exchange,XLON,ICBR,USD,USD,1,NOT_AVAILABLE,ACTIVE_OBSERVED_IN_CURRENT_LSE_SNAPSHOT,2026-08-22,HIGH,GLOBAL_CYBERSECURITY,DUP-GLOBAL_CYBERSECURITY,NOT_FOUND,NOT_AVAILABLE,NOT_AVAILABLE,NOT_AVAILABLE,EVD-B8D85809D7E97B44,2026-08-22,NO,CURRENT ELIGIBILITY MUST NOT BE BACK-PROJECTED HISTORICALLY
LIST-89C63DDE6DEB254E,SC-E44C65B1A3A31715,FUND-70AECA3C35FB043E,IE00BM67HS53,NOT_AVAILABLE,London Stock Exchange,XLON,XSMW,GBP,GBX,0.01,NOT_AVAILABLE,ACTIVE_OBSERVED_IN_CURRENT_LSE_SNAPSHOT,2026-08-22,HIGH,GLOBAL_MATERIALS,DUP-GLOBAL_MATERIALS,NOT_FOUND,NOT_AVAILABLE,NOT_AVAILABLE,NOT_AVAILABLE,EVD-8D9DB0D7594E3A83,2026-08-22,NO,CURRENT ELIGIBILITY MUST NOT BE BACK-PROJECTED HISTORICALLY
LIST-8A311B083A50597F,SC-1587F085EBA177A2,FUND-12C5018C9F5DCE7E,IE00B4L60H17,B4L60H1,London Stock Exchange,XLON,ISXF,GBP,GBX,0.01,28/Sept/2009,ACTIVE_OBSERVED_IN_CURRENT_LSE_SNAPSHOT,2026-08-22,HIGH,GBP_CORPORATE_IG,DUP-GBP_CORPORATE_IG,NOT_FOUND,NOT_AVAILABLE,NOT_AVAILABLE,NOT_AVAILABLE,EVD-0FFBE289C2E411CD;EVD-8235A4D53A91D1F1;EVD-8EE20748CE2D491D;EVD-CA16B461ECF155D1,2026-08-22,NO,CURRENT ELIGIBILITY MUST NOT BE BACK-PROJECTED HISTORICALLY
LIST-8A35ACC839C7C4E1,SC-159B8D5D69211155,FUND-C758EFEBA9C7F622,LU1900066975,NOT_AVAILABLE,London Stock Exchange,XLON,KRW,USD,USD,1,NOT_AVAILABLE,ACTIVE_OBSERVED_IN_CURRENT_LSE_SNAPSHOT,2026-08-22,HIGH,SOUTH_KOREA,DUP-SOUTH_KOREA,NOT_FOUND,NOT_AVAILABLE,NOT_AVAILABLE,NOT_AVAILABLE,EVD-44E73C12472C3C50,2026-08-22,NO,CURRENT ELIGIBILITY MUST NOT BE BACK-PROJECTED HISTORICALLY
LIST-8B13884E3BB95C07,SC-540192216A0B021A,FUND-B756E6B19C71172A,IE0007P4PBU1,NOT_AVAILABLE,London Stock Exchange,XLON,HCHS,GBP,GBX,0.01,NOT_AVAILABLE,ACTIVE_OBSERVED_IN_CURRENT_LSE_SNAPSHOT,2026-08-22,HIGH,CHINA_BROAD,DUP-CHINA_BROAD,NOT_FOUND,NOT_AVAILABLE,NOT_AVAILABLE,NOT_AVAILABLE,EVD-C0EF477187E75E39,2026-08-22,NO,CURRENT ELIGIBILITY MUST NOT BE BACK-PROJECTED HISTORICALLY
LIST-8BB39D39D7F141E5,SC-629915B5941C7CF7,FUND-F26C5F58336A1D6C,IE00BMDBMV87,NOT_AVAILABLE,London Stock Exchange,XLON,ESJS,GBP,GBX,0.01,NOT_AVAILABLE,ACTIVE_OBSERVED_IN_CURRENT_LSE_SNAPSHOT,2026-08-22,HIGH,JAPAN,DUP-JAPAN,NOT_FOUND,NOT_AVAILABLE,NOT_AVAILABLE,NOT_AVAILABLE,EVD-8E74500060C264FE,2026-08-22,NO,CURRENT ELIGIBILITY MUST NOT BE BACK-PROJECTED HISTORICALLY
LIST-8BCDDB9776628D8A,SC-64AAE730428DECDB,FUND-00EB340FCEBC3AF9,IE000K3YPA16,NOT_AVAILABLE,London Stock Exchange,XLON,KWEH,EUR,EUR,1,NOT_AVAILABLE,ACTIVE_OBSERVED_IN_CURRENT_LSE_SNAPSHOT,2026-08-22,HIGH,CHINA_INTERNET,DUP-CHINA_INTERNET,NOT_FOUND,NOT_AVAILABLE,NOT_AVAILABLE,NOT_AVAILABLE,EVD-7F35151F25C6502B,2026-08-22,NO,CURRENT ELIGIBILITY MUST NOT BE BACK-PROJECTED HISTORICALLY
LIST-8BDD0AB8EF9DDFB6,SC-BDCDFAE219FB8666,FUND-BC9A1266ABD531D4,IE00094FRAA6,NOT_AVAILABLE,London Stock Exchange,XLON,CAUT,USD,USD,1,NOT_AVAILABLE,ACTIVE_OBSERVED_IN_CURRENT_LSE_SNAPSHOT,2026-08-22,HIGH,GLOBAL_BATTERY_EV,DUP-GLOBAL_BATTERY_EV,NOT_FOUND,NOT_AVAILABLE,NOT_AVAILABLE,NOT_AVAILABLE,EVD-2B2E092D8EB76897,2026-08-22,NO,CURRENT ELIGIBILITY MUST NOT BE BACK-PROJECTED HISTORICALLY
LIST-8BF0216B1F591B89,SC-B567AB131D3844A8,FUND-62FD00F4EAE03DD2,IE000Y187J49,NOT_AVAILABLE,London Stock Exchange,XLON,RNTG,GBP,GBX,0.01,NOT_AVAILABLE,ACTIVE_OBSERVED_IN_CURRENT_LSE_SNAPSHOT,2026-08-22,HIGH,LATIN_AMERICA,DUP-LATIN_AMERICA,NOT_FOUND,NOT_AVAILABLE,NOT_AVAILABLE,NOT_AVAILABLE,EVD-2B2E092D8EB76897;EVD-A6E53D0318F1EF38,2026-08-22,NO,CURRENT ELIGIBILITY MUST NOT BE BACK-PROJECTED HISTORICALLY
LIST-8C01D23BAC4BB4A1,SC-B8E017DE72EA01B2,FUND-70AECA3C35FB043E,IE00BGV5VM45,NOT_AVAILABLE,London Stock Exchange,XLON,XUEK,GBP,GBX,0.01,NOT_AVAILABLE,ACTIVE_OBSERVED_IN_CURRENT_LSE_SNAPSHOT,2026-08-22,HIGH,EUROPE_EX_UK,DUP-EUROPE_EX_UK,NOT_FOUND,NOT_AVAILABLE,NOT_AVAILABLE,NOT_AVAILABLE,EVD-8D9DB0D7594E3A83,2026-08-22,NO,CURRENT ELIGIBILITY MUST NOT BE BACK-PROJECTED HISTORICALLY
LIST-8C509F7BD4FAFF1D,SC-CE0CE96667393931,FUND-B987074B21334B3F,IE000BLN64M9,NOT_AVAILABLE,London Stock Exchange,XLON,ETRA,GBP,GBX,0.01,NOT_AVAILABLE,ACTIVE_OBSERVED_IN_CURRENT_LSE_SNAPSHOT,2026-08-22,HIGH,GLOBAL_CLEAN_ENERGY,DUP-GLOBAL_CLEAN_ENERGY,NOT_FOUND,NOT_AVAILABLE,NOT_AVAILABLE,NOT_AVAILABLE,EVD-4AE0CB96D1C0A4DD,2026-08-22,NO,CURRENT ELIGIBILITY MUST NOT BE BACK-PROJECTED HISTORICALLY
LIST-8C6039F79BD309E4,SC-D4C74D7329722B63,FUND-AF22D94F198F81DE,IE00B1FZSD53,B1G52V0,London Stock Exchange,XLON,INXG,GBP,GBX,0.01,01/Dec/2006,ACTIVE_OBSERVED_IN_CURRENT_LSE_SNAPSHOT,2026-08-22,HIGH,UK_INDEX_LINKED_GILTS,DUP-UK_INDEX_LINKED_GILTS,NOT_FOUND,NOT_AVAILABLE,NOT_AVAILABLE,NOT_AVAILABLE,EVD-0FFBE289C2E411CD;EVD-21175A3624632D99;EVD-2FE30147514CE2B4;EVD-A2829503C96506F8,2026-08-22,NO,CURRENT ELIGIBILITY MUST NOT BE BACK-PROJECTED HISTORICALLY
LIST-8CC5A13E0916E9F1,SC-5808793C0BBF5B74,FUND-F26C5F58336A1D6C,IE00B42Q4896,NOT_AVAILABLE,London Stock Exchange,XLON,XLFQ,GBP,GBX,0.01,NOT_AVAILABLE,ACTIVE_OBSERVED_IN_CURRENT_LSE_SNAPSHOT,2026-08-22,HIGH,US_FINANCIALS,DUP-US_FINANCIALS,NOT_FOUND,NOT_AVAILABLE,NOT_AVAILABLE,NOT_AVAILABLE,EVD-EB0762A0D9B5DA0F,2026-08-22,NO,CURRENT ELIGIBILITY MUST NOT BE BACK-PROJECTED HISTORICALLY
LIST-8E0D21D8A41728FC,SC-F63AD1E709876DE7,FUND-F26C5F58336A1D6C,IE00BQ70R696,NOT_AVAILABLE,London Stock Exchange,XLON,SBIO,USD,USD,1,NOT_AVAILABLE,ACTIVE_OBSERVED_IN_CURRENT_LSE_SNAPSHOT,2026-08-22,HIGH,GLOBAL_BIOTECHNOLOGY,DUP-GLOBAL_BIOTECHNOLOGY,SBIO,2021-05-20,2026-07-13,daily,EVD-EB0762A0D9B5DA0F,2026-08-22,NO,CURRENT ELIGIBILITY MUST NOT BE BACK-PROJECTED HISTORICALLY
LIST-8F086B24DF7C8EBB,SC-9D5DD3F02B520CD6,FUND-F26C5F58336A1D6C,IE0032077012,NOT_AVAILABLE,London Stock Exchange,XLON,EQQQ,GBP,GBX,0.01,NOT_AVAILABLE,ACTIVE_OBSERVED_IN_CURRENT_LSE_SNAPSHOT,2026-08-22,HIGH,US_NASDAQ_100,DUP-US_NASDAQ_100,NOT_FOUND,NOT_AVAILABLE,NOT_AVAILABLE,NOT_AVAILABLE,EVD-5359C33294EB76A9,2026-08-22,NO,CURRENT ELIGIBILITY MUST NOT BE BACK-PROJECTED HISTORICALLY
LIST-8F2CA6637A5CA2DF,SC-337DDBD147F50AF1,FUND-B987074B21334B3F,IE00BK5BC677,NOT_AVAILABLE,London Stock Exchange,XLON,DOCG,GBP,GBX,0.01,NOT_AVAILABLE,ACTIVE_OBSERVED_IN_CURRENT_LSE_SNAPSHOT,2026-08-22,HIGH,GLOBAL_HEALTHCARE,DUP-GLOBAL_HEALTHCARE,NOT_FOUND,NOT_AVAILABLE,NOT_AVAILABLE,NOT_AVAILABLE,EVD-7F35151F25C6502B,2026-08-22,NO,CURRENT ELIGIBILITY MUST NOT BE BACK-PROJECTED HISTORICALLY
LIST-8F3A29DAE7CFED82,SC-526F9DC33785041F,FUND-EB7A6A967272227B,IE000Q9W2IR3,NOT_AVAILABLE,London Stock Exchange,XLON,AIAA,GBP,GBX,0.01,NOT_AVAILABLE,ACTIVE_OBSERVED_IN_CURRENT_LSE_SNAPSHOT,2026-08-22,HIGH,GLOBAL_AI,DUP-GLOBAL_AI,NOT_FOUND,NOT_AVAILABLE,NOT_AVAILABLE,NOT_AVAILABLE,EVD-0FFBE289C2E411CD;EVD-CA16B461ECF155D1;EVD-D2DF2B166FB8BE33,2026-08-22,NO,CURRENT ELIGIBILITY MUST NOT BE BACK-PROJECTED HISTORICALLY
LIST-8F87D39957C15421,SC-5787F9C7B1F509EE,FUND-B756E6B19C71172A,IE000YDZG487,NOT_AVAILABLE,London Stock Exchange,XLON,HNSC,USD,USD,1,NOT_AVAILABLE,ACTIVE_OBSERVED_IN_CURRENT_LSE_SNAPSHOT,2026-08-22,HIGH,GLOBAL_SEMICONDUCTORS,DUP-GLOBAL_SEMICONDUCTORS,NOT_FOUND,NOT_AVAILABLE,NOT_AVAILABLE,NOT_AVAILABLE,EVD-B8D85809D7E97B44,2026-08-22,NO,CURRENT ELIGIBILITY MUST NOT BE BACK-PROJECTED HISTORICALLY
LIST-8FDF039CA5DA0FE3,SC-159B8D5D69211155,FUND-C758EFEBA9C7F622,LU1900066975,NOT_AVAILABLE,London Stock Exchange,XLON,KRWL,GBP,GBX,0.01,NOT_AVAILABLE,ACTIVE_OBSERVED_IN_CURRENT_LSE_SNAPSHOT,2026-08-22,HIGH,SOUTH_KOREA,DUP-SOUTH_KOREA,NOT_FOUND,NOT_AVAILABLE,NOT_AVAILABLE,NOT_AVAILABLE,EVD-44E73C12472C3C50,2026-08-22,NO,CURRENT ELIGIBILITY MUST NOT BE BACK-PROJECTED HISTORICALLY
LIST-9031D7507274ACF5,SC-18669607404610C3,FUND-D9311B5E45A51304,JE00BQRFDY49,NOT_AVAILABLE,London Stock Exchange,XLON,WSLV,USD,USD,1,NOT_AVAILABLE,ACTIVE_OBSERVED_IN_CURRENT_LSE_SNAPSHOT,2026-08-22,HIGH,SILVER_PHYSICAL,DUP-SILVER_PHYSICAL,NOT_FOUND,NOT_AVAILABLE,NOT_AVAILABLE,NOT_AVAILABLE,EVD-CF03F645051142B8,2026-08-22,NO,CURRENT ELIGIBILITY MUST NOT BE BACK-PROJECTED HISTORICALLY
LIST-908AD7DC96CBA5C7,SC-8B35089C19FC0263,FUND-EB7A6A967272227B,IE00BYZK4552,NOT_AVAILABLE,London Stock Exchange,XLON,RBTX,GBP,GBX,0.01,NOT_AVAILABLE,ACTIVE_OBSERVED_IN_CURRENT_LSE_SNAPSHOT,2026-08-22,HIGH,GLOBAL_ROBOTICS_AUTOMATION,DUP-GLOBAL_ROBOTICS_AUTOMATION,NOT_FOUND,NOT_AVAILABLE,NOT_AVAILABLE,NOT_AVAILABLE,EVD-0FFBE289C2E411CD;EVD-B295451B6FD33A28;EVD-C8AC84410D51D02B,2026-08-22,NO,CURRENT ELIGIBILITY MUST NOT BE BACK-PROJECTED HISTORICALLY
LIST-914DA305EAD4307B,SC-066427AC4EBC84E4,FUND-1CE38F53B0B1849F,IE0005042456,BD8BS01,London Stock Exchange,XLON,ISFU,USD,USD,1,28/Nov/2016,ACTIVE_OBSERVED_IN_CURRENT_LSE_SNAPSHOT,2026-08-22,HIGH,UK_LARGE_CAP,DUP-UK_LARGE_CAP,NOT_FOUND,NOT_AVAILABLE,NOT_AVAILABLE,NOT_AVAILABLE,EVD-0FFBE289C2E411CD;EVD-73DD1C6502ED56BC;EVD-A4DE90620BC0EBFF;EVD-CEAC2F5E15F4B153,2026-08-22,NO,CURRENT ELIGIBILITY MUST NOT BE BACK-PROJECTED HISTORICALLY
LIST-91702607131A396B,SC-4D88ACE511E2627D,FUND-EB7A6A967272227B,IE000PTMIE90,NOT_AVAILABLE,London Stock Exchange,XLON,BLDR,GBP,GBX,0.01,NOT_AVAILABLE,ACTIVE_OBSERVED_IN_CURRENT_LSE_SNAPSHOT,2026-08-22,HIGH,EUROPE_INFRASTRUCTURE,DUP-EUROPE_INFRASTRUCTURE,BLDR,2021-05-20,2026-07-13,"daily,minute",EVD-0FFBE289C2E411CD;EVD-518758644CF54D3B;EVD-A2829503C96506F8,2026-08-22,NO,CURRENT ELIGIBILITY MUST NOT BE BACK-PROJECTED HISTORICALLY
LIST-91E7FD2F29043124,SC-683DABEC7BF43396,FUND-D8DFAF359D3A1B94,IE000J5PESP7,NOT_AVAILABLE,London Stock Exchange,XLON,RCTU,USD,USD,1,NOT_AVAILABLE,ACTIVE_OBSERVED_IN_CURRENT_LSE_SNAPSHOT,2026-08-22,HIGH,GLOBAL_URANIUM_NUCLEAR,DUP-GLOBAL_URANIUM_NUCLEAR,NOT_FOUND,NOT_AVAILABLE,NOT_AVAILABLE,NOT_AVAILABLE,EVD-3D157DD46A6981D3,2026-08-22,NO,CURRENT ELIGIBILITY MUST NOT BE BACK-PROJECTED HISTORICALLY
LIST-9234A21329479B04,SC-51D08EFE04B269ED,FUND-A7B91B5CD792FED5,DE000A2T0VS9,NOT_AVAILABLE,London Stock Exchange,XLON,XSLR,USD,USD,1,NOT_AVAILABLE,ACTIVE_OBSERVED_IN_CURRENT_LSE_SNAPSHOT,2026-08-22,HIGH,SILVER_PHYSICAL,DUP-SILVER_PHYSICAL,NOT_FOUND,NOT_AVAILABLE,NOT_AVAILABLE,NOT_AVAILABLE,EVD-02242D75444BB6D4,2026-08-22,NO,CURRENT ELIGIBILITY MUST NOT BE BACK-PROJECTED HISTORICALLY
LIST-92F25A69A465B709,SC-0D0FD9B05CACFBE3,FUND-D9311B5E45A51304,GB00B15KXX56,NOT_AVAILABLE,London Stock Exchange,XLON,BULP,GBP,GBX,0.01,NOT_AVAILABLE,ACTIVE_OBSERVED_IN_CURRENT_LSE_SNAPSHOT,2026-08-22,HIGH,GOLD,DUP-GOLD,NOT_FOUND,NOT_AVAILABLE,NOT_AVAILABLE,NOT_AVAILABLE,EVD-4921408E7142F4D1;EVD-CF03F645051142B8,2026-08-22,NO,CURRENT ELIGIBILITY MUST NOT BE BACK-PROJECTED HISTORICALLY
LIST-93528E69A16F8C68,SC-55359FD5CE6DBAE7,FUND-D9311B5E45A51304,JE00B1VS3333,NOT_AVAILABLE,London Stock Exchange,XLON,PHAG,USD,USD,1,NOT_AVAILABLE,ACTIVE_OBSERVED_IN_CURRENT_LSE_SNAPSHOT,2026-08-22,HIGH,SILVER_PHYSICAL,DUP-SILVER_PHYSICAL,NOT_FOUND,NOT_AVAILABLE,NOT_AVAILABLE,NOT_AVAILABLE,EVD-CF03F645051142B8,2026-08-22,NO,CURRENT ELIGIBILITY MUST NOT BE BACK-PROJECTED HISTORICALLY
LIST-935314F567CA7A98,SC-343099C17C765F8E,FUND-F26C5F58336A1D6C,IE00072RHT03,NOT_AVAILABLE,London Stock Exchange,XLON,CBRX,GBP,GBX,0.01,NOT_AVAILABLE,ACTIVE_OBSERVED_IN_CURRENT_LSE_SNAPSHOT,2026-08-22,HIGH,GLOBAL_CYBERSECURITY,DUP-GLOBAL_CYBERSECURITY,CBRX,2026-05-29,2026-07-13,daily,EVD-B8D85809D7E97B44,2026-08-22,NO,CURRENT ELIGIBILITY MUST NOT BE BACK-PROJECTED HISTORICALLY
LIST-93C5FEAA57FCCED5,SC-66D3C41997017B0F,FUND-B987074B21334B3F,IE00BF0M6N54,NOT_AVAILABLE,London Stock Exchange,XLON,ECOG,GBP,GBX,0.01,NOT_AVAILABLE,ACTIVE_OBSERVED_IN_CURRENT_LSE_SNAPSHOT,2026-08-22,HIGH,GLOBAL_TRANSPORTATION,DUP-GLOBAL_TRANSPORTATION,NOT_FOUND,NOT_AVAILABLE,NOT_AVAILABLE,NOT_AVAILABLE,EVD-7F35151F25C6502B,2026-08-22,NO,CURRENT ELIGIBILITY MUST NOT BE BACK-PROJECTED HISTORICALLY
LIST-941EA47E8BA3924E,SC-67B64720685885D6,FUND-0189B25A4FCFB148,IE00BCBJF711,NOT_AVAILABLE,London Stock Exchange,XLON,SUKC,GBP,GBX,0.01,NOT_AVAILABLE,ACTIVE_OBSERVED_IN_CURRENT_LSE_SNAPSHOT,2026-08-22,HIGH,GBP_CORPORATE_IG,DUP-GBP_CORPORATE_IG,NOT_FOUND,NOT_AVAILABLE,NOT_AVAILABLE,NOT_AVAILABLE,EVD-99545ABABD127584,2026-08-22,NO,CURRENT ELIGIBILITY MUST NOT BE BACK-PROJECTED HISTORICALLY
LIST-945C0C60DABD14CE,SC-FDF155B1F0B405F8,FUND-EB7A6A967272227B,IE00BYZK4776,NOT_AVAILABLE,London Stock Exchange,XLON,HEAL,USD,USD,1,NOT_AVAILABLE,ACTIVE_OBSERVED_IN_CURRENT_LSE_SNAPSHOT,2026-08-22,HIGH,GLOBAL_HEALTHCARE,DUP-GLOBAL_HEALTHCARE,HEAL,2025-04-01,2026-07-13,daily,EVD-0FFBE289C2E411CD;EVD-A4DE90620BC0EBFF;EVD-CB3FE38915004BFF,2026-08-22,NO,CURRENT ELIGIBILITY MUST NOT BE BACK-PROJECTED HISTORICALLY
LIST-958190167CC05BF5,SC-F43D10A2D10BD4E6,FUND-B756E6B19C71172A,IE00BKY58625,NOT_AVAILABLE,London Stock Exchange,XLON,HSXE,GBP,GBX,0.01,NOT_AVAILABLE,ACTIVE_OBSERVED_IN_CURRENT_LSE_SNAPSHOT,2026-08-22,HIGH,EUROPE_EX_UK,DUP-EUROPE_EX_UK,NOT_FOUND,NOT_AVAILABLE,NOT_AVAILABLE,NOT_AVAILABLE,EVD-C0EF477187E75E39,2026-08-22,NO,CURRENT ELIGIBILITY MUST NOT BE BACK-PROJECTED HISTORICALLY
LIST-9661BDDB9304BADA,SC-E117F394D5F7A078,FUND-E42479B2B86DA0C7,IE000WNEYKM1,NOT_AVAILABLE,London Stock Exchange,XLON,GBPO,GBP,GBX,0.01,NOT_AVAILABLE,ACTIVE_OBSERVED_IN_CURRENT_LSE_SNAPSHOT,2026-08-22,HIGH,GBP_OVERNIGHT_CASH,DUP-GBP_OVERNIGHT_CASH,NOT_FOUND,NOT_AVAILABLE,NOT_AVAILABLE,NOT_AVAILABLE,EVD-0C5BDB318AC79822,2026-08-22,NO,CURRENT ELIGIBILITY MUST NOT BE BACK-PROJECTED HISTORICALLY
LIST-966A28E666E89B0F,SC-F43D10A2D10BD4E6,FUND-B756E6B19C71172A,IE00BKY58625,NOT_AVAILABLE,London Stock Exchange,XLON,HSXU,USD,USD,1,NOT_AVAILABLE,ACTIVE_OBSERVED_IN_CURRENT_LSE_SNAPSHOT,2026-08-22,HIGH,EUROPE_EX_UK,DUP-EUROPE_EX_UK,NOT_FOUND,NOT_AVAILABLE,NOT_AVAILABLE,NOT_AVAILABLE,EVD-C0EF477187E75E39,2026-08-22,NO,CURRENT ELIGIBILITY MUST NOT BE BACK-PROJECTED HISTORICALLY
LIST-96B18A2F49601F96,SC-8C97ECD6C7AE3484,FUND-0189B25A4FCFB148,IE00BYTRR970,NOT_AVAILABLE,London Stock Exchange,XLON,WFIN,USD,USD,1,NOT_AVAILABLE,ACTIVE_OBSERVED_IN_CURRENT_LSE_SNAPSHOT,2026-08-22,HIGH,EUROPE_FINANCIALS,DUP-EUROPE_FINANCIALS,NOT_FOUND,NOT_AVAILABLE,NOT_AVAILABLE,NOT_AVAILABLE,EVD-99545ABABD127584,2026-08-22,NO,CURRENT ELIGIBILITY MUST NOT BE BACK-PROJECTED HISTORICALLY
LIST-96D73ED60D1841B5,SC-980B42BA53B33DCC,FUND-B756E6B19C71172A,IE000910ZA91,NOT_AVAILABLE,London Stock Exchange,XLON,HPWG,GBP,GBX,0.01,NOT_AVAILABLE,ACTIVE_OBSERVED_IN_CURRENT_LSE_SNAPSHOT,2026-08-22,HIGH,GLOBAL_DEVELOPED_WORLD,DUP-GLOBAL_DEVELOPED_WORLD,NOT_FOUND,NOT_AVAILABLE,NOT_AVAILABLE,NOT_AVAILABLE,EVD-C0EF477187E75E39,2026-08-22,NO,CURRENT ELIGIBILITY MUST NOT BE BACK-PROJECTED HISTORICALLY
LIST-97241FF314AD07E9,SC-4149B806A8697E99,FUND-EB7A6A967272227B,IE000U58J0M1,NOT_AVAILABLE,London Stock Exchange,XLON,INRA,GBP,GBX,0.01,NOT_AVAILABLE,ACTIVE_OBSERVED_IN_CURRENT_LSE_SNAPSHOT,2026-08-22,HIGH,GLOBAL_CLEAN_ENERGY,DUP-GLOBAL_CLEAN_ENERGY,NOT_FOUND,NOT_AVAILABLE,NOT_AVAILABLE,NOT_AVAILABLE,EVD-0FFBE289C2E411CD;EVD-A2829503C96506F8;EVD-C99B67E9B362BF61,2026-08-22,NO,CURRENT ELIGIBILITY MUST NOT BE BACK-PROJECTED HISTORICALLY
LIST-97D1F42F0F517F73,SC-10E314CD595A9F4F,FUND-C758EFEBA9C7F622,LU2573966905,NOT_AVAILABLE,London Stock Exchange,XLON,E127,GBP,GBX,0.01,NOT_AVAILABLE,ACTIVE_OBSERVED_IN_CURRENT_LSE_SNAPSHOT,2026-08-22,HIGH,EMERGING_MARKETS,DUP-EMERGING_MARKETS,NOT_FOUND,NOT_AVAILABLE,NOT_AVAILABLE,NOT_AVAILABLE,EVD-4AE0CB96D1C0A4DD,2026-08-22,NO,CURRENT ELIGIBILITY MUST NOT BE BACK-PROJECTED HISTORICALLY
LIST-97D739B74489B916,SC-278FD2BD8AFB6E7D,FUND-8B7CBF6C2067F7EB,IE00B441G979,B441G97,London Stock Exchange,XLON,IWDE,EUR,EUR,1,01/Oct/2010,ACTIVE_OBSERVED_IN_CURRENT_LSE_SNAPSHOT,2026-08-22,HIGH,GLOBAL_DEVELOPED_WORLD_EUR_HEDGED,DUP-GLOBAL_DEVELOPED_WORLD_EUR_HEDGED,NOT_FOUND,NOT_AVAILABLE,NOT_AVAILABLE,NOT_AVAILABLE,EVD-0FFBE289C2E411CD;EVD-68C4ACB36E16A43F;EVD-C5043C2C0E99672C;EVD-FC1C4B13B4DE6A38,2026-08-22,NO,CURRENT ELIGIBILITY MUST NOT BE BACK-PROJECTED HISTORICALLY
LIST-9814B3A533AE6D8C,SC-7E218ABE921A0699,FUND-FF81D6D974FBB80B,IE000B9PQW54,NOT_AVAILABLE,London Stock Exchange,XLON,CURE,USD,USD,1,NOT_AVAILABLE,ACTIVE_OBSERVED_IN_CURRENT_LSE_SNAPSHOT,2026-08-22,HIGH,GLOBAL_GENOMICS,DUP-GLOBAL_GENOMICS,CURE,2021-05-20,2026-07-13,daily,EVD-898FCF602D1C485C,2026-08-22,NO,CURRENT ELIGIBILITY MUST NOT BE BACK-PROJECTED HISTORICALLY
LIST-995CC989CD8DA1D4,SC-35511C8A32E86336,FUND-E42479B2B86DA0C7,IE000MZFIJ99,NOT_AVAILABLE,London Stock Exchange,XLON,INDE,GBP,GBX,0.01,NOT_AVAILABLE,ACTIVE_OBSERVED_IN_CURRENT_LSE_SNAPSHOT,2026-08-22,HIGH,INDIA,DUP-INDIA,INDE,2023-09-22,2026-07-13,daily,EVD-0C5BDB318AC79822,2026-08-22,NO,CURRENT ELIGIBILITY MUST NOT BE BACK-PROJECTED HISTORICALLY
LIST-997874EE2C2C6018,SC-09D0C4F1E2696EF9,FUND-F26C5F58336A1D6C,IE00067X7JX0,NOT_AVAILABLE,London Stock Exchange,XLON,SXEW,GBP,GBX,0.01,NOT_AVAILABLE,ACTIVE_OBSERVED_IN_CURRENT_LSE_SNAPSHOT,2026-08-22,HIGH,EUROZONE,DUP-EUROZONE,NOT_FOUND,NOT_AVAILABLE,NOT_AVAILABLE,NOT_AVAILABLE,EVD-8E74500060C264FE,2026-08-22,NO,CURRENT ELIGIBILITY MUST NOT BE BACK-PROJECTED HISTORICALLY
LIST-998898C37A54D882,SC-C292687DE8684621,FUND-D9311B5E45A51304,GB00B15KY989,NOT_AVAILABLE,London Stock Exchange,XLON,AGCP,GBP,GBX,0.01,NOT_AVAILABLE,ACTIVE_OBSERVED_IN_CURRENT_LSE_SNAPSHOT,2026-08-22,HIGH,BROAD_COMMODITIES,DUP-BROAD_COMMODITIES,NOT_FOUND,NOT_AVAILABLE,NOT_AVAILABLE,NOT_AVAILABLE,EVD-4921408E7142F4D1,2026-08-22,NO,CURRENT ELIGIBILITY MUST NOT BE BACK-PROJECTED HISTORICALLY
LIST-99C99C17CA9A64D4,SC-540192216A0B021A,FUND-B756E6B19C71172A,IE0007P4PBU1,NOT_AVAILABLE,London Stock Exchange,XLON,HCHA,USD,USD,1,NOT_AVAILABLE,ACTIVE_OBSERVED_IN_CURRENT_LSE_SNAPSHOT,2026-08-22,HIGH,CHINA_BROAD,DUP-CHINA_BROAD,NOT_FOUND,NOT_AVAILABLE,NOT_AVAILABLE,NOT_AVAILABLE,EVD-C0EF477187E75E39,2026-08-22,NO,CURRENT ELIGIBILITY MUST NOT BE BACK-PROJECTED HISTORICALLY
LIST-99CDB032CF102563,SC-35CBDF5715143FFC,FUND-F26C5F58336A1D6C,IE00B60SWY32,NOT_AVAILABLE,London Stock Exchange,XLON,SMEU,USD,USD,1,NOT_AVAILABLE,ACTIVE_OBSERVED_IN_CURRENT_LSE_SNAPSHOT,2026-08-22,HIGH,EUROPE_BROAD,DUP-EUROPE_BROAD,NOT_FOUND,NOT_AVAILABLE,NOT_AVAILABLE,NOT_AVAILABLE,EVD-EB0762A0D9B5DA0F,2026-08-22,NO,CURRENT ELIGIBILITY MUST NOT BE BACK-PROJECTED HISTORICALLY
LIST-9A4B308E666C3988,SC-0A5B1D8BDF44932C,FUND-1CE38F53B0B1849F,IE0031442068,3144206,London Stock Exchange,XLON,IUSA,GBP,GBX,0.01,15/Mar/2002,ACTIVE_OBSERVED_IN_CURRENT_LSE_SNAPSHOT,2026-08-22,HIGH,US_BROAD_LARGE_CAP,DUP-US_BROAD_LARGE_CAP,IUSA,2022-01-20,2023-01-13,daily,EVD-0FFBE289C2E411CD;EVD-855C8FDB9F99A9E6;EVD-A4DE90620BC0EBFF;EVD-DA8E065587612B90,2026-08-22,NO,CURRENT ELIGIBILITY MUST NOT BE BACK-PROJECTED HISTORICALLY
LIST-9A75811CA32DFC4B,SC-FEDE443B97CAE00D,FUND-0189B25A4FCFB148,IE00B3W74078,NOT_AVAILABLE,London Stock Exchange,XLON,GLTY,GBP,GBX,0.01,NOT_AVAILABLE,ACTIVE_OBSERVED_IN_CURRENT_LSE_SNAPSHOT,2026-08-22,HIGH,UK_GILTS_ALL,DUP-UK_GILTS_ALL,NOT_FOUND,NOT_AVAILABLE,NOT_AVAILABLE,NOT_AVAILABLE,EVD-A7780916EAF12900,2026-08-22,NO,CURRENT ELIGIBILITY MUST NOT BE BACK-PROJECTED HISTORICALLY
LIST-9A80649115DC177F,SC-C3C91E72C5D07926,FUND-D9311B5E45A51304,IE0002Y8CX98,NOT_AVAILABLE,London Stock Exchange,XLON,WDEP,GBP,GBX,0.01,NOT_AVAILABLE,ACTIVE_OBSERVED_IN_CURRENT_LSE_SNAPSHOT,2026-08-22,HIGH,EUROPE_AEROSPACE_DEFENCE,DUP-EUROPE_AEROSPACE_DEFENCE,NOT_FOUND,NOT_AVAILABLE,NOT_AVAILABLE,NOT_AVAILABLE,EVD-923FC54891541369,2026-08-22,NO,CURRENT ELIGIBILITY MUST NOT BE BACK-PROJECTED HISTORICALLY
LIST-9B73AF39743A431D,SC-F0A4A0E3321BA302,FUND-B756E6B19C71172A,IE000MWUQBJ0,NOT_AVAILABLE,London Stock Exchange,XLON,H50A,GBP,GBX,0.01,NOT_AVAILABLE,ACTIVE_OBSERVED_IN_CURRENT_LSE_SNAPSHOT,2026-08-22,HIGH,EUROZONE,DUP-EUROZONE,NOT_FOUND,NOT_AVAILABLE,NOT_AVAILABLE,NOT_AVAILABLE,EVD-C0EF477187E75E39,2026-08-22,NO,CURRENT ELIGIBILITY MUST NOT BE BACK-PROJECTED HISTORICALLY
LIST-9B7894E43CDDB2B6,SC-07C615ADD232BB80,FUND-BEAA3A82B4C7485E,IE00B810Q511,NOT_AVAILABLE,London Stock Exchange,XLON,VUKE,GBP,GBX,0.01,NOT_AVAILABLE,ACTIVE_OBSERVED_IN_CURRENT_LSE_SNAPSHOT,2026-08-22,HIGH,UK_LARGE_CAP,DUP-UK_LARGE_CAP,NOT_FOUND,NOT_AVAILABLE,NOT_AVAILABLE,NOT_AVAILABLE,EVD-898FCF602D1C485C,2026-08-22,NO,CURRENT ELIGIBILITY MUST NOT BE BACK-PROJECTED HISTORICALLY
LIST-9C288AA614C8DC70,SC-39F2044CE350C5B2,FUND-E42479B2B86DA0C7,LU0446734104,NOT_AVAILABLE,London Stock Exchange,XLON,UIMA,HKD,HKD,1,NOT_AVAILABLE,ACTIVE_OBSERVED_IN_CURRENT_LSE_SNAPSHOT,2026-08-22,HIGH,EUROPE_BROAD,DUP-EUROPE_BROAD,NOT_FOUND,NOT_AVAILABLE,NOT_AVAILABLE,NOT_AVAILABLE,EVD-8B347403996F2BB4,2026-08-22,NO,CURRENT ELIGIBILITY MUST NOT BE BACK-PROJECTED HISTORICALLY
LIST-9C70B3297CC48276,SC-3AA348E8038E44AF,FUND-D9311B5E45A51304,JE00BN2CJ301,NOT_AVAILABLE,London Stock Exchange,XLON,WGLD,USD,USD,1,NOT_AVAILABLE,ACTIVE_OBSERVED_IN_CURRENT_LSE_SNAPSHOT,2026-08-22,HIGH,GOLD,DUP-GOLD,WGLD,2021-05-20,2022-08-22,daily,EVD-CF03F645051142B8,2026-08-22,NO,CURRENT ELIGIBILITY MUST NOT BE BACK-PROJECTED HISTORICALLY
LIST-9D315FB3B59B9019,SC-A3E4A6263EFDF9EE,FUND-E42479B2B86DA0C7,IE00BXDZNQ90,NOT_AVAILABLE,London Stock Exchange,XLON,AUGA,GBP,GBX,0.01,NOT_AVAILABLE,ACTIVE_OBSERVED_IN_CURRENT_LSE_SNAPSHOT,2026-08-22,HIGH,AUSTRALIA,DUP-AUSTRALIA,NOT_FOUND,NOT_AVAILABLE,NOT_AVAILABLE,NOT_AVAILABLE,EVD-0C5BDB318AC79822,2026-08-22,NO,CURRENT ELIGIBILITY MUST NOT BE BACK-PROJECTED HISTORICALLY
LIST-9E3AEA1F5FF88D2D,SC-814DAA9A8BF53537,FUND-C758EFEBA9C7F622,LU0533033071,NOT_AVAILABLE,London Stock Exchange,XLON,FINW,USD,USD,1,NOT_AVAILABLE,ACTIVE_OBSERVED_IN_CURRENT_LSE_SNAPSHOT,2026-08-22,HIGH,GLOBAL_FINANCIALS,DUP-GLOBAL_FINANCIALS,FINW,2021-11-19,2026-07-13,daily,EVD-44E73C12472C3C50,2026-08-22,NO,CURRENT ELIGIBILITY MUST NOT BE BACK-PROJECTED HISTORICALLY
LIST-9F1400E39777DC70,SC-C215008C6D5F5934,FUND-B756E6B19C71172A,IE000JZ473P7,NOT_AVAILABLE,London Stock Exchange,XLON,HSPS,GBP,GBX,0.01,NOT_AVAILABLE,ACTIVE_OBSERVED_IN_CURRENT_LSE_SNAPSHOT,2026-08-22,HIGH,US_BROAD_LARGE_CAP,DUP-US_BROAD_LARGE_CAP,NOT_FOUND,NOT_AVAILABLE,NOT_AVAILABLE,NOT_AVAILABLE,EVD-B8D85809D7E97B44,2026-08-22,NO,CURRENT ELIGIBILITY MUST NOT BE BACK-PROJECTED HISTORICALLY
LIST-9F6D1E511A87DB3D,SC-BABC716018E5B102,FUND-12C5018C9F5DCE7E,IE00B4WXJD03,B4WXJM9,London Stock Exchange,XLON,SPXJ,GBP,GBX,0.01,20/Apr/2009,ACTIVE_OBSERVED_IN_CURRENT_LSE_SNAPSHOT,2026-08-22,HIGH,DEVELOPED_ASIA_PACIFIC,DUP-DEVELOPED_ASIA_PACIFIC,NOT_FOUND,NOT_AVAILABLE,NOT_AVAILABLE,NOT_AVAILABLE,EVD-0FFBE289C2E411CD;EVD-B87989868A47F893;EVD-C6055A644D37AD19;EVD-CA16B461ECF155D1,2026-08-22,NO,CURRENT ELIGIBILITY MUST NOT BE BACK-PROJECTED HISTORICALLY
LIST-9F6E679883B055B1,SC-015A7BBED5492157,FUND-B756E6B19C71172A,IE000I5NV504,NOT_AVAILABLE,London Stock Exchange,XLON,HIUA,USD,USD,1,NOT_AVAILABLE,ACTIVE_OBSERVED_IN_CURRENT_LSE_SNAPSHOT,2026-08-22,HIGH,US_TOTAL_MARKET,DUP-US_TOTAL_MARKET,NOT_FOUND,NOT_AVAILABLE,NOT_AVAILABLE,NOT_AVAILABLE,EVD-C0EF477187E75E39,2026-08-22,NO,CURRENT ELIGIBILITY MUST NOT BE BACK-PROJECTED HISTORICALLY
LIST-9F9C1F4B3E8E4073,SC-EE3CB4B3BCEF6337,FUND-BB6B7E7B9401E72D,IE00B5BMR087,B521C87,London Stock Exchange,XLON,CSP1,GBP,GBX,0.01,15/Sept/2010,ACTIVE_OBSERVED_IN_CURRENT_LSE_SNAPSHOT,2026-08-22,HIGH,US_BROAD_LARGE_CAP,DUP-US_BROAD_LARGE_CAP,NOT_FOUND,NOT_AVAILABLE,NOT_AVAILABLE,NOT_AVAILABLE,EVD-0FFBE289C2E411CD;EVD-7C507492DA836649;EVD-BCFFF53E5CE208CE;EVD-E4F45C5759CFC2B1,2026-08-22,NO,CURRENT ELIGIBILITY MUST NOT BE BACK-PROJECTED HISTORICALLY
LIST-A13C255C2FD8D053,SC-D74DFB9301F75B50,FUND-62FD00F4EAE03DD2,IE000KDY10O3,NOT_AVAILABLE,London Stock Exchange,XLON,SEAL,GBP,GBX,0.01,NOT_AVAILABLE,ACTIVE_OBSERVED_IN_CURRENT_LSE_SNAPSHOT,2026-08-22,HIGH,US_AEROSPACE_DEFENCE,DUP-US_AEROSPACE_DEFENCE,NOT_FOUND,NOT_AVAILABLE,NOT_AVAILABLE,NOT_AVAILABLE,EVD-A6E53D0318F1EF38,2026-08-22,NO,CURRENT ELIGIBILITY MUST NOT BE BACK-PROJECTED HISTORICALLY
LIST-A24B3C7F925C7F36,SC-70A288737D0AD418,FUND-EB7A6A967272227B,IE00BZCQB185,NOT_AVAILABLE,London Stock Exchange,XLON,IIND,GBP,GBX,0.01,NOT_AVAILABLE,ACTIVE_OBSERVED_IN_CURRENT_LSE_SNAPSHOT,2026-08-22,HIGH,INDIA,DUP-INDIA,NOT_FOUND,NOT_AVAILABLE,NOT_AVAILABLE,NOT_AVAILABLE,EVD-0FFBE289C2E411CD;EVD-A6BACDEF59D54318;EVD-C8AC84410D51D02B,2026-08-22,NO,CURRENT ELIGIBILITY MUST NOT BE BACK-PROJECTED HISTORICALLY
LIST-A2758BC995EBC5AF,SC-22D0507E85458063,FUND-7ABE37E3A097D45E,IE000BWKUES1,NOT_AVAILABLE,London Stock Exchange,XLON,AQWG,GBP,GBX,0.01,NOT_AVAILABLE,ACTIVE_OBSERVED_IN_CURRENT_LSE_SNAPSHOT,2026-08-22,HIGH,GLOBAL_WATER,DUP-GLOBAL_WATER,NOT_FOUND,NOT_AVAILABLE,NOT_AVAILABLE,NOT_AVAILABLE,EVD-0B58F81C4555E7C8,2026-08-22,NO,CURRENT ELIGIBILITY MUST NOT BE BACK-PROJECTED HISTORICALLY
LIST-A29E81BCBFDE4D11,SC-B47B272B0D7B7326,FUND-F26C5F58336A1D6C,IE000AIFGRB9,NOT_AVAILABLE,London Stock Exchange,XLON,WEEG,GBP,GBX,0.01,NOT_AVAILABLE,ACTIVE_OBSERVED_IN_CURRENT_LSE_SNAPSHOT,2026-08-22,HIGH,GLOBAL_ENERGY,DUP-GLOBAL_ENERGY,NOT_FOUND,NOT_AVAILABLE,NOT_AVAILABLE,NOT_AVAILABLE,EVD-5359C33294EB76A9,2026-08-22,NO,CURRENT ELIGIBILITY MUST NOT BE BACK-PROJECTED HISTORICALLY
LIST-A2BE5996659DEACC,SC-D74DFB9301F75B50,FUND-62FD00F4EAE03DD2,IE000KDY10O3,NOT_AVAILABLE,London Stock Exchange,XLON,GIJO,USD,USD,1,NOT_AVAILABLE,ACTIVE_OBSERVED_IN_CURRENT_LSE_SNAPSHOT,2026-08-22,HIGH,US_AEROSPACE_DEFENCE,DUP-US_AEROSPACE_DEFENCE,NOT_FOUND,NOT_AVAILABLE,NOT_AVAILABLE,NOT_AVAILABLE,EVD-A6E53D0318F1EF38,2026-08-22,NO,CURRENT ELIGIBILITY MUST NOT BE BACK-PROJECTED HISTORICALLY
LIST-A36F0D56082B7FAD,SC-3108ECD63BA1F32D,FUND-C758EFEBA9C7F622,LU0533033311,NOT_AVAILABLE,London Stock Exchange,XLON,HLTW,USD,USD,1,NOT_AVAILABLE,ACTIVE_OBSERVED_IN_CURRENT_LSE_SNAPSHOT,2026-08-22,HIGH,GLOBAL_HEALTHCARE,DUP-GLOBAL_HEALTHCARE,NOT_FOUND,NOT_AVAILABLE,NOT_AVAILABLE,NOT_AVAILABLE,EVD-44E73C12472C3C50,2026-08-22,NO,CURRENT ELIGIBILITY MUST NOT BE BACK-PROJECTED HISTORICALLY
LIST-A47A3AF3D5A6EDBC,SC-747A8A28A128A1D5,FUND-AF22D94F198F81DE,IE00B1FZSB30,B1G52Y3,London Stock Exchange,XLON,IGLT,GBP,GBX,0.01,01/Dec/2006,ACTIVE_OBSERVED_IN_CURRENT_LSE_SNAPSHOT,2026-08-22,HIGH,UK_GILTS_ALL,DUP-UK_GILTS_ALL,NOT_FOUND,NOT_AVAILABLE,NOT_AVAILABLE,NOT_AVAILABLE,EVD-0FFBE289C2E411CD;EVD-4E288E8F627539E1;EVD-72AAB6BBAE04E1C0;EVD-A2829503C96506F8,2026-08-22,NO,CURRENT ELIGIBILITY MUST NOT BE BACK-PROJECTED HISTORICALLY
LIST-A52DECF9C22B7F46,SC-E73F278DFF04CA25,FUND-62FD00F4EAE03DD2,IE00BJQTJ848,NOT_AVAILABLE,London Stock Exchange,XLON,WELL,USD,USD,1,NOT_AVAILABLE,ACTIVE_OBSERVED_IN_CURRENT_LSE_SNAPSHOT,2026-08-22,HIGH,GLOBAL_HEALTHCARE,DUP-GLOBAL_HEALTHCARE,WELL,2021-05-20,2026-07-13,"daily,minute",EVD-A6E53D0318F1EF38,2026-08-22,NO,CURRENT ELIGIBILITY MUST NOT BE BACK-PROJECTED HISTORICALLY
LIST-A5D661C3F41936E2,SC-D8FE64CBF714E248,FUND-E42479B2B86DA0C7,LU0480132876,NOT_AVAILABLE,London Stock Exchange,XLON,UB30,USD,USD,1,NOT_AVAILABLE,ACTIVE_OBSERVED_IN_CURRENT_LSE_SNAPSHOT,2026-08-22,HIGH,EMERGING_MARKETS,DUP-EMERGING_MARKETS,NOT_FOUND,NOT_AVAILABLE,NOT_AVAILABLE,NOT_AVAILABLE,EVD-8B347403996F2BB4,2026-08-22,NO,CURRENT ELIGIBILITY MUST NOT BE BACK-PROJECTED HISTORICALLY
LIST-A6BC126B12C8ACC1,SC-75B52398E4F71DE5,FUND-1CE38F53B0B1849F,IE00B0M63623,B1CDK14,London Stock Exchange,XLON,IDTW,USD,USD,1,28/Oct/2005,ACTIVE_OBSERVED_IN_CURRENT_LSE_SNAPSHOT,2026-08-22,HIGH,TAIWAN,DUP-TAIWAN,NOT_FOUND,NOT_AVAILABLE,NOT_AVAILABLE,NOT_AVAILABLE,EVD-0FFBE289C2E411CD;EVD-52CCD073451FE5E4;EVD-9FFBA789440E044C;EVD-A4DE90620BC0EBFF,2026-08-22,NO,CURRENT ELIGIBILITY MUST NOT BE BACK-PROJECTED HISTORICALLY
LIST-A6BE4BD6C3E6BEF3,SC-D4E7C16252C32410,FUND-0189B25A4FCFB148,IE00BCBJG560,NOT_AVAILABLE,London Stock Exchange,XLON,WOSC,GBP,GBX,0.01,NOT_AVAILABLE,ACTIVE_OBSERVED_IN_CURRENT_LSE_SNAPSHOT,2026-08-22,HIGH,GLOBAL_SMALL_CAP,DUP-GLOBAL_SMALL_CAP,NOT_FOUND,NOT_AVAILABLE,NOT_AVAILABLE,NOT_AVAILABLE,EVD-99545ABABD127584,2026-08-22,NO,CURRENT ELIGIBILITY MUST NOT BE BACK-PROJECTED HISTORICALLY
LIST-A73DC78D7074C210,SC-66508D772027A9F5,FUND-B987074B21334B3F,IE00BF0BCP69,NOT_AVAILABLE,London Stock Exchange,XLON,BCOM,USD,USD,1,NOT_AVAILABLE,ACTIVE_OBSERVED_IN_CURRENT_LSE_SNAPSHOT,2026-08-22,HIGH,BROAD_COMMODITIES,DUP-BROAD_COMMODITIES,NOT_FOUND,NOT_AVAILABLE,NOT_AVAILABLE,NOT_AVAILABLE,EVD-7F35151F25C6502B,2026-08-22,NO,CURRENT ELIGIBILITY MUST NOT BE BACK-PROJECTED HISTORICALLY
LIST-A769988F15D24B95,SC-8BED0470D7A37089,FUND-BB6B7E7B9401E72D,IE00B53L3W79,BD8BRV5,London Stock Exchange,XLON,ISX5,USD,USD,1,28/Nov/2016,ACTIVE_OBSERVED_IN_CURRENT_LSE_SNAPSHOT,2026-08-22,HIGH,EUROZONE,DUP-EUROZONE,NOT_FOUND,NOT_AVAILABLE,NOT_AVAILABLE,NOT_AVAILABLE,EVD-0FFBE289C2E411CD;EVD-4450A2C52AE82BB7;EVD-A1E8D9170BEF35C7;EVD-BCFFF53E5CE208CE,2026-08-22,NO,CURRENT ELIGIBILITY MUST NOT BE BACK-PROJECTED HISTORICALLY
LIST-A789C0EB4F042A93,SC-CA195D1C9C7829C5,FUND-C758EFEBA9C7F622,LU1781541252,NOT_AVAILABLE,London Stock Exchange,XLON,LCJD,USD,USD,1,NOT_AVAILABLE,ACTIVE_OBSERVED_IN_CURRENT_LSE_SNAPSHOT,2026-08-22,HIGH,JAPAN,DUP-JAPAN,NOT_FOUND,NOT_AVAILABLE,NOT_AVAILABLE,NOT_AVAILABLE,EVD-4AE0CB96D1C0A4DD,2026-08-22,NO,CURRENT ELIGIBILITY MUST NOT BE BACK-PROJECTED HISTORICALLY
LIST-A8FE3314CAB652B7,SC-E9DD569B04DB38D2,FUND-62FD00F4EAE03DD2,IE0005YK6564,NOT_AVAILABLE,London Stock Exchange,XLON,URNP,GBP,GBX,0.01,NOT_AVAILABLE,ACTIVE_OBSERVED_IN_CURRENT_LSE_SNAPSHOT,2026-08-22,HIGH,GLOBAL_URANIUM_NUCLEAR,DUP-GLOBAL_URANIUM_NUCLEAR,NOT_FOUND,NOT_AVAILABLE,NOT_AVAILABLE,NOT_AVAILABLE,EVD-A6E53D0318F1EF38,2026-08-22,NO,CURRENT ELIGIBILITY MUST NOT BE BACK-PROJECTED HISTORICALLY
LIST-A92A42E11D44CC2E,SC-BA1A24E80BB3FD38,FUND-0189B25A4FCFB148,IE00BYTRR863,NOT_AVAILABLE,London Stock Exchange,XLON,WNRG,USD,USD,1,NOT_AVAILABLE,ACTIVE_OBSERVED_IN_CURRENT_LSE_SNAPSHOT,2026-08-22,HIGH,EUROPE_ENERGY,DUP-EUROPE_ENERGY,NOT_FOUND,NOT_AVAILABLE,NOT_AVAILABLE,NOT_AVAILABLE,EVD-99545ABABD127584,2026-08-22,NO,CURRENT ELIGIBILITY MUST NOT BE BACK-PROJECTED HISTORICALLY
LIST-A941DD585C27E323,SC-A98540C1FCF4746A,FUND-D9311B5E45A51304,IE00BJGWQN72,NOT_AVAILABLE,London Stock Exchange,XLON,WCLD,USD,USD,1,NOT_AVAILABLE,ACTIVE_OBSERVED_IN_CURRENT_LSE_SNAPSHOT,2026-08-22,HIGH,GLOBAL_SOFTWARE,DUP-GLOBAL_SOFTWARE,WCLD,2021-05-20,2026-07-13,daily,EVD-923FC54891541369,2026-08-22,NO,CURRENT ELIGIBILITY MUST NOT BE BACK-PROJECTED HISTORICALLY
LIST-A9778CF0E0D9A15E,SC-A94C592403385AC4,FUND-70AECA3C35FB043E,IE000ISS8DB2,NOT_AVAILABLE,London Stock Exchange,XLON,XSWS,GBP,GBX,0.01,NOT_AVAILABLE,ACTIVE_OBSERVED_IN_CURRENT_LSE_SNAPSHOT,2026-08-22,HIGH,GLOBAL_SMALL_CAP,DUP-GLOBAL_SMALL_CAP,NOT_FOUND,NOT_AVAILABLE,NOT_AVAILABLE,NOT_AVAILABLE,EVD-4D687259B8938442;EVD-8D9DB0D7594E3A83,2026-08-22,NO,CURRENT ELIGIBILITY MUST NOT BE BACK-PROJECTED HISTORICALLY
LIST-AA2A42449BCCDFC4,SC-7DD8582AB9770258,FUND-8B7CBF6C2067F7EB,IE00B3Y8X563,B3Y8X56,London Stock Exchange,XLON,IGUS,GBP,GBX,0.01,01/Oct/2010,ACTIVE_OBSERVED_IN_CURRENT_LSE_SNAPSHOT,2026-08-22,HIGH,US_BROAD_LARGE_CAP_GBP_HEDGED,DUP-US_BROAD_LARGE_CAP_GBP_HEDGED,NOT_FOUND,NOT_AVAILABLE,NOT_AVAILABLE,NOT_AVAILABLE,EVD-0FFBE289C2E411CD;EVD-5F39CD7BE8C6292C;EVD-A020816C73EA3649;EVD-C5043C2C0E99672C,2026-08-22,NO,CURRENT ELIGIBILITY MUST NOT BE BACK-PROJECTED HISTORICALLY
LIST-AA9382F9970D58E7,SC-76140315774BA72E,FUND-0189B25A4FCFB148,IE00B466KX20,NOT_AVAILABLE,London Stock Exchange,XLON,EMAD,USD,USD,1,NOT_AVAILABLE,ACTIVE_OBSERVED_IN_CURRENT_LSE_SNAPSHOT,2026-08-22,HIGH,EMERGING_ASIA,DUP-EMERGING_ASIA,NOT_FOUND,NOT_AVAILABLE,NOT_AVAILABLE,NOT_AVAILABLE,EVD-A7780916EAF12900,2026-08-22,NO,CURRENT ELIGIBILITY MUST NOT BE BACK-PROJECTED HISTORICALLY
LIST-AA9A7F43319922E7,SC-09FE7BA76A5D10D1,FUND-75D49E6BCADC4645,IE000KG7KXI7,NOT_AVAILABLE,London Stock Exchange,XLON,USFS,GBP,GBX,0.01,NOT_AVAILABLE,ACTIVE_OBSERVED_IN_CURRENT_LSE_SNAPSHOT,2026-08-22,HIGH,US_FINANCIALS,DUP-US_FINANCIALS,NOT_FOUND,NOT_AVAILABLE,NOT_AVAILABLE,NOT_AVAILABLE,EVD-0B58F81C4555E7C8,2026-08-22,NO,CURRENT ELIGIBILITY MUST NOT BE BACK-PROJECTED HISTORICALLY
LIST-AB1ECCADB2461A4E,SC-7BC749B6C4FB8C56,FUND-FF81D6D974FBB80B,IE00BQQP9F84,NOT_AVAILABLE,London Stock Exchange,XLON,GDX,USD,USD,1,NOT_AVAILABLE,ACTIVE_OBSERVED_IN_CURRENT_LSE_SNAPSHOT,2026-08-22,HIGH,GLOBAL_GOLD_MINERS,DUP-GLOBAL_GOLD_MINERS,GDX,,2026-07-13,"daily,minute",EVD-898FCF602D1C485C,2026-08-22,NO,CURRENT ELIGIBILITY MUST NOT BE BACK-PROJECTED HISTORICALLY
LIST-AB9F374EE1F96E3D,SC-AD2C96C226FB3740,FUND-BEAA3A82B4C7485E,IE00BK5BQY34,NOT_AVAILABLE,London Stock Exchange,XLON,VERG,GBP,GBX,0.01,NOT_AVAILABLE,ACTIVE_OBSERVED_IN_CURRENT_LSE_SNAPSHOT,2026-08-22,HIGH,EUROPE_EX_UK,DUP-EUROPE_EX_UK,NOT_FOUND,NOT_AVAILABLE,NOT_AVAILABLE,NOT_AVAILABLE,EVD-898FCF602D1C485C,2026-08-22,NO,CURRENT ELIGIBILITY MUST NOT BE BACK-PROJECTED HISTORICALLY
LIST-AC67EBD238960F11,SC-126942AF8F8C84AC,FUND-D9311B5E45A51304,IE000AFVONT7,NOT_AVAILABLE,London Stock Exchange,XLON,WBLD,EUR,EUR,1,NOT_AVAILABLE,ACTIVE_OBSERVED_IN_CURRENT_LSE_SNAPSHOT,2026-08-22,HIGH,GLOBAL_INFRASTRUCTURE,DUP-GLOBAL_INFRASTRUCTURE,NOT_FOUND,NOT_AVAILABLE,NOT_AVAILABLE,NOT_AVAILABLE,EVD-923FC54891541369,2026-08-22,NO,CURRENT ELIGIBILITY MUST NOT BE BACK-PROJECTED HISTORICALLY
LIST-AD13EDFA20545603,SC-B2D09086A53E7E00,FUND-75D49E6BCADC4645,IE000CVOSY02,NOT_AVAILABLE,London Stock Exchange,XLON,DWLD,USD,USD,1,NOT_AVAILABLE,ACTIVE_OBSERVED_IN_CURRENT_LSE_SNAPSHOT,2026-08-22,HIGH,GLOBAL_DEVELOPED_WORLD,DUP-GLOBAL_DEVELOPED_WORLD,DWLD,2021-05-20,2026-07-13,daily,EVD-C700056C10DB9EF8,2026-08-22,NO,CURRENT ELIGIBILITY MUST NOT BE BACK-PROJECTED HISTORICALLY
LIST-ADC865D740C17774,SC-2131B9E2F8185736,FUND-A7B91B5CD792FED5,DE000A2T0VU5,NOT_AVAILABLE,London Stock Exchange,XLON,XGDP,GBP,GBX,0.01,NOT_AVAILABLE,ACTIVE_OBSERVED_IN_CURRENT_LSE_SNAPSHOT,2026-08-22,HIGH,GOLD,DUP-GOLD,NOT_FOUND,NOT_AVAILABLE,NOT_AVAILABLE,NOT_AVAILABLE,EVD-02242D75444BB6D4,2026-08-22,NO,CURRENT ELIGIBILITY MUST NOT BE BACK-PROJECTED HISTORICALLY
LIST-AEACDB32142967DB,SC-F6CBFAD80D74150A,FUND-B987074B21334B3F,IE00BFXR5V83,NOT_AVAILABLE,London Stock Exchange,XLON,LGEG,GBP,GBX,0.01,NOT_AVAILABLE,ACTIVE_OBSERVED_IN_CURRENT_LSE_SNAPSHOT,2026-08-22,HIGH,EUROPE_EX_UK,DUP-EUROPE_EX_UK,NOT_FOUND,NOT_AVAILABLE,NOT_AVAILABLE,NOT_AVAILABLE,EVD-7F35151F25C6502B,2026-08-22,NO,CURRENT ELIGIBILITY MUST NOT BE BACK-PROJECTED HISTORICALLY
LIST-AFA3D97768E28091,SC-A44A5676A6D076DC,FUND-7ABE37E3A097D45E,IE000MS9DTS9,NOT_AVAILABLE,London Stock Exchange,XLON,URND,GBP,GBX,0.01,NOT_AVAILABLE,ACTIVE_OBSERVED_IN_CURRENT_LSE_SNAPSHOT,2026-08-22,HIGH,GLOBAL_URANIUM_NUCLEAR,DUP-GLOBAL_URANIUM_NUCLEAR,NOT_FOUND,NOT_AVAILABLE,NOT_AVAILABLE,NOT_AVAILABLE,EVD-2B2E092D8EB76897,2026-08-22,NO,CURRENT ELIGIBILITY MUST NOT BE BACK-PROJECTED HISTORICALLY
LIST-AFBE613325D01978,SC-DE852299E73A3BAC,FUND-70AECA3C35FB043E,LU2755521270,NOT_AVAILABLE,London Stock Exchange,XLON,DXPJ,USD,USD,1,NOT_AVAILABLE,ACTIVE_OBSERVED_IN_CURRENT_LSE_SNAPSHOT,2026-08-22,HIGH,DEVELOPED_ASIA_PACIFIC,DUP-DEVELOPED_ASIA_PACIFIC,NOT_FOUND,NOT_AVAILABLE,NOT_AVAILABLE,NOT_AVAILABLE,EVD-3E667B5F6D1E8B91,2026-08-22,NO,CURRENT ELIGIBILITY MUST NOT BE BACK-PROJECTED HISTORICALLY
LIST-B0C138D1C67C1A59,SC-70A288737D0AD418,FUND-EB7A6A967272227B,IE00BZCQB185,NOT_AVAILABLE,London Stock Exchange,XLON,NDIA,USD,USD,1,NOT_AVAILABLE,ACTIVE_OBSERVED_IN_CURRENT_LSE_SNAPSHOT,2026-08-22,HIGH,INDIA,DUP-INDIA,NDIA,2023-08-18,2026-07-13,daily,EVD-0FFBE289C2E411CD;EVD-A6BACDEF59D54318;EVD-C8AC84410D51D02B,2026-08-22,NO,CURRENT ELIGIBILITY MUST NOT BE BACK-PROJECTED HISTORICALLY
LIST-B2AEE8CCE0D25E96,SC-984DC08320B75935,FUND-E42479B2B86DA0C7,LU1852212023,NOT_AVAILABLE,London Stock Exchange,XLON,MDBG,GBP,GBX,0.01,NOT_AVAILABLE,ACTIVE_OBSERVED_IN_CURRENT_LSE_SNAPSHOT,2026-08-22,HIGH,GLOBAL_BANKS,DUP-GLOBAL_BANKS,NOT_FOUND,NOT_AVAILABLE,NOT_AVAILABLE,NOT_AVAILABLE,EVD-8B347403996F2BB4,2026-08-22,NO,CURRENT ELIGIBILITY MUST NOT BE BACK-PROJECTED HISTORICALLY
LIST-B2E65913B87F5AA0,SC-48245D777B564E77,FUND-484FAC57D622413A,IE000T8QD852,NOT_AVAILABLE,London Stock Exchange,XLON,CHPY,USD,USD,1,NOT_AVAILABLE,ACTIVE_OBSERVED_IN_CURRENT_LSE_SNAPSHOT,2026-08-22,HIGH,GLOBAL_SEMICONDUCTORS,DUP-GLOBAL_SEMICONDUCTORS,CHPY,2025-04-03,2026-07-13,daily,EVD-A6E53D0318F1EF38,2026-08-22,NO,CURRENT ELIGIBILITY MUST NOT BE BACK-PROJECTED HISTORICALLY
LIST-B392F09BF99ED09B,SC-A554FE67CAC28B60,FUND-7ABE37E3A097D45E,IE0000ZL1RD2,NOT_AVAILABLE,London Stock Exchange,XLON,CHPX,USD,USD,1,NOT_AVAILABLE,ACTIVE_OBSERVED_IN_CURRENT_LSE_SNAPSHOT,2026-08-22,HIGH,GLOBAL_SEMICONDUCTORS,DUP-GLOBAL_SEMICONDUCTORS,CHPX,2025-10-01,2026-07-13,daily,EVD-2B2E092D8EB76897,2026-08-22,NO,CURRENT ELIGIBILITY MUST NOT BE BACK-PROJECTED HISTORICALLY
LIST-B4EC4E1CFE21C865,SC-3D69C1DB91480254,FUND-E42479B2B86DA0C7,LU0136240974,NOT_AVAILABLE,London Stock Exchange,XLON,UB02,GBP,GBX,0.01,NOT_AVAILABLE,ACTIVE_OBSERVED_IN_CURRENT_LSE_SNAPSHOT,2026-08-22,HIGH,JAPAN,DUP-JAPAN,NOT_FOUND,NOT_AVAILABLE,NOT_AVAILABLE,NOT_AVAILABLE,EVD-8B347403996F2BB4,2026-08-22,NO,CURRENT ELIGIBILITY MUST NOT BE BACK-PROJECTED HISTORICALLY
LIST-B527B50AFD2F1901,SC-18669607404610C3,FUND-D9311B5E45A51304,JE00BQRFDY49,NOT_AVAILABLE,London Stock Exchange,XLON,WSIL,GBP,GBX,0.01,NOT_AVAILABLE,ACTIVE_OBSERVED_IN_CURRENT_LSE_SNAPSHOT,2026-08-22,HIGH,SILVER_PHYSICAL,DUP-SILVER_PHYSICAL,NOT_FOUND,NOT_AVAILABLE,NOT_AVAILABLE,NOT_AVAILABLE,EVD-CF03F645051142B8,2026-08-22,NO,CURRENT ELIGIBILITY MUST NOT BE BACK-PROJECTED HISTORICALLY
LIST-B5A5F99530D02E33,SC-7E218ABE921A0699,FUND-FF81D6D974FBB80B,IE000B9PQW54,NOT_AVAILABLE,London Stock Exchange,XLON,CURG,GBP,GBX,0.01,NOT_AVAILABLE,ACTIVE_OBSERVED_IN_CURRENT_LSE_SNAPSHOT,2026-08-22,HIGH,GLOBAL_GENOMICS,DUP-GLOBAL_GENOMICS,NOT_FOUND,NOT_AVAILABLE,NOT_AVAILABLE,NOT_AVAILABLE,EVD-898FCF602D1C485C,2026-08-22,NO,CURRENT ELIGIBILITY MUST NOT BE BACK-PROJECTED HISTORICALLY
LIST-B6EBAFC9751E12BA,SC-373EA1A5D7A7CBE8,FUND-0189B25A4FCFB148,IE00BYTRRC02,NOT_AVAILABLE,London Stock Exchange,XLON,WNDU,USD,USD,1,NOT_AVAILABLE,ACTIVE_OBSERVED_IN_CURRENT_LSE_SNAPSHOT,2026-08-22,HIGH,EUROPE_INDUSTRIALS,DUP-EUROPE_INDUSTRIALS,NOT_FOUND,NOT_AVAILABLE,NOT_AVAILABLE,NOT_AVAILABLE,EVD-99545ABABD127584,2026-08-22,NO,CURRENT ELIGIBILITY MUST NOT BE BACK-PROJECTED HISTORICALLY
LIST-B6F74C9212FA36A9,SC-9BADE13D1A289D12,FUND-D9311B5E45A51304,JE00B1VS3770,NOT_AVAILABLE,London Stock Exchange,XLON,PHGP,GBP,GBX,0.01,NOT_AVAILABLE,ACTIVE_OBSERVED_IN_CURRENT_LSE_SNAPSHOT,2026-08-22,HIGH,GOLD,DUP-GOLD,NOT_FOUND,NOT_AVAILABLE,NOT_AVAILABLE,NOT_AVAILABLE,EVD-CF03F645051142B8,2026-08-22,NO,CURRENT ELIGIBILITY MUST NOT BE BACK-PROJECTED HISTORICALLY
LIST-B7A3CF68D3E0AFC6,SC-496AE12DB747BB41,FUND-F26C5F58336A1D6C,IE00BK80XL30,NOT_AVAILABLE,London Stock Exchange,XLON,MCHS,GBP,GBX,0.01,NOT_AVAILABLE,ACTIVE_OBSERVED_IN_CURRENT_LSE_SNAPSHOT,2026-08-22,HIGH,CHINA_BROAD,DUP-CHINA_BROAD,MCHS,2024-01-11,2026-07-13,daily,EVD-8E74500060C264FE,2026-08-22,NO,CURRENT ELIGIBILITY MUST NOT BE BACK-PROJECTED HISTORICALLY
LIST-B8154421E6633490,SC-AB3365B1D8DE76AB,FUND-D9311B5E45A51304,IE000W8WMSL2,NOT_AVAILABLE,London Stock Exchange,XLON,QWTM,GBP,GBX,0.01,NOT_AVAILABLE,ACTIVE_OBSERVED_IN_CURRENT_LSE_SNAPSHOT,2026-08-22,HIGH,GLOBAL_QUANTUM_COMPUTING,DUP-GLOBAL_QUANTUM_COMPUTING,NOT_FOUND,NOT_AVAILABLE,NOT_AVAILABLE,NOT_AVAILABLE,EVD-923FC54891541369,2026-08-22,NO,CURRENT ELIGIBILITY MUST NOT BE BACK-PROJECTED HISTORICALLY
LIST-B8377E8A94E92EF4,SC-6CFCD6A8DD72CDC2,FUND-EB7A6A967272227B,IE000PYHMXV4,NOT_AVAILABLE,London Stock Exchange,XLON,QDIH,GBP,GBX,0.01,NOT_AVAILABLE,ACTIVE_OBSERVED_IN_CURRENT_LSE_SNAPSHOT,2026-08-22,HIGH,US_TOTAL_MARKET_GBP_HEDGED,DUP-US_TOTAL_MARKET_GBP_HEDGED,NOT_FOUND,NOT_AVAILABLE,NOT_AVAILABLE,NOT_AVAILABLE,EVD-0FFBE289C2E411CD;EVD-4F3548AD8067A20F;EVD-A2829503C96506F8,2026-08-22,NO,CURRENT ELIGIBILITY MUST NOT BE BACK-PROJECTED HISTORICALLY
LIST-B95065DACFB7B960,SC-F262A6CCE466D738,FUND-B987074B21334B3F,IE000ST40PX8,NOT_AVAILABLE,London Stock Exchange,XLON,ESPY,USD,USD,1,NOT_AVAILABLE,ACTIVE_OBSERVED_IN_CURRENT_LSE_SNAPSHOT,2026-08-22,HIGH,GLOBAL_CYBERSECURITY,DUP-GLOBAL_CYBERSECURITY,NOT_FOUND,NOT_AVAILABLE,NOT_AVAILABLE,NOT_AVAILABLE,EVD-7F35151F25C6502B,2026-08-22,NO,CURRENT ELIGIBILITY MUST NOT BE BACK-PROJECTED HISTORICALLY
LIST-B95D9168D55EA7F9,SC-0D0FD9B05CACFBE3,FUND-D9311B5E45A51304,GB00B15KXX56,NOT_AVAILABLE,London Stock Exchange,XLON,BULL,USD,USD,1,NOT_AVAILABLE,ACTIVE_OBSERVED_IN_CURRENT_LSE_SNAPSHOT,2026-08-22,HIGH,GOLD,DUP-GOLD,BULL,2025-04-11,2026-07-13,daily,EVD-4921408E7142F4D1;EVD-CF03F645051142B8,2026-08-22,NO,CURRENT ELIGIBILITY MUST NOT BE BACK-PROJECTED HISTORICALLY
LIST-B986A2D8F41DCEE2,SC-A0563C2ECE3B67C8,FUND-7ABE37E3A097D45E,IE000UL6CLP7,NOT_AVAILABLE,London Stock Exchange,XLON,SILV,USD,USD,1,NOT_AVAILABLE,ACTIVE_OBSERVED_IN_CURRENT_LSE_SNAPSHOT,2026-08-22,HIGH,GLOBAL_SILVER_MINERS,DUP-GLOBAL_SILVER_MINERS,SILV,2021-05-20,2025-02-13,daily,EVD-2B2E092D8EB76897,2026-08-22,NO,CURRENT ELIGIBILITY MUST NOT BE BACK-PROJECTED HISTORICALLY
LIST-B98A637C57643458,SC-D22D672C12C820E7,FUND-D8DFAF359D3A1B94,IE000TIZ5AP4,NOT_AVAILABLE,London Stock Exchange,XLON,FTEI,USD,USD,1,NOT_AVAILABLE,ACTIVE_OBSERVED_IN_CURRENT_LSE_SNAPSHOT,2026-08-22,HIGH,EUROPE_INFRASTRUCTURE,DUP-EUROPE_INFRASTRUCTURE,NOT_FOUND,NOT_AVAILABLE,NOT_AVAILABLE,NOT_AVAILABLE,EVD-C700056C10DB9EF8,2026-08-22,NO,CURRENT ELIGIBILITY MUST NOT BE BACK-PROJECTED HISTORICALLY
LIST-B9DCAB725356FBD8,SC-DE852299E73A3BAC,FUND-70AECA3C35FB043E,LU2755521270,NOT_AVAILABLE,London Stock Exchange,XLON,XPEJ,GBP,GBX,0.01,NOT_AVAILABLE,ACTIVE_OBSERVED_IN_CURRENT_LSE_SNAPSHOT,2026-08-22,HIGH,DEVELOPED_ASIA_PACIFIC,DUP-DEVELOPED_ASIA_PACIFIC,NOT_FOUND,NOT_AVAILABLE,NOT_AVAILABLE,NOT_AVAILABLE,EVD-3E667B5F6D1E8B91,2026-08-22,NO,CURRENT ELIGIBILITY MUST NOT BE BACK-PROJECTED HISTORICALLY
LIST-BA50AD136445BBEA,SC-DF9D9916045DF967,FUND-D8DFAF359D3A1B94,IE00BFD2H405,NOT_AVAILABLE,London Stock Exchange,XLON,FSKY,GBP,GBX,0.01,NOT_AVAILABLE,ACTIVE_OBSERVED_IN_CURRENT_LSE_SNAPSHOT,2026-08-22,HIGH,GLOBAL_SOFTWARE,DUP-GLOBAL_SOFTWARE,NOT_FOUND,NOT_AVAILABLE,NOT_AVAILABLE,NOT_AVAILABLE,EVD-3D157DD46A6981D3,2026-08-22,NO,CURRENT ELIGIBILITY MUST NOT BE BACK-PROJECTED HISTORICALLY
LIST-BA8EC33CE9E6BE73,SC-EDA770E12BC6D893,FUND-F26C5F58336A1D6C,IE000BRM9046,NOT_AVAILABLE,London Stock Exchange,XLON,DFNX,GBP,GBX,0.01,NOT_AVAILABLE,ACTIVE_OBSERVED_IN_CURRENT_LSE_SNAPSHOT,2026-08-22,HIGH,GLOBAL_AEROSPACE_DEFENCE,DUP-GLOBAL_AEROSPACE_DEFENCE,NOT_FOUND,NOT_AVAILABLE,NOT_AVAILABLE,NOT_AVAILABLE,EVD-B8D85809D7E97B44,2026-08-22,NO,CURRENT ELIGIBILITY MUST NOT BE BACK-PROJECTED HISTORICALLY
LIST-BA9D3A22BBC7914B,SC-18B1168D5F4F3CCD,FUND-70AECA3C35FB043E,IE00BM67HQ30,NOT_AVAILABLE,London Stock Exchange,XLON,XWUS,GBP,GBX,0.01,NOT_AVAILABLE,ACTIVE_OBSERVED_IN_CURRENT_LSE_SNAPSHOT,2026-08-22,HIGH,GLOBAL_UTILITIES,DUP-GLOBAL_UTILITIES,NOT_FOUND,NOT_AVAILABLE,NOT_AVAILABLE,NOT_AVAILABLE,EVD-8D9DB0D7594E3A83,2026-08-22,NO,CURRENT ELIGIBILITY MUST NOT BE BACK-PROJECTED HISTORICALLY
LIST-BBB2BEBB76465320,SC-B615478554F9855E,FUND-0189B25A4FCFB148,IE00BYTRRB94,NOT_AVAILABLE,London Stock Exchange,XLON,WHEA,USD,USD,1,NOT_AVAILABLE,ACTIVE_OBSERVED_IN_CURRENT_LSE_SNAPSHOT,2026-08-22,HIGH,EUROPE_HEALTHCARE,DUP-EUROPE_HEALTHCARE,NOT_FOUND,NOT_AVAILABLE,NOT_AVAILABLE,NOT_AVAILABLE,EVD-99545ABABD127584,2026-08-22,NO,CURRENT ELIGIBILITY MUST NOT BE BACK-PROJECTED HISTORICALLY
LIST-BEE7FDC62C067E39,SC-7BE35BDB23894E2C,FUND-0189B25A4FCFB148,IE00BWBXM500,NOT_AVAILABLE,London Stock Exchange,XLON,SXLF,USD,USD,1,NOT_AVAILABLE,ACTIVE_OBSERVED_IN_CURRENT_LSE_SNAPSHOT,2026-08-22,HIGH,US_FINANCIALS,DUP-US_FINANCIALS,NOT_FOUND,NOT_AVAILABLE,NOT_AVAILABLE,NOT_AVAILABLE,EVD-0C5BDB318AC79822,2026-08-22,NO,CURRENT ELIGIBILITY MUST NOT BE BACK-PROJECTED HISTORICALLY
LIST-BF0293856232FE90,SC-3931EB40094F0EB1,FUND-70AECA3C35FB043E,IE00BNC1G707,NOT_AVAILABLE,London Stock Exchange,XLON,XUCN,GBP,GBX,0.01,NOT_AVAILABLE,ACTIVE_OBSERVED_IN_CURRENT_LSE_SNAPSHOT,2026-08-22,HIGH,US_COMMUNICATION_SERVICES,DUP-US_COMMUNICATION_SERVICES,NOT_FOUND,NOT_AVAILABLE,NOT_AVAILABLE,NOT_AVAILABLE,EVD-4D687259B8938442;EVD-9187B237E25E6B5C,2026-08-22,NO,CURRENT ELIGIBILITY MUST NOT BE BACK-PROJECTED HISTORICALLY
LIST-BF084EBD037C41FA,SC-BE486B951FEA27E0,FUND-0189B25A4FCFB148,IE00BKWQ0D84,NOT_AVAILABLE,London Stock Exchange,XLON,CSPE,GBP,GBX,0.01,NOT_AVAILABLE,ACTIVE_OBSERVED_IN_CURRENT_LSE_SNAPSHOT,2026-08-22,HIGH,EUROPE_CONSUMER_STAPLES,DUP-EUROPE_CONSUMER_STAPLES,NOT_FOUND,NOT_AVAILABLE,NOT_AVAILABLE,NOT_AVAILABLE,EVD-99545ABABD127584,2026-08-22,NO,CURRENT ELIGIBILITY MUST NOT BE BACK-PROJECTED HISTORICALLY
LIST-BFD4A28DE7A88608,SC-D289AF3C1D0DEC61,FUND-E42479B2B86DA0C7,LU3259261470,NOT_AVAILABLE,London Stock Exchange,XLON,GLCD,GBP,GBX,0.01,NOT_AVAILABLE,ACTIVE_OBSERVED_IN_CURRENT_LSE_SNAPSHOT,2026-08-22,HIGH,GLOBAL_CORPORATE_IG_GBP_HEDGED,DUP-GLOBAL_CORPORATE_IG_GBP_HEDGED,NOT_FOUND,NOT_AVAILABLE,NOT_AVAILABLE,NOT_AVAILABLE,EVD-0C5BDB318AC79822,2026-08-22,NO,CURRENT ELIGIBILITY MUST NOT BE BACK-PROJECTED HISTORICALLY
LIST-BFF1611699853FF2,SC-492CDA5C371D9486,FUND-C758EFEBA9C7F622,FR0010315770,NOT_AVAILABLE,London Stock Exchange,XLON,WLDD,USD,USD,1,NOT_AVAILABLE,ACTIVE_OBSERVED_IN_CURRENT_LSE_SNAPSHOT,2026-08-22,HIGH,GLOBAL_DEVELOPED_WORLD,DUP-GLOBAL_DEVELOPED_WORLD,NOT_FOUND,NOT_AVAILABLE,NOT_AVAILABLE,NOT_AVAILABLE,EVD-4AE0CB96D1C0A4DD,2026-08-22,NO,CURRENT ELIGIBILITY MUST NOT BE BACK-PROJECTED HISTORICALLY
LIST-C0056403B31076CC,SC-8DD8824480EE2DBE,FUND-484FAC57D622413A,IE0008LRGGP4,NOT_AVAILABLE,London Stock Exchange,XLON,PFFP,GBP,GBX,0.01,NOT_AVAILABLE,ACTIVE_OBSERVED_IN_CURRENT_LSE_SNAPSHOT,2026-08-22,HIGH,GLOBAL_INFRASTRUCTURE,DUP-GLOBAL_INFRASTRUCTURE,NOT_FOUND,NOT_AVAILABLE,NOT_AVAILABLE,NOT_AVAILABLE,EVD-A6E53D0318F1EF38,2026-08-22,NO,CURRENT ELIGIBILITY MUST NOT BE BACK-PROJECTED HISTORICALLY
LIST-C1479047938126A3,SC-CEB4E71BAAABFAE3,FUND-F26C5F58336A1D6C,IE000OEF25S1,NOT_AVAILABLE,London Stock Exchange,XLON,MWEQ,USD,USD,1,NOT_AVAILABLE,ACTIVE_OBSERVED_IN_CURRENT_LSE_SNAPSHOT,2026-08-22,HIGH,GLOBAL_DEVELOPED_WORLD,DUP-GLOBAL_DEVELOPED_WORLD,NOT_FOUND,NOT_AVAILABLE,NOT_AVAILABLE,NOT_AVAILABLE,EVD-8E74500060C264FE,2026-08-22,NO,CURRENT ELIGIBILITY MUST NOT BE BACK-PROJECTED HISTORICALLY
LIST-C18DBF3D80B67125,SC-FC67965773E16721,FUND-BEAA3A82B4C7485E,IE00BK5BQV03,NOT_AVAILABLE,London Stock Exchange,XLON,VHVE,USD,USD,1,NOT_AVAILABLE,ACTIVE_OBSERVED_IN_CURRENT_LSE_SNAPSHOT,2026-08-22,HIGH,GLOBAL_DEVELOPED_WORLD,DUP-GLOBAL_DEVELOPED_WORLD,NOT_FOUND,NOT_AVAILABLE,NOT_AVAILABLE,NOT_AVAILABLE,EVD-898FCF602D1C485C,2026-08-22,NO,CURRENT ELIGIBILITY MUST NOT BE BACK-PROJECTED HISTORICALLY
LIST-C1A592DF27D4B7CA,SC-8CE2ACCC0D3B66FD,FUND-BEAA3A82B4C7485E,IE00B3RBWM25,NOT_AVAILABLE,London Stock Exchange,XLON,VWRD,USD,USD,1,NOT_AVAILABLE,ACTIVE_OBSERVED_IN_CURRENT_LSE_SNAPSHOT,2026-08-22,HIGH,GLOBAL_ALL_WORLD,DUP-GLOBAL_ALL_WORLD,NOT_FOUND,NOT_AVAILABLE,NOT_AVAILABLE,NOT_AVAILABLE,EVD-898FCF602D1C485C,2026-08-22,NO,CURRENT ELIGIBILITY MUST NOT BE BACK-PROJECTED HISTORICALLY
LIST-C209F5152D8C4C81,SC-09DF4ECD74D2E52A,FUND-7ABE37E3A097D45E,IE00BM8R0J59,NOT_AVAILABLE,London Stock Exchange,XLON,QYLD,USD,USD,1,NOT_AVAILABLE,ACTIVE_OBSERVED_IN_CURRENT_LSE_SNAPSHOT,2026-08-22,HIGH,US_NASDAQ_100,DUP-US_NASDAQ_100,QYLD,2021-05-20,2026-07-13,"daily,minute",EVD-2B2E092D8EB76897,2026-08-22,NO,CURRENT ELIGIBILITY MUST NOT BE BACK-PROJECTED HISTORICALLY
LIST-C27C25809082FB42,SC-8B636A635FE9786F,FUND-70AECA3C35FB043E,IE000F354Q61,NOT_AVAILABLE,London Stock Exchange,XLON,XSWC,USD,USD,1,NOT_AVAILABLE,ACTIVE_OBSERVED_IN_CURRENT_LSE_SNAPSHOT,2026-08-22,HIGH,GLOBAL_SMALL_CAP,DUP-GLOBAL_SMALL_CAP,NOT_FOUND,NOT_AVAILABLE,NOT_AVAILABLE,NOT_AVAILABLE,EVD-4D687259B8938442,2026-08-22,NO,CURRENT ELIGIBILITY MUST NOT BE BACK-PROJECTED HISTORICALLY
LIST-C2AE54620EEB1E41,SC-924BCBA42B139F25,FUND-C758EFEBA9C7F622,FR0010527275,NOT_AVAILABLE,London Stock Exchange,XLON,WATU,USD,USD,1,NOT_AVAILABLE,ACTIVE_OBSERVED_IN_CURRENT_LSE_SNAPSHOT,2026-08-22,HIGH,GLOBAL_WATER,DUP-GLOBAL_WATER,NOT_FOUND,NOT_AVAILABLE,NOT_AVAILABLE,NOT_AVAILABLE,EVD-4AE0CB96D1C0A4DD,2026-08-22,NO,CURRENT ELIGIBILITY MUST NOT BE BACK-PROJECTED HISTORICALLY
LIST-C32B6183ADF20C73,SC-11480B08BDE5374E,FUND-F26C5F58336A1D6C,IE000U07IGB1,NOT_AVAILABLE,London Stock Exchange,XLON,IQMA,USD,USD,1,NOT_AVAILABLE,ACTIVE_OBSERVED_IN_CURRENT_LSE_SNAPSHOT,2026-08-22,HIGH,EMERGING_MARKETS,DUP-EMERGING_MARKETS,NOT_FOUND,NOT_AVAILABLE,NOT_AVAILABLE,NOT_AVAILABLE,EVD-B8D85809D7E97B44,2026-08-22,NO,CURRENT ELIGIBILITY MUST NOT BE BACK-PROJECTED HISTORICALLY
LIST-C37D94A56AA9F97A,SC-A04BF348CF0A259A,FUND-FF81D6D974FBB80B,IE0005TF96I9,NOT_AVAILABLE,London Stock Exchange,XLON,CYBG,GBP,GBX,0.01,NOT_AVAILABLE,ACTIVE_OBSERVED_IN_CURRENT_LSE_SNAPSHOT,2026-08-22,HIGH,GLOBAL_ROBOTICS_AUTOMATION,DUP-GLOBAL_ROBOTICS_AUTOMATION,NOT_FOUND,NOT_AVAILABLE,NOT_AVAILABLE,NOT_AVAILABLE,EVD-898FCF602D1C485C,2026-08-22,NO,CURRENT ELIGIBILITY MUST NOT BE BACK-PROJECTED HISTORICALLY
LIST-C3B5AE574A4F1395,SC-CBE5C890EB5E375A,FUND-FF81D6D974FBB80B,IE0007Y8Y157,NOT_AVAILABLE,London Stock Exchange,XLON,QNTM,USD,USD,1,NOT_AVAILABLE,ACTIVE_OBSERVED_IN_CURRENT_LSE_SNAPSHOT,2026-08-22,HIGH,GLOBAL_QUANTUM_COMPUTING,DUP-GLOBAL_QUANTUM_COMPUTING,QNTM,2024-08-15,2026-07-13,daily,EVD-898FCF602D1C485C,2026-08-22,NO,CURRENT ELIGIBILITY MUST NOT BE BACK-PROJECTED HISTORICALLY
LIST-C48E38A07773B0BE,SC-A2119F5D4CE4DEC7,FUND-1CE38F53B0B1849F,IE00B00FV011,B00FV01,London Stock Exchange,XLON,SLXX,GBP,GBX,0.01,29/Mar/2004,ACTIVE_OBSERVED_IN_CURRENT_LSE_SNAPSHOT,2026-08-22,HIGH,GBP_CORPORATE_IG,DUP-GBP_CORPORATE_IG,NOT_FOUND,NOT_AVAILABLE,NOT_AVAILABLE,NOT_AVAILABLE,EVD-0FFBE289C2E411CD;EVD-4CCEEE3050A7F1C3;EVD-4F9963FEE8699B37;EVD-A4DE90620BC0EBFF,2026-08-22,NO,CURRENT ELIGIBILITY MUST NOT BE BACK-PROJECTED HISTORICALLY
LIST-C5E2AF2F03565258,SC-E9DD569B04DB38D2,FUND-62FD00F4EAE03DD2,IE0005YK6564,NOT_AVAILABLE,London Stock Exchange,XLON,URNM,USD,USD,1,NOT_AVAILABLE,ACTIVE_OBSERVED_IN_CURRENT_LSE_SNAPSHOT,2026-08-22,HIGH,GLOBAL_URANIUM_NUCLEAR,DUP-GLOBAL_URANIUM_NUCLEAR,URNM,2021-05-20,2026-07-13,daily,EVD-A6E53D0318F1EF38,2026-08-22,NO,CURRENT ELIGIBILITY MUST NOT BE BACK-PROJECTED HISTORICALLY
LIST-C5E8CA009D9113FC,SC-18B18809C663B4F9,FUND-EB7A6A967272227B,IE00BD45KH83,NOT_AVAILABLE,London Stock Exchange,XLON,EMGU,GBP,GBX,0.01,NOT_AVAILABLE,ACTIVE_OBSERVED_IN_CURRENT_LSE_SNAPSHOT,2026-08-22,HIGH,EMERGING_MARKETS,DUP-EMERGING_MARKETS,NOT_FOUND,NOT_AVAILABLE,NOT_AVAILABLE,NOT_AVAILABLE,EVD-0FFBE289C2E411CD;EVD-A4DE90620BC0EBFF;EVD-FFC6EE39214933C7,2026-08-22,NO,CURRENT ELIGIBILITY MUST NOT BE BACK-PROJECTED HISTORICALLY
LIST-C72BAA17B91DCC6F,SC-0B1801ADB543385B,FUND-C758EFEBA9C7F622,FR0010524777,NOT_AVAILABLE,London Stock Exchange,XLON,NRJU,USD,USD,1,NOT_AVAILABLE,ACTIVE_OBSERVED_IN_CURRENT_LSE_SNAPSHOT,2026-08-22,HIGH,GLOBAL_CLEAN_ENERGY,DUP-GLOBAL_CLEAN_ENERGY,NOT_FOUND,NOT_AVAILABLE,NOT_AVAILABLE,NOT_AVAILABLE,EVD-4AE0CB96D1C0A4DD,2026-08-22,NO,CURRENT ELIGIBILITY MUST NOT BE BACK-PROJECTED HISTORICALLY
LIST-C74BCB74E6570281,SC-6A83A9916B224132,FUND-0189B25A4FCFB148,IE00BWBXM617,NOT_AVAILABLE,London Stock Exchange,XLON,SXLV,USD,USD,1,NOT_AVAILABLE,ACTIVE_OBSERVED_IN_CURRENT_LSE_SNAPSHOT,2026-08-22,HIGH,US_HEALTHCARE,DUP-US_HEALTHCARE,NOT_FOUND,NOT_AVAILABLE,NOT_AVAILABLE,NOT_AVAILABLE,EVD-0C5BDB318AC79822,2026-08-22,NO,CURRENT ELIGIBILITY MUST NOT BE BACK-PROJECTED HISTORICALLY
LIST-C75DA13525493F31,SC-F8978643EFC85E10,FUND-B756E6B19C71172A,IE0009BC6K22,NOT_AVAILABLE,London Stock Exchange,XLON,HIEM,USD,USD,1,NOT_AVAILABLE,ACTIVE_OBSERVED_IN_CURRENT_LSE_SNAPSHOT,2026-08-22,HIGH,EMERGING_MARKETS,DUP-EMERGING_MARKETS,NOT_FOUND,NOT_AVAILABLE,NOT_AVAILABLE,NOT_AVAILABLE,EVD-C0EF477187E75E39,2026-08-22,NO,CURRENT ELIGIBILITY MUST NOT BE BACK-PROJECTED HISTORICALLY
LIST-C7CF15637C121DFB,SC-675C50B7C94DC58E,FUND-E42479B2B86DA0C7,IE00BKFB6K94,NOT_AVAILABLE,London Stock Exchange,XLON,CNUA,GBP,GBX,0.01,NOT_AVAILABLE,ACTIVE_OBSERVED_IN_CURRENT_LSE_SNAPSHOT,2026-08-22,HIGH,CHINA_BROAD,DUP-CHINA_BROAD,NOT_FOUND,NOT_AVAILABLE,NOT_AVAILABLE,NOT_AVAILABLE,EVD-0C5BDB318AC79822,2026-08-22,NO,CURRENT ELIGIBILITY MUST NOT BE BACK-PROJECTED HISTORICALLY
LIST-C8582752EF09BD9E,SC-299F65C7F44ACBAC,FUND-B987074B21334B3F,IE00BF0M2Z96,NOT_AVAILABLE,London Stock Exchange,XLON,BATT,USD,USD,1,NOT_AVAILABLE,ACTIVE_OBSERVED_IN_CURRENT_LSE_SNAPSHOT,2026-08-22,HIGH,GLOBAL_BATTERY_EV,DUP-GLOBAL_BATTERY_EV,BATT,2021-05-20,2026-07-13,daily,EVD-7F35151F25C6502B,2026-08-22,NO,CURRENT ELIGIBILITY MUST NOT BE BACK-PROJECTED HISTORICALLY
LIST-C8C2240D077E7B8B,SC-90A3C0C9D5B3A98E,FUND-C758EFEBA9C7F622,LU1900066033,NOT_AVAILABLE,London Stock Exchange,XLON,SEMG,GBP,GBX,0.01,NOT_AVAILABLE,ACTIVE_OBSERVED_IN_CURRENT_LSE_SNAPSHOT,2026-08-22,HIGH,GLOBAL_SEMICONDUCTORS,DUP-GLOBAL_SEMICONDUCTORS,SEMG,2025-05-14,2026-07-13,daily,EVD-44E73C12472C3C50,2026-08-22,NO,CURRENT ELIGIBILITY MUST NOT BE BACK-PROJECTED HISTORICALLY
LIST-C9A77B87F74C6738,SC-6CEADC58C5A588D4,FUND-D9311B5E45A51304,IE00BLPK3577,NOT_AVAILABLE,London Stock Exchange,XLON,WCBR,USD,USD,1,NOT_AVAILABLE,ACTIVE_OBSERVED_IN_CURRENT_LSE_SNAPSHOT,2026-08-22,HIGH,GLOBAL_CYBERSECURITY,DUP-GLOBAL_CYBERSECURITY,WCBR,2021-05-20,2026-07-13,daily,EVD-923FC54891541369,2026-08-22,NO,CURRENT ELIGIBILITY MUST NOT BE BACK-PROJECTED HISTORICALLY
LIST-CAFE004210285EA8,SC-66508D772027A9F5,FUND-B987074B21334B3F,IE00BF0BCP69,NOT_AVAILABLE,London Stock Exchange,XLON,BCOG,GBP,GBX,0.01,NOT_AVAILABLE,ACTIVE_OBSERVED_IN_CURRENT_LSE_SNAPSHOT,2026-08-22,HIGH,BROAD_COMMODITIES,DUP-BROAD_COMMODITIES,NOT_FOUND,NOT_AVAILABLE,NOT_AVAILABLE,NOT_AVAILABLE,EVD-7F35151F25C6502B,2026-08-22,NO,CURRENT ELIGIBILITY MUST NOT BE BACK-PROJECTED HISTORICALLY
LIST-CBAFBB02AAEDC1F2,SC-F03D7B22F9E7BFCB,FUND-08C55601F9410E92,IE000WQ5O293,NOT_AVAILABLE,London Stock Exchange,XLON,PAAC,USD,USD,1,NOT_AVAILABLE,ACTIVE_OBSERVED_IN_CURRENT_LSE_SNAPSHOT,2026-08-22,HIGH,GLOBAL_ALL_WORLD,DUP-GLOBAL_ALL_WORLD,PAAC,2026-04-06,2026-07-13,daily,EVD-11EF9403F87612E7,2026-08-22,NO,CURRENT ELIGIBILITY MUST NOT BE BACK-PROJECTED HISTORICALLY
LIST-CC26AEBBCA4CFAB5,SC-718FFBEF800C6350,FUND-70AECA3C35FB043E,IE000KD0BZ68,NOT_AVAILABLE,London Stock Exchange,XLON,XGEN,USD,USD,1,NOT_AVAILABLE,ACTIVE_OBSERVED_IN_CURRENT_LSE_SNAPSHOT,2026-08-22,HIGH,GLOBAL_GENOMICS,DUP-GLOBAL_GENOMICS,NOT_FOUND,NOT_AVAILABLE,NOT_AVAILABLE,NOT_AVAILABLE,EVD-9187B237E25E6B5C,2026-08-22,NO,CURRENT ELIGIBILITY MUST NOT BE BACK-PROJECTED HISTORICALLY
LIST-CC62A85122BA923F,SC-7E354508EEB8ACCB,FUND-F26C5F58336A1D6C,IE00BKW9SV11,NOT_AVAILABLE,London Stock Exchange,XLON,IGBE,GBP,GBX,0.01,NOT_AVAILABLE,ACTIVE_OBSERVED_IN_CURRENT_LSE_SNAPSHOT,2026-08-22,HIGH,GBP_CORPORATE_IG,DUP-GBP_CORPORATE_IG,NOT_FOUND,NOT_AVAILABLE,NOT_AVAILABLE,NOT_AVAILABLE,EVD-8E74500060C264FE,2026-08-22,NO,CURRENT ELIGIBILITY MUST NOT BE BACK-PROJECTED HISTORICALLY
LIST-CCED7EF48A25579A,SC-0F94FB539A60CBE9,FUND-BEAA3A82B4C7485E,IE00BGYWFN19,NOT_AVAILABLE,London Stock Exchange,XLON,VGPA,GBP,GBX,0.01,NOT_AVAILABLE,ACTIVE_OBSERVED_IN_CURRENT_LSE_SNAPSHOT,2026-08-22,HIGH,GLOBAL_CORPORATE_IG_GBP_HEDGED,DUP-GLOBAL_CORPORATE_IG_GBP_HEDGED,NOT_FOUND,NOT_AVAILABLE,NOT_AVAILABLE,NOT_AVAILABLE,EVD-29A4C72D7B4D1AC1,2026-08-22,NO,CURRENT ELIGIBILITY MUST NOT BE BACK-PROJECTED HISTORICALLY
LIST-CD00F12D342F6ED6,SC-CB17481BB120039D,FUND-00EB340FCEBC3AF9,IE000CD5SH30,NOT_AVAILABLE,London Stock Exchange,XLON,KWBH,GBP,GBX,0.01,NOT_AVAILABLE,ACTIVE_OBSERVED_IN_CURRENT_LSE_SNAPSHOT,2026-08-22,HIGH,CHINA_INTERNET,DUP-CHINA_INTERNET,NOT_FOUND,NOT_AVAILABLE,NOT_AVAILABLE,NOT_AVAILABLE,EVD-7F35151F25C6502B,2026-08-22,NO,CURRENT ELIGIBILITY MUST NOT BE BACK-PROJECTED HISTORICALLY
LIST-CD5E8D44A21EAD73,SC-087B4DD2C810AD0A,FUND-B5CFA10A841D99F4,IE000W7N50J7,NOT_AVAILABLE,London Stock Exchange,XLON,CALF,GBP,GBX,0.01,NOT_AVAILABLE,ACTIVE_OBSERVED_IN_CURRENT_LSE_SNAPSHOT,2026-08-22,HIGH,US_SMALL_CAP,DUP-US_SMALL_CAP,CALF,2021-05-20,2026-07-13,daily,EVD-A7780916EAF12900,2026-08-22,NO,CURRENT ELIGIBILITY MUST NOT BE BACK-PROJECTED HISTORICALLY
LIST-CE3170502D51072C,SC-9A300F779AB402C9,FUND-E42479B2B86DA0C7,CH0348206324,NOT_AVAILABLE,London Stock Exchange,XLON,SILP,GBP,GBX,0.01,NOT_AVAILABLE,ACTIVE_OBSERVED_IN_CURRENT_LSE_SNAPSHOT,2026-08-22,HIGH,SILVER_PHYSICAL,DUP-SILVER_PHYSICAL,NOT_FOUND,NOT_AVAILABLE,NOT_AVAILABLE,NOT_AVAILABLE,EVD-4921408E7142F4D1,2026-08-22,NO,CURRENT ELIGIBILITY MUST NOT BE BACK-PROJECTED HISTORICALLY
LIST-CEE5449F74EC9293,SC-64B7FBA409EEFE5D,FUND-7ABE37E3A097D45E,IE00BM8R0N95,NOT_AVAILABLE,London Stock Exchange,XLON,GNOG,GBP,GBX,0.01,NOT_AVAILABLE,ACTIVE_OBSERVED_IN_CURRENT_LSE_SNAPSHOT,2026-08-22,HIGH,GLOBAL_GENOMICS,DUP-GLOBAL_GENOMICS,GNOG,2021-05-20,2022-05-04,daily,EVD-2B2E092D8EB76897,2026-08-22,NO,CURRENT ELIGIBILITY MUST NOT BE BACK-PROJECTED HISTORICALLY
LIST-CF05B13C48036807,SC-F13164B91A5364A2,FUND-C758EFEBA9C7F622,LU1681038839,NOT_AVAILABLE,London Stock Exchange,XLON,RS2U,USD,USD,1,NOT_AVAILABLE,ACTIVE_OBSERVED_IN_CURRENT_LSE_SNAPSHOT,2026-08-22,HIGH,US_SMALL_CAP,DUP-US_SMALL_CAP,NOT_FOUND,NOT_AVAILABLE,NOT_AVAILABLE,NOT_AVAILABLE,EVD-C6354CD55582550B,2026-08-22,NO,CURRENT ELIGIBILITY MUST NOT BE BACK-PROJECTED HISTORICALLY
LIST-CF4E330DE84CD9BC,SC-3E1202E8A6EDA857,FUND-B756E6B19C71172A,IE00B42TW061,NOT_AVAILABLE,London Stock Exchange,XLON,HUKX,GBP,GBX,0.01,NOT_AVAILABLE,ACTIVE_OBSERVED_IN_CURRENT_LSE_SNAPSHOT,2026-08-22,HIGH,UK_LARGE_CAP,DUP-UK_LARGE_CAP,NOT_FOUND,NOT_AVAILABLE,NOT_AVAILABLE,NOT_AVAILABLE,EVD-C0EF477187E75E39,2026-08-22,NO,CURRENT ELIGIBILITY MUST NOT BE BACK-PROJECTED HISTORICALLY
LIST-D00B5452FBC373E0,SC-B2D09086A53E7E00,FUND-75D49E6BCADC4645,IE000CVOSY02,NOT_AVAILABLE,London Stock Exchange,XLON,WORL,GBP,GBX,0.01,NOT_AVAILABLE,ACTIVE_OBSERVED_IN_CURRENT_LSE_SNAPSHOT,2026-08-22,HIGH,GLOBAL_DEVELOPED_WORLD,DUP-GLOBAL_DEVELOPED_WORLD,NOT_FOUND,NOT_AVAILABLE,NOT_AVAILABLE,NOT_AVAILABLE,EVD-C700056C10DB9EF8,2026-08-22,NO,CURRENT ELIGIBILITY MUST NOT BE BACK-PROJECTED HISTORICALLY
LIST-D058F66C8D6B96E8,SC-E01984F7A289BF15,FUND-EB7A6A967272227B,IE0007O06KL9,NOT_AVAILABLE,London Stock Exchange,XLON,RU2K,GBP,GBX,0.01,NOT_AVAILABLE,ACTIVE_OBSERVED_IN_CURRENT_LSE_SNAPSHOT,2026-08-22,HIGH,US_SMALL_CAP,DUP-US_SMALL_CAP,NOT_FOUND,NOT_AVAILABLE,NOT_AVAILABLE,NOT_AVAILABLE,EVD-0FFBE289C2E411CD;EVD-C5043C2C0E99672C;EVD-FFDDA37A4A5D54BB,2026-08-22,NO,CURRENT ELIGIBILITY MUST NOT BE BACK-PROJECTED HISTORICALLY
LIST-D2ADC9CBC91E6000,SC-EFFC474C1E1B90E3,FUND-BEAA3A82B4C7485E,IE00B42WWV65,NOT_AVAILABLE,London Stock Exchange,XLON,VGOV,GBP,GBX,0.01,NOT_AVAILABLE,ACTIVE_OBSERVED_IN_CURRENT_LSE_SNAPSHOT,2026-08-22,HIGH,UK_GILTS_ALL,DUP-UK_GILTS_ALL,NOT_FOUND,NOT_AVAILABLE,NOT_AVAILABLE,NOT_AVAILABLE,EVD-898FCF602D1C485C,2026-08-22,NO,CURRENT ELIGIBILITY MUST NOT BE BACK-PROJECTED HISTORICALLY
LIST-D316E513073D7290,SC-A791A5D7AEAE4168,FUND-BEAA3A82B4C7485E,IE00B945VV12,NOT_AVAILABLE,London Stock Exchange,XLON,VEUD,USD,USD,1,NOT_AVAILABLE,ACTIVE_OBSERVED_IN_CURRENT_LSE_SNAPSHOT,2026-08-22,HIGH,EUROPE_BROAD,DUP-EUROPE_BROAD,NOT_FOUND,NOT_AVAILABLE,NOT_AVAILABLE,NOT_AVAILABLE,EVD-898FCF602D1C485C,2026-08-22,NO,CURRENT ELIGIBILITY MUST NOT BE BACK-PROJECTED HISTORICALLY
LIST-D45586FED3956412,SC-9B142D6E25D04FCE,FUND-C758EFEBA9C7F622,FR0011720911,NOT_AVAILABLE,London Stock Exchange,XLON,CNAL,GBP,GBX,0.01,NOT_AVAILABLE,ACTIVE_OBSERVED_IN_CURRENT_LSE_SNAPSHOT,2026-08-22,HIGH,CHINA_BROAD,DUP-CHINA_BROAD,NOT_FOUND,NOT_AVAILABLE,NOT_AVAILABLE,NOT_AVAILABLE,EVD-4AE0CB96D1C0A4DD,2026-08-22,NO,CURRENT ELIGIBILITY MUST NOT BE BACK-PROJECTED HISTORICALLY
LIST-D46E82C55F426B83,SC-041D99560EF6A636,FUND-EB7A6A967272227B,IE0001ZFMLN7,NOT_AVAILABLE,London Stock Exchange,XLON,N100,GBP,GBX,0.01,NOT_AVAILABLE,ACTIVE_OBSERVED_IN_CURRENT_LSE_SNAPSHOT,2026-08-22,HIGH,US_NASDAQ_100,DUP-US_NASDAQ_100,NOT_FOUND,NOT_AVAILABLE,NOT_AVAILABLE,NOT_AVAILABLE,EVD-0FFBE289C2E411CD;EVD-C5043C2C0E99672C;EVD-DE80DF66B0CDE75E,2026-08-22,NO,CURRENT ELIGIBILITY MUST NOT BE BACK-PROJECTED HISTORICALLY
LIST-D486848129D31D10,SC-A0563C2ECE3B67C8,FUND-7ABE37E3A097D45E,IE000UL6CLP7,NOT_AVAILABLE,London Stock Exchange,XLON,SILG,GBP,GBX,0.01,NOT_AVAILABLE,ACTIVE_OBSERVED_IN_CURRENT_LSE_SNAPSHOT,2026-08-22,HIGH,GLOBAL_SILVER_MINERS,DUP-GLOBAL_SILVER_MINERS,NOT_FOUND,NOT_AVAILABLE,NOT_AVAILABLE,NOT_AVAILABLE,EVD-2B2E092D8EB76897,2026-08-22,NO,CURRENT ELIGIBILITY MUST NOT BE BACK-PROJECTED HISTORICALLY
LIST-D4B0CED19DC766DD,SC-9636DC6CE829C33B,FUND-EB7A6A967272227B,IE000IAXNM41,NOT_AVAILABLE,London Stock Exchange,XLON,DFEU,GBP,GBX,0.01,NOT_AVAILABLE,ACTIVE_OBSERVED_IN_CURRENT_LSE_SNAPSHOT,2026-08-22,HIGH,EUROPE_AEROSPACE_DEFENCE,DUP-EUROPE_AEROSPACE_DEFENCE,NOT_FOUND,NOT_AVAILABLE,NOT_AVAILABLE,NOT_AVAILABLE,EVD-0FFBE289C2E411CD;EVD-7A66C8CBF387135E;EVD-C5043C2C0E99672C,2026-08-22,NO,CURRENT ELIGIBILITY MUST NOT BE BACK-PROJECTED HISTORICALLY
LIST-D4E8401B03A3E7D2,SC-BEF041297C8F6642,FUND-F26C5F58336A1D6C,IE000LGWDNE5,NOT_AVAILABLE,London Stock Exchange,XLON,IAIX,GBP,GBX,0.01,NOT_AVAILABLE,ACTIVE_OBSERVED_IN_CURRENT_LSE_SNAPSHOT,2026-08-22,HIGH,GLOBAL_AI,DUP-GLOBAL_AI,NOT_FOUND,NOT_AVAILABLE,NOT_AVAILABLE,NOT_AVAILABLE,EVD-B8D85809D7E97B44,2026-08-22,NO,CURRENT ELIGIBILITY MUST NOT BE BACK-PROJECTED HISTORICALLY
LIST-D593770447F6B604,SC-F6CBFAD80D74150A,FUND-B987074B21334B3F,IE00BFXR5V83,NOT_AVAILABLE,London Stock Exchange,XLON,LGEU,EUR,EUR,1,NOT_AVAILABLE,ACTIVE_OBSERVED_IN_CURRENT_LSE_SNAPSHOT,2026-08-22,HIGH,EUROPE_EX_UK,DUP-EUROPE_EX_UK,NOT_FOUND,NOT_AVAILABLE,NOT_AVAILABLE,NOT_AVAILABLE,EVD-7F35151F25C6502B,2026-08-22,NO,CURRENT ELIGIBILITY MUST NOT BE BACK-PROJECTED HISTORICALLY
LIST-D5D28F4AE32EEB5C,SC-0B1801ADB543385B,FUND-C758EFEBA9C7F622,FR0010524777,NOT_AVAILABLE,London Stock Exchange,XLON,NRJL,GBP,GBX,0.01,NOT_AVAILABLE,ACTIVE_OBSERVED_IN_CURRENT_LSE_SNAPSHOT,2026-08-22,HIGH,GLOBAL_CLEAN_ENERGY,DUP-GLOBAL_CLEAN_ENERGY,NOT_FOUND,NOT_AVAILABLE,NOT_AVAILABLE,NOT_AVAILABLE,EVD-4AE0CB96D1C0A4DD,2026-08-22,NO,CURRENT ELIGIBILITY MUST NOT BE BACK-PROJECTED HISTORICALLY
LIST-D61FF6BA88EC013D,SC-09DF4ECD74D2E52A,FUND-7ABE37E3A097D45E,IE00BM8R0J59,NOT_AVAILABLE,London Stock Exchange,XLON,QYLP,GBP,GBX,0.01,NOT_AVAILABLE,ACTIVE_OBSERVED_IN_CURRENT_LSE_SNAPSHOT,2026-08-22,HIGH,US_NASDAQ_100,DUP-US_NASDAQ_100,NOT_FOUND,NOT_AVAILABLE,NOT_AVAILABLE,NOT_AVAILABLE,EVD-2B2E092D8EB76897,2026-08-22,NO,CURRENT ELIGIBILITY MUST NOT BE BACK-PROJECTED HISTORICALLY
LIST-D63578665A77383E,SC-0094B800ED9B8E0E,FUND-EB7A6A967272227B,IE000RCMNFR9,NOT_AVAILABLE,London Stock Exchange,XLON,IGL5,GBP,GBX,0.01,NOT_AVAILABLE,ACTIVE_OBSERVED_IN_CURRENT_LSE_SNAPSHOT,2026-08-22,HIGH,UK_GILTS_SHORT,DUP-UK_GILTS_SHORT,NOT_FOUND,NOT_AVAILABLE,NOT_AVAILABLE,NOT_AVAILABLE,EVD-0FFBE289C2E411CD;EVD-78D3D8A579B6AAA1;EVD-CA16B461ECF155D1,2026-08-22,NO,CURRENT ELIGIBILITY MUST NOT BE BACK-PROJECTED HISTORICALLY
LIST-D692419D6055D284,SC-FDF155B1F0B405F8,FUND-EB7A6A967272227B,IE00BYZK4776,NOT_AVAILABLE,London Stock Exchange,XLON,DRDR,GBP,GBX,0.01,NOT_AVAILABLE,ACTIVE_OBSERVED_IN_CURRENT_LSE_SNAPSHOT,2026-08-22,HIGH,GLOBAL_HEALTHCARE,DUP-GLOBAL_HEALTHCARE,NOT_FOUND,NOT_AVAILABLE,NOT_AVAILABLE,NOT_AVAILABLE,EVD-0FFBE289C2E411CD;EVD-A4DE90620BC0EBFF;EVD-CB3FE38915004BFF,2026-08-22,NO,CURRENT ELIGIBILITY MUST NOT BE BACK-PROJECTED HISTORICALLY
LIST-D6EA80B3462ED2A6,SC-002B2B784FF5EC8C,FUND-FF81D6D974FBB80B,NL0009690239,NOT_AVAILABLE,London Stock Exchange,XLON,TREG,GBP,GBX,0.01,NOT_AVAILABLE,ACTIVE_OBSERVED_IN_CURRENT_LSE_SNAPSHOT,2026-08-22,HIGH,GLOBAL_REAL_ESTATE,DUP-GLOBAL_REAL_ESTATE,NOT_FOUND,NOT_AVAILABLE,NOT_AVAILABLE,NOT_AVAILABLE,EVD-8B347403996F2BB4,2026-08-22,NO,CURRENT ELIGIBILITY MUST NOT BE BACK-PROJECTED HISTORICALLY
LIST-D70D334EBCFF0D37,SC-65AF652246789061,FUND-7ABE37E3A097D45E,IE000XD7KCJ7,NOT_AVAILABLE,London Stock Exchange,XLON,RAYG,GBP,GBX,0.01,NOT_AVAILABLE,ACTIVE_OBSERVED_IN_CURRENT_LSE_SNAPSHOT,2026-08-22,HIGH,GLOBAL_SOLAR,DUP-GLOBAL_SOLAR,NOT_FOUND,NOT_AVAILABLE,NOT_AVAILABLE,NOT_AVAILABLE,EVD-2B2E092D8EB76897,2026-08-22,NO,CURRENT ELIGIBILITY MUST NOT BE BACK-PROJECTED HISTORICALLY
LIST-D7AD9188D7EFA7C9,SC-1D8D56F7778CF972,FUND-C758EFEBA9C7F622,FR0010261198,NOT_AVAILABLE,London Stock Exchange,XLON,MEUG,GBP,GBX,0.01,NOT_AVAILABLE,ACTIVE_OBSERVED_IN_CURRENT_LSE_SNAPSHOT,2026-08-22,HIGH,EUROPE_BROAD,DUP-EUROPE_BROAD,NOT_FOUND,NOT_AVAILABLE,NOT_AVAILABLE,NOT_AVAILABLE,EVD-4AE0CB96D1C0A4DD,2026-08-22,NO,CURRENT ELIGIBILITY MUST NOT BE BACK-PROJECTED HISTORICALLY
LIST-D820602E1B5E7335,SC-CA195D1C9C7829C5,FUND-C758EFEBA9C7F622,LU1781541252,NOT_AVAILABLE,London Stock Exchange,XLON,LCJP,GBP,GBX,0.01,NOT_AVAILABLE,ACTIVE_OBSERVED_IN_CURRENT_LSE_SNAPSHOT,2026-08-22,HIGH,JAPAN,DUP-JAPAN,NOT_FOUND,NOT_AVAILABLE,NOT_AVAILABLE,NOT_AVAILABLE,EVD-4AE0CB96D1C0A4DD,2026-08-22,NO,CURRENT ELIGIBILITY MUST NOT BE BACK-PROJECTED HISTORICALLY
LIST-D882ECD271900A9D,SC-35F41B788FEE73F4,FUND-D9311B5E45A51304,IE000LCKJ888,NOT_AVAILABLE,London Stock Exchange,XLON,PAIG,GBP,GBX,0.01,NOT_AVAILABLE,ACTIVE_OBSERVED_IN_CURRENT_LSE_SNAPSHOT,2026-08-22,HIGH,GLOBAL_AI,DUP-GLOBAL_AI,NOT_FOUND,NOT_AVAILABLE,NOT_AVAILABLE,NOT_AVAILABLE,EVD-923FC54891541369,2026-08-22,NO,CURRENT ELIGIBILITY MUST NOT BE BACK-PROJECTED HISTORICALLY
LIST-D8AC390E6CC48084,SC-1BD9E6F6E7D6145D,FUND-70AECA3C35FB043E,IE000FW16TX1,NOT_AVAILABLE,London Stock Exchange,XLON,USOA,USD,USD,1,NOT_AVAILABLE,ACTIVE_OBSERVED_IN_CURRENT_LSE_SNAPSHOT,2026-08-22,HIGH,US_TOTAL_MARKET,DUP-US_TOTAL_MARKET,NOT_FOUND,NOT_AVAILABLE,NOT_AVAILABLE,NOT_AVAILABLE,EVD-8D9DB0D7594E3A83,2026-08-22,NO,CURRENT ELIGIBILITY MUST NOT BE BACK-PROJECTED HISTORICALLY
LIST-D8FFDF488EC49B5D,SC-924BCBA42B139F25,FUND-C758EFEBA9C7F622,FR0010527275,NOT_AVAILABLE,London Stock Exchange,XLON,WATL,GBP,GBX,0.01,NOT_AVAILABLE,ACTIVE_OBSERVED_IN_CURRENT_LSE_SNAPSHOT,2026-08-22,HIGH,GLOBAL_WATER,DUP-GLOBAL_WATER,NOT_FOUND,NOT_AVAILABLE,NOT_AVAILABLE,NOT_AVAILABLE,EVD-4AE0CB96D1C0A4DD,2026-08-22,NO,CURRENT ELIGIBILITY MUST NOT BE BACK-PROJECTED HISTORICALLY
LIST-DA144A4F5F388C57,SC-2FA5389199759295,FUND-B756E6B19C71172A,IE000AGFZM58,NOT_AVAILABLE,London Stock Exchange,XLON,HIEU,USD,USD,1,NOT_AVAILABLE,ACTIVE_OBSERVED_IN_CURRENT_LSE_SNAPSHOT,2026-08-22,HIGH,EUROPE_BROAD,DUP-EUROPE_BROAD,NOT_FOUND,NOT_AVAILABLE,NOT_AVAILABLE,NOT_AVAILABLE,EVD-C0EF477187E75E39,2026-08-22,NO,CURRENT ELIGIBILITY MUST NOT BE BACK-PROJECTED HISTORICALLY
LIST-DA739AA459DF0F6B,SC-C3C91E72C5D07926,FUND-D9311B5E45A51304,IE0002Y8CX98,NOT_AVAILABLE,London Stock Exchange,XLON,WDEF,EUR,EUR,1,NOT_AVAILABLE,ACTIVE_OBSERVED_IN_CURRENT_LSE_SNAPSHOT,2026-08-22,HIGH,EUROPE_AEROSPACE_DEFENCE,DUP-EUROPE_AEROSPACE_DEFENCE,WDEF,2025-07-17,2026-07-13,daily,EVD-923FC54891541369,2026-08-22,NO,CURRENT ELIGIBILITY MUST NOT BE BACK-PROJECTED HISTORICALLY
LIST-DB152B54A79F499B,SC-2131B9E2F8185736,FUND-A7B91B5CD792FED5,DE000A2T0VU5,NOT_AVAILABLE,London Stock Exchange,XLON,XGDU,USD,USD,1,NOT_AVAILABLE,ACTIVE_OBSERVED_IN_CURRENT_LSE_SNAPSHOT,2026-08-22,HIGH,GOLD,DUP-GOLD,NOT_FOUND,NOT_AVAILABLE,NOT_AVAILABLE,NOT_AVAILABLE,EVD-02242D75444BB6D4,2026-08-22,NO,CURRENT ELIGIBILITY MUST NOT BE BACK-PROJECTED HISTORICALLY
LIST-DB4737448E908533,SC-8BED0470D7A37089,FUND-BB6B7E7B9401E72D,IE00B53L3W79,B520ZV8,London Stock Exchange,XLON,CS51,GBP,GBX,0.01,15/Sept/2010,ACTIVE_OBSERVED_IN_CURRENT_LSE_SNAPSHOT,2026-08-22,HIGH,EUROZONE,DUP-EUROZONE,NOT_FOUND,NOT_AVAILABLE,NOT_AVAILABLE,NOT_AVAILABLE,EVD-0FFBE289C2E411CD;EVD-4450A2C52AE82BB7;EVD-A1E8D9170BEF35C7;EVD-BCFFF53E5CE208CE,2026-08-22,NO,CURRENT ELIGIBILITY MUST NOT BE BACK-PROJECTED HISTORICALLY
LIST-DC2D9BBEACC98FC0,SC-4693BCFABA090CFD,FUND-D8DFAF359D3A1B94,IE000NVDQXE1,NOT_AVAILABLE,London Stock Exchange,XLON,ICBM,GBP,GBX,0.01,NOT_AVAILABLE,ACTIVE_OBSERVED_IN_CURRENT_LSE_SNAPSHOT,2026-08-22,HIGH,GLOBAL_AEROSPACE_DEFENCE,DUP-GLOBAL_AEROSPACE_DEFENCE,NOT_FOUND,NOT_AVAILABLE,NOT_AVAILABLE,NOT_AVAILABLE,EVD-C700056C10DB9EF8,2026-08-22,NO,CURRENT ELIGIBILITY MUST NOT BE BACK-PROJECTED HISTORICALLY
LIST-DE10A854DE5F2DD2,SC-B38CA8F0824E2985,FUND-BEAA3A82B4C7485E,IE00B3XXRP09,NOT_AVAILABLE,London Stock Exchange,XLON,VUSD,USD,USD,1,NOT_AVAILABLE,ACTIVE_OBSERVED_IN_CURRENT_LSE_SNAPSHOT,2026-08-22,HIGH,US_BROAD_LARGE_CAP,DUP-US_BROAD_LARGE_CAP,NOT_FOUND,NOT_AVAILABLE,NOT_AVAILABLE,NOT_AVAILABLE,EVD-29A4C72D7B4D1AC1,2026-08-22,NO,CURRENT ELIGIBILITY MUST NOT BE BACK-PROJECTED HISTORICALLY
LIST-DFF3A397F2DA3B7A,SC-8670B50DAA342A28,FUND-E42479B2B86DA0C7,IE000QVOGR82,NOT_AVAILABLE,London Stock Exchange,XLON,USDO,USD,USD,1,NOT_AVAILABLE,ACTIVE_OBSERVED_IN_CURRENT_LSE_SNAPSHOT,2026-08-22,HIGH,USD_OVERNIGHT_CASH,DUP-USD_OVERNIGHT_CASH,NOT_FOUND,NOT_AVAILABLE,NOT_AVAILABLE,NOT_AVAILABLE,EVD-0C5BDB318AC79822,2026-08-22,NO,CURRENT ELIGIBILITY MUST NOT BE BACK-PROJECTED HISTORICALLY
LIST-DFFFE3B1E6EF705F,SC-18B18809C663B4F9,FUND-EB7A6A967272227B,IE00BD45KH83,NOT_AVAILABLE,London Stock Exchange,XLON,EIMU,USD,USD,1,NOT_AVAILABLE,ACTIVE_OBSERVED_IN_CURRENT_LSE_SNAPSHOT,2026-08-22,HIGH,EMERGING_MARKETS,DUP-EMERGING_MARKETS,NOT_FOUND,NOT_AVAILABLE,NOT_AVAILABLE,NOT_AVAILABLE,EVD-0FFBE289C2E411CD;EVD-A4DE90620BC0EBFF;EVD-FFC6EE39214933C7,2026-08-22,NO,CURRENT ELIGIBILITY MUST NOT BE BACK-PROJECTED HISTORICALLY
LIST-E04711EFFC029AA2,SC-126942AF8F8C84AC,FUND-D9311B5E45A51304,IE000AFVONT7,NOT_AVAILABLE,London Stock Exchange,XLON,WINF,GBP,GBX,0.01,NOT_AVAILABLE,ACTIVE_OBSERVED_IN_CURRENT_LSE_SNAPSHOT,2026-08-22,HIGH,GLOBAL_INFRASTRUCTURE,DUP-GLOBAL_INFRASTRUCTURE,NOT_FOUND,NOT_AVAILABLE,NOT_AVAILABLE,NOT_AVAILABLE,EVD-923FC54891541369,2026-08-22,NO,CURRENT ELIGIBILITY MUST NOT BE BACK-PROJECTED HISTORICALLY
LIST-E067FFCDB52394F9,SC-65AF652246789061,FUND-7ABE37E3A097D45E,IE000XD7KCJ7,NOT_AVAILABLE,London Stock Exchange,XLON,RAYZ,USD,USD,1,NOT_AVAILABLE,ACTIVE_OBSERVED_IN_CURRENT_LSE_SNAPSHOT,2026-08-22,HIGH,GLOBAL_SOLAR,DUP-GLOBAL_SOLAR,NOT_FOUND,NOT_AVAILABLE,NOT_AVAILABLE,NOT_AVAILABLE,EVD-2B2E092D8EB76897,2026-08-22,NO,CURRENT ELIGIBILITY MUST NOT BE BACK-PROJECTED HISTORICALLY
LIST-E09C4E0714797072,SC-E61511B1D2D64B4A,FUND-F26C5F58336A1D6C,IE00BM8QRZ79,NOT_AVAILABLE,London Stock Exchange,XLON,ISUN,USD,USD,1,NOT_AVAILABLE,ACTIVE_OBSERVED_IN_CURRENT_LSE_SNAPSHOT,2026-08-22,HIGH,GLOBAL_SOLAR,DUP-GLOBAL_SOLAR,ISUN,2021-05-20,2024-05-22,daily,EVD-5359C33294EB76A9,2026-08-22,NO,CURRENT ELIGIBILITY MUST NOT BE BACK-PROJECTED HISTORICALLY
LIST-E12C367DF8C2FBA4,SC-18B1168D5F4F3CCD,FUND-70AECA3C35FB043E,IE00BM67HQ30,NOT_AVAILABLE,London Stock Exchange,XLON,XDWU,USD,USD,1,NOT_AVAILABLE,ACTIVE_OBSERVED_IN_CURRENT_LSE_SNAPSHOT,2026-08-22,HIGH,GLOBAL_UTILITIES,DUP-GLOBAL_UTILITIES,NOT_FOUND,NOT_AVAILABLE,NOT_AVAILABLE,NOT_AVAILABLE,EVD-8D9DB0D7594E3A83,2026-08-22,NO,CURRENT ELIGIBILITY MUST NOT BE BACK-PROJECTED HISTORICALLY
LIST-E138170355A88ECC,SC-AF6F669B0258A9C7,FUND-E42479B2B86DA0C7,IE0003RQ9F90,NOT_AVAILABLE,London Stock Exchange,XLON,QQQE,GBP,GBX,0.01,NOT_AVAILABLE,ACTIVE_OBSERVED_IN_CURRENT_LSE_SNAPSHOT,2026-08-22,HIGH,US_NASDAQ_100,DUP-US_NASDAQ_100,QQQE,2021-05-20,2026-07-13,"daily,minute",EVD-0C5BDB318AC79822,2026-08-22,NO,CURRENT ELIGIBILITY MUST NOT BE BACK-PROJECTED HISTORICALLY
LIST-E22EF36B96072489,SC-0D0B228C1C2C30BD,FUND-75D49E6BCADC4645,IE000CM02H85,NOT_AVAILABLE,London Stock Exchange,XLON,FLXT,USD,USD,1,NOT_AVAILABLE,ACTIVE_OBSERVED_IN_CURRENT_LSE_SNAPSHOT,2026-08-22,HIGH,TAIWAN,DUP-TAIWAN,NOT_FOUND,NOT_AVAILABLE,NOT_AVAILABLE,NOT_AVAILABLE,EVD-0B58F81C4555E7C8,2026-08-22,NO,CURRENT ELIGIBILITY MUST NOT BE BACK-PROJECTED HISTORICALLY
LIST-E291D863CE4941D4,SC-29AFBF2A35DB17C8,FUND-12C5018C9F5DCE7E,IE00B4L5Y983,B4L5Y98,London Stock Exchange,XLON,IWDA,USD,USD,1,28/Sept/2009,ACTIVE_OBSERVED_IN_CURRENT_LSE_SNAPSHOT,2026-08-22,HIGH,GLOBAL_DEVELOPED_WORLD,DUP-GLOBAL_DEVELOPED_WORLD,NOT_FOUND,NOT_AVAILABLE,NOT_AVAILABLE,NOT_AVAILABLE,EVD-00E44F85A5BE6B1B;EVD-0FFBE289C2E411CD;EVD-AE409509270B2CC9;EVD-CA16B461ECF155D1,2026-08-22,NO,CURRENT ELIGIBILITY MUST NOT BE BACK-PROJECTED HISTORICALLY
LIST-E2AE8A19C0E70ABA,SC-F13164B91A5364A2,FUND-C758EFEBA9C7F622,LU1681038839,NOT_AVAILABLE,London Stock Exchange,XLON,RS2G,GBP,GBX,0.01,NOT_AVAILABLE,ACTIVE_OBSERVED_IN_CURRENT_LSE_SNAPSHOT,2026-08-22,HIGH,US_SMALL_CAP,DUP-US_SMALL_CAP,NOT_FOUND,NOT_AVAILABLE,NOT_AVAILABLE,NOT_AVAILABLE,EVD-C6354CD55582550B,2026-08-22,NO,CURRENT ELIGIBILITY MUST NOT BE BACK-PROJECTED HISTORICALLY
LIST-E2CD82739D9CCE44,SC-445D66E38F1207ED,FUND-8B7CBF6C2067F7EB,IE00B6R51Z18,B6R51Z1,London Stock Exchange,XLON,IOGP,USD,USD,1,19/Sept/2011,ACTIVE_OBSERVED_IN_CURRENT_LSE_SNAPSHOT,2026-08-22,HIGH,GLOBAL_OIL_GAS,DUP-GLOBAL_OIL_GAS,NOT_FOUND,NOT_AVAILABLE,NOT_AVAILABLE,NOT_AVAILABLE,EVD-0FFBE289C2E411CD;EVD-4108D5407172F755;EVD-C5043C2C0E99672C;EVD-D66D55DAE313F422,2026-08-22,NO,CURRENT ELIGIBILITY MUST NOT BE BACK-PROJECTED HISTORICALLY
LIST-E3DCD5FD9C50475C,SC-2FA5389199759295,FUND-B756E6B19C71172A,IE000AGFZM58,NOT_AVAILABLE,London Stock Exchange,XLON,HIPS,GBP,GBX,0.01,NOT_AVAILABLE,ACTIVE_OBSERVED_IN_CURRENT_LSE_SNAPSHOT,2026-08-22,HIGH,EUROPE_BROAD,DUP-EUROPE_BROAD,HIPS,2021-05-20,2026-07-13,daily,EVD-C0EF477187E75E39,2026-08-22,NO,CURRENT ELIGIBILITY MUST NOT BE BACK-PROJECTED HISTORICALLY
LIST-E492762C3B10C11A,SC-496AE12DB747BB41,FUND-F26C5F58336A1D6C,IE00BK80XL30,NOT_AVAILABLE,London Stock Exchange,XLON,MCHN,USD,USD,1,NOT_AVAILABLE,ACTIVE_OBSERVED_IN_CURRENT_LSE_SNAPSHOT,2026-08-22,HIGH,CHINA_BROAD,DUP-CHINA_BROAD,NOT_FOUND,NOT_AVAILABLE,NOT_AVAILABLE,NOT_AVAILABLE,EVD-8E74500060C264FE,2026-08-22,NO,CURRENT ELIGIBILITY MUST NOT BE BACK-PROJECTED HISTORICALLY
LIST-E4CA24B7DB8D6E00,SC-1BD9E6F6E7D6145D,FUND-70AECA3C35FB043E,IE000FW16TX1,NOT_AVAILABLE,London Stock Exchange,XLON,USOG,GBP,GBX,0.01,NOT_AVAILABLE,ACTIVE_OBSERVED_IN_CURRENT_LSE_SNAPSHOT,2026-08-22,HIGH,US_TOTAL_MARKET,DUP-US_TOTAL_MARKET,NOT_FOUND,NOT_AVAILABLE,NOT_AVAILABLE,NOT_AVAILABLE,EVD-8D9DB0D7594E3A83,2026-08-22,NO,CURRENT ELIGIBILITY MUST NOT BE BACK-PROJECTED HISTORICALLY
LIST-E5652BBB4AE0FEF9,SC-EF330AC09BD789E1,FUND-EB7A6A967272227B,IE000J4DNAA7,NOT_AVAILABLE,London Stock Exchange,XLON,ICGP,GBP,GBX,0.01,NOT_AVAILABLE,ACTIVE_OBSERVED_IN_CURRENT_LSE_SNAPSHOT,2026-08-22,HIGH,GLOBAL_CORPORATE_IG_GBP_HEDGED,DUP-GLOBAL_CORPORATE_IG_GBP_HEDGED,NOT_FOUND,NOT_AVAILABLE,NOT_AVAILABLE,NOT_AVAILABLE,EVD-0FFBE289C2E411CD;EVD-67E60C1CF8DDFBAE;EVD-A2829503C96506F8,2026-08-22,NO,CURRENT ELIGIBILITY MUST NOT BE BACK-PROJECTED HISTORICALLY
LIST-E6AFBFCE4EDEB0D1,SC-8885E910E6A8CF45,FUND-EB7A6A967272227B,IE00BYZK4883,NOT_AVAILABLE,London Stock Exchange,XLON,DGIT,GBP,GBX,0.01,NOT_AVAILABLE,ACTIVE_OBSERVED_IN_CURRENT_LSE_SNAPSHOT,2026-08-22,HIGH,GLOBAL_TECHNOLOGY,DUP-GLOBAL_TECHNOLOGY,NOT_FOUND,NOT_AVAILABLE,NOT_AVAILABLE,NOT_AVAILABLE,EVD-0FFBE289C2E411CD;EVD-7CABDE8ECC2AD68F;EVD-C8AC84410D51D02B,2026-08-22,NO,CURRENT ELIGIBILITY MUST NOT BE BACK-PROJECTED HISTORICALLY
LIST-E6E4A221960E3B1F,SC-39E36928D1B02BFA,FUND-D9311B5E45A51304,IE000VDH1PG3,NOT_AVAILABLE,London Stock Exchange,XLON,WSPC,USD,USD,1,NOT_AVAILABLE,ACTIVE_OBSERVED_IN_CURRENT_LSE_SNAPSHOT,2026-08-22,HIGH,GLOBAL_SPACE,DUP-GLOBAL_SPACE,WSPC,2026-07-09,2026-07-13,daily,EVD-923FC54891541369,2026-08-22,NO,CURRENT ELIGIBILITY MUST NOT BE BACK-PROJECTED HISTORICALLY
LIST-E824C151A81FFD7F,SC-255FD21F2D071C9A,FUND-BB6B7E7B9401E72D,IE00B3VWLG82,B4Z6YS6,London Stock Exchange,XLON,CUKS,GBP,GBX,0.01,15/Sept/2010,ACTIVE_OBSERVED_IN_CURRENT_LSE_SNAPSHOT,2026-08-22,HIGH,UK_SMALL_CAP,DUP-UK_SMALL_CAP,NOT_FOUND,NOT_AVAILABLE,NOT_AVAILABLE,NOT_AVAILABLE,EVD-02EFCD3A83BC41DA;EVD-0FFBE289C2E411CD;EVD-ACEA5D320EA8075E;EVD-BCFFF53E5CE208CE,2026-08-22,NO,CURRENT ELIGIBILITY MUST NOT BE BACK-PROJECTED HISTORICALLY
LIST-E848D4C571C43EEE,SC-E60677D79EDBD9EB,FUND-F26C5F58336A1D6C,IE00B60SWT88,NOT_AVAILABLE,London Stock Exchange,XLON,S100,GBP,GBX,0.01,NOT_AVAILABLE,ACTIVE_OBSERVED_IN_CURRENT_LSE_SNAPSHOT,2026-08-22,HIGH,UK_LARGE_CAP,DUP-UK_LARGE_CAP,NOT_FOUND,NOT_AVAILABLE,NOT_AVAILABLE,NOT_AVAILABLE,EVD-EB0762A0D9B5DA0F,2026-08-22,NO,CURRENT ELIGIBILITY MUST NOT BE BACK-PROJECTED HISTORICALLY
LIST-E89762CE701D356E,SC-629915B5941C7CF7,FUND-F26C5F58336A1D6C,IE00BMDBMV87,NOT_AVAILABLE,London Stock Exchange,XLON,ESGJ,USD,USD,1,NOT_AVAILABLE,ACTIVE_OBSERVED_IN_CURRENT_LSE_SNAPSHOT,2026-08-22,HIGH,JAPAN,DUP-JAPAN,NOT_FOUND,NOT_AVAILABLE,NOT_AVAILABLE,NOT_AVAILABLE,EVD-8E74500060C264FE,2026-08-22,NO,CURRENT ELIGIBILITY MUST NOT BE BACK-PROJECTED HISTORICALLY
LIST-E8C08D1EA3A3EB70,SC-EC5228E192B76E69,FUND-EB7A6A967272227B,IE000NFR7C63,NOT_AVAILABLE,London Stock Exchange,XLON,CTCE,GBP,GBX,0.01,NOT_AVAILABLE,ACTIVE_OBSERVED_IN_CURRENT_LSE_SNAPSHOT,2026-08-22,HIGH,CHINA_BROAD,DUP-CHINA_BROAD,NOT_FOUND,NOT_AVAILABLE,NOT_AVAILABLE,NOT_AVAILABLE,EVD-0FFBE289C2E411CD;EVD-9C97CAB5F9A7F9DE;EVD-A4DE90620BC0EBFF,2026-08-22,NO,CURRENT ELIGIBILITY MUST NOT BE BACK-PROJECTED HISTORICALLY
LIST-E98F124B1DAB43E1,SC-683DABEC7BF43396,FUND-D8DFAF359D3A1B94,IE000J5PESP7,NOT_AVAILABLE,London Stock Exchange,XLON,RCTR,GBP,GBX,0.01,NOT_AVAILABLE,ACTIVE_OBSERVED_IN_CURRENT_LSE_SNAPSHOT,2026-08-22,HIGH,GLOBAL_URANIUM_NUCLEAR,DUP-GLOBAL_URANIUM_NUCLEAR,RCTR,2025-07-31,2026-07-13,daily,EVD-3D157DD46A6981D3,2026-08-22,NO,CURRENT ELIGIBILITY MUST NOT BE BACK-PROJECTED HISTORICALLY
LIST-E98FBD8340D22A16,SC-48774189D49FEB09,FUND-F9129891FA2DE705,LU3025345516,NOT_AVAILABLE,London Stock Exchange,XLON,CSHE,EUR,EUR,1,NOT_AVAILABLE,ACTIVE_OBSERVED_IN_CURRENT_LSE_SNAPSHOT,2026-08-22,HIGH,EUR_OVERNIGHT_CASH,DUP-EUR_OVERNIGHT_CASH,NOT_FOUND,NOT_AVAILABLE,NOT_AVAILABLE,NOT_AVAILABLE,EVD-11EF9403F87612E7,2026-08-22,NO,CURRENT ELIGIBILITY MUST NOT BE BACK-PROJECTED HISTORICALLY
LIST-EA19D458108482CE,SC-7BE35BDB23894E2C,FUND-0189B25A4FCFB148,IE00BWBXM500,NOT_AVAILABLE,London Stock Exchange,XLON,GXLF,GBP,GBX,0.01,NOT_AVAILABLE,ACTIVE_OBSERVED_IN_CURRENT_LSE_SNAPSHOT,2026-08-22,HIGH,US_FINANCIALS,DUP-US_FINANCIALS,NOT_FOUND,NOT_AVAILABLE,NOT_AVAILABLE,NOT_AVAILABLE,EVD-0C5BDB318AC79822,2026-08-22,NO,CURRENT ELIGIBILITY MUST NOT BE BACK-PROJECTED HISTORICALLY
LIST-EA35954FCE18CC78,SC-492CDA5C371D9486,FUND-C758EFEBA9C7F622,FR0010315770,NOT_AVAILABLE,London Stock Exchange,XLON,WLDL,GBP,GBX,0.01,NOT_AVAILABLE,ACTIVE_OBSERVED_IN_CURRENT_LSE_SNAPSHOT,2026-08-22,HIGH,GLOBAL_DEVELOPED_WORLD,DUP-GLOBAL_DEVELOPED_WORLD,NOT_FOUND,NOT_AVAILABLE,NOT_AVAILABLE,NOT_AVAILABLE,EVD-4AE0CB96D1C0A4DD,2026-08-22,NO,CURRENT ELIGIBILITY MUST NOT BE BACK-PROJECTED HISTORICALLY
LIST-EB200F25D3A38006,SC-EE3CB4B3BCEF6337,FUND-BB6B7E7B9401E72D,IE00B5BMR087,B50YWZ5,London Stock Exchange,XLON,CSPX,USD,USD,1,15/Sept/2010,ACTIVE_OBSERVED_IN_CURRENT_LSE_SNAPSHOT,2026-08-22,HIGH,US_BROAD_LARGE_CAP,DUP-US_BROAD_LARGE_CAP,NOT_FOUND,NOT_AVAILABLE,NOT_AVAILABLE,NOT_AVAILABLE,EVD-0FFBE289C2E411CD;EVD-7C507492DA836649;EVD-BCFFF53E5CE208CE;EVD-E4F45C5759CFC2B1,2026-08-22,NO,CURRENT ELIGIBILITY MUST NOT BE BACK-PROJECTED HISTORICALLY
LIST-EB756C100082DD67,SC-A173EA0179FCE68D,FUND-0189B25A4FCFB148,IE000F2IX674,NOT_AVAILABLE,London Stock Exchange,XLON,SWSC,USD,USD,1,NOT_AVAILABLE,ACTIVE_OBSERVED_IN_CURRENT_LSE_SNAPSHOT,2026-08-22,HIGH,GLOBAL_SMALL_CAP,DUP-GLOBAL_SMALL_CAP,NOT_FOUND,NOT_AVAILABLE,NOT_AVAILABLE,NOT_AVAILABLE,EVD-99545ABABD127584,2026-08-22,NO,CURRENT ELIGIBILITY MUST NOT BE BACK-PROJECTED HISTORICALLY
LIST-EBB91BFA95DBB37F,SC-A490F522CB5F071E,FUND-B756E6B19C71172A,IE00B3S1J086,NOT_AVAILABLE,London Stock Exchange,XLON,HTWN,GBP,GBX,0.01,NOT_AVAILABLE,ACTIVE_OBSERVED_IN_CURRENT_LSE_SNAPSHOT,2026-08-22,HIGH,TAIWAN,DUP-TAIWAN,NOT_FOUND,NOT_AVAILABLE,NOT_AVAILABLE,NOT_AVAILABLE,EVD-C0EF477187E75E39,2026-08-22,NO,CURRENT ELIGIBILITY MUST NOT BE BACK-PROJECTED HISTORICALLY
LIST-EC08D9FD38D08E19,SC-4693BCFABA090CFD,FUND-D8DFAF359D3A1B94,IE000NVDQXE1,NOT_AVAILABLE,London Stock Exchange,XLON,MISL,USD,USD,1,NOT_AVAILABLE,ACTIVE_OBSERVED_IN_CURRENT_LSE_SNAPSHOT,2026-08-22,HIGH,GLOBAL_AEROSPACE_DEFENCE,DUP-GLOBAL_AEROSPACE_DEFENCE,MISL,2022-10-26,2026-07-13,daily,EVD-C700056C10DB9EF8,2026-08-22,NO,CURRENT ELIGIBILITY MUST NOT BE BACK-PROJECTED HISTORICALLY
LIST-EC3A8432F3152A6A,SC-E73F278DFF04CA25,FUND-62FD00F4EAE03DD2,IE00BJQTJ848,NOT_AVAILABLE,London Stock Exchange,XLON,WELP,GBP,GBX,0.01,NOT_AVAILABLE,ACTIVE_OBSERVED_IN_CURRENT_LSE_SNAPSHOT,2026-08-22,HIGH,GLOBAL_HEALTHCARE,DUP-GLOBAL_HEALTHCARE,NOT_FOUND,NOT_AVAILABLE,NOT_AVAILABLE,NOT_AVAILABLE,EVD-A6E53D0318F1EF38,2026-08-22,NO,CURRENT ELIGIBILITY MUST NOT BE BACK-PROJECTED HISTORICALLY
LIST-EC79E2C7070EA86D,SC-4AD4F226B21A5176,FUND-C758EFEBA9C7F622,FR0010375766,NOT_AVAILABLE,London Stock Exchange,XLON,INRL,GBP,GBX,0.01,NOT_AVAILABLE,ACTIVE_OBSERVED_IN_CURRENT_LSE_SNAPSHOT,2026-08-22,HIGH,INDIA,DUP-INDIA,NOT_FOUND,NOT_AVAILABLE,NOT_AVAILABLE,NOT_AVAILABLE,EVD-4AE0CB96D1C0A4DD,2026-08-22,NO,CURRENT ELIGIBILITY MUST NOT BE BACK-PROJECTED HISTORICALLY
LIST-EC7F0234CC03E7A1,SC-BDCDFAE219FB8666,FUND-BC9A1266ABD531D4,IE00094FRAA6,NOT_AVAILABLE,London Stock Exchange,XLON,CAUG,GBP,GBX,0.01,NOT_AVAILABLE,ACTIVE_OBSERVED_IN_CURRENT_LSE_SNAPSHOT,2026-08-22,HIGH,GLOBAL_BATTERY_EV,DUP-GLOBAL_BATTERY_EV,NOT_FOUND,NOT_AVAILABLE,NOT_AVAILABLE,NOT_AVAILABLE,EVD-2B2E092D8EB76897,2026-08-22,NO,CURRENT ELIGIBILITY MUST NOT BE BACK-PROJECTED HISTORICALLY
LIST-ECE414ADE73BB1D8,SC-64B7FBA409EEFE5D,FUND-7ABE37E3A097D45E,IE00BM8R0N95,NOT_AVAILABLE,London Stock Exchange,XLON,GNOM,USD,USD,1,NOT_AVAILABLE,ACTIVE_OBSERVED_IN_CURRENT_LSE_SNAPSHOT,2026-08-22,HIGH,GLOBAL_GENOMICS,DUP-GLOBAL_GENOMICS,GNOM,2021-05-20,2026-07-13,daily,EVD-2B2E092D8EB76897,2026-08-22,NO,CURRENT ELIGIBILITY MUST NOT BE BACK-PROJECTED HISTORICALLY
LIST-ED099127540BA652,SC-B6AADE5061FF5ED2,FUND-BB6B7E7B9401E72D,IE00B5L8K969,B5149Q4,London Stock Exchange,XLON,CEA1,GBP,GBX,0.01,15/Sept/2010,ACTIVE_OBSERVED_IN_CURRENT_LSE_SNAPSHOT,2026-08-22,HIGH,EMERGING_ASIA,DUP-EMERGING_ASIA,NOT_FOUND,NOT_AVAILABLE,NOT_AVAILABLE,NOT_AVAILABLE,EVD-0FFBE289C2E411CD;EVD-51B0562A0AF46A21;EVD-9002ABA1491497A2;EVD-BCFFF53E5CE208CE,2026-08-22,NO,CURRENT ELIGIBILITY MUST NOT BE BACK-PROJECTED HISTORICALLY
LIST-EDE0C2A305169ADD,SC-CDA97D24D47602B3,FUND-75D49E6BCADC4645,IE00BHZRQZ17,NOT_AVAILABLE,London Stock Exchange,XLON,FRIN,GBP,GBX,0.01,NOT_AVAILABLE,ACTIVE_OBSERVED_IN_CURRENT_LSE_SNAPSHOT,2026-08-22,HIGH,INDIA,DUP-INDIA,NOT_FOUND,NOT_AVAILABLE,NOT_AVAILABLE,NOT_AVAILABLE,EVD-0B58F81C4555E7C8,2026-08-22,NO,CURRENT ELIGIBILITY MUST NOT BE BACK-PROJECTED HISTORICALLY
LIST-EE1D7FCB4BE4601C,SC-F8978643EFC85E10,FUND-B756E6B19C71172A,IE0009BC6K22,NOT_AVAILABLE,London Stock Exchange,XLON,HIES,GBP,GBX,0.01,NOT_AVAILABLE,ACTIVE_OBSERVED_IN_CURRENT_LSE_SNAPSHOT,2026-08-22,HIGH,EMERGING_MARKETS,DUP-EMERGING_MARKETS,NOT_FOUND,NOT_AVAILABLE,NOT_AVAILABLE,NOT_AVAILABLE,EVD-C0EF477187E75E39,2026-08-22,NO,CURRENT ELIGIBILITY MUST NOT BE BACK-PROJECTED HISTORICALLY
LIST-EE9374C8CF47DB0A,SC-4338618524D682A8,FUND-B756E6B19C71172A,IE00B51B7Z02,NOT_AVAILABLE,London Stock Exchange,XLON,HCAN,GBP,GBX,0.01,NOT_AVAILABLE,ACTIVE_OBSERVED_IN_CURRENT_LSE_SNAPSHOT,2026-08-22,HIGH,CANADA,DUP-CANADA,NOT_FOUND,NOT_AVAILABLE,NOT_AVAILABLE,NOT_AVAILABLE,EVD-C0EF477187E75E39,2026-08-22,NO,CURRENT ELIGIBILITY MUST NOT BE BACK-PROJECTED HISTORICALLY
LIST-EEC2A0F2E8721E35,SC-671865A912F85891,FUND-C758EFEBA9C7F622,LU1829219390,NOT_AVAILABLE,London Stock Exchange,XLON,BNKE,GBP,GBX,0.01,NOT_AVAILABLE,ACTIVE_OBSERVED_IN_CURRENT_LSE_SNAPSHOT,2026-08-22,HIGH,EUROPE_BANKS,DUP-EUROPE_BANKS,NOT_FOUND,NOT_AVAILABLE,NOT_AVAILABLE,NOT_AVAILABLE,EVD-44E73C12472C3C50,2026-08-22,NO,CURRENT ELIGIBILITY MUST NOT BE BACK-PROJECTED HISTORICALLY
LIST-EF29F2FE87FF0350,SC-5E243EA64B456E2B,FUND-C758EFEBA9C7F622,LU1829221024,NOT_AVAILABLE,London Stock Exchange,XLON,NASD,USD,USD,1,NOT_AVAILABLE,ACTIVE_OBSERVED_IN_CURRENT_LSE_SNAPSHOT,2026-08-22,HIGH,US_NASDAQ_100,DUP-US_NASDAQ_100,NOT_FOUND,NOT_AVAILABLE,NOT_AVAILABLE,NOT_AVAILABLE,EVD-4AE0CB96D1C0A4DD,2026-08-22,NO,CURRENT ELIGIBILITY MUST NOT BE BACK-PROJECTED HISTORICALLY
LIST-EF2BCE62C3AE2D43,SC-35CBDF5715143FFC,FUND-F26C5F58336A1D6C,IE00B60SWY32,NOT_AVAILABLE,London Stock Exchange,XLON,MXEU,GBP,GBX,0.01,NOT_AVAILABLE,ACTIVE_OBSERVED_IN_CURRENT_LSE_SNAPSHOT,2026-08-22,HIGH,EUROPE_BROAD,DUP-EUROPE_BROAD,NOT_FOUND,NOT_AVAILABLE,NOT_AVAILABLE,NOT_AVAILABLE,EVD-EB0762A0D9B5DA0F,2026-08-22,NO,CURRENT ELIGIBILITY MUST NOT BE BACK-PROJECTED HISTORICALLY
LIST-EFDBDC053AF46F0B,SC-299F65C7F44ACBAC,FUND-B987074B21334B3F,IE00BF0M2Z96,NOT_AVAILABLE,London Stock Exchange,XLON,BATG,GBP,GBX,0.01,NOT_AVAILABLE,ACTIVE_OBSERVED_IN_CURRENT_LSE_SNAPSHOT,2026-08-22,HIGH,GLOBAL_BATTERY_EV,DUP-GLOBAL_BATTERY_EV,NOT_FOUND,NOT_AVAILABLE,NOT_AVAILABLE,NOT_AVAILABLE,EVD-7F35151F25C6502B,2026-08-22,NO,CURRENT ELIGIBILITY MUST NOT BE BACK-PROJECTED HISTORICALLY
LIST-F00FC94B114BC913,SC-4FCD63B36E9747CA,FUND-B987074B21334B3F,IE00B3CNHG25,NOT_AVAILABLE,London Stock Exchange,XLON,AUCO,USD,USD,1,NOT_AVAILABLE,ACTIVE_OBSERVED_IN_CURRENT_LSE_SNAPSHOT,2026-08-22,HIGH,GLOBAL_GOLD_MINERS,DUP-GLOBAL_GOLD_MINERS,NOT_FOUND,NOT_AVAILABLE,NOT_AVAILABLE,NOT_AVAILABLE,EVD-7F35151F25C6502B,2026-08-22,NO,CURRENT ELIGIBILITY MUST NOT BE BACK-PROJECTED HISTORICALLY
LIST-F06BD8AF27B93CE9,SC-48774189D49FEB09,FUND-F9129891FA2DE705,LU3025345516,NOT_AVAILABLE,London Stock Exchange,XLON,CSGB,GBP,GBX,0.01,NOT_AVAILABLE,ACTIVE_OBSERVED_IN_CURRENT_LSE_SNAPSHOT,2026-08-22,HIGH,EUR_OVERNIGHT_CASH,DUP-EUR_OVERNIGHT_CASH,NOT_FOUND,NOT_AVAILABLE,NOT_AVAILABLE,NOT_AVAILABLE,EVD-11EF9403F87612E7,2026-08-22,NO,CURRENT ELIGIBILITY MUST NOT BE BACK-PROJECTED HISTORICALLY
LIST-F0E676349A1F2FAA,SC-D4E7C16252C32410,FUND-0189B25A4FCFB148,IE00BCBJG560,NOT_AVAILABLE,London Stock Exchange,XLON,WDSC,USD,USD,1,NOT_AVAILABLE,ACTIVE_OBSERVED_IN_CURRENT_LSE_SNAPSHOT,2026-08-22,HIGH,GLOBAL_SMALL_CAP,DUP-GLOBAL_SMALL_CAP,NOT_FOUND,NOT_AVAILABLE,NOT_AVAILABLE,NOT_AVAILABLE,EVD-99545ABABD127584,2026-08-22,NO,CURRENT ELIGIBILITY MUST NOT BE BACK-PROJECTED HISTORICALLY
LIST-F287231947D0EFBE,SC-EDA770E12BC6D893,FUND-F26C5F58336A1D6C,IE000BRM9046,NOT_AVAILABLE,London Stock Exchange,XLON,IDFN,USD,USD,1,NOT_AVAILABLE,ACTIVE_OBSERVED_IN_CURRENT_LSE_SNAPSHOT,2026-08-22,HIGH,GLOBAL_AEROSPACE_DEFENCE,DUP-GLOBAL_AEROSPACE_DEFENCE,NOT_FOUND,NOT_AVAILABLE,NOT_AVAILABLE,NOT_AVAILABLE,EVD-B8D85809D7E97B44,2026-08-22,NO,CURRENT ELIGIBILITY MUST NOT BE BACK-PROJECTED HISTORICALLY
LIST-F306F600BC405124,SC-4A5624541537FDDE,FUND-F26C5F58336A1D6C,IE00BLRB0028,NOT_AVAILABLE,London Stock Exchange,XLON,GCED,USD,USD,1,NOT_AVAILABLE,ACTIVE_OBSERVED_IN_CURRENT_LSE_SNAPSHOT,2026-08-22,HIGH,GLOBAL_CLEAN_ENERGY,DUP-GLOBAL_CLEAN_ENERGY,NOT_FOUND,NOT_AVAILABLE,NOT_AVAILABLE,NOT_AVAILABLE,EVD-B8D85809D7E97B44,2026-08-22,NO,CURRENT ELIGIBILITY MUST NOT BE BACK-PROJECTED HISTORICALLY
LIST-F316B6CD5DFCB66E,SC-597743DB92477229,FUND-D8DFAF359D3A1B94,IE00BL0L0H60,NOT_AVAILABLE,London Stock Exchange,XLON,FBTU,USD,USD,1,NOT_AVAILABLE,ACTIVE_OBSERVED_IN_CURRENT_LSE_SNAPSHOT,2026-08-22,HIGH,GLOBAL_BIOTECHNOLOGY,DUP-GLOBAL_BIOTECHNOLOGY,NOT_FOUND,NOT_AVAILABLE,NOT_AVAILABLE,NOT_AVAILABLE,EVD-C700056C10DB9EF8,2026-08-22,NO,CURRENT ELIGIBILITY MUST NOT BE BACK-PROJECTED HISTORICALLY
LIST-F34996A28FCA5B34,SC-E4A748FC4DF81B4A,FUND-BB6B7E7B9401E72D,IE00B52SF786,B4VG929,London Stock Exchange,XLON,CSCA,GBP,GBX,0.01,15/Sept/2010,ACTIVE_OBSERVED_IN_CURRENT_LSE_SNAPSHOT,2026-08-22,HIGH,CANADA,DUP-CANADA,NOT_FOUND,NOT_AVAILABLE,NOT_AVAILABLE,NOT_AVAILABLE,EVD-0FFBE289C2E411CD;EVD-840B6B0A04FDAA18;EVD-BCFFF53E5CE208CE;EVD-CB77D3C6272F8CB7,2026-08-22,NO,CURRENT ELIGIBILITY MUST NOT BE BACK-PROJECTED HISTORICALLY
LIST-F44742E88A6097BD,SC-4AD4F226B21A5176,FUND-C758EFEBA9C7F622,FR0010375766,NOT_AVAILABLE,London Stock Exchange,XLON,INRU,USD,USD,1,NOT_AVAILABLE,ACTIVE_OBSERVED_IN_CURRENT_LSE_SNAPSHOT,2026-08-22,HIGH,INDIA,DUP-INDIA,NOT_FOUND,NOT_AVAILABLE,NOT_AVAILABLE,NOT_AVAILABLE,EVD-4AE0CB96D1C0A4DD,2026-08-22,NO,CURRENT ELIGIBILITY MUST NOT BE BACK-PROJECTED HISTORICALLY
LIST-F5185DE9554ADCDC,SC-47A0987AB6D1A951,FUND-0189B25A4FCFB148,IE00BKWQ0H23,NOT_AVAILABLE,London Stock Exchange,XLON,HEAE,GBP,GBX,0.01,NOT_AVAILABLE,ACTIVE_OBSERVED_IN_CURRENT_LSE_SNAPSHOT,2026-08-22,HIGH,EUROPE_HEALTHCARE,DUP-EUROPE_HEALTHCARE,NOT_FOUND,NOT_AVAILABLE,NOT_AVAILABLE,NOT_AVAILABLE,EVD-99545ABABD127584,2026-08-22,NO,CURRENT ELIGIBILITY MUST NOT BE BACK-PROJECTED HISTORICALLY
LIST-F66FA10B356B8DDE,SC-75B52398E4F71DE5,FUND-1CE38F53B0B1849F,IE00B0M63623,B0M6362,London Stock Exchange,XLON,ITWN,GBP,GBX,0.01,28/Oct/2005,ACTIVE_OBSERVED_IN_CURRENT_LSE_SNAPSHOT,2026-08-22,HIGH,TAIWAN,DUP-TAIWAN,NOT_FOUND,NOT_AVAILABLE,NOT_AVAILABLE,NOT_AVAILABLE,EVD-0FFBE289C2E411CD;EVD-52CCD073451FE5E4;EVD-9FFBA789440E044C;EVD-A4DE90620BC0EBFF,2026-08-22,NO,CURRENT ELIGIBILITY MUST NOT BE BACK-PROJECTED HISTORICALLY
LIST-F6DC3983766DF925,SC-DDA12CB133ABBDE8,FUND-F26C5F58336A1D6C,IE000A8N67F3,NOT_AVAILABLE,London Stock Exchange,XLON,ESUD,USD,USD,1,NOT_AVAILABLE,ACTIVE_OBSERVED_IN_CURRENT_LSE_SNAPSHOT,2026-08-22,HIGH,US_TOTAL_MARKET,DUP-US_TOTAL_MARKET,NOT_FOUND,NOT_AVAILABLE,NOT_AVAILABLE,NOT_AVAILABLE,EVD-8E74500060C264FE,2026-08-22,NO,CURRENT ELIGIBILITY MUST NOT BE BACK-PROJECTED HISTORICALLY
LIST-F74E621DE85098B2,SC-9929455BA5E56E5B,FUND-70AECA3C35FB043E,LU0292097317,NOT_AVAILABLE,London Stock Exchange,XLON,XMCX,GBP,GBX,0.01,NOT_AVAILABLE,ACTIVE_OBSERVED_IN_CURRENT_LSE_SNAPSHOT,2026-08-22,HIGH,UK_MID_CAP,DUP-UK_MID_CAP,NOT_FOUND,NOT_AVAILABLE,NOT_AVAILABLE,NOT_AVAILABLE,EVD-4D687259B8938442,2026-08-22,NO,CURRENT ELIGIBILITY MUST NOT BE BACK-PROJECTED HISTORICALLY
LIST-FA256C4EA7D9A5AC,SC-3231B96DDFC014D9,FUND-D9311B5E45A51304,IE00BKLF1R75,NOT_AVAILABLE,London Stock Exchange,XLON,VOLT,USD,USD,1,NOT_AVAILABLE,ACTIVE_OBSERVED_IN_CURRENT_LSE_SNAPSHOT,2026-08-22,HIGH,GLOBAL_BATTERY_EV,DUP-GLOBAL_BATTERY_EV,VOLT,2021-05-20,2026-07-13,daily,EVD-923FC54891541369,2026-08-22,NO,CURRENT ELIGIBILITY MUST NOT BE BACK-PROJECTED HISTORICALLY
LIST-FC11036191168002,SC-C5AA89C46C419706,FUND-AF22D94F198F81DE,IE00B1TXK627,B1TYGH8,London Stock Exchange,XLON,DH2O,USD,USD,1,19/Mar/2007,ACTIVE_OBSERVED_IN_CURRENT_LSE_SNAPSHOT,2026-08-22,HIGH,GLOBAL_WATER,DUP-GLOBAL_WATER,NOT_FOUND,NOT_AVAILABLE,NOT_AVAILABLE,NOT_AVAILABLE,EVD-0FFBE289C2E411CD;EVD-122FE01516E35A8D;EVD-1F28C1471876308C;EVD-A2829503C96506F8,2026-08-22,NO,CURRENT ELIGIBILITY MUST NOT BE BACK-PROJECTED HISTORICALLY
LIST-FC485117A7A5C834,SC-17DF76D66989527D,FUND-BEAA3A82B4C7485E,IE00B3VVMM84,NOT_AVAILABLE,London Stock Exchange,XLON,VFEM,GBP,GBX,0.01,NOT_AVAILABLE,ACTIVE_OBSERVED_IN_CURRENT_LSE_SNAPSHOT,2026-08-22,HIGH,EMERGING_MARKETS,DUP-EMERGING_MARKETS,NOT_FOUND,NOT_AVAILABLE,NOT_AVAILABLE,NOT_AVAILABLE,EVD-898FCF602D1C485C,2026-08-22,NO,CURRENT ELIGIBILITY MUST NOT BE BACK-PROJECTED HISTORICALLY
LIST-FC490CDD1BF5E8FD,SC-AB3365B1D8DE76AB,FUND-D9311B5E45A51304,IE000W8WMSL2,NOT_AVAILABLE,London Stock Exchange,XLON,WQTM,USD,USD,1,NOT_AVAILABLE,ACTIVE_OBSERVED_IN_CURRENT_LSE_SNAPSHOT,2026-08-22,HIGH,GLOBAL_QUANTUM_COMPUTING,DUP-GLOBAL_QUANTUM_COMPUTING,WQTM,2025-10-09,2026-07-13,daily,EVD-923FC54891541369,2026-08-22,NO,CURRENT ELIGIBILITY MUST NOT BE BACK-PROJECTED HISTORICALLY
LIST-FC91EE35ADF4961A,SC-3271462C579FC55E,FUND-C758EFEBA9C7F622,LU1834986900,NOT_AVAILABLE,London Stock Exchange,XLON,CH5,GBP,GBX,0.01,NOT_AVAILABLE,ACTIVE_OBSERVED_IN_CURRENT_LSE_SNAPSHOT,2026-08-22,HIGH,EUROPE_HEALTHCARE,DUP-EUROPE_HEALTHCARE,NOT_FOUND,NOT_AVAILABLE,NOT_AVAILABLE,NOT_AVAILABLE,EVD-44E73C12472C3C50,2026-08-22,NO,CURRENT ELIGIBILITY MUST NOT BE BACK-PROJECTED HISTORICALLY
LIST-FC9B39914CDDDA1A,SC-16A7F365D42C56B0,FUND-62FD00F4EAE03DD2,IE0008WICO06,NOT_AVAILABLE,London Stock Exchange,XLON,SLVG,GBP,GBX,0.01,NOT_AVAILABLE,ACTIVE_OBSERVED_IN_CURRENT_LSE_SNAPSHOT,2026-08-22,HIGH,GLOBAL_SILVER_MINERS,DUP-GLOBAL_SILVER_MINERS,NOT_FOUND,NOT_AVAILABLE,NOT_AVAILABLE,NOT_AVAILABLE,EVD-A6E53D0318F1EF38,2026-08-22,NO,CURRENT ELIGIBILITY MUST NOT BE BACK-PROJECTED HISTORICALLY
LIST-FD2F52E4B19286D7,SC-DCA4F0F7251B8833,FUND-7ABE37E3A097D45E,IE000JCW3DZ3,NOT_AVAILABLE,London Stock Exchange,XLON,ARMG,GBP,GBX,0.01,NOT_AVAILABLE,ACTIVE_OBSERVED_IN_CURRENT_LSE_SNAPSHOT,2026-08-22,HIGH,GLOBAL_AEROSPACE_DEFENCE,DUP-GLOBAL_AEROSPACE_DEFENCE,ARMG,2025-01-14,2026-07-13,daily,EVD-0B58F81C4555E7C8,2026-08-22,NO,CURRENT ELIGIBILITY MUST NOT BE BACK-PROJECTED HISTORICALLY
LIST-FDC3FDE56077D35A,SC-E540B32CE752A978,FUND-75D49E6BCADC4645,IE000IM4K4K2,NOT_AVAILABLE,London Stock Exchange,XLON,METE,USD,USD,1,NOT_AVAILABLE,ACTIVE_OBSERVED_IN_CURRENT_LSE_SNAPSHOT,2026-08-22,HIGH,GLOBAL_AI,DUP-GLOBAL_AI,NOT_FOUND,NOT_AVAILABLE,NOT_AVAILABLE,NOT_AVAILABLE,EVD-0B58F81C4555E7C8,2026-08-22,NO,CURRENT ELIGIBILITY MUST NOT BE BACK-PROJECTED HISTORICALLY
LIST-FE424FF99F77AE84,SC-718FFBEF800C6350,FUND-70AECA3C35FB043E,IE000KD0BZ68,NOT_AVAILABLE,London Stock Exchange,XLON,XGES,GBP,GBX,0.01,NOT_AVAILABLE,ACTIVE_OBSERVED_IN_CURRENT_LSE_SNAPSHOT,2026-08-22,HIGH,GLOBAL_GENOMICS,DUP-GLOBAL_GENOMICS,NOT_FOUND,NOT_AVAILABLE,NOT_AVAILABLE,NOT_AVAILABLE,EVD-9187B237E25E6B5C,2026-08-22,NO,CURRENT ELIGIBILITY MUST NOT BE BACK-PROJECTED HISTORICALLY
LIST-FE5EBC331C0351B4,SC-83EB57912A6B79D9,FUND-9DB42C7E2FFD77B8,IE000MS76E73,NOT_AVAILABLE,London Stock Exchange,XLON,PQWX,USD,USD,1,NOT_AVAILABLE,ACTIVE_OBSERVED_IN_CURRENT_LSE_SNAPSHOT,2026-08-22,HIGH,US_AI,DUP-US_AI,NOT_FOUND,NOT_AVAILABLE,NOT_AVAILABLE,NOT_AVAILABLE,EVD-A7780916EAF12900,2026-08-22,NO,CURRENT ELIGIBILITY MUST NOT BE BACK-PROJECTED HISTORICALLY
LIST-FEF6500858F4BEE4,SC-FA0FBC645873668B,FUND-00EB340FCEBC3AF9,IE000O6Z73N7,NOT_AVAILABLE,London Stock Exchange,XLON,KOIB,GBP,GBX,0.01,NOT_AVAILABLE,ACTIVE_OBSERVED_IN_CURRENT_LSE_SNAPSHOT,2026-08-22,HIGH,GLOBAL_ROBOTICS_AUTOMATION,DUP-GLOBAL_ROBOTICS_AUTOMATION,NOT_FOUND,NOT_AVAILABLE,NOT_AVAILABLE,NOT_AVAILABLE,EVD-7F35151F25C6502B,2026-08-22,NO,CURRENT ELIGIBILITY MUST NOT BE BACK-PROJECTED HISTORICALLY
LIST-FF42C2A08DAFDFAA,SC-F31523A7A731F068,FUND-C758EFEBA9C7F622,FR0010510800,NOT_AVAILABLE,London Stock Exchange,XLON,CSHD,USD,USD,1,NOT_AVAILABLE,ACTIVE_OBSERVED_IN_CURRENT_LSE_SNAPSHOT,2026-08-22,HIGH,EUR_OVERNIGHT_CASH,DUP-EUR_OVERNIGHT_CASH,NOT_FOUND,NOT_AVAILABLE,NOT_AVAILABLE,NOT_AVAILABLE,EVD-4AE0CB96D1C0A4DD,2026-08-22,NO,CURRENT ELIGIBILITY MUST NOT BE BACK-PROJECTED HISTORICALLY
