date,economic_exposure_family_id,prior_effective_listing_id,effective_listing_id,isin,ticker,selection_source,endpoint_valid,previous_listing_valid_date,return_span_xlon_sessions,implementation_transition_flag,continuity_segment_id,continuity_reason,semantic_fingerprint_match,transition_policy_result,return_similarity_used_for_decision
2017-06-28,ASIA_PACIFIC_EX_JAPAN,LIST-75F873B8A31A377E,LIST-151C322B5087CAA2,IE00B7WK2W23,UC48,A2R_CANONICAL_SELECTION,True,2017-06-27,1.0,True,4,SEMANTICALLY_IDENTICAL_IMPLEMENTATION_TRANSITION,YES_SAME_A2R_ECONOMIC_FAMILY,CONTINUE,NO
2019-10-25,ASIA_PACIFIC_EX_JAPAN,LIST-151C322B5087CAA2,LIST-6C384A9D9BABA237,IE00BFXR5W90,LGAG,A2R_CANONICAL_SELECTION,True,2019-10-24,1.0,True,4,SEMANTICALLY_IDENTICAL_IMPLEMENTATION_TRANSITION,YES_SAME_A2R_ECONOMIC_FAMILY,CONTINUE,NO
2019-10-28,ASIA_PACIFIC_EX_JAPAN,LIST-6C384A9D9BABA237,LIST-151C322B5087CAA2,IE00B7WK2W23,UC48,A2R_CANONICAL_SELECTION,True,2019-10-25,1.0,True,4,SEMANTICALLY_IDENTICAL_IMPLEMENTATION_TRANSITION,YES_SAME_A2R_ECONOMIC_FAMILY,CONTINUE,NO
2020-07-23,ASIA_PACIFIC_EX_JAPAN,LIST-151C322B5087CAA2,LIST-6C384A9D9BABA237,IE00BFXR5W90,LGAG,A2R_CANONICAL_SELECTION,True,2020-07-22,1.0,True,4,SEMANTICALLY_IDENTICAL_IMPLEMENTATION_TRANSITION,YES_SAME_A2R_ECONOMIC_FAMILY,CONTINUE,NO
2020-07-28,ASIA_PACIFIC_EX_JAPAN,LIST-6C384A9D9BABA237,LIST-151C322B5087CAA2,IE00B7WK2W23,UC48,A2R_CANONICAL_SELECTION,False,,,False,4,PRICE_NOT_AVAILABLE,YES_SAME_A2R_ECONOMIC_FAMILY,RESET_OR_ENDPOINT_UNAVAILABLE,NO
2020-07-29,ASIA_PACIFIC_EX_JAPAN,LIST-151C322B5087CAA2,LIST-6C384A9D9BABA237,IE00BFXR5W90,LGAG,A2R_CANONICAL_SELECTION,True,2020-07-28,1.0,False,4,EXACT_PREVIOUS_XLON_SESSION_ENDPOINT,YES_SAME_A2R_ECONOMIC_FAMILY,RESET_OR_ENDPOINT_UNAVAILABLE,NO
2020-07-30,ASIA_PACIFIC_EX_JAPAN,LIST-6C384A9D9BABA237,LIST-151C322B5087CAA2,IE00B7WK2W23,UC48,A2R_CANONICAL_SELECTION,True,2020-07-29,1.0,True,4,SEMANTICALLY_IDENTICAL_IMPLEMENTATION_TRANSITION,YES_SAME_A2R_ECONOMIC_FAMILY,CONTINUE,NO
2020-08-04,ASIA_PACIFIC_EX_JAPAN,LIST-151C322B5087CAA2,LIST-6C384A9D9BABA237,IE00BFXR5W90,LGAG,A2R_CANONICAL_SELECTION,True,2020-08-03,1.0,True,4,SEMANTICALLY_IDENTICAL_IMPLEMENTATION_TRANSITION,YES_SAME_A2R_ECONOMIC_FAMILY,CONTINUE,NO
2020-08-07,ASIA_PACIFIC_EX_JAPAN,LIST-6C384A9D9BABA237,LIST-151C322B5087CAA2,IE00B7WK2W23,UC48,A2R_CANONICAL_SELECTION,True,2020-08-06,1.0,True,4,SEMANTICALLY_IDENTICAL_IMPLEMENTATION_TRANSITION,YES_SAME_A2R_ECONOMIC_FAMILY,CONTINUE,NO
2020-08-11,ASIA_PACIFIC_EX_JAPAN,LIST-151C322B5087CAA2,LIST-6C384A9D9BABA237,IE00BFXR5W90,LGAG,A2R_CANONICAL_SELECTION,True,2020-08-10,1.0,True,4,SEMANTICALLY_IDENTICAL_IMPLEMENTATION_TRANSITION,YES_SAME_A2R_ECONOMIC_FAMILY,CONTINUE,NO
2020-08-12,ASIA_PACIFIC_EX_JAPAN,LIST-6C384A9D9BABA237,LIST-151C322B5087CAA2,IE00B7WK2W23,UC48,A2R_CANONICAL_SELECTION,False,,,False,4,PRICE_NOT_AVAILABLE,YES_SAME_A2R_ECONOMIC_FAMILY,RESET_OR_ENDPOINT_UNAVAILABLE,NO
2020-08-13,ASIA_PACIFIC_EX_JAPAN,LIST-151C322B5087CAA2,LIST-6C384A9D9BABA237,IE00BFXR5W90,LGAG,A2R_CANONICAL_SELECTION,True,2020-08-12,1.0,False,4,EXACT_PREVIOUS_XLON_SESSION_ENDPOINT,YES_SAME_A2R_ECONOMIC_FAMILY,RESET_OR_ENDPOINT_UNAVAILABLE,NO
2020-08-14,ASIA_PACIFIC_EX_JAPAN,LIST-6C384A9D9BABA237,LIST-151C322B5087CAA2,IE00B7WK2W23,UC48,A2R_CANONICAL_SELECTION,False,,,False,4,PRICE_NOT_AVAILABLE,YES_SAME_A2R_ECONOMIC_FAMILY,RESET_OR_ENDPOINT_UNAVAILABLE,NO
2020-08-17,ASIA_PACIFIC_EX_JAPAN,LIST-151C322B5087CAA2,LIST-6C384A9D9BABA237,IE00BFXR5W90,LGAG,A2R_CANONICAL_SELECTION,True,2020-08-14,1.0,False,4,EXACT_PREVIOUS_XLON_SESSION_ENDPOINT,YES_SAME_A2R_ECONOMIC_FAMILY,RESET_OR_ENDPOINT_UNAVAILABLE,NO
2020-08-20,ASIA_PACIFIC_EX_JAPAN,LIST-6C384A9D9BABA237,LIST-151C322B5087CAA2,IE00B7WK2W23,UC48,A2R_CANONICAL_SELECTION,True,2020-08-19,1.0,True,4,SEMANTICALLY_IDENTICAL_IMPLEMENTATION_TRANSITION,YES_SAME_A2R_ECONOMIC_FAMILY,CONTINUE,NO
2020-08-26,ASIA_PACIFIC_EX_JAPAN,LIST-151C322B5087CAA2,LIST-6C384A9D9BABA237,IE00BFXR5W90,LGAG,A2R_CANONICAL_SELECTION,True,2020-08-25,1.0,True,4,SEMANTICALLY_IDENTICAL_IMPLEMENTATION_TRANSITION,YES_SAME_A2R_ECONOMIC_FAMILY,CONTINUE,NO
2020-08-27,ASIA_PACIFIC_EX_JAPAN,LIST-6C384A9D9BABA237,LIST-151C322B5087CAA2,IE00B7WK2W23,UC48,A2R_CANONICAL_SELECTION,True,2020-08-26,1.0,True,4,SEMANTICALLY_IDENTICAL_IMPLEMENTATION_TRANSITION,YES_SAME_A2R_ECONOMIC_FAMILY,CONTINUE,NO
2023-04-11,ASIA_PACIFIC_EX_JAPAN,LIST-151C322B5087CAA2,LIST-6C384A9D9BABA237,IE00BFXR5W90,LGAG,A2R_CANONICAL_SELECTION,True,2023-04-06,1.0,True,4,SEMANTICALLY_IDENTICAL_IMPLEMENTATION_TRANSITION,YES_SAME_A2R_ECONOMIC_FAMILY,CONTINUE,NO
2023-04-12,ASIA_PACIFIC_EX_JAPAN,LIST-6C384A9D9BABA237,LIST-151C322B5087CAA2,IE00B7WK2W23,UC48,A2R_CANONICAL_SELECTION,True,2023-04-11,1.0,True,4,SEMANTICALLY_IDENTICAL_IMPLEMENTATION_TRANSITION,YES_SAME_A2R_ECONOMIC_FAMILY,CONTINUE,NO
2011-03-23,CANADA,LIST-EE9374C8CF47DB0A,LIST-F34996A28FCA5B34,IE00B52SF786,CSCA,A2R_CANONICAL_SELECTION,False,,,False,5,PRICE_NOT_AVAILABLE,YES_SAME_A2R_ECONOMIC_FAMILY,RESET_OR_ENDPOINT_UNAVAILABLE,NO
2011-03-24,CANADA,LIST-F34996A28FCA5B34,LIST-EE9374C8CF47DB0A,IE00B51B7Z02,HCAN,A2R_CANONICAL_SELECTION,True,2011-03-23,1.0,False,5,EXACT_PREVIOUS_XLON_SESSION_ENDPOINT,YES_SAME_A2R_ECONOMIC_FAMILY,RESET_OR_ENDPOINT_UNAVAILABLE,NO
2011-04-05,CANADA,LIST-EE9374C8CF47DB0A,LIST-F34996A28FCA5B34,IE00B52SF786,CSCA,A2R_CANONICAL_SELECTION,False,,,False,5,PRICE_NOT_AVAILABLE,YES_SAME_A2R_ECONOMIC_FAMILY,RESET_OR_ENDPOINT_UNAVAILABLE,NO
2011-04-06,CANADA,LIST-F34996A28FCA5B34,LIST-EE9374C8CF47DB0A,IE00B51B7Z02,HCAN,A2R_CANONICAL_SELECTION,False,,,False,5,PRICE_NOT_AVAILABLE,YES_SAME_A2R_ECONOMIC_FAMILY,RESET_OR_ENDPOINT_UNAVAILABLE,NO
2011-04-18,CANADA,LIST-EE9374C8CF47DB0A,LIST-F34996A28FCA5B34,IE00B52SF786,CSCA,A2R_CANONICAL_SELECTION,False,,,False,6,PRICE_NOT_AVAILABLE,YES_SAME_A2R_ECONOMIC_FAMILY,RESET_OR_ENDPOINT_UNAVAILABLE,NO
2011-04-19,CANADA,LIST-F34996A28FCA5B34,LIST-EE9374C8CF47DB0A,IE00B51B7Z02,HCAN,A2R_CANONICAL_SELECTION,True,2011-04-18,1.0,False,6,EXACT_PREVIOUS_XLON_SESSION_ENDPOINT,YES_SAME_A2R_ECONOMIC_FAMILY,RESET_OR_ENDPOINT_UNAVAILABLE,NO
2011-05-03,CANADA,LIST-EE9374C8CF47DB0A,LIST-F34996A28FCA5B34,IE00B52SF786,CSCA,A2R_CANONICAL_SELECTION,False,,,False,6,PRICE_NOT_AVAILABLE,YES_SAME_A2R_ECONOMIC_FAMILY,RESET_OR_ENDPOINT_UNAVAILABLE,NO
2011-05-04,CANADA,LIST-F34996A28FCA5B34,LIST-EE9374C8CF47DB0A,IE00B51B7Z02,HCAN,A2R_CANONICAL_SELECTION,False,,,False,6,PRICE_NOT_AVAILABLE,YES_SAME_A2R_ECONOMIC_FAMILY,RESET_OR_ENDPOINT_UNAVAILABLE,NO
2011-05-05,CANADA,LIST-EE9374C8CF47DB0A,LIST-41CF9FA344F46558,IE00B51B7Z02,HCAD,A2R_CANONICAL_SELECTION,True,2011-05-04,,True,7,CONTINUITY_SEGMENT_START_OR_RESET,YES_SAME_A2R_ECONOMIC_FAMILY,RESET_OR_ENDPOINT_UNAVAILABLE,NO
2011-05-06,CANADA,LIST-41CF9FA344F46558,LIST-EE9374C8CF47DB0A,IE00B51B7Z02,HCAN,A2R_CANONICAL_SELECTION,True,2011-05-05,1.0,True,7,SEMANTICALLY_IDENTICAL_IMPLEMENTATION_TRANSITION,YES_SAME_A2R_ECONOMIC_FAMILY,CONTINUE,NO
2011-05-31,CANADA,LIST-EE9374C8CF47DB0A,LIST-41CF9FA344F46558,IE00B51B7Z02,HCAD,A2R_CANONICAL_SELECTION,True,2011-05-27,1.0,True,7,SEMANTICALLY_IDENTICAL_IMPLEMENTATION_TRANSITION,YES_SAME_A2R_ECONOMIC_FAMILY,CONTINUE,NO
2011-06-01,CANADA,LIST-41CF9FA344F46558,LIST-EE9374C8CF47DB0A,IE00B51B7Z02,HCAN,A2R_CANONICAL_SELECTION,False,,,False,7,PRICE_NOT_AVAILABLE,YES_SAME_A2R_ECONOMIC_FAMILY,RESET_OR_ENDPOINT_UNAVAILABLE,NO
2011-06-07,CANADA,LIST-EE9374C8CF47DB0A,LIST-F34996A28FCA5B34,IE00B52SF786,CSCA,A2R_CANONICAL_SELECTION,True,2011-06-06,1.0,True,7,SEMANTICALLY_IDENTICAL_IMPLEMENTATION_TRANSITION,YES_SAME_A2R_ECONOMIC_FAMILY,CONTINUE,NO
2011-06-09,CANADA,LIST-F34996A28FCA5B34,LIST-EE9374C8CF47DB0A,IE00B51B7Z02,HCAN,A2R_CANONICAL_SELECTION,False,,,False,7,PRICE_NOT_AVAILABLE,YES_SAME_A2R_ECONOMIC_FAMILY,RESET_OR_ENDPOINT_UNAVAILABLE,NO
2011-06-10,CANADA,LIST-EE9374C8CF47DB0A,LIST-41CF9FA344F46558,IE00B51B7Z02,HCAD,A2R_CANONICAL_SELECTION,True,2011-06-09,1.0,True,7,SEMANTICALLY_IDENTICAL_IMPLEMENTATION_TRANSITION,YES_SAME_A2R_ECONOMIC_FAMILY,CONTINUE,NO
2011-06-13,CANADA,LIST-41CF9FA344F46558,LIST-EE9374C8CF47DB0A,IE00B51B7Z02,HCAN,A2R_CANONICAL_SELECTION,True,2011-06-10,1.0,True,7,SEMANTICALLY_IDENTICAL_IMPLEMENTATION_TRANSITION,YES_SAME_A2R_ECONOMIC_FAMILY,CONTINUE,NO
2011-06-28,CANADA,LIST-EE9374C8CF47DB0A,LIST-F34996A28FCA5B34,IE00B52SF786,CSCA,A2R_CANONICAL_SELECTION,False,,,False,7,PRICE_NOT_AVAILABLE,YES_SAME_A2R_ECONOMIC_FAMILY,RESET_OR_ENDPOINT_UNAVAILABLE,NO
2011-06-29,CANADA,LIST-F34996A28FCA5B34,LIST-EE9374C8CF47DB0A,IE00B51B7Z02,HCAN,A2R_CANONICAL_SELECTION,True,2011-06-28,1.0,False,7,EXACT_PREVIOUS_XLON_SESSION_ENDPOINT,YES_SAME_A2R_ECONOMIC_FAMILY,RESET_OR_ENDPOINT_UNAVAILABLE,NO
2011-07-07,CANADA,LIST-EE9374C8CF47DB0A,LIST-41CF9FA344F46558,IE00B51B7Z02,HCAD,A2R_CANONICAL_SELECTION,True,2011-07-06,1.0,True,7,SEMANTICALLY_IDENTICAL_IMPLEMENTATION_TRANSITION,YES_SAME_A2R_ECONOMIC_FAMILY,CONTINUE,NO
2011-07-08,CANADA,LIST-41CF9FA344F46558,LIST-EE9374C8CF47DB0A,IE00B51B7Z02,HCAN,A2R_CANONICAL_SELECTION,True,2011-07-07,1.0,True,7,SEMANTICALLY_IDENTICAL_IMPLEMENTATION_TRANSITION,YES_SAME_A2R_ECONOMIC_FAMILY,CONTINUE,NO
2011-07-12,CANADA,LIST-EE9374C8CF47DB0A,LIST-F34996A28FCA5B34,IE00B52SF786,CSCA,A2R_CANONICAL_SELECTION,False,,,False,7,PRICE_NOT_AVAILABLE,YES_SAME_A2R_ECONOMIC_FAMILY,RESET_OR_ENDPOINT_UNAVAILABLE,NO
2011-07-13,CANADA,LIST-F34996A28FCA5B34,LIST-EE9374C8CF47DB0A,IE00B51B7Z02,HCAN,A2R_CANONICAL_SELECTION,False,,,False,7,PRICE_NOT_AVAILABLE,YES_SAME_A2R_ECONOMIC_FAMILY,RESET_OR_ENDPOINT_UNAVAILABLE,NO
2011-07-14,CANADA,LIST-EE9374C8CF47DB0A,LIST-41CF9FA344F46558,IE00B51B7Z02,HCAD,A2R_CANONICAL_SELECTION,False,,,False,7,PRICE_NOT_AVAILABLE,YES_SAME_A2R_ECONOMIC_FAMILY,RESET_OR_ENDPOINT_UNAVAILABLE,NO
2011-07-15,CANADA,LIST-41CF9FA344F46558,LIST-EE9374C8CF47DB0A,IE00B51B7Z02,HCAN,A2R_CANONICAL_SELECTION,False,,,False,7,PRICE_NOT_AVAILABLE,YES_SAME_A2R_ECONOMIC_FAMILY,RESET_OR_ENDPOINT_UNAVAILABLE,NO
2011-07-18,CANADA,LIST-EE9374C8CF47DB0A,LIST-41CF9FA344F46558,IE00B51B7Z02,HCAD,A2R_CANONICAL_SELECTION,True,2011-07-15,,True,8,CONTINUITY_SEGMENT_START_OR_RESET,YES_SAME_A2R_ECONOMIC_FAMILY,RESET_OR_ENDPOINT_UNAVAILABLE,NO
2011-07-21,CANADA,LIST-41CF9FA344F46558,LIST-EE9374C8CF47DB0A,IE00B51B7Z02,HCAN,A2R_CANONICAL_SELECTION,True,2011-07-20,1.0,True,8,SEMANTICALLY_IDENTICAL_IMPLEMENTATION_TRANSITION,YES_SAME_A2R_ECONOMIC_FAMILY,CONTINUE,NO
2011-07-25,CANADA,LIST-EE9374C8CF47DB0A,LIST-41CF9FA344F46558,IE00B51B7Z02,HCAD,A2R_CANONICAL_SELECTION,True,2011-07-22,1.0,True,8,SEMANTICALLY_IDENTICAL_IMPLEMENTATION_TRANSITION,YES_SAME_A2R_ECONOMIC_FAMILY,CONTINUE,NO
2011-07-28,CANADA,LIST-41CF9FA344F46558,LIST-EE9374C8CF47DB0A,IE00B51B7Z02,HCAN,A2R_CANONICAL_SELECTION,True,2011-07-27,1.0,True,8,SEMANTICALLY_IDENTICAL_IMPLEMENTATION_TRANSITION,YES_SAME_A2R_ECONOMIC_FAMILY,CONTINUE,NO
2011-08-01,CANADA,LIST-EE9374C8CF47DB0A,LIST-41CF9FA344F46558,IE00B51B7Z02,HCAD,A2R_CANONICAL_SELECTION,True,2011-07-29,1.0,True,8,SEMANTICALLY_IDENTICAL_IMPLEMENTATION_TRANSITION,YES_SAME_A2R_ECONOMIC_FAMILY,CONTINUE,NO
2011-08-02,CANADA,LIST-41CF9FA344F46558,LIST-EE9374C8CF47DB0A,IE00B51B7Z02,HCAN,A2R_CANONICAL_SELECTION,True,2011-08-01,1.0,True,8,SEMANTICALLY_IDENTICAL_IMPLEMENTATION_TRANSITION,YES_SAME_A2R_ECONOMIC_FAMILY,CONTINUE,NO
2011-08-16,CANADA,LIST-EE9374C8CF47DB0A,LIST-41CF9FA344F46558,IE00B51B7Z02,HCAD,A2R_CANONICAL_SELECTION,False,,,False,8,PRICE_NOT_AVAILABLE,YES_SAME_A2R_ECONOMIC_FAMILY,RESET_OR_ENDPOINT_UNAVAILABLE,NO
2011-08-17,CANADA,LIST-41CF9FA344F46558,LIST-EE9374C8CF47DB0A,IE00B51B7Z02,HCAN,A2R_CANONICAL_SELECTION,False,,,False,8,PRICE_NOT_AVAILABLE,YES_SAME_A2R_ECONOMIC_FAMILY,RESET_OR_ENDPOINT_UNAVAILABLE,NO
2011-08-23,CANADA,LIST-41CF9FA344F46558,LIST-EE9374C8CF47DB0A,IE00B51B7Z02,HCAN,A2R_CANONICAL_SELECTION,True,2011-08-22,,False,9,CONTINUITY_SEGMENT_START_OR_RESET,YES_SAME_A2R_ECONOMIC_FAMILY,RESET_OR_ENDPOINT_UNAVAILABLE,NO
2011-09-01,CANADA,LIST-EE9374C8CF47DB0A,LIST-F34996A28FCA5B34,IE00B52SF786,CSCA,A2R_CANONICAL_SELECTION,False,,,False,9,PRICE_NOT_AVAILABLE,YES_SAME_A2R_ECONOMIC_FAMILY,RESET_OR_ENDPOINT_UNAVAILABLE,NO
2011-09-02,CANADA,LIST-F34996A28FCA5B34,LIST-41CF9FA344F46558,IE00B51B7Z02,HCAD,A2R_CANONICAL_SELECTION,True,2011-09-01,1.0,True,9,SEMANTICALLY_IDENTICAL_IMPLEMENTATION_TRANSITION,YES_SAME_A2R_ECONOMIC_FAMILY,CONTINUE,NO
2011-09-05,CANADA,LIST-41CF9FA344F46558,LIST-F34996A28FCA5B34,IE00B52SF786,CSCA,A2R_CANONICAL_SELECTION,False,,,False,9,PRICE_NOT_AVAILABLE,YES_SAME_A2R_ECONOMIC_FAMILY,RESET_OR_ENDPOINT_UNAVAILABLE,NO
2011-09-06,CANADA,LIST-F34996A28FCA5B34,LIST-EE9374C8CF47DB0A,IE00B51B7Z02,HCAN,A2R_CANONICAL_SELECTION,True,2011-09-05,1.0,True,9,SEMANTICALLY_IDENTICAL_IMPLEMENTATION_TRANSITION,YES_SAME_A2R_ECONOMIC_FAMILY,CONTINUE,NO
2011-09-08,CANADA,LIST-EE9374C8CF47DB0A,LIST-41CF9FA344F46558,IE00B51B7Z02,HCAD,A2R_CANONICAL_SELECTION,True,2011-09-07,1.0,True,9,SEMANTICALLY_IDENTICAL_IMPLEMENTATION_TRANSITION,YES_SAME_A2R_ECONOMIC_FAMILY,CONTINUE,NO
2011-09-09,CANADA,LIST-41CF9FA344F46558,LIST-EE9374C8CF47DB0A,IE00B51B7Z02,HCAN,A2R_CANONICAL_SELECTION,True,2011-09-08,1.0,True,9,SEMANTICALLY_IDENTICAL_IMPLEMENTATION_TRANSITION,YES_SAME_A2R_ECONOMIC_FAMILY,CONTINUE,NO
2011-09-19,CANADA,LIST-EE9374C8CF47DB0A,LIST-41CF9FA344F46558,IE00B51B7Z02,HCAD,A2R_CANONICAL_SELECTION,True,2011-09-16,1.0,True,9,SEMANTICALLY_IDENTICAL_IMPLEMENTATION_TRANSITION,YES_SAME_A2R_ECONOMIC_FAMILY,CONTINUE,NO
2011-09-20,CANADA,LIST-41CF9FA344F46558,LIST-EE9374C8CF47DB0A,IE00B51B7Z02,HCAN,A2R_CANONICAL_SELECTION,True,2011-09-19,1.0,True,9,SEMANTICALLY_IDENTICAL_IMPLEMENTATION_TRANSITION,YES_SAME_A2R_ECONOMIC_FAMILY,CONTINUE,NO
2011-10-13,CANADA,LIST-EE9374C8CF47DB0A,LIST-41CF9FA344F46558,IE00B51B7Z02,HCAD,A2R_CANONICAL_SELECTION,True,2011-10-12,1.0,True,9,SEMANTICALLY_IDENTICAL_IMPLEMENTATION_TRANSITION,YES_SAME_A2R_ECONOMIC_FAMILY,CONTINUE,NO
2011-10-14,CANADA,LIST-41CF9FA344F46558,LIST-EE9374C8CF47DB0A,IE00B51B7Z02,HCAN,A2R_CANONICAL_SELECTION,True,2011-10-13,1.0,True,9,SEMANTICALLY_IDENTICAL_IMPLEMENTATION_TRANSITION,YES_SAME_A2R_ECONOMIC_FAMILY,CONTINUE,NO
2011-10-20,CANADA,LIST-EE9374C8CF47DB0A,LIST-41CF9FA344F46558,IE00B51B7Z02,HCAD,A2R_CANONICAL_SELECTION,True,2011-10-19,1.0,True,9,SEMANTICALLY_IDENTICAL_IMPLEMENTATION_TRANSITION,YES_SAME_A2R_ECONOMIC_FAMILY,CONTINUE,NO
2011-10-21,CANADA,LIST-41CF9FA344F46558,LIST-EE9374C8CF47DB0A,IE00B51B7Z02,HCAN,A2R_CANONICAL_SELECTION,False,,,False,9,PRICE_NOT_AVAILABLE,YES_SAME_A2R_ECONOMIC_FAMILY,RESET_OR_ENDPOINT_UNAVAILABLE,NO
2011-10-24,CANADA,LIST-EE9374C8CF47DB0A,LIST-41CF9FA344F46558,IE00B51B7Z02,HCAD,A2R_CANONICAL_SELECTION,True,2011-10-21,1.0,False,9,EXACT_PREVIOUS_XLON_SESSION_ENDPOINT,YES_SAME_A2R_ECONOMIC_FAMILY,RESET_OR_ENDPOINT_UNAVAILABLE,NO
2011-10-25,CANADA,LIST-41CF9FA344F46558,LIST-EE9374C8CF47DB0A,IE00B51B7Z02,HCAN,A2R_CANONICAL_SELECTION,True,2011-10-24,1.0,True,9,SEMANTICALLY_IDENTICAL_IMPLEMENTATION_TRANSITION,YES_SAME_A2R_ECONOMIC_FAMILY,CONTINUE,NO
2011-11-01,CANADA,LIST-EE9374C8CF47DB0A,LIST-F34996A28FCA5B34,IE00B52SF786,CSCA,A2R_CANONICAL_SELECTION,False,,,False,9,PRICE_NOT_AVAILABLE,YES_SAME_A2R_ECONOMIC_FAMILY,RESET_OR_ENDPOINT_UNAVAILABLE,NO
2011-11-02,CANADA,LIST-F34996A28FCA5B34,LIST-EE9374C8CF47DB0A,IE00B51B7Z02,HCAN,A2R_CANONICAL_SELECTION,True,2011-11-01,1.0,False,9,EXACT_PREVIOUS_XLON_SESSION_ENDPOINT,YES_SAME_A2R_ECONOMIC_FAMILY,RESET_OR_ENDPOINT_UNAVAILABLE,NO
2011-11-10,CANADA,LIST-41CF9FA344F46558,LIST-F34996A28FCA5B34,IE00B52SF786,CSCA,A2R_CANONICAL_SELECTION,False,,,False,9,PRICE_NOT_AVAILABLE,YES_SAME_A2R_ECONOMIC_FAMILY,RESET_OR_ENDPOINT_UNAVAILABLE,NO
2011-11-11,CANADA,LIST-F34996A28FCA5B34,LIST-EE9374C8CF47DB0A,IE00B51B7Z02,HCAN,A2R_CANONICAL_SELECTION,True,2011-11-10,1.0,True,9,SEMANTICALLY_IDENTICAL_IMPLEMENTATION_TRANSITION,YES_SAME_A2R_ECONOMIC_FAMILY,CONTINUE,NO
2011-11-17,CANADA,LIST-EE9374C8CF47DB0A,LIST-41CF9FA344F46558,IE00B51B7Z02,HCAD,A2R_CANONICAL_SELECTION,True,2011-11-16,1.0,True,9,SEMANTICALLY_IDENTICAL_IMPLEMENTATION_TRANSITION,YES_SAME_A2R_ECONOMIC_FAMILY,CONTINUE,NO
2011-11-18,CANADA,LIST-41CF9FA344F46558,LIST-EE9374C8CF47DB0A,IE00B51B7Z02,HCAN,A2R_CANONICAL_SELECTION,False,,,False,9,PRICE_NOT_AVAILABLE,YES_SAME_A2R_ECONOMIC_FAMILY,RESET_OR_ENDPOINT_UNAVAILABLE,NO
2011-11-21,CANADA,LIST-EE9374C8CF47DB0A,LIST-41CF9FA344F46558,IE00B51B7Z02,HCAD,A2R_CANONICAL_SELECTION,True,2011-11-18,1.0,False,9,EXACT_PREVIOUS_XLON_SESSION_ENDPOINT,YES_SAME_A2R_ECONOMIC_FAMILY,RESET_OR_ENDPOINT_UNAVAILABLE,NO
2011-11-22,CANADA,LIST-41CF9FA344F46558,LIST-EE9374C8CF47DB0A,IE00B51B7Z02,HCAN,A2R_CANONICAL_SELECTION,True,2011-11-21,1.0,True,9,SEMANTICALLY_IDENTICAL_IMPLEMENTATION_TRANSITION,YES_SAME_A2R_ECONOMIC_FAMILY,CONTINUE,NO
2011-12-09,CANADA,LIST-EE9374C8CF47DB0A,LIST-41CF9FA344F46558,IE00B51B7Z02,HCAD,A2R_CANONICAL_SELECTION,True,2011-12-08,1.0,True,9,SEMANTICALLY_IDENTICAL_IMPLEMENTATION_TRANSITION,YES_SAME_A2R_ECONOMIC_FAMILY,CONTINUE,NO
2011-12-14,CANADA,LIST-41CF9FA344F46558,LIST-EE9374C8CF47DB0A,IE00B51B7Z02,HCAN,A2R_CANONICAL_SELECTION,True,2011-12-13,1.0,True,9,SEMANTICALLY_IDENTICAL_IMPLEMENTATION_TRANSITION,YES_SAME_A2R_ECONOMIC_FAMILY,CONTINUE,NO
2011-12-22,CANADA,LIST-EE9374C8CF47DB0A,LIST-41CF9FA344F46558,IE00B51B7Z02,HCAD,A2R_CANONICAL_SELECTION,False,,,False,9,PRICE_NOT_AVAILABLE,YES_SAME_A2R_ECONOMIC_FAMILY,RESET_OR_ENDPOINT_UNAVAILABLE,NO
2011-12-30,CANADA,LIST-41CF9FA344F46558,LIST-EE9374C8CF47DB0A,IE00B51B7Z02,HCAN,A2R_CANONICAL_SELECTION,False,,,False,10,PRICE_NOT_AVAILABLE,YES_SAME_A2R_ECONOMIC_FAMILY,RESET_OR_ENDPOINT_UNAVAILABLE,NO
2012-01-03,CANADA,LIST-EE9374C8CF47DB0A,LIST-41CF9FA344F46558,IE00B51B7Z02,HCAD,A2R_CANONICAL_SELECTION,True,2011-12-30,1.0,False,10,EXACT_PREVIOUS_XLON_SESSION_ENDPOINT,YES_SAME_A2R_ECONOMIC_FAMILY,RESET_OR_ENDPOINT_UNAVAILABLE,NO
2012-01-04,CANADA,LIST-41CF9FA344F46558,LIST-EE9374C8CF47DB0A,IE00B51B7Z02,HCAN,A2R_CANONICAL_SELECTION,True,2012-01-03,1.0,True,10,SEMANTICALLY_IDENTICAL_IMPLEMENTATION_TRANSITION,YES_SAME_A2R_ECONOMIC_FAMILY,CONTINUE,NO
2012-01-12,CANADA,LIST-EE9374C8CF47DB0A,LIST-41CF9FA344F46558,IE00B51B7Z02,HCAD,A2R_CANONICAL_SELECTION,False,,,False,10,PRICE_NOT_AVAILABLE,YES_SAME_A2R_ECONOMIC_FAMILY,RESET_OR_ENDPOINT_UNAVAILABLE,NO
2012-01-13,CANADA,LIST-41CF9FA344F46558,LIST-EE9374C8CF47DB0A,IE00B51B7Z02,HCAN,A2R_CANONICAL_SELECTION,True,2012-01-12,1.0,False,10,EXACT_PREVIOUS_XLON_SESSION_ENDPOINT,YES_SAME_A2R_ECONOMIC_FAMILY,RESET_OR_ENDPOINT_UNAVAILABLE,NO
2012-01-18,CANADA,LIST-EE9374C8CF47DB0A,LIST-41CF9FA344F46558,IE00B51B7Z02,HCAD,A2R_CANONICAL_SELECTION,True,2012-01-17,1.0,True,10,SEMANTICALLY_IDENTICAL_IMPLEMENTATION_TRANSITION,YES_SAME_A2R_ECONOMIC_FAMILY,CONTINUE,NO
2012-01-19,CANADA,LIST-41CF9FA344F46558,LIST-EE9374C8CF47DB0A,IE00B51B7Z02,HCAN,A2R_CANONICAL_SELECTION,False,,,False,10,PRICE_NOT_AVAILABLE,YES_SAME_A2R_ECONOMIC_FAMILY,RESET_OR_ENDPOINT_UNAVAILABLE,NO
2012-01-20,CANADA,LIST-EE9374C8CF47DB0A,LIST-41CF9FA344F46558,IE00B51B7Z02,HCAD,A2R_CANONICAL_SELECTION,False,,,False,10,PRICE_NOT_AVAILABLE,YES_SAME_A2R_ECONOMIC_FAMILY,RESET_OR_ENDPOINT_UNAVAILABLE,NO
2012-01-30,CANADA,LIST-41CF9FA344F46558,LIST-EE9374C8CF47DB0A,IE00B51B7Z02,HCAN,A2R_CANONICAL_SELECTION,True,2012-01-27,1.0,True,11,SEMANTICALLY_IDENTICAL_IMPLEMENTATION_TRANSITION,YES_SAME_A2R_ECONOMIC_FAMILY,CONTINUE,NO
2012-02-07,CANADA,LIST-41CF9FA344F46558,LIST-EE9374C8CF47DB0A,IE00B51B7Z02,HCAN,A2R_CANONICAL_SELECTION,True,2012-02-06,1.0,True,11,SEMANTICALLY_IDENTICAL_IMPLEMENTATION_TRANSITION,YES_SAME_A2R_ECONOMIC_FAMILY,CONTINUE,NO
2012-02-28,CANADA,LIST-41CF9FA344F46558,LIST-EE9374C8CF47DB0A,IE00B51B7Z02,HCAN,A2R_CANONICAL_SELECTION,True,2012-02-27,1.0,True,11,SEMANTICALLY_IDENTICAL_IMPLEMENTATION_TRANSITION,YES_SAME_A2R_ECONOMIC_FAMILY,CONTINUE,NO
2012-03-05,CANADA,LIST-EE9374C8CF47DB0A,LIST-41CF9FA344F46558,IE00B51B7Z02,HCAD,A2R_CANONICAL_SELECTION,True,2012-03-02,,True,12,CONTINUITY_SEGMENT_START_OR_RESET,YES_SAME_A2R_ECONOMIC_FAMILY,RESET_OR_ENDPOINT_UNAVAILABLE,NO
2012-03-06,CANADA,LIST-41CF9FA344F46558,LIST-EE9374C8CF47DB0A,IE00B51B7Z02,HCAN,A2R_CANONICAL_SELECTION,True,2012-03-05,1.0,True,12,SEMANTICALLY_IDENTICAL_IMPLEMENTATION_TRANSITION,YES_SAME_A2R_ECONOMIC_FAMILY,CONTINUE,NO
2012-03-12,CANADA,LIST-F34996A28FCA5B34,LIST-41CF9FA344F46558,IE00B51B7Z02,HCAD,A2R_CANONICAL_SELECTION,True,2012-03-09,,True,13,CONTINUITY_SEGMENT_START_OR_RESET,YES_SAME_A2R_ECONOMIC_FAMILY,RESET_OR_ENDPOINT_UNAVAILABLE,NO
2012-03-13,CANADA,LIST-41CF9FA344F46558,LIST-EE9374C8CF47DB0A,IE00B51B7Z02,HCAN,A2R_CANONICAL_SELECTION,True,2012-03-12,1.0,True,13,SEMANTICALLY_IDENTICAL_IMPLEMENTATION_TRANSITION,YES_SAME_A2R_ECONOMIC_FAMILY,CONTINUE,NO
2012-03-22,CANADA,LIST-EE9374C8CF47DB0A,LIST-41CF9FA344F46558,IE00B51B7Z02,HCAD,A2R_CANONICAL_SELECTION,True,2012-03-21,1.0,True,13,SEMANTICALLY_IDENTICAL_IMPLEMENTATION_TRANSITION,YES_SAME_A2R_ECONOMIC_FAMILY,CONTINUE,NO
2012-03-23,CANADA,LIST-41CF9FA344F46558,LIST-EE9374C8CF47DB0A,IE00B51B7Z02,HCAN,A2R_CANONICAL_SELECTION,True,2012-03-22,1.0,True,13,SEMANTICALLY_IDENTICAL_IMPLEMENTATION_TRANSITION,YES_SAME_A2R_ECONOMIC_FAMILY,CONTINUE,NO
2012-03-29,CANADA,LIST-EE9374C8CF47DB0A,LIST-41CF9FA344F46558,IE00B51B7Z02,HCAD,A2R_CANONICAL_SELECTION,True,2012-03-28,1.0,True,13,SEMANTICALLY_IDENTICAL_IMPLEMENTATION_TRANSITION,YES_SAME_A2R_ECONOMIC_FAMILY,CONTINUE,NO
2012-03-30,CANADA,LIST-41CF9FA344F46558,LIST-EE9374C8CF47DB0A,IE00B51B7Z02,HCAN,A2R_CANONICAL_SELECTION,True,2012-03-29,1.0,True,13,SEMANTICALLY_IDENTICAL_IMPLEMENTATION_TRANSITION,YES_SAME_A2R_ECONOMIC_FAMILY,CONTINUE,NO
2012-04-03,CANADA,LIST-EE9374C8CF47DB0A,LIST-F34996A28FCA5B34,IE00B52SF786,CSCA,A2R_CANONICAL_SELECTION,True,2012-04-02,1.0,True,13,SEMANTICALLY_IDENTICAL_IMPLEMENTATION_TRANSITION,YES_SAME_A2R_ECONOMIC_FAMILY,CONTINUE,NO
2012-04-05,CANADA,LIST-F34996A28FCA5B34,LIST-EE9374C8CF47DB0A,IE00B51B7Z02,HCAN,A2R_CANONICAL_SELECTION,False,,,False,13,PRICE_NOT_AVAILABLE,YES_SAME_A2R_ECONOMIC_FAMILY,RESET_OR_ENDPOINT_UNAVAILABLE,NO
2012-04-10,CANADA,LIST-EE9374C8CF47DB0A,LIST-41CF9FA344F46558,IE00B51B7Z02,HCAD,A2R_CANONICAL_SELECTION,True,2012-04-05,1.0,True,13,SEMANTICALLY_IDENTICAL_IMPLEMENTATION_TRANSITION,YES_SAME_A2R_ECONOMIC_FAMILY,CONTINUE,NO
2012-04-11,CANADA,LIST-41CF9FA344F46558,LIST-EE9374C8CF47DB0A,IE00B51B7Z02,HCAN,A2R_CANONICAL_SELECTION,True,2012-04-10,1.0,True,13,SEMANTICALLY_IDENTICAL_IMPLEMENTATION_TRANSITION,YES_SAME_A2R_ECONOMIC_FAMILY,CONTINUE,NO
2012-04-16,CANADA,LIST-EE9374C8CF47DB0A,LIST-41CF9FA344F46558,IE00B51B7Z02,HCAD,A2R_CANONICAL_SELECTION,True,2012-04-13,1.0,True,13,SEMANTICALLY_IDENTICAL_IMPLEMENTATION_TRANSITION,YES_SAME_A2R_ECONOMIC_FAMILY,CONTINUE,NO
2012-04-18,CANADA,LIST-41CF9FA344F46558,LIST-EE9374C8CF47DB0A,IE00B51B7Z02,HCAN,A2R_CANONICAL_SELECTION,True,2012-04-17,1.0,True,13,SEMANTICALLY_IDENTICAL_IMPLEMENTATION_TRANSITION,YES_SAME_A2R_ECONOMIC_FAMILY,CONTINUE,NO
2012-04-20,CANADA,LIST-EE9374C8CF47DB0A,LIST-41CF9FA344F46558,IE00B51B7Z02,HCAD,A2R_CANONICAL_SELECTION,True,2012-04-19,1.0,True,13,SEMANTICALLY_IDENTICAL_IMPLEMENTATION_TRANSITION,YES_SAME_A2R_ECONOMIC_FAMILY,CONTINUE,NO
2012-04-23,CANADA,LIST-41CF9FA344F46558,LIST-EE9374C8CF47DB0A,IE00B51B7Z02,HCAN,A2R_CANONICAL_SELECTION,False,,,False,13,PRICE_NOT_AVAILABLE,YES_SAME_A2R_ECONOMIC_FAMILY,RESET_OR_ENDPOINT_UNAVAILABLE,NO
2012-04-24,CANADA,LIST-EE9374C8CF47DB0A,LIST-41CF9FA344F46558,IE00B51B7Z02,HCAD,A2R_CANONICAL_SELECTION,False,,,False,13,PRICE_NOT_AVAILABLE,YES_SAME_A2R_ECONOMIC_FAMILY,RESET_OR_ENDPOINT_UNAVAILABLE,NO
2012-04-25,CANADA,LIST-41CF9FA344F46558,LIST-EE9374C8CF47DB0A,IE00B51B7Z02,HCAN,A2R_CANONICAL_SELECTION,True,2012-04-24,1.0,True,13,SEMANTICALLY_IDENTICAL_IMPLEMENTATION_TRANSITION,YES_SAME_A2R_ECONOMIC_FAMILY,CONTINUE,NO
2012-05-01,CANADA,LIST-EE9374C8CF47DB0A,LIST-41CF9FA344F46558,IE00B51B7Z02,HCAD,A2R_CANONICAL_SELECTION,False,,,False,13,PRICE_NOT_AVAILABLE,YES_SAME_A2R_ECONOMIC_FAMILY,RESET_OR_ENDPOINT_UNAVAILABLE,NO
2012-05-04,CANADA,LIST-EE9374C8CF47DB0A,LIST-F34996A28FCA5B34,IE00B52SF786,CSCA,A2R_CANONICAL_SELECTION,True,2012-05-03,,True,14,CONTINUITY_SEGMENT_START_OR_RESET,YES_SAME_A2R_ECONOMIC_FAMILY,RESET_OR_ENDPOINT_UNAVAILABLE,NO
2012-05-09,CANADA,LIST-F34996A28FCA5B34,LIST-EE9374C8CF47DB0A,IE00B51B7Z02,HCAN,A2R_CANONICAL_SELECTION,False,,,False,14,PRICE_NOT_AVAILABLE,YES_SAME_A2R_ECONOMIC_FAMILY,RESET_OR_ENDPOINT_UNAVAILABLE,NO
2012-05-10,CANADA,LIST-EE9374C8CF47DB0A,LIST-41CF9FA344F46558,IE00B51B7Z02,HCAD,A2R_CANONICAL_SELECTION,True,2012-05-09,1.0,True,14,SEMANTICALLY_IDENTICAL_IMPLEMENTATION_TRANSITION,YES_SAME_A2R_ECONOMIC_FAMILY,CONTINUE,NO
2012-05-14,CANADA,LIST-41CF9FA344F46558,LIST-EE9374C8CF47DB0A,IE00B51B7Z02,HCAN,A2R_CANONICAL_SELECTION,True,2012-05-11,1.0,True,14,SEMANTICALLY_IDENTICAL_IMPLEMENTATION_TRANSITION,YES_SAME_A2R_ECONOMIC_FAMILY,CONTINUE,NO
2012-05-21,CANADA,LIST-EE9374C8CF47DB0A,LIST-F34996A28FCA5B34,IE00B52SF786,CSCA,A2R_CANONICAL_SELECTION,True,2012-05-18,1.0,True,14,SEMANTICALLY_IDENTICAL_IMPLEMENTATION_TRANSITION,YES_SAME_A2R_ECONOMIC_FAMILY,CONTINUE,NO
2012-05-22,CANADA,LIST-F34996A28FCA5B34,LIST-EE9374C8CF47DB0A,IE00B51B7Z02,HCAN,A2R_CANONICAL_SELECTION,True,2012-05-21,1.0,True,14,SEMANTICALLY_IDENTICAL_IMPLEMENTATION_TRANSITION,YES_SAME_A2R_ECONOMIC_FAMILY,CONTINUE,NO
2012-05-31,CANADA,LIST-41CF9FA344F46558,LIST-EE9374C8CF47DB0A,IE00B51B7Z02,HCAN,A2R_CANONICAL_SELECTION,True,2012-05-30,,False,15,CONTINUITY_SEGMENT_START_OR_RESET,YES_SAME_A2R_ECONOMIC_FAMILY,RESET_OR_ENDPOINT_UNAVAILABLE,NO
2012-06-07,CANADA,LIST-EE9374C8CF47DB0A,LIST-41CF9FA344F46558,IE00B51B7Z02,HCAD,A2R_CANONICAL_SELECTION,True,2012-06-06,1.0,True,15,SEMANTICALLY_IDENTICAL_IMPLEMENTATION_TRANSITION,YES_SAME_A2R_ECONOMIC_FAMILY,CONTINUE,NO
2012-06-08,CANADA,LIST-41CF9FA344F46558,LIST-F34996A28FCA5B34,IE00B52SF786,CSCA,A2R_CANONICAL_SELECTION,False,,,False,15,PRICE_NOT_AVAILABLE,YES_SAME_A2R_ECONOMIC_FAMILY,RESET_OR_ENDPOINT_UNAVAILABLE,NO
2012-06-11,CANADA,LIST-F34996A28FCA5B34,LIST-EE9374C8CF47DB0A,IE00B51B7Z02,HCAN,A2R_CANONICAL_SELECTION,False,,,False,15,PRICE_NOT_AVAILABLE,YES_SAME_A2R_ECONOMIC_FAMILY,RESET_OR_ENDPOINT_UNAVAILABLE,NO
2012-06-14,CANADA,LIST-41CF9FA344F46558,LIST-EE9374C8CF47DB0A,IE00B51B7Z02,HCAN,A2R_CANONICAL_SELECTION,False,,,False,15,PRICE_NOT_AVAILABLE,YES_SAME_A2R_ECONOMIC_FAMILY,RESET_OR_ENDPOINT_UNAVAILABLE,NO
2012-06-19,CANADA,LIST-EE9374C8CF47DB0A,LIST-41CF9FA344F46558,IE00B51B7Z02,HCAD,A2R_CANONICAL_SELECTION,False,,,False,15,PRICE_NOT_AVAILABLE,YES_SAME_A2R_ECONOMIC_FAMILY,RESET_OR_ENDPOINT_UNAVAILABLE,NO
2012-06-25,CANADA,LIST-F34996A28FCA5B34,LIST-41CF9FA344F46558,IE00B51B7Z02,HCAD,A2R_CANONICAL_SELECTION,True,2012-06-22,1.0,True,16,SEMANTICALLY_IDENTICAL_IMPLEMENTATION_TRANSITION,YES_SAME_A2R_ECONOMIC_FAMILY,CONTINUE,NO
2012-06-26,CANADA,LIST-41CF9FA344F46558,LIST-EE9374C8CF47DB0A,IE00B51B7Z02,HCAN,A2R_CANONICAL_SELECTION,True,2012-06-25,1.0,True,16,SEMANTICALLY_IDENTICAL_IMPLEMENTATION_TRANSITION,YES_SAME_A2R_ECONOMIC_FAMILY,CONTINUE,NO
2012-06-29,CANADA,LIST-EE9374C8CF47DB0A,LIST-41CF9FA344F46558,IE00B51B7Z02,HCAD,A2R_CANONICAL_SELECTION,True,2012-06-28,1.0,True,16,SEMANTICALLY_IDENTICAL_IMPLEMENTATION_TRANSITION,YES_SAME_A2R_ECONOMIC_FAMILY,CONTINUE,NO
2012-07-03,CANADA,LIST-41CF9FA344F46558,LIST-EE9374C8CF47DB0A,IE00B51B7Z02,HCAN,A2R_CANONICAL_SELECTION,True,2012-07-02,1.0,True,16,SEMANTICALLY_IDENTICAL_IMPLEMENTATION_TRANSITION,YES_SAME_A2R_ECONOMIC_FAMILY,CONTINUE,NO
2012-07-09,CANADA,LIST-41CF9FA344F46558,LIST-573219972ABC22EB,LU0446734872,UB23,A2R_CANONICAL_SELECTION,False,,,False,16,PRICE_NOT_AVAILABLE,YES_SAME_A2R_ECONOMIC_FAMILY,RESET_OR_ENDPOINT_UNAVAILABLE,NO
2012-07-10,CANADA,LIST-573219972ABC22EB,LIST-EE9374C8CF47DB0A,IE00B51B7Z02,HCAN,A2R_CANONICAL_SELECTION,True,2012-07-09,,False,17,CONTINUITY_SEGMENT_START_OR_RESET,YES_SAME_A2R_ECONOMIC_FAMILY,RESET_OR_ENDPOINT_UNAVAILABLE,NO
2012-07-13,CANADA,LIST-EE9374C8CF47DB0A,LIST-573219972ABC22EB,LU0446734872,UB23,A2R_CANONICAL_SELECTION,False,,,False,17,PRICE_NOT_AVAILABLE,YES_SAME_A2R_ECONOMIC_FAMILY,RESET_OR_ENDPOINT_UNAVAILABLE,NO
2012-07-19,CANADA,LIST-F34996A28FCA5B34,LIST-EE9374C8CF47DB0A,IE00B51B7Z02,HCAN,A2R_CANONICAL_SELECTION,True,2012-07-18,,False,18,CONTINUITY_SEGMENT_START_OR_RESET,YES_SAME_A2R_ECONOMIC_FAMILY,RESET_OR_ENDPOINT_UNAVAILABLE,NO
2012-07-23,CANADA,LIST-EE9374C8CF47DB0A,LIST-F34996A28FCA5B34,IE00B52SF786,CSCA,A2R_CANONICAL_SELECTION,False,,,False,18,PRICE_NOT_AVAILABLE,YES_SAME_A2R_ECONOMIC_FAMILY,RESET_OR_ENDPOINT_UNAVAILABLE,NO
2012-07-24,CANADA,LIST-F34996A28FCA5B34,LIST-EE9374C8CF47DB0A,IE00B51B7Z02,HCAN,A2R_CANONICAL_SELECTION,False,,,False,18,PRICE_NOT_AVAILABLE,YES_SAME_A2R_ECONOMIC_FAMILY,RESET_OR_ENDPOINT_UNAVAILABLE,NO
2012-07-25,CANADA,LIST-EE9374C8CF47DB0A,LIST-573219972ABC22EB,LU0446734872,UB23,A2R_CANONICAL_SELECTION,False,,,False,18,PRICE_NOT_AVAILABLE,YES_SAME_A2R_ECONOMIC_FAMILY,RESET_OR_ENDPOINT_UNAVAILABLE,NO
2012-07-26,CANADA,LIST-573219972ABC22EB,LIST-EE9374C8CF47DB0A,IE00B51B7Z02,HCAN,A2R_CANONICAL_SELECTION,True,2012-07-25,,False,19,CONTINUITY_SEGMENT_START_OR_RESET,YES_SAME_A2R_ECONOMIC_FAMILY,RESET_OR_ENDPOINT_UNAVAILABLE,NO
2012-07-31,CANADA,LIST-EE9374C8CF47DB0A,LIST-41CF9FA344F46558,IE00B51B7Z02,HCAD,A2R_CANONICAL_SELECTION,True,2012-07-30,1.0,True,19,SEMANTICALLY_IDENTICAL_IMPLEMENTATION_TRANSITION,YES_SAME_A2R_ECONOMIC_FAMILY,CONTINUE,NO
2012-08-06,CANADA,LIST-573219972ABC22EB,LIST-F34996A28FCA5B34,IE00B52SF786,CSCA,A2R_CANONICAL_SELECTION,True,2012-08-03,,True,20,CONTINUITY_SEGMENT_START_OR_RESET,YES_SAME_A2R_ECONOMIC_FAMILY,RESET_OR_ENDPOINT_UNAVAILABLE,NO
2012-08-09,CANADA,LIST-F34996A28FCA5B34,LIST-573219972ABC22EB,LU0446734872,UB23,A2R_CANONICAL_SELECTION,False,,,False,20,PRICE_NOT_AVAILABLE,YES_SAME_A2R_ECONOMIC_FAMILY,RESET_OR_ENDPOINT_UNAVAILABLE,NO
2012-08-15,CANADA,LIST-41CF9FA344F46558,LIST-EE9374C8CF47DB0A,IE00B51B7Z02,HCAN,A2R_CANONICAL_SELECTION,True,2012-08-14,1.0,True,21,SEMANTICALLY_IDENTICAL_IMPLEMENTATION_TRANSITION,YES_SAME_A2R_ECONOMIC_FAMILY,CONTINUE,NO
2012-08-22,CANADA,LIST-F34996A28FCA5B34,LIST-EE9374C8CF47DB0A,IE00B51B7Z02,HCAN,A2R_CANONICAL_SELECTION,False,,,False,21,PRICE_NOT_AVAILABLE,YES_SAME_A2R_ECONOMIC_FAMILY,RESET_OR_ENDPOINT_UNAVAILABLE,NO
2012-08-23,CANADA,LIST-EE9374C8CF47DB0A,LIST-41CF9FA344F46558,IE00B51B7Z02,HCAD,A2R_CANONICAL_SELECTION,True,2012-08-22,1.0,True,21,SEMANTICALLY_IDENTICAL_IMPLEMENTATION_TRANSITION,YES_SAME_A2R_ECONOMIC_FAMILY,CONTINUE,NO
2012-08-28,CANADA,LIST-41CF9FA344F46558,LIST-EE9374C8CF47DB0A,IE00B51B7Z02,HCAN,A2R_CANONICAL_SELECTION,True,2012-08-24,1.0,True,21,SEMANTICALLY_IDENTICAL_IMPLEMENTATION_TRANSITION,YES_SAME_A2R_ECONOMIC_FAMILY,CONTINUE,NO
2012-08-30,CANADA,LIST-EE9374C8CF47DB0A,LIST-41CF9FA344F46558,IE00B51B7Z02,HCAD,A2R_CANONICAL_SELECTION,False,,,False,21,PRICE_NOT_AVAILABLE,YES_SAME_A2R_ECONOMIC_FAMILY,RESET_OR_ENDPOINT_UNAVAILABLE,NO
2012-08-31,CANADA,LIST-41CF9FA344F46558,LIST-F34996A28FCA5B34,IE00B52SF786,CSCA,A2R_CANONICAL_SELECTION,False,,,False,21,PRICE_NOT_AVAILABLE,YES_SAME_A2R_ECONOMIC_FAMILY,RESET_OR_ENDPOINT_UNAVAILABLE,NO
2012-09-03,CANADA,LIST-F34996A28FCA5B34,LIST-EE9374C8CF47DB0A,IE00B51B7Z02,HCAN,A2R_CANONICAL_SELECTION,False,,,False,21,PRICE_NOT_AVAILABLE,YES_SAME_A2R_ECONOMIC_FAMILY,RESET_OR_ENDPOINT_UNAVAILABLE,NO
2012-09-04,CANADA,LIST-EE9374C8CF47DB0A,LIST-573219972ABC22EB,LU0446734872,UB23,A2R_CANONICAL_SELECTION,True,2012-09-03,,True,22,CONTINUITY_SEGMENT_START_OR_RESET,YES_SAME_A2R_ECONOMIC_FAMILY,RESET_OR_ENDPOINT_UNAVAILABLE,NO
2012-09-05,CANADA,LIST-573219972ABC22EB,LIST-EE9374C8CF47DB0A,IE00B51B7Z02,HCAN,A2R_CANONICAL_SELECTION,False,,,False,22,PRICE_NOT_AVAILABLE,YES_SAME_A2R_ECONOMIC_FAMILY,RESET_OR_ENDPOINT_UNAVAILABLE,NO
2012-09-06,CANADA,LIST-EE9374C8CF47DB0A,LIST-41CF9FA344F46558,IE00B51B7Z02,HCAD,A2R_CANONICAL_SELECTION,False,,,False,22,PRICE_NOT_AVAILABLE,YES_SAME_A2R_ECONOMIC_FAMILY,RESET_OR_ENDPOINT_UNAVAILABLE,NO
2012-09-11,CANADA,LIST-F34996A28FCA5B34,LIST-41CF9FA344F46558,IE00B51B7Z02,HCAD,A2R_CANONICAL_SELECTION,False,,,False,22,PRICE_NOT_AVAILABLE,YES_SAME_A2R_ECONOMIC_FAMILY,RESET_OR_ENDPOINT_UNAVAILABLE,NO
2012-09-18,CANADA,LIST-573219972ABC22EB,LIST-EE9374C8CF47DB0A,IE00B51B7Z02,HCAN,A2R_CANONICAL_SELECTION,False,,,False,22,PRICE_NOT_AVAILABLE,YES_SAME_A2R_ECONOMIC_FAMILY,RESET_OR_ENDPOINT_UNAVAILABLE,NO
2012-09-19,CANADA,LIST-EE9374C8CF47DB0A,LIST-F34996A28FCA5B34,IE00B52SF786,CSCA,A2R_CANONICAL_SELECTION,False,,,False,22,PRICE_NOT_AVAILABLE,YES_SAME_A2R_ECONOMIC_FAMILY,RESET_OR_ENDPOINT_UNAVAILABLE,NO
2012-09-25,CANADA,LIST-F34996A28FCA5B34,LIST-EE9374C8CF47DB0A,IE00B51B7Z02,HCAN,A2R_CANONICAL_SELECTION,True,2012-09-24,,True,23,CONTINUITY_SEGMENT_START_OR_RESET,YES_SAME_A2R_ECONOMIC_FAMILY,RESET_OR_ENDPOINT_UNAVAILABLE,NO
2012-09-27,CANADA,LIST-EE9374C8CF47DB0A,LIST-41CF9FA344F46558,IE00B51B7Z02,HCAD,A2R_CANONICAL_SELECTION,False,,,False,23,PRICE_NOT_AVAILABLE,YES_SAME_A2R_ECONOMIC_FAMILY,RESET_OR_ENDPOINT_UNAVAILABLE,NO
2012-10-08,CANADA,LIST-EE9374C8CF47DB0A,LIST-41CF9FA344F46558,IE00B51B7Z02,HCAD,A2R_CANONICAL_SELECTION,True,2012-10-05,,True,24,CONTINUITY_SEGMENT_START_OR_RESET,YES_SAME_A2R_ECONOMIC_FAMILY,RESET_OR_ENDPOINT_UNAVAILABLE,NO
2012-10-09,CANADA,LIST-41CF9FA344F46558,LIST-EE9374C8CF47DB0A,IE00B51B7Z02,HCAN,A2R_CANONICAL_SELECTION,True,2012-10-08,1.0,True,24,SEMANTICALLY_IDENTICAL_IMPLEMENTATION_TRANSITION,YES_SAME_A2R_ECONOMIC_FAMILY,CONTINUE,NO
2012-10-17,CANADA,LIST-EE9374C8CF47DB0A,LIST-41CF9FA344F46558,IE00B51B7Z02,HCAD,A2R_CANONICAL_SELECTION,True,2012-10-16,1.0,True,24,SEMANTICALLY_IDENTICAL_IMPLEMENTATION_TRANSITION,YES_SAME_A2R_ECONOMIC_FAMILY,CONTINUE,NO
2012-10-18,CANADA,LIST-41CF9FA344F46558,LIST-EE9374C8CF47DB0A,IE00B51B7Z02,HCAN,A2R_CANONICAL_SELECTION,False,,,False,24,PRICE_NOT_AVAILABLE,YES_SAME_A2R_ECONOMIC_FAMILY,RESET_OR_ENDPOINT_UNAVAILABLE,NO
2012-10-19,CANADA,LIST-EE9374C8CF47DB0A,LIST-41CF9FA344F46558,IE00B51B7Z02,HCAD,A2R_CANONICAL_SELECTION,True,2012-10-18,1.0,False,24,EXACT_PREVIOUS_XLON_SESSION_ENDPOINT,YES_SAME_A2R_ECONOMIC_FAMILY,RESET_OR_ENDPOINT_UNAVAILABLE,NO
2012-10-22,CANADA,LIST-41CF9FA344F46558,LIST-EE9374C8CF47DB0A,IE00B51B7Z02,HCAN,A2R_CANONICAL_SELECTION,False,,,False,24,PRICE_NOT_AVAILABLE,YES_SAME_A2R_ECONOMIC_FAMILY,RESET_OR_ENDPOINT_UNAVAILABLE,NO
2012-10-23,CANADA,LIST-EE9374C8CF47DB0A,LIST-F34996A28FCA5B34,IE00B52SF786,CSCA,A2R_CANONICAL_SELECTION,False,,,False,24,PRICE_NOT_AVAILABLE,YES_SAME_A2R_ECONOMIC_FAMILY,RESET_OR_ENDPOINT_UNAVAILABLE,NO
2012-10-24,CANADA,LIST-F34996A28FCA5B34,LIST-EE9374C8CF47DB0A,IE00B51B7Z02,HCAN,A2R_CANONICAL_SELECTION,False,,,False,24,PRICE_NOT_AVAILABLE,YES_SAME_A2R_ECONOMIC_FAMILY,RESET_OR_ENDPOINT_UNAVAILABLE,NO
2012-10-25,CANADA,LIST-EE9374C8CF47DB0A,LIST-41CF9FA344F46558,IE00B51B7Z02,HCAD,A2R_CANONICAL_SELECTION,True,2012-10-24,,False,25,CONTINUITY_SEGMENT_START_OR_RESET,YES_SAME_A2R_ECONOMIC_FAMILY,RESET_OR_ENDPOINT_UNAVAILABLE,NO
2012-10-29,CANADA,LIST-41CF9FA344F46558,LIST-EE9374C8CF47DB0A,IE00B51B7Z02,HCAN,A2R_CANONICAL_SELECTION,False,,,False,25,PRICE_NOT_AVAILABLE,YES_SAME_A2R_ECONOMIC_FAMILY,RESET_OR_ENDPOINT_UNAVAILABLE,NO
2012-11-02,CANADA,LIST-EE9374C8CF47DB0A,LIST-573219972ABC22EB,LU0446734872,UB23,A2R_CANONICAL_SELECTION,False,,,False,26,PRICE_NOT_AVAILABLE,YES_SAME_A2R_ECONOMIC_FAMILY,RESET_OR_ENDPOINT_UNAVAILABLE,NO
2012-11-13,CANADA,LIST-F34996A28FCA5B34,LIST-EE9374C8CF47DB0A,IE00B51B7Z02,HCAN,A2R_CANONICAL_SELECTION,False,,,False,27,PRICE_NOT_AVAILABLE,YES_SAME_A2R_ECONOMIC_FAMILY,RESET_OR_ENDPOINT_UNAVAILABLE,NO
2012-11-14,CANADA,LIST-EE9374C8CF47DB0A,LIST-573219972ABC22EB,LU0446734872,UB23,A2R_CANONICAL_SELECTION,True,2012-11-13,1.0,True,27,SEMANTICALLY_IDENTICAL_IMPLEMENTATION_TRANSITION,YES_SAME_A2R_ECONOMIC_FAMILY,CONTINUE,NO
2012-11-15,CANADA,LIST-573219972ABC22EB,LIST-EE9374C8CF47DB0A,IE00B51B7Z02,HCAN,A2R_CANONICAL_SELECTION,True,2012-11-14,1.0,True,27,SEMANTICALLY_IDENTICAL_IMPLEMENTATION_TRANSITION,YES_SAME_A2R_ECONOMIC_FAMILY,CONTINUE,NO
2012-12-05,CANADA,LIST-EE9374C8CF47DB0A,LIST-41CF9FA344F46558,IE00B51B7Z02,HCAD,A2R_CANONICAL_SELECTION,False,,,False,28,PRICE_NOT_AVAILABLE,YES_SAME_A2R_ECONOMIC_FAMILY,RESET_OR_ENDPOINT_UNAVAILABLE,NO
2012-12-12,CANADA,LIST-EE9374C8CF47DB0A,LIST-F34996A28FCA5B34,IE00B52SF786,CSCA,A2R_CANONICAL_SELECTION,False,,,False,28,PRICE_NOT_AVAILABLE,YES_SAME_A2R_ECONOMIC_FAMILY,RESET_OR_ENDPOINT_UNAVAILABLE,NO
2012-12-13,CANADA,LIST-F34996A28FCA5B34,LIST-41CF9FA344F46558,IE00B51B7Z02,HCAD,A2R_CANONICAL_SELECTION,False,,,False,28,PRICE_NOT_AVAILABLE,YES_SAME_A2R_ECONOMIC_FAMILY,RESET_OR_ENDPOINT_UNAVAILABLE,NO
2012-12-14,CANADA,LIST-41CF9FA344F46558,LIST-F34996A28FCA5B34,IE00B52SF786,CSCA,A2R_CANONICAL_SELECTION,False,,,False,28,PRICE_NOT_AVAILABLE,YES_SAME_A2R_ECONOMIC_FAMILY,RESET_OR_ENDPOINT_UNAVAILABLE,NO
2012-12-17,CANADA,LIST-F34996A28FCA5B34,LIST-EE9374C8CF47DB0A,IE00B51B7Z02,HCAN,A2R_CANONICAL_SELECTION,True,2012-12-14,,False,29,CONTINUITY_SEGMENT_START_OR_RESET,YES_SAME_A2R_ECONOMIC_FAMILY,RESET_OR_ENDPOINT_UNAVAILABLE,NO
2012-12-21,CANADA,LIST-EE9374C8CF47DB0A,LIST-41CF9FA344F46558,IE00B51B7Z02,HCAD,A2R_CANONICAL_SELECTION,True,2012-12-20,,True,30,CONTINUITY_SEGMENT_START_OR_RESET,YES_SAME_A2R_ECONOMIC_FAMILY,RESET_OR_ENDPOINT_UNAVAILABLE,NO
2012-12-24,CANADA,LIST-41CF9FA344F46558,LIST-EE9374C8CF47DB0A,IE00B51B7Z02,HCAN,A2R_CANONICAL_SELECTION,False,,,False,30,PRICE_NOT_AVAILABLE,YES_SAME_A2R_ECONOMIC_FAMILY,RESET_OR_ENDPOINT_UNAVAILABLE,NO
2013-01-07,CANADA,LIST-EE9374C8CF47DB0A,LIST-F34996A28FCA5B34,IE00B52SF786,CSCA,A2R_CANONICAL_SELECTION,False,,,False,31,PRICE_NOT_AVAILABLE,YES_SAME_A2R_ECONOMIC_FAMILY,RESET_OR_ENDPOINT_UNAVAILABLE,NO
2013-01-08,CANADA,LIST-F34996A28FCA5B34,LIST-EE9374C8CF47DB0A,IE00B51B7Z02,HCAN,A2R_CANONICAL_SELECTION,True,2013-01-07,1.0,False,31,EXACT_PREVIOUS_XLON_SESSION_ENDPOINT,YES_SAME_A2R_ECONOMIC_FAMILY,RESET_OR_ENDPOINT_UNAVAILABLE,NO
2013-01-16,CANADA,LIST-F34996A28FCA5B34,LIST-41CF9FA344F46558,IE00B51B7Z02,HCAD,A2R_CANONICAL_SELECTION,False,,,False,32,PRICE_NOT_AVAILABLE,YES_SAME_A2R_ECONOMIC_FAMILY,RESET_OR_ENDPOINT_UNAVAILABLE,NO
2013-01-23,CANADA,LIST-EE9374C8CF47DB0A,LIST-41CF9FA344F46558,IE00B51B7Z02,HCAD,A2R_CANONICAL_SELECTION,False,,,False,32,PRICE_NOT_AVAILABLE,YES_SAME_A2R_ECONOMIC_FAMILY,RESET_OR_ENDPOINT_UNAVAILABLE,NO
2013-01-24,CANADA,LIST-41CF9FA344F46558,LIST-EE9374C8CF47DB0A,IE00B51B7Z02,HCAN,A2R_CANONICAL_SELECTION,True,2013-01-23,,True,33,CONTINUITY_SEGMENT_START_OR_RESET,YES_SAME_A2R_ECONOMIC_FAMILY,RESET_OR_ENDPOINT_UNAVAILABLE,NO
2013-02-07,CANADA,LIST-41CF9FA344F46558,LIST-EE9374C8CF47DB0A,IE00B51B7Z02,HCAN,A2R_CANONICAL_SELECTION,True,2013-02-06,1.0,True,34,SEMANTICALLY_IDENTICAL_IMPLEMENTATION_TRANSITION,YES_SAME_A2R_ECONOMIC_FAMILY,CONTINUE,NO
2013-02-18,CANADA,LIST-EE9374C8CF47DB0A,LIST-41CF9FA344F46558,IE00B51B7Z02,HCAD,A2R_CANONICAL_SELECTION,False,,,False,34,PRICE_NOT_AVAILABLE,YES_SAME_A2R_ECONOMIC_FAMILY,RESET_OR_ENDPOINT_UNAVAILABLE,NO
2013-02-22,CANADA,LIST-F34996A28FCA5B34,LIST-EE9374C8CF47DB0A,IE00B51B7Z02,HCAN,A2R_CANONICAL_SELECTION,False,,,False,34,PRICE_NOT_AVAILABLE,YES_SAME_A2R_ECONOMIC_FAMILY,RESET_OR_ENDPOINT_UNAVAILABLE,NO
2013-02-25,CANADA,LIST-EE9374C8CF47DB0A,LIST-F34996A28FCA5B34,IE00B52SF786,CSCA,A2R_CANONICAL_SELECTION,False,,,False,34,PRICE_NOT_AVAILABLE,YES_SAME_A2R_ECONOMIC_FAMILY,RESET_OR_ENDPOINT_UNAVAILABLE,NO
2013-02-28,CANADA,LIST-EE9374C8CF47DB0A,LIST-41CF9FA344F46558,IE00B51B7Z02,HCAD,A2R_CANONICAL_SELECTION,True,2013-02-27,,True,35,CONTINUITY_SEGMENT_START_OR_RESET,YES_SAME_A2R_ECONOMIC_FAMILY,RESET_OR_ENDPOINT_UNAVAILABLE,NO
2013-03-04,CANADA,LIST-41CF9FA344F46558,LIST-F34996A28FCA5B34,IE00B52SF786,CSCA,A2R_CANONICAL_SELECTION,False,,,False,35,PRICE_NOT_AVAILABLE,YES_SAME_A2R_ECONOMIC_FAMILY,RESET_OR_ENDPOINT_UNAVAILABLE,NO
2013-03-05,CANADA,LIST-F34996A28FCA5B34,LIST-EE9374C8CF47DB0A,IE00B51B7Z02,HCAN,A2R_CANONICAL_SELECTION,True,2013-03-04,1.0,True,35,SEMANTICALLY_IDENTICAL_IMPLEMENTATION_TRANSITION,YES_SAME_A2R_ECONOMIC_FAMILY,CONTINUE,NO
2013-03-13,CANADA,LIST-EE9374C8CF47DB0A,LIST-41CF9FA344F46558,IE00B51B7Z02,HCAD,A2R_CANONICAL_SELECTION,False,,,False,35,PRICE_NOT_AVAILABLE,YES_SAME_A2R_ECONOMIC_FAMILY,RESET_OR_ENDPOINT_UNAVAILABLE,NO
2013-03-14,CANADA,LIST-41CF9FA344F46558,LIST-F34996A28FCA5B34,IE00B52SF786,CSCA,A2R_CANONICAL_SELECTION,False,,,False,35,PRICE_NOT_AVAILABLE,YES_SAME_A2R_ECONOMIC_FAMILY,RESET_OR_ENDPOINT_UNAVAILABLE,NO
2013-03-15,CANADA,LIST-F34996A28FCA5B34,LIST-EE9374C8CF47DB0A,IE00B51B7Z02,HCAN,A2R_CANONICAL_SELECTION,True,2013-03-14,,False,36,CONTINUITY_SEGMENT_START_OR_RESET,YES_SAME_A2R_ECONOMIC_FAMILY,RESET_OR_ENDPOINT_UNAVAILABLE,NO
2013-03-22,CANADA,LIST-F34996A28FCA5B34,LIST-EE9374C8CF47DB0A,IE00B51B7Z02,HCAN,A2R_CANONICAL_SELECTION,True,2013-03-21,1.0,True,36,SEMANTICALLY_IDENTICAL_IMPLEMENTATION_TRANSITION,YES_SAME_A2R_ECONOMIC_FAMILY,CONTINUE,NO
2013-03-27,CANADA,LIST-EE9374C8CF47DB0A,LIST-41CF9FA344F46558,IE00B51B7Z02,HCAD,A2R_CANONICAL_SELECTION,True,2013-03-26,1.0,True,36,SEMANTICALLY_IDENTICAL_IMPLEMENTATION_TRANSITION,YES_SAME_A2R_ECONOMIC_FAMILY,CONTINUE,NO
2013-03-28,CANADA,LIST-41CF9FA344F46558,LIST-EE9374C8CF47DB0A,IE00B51B7Z02,HCAN,A2R_CANONICAL_SELECTION,False,,,False,36,PRICE_NOT_AVAILABLE,YES_SAME_A2R_ECONOMIC_FAMILY,RESET_OR_ENDPOINT_UNAVAILABLE,NO
2013-04-05,CANADA,LIST-EE9374C8CF47DB0A,LIST-573219972ABC22EB,LU0446734872,UB23,A2R_CANONICAL_SELECTION,True,2013-04-04,,True,37,CONTINUITY_SEGMENT_START_OR_RESET,YES_SAME_A2R_ECONOMIC_FAMILY,RESET_OR_ENDPOINT_UNAVAILABLE,NO
2013-04-08,CANADA,LIST-573219972ABC22EB,LIST-EE9374C8CF47DB0A,IE00B51B7Z02,HCAN,A2R_CANONICAL_SELECTION,True,2013-04-05,1.0,True,37,SEMANTICALLY_IDENTICAL_IMPLEMENTATION_TRANSITION,YES_SAME_A2R_ECONOMIC_FAMILY,CONTINUE,NO
2013-04-12,CANADA,LIST-EE9374C8CF47DB0A,LIST-F34996A28FCA5B34,IE00B52SF786,CSCA,A2R_CANONICAL_SELECTION,False,,,False,37,PRICE_NOT_AVAILABLE,YES_SAME_A2R_ECONOMIC_FAMILY,RESET_OR_ENDPOINT_UNAVAILABLE,NO
2013-04-15,CANADA,LIST-F34996A28FCA5B34,LIST-EE9374C8CF47DB0A,IE00B51B7Z02,HCAN,A2R_CANONICAL_SELECTION,True,2013-04-12,1.0,False,37,EXACT_PREVIOUS_XLON_SESSION_ENDPOINT,YES_SAME_A2R_ECONOMIC_FAMILY,RESET_OR_ENDPOINT_UNAVAILABLE,NO
2013-04-22,CANADA,LIST-EE9374C8CF47DB0A,LIST-41CF9FA344F46558,IE00B51B7Z02,HCAD,A2R_CANONICAL_SELECTION,False,,,False,37,PRICE_NOT_AVAILABLE,YES_SAME_A2R_ECONOMIC_FAMILY,RESET_OR_ENDPOINT_UNAVAILABLE,NO
2013-04-23,CANADA,LIST-41CF9FA344F46558,LIST-EE9374C8CF47DB0A,IE00B51B7Z02,HCAN,A2R_CANONICAL_SELECTION,False,,,False,37,PRICE_NOT_AVAILABLE,YES_SAME_A2R_ECONOMIC_FAMILY,RESET_OR_ENDPOINT_UNAVAILABLE,NO
2013-05-14,CANADA,LIST-F34996A28FCA5B34,LIST-573219972ABC22EB,LU0446734872,UB23,A2R_CANONICAL_SELECTION,True,2013-05-13,,True,39,CONTINUITY_SEGMENT_START_OR_RESET,YES_SAME_A2R_ECONOMIC_FAMILY,RESET_OR_ENDPOINT_UNAVAILABLE,NO
2013-05-15,CANADA,LIST-573219972ABC22EB,LIST-EE9374C8CF47DB0A,IE00B51B7Z02,HCAN,A2R_CANONICAL_SELECTION,False,,,False,39,PRICE_NOT_AVAILABLE,YES_SAME_A2R_ECONOMIC_FAMILY,RESET_OR_ENDPOINT_UNAVAILABLE,NO
2013-05-16,CANADA,LIST-EE9374C8CF47DB0A,LIST-F34996A28FCA5B34,IE00B52SF786,CSCA,A2R_CANONICAL_SELECTION,False,,,False,39,PRICE_NOT_AVAILABLE,YES_SAME_A2R_ECONOMIC_FAMILY,RESET_OR_ENDPOINT_UNAVAILABLE,NO
2013-05-17,CANADA,LIST-F34996A28FCA5B34,LIST-EE9374C8CF47DB0A,IE00B51B7Z02,HCAN,A2R_CANONICAL_SELECTION,True,2013-05-16,1.0,True,39,SEMANTICALLY_IDENTICAL_IMPLEMENTATION_TRANSITION,YES_SAME_A2R_ECONOMIC_FAMILY,CONTINUE,NO
2013-05-29,CANADA,LIST-EE9374C8CF47DB0A,LIST-573219972ABC22EB,LU0446734872,UB23,A2R_CANONICAL_SELECTION,True,2013-05-28,1.0,True,39,SEMANTICALLY_IDENTICAL_IMPLEMENTATION_TRANSITION,YES_SAME_A2R_ECONOMIC_FAMILY,CONTINUE,NO
2013-05-31,CANADA,LIST-573219972ABC22EB,LIST-EE9374C8CF47DB0A,IE00B51B7Z02,HCAN,A2R_CANONICAL_SELECTION,False,,,False,39,PRICE_NOT_AVAILABLE,YES_SAME_A2R_ECONOMIC_FAMILY,RESET_OR_ENDPOINT_UNAVAILABLE,NO
2013-06-03,CANADA,LIST-EE9374C8CF47DB0A,LIST-573219972ABC22EB,LU0446734872,UB23,A2R_CANONICAL_SELECTION,True,2013-05-31,1.0,False,39,EXACT_PREVIOUS_XLON_SESSION_ENDPOINT,YES_SAME_A2R_ECONOMIC_FAMILY,RESET_OR_ENDPOINT_UNAVAILABLE,NO
2013-06-04,CANADA,LIST-573219972ABC22EB,LIST-EE9374C8CF47DB0A,IE00B51B7Z02,HCAN,A2R_CANONICAL_SELECTION,True,2013-06-03,1.0,True,39,SEMANTICALLY_IDENTICAL_IMPLEMENTATION_TRANSITION,YES_SAME_A2R_ECONOMIC_FAMILY,CONTINUE,NO
2013-06-10,CANADA,LIST-EE9374C8CF47DB0A,LIST-F34996A28FCA5B34,IE00B52SF786,CSCA,A2R_CANONICAL_SELECTION,True,2013-06-07,1.0,True,39,SEMANTICALLY_IDENTICAL_IMPLEMENTATION_TRANSITION,YES_SAME_A2R_ECONOMIC_FAMILY,CONTINUE,NO
2013-06-12,CANADA,LIST-F34996A28FCA5B34,LIST-EE9374C8CF47DB0A,IE00B51B7Z02,HCAN,A2R_CANONICAL_SELECTION,False,,,False,39,PRICE_NOT_AVAILABLE,YES_SAME_A2R_ECONOMIC_FAMILY,RESET_OR_ENDPOINT_UNAVAILABLE,NO
2013-06-13,CANADA,LIST-EE9374C8CF47DB0A,LIST-573219972ABC22EB,LU0446734872,UB23,A2R_CANONICAL_SELECTION,True,2013-06-12,1.0,True,39,SEMANTICALLY_IDENTICAL_IMPLEMENTATION_TRANSITION,YES_SAME_A2R_ECONOMIC_FAMILY,CONTINUE,NO
2013-06-17,CANADA,LIST-573219972ABC22EB,LIST-EE9374C8CF47DB0A,IE00B51B7Z02,HCAN,A2R_CANONICAL_SELECTION,True,2013-06-14,1.0,True,39,SEMANTICALLY_IDENTICAL_IMPLEMENTATION_TRANSITION,YES_SAME_A2R_ECONOMIC_FAMILY,CONTINUE,NO
2013-06-19,CANADA,LIST-EE9374C8CF47DB0A,LIST-573219972ABC22EB,LU0446734872,UB23,A2R_CANONICAL_SELECTION,True,2013-06-18,1.0,True,39,SEMANTICALLY_IDENTICAL_IMPLEMENTATION_TRANSITION,YES_SAME_A2R_ECONOMIC_FAMILY,CONTINUE,NO
2013-06-21,CANADA,LIST-573219972ABC22EB,LIST-F34996A28FCA5B34,IE00B52SF786,CSCA,A2R_CANONICAL_SELECTION,True,2013-06-20,1.0,True,39,SEMANTICALLY_IDENTICAL_IMPLEMENTATION_TRANSITION,YES_SAME_A2R_ECONOMIC_FAMILY,CONTINUE,NO
2013-06-24,CANADA,LIST-F34996A28FCA5B34,LIST-EE9374C8CF47DB0A,IE00B51B7Z02,HCAN,A2R_CANONICAL_SELECTION,False,,,False,39,PRICE_NOT_AVAILABLE,YES_SAME_A2R_ECONOMIC_FAMILY,RESET_OR_ENDPOINT_UNAVAILABLE,NO
2013-06-25,CANADA,LIST-EE9374C8CF47DB0A,LIST-573219972ABC22EB,LU0446734872,UB23,A2R_CANONICAL_SELECTION,True,2013-06-24,1.0,True,39,SEMANTICALLY_IDENTICAL_IMPLEMENTATION_TRANSITION,YES_SAME_A2R_ECONOMIC_FAMILY,CONTINUE,NO
2013-06-27,CANADA,LIST-573219972ABC22EB,LIST-EE9374C8CF47DB0A,IE00B51B7Z02,HCAN,A2R_CANONICAL_SELECTION,False,,,False,39,PRICE_NOT_AVAILABLE,YES_SAME_A2R_ECONOMIC_FAMILY,RESET_OR_ENDPOINT_UNAVAILABLE,NO
2013-06-28,CANADA,LIST-EE9374C8CF47DB0A,LIST-573219972ABC22EB,LU0446734872,UB23,A2R_CANONICAL_SELECTION,True,2013-06-27,1.0,False,39,EXACT_PREVIOUS_XLON_SESSION_ENDPOINT,YES_SAME_A2R_ECONOMIC_FAMILY,RESET_OR_ENDPOINT_UNAVAILABLE,NO
2013-07-01,CANADA,LIST-573219972ABC22EB,LIST-EE9374C8CF47DB0A,IE00B51B7Z02,HCAN,A2R_CANONICAL_SELECTION,True,2013-06-28,1.0,True,39,SEMANTICALLY_IDENTICAL_IMPLEMENTATION_TRANSITION,YES_SAME_A2R_ECONOMIC_FAMILY,CONTINUE,NO
2013-07-03,CANADA,LIST-EE9374C8CF47DB0A,LIST-573219972ABC22EB,LU0446734872,UB23,A2R_CANONICAL_SELECTION,True,2013-07-02,1.0,True,39,SEMANTICALLY_IDENTICAL_IMPLEMENTATION_TRANSITION,YES_SAME_A2R_ECONOMIC_FAMILY,CONTINUE,NO
2013-07-04,CANADA,LIST-573219972ABC22EB,LIST-EE9374C8CF47DB0A,IE00B51B7Z02,HCAN,A2R_CANONICAL_SELECTION,True,2013-07-03,1.0,True,39,SEMANTICALLY_IDENTICAL_IMPLEMENTATION_TRANSITION,YES_SAME_A2R_ECONOMIC_FAMILY,CONTINUE,NO
2013-07-09,CANADA,LIST-EE9374C8CF47DB0A,LIST-573219972ABC22EB,LU0446734872,UB23,A2R_CANONICAL_SELECTION,True,2013-07-08,1.0,True,39,SEMANTICALLY_IDENTICAL_IMPLEMENTATION_TRANSITION,YES_SAME_A2R_ECONOMIC_FAMILY,CONTINUE,NO
2013-07-11,CANADA,LIST-573219972ABC22EB,LIST-EE9374C8CF47DB0A,IE00B51B7Z02,HCAN,A2R_CANONICAL_SELECTION,False,,,False,39,PRICE_NOT_AVAILABLE,YES_SAME_A2R_ECONOMIC_FAMILY,RESET_OR_ENDPOINT_UNAVAILABLE,NO
2013-07-12,CANADA,LIST-EE9374C8CF47DB0A,LIST-573219972ABC22EB,LU0446734872,UB23,A2R_CANONICAL_SELECTION,True,2013-07-11,1.0,False,39,EXACT_PREVIOUS_XLON_SESSION_ENDPOINT,YES_SAME_A2R_ECONOMIC_FAMILY,RESET_OR_ENDPOINT_UNAVAILABLE,NO
2013-07-15,CANADA,LIST-573219972ABC22EB,LIST-EE9374C8CF47DB0A,IE00B51B7Z02,HCAN,A2R_CANONICAL_SELECTION,True,2013-07-12,1.0,True,39,SEMANTICALLY_IDENTICAL_IMPLEMENTATION_TRANSITION,YES_SAME_A2R_ECONOMIC_FAMILY,CONTINUE,NO
2013-07-18,CANADA,LIST-EE9374C8CF47DB0A,LIST-573219972ABC22EB,LU0446734872,UB23,A2R_CANONICAL_SELECTION,True,2013-07-17,1.0,True,39,SEMANTICALLY_IDENTICAL_IMPLEMENTATION_TRANSITION,YES_SAME_A2R_ECONOMIC_FAMILY,CONTINUE,NO
2013-07-24,CANADA,LIST-573219972ABC22EB,LIST-EE9374C8CF47DB0A,IE00B51B7Z02,HCAN,A2R_CANONICAL_SELECTION,False,,,False,39,PRICE_NOT_AVAILABLE,YES_SAME_A2R_ECONOMIC_FAMILY,RESET_OR_ENDPOINT_UNAVAILABLE,NO
2013-07-25,CANADA,LIST-EE9374C8CF47DB0A,LIST-573219972ABC22EB,LU0446734872,UB23,A2R_CANONICAL_SELECTION,True,2013-07-24,1.0,False,39,EXACT_PREVIOUS_XLON_SESSION_ENDPOINT,YES_SAME_A2R_ECONOMIC_FAMILY,RESET_OR_ENDPOINT_UNAVAILABLE,NO
2013-07-26,CANADA,LIST-573219972ABC22EB,LIST-EE9374C8CF47DB0A,IE00B51B7Z02,HCAN,A2R_CANONICAL_SELECTION,False,,,False,39,PRICE_NOT_AVAILABLE,YES_SAME_A2R_ECONOMIC_FAMILY,RESET_OR_ENDPOINT_UNAVAILABLE,NO
2013-07-29,CANADA,LIST-EE9374C8CF47DB0A,LIST-573219972ABC22EB,LU0446734872,UB23,A2R_CANONICAL_SELECTION,True,2013-07-26,1.0,False,39,EXACT_PREVIOUS_XLON_SESSION_ENDPOINT,YES_SAME_A2R_ECONOMIC_FAMILY,RESET_OR_ENDPOINT_UNAVAILABLE,NO
2013-07-31,CANADA,LIST-573219972ABC22EB,LIST-EE9374C8CF47DB0A,IE00B51B7Z02,HCAN,A2R_CANONICAL_SELECTION,False,,,False,39,PRICE_NOT_AVAILABLE,YES_SAME_A2R_ECONOMIC_FAMILY,RESET_OR_ENDPOINT_UNAVAILABLE,NO
2013-08-01,CANADA,LIST-EE9374C8CF47DB0A,LIST-573219972ABC22EB,LU0446734872,UB23,A2R_CANONICAL_SELECTION,True,2013-07-31,1.0,False,39,EXACT_PREVIOUS_XLON_SESSION_ENDPOINT,YES_SAME_A2R_ECONOMIC_FAMILY,RESET_OR_ENDPOINT_UNAVAILABLE,NO
2013-08-05,CANADA,LIST-573219972ABC22EB,LIST-EE9374C8CF47DB0A,IE00B51B7Z02,HCAN,A2R_CANONICAL_SELECTION,True,2013-08-02,1.0,True,39,SEMANTICALLY_IDENTICAL_IMPLEMENTATION_TRANSITION,YES_SAME_A2R_ECONOMIC_FAMILY,CONTINUE,NO
2013-08-07,CANADA,LIST-EE9374C8CF47DB0A,LIST-573219972ABC22EB,LU0446734872,UB23,A2R_CANONICAL_SELECTION,True,2013-08-06,1.0,True,39,SEMANTICALLY_IDENTICAL_IMPLEMENTATION_TRANSITION,YES_SAME_A2R_ECONOMIC_FAMILY,CONTINUE,NO
2013-08-08,CANADA,LIST-573219972ABC22EB,LIST-EE9374C8CF47DB0A,IE00B51B7Z02,HCAN,A2R_CANONICAL_SELECTION,True,2013-08-07,1.0,True,39,SEMANTICALLY_IDENTICAL_IMPLEMENTATION_TRANSITION,YES_SAME_A2R_ECONOMIC_FAMILY,CONTINUE,NO
2013-08-12,CANADA,LIST-EE9374C8CF47DB0A,LIST-573219972ABC22EB,LU0446734872,UB23,A2R_CANONICAL_SELECTION,True,2013-08-09,1.0,True,39,SEMANTICALLY_IDENTICAL_IMPLEMENTATION_TRANSITION,YES_SAME_A2R_ECONOMIC_FAMILY,CONTINUE,NO
2013-08-14,CANADA,LIST-573219972ABC22EB,LIST-EE9374C8CF47DB0A,IE00B51B7Z02,HCAN,A2R_CANONICAL_SELECTION,True,2013-08-13,1.0,True,39,SEMANTICALLY_IDENTICAL_IMPLEMENTATION_TRANSITION,YES_SAME_A2R_ECONOMIC_FAMILY,CONTINUE,NO
2013-08-22,CANADA,LIST-EE9374C8CF47DB0A,LIST-573219972ABC22EB,LU0446734872,UB23,A2R_CANONICAL_SELECTION,True,2013-08-21,1.0,True,39,SEMANTICALLY_IDENTICAL_IMPLEMENTATION_TRANSITION,YES_SAME_A2R_ECONOMIC_FAMILY,CONTINUE,NO
2013-08-23,CANADA,LIST-573219972ABC22EB,LIST-EE9374C8CF47DB0A,IE00B51B7Z02,HCAN,A2R_CANONICAL_SELECTION,False,,,False,39,PRICE_NOT_AVAILABLE,YES_SAME_A2R_ECONOMIC_FAMILY,RESET_OR_ENDPOINT_UNAVAILABLE,NO
2013-08-27,CANADA,LIST-EE9374C8CF47DB0A,LIST-573219972ABC22EB,LU0446734872,UB23,A2R_CANONICAL_SELECTION,True,2013-08-23,1.0,False,39,EXACT_PREVIOUS_XLON_SESSION_ENDPOINT,YES_SAME_A2R_ECONOMIC_FAMILY,RESET_OR_ENDPOINT_UNAVAILABLE,NO
2013-08-29,CANADA,LIST-573219972ABC22EB,LIST-EE9374C8CF47DB0A,IE00B51B7Z02,HCAN,A2R_CANONICAL_SELECTION,True,2013-08-28,1.0,True,39,SEMANTICALLY_IDENTICAL_IMPLEMENTATION_TRANSITION,YES_SAME_A2R_ECONOMIC_FAMILY,CONTINUE,NO
2013-09-02,CANADA,LIST-EE9374C8CF47DB0A,LIST-573219972ABC22EB,LU0446734872,UB23,A2R_CANONICAL_SELECTION,True,2013-08-30,1.0,True,39,SEMANTICALLY_IDENTICAL_IMPLEMENTATION_TRANSITION,YES_SAME_A2R_ECONOMIC_FAMILY,CONTINUE,NO
2013-09-03,CANADA,LIST-573219972ABC22EB,LIST-EE9374C8CF47DB0A,IE00B51B7Z02,HCAN,A2R_CANONICAL_SELECTION,True,2013-09-02,1.0,True,39,SEMANTICALLY_IDENTICAL_IMPLEMENTATION_TRANSITION,YES_SAME_A2R_ECONOMIC_FAMILY,CONTINUE,NO
2013-09-05,CANADA,LIST-EE9374C8CF47DB0A,LIST-573219972ABC22EB,LU0446734872,UB23,A2R_CANONICAL_SELECTION,True,2013-09-04,1.0,True,39,SEMANTICALLY_IDENTICAL_IMPLEMENTATION_TRANSITION,YES_SAME_A2R_ECONOMIC_FAMILY,CONTINUE,NO
2013-09-06,CANADA,LIST-573219972ABC22EB,LIST-EE9374C8CF47DB0A,IE00B51B7Z02,HCAN,A2R_CANONICAL_SELECTION,True,2013-09-05,1.0,True,39,SEMANTICALLY_IDENTICAL_IMPLEMENTATION_TRANSITION,YES_SAME_A2R_ECONOMIC_FAMILY,CONTINUE,NO
2013-09-10,CANADA,LIST-EE9374C8CF47DB0A,LIST-573219972ABC22EB,LU0446734872,UB23,A2R_CANONICAL_SELECTION,True,2013-09-09,1.0,True,39,SEMANTICALLY_IDENTICAL_IMPLEMENTATION_TRANSITION,YES_SAME_A2R_ECONOMIC_FAMILY,CONTINUE,NO
2013-09-17,CANADA,LIST-573219972ABC22EB,LIST-EE9374C8CF47DB0A,IE00B51B7Z02,HCAN,A2R_CANONICAL_SELECTION,True,2013-09-16,1.0,True,39,SEMANTICALLY_IDENTICAL_IMPLEMENTATION_TRANSITION,YES_SAME_A2R_ECONOMIC_FAMILY,CONTINUE,NO
2013-09-20,CANADA,LIST-EE9374C8CF47DB0A,LIST-573219972ABC22EB,LU0446734872,UB23,A2R_CANONICAL_SELECTION,True,2013-09-19,1.0,True,39,SEMANTICALLY_IDENTICAL_IMPLEMENTATION_TRANSITION,YES_SAME_A2R_ECONOMIC_FAMILY,CONTINUE,NO
2013-09-23,CANADA,LIST-573219972ABC22EB,LIST-EE9374C8CF47DB0A,IE00B51B7Z02,HCAN,A2R_CANONICAL_SELECTION,False,,,False,39,PRICE_NOT_AVAILABLE,YES_SAME_A2R_ECONOMIC_FAMILY,RESET_OR_ENDPOINT_UNAVAILABLE,NO
2013-09-24,CANADA,LIST-EE9374C8CF47DB0A,LIST-573219972ABC22EB,LU0446734872,UB23,A2R_CANONICAL_SELECTION,True,2013-09-23,1.0,False,39,EXACT_PREVIOUS_XLON_SESSION_ENDPOINT,YES_SAME_A2R_ECONOMIC_FAMILY,RESET_OR_ENDPOINT_UNAVAILABLE,NO
2013-09-25,CANADA,LIST-573219972ABC22EB,LIST-EE9374C8CF47DB0A,IE00B51B7Z02,HCAN,A2R_CANONICAL_SELECTION,True,2013-09-24,1.0,True,39,SEMANTICALLY_IDENTICAL_IMPLEMENTATION_TRANSITION,YES_SAME_A2R_ECONOMIC_FAMILY,CONTINUE,NO
2013-09-27,CANADA,LIST-EE9374C8CF47DB0A,LIST-573219972ABC22EB,LU0446734872,UB23,A2R_CANONICAL_SELECTION,True,2013-09-26,1.0,True,39,SEMANTICALLY_IDENTICAL_IMPLEMENTATION_TRANSITION,YES_SAME_A2R_ECONOMIC_FAMILY,CONTINUE,NO
2013-09-30,CANADA,LIST-573219972ABC22EB,LIST-EE9374C8CF47DB0A,IE00B51B7Z02,HCAN,A2R_CANONICAL_SELECTION,True,2013-09-27,1.0,True,39,SEMANTICALLY_IDENTICAL_IMPLEMENTATION_TRANSITION,YES_SAME_A2R_ECONOMIC_FAMILY,CONTINUE,NO
2013-10-03,CANADA,LIST-EE9374C8CF47DB0A,LIST-573219972ABC22EB,LU0446734872,UB23,A2R_CANONICAL_SELECTION,True,2013-10-02,1.0,True,39,SEMANTICALLY_IDENTICAL_IMPLEMENTATION_TRANSITION,YES_SAME_A2R_ECONOMIC_FAMILY,CONTINUE,NO
2013-10-07,CANADA,LIST-573219972ABC22EB,LIST-EE9374C8CF47DB0A,IE00B51B7Z02,HCAN,A2R_CANONICAL_SELECTION,True,2013-10-04,1.0,True,39,SEMANTICALLY_IDENTICAL_IMPLEMENTATION_TRANSITION,YES_SAME_A2R_ECONOMIC_FAMILY,CONTINUE,NO
2013-10-09,CANADA,LIST-EE9374C8CF47DB0A,LIST-573219972ABC22EB,LU0446734872,UB23,A2R_CANONICAL_SELECTION,True,2013-10-08,1.0,True,39,SEMANTICALLY_IDENTICAL_IMPLEMENTATION_TRANSITION,YES_SAME_A2R_ECONOMIC_FAMILY,CONTINUE,NO
2013-10-14,CANADA,LIST-573219972ABC22EB,LIST-EE9374C8CF47DB0A,IE00B51B7Z02,HCAN,A2R_CANONICAL_SELECTION,False,,,False,39,PRICE_NOT_AVAILABLE,YES_SAME_A2R_ECONOMIC_FAMILY,RESET_OR_ENDPOINT_UNAVAILABLE,NO
2013-10-15,CANADA,LIST-EE9374C8CF47DB0A,LIST-573219972ABC22EB,LU0446734872,UB23,A2R_CANONICAL_SELECTION,True,2013-10-14,1.0,False,39,EXACT_PREVIOUS_XLON_SESSION_ENDPOINT,YES_SAME_A2R_ECONOMIC_FAMILY,RESET_OR_ENDPOINT_UNAVAILABLE,NO
2013-10-22,CANADA,LIST-573219972ABC22EB,LIST-EE9374C8CF47DB0A,IE00B51B7Z02,HCAN,A2R_CANONICAL_SELECTION,False,,,False,39,PRICE_NOT_AVAILABLE,YES_SAME_A2R_ECONOMIC_FAMILY,RESET_OR_ENDPOINT_UNAVAILABLE,NO
2013-10-23,CANADA,LIST-EE9374C8CF47DB0A,LIST-573219972ABC22EB,LU0446734872,UB23,A2R_CANONICAL_SELECTION,True,2013-10-22,1.0,False,39,EXACT_PREVIOUS_XLON_SESSION_ENDPOINT,YES_SAME_A2R_ECONOMIC_FAMILY,RESET_OR_ENDPOINT_UNAVAILABLE,NO
2013-10-24,CANADA,LIST-573219972ABC22EB,LIST-EE9374C8CF47DB0A,IE00B51B7Z02,HCAN,A2R_CANONICAL_SELECTION,False,,,False,39,PRICE_NOT_AVAILABLE,YES_SAME_A2R_ECONOMIC_FAMILY,RESET_OR_ENDPOINT_UNAVAILABLE,NO
2013-10-25,CANADA,LIST-EE9374C8CF47DB0A,LIST-573219972ABC22EB,LU0446734872,UB23,A2R_CANONICAL_SELECTION,True,2013-10-24,1.0,False,39,EXACT_PREVIOUS_XLON_SESSION_ENDPOINT,YES_SAME_A2R_ECONOMIC_FAMILY,RESET_OR_ENDPOINT_UNAVAILABLE,NO
2013-10-29,CANADA,LIST-573219972ABC22EB,LIST-EE9374C8CF47DB0A,IE00B51B7Z02,HCAN,A2R_CANONICAL_SELECTION,True,2013-10-28,1.0,True,39,SEMANTICALLY_IDENTICAL_IMPLEMENTATION_TRANSITION,YES_SAME_A2R_ECONOMIC_FAMILY,CONTINUE,NO
2013-10-31,CANADA,LIST-EE9374C8CF47DB0A,LIST-573219972ABC22EB,LU0446734872,UB23,A2R_CANONICAL_SELECTION,True,2013-10-30,1.0,True,39,SEMANTICALLY_IDENTICAL_IMPLEMENTATION_TRANSITION,YES_SAME_A2R_ECONOMIC_FAMILY,CONTINUE,NO
2013-11-05,CANADA,LIST-573219972ABC22EB,LIST-EE9374C8CF47DB0A,IE00B51B7Z02,HCAN,A2R_CANONICAL_SELECTION,False,,,False,39,PRICE_NOT_AVAILABLE,YES_SAME_A2R_ECONOMIC_FAMILY,RESET_OR_ENDPOINT_UNAVAILABLE,NO
2013-11-06,CANADA,LIST-EE9374C8CF47DB0A,LIST-573219972ABC22EB,LU0446734872,UB23,A2R_CANONICAL_SELECTION,True,2013-11-05,1.0,False,39,EXACT_PREVIOUS_XLON_SESSION_ENDPOINT,YES_SAME_A2R_ECONOMIC_FAMILY,RESET_OR_ENDPOINT_UNAVAILABLE,NO
2013-11-08,CANADA,LIST-573219972ABC22EB,LIST-EE9374C8CF47DB0A,IE00B51B7Z02,HCAN,A2R_CANONICAL_SELECTION,False,,,False,39,PRICE_NOT_AVAILABLE,YES_SAME_A2R_ECONOMIC_FAMILY,RESET_OR_ENDPOINT_UNAVAILABLE,NO
2013-11-11,CANADA,LIST-EE9374C8CF47DB0A,LIST-573219972ABC22EB,LU0446734872,UB23,A2R_CANONICAL_SELECTION,True,2013-11-08,1.0,False,39,EXACT_PREVIOUS_XLON_SESSION_ENDPOINT,YES_SAME_A2R_ECONOMIC_FAMILY,RESET_OR_ENDPOINT_UNAVAILABLE,NO
2013-11-15,CANADA,LIST-573219972ABC22EB,LIST-EE9374C8CF47DB0A,IE00B51B7Z02,HCAN,A2R_CANONICAL_SELECTION,False,,,False,39,PRICE_NOT_AVAILABLE,YES_SAME_A2R_ECONOMIC_FAMILY,RESET_OR_ENDPOINT_UNAVAILABLE,NO
2013-11-18,CANADA,LIST-EE9374C8CF47DB0A,LIST-573219972ABC22EB,LU0446734872,UB23,A2R_CANONICAL_SELECTION,True,2013-11-15,1.0,False,39,EXACT_PREVIOUS_XLON_SESSION_ENDPOINT,YES_SAME_A2R_ECONOMIC_FAMILY,RESET_OR_ENDPOINT_UNAVAILABLE,NO
2013-11-19,CANADA,LIST-573219972ABC22EB,LIST-EE9374C8CF47DB0A,IE00B51B7Z02,HCAN,A2R_CANONICAL_SELECTION,False,,,False,39,PRICE_NOT_AVAILABLE,YES_SAME_A2R_ECONOMIC_FAMILY,RESET_OR_ENDPOINT_UNAVAILABLE,NO
2013-11-20,CANADA,LIST-EE9374C8CF47DB0A,LIST-573219972ABC22EB,LU0446734872,UB23,A2R_CANONICAL_SELECTION,True,2013-11-19,1.0,False,39,EXACT_PREVIOUS_XLON_SESSION_ENDPOINT,YES_SAME_A2R_ECONOMIC_FAMILY,RESET_OR_ENDPOINT_UNAVAILABLE,NO
2013-11-26,CANADA,LIST-573219972ABC22EB,LIST-EE9374C8CF47DB0A,IE00B51B7Z02,HCAN,A2R_CANONICAL_SELECTION,True,2013-11-25,1.0,True,39,SEMANTICALLY_IDENTICAL_IMPLEMENTATION_TRANSITION,YES_SAME_A2R_ECONOMIC_FAMILY,CONTINUE,NO
2013-11-29,CANADA,LIST-EE9374C8CF47DB0A,LIST-573219972ABC22EB,LU0446734872,UB23,A2R_CANONICAL_SELECTION,True,2013-11-28,1.0,True,39,SEMANTICALLY_IDENTICAL_IMPLEMENTATION_TRANSITION,YES_SAME_A2R_ECONOMIC_FAMILY,CONTINUE,NO
2013-12-02,CANADA,LIST-573219972ABC22EB,LIST-EE9374C8CF47DB0A,IE00B51B7Z02,HCAN,A2R_CANONICAL_SELECTION,True,2013-11-29,1.0,True,39,SEMANTICALLY_IDENTICAL_IMPLEMENTATION_TRANSITION,YES_SAME_A2R_ECONOMIC_FAMILY,CONTINUE,NO
2013-12-05,CANADA,LIST-EE9374C8CF47DB0A,LIST-573219972ABC22EB,LU0446734872,UB23,A2R_CANONICAL_SELECTION,True,2013-12-04,1.0,True,39,SEMANTICALLY_IDENTICAL_IMPLEMENTATION_TRANSITION,YES_SAME_A2R_ECONOMIC_FAMILY,CONTINUE,NO
2013-12-06,CANADA,LIST-573219972ABC22EB,LIST-EE9374C8CF47DB0A,IE00B51B7Z02,HCAN,A2R_CANONICAL_SELECTION,True,2013-12-05,1.0,True,39,SEMANTICALLY_IDENTICAL_IMPLEMENTATION_TRANSITION,YES_SAME_A2R_ECONOMIC_FAMILY,CONTINUE,NO
2013-12-10,CANADA,LIST-EE9374C8CF47DB0A,LIST-573219972ABC22EB,LU0446734872,UB23,A2R_CANONICAL_SELECTION,True,2013-12-09,1.0,True,39,SEMANTICALLY_IDENTICAL_IMPLEMENTATION_TRANSITION,YES_SAME_A2R_ECONOMIC_FAMILY,CONTINUE,NO
2013-12-12,CANADA,LIST-573219972ABC22EB,LIST-EE9374C8CF47DB0A,IE00B51B7Z02,HCAN,A2R_CANONICAL_SELECTION,False,,,False,39,PRICE_NOT_AVAILABLE,YES_SAME_A2R_ECONOMIC_FAMILY,RESET_OR_ENDPOINT_UNAVAILABLE,NO
2013-12-13,CANADA,LIST-EE9374C8CF47DB0A,LIST-573219972ABC22EB,LU0446734872,UB23,A2R_CANONICAL_SELECTION,True,2013-12-12,1.0,False,39,EXACT_PREVIOUS_XLON_SESSION_ENDPOINT,YES_SAME_A2R_ECONOMIC_FAMILY,RESET_OR_ENDPOINT_UNAVAILABLE,NO
2013-12-16,CANADA,LIST-573219972ABC22EB,LIST-EE9374C8CF47DB0A,IE00B51B7Z02,HCAN,A2R_CANONICAL_SELECTION,True,2013-12-13,1.0,True,39,SEMANTICALLY_IDENTICAL_IMPLEMENTATION_TRANSITION,YES_SAME_A2R_ECONOMIC_FAMILY,CONTINUE,NO
2013-12-18,CANADA,LIST-EE9374C8CF47DB0A,LIST-573219972ABC22EB,LU0446734872,UB23,A2R_CANONICAL_SELECTION,True,2013-12-17,1.0,True,39,SEMANTICALLY_IDENTICAL_IMPLEMENTATION_TRANSITION,YES_SAME_A2R_ECONOMIC_FAMILY,CONTINUE,NO
2013-12-19,CANADA,LIST-573219972ABC22EB,LIST-EE9374C8CF47DB0A,IE00B51B7Z02,HCAN,A2R_CANONICAL_SELECTION,True,2013-12-18,1.0,True,39,SEMANTICALLY_IDENTICAL_IMPLEMENTATION_TRANSITION,YES_SAME_A2R_ECONOMIC_FAMILY,CONTINUE,NO
2013-12-23,CANADA,LIST-EE9374C8CF47DB0A,LIST-573219972ABC22EB,LU0446734872,UB23,A2R_CANONICAL_SELECTION,True,2013-12-20,1.0,True,39,SEMANTICALLY_IDENTICAL_IMPLEMENTATION_TRANSITION,YES_SAME_A2R_ECONOMIC_FAMILY,CONTINUE,NO
2013-12-24,CANADA,LIST-573219972ABC22EB,LIST-EE9374C8CF47DB0A,IE00B51B7Z02,HCAN,A2R_CANONICAL_SELECTION,False,,,False,39,PRICE_NOT_AVAILABLE,YES_SAME_A2R_ECONOMIC_FAMILY,RESET_OR_ENDPOINT_UNAVAILABLE,NO
2013-12-27,CANADA,LIST-EE9374C8CF47DB0A,LIST-573219972ABC22EB,LU0446734872,UB23,A2R_CANONICAL_SELECTION,True,2013-12-24,1.0,False,39,EXACT_PREVIOUS_XLON_SESSION_ENDPOINT,YES_SAME_A2R_ECONOMIC_FAMILY,RESET_OR_ENDPOINT_UNAVAILABLE,NO
2014-01-02,CANADA,LIST-573219972ABC22EB,LIST-EE9374C8CF47DB0A,IE00B51B7Z02,HCAN,A2R_CANONICAL_SELECTION,False,,,False,39,PRICE_NOT_AVAILABLE,YES_SAME_A2R_ECONOMIC_FAMILY,RESET_OR_ENDPOINT_UNAVAILABLE,NO
2014-01-03,CANADA,LIST-EE9374C8CF47DB0A,LIST-573219972ABC22EB,LU0446734872,UB23,A2R_CANONICAL_SELECTION,True,2014-01-02,1.0,False,39,EXACT_PREVIOUS_XLON_SESSION_ENDPOINT,YES_SAME_A2R_ECONOMIC_FAMILY,RESET_OR_ENDPOINT_UNAVAILABLE,NO
2014-01-08,CANADA,LIST-573219972ABC22EB,LIST-EE9374C8CF47DB0A,IE00B51B7Z02,HCAN,A2R_CANONICAL_SELECTION,False,,,False,39,PRICE_NOT_AVAILABLE,YES_SAME_A2R_ECONOMIC_FAMILY,RESET_OR_ENDPOINT_UNAVAILABLE,NO
2014-01-09,CANADA,LIST-EE9374C8CF47DB0A,LIST-573219972ABC22EB,LU0446734872,UB23,A2R_CANONICAL_SELECTION,True,2014-01-08,1.0,False,39,EXACT_PREVIOUS_XLON_SESSION_ENDPOINT,YES_SAME_A2R_ECONOMIC_FAMILY,RESET_OR_ENDPOINT_UNAVAILABLE,NO
2014-01-16,CANADA,LIST-573219972ABC22EB,LIST-EE9374C8CF47DB0A,IE00B51B7Z02,HCAN,A2R_CANONICAL_SELECTION,True,2014-01-15,1.0,True,39,SEMANTICALLY_IDENTICAL_IMPLEMENTATION_TRANSITION,YES_SAME_A2R_ECONOMIC_FAMILY,CONTINUE,NO
2014-01-20,CANADA,LIST-EE9374C8CF47DB0A,LIST-573219972ABC22EB,LU0446734872,UB23,A2R_CANONICAL_SELECTION,True,2014-01-17,1.0,True,39,SEMANTICALLY_IDENTICAL_IMPLEMENTATION_TRANSITION,YES_SAME_A2R_ECONOMIC_FAMILY,CONTINUE,NO
2014-01-22,CANADA,LIST-573219972ABC22EB,LIST-EE9374C8CF47DB0A,IE00B51B7Z02,HCAN,A2R_CANONICAL_SELECTION,True,2014-01-21,1.0,True,39,SEMANTICALLY_IDENTICAL_IMPLEMENTATION_TRANSITION,YES_SAME_A2R_ECONOMIC_FAMILY,CONTINUE,NO
2014-01-27,CANADA,LIST-EE9374C8CF47DB0A,LIST-573219972ABC22EB,LU0446734872,UB23,A2R_CANONICAL_SELECTION,True,2014-01-24,1.0,True,39,SEMANTICALLY_IDENTICAL_IMPLEMENTATION_TRANSITION,YES_SAME_A2R_ECONOMIC_FAMILY,CONTINUE,NO
2014-01-28,CANADA,LIST-573219972ABC22EB,LIST-EE9374C8CF47DB0A,IE00B51B7Z02,HCAN,A2R_CANONICAL_SELECTION,False,,,False,39,PRICE_NOT_AVAILABLE,YES_SAME_A2R_ECONOMIC_FAMILY,RESET_OR_ENDPOINT_UNAVAILABLE,NO
2014-01-29,CANADA,LIST-EE9374C8CF47DB0A,LIST-573219972ABC22EB,LU0446734872,UB23,A2R_CANONICAL_SELECTION,True,2014-01-28,1.0,False,39,EXACT_PREVIOUS_XLON_SESSION_ENDPOINT,YES_SAME_A2R_ECONOMIC_FAMILY,RESET_OR_ENDPOINT_UNAVAILABLE,NO
2014-02-03,CANADA,LIST-573219972ABC22EB,LIST-EE9374C8CF47DB0A,IE00B51B7Z02,HCAN,A2R_CANONICAL_SELECTION,True,2014-01-31,1.0,True,39,SEMANTICALLY_IDENTICAL_IMPLEMENTATION_TRANSITION,YES_SAME_A2R_ECONOMIC_FAMILY,CONTINUE,NO
2014-02-05,CANADA,LIST-EE9374C8CF47DB0A,LIST-573219972ABC22EB,LU0446734872,UB23,A2R_CANONICAL_SELECTION,True,2014-02-04,1.0,True,39,SEMANTICALLY_IDENTICAL_IMPLEMENTATION_TRANSITION,YES_SAME_A2R_ECONOMIC_FAMILY,CONTINUE,NO
2014-02-07,CANADA,LIST-573219972ABC22EB,LIST-EE9374C8CF47DB0A,IE00B51B7Z02,HCAN,A2R_CANONICAL_SELECTION,False,,,False,39,PRICE_NOT_AVAILABLE,YES_SAME_A2R_ECONOMIC_FAMILY,RESET_OR_ENDPOINT_UNAVAILABLE,NO
2014-02-10,CANADA,LIST-EE9374C8CF47DB0A,LIST-573219972ABC22EB,LU0446734872,UB23,A2R_CANONICAL_SELECTION,True,2014-02-07,1.0,False,39,EXACT_PREVIOUS_XLON_SESSION_ENDPOINT,YES_SAME_A2R_ECONOMIC_FAMILY,RESET_OR_ENDPOINT_UNAVAILABLE,NO
2014-02-12,CANADA,LIST-573219972ABC22EB,LIST-EE9374C8CF47DB0A,IE00B51B7Z02,HCAN,A2R_CANONICAL_SELECTION,False,,,False,39,PRICE_NOT_AVAILABLE,YES_SAME_A2R_ECONOMIC_FAMILY,RESET_OR_ENDPOINT_UNAVAILABLE,NO
2014-02-13,CANADA,LIST-EE9374C8CF47DB0A,LIST-573219972ABC22EB,LU0446734872,UB23,A2R_CANONICAL_SELECTION,True,2014-02-12,1.0,False,39,EXACT_PREVIOUS_XLON_SESSION_ENDPOINT,YES_SAME_A2R_ECONOMIC_FAMILY,RESET_OR_ENDPOINT_UNAVAILABLE,NO
2014-02-14,CANADA,LIST-573219972ABC22EB,LIST-EE9374C8CF47DB0A,IE00B51B7Z02,HCAN,A2R_CANONICAL_SELECTION,True,2014-02-13,1.0,True,39,SEMANTICALLY_IDENTICAL_IMPLEMENTATION_TRANSITION,YES_SAME_A2R_ECONOMIC_FAMILY,CONTINUE,NO
2014-02-20,CANADA,LIST-EE9374C8CF47DB0A,LIST-573219972ABC22EB,LU0446734872,UB23,A2R_CANONICAL_SELECTION,True,2014-02-19,1.0,True,39,SEMANTICALLY_IDENTICAL_IMPLEMENTATION_TRANSITION,YES_SAME_A2R_ECONOMIC_FAMILY,CONTINUE,NO
2014-02-21,CANADA,LIST-573219972ABC22EB,LIST-EE9374C8CF47DB0A,IE00B51B7Z02,HCAN,A2R_CANONICAL_SELECTION,False,,,False,39,PRICE_NOT_AVAILABLE,YES_SAME_A2R_ECONOMIC_FAMILY,RESET_OR_ENDPOINT_UNAVAILABLE,NO
2014-02-24,CANADA,LIST-EE9374C8CF47DB0A,LIST-573219972ABC22EB,LU0446734872,UB23,A2R_CANONICAL_SELECTION,True,2014-02-21,1.0,False,39,EXACT_PREVIOUS_XLON_SESSION_ENDPOINT,YES_SAME_A2R_ECONOMIC_FAMILY,RESET_OR_ENDPOINT_UNAVAILABLE,NO
2014-02-25,CANADA,LIST-573219972ABC22EB,LIST-EE9374C8CF47DB0A,IE00B51B7Z02,HCAN,A2R_CANONICAL_SELECTION,True,2014-02-24,1.0,True,39,SEMANTICALLY_IDENTICAL_IMPLEMENTATION_TRANSITION,YES_SAME_A2R_ECONOMIC_FAMILY,CONTINUE,NO
2014-03-03,CANADA,LIST-EE9374C8CF47DB0A,LIST-573219972ABC22EB,LU0446734872,UB23,A2R_CANONICAL_SELECTION,True,2014-02-28,1.0,True,39,SEMANTICALLY_IDENTICAL_IMPLEMENTATION_TRANSITION,YES_SAME_A2R_ECONOMIC_FAMILY,CONTINUE,NO
2014-03-04,CANADA,LIST-573219972ABC22EB,LIST-EE9374C8CF47DB0A,IE00B51B7Z02,HCAN,A2R_CANONICAL_SELECTION,True,2014-03-03,1.0,True,39,SEMANTICALLY_IDENTICAL_IMPLEMENTATION_TRANSITION,YES_SAME_A2R_ECONOMIC_FAMILY,CONTINUE,NO
2014-03-06,CANADA,LIST-EE9374C8CF47DB0A,LIST-573219972ABC22EB,LU0446734872,UB23,A2R_CANONICAL_SELECTION,True,2014-03-05,1.0,True,39,SEMANTICALLY_IDENTICAL_IMPLEMENTATION_TRANSITION,YES_SAME_A2R_ECONOMIC_FAMILY,CONTINUE,NO
2014-03-07,CANADA,LIST-573219972ABC22EB,LIST-EE9374C8CF47DB0A,IE00B51B7Z02,HCAN,A2R_CANONICAL_SELECTION,False,,,False,39,PRICE_NOT_AVAILABLE,YES_SAME_A2R_ECONOMIC_FAMILY,RESET_OR_ENDPOINT_UNAVAILABLE,NO
2014-03-10,CANADA,LIST-EE9374C8CF47DB0A,LIST-573219972ABC22EB,LU0446734872,UB23,A2R_CANONICAL_SELECTION,True,2014-03-07,1.0,False,39,EXACT_PREVIOUS_XLON_SESSION_ENDPOINT,YES_SAME_A2R_ECONOMIC_FAMILY,RESET_OR_ENDPOINT_UNAVAILABLE,NO
2014-03-11,CANADA,LIST-573219972ABC22EB,LIST-EE9374C8CF47DB0A,IE00B51B7Z02,HCAN,A2R_CANONICAL_SELECTION,False,,,False,39,PRICE_NOT_AVAILABLE,YES_SAME_A2R_ECONOMIC_FAMILY,RESET_OR_ENDPOINT_UNAVAILABLE,NO
2014-03-12,CANADA,LIST-EE9374C8CF47DB0A,LIST-573219972ABC22EB,LU0446734872,UB23,A2R_CANONICAL_SELECTION,True,2014-03-11,1.0,False,39,EXACT_PREVIOUS_XLON_SESSION_ENDPOINT,YES_SAME_A2R_ECONOMIC_FAMILY,RESET_OR_ENDPOINT_UNAVAILABLE,NO
2014-03-13,CANADA,LIST-573219972ABC22EB,LIST-EE9374C8CF47DB0A,IE00B51B7Z02,HCAN,A2R_CANONICAL_SELECTION,False,,,False,39,PRICE_NOT_AVAILABLE,YES_SAME_A2R_ECONOMIC_FAMILY,RESET_OR_ENDPOINT_UNAVAILABLE,NO
2014-03-14,CANADA,LIST-EE9374C8CF47DB0A,LIST-573219972ABC22EB,LU0446734872,UB23,A2R_CANONICAL_SELECTION,True,2014-03-13,1.0,False,39,EXACT_PREVIOUS_XLON_SESSION_ENDPOINT,YES_SAME_A2R_ECONOMIC_FAMILY,RESET_OR_ENDPOINT_UNAVAILABLE,NO
2014-03-17,CANADA,LIST-573219972ABC22EB,LIST-EE9374C8CF47DB0A,IE00B51B7Z02,HCAN,A2R_CANONICAL_SELECTION,False,,,False,39,PRICE_NOT_AVAILABLE,YES_SAME_A2R_ECONOMIC_FAMILY,RESET_OR_ENDPOINT_UNAVAILABLE,NO
2014-03-18,CANADA,LIST-EE9374C8CF47DB0A,LIST-573219972ABC22EB,LU0446734872,UB23,A2R_CANONICAL_SELECTION,True,2014-03-17,1.0,False,39,EXACT_PREVIOUS_XLON_SESSION_ENDPOINT,YES_SAME_A2R_ECONOMIC_FAMILY,RESET_OR_ENDPOINT_UNAVAILABLE,NO
2014-03-19,CANADA,LIST-573219972ABC22EB,LIST-EE9374C8CF47DB0A,IE00B51B7Z02,HCAN,A2R_CANONICAL_SELECTION,False,,,False,39,PRICE_NOT_AVAILABLE,YES_SAME_A2R_ECONOMIC_FAMILY,RESET_OR_ENDPOINT_UNAVAILABLE,NO
2014-03-20,CANADA,LIST-EE9374C8CF47DB0A,LIST-573219972ABC22EB,LU0446734872,UB23,A2R_CANONICAL_SELECTION,True,2014-03-19,1.0,False,39,EXACT_PREVIOUS_XLON_SESSION_ENDPOINT,YES_SAME_A2R_ECONOMIC_FAMILY,RESET_OR_ENDPOINT_UNAVAILABLE,NO
2014-03-21,CANADA,LIST-573219972ABC22EB,LIST-EE9374C8CF47DB0A,IE00B51B7Z02,HCAN,A2R_CANONICAL_SELECTION,True,2014-03-20,1.0,True,39,SEMANTICALLY_IDENTICAL_IMPLEMENTATION_TRANSITION,YES_SAME_A2R_ECONOMIC_FAMILY,CONTINUE,NO
2014-03-25,CANADA,LIST-EE9374C8CF47DB0A,LIST-573219972ABC22EB,LU0446734872,UB23,A2R_CANONICAL_SELECTION,True,2014-03-24,1.0,True,39,SEMANTICALLY_IDENTICAL_IMPLEMENTATION_TRANSITION,YES_SAME_A2R_ECONOMIC_FAMILY,CONTINUE,NO
2014-03-26,CANADA,LIST-573219972ABC22EB,LIST-EE9374C8CF47DB0A,IE00B51B7Z02,HCAN,A2R_CANONICAL_SELECTION,True,2014-03-25,1.0,True,39,SEMANTICALLY_IDENTICAL_IMPLEMENTATION_TRANSITION,YES_SAME_A2R_ECONOMIC_FAMILY,CONTINUE,NO
2014-03-31,CANADA,LIST-EE9374C8CF47DB0A,LIST-573219972ABC22EB,LU0446734872,UB23,A2R_CANONICAL_SELECTION,True,2014-03-28,1.0,True,39,SEMANTICALLY_IDENTICAL_IMPLEMENTATION_TRANSITION,YES_SAME_A2R_ECONOMIC_FAMILY,CONTINUE,NO
2014-04-02,CANADA,LIST-573219972ABC22EB,LIST-EE9374C8CF47DB0A,IE00B51B7Z02,HCAN,A2R_CANONICAL_SELECTION,True,2014-04-01,1.0,True,39,SEMANTICALLY_IDENTICAL_IMPLEMENTATION_TRANSITION,YES_SAME_A2R_ECONOMIC_FAMILY,CONTINUE,NO
2014-04-09,CANADA,LIST-EE9374C8CF47DB0A,LIST-573219972ABC22EB,LU0446734872,UB23,A2R_CANONICAL_SELECTION,True,2014-04-08,1.0,True,39,SEMANTICALLY_IDENTICAL_IMPLEMENTATION_TRANSITION,YES_SAME_A2R_ECONOMIC_FAMILY,CONTINUE,NO
2014-04-15,CANADA,LIST-573219972ABC22EB,LIST-EE9374C8CF47DB0A,IE00B51B7Z02,HCAN,A2R_CANONICAL_SELECTION,True,2014-04-14,1.0,True,39,SEMANTICALLY_IDENTICAL_IMPLEMENTATION_TRANSITION,YES_SAME_A2R_ECONOMIC_FAMILY,CONTINUE,NO
2014-04-25,CANADA,LIST-EE9374C8CF47DB0A,LIST-573219972ABC22EB,LU0446734872,UB23,A2R_CANONICAL_SELECTION,True,2014-04-24,1.0,True,39,SEMANTICALLY_IDENTICAL_IMPLEMENTATION_TRANSITION,YES_SAME_A2R_ECONOMIC_FAMILY,CONTINUE,NO
2014-04-29,CANADA,LIST-573219972ABC22EB,LIST-EE9374C8CF47DB0A,IE00B51B7Z02,HCAN,A2R_CANONICAL_SELECTION,True,2014-04-28,1.0,True,39,SEMANTICALLY_IDENTICAL_IMPLEMENTATION_TRANSITION,YES_SAME_A2R_ECONOMIC_FAMILY,CONTINUE,NO
2014-05-07,CANADA,LIST-EE9374C8CF47DB0A,LIST-573219972ABC22EB,LU0446734872,UB23,A2R_CANONICAL_SELECTION,True,2014-05-06,1.0,True,39,SEMANTICALLY_IDENTICAL_IMPLEMENTATION_TRANSITION,YES_SAME_A2R_ECONOMIC_FAMILY,CONTINUE,NO
2014-05-09,CANADA,LIST-573219972ABC22EB,LIST-EE9374C8CF47DB0A,IE00B51B7Z02,HCAN,A2R_CANONICAL_SELECTION,False,,,False,39,PRICE_NOT_AVAILABLE,YES_SAME_A2R_ECONOMIC_FAMILY,RESET_OR_ENDPOINT_UNAVAILABLE,NO
2014-05-12,CANADA,LIST-EE9374C8CF47DB0A,LIST-573219972ABC22EB,LU0446734872,UB23,A2R_CANONICAL_SELECTION,True,2014-05-09,1.0,False,39,EXACT_PREVIOUS_XLON_SESSION_ENDPOINT,YES_SAME_A2R_ECONOMIC_FAMILY,RESET_OR_ENDPOINT_UNAVAILABLE,NO
2014-05-13,CANADA,LIST-573219972ABC22EB,LIST-EE9374C8CF47DB0A,IE00B51B7Z02,HCAN,A2R_CANONICAL_SELECTION,False,,,False,39,PRICE_NOT_AVAILABLE,YES_SAME_A2R_ECONOMIC_FAMILY,RESET_OR_ENDPOINT_UNAVAILABLE,NO
2014-05-14,CANADA,LIST-EE9374C8CF47DB0A,LIST-573219972ABC22EB,LU0446734872,UB23,A2R_CANONICAL_SELECTION,True,2014-05-13,1.0,False,39,EXACT_PREVIOUS_XLON_SESSION_ENDPOINT,YES_SAME_A2R_ECONOMIC_FAMILY,RESET_OR_ENDPOINT_UNAVAILABLE,NO
2014-05-15,CANADA,LIST-573219972ABC22EB,LIST-EE9374C8CF47DB0A,IE00B51B7Z02,HCAN,A2R_CANONICAL_SELECTION,True,2014-05-14,1.0,True,39,SEMANTICALLY_IDENTICAL_IMPLEMENTATION_TRANSITION,YES_SAME_A2R_ECONOMIC_FAMILY,CONTINUE,NO
2014-05-19,CANADA,LIST-EE9374C8CF47DB0A,LIST-573219972ABC22EB,LU0446734872,UB23,A2R_CANONICAL_SELECTION,True,2014-05-16,1.0,True,39,SEMANTICALLY_IDENTICAL_IMPLEMENTATION_TRANSITION,YES_SAME_A2R_ECONOMIC_FAMILY,CONTINUE,NO
2014-05-21,CANADA,LIST-573219972ABC22EB,LIST-EE9374C8CF47DB0A,IE00B51B7Z02,HCAN,A2R_CANONICAL_SELECTION,False,,,False,39,PRICE_NOT_AVAILABLE,YES_SAME_A2R_ECONOMIC_FAMILY,RESET_OR_ENDPOINT_UNAVAILABLE,NO
2014-05-22,CANADA,LIST-EE9374C8CF47DB0A,LIST-573219972ABC22EB,LU0446734872,UB23,A2R_CANONICAL_SELECTION,True,2014-05-21,1.0,False,39,EXACT_PREVIOUS_XLON_SESSION_ENDPOINT,YES_SAME_A2R_ECONOMIC_FAMILY,RESET_OR_ENDPOINT_UNAVAILABLE,NO
2014-06-03,CANADA,LIST-573219972ABC22EB,LIST-EE9374C8CF47DB0A,IE00B51B7Z02,HCAN,A2R_CANONICAL_SELECTION,False,,,False,39,PRICE_NOT_AVAILABLE,YES_SAME_A2R_ECONOMIC_FAMILY,RESET_OR_ENDPOINT_UNAVAILABLE,NO
2014-06-04,CANADA,LIST-EE9374C8CF47DB0A,LIST-573219972ABC22EB,LU0446734872,UB23,A2R_CANONICAL_SELECTION,True,2014-06-03,1.0,False,39,EXACT_PREVIOUS_XLON_SESSION_ENDPOINT,YES_SAME_A2R_ECONOMIC_FAMILY,RESET_OR_ENDPOINT_UNAVAILABLE,NO
2014-06-06,CANADA,LIST-573219972ABC22EB,LIST-EE9374C8CF47DB0A,IE00B51B7Z02,HCAN,A2R_CANONICAL_SELECTION,True,2014-06-05,1.0,True,39,SEMANTICALLY_IDENTICAL_IMPLEMENTATION_TRANSITION,YES_SAME_A2R_ECONOMIC_FAMILY,CONTINUE,NO
2014-06-10,CANADA,LIST-EE9374C8CF47DB0A,LIST-573219972ABC22EB,LU0446734872,UB23,A2R_CANONICAL_SELECTION,True,2014-06-09,1.0,True,39,SEMANTICALLY_IDENTICAL_IMPLEMENTATION_TRANSITION,YES_SAME_A2R_ECONOMIC_FAMILY,CONTINUE,NO
2014-06-12,CANADA,LIST-573219972ABC22EB,LIST-EE9374C8CF47DB0A,IE00B51B7Z02,HCAN,A2R_CANONICAL_SELECTION,False,,,False,39,PRICE_NOT_AVAILABLE,YES_SAME_A2R_ECONOMIC_FAMILY,RESET_OR_ENDPOINT_UNAVAILABLE,NO
2014-06-13,CANADA,LIST-EE9374C8CF47DB0A,LIST-573219972ABC22EB,LU0446734872,UB23,A2R_CANONICAL_SELECTION,True,2014-06-12,1.0,False,39,EXACT_PREVIOUS_XLON_SESSION_ENDPOINT,YES_SAME_A2R_ECONOMIC_FAMILY,RESET_OR_ENDPOINT_UNAVAILABLE,NO
2017-01-25,CANADA,LIST-573219972ABC22EB,LIST-F34996A28FCA5B34,IE00B52SF786,CSCA,A2R_CANONICAL_SELECTION,True,2017-01-24,1.0,True,39,SEMANTICALLY_IDENTICAL_IMPLEMENTATION_TRANSITION,YES_SAME_A2R_ECONOMIC_FAMILY,CONTINUE,NO
2017-01-26,CANADA,LIST-F34996A28FCA5B34,LIST-573219972ABC22EB,LU0446734872,UB23,A2R_CANONICAL_SELECTION,True,2017-01-25,1.0,True,39,SEMANTICALLY_IDENTICAL_IMPLEMENTATION_TRANSITION,YES_SAME_A2R_ECONOMIC_FAMILY,CONTINUE,NO
2017-10-13,CANADA,LIST-573219972ABC22EB,LIST-F34996A28FCA5B34,IE00B52SF786,CSCA,A2R_CANONICAL_SELECTION,True,2017-10-12,1.0,True,39,SEMANTICALLY_IDENTICAL_IMPLEMENTATION_TRANSITION,YES_SAME_A2R_ECONOMIC_FAMILY,CONTINUE,NO
2017-10-16,CANADA,LIST-F34996A28FCA5B34,LIST-573219972ABC22EB,LU0446734872,UB23,A2R_CANONICAL_SELECTION,True,2017-10-13,1.0,True,39,SEMANTICALLY_IDENTICAL_IMPLEMENTATION_TRANSITION,YES_SAME_A2R_ECONOMIC_FAMILY,CONTINUE,NO
2017-11-03,CANADA,LIST-573219972ABC22EB,LIST-F34996A28FCA5B34,IE00B52SF786,CSCA,A2R_CANONICAL_SELECTION,True,2017-11-02,1.0,True,39,SEMANTICALLY_IDENTICAL_IMPLEMENTATION_TRANSITION,YES_SAME_A2R_ECONOMIC_FAMILY,CONTINUE,NO
2017-11-06,CANADA,LIST-F34996A28FCA5B34,LIST-573219972ABC22EB,LU0446734872,UB23,A2R_CANONICAL_SELECTION,True,2017-11-03,1.0,True,39,SEMANTICALLY_IDENTICAL_IMPLEMENTATION_TRANSITION,YES_SAME_A2R_ECONOMIC_FAMILY,CONTINUE,NO
2017-11-09,CANADA,LIST-573219972ABC22EB,LIST-F34996A28FCA5B34,IE00B52SF786,CSCA,A2R_CANONICAL_SELECTION,False,,,False,39,PRICE_NOT_AVAILABLE,YES_SAME_A2R_ECONOMIC_FAMILY,RESET_OR_ENDPOINT_UNAVAILABLE,NO
2017-11-10,CANADA,LIST-F34996A28FCA5B34,LIST-573219972ABC22EB,LU0446734872,UB23,A2R_CANONICAL_SELECTION,True,2017-11-09,1.0,False,39,EXACT_PREVIOUS_XLON_SESSION_ENDPOINT,YES_SAME_A2R_ECONOMIC_FAMILY,RESET_OR_ENDPOINT_UNAVAILABLE,NO
2020-07-27,CANADA,LIST-573219972ABC22EB,LIST-F34996A28FCA5B34,IE00B52SF786,CSCA,A2R_CANONICAL_SELECTION,True,2020-07-24,1.0,True,39,SEMANTICALLY_IDENTICAL_IMPLEMENTATION_TRANSITION,YES_SAME_A2R_ECONOMIC_FAMILY,CONTINUE,NO
2020-07-28,CANADA,LIST-F34996A28FCA5B34,LIST-573219972ABC22EB,LU0446734872,UB23,A2R_CANONICAL_SELECTION,False,,,False,39,PRICE_NOT_AVAILABLE,YES_SAME_A2R_ECONOMIC_FAMILY,RESET_OR_ENDPOINT_UNAVAILABLE,NO
2020-07-29,CANADA,LIST-573219972ABC22EB,LIST-F34996A28FCA5B34,IE00B52SF786,CSCA,A2R_CANONICAL_SELECTION,True,2020-07-28,1.0,False,39,EXACT_PREVIOUS_XLON_SESSION_ENDPOINT,YES_SAME_A2R_ECONOMIC_FAMILY,RESET_OR_ENDPOINT_UNAVAILABLE,NO
2020-07-30,CANADA,LIST-F34996A28FCA5B34,LIST-573219972ABC22EB,LU0446734872,UB23,A2R_CANONICAL_SELECTION,True,2020-07-29,1.0,True,39,SEMANTICALLY_IDENTICAL_IMPLEMENTATION_TRANSITION,YES_SAME_A2R_ECONOMIC_FAMILY,CONTINUE,NO
2020-08-05,CANADA,LIST-573219972ABC22EB,LIST-F34996A28FCA5B34,IE00B52SF786,CSCA,A2R_CANONICAL_SELECTION,True,2020-08-04,1.0,True,39,SEMANTICALLY_IDENTICAL_IMPLEMENTATION_TRANSITION,YES_SAME_A2R_ECONOMIC_FAMILY,CONTINUE,NO
2020-08-07,CANADA,LIST-F34996A28FCA5B34,LIST-573219972ABC22EB,LU0446734872,UB23,A2R_CANONICAL_SELECTION,True,2020-08-06,1.0,True,39,SEMANTICALLY_IDENTICAL_IMPLEMENTATION_TRANSITION,YES_SAME_A2R_ECONOMIC_FAMILY,CONTINUE,NO
2023-04-11,CANADA,LIST-573219972ABC22EB,LIST-F34996A28FCA5B34,IE00B52SF786,CSCA,A2R_CANONICAL_SELECTION,True,2023-04-06,1.0,True,39,SEMANTICALLY_IDENTICAL_IMPLEMENTATION_TRANSITION,YES_SAME_A2R_ECONOMIC_FAMILY,CONTINUE,NO
2023-04-12,CANADA,LIST-F34996A28FCA5B34,LIST-573219972ABC22EB,LU0446734872,UB23,A2R_CANONICAL_SELECTION,True,2023-04-11,1.0,True,39,SEMANTICALLY_IDENTICAL_IMPLEMENTATION_TRANSITION,YES_SAME_A2R_ECONOMIC_FAMILY,CONTINUE,NO
2019-10-25,CHINA_A_SHARES,LIST-3A822D65AEFA4ACF,LIST-4CF43ECE3A695F1C,LU0875160326,ASHR,A2R_CANONICAL_SELECTION,True,2019-10-24,1.0,True,1,SEMANTICALLY_IDENTICAL_IMPLEMENTATION_TRANSITION,YES_SAME_A2R_ECONOMIC_FAMILY,CONTINUE,NO
2019-10-28,CHINA_A_SHARES,LIST-4CF43ECE3A695F1C,LIST-3A822D65AEFA4ACF,LU0875160326,RQFI,A2R_CANONICAL_SELECTION,True,2019-10-25,1.0,True,1,SEMANTICALLY_IDENTICAL_IMPLEMENTATION_TRANSITION,YES_SAME_A2R_ECONOMIC_FAMILY,CONTINUE,NO
2011-02-07,CHINA_BROAD,A2RLIST-1737B6BFC604CE2E,A2RLIST-8A1690D7AF24CEA9,IE00B44T3H88,HMCH,A2R_CANONICAL_SELECTION,False,,,False,0,PRICE_NOT_AVAILABLE,YES_SAME_A2R_ECONOMIC_FAMILY,RESET_OR_ENDPOINT_UNAVAILABLE,NO
2011-02-08,CHINA_BROAD,A2RLIST-8A1690D7AF24CEA9,A2RLIST-1737B6BFC604CE2E,IE00B44T3H88,HMCD,A2R_CANONICAL_SELECTION,False,,,False,0,PRICE_NOT_AVAILABLE,YES_SAME_A2R_ECONOMIC_FAMILY,RESET_OR_ENDPOINT_UNAVAILABLE,NO
2011-05-09,CHINA_BROAD,A2RLIST-1737B6BFC604CE2E,A2RLIST-8A1690D7AF24CEA9,IE00B44T3H88,HMCH,A2R_CANONICAL_SELECTION,False,,,False,4,PRICE_NOT_AVAILABLE,YES_SAME_A2R_ECONOMIC_FAMILY,RESET_OR_ENDPOINT_UNAVAILABLE,NO
2011-12-30,CHINA_BROAD,A2RLIST-8A1690D7AF24CEA9,A2RLIST-1737B6BFC604CE2E,IE00B44T3H88,HMCD,A2R_CANONICAL_SELECTION,True,2011-12-29,1.0,True,7,SEMANTICALLY_IDENTICAL_IMPLEMENTATION_TRANSITION,YES_SAME_A2R_ECONOMIC_FAMILY,CONTINUE,NO
2012-01-03,CHINA_BROAD,A2RLIST-1737B6BFC604CE2E,A2RLIST-8A1690D7AF24CEA9,IE00B44T3H88,HMCH,A2R_CANONICAL_SELECTION,True,2011-12-30,1.0,True,7,SEMANTICALLY_IDENTICAL_IMPLEMENTATION_TRANSITION,YES_SAME_A2R_ECONOMIC_FAMILY,CONTINUE,NO
2012-01-17,CHINA_BROAD,A2RLIST-8A1690D7AF24CEA9,A2RLIST-1737B6BFC604CE2E,IE00B44T3H88,HMCD,A2R_CANONICAL_SELECTION,False,,,False,7,PRICE_NOT_AVAILABLE,YES_SAME_A2R_ECONOMIC_FAMILY,RESET_OR_ENDPOINT_UNAVAILABLE,NO
2012-01-18,CHINA_BROAD,A2RLIST-1737B6BFC604CE2E,A2RLIST-8A1690D7AF24CEA9,IE00B44T3H88,HMCH,A2R_CANONICAL_SELECTION,True,2012-01-17,1.0,False,7,EXACT_PREVIOUS_XLON_SESSION_ENDPOINT,YES_SAME_A2R_ECONOMIC_FAMILY,RESET_OR_ENDPOINT_UNAVAILABLE,NO
2009-10-07,DEVELOPED_ASIA_PACIFIC,LIST-9F6D1E511A87DB3D,LIST-3D8F5FA30E80506F,IE00B4WXJD03,IPXJ,A2R_CANONICAL_SELECTION,False,,,False,1,PRICE_NOT_AVAILABLE,YES_SAME_A2R_ECONOMIC_FAMILY,RESET_OR_ENDPOINT_UNAVAILABLE,NO
2009-10-08,DEVELOPED_ASIA_PACIFIC,LIST-3D8F5FA30E80506F,LIST-9F6D1E511A87DB3D,IE00B4WXJD03,SPXJ,A2R_CANONICAL_SELECTION,True,2009-10-07,1.0,False,1,EXACT_PREVIOUS_XLON_SESSION_ENDPOINT,YES_SAME_A2R_ECONOMIC_FAMILY,RESET_OR_ENDPOINT_UNAVAILABLE,NO
2009-11-05,DEVELOPED_ASIA_PACIFIC,LIST-9F6D1E511A87DB3D,LIST-3D8F5FA30E80506F,IE00B4WXJD03,IPXJ,A2R_CANONICAL_SELECTION,True,2009-11-04,1.0,True,1,SEMANTICALLY_IDENTICAL_IMPLEMENTATION_TRANSITION,YES_SAME_A2R_ECONOMIC_FAMILY,CONTINUE,NO
2009-11-06,DEVELOPED_ASIA_PACIFIC,LIST-3D8F5FA30E80506F,LIST-9F6D1E511A87DB3D,IE00B4WXJD03,SPXJ,A2R_CANONICAL_SELECTION,True,2009-11-05,1.0,True,1,SEMANTICALLY_IDENTICAL_IMPLEMENTATION_TRANSITION,YES_SAME_A2R_ECONOMIC_FAMILY,CONTINUE,NO
2009-11-19,DEVELOPED_ASIA_PACIFIC,LIST-9F6D1E511A87DB3D,LIST-3D8F5FA30E80506F,IE00B4WXJD03,IPXJ,A2R_CANONICAL_SELECTION,True,2009-11-18,1.0,True,1,SEMANTICALLY_IDENTICAL_IMPLEMENTATION_TRANSITION,YES_SAME_A2R_ECONOMIC_FAMILY,CONTINUE,NO
2009-11-20,DEVELOPED_ASIA_PACIFIC,LIST-3D8F5FA30E80506F,LIST-9F6D1E511A87DB3D,IE00B4WXJD03,SPXJ,A2R_CANONICAL_SELECTION,True,2009-11-19,1.0,True,1,SEMANTICALLY_IDENTICAL_IMPLEMENTATION_TRANSITION,YES_SAME_A2R_ECONOMIC_FAMILY,CONTINUE,NO
2009-12-11,DEVELOPED_ASIA_PACIFIC,LIST-9F6D1E511A87DB3D,LIST-3D8F5FA30E80506F,IE00B4WXJD03,IPXJ,A2R_CANONICAL_SELECTION,False,,,False,1,PRICE_NOT_AVAILABLE,YES_SAME_A2R_ECONOMIC_FAMILY,RESET_OR_ENDPOINT_UNAVAILABLE,NO
2009-12-14,DEVELOPED_ASIA_PACIFIC,LIST-3D8F5FA30E80506F,LIST-9F6D1E511A87DB3D,IE00B4WXJD03,SPXJ,A2R_CANONICAL_SELECTION,True,2009-12-11,,False,2,CONTINUITY_SEGMENT_START_OR_RESET,YES_SAME_A2R_ECONOMIC_FAMILY,RESET_OR_ENDPOINT_UNAVAILABLE,NO
2010-01-21,DEVELOPED_ASIA_PACIFIC,LIST-9F6D1E511A87DB3D,LIST-3D8F5FA30E80506F,IE00B4WXJD03,IPXJ,A2R_CANONICAL_SELECTION,True,2010-01-20,1.0,True,2,SEMANTICALLY_IDENTICAL_IMPLEMENTATION_TRANSITION,YES_SAME_A2R_ECONOMIC_FAMILY,CONTINUE,NO
2010-01-22,DEVELOPED_ASIA_PACIFIC,LIST-3D8F5FA30E80506F,LIST-9F6D1E511A87DB3D,IE00B4WXJD03,SPXJ,A2R_CANONICAL_SELECTION,True,2010-01-21,1.0,True,2,SEMANTICALLY_IDENTICAL_IMPLEMENTATION_TRANSITION,YES_SAME_A2R_ECONOMIC_FAMILY,CONTINUE,NO
2010-04-09,DEVELOPED_ASIA_PACIFIC,LIST-9F6D1E511A87DB3D,LIST-3D8F5FA30E80506F,IE00B4WXJD03,IPXJ,A2R_CANONICAL_SELECTION,False,,,False,2,PRICE_NOT_AVAILABLE,YES_SAME_A2R_ECONOMIC_FAMILY,RESET_OR_ENDPOINT_UNAVAILABLE,NO
2010-04-12,DEVELOPED_ASIA_PACIFIC,LIST-3D8F5FA30E80506F,LIST-9F6D1E511A87DB3D,IE00B4WXJD03,SPXJ,A2R_CANONICAL_SELECTION,True,2010-04-09,1.0,False,2,EXACT_PREVIOUS_XLON_SESSION_ENDPOINT,YES_SAME_A2R_ECONOMIC_FAMILY,RESET_OR_ENDPOINT_UNAVAILABLE,NO
2010-04-22,DEVELOPED_ASIA_PACIFIC,LIST-9F6D1E511A87DB3D,LIST-3D8F5FA30E80506F,IE00B4WXJD03,IPXJ,A2R_CANONICAL_SELECTION,True,2010-04-21,1.0,True,2,SEMANTICALLY_IDENTICAL_IMPLEMENTATION_TRANSITION,YES_SAME_A2R_ECONOMIC_FAMILY,CONTINUE,NO
2010-04-23,DEVELOPED_ASIA_PACIFIC,LIST-3D8F5FA30E80506F,LIST-9F6D1E511A87DB3D,IE00B4WXJD03,SPXJ,A2R_CANONICAL_SELECTION,True,2010-04-22,1.0,True,2,SEMANTICALLY_IDENTICAL_IMPLEMENTATION_TRANSITION,YES_SAME_A2R_ECONOMIC_FAMILY,CONTINUE,NO
2010-05-18,DEVELOPED_ASIA_PACIFIC,LIST-9F6D1E511A87DB3D,LIST-3D8F5FA30E80506F,IE00B4WXJD03,IPXJ,A2R_CANONICAL_SELECTION,True,2010-05-17,1.0,True,2,SEMANTICALLY_IDENTICAL_IMPLEMENTATION_TRANSITION,YES_SAME_A2R_ECONOMIC_FAMILY,CONTINUE,NO
2010-05-19,DEVELOPED_ASIA_PACIFIC,LIST-3D8F5FA30E80506F,LIST-9F6D1E511A87DB3D,IE00B4WXJD03,SPXJ,A2R_CANONICAL_SELECTION,True,2010-05-18,1.0,True,2,SEMANTICALLY_IDENTICAL_IMPLEMENTATION_TRANSITION,YES_SAME_A2R_ECONOMIC_FAMILY,CONTINUE,NO
2010-06-16,DEVELOPED_ASIA_PACIFIC,LIST-9F6D1E511A87DB3D,LIST-3D8F5FA30E80506F,IE00B4WXJD03,IPXJ,A2R_CANONICAL_SELECTION,True,2010-06-15,1.0,True,2,SEMANTICALLY_IDENTICAL_IMPLEMENTATION_TRANSITION,YES_SAME_A2R_ECONOMIC_FAMILY,CONTINUE,NO
2010-06-18,DEVELOPED_ASIA_PACIFIC,LIST-3D8F5FA30E80506F,LIST-9F6D1E511A87DB3D,IE00B4WXJD03,SPXJ,A2R_CANONICAL_SELECTION,True,2010-06-17,1.0,True,2,SEMANTICALLY_IDENTICAL_IMPLEMENTATION_TRANSITION,YES_SAME_A2R_ECONOMIC_FAMILY,CONTINUE,NO
2010-07-20,DEVELOPED_ASIA_PACIFIC,LIST-9F6D1E511A87DB3D,LIST-3D8F5FA30E80506F,IE00B4WXJD03,IPXJ,A2R_CANONICAL_SELECTION,False,,,False,2,PRICE_NOT_AVAILABLE,YES_SAME_A2R_ECONOMIC_FAMILY,RESET_OR_ENDPOINT_UNAVAILABLE,NO
2010-08-02,DEVELOPED_ASIA_PACIFIC,LIST-9F6D1E511A87DB3D,LIST-3D8F5FA30E80506F,IE00B4WXJD03,IPXJ,A2R_CANONICAL_SELECTION,True,2010-07-30,1.0,True,3,SEMANTICALLY_IDENTICAL_IMPLEMENTATION_TRANSITION,YES_SAME_A2R_ECONOMIC_FAMILY,CONTINUE,NO
2010-08-03,DEVELOPED_ASIA_PACIFIC,LIST-3D8F5FA30E80506F,LIST-9F6D1E511A87DB3D,IE00B4WXJD03,SPXJ,A2R_CANONICAL_SELECTION,True,2010-08-02,1.0,True,3,SEMANTICALLY_IDENTICAL_IMPLEMENTATION_TRANSITION,YES_SAME_A2R_ECONOMIC_FAMILY,CONTINUE,NO
2010-08-11,DEVELOPED_ASIA_PACIFIC,LIST-9F6D1E511A87DB3D,LIST-3D8F5FA30E80506F,IE00B4WXJD03,IPXJ,A2R_CANONICAL_SELECTION,False,,,False,3,PRICE_NOT_AVAILABLE,YES_SAME_A2R_ECONOMIC_FAMILY,RESET_OR_ENDPOINT_UNAVAILABLE,NO
2010-08-12,DEVELOPED_ASIA_PACIFIC,LIST-3D8F5FA30E80506F,LIST-9F6D1E511A87DB3D,IE00B4WXJD03,SPXJ,A2R_CANONICAL_SELECTION,True,2010-08-11,1.0,False,3,EXACT_PREVIOUS_XLON_SESSION_ENDPOINT,YES_SAME_A2R_ECONOMIC_FAMILY,RESET_OR_ENDPOINT_UNAVAILABLE,NO
2010-08-24,DEVELOPED_ASIA_PACIFIC,LIST-9F6D1E511A87DB3D,LIST-3D8F5FA30E80506F,IE00B4WXJD03,IPXJ,A2R_CANONICAL_SELECTION,True,2010-08-23,1.0,True,3,SEMANTICALLY_IDENTICAL_IMPLEMENTATION_TRANSITION,YES_SAME_A2R_ECONOMIC_FAMILY,CONTINUE,NO
2010-08-25,DEVELOPED_ASIA_PACIFIC,LIST-3D8F5FA30E80506F,LIST-9F6D1E511A87DB3D,IE00B4WXJD03,SPXJ,A2R_CANONICAL_SELECTION,True,2010-08-24,1.0,True,3,SEMANTICALLY_IDENTICAL_IMPLEMENTATION_TRANSITION,YES_SAME_A2R_ECONOMIC_FAMILY,CONTINUE,NO
2010-08-27,DEVELOPED_ASIA_PACIFIC,LIST-9F6D1E511A87DB3D,LIST-3D8F5FA30E80506F,IE00B4WXJD03,IPXJ,A2R_CANONICAL_SELECTION,True,2010-08-26,1.0,True,3,SEMANTICALLY_IDENTICAL_IMPLEMENTATION_TRANSITION,YES_SAME_A2R_ECONOMIC_FAMILY,CONTINUE,NO
2010-08-31,DEVELOPED_ASIA_PACIFIC,LIST-3D8F5FA30E80506F,LIST-9F6D1E511A87DB3D,IE00B4WXJD03,SPXJ,A2R_CANONICAL_SELECTION,True,2010-08-27,1.0,True,3,SEMANTICALLY_IDENTICAL_IMPLEMENTATION_TRANSITION,YES_SAME_A2R_ECONOMIC_FAMILY,CONTINUE,NO
2010-09-03,DEVELOPED_ASIA_PACIFIC,LIST-9F6D1E511A87DB3D,LIST-3D8F5FA30E80506F,IE00B4WXJD03,IPXJ,A2R_CANONICAL_SELECTION,True,2010-09-02,1.0,True,3,SEMANTICALLY_IDENTICAL_IMPLEMENTATION_TRANSITION,YES_SAME_A2R_ECONOMIC_FAMILY,CONTINUE,NO
2010-09-06,DEVELOPED_ASIA_PACIFIC,LIST-3D8F5FA30E80506F,LIST-9F6D1E511A87DB3D,IE00B4WXJD03,SPXJ,A2R_CANONICAL_SELECTION,True,2010-09-03,1.0,True,3,SEMANTICALLY_IDENTICAL_IMPLEMENTATION_TRANSITION,YES_SAME_A2R_ECONOMIC_FAMILY,CONTINUE,NO
2010-09-16,DEVELOPED_ASIA_PACIFIC,LIST-9F6D1E511A87DB3D,LIST-3D8F5FA30E80506F,IE00B4WXJD03,IPXJ,A2R_CANONICAL_SELECTION,True,2010-09-15,1.0,True,3,SEMANTICALLY_IDENTICAL_IMPLEMENTATION_TRANSITION,YES_SAME_A2R_ECONOMIC_FAMILY,CONTINUE,NO
2010-09-20,DEVELOPED_ASIA_PACIFIC,LIST-3D8F5FA30E80506F,LIST-9F6D1E511A87DB3D,IE00B4WXJD03,SPXJ,A2R_CANONICAL_SELECTION,True,2010-09-17,1.0,True,3,SEMANTICALLY_IDENTICAL_IMPLEMENTATION_TRANSITION,YES_SAME_A2R_ECONOMIC_FAMILY,CONTINUE,NO
2010-09-23,DEVELOPED_ASIA_PACIFIC,LIST-9F6D1E511A87DB3D,LIST-3D8F5FA30E80506F,IE00B4WXJD03,IPXJ,A2R_CANONICAL_SELECTION,True,2010-09-22,1.0,True,3,SEMANTICALLY_IDENTICAL_IMPLEMENTATION_TRANSITION,YES_SAME_A2R_ECONOMIC_FAMILY,CONTINUE,NO
2010-09-24,DEVELOPED_ASIA_PACIFIC,LIST-3D8F5FA30E80506F,LIST-9F6D1E511A87DB3D,IE00B4WXJD03,SPXJ,A2R_CANONICAL_SELECTION,True,2010-09-23,1.0,True,3,SEMANTICALLY_IDENTICAL_IMPLEMENTATION_TRANSITION,YES_SAME_A2R_ECONOMIC_FAMILY,CONTINUE,NO
2010-10-14,DEVELOPED_ASIA_PACIFIC,LIST-9F6D1E511A87DB3D,LIST-3D8F5FA30E80506F,IE00B4WXJD03,IPXJ,A2R_CANONICAL_SELECTION,True,2010-10-13,1.0,True,3,SEMANTICALLY_IDENTICAL_IMPLEMENTATION_TRANSITION,YES_SAME_A2R_ECONOMIC_FAMILY,CONTINUE,NO
2010-10-15,DEVELOPED_ASIA_PACIFIC,LIST-3D8F5FA30E80506F,LIST-9F6D1E511A87DB3D,IE00B4WXJD03,SPXJ,A2R_CANONICAL_SELECTION,True,2010-10-14,1.0,True,3,SEMANTICALLY_IDENTICAL_IMPLEMENTATION_TRANSITION,YES_SAME_A2R_ECONOMIC_FAMILY,CONTINUE,NO
2010-10-19,DEVELOPED_ASIA_PACIFIC,LIST-9F6D1E511A87DB3D,LIST-3D8F5FA30E80506F,IE00B4WXJD03,IPXJ,A2R_CANONICAL_SELECTION,True,2010-10-18,1.0,True,3,SEMANTICALLY_IDENTICAL_IMPLEMENTATION_TRANSITION,YES_SAME_A2R_ECONOMIC_FAMILY,CONTINUE,NO
2010-10-20,DEVELOPED_ASIA_PACIFIC,LIST-3D8F5FA30E80506F,LIST-9F6D1E511A87DB3D,IE00B4WXJD03,SPXJ,A2R_CANONICAL_SELECTION,True,2010-10-19,1.0,True,3,SEMANTICALLY_IDENTICAL_IMPLEMENTATION_TRANSITION,YES_SAME_A2R_ECONOMIC_FAMILY,CONTINUE,NO
2010-10-22,DEVELOPED_ASIA_PACIFIC,LIST-9F6D1E511A87DB3D,LIST-3D8F5FA30E80506F,IE00B4WXJD03,IPXJ,A2R_CANONICAL_SELECTION,True,2010-10-21,1.0,True,3,SEMANTICALLY_IDENTICAL_IMPLEMENTATION_TRANSITION,YES_SAME_A2R_ECONOMIC_FAMILY,CONTINUE,NO
2010-10-25,DEVELOPED_ASIA_PACIFIC,LIST-3D8F5FA30E80506F,LIST-9F6D1E511A87DB3D,IE00B4WXJD03,SPXJ,A2R_CANONICAL_SELECTION,True,2010-10-22,1.0,True,3,SEMANTICALLY_IDENTICAL_IMPLEMENTATION_TRANSITION,YES_SAME_A2R_ECONOMIC_FAMILY,CONTINUE,NO
2010-11-02,DEVELOPED_ASIA_PACIFIC,LIST-9F6D1E511A87DB3D,LIST-3D8F5FA30E80506F,IE00B4WXJD03,IPXJ,A2R_CANONICAL_SELECTION,True,2010-11-01,1.0,True,3,SEMANTICALLY_IDENTICAL_IMPLEMENTATION_TRANSITION,YES_SAME_A2R_ECONOMIC_FAMILY,CONTINUE,NO
2010-11-04,DEVELOPED_ASIA_PACIFIC,LIST-3D8F5FA30E80506F,LIST-9F6D1E511A87DB3D,IE00B4WXJD03,SPXJ,A2R_CANONICAL_SELECTION,True,2010-11-03,1.0,True,3,SEMANTICALLY_IDENTICAL_IMPLEMENTATION_TRANSITION,YES_SAME_A2R_ECONOMIC_FAMILY,CONTINUE,NO
2010-11-08,DEVELOPED_ASIA_PACIFIC,LIST-9F6D1E511A87DB3D,LIST-3D8F5FA30E80506F,IE00B4WXJD03,IPXJ,A2R_CANONICAL_SELECTION,True,2010-11-05,1.0,True,3,SEMANTICALLY_IDENTICAL_IMPLEMENTATION_TRANSITION,YES_SAME_A2R_ECONOMIC_FAMILY,CONTINUE,NO
2010-11-09,DEVELOPED_ASIA_PACIFIC,LIST-3D8F5FA30E80506F,LIST-9F6D1E511A87DB3D,IE00B4WXJD03,SPXJ,A2R_CANONICAL_SELECTION,True,2010-11-08,1.0,True,3,SEMANTICALLY_IDENTICAL_IMPLEMENTATION_TRANSITION,YES_SAME_A2R_ECONOMIC_FAMILY,CONTINUE,NO
2010-11-22,DEVELOPED_ASIA_PACIFIC,LIST-9F6D1E511A87DB3D,LIST-3D8F5FA30E80506F,IE00B4WXJD03,IPXJ,A2R_CANONICAL_SELECTION,True,2010-11-19,1.0,True,3,SEMANTICALLY_IDENTICAL_IMPLEMENTATION_TRANSITION,YES_SAME_A2R_ECONOMIC_FAMILY,CONTINUE,NO
2010-11-23,DEVELOPED_ASIA_PACIFIC,LIST-3D8F5FA30E80506F,LIST-9F6D1E511A87DB3D,IE00B4WXJD03,SPXJ,A2R_CANONICAL_SELECTION,True,2010-11-22,1.0,True,3,SEMANTICALLY_IDENTICAL_IMPLEMENTATION_TRANSITION,YES_SAME_A2R_ECONOMIC_FAMILY,CONTINUE,NO
2010-12-01,DEVELOPED_ASIA_PACIFIC,LIST-9F6D1E511A87DB3D,LIST-3D8F5FA30E80506F,IE00B4WXJD03,IPXJ,A2R_CANONICAL_SELECTION,True,2010-11-30,1.0,True,3,SEMANTICALLY_IDENTICAL_IMPLEMENTATION_TRANSITION,YES_SAME_A2R_ECONOMIC_FAMILY,CONTINUE,NO
2010-12-02,DEVELOPED_ASIA_PACIFIC,LIST-3D8F5FA30E80506F,LIST-9F6D1E511A87DB3D,IE00B4WXJD03,SPXJ,A2R_CANONICAL_SELECTION,True,2010-12-01,1.0,True,3,SEMANTICALLY_IDENTICAL_IMPLEMENTATION_TRANSITION,YES_SAME_A2R_ECONOMIC_FAMILY,CONTINUE,NO
2010-12-20,DEVELOPED_ASIA_PACIFIC,LIST-9F6D1E511A87DB3D,LIST-3D8F5FA30E80506F,IE00B4WXJD03,IPXJ,A2R_CANONICAL_SELECTION,True,2010-12-17,1.0,True,3,SEMANTICALLY_IDENTICAL_IMPLEMENTATION_TRANSITION,YES_SAME_A2R_ECONOMIC_FAMILY,CONTINUE,NO
2010-12-21,DEVELOPED_ASIA_PACIFIC,LIST-3D8F5FA30E80506F,LIST-9F6D1E511A87DB3D,IE00B4WXJD03,SPXJ,A2R_CANONICAL_SELECTION,True,2010-12-20,1.0,True,3,SEMANTICALLY_IDENTICAL_IMPLEMENTATION_TRANSITION,YES_SAME_A2R_ECONOMIC_FAMILY,CONTINUE,NO
2011-01-06,DEVELOPED_ASIA_PACIFIC,LIST-9F6D1E511A87DB3D,LIST-3D8F5FA30E80506F,IE00B4WXJD03,IPXJ,A2R_CANONICAL_SELECTION,True,2011-01-05,1.0,True,3,SEMANTICALLY_IDENTICAL_IMPLEMENTATION_TRANSITION,YES_SAME_A2R_ECONOMIC_FAMILY,CONTINUE,NO
2011-01-07,DEVELOPED_ASIA_PACIFIC,LIST-3D8F5FA30E80506F,LIST-9F6D1E511A87DB3D,IE00B4WXJD03,SPXJ,A2R_CANONICAL_SELECTION,True,2011-01-06,1.0,True,3,SEMANTICALLY_IDENTICAL_IMPLEMENTATION_TRANSITION,YES_SAME_A2R_ECONOMIC_FAMILY,CONTINUE,NO
2011-01-14,DEVELOPED_ASIA_PACIFIC,LIST-9F6D1E511A87DB3D,LIST-3D8F5FA30E80506F,IE00B4WXJD03,IPXJ,A2R_CANONICAL_SELECTION,True,2011-01-13,1.0,True,3,SEMANTICALLY_IDENTICAL_IMPLEMENTATION_TRANSITION,YES_SAME_A2R_ECONOMIC_FAMILY,CONTINUE,NO
2011-01-17,DEVELOPED_ASIA_PACIFIC,LIST-3D8F5FA30E80506F,LIST-9F6D1E511A87DB3D,IE00B4WXJD03,SPXJ,A2R_CANONICAL_SELECTION,True,2011-01-14,1.0,True,3,SEMANTICALLY_IDENTICAL_IMPLEMENTATION_TRANSITION,YES_SAME_A2R_ECONOMIC_FAMILY,CONTINUE,NO
2011-01-24,DEVELOPED_ASIA_PACIFIC,LIST-9F6D1E511A87DB3D,LIST-3D8F5FA30E80506F,IE00B4WXJD03,IPXJ,A2R_CANONICAL_SELECTION,True,2011-01-21,1.0,True,3,SEMANTICALLY_IDENTICAL_IMPLEMENTATION_TRANSITION,YES_SAME_A2R_ECONOMIC_FAMILY,CONTINUE,NO
2011-01-25,DEVELOPED_ASIA_PACIFIC,LIST-3D8F5FA30E80506F,LIST-9F6D1E511A87DB3D,IE00B4WXJD03,SPXJ,A2R_CANONICAL_SELECTION,True,2011-01-24,1.0,True,3,SEMANTICALLY_IDENTICAL_IMPLEMENTATION_TRANSITION,YES_SAME_A2R_ECONOMIC_FAMILY,CONTINUE,NO
2011-02-21,DEVELOPED_ASIA_PACIFIC,LIST-9F6D1E511A87DB3D,LIST-3D8F5FA30E80506F,IE00B4WXJD03,IPXJ,A2R_CANONICAL_SELECTION,True,2011-02-18,1.0,True,3,SEMANTICALLY_IDENTICAL_IMPLEMENTATION_TRANSITION,YES_SAME_A2R_ECONOMIC_FAMILY,CONTINUE,NO
2011-02-22,DEVELOPED_ASIA_PACIFIC,LIST-3D8F5FA30E80506F,LIST-9F6D1E511A87DB3D,IE00B4WXJD03,SPXJ,A2R_CANONICAL_SELECTION,True,2011-02-21,1.0,True,3,SEMANTICALLY_IDENTICAL_IMPLEMENTATION_TRANSITION,YES_SAME_A2R_ECONOMIC_FAMILY,CONTINUE,NO
2011-04-04,DEVELOPED_ASIA_PACIFIC,LIST-9F6D1E511A87DB3D,LIST-3D8F5FA30E80506F,IE00B4WXJD03,IPXJ,A2R_CANONICAL_SELECTION,True,2011-04-01,1.0,True,3,SEMANTICALLY_IDENTICAL_IMPLEMENTATION_TRANSITION,YES_SAME_A2R_ECONOMIC_FAMILY,CONTINUE,NO
2011-04-05,DEVELOPED_ASIA_PACIFIC,LIST-3D8F5FA30E80506F,LIST-9F6D1E511A87DB3D,IE00B4WXJD03,SPXJ,A2R_CANONICAL_SELECTION,True,2011-04-04,1.0,True,3,SEMANTICALLY_IDENTICAL_IMPLEMENTATION_TRANSITION,YES_SAME_A2R_ECONOMIC_FAMILY,CONTINUE,NO
2011-05-23,DEVELOPED_ASIA_PACIFIC,LIST-9F6D1E511A87DB3D,LIST-3D8F5FA30E80506F,IE00B4WXJD03,IPXJ,A2R_CANONICAL_SELECTION,True,2011-05-20,1.0,True,3,SEMANTICALLY_IDENTICAL_IMPLEMENTATION_TRANSITION,YES_SAME_A2R_ECONOMIC_FAMILY,CONTINUE,NO
2011-05-24,DEVELOPED_ASIA_PACIFIC,LIST-3D8F5FA30E80506F,LIST-9F6D1E511A87DB3D,IE00B4WXJD03,SPXJ,A2R_CANONICAL_SELECTION,True,2011-05-23,1.0,True,3,SEMANTICALLY_IDENTICAL_IMPLEMENTATION_TRANSITION,YES_SAME_A2R_ECONOMIC_FAMILY,CONTINUE,NO
2011-05-31,DEVELOPED_ASIA_PACIFIC,LIST-9F6D1E511A87DB3D,LIST-3D8F5FA30E80506F,IE00B4WXJD03,IPXJ,A2R_CANONICAL_SELECTION,False,,,False,3,PRICE_NOT_AVAILABLE,YES_SAME_A2R_ECONOMIC_FAMILY,RESET_OR_ENDPOINT_UNAVAILABLE,NO
2011-06-01,DEVELOPED_ASIA_PACIFIC,LIST-3D8F5FA30E80506F,LIST-9F6D1E511A87DB3D,IE00B4WXJD03,SPXJ,A2R_CANONICAL_SELECTION,True,2011-05-31,1.0,False,3,EXACT_PREVIOUS_XLON_SESSION_ENDPOINT,YES_SAME_A2R_ECONOMIC_FAMILY,RESET_OR_ENDPOINT_UNAVAILABLE,NO
2011-06-03,DEVELOPED_ASIA_PACIFIC,LIST-9F6D1E511A87DB3D,LIST-3D8F5FA30E80506F,IE00B4WXJD03,IPXJ,A2R_CANONICAL_SELECTION,True,2011-06-02,1.0,True,3,SEMANTICALLY_IDENTICAL_IMPLEMENTATION_TRANSITION,YES_SAME_A2R_ECONOMIC_FAMILY,CONTINUE,NO
2011-06-06,DEVELOPED_ASIA_PACIFIC,LIST-3D8F5FA30E80506F,LIST-9F6D1E511A87DB3D,IE00B4WXJD03,SPXJ,A2R_CANONICAL_SELECTION,True,2011-06-03,1.0,True,3,SEMANTICALLY_IDENTICAL_IMPLEMENTATION_TRANSITION,YES_SAME_A2R_ECONOMIC_FAMILY,CONTINUE,NO
2011-06-24,DEVELOPED_ASIA_PACIFIC,LIST-9F6D1E511A87DB3D,LIST-3D8F5FA30E80506F,IE00B4WXJD03,IPXJ,A2R_CANONICAL_SELECTION,True,2011-06-23,1.0,True,3,SEMANTICALLY_IDENTICAL_IMPLEMENTATION_TRANSITION,YES_SAME_A2R_ECONOMIC_FAMILY,CONTINUE,NO
2011-06-27,DEVELOPED_ASIA_PACIFIC,LIST-3D8F5FA30E80506F,LIST-9F6D1E511A87DB3D,IE00B4WXJD03,SPXJ,A2R_CANONICAL_SELECTION,True,2011-06-24,1.0,True,3,SEMANTICALLY_IDENTICAL_IMPLEMENTATION_TRANSITION,YES_SAME_A2R_ECONOMIC_FAMILY,CONTINUE,NO
2011-09-01,DEVELOPED_ASIA_PACIFIC,LIST-9F6D1E511A87DB3D,LIST-3D8F5FA30E80506F,IE00B4WXJD03,IPXJ,A2R_CANONICAL_SELECTION,True,2011-08-31,1.0,True,3,SEMANTICALLY_IDENTICAL_IMPLEMENTATION_TRANSITION,YES_SAME_A2R_ECONOMIC_FAMILY,CONTINUE,NO
2011-09-02,DEVELOPED_ASIA_PACIFIC,LIST-3D8F5FA30E80506F,LIST-9F6D1E511A87DB3D,IE00B4WXJD03,SPXJ,A2R_CANONICAL_SELECTION,True,2011-09-01,1.0,True,3,SEMANTICALLY_IDENTICAL_IMPLEMENTATION_TRANSITION,YES_SAME_A2R_ECONOMIC_FAMILY,CONTINUE,NO
2011-09-15,DEVELOPED_ASIA_PACIFIC,LIST-9F6D1E511A87DB3D,LIST-3D8F5FA30E80506F,IE00B4WXJD03,IPXJ,A2R_CANONICAL_SELECTION,True,2011-09-14,1.0,True,3,SEMANTICALLY_IDENTICAL_IMPLEMENTATION_TRANSITION,YES_SAME_A2R_ECONOMIC_FAMILY,CONTINUE,NO
2011-09-16,DEVELOPED_ASIA_PACIFIC,LIST-3D8F5FA30E80506F,LIST-9F6D1E511A87DB3D,IE00B4WXJD03,SPXJ,A2R_CANONICAL_SELECTION,True,2011-09-15,1.0,True,3,SEMANTICALLY_IDENTICAL_IMPLEMENTATION_TRANSITION,YES_SAME_A2R_ECONOMIC_FAMILY,CONTINUE,NO
2011-09-20,DEVELOPED_ASIA_PACIFIC,LIST-9F6D1E511A87DB3D,LIST-3D8F5FA30E80506F,IE00B4WXJD03,IPXJ,A2R_CANONICAL_SELECTION,True,2011-09-19,1.0,True,3,SEMANTICALLY_IDENTICAL_IMPLEMENTATION_TRANSITION,YES_SAME_A2R_ECONOMIC_FAMILY,CONTINUE,NO
2011-09-21,DEVELOPED_ASIA_PACIFIC,LIST-3D8F5FA30E80506F,LIST-9F6D1E511A87DB3D,IE00B4WXJD03,SPXJ,A2R_CANONICAL_SELECTION,True,2011-09-20,1.0,True,3,SEMANTICALLY_IDENTICAL_IMPLEMENTATION_TRANSITION,YES_SAME_A2R_ECONOMIC_FAMILY,CONTINUE,NO
2011-10-04,DEVELOPED_ASIA_PACIFIC,LIST-9F6D1E511A87DB3D,LIST-3D8F5FA30E80506F,IE00B4WXJD03,IPXJ,A2R_CANONICAL_SELECTION,True,2011-10-03,1.0,True,3,SEMANTICALLY_IDENTICAL_IMPLEMENTATION_TRANSITION,YES_SAME_A2R_ECONOMIC_FAMILY,CONTINUE,NO
2011-10-05,DEVELOPED_ASIA_PACIFIC,LIST-3D8F5FA30E80506F,LIST-9F6D1E511A87DB3D,IE00B4WXJD03,SPXJ,A2R_CANONICAL_SELECTION,True,2011-10-04,1.0,True,3,SEMANTICALLY_IDENTICAL_IMPLEMENTATION_TRANSITION,YES_SAME_A2R_ECONOMIC_FAMILY,CONTINUE,NO
2011-10-10,DEVELOPED_ASIA_PACIFIC,LIST-9F6D1E511A87DB3D,LIST-3D8F5FA30E80506F,IE00B4WXJD03,IPXJ,A2R_CANONICAL_SELECTION,True,2011-10-07,1.0,True,3,SEMANTICALLY_IDENTICAL_IMPLEMENTATION_TRANSITION,YES_SAME_A2R_ECONOMIC_FAMILY,CONTINUE,NO
2011-10-11,DEVELOPED_ASIA_PACIFIC,LIST-3D8F5FA30E80506F,LIST-9F6D1E511A87DB3D,IE00B4WXJD03,SPXJ,A2R_CANONICAL_SELECTION,True,2011-10-10,1.0,True,3,SEMANTICALLY_IDENTICAL_IMPLEMENTATION_TRANSITION,YES_SAME_A2R_ECONOMIC_FAMILY,CONTINUE,NO
2011-11-03,DEVELOPED_ASIA_PACIFIC,LIST-9F6D1E511A87DB3D,LIST-3D8F5FA30E80506F,IE00B4WXJD03,IPXJ,A2R_CANONICAL_SELECTION,True,2011-11-02,1.0,True,3,SEMANTICALLY_IDENTICAL_IMPLEMENTATION_TRANSITION,YES_SAME_A2R_ECONOMIC_FAMILY,CONTINUE,NO
2011-11-04,DEVELOPED_ASIA_PACIFIC,LIST-3D8F5FA30E80506F,LIST-9F6D1E511A87DB3D,IE00B4WXJD03,SPXJ,A2R_CANONICAL_SELECTION,False,,,False,3,PRICE_NOT_AVAILABLE,YES_SAME_A2R_ECONOMIC_FAMILY,RESET_OR_ENDPOINT_UNAVAILABLE,NO
2011-11-07,DEVELOPED_ASIA_PACIFIC,LIST-9F6D1E511A87DB3D,LIST-3D8F5FA30E80506F,IE00B4WXJD03,IPXJ,A2R_CANONICAL_SELECTION,True,2011-11-04,1.0,False,3,EXACT_PREVIOUS_XLON_SESSION_ENDPOINT,YES_SAME_A2R_ECONOMIC_FAMILY,RESET_OR_ENDPOINT_UNAVAILABLE,NO
2011-11-08,DEVELOPED_ASIA_PACIFIC,LIST-3D8F5FA30E80506F,LIST-9F6D1E511A87DB3D,IE00B4WXJD03,SPXJ,A2R_CANONICAL_SELECTION,True,2011-11-07,1.0,True,3,SEMANTICALLY_IDENTICAL_IMPLEMENTATION_TRANSITION,YES_SAME_A2R_ECONOMIC_FAMILY,CONTINUE,NO
2012-01-16,DEVELOPED_ASIA_PACIFIC,LIST-9F6D1E511A87DB3D,LIST-3D8F5FA30E80506F,IE00B4WXJD03,IPXJ,A2R_CANONICAL_SELECTION,True,2012-01-13,1.0,True,3,SEMANTICALLY_IDENTICAL_IMPLEMENTATION_TRANSITION,YES_SAME_A2R_ECONOMIC_FAMILY,CONTINUE,NO
2012-01-17,DEVELOPED_ASIA_PACIFIC,LIST-3D8F5FA30E80506F,LIST-9F6D1E511A87DB3D,IE00B4WXJD03,SPXJ,A2R_CANONICAL_SELECTION,True,2012-01-16,1.0,True,3,SEMANTICALLY_IDENTICAL_IMPLEMENTATION_TRANSITION,YES_SAME_A2R_ECONOMIC_FAMILY,CONTINUE,NO
2012-02-01,DEVELOPED_ASIA_PACIFIC,LIST-9F6D1E511A87DB3D,LIST-3D8F5FA30E80506F,IE00B4WXJD03,IPXJ,A2R_CANONICAL_SELECTION,True,2012-01-31,1.0,True,3,SEMANTICALLY_IDENTICAL_IMPLEMENTATION_TRANSITION,YES_SAME_A2R_ECONOMIC_FAMILY,CONTINUE,NO
2012-02-02,DEVELOPED_ASIA_PACIFIC,LIST-3D8F5FA30E80506F,LIST-9F6D1E511A87DB3D,IE00B4WXJD03,SPXJ,A2R_CANONICAL_SELECTION,True,2012-02-01,1.0,True,3,SEMANTICALLY_IDENTICAL_IMPLEMENTATION_TRANSITION,YES_SAME_A2R_ECONOMIC_FAMILY,CONTINUE,NO
2012-03-01,DEVELOPED_ASIA_PACIFIC,LIST-9F6D1E511A87DB3D,LIST-3D8F5FA30E80506F,IE00B4WXJD03,IPXJ,A2R_CANONICAL_SELECTION,True,2012-02-29,1.0,True,3,SEMANTICALLY_IDENTICAL_IMPLEMENTATION_TRANSITION,YES_SAME_A2R_ECONOMIC_FAMILY,CONTINUE,NO
2012-03-05,DEVELOPED_ASIA_PACIFIC,LIST-3D8F5FA30E80506F,LIST-9F6D1E511A87DB3D,IE00B4WXJD03,SPXJ,A2R_CANONICAL_SELECTION,True,2012-03-02,1.0,True,3,SEMANTICALLY_IDENTICAL_IMPLEMENTATION_TRANSITION,YES_SAME_A2R_ECONOMIC_FAMILY,CONTINUE,NO
2012-03-09,DEVELOPED_ASIA_PACIFIC,LIST-9F6D1E511A87DB3D,LIST-3D8F5FA30E80506F,IE00B4WXJD03,IPXJ,A2R_CANONICAL_SELECTION,True,2012-03-08,1.0,True,3,SEMANTICALLY_IDENTICAL_IMPLEMENTATION_TRANSITION,YES_SAME_A2R_ECONOMIC_FAMILY,CONTINUE,NO
2012-03-12,DEVELOPED_ASIA_PACIFIC,LIST-3D8F5FA30E80506F,LIST-9F6D1E511A87DB3D,IE00B4WXJD03,SPXJ,A2R_CANONICAL_SELECTION,True,2012-03-09,1.0,True,3,SEMANTICALLY_IDENTICAL_IMPLEMENTATION_TRANSITION,YES_SAME_A2R_ECONOMIC_FAMILY,CONTINUE,NO
2012-05-02,DEVELOPED_ASIA_PACIFIC,LIST-9F6D1E511A87DB3D,LIST-3D8F5FA30E80506F,IE00B4WXJD03,IPXJ,A2R_CANONICAL_SELECTION,True,2012-05-01,1.0,True,3,SEMANTICALLY_IDENTICAL_IMPLEMENTATION_TRANSITION,YES_SAME_A2R_ECONOMIC_FAMILY,CONTINUE,NO
2012-05-03,DEVELOPED_ASIA_PACIFIC,LIST-3D8F5FA30E80506F,LIST-9F6D1E511A87DB3D,IE00B4WXJD03,SPXJ,A2R_CANONICAL_SELECTION,True,2012-05-02,1.0,True,3,SEMANTICALLY_IDENTICAL_IMPLEMENTATION_TRANSITION,YES_SAME_A2R_ECONOMIC_FAMILY,CONTINUE,NO
2012-06-11,DEVELOPED_ASIA_PACIFIC,LIST-9F6D1E511A87DB3D,LIST-3D8F5FA30E80506F,IE00B4WXJD03,IPXJ,A2R_CANONICAL_SELECTION,True,2012-06-08,1.0,True,3,SEMANTICALLY_IDENTICAL_IMPLEMENTATION_TRANSITION,YES_SAME_A2R_ECONOMIC_FAMILY,CONTINUE,NO
2012-06-12,DEVELOPED_ASIA_PACIFIC,LIST-3D8F5FA30E80506F,LIST-9F6D1E511A87DB3D,IE00B4WXJD03,SPXJ,A2R_CANONICAL_SELECTION,True,2012-06-11,1.0,True,3,SEMANTICALLY_IDENTICAL_IMPLEMENTATION_TRANSITION,YES_SAME_A2R_ECONOMIC_FAMILY,CONTINUE,NO
2012-06-18,DEVELOPED_ASIA_PACIFIC,LIST-9F6D1E511A87DB3D,LIST-3D8F5FA30E80506F,IE00B4WXJD03,IPXJ,A2R_CANONICAL_SELECTION,True,2012-06-15,1.0,True,3,SEMANTICALLY_IDENTICAL_IMPLEMENTATION_TRANSITION,YES_SAME_A2R_ECONOMIC_FAMILY,CONTINUE,NO
2012-06-19,DEVELOPED_ASIA_PACIFIC,LIST-3D8F5FA30E80506F,LIST-9F6D1E511A87DB3D,IE00B4WXJD03,SPXJ,A2R_CANONICAL_SELECTION,True,2012-06-18,1.0,True,3,SEMANTICALLY_IDENTICAL_IMPLEMENTATION_TRANSITION,YES_SAME_A2R_ECONOMIC_FAMILY,CONTINUE,NO
2012-06-22,DEVELOPED_ASIA_PACIFIC,LIST-9F6D1E511A87DB3D,LIST-3D8F5FA30E80506F,IE00B4WXJD03,IPXJ,A2R_CANONICAL_SELECTION,True,2012-06-21,1.0,True,3,SEMANTICALLY_IDENTICAL_IMPLEMENTATION_TRANSITION,YES_SAME_A2R_ECONOMIC_FAMILY,CONTINUE,NO
2012-06-25,DEVELOPED_ASIA_PACIFIC,LIST-3D8F5FA30E80506F,LIST-9F6D1E511A87DB3D,IE00B4WXJD03,SPXJ,A2R_CANONICAL_SELECTION,True,2012-06-22,1.0,True,3,SEMANTICALLY_IDENTICAL_IMPLEMENTATION_TRANSITION,YES_SAME_A2R_ECONOMIC_FAMILY,CONTINUE,NO
2012-07-11,DEVELOPED_ASIA_PACIFIC,LIST-9F6D1E511A87DB3D,LIST-3D8F5FA30E80506F,IE00B4WXJD03,IPXJ,A2R_CANONICAL_SELECTION,True,2012-07-10,1.0,True,3,SEMANTICALLY_IDENTICAL_IMPLEMENTATION_TRANSITION,YES_SAME_A2R_ECONOMIC_FAMILY,CONTINUE,NO
2012-07-12,DEVELOPED_ASIA_PACIFIC,LIST-3D8F5FA30E80506F,LIST-9F6D1E511A87DB3D,IE00B4WXJD03,SPXJ,A2R_CANONICAL_SELECTION,True,2012-07-11,1.0,True,3,SEMANTICALLY_IDENTICAL_IMPLEMENTATION_TRANSITION,YES_SAME_A2R_ECONOMIC_FAMILY,CONTINUE,NO
2012-08-30,DEVELOPED_ASIA_PACIFIC,LIST-9F6D1E511A87DB3D,LIST-3D8F5FA30E80506F,IE00B4WXJD03,IPXJ,A2R_CANONICAL_SELECTION,True,2012-08-29,1.0,True,3,SEMANTICALLY_IDENTICAL_IMPLEMENTATION_TRANSITION,YES_SAME_A2R_ECONOMIC_FAMILY,CONTINUE,NO
2012-08-31,DEVELOPED_ASIA_PACIFIC,LIST-3D8F5FA30E80506F,LIST-9F6D1E511A87DB3D,IE00B4WXJD03,SPXJ,A2R_CANONICAL_SELECTION,True,2012-08-30,1.0,True,3,SEMANTICALLY_IDENTICAL_IMPLEMENTATION_TRANSITION,YES_SAME_A2R_ECONOMIC_FAMILY,CONTINUE,NO
2012-10-05,DEVELOPED_ASIA_PACIFIC,LIST-9F6D1E511A87DB3D,LIST-3D8F5FA30E80506F,IE00B4WXJD03,IPXJ,A2R_CANONICAL_SELECTION,True,2012-10-04,1.0,True,3,SEMANTICALLY_IDENTICAL_IMPLEMENTATION_TRANSITION,YES_SAME_A2R_ECONOMIC_FAMILY,CONTINUE,NO
2012-10-08,DEVELOPED_ASIA_PACIFIC,LIST-3D8F5FA30E80506F,LIST-9F6D1E511A87DB3D,IE00B4WXJD03,SPXJ,A2R_CANONICAL_SELECTION,True,2012-10-05,1.0,True,3,SEMANTICALLY_IDENTICAL_IMPLEMENTATION_TRANSITION,YES_SAME_A2R_ECONOMIC_FAMILY,CONTINUE,NO
2012-10-16,DEVELOPED_ASIA_PACIFIC,LIST-9F6D1E511A87DB3D,LIST-3D8F5FA30E80506F,IE00B4WXJD03,IPXJ,A2R_CANONICAL_SELECTION,True,2012-10-15,1.0,True,3,SEMANTICALLY_IDENTICAL_IMPLEMENTATION_TRANSITION,YES_SAME_A2R_ECONOMIC_FAMILY,CONTINUE,NO
2012-10-17,DEVELOPED_ASIA_PACIFIC,LIST-3D8F5FA30E80506F,LIST-9F6D1E511A87DB3D,IE00B4WXJD03,SPXJ,A2R_CANONICAL_SELECTION,True,2012-10-16,1.0,True,3,SEMANTICALLY_IDENTICAL_IMPLEMENTATION_TRANSITION,YES_SAME_A2R_ECONOMIC_FAMILY,CONTINUE,NO
2013-01-02,DEVELOPED_ASIA_PACIFIC,LIST-9F6D1E511A87DB3D,LIST-3D8F5FA30E80506F,IE00B4WXJD03,IPXJ,A2R_CANONICAL_SELECTION,True,2012-12-31,1.0,True,3,SEMANTICALLY_IDENTICAL_IMPLEMENTATION_TRANSITION,YES_SAME_A2R_ECONOMIC_FAMILY,CONTINUE,NO
2013-01-03,DEVELOPED_ASIA_PACIFIC,LIST-3D8F5FA30E80506F,LIST-9F6D1E511A87DB3D,IE00B4WXJD03,SPXJ,A2R_CANONICAL_SELECTION,True,2013-01-02,1.0,True,3,SEMANTICALLY_IDENTICAL_IMPLEMENTATION_TRANSITION,YES_SAME_A2R_ECONOMIC_FAMILY,CONTINUE,NO
2017-11-09,DEVELOPED_ASIA_PACIFIC,LIST-9F6D1E511A87DB3D,LIST-3D8F5FA30E80506F,IE00B4WXJD03,IPXJ,A2R_CANONICAL_SELECTION,True,2017-11-08,1.0,True,3,SEMANTICALLY_IDENTICAL_IMPLEMENTATION_TRANSITION,YES_SAME_A2R_ECONOMIC_FAMILY,CONTINUE,NO
2017-11-10,DEVELOPED_ASIA_PACIFIC,LIST-3D8F5FA30E80506F,LIST-9F6D1E511A87DB3D,IE00B4WXJD03,SPXJ,A2R_CANONICAL_SELECTION,True,2017-11-09,1.0,True,3,SEMANTICALLY_IDENTICAL_IMPLEMENTATION_TRANSITION,YES_SAME_A2R_ECONOMIC_FAMILY,CONTINUE,NO
2019-10-25,DEVELOPED_ASIA_PACIFIC,LIST-9F6D1E511A87DB3D,LIST-3D8F5FA30E80506F,IE00B4WXJD03,IPXJ,A2R_CANONICAL_SELECTION,True,2019-10-24,1.0,True,3,SEMANTICALLY_IDENTICAL_IMPLEMENTATION_TRANSITION,YES_SAME_A2R_ECONOMIC_FAMILY,CONTINUE,NO
2019-10-28,DEVELOPED_ASIA_PACIFIC,LIST-3D8F5FA30E80506F,LIST-9F6D1E511A87DB3D,IE00B4WXJD03,SPXJ,A2R_CANONICAL_SELECTION,True,2019-10-25,1.0,True,3,SEMANTICALLY_IDENTICAL_IMPLEMENTATION_TRANSITION,YES_SAME_A2R_ECONOMIC_FAMILY,CONTINUE,NO
2020-08-18,DEVELOPED_ASIA_PACIFIC,LIST-9F6D1E511A87DB3D,LIST-3D8F5FA30E80506F,IE00B4WXJD03,IPXJ,A2R_CANONICAL_SELECTION,True,2020-08-17,1.0,True,3,SEMANTICALLY_IDENTICAL_IMPLEMENTATION_TRANSITION,YES_SAME_A2R_ECONOMIC_FAMILY,CONTINUE,NO
2020-08-19,DEVELOPED_ASIA_PACIFIC,LIST-3D8F5FA30E80506F,LIST-9F6D1E511A87DB3D,IE00B4WXJD03,SPXJ,A2R_CANONICAL_SELECTION,True,2020-08-18,1.0,True,3,SEMANTICALLY_IDENTICAL_IMPLEMENTATION_TRANSITION,YES_SAME_A2R_ECONOMIC_FAMILY,CONTINUE,NO
2020-08-26,DEVELOPED_ASIA_PACIFIC,LIST-9F6D1E511A87DB3D,LIST-3D8F5FA30E80506F,IE00B4WXJD03,IPXJ,A2R_CANONICAL_SELECTION,True,2020-08-25,1.0,True,3,SEMANTICALLY_IDENTICAL_IMPLEMENTATION_TRANSITION,YES_SAME_A2R_ECONOMIC_FAMILY,CONTINUE,NO
2020-08-27,DEVELOPED_ASIA_PACIFIC,LIST-3D8F5FA30E80506F,LIST-9F6D1E511A87DB3D,IE00B4WXJD03,SPXJ,A2R_CANONICAL_SELECTION,True,2020-08-26,1.0,True,3,SEMANTICALLY_IDENTICAL_IMPLEMENTATION_TRANSITION,YES_SAME_A2R_ECONOMIC_FAMILY,CONTINUE,NO
2011-07-12,EMERGING_ASIA,LIST-ED099127540BA652,LIST-8449344A57B92044,IE00B5L8K969,CEMA,A2R_CANONICAL_SELECTION,False,,,False,7,PRICE_NOT_AVAILABLE,YES_SAME_A2R_ECONOMIC_FAMILY,RESET_OR_ENDPOINT_UNAVAILABLE,NO
2011-07-13,EMERGING_ASIA,LIST-8449344A57B92044,LIST-ED099127540BA652,IE00B5L8K969,CEA1,A2R_CANONICAL_SELECTION,False,,,False,7,PRICE_NOT_AVAILABLE,YES_SAME_A2R_ECONOMIC_FAMILY,RESET_OR_ENDPOINT_UNAVAILABLE,NO
2011-09-27,EMERGING_ASIA,LIST-8449344A57B92044,LIST-ED099127540BA652,IE00B5L8K969,CEA1,A2R_CANONICAL_SELECTION,False,,,False,8,PRICE_NOT_AVAILABLE,YES_SAME_A2R_ECONOMIC_FAMILY,RESET_OR_ENDPOINT_UNAVAILABLE,NO
2011-10-24,EMERGING_ASIA,LIST-ED099127540BA652,LIST-8449344A57B92044,IE00B5L8K969,CEMA,A2R_CANONICAL_SELECTION,False,,,False,8,PRICE_NOT_AVAILABLE,YES_SAME_A2R_ECONOMIC_FAMILY,RESET_OR_ENDPOINT_UNAVAILABLE,NO
2011-12-01,EMERGING_ASIA,LIST-8449344A57B92044,LIST-ED099127540BA652,IE00B5L8K969,CEA1,A2R_CANONICAL_SELECTION,True,2011-11-30,1.0,True,9,SEMANTICALLY_IDENTICAL_IMPLEMENTATION_TRANSITION,YES_SAME_A2R_ECONOMIC_FAMILY,CONTINUE,NO
2012-06-13,EMERGING_ASIA,LIST-ED099127540BA652,LIST-8449344A57B92044,IE00B5L8K969,CEMA,A2R_CANONICAL_SELECTION,True,2012-06-12,,True,12,CONTINUITY_SEGMENT_START_OR_RESET,YES_SAME_A2R_ECONOMIC_FAMILY,RESET_OR_ENDPOINT_UNAVAILABLE,NO
2012-06-14,EMERGING_ASIA,LIST-8449344A57B92044,LIST-ED099127540BA652,IE00B5L8K969,CEA1,A2R_CANONICAL_SELECTION,True,2012-06-13,1.0,True,12,SEMANTICALLY_IDENTICAL_IMPLEMENTATION_TRANSITION,YES_SAME_A2R_ECONOMIC_FAMILY,CONTINUE,NO
2012-07-03,EMERGING_ASIA,LIST-AA9382F9970D58E7,LIST-ED099127540BA652,IE00B5L8K969,CEA1,A2R_CANONICAL_SELECTION,False,,,False,12,PRICE_NOT_AVAILABLE,YES_SAME_A2R_ECONOMIC_FAMILY,RESET_OR_ENDPOINT_UNAVAILABLE,NO
2012-07-04,EMERGING_ASIA,LIST-ED099127540BA652,LIST-AA9382F9970D58E7,IE00B466KX20,EMAD,A2R_CANONICAL_SELECTION,False,,,False,12,PRICE_NOT_AVAILABLE,YES_SAME_A2R_ECONOMIC_FAMILY,RESET_OR_ENDPOINT_UNAVAILABLE,NO
2012-08-16,EMERGING_ASIA,LIST-ED099127540BA652,LIST-AA9382F9970D58E7,IE00B466KX20,EMAD,A2R_CANONICAL_SELECTION,False,,,False,13,PRICE_NOT_AVAILABLE,YES_SAME_A2R_ECONOMIC_FAMILY,RESET_OR_ENDPOINT_UNAVAILABLE,NO
2012-08-31,EMERGING_ASIA,LIST-8449344A57B92044,LIST-AA9382F9970D58E7,IE00B466KX20,EMAD,A2R_CANONICAL_SELECTION,False,,,False,14,PRICE_NOT_AVAILABLE,YES_SAME_A2R_ECONOMIC_FAMILY,RESET_OR_ENDPOINT_UNAVAILABLE,NO
2012-09-03,EMERGING_ASIA,LIST-AA9382F9970D58E7,LIST-ED099127540BA652,IE00B5L8K969,CEA1,A2R_CANONICAL_SELECTION,False,,,False,14,PRICE_NOT_AVAILABLE,YES_SAME_A2R_ECONOMIC_FAMILY,RESET_OR_ENDPOINT_UNAVAILABLE,NO
2012-09-10,EMERGING_ASIA,LIST-AA9382F9970D58E7,LIST-8449344A57B92044,IE00B5L8K969,CEMA,A2R_CANONICAL_SELECTION,False,,,False,15,PRICE_NOT_AVAILABLE,YES_SAME_A2R_ECONOMIC_FAMILY,RESET_OR_ENDPOINT_UNAVAILABLE,NO
2012-10-31,EMERGING_ASIA,LIST-AA9382F9970D58E7,LIST-0B1D5F07A1AC7194,LU1681044563,AASU,A2R_CANONICAL_SELECTION,False,,,False,17,PRICE_NOT_AVAILABLE,YES_SAME_A2R_ECONOMIC_FAMILY,RESET_OR_ENDPOINT_UNAVAILABLE,NO
2012-11-05,EMERGING_ASIA,LIST-0B1D5F07A1AC7194,LIST-ED099127540BA652,IE00B5L8K969,CEA1,A2R_CANONICAL_SELECTION,False,,,False,18,PRICE_NOT_AVAILABLE,YES_SAME_A2R_ECONOMIC_FAMILY,RESET_OR_ENDPOINT_UNAVAILABLE,NO
2012-11-06,EMERGING_ASIA,LIST-ED099127540BA652,LIST-8449344A57B92044,IE00B5L8K969,CEMA,A2R_CANONICAL_SELECTION,False,,,False,18,PRICE_NOT_AVAILABLE,YES_SAME_A2R_ECONOMIC_FAMILY,RESET_OR_ENDPOINT_UNAVAILABLE,NO
2012-11-20,EMERGING_ASIA,A2HISTLIST-038BEFD4410DE91F,LIST-0B1D5F07A1AC7194,LU1681044563,AASU,A2R_CANONICAL_SELECTION,True,2012-11-19,,False,19,CONTINUITY_SEGMENT_START_OR_RESET,YES_SAME_A2R_ECONOMIC_FAMILY,RESET_OR_ENDPOINT_UNAVAILABLE,NO
2012-11-21,EMERGING_ASIA,LIST-0B1D5F07A1AC7194,A2HISTLIST-038BEFD4410DE91F,IE00B466KX20,EMAS,A2R_CANONICAL_SELECTION,False,,,False,19,PRICE_NOT_AVAILABLE,YES_SAME_A2R_ECONOMIC_FAMILY,RESET_OR_ENDPOINT_UNAVAILABLE,NO
2012-11-22,EMERGING_ASIA,A2HISTLIST-038BEFD4410DE91F,LIST-AA9382F9970D58E7,IE00B466KX20,EMAD,A2R_CANONICAL_SELECTION,False,,,False,19,PRICE_NOT_AVAILABLE,YES_SAME_A2R_ECONOMIC_FAMILY,RESET_OR_ENDPOINT_UNAVAILABLE,NO
2012-12-03,EMERGING_ASIA,LIST-8449344A57B92044,LIST-AA9382F9970D58E7,IE00B466KX20,EMAD,A2R_CANONICAL_SELECTION,True,2012-11-30,,True,20,CONTINUITY_SEGMENT_START_OR_RESET,YES_SAME_A2R_ECONOMIC_FAMILY,RESET_OR_ENDPOINT_UNAVAILABLE,NO
2012-12-05,EMERGING_ASIA,LIST-AA9382F9970D58E7,LIST-0B1D5F07A1AC7194,LU1681044563,AASU,A2R_CANONICAL_SELECTION,False,,,False,20,PRICE_NOT_AVAILABLE,YES_SAME_A2R_ECONOMIC_FAMILY,RESET_OR_ENDPOINT_UNAVAILABLE,NO
2012-12-10,EMERGING_ASIA,LIST-ED099127540BA652,LIST-0B1D5F07A1AC7194,LU1681044563,AASU,A2R_CANONICAL_SELECTION,False,,,False,20,PRICE_NOT_AVAILABLE,YES_SAME_A2R_ECONOMIC_FAMILY,RESET_OR_ENDPOINT_UNAVAILABLE,NO
2012-12-11,EMERGING_ASIA,LIST-0B1D5F07A1AC7194,LIST-AA9382F9970D58E7,IE00B466KX20,EMAD,A2R_CANONICAL_SELECTION,False,,,False,20,PRICE_NOT_AVAILABLE,YES_SAME_A2R_ECONOMIC_FAMILY,RESET_OR_ENDPOINT_UNAVAILABLE,NO
2012-12-20,EMERGING_ASIA,LIST-8449344A57B92044,LIST-0B1D5F07A1AC7194,LU1681044563,AASU,A2R_CANONICAL_SELECTION,True,2012-12-19,,True,21,CONTINUITY_SEGMENT_START_OR_RESET,YES_SAME_A2R_ECONOMIC_FAMILY,RESET_OR_ENDPOINT_UNAVAILABLE,NO
2012-12-21,EMERGING_ASIA,LIST-0B1D5F07A1AC7194,LIST-AA9382F9970D58E7,IE00B466KX20,EMAD,A2R_CANONICAL_SELECTION,False,,,False,21,PRICE_NOT_AVAILABLE,YES_SAME_A2R_ECONOMIC_FAMILY,RESET_OR_ENDPOINT_UNAVAILABLE,NO
2012-12-24,EMERGING_ASIA,LIST-AA9382F9970D58E7,LIST-0B1D5F07A1AC7194,LU1681044563,AASU,A2R_CANONICAL_SELECTION,False,,,False,21,PRICE_NOT_AVAILABLE,YES_SAME_A2R_ECONOMIC_FAMILY,RESET_OR_ENDPOINT_UNAVAILABLE,NO
2012-12-31,EMERGING_ASIA,A2HISTLIST-038BEFD4410DE91F,LIST-AA9382F9970D58E7,IE00B466KX20,EMAD,A2R_CANONICAL_SELECTION,False,,,False,21,PRICE_NOT_AVAILABLE,YES_SAME_A2R_ECONOMIC_FAMILY,RESET_OR_ENDPOINT_UNAVAILABLE,NO
2013-01-02,EMERGING_ASIA,LIST-AA9382F9970D58E7,LIST-0B1D5F07A1AC7194,LU1681044563,AASU,A2R_CANONICAL_SELECTION,False,,,False,21,PRICE_NOT_AVAILABLE,YES_SAME_A2R_ECONOMIC_FAMILY,RESET_OR_ENDPOINT_UNAVAILABLE,NO
2013-01-23,EMERGING_ASIA,LIST-ED099127540BA652,LIST-AA9382F9970D58E7,IE00B466KX20,EMAD,A2R_CANONICAL_SELECTION,True,2013-01-22,,True,22,CONTINUITY_SEGMENT_START_OR_RESET,YES_SAME_A2R_ECONOMIC_FAMILY,RESET_OR_ENDPOINT_UNAVAILABLE,NO
2013-01-24,EMERGING_ASIA,LIST-AA9382F9970D58E7,A2HISTLIST-038BEFD4410DE91F,IE00B466KX20,EMAS,A2R_CANONICAL_SELECTION,False,,,False,22,PRICE_NOT_AVAILABLE,YES_SAME_A2R_ECONOMIC_FAMILY,RESET_OR_ENDPOINT_UNAVAILABLE,NO
2013-01-25,EMERGING_ASIA,A2HISTLIST-038BEFD4410DE91F,LIST-8449344A57B92044,IE00B5L8K969,CEMA,A2R_CANONICAL_SELECTION,True,2013-01-24,1.0,True,22,SEMANTICALLY_IDENTICAL_IMPLEMENTATION_TRANSITION,YES_SAME_A2R_ECONOMIC_FAMILY,CONTINUE,NO
2013-01-29,EMERGING_ASIA,LIST-8449344A57B92044,LIST-AA9382F9970D58E7,IE00B466KX20,EMAD,A2R_CANONICAL_SELECTION,True,2013-01-28,1.0,True,22,SEMANTICALLY_IDENTICAL_IMPLEMENTATION_TRANSITION,YES_SAME_A2R_ECONOMIC_FAMILY,CONTINUE,NO
2013-02-25,EMERGING_ASIA,A2HISTLIST-038BEFD4410DE91F,LIST-AA9382F9970D58E7,IE00B466KX20,EMAD,A2R_CANONICAL_SELECTION,False,,,False,23,PRICE_NOT_AVAILABLE,YES_SAME_A2R_ECONOMIC_FAMILY,RESET_OR_ENDPOINT_UNAVAILABLE,NO
2013-03-20,EMERGING_ASIA,A2HISTLIST-038BEFD4410DE91F,LIST-AA9382F9970D58E7,IE00B466KX20,EMAD,A2R_CANONICAL_SELECTION,False,,,False,25,PRICE_NOT_AVAILABLE,YES_SAME_A2R_ECONOMIC_FAMILY,RESET_OR_ENDPOINT_UNAVAILABLE,NO
2013-04-09,EMERGING_ASIA,A2HISTLIST-038BEFD4410DE91F,LIST-AA9382F9970D58E7,IE00B466KX20,EMAD,A2R_CANONICAL_SELECTION,False,,,False,26,PRICE_NOT_AVAILABLE,YES_SAME_A2R_ECONOMIC_FAMILY,RESET_OR_ENDPOINT_UNAVAILABLE,NO
2013-04-22,EMERGING_ASIA,A2HISTLIST-038BEFD4410DE91F,LIST-AA9382F9970D58E7,IE00B466KX20,EMAD,A2R_CANONICAL_SELECTION,False,,,False,26,PRICE_NOT_AVAILABLE,YES_SAME_A2R_ECONOMIC_FAMILY,RESET_OR_ENDPOINT_UNAVAILABLE,NO
2013-05-02,EMERGING_ASIA,LIST-AA9382F9970D58E7,LIST-0B1D5F07A1AC7194,LU1681044563,AASU,A2R_CANONICAL_SELECTION,True,2013-05-01,,True,27,CONTINUITY_SEGMENT_START_OR_RESET,YES_SAME_A2R_ECONOMIC_FAMILY,RESET_OR_ENDPOINT_UNAVAILABLE,NO
2013-05-03,EMERGING_ASIA,LIST-0B1D5F07A1AC7194,LIST-ED099127540BA652,IE00B5L8K969,CEA1,A2R_CANONICAL_SELECTION,False,,,False,27,PRICE_NOT_AVAILABLE,YES_SAME_A2R_ECONOMIC_FAMILY,RESET_OR_ENDPOINT_UNAVAILABLE,NO
2017-09-15,EMERGING_ASIA,LIST-ED099127540BA652,LIST-39EC7752F7A5AC09,LU1681044563,AASG,A2R_CANONICAL_SELECTION,True,2017-09-14,1.0,True,28,SEMANTICALLY_IDENTICAL_IMPLEMENTATION_TRANSITION,YES_SAME_A2R_ECONOMIC_FAMILY,CONTINUE,NO
2017-09-18,EMERGING_ASIA,LIST-39EC7752F7A5AC09,LIST-ED099127540BA652,IE00B5L8K969,CEA1,A2R_CANONICAL_SELECTION,True,2017-09-15,1.0,True,28,SEMANTICALLY_IDENTICAL_IMPLEMENTATION_TRANSITION,YES_SAME_A2R_ECONOMIC_FAMILY,CONTINUE,NO
2019-10-25,EMERGING_ASIA,LIST-ED099127540BA652,A2HISTLIST-038BEFD4410DE91F,IE00B466KX20,EMAS,A2R_CANONICAL_SELECTION,True,2019-10-24,1.0,True,28,SEMANTICALLY_IDENTICAL_IMPLEMENTATION_TRANSITION,YES_SAME_A2R_ECONOMIC_FAMILY,CONTINUE,NO
2019-10-28,EMERGING_ASIA,A2HISTLIST-038BEFD4410DE91F,LIST-ED099127540BA652,IE00B5L8K969,CEA1,A2R_CANONICAL_SELECTION,True,2019-10-25,1.0,True,28,SEMANTICALLY_IDENTICAL_IMPLEMENTATION_TRANSITION,YES_SAME_A2R_ECONOMIC_FAMILY,CONTINUE,NO
2012-06-27,EMERGING_MARKETS,LIST-FC485117A7A5C834,LIST-533F00DC25FB8602,IE00B3VVMM84,VDEM,A2R_CANONICAL_SELECTION,False,,,False,2,PRICE_NOT_AVAILABLE,YES_SAME_A2R_ECONOMIC_FAMILY,RESET_OR_ENDPOINT_UNAVAILABLE,NO
2012-07-25,EMERGING_MARKETS,LIST-FC485117A7A5C834,LIST-533F00DC25FB8602,IE00B3VVMM84,VDEM,A2R_CANONICAL_SELECTION,False,,,False,3,PRICE_NOT_AVAILABLE,YES_SAME_A2R_ECONOMIC_FAMILY,RESET_OR_ENDPOINT_UNAVAILABLE,NO
2012-07-26,EMERGING_MARKETS,LIST-533F00DC25FB8602,LIST-FC485117A7A5C834,IE00B3VVMM84,VFEM,A2R_CANONICAL_SELECTION,False,,,False,3,PRICE_NOT_AVAILABLE,YES_SAME_A2R_ECONOMIC_FAMILY,RESET_OR_ENDPOINT_UNAVAILABLE,NO
2012-12-10,EMERGING_MARKETS,LIST-FC485117A7A5C834,LIST-3BFD23CDBB957B4F,LU0480132876,UB32,A2R_CANONICAL_SELECTION,False,,,False,4,PRICE_NOT_AVAILABLE,YES_SAME_A2R_ECONOMIC_FAMILY,RESET_OR_ENDPOINT_UNAVAILABLE,NO
2012-12-11,EMERGING_MARKETS,LIST-3BFD23CDBB957B4F,LIST-FC485117A7A5C834,IE00B3VVMM84,VFEM,A2R_CANONICAL_SELECTION,True,2012-12-10,1.0,False,4,EXACT_PREVIOUS_XLON_SESSION_ENDPOINT,YES_SAME_A2R_ECONOMIC_FAMILY,RESET_OR_ENDPOINT_UNAVAILABLE,NO
2025-03-17,EUROPE_AEROSPACE_DEFENCE,LIST-DA739AA459DF0F6B,LIST-9A80649115DC177F,IE0002Y8CX98,WDEP,A2R_CANONICAL_SELECTION,True,2025-03-14,1.0,True,117,SEMANTICALLY_IDENTICAL_IMPLEMENTATION_TRANSITION,YES_SAME_A2R_ECONOMIC_FAMILY,CONTINUE,NO
2025-05-06,EUROPE_AEROSPACE_DEFENCE,LIST-9A80649115DC177F,LIST-DA739AA459DF0F6B,IE0002Y8CX98,WDEF,A2R_CANONICAL_SELECTION,True,2025-05-02,1.0,True,117,SEMANTICALLY_IDENTICAL_IMPLEMENTATION_TRANSITION,YES_SAME_A2R_ECONOMIC_FAMILY,CONTINUE,NO
2025-05-07,EUROPE_AEROSPACE_DEFENCE,LIST-DA739AA459DF0F6B,LIST-9A80649115DC177F,IE0002Y8CX98,WDEP,A2R_CANONICAL_SELECTION,True,2025-05-06,1.0,True,117,SEMANTICALLY_IDENTICAL_IMPLEMENTATION_TRANSITION,YES_SAME_A2R_ECONOMIC_FAMILY,CONTINUE,NO
2025-05-27,EUROPE_AEROSPACE_DEFENCE,LIST-9A80649115DC177F,LIST-DA739AA459DF0F6B,IE0002Y8CX98,WDEF,A2R_CANONICAL_SELECTION,True,2025-05-23,1.0,True,117,SEMANTICALLY_IDENTICAL_IMPLEMENTATION_TRANSITION,YES_SAME_A2R_ECONOMIC_FAMILY,CONTINUE,NO
2025-05-28,EUROPE_AEROSPACE_DEFENCE,LIST-DA739AA459DF0F6B,LIST-9A80649115DC177F,IE0002Y8CX98,WDEP,A2R_CANONICAL_SELECTION,True,2025-05-27,1.0,True,117,SEMANTICALLY_IDENTICAL_IMPLEMENTATION_TRANSITION,YES_SAME_A2R_ECONOMIC_FAMILY,CONTINUE,NO
2025-08-26,EUROPE_AEROSPACE_DEFENCE,LIST-9A80649115DC177F,LIST-DA739AA459DF0F6B,IE0002Y8CX98,WDEF,A2R_CANONICAL_SELECTION,True,2025-08-22,1.0,True,117,SEMANTICALLY_IDENTICAL_IMPLEMENTATION_TRANSITION,YES_SAME_A2R_ECONOMIC_FAMILY,CONTINUE,NO
2025-08-27,EUROPE_AEROSPACE_DEFENCE,LIST-DA739AA459DF0F6B,LIST-9A80649115DC177F,IE0002Y8CX98,WDEP,A2R_CANONICAL_SELECTION,True,2025-08-26,1.0,True,117,SEMANTICALLY_IDENTICAL_IMPLEMENTATION_TRANSITION,YES_SAME_A2R_ECONOMIC_FAMILY,CONTINUE,NO
2026-05-05,EUROPE_AEROSPACE_DEFENCE,LIST-9A80649115DC177F,LIST-DA739AA459DF0F6B,IE0002Y8CX98,WDEF,A2R_CANONICAL_SELECTION,True,2026-05-01,1.0,True,117,SEMANTICALLY_IDENTICAL_IMPLEMENTATION_TRANSITION,YES_SAME_A2R_ECONOMIC_FAMILY,CONTINUE,NO
2026-05-06,EUROPE_AEROSPACE_DEFENCE,LIST-DA739AA459DF0F6B,LIST-9A80649115DC177F,IE0002Y8CX98,WDEP,A2R_CANONICAL_SELECTION,True,2026-05-05,1.0,True,117,SEMANTICALLY_IDENTICAL_IMPLEMENTATION_TRANSITION,YES_SAME_A2R_ECONOMIC_FAMILY,CONTINUE,NO
2026-05-26,EUROPE_AEROSPACE_DEFENCE,LIST-9A80649115DC177F,LIST-DA739AA459DF0F6B,IE0002Y8CX98,WDEF,A2R_CANONICAL_SELECTION,True,2026-05-22,1.0,True,117,SEMANTICALLY_IDENTICAL_IMPLEMENTATION_TRANSITION,YES_SAME_A2R_ECONOMIC_FAMILY,CONTINUE,NO
2026-05-27,EUROPE_AEROSPACE_DEFENCE,LIST-DA739AA459DF0F6B,LIST-9A80649115DC177F,IE0002Y8CX98,WDEP,A2R_CANONICAL_SELECTION,True,2026-05-26,1.0,True,117,SEMANTICALLY_IDENTICAL_IMPLEMENTATION_TRANSITION,YES_SAME_A2R_ECONOMIC_FAMILY,CONTINUE,NO
2020-08-06,EUROPE_BANKS,LIST-1E0E76458C390561,LIST-EEC2A0F2E8721E35,LU1829219390,BNKE,A2R_CANONICAL_SELECTION,True,2020-08-05,1.0,True,1,SEMANTICALLY_IDENTICAL_IMPLEMENTATION_TRANSITION,YES_SAME_A2R_ECONOMIC_FAMILY,CONTINUE,NO
2020-08-07,EUROPE_BANKS,LIST-EEC2A0F2E8721E35,LIST-1E0E76458C390561,IE00B3Q19T94,S7XP,A2R_CANONICAL_SELECTION,True,2020-08-06,1.0,True,1,SEMANTICALLY_IDENTICAL_IMPLEMENTATION_TRANSITION,YES_SAME_A2R_ECONOMIC_FAMILY,CONTINUE,NO
2022-12-28,EUROPE_BANKS,LIST-1E0E76458C390561,LIST-EEC2A0F2E8721E35,LU1829219390,BNKE,A2R_CANONICAL_SELECTION,True,2022-12-23,1.0,True,1,SEMANTICALLY_IDENTICAL_IMPLEMENTATION_TRANSITION,YES_SAME_A2R_ECONOMIC_FAMILY,CONTINUE,NO
2022-12-29,EUROPE_BANKS,LIST-EEC2A0F2E8721E35,LIST-1E0E76458C390561,IE00B3Q19T94,S7XP,A2R_CANONICAL_SELECTION,True,2022-12-28,1.0,True,1,SEMANTICALLY_IDENTICAL_IMPLEMENTATION_TRANSITION,YES_SAME_A2R_ECONOMIC_FAMILY,CONTINUE,NO
2023-08-29,EUROPE_BANKS,LIST-1E0E76458C390561,LIST-EEC2A0F2E8721E35,LU1829219390,BNKE,A2R_CANONICAL_SELECTION,True,2023-08-25,1.0,True,1,SEMANTICALLY_IDENTICAL_IMPLEMENTATION_TRANSITION,YES_SAME_A2R_ECONOMIC_FAMILY,CONTINUE,NO
2023-08-30,EUROPE_BANKS,LIST-EEC2A0F2E8721E35,LIST-1E0E76458C390561,IE00B3Q19T94,S7XP,A2R_CANONICAL_SELECTION,True,2023-08-29,1.0,True,1,SEMANTICALLY_IDENTICAL_IMPLEMENTATION_TRANSITION,YES_SAME_A2R_ECONOMIC_FAMILY,CONTINUE,NO
2013-05-20,EUROPE_BROAD,LIST-8334EBFC5AEEA116,LIST-1CF5210AB6DDED31,LU0446734104,UB12,A2R_CANONICAL_SELECTION,True,2013-05-17,1.0,True,51,SEMANTICALLY_IDENTICAL_IMPLEMENTATION_TRANSITION,YES_SAME_A2R_ECONOMIC_FAMILY,CONTINUE,NO
2013-05-22,EUROPE_BROAD,LIST-1CF5210AB6DDED31,LIST-8334EBFC5AEEA116,IE00B4K48X80,SMEA,A2R_CANONICAL_SELECTION,True,2013-05-21,1.0,True,51,SEMANTICALLY_IDENTICAL_IMPLEMENTATION_TRANSITION,YES_SAME_A2R_ECONOMIC_FAMILY,CONTINUE,NO
2013-05-30,EUROPE_BROAD,LIST-8334EBFC5AEEA116,LIST-1CF5210AB6DDED31,LU0446734104,UB12,A2R_CANONICAL_SELECTION,True,2013-05-29,1.0,True,51,SEMANTICALLY_IDENTICAL_IMPLEMENTATION_TRANSITION,YES_SAME_A2R_ECONOMIC_FAMILY,CONTINUE,NO
2013-06-04,EUROPE_BROAD,LIST-1CF5210AB6DDED31,LIST-8334EBFC5AEEA116,IE00B4K48X80,SMEA,A2R_CANONICAL_SELECTION,False,,,False,51,PRICE_NOT_AVAILABLE,YES_SAME_A2R_ECONOMIC_FAMILY,RESET_OR_ENDPOINT_UNAVAILABLE,NO
2013-06-05,EUROPE_BROAD,LIST-8334EBFC5AEEA116,LIST-1CF5210AB6DDED31,LU0446734104,UB12,A2R_CANONICAL_SELECTION,True,2013-06-04,1.0,False,51,EXACT_PREVIOUS_XLON_SESSION_ENDPOINT,YES_SAME_A2R_ECONOMIC_FAMILY,RESET_OR_ENDPOINT_UNAVAILABLE,NO
2013-06-06,EUROPE_BROAD,LIST-1CF5210AB6DDED31,LIST-8334EBFC5AEEA116,IE00B4K48X80,SMEA,A2R_CANONICAL_SELECTION,True,2013-06-05,1.0,True,51,SEMANTICALLY_IDENTICAL_IMPLEMENTATION_TRANSITION,YES_SAME_A2R_ECONOMIC_FAMILY,CONTINUE,NO
2013-06-12,EUROPE_BROAD,LIST-8334EBFC5AEEA116,LIST-1CF5210AB6DDED31,LU0446734104,UB12,A2R_CANONICAL_SELECTION,True,2013-06-11,1.0,True,51,SEMANTICALLY_IDENTICAL_IMPLEMENTATION_TRANSITION,YES_SAME_A2R_ECONOMIC_FAMILY,CONTINUE,NO
2013-06-18,EUROPE_BROAD,LIST-1CF5210AB6DDED31,LIST-8334EBFC5AEEA116,IE00B4K48X80,SMEA,A2R_CANONICAL_SELECTION,False,,,False,51,PRICE_NOT_AVAILABLE,YES_SAME_A2R_ECONOMIC_FAMILY,RESET_OR_ENDPOINT_UNAVAILABLE,NO
2013-06-19,EUROPE_BROAD,LIST-8334EBFC5AEEA116,LIST-1CF5210AB6DDED31,LU0446734104,UB12,A2R_CANONICAL_SELECTION,True,2013-06-18,1.0,False,51,EXACT_PREVIOUS_XLON_SESSION_ENDPOINT,YES_SAME_A2R_ECONOMIC_FAMILY,RESET_OR_ENDPOINT_UNAVAILABLE,NO
2013-06-24,EUROPE_BROAD,LIST-1CF5210AB6DDED31,LIST-8334EBFC5AEEA116,IE00B4K48X80,SMEA,A2R_CANONICAL_SELECTION,True,2013-06-21,1.0,True,51,SEMANTICALLY_IDENTICAL_IMPLEMENTATION_TRANSITION,YES_SAME_A2R_ECONOMIC_FAMILY,CONTINUE,NO
2013-06-27,EUROPE_BROAD,LIST-8334EBFC5AEEA116,LIST-1CF5210AB6DDED31,LU0446734104,UB12,A2R_CANONICAL_SELECTION,True,2013-06-26,1.0,True,51,SEMANTICALLY_IDENTICAL_IMPLEMENTATION_TRANSITION,YES_SAME_A2R_ECONOMIC_FAMILY,CONTINUE,NO
2013-07-01,EUROPE_BROAD,LIST-1CF5210AB6DDED31,LIST-8334EBFC5AEEA116,IE00B4K48X80,SMEA,A2R_CANONICAL_SELECTION,True,2013-06-28,1.0,True,51,SEMANTICALLY_IDENTICAL_IMPLEMENTATION_TRANSITION,YES_SAME_A2R_ECONOMIC_FAMILY,CONTINUE,NO
2013-07-03,EUROPE_BROAD,LIST-8334EBFC5AEEA116,LIST-1CF5210AB6DDED31,LU0446734104,UB12,A2R_CANONICAL_SELECTION,True,2013-07-02,1.0,True,51,SEMANTICALLY_IDENTICAL_IMPLEMENTATION_TRANSITION,YES_SAME_A2R_ECONOMIC_FAMILY,CONTINUE,NO
2013-07-04,EUROPE_BROAD,LIST-1CF5210AB6DDED31,LIST-8334EBFC5AEEA116,IE00B4K48X80,SMEA,A2R_CANONICAL_SELECTION,False,,,False,51,PRICE_NOT_AVAILABLE,YES_SAME_A2R_ECONOMIC_FAMILY,RESET_OR_ENDPOINT_UNAVAILABLE,NO
2013-07-05,EUROPE_BROAD,LIST-8334EBFC5AEEA116,LIST-1CF5210AB6DDED31,LU0446734104,UB12,A2R_CANONICAL_SELECTION,True,2013-07-04,1.0,False,51,EXACT_PREVIOUS_XLON_SESSION_ENDPOINT,YES_SAME_A2R_ECONOMIC_FAMILY,RESET_OR_ENDPOINT_UNAVAILABLE,NO
2013-07-08,EUROPE_BROAD,LIST-1CF5210AB6DDED31,LIST-8334EBFC5AEEA116,IE00B4K48X80,SMEA,A2R_CANONICAL_SELECTION,False,,,False,51,PRICE_NOT_AVAILABLE,YES_SAME_A2R_ECONOMIC_FAMILY,RESET_OR_ENDPOINT_UNAVAILABLE,NO
2013-07-09,EUROPE_BROAD,LIST-8334EBFC5AEEA116,LIST-1CF5210AB6DDED31,LU0446734104,UB12,A2R_CANONICAL_SELECTION,True,2013-07-08,1.0,False,51,EXACT_PREVIOUS_XLON_SESSION_ENDPOINT,YES_SAME_A2R_ECONOMIC_FAMILY,RESET_OR_ENDPOINT_UNAVAILABLE,NO
2013-07-10,EUROPE_BROAD,LIST-1CF5210AB6DDED31,LIST-8334EBFC5AEEA116,IE00B4K48X80,SMEA,A2R_CANONICAL_SELECTION,True,2013-07-09,1.0,True,51,SEMANTICALLY_IDENTICAL_IMPLEMENTATION_TRANSITION,YES_SAME_A2R_ECONOMIC_FAMILY,CONTINUE,NO
2013-07-16,EUROPE_BROAD,LIST-8334EBFC5AEEA116,LIST-1CF5210AB6DDED31,LU0446734104,UB12,A2R_CANONICAL_SELECTION,True,2013-07-15,1.0,True,51,SEMANTICALLY_IDENTICAL_IMPLEMENTATION_TRANSITION,YES_SAME_A2R_ECONOMIC_FAMILY,CONTINUE,NO
2013-07-18,EUROPE_BROAD,LIST-1CF5210AB6DDED31,LIST-8334EBFC5AEEA116,IE00B4K48X80,SMEA,A2R_CANONICAL_SELECTION,False,,,False,51,PRICE_NOT_AVAILABLE,YES_SAME_A2R_ECONOMIC_FAMILY,RESET_OR_ENDPOINT_UNAVAILABLE,NO
2013-07-19,EUROPE_BROAD,LIST-8334EBFC5AEEA116,LIST-1CF5210AB6DDED31,LU0446734104,UB12,A2R_CANONICAL_SELECTION,True,2013-07-18,1.0,False,51,EXACT_PREVIOUS_XLON_SESSION_ENDPOINT,YES_SAME_A2R_ECONOMIC_FAMILY,RESET_OR_ENDPOINT_UNAVAILABLE,NO
2013-07-24,EUROPE_BROAD,LIST-1CF5210AB6DDED31,LIST-8334EBFC5AEEA116,IE00B4K48X80,SMEA,A2R_CANONICAL_SELECTION,False,,,False,51,PRICE_NOT_AVAILABLE,YES_SAME_A2R_ECONOMIC_FAMILY,RESET_OR_ENDPOINT_UNAVAILABLE,NO
2013-07-25,EUROPE_BROAD,LIST-8334EBFC5AEEA116,LIST-1CF5210AB6DDED31,LU0446734104,UB12,A2R_CANONICAL_SELECTION,True,2013-07-24,1.0,False,51,EXACT_PREVIOUS_XLON_SESSION_ENDPOINT,YES_SAME_A2R_ECONOMIC_FAMILY,RESET_OR_ENDPOINT_UNAVAILABLE,NO
2013-07-29,EUROPE_BROAD,LIST-1CF5210AB6DDED31,LIST-8334EBFC5AEEA116,IE00B4K48X80,SMEA,A2R_CANONICAL_SELECTION,False,,,False,51,PRICE_NOT_AVAILABLE,YES_SAME_A2R_ECONOMIC_FAMILY,RESET_OR_ENDPOINT_UNAVAILABLE,NO
2013-07-30,EUROPE_BROAD,LIST-8334EBFC5AEEA116,LIST-1CF5210AB6DDED31,LU0446734104,UB12,A2R_CANONICAL_SELECTION,True,2013-07-29,1.0,False,51,EXACT_PREVIOUS_XLON_SESSION_ENDPOINT,YES_SAME_A2R_ECONOMIC_FAMILY,RESET_OR_ENDPOINT_UNAVAILABLE,NO
2013-07-31,EUROPE_BROAD,LIST-1CF5210AB6DDED31,LIST-8334EBFC5AEEA116,IE00B4K48X80,SMEA,A2R_CANONICAL_SELECTION,True,2013-07-30,1.0,True,51,SEMANTICALLY_IDENTICAL_IMPLEMENTATION_TRANSITION,YES_SAME_A2R_ECONOMIC_FAMILY,CONTINUE,NO
2013-08-02,EUROPE_BROAD,LIST-8334EBFC5AEEA116,LIST-1CF5210AB6DDED31,LU0446734104,UB12,A2R_CANONICAL_SELECTION,True,2013-08-01,1.0,True,51,SEMANTICALLY_IDENTICAL_IMPLEMENTATION_TRANSITION,YES_SAME_A2R_ECONOMIC_FAMILY,CONTINUE,NO
2013-08-05,EUROPE_BROAD,LIST-1CF5210AB6DDED31,LIST-8334EBFC5AEEA116,IE00B4K48X80,SMEA,A2R_CANONICAL_SELECTION,False,,,False,51,PRICE_NOT_AVAILABLE,YES_SAME_A2R_ECONOMIC_FAMILY,RESET_OR_ENDPOINT_UNAVAILABLE,NO
2013-08-06,EUROPE_BROAD,LIST-8334EBFC5AEEA116,LIST-1CF5210AB6DDED31,LU0446734104,UB12,A2R_CANONICAL_SELECTION,True,2013-08-05,1.0,False,51,EXACT_PREVIOUS_XLON_SESSION_ENDPOINT,YES_SAME_A2R_ECONOMIC_FAMILY,RESET_OR_ENDPOINT_UNAVAILABLE,NO
2013-08-09,EUROPE_BROAD,LIST-1CF5210AB6DDED31,LIST-8334EBFC5AEEA116,IE00B4K48X80,SMEA,A2R_CANONICAL_SELECTION,False,,,False,51,PRICE_NOT_AVAILABLE,YES_SAME_A2R_ECONOMIC_FAMILY,RESET_OR_ENDPOINT_UNAVAILABLE,NO
2013-08-12,EUROPE_BROAD,LIST-8334EBFC5AEEA116,LIST-1CF5210AB6DDED31,LU0446734104,UB12,A2R_CANONICAL_SELECTION,True,2013-08-09,1.0,False,51,EXACT_PREVIOUS_XLON_SESSION_ENDPOINT,YES_SAME_A2R_ECONOMIC_FAMILY,RESET_OR_ENDPOINT_UNAVAILABLE,NO
2013-08-14,EUROPE_BROAD,LIST-1CF5210AB6DDED31,LIST-8334EBFC5AEEA116,IE00B4K48X80,SMEA,A2R_CANONICAL_SELECTION,False,,,False,51,PRICE_NOT_AVAILABLE,YES_SAME_A2R_ECONOMIC_FAMILY,RESET_OR_ENDPOINT_UNAVAILABLE,NO
2013-08-15,EUROPE_BROAD,LIST-8334EBFC5AEEA116,LIST-1CF5210AB6DDED31,LU0446734104,UB12,A2R_CANONICAL_SELECTION,True,2013-08-14,1.0,False,51,EXACT_PREVIOUS_XLON_SESSION_ENDPOINT,YES_SAME_A2R_ECONOMIC_FAMILY,RESET_OR_ENDPOINT_UNAVAILABLE,NO
2013-08-22,EUROPE_BROAD,LIST-1CF5210AB6DDED31,LIST-8334EBFC5AEEA116,IE00B4K48X80,SMEA,A2R_CANONICAL_SELECTION,True,2013-08-21,1.0,True,51,SEMANTICALLY_IDENTICAL_IMPLEMENTATION_TRANSITION,YES_SAME_A2R_ECONOMIC_FAMILY,CONTINUE,NO
2013-08-27,EUROPE_BROAD,LIST-8334EBFC5AEEA116,LIST-1CF5210AB6DDED31,LU0446734104,UB12,A2R_CANONICAL_SELECTION,True,2013-08-23,1.0,True,51,SEMANTICALLY_IDENTICAL_IMPLEMENTATION_TRANSITION,YES_SAME_A2R_ECONOMIC_FAMILY,CONTINUE,NO
2013-08-28,EUROPE_BROAD,LIST-1CF5210AB6DDED31,LIST-8334EBFC5AEEA116,IE00B4K48X80,SMEA,A2R_CANONICAL_SELECTION,False,,,False,51,PRICE_NOT_AVAILABLE,YES_SAME_A2R_ECONOMIC_FAMILY,RESET_OR_ENDPOINT_UNAVAILABLE,NO
2013-08-29,EUROPE_BROAD,LIST-8334EBFC5AEEA116,LIST-1CF5210AB6DDED31,LU0446734104,UB12,A2R_CANONICAL_SELECTION,True,2013-08-28,1.0,False,51,EXACT_PREVIOUS_XLON_SESSION_ENDPOINT,YES_SAME_A2R_ECONOMIC_FAMILY,RESET_OR_ENDPOINT_UNAVAILABLE,NO
2013-08-30,EUROPE_BROAD,LIST-1CF5210AB6DDED31,LIST-8334EBFC5AEEA116,IE00B4K48X80,SMEA,A2R_CANONICAL_SELECTION,True,2013-08-29,1.0,True,51,SEMANTICALLY_IDENTICAL_IMPLEMENTATION_TRANSITION,YES_SAME_A2R_ECONOMIC_FAMILY,CONTINUE,NO
2013-09-04,EUROPE_BROAD,LIST-8334EBFC5AEEA116,LIST-1CF5210AB6DDED31,LU0446734104,UB12,A2R_CANONICAL_SELECTION,True,2013-09-03,1.0,True,51,SEMANTICALLY_IDENTICAL_IMPLEMENTATION_TRANSITION,YES_SAME_A2R_ECONOMIC_FAMILY,CONTINUE,NO
2013-09-06,EUROPE_BROAD,LIST-1CF5210AB6DDED31,LIST-8334EBFC5AEEA116,IE00B4K48X80,SMEA,A2R_CANONICAL_SELECTION,False,,,False,51,PRICE_NOT_AVAILABLE,YES_SAME_A2R_ECONOMIC_FAMILY,RESET_OR_ENDPOINT_UNAVAILABLE,NO
2013-09-09,EUROPE_BROAD,LIST-8334EBFC5AEEA116,LIST-1CF5210AB6DDED31,LU0446734104,UB12,A2R_CANONICAL_SELECTION,True,2013-09-06,1.0,False,51,EXACT_PREVIOUS_XLON_SESSION_ENDPOINT,YES_SAME_A2R_ECONOMIC_FAMILY,RESET_OR_ENDPOINT_UNAVAILABLE,NO
2013-09-10,EUROPE_BROAD,LIST-1CF5210AB6DDED31,LIST-8334EBFC5AEEA116,IE00B4K48X80,SMEA,A2R_CANONICAL_SELECTION,False,,,False,51,PRICE_NOT_AVAILABLE,YES_SAME_A2R_ECONOMIC_FAMILY,RESET_OR_ENDPOINT_UNAVAILABLE,NO
2013-09-11,EUROPE_BROAD,LIST-8334EBFC5AEEA116,LIST-1CF5210AB6DDED31,LU0446734104,UB12,A2R_CANONICAL_SELECTION,True,2013-09-10,1.0,False,51,EXACT_PREVIOUS_XLON_SESSION_ENDPOINT,YES_SAME_A2R_ECONOMIC_FAMILY,RESET_OR_ENDPOINT_UNAVAILABLE,NO
2013-09-13,EUROPE_BROAD,LIST-1CF5210AB6DDED31,LIST-8334EBFC5AEEA116,IE00B4K48X80,SMEA,A2R_CANONICAL_SELECTION,False,,,False,51,PRICE_NOT_AVAILABLE,YES_SAME_A2R_ECONOMIC_FAMILY,RESET_OR_ENDPOINT_UNAVAILABLE,NO
2013-09-16,EUROPE_BROAD,LIST-8334EBFC5AEEA116,LIST-1CF5210AB6DDED31,LU0446734104,UB12,A2R_CANONICAL_SELECTION,True,2013-09-13,1.0,False,51,EXACT_PREVIOUS_XLON_SESSION_ENDPOINT,YES_SAME_A2R_ECONOMIC_FAMILY,RESET_OR_ENDPOINT_UNAVAILABLE,NO
2013-09-20,EUROPE_BROAD,LIST-1CF5210AB6DDED31,LIST-8334EBFC5AEEA116,IE00B4K48X80,SMEA,A2R_CANONICAL_SELECTION,True,2013-09-19,1.0,True,51,SEMANTICALLY_IDENTICAL_IMPLEMENTATION_TRANSITION,YES_SAME_A2R_ECONOMIC_FAMILY,CONTINUE,NO
2013-09-25,EUROPE_BROAD,LIST-8334EBFC5AEEA116,LIST-1CF5210AB6DDED31,LU0446734104,UB12,A2R_CANONICAL_SELECTION,True,2013-09-24,1.0,True,51,SEMANTICALLY_IDENTICAL_IMPLEMENTATION_TRANSITION,YES_SAME_A2R_ECONOMIC_FAMILY,CONTINUE,NO
2013-09-26,EUROPE_BROAD,LIST-1CF5210AB6DDED31,LIST-8334EBFC5AEEA116,IE00B4K48X80,SMEA,A2R_CANONICAL_SELECTION,False,,,False,51,PRICE_NOT_AVAILABLE,YES_SAME_A2R_ECONOMIC_FAMILY,RESET_OR_ENDPOINT_UNAVAILABLE,NO
2013-09-27,EUROPE_BROAD,LIST-8334EBFC5AEEA116,LIST-1CF5210AB6DDED31,LU0446734104,UB12,A2R_CANONICAL_SELECTION,True,2013-09-26,1.0,False,51,EXACT_PREVIOUS_XLON_SESSION_ENDPOINT,YES_SAME_A2R_ECONOMIC_FAMILY,RESET_OR_ENDPOINT_UNAVAILABLE,NO
2013-09-30,EUROPE_BROAD,LIST-1CF5210AB6DDED31,LIST-8334EBFC5AEEA116,IE00B4K48X80,SMEA,A2R_CANONICAL_SELECTION,False,,,False,51,PRICE_NOT_AVAILABLE,YES_SAME_A2R_ECONOMIC_FAMILY,RESET_OR_ENDPOINT_UNAVAILABLE,NO
2013-10-01,EUROPE_BROAD,LIST-8334EBFC5AEEA116,LIST-1CF5210AB6DDED31,LU0446734104,UB12,A2R_CANONICAL_SELECTION,True,2013-09-30,1.0,False,51,EXACT_PREVIOUS_XLON_SESSION_ENDPOINT,YES_SAME_A2R_ECONOMIC_FAMILY,RESET_OR_ENDPOINT_UNAVAILABLE,NO
2013-10-02,EUROPE_BROAD,LIST-1CF5210AB6DDED31,LIST-8334EBFC5AEEA116,IE00B4K48X80,SMEA,A2R_CANONICAL_SELECTION,True,2013-10-01,1.0,True,51,SEMANTICALLY_IDENTICAL_IMPLEMENTATION_TRANSITION,YES_SAME_A2R_ECONOMIC_FAMILY,CONTINUE,NO
2013-10-04,EUROPE_BROAD,LIST-8334EBFC5AEEA116,LIST-1CF5210AB6DDED31,LU0446734104,UB12,A2R_CANONICAL_SELECTION,True,2013-10-03,1.0,True,51,SEMANTICALLY_IDENTICAL_IMPLEMENTATION_TRANSITION,YES_SAME_A2R_ECONOMIC_FAMILY,CONTINUE,NO
2013-10-10,EUROPE_BROAD,LIST-1CF5210AB6DDED31,LIST-8334EBFC5AEEA116,IE00B4K48X80,SMEA,A2R_CANONICAL_SELECTION,False,,,False,51,PRICE_NOT_AVAILABLE,YES_SAME_A2R_ECONOMIC_FAMILY,RESET_OR_ENDPOINT_UNAVAILABLE,NO
2013-10-11,EUROPE_BROAD,LIST-8334EBFC5AEEA116,LIST-1CF5210AB6DDED31,LU0446734104,UB12,A2R_CANONICAL_SELECTION,True,2013-10-10,1.0,False,51,EXACT_PREVIOUS_XLON_SESSION_ENDPOINT,YES_SAME_A2R_ECONOMIC_FAMILY,RESET_OR_ENDPOINT_UNAVAILABLE,NO
2013-10-21,EUROPE_BROAD,LIST-1CF5210AB6DDED31,LIST-8334EBFC5AEEA116,IE00B4K48X80,SMEA,A2R_CANONICAL_SELECTION,True,2013-10-18,1.0,True,51,SEMANTICALLY_IDENTICAL_IMPLEMENTATION_TRANSITION,YES_SAME_A2R_ECONOMIC_FAMILY,CONTINUE,NO
2013-10-25,EUROPE_BROAD,LIST-8334EBFC5AEEA116,LIST-1CF5210AB6DDED31,LU0446734104,UB12,A2R_CANONICAL_SELECTION,True,2013-10-24,1.0,True,51,SEMANTICALLY_IDENTICAL_IMPLEMENTATION_TRANSITION,YES_SAME_A2R_ECONOMIC_FAMILY,CONTINUE,NO
2013-10-28,EUROPE_BROAD,LIST-1CF5210AB6DDED31,LIST-8334EBFC5AEEA116,IE00B4K48X80,SMEA,A2R_CANONICAL_SELECTION,False,,,False,51,PRICE_NOT_AVAILABLE,YES_SAME_A2R_ECONOMIC_FAMILY,RESET_OR_ENDPOINT_UNAVAILABLE,NO
2013-10-29,EUROPE_BROAD,LIST-8334EBFC5AEEA116,LIST-1CF5210AB6DDED31,LU0446734104,UB12,A2R_CANONICAL_SELECTION,True,2013-10-28,1.0,False,51,EXACT_PREVIOUS_XLON_SESSION_ENDPOINT,YES_SAME_A2R_ECONOMIC_FAMILY,RESET_OR_ENDPOINT_UNAVAILABLE,NO
2013-10-30,EUROPE_BROAD,LIST-1CF5210AB6DDED31,LIST-8334EBFC5AEEA116,IE00B4K48X80,SMEA,A2R_CANONICAL_SELECTION,True,2013-10-29,1.0,True,51,SEMANTICALLY_IDENTICAL_IMPLEMENTATION_TRANSITION,YES_SAME_A2R_ECONOMIC_FAMILY,CONTINUE,NO
2013-11-01,EUROPE_BROAD,LIST-8334EBFC5AEEA116,LIST-1CF5210AB6DDED31,LU0446734104,UB12,A2R_CANONICAL_SELECTION,True,2013-10-31,1.0,True,51,SEMANTICALLY_IDENTICAL_IMPLEMENTATION_TRANSITION,YES_SAME_A2R_ECONOMIC_FAMILY,CONTINUE,NO
2013-11-04,EUROPE_BROAD,LIST-1CF5210AB6DDED31,LIST-8334EBFC5AEEA116,IE00B4K48X80,SMEA,A2R_CANONICAL_SELECTION,True,2013-11-01,1.0,True,51,SEMANTICALLY_IDENTICAL_IMPLEMENTATION_TRANSITION,YES_SAME_A2R_ECONOMIC_FAMILY,CONTINUE,NO
2013-11-07,EUROPE_BROAD,LIST-8334EBFC5AEEA116,LIST-1CF5210AB6DDED31,LU0446734104,UB12,A2R_CANONICAL_SELECTION,True,2013-11-06,1.0,True,51,SEMANTICALLY_IDENTICAL_IMPLEMENTATION_TRANSITION,YES_SAME_A2R_ECONOMIC_FAMILY,CONTINUE,NO
2013-11-11,EUROPE_BROAD,LIST-1CF5210AB6DDED31,LIST-8334EBFC5AEEA116,IE00B4K48X80,SMEA,A2R_CANONICAL_SELECTION,True,2013-11-08,1.0,True,51,SEMANTICALLY_IDENTICAL_IMPLEMENTATION_TRANSITION,YES_SAME_A2R_ECONOMIC_FAMILY,CONTINUE,NO
2013-11-19,EUROPE_BROAD,LIST-8334EBFC5AEEA116,LIST-1CF5210AB6DDED31,LU0446734104,UB12,A2R_CANONICAL_SELECTION,True,2013-11-18,1.0,True,51,SEMANTICALLY_IDENTICAL_IMPLEMENTATION_TRANSITION,YES_SAME_A2R_ECONOMIC_FAMILY,CONTINUE,NO
2013-11-20,EUROPE_BROAD,LIST-1CF5210AB6DDED31,LIST-8334EBFC5AEEA116,IE00B4K48X80,SMEA,A2R_CANONICAL_SELECTION,True,2013-11-19,1.0,True,51,SEMANTICALLY_IDENTICAL_IMPLEMENTATION_TRANSITION,YES_SAME_A2R_ECONOMIC_FAMILY,CONTINUE,NO
2013-11-28,EUROPE_BROAD,LIST-8334EBFC5AEEA116,LIST-1CF5210AB6DDED31,LU0446734104,UB12,A2R_CANONICAL_SELECTION,True,2013-11-27,1.0,True,51,SEMANTICALLY_IDENTICAL_IMPLEMENTATION_TRANSITION,YES_SAME_A2R_ECONOMIC_FAMILY,CONTINUE,NO
2013-12-03,EUROPE_BROAD,LIST-1CF5210AB6DDED31,LIST-8334EBFC5AEEA116,IE00B4K48X80,SMEA,A2R_CANONICAL_SELECTION,False,,,False,51,PRICE_NOT_AVAILABLE,YES_SAME_A2R_ECONOMIC_FAMILY,RESET_OR_ENDPOINT_UNAVAILABLE,NO
2013-12-04,EUROPE_BROAD,LIST-8334EBFC5AEEA116,LIST-1CF5210AB6DDED31,LU0446734104,UB12,A2R_CANONICAL_SELECTION,True,2013-12-03,1.0,False,51,EXACT_PREVIOUS_XLON_SESSION_ENDPOINT,YES_SAME_A2R_ECONOMIC_FAMILY,RESET_OR_ENDPOINT_UNAVAILABLE,NO
2013-12-05,EUROPE_BROAD,LIST-1CF5210AB6DDED31,LIST-8334EBFC5AEEA116,IE00B4K48X80,SMEA,A2R_CANONICAL_SELECTION,False,,,False,51,PRICE_NOT_AVAILABLE,YES_SAME_A2R_ECONOMIC_FAMILY,RESET_OR_ENDPOINT_UNAVAILABLE,NO
2013-12-06,EUROPE_BROAD,LIST-8334EBFC5AEEA116,LIST-1CF5210AB6DDED31,LU0446734104,UB12,A2R_CANONICAL_SELECTION,True,2013-12-05,1.0,False,51,EXACT_PREVIOUS_XLON_SESSION_ENDPOINT,YES_SAME_A2R_ECONOMIC_FAMILY,RESET_OR_ENDPOINT_UNAVAILABLE,NO
2013-12-09,EUROPE_BROAD,LIST-1CF5210AB6DDED31,LIST-8334EBFC5AEEA116,IE00B4K48X80,SMEA,A2R_CANONICAL_SELECTION,True,2013-12-06,1.0,True,51,SEMANTICALLY_IDENTICAL_IMPLEMENTATION_TRANSITION,YES_SAME_A2R_ECONOMIC_FAMILY,CONTINUE,NO
2013-12-11,EUROPE_BROAD,LIST-8334EBFC5AEEA116,LIST-1CF5210AB6DDED31,LU0446734104,UB12,A2R_CANONICAL_SELECTION,True,2013-12-10,1.0,True,51,SEMANTICALLY_IDENTICAL_IMPLEMENTATION_TRANSITION,YES_SAME_A2R_ECONOMIC_FAMILY,CONTINUE,NO
2013-12-16,EUROPE_BROAD,LIST-1CF5210AB6DDED31,LIST-8334EBFC5AEEA116,IE00B4K48X80,SMEA,A2R_CANONICAL_SELECTION,False,,,False,51,PRICE_NOT_AVAILABLE,YES_SAME_A2R_ECONOMIC_FAMILY,RESET_OR_ENDPOINT_UNAVAILABLE,NO
2013-12-17,EUROPE_BROAD,LIST-8334EBFC5AEEA116,LIST-1CF5210AB6DDED31,LU0446734104,UB12,A2R_CANONICAL_SELECTION,True,2013-12-16,1.0,False,51,EXACT_PREVIOUS_XLON_SESSION_ENDPOINT,YES_SAME_A2R_ECONOMIC_FAMILY,RESET_OR_ENDPOINT_UNAVAILABLE,NO
2017-09-15,EUROPE_BROAD,LIST-1CF5210AB6DDED31,LIST-8334EBFC5AEEA116,IE00B4K48X80,SMEA,A2R_CANONICAL_SELECTION,True,2017-09-14,1.0,True,51,SEMANTICALLY_IDENTICAL_IMPLEMENTATION_TRANSITION,YES_SAME_A2R_ECONOMIC_FAMILY,CONTINUE,NO
2017-09-18,EUROPE_BROAD,LIST-8334EBFC5AEEA116,LIST-1CF5210AB6DDED31,LU0446734104,UB12,A2R_CANONICAL_SELECTION,True,2017-09-15,1.0,True,51,SEMANTICALLY_IDENTICAL_IMPLEMENTATION_TRANSITION,YES_SAME_A2R_ECONOMIC_FAMILY,CONTINUE,NO
2017-10-13,EUROPE_BROAD,LIST-1CF5210AB6DDED31,LIST-8334EBFC5AEEA116,IE00B4K48X80,SMEA,A2R_CANONICAL_SELECTION,True,2017-10-12,1.0,True,51,SEMANTICALLY_IDENTICAL_IMPLEMENTATION_TRANSITION,YES_SAME_A2R_ECONOMIC_FAMILY,CONTINUE,NO
2017-10-16,EUROPE_BROAD,LIST-8334EBFC5AEEA116,LIST-1CF5210AB6DDED31,LU0446734104,UB12,A2R_CANONICAL_SELECTION,True,2017-10-13,1.0,True,51,SEMANTICALLY_IDENTICAL_IMPLEMENTATION_TRANSITION,YES_SAME_A2R_ECONOMIC_FAMILY,CONTINUE,NO
2017-11-03,EUROPE_BROAD,LIST-1CF5210AB6DDED31,LIST-8334EBFC5AEEA116,IE00B4K48X80,SMEA,A2R_CANONICAL_SELECTION,True,2017-11-02,1.0,True,51,SEMANTICALLY_IDENTICAL_IMPLEMENTATION_TRANSITION,YES_SAME_A2R_ECONOMIC_FAMILY,CONTINUE,NO
2017-11-06,EUROPE_BROAD,LIST-8334EBFC5AEEA116,LIST-1CF5210AB6DDED31,LU0446734104,UB12,A2R_CANONICAL_SELECTION,True,2017-11-03,1.0,True,51,SEMANTICALLY_IDENTICAL_IMPLEMENTATION_TRANSITION,YES_SAME_A2R_ECONOMIC_FAMILY,CONTINUE,NO
2017-11-09,EUROPE_BROAD,LIST-1CF5210AB6DDED31,LIST-8334EBFC5AEEA116,IE00B4K48X80,SMEA,A2R_CANONICAL_SELECTION,True,2017-11-08,1.0,True,51,SEMANTICALLY_IDENTICAL_IMPLEMENTATION_TRANSITION,YES_SAME_A2R_ECONOMIC_FAMILY,CONTINUE,NO
2017-11-10,EUROPE_BROAD,LIST-8334EBFC5AEEA116,LIST-1CF5210AB6DDED31,LU0446734104,UB12,A2R_CANONICAL_SELECTION,True,2017-11-09,1.0,True,51,SEMANTICALLY_IDENTICAL_IMPLEMENTATION_TRANSITION,YES_SAME_A2R_ECONOMIC_FAMILY,CONTINUE,NO
2018-05-08,EUROPE_BROAD,LIST-1CF5210AB6DDED31,A2HISTLIST-FB74F01C5E70F164,IE00B4K48X80,IMEA,A2R_CANONICAL_SELECTION,False,,,False,51,PRICE_NOT_AVAILABLE,YES_SAME_A2R_ECONOMIC_FAMILY,RESET_OR_ENDPOINT_UNAVAILABLE,NO
2018-05-09,EUROPE_BROAD,A2HISTLIST-FB74F01C5E70F164,LIST-1CF5210AB6DDED31,LU0446734104,UB12,A2R_CANONICAL_SELECTION,True,2018-05-08,1.0,False,51,EXACT_PREVIOUS_XLON_SESSION_ENDPOINT,YES_SAME_A2R_ECONOMIC_FAMILY,RESET_OR_ENDPOINT_UNAVAILABLE,NO
2018-05-29,EUROPE_BROAD,LIST-1CF5210AB6DDED31,A2HISTLIST-FB74F01C5E70F164,IE00B4K48X80,IMEA,A2R_CANONICAL_SELECTION,False,,,False,51,PRICE_NOT_AVAILABLE,YES_SAME_A2R_ECONOMIC_FAMILY,RESET_OR_ENDPOINT_UNAVAILABLE,NO
2018-05-30,EUROPE_BROAD,A2HISTLIST-FB74F01C5E70F164,LIST-1CF5210AB6DDED31,LU0446734104,UB12,A2R_CANONICAL_SELECTION,True,2018-05-29,1.0,False,51,EXACT_PREVIOUS_XLON_SESSION_ENDPOINT,YES_SAME_A2R_ECONOMIC_FAMILY,RESET_OR_ENDPOINT_UNAVAILABLE,NO
2018-08-28,EUROPE_BROAD,LIST-1CF5210AB6DDED31,A2HISTLIST-FB74F01C5E70F164,IE00B4K48X80,IMEA,A2R_CANONICAL_SELECTION,True,2018-08-22,3.0,True,51,SEMANTICALLY_IDENTICAL_IMPLEMENTATION_TRANSITION,YES_SAME_A2R_ECONOMIC_FAMILY,CONTINUE,NO
2018-08-29,EUROPE_BROAD,A2HISTLIST-FB74F01C5E70F164,LIST-1CF5210AB6DDED31,LU0446734104,UB12,A2R_CANONICAL_SELECTION,True,2018-08-28,1.0,True,51,SEMANTICALLY_IDENTICAL_IMPLEMENTATION_TRANSITION,YES_SAME_A2R_ECONOMIC_FAMILY,CONTINUE,NO
2019-05-07,EUROPE_BROAD,LIST-1CF5210AB6DDED31,A2HISTLIST-FB74F01C5E70F164,IE00B4K48X80,IMEA,A2R_CANONICAL_SELECTION,True,2019-05-02,2.0,True,51,SEMANTICALLY_IDENTICAL_IMPLEMENTATION_TRANSITION,YES_SAME_A2R_ECONOMIC_FAMILY,CONTINUE,NO
2019-05-08,EUROPE_BROAD,A2HISTLIST-FB74F01C5E70F164,LIST-1CF5210AB6DDED31,LU0446734104,UB12,A2R_CANONICAL_SELECTION,True,2019-05-07,1.0,True,51,SEMANTICALLY_IDENTICAL_IMPLEMENTATION_TRANSITION,YES_SAME_A2R_ECONOMIC_FAMILY,CONTINUE,NO
2019-08-27,EUROPE_BROAD,LIST-1CF5210AB6DDED31,A2HISTLIST-FB74F01C5E70F164,IE00B4K48X80,IMEA,A2R_CANONICAL_SELECTION,True,2019-08-23,1.0,True,51,SEMANTICALLY_IDENTICAL_IMPLEMENTATION_TRANSITION,YES_SAME_A2R_ECONOMIC_FAMILY,CONTINUE,NO
2019-08-28,EUROPE_BROAD,A2HISTLIST-FB74F01C5E70F164,LIST-1CF5210AB6DDED31,LU0446734104,UB12,A2R_CANONICAL_SELECTION,True,2019-08-27,1.0,True,51,SEMANTICALLY_IDENTICAL_IMPLEMENTATION_TRANSITION,YES_SAME_A2R_ECONOMIC_FAMILY,CONTINUE,NO
2020-05-11,EUROPE_BROAD,LIST-1CF5210AB6DDED31,A2HISTLIST-FB74F01C5E70F164,IE00B4K48X80,IMEA,A2R_CANONICAL_SELECTION,True,2020-05-07,1.0,True,51,SEMANTICALLY_IDENTICAL_IMPLEMENTATION_TRANSITION,YES_SAME_A2R_ECONOMIC_FAMILY,CONTINUE,NO
2020-05-12,EUROPE_BROAD,A2HISTLIST-FB74F01C5E70F164,LIST-1CF5210AB6DDED31,LU0446734104,UB12,A2R_CANONICAL_SELECTION,True,2020-05-11,1.0,True,51,SEMANTICALLY_IDENTICAL_IMPLEMENTATION_TRANSITION,YES_SAME_A2R_ECONOMIC_FAMILY,CONTINUE,NO
2020-07-24,EUROPE_BROAD,LIST-1CF5210AB6DDED31,LIST-8334EBFC5AEEA116,IE00B4K48X80,SMEA,A2R_CANONICAL_SELECTION,True,2020-07-23,1.0,True,51,SEMANTICALLY_IDENTICAL_IMPLEMENTATION_TRANSITION,YES_SAME_A2R_ECONOMIC_FAMILY,CONTINUE,NO
2020-07-28,EUROPE_BROAD,LIST-8334EBFC5AEEA116,LIST-1CF5210AB6DDED31,LU0446734104,UB12,A2R_CANONICAL_SELECTION,False,,,False,51,PRICE_NOT_AVAILABLE,YES_SAME_A2R_ECONOMIC_FAMILY,RESET_OR_ENDPOINT_UNAVAILABLE,NO
2020-07-29,EUROPE_BROAD,LIST-1CF5210AB6DDED31,LIST-8334EBFC5AEEA116,IE00B4K48X80,SMEA,A2R_CANONICAL_SELECTION,True,2020-07-28,1.0,False,51,EXACT_PREVIOUS_XLON_SESSION_ENDPOINT,YES_SAME_A2R_ECONOMIC_FAMILY,RESET_OR_ENDPOINT_UNAVAILABLE,NO
2020-07-30,EUROPE_BROAD,LIST-8334EBFC5AEEA116,LIST-1CF5210AB6DDED31,LU0446734104,UB12,A2R_CANONICAL_SELECTION,True,2020-07-29,1.0,True,51,SEMANTICALLY_IDENTICAL_IMPLEMENTATION_TRANSITION,YES_SAME_A2R_ECONOMIC_FAMILY,CONTINUE,NO
2020-08-04,EUROPE_BROAD,LIST-1CF5210AB6DDED31,LIST-8334EBFC5AEEA116,IE00B4K48X80,SMEA,A2R_CANONICAL_SELECTION,True,2020-08-03,1.0,True,51,SEMANTICALLY_IDENTICAL_IMPLEMENTATION_TRANSITION,YES_SAME_A2R_ECONOMIC_FAMILY,CONTINUE,NO
2020-08-06,EUROPE_BROAD,LIST-8334EBFC5AEEA116,LIST-EF2BCE62C3AE2D43,IE00B60SWY32,MXEU,A2R_CANONICAL_SELECTION,True,2020-08-05,1.0,True,51,SEMANTICALLY_IDENTICAL_IMPLEMENTATION_TRANSITION,YES_SAME_A2R_ECONOMIC_FAMILY,CONTINUE,NO
2020-08-07,EUROPE_BROAD,LIST-EF2BCE62C3AE2D43,LIST-1CF5210AB6DDED31,LU0446734104,UB12,A2R_CANONICAL_SELECTION,True,2020-08-06,1.0,True,51,SEMANTICALLY_IDENTICAL_IMPLEMENTATION_TRANSITION,YES_SAME_A2R_ECONOMIC_FAMILY,CONTINUE,NO
2020-08-11,EUROPE_BROAD,LIST-1CF5210AB6DDED31,LIST-EF2BCE62C3AE2D43,IE00B60SWY32,MXEU,A2R_CANONICAL_SELECTION,True,2020-08-10,1.0,True,51,SEMANTICALLY_IDENTICAL_IMPLEMENTATION_TRANSITION,YES_SAME_A2R_ECONOMIC_FAMILY,CONTINUE,NO
2020-08-12,EUROPE_BROAD,LIST-EF2BCE62C3AE2D43,LIST-1CF5210AB6DDED31,LU0446734104,UB12,A2R_CANONICAL_SELECTION,False,,,False,51,PRICE_NOT_AVAILABLE,YES_SAME_A2R_ECONOMIC_FAMILY,RESET_OR_ENDPOINT_UNAVAILABLE,NO
2020-08-13,EUROPE_BROAD,LIST-1CF5210AB6DDED31,LIST-8334EBFC5AEEA116,IE00B4K48X80,SMEA,A2R_CANONICAL_SELECTION,True,2020-08-12,1.0,True,51,SEMANTICALLY_IDENTICAL_IMPLEMENTATION_TRANSITION,YES_SAME_A2R_ECONOMIC_FAMILY,CONTINUE,NO
2020-08-14,EUROPE_BROAD,LIST-8334EBFC5AEEA116,LIST-1CF5210AB6DDED31,LU0446734104,UB12,A2R_CANONICAL_SELECTION,False,,,False,51,PRICE_NOT_AVAILABLE,YES_SAME_A2R_ECONOMIC_FAMILY,RESET_OR_ENDPOINT_UNAVAILABLE,NO
2020-08-17,EUROPE_BROAD,LIST-1CF5210AB6DDED31,LIST-EF2BCE62C3AE2D43,IE00B60SWY32,MXEU,A2R_CANONICAL_SELECTION,False,,,False,51,PRICE_NOT_AVAILABLE,YES_SAME_A2R_ECONOMIC_FAMILY,RESET_OR_ENDPOINT_UNAVAILABLE,NO
2020-08-18,EUROPE_BROAD,LIST-EF2BCE62C3AE2D43,LIST-8334EBFC5AEEA116,IE00B4K48X80,SMEA,A2R_CANONICAL_SELECTION,True,2020-08-17,1.0,False,51,EXACT_PREVIOUS_XLON_SESSION_ENDPOINT,YES_SAME_A2R_ECONOMIC_FAMILY,RESET_OR_ENDPOINT_UNAVAILABLE,NO
2020-08-20,EUROPE_BROAD,LIST-8334EBFC5AEEA116,LIST-1CF5210AB6DDED31,LU0446734104,UB12,A2R_CANONICAL_SELECTION,True,2020-08-19,1.0,True,51,SEMANTICALLY_IDENTICAL_IMPLEMENTATION_TRANSITION,YES_SAME_A2R_ECONOMIC_FAMILY,CONTINUE,NO
2020-08-26,EUROPE_BROAD,LIST-1CF5210AB6DDED31,LIST-EF2BCE62C3AE2D43,IE00B60SWY32,MXEU,A2R_CANONICAL_SELECTION,True,2020-08-25,1.0,True,51,SEMANTICALLY_IDENTICAL_IMPLEMENTATION_TRANSITION,YES_SAME_A2R_ECONOMIC_FAMILY,CONTINUE,NO
2020-08-27,EUROPE_BROAD,LIST-EF2BCE62C3AE2D43,LIST-1CF5210AB6DDED31,LU0446734104,UB12,A2R_CANONICAL_SELECTION,True,2020-08-26,1.0,True,51,SEMANTICALLY_IDENTICAL_IMPLEMENTATION_TRANSITION,YES_SAME_A2R_ECONOMIC_FAMILY,CONTINUE,NO
2020-09-01,EUROPE_BROAD,LIST-1CF5210AB6DDED31,A2HISTLIST-FB74F01C5E70F164,IE00B4K48X80,IMEA,A2R_CANONICAL_SELECTION,True,2020-08-28,1.0,True,51,SEMANTICALLY_IDENTICAL_IMPLEMENTATION_TRANSITION,YES_SAME_A2R_ECONOMIC_FAMILY,CONTINUE,NO
2020-09-02,EUROPE_BROAD,A2HISTLIST-FB74F01C5E70F164,LIST-1CF5210AB6DDED31,LU0446734104,UB12,A2R_CANONICAL_SELECTION,True,2020-09-01,1.0,True,51,SEMANTICALLY_IDENTICAL_IMPLEMENTATION_TRANSITION,YES_SAME_A2R_ECONOMIC_FAMILY,CONTINUE,NO
2020-12-29,EUROPE_BROAD,LIST-1CF5210AB6DDED31,A2HISTLIST-FB74F01C5E70F164,IE00B4K48X80,IMEA,A2R_CANONICAL_SELECTION,True,2020-12-23,2.0,True,51,SEMANTICALLY_IDENTICAL_IMPLEMENTATION_TRANSITION,YES_SAME_A2R_ECONOMIC_FAMILY,CONTINUE,NO
2020-12-30,EUROPE_BROAD,A2HISTLIST-FB74F01C5E70F164,LIST-1CF5210AB6DDED31,LU0446734104,UB12,A2R_CANONICAL_SELECTION,True,2020-12-29,1.0,True,51,SEMANTICALLY_IDENTICAL_IMPLEMENTATION_TRANSITION,YES_SAME_A2R_ECONOMIC_FAMILY,CONTINUE,NO
2021-05-04,EUROPE_BROAD,LIST-1CF5210AB6DDED31,A2HISTLIST-FB74F01C5E70F164,IE00B4K48X80,IMEA,A2R_CANONICAL_SELECTION,True,2021-04-30,1.0,True,51,SEMANTICALLY_IDENTICAL_IMPLEMENTATION_TRANSITION,YES_SAME_A2R_ECONOMIC_FAMILY,CONTINUE,NO
2021-05-05,EUROPE_BROAD,A2HISTLIST-FB74F01C5E70F164,LIST-1CF5210AB6DDED31,LU0446734104,UB12,A2R_CANONICAL_SELECTION,True,2021-05-04,1.0,True,51,SEMANTICALLY_IDENTICAL_IMPLEMENTATION_TRANSITION,YES_SAME_A2R_ECONOMIC_FAMILY,CONTINUE,NO
2023-04-11,EUROPE_BROAD,LIST-1CF5210AB6DDED31,LIST-8334EBFC5AEEA116,IE00B4K48X80,SMEA,A2R_CANONICAL_SELECTION,True,2023-04-06,1.0,True,51,SEMANTICALLY_IDENTICAL_IMPLEMENTATION_TRANSITION,YES_SAME_A2R_ECONOMIC_FAMILY,CONTINUE,NO
2023-04-12,EUROPE_BROAD,LIST-8334EBFC5AEEA116,LIST-1CF5210AB6DDED31,LU0446734104,UB12,A2R_CANONICAL_SELECTION,True,2023-04-11,1.0,True,51,SEMANTICALLY_IDENTICAL_IMPLEMENTATION_TRANSITION,YES_SAME_A2R_ECONOMIC_FAMILY,CONTINUE,NO
2022-05-06,EUROPE_CONSUMER_DISCRETIONARY,A2RLIST-E8DDE5A72D40E67A,A2RLIST-0C02BFDAD366DB4E,IE00BKWQ0C77,CDCE,A2R_CANONICAL_SELECTION,True,2022-05-05,1.0,True,3,SEMANTICALLY_IDENTICAL_IMPLEMENTATION_TRANSITION,YES_SAME_A2R_ECONOMIC_FAMILY,CONTINUE,NO
2022-04-27,EUROPE_CONSUMER_STAPLES,LIST-8202BB6B88239C49,LIST-BF084EBD037C41FA,IE00BKWQ0D84,CSPE,A2R_CANONICAL_SELECTION,True,2022-04-26,1.0,True,4,SEMANTICALLY_IDENTICAL_IMPLEMENTATION_TRANSITION,YES_SAME_A2R_ECONOMIC_FAMILY,CONTINUE,NO
2022-04-07,EUROPE_ENERGY,A2RLIST-7CF3CA53200F3EF3,A2RLIST-A97CE6229B729CA9,IE00BKWQ0F09,ENGE,A2R_CANONICAL_SELECTION,True,2022-04-06,1.0,True,77,SEMANTICALLY_IDENTICAL_IMPLEMENTATION_TRANSITION,YES_SAME_A2R_ECONOMIC_FAMILY,CONTINUE,NO
2019-10-25,EUROPE_EX_UK,LIST-69E53BFF909A49E2,LIST-AEACDB32142967DB,IE00BFXR5V83,LGEG,A2R_CANONICAL_SELECTION,True,2019-10-24,1.0,True,1,SEMANTICALLY_IDENTICAL_IMPLEMENTATION_TRANSITION,YES_SAME_A2R_ECONOMIC_FAMILY,CONTINUE,NO
2019-10-28,EUROPE_EX_UK,LIST-AEACDB32142967DB,LIST-69E53BFF909A49E2,IE00BYX5K108,MXUK,A2R_CANONICAL_SELECTION,True,2019-10-25,1.0,True,1,SEMANTICALLY_IDENTICAL_IMPLEMENTATION_TRANSITION,YES_SAME_A2R_ECONOMIC_FAMILY,CONTINUE,NO
2020-07-23,EUROPE_EX_UK,LIST-69E53BFF909A49E2,LIST-AEACDB32142967DB,IE00BFXR5V83,LGEG,A2R_CANONICAL_SELECTION,True,2020-07-22,1.0,True,1,SEMANTICALLY_IDENTICAL_IMPLEMENTATION_TRANSITION,YES_SAME_A2R_ECONOMIC_FAMILY,CONTINUE,NO
2020-07-28,EUROPE_EX_UK,LIST-AEACDB32142967DB,LIST-69E53BFF909A49E2,IE00BYX5K108,MXUK,A2R_CANONICAL_SELECTION,False,,,False,1,PRICE_NOT_AVAILABLE,YES_SAME_A2R_ECONOMIC_FAMILY,RESET_OR_ENDPOINT_UNAVAILABLE,NO
2020-07-29,EUROPE_EX_UK,LIST-69E53BFF909A49E2,LIST-AEACDB32142967DB,IE00BFXR5V83,LGEG,A2R_CANONICAL_SELECTION,True,2020-07-28,1.0,False,1,EXACT_PREVIOUS_XLON_SESSION_ENDPOINT,YES_SAME_A2R_ECONOMIC_FAMILY,RESET_OR_ENDPOINT_UNAVAILABLE,NO
2020-07-30,EUROPE_EX_UK,LIST-AEACDB32142967DB,LIST-69E53BFF909A49E2,IE00BYX5K108,MXUK,A2R_CANONICAL_SELECTION,True,2020-07-29,1.0,True,1,SEMANTICALLY_IDENTICAL_IMPLEMENTATION_TRANSITION,YES_SAME_A2R_ECONOMIC_FAMILY,CONTINUE,NO
2020-08-04,EUROPE_EX_UK,LIST-69E53BFF909A49E2,LIST-AEACDB32142967DB,IE00BFXR5V83,LGEG,A2R_CANONICAL_SELECTION,True,2020-08-03,1.0,True,1,SEMANTICALLY_IDENTICAL_IMPLEMENTATION_TRANSITION,YES_SAME_A2R_ECONOMIC_FAMILY,CONTINUE,NO
2020-08-07,EUROPE_EX_UK,LIST-AEACDB32142967DB,LIST-69E53BFF909A49E2,IE00BYX5K108,MXUK,A2R_CANONICAL_SELECTION,True,2020-08-06,1.0,True,1,SEMANTICALLY_IDENTICAL_IMPLEMENTATION_TRANSITION,YES_SAME_A2R_ECONOMIC_FAMILY,CONTINUE,NO
2020-08-11,EUROPE_EX_UK,LIST-69E53BFF909A49E2,LIST-AEACDB32142967DB,IE00BFXR5V83,LGEG,A2R_CANONICAL_SELECTION,True,2020-08-10,1.0,True,1,SEMANTICALLY_IDENTICAL_IMPLEMENTATION_TRANSITION,YES_SAME_A2R_ECONOMIC_FAMILY,CONTINUE,NO
2020-08-12,EUROPE_EX_UK,LIST-AEACDB32142967DB,LIST-69E53BFF909A49E2,IE00BYX5K108,MXUK,A2R_CANONICAL_SELECTION,False,,,False,1,PRICE_NOT_AVAILABLE,YES_SAME_A2R_ECONOMIC_FAMILY,RESET_OR_ENDPOINT_UNAVAILABLE,NO
2020-08-13,EUROPE_EX_UK,LIST-69E53BFF909A49E2,LIST-AEACDB32142967DB,IE00BFXR5V83,LGEG,A2R_CANONICAL_SELECTION,True,2020-08-12,1.0,False,1,EXACT_PREVIOUS_XLON_SESSION_ENDPOINT,YES_SAME_A2R_ECONOMIC_FAMILY,RESET_OR_ENDPOINT_UNAVAILABLE,NO
2020-08-14,EUROPE_EX_UK,LIST-AEACDB32142967DB,LIST-69E53BFF909A49E2,IE00BYX5K108,MXUK,A2R_CANONICAL_SELECTION,False,,,False,1,PRICE_NOT_AVAILABLE,YES_SAME_A2R_ECONOMIC_FAMILY,RESET_OR_ENDPOINT_UNAVAILABLE,NO
2020-08-17,EUROPE_EX_UK,LIST-69E53BFF909A49E2,LIST-AEACDB32142967DB,IE00BFXR5V83,LGEG,A2R_CANONICAL_SELECTION,False,,,False,1,PRICE_NOT_AVAILABLE,YES_SAME_A2R_ECONOMIC_FAMILY,RESET_OR_ENDPOINT_UNAVAILABLE,NO
2020-08-18,EUROPE_EX_UK,LIST-AEACDB32142967DB,LIST-8C01D23BAC4BB4A1,IE00BGV5VM45,XUEK,A2R_CANONICAL_SELECTION,True,2020-08-17,1.0,True,1,SEMANTICALLY_IDENTICAL_IMPLEMENTATION_TRANSITION,YES_SAME_A2R_ECONOMIC_FAMILY,CONTINUE,NO
2020-08-19,EUROPE_EX_UK,LIST-8C01D23BAC4BB4A1,LIST-69E53BFF909A49E2,IE00BYX5K108,MXUK,A2R_CANONICAL_SELECTION,True,2020-08-18,1.0,True,1,SEMANTICALLY_IDENTICAL_IMPLEMENTATION_TRANSITION,YES_SAME_A2R_ECONOMIC_FAMILY,CONTINUE,NO
2020-08-26,EUROPE_EX_UK,LIST-69E53BFF909A49E2,LIST-AEACDB32142967DB,IE00BFXR5V83,LGEG,A2R_CANONICAL_SELECTION,True,2020-08-25,1.0,True,1,SEMANTICALLY_IDENTICAL_IMPLEMENTATION_TRANSITION,YES_SAME_A2R_ECONOMIC_FAMILY,CONTINUE,NO
2020-08-27,EUROPE_EX_UK,LIST-AEACDB32142967DB,LIST-69E53BFF909A49E2,IE00BYX5K108,MXUK,A2R_CANONICAL_SELECTION,True,2020-08-26,1.0,True,1,SEMANTICALLY_IDENTICAL_IMPLEMENTATION_TRANSITION,YES_SAME_A2R_ECONOMIC_FAMILY,CONTINUE,NO
2023-01-03,EUROPE_EX_UK,LIST-69E53BFF909A49E2,LIST-D593770447F6B604,IE00BFXR5V83,LGEU,A2R_CANONICAL_SELECTION,True,2022-12-30,1.0,True,1,SEMANTICALLY_IDENTICAL_IMPLEMENTATION_TRANSITION,YES_SAME_A2R_ECONOMIC_FAMILY,CONTINUE,NO
2023-01-04,EUROPE_EX_UK,LIST-D593770447F6B604,LIST-69E53BFF909A49E2,IE00BYX5K108,MXUK,A2R_CANONICAL_SELECTION,True,2023-01-03,1.0,True,1,SEMANTICALLY_IDENTICAL_IMPLEMENTATION_TRANSITION,YES_SAME_A2R_ECONOMIC_FAMILY,CONTINUE,NO
2024-08-27,EUROPE_EX_UK,LIST-69E53BFF909A49E2,LIST-D593770447F6B604,IE00BFXR5V83,LGEU,A2R_CANONICAL_SELECTION,True,2024-08-23,1.0,True,1,SEMANTICALLY_IDENTICAL_IMPLEMENTATION_TRANSITION,YES_SAME_A2R_ECONOMIC_FAMILY,CONTINUE,NO
2024-08-28,EUROPE_EX_UK,LIST-D593770447F6B604,LIST-69E53BFF909A49E2,IE00BYX5K108,MXUK,A2R_CANONICAL_SELECTION,True,2024-08-27,1.0,True,1,SEMANTICALLY_IDENTICAL_IMPLEMENTATION_TRANSITION,YES_SAME_A2R_ECONOMIC_FAMILY,CONTINUE,NO
2022-04-07,EUROPE_FINANCIALS,LIST-5AC6510FC6DAAA39,LIST-38A9A7E263239093,IE00BKWQ0G16,FNCE,A2R_CANONICAL_SELECTION,True,2022-04-06,1.0,True,2,SEMANTICALLY_IDENTICAL_IMPLEMENTATION_TRANSITION,YES_SAME_A2R_ECONOMIC_FAMILY,CONTINUE,NO
2022-04-19,EUROPE_HEALTHCARE,LIST-62AB7E6A4CF2519D,LIST-F5185DE9554ADCDC,IE00BKWQ0H23,HEAE,A2R_CANONICAL_SELECTION,True,2022-04-14,1.0,True,1,SEMANTICALLY_IDENTICAL_IMPLEMENTATION_TRANSITION,YES_SAME_A2R_ECONOMIC_FAMILY,CONTINUE,NO
2022-04-21,EUROPE_HEALTHCARE,LIST-F5185DE9554ADCDC,LIST-62AB7E6A4CF2519D,IE00BKWQ0H23,HLTH,A2R_CANONICAL_SELECTION,True,2022-04-20,1.0,True,1,SEMANTICALLY_IDENTICAL_IMPLEMENTATION_TRANSITION,YES_SAME_A2R_ECONOMIC_FAMILY,CONTINUE,NO
2022-04-26,EUROPE_HEALTHCARE,LIST-62AB7E6A4CF2519D,LIST-F5185DE9554ADCDC,IE00BKWQ0H23,HEAE,A2R_CANONICAL_SELECTION,False,,,False,1,PRICE_NOT_AVAILABLE,YES_SAME_A2R_ECONOMIC_FAMILY,RESET_OR_ENDPOINT_UNAVAILABLE,NO
2022-04-27,EUROPE_HEALTHCARE,LIST-F5185DE9554ADCDC,LIST-62AB7E6A4CF2519D,IE00BKWQ0H23,HLTH,A2R_CANONICAL_SELECTION,True,2022-04-26,1.0,False,1,EXACT_PREVIOUS_XLON_SESSION_ENDPOINT,YES_SAME_A2R_ECONOMIC_FAMILY,RESET_OR_ENDPOINT_UNAVAILABLE,NO
2022-05-03,EUROPE_HEALTHCARE,LIST-62AB7E6A4CF2519D,LIST-F5185DE9554ADCDC,IE00BKWQ0H23,HEAE,A2R_CANONICAL_SELECTION,True,2022-04-29,1.0,True,1,SEMANTICALLY_IDENTICAL_IMPLEMENTATION_TRANSITION,YES_SAME_A2R_ECONOMIC_FAMILY,CONTINUE,NO
2022-05-09,EUROPE_HEALTHCARE,LIST-F5185DE9554ADCDC,LIST-62AB7E6A4CF2519D,IE00BKWQ0H23,HLTH,A2R_CANONICAL_SELECTION,True,2022-05-06,1.0,True,1,SEMANTICALLY_IDENTICAL_IMPLEMENTATION_TRANSITION,YES_SAME_A2R_ECONOMIC_FAMILY,CONTINUE,NO
2022-05-11,EUROPE_HEALTHCARE,LIST-62AB7E6A4CF2519D,LIST-F5185DE9554ADCDC,IE00BKWQ0H23,HEAE,A2R_CANONICAL_SELECTION,False,,,False,1,PRICE_NOT_AVAILABLE,YES_SAME_A2R_ECONOMIC_FAMILY,RESET_OR_ENDPOINT_UNAVAILABLE,NO
2022-05-12,EUROPE_HEALTHCARE,LIST-F5185DE9554ADCDC,LIST-62AB7E6A4CF2519D,IE00BKWQ0H23,HLTH,A2R_CANONICAL_SELECTION,True,2022-05-11,1.0,False,1,EXACT_PREVIOUS_XLON_SESSION_ENDPOINT,YES_SAME_A2R_ECONOMIC_FAMILY,RESET_OR_ENDPOINT_UNAVAILABLE,NO
2022-05-13,EUROPE_HEALTHCARE,LIST-62AB7E6A4CF2519D,LIST-F5185DE9554ADCDC,IE00BKWQ0H23,HEAE,A2R_CANONICAL_SELECTION,False,,,False,1,PRICE_NOT_AVAILABLE,YES_SAME_A2R_ECONOMIC_FAMILY,RESET_OR_ENDPOINT_UNAVAILABLE,NO
2022-05-16,EUROPE_HEALTHCARE,LIST-F5185DE9554ADCDC,LIST-62AB7E6A4CF2519D,IE00BKWQ0H23,HLTH,A2R_CANONICAL_SELECTION,True,2022-05-13,1.0,False,1,EXACT_PREVIOUS_XLON_SESSION_ENDPOINT,YES_SAME_A2R_ECONOMIC_FAMILY,RESET_OR_ENDPOINT_UNAVAILABLE,NO
2022-05-17,EUROPE_HEALTHCARE,LIST-62AB7E6A4CF2519D,LIST-F5185DE9554ADCDC,IE00BKWQ0H23,HEAE,A2R_CANONICAL_SELECTION,True,2022-05-16,1.0,True,1,SEMANTICALLY_IDENTICAL_IMPLEMENTATION_TRANSITION,YES_SAME_A2R_ECONOMIC_FAMILY,CONTINUE,NO
2022-05-25,EUROPE_HEALTHCARE,LIST-F5185DE9554ADCDC,LIST-62AB7E6A4CF2519D,IE00BKWQ0H23,HLTH,A2R_CANONICAL_SELECTION,True,2022-05-24,1.0,True,1,SEMANTICALLY_IDENTICAL_IMPLEMENTATION_TRANSITION,YES_SAME_A2R_ECONOMIC_FAMILY,CONTINUE,NO
2022-05-26,EUROPE_HEALTHCARE,LIST-62AB7E6A4CF2519D,LIST-F5185DE9554ADCDC,IE00BKWQ0H23,HEAE,A2R_CANONICAL_SELECTION,False,,,False,1,PRICE_NOT_AVAILABLE,YES_SAME_A2R_ECONOMIC_FAMILY,RESET_OR_ENDPOINT_UNAVAILABLE,NO
2022-05-27,EUROPE_HEALTHCARE,LIST-F5185DE9554ADCDC,LIST-62AB7E6A4CF2519D,IE00BKWQ0H23,HLTH,A2R_CANONICAL_SELECTION,True,2022-05-26,1.0,False,1,EXACT_PREVIOUS_XLON_SESSION_ENDPOINT,YES_SAME_A2R_ECONOMIC_FAMILY,RESET_OR_ENDPOINT_UNAVAILABLE,NO
2022-06-01,EUROPE_HEALTHCARE,LIST-62AB7E6A4CF2519D,LIST-F5185DE9554ADCDC,IE00BKWQ0H23,HEAE,A2R_CANONICAL_SELECTION,True,2022-05-31,1.0,True,1,SEMANTICALLY_IDENTICAL_IMPLEMENTATION_TRANSITION,YES_SAME_A2R_ECONOMIC_FAMILY,CONTINUE,NO
2022-06-09,EUROPE_HEALTHCARE,LIST-F5185DE9554ADCDC,LIST-62AB7E6A4CF2519D,IE00BKWQ0H23,HLTH,A2R_CANONICAL_SELECTION,True,2022-06-08,1.0,True,1,SEMANTICALLY_IDENTICAL_IMPLEMENTATION_TRANSITION,YES_SAME_A2R_ECONOMIC_FAMILY,CONTINUE,NO
2022-06-10,EUROPE_HEALTHCARE,LIST-62AB7E6A4CF2519D,LIST-F5185DE9554ADCDC,IE00BKWQ0H23,HEAE,A2R_CANONICAL_SELECTION,True,2022-06-09,1.0,True,1,SEMANTICALLY_IDENTICAL_IMPLEMENTATION_TRANSITION,YES_SAME_A2R_ECONOMIC_FAMILY,CONTINUE,NO
2022-06-14,EUROPE_HEALTHCARE,LIST-F5185DE9554ADCDC,LIST-62AB7E6A4CF2519D,IE00BKWQ0H23,HLTH,A2R_CANONICAL_SELECTION,True,2022-06-13,1.0,True,1,SEMANTICALLY_IDENTICAL_IMPLEMENTATION_TRANSITION,YES_SAME_A2R_ECONOMIC_FAMILY,CONTINUE,NO
2022-06-15,EUROPE_HEALTHCARE,LIST-62AB7E6A4CF2519D,LIST-F5185DE9554ADCDC,IE00BKWQ0H23,HEAE,A2R_CANONICAL_SELECTION,True,2022-06-14,1.0,True,1,SEMANTICALLY_IDENTICAL_IMPLEMENTATION_TRANSITION,YES_SAME_A2R_ECONOMIC_FAMILY,CONTINUE,NO
2022-06-17,EUROPE_HEALTHCARE,LIST-F5185DE9554ADCDC,LIST-62AB7E6A4CF2519D,IE00BKWQ0H23,HLTH,A2R_CANONICAL_SELECTION,True,2022-06-16,1.0,True,1,SEMANTICALLY_IDENTICAL_IMPLEMENTATION_TRANSITION,YES_SAME_A2R_ECONOMIC_FAMILY,CONTINUE,NO
2022-06-20,EUROPE_HEALTHCARE,LIST-62AB7E6A4CF2519D,LIST-F5185DE9554ADCDC,IE00BKWQ0H23,HEAE,A2R_CANONICAL_SELECTION,True,2022-06-17,1.0,True,1,SEMANTICALLY_IDENTICAL_IMPLEMENTATION_TRANSITION,YES_SAME_A2R_ECONOMIC_FAMILY,CONTINUE,NO
2022-06-23,EUROPE_HEALTHCARE,LIST-F5185DE9554ADCDC,LIST-62AB7E6A4CF2519D,IE00BKWQ0H23,HLTH,A2R_CANONICAL_SELECTION,True,2022-06-22,1.0,True,1,SEMANTICALLY_IDENTICAL_IMPLEMENTATION_TRANSITION,YES_SAME_A2R_ECONOMIC_FAMILY,CONTINUE,NO
2022-06-29,EUROPE_HEALTHCARE,LIST-62AB7E6A4CF2519D,LIST-F5185DE9554ADCDC,IE00BKWQ0H23,HEAE,A2R_CANONICAL_SELECTION,False,,,False,1,PRICE_NOT_AVAILABLE,YES_SAME_A2R_ECONOMIC_FAMILY,RESET_OR_ENDPOINT_UNAVAILABLE,NO
2022-06-30,EUROPE_HEALTHCARE,LIST-F5185DE9554ADCDC,LIST-62AB7E6A4CF2519D,IE00BKWQ0H23,HLTH,A2R_CANONICAL_SELECTION,True,2022-06-29,1.0,False,1,EXACT_PREVIOUS_XLON_SESSION_ENDPOINT,YES_SAME_A2R_ECONOMIC_FAMILY,RESET_OR_ENDPOINT_UNAVAILABLE,NO
2022-07-01,EUROPE_HEALTHCARE,LIST-62AB7E6A4CF2519D,LIST-F5185DE9554ADCDC,IE00BKWQ0H23,HEAE,A2R_CANONICAL_SELECTION,False,,,False,1,PRICE_NOT_AVAILABLE,YES_SAME_A2R_ECONOMIC_FAMILY,RESET_OR_ENDPOINT_UNAVAILABLE,NO
2022-07-04,EUROPE_HEALTHCARE,LIST-F5185DE9554ADCDC,LIST-62AB7E6A4CF2519D,IE00BKWQ0H23,HLTH,A2R_CANONICAL_SELECTION,True,2022-07-01,1.0,False,1,EXACT_PREVIOUS_XLON_SESSION_ENDPOINT,YES_SAME_A2R_ECONOMIC_FAMILY,RESET_OR_ENDPOINT_UNAVAILABLE,NO
2022-07-06,EUROPE_HEALTHCARE,LIST-62AB7E6A4CF2519D,LIST-F5185DE9554ADCDC,IE00BKWQ0H23,HEAE,A2R_CANONICAL_SELECTION,True,2022-07-05,1.0,True,1,SEMANTICALLY_IDENTICAL_IMPLEMENTATION_TRANSITION,YES_SAME_A2R_ECONOMIC_FAMILY,CONTINUE,NO
2022-07-13,EUROPE_HEALTHCARE,LIST-F5185DE9554ADCDC,LIST-62AB7E6A4CF2519D,IE00BKWQ0H23,HLTH,A2R_CANONICAL_SELECTION,True,2022-07-12,1.0,True,1,SEMANTICALLY_IDENTICAL_IMPLEMENTATION_TRANSITION,YES_SAME_A2R_ECONOMIC_FAMILY,CONTINUE,NO
2022-07-14,EUROPE_HEALTHCARE,LIST-62AB7E6A4CF2519D,LIST-F5185DE9554ADCDC,IE00BKWQ0H23,HEAE,A2R_CANONICAL_SELECTION,True,2022-07-13,1.0,True,1,SEMANTICALLY_IDENTICAL_IMPLEMENTATION_TRANSITION,YES_SAME_A2R_ECONOMIC_FAMILY,CONTINUE,NO
2022-07-18,EUROPE_HEALTHCARE,LIST-F5185DE9554ADCDC,LIST-62AB7E6A4CF2519D,IE00BKWQ0H23,HLTH,A2R_CANONICAL_SELECTION,True,2022-07-15,1.0,True,1,SEMANTICALLY_IDENTICAL_IMPLEMENTATION_TRANSITION,YES_SAME_A2R_ECONOMIC_FAMILY,CONTINUE,NO
2022-07-19,EUROPE_HEALTHCARE,LIST-62AB7E6A4CF2519D,LIST-F5185DE9554ADCDC,IE00BKWQ0H23,HEAE,A2R_CANONICAL_SELECTION,True,2022-07-18,1.0,True,1,SEMANTICALLY_IDENTICAL_IMPLEMENTATION_TRANSITION,YES_SAME_A2R_ECONOMIC_FAMILY,CONTINUE,NO
2022-07-25,EUROPE_HEALTHCARE,LIST-F5185DE9554ADCDC,LIST-62AB7E6A4CF2519D,IE00BKWQ0H23,HLTH,A2R_CANONICAL_SELECTION,True,2022-07-22,1.0,True,1,SEMANTICALLY_IDENTICAL_IMPLEMENTATION_TRANSITION,YES_SAME_A2R_ECONOMIC_FAMILY,CONTINUE,NO
2022-07-26,EUROPE_HEALTHCARE,LIST-62AB7E6A4CF2519D,LIST-F5185DE9554ADCDC,IE00BKWQ0H23,HEAE,A2R_CANONICAL_SELECTION,True,2022-07-25,1.0,True,1,SEMANTICALLY_IDENTICAL_IMPLEMENTATION_TRANSITION,YES_SAME_A2R_ECONOMIC_FAMILY,CONTINUE,NO
2022-08-03,EUROPE_HEALTHCARE,LIST-F5185DE9554ADCDC,LIST-62AB7E6A4CF2519D,IE00BKWQ0H23,HLTH,A2R_CANONICAL_SELECTION,True,2022-08-02,1.0,True,1,SEMANTICALLY_IDENTICAL_IMPLEMENTATION_TRANSITION,YES_SAME_A2R_ECONOMIC_FAMILY,CONTINUE,NO
2022-08-04,EUROPE_HEALTHCARE,LIST-62AB7E6A4CF2519D,LIST-F5185DE9554ADCDC,IE00BKWQ0H23,HEAE,A2R_CANONICAL_SELECTION,True,2022-08-03,1.0,True,1,SEMANTICALLY_IDENTICAL_IMPLEMENTATION_TRANSITION,YES_SAME_A2R_ECONOMIC_FAMILY,CONTINUE,NO
2022-08-08,EUROPE_HEALTHCARE,LIST-F5185DE9554ADCDC,LIST-62AB7E6A4CF2519D,IE00BKWQ0H23,HLTH,A2R_CANONICAL_SELECTION,True,2022-08-05,1.0,True,1,SEMANTICALLY_IDENTICAL_IMPLEMENTATION_TRANSITION,YES_SAME_A2R_ECONOMIC_FAMILY,CONTINUE,NO
2022-08-09,EUROPE_HEALTHCARE,LIST-62AB7E6A4CF2519D,LIST-F5185DE9554ADCDC,IE00BKWQ0H23,HEAE,A2R_CANONICAL_SELECTION,True,2022-08-08,1.0,True,1,SEMANTICALLY_IDENTICAL_IMPLEMENTATION_TRANSITION,YES_SAME_A2R_ECONOMIC_FAMILY,CONTINUE,NO
2022-08-11,EUROPE_HEALTHCARE,LIST-F5185DE9554ADCDC,LIST-62AB7E6A4CF2519D,IE00BKWQ0H23,HLTH,A2R_CANONICAL_SELECTION,True,2022-08-10,1.0,True,1,SEMANTICALLY_IDENTICAL_IMPLEMENTATION_TRANSITION,YES_SAME_A2R_ECONOMIC_FAMILY,CONTINUE,NO
2022-08-15,EUROPE_HEALTHCARE,LIST-62AB7E6A4CF2519D,LIST-F5185DE9554ADCDC,IE00BKWQ0H23,HEAE,A2R_CANONICAL_SELECTION,True,2022-08-12,1.0,True,1,SEMANTICALLY_IDENTICAL_IMPLEMENTATION_TRANSITION,YES_SAME_A2R_ECONOMIC_FAMILY,CONTINUE,NO
2022-08-18,EUROPE_HEALTHCARE,LIST-F5185DE9554ADCDC,LIST-62AB7E6A4CF2519D,IE00BKWQ0H23,HLTH,A2R_CANONICAL_SELECTION,True,2022-08-17,1.0,True,1,SEMANTICALLY_IDENTICAL_IMPLEMENTATION_TRANSITION,YES_SAME_A2R_ECONOMIC_FAMILY,CONTINUE,NO
2022-08-19,EUROPE_HEALTHCARE,LIST-62AB7E6A4CF2519D,LIST-F5185DE9554ADCDC,IE00BKWQ0H23,HEAE,A2R_CANONICAL_SELECTION,False,,,False,1,PRICE_NOT_AVAILABLE,YES_SAME_A2R_ECONOMIC_FAMILY,RESET_OR_ENDPOINT_UNAVAILABLE,NO
2022-08-22,EUROPE_HEALTHCARE,LIST-F5185DE9554ADCDC,LIST-62AB7E6A4CF2519D,IE00BKWQ0H23,HLTH,A2R_CANONICAL_SELECTION,True,2022-08-19,1.0,False,1,EXACT_PREVIOUS_XLON_SESSION_ENDPOINT,YES_SAME_A2R_ECONOMIC_FAMILY,RESET_OR_ENDPOINT_UNAVAILABLE,NO
2022-08-23,EUROPE_HEALTHCARE,LIST-62AB7E6A4CF2519D,LIST-F5185DE9554ADCDC,IE00BKWQ0H23,HEAE,A2R_CANONICAL_SELECTION,True,2022-08-22,1.0,True,1,SEMANTICALLY_IDENTICAL_IMPLEMENTATION_TRANSITION,YES_SAME_A2R_ECONOMIC_FAMILY,CONTINUE,NO
2022-09-02,EUROPE_HEALTHCARE,LIST-F5185DE9554ADCDC,LIST-62AB7E6A4CF2519D,IE00BKWQ0H23,HLTH,A2R_CANONICAL_SELECTION,True,2022-09-01,1.0,True,1,SEMANTICALLY_IDENTICAL_IMPLEMENTATION_TRANSITION,YES_SAME_A2R_ECONOMIC_FAMILY,CONTINUE,NO
2022-09-05,EUROPE_HEALTHCARE,LIST-62AB7E6A4CF2519D,LIST-F5185DE9554ADCDC,IE00BKWQ0H23,HEAE,A2R_CANONICAL_SELECTION,True,2022-09-02,1.0,True,1,SEMANTICALLY_IDENTICAL_IMPLEMENTATION_TRANSITION,YES_SAME_A2R_ECONOMIC_FAMILY,CONTINUE,NO
2022-09-09,EUROPE_HEALTHCARE,LIST-F5185DE9554ADCDC,LIST-62AB7E6A4CF2519D,IE00BKWQ0H23,HLTH,A2R_CANONICAL_SELECTION,True,2022-09-08,1.0,True,1,SEMANTICALLY_IDENTICAL_IMPLEMENTATION_TRANSITION,YES_SAME_A2R_ECONOMIC_FAMILY,CONTINUE,NO
2022-09-12,EUROPE_HEALTHCARE,LIST-62AB7E6A4CF2519D,LIST-F5185DE9554ADCDC,IE00BKWQ0H23,HEAE,A2R_CANONICAL_SELECTION,True,2022-09-09,1.0,True,1,SEMANTICALLY_IDENTICAL_IMPLEMENTATION_TRANSITION,YES_SAME_A2R_ECONOMIC_FAMILY,CONTINUE,NO
2022-09-14,EUROPE_HEALTHCARE,LIST-F5185DE9554ADCDC,LIST-62AB7E6A4CF2519D,IE00BKWQ0H23,HLTH,A2R_CANONICAL_SELECTION,True,2022-09-13,1.0,True,1,SEMANTICALLY_IDENTICAL_IMPLEMENTATION_TRANSITION,YES_SAME_A2R_ECONOMIC_FAMILY,CONTINUE,NO
2022-09-15,EUROPE_HEALTHCARE,LIST-62AB7E6A4CF2519D,LIST-F5185DE9554ADCDC,IE00BKWQ0H23,HEAE,A2R_CANONICAL_SELECTION,True,2022-09-14,1.0,True,1,SEMANTICALLY_IDENTICAL_IMPLEMENTATION_TRANSITION,YES_SAME_A2R_ECONOMIC_FAMILY,CONTINUE,NO
2022-09-23,EUROPE_HEALTHCARE,LIST-F5185DE9554ADCDC,LIST-62AB7E6A4CF2519D,IE00BKWQ0H23,HLTH,A2R_CANONICAL_SELECTION,True,2022-09-22,1.0,True,1,SEMANTICALLY_IDENTICAL_IMPLEMENTATION_TRANSITION,YES_SAME_A2R_ECONOMIC_FAMILY,CONTINUE,NO
2022-09-26,EUROPE_HEALTHCARE,LIST-62AB7E6A4CF2519D,LIST-F5185DE9554ADCDC,IE00BKWQ0H23,HEAE,A2R_CANONICAL_SELECTION,False,,,False,1,PRICE_NOT_AVAILABLE,YES_SAME_A2R_ECONOMIC_FAMILY,RESET_OR_ENDPOINT_UNAVAILABLE,NO
2022-09-27,EUROPE_HEALTHCARE,LIST-F5185DE9554ADCDC,LIST-62AB7E6A4CF2519D,IE00BKWQ0H23,HLTH,A2R_CANONICAL_SELECTION,True,2022-09-26,1.0,False,1,EXACT_PREVIOUS_XLON_SESSION_ENDPOINT,YES_SAME_A2R_ECONOMIC_FAMILY,RESET_OR_ENDPOINT_UNAVAILABLE,NO
2022-09-28,EUROPE_HEALTHCARE,LIST-62AB7E6A4CF2519D,LIST-F5185DE9554ADCDC,IE00BKWQ0H23,HEAE,A2R_CANONICAL_SELECTION,False,,,False,1,PRICE_NOT_AVAILABLE,YES_SAME_A2R_ECONOMIC_FAMILY,RESET_OR_ENDPOINT_UNAVAILABLE,NO
2022-09-29,EUROPE_HEALTHCARE,LIST-F5185DE9554ADCDC,LIST-62AB7E6A4CF2519D,IE00BKWQ0H23,HLTH,A2R_CANONICAL_SELECTION,True,2022-09-28,1.0,False,1,EXACT_PREVIOUS_XLON_SESSION_ENDPOINT,YES_SAME_A2R_ECONOMIC_FAMILY,RESET_OR_ENDPOINT_UNAVAILABLE,NO
2022-10-03,EUROPE_HEALTHCARE,LIST-62AB7E6A4CF2519D,LIST-F5185DE9554ADCDC,IE00BKWQ0H23,HEAE,A2R_CANONICAL_SELECTION,False,,,False,1,PRICE_NOT_AVAILABLE,YES_SAME_A2R_ECONOMIC_FAMILY,RESET_OR_ENDPOINT_UNAVAILABLE,NO
2022-10-04,EUROPE_HEALTHCARE,LIST-F5185DE9554ADCDC,LIST-62AB7E6A4CF2519D,IE00BKWQ0H23,HLTH,A2R_CANONICAL_SELECTION,True,2022-10-03,1.0,False,1,EXACT_PREVIOUS_XLON_SESSION_ENDPOINT,YES_SAME_A2R_ECONOMIC_FAMILY,RESET_OR_ENDPOINT_UNAVAILABLE,NO
2022-10-10,EUROPE_HEALTHCARE,LIST-62AB7E6A4CF2519D,LIST-F5185DE9554ADCDC,IE00BKWQ0H23,HEAE,A2R_CANONICAL_SELECTION,False,,,False,1,PRICE_NOT_AVAILABLE,YES_SAME_A2R_ECONOMIC_FAMILY,RESET_OR_ENDPOINT_UNAVAILABLE,NO
2022-10-11,EUROPE_HEALTHCARE,LIST-F5185DE9554ADCDC,LIST-62AB7E6A4CF2519D,IE00BKWQ0H23,HLTH,A2R_CANONICAL_SELECTION,True,2022-10-10,1.0,False,1,EXACT_PREVIOUS_XLON_SESSION_ENDPOINT,YES_SAME_A2R_ECONOMIC_FAMILY,RESET_OR_ENDPOINT_UNAVAILABLE,NO
2022-10-13,EUROPE_HEALTHCARE,LIST-62AB7E6A4CF2519D,LIST-F5185DE9554ADCDC,IE00BKWQ0H23,HEAE,A2R_CANONICAL_SELECTION,True,2022-10-12,1.0,True,1,SEMANTICALLY_IDENTICAL_IMPLEMENTATION_TRANSITION,YES_SAME_A2R_ECONOMIC_FAMILY,CONTINUE,NO
2022-10-21,EUROPE_HEALTHCARE,LIST-F5185DE9554ADCDC,LIST-62AB7E6A4CF2519D,IE00BKWQ0H23,HLTH,A2R_CANONICAL_SELECTION,True,2022-10-20,1.0,True,1,SEMANTICALLY_IDENTICAL_IMPLEMENTATION_TRANSITION,YES_SAME_A2R_ECONOMIC_FAMILY,CONTINUE,NO
2022-11-01,EUROPE_HEALTHCARE,LIST-62AB7E6A4CF2519D,LIST-F5185DE9554ADCDC,IE00BKWQ0H23,HEAE,A2R_CANONICAL_SELECTION,False,,,False,1,PRICE_NOT_AVAILABLE,YES_SAME_A2R_ECONOMIC_FAMILY,RESET_OR_ENDPOINT_UNAVAILABLE,NO
2022-11-02,EUROPE_HEALTHCARE,LIST-F5185DE9554ADCDC,LIST-62AB7E6A4CF2519D,IE00BKWQ0H23,HLTH,A2R_CANONICAL_SELECTION,True,2022-11-01,1.0,False,1,EXACT_PREVIOUS_XLON_SESSION_ENDPOINT,YES_SAME_A2R_ECONOMIC_FAMILY,RESET_OR_ENDPOINT_UNAVAILABLE,NO
2022-11-04,EUROPE_HEALTHCARE,LIST-62AB7E6A4CF2519D,LIST-F5185DE9554ADCDC,IE00BKWQ0H23,HEAE,A2R_CANONICAL_SELECTION,True,2022-11-03,1.0,True,1,SEMANTICALLY_IDENTICAL_IMPLEMENTATION_TRANSITION,YES_SAME_A2R_ECONOMIC_FAMILY,CONTINUE,NO
2022-11-25,EUROPE_HEALTHCARE,LIST-F5185DE9554ADCDC,LIST-62AB7E6A4CF2519D,IE00BKWQ0H23,HLTH,A2R_CANONICAL_SELECTION,True,2022-11-24,1.0,True,1,SEMANTICALLY_IDENTICAL_IMPLEMENTATION_TRANSITION,YES_SAME_A2R_ECONOMIC_FAMILY,CONTINUE,NO
2022-11-28,EUROPE_HEALTHCARE,LIST-62AB7E6A4CF2519D,LIST-F5185DE9554ADCDC,IE00BKWQ0H23,HEAE,A2R_CANONICAL_SELECTION,True,2022-11-25,1.0,True,1,SEMANTICALLY_IDENTICAL_IMPLEMENTATION_TRANSITION,YES_SAME_A2R_ECONOMIC_FAMILY,CONTINUE,NO
2022-12-06,EUROPE_HEALTHCARE,LIST-F5185DE9554ADCDC,LIST-62AB7E6A4CF2519D,IE00BKWQ0H23,HLTH,A2R_CANONICAL_SELECTION,True,2022-12-05,1.0,True,1,SEMANTICALLY_IDENTICAL_IMPLEMENTATION_TRANSITION,YES_SAME_A2R_ECONOMIC_FAMILY,CONTINUE,NO
2022-12-07,EUROPE_HEALTHCARE,LIST-62AB7E6A4CF2519D,LIST-F5185DE9554ADCDC,IE00BKWQ0H23,HEAE,A2R_CANONICAL_SELECTION,False,,,False,1,PRICE_NOT_AVAILABLE,YES_SAME_A2R_ECONOMIC_FAMILY,RESET_OR_ENDPOINT_UNAVAILABLE,NO
2022-12-08,EUROPE_HEALTHCARE,LIST-F5185DE9554ADCDC,LIST-62AB7E6A4CF2519D,IE00BKWQ0H23,HLTH,A2R_CANONICAL_SELECTION,True,2022-12-07,1.0,False,1,EXACT_PREVIOUS_XLON_SESSION_ENDPOINT,YES_SAME_A2R_ECONOMIC_FAMILY,RESET_OR_ENDPOINT_UNAVAILABLE,NO
2022-12-09,EUROPE_HEALTHCARE,LIST-62AB7E6A4CF2519D,LIST-F5185DE9554ADCDC,IE00BKWQ0H23,HEAE,A2R_CANONICAL_SELECTION,True,2022-12-08,1.0,True,1,SEMANTICALLY_IDENTICAL_IMPLEMENTATION_TRANSITION,YES_SAME_A2R_ECONOMIC_FAMILY,CONTINUE,NO
2022-12-13,EUROPE_HEALTHCARE,LIST-F5185DE9554ADCDC,LIST-62AB7E6A4CF2519D,IE00BKWQ0H23,HLTH,A2R_CANONICAL_SELECTION,True,2022-12-12,1.0,True,1,SEMANTICALLY_IDENTICAL_IMPLEMENTATION_TRANSITION,YES_SAME_A2R_ECONOMIC_FAMILY,CONTINUE,NO
2022-12-14,EUROPE_HEALTHCARE,LIST-62AB7E6A4CF2519D,LIST-F5185DE9554ADCDC,IE00BKWQ0H23,HEAE,A2R_CANONICAL_SELECTION,False,,,False,1,PRICE_NOT_AVAILABLE,YES_SAME_A2R_ECONOMIC_FAMILY,RESET_OR_ENDPOINT_UNAVAILABLE,NO
2022-12-15,EUROPE_HEALTHCARE,LIST-F5185DE9554ADCDC,LIST-62AB7E6A4CF2519D,IE00BKWQ0H23,HLTH,A2R_CANONICAL_SELECTION,True,2022-12-14,1.0,False,1,EXACT_PREVIOUS_XLON_SESSION_ENDPOINT,YES_SAME_A2R_ECONOMIC_FAMILY,RESET_OR_ENDPOINT_UNAVAILABLE,NO
2022-12-16,EUROPE_HEALTHCARE,LIST-62AB7E6A4CF2519D,LIST-F5185DE9554ADCDC,IE00BKWQ0H23,HEAE,A2R_CANONICAL_SELECTION,True,2022-12-15,1.0,True,1,SEMANTICALLY_IDENTICAL_IMPLEMENTATION_TRANSITION,YES_SAME_A2R_ECONOMIC_FAMILY,CONTINUE,NO
2022-12-29,EUROPE_HEALTHCARE,LIST-F5185DE9554ADCDC,LIST-62AB7E6A4CF2519D,IE00BKWQ0H23,HLTH,A2R_CANONICAL_SELECTION,True,2022-12-28,1.0,True,1,SEMANTICALLY_IDENTICAL_IMPLEMENTATION_TRANSITION,YES_SAME_A2R_ECONOMIC_FAMILY,CONTINUE,NO
2023-01-04,EUROPE_HEALTHCARE,LIST-62AB7E6A4CF2519D,LIST-F5185DE9554ADCDC,IE00BKWQ0H23,HEAE,A2R_CANONICAL_SELECTION,True,2023-01-03,1.0,True,1,SEMANTICALLY_IDENTICAL_IMPLEMENTATION_TRANSITION,YES_SAME_A2R_ECONOMIC_FAMILY,CONTINUE,NO
2023-01-10,EUROPE_HEALTHCARE,LIST-F5185DE9554ADCDC,LIST-62AB7E6A4CF2519D,IE00BKWQ0H23,HLTH,A2R_CANONICAL_SELECTION,True,2023-01-09,1.0,True,1,SEMANTICALLY_IDENTICAL_IMPLEMENTATION_TRANSITION,YES_SAME_A2R_ECONOMIC_FAMILY,CONTINUE,NO
2023-01-11,EUROPE_HEALTHCARE,LIST-62AB7E6A4CF2519D,LIST-F5185DE9554ADCDC,IE00BKWQ0H23,HEAE,A2R_CANONICAL_SELECTION,True,2023-01-10,1.0,True,1,SEMANTICALLY_IDENTICAL_IMPLEMENTATION_TRANSITION,YES_SAME_A2R_ECONOMIC_FAMILY,CONTINUE,NO
2023-01-13,EUROPE_HEALTHCARE,LIST-F5185DE9554ADCDC,LIST-62AB7E6A4CF2519D,IE00BKWQ0H23,HLTH,A2R_CANONICAL_SELECTION,True,2023-01-12,1.0,True,1,SEMANTICALLY_IDENTICAL_IMPLEMENTATION_TRANSITION,YES_SAME_A2R_ECONOMIC_FAMILY,CONTINUE,NO
2023-01-16,EUROPE_HEALTHCARE,LIST-62AB7E6A4CF2519D,LIST-F5185DE9554ADCDC,IE00BKWQ0H23,HEAE,A2R_CANONICAL_SELECTION,True,2023-01-13,1.0,True,1,SEMANTICALLY_IDENTICAL_IMPLEMENTATION_TRANSITION,YES_SAME_A2R_ECONOMIC_FAMILY,CONTINUE,NO
2023-01-24,EUROPE_HEALTHCARE,LIST-F5185DE9554ADCDC,LIST-62AB7E6A4CF2519D,IE00BKWQ0H23,HLTH,A2R_CANONICAL_SELECTION,True,2023-01-23,1.0,True,1,SEMANTICALLY_IDENTICAL_IMPLEMENTATION_TRANSITION,YES_SAME_A2R_ECONOMIC_FAMILY,CONTINUE,NO
2023-01-25,EUROPE_HEALTHCARE,LIST-62AB7E6A4CF2519D,LIST-F5185DE9554ADCDC,IE00BKWQ0H23,HEAE,A2R_CANONICAL_SELECTION,False,,,False,1,PRICE_NOT_AVAILABLE,YES_SAME_A2R_ECONOMIC_FAMILY,RESET_OR_ENDPOINT_UNAVAILABLE,NO
2023-01-26,EUROPE_HEALTHCARE,LIST-F5185DE9554ADCDC,LIST-62AB7E6A4CF2519D,IE00BKWQ0H23,HLTH,A2R_CANONICAL_SELECTION,True,2023-01-25,1.0,False,1,EXACT_PREVIOUS_XLON_SESSION_ENDPOINT,YES_SAME_A2R_ECONOMIC_FAMILY,RESET_OR_ENDPOINT_UNAVAILABLE,NO
2023-02-01,EUROPE_HEALTHCARE,LIST-62AB7E6A4CF2519D,LIST-F5185DE9554ADCDC,IE00BKWQ0H23,HEAE,A2R_CANONICAL_SELECTION,False,,,False,1,PRICE_NOT_AVAILABLE,YES_SAME_A2R_ECONOMIC_FAMILY,RESET_OR_ENDPOINT_UNAVAILABLE,NO
2023-02-02,EUROPE_HEALTHCARE,LIST-F5185DE9554ADCDC,LIST-62AB7E6A4CF2519D,IE00BKWQ0H23,HLTH,A2R_CANONICAL_SELECTION,True,2023-02-01,1.0,False,1,EXACT_PREVIOUS_XLON_SESSION_ENDPOINT,YES_SAME_A2R_ECONOMIC_FAMILY,RESET_OR_ENDPOINT_UNAVAILABLE,NO
2023-02-03,EUROPE_HEALTHCARE,LIST-62AB7E6A4CF2519D,LIST-F5185DE9554ADCDC,IE00BKWQ0H23,HEAE,A2R_CANONICAL_SELECTION,True,2023-02-02,1.0,True,1,SEMANTICALLY_IDENTICAL_IMPLEMENTATION_TRANSITION,YES_SAME_A2R_ECONOMIC_FAMILY,CONTINUE,NO
2023-02-10,EUROPE_HEALTHCARE,LIST-F5185DE9554ADCDC,LIST-62AB7E6A4CF2519D,IE00BKWQ0H23,HLTH,A2R_CANONICAL_SELECTION,True,2023-02-09,1.0,True,1,SEMANTICALLY_IDENTICAL_IMPLEMENTATION_TRANSITION,YES_SAME_A2R_ECONOMIC_FAMILY,CONTINUE,NO
2023-02-14,EUROPE_HEALTHCARE,LIST-62AB7E6A4CF2519D,LIST-F5185DE9554ADCDC,IE00BKWQ0H23,HEAE,A2R_CANONICAL_SELECTION,True,2023-02-13,1.0,True,1,SEMANTICALLY_IDENTICAL_IMPLEMENTATION_TRANSITION,YES_SAME_A2R_ECONOMIC_FAMILY,CONTINUE,NO
2023-02-20,EUROPE_HEALTHCARE,LIST-F5185DE9554ADCDC,LIST-62AB7E6A4CF2519D,IE00BKWQ0H23,HLTH,A2R_CANONICAL_SELECTION,True,2023-02-17,1.0,True,1,SEMANTICALLY_IDENTICAL_IMPLEMENTATION_TRANSITION,YES_SAME_A2R_ECONOMIC_FAMILY,CONTINUE,NO
2023-02-21,EUROPE_HEALTHCARE,LIST-62AB7E6A4CF2519D,LIST-F5185DE9554ADCDC,IE00BKWQ0H23,HEAE,A2R_CANONICAL_SELECTION,True,2023-02-20,1.0,True,1,SEMANTICALLY_IDENTICAL_IMPLEMENTATION_TRANSITION,YES_SAME_A2R_ECONOMIC_FAMILY,CONTINUE,NO
2023-02-24,EUROPE_HEALTHCARE,LIST-F5185DE9554ADCDC,LIST-62AB7E6A4CF2519D,IE00BKWQ0H23,HLTH,A2R_CANONICAL_SELECTION,True,2023-02-23,1.0,True,1,SEMANTICALLY_IDENTICAL_IMPLEMENTATION_TRANSITION,YES_SAME_A2R_ECONOMIC_FAMILY,CONTINUE,NO
2023-02-27,EUROPE_HEALTHCARE,LIST-62AB7E6A4CF2519D,LIST-F5185DE9554ADCDC,IE00BKWQ0H23,HEAE,A2R_CANONICAL_SELECTION,False,,,False,1,PRICE_NOT_AVAILABLE,YES_SAME_A2R_ECONOMIC_FAMILY,RESET_OR_ENDPOINT_UNAVAILABLE,NO
2023-02-28,EUROPE_HEALTHCARE,LIST-F5185DE9554ADCDC,LIST-62AB7E6A4CF2519D,IE00BKWQ0H23,HLTH,A2R_CANONICAL_SELECTION,True,2023-02-27,1.0,False,1,EXACT_PREVIOUS_XLON_SESSION_ENDPOINT,YES_SAME_A2R_ECONOMIC_FAMILY,RESET_OR_ENDPOINT_UNAVAILABLE,NO
2023-03-01,EUROPE_HEALTHCARE,LIST-62AB7E6A4CF2519D,LIST-F5185DE9554ADCDC,IE00BKWQ0H23,HEAE,A2R_CANONICAL_SELECTION,True,2023-02-28,1.0,True,1,SEMANTICALLY_IDENTICAL_IMPLEMENTATION_TRANSITION,YES_SAME_A2R_ECONOMIC_FAMILY,CONTINUE,NO
2023-05-05,EUROPE_HEALTHCARE,LIST-F5185DE9554ADCDC,LIST-62AB7E6A4CF2519D,IE00BKWQ0H23,HLTH,A2R_CANONICAL_SELECTION,True,2023-05-04,1.0,True,1,SEMANTICALLY_IDENTICAL_IMPLEMENTATION_TRANSITION,YES_SAME_A2R_ECONOMIC_FAMILY,CONTINUE,NO
2023-05-10,EUROPE_HEALTHCARE,LIST-62AB7E6A4CF2519D,LIST-F5185DE9554ADCDC,IE00BKWQ0H23,HEAE,A2R_CANONICAL_SELECTION,True,2023-05-09,1.0,True,1,SEMANTICALLY_IDENTICAL_IMPLEMENTATION_TRANSITION,YES_SAME_A2R_ECONOMIC_FAMILY,CONTINUE,NO
2023-06-21,EUROPE_HEALTHCARE,LIST-F5185DE9554ADCDC,LIST-62AB7E6A4CF2519D,IE00BKWQ0H23,HLTH,A2R_CANONICAL_SELECTION,True,2023-06-20,1.0,True,1,SEMANTICALLY_IDENTICAL_IMPLEMENTATION_TRANSITION,YES_SAME_A2R_ECONOMIC_FAMILY,CONTINUE,NO
2023-06-23,EUROPE_HEALTHCARE,LIST-62AB7E6A4CF2519D,LIST-F5185DE9554ADCDC,IE00BKWQ0H23,HEAE,A2R_CANONICAL_SELECTION,False,,,False,1,PRICE_NOT_AVAILABLE,YES_SAME_A2R_ECONOMIC_FAMILY,RESET_OR_ENDPOINT_UNAVAILABLE,NO
2023-06-26,EUROPE_HEALTHCARE,LIST-F5185DE9554ADCDC,LIST-62AB7E6A4CF2519D,IE00BKWQ0H23,HLTH,A2R_CANONICAL_SELECTION,True,2023-06-23,1.0,False,1,EXACT_PREVIOUS_XLON_SESSION_ENDPOINT,YES_SAME_A2R_ECONOMIC_FAMILY,RESET_OR_ENDPOINT_UNAVAILABLE,NO
2023-06-27,EUROPE_HEALTHCARE,LIST-62AB7E6A4CF2519D,LIST-F5185DE9554ADCDC,IE00BKWQ0H23,HEAE,A2R_CANONICAL_SELECTION,False,,,False,1,PRICE_NOT_AVAILABLE,YES_SAME_A2R_ECONOMIC_FAMILY,RESET_OR_ENDPOINT_UNAVAILABLE,NO
2023-06-28,EUROPE_HEALTHCARE,LIST-F5185DE9554ADCDC,LIST-62AB7E6A4CF2519D,IE00BKWQ0H23,HLTH,A2R_CANONICAL_SELECTION,True,2023-06-27,1.0,False,1,EXACT_PREVIOUS_XLON_SESSION_ENDPOINT,YES_SAME_A2R_ECONOMIC_FAMILY,RESET_OR_ENDPOINT_UNAVAILABLE,NO
2023-06-29,EUROPE_HEALTHCARE,LIST-62AB7E6A4CF2519D,LIST-F5185DE9554ADCDC,IE00BKWQ0H23,HEAE,A2R_CANONICAL_SELECTION,True,2023-06-28,1.0,True,1,SEMANTICALLY_IDENTICAL_IMPLEMENTATION_TRANSITION,YES_SAME_A2R_ECONOMIC_FAMILY,CONTINUE,NO
2023-07-04,EUROPE_HEALTHCARE,LIST-F5185DE9554ADCDC,LIST-62AB7E6A4CF2519D,IE00BKWQ0H23,HLTH,A2R_CANONICAL_SELECTION,True,2023-07-03,1.0,True,1,SEMANTICALLY_IDENTICAL_IMPLEMENTATION_TRANSITION,YES_SAME_A2R_ECONOMIC_FAMILY,CONTINUE,NO
2023-07-06,EUROPE_HEALTHCARE,LIST-62AB7E6A4CF2519D,LIST-F5185DE9554ADCDC,IE00BKWQ0H23,HEAE,A2R_CANONICAL_SELECTION,False,,,False,1,PRICE_NOT_AVAILABLE,YES_SAME_A2R_ECONOMIC_FAMILY,RESET_OR_ENDPOINT_UNAVAILABLE,NO
2023-07-07,EUROPE_HEALTHCARE,LIST-F5185DE9554ADCDC,LIST-62AB7E6A4CF2519D,IE00BKWQ0H23,HLTH,A2R_CANONICAL_SELECTION,True,2023-07-06,1.0,False,1,EXACT_PREVIOUS_XLON_SESSION_ENDPOINT,YES_SAME_A2R_ECONOMIC_FAMILY,RESET_OR_ENDPOINT_UNAVAILABLE,NO
2023-07-11,EUROPE_HEALTHCARE,LIST-62AB7E6A4CF2519D,LIST-F5185DE9554ADCDC,IE00BKWQ0H23,HEAE,A2R_CANONICAL_SELECTION,True,2023-07-10,1.0,True,1,SEMANTICALLY_IDENTICAL_IMPLEMENTATION_TRANSITION,YES_SAME_A2R_ECONOMIC_FAMILY,CONTINUE,NO
2023-07-13,EUROPE_HEALTHCARE,LIST-F5185DE9554ADCDC,LIST-62AB7E6A4CF2519D,IE00BKWQ0H23,HLTH,A2R_CANONICAL_SELECTION,True,2023-07-12,1.0,True,1,SEMANTICALLY_IDENTICAL_IMPLEMENTATION_TRANSITION,YES_SAME_A2R_ECONOMIC_FAMILY,CONTINUE,NO
2023-07-14,EUROPE_HEALTHCARE,LIST-62AB7E6A4CF2519D,LIST-F5185DE9554ADCDC,IE00BKWQ0H23,HEAE,A2R_CANONICAL_SELECTION,False,,,False,1,PRICE_NOT_AVAILABLE,YES_SAME_A2R_ECONOMIC_FAMILY,RESET_OR_ENDPOINT_UNAVAILABLE,NO
2023-07-17,EUROPE_HEALTHCARE,LIST-F5185DE9554ADCDC,LIST-62AB7E6A4CF2519D,IE00BKWQ0H23,HLTH,A2R_CANONICAL_SELECTION,True,2023-07-14,1.0,False,1,EXACT_PREVIOUS_XLON_SESSION_ENDPOINT,YES_SAME_A2R_ECONOMIC_FAMILY,RESET_OR_ENDPOINT_UNAVAILABLE,NO
2023-07-18,EUROPE_HEALTHCARE,LIST-62AB7E6A4CF2519D,LIST-F5185DE9554ADCDC,IE00BKWQ0H23,HEAE,A2R_CANONICAL_SELECTION,True,2023-07-17,1.0,True,1,SEMANTICALLY_IDENTICAL_IMPLEMENTATION_TRANSITION,YES_SAME_A2R_ECONOMIC_FAMILY,CONTINUE,NO
2023-08-30,EUROPE_HEALTHCARE,LIST-F5185DE9554ADCDC,LIST-62AB7E6A4CF2519D,IE00BKWQ0H23,HLTH,A2R_CANONICAL_SELECTION,True,2023-08-29,1.0,True,1,SEMANTICALLY_IDENTICAL_IMPLEMENTATION_TRANSITION,YES_SAME_A2R_ECONOMIC_FAMILY,CONTINUE,NO
2023-08-31,EUROPE_HEALTHCARE,LIST-62AB7E6A4CF2519D,LIST-F5185DE9554ADCDC,IE00BKWQ0H23,HEAE,A2R_CANONICAL_SELECTION,True,2023-08-30,1.0,True,1,SEMANTICALLY_IDENTICAL_IMPLEMENTATION_TRANSITION,YES_SAME_A2R_ECONOMIC_FAMILY,CONTINUE,NO
2023-09-04,EUROPE_HEALTHCARE,LIST-F5185DE9554ADCDC,LIST-62AB7E6A4CF2519D,IE00BKWQ0H23,HLTH,A2R_CANONICAL_SELECTION,True,2023-09-01,1.0,True,1,SEMANTICALLY_IDENTICAL_IMPLEMENTATION_TRANSITION,YES_SAME_A2R_ECONOMIC_FAMILY,CONTINUE,NO
2023-09-05,EUROPE_HEALTHCARE,LIST-62AB7E6A4CF2519D,LIST-F5185DE9554ADCDC,IE00BKWQ0H23,HEAE,A2R_CANONICAL_SELECTION,True,2023-09-04,1.0,True,1,SEMANTICALLY_IDENTICAL_IMPLEMENTATION_TRANSITION,YES_SAME_A2R_ECONOMIC_FAMILY,CONTINUE,NO
2023-09-07,EUROPE_HEALTHCARE,LIST-F5185DE9554ADCDC,LIST-62AB7E6A4CF2519D,IE00BKWQ0H23,HLTH,A2R_CANONICAL_SELECTION,True,2023-09-06,1.0,True,1,SEMANTICALLY_IDENTICAL_IMPLEMENTATION_TRANSITION,YES_SAME_A2R_ECONOMIC_FAMILY,CONTINUE,NO
2023-09-08,EUROPE_HEALTHCARE,LIST-62AB7E6A4CF2519D,LIST-F5185DE9554ADCDC,IE00BKWQ0H23,HEAE,A2R_CANONICAL_SELECTION,False,,,False,1,PRICE_NOT_AVAILABLE,YES_SAME_A2R_ECONOMIC_FAMILY,RESET_OR_ENDPOINT_UNAVAILABLE,NO
2023-09-11,EUROPE_HEALTHCARE,LIST-F5185DE9554ADCDC,LIST-62AB7E6A4CF2519D,IE00BKWQ0H23,HLTH,A2R_CANONICAL_SELECTION,True,2023-09-08,1.0,False,1,EXACT_PREVIOUS_XLON_SESSION_ENDPOINT,YES_SAME_A2R_ECONOMIC_FAMILY,RESET_OR_ENDPOINT_UNAVAILABLE,NO
2023-09-12,EUROPE_HEALTHCARE,LIST-62AB7E6A4CF2519D,LIST-F5185DE9554ADCDC,IE00BKWQ0H23,HEAE,A2R_CANONICAL_SELECTION,True,2023-09-11,1.0,True,1,SEMANTICALLY_IDENTICAL_IMPLEMENTATION_TRANSITION,YES_SAME_A2R_ECONOMIC_FAMILY,CONTINUE,NO
2023-09-15,EUROPE_HEALTHCARE,LIST-F5185DE9554ADCDC,LIST-62AB7E6A4CF2519D,IE00BKWQ0H23,HLTH,A2R_CANONICAL_SELECTION,True,2023-09-14,1.0,True,1,SEMANTICALLY_IDENTICAL_IMPLEMENTATION_TRANSITION,YES_SAME_A2R_ECONOMIC_FAMILY,CONTINUE,NO
2023-09-18,EUROPE_HEALTHCARE,LIST-62AB7E6A4CF2519D,LIST-F5185DE9554ADCDC,IE00BKWQ0H23,HEAE,A2R_CANONICAL_SELECTION,True,2023-09-15,1.0,True,1,SEMANTICALLY_IDENTICAL_IMPLEMENTATION_TRANSITION,YES_SAME_A2R_ECONOMIC_FAMILY,CONTINUE,NO
2023-09-21,EUROPE_HEALTHCARE,LIST-F5185DE9554ADCDC,LIST-62AB7E6A4CF2519D,IE00BKWQ0H23,HLTH,A2R_CANONICAL_SELECTION,True,2023-09-20,1.0,True,1,SEMANTICALLY_IDENTICAL_IMPLEMENTATION_TRANSITION,YES_SAME_A2R_ECONOMIC_FAMILY,CONTINUE,NO
2023-09-22,EUROPE_HEALTHCARE,LIST-62AB7E6A4CF2519D,LIST-F5185DE9554ADCDC,IE00BKWQ0H23,HEAE,A2R_CANONICAL_SELECTION,True,2023-09-21,1.0,True,1,SEMANTICALLY_IDENTICAL_IMPLEMENTATION_TRANSITION,YES_SAME_A2R_ECONOMIC_FAMILY,CONTINUE,NO
2023-09-29,EUROPE_HEALTHCARE,LIST-F5185DE9554ADCDC,LIST-62AB7E6A4CF2519D,IE00BKWQ0H23,HLTH,A2R_CANONICAL_SELECTION,True,2023-09-28,1.0,True,1,SEMANTICALLY_IDENTICAL_IMPLEMENTATION_TRANSITION,YES_SAME_A2R_ECONOMIC_FAMILY,CONTINUE,NO
2023-10-02,EUROPE_HEALTHCARE,LIST-62AB7E6A4CF2519D,LIST-F5185DE9554ADCDC,IE00BKWQ0H23,HEAE,A2R_CANONICAL_SELECTION,True,2023-09-29,1.0,True,1,SEMANTICALLY_IDENTICAL_IMPLEMENTATION_TRANSITION,YES_SAME_A2R_ECONOMIC_FAMILY,CONTINUE,NO
2023-10-17,EUROPE_HEALTHCARE,LIST-F5185DE9554ADCDC,LIST-62AB7E6A4CF2519D,IE00BKWQ0H23,HLTH,A2R_CANONICAL_SELECTION,True,2023-10-16,1.0,True,1,SEMANTICALLY_IDENTICAL_IMPLEMENTATION_TRANSITION,YES_SAME_A2R_ECONOMIC_FAMILY,CONTINUE,NO
2023-10-18,EUROPE_HEALTHCARE,LIST-62AB7E6A4CF2519D,LIST-F5185DE9554ADCDC,IE00BKWQ0H23,HEAE,A2R_CANONICAL_SELECTION,True,2023-10-17,1.0,True,1,SEMANTICALLY_IDENTICAL_IMPLEMENTATION_TRANSITION,YES_SAME_A2R_ECONOMIC_FAMILY,CONTINUE,NO
2023-10-26,EUROPE_HEALTHCARE,LIST-F5185DE9554ADCDC,LIST-62AB7E6A4CF2519D,IE00BKWQ0H23,HLTH,A2R_CANONICAL_SELECTION,True,2023-10-25,1.0,True,1,SEMANTICALLY_IDENTICAL_IMPLEMENTATION_TRANSITION,YES_SAME_A2R_ECONOMIC_FAMILY,CONTINUE,NO
2023-10-30,EUROPE_HEALTHCARE,LIST-62AB7E6A4CF2519D,LIST-F5185DE9554ADCDC,IE00BKWQ0H23,HEAE,A2R_CANONICAL_SELECTION,True,2023-10-27,1.0,True,1,SEMANTICALLY_IDENTICAL_IMPLEMENTATION_TRANSITION,YES_SAME_A2R_ECONOMIC_FAMILY,CONTINUE,NO
2024-09-04,EUROPE_HEALTHCARE,LIST-F5185DE9554ADCDC,LIST-62AB7E6A4CF2519D,IE00BKWQ0H23,HLTH,A2R_CANONICAL_SELECTION,True,2024-09-03,1.0,True,1,SEMANTICALLY_IDENTICAL_IMPLEMENTATION_TRANSITION,YES_SAME_A2R_ECONOMIC_FAMILY,CONTINUE,NO
2024-09-05,EUROPE_HEALTHCARE,LIST-62AB7E6A4CF2519D,LIST-F5185DE9554ADCDC,IE00BKWQ0H23,HEAE,A2R_CANONICAL_SELECTION,True,2024-09-04,1.0,True,1,SEMANTICALLY_IDENTICAL_IMPLEMENTATION_TRANSITION,YES_SAME_A2R_ECONOMIC_FAMILY,CONTINUE,NO
2024-09-25,EUROPE_HEALTHCARE,LIST-F5185DE9554ADCDC,LIST-62AB7E6A4CF2519D,IE00BKWQ0H23,HLTH,A2R_CANONICAL_SELECTION,True,2024-09-24,1.0,True,1,SEMANTICALLY_IDENTICAL_IMPLEMENTATION_TRANSITION,YES_SAME_A2R_ECONOMIC_FAMILY,CONTINUE,NO
2024-09-26,EUROPE_HEALTHCARE,LIST-62AB7E6A4CF2519D,LIST-F5185DE9554ADCDC,IE00BKWQ0H23,HEAE,A2R_CANONICAL_SELECTION,False,,,False,1,PRICE_NOT_AVAILABLE,YES_SAME_A2R_ECONOMIC_FAMILY,RESET_OR_ENDPOINT_UNAVAILABLE,NO
2024-09-27,EUROPE_HEALTHCARE,LIST-F5185DE9554ADCDC,LIST-62AB7E6A4CF2519D,IE00BKWQ0H23,HLTH,A2R_CANONICAL_SELECTION,True,2024-09-26,1.0,False,1,EXACT_PREVIOUS_XLON_SESSION_ENDPOINT,YES_SAME_A2R_ECONOMIC_FAMILY,RESET_OR_ENDPOINT_UNAVAILABLE,NO
2024-09-30,EUROPE_HEALTHCARE,LIST-62AB7E6A4CF2519D,LIST-F5185DE9554ADCDC,IE00BKWQ0H23,HEAE,A2R_CANONICAL_SELECTION,True,2024-09-27,1.0,True,1,SEMANTICALLY_IDENTICAL_IMPLEMENTATION_TRANSITION,YES_SAME_A2R_ECONOMIC_FAMILY,CONTINUE,NO
2024-10-14,EUROPE_HEALTHCARE,LIST-F5185DE9554ADCDC,LIST-62AB7E6A4CF2519D,IE00BKWQ0H23,HLTH,A2R_CANONICAL_SELECTION,True,2024-10-11,1.0,True,1,SEMANTICALLY_IDENTICAL_IMPLEMENTATION_TRANSITION,YES_SAME_A2R_ECONOMIC_FAMILY,CONTINUE,NO
2024-10-15,EUROPE_HEALTHCARE,LIST-62AB7E6A4CF2519D,LIST-F5185DE9554ADCDC,IE00BKWQ0H23,HEAE,A2R_CANONICAL_SELECTION,True,2024-10-14,1.0,True,1,SEMANTICALLY_IDENTICAL_IMPLEMENTATION_TRANSITION,YES_SAME_A2R_ECONOMIC_FAMILY,CONTINUE,NO
2024-11-25,EUROPE_HEALTHCARE,LIST-F5185DE9554ADCDC,LIST-62AB7E6A4CF2519D,IE00BKWQ0H23,HLTH,A2R_CANONICAL_SELECTION,True,2024-11-22,1.0,True,1,SEMANTICALLY_IDENTICAL_IMPLEMENTATION_TRANSITION,YES_SAME_A2R_ECONOMIC_FAMILY,CONTINUE,NO
2024-11-26,EUROPE_HEALTHCARE,LIST-62AB7E6A4CF2519D,LIST-F5185DE9554ADCDC,IE00BKWQ0H23,HEAE,A2R_CANONICAL_SELECTION,True,2024-11-25,1.0,True,1,SEMANTICALLY_IDENTICAL_IMPLEMENTATION_TRANSITION,YES_SAME_A2R_ECONOMIC_FAMILY,CONTINUE,NO
2024-12-10,EUROPE_HEALTHCARE,LIST-F5185DE9554ADCDC,LIST-62AB7E6A4CF2519D,IE00BKWQ0H23,HLTH,A2R_CANONICAL_SELECTION,True,2024-12-09,1.0,True,1,SEMANTICALLY_IDENTICAL_IMPLEMENTATION_TRANSITION,YES_SAME_A2R_ECONOMIC_FAMILY,CONTINUE,NO
2024-12-11,EUROPE_HEALTHCARE,LIST-62AB7E6A4CF2519D,LIST-F5185DE9554ADCDC,IE00BKWQ0H23,HEAE,A2R_CANONICAL_SELECTION,True,2024-12-10,1.0,True,1,SEMANTICALLY_IDENTICAL_IMPLEMENTATION_TRANSITION,YES_SAME_A2R_ECONOMIC_FAMILY,CONTINUE,NO
2024-12-27,EUROPE_HEALTHCARE,LIST-F5185DE9554ADCDC,LIST-62AB7E6A4CF2519D,IE00BKWQ0H23,HLTH,A2R_CANONICAL_SELECTION,True,2024-12-24,1.0,True,1,SEMANTICALLY_IDENTICAL_IMPLEMENTATION_TRANSITION,YES_SAME_A2R_ECONOMIC_FAMILY,CONTINUE,NO
2024-12-31,EUROPE_HEALTHCARE,LIST-62AB7E6A4CF2519D,LIST-F5185DE9554ADCDC,IE00BKWQ0H23,HEAE,A2R_CANONICAL_SELECTION,False,,,False,1,PRICE_NOT_AVAILABLE,YES_SAME_A2R_ECONOMIC_FAMILY,RESET_OR_ENDPOINT_UNAVAILABLE,NO
2025-01-02,EUROPE_HEALTHCARE,LIST-F5185DE9554ADCDC,LIST-62AB7E6A4CF2519D,IE00BKWQ0H23,HLTH,A2R_CANONICAL_SELECTION,True,2024-12-31,1.0,False,1,EXACT_PREVIOUS_XLON_SESSION_ENDPOINT,YES_SAME_A2R_ECONOMIC_FAMILY,RESET_OR_ENDPOINT_UNAVAILABLE,NO
2025-01-03,EUROPE_HEALTHCARE,LIST-62AB7E6A4CF2519D,LIST-F5185DE9554ADCDC,IE00BKWQ0H23,HEAE,A2R_CANONICAL_SELECTION,True,2025-01-02,1.0,True,1,SEMANTICALLY_IDENTICAL_IMPLEMENTATION_TRANSITION,YES_SAME_A2R_ECONOMIC_FAMILY,CONTINUE,NO
2025-01-28,EUROPE_HEALTHCARE,LIST-F5185DE9554ADCDC,LIST-62AB7E6A4CF2519D,IE00BKWQ0H23,HLTH,A2R_CANONICAL_SELECTION,True,2025-01-27,1.0,True,1,SEMANTICALLY_IDENTICAL_IMPLEMENTATION_TRANSITION,YES_SAME_A2R_ECONOMIC_FAMILY,CONTINUE,NO
2025-01-29,EUROPE_HEALTHCARE,LIST-62AB7E6A4CF2519D,LIST-F5185DE9554ADCDC,IE00BKWQ0H23,HEAE,A2R_CANONICAL_SELECTION,False,,,False,1,PRICE_NOT_AVAILABLE,YES_SAME_A2R_ECONOMIC_FAMILY,RESET_OR_ENDPOINT_UNAVAILABLE,NO
2025-01-30,EUROPE_HEALTHCARE,LIST-F5185DE9554ADCDC,LIST-62AB7E6A4CF2519D,IE00BKWQ0H23,HLTH,A2R_CANONICAL_SELECTION,True,2025-01-29,1.0,False,1,EXACT_PREVIOUS_XLON_SESSION_ENDPOINT,YES_SAME_A2R_ECONOMIC_FAMILY,RESET_OR_ENDPOINT_UNAVAILABLE,NO
2025-01-31,EUROPE_HEALTHCARE,LIST-62AB7E6A4CF2519D,LIST-F5185DE9554ADCDC,IE00BKWQ0H23,HEAE,A2R_CANONICAL_SELECTION,True,2025-01-30,1.0,True,1,SEMANTICALLY_IDENTICAL_IMPLEMENTATION_TRANSITION,YES_SAME_A2R_ECONOMIC_FAMILY,CONTINUE,NO
2025-02-18,EUROPE_HEALTHCARE,LIST-F5185DE9554ADCDC,LIST-62AB7E6A4CF2519D,IE00BKWQ0H23,HLTH,A2R_CANONICAL_SELECTION,True,2025-02-17,1.0,True,1,SEMANTICALLY_IDENTICAL_IMPLEMENTATION_TRANSITION,YES_SAME_A2R_ECONOMIC_FAMILY,CONTINUE,NO
2025-02-19,EUROPE_HEALTHCARE,LIST-62AB7E6A4CF2519D,LIST-F5185DE9554ADCDC,IE00BKWQ0H23,HEAE,A2R_CANONICAL_SELECTION,True,2025-02-18,1.0,True,1,SEMANTICALLY_IDENTICAL_IMPLEMENTATION_TRANSITION,YES_SAME_A2R_ECONOMIC_FAMILY,CONTINUE,NO
2025-03-10,EUROPE_HEALTHCARE,LIST-F5185DE9554ADCDC,LIST-62AB7E6A4CF2519D,IE00BKWQ0H23,HLTH,A2R_CANONICAL_SELECTION,True,2025-03-07,1.0,True,1,SEMANTICALLY_IDENTICAL_IMPLEMENTATION_TRANSITION,YES_SAME_A2R_ECONOMIC_FAMILY,CONTINUE,NO
2025-03-11,EUROPE_HEALTHCARE,LIST-62AB7E6A4CF2519D,LIST-F5185DE9554ADCDC,IE00BKWQ0H23,HEAE,A2R_CANONICAL_SELECTION,True,2025-03-10,1.0,True,1,SEMANTICALLY_IDENTICAL_IMPLEMENTATION_TRANSITION,YES_SAME_A2R_ECONOMIC_FAMILY,CONTINUE,NO
2025-03-20,EUROPE_HEALTHCARE,LIST-F5185DE9554ADCDC,LIST-62AB7E6A4CF2519D,IE00BKWQ0H23,HLTH,A2R_CANONICAL_SELECTION,True,2025-03-19,1.0,True,1,SEMANTICALLY_IDENTICAL_IMPLEMENTATION_TRANSITION,YES_SAME_A2R_ECONOMIC_FAMILY,CONTINUE,NO
2025-03-21,EUROPE_HEALTHCARE,LIST-62AB7E6A4CF2519D,LIST-F5185DE9554ADCDC,IE00BKWQ0H23,HEAE,A2R_CANONICAL_SELECTION,True,2025-03-20,1.0,True,1,SEMANTICALLY_IDENTICAL_IMPLEMENTATION_TRANSITION,YES_SAME_A2R_ECONOMIC_FAMILY,CONTINUE,NO
2025-04-11,EUROPE_HEALTHCARE,LIST-F5185DE9554ADCDC,LIST-62AB7E6A4CF2519D,IE00BKWQ0H23,HLTH,A2R_CANONICAL_SELECTION,True,2025-04-10,1.0,True,1,SEMANTICALLY_IDENTICAL_IMPLEMENTATION_TRANSITION,YES_SAME_A2R_ECONOMIC_FAMILY,CONTINUE,NO
2025-04-14,EUROPE_HEALTHCARE,LIST-62AB7E6A4CF2519D,LIST-F5185DE9554ADCDC,IE00BKWQ0H23,HEAE,A2R_CANONICAL_SELECTION,True,2025-04-11,1.0,True,1,SEMANTICALLY_IDENTICAL_IMPLEMENTATION_TRANSITION,YES_SAME_A2R_ECONOMIC_FAMILY,CONTINUE,NO
2025-04-25,EUROPE_HEALTHCARE,LIST-F5185DE9554ADCDC,LIST-62AB7E6A4CF2519D,IE00BKWQ0H23,HLTH,A2R_CANONICAL_SELECTION,True,2025-04-24,1.0,True,1,SEMANTICALLY_IDENTICAL_IMPLEMENTATION_TRANSITION,YES_SAME_A2R_ECONOMIC_FAMILY,CONTINUE,NO
2025-04-28,EUROPE_HEALTHCARE,LIST-62AB7E6A4CF2519D,LIST-F5185DE9554ADCDC,IE00BKWQ0H23,HEAE,A2R_CANONICAL_SELECTION,True,2025-04-25,1.0,True,1,SEMANTICALLY_IDENTICAL_IMPLEMENTATION_TRANSITION,YES_SAME_A2R_ECONOMIC_FAMILY,CONTINUE,NO
2011-03-23,EUROZONE,LIST-657B084B9D4FA98A,LIST-DB4737448E908533,IE00B53L3W79,CS51,A2R_CANONICAL_SELECTION,False,,,False,1,PRICE_NOT_AVAILABLE,YES_SAME_A2R_ECONOMIC_FAMILY,RESET_OR_ENDPOINT_UNAVAILABLE,NO
2011-06-28,EUROZONE,LIST-657B084B9D4FA98A,LIST-DB4737448E908533,IE00B53L3W79,CS51,A2R_CANONICAL_SELECTION,True,2011-06-27,,True,2,CONTINUITY_SEGMENT_START_OR_RESET,YES_SAME_A2R_ECONOMIC_FAMILY,RESET_OR_ENDPOINT_UNAVAILABLE,NO
2011-08-11,EUROZONE,LIST-657B084B9D4FA98A,LIST-DB4737448E908533,IE00B53L3W79,CS51,A2R_CANONICAL_SELECTION,True,2011-08-10,,True,4,CONTINUITY_SEGMENT_START_OR_RESET,YES_SAME_A2R_ECONOMIC_FAMILY,RESET_OR_ENDPOINT_UNAVAILABLE,NO
2011-11-01,EUROZONE,LIST-DB4737448E908533,LIST-657B084B9D4FA98A,IE00B53L3W79,CSX5,A2R_CANONICAL_SELECTION,False,,,False,7,PRICE_NOT_AVAILABLE,YES_SAME_A2R_ECONOMIC_FAMILY,RESET_OR_ENDPOINT_UNAVAILABLE,NO
2011-11-04,EUROZONE,LIST-657B084B9D4FA98A,LIST-DB4737448E908533,IE00B53L3W79,CS51,A2R_CANONICAL_SELECTION,True,2011-11-03,,False,8,CONTINUITY_SEGMENT_START_OR_RESET,YES_SAME_A2R_ECONOMIC_FAMILY,RESET_OR_ENDPOINT_UNAVAILABLE,NO
2011-11-29,EUROZONE,LIST-657B084B9D4FA98A,LIST-DB4737448E908533,IE00B53L3W79,CS51,A2R_CANONICAL_SELECTION,False,,,False,10,PRICE_NOT_AVAILABLE,YES_SAME_A2R_ECONOMIC_FAMILY,RESET_OR_ENDPOINT_UNAVAILABLE,NO
2012-02-13,EUROZONE,LIST-DB4737448E908533,LIST-657B084B9D4FA98A,IE00B53L3W79,CSX5,A2R_CANONICAL_SELECTION,False,,,False,10,PRICE_NOT_AVAILABLE,YES_SAME_A2R_ECONOMIC_FAMILY,RESET_OR_ENDPOINT_UNAVAILABLE,NO
2012-02-14,EUROZONE,LIST-657B084B9D4FA98A,LIST-DB4737448E908533,IE00B53L3W79,CS51,A2R_CANONICAL_SELECTION,False,,,False,10,PRICE_NOT_AVAILABLE,YES_SAME_A2R_ECONOMIC_FAMILY,RESET_OR_ENDPOINT_UNAVAILABLE,NO
2012-05-04,EUROZONE,LIST-DB4737448E908533,LIST-657B084B9D4FA98A,IE00B53L3W79,CSX5,A2R_CANONICAL_SELECTION,False,,,False,12,PRICE_NOT_AVAILABLE,YES_SAME_A2R_ECONOMIC_FAMILY,RESET_OR_ENDPOINT_UNAVAILABLE,NO
2012-05-08,EUROZONE,LIST-657B084B9D4FA98A,LIST-DB4737448E908533,IE00B53L3W79,CS51,A2R_CANONICAL_SELECTION,True,2012-05-04,,False,13,CONTINUITY_SEGMENT_START_OR_RESET,YES_SAME_A2R_ECONOMIC_FAMILY,RESET_OR_ENDPOINT_UNAVAILABLE,NO
2012-05-25,EUROZONE,LIST-DB4737448E908533,LIST-657B084B9D4FA98A,IE00B53L3W79,CSX5,A2R_CANONICAL_SELECTION,True,2012-05-24,1.0,True,14,SEMANTICALLY_IDENTICAL_IMPLEMENTATION_TRANSITION,YES_SAME_A2R_ECONOMIC_FAMILY,CONTINUE,NO
2012-05-28,EUROZONE,LIST-657B084B9D4FA98A,LIST-DB4737448E908533,IE00B53L3W79,CS51,A2R_CANONICAL_SELECTION,True,2012-05-25,1.0,True,14,SEMANTICALLY_IDENTICAL_IMPLEMENTATION_TRANSITION,YES_SAME_A2R_ECONOMIC_FAMILY,CONTINUE,NO
2012-06-14,EUROZONE,LIST-DB4737448E908533,LIST-657B084B9D4FA98A,IE00B53L3W79,CSX5,A2R_CANONICAL_SELECTION,True,2012-06-13,1.0,True,14,SEMANTICALLY_IDENTICAL_IMPLEMENTATION_TRANSITION,YES_SAME_A2R_ECONOMIC_FAMILY,CONTINUE,NO
2012-06-15,EUROZONE,LIST-657B084B9D4FA98A,LIST-DB4737448E908533,IE00B53L3W79,CS51,A2R_CANONICAL_SELECTION,False,,,False,14,PRICE_NOT_AVAILABLE,YES_SAME_A2R_ECONOMIC_FAMILY,RESET_OR_ENDPOINT_UNAVAILABLE,NO
2012-08-03,EUROZONE,LIST-DB4737448E908533,LIST-657B084B9D4FA98A,IE00B53L3W79,CSX5,A2R_CANONICAL_SELECTION,False,,,False,19,PRICE_NOT_AVAILABLE,YES_SAME_A2R_ECONOMIC_FAMILY,RESET_OR_ENDPOINT_UNAVAILABLE,NO
2012-08-23,EUROZONE,LIST-657B084B9D4FA98A,LIST-DB4737448E908533,IE00B53L3W79,CS51,A2R_CANONICAL_SELECTION,True,2012-08-22,,False,20,CONTINUITY_SEGMENT_START_OR_RESET,YES_SAME_A2R_ECONOMIC_FAMILY,RESET_OR_ENDPOINT_UNAVAILABLE,NO
2012-09-27,EUROZONE,LIST-DB4737448E908533,LIST-657B084B9D4FA98A,IE00B53L3W79,CSX5,A2R_CANONICAL_SELECTION,False,,,False,23,PRICE_NOT_AVAILABLE,YES_SAME_A2R_ECONOMIC_FAMILY,RESET_OR_ENDPOINT_UNAVAILABLE,NO
2012-10-03,EUROZONE,LIST-DB4737448E908533,LIST-657B084B9D4FA98A,IE00B53L3W79,CSX5,A2R_CANONICAL_SELECTION,False,,,False,24,PRICE_NOT_AVAILABLE,YES_SAME_A2R_ECONOMIC_FAMILY,RESET_OR_ENDPOINT_UNAVAILABLE,NO
2012-10-08,EUROZONE,LIST-DB4737448E908533,LIST-657B084B9D4FA98A,IE00B53L3W79,CSX5,A2R_CANONICAL_SELECTION,False,,,False,24,PRICE_NOT_AVAILABLE,YES_SAME_A2R_ECONOMIC_FAMILY,RESET_OR_ENDPOINT_UNAVAILABLE,NO
2012-10-09,EUROZONE,LIST-657B084B9D4FA98A,LIST-DB4737448E908533,IE00B53L3W79,CS51,A2R_CANONICAL_SELECTION,False,,,False,24,PRICE_NOT_AVAILABLE,YES_SAME_A2R_ECONOMIC_FAMILY,RESET_OR_ENDPOINT_UNAVAILABLE,NO
2012-10-12,EUROZONE,LIST-657B084B9D4FA98A,LIST-DB4737448E908533,IE00B53L3W79,CS51,A2R_CANONICAL_SELECTION,True,2012-10-11,1.0,True,25,SEMANTICALLY_IDENTICAL_IMPLEMENTATION_TRANSITION,YES_SAME_A2R_ECONOMIC_FAMILY,CONTINUE,NO
2012-10-18,EUROZONE,LIST-657B084B9D4FA98A,LIST-DB4737448E908533,IE00B53L3W79,CS51,A2R_CANONICAL_SELECTION,False,,,False,25,PRICE_NOT_AVAILABLE,YES_SAME_A2R_ECONOMIC_FAMILY,RESET_OR_ENDPOINT_UNAVAILABLE,NO
2013-01-04,EUROZONE,LIST-DB4737448E908533,LIST-657B084B9D4FA98A,IE00B53L3W79,CSX5,A2R_CANONICAL_SELECTION,True,2013-01-03,,True,29,CONTINUITY_SEGMENT_START_OR_RESET,YES_SAME_A2R_ECONOMIC_FAMILY,RESET_OR_ENDPOINT_UNAVAILABLE,NO
2013-01-09,EUROZONE,LIST-657B084B9D4FA98A,LIST-DB4737448E908533,IE00B53L3W79,CS51,A2R_CANONICAL_SELECTION,False,,,False,29,PRICE_NOT_AVAILABLE,YES_SAME_A2R_ECONOMIC_FAMILY,RESET_OR_ENDPOINT_UNAVAILABLE,NO
2013-02-27,EUROZONE,LIST-DB4737448E908533,LIST-657B084B9D4FA98A,IE00B53L3W79,CSX5,A2R_CANONICAL_SELECTION,False,,,False,29,PRICE_NOT_AVAILABLE,YES_SAME_A2R_ECONOMIC_FAMILY,RESET_OR_ENDPOINT_UNAVAILABLE,NO
2013-02-28,EUROZONE,LIST-657B084B9D4FA98A,LIST-DB4737448E908533,IE00B53L3W79,CS51,A2R_CANONICAL_SELECTION,False,,,False,29,PRICE_NOT_AVAILABLE,YES_SAME_A2R_ECONOMIC_FAMILY,RESET_OR_ENDPOINT_UNAVAILABLE,NO
2013-03-01,EUROZONE,LIST-DB4737448E908533,LIST-657B084B9D4FA98A,IE00B53L3W79,CSX5,A2R_CANONICAL_SELECTION,True,2013-02-28,,False,30,CONTINUITY_SEGMENT_START_OR_RESET,YES_SAME_A2R_ECONOMIC_FAMILY,RESET_OR_ENDPOINT_UNAVAILABLE,NO
2013-03-04,EUROZONE,LIST-657B084B9D4FA98A,LIST-DB4737448E908533,IE00B53L3W79,CS51,A2R_CANONICAL_SELECTION,False,,,False,30,PRICE_NOT_AVAILABLE,YES_SAME_A2R_ECONOMIC_FAMILY,RESET_OR_ENDPOINT_UNAVAILABLE,NO
2013-03-14,EUROZONE,LIST-DB4737448E908533,LIST-657B084B9D4FA98A,IE00B53L3W79,CSX5,A2R_CANONICAL_SELECTION,False,,,False,30,PRICE_NOT_AVAILABLE,YES_SAME_A2R_ECONOMIC_FAMILY,RESET_OR_ENDPOINT_UNAVAILABLE,NO
2013-03-19,EUROZONE,LIST-657B084B9D4FA98A,LIST-DB4737448E908533,IE00B53L3W79,CS51,A2R_CANONICAL_SELECTION,False,,,False,30,PRICE_NOT_AVAILABLE,YES_SAME_A2R_ECONOMIC_FAMILY,RESET_OR_ENDPOINT_UNAVAILABLE,NO
2013-03-22,EUROZONE,LIST-DB4737448E908533,LIST-657B084B9D4FA98A,IE00B53L3W79,CSX5,A2R_CANONICAL_SELECTION,True,2013-03-21,,False,31,CONTINUITY_SEGMENT_START_OR_RESET,YES_SAME_A2R_ECONOMIC_FAMILY,RESET_OR_ENDPOINT_UNAVAILABLE,NO
2013-03-28,EUROZONE,LIST-657B084B9D4FA98A,LIST-DB4737448E908533,IE00B53L3W79,CS51,A2R_CANONICAL_SELECTION,True,2013-03-27,1.0,True,31,SEMANTICALLY_IDENTICAL_IMPLEMENTATION_TRANSITION,YES_SAME_A2R_ECONOMIC_FAMILY,CONTINUE,NO
2013-04-10,EUROZONE,LIST-657B084B9D4FA98A,LIST-DB4737448E908533,IE00B53L3W79,CS51,A2R_CANONICAL_SELECTION,False,,,False,32,PRICE_NOT_AVAILABLE,YES_SAME_A2R_ECONOMIC_FAMILY,RESET_OR_ENDPOINT_UNAVAILABLE,NO
2013-04-11,EUROZONE,LIST-DB4737448E908533,LIST-657B084B9D4FA98A,IE00B53L3W79,CSX5,A2R_CANONICAL_SELECTION,True,2013-04-10,1.0,False,32,EXACT_PREVIOUS_XLON_SESSION_ENDPOINT,YES_SAME_A2R_ECONOMIC_FAMILY,RESET_OR_ENDPOINT_UNAVAILABLE,NO
2013-05-02,EUROZONE,LIST-657B084B9D4FA98A,LIST-DB4737448E908533,IE00B53L3W79,CS51,A2R_CANONICAL_SELECTION,False,,,False,33,PRICE_NOT_AVAILABLE,YES_SAME_A2R_ECONOMIC_FAMILY,RESET_OR_ENDPOINT_UNAVAILABLE,NO
2013-05-03,EUROZONE,LIST-DB4737448E908533,LIST-657B084B9D4FA98A,IE00B53L3W79,CSX5,A2R_CANONICAL_SELECTION,True,2013-05-02,1.0,False,33,EXACT_PREVIOUS_XLON_SESSION_ENDPOINT,YES_SAME_A2R_ECONOMIC_FAMILY,RESET_OR_ENDPOINT_UNAVAILABLE,NO
2013-05-07,EUROZONE,LIST-657B084B9D4FA98A,LIST-DB4737448E908533,IE00B53L3W79,CS51,A2R_CANONICAL_SELECTION,False,,,False,33,PRICE_NOT_AVAILABLE,YES_SAME_A2R_ECONOMIC_FAMILY,RESET_OR_ENDPOINT_UNAVAILABLE,NO
2013-05-08,EUROZONE,LIST-DB4737448E908533,LIST-657B084B9D4FA98A,IE00B53L3W79,CSX5,A2R_CANONICAL_SELECTION,False,,,False,33,PRICE_NOT_AVAILABLE,YES_SAME_A2R_ECONOMIC_FAMILY,RESET_OR_ENDPOINT_UNAVAILABLE,NO
2013-05-14,EUROZONE,LIST-657B084B9D4FA98A,LIST-DB4737448E908533,IE00B53L3W79,CS51,A2R_CANONICAL_SELECTION,True,2013-05-13,1.0,True,34,SEMANTICALLY_IDENTICAL_IMPLEMENTATION_TRANSITION,YES_SAME_A2R_ECONOMIC_FAMILY,CONTINUE,NO
2017-11-09,EUROZONE,LIST-DB4737448E908533,LIST-657B084B9D4FA98A,IE00B53L3W79,CSX5,A2R_CANONICAL_SELECTION,True,2017-11-08,1.0,True,34,SEMANTICALLY_IDENTICAL_IMPLEMENTATION_TRANSITION,YES_SAME_A2R_ECONOMIC_FAMILY,CONTINUE,NO
2017-11-10,EUROZONE,LIST-657B084B9D4FA98A,LIST-DB4737448E908533,IE00B53L3W79,CS51,A2R_CANONICAL_SELECTION,True,2017-11-09,1.0,True,34,SEMANTICALLY_IDENTICAL_IMPLEMENTATION_TRANSITION,YES_SAME_A2R_ECONOMIC_FAMILY,CONTINUE,NO
2011-11-28,GLOBAL_AGRIBUSINESS,LIST-60B356057092496B,LIST-66EFEFD98FE252FF,IE00B6R52143,ISAG,A2R_CANONICAL_SELECTION,True,2011-11-25,1.0,True,4,SEMANTICALLY_IDENTICAL_IMPLEMENTATION_TRANSITION,YES_SAME_A2R_ECONOMIC_FAMILY,CONTINUE,NO
2011-11-29,GLOBAL_AGRIBUSINESS,LIST-66EFEFD98FE252FF,LIST-60B356057092496B,IE00B6R52143,SPAG,A2R_CANONICAL_SELECTION,True,2011-11-28,1.0,True,4,SEMANTICALLY_IDENTICAL_IMPLEMENTATION_TRANSITION,YES_SAME_A2R_ECONOMIC_FAMILY,CONTINUE,NO
2011-12-22,GLOBAL_AGRIBUSINESS,LIST-60B356057092496B,LIST-66EFEFD98FE252FF,IE00B6R52143,ISAG,A2R_CANONICAL_SELECTION,True,2011-12-21,1.0,True,5,SEMANTICALLY_IDENTICAL_IMPLEMENTATION_TRANSITION,YES_SAME_A2R_ECONOMIC_FAMILY,CONTINUE,NO
2011-12-28,GLOBAL_AGRIBUSINESS,LIST-66EFEFD98FE252FF,LIST-60B356057092496B,IE00B6R52143,SPAG,A2R_CANONICAL_SELECTION,False,,,False,5,PRICE_NOT_AVAILABLE,YES_SAME_A2R_ECONOMIC_FAMILY,RESET_OR_ENDPOINT_UNAVAILABLE,NO
2011-12-29,GLOBAL_AGRIBUSINESS,LIST-60B356057092496B,LIST-66EFEFD98FE252FF,IE00B6R52143,ISAG,A2R_CANONICAL_SELECTION,True,2011-12-28,1.0,False,5,EXACT_PREVIOUS_XLON_SESSION_ENDPOINT,YES_SAME_A2R_ECONOMIC_FAMILY,RESET_OR_ENDPOINT_UNAVAILABLE,NO
2012-01-23,GLOBAL_AGRIBUSINESS,LIST-60B356057092496B,LIST-66EFEFD98FE252FF,IE00B6R52143,ISAG,A2R_CANONICAL_SELECTION,True,2012-01-20,1.0,True,6,SEMANTICALLY_IDENTICAL_IMPLEMENTATION_TRANSITION,YES_SAME_A2R_ECONOMIC_FAMILY,CONTINUE,NO
2012-01-24,GLOBAL_AGRIBUSINESS,LIST-66EFEFD98FE252FF,LIST-60B356057092496B,IE00B6R52143,SPAG,A2R_CANONICAL_SELECTION,False,,,False,6,PRICE_NOT_AVAILABLE,YES_SAME_A2R_ECONOMIC_FAMILY,RESET_OR_ENDPOINT_UNAVAILABLE,NO
2012-01-25,GLOBAL_AGRIBUSINESS,LIST-60B356057092496B,LIST-66EFEFD98FE252FF,IE00B6R52143,ISAG,A2R_CANONICAL_SELECTION,True,2012-01-24,1.0,False,6,EXACT_PREVIOUS_XLON_SESSION_ENDPOINT,YES_SAME_A2R_ECONOMIC_FAMILY,RESET_OR_ENDPOINT_UNAVAILABLE,NO
2012-01-26,GLOBAL_AGRIBUSINESS,LIST-66EFEFD98FE252FF,LIST-60B356057092496B,IE00B6R52143,SPAG,A2R_CANONICAL_SELECTION,False,,,False,6,PRICE_NOT_AVAILABLE,YES_SAME_A2R_ECONOMIC_FAMILY,RESET_OR_ENDPOINT_UNAVAILABLE,NO
2012-01-27,GLOBAL_AGRIBUSINESS,LIST-60B356057092496B,LIST-66EFEFD98FE252FF,IE00B6R52143,ISAG,A2R_CANONICAL_SELECTION,False,,,False,6,PRICE_NOT_AVAILABLE,YES_SAME_A2R_ECONOMIC_FAMILY,RESET_OR_ENDPOINT_UNAVAILABLE,NO
2012-01-30,GLOBAL_AGRIBUSINESS,LIST-66EFEFD98FE252FF,LIST-60B356057092496B,IE00B6R52143,SPAG,A2R_CANONICAL_SELECTION,False,,,False,6,PRICE_NOT_AVAILABLE,YES_SAME_A2R_ECONOMIC_FAMILY,RESET_OR_ENDPOINT_UNAVAILABLE,NO
2012-02-02,GLOBAL_AGRIBUSINESS,LIST-60B356057092496B,LIST-66EFEFD98FE252FF,IE00B6R52143,ISAG,A2R_CANONICAL_SELECTION,False,,,False,6,PRICE_NOT_AVAILABLE,YES_SAME_A2R_ECONOMIC_FAMILY,RESET_OR_ENDPOINT_UNAVAILABLE,NO
2012-02-03,GLOBAL_AGRIBUSINESS,LIST-66EFEFD98FE252FF,LIST-60B356057092496B,IE00B6R52143,SPAG,A2R_CANONICAL_SELECTION,True,2012-02-02,,True,7,CONTINUITY_SEGMENT_START_OR_RESET,YES_SAME_A2R_ECONOMIC_FAMILY,RESET_OR_ENDPOINT_UNAVAILABLE,NO
2012-02-16,GLOBAL_AGRIBUSINESS,LIST-60B356057092496B,LIST-66EFEFD98FE252FF,IE00B6R52143,ISAG,A2R_CANONICAL_SELECTION,True,2012-02-15,1.0,True,8,SEMANTICALLY_IDENTICAL_IMPLEMENTATION_TRANSITION,YES_SAME_A2R_ECONOMIC_FAMILY,CONTINUE,NO
2012-03-02,GLOBAL_AGRIBUSINESS,LIST-60B356057092496B,LIST-66EFEFD98FE252FF,IE00B6R52143,ISAG,A2R_CANONICAL_SELECTION,False,,,False,9,PRICE_NOT_AVAILABLE,YES_SAME_A2R_ECONOMIC_FAMILY,RESET_OR_ENDPOINT_UNAVAILABLE,NO
2012-03-05,GLOBAL_AGRIBUSINESS,LIST-66EFEFD98FE252FF,LIST-60B356057092496B,IE00B6R52143,SPAG,A2R_CANONICAL_SELECTION,True,2012-03-02,1.0,False,9,EXACT_PREVIOUS_XLON_SESSION_ENDPOINT,YES_SAME_A2R_ECONOMIC_FAMILY,RESET_OR_ENDPOINT_UNAVAILABLE,NO
2012-03-16,GLOBAL_AGRIBUSINESS,LIST-60B356057092496B,LIST-66EFEFD98FE252FF,IE00B6R52143,ISAG,A2R_CANONICAL_SELECTION,True,2012-03-15,1.0,True,9,SEMANTICALLY_IDENTICAL_IMPLEMENTATION_TRANSITION,YES_SAME_A2R_ECONOMIC_FAMILY,CONTINUE,NO
2012-03-20,GLOBAL_AGRIBUSINESS,LIST-66EFEFD98FE252FF,LIST-60B356057092496B,IE00B6R52143,SPAG,A2R_CANONICAL_SELECTION,True,2012-03-19,1.0,True,9,SEMANTICALLY_IDENTICAL_IMPLEMENTATION_TRANSITION,YES_SAME_A2R_ECONOMIC_FAMILY,CONTINUE,NO
2012-05-04,GLOBAL_AGRIBUSINESS,LIST-60B356057092496B,LIST-66EFEFD98FE252FF,IE00B6R52143,ISAG,A2R_CANONICAL_SELECTION,True,2012-05-03,1.0,True,9,SEMANTICALLY_IDENTICAL_IMPLEMENTATION_TRANSITION,YES_SAME_A2R_ECONOMIC_FAMILY,CONTINUE,NO
2012-05-08,GLOBAL_AGRIBUSINESS,LIST-66EFEFD98FE252FF,LIST-60B356057092496B,IE00B6R52143,SPAG,A2R_CANONICAL_SELECTION,True,2012-05-04,1.0,True,9,SEMANTICALLY_IDENTICAL_IMPLEMENTATION_TRANSITION,YES_SAME_A2R_ECONOMIC_FAMILY,CONTINUE,NO
2012-05-15,GLOBAL_AGRIBUSINESS,LIST-60B356057092496B,LIST-66EFEFD98FE252FF,IE00B6R52143,ISAG,A2R_CANONICAL_SELECTION,True,2012-05-14,1.0,True,9,SEMANTICALLY_IDENTICAL_IMPLEMENTATION_TRANSITION,YES_SAME_A2R_ECONOMIC_FAMILY,CONTINUE,NO
2012-05-17,GLOBAL_AGRIBUSINESS,LIST-66EFEFD98FE252FF,LIST-60B356057092496B,IE00B6R52143,SPAG,A2R_CANONICAL_SELECTION,True,2012-05-16,1.0,True,9,SEMANTICALLY_IDENTICAL_IMPLEMENTATION_TRANSITION,YES_SAME_A2R_ECONOMIC_FAMILY,CONTINUE,NO
2012-06-12,GLOBAL_AGRIBUSINESS,LIST-60B356057092496B,LIST-66EFEFD98FE252FF,IE00B6R52143,ISAG,A2R_CANONICAL_SELECTION,False,,,False,9,PRICE_NOT_AVAILABLE,YES_SAME_A2R_ECONOMIC_FAMILY,RESET_OR_ENDPOINT_UNAVAILABLE,NO
2012-06-13,GLOBAL_AGRIBUSINESS,LIST-66EFEFD98FE252FF,LIST-60B356057092496B,IE00B6R52143,SPAG,A2R_CANONICAL_SELECTION,True,2012-06-12,1.0,False,9,EXACT_PREVIOUS_XLON_SESSION_ENDPOINT,YES_SAME_A2R_ECONOMIC_FAMILY,RESET_OR_ENDPOINT_UNAVAILABLE,NO
2012-06-28,GLOBAL_AGRIBUSINESS,LIST-60B356057092496B,LIST-66EFEFD98FE252FF,IE00B6R52143,ISAG,A2R_CANONICAL_SELECTION,True,2012-06-27,1.0,True,9,SEMANTICALLY_IDENTICAL_IMPLEMENTATION_TRANSITION,YES_SAME_A2R_ECONOMIC_FAMILY,CONTINUE,NO
2012-06-29,GLOBAL_AGRIBUSINESS,LIST-66EFEFD98FE252FF,LIST-60B356057092496B,IE00B6R52143,SPAG,A2R_CANONICAL_SELECTION,True,2012-06-28,1.0,True,9,SEMANTICALLY_IDENTICAL_IMPLEMENTATION_TRANSITION,YES_SAME_A2R_ECONOMIC_FAMILY,CONTINUE,NO
2012-07-05,GLOBAL_AGRIBUSINESS,LIST-60B356057092496B,LIST-66EFEFD98FE252FF,IE00B6R52143,ISAG,A2R_CANONICAL_SELECTION,True,2012-07-04,1.0,True,9,SEMANTICALLY_IDENTICAL_IMPLEMENTATION_TRANSITION,YES_SAME_A2R_ECONOMIC_FAMILY,CONTINUE,NO
2012-07-06,GLOBAL_AGRIBUSINESS,LIST-66EFEFD98FE252FF,LIST-60B356057092496B,IE00B6R52143,SPAG,A2R_CANONICAL_SELECTION,True,2012-07-05,1.0,True,9,SEMANTICALLY_IDENTICAL_IMPLEMENTATION_TRANSITION,YES_SAME_A2R_ECONOMIC_FAMILY,CONTINUE,NO
2012-07-16,GLOBAL_AGRIBUSINESS,LIST-60B356057092496B,LIST-66EFEFD98FE252FF,IE00B6R52143,ISAG,A2R_CANONICAL_SELECTION,True,2012-07-13,,True,10,CONTINUITY_SEGMENT_START_OR_RESET,YES_SAME_A2R_ECONOMIC_FAMILY,RESET_OR_ENDPOINT_UNAVAILABLE,NO
2012-07-17,GLOBAL_AGRIBUSINESS,LIST-66EFEFD98FE252FF,LIST-60B356057092496B,IE00B6R52143,SPAG,A2R_CANONICAL_SELECTION,False,,,False,10,PRICE_NOT_AVAILABLE,YES_SAME_A2R_ECONOMIC_FAMILY,RESET_OR_ENDPOINT_UNAVAILABLE,NO
2012-07-18,GLOBAL_AGRIBUSINESS,LIST-60B356057092496B,LIST-66EFEFD98FE252FF,IE00B6R52143,ISAG,A2R_CANONICAL_SELECTION,True,2012-07-17,1.0,False,10,EXACT_PREVIOUS_XLON_SESSION_ENDPOINT,YES_SAME_A2R_ECONOMIC_FAMILY,RESET_OR_ENDPOINT_UNAVAILABLE,NO
2012-07-19,GLOBAL_AGRIBUSINESS,LIST-66EFEFD98FE252FF,LIST-60B356057092496B,IE00B6R52143,SPAG,A2R_CANONICAL_SELECTION,True,2012-07-18,1.0,True,10,SEMANTICALLY_IDENTICAL_IMPLEMENTATION_TRANSITION,YES_SAME_A2R_ECONOMIC_FAMILY,CONTINUE,NO
2012-08-02,GLOBAL_AGRIBUSINESS,LIST-60B356057092496B,LIST-66EFEFD98FE252FF,IE00B6R52143,ISAG,A2R_CANONICAL_SELECTION,True,2012-08-01,1.0,True,10,SEMANTICALLY_IDENTICAL_IMPLEMENTATION_TRANSITION,YES_SAME_A2R_ECONOMIC_FAMILY,CONTINUE,NO
2012-08-03,GLOBAL_AGRIBUSINESS,LIST-66EFEFD98FE252FF,LIST-60B356057092496B,IE00B6R52143,SPAG,A2R_CANONICAL_SELECTION,True,2012-08-02,1.0,True,10,SEMANTICALLY_IDENTICAL_IMPLEMENTATION_TRANSITION,YES_SAME_A2R_ECONOMIC_FAMILY,CONTINUE,NO
2012-08-07,GLOBAL_AGRIBUSINESS,LIST-60B356057092496B,LIST-66EFEFD98FE252FF,IE00B6R52143,ISAG,A2R_CANONICAL_SELECTION,True,2012-08-06,1.0,True,10,SEMANTICALLY_IDENTICAL_IMPLEMENTATION_TRANSITION,YES_SAME_A2R_ECONOMIC_FAMILY,CONTINUE,NO
2012-08-22,GLOBAL_AGRIBUSINESS,LIST-66EFEFD98FE252FF,LIST-60B356057092496B,IE00B6R52143,SPAG,A2R_CANONICAL_SELECTION,True,2012-08-21,1.0,True,12,SEMANTICALLY_IDENTICAL_IMPLEMENTATION_TRANSITION,YES_SAME_A2R_ECONOMIC_FAMILY,CONTINUE,NO
2012-09-06,GLOBAL_AGRIBUSINESS,LIST-60B356057092496B,LIST-66EFEFD98FE252FF,IE00B6R52143,ISAG,A2R_CANONICAL_SELECTION,True,2012-09-05,1.0,True,12,SEMANTICALLY_IDENTICAL_IMPLEMENTATION_TRANSITION,YES_SAME_A2R_ECONOMIC_FAMILY,CONTINUE,NO
2012-09-07,GLOBAL_AGRIBUSINESS,LIST-66EFEFD98FE252FF,LIST-60B356057092496B,IE00B6R52143,SPAG,A2R_CANONICAL_SELECTION,False,,,False,12,PRICE_NOT_AVAILABLE,YES_SAME_A2R_ECONOMIC_FAMILY,RESET_OR_ENDPOINT_UNAVAILABLE,NO
2012-09-10,GLOBAL_AGRIBUSINESS,LIST-60B356057092496B,LIST-66EFEFD98FE252FF,IE00B6R52143,ISAG,A2R_CANONICAL_SELECTION,True,2012-09-07,1.0,False,12,EXACT_PREVIOUS_XLON_SESSION_ENDPOINT,YES_SAME_A2R_ECONOMIC_FAMILY,RESET_OR_ENDPOINT_UNAVAILABLE,NO
2012-09-11,GLOBAL_AGRIBUSINESS,LIST-66EFEFD98FE252FF,LIST-60B356057092496B,IE00B6R52143,SPAG,A2R_CANONICAL_SELECTION,True,2012-09-10,1.0,True,12,SEMANTICALLY_IDENTICAL_IMPLEMENTATION_TRANSITION,YES_SAME_A2R_ECONOMIC_FAMILY,CONTINUE,NO
2012-09-14,GLOBAL_AGRIBUSINESS,LIST-60B356057092496B,LIST-66EFEFD98FE252FF,IE00B6R52143,ISAG,A2R_CANONICAL_SELECTION,True,2012-09-13,1.0,True,12,SEMANTICALLY_IDENTICAL_IMPLEMENTATION_TRANSITION,YES_SAME_A2R_ECONOMIC_FAMILY,CONTINUE,NO
2012-09-17,GLOBAL_AGRIBUSINESS,LIST-66EFEFD98FE252FF,LIST-60B356057092496B,IE00B6R52143,SPAG,A2R_CANONICAL_SELECTION,True,2012-09-14,1.0,True,12,SEMANTICALLY_IDENTICAL_IMPLEMENTATION_TRANSITION,YES_SAME_A2R_ECONOMIC_FAMILY,CONTINUE,NO
2012-09-27,GLOBAL_AGRIBUSINESS,LIST-60B356057092496B,LIST-66EFEFD98FE252FF,IE00B6R52143,ISAG,A2R_CANONICAL_SELECTION,True,2012-09-26,1.0,True,12,SEMANTICALLY_IDENTICAL_IMPLEMENTATION_TRANSITION,YES_SAME_A2R_ECONOMIC_FAMILY,CONTINUE,NO
2012-09-28,GLOBAL_AGRIBUSINESS,LIST-66EFEFD98FE252FF,LIST-60B356057092496B,IE00B6R52143,SPAG,A2R_CANONICAL_SELECTION,False,,,False,12,PRICE_NOT_AVAILABLE,YES_SAME_A2R_ECONOMIC_FAMILY,RESET_OR_ENDPOINT_UNAVAILABLE,NO
2012-10-01,GLOBAL_AGRIBUSINESS,LIST-60B356057092496B,LIST-66EFEFD98FE252FF,IE00B6R52143,ISAG,A2R_CANONICAL_SELECTION,True,2012-09-28,1.0,False,12,EXACT_PREVIOUS_XLON_SESSION_ENDPOINT,YES_SAME_A2R_ECONOMIC_FAMILY,RESET_OR_ENDPOINT_UNAVAILABLE,NO
2012-10-02,GLOBAL_AGRIBUSINESS,LIST-66EFEFD98FE252FF,LIST-60B356057092496B,IE00B6R52143,SPAG,A2R_CANONICAL_SELECTION,True,2012-10-01,1.0,True,12,SEMANTICALLY_IDENTICAL_IMPLEMENTATION_TRANSITION,YES_SAME_A2R_ECONOMIC_FAMILY,CONTINUE,NO
2012-10-09,GLOBAL_AGRIBUSINESS,LIST-60B356057092496B,LIST-66EFEFD98FE252FF,IE00B6R52143,ISAG,A2R_CANONICAL_SELECTION,True,2012-10-08,1.0,True,12,SEMANTICALLY_IDENTICAL_IMPLEMENTATION_TRANSITION,YES_SAME_A2R_ECONOMIC_FAMILY,CONTINUE,NO
2012-10-10,GLOBAL_AGRIBUSINESS,LIST-66EFEFD98FE252FF,LIST-60B356057092496B,IE00B6R52143,SPAG,A2R_CANONICAL_SELECTION,True,2012-10-09,1.0,True,12,SEMANTICALLY_IDENTICAL_IMPLEMENTATION_TRANSITION,YES_SAME_A2R_ECONOMIC_FAMILY,CONTINUE,NO
2012-10-17,GLOBAL_AGRIBUSINESS,LIST-60B356057092496B,LIST-66EFEFD98FE252FF,IE00B6R52143,ISAG,A2R_CANONICAL_SELECTION,True,2012-10-16,1.0,True,12,SEMANTICALLY_IDENTICAL_IMPLEMENTATION_TRANSITION,YES_SAME_A2R_ECONOMIC_FAMILY,CONTINUE,NO
2012-10-18,GLOBAL_AGRIBUSINESS,LIST-66EFEFD98FE252FF,LIST-60B356057092496B,IE00B6R52143,SPAG,A2R_CANONICAL_SELECTION,False,,,False,12,PRICE_NOT_AVAILABLE,YES_SAME_A2R_ECONOMIC_FAMILY,RESET_OR_ENDPOINT_UNAVAILABLE,NO
2012-10-19,GLOBAL_AGRIBUSINESS,LIST-60B356057092496B,LIST-66EFEFD98FE252FF,IE00B6R52143,ISAG,A2R_CANONICAL_SELECTION,True,2012-10-18,1.0,False,12,EXACT_PREVIOUS_XLON_SESSION_ENDPOINT,YES_SAME_A2R_ECONOMIC_FAMILY,RESET_OR_ENDPOINT_UNAVAILABLE,NO
2012-10-22,GLOBAL_AGRIBUSINESS,LIST-66EFEFD98FE252FF,LIST-60B356057092496B,IE00B6R52143,SPAG,A2R_CANONICAL_SELECTION,True,2012-10-19,1.0,True,12,SEMANTICALLY_IDENTICAL_IMPLEMENTATION_TRANSITION,YES_SAME_A2R_ECONOMIC_FAMILY,CONTINUE,NO
2012-11-02,GLOBAL_AGRIBUSINESS,LIST-60B356057092496B,LIST-66EFEFD98FE252FF,IE00B6R52143,ISAG,A2R_CANONICAL_SELECTION,True,2012-11-01,1.0,True,12,SEMANTICALLY_IDENTICAL_IMPLEMENTATION_TRANSITION,YES_SAME_A2R_ECONOMIC_FAMILY,CONTINUE,NO
2012-11-05,GLOBAL_AGRIBUSINESS,LIST-66EFEFD98FE252FF,LIST-60B356057092496B,IE00B6R52143,SPAG,A2R_CANONICAL_SELECTION,True,2012-11-02,1.0,True,12,SEMANTICALLY_IDENTICAL_IMPLEMENTATION_TRANSITION,YES_SAME_A2R_ECONOMIC_FAMILY,CONTINUE,NO
2012-11-07,GLOBAL_AGRIBUSINESS,LIST-60B356057092496B,LIST-66EFEFD98FE252FF,IE00B6R52143,ISAG,A2R_CANONICAL_SELECTION,True,2012-11-06,1.0,True,12,SEMANTICALLY_IDENTICAL_IMPLEMENTATION_TRANSITION,YES_SAME_A2R_ECONOMIC_FAMILY,CONTINUE,NO
2012-11-08,GLOBAL_AGRIBUSINESS,LIST-66EFEFD98FE252FF,LIST-60B356057092496B,IE00B6R52143,SPAG,A2R_CANONICAL_SELECTION,False,,,False,12,PRICE_NOT_AVAILABLE,YES_SAME_A2R_ECONOMIC_FAMILY,RESET_OR_ENDPOINT_UNAVAILABLE,NO
2012-11-29,GLOBAL_AGRIBUSINESS,LIST-60B356057092496B,LIST-66EFEFD98FE252FF,IE00B6R52143,ISAG,A2R_CANONICAL_SELECTION,True,2012-11-28,1.0,True,12,SEMANTICALLY_IDENTICAL_IMPLEMENTATION_TRANSITION,YES_SAME_A2R_ECONOMIC_FAMILY,CONTINUE,NO
2012-11-30,GLOBAL_AGRIBUSINESS,LIST-66EFEFD98FE252FF,LIST-60B356057092496B,IE00B6R52143,SPAG,A2R_CANONICAL_SELECTION,True,2012-11-29,1.0,True,12,SEMANTICALLY_IDENTICAL_IMPLEMENTATION_TRANSITION,YES_SAME_A2R_ECONOMIC_FAMILY,CONTINUE,NO
2013-03-18,GLOBAL_AGRIBUSINESS,LIST-60B356057092496B,LIST-66EFEFD98FE252FF,IE00B6R52143,ISAG,A2R_CANONICAL_SELECTION,True,2013-03-15,1.0,True,13,SEMANTICALLY_IDENTICAL_IMPLEMENTATION_TRANSITION,YES_SAME_A2R_ECONOMIC_FAMILY,CONTINUE,NO
2013-03-19,GLOBAL_AGRIBUSINESS,LIST-66EFEFD98FE252FF,LIST-60B356057092496B,IE00B6R52143,SPAG,A2R_CANONICAL_SELECTION,True,2013-03-18,1.0,True,13,SEMANTICALLY_IDENTICAL_IMPLEMENTATION_TRANSITION,YES_SAME_A2R_ECONOMIC_FAMILY,CONTINUE,NO
2017-11-09,GLOBAL_AGRIBUSINESS,LIST-60B356057092496B,LIST-66EFEFD98FE252FF,IE00B6R52143,ISAG,A2R_CANONICAL_SELECTION,True,2017-11-08,1.0,True,13,SEMANTICALLY_IDENTICAL_IMPLEMENTATION_TRANSITION,YES_SAME_A2R_ECONOMIC_FAMILY,CONTINUE,NO
2017-11-10,GLOBAL_AGRIBUSINESS,LIST-66EFEFD98FE252FF,LIST-60B356057092496B,IE00B6R52143,SPAG,A2R_CANONICAL_SELECTION,True,2017-11-09,1.0,True,13,SEMANTICALLY_IDENTICAL_IMPLEMENTATION_TRANSITION,YES_SAME_A2R_ECONOMIC_FAMILY,CONTINUE,NO
2022-12-28,GLOBAL_BATTERY_EV,LIST-EFDBDC053AF46F0B,LIST-49C5624E5062FBAE,IE00BLCHJN13,LITU,A2R_CANONICAL_SELECTION,True,2022-12-23,1.0,True,1,SEMANTICALLY_IDENTICAL_IMPLEMENTATION_TRANSITION,YES_SAME_A2R_ECONOMIC_FAMILY,CONTINUE,NO
2022-12-29,GLOBAL_BATTERY_EV,LIST-49C5624E5062FBAE,LIST-EFDBDC053AF46F0B,IE00BF0M2Z96,BATG,A2R_CANONICAL_SELECTION,True,2022-12-28,1.0,True,1,SEMANTICALLY_IDENTICAL_IMPLEMENTATION_TRANSITION,YES_SAME_A2R_ECONOMIC_FAMILY,CONTINUE,NO
2023-05-09,GLOBAL_BATTERY_EV,LIST-EFDBDC053AF46F0B,LIST-49C5624E5062FBAE,IE00BLCHJN13,LITU,A2R_CANONICAL_SELECTION,True,2023-05-05,1.0,True,1,SEMANTICALLY_IDENTICAL_IMPLEMENTATION_TRANSITION,YES_SAME_A2R_ECONOMIC_FAMILY,CONTINUE,NO
2023-05-10,GLOBAL_BATTERY_EV,LIST-49C5624E5062FBAE,LIST-EFDBDC053AF46F0B,IE00BF0M2Z96,BATG,A2R_CANONICAL_SELECTION,True,2023-05-09,1.0,True,1,SEMANTICALLY_IDENTICAL_IMPLEMENTATION_TRANSITION,YES_SAME_A2R_ECONOMIC_FAMILY,CONTINUE,NO
2023-05-30,GLOBAL_BATTERY_EV,LIST-EFDBDC053AF46F0B,LIST-49C5624E5062FBAE,IE00BLCHJN13,LITU,A2R_CANONICAL_SELECTION,True,2023-05-26,1.0,True,1,SEMANTICALLY_IDENTICAL_IMPLEMENTATION_TRANSITION,YES_SAME_A2R_ECONOMIC_FAMILY,CONTINUE,NO
2023-05-31,GLOBAL_BATTERY_EV,LIST-49C5624E5062FBAE,LIST-EFDBDC053AF46F0B,IE00BF0M2Z96,BATG,A2R_CANONICAL_SELECTION,True,2023-05-30,1.0,True,1,SEMANTICALLY_IDENTICAL_IMPLEMENTATION_TRANSITION,YES_SAME_A2R_ECONOMIC_FAMILY,CONTINUE,NO
2023-08-29,GLOBAL_BATTERY_EV,LIST-EFDBDC053AF46F0B,LIST-49C5624E5062FBAE,IE00BLCHJN13,LITU,A2R_CANONICAL_SELECTION,True,2023-08-25,1.0,True,1,SEMANTICALLY_IDENTICAL_IMPLEMENTATION_TRANSITION,YES_SAME_A2R_ECONOMIC_FAMILY,CONTINUE,NO
2023-08-30,GLOBAL_BATTERY_EV,LIST-49C5624E5062FBAE,LIST-EFDBDC053AF46F0B,IE00BF0M2Z96,BATG,A2R_CANONICAL_SELECTION,True,2023-08-29,1.0,True,1,SEMANTICALLY_IDENTICAL_IMPLEMENTATION_TRANSITION,YES_SAME_A2R_ECONOMIC_FAMILY,CONTINUE,NO
2020-07-01,GLOBAL_BIOTECHNOLOGY,LIST-8E0D21D8A41728FC,LIST-38B24DB6BAB7A1F3,IE00BL0L0H60,FBT,A2R_CANONICAL_SELECTION,True,2020-06-30,1.0,True,1,SEMANTICALLY_IDENTICAL_IMPLEMENTATION_TRANSITION,YES_SAME_A2R_ECONOMIC_FAMILY,CONTINUE,NO
2020-07-03,GLOBAL_BIOTECHNOLOGY,LIST-38B24DB6BAB7A1F3,LIST-8E0D21D8A41728FC,IE00BQ70R696,SBIO,A2R_CANONICAL_SELECTION,True,2020-07-02,1.0,True,1,SEMANTICALLY_IDENTICAL_IMPLEMENTATION_TRANSITION,YES_SAME_A2R_ECONOMIC_FAMILY,CONTINUE,NO
2020-07-06,GLOBAL_BIOTECHNOLOGY,LIST-8E0D21D8A41728FC,LIST-38B24DB6BAB7A1F3,IE00BL0L0H60,FBT,A2R_CANONICAL_SELECTION,False,,,False,1,PRICE_NOT_AVAILABLE,YES_SAME_A2R_ECONOMIC_FAMILY,RESET_OR_ENDPOINT_UNAVAILABLE,NO
2020-07-07,GLOBAL_BIOTECHNOLOGY,LIST-38B24DB6BAB7A1F3,LIST-8E0D21D8A41728FC,IE00BQ70R696,SBIO,A2R_CANONICAL_SELECTION,True,2020-07-06,1.0,False,1,EXACT_PREVIOUS_XLON_SESSION_ENDPOINT,YES_SAME_A2R_ECONOMIC_FAMILY,RESET_OR_ENDPOINT_UNAVAILABLE,NO
2020-07-16,GLOBAL_BIOTECHNOLOGY,LIST-8E0D21D8A41728FC,LIST-38B24DB6BAB7A1F3,IE00BL0L0H60,FBT,A2R_CANONICAL_SELECTION,True,2020-07-15,1.0,True,1,SEMANTICALLY_IDENTICAL_IMPLEMENTATION_TRANSITION,YES_SAME_A2R_ECONOMIC_FAMILY,CONTINUE,NO
2020-07-20,GLOBAL_BIOTECHNOLOGY,LIST-38B24DB6BAB7A1F3,LIST-8E0D21D8A41728FC,IE00BQ70R696,SBIO,A2R_CANONICAL_SELECTION,True,2020-07-17,1.0,True,1,SEMANTICALLY_IDENTICAL_IMPLEMENTATION_TRANSITION,YES_SAME_A2R_ECONOMIC_FAMILY,CONTINUE,NO
2020-07-21,GLOBAL_BIOTECHNOLOGY,LIST-8E0D21D8A41728FC,LIST-38B24DB6BAB7A1F3,IE00BL0L0H60,FBT,A2R_CANONICAL_SELECTION,True,2020-07-20,1.0,True,1,SEMANTICALLY_IDENTICAL_IMPLEMENTATION_TRANSITION,YES_SAME_A2R_ECONOMIC_FAMILY,CONTINUE,NO
2020-07-23,GLOBAL_BIOTECHNOLOGY,LIST-38B24DB6BAB7A1F3,LIST-8E0D21D8A41728FC,IE00BQ70R696,SBIO,A2R_CANONICAL_SELECTION,True,2020-07-22,1.0,True,1,SEMANTICALLY_IDENTICAL_IMPLEMENTATION_TRANSITION,YES_SAME_A2R_ECONOMIC_FAMILY,CONTINUE,NO
2020-07-27,GLOBAL_BIOTECHNOLOGY,LIST-8E0D21D8A41728FC,LIST-38B24DB6BAB7A1F3,IE00BL0L0H60,FBT,A2R_CANONICAL_SELECTION,False,,,False,1,PRICE_NOT_AVAILABLE,YES_SAME_A2R_ECONOMIC_FAMILY,RESET_OR_ENDPOINT_UNAVAILABLE,NO
2020-07-28,GLOBAL_BIOTECHNOLOGY,LIST-38B24DB6BAB7A1F3,LIST-8E0D21D8A41728FC,IE00BQ70R696,SBIO,A2R_CANONICAL_SELECTION,True,2020-07-27,1.0,False,1,EXACT_PREVIOUS_XLON_SESSION_ENDPOINT,YES_SAME_A2R_ECONOMIC_FAMILY,RESET_OR_ENDPOINT_UNAVAILABLE,NO
2020-07-29,GLOBAL_BIOTECHNOLOGY,LIST-8E0D21D8A41728FC,LIST-38B24DB6BAB7A1F3,IE00BL0L0H60,FBT,A2R_CANONICAL_SELECTION,True,2020-07-28,1.0,True,1,SEMANTICALLY_IDENTICAL_IMPLEMENTATION_TRANSITION,YES_SAME_A2R_ECONOMIC_FAMILY,CONTINUE,NO
2020-07-31,GLOBAL_BIOTECHNOLOGY,LIST-38B24DB6BAB7A1F3,LIST-8E0D21D8A41728FC,IE00BQ70R696,SBIO,A2R_CANONICAL_SELECTION,True,2020-07-30,1.0,True,1,SEMANTICALLY_IDENTICAL_IMPLEMENTATION_TRANSITION,YES_SAME_A2R_ECONOMIC_FAMILY,CONTINUE,NO
2020-09-09,GLOBAL_BIOTECHNOLOGY,LIST-8E0D21D8A41728FC,LIST-38B24DB6BAB7A1F3,IE00BL0L0H60,FBT,A2R_CANONICAL_SELECTION,True,2020-09-08,1.0,True,1,SEMANTICALLY_IDENTICAL_IMPLEMENTATION_TRANSITION,YES_SAME_A2R_ECONOMIC_FAMILY,CONTINUE,NO
2020-09-11,GLOBAL_BIOTECHNOLOGY,LIST-38B24DB6BAB7A1F3,LIST-8E0D21D8A41728FC,IE00BQ70R696,SBIO,A2R_CANONICAL_SELECTION,True,2020-09-10,1.0,True,1,SEMANTICALLY_IDENTICAL_IMPLEMENTATION_TRANSITION,YES_SAME_A2R_ECONOMIC_FAMILY,CONTINUE,NO
2020-09-14,GLOBAL_BIOTECHNOLOGY,LIST-8E0D21D8A41728FC,LIST-38B24DB6BAB7A1F3,IE00BL0L0H60,FBT,A2R_CANONICAL_SELECTION,True,2020-09-11,1.0,True,1,SEMANTICALLY_IDENTICAL_IMPLEMENTATION_TRANSITION,YES_SAME_A2R_ECONOMIC_FAMILY,CONTINUE,NO
2020-09-17,GLOBAL_BIOTECHNOLOGY,LIST-38B24DB6BAB7A1F3,LIST-8E0D21D8A41728FC,IE00BQ70R696,SBIO,A2R_CANONICAL_SELECTION,True,2020-09-16,1.0,True,1,SEMANTICALLY_IDENTICAL_IMPLEMENTATION_TRANSITION,YES_SAME_A2R_ECONOMIC_FAMILY,CONTINUE,NO
2020-09-28,GLOBAL_BIOTECHNOLOGY,LIST-8E0D21D8A41728FC,LIST-38B24DB6BAB7A1F3,IE00BL0L0H60,FBT,A2R_CANONICAL_SELECTION,True,2020-09-25,1.0,True,1,SEMANTICALLY_IDENTICAL_IMPLEMENTATION_TRANSITION,YES_SAME_A2R_ECONOMIC_FAMILY,CONTINUE,NO
2020-09-30,GLOBAL_BIOTECHNOLOGY,LIST-38B24DB6BAB7A1F3,LIST-8E0D21D8A41728FC,IE00BQ70R696,SBIO,A2R_CANONICAL_SELECTION,True,2020-09-29,1.0,True,1,SEMANTICALLY_IDENTICAL_IMPLEMENTATION_TRANSITION,YES_SAME_A2R_ECONOMIC_FAMILY,CONTINUE,NO
2020-10-12,GLOBAL_BIOTECHNOLOGY,LIST-8E0D21D8A41728FC,LIST-38B24DB6BAB7A1F3,IE00BL0L0H60,FBT,A2R_CANONICAL_SELECTION,True,2020-10-09,1.0,True,1,SEMANTICALLY_IDENTICAL_IMPLEMENTATION_TRANSITION,YES_SAME_A2R_ECONOMIC_FAMILY,CONTINUE,NO
2020-10-14,GLOBAL_BIOTECHNOLOGY,LIST-38B24DB6BAB7A1F3,LIST-8E0D21D8A41728FC,IE00BQ70R696,SBIO,A2R_CANONICAL_SELECTION,True,2020-10-13,1.0,True,1,SEMANTICALLY_IDENTICAL_IMPLEMENTATION_TRANSITION,YES_SAME_A2R_ECONOMIC_FAMILY,CONTINUE,NO
2020-10-19,GLOBAL_BIOTECHNOLOGY,LIST-8E0D21D8A41728FC,LIST-38B24DB6BAB7A1F3,IE00BL0L0H60,FBT,A2R_CANONICAL_SELECTION,False,,,False,1,PRICE_NOT_AVAILABLE,YES_SAME_A2R_ECONOMIC_FAMILY,RESET_OR_ENDPOINT_UNAVAILABLE,NO
2020-10-20,GLOBAL_BIOTECHNOLOGY,LIST-38B24DB6BAB7A1F3,LIST-8E0D21D8A41728FC,IE00BQ70R696,SBIO,A2R_CANONICAL_SELECTION,True,2020-10-19,1.0,False,1,EXACT_PREVIOUS_XLON_SESSION_ENDPOINT,YES_SAME_A2R_ECONOMIC_FAMILY,RESET_OR_ENDPOINT_UNAVAILABLE,NO
2020-10-26,GLOBAL_BIOTECHNOLOGY,LIST-8E0D21D8A41728FC,LIST-38B24DB6BAB7A1F3,IE00BL0L0H60,FBT,A2R_CANONICAL_SELECTION,True,2020-10-23,1.0,True,1,SEMANTICALLY_IDENTICAL_IMPLEMENTATION_TRANSITION,YES_SAME_A2R_ECONOMIC_FAMILY,CONTINUE,NO
2020-10-28,GLOBAL_BIOTECHNOLOGY,LIST-38B24DB6BAB7A1F3,LIST-8E0D21D8A41728FC,IE00BQ70R696,SBIO,A2R_CANONICAL_SELECTION,True,2020-10-27,1.0,True,1,SEMANTICALLY_IDENTICAL_IMPLEMENTATION_TRANSITION,YES_SAME_A2R_ECONOMIC_FAMILY,CONTINUE,NO
2020-10-30,GLOBAL_BIOTECHNOLOGY,LIST-8E0D21D8A41728FC,LIST-38B24DB6BAB7A1F3,IE00BL0L0H60,FBT,A2R_CANONICAL_SELECTION,True,2020-10-29,1.0,True,1,SEMANTICALLY_IDENTICAL_IMPLEMENTATION_TRANSITION,YES_SAME_A2R_ECONOMIC_FAMILY,CONTINUE,NO
2020-11-03,GLOBAL_BIOTECHNOLOGY,LIST-38B24DB6BAB7A1F3,LIST-8E0D21D8A41728FC,IE00BQ70R696,SBIO,A2R_CANONICAL_SELECTION,True,2020-11-02,1.0,True,1,SEMANTICALLY_IDENTICAL_IMPLEMENTATION_TRANSITION,YES_SAME_A2R_ECONOMIC_FAMILY,CONTINUE,NO
2020-11-04,GLOBAL_BIOTECHNOLOGY,LIST-8E0D21D8A41728FC,LIST-38B24DB6BAB7A1F3,IE00BL0L0H60,FBT,A2R_CANONICAL_SELECTION,False,,,False,1,PRICE_NOT_AVAILABLE,YES_SAME_A2R_ECONOMIC_FAMILY,RESET_OR_ENDPOINT_UNAVAILABLE,NO
2020-11-05,GLOBAL_BIOTECHNOLOGY,LIST-38B24DB6BAB7A1F3,LIST-8E0D21D8A41728FC,IE00BQ70R696,SBIO,A2R_CANONICAL_SELECTION,True,2020-11-04,1.0,False,1,EXACT_PREVIOUS_XLON_SESSION_ENDPOINT,YES_SAME_A2R_ECONOMIC_FAMILY,RESET_OR_ENDPOINT_UNAVAILABLE,NO
2020-11-06,GLOBAL_BIOTECHNOLOGY,LIST-8E0D21D8A41728FC,LIST-38B24DB6BAB7A1F3,IE00BL0L0H60,FBT,A2R_CANONICAL_SELECTION,False,,,False,1,PRICE_NOT_AVAILABLE,YES_SAME_A2R_ECONOMIC_FAMILY,RESET_OR_ENDPOINT_UNAVAILABLE,NO
2020-11-09,GLOBAL_BIOTECHNOLOGY,LIST-38B24DB6BAB7A1F3,LIST-8E0D21D8A41728FC,IE00BQ70R696,SBIO,A2R_CANONICAL_SELECTION,True,2020-11-06,1.0,False,1,EXACT_PREVIOUS_XLON_SESSION_ENDPOINT,YES_SAME_A2R_ECONOMIC_FAMILY,RESET_OR_ENDPOINT_UNAVAILABLE,NO
2020-11-10,GLOBAL_BIOTECHNOLOGY,LIST-8E0D21D8A41728FC,LIST-38B24DB6BAB7A1F3,IE00BL0L0H60,FBT,A2R_CANONICAL_SELECTION,True,2020-11-09,1.0,True,1,SEMANTICALLY_IDENTICAL_IMPLEMENTATION_TRANSITION,YES_SAME_A2R_ECONOMIC_FAMILY,CONTINUE,NO
2020-11-16,GLOBAL_BIOTECHNOLOGY,LIST-38B24DB6BAB7A1F3,LIST-8E0D21D8A41728FC,IE00BQ70R696,SBIO,A2R_CANONICAL_SELECTION,True,2020-11-13,1.0,True,1,SEMANTICALLY_IDENTICAL_IMPLEMENTATION_TRANSITION,YES_SAME_A2R_ECONOMIC_FAMILY,CONTINUE,NO
2020-11-17,GLOBAL_BIOTECHNOLOGY,LIST-8E0D21D8A41728FC,LIST-38B24DB6BAB7A1F3,IE00BL0L0H60,FBT,A2R_CANONICAL_SELECTION,True,2020-11-16,1.0,True,1,SEMANTICALLY_IDENTICAL_IMPLEMENTATION_TRANSITION,YES_SAME_A2R_ECONOMIC_FAMILY,CONTINUE,NO
2020-11-24,GLOBAL_BIOTECHNOLOGY,LIST-38B24DB6BAB7A1F3,LIST-8E0D21D8A41728FC,IE00BQ70R696,SBIO,A2R_CANONICAL_SELECTION,True,2020-11-23,1.0,True,1,SEMANTICALLY_IDENTICAL_IMPLEMENTATION_TRANSITION,YES_SAME_A2R_ECONOMIC_FAMILY,CONTINUE,NO
2020-11-25,GLOBAL_BIOTECHNOLOGY,LIST-8E0D21D8A41728FC,LIST-38B24DB6BAB7A1F3,IE00BL0L0H60,FBT,A2R_CANONICAL_SELECTION,True,2020-11-24,1.0,True,1,SEMANTICALLY_IDENTICAL_IMPLEMENTATION_TRANSITION,YES_SAME_A2R_ECONOMIC_FAMILY,CONTINUE,NO
2020-12-02,GLOBAL_BIOTECHNOLOGY,LIST-38B24DB6BAB7A1F3,LIST-8E0D21D8A41728FC,IE00BQ70R696,SBIO,A2R_CANONICAL_SELECTION,True,2020-12-01,1.0,True,1,SEMANTICALLY_IDENTICAL_IMPLEMENTATION_TRANSITION,YES_SAME_A2R_ECONOMIC_FAMILY,CONTINUE,NO
2020-12-03,GLOBAL_BIOTECHNOLOGY,LIST-8E0D21D8A41728FC,LIST-38B24DB6BAB7A1F3,IE00BL0L0H60,FBT,A2R_CANONICAL_SELECTION,False,,,False,1,PRICE_NOT_AVAILABLE,YES_SAME_A2R_ECONOMIC_FAMILY,RESET_OR_ENDPOINT_UNAVAILABLE,NO
2020-12-04,GLOBAL_BIOTECHNOLOGY,LIST-38B24DB6BAB7A1F3,LIST-8E0D21D8A41728FC,IE00BQ70R696,SBIO,A2R_CANONICAL_SELECTION,True,2020-12-03,1.0,False,1,EXACT_PREVIOUS_XLON_SESSION_ENDPOINT,YES_SAME_A2R_ECONOMIC_FAMILY,RESET_OR_ENDPOINT_UNAVAILABLE,NO
2020-12-07,GLOBAL_BIOTECHNOLOGY,LIST-8E0D21D8A41728FC,LIST-38B24DB6BAB7A1F3,IE00BL0L0H60,FBT,A2R_CANONICAL_SELECTION,True,2020-12-04,1.0,True,1,SEMANTICALLY_IDENTICAL_IMPLEMENTATION_TRANSITION,YES_SAME_A2R_ECONOMIC_FAMILY,CONTINUE,NO
2020-12-10,GLOBAL_BIOTECHNOLOGY,LIST-38B24DB6BAB7A1F3,LIST-8E0D21D8A41728FC,IE00BQ70R696,SBIO,A2R_CANONICAL_SELECTION,True,2020-12-09,1.0,True,1,SEMANTICALLY_IDENTICAL_IMPLEMENTATION_TRANSITION,YES_SAME_A2R_ECONOMIC_FAMILY,CONTINUE,NO
2020-12-14,GLOBAL_BIOTECHNOLOGY,LIST-8E0D21D8A41728FC,LIST-38B24DB6BAB7A1F3,IE00BL0L0H60,FBT,A2R_CANONICAL_SELECTION,True,2020-12-11,1.0,True,1,SEMANTICALLY_IDENTICAL_IMPLEMENTATION_TRANSITION,YES_SAME_A2R_ECONOMIC_FAMILY,CONTINUE,NO
2020-12-21,GLOBAL_BIOTECHNOLOGY,LIST-38B24DB6BAB7A1F3,LIST-8E0D21D8A41728FC,IE00BQ70R696,SBIO,A2R_CANONICAL_SELECTION,True,2020-12-18,1.0,True,1,SEMANTICALLY_IDENTICAL_IMPLEMENTATION_TRANSITION,YES_SAME_A2R_ECONOMIC_FAMILY,CONTINUE,NO
2020-12-22,GLOBAL_BIOTECHNOLOGY,LIST-8E0D21D8A41728FC,LIST-38B24DB6BAB7A1F3,IE00BL0L0H60,FBT,A2R_CANONICAL_SELECTION,True,2020-12-21,1.0,True,1,SEMANTICALLY_IDENTICAL_IMPLEMENTATION_TRANSITION,YES_SAME_A2R_ECONOMIC_FAMILY,CONTINUE,NO
2021-01-06,GLOBAL_BIOTECHNOLOGY,LIST-38B24DB6BAB7A1F3,LIST-8E0D21D8A41728FC,IE00BQ70R696,SBIO,A2R_CANONICAL_SELECTION,True,2021-01-05,1.0,True,1,SEMANTICALLY_IDENTICAL_IMPLEMENTATION_TRANSITION,YES_SAME_A2R_ECONOMIC_FAMILY,CONTINUE,NO
2021-01-07,GLOBAL_BIOTECHNOLOGY,LIST-8E0D21D8A41728FC,LIST-38B24DB6BAB7A1F3,IE00BL0L0H60,FBT,A2R_CANONICAL_SELECTION,True,2021-01-06,1.0,True,1,SEMANTICALLY_IDENTICAL_IMPLEMENTATION_TRANSITION,YES_SAME_A2R_ECONOMIC_FAMILY,CONTINUE,NO
2021-01-25,GLOBAL_BIOTECHNOLOGY,LIST-38B24DB6BAB7A1F3,LIST-8E0D21D8A41728FC,IE00BQ70R696,SBIO,A2R_CANONICAL_SELECTION,True,2021-01-22,1.0,True,1,SEMANTICALLY_IDENTICAL_IMPLEMENTATION_TRANSITION,YES_SAME_A2R_ECONOMIC_FAMILY,CONTINUE,NO
2021-01-26,GLOBAL_BIOTECHNOLOGY,LIST-8E0D21D8A41728FC,LIST-38B24DB6BAB7A1F3,IE00BL0L0H60,FBT,A2R_CANONICAL_SELECTION,True,2021-01-25,1.0,True,1,SEMANTICALLY_IDENTICAL_IMPLEMENTATION_TRANSITION,YES_SAME_A2R_ECONOMIC_FAMILY,CONTINUE,NO
2021-02-08,GLOBAL_BIOTECHNOLOGY,LIST-38B24DB6BAB7A1F3,LIST-8E0D21D8A41728FC,IE00BQ70R696,SBIO,A2R_CANONICAL_SELECTION,True,2021-02-05,1.0,True,1,SEMANTICALLY_IDENTICAL_IMPLEMENTATION_TRANSITION,YES_SAME_A2R_ECONOMIC_FAMILY,CONTINUE,NO
2021-02-10,GLOBAL_BIOTECHNOLOGY,LIST-8E0D21D8A41728FC,LIST-38B24DB6BAB7A1F3,IE00BL0L0H60,FBT,A2R_CANONICAL_SELECTION,True,2021-02-09,1.0,True,1,SEMANTICALLY_IDENTICAL_IMPLEMENTATION_TRANSITION,YES_SAME_A2R_ECONOMIC_FAMILY,CONTINUE,NO
2021-02-15,GLOBAL_BIOTECHNOLOGY,LIST-38B24DB6BAB7A1F3,LIST-8E0D21D8A41728FC,IE00BQ70R696,SBIO,A2R_CANONICAL_SELECTION,True,2021-02-12,1.0,True,1,SEMANTICALLY_IDENTICAL_IMPLEMENTATION_TRANSITION,YES_SAME_A2R_ECONOMIC_FAMILY,CONTINUE,NO
2021-02-16,GLOBAL_BIOTECHNOLOGY,LIST-8E0D21D8A41728FC,LIST-38B24DB6BAB7A1F3,IE00BL0L0H60,FBT,A2R_CANONICAL_SELECTION,True,2021-02-15,1.0,True,1,SEMANTICALLY_IDENTICAL_IMPLEMENTATION_TRANSITION,YES_SAME_A2R_ECONOMIC_FAMILY,CONTINUE,NO
2021-02-19,GLOBAL_BIOTECHNOLOGY,LIST-38B24DB6BAB7A1F3,LIST-8E0D21D8A41728FC,IE00BQ70R696,SBIO,A2R_CANONICAL_SELECTION,True,2021-02-18,1.0,True,1,SEMANTICALLY_IDENTICAL_IMPLEMENTATION_TRANSITION,YES_SAME_A2R_ECONOMIC_FAMILY,CONTINUE,NO
2021-02-22,GLOBAL_BIOTECHNOLOGY,LIST-8E0D21D8A41728FC,LIST-38B24DB6BAB7A1F3,IE00BL0L0H60,FBT,A2R_CANONICAL_SELECTION,True,2021-02-19,1.0,True,1,SEMANTICALLY_IDENTICAL_IMPLEMENTATION_TRANSITION,YES_SAME_A2R_ECONOMIC_FAMILY,CONTINUE,NO
2021-03-03,GLOBAL_BIOTECHNOLOGY,LIST-38B24DB6BAB7A1F3,LIST-8E0D21D8A41728FC,IE00BQ70R696,SBIO,A2R_CANONICAL_SELECTION,True,2021-03-02,1.0,True,1,SEMANTICALLY_IDENTICAL_IMPLEMENTATION_TRANSITION,YES_SAME_A2R_ECONOMIC_FAMILY,CONTINUE,NO
2021-03-04,GLOBAL_BIOTECHNOLOGY,LIST-8E0D21D8A41728FC,LIST-38B24DB6BAB7A1F3,IE00BL0L0H60,FBT,A2R_CANONICAL_SELECTION,True,2021-03-03,1.0,True,1,SEMANTICALLY_IDENTICAL_IMPLEMENTATION_TRANSITION,YES_SAME_A2R_ECONOMIC_FAMILY,CONTINUE,NO
2021-03-10,GLOBAL_BIOTECHNOLOGY,LIST-38B24DB6BAB7A1F3,LIST-8E0D21D8A41728FC,IE00BQ70R696,SBIO,A2R_CANONICAL_SELECTION,True,2021-03-09,1.0,True,1,SEMANTICALLY_IDENTICAL_IMPLEMENTATION_TRANSITION,YES_SAME_A2R_ECONOMIC_FAMILY,CONTINUE,NO
2021-03-11,GLOBAL_BIOTECHNOLOGY,LIST-8E0D21D8A41728FC,LIST-38B24DB6BAB7A1F3,IE00BL0L0H60,FBT,A2R_CANONICAL_SELECTION,True,2021-03-10,1.0,True,1,SEMANTICALLY_IDENTICAL_IMPLEMENTATION_TRANSITION,YES_SAME_A2R_ECONOMIC_FAMILY,CONTINUE,NO
2021-03-15,GLOBAL_BIOTECHNOLOGY,LIST-38B24DB6BAB7A1F3,LIST-8E0D21D8A41728FC,IE00BQ70R696,SBIO,A2R_CANONICAL_SELECTION,True,2021-03-12,1.0,True,1,SEMANTICALLY_IDENTICAL_IMPLEMENTATION_TRANSITION,YES_SAME_A2R_ECONOMIC_FAMILY,CONTINUE,NO
2021-03-16,GLOBAL_BIOTECHNOLOGY,LIST-8E0D21D8A41728FC,LIST-38B24DB6BAB7A1F3,IE00BL0L0H60,FBT,A2R_CANONICAL_SELECTION,True,2021-03-15,1.0,True,1,SEMANTICALLY_IDENTICAL_IMPLEMENTATION_TRANSITION,YES_SAME_A2R_ECONOMIC_FAMILY,CONTINUE,NO
2021-03-22,GLOBAL_BIOTECHNOLOGY,LIST-38B24DB6BAB7A1F3,LIST-8E0D21D8A41728FC,IE00BQ70R696,SBIO,A2R_CANONICAL_SELECTION,True,2021-03-19,1.0,True,1,SEMANTICALLY_IDENTICAL_IMPLEMENTATION_TRANSITION,YES_SAME_A2R_ECONOMIC_FAMILY,CONTINUE,NO
2021-03-23,GLOBAL_BIOTECHNOLOGY,LIST-8E0D21D8A41728FC,LIST-38B24DB6BAB7A1F3,IE00BL0L0H60,FBT,A2R_CANONICAL_SELECTION,True,2021-03-22,1.0,True,1,SEMANTICALLY_IDENTICAL_IMPLEMENTATION_TRANSITION,YES_SAME_A2R_ECONOMIC_FAMILY,CONTINUE,NO
2021-04-07,GLOBAL_BIOTECHNOLOGY,LIST-38B24DB6BAB7A1F3,LIST-8E0D21D8A41728FC,IE00BQ70R696,SBIO,A2R_CANONICAL_SELECTION,True,2021-04-06,1.0,True,1,SEMANTICALLY_IDENTICAL_IMPLEMENTATION_TRANSITION,YES_SAME_A2R_ECONOMIC_FAMILY,CONTINUE,NO
2021-04-09,GLOBAL_BIOTECHNOLOGY,LIST-8E0D21D8A41728FC,LIST-38B24DB6BAB7A1F3,IE00BL0L0H60,FBT,A2R_CANONICAL_SELECTION,True,2021-04-08,1.0,True,1,SEMANTICALLY_IDENTICAL_IMPLEMENTATION_TRANSITION,YES_SAME_A2R_ECONOMIC_FAMILY,CONTINUE,NO
2021-04-13,GLOBAL_BIOTECHNOLOGY,LIST-38B24DB6BAB7A1F3,LIST-8E0D21D8A41728FC,IE00BQ70R696,SBIO,A2R_CANONICAL_SELECTION,True,2021-04-12,1.0,True,1,SEMANTICALLY_IDENTICAL_IMPLEMENTATION_TRANSITION,YES_SAME_A2R_ECONOMIC_FAMILY,CONTINUE,NO
2021-04-14,GLOBAL_BIOTECHNOLOGY,LIST-8E0D21D8A41728FC,LIST-38B24DB6BAB7A1F3,IE00BL0L0H60,FBT,A2R_CANONICAL_SELECTION,True,2021-04-13,1.0,True,1,SEMANTICALLY_IDENTICAL_IMPLEMENTATION_TRANSITION,YES_SAME_A2R_ECONOMIC_FAMILY,CONTINUE,NO
2021-04-30,GLOBAL_BIOTECHNOLOGY,LIST-38B24DB6BAB7A1F3,LIST-8E0D21D8A41728FC,IE00BQ70R696,SBIO,A2R_CANONICAL_SELECTION,True,2021-04-29,1.0,True,1,SEMANTICALLY_IDENTICAL_IMPLEMENTATION_TRANSITION,YES_SAME_A2R_ECONOMIC_FAMILY,CONTINUE,NO
2021-05-05,GLOBAL_BIOTECHNOLOGY,LIST-8E0D21D8A41728FC,LIST-38B24DB6BAB7A1F3,IE00BL0L0H60,FBT,A2R_CANONICAL_SELECTION,True,2021-05-04,1.0,True,1,SEMANTICALLY_IDENTICAL_IMPLEMENTATION_TRANSITION,YES_SAME_A2R_ECONOMIC_FAMILY,CONTINUE,NO
2021-05-11,GLOBAL_BIOTECHNOLOGY,LIST-38B24DB6BAB7A1F3,LIST-8E0D21D8A41728FC,IE00BQ70R696,SBIO,A2R_CANONICAL_SELECTION,True,2021-05-10,1.0,True,1,SEMANTICALLY_IDENTICAL_IMPLEMENTATION_TRANSITION,YES_SAME_A2R_ECONOMIC_FAMILY,CONTINUE,NO
2021-05-12,GLOBAL_BIOTECHNOLOGY,LIST-8E0D21D8A41728FC,LIST-38B24DB6BAB7A1F3,IE00BL0L0H60,FBT,A2R_CANONICAL_SELECTION,True,2021-05-11,1.0,True,1,SEMANTICALLY_IDENTICAL_IMPLEMENTATION_TRANSITION,YES_SAME_A2R_ECONOMIC_FAMILY,CONTINUE,NO
2021-05-20,GLOBAL_BIOTECHNOLOGY,LIST-38B24DB6BAB7A1F3,LIST-8E0D21D8A41728FC,IE00BQ70R696,SBIO,A2R_CANONICAL_SELECTION,True,2021-05-19,1.0,True,1,SEMANTICALLY_IDENTICAL_IMPLEMENTATION_TRANSITION,YES_SAME_A2R_ECONOMIC_FAMILY,CONTINUE,NO
2021-05-21,GLOBAL_BIOTECHNOLOGY,LIST-8E0D21D8A41728FC,LIST-38B24DB6BAB7A1F3,IE00BL0L0H60,FBT,A2R_CANONICAL_SELECTION,False,,,False,1,PRICE_NOT_AVAILABLE,YES_SAME_A2R_ECONOMIC_FAMILY,RESET_OR_ENDPOINT_UNAVAILABLE,NO
2021-05-24,GLOBAL_BIOTECHNOLOGY,LIST-38B24DB6BAB7A1F3,LIST-8E0D21D8A41728FC,IE00BQ70R696,SBIO,A2R_CANONICAL_SELECTION,True,2021-05-21,1.0,False,1,EXACT_PREVIOUS_XLON_SESSION_ENDPOINT,YES_SAME_A2R_ECONOMIC_FAMILY,RESET_OR_ENDPOINT_UNAVAILABLE,NO
2021-05-27,GLOBAL_BIOTECHNOLOGY,LIST-8E0D21D8A41728FC,LIST-38B24DB6BAB7A1F3,IE00BL0L0H60,FBT,A2R_CANONICAL_SELECTION,True,2021-05-26,1.0,True,1,SEMANTICALLY_IDENTICAL_IMPLEMENTATION_TRANSITION,YES_SAME_A2R_ECONOMIC_FAMILY,CONTINUE,NO
2021-06-02,GLOBAL_BIOTECHNOLOGY,LIST-38B24DB6BAB7A1F3,LIST-8E0D21D8A41728FC,IE00BQ70R696,SBIO,A2R_CANONICAL_SELECTION,True,2021-06-01,1.0,True,1,SEMANTICALLY_IDENTICAL_IMPLEMENTATION_TRANSITION,YES_SAME_A2R_ECONOMIC_FAMILY,CONTINUE,NO
2021-06-03,GLOBAL_BIOTECHNOLOGY,LIST-8E0D21D8A41728FC,LIST-38B24DB6BAB7A1F3,IE00BL0L0H60,FBT,A2R_CANONICAL_SELECTION,False,,,False,1,PRICE_NOT_AVAILABLE,YES_SAME_A2R_ECONOMIC_FAMILY,RESET_OR_ENDPOINT_UNAVAILABLE,NO
2021-06-04,GLOBAL_BIOTECHNOLOGY,LIST-38B24DB6BAB7A1F3,LIST-8E0D21D8A41728FC,IE00BQ70R696,SBIO,A2R_CANONICAL_SELECTION,True,2021-06-03,1.0,False,1,EXACT_PREVIOUS_XLON_SESSION_ENDPOINT,YES_SAME_A2R_ECONOMIC_FAMILY,RESET_OR_ENDPOINT_UNAVAILABLE,NO
2021-06-07,GLOBAL_BIOTECHNOLOGY,LIST-8E0D21D8A41728FC,LIST-38B24DB6BAB7A1F3,IE00BL0L0H60,FBT,A2R_CANONICAL_SELECTION,True,2021-06-04,1.0,True,1,SEMANTICALLY_IDENTICAL_IMPLEMENTATION_TRANSITION,YES_SAME_A2R_ECONOMIC_FAMILY,CONTINUE,NO
2021-06-14,GLOBAL_BIOTECHNOLOGY,LIST-38B24DB6BAB7A1F3,LIST-8E0D21D8A41728FC,IE00BQ70R696,SBIO,A2R_CANONICAL_SELECTION,True,2021-06-11,1.0,True,1,SEMANTICALLY_IDENTICAL_IMPLEMENTATION_TRANSITION,YES_SAME_A2R_ECONOMIC_FAMILY,CONTINUE,NO
2021-06-15,GLOBAL_BIOTECHNOLOGY,LIST-8E0D21D8A41728FC,LIST-38B24DB6BAB7A1F3,IE00BL0L0H60,FBT,A2R_CANONICAL_SELECTION,True,2021-06-14,1.0,True,1,SEMANTICALLY_IDENTICAL_IMPLEMENTATION_TRANSITION,YES_SAME_A2R_ECONOMIC_FAMILY,CONTINUE,NO
2021-06-18,GLOBAL_BIOTECHNOLOGY,LIST-38B24DB6BAB7A1F3,LIST-8E0D21D8A41728FC,IE00BQ70R696,SBIO,A2R_CANONICAL_SELECTION,True,2021-06-17,1.0,True,1,SEMANTICALLY_IDENTICAL_IMPLEMENTATION_TRANSITION,YES_SAME_A2R_ECONOMIC_FAMILY,CONTINUE,NO
2021-06-21,GLOBAL_BIOTECHNOLOGY,LIST-8E0D21D8A41728FC,LIST-38B24DB6BAB7A1F3,IE00BL0L0H60,FBT,A2R_CANONICAL_SELECTION,True,2021-06-18,1.0,True,1,SEMANTICALLY_IDENTICAL_IMPLEMENTATION_TRANSITION,YES_SAME_A2R_ECONOMIC_FAMILY,CONTINUE,NO
2021-07-05,GLOBAL_BIOTECHNOLOGY,LIST-38B24DB6BAB7A1F3,LIST-8E0D21D8A41728FC,IE00BQ70R696,SBIO,A2R_CANONICAL_SELECTION,True,2021-07-02,1.0,True,1,SEMANTICALLY_IDENTICAL_IMPLEMENTATION_TRANSITION,YES_SAME_A2R_ECONOMIC_FAMILY,CONTINUE,NO
2021-07-06,GLOBAL_BIOTECHNOLOGY,LIST-8E0D21D8A41728FC,LIST-38B24DB6BAB7A1F3,IE00BL0L0H60,FBT,A2R_CANONICAL_SELECTION,True,2021-07-05,1.0,True,1,SEMANTICALLY_IDENTICAL_IMPLEMENTATION_TRANSITION,YES_SAME_A2R_ECONOMIC_FAMILY,CONTINUE,NO
2021-07-08,GLOBAL_BIOTECHNOLOGY,LIST-38B24DB6BAB7A1F3,LIST-8E0D21D8A41728FC,IE00BQ70R696,SBIO,A2R_CANONICAL_SELECTION,True,2021-07-07,1.0,True,1,SEMANTICALLY_IDENTICAL_IMPLEMENTATION_TRANSITION,YES_SAME_A2R_ECONOMIC_FAMILY,CONTINUE,NO
2021-07-09,GLOBAL_BIOTECHNOLOGY,LIST-8E0D21D8A41728FC,LIST-38B24DB6BAB7A1F3,IE00BL0L0H60,FBT,A2R_CANONICAL_SELECTION,False,,,False,1,PRICE_NOT_AVAILABLE,YES_SAME_A2R_ECONOMIC_FAMILY,RESET_OR_ENDPOINT_UNAVAILABLE,NO
2021-07-12,GLOBAL_BIOTECHNOLOGY,LIST-38B24DB6BAB7A1F3,LIST-8E0D21D8A41728FC,IE00BQ70R696,SBIO,A2R_CANONICAL_SELECTION,True,2021-07-09,1.0,False,1,EXACT_PREVIOUS_XLON_SESSION_ENDPOINT,YES_SAME_A2R_ECONOMIC_FAMILY,RESET_OR_ENDPOINT_UNAVAILABLE,NO
2021-07-13,GLOBAL_BIOTECHNOLOGY,LIST-8E0D21D8A41728FC,LIST-38B24DB6BAB7A1F3,IE00BL0L0H60,FBT,A2R_CANONICAL_SELECTION,True,2021-07-12,1.0,True,1,SEMANTICALLY_IDENTICAL_IMPLEMENTATION_TRANSITION,YES_SAME_A2R_ECONOMIC_FAMILY,CONTINUE,NO
2021-07-26,GLOBAL_BIOTECHNOLOGY,LIST-38B24DB6BAB7A1F3,LIST-8E0D21D8A41728FC,IE00BQ70R696,SBIO,A2R_CANONICAL_SELECTION,True,2021-07-23,1.0,True,1,SEMANTICALLY_IDENTICAL_IMPLEMENTATION_TRANSITION,YES_SAME_A2R_ECONOMIC_FAMILY,CONTINUE,NO
2021-07-27,GLOBAL_BIOTECHNOLOGY,LIST-8E0D21D8A41728FC,LIST-38B24DB6BAB7A1F3,IE00BL0L0H60,FBT,A2R_CANONICAL_SELECTION,True,2021-07-26,1.0,True,1,SEMANTICALLY_IDENTICAL_IMPLEMENTATION_TRANSITION,YES_SAME_A2R_ECONOMIC_FAMILY,CONTINUE,NO
2021-07-29,GLOBAL_BIOTECHNOLOGY,LIST-38B24DB6BAB7A1F3,LIST-8E0D21D8A41728FC,IE00BQ70R696,SBIO,A2R_CANONICAL_SELECTION,True,2021-07-28,1.0,True,1,SEMANTICALLY_IDENTICAL_IMPLEMENTATION_TRANSITION,YES_SAME_A2R_ECONOMIC_FAMILY,CONTINUE,NO
2021-08-03,GLOBAL_BIOTECHNOLOGY,LIST-8E0D21D8A41728FC,LIST-38B24DB6BAB7A1F3,IE00BL0L0H60,FBT,A2R_CANONICAL_SELECTION,True,2021-08-02,1.0,True,1,SEMANTICALLY_IDENTICAL_IMPLEMENTATION_TRANSITION,YES_SAME_A2R_ECONOMIC_FAMILY,CONTINUE,NO
2021-08-16,GLOBAL_BIOTECHNOLOGY,LIST-38B24DB6BAB7A1F3,LIST-8E0D21D8A41728FC,IE00BQ70R696,SBIO,A2R_CANONICAL_SELECTION,True,2021-08-13,1.0,True,1,SEMANTICALLY_IDENTICAL_IMPLEMENTATION_TRANSITION,YES_SAME_A2R_ECONOMIC_FAMILY,CONTINUE,NO
2021-08-17,GLOBAL_BIOTECHNOLOGY,LIST-8E0D21D8A41728FC,LIST-38B24DB6BAB7A1F3,IE00BL0L0H60,FBT,A2R_CANONICAL_SELECTION,True,2021-08-16,1.0,True,1,SEMANTICALLY_IDENTICAL_IMPLEMENTATION_TRANSITION,YES_SAME_A2R_ECONOMIC_FAMILY,CONTINUE,NO
2021-08-20,GLOBAL_BIOTECHNOLOGY,LIST-38B24DB6BAB7A1F3,LIST-8E0D21D8A41728FC,IE00BQ70R696,SBIO,A2R_CANONICAL_SELECTION,True,2021-08-19,1.0,True,1,SEMANTICALLY_IDENTICAL_IMPLEMENTATION_TRANSITION,YES_SAME_A2R_ECONOMIC_FAMILY,CONTINUE,NO
2021-08-23,GLOBAL_BIOTECHNOLOGY,LIST-8E0D21D8A41728FC,LIST-38B24DB6BAB7A1F3,IE00BL0L0H60,FBT,A2R_CANONICAL_SELECTION,True,2021-08-20,1.0,True,1,SEMANTICALLY_IDENTICAL_IMPLEMENTATION_TRANSITION,YES_SAME_A2R_ECONOMIC_FAMILY,CONTINUE,NO
2021-09-06,GLOBAL_BIOTECHNOLOGY,LIST-38B24DB6BAB7A1F3,LIST-8E0D21D8A41728FC,IE00BQ70R696,SBIO,A2R_CANONICAL_SELECTION,True,2021-09-03,1.0,True,1,SEMANTICALLY_IDENTICAL_IMPLEMENTATION_TRANSITION,YES_SAME_A2R_ECONOMIC_FAMILY,CONTINUE,NO
2021-09-07,GLOBAL_BIOTECHNOLOGY,LIST-8E0D21D8A41728FC,LIST-38B24DB6BAB7A1F3,IE00BL0L0H60,FBT,A2R_CANONICAL_SELECTION,True,2021-09-06,1.0,True,1,SEMANTICALLY_IDENTICAL_IMPLEMENTATION_TRANSITION,YES_SAME_A2R_ECONOMIC_FAMILY,CONTINUE,NO
2021-09-13,GLOBAL_BIOTECHNOLOGY,LIST-38B24DB6BAB7A1F3,LIST-8E0D21D8A41728FC,IE00BQ70R696,SBIO,A2R_CANONICAL_SELECTION,True,2021-09-10,1.0,True,1,SEMANTICALLY_IDENTICAL_IMPLEMENTATION_TRANSITION,YES_SAME_A2R_ECONOMIC_FAMILY,CONTINUE,NO
2021-09-14,GLOBAL_BIOTECHNOLOGY,LIST-8E0D21D8A41728FC,LIST-38B24DB6BAB7A1F3,IE00BL0L0H60,FBT,A2R_CANONICAL_SELECTION,True,2021-09-13,1.0,True,1,SEMANTICALLY_IDENTICAL_IMPLEMENTATION_TRANSITION,YES_SAME_A2R_ECONOMIC_FAMILY,CONTINUE,NO
2021-09-27,GLOBAL_BIOTECHNOLOGY,LIST-38B24DB6BAB7A1F3,LIST-8E0D21D8A41728FC,IE00BQ70R696,SBIO,A2R_CANONICAL_SELECTION,True,2021-09-24,1.0,True,1,SEMANTICALLY_IDENTICAL_IMPLEMENTATION_TRANSITION,YES_SAME_A2R_ECONOMIC_FAMILY,CONTINUE,NO
2021-09-29,GLOBAL_BIOTECHNOLOGY,LIST-8E0D21D8A41728FC,LIST-38B24DB6BAB7A1F3,IE00BL0L0H60,FBT,A2R_CANONICAL_SELECTION,True,2021-09-28,1.0,True,1,SEMANTICALLY_IDENTICAL_IMPLEMENTATION_TRANSITION,YES_SAME_A2R_ECONOMIC_FAMILY,CONTINUE,NO
2021-10-12,GLOBAL_BIOTECHNOLOGY,LIST-38B24DB6BAB7A1F3,LIST-8E0D21D8A41728FC,IE00BQ70R696,SBIO,A2R_CANONICAL_SELECTION,True,2021-10-11,1.0,True,1,SEMANTICALLY_IDENTICAL_IMPLEMENTATION_TRANSITION,YES_SAME_A2R_ECONOMIC_FAMILY,CONTINUE,NO
2021-10-13,GLOBAL_BIOTECHNOLOGY,LIST-8E0D21D8A41728FC,LIST-38B24DB6BAB7A1F3,IE00BL0L0H60,FBT,A2R_CANONICAL_SELECTION,True,2021-10-12,1.0,True,1,SEMANTICALLY_IDENTICAL_IMPLEMENTATION_TRANSITION,YES_SAME_A2R_ECONOMIC_FAMILY,CONTINUE,NO
2021-10-15,GLOBAL_BIOTECHNOLOGY,LIST-38B24DB6BAB7A1F3,LIST-8E0D21D8A41728FC,IE00BQ70R696,SBIO,A2R_CANONICAL_SELECTION,True,2021-10-14,1.0,True,1,SEMANTICALLY_IDENTICAL_IMPLEMENTATION_TRANSITION,YES_SAME_A2R_ECONOMIC_FAMILY,CONTINUE,NO
2021-10-18,GLOBAL_BIOTECHNOLOGY,LIST-8E0D21D8A41728FC,LIST-38B24DB6BAB7A1F3,IE00BL0L0H60,FBT,A2R_CANONICAL_SELECTION,False,,,False,1,PRICE_NOT_AVAILABLE,YES_SAME_A2R_ECONOMIC_FAMILY,RESET_OR_ENDPOINT_UNAVAILABLE,NO
2021-10-19,GLOBAL_BIOTECHNOLOGY,LIST-38B24DB6BAB7A1F3,LIST-8E0D21D8A41728FC,IE00BQ70R696,SBIO,A2R_CANONICAL_SELECTION,True,2021-10-18,1.0,False,1,EXACT_PREVIOUS_XLON_SESSION_ENDPOINT,YES_SAME_A2R_ECONOMIC_FAMILY,RESET_OR_ENDPOINT_UNAVAILABLE,NO
2021-10-20,GLOBAL_BIOTECHNOLOGY,LIST-8E0D21D8A41728FC,LIST-38B24DB6BAB7A1F3,IE00BL0L0H60,FBT,A2R_CANONICAL_SELECTION,False,,,False,1,PRICE_NOT_AVAILABLE,YES_SAME_A2R_ECONOMIC_FAMILY,RESET_OR_ENDPOINT_UNAVAILABLE,NO
2021-10-21,GLOBAL_BIOTECHNOLOGY,LIST-38B24DB6BAB7A1F3,LIST-8E0D21D8A41728FC,IE00BQ70R696,SBIO,A2R_CANONICAL_SELECTION,True,2021-10-20,1.0,False,1,EXACT_PREVIOUS_XLON_SESSION_ENDPOINT,YES_SAME_A2R_ECONOMIC_FAMILY,RESET_OR_ENDPOINT_UNAVAILABLE,NO
2021-10-22,GLOBAL_BIOTECHNOLOGY,LIST-8E0D21D8A41728FC,LIST-38B24DB6BAB7A1F3,IE00BL0L0H60,FBT,A2R_CANONICAL_SELECTION,False,,,False,1,PRICE_NOT_AVAILABLE,YES_SAME_A2R_ECONOMIC_FAMILY,RESET_OR_ENDPOINT_UNAVAILABLE,NO
2021-10-25,GLOBAL_BIOTECHNOLOGY,LIST-38B24DB6BAB7A1F3,LIST-8E0D21D8A41728FC,IE00BQ70R696,SBIO,A2R_CANONICAL_SELECTION,True,2021-10-22,1.0,False,1,EXACT_PREVIOUS_XLON_SESSION_ENDPOINT,YES_SAME_A2R_ECONOMIC_FAMILY,RESET_OR_ENDPOINT_UNAVAILABLE,NO
2021-10-26,GLOBAL_BIOTECHNOLOGY,LIST-8E0D21D8A41728FC,LIST-38B24DB6BAB7A1F3,IE00BL0L0H60,FBT,A2R_CANONICAL_SELECTION,False,,,False,1,PRICE_NOT_AVAILABLE,YES_SAME_A2R_ECONOMIC_FAMILY,RESET_OR_ENDPOINT_UNAVAILABLE,NO
2021-10-27,GLOBAL_BIOTECHNOLOGY,LIST-38B24DB6BAB7A1F3,LIST-8E0D21D8A41728FC,IE00BQ70R696,SBIO,A2R_CANONICAL_SELECTION,True,2021-10-26,1.0,False,1,EXACT_PREVIOUS_XLON_SESSION_ENDPOINT,YES_SAME_A2R_ECONOMIC_FAMILY,RESET_OR_ENDPOINT_UNAVAILABLE,NO
2021-10-29,GLOBAL_BIOTECHNOLOGY,LIST-8E0D21D8A41728FC,LIST-38B24DB6BAB7A1F3,IE00BL0L0H60,FBT,A2R_CANONICAL_SELECTION,True,2021-10-28,1.0,True,1,SEMANTICALLY_IDENTICAL_IMPLEMENTATION_TRANSITION,YES_SAME_A2R_ECONOMIC_FAMILY,CONTINUE,NO
2021-11-09,GLOBAL_BIOTECHNOLOGY,LIST-38B24DB6BAB7A1F3,LIST-8E0D21D8A41728FC,IE00BQ70R696,SBIO,A2R_CANONICAL_SELECTION,True,2021-11-08,1.0,True,1,SEMANTICALLY_IDENTICAL_IMPLEMENTATION_TRANSITION,YES_SAME_A2R_ECONOMIC_FAMILY,CONTINUE,NO
2021-11-11,GLOBAL_BIOTECHNOLOGY,LIST-8E0D21D8A41728FC,LIST-38B24DB6BAB7A1F3,IE00BL0L0H60,FBT,A2R_CANONICAL_SELECTION,True,2021-11-10,1.0,True,1,SEMANTICALLY_IDENTICAL_IMPLEMENTATION_TRANSITION,YES_SAME_A2R_ECONOMIC_FAMILY,CONTINUE,NO
2021-11-17,GLOBAL_BIOTECHNOLOGY,LIST-38B24DB6BAB7A1F3,LIST-8E0D21D8A41728FC,IE00BQ70R696,SBIO,A2R_CANONICAL_SELECTION,True,2021-11-16,1.0,True,1,SEMANTICALLY_IDENTICAL_IMPLEMENTATION_TRANSITION,YES_SAME_A2R_ECONOMIC_FAMILY,CONTINUE,NO
2021-11-18,GLOBAL_BIOTECHNOLOGY,LIST-8E0D21D8A41728FC,LIST-38B24DB6BAB7A1F3,IE00BL0L0H60,FBT,A2R_CANONICAL_SELECTION,True,2021-11-17,1.0,True,1,SEMANTICALLY_IDENTICAL_IMPLEMENTATION_TRANSITION,YES_SAME_A2R_ECONOMIC_FAMILY,CONTINUE,NO
2021-11-23,GLOBAL_BIOTECHNOLOGY,LIST-38B24DB6BAB7A1F3,LIST-8E0D21D8A41728FC,IE00BQ70R696,SBIO,A2R_CANONICAL_SELECTION,True,2021-11-22,1.0,True,1,SEMANTICALLY_IDENTICAL_IMPLEMENTATION_TRANSITION,YES_SAME_A2R_ECONOMIC_FAMILY,CONTINUE,NO
2021-11-24,GLOBAL_BIOTECHNOLOGY,LIST-8E0D21D8A41728FC,LIST-38B24DB6BAB7A1F3,IE00BL0L0H60,FBT,A2R_CANONICAL_SELECTION,True,2021-11-23,1.0,True,1,SEMANTICALLY_IDENTICAL_IMPLEMENTATION_TRANSITION,YES_SAME_A2R_ECONOMIC_FAMILY,CONTINUE,NO
2021-11-26,GLOBAL_BIOTECHNOLOGY,LIST-38B24DB6BAB7A1F3,LIST-8E0D21D8A41728FC,IE00BQ70R696,SBIO,A2R_CANONICAL_SELECTION,True,2021-11-25,1.0,True,1,SEMANTICALLY_IDENTICAL_IMPLEMENTATION_TRANSITION,YES_SAME_A2R_ECONOMIC_FAMILY,CONTINUE,NO
2021-11-29,GLOBAL_BIOTECHNOLOGY,LIST-8E0D21D8A41728FC,LIST-38B24DB6BAB7A1F3,IE00BL0L0H60,FBT,A2R_CANONICAL_SELECTION,False,,,False,1,PRICE_NOT_AVAILABLE,YES_SAME_A2R_ECONOMIC_FAMILY,RESET_OR_ENDPOINT_UNAVAILABLE,NO
2021-11-30,GLOBAL_BIOTECHNOLOGY,LIST-38B24DB6BAB7A1F3,LIST-8E0D21D8A41728FC,IE00BQ70R696,SBIO,A2R_CANONICAL_SELECTION,True,2021-11-29,1.0,False,1,EXACT_PREVIOUS_XLON_SESSION_ENDPOINT,YES_SAME_A2R_ECONOMIC_FAMILY,RESET_OR_ENDPOINT_UNAVAILABLE,NO
2021-12-01,GLOBAL_BIOTECHNOLOGY,LIST-8E0D21D8A41728FC,LIST-38B24DB6BAB7A1F3,IE00BL0L0H60,FBT,A2R_CANONICAL_SELECTION,True,2021-11-30,1.0,True,1,SEMANTICALLY_IDENTICAL_IMPLEMENTATION_TRANSITION,YES_SAME_A2R_ECONOMIC_FAMILY,CONTINUE,NO
2021-12-03,GLOBAL_BIOTECHNOLOGY,LIST-38B24DB6BAB7A1F3,LIST-8E0D21D8A41728FC,IE00BQ70R696,SBIO,A2R_CANONICAL_SELECTION,True,2021-12-02,1.0,True,1,SEMANTICALLY_IDENTICAL_IMPLEMENTATION_TRANSITION,YES_SAME_A2R_ECONOMIC_FAMILY,CONTINUE,NO
2021-12-06,GLOBAL_BIOTECHNOLOGY,LIST-8E0D21D8A41728FC,LIST-38B24DB6BAB7A1F3,IE00BL0L0H60,FBT,A2R_CANONICAL_SELECTION,True,2021-12-03,1.0,True,1,SEMANTICALLY_IDENTICAL_IMPLEMENTATION_TRANSITION,YES_SAME_A2R_ECONOMIC_FAMILY,CONTINUE,NO
2021-12-09,GLOBAL_BIOTECHNOLOGY,LIST-38B24DB6BAB7A1F3,LIST-8E0D21D8A41728FC,IE00BQ70R696,SBIO,A2R_CANONICAL_SELECTION,True,2021-12-08,1.0,True,1,SEMANTICALLY_IDENTICAL_IMPLEMENTATION_TRANSITION,YES_SAME_A2R_ECONOMIC_FAMILY,CONTINUE,NO
2021-12-14,GLOBAL_BIOTECHNOLOGY,LIST-8E0D21D8A41728FC,LIST-38B24DB6BAB7A1F3,IE00BL0L0H60,FBT,A2R_CANONICAL_SELECTION,True,2021-12-13,1.0,True,1,SEMANTICALLY_IDENTICAL_IMPLEMENTATION_TRANSITION,YES_SAME_A2R_ECONOMIC_FAMILY,CONTINUE,NO
2021-12-17,GLOBAL_BIOTECHNOLOGY,LIST-38B24DB6BAB7A1F3,LIST-8E0D21D8A41728FC,IE00BQ70R696,SBIO,A2R_CANONICAL_SELECTION,True,2021-12-16,1.0,True,1,SEMANTICALLY_IDENTICAL_IMPLEMENTATION_TRANSITION,YES_SAME_A2R_ECONOMIC_FAMILY,CONTINUE,NO
2021-12-20,GLOBAL_BIOTECHNOLOGY,LIST-8E0D21D8A41728FC,LIST-38B24DB6BAB7A1F3,IE00BL0L0H60,FBT,A2R_CANONICAL_SELECTION,True,2021-12-17,1.0,True,1,SEMANTICALLY_IDENTICAL_IMPLEMENTATION_TRANSITION,YES_SAME_A2R_ECONOMIC_FAMILY,CONTINUE,NO
2021-12-22,GLOBAL_BIOTECHNOLOGY,LIST-38B24DB6BAB7A1F3,LIST-8E0D21D8A41728FC,IE00BQ70R696,SBIO,A2R_CANONICAL_SELECTION,True,2021-12-21,1.0,True,1,SEMANTICALLY_IDENTICAL_IMPLEMENTATION_TRANSITION,YES_SAME_A2R_ECONOMIC_FAMILY,CONTINUE,NO
2021-12-30,GLOBAL_BIOTECHNOLOGY,LIST-8E0D21D8A41728FC,LIST-38B24DB6BAB7A1F3,IE00BL0L0H60,FBT,A2R_CANONICAL_SELECTION,False,,,False,1,PRICE_NOT_AVAILABLE,YES_SAME_A2R_ECONOMIC_FAMILY,RESET_OR_ENDPOINT_UNAVAILABLE,NO
2021-12-31,GLOBAL_BIOTECHNOLOGY,LIST-38B24DB6BAB7A1F3,LIST-8E0D21D8A41728FC,IE00BQ70R696,SBIO,A2R_CANONICAL_SELECTION,True,2021-12-30,1.0,False,1,EXACT_PREVIOUS_XLON_SESSION_ENDPOINT,YES_SAME_A2R_ECONOMIC_FAMILY,RESET_OR_ENDPOINT_UNAVAILABLE,NO
2022-01-04,GLOBAL_BIOTECHNOLOGY,LIST-8E0D21D8A41728FC,LIST-38B24DB6BAB7A1F3,IE00BL0L0H60,FBT,A2R_CANONICAL_SELECTION,False,,,False,1,PRICE_NOT_AVAILABLE,YES_SAME_A2R_ECONOMIC_FAMILY,RESET_OR_ENDPOINT_UNAVAILABLE,NO
2022-01-05,GLOBAL_BIOTECHNOLOGY,LIST-38B24DB6BAB7A1F3,LIST-8E0D21D8A41728FC,IE00BQ70R696,SBIO,A2R_CANONICAL_SELECTION,True,2022-01-04,1.0,False,1,EXACT_PREVIOUS_XLON_SESSION_ENDPOINT,YES_SAME_A2R_ECONOMIC_FAMILY,RESET_OR_ENDPOINT_UNAVAILABLE,NO
2022-01-10,GLOBAL_BIOTECHNOLOGY,LIST-8E0D21D8A41728FC,LIST-38B24DB6BAB7A1F3,IE00BL0L0H60,FBT,A2R_CANONICAL_SELECTION,True,2022-01-07,1.0,True,1,SEMANTICALLY_IDENTICAL_IMPLEMENTATION_TRANSITION,YES_SAME_A2R_ECONOMIC_FAMILY,CONTINUE,NO
2022-01-12,GLOBAL_BIOTECHNOLOGY,LIST-38B24DB6BAB7A1F3,LIST-8E0D21D8A41728FC,IE00BQ70R696,SBIO,A2R_CANONICAL_SELECTION,True,2022-01-11,1.0,True,1,SEMANTICALLY_IDENTICAL_IMPLEMENTATION_TRANSITION,YES_SAME_A2R_ECONOMIC_FAMILY,CONTINUE,NO
2022-01-13,GLOBAL_BIOTECHNOLOGY,LIST-8E0D21D8A41728FC,LIST-38B24DB6BAB7A1F3,IE00BL0L0H60,FBT,A2R_CANONICAL_SELECTION,False,,,False,1,PRICE_NOT_AVAILABLE,YES_SAME_A2R_ECONOMIC_FAMILY,RESET_OR_ENDPOINT_UNAVAILABLE,NO
2022-01-14,GLOBAL_BIOTECHNOLOGY,LIST-38B24DB6BAB7A1F3,LIST-8E0D21D8A41728FC,IE00BQ70R696,SBIO,A2R_CANONICAL_SELECTION,True,2022-01-13,1.0,False,1,EXACT_PREVIOUS_XLON_SESSION_ENDPOINT,YES_SAME_A2R_ECONOMIC_FAMILY,RESET_OR_ENDPOINT_UNAVAILABLE,NO
2022-01-17,GLOBAL_BIOTECHNOLOGY,LIST-8E0D21D8A41728FC,LIST-38B24DB6BAB7A1F3,IE00BL0L0H60,FBT,A2R_CANONICAL_SELECTION,True,2022-01-14,1.0,True,1,SEMANTICALLY_IDENTICAL_IMPLEMENTATION_TRANSITION,YES_SAME_A2R_ECONOMIC_FAMILY,CONTINUE,NO
2022-01-21,GLOBAL_BIOTECHNOLOGY,LIST-38B24DB6BAB7A1F3,LIST-8E0D21D8A41728FC,IE00BQ70R696,SBIO,A2R_CANONICAL_SELECTION,True,2022-01-20,1.0,True,1,SEMANTICALLY_IDENTICAL_IMPLEMENTATION_TRANSITION,YES_SAME_A2R_ECONOMIC_FAMILY,CONTINUE,NO
2022-01-24,GLOBAL_BIOTECHNOLOGY,LIST-8E0D21D8A41728FC,LIST-38B24DB6BAB7A1F3,IE00BL0L0H60,FBT,A2R_CANONICAL_SELECTION,True,2022-01-21,1.0,True,1,SEMANTICALLY_IDENTICAL_IMPLEMENTATION_TRANSITION,YES_SAME_A2R_ECONOMIC_FAMILY,CONTINUE,NO
2022-02-02,GLOBAL_BIOTECHNOLOGY,LIST-38B24DB6BAB7A1F3,LIST-8E0D21D8A41728FC,IE00BQ70R696,SBIO,A2R_CANONICAL_SELECTION,True,2022-02-01,1.0,True,1,SEMANTICALLY_IDENTICAL_IMPLEMENTATION_TRANSITION,YES_SAME_A2R_ECONOMIC_FAMILY,CONTINUE,NO
2022-02-03,GLOBAL_BIOTECHNOLOGY,LIST-8E0D21D8A41728FC,LIST-38B24DB6BAB7A1F3,IE00BL0L0H60,FBT,A2R_CANONICAL_SELECTION,True,2022-02-02,1.0,True,1,SEMANTICALLY_IDENTICAL_IMPLEMENTATION_TRANSITION,YES_SAME_A2R_ECONOMIC_FAMILY,CONTINUE,NO
2022-02-07,GLOBAL_BIOTECHNOLOGY,LIST-38B24DB6BAB7A1F3,LIST-8E0D21D8A41728FC,IE00BQ70R696,SBIO,A2R_CANONICAL_SELECTION,True,2022-02-04,1.0,True,1,SEMANTICALLY_IDENTICAL_IMPLEMENTATION_TRANSITION,YES_SAME_A2R_ECONOMIC_FAMILY,CONTINUE,NO
2022-02-10,GLOBAL_BIOTECHNOLOGY,LIST-8E0D21D8A41728FC,LIST-38B24DB6BAB7A1F3,IE00BL0L0H60,FBT,A2R_CANONICAL_SELECTION,True,2022-02-09,1.0,True,1,SEMANTICALLY_IDENTICAL_IMPLEMENTATION_TRANSITION,YES_SAME_A2R_ECONOMIC_FAMILY,CONTINUE,NO
2022-02-15,GLOBAL_BIOTECHNOLOGY,LIST-38B24DB6BAB7A1F3,LIST-8E0D21D8A41728FC,IE00BQ70R696,SBIO,A2R_CANONICAL_SELECTION,True,2022-02-14,1.0,True,1,SEMANTICALLY_IDENTICAL_IMPLEMENTATION_TRANSITION,YES_SAME_A2R_ECONOMIC_FAMILY,CONTINUE,NO
2022-02-17,GLOBAL_BIOTECHNOLOGY,LIST-8E0D21D8A41728FC,LIST-38B24DB6BAB7A1F3,IE00BL0L0H60,FBT,A2R_CANONICAL_SELECTION,False,,,False,1,PRICE_NOT_AVAILABLE,YES_SAME_A2R_ECONOMIC_FAMILY,RESET_OR_ENDPOINT_UNAVAILABLE,NO
2022-02-18,GLOBAL_BIOTECHNOLOGY,LIST-38B24DB6BAB7A1F3,LIST-8E0D21D8A41728FC,IE00BQ70R696,SBIO,A2R_CANONICAL_SELECTION,True,2022-02-17,1.0,False,1,EXACT_PREVIOUS_XLON_SESSION_ENDPOINT,YES_SAME_A2R_ECONOMIC_FAMILY,RESET_OR_ENDPOINT_UNAVAILABLE,NO
2022-02-21,GLOBAL_BIOTECHNOLOGY,LIST-8E0D21D8A41728FC,LIST-38B24DB6BAB7A1F3,IE00BL0L0H60,FBT,A2R_CANONICAL_SELECTION,True,2022-02-18,1.0,True,1,SEMANTICALLY_IDENTICAL_IMPLEMENTATION_TRANSITION,YES_SAME_A2R_ECONOMIC_FAMILY,CONTINUE,NO
2022-02-23,GLOBAL_BIOTECHNOLOGY,LIST-38B24DB6BAB7A1F3,LIST-8E0D21D8A41728FC,IE00BQ70R696,SBIO,A2R_CANONICAL_SELECTION,True,2022-02-22,1.0,True,1,SEMANTICALLY_IDENTICAL_IMPLEMENTATION_TRANSITION,YES_SAME_A2R_ECONOMIC_FAMILY,CONTINUE,NO
2022-02-25,GLOBAL_BIOTECHNOLOGY,LIST-8E0D21D8A41728FC,LIST-38B24DB6BAB7A1F3,IE00BL0L0H60,FBT,A2R_CANONICAL_SELECTION,True,2022-02-24,1.0,True,1,SEMANTICALLY_IDENTICAL_IMPLEMENTATION_TRANSITION,YES_SAME_A2R_ECONOMIC_FAMILY,CONTINUE,NO
2022-03-03,GLOBAL_BIOTECHNOLOGY,LIST-38B24DB6BAB7A1F3,LIST-8E0D21D8A41728FC,IE00BQ70R696,SBIO,A2R_CANONICAL_SELECTION,True,2022-03-02,1.0,True,1,SEMANTICALLY_IDENTICAL_IMPLEMENTATION_TRANSITION,YES_SAME_A2R_ECONOMIC_FAMILY,CONTINUE,NO
2022-03-04,GLOBAL_BIOTECHNOLOGY,LIST-8E0D21D8A41728FC,LIST-38B24DB6BAB7A1F3,IE00BL0L0H60,FBT,A2R_CANONICAL_SELECTION,True,2022-03-03,1.0,True,1,SEMANTICALLY_IDENTICAL_IMPLEMENTATION_TRANSITION,YES_SAME_A2R_ECONOMIC_FAMILY,CONTINUE,NO
2022-03-08,GLOBAL_BIOTECHNOLOGY,LIST-38B24DB6BAB7A1F3,LIST-8E0D21D8A41728FC,IE00BQ70R696,SBIO,A2R_CANONICAL_SELECTION,True,2022-03-07,1.0,True,1,SEMANTICALLY_IDENTICAL_IMPLEMENTATION_TRANSITION,YES_SAME_A2R_ECONOMIC_FAMILY,CONTINUE,NO
2022-03-09,GLOBAL_BIOTECHNOLOGY,LIST-8E0D21D8A41728FC,LIST-38B24DB6BAB7A1F3,IE00BL0L0H60,FBT,A2R_CANONICAL_SELECTION,True,2022-03-08,1.0,True,1,SEMANTICALLY_IDENTICAL_IMPLEMENTATION_TRANSITION,YES_SAME_A2R_ECONOMIC_FAMILY,CONTINUE,NO
2022-03-14,GLOBAL_BIOTECHNOLOGY,LIST-38B24DB6BAB7A1F3,LIST-8E0D21D8A41728FC,IE00BQ70R696,SBIO,A2R_CANONICAL_SELECTION,True,2022-03-11,1.0,True,1,SEMANTICALLY_IDENTICAL_IMPLEMENTATION_TRANSITION,YES_SAME_A2R_ECONOMIC_FAMILY,CONTINUE,NO
2022-03-15,GLOBAL_BIOTECHNOLOGY,LIST-8E0D21D8A41728FC,LIST-38B24DB6BAB7A1F3,IE00BL0L0H60,FBT,A2R_CANONICAL_SELECTION,True,2022-03-14,1.0,True,1,SEMANTICALLY_IDENTICAL_IMPLEMENTATION_TRANSITION,YES_SAME_A2R_ECONOMIC_FAMILY,CONTINUE,NO
2022-03-17,GLOBAL_BIOTECHNOLOGY,LIST-38B24DB6BAB7A1F3,LIST-8E0D21D8A41728FC,IE00BQ70R696,SBIO,A2R_CANONICAL_SELECTION,True,2022-03-16,1.0,True,1,SEMANTICALLY_IDENTICAL_IMPLEMENTATION_TRANSITION,YES_SAME_A2R_ECONOMIC_FAMILY,CONTINUE,NO
2022-03-21,GLOBAL_BIOTECHNOLOGY,LIST-8E0D21D8A41728FC,LIST-38B24DB6BAB7A1F3,IE00BL0L0H60,FBT,A2R_CANONICAL_SELECTION,True,2022-03-18,1.0,True,1,SEMANTICALLY_IDENTICAL_IMPLEMENTATION_TRANSITION,YES_SAME_A2R_ECONOMIC_FAMILY,CONTINUE,NO
2022-03-24,GLOBAL_BIOTECHNOLOGY,LIST-38B24DB6BAB7A1F3,LIST-8E0D21D8A41728FC,IE00BQ70R696,SBIO,A2R_CANONICAL_SELECTION,True,2022-03-23,1.0,True,1,SEMANTICALLY_IDENTICAL_IMPLEMENTATION_TRANSITION,YES_SAME_A2R_ECONOMIC_FAMILY,CONTINUE,NO
2022-03-25,GLOBAL_BIOTECHNOLOGY,LIST-8E0D21D8A41728FC,LIST-38B24DB6BAB7A1F3,IE00BL0L0H60,FBT,A2R_CANONICAL_SELECTION,True,2022-03-24,1.0,True,1,SEMANTICALLY_IDENTICAL_IMPLEMENTATION_TRANSITION,YES_SAME_A2R_ECONOMIC_FAMILY,CONTINUE,NO
2022-03-31,GLOBAL_BIOTECHNOLOGY,LIST-38B24DB6BAB7A1F3,LIST-8E0D21D8A41728FC,IE00BQ70R696,SBIO,A2R_CANONICAL_SELECTION,True,2022-03-30,1.0,True,1,SEMANTICALLY_IDENTICAL_IMPLEMENTATION_TRANSITION,YES_SAME_A2R_ECONOMIC_FAMILY,CONTINUE,NO
2022-04-01,GLOBAL_BIOTECHNOLOGY,LIST-8E0D21D8A41728FC,LIST-38B24DB6BAB7A1F3,IE00BL0L0H60,FBT,A2R_CANONICAL_SELECTION,True,2022-03-31,1.0,True,1,SEMANTICALLY_IDENTICAL_IMPLEMENTATION_TRANSITION,YES_SAME_A2R_ECONOMIC_FAMILY,CONTINUE,NO
2022-04-07,GLOBAL_BIOTECHNOLOGY,LIST-38B24DB6BAB7A1F3,LIST-8E0D21D8A41728FC,IE00BQ70R696,SBIO,A2R_CANONICAL_SELECTION,True,2022-04-06,1.0,True,1,SEMANTICALLY_IDENTICAL_IMPLEMENTATION_TRANSITION,YES_SAME_A2R_ECONOMIC_FAMILY,CONTINUE,NO
2022-04-08,GLOBAL_BIOTECHNOLOGY,LIST-8E0D21D8A41728FC,LIST-38B24DB6BAB7A1F3,IE00BL0L0H60,FBT,A2R_CANONICAL_SELECTION,True,2022-04-07,1.0,True,1,SEMANTICALLY_IDENTICAL_IMPLEMENTATION_TRANSITION,YES_SAME_A2R_ECONOMIC_FAMILY,CONTINUE,NO
2022-04-14,GLOBAL_BIOTECHNOLOGY,LIST-38B24DB6BAB7A1F3,LIST-8E0D21D8A41728FC,IE00BQ70R696,SBIO,A2R_CANONICAL_SELECTION,True,2022-04-13,1.0,True,1,SEMANTICALLY_IDENTICAL_IMPLEMENTATION_TRANSITION,YES_SAME_A2R_ECONOMIC_FAMILY,CONTINUE,NO
2022-04-20,GLOBAL_BIOTECHNOLOGY,LIST-8E0D21D8A41728FC,LIST-38B24DB6BAB7A1F3,IE00BL0L0H60,FBT,A2R_CANONICAL_SELECTION,False,,,False,1,PRICE_NOT_AVAILABLE,YES_SAME_A2R_ECONOMIC_FAMILY,RESET_OR_ENDPOINT_UNAVAILABLE,NO
2022-04-21,GLOBAL_BIOTECHNOLOGY,LIST-38B24DB6BAB7A1F3,LIST-8E0D21D8A41728FC,IE00BQ70R696,SBIO,A2R_CANONICAL_SELECTION,True,2022-04-20,1.0,False,1,EXACT_PREVIOUS_XLON_SESSION_ENDPOINT,YES_SAME_A2R_ECONOMIC_FAMILY,RESET_OR_ENDPOINT_UNAVAILABLE,NO
2022-04-25,GLOBAL_BIOTECHNOLOGY,LIST-8E0D21D8A41728FC,LIST-38B24DB6BAB7A1F3,IE00BL0L0H60,FBT,A2R_CANONICAL_SELECTION,False,,,False,1,PRICE_NOT_AVAILABLE,YES_SAME_A2R_ECONOMIC_FAMILY,RESET_OR_ENDPOINT_UNAVAILABLE,NO
2022-04-26,GLOBAL_BIOTECHNOLOGY,LIST-38B24DB6BAB7A1F3,LIST-8E0D21D8A41728FC,IE00BQ70R696,SBIO,A2R_CANONICAL_SELECTION,True,2022-04-25,1.0,False,1,EXACT_PREVIOUS_XLON_SESSION_ENDPOINT,YES_SAME_A2R_ECONOMIC_FAMILY,RESET_OR_ENDPOINT_UNAVAILABLE,NO
2022-04-27,GLOBAL_BIOTECHNOLOGY,LIST-8E0D21D8A41728FC,LIST-38B24DB6BAB7A1F3,IE00BL0L0H60,FBT,A2R_CANONICAL_SELECTION,True,2022-04-26,1.0,True,1,SEMANTICALLY_IDENTICAL_IMPLEMENTATION_TRANSITION,YES_SAME_A2R_ECONOMIC_FAMILY,CONTINUE,NO
2022-05-03,GLOBAL_BIOTECHNOLOGY,LIST-38B24DB6BAB7A1F3,LIST-8E0D21D8A41728FC,IE00BQ70R696,SBIO,A2R_CANONICAL_SELECTION,True,2022-04-29,1.0,True,1,SEMANTICALLY_IDENTICAL_IMPLEMENTATION_TRANSITION,YES_SAME_A2R_ECONOMIC_FAMILY,CONTINUE,NO
2022-05-04,GLOBAL_BIOTECHNOLOGY,LIST-8E0D21D8A41728FC,LIST-38B24DB6BAB7A1F3,IE00BL0L0H60,FBT,A2R_CANONICAL_SELECTION,True,2022-05-03,1.0,True,1,SEMANTICALLY_IDENTICAL_IMPLEMENTATION_TRANSITION,YES_SAME_A2R_ECONOMIC_FAMILY,CONTINUE,NO
2022-05-09,GLOBAL_BIOTECHNOLOGY,LIST-38B24DB6BAB7A1F3,LIST-8E0D21D8A41728FC,IE00BQ70R696,SBIO,A2R_CANONICAL_SELECTION,True,2022-05-06,1.0,True,1,SEMANTICALLY_IDENTICAL_IMPLEMENTATION_TRANSITION,YES_SAME_A2R_ECONOMIC_FAMILY,CONTINUE,NO
2022-05-11,GLOBAL_BIOTECHNOLOGY,LIST-8E0D21D8A41728FC,LIST-38B24DB6BAB7A1F3,IE00BL0L0H60,FBT,A2R_CANONICAL_SELECTION,False,,,False,1,PRICE_NOT_AVAILABLE,YES_SAME_A2R_ECONOMIC_FAMILY,RESET_OR_ENDPOINT_UNAVAILABLE,NO
2022-05-12,GLOBAL_BIOTECHNOLOGY,LIST-38B24DB6BAB7A1F3,LIST-8E0D21D8A41728FC,IE00BQ70R696,SBIO,A2R_CANONICAL_SELECTION,True,2022-05-11,1.0,False,1,EXACT_PREVIOUS_XLON_SESSION_ENDPOINT,YES_SAME_A2R_ECONOMIC_FAMILY,RESET_OR_ENDPOINT_UNAVAILABLE,NO
2022-05-13,GLOBAL_BIOTECHNOLOGY,LIST-8E0D21D8A41728FC,LIST-38B24DB6BAB7A1F3,IE00BL0L0H60,FBT,A2R_CANONICAL_SELECTION,False,,,False,1,PRICE_NOT_AVAILABLE,YES_SAME_A2R_ECONOMIC_FAMILY,RESET_OR_ENDPOINT_UNAVAILABLE,NO
2022-05-16,GLOBAL_BIOTECHNOLOGY,LIST-38B24DB6BAB7A1F3,LIST-8E0D21D8A41728FC,IE00BQ70R696,SBIO,A2R_CANONICAL_SELECTION,True,2022-05-13,1.0,False,1,EXACT_PREVIOUS_XLON_SESSION_ENDPOINT,YES_SAME_A2R_ECONOMIC_FAMILY,RESET_OR_ENDPOINT_UNAVAILABLE,NO
2022-05-17,GLOBAL_BIOTECHNOLOGY,LIST-8E0D21D8A41728FC,LIST-38B24DB6BAB7A1F3,IE00BL0L0H60,FBT,A2R_CANONICAL_SELECTION,True,2022-05-16,1.0,True,1,SEMANTICALLY_IDENTICAL_IMPLEMENTATION_TRANSITION,YES_SAME_A2R_ECONOMIC_FAMILY,CONTINUE,NO
2022-05-19,GLOBAL_BIOTECHNOLOGY,LIST-38B24DB6BAB7A1F3,LIST-8E0D21D8A41728FC,IE00BQ70R696,SBIO,A2R_CANONICAL_SELECTION,True,2022-05-18,1.0,True,1,SEMANTICALLY_IDENTICAL_IMPLEMENTATION_TRANSITION,YES_SAME_A2R_ECONOMIC_FAMILY,CONTINUE,NO
2022-05-20,GLOBAL_BIOTECHNOLOGY,LIST-8E0D21D8A41728FC,LIST-38B24DB6BAB7A1F3,IE00BL0L0H60,FBT,A2R_CANONICAL_SELECTION,True,2022-05-19,1.0,True,1,SEMANTICALLY_IDENTICAL_IMPLEMENTATION_TRANSITION,YES_SAME_A2R_ECONOMIC_FAMILY,CONTINUE,NO
2022-05-27,GLOBAL_BIOTECHNOLOGY,LIST-38B24DB6BAB7A1F3,LIST-8E0D21D8A41728FC,IE00BQ70R696,SBIO,A2R_CANONICAL_SELECTION,True,2022-05-26,1.0,True,1,SEMANTICALLY_IDENTICAL_IMPLEMENTATION_TRANSITION,YES_SAME_A2R_ECONOMIC_FAMILY,CONTINUE,NO
2022-05-30,GLOBAL_BIOTECHNOLOGY,LIST-8E0D21D8A41728FC,LIST-38B24DB6BAB7A1F3,IE00BL0L0H60,FBT,A2R_CANONICAL_SELECTION,False,,,False,1,PRICE_NOT_AVAILABLE,YES_SAME_A2R_ECONOMIC_FAMILY,RESET_OR_ENDPOINT_UNAVAILABLE,NO
2022-05-31,GLOBAL_BIOTECHNOLOGY,LIST-38B24DB6BAB7A1F3,LIST-8E0D21D8A41728FC,IE00BQ70R696,SBIO,A2R_CANONICAL_SELECTION,True,2022-05-30,1.0,False,1,EXACT_PREVIOUS_XLON_SESSION_ENDPOINT,YES_SAME_A2R_ECONOMIC_FAMILY,RESET_OR_ENDPOINT_UNAVAILABLE,NO
2022-06-01,GLOBAL_BIOTECHNOLOGY,LIST-8E0D21D8A41728FC,LIST-38B24DB6BAB7A1F3,IE00BL0L0H60,FBT,A2R_CANONICAL_SELECTION,True,2022-05-31,1.0,True,1,SEMANTICALLY_IDENTICAL_IMPLEMENTATION_TRANSITION,YES_SAME_A2R_ECONOMIC_FAMILY,CONTINUE,NO
2022-06-28,GLOBAL_BIOTECHNOLOGY,LIST-38B24DB6BAB7A1F3,LIST-8E0D21D8A41728FC,IE00BQ70R696,SBIO,A2R_CANONICAL_SELECTION,True,2022-06-27,1.0,True,1,SEMANTICALLY_IDENTICAL_IMPLEMENTATION_TRANSITION,YES_SAME_A2R_ECONOMIC_FAMILY,CONTINUE,NO
2022-06-29,GLOBAL_BIOTECHNOLOGY,LIST-8E0D21D8A41728FC,LIST-38B24DB6BAB7A1F3,IE00BL0L0H60,FBT,A2R_CANONICAL_SELECTION,True,2022-06-28,1.0,True,1,SEMANTICALLY_IDENTICAL_IMPLEMENTATION_TRANSITION,YES_SAME_A2R_ECONOMIC_FAMILY,CONTINUE,NO
2022-07-06,GLOBAL_BIOTECHNOLOGY,LIST-38B24DB6BAB7A1F3,LIST-8E0D21D8A41728FC,IE00BQ70R696,SBIO,A2R_CANONICAL_SELECTION,True,2022-07-05,1.0,True,1,SEMANTICALLY_IDENTICAL_IMPLEMENTATION_TRANSITION,YES_SAME_A2R_ECONOMIC_FAMILY,CONTINUE,NO
2022-07-08,GLOBAL_BIOTECHNOLOGY,LIST-8E0D21D8A41728FC,LIST-38B24DB6BAB7A1F3,IE00BL0L0H60,FBT,A2R_CANONICAL_SELECTION,True,2022-07-07,1.0,True,1,SEMANTICALLY_IDENTICAL_IMPLEMENTATION_TRANSITION,YES_SAME_A2R_ECONOMIC_FAMILY,CONTINUE,NO
2022-07-13,GLOBAL_BIOTECHNOLOGY,LIST-38B24DB6BAB7A1F3,LIST-8E0D21D8A41728FC,IE00BQ70R696,SBIO,A2R_CANONICAL_SELECTION,True,2022-07-12,1.0,True,1,SEMANTICALLY_IDENTICAL_IMPLEMENTATION_TRANSITION,YES_SAME_A2R_ECONOMIC_FAMILY,CONTINUE,NO
2022-07-15,GLOBAL_BIOTECHNOLOGY,LIST-8E0D21D8A41728FC,LIST-38B24DB6BAB7A1F3,IE00BL0L0H60,FBT,A2R_CANONICAL_SELECTION,False,,,False,1,PRICE_NOT_AVAILABLE,YES_SAME_A2R_ECONOMIC_FAMILY,RESET_OR_ENDPOINT_UNAVAILABLE,NO
2022-07-18,GLOBAL_BIOTECHNOLOGY,LIST-38B24DB6BAB7A1F3,LIST-8E0D21D8A41728FC,IE00BQ70R696,SBIO,A2R_CANONICAL_SELECTION,True,2022-07-15,1.0,False,1,EXACT_PREVIOUS_XLON_SESSION_ENDPOINT,YES_SAME_A2R_ECONOMIC_FAMILY,RESET_OR_ENDPOINT_UNAVAILABLE,NO
2022-07-19,GLOBAL_BIOTECHNOLOGY,LIST-8E0D21D8A41728FC,LIST-38B24DB6BAB7A1F3,IE00BL0L0H60,FBT,A2R_CANONICAL_SELECTION,False,,,False,1,PRICE_NOT_AVAILABLE,YES_SAME_A2R_ECONOMIC_FAMILY,RESET_OR_ENDPOINT_UNAVAILABLE,NO
2022-07-20,GLOBAL_BIOTECHNOLOGY,LIST-38B24DB6BAB7A1F3,LIST-8E0D21D8A41728FC,IE00BQ70R696,SBIO,A2R_CANONICAL_SELECTION,True,2022-07-19,1.0,False,1,EXACT_PREVIOUS_XLON_SESSION_ENDPOINT,YES_SAME_A2R_ECONOMIC_FAMILY,RESET_OR_ENDPOINT_UNAVAILABLE,NO
2022-07-22,GLOBAL_BIOTECHNOLOGY,LIST-8E0D21D8A41728FC,LIST-38B24DB6BAB7A1F3,IE00BL0L0H60,FBT,A2R_CANONICAL_SELECTION,False,,,False,1,PRICE_NOT_AVAILABLE,YES_SAME_A2R_ECONOMIC_FAMILY,RESET_OR_ENDPOINT_UNAVAILABLE,NO
2022-07-25,GLOBAL_BIOTECHNOLOGY,LIST-38B24DB6BAB7A1F3,LIST-8E0D21D8A41728FC,IE00BQ70R696,SBIO,A2R_CANONICAL_SELECTION,True,2022-07-22,1.0,False,1,EXACT_PREVIOUS_XLON_SESSION_ENDPOINT,YES_SAME_A2R_ECONOMIC_FAMILY,RESET_OR_ENDPOINT_UNAVAILABLE,NO
2022-07-26,GLOBAL_BIOTECHNOLOGY,LIST-8E0D21D8A41728FC,LIST-38B24DB6BAB7A1F3,IE00BL0L0H60,FBT,A2R_CANONICAL_SELECTION,True,2022-07-25,1.0,True,1,SEMANTICALLY_IDENTICAL_IMPLEMENTATION_TRANSITION,YES_SAME_A2R_ECONOMIC_FAMILY,CONTINUE,NO
2022-08-08,GLOBAL_BIOTECHNOLOGY,LIST-38B24DB6BAB7A1F3,LIST-8E0D21D8A41728FC,IE00BQ70R696,SBIO,A2R_CANONICAL_SELECTION,True,2022-08-05,1.0,True,1,SEMANTICALLY_IDENTICAL_IMPLEMENTATION_TRANSITION,YES_SAME_A2R_ECONOMIC_FAMILY,CONTINUE,NO
2022-08-09,GLOBAL_BIOTECHNOLOGY,LIST-8E0D21D8A41728FC,LIST-38B24DB6BAB7A1F3,IE00BL0L0H60,FBT,A2R_CANONICAL_SELECTION,True,2022-08-08,1.0,True,1,SEMANTICALLY_IDENTICAL_IMPLEMENTATION_TRANSITION,YES_SAME_A2R_ECONOMIC_FAMILY,CONTINUE,NO
2022-08-11,GLOBAL_BIOTECHNOLOGY,LIST-38B24DB6BAB7A1F3,LIST-8E0D21D8A41728FC,IE00BQ70R696,SBIO,A2R_CANONICAL_SELECTION,True,2022-08-10,1.0,True,1,SEMANTICALLY_IDENTICAL_IMPLEMENTATION_TRANSITION,YES_SAME_A2R_ECONOMIC_FAMILY,CONTINUE,NO
2022-08-15,GLOBAL_BIOTECHNOLOGY,LIST-8E0D21D8A41728FC,LIST-38B24DB6BAB7A1F3,IE00BL0L0H60,FBT,A2R_CANONICAL_SELECTION,True,2022-08-12,1.0,True,1,SEMANTICALLY_IDENTICAL_IMPLEMENTATION_TRANSITION,YES_SAME_A2R_ECONOMIC_FAMILY,CONTINUE,NO
2022-08-18,GLOBAL_BIOTECHNOLOGY,LIST-38B24DB6BAB7A1F3,LIST-8E0D21D8A41728FC,IE00BQ70R696,SBIO,A2R_CANONICAL_SELECTION,True,2022-08-17,1.0,True,1,SEMANTICALLY_IDENTICAL_IMPLEMENTATION_TRANSITION,YES_SAME_A2R_ECONOMIC_FAMILY,CONTINUE,NO
2022-08-24,GLOBAL_BIOTECHNOLOGY,LIST-8E0D21D8A41728FC,LIST-38B24DB6BAB7A1F3,IE00BL0L0H60,FBT,A2R_CANONICAL_SELECTION,False,,,False,1,PRICE_NOT_AVAILABLE,YES_SAME_A2R_ECONOMIC_FAMILY,RESET_OR_ENDPOINT_UNAVAILABLE,NO
2022-08-25,GLOBAL_BIOTECHNOLOGY,LIST-38B24DB6BAB7A1F3,LIST-8E0D21D8A41728FC,IE00BQ70R696,SBIO,A2R_CANONICAL_SELECTION,True,2022-08-24,1.0,False,1,EXACT_PREVIOUS_XLON_SESSION_ENDPOINT,YES_SAME_A2R_ECONOMIC_FAMILY,RESET_OR_ENDPOINT_UNAVAILABLE,NO
2022-08-31,GLOBAL_BIOTECHNOLOGY,LIST-8E0D21D8A41728FC,LIST-38B24DB6BAB7A1F3,IE00BL0L0H60,FBT,A2R_CANONICAL_SELECTION,False,,,False,1,PRICE_NOT_AVAILABLE,YES_SAME_A2R_ECONOMIC_FAMILY,RESET_OR_ENDPOINT_UNAVAILABLE,NO
2022-09-01,GLOBAL_BIOTECHNOLOGY,LIST-38B24DB6BAB7A1F3,LIST-8E0D21D8A41728FC,IE00BQ70R696,SBIO,A2R_CANONICAL_SELECTION,True,2022-08-31,1.0,False,1,EXACT_PREVIOUS_XLON_SESSION_ENDPOINT,YES_SAME_A2R_ECONOMIC_FAMILY,RESET_OR_ENDPOINT_UNAVAILABLE,NO
2022-09-02,GLOBAL_BIOTECHNOLOGY,LIST-8E0D21D8A41728FC,LIST-38B24DB6BAB7A1F3,IE00BL0L0H60,FBT,A2R_CANONICAL_SELECTION,True,2022-09-01,1.0,True,1,SEMANTICALLY_IDENTICAL_IMPLEMENTATION_TRANSITION,YES_SAME_A2R_ECONOMIC_FAMILY,CONTINUE,NO
2022-09-08,GLOBAL_BIOTECHNOLOGY,LIST-38B24DB6BAB7A1F3,LIST-8E0D21D8A41728FC,IE00BQ70R696,SBIO,A2R_CANONICAL_SELECTION,True,2022-09-07,1.0,True,1,SEMANTICALLY_IDENTICAL_IMPLEMENTATION_TRANSITION,YES_SAME_A2R_ECONOMIC_FAMILY,CONTINUE,NO
2022-09-09,GLOBAL_BIOTECHNOLOGY,LIST-8E0D21D8A41728FC,LIST-38B24DB6BAB7A1F3,IE00BL0L0H60,FBT,A2R_CANONICAL_SELECTION,False,,,False,1,PRICE_NOT_AVAILABLE,YES_SAME_A2R_ECONOMIC_FAMILY,RESET_OR_ENDPOINT_UNAVAILABLE,NO
2022-09-12,GLOBAL_BIOTECHNOLOGY,LIST-38B24DB6BAB7A1F3,LIST-8E0D21D8A41728FC,IE00BQ70R696,SBIO,A2R_CANONICAL_SELECTION,True,2022-09-09,1.0,False,1,EXACT_PREVIOUS_XLON_SESSION_ENDPOINT,YES_SAME_A2R_ECONOMIC_FAMILY,RESET_OR_ENDPOINT_UNAVAILABLE,NO
2022-09-14,GLOBAL_BIOTECHNOLOGY,LIST-8E0D21D8A41728FC,LIST-38B24DB6BAB7A1F3,IE00BL0L0H60,FBT,A2R_CANONICAL_SELECTION,True,2022-09-13,1.0,True,1,SEMANTICALLY_IDENTICAL_IMPLEMENTATION_TRANSITION,YES_SAME_A2R_ECONOMIC_FAMILY,CONTINUE,NO
2022-09-16,GLOBAL_BIOTECHNOLOGY,LIST-38B24DB6BAB7A1F3,LIST-8E0D21D8A41728FC,IE00BQ70R696,SBIO,A2R_CANONICAL_SELECTION,True,2022-09-15,1.0,True,1,SEMANTICALLY_IDENTICAL_IMPLEMENTATION_TRANSITION,YES_SAME_A2R_ECONOMIC_FAMILY,CONTINUE,NO
2022-09-22,GLOBAL_BIOTECHNOLOGY,LIST-8E0D21D8A41728FC,LIST-38B24DB6BAB7A1F3,IE00BL0L0H60,FBT,A2R_CANONICAL_SELECTION,False,,,False,1,PRICE_NOT_AVAILABLE,YES_SAME_A2R_ECONOMIC_FAMILY,RESET_OR_ENDPOINT_UNAVAILABLE,NO
2022-09-23,GLOBAL_BIOTECHNOLOGY,LIST-38B24DB6BAB7A1F3,LIST-8E0D21D8A41728FC,IE00BQ70R696,SBIO,A2R_CANONICAL_SELECTION,True,2022-09-22,1.0,False,1,EXACT_PREVIOUS_XLON_SESSION_ENDPOINT,YES_SAME_A2R_ECONOMIC_FAMILY,RESET_OR_ENDPOINT_UNAVAILABLE,NO
2022-09-26,GLOBAL_BIOTECHNOLOGY,LIST-8E0D21D8A41728FC,LIST-38B24DB6BAB7A1F3,IE00BL0L0H60,FBT,A2R_CANONICAL_SELECTION,True,2022-09-23,1.0,True,1,SEMANTICALLY_IDENTICAL_IMPLEMENTATION_TRANSITION,YES_SAME_A2R_ECONOMIC_FAMILY,CONTINUE,NO
2022-10-03,GLOBAL_BIOTECHNOLOGY,LIST-38B24DB6BAB7A1F3,LIST-8E0D21D8A41728FC,IE00BQ70R696,SBIO,A2R_CANONICAL_SELECTION,True,2022-09-30,1.0,True,1,SEMANTICALLY_IDENTICAL_IMPLEMENTATION_TRANSITION,YES_SAME_A2R_ECONOMIC_FAMILY,CONTINUE,NO
2022-10-04,GLOBAL_BIOTECHNOLOGY,LIST-8E0D21D8A41728FC,LIST-38B24DB6BAB7A1F3,IE00BL0L0H60,FBT,A2R_CANONICAL_SELECTION,True,2022-10-03,1.0,True,1,SEMANTICALLY_IDENTICAL_IMPLEMENTATION_TRANSITION,YES_SAME_A2R_ECONOMIC_FAMILY,CONTINUE,NO
2022-10-07,GLOBAL_BIOTECHNOLOGY,LIST-38B24DB6BAB7A1F3,LIST-8E0D21D8A41728FC,IE00BQ70R696,SBIO,A2R_CANONICAL_SELECTION,True,2022-10-06,1.0,True,1,SEMANTICALLY_IDENTICAL_IMPLEMENTATION_TRANSITION,YES_SAME_A2R_ECONOMIC_FAMILY,CONTINUE,NO
2022-10-10,GLOBAL_BIOTECHNOLOGY,LIST-8E0D21D8A41728FC,LIST-38B24DB6BAB7A1F3,IE00BL0L0H60,FBT,A2R_CANONICAL_SELECTION,False,,,False,1,PRICE_NOT_AVAILABLE,YES_SAME_A2R_ECONOMIC_FAMILY,RESET_OR_ENDPOINT_UNAVAILABLE,NO
2022-10-11,GLOBAL_BIOTECHNOLOGY,LIST-38B24DB6BAB7A1F3,LIST-8E0D21D8A41728FC,IE00BQ70R696,SBIO,A2R_CANONICAL_SELECTION,True,2022-10-10,1.0,False,1,EXACT_PREVIOUS_XLON_SESSION_ENDPOINT,YES_SAME_A2R_ECONOMIC_FAMILY,RESET_OR_ENDPOINT_UNAVAILABLE,NO
2022-10-13,GLOBAL_BIOTECHNOLOGY,LIST-8E0D21D8A41728FC,LIST-38B24DB6BAB7A1F3,IE00BL0L0H60,FBT,A2R_CANONICAL_SELECTION,False,,,False,1,PRICE_NOT_AVAILABLE,YES_SAME_A2R_ECONOMIC_FAMILY,RESET_OR_ENDPOINT_UNAVAILABLE,NO
2022-10-14,GLOBAL_BIOTECHNOLOGY,LIST-38B24DB6BAB7A1F3,LIST-8E0D21D8A41728FC,IE00BQ70R696,SBIO,A2R_CANONICAL_SELECTION,True,2022-10-13,1.0,False,1,EXACT_PREVIOUS_XLON_SESSION_ENDPOINT,YES_SAME_A2R_ECONOMIC_FAMILY,RESET_OR_ENDPOINT_UNAVAILABLE,NO
2022-10-20,GLOBAL_BIOTECHNOLOGY,LIST-8E0D21D8A41728FC,LIST-38B24DB6BAB7A1F3,IE00BL0L0H60,FBT,A2R_CANONICAL_SELECTION,True,2022-10-19,1.0,True,1,SEMANTICALLY_IDENTICAL_IMPLEMENTATION_TRANSITION,YES_SAME_A2R_ECONOMIC_FAMILY,CONTINUE,NO
2022-10-24,GLOBAL_BIOTECHNOLOGY,LIST-38B24DB6BAB7A1F3,LIST-8E0D21D8A41728FC,IE00BQ70R696,SBIO,A2R_CANONICAL_SELECTION,True,2022-10-21,1.0,True,1,SEMANTICALLY_IDENTICAL_IMPLEMENTATION_TRANSITION,YES_SAME_A2R_ECONOMIC_FAMILY,CONTINUE,NO
2022-10-25,GLOBAL_BIOTECHNOLOGY,LIST-8E0D21D8A41728FC,LIST-38B24DB6BAB7A1F3,IE00BL0L0H60,FBT,A2R_CANONICAL_SELECTION,True,2022-10-24,1.0,True,1,SEMANTICALLY_IDENTICAL_IMPLEMENTATION_TRANSITION,YES_SAME_A2R_ECONOMIC_FAMILY,CONTINUE,NO
2022-10-28,GLOBAL_BIOTECHNOLOGY,LIST-38B24DB6BAB7A1F3,LIST-8E0D21D8A41728FC,IE00BQ70R696,SBIO,A2R_CANONICAL_SELECTION,True,2022-10-27,1.0,True,1,SEMANTICALLY_IDENTICAL_IMPLEMENTATION_TRANSITION,YES_SAME_A2R_ECONOMIC_FAMILY,CONTINUE,NO
2022-11-02,GLOBAL_BIOTECHNOLOGY,LIST-8E0D21D8A41728FC,LIST-38B24DB6BAB7A1F3,IE00BL0L0H60,FBT,A2R_CANONICAL_SELECTION,True,2022-11-01,1.0,True,1,SEMANTICALLY_IDENTICAL_IMPLEMENTATION_TRANSITION,YES_SAME_A2R_ECONOMIC_FAMILY,CONTINUE,NO
2022-11-08,GLOBAL_BIOTECHNOLOGY,LIST-38B24DB6BAB7A1F3,LIST-8E0D21D8A41728FC,IE00BQ70R696,SBIO,A2R_CANONICAL_SELECTION,True,2022-11-07,1.0,True,1,SEMANTICALLY_IDENTICAL_IMPLEMENTATION_TRANSITION,YES_SAME_A2R_ECONOMIC_FAMILY,CONTINUE,NO
2022-11-11,GLOBAL_BIOTECHNOLOGY,LIST-8E0D21D8A41728FC,LIST-38B24DB6BAB7A1F3,IE00BL0L0H60,FBT,A2R_CANONICAL_SELECTION,False,,,False,1,PRICE_NOT_AVAILABLE,YES_SAME_A2R_ECONOMIC_FAMILY,RESET_OR_ENDPOINT_UNAVAILABLE,NO
2022-11-14,GLOBAL_BIOTECHNOLOGY,LIST-38B24DB6BAB7A1F3,LIST-8E0D21D8A41728FC,IE00BQ70R696,SBIO,A2R_CANONICAL_SELECTION,True,2022-11-11,1.0,False,1,EXACT_PREVIOUS_XLON_SESSION_ENDPOINT,YES_SAME_A2R_ECONOMIC_FAMILY,RESET_OR_ENDPOINT_UNAVAILABLE,NO
2022-11-16,GLOBAL_BIOTECHNOLOGY,LIST-8E0D21D8A41728FC,LIST-38B24DB6BAB7A1F3,IE00BL0L0H60,FBT,A2R_CANONICAL_SELECTION,True,2022-11-15,1.0,True,1,SEMANTICALLY_IDENTICAL_IMPLEMENTATION_TRANSITION,YES_SAME_A2R_ECONOMIC_FAMILY,CONTINUE,NO
2022-11-18,GLOBAL_BIOTECHNOLOGY,LIST-38B24DB6BAB7A1F3,LIST-8E0D21D8A41728FC,IE00BQ70R696,SBIO,A2R_CANONICAL_SELECTION,True,2022-11-17,1.0,True,1,SEMANTICALLY_IDENTICAL_IMPLEMENTATION_TRANSITION,YES_SAME_A2R_ECONOMIC_FAMILY,CONTINUE,NO
2022-11-21,GLOBAL_BIOTECHNOLOGY,LIST-8E0D21D8A41728FC,LIST-38B24DB6BAB7A1F3,IE00BL0L0H60,FBT,A2R_CANONICAL_SELECTION,False,,,False,1,PRICE_NOT_AVAILABLE,YES_SAME_A2R_ECONOMIC_FAMILY,RESET_OR_ENDPOINT_UNAVAILABLE,NO
2022-11-22,GLOBAL_BIOTECHNOLOGY,LIST-38B24DB6BAB7A1F3,LIST-8E0D21D8A41728FC,IE00BQ70R696,SBIO,A2R_CANONICAL_SELECTION,True,2022-11-21,1.0,False,1,EXACT_PREVIOUS_XLON_SESSION_ENDPOINT,YES_SAME_A2R_ECONOMIC_FAMILY,RESET_OR_ENDPOINT_UNAVAILABLE,NO
2022-11-24,GLOBAL_BIOTECHNOLOGY,LIST-8E0D21D8A41728FC,LIST-38B24DB6BAB7A1F3,IE00BL0L0H60,FBT,A2R_CANONICAL_SELECTION,False,,,False,1,PRICE_NOT_AVAILABLE,YES_SAME_A2R_ECONOMIC_FAMILY,RESET_OR_ENDPOINT_UNAVAILABLE,NO
2022-11-25,GLOBAL_BIOTECHNOLOGY,LIST-38B24DB6BAB7A1F3,LIST-8E0D21D8A41728FC,IE00BQ70R696,SBIO,A2R_CANONICAL_SELECTION,True,2022-11-24,1.0,False,1,EXACT_PREVIOUS_XLON_SESSION_ENDPOINT,YES_SAME_A2R_ECONOMIC_FAMILY,RESET_OR_ENDPOINT_UNAVAILABLE,NO
2022-11-29,GLOBAL_BIOTECHNOLOGY,LIST-8E0D21D8A41728FC,LIST-38B24DB6BAB7A1F3,IE00BL0L0H60,FBT,A2R_CANONICAL_SELECTION,False,,,False,1,PRICE_NOT_AVAILABLE,YES_SAME_A2R_ECONOMIC_FAMILY,RESET_OR_ENDPOINT_UNAVAILABLE,NO
2022-11-30,GLOBAL_BIOTECHNOLOGY,LIST-38B24DB6BAB7A1F3,LIST-8E0D21D8A41728FC,IE00BQ70R696,SBIO,A2R_CANONICAL_SELECTION,True,2022-11-29,1.0,False,1,EXACT_PREVIOUS_XLON_SESSION_ENDPOINT,YES_SAME_A2R_ECONOMIC_FAMILY,RESET_OR_ENDPOINT_UNAVAILABLE,NO
2022-12-01,GLOBAL_BIOTECHNOLOGY,LIST-8E0D21D8A41728FC,LIST-38B24DB6BAB7A1F3,IE00BL0L0H60,FBT,A2R_CANONICAL_SELECTION,True,2022-11-30,1.0,True,1,SEMANTICALLY_IDENTICAL_IMPLEMENTATION_TRANSITION,YES_SAME_A2R_ECONOMIC_FAMILY,CONTINUE,NO
2022-12-12,GLOBAL_BIOTECHNOLOGY,LIST-38B24DB6BAB7A1F3,LIST-8E0D21D8A41728FC,IE00BQ70R696,SBIO,A2R_CANONICAL_SELECTION,True,2022-12-09,1.0,True,1,SEMANTICALLY_IDENTICAL_IMPLEMENTATION_TRANSITION,YES_SAME_A2R_ECONOMIC_FAMILY,CONTINUE,NO
2022-12-13,GLOBAL_BIOTECHNOLOGY,LIST-8E0D21D8A41728FC,LIST-38B24DB6BAB7A1F3,IE00BL0L0H60,FBT,A2R_CANONICAL_SELECTION,True,2022-12-12,1.0,True,1,SEMANTICALLY_IDENTICAL_IMPLEMENTATION_TRANSITION,YES_SAME_A2R_ECONOMIC_FAMILY,CONTINUE,NO
2022-12-15,GLOBAL_BIOTECHNOLOGY,LIST-38B24DB6BAB7A1F3,LIST-8E0D21D8A41728FC,IE00BQ70R696,SBIO,A2R_CANONICAL_SELECTION,True,2022-12-14,1.0,True,1,SEMANTICALLY_IDENTICAL_IMPLEMENTATION_TRANSITION,YES_SAME_A2R_ECONOMIC_FAMILY,CONTINUE,NO
2022-12-16,GLOBAL_BIOTECHNOLOGY,LIST-8E0D21D8A41728FC,LIST-38B24DB6BAB7A1F3,IE00BL0L0H60,FBT,A2R_CANONICAL_SELECTION,False,,,False,1,PRICE_NOT_AVAILABLE,YES_SAME_A2R_ECONOMIC_FAMILY,RESET_OR_ENDPOINT_UNAVAILABLE,NO
2022-12-19,GLOBAL_BIOTECHNOLOGY,LIST-38B24DB6BAB7A1F3,LIST-8E0D21D8A41728FC,IE00BQ70R696,SBIO,A2R_CANONICAL_SELECTION,True,2022-12-16,1.0,False,1,EXACT_PREVIOUS_XLON_SESSION_ENDPOINT,YES_SAME_A2R_ECONOMIC_FAMILY,RESET_OR_ENDPOINT_UNAVAILABLE,NO
2022-12-21,GLOBAL_BIOTECHNOLOGY,LIST-8E0D21D8A41728FC,LIST-38B24DB6BAB7A1F3,IE00BL0L0H60,FBT,A2R_CANONICAL_SELECTION,True,2022-12-20,1.0,True,1,SEMANTICALLY_IDENTICAL_IMPLEMENTATION_TRANSITION,YES_SAME_A2R_ECONOMIC_FAMILY,CONTINUE,NO
2022-12-23,GLOBAL_BIOTECHNOLOGY,LIST-38B24DB6BAB7A1F3,LIST-8E0D21D8A41728FC,IE00BQ70R696,SBIO,A2R_CANONICAL_SELECTION,True,2022-12-22,1.0,True,1,SEMANTICALLY_IDENTICAL_IMPLEMENTATION_TRANSITION,YES_SAME_A2R_ECONOMIC_FAMILY,CONTINUE,NO
2022-12-29,GLOBAL_BIOTECHNOLOGY,LIST-8E0D21D8A41728FC,LIST-38B24DB6BAB7A1F3,IE00BL0L0H60,FBT,A2R_CANONICAL_SELECTION,False,,,False,1,PRICE_NOT_AVAILABLE,YES_SAME_A2R_ECONOMIC_FAMILY,RESET_OR_ENDPOINT_UNAVAILABLE,NO
2022-12-30,GLOBAL_BIOTECHNOLOGY,LIST-38B24DB6BAB7A1F3,LIST-8E0D21D8A41728FC,IE00BQ70R696,SBIO,A2R_CANONICAL_SELECTION,True,2022-12-29,1.0,False,1,EXACT_PREVIOUS_XLON_SESSION_ENDPOINT,YES_SAME_A2R_ECONOMIC_FAMILY,RESET_OR_ENDPOINT_UNAVAILABLE,NO
2023-01-04,GLOBAL_BIOTECHNOLOGY,LIST-8E0D21D8A41728FC,LIST-38B24DB6BAB7A1F3,IE00BL0L0H60,FBT,A2R_CANONICAL_SELECTION,True,2023-01-03,1.0,True,1,SEMANTICALLY_IDENTICAL_IMPLEMENTATION_TRANSITION,YES_SAME_A2R_ECONOMIC_FAMILY,CONTINUE,NO
2023-01-09,GLOBAL_BIOTECHNOLOGY,LIST-38B24DB6BAB7A1F3,LIST-8E0D21D8A41728FC,IE00BQ70R696,SBIO,A2R_CANONICAL_SELECTION,True,2023-01-06,1.0,True,1,SEMANTICALLY_IDENTICAL_IMPLEMENTATION_TRANSITION,YES_SAME_A2R_ECONOMIC_FAMILY,CONTINUE,NO
2023-01-10,GLOBAL_BIOTECHNOLOGY,LIST-8E0D21D8A41728FC,LIST-38B24DB6BAB7A1F3,IE00BL0L0H60,FBT,A2R_CANONICAL_SELECTION,False,,,False,1,PRICE_NOT_AVAILABLE,YES_SAME_A2R_ECONOMIC_FAMILY,RESET_OR_ENDPOINT_UNAVAILABLE,NO
2023-01-11,GLOBAL_BIOTECHNOLOGY,LIST-38B24DB6BAB7A1F3,LIST-8E0D21D8A41728FC,IE00BQ70R696,SBIO,A2R_CANONICAL_SELECTION,True,2023-01-10,1.0,False,1,EXACT_PREVIOUS_XLON_SESSION_ENDPOINT,YES_SAME_A2R_ECONOMIC_FAMILY,RESET_OR_ENDPOINT_UNAVAILABLE,NO
2023-01-12,GLOBAL_BIOTECHNOLOGY,LIST-8E0D21D8A41728FC,LIST-38B24DB6BAB7A1F3,IE00BL0L0H60,FBT,A2R_CANONICAL_SELECTION,True,2023-01-11,1.0,True,1,SEMANTICALLY_IDENTICAL_IMPLEMENTATION_TRANSITION,YES_SAME_A2R_ECONOMIC_FAMILY,CONTINUE,NO
2023-01-20,GLOBAL_BIOTECHNOLOGY,LIST-38B24DB6BAB7A1F3,LIST-8E0D21D8A41728FC,IE00BQ70R696,SBIO,A2R_CANONICAL_SELECTION,True,2023-01-19,1.0,True,1,SEMANTICALLY_IDENTICAL_IMPLEMENTATION_TRANSITION,YES_SAME_A2R_ECONOMIC_FAMILY,CONTINUE,NO
2023-01-25,GLOBAL_BIOTECHNOLOGY,LIST-8E0D21D8A41728FC,LIST-38B24DB6BAB7A1F3,IE00BL0L0H60,FBT,A2R_CANONICAL_SELECTION,False,,,False,1,PRICE_NOT_AVAILABLE,YES_SAME_A2R_ECONOMIC_FAMILY,RESET_OR_ENDPOINT_UNAVAILABLE,NO
2023-01-26,GLOBAL_BIOTECHNOLOGY,LIST-38B24DB6BAB7A1F3,LIST-8E0D21D8A41728FC,IE00BQ70R696,SBIO,A2R_CANONICAL_SELECTION,True,2023-01-25,1.0,False,1,EXACT_PREVIOUS_XLON_SESSION_ENDPOINT,YES_SAME_A2R_ECONOMIC_FAMILY,RESET_OR_ENDPOINT_UNAVAILABLE,NO
2023-01-27,GLOBAL_BIOTECHNOLOGY,LIST-8E0D21D8A41728FC,LIST-38B24DB6BAB7A1F3,IE00BL0L0H60,FBT,A2R_CANONICAL_SELECTION,True,2023-01-26,1.0,True,1,SEMANTICALLY_IDENTICAL_IMPLEMENTATION_TRANSITION,YES_SAME_A2R_ECONOMIC_FAMILY,CONTINUE,NO
2023-02-01,GLOBAL_BIOTECHNOLOGY,LIST-38B24DB6BAB7A1F3,LIST-8E0D21D8A41728FC,IE00BQ70R696,SBIO,A2R_CANONICAL_SELECTION,True,2023-01-31,1.0,True,1,SEMANTICALLY_IDENTICAL_IMPLEMENTATION_TRANSITION,YES_SAME_A2R_ECONOMIC_FAMILY,CONTINUE,NO
2023-02-02,GLOBAL_BIOTECHNOLOGY,LIST-8E0D21D8A41728FC,LIST-38B24DB6BAB7A1F3,IE00BL0L0H60,FBT,A2R_CANONICAL_SELECTION,True,2023-02-01,1.0,True,1,SEMANTICALLY_IDENTICAL_IMPLEMENTATION_TRANSITION,YES_SAME_A2R_ECONOMIC_FAMILY,CONTINUE,NO
2023-02-10,GLOBAL_BIOTECHNOLOGY,LIST-38B24DB6BAB7A1F3,LIST-8E0D21D8A41728FC,IE00BQ70R696,SBIO,A2R_CANONICAL_SELECTION,True,2023-02-09,1.0,True,1,SEMANTICALLY_IDENTICAL_IMPLEMENTATION_TRANSITION,YES_SAME_A2R_ECONOMIC_FAMILY,CONTINUE,NO
2023-02-13,GLOBAL_BIOTECHNOLOGY,LIST-8E0D21D8A41728FC,LIST-38B24DB6BAB7A1F3,IE00BL0L0H60,FBT,A2R_CANONICAL_SELECTION,True,2023-02-10,1.0,True,1,SEMANTICALLY_IDENTICAL_IMPLEMENTATION_TRANSITION,YES_SAME_A2R_ECONOMIC_FAMILY,CONTINUE,NO
2023-02-16,GLOBAL_BIOTECHNOLOGY,LIST-38B24DB6BAB7A1F3,LIST-8E0D21D8A41728FC,IE00BQ70R696,SBIO,A2R_CANONICAL_SELECTION,True,2023-02-15,1.0,True,1,SEMANTICALLY_IDENTICAL_IMPLEMENTATION_TRANSITION,YES_SAME_A2R_ECONOMIC_FAMILY,CONTINUE,NO
2023-02-24,GLOBAL_BIOTECHNOLOGY,LIST-8E0D21D8A41728FC,LIST-38B24DB6BAB7A1F3,IE00BL0L0H60,FBT,A2R_CANONICAL_SELECTION,True,2023-02-23,1.0,True,1,SEMANTICALLY_IDENTICAL_IMPLEMENTATION_TRANSITION,YES_SAME_A2R_ECONOMIC_FAMILY,CONTINUE,NO
2023-02-28,GLOBAL_BIOTECHNOLOGY,LIST-38B24DB6BAB7A1F3,LIST-8E0D21D8A41728FC,IE00BQ70R696,SBIO,A2R_CANONICAL_SELECTION,True,2023-02-27,1.0,True,1,SEMANTICALLY_IDENTICAL_IMPLEMENTATION_TRANSITION,YES_SAME_A2R_ECONOMIC_FAMILY,CONTINUE,NO
2023-03-01,GLOBAL_BIOTECHNOLOGY,LIST-8E0D21D8A41728FC,LIST-38B24DB6BAB7A1F3,IE00BL0L0H60,FBT,A2R_CANONICAL_SELECTION,True,2023-02-28,1.0,True,1,SEMANTICALLY_IDENTICAL_IMPLEMENTATION_TRANSITION,YES_SAME_A2R_ECONOMIC_FAMILY,CONTINUE,NO
2023-03-03,GLOBAL_BIOTECHNOLOGY,LIST-38B24DB6BAB7A1F3,LIST-8E0D21D8A41728FC,IE00BQ70R696,SBIO,A2R_CANONICAL_SELECTION,True,2023-03-02,1.0,True,1,SEMANTICALLY_IDENTICAL_IMPLEMENTATION_TRANSITION,YES_SAME_A2R_ECONOMIC_FAMILY,CONTINUE,NO
2023-03-06,GLOBAL_BIOTECHNOLOGY,LIST-8E0D21D8A41728FC,LIST-38B24DB6BAB7A1F3,IE00BL0L0H60,FBT,A2R_CANONICAL_SELECTION,False,,,False,1,PRICE_NOT_AVAILABLE,YES_SAME_A2R_ECONOMIC_FAMILY,RESET_OR_ENDPOINT_UNAVAILABLE,NO
2023-03-07,GLOBAL_BIOTECHNOLOGY,LIST-38B24DB6BAB7A1F3,LIST-8E0D21D8A41728FC,IE00BQ70R696,SBIO,A2R_CANONICAL_SELECTION,True,2023-03-06,1.0,False,1,EXACT_PREVIOUS_XLON_SESSION_ENDPOINT,YES_SAME_A2R_ECONOMIC_FAMILY,RESET_OR_ENDPOINT_UNAVAILABLE,NO
2023-03-09,GLOBAL_BIOTECHNOLOGY,LIST-8E0D21D8A41728FC,LIST-38B24DB6BAB7A1F3,IE00BL0L0H60,FBT,A2R_CANONICAL_SELECTION,True,2023-03-08,1.0,True,1,SEMANTICALLY_IDENTICAL_IMPLEMENTATION_TRANSITION,YES_SAME_A2R_ECONOMIC_FAMILY,CONTINUE,NO
2023-03-13,GLOBAL_BIOTECHNOLOGY,LIST-38B24DB6BAB7A1F3,LIST-8E0D21D8A41728FC,IE00BQ70R696,SBIO,A2R_CANONICAL_SELECTION,True,2023-03-10,1.0,True,1,SEMANTICALLY_IDENTICAL_IMPLEMENTATION_TRANSITION,YES_SAME_A2R_ECONOMIC_FAMILY,CONTINUE,NO
2023-03-15,GLOBAL_BIOTECHNOLOGY,LIST-8E0D21D8A41728FC,LIST-38B24DB6BAB7A1F3,IE00BL0L0H60,FBT,A2R_CANONICAL_SELECTION,True,2023-03-14,1.0,True,1,SEMANTICALLY_IDENTICAL_IMPLEMENTATION_TRANSITION,YES_SAME_A2R_ECONOMIC_FAMILY,CONTINUE,NO
2023-03-21,GLOBAL_BIOTECHNOLOGY,LIST-38B24DB6BAB7A1F3,LIST-8E0D21D8A41728FC,IE00BQ70R696,SBIO,A2R_CANONICAL_SELECTION,True,2023-03-20,1.0,True,1,SEMANTICALLY_IDENTICAL_IMPLEMENTATION_TRANSITION,YES_SAME_A2R_ECONOMIC_FAMILY,CONTINUE,NO
2023-03-23,GLOBAL_BIOTECHNOLOGY,LIST-8E0D21D8A41728FC,LIST-38B24DB6BAB7A1F3,IE00BL0L0H60,FBT,A2R_CANONICAL_SELECTION,True,2023-03-22,1.0,True,1,SEMANTICALLY_IDENTICAL_IMPLEMENTATION_TRANSITION,YES_SAME_A2R_ECONOMIC_FAMILY,CONTINUE,NO
2023-03-27,GLOBAL_BIOTECHNOLOGY,LIST-38B24DB6BAB7A1F3,LIST-8E0D21D8A41728FC,IE00BQ70R696,SBIO,A2R_CANONICAL_SELECTION,True,2023-03-24,1.0,True,1,SEMANTICALLY_IDENTICAL_IMPLEMENTATION_TRANSITION,YES_SAME_A2R_ECONOMIC_FAMILY,CONTINUE,NO
2023-03-28,GLOBAL_BIOTECHNOLOGY,LIST-8E0D21D8A41728FC,LIST-38B24DB6BAB7A1F3,IE00BL0L0H60,FBT,A2R_CANONICAL_SELECTION,True,2023-03-27,1.0,True,1,SEMANTICALLY_IDENTICAL_IMPLEMENTATION_TRANSITION,YES_SAME_A2R_ECONOMIC_FAMILY,CONTINUE,NO
2023-03-31,GLOBAL_BIOTECHNOLOGY,LIST-38B24DB6BAB7A1F3,LIST-8E0D21D8A41728FC,IE00BQ70R696,SBIO,A2R_CANONICAL_SELECTION,True,2023-03-30,1.0,True,1,SEMANTICALLY_IDENTICAL_IMPLEMENTATION_TRANSITION,YES_SAME_A2R_ECONOMIC_FAMILY,CONTINUE,NO
2023-04-03,GLOBAL_BIOTECHNOLOGY,LIST-8E0D21D8A41728FC,LIST-38B24DB6BAB7A1F3,IE00BL0L0H60,FBT,A2R_CANONICAL_SELECTION,True,2023-03-31,1.0,True,1,SEMANTICALLY_IDENTICAL_IMPLEMENTATION_TRANSITION,YES_SAME_A2R_ECONOMIC_FAMILY,CONTINUE,NO
2023-04-06,GLOBAL_BIOTECHNOLOGY,LIST-38B24DB6BAB7A1F3,LIST-8E0D21D8A41728FC,IE00BQ70R696,SBIO,A2R_CANONICAL_SELECTION,True,2023-04-05,1.0,True,1,SEMANTICALLY_IDENTICAL_IMPLEMENTATION_TRANSITION,YES_SAME_A2R_ECONOMIC_FAMILY,CONTINUE,NO
2023-04-11,GLOBAL_BIOTECHNOLOGY,LIST-8E0D21D8A41728FC,LIST-38B24DB6BAB7A1F3,IE00BL0L0H60,FBT,A2R_CANONICAL_SELECTION,True,2023-04-06,1.0,True,1,SEMANTICALLY_IDENTICAL_IMPLEMENTATION_TRANSITION,YES_SAME_A2R_ECONOMIC_FAMILY,CONTINUE,NO
2023-04-14,GLOBAL_BIOTECHNOLOGY,LIST-38B24DB6BAB7A1F3,LIST-8E0D21D8A41728FC,IE00BQ70R696,SBIO,A2R_CANONICAL_SELECTION,True,2023-04-13,1.0,True,1,SEMANTICALLY_IDENTICAL_IMPLEMENTATION_TRANSITION,YES_SAME_A2R_ECONOMIC_FAMILY,CONTINUE,NO
2023-04-17,GLOBAL_BIOTECHNOLOGY,LIST-8E0D21D8A41728FC,LIST-38B24DB6BAB7A1F3,IE00BL0L0H60,FBT,A2R_CANONICAL_SELECTION,False,,,False,1,PRICE_NOT_AVAILABLE,YES_SAME_A2R_ECONOMIC_FAMILY,RESET_OR_ENDPOINT_UNAVAILABLE,NO
2023-04-18,GLOBAL_BIOTECHNOLOGY,LIST-38B24DB6BAB7A1F3,LIST-8E0D21D8A41728FC,IE00BQ70R696,SBIO,A2R_CANONICAL_SELECTION,True,2023-04-17,1.0,False,1,EXACT_PREVIOUS_XLON_SESSION_ENDPOINT,YES_SAME_A2R_ECONOMIC_FAMILY,RESET_OR_ENDPOINT_UNAVAILABLE,NO
2023-04-19,GLOBAL_BIOTECHNOLOGY,LIST-8E0D21D8A41728FC,LIST-38B24DB6BAB7A1F3,IE00BL0L0H60,FBT,A2R_CANONICAL_SELECTION,True,2023-04-18,1.0,True,1,SEMANTICALLY_IDENTICAL_IMPLEMENTATION_TRANSITION,YES_SAME_A2R_ECONOMIC_FAMILY,CONTINUE,NO
2023-04-21,GLOBAL_BIOTECHNOLOGY,LIST-38B24DB6BAB7A1F3,LIST-8E0D21D8A41728FC,IE00BQ70R696,SBIO,A2R_CANONICAL_SELECTION,True,2023-04-20,1.0,True,1,SEMANTICALLY_IDENTICAL_IMPLEMENTATION_TRANSITION,YES_SAME_A2R_ECONOMIC_FAMILY,CONTINUE,NO
2023-04-25,GLOBAL_BIOTECHNOLOGY,LIST-8E0D21D8A41728FC,LIST-38B24DB6BAB7A1F3,IE00BL0L0H60,FBT,A2R_CANONICAL_SELECTION,True,2023-04-24,1.0,True,1,SEMANTICALLY_IDENTICAL_IMPLEMENTATION_TRANSITION,YES_SAME_A2R_ECONOMIC_FAMILY,CONTINUE,NO
2023-05-02,GLOBAL_BIOTECHNOLOGY,LIST-38B24DB6BAB7A1F3,LIST-8E0D21D8A41728FC,IE00BQ70R696,SBIO,A2R_CANONICAL_SELECTION,True,2023-04-28,1.0,True,1,SEMANTICALLY_IDENTICAL_IMPLEMENTATION_TRANSITION,YES_SAME_A2R_ECONOMIC_FAMILY,CONTINUE,NO
2023-05-03,GLOBAL_BIOTECHNOLOGY,LIST-8E0D21D8A41728FC,LIST-38B24DB6BAB7A1F3,IE00BL0L0H60,FBT,A2R_CANONICAL_SELECTION,True,2023-05-02,1.0,True,1,SEMANTICALLY_IDENTICAL_IMPLEMENTATION_TRANSITION,YES_SAME_A2R_ECONOMIC_FAMILY,CONTINUE,NO
2023-05-19,GLOBAL_BIOTECHNOLOGY,LIST-38B24DB6BAB7A1F3,LIST-8E0D21D8A41728FC,IE00BQ70R696,SBIO,A2R_CANONICAL_SELECTION,True,2023-05-18,1.0,True,1,SEMANTICALLY_IDENTICAL_IMPLEMENTATION_TRANSITION,YES_SAME_A2R_ECONOMIC_FAMILY,CONTINUE,NO
2023-05-23,GLOBAL_BIOTECHNOLOGY,LIST-8E0D21D8A41728FC,LIST-38B24DB6BAB7A1F3,IE00BL0L0H60,FBT,A2R_CANONICAL_SELECTION,False,,,False,1,PRICE_NOT_AVAILABLE,YES_SAME_A2R_ECONOMIC_FAMILY,RESET_OR_ENDPOINT_UNAVAILABLE,NO
2023-05-24,GLOBAL_BIOTECHNOLOGY,LIST-38B24DB6BAB7A1F3,LIST-8E0D21D8A41728FC,IE00BQ70R696,SBIO,A2R_CANONICAL_SELECTION,True,2023-05-23,1.0,False,1,EXACT_PREVIOUS_XLON_SESSION_ENDPOINT,YES_SAME_A2R_ECONOMIC_FAMILY,RESET_OR_ENDPOINT_UNAVAILABLE,NO
2023-05-31,GLOBAL_BIOTECHNOLOGY,LIST-8E0D21D8A41728FC,LIST-38B24DB6BAB7A1F3,IE00BL0L0H60,FBT,A2R_CANONICAL_SELECTION,True,2023-05-30,1.0,True,1,SEMANTICALLY_IDENTICAL_IMPLEMENTATION_TRANSITION,YES_SAME_A2R_ECONOMIC_FAMILY,CONTINUE,NO
2023-06-05,GLOBAL_BIOTECHNOLOGY,LIST-38B24DB6BAB7A1F3,LIST-8E0D21D8A41728FC,IE00BQ70R696,SBIO,A2R_CANONICAL_SELECTION,True,2023-06-02,1.0,True,1,SEMANTICALLY_IDENTICAL_IMPLEMENTATION_TRANSITION,YES_SAME_A2R_ECONOMIC_FAMILY,CONTINUE,NO
2023-06-06,GLOBAL_BIOTECHNOLOGY,LIST-8E0D21D8A41728FC,LIST-38B24DB6BAB7A1F3,IE00BL0L0H60,FBT,A2R_CANONICAL_SELECTION,False,,,False,1,PRICE_NOT_AVAILABLE,YES_SAME_A2R_ECONOMIC_FAMILY,RESET_OR_ENDPOINT_UNAVAILABLE,NO
2023-06-07,GLOBAL_BIOTECHNOLOGY,LIST-38B24DB6BAB7A1F3,LIST-8E0D21D8A41728FC,IE00BQ70R696,SBIO,A2R_CANONICAL_SELECTION,True,2023-06-06,1.0,False,1,EXACT_PREVIOUS_XLON_SESSION_ENDPOINT,YES_SAME_A2R_ECONOMIC_FAMILY,RESET_OR_ENDPOINT_UNAVAILABLE,NO
2023-06-13,GLOBAL_BIOTECHNOLOGY,LIST-8E0D21D8A41728FC,LIST-38B24DB6BAB7A1F3,IE00BL0L0H60,FBT,A2R_CANONICAL_SELECTION,True,2023-06-12,1.0,True,1,SEMANTICALLY_IDENTICAL_IMPLEMENTATION_TRANSITION,YES_SAME_A2R_ECONOMIC_FAMILY,CONTINUE,NO
2023-06-16,GLOBAL_BIOTECHNOLOGY,LIST-38B24DB6BAB7A1F3,LIST-8E0D21D8A41728FC,IE00BQ70R696,SBIO,A2R_CANONICAL_SELECTION,True,2023-06-15,1.0,True,1,SEMANTICALLY_IDENTICAL_IMPLEMENTATION_TRANSITION,YES_SAME_A2R_ECONOMIC_FAMILY,CONTINUE,NO
2023-06-26,GLOBAL_BIOTECHNOLOGY,LIST-8E0D21D8A41728FC,LIST-38B24DB6BAB7A1F3,IE00BL0L0H60,FBT,A2R_CANONICAL_SELECTION,True,2023-06-23,1.0,True,1,SEMANTICALLY_IDENTICAL_IMPLEMENTATION_TRANSITION,YES_SAME_A2R_ECONOMIC_FAMILY,CONTINUE,NO
2023-06-29,GLOBAL_BIOTECHNOLOGY,LIST-38B24DB6BAB7A1F3,LIST-8E0D21D8A41728FC,IE00BQ70R696,SBIO,A2R_CANONICAL_SELECTION,True,2023-06-28,1.0,True,1,SEMANTICALLY_IDENTICAL_IMPLEMENTATION_TRANSITION,YES_SAME_A2R_ECONOMIC_FAMILY,CONTINUE,NO
2023-06-30,GLOBAL_BIOTECHNOLOGY,LIST-8E0D21D8A41728FC,LIST-38B24DB6BAB7A1F3,IE00BL0L0H60,FBT,A2R_CANONICAL_SELECTION,True,2023-06-29,1.0,True,1,SEMANTICALLY_IDENTICAL_IMPLEMENTATION_TRANSITION,YES_SAME_A2R_ECONOMIC_FAMILY,CONTINUE,NO
2023-07-06,GLOBAL_BIOTECHNOLOGY,LIST-38B24DB6BAB7A1F3,LIST-8E0D21D8A41728FC,IE00BQ70R696,SBIO,A2R_CANONICAL_SELECTION,True,2023-07-05,1.0,True,1,SEMANTICALLY_IDENTICAL_IMPLEMENTATION_TRANSITION,YES_SAME_A2R_ECONOMIC_FAMILY,CONTINUE,NO
2023-07-12,GLOBAL_BIOTECHNOLOGY,LIST-8E0D21D8A41728FC,LIST-38B24DB6BAB7A1F3,IE00BL0L0H60,FBT,A2R_CANONICAL_SELECTION,False,,,False,1,PRICE_NOT_AVAILABLE,YES_SAME_A2R_ECONOMIC_FAMILY,RESET_OR_ENDPOINT_UNAVAILABLE,NO
2023-07-13,GLOBAL_BIOTECHNOLOGY,LIST-38B24DB6BAB7A1F3,LIST-8E0D21D8A41728FC,IE00BQ70R696,SBIO,A2R_CANONICAL_SELECTION,True,2023-07-12,1.0,False,1,EXACT_PREVIOUS_XLON_SESSION_ENDPOINT,YES_SAME_A2R_ECONOMIC_FAMILY,RESET_OR_ENDPOINT_UNAVAILABLE,NO
2023-07-14,GLOBAL_BIOTECHNOLOGY,LIST-8E0D21D8A41728FC,LIST-38B24DB6BAB7A1F3,IE00BL0L0H60,FBT,A2R_CANONICAL_SELECTION,True,2023-07-13,1.0,True,1,SEMANTICALLY_IDENTICAL_IMPLEMENTATION_TRANSITION,YES_SAME_A2R_ECONOMIC_FAMILY,CONTINUE,NO
2023-07-19,GLOBAL_BIOTECHNOLOGY,LIST-38B24DB6BAB7A1F3,LIST-8E0D21D8A41728FC,IE00BQ70R696,SBIO,A2R_CANONICAL_SELECTION,True,2023-07-18,1.0,True,1,SEMANTICALLY_IDENTICAL_IMPLEMENTATION_TRANSITION,YES_SAME_A2R_ECONOMIC_FAMILY,CONTINUE,NO
2023-07-25,GLOBAL_BIOTECHNOLOGY,LIST-8E0D21D8A41728FC,LIST-38B24DB6BAB7A1F3,IE00BL0L0H60,FBT,A2R_CANONICAL_SELECTION,True,2023-07-24,1.0,True,1,SEMANTICALLY_IDENTICAL_IMPLEMENTATION_TRANSITION,YES_SAME_A2R_ECONOMIC_FAMILY,CONTINUE,NO
2023-07-28,GLOBAL_BIOTECHNOLOGY,LIST-38B24DB6BAB7A1F3,LIST-8E0D21D8A41728FC,IE00BQ70R696,SBIO,A2R_CANONICAL_SELECTION,True,2023-07-27,1.0,True,1,SEMANTICALLY_IDENTICAL_IMPLEMENTATION_TRANSITION,YES_SAME_A2R_ECONOMIC_FAMILY,CONTINUE,NO
2023-08-01,GLOBAL_BIOTECHNOLOGY,LIST-8E0D21D8A41728FC,LIST-38B24DB6BAB7A1F3,IE00BL0L0H60,FBT,A2R_CANONICAL_SELECTION,True,2023-07-31,1.0,True,1,SEMANTICALLY_IDENTICAL_IMPLEMENTATION_TRANSITION,YES_SAME_A2R_ECONOMIC_FAMILY,CONTINUE,NO
2023-08-10,GLOBAL_BIOTECHNOLOGY,LIST-38B24DB6BAB7A1F3,LIST-8E0D21D8A41728FC,IE00BQ70R696,SBIO,A2R_CANONICAL_SELECTION,True,2023-08-09,1.0,True,1,SEMANTICALLY_IDENTICAL_IMPLEMENTATION_TRANSITION,YES_SAME_A2R_ECONOMIC_FAMILY,CONTINUE,NO
2023-08-11,GLOBAL_BIOTECHNOLOGY,LIST-8E0D21D8A41728FC,LIST-38B24DB6BAB7A1F3,IE00BL0L0H60,FBT,A2R_CANONICAL_SELECTION,False,,,False,1,PRICE_NOT_AVAILABLE,YES_SAME_A2R_ECONOMIC_FAMILY,RESET_OR_ENDPOINT_UNAVAILABLE,NO
2023-08-14,GLOBAL_BIOTECHNOLOGY,LIST-38B24DB6BAB7A1F3,LIST-8E0D21D8A41728FC,IE00BQ70R696,SBIO,A2R_CANONICAL_SELECTION,True,2023-08-11,1.0,False,1,EXACT_PREVIOUS_XLON_SESSION_ENDPOINT,YES_SAME_A2R_ECONOMIC_FAMILY,RESET_OR_ENDPOINT_UNAVAILABLE,NO
2023-08-22,GLOBAL_BIOTECHNOLOGY,LIST-8E0D21D8A41728FC,LIST-38B24DB6BAB7A1F3,IE00BL0L0H60,FBT,A2R_CANONICAL_SELECTION,False,,,False,1,PRICE_NOT_AVAILABLE,YES_SAME_A2R_ECONOMIC_FAMILY,RESET_OR_ENDPOINT_UNAVAILABLE,NO
2023-08-23,GLOBAL_BIOTECHNOLOGY,LIST-38B24DB6BAB7A1F3,LIST-8E0D21D8A41728FC,IE00BQ70R696,SBIO,A2R_CANONICAL_SELECTION,True,2023-08-22,1.0,False,1,EXACT_PREVIOUS_XLON_SESSION_ENDPOINT,YES_SAME_A2R_ECONOMIC_FAMILY,RESET_OR_ENDPOINT_UNAVAILABLE,NO
2023-08-25,GLOBAL_BIOTECHNOLOGY,LIST-8E0D21D8A41728FC,LIST-38B24DB6BAB7A1F3,IE00BL0L0H60,FBT,A2R_CANONICAL_SELECTION,False,,,False,1,PRICE_NOT_AVAILABLE,YES_SAME_A2R_ECONOMIC_FAMILY,RESET_OR_ENDPOINT_UNAVAILABLE,NO
2023-09-08,GLOBAL_BIOTECHNOLOGY,LIST-38B24DB6BAB7A1F3,LIST-8E0D21D8A41728FC,IE00BQ70R696,SBIO,A2R_CANONICAL_SELECTION,True,2023-09-07,1.0,True,1,SEMANTICALLY_IDENTICAL_IMPLEMENTATION_TRANSITION,YES_SAME_A2R_ECONOMIC_FAMILY,CONTINUE,NO
2023-09-11,GLOBAL_BIOTECHNOLOGY,LIST-8E0D21D8A41728FC,LIST-38B24DB6BAB7A1F3,IE00BL0L0H60,FBT,A2R_CANONICAL_SELECTION,False,,,False,1,PRICE_NOT_AVAILABLE,YES_SAME_A2R_ECONOMIC_FAMILY,RESET_OR_ENDPOINT_UNAVAILABLE,NO
2023-09-12,GLOBAL_BIOTECHNOLOGY,LIST-38B24DB6BAB7A1F3,LIST-8E0D21D8A41728FC,IE00BQ70R696,SBIO,A2R_CANONICAL_SELECTION,True,2023-09-11,1.0,False,1,EXACT_PREVIOUS_XLON_SESSION_ENDPOINT,YES_SAME_A2R_ECONOMIC_FAMILY,RESET_OR_ENDPOINT_UNAVAILABLE,NO
2023-09-13,GLOBAL_BIOTECHNOLOGY,LIST-8E0D21D8A41728FC,LIST-38B24DB6BAB7A1F3,IE00BL0L0H60,FBT,A2R_CANONICAL_SELECTION,True,2023-09-12,1.0,True,1,SEMANTICALLY_IDENTICAL_IMPLEMENTATION_TRANSITION,YES_SAME_A2R_ECONOMIC_FAMILY,CONTINUE,NO
2023-09-20,GLOBAL_BIOTECHNOLOGY,LIST-38B24DB6BAB7A1F3,LIST-8E0D21D8A41728FC,IE00BQ70R696,SBIO,A2R_CANONICAL_SELECTION,True,2023-09-19,1.0,True,1,SEMANTICALLY_IDENTICAL_IMPLEMENTATION_TRANSITION,YES_SAME_A2R_ECONOMIC_FAMILY,CONTINUE,NO
2023-09-22,GLOBAL_BIOTECHNOLOGY,LIST-8E0D21D8A41728FC,LIST-38B24DB6BAB7A1F3,IE00BL0L0H60,FBT,A2R_CANONICAL_SELECTION,False,,,False,1,PRICE_NOT_AVAILABLE,YES_SAME_A2R_ECONOMIC_FAMILY,RESET_OR_ENDPOINT_UNAVAILABLE,NO
2023-09-25,GLOBAL_BIOTECHNOLOGY,LIST-38B24DB6BAB7A1F3,LIST-8E0D21D8A41728FC,IE00BQ70R696,SBIO,A2R_CANONICAL_SELECTION,True,2023-09-22,1.0,False,1,EXACT_PREVIOUS_XLON_SESSION_ENDPOINT,YES_SAME_A2R_ECONOMIC_FAMILY,RESET_OR_ENDPOINT_UNAVAILABLE,NO
2023-09-27,GLOBAL_BIOTECHNOLOGY,LIST-8E0D21D8A41728FC,LIST-38B24DB6BAB7A1F3,IE00BL0L0H60,FBT,A2R_CANONICAL_SELECTION,True,2023-09-26,1.0,True,1,SEMANTICALLY_IDENTICAL_IMPLEMENTATION_TRANSITION,YES_SAME_A2R_ECONOMIC_FAMILY,CONTINUE,NO
2023-10-06,GLOBAL_BIOTECHNOLOGY,LIST-38B24DB6BAB7A1F3,LIST-8E0D21D8A41728FC,IE00BQ70R696,SBIO,A2R_CANONICAL_SELECTION,True,2023-10-05,1.0,True,1,SEMANTICALLY_IDENTICAL_IMPLEMENTATION_TRANSITION,YES_SAME_A2R_ECONOMIC_FAMILY,CONTINUE,NO
2023-10-12,GLOBAL_BIOTECHNOLOGY,LIST-8E0D21D8A41728FC,LIST-38B24DB6BAB7A1F3,IE00BL0L0H60,FBT,A2R_CANONICAL_SELECTION,False,,,False,1,PRICE_NOT_AVAILABLE,YES_SAME_A2R_ECONOMIC_FAMILY,RESET_OR_ENDPOINT_UNAVAILABLE,NO
2023-10-13,GLOBAL_BIOTECHNOLOGY,LIST-38B24DB6BAB7A1F3,LIST-8E0D21D8A41728FC,IE00BQ70R696,SBIO,A2R_CANONICAL_SELECTION,True,2023-10-12,1.0,False,1,EXACT_PREVIOUS_XLON_SESSION_ENDPOINT,YES_SAME_A2R_ECONOMIC_FAMILY,RESET_OR_ENDPOINT_UNAVAILABLE,NO
2023-10-16,GLOBAL_BIOTECHNOLOGY,LIST-8E0D21D8A41728FC,LIST-38B24DB6BAB7A1F3,IE00BL0L0H60,FBT,A2R_CANONICAL_SELECTION,True,2023-10-13,1.0,True,1,SEMANTICALLY_IDENTICAL_IMPLEMENTATION_TRANSITION,YES_SAME_A2R_ECONOMIC_FAMILY,CONTINUE,NO
2023-10-18,GLOBAL_BIOTECHNOLOGY,LIST-38B24DB6BAB7A1F3,LIST-8E0D21D8A41728FC,IE00BQ70R696,SBIO,A2R_CANONICAL_SELECTION,True,2023-10-17,1.0,True,1,SEMANTICALLY_IDENTICAL_IMPLEMENTATION_TRANSITION,YES_SAME_A2R_ECONOMIC_FAMILY,CONTINUE,NO
2023-10-19,GLOBAL_BIOTECHNOLOGY,LIST-8E0D21D8A41728FC,LIST-38B24DB6BAB7A1F3,IE00BL0L0H60,FBT,A2R_CANONICAL_SELECTION,True,2023-10-18,1.0,True,1,SEMANTICALLY_IDENTICAL_IMPLEMENTATION_TRANSITION,YES_SAME_A2R_ECONOMIC_FAMILY,CONTINUE,NO
2023-10-23,GLOBAL_BIOTECHNOLOGY,LIST-38B24DB6BAB7A1F3,LIST-8E0D21D8A41728FC,IE00BQ70R696,SBIO,A2R_CANONICAL_SELECTION,True,2023-10-20,1.0,True,1,SEMANTICALLY_IDENTICAL_IMPLEMENTATION_TRANSITION,YES_SAME_A2R_ECONOMIC_FAMILY,CONTINUE,NO
2023-10-26,GLOBAL_BIOTECHNOLOGY,LIST-8E0D21D8A41728FC,LIST-38B24DB6BAB7A1F3,IE00BL0L0H60,FBT,A2R_CANONICAL_SELECTION,True,2023-10-25,1.0,True,1,SEMANTICALLY_IDENTICAL_IMPLEMENTATION_TRANSITION,YES_SAME_A2R_ECONOMIC_FAMILY,CONTINUE,NO
2023-10-31,GLOBAL_BIOTECHNOLOGY,LIST-38B24DB6BAB7A1F3,LIST-8E0D21D8A41728FC,IE00BQ70R696,SBIO,A2R_CANONICAL_SELECTION,True,2023-10-30,1.0,True,1,SEMANTICALLY_IDENTICAL_IMPLEMENTATION_TRANSITION,YES_SAME_A2R_ECONOMIC_FAMILY,CONTINUE,NO
2023-11-01,GLOBAL_BIOTECHNOLOGY,LIST-8E0D21D8A41728FC,LIST-38B24DB6BAB7A1F3,IE00BL0L0H60,FBT,A2R_CANONICAL_SELECTION,False,,,False,1,PRICE_NOT_AVAILABLE,YES_SAME_A2R_ECONOMIC_FAMILY,RESET_OR_ENDPOINT_UNAVAILABLE,NO
2023-11-02,GLOBAL_BIOTECHNOLOGY,LIST-38B24DB6BAB7A1F3,LIST-8E0D21D8A41728FC,IE00BQ70R696,SBIO,A2R_CANONICAL_SELECTION,True,2023-11-01,1.0,False,1,EXACT_PREVIOUS_XLON_SESSION_ENDPOINT,YES_SAME_A2R_ECONOMIC_FAMILY,RESET_OR_ENDPOINT_UNAVAILABLE,NO
2023-11-06,GLOBAL_BIOTECHNOLOGY,LIST-8E0D21D8A41728FC,LIST-38B24DB6BAB7A1F3,IE00BL0L0H60,FBT,A2R_CANONICAL_SELECTION,False,,,False,1,PRICE_NOT_AVAILABLE,YES_SAME_A2R_ECONOMIC_FAMILY,RESET_OR_ENDPOINT_UNAVAILABLE,NO
2023-11-07,GLOBAL_BIOTECHNOLOGY,LIST-38B24DB6BAB7A1F3,LIST-8E0D21D8A41728FC,IE00BQ70R696,SBIO,A2R_CANONICAL_SELECTION,True,2023-11-06,1.0,False,1,EXACT_PREVIOUS_XLON_SESSION_ENDPOINT,YES_SAME_A2R_ECONOMIC_FAMILY,RESET_OR_ENDPOINT_UNAVAILABLE,NO
2023-11-10,GLOBAL_BIOTECHNOLOGY,LIST-8E0D21D8A41728FC,LIST-38B24DB6BAB7A1F3,IE00BL0L0H60,FBT,A2R_CANONICAL_SELECTION,True,2023-11-09,1.0,True,1,SEMANTICALLY_IDENTICAL_IMPLEMENTATION_TRANSITION,YES_SAME_A2R_ECONOMIC_FAMILY,CONTINUE,NO
2023-11-14,GLOBAL_BIOTECHNOLOGY,LIST-38B24DB6BAB7A1F3,LIST-8E0D21D8A41728FC,IE00BQ70R696,SBIO,A2R_CANONICAL_SELECTION,True,2023-11-13,1.0,True,1,SEMANTICALLY_IDENTICAL_IMPLEMENTATION_TRANSITION,YES_SAME_A2R_ECONOMIC_FAMILY,CONTINUE,NO
2023-11-15,GLOBAL_BIOTECHNOLOGY,LIST-8E0D21D8A41728FC,LIST-38B24DB6BAB7A1F3,IE00BL0L0H60,FBT,A2R_CANONICAL_SELECTION,True,2023-11-14,1.0,True,1,SEMANTICALLY_IDENTICAL_IMPLEMENTATION_TRANSITION,YES_SAME_A2R_ECONOMIC_FAMILY,CONTINUE,NO
2023-11-20,GLOBAL_BIOTECHNOLOGY,LIST-38B24DB6BAB7A1F3,LIST-8E0D21D8A41728FC,IE00BQ70R696,SBIO,A2R_CANONICAL_SELECTION,True,2023-11-17,1.0,True,1,SEMANTICALLY_IDENTICAL_IMPLEMENTATION_TRANSITION,YES_SAME_A2R_ECONOMIC_FAMILY,CONTINUE,NO
2023-11-22,GLOBAL_BIOTECHNOLOGY,LIST-8E0D21D8A41728FC,LIST-38B24DB6BAB7A1F3,IE00BL0L0H60,FBT,A2R_CANONICAL_SELECTION,True,2023-11-21,1.0,True,1,SEMANTICALLY_IDENTICAL_IMPLEMENTATION_TRANSITION,YES_SAME_A2R_ECONOMIC_FAMILY,CONTINUE,NO
2023-11-24,GLOBAL_BIOTECHNOLOGY,LIST-38B24DB6BAB7A1F3,LIST-8E0D21D8A41728FC,IE00BQ70R696,SBIO,A2R_CANONICAL_SELECTION,True,2023-11-23,1.0,True,1,SEMANTICALLY_IDENTICAL_IMPLEMENTATION_TRANSITION,YES_SAME_A2R_ECONOMIC_FAMILY,CONTINUE,NO
2023-11-28,GLOBAL_BIOTECHNOLOGY,LIST-8E0D21D8A41728FC,LIST-38B24DB6BAB7A1F3,IE00BL0L0H60,FBT,A2R_CANONICAL_SELECTION,True,2023-11-27,1.0,True,1,SEMANTICALLY_IDENTICAL_IMPLEMENTATION_TRANSITION,YES_SAME_A2R_ECONOMIC_FAMILY,CONTINUE,NO
2023-12-05,GLOBAL_BIOTECHNOLOGY,LIST-38B24DB6BAB7A1F3,LIST-8E0D21D8A41728FC,IE00BQ70R696,SBIO,A2R_CANONICAL_SELECTION,True,2023-12-04,1.0,True,1,SEMANTICALLY_IDENTICAL_IMPLEMENTATION_TRANSITION,YES_SAME_A2R_ECONOMIC_FAMILY,CONTINUE,NO
2023-12-06,GLOBAL_BIOTECHNOLOGY,LIST-8E0D21D8A41728FC,LIST-38B24DB6BAB7A1F3,IE00BL0L0H60,FBT,A2R_CANONICAL_SELECTION,True,2023-12-05,1.0,True,1,SEMANTICALLY_IDENTICAL_IMPLEMENTATION_TRANSITION,YES_SAME_A2R_ECONOMIC_FAMILY,CONTINUE,NO
2023-12-12,GLOBAL_BIOTECHNOLOGY,LIST-38B24DB6BAB7A1F3,LIST-8E0D21D8A41728FC,IE00BQ70R696,SBIO,A2R_CANONICAL_SELECTION,True,2023-12-11,1.0,True,1,SEMANTICALLY_IDENTICAL_IMPLEMENTATION_TRANSITION,YES_SAME_A2R_ECONOMIC_FAMILY,CONTINUE,NO
2023-12-13,GLOBAL_BIOTECHNOLOGY,LIST-8E0D21D8A41728FC,LIST-38B24DB6BAB7A1F3,IE00BL0L0H60,FBT,A2R_CANONICAL_SELECTION,False,,,False,1,PRICE_NOT_AVAILABLE,YES_SAME_A2R_ECONOMIC_FAMILY,RESET_OR_ENDPOINT_UNAVAILABLE,NO
2023-12-14,GLOBAL_BIOTECHNOLOGY,LIST-38B24DB6BAB7A1F3,LIST-8E0D21D8A41728FC,IE00BQ70R696,SBIO,A2R_CANONICAL_SELECTION,True,2023-12-13,1.0,False,1,EXACT_PREVIOUS_XLON_SESSION_ENDPOINT,YES_SAME_A2R_ECONOMIC_FAMILY,RESET_OR_ENDPOINT_UNAVAILABLE,NO
2023-12-15,GLOBAL_BIOTECHNOLOGY,LIST-8E0D21D8A41728FC,LIST-38B24DB6BAB7A1F3,IE00BL0L0H60,FBT,A2R_CANONICAL_SELECTION,True,2023-12-14,1.0,True,1,SEMANTICALLY_IDENTICAL_IMPLEMENTATION_TRANSITION,YES_SAME_A2R_ECONOMIC_FAMILY,CONTINUE,NO
2023-12-21,GLOBAL_BIOTECHNOLOGY,LIST-38B24DB6BAB7A1F3,LIST-8E0D21D8A41728FC,IE00BQ70R696,SBIO,A2R_CANONICAL_SELECTION,True,2023-12-20,1.0,True,1,SEMANTICALLY_IDENTICAL_IMPLEMENTATION_TRANSITION,YES_SAME_A2R_ECONOMIC_FAMILY,CONTINUE,NO
2023-12-22,GLOBAL_BIOTECHNOLOGY,LIST-8E0D21D8A41728FC,LIST-38B24DB6BAB7A1F3,IE00BL0L0H60,FBT,A2R_CANONICAL_SELECTION,True,2023-12-21,1.0,True,1,SEMANTICALLY_IDENTICAL_IMPLEMENTATION_TRANSITION,YES_SAME_A2R_ECONOMIC_FAMILY,CONTINUE,NO
2023-12-28,GLOBAL_BIOTECHNOLOGY,LIST-38B24DB6BAB7A1F3,LIST-8E0D21D8A41728FC,IE00BQ70R696,SBIO,A2R_CANONICAL_SELECTION,True,2023-12-27,1.0,True,1,SEMANTICALLY_IDENTICAL_IMPLEMENTATION_TRANSITION,YES_SAME_A2R_ECONOMIC_FAMILY,CONTINUE,NO
2023-12-29,GLOBAL_BIOTECHNOLOGY,LIST-8E0D21D8A41728FC,LIST-38B24DB6BAB7A1F3,IE00BL0L0H60,FBT,A2R_CANONICAL_SELECTION,False,,,False,1,PRICE_NOT_AVAILABLE,YES_SAME_A2R_ECONOMIC_FAMILY,RESET_OR_ENDPOINT_UNAVAILABLE,NO
2024-01-02,GLOBAL_BIOTECHNOLOGY,LIST-38B24DB6BAB7A1F3,LIST-8E0D21D8A41728FC,IE00BQ70R696,SBIO,A2R_CANONICAL_SELECTION,True,2023-12-29,1.0,False,1,EXACT_PREVIOUS_XLON_SESSION_ENDPOINT,YES_SAME_A2R_ECONOMIC_FAMILY,RESET_OR_ENDPOINT_UNAVAILABLE,NO
2024-01-03,GLOBAL_BIOTECHNOLOGY,LIST-8E0D21D8A41728FC,LIST-38B24DB6BAB7A1F3,IE00BL0L0H60,FBT,A2R_CANONICAL_SELECTION,True,2024-01-02,1.0,True,1,SEMANTICALLY_IDENTICAL_IMPLEMENTATION_TRANSITION,YES_SAME_A2R_ECONOMIC_FAMILY,CONTINUE,NO
2024-01-09,GLOBAL_BIOTECHNOLOGY,LIST-38B24DB6BAB7A1F3,LIST-8E0D21D8A41728FC,IE00BQ70R696,SBIO,A2R_CANONICAL_SELECTION,True,2024-01-08,1.0,True,1,SEMANTICALLY_IDENTICAL_IMPLEMENTATION_TRANSITION,YES_SAME_A2R_ECONOMIC_FAMILY,CONTINUE,NO
2024-01-10,GLOBAL_BIOTECHNOLOGY,LIST-8E0D21D8A41728FC,LIST-38B24DB6BAB7A1F3,IE00BL0L0H60,FBT,A2R_CANONICAL_SELECTION,True,2024-01-09,1.0,True,1,SEMANTICALLY_IDENTICAL_IMPLEMENTATION_TRANSITION,YES_SAME_A2R_ECONOMIC_FAMILY,CONTINUE,NO
2024-01-17,GLOBAL_BIOTECHNOLOGY,LIST-38B24DB6BAB7A1F3,LIST-8E0D21D8A41728FC,IE00BQ70R696,SBIO,A2R_CANONICAL_SELECTION,True,2024-01-16,1.0,True,1,SEMANTICALLY_IDENTICAL_IMPLEMENTATION_TRANSITION,YES_SAME_A2R_ECONOMIC_FAMILY,CONTINUE,NO
2024-01-18,GLOBAL_BIOTECHNOLOGY,LIST-8E0D21D8A41728FC,LIST-38B24DB6BAB7A1F3,IE00BL0L0H60,FBT,A2R_CANONICAL_SELECTION,False,,,False,1,PRICE_NOT_AVAILABLE,YES_SAME_A2R_ECONOMIC_FAMILY,RESET_OR_ENDPOINT_UNAVAILABLE,NO
2024-01-19,GLOBAL_BIOTECHNOLOGY,LIST-38B24DB6BAB7A1F3,LIST-8E0D21D8A41728FC,IE00BQ70R696,SBIO,A2R_CANONICAL_SELECTION,True,2024-01-18,1.0,False,1,EXACT_PREVIOUS_XLON_SESSION_ENDPOINT,YES_SAME_A2R_ECONOMIC_FAMILY,RESET_OR_ENDPOINT_UNAVAILABLE,NO
2024-01-22,GLOBAL_BIOTECHNOLOGY,LIST-8E0D21D8A41728FC,LIST-38B24DB6BAB7A1F3,IE00BL0L0H60,FBT,A2R_CANONICAL_SELECTION,False,,,False,1,PRICE_NOT_AVAILABLE,YES_SAME_A2R_ECONOMIC_FAMILY,RESET_OR_ENDPOINT_UNAVAILABLE,NO
2024-01-23,GLOBAL_BIOTECHNOLOGY,LIST-38B24DB6BAB7A1F3,LIST-8E0D21D8A41728FC,IE00BQ70R696,SBIO,A2R_CANONICAL_SELECTION,True,2024-01-22,1.0,False,1,EXACT_PREVIOUS_XLON_SESSION_ENDPOINT,YES_SAME_A2R_ECONOMIC_FAMILY,RESET_OR_ENDPOINT_UNAVAILABLE,NO
2024-01-24,GLOBAL_BIOTECHNOLOGY,LIST-8E0D21D8A41728FC,LIST-38B24DB6BAB7A1F3,IE00BL0L0H60,FBT,A2R_CANONICAL_SELECTION,False,,,False,1,PRICE_NOT_AVAILABLE,YES_SAME_A2R_ECONOMIC_FAMILY,RESET_OR_ENDPOINT_UNAVAILABLE,NO
2024-01-25,GLOBAL_BIOTECHNOLOGY,LIST-38B24DB6BAB7A1F3,LIST-8E0D21D8A41728FC,IE00BQ70R696,SBIO,A2R_CANONICAL_SELECTION,True,2024-01-24,1.0,False,1,EXACT_PREVIOUS_XLON_SESSION_ENDPOINT,YES_SAME_A2R_ECONOMIC_FAMILY,RESET_OR_ENDPOINT_UNAVAILABLE,NO
2024-01-30,GLOBAL_BIOTECHNOLOGY,LIST-8E0D21D8A41728FC,LIST-38B24DB6BAB7A1F3,IE00BL0L0H60,FBT,A2R_CANONICAL_SELECTION,True,2024-01-29,1.0,True,1,SEMANTICALLY_IDENTICAL_IMPLEMENTATION_TRANSITION,YES_SAME_A2R_ECONOMIC_FAMILY,CONTINUE,NO
2024-02-05,GLOBAL_BIOTECHNOLOGY,LIST-38B24DB6BAB7A1F3,LIST-8E0D21D8A41728FC,IE00BQ70R696,SBIO,A2R_CANONICAL_SELECTION,True,2024-02-02,1.0,True,1,SEMANTICALLY_IDENTICAL_IMPLEMENTATION_TRANSITION,YES_SAME_A2R_ECONOMIC_FAMILY,CONTINUE,NO
2024-02-06,GLOBAL_BIOTECHNOLOGY,LIST-8E0D21D8A41728FC,LIST-38B24DB6BAB7A1F3,IE00BL0L0H60,FBT,A2R_CANONICAL_SELECTION,True,2024-02-05,1.0,True,1,SEMANTICALLY_IDENTICAL_IMPLEMENTATION_TRANSITION,YES_SAME_A2R_ECONOMIC_FAMILY,CONTINUE,NO
2024-02-09,GLOBAL_BIOTECHNOLOGY,LIST-38B24DB6BAB7A1F3,LIST-8E0D21D8A41728FC,IE00BQ70R696,SBIO,A2R_CANONICAL_SELECTION,True,2024-02-08,1.0,True,1,SEMANTICALLY_IDENTICAL_IMPLEMENTATION_TRANSITION,YES_SAME_A2R_ECONOMIC_FAMILY,CONTINUE,NO
2024-02-14,GLOBAL_BIOTECHNOLOGY,LIST-8E0D21D8A41728FC,LIST-38B24DB6BAB7A1F3,IE00BL0L0H60,FBT,A2R_CANONICAL_SELECTION,True,2024-02-13,1.0,True,1,SEMANTICALLY_IDENTICAL_IMPLEMENTATION_TRANSITION,YES_SAME_A2R_ECONOMIC_FAMILY,CONTINUE,NO
2024-02-21,GLOBAL_BIOTECHNOLOGY,LIST-38B24DB6BAB7A1F3,LIST-8E0D21D8A41728FC,IE00BQ70R696,SBIO,A2R_CANONICAL_SELECTION,True,2024-02-20,1.0,True,1,SEMANTICALLY_IDENTICAL_IMPLEMENTATION_TRANSITION,YES_SAME_A2R_ECONOMIC_FAMILY,CONTINUE,NO
2024-02-22,GLOBAL_BIOTECHNOLOGY,LIST-8E0D21D8A41728FC,LIST-38B24DB6BAB7A1F3,IE00BL0L0H60,FBT,A2R_CANONICAL_SELECTION,True,2024-02-21,1.0,True,1,SEMANTICALLY_IDENTICAL_IMPLEMENTATION_TRANSITION,YES_SAME_A2R_ECONOMIC_FAMILY,CONTINUE,NO
2024-02-27,GLOBAL_BIOTECHNOLOGY,LIST-38B24DB6BAB7A1F3,LIST-8E0D21D8A41728FC,IE00BQ70R696,SBIO,A2R_CANONICAL_SELECTION,True,2024-02-26,1.0,True,1,SEMANTICALLY_IDENTICAL_IMPLEMENTATION_TRANSITION,YES_SAME_A2R_ECONOMIC_FAMILY,CONTINUE,NO
2024-02-29,GLOBAL_BIOTECHNOLOGY,LIST-8E0D21D8A41728FC,LIST-38B24DB6BAB7A1F3,IE00BL0L0H60,FBT,A2R_CANONICAL_SELECTION,True,2024-02-28,1.0,True,1,SEMANTICALLY_IDENTICAL_IMPLEMENTATION_TRANSITION,YES_SAME_A2R_ECONOMIC_FAMILY,CONTINUE,NO
2024-03-18,GLOBAL_BIOTECHNOLOGY,LIST-38B24DB6BAB7A1F3,LIST-8E0D21D8A41728FC,IE00BQ70R696,SBIO,A2R_CANONICAL_SELECTION,True,2024-03-15,1.0,True,1,SEMANTICALLY_IDENTICAL_IMPLEMENTATION_TRANSITION,YES_SAME_A2R_ECONOMIC_FAMILY,CONTINUE,NO
2024-03-20,GLOBAL_BIOTECHNOLOGY,LIST-8E0D21D8A41728FC,LIST-38B24DB6BAB7A1F3,IE00BL0L0H60,FBT,A2R_CANONICAL_SELECTION,True,2024-03-19,1.0,True,1,SEMANTICALLY_IDENTICAL_IMPLEMENTATION_TRANSITION,YES_SAME_A2R_ECONOMIC_FAMILY,CONTINUE,NO
2024-03-25,GLOBAL_BIOTECHNOLOGY,LIST-38B24DB6BAB7A1F3,LIST-8E0D21D8A41728FC,IE00BQ70R696,SBIO,A2R_CANONICAL_SELECTION,True,2024-03-22,1.0,True,1,SEMANTICALLY_IDENTICAL_IMPLEMENTATION_TRANSITION,YES_SAME_A2R_ECONOMIC_FAMILY,CONTINUE,NO
2024-03-26,GLOBAL_BIOTECHNOLOGY,LIST-8E0D21D8A41728FC,LIST-38B24DB6BAB7A1F3,IE00BL0L0H60,FBT,A2R_CANONICAL_SELECTION,True,2024-03-25,1.0,True,1,SEMANTICALLY_IDENTICAL_IMPLEMENTATION_TRANSITION,YES_SAME_A2R_ECONOMIC_FAMILY,CONTINUE,NO
2024-04-11,GLOBAL_BIOTECHNOLOGY,LIST-38B24DB6BAB7A1F3,LIST-8E0D21D8A41728FC,IE00BQ70R696,SBIO,A2R_CANONICAL_SELECTION,True,2024-04-10,1.0,True,1,SEMANTICALLY_IDENTICAL_IMPLEMENTATION_TRANSITION,YES_SAME_A2R_ECONOMIC_FAMILY,CONTINUE,NO
2024-04-12,GLOBAL_BIOTECHNOLOGY,LIST-8E0D21D8A41728FC,LIST-38B24DB6BAB7A1F3,IE00BL0L0H60,FBT,A2R_CANONICAL_SELECTION,True,2024-04-11,1.0,True,1,SEMANTICALLY_IDENTICAL_IMPLEMENTATION_TRANSITION,YES_SAME_A2R_ECONOMIC_FAMILY,CONTINUE,NO
2024-04-22,GLOBAL_BIOTECHNOLOGY,LIST-38B24DB6BAB7A1F3,LIST-8E0D21D8A41728FC,IE00BQ70R696,SBIO,A2R_CANONICAL_SELECTION,True,2024-04-19,1.0,True,1,SEMANTICALLY_IDENTICAL_IMPLEMENTATION_TRANSITION,YES_SAME_A2R_ECONOMIC_FAMILY,CONTINUE,NO
2024-04-23,GLOBAL_BIOTECHNOLOGY,LIST-8E0D21D8A41728FC,LIST-38B24DB6BAB7A1F3,IE00BL0L0H60,FBT,A2R_CANONICAL_SELECTION,True,2024-04-22,1.0,True,1,SEMANTICALLY_IDENTICAL_IMPLEMENTATION_TRANSITION,YES_SAME_A2R_ECONOMIC_FAMILY,CONTINUE,NO
2024-04-25,GLOBAL_BIOTECHNOLOGY,LIST-38B24DB6BAB7A1F3,LIST-8E0D21D8A41728FC,IE00BQ70R696,SBIO,A2R_CANONICAL_SELECTION,True,2024-04-24,1.0,True,1,SEMANTICALLY_IDENTICAL_IMPLEMENTATION_TRANSITION,YES_SAME_A2R_ECONOMIC_FAMILY,CONTINUE,NO
2024-04-29,GLOBAL_BIOTECHNOLOGY,LIST-8E0D21D8A41728FC,LIST-38B24DB6BAB7A1F3,IE00BL0L0H60,FBT,A2R_CANONICAL_SELECTION,False,,,False,1,PRICE_NOT_AVAILABLE,YES_SAME_A2R_ECONOMIC_FAMILY,RESET_OR_ENDPOINT_UNAVAILABLE,NO
2024-04-30,GLOBAL_BIOTECHNOLOGY,LIST-38B24DB6BAB7A1F3,LIST-8E0D21D8A41728FC,IE00BQ70R696,SBIO,A2R_CANONICAL_SELECTION,True,2024-04-29,1.0,False,1,EXACT_PREVIOUS_XLON_SESSION_ENDPOINT,YES_SAME_A2R_ECONOMIC_FAMILY,RESET_OR_ENDPOINT_UNAVAILABLE,NO
2024-05-01,GLOBAL_BIOTECHNOLOGY,LIST-8E0D21D8A41728FC,LIST-38B24DB6BAB7A1F3,IE00BL0L0H60,FBT,A2R_CANONICAL_SELECTION,True,2024-04-30,1.0,True,1,SEMANTICALLY_IDENTICAL_IMPLEMENTATION_TRANSITION,YES_SAME_A2R_ECONOMIC_FAMILY,CONTINUE,NO
2024-05-03,GLOBAL_BIOTECHNOLOGY,LIST-38B24DB6BAB7A1F3,LIST-8E0D21D8A41728FC,IE00BQ70R696,SBIO,A2R_CANONICAL_SELECTION,True,2024-05-02,1.0,True,1,SEMANTICALLY_IDENTICAL_IMPLEMENTATION_TRANSITION,YES_SAME_A2R_ECONOMIC_FAMILY,CONTINUE,NO
2024-05-08,GLOBAL_BIOTECHNOLOGY,LIST-8E0D21D8A41728FC,LIST-38B24DB6BAB7A1F3,IE00BL0L0H60,FBT,A2R_CANONICAL_SELECTION,False,,,False,1,PRICE_NOT_AVAILABLE,YES_SAME_A2R_ECONOMIC_FAMILY,RESET_OR_ENDPOINT_UNAVAILABLE,NO
2024-05-09,GLOBAL_BIOTECHNOLOGY,LIST-38B24DB6BAB7A1F3,LIST-8E0D21D8A41728FC,IE00BQ70R696,SBIO,A2R_CANONICAL_SELECTION,True,2024-05-08,1.0,False,1,EXACT_PREVIOUS_XLON_SESSION_ENDPOINT,YES_SAME_A2R_ECONOMIC_FAMILY,RESET_OR_ENDPOINT_UNAVAILABLE,NO
2024-05-13,GLOBAL_BIOTECHNOLOGY,LIST-8E0D21D8A41728FC,LIST-38B24DB6BAB7A1F3,IE00BL0L0H60,FBT,A2R_CANONICAL_SELECTION,True,2024-05-10,1.0,True,1,SEMANTICALLY_IDENTICAL_IMPLEMENTATION_TRANSITION,YES_SAME_A2R_ECONOMIC_FAMILY,CONTINUE,NO
2024-05-15,GLOBAL_BIOTECHNOLOGY,LIST-38B24DB6BAB7A1F3,LIST-8E0D21D8A41728FC,IE00BQ70R696,SBIO,A2R_CANONICAL_SELECTION,True,2024-05-14,1.0,True,1,SEMANTICALLY_IDENTICAL_IMPLEMENTATION_TRANSITION,YES_SAME_A2R_ECONOMIC_FAMILY,CONTINUE,NO
2024-05-17,GLOBAL_BIOTECHNOLOGY,LIST-8E0D21D8A41728FC,LIST-38B24DB6BAB7A1F3,IE00BL0L0H60,FBT,A2R_CANONICAL_SELECTION,True,2024-05-16,1.0,True,1,SEMANTICALLY_IDENTICAL_IMPLEMENTATION_TRANSITION,YES_SAME_A2R_ECONOMIC_FAMILY,CONTINUE,NO
2024-05-21,GLOBAL_BIOTECHNOLOGY,LIST-38B24DB6BAB7A1F3,LIST-8E0D21D8A41728FC,IE00BQ70R696,SBIO,A2R_CANONICAL_SELECTION,True,2024-05-20,1.0,True,1,SEMANTICALLY_IDENTICAL_IMPLEMENTATION_TRANSITION,YES_SAME_A2R_ECONOMIC_FAMILY,CONTINUE,NO
2024-05-22,GLOBAL_BIOTECHNOLOGY,LIST-8E0D21D8A41728FC,LIST-38B24DB6BAB7A1F3,IE00BL0L0H60,FBT,A2R_CANONICAL_SELECTION,False,,,False,1,PRICE_NOT_AVAILABLE,YES_SAME_A2R_ECONOMIC_FAMILY,RESET_OR_ENDPOINT_UNAVAILABLE,NO
2024-05-23,GLOBAL_BIOTECHNOLOGY,LIST-38B24DB6BAB7A1F3,LIST-8E0D21D8A41728FC,IE00BQ70R696,SBIO,A2R_CANONICAL_SELECTION,True,2024-05-22,1.0,False,1,EXACT_PREVIOUS_XLON_SESSION_ENDPOINT,YES_SAME_A2R_ECONOMIC_FAMILY,RESET_OR_ENDPOINT_UNAVAILABLE,NO
2024-05-29,GLOBAL_BIOTECHNOLOGY,LIST-8E0D21D8A41728FC,LIST-38B24DB6BAB7A1F3,IE00BL0L0H60,FBT,A2R_CANONICAL_SELECTION,True,2024-05-28,1.0,True,1,SEMANTICALLY_IDENTICAL_IMPLEMENTATION_TRANSITION,YES_SAME_A2R_ECONOMIC_FAMILY,CONTINUE,NO
2024-05-31,GLOBAL_BIOTECHNOLOGY,LIST-38B24DB6BAB7A1F3,LIST-8E0D21D8A41728FC,IE00BQ70R696,SBIO,A2R_CANONICAL_SELECTION,True,2024-05-30,1.0,True,1,SEMANTICALLY_IDENTICAL_IMPLEMENTATION_TRANSITION,YES_SAME_A2R_ECONOMIC_FAMILY,CONTINUE,NO
2024-06-03,GLOBAL_BIOTECHNOLOGY,LIST-8E0D21D8A41728FC,LIST-38B24DB6BAB7A1F3,IE00BL0L0H60,FBT,A2R_CANONICAL_SELECTION,True,2024-05-31,1.0,True,1,SEMANTICALLY_IDENTICAL_IMPLEMENTATION_TRANSITION,YES_SAME_A2R_ECONOMIC_FAMILY,CONTINUE,NO
2024-06-10,GLOBAL_BIOTECHNOLOGY,LIST-38B24DB6BAB7A1F3,LIST-8E0D21D8A41728FC,IE00BQ70R696,SBIO,A2R_CANONICAL_SELECTION,True,2024-06-07,1.0,True,1,SEMANTICALLY_IDENTICAL_IMPLEMENTATION_TRANSITION,YES_SAME_A2R_ECONOMIC_FAMILY,CONTINUE,NO
2024-06-17,GLOBAL_BIOTECHNOLOGY,LIST-8E0D21D8A41728FC,LIST-38B24DB6BAB7A1F3,IE00BL0L0H60,FBT,A2R_CANONICAL_SELECTION,True,2024-06-14,1.0,True,1,SEMANTICALLY_IDENTICAL_IMPLEMENTATION_TRANSITION,YES_SAME_A2R_ECONOMIC_FAMILY,CONTINUE,NO
2024-06-19,GLOBAL_BIOTECHNOLOGY,LIST-38B24DB6BAB7A1F3,LIST-8E0D21D8A41728FC,IE00BQ70R696,SBIO,A2R_CANONICAL_SELECTION,True,2024-06-18,1.0,True,1,SEMANTICALLY_IDENTICAL_IMPLEMENTATION_TRANSITION,YES_SAME_A2R_ECONOMIC_FAMILY,CONTINUE,NO
2024-06-21,GLOBAL_BIOTECHNOLOGY,LIST-8E0D21D8A41728FC,LIST-38B24DB6BAB7A1F3,IE00BL0L0H60,FBT,A2R_CANONICAL_SELECTION,False,,,False,1,PRICE_NOT_AVAILABLE,YES_SAME_A2R_ECONOMIC_FAMILY,RESET_OR_ENDPOINT_UNAVAILABLE,NO
2024-06-24,GLOBAL_BIOTECHNOLOGY,LIST-38B24DB6BAB7A1F3,LIST-8E0D21D8A41728FC,IE00BQ70R696,SBIO,A2R_CANONICAL_SELECTION,True,2024-06-21,1.0,False,1,EXACT_PREVIOUS_XLON_SESSION_ENDPOINT,YES_SAME_A2R_ECONOMIC_FAMILY,RESET_OR_ENDPOINT_UNAVAILABLE,NO
2024-06-25,GLOBAL_BIOTECHNOLOGY,LIST-8E0D21D8A41728FC,LIST-38B24DB6BAB7A1F3,IE00BL0L0H60,FBT,A2R_CANONICAL_SELECTION,False,,,False,1,PRICE_NOT_AVAILABLE,YES_SAME_A2R_ECONOMIC_FAMILY,RESET_OR_ENDPOINT_UNAVAILABLE,NO
2024-06-26,GLOBAL_BIOTECHNOLOGY,LIST-38B24DB6BAB7A1F3,LIST-8E0D21D8A41728FC,IE00BQ70R696,SBIO,A2R_CANONICAL_SELECTION,True,2024-06-25,1.0,False,1,EXACT_PREVIOUS_XLON_SESSION_ENDPOINT,YES_SAME_A2R_ECONOMIC_FAMILY,RESET_OR_ENDPOINT_UNAVAILABLE,NO
2024-06-27,GLOBAL_BIOTECHNOLOGY,LIST-8E0D21D8A41728FC,LIST-38B24DB6BAB7A1F3,IE00BL0L0H60,FBT,A2R_CANONICAL_SELECTION,True,2024-06-26,1.0,True,1,SEMANTICALLY_IDENTICAL_IMPLEMENTATION_TRANSITION,YES_SAME_A2R_ECONOMIC_FAMILY,CONTINUE,NO
2024-07-03,GLOBAL_BIOTECHNOLOGY,LIST-38B24DB6BAB7A1F3,LIST-8E0D21D8A41728FC,IE00BQ70R696,SBIO,A2R_CANONICAL_SELECTION,True,2024-07-02,1.0,True,1,SEMANTICALLY_IDENTICAL_IMPLEMENTATION_TRANSITION,YES_SAME_A2R_ECONOMIC_FAMILY,CONTINUE,NO
2024-07-04,GLOBAL_BIOTECHNOLOGY,LIST-8E0D21D8A41728FC,LIST-38B24DB6BAB7A1F3,IE00BL0L0H60,FBT,A2R_CANONICAL_SELECTION,True,2024-07-03,1.0,True,1,SEMANTICALLY_IDENTICAL_IMPLEMENTATION_TRANSITION,YES_SAME_A2R_ECONOMIC_FAMILY,CONTINUE,NO
2024-07-08,GLOBAL_BIOTECHNOLOGY,LIST-38B24DB6BAB7A1F3,LIST-8E0D21D8A41728FC,IE00BQ70R696,SBIO,A2R_CANONICAL_SELECTION,True,2024-07-05,1.0,True,1,SEMANTICALLY_IDENTICAL_IMPLEMENTATION_TRANSITION,YES_SAME_A2R_ECONOMIC_FAMILY,CONTINUE,NO
2024-07-09,GLOBAL_BIOTECHNOLOGY,LIST-8E0D21D8A41728FC,LIST-38B24DB6BAB7A1F3,IE00BL0L0H60,FBT,A2R_CANONICAL_SELECTION,True,2024-07-08,1.0,True,1,SEMANTICALLY_IDENTICAL_IMPLEMENTATION_TRANSITION,YES_SAME_A2R_ECONOMIC_FAMILY,CONTINUE,NO
2024-07-15,GLOBAL_BIOTECHNOLOGY,LIST-38B24DB6BAB7A1F3,LIST-8E0D21D8A41728FC,IE00BQ70R696,SBIO,A2R_CANONICAL_SELECTION,True,2024-07-12,1.0,True,1,SEMANTICALLY_IDENTICAL_IMPLEMENTATION_TRANSITION,YES_SAME_A2R_ECONOMIC_FAMILY,CONTINUE,NO
2024-07-16,GLOBAL_BIOTECHNOLOGY,LIST-8E0D21D8A41728FC,LIST-38B24DB6BAB7A1F3,IE00BL0L0H60,FBT,A2R_CANONICAL_SELECTION,False,,,False,1,PRICE_NOT_AVAILABLE,YES_SAME_A2R_ECONOMIC_FAMILY,RESET_OR_ENDPOINT_UNAVAILABLE,NO
2024-07-17,GLOBAL_BIOTECHNOLOGY,LIST-38B24DB6BAB7A1F3,LIST-8E0D21D8A41728FC,IE00BQ70R696,SBIO,A2R_CANONICAL_SELECTION,True,2024-07-16,1.0,False,1,EXACT_PREVIOUS_XLON_SESSION_ENDPOINT,YES_SAME_A2R_ECONOMIC_FAMILY,RESET_OR_ENDPOINT_UNAVAILABLE,NO
2024-07-19,GLOBAL_BIOTECHNOLOGY,LIST-8E0D21D8A41728FC,LIST-38B24DB6BAB7A1F3,IE00BL0L0H60,FBT,A2R_CANONICAL_SELECTION,False,,,False,1,PRICE_NOT_AVAILABLE,YES_SAME_A2R_ECONOMIC_FAMILY,RESET_OR_ENDPOINT_UNAVAILABLE,NO
2024-07-22,GLOBAL_BIOTECHNOLOGY,LIST-38B24DB6BAB7A1F3,LIST-8E0D21D8A41728FC,IE00BQ70R696,SBIO,A2R_CANONICAL_SELECTION,True,2024-07-19,1.0,False,1,EXACT_PREVIOUS_XLON_SESSION_ENDPOINT,YES_SAME_A2R_ECONOMIC_FAMILY,RESET_OR_ENDPOINT_UNAVAILABLE,NO
2024-07-24,GLOBAL_BIOTECHNOLOGY,LIST-8E0D21D8A41728FC,LIST-38B24DB6BAB7A1F3,IE00BL0L0H60,FBT,A2R_CANONICAL_SELECTION,True,2024-07-23,1.0,True,1,SEMANTICALLY_IDENTICAL_IMPLEMENTATION_TRANSITION,YES_SAME_A2R_ECONOMIC_FAMILY,CONTINUE,NO
2024-07-26,GLOBAL_BIOTECHNOLOGY,LIST-38B24DB6BAB7A1F3,LIST-8E0D21D8A41728FC,IE00BQ70R696,SBIO,A2R_CANONICAL_SELECTION,True,2024-07-25,1.0,True,1,SEMANTICALLY_IDENTICAL_IMPLEMENTATION_TRANSITION,YES_SAME_A2R_ECONOMIC_FAMILY,CONTINUE,NO
2024-07-29,GLOBAL_BIOTECHNOLOGY,LIST-8E0D21D8A41728FC,LIST-38B24DB6BAB7A1F3,IE00BL0L0H60,FBT,A2R_CANONICAL_SELECTION,True,2024-07-26,1.0,True,1,SEMANTICALLY_IDENTICAL_IMPLEMENTATION_TRANSITION,YES_SAME_A2R_ECONOMIC_FAMILY,CONTINUE,NO
2024-08-07,GLOBAL_BIOTECHNOLOGY,LIST-38B24DB6BAB7A1F3,LIST-8E0D21D8A41728FC,IE00BQ70R696,SBIO,A2R_CANONICAL_SELECTION,True,2024-08-06,1.0,True,1,SEMANTICALLY_IDENTICAL_IMPLEMENTATION_TRANSITION,YES_SAME_A2R_ECONOMIC_FAMILY,CONTINUE,NO
2024-08-08,GLOBAL_BIOTECHNOLOGY,LIST-8E0D21D8A41728FC,LIST-38B24DB6BAB7A1F3,IE00BL0L0H60,FBT,A2R_CANONICAL_SELECTION,False,,,False,1,PRICE_NOT_AVAILABLE,YES_SAME_A2R_ECONOMIC_FAMILY,RESET_OR_ENDPOINT_UNAVAILABLE,NO
2024-08-09,GLOBAL_BIOTECHNOLOGY,LIST-38B24DB6BAB7A1F3,LIST-8E0D21D8A41728FC,IE00BQ70R696,SBIO,A2R_CANONICAL_SELECTION,True,2024-08-08,1.0,False,1,EXACT_PREVIOUS_XLON_SESSION_ENDPOINT,YES_SAME_A2R_ECONOMIC_FAMILY,RESET_OR_ENDPOINT_UNAVAILABLE,NO
2024-08-12,GLOBAL_BIOTECHNOLOGY,LIST-8E0D21D8A41728FC,LIST-38B24DB6BAB7A1F3,IE00BL0L0H60,FBT,A2R_CANONICAL_SELECTION,True,2024-08-09,1.0,True,1,SEMANTICALLY_IDENTICAL_IMPLEMENTATION_TRANSITION,YES_SAME_A2R_ECONOMIC_FAMILY,CONTINUE,NO
2024-08-15,GLOBAL_BIOTECHNOLOGY,LIST-38B24DB6BAB7A1F3,LIST-8E0D21D8A41728FC,IE00BQ70R696,SBIO,A2R_CANONICAL_SELECTION,True,2024-08-14,1.0,True,1,SEMANTICALLY_IDENTICAL_IMPLEMENTATION_TRANSITION,YES_SAME_A2R_ECONOMIC_FAMILY,CONTINUE,NO
2024-08-16,GLOBAL_BIOTECHNOLOGY,LIST-8E0D21D8A41728FC,LIST-38B24DB6BAB7A1F3,IE00BL0L0H60,FBT,A2R_CANONICAL_SELECTION,False,,,False,1,PRICE_NOT_AVAILABLE,YES_SAME_A2R_ECONOMIC_FAMILY,RESET_OR_ENDPOINT_UNAVAILABLE,NO
2024-08-19,GLOBAL_BIOTECHNOLOGY,LIST-38B24DB6BAB7A1F3,LIST-8E0D21D8A41728FC,IE00BQ70R696,SBIO,A2R_CANONICAL_SELECTION,True,2024-08-16,1.0,False,1,EXACT_PREVIOUS_XLON_SESSION_ENDPOINT,YES_SAME_A2R_ECONOMIC_FAMILY,RESET_OR_ENDPOINT_UNAVAILABLE,NO
2024-08-22,GLOBAL_BIOTECHNOLOGY,LIST-8E0D21D8A41728FC,LIST-38B24DB6BAB7A1F3,IE00BL0L0H60,FBT,A2R_CANONICAL_SELECTION,True,2024-08-21,1.0,True,1,SEMANTICALLY_IDENTICAL_IMPLEMENTATION_TRANSITION,YES_SAME_A2R_ECONOMIC_FAMILY,CONTINUE,NO
2024-08-28,GLOBAL_BIOTECHNOLOGY,LIST-38B24DB6BAB7A1F3,LIST-8E0D21D8A41728FC,IE00BQ70R696,SBIO,A2R_CANONICAL_SELECTION,True,2024-08-27,1.0,True,1,SEMANTICALLY_IDENTICAL_IMPLEMENTATION_TRANSITION,YES_SAME_A2R_ECONOMIC_FAMILY,CONTINUE,NO
2024-08-29,GLOBAL_BIOTECHNOLOGY,LIST-8E0D21D8A41728FC,LIST-38B24DB6BAB7A1F3,IE00BL0L0H60,FBT,A2R_CANONICAL_SELECTION,False,,,False,1,PRICE_NOT_AVAILABLE,YES_SAME_A2R_ECONOMIC_FAMILY,RESET_OR_ENDPOINT_UNAVAILABLE,NO
2024-08-30,GLOBAL_BIOTECHNOLOGY,LIST-38B24DB6BAB7A1F3,LIST-8E0D21D8A41728FC,IE00BQ70R696,SBIO,A2R_CANONICAL_SELECTION,True,2024-08-29,1.0,False,1,EXACT_PREVIOUS_XLON_SESSION_ENDPOINT,YES_SAME_A2R_ECONOMIC_FAMILY,RESET_OR_ENDPOINT_UNAVAILABLE,NO
2024-09-03,GLOBAL_BIOTECHNOLOGY,LIST-8E0D21D8A41728FC,LIST-38B24DB6BAB7A1F3,IE00BL0L0H60,FBT,A2R_CANONICAL_SELECTION,True,2024-09-02,1.0,True,1,SEMANTICALLY_IDENTICAL_IMPLEMENTATION_TRANSITION,YES_SAME_A2R_ECONOMIC_FAMILY,CONTINUE,NO
2024-09-05,GLOBAL_BIOTECHNOLOGY,LIST-38B24DB6BAB7A1F3,LIST-8E0D21D8A41728FC,IE00BQ70R696,SBIO,A2R_CANONICAL_SELECTION,True,2024-09-04,1.0,True,1,SEMANTICALLY_IDENTICAL_IMPLEMENTATION_TRANSITION,YES_SAME_A2R_ECONOMIC_FAMILY,CONTINUE,NO
2024-09-10,GLOBAL_BIOTECHNOLOGY,LIST-8E0D21D8A41728FC,LIST-38B24DB6BAB7A1F3,IE00BL0L0H60,FBT,A2R_CANONICAL_SELECTION,True,2024-09-09,1.0,True,1,SEMANTICALLY_IDENTICAL_IMPLEMENTATION_TRANSITION,YES_SAME_A2R_ECONOMIC_FAMILY,CONTINUE,NO
2024-09-13,GLOBAL_BIOTECHNOLOGY,LIST-38B24DB6BAB7A1F3,LIST-8E0D21D8A41728FC,IE00BQ70R696,SBIO,A2R_CANONICAL_SELECTION,True,2024-09-12,1.0,True,1,SEMANTICALLY_IDENTICAL_IMPLEMENTATION_TRANSITION,YES_SAME_A2R_ECONOMIC_FAMILY,CONTINUE,NO
2024-09-18,GLOBAL_BIOTECHNOLOGY,LIST-8E0D21D8A41728FC,LIST-38B24DB6BAB7A1F3,IE00BL0L0H60,FBT,A2R_CANONICAL_SELECTION,False,,,False,1,PRICE_NOT_AVAILABLE,YES_SAME_A2R_ECONOMIC_FAMILY,RESET_OR_ENDPOINT_UNAVAILABLE,NO
2024-09-19,GLOBAL_BIOTECHNOLOGY,LIST-38B24DB6BAB7A1F3,LIST-8E0D21D8A41728FC,IE00BQ70R696,SBIO,A2R_CANONICAL_SELECTION,True,2024-09-18,1.0,False,1,EXACT_PREVIOUS_XLON_SESSION_ENDPOINT,YES_SAME_A2R_ECONOMIC_FAMILY,RESET_OR_ENDPOINT_UNAVAILABLE,NO
2024-09-23,GLOBAL_BIOTECHNOLOGY,LIST-8E0D21D8A41728FC,LIST-38B24DB6BAB7A1F3,IE00BL0L0H60,FBT,A2R_CANONICAL_SELECTION,True,2024-09-20,1.0,True,1,SEMANTICALLY_IDENTICAL_IMPLEMENTATION_TRANSITION,YES_SAME_A2R_ECONOMIC_FAMILY,CONTINUE,NO
2024-09-30,GLOBAL_BIOTECHNOLOGY,LIST-38B24DB6BAB7A1F3,LIST-8E0D21D8A41728FC,IE00BQ70R696,SBIO,A2R_CANONICAL_SELECTION,True,2024-09-27,1.0,True,1,SEMANTICALLY_IDENTICAL_IMPLEMENTATION_TRANSITION,YES_SAME_A2R_ECONOMIC_FAMILY,CONTINUE,NO
2024-10-01,GLOBAL_BIOTECHNOLOGY,LIST-8E0D21D8A41728FC,LIST-38B24DB6BAB7A1F3,IE00BL0L0H60,FBT,A2R_CANONICAL_SELECTION,True,2024-09-30,1.0,True,1,SEMANTICALLY_IDENTICAL_IMPLEMENTATION_TRANSITION,YES_SAME_A2R_ECONOMIC_FAMILY,CONTINUE,NO
2024-10-08,GLOBAL_BIOTECHNOLOGY,LIST-38B24DB6BAB7A1F3,LIST-8E0D21D8A41728FC,IE00BQ70R696,SBIO,A2R_CANONICAL_SELECTION,True,2024-10-07,1.0,True,1,SEMANTICALLY_IDENTICAL_IMPLEMENTATION_TRANSITION,YES_SAME_A2R_ECONOMIC_FAMILY,CONTINUE,NO
2024-10-10,GLOBAL_BIOTECHNOLOGY,LIST-8E0D21D8A41728FC,LIST-38B24DB6BAB7A1F3,IE00BL0L0H60,FBT,A2R_CANONICAL_SELECTION,False,,,False,1,PRICE_NOT_AVAILABLE,YES_SAME_A2R_ECONOMIC_FAMILY,RESET_OR_ENDPOINT_UNAVAILABLE,NO
2024-10-11,GLOBAL_BIOTECHNOLOGY,LIST-38B24DB6BAB7A1F3,LIST-8E0D21D8A41728FC,IE00BQ70R696,SBIO,A2R_CANONICAL_SELECTION,True,2024-10-10,1.0,False,1,EXACT_PREVIOUS_XLON_SESSION_ENDPOINT,YES_SAME_A2R_ECONOMIC_FAMILY,RESET_OR_ENDPOINT_UNAVAILABLE,NO
2024-10-14,GLOBAL_BIOTECHNOLOGY,LIST-8E0D21D8A41728FC,LIST-38B24DB6BAB7A1F3,IE00BL0L0H60,FBT,A2R_CANONICAL_SELECTION,False,,,False,1,PRICE_NOT_AVAILABLE,YES_SAME_A2R_ECONOMIC_FAMILY,RESET_OR_ENDPOINT_UNAVAILABLE,NO
2024-10-15,GLOBAL_BIOTECHNOLOGY,LIST-38B24DB6BAB7A1F3,LIST-8E0D21D8A41728FC,IE00BQ70R696,SBIO,A2R_CANONICAL_SELECTION,True,2024-10-14,1.0,False,1,EXACT_PREVIOUS_XLON_SESSION_ENDPOINT,YES_SAME_A2R_ECONOMIC_FAMILY,RESET_OR_ENDPOINT_UNAVAILABLE,NO
2024-10-16,GLOBAL_BIOTECHNOLOGY,LIST-8E0D21D8A41728FC,LIST-38B24DB6BAB7A1F3,IE00BL0L0H60,FBT,A2R_CANONICAL_SELECTION,False,,,False,1,PRICE_NOT_AVAILABLE,YES_SAME_A2R_ECONOMIC_FAMILY,RESET_OR_ENDPOINT_UNAVAILABLE,NO
2024-10-17,GLOBAL_BIOTECHNOLOGY,LIST-38B24DB6BAB7A1F3,LIST-8E0D21D8A41728FC,IE00BQ70R696,SBIO,A2R_CANONICAL_SELECTION,True,2024-10-16,1.0,False,1,EXACT_PREVIOUS_XLON_SESSION_ENDPOINT,YES_SAME_A2R_ECONOMIC_FAMILY,RESET_OR_ENDPOINT_UNAVAILABLE,NO
2024-10-18,GLOBAL_BIOTECHNOLOGY,LIST-8E0D21D8A41728FC,LIST-38B24DB6BAB7A1F3,IE00BL0L0H60,FBT,A2R_CANONICAL_SELECTION,False,,,False,1,PRICE_NOT_AVAILABLE,YES_SAME_A2R_ECONOMIC_FAMILY,RESET_OR_ENDPOINT_UNAVAILABLE,NO
2024-10-21,GLOBAL_BIOTECHNOLOGY,LIST-38B24DB6BAB7A1F3,LIST-8E0D21D8A41728FC,IE00BQ70R696,SBIO,A2R_CANONICAL_SELECTION,True,2024-10-18,1.0,False,1,EXACT_PREVIOUS_XLON_SESSION_ENDPOINT,YES_SAME_A2R_ECONOMIC_FAMILY,RESET_OR_ENDPOINT_UNAVAILABLE,NO
2024-10-29,GLOBAL_BIOTECHNOLOGY,LIST-8E0D21D8A41728FC,LIST-38B24DB6BAB7A1F3,IE00BL0L0H60,FBT,A2R_CANONICAL_SELECTION,True,2024-10-28,1.0,True,1,SEMANTICALLY_IDENTICAL_IMPLEMENTATION_TRANSITION,YES_SAME_A2R_ECONOMIC_FAMILY,CONTINUE,NO
2024-10-31,GLOBAL_BIOTECHNOLOGY,LIST-38B24DB6BAB7A1F3,LIST-8E0D21D8A41728FC,IE00BQ70R696,SBIO,A2R_CANONICAL_SELECTION,True,2024-10-30,1.0,True,1,SEMANTICALLY_IDENTICAL_IMPLEMENTATION_TRANSITION,YES_SAME_A2R_ECONOMIC_FAMILY,CONTINUE,NO
2024-11-04,GLOBAL_BIOTECHNOLOGY,LIST-8E0D21D8A41728FC,LIST-38B24DB6BAB7A1F3,IE00BL0L0H60,FBT,A2R_CANONICAL_SELECTION,True,2024-11-01,1.0,True,1,SEMANTICALLY_IDENTICAL_IMPLEMENTATION_TRANSITION,YES_SAME_A2R_ECONOMIC_FAMILY,CONTINUE,NO
2024-11-12,GLOBAL_BIOTECHNOLOGY,LIST-38B24DB6BAB7A1F3,LIST-8E0D21D8A41728FC,IE00BQ70R696,SBIO,A2R_CANONICAL_SELECTION,True,2024-11-11,1.0,True,1,SEMANTICALLY_IDENTICAL_IMPLEMENTATION_TRANSITION,YES_SAME_A2R_ECONOMIC_FAMILY,CONTINUE,NO
2024-11-13,GLOBAL_BIOTECHNOLOGY,LIST-8E0D21D8A41728FC,LIST-38B24DB6BAB7A1F3,IE00BL0L0H60,FBT,A2R_CANONICAL_SELECTION,True,2024-11-12,1.0,True,1,SEMANTICALLY_IDENTICAL_IMPLEMENTATION_TRANSITION,YES_SAME_A2R_ECONOMIC_FAMILY,CONTINUE,NO
2024-11-18,GLOBAL_BIOTECHNOLOGY,LIST-38B24DB6BAB7A1F3,LIST-8E0D21D8A41728FC,IE00BQ70R696,SBIO,A2R_CANONICAL_SELECTION,True,2024-11-15,1.0,True,1,SEMANTICALLY_IDENTICAL_IMPLEMENTATION_TRANSITION,YES_SAME_A2R_ECONOMIC_FAMILY,CONTINUE,NO
2024-11-25,GLOBAL_BIOTECHNOLOGY,LIST-8E0D21D8A41728FC,LIST-38B24DB6BAB7A1F3,IE00BL0L0H60,FBT,A2R_CANONICAL_SELECTION,False,,,False,1,PRICE_NOT_AVAILABLE,YES_SAME_A2R_ECONOMIC_FAMILY,RESET_OR_ENDPOINT_UNAVAILABLE,NO
2024-11-26,GLOBAL_BIOTECHNOLOGY,LIST-38B24DB6BAB7A1F3,LIST-8E0D21D8A41728FC,IE00BQ70R696,SBIO,A2R_CANONICAL_SELECTION,True,2024-11-25,1.0,False,1,EXACT_PREVIOUS_XLON_SESSION_ENDPOINT,YES_SAME_A2R_ECONOMIC_FAMILY,RESET_OR_ENDPOINT_UNAVAILABLE,NO
2024-11-27,GLOBAL_BIOTECHNOLOGY,LIST-8E0D21D8A41728FC,LIST-38B24DB6BAB7A1F3,IE00BL0L0H60,FBT,A2R_CANONICAL_SELECTION,True,2024-11-26,1.0,True,1,SEMANTICALLY_IDENTICAL_IMPLEMENTATION_TRANSITION,YES_SAME_A2R_ECONOMIC_FAMILY,CONTINUE,NO
2024-12-04,GLOBAL_BIOTECHNOLOGY,LIST-38B24DB6BAB7A1F3,LIST-8E0D21D8A41728FC,IE00BQ70R696,SBIO,A2R_CANONICAL_SELECTION,True,2024-12-03,1.0,True,1,SEMANTICALLY_IDENTICAL_IMPLEMENTATION_TRANSITION,YES_SAME_A2R_ECONOMIC_FAMILY,CONTINUE,NO
2024-12-05,GLOBAL_BIOTECHNOLOGY,LIST-8E0D21D8A41728FC,LIST-38B24DB6BAB7A1F3,IE00BL0L0H60,FBT,A2R_CANONICAL_SELECTION,False,,,False,1,PRICE_NOT_AVAILABLE,YES_SAME_A2R_ECONOMIC_FAMILY,RESET_OR_ENDPOINT_UNAVAILABLE,NO
2024-12-06,GLOBAL_BIOTECHNOLOGY,LIST-38B24DB6BAB7A1F3,LIST-8E0D21D8A41728FC,IE00BQ70R696,SBIO,A2R_CANONICAL_SELECTION,True,2024-12-05,1.0,False,1,EXACT_PREVIOUS_XLON_SESSION_ENDPOINT,YES_SAME_A2R_ECONOMIC_FAMILY,RESET_OR_ENDPOINT_UNAVAILABLE,NO
2024-12-09,GLOBAL_BIOTECHNOLOGY,LIST-8E0D21D8A41728FC,LIST-38B24DB6BAB7A1F3,IE00BL0L0H60,FBT,A2R_CANONICAL_SELECTION,False,,,False,1,PRICE_NOT_AVAILABLE,YES_SAME_A2R_ECONOMIC_FAMILY,RESET_OR_ENDPOINT_UNAVAILABLE,NO
2024-12-10,GLOBAL_BIOTECHNOLOGY,LIST-38B24DB6BAB7A1F3,LIST-8E0D21D8A41728FC,IE00BQ70R696,SBIO,A2R_CANONICAL_SELECTION,True,2024-12-09,1.0,False,1,EXACT_PREVIOUS_XLON_SESSION_ENDPOINT,YES_SAME_A2R_ECONOMIC_FAMILY,RESET_OR_ENDPOINT_UNAVAILABLE,NO
2024-12-12,GLOBAL_BIOTECHNOLOGY,LIST-8E0D21D8A41728FC,LIST-38B24DB6BAB7A1F3,IE00BL0L0H60,FBT,A2R_CANONICAL_SELECTION,False,,,False,1,PRICE_NOT_AVAILABLE,YES_SAME_A2R_ECONOMIC_FAMILY,RESET_OR_ENDPOINT_UNAVAILABLE,NO
2024-12-13,GLOBAL_BIOTECHNOLOGY,LIST-38B24DB6BAB7A1F3,LIST-8E0D21D8A41728FC,IE00BQ70R696,SBIO,A2R_CANONICAL_SELECTION,True,2024-12-12,1.0,False,1,EXACT_PREVIOUS_XLON_SESSION_ENDPOINT,YES_SAME_A2R_ECONOMIC_FAMILY,RESET_OR_ENDPOINT_UNAVAILABLE,NO
2024-12-18,GLOBAL_BIOTECHNOLOGY,LIST-8E0D21D8A41728FC,LIST-38B24DB6BAB7A1F3,IE00BL0L0H60,FBT,A2R_CANONICAL_SELECTION,True,2024-12-17,1.0,True,1,SEMANTICALLY_IDENTICAL_IMPLEMENTATION_TRANSITION,YES_SAME_A2R_ECONOMIC_FAMILY,CONTINUE,NO
2024-12-20,GLOBAL_BIOTECHNOLOGY,LIST-38B24DB6BAB7A1F3,LIST-8E0D21D8A41728FC,IE00BQ70R696,SBIO,A2R_CANONICAL_SELECTION,True,2024-12-19,1.0,True,1,SEMANTICALLY_IDENTICAL_IMPLEMENTATION_TRANSITION,YES_SAME_A2R_ECONOMIC_FAMILY,CONTINUE,NO
2024-12-30,GLOBAL_BIOTECHNOLOGY,LIST-8E0D21D8A41728FC,LIST-38B24DB6BAB7A1F3,IE00BL0L0H60,FBT,A2R_CANONICAL_SELECTION,False,,,False,1,PRICE_NOT_AVAILABLE,YES_SAME_A2R_ECONOMIC_FAMILY,RESET_OR_ENDPOINT_UNAVAILABLE,NO
2024-12-31,GLOBAL_BIOTECHNOLOGY,LIST-38B24DB6BAB7A1F3,LIST-8E0D21D8A41728FC,IE00BQ70R696,SBIO,A2R_CANONICAL_SELECTION,True,2024-12-30,1.0,False,1,EXACT_PREVIOUS_XLON_SESSION_ENDPOINT,YES_SAME_A2R_ECONOMIC_FAMILY,RESET_OR_ENDPOINT_UNAVAILABLE,NO
2025-01-03,GLOBAL_BIOTECHNOLOGY,LIST-8E0D21D8A41728FC,LIST-38B24DB6BAB7A1F3,IE00BL0L0H60,FBT,A2R_CANONICAL_SELECTION,False,,,False,1,PRICE_NOT_AVAILABLE,YES_SAME_A2R_ECONOMIC_FAMILY,RESET_OR_ENDPOINT_UNAVAILABLE,NO
2025-01-06,GLOBAL_BIOTECHNOLOGY,LIST-38B24DB6BAB7A1F3,LIST-8E0D21D8A41728FC,IE00BQ70R696,SBIO,A2R_CANONICAL_SELECTION,True,2025-01-03,1.0,False,1,EXACT_PREVIOUS_XLON_SESSION_ENDPOINT,YES_SAME_A2R_ECONOMIC_FAMILY,RESET_OR_ENDPOINT_UNAVAILABLE,NO
2025-01-09,GLOBAL_BIOTECHNOLOGY,LIST-8E0D21D8A41728FC,LIST-38B24DB6BAB7A1F3,IE00BL0L0H60,FBT,A2R_CANONICAL_SELECTION,False,,,False,1,PRICE_NOT_AVAILABLE,YES_SAME_A2R_ECONOMIC_FAMILY,RESET_OR_ENDPOINT_UNAVAILABLE,NO
2025-01-10,GLOBAL_BIOTECHNOLOGY,LIST-38B24DB6BAB7A1F3,LIST-8E0D21D8A41728FC,IE00BQ70R696,SBIO,A2R_CANONICAL_SELECTION,True,2025-01-09,1.0,False,1,EXACT_PREVIOUS_XLON_SESSION_ENDPOINT,YES_SAME_A2R_ECONOMIC_FAMILY,RESET_OR_ENDPOINT_UNAVAILABLE,NO
2025-01-13,GLOBAL_BIOTECHNOLOGY,LIST-8E0D21D8A41728FC,LIST-38B24DB6BAB7A1F3,IE00BL0L0H60,FBT,A2R_CANONICAL_SELECTION,True,2025-01-10,1.0,True,1,SEMANTICALLY_IDENTICAL_IMPLEMENTATION_TRANSITION,YES_SAME_A2R_ECONOMIC_FAMILY,CONTINUE,NO
2025-01-21,GLOBAL_BIOTECHNOLOGY,LIST-38B24DB6BAB7A1F3,LIST-8E0D21D8A41728FC,IE00BQ70R696,SBIO,A2R_CANONICAL_SELECTION,True,2025-01-20,1.0,True,1,SEMANTICALLY_IDENTICAL_IMPLEMENTATION_TRANSITION,YES_SAME_A2R_ECONOMIC_FAMILY,CONTINUE,NO
2025-01-22,GLOBAL_BIOTECHNOLOGY,LIST-8E0D21D8A41728FC,LIST-38B24DB6BAB7A1F3,IE00BL0L0H60,FBT,A2R_CANONICAL_SELECTION,True,2025-01-21,1.0,True,1,SEMANTICALLY_IDENTICAL_IMPLEMENTATION_TRANSITION,YES_SAME_A2R_ECONOMIC_FAMILY,CONTINUE,NO
2025-01-30,GLOBAL_BIOTECHNOLOGY,LIST-38B24DB6BAB7A1F3,LIST-8E0D21D8A41728FC,IE00BQ70R696,SBIO,A2R_CANONICAL_SELECTION,True,2025-01-29,1.0,True,1,SEMANTICALLY_IDENTICAL_IMPLEMENTATION_TRANSITION,YES_SAME_A2R_ECONOMIC_FAMILY,CONTINUE,NO
2025-02-03,GLOBAL_BIOTECHNOLOGY,LIST-8E0D21D8A41728FC,LIST-38B24DB6BAB7A1F3,IE00BL0L0H60,FBT,A2R_CANONICAL_SELECTION,True,2025-01-31,1.0,True,1,SEMANTICALLY_IDENTICAL_IMPLEMENTATION_TRANSITION,YES_SAME_A2R_ECONOMIC_FAMILY,CONTINUE,NO
2025-02-10,GLOBAL_BIOTECHNOLOGY,LIST-38B24DB6BAB7A1F3,LIST-8E0D21D8A41728FC,IE00BQ70R696,SBIO,A2R_CANONICAL_SELECTION,True,2025-02-07,1.0,True,1,SEMANTICALLY_IDENTICAL_IMPLEMENTATION_TRANSITION,YES_SAME_A2R_ECONOMIC_FAMILY,CONTINUE,NO
2025-02-12,GLOBAL_BIOTECHNOLOGY,LIST-8E0D21D8A41728FC,LIST-38B24DB6BAB7A1F3,IE00BL0L0H60,FBT,A2R_CANONICAL_SELECTION,True,2025-02-11,1.0,True,1,SEMANTICALLY_IDENTICAL_IMPLEMENTATION_TRANSITION,YES_SAME_A2R_ECONOMIC_FAMILY,CONTINUE,NO
2025-02-19,GLOBAL_BIOTECHNOLOGY,LIST-38B24DB6BAB7A1F3,LIST-8E0D21D8A41728FC,IE00BQ70R696,SBIO,A2R_CANONICAL_SELECTION,True,2025-02-18,1.0,True,1,SEMANTICALLY_IDENTICAL_IMPLEMENTATION_TRANSITION,YES_SAME_A2R_ECONOMIC_FAMILY,CONTINUE,NO
2025-02-20,GLOBAL_BIOTECHNOLOGY,LIST-8E0D21D8A41728FC,LIST-38B24DB6BAB7A1F3,IE00BL0L0H60,FBT,A2R_CANONICAL_SELECTION,False,,,False,1,PRICE_NOT_AVAILABLE,YES_SAME_A2R_ECONOMIC_FAMILY,RESET_OR_ENDPOINT_UNAVAILABLE,NO
2025-02-21,GLOBAL_BIOTECHNOLOGY,LIST-38B24DB6BAB7A1F3,LIST-8E0D21D8A41728FC,IE00BQ70R696,SBIO,A2R_CANONICAL_SELECTION,True,2025-02-20,1.0,False,1,EXACT_PREVIOUS_XLON_SESSION_ENDPOINT,YES_SAME_A2R_ECONOMIC_FAMILY,RESET_OR_ENDPOINT_UNAVAILABLE,NO
2025-02-24,GLOBAL_BIOTECHNOLOGY,LIST-8E0D21D8A41728FC,LIST-38B24DB6BAB7A1F3,IE00BL0L0H60,FBT,A2R_CANONICAL_SELECTION,True,2025-02-21,1.0,True,1,SEMANTICALLY_IDENTICAL_IMPLEMENTATION_TRANSITION,YES_SAME_A2R_ECONOMIC_FAMILY,CONTINUE,NO
2025-02-27,GLOBAL_BIOTECHNOLOGY,LIST-38B24DB6BAB7A1F3,LIST-8E0D21D8A41728FC,IE00BQ70R696,SBIO,A2R_CANONICAL_SELECTION,True,2025-02-26,1.0,True,1,SEMANTICALLY_IDENTICAL_IMPLEMENTATION_TRANSITION,YES_SAME_A2R_ECONOMIC_FAMILY,CONTINUE,NO
2025-03-04,GLOBAL_BIOTECHNOLOGY,LIST-8E0D21D8A41728FC,LIST-38B24DB6BAB7A1F3,IE00BL0L0H60,FBT,A2R_CANONICAL_SELECTION,True,2025-03-03,1.0,True,1,SEMANTICALLY_IDENTICAL_IMPLEMENTATION_TRANSITION,YES_SAME_A2R_ECONOMIC_FAMILY,CONTINUE,NO
2025-03-06,GLOBAL_BIOTECHNOLOGY,LIST-38B24DB6BAB7A1F3,LIST-8E0D21D8A41728FC,IE00BQ70R696,SBIO,A2R_CANONICAL_SELECTION,True,2025-03-05,1.0,True,1,SEMANTICALLY_IDENTICAL_IMPLEMENTATION_TRANSITION,YES_SAME_A2R_ECONOMIC_FAMILY,CONTINUE,NO
2025-03-11,GLOBAL_BIOTECHNOLOGY,LIST-8E0D21D8A41728FC,LIST-38B24DB6BAB7A1F3,IE00BL0L0H60,FBT,A2R_CANONICAL_SELECTION,True,2025-03-10,1.0,True,1,SEMANTICALLY_IDENTICAL_IMPLEMENTATION_TRANSITION,YES_SAME_A2R_ECONOMIC_FAMILY,CONTINUE,NO
2025-03-13,GLOBAL_BIOTECHNOLOGY,LIST-38B24DB6BAB7A1F3,LIST-8E0D21D8A41728FC,IE00BQ70R696,SBIO,A2R_CANONICAL_SELECTION,True,2025-03-12,1.0,True,1,SEMANTICALLY_IDENTICAL_IMPLEMENTATION_TRANSITION,YES_SAME_A2R_ECONOMIC_FAMILY,CONTINUE,NO
2025-03-17,GLOBAL_BIOTECHNOLOGY,LIST-8E0D21D8A41728FC,LIST-38B24DB6BAB7A1F3,IE00BL0L0H60,FBT,A2R_CANONICAL_SELECTION,True,2025-03-14,1.0,True,1,SEMANTICALLY_IDENTICAL_IMPLEMENTATION_TRANSITION,YES_SAME_A2R_ECONOMIC_FAMILY,CONTINUE,NO
2025-03-21,GLOBAL_BIOTECHNOLOGY,LIST-38B24DB6BAB7A1F3,LIST-8E0D21D8A41728FC,IE00BQ70R696,SBIO,A2R_CANONICAL_SELECTION,True,2025-03-20,1.0,True,1,SEMANTICALLY_IDENTICAL_IMPLEMENTATION_TRANSITION,YES_SAME_A2R_ECONOMIC_FAMILY,CONTINUE,NO
2025-03-25,GLOBAL_BIOTECHNOLOGY,LIST-8E0D21D8A41728FC,LIST-38B24DB6BAB7A1F3,IE00BL0L0H60,FBT,A2R_CANONICAL_SELECTION,True,2025-03-24,1.0,True,1,SEMANTICALLY_IDENTICAL_IMPLEMENTATION_TRANSITION,YES_SAME_A2R_ECONOMIC_FAMILY,CONTINUE,NO
2025-03-31,GLOBAL_BIOTECHNOLOGY,LIST-38B24DB6BAB7A1F3,LIST-8E0D21D8A41728FC,IE00BQ70R696,SBIO,A2R_CANONICAL_SELECTION,True,2025-03-28,1.0,True,1,SEMANTICALLY_IDENTICAL_IMPLEMENTATION_TRANSITION,YES_SAME_A2R_ECONOMIC_FAMILY,CONTINUE,NO
2025-04-01,GLOBAL_BIOTECHNOLOGY,LIST-8E0D21D8A41728FC,LIST-38B24DB6BAB7A1F3,IE00BL0L0H60,FBT,A2R_CANONICAL_SELECTION,True,2025-03-31,1.0,True,1,SEMANTICALLY_IDENTICAL_IMPLEMENTATION_TRANSITION,YES_SAME_A2R_ECONOMIC_FAMILY,CONTINUE,NO
2025-04-09,GLOBAL_BIOTECHNOLOGY,LIST-38B24DB6BAB7A1F3,LIST-8E0D21D8A41728FC,IE00BQ70R696,SBIO,A2R_CANONICAL_SELECTION,True,2025-04-08,1.0,True,1,SEMANTICALLY_IDENTICAL_IMPLEMENTATION_TRANSITION,YES_SAME_A2R_ECONOMIC_FAMILY,CONTINUE,NO
2025-04-11,GLOBAL_BIOTECHNOLOGY,LIST-8E0D21D8A41728FC,LIST-38B24DB6BAB7A1F3,IE00BL0L0H60,FBT,A2R_CANONICAL_SELECTION,True,2025-04-10,1.0,True,1,SEMANTICALLY_IDENTICAL_IMPLEMENTATION_TRANSITION,YES_SAME_A2R_ECONOMIC_FAMILY,CONTINUE,NO
2025-04-16,GLOBAL_BIOTECHNOLOGY,LIST-38B24DB6BAB7A1F3,LIST-8E0D21D8A41728FC,IE00BQ70R696,SBIO,A2R_CANONICAL_SELECTION,True,2025-04-15,1.0,True,1,SEMANTICALLY_IDENTICAL_IMPLEMENTATION_TRANSITION,YES_SAME_A2R_ECONOMIC_FAMILY,CONTINUE,NO
2025-04-23,GLOBAL_BIOTECHNOLOGY,LIST-8E0D21D8A41728FC,LIST-38B24DB6BAB7A1F3,IE00BL0L0H60,FBT,A2R_CANONICAL_SELECTION,True,2025-04-22,1.0,True,1,SEMANTICALLY_IDENTICAL_IMPLEMENTATION_TRANSITION,YES_SAME_A2R_ECONOMIC_FAMILY,CONTINUE,NO
2025-04-28,GLOBAL_BIOTECHNOLOGY,LIST-38B24DB6BAB7A1F3,LIST-8E0D21D8A41728FC,IE00BQ70R696,SBIO,A2R_CANONICAL_SELECTION,True,2025-04-25,1.0,True,1,SEMANTICALLY_IDENTICAL_IMPLEMENTATION_TRANSITION,YES_SAME_A2R_ECONOMIC_FAMILY,CONTINUE,NO
2025-04-29,GLOBAL_BIOTECHNOLOGY,LIST-8E0D21D8A41728FC,LIST-38B24DB6BAB7A1F3,IE00BL0L0H60,FBT,A2R_CANONICAL_SELECTION,True,2025-04-28,1.0,True,1,SEMANTICALLY_IDENTICAL_IMPLEMENTATION_TRANSITION,YES_SAME_A2R_ECONOMIC_FAMILY,CONTINUE,NO
2021-03-05,GLOBAL_CLEAN_ENERGY,LIST-C72BAA17B91DCC6F,LIST-5D1FCC0719D9A3D6,IE00BLRB0028,GCEX,A2R_CANONICAL_SELECTION,True,2021-03-04,1.0,True,1,SEMANTICALLY_IDENTICAL_IMPLEMENTATION_TRANSITION,YES_SAME_A2R_ECONOMIC_FAMILY,CONTINUE,NO
2020-08-05,GLOBAL_CYBERSECURITY,LIST-2C869C1113E6DBCD,LIST-890D64B9BF1F5F9C,IE00BF16M727,CIBR,A2R_CANONICAL_SELECTION,True,2020-08-04,1.0,True,1,SEMANTICALLY_IDENTICAL_IMPLEMENTATION_TRANSITION,YES_SAME_A2R_ECONOMIC_FAMILY,CONTINUE,NO
2020-08-07,GLOBAL_CYBERSECURITY,LIST-890D64B9BF1F5F9C,LIST-2C869C1113E6DBCD,IE00BF16M727,FCBR,A2R_CANONICAL_SELECTION,True,2020-08-06,1.0,True,1,SEMANTICALLY_IDENTICAL_IMPLEMENTATION_TRANSITION,YES_SAME_A2R_ECONOMIC_FAMILY,CONTINUE,NO
2020-08-26,GLOBAL_CYBERSECURITY,LIST-2C869C1113E6DBCD,LIST-890D64B9BF1F5F9C,IE00BF16M727,CIBR,A2R_CANONICAL_SELECTION,True,2020-08-25,1.0,True,1,SEMANTICALLY_IDENTICAL_IMPLEMENTATION_TRANSITION,YES_SAME_A2R_ECONOMIC_FAMILY,CONTINUE,NO
2020-08-27,GLOBAL_CYBERSECURITY,LIST-890D64B9BF1F5F9C,LIST-2C869C1113E6DBCD,IE00BF16M727,FCBR,A2R_CANONICAL_SELECTION,True,2020-08-26,1.0,True,1,SEMANTICALLY_IDENTICAL_IMPLEMENTATION_TRANSITION,YES_SAME_A2R_ECONOMIC_FAMILY,CONTINUE,NO
2010-11-05,GLOBAL_DEVELOPED_WORLD,LIST-6EBC57E71D8000A2,LIST-E291D863CE4941D4,IE00B4L5Y983,IWDA,A2R_CANONICAL_SELECTION,True,2010-11-04,1.0,True,19,SEMANTICALLY_IDENTICAL_IMPLEMENTATION_TRANSITION,YES_SAME_A2R_ECONOMIC_FAMILY,CONTINUE,NO
2010-11-08,GLOBAL_DEVELOPED_WORLD,LIST-E291D863CE4941D4,LIST-6EBC57E71D8000A2,IE00B4L5Y983,SWDA,A2R_CANONICAL_SELECTION,False,,,False,19,PRICE_NOT_AVAILABLE,YES_SAME_A2R_ECONOMIC_FAMILY,RESET_OR_ENDPOINT_UNAVAILABLE,NO
2010-12-02,GLOBAL_DEVELOPED_WORLD,LIST-E291D863CE4941D4,LIST-6EBC57E71D8000A2,IE00B4L5Y983,SWDA,A2R_CANONICAL_SELECTION,False,,,False,21,PRICE_NOT_AVAILABLE,YES_SAME_A2R_ECONOMIC_FAMILY,RESET_OR_ENDPOINT_UNAVAILABLE,NO
2010-12-03,GLOBAL_DEVELOPED_WORLD,LIST-6EBC57E71D8000A2,LIST-E291D863CE4941D4,IE00B4L5Y983,IWDA,A2R_CANONICAL_SELECTION,False,,,False,21,PRICE_NOT_AVAILABLE,YES_SAME_A2R_ECONOMIC_FAMILY,RESET_OR_ENDPOINT_UNAVAILABLE,NO
2010-12-30,GLOBAL_DEVELOPED_WORLD,LIST-6EBC57E71D8000A2,LIST-E291D863CE4941D4,IE00B4L5Y983,IWDA,A2R_CANONICAL_SELECTION,True,2010-12-29,1.0,True,23,SEMANTICALLY_IDENTICAL_IMPLEMENTATION_TRANSITION,YES_SAME_A2R_ECONOMIC_FAMILY,CONTINUE,NO
2010-12-31,GLOBAL_DEVELOPED_WORLD,LIST-E291D863CE4941D4,LIST-6EBC57E71D8000A2,IE00B4L5Y983,SWDA,A2R_CANONICAL_SELECTION,False,,,False,23,PRICE_NOT_AVAILABLE,YES_SAME_A2R_ECONOMIC_FAMILY,RESET_OR_ENDPOINT_UNAVAILABLE,NO
2011-01-14,GLOBAL_DEVELOPED_WORLD,LIST-6EBC57E71D8000A2,LIST-E291D863CE4941D4,IE00B4L5Y983,IWDA,A2R_CANONICAL_SELECTION,False,,,False,23,PRICE_NOT_AVAILABLE,YES_SAME_A2R_ECONOMIC_FAMILY,RESET_OR_ENDPOINT_UNAVAILABLE,NO
2011-01-17,GLOBAL_DEVELOPED_WORLD,LIST-E291D863CE4941D4,LIST-6EBC57E71D8000A2,IE00B4L5Y983,SWDA,A2R_CANONICAL_SELECTION,True,2011-01-14,1.0,False,23,EXACT_PREVIOUS_XLON_SESSION_ENDPOINT,YES_SAME_A2R_ECONOMIC_FAMILY,RESET_OR_ENDPOINT_UNAVAILABLE,NO
2011-02-11,GLOBAL_DEVELOPED_WORLD,LIST-6EBC57E71D8000A2,LIST-E291D863CE4941D4,IE00B4L5Y983,IWDA,A2R_CANONICAL_SELECTION,True,2011-02-10,1.0,True,23,SEMANTICALLY_IDENTICAL_IMPLEMENTATION_TRANSITION,YES_SAME_A2R_ECONOMIC_FAMILY,CONTINUE,NO
2011-02-14,GLOBAL_DEVELOPED_WORLD,LIST-E291D863CE4941D4,LIST-6EBC57E71D8000A2,IE00B4L5Y983,SWDA,A2R_CANONICAL_SELECTION,True,2011-02-11,1.0,True,23,SEMANTICALLY_IDENTICAL_IMPLEMENTATION_TRANSITION,YES_SAME_A2R_ECONOMIC_FAMILY,CONTINUE,NO
2011-02-18,GLOBAL_DEVELOPED_WORLD,LIST-6EBC57E71D8000A2,LIST-E291D863CE4941D4,IE00B4L5Y983,IWDA,A2R_CANONICAL_SELECTION,False,,,False,23,PRICE_NOT_AVAILABLE,YES_SAME_A2R_ECONOMIC_FAMILY,RESET_OR_ENDPOINT_UNAVAILABLE,NO
2011-02-21,GLOBAL_DEVELOPED_WORLD,LIST-E291D863CE4941D4,LIST-6EBC57E71D8000A2,IE00B4L5Y983,SWDA,A2R_CANONICAL_SELECTION,True,2011-02-18,,False,24,CONTINUITY_SEGMENT_START_OR_RESET,YES_SAME_A2R_ECONOMIC_FAMILY,RESET_OR_ENDPOINT_UNAVAILABLE,NO
2011-02-23,GLOBAL_DEVELOPED_WORLD,LIST-6EBC57E71D8000A2,LIST-E291D863CE4941D4,IE00B4L5Y983,IWDA,A2R_CANONICAL_SELECTION,True,2011-02-22,1.0,True,24,SEMANTICALLY_IDENTICAL_IMPLEMENTATION_TRANSITION,YES_SAME_A2R_ECONOMIC_FAMILY,CONTINUE,NO
2011-02-24,GLOBAL_DEVELOPED_WORLD,LIST-E291D863CE4941D4,LIST-6EBC57E71D8000A2,IE00B4L5Y983,SWDA,A2R_CANONICAL_SELECTION,False,,,False,24,PRICE_NOT_AVAILABLE,YES_SAME_A2R_ECONOMIC_FAMILY,RESET_OR_ENDPOINT_UNAVAILABLE,NO
2011-02-25,GLOBAL_DEVELOPED_WORLD,LIST-6EBC57E71D8000A2,LIST-E291D863CE4941D4,IE00B4L5Y983,IWDA,A2R_CANONICAL_SELECTION,False,,,False,24,PRICE_NOT_AVAILABLE,YES_SAME_A2R_ECONOMIC_FAMILY,RESET_OR_ENDPOINT_UNAVAILABLE,NO
2011-03-04,GLOBAL_DEVELOPED_WORLD,LIST-6EBC57E71D8000A2,LIST-E291D863CE4941D4,IE00B4L5Y983,IWDA,A2R_CANONICAL_SELECTION,True,2011-03-03,1.0,True,25,SEMANTICALLY_IDENTICAL_IMPLEMENTATION_TRANSITION,YES_SAME_A2R_ECONOMIC_FAMILY,CONTINUE,NO
2011-03-07,GLOBAL_DEVELOPED_WORLD,LIST-E291D863CE4941D4,LIST-6EBC57E71D8000A2,IE00B4L5Y983,SWDA,A2R_CANONICAL_SELECTION,True,2011-03-04,1.0,True,25,SEMANTICALLY_IDENTICAL_IMPLEMENTATION_TRANSITION,YES_SAME_A2R_ECONOMIC_FAMILY,CONTINUE,NO
2011-04-06,GLOBAL_DEVELOPED_WORLD,LIST-6EBC57E71D8000A2,LIST-E291D863CE4941D4,IE00B4L5Y983,IWDA,A2R_CANONICAL_SELECTION,True,2011-04-05,1.0,True,25,SEMANTICALLY_IDENTICAL_IMPLEMENTATION_TRANSITION,YES_SAME_A2R_ECONOMIC_FAMILY,CONTINUE,NO
2011-04-07,GLOBAL_DEVELOPED_WORLD,LIST-E291D863CE4941D4,LIST-6EBC57E71D8000A2,IE00B4L5Y983,SWDA,A2R_CANONICAL_SELECTION,True,2011-04-06,1.0,True,25,SEMANTICALLY_IDENTICAL_IMPLEMENTATION_TRANSITION,YES_SAME_A2R_ECONOMIC_FAMILY,CONTINUE,NO
2011-04-14,GLOBAL_DEVELOPED_WORLD,LIST-6EBC57E71D8000A2,LIST-E291D863CE4941D4,IE00B4L5Y983,IWDA,A2R_CANONICAL_SELECTION,True,2011-04-13,1.0,True,25,SEMANTICALLY_IDENTICAL_IMPLEMENTATION_TRANSITION,YES_SAME_A2R_ECONOMIC_FAMILY,CONTINUE,NO
2011-04-15,GLOBAL_DEVELOPED_WORLD,LIST-E291D863CE4941D4,LIST-6EBC57E71D8000A2,IE00B4L5Y983,SWDA,A2R_CANONICAL_SELECTION,True,2011-04-14,1.0,True,25,SEMANTICALLY_IDENTICAL_IMPLEMENTATION_TRANSITION,YES_SAME_A2R_ECONOMIC_FAMILY,CONTINUE,NO
2011-05-23,GLOBAL_DEVELOPED_WORLD,LIST-6EBC57E71D8000A2,LIST-E291D863CE4941D4,IE00B4L5Y983,IWDA,A2R_CANONICAL_SELECTION,True,2011-05-20,1.0,True,26,SEMANTICALLY_IDENTICAL_IMPLEMENTATION_TRANSITION,YES_SAME_A2R_ECONOMIC_FAMILY,CONTINUE,NO
2011-05-24,GLOBAL_DEVELOPED_WORLD,LIST-E291D863CE4941D4,LIST-6EBC57E71D8000A2,IE00B4L5Y983,SWDA,A2R_CANONICAL_SELECTION,True,2011-05-23,1.0,True,26,SEMANTICALLY_IDENTICAL_IMPLEMENTATION_TRANSITION,YES_SAME_A2R_ECONOMIC_FAMILY,CONTINUE,NO
2011-06-08,GLOBAL_DEVELOPED_WORLD,LIST-6EBC57E71D8000A2,LIST-E291D863CE4941D4,IE00B4L5Y983,IWDA,A2R_CANONICAL_SELECTION,False,,,False,26,PRICE_NOT_AVAILABLE,YES_SAME_A2R_ECONOMIC_FAMILY,RESET_OR_ENDPOINT_UNAVAILABLE,NO
2011-06-16,GLOBAL_DEVELOPED_WORLD,LIST-6EBC57E71D8000A2,LIST-E291D863CE4941D4,IE00B4L5Y983,IWDA,A2R_CANONICAL_SELECTION,False,,,False,27,PRICE_NOT_AVAILABLE,YES_SAME_A2R_ECONOMIC_FAMILY,RESET_OR_ENDPOINT_UNAVAILABLE,NO
2011-06-21,GLOBAL_DEVELOPED_WORLD,LIST-E291D863CE4941D4,LIST-6EBC57E71D8000A2,IE00B4L5Y983,SWDA,A2R_CANONICAL_SELECTION,True,2011-06-20,,False,28,CONTINUITY_SEGMENT_START_OR_RESET,YES_SAME_A2R_ECONOMIC_FAMILY,RESET_OR_ENDPOINT_UNAVAILABLE,NO
2011-06-27,GLOBAL_DEVELOPED_WORLD,LIST-6EBC57E71D8000A2,LIST-E291D863CE4941D4,IE00B4L5Y983,IWDA,A2R_CANONICAL_SELECTION,False,,,False,28,PRICE_NOT_AVAILABLE,YES_SAME_A2R_ECONOMIC_FAMILY,RESET_OR_ENDPOINT_UNAVAILABLE,NO
2011-06-28,GLOBAL_DEVELOPED_WORLD,LIST-E291D863CE4941D4,LIST-6EBC57E71D8000A2,IE00B4L5Y983,SWDA,A2R_CANONICAL_SELECTION,False,,,False,28,PRICE_NOT_AVAILABLE,YES_SAME_A2R_ECONOMIC_FAMILY,RESET_OR_ENDPOINT_UNAVAILABLE,NO
2011-06-29,GLOBAL_DEVELOPED_WORLD,LIST-6EBC57E71D8000A2,LIST-E291D863CE4941D4,IE00B4L5Y983,IWDA,A2R_CANONICAL_SELECTION,True,2011-06-28,,True,29,CONTINUITY_SEGMENT_START_OR_RESET,YES_SAME_A2R_ECONOMIC_FAMILY,RESET_OR_ENDPOINT_UNAVAILABLE,NO
2011-06-30,GLOBAL_DEVELOPED_WORLD,LIST-E291D863CE4941D4,LIST-6EBC57E71D8000A2,IE00B4L5Y983,SWDA,A2R_CANONICAL_SELECTION,False,,,False,29,PRICE_NOT_AVAILABLE,YES_SAME_A2R_ECONOMIC_FAMILY,RESET_OR_ENDPOINT_UNAVAILABLE,NO
2011-07-01,GLOBAL_DEVELOPED_WORLD,LIST-6EBC57E71D8000A2,LIST-E291D863CE4941D4,IE00B4L5Y983,IWDA,A2R_CANONICAL_SELECTION,True,2011-06-30,1.0,False,29,EXACT_PREVIOUS_XLON_SESSION_ENDPOINT,YES_SAME_A2R_ECONOMIC_FAMILY,RESET_OR_ENDPOINT_UNAVAILABLE,NO
2011-07-07,GLOBAL_DEVELOPED_WORLD,LIST-E291D863CE4941D4,LIST-6EBC57E71D8000A2,IE00B4L5Y983,SWDA,A2R_CANONICAL_SELECTION,True,2011-07-06,1.0,True,29,SEMANTICALLY_IDENTICAL_IMPLEMENTATION_TRANSITION,YES_SAME_A2R_ECONOMIC_FAMILY,CONTINUE,NO
2011-07-12,GLOBAL_DEVELOPED_WORLD,LIST-6EBC57E71D8000A2,LIST-E291D863CE4941D4,IE00B4L5Y983,IWDA,A2R_CANONICAL_SELECTION,True,2011-07-11,1.0,True,29,SEMANTICALLY_IDENTICAL_IMPLEMENTATION_TRANSITION,YES_SAME_A2R_ECONOMIC_FAMILY,CONTINUE,NO
2011-07-13,GLOBAL_DEVELOPED_WORLD,LIST-E291D863CE4941D4,LIST-6EBC57E71D8000A2,IE00B4L5Y983,SWDA,A2R_CANONICAL_SELECTION,True,2011-07-12,1.0,True,29,SEMANTICALLY_IDENTICAL_IMPLEMENTATION_TRANSITION,YES_SAME_A2R_ECONOMIC_FAMILY,CONTINUE,NO
2011-07-15,GLOBAL_DEVELOPED_WORLD,LIST-6EBC57E71D8000A2,LIST-E291D863CE4941D4,IE00B4L5Y983,IWDA,A2R_CANONICAL_SELECTION,False,,,False,29,PRICE_NOT_AVAILABLE,YES_SAME_A2R_ECONOMIC_FAMILY,RESET_OR_ENDPOINT_UNAVAILABLE,NO
2011-07-18,GLOBAL_DEVELOPED_WORLD,LIST-E291D863CE4941D4,LIST-6EBC57E71D8000A2,IE00B4L5Y983,SWDA,A2R_CANONICAL_SELECTION,False,,,False,29,PRICE_NOT_AVAILABLE,YES_SAME_A2R_ECONOMIC_FAMILY,RESET_OR_ENDPOINT_UNAVAILABLE,NO
2011-07-21,GLOBAL_DEVELOPED_WORLD,LIST-6EBC57E71D8000A2,LIST-E291D863CE4941D4,IE00B4L5Y983,IWDA,A2R_CANONICAL_SELECTION,False,,,False,29,PRICE_NOT_AVAILABLE,YES_SAME_A2R_ECONOMIC_FAMILY,RESET_OR_ENDPOINT_UNAVAILABLE,NO
2011-07-22,GLOBAL_DEVELOPED_WORLD,LIST-E291D863CE4941D4,LIST-6EBC57E71D8000A2,IE00B4L5Y983,SWDA,A2R_CANONICAL_SELECTION,True,2011-07-21,,False,30,CONTINUITY_SEGMENT_START_OR_RESET,YES_SAME_A2R_ECONOMIC_FAMILY,RESET_OR_ENDPOINT_UNAVAILABLE,NO
2011-09-16,GLOBAL_DEVELOPED_WORLD,LIST-6EBC57E71D8000A2,LIST-E291D863CE4941D4,IE00B4L5Y983,IWDA,A2R_CANONICAL_SELECTION,False,,,False,30,PRICE_NOT_AVAILABLE,YES_SAME_A2R_ECONOMIC_FAMILY,RESET_OR_ENDPOINT_UNAVAILABLE,NO
2011-09-19,GLOBAL_DEVELOPED_WORLD,LIST-E291D863CE4941D4,LIST-6EBC57E71D8000A2,IE00B4L5Y983,SWDA,A2R_CANONICAL_SELECTION,True,2011-09-16,1.0,False,30,EXACT_PREVIOUS_XLON_SESSION_ENDPOINT,YES_SAME_A2R_ECONOMIC_FAMILY,RESET_OR_ENDPOINT_UNAVAILABLE,NO
2011-10-28,GLOBAL_DEVELOPED_WORLD,LIST-6EBC57E71D8000A2,LIST-E291D863CE4941D4,IE00B4L5Y983,IWDA,A2R_CANONICAL_SELECTION,True,2011-10-27,1.0,True,30,SEMANTICALLY_IDENTICAL_IMPLEMENTATION_TRANSITION,YES_SAME_A2R_ECONOMIC_FAMILY,CONTINUE,NO
2011-10-31,GLOBAL_DEVELOPED_WORLD,LIST-E291D863CE4941D4,LIST-6EBC57E71D8000A2,IE00B4L5Y983,SWDA,A2R_CANONICAL_SELECTION,True,2011-10-28,1.0,True,30,SEMANTICALLY_IDENTICAL_IMPLEMENTATION_TRANSITION,YES_SAME_A2R_ECONOMIC_FAMILY,CONTINUE,NO
2011-11-07,GLOBAL_DEVELOPED_WORLD,LIST-E291D863CE4941D4,LIST-6EBC57E71D8000A2,IE00B4L5Y983,SWDA,A2R_CANONICAL_SELECTION,False,,,False,30,PRICE_NOT_AVAILABLE,YES_SAME_A2R_ECONOMIC_FAMILY,RESET_OR_ENDPOINT_UNAVAILABLE,NO
2011-11-08,GLOBAL_DEVELOPED_WORLD,LIST-6EBC57E71D8000A2,LIST-E291D863CE4941D4,IE00B4L5Y983,IWDA,A2R_CANONICAL_SELECTION,True,2011-11-07,,True,31,CONTINUITY_SEGMENT_START_OR_RESET,YES_SAME_A2R_ECONOMIC_FAMILY,RESET_OR_ENDPOINT_UNAVAILABLE,NO
2011-11-09,GLOBAL_DEVELOPED_WORLD,LIST-E291D863CE4941D4,LIST-6EBC57E71D8000A2,IE00B4L5Y983,SWDA,A2R_CANONICAL_SELECTION,True,2011-11-08,1.0,True,31,SEMANTICALLY_IDENTICAL_IMPLEMENTATION_TRANSITION,YES_SAME_A2R_ECONOMIC_FAMILY,CONTINUE,NO
2011-11-25,GLOBAL_DEVELOPED_WORLD,LIST-6EBC57E71D8000A2,LIST-E291D863CE4941D4,IE00B4L5Y983,IWDA,A2R_CANONICAL_SELECTION,True,2011-11-24,,True,33,CONTINUITY_SEGMENT_START_OR_RESET,YES_SAME_A2R_ECONOMIC_FAMILY,RESET_OR_ENDPOINT_UNAVAILABLE,NO
2011-11-28,GLOBAL_DEVELOPED_WORLD,LIST-E291D863CE4941D4,LIST-6EBC57E71D8000A2,IE00B4L5Y983,SWDA,A2R_CANONICAL_SELECTION,True,2011-11-25,1.0,True,33,SEMANTICALLY_IDENTICAL_IMPLEMENTATION_TRANSITION,YES_SAME_A2R_ECONOMIC_FAMILY,CONTINUE,NO
2011-12-19,GLOBAL_DEVELOPED_WORLD,LIST-6EBC57E71D8000A2,LIST-E291D863CE4941D4,IE00B4L5Y983,IWDA,A2R_CANONICAL_SELECTION,True,2011-12-16,1.0,True,34,SEMANTICALLY_IDENTICAL_IMPLEMENTATION_TRANSITION,YES_SAME_A2R_ECONOMIC_FAMILY,CONTINUE,NO
2011-12-21,GLOBAL_DEVELOPED_WORLD,LIST-E291D863CE4941D4,LIST-6EBC57E71D8000A2,IE00B4L5Y983,SWDA,A2R_CANONICAL_SELECTION,True,2011-12-20,1.0,True,34,SEMANTICALLY_IDENTICAL_IMPLEMENTATION_TRANSITION,YES_SAME_A2R_ECONOMIC_FAMILY,CONTINUE,NO
2012-01-10,GLOBAL_DEVELOPED_WORLD,LIST-6EBC57E71D8000A2,LIST-E291D863CE4941D4,IE00B4L5Y983,IWDA,A2R_CANONICAL_SELECTION,True,2012-01-09,1.0,True,34,SEMANTICALLY_IDENTICAL_IMPLEMENTATION_TRANSITION,YES_SAME_A2R_ECONOMIC_FAMILY,CONTINUE,NO
2012-01-11,GLOBAL_DEVELOPED_WORLD,LIST-E291D863CE4941D4,LIST-6EBC57E71D8000A2,IE00B4L5Y983,SWDA,A2R_CANONICAL_SELECTION,True,2012-01-10,1.0,True,34,SEMANTICALLY_IDENTICAL_IMPLEMENTATION_TRANSITION,YES_SAME_A2R_ECONOMIC_FAMILY,CONTINUE,NO
2012-05-31,GLOBAL_DEVELOPED_WORLD,LIST-6EBC57E71D8000A2,LIST-E291D863CE4941D4,IE00B4L5Y983,IWDA,A2R_CANONICAL_SELECTION,False,,,False,34,PRICE_NOT_AVAILABLE,YES_SAME_A2R_ECONOMIC_FAMILY,RESET_OR_ENDPOINT_UNAVAILABLE,NO
2012-06-01,GLOBAL_DEVELOPED_WORLD,LIST-E291D863CE4941D4,LIST-6EBC57E71D8000A2,IE00B4L5Y983,SWDA,A2R_CANONICAL_SELECTION,True,2012-05-31,1.0,False,34,EXACT_PREVIOUS_XLON_SESSION_ENDPOINT,YES_SAME_A2R_ECONOMIC_FAMILY,RESET_OR_ENDPOINT_UNAVAILABLE,NO
2012-06-13,GLOBAL_DEVELOPED_WORLD,LIST-6EBC57E71D8000A2,LIST-E291D863CE4941D4,IE00B4L5Y983,IWDA,A2R_CANONICAL_SELECTION,False,,,False,34,PRICE_NOT_AVAILABLE,YES_SAME_A2R_ECONOMIC_FAMILY,RESET_OR_ENDPOINT_UNAVAILABLE,NO
2012-08-13,GLOBAL_DEVELOPED_WORLD,LIST-6EBC57E71D8000A2,LIST-E291D863CE4941D4,IE00B4L5Y983,IWDA,A2R_CANONICAL_SELECTION,False,,,False,37,PRICE_NOT_AVAILABLE,YES_SAME_A2R_ECONOMIC_FAMILY,RESET_OR_ENDPOINT_UNAVAILABLE,NO
2012-08-16,GLOBAL_DEVELOPED_WORLD,LIST-6EBC57E71D8000A2,LIST-E291D863CE4941D4,IE00B4L5Y983,IWDA,A2R_CANONICAL_SELECTION,True,2012-08-15,,True,38,CONTINUITY_SEGMENT_START_OR_RESET,YES_SAME_A2R_ECONOMIC_FAMILY,RESET_OR_ENDPOINT_UNAVAILABLE,NO
2012-08-17,GLOBAL_DEVELOPED_WORLD,LIST-E291D863CE4941D4,LIST-6EBC57E71D8000A2,IE00B4L5Y983,SWDA,A2R_CANONICAL_SELECTION,True,2012-08-16,1.0,True,38,SEMANTICALLY_IDENTICAL_IMPLEMENTATION_TRANSITION,YES_SAME_A2R_ECONOMIC_FAMILY,CONTINUE,NO
2012-08-28,GLOBAL_DEVELOPED_WORLD,LIST-6EBC57E71D8000A2,LIST-E291D863CE4941D4,IE00B4L5Y983,IWDA,A2R_CANONICAL_SELECTION,False,,,False,38,PRICE_NOT_AVAILABLE,YES_SAME_A2R_ECONOMIC_FAMILY,RESET_OR_ENDPOINT_UNAVAILABLE,NO
2012-08-29,GLOBAL_DEVELOPED_WORLD,LIST-E291D863CE4941D4,LIST-6EBC57E71D8000A2,IE00B4L5Y983,SWDA,A2R_CANONICAL_SELECTION,False,,,False,38,PRICE_NOT_AVAILABLE,YES_SAME_A2R_ECONOMIC_FAMILY,RESET_OR_ENDPOINT_UNAVAILABLE,NO
2012-09-12,GLOBAL_DEVELOPED_WORLD,LIST-6EBC57E71D8000A2,LIST-E291D863CE4941D4,IE00B4L5Y983,IWDA,A2R_CANONICAL_SELECTION,True,2012-09-11,1.0,True,39,SEMANTICALLY_IDENTICAL_IMPLEMENTATION_TRANSITION,YES_SAME_A2R_ECONOMIC_FAMILY,CONTINUE,NO
2012-09-13,GLOBAL_DEVELOPED_WORLD,LIST-E291D863CE4941D4,LIST-6EBC57E71D8000A2,IE00B4L5Y983,SWDA,A2R_CANONICAL_SELECTION,True,2012-09-12,1.0,True,39,SEMANTICALLY_IDENTICAL_IMPLEMENTATION_TRANSITION,YES_SAME_A2R_ECONOMIC_FAMILY,CONTINUE,NO
2012-09-21,GLOBAL_DEVELOPED_WORLD,LIST-6EBC57E71D8000A2,LIST-E291D863CE4941D4,IE00B4L5Y983,IWDA,A2R_CANONICAL_SELECTION,True,2012-09-20,1.0,True,39,SEMANTICALLY_IDENTICAL_IMPLEMENTATION_TRANSITION,YES_SAME_A2R_ECONOMIC_FAMILY,CONTINUE,NO
2012-09-24,GLOBAL_DEVELOPED_WORLD,LIST-E291D863CE4941D4,LIST-6EBC57E71D8000A2,IE00B4L5Y983,SWDA,A2R_CANONICAL_SELECTION,True,2012-09-21,1.0,True,39,SEMANTICALLY_IDENTICAL_IMPLEMENTATION_TRANSITION,YES_SAME_A2R_ECONOMIC_FAMILY,CONTINUE,NO
2012-09-26,GLOBAL_DEVELOPED_WORLD,LIST-6EBC57E71D8000A2,LIST-E291D863CE4941D4,IE00B4L5Y983,IWDA,A2R_CANONICAL_SELECTION,True,2012-09-25,1.0,True,39,SEMANTICALLY_IDENTICAL_IMPLEMENTATION_TRANSITION,YES_SAME_A2R_ECONOMIC_FAMILY,CONTINUE,NO
2012-09-27,GLOBAL_DEVELOPED_WORLD,LIST-E291D863CE4941D4,LIST-6EBC57E71D8000A2,IE00B4L5Y983,SWDA,A2R_CANONICAL_SELECTION,False,,,False,39,PRICE_NOT_AVAILABLE,YES_SAME_A2R_ECONOMIC_FAMILY,RESET_OR_ENDPOINT_UNAVAILABLE,NO
2012-09-28,GLOBAL_DEVELOPED_WORLD,LIST-6EBC57E71D8000A2,LIST-E291D863CE4941D4,IE00B4L5Y983,IWDA,A2R_CANONICAL_SELECTION,True,2012-09-27,1.0,False,39,EXACT_PREVIOUS_XLON_SESSION_ENDPOINT,YES_SAME_A2R_ECONOMIC_FAMILY,RESET_OR_ENDPOINT_UNAVAILABLE,NO
2012-10-01,GLOBAL_DEVELOPED_WORLD,LIST-E291D863CE4941D4,LIST-6EBC57E71D8000A2,IE00B4L5Y983,SWDA,A2R_CANONICAL_SELECTION,True,2012-09-28,1.0,True,39,SEMANTICALLY_IDENTICAL_IMPLEMENTATION_TRANSITION,YES_SAME_A2R_ECONOMIC_FAMILY,CONTINUE,NO
2012-10-04,GLOBAL_DEVELOPED_WORLD,LIST-6EBC57E71D8000A2,LIST-E291D863CE4941D4,IE00B4L5Y983,IWDA,A2R_CANONICAL_SELECTION,False,,,False,39,PRICE_NOT_AVAILABLE,YES_SAME_A2R_ECONOMIC_FAMILY,RESET_OR_ENDPOINT_UNAVAILABLE,NO
2012-10-05,GLOBAL_DEVELOPED_WORLD,LIST-E291D863CE4941D4,LIST-6EBC57E71D8000A2,IE00B4L5Y983,SWDA,A2R_CANONICAL_SELECTION,False,,,False,39,PRICE_NOT_AVAILABLE,YES_SAME_A2R_ECONOMIC_FAMILY,RESET_OR_ENDPOINT_UNAVAILABLE,NO
2012-10-08,GLOBAL_DEVELOPED_WORLD,LIST-6EBC57E71D8000A2,LIST-E291D863CE4941D4,IE00B4L5Y983,IWDA,A2R_CANONICAL_SELECTION,True,2012-10-05,,True,40,CONTINUITY_SEGMENT_START_OR_RESET,YES_SAME_A2R_ECONOMIC_FAMILY,RESET_OR_ENDPOINT_UNAVAILABLE,NO
2012-10-09,GLOBAL_DEVELOPED_WORLD,LIST-E291D863CE4941D4,LIST-6EBC57E71D8000A2,IE00B4L5Y983,SWDA,A2R_CANONICAL_SELECTION,False,,,False,40,PRICE_NOT_AVAILABLE,YES_SAME_A2R_ECONOMIC_FAMILY,RESET_OR_ENDPOINT_UNAVAILABLE,NO
2012-10-10,GLOBAL_DEVELOPED_WORLD,LIST-6EBC57E71D8000A2,LIST-E291D863CE4941D4,IE00B4L5Y983,IWDA,A2R_CANONICAL_SELECTION,True,2012-10-09,1.0,False,40,EXACT_PREVIOUS_XLON_SESSION_ENDPOINT,YES_SAME_A2R_ECONOMIC_FAMILY,RESET_OR_ENDPOINT_UNAVAILABLE,NO
2012-10-11,GLOBAL_DEVELOPED_WORLD,LIST-E291D863CE4941D4,LIST-6EBC57E71D8000A2,IE00B4L5Y983,SWDA,A2R_CANONICAL_SELECTION,False,,,False,40,PRICE_NOT_AVAILABLE,YES_SAME_A2R_ECONOMIC_FAMILY,RESET_OR_ENDPOINT_UNAVAILABLE,NO
2012-10-12,GLOBAL_DEVELOPED_WORLD,LIST-6EBC57E71D8000A2,LIST-E291D863CE4941D4,IE00B4L5Y983,IWDA,A2R_CANONICAL_SELECTION,True,2012-10-11,1.0,False,40,EXACT_PREVIOUS_XLON_SESSION_ENDPOINT,YES_SAME_A2R_ECONOMIC_FAMILY,RESET_OR_ENDPOINT_UNAVAILABLE,NO
2012-10-16,GLOBAL_DEVELOPED_WORLD,LIST-E291D863CE4941D4,LIST-6EBC57E71D8000A2,IE00B4L5Y983,SWDA,A2R_CANONICAL_SELECTION,True,2012-10-15,1.0,True,40,SEMANTICALLY_IDENTICAL_IMPLEMENTATION_TRANSITION,YES_SAME_A2R_ECONOMIC_FAMILY,CONTINUE,NO
2012-10-22,GLOBAL_DEVELOPED_WORLD,LIST-6EBC57E71D8000A2,LIST-E291D863CE4941D4,IE00B4L5Y983,IWDA,A2R_CANONICAL_SELECTION,False,,,False,40,PRICE_NOT_AVAILABLE,YES_SAME_A2R_ECONOMIC_FAMILY,RESET_OR_ENDPOINT_UNAVAILABLE,NO
2012-10-23,GLOBAL_DEVELOPED_WORLD,LIST-E291D863CE4941D4,LIST-6EBC57E71D8000A2,IE00B4L5Y983,SWDA,A2R_CANONICAL_SELECTION,True,2012-10-22,1.0,False,40,EXACT_PREVIOUS_XLON_SESSION_ENDPOINT,YES_SAME_A2R_ECONOMIC_FAMILY,RESET_OR_ENDPOINT_UNAVAILABLE,NO
2012-11-02,GLOBAL_DEVELOPED_WORLD,LIST-E291D863CE4941D4,LIST-6EBC57E71D8000A2,IE00B4L5Y983,SWDA,A2R_CANONICAL_SELECTION,True,2012-11-01,1.0,True,40,SEMANTICALLY_IDENTICAL_IMPLEMENTATION_TRANSITION,YES_SAME_A2R_ECONOMIC_FAMILY,CONTINUE,NO
2012-11-08,GLOBAL_DEVELOPED_WORLD,LIST-6EBC57E71D8000A2,LIST-E291D863CE4941D4,IE00B4L5Y983,IWDA,A2R_CANONICAL_SELECTION,True,2012-11-07,1.0,True,40,SEMANTICALLY_IDENTICAL_IMPLEMENTATION_TRANSITION,YES_SAME_A2R_ECONOMIC_FAMILY,CONTINUE,NO
2012-11-12,GLOBAL_DEVELOPED_WORLD,LIST-E291D863CE4941D4,LIST-6EBC57E71D8000A2,IE00B4L5Y983,SWDA,A2R_CANONICAL_SELECTION,False,,,False,40,PRICE_NOT_AVAILABLE,YES_SAME_A2R_ECONOMIC_FAMILY,RESET_OR_ENDPOINT_UNAVAILABLE,NO
2012-11-13,GLOBAL_DEVELOPED_WORLD,LIST-6EBC57E71D8000A2,LIST-E291D863CE4941D4,IE00B4L5Y983,IWDA,A2R_CANONICAL_SELECTION,False,,,False,40,PRICE_NOT_AVAILABLE,YES_SAME_A2R_ECONOMIC_FAMILY,RESET_OR_ENDPOINT_UNAVAILABLE,NO
2012-11-14,GLOBAL_DEVELOPED_WORLD,LIST-E291D863CE4941D4,LIST-6EBC57E71D8000A2,IE00B4L5Y983,SWDA,A2R_CANONICAL_SELECTION,True,2012-11-13,1.0,True,40,SEMANTICALLY_IDENTICAL_IMPLEMENTATION_TRANSITION,YES_SAME_A2R_ECONOMIC_FAMILY,CONTINUE,NO
2012-12-05,GLOBAL_DEVELOPED_WORLD,LIST-6EBC57E71D8000A2,LIST-E291D863CE4941D4,IE00B4L5Y983,IWDA,A2R_CANONICAL_SELECTION,True,2012-12-04,1.0,True,40,SEMANTICALLY_IDENTICAL_IMPLEMENTATION_TRANSITION,YES_SAME_A2R_ECONOMIC_FAMILY,CONTINUE,NO
2012-12-06,GLOBAL_DEVELOPED_WORLD,LIST-E291D863CE4941D4,LIST-6EBC57E71D8000A2,IE00B4L5Y983,SWDA,A2R_CANONICAL_SELECTION,True,2012-12-05,1.0,True,40,SEMANTICALLY_IDENTICAL_IMPLEMENTATION_TRANSITION,YES_SAME_A2R_ECONOMIC_FAMILY,CONTINUE,NO
2012-12-20,GLOBAL_DEVELOPED_WORLD,LIST-6EBC57E71D8000A2,LIST-E291D863CE4941D4,IE00B4L5Y983,IWDA,A2R_CANONICAL_SELECTION,True,2012-12-19,1.0,True,40,SEMANTICALLY_IDENTICAL_IMPLEMENTATION_TRANSITION,YES_SAME_A2R_ECONOMIC_FAMILY,CONTINUE,NO
2012-12-24,GLOBAL_DEVELOPED_WORLD,LIST-E291D863CE4941D4,LIST-6EBC57E71D8000A2,IE00B4L5Y983,SWDA,A2R_CANONICAL_SELECTION,True,2012-12-21,1.0,True,40,SEMANTICALLY_IDENTICAL_IMPLEMENTATION_TRANSITION,YES_SAME_A2R_ECONOMIC_FAMILY,CONTINUE,NO
2012-12-31,GLOBAL_DEVELOPED_WORLD,LIST-6EBC57E71D8000A2,LIST-BFF1611699853FF2,FR0010315770,WLDD,A2R_CANONICAL_SELECTION,False,,,False,40,PRICE_NOT_AVAILABLE,YES_SAME_A2R_ECONOMIC_FAMILY,RESET_OR_ENDPOINT_UNAVAILABLE,NO
2013-02-13,GLOBAL_DEVELOPED_WORLD,LIST-E291D863CE4941D4,LIST-6EBC57E71D8000A2,IE00B4L5Y983,SWDA,A2R_CANONICAL_SELECTION,True,2013-02-12,1.0,True,41,SEMANTICALLY_IDENTICAL_IMPLEMENTATION_TRANSITION,YES_SAME_A2R_ECONOMIC_FAMILY,CONTINUE,NO
2013-02-15,GLOBAL_DEVELOPED_WORLD,LIST-6EBC57E71D8000A2,LIST-E291D863CE4941D4,IE00B4L5Y983,IWDA,A2R_CANONICAL_SELECTION,True,2013-02-14,1.0,True,41,SEMANTICALLY_IDENTICAL_IMPLEMENTATION_TRANSITION,YES_SAME_A2R_ECONOMIC_FAMILY,CONTINUE,NO
2013-02-18,GLOBAL_DEVELOPED_WORLD,LIST-E291D863CE4941D4,LIST-6EBC57E71D8000A2,IE00B4L5Y983,SWDA,A2R_CANONICAL_SELECTION,True,2013-02-15,1.0,True,41,SEMANTICALLY_IDENTICAL_IMPLEMENTATION_TRANSITION,YES_SAME_A2R_ECONOMIC_FAMILY,CONTINUE,NO
2013-03-25,GLOBAL_DEVELOPED_WORLD,LIST-6EBC57E71D8000A2,LIST-E291D863CE4941D4,IE00B4L5Y983,IWDA,A2R_CANONICAL_SELECTION,True,2013-03-22,1.0,True,41,SEMANTICALLY_IDENTICAL_IMPLEMENTATION_TRANSITION,YES_SAME_A2R_ECONOMIC_FAMILY,CONTINUE,NO
2013-03-26,GLOBAL_DEVELOPED_WORLD,LIST-E291D863CE4941D4,LIST-6EBC57E71D8000A2,IE00B4L5Y983,SWDA,A2R_CANONICAL_SELECTION,False,,,False,41,PRICE_NOT_AVAILABLE,YES_SAME_A2R_ECONOMIC_FAMILY,RESET_OR_ENDPOINT_UNAVAILABLE,NO
2013-03-27,GLOBAL_DEVELOPED_WORLD,LIST-6EBC57E71D8000A2,LIST-E291D863CE4941D4,IE00B4L5Y983,IWDA,A2R_CANONICAL_SELECTION,False,,,False,41,PRICE_NOT_AVAILABLE,YES_SAME_A2R_ECONOMIC_FAMILY,RESET_OR_ENDPOINT_UNAVAILABLE,NO
2013-03-28,GLOBAL_DEVELOPED_WORLD,LIST-E291D863CE4941D4,LIST-6EBC57E71D8000A2,IE00B4L5Y983,SWDA,A2R_CANONICAL_SELECTION,True,2013-03-27,1.0,True,41,SEMANTICALLY_IDENTICAL_IMPLEMENTATION_TRANSITION,YES_SAME_A2R_ECONOMIC_FAMILY,CONTINUE,NO
2013-04-11,GLOBAL_DEVELOPED_WORLD,LIST-6EBC57E71D8000A2,LIST-E291D863CE4941D4,IE00B4L5Y983,IWDA,A2R_CANONICAL_SELECTION,False,,,False,41,PRICE_NOT_AVAILABLE,YES_SAME_A2R_ECONOMIC_FAMILY,RESET_OR_ENDPOINT_UNAVAILABLE,NO
2013-04-12,GLOBAL_DEVELOPED_WORLD,LIST-E291D863CE4941D4,LIST-6EBC57E71D8000A2,IE00B4L5Y983,SWDA,A2R_CANONICAL_SELECTION,True,2013-04-11,1.0,False,41,EXACT_PREVIOUS_XLON_SESSION_ENDPOINT,YES_SAME_A2R_ECONOMIC_FAMILY,RESET_OR_ENDPOINT_UNAVAILABLE,NO
2013-04-30,GLOBAL_DEVELOPED_WORLD,LIST-6EBC57E71D8000A2,LIST-E291D863CE4941D4,IE00B4L5Y983,IWDA,A2R_CANONICAL_SELECTION,True,2013-04-29,1.0,True,41,SEMANTICALLY_IDENTICAL_IMPLEMENTATION_TRANSITION,YES_SAME_A2R_ECONOMIC_FAMILY,CONTINUE,NO
2013-05-01,GLOBAL_DEVELOPED_WORLD,LIST-E291D863CE4941D4,LIST-6EBC57E71D8000A2,IE00B4L5Y983,SWDA,A2R_CANONICAL_SELECTION,True,2013-04-30,1.0,True,41,SEMANTICALLY_IDENTICAL_IMPLEMENTATION_TRANSITION,YES_SAME_A2R_ECONOMIC_FAMILY,CONTINUE,NO
2017-11-09,GLOBAL_DEVELOPED_WORLD,LIST-6EBC57E71D8000A2,LIST-EA35954FCE18CC78,FR0010315770,WLDL,A2R_CANONICAL_SELECTION,True,2017-11-08,1.0,True,41,SEMANTICALLY_IDENTICAL_IMPLEMENTATION_TRANSITION,YES_SAME_A2R_ECONOMIC_FAMILY,CONTINUE,NO
2017-11-10,GLOBAL_DEVELOPED_WORLD,LIST-EA35954FCE18CC78,LIST-6EBC57E71D8000A2,IE00B4L5Y983,SWDA,A2R_CANONICAL_SELECTION,True,2017-11-09,1.0,True,41,SEMANTICALLY_IDENTICAL_IMPLEMENTATION_TRANSITION,YES_SAME_A2R_ECONOMIC_FAMILY,CONTINUE,NO
2018-12-27,GLOBAL_ENERGY,LIST-630DABDA2B1F3BBF,LIST-5BCA74D29D093BE6,IE00BM67HM91,XDW0,A2R_CANONICAL_SELECTION,True,2018-12-24,1.0,True,1,SEMANTICALLY_IDENTICAL_IMPLEMENTATION_TRANSITION,YES_SAME_A2R_ECONOMIC_FAMILY,CONTINUE,NO
2018-12-28,GLOBAL_ENERGY,LIST-5BCA74D29D093BE6,LIST-630DABDA2B1F3BBF,IE00BM67HM91,XWES,A2R_CANONICAL_SELECTION,True,2018-12-27,1.0,True,1,SEMANTICALLY_IDENTICAL_IMPLEMENTATION_TRANSITION,YES_SAME_A2R_ECONOMIC_FAMILY,CONTINUE,NO
2019-12-27,GLOBAL_ENERGY,LIST-630DABDA2B1F3BBF,LIST-5BCA74D29D093BE6,IE00BM67HM91,XDW0,A2R_CANONICAL_SELECTION,True,2019-12-24,1.0,True,1,SEMANTICALLY_IDENTICAL_IMPLEMENTATION_TRANSITION,YES_SAME_A2R_ECONOMIC_FAMILY,CONTINUE,NO
2019-12-30,GLOBAL_ENERGY,LIST-5BCA74D29D093BE6,LIST-630DABDA2B1F3BBF,IE00BM67HM91,XWES,A2R_CANONICAL_SELECTION,True,2019-12-27,1.0,True,1,SEMANTICALLY_IDENTICAL_IMPLEMENTATION_TRANSITION,YES_SAME_A2R_ECONOMIC_FAMILY,CONTINUE,NO
2017-01-25,GLOBAL_FINANCIALS,LIST-9E3AEA1F5FF88D2D,LIST-0D38779AC9AC2412,IE00BM67HL84,XDWF,A2R_CANONICAL_SELECTION,True,2017-01-24,1.0,True,6,SEMANTICALLY_IDENTICAL_IMPLEMENTATION_TRANSITION,YES_SAME_A2R_ECONOMIC_FAMILY,CONTINUE,NO
2017-01-26,GLOBAL_FINANCIALS,LIST-0D38779AC9AC2412,LIST-9E3AEA1F5FF88D2D,LU0533033071,FINW,A2R_CANONICAL_SELECTION,True,2017-01-25,1.0,True,6,SEMANTICALLY_IDENTICAL_IMPLEMENTATION_TRANSITION,YES_SAME_A2R_ECONOMIC_FAMILY,CONTINUE,NO
2019-10-25,GLOBAL_FINANCIALS,LIST-9E3AEA1F5FF88D2D,LIST-0D38779AC9AC2412,IE00BM67HL84,XDWF,A2R_CANONICAL_SELECTION,True,2019-10-24,1.0,True,6,SEMANTICALLY_IDENTICAL_IMPLEMENTATION_TRANSITION,YES_SAME_A2R_ECONOMIC_FAMILY,CONTINUE,NO
2019-10-28,GLOBAL_FINANCIALS,LIST-0D38779AC9AC2412,LIST-9E3AEA1F5FF88D2D,LU0533033071,FINW,A2R_CANONICAL_SELECTION,True,2019-10-25,1.0,True,6,SEMANTICALLY_IDENTICAL_IMPLEMENTATION_TRANSITION,YES_SAME_A2R_ECONOMIC_FAMILY,CONTINUE,NO
2020-07-23,GLOBAL_FINANCIALS,LIST-9E3AEA1F5FF88D2D,LIST-0D38779AC9AC2412,IE00BM67HL84,XDWF,A2R_CANONICAL_SELECTION,True,2020-07-22,1.0,True,6,SEMANTICALLY_IDENTICAL_IMPLEMENTATION_TRANSITION,YES_SAME_A2R_ECONOMIC_FAMILY,CONTINUE,NO
2020-07-27,GLOBAL_FINANCIALS,LIST-0D38779AC9AC2412,LIST-9E3AEA1F5FF88D2D,LU0533033071,FINW,A2R_CANONICAL_SELECTION,True,2020-07-24,1.0,True,6,SEMANTICALLY_IDENTICAL_IMPLEMENTATION_TRANSITION,YES_SAME_A2R_ECONOMIC_FAMILY,CONTINUE,NO
2020-08-18,GLOBAL_FINANCIALS,LIST-9E3AEA1F5FF88D2D,LIST-0D38779AC9AC2412,IE00BM67HL84,XDWF,A2R_CANONICAL_SELECTION,True,2020-08-17,1.0,True,6,SEMANTICALLY_IDENTICAL_IMPLEMENTATION_TRANSITION,YES_SAME_A2R_ECONOMIC_FAMILY,CONTINUE,NO
2020-08-19,GLOBAL_FINANCIALS,LIST-0D38779AC9AC2412,LIST-9E3AEA1F5FF88D2D,LU0533033071,FINW,A2R_CANONICAL_SELECTION,True,2020-08-18,1.0,True,6,SEMANTICALLY_IDENTICAL_IMPLEMENTATION_TRANSITION,YES_SAME_A2R_ECONOMIC_FAMILY,CONTINUE,NO
2020-08-26,GLOBAL_FINANCIALS,LIST-9E3AEA1F5FF88D2D,LIST-0D38779AC9AC2412,IE00BM67HL84,XDWF,A2R_CANONICAL_SELECTION,True,2020-08-25,1.0,True,6,SEMANTICALLY_IDENTICAL_IMPLEMENTATION_TRANSITION,YES_SAME_A2R_ECONOMIC_FAMILY,CONTINUE,NO
2020-08-27,GLOBAL_FINANCIALS,LIST-0D38779AC9AC2412,LIST-9E3AEA1F5FF88D2D,LU0533033071,FINW,A2R_CANONICAL_SELECTION,True,2020-08-26,1.0,True,6,SEMANTICALLY_IDENTICAL_IMPLEMENTATION_TRANSITION,YES_SAME_A2R_ECONOMIC_FAMILY,CONTINUE,NO
2022-03-29,GLOBAL_FINANCIALS,LIST-9E3AEA1F5FF88D2D,LIST-7529CAC03FC2DD65,IE00BM67HL84,XWFS,A2R_CANONICAL_SELECTION,True,2022-03-28,1.0,True,6,SEMANTICALLY_IDENTICAL_IMPLEMENTATION_TRANSITION,YES_SAME_A2R_ECONOMIC_FAMILY,CONTINUE,NO
2023-04-11,GLOBAL_FINANCIALS,LIST-7529CAC03FC2DD65,LIST-9E3AEA1F5FF88D2D,LU0533033071,FINW,A2R_CANONICAL_SELECTION,True,2023-04-06,1.0,True,6,SEMANTICALLY_IDENTICAL_IMPLEMENTATION_TRANSITION,YES_SAME_A2R_ECONOMIC_FAMILY,CONTINUE,NO
2023-04-12,GLOBAL_FINANCIALS,LIST-9E3AEA1F5FF88D2D,LIST-7529CAC03FC2DD65,IE00BM67HL84,XWFS,A2R_CANONICAL_SELECTION,True,2023-04-11,1.0,True,6,SEMANTICALLY_IDENTICAL_IMPLEMENTATION_TRANSITION,YES_SAME_A2R_ECONOMIC_FAMILY,CONTINUE,NO
2021-11-09,GLOBAL_GENOMICS,LIST-ECE414ADE73BB1D8,LIST-CEE5449F74EC9293,IE00BM8R0N95,GNOG,A2R_CANONICAL_SELECTION,True,2021-11-08,1.0,True,1,SEMANTICALLY_IDENTICAL_IMPLEMENTATION_TRANSITION,YES_SAME_A2R_ECONOMIC_FAMILY,CONTINUE,NO
2023-01-03,GLOBAL_GENOMICS,LIST-CEE5449F74EC9293,LIST-ECE414ADE73BB1D8,IE00BM8R0N95,GNOM,A2R_CANONICAL_SELECTION,True,2022-12-30,1.0,True,1,SEMANTICALLY_IDENTICAL_IMPLEMENTATION_TRANSITION,YES_SAME_A2R_ECONOMIC_FAMILY,CONTINUE,NO
2023-01-04,GLOBAL_GENOMICS,LIST-ECE414ADE73BB1D8,LIST-CEE5449F74EC9293,IE00BM8R0N95,GNOG,A2R_CANONICAL_SELECTION,True,2023-01-03,1.0,True,1,SEMANTICALLY_IDENTICAL_IMPLEMENTATION_TRANSITION,YES_SAME_A2R_ECONOMIC_FAMILY,CONTINUE,NO
2009-01-07,GLOBAL_GOLD_MINERS,LIST-F00FC94B114BC913,LIST-3DBC2BFCFED3FB85,LU0259322260,GOLB,A2R_CANONICAL_SELECTION,True,2009-01-06,1.0,True,4,SEMANTICALLY_IDENTICAL_IMPLEMENTATION_TRANSITION,YES_SAME_A2R_ECONOMIC_FAMILY,CONTINUE,NO
2012-05-29,GLOBAL_GOLD_MINERS,LIST-3DBC2BFCFED3FB85,LIST-5903E4CCC41A4CB6,IE00B3CNHG25,AUCP,A2R_CANONICAL_SELECTION,True,2012-05-28,1.0,True,4,SEMANTICALLY_IDENTICAL_IMPLEMENTATION_TRANSITION,YES_SAME_A2R_ECONOMIC_FAMILY,CONTINUE,NO
2012-05-30,GLOBAL_GOLD_MINERS,LIST-5903E4CCC41A4CB6,LIST-3DBC2BFCFED3FB85,LU0259322260,GOLB,A2R_CANONICAL_SELECTION,True,2012-05-29,1.0,True,4,SEMANTICALLY_IDENTICAL_IMPLEMENTATION_TRANSITION,YES_SAME_A2R_ECONOMIC_FAMILY,CONTINUE,NO
2017-02-03,GLOBAL_GOLD_MINERS,LIST-3DBC2BFCFED3FB85,LIST-5903E4CCC41A4CB6,IE00B3CNHG25,AUCP,A2R_CANONICAL_SELECTION,True,2017-02-02,,True,5,CONTINUITY_SEGMENT_START_OR_RESET,YES_SAME_A2R_ECONOMIC_FAMILY,RESET_OR_ENDPOINT_UNAVAILABLE,NO
2017-08-29,GLOBAL_GOLD_MINERS,LIST-5903E4CCC41A4CB6,LIST-AB1ECCADB2461A4E,IE00BQQP9F84,GDX,A2R_CANONICAL_SELECTION,True,2017-08-25,1.0,True,5,SEMANTICALLY_IDENTICAL_IMPLEMENTATION_TRANSITION,YES_SAME_A2R_ECONOMIC_FAMILY,CONTINUE,NO
2017-08-30,GLOBAL_GOLD_MINERS,LIST-AB1ECCADB2461A4E,LIST-5903E4CCC41A4CB6,IE00B3CNHG25,AUCP,A2R_CANONICAL_SELECTION,True,2017-08-29,1.0,True,5,SEMANTICALLY_IDENTICAL_IMPLEMENTATION_TRANSITION,YES_SAME_A2R_ECONOMIC_FAMILY,CONTINUE,NO
2017-11-09,GLOBAL_GOLD_MINERS,LIST-5903E4CCC41A4CB6,LIST-3DBC2BFCFED3FB85,LU0259322260,GOLB,A2R_CANONICAL_SELECTION,False,,,False,5,STALE_OBSERVATION,YES_SAME_A2R_ECONOMIC_FAMILY,RESET_OR_ENDPOINT_UNAVAILABLE,NO
2017-11-10,GLOBAL_GOLD_MINERS,LIST-3DBC2BFCFED3FB85,LIST-5903E4CCC41A4CB6,IE00B3CNHG25,AUCP,A2R_CANONICAL_SELECTION,True,2017-11-09,1.0,False,5,EXACT_PREVIOUS_XLON_SESSION_ENDPOINT,YES_SAME_A2R_ECONOMIC_FAMILY,RESET_OR_ENDPOINT_UNAVAILABLE,NO
2019-10-25,GLOBAL_GOLD_MINERS,LIST-5903E4CCC41A4CB6,LIST-3DBC2BFCFED3FB85,LU0259322260,GOLB,A2R_CANONICAL_SELECTION,False,,,False,5,STALE_OBSERVATION,YES_SAME_A2R_ECONOMIC_FAMILY,RESET_OR_ENDPOINT_UNAVAILABLE,NO
2019-10-28,GLOBAL_GOLD_MINERS,LIST-3DBC2BFCFED3FB85,LIST-5903E4CCC41A4CB6,IE00B3CNHG25,AUCP,A2R_CANONICAL_SELECTION,True,2019-10-25,1.0,False,5,EXACT_PREVIOUS_XLON_SESSION_ENDPOINT,YES_SAME_A2R_ECONOMIC_FAMILY,RESET_OR_ENDPOINT_UNAVAILABLE,NO
2026-05-05,GLOBAL_GOLD_MINERS,LIST-5903E4CCC41A4CB6,LIST-1651384C2D972103,IE00BQQP9G91,GJGB,A2R_CANONICAL_SELECTION,True,2026-05-01,1.0,True,5,SEMANTICALLY_IDENTICAL_IMPLEMENTATION_TRANSITION,YES_SAME_A2R_ECONOMIC_FAMILY,CONTINUE,NO
2026-05-06,GLOBAL_GOLD_MINERS,LIST-1651384C2D972103,LIST-5903E4CCC41A4CB6,IE00B3CNHG25,AUCP,A2R_CANONICAL_SELECTION,True,2026-05-05,1.0,True,5,SEMANTICALLY_IDENTICAL_IMPLEMENTATION_TRANSITION,YES_SAME_A2R_ECONOMIC_FAMILY,CONTINUE,NO
2022-04-07,GLOBAL_HEALTHCARE,LIST-A36F0D56082B7FAD,LIST-12D97A6B27C89061,IE00BYTRRB94,HEAW,A2R_CANONICAL_SELECTION,True,2022-04-06,1.0,True,11,SEMANTICALLY_IDENTICAL_IMPLEMENTATION_TRANSITION,YES_SAME_A2R_ECONOMIC_FAMILY,CONTINUE,NO
2023-08-17,GLOBAL_INDUSTRIALS,LIST-6B65B9F30358BBCC,LIST-4C27B6092CA89DA6,IE00BM67HV82,XWIS,A2R_CANONICAL_SELECTION,True,2023-08-16,1.0,True,1,SEMANTICALLY_IDENTICAL_IMPLEMENTATION_TRANSITION,YES_SAME_A2R_ECONOMIC_FAMILY,CONTINUE,NO
2008-09-29,GLOBAL_INFRASTRUCTURE,A2RLIST-1D7053D13E3F9704,A2RLIST-92BEF8C0172CF2EE,IE00B1FZS467,IDIN,A2R_CANONICAL_SELECTION,False,,,False,1,PRICE_NOT_AVAILABLE,YES_SAME_A2R_ECONOMIC_FAMILY,RESET_OR_ENDPOINT_UNAVAILABLE,NO
2008-09-30,GLOBAL_INFRASTRUCTURE,A2RLIST-92BEF8C0172CF2EE,A2RLIST-1D7053D13E3F9704,IE00B1FZS467,INFR,A2R_CANONICAL_SELECTION,True,2008-09-29,1.0,False,1,EXACT_PREVIOUS_XLON_SESSION_ENDPOINT,YES_SAME_A2R_ECONOMIC_FAMILY,RESET_OR_ENDPOINT_UNAVAILABLE,NO
2008-10-03,GLOBAL_INFRASTRUCTURE,A2RLIST-1D7053D13E3F9704,A2RLIST-92BEF8C0172CF2EE,IE00B1FZS467,IDIN,A2R_CANONICAL_SELECTION,True,2008-10-02,1.0,True,1,SEMANTICALLY_IDENTICAL_IMPLEMENTATION_TRANSITION,YES_SAME_A2R_ECONOMIC_FAMILY,CONTINUE,NO
2008-10-06,GLOBAL_INFRASTRUCTURE,A2RLIST-92BEF8C0172CF2EE,A2RLIST-1D7053D13E3F9704,IE00B1FZS467,INFR,A2R_CANONICAL_SELECTION,True,2008-10-03,1.0,True,1,SEMANTICALLY_IDENTICAL_IMPLEMENTATION_TRANSITION,YES_SAME_A2R_ECONOMIC_FAMILY,CONTINUE,NO
2008-10-24,GLOBAL_INFRASTRUCTURE,A2RLIST-1D7053D13E3F9704,A2RLIST-92BEF8C0172CF2EE,IE00B1FZS467,IDIN,A2R_CANONICAL_SELECTION,False,,,False,1,PRICE_NOT_AVAILABLE,YES_SAME_A2R_ECONOMIC_FAMILY,RESET_OR_ENDPOINT_UNAVAILABLE,NO
2008-10-27,GLOBAL_INFRASTRUCTURE,A2RLIST-92BEF8C0172CF2EE,A2RLIST-1D7053D13E3F9704,IE00B1FZS467,INFR,A2R_CANONICAL_SELECTION,True,2008-10-24,1.0,False,1,EXACT_PREVIOUS_XLON_SESSION_ENDPOINT,YES_SAME_A2R_ECONOMIC_FAMILY,RESET_OR_ENDPOINT_UNAVAILABLE,NO
2008-12-03,GLOBAL_INFRASTRUCTURE,A2RLIST-1D7053D13E3F9704,A2RLIST-92BEF8C0172CF2EE,IE00B1FZS467,IDIN,A2R_CANONICAL_SELECTION,True,2008-12-02,1.0,True,1,SEMANTICALLY_IDENTICAL_IMPLEMENTATION_TRANSITION,YES_SAME_A2R_ECONOMIC_FAMILY,CONTINUE,NO
2008-12-04,GLOBAL_INFRASTRUCTURE,A2RLIST-92BEF8C0172CF2EE,A2RLIST-1D7053D13E3F9704,IE00B1FZS467,INFR,A2R_CANONICAL_SELECTION,True,2008-12-03,1.0,True,1,SEMANTICALLY_IDENTICAL_IMPLEMENTATION_TRANSITION,YES_SAME_A2R_ECONOMIC_FAMILY,CONTINUE,NO
2009-02-11,GLOBAL_INFRASTRUCTURE,A2RLIST-1D7053D13E3F9704,A2RLIST-92BEF8C0172CF2EE,IE00B1FZS467,IDIN,A2R_CANONICAL_SELECTION,False,,,False,1,PRICE_NOT_AVAILABLE,YES_SAME_A2R_ECONOMIC_FAMILY,RESET_OR_ENDPOINT_UNAVAILABLE,NO
2009-02-12,GLOBAL_INFRASTRUCTURE,A2RLIST-92BEF8C0172CF2EE,A2RLIST-1D7053D13E3F9704,IE00B1FZS467,INFR,A2R_CANONICAL_SELECTION,True,2009-02-11,1.0,False,1,EXACT_PREVIOUS_XLON_SESSION_ENDPOINT,YES_SAME_A2R_ECONOMIC_FAMILY,RESET_OR_ENDPOINT_UNAVAILABLE,NO
2009-05-05,GLOBAL_INFRASTRUCTURE,A2RLIST-1D7053D13E3F9704,A2RLIST-92BEF8C0172CF2EE,IE00B1FZS467,IDIN,A2R_CANONICAL_SELECTION,True,2009-05-01,1.0,True,1,SEMANTICALLY_IDENTICAL_IMPLEMENTATION_TRANSITION,YES_SAME_A2R_ECONOMIC_FAMILY,CONTINUE,NO
2009-05-06,GLOBAL_INFRASTRUCTURE,A2RLIST-92BEF8C0172CF2EE,A2RLIST-1D7053D13E3F9704,IE00B1FZS467,INFR,A2R_CANONICAL_SELECTION,True,2009-05-05,1.0,True,1,SEMANTICALLY_IDENTICAL_IMPLEMENTATION_TRANSITION,YES_SAME_A2R_ECONOMIC_FAMILY,CONTINUE,NO
2009-06-15,GLOBAL_INFRASTRUCTURE,A2RLIST-1D7053D13E3F9704,A2RLIST-92BEF8C0172CF2EE,IE00B1FZS467,IDIN,A2R_CANONICAL_SELECTION,True,2009-06-12,1.0,True,1,SEMANTICALLY_IDENTICAL_IMPLEMENTATION_TRANSITION,YES_SAME_A2R_ECONOMIC_FAMILY,CONTINUE,NO
2009-06-16,GLOBAL_INFRASTRUCTURE,A2RLIST-92BEF8C0172CF2EE,A2RLIST-1D7053D13E3F9704,IE00B1FZS467,INFR,A2R_CANONICAL_SELECTION,True,2009-06-15,1.0,True,1,SEMANTICALLY_IDENTICAL_IMPLEMENTATION_TRANSITION,YES_SAME_A2R_ECONOMIC_FAMILY,CONTINUE,NO
2009-07-02,GLOBAL_INFRASTRUCTURE,A2RLIST-1D7053D13E3F9704,A2RLIST-92BEF8C0172CF2EE,IE00B1FZS467,IDIN,A2R_CANONICAL_SELECTION,True,2009-07-01,1.0,True,1,SEMANTICALLY_IDENTICAL_IMPLEMENTATION_TRANSITION,YES_SAME_A2R_ECONOMIC_FAMILY,CONTINUE,NO
2009-07-03,GLOBAL_INFRASTRUCTURE,A2RLIST-92BEF8C0172CF2EE,A2RLIST-1D7053D13E3F9704,IE00B1FZS467,INFR,A2R_CANONICAL_SELECTION,True,2009-07-02,1.0,True,1,SEMANTICALLY_IDENTICAL_IMPLEMENTATION_TRANSITION,YES_SAME_A2R_ECONOMIC_FAMILY,CONTINUE,NO
2009-07-07,GLOBAL_INFRASTRUCTURE,A2RLIST-1D7053D13E3F9704,A2RLIST-92BEF8C0172CF2EE,IE00B1FZS467,IDIN,A2R_CANONICAL_SELECTION,False,,,False,1,PRICE_NOT_AVAILABLE,YES_SAME_A2R_ECONOMIC_FAMILY,RESET_OR_ENDPOINT_UNAVAILABLE,NO
2009-07-08,GLOBAL_INFRASTRUCTURE,A2RLIST-92BEF8C0172CF2EE,A2RLIST-1D7053D13E3F9704,IE00B1FZS467,INFR,A2R_CANONICAL_SELECTION,True,2009-07-07,1.0,False,1,EXACT_PREVIOUS_XLON_SESSION_ENDPOINT,YES_SAME_A2R_ECONOMIC_FAMILY,RESET_OR_ENDPOINT_UNAVAILABLE,NO
2010-03-25,GLOBAL_INFRASTRUCTURE,A2RLIST-1D7053D13E3F9704,A2RLIST-92BEF8C0172CF2EE,IE00B1FZS467,IDIN,A2R_CANONICAL_SELECTION,True,2010-03-24,1.0,True,1,SEMANTICALLY_IDENTICAL_IMPLEMENTATION_TRANSITION,YES_SAME_A2R_ECONOMIC_FAMILY,CONTINUE,NO
2010-03-26,GLOBAL_INFRASTRUCTURE,A2RLIST-92BEF8C0172CF2EE,A2RLIST-1D7053D13E3F9704,IE00B1FZS467,INFR,A2R_CANONICAL_SELECTION,True,2010-03-25,1.0,True,1,SEMANTICALLY_IDENTICAL_IMPLEMENTATION_TRANSITION,YES_SAME_A2R_ECONOMIC_FAMILY,CONTINUE,NO
2010-04-15,GLOBAL_INFRASTRUCTURE,A2RLIST-1D7053D13E3F9704,A2RLIST-92BEF8C0172CF2EE,IE00B1FZS467,IDIN,A2R_CANONICAL_SELECTION,False,,,False,1,PRICE_NOT_AVAILABLE,YES_SAME_A2R_ECONOMIC_FAMILY,RESET_OR_ENDPOINT_UNAVAILABLE,NO
2010-04-16,GLOBAL_INFRASTRUCTURE,A2RLIST-92BEF8C0172CF2EE,A2RLIST-1D7053D13E3F9704,IE00B1FZS467,INFR,A2R_CANONICAL_SELECTION,True,2010-04-15,1.0,False,1,EXACT_PREVIOUS_XLON_SESSION_ENDPOINT,YES_SAME_A2R_ECONOMIC_FAMILY,RESET_OR_ENDPOINT_UNAVAILABLE,NO
2010-04-26,GLOBAL_INFRASTRUCTURE,A2RLIST-1D7053D13E3F9704,A2RLIST-92BEF8C0172CF2EE,IE00B1FZS467,IDIN,A2R_CANONICAL_SELECTION,True,2010-04-23,1.0,True,1,SEMANTICALLY_IDENTICAL_IMPLEMENTATION_TRANSITION,YES_SAME_A2R_ECONOMIC_FAMILY,CONTINUE,NO
2010-04-27,GLOBAL_INFRASTRUCTURE,A2RLIST-92BEF8C0172CF2EE,A2RLIST-1D7053D13E3F9704,IE00B1FZS467,INFR,A2R_CANONICAL_SELECTION,True,2010-04-26,1.0,True,1,SEMANTICALLY_IDENTICAL_IMPLEMENTATION_TRANSITION,YES_SAME_A2R_ECONOMIC_FAMILY,CONTINUE,NO
2010-07-14,GLOBAL_INFRASTRUCTURE,A2RLIST-1D7053D13E3F9704,A2RLIST-92BEF8C0172CF2EE,IE00B1FZS467,IDIN,A2R_CANONICAL_SELECTION,True,2010-07-13,1.0,True,1,SEMANTICALLY_IDENTICAL_IMPLEMENTATION_TRANSITION,YES_SAME_A2R_ECONOMIC_FAMILY,CONTINUE,NO
2010-07-16,GLOBAL_INFRASTRUCTURE,A2RLIST-92BEF8C0172CF2EE,A2RLIST-1D7053D13E3F9704,IE00B1FZS467,INFR,A2R_CANONICAL_SELECTION,True,2010-07-15,1.0,True,1,SEMANTICALLY_IDENTICAL_IMPLEMENTATION_TRANSITION,YES_SAME_A2R_ECONOMIC_FAMILY,CONTINUE,NO
2010-08-03,GLOBAL_INFRASTRUCTURE,A2RLIST-1D7053D13E3F9704,A2RLIST-92BEF8C0172CF2EE,IE00B1FZS467,IDIN,A2R_CANONICAL_SELECTION,False,,,False,1,PRICE_NOT_AVAILABLE,YES_SAME_A2R_ECONOMIC_FAMILY,RESET_OR_ENDPOINT_UNAVAILABLE,NO
2010-08-04,GLOBAL_INFRASTRUCTURE,A2RLIST-92BEF8C0172CF2EE,A2RLIST-1D7053D13E3F9704,IE00B1FZS467,INFR,A2R_CANONICAL_SELECTION,True,2010-08-03,1.0,False,1,EXACT_PREVIOUS_XLON_SESSION_ENDPOINT,YES_SAME_A2R_ECONOMIC_FAMILY,RESET_OR_ENDPOINT_UNAVAILABLE,NO
2010-12-02,GLOBAL_INFRASTRUCTURE,A2RLIST-1D7053D13E3F9704,A2RLIST-92BEF8C0172CF2EE,IE00B1FZS467,IDIN,A2R_CANONICAL_SELECTION,False,,,False,1,PRICE_NOT_AVAILABLE,YES_SAME_A2R_ECONOMIC_FAMILY,RESET_OR_ENDPOINT_UNAVAILABLE,NO
2010-12-03,GLOBAL_INFRASTRUCTURE,A2RLIST-92BEF8C0172CF2EE,A2RLIST-1D7053D13E3F9704,IE00B1FZS467,INFR,A2R_CANONICAL_SELECTION,True,2010-12-02,1.0,False,1,EXACT_PREVIOUS_XLON_SESSION_ENDPOINT,YES_SAME_A2R_ECONOMIC_FAMILY,RESET_OR_ENDPOINT_UNAVAILABLE,NO
2011-03-04,GLOBAL_INFRASTRUCTURE,A2RLIST-1D7053D13E3F9704,A2RLIST-92BEF8C0172CF2EE,IE00B1FZS467,IDIN,A2R_CANONICAL_SELECTION,True,2011-03-03,1.0,True,1,SEMANTICALLY_IDENTICAL_IMPLEMENTATION_TRANSITION,YES_SAME_A2R_ECONOMIC_FAMILY,CONTINUE,NO
2011-03-07,GLOBAL_INFRASTRUCTURE,A2RLIST-92BEF8C0172CF2EE,A2RLIST-1D7053D13E3F9704,IE00B1FZS467,INFR,A2R_CANONICAL_SELECTION,True,2011-03-04,1.0,True,1,SEMANTICALLY_IDENTICAL_IMPLEMENTATION_TRANSITION,YES_SAME_A2R_ECONOMIC_FAMILY,CONTINUE,NO
2011-06-30,GLOBAL_INFRASTRUCTURE,A2RLIST-1D7053D13E3F9704,A2RLIST-92BEF8C0172CF2EE,IE00B1FZS467,IDIN,A2R_CANONICAL_SELECTION,False,,,False,1,PRICE_NOT_AVAILABLE,YES_SAME_A2R_ECONOMIC_FAMILY,RESET_OR_ENDPOINT_UNAVAILABLE,NO
2011-07-01,GLOBAL_INFRASTRUCTURE,A2RLIST-92BEF8C0172CF2EE,A2RLIST-1D7053D13E3F9704,IE00B1FZS467,INFR,A2R_CANONICAL_SELECTION,True,2011-06-30,1.0,False,1,EXACT_PREVIOUS_XLON_SESSION_ENDPOINT,YES_SAME_A2R_ECONOMIC_FAMILY,RESET_OR_ENDPOINT_UNAVAILABLE,NO
2011-08-17,GLOBAL_INFRASTRUCTURE,A2RLIST-1D7053D13E3F9704,A2RLIST-92BEF8C0172CF2EE,IE00B1FZS467,IDIN,A2R_CANONICAL_SELECTION,False,,,False,1,PRICE_NOT_AVAILABLE,YES_SAME_A2R_ECONOMIC_FAMILY,RESET_OR_ENDPOINT_UNAVAILABLE,NO
2011-08-18,GLOBAL_INFRASTRUCTURE,A2RLIST-92BEF8C0172CF2EE,A2RLIST-1D7053D13E3F9704,IE00B1FZS467,INFR,A2R_CANONICAL_SELECTION,True,2011-08-17,1.0,False,1,EXACT_PREVIOUS_XLON_SESSION_ENDPOINT,YES_SAME_A2R_ECONOMIC_FAMILY,RESET_OR_ENDPOINT_UNAVAILABLE,NO
2011-09-05,GLOBAL_INFRASTRUCTURE,A2RLIST-1D7053D13E3F9704,A2RLIST-92BEF8C0172CF2EE,IE00B1FZS467,IDIN,A2R_CANONICAL_SELECTION,False,,,False,1,PRICE_NOT_AVAILABLE,YES_SAME_A2R_ECONOMIC_FAMILY,RESET_OR_ENDPOINT_UNAVAILABLE,NO
2011-09-06,GLOBAL_INFRASTRUCTURE,A2RLIST-92BEF8C0172CF2EE,A2RLIST-1D7053D13E3F9704,IE00B1FZS467,INFR,A2R_CANONICAL_SELECTION,True,2011-09-05,1.0,False,1,EXACT_PREVIOUS_XLON_SESSION_ENDPOINT,YES_SAME_A2R_ECONOMIC_FAMILY,RESET_OR_ENDPOINT_UNAVAILABLE,NO
2011-09-19,GLOBAL_INFRASTRUCTURE,A2RLIST-1D7053D13E3F9704,A2RLIST-92BEF8C0172CF2EE,IE00B1FZS467,IDIN,A2R_CANONICAL_SELECTION,False,,,False,1,PRICE_NOT_AVAILABLE,YES_SAME_A2R_ECONOMIC_FAMILY,RESET_OR_ENDPOINT_UNAVAILABLE,NO
2011-09-20,GLOBAL_INFRASTRUCTURE,A2RLIST-92BEF8C0172CF2EE,A2RLIST-1D7053D13E3F9704,IE00B1FZS467,INFR,A2R_CANONICAL_SELECTION,True,2011-09-19,1.0,False,1,EXACT_PREVIOUS_XLON_SESSION_ENDPOINT,YES_SAME_A2R_ECONOMIC_FAMILY,RESET_OR_ENDPOINT_UNAVAILABLE,NO
2011-09-22,GLOBAL_INFRASTRUCTURE,A2RLIST-1D7053D13E3F9704,A2RLIST-92BEF8C0172CF2EE,IE00B1FZS467,IDIN,A2R_CANONICAL_SELECTION,False,,,False,1,PRICE_NOT_AVAILABLE,YES_SAME_A2R_ECONOMIC_FAMILY,RESET_OR_ENDPOINT_UNAVAILABLE,NO
2011-09-23,GLOBAL_INFRASTRUCTURE,A2RLIST-92BEF8C0172CF2EE,A2RLIST-1D7053D13E3F9704,IE00B1FZS467,INFR,A2R_CANONICAL_SELECTION,True,2011-09-22,1.0,False,1,EXACT_PREVIOUS_XLON_SESSION_ENDPOINT,YES_SAME_A2R_ECONOMIC_FAMILY,RESET_OR_ENDPOINT_UNAVAILABLE,NO
2011-09-30,GLOBAL_INFRASTRUCTURE,A2RLIST-1D7053D13E3F9704,A2RLIST-92BEF8C0172CF2EE,IE00B1FZS467,IDIN,A2R_CANONICAL_SELECTION,False,,,False,1,PRICE_NOT_AVAILABLE,YES_SAME_A2R_ECONOMIC_FAMILY,RESET_OR_ENDPOINT_UNAVAILABLE,NO
2011-10-03,GLOBAL_INFRASTRUCTURE,A2RLIST-92BEF8C0172CF2EE,A2RLIST-1D7053D13E3F9704,IE00B1FZS467,INFR,A2R_CANONICAL_SELECTION,True,2011-09-30,1.0,False,1,EXACT_PREVIOUS_XLON_SESSION_ENDPOINT,YES_SAME_A2R_ECONOMIC_FAMILY,RESET_OR_ENDPOINT_UNAVAILABLE,NO
2023-08-17,GLOBAL_MATERIALS,LIST-5EFCDEE4366E2C0C,LIST-89C63DDE6DEB254E,IE00BM67HS53,XSMW,A2R_CANONICAL_SELECTION,True,2023-08-16,1.0,True,40,SEMANTICALLY_IDENTICAL_IMPLEMENTATION_TRANSITION,YES_SAME_A2R_ECONOMIC_FAMILY,CONTINUE,NO
2011-10-21,GLOBAL_OIL_GAS,LIST-2B347B78BAC9F605,LIST-E2CD82739D9CCE44,IE00B6R51Z18,IOGP,A2R_CANONICAL_SELECTION,True,2011-10-20,,True,2,CONTINUITY_SEGMENT_START_OR_RESET,YES_SAME_A2R_ECONOMIC_FAMILY,RESET_OR_ENDPOINT_UNAVAILABLE,NO
2011-10-24,GLOBAL_OIL_GAS,LIST-E2CD82739D9CCE44,LIST-2B347B78BAC9F605,IE00B6R51Z18,SPOG,A2R_CANONICAL_SELECTION,False,,,False,2,PRICE_NOT_AVAILABLE,YES_SAME_A2R_ECONOMIC_FAMILY,RESET_OR_ENDPOINT_UNAVAILABLE,NO
2011-10-25,GLOBAL_OIL_GAS,LIST-2B347B78BAC9F605,LIST-E2CD82739D9CCE44,IE00B6R51Z18,IOGP,A2R_CANONICAL_SELECTION,False,,,False,2,PRICE_NOT_AVAILABLE,YES_SAME_A2R_ECONOMIC_FAMILY,RESET_OR_ENDPOINT_UNAVAILABLE,NO
2011-10-28,GLOBAL_OIL_GAS,LIST-2B347B78BAC9F605,LIST-E2CD82739D9CCE44,IE00B6R51Z18,IOGP,A2R_CANONICAL_SELECTION,True,2011-10-27,,False,3,CONTINUITY_SEGMENT_START_OR_RESET,YES_SAME_A2R_ECONOMIC_FAMILY,RESET_OR_ENDPOINT_UNAVAILABLE,NO
2011-11-29,GLOBAL_OIL_GAS,LIST-E2CD82739D9CCE44,LIST-2B347B78BAC9F605,IE00B6R51Z18,SPOG,A2R_CANONICAL_SELECTION,True,2011-11-28,,False,5,CONTINUITY_SEGMENT_START_OR_RESET,YES_SAME_A2R_ECONOMIC_FAMILY,RESET_OR_ENDPOINT_UNAVAILABLE,NO
2011-12-07,GLOBAL_OIL_GAS,LIST-2B347B78BAC9F605,LIST-E2CD82739D9CCE44,IE00B6R51Z18,IOGP,A2R_CANONICAL_SELECTION,False,,,False,5,PRICE_NOT_AVAILABLE,YES_SAME_A2R_ECONOMIC_FAMILY,RESET_OR_ENDPOINT_UNAVAILABLE,NO
2011-12-12,GLOBAL_OIL_GAS,LIST-2B347B78BAC9F605,LIST-E2CD82739D9CCE44,IE00B6R51Z18,IOGP,A2R_CANONICAL_SELECTION,False,,,False,5,PRICE_NOT_AVAILABLE,YES_SAME_A2R_ECONOMIC_FAMILY,RESET_OR_ENDPOINT_UNAVAILABLE,NO
2011-12-15,GLOBAL_OIL_GAS,LIST-2B347B78BAC9F605,LIST-E2CD82739D9CCE44,IE00B6R51Z18,IOGP,A2R_CANONICAL_SELECTION,False,,,False,5,PRICE_NOT_AVAILABLE,YES_SAME_A2R_ECONOMIC_FAMILY,RESET_OR_ENDPOINT_UNAVAILABLE,NO
2012-01-26,GLOBAL_OIL_GAS,LIST-2B347B78BAC9F605,LIST-E2CD82739D9CCE44,IE00B6R51Z18,IOGP,A2R_CANONICAL_SELECTION,True,2012-01-25,1.0,True,6,SEMANTICALLY_IDENTICAL_IMPLEMENTATION_TRANSITION,YES_SAME_A2R_ECONOMIC_FAMILY,CONTINUE,NO
2012-01-27,GLOBAL_OIL_GAS,LIST-E2CD82739D9CCE44,LIST-2B347B78BAC9F605,IE00B6R51Z18,SPOG,A2R_CANONICAL_SELECTION,False,,,False,6,PRICE_NOT_AVAILABLE,YES_SAME_A2R_ECONOMIC_FAMILY,RESET_OR_ENDPOINT_UNAVAILABLE,NO
2012-02-09,GLOBAL_OIL_GAS,LIST-E2CD82739D9CCE44,LIST-2B347B78BAC9F605,IE00B6R51Z18,SPOG,A2R_CANONICAL_SELECTION,False,,,False,7,PRICE_NOT_AVAILABLE,YES_SAME_A2R_ECONOMIC_FAMILY,RESET_OR_ENDPOINT_UNAVAILABLE,NO
2012-02-10,GLOBAL_OIL_GAS,LIST-2B347B78BAC9F605,LIST-E2CD82739D9CCE44,IE00B6R51Z18,IOGP,A2R_CANONICAL_SELECTION,True,2012-02-09,1.0,False,7,EXACT_PREVIOUS_XLON_SESSION_ENDPOINT,YES_SAME_A2R_ECONOMIC_FAMILY,RESET_OR_ENDPOINT_UNAVAILABLE,NO
2012-02-13,GLOBAL_OIL_GAS,LIST-E2CD82739D9CCE44,LIST-2B347B78BAC9F605,IE00B6R51Z18,SPOG,A2R_CANONICAL_SELECTION,False,,,False,7,PRICE_NOT_AVAILABLE,YES_SAME_A2R_ECONOMIC_FAMILY,RESET_OR_ENDPOINT_UNAVAILABLE,NO
2012-02-14,GLOBAL_OIL_GAS,LIST-2B347B78BAC9F605,LIST-E2CD82739D9CCE44,IE00B6R51Z18,IOGP,A2R_CANONICAL_SELECTION,False,,,False,7,PRICE_NOT_AVAILABLE,YES_SAME_A2R_ECONOMIC_FAMILY,RESET_OR_ENDPOINT_UNAVAILABLE,NO
2012-04-18,GLOBAL_OIL_GAS,LIST-2B347B78BAC9F605,LIST-E2CD82739D9CCE44,IE00B6R51Z18,IOGP,A2R_CANONICAL_SELECTION,True,2012-04-17,,True,10,CONTINUITY_SEGMENT_START_OR_RESET,YES_SAME_A2R_ECONOMIC_FAMILY,RESET_OR_ENDPOINT_UNAVAILABLE,NO
2012-04-19,GLOBAL_OIL_GAS,LIST-E2CD82739D9CCE44,LIST-2B347B78BAC9F605,IE00B6R51Z18,SPOG,A2R_CANONICAL_SELECTION,False,,,False,10,PRICE_NOT_AVAILABLE,YES_SAME_A2R_ECONOMIC_FAMILY,RESET_OR_ENDPOINT_UNAVAILABLE,NO
2012-04-20,GLOBAL_OIL_GAS,LIST-2B347B78BAC9F605,LIST-E2CD82739D9CCE44,IE00B6R51Z18,IOGP,A2R_CANONICAL_SELECTION,False,,,False,10,PRICE_NOT_AVAILABLE,YES_SAME_A2R_ECONOMIC_FAMILY,RESET_OR_ENDPOINT_UNAVAILABLE,NO
2012-04-23,GLOBAL_OIL_GAS,LIST-E2CD82739D9CCE44,LIST-2B347B78BAC9F605,IE00B6R51Z18,SPOG,A2R_CANONICAL_SELECTION,True,2012-04-20,1.0,True,10,SEMANTICALLY_IDENTICAL_IMPLEMENTATION_TRANSITION,YES_SAME_A2R_ECONOMIC_FAMILY,CONTINUE,NO
2012-05-04,GLOBAL_OIL_GAS,LIST-2B347B78BAC9F605,LIST-E2CD82739D9CCE44,IE00B6R51Z18,IOGP,A2R_CANONICAL_SELECTION,False,,,False,10,PRICE_NOT_AVAILABLE,YES_SAME_A2R_ECONOMIC_FAMILY,RESET_OR_ENDPOINT_UNAVAILABLE,NO
2012-05-08,GLOBAL_OIL_GAS,LIST-E2CD82739D9CCE44,LIST-2B347B78BAC9F605,IE00B6R51Z18,SPOG,A2R_CANONICAL_SELECTION,True,2012-05-04,1.0,False,10,EXACT_PREVIOUS_XLON_SESSION_ENDPOINT,YES_SAME_A2R_ECONOMIC_FAMILY,RESET_OR_ENDPOINT_UNAVAILABLE,NO
2012-05-14,GLOBAL_OIL_GAS,LIST-2B347B78BAC9F605,LIST-E2CD82739D9CCE44,IE00B6R51Z18,IOGP,A2R_CANONICAL_SELECTION,False,,,False,10,PRICE_NOT_AVAILABLE,YES_SAME_A2R_ECONOMIC_FAMILY,RESET_OR_ENDPOINT_UNAVAILABLE,NO
2012-05-15,GLOBAL_OIL_GAS,LIST-E2CD82739D9CCE44,LIST-2B347B78BAC9F605,IE00B6R51Z18,SPOG,A2R_CANONICAL_SELECTION,True,2012-05-14,1.0,False,10,EXACT_PREVIOUS_XLON_SESSION_ENDPOINT,YES_SAME_A2R_ECONOMIC_FAMILY,RESET_OR_ENDPOINT_UNAVAILABLE,NO
2012-07-11,GLOBAL_OIL_GAS,LIST-2B347B78BAC9F605,LIST-E2CD82739D9CCE44,IE00B6R51Z18,IOGP,A2R_CANONICAL_SELECTION,False,,,False,10,PRICE_NOT_AVAILABLE,YES_SAME_A2R_ECONOMIC_FAMILY,RESET_OR_ENDPOINT_UNAVAILABLE,NO
2012-07-20,GLOBAL_OIL_GAS,LIST-2B347B78BAC9F605,LIST-E2CD82739D9CCE44,IE00B6R51Z18,IOGP,A2R_CANONICAL_SELECTION,True,2012-07-19,1.0,True,11,SEMANTICALLY_IDENTICAL_IMPLEMENTATION_TRANSITION,YES_SAME_A2R_ECONOMIC_FAMILY,CONTINUE,NO
2012-07-23,GLOBAL_OIL_GAS,LIST-E2CD82739D9CCE44,LIST-2B347B78BAC9F605,IE00B6R51Z18,SPOG,A2R_CANONICAL_SELECTION,True,2012-07-20,1.0,True,11,SEMANTICALLY_IDENTICAL_IMPLEMENTATION_TRANSITION,YES_SAME_A2R_ECONOMIC_FAMILY,CONTINUE,NO
2012-08-06,GLOBAL_OIL_GAS,LIST-2B347B78BAC9F605,LIST-E2CD82739D9CCE44,IE00B6R51Z18,IOGP,A2R_CANONICAL_SELECTION,True,2012-08-03,,True,12,CONTINUITY_SEGMENT_START_OR_RESET,YES_SAME_A2R_ECONOMIC_FAMILY,RESET_OR_ENDPOINT_UNAVAILABLE,NO
2012-08-07,GLOBAL_OIL_GAS,LIST-E2CD82739D9CCE44,LIST-2B347B78BAC9F605,IE00B6R51Z18,SPOG,A2R_CANONICAL_SELECTION,True,2012-08-06,1.0,True,12,SEMANTICALLY_IDENTICAL_IMPLEMENTATION_TRANSITION,YES_SAME_A2R_ECONOMIC_FAMILY,CONTINUE,NO
2012-09-03,GLOBAL_OIL_GAS,LIST-2B347B78BAC9F605,LIST-E2CD82739D9CCE44,IE00B6R51Z18,IOGP,A2R_CANONICAL_SELECTION,True,2012-08-31,1.0,True,12,SEMANTICALLY_IDENTICAL_IMPLEMENTATION_TRANSITION,YES_SAME_A2R_ECONOMIC_FAMILY,CONTINUE,NO
2012-09-04,GLOBAL_OIL_GAS,LIST-E2CD82739D9CCE44,LIST-2B347B78BAC9F605,IE00B6R51Z18,SPOG,A2R_CANONICAL_SELECTION,True,2012-09-03,1.0,True,12,SEMANTICALLY_IDENTICAL_IMPLEMENTATION_TRANSITION,YES_SAME_A2R_ECONOMIC_FAMILY,CONTINUE,NO
2012-09-13,GLOBAL_OIL_GAS,LIST-2B347B78BAC9F605,LIST-E2CD82739D9CCE44,IE00B6R51Z18,IOGP,A2R_CANONICAL_SELECTION,True,2012-09-12,,True,13,CONTINUITY_SEGMENT_START_OR_RESET,YES_SAME_A2R_ECONOMIC_FAMILY,RESET_OR_ENDPOINT_UNAVAILABLE,NO
2012-09-17,GLOBAL_OIL_GAS,LIST-E2CD82739D9CCE44,LIST-2B347B78BAC9F605,IE00B6R51Z18,SPOG,A2R_CANONICAL_SELECTION,False,,,False,13,PRICE_NOT_AVAILABLE,YES_SAME_A2R_ECONOMIC_FAMILY,RESET_OR_ENDPOINT_UNAVAILABLE,NO
2012-09-18,GLOBAL_OIL_GAS,LIST-2B347B78BAC9F605,LIST-E2CD82739D9CCE44,IE00B6R51Z18,IOGP,A2R_CANONICAL_SELECTION,True,2012-09-17,1.0,False,13,EXACT_PREVIOUS_XLON_SESSION_ENDPOINT,YES_SAME_A2R_ECONOMIC_FAMILY,RESET_OR_ENDPOINT_UNAVAILABLE,NO
2012-09-20,GLOBAL_OIL_GAS,LIST-E2CD82739D9CCE44,LIST-2B347B78BAC9F605,IE00B6R51Z18,SPOG,A2R_CANONICAL_SELECTION,True,2012-09-19,1.0,True,13,SEMANTICALLY_IDENTICAL_IMPLEMENTATION_TRANSITION,YES_SAME_A2R_ECONOMIC_FAMILY,CONTINUE,NO
2012-10-02,GLOBAL_OIL_GAS,LIST-E2CD82739D9CCE44,LIST-2B347B78BAC9F605,IE00B6R51Z18,SPOG,A2R_CANONICAL_SELECTION,True,2012-10-01,,False,14,CONTINUITY_SEGMENT_START_OR_RESET,YES_SAME_A2R_ECONOMIC_FAMILY,RESET_OR_ENDPOINT_UNAVAILABLE,NO
2012-10-15,GLOBAL_OIL_GAS,LIST-2B347B78BAC9F605,LIST-E2CD82739D9CCE44,IE00B6R51Z18,IOGP,A2R_CANONICAL_SELECTION,True,2012-10-12,1.0,True,14,SEMANTICALLY_IDENTICAL_IMPLEMENTATION_TRANSITION,YES_SAME_A2R_ECONOMIC_FAMILY,CONTINUE,NO
2012-10-16,GLOBAL_OIL_GAS,LIST-E2CD82739D9CCE44,LIST-2B347B78BAC9F605,IE00B6R51Z18,SPOG,A2R_CANONICAL_SELECTION,False,,,False,14,PRICE_NOT_AVAILABLE,YES_SAME_A2R_ECONOMIC_FAMILY,RESET_OR_ENDPOINT_UNAVAILABLE,NO
2012-10-17,GLOBAL_OIL_GAS,LIST-2B347B78BAC9F605,LIST-E2CD82739D9CCE44,IE00B6R51Z18,IOGP,A2R_CANONICAL_SELECTION,False,,,False,14,PRICE_NOT_AVAILABLE,YES_SAME_A2R_ECONOMIC_FAMILY,RESET_OR_ENDPOINT_UNAVAILABLE,NO
2012-10-18,GLOBAL_OIL_GAS,LIST-E2CD82739D9CCE44,LIST-2B347B78BAC9F605,IE00B6R51Z18,SPOG,A2R_CANONICAL_SELECTION,True,2012-10-17,1.0,True,14,SEMANTICALLY_IDENTICAL_IMPLEMENTATION_TRANSITION,YES_SAME_A2R_ECONOMIC_FAMILY,CONTINUE,NO
2012-10-26,GLOBAL_OIL_GAS,LIST-2B347B78BAC9F605,LIST-E2CD82739D9CCE44,IE00B6R51Z18,IOGP,A2R_CANONICAL_SELECTION,False,,,False,14,PRICE_NOT_AVAILABLE,YES_SAME_A2R_ECONOMIC_FAMILY,RESET_OR_ENDPOINT_UNAVAILABLE,NO
2012-10-29,GLOBAL_OIL_GAS,LIST-E2CD82739D9CCE44,LIST-2B347B78BAC9F605,IE00B6R51Z18,SPOG,A2R_CANONICAL_SELECTION,True,2012-10-26,1.0,False,14,EXACT_PREVIOUS_XLON_SESSION_ENDPOINT,YES_SAME_A2R_ECONOMIC_FAMILY,RESET_OR_ENDPOINT_UNAVAILABLE,NO
2012-11-20,GLOBAL_OIL_GAS,LIST-2B347B78BAC9F605,LIST-E2CD82739D9CCE44,IE00B6R51Z18,IOGP,A2R_CANONICAL_SELECTION,False,,,False,15,PRICE_NOT_AVAILABLE,YES_SAME_A2R_ECONOMIC_FAMILY,RESET_OR_ENDPOINT_UNAVAILABLE,NO
2012-11-21,GLOBAL_OIL_GAS,LIST-E2CD82739D9CCE44,LIST-2B347B78BAC9F605,IE00B6R51Z18,SPOG,A2R_CANONICAL_SELECTION,True,2012-11-20,1.0,False,15,EXACT_PREVIOUS_XLON_SESSION_ENDPOINT,YES_SAME_A2R_ECONOMIC_FAMILY,RESET_OR_ENDPOINT_UNAVAILABLE,NO
2012-12-06,GLOBAL_OIL_GAS,LIST-2B347B78BAC9F605,LIST-E2CD82739D9CCE44,IE00B6R51Z18,IOGP,A2R_CANONICAL_SELECTION,False,,,False,16,PRICE_NOT_AVAILABLE,YES_SAME_A2R_ECONOMIC_FAMILY,RESET_OR_ENDPOINT_UNAVAILABLE,NO
2012-12-07,GLOBAL_OIL_GAS,LIST-E2CD82739D9CCE44,LIST-2B347B78BAC9F605,IE00B6R51Z18,SPOG,A2R_CANONICAL_SELECTION,True,2012-12-06,1.0,False,16,EXACT_PREVIOUS_XLON_SESSION_ENDPOINT,YES_SAME_A2R_ECONOMIC_FAMILY,RESET_OR_ENDPOINT_UNAVAILABLE,NO
2012-12-28,GLOBAL_OIL_GAS,LIST-2B347B78BAC9F605,LIST-E2CD82739D9CCE44,IE00B6R51Z18,IOGP,A2R_CANONICAL_SELECTION,True,2012-12-27,1.0,True,18,SEMANTICALLY_IDENTICAL_IMPLEMENTATION_TRANSITION,YES_SAME_A2R_ECONOMIC_FAMILY,CONTINUE,NO
2012-12-31,GLOBAL_OIL_GAS,LIST-E2CD82739D9CCE44,LIST-2B347B78BAC9F605,IE00B6R51Z18,SPOG,A2R_CANONICAL_SELECTION,False,,,False,18,PRICE_NOT_AVAILABLE,YES_SAME_A2R_ECONOMIC_FAMILY,RESET_OR_ENDPOINT_UNAVAILABLE,NO
2013-01-04,GLOBAL_OIL_GAS,LIST-E2CD82739D9CCE44,LIST-2B347B78BAC9F605,IE00B6R51Z18,SPOG,A2R_CANONICAL_SELECTION,False,,,False,18,PRICE_NOT_AVAILABLE,YES_SAME_A2R_ECONOMIC_FAMILY,RESET_OR_ENDPOINT_UNAVAILABLE,NO
2013-01-09,GLOBAL_OIL_GAS,LIST-E2CD82739D9CCE44,LIST-2B347B78BAC9F605,IE00B6R51Z18,SPOG,A2R_CANONICAL_SELECTION,False,,,False,18,PRICE_NOT_AVAILABLE,YES_SAME_A2R_ECONOMIC_FAMILY,RESET_OR_ENDPOINT_UNAVAILABLE,NO
2013-02-05,GLOBAL_OIL_GAS,LIST-2B347B78BAC9F605,LIST-E2CD82739D9CCE44,IE00B6R51Z18,IOGP,A2R_CANONICAL_SELECTION,False,,,False,21,PRICE_NOT_AVAILABLE,YES_SAME_A2R_ECONOMIC_FAMILY,RESET_OR_ENDPOINT_UNAVAILABLE,NO
2013-02-21,GLOBAL_OIL_GAS,LIST-2B347B78BAC9F605,LIST-E2CD82739D9CCE44,IE00B6R51Z18,IOGP,A2R_CANONICAL_SELECTION,False,,,False,22,PRICE_NOT_AVAILABLE,YES_SAME_A2R_ECONOMIC_FAMILY,RESET_OR_ENDPOINT_UNAVAILABLE,NO
2013-02-22,GLOBAL_OIL_GAS,LIST-E2CD82739D9CCE44,LIST-2B347B78BAC9F605,IE00B6R51Z18,SPOG,A2R_CANONICAL_SELECTION,True,2013-02-21,,False,23,CONTINUITY_SEGMENT_START_OR_RESET,YES_SAME_A2R_ECONOMIC_FAMILY,RESET_OR_ENDPOINT_UNAVAILABLE,NO
2013-03-07,GLOBAL_OIL_GAS,LIST-2B347B78BAC9F605,LIST-E2CD82739D9CCE44,IE00B6R51Z18,IOGP,A2R_CANONICAL_SELECTION,True,2013-03-06,1.0,True,23,SEMANTICALLY_IDENTICAL_IMPLEMENTATION_TRANSITION,YES_SAME_A2R_ECONOMIC_FAMILY,CONTINUE,NO
2013-03-11,GLOBAL_OIL_GAS,LIST-E2CD82739D9CCE44,LIST-2B347B78BAC9F605,IE00B6R51Z18,SPOG,A2R_CANONICAL_SELECTION,True,2013-03-08,1.0,True,23,SEMANTICALLY_IDENTICAL_IMPLEMENTATION_TRANSITION,YES_SAME_A2R_ECONOMIC_FAMILY,CONTINUE,NO
2013-03-28,GLOBAL_OIL_GAS,LIST-2B347B78BAC9F605,LIST-E2CD82739D9CCE44,IE00B6R51Z18,IOGP,A2R_CANONICAL_SELECTION,False,,,False,23,PRICE_NOT_AVAILABLE,YES_SAME_A2R_ECONOMIC_FAMILY,RESET_OR_ENDPOINT_UNAVAILABLE,NO
2013-04-02,GLOBAL_OIL_GAS,LIST-E2CD82739D9CCE44,LIST-2B347B78BAC9F605,IE00B6R51Z18,SPOG,A2R_CANONICAL_SELECTION,True,2013-03-28,1.0,False,23,EXACT_PREVIOUS_XLON_SESSION_ENDPOINT,YES_SAME_A2R_ECONOMIC_FAMILY,RESET_OR_ENDPOINT_UNAVAILABLE,NO
2013-05-03,GLOBAL_OIL_GAS,LIST-2B347B78BAC9F605,LIST-E2CD82739D9CCE44,IE00B6R51Z18,IOGP,A2R_CANONICAL_SELECTION,False,,,False,23,PRICE_NOT_AVAILABLE,YES_SAME_A2R_ECONOMIC_FAMILY,RESET_OR_ENDPOINT_UNAVAILABLE,NO
2013-05-07,GLOBAL_OIL_GAS,LIST-E2CD82739D9CCE44,LIST-2B347B78BAC9F605,IE00B6R51Z18,SPOG,A2R_CANONICAL_SELECTION,False,,,False,23,PRICE_NOT_AVAILABLE,YES_SAME_A2R_ECONOMIC_FAMILY,RESET_OR_ENDPOINT_UNAVAILABLE,NO
2017-11-09,GLOBAL_OIL_GAS,LIST-2B347B78BAC9F605,LIST-E2CD82739D9CCE44,IE00B6R51Z18,IOGP,A2R_CANONICAL_SELECTION,True,2017-11-08,1.0,True,24,SEMANTICALLY_IDENTICAL_IMPLEMENTATION_TRANSITION,YES_SAME_A2R_ECONOMIC_FAMILY,CONTINUE,NO
2017-11-10,GLOBAL_OIL_GAS,LIST-E2CD82739D9CCE44,LIST-2B347B78BAC9F605,IE00B6R51Z18,SPOG,A2R_CANONICAL_SELECTION,True,2017-11-09,1.0,True,24,SEMANTICALLY_IDENTICAL_IMPLEMENTATION_TRANSITION,YES_SAME_A2R_ECONOMIC_FAMILY,CONTINUE,NO
2025-09-08,GLOBAL_QUANTUM_COMPUTING,LIST-C3B5AE574A4F1395,LIST-B8154421E6633490,IE000W8WMSL2,QWTM,A2R_CANONICAL_SELECTION,True,2025-09-05,1.0,True,1,SEMANTICALLY_IDENTICAL_IMPLEMENTATION_TRANSITION,YES_SAME_A2R_ECONOMIC_FAMILY,CONTINUE,NO
2020-08-07,GLOBAL_REAL_ESTATE,LIST-09BC2A9B635E8930,LIST-D6EA80B3462ED2A6,NL0009690239,TREG,A2R_CANONICAL_SELECTION,True,2020-08-06,1.0,True,3,SEMANTICALLY_IDENTICAL_IMPLEMENTATION_TRANSITION,YES_SAME_A2R_ECONOMIC_FAMILY,CONTINUE,NO
2017-11-09,GLOBAL_ROBOTICS_AUTOMATION,LIST-908AD7DC96CBA5C7,LIST-20AF85F6C4103BEB,IE00BYZK4552,RBOT,A2R_CANONICAL_SELECTION,True,2017-11-08,1.0,True,1,SEMANTICALLY_IDENTICAL_IMPLEMENTATION_TRANSITION,YES_SAME_A2R_ECONOMIC_FAMILY,CONTINUE,NO
2017-11-10,GLOBAL_ROBOTICS_AUTOMATION,LIST-20AF85F6C4103BEB,LIST-908AD7DC96CBA5C7,IE00BYZK4552,RBTX,A2R_CANONICAL_SELECTION,True,2017-11-09,1.0,True,1,SEMANTICALLY_IDENTICAL_IMPLEMENTATION_TRANSITION,YES_SAME_A2R_ECONOMIC_FAMILY,CONTINUE,NO
2018-04-24,GLOBAL_SEMICONDUCTORS,LIST-45B7715389E65AEA,LIST-C8C2240D077E7B8B,LU1900066033,SEMG,A2R_CANONICAL_SELECTION,False,,,False,1,PRICE_NOT_AVAILABLE,YES_SAME_A2R_ECONOMIC_FAMILY,RESET_OR_ENDPOINT_UNAVAILABLE,NO
2018-04-25,GLOBAL_SEMICONDUCTORS,LIST-C8C2240D077E7B8B,LIST-45B7715389E65AEA,LU1900066033,SEMU,A2R_CANONICAL_SELECTION,True,2018-04-24,1.0,False,1,EXACT_PREVIOUS_XLON_SESSION_ENDPOINT,YES_SAME_A2R_ECONOMIC_FAMILY,RESET_OR_ENDPOINT_UNAVAILABLE,NO
2018-05-15,GLOBAL_SEMICONDUCTORS,LIST-45B7715389E65AEA,LIST-C8C2240D077E7B8B,LU1900066033,SEMG,A2R_CANONICAL_SELECTION,False,,,False,1,PRICE_NOT_AVAILABLE,YES_SAME_A2R_ECONOMIC_FAMILY,RESET_OR_ENDPOINT_UNAVAILABLE,NO
2018-05-16,GLOBAL_SEMICONDUCTORS,LIST-C8C2240D077E7B8B,LIST-45B7715389E65AEA,LU1900066033,SEMU,A2R_CANONICAL_SELECTION,True,2018-05-15,1.0,False,1,EXACT_PREVIOUS_XLON_SESSION_ENDPOINT,YES_SAME_A2R_ECONOMIC_FAMILY,RESET_OR_ENDPOINT_UNAVAILABLE,NO
2018-06-08,GLOBAL_SEMICONDUCTORS,LIST-45B7715389E65AEA,LIST-C8C2240D077E7B8B,LU1900066033,SEMG,A2R_CANONICAL_SELECTION,False,,,False,1,PRICE_NOT_AVAILABLE,YES_SAME_A2R_ECONOMIC_FAMILY,RESET_OR_ENDPOINT_UNAVAILABLE,NO
2018-06-11,GLOBAL_SEMICONDUCTORS,LIST-C8C2240D077E7B8B,LIST-45B7715389E65AEA,LU1900066033,SEMU,A2R_CANONICAL_SELECTION,True,2018-06-08,1.0,False,1,EXACT_PREVIOUS_XLON_SESSION_ENDPOINT,YES_SAME_A2R_ECONOMIC_FAMILY,RESET_OR_ENDPOINT_UNAVAILABLE,NO
2018-06-15,GLOBAL_SEMICONDUCTORS,LIST-45B7715389E65AEA,LIST-C8C2240D077E7B8B,LU1900066033,SEMG,A2R_CANONICAL_SELECTION,False,,,False,1,PRICE_NOT_AVAILABLE,YES_SAME_A2R_ECONOMIC_FAMILY,RESET_OR_ENDPOINT_UNAVAILABLE,NO
2018-06-18,GLOBAL_SEMICONDUCTORS,LIST-C8C2240D077E7B8B,LIST-45B7715389E65AEA,LU1900066033,SEMU,A2R_CANONICAL_SELECTION,True,2018-06-15,1.0,False,1,EXACT_PREVIOUS_XLON_SESSION_ENDPOINT,YES_SAME_A2R_ECONOMIC_FAMILY,RESET_OR_ENDPOINT_UNAVAILABLE,NO
2018-06-25,GLOBAL_SEMICONDUCTORS,LIST-45B7715389E65AEA,LIST-C8C2240D077E7B8B,LU1900066033,SEMG,A2R_CANONICAL_SELECTION,False,,,False,1,PRICE_NOT_AVAILABLE,YES_SAME_A2R_ECONOMIC_FAMILY,RESET_OR_ENDPOINT_UNAVAILABLE,NO
2018-06-26,GLOBAL_SEMICONDUCTORS,LIST-C8C2240D077E7B8B,LIST-45B7715389E65AEA,LU1900066033,SEMU,A2R_CANONICAL_SELECTION,True,2018-06-25,1.0,False,1,EXACT_PREVIOUS_XLON_SESSION_ENDPOINT,YES_SAME_A2R_ECONOMIC_FAMILY,RESET_OR_ENDPOINT_UNAVAILABLE,NO
2018-07-13,GLOBAL_SEMICONDUCTORS,LIST-45B7715389E65AEA,LIST-C8C2240D077E7B8B,LU1900066033,SEMG,A2R_CANONICAL_SELECTION,False,,,False,1,PRICE_NOT_AVAILABLE,YES_SAME_A2R_ECONOMIC_FAMILY,RESET_OR_ENDPOINT_UNAVAILABLE,NO
2018-07-16,GLOBAL_SEMICONDUCTORS,LIST-C8C2240D077E7B8B,LIST-45B7715389E65AEA,LU1900066033,SEMU,A2R_CANONICAL_SELECTION,True,2018-07-13,1.0,False,1,EXACT_PREVIOUS_XLON_SESSION_ENDPOINT,YES_SAME_A2R_ECONOMIC_FAMILY,RESET_OR_ENDPOINT_UNAVAILABLE,NO
2018-07-23,GLOBAL_SEMICONDUCTORS,LIST-45B7715389E65AEA,LIST-C8C2240D077E7B8B,LU1900066033,SEMG,A2R_CANONICAL_SELECTION,False,,,False,1,PRICE_NOT_AVAILABLE,YES_SAME_A2R_ECONOMIC_FAMILY,RESET_OR_ENDPOINT_UNAVAILABLE,NO
2018-07-24,GLOBAL_SEMICONDUCTORS,LIST-C8C2240D077E7B8B,LIST-45B7715389E65AEA,LU1900066033,SEMU,A2R_CANONICAL_SELECTION,True,2018-07-23,1.0,False,1,EXACT_PREVIOUS_XLON_SESSION_ENDPOINT,YES_SAME_A2R_ECONOMIC_FAMILY,RESET_OR_ENDPOINT_UNAVAILABLE,NO
2018-07-27,GLOBAL_SEMICONDUCTORS,LIST-45B7715389E65AEA,LIST-C8C2240D077E7B8B,LU1900066033,SEMG,A2R_CANONICAL_SELECTION,False,,,False,1,PRICE_NOT_AVAILABLE,YES_SAME_A2R_ECONOMIC_FAMILY,RESET_OR_ENDPOINT_UNAVAILABLE,NO
2018-07-30,GLOBAL_SEMICONDUCTORS,LIST-C8C2240D077E7B8B,LIST-45B7715389E65AEA,LU1900066033,SEMU,A2R_CANONICAL_SELECTION,True,2018-07-27,1.0,False,1,EXACT_PREVIOUS_XLON_SESSION_ENDPOINT,YES_SAME_A2R_ECONOMIC_FAMILY,RESET_OR_ENDPOINT_UNAVAILABLE,NO
2018-09-07,GLOBAL_SEMICONDUCTORS,LIST-45B7715389E65AEA,LIST-C8C2240D077E7B8B,LU1900066033,SEMG,A2R_CANONICAL_SELECTION,False,,,False,1,PRICE_NOT_AVAILABLE,YES_SAME_A2R_ECONOMIC_FAMILY,RESET_OR_ENDPOINT_UNAVAILABLE,NO
2018-09-10,GLOBAL_SEMICONDUCTORS,LIST-C8C2240D077E7B8B,LIST-45B7715389E65AEA,LU1900066033,SEMU,A2R_CANONICAL_SELECTION,True,2018-09-07,1.0,False,1,EXACT_PREVIOUS_XLON_SESSION_ENDPOINT,YES_SAME_A2R_ECONOMIC_FAMILY,RESET_OR_ENDPOINT_UNAVAILABLE,NO
2018-09-12,GLOBAL_SEMICONDUCTORS,LIST-45B7715389E65AEA,LIST-C8C2240D077E7B8B,LU1900066033,SEMG,A2R_CANONICAL_SELECTION,False,,,False,1,PRICE_NOT_AVAILABLE,YES_SAME_A2R_ECONOMIC_FAMILY,RESET_OR_ENDPOINT_UNAVAILABLE,NO
2018-09-13,GLOBAL_SEMICONDUCTORS,LIST-C8C2240D077E7B8B,LIST-45B7715389E65AEA,LU1900066033,SEMU,A2R_CANONICAL_SELECTION,True,2018-09-12,1.0,False,1,EXACT_PREVIOUS_XLON_SESSION_ENDPOINT,YES_SAME_A2R_ECONOMIC_FAMILY,RESET_OR_ENDPOINT_UNAVAILABLE,NO
2018-09-26,GLOBAL_SEMICONDUCTORS,LIST-45B7715389E65AEA,LIST-C8C2240D077E7B8B,LU1900066033,SEMG,A2R_CANONICAL_SELECTION,False,,,False,1,PRICE_NOT_AVAILABLE,YES_SAME_A2R_ECONOMIC_FAMILY,RESET_OR_ENDPOINT_UNAVAILABLE,NO
2018-09-27,GLOBAL_SEMICONDUCTORS,LIST-C8C2240D077E7B8B,LIST-45B7715389E65AEA,LU1900066033,SEMU,A2R_CANONICAL_SELECTION,True,2018-09-26,1.0,False,1,EXACT_PREVIOUS_XLON_SESSION_ENDPOINT,YES_SAME_A2R_ECONOMIC_FAMILY,RESET_OR_ENDPOINT_UNAVAILABLE,NO
2018-10-05,GLOBAL_SEMICONDUCTORS,LIST-45B7715389E65AEA,LIST-C8C2240D077E7B8B,LU1900066033,SEMG,A2R_CANONICAL_SELECTION,True,2018-10-04,1.0,True,1,SEMANTICALLY_IDENTICAL_IMPLEMENTATION_TRANSITION,YES_SAME_A2R_ECONOMIC_FAMILY,CONTINUE,NO
2018-10-09,GLOBAL_SEMICONDUCTORS,LIST-C8C2240D077E7B8B,LIST-45B7715389E65AEA,LU1900066033,SEMU,A2R_CANONICAL_SELECTION,True,2018-10-08,1.0,True,1,SEMANTICALLY_IDENTICAL_IMPLEMENTATION_TRANSITION,YES_SAME_A2R_ECONOMIC_FAMILY,CONTINUE,NO
2018-10-16,GLOBAL_SEMICONDUCTORS,LIST-45B7715389E65AEA,LIST-C8C2240D077E7B8B,LU1900066033,SEMG,A2R_CANONICAL_SELECTION,False,,,False,1,PRICE_NOT_AVAILABLE,YES_SAME_A2R_ECONOMIC_FAMILY,RESET_OR_ENDPOINT_UNAVAILABLE,NO
2018-10-17,GLOBAL_SEMICONDUCTORS,LIST-C8C2240D077E7B8B,LIST-45B7715389E65AEA,LU1900066033,SEMU,A2R_CANONICAL_SELECTION,True,2018-10-16,1.0,False,1,EXACT_PREVIOUS_XLON_SESSION_ENDPOINT,YES_SAME_A2R_ECONOMIC_FAMILY,RESET_OR_ENDPOINT_UNAVAILABLE,NO
2018-10-18,GLOBAL_SEMICONDUCTORS,LIST-45B7715389E65AEA,LIST-C8C2240D077E7B8B,LU1900066033,SEMG,A2R_CANONICAL_SELECTION,False,,,False,1,PRICE_NOT_AVAILABLE,YES_SAME_A2R_ECONOMIC_FAMILY,RESET_OR_ENDPOINT_UNAVAILABLE,NO
2018-10-19,GLOBAL_SEMICONDUCTORS,LIST-C8C2240D077E7B8B,LIST-45B7715389E65AEA,LU1900066033,SEMU,A2R_CANONICAL_SELECTION,True,2018-10-18,1.0,False,1,EXACT_PREVIOUS_XLON_SESSION_ENDPOINT,YES_SAME_A2R_ECONOMIC_FAMILY,RESET_OR_ENDPOINT_UNAVAILABLE,NO
2018-11-05,GLOBAL_SEMICONDUCTORS,LIST-45B7715389E65AEA,LIST-C8C2240D077E7B8B,LU1900066033,SEMG,A2R_CANONICAL_SELECTION,False,,,False,1,PRICE_NOT_AVAILABLE,YES_SAME_A2R_ECONOMIC_FAMILY,RESET_OR_ENDPOINT_UNAVAILABLE,NO
2018-11-06,GLOBAL_SEMICONDUCTORS,LIST-C8C2240D077E7B8B,LIST-45B7715389E65AEA,LU1900066033,SEMU,A2R_CANONICAL_SELECTION,True,2018-11-05,1.0,False,1,EXACT_PREVIOUS_XLON_SESSION_ENDPOINT,YES_SAME_A2R_ECONOMIC_FAMILY,RESET_OR_ENDPOINT_UNAVAILABLE,NO
2019-05-16,GLOBAL_SEMICONDUCTORS,LIST-45B7715389E65AEA,LIST-C8C2240D077E7B8B,LU1900066033,SEMG,A2R_CANONICAL_SELECTION,False,,,False,1,PRICE_NOT_AVAILABLE,YES_SAME_A2R_ECONOMIC_FAMILY,RESET_OR_ENDPOINT_UNAVAILABLE,NO
2019-05-17,GLOBAL_SEMICONDUCTORS,LIST-C8C2240D077E7B8B,LIST-45B7715389E65AEA,LU1900066033,SEMU,A2R_CANONICAL_SELECTION,True,2019-05-16,1.0,False,1,EXACT_PREVIOUS_XLON_SESSION_ENDPOINT,YES_SAME_A2R_ECONOMIC_FAMILY,RESET_OR_ENDPOINT_UNAVAILABLE,NO
2019-05-29,GLOBAL_SEMICONDUCTORS,LIST-45B7715389E65AEA,LIST-C8C2240D077E7B8B,LU1900066033,SEMG,A2R_CANONICAL_SELECTION,True,2019-05-28,1.0,True,1,SEMANTICALLY_IDENTICAL_IMPLEMENTATION_TRANSITION,YES_SAME_A2R_ECONOMIC_FAMILY,CONTINUE,NO
2019-06-03,GLOBAL_SEMICONDUCTORS,LIST-C8C2240D077E7B8B,LIST-45B7715389E65AEA,LU1900066033,SEMU,A2R_CANONICAL_SELECTION,True,2019-05-31,1.0,True,1,SEMANTICALLY_IDENTICAL_IMPLEMENTATION_TRANSITION,YES_SAME_A2R_ECONOMIC_FAMILY,CONTINUE,NO
2019-06-04,GLOBAL_SEMICONDUCTORS,LIST-45B7715389E65AEA,LIST-C8C2240D077E7B8B,LU1900066033,SEMG,A2R_CANONICAL_SELECTION,False,,,False,1,PRICE_NOT_AVAILABLE,YES_SAME_A2R_ECONOMIC_FAMILY,RESET_OR_ENDPOINT_UNAVAILABLE,NO
2019-06-05,GLOBAL_SEMICONDUCTORS,LIST-C8C2240D077E7B8B,LIST-45B7715389E65AEA,LU1900066033,SEMU,A2R_CANONICAL_SELECTION,True,2019-06-04,1.0,False,1,EXACT_PREVIOUS_XLON_SESSION_ENDPOINT,YES_SAME_A2R_ECONOMIC_FAMILY,RESET_OR_ENDPOINT_UNAVAILABLE,NO
2019-06-28,GLOBAL_SEMICONDUCTORS,LIST-45B7715389E65AEA,LIST-C8C2240D077E7B8B,LU1900066033,SEMG,A2R_CANONICAL_SELECTION,False,,,False,1,PRICE_NOT_AVAILABLE,YES_SAME_A2R_ECONOMIC_FAMILY,RESET_OR_ENDPOINT_UNAVAILABLE,NO
2019-07-01,GLOBAL_SEMICONDUCTORS,LIST-C8C2240D077E7B8B,LIST-45B7715389E65AEA,LU1900066033,SEMU,A2R_CANONICAL_SELECTION,True,2019-06-28,1.0,False,1,EXACT_PREVIOUS_XLON_SESSION_ENDPOINT,YES_SAME_A2R_ECONOMIC_FAMILY,RESET_OR_ENDPOINT_UNAVAILABLE,NO
2019-07-23,GLOBAL_SEMICONDUCTORS,LIST-45B7715389E65AEA,LIST-C8C2240D077E7B8B,LU1900066033,SEMG,A2R_CANONICAL_SELECTION,False,,,False,1,PRICE_NOT_AVAILABLE,YES_SAME_A2R_ECONOMIC_FAMILY,RESET_OR_ENDPOINT_UNAVAILABLE,NO
2019-07-24,GLOBAL_SEMICONDUCTORS,LIST-C8C2240D077E7B8B,LIST-45B7715389E65AEA,LU1900066033,SEMU,A2R_CANONICAL_SELECTION,True,2019-07-23,1.0,False,1,EXACT_PREVIOUS_XLON_SESSION_ENDPOINT,YES_SAME_A2R_ECONOMIC_FAMILY,RESET_OR_ENDPOINT_UNAVAILABLE,NO
2019-07-25,GLOBAL_SEMICONDUCTORS,LIST-45B7715389E65AEA,LIST-C8C2240D077E7B8B,LU1900066033,SEMG,A2R_CANONICAL_SELECTION,False,,,False,1,PRICE_NOT_AVAILABLE,YES_SAME_A2R_ECONOMIC_FAMILY,RESET_OR_ENDPOINT_UNAVAILABLE,NO
2019-07-26,GLOBAL_SEMICONDUCTORS,LIST-C8C2240D077E7B8B,LIST-45B7715389E65AEA,LU1900066033,SEMU,A2R_CANONICAL_SELECTION,True,2019-07-25,1.0,False,1,EXACT_PREVIOUS_XLON_SESSION_ENDPOINT,YES_SAME_A2R_ECONOMIC_FAMILY,RESET_OR_ENDPOINT_UNAVAILABLE,NO
2019-07-30,GLOBAL_SEMICONDUCTORS,LIST-45B7715389E65AEA,LIST-C8C2240D077E7B8B,LU1900066033,SEMG,A2R_CANONICAL_SELECTION,False,,,False,1,PRICE_NOT_AVAILABLE,YES_SAME_A2R_ECONOMIC_FAMILY,RESET_OR_ENDPOINT_UNAVAILABLE,NO
2019-07-31,GLOBAL_SEMICONDUCTORS,LIST-C8C2240D077E7B8B,LIST-45B7715389E65AEA,LU1900066033,SEMU,A2R_CANONICAL_SELECTION,True,2019-07-30,1.0,False,1,EXACT_PREVIOUS_XLON_SESSION_ENDPOINT,YES_SAME_A2R_ECONOMIC_FAMILY,RESET_OR_ENDPOINT_UNAVAILABLE,NO
2019-08-14,GLOBAL_SEMICONDUCTORS,LIST-45B7715389E65AEA,LIST-C8C2240D077E7B8B,LU1900066033,SEMG,A2R_CANONICAL_SELECTION,False,,,False,1,PRICE_NOT_AVAILABLE,YES_SAME_A2R_ECONOMIC_FAMILY,RESET_OR_ENDPOINT_UNAVAILABLE,NO
2019-08-15,GLOBAL_SEMICONDUCTORS,LIST-C8C2240D077E7B8B,LIST-45B7715389E65AEA,LU1900066033,SEMU,A2R_CANONICAL_SELECTION,True,2019-08-14,1.0,False,1,EXACT_PREVIOUS_XLON_SESSION_ENDPOINT,YES_SAME_A2R_ECONOMIC_FAMILY,RESET_OR_ENDPOINT_UNAVAILABLE,NO
2019-10-25,GLOBAL_SEMICONDUCTORS,LIST-45B7715389E65AEA,LIST-C8C2240D077E7B8B,LU1900066033,SEMG,A2R_CANONICAL_SELECTION,False,,,False,1,PRICE_NOT_AVAILABLE,YES_SAME_A2R_ECONOMIC_FAMILY,RESET_OR_ENDPOINT_UNAVAILABLE,NO
2019-10-28,GLOBAL_SEMICONDUCTORS,LIST-C8C2240D077E7B8B,LIST-45B7715389E65AEA,LU1900066033,SEMU,A2R_CANONICAL_SELECTION,True,2019-10-25,1.0,False,1,EXACT_PREVIOUS_XLON_SESSION_ENDPOINT,YES_SAME_A2R_ECONOMIC_FAMILY,RESET_OR_ENDPOINT_UNAVAILABLE,NO
2019-12-10,GLOBAL_SEMICONDUCTORS,LIST-45B7715389E65AEA,LIST-C8C2240D077E7B8B,LU1900066033,SEMG,A2R_CANONICAL_SELECTION,False,,,False,1,PRICE_NOT_AVAILABLE,YES_SAME_A2R_ECONOMIC_FAMILY,RESET_OR_ENDPOINT_UNAVAILABLE,NO
2019-12-11,GLOBAL_SEMICONDUCTORS,LIST-C8C2240D077E7B8B,LIST-45B7715389E65AEA,LU1900066033,SEMU,A2R_CANONICAL_SELECTION,True,2019-12-10,1.0,False,1,EXACT_PREVIOUS_XLON_SESSION_ENDPOINT,YES_SAME_A2R_ECONOMIC_FAMILY,RESET_OR_ENDPOINT_UNAVAILABLE,NO
2019-12-13,GLOBAL_SEMICONDUCTORS,LIST-45B7715389E65AEA,LIST-C8C2240D077E7B8B,LU1900066033,SEMG,A2R_CANONICAL_SELECTION,False,,,False,1,PRICE_NOT_AVAILABLE,YES_SAME_A2R_ECONOMIC_FAMILY,RESET_OR_ENDPOINT_UNAVAILABLE,NO
2019-12-16,GLOBAL_SEMICONDUCTORS,LIST-C8C2240D077E7B8B,LIST-45B7715389E65AEA,LU1900066033,SEMU,A2R_CANONICAL_SELECTION,True,2019-12-13,1.0,False,1,EXACT_PREVIOUS_XLON_SESSION_ENDPOINT,YES_SAME_A2R_ECONOMIC_FAMILY,RESET_OR_ENDPOINT_UNAVAILABLE,NO
2019-12-17,GLOBAL_SEMICONDUCTORS,LIST-45B7715389E65AEA,LIST-C8C2240D077E7B8B,LU1900066033,SEMG,A2R_CANONICAL_SELECTION,False,,,False,1,PRICE_NOT_AVAILABLE,YES_SAME_A2R_ECONOMIC_FAMILY,RESET_OR_ENDPOINT_UNAVAILABLE,NO
2019-12-18,GLOBAL_SEMICONDUCTORS,LIST-C8C2240D077E7B8B,LIST-45B7715389E65AEA,LU1900066033,SEMU,A2R_CANONICAL_SELECTION,True,2019-12-17,1.0,False,1,EXACT_PREVIOUS_XLON_SESSION_ENDPOINT,YES_SAME_A2R_ECONOMIC_FAMILY,RESET_OR_ENDPOINT_UNAVAILABLE,NO
2020-02-20,GLOBAL_SEMICONDUCTORS,LIST-45B7715389E65AEA,LIST-C8C2240D077E7B8B,LU1900066033,SEMG,A2R_CANONICAL_SELECTION,False,,,False,1,PRICE_NOT_AVAILABLE,YES_SAME_A2R_ECONOMIC_FAMILY,RESET_OR_ENDPOINT_UNAVAILABLE,NO
2020-02-21,GLOBAL_SEMICONDUCTORS,LIST-C8C2240D077E7B8B,LIST-45B7715389E65AEA,LU1900066033,SEMU,A2R_CANONICAL_SELECTION,True,2020-02-20,1.0,False,1,EXACT_PREVIOUS_XLON_SESSION_ENDPOINT,YES_SAME_A2R_ECONOMIC_FAMILY,RESET_OR_ENDPOINT_UNAVAILABLE,NO
2020-03-05,GLOBAL_SEMICONDUCTORS,LIST-45B7715389E65AEA,LIST-C8C2240D077E7B8B,LU1900066033,SEMG,A2R_CANONICAL_SELECTION,False,,,False,1,PRICE_NOT_AVAILABLE,YES_SAME_A2R_ECONOMIC_FAMILY,RESET_OR_ENDPOINT_UNAVAILABLE,NO
2020-03-06,GLOBAL_SEMICONDUCTORS,LIST-C8C2240D077E7B8B,LIST-45B7715389E65AEA,LU1900066033,SEMU,A2R_CANONICAL_SELECTION,True,2020-03-05,1.0,False,1,EXACT_PREVIOUS_XLON_SESSION_ENDPOINT,YES_SAME_A2R_ECONOMIC_FAMILY,RESET_OR_ENDPOINT_UNAVAILABLE,NO
2020-03-10,GLOBAL_SEMICONDUCTORS,LIST-45B7715389E65AEA,LIST-C8C2240D077E7B8B,LU1900066033,SEMG,A2R_CANONICAL_SELECTION,False,,,False,1,PRICE_NOT_AVAILABLE,YES_SAME_A2R_ECONOMIC_FAMILY,RESET_OR_ENDPOINT_UNAVAILABLE,NO
2020-03-11,GLOBAL_SEMICONDUCTORS,LIST-C8C2240D077E7B8B,LIST-45B7715389E65AEA,LU1900066033,SEMU,A2R_CANONICAL_SELECTION,True,2020-03-10,1.0,False,1,EXACT_PREVIOUS_XLON_SESSION_ENDPOINT,YES_SAME_A2R_ECONOMIC_FAMILY,RESET_OR_ENDPOINT_UNAVAILABLE,NO
2020-03-16,GLOBAL_SEMICONDUCTORS,LIST-45B7715389E65AEA,LIST-C8C2240D077E7B8B,LU1900066033,SEMG,A2R_CANONICAL_SELECTION,False,,,False,1,PRICE_NOT_AVAILABLE,YES_SAME_A2R_ECONOMIC_FAMILY,RESET_OR_ENDPOINT_UNAVAILABLE,NO
2020-03-17,GLOBAL_SEMICONDUCTORS,LIST-C8C2240D077E7B8B,LIST-45B7715389E65AEA,LU1900066033,SEMU,A2R_CANONICAL_SELECTION,True,2020-03-16,1.0,False,1,EXACT_PREVIOUS_XLON_SESSION_ENDPOINT,YES_SAME_A2R_ECONOMIC_FAMILY,RESET_OR_ENDPOINT_UNAVAILABLE,NO
2020-03-25,GLOBAL_SEMICONDUCTORS,LIST-45B7715389E65AEA,LIST-C8C2240D077E7B8B,LU1900066033,SEMG,A2R_CANONICAL_SELECTION,False,,,False,1,PRICE_NOT_AVAILABLE,YES_SAME_A2R_ECONOMIC_FAMILY,RESET_OR_ENDPOINT_UNAVAILABLE,NO
2020-03-26,GLOBAL_SEMICONDUCTORS,LIST-C8C2240D077E7B8B,LIST-45B7715389E65AEA,LU1900066033,SEMU,A2R_CANONICAL_SELECTION,True,2020-03-25,1.0,False,1,EXACT_PREVIOUS_XLON_SESSION_ENDPOINT,YES_SAME_A2R_ECONOMIC_FAMILY,RESET_OR_ENDPOINT_UNAVAILABLE,NO
2020-03-27,GLOBAL_SEMICONDUCTORS,LIST-45B7715389E65AEA,LIST-C8C2240D077E7B8B,LU1900066033,SEMG,A2R_CANONICAL_SELECTION,False,,,False,1,PRICE_NOT_AVAILABLE,YES_SAME_A2R_ECONOMIC_FAMILY,RESET_OR_ENDPOINT_UNAVAILABLE,NO
2020-03-30,GLOBAL_SEMICONDUCTORS,LIST-C8C2240D077E7B8B,LIST-45B7715389E65AEA,LU1900066033,SEMU,A2R_CANONICAL_SELECTION,True,2020-03-27,1.0,False,1,EXACT_PREVIOUS_XLON_SESSION_ENDPOINT,YES_SAME_A2R_ECONOMIC_FAMILY,RESET_OR_ENDPOINT_UNAVAILABLE,NO
2020-04-02,GLOBAL_SEMICONDUCTORS,LIST-45B7715389E65AEA,LIST-C8C2240D077E7B8B,LU1900066033,SEMG,A2R_CANONICAL_SELECTION,False,,,False,1,PRICE_NOT_AVAILABLE,YES_SAME_A2R_ECONOMIC_FAMILY,RESET_OR_ENDPOINT_UNAVAILABLE,NO
2020-04-03,GLOBAL_SEMICONDUCTORS,LIST-C8C2240D077E7B8B,LIST-45B7715389E65AEA,LU1900066033,SEMU,A2R_CANONICAL_SELECTION,True,2020-04-02,1.0,False,1,EXACT_PREVIOUS_XLON_SESSION_ENDPOINT,YES_SAME_A2R_ECONOMIC_FAMILY,RESET_OR_ENDPOINT_UNAVAILABLE,NO
2020-04-30,GLOBAL_SEMICONDUCTORS,LIST-45B7715389E65AEA,LIST-C8C2240D077E7B8B,LU1900066033,SEMG,A2R_CANONICAL_SELECTION,False,,,False,1,PRICE_NOT_AVAILABLE,YES_SAME_A2R_ECONOMIC_FAMILY,RESET_OR_ENDPOINT_UNAVAILABLE,NO
2020-05-01,GLOBAL_SEMICONDUCTORS,LIST-C8C2240D077E7B8B,LIST-45B7715389E65AEA,LU1900066033,SEMU,A2R_CANONICAL_SELECTION,True,2020-04-30,1.0,False,1,EXACT_PREVIOUS_XLON_SESSION_ENDPOINT,YES_SAME_A2R_ECONOMIC_FAMILY,RESET_OR_ENDPOINT_UNAVAILABLE,NO
2020-05-13,GLOBAL_SEMICONDUCTORS,LIST-45B7715389E65AEA,LIST-C8C2240D077E7B8B,LU1900066033,SEMG,A2R_CANONICAL_SELECTION,False,,,False,1,PRICE_NOT_AVAILABLE,YES_SAME_A2R_ECONOMIC_FAMILY,RESET_OR_ENDPOINT_UNAVAILABLE,NO
2020-05-14,GLOBAL_SEMICONDUCTORS,LIST-C8C2240D077E7B8B,LIST-45B7715389E65AEA,LU1900066033,SEMU,A2R_CANONICAL_SELECTION,True,2020-05-13,1.0,False,1,EXACT_PREVIOUS_XLON_SESSION_ENDPOINT,YES_SAME_A2R_ECONOMIC_FAMILY,RESET_OR_ENDPOINT_UNAVAILABLE,NO
2020-06-01,GLOBAL_SEMICONDUCTORS,LIST-45B7715389E65AEA,LIST-C8C2240D077E7B8B,LU1900066033,SEMG,A2R_CANONICAL_SELECTION,False,,,False,1,PRICE_NOT_AVAILABLE,YES_SAME_A2R_ECONOMIC_FAMILY,RESET_OR_ENDPOINT_UNAVAILABLE,NO
2020-06-02,GLOBAL_SEMICONDUCTORS,LIST-C8C2240D077E7B8B,LIST-45B7715389E65AEA,LU1900066033,SEMU,A2R_CANONICAL_SELECTION,True,2020-06-01,1.0,False,1,EXACT_PREVIOUS_XLON_SESSION_ENDPOINT,YES_SAME_A2R_ECONOMIC_FAMILY,RESET_OR_ENDPOINT_UNAVAILABLE,NO
2020-06-10,GLOBAL_SEMICONDUCTORS,LIST-45B7715389E65AEA,LIST-C8C2240D077E7B8B,LU1900066033,SEMG,A2R_CANONICAL_SELECTION,False,,,False,1,PRICE_NOT_AVAILABLE,YES_SAME_A2R_ECONOMIC_FAMILY,RESET_OR_ENDPOINT_UNAVAILABLE,NO
2020-06-11,GLOBAL_SEMICONDUCTORS,LIST-C8C2240D077E7B8B,LIST-45B7715389E65AEA,LU1900066033,SEMU,A2R_CANONICAL_SELECTION,True,2020-06-10,1.0,False,1,EXACT_PREVIOUS_XLON_SESSION_ENDPOINT,YES_SAME_A2R_ECONOMIC_FAMILY,RESET_OR_ENDPOINT_UNAVAILABLE,NO
2020-06-15,GLOBAL_SEMICONDUCTORS,LIST-45B7715389E65AEA,LIST-C8C2240D077E7B8B,LU1900066033,SEMG,A2R_CANONICAL_SELECTION,False,,,False,1,PRICE_NOT_AVAILABLE,YES_SAME_A2R_ECONOMIC_FAMILY,RESET_OR_ENDPOINT_UNAVAILABLE,NO
2020-06-16,GLOBAL_SEMICONDUCTORS,LIST-C8C2240D077E7B8B,LIST-45B7715389E65AEA,LU1900066033,SEMU,A2R_CANONICAL_SELECTION,True,2020-06-15,1.0,False,1,EXACT_PREVIOUS_XLON_SESSION_ENDPOINT,YES_SAME_A2R_ECONOMIC_FAMILY,RESET_OR_ENDPOINT_UNAVAILABLE,NO
2020-07-15,GLOBAL_SEMICONDUCTORS,LIST-45B7715389E65AEA,LIST-C8C2240D077E7B8B,LU1900066033,SEMG,A2R_CANONICAL_SELECTION,False,,,False,1,PRICE_NOT_AVAILABLE,YES_SAME_A2R_ECONOMIC_FAMILY,RESET_OR_ENDPOINT_UNAVAILABLE,NO
2020-07-16,GLOBAL_SEMICONDUCTORS,LIST-C8C2240D077E7B8B,LIST-45B7715389E65AEA,LU1900066033,SEMU,A2R_CANONICAL_SELECTION,True,2020-07-15,1.0,False,1,EXACT_PREVIOUS_XLON_SESSION_ENDPOINT,YES_SAME_A2R_ECONOMIC_FAMILY,RESET_OR_ENDPOINT_UNAVAILABLE,NO
2020-07-30,GLOBAL_SEMICONDUCTORS,LIST-45B7715389E65AEA,LIST-C8C2240D077E7B8B,LU1900066033,SEMG,A2R_CANONICAL_SELECTION,True,2020-07-29,1.0,True,1,SEMANTICALLY_IDENTICAL_IMPLEMENTATION_TRANSITION,YES_SAME_A2R_ECONOMIC_FAMILY,CONTINUE,NO
2020-08-03,GLOBAL_SEMICONDUCTORS,LIST-C8C2240D077E7B8B,LIST-45B7715389E65AEA,LU1900066033,SEMU,A2R_CANONICAL_SELECTION,True,2020-07-31,1.0,True,1,SEMANTICALLY_IDENTICAL_IMPLEMENTATION_TRANSITION,YES_SAME_A2R_ECONOMIC_FAMILY,CONTINUE,NO
2020-08-06,GLOBAL_SEMICONDUCTORS,LIST-45B7715389E65AEA,LIST-C8C2240D077E7B8B,LU1900066033,SEMG,A2R_CANONICAL_SELECTION,False,,,False,1,PRICE_NOT_AVAILABLE,YES_SAME_A2R_ECONOMIC_FAMILY,RESET_OR_ENDPOINT_UNAVAILABLE,NO
2020-08-07,GLOBAL_SEMICONDUCTORS,LIST-C8C2240D077E7B8B,LIST-45B7715389E65AEA,LU1900066033,SEMU,A2R_CANONICAL_SELECTION,True,2020-08-06,1.0,False,1,EXACT_PREVIOUS_XLON_SESSION_ENDPOINT,YES_SAME_A2R_ECONOMIC_FAMILY,RESET_OR_ENDPOINT_UNAVAILABLE,NO
2020-09-09,GLOBAL_SEMICONDUCTORS,LIST-45B7715389E65AEA,LIST-C8C2240D077E7B8B,LU1900066033,SEMG,A2R_CANONICAL_SELECTION,False,,,False,1,PRICE_NOT_AVAILABLE,YES_SAME_A2R_ECONOMIC_FAMILY,RESET_OR_ENDPOINT_UNAVAILABLE,NO
2020-09-10,GLOBAL_SEMICONDUCTORS,LIST-C8C2240D077E7B8B,LIST-45B7715389E65AEA,LU1900066033,SEMU,A2R_CANONICAL_SELECTION,True,2020-09-09,1.0,False,1,EXACT_PREVIOUS_XLON_SESSION_ENDPOINT,YES_SAME_A2R_ECONOMIC_FAMILY,RESET_OR_ENDPOINT_UNAVAILABLE,NO
2020-09-14,GLOBAL_SEMICONDUCTORS,LIST-45B7715389E65AEA,LIST-C8C2240D077E7B8B,LU1900066033,SEMG,A2R_CANONICAL_SELECTION,False,,,False,1,PRICE_NOT_AVAILABLE,YES_SAME_A2R_ECONOMIC_FAMILY,RESET_OR_ENDPOINT_UNAVAILABLE,NO
2020-09-15,GLOBAL_SEMICONDUCTORS,LIST-C8C2240D077E7B8B,LIST-45B7715389E65AEA,LU1900066033,SEMU,A2R_CANONICAL_SELECTION,True,2020-09-14,1.0,False,1,EXACT_PREVIOUS_XLON_SESSION_ENDPOINT,YES_SAME_A2R_ECONOMIC_FAMILY,RESET_OR_ENDPOINT_UNAVAILABLE,NO
2020-10-06,GLOBAL_SEMICONDUCTORS,LIST-45B7715389E65AEA,LIST-C8C2240D077E7B8B,LU1900066033,SEMG,A2R_CANONICAL_SELECTION,True,2020-10-05,1.0,True,1,SEMANTICALLY_IDENTICAL_IMPLEMENTATION_TRANSITION,YES_SAME_A2R_ECONOMIC_FAMILY,CONTINUE,NO
2020-10-08,GLOBAL_SEMICONDUCTORS,LIST-C8C2240D077E7B8B,LIST-45B7715389E65AEA,LU1900066033,SEMU,A2R_CANONICAL_SELECTION,True,2020-10-07,1.0,True,1,SEMANTICALLY_IDENTICAL_IMPLEMENTATION_TRANSITION,YES_SAME_A2R_ECONOMIC_FAMILY,CONTINUE,NO
2020-10-09,GLOBAL_SEMICONDUCTORS,LIST-45B7715389E65AEA,LIST-C8C2240D077E7B8B,LU1900066033,SEMG,A2R_CANONICAL_SELECTION,False,,,False,1,PRICE_NOT_AVAILABLE,YES_SAME_A2R_ECONOMIC_FAMILY,RESET_OR_ENDPOINT_UNAVAILABLE,NO
2020-10-12,GLOBAL_SEMICONDUCTORS,LIST-C8C2240D077E7B8B,LIST-45B7715389E65AEA,LU1900066033,SEMU,A2R_CANONICAL_SELECTION,True,2020-10-09,1.0,False,1,EXACT_PREVIOUS_XLON_SESSION_ENDPOINT,YES_SAME_A2R_ECONOMIC_FAMILY,RESET_OR_ENDPOINT_UNAVAILABLE,NO
2020-10-13,GLOBAL_SEMICONDUCTORS,LIST-45B7715389E65AEA,LIST-C8C2240D077E7B8B,LU1900066033,SEMG,A2R_CANONICAL_SELECTION,False,,,False,1,PRICE_NOT_AVAILABLE,YES_SAME_A2R_ECONOMIC_FAMILY,RESET_OR_ENDPOINT_UNAVAILABLE,NO
2020-10-14,GLOBAL_SEMICONDUCTORS,LIST-C8C2240D077E7B8B,LIST-45B7715389E65AEA,LU1900066033,SEMU,A2R_CANONICAL_SELECTION,True,2020-10-13,1.0,False,1,EXACT_PREVIOUS_XLON_SESSION_ENDPOINT,YES_SAME_A2R_ECONOMIC_FAMILY,RESET_OR_ENDPOINT_UNAVAILABLE,NO
2020-11-03,GLOBAL_SEMICONDUCTORS,LIST-45B7715389E65AEA,LIST-C8C2240D077E7B8B,LU1900066033,SEMG,A2R_CANONICAL_SELECTION,False,,,False,1,PRICE_NOT_AVAILABLE,YES_SAME_A2R_ECONOMIC_FAMILY,RESET_OR_ENDPOINT_UNAVAILABLE,NO
2020-11-04,GLOBAL_SEMICONDUCTORS,LIST-C8C2240D077E7B8B,LIST-45B7715389E65AEA,LU1900066033,SEMU,A2R_CANONICAL_SELECTION,True,2020-11-03,1.0,False,1,EXACT_PREVIOUS_XLON_SESSION_ENDPOINT,YES_SAME_A2R_ECONOMIC_FAMILY,RESET_OR_ENDPOINT_UNAVAILABLE,NO
2020-11-09,GLOBAL_SEMICONDUCTORS,LIST-45B7715389E65AEA,LIST-C8C2240D077E7B8B,LU1900066033,SEMG,A2R_CANONICAL_SELECTION,False,,,False,1,PRICE_NOT_AVAILABLE,YES_SAME_A2R_ECONOMIC_FAMILY,RESET_OR_ENDPOINT_UNAVAILABLE,NO
2020-11-10,GLOBAL_SEMICONDUCTORS,LIST-C8C2240D077E7B8B,LIST-45B7715389E65AEA,LU1900066033,SEMU,A2R_CANONICAL_SELECTION,True,2020-11-09,1.0,False,1,EXACT_PREVIOUS_XLON_SESSION_ENDPOINT,YES_SAME_A2R_ECONOMIC_FAMILY,RESET_OR_ENDPOINT_UNAVAILABLE,NO
2020-12-08,GLOBAL_SEMICONDUCTORS,LIST-45B7715389E65AEA,LIST-4B3981309820AC7B,IE00BMC38736,SMGB,A2R_CANONICAL_SELECTION,True,2020-12-07,1.0,True,1,SEMANTICALLY_IDENTICAL_IMPLEMENTATION_TRANSITION,YES_SAME_A2R_ECONOMIC_FAMILY,CONTINUE,NO
2023-08-29,GLOBAL_SEMICONDUCTORS,LIST-4B3981309820AC7B,LIST-45B7715389E65AEA,LU1900066033,SEMU,A2R_CANONICAL_SELECTION,True,2023-08-25,1.0,True,1,SEMANTICALLY_IDENTICAL_IMPLEMENTATION_TRANSITION,YES_SAME_A2R_ECONOMIC_FAMILY,CONTINUE,NO
2023-08-30,GLOBAL_SEMICONDUCTORS,LIST-45B7715389E65AEA,LIST-4B3981309820AC7B,IE00BMC38736,SMGB,A2R_CANONICAL_SELECTION,True,2023-08-29,1.0,True,1,SEMANTICALLY_IDENTICAL_IMPLEMENTATION_TRANSITION,YES_SAME_A2R_ECONOMIC_FAMILY,CONTINUE,NO
2024-05-28,GLOBAL_SEMICONDUCTORS,LIST-4B3981309820AC7B,LIST-45B7715389E65AEA,LU1900066033,SEMU,A2R_CANONICAL_SELECTION,True,2024-05-24,1.0,True,1,SEMANTICALLY_IDENTICAL_IMPLEMENTATION_TRANSITION,YES_SAME_A2R_ECONOMIC_FAMILY,CONTINUE,NO
2024-05-29,GLOBAL_SEMICONDUCTORS,LIST-45B7715389E65AEA,LIST-4B3981309820AC7B,IE00BMC38736,SMGB,A2R_CANONICAL_SELECTION,True,2024-05-28,1.0,True,1,SEMANTICALLY_IDENTICAL_IMPLEMENTATION_TRANSITION,YES_SAME_A2R_ECONOMIC_FAMILY,CONTINUE,NO
2026-05-05,GLOBAL_SEMICONDUCTORS,LIST-4B3981309820AC7B,LIST-45B7715389E65AEA,LU1900066033,SEMU,A2R_CANONICAL_SELECTION,True,2026-05-01,1.0,True,1,SEMANTICALLY_IDENTICAL_IMPLEMENTATION_TRANSITION,YES_SAME_A2R_ECONOMIC_FAMILY,CONTINUE,NO
2026-05-06,GLOBAL_SEMICONDUCTORS,LIST-45B7715389E65AEA,LIST-4B3981309820AC7B,IE00BMC38736,SMGB,A2R_CANONICAL_SELECTION,True,2026-05-05,1.0,True,1,SEMANTICALLY_IDENTICAL_IMPLEMENTATION_TRANSITION,YES_SAME_A2R_ECONOMIC_FAMILY,CONTINUE,NO
2022-12-28,GLOBAL_SILVER_MINERS,LIST-D486848129D31D10,LIST-B986A2D8F41DCEE2,IE000UL6CLP7,SILV,A2R_CANONICAL_SELECTION,True,2022-12-23,1.0,True,1,SEMANTICALLY_IDENTICAL_IMPLEMENTATION_TRANSITION,YES_SAME_A2R_ECONOMIC_FAMILY,CONTINUE,NO
2022-12-29,GLOBAL_SILVER_MINERS,LIST-B986A2D8F41DCEE2,LIST-D486848129D31D10,IE000UL6CLP7,SILG,A2R_CANONICAL_SELECTION,True,2022-12-28,1.0,True,1,SEMANTICALLY_IDENTICAL_IMPLEMENTATION_TRANSITION,YES_SAME_A2R_ECONOMIC_FAMILY,CONTINUE,NO
2023-05-09,GLOBAL_SILVER_MINERS,LIST-D486848129D31D10,LIST-B986A2D8F41DCEE2,IE000UL6CLP7,SILV,A2R_CANONICAL_SELECTION,True,2023-05-05,1.0,True,1,SEMANTICALLY_IDENTICAL_IMPLEMENTATION_TRANSITION,YES_SAME_A2R_ECONOMIC_FAMILY,CONTINUE,NO
2023-05-10,GLOBAL_SILVER_MINERS,LIST-B986A2D8F41DCEE2,LIST-D486848129D31D10,IE000UL6CLP7,SILG,A2R_CANONICAL_SELECTION,True,2023-05-09,1.0,True,1,SEMANTICALLY_IDENTICAL_IMPLEMENTATION_TRANSITION,YES_SAME_A2R_ECONOMIC_FAMILY,CONTINUE,NO
2023-05-30,GLOBAL_SILVER_MINERS,LIST-D486848129D31D10,LIST-B986A2D8F41DCEE2,IE000UL6CLP7,SILV,A2R_CANONICAL_SELECTION,True,2023-05-26,1.0,True,1,SEMANTICALLY_IDENTICAL_IMPLEMENTATION_TRANSITION,YES_SAME_A2R_ECONOMIC_FAMILY,CONTINUE,NO
2023-05-31,GLOBAL_SILVER_MINERS,LIST-B986A2D8F41DCEE2,LIST-D486848129D31D10,IE000UL6CLP7,SILG,A2R_CANONICAL_SELECTION,True,2023-05-30,1.0,True,1,SEMANTICALLY_IDENTICAL_IMPLEMENTATION_TRANSITION,YES_SAME_A2R_ECONOMIC_FAMILY,CONTINUE,NO
2017-01-25,GLOBAL_SMALL_CAP,LIST-A6BE4BD6C3E6BEF3,LIST-F0E676349A1F2FAA,IE00BCBJG560,WDSC,A2R_CANONICAL_SELECTION,True,2017-01-24,1.0,True,1,SEMANTICALLY_IDENTICAL_IMPLEMENTATION_TRANSITION,YES_SAME_A2R_ECONOMIC_FAMILY,CONTINUE,NO
2017-01-26,GLOBAL_SMALL_CAP,LIST-F0E676349A1F2FAA,LIST-A6BE4BD6C3E6BEF3,IE00BCBJG560,WOSC,A2R_CANONICAL_SELECTION,True,2017-01-25,1.0,True,1,SEMANTICALLY_IDENTICAL_IMPLEMENTATION_TRANSITION,YES_SAME_A2R_ECONOMIC_FAMILY,CONTINUE,NO
2021-10-01,GLOBAL_SOLAR,LIST-1F9D1BC1AE3D8869,LIST-E09C4E0714797072,IE00BM8QRZ79,ISUN,A2R_CANONICAL_SELECTION,False,,,False,0,PRICE_NOT_AVAILABLE,YES_SAME_A2R_ECONOMIC_FAMILY,RESET_OR_ENDPOINT_UNAVAILABLE,NO
2021-10-18,GLOBAL_SOLAR,LIST-1F9D1BC1AE3D8869,LIST-E09C4E0714797072,IE00BM8QRZ79,ISUN,A2R_CANONICAL_SELECTION,True,2021-10-15,1.0,True,1,SEMANTICALLY_IDENTICAL_IMPLEMENTATION_TRANSITION,YES_SAME_A2R_ECONOMIC_FAMILY,CONTINUE,NO
2021-10-20,GLOBAL_SOLAR,LIST-E09C4E0714797072,LIST-1F9D1BC1AE3D8869,IE00BM8QRZ79,RAYS,A2R_CANONICAL_SELECTION,False,,,False,1,PRICE_NOT_AVAILABLE,YES_SAME_A2R_ECONOMIC_FAMILY,RESET_OR_ENDPOINT_UNAVAILABLE,NO
2021-10-21,GLOBAL_SOLAR,LIST-1F9D1BC1AE3D8869,LIST-E09C4E0714797072,IE00BM8QRZ79,ISUN,A2R_CANONICAL_SELECTION,True,2021-10-20,1.0,False,1,EXACT_PREVIOUS_XLON_SESSION_ENDPOINT,YES_SAME_A2R_ECONOMIC_FAMILY,RESET_OR_ENDPOINT_UNAVAILABLE,NO
2021-10-26,GLOBAL_SOLAR,LIST-E09C4E0714797072,LIST-1F9D1BC1AE3D8869,IE00BM8QRZ79,RAYS,A2R_CANONICAL_SELECTION,True,2021-10-25,1.0,True,1,SEMANTICALLY_IDENTICAL_IMPLEMENTATION_TRANSITION,YES_SAME_A2R_ECONOMIC_FAMILY,CONTINUE,NO
2021-12-08,GLOBAL_SOLAR,LIST-1F9D1BC1AE3D8869,LIST-E09C4E0714797072,IE00BM8QRZ79,ISUN,A2R_CANONICAL_SELECTION,False,,,False,2,PRICE_NOT_AVAILABLE,YES_SAME_A2R_ECONOMIC_FAMILY,RESET_OR_ENDPOINT_UNAVAILABLE,NO
2021-12-09,GLOBAL_SOLAR,LIST-E09C4E0714797072,LIST-1F9D1BC1AE3D8869,IE00BM8QRZ79,RAYS,A2R_CANONICAL_SELECTION,False,,,False,2,PRICE_NOT_AVAILABLE,YES_SAME_A2R_ECONOMIC_FAMILY,RESET_OR_ENDPOINT_UNAVAILABLE,NO
2021-12-10,GLOBAL_SOLAR,LIST-1F9D1BC1AE3D8869,LIST-E09C4E0714797072,IE00BM8QRZ79,ISUN,A2R_CANONICAL_SELECTION,False,,,False,2,PRICE_NOT_AVAILABLE,YES_SAME_A2R_ECONOMIC_FAMILY,RESET_OR_ENDPOINT_UNAVAILABLE,NO
2021-12-13,GLOBAL_SOLAR,LIST-E09C4E0714797072,LIST-1F9D1BC1AE3D8869,IE00BM8QRZ79,RAYS,A2R_CANONICAL_SELECTION,True,2021-12-10,,False,3,CONTINUITY_SEGMENT_START_OR_RESET,YES_SAME_A2R_ECONOMIC_FAMILY,RESET_OR_ENDPOINT_UNAVAILABLE,NO
2022-01-28,GLOBAL_SOLAR,LIST-1F9D1BC1AE3D8869,LIST-E09C4E0714797072,IE00BM8QRZ79,ISUN,A2R_CANONICAL_SELECTION,False,,,False,3,PRICE_NOT_AVAILABLE,YES_SAME_A2R_ECONOMIC_FAMILY,RESET_OR_ENDPOINT_UNAVAILABLE,NO
2022-02-22,GLOBAL_SOLAR,LIST-1F9D1BC1AE3D8869,LIST-D70D334EBCFF0D37,IE000XD7KCJ7,RAYG,A2R_CANONICAL_SELECTION,True,2022-02-21,1.0,True,4,SEMANTICALLY_IDENTICAL_IMPLEMENTATION_TRANSITION,YES_SAME_A2R_ECONOMIC_FAMILY,CONTINUE,NO
2022-02-23,GLOBAL_SOLAR,LIST-D70D334EBCFF0D37,LIST-1F9D1BC1AE3D8869,IE00BM8QRZ79,RAYS,A2R_CANONICAL_SELECTION,True,2022-02-22,1.0,True,4,SEMANTICALLY_IDENTICAL_IMPLEMENTATION_TRANSITION,YES_SAME_A2R_ECONOMIC_FAMILY,CONTINUE,NO
2022-03-21,GLOBAL_SOLAR,LIST-1F9D1BC1AE3D8869,LIST-D70D334EBCFF0D37,IE000XD7KCJ7,RAYG,A2R_CANONICAL_SELECTION,True,2022-03-18,1.0,True,4,SEMANTICALLY_IDENTICAL_IMPLEMENTATION_TRANSITION,YES_SAME_A2R_ECONOMIC_FAMILY,CONTINUE,NO
2022-03-22,GLOBAL_SOLAR,LIST-D70D334EBCFF0D37,LIST-1F9D1BC1AE3D8869,IE00BM8QRZ79,RAYS,A2R_CANONICAL_SELECTION,True,2022-03-21,1.0,True,4,SEMANTICALLY_IDENTICAL_IMPLEMENTATION_TRANSITION,YES_SAME_A2R_ECONOMIC_FAMILY,CONTINUE,NO
2022-03-28,GLOBAL_SOLAR,LIST-1F9D1BC1AE3D8869,LIST-D70D334EBCFF0D37,IE000XD7KCJ7,RAYG,A2R_CANONICAL_SELECTION,True,2022-03-25,1.0,True,4,SEMANTICALLY_IDENTICAL_IMPLEMENTATION_TRANSITION,YES_SAME_A2R_ECONOMIC_FAMILY,CONTINUE,NO
2022-03-29,GLOBAL_SOLAR,LIST-D70D334EBCFF0D37,LIST-1F9D1BC1AE3D8869,IE00BM8QRZ79,RAYS,A2R_CANONICAL_SELECTION,True,2022-03-28,1.0,True,4,SEMANTICALLY_IDENTICAL_IMPLEMENTATION_TRANSITION,YES_SAME_A2R_ECONOMIC_FAMILY,CONTINUE,NO
2022-04-29,GLOBAL_SOLAR,LIST-1F9D1BC1AE3D8869,LIST-D70D334EBCFF0D37,IE000XD7KCJ7,RAYG,A2R_CANONICAL_SELECTION,True,2022-04-28,1.0,True,4,SEMANTICALLY_IDENTICAL_IMPLEMENTATION_TRANSITION,YES_SAME_A2R_ECONOMIC_FAMILY,CONTINUE,NO
2022-05-03,GLOBAL_SOLAR,LIST-D70D334EBCFF0D37,LIST-1F9D1BC1AE3D8869,IE00BM8QRZ79,RAYS,A2R_CANONICAL_SELECTION,True,2022-04-29,1.0,True,4,SEMANTICALLY_IDENTICAL_IMPLEMENTATION_TRANSITION,YES_SAME_A2R_ECONOMIC_FAMILY,CONTINUE,NO
2022-05-05,GLOBAL_SOLAR,LIST-1F9D1BC1AE3D8869,LIST-D70D334EBCFF0D37,IE000XD7KCJ7,RAYG,A2R_CANONICAL_SELECTION,True,2022-05-04,1.0,True,4,SEMANTICALLY_IDENTICAL_IMPLEMENTATION_TRANSITION,YES_SAME_A2R_ECONOMIC_FAMILY,CONTINUE,NO
2022-05-09,GLOBAL_SOLAR,LIST-D70D334EBCFF0D37,LIST-1F9D1BC1AE3D8869,IE00BM8QRZ79,RAYS,A2R_CANONICAL_SELECTION,True,2022-05-06,1.0,True,4,SEMANTICALLY_IDENTICAL_IMPLEMENTATION_TRANSITION,YES_SAME_A2R_ECONOMIC_FAMILY,CONTINUE,NO
2022-05-26,GLOBAL_SOLAR,LIST-1F9D1BC1AE3D8869,LIST-D70D334EBCFF0D37,IE000XD7KCJ7,RAYG,A2R_CANONICAL_SELECTION,True,2022-05-25,1.0,True,4,SEMANTICALLY_IDENTICAL_IMPLEMENTATION_TRANSITION,YES_SAME_A2R_ECONOMIC_FAMILY,CONTINUE,NO
2022-05-27,GLOBAL_SOLAR,LIST-D70D334EBCFF0D37,LIST-1F9D1BC1AE3D8869,IE00BM8QRZ79,RAYS,A2R_CANONICAL_SELECTION,True,2022-05-26,1.0,True,4,SEMANTICALLY_IDENTICAL_IMPLEMENTATION_TRANSITION,YES_SAME_A2R_ECONOMIC_FAMILY,CONTINUE,NO
2022-06-20,GLOBAL_SOLAR,LIST-1F9D1BC1AE3D8869,LIST-D70D334EBCFF0D37,IE000XD7KCJ7,RAYG,A2R_CANONICAL_SELECTION,True,2022-06-17,1.0,True,4,SEMANTICALLY_IDENTICAL_IMPLEMENTATION_TRANSITION,YES_SAME_A2R_ECONOMIC_FAMILY,CONTINUE,NO
2022-06-21,GLOBAL_SOLAR,LIST-D70D334EBCFF0D37,LIST-1F9D1BC1AE3D8869,IE00BM8QRZ79,RAYS,A2R_CANONICAL_SELECTION,True,2022-06-20,1.0,True,4,SEMANTICALLY_IDENTICAL_IMPLEMENTATION_TRANSITION,YES_SAME_A2R_ECONOMIC_FAMILY,CONTINUE,NO
2022-07-25,GLOBAL_SOLAR,LIST-1F9D1BC1AE3D8869,LIST-D70D334EBCFF0D37,IE000XD7KCJ7,RAYG,A2R_CANONICAL_SELECTION,True,2022-07-22,1.0,True,4,SEMANTICALLY_IDENTICAL_IMPLEMENTATION_TRANSITION,YES_SAME_A2R_ECONOMIC_FAMILY,CONTINUE,NO
2022-07-26,GLOBAL_SOLAR,LIST-D70D334EBCFF0D37,LIST-1F9D1BC1AE3D8869,IE00BM8QRZ79,RAYS,A2R_CANONICAL_SELECTION,True,2022-07-25,1.0,True,4,SEMANTICALLY_IDENTICAL_IMPLEMENTATION_TRANSITION,YES_SAME_A2R_ECONOMIC_FAMILY,CONTINUE,NO
2022-10-24,GLOBAL_SOLAR,LIST-1F9D1BC1AE3D8869,LIST-D70D334EBCFF0D37,IE000XD7KCJ7,RAYG,A2R_CANONICAL_SELECTION,True,2022-10-21,1.0,True,4,SEMANTICALLY_IDENTICAL_IMPLEMENTATION_TRANSITION,YES_SAME_A2R_ECONOMIC_FAMILY,CONTINUE,NO
2022-10-25,GLOBAL_SOLAR,LIST-D70D334EBCFF0D37,LIST-1F9D1BC1AE3D8869,IE00BM8QRZ79,RAYS,A2R_CANONICAL_SELECTION,True,2022-10-24,1.0,True,4,SEMANTICALLY_IDENTICAL_IMPLEMENTATION_TRANSITION,YES_SAME_A2R_ECONOMIC_FAMILY,CONTINUE,NO
2022-12-09,GLOBAL_SOLAR,LIST-1F9D1BC1AE3D8869,LIST-D70D334EBCFF0D37,IE000XD7KCJ7,RAYG,A2R_CANONICAL_SELECTION,True,2022-12-08,1.0,True,4,SEMANTICALLY_IDENTICAL_IMPLEMENTATION_TRANSITION,YES_SAME_A2R_ECONOMIC_FAMILY,CONTINUE,NO
2022-12-12,GLOBAL_SOLAR,LIST-D70D334EBCFF0D37,LIST-1F9D1BC1AE3D8869,IE00BM8QRZ79,RAYS,A2R_CANONICAL_SELECTION,True,2022-12-09,1.0,True,4,SEMANTICALLY_IDENTICAL_IMPLEMENTATION_TRANSITION,YES_SAME_A2R_ECONOMIC_FAMILY,CONTINUE,NO
2023-05-30,GLOBAL_SOLAR,LIST-1F9D1BC1AE3D8869,LIST-E067FFCDB52394F9,IE000XD7KCJ7,RAYZ,A2R_CANONICAL_SELECTION,True,2023-05-26,1.0,True,4,SEMANTICALLY_IDENTICAL_IMPLEMENTATION_TRANSITION,YES_SAME_A2R_ECONOMIC_FAMILY,CONTINUE,NO
2023-05-31,GLOBAL_SOLAR,LIST-E067FFCDB52394F9,LIST-1F9D1BC1AE3D8869,IE00BM8QRZ79,RAYS,A2R_CANONICAL_SELECTION,True,2023-05-30,1.0,True,4,SEMANTICALLY_IDENTICAL_IMPLEMENTATION_TRANSITION,YES_SAME_A2R_ECONOMIC_FAMILY,CONTINUE,NO
2022-04-07,GLOBAL_TECHNOLOGY,LIST-47685F3F662B1CA1,LIST-2AD6F3AF3E653C09,IE00BYTRRD19,TECW,A2R_CANONICAL_SELECTION,True,2022-04-06,1.0,True,1,SEMANTICALLY_IDENTICAL_IMPLEMENTATION_TRANSITION,YES_SAME_A2R_ECONOMIC_FAMILY,CONTINUE,NO
2020-08-05,GLOBAL_TRANSPORTATION,LIST-93C5FEAA57FCCED5,LIST-747E3FB825440B84,IE00BF0M6N54,ECOM,A2R_CANONICAL_SELECTION,True,2020-08-04,1.0,True,1,SEMANTICALLY_IDENTICAL_IMPLEMENTATION_TRANSITION,YES_SAME_A2R_ECONOMIC_FAMILY,CONTINUE,NO
2020-08-06,GLOBAL_TRANSPORTATION,LIST-747E3FB825440B84,LIST-93C5FEAA57FCCED5,IE00BF0M6N54,ECOG,A2R_CANONICAL_SELECTION,True,2020-08-05,1.0,True,1,SEMANTICALLY_IDENTICAL_IMPLEMENTATION_TRANSITION,YES_SAME_A2R_ECONOMIC_FAMILY,CONTINUE,NO
2022-05-11,GLOBAL_URANIUM_NUCLEAR,LIST-C5E2AF2F03565258,LIST-A8FE3314CAB652B7,IE0005YK6564,URNP,A2R_CANONICAL_SELECTION,True,2022-05-10,1.0,True,1,SEMANTICALLY_IDENTICAL_IMPLEMENTATION_TRANSITION,YES_SAME_A2R_ECONOMIC_FAMILY,CONTINUE,NO
2022-12-28,GLOBAL_URANIUM_NUCLEAR,LIST-A8FE3314CAB652B7,LIST-C5E2AF2F03565258,IE0005YK6564,URNM,A2R_CANONICAL_SELECTION,True,2022-12-23,1.0,True,1,SEMANTICALLY_IDENTICAL_IMPLEMENTATION_TRANSITION,YES_SAME_A2R_ECONOMIC_FAMILY,CONTINUE,NO
2022-12-29,GLOBAL_URANIUM_NUCLEAR,LIST-C5E2AF2F03565258,LIST-A8FE3314CAB652B7,IE0005YK6564,URNP,A2R_CANONICAL_SELECTION,True,2022-12-28,1.0,True,1,SEMANTICALLY_IDENTICAL_IMPLEMENTATION_TRANSITION,YES_SAME_A2R_ECONOMIC_FAMILY,CONTINUE,NO
2023-01-03,GLOBAL_URANIUM_NUCLEAR,LIST-A8FE3314CAB652B7,LIST-C5E2AF2F03565258,IE0005YK6564,URNM,A2R_CANONICAL_SELECTION,True,2022-12-30,1.0,True,1,SEMANTICALLY_IDENTICAL_IMPLEMENTATION_TRANSITION,YES_SAME_A2R_ECONOMIC_FAMILY,CONTINUE,NO
2023-01-04,GLOBAL_URANIUM_NUCLEAR,LIST-C5E2AF2F03565258,LIST-A8FE3314CAB652B7,IE0005YK6564,URNP,A2R_CANONICAL_SELECTION,True,2023-01-03,1.0,True,1,SEMANTICALLY_IDENTICAL_IMPLEMENTATION_TRANSITION,YES_SAME_A2R_ECONOMIC_FAMILY,CONTINUE,NO
2023-05-09,GLOBAL_URANIUM_NUCLEAR,LIST-A8FE3314CAB652B7,LIST-C5E2AF2F03565258,IE0005YK6564,URNM,A2R_CANONICAL_SELECTION,True,2023-05-05,1.0,True,1,SEMANTICALLY_IDENTICAL_IMPLEMENTATION_TRANSITION,YES_SAME_A2R_ECONOMIC_FAMILY,CONTINUE,NO
2023-05-10,GLOBAL_URANIUM_NUCLEAR,LIST-C5E2AF2F03565258,LIST-A8FE3314CAB652B7,IE0005YK6564,URNP,A2R_CANONICAL_SELECTION,True,2023-05-09,1.0,True,1,SEMANTICALLY_IDENTICAL_IMPLEMENTATION_TRANSITION,YES_SAME_A2R_ECONOMIC_FAMILY,CONTINUE,NO
2023-08-29,GLOBAL_URANIUM_NUCLEAR,LIST-A8FE3314CAB652B7,LIST-C5E2AF2F03565258,IE0005YK6564,URNM,A2R_CANONICAL_SELECTION,True,2023-08-25,1.0,True,1,SEMANTICALLY_IDENTICAL_IMPLEMENTATION_TRANSITION,YES_SAME_A2R_ECONOMIC_FAMILY,CONTINUE,NO
2023-08-30,GLOBAL_URANIUM_NUCLEAR,LIST-C5E2AF2F03565258,LIST-A8FE3314CAB652B7,IE0005YK6564,URNP,A2R_CANONICAL_SELECTION,True,2023-08-29,1.0,True,1,SEMANTICALLY_IDENTICAL_IMPLEMENTATION_TRANSITION,YES_SAME_A2R_ECONOMIC_FAMILY,CONTINUE,NO
2023-09-05,GLOBAL_UTILITIES,LIST-E12C367DF8C2FBA4,LIST-BA9D3A22BBC7914B,IE00BM67HQ30,XWUS,A2R_CANONICAL_SELECTION,True,2023-09-04,1.0,True,69,SEMANTICALLY_IDENTICAL_IMPLEMENTATION_TRANSITION,YES_SAME_A2R_ECONOMIC_FAMILY,CONTINUE,NO
2012-12-20,GLOBAL_WATER,LIST-FC11036191168002,LIST-D8FFDF488EC49B5D,FR0010527275,WATL,A2R_CANONICAL_SELECTION,True,2012-12-19,,True,105,CONTINUITY_SEGMENT_START_OR_RESET,YES_SAME_A2R_ECONOMIC_FAMILY,RESET_OR_ENDPOINT_UNAVAILABLE,NO
2012-12-31,GLOBAL_WATER,LIST-D8FFDF488EC49B5D,LIST-FC11036191168002,IE00B1TXK627,DH2O,A2R_CANONICAL_SELECTION,False,,,False,105,PRICE_NOT_AVAILABLE,YES_SAME_A2R_ECONOMIC_FAMILY,RESET_OR_ENDPOINT_UNAVAILABLE,NO
2013-01-09,GLOBAL_WATER,LIST-D8FFDF488EC49B5D,LIST-FC11036191168002,IE00B1TXK627,DH2O,A2R_CANONICAL_SELECTION,False,,,False,106,PRICE_NOT_AVAILABLE,YES_SAME_A2R_ECONOMIC_FAMILY,RESET_OR_ENDPOINT_UNAVAILABLE,NO
2013-01-22,GLOBAL_WATER,LIST-FC11036191168002,LIST-D8FFDF488EC49B5D,FR0010527275,WATL,A2R_CANONICAL_SELECTION,False,,,False,108,PRICE_NOT_AVAILABLE,YES_SAME_A2R_ECONOMIC_FAMILY,RESET_OR_ENDPOINT_UNAVAILABLE,NO
2013-01-23,GLOBAL_WATER,LIST-D8FFDF488EC49B5D,LIST-FC11036191168002,IE00B1TXK627,DH2O,A2R_CANONICAL_SELECTION,False,,,False,108,PRICE_NOT_AVAILABLE,YES_SAME_A2R_ECONOMIC_FAMILY,RESET_OR_ENDPOINT_UNAVAILABLE,NO
2013-02-04,GLOBAL_WATER,LIST-D8FFDF488EC49B5D,LIST-FC11036191168002,IE00B1TXK627,DH2O,A2R_CANONICAL_SELECTION,True,2013-02-01,1.0,True,109,SEMANTICALLY_IDENTICAL_IMPLEMENTATION_TRANSITION,YES_SAME_A2R_ECONOMIC_FAMILY,CONTINUE,NO
2013-02-05,GLOBAL_WATER,LIST-FC11036191168002,LIST-D8FFDF488EC49B5D,FR0010527275,WATL,A2R_CANONICAL_SELECTION,False,,,False,109,PRICE_NOT_AVAILABLE,YES_SAME_A2R_ECONOMIC_FAMILY,RESET_OR_ENDPOINT_UNAVAILABLE,NO
2013-02-14,GLOBAL_WATER,LIST-FC11036191168002,LIST-D8FFDF488EC49B5D,FR0010527275,WATL,A2R_CANONICAL_SELECTION,True,2013-02-13,,True,110,CONTINUITY_SEGMENT_START_OR_RESET,YES_SAME_A2R_ECONOMIC_FAMILY,RESET_OR_ENDPOINT_UNAVAILABLE,NO
2013-02-18,GLOBAL_WATER,LIST-D8FFDF488EC49B5D,LIST-FC11036191168002,IE00B1TXK627,DH2O,A2R_CANONICAL_SELECTION,True,2013-02-15,1.0,True,110,SEMANTICALLY_IDENTICAL_IMPLEMENTATION_TRANSITION,YES_SAME_A2R_ECONOMIC_FAMILY,CONTINUE,NO
2013-02-20,GLOBAL_WATER,LIST-FC11036191168002,LIST-D8FFDF488EC49B5D,FR0010527275,WATL,A2R_CANONICAL_SELECTION,False,,,False,110,PRICE_NOT_AVAILABLE,YES_SAME_A2R_ECONOMIC_FAMILY,RESET_OR_ENDPOINT_UNAVAILABLE,NO
2013-03-07,GLOBAL_WATER,LIST-FC11036191168002,LIST-D8FFDF488EC49B5D,FR0010527275,WATL,A2R_CANONICAL_SELECTION,False,,,False,110,PRICE_NOT_AVAILABLE,YES_SAME_A2R_ECONOMIC_FAMILY,RESET_OR_ENDPOINT_UNAVAILABLE,NO
2013-03-08,GLOBAL_WATER,LIST-D8FFDF488EC49B5D,LIST-FC11036191168002,IE00B1TXK627,DH2O,A2R_CANONICAL_SELECTION,True,2013-03-07,1.0,False,110,EXACT_PREVIOUS_XLON_SESSION_ENDPOINT,YES_SAME_A2R_ECONOMIC_FAMILY,RESET_OR_ENDPOINT_UNAVAILABLE,NO
2013-03-12,GLOBAL_WATER,LIST-FC11036191168002,LIST-D8FFDF488EC49B5D,FR0010527275,WATL,A2R_CANONICAL_SELECTION,True,2013-03-11,1.0,True,110,SEMANTICALLY_IDENTICAL_IMPLEMENTATION_TRANSITION,YES_SAME_A2R_ECONOMIC_FAMILY,CONTINUE,NO
2013-03-19,GLOBAL_WATER,LIST-FC11036191168002,LIST-D8FFDF488EC49B5D,FR0010527275,WATL,A2R_CANONICAL_SELECTION,True,2013-03-18,1.0,True,110,SEMANTICALLY_IDENTICAL_IMPLEMENTATION_TRANSITION,YES_SAME_A2R_ECONOMIC_FAMILY,CONTINUE,NO
2013-04-03,GLOBAL_WATER,LIST-D8FFDF488EC49B5D,LIST-FC11036191168002,IE00B1TXK627,DH2O,A2R_CANONICAL_SELECTION,True,2013-04-02,1.0,True,110,SEMANTICALLY_IDENTICAL_IMPLEMENTATION_TRANSITION,YES_SAME_A2R_ECONOMIC_FAMILY,CONTINUE,NO
2013-04-04,GLOBAL_WATER,LIST-FC11036191168002,LIST-D8FFDF488EC49B5D,FR0010527275,WATL,A2R_CANONICAL_SELECTION,False,,,False,110,PRICE_NOT_AVAILABLE,YES_SAME_A2R_ECONOMIC_FAMILY,RESET_OR_ENDPOINT_UNAVAILABLE,NO
2013-04-05,GLOBAL_WATER,LIST-D8FFDF488EC49B5D,LIST-FC11036191168002,IE00B1TXK627,DH2O,A2R_CANONICAL_SELECTION,True,2013-04-04,1.0,False,110,EXACT_PREVIOUS_XLON_SESSION_ENDPOINT,YES_SAME_A2R_ECONOMIC_FAMILY,RESET_OR_ENDPOINT_UNAVAILABLE,NO
2013-04-08,GLOBAL_WATER,LIST-FC11036191168002,LIST-D8FFDF488EC49B5D,FR0010527275,WATL,A2R_CANONICAL_SELECTION,False,,,False,110,PRICE_NOT_AVAILABLE,YES_SAME_A2R_ECONOMIC_FAMILY,RESET_OR_ENDPOINT_UNAVAILABLE,NO
2013-04-09,GLOBAL_WATER,LIST-D8FFDF488EC49B5D,LIST-FC11036191168002,IE00B1TXK627,DH2O,A2R_CANONICAL_SELECTION,False,,,False,110,PRICE_NOT_AVAILABLE,YES_SAME_A2R_ECONOMIC_FAMILY,RESET_OR_ENDPOINT_UNAVAILABLE,NO
2013-04-12,GLOBAL_WATER,LIST-FC11036191168002,LIST-D8FFDF488EC49B5D,FR0010527275,WATL,A2R_CANONICAL_SELECTION,False,,,False,110,PRICE_NOT_AVAILABLE,YES_SAME_A2R_ECONOMIC_FAMILY,RESET_OR_ENDPOINT_UNAVAILABLE,NO
2013-04-15,GLOBAL_WATER,LIST-D8FFDF488EC49B5D,LIST-FC11036191168002,IE00B1TXK627,DH2O,A2R_CANONICAL_SELECTION,True,2013-04-12,,False,111,CONTINUITY_SEGMENT_START_OR_RESET,YES_SAME_A2R_ECONOMIC_FAMILY,RESET_OR_ENDPOINT_UNAVAILABLE,NO
2013-04-16,GLOBAL_WATER,LIST-FC11036191168002,LIST-D8FFDF488EC49B5D,FR0010527275,WATL,A2R_CANONICAL_SELECTION,False,,,False,111,PRICE_NOT_AVAILABLE,YES_SAME_A2R_ECONOMIC_FAMILY,RESET_OR_ENDPOINT_UNAVAILABLE,NO
2013-04-17,GLOBAL_WATER,LIST-D8FFDF488EC49B5D,LIST-FC11036191168002,IE00B1TXK627,DH2O,A2R_CANONICAL_SELECTION,True,2013-04-16,1.0,False,111,EXACT_PREVIOUS_XLON_SESSION_ENDPOINT,YES_SAME_A2R_ECONOMIC_FAMILY,RESET_OR_ENDPOINT_UNAVAILABLE,NO
2013-04-18,GLOBAL_WATER,LIST-FC11036191168002,LIST-D8FFDF488EC49B5D,FR0010527275,WATL,A2R_CANONICAL_SELECTION,False,,,False,111,PRICE_NOT_AVAILABLE,YES_SAME_A2R_ECONOMIC_FAMILY,RESET_OR_ENDPOINT_UNAVAILABLE,NO
2013-04-26,GLOBAL_WATER,LIST-D8FFDF488EC49B5D,LIST-FC11036191168002,IE00B1TXK627,DH2O,A2R_CANONICAL_SELECTION,True,2013-04-25,1.0,True,112,SEMANTICALLY_IDENTICAL_IMPLEMENTATION_TRANSITION,YES_SAME_A2R_ECONOMIC_FAMILY,CONTINUE,NO
2013-04-29,GLOBAL_WATER,LIST-FC11036191168002,LIST-D8FFDF488EC49B5D,FR0010527275,WATL,A2R_CANONICAL_SELECTION,True,2013-04-26,1.0,True,112,SEMANTICALLY_IDENTICAL_IMPLEMENTATION_TRANSITION,YES_SAME_A2R_ECONOMIC_FAMILY,CONTINUE,NO
2013-05-02,GLOBAL_WATER,LIST-D8FFDF488EC49B5D,LIST-FC11036191168002,IE00B1TXK627,DH2O,A2R_CANONICAL_SELECTION,True,2013-05-01,1.0,True,112,SEMANTICALLY_IDENTICAL_IMPLEMENTATION_TRANSITION,YES_SAME_A2R_ECONOMIC_FAMILY,CONTINUE,NO
2013-05-03,GLOBAL_WATER,LIST-FC11036191168002,LIST-D8FFDF488EC49B5D,FR0010527275,WATL,A2R_CANONICAL_SELECTION,True,2013-05-02,1.0,True,112,SEMANTICALLY_IDENTICAL_IMPLEMENTATION_TRANSITION,YES_SAME_A2R_ECONOMIC_FAMILY,CONTINUE,NO
2013-05-08,GLOBAL_WATER,LIST-D8FFDF488EC49B5D,LIST-FC11036191168002,IE00B1TXK627,DH2O,A2R_CANONICAL_SELECTION,True,2013-05-07,1.0,True,112,SEMANTICALLY_IDENTICAL_IMPLEMENTATION_TRANSITION,YES_SAME_A2R_ECONOMIC_FAMILY,CONTINUE,NO
2013-05-09,GLOBAL_WATER,LIST-FC11036191168002,LIST-D8FFDF488EC49B5D,FR0010527275,WATL,A2R_CANONICAL_SELECTION,False,,,False,112,PRICE_NOT_AVAILABLE,YES_SAME_A2R_ECONOMIC_FAMILY,RESET_OR_ENDPOINT_UNAVAILABLE,NO
2013-05-10,GLOBAL_WATER,LIST-D8FFDF488EC49B5D,LIST-FC11036191168002,IE00B1TXK627,DH2O,A2R_CANONICAL_SELECTION,True,2013-05-09,1.0,False,112,EXACT_PREVIOUS_XLON_SESSION_ENDPOINT,YES_SAME_A2R_ECONOMIC_FAMILY,RESET_OR_ENDPOINT_UNAVAILABLE,NO
2013-05-17,GLOBAL_WATER,LIST-FC11036191168002,LIST-D8FFDF488EC49B5D,FR0010527275,WATL,A2R_CANONICAL_SELECTION,False,,,False,112,PRICE_NOT_AVAILABLE,YES_SAME_A2R_ECONOMIC_FAMILY,RESET_OR_ENDPOINT_UNAVAILABLE,NO
2013-05-20,GLOBAL_WATER,LIST-D8FFDF488EC49B5D,LIST-FC11036191168002,IE00B1TXK627,DH2O,A2R_CANONICAL_SELECTION,True,2013-05-17,1.0,False,112,EXACT_PREVIOUS_XLON_SESSION_ENDPOINT,YES_SAME_A2R_ECONOMIC_FAMILY,RESET_OR_ENDPOINT_UNAVAILABLE,NO
2013-05-21,GLOBAL_WATER,LIST-FC11036191168002,LIST-D8FFDF488EC49B5D,FR0010527275,WATL,A2R_CANONICAL_SELECTION,True,2013-05-20,1.0,True,112,SEMANTICALLY_IDENTICAL_IMPLEMENTATION_TRANSITION,YES_SAME_A2R_ECONOMIC_FAMILY,CONTINUE,NO
2013-05-23,GLOBAL_WATER,LIST-D8FFDF488EC49B5D,LIST-FC11036191168002,IE00B1TXK627,DH2O,A2R_CANONICAL_SELECTION,True,2013-05-22,1.0,True,112,SEMANTICALLY_IDENTICAL_IMPLEMENTATION_TRANSITION,YES_SAME_A2R_ECONOMIC_FAMILY,CONTINUE,NO
2013-05-24,GLOBAL_WATER,LIST-FC11036191168002,LIST-D8FFDF488EC49B5D,FR0010527275,WATL,A2R_CANONICAL_SELECTION,True,2013-05-23,1.0,True,112,SEMANTICALLY_IDENTICAL_IMPLEMENTATION_TRANSITION,YES_SAME_A2R_ECONOMIC_FAMILY,CONTINUE,NO
2013-05-29,GLOBAL_WATER,LIST-D8FFDF488EC49B5D,LIST-FC11036191168002,IE00B1TXK627,DH2O,A2R_CANONICAL_SELECTION,True,2013-05-28,1.0,True,112,SEMANTICALLY_IDENTICAL_IMPLEMENTATION_TRANSITION,YES_SAME_A2R_ECONOMIC_FAMILY,CONTINUE,NO
2013-05-30,GLOBAL_WATER,LIST-FC11036191168002,LIST-D8FFDF488EC49B5D,FR0010527275,WATL,A2R_CANONICAL_SELECTION,False,,,False,112,PRICE_NOT_AVAILABLE,YES_SAME_A2R_ECONOMIC_FAMILY,RESET_OR_ENDPOINT_UNAVAILABLE,NO
2013-05-31,GLOBAL_WATER,LIST-D8FFDF488EC49B5D,LIST-FC11036191168002,IE00B1TXK627,DH2O,A2R_CANONICAL_SELECTION,True,2013-05-30,1.0,False,112,EXACT_PREVIOUS_XLON_SESSION_ENDPOINT,YES_SAME_A2R_ECONOMIC_FAMILY,RESET_OR_ENDPOINT_UNAVAILABLE,NO
2013-06-04,GLOBAL_WATER,LIST-FC11036191168002,LIST-D8FFDF488EC49B5D,FR0010527275,WATL,A2R_CANONICAL_SELECTION,False,,,False,112,PRICE_NOT_AVAILABLE,YES_SAME_A2R_ECONOMIC_FAMILY,RESET_OR_ENDPOINT_UNAVAILABLE,NO
2013-06-05,GLOBAL_WATER,LIST-D8FFDF488EC49B5D,LIST-FC11036191168002,IE00B1TXK627,DH2O,A2R_CANONICAL_SELECTION,True,2013-06-04,1.0,False,112,EXACT_PREVIOUS_XLON_SESSION_ENDPOINT,YES_SAME_A2R_ECONOMIC_FAMILY,RESET_OR_ENDPOINT_UNAVAILABLE,NO
2013-06-06,GLOBAL_WATER,LIST-FC11036191168002,LIST-D8FFDF488EC49B5D,FR0010527275,WATL,A2R_CANONICAL_SELECTION,False,,,False,112,PRICE_NOT_AVAILABLE,YES_SAME_A2R_ECONOMIC_FAMILY,RESET_OR_ENDPOINT_UNAVAILABLE,NO
2013-06-07,GLOBAL_WATER,LIST-D8FFDF488EC49B5D,LIST-FC11036191168002,IE00B1TXK627,DH2O,A2R_CANONICAL_SELECTION,True,2013-06-06,1.0,False,112,EXACT_PREVIOUS_XLON_SESSION_ENDPOINT,YES_SAME_A2R_ECONOMIC_FAMILY,RESET_OR_ENDPOINT_UNAVAILABLE,NO
2013-06-13,GLOBAL_WATER,LIST-FC11036191168002,LIST-D8FFDF488EC49B5D,FR0010527275,WATL,A2R_CANONICAL_SELECTION,False,,,False,112,PRICE_NOT_AVAILABLE,YES_SAME_A2R_ECONOMIC_FAMILY,RESET_OR_ENDPOINT_UNAVAILABLE,NO
2013-06-14,GLOBAL_WATER,LIST-D8FFDF488EC49B5D,LIST-FC11036191168002,IE00B1TXK627,DH2O,A2R_CANONICAL_SELECTION,True,2013-06-13,1.0,False,112,EXACT_PREVIOUS_XLON_SESSION_ENDPOINT,YES_SAME_A2R_ECONOMIC_FAMILY,RESET_OR_ENDPOINT_UNAVAILABLE,NO
2013-06-17,GLOBAL_WATER,LIST-FC11036191168002,LIST-D8FFDF488EC49B5D,FR0010527275,WATL,A2R_CANONICAL_SELECTION,True,2013-06-14,1.0,True,112,SEMANTICALLY_IDENTICAL_IMPLEMENTATION_TRANSITION,YES_SAME_A2R_ECONOMIC_FAMILY,CONTINUE,NO
2013-06-21,GLOBAL_WATER,LIST-D8FFDF488EC49B5D,LIST-FC11036191168002,IE00B1TXK627,DH2O,A2R_CANONICAL_SELECTION,True,2013-06-20,1.0,True,112,SEMANTICALLY_IDENTICAL_IMPLEMENTATION_TRANSITION,YES_SAME_A2R_ECONOMIC_FAMILY,CONTINUE,NO
2013-06-25,GLOBAL_WATER,LIST-FC11036191168002,LIST-D8FFDF488EC49B5D,FR0010527275,WATL,A2R_CANONICAL_SELECTION,True,2013-06-24,1.0,True,112,SEMANTICALLY_IDENTICAL_IMPLEMENTATION_TRANSITION,YES_SAME_A2R_ECONOMIC_FAMILY,CONTINUE,NO
2013-07-11,GLOBAL_WATER,LIST-D8FFDF488EC49B5D,LIST-FC11036191168002,IE00B1TXK627,DH2O,A2R_CANONICAL_SELECTION,True,2013-07-10,1.0,True,112,SEMANTICALLY_IDENTICAL_IMPLEMENTATION_TRANSITION,YES_SAME_A2R_ECONOMIC_FAMILY,CONTINUE,NO
2013-07-15,GLOBAL_WATER,LIST-FC11036191168002,LIST-D8FFDF488EC49B5D,FR0010527275,WATL,A2R_CANONICAL_SELECTION,True,2013-07-12,1.0,True,112,SEMANTICALLY_IDENTICAL_IMPLEMENTATION_TRANSITION,YES_SAME_A2R_ECONOMIC_FAMILY,CONTINUE,NO
2013-07-22,GLOBAL_WATER,LIST-D8FFDF488EC49B5D,LIST-FC11036191168002,IE00B1TXK627,DH2O,A2R_CANONICAL_SELECTION,True,2013-07-19,1.0,True,112,SEMANTICALLY_IDENTICAL_IMPLEMENTATION_TRANSITION,YES_SAME_A2R_ECONOMIC_FAMILY,CONTINUE,NO
2013-07-23,GLOBAL_WATER,LIST-FC11036191168002,LIST-D8FFDF488EC49B5D,FR0010527275,WATL,A2R_CANONICAL_SELECTION,True,2013-07-22,1.0,True,112,SEMANTICALLY_IDENTICAL_IMPLEMENTATION_TRANSITION,YES_SAME_A2R_ECONOMIC_FAMILY,CONTINUE,NO
2013-07-29,GLOBAL_WATER,LIST-D8FFDF488EC49B5D,LIST-FC11036191168002,IE00B1TXK627,DH2O,A2R_CANONICAL_SELECTION,True,2013-07-26,1.0,True,112,SEMANTICALLY_IDENTICAL_IMPLEMENTATION_TRANSITION,YES_SAME_A2R_ECONOMIC_FAMILY,CONTINUE,NO
2013-08-05,GLOBAL_WATER,LIST-FC11036191168002,LIST-D8FFDF488EC49B5D,FR0010527275,WATL,A2R_CANONICAL_SELECTION,True,2013-08-02,1.0,True,112,SEMANTICALLY_IDENTICAL_IMPLEMENTATION_TRANSITION,YES_SAME_A2R_ECONOMIC_FAMILY,CONTINUE,NO
2013-08-07,GLOBAL_WATER,LIST-D8FFDF488EC49B5D,LIST-FC11036191168002,IE00B1TXK627,DH2O,A2R_CANONICAL_SELECTION,True,2013-08-06,1.0,True,112,SEMANTICALLY_IDENTICAL_IMPLEMENTATION_TRANSITION,YES_SAME_A2R_ECONOMIC_FAMILY,CONTINUE,NO
2013-08-09,GLOBAL_WATER,LIST-FC11036191168002,LIST-D8FFDF488EC49B5D,FR0010527275,WATL,A2R_CANONICAL_SELECTION,False,,,False,112,PRICE_NOT_AVAILABLE,YES_SAME_A2R_ECONOMIC_FAMILY,RESET_OR_ENDPOINT_UNAVAILABLE,NO
2013-08-12,GLOBAL_WATER,LIST-D8FFDF488EC49B5D,LIST-FC11036191168002,IE00B1TXK627,DH2O,A2R_CANONICAL_SELECTION,True,2013-08-09,1.0,False,112,EXACT_PREVIOUS_XLON_SESSION_ENDPOINT,YES_SAME_A2R_ECONOMIC_FAMILY,RESET_OR_ENDPOINT_UNAVAILABLE,NO
2013-08-13,GLOBAL_WATER,LIST-FC11036191168002,LIST-D8FFDF488EC49B5D,FR0010527275,WATL,A2R_CANONICAL_SELECTION,False,,,False,112,PRICE_NOT_AVAILABLE,YES_SAME_A2R_ECONOMIC_FAMILY,RESET_OR_ENDPOINT_UNAVAILABLE,NO
2013-08-14,GLOBAL_WATER,LIST-D8FFDF488EC49B5D,LIST-FC11036191168002,IE00B1TXK627,DH2O,A2R_CANONICAL_SELECTION,True,2013-08-13,1.0,False,112,EXACT_PREVIOUS_XLON_SESSION_ENDPOINT,YES_SAME_A2R_ECONOMIC_FAMILY,RESET_OR_ENDPOINT_UNAVAILABLE,NO
2013-08-15,GLOBAL_WATER,LIST-FC11036191168002,LIST-D8FFDF488EC49B5D,FR0010527275,WATL,A2R_CANONICAL_SELECTION,True,2013-08-14,1.0,True,112,SEMANTICALLY_IDENTICAL_IMPLEMENTATION_TRANSITION,YES_SAME_A2R_ECONOMIC_FAMILY,CONTINUE,NO
2013-08-19,GLOBAL_WATER,LIST-D8FFDF488EC49B5D,LIST-FC11036191168002,IE00B1TXK627,DH2O,A2R_CANONICAL_SELECTION,True,2013-08-16,1.0,True,112,SEMANTICALLY_IDENTICAL_IMPLEMENTATION_TRANSITION,YES_SAME_A2R_ECONOMIC_FAMILY,CONTINUE,NO
2013-08-22,GLOBAL_WATER,LIST-FC11036191168002,LIST-D8FFDF488EC49B5D,FR0010527275,WATL,A2R_CANONICAL_SELECTION,False,,,False,112,PRICE_NOT_AVAILABLE,YES_SAME_A2R_ECONOMIC_FAMILY,RESET_OR_ENDPOINT_UNAVAILABLE,NO
2013-08-23,GLOBAL_WATER,LIST-D8FFDF488EC49B5D,LIST-FC11036191168002,IE00B1TXK627,DH2O,A2R_CANONICAL_SELECTION,True,2013-08-22,1.0,False,112,EXACT_PREVIOUS_XLON_SESSION_ENDPOINT,YES_SAME_A2R_ECONOMIC_FAMILY,RESET_OR_ENDPOINT_UNAVAILABLE,NO
2013-08-28,GLOBAL_WATER,LIST-FC11036191168002,LIST-D8FFDF488EC49B5D,FR0010527275,WATL,A2R_CANONICAL_SELECTION,False,,,False,112,PRICE_NOT_AVAILABLE,YES_SAME_A2R_ECONOMIC_FAMILY,RESET_OR_ENDPOINT_UNAVAILABLE,NO
2013-08-29,GLOBAL_WATER,LIST-D8FFDF488EC49B5D,LIST-FC11036191168002,IE00B1TXK627,DH2O,A2R_CANONICAL_SELECTION,True,2013-08-28,1.0,False,112,EXACT_PREVIOUS_XLON_SESSION_ENDPOINT,YES_SAME_A2R_ECONOMIC_FAMILY,RESET_OR_ENDPOINT_UNAVAILABLE,NO
2013-09-10,GLOBAL_WATER,LIST-FC11036191168002,LIST-D8FFDF488EC49B5D,FR0010527275,WATL,A2R_CANONICAL_SELECTION,False,,,False,112,PRICE_NOT_AVAILABLE,YES_SAME_A2R_ECONOMIC_FAMILY,RESET_OR_ENDPOINT_UNAVAILABLE,NO
2013-09-11,GLOBAL_WATER,LIST-D8FFDF488EC49B5D,LIST-FC11036191168002,IE00B1TXK627,DH2O,A2R_CANONICAL_SELECTION,True,2013-09-10,1.0,False,112,EXACT_PREVIOUS_XLON_SESSION_ENDPOINT,YES_SAME_A2R_ECONOMIC_FAMILY,RESET_OR_ENDPOINT_UNAVAILABLE,NO
2013-09-12,GLOBAL_WATER,LIST-FC11036191168002,LIST-D8FFDF488EC49B5D,FR0010527275,WATL,A2R_CANONICAL_SELECTION,False,,,False,112,PRICE_NOT_AVAILABLE,YES_SAME_A2R_ECONOMIC_FAMILY,RESET_OR_ENDPOINT_UNAVAILABLE,NO
2013-09-13,GLOBAL_WATER,LIST-D8FFDF488EC49B5D,LIST-FC11036191168002,IE00B1TXK627,DH2O,A2R_CANONICAL_SELECTION,True,2013-09-12,1.0,False,112,EXACT_PREVIOUS_XLON_SESSION_ENDPOINT,YES_SAME_A2R_ECONOMIC_FAMILY,RESET_OR_ENDPOINT_UNAVAILABLE,NO
2013-09-16,GLOBAL_WATER,LIST-FC11036191168002,LIST-D8FFDF488EC49B5D,FR0010527275,WATL,A2R_CANONICAL_SELECTION,True,2013-09-13,1.0,True,112,SEMANTICALLY_IDENTICAL_IMPLEMENTATION_TRANSITION,YES_SAME_A2R_ECONOMIC_FAMILY,CONTINUE,NO
2013-09-18,GLOBAL_WATER,LIST-D8FFDF488EC49B5D,LIST-FC11036191168002,IE00B1TXK627,DH2O,A2R_CANONICAL_SELECTION,True,2013-09-17,1.0,True,112,SEMANTICALLY_IDENTICAL_IMPLEMENTATION_TRANSITION,YES_SAME_A2R_ECONOMIC_FAMILY,CONTINUE,NO
2013-09-19,GLOBAL_WATER,LIST-FC11036191168002,LIST-D8FFDF488EC49B5D,FR0010527275,WATL,A2R_CANONICAL_SELECTION,False,,,False,112,PRICE_NOT_AVAILABLE,YES_SAME_A2R_ECONOMIC_FAMILY,RESET_OR_ENDPOINT_UNAVAILABLE,NO
2013-09-20,GLOBAL_WATER,LIST-D8FFDF488EC49B5D,LIST-FC11036191168002,IE00B1TXK627,DH2O,A2R_CANONICAL_SELECTION,True,2013-09-19,1.0,False,112,EXACT_PREVIOUS_XLON_SESSION_ENDPOINT,YES_SAME_A2R_ECONOMIC_FAMILY,RESET_OR_ENDPOINT_UNAVAILABLE,NO
2013-09-23,GLOBAL_WATER,LIST-FC11036191168002,LIST-D8FFDF488EC49B5D,FR0010527275,WATL,A2R_CANONICAL_SELECTION,False,,,False,112,PRICE_NOT_AVAILABLE,YES_SAME_A2R_ECONOMIC_FAMILY,RESET_OR_ENDPOINT_UNAVAILABLE,NO
2013-09-24,GLOBAL_WATER,LIST-D8FFDF488EC49B5D,LIST-FC11036191168002,IE00B1TXK627,DH2O,A2R_CANONICAL_SELECTION,True,2013-09-23,1.0,False,112,EXACT_PREVIOUS_XLON_SESSION_ENDPOINT,YES_SAME_A2R_ECONOMIC_FAMILY,RESET_OR_ENDPOINT_UNAVAILABLE,NO
2013-09-26,GLOBAL_WATER,LIST-FC11036191168002,LIST-D8FFDF488EC49B5D,FR0010527275,WATL,A2R_CANONICAL_SELECTION,True,2013-09-25,1.0,True,112,SEMANTICALLY_IDENTICAL_IMPLEMENTATION_TRANSITION,YES_SAME_A2R_ECONOMIC_FAMILY,CONTINUE,NO
2013-10-01,GLOBAL_WATER,LIST-D8FFDF488EC49B5D,LIST-FC11036191168002,IE00B1TXK627,DH2O,A2R_CANONICAL_SELECTION,True,2013-09-30,1.0,True,112,SEMANTICALLY_IDENTICAL_IMPLEMENTATION_TRANSITION,YES_SAME_A2R_ECONOMIC_FAMILY,CONTINUE,NO
2013-10-10,GLOBAL_WATER,LIST-FC11036191168002,LIST-D8FFDF488EC49B5D,FR0010527275,WATL,A2R_CANONICAL_SELECTION,False,,,False,112,PRICE_NOT_AVAILABLE,YES_SAME_A2R_ECONOMIC_FAMILY,RESET_OR_ENDPOINT_UNAVAILABLE,NO
2013-10-11,GLOBAL_WATER,LIST-D8FFDF488EC49B5D,LIST-FC11036191168002,IE00B1TXK627,DH2O,A2R_CANONICAL_SELECTION,True,2013-10-10,1.0,False,112,EXACT_PREVIOUS_XLON_SESSION_ENDPOINT,YES_SAME_A2R_ECONOMIC_FAMILY,RESET_OR_ENDPOINT_UNAVAILABLE,NO
2013-10-23,GLOBAL_WATER,LIST-FC11036191168002,LIST-D8FFDF488EC49B5D,FR0010527275,WATL,A2R_CANONICAL_SELECTION,True,2013-10-22,1.0,True,112,SEMANTICALLY_IDENTICAL_IMPLEMENTATION_TRANSITION,YES_SAME_A2R_ECONOMIC_FAMILY,CONTINUE,NO
2013-10-29,GLOBAL_WATER,LIST-D8FFDF488EC49B5D,LIST-FC11036191168002,IE00B1TXK627,DH2O,A2R_CANONICAL_SELECTION,True,2013-10-25,2.0,True,112,SEMANTICALLY_IDENTICAL_IMPLEMENTATION_TRANSITION,YES_SAME_A2R_ECONOMIC_FAMILY,CONTINUE,NO
2013-10-30,GLOBAL_WATER,LIST-FC11036191168002,LIST-D8FFDF488EC49B5D,FR0010527275,WATL,A2R_CANONICAL_SELECTION,True,2013-10-29,1.0,True,112,SEMANTICALLY_IDENTICAL_IMPLEMENTATION_TRANSITION,YES_SAME_A2R_ECONOMIC_FAMILY,CONTINUE,NO
2013-11-06,GLOBAL_WATER,LIST-D8FFDF488EC49B5D,LIST-FC11036191168002,IE00B1TXK627,DH2O,A2R_CANONICAL_SELECTION,True,2013-11-05,1.0,True,112,SEMANTICALLY_IDENTICAL_IMPLEMENTATION_TRANSITION,YES_SAME_A2R_ECONOMIC_FAMILY,CONTINUE,NO
2013-11-07,GLOBAL_WATER,LIST-FC11036191168002,LIST-D8FFDF488EC49B5D,FR0010527275,WATL,A2R_CANONICAL_SELECTION,True,2013-11-06,1.0,True,112,SEMANTICALLY_IDENTICAL_IMPLEMENTATION_TRANSITION,YES_SAME_A2R_ECONOMIC_FAMILY,CONTINUE,NO
2013-11-14,GLOBAL_WATER,LIST-D8FFDF488EC49B5D,LIST-FC11036191168002,IE00B1TXK627,DH2O,A2R_CANONICAL_SELECTION,True,2013-11-13,1.0,True,112,SEMANTICALLY_IDENTICAL_IMPLEMENTATION_TRANSITION,YES_SAME_A2R_ECONOMIC_FAMILY,CONTINUE,NO
2013-11-15,GLOBAL_WATER,LIST-FC11036191168002,LIST-D8FFDF488EC49B5D,FR0010527275,WATL,A2R_CANONICAL_SELECTION,False,,,False,112,PRICE_NOT_AVAILABLE,YES_SAME_A2R_ECONOMIC_FAMILY,RESET_OR_ENDPOINT_UNAVAILABLE,NO
2013-11-18,GLOBAL_WATER,LIST-D8FFDF488EC49B5D,LIST-FC11036191168002,IE00B1TXK627,DH2O,A2R_CANONICAL_SELECTION,True,2013-11-15,1.0,False,112,EXACT_PREVIOUS_XLON_SESSION_ENDPOINT,YES_SAME_A2R_ECONOMIC_FAMILY,RESET_OR_ENDPOINT_UNAVAILABLE,NO
2013-11-19,GLOBAL_WATER,LIST-FC11036191168002,LIST-D8FFDF488EC49B5D,FR0010527275,WATL,A2R_CANONICAL_SELECTION,True,2013-11-18,1.0,True,112,SEMANTICALLY_IDENTICAL_IMPLEMENTATION_TRANSITION,YES_SAME_A2R_ECONOMIC_FAMILY,CONTINUE,NO
2013-11-25,GLOBAL_WATER,LIST-D8FFDF488EC49B5D,LIST-FC11036191168002,IE00B1TXK627,DH2O,A2R_CANONICAL_SELECTION,True,2013-11-22,1.0,True,112,SEMANTICALLY_IDENTICAL_IMPLEMENTATION_TRANSITION,YES_SAME_A2R_ECONOMIC_FAMILY,CONTINUE,NO
2013-11-26,GLOBAL_WATER,LIST-FC11036191168002,LIST-D8FFDF488EC49B5D,FR0010527275,WATL,A2R_CANONICAL_SELECTION,False,,,False,112,PRICE_NOT_AVAILABLE,YES_SAME_A2R_ECONOMIC_FAMILY,RESET_OR_ENDPOINT_UNAVAILABLE,NO
2013-11-27,GLOBAL_WATER,LIST-D8FFDF488EC49B5D,LIST-FC11036191168002,IE00B1TXK627,DH2O,A2R_CANONICAL_SELECTION,True,2013-11-26,1.0,False,112,EXACT_PREVIOUS_XLON_SESSION_ENDPOINT,YES_SAME_A2R_ECONOMIC_FAMILY,RESET_OR_ENDPOINT_UNAVAILABLE,NO
2013-11-28,GLOBAL_WATER,LIST-FC11036191168002,LIST-D8FFDF488EC49B5D,FR0010527275,WATL,A2R_CANONICAL_SELECTION,True,2013-11-27,1.0,True,112,SEMANTICALLY_IDENTICAL_IMPLEMENTATION_TRANSITION,YES_SAME_A2R_ECONOMIC_FAMILY,CONTINUE,NO
2013-12-02,GLOBAL_WATER,LIST-D8FFDF488EC49B5D,LIST-FC11036191168002,IE00B1TXK627,DH2O,A2R_CANONICAL_SELECTION,True,2013-11-29,1.0,True,112,SEMANTICALLY_IDENTICAL_IMPLEMENTATION_TRANSITION,YES_SAME_A2R_ECONOMIC_FAMILY,CONTINUE,NO
2013-12-03,GLOBAL_WATER,LIST-FC11036191168002,LIST-D8FFDF488EC49B5D,FR0010527275,WATL,A2R_CANONICAL_SELECTION,False,,,False,112,PRICE_NOT_AVAILABLE,YES_SAME_A2R_ECONOMIC_FAMILY,RESET_OR_ENDPOINT_UNAVAILABLE,NO
2013-12-04,GLOBAL_WATER,LIST-D8FFDF488EC49B5D,LIST-FC11036191168002,IE00B1TXK627,DH2O,A2R_CANONICAL_SELECTION,True,2013-12-03,1.0,False,112,EXACT_PREVIOUS_XLON_SESSION_ENDPOINT,YES_SAME_A2R_ECONOMIC_FAMILY,RESET_OR_ENDPOINT_UNAVAILABLE,NO
2013-12-05,GLOBAL_WATER,LIST-FC11036191168002,LIST-D8FFDF488EC49B5D,FR0010527275,WATL,A2R_CANONICAL_SELECTION,False,,,False,112,PRICE_NOT_AVAILABLE,YES_SAME_A2R_ECONOMIC_FAMILY,RESET_OR_ENDPOINT_UNAVAILABLE,NO
2013-12-06,GLOBAL_WATER,LIST-D8FFDF488EC49B5D,LIST-FC11036191168002,IE00B1TXK627,DH2O,A2R_CANONICAL_SELECTION,True,2013-12-05,1.0,False,112,EXACT_PREVIOUS_XLON_SESSION_ENDPOINT,YES_SAME_A2R_ECONOMIC_FAMILY,RESET_OR_ENDPOINT_UNAVAILABLE,NO
2013-12-19,GLOBAL_WATER,LIST-FC11036191168002,LIST-D8FFDF488EC49B5D,FR0010527275,WATL,A2R_CANONICAL_SELECTION,False,,,False,112,PRICE_NOT_AVAILABLE,YES_SAME_A2R_ECONOMIC_FAMILY,RESET_OR_ENDPOINT_UNAVAILABLE,NO
2013-12-20,GLOBAL_WATER,LIST-D8FFDF488EC49B5D,LIST-FC11036191168002,IE00B1TXK627,DH2O,A2R_CANONICAL_SELECTION,True,2013-12-19,1.0,False,112,EXACT_PREVIOUS_XLON_SESSION_ENDPOINT,YES_SAME_A2R_ECONOMIC_FAMILY,RESET_OR_ENDPOINT_UNAVAILABLE,NO
2013-12-23,GLOBAL_WATER,LIST-FC11036191168002,LIST-D8FFDF488EC49B5D,FR0010527275,WATL,A2R_CANONICAL_SELECTION,True,2013-12-20,1.0,True,112,SEMANTICALLY_IDENTICAL_IMPLEMENTATION_TRANSITION,YES_SAME_A2R_ECONOMIC_FAMILY,CONTINUE,NO
2013-12-27,GLOBAL_WATER,LIST-D8FFDF488EC49B5D,LIST-FC11036191168002,IE00B1TXK627,DH2O,A2R_CANONICAL_SELECTION,True,2013-12-24,1.0,True,112,SEMANTICALLY_IDENTICAL_IMPLEMENTATION_TRANSITION,YES_SAME_A2R_ECONOMIC_FAMILY,CONTINUE,NO
2013-12-30,GLOBAL_WATER,LIST-FC11036191168002,LIST-D8FFDF488EC49B5D,FR0010527275,WATL,A2R_CANONICAL_SELECTION,True,2013-12-27,1.0,True,112,SEMANTICALLY_IDENTICAL_IMPLEMENTATION_TRANSITION,YES_SAME_A2R_ECONOMIC_FAMILY,CONTINUE,NO
2014-01-02,GLOBAL_WATER,LIST-D8FFDF488EC49B5D,LIST-FC11036191168002,IE00B1TXK627,DH2O,A2R_CANONICAL_SELECTION,True,2013-12-31,1.0,True,112,SEMANTICALLY_IDENTICAL_IMPLEMENTATION_TRANSITION,YES_SAME_A2R_ECONOMIC_FAMILY,CONTINUE,NO
2014-01-13,GLOBAL_WATER,LIST-FC11036191168002,LIST-D8FFDF488EC49B5D,FR0010527275,WATL,A2R_CANONICAL_SELECTION,True,2014-01-10,1.0,True,112,SEMANTICALLY_IDENTICAL_IMPLEMENTATION_TRANSITION,YES_SAME_A2R_ECONOMIC_FAMILY,CONTINUE,NO
2014-01-16,GLOBAL_WATER,LIST-D8FFDF488EC49B5D,LIST-FC11036191168002,IE00B1TXK627,DH2O,A2R_CANONICAL_SELECTION,True,2014-01-15,1.0,True,112,SEMANTICALLY_IDENTICAL_IMPLEMENTATION_TRANSITION,YES_SAME_A2R_ECONOMIC_FAMILY,CONTINUE,NO
2014-01-20,GLOBAL_WATER,LIST-FC11036191168002,LIST-D8FFDF488EC49B5D,FR0010527275,WATL,A2R_CANONICAL_SELECTION,False,,,False,112,PRICE_NOT_AVAILABLE,YES_SAME_A2R_ECONOMIC_FAMILY,RESET_OR_ENDPOINT_UNAVAILABLE,NO
2014-01-21,GLOBAL_WATER,LIST-D8FFDF488EC49B5D,LIST-FC11036191168002,IE00B1TXK627,DH2O,A2R_CANONICAL_SELECTION,True,2014-01-20,1.0,False,112,EXACT_PREVIOUS_XLON_SESSION_ENDPOINT,YES_SAME_A2R_ECONOMIC_FAMILY,RESET_OR_ENDPOINT_UNAVAILABLE,NO
2014-01-24,GLOBAL_WATER,LIST-FC11036191168002,LIST-D8FFDF488EC49B5D,FR0010527275,WATL,A2R_CANONICAL_SELECTION,True,2014-01-23,1.0,True,112,SEMANTICALLY_IDENTICAL_IMPLEMENTATION_TRANSITION,YES_SAME_A2R_ECONOMIC_FAMILY,CONTINUE,NO
2014-01-28,GLOBAL_WATER,LIST-D8FFDF488EC49B5D,LIST-FC11036191168002,IE00B1TXK627,DH2O,A2R_CANONICAL_SELECTION,True,2014-01-27,1.0,True,112,SEMANTICALLY_IDENTICAL_IMPLEMENTATION_TRANSITION,YES_SAME_A2R_ECONOMIC_FAMILY,CONTINUE,NO
2014-01-29,GLOBAL_WATER,LIST-FC11036191168002,LIST-D8FFDF488EC49B5D,FR0010527275,WATL,A2R_CANONICAL_SELECTION,False,,,False,112,PRICE_NOT_AVAILABLE,YES_SAME_A2R_ECONOMIC_FAMILY,RESET_OR_ENDPOINT_UNAVAILABLE,NO
2014-01-30,GLOBAL_WATER,LIST-D8FFDF488EC49B5D,LIST-FC11036191168002,IE00B1TXK627,DH2O,A2R_CANONICAL_SELECTION,True,2014-01-29,1.0,False,112,EXACT_PREVIOUS_XLON_SESSION_ENDPOINT,YES_SAME_A2R_ECONOMIC_FAMILY,RESET_OR_ENDPOINT_UNAVAILABLE,NO
2014-01-31,GLOBAL_WATER,LIST-FC11036191168002,LIST-D8FFDF488EC49B5D,FR0010527275,WATL,A2R_CANONICAL_SELECTION,True,2014-01-30,1.0,True,112,SEMANTICALLY_IDENTICAL_IMPLEMENTATION_TRANSITION,YES_SAME_A2R_ECONOMIC_FAMILY,CONTINUE,NO
2014-02-04,GLOBAL_WATER,LIST-D8FFDF488EC49B5D,LIST-FC11036191168002,IE00B1TXK627,DH2O,A2R_CANONICAL_SELECTION,True,2014-02-03,1.0,True,112,SEMANTICALLY_IDENTICAL_IMPLEMENTATION_TRANSITION,YES_SAME_A2R_ECONOMIC_FAMILY,CONTINUE,NO
2014-02-05,GLOBAL_WATER,LIST-FC11036191168002,LIST-D8FFDF488EC49B5D,FR0010527275,WATL,A2R_CANONICAL_SELECTION,False,,,False,112,PRICE_NOT_AVAILABLE,YES_SAME_A2R_ECONOMIC_FAMILY,RESET_OR_ENDPOINT_UNAVAILABLE,NO
2014-02-06,GLOBAL_WATER,LIST-D8FFDF488EC49B5D,LIST-FC11036191168002,IE00B1TXK627,DH2O,A2R_CANONICAL_SELECTION,True,2014-02-05,1.0,False,112,EXACT_PREVIOUS_XLON_SESSION_ENDPOINT,YES_SAME_A2R_ECONOMIC_FAMILY,RESET_OR_ENDPOINT_UNAVAILABLE,NO
2014-02-10,GLOBAL_WATER,LIST-FC11036191168002,LIST-D8FFDF488EC49B5D,FR0010527275,WATL,A2R_CANONICAL_SELECTION,True,2014-02-07,1.0,True,112,SEMANTICALLY_IDENTICAL_IMPLEMENTATION_TRANSITION,YES_SAME_A2R_ECONOMIC_FAMILY,CONTINUE,NO
2014-02-13,GLOBAL_WATER,LIST-D8FFDF488EC49B5D,LIST-FC11036191168002,IE00B1TXK627,DH2O,A2R_CANONICAL_SELECTION,True,2014-02-12,1.0,True,112,SEMANTICALLY_IDENTICAL_IMPLEMENTATION_TRANSITION,YES_SAME_A2R_ECONOMIC_FAMILY,CONTINUE,NO
2014-02-17,GLOBAL_WATER,LIST-FC11036191168002,LIST-D8FFDF488EC49B5D,FR0010527275,WATL,A2R_CANONICAL_SELECTION,False,,,False,112,PRICE_NOT_AVAILABLE,YES_SAME_A2R_ECONOMIC_FAMILY,RESET_OR_ENDPOINT_UNAVAILABLE,NO
2014-02-18,GLOBAL_WATER,LIST-D8FFDF488EC49B5D,LIST-FC11036191168002,IE00B1TXK627,DH2O,A2R_CANONICAL_SELECTION,True,2014-02-17,1.0,False,112,EXACT_PREVIOUS_XLON_SESSION_ENDPOINT,YES_SAME_A2R_ECONOMIC_FAMILY,RESET_OR_ENDPOINT_UNAVAILABLE,NO
2014-02-19,GLOBAL_WATER,LIST-FC11036191168002,LIST-D8FFDF488EC49B5D,FR0010527275,WATL,A2R_CANONICAL_SELECTION,False,,,False,112,PRICE_NOT_AVAILABLE,YES_SAME_A2R_ECONOMIC_FAMILY,RESET_OR_ENDPOINT_UNAVAILABLE,NO
2014-02-20,GLOBAL_WATER,LIST-D8FFDF488EC49B5D,LIST-FC11036191168002,IE00B1TXK627,DH2O,A2R_CANONICAL_SELECTION,True,2014-02-19,1.0,False,112,EXACT_PREVIOUS_XLON_SESSION_ENDPOINT,YES_SAME_A2R_ECONOMIC_FAMILY,RESET_OR_ENDPOINT_UNAVAILABLE,NO
2014-02-21,GLOBAL_WATER,LIST-FC11036191168002,LIST-D8FFDF488EC49B5D,FR0010527275,WATL,A2R_CANONICAL_SELECTION,False,,,False,112,PRICE_NOT_AVAILABLE,YES_SAME_A2R_ECONOMIC_FAMILY,RESET_OR_ENDPOINT_UNAVAILABLE,NO
2014-02-24,GLOBAL_WATER,LIST-D8FFDF488EC49B5D,LIST-FC11036191168002,IE00B1TXK627,DH2O,A2R_CANONICAL_SELECTION,True,2014-02-21,1.0,False,112,EXACT_PREVIOUS_XLON_SESSION_ENDPOINT,YES_SAME_A2R_ECONOMIC_FAMILY,RESET_OR_ENDPOINT_UNAVAILABLE,NO
2014-02-25,GLOBAL_WATER,LIST-FC11036191168002,LIST-D8FFDF488EC49B5D,FR0010527275,WATL,A2R_CANONICAL_SELECTION,True,2014-02-24,1.0,True,112,SEMANTICALLY_IDENTICAL_IMPLEMENTATION_TRANSITION,YES_SAME_A2R_ECONOMIC_FAMILY,CONTINUE,NO
2014-02-27,GLOBAL_WATER,LIST-D8FFDF488EC49B5D,LIST-FC11036191168002,IE00B1TXK627,DH2O,A2R_CANONICAL_SELECTION,True,2014-02-26,1.0,True,112,SEMANTICALLY_IDENTICAL_IMPLEMENTATION_TRANSITION,YES_SAME_A2R_ECONOMIC_FAMILY,CONTINUE,NO
2014-02-28,GLOBAL_WATER,LIST-FC11036191168002,LIST-D8FFDF488EC49B5D,FR0010527275,WATL,A2R_CANONICAL_SELECTION,True,2014-02-27,1.0,True,112,SEMANTICALLY_IDENTICAL_IMPLEMENTATION_TRANSITION,YES_SAME_A2R_ECONOMIC_FAMILY,CONTINUE,NO
2014-03-04,GLOBAL_WATER,LIST-D8FFDF488EC49B5D,LIST-FC11036191168002,IE00B1TXK627,DH2O,A2R_CANONICAL_SELECTION,True,2014-03-03,1.0,True,112,SEMANTICALLY_IDENTICAL_IMPLEMENTATION_TRANSITION,YES_SAME_A2R_ECONOMIC_FAMILY,CONTINUE,NO
2014-03-05,GLOBAL_WATER,LIST-FC11036191168002,LIST-D8FFDF488EC49B5D,FR0010527275,WATL,A2R_CANONICAL_SELECTION,False,,,False,112,PRICE_NOT_AVAILABLE,YES_SAME_A2R_ECONOMIC_FAMILY,RESET_OR_ENDPOINT_UNAVAILABLE,NO
2014-03-06,GLOBAL_WATER,LIST-D8FFDF488EC49B5D,LIST-FC11036191168002,IE00B1TXK627,DH2O,A2R_CANONICAL_SELECTION,True,2014-03-05,1.0,False,112,EXACT_PREVIOUS_XLON_SESSION_ENDPOINT,YES_SAME_A2R_ECONOMIC_FAMILY,RESET_OR_ENDPOINT_UNAVAILABLE,NO
2014-03-07,GLOBAL_WATER,LIST-FC11036191168002,LIST-D8FFDF488EC49B5D,FR0010527275,WATL,A2R_CANONICAL_SELECTION,True,2014-03-06,1.0,True,112,SEMANTICALLY_IDENTICAL_IMPLEMENTATION_TRANSITION,YES_SAME_A2R_ECONOMIC_FAMILY,CONTINUE,NO
2014-03-11,GLOBAL_WATER,LIST-D8FFDF488EC49B5D,LIST-FC11036191168002,IE00B1TXK627,DH2O,A2R_CANONICAL_SELECTION,True,2014-03-10,1.0,True,112,SEMANTICALLY_IDENTICAL_IMPLEMENTATION_TRANSITION,YES_SAME_A2R_ECONOMIC_FAMILY,CONTINUE,NO
2014-03-17,GLOBAL_WATER,LIST-FC11036191168002,LIST-D8FFDF488EC49B5D,FR0010527275,WATL,A2R_CANONICAL_SELECTION,False,,,False,112,PRICE_NOT_AVAILABLE,YES_SAME_A2R_ECONOMIC_FAMILY,RESET_OR_ENDPOINT_UNAVAILABLE,NO
2014-03-18,GLOBAL_WATER,LIST-D8FFDF488EC49B5D,LIST-FC11036191168002,IE00B1TXK627,DH2O,A2R_CANONICAL_SELECTION,True,2014-03-17,1.0,False,112,EXACT_PREVIOUS_XLON_SESSION_ENDPOINT,YES_SAME_A2R_ECONOMIC_FAMILY,RESET_OR_ENDPOINT_UNAVAILABLE,NO
2014-03-19,GLOBAL_WATER,LIST-FC11036191168002,LIST-D8FFDF488EC49B5D,FR0010527275,WATL,A2R_CANONICAL_SELECTION,False,,,False,112,PRICE_NOT_AVAILABLE,YES_SAME_A2R_ECONOMIC_FAMILY,RESET_OR_ENDPOINT_UNAVAILABLE,NO
2014-03-20,GLOBAL_WATER,LIST-D8FFDF488EC49B5D,LIST-FC11036191168002,IE00B1TXK627,DH2O,A2R_CANONICAL_SELECTION,True,2014-03-19,1.0,False,112,EXACT_PREVIOUS_XLON_SESSION_ENDPOINT,YES_SAME_A2R_ECONOMIC_FAMILY,RESET_OR_ENDPOINT_UNAVAILABLE,NO
2014-03-21,GLOBAL_WATER,LIST-FC11036191168002,LIST-D8FFDF488EC49B5D,FR0010527275,WATL,A2R_CANONICAL_SELECTION,False,,,False,112,PRICE_NOT_AVAILABLE,YES_SAME_A2R_ECONOMIC_FAMILY,RESET_OR_ENDPOINT_UNAVAILABLE,NO
2014-03-24,GLOBAL_WATER,LIST-D8FFDF488EC49B5D,LIST-FC11036191168002,IE00B1TXK627,DH2O,A2R_CANONICAL_SELECTION,True,2014-03-21,1.0,False,112,EXACT_PREVIOUS_XLON_SESSION_ENDPOINT,YES_SAME_A2R_ECONOMIC_FAMILY,RESET_OR_ENDPOINT_UNAVAILABLE,NO
2014-03-25,GLOBAL_WATER,LIST-FC11036191168002,LIST-D8FFDF488EC49B5D,FR0010527275,WATL,A2R_CANONICAL_SELECTION,False,,,False,112,PRICE_NOT_AVAILABLE,YES_SAME_A2R_ECONOMIC_FAMILY,RESET_OR_ENDPOINT_UNAVAILABLE,NO
2014-03-26,GLOBAL_WATER,LIST-D8FFDF488EC49B5D,LIST-FC11036191168002,IE00B1TXK627,DH2O,A2R_CANONICAL_SELECTION,True,2014-03-25,1.0,False,112,EXACT_PREVIOUS_XLON_SESSION_ENDPOINT,YES_SAME_A2R_ECONOMIC_FAMILY,RESET_OR_ENDPOINT_UNAVAILABLE,NO
2014-04-03,GLOBAL_WATER,LIST-FC11036191168002,LIST-D8FFDF488EC49B5D,FR0010527275,WATL,A2R_CANONICAL_SELECTION,True,2014-04-02,1.0,True,112,SEMANTICALLY_IDENTICAL_IMPLEMENTATION_TRANSITION,YES_SAME_A2R_ECONOMIC_FAMILY,CONTINUE,NO
2014-04-07,GLOBAL_WATER,LIST-D8FFDF488EC49B5D,LIST-FC11036191168002,IE00B1TXK627,DH2O,A2R_CANONICAL_SELECTION,True,2014-04-04,1.0,True,112,SEMANTICALLY_IDENTICAL_IMPLEMENTATION_TRANSITION,YES_SAME_A2R_ECONOMIC_FAMILY,CONTINUE,NO
2014-04-09,GLOBAL_WATER,LIST-FC11036191168002,LIST-D8FFDF488EC49B5D,FR0010527275,WATL,A2R_CANONICAL_SELECTION,False,,,False,112,PRICE_NOT_AVAILABLE,YES_SAME_A2R_ECONOMIC_FAMILY,RESET_OR_ENDPOINT_UNAVAILABLE,NO
2014-04-10,GLOBAL_WATER,LIST-D8FFDF488EC49B5D,LIST-FC11036191168002,IE00B1TXK627,DH2O,A2R_CANONICAL_SELECTION,True,2014-04-09,1.0,False,112,EXACT_PREVIOUS_XLON_SESSION_ENDPOINT,YES_SAME_A2R_ECONOMIC_FAMILY,RESET_OR_ENDPOINT_UNAVAILABLE,NO
2014-04-15,GLOBAL_WATER,LIST-FC11036191168002,LIST-D8FFDF488EC49B5D,FR0010527275,WATL,A2R_CANONICAL_SELECTION,False,,,False,112,PRICE_NOT_AVAILABLE,YES_SAME_A2R_ECONOMIC_FAMILY,RESET_OR_ENDPOINT_UNAVAILABLE,NO
2014-04-16,GLOBAL_WATER,LIST-D8FFDF488EC49B5D,LIST-FC11036191168002,IE00B1TXK627,DH2O,A2R_CANONICAL_SELECTION,True,2014-04-15,1.0,False,112,EXACT_PREVIOUS_XLON_SESSION_ENDPOINT,YES_SAME_A2R_ECONOMIC_FAMILY,RESET_OR_ENDPOINT_UNAVAILABLE,NO
2014-04-22,GLOBAL_WATER,LIST-FC11036191168002,LIST-D8FFDF488EC49B5D,FR0010527275,WATL,A2R_CANONICAL_SELECTION,False,,,False,112,PRICE_NOT_AVAILABLE,YES_SAME_A2R_ECONOMIC_FAMILY,RESET_OR_ENDPOINT_UNAVAILABLE,NO
2014-04-23,GLOBAL_WATER,LIST-D8FFDF488EC49B5D,LIST-FC11036191168002,IE00B1TXK627,DH2O,A2R_CANONICAL_SELECTION,True,2014-04-22,1.0,False,112,EXACT_PREVIOUS_XLON_SESSION_ENDPOINT,YES_SAME_A2R_ECONOMIC_FAMILY,RESET_OR_ENDPOINT_UNAVAILABLE,NO
2014-04-24,GLOBAL_WATER,LIST-FC11036191168002,LIST-D8FFDF488EC49B5D,FR0010527275,WATL,A2R_CANONICAL_SELECTION,False,,,False,112,PRICE_NOT_AVAILABLE,YES_SAME_A2R_ECONOMIC_FAMILY,RESET_OR_ENDPOINT_UNAVAILABLE,NO
2014-04-25,GLOBAL_WATER,LIST-D8FFDF488EC49B5D,LIST-FC11036191168002,IE00B1TXK627,DH2O,A2R_CANONICAL_SELECTION,True,2014-04-24,1.0,False,112,EXACT_PREVIOUS_XLON_SESSION_ENDPOINT,YES_SAME_A2R_ECONOMIC_FAMILY,RESET_OR_ENDPOINT_UNAVAILABLE,NO
2014-04-28,GLOBAL_WATER,LIST-FC11036191168002,LIST-D8FFDF488EC49B5D,FR0010527275,WATL,A2R_CANONICAL_SELECTION,True,2014-04-25,1.0,True,112,SEMANTICALLY_IDENTICAL_IMPLEMENTATION_TRANSITION,YES_SAME_A2R_ECONOMIC_FAMILY,CONTINUE,NO
2014-05-02,GLOBAL_WATER,LIST-D8FFDF488EC49B5D,LIST-FC11036191168002,IE00B1TXK627,DH2O,A2R_CANONICAL_SELECTION,True,2014-05-01,1.0,True,112,SEMANTICALLY_IDENTICAL_IMPLEMENTATION_TRANSITION,YES_SAME_A2R_ECONOMIC_FAMILY,CONTINUE,NO
2014-05-06,GLOBAL_WATER,LIST-FC11036191168002,LIST-D8FFDF488EC49B5D,FR0010527275,WATL,A2R_CANONICAL_SELECTION,True,2014-05-02,1.0,True,112,SEMANTICALLY_IDENTICAL_IMPLEMENTATION_TRANSITION,YES_SAME_A2R_ECONOMIC_FAMILY,CONTINUE,NO
2014-05-09,GLOBAL_WATER,LIST-D8FFDF488EC49B5D,LIST-FC11036191168002,IE00B1TXK627,DH2O,A2R_CANONICAL_SELECTION,True,2014-05-08,1.0,True,112,SEMANTICALLY_IDENTICAL_IMPLEMENTATION_TRANSITION,YES_SAME_A2R_ECONOMIC_FAMILY,CONTINUE,NO
2014-05-12,GLOBAL_WATER,LIST-FC11036191168002,LIST-D8FFDF488EC49B5D,FR0010527275,WATL,A2R_CANONICAL_SELECTION,True,2014-05-09,1.0,True,112,SEMANTICALLY_IDENTICAL_IMPLEMENTATION_TRANSITION,YES_SAME_A2R_ECONOMIC_FAMILY,CONTINUE,NO
2014-05-15,GLOBAL_WATER,LIST-D8FFDF488EC49B5D,LIST-FC11036191168002,IE00B1TXK627,DH2O,A2R_CANONICAL_SELECTION,True,2014-05-14,1.0,True,112,SEMANTICALLY_IDENTICAL_IMPLEMENTATION_TRANSITION,YES_SAME_A2R_ECONOMIC_FAMILY,CONTINUE,NO
2014-05-16,GLOBAL_WATER,LIST-FC11036191168002,LIST-D8FFDF488EC49B5D,FR0010527275,WATL,A2R_CANONICAL_SELECTION,True,2014-05-15,1.0,True,112,SEMANTICALLY_IDENTICAL_IMPLEMENTATION_TRANSITION,YES_SAME_A2R_ECONOMIC_FAMILY,CONTINUE,NO
2014-05-20,GLOBAL_WATER,LIST-D8FFDF488EC49B5D,LIST-FC11036191168002,IE00B1TXK627,DH2O,A2R_CANONICAL_SELECTION,True,2014-05-19,1.0,True,112,SEMANTICALLY_IDENTICAL_IMPLEMENTATION_TRANSITION,YES_SAME_A2R_ECONOMIC_FAMILY,CONTINUE,NO
2014-05-21,GLOBAL_WATER,LIST-FC11036191168002,LIST-D8FFDF488EC49B5D,FR0010527275,WATL,A2R_CANONICAL_SELECTION,False,,,False,112,PRICE_NOT_AVAILABLE,YES_SAME_A2R_ECONOMIC_FAMILY,RESET_OR_ENDPOINT_UNAVAILABLE,NO
2014-05-22,GLOBAL_WATER,LIST-D8FFDF488EC49B5D,LIST-FC11036191168002,IE00B1TXK627,DH2O,A2R_CANONICAL_SELECTION,True,2014-05-21,1.0,False,112,EXACT_PREVIOUS_XLON_SESSION_ENDPOINT,YES_SAME_A2R_ECONOMIC_FAMILY,RESET_OR_ENDPOINT_UNAVAILABLE,NO
2014-05-23,GLOBAL_WATER,LIST-FC11036191168002,LIST-D8FFDF488EC49B5D,FR0010527275,WATL,A2R_CANONICAL_SELECTION,True,2014-05-22,1.0,True,112,SEMANTICALLY_IDENTICAL_IMPLEMENTATION_TRANSITION,YES_SAME_A2R_ECONOMIC_FAMILY,CONTINUE,NO
2014-06-02,GLOBAL_WATER,LIST-D8FFDF488EC49B5D,LIST-FC11036191168002,IE00B1TXK627,DH2O,A2R_CANONICAL_SELECTION,True,2014-05-30,1.0,True,112,SEMANTICALLY_IDENTICAL_IMPLEMENTATION_TRANSITION,YES_SAME_A2R_ECONOMIC_FAMILY,CONTINUE,NO
2014-06-03,GLOBAL_WATER,LIST-FC11036191168002,LIST-D8FFDF488EC49B5D,FR0010527275,WATL,A2R_CANONICAL_SELECTION,True,2014-06-02,1.0,True,112,SEMANTICALLY_IDENTICAL_IMPLEMENTATION_TRANSITION,YES_SAME_A2R_ECONOMIC_FAMILY,CONTINUE,NO
2014-06-05,GLOBAL_WATER,LIST-D8FFDF488EC49B5D,LIST-FC11036191168002,IE00B1TXK627,DH2O,A2R_CANONICAL_SELECTION,True,2014-06-04,1.0,True,112,SEMANTICALLY_IDENTICAL_IMPLEMENTATION_TRANSITION,YES_SAME_A2R_ECONOMIC_FAMILY,CONTINUE,NO
2014-06-10,GLOBAL_WATER,LIST-FC11036191168002,LIST-D8FFDF488EC49B5D,FR0010527275,WATL,A2R_CANONICAL_SELECTION,True,2014-06-09,1.0,True,112,SEMANTICALLY_IDENTICAL_IMPLEMENTATION_TRANSITION,YES_SAME_A2R_ECONOMIC_FAMILY,CONTINUE,NO
2014-06-13,GLOBAL_WATER,LIST-D8FFDF488EC49B5D,LIST-FC11036191168002,IE00B1TXK627,DH2O,A2R_CANONICAL_SELECTION,True,2014-06-12,1.0,True,112,SEMANTICALLY_IDENTICAL_IMPLEMENTATION_TRANSITION,YES_SAME_A2R_ECONOMIC_FAMILY,CONTINUE,NO
2014-06-20,GLOBAL_WATER,LIST-FC11036191168002,LIST-D8FFDF488EC49B5D,FR0010527275,WATL,A2R_CANONICAL_SELECTION,False,,,False,112,PRICE_NOT_AVAILABLE,YES_SAME_A2R_ECONOMIC_FAMILY,RESET_OR_ENDPOINT_UNAVAILABLE,NO
2014-06-23,GLOBAL_WATER,LIST-D8FFDF488EC49B5D,LIST-FC11036191168002,IE00B1TXK627,DH2O,A2R_CANONICAL_SELECTION,True,2014-06-20,1.0,False,112,EXACT_PREVIOUS_XLON_SESSION_ENDPOINT,YES_SAME_A2R_ECONOMIC_FAMILY,RESET_OR_ENDPOINT_UNAVAILABLE,NO
2014-06-24,GLOBAL_WATER,LIST-FC11036191168002,LIST-D8FFDF488EC49B5D,FR0010527275,WATL,A2R_CANONICAL_SELECTION,False,,,False,112,PRICE_NOT_AVAILABLE,YES_SAME_A2R_ECONOMIC_FAMILY,RESET_OR_ENDPOINT_UNAVAILABLE,NO
2014-06-25,GLOBAL_WATER,LIST-D8FFDF488EC49B5D,LIST-FC11036191168002,IE00B1TXK627,DH2O,A2R_CANONICAL_SELECTION,True,2014-06-24,1.0,False,112,EXACT_PREVIOUS_XLON_SESSION_ENDPOINT,YES_SAME_A2R_ECONOMIC_FAMILY,RESET_OR_ENDPOINT_UNAVAILABLE,NO
2014-07-02,GLOBAL_WATER,LIST-FC11036191168002,LIST-D8FFDF488EC49B5D,FR0010527275,WATL,A2R_CANONICAL_SELECTION,True,2014-07-01,1.0,True,112,SEMANTICALLY_IDENTICAL_IMPLEMENTATION_TRANSITION,YES_SAME_A2R_ECONOMIC_FAMILY,CONTINUE,NO
2014-07-04,GLOBAL_WATER,LIST-D8FFDF488EC49B5D,LIST-FC11036191168002,IE00B1TXK627,DH2O,A2R_CANONICAL_SELECTION,True,2014-07-03,1.0,True,112,SEMANTICALLY_IDENTICAL_IMPLEMENTATION_TRANSITION,YES_SAME_A2R_ECONOMIC_FAMILY,CONTINUE,NO
2014-07-10,GLOBAL_WATER,LIST-FC11036191168002,LIST-D8FFDF488EC49B5D,FR0010527275,WATL,A2R_CANONICAL_SELECTION,True,2014-07-09,1.0,True,112,SEMANTICALLY_IDENTICAL_IMPLEMENTATION_TRANSITION,YES_SAME_A2R_ECONOMIC_FAMILY,CONTINUE,NO
2014-07-14,GLOBAL_WATER,LIST-D8FFDF488EC49B5D,LIST-FC11036191168002,IE00B1TXK627,DH2O,A2R_CANONICAL_SELECTION,True,2014-07-11,1.0,True,112,SEMANTICALLY_IDENTICAL_IMPLEMENTATION_TRANSITION,YES_SAME_A2R_ECONOMIC_FAMILY,CONTINUE,NO
2014-07-16,GLOBAL_WATER,LIST-FC11036191168002,LIST-D8FFDF488EC49B5D,FR0010527275,WATL,A2R_CANONICAL_SELECTION,True,2014-07-15,1.0,True,112,SEMANTICALLY_IDENTICAL_IMPLEMENTATION_TRANSITION,YES_SAME_A2R_ECONOMIC_FAMILY,CONTINUE,NO
2014-07-22,GLOBAL_WATER,LIST-D8FFDF488EC49B5D,LIST-FC11036191168002,IE00B1TXK627,DH2O,A2R_CANONICAL_SELECTION,True,2014-07-21,1.0,True,112,SEMANTICALLY_IDENTICAL_IMPLEMENTATION_TRANSITION,YES_SAME_A2R_ECONOMIC_FAMILY,CONTINUE,NO
2014-07-23,GLOBAL_WATER,LIST-FC11036191168002,LIST-D8FFDF488EC49B5D,FR0010527275,WATL,A2R_CANONICAL_SELECTION,True,2014-07-22,1.0,True,112,SEMANTICALLY_IDENTICAL_IMPLEMENTATION_TRANSITION,YES_SAME_A2R_ECONOMIC_FAMILY,CONTINUE,NO
2014-07-25,GLOBAL_WATER,LIST-D8FFDF488EC49B5D,LIST-FC11036191168002,IE00B1TXK627,DH2O,A2R_CANONICAL_SELECTION,True,2014-07-24,1.0,True,112,SEMANTICALLY_IDENTICAL_IMPLEMENTATION_TRANSITION,YES_SAME_A2R_ECONOMIC_FAMILY,CONTINUE,NO
2014-07-28,GLOBAL_WATER,LIST-FC11036191168002,LIST-D8FFDF488EC49B5D,FR0010527275,WATL,A2R_CANONICAL_SELECTION,False,,,False,112,PRICE_NOT_AVAILABLE,YES_SAME_A2R_ECONOMIC_FAMILY,RESET_OR_ENDPOINT_UNAVAILABLE,NO
2014-07-29,GLOBAL_WATER,LIST-D8FFDF488EC49B5D,LIST-FC11036191168002,IE00B1TXK627,DH2O,A2R_CANONICAL_SELECTION,True,2014-07-28,1.0,False,112,EXACT_PREVIOUS_XLON_SESSION_ENDPOINT,YES_SAME_A2R_ECONOMIC_FAMILY,RESET_OR_ENDPOINT_UNAVAILABLE,NO
2014-07-31,GLOBAL_WATER,LIST-FC11036191168002,LIST-D8FFDF488EC49B5D,FR0010527275,WATL,A2R_CANONICAL_SELECTION,True,2014-07-30,1.0,True,112,SEMANTICALLY_IDENTICAL_IMPLEMENTATION_TRANSITION,YES_SAME_A2R_ECONOMIC_FAMILY,CONTINUE,NO
2014-08-04,GLOBAL_WATER,LIST-D8FFDF488EC49B5D,LIST-FC11036191168002,IE00B1TXK627,DH2O,A2R_CANONICAL_SELECTION,True,2014-08-01,1.0,True,112,SEMANTICALLY_IDENTICAL_IMPLEMENTATION_TRANSITION,YES_SAME_A2R_ECONOMIC_FAMILY,CONTINUE,NO
2014-08-05,GLOBAL_WATER,LIST-FC11036191168002,LIST-D8FFDF488EC49B5D,FR0010527275,WATL,A2R_CANONICAL_SELECTION,False,,,False,112,PRICE_NOT_AVAILABLE,YES_SAME_A2R_ECONOMIC_FAMILY,RESET_OR_ENDPOINT_UNAVAILABLE,NO
2014-08-06,GLOBAL_WATER,LIST-D8FFDF488EC49B5D,LIST-FC11036191168002,IE00B1TXK627,DH2O,A2R_CANONICAL_SELECTION,True,2014-08-05,1.0,False,112,EXACT_PREVIOUS_XLON_SESSION_ENDPOINT,YES_SAME_A2R_ECONOMIC_FAMILY,RESET_OR_ENDPOINT_UNAVAILABLE,NO
2014-08-11,GLOBAL_WATER,LIST-FC11036191168002,LIST-D8FFDF488EC49B5D,FR0010527275,WATL,A2R_CANONICAL_SELECTION,True,2014-08-08,1.0,True,112,SEMANTICALLY_IDENTICAL_IMPLEMENTATION_TRANSITION,YES_SAME_A2R_ECONOMIC_FAMILY,CONTINUE,NO
2014-08-14,GLOBAL_WATER,LIST-D8FFDF488EC49B5D,LIST-FC11036191168002,IE00B1TXK627,DH2O,A2R_CANONICAL_SELECTION,True,2014-08-13,1.0,True,112,SEMANTICALLY_IDENTICAL_IMPLEMENTATION_TRANSITION,YES_SAME_A2R_ECONOMIC_FAMILY,CONTINUE,NO
2014-08-15,GLOBAL_WATER,LIST-FC11036191168002,LIST-D8FFDF488EC49B5D,FR0010527275,WATL,A2R_CANONICAL_SELECTION,True,2014-08-14,1.0,True,112,SEMANTICALLY_IDENTICAL_IMPLEMENTATION_TRANSITION,YES_SAME_A2R_ECONOMIC_FAMILY,CONTINUE,NO
2014-08-19,GLOBAL_WATER,LIST-D8FFDF488EC49B5D,LIST-FC11036191168002,IE00B1TXK627,DH2O,A2R_CANONICAL_SELECTION,True,2014-08-18,1.0,True,112,SEMANTICALLY_IDENTICAL_IMPLEMENTATION_TRANSITION,YES_SAME_A2R_ECONOMIC_FAMILY,CONTINUE,NO
2014-08-21,GLOBAL_WATER,LIST-FC11036191168002,LIST-D8FFDF488EC49B5D,FR0010527275,WATL,A2R_CANONICAL_SELECTION,False,,,False,112,PRICE_NOT_AVAILABLE,YES_SAME_A2R_ECONOMIC_FAMILY,RESET_OR_ENDPOINT_UNAVAILABLE,NO
2014-08-22,GLOBAL_WATER,LIST-D8FFDF488EC49B5D,LIST-FC11036191168002,IE00B1TXK627,DH2O,A2R_CANONICAL_SELECTION,True,2014-08-21,1.0,False,112,EXACT_PREVIOUS_XLON_SESSION_ENDPOINT,YES_SAME_A2R_ECONOMIC_FAMILY,RESET_OR_ENDPOINT_UNAVAILABLE,NO
2014-08-27,GLOBAL_WATER,LIST-FC11036191168002,LIST-D8FFDF488EC49B5D,FR0010527275,WATL,A2R_CANONICAL_SELECTION,False,,,False,112,PRICE_NOT_AVAILABLE,YES_SAME_A2R_ECONOMIC_FAMILY,RESET_OR_ENDPOINT_UNAVAILABLE,NO
2014-08-28,GLOBAL_WATER,LIST-D8FFDF488EC49B5D,LIST-FC11036191168002,IE00B1TXK627,DH2O,A2R_CANONICAL_SELECTION,True,2014-08-27,1.0,False,112,EXACT_PREVIOUS_XLON_SESSION_ENDPOINT,YES_SAME_A2R_ECONOMIC_FAMILY,RESET_OR_ENDPOINT_UNAVAILABLE,NO
2014-08-29,GLOBAL_WATER,LIST-FC11036191168002,LIST-D8FFDF488EC49B5D,FR0010527275,WATL,A2R_CANONICAL_SELECTION,True,2014-08-28,1.0,True,112,SEMANTICALLY_IDENTICAL_IMPLEMENTATION_TRANSITION,YES_SAME_A2R_ECONOMIC_FAMILY,CONTINUE,NO
2014-09-04,GLOBAL_WATER,LIST-D8FFDF488EC49B5D,LIST-FC11036191168002,IE00B1TXK627,DH2O,A2R_CANONICAL_SELECTION,True,2014-09-03,1.0,True,112,SEMANTICALLY_IDENTICAL_IMPLEMENTATION_TRANSITION,YES_SAME_A2R_ECONOMIC_FAMILY,CONTINUE,NO
2014-09-10,GLOBAL_WATER,LIST-FC11036191168002,LIST-D8FFDF488EC49B5D,FR0010527275,WATL,A2R_CANONICAL_SELECTION,True,2014-09-09,1.0,True,112,SEMANTICALLY_IDENTICAL_IMPLEMENTATION_TRANSITION,YES_SAME_A2R_ECONOMIC_FAMILY,CONTINUE,NO
2014-09-12,GLOBAL_WATER,LIST-D8FFDF488EC49B5D,LIST-FC11036191168002,IE00B1TXK627,DH2O,A2R_CANONICAL_SELECTION,True,2014-09-11,1.0,True,112,SEMANTICALLY_IDENTICAL_IMPLEMENTATION_TRANSITION,YES_SAME_A2R_ECONOMIC_FAMILY,CONTINUE,NO
2014-09-15,GLOBAL_WATER,LIST-FC11036191168002,LIST-D8FFDF488EC49B5D,FR0010527275,WATL,A2R_CANONICAL_SELECTION,False,,,False,112,PRICE_NOT_AVAILABLE,YES_SAME_A2R_ECONOMIC_FAMILY,RESET_OR_ENDPOINT_UNAVAILABLE,NO
2014-09-16,GLOBAL_WATER,LIST-D8FFDF488EC49B5D,LIST-FC11036191168002,IE00B1TXK627,DH2O,A2R_CANONICAL_SELECTION,True,2014-09-15,1.0,False,112,EXACT_PREVIOUS_XLON_SESSION_ENDPOINT,YES_SAME_A2R_ECONOMIC_FAMILY,RESET_OR_ENDPOINT_UNAVAILABLE,NO
2014-09-18,GLOBAL_WATER,LIST-FC11036191168002,LIST-D8FFDF488EC49B5D,FR0010527275,WATL,A2R_CANONICAL_SELECTION,True,2014-09-17,1.0,True,112,SEMANTICALLY_IDENTICAL_IMPLEMENTATION_TRANSITION,YES_SAME_A2R_ECONOMIC_FAMILY,CONTINUE,NO
2014-09-22,GLOBAL_WATER,LIST-D8FFDF488EC49B5D,LIST-FC11036191168002,IE00B1TXK627,DH2O,A2R_CANONICAL_SELECTION,True,2014-09-19,1.0,True,112,SEMANTICALLY_IDENTICAL_IMPLEMENTATION_TRANSITION,YES_SAME_A2R_ECONOMIC_FAMILY,CONTINUE,NO
2014-09-23,GLOBAL_WATER,LIST-FC11036191168002,LIST-D8FFDF488EC49B5D,FR0010527275,WATL,A2R_CANONICAL_SELECTION,True,2014-09-22,1.0,True,112,SEMANTICALLY_IDENTICAL_IMPLEMENTATION_TRANSITION,YES_SAME_A2R_ECONOMIC_FAMILY,CONTINUE,NO
2014-10-01,GLOBAL_WATER,LIST-D8FFDF488EC49B5D,LIST-FC11036191168002,IE00B1TXK627,DH2O,A2R_CANONICAL_SELECTION,True,2014-09-30,1.0,True,112,SEMANTICALLY_IDENTICAL_IMPLEMENTATION_TRANSITION,YES_SAME_A2R_ECONOMIC_FAMILY,CONTINUE,NO
2014-10-02,GLOBAL_WATER,LIST-FC11036191168002,LIST-D8FFDF488EC49B5D,FR0010527275,WATL,A2R_CANONICAL_SELECTION,False,,,False,112,PRICE_NOT_AVAILABLE,YES_SAME_A2R_ECONOMIC_FAMILY,RESET_OR_ENDPOINT_UNAVAILABLE,NO
2014-10-03,GLOBAL_WATER,LIST-D8FFDF488EC49B5D,LIST-FC11036191168002,IE00B1TXK627,DH2O,A2R_CANONICAL_SELECTION,True,2014-10-02,1.0,False,112,EXACT_PREVIOUS_XLON_SESSION_ENDPOINT,YES_SAME_A2R_ECONOMIC_FAMILY,RESET_OR_ENDPOINT_UNAVAILABLE,NO
2014-10-07,GLOBAL_WATER,LIST-FC11036191168002,LIST-D8FFDF488EC49B5D,FR0010527275,WATL,A2R_CANONICAL_SELECTION,False,,,False,112,PRICE_NOT_AVAILABLE,YES_SAME_A2R_ECONOMIC_FAMILY,RESET_OR_ENDPOINT_UNAVAILABLE,NO
2014-10-08,GLOBAL_WATER,LIST-D8FFDF488EC49B5D,LIST-FC11036191168002,IE00B1TXK627,DH2O,A2R_CANONICAL_SELECTION,True,2014-10-07,1.0,False,112,EXACT_PREVIOUS_XLON_SESSION_ENDPOINT,YES_SAME_A2R_ECONOMIC_FAMILY,RESET_OR_ENDPOINT_UNAVAILABLE,NO
2014-10-10,GLOBAL_WATER,LIST-FC11036191168002,LIST-D8FFDF488EC49B5D,FR0010527275,WATL,A2R_CANONICAL_SELECTION,True,2014-10-09,1.0,True,112,SEMANTICALLY_IDENTICAL_IMPLEMENTATION_TRANSITION,YES_SAME_A2R_ECONOMIC_FAMILY,CONTINUE,NO
2014-10-14,GLOBAL_WATER,LIST-D8FFDF488EC49B5D,LIST-FC11036191168002,IE00B1TXK627,DH2O,A2R_CANONICAL_SELECTION,True,2014-10-13,1.0,True,112,SEMANTICALLY_IDENTICAL_IMPLEMENTATION_TRANSITION,YES_SAME_A2R_ECONOMIC_FAMILY,CONTINUE,NO
2014-10-16,GLOBAL_WATER,LIST-FC11036191168002,LIST-D8FFDF488EC49B5D,FR0010527275,WATL,A2R_CANONICAL_SELECTION,True,2014-10-15,1.0,True,112,SEMANTICALLY_IDENTICAL_IMPLEMENTATION_TRANSITION,YES_SAME_A2R_ECONOMIC_FAMILY,CONTINUE,NO
2014-10-21,GLOBAL_WATER,LIST-D8FFDF488EC49B5D,LIST-FC11036191168002,IE00B1TXK627,DH2O,A2R_CANONICAL_SELECTION,True,2014-10-20,1.0,True,112,SEMANTICALLY_IDENTICAL_IMPLEMENTATION_TRANSITION,YES_SAME_A2R_ECONOMIC_FAMILY,CONTINUE,NO
2014-10-22,GLOBAL_WATER,LIST-FC11036191168002,LIST-D8FFDF488EC49B5D,FR0010527275,WATL,A2R_CANONICAL_SELECTION,True,2014-10-21,1.0,True,112,SEMANTICALLY_IDENTICAL_IMPLEMENTATION_TRANSITION,YES_SAME_A2R_ECONOMIC_FAMILY,CONTINUE,NO
2014-10-27,GLOBAL_WATER,LIST-D8FFDF488EC49B5D,LIST-FC11036191168002,IE00B1TXK627,DH2O,A2R_CANONICAL_SELECTION,True,2014-10-24,1.0,True,112,SEMANTICALLY_IDENTICAL_IMPLEMENTATION_TRANSITION,YES_SAME_A2R_ECONOMIC_FAMILY,CONTINUE,NO
2014-10-28,GLOBAL_WATER,LIST-FC11036191168002,LIST-D8FFDF488EC49B5D,FR0010527275,WATL,A2R_CANONICAL_SELECTION,False,,,False,112,PRICE_NOT_AVAILABLE,YES_SAME_A2R_ECONOMIC_FAMILY,RESET_OR_ENDPOINT_UNAVAILABLE,NO
2014-10-29,GLOBAL_WATER,LIST-D8FFDF488EC49B5D,LIST-FC11036191168002,IE00B1TXK627,DH2O,A2R_CANONICAL_SELECTION,True,2014-10-28,1.0,False,112,EXACT_PREVIOUS_XLON_SESSION_ENDPOINT,YES_SAME_A2R_ECONOMIC_FAMILY,RESET_OR_ENDPOINT_UNAVAILABLE,NO
2014-11-03,GLOBAL_WATER,LIST-FC11036191168002,LIST-D8FFDF488EC49B5D,FR0010527275,WATL,A2R_CANONICAL_SELECTION,False,,,False,112,PRICE_NOT_AVAILABLE,YES_SAME_A2R_ECONOMIC_FAMILY,RESET_OR_ENDPOINT_UNAVAILABLE,NO
2014-11-04,GLOBAL_WATER,LIST-D8FFDF488EC49B5D,LIST-FC11036191168002,IE00B1TXK627,DH2O,A2R_CANONICAL_SELECTION,True,2014-11-03,1.0,False,112,EXACT_PREVIOUS_XLON_SESSION_ENDPOINT,YES_SAME_A2R_ECONOMIC_FAMILY,RESET_OR_ENDPOINT_UNAVAILABLE,NO
2014-11-10,GLOBAL_WATER,LIST-FC11036191168002,LIST-D8FFDF488EC49B5D,FR0010527275,WATL,A2R_CANONICAL_SELECTION,True,2014-11-07,1.0,True,112,SEMANTICALLY_IDENTICAL_IMPLEMENTATION_TRANSITION,YES_SAME_A2R_ECONOMIC_FAMILY,CONTINUE,NO
2014-11-12,GLOBAL_WATER,LIST-D8FFDF488EC49B5D,LIST-FC11036191168002,IE00B1TXK627,DH2O,A2R_CANONICAL_SELECTION,True,2014-11-11,1.0,True,112,SEMANTICALLY_IDENTICAL_IMPLEMENTATION_TRANSITION,YES_SAME_A2R_ECONOMIC_FAMILY,CONTINUE,NO
2014-11-19,GLOBAL_WATER,LIST-FC11036191168002,LIST-D8FFDF488EC49B5D,FR0010527275,WATL,A2R_CANONICAL_SELECTION,False,,,False,112,PRICE_NOT_AVAILABLE,YES_SAME_A2R_ECONOMIC_FAMILY,RESET_OR_ENDPOINT_UNAVAILABLE,NO
2014-11-20,GLOBAL_WATER,LIST-D8FFDF488EC49B5D,LIST-FC11036191168002,IE00B1TXK627,DH2O,A2R_CANONICAL_SELECTION,True,2014-11-19,1.0,False,112,EXACT_PREVIOUS_XLON_SESSION_ENDPOINT,YES_SAME_A2R_ECONOMIC_FAMILY,RESET_OR_ENDPOINT_UNAVAILABLE,NO
2014-11-21,GLOBAL_WATER,LIST-FC11036191168002,LIST-D8FFDF488EC49B5D,FR0010527275,WATL,A2R_CANONICAL_SELECTION,True,2014-11-20,1.0,True,112,SEMANTICALLY_IDENTICAL_IMPLEMENTATION_TRANSITION,YES_SAME_A2R_ECONOMIC_FAMILY,CONTINUE,NO
2014-11-26,GLOBAL_WATER,LIST-D8FFDF488EC49B5D,LIST-FC11036191168002,IE00B1TXK627,DH2O,A2R_CANONICAL_SELECTION,True,2014-11-25,1.0,True,112,SEMANTICALLY_IDENTICAL_IMPLEMENTATION_TRANSITION,YES_SAME_A2R_ECONOMIC_FAMILY,CONTINUE,NO
2014-11-27,GLOBAL_WATER,LIST-FC11036191168002,LIST-D8FFDF488EC49B5D,FR0010527275,WATL,A2R_CANONICAL_SELECTION,False,,,False,112,PRICE_NOT_AVAILABLE,YES_SAME_A2R_ECONOMIC_FAMILY,RESET_OR_ENDPOINT_UNAVAILABLE,NO
2014-11-28,GLOBAL_WATER,LIST-D8FFDF488EC49B5D,LIST-FC11036191168002,IE00B1TXK627,DH2O,A2R_CANONICAL_SELECTION,True,2014-11-27,1.0,False,112,EXACT_PREVIOUS_XLON_SESSION_ENDPOINT,YES_SAME_A2R_ECONOMIC_FAMILY,RESET_OR_ENDPOINT_UNAVAILABLE,NO
2014-12-01,GLOBAL_WATER,LIST-FC11036191168002,LIST-D8FFDF488EC49B5D,FR0010527275,WATL,A2R_CANONICAL_SELECTION,True,2014-11-28,1.0,True,112,SEMANTICALLY_IDENTICAL_IMPLEMENTATION_TRANSITION,YES_SAME_A2R_ECONOMIC_FAMILY,CONTINUE,NO
2014-12-03,GLOBAL_WATER,LIST-D8FFDF488EC49B5D,LIST-FC11036191168002,IE00B1TXK627,DH2O,A2R_CANONICAL_SELECTION,True,2014-12-02,1.0,True,112,SEMANTICALLY_IDENTICAL_IMPLEMENTATION_TRANSITION,YES_SAME_A2R_ECONOMIC_FAMILY,CONTINUE,NO
2014-12-05,GLOBAL_WATER,LIST-FC11036191168002,LIST-D8FFDF488EC49B5D,FR0010527275,WATL,A2R_CANONICAL_SELECTION,False,,,False,112,PRICE_NOT_AVAILABLE,YES_SAME_A2R_ECONOMIC_FAMILY,RESET_OR_ENDPOINT_UNAVAILABLE,NO
2014-12-08,GLOBAL_WATER,LIST-D8FFDF488EC49B5D,LIST-FC11036191168002,IE00B1TXK627,DH2O,A2R_CANONICAL_SELECTION,True,2014-12-05,1.0,False,112,EXACT_PREVIOUS_XLON_SESSION_ENDPOINT,YES_SAME_A2R_ECONOMIC_FAMILY,RESET_OR_ENDPOINT_UNAVAILABLE,NO
2014-12-09,GLOBAL_WATER,LIST-FC11036191168002,LIST-D8FFDF488EC49B5D,FR0010527275,WATL,A2R_CANONICAL_SELECTION,True,2014-12-08,1.0,True,112,SEMANTICALLY_IDENTICAL_IMPLEMENTATION_TRANSITION,YES_SAME_A2R_ECONOMIC_FAMILY,CONTINUE,NO
2014-12-11,GLOBAL_WATER,LIST-D8FFDF488EC49B5D,LIST-FC11036191168002,IE00B1TXK627,DH2O,A2R_CANONICAL_SELECTION,True,2014-12-10,1.0,True,112,SEMANTICALLY_IDENTICAL_IMPLEMENTATION_TRANSITION,YES_SAME_A2R_ECONOMIC_FAMILY,CONTINUE,NO
2014-12-12,GLOBAL_WATER,LIST-FC11036191168002,LIST-D8FFDF488EC49B5D,FR0010527275,WATL,A2R_CANONICAL_SELECTION,True,2014-12-11,1.0,True,112,SEMANTICALLY_IDENTICAL_IMPLEMENTATION_TRANSITION,YES_SAME_A2R_ECONOMIC_FAMILY,CONTINUE,NO
2014-12-16,GLOBAL_WATER,LIST-D8FFDF488EC49B5D,LIST-FC11036191168002,IE00B1TXK627,DH2O,A2R_CANONICAL_SELECTION,True,2014-12-15,1.0,True,112,SEMANTICALLY_IDENTICAL_IMPLEMENTATION_TRANSITION,YES_SAME_A2R_ECONOMIC_FAMILY,CONTINUE,NO
2014-12-17,GLOBAL_WATER,LIST-FC11036191168002,LIST-D8FFDF488EC49B5D,FR0010527275,WATL,A2R_CANONICAL_SELECTION,False,,,False,112,PRICE_NOT_AVAILABLE,YES_SAME_A2R_ECONOMIC_FAMILY,RESET_OR_ENDPOINT_UNAVAILABLE,NO
2014-12-18,GLOBAL_WATER,LIST-D8FFDF488EC49B5D,LIST-FC11036191168002,IE00B1TXK627,DH2O,A2R_CANONICAL_SELECTION,True,2014-12-17,1.0,False,112,EXACT_PREVIOUS_XLON_SESSION_ENDPOINT,YES_SAME_A2R_ECONOMIC_FAMILY,RESET_OR_ENDPOINT_UNAVAILABLE,NO
2014-12-24,GLOBAL_WATER,LIST-FC11036191168002,LIST-D8FFDF488EC49B5D,FR0010527275,WATL,A2R_CANONICAL_SELECTION,False,,,False,112,PRICE_NOT_AVAILABLE,YES_SAME_A2R_ECONOMIC_FAMILY,RESET_OR_ENDPOINT_UNAVAILABLE,NO
2014-12-29,GLOBAL_WATER,LIST-D8FFDF488EC49B5D,LIST-FC11036191168002,IE00B1TXK627,DH2O,A2R_CANONICAL_SELECTION,True,2014-12-24,1.0,False,112,EXACT_PREVIOUS_XLON_SESSION_ENDPOINT,YES_SAME_A2R_ECONOMIC_FAMILY,RESET_OR_ENDPOINT_UNAVAILABLE,NO
2015-01-06,GLOBAL_WATER,LIST-FC11036191168002,LIST-D8FFDF488EC49B5D,FR0010527275,WATL,A2R_CANONICAL_SELECTION,True,2015-01-05,1.0,True,112,SEMANTICALLY_IDENTICAL_IMPLEMENTATION_TRANSITION,YES_SAME_A2R_ECONOMIC_FAMILY,CONTINUE,NO
2015-01-08,GLOBAL_WATER,LIST-D8FFDF488EC49B5D,LIST-FC11036191168002,IE00B1TXK627,DH2O,A2R_CANONICAL_SELECTION,True,2015-01-07,1.0,True,112,SEMANTICALLY_IDENTICAL_IMPLEMENTATION_TRANSITION,YES_SAME_A2R_ECONOMIC_FAMILY,CONTINUE,NO
2015-01-13,GLOBAL_WATER,LIST-FC11036191168002,LIST-D8FFDF488EC49B5D,FR0010527275,WATL,A2R_CANONICAL_SELECTION,False,,,False,112,PRICE_NOT_AVAILABLE,YES_SAME_A2R_ECONOMIC_FAMILY,RESET_OR_ENDPOINT_UNAVAILABLE,NO
2015-01-14,GLOBAL_WATER,LIST-D8FFDF488EC49B5D,LIST-FC11036191168002,IE00B1TXK627,DH2O,A2R_CANONICAL_SELECTION,True,2015-01-13,1.0,False,112,EXACT_PREVIOUS_XLON_SESSION_ENDPOINT,YES_SAME_A2R_ECONOMIC_FAMILY,RESET_OR_ENDPOINT_UNAVAILABLE,NO
2015-01-15,GLOBAL_WATER,LIST-FC11036191168002,LIST-D8FFDF488EC49B5D,FR0010527275,WATL,A2R_CANONICAL_SELECTION,True,2015-01-14,1.0,True,112,SEMANTICALLY_IDENTICAL_IMPLEMENTATION_TRANSITION,YES_SAME_A2R_ECONOMIC_FAMILY,CONTINUE,NO
2015-01-19,GLOBAL_WATER,LIST-D8FFDF488EC49B5D,LIST-FC11036191168002,IE00B1TXK627,DH2O,A2R_CANONICAL_SELECTION,True,2015-01-16,1.0,True,112,SEMANTICALLY_IDENTICAL_IMPLEMENTATION_TRANSITION,YES_SAME_A2R_ECONOMIC_FAMILY,CONTINUE,NO
2015-01-22,GLOBAL_WATER,LIST-FC11036191168002,LIST-D8FFDF488EC49B5D,FR0010527275,WATL,A2R_CANONICAL_SELECTION,False,,,False,112,PRICE_NOT_AVAILABLE,YES_SAME_A2R_ECONOMIC_FAMILY,RESET_OR_ENDPOINT_UNAVAILABLE,NO
2015-01-23,GLOBAL_WATER,LIST-D8FFDF488EC49B5D,LIST-FC11036191168002,IE00B1TXK627,DH2O,A2R_CANONICAL_SELECTION,True,2015-01-22,1.0,False,112,EXACT_PREVIOUS_XLON_SESSION_ENDPOINT,YES_SAME_A2R_ECONOMIC_FAMILY,RESET_OR_ENDPOINT_UNAVAILABLE,NO
2015-02-09,GLOBAL_WATER,LIST-FC11036191168002,LIST-D8FFDF488EC49B5D,FR0010527275,WATL,A2R_CANONICAL_SELECTION,True,2015-02-06,1.0,True,112,SEMANTICALLY_IDENTICAL_IMPLEMENTATION_TRANSITION,YES_SAME_A2R_ECONOMIC_FAMILY,CONTINUE,NO
2015-02-11,GLOBAL_WATER,LIST-D8FFDF488EC49B5D,LIST-FC11036191168002,IE00B1TXK627,DH2O,A2R_CANONICAL_SELECTION,True,2015-02-10,1.0,True,112,SEMANTICALLY_IDENTICAL_IMPLEMENTATION_TRANSITION,YES_SAME_A2R_ECONOMIC_FAMILY,CONTINUE,NO
2015-02-12,GLOBAL_WATER,LIST-FC11036191168002,LIST-D8FFDF488EC49B5D,FR0010527275,WATL,A2R_CANONICAL_SELECTION,True,2015-02-11,1.0,True,112,SEMANTICALLY_IDENTICAL_IMPLEMENTATION_TRANSITION,YES_SAME_A2R_ECONOMIC_FAMILY,CONTINUE,NO
2015-02-19,GLOBAL_WATER,LIST-D8FFDF488EC49B5D,LIST-FC11036191168002,IE00B1TXK627,DH2O,A2R_CANONICAL_SELECTION,True,2015-02-18,1.0,True,112,SEMANTICALLY_IDENTICAL_IMPLEMENTATION_TRANSITION,YES_SAME_A2R_ECONOMIC_FAMILY,CONTINUE,NO
2015-02-20,GLOBAL_WATER,LIST-FC11036191168002,LIST-D8FFDF488EC49B5D,FR0010527275,WATL,A2R_CANONICAL_SELECTION,True,2015-02-19,1.0,True,112,SEMANTICALLY_IDENTICAL_IMPLEMENTATION_TRANSITION,YES_SAME_A2R_ECONOMIC_FAMILY,CONTINUE,NO
2015-03-04,GLOBAL_WATER,LIST-D8FFDF488EC49B5D,LIST-FC11036191168002,IE00B1TXK627,DH2O,A2R_CANONICAL_SELECTION,True,2015-03-03,1.0,True,112,SEMANTICALLY_IDENTICAL_IMPLEMENTATION_TRANSITION,YES_SAME_A2R_ECONOMIC_FAMILY,CONTINUE,NO
2015-03-05,GLOBAL_WATER,LIST-FC11036191168002,LIST-D8FFDF488EC49B5D,FR0010527275,WATL,A2R_CANONICAL_SELECTION,True,2015-03-04,1.0,True,112,SEMANTICALLY_IDENTICAL_IMPLEMENTATION_TRANSITION,YES_SAME_A2R_ECONOMIC_FAMILY,CONTINUE,NO
2015-03-11,GLOBAL_WATER,LIST-D8FFDF488EC49B5D,LIST-FC11036191168002,IE00B1TXK627,DH2O,A2R_CANONICAL_SELECTION,True,2015-03-10,1.0,True,112,SEMANTICALLY_IDENTICAL_IMPLEMENTATION_TRANSITION,YES_SAME_A2R_ECONOMIC_FAMILY,CONTINUE,NO
2015-03-12,GLOBAL_WATER,LIST-FC11036191168002,LIST-D8FFDF488EC49B5D,FR0010527275,WATL,A2R_CANONICAL_SELECTION,False,,,False,112,PRICE_NOT_AVAILABLE,YES_SAME_A2R_ECONOMIC_FAMILY,RESET_OR_ENDPOINT_UNAVAILABLE,NO
2015-03-13,GLOBAL_WATER,LIST-D8FFDF488EC49B5D,LIST-FC11036191168002,IE00B1TXK627,DH2O,A2R_CANONICAL_SELECTION,True,2015-03-12,1.0,False,112,EXACT_PREVIOUS_XLON_SESSION_ENDPOINT,YES_SAME_A2R_ECONOMIC_FAMILY,RESET_OR_ENDPOINT_UNAVAILABLE,NO
2015-03-17,GLOBAL_WATER,LIST-FC11036191168002,LIST-D8FFDF488EC49B5D,FR0010527275,WATL,A2R_CANONICAL_SELECTION,False,,,False,112,PRICE_NOT_AVAILABLE,YES_SAME_A2R_ECONOMIC_FAMILY,RESET_OR_ENDPOINT_UNAVAILABLE,NO
2015-03-18,GLOBAL_WATER,LIST-D8FFDF488EC49B5D,LIST-FC11036191168002,IE00B1TXK627,DH2O,A2R_CANONICAL_SELECTION,True,2015-03-17,1.0,False,112,EXACT_PREVIOUS_XLON_SESSION_ENDPOINT,YES_SAME_A2R_ECONOMIC_FAMILY,RESET_OR_ENDPOINT_UNAVAILABLE,NO
2015-03-19,GLOBAL_WATER,LIST-FC11036191168002,LIST-D8FFDF488EC49B5D,FR0010527275,WATL,A2R_CANONICAL_SELECTION,True,2015-03-18,1.0,True,112,SEMANTICALLY_IDENTICAL_IMPLEMENTATION_TRANSITION,YES_SAME_A2R_ECONOMIC_FAMILY,CONTINUE,NO
2015-03-25,GLOBAL_WATER,LIST-D8FFDF488EC49B5D,LIST-FC11036191168002,IE00B1TXK627,DH2O,A2R_CANONICAL_SELECTION,True,2015-03-24,1.0,True,112,SEMANTICALLY_IDENTICAL_IMPLEMENTATION_TRANSITION,YES_SAME_A2R_ECONOMIC_FAMILY,CONTINUE,NO
2015-03-26,GLOBAL_WATER,LIST-FC11036191168002,LIST-D8FFDF488EC49B5D,FR0010527275,WATL,A2R_CANONICAL_SELECTION,False,,,False,112,PRICE_NOT_AVAILABLE,YES_SAME_A2R_ECONOMIC_FAMILY,RESET_OR_ENDPOINT_UNAVAILABLE,NO
2015-03-27,GLOBAL_WATER,LIST-D8FFDF488EC49B5D,LIST-FC11036191168002,IE00B1TXK627,DH2O,A2R_CANONICAL_SELECTION,True,2015-03-26,1.0,False,112,EXACT_PREVIOUS_XLON_SESSION_ENDPOINT,YES_SAME_A2R_ECONOMIC_FAMILY,RESET_OR_ENDPOINT_UNAVAILABLE,NO
2015-03-30,GLOBAL_WATER,LIST-FC11036191168002,LIST-D8FFDF488EC49B5D,FR0010527275,WATL,A2R_CANONICAL_SELECTION,True,2015-03-27,1.0,True,112,SEMANTICALLY_IDENTICAL_IMPLEMENTATION_TRANSITION,YES_SAME_A2R_ECONOMIC_FAMILY,CONTINUE,NO
2015-04-02,GLOBAL_WATER,LIST-D8FFDF488EC49B5D,LIST-FC11036191168002,IE00B1TXK627,DH2O,A2R_CANONICAL_SELECTION,True,2015-04-01,1.0,True,112,SEMANTICALLY_IDENTICAL_IMPLEMENTATION_TRANSITION,YES_SAME_A2R_ECONOMIC_FAMILY,CONTINUE,NO
2015-04-08,GLOBAL_WATER,LIST-FC11036191168002,LIST-D8FFDF488EC49B5D,FR0010527275,WATL,A2R_CANONICAL_SELECTION,True,2015-04-07,1.0,True,112,SEMANTICALLY_IDENTICAL_IMPLEMENTATION_TRANSITION,YES_SAME_A2R_ECONOMIC_FAMILY,CONTINUE,NO
2015-04-13,GLOBAL_WATER,LIST-D8FFDF488EC49B5D,LIST-FC11036191168002,IE00B1TXK627,DH2O,A2R_CANONICAL_SELECTION,True,2015-04-10,1.0,True,112,SEMANTICALLY_IDENTICAL_IMPLEMENTATION_TRANSITION,YES_SAME_A2R_ECONOMIC_FAMILY,CONTINUE,NO
2015-04-22,GLOBAL_WATER,LIST-FC11036191168002,LIST-D8FFDF488EC49B5D,FR0010527275,WATL,A2R_CANONICAL_SELECTION,False,,,False,112,PRICE_NOT_AVAILABLE,YES_SAME_A2R_ECONOMIC_FAMILY,RESET_OR_ENDPOINT_UNAVAILABLE,NO
2015-04-23,GLOBAL_WATER,LIST-D8FFDF488EC49B5D,LIST-FC11036191168002,IE00B1TXK627,DH2O,A2R_CANONICAL_SELECTION,True,2015-04-22,1.0,False,112,EXACT_PREVIOUS_XLON_SESSION_ENDPOINT,YES_SAME_A2R_ECONOMIC_FAMILY,RESET_OR_ENDPOINT_UNAVAILABLE,NO
2015-04-24,GLOBAL_WATER,LIST-FC11036191168002,LIST-D8FFDF488EC49B5D,FR0010527275,WATL,A2R_CANONICAL_SELECTION,False,,,False,112,PRICE_NOT_AVAILABLE,YES_SAME_A2R_ECONOMIC_FAMILY,RESET_OR_ENDPOINT_UNAVAILABLE,NO
2015-04-27,GLOBAL_WATER,LIST-D8FFDF488EC49B5D,LIST-FC11036191168002,IE00B1TXK627,DH2O,A2R_CANONICAL_SELECTION,True,2015-04-24,1.0,False,112,EXACT_PREVIOUS_XLON_SESSION_ENDPOINT,YES_SAME_A2R_ECONOMIC_FAMILY,RESET_OR_ENDPOINT_UNAVAILABLE,NO
2015-04-29,GLOBAL_WATER,LIST-FC11036191168002,LIST-D8FFDF488EC49B5D,FR0010527275,WATL,A2R_CANONICAL_SELECTION,True,2015-04-28,1.0,True,112,SEMANTICALLY_IDENTICAL_IMPLEMENTATION_TRANSITION,YES_SAME_A2R_ECONOMIC_FAMILY,CONTINUE,NO
2015-05-01,GLOBAL_WATER,LIST-D8FFDF488EC49B5D,LIST-FC11036191168002,IE00B1TXK627,DH2O,A2R_CANONICAL_SELECTION,True,2015-04-30,1.0,True,112,SEMANTICALLY_IDENTICAL_IMPLEMENTATION_TRANSITION,YES_SAME_A2R_ECONOMIC_FAMILY,CONTINUE,NO
2015-05-06,GLOBAL_WATER,LIST-FC11036191168002,LIST-D8FFDF488EC49B5D,FR0010527275,WATL,A2R_CANONICAL_SELECTION,True,2015-05-05,1.0,True,112,SEMANTICALLY_IDENTICAL_IMPLEMENTATION_TRANSITION,YES_SAME_A2R_ECONOMIC_FAMILY,CONTINUE,NO
2015-05-08,GLOBAL_WATER,LIST-D8FFDF488EC49B5D,LIST-FC11036191168002,IE00B1TXK627,DH2O,A2R_CANONICAL_SELECTION,True,2015-05-07,1.0,True,112,SEMANTICALLY_IDENTICAL_IMPLEMENTATION_TRANSITION,YES_SAME_A2R_ECONOMIC_FAMILY,CONTINUE,NO
2015-05-11,GLOBAL_WATER,LIST-FC11036191168002,LIST-D8FFDF488EC49B5D,FR0010527275,WATL,A2R_CANONICAL_SELECTION,True,2015-05-08,1.0,True,112,SEMANTICALLY_IDENTICAL_IMPLEMENTATION_TRANSITION,YES_SAME_A2R_ECONOMIC_FAMILY,CONTINUE,NO
2015-05-14,GLOBAL_WATER,LIST-D8FFDF488EC49B5D,LIST-FC11036191168002,IE00B1TXK627,DH2O,A2R_CANONICAL_SELECTION,True,2015-05-13,1.0,True,112,SEMANTICALLY_IDENTICAL_IMPLEMENTATION_TRANSITION,YES_SAME_A2R_ECONOMIC_FAMILY,CONTINUE,NO
2015-05-19,GLOBAL_WATER,LIST-FC11036191168002,LIST-D8FFDF488EC49B5D,FR0010527275,WATL,A2R_CANONICAL_SELECTION,False,,,False,112,PRICE_NOT_AVAILABLE,YES_SAME_A2R_ECONOMIC_FAMILY,RESET_OR_ENDPOINT_UNAVAILABLE,NO
2015-05-20,GLOBAL_WATER,LIST-D8FFDF488EC49B5D,LIST-FC11036191168002,IE00B1TXK627,DH2O,A2R_CANONICAL_SELECTION,True,2015-05-19,1.0,False,112,EXACT_PREVIOUS_XLON_SESSION_ENDPOINT,YES_SAME_A2R_ECONOMIC_FAMILY,RESET_OR_ENDPOINT_UNAVAILABLE,NO
2015-05-21,GLOBAL_WATER,LIST-FC11036191168002,LIST-D8FFDF488EC49B5D,FR0010527275,WATL,A2R_CANONICAL_SELECTION,False,,,False,112,PRICE_NOT_AVAILABLE,YES_SAME_A2R_ECONOMIC_FAMILY,RESET_OR_ENDPOINT_UNAVAILABLE,NO
2015-05-22,GLOBAL_WATER,LIST-D8FFDF488EC49B5D,LIST-FC11036191168002,IE00B1TXK627,DH2O,A2R_CANONICAL_SELECTION,True,2015-05-21,1.0,False,112,EXACT_PREVIOUS_XLON_SESSION_ENDPOINT,YES_SAME_A2R_ECONOMIC_FAMILY,RESET_OR_ENDPOINT_UNAVAILABLE,NO
2015-05-26,GLOBAL_WATER,LIST-FC11036191168002,LIST-D8FFDF488EC49B5D,FR0010527275,WATL,A2R_CANONICAL_SELECTION,True,2015-05-22,1.0,True,112,SEMANTICALLY_IDENTICAL_IMPLEMENTATION_TRANSITION,YES_SAME_A2R_ECONOMIC_FAMILY,CONTINUE,NO
2015-06-01,GLOBAL_WATER,LIST-D8FFDF488EC49B5D,LIST-FC11036191168002,IE00B1TXK627,DH2O,A2R_CANONICAL_SELECTION,True,2015-05-29,1.0,True,112,SEMANTICALLY_IDENTICAL_IMPLEMENTATION_TRANSITION,YES_SAME_A2R_ECONOMIC_FAMILY,CONTINUE,NO
2015-06-02,GLOBAL_WATER,LIST-FC11036191168002,LIST-D8FFDF488EC49B5D,FR0010527275,WATL,A2R_CANONICAL_SELECTION,True,2015-06-01,1.0,True,112,SEMANTICALLY_IDENTICAL_IMPLEMENTATION_TRANSITION,YES_SAME_A2R_ECONOMIC_FAMILY,CONTINUE,NO
2015-06-08,GLOBAL_WATER,LIST-D8FFDF488EC49B5D,LIST-FC11036191168002,IE00B1TXK627,DH2O,A2R_CANONICAL_SELECTION,True,2015-06-05,1.0,True,112,SEMANTICALLY_IDENTICAL_IMPLEMENTATION_TRANSITION,YES_SAME_A2R_ECONOMIC_FAMILY,CONTINUE,NO
2015-06-10,GLOBAL_WATER,LIST-FC11036191168002,LIST-D8FFDF488EC49B5D,FR0010527275,WATL,A2R_CANONICAL_SELECTION,False,,,False,112,PRICE_NOT_AVAILABLE,YES_SAME_A2R_ECONOMIC_FAMILY,RESET_OR_ENDPOINT_UNAVAILABLE,NO
2015-06-11,GLOBAL_WATER,LIST-D8FFDF488EC49B5D,LIST-FC11036191168002,IE00B1TXK627,DH2O,A2R_CANONICAL_SELECTION,True,2015-06-10,1.0,False,112,EXACT_PREVIOUS_XLON_SESSION_ENDPOINT,YES_SAME_A2R_ECONOMIC_FAMILY,RESET_OR_ENDPOINT_UNAVAILABLE,NO
2015-06-12,GLOBAL_WATER,LIST-FC11036191168002,LIST-D8FFDF488EC49B5D,FR0010527275,WATL,A2R_CANONICAL_SELECTION,True,2015-06-11,1.0,True,112,SEMANTICALLY_IDENTICAL_IMPLEMENTATION_TRANSITION,YES_SAME_A2R_ECONOMIC_FAMILY,CONTINUE,NO
2015-06-17,GLOBAL_WATER,LIST-D8FFDF488EC49B5D,LIST-FC11036191168002,IE00B1TXK627,DH2O,A2R_CANONICAL_SELECTION,True,2015-06-16,1.0,True,112,SEMANTICALLY_IDENTICAL_IMPLEMENTATION_TRANSITION,YES_SAME_A2R_ECONOMIC_FAMILY,CONTINUE,NO
2015-06-23,GLOBAL_WATER,LIST-FC11036191168002,LIST-D8FFDF488EC49B5D,FR0010527275,WATL,A2R_CANONICAL_SELECTION,True,2015-06-22,1.0,True,112,SEMANTICALLY_IDENTICAL_IMPLEMENTATION_TRANSITION,YES_SAME_A2R_ECONOMIC_FAMILY,CONTINUE,NO
2015-06-26,GLOBAL_WATER,LIST-D8FFDF488EC49B5D,LIST-FC11036191168002,IE00B1TXK627,DH2O,A2R_CANONICAL_SELECTION,True,2015-06-25,1.0,True,112,SEMANTICALLY_IDENTICAL_IMPLEMENTATION_TRANSITION,YES_SAME_A2R_ECONOMIC_FAMILY,CONTINUE,NO
2015-06-30,GLOBAL_WATER,LIST-FC11036191168002,LIST-D8FFDF488EC49B5D,FR0010527275,WATL,A2R_CANONICAL_SELECTION,True,2015-06-29,1.0,True,112,SEMANTICALLY_IDENTICAL_IMPLEMENTATION_TRANSITION,YES_SAME_A2R_ECONOMIC_FAMILY,CONTINUE,NO
2015-07-02,GLOBAL_WATER,LIST-D8FFDF488EC49B5D,LIST-FC11036191168002,IE00B1TXK627,DH2O,A2R_CANONICAL_SELECTION,True,2015-07-01,1.0,True,112,SEMANTICALLY_IDENTICAL_IMPLEMENTATION_TRANSITION,YES_SAME_A2R_ECONOMIC_FAMILY,CONTINUE,NO
2015-07-06,GLOBAL_WATER,LIST-FC11036191168002,LIST-D8FFDF488EC49B5D,FR0010527275,WATL,A2R_CANONICAL_SELECTION,False,,,False,112,PRICE_NOT_AVAILABLE,YES_SAME_A2R_ECONOMIC_FAMILY,RESET_OR_ENDPOINT_UNAVAILABLE,NO
2015-07-07,GLOBAL_WATER,LIST-D8FFDF488EC49B5D,LIST-FC11036191168002,IE00B1TXK627,DH2O,A2R_CANONICAL_SELECTION,True,2015-07-06,1.0,False,112,EXACT_PREVIOUS_XLON_SESSION_ENDPOINT,YES_SAME_A2R_ECONOMIC_FAMILY,RESET_OR_ENDPOINT_UNAVAILABLE,NO
2015-07-08,GLOBAL_WATER,LIST-FC11036191168002,LIST-D8FFDF488EC49B5D,FR0010527275,WATL,A2R_CANONICAL_SELECTION,True,2015-07-07,1.0,True,112,SEMANTICALLY_IDENTICAL_IMPLEMENTATION_TRANSITION,YES_SAME_A2R_ECONOMIC_FAMILY,CONTINUE,NO
2015-07-22,GLOBAL_WATER,LIST-D8FFDF488EC49B5D,LIST-FC11036191168002,IE00B1TXK627,DH2O,A2R_CANONICAL_SELECTION,True,2015-07-21,1.0,True,112,SEMANTICALLY_IDENTICAL_IMPLEMENTATION_TRANSITION,YES_SAME_A2R_ECONOMIC_FAMILY,CONTINUE,NO
2015-07-24,GLOBAL_WATER,LIST-FC11036191168002,LIST-D8FFDF488EC49B5D,FR0010527275,WATL,A2R_CANONICAL_SELECTION,True,2015-07-23,1.0,True,112,SEMANTICALLY_IDENTICAL_IMPLEMENTATION_TRANSITION,YES_SAME_A2R_ECONOMIC_FAMILY,CONTINUE,NO
2015-07-31,GLOBAL_WATER,LIST-D8FFDF488EC49B5D,LIST-FC11036191168002,IE00B1TXK627,DH2O,A2R_CANONICAL_SELECTION,True,2015-07-30,1.0,True,112,SEMANTICALLY_IDENTICAL_IMPLEMENTATION_TRANSITION,YES_SAME_A2R_ECONOMIC_FAMILY,CONTINUE,NO
2015-08-03,GLOBAL_WATER,LIST-FC11036191168002,LIST-D8FFDF488EC49B5D,FR0010527275,WATL,A2R_CANONICAL_SELECTION,False,,,False,112,PRICE_NOT_AVAILABLE,YES_SAME_A2R_ECONOMIC_FAMILY,RESET_OR_ENDPOINT_UNAVAILABLE,NO
2015-08-04,GLOBAL_WATER,LIST-D8FFDF488EC49B5D,LIST-FC11036191168002,IE00B1TXK627,DH2O,A2R_CANONICAL_SELECTION,True,2015-08-03,1.0,False,112,EXACT_PREVIOUS_XLON_SESSION_ENDPOINT,YES_SAME_A2R_ECONOMIC_FAMILY,RESET_OR_ENDPOINT_UNAVAILABLE,NO
2015-08-05,GLOBAL_WATER,LIST-FC11036191168002,LIST-D8FFDF488EC49B5D,FR0010527275,WATL,A2R_CANONICAL_SELECTION,False,,,False,112,PRICE_NOT_AVAILABLE,YES_SAME_A2R_ECONOMIC_FAMILY,RESET_OR_ENDPOINT_UNAVAILABLE,NO
2015-08-06,GLOBAL_WATER,LIST-D8FFDF488EC49B5D,LIST-FC11036191168002,IE00B1TXK627,DH2O,A2R_CANONICAL_SELECTION,True,2015-08-05,1.0,False,112,EXACT_PREVIOUS_XLON_SESSION_ENDPOINT,YES_SAME_A2R_ECONOMIC_FAMILY,RESET_OR_ENDPOINT_UNAVAILABLE,NO
2015-08-10,GLOBAL_WATER,LIST-FC11036191168002,LIST-D8FFDF488EC49B5D,FR0010527275,WATL,A2R_CANONICAL_SELECTION,True,2015-08-07,1.0,True,112,SEMANTICALLY_IDENTICAL_IMPLEMENTATION_TRANSITION,YES_SAME_A2R_ECONOMIC_FAMILY,CONTINUE,NO
2015-08-12,GLOBAL_WATER,LIST-D8FFDF488EC49B5D,LIST-FC11036191168002,IE00B1TXK627,DH2O,A2R_CANONICAL_SELECTION,True,2015-08-11,1.0,True,112,SEMANTICALLY_IDENTICAL_IMPLEMENTATION_TRANSITION,YES_SAME_A2R_ECONOMIC_FAMILY,CONTINUE,NO
2015-08-18,GLOBAL_WATER,LIST-FC11036191168002,LIST-D8FFDF488EC49B5D,FR0010527275,WATL,A2R_CANONICAL_SELECTION,True,2015-08-17,1.0,True,112,SEMANTICALLY_IDENTICAL_IMPLEMENTATION_TRANSITION,YES_SAME_A2R_ECONOMIC_FAMILY,CONTINUE,NO
2015-08-20,GLOBAL_WATER,LIST-D8FFDF488EC49B5D,LIST-FC11036191168002,IE00B1TXK627,DH2O,A2R_CANONICAL_SELECTION,True,2015-08-19,1.0,True,112,SEMANTICALLY_IDENTICAL_IMPLEMENTATION_TRANSITION,YES_SAME_A2R_ECONOMIC_FAMILY,CONTINUE,NO
2015-08-21,GLOBAL_WATER,LIST-FC11036191168002,LIST-D8FFDF488EC49B5D,FR0010527275,WATL,A2R_CANONICAL_SELECTION,True,2015-08-20,1.0,True,112,SEMANTICALLY_IDENTICAL_IMPLEMENTATION_TRANSITION,YES_SAME_A2R_ECONOMIC_FAMILY,CONTINUE,NO
2015-09-03,GLOBAL_WATER,LIST-D8FFDF488EC49B5D,LIST-FC11036191168002,IE00B1TXK627,DH2O,A2R_CANONICAL_SELECTION,True,2015-09-02,1.0,True,112,SEMANTICALLY_IDENTICAL_IMPLEMENTATION_TRANSITION,YES_SAME_A2R_ECONOMIC_FAMILY,CONTINUE,NO
2015-09-04,GLOBAL_WATER,LIST-FC11036191168002,LIST-D8FFDF488EC49B5D,FR0010527275,WATL,A2R_CANONICAL_SELECTION,False,,,False,112,PRICE_NOT_AVAILABLE,YES_SAME_A2R_ECONOMIC_FAMILY,RESET_OR_ENDPOINT_UNAVAILABLE,NO
2015-09-07,GLOBAL_WATER,LIST-D8FFDF488EC49B5D,LIST-FC11036191168002,IE00B1TXK627,DH2O,A2R_CANONICAL_SELECTION,True,2015-09-04,1.0,False,112,EXACT_PREVIOUS_XLON_SESSION_ENDPOINT,YES_SAME_A2R_ECONOMIC_FAMILY,RESET_OR_ENDPOINT_UNAVAILABLE,NO
2015-09-08,GLOBAL_WATER,LIST-FC11036191168002,LIST-D8FFDF488EC49B5D,FR0010527275,WATL,A2R_CANONICAL_SELECTION,False,,,False,112,PRICE_NOT_AVAILABLE,YES_SAME_A2R_ECONOMIC_FAMILY,RESET_OR_ENDPOINT_UNAVAILABLE,NO
2015-09-09,GLOBAL_WATER,LIST-D8FFDF488EC49B5D,LIST-FC11036191168002,IE00B1TXK627,DH2O,A2R_CANONICAL_SELECTION,True,2015-09-08,1.0,False,112,EXACT_PREVIOUS_XLON_SESSION_ENDPOINT,YES_SAME_A2R_ECONOMIC_FAMILY,RESET_OR_ENDPOINT_UNAVAILABLE,NO
2015-09-10,GLOBAL_WATER,LIST-FC11036191168002,LIST-D8FFDF488EC49B5D,FR0010527275,WATL,A2R_CANONICAL_SELECTION,True,2015-09-09,1.0,True,112,SEMANTICALLY_IDENTICAL_IMPLEMENTATION_TRANSITION,YES_SAME_A2R_ECONOMIC_FAMILY,CONTINUE,NO
2015-09-14,GLOBAL_WATER,LIST-D8FFDF488EC49B5D,LIST-FC11036191168002,IE00B1TXK627,DH2O,A2R_CANONICAL_SELECTION,True,2015-09-11,1.0,True,112,SEMANTICALLY_IDENTICAL_IMPLEMENTATION_TRANSITION,YES_SAME_A2R_ECONOMIC_FAMILY,CONTINUE,NO
2015-09-15,GLOBAL_WATER,LIST-FC11036191168002,LIST-D8FFDF488EC49B5D,FR0010527275,WATL,A2R_CANONICAL_SELECTION,True,2015-09-14,1.0,True,112,SEMANTICALLY_IDENTICAL_IMPLEMENTATION_TRANSITION,YES_SAME_A2R_ECONOMIC_FAMILY,CONTINUE,NO
2015-09-17,GLOBAL_WATER,LIST-D8FFDF488EC49B5D,LIST-FC11036191168002,IE00B1TXK627,DH2O,A2R_CANONICAL_SELECTION,True,2015-09-16,1.0,True,112,SEMANTICALLY_IDENTICAL_IMPLEMENTATION_TRANSITION,YES_SAME_A2R_ECONOMIC_FAMILY,CONTINUE,NO
2015-09-21,GLOBAL_WATER,LIST-FC11036191168002,LIST-D8FFDF488EC49B5D,FR0010527275,WATL,A2R_CANONICAL_SELECTION,True,2015-09-18,1.0,True,112,SEMANTICALLY_IDENTICAL_IMPLEMENTATION_TRANSITION,YES_SAME_A2R_ECONOMIC_FAMILY,CONTINUE,NO
2015-09-23,GLOBAL_WATER,LIST-D8FFDF488EC49B5D,LIST-FC11036191168002,IE00B1TXK627,DH2O,A2R_CANONICAL_SELECTION,True,2015-09-22,1.0,True,112,SEMANTICALLY_IDENTICAL_IMPLEMENTATION_TRANSITION,YES_SAME_A2R_ECONOMIC_FAMILY,CONTINUE,NO
2015-09-29,GLOBAL_WATER,LIST-FC11036191168002,LIST-D8FFDF488EC49B5D,FR0010527275,WATL,A2R_CANONICAL_SELECTION,True,2015-09-28,1.0,True,112,SEMANTICALLY_IDENTICAL_IMPLEMENTATION_TRANSITION,YES_SAME_A2R_ECONOMIC_FAMILY,CONTINUE,NO
2015-10-02,GLOBAL_WATER,LIST-D8FFDF488EC49B5D,LIST-FC11036191168002,IE00B1TXK627,DH2O,A2R_CANONICAL_SELECTION,True,2015-10-01,1.0,True,112,SEMANTICALLY_IDENTICAL_IMPLEMENTATION_TRANSITION,YES_SAME_A2R_ECONOMIC_FAMILY,CONTINUE,NO
2015-10-08,GLOBAL_WATER,LIST-FC11036191168002,LIST-D8FFDF488EC49B5D,FR0010527275,WATL,A2R_CANONICAL_SELECTION,False,,,False,112,PRICE_NOT_AVAILABLE,YES_SAME_A2R_ECONOMIC_FAMILY,RESET_OR_ENDPOINT_UNAVAILABLE,NO
2015-10-09,GLOBAL_WATER,LIST-D8FFDF488EC49B5D,LIST-FC11036191168002,IE00B1TXK627,DH2O,A2R_CANONICAL_SELECTION,True,2015-10-08,1.0,False,112,EXACT_PREVIOUS_XLON_SESSION_ENDPOINT,YES_SAME_A2R_ECONOMIC_FAMILY,RESET_OR_ENDPOINT_UNAVAILABLE,NO
2015-10-12,GLOBAL_WATER,LIST-FC11036191168002,LIST-D8FFDF488EC49B5D,FR0010527275,WATL,A2R_CANONICAL_SELECTION,False,,,False,112,PRICE_NOT_AVAILABLE,YES_SAME_A2R_ECONOMIC_FAMILY,RESET_OR_ENDPOINT_UNAVAILABLE,NO
2015-10-13,GLOBAL_WATER,LIST-D8FFDF488EC49B5D,LIST-FC11036191168002,IE00B1TXK627,DH2O,A2R_CANONICAL_SELECTION,True,2015-10-12,1.0,False,112,EXACT_PREVIOUS_XLON_SESSION_ENDPOINT,YES_SAME_A2R_ECONOMIC_FAMILY,RESET_OR_ENDPOINT_UNAVAILABLE,NO
2015-10-14,GLOBAL_WATER,LIST-FC11036191168002,LIST-D8FFDF488EC49B5D,FR0010527275,WATL,A2R_CANONICAL_SELECTION,False,,,False,112,PRICE_NOT_AVAILABLE,YES_SAME_A2R_ECONOMIC_FAMILY,RESET_OR_ENDPOINT_UNAVAILABLE,NO
2015-10-15,GLOBAL_WATER,LIST-D8FFDF488EC49B5D,LIST-FC11036191168002,IE00B1TXK627,DH2O,A2R_CANONICAL_SELECTION,True,2015-10-14,1.0,False,112,EXACT_PREVIOUS_XLON_SESSION_ENDPOINT,YES_SAME_A2R_ECONOMIC_FAMILY,RESET_OR_ENDPOINT_UNAVAILABLE,NO
2015-10-19,GLOBAL_WATER,LIST-FC11036191168002,LIST-D8FFDF488EC49B5D,FR0010527275,WATL,A2R_CANONICAL_SELECTION,True,2015-10-16,1.0,True,112,SEMANTICALLY_IDENTICAL_IMPLEMENTATION_TRANSITION,YES_SAME_A2R_ECONOMIC_FAMILY,CONTINUE,NO
2015-10-22,GLOBAL_WATER,LIST-D8FFDF488EC49B5D,LIST-FC11036191168002,IE00B1TXK627,DH2O,A2R_CANONICAL_SELECTION,True,2015-10-21,1.0,True,112,SEMANTICALLY_IDENTICAL_IMPLEMENTATION_TRANSITION,YES_SAME_A2R_ECONOMIC_FAMILY,CONTINUE,NO
2015-10-30,GLOBAL_WATER,LIST-FC11036191168002,LIST-D8FFDF488EC49B5D,FR0010527275,WATL,A2R_CANONICAL_SELECTION,False,,,False,112,PRICE_NOT_AVAILABLE,YES_SAME_A2R_ECONOMIC_FAMILY,RESET_OR_ENDPOINT_UNAVAILABLE,NO
2015-11-02,GLOBAL_WATER,LIST-D8FFDF488EC49B5D,LIST-FC11036191168002,IE00B1TXK627,DH2O,A2R_CANONICAL_SELECTION,True,2015-10-30,1.0,False,112,EXACT_PREVIOUS_XLON_SESSION_ENDPOINT,YES_SAME_A2R_ECONOMIC_FAMILY,RESET_OR_ENDPOINT_UNAVAILABLE,NO
2015-11-06,GLOBAL_WATER,LIST-FC11036191168002,LIST-D8FFDF488EC49B5D,FR0010527275,WATL,A2R_CANONICAL_SELECTION,False,,,False,112,PRICE_NOT_AVAILABLE,YES_SAME_A2R_ECONOMIC_FAMILY,RESET_OR_ENDPOINT_UNAVAILABLE,NO
2015-11-09,GLOBAL_WATER,LIST-D8FFDF488EC49B5D,LIST-FC11036191168002,IE00B1TXK627,DH2O,A2R_CANONICAL_SELECTION,True,2015-11-06,1.0,False,112,EXACT_PREVIOUS_XLON_SESSION_ENDPOINT,YES_SAME_A2R_ECONOMIC_FAMILY,RESET_OR_ENDPOINT_UNAVAILABLE,NO
2015-11-10,GLOBAL_WATER,LIST-FC11036191168002,LIST-D8FFDF488EC49B5D,FR0010527275,WATL,A2R_CANONICAL_SELECTION,False,,,False,112,PRICE_NOT_AVAILABLE,YES_SAME_A2R_ECONOMIC_FAMILY,RESET_OR_ENDPOINT_UNAVAILABLE,NO
2015-11-11,GLOBAL_WATER,LIST-D8FFDF488EC49B5D,LIST-FC11036191168002,IE00B1TXK627,DH2O,A2R_CANONICAL_SELECTION,True,2015-11-10,1.0,False,112,EXACT_PREVIOUS_XLON_SESSION_ENDPOINT,YES_SAME_A2R_ECONOMIC_FAMILY,RESET_OR_ENDPOINT_UNAVAILABLE,NO
2015-11-12,GLOBAL_WATER,LIST-FC11036191168002,LIST-D8FFDF488EC49B5D,FR0010527275,WATL,A2R_CANONICAL_SELECTION,False,,,False,112,PRICE_NOT_AVAILABLE,YES_SAME_A2R_ECONOMIC_FAMILY,RESET_OR_ENDPOINT_UNAVAILABLE,NO
2015-11-13,GLOBAL_WATER,LIST-D8FFDF488EC49B5D,LIST-FC11036191168002,IE00B1TXK627,DH2O,A2R_CANONICAL_SELECTION,True,2015-11-12,1.0,False,112,EXACT_PREVIOUS_XLON_SESSION_ENDPOINT,YES_SAME_A2R_ECONOMIC_FAMILY,RESET_OR_ENDPOINT_UNAVAILABLE,NO
2015-11-16,GLOBAL_WATER,LIST-FC11036191168002,LIST-D8FFDF488EC49B5D,FR0010527275,WATL,A2R_CANONICAL_SELECTION,True,2015-11-13,1.0,True,112,SEMANTICALLY_IDENTICAL_IMPLEMENTATION_TRANSITION,YES_SAME_A2R_ECONOMIC_FAMILY,CONTINUE,NO
2015-11-18,GLOBAL_WATER,LIST-D8FFDF488EC49B5D,LIST-FC11036191168002,IE00B1TXK627,DH2O,A2R_CANONICAL_SELECTION,True,2015-11-17,1.0,True,112,SEMANTICALLY_IDENTICAL_IMPLEMENTATION_TRANSITION,YES_SAME_A2R_ECONOMIC_FAMILY,CONTINUE,NO
2015-12-01,GLOBAL_WATER,LIST-FC11036191168002,LIST-D8FFDF488EC49B5D,FR0010527275,WATL,A2R_CANONICAL_SELECTION,True,2015-11-30,1.0,True,112,SEMANTICALLY_IDENTICAL_IMPLEMENTATION_TRANSITION,YES_SAME_A2R_ECONOMIC_FAMILY,CONTINUE,NO
2015-12-03,GLOBAL_WATER,LIST-D8FFDF488EC49B5D,LIST-FC11036191168002,IE00B1TXK627,DH2O,A2R_CANONICAL_SELECTION,True,2015-12-02,1.0,True,112,SEMANTICALLY_IDENTICAL_IMPLEMENTATION_TRANSITION,YES_SAME_A2R_ECONOMIC_FAMILY,CONTINUE,NO
2015-12-07,GLOBAL_WATER,LIST-FC11036191168002,LIST-D8FFDF488EC49B5D,FR0010527275,WATL,A2R_CANONICAL_SELECTION,False,,,False,112,PRICE_NOT_AVAILABLE,YES_SAME_A2R_ECONOMIC_FAMILY,RESET_OR_ENDPOINT_UNAVAILABLE,NO
2015-12-08,GLOBAL_WATER,LIST-D8FFDF488EC49B5D,LIST-FC11036191168002,IE00B1TXK627,DH2O,A2R_CANONICAL_SELECTION,True,2015-12-07,1.0,False,112,EXACT_PREVIOUS_XLON_SESSION_ENDPOINT,YES_SAME_A2R_ECONOMIC_FAMILY,RESET_OR_ENDPOINT_UNAVAILABLE,NO
2015-12-09,GLOBAL_WATER,LIST-FC11036191168002,LIST-D8FFDF488EC49B5D,FR0010527275,WATL,A2R_CANONICAL_SELECTION,True,2015-12-08,1.0,True,112,SEMANTICALLY_IDENTICAL_IMPLEMENTATION_TRANSITION,YES_SAME_A2R_ECONOMIC_FAMILY,CONTINUE,NO
2015-12-11,GLOBAL_WATER,LIST-D8FFDF488EC49B5D,LIST-FC11036191168002,IE00B1TXK627,DH2O,A2R_CANONICAL_SELECTION,True,2015-12-10,1.0,True,112,SEMANTICALLY_IDENTICAL_IMPLEMENTATION_TRANSITION,YES_SAME_A2R_ECONOMIC_FAMILY,CONTINUE,NO
2015-12-14,GLOBAL_WATER,LIST-FC11036191168002,LIST-D8FFDF488EC49B5D,FR0010527275,WATL,A2R_CANONICAL_SELECTION,False,,,False,112,PRICE_NOT_AVAILABLE,YES_SAME_A2R_ECONOMIC_FAMILY,RESET_OR_ENDPOINT_UNAVAILABLE,NO
2015-12-15,GLOBAL_WATER,LIST-D8FFDF488EC49B5D,LIST-FC11036191168002,IE00B1TXK627,DH2O,A2R_CANONICAL_SELECTION,True,2015-12-14,1.0,False,112,EXACT_PREVIOUS_XLON_SESSION_ENDPOINT,YES_SAME_A2R_ECONOMIC_FAMILY,RESET_OR_ENDPOINT_UNAVAILABLE,NO
2015-12-17,GLOBAL_WATER,LIST-FC11036191168002,LIST-D8FFDF488EC49B5D,FR0010527275,WATL,A2R_CANONICAL_SELECTION,False,,,False,112,PRICE_NOT_AVAILABLE,YES_SAME_A2R_ECONOMIC_FAMILY,RESET_OR_ENDPOINT_UNAVAILABLE,NO
2015-12-18,GLOBAL_WATER,LIST-D8FFDF488EC49B5D,LIST-FC11036191168002,IE00B1TXK627,DH2O,A2R_CANONICAL_SELECTION,True,2015-12-17,1.0,False,112,EXACT_PREVIOUS_XLON_SESSION_ENDPOINT,YES_SAME_A2R_ECONOMIC_FAMILY,RESET_OR_ENDPOINT_UNAVAILABLE,NO
2015-12-24,GLOBAL_WATER,LIST-FC11036191168002,LIST-D8FFDF488EC49B5D,FR0010527275,WATL,A2R_CANONICAL_SELECTION,False,,,False,112,PRICE_NOT_AVAILABLE,YES_SAME_A2R_ECONOMIC_FAMILY,RESET_OR_ENDPOINT_UNAVAILABLE,NO
2015-12-29,GLOBAL_WATER,LIST-D8FFDF488EC49B5D,LIST-FC11036191168002,IE00B1TXK627,DH2O,A2R_CANONICAL_SELECTION,True,2015-12-24,1.0,False,112,EXACT_PREVIOUS_XLON_SESSION_ENDPOINT,YES_SAME_A2R_ECONOMIC_FAMILY,RESET_OR_ENDPOINT_UNAVAILABLE,NO
2015-12-30,GLOBAL_WATER,LIST-FC11036191168002,LIST-D8FFDF488EC49B5D,FR0010527275,WATL,A2R_CANONICAL_SELECTION,True,2015-12-29,1.0,True,112,SEMANTICALLY_IDENTICAL_IMPLEMENTATION_TRANSITION,YES_SAME_A2R_ECONOMIC_FAMILY,CONTINUE,NO
2016-01-04,GLOBAL_WATER,LIST-D8FFDF488EC49B5D,LIST-FC11036191168002,IE00B1TXK627,DH2O,A2R_CANONICAL_SELECTION,True,2015-12-31,1.0,True,112,SEMANTICALLY_IDENTICAL_IMPLEMENTATION_TRANSITION,YES_SAME_A2R_ECONOMIC_FAMILY,CONTINUE,NO
2016-01-05,GLOBAL_WATER,LIST-FC11036191168002,LIST-D8FFDF488EC49B5D,FR0010527275,WATL,A2R_CANONICAL_SELECTION,False,,,False,112,PRICE_NOT_AVAILABLE,YES_SAME_A2R_ECONOMIC_FAMILY,RESET_OR_ENDPOINT_UNAVAILABLE,NO
2016-01-06,GLOBAL_WATER,LIST-D8FFDF488EC49B5D,LIST-FC11036191168002,IE00B1TXK627,DH2O,A2R_CANONICAL_SELECTION,True,2016-01-05,1.0,False,112,EXACT_PREVIOUS_XLON_SESSION_ENDPOINT,YES_SAME_A2R_ECONOMIC_FAMILY,RESET_OR_ENDPOINT_UNAVAILABLE,NO
2016-01-12,GLOBAL_WATER,LIST-FC11036191168002,LIST-D8FFDF488EC49B5D,FR0010527275,WATL,A2R_CANONICAL_SELECTION,False,,,False,112,PRICE_NOT_AVAILABLE,YES_SAME_A2R_ECONOMIC_FAMILY,RESET_OR_ENDPOINT_UNAVAILABLE,NO
2016-01-13,GLOBAL_WATER,LIST-D8FFDF488EC49B5D,LIST-FC11036191168002,IE00B1TXK627,DH2O,A2R_CANONICAL_SELECTION,True,2016-01-12,1.0,False,112,EXACT_PREVIOUS_XLON_SESSION_ENDPOINT,YES_SAME_A2R_ECONOMIC_FAMILY,RESET_OR_ENDPOINT_UNAVAILABLE,NO
2016-01-14,GLOBAL_WATER,LIST-FC11036191168002,LIST-D8FFDF488EC49B5D,FR0010527275,WATL,A2R_CANONICAL_SELECTION,False,,,False,112,PRICE_NOT_AVAILABLE,YES_SAME_A2R_ECONOMIC_FAMILY,RESET_OR_ENDPOINT_UNAVAILABLE,NO
2016-01-15,GLOBAL_WATER,LIST-D8FFDF488EC49B5D,LIST-FC11036191168002,IE00B1TXK627,DH2O,A2R_CANONICAL_SELECTION,True,2016-01-14,1.0,False,112,EXACT_PREVIOUS_XLON_SESSION_ENDPOINT,YES_SAME_A2R_ECONOMIC_FAMILY,RESET_OR_ENDPOINT_UNAVAILABLE,NO
2016-01-18,GLOBAL_WATER,LIST-FC11036191168002,LIST-D8FFDF488EC49B5D,FR0010527275,WATL,A2R_CANONICAL_SELECTION,False,,,False,112,PRICE_NOT_AVAILABLE,YES_SAME_A2R_ECONOMIC_FAMILY,RESET_OR_ENDPOINT_UNAVAILABLE,NO
2016-01-19,GLOBAL_WATER,LIST-D8FFDF488EC49B5D,LIST-FC11036191168002,IE00B1TXK627,DH2O,A2R_CANONICAL_SELECTION,True,2016-01-18,1.0,False,112,EXACT_PREVIOUS_XLON_SESSION_ENDPOINT,YES_SAME_A2R_ECONOMIC_FAMILY,RESET_OR_ENDPOINT_UNAVAILABLE,NO
2016-01-26,GLOBAL_WATER,LIST-FC11036191168002,LIST-D8FFDF488EC49B5D,FR0010527275,WATL,A2R_CANONICAL_SELECTION,False,,,False,112,PRICE_NOT_AVAILABLE,YES_SAME_A2R_ECONOMIC_FAMILY,RESET_OR_ENDPOINT_UNAVAILABLE,NO
2016-01-27,GLOBAL_WATER,LIST-D8FFDF488EC49B5D,LIST-FC11036191168002,IE00B1TXK627,DH2O,A2R_CANONICAL_SELECTION,True,2016-01-26,1.0,False,112,EXACT_PREVIOUS_XLON_SESSION_ENDPOINT,YES_SAME_A2R_ECONOMIC_FAMILY,RESET_OR_ENDPOINT_UNAVAILABLE,NO
2016-01-28,GLOBAL_WATER,LIST-FC11036191168002,LIST-D8FFDF488EC49B5D,FR0010527275,WATL,A2R_CANONICAL_SELECTION,True,2016-01-27,1.0,True,112,SEMANTICALLY_IDENTICAL_IMPLEMENTATION_TRANSITION,YES_SAME_A2R_ECONOMIC_FAMILY,CONTINUE,NO
2016-02-04,GLOBAL_WATER,LIST-D8FFDF488EC49B5D,LIST-FC11036191168002,IE00B1TXK627,DH2O,A2R_CANONICAL_SELECTION,True,2016-02-03,1.0,True,112,SEMANTICALLY_IDENTICAL_IMPLEMENTATION_TRANSITION,YES_SAME_A2R_ECONOMIC_FAMILY,CONTINUE,NO
2016-02-10,GLOBAL_WATER,LIST-FC11036191168002,LIST-D8FFDF488EC49B5D,FR0010527275,WATL,A2R_CANONICAL_SELECTION,False,,,False,112,PRICE_NOT_AVAILABLE,YES_SAME_A2R_ECONOMIC_FAMILY,RESET_OR_ENDPOINT_UNAVAILABLE,NO
2016-02-11,GLOBAL_WATER,LIST-D8FFDF488EC49B5D,LIST-FC11036191168002,IE00B1TXK627,DH2O,A2R_CANONICAL_SELECTION,True,2016-02-10,1.0,False,112,EXACT_PREVIOUS_XLON_SESSION_ENDPOINT,YES_SAME_A2R_ECONOMIC_FAMILY,RESET_OR_ENDPOINT_UNAVAILABLE,NO
2016-02-18,GLOBAL_WATER,LIST-FC11036191168002,LIST-D8FFDF488EC49B5D,FR0010527275,WATL,A2R_CANONICAL_SELECTION,True,2016-02-17,1.0,True,112,SEMANTICALLY_IDENTICAL_IMPLEMENTATION_TRANSITION,YES_SAME_A2R_ECONOMIC_FAMILY,CONTINUE,NO
2016-02-23,GLOBAL_WATER,LIST-D8FFDF488EC49B5D,LIST-FC11036191168002,IE00B1TXK627,DH2O,A2R_CANONICAL_SELECTION,True,2016-02-22,1.0,True,112,SEMANTICALLY_IDENTICAL_IMPLEMENTATION_TRANSITION,YES_SAME_A2R_ECONOMIC_FAMILY,CONTINUE,NO
2016-02-29,GLOBAL_WATER,LIST-FC11036191168002,LIST-D8FFDF488EC49B5D,FR0010527275,WATL,A2R_CANONICAL_SELECTION,False,,,False,112,PRICE_NOT_AVAILABLE,YES_SAME_A2R_ECONOMIC_FAMILY,RESET_OR_ENDPOINT_UNAVAILABLE,NO
2016-03-01,GLOBAL_WATER,LIST-D8FFDF488EC49B5D,LIST-FC11036191168002,IE00B1TXK627,DH2O,A2R_CANONICAL_SELECTION,True,2016-02-29,1.0,False,112,EXACT_PREVIOUS_XLON_SESSION_ENDPOINT,YES_SAME_A2R_ECONOMIC_FAMILY,RESET_OR_ENDPOINT_UNAVAILABLE,NO
2016-03-02,GLOBAL_WATER,LIST-FC11036191168002,LIST-D8FFDF488EC49B5D,FR0010527275,WATL,A2R_CANONICAL_SELECTION,True,2016-03-01,1.0,True,112,SEMANTICALLY_IDENTICAL_IMPLEMENTATION_TRANSITION,YES_SAME_A2R_ECONOMIC_FAMILY,CONTINUE,NO
2016-03-07,GLOBAL_WATER,LIST-D8FFDF488EC49B5D,LIST-FC11036191168002,IE00B1TXK627,DH2O,A2R_CANONICAL_SELECTION,True,2016-03-04,1.0,True,112,SEMANTICALLY_IDENTICAL_IMPLEMENTATION_TRANSITION,YES_SAME_A2R_ECONOMIC_FAMILY,CONTINUE,NO
2016-03-08,GLOBAL_WATER,LIST-FC11036191168002,LIST-D8FFDF488EC49B5D,FR0010527275,WATL,A2R_CANONICAL_SELECTION,True,2016-03-07,1.0,True,112,SEMANTICALLY_IDENTICAL_IMPLEMENTATION_TRANSITION,YES_SAME_A2R_ECONOMIC_FAMILY,CONTINUE,NO
2016-03-11,GLOBAL_WATER,LIST-D8FFDF488EC49B5D,LIST-FC11036191168002,IE00B1TXK627,DH2O,A2R_CANONICAL_SELECTION,True,2016-03-10,1.0,True,112,SEMANTICALLY_IDENTICAL_IMPLEMENTATION_TRANSITION,YES_SAME_A2R_ECONOMIC_FAMILY,CONTINUE,NO
2016-03-15,GLOBAL_WATER,LIST-FC11036191168002,LIST-D8FFDF488EC49B5D,FR0010527275,WATL,A2R_CANONICAL_SELECTION,True,2016-03-14,1.0,True,112,SEMANTICALLY_IDENTICAL_IMPLEMENTATION_TRANSITION,YES_SAME_A2R_ECONOMIC_FAMILY,CONTINUE,NO
2016-03-17,GLOBAL_WATER,LIST-D8FFDF488EC49B5D,LIST-FC11036191168002,IE00B1TXK627,DH2O,A2R_CANONICAL_SELECTION,True,2016-03-16,1.0,True,112,SEMANTICALLY_IDENTICAL_IMPLEMENTATION_TRANSITION,YES_SAME_A2R_ECONOMIC_FAMILY,CONTINUE,NO
2016-03-18,GLOBAL_WATER,LIST-FC11036191168002,LIST-D8FFDF488EC49B5D,FR0010527275,WATL,A2R_CANONICAL_SELECTION,False,,,False,112,PRICE_NOT_AVAILABLE,YES_SAME_A2R_ECONOMIC_FAMILY,RESET_OR_ENDPOINT_UNAVAILABLE,NO
2016-03-21,GLOBAL_WATER,LIST-D8FFDF488EC49B5D,LIST-FC11036191168002,IE00B1TXK627,DH2O,A2R_CANONICAL_SELECTION,True,2016-03-18,1.0,False,112,EXACT_PREVIOUS_XLON_SESSION_ENDPOINT,YES_SAME_A2R_ECONOMIC_FAMILY,RESET_OR_ENDPOINT_UNAVAILABLE,NO
2016-03-23,GLOBAL_WATER,LIST-FC11036191168002,LIST-D8FFDF488EC49B5D,FR0010527275,WATL,A2R_CANONICAL_SELECTION,True,2016-03-22,1.0,True,112,SEMANTICALLY_IDENTICAL_IMPLEMENTATION_TRANSITION,YES_SAME_A2R_ECONOMIC_FAMILY,CONTINUE,NO
2016-04-05,GLOBAL_WATER,LIST-D8FFDF488EC49B5D,LIST-FC11036191168002,IE00B1TXK627,DH2O,A2R_CANONICAL_SELECTION,True,2016-04-04,1.0,True,112,SEMANTICALLY_IDENTICAL_IMPLEMENTATION_TRANSITION,YES_SAME_A2R_ECONOMIC_FAMILY,CONTINUE,NO
2016-04-06,GLOBAL_WATER,LIST-FC11036191168002,LIST-D8FFDF488EC49B5D,FR0010527275,WATL,A2R_CANONICAL_SELECTION,True,2016-04-05,1.0,True,112,SEMANTICALLY_IDENTICAL_IMPLEMENTATION_TRANSITION,YES_SAME_A2R_ECONOMIC_FAMILY,CONTINUE,NO
2016-04-08,GLOBAL_WATER,LIST-D8FFDF488EC49B5D,LIST-FC11036191168002,IE00B1TXK627,DH2O,A2R_CANONICAL_SELECTION,True,2016-04-07,1.0,True,112,SEMANTICALLY_IDENTICAL_IMPLEMENTATION_TRANSITION,YES_SAME_A2R_ECONOMIC_FAMILY,CONTINUE,NO
2016-04-11,GLOBAL_WATER,LIST-FC11036191168002,LIST-D8FFDF488EC49B5D,FR0010527275,WATL,A2R_CANONICAL_SELECTION,True,2016-04-08,1.0,True,112,SEMANTICALLY_IDENTICAL_IMPLEMENTATION_TRANSITION,YES_SAME_A2R_ECONOMIC_FAMILY,CONTINUE,NO
2016-04-15,GLOBAL_WATER,LIST-D8FFDF488EC49B5D,LIST-FC11036191168002,IE00B1TXK627,DH2O,A2R_CANONICAL_SELECTION,True,2016-04-14,1.0,True,112,SEMANTICALLY_IDENTICAL_IMPLEMENTATION_TRANSITION,YES_SAME_A2R_ECONOMIC_FAMILY,CONTINUE,NO
2016-04-18,GLOBAL_WATER,LIST-FC11036191168002,LIST-D8FFDF488EC49B5D,FR0010527275,WATL,A2R_CANONICAL_SELECTION,True,2016-04-15,1.0,True,112,SEMANTICALLY_IDENTICAL_IMPLEMENTATION_TRANSITION,YES_SAME_A2R_ECONOMIC_FAMILY,CONTINUE,NO
2016-04-29,GLOBAL_WATER,LIST-D8FFDF488EC49B5D,LIST-FC11036191168002,IE00B1TXK627,DH2O,A2R_CANONICAL_SELECTION,True,2016-04-28,1.0,True,112,SEMANTICALLY_IDENTICAL_IMPLEMENTATION_TRANSITION,YES_SAME_A2R_ECONOMIC_FAMILY,CONTINUE,NO
2016-05-03,GLOBAL_WATER,LIST-FC11036191168002,LIST-D8FFDF488EC49B5D,FR0010527275,WATL,A2R_CANONICAL_SELECTION,True,2016-04-29,1.0,True,112,SEMANTICALLY_IDENTICAL_IMPLEMENTATION_TRANSITION,YES_SAME_A2R_ECONOMIC_FAMILY,CONTINUE,NO
2016-05-10,GLOBAL_WATER,LIST-D8FFDF488EC49B5D,LIST-FC11036191168002,IE00B1TXK627,DH2O,A2R_CANONICAL_SELECTION,True,2016-05-09,1.0,True,112,SEMANTICALLY_IDENTICAL_IMPLEMENTATION_TRANSITION,YES_SAME_A2R_ECONOMIC_FAMILY,CONTINUE,NO
2016-05-11,GLOBAL_WATER,LIST-FC11036191168002,LIST-D8FFDF488EC49B5D,FR0010527275,WATL,A2R_CANONICAL_SELECTION,True,2016-05-10,1.0,True,112,SEMANTICALLY_IDENTICAL_IMPLEMENTATION_TRANSITION,YES_SAME_A2R_ECONOMIC_FAMILY,CONTINUE,NO
2016-05-23,GLOBAL_WATER,LIST-D8FFDF488EC49B5D,LIST-FC11036191168002,IE00B1TXK627,DH2O,A2R_CANONICAL_SELECTION,True,2016-05-20,1.0,True,112,SEMANTICALLY_IDENTICAL_IMPLEMENTATION_TRANSITION,YES_SAME_A2R_ECONOMIC_FAMILY,CONTINUE,NO
2016-05-24,GLOBAL_WATER,LIST-FC11036191168002,LIST-D8FFDF488EC49B5D,FR0010527275,WATL,A2R_CANONICAL_SELECTION,False,,,False,112,PRICE_NOT_AVAILABLE,YES_SAME_A2R_ECONOMIC_FAMILY,RESET_OR_ENDPOINT_UNAVAILABLE,NO
2016-05-25,GLOBAL_WATER,LIST-D8FFDF488EC49B5D,LIST-FC11036191168002,IE00B1TXK627,DH2O,A2R_CANONICAL_SELECTION,True,2016-05-24,1.0,False,112,EXACT_PREVIOUS_XLON_SESSION_ENDPOINT,YES_SAME_A2R_ECONOMIC_FAMILY,RESET_OR_ENDPOINT_UNAVAILABLE,NO
2016-05-26,GLOBAL_WATER,LIST-FC11036191168002,LIST-D8FFDF488EC49B5D,FR0010527275,WATL,A2R_CANONICAL_SELECTION,True,2016-05-25,1.0,True,112,SEMANTICALLY_IDENTICAL_IMPLEMENTATION_TRANSITION,YES_SAME_A2R_ECONOMIC_FAMILY,CONTINUE,NO
2016-07-01,GLOBAL_WATER,LIST-D8FFDF488EC49B5D,LIST-FC11036191168002,IE00B1TXK627,DH2O,A2R_CANONICAL_SELECTION,True,2016-06-30,1.0,True,112,SEMANTICALLY_IDENTICAL_IMPLEMENTATION_TRANSITION,YES_SAME_A2R_ECONOMIC_FAMILY,CONTINUE,NO
2016-07-04,GLOBAL_WATER,LIST-FC11036191168002,LIST-D8FFDF488EC49B5D,FR0010527275,WATL,A2R_CANONICAL_SELECTION,False,,,False,112,PRICE_NOT_AVAILABLE,YES_SAME_A2R_ECONOMIC_FAMILY,RESET_OR_ENDPOINT_UNAVAILABLE,NO
2016-07-05,GLOBAL_WATER,LIST-D8FFDF488EC49B5D,LIST-FC11036191168002,IE00B1TXK627,DH2O,A2R_CANONICAL_SELECTION,True,2016-07-04,1.0,False,112,EXACT_PREVIOUS_XLON_SESSION_ENDPOINT,YES_SAME_A2R_ECONOMIC_FAMILY,RESET_OR_ENDPOINT_UNAVAILABLE,NO
2016-07-07,GLOBAL_WATER,LIST-FC11036191168002,LIST-D8FFDF488EC49B5D,FR0010527275,WATL,A2R_CANONICAL_SELECTION,True,2016-07-06,1.0,True,112,SEMANTICALLY_IDENTICAL_IMPLEMENTATION_TRANSITION,YES_SAME_A2R_ECONOMIC_FAMILY,CONTINUE,NO
2016-07-21,GLOBAL_WATER,LIST-D8FFDF488EC49B5D,LIST-FC11036191168002,IE00B1TXK627,DH2O,A2R_CANONICAL_SELECTION,True,2016-07-20,1.0,True,112,SEMANTICALLY_IDENTICAL_IMPLEMENTATION_TRANSITION,YES_SAME_A2R_ECONOMIC_FAMILY,CONTINUE,NO
2016-07-22,GLOBAL_WATER,LIST-FC11036191168002,LIST-D8FFDF488EC49B5D,FR0010527275,WATL,A2R_CANONICAL_SELECTION,True,2016-07-21,1.0,True,112,SEMANTICALLY_IDENTICAL_IMPLEMENTATION_TRANSITION,YES_SAME_A2R_ECONOMIC_FAMILY,CONTINUE,NO
2016-08-19,GLOBAL_WATER,LIST-D8FFDF488EC49B5D,LIST-FC11036191168002,IE00B1TXK627,DH2O,A2R_CANONICAL_SELECTION,True,2016-08-18,1.0,True,112,SEMANTICALLY_IDENTICAL_IMPLEMENTATION_TRANSITION,YES_SAME_A2R_ECONOMIC_FAMILY,CONTINUE,NO
2016-08-22,GLOBAL_WATER,LIST-FC11036191168002,LIST-D8FFDF488EC49B5D,FR0010527275,WATL,A2R_CANONICAL_SELECTION,True,2016-08-19,1.0,True,112,SEMANTICALLY_IDENTICAL_IMPLEMENTATION_TRANSITION,YES_SAME_A2R_ECONOMIC_FAMILY,CONTINUE,NO
2016-09-02,GLOBAL_WATER,LIST-D8FFDF488EC49B5D,LIST-FC11036191168002,IE00B1TXK627,DH2O,A2R_CANONICAL_SELECTION,True,2016-09-01,1.0,True,112,SEMANTICALLY_IDENTICAL_IMPLEMENTATION_TRANSITION,YES_SAME_A2R_ECONOMIC_FAMILY,CONTINUE,NO
2016-09-09,GLOBAL_WATER,LIST-FC11036191168002,LIST-D8FFDF488EC49B5D,FR0010527275,WATL,A2R_CANONICAL_SELECTION,True,2016-09-08,1.0,True,112,SEMANTICALLY_IDENTICAL_IMPLEMENTATION_TRANSITION,YES_SAME_A2R_ECONOMIC_FAMILY,CONTINUE,NO
2016-09-15,GLOBAL_WATER,LIST-D8FFDF488EC49B5D,LIST-FC11036191168002,IE00B1TXK627,DH2O,A2R_CANONICAL_SELECTION,True,2016-09-14,1.0,True,112,SEMANTICALLY_IDENTICAL_IMPLEMENTATION_TRANSITION,YES_SAME_A2R_ECONOMIC_FAMILY,CONTINUE,NO
2016-09-19,GLOBAL_WATER,LIST-FC11036191168002,LIST-D8FFDF488EC49B5D,FR0010527275,WATL,A2R_CANONICAL_SELECTION,True,2016-09-16,1.0,True,112,SEMANTICALLY_IDENTICAL_IMPLEMENTATION_TRANSITION,YES_SAME_A2R_ECONOMIC_FAMILY,CONTINUE,NO
2016-09-22,GLOBAL_WATER,LIST-D8FFDF488EC49B5D,LIST-FC11036191168002,IE00B1TXK627,DH2O,A2R_CANONICAL_SELECTION,True,2016-09-21,1.0,True,112,SEMANTICALLY_IDENTICAL_IMPLEMENTATION_TRANSITION,YES_SAME_A2R_ECONOMIC_FAMILY,CONTINUE,NO
2016-09-23,GLOBAL_WATER,LIST-FC11036191168002,LIST-D8FFDF488EC49B5D,FR0010527275,WATL,A2R_CANONICAL_SELECTION,True,2016-09-22,1.0,True,112,SEMANTICALLY_IDENTICAL_IMPLEMENTATION_TRANSITION,YES_SAME_A2R_ECONOMIC_FAMILY,CONTINUE,NO
2016-10-07,GLOBAL_WATER,LIST-D8FFDF488EC49B5D,LIST-FC11036191168002,IE00B1TXK627,DH2O,A2R_CANONICAL_SELECTION,True,2016-10-06,1.0,True,112,SEMANTICALLY_IDENTICAL_IMPLEMENTATION_TRANSITION,YES_SAME_A2R_ECONOMIC_FAMILY,CONTINUE,NO
2016-10-10,GLOBAL_WATER,LIST-FC11036191168002,LIST-D8FFDF488EC49B5D,FR0010527275,WATL,A2R_CANONICAL_SELECTION,True,2016-10-07,1.0,True,112,SEMANTICALLY_IDENTICAL_IMPLEMENTATION_TRANSITION,YES_SAME_A2R_ECONOMIC_FAMILY,CONTINUE,NO
2016-11-01,GLOBAL_WATER,LIST-D8FFDF488EC49B5D,LIST-FC11036191168002,IE00B1TXK627,DH2O,A2R_CANONICAL_SELECTION,True,2016-10-31,1.0,True,112,SEMANTICALLY_IDENTICAL_IMPLEMENTATION_TRANSITION,YES_SAME_A2R_ECONOMIC_FAMILY,CONTINUE,NO
2016-11-02,GLOBAL_WATER,LIST-FC11036191168002,LIST-D8FFDF488EC49B5D,FR0010527275,WATL,A2R_CANONICAL_SELECTION,True,2016-11-01,1.0,True,112,SEMANTICALLY_IDENTICAL_IMPLEMENTATION_TRANSITION,YES_SAME_A2R_ECONOMIC_FAMILY,CONTINUE,NO
2016-11-25,GLOBAL_WATER,LIST-D8FFDF488EC49B5D,LIST-FC11036191168002,IE00B1TXK627,DH2O,A2R_CANONICAL_SELECTION,True,2016-11-24,1.0,True,112,SEMANTICALLY_IDENTICAL_IMPLEMENTATION_TRANSITION,YES_SAME_A2R_ECONOMIC_FAMILY,CONTINUE,NO
2016-11-29,GLOBAL_WATER,LIST-FC11036191168002,LIST-D8FFDF488EC49B5D,FR0010527275,WATL,A2R_CANONICAL_SELECTION,False,,,False,112,PRICE_NOT_AVAILABLE,YES_SAME_A2R_ECONOMIC_FAMILY,RESET_OR_ENDPOINT_UNAVAILABLE,NO
2016-11-30,GLOBAL_WATER,LIST-D8FFDF488EC49B5D,LIST-FC11036191168002,IE00B1TXK627,DH2O,A2R_CANONICAL_SELECTION,True,2016-11-29,1.0,False,112,EXACT_PREVIOUS_XLON_SESSION_ENDPOINT,YES_SAME_A2R_ECONOMIC_FAMILY,RESET_OR_ENDPOINT_UNAVAILABLE,NO
2016-12-01,GLOBAL_WATER,LIST-FC11036191168002,LIST-D8FFDF488EC49B5D,FR0010527275,WATL,A2R_CANONICAL_SELECTION,True,2016-11-30,1.0,True,112,SEMANTICALLY_IDENTICAL_IMPLEMENTATION_TRANSITION,YES_SAME_A2R_ECONOMIC_FAMILY,CONTINUE,NO
2016-12-05,GLOBAL_WATER,LIST-D8FFDF488EC49B5D,LIST-FC11036191168002,IE00B1TXK627,DH2O,A2R_CANONICAL_SELECTION,True,2016-12-02,1.0,True,112,SEMANTICALLY_IDENTICAL_IMPLEMENTATION_TRANSITION,YES_SAME_A2R_ECONOMIC_FAMILY,CONTINUE,NO
2016-12-06,GLOBAL_WATER,LIST-FC11036191168002,LIST-D8FFDF488EC49B5D,FR0010527275,WATL,A2R_CANONICAL_SELECTION,True,2016-12-05,1.0,True,112,SEMANTICALLY_IDENTICAL_IMPLEMENTATION_TRANSITION,YES_SAME_A2R_ECONOMIC_FAMILY,CONTINUE,NO
2016-12-09,GLOBAL_WATER,LIST-D8FFDF488EC49B5D,LIST-FC11036191168002,IE00B1TXK627,DH2O,A2R_CANONICAL_SELECTION,True,2016-12-08,1.0,True,112,SEMANTICALLY_IDENTICAL_IMPLEMENTATION_TRANSITION,YES_SAME_A2R_ECONOMIC_FAMILY,CONTINUE,NO
2016-12-13,GLOBAL_WATER,LIST-FC11036191168002,LIST-D8FFDF488EC49B5D,FR0010527275,WATL,A2R_CANONICAL_SELECTION,False,,,False,112,PRICE_NOT_AVAILABLE,YES_SAME_A2R_ECONOMIC_FAMILY,RESET_OR_ENDPOINT_UNAVAILABLE,NO
2016-12-14,GLOBAL_WATER,LIST-D8FFDF488EC49B5D,LIST-FC11036191168002,IE00B1TXK627,DH2O,A2R_CANONICAL_SELECTION,True,2016-12-13,1.0,False,112,EXACT_PREVIOUS_XLON_SESSION_ENDPOINT,YES_SAME_A2R_ECONOMIC_FAMILY,RESET_OR_ENDPOINT_UNAVAILABLE,NO
2016-12-16,GLOBAL_WATER,LIST-FC11036191168002,LIST-D8FFDF488EC49B5D,FR0010527275,WATL,A2R_CANONICAL_SELECTION,True,2016-12-15,1.0,True,112,SEMANTICALLY_IDENTICAL_IMPLEMENTATION_TRANSITION,YES_SAME_A2R_ECONOMIC_FAMILY,CONTINUE,NO
2017-01-03,GLOBAL_WATER,LIST-D8FFDF488EC49B5D,LIST-FC11036191168002,IE00B1TXK627,DH2O,A2R_CANONICAL_SELECTION,True,2016-12-30,1.0,True,112,SEMANTICALLY_IDENTICAL_IMPLEMENTATION_TRANSITION,YES_SAME_A2R_ECONOMIC_FAMILY,CONTINUE,NO
2017-01-04,GLOBAL_WATER,LIST-FC11036191168002,LIST-D8FFDF488EC49B5D,FR0010527275,WATL,A2R_CANONICAL_SELECTION,True,2017-01-03,1.0,True,112,SEMANTICALLY_IDENTICAL_IMPLEMENTATION_TRANSITION,YES_SAME_A2R_ECONOMIC_FAMILY,CONTINUE,NO
2017-01-11,GLOBAL_WATER,LIST-D8FFDF488EC49B5D,LIST-FC11036191168002,IE00B1TXK627,DH2O,A2R_CANONICAL_SELECTION,True,2017-01-10,1.0,True,112,SEMANTICALLY_IDENTICAL_IMPLEMENTATION_TRANSITION,YES_SAME_A2R_ECONOMIC_FAMILY,CONTINUE,NO
2017-01-12,GLOBAL_WATER,LIST-FC11036191168002,LIST-D8FFDF488EC49B5D,FR0010527275,WATL,A2R_CANONICAL_SELECTION,False,,,False,112,PRICE_NOT_AVAILABLE,YES_SAME_A2R_ECONOMIC_FAMILY,RESET_OR_ENDPOINT_UNAVAILABLE,NO
2017-01-13,GLOBAL_WATER,LIST-D8FFDF488EC49B5D,LIST-FC11036191168002,IE00B1TXK627,DH2O,A2R_CANONICAL_SELECTION,True,2017-01-12,1.0,False,112,EXACT_PREVIOUS_XLON_SESSION_ENDPOINT,YES_SAME_A2R_ECONOMIC_FAMILY,RESET_OR_ENDPOINT_UNAVAILABLE,NO
2017-01-16,GLOBAL_WATER,LIST-FC11036191168002,LIST-D8FFDF488EC49B5D,FR0010527275,WATL,A2R_CANONICAL_SELECTION,True,2017-01-13,1.0,True,112,SEMANTICALLY_IDENTICAL_IMPLEMENTATION_TRANSITION,YES_SAME_A2R_ECONOMIC_FAMILY,CONTINUE,NO
2017-01-30,GLOBAL_WATER,LIST-D8FFDF488EC49B5D,LIST-FC11036191168002,IE00B1TXK627,DH2O,A2R_CANONICAL_SELECTION,True,2017-01-27,1.0,True,112,SEMANTICALLY_IDENTICAL_IMPLEMENTATION_TRANSITION,YES_SAME_A2R_ECONOMIC_FAMILY,CONTINUE,NO
2017-01-31,GLOBAL_WATER,LIST-FC11036191168002,LIST-D8FFDF488EC49B5D,FR0010527275,WATL,A2R_CANONICAL_SELECTION,False,,,False,112,PRICE_NOT_AVAILABLE,YES_SAME_A2R_ECONOMIC_FAMILY,RESET_OR_ENDPOINT_UNAVAILABLE,NO
2017-02-01,GLOBAL_WATER,LIST-D8FFDF488EC49B5D,LIST-FC11036191168002,IE00B1TXK627,DH2O,A2R_CANONICAL_SELECTION,True,2017-01-31,1.0,False,112,EXACT_PREVIOUS_XLON_SESSION_ENDPOINT,YES_SAME_A2R_ECONOMIC_FAMILY,RESET_OR_ENDPOINT_UNAVAILABLE,NO
2017-02-02,GLOBAL_WATER,LIST-FC11036191168002,LIST-D8FFDF488EC49B5D,FR0010527275,WATL,A2R_CANONICAL_SELECTION,True,2017-02-01,1.0,True,112,SEMANTICALLY_IDENTICAL_IMPLEMENTATION_TRANSITION,YES_SAME_A2R_ECONOMIC_FAMILY,CONTINUE,NO
2017-02-15,GLOBAL_WATER,LIST-D8FFDF488EC49B5D,LIST-FC11036191168002,IE00B1TXK627,DH2O,A2R_CANONICAL_SELECTION,True,2017-02-14,1.0,True,112,SEMANTICALLY_IDENTICAL_IMPLEMENTATION_TRANSITION,YES_SAME_A2R_ECONOMIC_FAMILY,CONTINUE,NO
2017-02-16,GLOBAL_WATER,LIST-FC11036191168002,LIST-D8FFDF488EC49B5D,FR0010527275,WATL,A2R_CANONICAL_SELECTION,True,2017-02-15,1.0,True,112,SEMANTICALLY_IDENTICAL_IMPLEMENTATION_TRANSITION,YES_SAME_A2R_ECONOMIC_FAMILY,CONTINUE,NO
2017-02-23,GLOBAL_WATER,LIST-D8FFDF488EC49B5D,LIST-FC11036191168002,IE00B1TXK627,DH2O,A2R_CANONICAL_SELECTION,True,2017-02-22,1.0,True,112,SEMANTICALLY_IDENTICAL_IMPLEMENTATION_TRANSITION,YES_SAME_A2R_ECONOMIC_FAMILY,CONTINUE,NO
2017-02-24,GLOBAL_WATER,LIST-FC11036191168002,LIST-D8FFDF488EC49B5D,FR0010527275,WATL,A2R_CANONICAL_SELECTION,False,,,False,112,PRICE_NOT_AVAILABLE,YES_SAME_A2R_ECONOMIC_FAMILY,RESET_OR_ENDPOINT_UNAVAILABLE,NO
2017-02-27,GLOBAL_WATER,LIST-D8FFDF488EC49B5D,LIST-FC11036191168002,IE00B1TXK627,DH2O,A2R_CANONICAL_SELECTION,True,2017-02-24,1.0,False,112,EXACT_PREVIOUS_XLON_SESSION_ENDPOINT,YES_SAME_A2R_ECONOMIC_FAMILY,RESET_OR_ENDPOINT_UNAVAILABLE,NO
2017-02-28,GLOBAL_WATER,LIST-FC11036191168002,LIST-D8FFDF488EC49B5D,FR0010527275,WATL,A2R_CANONICAL_SELECTION,True,2017-02-27,1.0,True,112,SEMANTICALLY_IDENTICAL_IMPLEMENTATION_TRANSITION,YES_SAME_A2R_ECONOMIC_FAMILY,CONTINUE,NO
2017-03-03,GLOBAL_WATER,LIST-D8FFDF488EC49B5D,LIST-FC11036191168002,IE00B1TXK627,DH2O,A2R_CANONICAL_SELECTION,True,2017-03-02,1.0,True,112,SEMANTICALLY_IDENTICAL_IMPLEMENTATION_TRANSITION,YES_SAME_A2R_ECONOMIC_FAMILY,CONTINUE,NO
2017-03-07,GLOBAL_WATER,LIST-FC11036191168002,LIST-D8FFDF488EC49B5D,FR0010527275,WATL,A2R_CANONICAL_SELECTION,True,2017-03-06,1.0,True,112,SEMANTICALLY_IDENTICAL_IMPLEMENTATION_TRANSITION,YES_SAME_A2R_ECONOMIC_FAMILY,CONTINUE,NO
2017-03-20,GLOBAL_WATER,LIST-D8FFDF488EC49B5D,LIST-FC11036191168002,IE00B1TXK627,DH2O,A2R_CANONICAL_SELECTION,True,2017-03-17,1.0,True,112,SEMANTICALLY_IDENTICAL_IMPLEMENTATION_TRANSITION,YES_SAME_A2R_ECONOMIC_FAMILY,CONTINUE,NO
2017-03-21,GLOBAL_WATER,LIST-FC11036191168002,LIST-D8FFDF488EC49B5D,FR0010527275,WATL,A2R_CANONICAL_SELECTION,False,,,False,112,PRICE_NOT_AVAILABLE,YES_SAME_A2R_ECONOMIC_FAMILY,RESET_OR_ENDPOINT_UNAVAILABLE,NO
2017-03-22,GLOBAL_WATER,LIST-D8FFDF488EC49B5D,LIST-FC11036191168002,IE00B1TXK627,DH2O,A2R_CANONICAL_SELECTION,True,2017-03-21,1.0,False,112,EXACT_PREVIOUS_XLON_SESSION_ENDPOINT,YES_SAME_A2R_ECONOMIC_FAMILY,RESET_OR_ENDPOINT_UNAVAILABLE,NO
2017-03-23,GLOBAL_WATER,LIST-FC11036191168002,LIST-D8FFDF488EC49B5D,FR0010527275,WATL,A2R_CANONICAL_SELECTION,True,2017-03-22,1.0,True,112,SEMANTICALLY_IDENTICAL_IMPLEMENTATION_TRANSITION,YES_SAME_A2R_ECONOMIC_FAMILY,CONTINUE,NO
2017-03-27,GLOBAL_WATER,LIST-D8FFDF488EC49B5D,LIST-FC11036191168002,IE00B1TXK627,DH2O,A2R_CANONICAL_SELECTION,True,2017-03-24,1.0,True,112,SEMANTICALLY_IDENTICAL_IMPLEMENTATION_TRANSITION,YES_SAME_A2R_ECONOMIC_FAMILY,CONTINUE,NO
2017-03-29,GLOBAL_WATER,LIST-FC11036191168002,LIST-D8FFDF488EC49B5D,FR0010527275,WATL,A2R_CANONICAL_SELECTION,True,2017-03-28,1.0,True,112,SEMANTICALLY_IDENTICAL_IMPLEMENTATION_TRANSITION,YES_SAME_A2R_ECONOMIC_FAMILY,CONTINUE,NO
2017-04-21,GLOBAL_WATER,LIST-D8FFDF488EC49B5D,LIST-FC11036191168002,IE00B1TXK627,DH2O,A2R_CANONICAL_SELECTION,True,2017-04-20,1.0,True,112,SEMANTICALLY_IDENTICAL_IMPLEMENTATION_TRANSITION,YES_SAME_A2R_ECONOMIC_FAMILY,CONTINUE,NO
2017-04-24,GLOBAL_WATER,LIST-FC11036191168002,LIST-D8FFDF488EC49B5D,FR0010527275,WATL,A2R_CANONICAL_SELECTION,True,2017-04-21,1.0,True,112,SEMANTICALLY_IDENTICAL_IMPLEMENTATION_TRANSITION,YES_SAME_A2R_ECONOMIC_FAMILY,CONTINUE,NO
2017-04-26,GLOBAL_WATER,LIST-D8FFDF488EC49B5D,LIST-FC11036191168002,IE00B1TXK627,DH2O,A2R_CANONICAL_SELECTION,True,2017-04-25,1.0,True,112,SEMANTICALLY_IDENTICAL_IMPLEMENTATION_TRANSITION,YES_SAME_A2R_ECONOMIC_FAMILY,CONTINUE,NO
2017-04-27,GLOBAL_WATER,LIST-FC11036191168002,LIST-D8FFDF488EC49B5D,FR0010527275,WATL,A2R_CANONICAL_SELECTION,True,2017-04-26,1.0,True,112,SEMANTICALLY_IDENTICAL_IMPLEMENTATION_TRANSITION,YES_SAME_A2R_ECONOMIC_FAMILY,CONTINUE,NO
2017-05-30,GLOBAL_WATER,LIST-D8FFDF488EC49B5D,LIST-FC11036191168002,IE00B1TXK627,DH2O,A2R_CANONICAL_SELECTION,True,2017-05-26,1.0,True,112,SEMANTICALLY_IDENTICAL_IMPLEMENTATION_TRANSITION,YES_SAME_A2R_ECONOMIC_FAMILY,CONTINUE,NO
2017-05-31,GLOBAL_WATER,LIST-FC11036191168002,LIST-D8FFDF488EC49B5D,FR0010527275,WATL,A2R_CANONICAL_SELECTION,False,,,False,112,PRICE_NOT_AVAILABLE,YES_SAME_A2R_ECONOMIC_FAMILY,RESET_OR_ENDPOINT_UNAVAILABLE,NO
2017-06-01,GLOBAL_WATER,LIST-D8FFDF488EC49B5D,LIST-FC11036191168002,IE00B1TXK627,DH2O,A2R_CANONICAL_SELECTION,True,2017-05-31,1.0,False,112,EXACT_PREVIOUS_XLON_SESSION_ENDPOINT,YES_SAME_A2R_ECONOMIC_FAMILY,RESET_OR_ENDPOINT_UNAVAILABLE,NO
2017-06-02,GLOBAL_WATER,LIST-FC11036191168002,LIST-D8FFDF488EC49B5D,FR0010527275,WATL,A2R_CANONICAL_SELECTION,False,,,False,112,PRICE_NOT_AVAILABLE,YES_SAME_A2R_ECONOMIC_FAMILY,RESET_OR_ENDPOINT_UNAVAILABLE,NO
2017-06-05,GLOBAL_WATER,LIST-D8FFDF488EC49B5D,LIST-FC11036191168002,IE00B1TXK627,DH2O,A2R_CANONICAL_SELECTION,True,2017-06-02,1.0,False,112,EXACT_PREVIOUS_XLON_SESSION_ENDPOINT,YES_SAME_A2R_ECONOMIC_FAMILY,RESET_OR_ENDPOINT_UNAVAILABLE,NO
2017-06-07,GLOBAL_WATER,LIST-FC11036191168002,LIST-D8FFDF488EC49B5D,FR0010527275,WATL,A2R_CANONICAL_SELECTION,False,,,False,112,PRICE_NOT_AVAILABLE,YES_SAME_A2R_ECONOMIC_FAMILY,RESET_OR_ENDPOINT_UNAVAILABLE,NO
2017-06-08,GLOBAL_WATER,LIST-D8FFDF488EC49B5D,LIST-FC11036191168002,IE00B1TXK627,DH2O,A2R_CANONICAL_SELECTION,True,2017-06-07,1.0,False,112,EXACT_PREVIOUS_XLON_SESSION_ENDPOINT,YES_SAME_A2R_ECONOMIC_FAMILY,RESET_OR_ENDPOINT_UNAVAILABLE,NO
2017-06-09,GLOBAL_WATER,LIST-FC11036191168002,LIST-D8FFDF488EC49B5D,FR0010527275,WATL,A2R_CANONICAL_SELECTION,False,,,False,112,PRICE_NOT_AVAILABLE,YES_SAME_A2R_ECONOMIC_FAMILY,RESET_OR_ENDPOINT_UNAVAILABLE,NO
2017-06-12,GLOBAL_WATER,LIST-D8FFDF488EC49B5D,LIST-FC11036191168002,IE00B1TXK627,DH2O,A2R_CANONICAL_SELECTION,True,2017-06-09,1.0,False,112,EXACT_PREVIOUS_XLON_SESSION_ENDPOINT,YES_SAME_A2R_ECONOMIC_FAMILY,RESET_OR_ENDPOINT_UNAVAILABLE,NO
2017-06-13,GLOBAL_WATER,LIST-FC11036191168002,LIST-D8FFDF488EC49B5D,FR0010527275,WATL,A2R_CANONICAL_SELECTION,True,2017-06-12,1.0,True,112,SEMANTICALLY_IDENTICAL_IMPLEMENTATION_TRANSITION,YES_SAME_A2R_ECONOMIC_FAMILY,CONTINUE,NO
2017-06-20,GLOBAL_WATER,LIST-D8FFDF488EC49B5D,LIST-FC11036191168002,IE00B1TXK627,DH2O,A2R_CANONICAL_SELECTION,True,2017-06-19,1.0,True,112,SEMANTICALLY_IDENTICAL_IMPLEMENTATION_TRANSITION,YES_SAME_A2R_ECONOMIC_FAMILY,CONTINUE,NO
2017-06-21,GLOBAL_WATER,LIST-FC11036191168002,LIST-D8FFDF488EC49B5D,FR0010527275,WATL,A2R_CANONICAL_SELECTION,True,2017-06-20,1.0,True,112,SEMANTICALLY_IDENTICAL_IMPLEMENTATION_TRANSITION,YES_SAME_A2R_ECONOMIC_FAMILY,CONTINUE,NO
2017-07-07,GLOBAL_WATER,LIST-D8FFDF488EC49B5D,LIST-FC11036191168002,IE00B1TXK627,DH2O,A2R_CANONICAL_SELECTION,True,2017-07-06,1.0,True,112,SEMANTICALLY_IDENTICAL_IMPLEMENTATION_TRANSITION,YES_SAME_A2R_ECONOMIC_FAMILY,CONTINUE,NO
2017-07-10,GLOBAL_WATER,LIST-FC11036191168002,LIST-D8FFDF488EC49B5D,FR0010527275,WATL,A2R_CANONICAL_SELECTION,True,2017-07-07,1.0,True,112,SEMANTICALLY_IDENTICAL_IMPLEMENTATION_TRANSITION,YES_SAME_A2R_ECONOMIC_FAMILY,CONTINUE,NO
2017-08-09,GLOBAL_WATER,LIST-D8FFDF488EC49B5D,LIST-FC11036191168002,IE00B1TXK627,DH2O,A2R_CANONICAL_SELECTION,True,2017-08-08,1.0,True,112,SEMANTICALLY_IDENTICAL_IMPLEMENTATION_TRANSITION,YES_SAME_A2R_ECONOMIC_FAMILY,CONTINUE,NO
2017-08-10,GLOBAL_WATER,LIST-FC11036191168002,LIST-D8FFDF488EC49B5D,FR0010527275,WATL,A2R_CANONICAL_SELECTION,True,2017-08-09,1.0,True,112,SEMANTICALLY_IDENTICAL_IMPLEMENTATION_TRANSITION,YES_SAME_A2R_ECONOMIC_FAMILY,CONTINUE,NO
2017-08-16,GLOBAL_WATER,LIST-D8FFDF488EC49B5D,LIST-FC11036191168002,IE00B1TXK627,DH2O,A2R_CANONICAL_SELECTION,True,2017-08-15,1.0,True,112,SEMANTICALLY_IDENTICAL_IMPLEMENTATION_TRANSITION,YES_SAME_A2R_ECONOMIC_FAMILY,CONTINUE,NO
2017-08-17,GLOBAL_WATER,LIST-FC11036191168002,LIST-D8FFDF488EC49B5D,FR0010527275,WATL,A2R_CANONICAL_SELECTION,True,2017-08-16,1.0,True,112,SEMANTICALLY_IDENTICAL_IMPLEMENTATION_TRANSITION,YES_SAME_A2R_ECONOMIC_FAMILY,CONTINUE,NO
2017-10-25,GLOBAL_WATER,LIST-D8FFDF488EC49B5D,LIST-FC11036191168002,IE00B1TXK627,DH2O,A2R_CANONICAL_SELECTION,True,2017-10-24,1.0,True,112,SEMANTICALLY_IDENTICAL_IMPLEMENTATION_TRANSITION,YES_SAME_A2R_ECONOMIC_FAMILY,CONTINUE,NO
2017-10-26,GLOBAL_WATER,LIST-FC11036191168002,LIST-D8FFDF488EC49B5D,FR0010527275,WATL,A2R_CANONICAL_SELECTION,True,2017-10-25,1.0,True,112,SEMANTICALLY_IDENTICAL_IMPLEMENTATION_TRANSITION,YES_SAME_A2R_ECONOMIC_FAMILY,CONTINUE,NO
2017-11-23,GLOBAL_WATER,LIST-D8FFDF488EC49B5D,LIST-FC11036191168002,IE00B1TXK627,DH2O,A2R_CANONICAL_SELECTION,True,2017-11-22,1.0,True,112,SEMANTICALLY_IDENTICAL_IMPLEMENTATION_TRANSITION,YES_SAME_A2R_ECONOMIC_FAMILY,CONTINUE,NO
2017-11-24,GLOBAL_WATER,LIST-FC11036191168002,LIST-D8FFDF488EC49B5D,FR0010527275,WATL,A2R_CANONICAL_SELECTION,False,,,False,112,PRICE_NOT_AVAILABLE,YES_SAME_A2R_ECONOMIC_FAMILY,RESET_OR_ENDPOINT_UNAVAILABLE,NO
2017-11-27,GLOBAL_WATER,LIST-D8FFDF488EC49B5D,LIST-FC11036191168002,IE00B1TXK627,DH2O,A2R_CANONICAL_SELECTION,True,2017-11-24,1.0,False,112,EXACT_PREVIOUS_XLON_SESSION_ENDPOINT,YES_SAME_A2R_ECONOMIC_FAMILY,RESET_OR_ENDPOINT_UNAVAILABLE,NO
2017-11-28,GLOBAL_WATER,LIST-FC11036191168002,LIST-D8FFDF488EC49B5D,FR0010527275,WATL,A2R_CANONICAL_SELECTION,True,2017-11-27,1.0,True,112,SEMANTICALLY_IDENTICAL_IMPLEMENTATION_TRANSITION,YES_SAME_A2R_ECONOMIC_FAMILY,CONTINUE,NO
2017-12-21,GLOBAL_WATER,LIST-D8FFDF488EC49B5D,LIST-FC11036191168002,IE00B1TXK627,DH2O,A2R_CANONICAL_SELECTION,True,2017-12-20,1.0,True,112,SEMANTICALLY_IDENTICAL_IMPLEMENTATION_TRANSITION,YES_SAME_A2R_ECONOMIC_FAMILY,CONTINUE,NO
2017-12-28,GLOBAL_WATER,LIST-FC11036191168002,LIST-D8FFDF488EC49B5D,FR0010527275,WATL,A2R_CANONICAL_SELECTION,False,,,False,112,PRICE_NOT_AVAILABLE,YES_SAME_A2R_ECONOMIC_FAMILY,RESET_OR_ENDPOINT_UNAVAILABLE,NO
2017-12-29,GLOBAL_WATER,LIST-D8FFDF488EC49B5D,LIST-FC11036191168002,IE00B1TXK627,DH2O,A2R_CANONICAL_SELECTION,True,2017-12-28,1.0,False,112,EXACT_PREVIOUS_XLON_SESSION_ENDPOINT,YES_SAME_A2R_ECONOMIC_FAMILY,RESET_OR_ENDPOINT_UNAVAILABLE,NO
2018-01-03,GLOBAL_WATER,LIST-FC11036191168002,LIST-D8FFDF488EC49B5D,FR0010527275,WATL,A2R_CANONICAL_SELECTION,True,2018-01-02,1.0,True,112,SEMANTICALLY_IDENTICAL_IMPLEMENTATION_TRANSITION,YES_SAME_A2R_ECONOMIC_FAMILY,CONTINUE,NO
2018-01-16,GLOBAL_WATER,LIST-D8FFDF488EC49B5D,LIST-FC11036191168002,IE00B1TXK627,DH2O,A2R_CANONICAL_SELECTION,True,2018-01-15,1.0,True,112,SEMANTICALLY_IDENTICAL_IMPLEMENTATION_TRANSITION,YES_SAME_A2R_ECONOMIC_FAMILY,CONTINUE,NO
2018-01-17,GLOBAL_WATER,LIST-FC11036191168002,LIST-D8FFDF488EC49B5D,FR0010527275,WATL,A2R_CANONICAL_SELECTION,True,2018-01-16,1.0,True,112,SEMANTICALLY_IDENTICAL_IMPLEMENTATION_TRANSITION,YES_SAME_A2R_ECONOMIC_FAMILY,CONTINUE,NO
2018-01-31,GLOBAL_WATER,LIST-D8FFDF488EC49B5D,LIST-FC11036191168002,IE00B1TXK627,DH2O,A2R_CANONICAL_SELECTION,True,2018-01-30,1.0,True,112,SEMANTICALLY_IDENTICAL_IMPLEMENTATION_TRANSITION,YES_SAME_A2R_ECONOMIC_FAMILY,CONTINUE,NO
2018-02-01,GLOBAL_WATER,LIST-FC11036191168002,LIST-D8FFDF488EC49B5D,FR0010527275,WATL,A2R_CANONICAL_SELECTION,True,2018-01-31,1.0,True,112,SEMANTICALLY_IDENTICAL_IMPLEMENTATION_TRANSITION,YES_SAME_A2R_ECONOMIC_FAMILY,CONTINUE,NO
2018-02-16,GLOBAL_WATER,LIST-D8FFDF488EC49B5D,LIST-FC11036191168002,IE00B1TXK627,DH2O,A2R_CANONICAL_SELECTION,True,2018-02-15,1.0,True,112,SEMANTICALLY_IDENTICAL_IMPLEMENTATION_TRANSITION,YES_SAME_A2R_ECONOMIC_FAMILY,CONTINUE,NO
2018-02-19,GLOBAL_WATER,LIST-FC11036191168002,LIST-D8FFDF488EC49B5D,FR0010527275,WATL,A2R_CANONICAL_SELECTION,True,2018-02-16,1.0,True,112,SEMANTICALLY_IDENTICAL_IMPLEMENTATION_TRANSITION,YES_SAME_A2R_ECONOMIC_FAMILY,CONTINUE,NO
2018-02-22,GLOBAL_WATER,LIST-D8FFDF488EC49B5D,LIST-FC11036191168002,IE00B1TXK627,DH2O,A2R_CANONICAL_SELECTION,True,2018-02-21,1.0,True,112,SEMANTICALLY_IDENTICAL_IMPLEMENTATION_TRANSITION,YES_SAME_A2R_ECONOMIC_FAMILY,CONTINUE,NO
2018-02-26,GLOBAL_WATER,LIST-FC11036191168002,LIST-D8FFDF488EC49B5D,FR0010527275,WATL,A2R_CANONICAL_SELECTION,True,2018-02-23,1.0,True,112,SEMANTICALLY_IDENTICAL_IMPLEMENTATION_TRANSITION,YES_SAME_A2R_ECONOMIC_FAMILY,CONTINUE,NO
2018-02-28,GLOBAL_WATER,LIST-D8FFDF488EC49B5D,LIST-FC11036191168002,IE00B1TXK627,DH2O,A2R_CANONICAL_SELECTION,True,2018-02-27,1.0,True,112,SEMANTICALLY_IDENTICAL_IMPLEMENTATION_TRANSITION,YES_SAME_A2R_ECONOMIC_FAMILY,CONTINUE,NO
2018-03-02,GLOBAL_WATER,LIST-FC11036191168002,LIST-D8FFDF488EC49B5D,FR0010527275,WATL,A2R_CANONICAL_SELECTION,True,2018-03-01,1.0,True,112,SEMANTICALLY_IDENTICAL_IMPLEMENTATION_TRANSITION,YES_SAME_A2R_ECONOMIC_FAMILY,CONTINUE,NO
2018-03-12,GLOBAL_WATER,LIST-D8FFDF488EC49B5D,LIST-FC11036191168002,IE00B1TXK627,DH2O,A2R_CANONICAL_SELECTION,True,2018-03-09,1.0,True,112,SEMANTICALLY_IDENTICAL_IMPLEMENTATION_TRANSITION,YES_SAME_A2R_ECONOMIC_FAMILY,CONTINUE,NO
2018-03-13,GLOBAL_WATER,LIST-FC11036191168002,LIST-D8FFDF488EC49B5D,FR0010527275,WATL,A2R_CANONICAL_SELECTION,False,,,False,112,PRICE_NOT_AVAILABLE,YES_SAME_A2R_ECONOMIC_FAMILY,RESET_OR_ENDPOINT_UNAVAILABLE,NO
2018-03-14,GLOBAL_WATER,LIST-D8FFDF488EC49B5D,LIST-FC11036191168002,IE00B1TXK627,DH2O,A2R_CANONICAL_SELECTION,True,2018-03-13,1.0,False,112,EXACT_PREVIOUS_XLON_SESSION_ENDPOINT,YES_SAME_A2R_ECONOMIC_FAMILY,RESET_OR_ENDPOINT_UNAVAILABLE,NO
2018-03-15,GLOBAL_WATER,LIST-FC11036191168002,LIST-D8FFDF488EC49B5D,FR0010527275,WATL,A2R_CANONICAL_SELECTION,True,2018-03-14,1.0,True,112,SEMANTICALLY_IDENTICAL_IMPLEMENTATION_TRANSITION,YES_SAME_A2R_ECONOMIC_FAMILY,CONTINUE,NO
2018-03-22,GLOBAL_WATER,LIST-D8FFDF488EC49B5D,LIST-FC11036191168002,IE00B1TXK627,DH2O,A2R_CANONICAL_SELECTION,True,2018-03-21,1.0,True,112,SEMANTICALLY_IDENTICAL_IMPLEMENTATION_TRANSITION,YES_SAME_A2R_ECONOMIC_FAMILY,CONTINUE,NO
2018-03-23,GLOBAL_WATER,LIST-FC11036191168002,LIST-D8FFDF488EC49B5D,FR0010527275,WATL,A2R_CANONICAL_SELECTION,True,2018-03-22,1.0,True,112,SEMANTICALLY_IDENTICAL_IMPLEMENTATION_TRANSITION,YES_SAME_A2R_ECONOMIC_FAMILY,CONTINUE,NO
2018-03-28,GLOBAL_WATER,LIST-D8FFDF488EC49B5D,LIST-FC11036191168002,IE00B1TXK627,DH2O,A2R_CANONICAL_SELECTION,True,2018-03-27,1.0,True,112,SEMANTICALLY_IDENTICAL_IMPLEMENTATION_TRANSITION,YES_SAME_A2R_ECONOMIC_FAMILY,CONTINUE,NO
2018-04-03,GLOBAL_WATER,LIST-FC11036191168002,LIST-D8FFDF488EC49B5D,FR0010527275,WATL,A2R_CANONICAL_SELECTION,True,2018-03-29,1.0,True,112,SEMANTICALLY_IDENTICAL_IMPLEMENTATION_TRANSITION,YES_SAME_A2R_ECONOMIC_FAMILY,CONTINUE,NO
2018-04-11,GLOBAL_WATER,LIST-D8FFDF488EC49B5D,LIST-FC11036191168002,IE00B1TXK627,DH2O,A2R_CANONICAL_SELECTION,True,2018-04-10,1.0,True,112,SEMANTICALLY_IDENTICAL_IMPLEMENTATION_TRANSITION,YES_SAME_A2R_ECONOMIC_FAMILY,CONTINUE,NO
2018-04-12,GLOBAL_WATER,LIST-FC11036191168002,LIST-D8FFDF488EC49B5D,FR0010527275,WATL,A2R_CANONICAL_SELECTION,False,,,False,112,PRICE_NOT_AVAILABLE,YES_SAME_A2R_ECONOMIC_FAMILY,RESET_OR_ENDPOINT_UNAVAILABLE,NO
2018-04-13,GLOBAL_WATER,LIST-D8FFDF488EC49B5D,LIST-FC11036191168002,IE00B1TXK627,DH2O,A2R_CANONICAL_SELECTION,True,2018-04-12,1.0,False,112,EXACT_PREVIOUS_XLON_SESSION_ENDPOINT,YES_SAME_A2R_ECONOMIC_FAMILY,RESET_OR_ENDPOINT_UNAVAILABLE,NO
2018-04-18,GLOBAL_WATER,LIST-FC11036191168002,LIST-D8FFDF488EC49B5D,FR0010527275,WATL,A2R_CANONICAL_SELECTION,False,,,False,112,PRICE_NOT_AVAILABLE,YES_SAME_A2R_ECONOMIC_FAMILY,RESET_OR_ENDPOINT_UNAVAILABLE,NO
2018-04-19,GLOBAL_WATER,LIST-D8FFDF488EC49B5D,LIST-FC11036191168002,IE00B1TXK627,DH2O,A2R_CANONICAL_SELECTION,True,2018-04-18,1.0,False,112,EXACT_PREVIOUS_XLON_SESSION_ENDPOINT,YES_SAME_A2R_ECONOMIC_FAMILY,RESET_OR_ENDPOINT_UNAVAILABLE,NO
2018-04-20,GLOBAL_WATER,LIST-FC11036191168002,LIST-D8FFDF488EC49B5D,FR0010527275,WATL,A2R_CANONICAL_SELECTION,False,,,False,112,PRICE_NOT_AVAILABLE,YES_SAME_A2R_ECONOMIC_FAMILY,RESET_OR_ENDPOINT_UNAVAILABLE,NO
2018-04-23,GLOBAL_WATER,LIST-D8FFDF488EC49B5D,LIST-FC11036191168002,IE00B1TXK627,DH2O,A2R_CANONICAL_SELECTION,True,2018-04-20,1.0,False,112,EXACT_PREVIOUS_XLON_SESSION_ENDPOINT,YES_SAME_A2R_ECONOMIC_FAMILY,RESET_OR_ENDPOINT_UNAVAILABLE,NO
2018-04-24,GLOBAL_WATER,LIST-FC11036191168002,LIST-D8FFDF488EC49B5D,FR0010527275,WATL,A2R_CANONICAL_SELECTION,True,2018-04-23,1.0,True,112,SEMANTICALLY_IDENTICAL_IMPLEMENTATION_TRANSITION,YES_SAME_A2R_ECONOMIC_FAMILY,CONTINUE,NO
2018-04-26,GLOBAL_WATER,LIST-D8FFDF488EC49B5D,LIST-FC11036191168002,IE00B1TXK627,DH2O,A2R_CANONICAL_SELECTION,True,2018-04-25,1.0,True,112,SEMANTICALLY_IDENTICAL_IMPLEMENTATION_TRANSITION,YES_SAME_A2R_ECONOMIC_FAMILY,CONTINUE,NO
2018-04-30,GLOBAL_WATER,LIST-FC11036191168002,LIST-D8FFDF488EC49B5D,FR0010527275,WATL,A2R_CANONICAL_SELECTION,True,2018-04-27,1.0,True,112,SEMANTICALLY_IDENTICAL_IMPLEMENTATION_TRANSITION,YES_SAME_A2R_ECONOMIC_FAMILY,CONTINUE,NO
2018-05-10,GLOBAL_WATER,LIST-D8FFDF488EC49B5D,LIST-FC11036191168002,IE00B1TXK627,DH2O,A2R_CANONICAL_SELECTION,True,2018-05-09,1.0,True,112,SEMANTICALLY_IDENTICAL_IMPLEMENTATION_TRANSITION,YES_SAME_A2R_ECONOMIC_FAMILY,CONTINUE,NO
2018-05-11,GLOBAL_WATER,LIST-FC11036191168002,LIST-D8FFDF488EC49B5D,FR0010527275,WATL,A2R_CANONICAL_SELECTION,True,2018-05-10,1.0,True,112,SEMANTICALLY_IDENTICAL_IMPLEMENTATION_TRANSITION,YES_SAME_A2R_ECONOMIC_FAMILY,CONTINUE,NO
2018-05-17,GLOBAL_WATER,LIST-D8FFDF488EC49B5D,LIST-FC11036191168002,IE00B1TXK627,DH2O,A2R_CANONICAL_SELECTION,True,2018-05-16,1.0,True,112,SEMANTICALLY_IDENTICAL_IMPLEMENTATION_TRANSITION,YES_SAME_A2R_ECONOMIC_FAMILY,CONTINUE,NO
2018-05-18,GLOBAL_WATER,LIST-FC11036191168002,LIST-D8FFDF488EC49B5D,FR0010527275,WATL,A2R_CANONICAL_SELECTION,False,,,False,112,PRICE_NOT_AVAILABLE,YES_SAME_A2R_ECONOMIC_FAMILY,RESET_OR_ENDPOINT_UNAVAILABLE,NO
2018-05-21,GLOBAL_WATER,LIST-D8FFDF488EC49B5D,LIST-FC11036191168002,IE00B1TXK627,DH2O,A2R_CANONICAL_SELECTION,True,2018-05-18,1.0,False,112,EXACT_PREVIOUS_XLON_SESSION_ENDPOINT,YES_SAME_A2R_ECONOMIC_FAMILY,RESET_OR_ENDPOINT_UNAVAILABLE,NO
2018-05-23,GLOBAL_WATER,LIST-FC11036191168002,LIST-D8FFDF488EC49B5D,FR0010527275,WATL,A2R_CANONICAL_SELECTION,True,2018-05-22,1.0,True,112,SEMANTICALLY_IDENTICAL_IMPLEMENTATION_TRANSITION,YES_SAME_A2R_ECONOMIC_FAMILY,CONTINUE,NO
2018-05-25,GLOBAL_WATER,LIST-D8FFDF488EC49B5D,LIST-FC11036191168002,IE00B1TXK627,DH2O,A2R_CANONICAL_SELECTION,True,2018-05-24,1.0,True,112,SEMANTICALLY_IDENTICAL_IMPLEMENTATION_TRANSITION,YES_SAME_A2R_ECONOMIC_FAMILY,CONTINUE,NO
2018-05-30,GLOBAL_WATER,LIST-FC11036191168002,LIST-D8FFDF488EC49B5D,FR0010527275,WATL,A2R_CANONICAL_SELECTION,False,,,False,112,PRICE_NOT_AVAILABLE,YES_SAME_A2R_ECONOMIC_FAMILY,RESET_OR_ENDPOINT_UNAVAILABLE,NO
2018-05-31,GLOBAL_WATER,LIST-D8FFDF488EC49B5D,LIST-FC11036191168002,IE00B1TXK627,DH2O,A2R_CANONICAL_SELECTION,True,2018-05-30,1.0,False,112,EXACT_PREVIOUS_XLON_SESSION_ENDPOINT,YES_SAME_A2R_ECONOMIC_FAMILY,RESET_OR_ENDPOINT_UNAVAILABLE,NO
2018-06-01,GLOBAL_WATER,LIST-FC11036191168002,LIST-D8FFDF488EC49B5D,FR0010527275,WATL,A2R_CANONICAL_SELECTION,True,2018-05-31,1.0,True,112,SEMANTICALLY_IDENTICAL_IMPLEMENTATION_TRANSITION,YES_SAME_A2R_ECONOMIC_FAMILY,CONTINUE,NO
2018-06-18,GLOBAL_WATER,LIST-D8FFDF488EC49B5D,LIST-FC11036191168002,IE00B1TXK627,DH2O,A2R_CANONICAL_SELECTION,True,2018-06-15,1.0,True,112,SEMANTICALLY_IDENTICAL_IMPLEMENTATION_TRANSITION,YES_SAME_A2R_ECONOMIC_FAMILY,CONTINUE,NO
2018-06-19,GLOBAL_WATER,LIST-FC11036191168002,LIST-D8FFDF488EC49B5D,FR0010527275,WATL,A2R_CANONICAL_SELECTION,True,2018-06-18,1.0,True,112,SEMANTICALLY_IDENTICAL_IMPLEMENTATION_TRANSITION,YES_SAME_A2R_ECONOMIC_FAMILY,CONTINUE,NO
2018-06-21,GLOBAL_WATER,LIST-D8FFDF488EC49B5D,LIST-FC11036191168002,IE00B1TXK627,DH2O,A2R_CANONICAL_SELECTION,True,2018-06-20,1.0,True,112,SEMANTICALLY_IDENTICAL_IMPLEMENTATION_TRANSITION,YES_SAME_A2R_ECONOMIC_FAMILY,CONTINUE,NO
2018-06-25,GLOBAL_WATER,LIST-FC11036191168002,LIST-D8FFDF488EC49B5D,FR0010527275,WATL,A2R_CANONICAL_SELECTION,True,2018-06-22,1.0,True,112,SEMANTICALLY_IDENTICAL_IMPLEMENTATION_TRANSITION,YES_SAME_A2R_ECONOMIC_FAMILY,CONTINUE,NO
2018-06-27,GLOBAL_WATER,LIST-D8FFDF488EC49B5D,LIST-FC11036191168002,IE00B1TXK627,DH2O,A2R_CANONICAL_SELECTION,True,2018-06-26,1.0,True,112,SEMANTICALLY_IDENTICAL_IMPLEMENTATION_TRANSITION,YES_SAME_A2R_ECONOMIC_FAMILY,CONTINUE,NO
2018-06-29,GLOBAL_WATER,LIST-FC11036191168002,LIST-D8FFDF488EC49B5D,FR0010527275,WATL,A2R_CANONICAL_SELECTION,False,,,False,112,PRICE_NOT_AVAILABLE,YES_SAME_A2R_ECONOMIC_FAMILY,RESET_OR_ENDPOINT_UNAVAILABLE,NO
2018-07-02,GLOBAL_WATER,LIST-D8FFDF488EC49B5D,LIST-FC11036191168002,IE00B1TXK627,DH2O,A2R_CANONICAL_SELECTION,True,2018-06-29,1.0,False,112,EXACT_PREVIOUS_XLON_SESSION_ENDPOINT,YES_SAME_A2R_ECONOMIC_FAMILY,RESET_OR_ENDPOINT_UNAVAILABLE,NO
2018-07-03,GLOBAL_WATER,LIST-FC11036191168002,LIST-D8FFDF488EC49B5D,FR0010527275,WATL,A2R_CANONICAL_SELECTION,True,2018-07-02,1.0,True,112,SEMANTICALLY_IDENTICAL_IMPLEMENTATION_TRANSITION,YES_SAME_A2R_ECONOMIC_FAMILY,CONTINUE,NO
2018-07-10,GLOBAL_WATER,LIST-D8FFDF488EC49B5D,LIST-FC11036191168002,IE00B1TXK627,DH2O,A2R_CANONICAL_SELECTION,True,2018-07-09,1.0,True,112,SEMANTICALLY_IDENTICAL_IMPLEMENTATION_TRANSITION,YES_SAME_A2R_ECONOMIC_FAMILY,CONTINUE,NO
2018-07-12,GLOBAL_WATER,LIST-FC11036191168002,LIST-D8FFDF488EC49B5D,FR0010527275,WATL,A2R_CANONICAL_SELECTION,False,,,False,112,PRICE_NOT_AVAILABLE,YES_SAME_A2R_ECONOMIC_FAMILY,RESET_OR_ENDPOINT_UNAVAILABLE,NO
2018-07-13,GLOBAL_WATER,LIST-D8FFDF488EC49B5D,LIST-FC11036191168002,IE00B1TXK627,DH2O,A2R_CANONICAL_SELECTION,True,2018-07-12,1.0,False,112,EXACT_PREVIOUS_XLON_SESSION_ENDPOINT,YES_SAME_A2R_ECONOMIC_FAMILY,RESET_OR_ENDPOINT_UNAVAILABLE,NO
2018-07-18,GLOBAL_WATER,LIST-FC11036191168002,LIST-D8FFDF488EC49B5D,FR0010527275,WATL,A2R_CANONICAL_SELECTION,True,2018-07-17,1.0,True,112,SEMANTICALLY_IDENTICAL_IMPLEMENTATION_TRANSITION,YES_SAME_A2R_ECONOMIC_FAMILY,CONTINUE,NO
2018-07-25,GLOBAL_WATER,LIST-D8FFDF488EC49B5D,LIST-FC11036191168002,IE00B1TXK627,DH2O,A2R_CANONICAL_SELECTION,True,2018-07-24,1.0,True,112,SEMANTICALLY_IDENTICAL_IMPLEMENTATION_TRANSITION,YES_SAME_A2R_ECONOMIC_FAMILY,CONTINUE,NO
2018-07-26,GLOBAL_WATER,LIST-FC11036191168002,LIST-D8FFDF488EC49B5D,FR0010527275,WATL,A2R_CANONICAL_SELECTION,False,,,False,112,PRICE_NOT_AVAILABLE,YES_SAME_A2R_ECONOMIC_FAMILY,RESET_OR_ENDPOINT_UNAVAILABLE,NO
2018-07-27,GLOBAL_WATER,LIST-D8FFDF488EC49B5D,LIST-FC11036191168002,IE00B1TXK627,DH2O,A2R_CANONICAL_SELECTION,True,2018-07-26,1.0,False,112,EXACT_PREVIOUS_XLON_SESSION_ENDPOINT,YES_SAME_A2R_ECONOMIC_FAMILY,RESET_OR_ENDPOINT_UNAVAILABLE,NO
2018-07-30,GLOBAL_WATER,LIST-FC11036191168002,LIST-D8FFDF488EC49B5D,FR0010527275,WATL,A2R_CANONICAL_SELECTION,True,2018-07-27,1.0,True,112,SEMANTICALLY_IDENTICAL_IMPLEMENTATION_TRANSITION,YES_SAME_A2R_ECONOMIC_FAMILY,CONTINUE,NO
2018-08-15,GLOBAL_WATER,LIST-D8FFDF488EC49B5D,LIST-FC11036191168002,IE00B1TXK627,DH2O,A2R_CANONICAL_SELECTION,True,2018-08-14,1.0,True,112,SEMANTICALLY_IDENTICAL_IMPLEMENTATION_TRANSITION,YES_SAME_A2R_ECONOMIC_FAMILY,CONTINUE,NO
2018-08-16,GLOBAL_WATER,LIST-FC11036191168002,LIST-D8FFDF488EC49B5D,FR0010527275,WATL,A2R_CANONICAL_SELECTION,True,2018-08-15,1.0,True,112,SEMANTICALLY_IDENTICAL_IMPLEMENTATION_TRANSITION,YES_SAME_A2R_ECONOMIC_FAMILY,CONTINUE,NO
2018-08-20,GLOBAL_WATER,LIST-D8FFDF488EC49B5D,LIST-FC11036191168002,IE00B1TXK627,DH2O,A2R_CANONICAL_SELECTION,True,2018-08-17,1.0,True,112,SEMANTICALLY_IDENTICAL_IMPLEMENTATION_TRANSITION,YES_SAME_A2R_ECONOMIC_FAMILY,CONTINUE,NO
2018-08-21,GLOBAL_WATER,LIST-FC11036191168002,LIST-D8FFDF488EC49B5D,FR0010527275,WATL,A2R_CANONICAL_SELECTION,True,2018-08-20,1.0,True,112,SEMANTICALLY_IDENTICAL_IMPLEMENTATION_TRANSITION,YES_SAME_A2R_ECONOMIC_FAMILY,CONTINUE,NO
2018-08-23,GLOBAL_WATER,LIST-D8FFDF488EC49B5D,LIST-FC11036191168002,IE00B1TXK627,DH2O,A2R_CANONICAL_SELECTION,True,2018-08-22,1.0,True,112,SEMANTICALLY_IDENTICAL_IMPLEMENTATION_TRANSITION,YES_SAME_A2R_ECONOMIC_FAMILY,CONTINUE,NO
2018-08-29,GLOBAL_WATER,LIST-FC11036191168002,LIST-D8FFDF488EC49B5D,FR0010527275,WATL,A2R_CANONICAL_SELECTION,True,2018-08-28,1.0,True,112,SEMANTICALLY_IDENTICAL_IMPLEMENTATION_TRANSITION,YES_SAME_A2R_ECONOMIC_FAMILY,CONTINUE,NO
2018-08-31,GLOBAL_WATER,LIST-D8FFDF488EC49B5D,LIST-FC11036191168002,IE00B1TXK627,DH2O,A2R_CANONICAL_SELECTION,True,2018-08-30,1.0,True,112,SEMANTICALLY_IDENTICAL_IMPLEMENTATION_TRANSITION,YES_SAME_A2R_ECONOMIC_FAMILY,CONTINUE,NO
2018-09-03,GLOBAL_WATER,LIST-FC11036191168002,LIST-D8FFDF488EC49B5D,FR0010527275,WATL,A2R_CANONICAL_SELECTION,True,2018-08-31,1.0,True,112,SEMANTICALLY_IDENTICAL_IMPLEMENTATION_TRANSITION,YES_SAME_A2R_ECONOMIC_FAMILY,CONTINUE,NO
2018-09-13,GLOBAL_WATER,LIST-D8FFDF488EC49B5D,LIST-FC11036191168002,IE00B1TXK627,DH2O,A2R_CANONICAL_SELECTION,True,2018-09-12,1.0,True,112,SEMANTICALLY_IDENTICAL_IMPLEMENTATION_TRANSITION,YES_SAME_A2R_ECONOMIC_FAMILY,CONTINUE,NO
2018-09-14,GLOBAL_WATER,LIST-FC11036191168002,LIST-D8FFDF488EC49B5D,FR0010527275,WATL,A2R_CANONICAL_SELECTION,False,,,False,112,PRICE_NOT_AVAILABLE,YES_SAME_A2R_ECONOMIC_FAMILY,RESET_OR_ENDPOINT_UNAVAILABLE,NO
2018-09-17,GLOBAL_WATER,LIST-D8FFDF488EC49B5D,LIST-FC11036191168002,IE00B1TXK627,DH2O,A2R_CANONICAL_SELECTION,True,2018-09-14,1.0,False,112,EXACT_PREVIOUS_XLON_SESSION_ENDPOINT,YES_SAME_A2R_ECONOMIC_FAMILY,RESET_OR_ENDPOINT_UNAVAILABLE,NO
2018-09-19,GLOBAL_WATER,LIST-FC11036191168002,LIST-D8FFDF488EC49B5D,FR0010527275,WATL,A2R_CANONICAL_SELECTION,True,2018-09-18,1.0,True,112,SEMANTICALLY_IDENTICAL_IMPLEMENTATION_TRANSITION,YES_SAME_A2R_ECONOMIC_FAMILY,CONTINUE,NO
2018-09-21,GLOBAL_WATER,LIST-D8FFDF488EC49B5D,LIST-FC11036191168002,IE00B1TXK627,DH2O,A2R_CANONICAL_SELECTION,True,2018-09-20,1.0,True,112,SEMANTICALLY_IDENTICAL_IMPLEMENTATION_TRANSITION,YES_SAME_A2R_ECONOMIC_FAMILY,CONTINUE,NO
2018-09-26,GLOBAL_WATER,LIST-FC11036191168002,LIST-D8FFDF488EC49B5D,FR0010527275,WATL,A2R_CANONICAL_SELECTION,True,2018-09-25,1.0,True,112,SEMANTICALLY_IDENTICAL_IMPLEMENTATION_TRANSITION,YES_SAME_A2R_ECONOMIC_FAMILY,CONTINUE,NO
2018-09-28,GLOBAL_WATER,LIST-D8FFDF488EC49B5D,LIST-FC11036191168002,IE00B1TXK627,DH2O,A2R_CANONICAL_SELECTION,True,2018-09-27,1.0,True,112,SEMANTICALLY_IDENTICAL_IMPLEMENTATION_TRANSITION,YES_SAME_A2R_ECONOMIC_FAMILY,CONTINUE,NO
2018-10-01,GLOBAL_WATER,LIST-FC11036191168002,LIST-D8FFDF488EC49B5D,FR0010527275,WATL,A2R_CANONICAL_SELECTION,True,2018-09-28,1.0,True,112,SEMANTICALLY_IDENTICAL_IMPLEMENTATION_TRANSITION,YES_SAME_A2R_ECONOMIC_FAMILY,CONTINUE,NO
2018-10-05,GLOBAL_WATER,LIST-D8FFDF488EC49B5D,LIST-FC11036191168002,IE00B1TXK627,DH2O,A2R_CANONICAL_SELECTION,True,2018-10-04,1.0,True,112,SEMANTICALLY_IDENTICAL_IMPLEMENTATION_TRANSITION,YES_SAME_A2R_ECONOMIC_FAMILY,CONTINUE,NO
2018-10-08,GLOBAL_WATER,LIST-FC11036191168002,LIST-D8FFDF488EC49B5D,FR0010527275,WATL,A2R_CANONICAL_SELECTION,True,2018-10-05,1.0,True,112,SEMANTICALLY_IDENTICAL_IMPLEMENTATION_TRANSITION,YES_SAME_A2R_ECONOMIC_FAMILY,CONTINUE,NO
2018-10-10,GLOBAL_WATER,LIST-D8FFDF488EC49B5D,LIST-FC11036191168002,IE00B1TXK627,DH2O,A2R_CANONICAL_SELECTION,True,2018-10-09,1.0,True,112,SEMANTICALLY_IDENTICAL_IMPLEMENTATION_TRANSITION,YES_SAME_A2R_ECONOMIC_FAMILY,CONTINUE,NO
2018-10-11,GLOBAL_WATER,LIST-FC11036191168002,LIST-D8FFDF488EC49B5D,FR0010527275,WATL,A2R_CANONICAL_SELECTION,True,2018-10-10,1.0,True,112,SEMANTICALLY_IDENTICAL_IMPLEMENTATION_TRANSITION,YES_SAME_A2R_ECONOMIC_FAMILY,CONTINUE,NO
2018-10-22,GLOBAL_WATER,LIST-D8FFDF488EC49B5D,LIST-FC11036191168002,IE00B1TXK627,DH2O,A2R_CANONICAL_SELECTION,True,2018-10-19,1.0,True,112,SEMANTICALLY_IDENTICAL_IMPLEMENTATION_TRANSITION,YES_SAME_A2R_ECONOMIC_FAMILY,CONTINUE,NO
2018-10-23,GLOBAL_WATER,LIST-FC11036191168002,LIST-D8FFDF488EC49B5D,FR0010527275,WATL,A2R_CANONICAL_SELECTION,True,2018-10-22,1.0,True,112,SEMANTICALLY_IDENTICAL_IMPLEMENTATION_TRANSITION,YES_SAME_A2R_ECONOMIC_FAMILY,CONTINUE,NO
2018-10-29,GLOBAL_WATER,LIST-D8FFDF488EC49B5D,LIST-FC11036191168002,IE00B1TXK627,DH2O,A2R_CANONICAL_SELECTION,True,2018-10-26,1.0,True,112,SEMANTICALLY_IDENTICAL_IMPLEMENTATION_TRANSITION,YES_SAME_A2R_ECONOMIC_FAMILY,CONTINUE,NO
2018-10-30,GLOBAL_WATER,LIST-FC11036191168002,LIST-D8FFDF488EC49B5D,FR0010527275,WATL,A2R_CANONICAL_SELECTION,True,2018-10-29,1.0,True,112,SEMANTICALLY_IDENTICAL_IMPLEMENTATION_TRANSITION,YES_SAME_A2R_ECONOMIC_FAMILY,CONTINUE,NO
2018-11-09,GLOBAL_WATER,LIST-D8FFDF488EC49B5D,LIST-FC11036191168002,IE00B1TXK627,DH2O,A2R_CANONICAL_SELECTION,True,2018-11-08,1.0,True,112,SEMANTICALLY_IDENTICAL_IMPLEMENTATION_TRANSITION,YES_SAME_A2R_ECONOMIC_FAMILY,CONTINUE,NO
2018-11-12,GLOBAL_WATER,LIST-FC11036191168002,LIST-D8FFDF488EC49B5D,FR0010527275,WATL,A2R_CANONICAL_SELECTION,True,2018-11-09,1.0,True,112,SEMANTICALLY_IDENTICAL_IMPLEMENTATION_TRANSITION,YES_SAME_A2R_ECONOMIC_FAMILY,CONTINUE,NO
2018-11-14,GLOBAL_WATER,LIST-D8FFDF488EC49B5D,LIST-FC11036191168002,IE00B1TXK627,DH2O,A2R_CANONICAL_SELECTION,True,2018-11-13,1.0,True,112,SEMANTICALLY_IDENTICAL_IMPLEMENTATION_TRANSITION,YES_SAME_A2R_ECONOMIC_FAMILY,CONTINUE,NO
2018-11-15,GLOBAL_WATER,LIST-FC11036191168002,LIST-D8FFDF488EC49B5D,FR0010527275,WATL,A2R_CANONICAL_SELECTION,False,,,False,112,PRICE_NOT_AVAILABLE,YES_SAME_A2R_ECONOMIC_FAMILY,RESET_OR_ENDPOINT_UNAVAILABLE,NO
2018-11-16,GLOBAL_WATER,LIST-D8FFDF488EC49B5D,LIST-FC11036191168002,IE00B1TXK627,DH2O,A2R_CANONICAL_SELECTION,True,2018-11-15,1.0,False,112,EXACT_PREVIOUS_XLON_SESSION_ENDPOINT,YES_SAME_A2R_ECONOMIC_FAMILY,RESET_OR_ENDPOINT_UNAVAILABLE,NO
2018-11-19,GLOBAL_WATER,LIST-FC11036191168002,LIST-D8FFDF488EC49B5D,FR0010527275,WATL,A2R_CANONICAL_SELECTION,True,2018-11-16,1.0,True,112,SEMANTICALLY_IDENTICAL_IMPLEMENTATION_TRANSITION,YES_SAME_A2R_ECONOMIC_FAMILY,CONTINUE,NO
2018-11-22,GLOBAL_WATER,LIST-D8FFDF488EC49B5D,LIST-FC11036191168002,IE00B1TXK627,DH2O,A2R_CANONICAL_SELECTION,True,2018-11-21,1.0,True,112,SEMANTICALLY_IDENTICAL_IMPLEMENTATION_TRANSITION,YES_SAME_A2R_ECONOMIC_FAMILY,CONTINUE,NO
2018-11-23,GLOBAL_WATER,LIST-FC11036191168002,LIST-D8FFDF488EC49B5D,FR0010527275,WATL,A2R_CANONICAL_SELECTION,False,,,False,112,PRICE_NOT_AVAILABLE,YES_SAME_A2R_ECONOMIC_FAMILY,RESET_OR_ENDPOINT_UNAVAILABLE,NO
2018-11-26,GLOBAL_WATER,LIST-D8FFDF488EC49B5D,LIST-FC11036191168002,IE00B1TXK627,DH2O,A2R_CANONICAL_SELECTION,True,2018-11-23,1.0,False,112,EXACT_PREVIOUS_XLON_SESSION_ENDPOINT,YES_SAME_A2R_ECONOMIC_FAMILY,RESET_OR_ENDPOINT_UNAVAILABLE,NO
2018-11-28,GLOBAL_WATER,LIST-FC11036191168002,LIST-D8FFDF488EC49B5D,FR0010527275,WATL,A2R_CANONICAL_SELECTION,True,2018-11-27,1.0,True,112,SEMANTICALLY_IDENTICAL_IMPLEMENTATION_TRANSITION,YES_SAME_A2R_ECONOMIC_FAMILY,CONTINUE,NO
2018-12-05,GLOBAL_WATER,LIST-D8FFDF488EC49B5D,LIST-FC11036191168002,IE00B1TXK627,DH2O,A2R_CANONICAL_SELECTION,True,2018-12-04,1.0,True,112,SEMANTICALLY_IDENTICAL_IMPLEMENTATION_TRANSITION,YES_SAME_A2R_ECONOMIC_FAMILY,CONTINUE,NO
2018-12-06,GLOBAL_WATER,LIST-FC11036191168002,LIST-D8FFDF488EC49B5D,FR0010527275,WATL,A2R_CANONICAL_SELECTION,True,2018-12-05,1.0,True,112,SEMANTICALLY_IDENTICAL_IMPLEMENTATION_TRANSITION,YES_SAME_A2R_ECONOMIC_FAMILY,CONTINUE,NO
2018-12-12,GLOBAL_WATER,LIST-D8FFDF488EC49B5D,LIST-FC11036191168002,IE00B1TXK627,DH2O,A2R_CANONICAL_SELECTION,True,2018-12-11,1.0,True,112,SEMANTICALLY_IDENTICAL_IMPLEMENTATION_TRANSITION,YES_SAME_A2R_ECONOMIC_FAMILY,CONTINUE,NO
2018-12-18,GLOBAL_WATER,LIST-FC11036191168002,LIST-D8FFDF488EC49B5D,FR0010527275,WATL,A2R_CANONICAL_SELECTION,True,2018-12-17,1.0,True,112,SEMANTICALLY_IDENTICAL_IMPLEMENTATION_TRANSITION,YES_SAME_A2R_ECONOMIC_FAMILY,CONTINUE,NO
2018-12-20,GLOBAL_WATER,LIST-D8FFDF488EC49B5D,LIST-FC11036191168002,IE00B1TXK627,DH2O,A2R_CANONICAL_SELECTION,True,2018-12-19,1.0,True,112,SEMANTICALLY_IDENTICAL_IMPLEMENTATION_TRANSITION,YES_SAME_A2R_ECONOMIC_FAMILY,CONTINUE,NO
2018-12-21,GLOBAL_WATER,LIST-FC11036191168002,LIST-D8FFDF488EC49B5D,FR0010527275,WATL,A2R_CANONICAL_SELECTION,True,2018-12-20,1.0,True,112,SEMANTICALLY_IDENTICAL_IMPLEMENTATION_TRANSITION,YES_SAME_A2R_ECONOMIC_FAMILY,CONTINUE,NO
2018-12-31,GLOBAL_WATER,LIST-D8FFDF488EC49B5D,LIST-FC11036191168002,IE00B1TXK627,DH2O,A2R_CANONICAL_SELECTION,True,2018-12-28,1.0,True,112,SEMANTICALLY_IDENTICAL_IMPLEMENTATION_TRANSITION,YES_SAME_A2R_ECONOMIC_FAMILY,CONTINUE,NO
2019-01-02,GLOBAL_WATER,LIST-FC11036191168002,LIST-D8FFDF488EC49B5D,FR0010527275,WATL,A2R_CANONICAL_SELECTION,True,2018-12-31,1.0,True,112,SEMANTICALLY_IDENTICAL_IMPLEMENTATION_TRANSITION,YES_SAME_A2R_ECONOMIC_FAMILY,CONTINUE,NO
2019-01-08,GLOBAL_WATER,LIST-D8FFDF488EC49B5D,LIST-FC11036191168002,IE00B1TXK627,DH2O,A2R_CANONICAL_SELECTION,True,2019-01-07,1.0,True,112,SEMANTICALLY_IDENTICAL_IMPLEMENTATION_TRANSITION,YES_SAME_A2R_ECONOMIC_FAMILY,CONTINUE,NO
2019-01-09,GLOBAL_WATER,LIST-FC11036191168002,LIST-D8FFDF488EC49B5D,FR0010527275,WATL,A2R_CANONICAL_SELECTION,False,,,False,112,PRICE_NOT_AVAILABLE,YES_SAME_A2R_ECONOMIC_FAMILY,RESET_OR_ENDPOINT_UNAVAILABLE,NO
2019-01-10,GLOBAL_WATER,LIST-D8FFDF488EC49B5D,LIST-FC11036191168002,IE00B1TXK627,DH2O,A2R_CANONICAL_SELECTION,True,2019-01-09,1.0,False,112,EXACT_PREVIOUS_XLON_SESSION_ENDPOINT,YES_SAME_A2R_ECONOMIC_FAMILY,RESET_OR_ENDPOINT_UNAVAILABLE,NO
2019-01-11,GLOBAL_WATER,LIST-FC11036191168002,LIST-D8FFDF488EC49B5D,FR0010527275,WATL,A2R_CANONICAL_SELECTION,True,2019-01-10,1.0,True,112,SEMANTICALLY_IDENTICAL_IMPLEMENTATION_TRANSITION,YES_SAME_A2R_ECONOMIC_FAMILY,CONTINUE,NO
2019-02-01,GLOBAL_WATER,LIST-D8FFDF488EC49B5D,LIST-FC11036191168002,IE00B1TXK627,DH2O,A2R_CANONICAL_SELECTION,True,2019-01-31,1.0,True,112,SEMANTICALLY_IDENTICAL_IMPLEMENTATION_TRANSITION,YES_SAME_A2R_ECONOMIC_FAMILY,CONTINUE,NO
2019-02-04,GLOBAL_WATER,LIST-FC11036191168002,LIST-D8FFDF488EC49B5D,FR0010527275,WATL,A2R_CANONICAL_SELECTION,True,2019-02-01,1.0,True,112,SEMANTICALLY_IDENTICAL_IMPLEMENTATION_TRANSITION,YES_SAME_A2R_ECONOMIC_FAMILY,CONTINUE,NO
2019-02-27,GLOBAL_WATER,LIST-D8FFDF488EC49B5D,LIST-FC11036191168002,IE00B1TXK627,DH2O,A2R_CANONICAL_SELECTION,True,2019-02-26,1.0,True,112,SEMANTICALLY_IDENTICAL_IMPLEMENTATION_TRANSITION,YES_SAME_A2R_ECONOMIC_FAMILY,CONTINUE,NO
2019-02-28,GLOBAL_WATER,LIST-FC11036191168002,LIST-D8FFDF488EC49B5D,FR0010527275,WATL,A2R_CANONICAL_SELECTION,False,,,False,112,PRICE_NOT_AVAILABLE,YES_SAME_A2R_ECONOMIC_FAMILY,RESET_OR_ENDPOINT_UNAVAILABLE,NO
2019-03-01,GLOBAL_WATER,LIST-D8FFDF488EC49B5D,LIST-FC11036191168002,IE00B1TXK627,DH2O,A2R_CANONICAL_SELECTION,True,2019-02-28,1.0,False,112,EXACT_PREVIOUS_XLON_SESSION_ENDPOINT,YES_SAME_A2R_ECONOMIC_FAMILY,RESET_OR_ENDPOINT_UNAVAILABLE,NO
2019-03-04,GLOBAL_WATER,LIST-FC11036191168002,LIST-D8FFDF488EC49B5D,FR0010527275,WATL,A2R_CANONICAL_SELECTION,True,2019-03-01,1.0,True,112,SEMANTICALLY_IDENTICAL_IMPLEMENTATION_TRANSITION,YES_SAME_A2R_ECONOMIC_FAMILY,CONTINUE,NO
2019-05-22,GLOBAL_WATER,LIST-D8FFDF488EC49B5D,LIST-FC11036191168002,IE00B1TXK627,DH2O,A2R_CANONICAL_SELECTION,True,2019-05-21,1.0,True,112,SEMANTICALLY_IDENTICAL_IMPLEMENTATION_TRANSITION,YES_SAME_A2R_ECONOMIC_FAMILY,CONTINUE,NO
2019-05-23,GLOBAL_WATER,LIST-FC11036191168002,LIST-D8FFDF488EC49B5D,FR0010527275,WATL,A2R_CANONICAL_SELECTION,True,2019-05-22,1.0,True,112,SEMANTICALLY_IDENTICAL_IMPLEMENTATION_TRANSITION,YES_SAME_A2R_ECONOMIC_FAMILY,CONTINUE,NO
2019-05-29,GLOBAL_WATER,LIST-D8FFDF488EC49B5D,LIST-FC11036191168002,IE00B1TXK627,DH2O,A2R_CANONICAL_SELECTION,True,2019-05-28,1.0,True,112,SEMANTICALLY_IDENTICAL_IMPLEMENTATION_TRANSITION,YES_SAME_A2R_ECONOMIC_FAMILY,CONTINUE,NO
2019-05-30,GLOBAL_WATER,LIST-FC11036191168002,LIST-D8FFDF488EC49B5D,FR0010527275,WATL,A2R_CANONICAL_SELECTION,True,2019-05-29,1.0,True,112,SEMANTICALLY_IDENTICAL_IMPLEMENTATION_TRANSITION,YES_SAME_A2R_ECONOMIC_FAMILY,CONTINUE,NO
2019-06-03,GLOBAL_WATER,LIST-D8FFDF488EC49B5D,LIST-FC11036191168002,IE00B1TXK627,DH2O,A2R_CANONICAL_SELECTION,True,2019-05-31,1.0,True,112,SEMANTICALLY_IDENTICAL_IMPLEMENTATION_TRANSITION,YES_SAME_A2R_ECONOMIC_FAMILY,CONTINUE,NO
2019-06-04,GLOBAL_WATER,LIST-FC11036191168002,LIST-D8FFDF488EC49B5D,FR0010527275,WATL,A2R_CANONICAL_SELECTION,True,2019-06-03,1.0,True,112,SEMANTICALLY_IDENTICAL_IMPLEMENTATION_TRANSITION,YES_SAME_A2R_ECONOMIC_FAMILY,CONTINUE,NO
2019-06-11,GLOBAL_WATER,LIST-D8FFDF488EC49B5D,LIST-FC11036191168002,IE00B1TXK627,DH2O,A2R_CANONICAL_SELECTION,True,2019-06-10,1.0,True,112,SEMANTICALLY_IDENTICAL_IMPLEMENTATION_TRANSITION,YES_SAME_A2R_ECONOMIC_FAMILY,CONTINUE,NO
2019-06-12,GLOBAL_WATER,LIST-FC11036191168002,LIST-D8FFDF488EC49B5D,FR0010527275,WATL,A2R_CANONICAL_SELECTION,False,,,False,112,PRICE_NOT_AVAILABLE,YES_SAME_A2R_ECONOMIC_FAMILY,RESET_OR_ENDPOINT_UNAVAILABLE,NO
2019-06-13,GLOBAL_WATER,LIST-D8FFDF488EC49B5D,LIST-FC11036191168002,IE00B1TXK627,DH2O,A2R_CANONICAL_SELECTION,True,2019-06-12,1.0,False,112,EXACT_PREVIOUS_XLON_SESSION_ENDPOINT,YES_SAME_A2R_ECONOMIC_FAMILY,RESET_OR_ENDPOINT_UNAVAILABLE,NO
2019-06-14,GLOBAL_WATER,LIST-FC11036191168002,LIST-D8FFDF488EC49B5D,FR0010527275,WATL,A2R_CANONICAL_SELECTION,True,2019-06-13,1.0,True,112,SEMANTICALLY_IDENTICAL_IMPLEMENTATION_TRANSITION,YES_SAME_A2R_ECONOMIC_FAMILY,CONTINUE,NO
2019-06-27,GLOBAL_WATER,LIST-D8FFDF488EC49B5D,LIST-FC11036191168002,IE00B1TXK627,DH2O,A2R_CANONICAL_SELECTION,True,2019-06-26,1.0,True,112,SEMANTICALLY_IDENTICAL_IMPLEMENTATION_TRANSITION,YES_SAME_A2R_ECONOMIC_FAMILY,CONTINUE,NO
2019-06-28,GLOBAL_WATER,LIST-FC11036191168002,LIST-D8FFDF488EC49B5D,FR0010527275,WATL,A2R_CANONICAL_SELECTION,True,2019-06-27,1.0,True,112,SEMANTICALLY_IDENTICAL_IMPLEMENTATION_TRANSITION,YES_SAME_A2R_ECONOMIC_FAMILY,CONTINUE,NO
2019-07-03,GLOBAL_WATER,LIST-D8FFDF488EC49B5D,LIST-FC11036191168002,IE00B1TXK627,DH2O,A2R_CANONICAL_SELECTION,True,2019-07-02,1.0,True,112,SEMANTICALLY_IDENTICAL_IMPLEMENTATION_TRANSITION,YES_SAME_A2R_ECONOMIC_FAMILY,CONTINUE,NO
2019-07-04,GLOBAL_WATER,LIST-FC11036191168002,LIST-D8FFDF488EC49B5D,FR0010527275,WATL,A2R_CANONICAL_SELECTION,False,,,False,112,PRICE_NOT_AVAILABLE,YES_SAME_A2R_ECONOMIC_FAMILY,RESET_OR_ENDPOINT_UNAVAILABLE,NO
2019-07-05,GLOBAL_WATER,LIST-D8FFDF488EC49B5D,LIST-FC11036191168002,IE00B1TXK627,DH2O,A2R_CANONICAL_SELECTION,True,2019-07-04,1.0,False,112,EXACT_PREVIOUS_XLON_SESSION_ENDPOINT,YES_SAME_A2R_ECONOMIC_FAMILY,RESET_OR_ENDPOINT_UNAVAILABLE,NO
2019-07-08,GLOBAL_WATER,LIST-FC11036191168002,LIST-D8FFDF488EC49B5D,FR0010527275,WATL,A2R_CANONICAL_SELECTION,True,2019-07-05,1.0,True,112,SEMANTICALLY_IDENTICAL_IMPLEMENTATION_TRANSITION,YES_SAME_A2R_ECONOMIC_FAMILY,CONTINUE,NO
2019-07-12,GLOBAL_WATER,LIST-D8FFDF488EC49B5D,LIST-FC11036191168002,IE00B1TXK627,DH2O,A2R_CANONICAL_SELECTION,True,2019-07-11,1.0,True,112,SEMANTICALLY_IDENTICAL_IMPLEMENTATION_TRANSITION,YES_SAME_A2R_ECONOMIC_FAMILY,CONTINUE,NO
2019-07-15,GLOBAL_WATER,LIST-FC11036191168002,LIST-D8FFDF488EC49B5D,FR0010527275,WATL,A2R_CANONICAL_SELECTION,True,2019-07-12,1.0,True,112,SEMANTICALLY_IDENTICAL_IMPLEMENTATION_TRANSITION,YES_SAME_A2R_ECONOMIC_FAMILY,CONTINUE,NO
2019-07-25,GLOBAL_WATER,LIST-D8FFDF488EC49B5D,LIST-FC11036191168002,IE00B1TXK627,DH2O,A2R_CANONICAL_SELECTION,True,2019-07-24,1.0,True,112,SEMANTICALLY_IDENTICAL_IMPLEMENTATION_TRANSITION,YES_SAME_A2R_ECONOMIC_FAMILY,CONTINUE,NO
2019-07-26,GLOBAL_WATER,LIST-FC11036191168002,LIST-D8FFDF488EC49B5D,FR0010527275,WATL,A2R_CANONICAL_SELECTION,False,,,False,112,PRICE_NOT_AVAILABLE,YES_SAME_A2R_ECONOMIC_FAMILY,RESET_OR_ENDPOINT_UNAVAILABLE,NO
2019-07-29,GLOBAL_WATER,LIST-D8FFDF488EC49B5D,LIST-FC11036191168002,IE00B1TXK627,DH2O,A2R_CANONICAL_SELECTION,True,2019-07-26,1.0,False,112,EXACT_PREVIOUS_XLON_SESSION_ENDPOINT,YES_SAME_A2R_ECONOMIC_FAMILY,RESET_OR_ENDPOINT_UNAVAILABLE,NO
2019-07-30,GLOBAL_WATER,LIST-FC11036191168002,LIST-D8FFDF488EC49B5D,FR0010527275,WATL,A2R_CANONICAL_SELECTION,False,,,False,112,PRICE_NOT_AVAILABLE,YES_SAME_A2R_ECONOMIC_FAMILY,RESET_OR_ENDPOINT_UNAVAILABLE,NO
2019-07-31,GLOBAL_WATER,LIST-D8FFDF488EC49B5D,LIST-FC11036191168002,IE00B1TXK627,DH2O,A2R_CANONICAL_SELECTION,True,2019-07-30,1.0,False,112,EXACT_PREVIOUS_XLON_SESSION_ENDPOINT,YES_SAME_A2R_ECONOMIC_FAMILY,RESET_OR_ENDPOINT_UNAVAILABLE,NO
2019-08-01,GLOBAL_WATER,LIST-FC11036191168002,LIST-D8FFDF488EC49B5D,FR0010527275,WATL,A2R_CANONICAL_SELECTION,True,2019-07-31,1.0,True,112,SEMANTICALLY_IDENTICAL_IMPLEMENTATION_TRANSITION,YES_SAME_A2R_ECONOMIC_FAMILY,CONTINUE,NO
2019-08-09,GLOBAL_WATER,LIST-D8FFDF488EC49B5D,LIST-FC11036191168002,IE00B1TXK627,DH2O,A2R_CANONICAL_SELECTION,True,2019-08-08,1.0,True,112,SEMANTICALLY_IDENTICAL_IMPLEMENTATION_TRANSITION,YES_SAME_A2R_ECONOMIC_FAMILY,CONTINUE,NO
2019-08-14,GLOBAL_WATER,LIST-FC11036191168002,LIST-D8FFDF488EC49B5D,FR0010527275,WATL,A2R_CANONICAL_SELECTION,True,2019-08-13,1.0,True,112,SEMANTICALLY_IDENTICAL_IMPLEMENTATION_TRANSITION,YES_SAME_A2R_ECONOMIC_FAMILY,CONTINUE,NO
2019-08-16,GLOBAL_WATER,LIST-D8FFDF488EC49B5D,LIST-FC11036191168002,IE00B1TXK627,DH2O,A2R_CANONICAL_SELECTION,True,2019-08-15,1.0,True,112,SEMANTICALLY_IDENTICAL_IMPLEMENTATION_TRANSITION,YES_SAME_A2R_ECONOMIC_FAMILY,CONTINUE,NO
2019-08-19,GLOBAL_WATER,LIST-FC11036191168002,LIST-D8FFDF488EC49B5D,FR0010527275,WATL,A2R_CANONICAL_SELECTION,True,2019-08-16,1.0,True,112,SEMANTICALLY_IDENTICAL_IMPLEMENTATION_TRANSITION,YES_SAME_A2R_ECONOMIC_FAMILY,CONTINUE,NO
2019-08-23,GLOBAL_WATER,LIST-D8FFDF488EC49B5D,LIST-FC11036191168002,IE00B1TXK627,DH2O,A2R_CANONICAL_SELECTION,True,2019-08-22,1.0,True,112,SEMANTICALLY_IDENTICAL_IMPLEMENTATION_TRANSITION,YES_SAME_A2R_ECONOMIC_FAMILY,CONTINUE,NO
2019-08-29,GLOBAL_WATER,LIST-FC11036191168002,LIST-D8FFDF488EC49B5D,FR0010527275,WATL,A2R_CANONICAL_SELECTION,True,2019-08-28,1.0,True,112,SEMANTICALLY_IDENTICAL_IMPLEMENTATION_TRANSITION,YES_SAME_A2R_ECONOMIC_FAMILY,CONTINUE,NO
2019-09-02,GLOBAL_WATER,LIST-D8FFDF488EC49B5D,LIST-FC11036191168002,IE00B1TXK627,DH2O,A2R_CANONICAL_SELECTION,True,2019-08-30,1.0,True,112,SEMANTICALLY_IDENTICAL_IMPLEMENTATION_TRANSITION,YES_SAME_A2R_ECONOMIC_FAMILY,CONTINUE,NO
2019-09-03,GLOBAL_WATER,LIST-FC11036191168002,LIST-D8FFDF488EC49B5D,FR0010527275,WATL,A2R_CANONICAL_SELECTION,True,2019-09-02,1.0,True,112,SEMANTICALLY_IDENTICAL_IMPLEMENTATION_TRANSITION,YES_SAME_A2R_ECONOMIC_FAMILY,CONTINUE,NO
2019-09-12,GLOBAL_WATER,LIST-D8FFDF488EC49B5D,LIST-FC11036191168002,IE00B1TXK627,DH2O,A2R_CANONICAL_SELECTION,True,2019-09-11,1.0,True,112,SEMANTICALLY_IDENTICAL_IMPLEMENTATION_TRANSITION,YES_SAME_A2R_ECONOMIC_FAMILY,CONTINUE,NO
2019-09-16,GLOBAL_WATER,LIST-FC11036191168002,LIST-D8FFDF488EC49B5D,FR0010527275,WATL,A2R_CANONICAL_SELECTION,False,,,False,112,PRICE_NOT_AVAILABLE,YES_SAME_A2R_ECONOMIC_FAMILY,RESET_OR_ENDPOINT_UNAVAILABLE,NO
2019-09-17,GLOBAL_WATER,LIST-D8FFDF488EC49B5D,LIST-FC11036191168002,IE00B1TXK627,DH2O,A2R_CANONICAL_SELECTION,True,2019-09-16,1.0,False,112,EXACT_PREVIOUS_XLON_SESSION_ENDPOINT,YES_SAME_A2R_ECONOMIC_FAMILY,RESET_OR_ENDPOINT_UNAVAILABLE,NO
2019-09-18,GLOBAL_WATER,LIST-FC11036191168002,LIST-D8FFDF488EC49B5D,FR0010527275,WATL,A2R_CANONICAL_SELECTION,False,,,False,112,PRICE_NOT_AVAILABLE,YES_SAME_A2R_ECONOMIC_FAMILY,RESET_OR_ENDPOINT_UNAVAILABLE,NO
2019-09-19,GLOBAL_WATER,LIST-D8FFDF488EC49B5D,LIST-FC11036191168002,IE00B1TXK627,DH2O,A2R_CANONICAL_SELECTION,True,2019-09-18,1.0,False,112,EXACT_PREVIOUS_XLON_SESSION_ENDPOINT,YES_SAME_A2R_ECONOMIC_FAMILY,RESET_OR_ENDPOINT_UNAVAILABLE,NO
2019-09-20,GLOBAL_WATER,LIST-FC11036191168002,LIST-D8FFDF488EC49B5D,FR0010527275,WATL,A2R_CANONICAL_SELECTION,True,2019-09-19,1.0,True,112,SEMANTICALLY_IDENTICAL_IMPLEMENTATION_TRANSITION,YES_SAME_A2R_ECONOMIC_FAMILY,CONTINUE,NO
2019-09-25,GLOBAL_WATER,LIST-D8FFDF488EC49B5D,LIST-FC11036191168002,IE00B1TXK627,DH2O,A2R_CANONICAL_SELECTION,True,2019-09-24,1.0,True,112,SEMANTICALLY_IDENTICAL_IMPLEMENTATION_TRANSITION,YES_SAME_A2R_ECONOMIC_FAMILY,CONTINUE,NO
2019-09-27,GLOBAL_WATER,LIST-FC11036191168002,LIST-D8FFDF488EC49B5D,FR0010527275,WATL,A2R_CANONICAL_SELECTION,True,2019-09-26,1.0,True,112,SEMANTICALLY_IDENTICAL_IMPLEMENTATION_TRANSITION,YES_SAME_A2R_ECONOMIC_FAMILY,CONTINUE,NO
2019-10-18,GLOBAL_WATER,LIST-D8FFDF488EC49B5D,LIST-FC11036191168002,IE00B1TXK627,DH2O,A2R_CANONICAL_SELECTION,True,2019-10-17,1.0,True,112,SEMANTICALLY_IDENTICAL_IMPLEMENTATION_TRANSITION,YES_SAME_A2R_ECONOMIC_FAMILY,CONTINUE,NO
2019-10-21,GLOBAL_WATER,LIST-FC11036191168002,LIST-D8FFDF488EC49B5D,FR0010527275,WATL,A2R_CANONICAL_SELECTION,True,2019-10-18,1.0,True,112,SEMANTICALLY_IDENTICAL_IMPLEMENTATION_TRANSITION,YES_SAME_A2R_ECONOMIC_FAMILY,CONTINUE,NO
2019-11-05,GLOBAL_WATER,LIST-D8FFDF488EC49B5D,LIST-FC11036191168002,IE00B1TXK627,DH2O,A2R_CANONICAL_SELECTION,True,2019-11-04,1.0,True,112,SEMANTICALLY_IDENTICAL_IMPLEMENTATION_TRANSITION,YES_SAME_A2R_ECONOMIC_FAMILY,CONTINUE,NO
2019-11-06,GLOBAL_WATER,LIST-FC11036191168002,LIST-D8FFDF488EC49B5D,FR0010527275,WATL,A2R_CANONICAL_SELECTION,False,,,False,112,PRICE_NOT_AVAILABLE,YES_SAME_A2R_ECONOMIC_FAMILY,RESET_OR_ENDPOINT_UNAVAILABLE,NO
2019-11-07,GLOBAL_WATER,LIST-D8FFDF488EC49B5D,LIST-FC11036191168002,IE00B1TXK627,DH2O,A2R_CANONICAL_SELECTION,True,2019-11-06,1.0,False,112,EXACT_PREVIOUS_XLON_SESSION_ENDPOINT,YES_SAME_A2R_ECONOMIC_FAMILY,RESET_OR_ENDPOINT_UNAVAILABLE,NO
2019-11-08,GLOBAL_WATER,LIST-FC11036191168002,LIST-D8FFDF488EC49B5D,FR0010527275,WATL,A2R_CANONICAL_SELECTION,True,2019-11-07,1.0,True,112,SEMANTICALLY_IDENTICAL_IMPLEMENTATION_TRANSITION,YES_SAME_A2R_ECONOMIC_FAMILY,CONTINUE,NO
2019-11-12,GLOBAL_WATER,LIST-D8FFDF488EC49B5D,LIST-FC11036191168002,IE00B1TXK627,DH2O,A2R_CANONICAL_SELECTION,True,2019-11-11,1.0,True,112,SEMANTICALLY_IDENTICAL_IMPLEMENTATION_TRANSITION,YES_SAME_A2R_ECONOMIC_FAMILY,CONTINUE,NO
2019-11-13,GLOBAL_WATER,LIST-FC11036191168002,LIST-D8FFDF488EC49B5D,FR0010527275,WATL,A2R_CANONICAL_SELECTION,True,2019-11-12,1.0,True,112,SEMANTICALLY_IDENTICAL_IMPLEMENTATION_TRANSITION,YES_SAME_A2R_ECONOMIC_FAMILY,CONTINUE,NO
2019-11-18,GLOBAL_WATER,LIST-D8FFDF488EC49B5D,LIST-FC11036191168002,IE00B1TXK627,DH2O,A2R_CANONICAL_SELECTION,True,2019-11-15,1.0,True,112,SEMANTICALLY_IDENTICAL_IMPLEMENTATION_TRANSITION,YES_SAME_A2R_ECONOMIC_FAMILY,CONTINUE,NO
2019-11-19,GLOBAL_WATER,LIST-FC11036191168002,LIST-D8FFDF488EC49B5D,FR0010527275,WATL,A2R_CANONICAL_SELECTION,True,2019-11-18,1.0,True,112,SEMANTICALLY_IDENTICAL_IMPLEMENTATION_TRANSITION,YES_SAME_A2R_ECONOMIC_FAMILY,CONTINUE,NO
2019-11-22,GLOBAL_WATER,LIST-D8FFDF488EC49B5D,LIST-FC11036191168002,IE00B1TXK627,DH2O,A2R_CANONICAL_SELECTION,True,2019-11-21,1.0,True,112,SEMANTICALLY_IDENTICAL_IMPLEMENTATION_TRANSITION,YES_SAME_A2R_ECONOMIC_FAMILY,CONTINUE,NO
2019-11-26,GLOBAL_WATER,LIST-FC11036191168002,LIST-D8FFDF488EC49B5D,FR0010527275,WATL,A2R_CANONICAL_SELECTION,True,2019-11-25,1.0,True,112,SEMANTICALLY_IDENTICAL_IMPLEMENTATION_TRANSITION,YES_SAME_A2R_ECONOMIC_FAMILY,CONTINUE,NO
2019-12-04,GLOBAL_WATER,LIST-D8FFDF488EC49B5D,LIST-FC11036191168002,IE00B1TXK627,DH2O,A2R_CANONICAL_SELECTION,True,2019-12-03,1.0,True,112,SEMANTICALLY_IDENTICAL_IMPLEMENTATION_TRANSITION,YES_SAME_A2R_ECONOMIC_FAMILY,CONTINUE,NO
2019-12-05,GLOBAL_WATER,LIST-FC11036191168002,LIST-D8FFDF488EC49B5D,FR0010527275,WATL,A2R_CANONICAL_SELECTION,False,,,False,112,PRICE_NOT_AVAILABLE,YES_SAME_A2R_ECONOMIC_FAMILY,RESET_OR_ENDPOINT_UNAVAILABLE,NO
2019-12-06,GLOBAL_WATER,LIST-D8FFDF488EC49B5D,LIST-FC11036191168002,IE00B1TXK627,DH2O,A2R_CANONICAL_SELECTION,True,2019-12-05,1.0,False,112,EXACT_PREVIOUS_XLON_SESSION_ENDPOINT,YES_SAME_A2R_ECONOMIC_FAMILY,RESET_OR_ENDPOINT_UNAVAILABLE,NO
2019-12-10,GLOBAL_WATER,LIST-FC11036191168002,LIST-D8FFDF488EC49B5D,FR0010527275,WATL,A2R_CANONICAL_SELECTION,True,2019-12-09,1.0,True,112,SEMANTICALLY_IDENTICAL_IMPLEMENTATION_TRANSITION,YES_SAME_A2R_ECONOMIC_FAMILY,CONTINUE,NO
2019-12-13,GLOBAL_WATER,LIST-D8FFDF488EC49B5D,LIST-FC11036191168002,IE00B1TXK627,DH2O,A2R_CANONICAL_SELECTION,True,2019-12-12,1.0,True,112,SEMANTICALLY_IDENTICAL_IMPLEMENTATION_TRANSITION,YES_SAME_A2R_ECONOMIC_FAMILY,CONTINUE,NO
2019-12-16,GLOBAL_WATER,LIST-FC11036191168002,LIST-D8FFDF488EC49B5D,FR0010527275,WATL,A2R_CANONICAL_SELECTION,True,2019-12-13,1.0,True,112,SEMANTICALLY_IDENTICAL_IMPLEMENTATION_TRANSITION,YES_SAME_A2R_ECONOMIC_FAMILY,CONTINUE,NO
2019-12-24,GLOBAL_WATER,LIST-D8FFDF488EC49B5D,LIST-FC11036191168002,IE00B1TXK627,DH2O,A2R_CANONICAL_SELECTION,True,2019-12-23,1.0,True,112,SEMANTICALLY_IDENTICAL_IMPLEMENTATION_TRANSITION,YES_SAME_A2R_ECONOMIC_FAMILY,CONTINUE,NO
2019-12-30,GLOBAL_WATER,LIST-FC11036191168002,LIST-D8FFDF488EC49B5D,FR0010527275,WATL,A2R_CANONICAL_SELECTION,True,2019-12-27,1.0,True,112,SEMANTICALLY_IDENTICAL_IMPLEMENTATION_TRANSITION,YES_SAME_A2R_ECONOMIC_FAMILY,CONTINUE,NO
2020-01-03,GLOBAL_WATER,LIST-D8FFDF488EC49B5D,LIST-FC11036191168002,IE00B1TXK627,DH2O,A2R_CANONICAL_SELECTION,True,2020-01-02,1.0,True,112,SEMANTICALLY_IDENTICAL_IMPLEMENTATION_TRANSITION,YES_SAME_A2R_ECONOMIC_FAMILY,CONTINUE,NO
2020-01-06,GLOBAL_WATER,LIST-FC11036191168002,LIST-D8FFDF488EC49B5D,FR0010527275,WATL,A2R_CANONICAL_SELECTION,True,2020-01-03,1.0,True,112,SEMANTICALLY_IDENTICAL_IMPLEMENTATION_TRANSITION,YES_SAME_A2R_ECONOMIC_FAMILY,CONTINUE,NO
2020-01-23,GLOBAL_WATER,LIST-D8FFDF488EC49B5D,LIST-FC11036191168002,IE00B1TXK627,DH2O,A2R_CANONICAL_SELECTION,True,2020-01-22,1.0,True,112,SEMANTICALLY_IDENTICAL_IMPLEMENTATION_TRANSITION,YES_SAME_A2R_ECONOMIC_FAMILY,CONTINUE,NO
2020-01-24,GLOBAL_WATER,LIST-FC11036191168002,LIST-D8FFDF488EC49B5D,FR0010527275,WATL,A2R_CANONICAL_SELECTION,True,2020-01-23,1.0,True,112,SEMANTICALLY_IDENTICAL_IMPLEMENTATION_TRANSITION,YES_SAME_A2R_ECONOMIC_FAMILY,CONTINUE,NO
2020-01-31,GLOBAL_WATER,LIST-D8FFDF488EC49B5D,LIST-FC11036191168002,IE00B1TXK627,DH2O,A2R_CANONICAL_SELECTION,True,2020-01-30,1.0,True,112,SEMANTICALLY_IDENTICAL_IMPLEMENTATION_TRANSITION,YES_SAME_A2R_ECONOMIC_FAMILY,CONTINUE,NO
2020-02-03,GLOBAL_WATER,LIST-FC11036191168002,LIST-D8FFDF488EC49B5D,FR0010527275,WATL,A2R_CANONICAL_SELECTION,True,2020-01-31,1.0,True,112,SEMANTICALLY_IDENTICAL_IMPLEMENTATION_TRANSITION,YES_SAME_A2R_ECONOMIC_FAMILY,CONTINUE,NO
2020-02-05,GLOBAL_WATER,LIST-D8FFDF488EC49B5D,LIST-FC11036191168002,IE00B1TXK627,DH2O,A2R_CANONICAL_SELECTION,True,2020-02-04,1.0,True,112,SEMANTICALLY_IDENTICAL_IMPLEMENTATION_TRANSITION,YES_SAME_A2R_ECONOMIC_FAMILY,CONTINUE,NO
2020-02-06,GLOBAL_WATER,LIST-FC11036191168002,LIST-D8FFDF488EC49B5D,FR0010527275,WATL,A2R_CANONICAL_SELECTION,True,2020-02-05,1.0,True,112,SEMANTICALLY_IDENTICAL_IMPLEMENTATION_TRANSITION,YES_SAME_A2R_ECONOMIC_FAMILY,CONTINUE,NO
2020-02-27,GLOBAL_WATER,LIST-D8FFDF488EC49B5D,LIST-FC11036191168002,IE00B1TXK627,DH2O,A2R_CANONICAL_SELECTION,True,2020-02-26,1.0,True,112,SEMANTICALLY_IDENTICAL_IMPLEMENTATION_TRANSITION,YES_SAME_A2R_ECONOMIC_FAMILY,CONTINUE,NO
2020-02-28,GLOBAL_WATER,LIST-FC11036191168002,LIST-D8FFDF488EC49B5D,FR0010527275,WATL,A2R_CANONICAL_SELECTION,True,2020-02-27,1.0,True,112,SEMANTICALLY_IDENTICAL_IMPLEMENTATION_TRANSITION,YES_SAME_A2R_ECONOMIC_FAMILY,CONTINUE,NO
2020-03-27,GLOBAL_WATER,LIST-D8FFDF488EC49B5D,LIST-FC11036191168002,IE00B1TXK627,DH2O,A2R_CANONICAL_SELECTION,True,2020-03-26,1.0,True,112,SEMANTICALLY_IDENTICAL_IMPLEMENTATION_TRANSITION,YES_SAME_A2R_ECONOMIC_FAMILY,CONTINUE,NO
2020-03-31,GLOBAL_WATER,LIST-FC11036191168002,LIST-D8FFDF488EC49B5D,FR0010527275,WATL,A2R_CANONICAL_SELECTION,True,2020-03-30,1.0,True,112,SEMANTICALLY_IDENTICAL_IMPLEMENTATION_TRANSITION,YES_SAME_A2R_ECONOMIC_FAMILY,CONTINUE,NO
2020-04-03,GLOBAL_WATER,LIST-D8FFDF488EC49B5D,LIST-FC11036191168002,IE00B1TXK627,DH2O,A2R_CANONICAL_SELECTION,True,2020-04-02,1.0,True,112,SEMANTICALLY_IDENTICAL_IMPLEMENTATION_TRANSITION,YES_SAME_A2R_ECONOMIC_FAMILY,CONTINUE,NO
2020-04-07,GLOBAL_WATER,LIST-FC11036191168002,LIST-D8FFDF488EC49B5D,FR0010527275,WATL,A2R_CANONICAL_SELECTION,False,,,False,112,PRICE_NOT_AVAILABLE,YES_SAME_A2R_ECONOMIC_FAMILY,RESET_OR_ENDPOINT_UNAVAILABLE,NO
2020-04-08,GLOBAL_WATER,LIST-D8FFDF488EC49B5D,LIST-FC11036191168002,IE00B1TXK627,DH2O,A2R_CANONICAL_SELECTION,True,2020-04-07,1.0,False,112,EXACT_PREVIOUS_XLON_SESSION_ENDPOINT,YES_SAME_A2R_ECONOMIC_FAMILY,RESET_OR_ENDPOINT_UNAVAILABLE,NO
2020-04-09,GLOBAL_WATER,LIST-FC11036191168002,LIST-D8FFDF488EC49B5D,FR0010527275,WATL,A2R_CANONICAL_SELECTION,True,2020-04-08,1.0,True,112,SEMANTICALLY_IDENTICAL_IMPLEMENTATION_TRANSITION,YES_SAME_A2R_ECONOMIC_FAMILY,CONTINUE,NO
2020-04-17,GLOBAL_WATER,LIST-D8FFDF488EC49B5D,LIST-FC11036191168002,IE00B1TXK627,DH2O,A2R_CANONICAL_SELECTION,True,2020-04-16,1.0,True,112,SEMANTICALLY_IDENTICAL_IMPLEMENTATION_TRANSITION,YES_SAME_A2R_ECONOMIC_FAMILY,CONTINUE,NO
2020-04-20,GLOBAL_WATER,LIST-FC11036191168002,LIST-D8FFDF488EC49B5D,FR0010527275,WATL,A2R_CANONICAL_SELECTION,True,2020-04-17,1.0,True,112,SEMANTICALLY_IDENTICAL_IMPLEMENTATION_TRANSITION,YES_SAME_A2R_ECONOMIC_FAMILY,CONTINUE,NO
2020-04-27,GLOBAL_WATER,LIST-D8FFDF488EC49B5D,LIST-FC11036191168002,IE00B1TXK627,DH2O,A2R_CANONICAL_SELECTION,True,2020-04-24,1.0,True,112,SEMANTICALLY_IDENTICAL_IMPLEMENTATION_TRANSITION,YES_SAME_A2R_ECONOMIC_FAMILY,CONTINUE,NO
2020-04-28,GLOBAL_WATER,LIST-FC11036191168002,LIST-D8FFDF488EC49B5D,FR0010527275,WATL,A2R_CANONICAL_SELECTION,False,,,False,112,PRICE_NOT_AVAILABLE,YES_SAME_A2R_ECONOMIC_FAMILY,RESET_OR_ENDPOINT_UNAVAILABLE,NO
2020-04-29,GLOBAL_WATER,LIST-D8FFDF488EC49B5D,LIST-FC11036191168002,IE00B1TXK627,DH2O,A2R_CANONICAL_SELECTION,True,2020-04-28,1.0,False,112,EXACT_PREVIOUS_XLON_SESSION_ENDPOINT,YES_SAME_A2R_ECONOMIC_FAMILY,RESET_OR_ENDPOINT_UNAVAILABLE,NO
2020-04-30,GLOBAL_WATER,LIST-FC11036191168002,LIST-D8FFDF488EC49B5D,FR0010527275,WATL,A2R_CANONICAL_SELECTION,True,2020-04-29,1.0,True,112,SEMANTICALLY_IDENTICAL_IMPLEMENTATION_TRANSITION,YES_SAME_A2R_ECONOMIC_FAMILY,CONTINUE,NO
2020-05-05,GLOBAL_WATER,LIST-D8FFDF488EC49B5D,LIST-FC11036191168002,IE00B1TXK627,DH2O,A2R_CANONICAL_SELECTION,True,2020-05-04,1.0,True,112,SEMANTICALLY_IDENTICAL_IMPLEMENTATION_TRANSITION,YES_SAME_A2R_ECONOMIC_FAMILY,CONTINUE,NO
2020-05-07,GLOBAL_WATER,LIST-FC11036191168002,LIST-D8FFDF488EC49B5D,FR0010527275,WATL,A2R_CANONICAL_SELECTION,True,2020-05-06,1.0,True,112,SEMANTICALLY_IDENTICAL_IMPLEMENTATION_TRANSITION,YES_SAME_A2R_ECONOMIC_FAMILY,CONTINUE,NO
2020-05-15,GLOBAL_WATER,LIST-D8FFDF488EC49B5D,LIST-FC11036191168002,IE00B1TXK627,DH2O,A2R_CANONICAL_SELECTION,True,2020-05-14,1.0,True,112,SEMANTICALLY_IDENTICAL_IMPLEMENTATION_TRANSITION,YES_SAME_A2R_ECONOMIC_FAMILY,CONTINUE,NO
2020-05-18,GLOBAL_WATER,LIST-FC11036191168002,LIST-D8FFDF488EC49B5D,FR0010527275,WATL,A2R_CANONICAL_SELECTION,True,2020-05-15,1.0,True,112,SEMANTICALLY_IDENTICAL_IMPLEMENTATION_TRANSITION,YES_SAME_A2R_ECONOMIC_FAMILY,CONTINUE,NO
2020-05-26,GLOBAL_WATER,LIST-D8FFDF488EC49B5D,LIST-FC11036191168002,IE00B1TXK627,DH2O,A2R_CANONICAL_SELECTION,True,2020-05-22,1.0,True,112,SEMANTICALLY_IDENTICAL_IMPLEMENTATION_TRANSITION,YES_SAME_A2R_ECONOMIC_FAMILY,CONTINUE,NO
2020-05-27,GLOBAL_WATER,LIST-FC11036191168002,LIST-D8FFDF488EC49B5D,FR0010527275,WATL,A2R_CANONICAL_SELECTION,True,2020-05-26,1.0,True,112,SEMANTICALLY_IDENTICAL_IMPLEMENTATION_TRANSITION,YES_SAME_A2R_ECONOMIC_FAMILY,CONTINUE,NO
2020-06-18,GLOBAL_WATER,LIST-D8FFDF488EC49B5D,LIST-FC11036191168002,IE00B1TXK627,DH2O,A2R_CANONICAL_SELECTION,True,2020-06-17,1.0,True,112,SEMANTICALLY_IDENTICAL_IMPLEMENTATION_TRANSITION,YES_SAME_A2R_ECONOMIC_FAMILY,CONTINUE,NO
2020-06-19,GLOBAL_WATER,LIST-FC11036191168002,LIST-D8FFDF488EC49B5D,FR0010527275,WATL,A2R_CANONICAL_SELECTION,False,,,False,112,PRICE_NOT_AVAILABLE,YES_SAME_A2R_ECONOMIC_FAMILY,RESET_OR_ENDPOINT_UNAVAILABLE,NO
2020-06-22,GLOBAL_WATER,LIST-D8FFDF488EC49B5D,LIST-FC11036191168002,IE00B1TXK627,DH2O,A2R_CANONICAL_SELECTION,True,2020-06-19,1.0,False,112,EXACT_PREVIOUS_XLON_SESSION_ENDPOINT,YES_SAME_A2R_ECONOMIC_FAMILY,RESET_OR_ENDPOINT_UNAVAILABLE,NO
2020-06-23,GLOBAL_WATER,LIST-FC11036191168002,LIST-D8FFDF488EC49B5D,FR0010527275,WATL,A2R_CANONICAL_SELECTION,True,2020-06-22,1.0,True,112,SEMANTICALLY_IDENTICAL_IMPLEMENTATION_TRANSITION,YES_SAME_A2R_ECONOMIC_FAMILY,CONTINUE,NO
2020-06-25,GLOBAL_WATER,LIST-D8FFDF488EC49B5D,LIST-FC11036191168002,IE00B1TXK627,DH2O,A2R_CANONICAL_SELECTION,True,2020-06-24,1.0,True,112,SEMANTICALLY_IDENTICAL_IMPLEMENTATION_TRANSITION,YES_SAME_A2R_ECONOMIC_FAMILY,CONTINUE,NO
2020-06-26,GLOBAL_WATER,LIST-FC11036191168002,LIST-D8FFDF488EC49B5D,FR0010527275,WATL,A2R_CANONICAL_SELECTION,True,2020-06-25,1.0,True,112,SEMANTICALLY_IDENTICAL_IMPLEMENTATION_TRANSITION,YES_SAME_A2R_ECONOMIC_FAMILY,CONTINUE,NO
2020-07-01,GLOBAL_WATER,LIST-D8FFDF488EC49B5D,LIST-FC11036191168002,IE00B1TXK627,DH2O,A2R_CANONICAL_SELECTION,True,2020-06-30,1.0,True,112,SEMANTICALLY_IDENTICAL_IMPLEMENTATION_TRANSITION,YES_SAME_A2R_ECONOMIC_FAMILY,CONTINUE,NO
2020-07-02,GLOBAL_WATER,LIST-FC11036191168002,LIST-D8FFDF488EC49B5D,FR0010527275,WATL,A2R_CANONICAL_SELECTION,True,2020-07-01,1.0,True,112,SEMANTICALLY_IDENTICAL_IMPLEMENTATION_TRANSITION,YES_SAME_A2R_ECONOMIC_FAMILY,CONTINUE,NO
2020-07-07,GLOBAL_WATER,LIST-D8FFDF488EC49B5D,LIST-FC11036191168002,IE00B1TXK627,DH2O,A2R_CANONICAL_SELECTION,True,2020-07-06,1.0,True,112,SEMANTICALLY_IDENTICAL_IMPLEMENTATION_TRANSITION,YES_SAME_A2R_ECONOMIC_FAMILY,CONTINUE,NO
2020-07-08,GLOBAL_WATER,LIST-FC11036191168002,LIST-D8FFDF488EC49B5D,FR0010527275,WATL,A2R_CANONICAL_SELECTION,True,2020-07-07,1.0,True,112,SEMANTICALLY_IDENTICAL_IMPLEMENTATION_TRANSITION,YES_SAME_A2R_ECONOMIC_FAMILY,CONTINUE,NO
2020-07-15,GLOBAL_WATER,LIST-D8FFDF488EC49B5D,LIST-FC11036191168002,IE00B1TXK627,DH2O,A2R_CANONICAL_SELECTION,True,2020-07-14,1.0,True,112,SEMANTICALLY_IDENTICAL_IMPLEMENTATION_TRANSITION,YES_SAME_A2R_ECONOMIC_FAMILY,CONTINUE,NO
2020-07-17,GLOBAL_WATER,LIST-FC11036191168002,LIST-D8FFDF488EC49B5D,FR0010527275,WATL,A2R_CANONICAL_SELECTION,True,2020-07-16,1.0,True,112,SEMANTICALLY_IDENTICAL_IMPLEMENTATION_TRANSITION,YES_SAME_A2R_ECONOMIC_FAMILY,CONTINUE,NO
2020-07-28,GLOBAL_WATER,LIST-D8FFDF488EC49B5D,LIST-FC11036191168002,IE00B1TXK627,DH2O,A2R_CANONICAL_SELECTION,True,2020-07-27,1.0,True,112,SEMANTICALLY_IDENTICAL_IMPLEMENTATION_TRANSITION,YES_SAME_A2R_ECONOMIC_FAMILY,CONTINUE,NO
2020-07-29,GLOBAL_WATER,LIST-FC11036191168002,LIST-D8FFDF488EC49B5D,FR0010527275,WATL,A2R_CANONICAL_SELECTION,True,2020-07-28,1.0,True,112,SEMANTICALLY_IDENTICAL_IMPLEMENTATION_TRANSITION,YES_SAME_A2R_ECONOMIC_FAMILY,CONTINUE,NO
2020-07-31,GLOBAL_WATER,LIST-D8FFDF488EC49B5D,LIST-FC11036191168002,IE00B1TXK627,DH2O,A2R_CANONICAL_SELECTION,True,2020-07-30,1.0,True,112,SEMANTICALLY_IDENTICAL_IMPLEMENTATION_TRANSITION,YES_SAME_A2R_ECONOMIC_FAMILY,CONTINUE,NO
2020-08-04,GLOBAL_WATER,LIST-FC11036191168002,LIST-D8FFDF488EC49B5D,FR0010527275,WATL,A2R_CANONICAL_SELECTION,True,2020-08-03,1.0,True,112,SEMANTICALLY_IDENTICAL_IMPLEMENTATION_TRANSITION,YES_SAME_A2R_ECONOMIC_FAMILY,CONTINUE,NO
2020-08-06,GLOBAL_WATER,LIST-D8FFDF488EC49B5D,LIST-FC11036191168002,IE00B1TXK627,DH2O,A2R_CANONICAL_SELECTION,True,2020-08-05,1.0,True,112,SEMANTICALLY_IDENTICAL_IMPLEMENTATION_TRANSITION,YES_SAME_A2R_ECONOMIC_FAMILY,CONTINUE,NO
2020-08-07,GLOBAL_WATER,LIST-FC11036191168002,LIST-D8FFDF488EC49B5D,FR0010527275,WATL,A2R_CANONICAL_SELECTION,False,,,False,112,PRICE_NOT_AVAILABLE,YES_SAME_A2R_ECONOMIC_FAMILY,RESET_OR_ENDPOINT_UNAVAILABLE,NO
2020-08-10,GLOBAL_WATER,LIST-D8FFDF488EC49B5D,LIST-FC11036191168002,IE00B1TXK627,DH2O,A2R_CANONICAL_SELECTION,True,2020-08-07,1.0,False,112,EXACT_PREVIOUS_XLON_SESSION_ENDPOINT,YES_SAME_A2R_ECONOMIC_FAMILY,RESET_OR_ENDPOINT_UNAVAILABLE,NO
2020-08-11,GLOBAL_WATER,LIST-FC11036191168002,LIST-D8FFDF488EC49B5D,FR0010527275,WATL,A2R_CANONICAL_SELECTION,False,,,False,112,PRICE_NOT_AVAILABLE,YES_SAME_A2R_ECONOMIC_FAMILY,RESET_OR_ENDPOINT_UNAVAILABLE,NO
2020-08-12,GLOBAL_WATER,LIST-D8FFDF488EC49B5D,LIST-FC11036191168002,IE00B1TXK627,DH2O,A2R_CANONICAL_SELECTION,True,2020-08-11,1.0,False,112,EXACT_PREVIOUS_XLON_SESSION_ENDPOINT,YES_SAME_A2R_ECONOMIC_FAMILY,RESET_OR_ENDPOINT_UNAVAILABLE,NO
2020-08-17,GLOBAL_WATER,LIST-FC11036191168002,LIST-D8FFDF488EC49B5D,FR0010527275,WATL,A2R_CANONICAL_SELECTION,False,,,False,112,PRICE_NOT_AVAILABLE,YES_SAME_A2R_ECONOMIC_FAMILY,RESET_OR_ENDPOINT_UNAVAILABLE,NO
2020-08-18,GLOBAL_WATER,LIST-D8FFDF488EC49B5D,LIST-FC11036191168002,IE00B1TXK627,DH2O,A2R_CANONICAL_SELECTION,True,2020-08-17,1.0,False,112,EXACT_PREVIOUS_XLON_SESSION_ENDPOINT,YES_SAME_A2R_ECONOMIC_FAMILY,RESET_OR_ENDPOINT_UNAVAILABLE,NO
2020-08-19,GLOBAL_WATER,LIST-FC11036191168002,LIST-D8FFDF488EC49B5D,FR0010527275,WATL,A2R_CANONICAL_SELECTION,False,,,False,112,PRICE_NOT_AVAILABLE,YES_SAME_A2R_ECONOMIC_FAMILY,RESET_OR_ENDPOINT_UNAVAILABLE,NO
2020-08-20,GLOBAL_WATER,LIST-D8FFDF488EC49B5D,LIST-FC11036191168002,IE00B1TXK627,DH2O,A2R_CANONICAL_SELECTION,True,2020-08-19,1.0,False,112,EXACT_PREVIOUS_XLON_SESSION_ENDPOINT,YES_SAME_A2R_ECONOMIC_FAMILY,RESET_OR_ENDPOINT_UNAVAILABLE,NO
2020-08-21,GLOBAL_WATER,LIST-FC11036191168002,LIST-D8FFDF488EC49B5D,FR0010527275,WATL,A2R_CANONICAL_SELECTION,False,,,False,112,PRICE_NOT_AVAILABLE,YES_SAME_A2R_ECONOMIC_FAMILY,RESET_OR_ENDPOINT_UNAVAILABLE,NO
2020-08-24,GLOBAL_WATER,LIST-D8FFDF488EC49B5D,LIST-FC11036191168002,IE00B1TXK627,DH2O,A2R_CANONICAL_SELECTION,True,2020-08-21,1.0,False,112,EXACT_PREVIOUS_XLON_SESSION_ENDPOINT,YES_SAME_A2R_ECONOMIC_FAMILY,RESET_OR_ENDPOINT_UNAVAILABLE,NO
2020-08-26,GLOBAL_WATER,LIST-FC11036191168002,LIST-D8FFDF488EC49B5D,FR0010527275,WATL,A2R_CANONICAL_SELECTION,False,,,False,112,PRICE_NOT_AVAILABLE,YES_SAME_A2R_ECONOMIC_FAMILY,RESET_OR_ENDPOINT_UNAVAILABLE,NO
2020-08-27,GLOBAL_WATER,LIST-D8FFDF488EC49B5D,LIST-FC11036191168002,IE00B1TXK627,DH2O,A2R_CANONICAL_SELECTION,True,2020-08-26,1.0,False,112,EXACT_PREVIOUS_XLON_SESSION_ENDPOINT,YES_SAME_A2R_ECONOMIC_FAMILY,RESET_OR_ENDPOINT_UNAVAILABLE,NO
2020-09-02,GLOBAL_WATER,LIST-FC11036191168002,LIST-D8FFDF488EC49B5D,FR0010527275,WATL,A2R_CANONICAL_SELECTION,False,,,False,112,PRICE_NOT_AVAILABLE,YES_SAME_A2R_ECONOMIC_FAMILY,RESET_OR_ENDPOINT_UNAVAILABLE,NO
2020-09-03,GLOBAL_WATER,LIST-D8FFDF488EC49B5D,LIST-FC11036191168002,IE00B1TXK627,DH2O,A2R_CANONICAL_SELECTION,True,2020-09-02,1.0,False,112,EXACT_PREVIOUS_XLON_SESSION_ENDPOINT,YES_SAME_A2R_ECONOMIC_FAMILY,RESET_OR_ENDPOINT_UNAVAILABLE,NO
2020-09-07,GLOBAL_WATER,LIST-FC11036191168002,LIST-D8FFDF488EC49B5D,FR0010527275,WATL,A2R_CANONICAL_SELECTION,False,,,False,112,PRICE_NOT_AVAILABLE,YES_SAME_A2R_ECONOMIC_FAMILY,RESET_OR_ENDPOINT_UNAVAILABLE,NO
2020-09-08,GLOBAL_WATER,LIST-D8FFDF488EC49B5D,LIST-FC11036191168002,IE00B1TXK627,DH2O,A2R_CANONICAL_SELECTION,True,2020-09-07,1.0,False,112,EXACT_PREVIOUS_XLON_SESSION_ENDPOINT,YES_SAME_A2R_ECONOMIC_FAMILY,RESET_OR_ENDPOINT_UNAVAILABLE,NO
2020-09-09,GLOBAL_WATER,LIST-FC11036191168002,LIST-D8FFDF488EC49B5D,FR0010527275,WATL,A2R_CANONICAL_SELECTION,True,2020-09-08,1.0,True,112,SEMANTICALLY_IDENTICAL_IMPLEMENTATION_TRANSITION,YES_SAME_A2R_ECONOMIC_FAMILY,CONTINUE,NO
2020-09-15,GLOBAL_WATER,LIST-D8FFDF488EC49B5D,LIST-FC11036191168002,IE00B1TXK627,DH2O,A2R_CANONICAL_SELECTION,True,2020-09-14,1.0,True,112,SEMANTICALLY_IDENTICAL_IMPLEMENTATION_TRANSITION,YES_SAME_A2R_ECONOMIC_FAMILY,CONTINUE,NO
2020-09-18,GLOBAL_WATER,LIST-FC11036191168002,LIST-D8FFDF488EC49B5D,FR0010527275,WATL,A2R_CANONICAL_SELECTION,True,2020-09-17,1.0,True,112,SEMANTICALLY_IDENTICAL_IMPLEMENTATION_TRANSITION,YES_SAME_A2R_ECONOMIC_FAMILY,CONTINUE,NO
2020-09-25,GLOBAL_WATER,LIST-D8FFDF488EC49B5D,LIST-FC11036191168002,IE00B1TXK627,DH2O,A2R_CANONICAL_SELECTION,True,2020-09-24,1.0,True,112,SEMANTICALLY_IDENTICAL_IMPLEMENTATION_TRANSITION,YES_SAME_A2R_ECONOMIC_FAMILY,CONTINUE,NO
2020-09-28,GLOBAL_WATER,LIST-FC11036191168002,LIST-D8FFDF488EC49B5D,FR0010527275,WATL,A2R_CANONICAL_SELECTION,True,2020-09-25,1.0,True,112,SEMANTICALLY_IDENTICAL_IMPLEMENTATION_TRANSITION,YES_SAME_A2R_ECONOMIC_FAMILY,CONTINUE,NO
2020-09-30,GLOBAL_WATER,LIST-D8FFDF488EC49B5D,LIST-FC11036191168002,IE00B1TXK627,DH2O,A2R_CANONICAL_SELECTION,True,2020-09-29,1.0,True,112,SEMANTICALLY_IDENTICAL_IMPLEMENTATION_TRANSITION,YES_SAME_A2R_ECONOMIC_FAMILY,CONTINUE,NO
2020-10-05,GLOBAL_WATER,LIST-FC11036191168002,LIST-D8FFDF488EC49B5D,FR0010527275,WATL,A2R_CANONICAL_SELECTION,True,2020-10-02,1.0,True,112,SEMANTICALLY_IDENTICAL_IMPLEMENTATION_TRANSITION,YES_SAME_A2R_ECONOMIC_FAMILY,CONTINUE,NO
2020-10-07,GLOBAL_WATER,LIST-D8FFDF488EC49B5D,LIST-FC11036191168002,IE00B1TXK627,DH2O,A2R_CANONICAL_SELECTION,True,2020-10-06,1.0,True,112,SEMANTICALLY_IDENTICAL_IMPLEMENTATION_TRANSITION,YES_SAME_A2R_ECONOMIC_FAMILY,CONTINUE,NO
2020-10-09,GLOBAL_WATER,LIST-FC11036191168002,LIST-D8FFDF488EC49B5D,FR0010527275,WATL,A2R_CANONICAL_SELECTION,False,,,False,112,PRICE_NOT_AVAILABLE,YES_SAME_A2R_ECONOMIC_FAMILY,RESET_OR_ENDPOINT_UNAVAILABLE,NO
2020-10-12,GLOBAL_WATER,LIST-D8FFDF488EC49B5D,LIST-FC11036191168002,IE00B1TXK627,DH2O,A2R_CANONICAL_SELECTION,True,2020-10-09,1.0,False,112,EXACT_PREVIOUS_XLON_SESSION_ENDPOINT,YES_SAME_A2R_ECONOMIC_FAMILY,RESET_OR_ENDPOINT_UNAVAILABLE,NO
2020-10-13,GLOBAL_WATER,LIST-FC11036191168002,LIST-D8FFDF488EC49B5D,FR0010527275,WATL,A2R_CANONICAL_SELECTION,True,2020-10-12,1.0,True,112,SEMANTICALLY_IDENTICAL_IMPLEMENTATION_TRANSITION,YES_SAME_A2R_ECONOMIC_FAMILY,CONTINUE,NO
2020-10-19,GLOBAL_WATER,LIST-D8FFDF488EC49B5D,LIST-FC11036191168002,IE00B1TXK627,DH2O,A2R_CANONICAL_SELECTION,True,2020-10-16,1.0,True,112,SEMANTICALLY_IDENTICAL_IMPLEMENTATION_TRANSITION,YES_SAME_A2R_ECONOMIC_FAMILY,CONTINUE,NO
2020-10-21,GLOBAL_WATER,LIST-FC11036191168002,LIST-D8FFDF488EC49B5D,FR0010527275,WATL,A2R_CANONICAL_SELECTION,True,2020-10-20,1.0,True,112,SEMANTICALLY_IDENTICAL_IMPLEMENTATION_TRANSITION,YES_SAME_A2R_ECONOMIC_FAMILY,CONTINUE,NO
2020-10-23,GLOBAL_WATER,LIST-D8FFDF488EC49B5D,LIST-FC11036191168002,IE00B1TXK627,DH2O,A2R_CANONICAL_SELECTION,True,2020-10-22,1.0,True,112,SEMANTICALLY_IDENTICAL_IMPLEMENTATION_TRANSITION,YES_SAME_A2R_ECONOMIC_FAMILY,CONTINUE,NO
2020-10-27,GLOBAL_WATER,LIST-FC11036191168002,LIST-D8FFDF488EC49B5D,FR0010527275,WATL,A2R_CANONICAL_SELECTION,True,2020-10-26,1.0,True,112,SEMANTICALLY_IDENTICAL_IMPLEMENTATION_TRANSITION,YES_SAME_A2R_ECONOMIC_FAMILY,CONTINUE,NO
2020-10-30,GLOBAL_WATER,LIST-D8FFDF488EC49B5D,LIST-FC11036191168002,IE00B1TXK627,DH2O,A2R_CANONICAL_SELECTION,True,2020-10-29,1.0,True,112,SEMANTICALLY_IDENTICAL_IMPLEMENTATION_TRANSITION,YES_SAME_A2R_ECONOMIC_FAMILY,CONTINUE,NO
2020-11-02,GLOBAL_WATER,LIST-FC11036191168002,LIST-D8FFDF488EC49B5D,FR0010527275,WATL,A2R_CANONICAL_SELECTION,False,,,False,112,PRICE_NOT_AVAILABLE,YES_SAME_A2R_ECONOMIC_FAMILY,RESET_OR_ENDPOINT_UNAVAILABLE,NO
2020-11-03,GLOBAL_WATER,LIST-D8FFDF488EC49B5D,LIST-FC11036191168002,IE00B1TXK627,DH2O,A2R_CANONICAL_SELECTION,True,2020-11-02,1.0,False,112,EXACT_PREVIOUS_XLON_SESSION_ENDPOINT,YES_SAME_A2R_ECONOMIC_FAMILY,RESET_OR_ENDPOINT_UNAVAILABLE,NO
2020-11-04,GLOBAL_WATER,LIST-FC11036191168002,LIST-D8FFDF488EC49B5D,FR0010527275,WATL,A2R_CANONICAL_SELECTION,False,,,False,112,PRICE_NOT_AVAILABLE,YES_SAME_A2R_ECONOMIC_FAMILY,RESET_OR_ENDPOINT_UNAVAILABLE,NO
2020-11-05,GLOBAL_WATER,LIST-D8FFDF488EC49B5D,LIST-FC11036191168002,IE00B1TXK627,DH2O,A2R_CANONICAL_SELECTION,True,2020-11-04,1.0,False,112,EXACT_PREVIOUS_XLON_SESSION_ENDPOINT,YES_SAME_A2R_ECONOMIC_FAMILY,RESET_OR_ENDPOINT_UNAVAILABLE,NO
2020-11-06,GLOBAL_WATER,LIST-FC11036191168002,LIST-D8FFDF488EC49B5D,FR0010527275,WATL,A2R_CANONICAL_SELECTION,False,,,False,112,PRICE_NOT_AVAILABLE,YES_SAME_A2R_ECONOMIC_FAMILY,RESET_OR_ENDPOINT_UNAVAILABLE,NO
2020-11-09,GLOBAL_WATER,LIST-D8FFDF488EC49B5D,LIST-FC11036191168002,IE00B1TXK627,DH2O,A2R_CANONICAL_SELECTION,True,2020-11-06,1.0,False,112,EXACT_PREVIOUS_XLON_SESSION_ENDPOINT,YES_SAME_A2R_ECONOMIC_FAMILY,RESET_OR_ENDPOINT_UNAVAILABLE,NO
2020-11-10,GLOBAL_WATER,LIST-FC11036191168002,LIST-D8FFDF488EC49B5D,FR0010527275,WATL,A2R_CANONICAL_SELECTION,True,2020-11-09,1.0,True,112,SEMANTICALLY_IDENTICAL_IMPLEMENTATION_TRANSITION,YES_SAME_A2R_ECONOMIC_FAMILY,CONTINUE,NO
2020-11-30,GLOBAL_WATER,LIST-D8FFDF488EC49B5D,LIST-FC11036191168002,IE00B1TXK627,DH2O,A2R_CANONICAL_SELECTION,True,2020-11-27,1.0,True,112,SEMANTICALLY_IDENTICAL_IMPLEMENTATION_TRANSITION,YES_SAME_A2R_ECONOMIC_FAMILY,CONTINUE,NO
2020-12-01,GLOBAL_WATER,LIST-FC11036191168002,LIST-D8FFDF488EC49B5D,FR0010527275,WATL,A2R_CANONICAL_SELECTION,True,2020-11-30,1.0,True,112,SEMANTICALLY_IDENTICAL_IMPLEMENTATION_TRANSITION,YES_SAME_A2R_ECONOMIC_FAMILY,CONTINUE,NO
2020-12-09,GLOBAL_WATER,LIST-D8FFDF488EC49B5D,LIST-FC11036191168002,IE00B1TXK627,DH2O,A2R_CANONICAL_SELECTION,True,2020-12-08,1.0,True,112,SEMANTICALLY_IDENTICAL_IMPLEMENTATION_TRANSITION,YES_SAME_A2R_ECONOMIC_FAMILY,CONTINUE,NO
2020-12-10,GLOBAL_WATER,LIST-FC11036191168002,LIST-D8FFDF488EC49B5D,FR0010527275,WATL,A2R_CANONICAL_SELECTION,True,2020-12-09,1.0,True,112,SEMANTICALLY_IDENTICAL_IMPLEMENTATION_TRANSITION,YES_SAME_A2R_ECONOMIC_FAMILY,CONTINUE,NO
2020-12-14,GLOBAL_WATER,LIST-D8FFDF488EC49B5D,LIST-FC11036191168002,IE00B1TXK627,DH2O,A2R_CANONICAL_SELECTION,True,2020-12-11,1.0,True,112,SEMANTICALLY_IDENTICAL_IMPLEMENTATION_TRANSITION,YES_SAME_A2R_ECONOMIC_FAMILY,CONTINUE,NO
2020-12-15,GLOBAL_WATER,LIST-FC11036191168002,LIST-D8FFDF488EC49B5D,FR0010527275,WATL,A2R_CANONICAL_SELECTION,True,2020-12-14,1.0,True,112,SEMANTICALLY_IDENTICAL_IMPLEMENTATION_TRANSITION,YES_SAME_A2R_ECONOMIC_FAMILY,CONTINUE,NO
2020-12-17,GLOBAL_WATER,LIST-D8FFDF488EC49B5D,LIST-FC11036191168002,IE00B1TXK627,DH2O,A2R_CANONICAL_SELECTION,True,2020-12-16,1.0,True,112,SEMANTICALLY_IDENTICAL_IMPLEMENTATION_TRANSITION,YES_SAME_A2R_ECONOMIC_FAMILY,CONTINUE,NO
2020-12-21,GLOBAL_WATER,LIST-FC11036191168002,LIST-D8FFDF488EC49B5D,FR0010527275,WATL,A2R_CANONICAL_SELECTION,True,2020-12-18,1.0,True,112,SEMANTICALLY_IDENTICAL_IMPLEMENTATION_TRANSITION,YES_SAME_A2R_ECONOMIC_FAMILY,CONTINUE,NO
2021-02-12,GLOBAL_WATER,LIST-D8FFDF488EC49B5D,LIST-FC11036191168002,IE00B1TXK627,DH2O,A2R_CANONICAL_SELECTION,True,2021-02-11,1.0,True,112,SEMANTICALLY_IDENTICAL_IMPLEMENTATION_TRANSITION,YES_SAME_A2R_ECONOMIC_FAMILY,CONTINUE,NO
2021-02-15,GLOBAL_WATER,LIST-FC11036191168002,LIST-D8FFDF488EC49B5D,FR0010527275,WATL,A2R_CANONICAL_SELECTION,True,2021-02-12,1.0,True,112,SEMANTICALLY_IDENTICAL_IMPLEMENTATION_TRANSITION,YES_SAME_A2R_ECONOMIC_FAMILY,CONTINUE,NO
2021-02-23,GLOBAL_WATER,LIST-D8FFDF488EC49B5D,LIST-FC11036191168002,IE00B1TXK627,DH2O,A2R_CANONICAL_SELECTION,True,2021-02-22,1.0,True,112,SEMANTICALLY_IDENTICAL_IMPLEMENTATION_TRANSITION,YES_SAME_A2R_ECONOMIC_FAMILY,CONTINUE,NO
2021-02-24,GLOBAL_WATER,LIST-FC11036191168002,LIST-D8FFDF488EC49B5D,FR0010527275,WATL,A2R_CANONICAL_SELECTION,True,2021-02-23,1.0,True,112,SEMANTICALLY_IDENTICAL_IMPLEMENTATION_TRANSITION,YES_SAME_A2R_ECONOMIC_FAMILY,CONTINUE,NO
2021-03-17,GLOBAL_WATER,LIST-D8FFDF488EC49B5D,LIST-FC11036191168002,IE00B1TXK627,DH2O,A2R_CANONICAL_SELECTION,True,2021-03-16,1.0,True,112,SEMANTICALLY_IDENTICAL_IMPLEMENTATION_TRANSITION,YES_SAME_A2R_ECONOMIC_FAMILY,CONTINUE,NO
2021-03-18,GLOBAL_WATER,LIST-FC11036191168002,LIST-D8FFDF488EC49B5D,FR0010527275,WATL,A2R_CANONICAL_SELECTION,False,,,False,112,PRICE_NOT_AVAILABLE,YES_SAME_A2R_ECONOMIC_FAMILY,RESET_OR_ENDPOINT_UNAVAILABLE,NO
2021-03-19,GLOBAL_WATER,LIST-D8FFDF488EC49B5D,LIST-FC11036191168002,IE00B1TXK627,DH2O,A2R_CANONICAL_SELECTION,True,2021-03-18,1.0,False,112,EXACT_PREVIOUS_XLON_SESSION_ENDPOINT,YES_SAME_A2R_ECONOMIC_FAMILY,RESET_OR_ENDPOINT_UNAVAILABLE,NO
2021-03-22,GLOBAL_WATER,LIST-FC11036191168002,LIST-D8FFDF488EC49B5D,FR0010527275,WATL,A2R_CANONICAL_SELECTION,True,2021-03-19,1.0,True,112,SEMANTICALLY_IDENTICAL_IMPLEMENTATION_TRANSITION,YES_SAME_A2R_ECONOMIC_FAMILY,CONTINUE,NO
2021-05-11,GLOBAL_WATER,LIST-D8FFDF488EC49B5D,LIST-FC11036191168002,IE00B1TXK627,DH2O,A2R_CANONICAL_SELECTION,True,2021-05-10,1.0,True,112,SEMANTICALLY_IDENTICAL_IMPLEMENTATION_TRANSITION,YES_SAME_A2R_ECONOMIC_FAMILY,CONTINUE,NO
2021-05-12,GLOBAL_WATER,LIST-FC11036191168002,LIST-D8FFDF488EC49B5D,FR0010527275,WATL,A2R_CANONICAL_SELECTION,True,2021-05-11,1.0,True,112,SEMANTICALLY_IDENTICAL_IMPLEMENTATION_TRANSITION,YES_SAME_A2R_ECONOMIC_FAMILY,CONTINUE,NO
2021-05-21,GLOBAL_WATER,LIST-D8FFDF488EC49B5D,LIST-FC11036191168002,IE00B1TXK627,DH2O,A2R_CANONICAL_SELECTION,True,2021-05-20,1.0,True,112,SEMANTICALLY_IDENTICAL_IMPLEMENTATION_TRANSITION,YES_SAME_A2R_ECONOMIC_FAMILY,CONTINUE,NO
2021-05-26,GLOBAL_WATER,LIST-FC11036191168002,LIST-D8FFDF488EC49B5D,FR0010527275,WATL,A2R_CANONICAL_SELECTION,True,2021-05-25,1.0,True,112,SEMANTICALLY_IDENTICAL_IMPLEMENTATION_TRANSITION,YES_SAME_A2R_ECONOMIC_FAMILY,CONTINUE,NO
2021-06-03,GLOBAL_WATER,LIST-D8FFDF488EC49B5D,LIST-FC11036191168002,IE00B1TXK627,DH2O,A2R_CANONICAL_SELECTION,True,2021-06-02,1.0,True,112,SEMANTICALLY_IDENTICAL_IMPLEMENTATION_TRANSITION,YES_SAME_A2R_ECONOMIC_FAMILY,CONTINUE,NO
2021-06-04,GLOBAL_WATER,LIST-FC11036191168002,LIST-D8FFDF488EC49B5D,FR0010527275,WATL,A2R_CANONICAL_SELECTION,True,2021-06-03,1.0,True,112,SEMANTICALLY_IDENTICAL_IMPLEMENTATION_TRANSITION,YES_SAME_A2R_ECONOMIC_FAMILY,CONTINUE,NO
2021-06-11,GLOBAL_WATER,LIST-D8FFDF488EC49B5D,LIST-FC11036191168002,IE00B1TXK627,DH2O,A2R_CANONICAL_SELECTION,True,2021-06-10,1.0,True,112,SEMANTICALLY_IDENTICAL_IMPLEMENTATION_TRANSITION,YES_SAME_A2R_ECONOMIC_FAMILY,CONTINUE,NO
2021-06-14,GLOBAL_WATER,LIST-FC11036191168002,LIST-D8FFDF488EC49B5D,FR0010527275,WATL,A2R_CANONICAL_SELECTION,True,2021-06-11,1.0,True,112,SEMANTICALLY_IDENTICAL_IMPLEMENTATION_TRANSITION,YES_SAME_A2R_ECONOMIC_FAMILY,CONTINUE,NO
2021-06-17,GLOBAL_WATER,LIST-D8FFDF488EC49B5D,LIST-FC11036191168002,IE00B1TXK627,DH2O,A2R_CANONICAL_SELECTION,True,2021-06-16,1.0,True,112,SEMANTICALLY_IDENTICAL_IMPLEMENTATION_TRANSITION,YES_SAME_A2R_ECONOMIC_FAMILY,CONTINUE,NO
2021-06-18,GLOBAL_WATER,LIST-FC11036191168002,LIST-D8FFDF488EC49B5D,FR0010527275,WATL,A2R_CANONICAL_SELECTION,True,2021-06-17,1.0,True,112,SEMANTICALLY_IDENTICAL_IMPLEMENTATION_TRANSITION,YES_SAME_A2R_ECONOMIC_FAMILY,CONTINUE,NO
2021-06-24,GLOBAL_WATER,LIST-D8FFDF488EC49B5D,LIST-FC11036191168002,IE00B1TXK627,DH2O,A2R_CANONICAL_SELECTION,True,2021-06-23,1.0,True,112,SEMANTICALLY_IDENTICAL_IMPLEMENTATION_TRANSITION,YES_SAME_A2R_ECONOMIC_FAMILY,CONTINUE,NO
2021-06-28,GLOBAL_WATER,LIST-FC11036191168002,LIST-D8FFDF488EC49B5D,FR0010527275,WATL,A2R_CANONICAL_SELECTION,False,,,False,112,PRICE_NOT_AVAILABLE,YES_SAME_A2R_ECONOMIC_FAMILY,RESET_OR_ENDPOINT_UNAVAILABLE,NO
2021-06-29,GLOBAL_WATER,LIST-D8FFDF488EC49B5D,LIST-FC11036191168002,IE00B1TXK627,DH2O,A2R_CANONICAL_SELECTION,True,2021-06-28,1.0,False,112,EXACT_PREVIOUS_XLON_SESSION_ENDPOINT,YES_SAME_A2R_ECONOMIC_FAMILY,RESET_OR_ENDPOINT_UNAVAILABLE,NO
2021-06-30,GLOBAL_WATER,LIST-FC11036191168002,LIST-D8FFDF488EC49B5D,FR0010527275,WATL,A2R_CANONICAL_SELECTION,False,,,False,112,PRICE_NOT_AVAILABLE,YES_SAME_A2R_ECONOMIC_FAMILY,RESET_OR_ENDPOINT_UNAVAILABLE,NO
2021-07-01,GLOBAL_WATER,LIST-D8FFDF488EC49B5D,LIST-FC11036191168002,IE00B1TXK627,DH2O,A2R_CANONICAL_SELECTION,True,2021-06-30,1.0,False,112,EXACT_PREVIOUS_XLON_SESSION_ENDPOINT,YES_SAME_A2R_ECONOMIC_FAMILY,RESET_OR_ENDPOINT_UNAVAILABLE,NO
2021-07-06,GLOBAL_WATER,LIST-FC11036191168002,LIST-D8FFDF488EC49B5D,FR0010527275,WATL,A2R_CANONICAL_SELECTION,True,2021-07-05,1.0,True,112,SEMANTICALLY_IDENTICAL_IMPLEMENTATION_TRANSITION,YES_SAME_A2R_ECONOMIC_FAMILY,CONTINUE,NO
2021-07-08,GLOBAL_WATER,LIST-D8FFDF488EC49B5D,LIST-FC11036191168002,IE00B1TXK627,DH2O,A2R_CANONICAL_SELECTION,True,2021-07-07,1.0,True,112,SEMANTICALLY_IDENTICAL_IMPLEMENTATION_TRANSITION,YES_SAME_A2R_ECONOMIC_FAMILY,CONTINUE,NO
2021-07-09,GLOBAL_WATER,LIST-FC11036191168002,LIST-D8FFDF488EC49B5D,FR0010527275,WATL,A2R_CANONICAL_SELECTION,False,,,False,112,PRICE_NOT_AVAILABLE,YES_SAME_A2R_ECONOMIC_FAMILY,RESET_OR_ENDPOINT_UNAVAILABLE,NO
2021-07-12,GLOBAL_WATER,LIST-D8FFDF488EC49B5D,LIST-FC11036191168002,IE00B1TXK627,DH2O,A2R_CANONICAL_SELECTION,True,2021-07-09,1.0,False,112,EXACT_PREVIOUS_XLON_SESSION_ENDPOINT,YES_SAME_A2R_ECONOMIC_FAMILY,RESET_OR_ENDPOINT_UNAVAILABLE,NO
2021-07-13,GLOBAL_WATER,LIST-FC11036191168002,LIST-D8FFDF488EC49B5D,FR0010527275,WATL,A2R_CANONICAL_SELECTION,True,2021-07-12,1.0,True,112,SEMANTICALLY_IDENTICAL_IMPLEMENTATION_TRANSITION,YES_SAME_A2R_ECONOMIC_FAMILY,CONTINUE,NO
2021-07-20,GLOBAL_WATER,LIST-D8FFDF488EC49B5D,LIST-FC11036191168002,IE00B1TXK627,DH2O,A2R_CANONICAL_SELECTION,True,2021-07-19,1.0,True,112,SEMANTICALLY_IDENTICAL_IMPLEMENTATION_TRANSITION,YES_SAME_A2R_ECONOMIC_FAMILY,CONTINUE,NO
2021-07-21,GLOBAL_WATER,LIST-FC11036191168002,LIST-D8FFDF488EC49B5D,FR0010527275,WATL,A2R_CANONICAL_SELECTION,False,,,False,112,PRICE_NOT_AVAILABLE,YES_SAME_A2R_ECONOMIC_FAMILY,RESET_OR_ENDPOINT_UNAVAILABLE,NO
2021-07-22,GLOBAL_WATER,LIST-D8FFDF488EC49B5D,LIST-FC11036191168002,IE00B1TXK627,DH2O,A2R_CANONICAL_SELECTION,True,2021-07-21,1.0,False,112,EXACT_PREVIOUS_XLON_SESSION_ENDPOINT,YES_SAME_A2R_ECONOMIC_FAMILY,RESET_OR_ENDPOINT_UNAVAILABLE,NO
2021-07-23,GLOBAL_WATER,LIST-FC11036191168002,LIST-D8FFDF488EC49B5D,FR0010527275,WATL,A2R_CANONICAL_SELECTION,True,2021-07-22,1.0,True,112,SEMANTICALLY_IDENTICAL_IMPLEMENTATION_TRANSITION,YES_SAME_A2R_ECONOMIC_FAMILY,CONTINUE,NO
2021-08-10,GLOBAL_WATER,LIST-D8FFDF488EC49B5D,LIST-FC11036191168002,IE00B1TXK627,DH2O,A2R_CANONICAL_SELECTION,True,2021-08-09,1.0,True,112,SEMANTICALLY_IDENTICAL_IMPLEMENTATION_TRANSITION,YES_SAME_A2R_ECONOMIC_FAMILY,CONTINUE,NO
2021-08-11,GLOBAL_WATER,LIST-FC11036191168002,LIST-D8FFDF488EC49B5D,FR0010527275,WATL,A2R_CANONICAL_SELECTION,True,2021-08-10,1.0,True,112,SEMANTICALLY_IDENTICAL_IMPLEMENTATION_TRANSITION,YES_SAME_A2R_ECONOMIC_FAMILY,CONTINUE,NO
2021-08-13,GLOBAL_WATER,LIST-D8FFDF488EC49B5D,LIST-FC11036191168002,IE00B1TXK627,DH2O,A2R_CANONICAL_SELECTION,True,2021-08-12,1.0,True,112,SEMANTICALLY_IDENTICAL_IMPLEMENTATION_TRANSITION,YES_SAME_A2R_ECONOMIC_FAMILY,CONTINUE,NO
2021-08-16,GLOBAL_WATER,LIST-FC11036191168002,LIST-D8FFDF488EC49B5D,FR0010527275,WATL,A2R_CANONICAL_SELECTION,True,2021-08-13,1.0,True,112,SEMANTICALLY_IDENTICAL_IMPLEMENTATION_TRANSITION,YES_SAME_A2R_ECONOMIC_FAMILY,CONTINUE,NO
2021-08-24,GLOBAL_WATER,LIST-D8FFDF488EC49B5D,LIST-FC11036191168002,IE00B1TXK627,DH2O,A2R_CANONICAL_SELECTION,True,2021-08-23,1.0,True,112,SEMANTICALLY_IDENTICAL_IMPLEMENTATION_TRANSITION,YES_SAME_A2R_ECONOMIC_FAMILY,CONTINUE,NO
2021-08-25,GLOBAL_WATER,LIST-FC11036191168002,LIST-D8FFDF488EC49B5D,FR0010527275,WATL,A2R_CANONICAL_SELECTION,False,,,False,112,PRICE_NOT_AVAILABLE,YES_SAME_A2R_ECONOMIC_FAMILY,RESET_OR_ENDPOINT_UNAVAILABLE,NO
2021-08-26,GLOBAL_WATER,LIST-D8FFDF488EC49B5D,LIST-FC11036191168002,IE00B1TXK627,DH2O,A2R_CANONICAL_SELECTION,True,2021-08-25,1.0,False,112,EXACT_PREVIOUS_XLON_SESSION_ENDPOINT,YES_SAME_A2R_ECONOMIC_FAMILY,RESET_OR_ENDPOINT_UNAVAILABLE,NO
2021-09-01,GLOBAL_WATER,LIST-FC11036191168002,LIST-D8FFDF488EC49B5D,FR0010527275,WATL,A2R_CANONICAL_SELECTION,True,2021-08-31,1.0,True,112,SEMANTICALLY_IDENTICAL_IMPLEMENTATION_TRANSITION,YES_SAME_A2R_ECONOMIC_FAMILY,CONTINUE,NO
2021-09-10,GLOBAL_WATER,LIST-D8FFDF488EC49B5D,LIST-FC11036191168002,IE00B1TXK627,DH2O,A2R_CANONICAL_SELECTION,True,2021-09-09,1.0,True,112,SEMANTICALLY_IDENTICAL_IMPLEMENTATION_TRANSITION,YES_SAME_A2R_ECONOMIC_FAMILY,CONTINUE,NO
2021-09-13,GLOBAL_WATER,LIST-FC11036191168002,LIST-D8FFDF488EC49B5D,FR0010527275,WATL,A2R_CANONICAL_SELECTION,True,2021-09-10,1.0,True,112,SEMANTICALLY_IDENTICAL_IMPLEMENTATION_TRANSITION,YES_SAME_A2R_ECONOMIC_FAMILY,CONTINUE,NO
2021-09-22,GLOBAL_WATER,LIST-D8FFDF488EC49B5D,LIST-FC11036191168002,IE00B1TXK627,DH2O,A2R_CANONICAL_SELECTION,True,2021-09-21,1.0,True,112,SEMANTICALLY_IDENTICAL_IMPLEMENTATION_TRANSITION,YES_SAME_A2R_ECONOMIC_FAMILY,CONTINUE,NO
2021-09-23,GLOBAL_WATER,LIST-FC11036191168002,LIST-D8FFDF488EC49B5D,FR0010527275,WATL,A2R_CANONICAL_SELECTION,True,2021-09-22,1.0,True,112,SEMANTICALLY_IDENTICAL_IMPLEMENTATION_TRANSITION,YES_SAME_A2R_ECONOMIC_FAMILY,CONTINUE,NO
2021-10-07,GLOBAL_WATER,LIST-D8FFDF488EC49B5D,LIST-FC11036191168002,IE00B1TXK627,DH2O,A2R_CANONICAL_SELECTION,True,2021-10-06,1.0,True,112,SEMANTICALLY_IDENTICAL_IMPLEMENTATION_TRANSITION,YES_SAME_A2R_ECONOMIC_FAMILY,CONTINUE,NO
2021-10-08,GLOBAL_WATER,LIST-FC11036191168002,LIST-D8FFDF488EC49B5D,FR0010527275,WATL,A2R_CANONICAL_SELECTION,True,2021-10-07,1.0,True,112,SEMANTICALLY_IDENTICAL_IMPLEMENTATION_TRANSITION,YES_SAME_A2R_ECONOMIC_FAMILY,CONTINUE,NO
2021-10-20,GLOBAL_WATER,LIST-D8FFDF488EC49B5D,LIST-FC11036191168002,IE00B1TXK627,DH2O,A2R_CANONICAL_SELECTION,True,2021-10-19,1.0,True,112,SEMANTICALLY_IDENTICAL_IMPLEMENTATION_TRANSITION,YES_SAME_A2R_ECONOMIC_FAMILY,CONTINUE,NO
2021-10-25,GLOBAL_WATER,LIST-FC11036191168002,LIST-D8FFDF488EC49B5D,FR0010527275,WATL,A2R_CANONICAL_SELECTION,False,,,False,112,PRICE_NOT_AVAILABLE,YES_SAME_A2R_ECONOMIC_FAMILY,RESET_OR_ENDPOINT_UNAVAILABLE,NO
2021-10-26,GLOBAL_WATER,LIST-D8FFDF488EC49B5D,LIST-FC11036191168002,IE00B1TXK627,DH2O,A2R_CANONICAL_SELECTION,True,2021-10-25,1.0,False,112,EXACT_PREVIOUS_XLON_SESSION_ENDPOINT,YES_SAME_A2R_ECONOMIC_FAMILY,RESET_OR_ENDPOINT_UNAVAILABLE,NO
2021-10-27,GLOBAL_WATER,LIST-FC11036191168002,LIST-D8FFDF488EC49B5D,FR0010527275,WATL,A2R_CANONICAL_SELECTION,True,2021-10-26,1.0,True,112,SEMANTICALLY_IDENTICAL_IMPLEMENTATION_TRANSITION,YES_SAME_A2R_ECONOMIC_FAMILY,CONTINUE,NO
2021-12-14,GLOBAL_WATER,LIST-D8FFDF488EC49B5D,LIST-A2758BC995EBC5AF,IE000BWKUES1,AQWG,A2R_CANONICAL_SELECTION,True,2021-12-13,1.0,True,112,SEMANTICALLY_IDENTICAL_IMPLEMENTATION_TRANSITION,YES_SAME_A2R_ECONOMIC_FAMILY,CONTINUE,NO
2021-12-15,GLOBAL_WATER,LIST-A2758BC995EBC5AF,LIST-D8FFDF488EC49B5D,FR0010527275,WATL,A2R_CANONICAL_SELECTION,True,2021-12-14,1.0,True,112,SEMANTICALLY_IDENTICAL_IMPLEMENTATION_TRANSITION,YES_SAME_A2R_ECONOMIC_FAMILY,CONTINUE,NO
2021-12-22,GLOBAL_WATER,LIST-D8FFDF488EC49B5D,LIST-A2758BC995EBC5AF,IE000BWKUES1,AQWG,A2R_CANONICAL_SELECTION,True,2021-12-21,1.0,True,112,SEMANTICALLY_IDENTICAL_IMPLEMENTATION_TRANSITION,YES_SAME_A2R_ECONOMIC_FAMILY,CONTINUE,NO
2021-12-23,GLOBAL_WATER,LIST-A2758BC995EBC5AF,LIST-D8FFDF488EC49B5D,FR0010527275,WATL,A2R_CANONICAL_SELECTION,True,2021-12-22,1.0,True,112,SEMANTICALLY_IDENTICAL_IMPLEMENTATION_TRANSITION,YES_SAME_A2R_ECONOMIC_FAMILY,CONTINUE,NO
2022-02-18,GLOBAL_WATER,LIST-D8FFDF488EC49B5D,LIST-A2758BC995EBC5AF,IE000BWKUES1,AQWG,A2R_CANONICAL_SELECTION,True,2022-02-17,1.0,True,112,SEMANTICALLY_IDENTICAL_IMPLEMENTATION_TRANSITION,YES_SAME_A2R_ECONOMIC_FAMILY,CONTINUE,NO
2022-02-21,GLOBAL_WATER,LIST-A2758BC995EBC5AF,LIST-D8FFDF488EC49B5D,FR0010527275,WATL,A2R_CANONICAL_SELECTION,True,2022-02-18,1.0,True,112,SEMANTICALLY_IDENTICAL_IMPLEMENTATION_TRANSITION,YES_SAME_A2R_ECONOMIC_FAMILY,CONTINUE,NO
2022-05-18,GLOBAL_WATER,LIST-D8FFDF488EC49B5D,LIST-A2758BC995EBC5AF,IE000BWKUES1,AQWG,A2R_CANONICAL_SELECTION,True,2022-05-17,1.0,True,112,SEMANTICALLY_IDENTICAL_IMPLEMENTATION_TRANSITION,YES_SAME_A2R_ECONOMIC_FAMILY,CONTINUE,NO
2022-05-19,GLOBAL_WATER,LIST-A2758BC995EBC5AF,LIST-D8FFDF488EC49B5D,FR0010527275,WATL,A2R_CANONICAL_SELECTION,True,2022-05-18,1.0,True,112,SEMANTICALLY_IDENTICAL_IMPLEMENTATION_TRANSITION,YES_SAME_A2R_ECONOMIC_FAMILY,CONTINUE,NO
2022-06-24,GLOBAL_WATER,LIST-D8FFDF488EC49B5D,LIST-A2758BC995EBC5AF,IE000BWKUES1,AQWG,A2R_CANONICAL_SELECTION,True,2022-06-23,1.0,True,112,SEMANTICALLY_IDENTICAL_IMPLEMENTATION_TRANSITION,YES_SAME_A2R_ECONOMIC_FAMILY,CONTINUE,NO
2022-06-27,GLOBAL_WATER,LIST-A2758BC995EBC5AF,LIST-D8FFDF488EC49B5D,FR0010527275,WATL,A2R_CANONICAL_SELECTION,True,2022-06-24,1.0,True,112,SEMANTICALLY_IDENTICAL_IMPLEMENTATION_TRANSITION,YES_SAME_A2R_ECONOMIC_FAMILY,CONTINUE,NO
2022-07-04,GLOBAL_WATER,LIST-D8FFDF488EC49B5D,LIST-A2758BC995EBC5AF,IE000BWKUES1,AQWG,A2R_CANONICAL_SELECTION,True,2022-07-01,1.0,True,112,SEMANTICALLY_IDENTICAL_IMPLEMENTATION_TRANSITION,YES_SAME_A2R_ECONOMIC_FAMILY,CONTINUE,NO
2022-07-05,GLOBAL_WATER,LIST-A2758BC995EBC5AF,LIST-D8FFDF488EC49B5D,FR0010527275,WATL,A2R_CANONICAL_SELECTION,True,2022-07-04,1.0,True,112,SEMANTICALLY_IDENTICAL_IMPLEMENTATION_TRANSITION,YES_SAME_A2R_ECONOMIC_FAMILY,CONTINUE,NO
2022-07-21,GLOBAL_WATER,LIST-D8FFDF488EC49B5D,LIST-A2758BC995EBC5AF,IE000BWKUES1,AQWG,A2R_CANONICAL_SELECTION,True,2022-07-20,1.0,True,112,SEMANTICALLY_IDENTICAL_IMPLEMENTATION_TRANSITION,YES_SAME_A2R_ECONOMIC_FAMILY,CONTINUE,NO
2022-07-22,GLOBAL_WATER,LIST-A2758BC995EBC5AF,LIST-D8FFDF488EC49B5D,FR0010527275,WATL,A2R_CANONICAL_SELECTION,True,2022-07-21,1.0,True,112,SEMANTICALLY_IDENTICAL_IMPLEMENTATION_TRANSITION,YES_SAME_A2R_ECONOMIC_FAMILY,CONTINUE,NO
2022-09-12,GLOBAL_WATER,LIST-D8FFDF488EC49B5D,LIST-A2758BC995EBC5AF,IE000BWKUES1,AQWG,A2R_CANONICAL_SELECTION,True,2022-09-09,1.0,True,112,SEMANTICALLY_IDENTICAL_IMPLEMENTATION_TRANSITION,YES_SAME_A2R_ECONOMIC_FAMILY,CONTINUE,NO
2022-09-13,GLOBAL_WATER,LIST-A2758BC995EBC5AF,LIST-D8FFDF488EC49B5D,FR0010527275,WATL,A2R_CANONICAL_SELECTION,True,2022-09-12,1.0,True,112,SEMANTICALLY_IDENTICAL_IMPLEMENTATION_TRANSITION,YES_SAME_A2R_ECONOMIC_FAMILY,CONTINUE,NO
2022-10-12,GLOBAL_WATER,LIST-D8FFDF488EC49B5D,LIST-A2758BC995EBC5AF,IE000BWKUES1,AQWG,A2R_CANONICAL_SELECTION,True,2022-10-11,1.0,True,112,SEMANTICALLY_IDENTICAL_IMPLEMENTATION_TRANSITION,YES_SAME_A2R_ECONOMIC_FAMILY,CONTINUE,NO
2022-10-14,GLOBAL_WATER,LIST-A2758BC995EBC5AF,LIST-D8FFDF488EC49B5D,FR0010527275,WATL,A2R_CANONICAL_SELECTION,True,2022-10-13,1.0,True,112,SEMANTICALLY_IDENTICAL_IMPLEMENTATION_TRANSITION,YES_SAME_A2R_ECONOMIC_FAMILY,CONTINUE,NO
2022-10-24,GLOBAL_WATER,LIST-D8FFDF488EC49B5D,LIST-A2758BC995EBC5AF,IE000BWKUES1,AQWG,A2R_CANONICAL_SELECTION,True,2022-10-21,1.0,True,112,SEMANTICALLY_IDENTICAL_IMPLEMENTATION_TRANSITION,YES_SAME_A2R_ECONOMIC_FAMILY,CONTINUE,NO
2022-10-26,GLOBAL_WATER,LIST-A2758BC995EBC5AF,LIST-D8FFDF488EC49B5D,FR0010527275,WATL,A2R_CANONICAL_SELECTION,True,2022-10-25,1.0,True,112,SEMANTICALLY_IDENTICAL_IMPLEMENTATION_TRANSITION,YES_SAME_A2R_ECONOMIC_FAMILY,CONTINUE,NO
2022-12-07,GLOBAL_WATER,LIST-D8FFDF488EC49B5D,LIST-A2758BC995EBC5AF,IE000BWKUES1,AQWG,A2R_CANONICAL_SELECTION,True,2022-12-06,1.0,True,112,SEMANTICALLY_IDENTICAL_IMPLEMENTATION_TRANSITION,YES_SAME_A2R_ECONOMIC_FAMILY,CONTINUE,NO
2022-12-08,GLOBAL_WATER,LIST-A2758BC995EBC5AF,LIST-D8FFDF488EC49B5D,FR0010527275,WATL,A2R_CANONICAL_SELECTION,False,,,False,112,PRICE_NOT_AVAILABLE,YES_SAME_A2R_ECONOMIC_FAMILY,RESET_OR_ENDPOINT_UNAVAILABLE,NO
2022-12-09,GLOBAL_WATER,LIST-D8FFDF488EC49B5D,LIST-A2758BC995EBC5AF,IE000BWKUES1,AQWG,A2R_CANONICAL_SELECTION,True,2022-12-08,1.0,False,112,EXACT_PREVIOUS_XLON_SESSION_ENDPOINT,YES_SAME_A2R_ECONOMIC_FAMILY,RESET_OR_ENDPOINT_UNAVAILABLE,NO
2022-12-13,GLOBAL_WATER,LIST-A2758BC995EBC5AF,LIST-D8FFDF488EC49B5D,FR0010527275,WATL,A2R_CANONICAL_SELECTION,True,2022-12-12,1.0,True,112,SEMANTICALLY_IDENTICAL_IMPLEMENTATION_TRANSITION,YES_SAME_A2R_ECONOMIC_FAMILY,CONTINUE,NO
2023-01-19,GLOBAL_WATER,LIST-D8FFDF488EC49B5D,LIST-A2758BC995EBC5AF,IE000BWKUES1,AQWG,A2R_CANONICAL_SELECTION,True,2023-01-18,1.0,True,112,SEMANTICALLY_IDENTICAL_IMPLEMENTATION_TRANSITION,YES_SAME_A2R_ECONOMIC_FAMILY,CONTINUE,NO
2023-01-23,GLOBAL_WATER,LIST-A2758BC995EBC5AF,LIST-D8FFDF488EC49B5D,FR0010527275,WATL,A2R_CANONICAL_SELECTION,True,2023-01-20,1.0,True,112,SEMANTICALLY_IDENTICAL_IMPLEMENTATION_TRANSITION,YES_SAME_A2R_ECONOMIC_FAMILY,CONTINUE,NO
2023-02-20,GLOBAL_WATER,LIST-D8FFDF488EC49B5D,LIST-A2758BC995EBC5AF,IE000BWKUES1,AQWG,A2R_CANONICAL_SELECTION,True,2023-02-17,1.0,True,112,SEMANTICALLY_IDENTICAL_IMPLEMENTATION_TRANSITION,YES_SAME_A2R_ECONOMIC_FAMILY,CONTINUE,NO
2023-02-21,GLOBAL_WATER,LIST-A2758BC995EBC5AF,LIST-D8FFDF488EC49B5D,FR0010527275,WATL,A2R_CANONICAL_SELECTION,False,,,False,112,PRICE_NOT_AVAILABLE,YES_SAME_A2R_ECONOMIC_FAMILY,RESET_OR_ENDPOINT_UNAVAILABLE,NO
2023-02-22,GLOBAL_WATER,LIST-D8FFDF488EC49B5D,LIST-A2758BC995EBC5AF,IE000BWKUES1,AQWG,A2R_CANONICAL_SELECTION,True,2023-02-21,1.0,False,112,EXACT_PREVIOUS_XLON_SESSION_ENDPOINT,YES_SAME_A2R_ECONOMIC_FAMILY,RESET_OR_ENDPOINT_UNAVAILABLE,NO
2023-02-23,GLOBAL_WATER,LIST-A2758BC995EBC5AF,LIST-D8FFDF488EC49B5D,FR0010527275,WATL,A2R_CANONICAL_SELECTION,True,2023-02-22,1.0,True,112,SEMANTICALLY_IDENTICAL_IMPLEMENTATION_TRANSITION,YES_SAME_A2R_ECONOMIC_FAMILY,CONTINUE,NO
2023-04-20,GLOBAL_WATER,LIST-D8FFDF488EC49B5D,LIST-A2758BC995EBC5AF,IE000BWKUES1,AQWG,A2R_CANONICAL_SELECTION,True,2023-04-19,1.0,True,112,SEMANTICALLY_IDENTICAL_IMPLEMENTATION_TRANSITION,YES_SAME_A2R_ECONOMIC_FAMILY,CONTINUE,NO
2023-04-21,GLOBAL_WATER,LIST-A2758BC995EBC5AF,LIST-D8FFDF488EC49B5D,FR0010527275,WATL,A2R_CANONICAL_SELECTION,True,2023-04-20,1.0,True,112,SEMANTICALLY_IDENTICAL_IMPLEMENTATION_TRANSITION,YES_SAME_A2R_ECONOMIC_FAMILY,CONTINUE,NO
2023-05-10,GLOBAL_WATER,LIST-D8FFDF488EC49B5D,LIST-A2758BC995EBC5AF,IE000BWKUES1,AQWG,A2R_CANONICAL_SELECTION,True,2023-05-09,1.0,True,112,SEMANTICALLY_IDENTICAL_IMPLEMENTATION_TRANSITION,YES_SAME_A2R_ECONOMIC_FAMILY,CONTINUE,NO
2023-05-11,GLOBAL_WATER,LIST-A2758BC995EBC5AF,LIST-D8FFDF488EC49B5D,FR0010527275,WATL,A2R_CANONICAL_SELECTION,True,2023-05-10,1.0,True,112,SEMANTICALLY_IDENTICAL_IMPLEMENTATION_TRANSITION,YES_SAME_A2R_ECONOMIC_FAMILY,CONTINUE,NO
2023-06-12,GLOBAL_WATER,LIST-D8FFDF488EC49B5D,LIST-A2758BC995EBC5AF,IE000BWKUES1,AQWG,A2R_CANONICAL_SELECTION,True,2023-06-09,1.0,True,112,SEMANTICALLY_IDENTICAL_IMPLEMENTATION_TRANSITION,YES_SAME_A2R_ECONOMIC_FAMILY,CONTINUE,NO
2023-06-13,GLOBAL_WATER,LIST-A2758BC995EBC5AF,LIST-D8FFDF488EC49B5D,FR0010527275,WATL,A2R_CANONICAL_SELECTION,True,2023-06-12,1.0,True,112,SEMANTICALLY_IDENTICAL_IMPLEMENTATION_TRANSITION,YES_SAME_A2R_ECONOMIC_FAMILY,CONTINUE,NO
2023-09-13,GLOBAL_WATER,LIST-D8FFDF488EC49B5D,LIST-A2758BC995EBC5AF,IE000BWKUES1,AQWG,A2R_CANONICAL_SELECTION,True,2023-09-12,1.0,True,112,SEMANTICALLY_IDENTICAL_IMPLEMENTATION_TRANSITION,YES_SAME_A2R_ECONOMIC_FAMILY,CONTINUE,NO
2023-09-14,GLOBAL_WATER,LIST-A2758BC995EBC5AF,LIST-D8FFDF488EC49B5D,FR0010527275,WATL,A2R_CANONICAL_SELECTION,True,2023-09-13,1.0,True,112,SEMANTICALLY_IDENTICAL_IMPLEMENTATION_TRANSITION,YES_SAME_A2R_ECONOMIC_FAMILY,CONTINUE,NO
2008-01-31,INDIA,LIST-52E5E6415569226E,LIST-4BA5E171F10C97BC,LU0292109690,XNID,A2R_CANONICAL_SELECTION,False,,,False,3,PRICE_NOT_AVAILABLE,YES_SAME_A2R_ECONOMIC_FAMILY,RESET_OR_ENDPOINT_UNAVAILABLE,NO
2008-02-01,INDIA,LIST-4BA5E171F10C97BC,LIST-52E5E6415569226E,LU0292109690,XNIF,A2R_CANONICAL_SELECTION,True,2008-01-31,1.0,False,3,EXACT_PREVIOUS_XLON_SESSION_ENDPOINT,YES_SAME_A2R_ECONOMIC_FAMILY,RESET_OR_ENDPOINT_UNAVAILABLE,NO
2008-08-13,INDIA,LIST-52E5E6415569226E,LIST-4BA5E171F10C97BC,LU0292109690,XNID,A2R_CANONICAL_SELECTION,False,,,False,4,PRICE_NOT_AVAILABLE,YES_SAME_A2R_ECONOMIC_FAMILY,RESET_OR_ENDPOINT_UNAVAILABLE,NO
2008-08-14,INDIA,LIST-4BA5E171F10C97BC,LIST-52E5E6415569226E,LU0292109690,XNIF,A2R_CANONICAL_SELECTION,True,2008-08-13,,False,5,CONTINUITY_SEGMENT_START_OR_RESET,YES_SAME_A2R_ECONOMIC_FAMILY,RESET_OR_ENDPOINT_UNAVAILABLE,NO
2008-12-02,INDIA,LIST-52E5E6415569226E,LIST-4BA5E171F10C97BC,LU0292109690,XNID,A2R_CANONICAL_SELECTION,True,2008-12-01,1.0,True,10,SEMANTICALLY_IDENTICAL_IMPLEMENTATION_TRANSITION,YES_SAME_A2R_ECONOMIC_FAMILY,CONTINUE,NO
2008-12-03,INDIA,LIST-4BA5E171F10C97BC,LIST-52E5E6415569226E,LU0292109690,XNIF,A2R_CANONICAL_SELECTION,False,,,False,10,PRICE_NOT_AVAILABLE,YES_SAME_A2R_ECONOMIC_FAMILY,RESET_OR_ENDPOINT_UNAVAILABLE,NO
2008-12-24,INDIA,LIST-52E5E6415569226E,LIST-4BA5E171F10C97BC,LU0292109690,XNID,A2R_CANONICAL_SELECTION,False,,,False,11,PRICE_NOT_AVAILABLE,YES_SAME_A2R_ECONOMIC_FAMILY,RESET_OR_ENDPOINT_UNAVAILABLE,NO
2008-12-29,INDIA,LIST-4BA5E171F10C97BC,LIST-52E5E6415569226E,LU0292109690,XNIF,A2R_CANONICAL_SELECTION,True,2008-12-24,1.0,False,11,EXACT_PREVIOUS_XLON_SESSION_ENDPOINT,YES_SAME_A2R_ECONOMIC_FAMILY,RESET_OR_ENDPOINT_UNAVAILABLE,NO
2009-01-02,INDIA,LIST-52E5E6415569226E,LIST-4BA5E171F10C97BC,LU0292109690,XNID,A2R_CANONICAL_SELECTION,True,2008-12-31,1.0,True,11,SEMANTICALLY_IDENTICAL_IMPLEMENTATION_TRANSITION,YES_SAME_A2R_ECONOMIC_FAMILY,CONTINUE,NO
2009-01-05,INDIA,LIST-4BA5E171F10C97BC,LIST-52E5E6415569226E,LU0292109690,XNIF,A2R_CANONICAL_SELECTION,True,2009-01-02,1.0,True,11,SEMANTICALLY_IDENTICAL_IMPLEMENTATION_TRANSITION,YES_SAME_A2R_ECONOMIC_FAMILY,CONTINUE,NO
2009-02-11,INDIA,LIST-52E5E6415569226E,LIST-4BA5E171F10C97BC,LU0292109690,XNID,A2R_CANONICAL_SELECTION,True,2009-02-10,1.0,True,11,SEMANTICALLY_IDENTICAL_IMPLEMENTATION_TRANSITION,YES_SAME_A2R_ECONOMIC_FAMILY,CONTINUE,NO
2009-02-12,INDIA,LIST-4BA5E171F10C97BC,LIST-52E5E6415569226E,LU0292109690,XNIF,A2R_CANONICAL_SELECTION,False,,,False,11,PRICE_NOT_AVAILABLE,YES_SAME_A2R_ECONOMIC_FAMILY,RESET_OR_ENDPOINT_UNAVAILABLE,NO
2009-02-13,INDIA,LIST-52E5E6415569226E,LIST-4BA5E171F10C97BC,LU0292109690,XNID,A2R_CANONICAL_SELECTION,True,2009-02-12,1.0,False,11,EXACT_PREVIOUS_XLON_SESSION_ENDPOINT,YES_SAME_A2R_ECONOMIC_FAMILY,RESET_OR_ENDPOINT_UNAVAILABLE,NO
2009-02-18,INDIA,LIST-4BA5E171F10C97BC,LIST-52E5E6415569226E,LU0292109690,XNIF,A2R_CANONICAL_SELECTION,True,2009-02-17,1.0,True,11,SEMANTICALLY_IDENTICAL_IMPLEMENTATION_TRANSITION,YES_SAME_A2R_ECONOMIC_FAMILY,CONTINUE,NO
2009-05-29,INDIA,LIST-52E5E6415569226E,LIST-4BA5E171F10C97BC,LU0292109690,XNID,A2R_CANONICAL_SELECTION,True,2009-05-28,1.0,True,11,SEMANTICALLY_IDENTICAL_IMPLEMENTATION_TRANSITION,YES_SAME_A2R_ECONOMIC_FAMILY,CONTINUE,NO
2009-06-01,INDIA,LIST-4BA5E171F10C97BC,LIST-52E5E6415569226E,LU0292109690,XNIF,A2R_CANONICAL_SELECTION,True,2009-05-29,1.0,True,11,SEMANTICALLY_IDENTICAL_IMPLEMENTATION_TRANSITION,YES_SAME_A2R_ECONOMIC_FAMILY,CONTINUE,NO
2009-06-04,INDIA,LIST-52E5E6415569226E,LIST-4BA5E171F10C97BC,LU0292109690,XNID,A2R_CANONICAL_SELECTION,True,2009-06-03,1.0,True,11,SEMANTICALLY_IDENTICAL_IMPLEMENTATION_TRANSITION,YES_SAME_A2R_ECONOMIC_FAMILY,CONTINUE,NO
2009-06-05,INDIA,LIST-4BA5E171F10C97BC,LIST-52E5E6415569226E,LU0292109690,XNIF,A2R_CANONICAL_SELECTION,True,2009-06-04,1.0,True,11,SEMANTICALLY_IDENTICAL_IMPLEMENTATION_TRANSITION,YES_SAME_A2R_ECONOMIC_FAMILY,CONTINUE,NO
2009-07-02,INDIA,LIST-4BA5E171F10C97BC,LIST-52E5E6415569226E,LU0292109690,XNIF,A2R_CANONICAL_SELECTION,True,2009-07-01,1.0,True,11,SEMANTICALLY_IDENTICAL_IMPLEMENTATION_TRANSITION,YES_SAME_A2R_ECONOMIC_FAMILY,CONTINUE,NO
2009-07-23,INDIA,LIST-52E5E6415569226E,LIST-4BA5E171F10C97BC,LU0292109690,XNID,A2R_CANONICAL_SELECTION,True,2009-07-22,1.0,True,11,SEMANTICALLY_IDENTICAL_IMPLEMENTATION_TRANSITION,YES_SAME_A2R_ECONOMIC_FAMILY,CONTINUE,NO
2009-07-24,INDIA,LIST-4BA5E171F10C97BC,LIST-52E5E6415569226E,LU0292109690,XNIF,A2R_CANONICAL_SELECTION,False,,,False,11,PRICE_NOT_AVAILABLE,YES_SAME_A2R_ECONOMIC_FAMILY,RESET_OR_ENDPOINT_UNAVAILABLE,NO
2009-07-27,INDIA,LIST-52E5E6415569226E,LIST-4BA5E171F10C97BC,LU0292109690,XNID,A2R_CANONICAL_SELECTION,True,2009-07-24,1.0,False,11,EXACT_PREVIOUS_XLON_SESSION_ENDPOINT,YES_SAME_A2R_ECONOMIC_FAMILY,RESET_OR_ENDPOINT_UNAVAILABLE,NO
2009-07-28,INDIA,LIST-4BA5E171F10C97BC,LIST-52E5E6415569226E,LU0292109690,XNIF,A2R_CANONICAL_SELECTION,True,2009-07-27,1.0,True,11,SEMANTICALLY_IDENTICAL_IMPLEMENTATION_TRANSITION,YES_SAME_A2R_ECONOMIC_FAMILY,CONTINUE,NO
2009-08-21,INDIA,LIST-52E5E6415569226E,LIST-4BA5E171F10C97BC,LU0292109690,XNID,A2R_CANONICAL_SELECTION,False,,,False,11,PRICE_NOT_AVAILABLE,YES_SAME_A2R_ECONOMIC_FAMILY,RESET_OR_ENDPOINT_UNAVAILABLE,NO
2009-08-26,INDIA,LIST-52E5E6415569226E,LIST-4BA5E171F10C97BC,LU0292109690,XNID,A2R_CANONICAL_SELECTION,False,,,False,11,PRICE_NOT_AVAILABLE,YES_SAME_A2R_ECONOMIC_FAMILY,RESET_OR_ENDPOINT_UNAVAILABLE,NO
2009-08-27,INDIA,LIST-4BA5E171F10C97BC,LIST-52E5E6415569226E,LU0292109690,XNIF,A2R_CANONICAL_SELECTION,True,2009-08-26,,False,12,CONTINUITY_SEGMENT_START_OR_RESET,YES_SAME_A2R_ECONOMIC_FAMILY,RESET_OR_ENDPOINT_UNAVAILABLE,NO
2009-10-21,INDIA,LIST-52E5E6415569226E,LIST-4BA5E171F10C97BC,LU0292109690,XNID,A2R_CANONICAL_SELECTION,True,2009-10-20,1.0,True,12,SEMANTICALLY_IDENTICAL_IMPLEMENTATION_TRANSITION,YES_SAME_A2R_ECONOMIC_FAMILY,CONTINUE,NO
2009-10-22,INDIA,LIST-4BA5E171F10C97BC,LIST-52E5E6415569226E,LU0292109690,XNIF,A2R_CANONICAL_SELECTION,True,2009-10-21,1.0,True,12,SEMANTICALLY_IDENTICAL_IMPLEMENTATION_TRANSITION,YES_SAME_A2R_ECONOMIC_FAMILY,CONTINUE,NO
2011-10-11,INDIA,LIST-52E5E6415569226E,LIST-4BA5E171F10C97BC,LU0292109690,XNID,A2R_CANONICAL_SELECTION,True,2011-10-10,1.0,True,12,SEMANTICALLY_IDENTICAL_IMPLEMENTATION_TRANSITION,YES_SAME_A2R_ECONOMIC_FAMILY,CONTINUE,NO
2011-10-12,INDIA,LIST-4BA5E171F10C97BC,LIST-52E5E6415569226E,LU0292109690,XNIF,A2R_CANONICAL_SELECTION,True,2011-10-11,1.0,True,12,SEMANTICALLY_IDENTICAL_IMPLEMENTATION_TRANSITION,YES_SAME_A2R_ECONOMIC_FAMILY,CONTINUE,NO
2011-10-20,INDIA,LIST-52E5E6415569226E,LIST-4BA5E171F10C97BC,LU0292109690,XNID,A2R_CANONICAL_SELECTION,False,,,False,12,PRICE_NOT_AVAILABLE,YES_SAME_A2R_ECONOMIC_FAMILY,RESET_OR_ENDPOINT_UNAVAILABLE,NO
2011-10-21,INDIA,LIST-4BA5E171F10C97BC,LIST-52E5E6415569226E,LU0292109690,XNIF,A2R_CANONICAL_SELECTION,True,2011-10-20,1.0,False,12,EXACT_PREVIOUS_XLON_SESSION_ENDPOINT,YES_SAME_A2R_ECONOMIC_FAMILY,RESET_OR_ENDPOINT_UNAVAILABLE,NO
2011-11-28,INDIA,LIST-52E5E6415569226E,LIST-4BA5E171F10C97BC,LU0292109690,XNID,A2R_CANONICAL_SELECTION,True,2011-11-25,1.0,True,12,SEMANTICALLY_IDENTICAL_IMPLEMENTATION_TRANSITION,YES_SAME_A2R_ECONOMIC_FAMILY,CONTINUE,NO
2011-11-29,INDIA,LIST-4BA5E171F10C97BC,LIST-52E5E6415569226E,LU0292109690,XNIF,A2R_CANONICAL_SELECTION,True,2011-11-28,1.0,True,12,SEMANTICALLY_IDENTICAL_IMPLEMENTATION_TRANSITION,YES_SAME_A2R_ECONOMIC_FAMILY,CONTINUE,NO
2011-12-14,INDIA,LIST-52E5E6415569226E,LIST-4BA5E171F10C97BC,LU0292109690,XNID,A2R_CANONICAL_SELECTION,True,2011-12-13,1.0,True,12,SEMANTICALLY_IDENTICAL_IMPLEMENTATION_TRANSITION,YES_SAME_A2R_ECONOMIC_FAMILY,CONTINUE,NO
2011-12-15,INDIA,LIST-4BA5E171F10C97BC,LIST-52E5E6415569226E,LU0292109690,XNIF,A2R_CANONICAL_SELECTION,True,2011-12-14,1.0,True,12,SEMANTICALLY_IDENTICAL_IMPLEMENTATION_TRANSITION,YES_SAME_A2R_ECONOMIC_FAMILY,CONTINUE,NO
2011-12-28,INDIA,LIST-52E5E6415569226E,LIST-4BA5E171F10C97BC,LU0292109690,XNID,A2R_CANONICAL_SELECTION,False,,,False,12,PRICE_NOT_AVAILABLE,YES_SAME_A2R_ECONOMIC_FAMILY,RESET_OR_ENDPOINT_UNAVAILABLE,NO
2011-12-29,INDIA,LIST-4BA5E171F10C97BC,LIST-52E5E6415569226E,LU0292109690,XNIF,A2R_CANONICAL_SELECTION,True,2011-12-28,1.0,False,12,EXACT_PREVIOUS_XLON_SESSION_ENDPOINT,YES_SAME_A2R_ECONOMIC_FAMILY,RESET_OR_ENDPOINT_UNAVAILABLE,NO
2012-01-18,INDIA,LIST-52E5E6415569226E,LIST-4BA5E171F10C97BC,LU0292109690,XNID,A2R_CANONICAL_SELECTION,True,2012-01-17,1.0,True,12,SEMANTICALLY_IDENTICAL_IMPLEMENTATION_TRANSITION,YES_SAME_A2R_ECONOMIC_FAMILY,CONTINUE,NO
2012-01-19,INDIA,LIST-4BA5E171F10C97BC,LIST-52E5E6415569226E,LU0292109690,XNIF,A2R_CANONICAL_SELECTION,True,2012-01-18,1.0,True,12,SEMANTICALLY_IDENTICAL_IMPLEMENTATION_TRANSITION,YES_SAME_A2R_ECONOMIC_FAMILY,CONTINUE,NO
2012-03-19,INDIA,LIST-52E5E6415569226E,LIST-4BA5E171F10C97BC,LU0292109690,XNID,A2R_CANONICAL_SELECTION,False,,,False,12,PRICE_NOT_AVAILABLE,YES_SAME_A2R_ECONOMIC_FAMILY,RESET_OR_ENDPOINT_UNAVAILABLE,NO
2012-03-20,INDIA,LIST-4BA5E171F10C97BC,LIST-52E5E6415569226E,LU0292109690,XNIF,A2R_CANONICAL_SELECTION,True,2012-03-19,1.0,False,12,EXACT_PREVIOUS_XLON_SESSION_ENDPOINT,YES_SAME_A2R_ECONOMIC_FAMILY,RESET_OR_ENDPOINT_UNAVAILABLE,NO
2012-05-25,INDIA,LIST-52E5E6415569226E,LIST-4BA5E171F10C97BC,LU0292109690,XNID,A2R_CANONICAL_SELECTION,False,,,False,13,PRICE_NOT_AVAILABLE,YES_SAME_A2R_ECONOMIC_FAMILY,RESET_OR_ENDPOINT_UNAVAILABLE,NO
2012-05-28,INDIA,LIST-4BA5E171F10C97BC,LIST-52E5E6415569226E,LU0292109690,XNIF,A2R_CANONICAL_SELECTION,True,2012-05-25,1.0,False,13,EXACT_PREVIOUS_XLON_SESSION_ENDPOINT,YES_SAME_A2R_ECONOMIC_FAMILY,RESET_OR_ENDPOINT_UNAVAILABLE,NO
2012-05-31,INDIA,LIST-52E5E6415569226E,LIST-4BA5E171F10C97BC,LU0292109690,XNID,A2R_CANONICAL_SELECTION,False,,,False,13,PRICE_NOT_AVAILABLE,YES_SAME_A2R_ECONOMIC_FAMILY,RESET_OR_ENDPOINT_UNAVAILABLE,NO
2012-06-01,INDIA,LIST-4BA5E171F10C97BC,LIST-52E5E6415569226E,LU0292109690,XNIF,A2R_CANONICAL_SELECTION,True,2012-05-31,1.0,False,13,EXACT_PREVIOUS_XLON_SESSION_ENDPOINT,YES_SAME_A2R_ECONOMIC_FAMILY,RESET_OR_ENDPOINT_UNAVAILABLE,NO
2012-07-30,INDIA,LIST-52E5E6415569226E,LIST-4BA5E171F10C97BC,LU0292109690,XNID,A2R_CANONICAL_SELECTION,True,2012-07-27,1.0,True,14,SEMANTICALLY_IDENTICAL_IMPLEMENTATION_TRANSITION,YES_SAME_A2R_ECONOMIC_FAMILY,CONTINUE,NO
2012-07-31,INDIA,LIST-4BA5E171F10C97BC,LIST-52E5E6415569226E,LU0292109690,XNIF,A2R_CANONICAL_SELECTION,False,,,False,14,PRICE_NOT_AVAILABLE,YES_SAME_A2R_ECONOMIC_FAMILY,RESET_OR_ENDPOINT_UNAVAILABLE,NO
2012-08-13,INDIA,LIST-52E5E6415569226E,LIST-4BA5E171F10C97BC,LU0292109690,XNID,A2R_CANONICAL_SELECTION,True,2012-08-10,,True,16,CONTINUITY_SEGMENT_START_OR_RESET,YES_SAME_A2R_ECONOMIC_FAMILY,RESET_OR_ENDPOINT_UNAVAILABLE,NO
2012-08-14,INDIA,LIST-4BA5E171F10C97BC,LIST-52E5E6415569226E,LU0292109690,XNIF,A2R_CANONICAL_SELECTION,True,2012-08-13,1.0,True,16,SEMANTICALLY_IDENTICAL_IMPLEMENTATION_TRANSITION,YES_SAME_A2R_ECONOMIC_FAMILY,CONTINUE,NO
2012-08-22,INDIA,LIST-52E5E6415569226E,LIST-4BA5E171F10C97BC,LU0292109690,XNID,A2R_CANONICAL_SELECTION,True,2012-08-21,1.0,True,16,SEMANTICALLY_IDENTICAL_IMPLEMENTATION_TRANSITION,YES_SAME_A2R_ECONOMIC_FAMILY,CONTINUE,NO
2012-08-23,INDIA,LIST-4BA5E171F10C97BC,LIST-52E5E6415569226E,LU0292109690,XNIF,A2R_CANONICAL_SELECTION,True,2012-08-22,1.0,True,16,SEMANTICALLY_IDENTICAL_IMPLEMENTATION_TRANSITION,YES_SAME_A2R_ECONOMIC_FAMILY,CONTINUE,NO
2012-11-13,INDIA,LIST-52E5E6415569226E,LIST-4BA5E171F10C97BC,LU0292109690,XNID,A2R_CANONICAL_SELECTION,True,2012-11-12,1.0,True,16,SEMANTICALLY_IDENTICAL_IMPLEMENTATION_TRANSITION,YES_SAME_A2R_ECONOMIC_FAMILY,CONTINUE,NO
2012-11-14,INDIA,LIST-4BA5E171F10C97BC,LIST-52E5E6415569226E,LU0292109690,XNIF,A2R_CANONICAL_SELECTION,False,,,False,16,PRICE_NOT_AVAILABLE,YES_SAME_A2R_ECONOMIC_FAMILY,RESET_OR_ENDPOINT_UNAVAILABLE,NO
2012-11-15,INDIA,LIST-52E5E6415569226E,LIST-4BA5E171F10C97BC,LU0292109690,XNID,A2R_CANONICAL_SELECTION,True,2012-11-14,1.0,False,16,EXACT_PREVIOUS_XLON_SESSION_ENDPOINT,YES_SAME_A2R_ECONOMIC_FAMILY,RESET_OR_ENDPOINT_UNAVAILABLE,NO
2012-11-16,INDIA,LIST-4BA5E171F10C97BC,LIST-52E5E6415569226E,LU0292109690,XNIF,A2R_CANONICAL_SELECTION,True,2012-11-15,1.0,True,16,SEMANTICALLY_IDENTICAL_IMPLEMENTATION_TRANSITION,YES_SAME_A2R_ECONOMIC_FAMILY,CONTINUE,NO
2012-11-20,INDIA,LIST-52E5E6415569226E,LIST-4BA5E171F10C97BC,LU0292109690,XNID,A2R_CANONICAL_SELECTION,True,2012-11-19,1.0,True,16,SEMANTICALLY_IDENTICAL_IMPLEMENTATION_TRANSITION,YES_SAME_A2R_ECONOMIC_FAMILY,CONTINUE,NO
2012-11-21,INDIA,LIST-4BA5E171F10C97BC,LIST-52E5E6415569226E,LU0292109690,XNIF,A2R_CANONICAL_SELECTION,False,,,False,16,PRICE_NOT_AVAILABLE,YES_SAME_A2R_ECONOMIC_FAMILY,RESET_OR_ENDPOINT_UNAVAILABLE,NO
2012-11-22,INDIA,LIST-52E5E6415569226E,LIST-4BA5E171F10C97BC,LU0292109690,XNID,A2R_CANONICAL_SELECTION,False,,,False,16,PRICE_NOT_AVAILABLE,YES_SAME_A2R_ECONOMIC_FAMILY,RESET_OR_ENDPOINT_UNAVAILABLE,NO
2012-11-23,INDIA,LIST-4BA5E171F10C97BC,LIST-52E5E6415569226E,LU0292109690,XNIF,A2R_CANONICAL_SELECTION,True,2012-11-22,1.0,True,16,SEMANTICALLY_IDENTICAL_IMPLEMENTATION_TRANSITION,YES_SAME_A2R_ECONOMIC_FAMILY,CONTINUE,NO
2012-12-06,INDIA,LIST-52E5E6415569226E,LIST-4BA5E171F10C97BC,LU0292109690,XNID,A2R_CANONICAL_SELECTION,False,,,False,16,PRICE_NOT_AVAILABLE,YES_SAME_A2R_ECONOMIC_FAMILY,RESET_OR_ENDPOINT_UNAVAILABLE,NO
2012-12-07,INDIA,LIST-4BA5E171F10C97BC,LIST-52E5E6415569226E,LU0292109690,XNIF,A2R_CANONICAL_SELECTION,True,2012-12-06,1.0,False,16,EXACT_PREVIOUS_XLON_SESSION_ENDPOINT,YES_SAME_A2R_ECONOMIC_FAMILY,RESET_OR_ENDPOINT_UNAVAILABLE,NO
2012-12-12,INDIA,LIST-52E5E6415569226E,LIST-EC79E2C7070EA86D,FR0010375766,INRL,A2R_CANONICAL_SELECTION,True,2012-12-11,1.0,True,16,SEMANTICALLY_IDENTICAL_IMPLEMENTATION_TRANSITION,YES_SAME_A2R_ECONOMIC_FAMILY,CONTINUE,NO
2012-12-17,INDIA,LIST-EC79E2C7070EA86D,LIST-52E5E6415569226E,LU0292109690,XNIF,A2R_CANONICAL_SELECTION,True,2012-12-14,1.0,True,16,SEMANTICALLY_IDENTICAL_IMPLEMENTATION_TRANSITION,YES_SAME_A2R_ECONOMIC_FAMILY,CONTINUE,NO
2012-12-21,INDIA,LIST-52E5E6415569226E,LIST-EC79E2C7070EA86D,FR0010375766,INRL,A2R_CANONICAL_SELECTION,False,,,False,16,PRICE_NOT_AVAILABLE,YES_SAME_A2R_ECONOMIC_FAMILY,RESET_OR_ENDPOINT_UNAVAILABLE,NO
2012-12-24,INDIA,LIST-EC79E2C7070EA86D,LIST-52E5E6415569226E,LU0292109690,XNIF,A2R_CANONICAL_SELECTION,True,2012-12-21,1.0,False,16,EXACT_PREVIOUS_XLON_SESSION_ENDPOINT,YES_SAME_A2R_ECONOMIC_FAMILY,RESET_OR_ENDPOINT_UNAVAILABLE,NO
2013-01-16,INDIA,LIST-52E5E6415569226E,LIST-EC79E2C7070EA86D,FR0010375766,INRL,A2R_CANONICAL_SELECTION,True,2013-01-15,1.0,True,16,SEMANTICALLY_IDENTICAL_IMPLEMENTATION_TRANSITION,YES_SAME_A2R_ECONOMIC_FAMILY,CONTINUE,NO
2013-01-17,INDIA,LIST-EC79E2C7070EA86D,LIST-52E5E6415569226E,LU0292109690,XNIF,A2R_CANONICAL_SELECTION,False,,,False,16,PRICE_NOT_AVAILABLE,YES_SAME_A2R_ECONOMIC_FAMILY,RESET_OR_ENDPOINT_UNAVAILABLE,NO
2013-01-18,INDIA,LIST-52E5E6415569226E,LIST-EC79E2C7070EA86D,FR0010375766,INRL,A2R_CANONICAL_SELECTION,True,2013-01-17,1.0,False,16,EXACT_PREVIOUS_XLON_SESSION_ENDPOINT,YES_SAME_A2R_ECONOMIC_FAMILY,RESET_OR_ENDPOINT_UNAVAILABLE,NO
2013-01-21,INDIA,LIST-EC79E2C7070EA86D,LIST-52E5E6415569226E,LU0292109690,XNIF,A2R_CANONICAL_SELECTION,True,2013-01-18,1.0,True,16,SEMANTICALLY_IDENTICAL_IMPLEMENTATION_TRANSITION,YES_SAME_A2R_ECONOMIC_FAMILY,CONTINUE,NO
2013-01-24,INDIA,LIST-52E5E6415569226E,LIST-EC79E2C7070EA86D,FR0010375766,INRL,A2R_CANONICAL_SELECTION,True,2013-01-23,1.0,True,16,SEMANTICALLY_IDENTICAL_IMPLEMENTATION_TRANSITION,YES_SAME_A2R_ECONOMIC_FAMILY,CONTINUE,NO
2013-01-25,INDIA,LIST-EC79E2C7070EA86D,LIST-52E5E6415569226E,LU0292109690,XNIF,A2R_CANONICAL_SELECTION,True,2013-01-24,1.0,True,16,SEMANTICALLY_IDENTICAL_IMPLEMENTATION_TRANSITION,YES_SAME_A2R_ECONOMIC_FAMILY,CONTINUE,NO
2013-02-13,INDIA,LIST-52E5E6415569226E,LIST-EC79E2C7070EA86D,FR0010375766,INRL,A2R_CANONICAL_SELECTION,True,2013-02-12,1.0,True,16,SEMANTICALLY_IDENTICAL_IMPLEMENTATION_TRANSITION,YES_SAME_A2R_ECONOMIC_FAMILY,CONTINUE,NO
2013-02-14,INDIA,LIST-EC79E2C7070EA86D,LIST-52E5E6415569226E,LU0292109690,XNIF,A2R_CANONICAL_SELECTION,True,2013-02-13,1.0,True,16,SEMANTICALLY_IDENTICAL_IMPLEMENTATION_TRANSITION,YES_SAME_A2R_ECONOMIC_FAMILY,CONTINUE,NO
2013-02-27,INDIA,LIST-52E5E6415569226E,LIST-EC79E2C7070EA86D,FR0010375766,INRL,A2R_CANONICAL_SELECTION,True,2013-02-26,1.0,True,16,SEMANTICALLY_IDENTICAL_IMPLEMENTATION_TRANSITION,YES_SAME_A2R_ECONOMIC_FAMILY,CONTINUE,NO
2013-03-01,INDIA,LIST-EC79E2C7070EA86D,LIST-52E5E6415569226E,LU0292109690,XNIF,A2R_CANONICAL_SELECTION,True,2013-02-28,1.0,True,16,SEMANTICALLY_IDENTICAL_IMPLEMENTATION_TRANSITION,YES_SAME_A2R_ECONOMIC_FAMILY,CONTINUE,NO
2013-03-06,INDIA,LIST-52E5E6415569226E,LIST-F44742E88A6097BD,FR0010375766,INRU,A2R_CANONICAL_SELECTION,False,,,False,16,PRICE_NOT_AVAILABLE,YES_SAME_A2R_ECONOMIC_FAMILY,RESET_OR_ENDPOINT_UNAVAILABLE,NO
2013-03-07,INDIA,LIST-F44742E88A6097BD,LIST-52E5E6415569226E,LU0292109690,XNIF,A2R_CANONICAL_SELECTION,True,2013-03-06,1.0,False,16,EXACT_PREVIOUS_XLON_SESSION_ENDPOINT,YES_SAME_A2R_ECONOMIC_FAMILY,RESET_OR_ENDPOINT_UNAVAILABLE,NO
2013-03-19,INDIA,LIST-52E5E6415569226E,LIST-EC79E2C7070EA86D,FR0010375766,INRL,A2R_CANONICAL_SELECTION,True,2013-03-18,1.0,True,16,SEMANTICALLY_IDENTICAL_IMPLEMENTATION_TRANSITION,YES_SAME_A2R_ECONOMIC_FAMILY,CONTINUE,NO
2013-03-21,INDIA,LIST-EC79E2C7070EA86D,LIST-52E5E6415569226E,LU0292109690,XNIF,A2R_CANONICAL_SELECTION,True,2013-03-20,1.0,True,16,SEMANTICALLY_IDENTICAL_IMPLEMENTATION_TRANSITION,YES_SAME_A2R_ECONOMIC_FAMILY,CONTINUE,NO
2013-04-04,INDIA,LIST-52E5E6415569226E,LIST-EC79E2C7070EA86D,FR0010375766,INRL,A2R_CANONICAL_SELECTION,True,2013-04-03,1.0,True,16,SEMANTICALLY_IDENTICAL_IMPLEMENTATION_TRANSITION,YES_SAME_A2R_ECONOMIC_FAMILY,CONTINUE,NO
2013-04-08,INDIA,LIST-EC79E2C7070EA86D,LIST-52E5E6415569226E,LU0292109690,XNIF,A2R_CANONICAL_SELECTION,True,2013-04-05,1.0,True,16,SEMANTICALLY_IDENTICAL_IMPLEMENTATION_TRANSITION,YES_SAME_A2R_ECONOMIC_FAMILY,CONTINUE,NO
2013-04-15,INDIA,LIST-52E5E6415569226E,LIST-EC79E2C7070EA86D,FR0010375766,INRL,A2R_CANONICAL_SELECTION,True,2013-04-12,1.0,True,16,SEMANTICALLY_IDENTICAL_IMPLEMENTATION_TRANSITION,YES_SAME_A2R_ECONOMIC_FAMILY,CONTINUE,NO
2013-04-16,INDIA,LIST-EC79E2C7070EA86D,LIST-52E5E6415569226E,LU0292109690,XNIF,A2R_CANONICAL_SELECTION,True,2013-04-15,1.0,True,16,SEMANTICALLY_IDENTICAL_IMPLEMENTATION_TRANSITION,YES_SAME_A2R_ECONOMIC_FAMILY,CONTINUE,NO
2013-04-19,INDIA,LIST-52E5E6415569226E,LIST-F44742E88A6097BD,FR0010375766,INRU,A2R_CANONICAL_SELECTION,False,,,False,16,PRICE_NOT_AVAILABLE,YES_SAME_A2R_ECONOMIC_FAMILY,RESET_OR_ENDPOINT_UNAVAILABLE,NO
2013-04-22,INDIA,LIST-F44742E88A6097BD,LIST-52E5E6415569226E,LU0292109690,XNIF,A2R_CANONICAL_SELECTION,True,2013-04-19,1.0,False,16,EXACT_PREVIOUS_XLON_SESSION_ENDPOINT,YES_SAME_A2R_ECONOMIC_FAMILY,RESET_OR_ENDPOINT_UNAVAILABLE,NO
2013-04-25,INDIA,LIST-52E5E6415569226E,LIST-EC79E2C7070EA86D,FR0010375766,INRL,A2R_CANONICAL_SELECTION,True,2013-04-24,1.0,True,16,SEMANTICALLY_IDENTICAL_IMPLEMENTATION_TRANSITION,YES_SAME_A2R_ECONOMIC_FAMILY,CONTINUE,NO
2013-04-26,INDIA,LIST-EC79E2C7070EA86D,LIST-52E5E6415569226E,LU0292109690,XNIF,A2R_CANONICAL_SELECTION,True,2013-04-25,1.0,True,16,SEMANTICALLY_IDENTICAL_IMPLEMENTATION_TRANSITION,YES_SAME_A2R_ECONOMIC_FAMILY,CONTINUE,NO
2013-05-09,INDIA,LIST-52E5E6415569226E,LIST-EC79E2C7070EA86D,FR0010375766,INRL,A2R_CANONICAL_SELECTION,True,2013-05-08,1.0,True,16,SEMANTICALLY_IDENTICAL_IMPLEMENTATION_TRANSITION,YES_SAME_A2R_ECONOMIC_FAMILY,CONTINUE,NO
2013-05-10,INDIA,LIST-EC79E2C7070EA86D,LIST-52E5E6415569226E,LU0292109690,XNIF,A2R_CANONICAL_SELECTION,False,,,False,16,PRICE_NOT_AVAILABLE,YES_SAME_A2R_ECONOMIC_FAMILY,RESET_OR_ENDPOINT_UNAVAILABLE,NO
2013-05-13,INDIA,LIST-52E5E6415569226E,LIST-EC79E2C7070EA86D,FR0010375766,INRL,A2R_CANONICAL_SELECTION,True,2013-05-10,1.0,False,16,EXACT_PREVIOUS_XLON_SESSION_ENDPOINT,YES_SAME_A2R_ECONOMIC_FAMILY,RESET_OR_ENDPOINT_UNAVAILABLE,NO
2013-05-14,INDIA,LIST-EC79E2C7070EA86D,LIST-52E5E6415569226E,LU0292109690,XNIF,A2R_CANONICAL_SELECTION,True,2013-05-13,1.0,True,16,SEMANTICALLY_IDENTICAL_IMPLEMENTATION_TRANSITION,YES_SAME_A2R_ECONOMIC_FAMILY,CONTINUE,NO
2013-05-21,INDIA,LIST-52E5E6415569226E,LIST-EC79E2C7070EA86D,FR0010375766,INRL,A2R_CANONICAL_SELECTION,True,2013-05-20,1.0,True,16,SEMANTICALLY_IDENTICAL_IMPLEMENTATION_TRANSITION,YES_SAME_A2R_ECONOMIC_FAMILY,CONTINUE,NO
2013-05-22,INDIA,LIST-EC79E2C7070EA86D,LIST-52E5E6415569226E,LU0292109690,XNIF,A2R_CANONICAL_SELECTION,True,2013-05-21,1.0,True,16,SEMANTICALLY_IDENTICAL_IMPLEMENTATION_TRANSITION,YES_SAME_A2R_ECONOMIC_FAMILY,CONTINUE,NO
2013-07-11,INDIA,LIST-52E5E6415569226E,LIST-EC79E2C7070EA86D,FR0010375766,INRL,A2R_CANONICAL_SELECTION,True,2013-07-10,1.0,True,16,SEMANTICALLY_IDENTICAL_IMPLEMENTATION_TRANSITION,YES_SAME_A2R_ECONOMIC_FAMILY,CONTINUE,NO
2013-07-12,INDIA,LIST-EC79E2C7070EA86D,LIST-52E5E6415569226E,LU0292109690,XNIF,A2R_CANONICAL_SELECTION,True,2013-07-11,1.0,True,16,SEMANTICALLY_IDENTICAL_IMPLEMENTATION_TRANSITION,YES_SAME_A2R_ECONOMIC_FAMILY,CONTINUE,NO
2013-07-19,INDIA,LIST-52E5E6415569226E,LIST-EC79E2C7070EA86D,FR0010375766,INRL,A2R_CANONICAL_SELECTION,True,2013-07-18,1.0,True,16,SEMANTICALLY_IDENTICAL_IMPLEMENTATION_TRANSITION,YES_SAME_A2R_ECONOMIC_FAMILY,CONTINUE,NO
2013-07-23,INDIA,LIST-EC79E2C7070EA86D,LIST-52E5E6415569226E,LU0292109690,XNIF,A2R_CANONICAL_SELECTION,True,2013-07-22,1.0,True,16,SEMANTICALLY_IDENTICAL_IMPLEMENTATION_TRANSITION,YES_SAME_A2R_ECONOMIC_FAMILY,CONTINUE,NO
2013-08-20,INDIA,LIST-52E5E6415569226E,LIST-EC79E2C7070EA86D,FR0010375766,INRL,A2R_CANONICAL_SELECTION,True,2013-08-19,1.0,True,16,SEMANTICALLY_IDENTICAL_IMPLEMENTATION_TRANSITION,YES_SAME_A2R_ECONOMIC_FAMILY,CONTINUE,NO
2013-08-21,INDIA,LIST-EC79E2C7070EA86D,LIST-52E5E6415569226E,LU0292109690,XNIF,A2R_CANONICAL_SELECTION,True,2013-08-20,1.0,True,16,SEMANTICALLY_IDENTICAL_IMPLEMENTATION_TRANSITION,YES_SAME_A2R_ECONOMIC_FAMILY,CONTINUE,NO
2013-09-17,INDIA,LIST-52E5E6415569226E,LIST-EC79E2C7070EA86D,FR0010375766,INRL,A2R_CANONICAL_SELECTION,True,2013-09-16,1.0,True,16,SEMANTICALLY_IDENTICAL_IMPLEMENTATION_TRANSITION,YES_SAME_A2R_ECONOMIC_FAMILY,CONTINUE,NO
2013-09-18,INDIA,LIST-EC79E2C7070EA86D,LIST-52E5E6415569226E,LU0292109690,XNIF,A2R_CANONICAL_SELECTION,True,2013-09-17,1.0,True,16,SEMANTICALLY_IDENTICAL_IMPLEMENTATION_TRANSITION,YES_SAME_A2R_ECONOMIC_FAMILY,CONTINUE,NO
2013-09-27,INDIA,LIST-52E5E6415569226E,LIST-EC79E2C7070EA86D,FR0010375766,INRL,A2R_CANONICAL_SELECTION,True,2013-09-26,1.0,True,16,SEMANTICALLY_IDENTICAL_IMPLEMENTATION_TRANSITION,YES_SAME_A2R_ECONOMIC_FAMILY,CONTINUE,NO
2013-10-01,INDIA,LIST-EC79E2C7070EA86D,LIST-52E5E6415569226E,LU0292109690,XNIF,A2R_CANONICAL_SELECTION,True,2013-09-30,1.0,True,16,SEMANTICALLY_IDENTICAL_IMPLEMENTATION_TRANSITION,YES_SAME_A2R_ECONOMIC_FAMILY,CONTINUE,NO
2013-10-04,INDIA,LIST-52E5E6415569226E,LIST-EC79E2C7070EA86D,FR0010375766,INRL,A2R_CANONICAL_SELECTION,True,2013-10-03,1.0,True,16,SEMANTICALLY_IDENTICAL_IMPLEMENTATION_TRANSITION,YES_SAME_A2R_ECONOMIC_FAMILY,CONTINUE,NO
2013-10-07,INDIA,LIST-EC79E2C7070EA86D,LIST-52E5E6415569226E,LU0292109690,XNIF,A2R_CANONICAL_SELECTION,False,,,False,16,PRICE_NOT_AVAILABLE,YES_SAME_A2R_ECONOMIC_FAMILY,RESET_OR_ENDPOINT_UNAVAILABLE,NO
2013-10-08,INDIA,LIST-52E5E6415569226E,LIST-EC79E2C7070EA86D,FR0010375766,INRL,A2R_CANONICAL_SELECTION,True,2013-10-07,1.0,False,16,EXACT_PREVIOUS_XLON_SESSION_ENDPOINT,YES_SAME_A2R_ECONOMIC_FAMILY,RESET_OR_ENDPOINT_UNAVAILABLE,NO
2013-10-09,INDIA,LIST-EC79E2C7070EA86D,LIST-52E5E6415569226E,LU0292109690,XNIF,A2R_CANONICAL_SELECTION,True,2013-10-08,1.0,True,16,SEMANTICALLY_IDENTICAL_IMPLEMENTATION_TRANSITION,YES_SAME_A2R_ECONOMIC_FAMILY,CONTINUE,NO
2013-10-14,INDIA,LIST-52E5E6415569226E,LIST-EC79E2C7070EA86D,FR0010375766,INRL,A2R_CANONICAL_SELECTION,True,2013-10-11,1.0,True,16,SEMANTICALLY_IDENTICAL_IMPLEMENTATION_TRANSITION,YES_SAME_A2R_ECONOMIC_FAMILY,CONTINUE,NO
2013-10-15,INDIA,LIST-EC79E2C7070EA86D,LIST-52E5E6415569226E,LU0292109690,XNIF,A2R_CANONICAL_SELECTION,True,2013-10-14,1.0,True,16,SEMANTICALLY_IDENTICAL_IMPLEMENTATION_TRANSITION,YES_SAME_A2R_ECONOMIC_FAMILY,CONTINUE,NO
2013-10-24,INDIA,LIST-52E5E6415569226E,LIST-EC79E2C7070EA86D,FR0010375766,INRL,A2R_CANONICAL_SELECTION,True,2013-10-23,1.0,True,16,SEMANTICALLY_IDENTICAL_IMPLEMENTATION_TRANSITION,YES_SAME_A2R_ECONOMIC_FAMILY,CONTINUE,NO
2013-10-25,INDIA,LIST-EC79E2C7070EA86D,LIST-52E5E6415569226E,LU0292109690,XNIF,A2R_CANONICAL_SELECTION,True,2013-10-24,1.0,True,16,SEMANTICALLY_IDENTICAL_IMPLEMENTATION_TRANSITION,YES_SAME_A2R_ECONOMIC_FAMILY,CONTINUE,NO
2013-10-31,INDIA,LIST-52E5E6415569226E,LIST-EC79E2C7070EA86D,FR0010375766,INRL,A2R_CANONICAL_SELECTION,True,2013-10-30,1.0,True,16,SEMANTICALLY_IDENTICAL_IMPLEMENTATION_TRANSITION,YES_SAME_A2R_ECONOMIC_FAMILY,CONTINUE,NO
2013-11-01,INDIA,LIST-EC79E2C7070EA86D,LIST-52E5E6415569226E,LU0292109690,XNIF,A2R_CANONICAL_SELECTION,True,2013-10-31,1.0,True,16,SEMANTICALLY_IDENTICAL_IMPLEMENTATION_TRANSITION,YES_SAME_A2R_ECONOMIC_FAMILY,CONTINUE,NO
2013-11-20,INDIA,LIST-52E5E6415569226E,LIST-EC79E2C7070EA86D,FR0010375766,INRL,A2R_CANONICAL_SELECTION,True,2013-11-19,1.0,True,16,SEMANTICALLY_IDENTICAL_IMPLEMENTATION_TRANSITION,YES_SAME_A2R_ECONOMIC_FAMILY,CONTINUE,NO
2013-11-21,INDIA,LIST-EC79E2C7070EA86D,LIST-52E5E6415569226E,LU0292109690,XNIF,A2R_CANONICAL_SELECTION,True,2013-11-20,1.0,True,16,SEMANTICALLY_IDENTICAL_IMPLEMENTATION_TRANSITION,YES_SAME_A2R_ECONOMIC_FAMILY,CONTINUE,NO
2013-11-27,INDIA,LIST-52E5E6415569226E,LIST-EC79E2C7070EA86D,FR0010375766,INRL,A2R_CANONICAL_SELECTION,True,2013-11-26,1.0,True,16,SEMANTICALLY_IDENTICAL_IMPLEMENTATION_TRANSITION,YES_SAME_A2R_ECONOMIC_FAMILY,CONTINUE,NO
2013-11-28,INDIA,LIST-EC79E2C7070EA86D,LIST-52E5E6415569226E,LU0292109690,XNIF,A2R_CANONICAL_SELECTION,True,2013-11-27,1.0,True,16,SEMANTICALLY_IDENTICAL_IMPLEMENTATION_TRANSITION,YES_SAME_A2R_ECONOMIC_FAMILY,CONTINUE,NO
2013-12-05,INDIA,LIST-52E5E6415569226E,LIST-EC79E2C7070EA86D,FR0010375766,INRL,A2R_CANONICAL_SELECTION,True,2013-12-04,1.0,True,16,SEMANTICALLY_IDENTICAL_IMPLEMENTATION_TRANSITION,YES_SAME_A2R_ECONOMIC_FAMILY,CONTINUE,NO
2013-12-06,INDIA,LIST-EC79E2C7070EA86D,LIST-52E5E6415569226E,LU0292109690,XNIF,A2R_CANONICAL_SELECTION,True,2013-12-05,1.0,True,16,SEMANTICALLY_IDENTICAL_IMPLEMENTATION_TRANSITION,YES_SAME_A2R_ECONOMIC_FAMILY,CONTINUE,NO
2013-12-30,INDIA,LIST-52E5E6415569226E,LIST-EC79E2C7070EA86D,FR0010375766,INRL,A2R_CANONICAL_SELECTION,True,2013-12-27,1.0,True,16,SEMANTICALLY_IDENTICAL_IMPLEMENTATION_TRANSITION,YES_SAME_A2R_ECONOMIC_FAMILY,CONTINUE,NO
2013-12-31,INDIA,LIST-EC79E2C7070EA86D,LIST-52E5E6415569226E,LU0292109690,XNIF,A2R_CANONICAL_SELECTION,True,2013-12-30,1.0,True,16,SEMANTICALLY_IDENTICAL_IMPLEMENTATION_TRANSITION,YES_SAME_A2R_ECONOMIC_FAMILY,CONTINUE,NO
2014-01-27,INDIA,LIST-52E5E6415569226E,LIST-EC79E2C7070EA86D,FR0010375766,INRL,A2R_CANONICAL_SELECTION,True,2014-01-24,1.0,True,16,SEMANTICALLY_IDENTICAL_IMPLEMENTATION_TRANSITION,YES_SAME_A2R_ECONOMIC_FAMILY,CONTINUE,NO
2014-01-28,INDIA,LIST-EC79E2C7070EA86D,LIST-52E5E6415569226E,LU0292109690,XNIF,A2R_CANONICAL_SELECTION,True,2014-01-27,1.0,True,16,SEMANTICALLY_IDENTICAL_IMPLEMENTATION_TRANSITION,YES_SAME_A2R_ECONOMIC_FAMILY,CONTINUE,NO
2014-02-05,INDIA,LIST-52E5E6415569226E,LIST-EC79E2C7070EA86D,FR0010375766,INRL,A2R_CANONICAL_SELECTION,True,2014-02-04,1.0,True,16,SEMANTICALLY_IDENTICAL_IMPLEMENTATION_TRANSITION,YES_SAME_A2R_ECONOMIC_FAMILY,CONTINUE,NO
2014-02-10,INDIA,LIST-EC79E2C7070EA86D,LIST-52E5E6415569226E,LU0292109690,XNIF,A2R_CANONICAL_SELECTION,True,2014-02-07,1.0,True,16,SEMANTICALLY_IDENTICAL_IMPLEMENTATION_TRANSITION,YES_SAME_A2R_ECONOMIC_FAMILY,CONTINUE,NO
2014-02-12,INDIA,LIST-52E5E6415569226E,LIST-EC79E2C7070EA86D,FR0010375766,INRL,A2R_CANONICAL_SELECTION,True,2014-02-11,1.0,True,16,SEMANTICALLY_IDENTICAL_IMPLEMENTATION_TRANSITION,YES_SAME_A2R_ECONOMIC_FAMILY,CONTINUE,NO
2014-02-13,INDIA,LIST-EC79E2C7070EA86D,LIST-52E5E6415569226E,LU0292109690,XNIF,A2R_CANONICAL_SELECTION,False,,,False,16,PRICE_NOT_AVAILABLE,YES_SAME_A2R_ECONOMIC_FAMILY,RESET_OR_ENDPOINT_UNAVAILABLE,NO
2014-02-14,INDIA,LIST-52E5E6415569226E,LIST-EC79E2C7070EA86D,FR0010375766,INRL,A2R_CANONICAL_SELECTION,True,2014-02-13,1.0,False,16,EXACT_PREVIOUS_XLON_SESSION_ENDPOINT,YES_SAME_A2R_ECONOMIC_FAMILY,RESET_OR_ENDPOINT_UNAVAILABLE,NO
2014-02-17,INDIA,LIST-EC79E2C7070EA86D,LIST-52E5E6415569226E,LU0292109690,XNIF,A2R_CANONICAL_SELECTION,True,2014-02-14,1.0,True,16,SEMANTICALLY_IDENTICAL_IMPLEMENTATION_TRANSITION,YES_SAME_A2R_ECONOMIC_FAMILY,CONTINUE,NO
2014-02-26,INDIA,LIST-52E5E6415569226E,LIST-EC79E2C7070EA86D,FR0010375766,INRL,A2R_CANONICAL_SELECTION,True,2014-02-25,1.0,True,16,SEMANTICALLY_IDENTICAL_IMPLEMENTATION_TRANSITION,YES_SAME_A2R_ECONOMIC_FAMILY,CONTINUE,NO
2014-02-28,INDIA,LIST-EC79E2C7070EA86D,LIST-52E5E6415569226E,LU0292109690,XNIF,A2R_CANONICAL_SELECTION,True,2014-02-27,1.0,True,16,SEMANTICALLY_IDENTICAL_IMPLEMENTATION_TRANSITION,YES_SAME_A2R_ECONOMIC_FAMILY,CONTINUE,NO
2014-03-19,INDIA,LIST-52E5E6415569226E,LIST-EC79E2C7070EA86D,FR0010375766,INRL,A2R_CANONICAL_SELECTION,True,2014-03-18,1.0,True,16,SEMANTICALLY_IDENTICAL_IMPLEMENTATION_TRANSITION,YES_SAME_A2R_ECONOMIC_FAMILY,CONTINUE,NO
2014-03-20,INDIA,LIST-EC79E2C7070EA86D,LIST-52E5E6415569226E,LU0292109690,XNIF,A2R_CANONICAL_SELECTION,True,2014-03-19,1.0,True,16,SEMANTICALLY_IDENTICAL_IMPLEMENTATION_TRANSITION,YES_SAME_A2R_ECONOMIC_FAMILY,CONTINUE,NO
2014-03-31,INDIA,LIST-52E5E6415569226E,LIST-EC79E2C7070EA86D,FR0010375766,INRL,A2R_CANONICAL_SELECTION,True,2014-03-28,1.0,True,16,SEMANTICALLY_IDENTICAL_IMPLEMENTATION_TRANSITION,YES_SAME_A2R_ECONOMIC_FAMILY,CONTINUE,NO
2014-04-01,INDIA,LIST-EC79E2C7070EA86D,LIST-52E5E6415569226E,LU0292109690,XNIF,A2R_CANONICAL_SELECTION,True,2014-03-31,1.0,True,16,SEMANTICALLY_IDENTICAL_IMPLEMENTATION_TRANSITION,YES_SAME_A2R_ECONOMIC_FAMILY,CONTINUE,NO
2014-04-04,INDIA,LIST-52E5E6415569226E,LIST-EC79E2C7070EA86D,FR0010375766,INRL,A2R_CANONICAL_SELECTION,True,2014-04-03,1.0,True,16,SEMANTICALLY_IDENTICAL_IMPLEMENTATION_TRANSITION,YES_SAME_A2R_ECONOMIC_FAMILY,CONTINUE,NO
2014-04-07,INDIA,LIST-EC79E2C7070EA86D,LIST-52E5E6415569226E,LU0292109690,XNIF,A2R_CANONICAL_SELECTION,True,2014-04-04,1.0,True,16,SEMANTICALLY_IDENTICAL_IMPLEMENTATION_TRANSITION,YES_SAME_A2R_ECONOMIC_FAMILY,CONTINUE,NO
2014-04-15,INDIA,LIST-52E5E6415569226E,LIST-EC79E2C7070EA86D,FR0010375766,INRL,A2R_CANONICAL_SELECTION,True,2014-04-14,1.0,True,16,SEMANTICALLY_IDENTICAL_IMPLEMENTATION_TRANSITION,YES_SAME_A2R_ECONOMIC_FAMILY,CONTINUE,NO
2014-04-17,INDIA,LIST-EC79E2C7070EA86D,LIST-52E5E6415569226E,LU0292109690,XNIF,A2R_CANONICAL_SELECTION,True,2014-04-16,1.0,True,16,SEMANTICALLY_IDENTICAL_IMPLEMENTATION_TRANSITION,YES_SAME_A2R_ECONOMIC_FAMILY,CONTINUE,NO
2014-04-24,INDIA,LIST-52E5E6415569226E,LIST-EC79E2C7070EA86D,FR0010375766,INRL,A2R_CANONICAL_SELECTION,True,2014-04-23,1.0,True,16,SEMANTICALLY_IDENTICAL_IMPLEMENTATION_TRANSITION,YES_SAME_A2R_ECONOMIC_FAMILY,CONTINUE,NO
2014-04-25,INDIA,LIST-EC79E2C7070EA86D,LIST-52E5E6415569226E,LU0292109690,XNIF,A2R_CANONICAL_SELECTION,True,2014-04-24,1.0,True,16,SEMANTICALLY_IDENTICAL_IMPLEMENTATION_TRANSITION,YES_SAME_A2R_ECONOMIC_FAMILY,CONTINUE,NO
2014-05-09,INDIA,LIST-52E5E6415569226E,LIST-EC79E2C7070EA86D,FR0010375766,INRL,A2R_CANONICAL_SELECTION,True,2014-05-08,1.0,True,16,SEMANTICALLY_IDENTICAL_IMPLEMENTATION_TRANSITION,YES_SAME_A2R_ECONOMIC_FAMILY,CONTINUE,NO
2014-05-12,INDIA,LIST-EC79E2C7070EA86D,LIST-52E5E6415569226E,LU0292109690,XNIF,A2R_CANONICAL_SELECTION,True,2014-05-09,1.0,True,16,SEMANTICALLY_IDENTICAL_IMPLEMENTATION_TRANSITION,YES_SAME_A2R_ECONOMIC_FAMILY,CONTINUE,NO
2014-06-20,INDIA,LIST-52E5E6415569226E,LIST-EC79E2C7070EA86D,FR0010375766,INRL,A2R_CANONICAL_SELECTION,True,2014-06-19,1.0,True,16,SEMANTICALLY_IDENTICAL_IMPLEMENTATION_TRANSITION,YES_SAME_A2R_ECONOMIC_FAMILY,CONTINUE,NO
2014-06-23,INDIA,LIST-EC79E2C7070EA86D,LIST-52E5E6415569226E,LU0292109690,XNIF,A2R_CANONICAL_SELECTION,True,2014-06-20,1.0,True,16,SEMANTICALLY_IDENTICAL_IMPLEMENTATION_TRANSITION,YES_SAME_A2R_ECONOMIC_FAMILY,CONTINUE,NO
2014-07-16,INDIA,LIST-52E5E6415569226E,LIST-EC79E2C7070EA86D,FR0010375766,INRL,A2R_CANONICAL_SELECTION,True,2014-07-15,1.0,True,16,SEMANTICALLY_IDENTICAL_IMPLEMENTATION_TRANSITION,YES_SAME_A2R_ECONOMIC_FAMILY,CONTINUE,NO
2014-07-17,INDIA,LIST-EC79E2C7070EA86D,LIST-52E5E6415569226E,LU0292109690,XNIF,A2R_CANONICAL_SELECTION,False,,,False,16,PRICE_NOT_AVAILABLE,YES_SAME_A2R_ECONOMIC_FAMILY,RESET_OR_ENDPOINT_UNAVAILABLE,NO
2014-07-18,INDIA,LIST-52E5E6415569226E,LIST-EC79E2C7070EA86D,FR0010375766,INRL,A2R_CANONICAL_SELECTION,True,2014-07-17,1.0,False,16,EXACT_PREVIOUS_XLON_SESSION_ENDPOINT,YES_SAME_A2R_ECONOMIC_FAMILY,RESET_OR_ENDPOINT_UNAVAILABLE,NO
2014-07-21,INDIA,LIST-EC79E2C7070EA86D,LIST-52E5E6415569226E,LU0292109690,XNIF,A2R_CANONICAL_SELECTION,False,,,False,16,PRICE_NOT_AVAILABLE,YES_SAME_A2R_ECONOMIC_FAMILY,RESET_OR_ENDPOINT_UNAVAILABLE,NO
2014-07-22,INDIA,LIST-52E5E6415569226E,LIST-EC79E2C7070EA86D,FR0010375766,INRL,A2R_CANONICAL_SELECTION,True,2014-07-21,1.0,False,16,EXACT_PREVIOUS_XLON_SESSION_ENDPOINT,YES_SAME_A2R_ECONOMIC_FAMILY,RESET_OR_ENDPOINT_UNAVAILABLE,NO
2014-07-23,INDIA,LIST-EC79E2C7070EA86D,LIST-52E5E6415569226E,LU0292109690,XNIF,A2R_CANONICAL_SELECTION,True,2014-07-22,1.0,True,16,SEMANTICALLY_IDENTICAL_IMPLEMENTATION_TRANSITION,YES_SAME_A2R_ECONOMIC_FAMILY,CONTINUE,NO
2014-08-15,INDIA,LIST-52E5E6415569226E,LIST-EC79E2C7070EA86D,FR0010375766,INRL,A2R_CANONICAL_SELECTION,True,2014-08-14,1.0,True,16,SEMANTICALLY_IDENTICAL_IMPLEMENTATION_TRANSITION,YES_SAME_A2R_ECONOMIC_FAMILY,CONTINUE,NO
2014-08-18,INDIA,LIST-EC79E2C7070EA86D,LIST-52E5E6415569226E,LU0292109690,XNIF,A2R_CANONICAL_SELECTION,True,2014-08-15,1.0,True,16,SEMANTICALLY_IDENTICAL_IMPLEMENTATION_TRANSITION,YES_SAME_A2R_ECONOMIC_FAMILY,CONTINUE,NO
2014-08-28,INDIA,LIST-52E5E6415569226E,LIST-EC79E2C7070EA86D,FR0010375766,INRL,A2R_CANONICAL_SELECTION,True,2014-08-27,1.0,True,16,SEMANTICALLY_IDENTICAL_IMPLEMENTATION_TRANSITION,YES_SAME_A2R_ECONOMIC_FAMILY,CONTINUE,NO
2014-08-29,INDIA,LIST-EC79E2C7070EA86D,LIST-52E5E6415569226E,LU0292109690,XNIF,A2R_CANONICAL_SELECTION,True,2014-08-28,1.0,True,16,SEMANTICALLY_IDENTICAL_IMPLEMENTATION_TRANSITION,YES_SAME_A2R_ECONOMIC_FAMILY,CONTINUE,NO
2014-09-02,INDIA,LIST-52E5E6415569226E,LIST-EC79E2C7070EA86D,FR0010375766,INRL,A2R_CANONICAL_SELECTION,True,2014-09-01,1.0,True,16,SEMANTICALLY_IDENTICAL_IMPLEMENTATION_TRANSITION,YES_SAME_A2R_ECONOMIC_FAMILY,CONTINUE,NO
2014-09-03,INDIA,LIST-EC79E2C7070EA86D,LIST-52E5E6415569226E,LU0292109690,XNIF,A2R_CANONICAL_SELECTION,True,2014-09-02,1.0,True,16,SEMANTICALLY_IDENTICAL_IMPLEMENTATION_TRANSITION,YES_SAME_A2R_ECONOMIC_FAMILY,CONTINUE,NO
2014-10-09,INDIA,LIST-52E5E6415569226E,LIST-EC79E2C7070EA86D,FR0010375766,INRL,A2R_CANONICAL_SELECTION,True,2014-10-08,1.0,True,16,SEMANTICALLY_IDENTICAL_IMPLEMENTATION_TRANSITION,YES_SAME_A2R_ECONOMIC_FAMILY,CONTINUE,NO
2014-10-10,INDIA,LIST-EC79E2C7070EA86D,LIST-52E5E6415569226E,LU0292109690,XNIF,A2R_CANONICAL_SELECTION,True,2014-10-09,1.0,True,16,SEMANTICALLY_IDENTICAL_IMPLEMENTATION_TRANSITION,YES_SAME_A2R_ECONOMIC_FAMILY,CONTINUE,NO
2014-10-20,INDIA,LIST-52E5E6415569226E,LIST-EC79E2C7070EA86D,FR0010375766,INRL,A2R_CANONICAL_SELECTION,True,2014-10-17,1.0,True,16,SEMANTICALLY_IDENTICAL_IMPLEMENTATION_TRANSITION,YES_SAME_A2R_ECONOMIC_FAMILY,CONTINUE,NO
2014-10-21,INDIA,LIST-EC79E2C7070EA86D,LIST-52E5E6415569226E,LU0292109690,XNIF,A2R_CANONICAL_SELECTION,True,2014-10-20,1.0,True,16,SEMANTICALLY_IDENTICAL_IMPLEMENTATION_TRANSITION,YES_SAME_A2R_ECONOMIC_FAMILY,CONTINUE,NO
2014-10-27,INDIA,LIST-52E5E6415569226E,LIST-EC79E2C7070EA86D,FR0010375766,INRL,A2R_CANONICAL_SELECTION,True,2014-10-24,1.0,True,16,SEMANTICALLY_IDENTICAL_IMPLEMENTATION_TRANSITION,YES_SAME_A2R_ECONOMIC_FAMILY,CONTINUE,NO
2014-10-28,INDIA,LIST-EC79E2C7070EA86D,LIST-52E5E6415569226E,LU0292109690,XNIF,A2R_CANONICAL_SELECTION,True,2014-10-27,1.0,True,16,SEMANTICALLY_IDENTICAL_IMPLEMENTATION_TRANSITION,YES_SAME_A2R_ECONOMIC_FAMILY,CONTINUE,NO
2014-10-31,INDIA,LIST-52E5E6415569226E,LIST-EC79E2C7070EA86D,FR0010375766,INRL,A2R_CANONICAL_SELECTION,True,2014-10-30,1.0,True,16,SEMANTICALLY_IDENTICAL_IMPLEMENTATION_TRANSITION,YES_SAME_A2R_ECONOMIC_FAMILY,CONTINUE,NO
2014-11-03,INDIA,LIST-EC79E2C7070EA86D,LIST-52E5E6415569226E,LU0292109690,XNIF,A2R_CANONICAL_SELECTION,True,2014-10-31,1.0,True,16,SEMANTICALLY_IDENTICAL_IMPLEMENTATION_TRANSITION,YES_SAME_A2R_ECONOMIC_FAMILY,CONTINUE,NO
2014-12-11,INDIA,LIST-52E5E6415569226E,LIST-EC79E2C7070EA86D,FR0010375766,INRL,A2R_CANONICAL_SELECTION,True,2014-12-10,1.0,True,16,SEMANTICALLY_IDENTICAL_IMPLEMENTATION_TRANSITION,YES_SAME_A2R_ECONOMIC_FAMILY,CONTINUE,NO
2014-12-12,INDIA,LIST-EC79E2C7070EA86D,LIST-52E5E6415569226E,LU0292109690,XNIF,A2R_CANONICAL_SELECTION,True,2014-12-11,1.0,True,16,SEMANTICALLY_IDENTICAL_IMPLEMENTATION_TRANSITION,YES_SAME_A2R_ECONOMIC_FAMILY,CONTINUE,NO
2014-12-29,INDIA,LIST-52E5E6415569226E,LIST-4BA5E171F10C97BC,LU0292109690,XNID,A2R_CANONICAL_SELECTION,True,2014-12-24,1.0,True,16,SEMANTICALLY_IDENTICAL_IMPLEMENTATION_TRANSITION,YES_SAME_A2R_ECONOMIC_FAMILY,CONTINUE,NO
2014-12-30,INDIA,LIST-4BA5E171F10C97BC,LIST-52E5E6415569226E,LU0292109690,XNIF,A2R_CANONICAL_SELECTION,True,2014-12-29,1.0,True,16,SEMANTICALLY_IDENTICAL_IMPLEMENTATION_TRANSITION,YES_SAME_A2R_ECONOMIC_FAMILY,CONTINUE,NO
2015-01-08,INDIA,LIST-52E5E6415569226E,LIST-EC79E2C7070EA86D,FR0010375766,INRL,A2R_CANONICAL_SELECTION,True,2015-01-07,1.0,True,16,SEMANTICALLY_IDENTICAL_IMPLEMENTATION_TRANSITION,YES_SAME_A2R_ECONOMIC_FAMILY,CONTINUE,NO
2015-01-09,INDIA,LIST-EC79E2C7070EA86D,LIST-52E5E6415569226E,LU0292109690,XNIF,A2R_CANONICAL_SELECTION,True,2015-01-08,1.0,True,16,SEMANTICALLY_IDENTICAL_IMPLEMENTATION_TRANSITION,YES_SAME_A2R_ECONOMIC_FAMILY,CONTINUE,NO
2015-08-03,INDIA,LIST-52E5E6415569226E,LIST-EC79E2C7070EA86D,FR0010375766,INRL,A2R_CANONICAL_SELECTION,True,2015-07-31,1.0,True,16,SEMANTICALLY_IDENTICAL_IMPLEMENTATION_TRANSITION,YES_SAME_A2R_ECONOMIC_FAMILY,CONTINUE,NO
2015-08-04,INDIA,LIST-EC79E2C7070EA86D,LIST-52E5E6415569226E,LU0292109690,XNIF,A2R_CANONICAL_SELECTION,True,2015-08-03,1.0,True,16,SEMANTICALLY_IDENTICAL_IMPLEMENTATION_TRANSITION,YES_SAME_A2R_ECONOMIC_FAMILY,CONTINUE,NO
2015-08-06,INDIA,LIST-52E5E6415569226E,LIST-EC79E2C7070EA86D,FR0010375766,INRL,A2R_CANONICAL_SELECTION,True,2015-08-05,1.0,True,16,SEMANTICALLY_IDENTICAL_IMPLEMENTATION_TRANSITION,YES_SAME_A2R_ECONOMIC_FAMILY,CONTINUE,NO
2015-08-07,INDIA,LIST-EC79E2C7070EA86D,LIST-52E5E6415569226E,LU0292109690,XNIF,A2R_CANONICAL_SELECTION,True,2015-08-06,1.0,True,16,SEMANTICALLY_IDENTICAL_IMPLEMENTATION_TRANSITION,YES_SAME_A2R_ECONOMIC_FAMILY,CONTINUE,NO
2015-08-13,INDIA,LIST-52E5E6415569226E,LIST-EC79E2C7070EA86D,FR0010375766,INRL,A2R_CANONICAL_SELECTION,True,2015-08-12,1.0,True,16,SEMANTICALLY_IDENTICAL_IMPLEMENTATION_TRANSITION,YES_SAME_A2R_ECONOMIC_FAMILY,CONTINUE,NO
2015-08-14,INDIA,LIST-EC79E2C7070EA86D,LIST-52E5E6415569226E,LU0292109690,XNIF,A2R_CANONICAL_SELECTION,True,2015-08-13,1.0,True,16,SEMANTICALLY_IDENTICAL_IMPLEMENTATION_TRANSITION,YES_SAME_A2R_ECONOMIC_FAMILY,CONTINUE,NO
2015-09-03,INDIA,LIST-52E5E6415569226E,LIST-EC79E2C7070EA86D,FR0010375766,INRL,A2R_CANONICAL_SELECTION,True,2015-09-02,1.0,True,16,SEMANTICALLY_IDENTICAL_IMPLEMENTATION_TRANSITION,YES_SAME_A2R_ECONOMIC_FAMILY,CONTINUE,NO
2015-09-04,INDIA,LIST-EC79E2C7070EA86D,LIST-52E5E6415569226E,LU0292109690,XNIF,A2R_CANONICAL_SELECTION,True,2015-09-03,1.0,True,16,SEMANTICALLY_IDENTICAL_IMPLEMENTATION_TRANSITION,YES_SAME_A2R_ECONOMIC_FAMILY,CONTINUE,NO
2015-10-12,INDIA,LIST-52E5E6415569226E,LIST-EC79E2C7070EA86D,FR0010375766,INRL,A2R_CANONICAL_SELECTION,True,2015-10-09,1.0,True,16,SEMANTICALLY_IDENTICAL_IMPLEMENTATION_TRANSITION,YES_SAME_A2R_ECONOMIC_FAMILY,CONTINUE,NO
2015-10-13,INDIA,LIST-EC79E2C7070EA86D,LIST-52E5E6415569226E,LU0292109690,XNIF,A2R_CANONICAL_SELECTION,True,2015-10-12,1.0,True,16,SEMANTICALLY_IDENTICAL_IMPLEMENTATION_TRANSITION,YES_SAME_A2R_ECONOMIC_FAMILY,CONTINUE,NO
2015-11-06,INDIA,LIST-52E5E6415569226E,LIST-EC79E2C7070EA86D,FR0010375766,INRL,A2R_CANONICAL_SELECTION,True,2015-11-05,1.0,True,16,SEMANTICALLY_IDENTICAL_IMPLEMENTATION_TRANSITION,YES_SAME_A2R_ECONOMIC_FAMILY,CONTINUE,NO
2015-11-11,INDIA,LIST-EC79E2C7070EA86D,LIST-52E5E6415569226E,LU0292109690,XNIF,A2R_CANONICAL_SELECTION,True,2015-11-10,1.0,True,16,SEMANTICALLY_IDENTICAL_IMPLEMENTATION_TRANSITION,YES_SAME_A2R_ECONOMIC_FAMILY,CONTINUE,NO
2015-11-17,INDIA,LIST-52E5E6415569226E,LIST-EC79E2C7070EA86D,FR0010375766,INRL,A2R_CANONICAL_SELECTION,True,2015-11-16,1.0,True,16,SEMANTICALLY_IDENTICAL_IMPLEMENTATION_TRANSITION,YES_SAME_A2R_ECONOMIC_FAMILY,CONTINUE,NO
2015-11-18,INDIA,LIST-EC79E2C7070EA86D,LIST-52E5E6415569226E,LU0292109690,XNIF,A2R_CANONICAL_SELECTION,True,2015-11-17,1.0,True,16,SEMANTICALLY_IDENTICAL_IMPLEMENTATION_TRANSITION,YES_SAME_A2R_ECONOMIC_FAMILY,CONTINUE,NO
2015-11-20,INDIA,LIST-52E5E6415569226E,LIST-EC79E2C7070EA86D,FR0010375766,INRL,A2R_CANONICAL_SELECTION,True,2015-11-19,1.0,True,16,SEMANTICALLY_IDENTICAL_IMPLEMENTATION_TRANSITION,YES_SAME_A2R_ECONOMIC_FAMILY,CONTINUE,NO
2015-11-23,INDIA,LIST-EC79E2C7070EA86D,LIST-52E5E6415569226E,LU0292109690,XNIF,A2R_CANONICAL_SELECTION,True,2015-11-20,1.0,True,16,SEMANTICALLY_IDENTICAL_IMPLEMENTATION_TRANSITION,YES_SAME_A2R_ECONOMIC_FAMILY,CONTINUE,NO
2015-11-26,INDIA,LIST-52E5E6415569226E,LIST-EC79E2C7070EA86D,FR0010375766,INRL,A2R_CANONICAL_SELECTION,True,2015-11-25,1.0,True,16,SEMANTICALLY_IDENTICAL_IMPLEMENTATION_TRANSITION,YES_SAME_A2R_ECONOMIC_FAMILY,CONTINUE,NO
2015-11-27,INDIA,LIST-EC79E2C7070EA86D,LIST-52E5E6415569226E,LU0292109690,XNIF,A2R_CANONICAL_SELECTION,True,2015-11-26,1.0,True,16,SEMANTICALLY_IDENTICAL_IMPLEMENTATION_TRANSITION,YES_SAME_A2R_ECONOMIC_FAMILY,CONTINUE,NO
2015-12-02,INDIA,LIST-52E5E6415569226E,LIST-EC79E2C7070EA86D,FR0010375766,INRL,A2R_CANONICAL_SELECTION,True,2015-12-01,1.0,True,16,SEMANTICALLY_IDENTICAL_IMPLEMENTATION_TRANSITION,YES_SAME_A2R_ECONOMIC_FAMILY,CONTINUE,NO
2015-12-03,INDIA,LIST-EC79E2C7070EA86D,LIST-52E5E6415569226E,LU0292109690,XNIF,A2R_CANONICAL_SELECTION,True,2015-12-02,1.0,True,16,SEMANTICALLY_IDENTICAL_IMPLEMENTATION_TRANSITION,YES_SAME_A2R_ECONOMIC_FAMILY,CONTINUE,NO
2015-12-29,INDIA,LIST-52E5E6415569226E,LIST-4BA5E171F10C97BC,LU0292109690,XNID,A2R_CANONICAL_SELECTION,True,2015-12-24,1.0,True,16,SEMANTICALLY_IDENTICAL_IMPLEMENTATION_TRANSITION,YES_SAME_A2R_ECONOMIC_FAMILY,CONTINUE,NO
2015-12-30,INDIA,LIST-4BA5E171F10C97BC,LIST-52E5E6415569226E,LU0292109690,XNIF,A2R_CANONICAL_SELECTION,True,2015-12-29,1.0,True,16,SEMANTICALLY_IDENTICAL_IMPLEMENTATION_TRANSITION,YES_SAME_A2R_ECONOMIC_FAMILY,CONTINUE,NO
2016-01-08,INDIA,LIST-52E5E6415569226E,LIST-EC79E2C7070EA86D,FR0010375766,INRL,A2R_CANONICAL_SELECTION,True,2016-01-07,1.0,True,16,SEMANTICALLY_IDENTICAL_IMPLEMENTATION_TRANSITION,YES_SAME_A2R_ECONOMIC_FAMILY,CONTINUE,NO
2016-01-11,INDIA,LIST-EC79E2C7070EA86D,LIST-52E5E6415569226E,LU0292109690,XNIF,A2R_CANONICAL_SELECTION,True,2016-01-08,1.0,True,16,SEMANTICALLY_IDENTICAL_IMPLEMENTATION_TRANSITION,YES_SAME_A2R_ECONOMIC_FAMILY,CONTINUE,NO
2016-01-19,INDIA,LIST-52E5E6415569226E,LIST-EC79E2C7070EA86D,FR0010375766,INRL,A2R_CANONICAL_SELECTION,True,2016-01-18,1.0,True,16,SEMANTICALLY_IDENTICAL_IMPLEMENTATION_TRANSITION,YES_SAME_A2R_ECONOMIC_FAMILY,CONTINUE,NO
2016-01-20,INDIA,LIST-EC79E2C7070EA86D,LIST-52E5E6415569226E,LU0292109690,XNIF,A2R_CANONICAL_SELECTION,True,2016-01-19,1.0,True,16,SEMANTICALLY_IDENTICAL_IMPLEMENTATION_TRANSITION,YES_SAME_A2R_ECONOMIC_FAMILY,CONTINUE,NO
2016-03-01,INDIA,LIST-52E5E6415569226E,LIST-EC79E2C7070EA86D,FR0010375766,INRL,A2R_CANONICAL_SELECTION,True,2016-02-29,1.0,True,16,SEMANTICALLY_IDENTICAL_IMPLEMENTATION_TRANSITION,YES_SAME_A2R_ECONOMIC_FAMILY,CONTINUE,NO
2016-03-02,INDIA,LIST-EC79E2C7070EA86D,LIST-52E5E6415569226E,LU0292109690,XNIF,A2R_CANONICAL_SELECTION,True,2016-03-01,1.0,True,16,SEMANTICALLY_IDENTICAL_IMPLEMENTATION_TRANSITION,YES_SAME_A2R_ECONOMIC_FAMILY,CONTINUE,NO
2016-04-08,INDIA,LIST-52E5E6415569226E,LIST-EC79E2C7070EA86D,FR0010375766,INRL,A2R_CANONICAL_SELECTION,True,2016-04-07,1.0,True,16,SEMANTICALLY_IDENTICAL_IMPLEMENTATION_TRANSITION,YES_SAME_A2R_ECONOMIC_FAMILY,CONTINUE,NO
2016-04-11,INDIA,LIST-EC79E2C7070EA86D,LIST-52E5E6415569226E,LU0292109690,XNIF,A2R_CANONICAL_SELECTION,True,2016-04-08,1.0,True,16,SEMANTICALLY_IDENTICAL_IMPLEMENTATION_TRANSITION,YES_SAME_A2R_ECONOMIC_FAMILY,CONTINUE,NO
2016-04-13,INDIA,LIST-52E5E6415569226E,LIST-EC79E2C7070EA86D,FR0010375766,INRL,A2R_CANONICAL_SELECTION,True,2016-04-12,1.0,True,16,SEMANTICALLY_IDENTICAL_IMPLEMENTATION_TRANSITION,YES_SAME_A2R_ECONOMIC_FAMILY,CONTINUE,NO
2016-04-14,INDIA,LIST-EC79E2C7070EA86D,LIST-52E5E6415569226E,LU0292109690,XNIF,A2R_CANONICAL_SELECTION,True,2016-04-13,1.0,True,16,SEMANTICALLY_IDENTICAL_IMPLEMENTATION_TRANSITION,YES_SAME_A2R_ECONOMIC_FAMILY,CONTINUE,NO
2016-04-29,INDIA,LIST-52E5E6415569226E,LIST-EC79E2C7070EA86D,FR0010375766,INRL,A2R_CANONICAL_SELECTION,True,2016-04-28,1.0,True,16,SEMANTICALLY_IDENTICAL_IMPLEMENTATION_TRANSITION,YES_SAME_A2R_ECONOMIC_FAMILY,CONTINUE,NO
2016-05-03,INDIA,LIST-EC79E2C7070EA86D,LIST-52E5E6415569226E,LU0292109690,XNIF,A2R_CANONICAL_SELECTION,True,2016-04-29,1.0,True,16,SEMANTICALLY_IDENTICAL_IMPLEMENTATION_TRANSITION,YES_SAME_A2R_ECONOMIC_FAMILY,CONTINUE,NO
2016-05-18,INDIA,LIST-52E5E6415569226E,LIST-EC79E2C7070EA86D,FR0010375766,INRL,A2R_CANONICAL_SELECTION,True,2016-05-17,1.0,True,16,SEMANTICALLY_IDENTICAL_IMPLEMENTATION_TRANSITION,YES_SAME_A2R_ECONOMIC_FAMILY,CONTINUE,NO
2016-05-19,INDIA,LIST-EC79E2C7070EA86D,LIST-52E5E6415569226E,LU0292109690,XNIF,A2R_CANONICAL_SELECTION,True,2016-05-18,1.0,True,16,SEMANTICALLY_IDENTICAL_IMPLEMENTATION_TRANSITION,YES_SAME_A2R_ECONOMIC_FAMILY,CONTINUE,NO
2016-06-08,INDIA,LIST-52E5E6415569226E,LIST-EC79E2C7070EA86D,FR0010375766,INRL,A2R_CANONICAL_SELECTION,True,2016-06-07,1.0,True,16,SEMANTICALLY_IDENTICAL_IMPLEMENTATION_TRANSITION,YES_SAME_A2R_ECONOMIC_FAMILY,CONTINUE,NO
2016-06-09,INDIA,LIST-EC79E2C7070EA86D,LIST-52E5E6415569226E,LU0292109690,XNIF,A2R_CANONICAL_SELECTION,True,2016-06-08,1.0,True,16,SEMANTICALLY_IDENTICAL_IMPLEMENTATION_TRANSITION,YES_SAME_A2R_ECONOMIC_FAMILY,CONTINUE,NO
2016-06-13,INDIA,LIST-52E5E6415569226E,LIST-EC79E2C7070EA86D,FR0010375766,INRL,A2R_CANONICAL_SELECTION,True,2016-06-10,1.0,True,16,SEMANTICALLY_IDENTICAL_IMPLEMENTATION_TRANSITION,YES_SAME_A2R_ECONOMIC_FAMILY,CONTINUE,NO
2016-06-14,INDIA,LIST-EC79E2C7070EA86D,LIST-52E5E6415569226E,LU0292109690,XNIF,A2R_CANONICAL_SELECTION,True,2016-06-13,1.0,True,16,SEMANTICALLY_IDENTICAL_IMPLEMENTATION_TRANSITION,YES_SAME_A2R_ECONOMIC_FAMILY,CONTINUE,NO
2016-06-24,INDIA,LIST-52E5E6415569226E,LIST-EC79E2C7070EA86D,FR0010375766,INRL,A2R_CANONICAL_SELECTION,True,2016-06-23,1.0,True,16,SEMANTICALLY_IDENTICAL_IMPLEMENTATION_TRANSITION,YES_SAME_A2R_ECONOMIC_FAMILY,CONTINUE,NO
2016-06-27,INDIA,LIST-EC79E2C7070EA86D,LIST-52E5E6415569226E,LU0292109690,XNIF,A2R_CANONICAL_SELECTION,True,2016-06-24,1.0,True,16,SEMANTICALLY_IDENTICAL_IMPLEMENTATION_TRANSITION,YES_SAME_A2R_ECONOMIC_FAMILY,CONTINUE,NO
2016-07-22,INDIA,LIST-52E5E6415569226E,LIST-EC79E2C7070EA86D,FR0010375766,INRL,A2R_CANONICAL_SELECTION,True,2016-07-21,1.0,True,16,SEMANTICALLY_IDENTICAL_IMPLEMENTATION_TRANSITION,YES_SAME_A2R_ECONOMIC_FAMILY,CONTINUE,NO
2016-07-25,INDIA,LIST-EC79E2C7070EA86D,LIST-52E5E6415569226E,LU0292109690,XNIF,A2R_CANONICAL_SELECTION,True,2016-07-22,1.0,True,16,SEMANTICALLY_IDENTICAL_IMPLEMENTATION_TRANSITION,YES_SAME_A2R_ECONOMIC_FAMILY,CONTINUE,NO
2016-08-03,INDIA,LIST-52E5E6415569226E,LIST-EC79E2C7070EA86D,FR0010375766,INRL,A2R_CANONICAL_SELECTION,True,2016-08-02,1.0,True,16,SEMANTICALLY_IDENTICAL_IMPLEMENTATION_TRANSITION,YES_SAME_A2R_ECONOMIC_FAMILY,CONTINUE,NO
2016-08-04,INDIA,LIST-EC79E2C7070EA86D,LIST-52E5E6415569226E,LU0292109690,XNIF,A2R_CANONICAL_SELECTION,True,2016-08-03,1.0,True,16,SEMANTICALLY_IDENTICAL_IMPLEMENTATION_TRANSITION,YES_SAME_A2R_ECONOMIC_FAMILY,CONTINUE,NO
2016-08-09,INDIA,LIST-52E5E6415569226E,LIST-EC79E2C7070EA86D,FR0010375766,INRL,A2R_CANONICAL_SELECTION,True,2016-08-08,1.0,True,16,SEMANTICALLY_IDENTICAL_IMPLEMENTATION_TRANSITION,YES_SAME_A2R_ECONOMIC_FAMILY,CONTINUE,NO
2016-08-10,INDIA,LIST-EC79E2C7070EA86D,LIST-52E5E6415569226E,LU0292109690,XNIF,A2R_CANONICAL_SELECTION,True,2016-08-09,1.0,True,16,SEMANTICALLY_IDENTICAL_IMPLEMENTATION_TRANSITION,YES_SAME_A2R_ECONOMIC_FAMILY,CONTINUE,NO
2016-08-26,INDIA,LIST-52E5E6415569226E,LIST-EC79E2C7070EA86D,FR0010375766,INRL,A2R_CANONICAL_SELECTION,True,2016-08-25,1.0,True,16,SEMANTICALLY_IDENTICAL_IMPLEMENTATION_TRANSITION,YES_SAME_A2R_ECONOMIC_FAMILY,CONTINUE,NO
2016-08-30,INDIA,LIST-EC79E2C7070EA86D,LIST-52E5E6415569226E,LU0292109690,XNIF,A2R_CANONICAL_SELECTION,True,2016-08-26,1.0,True,16,SEMANTICALLY_IDENTICAL_IMPLEMENTATION_TRANSITION,YES_SAME_A2R_ECONOMIC_FAMILY,CONTINUE,NO
2016-09-16,INDIA,LIST-52E5E6415569226E,LIST-EC79E2C7070EA86D,FR0010375766,INRL,A2R_CANONICAL_SELECTION,True,2016-09-15,1.0,True,16,SEMANTICALLY_IDENTICAL_IMPLEMENTATION_TRANSITION,YES_SAME_A2R_ECONOMIC_FAMILY,CONTINUE,NO
2016-09-19,INDIA,LIST-EC79E2C7070EA86D,LIST-52E5E6415569226E,LU0292109690,XNIF,A2R_CANONICAL_SELECTION,True,2016-09-16,1.0,True,16,SEMANTICALLY_IDENTICAL_IMPLEMENTATION_TRANSITION,YES_SAME_A2R_ECONOMIC_FAMILY,CONTINUE,NO
2016-10-13,INDIA,LIST-52E5E6415569226E,LIST-EC79E2C7070EA86D,FR0010375766,INRL,A2R_CANONICAL_SELECTION,True,2016-10-12,1.0,True,16,SEMANTICALLY_IDENTICAL_IMPLEMENTATION_TRANSITION,YES_SAME_A2R_ECONOMIC_FAMILY,CONTINUE,NO
2016-10-14,INDIA,LIST-EC79E2C7070EA86D,LIST-52E5E6415569226E,LU0292109690,XNIF,A2R_CANONICAL_SELECTION,True,2016-10-13,1.0,True,16,SEMANTICALLY_IDENTICAL_IMPLEMENTATION_TRANSITION,YES_SAME_A2R_ECONOMIC_FAMILY,CONTINUE,NO
2016-10-27,INDIA,LIST-52E5E6415569226E,LIST-EC79E2C7070EA86D,FR0010375766,INRL,A2R_CANONICAL_SELECTION,True,2016-10-26,1.0,True,16,SEMANTICALLY_IDENTICAL_IMPLEMENTATION_TRANSITION,YES_SAME_A2R_ECONOMIC_FAMILY,CONTINUE,NO
2016-10-28,INDIA,LIST-EC79E2C7070EA86D,LIST-52E5E6415569226E,LU0292109690,XNIF,A2R_CANONICAL_SELECTION,True,2016-10-27,1.0,True,16,SEMANTICALLY_IDENTICAL_IMPLEMENTATION_TRANSITION,YES_SAME_A2R_ECONOMIC_FAMILY,CONTINUE,NO
2016-11-08,INDIA,LIST-52E5E6415569226E,LIST-EC79E2C7070EA86D,FR0010375766,INRL,A2R_CANONICAL_SELECTION,True,2016-11-07,1.0,True,16,SEMANTICALLY_IDENTICAL_IMPLEMENTATION_TRANSITION,YES_SAME_A2R_ECONOMIC_FAMILY,CONTINUE,NO
2016-11-09,INDIA,LIST-EC79E2C7070EA86D,LIST-52E5E6415569226E,LU0292109690,XNIF,A2R_CANONICAL_SELECTION,True,2016-11-08,1.0,True,16,SEMANTICALLY_IDENTICAL_IMPLEMENTATION_TRANSITION,YES_SAME_A2R_ECONOMIC_FAMILY,CONTINUE,NO
2016-12-07,INDIA,LIST-52E5E6415569226E,LIST-EC79E2C7070EA86D,FR0010375766,INRL,A2R_CANONICAL_SELECTION,True,2016-12-06,1.0,True,16,SEMANTICALLY_IDENTICAL_IMPLEMENTATION_TRANSITION,YES_SAME_A2R_ECONOMIC_FAMILY,CONTINUE,NO
2016-12-08,INDIA,LIST-EC79E2C7070EA86D,LIST-52E5E6415569226E,LU0292109690,XNIF,A2R_CANONICAL_SELECTION,True,2016-12-07,1.0,True,16,SEMANTICALLY_IDENTICAL_IMPLEMENTATION_TRANSITION,YES_SAME_A2R_ECONOMIC_FAMILY,CONTINUE,NO
2017-01-20,INDIA,LIST-52E5E6415569226E,LIST-EC79E2C7070EA86D,FR0010375766,INRL,A2R_CANONICAL_SELECTION,True,2017-01-19,1.0,True,16,SEMANTICALLY_IDENTICAL_IMPLEMENTATION_TRANSITION,YES_SAME_A2R_ECONOMIC_FAMILY,CONTINUE,NO
2017-01-23,INDIA,LIST-EC79E2C7070EA86D,LIST-52E5E6415569226E,LU0292109690,XNIF,A2R_CANONICAL_SELECTION,True,2017-01-20,1.0,True,16,SEMANTICALLY_IDENTICAL_IMPLEMENTATION_TRANSITION,YES_SAME_A2R_ECONOMIC_FAMILY,CONTINUE,NO
2017-01-31,INDIA,LIST-52E5E6415569226E,LIST-EC79E2C7070EA86D,FR0010375766,INRL,A2R_CANONICAL_SELECTION,True,2017-01-30,1.0,True,16,SEMANTICALLY_IDENTICAL_IMPLEMENTATION_TRANSITION,YES_SAME_A2R_ECONOMIC_FAMILY,CONTINUE,NO
2017-02-01,INDIA,LIST-EC79E2C7070EA86D,LIST-52E5E6415569226E,LU0292109690,XNIF,A2R_CANONICAL_SELECTION,True,2017-01-31,1.0,True,16,SEMANTICALLY_IDENTICAL_IMPLEMENTATION_TRANSITION,YES_SAME_A2R_ECONOMIC_FAMILY,CONTINUE,NO
2017-03-03,INDIA,LIST-52E5E6415569226E,LIST-EC79E2C7070EA86D,FR0010375766,INRL,A2R_CANONICAL_SELECTION,True,2017-03-02,1.0,True,16,SEMANTICALLY_IDENTICAL_IMPLEMENTATION_TRANSITION,YES_SAME_A2R_ECONOMIC_FAMILY,CONTINUE,NO
2017-03-06,INDIA,LIST-EC79E2C7070EA86D,LIST-52E5E6415569226E,LU0292109690,XNIF,A2R_CANONICAL_SELECTION,True,2017-03-03,1.0,True,16,SEMANTICALLY_IDENTICAL_IMPLEMENTATION_TRANSITION,YES_SAME_A2R_ECONOMIC_FAMILY,CONTINUE,NO
2017-03-08,INDIA,LIST-52E5E6415569226E,LIST-EC79E2C7070EA86D,FR0010375766,INRL,A2R_CANONICAL_SELECTION,True,2017-03-07,1.0,True,16,SEMANTICALLY_IDENTICAL_IMPLEMENTATION_TRANSITION,YES_SAME_A2R_ECONOMIC_FAMILY,CONTINUE,NO
2017-03-09,INDIA,LIST-EC79E2C7070EA86D,LIST-52E5E6415569226E,LU0292109690,XNIF,A2R_CANONICAL_SELECTION,True,2017-03-08,1.0,True,16,SEMANTICALLY_IDENTICAL_IMPLEMENTATION_TRANSITION,YES_SAME_A2R_ECONOMIC_FAMILY,CONTINUE,NO
2017-06-06,INDIA,LIST-52E5E6415569226E,LIST-EC79E2C7070EA86D,FR0010375766,INRL,A2R_CANONICAL_SELECTION,True,2017-06-05,1.0,True,16,SEMANTICALLY_IDENTICAL_IMPLEMENTATION_TRANSITION,YES_SAME_A2R_ECONOMIC_FAMILY,CONTINUE,NO
2017-06-07,INDIA,LIST-EC79E2C7070EA86D,LIST-52E5E6415569226E,LU0292109690,XNIF,A2R_CANONICAL_SELECTION,True,2017-06-06,1.0,True,16,SEMANTICALLY_IDENTICAL_IMPLEMENTATION_TRANSITION,YES_SAME_A2R_ECONOMIC_FAMILY,CONTINUE,NO
2017-06-19,INDIA,LIST-52E5E6415569226E,LIST-EC79E2C7070EA86D,FR0010375766,INRL,A2R_CANONICAL_SELECTION,True,2017-06-16,1.0,True,16,SEMANTICALLY_IDENTICAL_IMPLEMENTATION_TRANSITION,YES_SAME_A2R_ECONOMIC_FAMILY,CONTINUE,NO
2017-06-20,INDIA,LIST-EC79E2C7070EA86D,LIST-52E5E6415569226E,LU0292109690,XNIF,A2R_CANONICAL_SELECTION,True,2017-06-19,1.0,True,16,SEMANTICALLY_IDENTICAL_IMPLEMENTATION_TRANSITION,YES_SAME_A2R_ECONOMIC_FAMILY,CONTINUE,NO
2017-06-23,INDIA,LIST-52E5E6415569226E,LIST-EC79E2C7070EA86D,FR0010375766,INRL,A2R_CANONICAL_SELECTION,True,2017-06-22,1.0,True,16,SEMANTICALLY_IDENTICAL_IMPLEMENTATION_TRANSITION,YES_SAME_A2R_ECONOMIC_FAMILY,CONTINUE,NO
2017-06-26,INDIA,LIST-EC79E2C7070EA86D,LIST-52E5E6415569226E,LU0292109690,XNIF,A2R_CANONICAL_SELECTION,True,2017-06-23,1.0,True,16,SEMANTICALLY_IDENTICAL_IMPLEMENTATION_TRANSITION,YES_SAME_A2R_ECONOMIC_FAMILY,CONTINUE,NO
2017-07-06,INDIA,LIST-52E5E6415569226E,LIST-EC79E2C7070EA86D,FR0010375766,INRL,A2R_CANONICAL_SELECTION,True,2017-07-05,1.0,True,16,SEMANTICALLY_IDENTICAL_IMPLEMENTATION_TRANSITION,YES_SAME_A2R_ECONOMIC_FAMILY,CONTINUE,NO
2017-07-07,INDIA,LIST-EC79E2C7070EA86D,LIST-52E5E6415569226E,LU0292109690,XNIF,A2R_CANONICAL_SELECTION,True,2017-07-06,1.0,True,16,SEMANTICALLY_IDENTICAL_IMPLEMENTATION_TRANSITION,YES_SAME_A2R_ECONOMIC_FAMILY,CONTINUE,NO
2017-07-19,INDIA,LIST-52E5E6415569226E,LIST-EC79E2C7070EA86D,FR0010375766,INRL,A2R_CANONICAL_SELECTION,True,2017-07-18,1.0,True,16,SEMANTICALLY_IDENTICAL_IMPLEMENTATION_TRANSITION,YES_SAME_A2R_ECONOMIC_FAMILY,CONTINUE,NO
2017-07-20,INDIA,LIST-EC79E2C7070EA86D,LIST-52E5E6415569226E,LU0292109690,XNIF,A2R_CANONICAL_SELECTION,True,2017-07-19,1.0,True,16,SEMANTICALLY_IDENTICAL_IMPLEMENTATION_TRANSITION,YES_SAME_A2R_ECONOMIC_FAMILY,CONTINUE,NO
2017-07-27,INDIA,LIST-52E5E6415569226E,LIST-EC79E2C7070EA86D,FR0010375766,INRL,A2R_CANONICAL_SELECTION,True,2017-07-26,1.0,True,16,SEMANTICALLY_IDENTICAL_IMPLEMENTATION_TRANSITION,YES_SAME_A2R_ECONOMIC_FAMILY,CONTINUE,NO
2017-07-28,INDIA,LIST-EC79E2C7070EA86D,LIST-52E5E6415569226E,LU0292109690,XNIF,A2R_CANONICAL_SELECTION,True,2017-07-27,1.0,True,16,SEMANTICALLY_IDENTICAL_IMPLEMENTATION_TRANSITION,YES_SAME_A2R_ECONOMIC_FAMILY,CONTINUE,NO
2017-08-02,INDIA,LIST-52E5E6415569226E,LIST-EC79E2C7070EA86D,FR0010375766,INRL,A2R_CANONICAL_SELECTION,True,2017-08-01,1.0,True,16,SEMANTICALLY_IDENTICAL_IMPLEMENTATION_TRANSITION,YES_SAME_A2R_ECONOMIC_FAMILY,CONTINUE,NO
2017-08-03,INDIA,LIST-EC79E2C7070EA86D,LIST-52E5E6415569226E,LU0292109690,XNIF,A2R_CANONICAL_SELECTION,True,2017-08-02,1.0,True,16,SEMANTICALLY_IDENTICAL_IMPLEMENTATION_TRANSITION,YES_SAME_A2R_ECONOMIC_FAMILY,CONTINUE,NO
2017-08-21,INDIA,LIST-52E5E6415569226E,LIST-EC79E2C7070EA86D,FR0010375766,INRL,A2R_CANONICAL_SELECTION,True,2017-08-18,1.0,True,16,SEMANTICALLY_IDENTICAL_IMPLEMENTATION_TRANSITION,YES_SAME_A2R_ECONOMIC_FAMILY,CONTINUE,NO
2017-08-22,INDIA,LIST-EC79E2C7070EA86D,LIST-52E5E6415569226E,LU0292109690,XNIF,A2R_CANONICAL_SELECTION,True,2017-08-21,1.0,True,16,SEMANTICALLY_IDENTICAL_IMPLEMENTATION_TRANSITION,YES_SAME_A2R_ECONOMIC_FAMILY,CONTINUE,NO
2017-08-25,INDIA,LIST-52E5E6415569226E,LIST-EC79E2C7070EA86D,FR0010375766,INRL,A2R_CANONICAL_SELECTION,True,2017-08-24,1.0,True,16,SEMANTICALLY_IDENTICAL_IMPLEMENTATION_TRANSITION,YES_SAME_A2R_ECONOMIC_FAMILY,CONTINUE,NO
2017-08-31,INDIA,LIST-EC79E2C7070EA86D,LIST-52E5E6415569226E,LU0292109690,XNIF,A2R_CANONICAL_SELECTION,True,2017-08-30,1.0,True,16,SEMANTICALLY_IDENTICAL_IMPLEMENTATION_TRANSITION,YES_SAME_A2R_ECONOMIC_FAMILY,CONTINUE,NO
2017-10-31,INDIA,LIST-52E5E6415569226E,LIST-EC79E2C7070EA86D,FR0010375766,INRL,A2R_CANONICAL_SELECTION,True,2017-10-30,1.0,True,16,SEMANTICALLY_IDENTICAL_IMPLEMENTATION_TRANSITION,YES_SAME_A2R_ECONOMIC_FAMILY,CONTINUE,NO
2017-11-01,INDIA,LIST-EC79E2C7070EA86D,LIST-52E5E6415569226E,LU0292109690,XNIF,A2R_CANONICAL_SELECTION,True,2017-10-31,1.0,True,16,SEMANTICALLY_IDENTICAL_IMPLEMENTATION_TRANSITION,YES_SAME_A2R_ECONOMIC_FAMILY,CONTINUE,NO
2017-12-07,INDIA,LIST-52E5E6415569226E,LIST-EC79E2C7070EA86D,FR0010375766,INRL,A2R_CANONICAL_SELECTION,True,2017-12-06,1.0,True,16,SEMANTICALLY_IDENTICAL_IMPLEMENTATION_TRANSITION,YES_SAME_A2R_ECONOMIC_FAMILY,CONTINUE,NO
2017-12-08,INDIA,LIST-EC79E2C7070EA86D,LIST-52E5E6415569226E,LU0292109690,XNIF,A2R_CANONICAL_SELECTION,True,2017-12-07,1.0,True,16,SEMANTICALLY_IDENTICAL_IMPLEMENTATION_TRANSITION,YES_SAME_A2R_ECONOMIC_FAMILY,CONTINUE,NO
2017-12-15,INDIA,LIST-52E5E6415569226E,LIST-EC79E2C7070EA86D,FR0010375766,INRL,A2R_CANONICAL_SELECTION,True,2017-12-14,1.0,True,16,SEMANTICALLY_IDENTICAL_IMPLEMENTATION_TRANSITION,YES_SAME_A2R_ECONOMIC_FAMILY,CONTINUE,NO
2017-12-18,INDIA,LIST-EC79E2C7070EA86D,LIST-52E5E6415569226E,LU0292109690,XNIF,A2R_CANONICAL_SELECTION,False,,,False,16,PRICE_NOT_AVAILABLE,YES_SAME_A2R_ECONOMIC_FAMILY,RESET_OR_ENDPOINT_UNAVAILABLE,NO
2017-12-19,INDIA,LIST-52E5E6415569226E,LIST-EC79E2C7070EA86D,FR0010375766,INRL,A2R_CANONICAL_SELECTION,True,2017-12-18,1.0,False,16,EXACT_PREVIOUS_XLON_SESSION_ENDPOINT,YES_SAME_A2R_ECONOMIC_FAMILY,RESET_OR_ENDPOINT_UNAVAILABLE,NO
2017-12-21,INDIA,LIST-EC79E2C7070EA86D,LIST-52E5E6415569226E,LU0292109690,XNIF,A2R_CANONICAL_SELECTION,False,,,False,16,PRICE_NOT_AVAILABLE,YES_SAME_A2R_ECONOMIC_FAMILY,RESET_OR_ENDPOINT_UNAVAILABLE,NO
2017-12-22,INDIA,LIST-52E5E6415569226E,LIST-EC79E2C7070EA86D,FR0010375766,INRL,A2R_CANONICAL_SELECTION,True,2017-12-21,1.0,False,16,EXACT_PREVIOUS_XLON_SESSION_ENDPOINT,YES_SAME_A2R_ECONOMIC_FAMILY,RESET_OR_ENDPOINT_UNAVAILABLE,NO
2017-12-27,INDIA,LIST-EC79E2C7070EA86D,LIST-52E5E6415569226E,LU0292109690,XNIF,A2R_CANONICAL_SELECTION,True,2017-12-22,1.0,True,16,SEMANTICALLY_IDENTICAL_IMPLEMENTATION_TRANSITION,YES_SAME_A2R_ECONOMIC_FAMILY,CONTINUE,NO
2018-03-06,INDIA,LIST-52E5E6415569226E,LIST-EC79E2C7070EA86D,FR0010375766,INRL,A2R_CANONICAL_SELECTION,True,2018-03-05,1.0,True,16,SEMANTICALLY_IDENTICAL_IMPLEMENTATION_TRANSITION,YES_SAME_A2R_ECONOMIC_FAMILY,CONTINUE,NO
2018-03-07,INDIA,LIST-EC79E2C7070EA86D,LIST-52E5E6415569226E,LU0292109690,XNIF,A2R_CANONICAL_SELECTION,True,2018-03-06,1.0,True,16,SEMANTICALLY_IDENTICAL_IMPLEMENTATION_TRANSITION,YES_SAME_A2R_ECONOMIC_FAMILY,CONTINUE,NO
2018-03-12,INDIA,LIST-52E5E6415569226E,LIST-EC79E2C7070EA86D,FR0010375766,INRL,A2R_CANONICAL_SELECTION,True,2018-03-09,1.0,True,16,SEMANTICALLY_IDENTICAL_IMPLEMENTATION_TRANSITION,YES_SAME_A2R_ECONOMIC_FAMILY,CONTINUE,NO
2018-03-13,INDIA,LIST-EC79E2C7070EA86D,LIST-52E5E6415569226E,LU0292109690,XNIF,A2R_CANONICAL_SELECTION,True,2018-03-12,1.0,True,16,SEMANTICALLY_IDENTICAL_IMPLEMENTATION_TRANSITION,YES_SAME_A2R_ECONOMIC_FAMILY,CONTINUE,NO
2018-03-15,INDIA,LIST-52E5E6415569226E,LIST-EC79E2C7070EA86D,FR0010375766,INRL,A2R_CANONICAL_SELECTION,True,2018-03-14,1.0,True,16,SEMANTICALLY_IDENTICAL_IMPLEMENTATION_TRANSITION,YES_SAME_A2R_ECONOMIC_FAMILY,CONTINUE,NO
2018-03-16,INDIA,LIST-EC79E2C7070EA86D,LIST-52E5E6415569226E,LU0292109690,XNIF,A2R_CANONICAL_SELECTION,True,2018-03-15,1.0,True,16,SEMANTICALLY_IDENTICAL_IMPLEMENTATION_TRANSITION,YES_SAME_A2R_ECONOMIC_FAMILY,CONTINUE,NO
2018-04-17,INDIA,LIST-52E5E6415569226E,LIST-EC79E2C7070EA86D,FR0010375766,INRL,A2R_CANONICAL_SELECTION,True,2018-04-16,1.0,True,16,SEMANTICALLY_IDENTICAL_IMPLEMENTATION_TRANSITION,YES_SAME_A2R_ECONOMIC_FAMILY,CONTINUE,NO
2018-04-18,INDIA,LIST-EC79E2C7070EA86D,LIST-52E5E6415569226E,LU0292109690,XNIF,A2R_CANONICAL_SELECTION,True,2018-04-17,1.0,True,16,SEMANTICALLY_IDENTICAL_IMPLEMENTATION_TRANSITION,YES_SAME_A2R_ECONOMIC_FAMILY,CONTINUE,NO
2018-06-07,INDIA,LIST-52E5E6415569226E,LIST-EC79E2C7070EA86D,FR0010375766,INRL,A2R_CANONICAL_SELECTION,True,2018-06-06,1.0,True,16,SEMANTICALLY_IDENTICAL_IMPLEMENTATION_TRANSITION,YES_SAME_A2R_ECONOMIC_FAMILY,CONTINUE,NO
2018-06-08,INDIA,LIST-EC79E2C7070EA86D,LIST-52E5E6415569226E,LU0292109690,XNIF,A2R_CANONICAL_SELECTION,True,2018-06-07,1.0,True,16,SEMANTICALLY_IDENTICAL_IMPLEMENTATION_TRANSITION,YES_SAME_A2R_ECONOMIC_FAMILY,CONTINUE,NO
2018-07-02,INDIA,LIST-52E5E6415569226E,LIST-EC79E2C7070EA86D,FR0010375766,INRL,A2R_CANONICAL_SELECTION,True,2018-06-29,1.0,True,16,SEMANTICALLY_IDENTICAL_IMPLEMENTATION_TRANSITION,YES_SAME_A2R_ECONOMIC_FAMILY,CONTINUE,NO
2018-07-03,INDIA,LIST-EC79E2C7070EA86D,LIST-52E5E6415569226E,LU0292109690,XNIF,A2R_CANONICAL_SELECTION,True,2018-07-02,1.0,True,16,SEMANTICALLY_IDENTICAL_IMPLEMENTATION_TRANSITION,YES_SAME_A2R_ECONOMIC_FAMILY,CONTINUE,NO
2018-08-03,INDIA,LIST-52E5E6415569226E,LIST-EC79E2C7070EA86D,FR0010375766,INRL,A2R_CANONICAL_SELECTION,True,2018-08-02,1.0,True,16,SEMANTICALLY_IDENTICAL_IMPLEMENTATION_TRANSITION,YES_SAME_A2R_ECONOMIC_FAMILY,CONTINUE,NO
2018-08-06,INDIA,LIST-EC79E2C7070EA86D,LIST-52E5E6415569226E,LU0292109690,XNIF,A2R_CANONICAL_SELECTION,True,2018-08-03,1.0,True,16,SEMANTICALLY_IDENTICAL_IMPLEMENTATION_TRANSITION,YES_SAME_A2R_ECONOMIC_FAMILY,CONTINUE,NO
2018-09-04,INDIA,LIST-52E5E6415569226E,LIST-EC79E2C7070EA86D,FR0010375766,INRL,A2R_CANONICAL_SELECTION,True,2018-09-03,1.0,True,16,SEMANTICALLY_IDENTICAL_IMPLEMENTATION_TRANSITION,YES_SAME_A2R_ECONOMIC_FAMILY,CONTINUE,NO
2018-09-05,INDIA,LIST-EC79E2C7070EA86D,LIST-52E5E6415569226E,LU0292109690,XNIF,A2R_CANONICAL_SELECTION,True,2018-09-04,1.0,True,16,SEMANTICALLY_IDENTICAL_IMPLEMENTATION_TRANSITION,YES_SAME_A2R_ECONOMIC_FAMILY,CONTINUE,NO
2018-09-07,INDIA,LIST-52E5E6415569226E,LIST-EC79E2C7070EA86D,FR0010375766,INRL,A2R_CANONICAL_SELECTION,True,2018-09-06,1.0,True,16,SEMANTICALLY_IDENTICAL_IMPLEMENTATION_TRANSITION,YES_SAME_A2R_ECONOMIC_FAMILY,CONTINUE,NO
2018-09-10,INDIA,LIST-EC79E2C7070EA86D,LIST-52E5E6415569226E,LU0292109690,XNIF,A2R_CANONICAL_SELECTION,True,2018-09-07,1.0,True,16,SEMANTICALLY_IDENTICAL_IMPLEMENTATION_TRANSITION,YES_SAME_A2R_ECONOMIC_FAMILY,CONTINUE,NO
2018-09-20,INDIA,LIST-52E5E6415569226E,LIST-EC79E2C7070EA86D,FR0010375766,INRL,A2R_CANONICAL_SELECTION,True,2018-09-19,1.0,True,16,SEMANTICALLY_IDENTICAL_IMPLEMENTATION_TRANSITION,YES_SAME_A2R_ECONOMIC_FAMILY,CONTINUE,NO
2018-09-21,INDIA,LIST-EC79E2C7070EA86D,LIST-52E5E6415569226E,LU0292109690,XNIF,A2R_CANONICAL_SELECTION,True,2018-09-20,1.0,True,16,SEMANTICALLY_IDENTICAL_IMPLEMENTATION_TRANSITION,YES_SAME_A2R_ECONOMIC_FAMILY,CONTINUE,NO
2018-10-17,INDIA,LIST-52E5E6415569226E,LIST-EC79E2C7070EA86D,FR0010375766,INRL,A2R_CANONICAL_SELECTION,True,2018-10-16,1.0,True,16,SEMANTICALLY_IDENTICAL_IMPLEMENTATION_TRANSITION,YES_SAME_A2R_ECONOMIC_FAMILY,CONTINUE,NO
2018-10-18,INDIA,LIST-EC79E2C7070EA86D,LIST-52E5E6415569226E,LU0292109690,XNIF,A2R_CANONICAL_SELECTION,False,,,False,16,PRICE_NOT_AVAILABLE,YES_SAME_A2R_ECONOMIC_FAMILY,RESET_OR_ENDPOINT_UNAVAILABLE,NO
2018-10-19,INDIA,LIST-52E5E6415569226E,LIST-EC79E2C7070EA86D,FR0010375766,INRL,A2R_CANONICAL_SELECTION,True,2018-10-18,1.0,False,16,EXACT_PREVIOUS_XLON_SESSION_ENDPOINT,YES_SAME_A2R_ECONOMIC_FAMILY,RESET_OR_ENDPOINT_UNAVAILABLE,NO
2018-10-22,INDIA,LIST-EC79E2C7070EA86D,LIST-52E5E6415569226E,LU0292109690,XNIF,A2R_CANONICAL_SELECTION,True,2018-10-19,1.0,True,16,SEMANTICALLY_IDENTICAL_IMPLEMENTATION_TRANSITION,YES_SAME_A2R_ECONOMIC_FAMILY,CONTINUE,NO
2018-10-29,INDIA,LIST-52E5E6415569226E,LIST-EC79E2C7070EA86D,FR0010375766,INRL,A2R_CANONICAL_SELECTION,True,2018-10-26,1.0,True,16,SEMANTICALLY_IDENTICAL_IMPLEMENTATION_TRANSITION,YES_SAME_A2R_ECONOMIC_FAMILY,CONTINUE,NO
2018-10-30,INDIA,LIST-EC79E2C7070EA86D,LIST-52E5E6415569226E,LU0292109690,XNIF,A2R_CANONICAL_SELECTION,True,2018-10-29,1.0,True,16,SEMANTICALLY_IDENTICAL_IMPLEMENTATION_TRANSITION,YES_SAME_A2R_ECONOMIC_FAMILY,CONTINUE,NO
2018-11-01,INDIA,LIST-52E5E6415569226E,LIST-EC79E2C7070EA86D,FR0010375766,INRL,A2R_CANONICAL_SELECTION,True,2018-10-31,1.0,True,16,SEMANTICALLY_IDENTICAL_IMPLEMENTATION_TRANSITION,YES_SAME_A2R_ECONOMIC_FAMILY,CONTINUE,NO
2018-11-05,INDIA,LIST-EC79E2C7070EA86D,LIST-52E5E6415569226E,LU0292109690,XNIF,A2R_CANONICAL_SELECTION,True,2018-11-02,1.0,True,16,SEMANTICALLY_IDENTICAL_IMPLEMENTATION_TRANSITION,YES_SAME_A2R_ECONOMIC_FAMILY,CONTINUE,NO
2018-11-14,INDIA,LIST-52E5E6415569226E,LIST-EC79E2C7070EA86D,FR0010375766,INRL,A2R_CANONICAL_SELECTION,True,2018-11-13,1.0,True,16,SEMANTICALLY_IDENTICAL_IMPLEMENTATION_TRANSITION,YES_SAME_A2R_ECONOMIC_FAMILY,CONTINUE,NO
2018-11-15,INDIA,LIST-EC79E2C7070EA86D,LIST-52E5E6415569226E,LU0292109690,XNIF,A2R_CANONICAL_SELECTION,True,2018-11-14,1.0,True,16,SEMANTICALLY_IDENTICAL_IMPLEMENTATION_TRANSITION,YES_SAME_A2R_ECONOMIC_FAMILY,CONTINUE,NO
2018-11-19,INDIA,LIST-52E5E6415569226E,LIST-EC79E2C7070EA86D,FR0010375766,INRL,A2R_CANONICAL_SELECTION,True,2018-11-16,1.0,True,16,SEMANTICALLY_IDENTICAL_IMPLEMENTATION_TRANSITION,YES_SAME_A2R_ECONOMIC_FAMILY,CONTINUE,NO
2018-11-20,INDIA,LIST-EC79E2C7070EA86D,LIST-52E5E6415569226E,LU0292109690,XNIF,A2R_CANONICAL_SELECTION,True,2018-11-19,1.0,True,16,SEMANTICALLY_IDENTICAL_IMPLEMENTATION_TRANSITION,YES_SAME_A2R_ECONOMIC_FAMILY,CONTINUE,NO
2018-12-20,INDIA,LIST-52E5E6415569226E,LIST-EC79E2C7070EA86D,FR0010375766,INRL,A2R_CANONICAL_SELECTION,True,2018-12-19,1.0,True,16,SEMANTICALLY_IDENTICAL_IMPLEMENTATION_TRANSITION,YES_SAME_A2R_ECONOMIC_FAMILY,CONTINUE,NO
2018-12-21,INDIA,LIST-EC79E2C7070EA86D,LIST-52E5E6415569226E,LU0292109690,XNIF,A2R_CANONICAL_SELECTION,True,2018-12-20,1.0,True,16,SEMANTICALLY_IDENTICAL_IMPLEMENTATION_TRANSITION,YES_SAME_A2R_ECONOMIC_FAMILY,CONTINUE,NO
2018-12-31,INDIA,LIST-52E5E6415569226E,LIST-EC79E2C7070EA86D,FR0010375766,INRL,A2R_CANONICAL_SELECTION,True,2018-12-28,1.0,True,16,SEMANTICALLY_IDENTICAL_IMPLEMENTATION_TRANSITION,YES_SAME_A2R_ECONOMIC_FAMILY,CONTINUE,NO
2019-01-02,INDIA,LIST-EC79E2C7070EA86D,LIST-52E5E6415569226E,LU0292109690,XNIF,A2R_CANONICAL_SELECTION,False,,,False,16,PRICE_NOT_AVAILABLE,YES_SAME_A2R_ECONOMIC_FAMILY,RESET_OR_ENDPOINT_UNAVAILABLE,NO
2019-01-03,INDIA,LIST-52E5E6415569226E,LIST-EC79E2C7070EA86D,FR0010375766,INRL,A2R_CANONICAL_SELECTION,True,2019-01-02,1.0,False,16,EXACT_PREVIOUS_XLON_SESSION_ENDPOINT,YES_SAME_A2R_ECONOMIC_FAMILY,RESET_OR_ENDPOINT_UNAVAILABLE,NO
2019-01-08,INDIA,LIST-EC79E2C7070EA86D,LIST-52E5E6415569226E,LU0292109690,XNIF,A2R_CANONICAL_SELECTION,False,,,False,16,PRICE_NOT_AVAILABLE,YES_SAME_A2R_ECONOMIC_FAMILY,RESET_OR_ENDPOINT_UNAVAILABLE,NO
2019-01-09,INDIA,LIST-52E5E6415569226E,LIST-EC79E2C7070EA86D,FR0010375766,INRL,A2R_CANONICAL_SELECTION,True,2019-01-08,1.0,False,16,EXACT_PREVIOUS_XLON_SESSION_ENDPOINT,YES_SAME_A2R_ECONOMIC_FAMILY,RESET_OR_ENDPOINT_UNAVAILABLE,NO
2019-01-10,INDIA,LIST-EC79E2C7070EA86D,LIST-52E5E6415569226E,LU0292109690,XNIF,A2R_CANONICAL_SELECTION,True,2019-01-09,1.0,True,16,SEMANTICALLY_IDENTICAL_IMPLEMENTATION_TRANSITION,YES_SAME_A2R_ECONOMIC_FAMILY,CONTINUE,NO
2019-01-24,INDIA,LIST-52E5E6415569226E,LIST-EC79E2C7070EA86D,FR0010375766,INRL,A2R_CANONICAL_SELECTION,True,2019-01-23,1.0,True,16,SEMANTICALLY_IDENTICAL_IMPLEMENTATION_TRANSITION,YES_SAME_A2R_ECONOMIC_FAMILY,CONTINUE,NO
2019-01-28,INDIA,LIST-EC79E2C7070EA86D,LIST-52E5E6415569226E,LU0292109690,XNIF,A2R_CANONICAL_SELECTION,False,,,False,16,PRICE_NOT_AVAILABLE,YES_SAME_A2R_ECONOMIC_FAMILY,RESET_OR_ENDPOINT_UNAVAILABLE,NO
2019-01-29,INDIA,LIST-52E5E6415569226E,LIST-EC79E2C7070EA86D,FR0010375766,INRL,A2R_CANONICAL_SELECTION,True,2019-01-28,1.0,False,16,EXACT_PREVIOUS_XLON_SESSION_ENDPOINT,YES_SAME_A2R_ECONOMIC_FAMILY,RESET_OR_ENDPOINT_UNAVAILABLE,NO
2019-01-30,INDIA,LIST-EC79E2C7070EA86D,LIST-52E5E6415569226E,LU0292109690,XNIF,A2R_CANONICAL_SELECTION,True,2019-01-29,1.0,True,16,SEMANTICALLY_IDENTICAL_IMPLEMENTATION_TRANSITION,YES_SAME_A2R_ECONOMIC_FAMILY,CONTINUE,NO
2019-02-05,INDIA,LIST-52E5E6415569226E,LIST-EC79E2C7070EA86D,FR0010375766,INRL,A2R_CANONICAL_SELECTION,True,2019-02-04,1.0,True,16,SEMANTICALLY_IDENTICAL_IMPLEMENTATION_TRANSITION,YES_SAME_A2R_ECONOMIC_FAMILY,CONTINUE,NO
2019-02-06,INDIA,LIST-EC79E2C7070EA86D,LIST-52E5E6415569226E,LU0292109690,XNIF,A2R_CANONICAL_SELECTION,True,2019-02-05,1.0,True,16,SEMANTICALLY_IDENTICAL_IMPLEMENTATION_TRANSITION,YES_SAME_A2R_ECONOMIC_FAMILY,CONTINUE,NO
2019-02-08,INDIA,LIST-52E5E6415569226E,LIST-EC79E2C7070EA86D,FR0010375766,INRL,A2R_CANONICAL_SELECTION,True,2019-02-07,1.0,True,16,SEMANTICALLY_IDENTICAL_IMPLEMENTATION_TRANSITION,YES_SAME_A2R_ECONOMIC_FAMILY,CONTINUE,NO
2019-02-11,INDIA,LIST-EC79E2C7070EA86D,LIST-52E5E6415569226E,LU0292109690,XNIF,A2R_CANONICAL_SELECTION,True,2019-02-08,1.0,True,16,SEMANTICALLY_IDENTICAL_IMPLEMENTATION_TRANSITION,YES_SAME_A2R_ECONOMIC_FAMILY,CONTINUE,NO
2019-02-18,INDIA,LIST-52E5E6415569226E,LIST-EC79E2C7070EA86D,FR0010375766,INRL,A2R_CANONICAL_SELECTION,True,2019-02-15,1.0,True,16,SEMANTICALLY_IDENTICAL_IMPLEMENTATION_TRANSITION,YES_SAME_A2R_ECONOMIC_FAMILY,CONTINUE,NO
2019-02-19,INDIA,LIST-EC79E2C7070EA86D,LIST-52E5E6415569226E,LU0292109690,XNIF,A2R_CANONICAL_SELECTION,True,2019-02-18,1.0,True,16,SEMANTICALLY_IDENTICAL_IMPLEMENTATION_TRANSITION,YES_SAME_A2R_ECONOMIC_FAMILY,CONTINUE,NO
2019-02-25,INDIA,LIST-52E5E6415569226E,LIST-EC79E2C7070EA86D,FR0010375766,INRL,A2R_CANONICAL_SELECTION,True,2019-02-22,1.0,True,16,SEMANTICALLY_IDENTICAL_IMPLEMENTATION_TRANSITION,YES_SAME_A2R_ECONOMIC_FAMILY,CONTINUE,NO
2019-02-27,INDIA,LIST-EC79E2C7070EA86D,LIST-52E5E6415569226E,LU0292109690,XNIF,A2R_CANONICAL_SELECTION,False,,,False,16,PRICE_NOT_AVAILABLE,YES_SAME_A2R_ECONOMIC_FAMILY,RESET_OR_ENDPOINT_UNAVAILABLE,NO
2019-02-28,INDIA,LIST-52E5E6415569226E,LIST-EC79E2C7070EA86D,FR0010375766,INRL,A2R_CANONICAL_SELECTION,True,2019-02-27,1.0,False,16,EXACT_PREVIOUS_XLON_SESSION_ENDPOINT,YES_SAME_A2R_ECONOMIC_FAMILY,RESET_OR_ENDPOINT_UNAVAILABLE,NO
2019-03-01,INDIA,LIST-EC79E2C7070EA86D,LIST-52E5E6415569226E,LU0292109690,XNIF,A2R_CANONICAL_SELECTION,True,2019-02-28,1.0,True,16,SEMANTICALLY_IDENTICAL_IMPLEMENTATION_TRANSITION,YES_SAME_A2R_ECONOMIC_FAMILY,CONTINUE,NO
2019-03-11,INDIA,LIST-52E5E6415569226E,LIST-EC79E2C7070EA86D,FR0010375766,INRL,A2R_CANONICAL_SELECTION,True,2019-03-08,1.0,True,16,SEMANTICALLY_IDENTICAL_IMPLEMENTATION_TRANSITION,YES_SAME_A2R_ECONOMIC_FAMILY,CONTINUE,NO
2019-03-12,INDIA,LIST-EC79E2C7070EA86D,LIST-52E5E6415569226E,LU0292109690,XNIF,A2R_CANONICAL_SELECTION,True,2019-03-11,1.0,True,16,SEMANTICALLY_IDENTICAL_IMPLEMENTATION_TRANSITION,YES_SAME_A2R_ECONOMIC_FAMILY,CONTINUE,NO
2019-03-15,INDIA,LIST-52E5E6415569226E,LIST-EC79E2C7070EA86D,FR0010375766,INRL,A2R_CANONICAL_SELECTION,True,2019-03-14,1.0,True,16,SEMANTICALLY_IDENTICAL_IMPLEMENTATION_TRANSITION,YES_SAME_A2R_ECONOMIC_FAMILY,CONTINUE,NO
2019-03-18,INDIA,LIST-EC79E2C7070EA86D,LIST-52E5E6415569226E,LU0292109690,XNIF,A2R_CANONICAL_SELECTION,True,2019-03-15,1.0,True,16,SEMANTICALLY_IDENTICAL_IMPLEMENTATION_TRANSITION,YES_SAME_A2R_ECONOMIC_FAMILY,CONTINUE,NO
2019-03-21,INDIA,LIST-52E5E6415569226E,LIST-EC79E2C7070EA86D,FR0010375766,INRL,A2R_CANONICAL_SELECTION,True,2019-03-20,1.0,True,16,SEMANTICALLY_IDENTICAL_IMPLEMENTATION_TRANSITION,YES_SAME_A2R_ECONOMIC_FAMILY,CONTINUE,NO
2019-03-22,INDIA,LIST-EC79E2C7070EA86D,LIST-52E5E6415569226E,LU0292109690,XNIF,A2R_CANONICAL_SELECTION,True,2019-03-21,1.0,True,16,SEMANTICALLY_IDENTICAL_IMPLEMENTATION_TRANSITION,YES_SAME_A2R_ECONOMIC_FAMILY,CONTINUE,NO
2019-03-26,INDIA,LIST-52E5E6415569226E,LIST-EC79E2C7070EA86D,FR0010375766,INRL,A2R_CANONICAL_SELECTION,True,2019-03-25,1.0,True,16,SEMANTICALLY_IDENTICAL_IMPLEMENTATION_TRANSITION,YES_SAME_A2R_ECONOMIC_FAMILY,CONTINUE,NO
2019-03-28,INDIA,LIST-EC79E2C7070EA86D,LIST-52E5E6415569226E,LU0292109690,XNIF,A2R_CANONICAL_SELECTION,True,2019-03-27,1.0,True,16,SEMANTICALLY_IDENTICAL_IMPLEMENTATION_TRANSITION,YES_SAME_A2R_ECONOMIC_FAMILY,CONTINUE,NO
2019-04-25,INDIA,LIST-52E5E6415569226E,LIST-EC79E2C7070EA86D,FR0010375766,INRL,A2R_CANONICAL_SELECTION,True,2019-04-24,1.0,True,16,SEMANTICALLY_IDENTICAL_IMPLEMENTATION_TRANSITION,YES_SAME_A2R_ECONOMIC_FAMILY,CONTINUE,NO
2019-04-26,INDIA,LIST-EC79E2C7070EA86D,LIST-52E5E6415569226E,LU0292109690,XNIF,A2R_CANONICAL_SELECTION,True,2019-04-25,1.0,True,16,SEMANTICALLY_IDENTICAL_IMPLEMENTATION_TRANSITION,YES_SAME_A2R_ECONOMIC_FAMILY,CONTINUE,NO
2019-05-03,INDIA,LIST-52E5E6415569226E,LIST-EC79E2C7070EA86D,FR0010375766,INRL,A2R_CANONICAL_SELECTION,True,2019-05-02,1.0,True,16,SEMANTICALLY_IDENTICAL_IMPLEMENTATION_TRANSITION,YES_SAME_A2R_ECONOMIC_FAMILY,CONTINUE,NO
2019-05-08,INDIA,LIST-EC79E2C7070EA86D,LIST-52E5E6415569226E,LU0292109690,XNIF,A2R_CANONICAL_SELECTION,False,,,False,16,PRICE_NOT_AVAILABLE,YES_SAME_A2R_ECONOMIC_FAMILY,RESET_OR_ENDPOINT_UNAVAILABLE,NO
2019-05-09,INDIA,LIST-52E5E6415569226E,LIST-EC79E2C7070EA86D,FR0010375766,INRL,A2R_CANONICAL_SELECTION,True,2019-05-08,1.0,False,16,EXACT_PREVIOUS_XLON_SESSION_ENDPOINT,YES_SAME_A2R_ECONOMIC_FAMILY,RESET_OR_ENDPOINT_UNAVAILABLE,NO
2019-05-10,INDIA,LIST-EC79E2C7070EA86D,LIST-52E5E6415569226E,LU0292109690,XNIF,A2R_CANONICAL_SELECTION,True,2019-05-09,1.0,True,16,SEMANTICALLY_IDENTICAL_IMPLEMENTATION_TRANSITION,YES_SAME_A2R_ECONOMIC_FAMILY,CONTINUE,NO
2019-07-19,INDIA,LIST-52E5E6415569226E,LIST-EC79E2C7070EA86D,FR0010375766,INRL,A2R_CANONICAL_SELECTION,True,2019-07-18,1.0,True,16,SEMANTICALLY_IDENTICAL_IMPLEMENTATION_TRANSITION,YES_SAME_A2R_ECONOMIC_FAMILY,CONTINUE,NO
2019-07-22,INDIA,LIST-EC79E2C7070EA86D,LIST-52E5E6415569226E,LU0292109690,XNIF,A2R_CANONICAL_SELECTION,True,2019-07-19,1.0,True,16,SEMANTICALLY_IDENTICAL_IMPLEMENTATION_TRANSITION,YES_SAME_A2R_ECONOMIC_FAMILY,CONTINUE,NO
2019-08-01,INDIA,LIST-52E5E6415569226E,LIST-EC79E2C7070EA86D,FR0010375766,INRL,A2R_CANONICAL_SELECTION,True,2019-07-31,1.0,True,16,SEMANTICALLY_IDENTICAL_IMPLEMENTATION_TRANSITION,YES_SAME_A2R_ECONOMIC_FAMILY,CONTINUE,NO
2019-08-02,INDIA,LIST-EC79E2C7070EA86D,LIST-52E5E6415569226E,LU0292109690,XNIF,A2R_CANONICAL_SELECTION,True,2019-08-01,1.0,True,16,SEMANTICALLY_IDENTICAL_IMPLEMENTATION_TRANSITION,YES_SAME_A2R_ECONOMIC_FAMILY,CONTINUE,NO
2019-08-19,INDIA,LIST-52E5E6415569226E,LIST-EC79E2C7070EA86D,FR0010375766,INRL,A2R_CANONICAL_SELECTION,True,2019-08-16,1.0,True,16,SEMANTICALLY_IDENTICAL_IMPLEMENTATION_TRANSITION,YES_SAME_A2R_ECONOMIC_FAMILY,CONTINUE,NO
2019-08-20,INDIA,LIST-EC79E2C7070EA86D,LIST-52E5E6415569226E,LU0292109690,XNIF,A2R_CANONICAL_SELECTION,True,2019-08-19,1.0,True,16,SEMANTICALLY_IDENTICAL_IMPLEMENTATION_TRANSITION,YES_SAME_A2R_ECONOMIC_FAMILY,CONTINUE,NO
2019-09-04,INDIA,LIST-52E5E6415569226E,LIST-EC79E2C7070EA86D,FR0010375766,INRL,A2R_CANONICAL_SELECTION,True,2019-09-03,1.0,True,16,SEMANTICALLY_IDENTICAL_IMPLEMENTATION_TRANSITION,YES_SAME_A2R_ECONOMIC_FAMILY,CONTINUE,NO
2019-09-05,INDIA,LIST-EC79E2C7070EA86D,LIST-52E5E6415569226E,LU0292109690,XNIF,A2R_CANONICAL_SELECTION,True,2019-09-04,1.0,True,16,SEMANTICALLY_IDENTICAL_IMPLEMENTATION_TRANSITION,YES_SAME_A2R_ECONOMIC_FAMILY,CONTINUE,NO
2019-09-11,INDIA,LIST-52E5E6415569226E,LIST-EC79E2C7070EA86D,FR0010375766,INRL,A2R_CANONICAL_SELECTION,True,2019-09-10,1.0,True,16,SEMANTICALLY_IDENTICAL_IMPLEMENTATION_TRANSITION,YES_SAME_A2R_ECONOMIC_FAMILY,CONTINUE,NO
2019-09-12,INDIA,LIST-EC79E2C7070EA86D,LIST-52E5E6415569226E,LU0292109690,XNIF,A2R_CANONICAL_SELECTION,True,2019-09-11,1.0,True,16,SEMANTICALLY_IDENTICAL_IMPLEMENTATION_TRANSITION,YES_SAME_A2R_ECONOMIC_FAMILY,CONTINUE,NO
2019-10-03,INDIA,LIST-52E5E6415569226E,LIST-EC79E2C7070EA86D,FR0010375766,INRL,A2R_CANONICAL_SELECTION,True,2019-10-02,1.0,True,16,SEMANTICALLY_IDENTICAL_IMPLEMENTATION_TRANSITION,YES_SAME_A2R_ECONOMIC_FAMILY,CONTINUE,NO
2019-10-04,INDIA,LIST-EC79E2C7070EA86D,LIST-52E5E6415569226E,LU0292109690,XNIF,A2R_CANONICAL_SELECTION,True,2019-10-03,1.0,True,16,SEMANTICALLY_IDENTICAL_IMPLEMENTATION_TRANSITION,YES_SAME_A2R_ECONOMIC_FAMILY,CONTINUE,NO
2019-10-21,INDIA,LIST-52E5E6415569226E,LIST-EC79E2C7070EA86D,FR0010375766,INRL,A2R_CANONICAL_SELECTION,True,2019-10-18,1.0,True,16,SEMANTICALLY_IDENTICAL_IMPLEMENTATION_TRANSITION,YES_SAME_A2R_ECONOMIC_FAMILY,CONTINUE,NO
2019-10-22,INDIA,LIST-EC79E2C7070EA86D,LIST-52E5E6415569226E,LU0292109690,XNIF,A2R_CANONICAL_SELECTION,True,2019-10-21,1.0,True,16,SEMANTICALLY_IDENTICAL_IMPLEMENTATION_TRANSITION,YES_SAME_A2R_ECONOMIC_FAMILY,CONTINUE,NO
2019-10-24,INDIA,LIST-52E5E6415569226E,LIST-EC79E2C7070EA86D,FR0010375766,INRL,A2R_CANONICAL_SELECTION,True,2019-10-23,1.0,True,16,SEMANTICALLY_IDENTICAL_IMPLEMENTATION_TRANSITION,YES_SAME_A2R_ECONOMIC_FAMILY,CONTINUE,NO
2019-10-29,INDIA,LIST-EC79E2C7070EA86D,LIST-52E5E6415569226E,LU0292109690,XNIF,A2R_CANONICAL_SELECTION,True,2019-10-28,1.0,True,16,SEMANTICALLY_IDENTICAL_IMPLEMENTATION_TRANSITION,YES_SAME_A2R_ECONOMIC_FAMILY,CONTINUE,NO
2019-11-11,INDIA,LIST-52E5E6415569226E,LIST-EC79E2C7070EA86D,FR0010375766,INRL,A2R_CANONICAL_SELECTION,True,2019-11-08,1.0,True,16,SEMANTICALLY_IDENTICAL_IMPLEMENTATION_TRANSITION,YES_SAME_A2R_ECONOMIC_FAMILY,CONTINUE,NO
2019-11-12,INDIA,LIST-EC79E2C7070EA86D,LIST-52E5E6415569226E,LU0292109690,XNIF,A2R_CANONICAL_SELECTION,True,2019-11-11,1.0,True,16,SEMANTICALLY_IDENTICAL_IMPLEMENTATION_TRANSITION,YES_SAME_A2R_ECONOMIC_FAMILY,CONTINUE,NO
2019-11-19,INDIA,LIST-52E5E6415569226E,LIST-EC79E2C7070EA86D,FR0010375766,INRL,A2R_CANONICAL_SELECTION,True,2019-11-18,1.0,True,16,SEMANTICALLY_IDENTICAL_IMPLEMENTATION_TRANSITION,YES_SAME_A2R_ECONOMIC_FAMILY,CONTINUE,NO
2019-11-20,INDIA,LIST-EC79E2C7070EA86D,LIST-52E5E6415569226E,LU0292109690,XNIF,A2R_CANONICAL_SELECTION,True,2019-11-19,1.0,True,16,SEMANTICALLY_IDENTICAL_IMPLEMENTATION_TRANSITION,YES_SAME_A2R_ECONOMIC_FAMILY,CONTINUE,NO
2019-11-22,INDIA,LIST-52E5E6415569226E,LIST-EC79E2C7070EA86D,FR0010375766,INRL,A2R_CANONICAL_SELECTION,True,2019-11-21,1.0,True,16,SEMANTICALLY_IDENTICAL_IMPLEMENTATION_TRANSITION,YES_SAME_A2R_ECONOMIC_FAMILY,CONTINUE,NO
2019-11-25,INDIA,LIST-EC79E2C7070EA86D,LIST-52E5E6415569226E,LU0292109690,XNIF,A2R_CANONICAL_SELECTION,True,2019-11-22,1.0,True,16,SEMANTICALLY_IDENTICAL_IMPLEMENTATION_TRANSITION,YES_SAME_A2R_ECONOMIC_FAMILY,CONTINUE,NO
2019-12-06,INDIA,LIST-52E5E6415569226E,LIST-EC79E2C7070EA86D,FR0010375766,INRL,A2R_CANONICAL_SELECTION,True,2019-12-05,1.0,True,16,SEMANTICALLY_IDENTICAL_IMPLEMENTATION_TRANSITION,YES_SAME_A2R_ECONOMIC_FAMILY,CONTINUE,NO
2019-12-12,INDIA,LIST-EC79E2C7070EA86D,LIST-52E5E6415569226E,LU0292109690,XNIF,A2R_CANONICAL_SELECTION,True,2019-12-11,1.0,True,16,SEMANTICALLY_IDENTICAL_IMPLEMENTATION_TRANSITION,YES_SAME_A2R_ECONOMIC_FAMILY,CONTINUE,NO
2020-01-02,INDIA,LIST-52E5E6415569226E,LIST-EC79E2C7070EA86D,FR0010375766,INRL,A2R_CANONICAL_SELECTION,True,2019-12-31,1.0,True,16,SEMANTICALLY_IDENTICAL_IMPLEMENTATION_TRANSITION,YES_SAME_A2R_ECONOMIC_FAMILY,CONTINUE,NO
2020-01-03,INDIA,LIST-EC79E2C7070EA86D,LIST-52E5E6415569226E,LU0292109690,XNIF,A2R_CANONICAL_SELECTION,True,2020-01-02,1.0,True,16,SEMANTICALLY_IDENTICAL_IMPLEMENTATION_TRANSITION,YES_SAME_A2R_ECONOMIC_FAMILY,CONTINUE,NO
2020-01-21,INDIA,LIST-52E5E6415569226E,LIST-EC79E2C7070EA86D,FR0010375766,INRL,A2R_CANONICAL_SELECTION,True,2020-01-20,1.0,True,16,SEMANTICALLY_IDENTICAL_IMPLEMENTATION_TRANSITION,YES_SAME_A2R_ECONOMIC_FAMILY,CONTINUE,NO
2020-01-22,INDIA,LIST-EC79E2C7070EA86D,LIST-52E5E6415569226E,LU0292109690,XNIF,A2R_CANONICAL_SELECTION,True,2020-01-21,1.0,True,16,SEMANTICALLY_IDENTICAL_IMPLEMENTATION_TRANSITION,YES_SAME_A2R_ECONOMIC_FAMILY,CONTINUE,NO
2020-01-27,INDIA,LIST-52E5E6415569226E,LIST-EC79E2C7070EA86D,FR0010375766,INRL,A2R_CANONICAL_SELECTION,True,2020-01-24,1.0,True,16,SEMANTICALLY_IDENTICAL_IMPLEMENTATION_TRANSITION,YES_SAME_A2R_ECONOMIC_FAMILY,CONTINUE,NO
2020-01-28,INDIA,LIST-EC79E2C7070EA86D,LIST-52E5E6415569226E,LU0292109690,XNIF,A2R_CANONICAL_SELECTION,True,2020-01-27,1.0,True,16,SEMANTICALLY_IDENTICAL_IMPLEMENTATION_TRANSITION,YES_SAME_A2R_ECONOMIC_FAMILY,CONTINUE,NO
2020-01-31,INDIA,LIST-52E5E6415569226E,LIST-EC79E2C7070EA86D,FR0010375766,INRL,A2R_CANONICAL_SELECTION,True,2020-01-30,1.0,True,16,SEMANTICALLY_IDENTICAL_IMPLEMENTATION_TRANSITION,YES_SAME_A2R_ECONOMIC_FAMILY,CONTINUE,NO
2020-02-03,INDIA,LIST-EC79E2C7070EA86D,LIST-52E5E6415569226E,LU0292109690,XNIF,A2R_CANONICAL_SELECTION,True,2020-01-31,1.0,True,16,SEMANTICALLY_IDENTICAL_IMPLEMENTATION_TRANSITION,YES_SAME_A2R_ECONOMIC_FAMILY,CONTINUE,NO
2020-02-11,INDIA,LIST-52E5E6415569226E,LIST-EC79E2C7070EA86D,FR0010375766,INRL,A2R_CANONICAL_SELECTION,True,2020-02-10,1.0,True,16,SEMANTICALLY_IDENTICAL_IMPLEMENTATION_TRANSITION,YES_SAME_A2R_ECONOMIC_FAMILY,CONTINUE,NO
2020-02-12,INDIA,LIST-EC79E2C7070EA86D,LIST-52E5E6415569226E,LU0292109690,XNIF,A2R_CANONICAL_SELECTION,False,,,False,16,PRICE_NOT_AVAILABLE,YES_SAME_A2R_ECONOMIC_FAMILY,RESET_OR_ENDPOINT_UNAVAILABLE,NO
2020-02-13,INDIA,LIST-52E5E6415569226E,LIST-EC79E2C7070EA86D,FR0010375766,INRL,A2R_CANONICAL_SELECTION,True,2020-02-12,1.0,False,16,EXACT_PREVIOUS_XLON_SESSION_ENDPOINT,YES_SAME_A2R_ECONOMIC_FAMILY,RESET_OR_ENDPOINT_UNAVAILABLE,NO
2020-02-14,INDIA,LIST-EC79E2C7070EA86D,LIST-52E5E6415569226E,LU0292109690,XNIF,A2R_CANONICAL_SELECTION,False,,,False,16,PRICE_NOT_AVAILABLE,YES_SAME_A2R_ECONOMIC_FAMILY,RESET_OR_ENDPOINT_UNAVAILABLE,NO
2020-02-17,INDIA,LIST-52E5E6415569226E,LIST-EC79E2C7070EA86D,FR0010375766,INRL,A2R_CANONICAL_SELECTION,True,2020-02-14,1.0,False,16,EXACT_PREVIOUS_XLON_SESSION_ENDPOINT,YES_SAME_A2R_ECONOMIC_FAMILY,RESET_OR_ENDPOINT_UNAVAILABLE,NO
2020-02-18,INDIA,LIST-EC79E2C7070EA86D,LIST-52E5E6415569226E,LU0292109690,XNIF,A2R_CANONICAL_SELECTION,True,2020-02-17,1.0,True,16,SEMANTICALLY_IDENTICAL_IMPLEMENTATION_TRANSITION,YES_SAME_A2R_ECONOMIC_FAMILY,CONTINUE,NO
2020-03-06,INDIA,LIST-52E5E6415569226E,LIST-EC79E2C7070EA86D,FR0010375766,INRL,A2R_CANONICAL_SELECTION,True,2020-03-05,1.0,True,16,SEMANTICALLY_IDENTICAL_IMPLEMENTATION_TRANSITION,YES_SAME_A2R_ECONOMIC_FAMILY,CONTINUE,NO
2020-03-09,INDIA,LIST-EC79E2C7070EA86D,LIST-52E5E6415569226E,LU0292109690,XNIF,A2R_CANONICAL_SELECTION,True,2020-03-06,1.0,True,16,SEMANTICALLY_IDENTICAL_IMPLEMENTATION_TRANSITION,YES_SAME_A2R_ECONOMIC_FAMILY,CONTINUE,NO
2020-04-06,INDIA,LIST-52E5E6415569226E,LIST-EC79E2C7070EA86D,FR0010375766,INRL,A2R_CANONICAL_SELECTION,True,2020-04-03,1.0,True,16,SEMANTICALLY_IDENTICAL_IMPLEMENTATION_TRANSITION,YES_SAME_A2R_ECONOMIC_FAMILY,CONTINUE,NO
2020-04-07,INDIA,LIST-EC79E2C7070EA86D,LIST-52E5E6415569226E,LU0292109690,XNIF,A2R_CANONICAL_SELECTION,True,2020-04-06,1.0,True,16,SEMANTICALLY_IDENTICAL_IMPLEMENTATION_TRANSITION,YES_SAME_A2R_ECONOMIC_FAMILY,CONTINUE,NO
2020-07-02,INDIA,LIST-52E5E6415569226E,LIST-EC79E2C7070EA86D,FR0010375766,INRL,A2R_CANONICAL_SELECTION,True,2020-07-01,1.0,True,16,SEMANTICALLY_IDENTICAL_IMPLEMENTATION_TRANSITION,YES_SAME_A2R_ECONOMIC_FAMILY,CONTINUE,NO
2020-07-03,INDIA,LIST-EC79E2C7070EA86D,LIST-52E5E6415569226E,LU0292109690,XNIF,A2R_CANONICAL_SELECTION,True,2020-07-02,1.0,True,16,SEMANTICALLY_IDENTICAL_IMPLEMENTATION_TRANSITION,YES_SAME_A2R_ECONOMIC_FAMILY,CONTINUE,NO
2020-07-30,INDIA,LIST-52E5E6415569226E,LIST-EC79E2C7070EA86D,FR0010375766,INRL,A2R_CANONICAL_SELECTION,True,2020-07-29,1.0,True,16,SEMANTICALLY_IDENTICAL_IMPLEMENTATION_TRANSITION,YES_SAME_A2R_ECONOMIC_FAMILY,CONTINUE,NO
2020-07-31,INDIA,LIST-EC79E2C7070EA86D,LIST-52E5E6415569226E,LU0292109690,XNIF,A2R_CANONICAL_SELECTION,True,2020-07-30,1.0,True,16,SEMANTICALLY_IDENTICAL_IMPLEMENTATION_TRANSITION,YES_SAME_A2R_ECONOMIC_FAMILY,CONTINUE,NO
2020-08-07,INDIA,LIST-52E5E6415569226E,LIST-EC79E2C7070EA86D,FR0010375766,INRL,A2R_CANONICAL_SELECTION,True,2020-08-06,1.0,True,16,SEMANTICALLY_IDENTICAL_IMPLEMENTATION_TRANSITION,YES_SAME_A2R_ECONOMIC_FAMILY,CONTINUE,NO
2020-08-12,INDIA,LIST-EC79E2C7070EA86D,LIST-52E5E6415569226E,LU0292109690,XNIF,A2R_CANONICAL_SELECTION,True,2020-08-11,1.0,True,16,SEMANTICALLY_IDENTICAL_IMPLEMENTATION_TRANSITION,YES_SAME_A2R_ECONOMIC_FAMILY,CONTINUE,NO
2020-08-17,INDIA,LIST-52E5E6415569226E,LIST-EC79E2C7070EA86D,FR0010375766,INRL,A2R_CANONICAL_SELECTION,True,2020-08-14,1.0,True,16,SEMANTICALLY_IDENTICAL_IMPLEMENTATION_TRANSITION,YES_SAME_A2R_ECONOMIC_FAMILY,CONTINUE,NO
2020-08-20,INDIA,LIST-EC79E2C7070EA86D,LIST-52E5E6415569226E,LU0292109690,XNIF,A2R_CANONICAL_SELECTION,False,,,False,16,PRICE_NOT_AVAILABLE,YES_SAME_A2R_ECONOMIC_FAMILY,RESET_OR_ENDPOINT_UNAVAILABLE,NO
2020-08-21,INDIA,LIST-52E5E6415569226E,LIST-EC79E2C7070EA86D,FR0010375766,INRL,A2R_CANONICAL_SELECTION,True,2020-08-20,1.0,False,16,EXACT_PREVIOUS_XLON_SESSION_ENDPOINT,YES_SAME_A2R_ECONOMIC_FAMILY,RESET_OR_ENDPOINT_UNAVAILABLE,NO
2020-08-24,INDIA,LIST-EC79E2C7070EA86D,LIST-52E5E6415569226E,LU0292109690,XNIF,A2R_CANONICAL_SELECTION,True,2020-08-21,1.0,True,16,SEMANTICALLY_IDENTICAL_IMPLEMENTATION_TRANSITION,YES_SAME_A2R_ECONOMIC_FAMILY,CONTINUE,NO
2020-08-27,INDIA,LIST-52E5E6415569226E,LIST-EC79E2C7070EA86D,FR0010375766,INRL,A2R_CANONICAL_SELECTION,True,2020-08-26,1.0,True,16,SEMANTICALLY_IDENTICAL_IMPLEMENTATION_TRANSITION,YES_SAME_A2R_ECONOMIC_FAMILY,CONTINUE,NO
2020-08-28,INDIA,LIST-EC79E2C7070EA86D,LIST-52E5E6415569226E,LU0292109690,XNIF,A2R_CANONICAL_SELECTION,True,2020-08-27,1.0,True,16,SEMANTICALLY_IDENTICAL_IMPLEMENTATION_TRANSITION,YES_SAME_A2R_ECONOMIC_FAMILY,CONTINUE,NO
2020-09-09,INDIA,LIST-52E5E6415569226E,LIST-EC79E2C7070EA86D,FR0010375766,INRL,A2R_CANONICAL_SELECTION,True,2020-09-08,1.0,True,16,SEMANTICALLY_IDENTICAL_IMPLEMENTATION_TRANSITION,YES_SAME_A2R_ECONOMIC_FAMILY,CONTINUE,NO
2020-09-11,INDIA,LIST-EC79E2C7070EA86D,LIST-52E5E6415569226E,LU0292109690,XNIF,A2R_CANONICAL_SELECTION,True,2020-09-10,1.0,True,16,SEMANTICALLY_IDENTICAL_IMPLEMENTATION_TRANSITION,YES_SAME_A2R_ECONOMIC_FAMILY,CONTINUE,NO
2020-09-16,INDIA,LIST-52E5E6415569226E,LIST-EC79E2C7070EA86D,FR0010375766,INRL,A2R_CANONICAL_SELECTION,True,2020-09-15,1.0,True,16,SEMANTICALLY_IDENTICAL_IMPLEMENTATION_TRANSITION,YES_SAME_A2R_ECONOMIC_FAMILY,CONTINUE,NO
2020-09-17,INDIA,LIST-EC79E2C7070EA86D,LIST-52E5E6415569226E,LU0292109690,XNIF,A2R_CANONICAL_SELECTION,True,2020-09-16,1.0,True,16,SEMANTICALLY_IDENTICAL_IMPLEMENTATION_TRANSITION,YES_SAME_A2R_ECONOMIC_FAMILY,CONTINUE,NO
2020-09-23,INDIA,LIST-52E5E6415569226E,LIST-EC79E2C7070EA86D,FR0010375766,INRL,A2R_CANONICAL_SELECTION,True,2020-09-22,1.0,True,16,SEMANTICALLY_IDENTICAL_IMPLEMENTATION_TRANSITION,YES_SAME_A2R_ECONOMIC_FAMILY,CONTINUE,NO
2020-09-24,INDIA,LIST-EC79E2C7070EA86D,LIST-52E5E6415569226E,LU0292109690,XNIF,A2R_CANONICAL_SELECTION,False,,,False,16,PRICE_NOT_AVAILABLE,YES_SAME_A2R_ECONOMIC_FAMILY,RESET_OR_ENDPOINT_UNAVAILABLE,NO
2020-09-25,INDIA,LIST-52E5E6415569226E,LIST-EC79E2C7070EA86D,FR0010375766,INRL,A2R_CANONICAL_SELECTION,True,2020-09-24,1.0,False,16,EXACT_PREVIOUS_XLON_SESSION_ENDPOINT,YES_SAME_A2R_ECONOMIC_FAMILY,RESET_OR_ENDPOINT_UNAVAILABLE,NO
2020-09-28,INDIA,LIST-EC79E2C7070EA86D,LIST-52E5E6415569226E,LU0292109690,XNIF,A2R_CANONICAL_SELECTION,True,2020-09-25,1.0,True,16,SEMANTICALLY_IDENTICAL_IMPLEMENTATION_TRANSITION,YES_SAME_A2R_ECONOMIC_FAMILY,CONTINUE,NO
2020-10-02,INDIA,LIST-52E5E6415569226E,LIST-EC79E2C7070EA86D,FR0010375766,INRL,A2R_CANONICAL_SELECTION,True,2020-10-01,1.0,True,16,SEMANTICALLY_IDENTICAL_IMPLEMENTATION_TRANSITION,YES_SAME_A2R_ECONOMIC_FAMILY,CONTINUE,NO
2020-10-07,INDIA,LIST-EC79E2C7070EA86D,LIST-52E5E6415569226E,LU0292109690,XNIF,A2R_CANONICAL_SELECTION,True,2020-10-06,1.0,True,16,SEMANTICALLY_IDENTICAL_IMPLEMENTATION_TRANSITION,YES_SAME_A2R_ECONOMIC_FAMILY,CONTINUE,NO
2020-10-14,INDIA,LIST-52E5E6415569226E,LIST-EC79E2C7070EA86D,FR0010375766,INRL,A2R_CANONICAL_SELECTION,True,2020-10-13,1.0,True,16,SEMANTICALLY_IDENTICAL_IMPLEMENTATION_TRANSITION,YES_SAME_A2R_ECONOMIC_FAMILY,CONTINUE,NO
2020-10-15,INDIA,LIST-EC79E2C7070EA86D,LIST-52E5E6415569226E,LU0292109690,XNIF,A2R_CANONICAL_SELECTION,True,2020-10-14,1.0,True,16,SEMANTICALLY_IDENTICAL_IMPLEMENTATION_TRANSITION,YES_SAME_A2R_ECONOMIC_FAMILY,CONTINUE,NO
2020-10-19,INDIA,LIST-52E5E6415569226E,LIST-EC79E2C7070EA86D,FR0010375766,INRL,A2R_CANONICAL_SELECTION,True,2020-10-16,1.0,True,16,SEMANTICALLY_IDENTICAL_IMPLEMENTATION_TRANSITION,YES_SAME_A2R_ECONOMIC_FAMILY,CONTINUE,NO
2020-10-28,INDIA,LIST-EC79E2C7070EA86D,LIST-52E5E6415569226E,LU0292109690,XNIF,A2R_CANONICAL_SELECTION,True,2020-10-27,1.0,True,16,SEMANTICALLY_IDENTICAL_IMPLEMENTATION_TRANSITION,YES_SAME_A2R_ECONOMIC_FAMILY,CONTINUE,NO
2020-11-02,INDIA,LIST-52E5E6415569226E,LIST-EC79E2C7070EA86D,FR0010375766,INRL,A2R_CANONICAL_SELECTION,True,2020-10-30,1.0,True,16,SEMANTICALLY_IDENTICAL_IMPLEMENTATION_TRANSITION,YES_SAME_A2R_ECONOMIC_FAMILY,CONTINUE,NO
2020-11-03,INDIA,LIST-EC79E2C7070EA86D,LIST-52E5E6415569226E,LU0292109690,XNIF,A2R_CANONICAL_SELECTION,False,,,False,16,PRICE_NOT_AVAILABLE,YES_SAME_A2R_ECONOMIC_FAMILY,RESET_OR_ENDPOINT_UNAVAILABLE,NO
2020-11-04,INDIA,LIST-52E5E6415569226E,LIST-EC79E2C7070EA86D,FR0010375766,INRL,A2R_CANONICAL_SELECTION,True,2020-11-03,1.0,False,16,EXACT_PREVIOUS_XLON_SESSION_ENDPOINT,YES_SAME_A2R_ECONOMIC_FAMILY,RESET_OR_ENDPOINT_UNAVAILABLE,NO
2020-11-06,INDIA,LIST-EC79E2C7070EA86D,LIST-52E5E6415569226E,LU0292109690,XNIF,A2R_CANONICAL_SELECTION,True,2020-11-05,1.0,True,16,SEMANTICALLY_IDENTICAL_IMPLEMENTATION_TRANSITION,YES_SAME_A2R_ECONOMIC_FAMILY,CONTINUE,NO
2020-11-16,INDIA,LIST-52E5E6415569226E,LIST-EC79E2C7070EA86D,FR0010375766,INRL,A2R_CANONICAL_SELECTION,True,2020-11-13,1.0,True,16,SEMANTICALLY_IDENTICAL_IMPLEMENTATION_TRANSITION,YES_SAME_A2R_ECONOMIC_FAMILY,CONTINUE,NO
2020-11-17,INDIA,LIST-EC79E2C7070EA86D,LIST-52E5E6415569226E,LU0292109690,XNIF,A2R_CANONICAL_SELECTION,True,2020-11-16,1.0,True,16,SEMANTICALLY_IDENTICAL_IMPLEMENTATION_TRANSITION,YES_SAME_A2R_ECONOMIC_FAMILY,CONTINUE,NO
2020-11-19,INDIA,LIST-52E5E6415569226E,LIST-EC79E2C7070EA86D,FR0010375766,INRL,A2R_CANONICAL_SELECTION,True,2020-11-18,1.0,True,16,SEMANTICALLY_IDENTICAL_IMPLEMENTATION_TRANSITION,YES_SAME_A2R_ECONOMIC_FAMILY,CONTINUE,NO
2020-11-25,INDIA,LIST-EC79E2C7070EA86D,LIST-52E5E6415569226E,LU0292109690,XNIF,A2R_CANONICAL_SELECTION,True,2020-11-24,1.0,True,16,SEMANTICALLY_IDENTICAL_IMPLEMENTATION_TRANSITION,YES_SAME_A2R_ECONOMIC_FAMILY,CONTINUE,NO
2020-12-02,INDIA,LIST-52E5E6415569226E,LIST-EC79E2C7070EA86D,FR0010375766,INRL,A2R_CANONICAL_SELECTION,True,2020-12-01,1.0,True,16,SEMANTICALLY_IDENTICAL_IMPLEMENTATION_TRANSITION,YES_SAME_A2R_ECONOMIC_FAMILY,CONTINUE,NO
2020-12-03,INDIA,LIST-EC79E2C7070EA86D,LIST-52E5E6415569226E,LU0292109690,XNIF,A2R_CANONICAL_SELECTION,True,2020-12-02,1.0,True,16,SEMANTICALLY_IDENTICAL_IMPLEMENTATION_TRANSITION,YES_SAME_A2R_ECONOMIC_FAMILY,CONTINUE,NO
2020-12-08,INDIA,LIST-52E5E6415569226E,LIST-EC79E2C7070EA86D,FR0010375766,INRL,A2R_CANONICAL_SELECTION,True,2020-12-07,1.0,True,16,SEMANTICALLY_IDENTICAL_IMPLEMENTATION_TRANSITION,YES_SAME_A2R_ECONOMIC_FAMILY,CONTINUE,NO
2020-12-10,INDIA,LIST-EC79E2C7070EA86D,LIST-52E5E6415569226E,LU0292109690,XNIF,A2R_CANONICAL_SELECTION,True,2020-12-09,1.0,True,16,SEMANTICALLY_IDENTICAL_IMPLEMENTATION_TRANSITION,YES_SAME_A2R_ECONOMIC_FAMILY,CONTINUE,NO
2020-12-14,INDIA,LIST-52E5E6415569226E,LIST-EC79E2C7070EA86D,FR0010375766,INRL,A2R_CANONICAL_SELECTION,True,2020-12-11,1.0,True,16,SEMANTICALLY_IDENTICAL_IMPLEMENTATION_TRANSITION,YES_SAME_A2R_ECONOMIC_FAMILY,CONTINUE,NO
2020-12-15,INDIA,LIST-EC79E2C7070EA86D,LIST-52E5E6415569226E,LU0292109690,XNIF,A2R_CANONICAL_SELECTION,True,2020-12-14,1.0,True,16,SEMANTICALLY_IDENTICAL_IMPLEMENTATION_TRANSITION,YES_SAME_A2R_ECONOMIC_FAMILY,CONTINUE,NO
2020-12-18,INDIA,LIST-52E5E6415569226E,LIST-EC79E2C7070EA86D,FR0010375766,INRL,A2R_CANONICAL_SELECTION,True,2020-12-17,1.0,True,16,SEMANTICALLY_IDENTICAL_IMPLEMENTATION_TRANSITION,YES_SAME_A2R_ECONOMIC_FAMILY,CONTINUE,NO
2020-12-22,INDIA,LIST-EC79E2C7070EA86D,LIST-52E5E6415569226E,LU0292109690,XNIF,A2R_CANONICAL_SELECTION,False,,,False,16,PRICE_NOT_AVAILABLE,YES_SAME_A2R_ECONOMIC_FAMILY,RESET_OR_ENDPOINT_UNAVAILABLE,NO
2020-12-23,INDIA,LIST-52E5E6415569226E,LIST-EC79E2C7070EA86D,FR0010375766,INRL,A2R_CANONICAL_SELECTION,True,2020-12-22,1.0,False,16,EXACT_PREVIOUS_XLON_SESSION_ENDPOINT,YES_SAME_A2R_ECONOMIC_FAMILY,RESET_OR_ENDPOINT_UNAVAILABLE,NO
2020-12-30,INDIA,LIST-EC79E2C7070EA86D,LIST-52E5E6415569226E,LU0292109690,XNIF,A2R_CANONICAL_SELECTION,True,2020-12-29,1.0,True,16,SEMANTICALLY_IDENTICAL_IMPLEMENTATION_TRANSITION,YES_SAME_A2R_ECONOMIC_FAMILY,CONTINUE,NO
2021-01-08,INDIA,LIST-52E5E6415569226E,LIST-EC79E2C7070EA86D,FR0010375766,INRL,A2R_CANONICAL_SELECTION,True,2021-01-07,1.0,True,16,SEMANTICALLY_IDENTICAL_IMPLEMENTATION_TRANSITION,YES_SAME_A2R_ECONOMIC_FAMILY,CONTINUE,NO
2021-01-11,INDIA,LIST-EC79E2C7070EA86D,LIST-52E5E6415569226E,LU0292109690,XNIF,A2R_CANONICAL_SELECTION,True,2021-01-08,1.0,True,16,SEMANTICALLY_IDENTICAL_IMPLEMENTATION_TRANSITION,YES_SAME_A2R_ECONOMIC_FAMILY,CONTINUE,NO
2021-01-21,INDIA,LIST-52E5E6415569226E,LIST-EC79E2C7070EA86D,FR0010375766,INRL,A2R_CANONICAL_SELECTION,True,2021-01-20,1.0,True,16,SEMANTICALLY_IDENTICAL_IMPLEMENTATION_TRANSITION,YES_SAME_A2R_ECONOMIC_FAMILY,CONTINUE,NO
2021-01-22,INDIA,LIST-EC79E2C7070EA86D,LIST-52E5E6415569226E,LU0292109690,XNIF,A2R_CANONICAL_SELECTION,False,,,False,16,PRICE_NOT_AVAILABLE,YES_SAME_A2R_ECONOMIC_FAMILY,RESET_OR_ENDPOINT_UNAVAILABLE,NO
2021-01-25,INDIA,LIST-52E5E6415569226E,LIST-EC79E2C7070EA86D,FR0010375766,INRL,A2R_CANONICAL_SELECTION,True,2021-01-22,1.0,False,16,EXACT_PREVIOUS_XLON_SESSION_ENDPOINT,YES_SAME_A2R_ECONOMIC_FAMILY,RESET_OR_ENDPOINT_UNAVAILABLE,NO
2021-01-26,INDIA,LIST-EC79E2C7070EA86D,LIST-52E5E6415569226E,LU0292109690,XNIF,A2R_CANONICAL_SELECTION,False,,,False,16,PRICE_NOT_AVAILABLE,YES_SAME_A2R_ECONOMIC_FAMILY,RESET_OR_ENDPOINT_UNAVAILABLE,NO
2021-01-27,INDIA,LIST-52E5E6415569226E,LIST-EC79E2C7070EA86D,FR0010375766,INRL,A2R_CANONICAL_SELECTION,True,2021-01-26,1.0,False,16,EXACT_PREVIOUS_XLON_SESSION_ENDPOINT,YES_SAME_A2R_ECONOMIC_FAMILY,RESET_OR_ENDPOINT_UNAVAILABLE,NO
2021-01-28,INDIA,LIST-EC79E2C7070EA86D,LIST-52E5E6415569226E,LU0292109690,XNIF,A2R_CANONICAL_SELECTION,True,2021-01-27,1.0,True,16,SEMANTICALLY_IDENTICAL_IMPLEMENTATION_TRANSITION,YES_SAME_A2R_ECONOMIC_FAMILY,CONTINUE,NO
2021-02-18,INDIA,LIST-52E5E6415569226E,LIST-EC79E2C7070EA86D,FR0010375766,INRL,A2R_CANONICAL_SELECTION,True,2021-02-17,1.0,True,16,SEMANTICALLY_IDENTICAL_IMPLEMENTATION_TRANSITION,YES_SAME_A2R_ECONOMIC_FAMILY,CONTINUE,NO
2021-02-19,INDIA,LIST-EC79E2C7070EA86D,LIST-52E5E6415569226E,LU0292109690,XNIF,A2R_CANONICAL_SELECTION,True,2021-02-18,1.0,True,16,SEMANTICALLY_IDENTICAL_IMPLEMENTATION_TRANSITION,YES_SAME_A2R_ECONOMIC_FAMILY,CONTINUE,NO
2021-03-09,INDIA,LIST-52E5E6415569226E,LIST-EC79E2C7070EA86D,FR0010375766,INRL,A2R_CANONICAL_SELECTION,True,2021-03-08,1.0,True,16,SEMANTICALLY_IDENTICAL_IMPLEMENTATION_TRANSITION,YES_SAME_A2R_ECONOMIC_FAMILY,CONTINUE,NO
2021-03-10,INDIA,LIST-EC79E2C7070EA86D,LIST-52E5E6415569226E,LU0292109690,XNIF,A2R_CANONICAL_SELECTION,True,2021-03-09,1.0,True,16,SEMANTICALLY_IDENTICAL_IMPLEMENTATION_TRANSITION,YES_SAME_A2R_ECONOMIC_FAMILY,CONTINUE,NO
2021-03-22,INDIA,LIST-52E5E6415569226E,LIST-EC79E2C7070EA86D,FR0010375766,INRL,A2R_CANONICAL_SELECTION,True,2021-03-19,1.0,True,16,SEMANTICALLY_IDENTICAL_IMPLEMENTATION_TRANSITION,YES_SAME_A2R_ECONOMIC_FAMILY,CONTINUE,NO
2021-03-23,INDIA,LIST-EC79E2C7070EA86D,LIST-52E5E6415569226E,LU0292109690,XNIF,A2R_CANONICAL_SELECTION,True,2021-03-22,1.0,True,16,SEMANTICALLY_IDENTICAL_IMPLEMENTATION_TRANSITION,YES_SAME_A2R_ECONOMIC_FAMILY,CONTINUE,NO
2021-03-25,INDIA,LIST-52E5E6415569226E,LIST-EC79E2C7070EA86D,FR0010375766,INRL,A2R_CANONICAL_SELECTION,True,2021-03-24,1.0,True,16,SEMANTICALLY_IDENTICAL_IMPLEMENTATION_TRANSITION,YES_SAME_A2R_ECONOMIC_FAMILY,CONTINUE,NO
2021-03-26,INDIA,LIST-EC79E2C7070EA86D,LIST-52E5E6415569226E,LU0292109690,XNIF,A2R_CANONICAL_SELECTION,True,2021-03-25,1.0,True,16,SEMANTICALLY_IDENTICAL_IMPLEMENTATION_TRANSITION,YES_SAME_A2R_ECONOMIC_FAMILY,CONTINUE,NO
2021-03-30,INDIA,LIST-52E5E6415569226E,LIST-EC79E2C7070EA86D,FR0010375766,INRL,A2R_CANONICAL_SELECTION,True,2021-03-29,1.0,True,16,SEMANTICALLY_IDENTICAL_IMPLEMENTATION_TRANSITION,YES_SAME_A2R_ECONOMIC_FAMILY,CONTINUE,NO
2021-04-01,INDIA,LIST-EC79E2C7070EA86D,LIST-52E5E6415569226E,LU0292109690,XNIF,A2R_CANONICAL_SELECTION,True,2021-03-31,1.0,True,16,SEMANTICALLY_IDENTICAL_IMPLEMENTATION_TRANSITION,YES_SAME_A2R_ECONOMIC_FAMILY,CONTINUE,NO
2021-04-29,INDIA,LIST-52E5E6415569226E,LIST-EC79E2C7070EA86D,FR0010375766,INRL,A2R_CANONICAL_SELECTION,True,2021-04-28,1.0,True,16,SEMANTICALLY_IDENTICAL_IMPLEMENTATION_TRANSITION,YES_SAME_A2R_ECONOMIC_FAMILY,CONTINUE,NO
2021-04-30,INDIA,LIST-EC79E2C7070EA86D,LIST-52E5E6415569226E,LU0292109690,XNIF,A2R_CANONICAL_SELECTION,True,2021-04-29,1.0,True,16,SEMANTICALLY_IDENTICAL_IMPLEMENTATION_TRANSITION,YES_SAME_A2R_ECONOMIC_FAMILY,CONTINUE,NO
2021-05-14,INDIA,LIST-52E5E6415569226E,LIST-EC79E2C7070EA86D,FR0010375766,INRL,A2R_CANONICAL_SELECTION,True,2021-05-13,1.0,True,16,SEMANTICALLY_IDENTICAL_IMPLEMENTATION_TRANSITION,YES_SAME_A2R_ECONOMIC_FAMILY,CONTINUE,NO
2021-05-18,INDIA,LIST-EC79E2C7070EA86D,LIST-52E5E6415569226E,LU0292109690,XNIF,A2R_CANONICAL_SELECTION,True,2021-05-17,1.0,True,16,SEMANTICALLY_IDENTICAL_IMPLEMENTATION_TRANSITION,YES_SAME_A2R_ECONOMIC_FAMILY,CONTINUE,NO
2021-05-25,INDIA,LIST-52E5E6415569226E,LIST-EC79E2C7070EA86D,FR0010375766,INRL,A2R_CANONICAL_SELECTION,True,2021-05-24,1.0,True,16,SEMANTICALLY_IDENTICAL_IMPLEMENTATION_TRANSITION,YES_SAME_A2R_ECONOMIC_FAMILY,CONTINUE,NO
2021-05-26,INDIA,LIST-EC79E2C7070EA86D,LIST-52E5E6415569226E,LU0292109690,XNIF,A2R_CANONICAL_SELECTION,True,2021-05-25,1.0,True,16,SEMANTICALLY_IDENTICAL_IMPLEMENTATION_TRANSITION,YES_SAME_A2R_ECONOMIC_FAMILY,CONTINUE,NO
2021-06-03,INDIA,LIST-52E5E6415569226E,LIST-EC79E2C7070EA86D,FR0010375766,INRL,A2R_CANONICAL_SELECTION,True,2021-06-02,1.0,True,16,SEMANTICALLY_IDENTICAL_IMPLEMENTATION_TRANSITION,YES_SAME_A2R_ECONOMIC_FAMILY,CONTINUE,NO
2021-06-04,INDIA,LIST-EC79E2C7070EA86D,LIST-52E5E6415569226E,LU0292109690,XNIF,A2R_CANONICAL_SELECTION,False,,,False,16,PRICE_NOT_AVAILABLE,YES_SAME_A2R_ECONOMIC_FAMILY,RESET_OR_ENDPOINT_UNAVAILABLE,NO
2021-06-07,INDIA,LIST-52E5E6415569226E,LIST-EC79E2C7070EA86D,FR0010375766,INRL,A2R_CANONICAL_SELECTION,True,2021-06-04,1.0,False,16,EXACT_PREVIOUS_XLON_SESSION_ENDPOINT,YES_SAME_A2R_ECONOMIC_FAMILY,RESET_OR_ENDPOINT_UNAVAILABLE,NO
2021-06-08,INDIA,LIST-EC79E2C7070EA86D,LIST-52E5E6415569226E,LU0292109690,XNIF,A2R_CANONICAL_SELECTION,False,,,False,16,PRICE_NOT_AVAILABLE,YES_SAME_A2R_ECONOMIC_FAMILY,RESET_OR_ENDPOINT_UNAVAILABLE,NO
2021-06-09,INDIA,LIST-52E5E6415569226E,LIST-EC79E2C7070EA86D,FR0010375766,INRL,A2R_CANONICAL_SELECTION,True,2021-06-08,1.0,False,16,EXACT_PREVIOUS_XLON_SESSION_ENDPOINT,YES_SAME_A2R_ECONOMIC_FAMILY,RESET_OR_ENDPOINT_UNAVAILABLE,NO
2021-06-11,INDIA,LIST-EC79E2C7070EA86D,LIST-52E5E6415569226E,LU0292109690,XNIF,A2R_CANONICAL_SELECTION,False,,,False,16,PRICE_NOT_AVAILABLE,YES_SAME_A2R_ECONOMIC_FAMILY,RESET_OR_ENDPOINT_UNAVAILABLE,NO
2021-06-14,INDIA,LIST-52E5E6415569226E,LIST-EC79E2C7070EA86D,FR0010375766,INRL,A2R_CANONICAL_SELECTION,True,2021-06-11,1.0,False,16,EXACT_PREVIOUS_XLON_SESSION_ENDPOINT,YES_SAME_A2R_ECONOMIC_FAMILY,RESET_OR_ENDPOINT_UNAVAILABLE,NO
2021-06-15,INDIA,LIST-EC79E2C7070EA86D,LIST-52E5E6415569226E,LU0292109690,XNIF,A2R_CANONICAL_SELECTION,False,,,False,16,PRICE_NOT_AVAILABLE,YES_SAME_A2R_ECONOMIC_FAMILY,RESET_OR_ENDPOINT_UNAVAILABLE,NO
2021-06-16,INDIA,LIST-52E5E6415569226E,LIST-EC79E2C7070EA86D,FR0010375766,INRL,A2R_CANONICAL_SELECTION,True,2021-06-15,1.0,False,16,EXACT_PREVIOUS_XLON_SESSION_ENDPOINT,YES_SAME_A2R_ECONOMIC_FAMILY,RESET_OR_ENDPOINT_UNAVAILABLE,NO
2021-06-17,INDIA,LIST-EC79E2C7070EA86D,LIST-52E5E6415569226E,LU0292109690,XNIF,A2R_CANONICAL_SELECTION,False,,,False,16,PRICE_NOT_AVAILABLE,YES_SAME_A2R_ECONOMIC_FAMILY,RESET_OR_ENDPOINT_UNAVAILABLE,NO
2021-06-18,INDIA,LIST-52E5E6415569226E,LIST-EC79E2C7070EA86D,FR0010375766,INRL,A2R_CANONICAL_SELECTION,True,2021-06-17,1.0,False,16,EXACT_PREVIOUS_XLON_SESSION_ENDPOINT,YES_SAME_A2R_ECONOMIC_FAMILY,RESET_OR_ENDPOINT_UNAVAILABLE,NO
2021-06-21,INDIA,LIST-EC79E2C7070EA86D,LIST-52E5E6415569226E,LU0292109690,XNIF,A2R_CANONICAL_SELECTION,True,2021-06-18,1.0,True,16,SEMANTICALLY_IDENTICAL_IMPLEMENTATION_TRANSITION,YES_SAME_A2R_ECONOMIC_FAMILY,CONTINUE,NO
2021-06-24,INDIA,LIST-52E5E6415569226E,LIST-EC79E2C7070EA86D,FR0010375766,INRL,A2R_CANONICAL_SELECTION,True,2021-06-23,1.0,True,16,SEMANTICALLY_IDENTICAL_IMPLEMENTATION_TRANSITION,YES_SAME_A2R_ECONOMIC_FAMILY,CONTINUE,NO
2021-06-29,INDIA,LIST-EC79E2C7070EA86D,LIST-52E5E6415569226E,LU0292109690,XNIF,A2R_CANONICAL_SELECTION,True,2021-06-28,1.0,True,16,SEMANTICALLY_IDENTICAL_IMPLEMENTATION_TRANSITION,YES_SAME_A2R_ECONOMIC_FAMILY,CONTINUE,NO
2021-07-05,INDIA,LIST-52E5E6415569226E,LIST-EC79E2C7070EA86D,FR0010375766,INRL,A2R_CANONICAL_SELECTION,True,2021-07-02,1.0,True,16,SEMANTICALLY_IDENTICAL_IMPLEMENTATION_TRANSITION,YES_SAME_A2R_ECONOMIC_FAMILY,CONTINUE,NO
2021-07-08,INDIA,LIST-EC79E2C7070EA86D,LIST-52E5E6415569226E,LU0292109690,XNIF,A2R_CANONICAL_SELECTION,False,,,False,16,PRICE_NOT_AVAILABLE,YES_SAME_A2R_ECONOMIC_FAMILY,RESET_OR_ENDPOINT_UNAVAILABLE,NO
2021-07-09,INDIA,LIST-52E5E6415569226E,LIST-EC79E2C7070EA86D,FR0010375766,INRL,A2R_CANONICAL_SELECTION,True,2021-07-08,1.0,False,16,EXACT_PREVIOUS_XLON_SESSION_ENDPOINT,YES_SAME_A2R_ECONOMIC_FAMILY,RESET_OR_ENDPOINT_UNAVAILABLE,NO
2021-07-13,INDIA,LIST-EC79E2C7070EA86D,LIST-52E5E6415569226E,LU0292109690,XNIF,A2R_CANONICAL_SELECTION,False,,,False,16,PRICE_NOT_AVAILABLE,YES_SAME_A2R_ECONOMIC_FAMILY,RESET_OR_ENDPOINT_UNAVAILABLE,NO
2021-07-14,INDIA,LIST-52E5E6415569226E,LIST-EC79E2C7070EA86D,FR0010375766,INRL,A2R_CANONICAL_SELECTION,True,2021-07-13,1.0,False,16,EXACT_PREVIOUS_XLON_SESSION_ENDPOINT,YES_SAME_A2R_ECONOMIC_FAMILY,RESET_OR_ENDPOINT_UNAVAILABLE,NO
2021-07-15,INDIA,LIST-EC79E2C7070EA86D,LIST-52E5E6415569226E,LU0292109690,XNIF,A2R_CANONICAL_SELECTION,True,2021-07-14,1.0,True,16,SEMANTICALLY_IDENTICAL_IMPLEMENTATION_TRANSITION,YES_SAME_A2R_ECONOMIC_FAMILY,CONTINUE,NO
2021-07-19,INDIA,LIST-52E5E6415569226E,LIST-EC79E2C7070EA86D,FR0010375766,INRL,A2R_CANONICAL_SELECTION,True,2021-07-16,1.0,True,16,SEMANTICALLY_IDENTICAL_IMPLEMENTATION_TRANSITION,YES_SAME_A2R_ECONOMIC_FAMILY,CONTINUE,NO
2021-07-21,INDIA,LIST-EC79E2C7070EA86D,LIST-52E5E6415569226E,LU0292109690,XNIF,A2R_CANONICAL_SELECTION,True,2021-07-20,1.0,True,16,SEMANTICALLY_IDENTICAL_IMPLEMENTATION_TRANSITION,YES_SAME_A2R_ECONOMIC_FAMILY,CONTINUE,NO
2021-07-23,INDIA,LIST-52E5E6415569226E,LIST-EC79E2C7070EA86D,FR0010375766,INRL,A2R_CANONICAL_SELECTION,True,2021-07-22,1.0,True,16,SEMANTICALLY_IDENTICAL_IMPLEMENTATION_TRANSITION,YES_SAME_A2R_ECONOMIC_FAMILY,CONTINUE,NO
2021-07-26,INDIA,LIST-EC79E2C7070EA86D,LIST-52E5E6415569226E,LU0292109690,XNIF,A2R_CANONICAL_SELECTION,False,,,False,16,PRICE_NOT_AVAILABLE,YES_SAME_A2R_ECONOMIC_FAMILY,RESET_OR_ENDPOINT_UNAVAILABLE,NO
2021-07-27,INDIA,LIST-52E5E6415569226E,LIST-EC79E2C7070EA86D,FR0010375766,INRL,A2R_CANONICAL_SELECTION,True,2021-07-26,1.0,False,16,EXACT_PREVIOUS_XLON_SESSION_ENDPOINT,YES_SAME_A2R_ECONOMIC_FAMILY,RESET_OR_ENDPOINT_UNAVAILABLE,NO
2021-07-29,INDIA,LIST-EC79E2C7070EA86D,LIST-52E5E6415569226E,LU0292109690,XNIF,A2R_CANONICAL_SELECTION,True,2021-07-28,1.0,True,16,SEMANTICALLY_IDENTICAL_IMPLEMENTATION_TRANSITION,YES_SAME_A2R_ECONOMIC_FAMILY,CONTINUE,NO
2021-08-02,INDIA,LIST-52E5E6415569226E,LIST-EC79E2C7070EA86D,FR0010375766,INRL,A2R_CANONICAL_SELECTION,True,2021-07-30,1.0,True,16,SEMANTICALLY_IDENTICAL_IMPLEMENTATION_TRANSITION,YES_SAME_A2R_ECONOMIC_FAMILY,CONTINUE,NO
2021-08-03,INDIA,LIST-EC79E2C7070EA86D,LIST-52E5E6415569226E,LU0292109690,XNIF,A2R_CANONICAL_SELECTION,True,2021-08-02,1.0,True,16,SEMANTICALLY_IDENTICAL_IMPLEMENTATION_TRANSITION,YES_SAME_A2R_ECONOMIC_FAMILY,CONTINUE,NO
2021-08-09,INDIA,LIST-52E5E6415569226E,LIST-EC79E2C7070EA86D,FR0010375766,INRL,A2R_CANONICAL_SELECTION,True,2021-08-06,1.0,True,16,SEMANTICALLY_IDENTICAL_IMPLEMENTATION_TRANSITION,YES_SAME_A2R_ECONOMIC_FAMILY,CONTINUE,NO
2021-08-10,INDIA,LIST-EC79E2C7070EA86D,LIST-52E5E6415569226E,LU0292109690,XNIF,A2R_CANONICAL_SELECTION,False,,,False,16,PRICE_NOT_AVAILABLE,YES_SAME_A2R_ECONOMIC_FAMILY,RESET_OR_ENDPOINT_UNAVAILABLE,NO
2021-08-11,INDIA,LIST-52E5E6415569226E,LIST-EC79E2C7070EA86D,FR0010375766,INRL,A2R_CANONICAL_SELECTION,True,2021-08-10,1.0,False,16,EXACT_PREVIOUS_XLON_SESSION_ENDPOINT,YES_SAME_A2R_ECONOMIC_FAMILY,RESET_OR_ENDPOINT_UNAVAILABLE,NO
2021-08-12,INDIA,LIST-EC79E2C7070EA86D,LIST-52E5E6415569226E,LU0292109690,XNIF,A2R_CANONICAL_SELECTION,True,2021-08-11,1.0,True,16,SEMANTICALLY_IDENTICAL_IMPLEMENTATION_TRANSITION,YES_SAME_A2R_ECONOMIC_FAMILY,CONTINUE,NO
2021-08-19,INDIA,LIST-52E5E6415569226E,LIST-EC79E2C7070EA86D,FR0010375766,INRL,A2R_CANONICAL_SELECTION,True,2021-08-18,1.0,True,16,SEMANTICALLY_IDENTICAL_IMPLEMENTATION_TRANSITION,YES_SAME_A2R_ECONOMIC_FAMILY,CONTINUE,NO
2021-08-20,INDIA,LIST-EC79E2C7070EA86D,LIST-52E5E6415569226E,LU0292109690,XNIF,A2R_CANONICAL_SELECTION,False,,,False,16,PRICE_NOT_AVAILABLE,YES_SAME_A2R_ECONOMIC_FAMILY,RESET_OR_ENDPOINT_UNAVAILABLE,NO
2021-08-23,INDIA,LIST-52E5E6415569226E,LIST-EC79E2C7070EA86D,FR0010375766,INRL,A2R_CANONICAL_SELECTION,True,2021-08-20,1.0,False,16,EXACT_PREVIOUS_XLON_SESSION_ENDPOINT,YES_SAME_A2R_ECONOMIC_FAMILY,RESET_OR_ENDPOINT_UNAVAILABLE,NO
2021-08-24,INDIA,LIST-EC79E2C7070EA86D,LIST-52E5E6415569226E,LU0292109690,XNIF,A2R_CANONICAL_SELECTION,True,2021-08-23,1.0,True,16,SEMANTICALLY_IDENTICAL_IMPLEMENTATION_TRANSITION,YES_SAME_A2R_ECONOMIC_FAMILY,CONTINUE,NO
2021-08-27,INDIA,LIST-52E5E6415569226E,LIST-EC79E2C7070EA86D,FR0010375766,INRL,A2R_CANONICAL_SELECTION,True,2021-08-26,1.0,True,16,SEMANTICALLY_IDENTICAL_IMPLEMENTATION_TRANSITION,YES_SAME_A2R_ECONOMIC_FAMILY,CONTINUE,NO
2021-09-01,INDIA,LIST-EC79E2C7070EA86D,LIST-52E5E6415569226E,LU0292109690,XNIF,A2R_CANONICAL_SELECTION,False,,,False,16,PRICE_NOT_AVAILABLE,YES_SAME_A2R_ECONOMIC_FAMILY,RESET_OR_ENDPOINT_UNAVAILABLE,NO
2021-09-02,INDIA,LIST-52E5E6415569226E,LIST-EC79E2C7070EA86D,FR0010375766,INRL,A2R_CANONICAL_SELECTION,True,2021-09-01,1.0,False,16,EXACT_PREVIOUS_XLON_SESSION_ENDPOINT,YES_SAME_A2R_ECONOMIC_FAMILY,RESET_OR_ENDPOINT_UNAVAILABLE,NO
2021-09-06,INDIA,LIST-EC79E2C7070EA86D,LIST-52E5E6415569226E,LU0292109690,XNIF,A2R_CANONICAL_SELECTION,True,2021-09-03,1.0,True,16,SEMANTICALLY_IDENTICAL_IMPLEMENTATION_TRANSITION,YES_SAME_A2R_ECONOMIC_FAMILY,CONTINUE,NO
2021-09-21,INDIA,LIST-52E5E6415569226E,LIST-EC79E2C7070EA86D,FR0010375766,INRL,A2R_CANONICAL_SELECTION,True,2021-09-20,1.0,True,16,SEMANTICALLY_IDENTICAL_IMPLEMENTATION_TRANSITION,YES_SAME_A2R_ECONOMIC_FAMILY,CONTINUE,NO
2021-09-22,INDIA,LIST-EC79E2C7070EA86D,LIST-52E5E6415569226E,LU0292109690,XNIF,A2R_CANONICAL_SELECTION,True,2021-09-21,1.0,True,16,SEMANTICALLY_IDENTICAL_IMPLEMENTATION_TRANSITION,YES_SAME_A2R_ECONOMIC_FAMILY,CONTINUE,NO
2021-10-05,INDIA,LIST-52E5E6415569226E,LIST-EC79E2C7070EA86D,FR0010375766,INRL,A2R_CANONICAL_SELECTION,True,2021-10-04,1.0,True,16,SEMANTICALLY_IDENTICAL_IMPLEMENTATION_TRANSITION,YES_SAME_A2R_ECONOMIC_FAMILY,CONTINUE,NO
2021-10-06,INDIA,LIST-EC79E2C7070EA86D,LIST-52E5E6415569226E,LU0292109690,XNIF,A2R_CANONICAL_SELECTION,True,2021-10-05,1.0,True,16,SEMANTICALLY_IDENTICAL_IMPLEMENTATION_TRANSITION,YES_SAME_A2R_ECONOMIC_FAMILY,CONTINUE,NO
2021-10-13,INDIA,LIST-52E5E6415569226E,LIST-EC79E2C7070EA86D,FR0010375766,INRL,A2R_CANONICAL_SELECTION,True,2021-10-12,1.0,True,16,SEMANTICALLY_IDENTICAL_IMPLEMENTATION_TRANSITION,YES_SAME_A2R_ECONOMIC_FAMILY,CONTINUE,NO
2021-10-14,INDIA,LIST-EC79E2C7070EA86D,LIST-52E5E6415569226E,LU0292109690,XNIF,A2R_CANONICAL_SELECTION,True,2021-10-13,1.0,True,16,SEMANTICALLY_IDENTICAL_IMPLEMENTATION_TRANSITION,YES_SAME_A2R_ECONOMIC_FAMILY,CONTINUE,NO
2021-10-28,INDIA,LIST-52E5E6415569226E,LIST-EC79E2C7070EA86D,FR0010375766,INRL,A2R_CANONICAL_SELECTION,True,2021-10-27,1.0,True,16,SEMANTICALLY_IDENTICAL_IMPLEMENTATION_TRANSITION,YES_SAME_A2R_ECONOMIC_FAMILY,CONTINUE,NO
2021-10-29,INDIA,LIST-EC79E2C7070EA86D,LIST-52E5E6415569226E,LU0292109690,XNIF,A2R_CANONICAL_SELECTION,True,2021-10-28,1.0,True,16,SEMANTICALLY_IDENTICAL_IMPLEMENTATION_TRANSITION,YES_SAME_A2R_ECONOMIC_FAMILY,CONTINUE,NO
2021-11-08,INDIA,LIST-52E5E6415569226E,LIST-EC79E2C7070EA86D,FR0010375766,INRL,A2R_CANONICAL_SELECTION,True,2021-11-05,1.0,True,16,SEMANTICALLY_IDENTICAL_IMPLEMENTATION_TRANSITION,YES_SAME_A2R_ECONOMIC_FAMILY,CONTINUE,NO
2021-11-09,INDIA,LIST-EC79E2C7070EA86D,LIST-52E5E6415569226E,LU0292109690,XNIF,A2R_CANONICAL_SELECTION,True,2021-11-08,1.0,True,16,SEMANTICALLY_IDENTICAL_IMPLEMENTATION_TRANSITION,YES_SAME_A2R_ECONOMIC_FAMILY,CONTINUE,NO
2021-11-11,INDIA,LIST-52E5E6415569226E,LIST-EC79E2C7070EA86D,FR0010375766,INRL,A2R_CANONICAL_SELECTION,True,2021-11-10,1.0,True,16,SEMANTICALLY_IDENTICAL_IMPLEMENTATION_TRANSITION,YES_SAME_A2R_ECONOMIC_FAMILY,CONTINUE,NO
2021-11-12,INDIA,LIST-EC79E2C7070EA86D,LIST-52E5E6415569226E,LU0292109690,XNIF,A2R_CANONICAL_SELECTION,True,2021-11-11,1.0,True,16,SEMANTICALLY_IDENTICAL_IMPLEMENTATION_TRANSITION,YES_SAME_A2R_ECONOMIC_FAMILY,CONTINUE,NO
2021-11-17,INDIA,LIST-52E5E6415569226E,LIST-EC79E2C7070EA86D,FR0010375766,INRL,A2R_CANONICAL_SELECTION,True,2021-11-16,1.0,True,16,SEMANTICALLY_IDENTICAL_IMPLEMENTATION_TRANSITION,YES_SAME_A2R_ECONOMIC_FAMILY,CONTINUE,NO
2021-11-19,INDIA,LIST-EC79E2C7070EA86D,LIST-52E5E6415569226E,LU0292109690,XNIF,A2R_CANONICAL_SELECTION,True,2021-11-18,1.0,True,16,SEMANTICALLY_IDENTICAL_IMPLEMENTATION_TRANSITION,YES_SAME_A2R_ECONOMIC_FAMILY,CONTINUE,NO
2021-11-25,INDIA,LIST-52E5E6415569226E,LIST-EC79E2C7070EA86D,FR0010375766,INRL,A2R_CANONICAL_SELECTION,True,2021-11-24,1.0,True,16,SEMANTICALLY_IDENTICAL_IMPLEMENTATION_TRANSITION,YES_SAME_A2R_ECONOMIC_FAMILY,CONTINUE,NO
2021-11-26,INDIA,LIST-EC79E2C7070EA86D,LIST-52E5E6415569226E,LU0292109690,XNIF,A2R_CANONICAL_SELECTION,True,2021-11-25,1.0,True,16,SEMANTICALLY_IDENTICAL_IMPLEMENTATION_TRANSITION,YES_SAME_A2R_ECONOMIC_FAMILY,CONTINUE,NO
2021-12-07,INDIA,LIST-52E5E6415569226E,LIST-EC79E2C7070EA86D,FR0010375766,INRL,A2R_CANONICAL_SELECTION,True,2021-12-06,1.0,True,16,SEMANTICALLY_IDENTICAL_IMPLEMENTATION_TRANSITION,YES_SAME_A2R_ECONOMIC_FAMILY,CONTINUE,NO
2021-12-08,INDIA,LIST-EC79E2C7070EA86D,LIST-52E5E6415569226E,LU0292109690,XNIF,A2R_CANONICAL_SELECTION,True,2021-12-07,1.0,True,16,SEMANTICALLY_IDENTICAL_IMPLEMENTATION_TRANSITION,YES_SAME_A2R_ECONOMIC_FAMILY,CONTINUE,NO
2021-12-31,INDIA,LIST-52E5E6415569226E,LIST-EC79E2C7070EA86D,FR0010375766,INRL,A2R_CANONICAL_SELECTION,True,2021-12-30,1.0,True,16,SEMANTICALLY_IDENTICAL_IMPLEMENTATION_TRANSITION,YES_SAME_A2R_ECONOMIC_FAMILY,CONTINUE,NO
2022-01-04,INDIA,LIST-EC79E2C7070EA86D,LIST-52E5E6415569226E,LU0292109690,XNIF,A2R_CANONICAL_SELECTION,True,2021-12-31,1.0,True,16,SEMANTICALLY_IDENTICAL_IMPLEMENTATION_TRANSITION,YES_SAME_A2R_ECONOMIC_FAMILY,CONTINUE,NO
2022-01-18,INDIA,LIST-52E5E6415569226E,LIST-EC79E2C7070EA86D,FR0010375766,INRL,A2R_CANONICAL_SELECTION,True,2022-01-17,1.0,True,16,SEMANTICALLY_IDENTICAL_IMPLEMENTATION_TRANSITION,YES_SAME_A2R_ECONOMIC_FAMILY,CONTINUE,NO
2022-01-20,INDIA,LIST-EC79E2C7070EA86D,LIST-52E5E6415569226E,LU0292109690,XNIF,A2R_CANONICAL_SELECTION,True,2022-01-19,1.0,True,16,SEMANTICALLY_IDENTICAL_IMPLEMENTATION_TRANSITION,YES_SAME_A2R_ECONOMIC_FAMILY,CONTINUE,NO
2022-03-03,INDIA,LIST-52E5E6415569226E,LIST-EC79E2C7070EA86D,FR0010375766,INRL,A2R_CANONICAL_SELECTION,True,2022-03-02,1.0,True,16,SEMANTICALLY_IDENTICAL_IMPLEMENTATION_TRANSITION,YES_SAME_A2R_ECONOMIC_FAMILY,CONTINUE,NO
2022-03-04,INDIA,LIST-EC79E2C7070EA86D,LIST-52E5E6415569226E,LU0292109690,XNIF,A2R_CANONICAL_SELECTION,True,2022-03-03,1.0,True,16,SEMANTICALLY_IDENTICAL_IMPLEMENTATION_TRANSITION,YES_SAME_A2R_ECONOMIC_FAMILY,CONTINUE,NO
2022-03-14,INDIA,LIST-52E5E6415569226E,LIST-EC79E2C7070EA86D,FR0010375766,INRL,A2R_CANONICAL_SELECTION,True,2022-03-11,1.0,True,16,SEMANTICALLY_IDENTICAL_IMPLEMENTATION_TRANSITION,YES_SAME_A2R_ECONOMIC_FAMILY,CONTINUE,NO
2022-03-15,INDIA,LIST-EC79E2C7070EA86D,LIST-52E5E6415569226E,LU0292109690,XNIF,A2R_CANONICAL_SELECTION,True,2022-03-14,1.0,True,16,SEMANTICALLY_IDENTICAL_IMPLEMENTATION_TRANSITION,YES_SAME_A2R_ECONOMIC_FAMILY,CONTINUE,NO
2022-03-21,INDIA,LIST-52E5E6415569226E,LIST-EC79E2C7070EA86D,FR0010375766,INRL,A2R_CANONICAL_SELECTION,True,2022-03-18,1.0,True,16,SEMANTICALLY_IDENTICAL_IMPLEMENTATION_TRANSITION,YES_SAME_A2R_ECONOMIC_FAMILY,CONTINUE,NO
2022-03-22,INDIA,LIST-EC79E2C7070EA86D,LIST-52E5E6415569226E,LU0292109690,XNIF,A2R_CANONICAL_SELECTION,True,2022-03-21,1.0,True,16,SEMANTICALLY_IDENTICAL_IMPLEMENTATION_TRANSITION,YES_SAME_A2R_ECONOMIC_FAMILY,CONTINUE,NO
2022-03-24,INDIA,LIST-52E5E6415569226E,LIST-EC79E2C7070EA86D,FR0010375766,INRL,A2R_CANONICAL_SELECTION,True,2022-03-23,1.0,True,16,SEMANTICALLY_IDENTICAL_IMPLEMENTATION_TRANSITION,YES_SAME_A2R_ECONOMIC_FAMILY,CONTINUE,NO
2022-03-25,INDIA,LIST-EC79E2C7070EA86D,LIST-52E5E6415569226E,LU0292109690,XNIF,A2R_CANONICAL_SELECTION,True,2022-03-24,1.0,True,16,SEMANTICALLY_IDENTICAL_IMPLEMENTATION_TRANSITION,YES_SAME_A2R_ECONOMIC_FAMILY,CONTINUE,NO
2022-03-29,INDIA,LIST-52E5E6415569226E,LIST-EC79E2C7070EA86D,FR0010375766,INRL,A2R_CANONICAL_SELECTION,True,2022-03-28,1.0,True,16,SEMANTICALLY_IDENTICAL_IMPLEMENTATION_TRANSITION,YES_SAME_A2R_ECONOMIC_FAMILY,CONTINUE,NO
2022-03-30,INDIA,LIST-EC79E2C7070EA86D,LIST-52E5E6415569226E,LU0292109690,XNIF,A2R_CANONICAL_SELECTION,True,2022-03-29,1.0,True,16,SEMANTICALLY_IDENTICAL_IMPLEMENTATION_TRANSITION,YES_SAME_A2R_ECONOMIC_FAMILY,CONTINUE,NO
2022-04-01,INDIA,LIST-52E5E6415569226E,LIST-EC79E2C7070EA86D,FR0010375766,INRL,A2R_CANONICAL_SELECTION,True,2022-03-31,1.0,True,16,SEMANTICALLY_IDENTICAL_IMPLEMENTATION_TRANSITION,YES_SAME_A2R_ECONOMIC_FAMILY,CONTINUE,NO
2022-04-04,INDIA,LIST-EC79E2C7070EA86D,LIST-52E5E6415569226E,LU0292109690,XNIF,A2R_CANONICAL_SELECTION,True,2022-04-01,1.0,True,16,SEMANTICALLY_IDENTICAL_IMPLEMENTATION_TRANSITION,YES_SAME_A2R_ECONOMIC_FAMILY,CONTINUE,NO
2022-04-27,INDIA,LIST-52E5E6415569226E,LIST-EC79E2C7070EA86D,FR0010375766,INRL,A2R_CANONICAL_SELECTION,True,2022-04-26,1.0,True,16,SEMANTICALLY_IDENTICAL_IMPLEMENTATION_TRANSITION,YES_SAME_A2R_ECONOMIC_FAMILY,CONTINUE,NO
2022-04-28,INDIA,LIST-EC79E2C7070EA86D,LIST-52E5E6415569226E,LU0292109690,XNIF,A2R_CANONICAL_SELECTION,False,,,False,16,PRICE_NOT_AVAILABLE,YES_SAME_A2R_ECONOMIC_FAMILY,RESET_OR_ENDPOINT_UNAVAILABLE,NO
2022-04-29,INDIA,LIST-52E5E6415569226E,LIST-EC79E2C7070EA86D,FR0010375766,INRL,A2R_CANONICAL_SELECTION,True,2022-04-28,1.0,False,16,EXACT_PREVIOUS_XLON_SESSION_ENDPOINT,YES_SAME_A2R_ECONOMIC_FAMILY,RESET_OR_ENDPOINT_UNAVAILABLE,NO
2022-05-03,INDIA,LIST-EC79E2C7070EA86D,LIST-52E5E6415569226E,LU0292109690,XNIF,A2R_CANONICAL_SELECTION,True,2022-04-29,1.0,True,16,SEMANTICALLY_IDENTICAL_IMPLEMENTATION_TRANSITION,YES_SAME_A2R_ECONOMIC_FAMILY,CONTINUE,NO
2022-05-05,INDIA,LIST-52E5E6415569226E,LIST-EC79E2C7070EA86D,FR0010375766,INRL,A2R_CANONICAL_SELECTION,True,2022-05-04,1.0,True,16,SEMANTICALLY_IDENTICAL_IMPLEMENTATION_TRANSITION,YES_SAME_A2R_ECONOMIC_FAMILY,CONTINUE,NO
2022-05-06,INDIA,LIST-EC79E2C7070EA86D,LIST-52E5E6415569226E,LU0292109690,XNIF,A2R_CANONICAL_SELECTION,True,2022-05-05,1.0,True,16,SEMANTICALLY_IDENTICAL_IMPLEMENTATION_TRANSITION,YES_SAME_A2R_ECONOMIC_FAMILY,CONTINUE,NO
2022-05-17,INDIA,LIST-52E5E6415569226E,LIST-EC79E2C7070EA86D,FR0010375766,INRL,A2R_CANONICAL_SELECTION,True,2022-05-16,1.0,True,16,SEMANTICALLY_IDENTICAL_IMPLEMENTATION_TRANSITION,YES_SAME_A2R_ECONOMIC_FAMILY,CONTINUE,NO
2022-05-19,INDIA,LIST-EC79E2C7070EA86D,LIST-52E5E6415569226E,LU0292109690,XNIF,A2R_CANONICAL_SELECTION,True,2022-05-18,1.0,True,16,SEMANTICALLY_IDENTICAL_IMPLEMENTATION_TRANSITION,YES_SAME_A2R_ECONOMIC_FAMILY,CONTINUE,NO
2022-06-10,INDIA,LIST-52E5E6415569226E,LIST-EC79E2C7070EA86D,FR0010375766,INRL,A2R_CANONICAL_SELECTION,True,2022-06-09,1.0,True,16,SEMANTICALLY_IDENTICAL_IMPLEMENTATION_TRANSITION,YES_SAME_A2R_ECONOMIC_FAMILY,CONTINUE,NO
2022-06-13,INDIA,LIST-EC79E2C7070EA86D,LIST-52E5E6415569226E,LU0292109690,XNIF,A2R_CANONICAL_SELECTION,True,2022-06-10,1.0,True,16,SEMANTICALLY_IDENTICAL_IMPLEMENTATION_TRANSITION,YES_SAME_A2R_ECONOMIC_FAMILY,CONTINUE,NO
2022-06-15,INDIA,LIST-52E5E6415569226E,LIST-EC79E2C7070EA86D,FR0010375766,INRL,A2R_CANONICAL_SELECTION,True,2022-06-14,1.0,True,16,SEMANTICALLY_IDENTICAL_IMPLEMENTATION_TRANSITION,YES_SAME_A2R_ECONOMIC_FAMILY,CONTINUE,NO
2022-06-16,INDIA,LIST-EC79E2C7070EA86D,LIST-52E5E6415569226E,LU0292109690,XNIF,A2R_CANONICAL_SELECTION,True,2022-06-15,1.0,True,16,SEMANTICALLY_IDENTICAL_IMPLEMENTATION_TRANSITION,YES_SAME_A2R_ECONOMIC_FAMILY,CONTINUE,NO
2022-06-22,INDIA,LIST-52E5E6415569226E,LIST-EC79E2C7070EA86D,FR0010375766,INRL,A2R_CANONICAL_SELECTION,True,2022-06-21,1.0,True,16,SEMANTICALLY_IDENTICAL_IMPLEMENTATION_TRANSITION,YES_SAME_A2R_ECONOMIC_FAMILY,CONTINUE,NO
2022-06-23,INDIA,LIST-EC79E2C7070EA86D,LIST-52E5E6415569226E,LU0292109690,XNIF,A2R_CANONICAL_SELECTION,True,2022-06-22,1.0,True,16,SEMANTICALLY_IDENTICAL_IMPLEMENTATION_TRANSITION,YES_SAME_A2R_ECONOMIC_FAMILY,CONTINUE,NO
2022-07-22,INDIA,LIST-52E5E6415569226E,LIST-EC79E2C7070EA86D,FR0010375766,INRL,A2R_CANONICAL_SELECTION,True,2022-07-21,1.0,True,16,SEMANTICALLY_IDENTICAL_IMPLEMENTATION_TRANSITION,YES_SAME_A2R_ECONOMIC_FAMILY,CONTINUE,NO
2022-07-28,INDIA,LIST-EC79E2C7070EA86D,LIST-52E5E6415569226E,LU0292109690,XNIF,A2R_CANONICAL_SELECTION,True,2022-07-27,1.0,True,16,SEMANTICALLY_IDENTICAL_IMPLEMENTATION_TRANSITION,YES_SAME_A2R_ECONOMIC_FAMILY,CONTINUE,NO
2022-10-19,INDIA,LIST-52E5E6415569226E,LIST-EC79E2C7070EA86D,FR0010375766,INRL,A2R_CANONICAL_SELECTION,True,2022-10-18,1.0,True,16,SEMANTICALLY_IDENTICAL_IMPLEMENTATION_TRANSITION,YES_SAME_A2R_ECONOMIC_FAMILY,CONTINUE,NO
2022-10-20,INDIA,LIST-EC79E2C7070EA86D,LIST-52E5E6415569226E,LU0292109690,XNIF,A2R_CANONICAL_SELECTION,True,2022-10-19,1.0,True,16,SEMANTICALLY_IDENTICAL_IMPLEMENTATION_TRANSITION,YES_SAME_A2R_ECONOMIC_FAMILY,CONTINUE,NO
2022-11-03,INDIA,LIST-52E5E6415569226E,LIST-EC79E2C7070EA86D,FR0010375766,INRL,A2R_CANONICAL_SELECTION,True,2022-11-02,1.0,True,16,SEMANTICALLY_IDENTICAL_IMPLEMENTATION_TRANSITION,YES_SAME_A2R_ECONOMIC_FAMILY,CONTINUE,NO
2022-11-04,INDIA,LIST-EC79E2C7070EA86D,LIST-52E5E6415569226E,LU0292109690,XNIF,A2R_CANONICAL_SELECTION,True,2022-11-03,1.0,True,16,SEMANTICALLY_IDENTICAL_IMPLEMENTATION_TRANSITION,YES_SAME_A2R_ECONOMIC_FAMILY,CONTINUE,NO
2023-02-24,INDIA,LIST-52E5E6415569226E,LIST-EC79E2C7070EA86D,FR0010375766,INRL,A2R_CANONICAL_SELECTION,True,2023-02-23,1.0,True,16,SEMANTICALLY_IDENTICAL_IMPLEMENTATION_TRANSITION,YES_SAME_A2R_ECONOMIC_FAMILY,CONTINUE,NO
2023-02-27,INDIA,LIST-EC79E2C7070EA86D,LIST-52E5E6415569226E,LU0292109690,XNIF,A2R_CANONICAL_SELECTION,True,2023-02-24,1.0,True,16,SEMANTICALLY_IDENTICAL_IMPLEMENTATION_TRANSITION,YES_SAME_A2R_ECONOMIC_FAMILY,CONTINUE,NO
2023-03-03,INDIA,LIST-52E5E6415569226E,LIST-EC79E2C7070EA86D,FR0010375766,INRL,A2R_CANONICAL_SELECTION,True,2023-03-02,1.0,True,16,SEMANTICALLY_IDENTICAL_IMPLEMENTATION_TRANSITION,YES_SAME_A2R_ECONOMIC_FAMILY,CONTINUE,NO
2023-03-06,INDIA,LIST-EC79E2C7070EA86D,LIST-52E5E6415569226E,LU0292109690,XNIF,A2R_CANONICAL_SELECTION,True,2023-03-03,1.0,True,16,SEMANTICALLY_IDENTICAL_IMPLEMENTATION_TRANSITION,YES_SAME_A2R_ECONOMIC_FAMILY,CONTINUE,NO
2023-03-08,INDIA,LIST-52E5E6415569226E,LIST-EC79E2C7070EA86D,FR0010375766,INRL,A2R_CANONICAL_SELECTION,True,2023-03-07,1.0,True,16,SEMANTICALLY_IDENTICAL_IMPLEMENTATION_TRANSITION,YES_SAME_A2R_ECONOMIC_FAMILY,CONTINUE,NO
2023-03-09,INDIA,LIST-EC79E2C7070EA86D,LIST-52E5E6415569226E,LU0292109690,XNIF,A2R_CANONICAL_SELECTION,True,2023-03-08,1.0,True,16,SEMANTICALLY_IDENTICAL_IMPLEMENTATION_TRANSITION,YES_SAME_A2R_ECONOMIC_FAMILY,CONTINUE,NO
2023-11-24,INDIA,LIST-52E5E6415569226E,LIST-EC79E2C7070EA86D,FR0010375766,INRL,A2R_CANONICAL_SELECTION,True,2023-11-23,1.0,True,16,SEMANTICALLY_IDENTICAL_IMPLEMENTATION_TRANSITION,YES_SAME_A2R_ECONOMIC_FAMILY,CONTINUE,NO
2023-11-27,INDIA,LIST-EC79E2C7070EA86D,LIST-52E5E6415569226E,LU0292109690,XNIF,A2R_CANONICAL_SELECTION,True,2023-11-24,1.0,True,16,SEMANTICALLY_IDENTICAL_IMPLEMENTATION_TRANSITION,YES_SAME_A2R_ECONOMIC_FAMILY,CONTINUE,NO
2012-10-02,JAPAN,LIST-B4EC4E1CFE21C865,LIST-45C0ABDA7E8CDDA7,IE00B02KXH56,IJPU,A2R_CANONICAL_SELECTION,True,2012-10-01,,False,12,CONTINUITY_SEGMENT_START_OR_RESET,YES_SAME_A2R_ECONOMIC_FAMILY,RESET_OR_ENDPOINT_UNAVAILABLE,NO
2012-10-11,JAPAN,LIST-45C0ABDA7E8CDDA7,LIST-B4EC4E1CFE21C865,LU0136240974,UB02,A2R_CANONICAL_SELECTION,False,,,False,12,PRICE_NOT_AVAILABLE,YES_SAME_A2R_ECONOMIC_FAMILY,RESET_OR_ENDPOINT_UNAVAILABLE,NO
2012-10-12,JAPAN,LIST-B4EC4E1CFE21C865,LIST-45C0ABDA7E8CDDA7,IE00B02KXH56,IJPU,A2R_CANONICAL_SELECTION,True,2012-10-11,1.0,False,12,EXACT_PREVIOUS_XLON_SESSION_ENDPOINT,YES_SAME_A2R_ECONOMIC_FAMILY,RESET_OR_ENDPOINT_UNAVAILABLE,NO
2012-11-01,JAPAN,LIST-45C0ABDA7E8CDDA7,LIST-B4EC4E1CFE21C865,LU0136240974,UB02,A2R_CANONICAL_SELECTION,False,,,False,13,PRICE_NOT_AVAILABLE,YES_SAME_A2R_ECONOMIC_FAMILY,RESET_OR_ENDPOINT_UNAVAILABLE,NO
2012-11-02,JAPAN,LIST-B4EC4E1CFE21C865,LIST-45C0ABDA7E8CDDA7,IE00B02KXH56,IJPU,A2R_CANONICAL_SELECTION,False,,,False,13,PRICE_NOT_AVAILABLE,YES_SAME_A2R_ECONOMIC_FAMILY,RESET_OR_ENDPOINT_UNAVAILABLE,NO
2012-11-05,JAPAN,LIST-45C0ABDA7E8CDDA7,LIST-B4EC4E1CFE21C865,LU0136240974,UB02,A2R_CANONICAL_SELECTION,False,,,False,13,PRICE_NOT_AVAILABLE,YES_SAME_A2R_ECONOMIC_FAMILY,RESET_OR_ENDPOINT_UNAVAILABLE,NO
2012-11-06,JAPAN,LIST-B4EC4E1CFE21C865,LIST-45C0ABDA7E8CDDA7,IE00B02KXH56,IJPU,A2R_CANONICAL_SELECTION,True,2012-11-05,,False,14,CONTINUITY_SEGMENT_START_OR_RESET,YES_SAME_A2R_ECONOMIC_FAMILY,RESET_OR_ENDPOINT_UNAVAILABLE,NO
2012-11-08,JAPAN,LIST-45C0ABDA7E8CDDA7,LIST-B4EC4E1CFE21C865,LU0136240974,UB02,A2R_CANONICAL_SELECTION,False,,,False,14,PRICE_NOT_AVAILABLE,YES_SAME_A2R_ECONOMIC_FAMILY,RESET_OR_ENDPOINT_UNAVAILABLE,NO
2012-11-09,JAPAN,LIST-B4EC4E1CFE21C865,LIST-45C0ABDA7E8CDDA7,IE00B02KXH56,IJPU,A2R_CANONICAL_SELECTION,True,2012-11-08,1.0,False,14,EXACT_PREVIOUS_XLON_SESSION_ENDPOINT,YES_SAME_A2R_ECONOMIC_FAMILY,RESET_OR_ENDPOINT_UNAVAILABLE,NO
2012-12-05,JAPAN,LIST-45C0ABDA7E8CDDA7,LIST-B4EC4E1CFE21C865,LU0136240974,UB02,A2R_CANONICAL_SELECTION,False,,,False,16,PRICE_NOT_AVAILABLE,YES_SAME_A2R_ECONOMIC_FAMILY,RESET_OR_ENDPOINT_UNAVAILABLE,NO
2012-12-06,JAPAN,LIST-B4EC4E1CFE21C865,LIST-45C0ABDA7E8CDDA7,IE00B02KXH56,IJPU,A2R_CANONICAL_SELECTION,True,2012-12-05,1.0,False,16,EXACT_PREVIOUS_XLON_SESSION_ENDPOINT,YES_SAME_A2R_ECONOMIC_FAMILY,RESET_OR_ENDPOINT_UNAVAILABLE,NO
2012-12-07,JAPAN,LIST-45C0ABDA7E8CDDA7,LIST-B4EC4E1CFE21C865,LU0136240974,UB02,A2R_CANONICAL_SELECTION,True,2012-12-06,1.0,True,16,SEMANTICALLY_IDENTICAL_IMPLEMENTATION_TRANSITION,YES_SAME_A2R_ECONOMIC_FAMILY,CONTINUE,NO
2012-12-11,JAPAN,LIST-B4EC4E1CFE21C865,LIST-45C0ABDA7E8CDDA7,IE00B02KXH56,IJPU,A2R_CANONICAL_SELECTION,True,2012-12-10,1.0,True,16,SEMANTICALLY_IDENTICAL_IMPLEMENTATION_TRANSITION,YES_SAME_A2R_ECONOMIC_FAMILY,CONTINUE,NO
2012-12-18,JAPAN,LIST-45C0ABDA7E8CDDA7,LIST-B4EC4E1CFE21C865,LU0136240974,UB02,A2R_CANONICAL_SELECTION,False,,,False,16,PRICE_NOT_AVAILABLE,YES_SAME_A2R_ECONOMIC_FAMILY,RESET_OR_ENDPOINT_UNAVAILABLE,NO
2012-12-19,JAPAN,LIST-B4EC4E1CFE21C865,LIST-45C0ABDA7E8CDDA7,IE00B02KXH56,IJPU,A2R_CANONICAL_SELECTION,True,2012-12-18,1.0,False,16,EXACT_PREVIOUS_XLON_SESSION_ENDPOINT,YES_SAME_A2R_ECONOMIC_FAMILY,RESET_OR_ENDPOINT_UNAVAILABLE,NO
2012-12-21,JAPAN,LIST-45C0ABDA7E8CDDA7,LIST-B4EC4E1CFE21C865,LU0136240974,UB02,A2R_CANONICAL_SELECTION,True,2012-12-20,1.0,True,16,SEMANTICALLY_IDENTICAL_IMPLEMENTATION_TRANSITION,YES_SAME_A2R_ECONOMIC_FAMILY,CONTINUE,NO
2013-01-04,JAPAN,LIST-B4EC4E1CFE21C865,LIST-45C0ABDA7E8CDDA7,IE00B02KXH56,IJPU,A2R_CANONICAL_SELECTION,True,2013-01-03,,False,17,CONTINUITY_SEGMENT_START_OR_RESET,YES_SAME_A2R_ECONOMIC_FAMILY,RESET_OR_ENDPOINT_UNAVAILABLE,NO
2013-01-07,JAPAN,LIST-45C0ABDA7E8CDDA7,LIST-B4EC4E1CFE21C865,LU0136240974,UB02,A2R_CANONICAL_SELECTION,True,2013-01-04,1.0,True,17,SEMANTICALLY_IDENTICAL_IMPLEMENTATION_TRANSITION,YES_SAME_A2R_ECONOMIC_FAMILY,CONTINUE,NO
2013-01-14,JAPAN,LIST-B4EC4E1CFE21C865,LIST-45C0ABDA7E8CDDA7,IE00B02KXH56,IJPU,A2R_CANONICAL_SELECTION,True,2013-01-11,1.0,True,17,SEMANTICALLY_IDENTICAL_IMPLEMENTATION_TRANSITION,YES_SAME_A2R_ECONOMIC_FAMILY,CONTINUE,NO
2013-01-15,JAPAN,LIST-45C0ABDA7E8CDDA7,LIST-B4EC4E1CFE21C865,LU0136240974,UB02,A2R_CANONICAL_SELECTION,False,,,False,17,PRICE_NOT_AVAILABLE,YES_SAME_A2R_ECONOMIC_FAMILY,RESET_OR_ENDPOINT_UNAVAILABLE,NO
2013-01-16,JAPAN,LIST-B4EC4E1CFE21C865,LIST-45C0ABDA7E8CDDA7,IE00B02KXH56,IJPU,A2R_CANONICAL_SELECTION,True,2013-01-15,1.0,False,17,EXACT_PREVIOUS_XLON_SESSION_ENDPOINT,YES_SAME_A2R_ECONOMIC_FAMILY,RESET_OR_ENDPOINT_UNAVAILABLE,NO
2013-01-17,JAPAN,LIST-45C0ABDA7E8CDDA7,LIST-B4EC4E1CFE21C865,LU0136240974,UB02,A2R_CANONICAL_SELECTION,True,2013-01-16,1.0,True,17,SEMANTICALLY_IDENTICAL_IMPLEMENTATION_TRANSITION,YES_SAME_A2R_ECONOMIC_FAMILY,CONTINUE,NO
2013-01-21,JAPAN,LIST-B4EC4E1CFE21C865,LIST-45C0ABDA7E8CDDA7,IE00B02KXH56,IJPU,A2R_CANONICAL_SELECTION,False,,,False,17,PRICE_NOT_AVAILABLE,YES_SAME_A2R_ECONOMIC_FAMILY,RESET_OR_ENDPOINT_UNAVAILABLE,NO
2013-01-25,JAPAN,LIST-45C0ABDA7E8CDDA7,LIST-B4EC4E1CFE21C865,LU0136240974,UB02,A2R_CANONICAL_SELECTION,True,2013-01-24,1.0,True,18,SEMANTICALLY_IDENTICAL_IMPLEMENTATION_TRANSITION,YES_SAME_A2R_ECONOMIC_FAMILY,CONTINUE,NO
2013-01-29,JAPAN,LIST-B4EC4E1CFE21C865,LIST-45C0ABDA7E8CDDA7,IE00B02KXH56,IJPU,A2R_CANONICAL_SELECTION,True,2013-01-28,1.0,True,18,SEMANTICALLY_IDENTICAL_IMPLEMENTATION_TRANSITION,YES_SAME_A2R_ECONOMIC_FAMILY,CONTINUE,NO
2013-01-30,JAPAN,LIST-45C0ABDA7E8CDDA7,LIST-B4EC4E1CFE21C865,LU0136240974,UB02,A2R_CANONICAL_SELECTION,False,,,False,18,PRICE_NOT_AVAILABLE,YES_SAME_A2R_ECONOMIC_FAMILY,RESET_OR_ENDPOINT_UNAVAILABLE,NO
2013-01-31,JAPAN,LIST-B4EC4E1CFE21C865,LIST-45C0ABDA7E8CDDA7,IE00B02KXH56,IJPU,A2R_CANONICAL_SELECTION,True,2013-01-30,1.0,False,18,EXACT_PREVIOUS_XLON_SESSION_ENDPOINT,YES_SAME_A2R_ECONOMIC_FAMILY,RESET_OR_ENDPOINT_UNAVAILABLE,NO
2013-02-01,JAPAN,LIST-45C0ABDA7E8CDDA7,LIST-B4EC4E1CFE21C865,LU0136240974,UB02,A2R_CANONICAL_SELECTION,False,,,False,18,PRICE_NOT_AVAILABLE,YES_SAME_A2R_ECONOMIC_FAMILY,RESET_OR_ENDPOINT_UNAVAILABLE,NO
2013-02-04,JAPAN,LIST-B4EC4E1CFE21C865,LIST-45C0ABDA7E8CDDA7,IE00B02KXH56,IJPU,A2R_CANONICAL_SELECTION,True,2013-02-01,1.0,False,18,EXACT_PREVIOUS_XLON_SESSION_ENDPOINT,YES_SAME_A2R_ECONOMIC_FAMILY,RESET_OR_ENDPOINT_UNAVAILABLE,NO
2013-02-06,JAPAN,LIST-45C0ABDA7E8CDDA7,LIST-B4EC4E1CFE21C865,LU0136240974,UB02,A2R_CANONICAL_SELECTION,False,,,False,18,PRICE_NOT_AVAILABLE,YES_SAME_A2R_ECONOMIC_FAMILY,RESET_OR_ENDPOINT_UNAVAILABLE,NO
2013-02-07,JAPAN,LIST-B4EC4E1CFE21C865,LIST-45C0ABDA7E8CDDA7,IE00B02KXH56,IJPU,A2R_CANONICAL_SELECTION,True,2013-02-06,1.0,False,18,EXACT_PREVIOUS_XLON_SESSION_ENDPOINT,YES_SAME_A2R_ECONOMIC_FAMILY,RESET_OR_ENDPOINT_UNAVAILABLE,NO
2013-02-08,JAPAN,LIST-45C0ABDA7E8CDDA7,LIST-B4EC4E1CFE21C865,LU0136240974,UB02,A2R_CANONICAL_SELECTION,True,2013-02-07,1.0,True,18,SEMANTICALLY_IDENTICAL_IMPLEMENTATION_TRANSITION,YES_SAME_A2R_ECONOMIC_FAMILY,CONTINUE,NO
2013-02-20,JAPAN,LIST-45C0ABDA7E8CDDA7,LIST-B4EC4E1CFE21C865,LU0136240974,UB02,A2R_CANONICAL_SELECTION,False,,,False,19,PRICE_NOT_AVAILABLE,YES_SAME_A2R_ECONOMIC_FAMILY,RESET_OR_ENDPOINT_UNAVAILABLE,NO
2013-02-21,JAPAN,LIST-B4EC4E1CFE21C865,LIST-45C0ABDA7E8CDDA7,IE00B02KXH56,IJPU,A2R_CANONICAL_SELECTION,True,2013-02-20,1.0,False,19,EXACT_PREVIOUS_XLON_SESSION_ENDPOINT,YES_SAME_A2R_ECONOMIC_FAMILY,RESET_OR_ENDPOINT_UNAVAILABLE,NO
2013-02-26,JAPAN,LIST-45C0ABDA7E8CDDA7,LIST-B4EC4E1CFE21C865,LU0136240974,UB02,A2R_CANONICAL_SELECTION,True,2013-02-25,1.0,True,19,SEMANTICALLY_IDENTICAL_IMPLEMENTATION_TRANSITION,YES_SAME_A2R_ECONOMIC_FAMILY,CONTINUE,NO
2013-02-28,JAPAN,LIST-B4EC4E1CFE21C865,LIST-45C0ABDA7E8CDDA7,IE00B02KXH56,IJPU,A2R_CANONICAL_SELECTION,True,2013-02-27,1.0,True,19,SEMANTICALLY_IDENTICAL_IMPLEMENTATION_TRANSITION,YES_SAME_A2R_ECONOMIC_FAMILY,CONTINUE,NO
2013-03-01,JAPAN,LIST-45C0ABDA7E8CDDA7,LIST-B4EC4E1CFE21C865,LU0136240974,UB02,A2R_CANONICAL_SELECTION,True,2013-02-28,1.0,True,19,SEMANTICALLY_IDENTICAL_IMPLEMENTATION_TRANSITION,YES_SAME_A2R_ECONOMIC_FAMILY,CONTINUE,NO
2013-03-11,JAPAN,LIST-B4EC4E1CFE21C865,LIST-45C0ABDA7E8CDDA7,IE00B02KXH56,IJPU,A2R_CANONICAL_SELECTION,True,2013-03-08,1.0,True,19,SEMANTICALLY_IDENTICAL_IMPLEMENTATION_TRANSITION,YES_SAME_A2R_ECONOMIC_FAMILY,CONTINUE,NO
2013-03-12,JAPAN,LIST-45C0ABDA7E8CDDA7,LIST-B4EC4E1CFE21C865,LU0136240974,UB02,A2R_CANONICAL_SELECTION,False,,,False,19,PRICE_NOT_AVAILABLE,YES_SAME_A2R_ECONOMIC_FAMILY,RESET_OR_ENDPOINT_UNAVAILABLE,NO
2013-03-13,JAPAN,LIST-B4EC4E1CFE21C865,LIST-45C0ABDA7E8CDDA7,IE00B02KXH56,IJPU,A2R_CANONICAL_SELECTION,True,2013-03-12,1.0,False,19,EXACT_PREVIOUS_XLON_SESSION_ENDPOINT,YES_SAME_A2R_ECONOMIC_FAMILY,RESET_OR_ENDPOINT_UNAVAILABLE,NO
2013-03-14,JAPAN,LIST-45C0ABDA7E8CDDA7,LIST-B4EC4E1CFE21C865,LU0136240974,UB02,A2R_CANONICAL_SELECTION,False,,,False,19,PRICE_NOT_AVAILABLE,YES_SAME_A2R_ECONOMIC_FAMILY,RESET_OR_ENDPOINT_UNAVAILABLE,NO
2013-03-15,JAPAN,LIST-B4EC4E1CFE21C865,LIST-45C0ABDA7E8CDDA7,IE00B02KXH56,IJPU,A2R_CANONICAL_SELECTION,True,2013-03-14,1.0,False,19,EXACT_PREVIOUS_XLON_SESSION_ENDPOINT,YES_SAME_A2R_ECONOMIC_FAMILY,RESET_OR_ENDPOINT_UNAVAILABLE,NO
2013-03-19,JAPAN,LIST-45C0ABDA7E8CDDA7,LIST-B4EC4E1CFE21C865,LU0136240974,UB02,A2R_CANONICAL_SELECTION,False,,,False,19,PRICE_NOT_AVAILABLE,YES_SAME_A2R_ECONOMIC_FAMILY,RESET_OR_ENDPOINT_UNAVAILABLE,NO
2013-03-22,JAPAN,LIST-45C0ABDA7E8CDDA7,LIST-B4EC4E1CFE21C865,LU0136240974,UB02,A2R_CANONICAL_SELECTION,True,2013-03-21,1.0,True,19,SEMANTICALLY_IDENTICAL_IMPLEMENTATION_TRANSITION,YES_SAME_A2R_ECONOMIC_FAMILY,CONTINUE,NO
2013-03-26,JAPAN,LIST-B4EC4E1CFE21C865,LIST-45C0ABDA7E8CDDA7,IE00B02KXH56,IJPU,A2R_CANONICAL_SELECTION,True,2013-03-25,1.0,True,19,SEMANTICALLY_IDENTICAL_IMPLEMENTATION_TRANSITION,YES_SAME_A2R_ECONOMIC_FAMILY,CONTINUE,NO
2013-03-28,JAPAN,LIST-45C0ABDA7E8CDDA7,LIST-B4EC4E1CFE21C865,LU0136240974,UB02,A2R_CANONICAL_SELECTION,True,2013-03-27,1.0,True,19,SEMANTICALLY_IDENTICAL_IMPLEMENTATION_TRANSITION,YES_SAME_A2R_ECONOMIC_FAMILY,CONTINUE,NO
2013-04-05,JAPAN,LIST-B4EC4E1CFE21C865,LIST-45C0ABDA7E8CDDA7,IE00B02KXH56,IJPU,A2R_CANONICAL_SELECTION,True,2013-04-04,1.0,True,19,SEMANTICALLY_IDENTICAL_IMPLEMENTATION_TRANSITION,YES_SAME_A2R_ECONOMIC_FAMILY,CONTINUE,NO
2013-04-08,JAPAN,LIST-45C0ABDA7E8CDDA7,LIST-B4EC4E1CFE21C865,LU0136240974,UB02,A2R_CANONICAL_SELECTION,False,,,False,19,PRICE_NOT_AVAILABLE,YES_SAME_A2R_ECONOMIC_FAMILY,RESET_OR_ENDPOINT_UNAVAILABLE,NO
2013-04-09,JAPAN,LIST-B4EC4E1CFE21C865,LIST-45C0ABDA7E8CDDA7,IE00B02KXH56,IJPU,A2R_CANONICAL_SELECTION,True,2013-04-08,1.0,False,19,EXACT_PREVIOUS_XLON_SESSION_ENDPOINT,YES_SAME_A2R_ECONOMIC_FAMILY,RESET_OR_ENDPOINT_UNAVAILABLE,NO
2013-05-08,JAPAN,LIST-45C0ABDA7E8CDDA7,LIST-B4EC4E1CFE21C865,LU0136240974,UB02,A2R_CANONICAL_SELECTION,False,,,False,19,PRICE_NOT_AVAILABLE,YES_SAME_A2R_ECONOMIC_FAMILY,RESET_OR_ENDPOINT_UNAVAILABLE,NO
2013-05-09,JAPAN,LIST-B4EC4E1CFE21C865,LIST-45C0ABDA7E8CDDA7,IE00B02KXH56,IJPU,A2R_CANONICAL_SELECTION,True,2013-05-08,1.0,False,19,EXACT_PREVIOUS_XLON_SESSION_ENDPOINT,YES_SAME_A2R_ECONOMIC_FAMILY,RESET_OR_ENDPOINT_UNAVAILABLE,NO
2013-05-13,JAPAN,LIST-45C0ABDA7E8CDDA7,LIST-B4EC4E1CFE21C865,LU0136240974,UB02,A2R_CANONICAL_SELECTION,True,2013-05-10,1.0,True,19,SEMANTICALLY_IDENTICAL_IMPLEMENTATION_TRANSITION,YES_SAME_A2R_ECONOMIC_FAMILY,CONTINUE,NO
2017-01-25,JAPAN,LIST-B4EC4E1CFE21C865,LIST-5BDF9BF54DB52CF8,IE00B95PGT31,VJPN,A2R_CANONICAL_SELECTION,True,2017-01-24,1.0,True,19,SEMANTICALLY_IDENTICAL_IMPLEMENTATION_TRANSITION,YES_SAME_A2R_ECONOMIC_FAMILY,CONTINUE,NO
2017-01-26,JAPAN,LIST-5BDF9BF54DB52CF8,LIST-B4EC4E1CFE21C865,LU0136240974,UB02,A2R_CANONICAL_SELECTION,True,2017-01-25,1.0,True,19,SEMANTICALLY_IDENTICAL_IMPLEMENTATION_TRANSITION,YES_SAME_A2R_ECONOMIC_FAMILY,CONTINUE,NO
2017-10-13,JAPAN,LIST-B4EC4E1CFE21C865,LIST-5BDF9BF54DB52CF8,IE00B95PGT31,VJPN,A2R_CANONICAL_SELECTION,True,2017-10-12,1.0,True,19,SEMANTICALLY_IDENTICAL_IMPLEMENTATION_TRANSITION,YES_SAME_A2R_ECONOMIC_FAMILY,CONTINUE,NO
2017-10-16,JAPAN,LIST-5BDF9BF54DB52CF8,LIST-B4EC4E1CFE21C865,LU0136240974,UB02,A2R_CANONICAL_SELECTION,True,2017-10-13,1.0,True,19,SEMANTICALLY_IDENTICAL_IMPLEMENTATION_TRANSITION,YES_SAME_A2R_ECONOMIC_FAMILY,CONTINUE,NO
2017-11-09,JAPAN,LIST-B4EC4E1CFE21C865,LIST-81FC3A5009D963A3,IE00B95PGT31,VDJP,A2R_CANONICAL_SELECTION,True,2017-11-08,1.0,True,19,SEMANTICALLY_IDENTICAL_IMPLEMENTATION_TRANSITION,YES_SAME_A2R_ECONOMIC_FAMILY,CONTINUE,NO
2017-11-10,JAPAN,LIST-81FC3A5009D963A3,LIST-B4EC4E1CFE21C865,LU0136240974,UB02,A2R_CANONICAL_SELECTION,True,2017-11-09,1.0,True,19,SEMANTICALLY_IDENTICAL_IMPLEMENTATION_TRANSITION,YES_SAME_A2R_ECONOMIC_FAMILY,CONTINUE,NO
2020-07-24,JAPAN,LIST-B4EC4E1CFE21C865,LIST-5BDF9BF54DB52CF8,IE00B95PGT31,VJPN,A2R_CANONICAL_SELECTION,True,2020-07-23,1.0,True,19,SEMANTICALLY_IDENTICAL_IMPLEMENTATION_TRANSITION,YES_SAME_A2R_ECONOMIC_FAMILY,CONTINUE,NO
2020-07-27,JAPAN,LIST-5BDF9BF54DB52CF8,LIST-B4EC4E1CFE21C865,LU0136240974,UB02,A2R_CANONICAL_SELECTION,True,2020-07-24,1.0,True,19,SEMANTICALLY_IDENTICAL_IMPLEMENTATION_TRANSITION,YES_SAME_A2R_ECONOMIC_FAMILY,CONTINUE,NO
2020-08-11,JAPAN,LIST-B4EC4E1CFE21C865,LIST-5BDF9BF54DB52CF8,IE00B95PGT31,VJPN,A2R_CANONICAL_SELECTION,True,2020-08-10,1.0,True,19,SEMANTICALLY_IDENTICAL_IMPLEMENTATION_TRANSITION,YES_SAME_A2R_ECONOMIC_FAMILY,CONTINUE,NO
2020-08-12,JAPAN,LIST-5BDF9BF54DB52CF8,LIST-B4EC4E1CFE21C865,LU0136240974,UB02,A2R_CANONICAL_SELECTION,True,2020-08-11,1.0,True,19,SEMANTICALLY_IDENTICAL_IMPLEMENTATION_TRANSITION,YES_SAME_A2R_ECONOMIC_FAMILY,CONTINUE,NO
2023-04-11,JAPAN,LIST-B4EC4E1CFE21C865,LIST-5BDF9BF54DB52CF8,IE00B95PGT31,VJPN,A2R_CANONICAL_SELECTION,True,2023-04-06,1.0,True,19,SEMANTICALLY_IDENTICAL_IMPLEMENTATION_TRANSITION,YES_SAME_A2R_ECONOMIC_FAMILY,CONTINUE,NO
2023-04-12,JAPAN,LIST-5BDF9BF54DB52CF8,LIST-B4EC4E1CFE21C865,LU0136240974,UB02,A2R_CANONICAL_SELECTION,True,2023-04-11,1.0,True,19,SEMANTICALLY_IDENTICAL_IMPLEMENTATION_TRANSITION,YES_SAME_A2R_ECONOMIC_FAMILY,CONTINUE,NO
2008-02-13,SOUTH_KOREA,LIST-3A0970FE97A0DCB8,LIST-49A084A74A221348,IE00B0M63391,IDKO,A2R_CANONICAL_SELECTION,True,2008-02-12,1.0,True,1,SEMANTICALLY_IDENTICAL_IMPLEMENTATION_TRANSITION,YES_SAME_A2R_ECONOMIC_FAMILY,CONTINUE,NO
2008-02-14,SOUTH_KOREA,LIST-49A084A74A221348,LIST-3A0970FE97A0DCB8,IE00B0M63391,IKOR,A2R_CANONICAL_SELECTION,True,2008-02-13,1.0,True,1,SEMANTICALLY_IDENTICAL_IMPLEMENTATION_TRANSITION,YES_SAME_A2R_ECONOMIC_FAMILY,CONTINUE,NO
2008-02-27,SOUTH_KOREA,LIST-3A0970FE97A0DCB8,LIST-49A084A74A221348,IE00B0M63391,IDKO,A2R_CANONICAL_SELECTION,True,2008-02-26,1.0,True,1,SEMANTICALLY_IDENTICAL_IMPLEMENTATION_TRANSITION,YES_SAME_A2R_ECONOMIC_FAMILY,CONTINUE,NO
2008-03-03,SOUTH_KOREA,LIST-49A084A74A221348,LIST-3A0970FE97A0DCB8,IE00B0M63391,IKOR,A2R_CANONICAL_SELECTION,True,2008-02-29,1.0,True,1,SEMANTICALLY_IDENTICAL_IMPLEMENTATION_TRANSITION,YES_SAME_A2R_ECONOMIC_FAMILY,CONTINUE,NO
2008-03-06,SOUTH_KOREA,LIST-3A0970FE97A0DCB8,LIST-49A084A74A221348,IE00B0M63391,IDKO,A2R_CANONICAL_SELECTION,False,,,False,1,PRICE_NOT_AVAILABLE,YES_SAME_A2R_ECONOMIC_FAMILY,RESET_OR_ENDPOINT_UNAVAILABLE,NO
2008-03-07,SOUTH_KOREA,LIST-49A084A74A221348,LIST-3A0970FE97A0DCB8,IE00B0M63391,IKOR,A2R_CANONICAL_SELECTION,True,2008-03-06,1.0,False,1,EXACT_PREVIOUS_XLON_SESSION_ENDPOINT,YES_SAME_A2R_ECONOMIC_FAMILY,RESET_OR_ENDPOINT_UNAVAILABLE,NO
2008-05-14,SOUTH_KOREA,LIST-3A0970FE97A0DCB8,LIST-49A084A74A221348,IE00B0M63391,IDKO,A2R_CANONICAL_SELECTION,True,2008-05-13,1.0,True,1,SEMANTICALLY_IDENTICAL_IMPLEMENTATION_TRANSITION,YES_SAME_A2R_ECONOMIC_FAMILY,CONTINUE,NO
2008-05-15,SOUTH_KOREA,LIST-49A084A74A221348,LIST-3A0970FE97A0DCB8,IE00B0M63391,IKOR,A2R_CANONICAL_SELECTION,True,2008-05-14,1.0,True,1,SEMANTICALLY_IDENTICAL_IMPLEMENTATION_TRANSITION,YES_SAME_A2R_ECONOMIC_FAMILY,CONTINUE,NO
2008-12-19,SOUTH_KOREA,LIST-3A0970FE97A0DCB8,LIST-49A084A74A221348,IE00B0M63391,IDKO,A2R_CANONICAL_SELECTION,False,,,False,5,PRICE_NOT_AVAILABLE,YES_SAME_A2R_ECONOMIC_FAMILY,RESET_OR_ENDPOINT_UNAVAILABLE,NO
2008-12-22,SOUTH_KOREA,LIST-49A084A74A221348,LIST-3A0970FE97A0DCB8,IE00B0M63391,IKOR,A2R_CANONICAL_SELECTION,False,,,False,5,PRICE_NOT_AVAILABLE,YES_SAME_A2R_ECONOMIC_FAMILY,RESET_OR_ENDPOINT_UNAVAILABLE,NO
2008-12-23,SOUTH_KOREA,LIST-3A0970FE97A0DCB8,LIST-49A084A74A221348,IE00B0M63391,IDKO,A2R_CANONICAL_SELECTION,False,,,False,5,PRICE_NOT_AVAILABLE,YES_SAME_A2R_ECONOMIC_FAMILY,RESET_OR_ENDPOINT_UNAVAILABLE,NO
2008-12-24,SOUTH_KOREA,LIST-49A084A74A221348,LIST-3A0970FE97A0DCB8,IE00B0M63391,IKOR,A2R_CANONICAL_SELECTION,True,2008-12-23,,False,6,CONTINUITY_SEGMENT_START_OR_RESET,YES_SAME_A2R_ECONOMIC_FAMILY,RESET_OR_ENDPOINT_UNAVAILABLE,NO
2009-01-08,SOUTH_KOREA,LIST-3A0970FE97A0DCB8,LIST-49A084A74A221348,IE00B0M63391,IDKO,A2R_CANONICAL_SELECTION,False,,,False,7,PRICE_NOT_AVAILABLE,YES_SAME_A2R_ECONOMIC_FAMILY,RESET_OR_ENDPOINT_UNAVAILABLE,NO
2009-01-09,SOUTH_KOREA,LIST-49A084A74A221348,LIST-3A0970FE97A0DCB8,IE00B0M63391,IKOR,A2R_CANONICAL_SELECTION,True,2009-01-08,1.0,False,7,EXACT_PREVIOUS_XLON_SESSION_ENDPOINT,YES_SAME_A2R_ECONOMIC_FAMILY,RESET_OR_ENDPOINT_UNAVAILABLE,NO
2009-02-25,SOUTH_KOREA,LIST-3A0970FE97A0DCB8,LIST-49A084A74A221348,IE00B0M63391,IDKO,A2R_CANONICAL_SELECTION,True,2009-02-24,1.0,True,8,SEMANTICALLY_IDENTICAL_IMPLEMENTATION_TRANSITION,YES_SAME_A2R_ECONOMIC_FAMILY,CONTINUE,NO
2009-02-26,SOUTH_KOREA,LIST-49A084A74A221348,LIST-3A0970FE97A0DCB8,IE00B0M63391,IKOR,A2R_CANONICAL_SELECTION,True,2009-02-25,1.0,True,8,SEMANTICALLY_IDENTICAL_IMPLEMENTATION_TRANSITION,YES_SAME_A2R_ECONOMIC_FAMILY,CONTINUE,NO
2009-03-06,SOUTH_KOREA,LIST-3A0970FE97A0DCB8,LIST-49A084A74A221348,IE00B0M63391,IDKO,A2R_CANONICAL_SELECTION,True,2009-03-05,1.0,True,8,SEMANTICALLY_IDENTICAL_IMPLEMENTATION_TRANSITION,YES_SAME_A2R_ECONOMIC_FAMILY,CONTINUE,NO
2009-03-09,SOUTH_KOREA,LIST-49A084A74A221348,LIST-3A0970FE97A0DCB8,IE00B0M63391,IKOR,A2R_CANONICAL_SELECTION,True,2009-03-06,1.0,True,8,SEMANTICALLY_IDENTICAL_IMPLEMENTATION_TRANSITION,YES_SAME_A2R_ECONOMIC_FAMILY,CONTINUE,NO
2009-03-13,SOUTH_KOREA,LIST-3A0970FE97A0DCB8,LIST-49A084A74A221348,IE00B0M63391,IDKO,A2R_CANONICAL_SELECTION,False,,,False,8,PRICE_NOT_AVAILABLE,YES_SAME_A2R_ECONOMIC_FAMILY,RESET_OR_ENDPOINT_UNAVAILABLE,NO
2009-03-16,SOUTH_KOREA,LIST-49A084A74A221348,LIST-3A0970FE97A0DCB8,IE00B0M63391,IKOR,A2R_CANONICAL_SELECTION,True,2009-03-13,1.0,False,8,EXACT_PREVIOUS_XLON_SESSION_ENDPOINT,YES_SAME_A2R_ECONOMIC_FAMILY,RESET_OR_ENDPOINT_UNAVAILABLE,NO
2009-04-23,SOUTH_KOREA,LIST-3A0970FE97A0DCB8,LIST-49A084A74A221348,IE00B0M63391,IDKO,A2R_CANONICAL_SELECTION,True,2009-04-22,1.0,True,8,SEMANTICALLY_IDENTICAL_IMPLEMENTATION_TRANSITION,YES_SAME_A2R_ECONOMIC_FAMILY,CONTINUE,NO
2009-04-24,SOUTH_KOREA,LIST-49A084A74A221348,LIST-3A0970FE97A0DCB8,IE00B0M63391,IKOR,A2R_CANONICAL_SELECTION,False,,,False,8,PRICE_NOT_AVAILABLE,YES_SAME_A2R_ECONOMIC_FAMILY,RESET_OR_ENDPOINT_UNAVAILABLE,NO
2009-05-19,SOUTH_KOREA,LIST-3A0970FE97A0DCB8,LIST-49A084A74A221348,IE00B0M63391,IDKO,A2R_CANONICAL_SELECTION,True,2009-05-18,1.0,True,8,SEMANTICALLY_IDENTICAL_IMPLEMENTATION_TRANSITION,YES_SAME_A2R_ECONOMIC_FAMILY,CONTINUE,NO
2009-05-20,SOUTH_KOREA,LIST-49A084A74A221348,LIST-3A0970FE97A0DCB8,IE00B0M63391,IKOR,A2R_CANONICAL_SELECTION,True,2009-05-19,1.0,True,8,SEMANTICALLY_IDENTICAL_IMPLEMENTATION_TRANSITION,YES_SAME_A2R_ECONOMIC_FAMILY,CONTINUE,NO
2009-05-29,SOUTH_KOREA,LIST-3A0970FE97A0DCB8,LIST-49A084A74A221348,IE00B0M63391,IDKO,A2R_CANONICAL_SELECTION,True,2009-05-28,1.0,True,8,SEMANTICALLY_IDENTICAL_IMPLEMENTATION_TRANSITION,YES_SAME_A2R_ECONOMIC_FAMILY,CONTINUE,NO
2009-06-01,SOUTH_KOREA,LIST-49A084A74A221348,LIST-3A0970FE97A0DCB8,IE00B0M63391,IKOR,A2R_CANONICAL_SELECTION,True,2009-05-29,1.0,True,8,SEMANTICALLY_IDENTICAL_IMPLEMENTATION_TRANSITION,YES_SAME_A2R_ECONOMIC_FAMILY,CONTINUE,NO
2009-06-19,SOUTH_KOREA,LIST-3A0970FE97A0DCB8,LIST-49A084A74A221348,IE00B0M63391,IDKO,A2R_CANONICAL_SELECTION,False,,,False,8,PRICE_NOT_AVAILABLE,YES_SAME_A2R_ECONOMIC_FAMILY,RESET_OR_ENDPOINT_UNAVAILABLE,NO
2009-11-16,SOUTH_KOREA,LIST-3A0970FE97A0DCB8,LIST-49A084A74A221348,IE00B0M63391,IDKO,A2R_CANONICAL_SELECTION,True,2009-11-13,1.0,True,10,SEMANTICALLY_IDENTICAL_IMPLEMENTATION_TRANSITION,YES_SAME_A2R_ECONOMIC_FAMILY,CONTINUE,NO
2009-11-17,SOUTH_KOREA,LIST-49A084A74A221348,LIST-3A0970FE97A0DCB8,IE00B0M63391,IKOR,A2R_CANONICAL_SELECTION,True,2009-11-16,1.0,True,10,SEMANTICALLY_IDENTICAL_IMPLEMENTATION_TRANSITION,YES_SAME_A2R_ECONOMIC_FAMILY,CONTINUE,NO
2010-07-08,SOUTH_KOREA,LIST-3A0970FE97A0DCB8,LIST-49A084A74A221348,IE00B0M63391,IDKO,A2R_CANONICAL_SELECTION,True,2010-07-07,1.0,True,10,SEMANTICALLY_IDENTICAL_IMPLEMENTATION_TRANSITION,YES_SAME_A2R_ECONOMIC_FAMILY,CONTINUE,NO
2010-07-09,SOUTH_KOREA,LIST-49A084A74A221348,LIST-3A0970FE97A0DCB8,IE00B0M63391,IKOR,A2R_CANONICAL_SELECTION,True,2010-07-08,1.0,True,10,SEMANTICALLY_IDENTICAL_IMPLEMENTATION_TRANSITION,YES_SAME_A2R_ECONOMIC_FAMILY,CONTINUE,NO
2010-07-26,SOUTH_KOREA,LIST-3A0970FE97A0DCB8,LIST-49A084A74A221348,IE00B0M63391,IDKO,A2R_CANONICAL_SELECTION,True,2010-07-23,1.0,True,10,SEMANTICALLY_IDENTICAL_IMPLEMENTATION_TRANSITION,YES_SAME_A2R_ECONOMIC_FAMILY,CONTINUE,NO
2010-07-27,SOUTH_KOREA,LIST-49A084A74A221348,LIST-3A0970FE97A0DCB8,IE00B0M63391,IKOR,A2R_CANONICAL_SELECTION,True,2010-07-26,1.0,True,10,SEMANTICALLY_IDENTICAL_IMPLEMENTATION_TRANSITION,YES_SAME_A2R_ECONOMIC_FAMILY,CONTINUE,NO
2014-04-29,SOUTH_KOREA,LIST-3A0970FE97A0DCB8,LIST-74879EBFE19CE022,IE00B3Z0X395,HKOR,A2R_CANONICAL_SELECTION,True,2014-04-28,1.0,True,10,SEMANTICALLY_IDENTICAL_IMPLEMENTATION_TRANSITION,YES_SAME_A2R_ECONOMIC_FAMILY,CONTINUE,NO
2014-04-30,SOUTH_KOREA,LIST-74879EBFE19CE022,LIST-3A0970FE97A0DCB8,IE00B0M63391,IKOR,A2R_CANONICAL_SELECTION,True,2014-04-29,1.0,True,10,SEMANTICALLY_IDENTICAL_IMPLEMENTATION_TRANSITION,YES_SAME_A2R_ECONOMIC_FAMILY,CONTINUE,NO
2014-05-13,SOUTH_KOREA,LIST-3A0970FE97A0DCB8,LIST-74879EBFE19CE022,IE00B3Z0X395,HKOR,A2R_CANONICAL_SELECTION,True,2014-05-12,1.0,True,10,SEMANTICALLY_IDENTICAL_IMPLEMENTATION_TRANSITION,YES_SAME_A2R_ECONOMIC_FAMILY,CONTINUE,NO
2014-05-14,SOUTH_KOREA,LIST-74879EBFE19CE022,LIST-3A0970FE97A0DCB8,IE00B0M63391,IKOR,A2R_CANONICAL_SELECTION,True,2014-05-13,1.0,True,10,SEMANTICALLY_IDENTICAL_IMPLEMENTATION_TRANSITION,YES_SAME_A2R_ECONOMIC_FAMILY,CONTINUE,NO
2014-08-20,SOUTH_KOREA,LIST-3A0970FE97A0DCB8,LIST-74879EBFE19CE022,IE00B3Z0X395,HKOR,A2R_CANONICAL_SELECTION,True,2014-08-19,1.0,True,10,SEMANTICALLY_IDENTICAL_IMPLEMENTATION_TRANSITION,YES_SAME_A2R_ECONOMIC_FAMILY,CONTINUE,NO
2014-08-21,SOUTH_KOREA,LIST-74879EBFE19CE022,LIST-3A0970FE97A0DCB8,IE00B0M63391,IKOR,A2R_CANONICAL_SELECTION,True,2014-08-20,1.0,True,10,SEMANTICALLY_IDENTICAL_IMPLEMENTATION_TRANSITION,YES_SAME_A2R_ECONOMIC_FAMILY,CONTINUE,NO
2015-02-16,SOUTH_KOREA,LIST-3A0970FE97A0DCB8,LIST-74879EBFE19CE022,IE00B3Z0X395,HKOR,A2R_CANONICAL_SELECTION,True,2015-02-13,1.0,True,10,SEMANTICALLY_IDENTICAL_IMPLEMENTATION_TRANSITION,YES_SAME_A2R_ECONOMIC_FAMILY,CONTINUE,NO
2015-02-18,SOUTH_KOREA,LIST-74879EBFE19CE022,LIST-3A0970FE97A0DCB8,IE00B0M63391,IKOR,A2R_CANONICAL_SELECTION,True,2015-02-17,1.0,True,10,SEMANTICALLY_IDENTICAL_IMPLEMENTATION_TRANSITION,YES_SAME_A2R_ECONOMIC_FAMILY,CONTINUE,NO
2015-02-23,SOUTH_KOREA,LIST-3A0970FE97A0DCB8,LIST-74879EBFE19CE022,IE00B3Z0X395,HKOR,A2R_CANONICAL_SELECTION,True,2015-02-20,1.0,True,10,SEMANTICALLY_IDENTICAL_IMPLEMENTATION_TRANSITION,YES_SAME_A2R_ECONOMIC_FAMILY,CONTINUE,NO
2015-02-24,SOUTH_KOREA,LIST-74879EBFE19CE022,LIST-3A0970FE97A0DCB8,IE00B0M63391,IKOR,A2R_CANONICAL_SELECTION,True,2015-02-23,1.0,True,10,SEMANTICALLY_IDENTICAL_IMPLEMENTATION_TRANSITION,YES_SAME_A2R_ECONOMIC_FAMILY,CONTINUE,NO
2015-07-09,SOUTH_KOREA,LIST-3A0970FE97A0DCB8,LIST-74879EBFE19CE022,IE00B3Z0X395,HKOR,A2R_CANONICAL_SELECTION,True,2015-07-08,1.0,True,10,SEMANTICALLY_IDENTICAL_IMPLEMENTATION_TRANSITION,YES_SAME_A2R_ECONOMIC_FAMILY,CONTINUE,NO
2015-07-10,SOUTH_KOREA,LIST-74879EBFE19CE022,LIST-3A0970FE97A0DCB8,IE00B0M63391,IKOR,A2R_CANONICAL_SELECTION,True,2015-07-09,1.0,True,10,SEMANTICALLY_IDENTICAL_IMPLEMENTATION_TRANSITION,YES_SAME_A2R_ECONOMIC_FAMILY,CONTINUE,NO
2015-08-07,SOUTH_KOREA,LIST-3A0970FE97A0DCB8,LIST-74879EBFE19CE022,IE00B3Z0X395,HKOR,A2R_CANONICAL_SELECTION,True,2015-08-06,1.0,True,10,SEMANTICALLY_IDENTICAL_IMPLEMENTATION_TRANSITION,YES_SAME_A2R_ECONOMIC_FAMILY,CONTINUE,NO
2015-08-10,SOUTH_KOREA,LIST-74879EBFE19CE022,LIST-3A0970FE97A0DCB8,IE00B0M63391,IKOR,A2R_CANONICAL_SELECTION,True,2015-08-07,1.0,True,10,SEMANTICALLY_IDENTICAL_IMPLEMENTATION_TRANSITION,YES_SAME_A2R_ECONOMIC_FAMILY,CONTINUE,NO
2015-09-25,SOUTH_KOREA,LIST-3A0970FE97A0DCB8,LIST-74879EBFE19CE022,IE00B3Z0X395,HKOR,A2R_CANONICAL_SELECTION,True,2015-09-24,1.0,True,10,SEMANTICALLY_IDENTICAL_IMPLEMENTATION_TRANSITION,YES_SAME_A2R_ECONOMIC_FAMILY,CONTINUE,NO
2015-09-28,SOUTH_KOREA,LIST-74879EBFE19CE022,LIST-3A0970FE97A0DCB8,IE00B0M63391,IKOR,A2R_CANONICAL_SELECTION,False,,,False,10,PRICE_NOT_AVAILABLE,YES_SAME_A2R_ECONOMIC_FAMILY,RESET_OR_ENDPOINT_UNAVAILABLE,NO
2015-09-29,SOUTH_KOREA,LIST-3A0970FE97A0DCB8,LIST-74879EBFE19CE022,IE00B3Z0X395,HKOR,A2R_CANONICAL_SELECTION,True,2015-09-28,1.0,False,10,EXACT_PREVIOUS_XLON_SESSION_ENDPOINT,YES_SAME_A2R_ECONOMIC_FAMILY,RESET_OR_ENDPOINT_UNAVAILABLE,NO
2015-09-30,SOUTH_KOREA,LIST-74879EBFE19CE022,LIST-3A0970FE97A0DCB8,IE00B0M63391,IKOR,A2R_CANONICAL_SELECTION,True,2015-09-29,1.0,True,10,SEMANTICALLY_IDENTICAL_IMPLEMENTATION_TRANSITION,YES_SAME_A2R_ECONOMIC_FAMILY,CONTINUE,NO
2016-01-04,SOUTH_KOREA,LIST-3A0970FE97A0DCB8,LIST-74879EBFE19CE022,IE00B3Z0X395,HKOR,A2R_CANONICAL_SELECTION,True,2015-12-31,1.0,True,10,SEMANTICALLY_IDENTICAL_IMPLEMENTATION_TRANSITION,YES_SAME_A2R_ECONOMIC_FAMILY,CONTINUE,NO
2016-01-05,SOUTH_KOREA,LIST-74879EBFE19CE022,LIST-3A0970FE97A0DCB8,IE00B0M63391,IKOR,A2R_CANONICAL_SELECTION,True,2016-01-04,1.0,True,10,SEMANTICALLY_IDENTICAL_IMPLEMENTATION_TRANSITION,YES_SAME_A2R_ECONOMIC_FAMILY,CONTINUE,NO
2016-02-16,SOUTH_KOREA,LIST-3A0970FE97A0DCB8,LIST-74879EBFE19CE022,IE00B3Z0X395,HKOR,A2R_CANONICAL_SELECTION,True,2016-02-15,1.0,True,10,SEMANTICALLY_IDENTICAL_IMPLEMENTATION_TRANSITION,YES_SAME_A2R_ECONOMIC_FAMILY,CONTINUE,NO
2016-02-17,SOUTH_KOREA,LIST-74879EBFE19CE022,LIST-3A0970FE97A0DCB8,IE00B0M63391,IKOR,A2R_CANONICAL_SELECTION,True,2016-02-16,1.0,True,10,SEMANTICALLY_IDENTICAL_IMPLEMENTATION_TRANSITION,YES_SAME_A2R_ECONOMIC_FAMILY,CONTINUE,NO
2016-04-19,SOUTH_KOREA,LIST-3A0970FE97A0DCB8,LIST-74879EBFE19CE022,IE00B3Z0X395,HKOR,A2R_CANONICAL_SELECTION,True,2016-04-18,1.0,True,10,SEMANTICALLY_IDENTICAL_IMPLEMENTATION_TRANSITION,YES_SAME_A2R_ECONOMIC_FAMILY,CONTINUE,NO
2016-04-20,SOUTH_KOREA,LIST-74879EBFE19CE022,LIST-3A0970FE97A0DCB8,IE00B0M63391,IKOR,A2R_CANONICAL_SELECTION,True,2016-04-19,1.0,True,10,SEMANTICALLY_IDENTICAL_IMPLEMENTATION_TRANSITION,YES_SAME_A2R_ECONOMIC_FAMILY,CONTINUE,NO
2016-05-12,SOUTH_KOREA,LIST-3A0970FE97A0DCB8,LIST-74879EBFE19CE022,IE00B3Z0X395,HKOR,A2R_CANONICAL_SELECTION,True,2016-05-11,1.0,True,10,SEMANTICALLY_IDENTICAL_IMPLEMENTATION_TRANSITION,YES_SAME_A2R_ECONOMIC_FAMILY,CONTINUE,NO
2016-05-13,SOUTH_KOREA,LIST-74879EBFE19CE022,LIST-3A0970FE97A0DCB8,IE00B0M63391,IKOR,A2R_CANONICAL_SELECTION,True,2016-05-12,1.0,True,10,SEMANTICALLY_IDENTICAL_IMPLEMENTATION_TRANSITION,YES_SAME_A2R_ECONOMIC_FAMILY,CONTINUE,NO
2016-05-20,SOUTH_KOREA,LIST-3A0970FE97A0DCB8,LIST-74879EBFE19CE022,IE00B3Z0X395,HKOR,A2R_CANONICAL_SELECTION,True,2016-05-19,1.0,True,10,SEMANTICALLY_IDENTICAL_IMPLEMENTATION_TRANSITION,YES_SAME_A2R_ECONOMIC_FAMILY,CONTINUE,NO
2016-05-24,SOUTH_KOREA,LIST-74879EBFE19CE022,LIST-3A0970FE97A0DCB8,IE00B0M63391,IKOR,A2R_CANONICAL_SELECTION,False,,,False,10,PRICE_NOT_AVAILABLE,YES_SAME_A2R_ECONOMIC_FAMILY,RESET_OR_ENDPOINT_UNAVAILABLE,NO
2016-05-25,SOUTH_KOREA,LIST-3A0970FE97A0DCB8,LIST-74879EBFE19CE022,IE00B3Z0X395,HKOR,A2R_CANONICAL_SELECTION,True,2016-05-24,1.0,False,10,EXACT_PREVIOUS_XLON_SESSION_ENDPOINT,YES_SAME_A2R_ECONOMIC_FAMILY,RESET_OR_ENDPOINT_UNAVAILABLE,NO
2016-05-26,SOUTH_KOREA,LIST-74879EBFE19CE022,LIST-3A0970FE97A0DCB8,IE00B0M63391,IKOR,A2R_CANONICAL_SELECTION,True,2016-05-25,1.0,True,10,SEMANTICALLY_IDENTICAL_IMPLEMENTATION_TRANSITION,YES_SAME_A2R_ECONOMIC_FAMILY,CONTINUE,NO
2016-05-31,SOUTH_KOREA,LIST-3A0970FE97A0DCB8,LIST-74879EBFE19CE022,IE00B3Z0X395,HKOR,A2R_CANONICAL_SELECTION,True,2016-05-27,1.0,True,10,SEMANTICALLY_IDENTICAL_IMPLEMENTATION_TRANSITION,YES_SAME_A2R_ECONOMIC_FAMILY,CONTINUE,NO
2016-06-01,SOUTH_KOREA,LIST-74879EBFE19CE022,LIST-3A0970FE97A0DCB8,IE00B0M63391,IKOR,A2R_CANONICAL_SELECTION,True,2016-05-31,1.0,True,10,SEMANTICALLY_IDENTICAL_IMPLEMENTATION_TRANSITION,YES_SAME_A2R_ECONOMIC_FAMILY,CONTINUE,NO
2016-06-21,SOUTH_KOREA,LIST-3A0970FE97A0DCB8,LIST-74879EBFE19CE022,IE00B3Z0X395,HKOR,A2R_CANONICAL_SELECTION,True,2016-06-20,1.0,True,10,SEMANTICALLY_IDENTICAL_IMPLEMENTATION_TRANSITION,YES_SAME_A2R_ECONOMIC_FAMILY,CONTINUE,NO
2016-06-22,SOUTH_KOREA,LIST-74879EBFE19CE022,LIST-3A0970FE97A0DCB8,IE00B0M63391,IKOR,A2R_CANONICAL_SELECTION,True,2016-06-21,1.0,True,10,SEMANTICALLY_IDENTICAL_IMPLEMENTATION_TRANSITION,YES_SAME_A2R_ECONOMIC_FAMILY,CONTINUE,NO
2016-07-08,SOUTH_KOREA,LIST-3A0970FE97A0DCB8,LIST-74879EBFE19CE022,IE00B3Z0X395,HKOR,A2R_CANONICAL_SELECTION,True,2016-07-07,1.0,True,10,SEMANTICALLY_IDENTICAL_IMPLEMENTATION_TRANSITION,YES_SAME_A2R_ECONOMIC_FAMILY,CONTINUE,NO
2016-07-11,SOUTH_KOREA,LIST-74879EBFE19CE022,LIST-3A0970FE97A0DCB8,IE00B0M63391,IKOR,A2R_CANONICAL_SELECTION,True,2016-07-08,1.0,True,10,SEMANTICALLY_IDENTICAL_IMPLEMENTATION_TRANSITION,YES_SAME_A2R_ECONOMIC_FAMILY,CONTINUE,NO
2016-07-19,SOUTH_KOREA,LIST-3A0970FE97A0DCB8,LIST-74879EBFE19CE022,IE00B3Z0X395,HKOR,A2R_CANONICAL_SELECTION,True,2016-07-18,1.0,True,10,SEMANTICALLY_IDENTICAL_IMPLEMENTATION_TRANSITION,YES_SAME_A2R_ECONOMIC_FAMILY,CONTINUE,NO
2016-07-20,SOUTH_KOREA,LIST-74879EBFE19CE022,LIST-3A0970FE97A0DCB8,IE00B0M63391,IKOR,A2R_CANONICAL_SELECTION,True,2016-07-19,1.0,True,10,SEMANTICALLY_IDENTICAL_IMPLEMENTATION_TRANSITION,YES_SAME_A2R_ECONOMIC_FAMILY,CONTINUE,NO
2016-08-12,SOUTH_KOREA,LIST-3A0970FE97A0DCB8,LIST-74879EBFE19CE022,IE00B3Z0X395,HKOR,A2R_CANONICAL_SELECTION,True,2016-08-11,1.0,True,10,SEMANTICALLY_IDENTICAL_IMPLEMENTATION_TRANSITION,YES_SAME_A2R_ECONOMIC_FAMILY,CONTINUE,NO
2016-08-15,SOUTH_KOREA,LIST-74879EBFE19CE022,LIST-3A0970FE97A0DCB8,IE00B0M63391,IKOR,A2R_CANONICAL_SELECTION,True,2016-08-12,1.0,True,10,SEMANTICALLY_IDENTICAL_IMPLEMENTATION_TRANSITION,YES_SAME_A2R_ECONOMIC_FAMILY,CONTINUE,NO
2016-08-23,SOUTH_KOREA,LIST-3A0970FE97A0DCB8,LIST-74879EBFE19CE022,IE00B3Z0X395,HKOR,A2R_CANONICAL_SELECTION,True,2016-08-22,1.0,True,10,SEMANTICALLY_IDENTICAL_IMPLEMENTATION_TRANSITION,YES_SAME_A2R_ECONOMIC_FAMILY,CONTINUE,NO
2016-08-24,SOUTH_KOREA,LIST-74879EBFE19CE022,LIST-3A0970FE97A0DCB8,IE00B0M63391,IKOR,A2R_CANONICAL_SELECTION,True,2016-08-23,1.0,True,10,SEMANTICALLY_IDENTICAL_IMPLEMENTATION_TRANSITION,YES_SAME_A2R_ECONOMIC_FAMILY,CONTINUE,NO
2016-09-29,SOUTH_KOREA,LIST-3A0970FE97A0DCB8,LIST-74879EBFE19CE022,IE00B3Z0X395,HKOR,A2R_CANONICAL_SELECTION,True,2016-09-28,1.0,True,10,SEMANTICALLY_IDENTICAL_IMPLEMENTATION_TRANSITION,YES_SAME_A2R_ECONOMIC_FAMILY,CONTINUE,NO
2016-09-30,SOUTH_KOREA,LIST-74879EBFE19CE022,LIST-3A0970FE97A0DCB8,IE00B0M63391,IKOR,A2R_CANONICAL_SELECTION,True,2016-09-29,1.0,True,10,SEMANTICALLY_IDENTICAL_IMPLEMENTATION_TRANSITION,YES_SAME_A2R_ECONOMIC_FAMILY,CONTINUE,NO
2016-10-24,SOUTH_KOREA,LIST-3A0970FE97A0DCB8,LIST-74879EBFE19CE022,IE00B3Z0X395,HKOR,A2R_CANONICAL_SELECTION,True,2016-10-21,1.0,True,10,SEMANTICALLY_IDENTICAL_IMPLEMENTATION_TRANSITION,YES_SAME_A2R_ECONOMIC_FAMILY,CONTINUE,NO
2016-10-25,SOUTH_KOREA,LIST-74879EBFE19CE022,LIST-3A0970FE97A0DCB8,IE00B0M63391,IKOR,A2R_CANONICAL_SELECTION,True,2016-10-24,1.0,True,10,SEMANTICALLY_IDENTICAL_IMPLEMENTATION_TRANSITION,YES_SAME_A2R_ECONOMIC_FAMILY,CONTINUE,NO
2017-01-25,SOUTH_KOREA,LIST-3A0970FE97A0DCB8,LIST-49A084A74A221348,IE00B0M63391,IDKO,A2R_CANONICAL_SELECTION,True,2017-01-24,1.0,True,10,SEMANTICALLY_IDENTICAL_IMPLEMENTATION_TRANSITION,YES_SAME_A2R_ECONOMIC_FAMILY,CONTINUE,NO
2017-01-26,SOUTH_KOREA,LIST-49A084A74A221348,LIST-3A0970FE97A0DCB8,IE00B0M63391,IKOR,A2R_CANONICAL_SELECTION,False,,,False,10,PRICE_NOT_AVAILABLE,YES_SAME_A2R_ECONOMIC_FAMILY,RESET_OR_ENDPOINT_UNAVAILABLE,NO
2017-01-27,SOUTH_KOREA,LIST-3A0970FE97A0DCB8,LIST-74879EBFE19CE022,IE00B3Z0X395,HKOR,A2R_CANONICAL_SELECTION,True,2017-01-26,1.0,True,10,SEMANTICALLY_IDENTICAL_IMPLEMENTATION_TRANSITION,YES_SAME_A2R_ECONOMIC_FAMILY,CONTINUE,NO
2017-01-30,SOUTH_KOREA,LIST-74879EBFE19CE022,LIST-3A0970FE97A0DCB8,IE00B0M63391,IKOR,A2R_CANONICAL_SELECTION,True,2017-01-27,1.0,True,10,SEMANTICALLY_IDENTICAL_IMPLEMENTATION_TRANSITION,YES_SAME_A2R_ECONOMIC_FAMILY,CONTINUE,NO
2017-02-10,SOUTH_KOREA,LIST-3A0970FE97A0DCB8,LIST-74879EBFE19CE022,IE00B3Z0X395,HKOR,A2R_CANONICAL_SELECTION,True,2017-02-09,1.0,True,10,SEMANTICALLY_IDENTICAL_IMPLEMENTATION_TRANSITION,YES_SAME_A2R_ECONOMIC_FAMILY,CONTINUE,NO
2017-02-13,SOUTH_KOREA,LIST-74879EBFE19CE022,LIST-3A0970FE97A0DCB8,IE00B0M63391,IKOR,A2R_CANONICAL_SELECTION,True,2017-02-10,1.0,True,10,SEMANTICALLY_IDENTICAL_IMPLEMENTATION_TRANSITION,YES_SAME_A2R_ECONOMIC_FAMILY,CONTINUE,NO
2017-02-17,SOUTH_KOREA,LIST-3A0970FE97A0DCB8,LIST-74879EBFE19CE022,IE00B3Z0X395,HKOR,A2R_CANONICAL_SELECTION,True,2017-02-16,1.0,True,10,SEMANTICALLY_IDENTICAL_IMPLEMENTATION_TRANSITION,YES_SAME_A2R_ECONOMIC_FAMILY,CONTINUE,NO
2017-02-20,SOUTH_KOREA,LIST-74879EBFE19CE022,LIST-3A0970FE97A0DCB8,IE00B0M63391,IKOR,A2R_CANONICAL_SELECTION,False,,,False,10,PRICE_NOT_AVAILABLE,YES_SAME_A2R_ECONOMIC_FAMILY,RESET_OR_ENDPOINT_UNAVAILABLE,NO
2017-02-21,SOUTH_KOREA,LIST-3A0970FE97A0DCB8,LIST-74879EBFE19CE022,IE00B3Z0X395,HKOR,A2R_CANONICAL_SELECTION,True,2017-02-20,1.0,False,10,EXACT_PREVIOUS_XLON_SESSION_ENDPOINT,YES_SAME_A2R_ECONOMIC_FAMILY,RESET_OR_ENDPOINT_UNAVAILABLE,NO
2017-02-22,SOUTH_KOREA,LIST-74879EBFE19CE022,LIST-3A0970FE97A0DCB8,IE00B0M63391,IKOR,A2R_CANONICAL_SELECTION,True,2017-02-21,1.0,True,10,SEMANTICALLY_IDENTICAL_IMPLEMENTATION_TRANSITION,YES_SAME_A2R_ECONOMIC_FAMILY,CONTINUE,NO
2017-05-16,SOUTH_KOREA,LIST-3A0970FE97A0DCB8,LIST-74879EBFE19CE022,IE00B3Z0X395,HKOR,A2R_CANONICAL_SELECTION,True,2017-05-15,1.0,True,10,SEMANTICALLY_IDENTICAL_IMPLEMENTATION_TRANSITION,YES_SAME_A2R_ECONOMIC_FAMILY,CONTINUE,NO
2017-05-17,SOUTH_KOREA,LIST-74879EBFE19CE022,LIST-3A0970FE97A0DCB8,IE00B0M63391,IKOR,A2R_CANONICAL_SELECTION,True,2017-05-16,1.0,True,10,SEMANTICALLY_IDENTICAL_IMPLEMENTATION_TRANSITION,YES_SAME_A2R_ECONOMIC_FAMILY,CONTINUE,NO
2017-07-18,SOUTH_KOREA,LIST-3A0970FE97A0DCB8,LIST-74879EBFE19CE022,IE00B3Z0X395,HKOR,A2R_CANONICAL_SELECTION,True,2017-07-17,1.0,True,10,SEMANTICALLY_IDENTICAL_IMPLEMENTATION_TRANSITION,YES_SAME_A2R_ECONOMIC_FAMILY,CONTINUE,NO
2017-07-19,SOUTH_KOREA,LIST-74879EBFE19CE022,LIST-3A0970FE97A0DCB8,IE00B0M63391,IKOR,A2R_CANONICAL_SELECTION,True,2017-07-18,1.0,True,10,SEMANTICALLY_IDENTICAL_IMPLEMENTATION_TRANSITION,YES_SAME_A2R_ECONOMIC_FAMILY,CONTINUE,NO
2017-08-21,SOUTH_KOREA,LIST-3A0970FE97A0DCB8,LIST-74879EBFE19CE022,IE00B3Z0X395,HKOR,A2R_CANONICAL_SELECTION,True,2017-08-18,1.0,True,10,SEMANTICALLY_IDENTICAL_IMPLEMENTATION_TRANSITION,YES_SAME_A2R_ECONOMIC_FAMILY,CONTINUE,NO
2017-08-22,SOUTH_KOREA,LIST-74879EBFE19CE022,LIST-3A0970FE97A0DCB8,IE00B0M63391,IKOR,A2R_CANONICAL_SELECTION,True,2017-08-21,1.0,True,10,SEMANTICALLY_IDENTICAL_IMPLEMENTATION_TRANSITION,YES_SAME_A2R_ECONOMIC_FAMILY,CONTINUE,NO
2017-10-02,SOUTH_KOREA,LIST-3A0970FE97A0DCB8,LIST-74879EBFE19CE022,IE00B3Z0X395,HKOR,A2R_CANONICAL_SELECTION,True,2017-09-29,1.0,True,10,SEMANTICALLY_IDENTICAL_IMPLEMENTATION_TRANSITION,YES_SAME_A2R_ECONOMIC_FAMILY,CONTINUE,NO
2017-10-03,SOUTH_KOREA,LIST-74879EBFE19CE022,LIST-3A0970FE97A0DCB8,IE00B0M63391,IKOR,A2R_CANONICAL_SELECTION,True,2017-10-02,1.0,True,10,SEMANTICALLY_IDENTICAL_IMPLEMENTATION_TRANSITION,YES_SAME_A2R_ECONOMIC_FAMILY,CONTINUE,NO
2017-11-22,SOUTH_KOREA,LIST-3A0970FE97A0DCB8,LIST-74879EBFE19CE022,IE00B3Z0X395,HKOR,A2R_CANONICAL_SELECTION,True,2017-11-21,1.0,True,10,SEMANTICALLY_IDENTICAL_IMPLEMENTATION_TRANSITION,YES_SAME_A2R_ECONOMIC_FAMILY,CONTINUE,NO
2017-11-23,SOUTH_KOREA,LIST-74879EBFE19CE022,LIST-3A0970FE97A0DCB8,IE00B0M63391,IKOR,A2R_CANONICAL_SELECTION,True,2017-11-22,1.0,True,10,SEMANTICALLY_IDENTICAL_IMPLEMENTATION_TRANSITION,YES_SAME_A2R_ECONOMIC_FAMILY,CONTINUE,NO
2017-12-13,SOUTH_KOREA,LIST-3A0970FE97A0DCB8,LIST-74879EBFE19CE022,IE00B3Z0X395,HKOR,A2R_CANONICAL_SELECTION,True,2017-12-12,1.0,True,10,SEMANTICALLY_IDENTICAL_IMPLEMENTATION_TRANSITION,YES_SAME_A2R_ECONOMIC_FAMILY,CONTINUE,NO
2017-12-14,SOUTH_KOREA,LIST-74879EBFE19CE022,LIST-3A0970FE97A0DCB8,IE00B0M63391,IKOR,A2R_CANONICAL_SELECTION,True,2017-12-13,1.0,True,10,SEMANTICALLY_IDENTICAL_IMPLEMENTATION_TRANSITION,YES_SAME_A2R_ECONOMIC_FAMILY,CONTINUE,NO
2018-01-12,SOUTH_KOREA,LIST-3A0970FE97A0DCB8,LIST-74879EBFE19CE022,IE00B3Z0X395,HKOR,A2R_CANONICAL_SELECTION,True,2018-01-11,1.0,True,10,SEMANTICALLY_IDENTICAL_IMPLEMENTATION_TRANSITION,YES_SAME_A2R_ECONOMIC_FAMILY,CONTINUE,NO
2018-01-15,SOUTH_KOREA,LIST-74879EBFE19CE022,LIST-3A0970FE97A0DCB8,IE00B0M63391,IKOR,A2R_CANONICAL_SELECTION,True,2018-01-12,1.0,True,10,SEMANTICALLY_IDENTICAL_IMPLEMENTATION_TRANSITION,YES_SAME_A2R_ECONOMIC_FAMILY,CONTINUE,NO
2018-01-18,SOUTH_KOREA,LIST-3A0970FE97A0DCB8,LIST-74879EBFE19CE022,IE00B3Z0X395,HKOR,A2R_CANONICAL_SELECTION,True,2018-01-17,1.0,True,10,SEMANTICALLY_IDENTICAL_IMPLEMENTATION_TRANSITION,YES_SAME_A2R_ECONOMIC_FAMILY,CONTINUE,NO
2018-01-19,SOUTH_KOREA,LIST-74879EBFE19CE022,LIST-3A0970FE97A0DCB8,IE00B0M63391,IKOR,A2R_CANONICAL_SELECTION,True,2018-01-18,1.0,True,10,SEMANTICALLY_IDENTICAL_IMPLEMENTATION_TRANSITION,YES_SAME_A2R_ECONOMIC_FAMILY,CONTINUE,NO
2018-02-02,SOUTH_KOREA,LIST-3A0970FE97A0DCB8,LIST-74879EBFE19CE022,IE00B3Z0X395,HKOR,A2R_CANONICAL_SELECTION,True,2018-02-01,1.0,True,10,SEMANTICALLY_IDENTICAL_IMPLEMENTATION_TRANSITION,YES_SAME_A2R_ECONOMIC_FAMILY,CONTINUE,NO
2018-02-05,SOUTH_KOREA,LIST-74879EBFE19CE022,LIST-3A0970FE97A0DCB8,IE00B0M63391,IKOR,A2R_CANONICAL_SELECTION,False,,,False,10,PRICE_NOT_AVAILABLE,YES_SAME_A2R_ECONOMIC_FAMILY,RESET_OR_ENDPOINT_UNAVAILABLE,NO
2018-02-06,SOUTH_KOREA,LIST-3A0970FE97A0DCB8,LIST-74879EBFE19CE022,IE00B3Z0X395,HKOR,A2R_CANONICAL_SELECTION,True,2018-02-05,1.0,False,10,EXACT_PREVIOUS_XLON_SESSION_ENDPOINT,YES_SAME_A2R_ECONOMIC_FAMILY,RESET_OR_ENDPOINT_UNAVAILABLE,NO
2018-02-07,SOUTH_KOREA,LIST-74879EBFE19CE022,LIST-3A0970FE97A0DCB8,IE00B0M63391,IKOR,A2R_CANONICAL_SELECTION,True,2018-02-06,1.0,True,10,SEMANTICALLY_IDENTICAL_IMPLEMENTATION_TRANSITION,YES_SAME_A2R_ECONOMIC_FAMILY,CONTINUE,NO
2018-02-23,SOUTH_KOREA,LIST-3A0970FE97A0DCB8,LIST-74879EBFE19CE022,IE00B3Z0X395,HKOR,A2R_CANONICAL_SELECTION,True,2018-02-22,1.0,True,10,SEMANTICALLY_IDENTICAL_IMPLEMENTATION_TRANSITION,YES_SAME_A2R_ECONOMIC_FAMILY,CONTINUE,NO
2018-02-26,SOUTH_KOREA,LIST-74879EBFE19CE022,LIST-3A0970FE97A0DCB8,IE00B0M63391,IKOR,A2R_CANONICAL_SELECTION,True,2018-02-23,1.0,True,10,SEMANTICALLY_IDENTICAL_IMPLEMENTATION_TRANSITION,YES_SAME_A2R_ECONOMIC_FAMILY,CONTINUE,NO
2018-03-21,SOUTH_KOREA,LIST-3A0970FE97A0DCB8,LIST-74879EBFE19CE022,IE00B3Z0X395,HKOR,A2R_CANONICAL_SELECTION,True,2018-03-20,1.0,True,10,SEMANTICALLY_IDENTICAL_IMPLEMENTATION_TRANSITION,YES_SAME_A2R_ECONOMIC_FAMILY,CONTINUE,NO
2018-03-22,SOUTH_KOREA,LIST-74879EBFE19CE022,LIST-3A0970FE97A0DCB8,IE00B0M63391,IKOR,A2R_CANONICAL_SELECTION,True,2018-03-21,1.0,True,10,SEMANTICALLY_IDENTICAL_IMPLEMENTATION_TRANSITION,YES_SAME_A2R_ECONOMIC_FAMILY,CONTINUE,NO
2018-04-13,SOUTH_KOREA,LIST-3A0970FE97A0DCB8,LIST-74879EBFE19CE022,IE00B3Z0X395,HKOR,A2R_CANONICAL_SELECTION,True,2018-04-12,1.0,True,10,SEMANTICALLY_IDENTICAL_IMPLEMENTATION_TRANSITION,YES_SAME_A2R_ECONOMIC_FAMILY,CONTINUE,NO
2018-04-16,SOUTH_KOREA,LIST-74879EBFE19CE022,LIST-3A0970FE97A0DCB8,IE00B0M63391,IKOR,A2R_CANONICAL_SELECTION,True,2018-04-13,1.0,True,10,SEMANTICALLY_IDENTICAL_IMPLEMENTATION_TRANSITION,YES_SAME_A2R_ECONOMIC_FAMILY,CONTINUE,NO
2018-06-04,SOUTH_KOREA,LIST-3A0970FE97A0DCB8,LIST-74879EBFE19CE022,IE00B3Z0X395,HKOR,A2R_CANONICAL_SELECTION,True,2018-06-01,1.0,True,10,SEMANTICALLY_IDENTICAL_IMPLEMENTATION_TRANSITION,YES_SAME_A2R_ECONOMIC_FAMILY,CONTINUE,NO
2018-06-05,SOUTH_KOREA,LIST-74879EBFE19CE022,LIST-3A0970FE97A0DCB8,IE00B0M63391,IKOR,A2R_CANONICAL_SELECTION,True,2018-06-04,1.0,True,10,SEMANTICALLY_IDENTICAL_IMPLEMENTATION_TRANSITION,YES_SAME_A2R_ECONOMIC_FAMILY,CONTINUE,NO
2018-06-22,SOUTH_KOREA,LIST-3A0970FE97A0DCB8,LIST-74879EBFE19CE022,IE00B3Z0X395,HKOR,A2R_CANONICAL_SELECTION,True,2018-06-21,1.0,True,10,SEMANTICALLY_IDENTICAL_IMPLEMENTATION_TRANSITION,YES_SAME_A2R_ECONOMIC_FAMILY,CONTINUE,NO
2018-06-25,SOUTH_KOREA,LIST-74879EBFE19CE022,LIST-3A0970FE97A0DCB8,IE00B0M63391,IKOR,A2R_CANONICAL_SELECTION,True,2018-06-22,1.0,True,10,SEMANTICALLY_IDENTICAL_IMPLEMENTATION_TRANSITION,YES_SAME_A2R_ECONOMIC_FAMILY,CONTINUE,NO
2018-07-13,SOUTH_KOREA,LIST-3A0970FE97A0DCB8,LIST-74879EBFE19CE022,IE00B3Z0X395,HKOR,A2R_CANONICAL_SELECTION,True,2018-07-12,1.0,True,10,SEMANTICALLY_IDENTICAL_IMPLEMENTATION_TRANSITION,YES_SAME_A2R_ECONOMIC_FAMILY,CONTINUE,NO
2018-07-16,SOUTH_KOREA,LIST-74879EBFE19CE022,LIST-3A0970FE97A0DCB8,IE00B0M63391,IKOR,A2R_CANONICAL_SELECTION,True,2018-07-13,1.0,True,10,SEMANTICALLY_IDENTICAL_IMPLEMENTATION_TRANSITION,YES_SAME_A2R_ECONOMIC_FAMILY,CONTINUE,NO
2018-07-18,SOUTH_KOREA,LIST-3A0970FE97A0DCB8,LIST-74879EBFE19CE022,IE00B3Z0X395,HKOR,A2R_CANONICAL_SELECTION,True,2018-07-17,1.0,True,10,SEMANTICALLY_IDENTICAL_IMPLEMENTATION_TRANSITION,YES_SAME_A2R_ECONOMIC_FAMILY,CONTINUE,NO
2018-07-19,SOUTH_KOREA,LIST-74879EBFE19CE022,LIST-3A0970FE97A0DCB8,IE00B0M63391,IKOR,A2R_CANONICAL_SELECTION,False,,,False,10,PRICE_NOT_AVAILABLE,YES_SAME_A2R_ECONOMIC_FAMILY,RESET_OR_ENDPOINT_UNAVAILABLE,NO
2018-07-20,SOUTH_KOREA,LIST-3A0970FE97A0DCB8,LIST-74879EBFE19CE022,IE00B3Z0X395,HKOR,A2R_CANONICAL_SELECTION,True,2018-07-19,1.0,False,10,EXACT_PREVIOUS_XLON_SESSION_ENDPOINT,YES_SAME_A2R_ECONOMIC_FAMILY,RESET_OR_ENDPOINT_UNAVAILABLE,NO
2018-07-24,SOUTH_KOREA,LIST-74879EBFE19CE022,LIST-3A0970FE97A0DCB8,IE00B0M63391,IKOR,A2R_CANONICAL_SELECTION,True,2018-07-23,1.0,True,10,SEMANTICALLY_IDENTICAL_IMPLEMENTATION_TRANSITION,YES_SAME_A2R_ECONOMIC_FAMILY,CONTINUE,NO
2018-08-02,SOUTH_KOREA,LIST-3A0970FE97A0DCB8,LIST-74879EBFE19CE022,IE00B3Z0X395,HKOR,A2R_CANONICAL_SELECTION,True,2018-08-01,1.0,True,10,SEMANTICALLY_IDENTICAL_IMPLEMENTATION_TRANSITION,YES_SAME_A2R_ECONOMIC_FAMILY,CONTINUE,NO
2018-08-03,SOUTH_KOREA,LIST-74879EBFE19CE022,LIST-3A0970FE97A0DCB8,IE00B0M63391,IKOR,A2R_CANONICAL_SELECTION,True,2018-08-02,1.0,True,10,SEMANTICALLY_IDENTICAL_IMPLEMENTATION_TRANSITION,YES_SAME_A2R_ECONOMIC_FAMILY,CONTINUE,NO
2018-08-17,SOUTH_KOREA,LIST-3A0970FE97A0DCB8,LIST-74879EBFE19CE022,IE00B3Z0X395,HKOR,A2R_CANONICAL_SELECTION,True,2018-08-16,1.0,True,10,SEMANTICALLY_IDENTICAL_IMPLEMENTATION_TRANSITION,YES_SAME_A2R_ECONOMIC_FAMILY,CONTINUE,NO
2018-08-20,SOUTH_KOREA,LIST-74879EBFE19CE022,LIST-3A0970FE97A0DCB8,IE00B0M63391,IKOR,A2R_CANONICAL_SELECTION,True,2018-08-17,1.0,True,10,SEMANTICALLY_IDENTICAL_IMPLEMENTATION_TRANSITION,YES_SAME_A2R_ECONOMIC_FAMILY,CONTINUE,NO
2018-08-30,SOUTH_KOREA,LIST-3A0970FE97A0DCB8,LIST-74879EBFE19CE022,IE00B3Z0X395,HKOR,A2R_CANONICAL_SELECTION,True,2018-08-29,1.0,True,10,SEMANTICALLY_IDENTICAL_IMPLEMENTATION_TRANSITION,YES_SAME_A2R_ECONOMIC_FAMILY,CONTINUE,NO
2018-08-31,SOUTH_KOREA,LIST-74879EBFE19CE022,LIST-3A0970FE97A0DCB8,IE00B0M63391,IKOR,A2R_CANONICAL_SELECTION,True,2018-08-30,1.0,True,10,SEMANTICALLY_IDENTICAL_IMPLEMENTATION_TRANSITION,YES_SAME_A2R_ECONOMIC_FAMILY,CONTINUE,NO
2018-09-12,SOUTH_KOREA,LIST-3A0970FE97A0DCB8,LIST-74879EBFE19CE022,IE00B3Z0X395,HKOR,A2R_CANONICAL_SELECTION,True,2018-09-11,1.0,True,10,SEMANTICALLY_IDENTICAL_IMPLEMENTATION_TRANSITION,YES_SAME_A2R_ECONOMIC_FAMILY,CONTINUE,NO
2018-09-13,SOUTH_KOREA,LIST-74879EBFE19CE022,LIST-3A0970FE97A0DCB8,IE00B0M63391,IKOR,A2R_CANONICAL_SELECTION,True,2018-09-12,1.0,True,10,SEMANTICALLY_IDENTICAL_IMPLEMENTATION_TRANSITION,YES_SAME_A2R_ECONOMIC_FAMILY,CONTINUE,NO
2018-09-27,SOUTH_KOREA,LIST-3A0970FE97A0DCB8,LIST-74879EBFE19CE022,IE00B3Z0X395,HKOR,A2R_CANONICAL_SELECTION,True,2018-09-26,1.0,True,10,SEMANTICALLY_IDENTICAL_IMPLEMENTATION_TRANSITION,YES_SAME_A2R_ECONOMIC_FAMILY,CONTINUE,NO
2018-09-28,SOUTH_KOREA,LIST-74879EBFE19CE022,LIST-3A0970FE97A0DCB8,IE00B0M63391,IKOR,A2R_CANONICAL_SELECTION,True,2018-09-27,1.0,True,10,SEMANTICALLY_IDENTICAL_IMPLEMENTATION_TRANSITION,YES_SAME_A2R_ECONOMIC_FAMILY,CONTINUE,NO
2018-10-25,SOUTH_KOREA,LIST-3A0970FE97A0DCB8,LIST-74879EBFE19CE022,IE00B3Z0X395,HKOR,A2R_CANONICAL_SELECTION,True,2018-10-24,1.0,True,10,SEMANTICALLY_IDENTICAL_IMPLEMENTATION_TRANSITION,YES_SAME_A2R_ECONOMIC_FAMILY,CONTINUE,NO
2018-10-26,SOUTH_KOREA,LIST-74879EBFE19CE022,LIST-3A0970FE97A0DCB8,IE00B0M63391,IKOR,A2R_CANONICAL_SELECTION,True,2018-10-25,1.0,True,10,SEMANTICALLY_IDENTICAL_IMPLEMENTATION_TRANSITION,YES_SAME_A2R_ECONOMIC_FAMILY,CONTINUE,NO
2018-11-19,SOUTH_KOREA,LIST-3A0970FE97A0DCB8,LIST-74879EBFE19CE022,IE00B3Z0X395,HKOR,A2R_CANONICAL_SELECTION,True,2018-11-16,1.0,True,10,SEMANTICALLY_IDENTICAL_IMPLEMENTATION_TRANSITION,YES_SAME_A2R_ECONOMIC_FAMILY,CONTINUE,NO
2018-11-21,SOUTH_KOREA,LIST-74879EBFE19CE022,LIST-3A0970FE97A0DCB8,IE00B0M63391,IKOR,A2R_CANONICAL_SELECTION,True,2018-11-20,1.0,True,10,SEMANTICALLY_IDENTICAL_IMPLEMENTATION_TRANSITION,YES_SAME_A2R_ECONOMIC_FAMILY,CONTINUE,NO
2018-11-27,SOUTH_KOREA,LIST-3A0970FE97A0DCB8,LIST-74879EBFE19CE022,IE00B3Z0X395,HKOR,A2R_CANONICAL_SELECTION,True,2018-11-26,1.0,True,10,SEMANTICALLY_IDENTICAL_IMPLEMENTATION_TRANSITION,YES_SAME_A2R_ECONOMIC_FAMILY,CONTINUE,NO
2018-11-30,SOUTH_KOREA,LIST-74879EBFE19CE022,LIST-3A0970FE97A0DCB8,IE00B0M63391,IKOR,A2R_CANONICAL_SELECTION,True,2018-11-29,1.0,True,10,SEMANTICALLY_IDENTICAL_IMPLEMENTATION_TRANSITION,YES_SAME_A2R_ECONOMIC_FAMILY,CONTINUE,NO
2018-12-12,SOUTH_KOREA,LIST-3A0970FE97A0DCB8,LIST-74879EBFE19CE022,IE00B3Z0X395,HKOR,A2R_CANONICAL_SELECTION,True,2018-12-11,1.0,True,10,SEMANTICALLY_IDENTICAL_IMPLEMENTATION_TRANSITION,YES_SAME_A2R_ECONOMIC_FAMILY,CONTINUE,NO
2018-12-13,SOUTH_KOREA,LIST-74879EBFE19CE022,LIST-3A0970FE97A0DCB8,IE00B0M63391,IKOR,A2R_CANONICAL_SELECTION,False,,,False,10,PRICE_NOT_AVAILABLE,YES_SAME_A2R_ECONOMIC_FAMILY,RESET_OR_ENDPOINT_UNAVAILABLE,NO
2018-12-14,SOUTH_KOREA,LIST-3A0970FE97A0DCB8,LIST-74879EBFE19CE022,IE00B3Z0X395,HKOR,A2R_CANONICAL_SELECTION,True,2018-12-13,1.0,False,10,EXACT_PREVIOUS_XLON_SESSION_ENDPOINT,YES_SAME_A2R_ECONOMIC_FAMILY,RESET_OR_ENDPOINT_UNAVAILABLE,NO
2018-12-17,SOUTH_KOREA,LIST-74879EBFE19CE022,LIST-3A0970FE97A0DCB8,IE00B0M63391,IKOR,A2R_CANONICAL_SELECTION,True,2018-12-14,1.0,True,10,SEMANTICALLY_IDENTICAL_IMPLEMENTATION_TRANSITION,YES_SAME_A2R_ECONOMIC_FAMILY,CONTINUE,NO
2019-01-02,SOUTH_KOREA,LIST-3A0970FE97A0DCB8,LIST-74879EBFE19CE022,IE00B3Z0X395,HKOR,A2R_CANONICAL_SELECTION,True,2018-12-31,1.0,True,10,SEMANTICALLY_IDENTICAL_IMPLEMENTATION_TRANSITION,YES_SAME_A2R_ECONOMIC_FAMILY,CONTINUE,NO
2019-01-03,SOUTH_KOREA,LIST-74879EBFE19CE022,LIST-3A0970FE97A0DCB8,IE00B0M63391,IKOR,A2R_CANONICAL_SELECTION,True,2019-01-02,1.0,True,10,SEMANTICALLY_IDENTICAL_IMPLEMENTATION_TRANSITION,YES_SAME_A2R_ECONOMIC_FAMILY,CONTINUE,NO
2019-01-09,SOUTH_KOREA,LIST-3A0970FE97A0DCB8,LIST-74879EBFE19CE022,IE00B3Z0X395,HKOR,A2R_CANONICAL_SELECTION,True,2019-01-08,1.0,True,10,SEMANTICALLY_IDENTICAL_IMPLEMENTATION_TRANSITION,YES_SAME_A2R_ECONOMIC_FAMILY,CONTINUE,NO
2019-01-10,SOUTH_KOREA,LIST-74879EBFE19CE022,LIST-3A0970FE97A0DCB8,IE00B0M63391,IKOR,A2R_CANONICAL_SELECTION,True,2019-01-09,1.0,True,10,SEMANTICALLY_IDENTICAL_IMPLEMENTATION_TRANSITION,YES_SAME_A2R_ECONOMIC_FAMILY,CONTINUE,NO
2019-01-15,SOUTH_KOREA,LIST-3A0970FE97A0DCB8,LIST-74879EBFE19CE022,IE00B3Z0X395,HKOR,A2R_CANONICAL_SELECTION,True,2019-01-14,1.0,True,10,SEMANTICALLY_IDENTICAL_IMPLEMENTATION_TRANSITION,YES_SAME_A2R_ECONOMIC_FAMILY,CONTINUE,NO
2019-01-16,SOUTH_KOREA,LIST-74879EBFE19CE022,LIST-3A0970FE97A0DCB8,IE00B0M63391,IKOR,A2R_CANONICAL_SELECTION,True,2019-01-15,1.0,True,10,SEMANTICALLY_IDENTICAL_IMPLEMENTATION_TRANSITION,YES_SAME_A2R_ECONOMIC_FAMILY,CONTINUE,NO
2019-02-11,SOUTH_KOREA,LIST-3A0970FE97A0DCB8,LIST-74879EBFE19CE022,IE00B3Z0X395,HKOR,A2R_CANONICAL_SELECTION,True,2019-02-08,1.0,True,10,SEMANTICALLY_IDENTICAL_IMPLEMENTATION_TRANSITION,YES_SAME_A2R_ECONOMIC_FAMILY,CONTINUE,NO
2019-02-12,SOUTH_KOREA,LIST-74879EBFE19CE022,LIST-3A0970FE97A0DCB8,IE00B0M63391,IKOR,A2R_CANONICAL_SELECTION,True,2019-02-11,1.0,True,10,SEMANTICALLY_IDENTICAL_IMPLEMENTATION_TRANSITION,YES_SAME_A2R_ECONOMIC_FAMILY,CONTINUE,NO
2019-04-03,SOUTH_KOREA,LIST-3A0970FE97A0DCB8,LIST-74879EBFE19CE022,IE00B3Z0X395,HKOR,A2R_CANONICAL_SELECTION,True,2019-04-02,1.0,True,10,SEMANTICALLY_IDENTICAL_IMPLEMENTATION_TRANSITION,YES_SAME_A2R_ECONOMIC_FAMILY,CONTINUE,NO
2019-04-04,SOUTH_KOREA,LIST-74879EBFE19CE022,LIST-3A0970FE97A0DCB8,IE00B0M63391,IKOR,A2R_CANONICAL_SELECTION,True,2019-04-03,1.0,True,10,SEMANTICALLY_IDENTICAL_IMPLEMENTATION_TRANSITION,YES_SAME_A2R_ECONOMIC_FAMILY,CONTINUE,NO
2019-05-03,SOUTH_KOREA,LIST-3A0970FE97A0DCB8,LIST-74879EBFE19CE022,IE00B3Z0X395,HKOR,A2R_CANONICAL_SELECTION,True,2019-05-02,1.0,True,10,SEMANTICALLY_IDENTICAL_IMPLEMENTATION_TRANSITION,YES_SAME_A2R_ECONOMIC_FAMILY,CONTINUE,NO
2019-05-08,SOUTH_KOREA,LIST-74879EBFE19CE022,LIST-3A0970FE97A0DCB8,IE00B0M63391,IKOR,A2R_CANONICAL_SELECTION,True,2019-05-07,1.0,True,10,SEMANTICALLY_IDENTICAL_IMPLEMENTATION_TRANSITION,YES_SAME_A2R_ECONOMIC_FAMILY,CONTINUE,NO
2019-09-04,SOUTH_KOREA,LIST-3A0970FE97A0DCB8,LIST-74879EBFE19CE022,IE00B3Z0X395,HKOR,A2R_CANONICAL_SELECTION,True,2019-09-03,1.0,True,10,SEMANTICALLY_IDENTICAL_IMPLEMENTATION_TRANSITION,YES_SAME_A2R_ECONOMIC_FAMILY,CONTINUE,NO
2019-09-05,SOUTH_KOREA,LIST-74879EBFE19CE022,LIST-3A0970FE97A0DCB8,IE00B0M63391,IKOR,A2R_CANONICAL_SELECTION,True,2019-09-04,1.0,True,10,SEMANTICALLY_IDENTICAL_IMPLEMENTATION_TRANSITION,YES_SAME_A2R_ECONOMIC_FAMILY,CONTINUE,NO
2019-10-07,SOUTH_KOREA,LIST-3A0970FE97A0DCB8,LIST-74879EBFE19CE022,IE00B3Z0X395,HKOR,A2R_CANONICAL_SELECTION,True,2019-10-04,1.0,True,10,SEMANTICALLY_IDENTICAL_IMPLEMENTATION_TRANSITION,YES_SAME_A2R_ECONOMIC_FAMILY,CONTINUE,NO
2019-10-08,SOUTH_KOREA,LIST-74879EBFE19CE022,LIST-3A0970FE97A0DCB8,IE00B0M63391,IKOR,A2R_CANONICAL_SELECTION,True,2019-10-07,1.0,True,10,SEMANTICALLY_IDENTICAL_IMPLEMENTATION_TRANSITION,YES_SAME_A2R_ECONOMIC_FAMILY,CONTINUE,NO
2019-10-31,SOUTH_KOREA,LIST-3A0970FE97A0DCB8,LIST-74879EBFE19CE022,IE00B3Z0X395,HKOR,A2R_CANONICAL_SELECTION,True,2019-10-30,1.0,True,10,SEMANTICALLY_IDENTICAL_IMPLEMENTATION_TRANSITION,YES_SAME_A2R_ECONOMIC_FAMILY,CONTINUE,NO
2019-11-01,SOUTH_KOREA,LIST-74879EBFE19CE022,LIST-3A0970FE97A0DCB8,IE00B0M63391,IKOR,A2R_CANONICAL_SELECTION,True,2019-10-31,1.0,True,10,SEMANTICALLY_IDENTICAL_IMPLEMENTATION_TRANSITION,YES_SAME_A2R_ECONOMIC_FAMILY,CONTINUE,NO
2008-10-10,TAIWAN,LIST-F66FA10B356B8DDE,LIST-A6BC126B12C8ACC1,IE00B0M63623,IDTW,A2R_CANONICAL_SELECTION,False,,,False,3,PRICE_NOT_AVAILABLE,YES_SAME_A2R_ECONOMIC_FAMILY,RESET_OR_ENDPOINT_UNAVAILABLE,NO
2008-10-13,TAIWAN,LIST-A6BC126B12C8ACC1,LIST-F66FA10B356B8DDE,IE00B0M63623,ITWN,A2R_CANONICAL_SELECTION,True,2008-10-10,1.0,False,3,EXACT_PREVIOUS_XLON_SESSION_ENDPOINT,YES_SAME_A2R_ECONOMIC_FAMILY,RESET_OR_ENDPOINT_UNAVAILABLE,NO
2008-12-08,TAIWAN,LIST-F66FA10B356B8DDE,LIST-A6BC126B12C8ACC1,IE00B0M63623,IDTW,A2R_CANONICAL_SELECTION,True,2008-12-05,,True,5,CONTINUITY_SEGMENT_START_OR_RESET,YES_SAME_A2R_ECONOMIC_FAMILY,RESET_OR_ENDPOINT_UNAVAILABLE,NO
2008-12-09,TAIWAN,LIST-A6BC126B12C8ACC1,LIST-F66FA10B356B8DDE,IE00B0M63623,ITWN,A2R_CANONICAL_SELECTION,True,2008-12-08,1.0,True,5,SEMANTICALLY_IDENTICAL_IMPLEMENTATION_TRANSITION,YES_SAME_A2R_ECONOMIC_FAMILY,CONTINUE,NO
2009-01-02,TAIWAN,LIST-A6BC126B12C8ACC1,LIST-F66FA10B356B8DDE,IE00B0M63623,ITWN,A2R_CANONICAL_SELECTION,False,,,False,5,PRICE_NOT_AVAILABLE,YES_SAME_A2R_ECONOMIC_FAMILY,RESET_OR_ENDPOINT_UNAVAILABLE,NO
2009-01-05,TAIWAN,LIST-F66FA10B356B8DDE,LIST-A6BC126B12C8ACC1,IE00B0M63623,IDTW,A2R_CANONICAL_SELECTION,False,,,False,5,PRICE_NOT_AVAILABLE,YES_SAME_A2R_ECONOMIC_FAMILY,RESET_OR_ENDPOINT_UNAVAILABLE,NO
2009-02-12,TAIWAN,LIST-F66FA10B356B8DDE,LIST-A6BC126B12C8ACC1,IE00B0M63623,IDTW,A2R_CANONICAL_SELECTION,True,2009-02-11,1.0,True,6,SEMANTICALLY_IDENTICAL_IMPLEMENTATION_TRANSITION,YES_SAME_A2R_ECONOMIC_FAMILY,CONTINUE,NO
2009-02-13,TAIWAN,LIST-A6BC126B12C8ACC1,LIST-F66FA10B356B8DDE,IE00B0M63623,ITWN,A2R_CANONICAL_SELECTION,True,2009-02-12,1.0,True,6,SEMANTICALLY_IDENTICAL_IMPLEMENTATION_TRANSITION,YES_SAME_A2R_ECONOMIC_FAMILY,CONTINUE,NO
2009-03-23,TAIWAN,LIST-F66FA10B356B8DDE,LIST-A6BC126B12C8ACC1,IE00B0M63623,IDTW,A2R_CANONICAL_SELECTION,True,2009-03-20,1.0,True,6,SEMANTICALLY_IDENTICAL_IMPLEMENTATION_TRANSITION,YES_SAME_A2R_ECONOMIC_FAMILY,CONTINUE,NO
2009-03-24,TAIWAN,LIST-A6BC126B12C8ACC1,LIST-F66FA10B356B8DDE,IE00B0M63623,ITWN,A2R_CANONICAL_SELECTION,True,2009-03-23,1.0,True,6,SEMANTICALLY_IDENTICAL_IMPLEMENTATION_TRANSITION,YES_SAME_A2R_ECONOMIC_FAMILY,CONTINUE,NO
2009-08-27,TAIWAN,LIST-F66FA10B356B8DDE,LIST-A6BC126B12C8ACC1,IE00B0M63623,IDTW,A2R_CANONICAL_SELECTION,True,2009-08-26,1.0,True,6,SEMANTICALLY_IDENTICAL_IMPLEMENTATION_TRANSITION,YES_SAME_A2R_ECONOMIC_FAMILY,CONTINUE,NO
2009-08-28,TAIWAN,LIST-A6BC126B12C8ACC1,LIST-F66FA10B356B8DDE,IE00B0M63623,ITWN,A2R_CANONICAL_SELECTION,True,2009-08-27,1.0,True,6,SEMANTICALLY_IDENTICAL_IMPLEMENTATION_TRANSITION,YES_SAME_A2R_ECONOMIC_FAMILY,CONTINUE,NO
2009-10-21,TAIWAN,LIST-F66FA10B356B8DDE,LIST-A6BC126B12C8ACC1,IE00B0M63623,IDTW,A2R_CANONICAL_SELECTION,True,2009-10-20,1.0,True,6,SEMANTICALLY_IDENTICAL_IMPLEMENTATION_TRANSITION,YES_SAME_A2R_ECONOMIC_FAMILY,CONTINUE,NO
2009-10-22,TAIWAN,LIST-A6BC126B12C8ACC1,LIST-F66FA10B356B8DDE,IE00B0M63623,ITWN,A2R_CANONICAL_SELECTION,True,2009-10-21,1.0,True,6,SEMANTICALLY_IDENTICAL_IMPLEMENTATION_TRANSITION,YES_SAME_A2R_ECONOMIC_FAMILY,CONTINUE,NO
2010-01-19,TAIWAN,LIST-F66FA10B356B8DDE,LIST-A6BC126B12C8ACC1,IE00B0M63623,IDTW,A2R_CANONICAL_SELECTION,True,2010-01-18,1.0,True,6,SEMANTICALLY_IDENTICAL_IMPLEMENTATION_TRANSITION,YES_SAME_A2R_ECONOMIC_FAMILY,CONTINUE,NO
2010-01-20,TAIWAN,LIST-A6BC126B12C8ACC1,LIST-F66FA10B356B8DDE,IE00B0M63623,ITWN,A2R_CANONICAL_SELECTION,True,2010-01-19,1.0,True,6,SEMANTICALLY_IDENTICAL_IMPLEMENTATION_TRANSITION,YES_SAME_A2R_ECONOMIC_FAMILY,CONTINUE,NO
2010-08-03,TAIWAN,LIST-F66FA10B356B8DDE,LIST-A6BC126B12C8ACC1,IE00B0M63623,IDTW,A2R_CANONICAL_SELECTION,True,2010-08-02,1.0,True,6,SEMANTICALLY_IDENTICAL_IMPLEMENTATION_TRANSITION,YES_SAME_A2R_ECONOMIC_FAMILY,CONTINUE,NO
2010-08-04,TAIWAN,LIST-A6BC126B12C8ACC1,LIST-F66FA10B356B8DDE,IE00B0M63623,ITWN,A2R_CANONICAL_SELECTION,True,2010-08-03,1.0,True,6,SEMANTICALLY_IDENTICAL_IMPLEMENTATION_TRANSITION,YES_SAME_A2R_ECONOMIC_FAMILY,CONTINUE,NO
2010-09-01,TAIWAN,LIST-F66FA10B356B8DDE,LIST-A6BC126B12C8ACC1,IE00B0M63623,IDTW,A2R_CANONICAL_SELECTION,False,,,False,6,PRICE_NOT_AVAILABLE,YES_SAME_A2R_ECONOMIC_FAMILY,RESET_OR_ENDPOINT_UNAVAILABLE,NO
2010-09-02,TAIWAN,LIST-A6BC126B12C8ACC1,LIST-F66FA10B356B8DDE,IE00B0M63623,ITWN,A2R_CANONICAL_SELECTION,True,2010-09-01,1.0,False,6,EXACT_PREVIOUS_XLON_SESSION_ENDPOINT,YES_SAME_A2R_ECONOMIC_FAMILY,RESET_OR_ENDPOINT_UNAVAILABLE,NO
2010-11-18,TAIWAN,LIST-F66FA10B356B8DDE,LIST-A6BC126B12C8ACC1,IE00B0M63623,IDTW,A2R_CANONICAL_SELECTION,True,2010-11-17,,True,7,CONTINUITY_SEGMENT_START_OR_RESET,YES_SAME_A2R_ECONOMIC_FAMILY,RESET_OR_ENDPOINT_UNAVAILABLE,NO
2010-11-19,TAIWAN,LIST-A6BC126B12C8ACC1,LIST-F66FA10B356B8DDE,IE00B0M63623,ITWN,A2R_CANONICAL_SELECTION,True,2010-11-18,1.0,True,7,SEMANTICALLY_IDENTICAL_IMPLEMENTATION_TRANSITION,YES_SAME_A2R_ECONOMIC_FAMILY,CONTINUE,NO
2011-04-15,TAIWAN,LIST-F66FA10B356B8DDE,LIST-EBB91BFA95DBB37F,IE00B3S1J086,HTWN,A2R_CANONICAL_SELECTION,True,2011-04-14,1.0,True,7,SEMANTICALLY_IDENTICAL_IMPLEMENTATION_TRANSITION,YES_SAME_A2R_ECONOMIC_FAMILY,CONTINUE,NO
2011-06-20,TAIWAN,LIST-F66FA10B356B8DDE,LIST-EBB91BFA95DBB37F,IE00B3S1J086,HTWN,A2R_CANONICAL_SELECTION,True,2011-06-17,1.0,True,7,SEMANTICALLY_IDENTICAL_IMPLEMENTATION_TRANSITION,YES_SAME_A2R_ECONOMIC_FAMILY,CONTINUE,NO
2011-06-21,TAIWAN,LIST-EBB91BFA95DBB37F,LIST-F66FA10B356B8DDE,IE00B0M63623,ITWN,A2R_CANONICAL_SELECTION,True,2011-06-20,1.0,True,7,SEMANTICALLY_IDENTICAL_IMPLEMENTATION_TRANSITION,YES_SAME_A2R_ECONOMIC_FAMILY,CONTINUE,NO
2011-08-18,TAIWAN,LIST-F66FA10B356B8DDE,LIST-A6BC126B12C8ACC1,IE00B0M63623,IDTW,A2R_CANONICAL_SELECTION,True,2011-08-17,1.0,True,7,SEMANTICALLY_IDENTICAL_IMPLEMENTATION_TRANSITION,YES_SAME_A2R_ECONOMIC_FAMILY,CONTINUE,NO
2011-08-19,TAIWAN,LIST-A6BC126B12C8ACC1,LIST-F66FA10B356B8DDE,IE00B0M63623,ITWN,A2R_CANONICAL_SELECTION,True,2011-08-18,1.0,True,7,SEMANTICALLY_IDENTICAL_IMPLEMENTATION_TRANSITION,YES_SAME_A2R_ECONOMIC_FAMILY,CONTINUE,NO
2012-08-10,TAIWAN,LIST-F66FA10B356B8DDE,LIST-EBB91BFA95DBB37F,IE00B3S1J086,HTWN,A2R_CANONICAL_SELECTION,False,,,False,7,PRICE_NOT_AVAILABLE,YES_SAME_A2R_ECONOMIC_FAMILY,RESET_OR_ENDPOINT_UNAVAILABLE,NO
2012-08-13,TAIWAN,LIST-EBB91BFA95DBB37F,LIST-F66FA10B356B8DDE,IE00B0M63623,ITWN,A2R_CANONICAL_SELECTION,True,2012-08-10,1.0,False,7,EXACT_PREVIOUS_XLON_SESSION_ENDPOINT,YES_SAME_A2R_ECONOMIC_FAMILY,RESET_OR_ENDPOINT_UNAVAILABLE,NO
2012-10-15,TAIWAN,LIST-F66FA10B356B8DDE,LIST-4AA9A433486EE3C7,IE00B3S1J086,HTWD,A2R_CANONICAL_SELECTION,False,,,False,7,PRICE_NOT_AVAILABLE,YES_SAME_A2R_ECONOMIC_FAMILY,RESET_OR_ENDPOINT_UNAVAILABLE,NO
2012-10-16,TAIWAN,LIST-4AA9A433486EE3C7,LIST-F66FA10B356B8DDE,IE00B0M63623,ITWN,A2R_CANONICAL_SELECTION,True,2012-10-15,1.0,False,7,EXACT_PREVIOUS_XLON_SESSION_ENDPOINT,YES_SAME_A2R_ECONOMIC_FAMILY,RESET_OR_ENDPOINT_UNAVAILABLE,NO
2012-10-19,TAIWAN,LIST-F66FA10B356B8DDE,LIST-A6BC126B12C8ACC1,IE00B0M63623,IDTW,A2R_CANONICAL_SELECTION,True,2012-10-18,1.0,True,7,SEMANTICALLY_IDENTICAL_IMPLEMENTATION_TRANSITION,YES_SAME_A2R_ECONOMIC_FAMILY,CONTINUE,NO
2012-10-22,TAIWAN,LIST-A6BC126B12C8ACC1,LIST-F66FA10B356B8DDE,IE00B0M63623,ITWN,A2R_CANONICAL_SELECTION,True,2012-10-19,1.0,True,7,SEMANTICALLY_IDENTICAL_IMPLEMENTATION_TRANSITION,YES_SAME_A2R_ECONOMIC_FAMILY,CONTINUE,NO
2012-11-15,TAIWAN,LIST-F66FA10B356B8DDE,LIST-A6BC126B12C8ACC1,IE00B0M63623,IDTW,A2R_CANONICAL_SELECTION,True,2012-11-14,1.0,True,7,SEMANTICALLY_IDENTICAL_IMPLEMENTATION_TRANSITION,YES_SAME_A2R_ECONOMIC_FAMILY,CONTINUE,NO
2012-11-16,TAIWAN,LIST-A6BC126B12C8ACC1,LIST-F66FA10B356B8DDE,IE00B0M63623,ITWN,A2R_CANONICAL_SELECTION,True,2012-11-15,1.0,True,7,SEMANTICALLY_IDENTICAL_IMPLEMENTATION_TRANSITION,YES_SAME_A2R_ECONOMIC_FAMILY,CONTINUE,NO
2013-07-26,TAIWAN,LIST-F66FA10B356B8DDE,LIST-EBB91BFA95DBB37F,IE00B3S1J086,HTWN,A2R_CANONICAL_SELECTION,True,2013-07-25,1.0,True,7,SEMANTICALLY_IDENTICAL_IMPLEMENTATION_TRANSITION,YES_SAME_A2R_ECONOMIC_FAMILY,CONTINUE,NO
2013-07-30,TAIWAN,LIST-EBB91BFA95DBB37F,LIST-F66FA10B356B8DDE,IE00B0M63623,ITWN,A2R_CANONICAL_SELECTION,True,2013-07-29,1.0,True,7,SEMANTICALLY_IDENTICAL_IMPLEMENTATION_TRANSITION,YES_SAME_A2R_ECONOMIC_FAMILY,CONTINUE,NO
2013-09-03,TAIWAN,LIST-F66FA10B356B8DDE,LIST-EBB91BFA95DBB37F,IE00B3S1J086,HTWN,A2R_CANONICAL_SELECTION,True,2013-09-02,1.0,True,7,SEMANTICALLY_IDENTICAL_IMPLEMENTATION_TRANSITION,YES_SAME_A2R_ECONOMIC_FAMILY,CONTINUE,NO
2013-09-04,TAIWAN,LIST-EBB91BFA95DBB37F,LIST-F66FA10B356B8DDE,IE00B0M63623,ITWN,A2R_CANONICAL_SELECTION,True,2013-09-03,1.0,True,7,SEMANTICALLY_IDENTICAL_IMPLEMENTATION_TRANSITION,YES_SAME_A2R_ECONOMIC_FAMILY,CONTINUE,NO
2013-09-18,TAIWAN,LIST-F66FA10B356B8DDE,LIST-EBB91BFA95DBB37F,IE00B3S1J086,HTWN,A2R_CANONICAL_SELECTION,True,2013-09-17,1.0,True,7,SEMANTICALLY_IDENTICAL_IMPLEMENTATION_TRANSITION,YES_SAME_A2R_ECONOMIC_FAMILY,CONTINUE,NO
2013-09-19,TAIWAN,LIST-EBB91BFA95DBB37F,LIST-F66FA10B356B8DDE,IE00B0M63623,ITWN,A2R_CANONICAL_SELECTION,True,2013-09-18,1.0,True,7,SEMANTICALLY_IDENTICAL_IMPLEMENTATION_TRANSITION,YES_SAME_A2R_ECONOMIC_FAMILY,CONTINUE,NO
2013-12-10,TAIWAN,LIST-F66FA10B356B8DDE,LIST-EBB91BFA95DBB37F,IE00B3S1J086,HTWN,A2R_CANONICAL_SELECTION,True,2013-12-09,1.0,True,7,SEMANTICALLY_IDENTICAL_IMPLEMENTATION_TRANSITION,YES_SAME_A2R_ECONOMIC_FAMILY,CONTINUE,NO
2013-12-11,TAIWAN,LIST-EBB91BFA95DBB37F,LIST-F66FA10B356B8DDE,IE00B0M63623,ITWN,A2R_CANONICAL_SELECTION,True,2013-12-10,1.0,True,7,SEMANTICALLY_IDENTICAL_IMPLEMENTATION_TRANSITION,YES_SAME_A2R_ECONOMIC_FAMILY,CONTINUE,NO
2013-12-16,TAIWAN,LIST-F66FA10B356B8DDE,LIST-EBB91BFA95DBB37F,IE00B3S1J086,HTWN,A2R_CANONICAL_SELECTION,True,2013-12-13,1.0,True,7,SEMANTICALLY_IDENTICAL_IMPLEMENTATION_TRANSITION,YES_SAME_A2R_ECONOMIC_FAMILY,CONTINUE,NO
2013-12-17,TAIWAN,LIST-EBB91BFA95DBB37F,LIST-F66FA10B356B8DDE,IE00B0M63623,ITWN,A2R_CANONICAL_SELECTION,True,2013-12-16,1.0,True,7,SEMANTICALLY_IDENTICAL_IMPLEMENTATION_TRANSITION,YES_SAME_A2R_ECONOMIC_FAMILY,CONTINUE,NO
2014-01-06,TAIWAN,LIST-F66FA10B356B8DDE,LIST-EBB91BFA95DBB37F,IE00B3S1J086,HTWN,A2R_CANONICAL_SELECTION,True,2014-01-03,1.0,True,7,SEMANTICALLY_IDENTICAL_IMPLEMENTATION_TRANSITION,YES_SAME_A2R_ECONOMIC_FAMILY,CONTINUE,NO
2014-01-07,TAIWAN,LIST-EBB91BFA95DBB37F,LIST-F66FA10B356B8DDE,IE00B0M63623,ITWN,A2R_CANONICAL_SELECTION,True,2014-01-06,1.0,True,7,SEMANTICALLY_IDENTICAL_IMPLEMENTATION_TRANSITION,YES_SAME_A2R_ECONOMIC_FAMILY,CONTINUE,NO
2014-02-10,TAIWAN,LIST-F66FA10B356B8DDE,LIST-EBB91BFA95DBB37F,IE00B3S1J086,HTWN,A2R_CANONICAL_SELECTION,True,2014-02-07,1.0,True,7,SEMANTICALLY_IDENTICAL_IMPLEMENTATION_TRANSITION,YES_SAME_A2R_ECONOMIC_FAMILY,CONTINUE,NO
2014-02-11,TAIWAN,LIST-EBB91BFA95DBB37F,LIST-F66FA10B356B8DDE,IE00B0M63623,ITWN,A2R_CANONICAL_SELECTION,True,2014-02-10,1.0,True,7,SEMANTICALLY_IDENTICAL_IMPLEMENTATION_TRANSITION,YES_SAME_A2R_ECONOMIC_FAMILY,CONTINUE,NO
2014-05-06,TAIWAN,LIST-F66FA10B356B8DDE,LIST-EBB91BFA95DBB37F,IE00B3S1J086,HTWN,A2R_CANONICAL_SELECTION,True,2014-05-02,1.0,True,7,SEMANTICALLY_IDENTICAL_IMPLEMENTATION_TRANSITION,YES_SAME_A2R_ECONOMIC_FAMILY,CONTINUE,NO
2014-05-07,TAIWAN,LIST-EBB91BFA95DBB37F,LIST-F66FA10B356B8DDE,IE00B0M63623,ITWN,A2R_CANONICAL_SELECTION,True,2014-05-06,1.0,True,7,SEMANTICALLY_IDENTICAL_IMPLEMENTATION_TRANSITION,YES_SAME_A2R_ECONOMIC_FAMILY,CONTINUE,NO
2014-05-12,TAIWAN,LIST-F66FA10B356B8DDE,LIST-EBB91BFA95DBB37F,IE00B3S1J086,HTWN,A2R_CANONICAL_SELECTION,True,2014-05-09,1.0,True,7,SEMANTICALLY_IDENTICAL_IMPLEMENTATION_TRANSITION,YES_SAME_A2R_ECONOMIC_FAMILY,CONTINUE,NO
2014-05-14,TAIWAN,LIST-EBB91BFA95DBB37F,LIST-F66FA10B356B8DDE,IE00B0M63623,ITWN,A2R_CANONICAL_SELECTION,True,2014-05-13,1.0,True,7,SEMANTICALLY_IDENTICAL_IMPLEMENTATION_TRANSITION,YES_SAME_A2R_ECONOMIC_FAMILY,CONTINUE,NO
2014-05-28,TAIWAN,LIST-F66FA10B356B8DDE,LIST-EBB91BFA95DBB37F,IE00B3S1J086,HTWN,A2R_CANONICAL_SELECTION,True,2014-05-27,1.0,True,7,SEMANTICALLY_IDENTICAL_IMPLEMENTATION_TRANSITION,YES_SAME_A2R_ECONOMIC_FAMILY,CONTINUE,NO
2014-05-29,TAIWAN,LIST-EBB91BFA95DBB37F,LIST-F66FA10B356B8DDE,IE00B0M63623,ITWN,A2R_CANONICAL_SELECTION,False,,,False,7,PRICE_NOT_AVAILABLE,YES_SAME_A2R_ECONOMIC_FAMILY,RESET_OR_ENDPOINT_UNAVAILABLE,NO
2014-05-30,TAIWAN,LIST-F66FA10B356B8DDE,LIST-EBB91BFA95DBB37F,IE00B3S1J086,HTWN,A2R_CANONICAL_SELECTION,True,2014-05-29,1.0,False,7,EXACT_PREVIOUS_XLON_SESSION_ENDPOINT,YES_SAME_A2R_ECONOMIC_FAMILY,RESET_OR_ENDPOINT_UNAVAILABLE,NO
2014-06-03,TAIWAN,LIST-EBB91BFA95DBB37F,LIST-F66FA10B356B8DDE,IE00B0M63623,ITWN,A2R_CANONICAL_SELECTION,False,,,False,7,PRICE_NOT_AVAILABLE,YES_SAME_A2R_ECONOMIC_FAMILY,RESET_OR_ENDPOINT_UNAVAILABLE,NO
2014-06-04,TAIWAN,LIST-F66FA10B356B8DDE,LIST-EBB91BFA95DBB37F,IE00B3S1J086,HTWN,A2R_CANONICAL_SELECTION,True,2014-06-03,1.0,False,7,EXACT_PREVIOUS_XLON_SESSION_ENDPOINT,YES_SAME_A2R_ECONOMIC_FAMILY,RESET_OR_ENDPOINT_UNAVAILABLE,NO
2014-06-05,TAIWAN,LIST-EBB91BFA95DBB37F,LIST-F66FA10B356B8DDE,IE00B0M63623,ITWN,A2R_CANONICAL_SELECTION,True,2014-06-04,1.0,True,7,SEMANTICALLY_IDENTICAL_IMPLEMENTATION_TRANSITION,YES_SAME_A2R_ECONOMIC_FAMILY,CONTINUE,NO
2014-06-27,TAIWAN,LIST-F66FA10B356B8DDE,LIST-EBB91BFA95DBB37F,IE00B3S1J086,HTWN,A2R_CANONICAL_SELECTION,True,2014-06-26,1.0,True,7,SEMANTICALLY_IDENTICAL_IMPLEMENTATION_TRANSITION,YES_SAME_A2R_ECONOMIC_FAMILY,CONTINUE,NO
2014-06-30,TAIWAN,LIST-EBB91BFA95DBB37F,LIST-F66FA10B356B8DDE,IE00B0M63623,ITWN,A2R_CANONICAL_SELECTION,True,2014-06-27,1.0,True,7,SEMANTICALLY_IDENTICAL_IMPLEMENTATION_TRANSITION,YES_SAME_A2R_ECONOMIC_FAMILY,CONTINUE,NO
2014-07-21,TAIWAN,LIST-F66FA10B356B8DDE,LIST-EBB91BFA95DBB37F,IE00B3S1J086,HTWN,A2R_CANONICAL_SELECTION,True,2014-07-18,1.0,True,7,SEMANTICALLY_IDENTICAL_IMPLEMENTATION_TRANSITION,YES_SAME_A2R_ECONOMIC_FAMILY,CONTINUE,NO
2014-07-22,TAIWAN,LIST-EBB91BFA95DBB37F,LIST-F66FA10B356B8DDE,IE00B0M63623,ITWN,A2R_CANONICAL_SELECTION,True,2014-07-21,1.0,True,7,SEMANTICALLY_IDENTICAL_IMPLEMENTATION_TRANSITION,YES_SAME_A2R_ECONOMIC_FAMILY,CONTINUE,NO
2014-07-28,TAIWAN,LIST-F66FA10B356B8DDE,LIST-EBB91BFA95DBB37F,IE00B3S1J086,HTWN,A2R_CANONICAL_SELECTION,True,2014-07-25,1.0,True,7,SEMANTICALLY_IDENTICAL_IMPLEMENTATION_TRANSITION,YES_SAME_A2R_ECONOMIC_FAMILY,CONTINUE,NO
2014-07-29,TAIWAN,LIST-EBB91BFA95DBB37F,LIST-F66FA10B356B8DDE,IE00B0M63623,ITWN,A2R_CANONICAL_SELECTION,True,2014-07-28,1.0,True,7,SEMANTICALLY_IDENTICAL_IMPLEMENTATION_TRANSITION,YES_SAME_A2R_ECONOMIC_FAMILY,CONTINUE,NO
2014-08-01,TAIWAN,LIST-F66FA10B356B8DDE,LIST-EBB91BFA95DBB37F,IE00B3S1J086,HTWN,A2R_CANONICAL_SELECTION,True,2014-07-31,1.0,True,7,SEMANTICALLY_IDENTICAL_IMPLEMENTATION_TRANSITION,YES_SAME_A2R_ECONOMIC_FAMILY,CONTINUE,NO
2014-08-04,TAIWAN,LIST-EBB91BFA95DBB37F,LIST-F66FA10B356B8DDE,IE00B0M63623,ITWN,A2R_CANONICAL_SELECTION,True,2014-08-01,1.0,True,7,SEMANTICALLY_IDENTICAL_IMPLEMENTATION_TRANSITION,YES_SAME_A2R_ECONOMIC_FAMILY,CONTINUE,NO
2014-08-14,TAIWAN,LIST-F66FA10B356B8DDE,LIST-EBB91BFA95DBB37F,IE00B3S1J086,HTWN,A2R_CANONICAL_SELECTION,True,2014-08-13,1.0,True,7,SEMANTICALLY_IDENTICAL_IMPLEMENTATION_TRANSITION,YES_SAME_A2R_ECONOMIC_FAMILY,CONTINUE,NO
2014-08-15,TAIWAN,LIST-EBB91BFA95DBB37F,LIST-F66FA10B356B8DDE,IE00B0M63623,ITWN,A2R_CANONICAL_SELECTION,True,2014-08-14,1.0,True,7,SEMANTICALLY_IDENTICAL_IMPLEMENTATION_TRANSITION,YES_SAME_A2R_ECONOMIC_FAMILY,CONTINUE,NO
2014-10-01,TAIWAN,LIST-F66FA10B356B8DDE,LIST-EBB91BFA95DBB37F,IE00B3S1J086,HTWN,A2R_CANONICAL_SELECTION,True,2014-09-30,1.0,True,7,SEMANTICALLY_IDENTICAL_IMPLEMENTATION_TRANSITION,YES_SAME_A2R_ECONOMIC_FAMILY,CONTINUE,NO
2014-10-02,TAIWAN,LIST-EBB91BFA95DBB37F,LIST-F66FA10B356B8DDE,IE00B0M63623,ITWN,A2R_CANONICAL_SELECTION,True,2014-10-01,1.0,True,7,SEMANTICALLY_IDENTICAL_IMPLEMENTATION_TRANSITION,YES_SAME_A2R_ECONOMIC_FAMILY,CONTINUE,NO
2014-10-08,TAIWAN,LIST-F66FA10B356B8DDE,LIST-EBB91BFA95DBB37F,IE00B3S1J086,HTWN,A2R_CANONICAL_SELECTION,True,2014-10-07,1.0,True,7,SEMANTICALLY_IDENTICAL_IMPLEMENTATION_TRANSITION,YES_SAME_A2R_ECONOMIC_FAMILY,CONTINUE,NO
2014-10-09,TAIWAN,LIST-EBB91BFA95DBB37F,LIST-F66FA10B356B8DDE,IE00B0M63623,ITWN,A2R_CANONICAL_SELECTION,True,2014-10-08,1.0,True,7,SEMANTICALLY_IDENTICAL_IMPLEMENTATION_TRANSITION,YES_SAME_A2R_ECONOMIC_FAMILY,CONTINUE,NO
2014-10-24,TAIWAN,LIST-F66FA10B356B8DDE,LIST-EBB91BFA95DBB37F,IE00B3S1J086,HTWN,A2R_CANONICAL_SELECTION,True,2014-10-23,1.0,True,7,SEMANTICALLY_IDENTICAL_IMPLEMENTATION_TRANSITION,YES_SAME_A2R_ECONOMIC_FAMILY,CONTINUE,NO
2014-10-28,TAIWAN,LIST-EBB91BFA95DBB37F,LIST-F66FA10B356B8DDE,IE00B0M63623,ITWN,A2R_CANONICAL_SELECTION,True,2014-10-27,1.0,True,7,SEMANTICALLY_IDENTICAL_IMPLEMENTATION_TRANSITION,YES_SAME_A2R_ECONOMIC_FAMILY,CONTINUE,NO
2014-10-31,TAIWAN,LIST-F66FA10B356B8DDE,LIST-EBB91BFA95DBB37F,IE00B3S1J086,HTWN,A2R_CANONICAL_SELECTION,True,2014-10-30,1.0,True,7,SEMANTICALLY_IDENTICAL_IMPLEMENTATION_TRANSITION,YES_SAME_A2R_ECONOMIC_FAMILY,CONTINUE,NO
2014-11-03,TAIWAN,LIST-EBB91BFA95DBB37F,LIST-F66FA10B356B8DDE,IE00B0M63623,ITWN,A2R_CANONICAL_SELECTION,False,,,False,7,PRICE_NOT_AVAILABLE,YES_SAME_A2R_ECONOMIC_FAMILY,RESET_OR_ENDPOINT_UNAVAILABLE,NO
2014-11-04,TAIWAN,LIST-F66FA10B356B8DDE,LIST-EBB91BFA95DBB37F,IE00B3S1J086,HTWN,A2R_CANONICAL_SELECTION,True,2014-11-03,1.0,False,7,EXACT_PREVIOUS_XLON_SESSION_ENDPOINT,YES_SAME_A2R_ECONOMIC_FAMILY,RESET_OR_ENDPOINT_UNAVAILABLE,NO
2014-11-05,TAIWAN,LIST-EBB91BFA95DBB37F,LIST-F66FA10B356B8DDE,IE00B0M63623,ITWN,A2R_CANONICAL_SELECTION,True,2014-11-04,1.0,True,7,SEMANTICALLY_IDENTICAL_IMPLEMENTATION_TRANSITION,YES_SAME_A2R_ECONOMIC_FAMILY,CONTINUE,NO
2014-11-10,TAIWAN,LIST-F66FA10B356B8DDE,LIST-EBB91BFA95DBB37F,IE00B3S1J086,HTWN,A2R_CANONICAL_SELECTION,True,2014-11-07,1.0,True,7,SEMANTICALLY_IDENTICAL_IMPLEMENTATION_TRANSITION,YES_SAME_A2R_ECONOMIC_FAMILY,CONTINUE,NO
2014-11-11,TAIWAN,LIST-EBB91BFA95DBB37F,LIST-F66FA10B356B8DDE,IE00B0M63623,ITWN,A2R_CANONICAL_SELECTION,False,,,False,7,PRICE_NOT_AVAILABLE,YES_SAME_A2R_ECONOMIC_FAMILY,RESET_OR_ENDPOINT_UNAVAILABLE,NO
2014-11-12,TAIWAN,LIST-F66FA10B356B8DDE,LIST-EBB91BFA95DBB37F,IE00B3S1J086,HTWN,A2R_CANONICAL_SELECTION,True,2014-11-11,1.0,False,7,EXACT_PREVIOUS_XLON_SESSION_ENDPOINT,YES_SAME_A2R_ECONOMIC_FAMILY,RESET_OR_ENDPOINT_UNAVAILABLE,NO
2014-11-13,TAIWAN,LIST-EBB91BFA95DBB37F,LIST-F66FA10B356B8DDE,IE00B0M63623,ITWN,A2R_CANONICAL_SELECTION,True,2014-11-12,1.0,True,7,SEMANTICALLY_IDENTICAL_IMPLEMENTATION_TRANSITION,YES_SAME_A2R_ECONOMIC_FAMILY,CONTINUE,NO
2014-11-20,TAIWAN,LIST-F66FA10B356B8DDE,LIST-EBB91BFA95DBB37F,IE00B3S1J086,HTWN,A2R_CANONICAL_SELECTION,True,2014-11-19,1.0,True,7,SEMANTICALLY_IDENTICAL_IMPLEMENTATION_TRANSITION,YES_SAME_A2R_ECONOMIC_FAMILY,CONTINUE,NO
2014-11-24,TAIWAN,LIST-EBB91BFA95DBB37F,LIST-F66FA10B356B8DDE,IE00B0M63623,ITWN,A2R_CANONICAL_SELECTION,True,2014-11-21,1.0,True,7,SEMANTICALLY_IDENTICAL_IMPLEMENTATION_TRANSITION,YES_SAME_A2R_ECONOMIC_FAMILY,CONTINUE,NO
2014-12-23,TAIWAN,LIST-F66FA10B356B8DDE,LIST-EBB91BFA95DBB37F,IE00B3S1J086,HTWN,A2R_CANONICAL_SELECTION,True,2014-12-22,1.0,True,7,SEMANTICALLY_IDENTICAL_IMPLEMENTATION_TRANSITION,YES_SAME_A2R_ECONOMIC_FAMILY,CONTINUE,NO
2014-12-29,TAIWAN,LIST-EBB91BFA95DBB37F,LIST-F66FA10B356B8DDE,IE00B0M63623,ITWN,A2R_CANONICAL_SELECTION,True,2014-12-24,1.0,True,7,SEMANTICALLY_IDENTICAL_IMPLEMENTATION_TRANSITION,YES_SAME_A2R_ECONOMIC_FAMILY,CONTINUE,NO
2015-01-27,TAIWAN,LIST-F66FA10B356B8DDE,LIST-EBB91BFA95DBB37F,IE00B3S1J086,HTWN,A2R_CANONICAL_SELECTION,True,2015-01-26,1.0,True,7,SEMANTICALLY_IDENTICAL_IMPLEMENTATION_TRANSITION,YES_SAME_A2R_ECONOMIC_FAMILY,CONTINUE,NO
2015-01-28,TAIWAN,LIST-EBB91BFA95DBB37F,LIST-F66FA10B356B8DDE,IE00B0M63623,ITWN,A2R_CANONICAL_SELECTION,True,2015-01-27,1.0,True,7,SEMANTICALLY_IDENTICAL_IMPLEMENTATION_TRANSITION,YES_SAME_A2R_ECONOMIC_FAMILY,CONTINUE,NO
2015-05-01,TAIWAN,LIST-F66FA10B356B8DDE,LIST-EBB91BFA95DBB37F,IE00B3S1J086,HTWN,A2R_CANONICAL_SELECTION,True,2015-04-30,1.0,True,7,SEMANTICALLY_IDENTICAL_IMPLEMENTATION_TRANSITION,YES_SAME_A2R_ECONOMIC_FAMILY,CONTINUE,NO
2015-05-05,TAIWAN,LIST-EBB91BFA95DBB37F,LIST-F66FA10B356B8DDE,IE00B0M63623,ITWN,A2R_CANONICAL_SELECTION,True,2015-05-01,1.0,True,7,SEMANTICALLY_IDENTICAL_IMPLEMENTATION_TRANSITION,YES_SAME_A2R_ECONOMIC_FAMILY,CONTINUE,NO
2015-05-14,TAIWAN,LIST-F66FA10B356B8DDE,LIST-EBB91BFA95DBB37F,IE00B3S1J086,HTWN,A2R_CANONICAL_SELECTION,True,2015-05-13,1.0,True,7,SEMANTICALLY_IDENTICAL_IMPLEMENTATION_TRANSITION,YES_SAME_A2R_ECONOMIC_FAMILY,CONTINUE,NO
2015-05-15,TAIWAN,LIST-EBB91BFA95DBB37F,LIST-F66FA10B356B8DDE,IE00B0M63623,ITWN,A2R_CANONICAL_SELECTION,True,2015-05-14,1.0,True,7,SEMANTICALLY_IDENTICAL_IMPLEMENTATION_TRANSITION,YES_SAME_A2R_ECONOMIC_FAMILY,CONTINUE,NO
2015-05-28,TAIWAN,LIST-F66FA10B356B8DDE,LIST-EBB91BFA95DBB37F,IE00B3S1J086,HTWN,A2R_CANONICAL_SELECTION,True,2015-05-27,1.0,True,7,SEMANTICALLY_IDENTICAL_IMPLEMENTATION_TRANSITION,YES_SAME_A2R_ECONOMIC_FAMILY,CONTINUE,NO
2015-05-29,TAIWAN,LIST-EBB91BFA95DBB37F,LIST-F66FA10B356B8DDE,IE00B0M63623,ITWN,A2R_CANONICAL_SELECTION,True,2015-05-28,1.0,True,7,SEMANTICALLY_IDENTICAL_IMPLEMENTATION_TRANSITION,YES_SAME_A2R_ECONOMIC_FAMILY,CONTINUE,NO
2015-06-15,TAIWAN,LIST-F66FA10B356B8DDE,LIST-EBB91BFA95DBB37F,IE00B3S1J086,HTWN,A2R_CANONICAL_SELECTION,True,2015-06-12,1.0,True,7,SEMANTICALLY_IDENTICAL_IMPLEMENTATION_TRANSITION,YES_SAME_A2R_ECONOMIC_FAMILY,CONTINUE,NO
2015-06-16,TAIWAN,LIST-EBB91BFA95DBB37F,LIST-F66FA10B356B8DDE,IE00B0M63623,ITWN,A2R_CANONICAL_SELECTION,True,2015-06-15,1.0,True,7,SEMANTICALLY_IDENTICAL_IMPLEMENTATION_TRANSITION,YES_SAME_A2R_ECONOMIC_FAMILY,CONTINUE,NO
2015-07-16,TAIWAN,LIST-F66FA10B356B8DDE,LIST-EBB91BFA95DBB37F,IE00B3S1J086,HTWN,A2R_CANONICAL_SELECTION,True,2015-07-15,1.0,True,7,SEMANTICALLY_IDENTICAL_IMPLEMENTATION_TRANSITION,YES_SAME_A2R_ECONOMIC_FAMILY,CONTINUE,NO
2015-07-17,TAIWAN,LIST-EBB91BFA95DBB37F,LIST-F66FA10B356B8DDE,IE00B0M63623,ITWN,A2R_CANONICAL_SELECTION,True,2015-07-16,1.0,True,7,SEMANTICALLY_IDENTICAL_IMPLEMENTATION_TRANSITION,YES_SAME_A2R_ECONOMIC_FAMILY,CONTINUE,NO
2015-07-24,TAIWAN,LIST-F66FA10B356B8DDE,LIST-EBB91BFA95DBB37F,IE00B3S1J086,HTWN,A2R_CANONICAL_SELECTION,True,2015-07-23,1.0,True,7,SEMANTICALLY_IDENTICAL_IMPLEMENTATION_TRANSITION,YES_SAME_A2R_ECONOMIC_FAMILY,CONTINUE,NO
2015-07-27,TAIWAN,LIST-EBB91BFA95DBB37F,LIST-F66FA10B356B8DDE,IE00B0M63623,ITWN,A2R_CANONICAL_SELECTION,True,2015-07-24,1.0,True,7,SEMANTICALLY_IDENTICAL_IMPLEMENTATION_TRANSITION,YES_SAME_A2R_ECONOMIC_FAMILY,CONTINUE,NO
2015-08-03,TAIWAN,LIST-F66FA10B356B8DDE,LIST-EBB91BFA95DBB37F,IE00B3S1J086,HTWN,A2R_CANONICAL_SELECTION,True,2015-07-31,1.0,True,7,SEMANTICALLY_IDENTICAL_IMPLEMENTATION_TRANSITION,YES_SAME_A2R_ECONOMIC_FAMILY,CONTINUE,NO
2015-08-04,TAIWAN,LIST-EBB91BFA95DBB37F,LIST-F66FA10B356B8DDE,IE00B0M63623,ITWN,A2R_CANONICAL_SELECTION,True,2015-08-03,1.0,True,7,SEMANTICALLY_IDENTICAL_IMPLEMENTATION_TRANSITION,YES_SAME_A2R_ECONOMIC_FAMILY,CONTINUE,NO
2015-09-04,TAIWAN,LIST-F66FA10B356B8DDE,LIST-EBB91BFA95DBB37F,IE00B3S1J086,HTWN,A2R_CANONICAL_SELECTION,True,2015-09-03,1.0,True,7,SEMANTICALLY_IDENTICAL_IMPLEMENTATION_TRANSITION,YES_SAME_A2R_ECONOMIC_FAMILY,CONTINUE,NO
2015-09-09,TAIWAN,LIST-EBB91BFA95DBB37F,LIST-F66FA10B356B8DDE,IE00B0M63623,ITWN,A2R_CANONICAL_SELECTION,True,2015-09-08,1.0,True,7,SEMANTICALLY_IDENTICAL_IMPLEMENTATION_TRANSITION,YES_SAME_A2R_ECONOMIC_FAMILY,CONTINUE,NO
2015-09-14,TAIWAN,LIST-F66FA10B356B8DDE,LIST-EBB91BFA95DBB37F,IE00B3S1J086,HTWN,A2R_CANONICAL_SELECTION,True,2015-09-11,1.0,True,7,SEMANTICALLY_IDENTICAL_IMPLEMENTATION_TRANSITION,YES_SAME_A2R_ECONOMIC_FAMILY,CONTINUE,NO
2015-09-15,TAIWAN,LIST-EBB91BFA95DBB37F,LIST-F66FA10B356B8DDE,IE00B0M63623,ITWN,A2R_CANONICAL_SELECTION,True,2015-09-14,1.0,True,7,SEMANTICALLY_IDENTICAL_IMPLEMENTATION_TRANSITION,YES_SAME_A2R_ECONOMIC_FAMILY,CONTINUE,NO
2015-09-24,TAIWAN,LIST-F66FA10B356B8DDE,LIST-EBB91BFA95DBB37F,IE00B3S1J086,HTWN,A2R_CANONICAL_SELECTION,True,2015-09-23,1.0,True,7,SEMANTICALLY_IDENTICAL_IMPLEMENTATION_TRANSITION,YES_SAME_A2R_ECONOMIC_FAMILY,CONTINUE,NO
2015-09-25,TAIWAN,LIST-EBB91BFA95DBB37F,LIST-F66FA10B356B8DDE,IE00B0M63623,ITWN,A2R_CANONICAL_SELECTION,True,2015-09-24,1.0,True,7,SEMANTICALLY_IDENTICAL_IMPLEMENTATION_TRANSITION,YES_SAME_A2R_ECONOMIC_FAMILY,CONTINUE,NO
2015-10-05,TAIWAN,LIST-F66FA10B356B8DDE,LIST-EBB91BFA95DBB37F,IE00B3S1J086,HTWN,A2R_CANONICAL_SELECTION,True,2015-10-02,1.0,True,7,SEMANTICALLY_IDENTICAL_IMPLEMENTATION_TRANSITION,YES_SAME_A2R_ECONOMIC_FAMILY,CONTINUE,NO
2015-10-06,TAIWAN,LIST-EBB91BFA95DBB37F,LIST-F66FA10B356B8DDE,IE00B0M63623,ITWN,A2R_CANONICAL_SELECTION,True,2015-10-05,1.0,True,7,SEMANTICALLY_IDENTICAL_IMPLEMENTATION_TRANSITION,YES_SAME_A2R_ECONOMIC_FAMILY,CONTINUE,NO
2015-11-27,TAIWAN,LIST-F66FA10B356B8DDE,LIST-EBB91BFA95DBB37F,IE00B3S1J086,HTWN,A2R_CANONICAL_SELECTION,True,2015-11-26,1.0,True,7,SEMANTICALLY_IDENTICAL_IMPLEMENTATION_TRANSITION,YES_SAME_A2R_ECONOMIC_FAMILY,CONTINUE,NO
2015-11-30,TAIWAN,LIST-EBB91BFA95DBB37F,LIST-F66FA10B356B8DDE,IE00B0M63623,ITWN,A2R_CANONICAL_SELECTION,True,2015-11-27,1.0,True,7,SEMANTICALLY_IDENTICAL_IMPLEMENTATION_TRANSITION,YES_SAME_A2R_ECONOMIC_FAMILY,CONTINUE,NO
2016-01-04,TAIWAN,LIST-F66FA10B356B8DDE,LIST-EBB91BFA95DBB37F,IE00B3S1J086,HTWN,A2R_CANONICAL_SELECTION,True,2015-12-31,1.0,True,7,SEMANTICALLY_IDENTICAL_IMPLEMENTATION_TRANSITION,YES_SAME_A2R_ECONOMIC_FAMILY,CONTINUE,NO
2016-01-05,TAIWAN,LIST-EBB91BFA95DBB37F,LIST-F66FA10B356B8DDE,IE00B0M63623,ITWN,A2R_CANONICAL_SELECTION,True,2016-01-04,1.0,True,7,SEMANTICALLY_IDENTICAL_IMPLEMENTATION_TRANSITION,YES_SAME_A2R_ECONOMIC_FAMILY,CONTINUE,NO
2016-01-12,TAIWAN,LIST-F66FA10B356B8DDE,LIST-EBB91BFA95DBB37F,IE00B3S1J086,HTWN,A2R_CANONICAL_SELECTION,True,2016-01-11,1.0,True,7,SEMANTICALLY_IDENTICAL_IMPLEMENTATION_TRANSITION,YES_SAME_A2R_ECONOMIC_FAMILY,CONTINUE,NO
2016-01-13,TAIWAN,LIST-EBB91BFA95DBB37F,LIST-F66FA10B356B8DDE,IE00B0M63623,ITWN,A2R_CANONICAL_SELECTION,True,2016-01-12,1.0,True,7,SEMANTICALLY_IDENTICAL_IMPLEMENTATION_TRANSITION,YES_SAME_A2R_ECONOMIC_FAMILY,CONTINUE,NO
2016-04-04,TAIWAN,LIST-F66FA10B356B8DDE,LIST-EBB91BFA95DBB37F,IE00B3S1J086,HTWN,A2R_CANONICAL_SELECTION,True,2016-04-01,1.0,True,7,SEMANTICALLY_IDENTICAL_IMPLEMENTATION_TRANSITION,YES_SAME_A2R_ECONOMIC_FAMILY,CONTINUE,NO
2016-04-05,TAIWAN,LIST-EBB91BFA95DBB37F,LIST-F66FA10B356B8DDE,IE00B0M63623,ITWN,A2R_CANONICAL_SELECTION,True,2016-04-04,1.0,True,7,SEMANTICALLY_IDENTICAL_IMPLEMENTATION_TRANSITION,YES_SAME_A2R_ECONOMIC_FAMILY,CONTINUE,NO
2016-05-16,TAIWAN,LIST-F66FA10B356B8DDE,LIST-EBB91BFA95DBB37F,IE00B3S1J086,HTWN,A2R_CANONICAL_SELECTION,True,2016-05-13,1.0,True,7,SEMANTICALLY_IDENTICAL_IMPLEMENTATION_TRANSITION,YES_SAME_A2R_ECONOMIC_FAMILY,CONTINUE,NO
2016-05-17,TAIWAN,LIST-EBB91BFA95DBB37F,LIST-F66FA10B356B8DDE,IE00B0M63623,ITWN,A2R_CANONICAL_SELECTION,True,2016-05-16,1.0,True,7,SEMANTICALLY_IDENTICAL_IMPLEMENTATION_TRANSITION,YES_SAME_A2R_ECONOMIC_FAMILY,CONTINUE,NO
2016-05-20,TAIWAN,LIST-F66FA10B356B8DDE,LIST-EBB91BFA95DBB37F,IE00B3S1J086,HTWN,A2R_CANONICAL_SELECTION,True,2016-05-19,1.0,True,7,SEMANTICALLY_IDENTICAL_IMPLEMENTATION_TRANSITION,YES_SAME_A2R_ECONOMIC_FAMILY,CONTINUE,NO
2016-05-24,TAIWAN,LIST-EBB91BFA95DBB37F,LIST-F66FA10B356B8DDE,IE00B0M63623,ITWN,A2R_CANONICAL_SELECTION,True,2016-05-23,1.0,True,7,SEMANTICALLY_IDENTICAL_IMPLEMENTATION_TRANSITION,YES_SAME_A2R_ECONOMIC_FAMILY,CONTINUE,NO
2016-05-27,TAIWAN,LIST-F66FA10B356B8DDE,LIST-EBB91BFA95DBB37F,IE00B3S1J086,HTWN,A2R_CANONICAL_SELECTION,True,2016-05-26,1.0,True,7,SEMANTICALLY_IDENTICAL_IMPLEMENTATION_TRANSITION,YES_SAME_A2R_ECONOMIC_FAMILY,CONTINUE,NO
2016-06-01,TAIWAN,LIST-EBB91BFA95DBB37F,LIST-F66FA10B356B8DDE,IE00B0M63623,ITWN,A2R_CANONICAL_SELECTION,True,2016-05-31,1.0,True,7,SEMANTICALLY_IDENTICAL_IMPLEMENTATION_TRANSITION,YES_SAME_A2R_ECONOMIC_FAMILY,CONTINUE,NO
2016-06-07,TAIWAN,LIST-F66FA10B356B8DDE,LIST-EBB91BFA95DBB37F,IE00B3S1J086,HTWN,A2R_CANONICAL_SELECTION,True,2016-06-06,1.0,True,7,SEMANTICALLY_IDENTICAL_IMPLEMENTATION_TRANSITION,YES_SAME_A2R_ECONOMIC_FAMILY,CONTINUE,NO
2016-06-08,TAIWAN,LIST-EBB91BFA95DBB37F,LIST-F66FA10B356B8DDE,IE00B0M63623,ITWN,A2R_CANONICAL_SELECTION,True,2016-06-07,1.0,True,7,SEMANTICALLY_IDENTICAL_IMPLEMENTATION_TRANSITION,YES_SAME_A2R_ECONOMIC_FAMILY,CONTINUE,NO
2016-07-06,TAIWAN,LIST-F66FA10B356B8DDE,LIST-EBB91BFA95DBB37F,IE00B3S1J086,HTWN,A2R_CANONICAL_SELECTION,True,2016-07-05,1.0,True,7,SEMANTICALLY_IDENTICAL_IMPLEMENTATION_TRANSITION,YES_SAME_A2R_ECONOMIC_FAMILY,CONTINUE,NO
2016-07-07,TAIWAN,LIST-EBB91BFA95DBB37F,LIST-F66FA10B356B8DDE,IE00B0M63623,ITWN,A2R_CANONICAL_SELECTION,True,2016-07-06,1.0,True,7,SEMANTICALLY_IDENTICAL_IMPLEMENTATION_TRANSITION,YES_SAME_A2R_ECONOMIC_FAMILY,CONTINUE,NO
2016-09-14,TAIWAN,LIST-F66FA10B356B8DDE,LIST-EBB91BFA95DBB37F,IE00B3S1J086,HTWN,A2R_CANONICAL_SELECTION,True,2016-09-13,1.0,True,7,SEMANTICALLY_IDENTICAL_IMPLEMENTATION_TRANSITION,YES_SAME_A2R_ECONOMIC_FAMILY,CONTINUE,NO
2016-09-15,TAIWAN,LIST-EBB91BFA95DBB37F,LIST-F66FA10B356B8DDE,IE00B0M63623,ITWN,A2R_CANONICAL_SELECTION,True,2016-09-14,1.0,True,7,SEMANTICALLY_IDENTICAL_IMPLEMENTATION_TRANSITION,YES_SAME_A2R_ECONOMIC_FAMILY,CONTINUE,NO
2016-09-29,TAIWAN,LIST-F66FA10B356B8DDE,LIST-EBB91BFA95DBB37F,IE00B3S1J086,HTWN,A2R_CANONICAL_SELECTION,True,2016-09-28,1.0,True,7,SEMANTICALLY_IDENTICAL_IMPLEMENTATION_TRANSITION,YES_SAME_A2R_ECONOMIC_FAMILY,CONTINUE,NO
2016-09-30,TAIWAN,LIST-EBB91BFA95DBB37F,LIST-F66FA10B356B8DDE,IE00B0M63623,ITWN,A2R_CANONICAL_SELECTION,True,2016-09-29,1.0,True,7,SEMANTICALLY_IDENTICAL_IMPLEMENTATION_TRANSITION,YES_SAME_A2R_ECONOMIC_FAMILY,CONTINUE,NO
2016-10-11,TAIWAN,LIST-F66FA10B356B8DDE,LIST-EBB91BFA95DBB37F,IE00B3S1J086,HTWN,A2R_CANONICAL_SELECTION,True,2016-10-10,1.0,True,7,SEMANTICALLY_IDENTICAL_IMPLEMENTATION_TRANSITION,YES_SAME_A2R_ECONOMIC_FAMILY,CONTINUE,NO
2016-10-12,TAIWAN,LIST-EBB91BFA95DBB37F,LIST-F66FA10B356B8DDE,IE00B0M63623,ITWN,A2R_CANONICAL_SELECTION,True,2016-10-11,1.0,True,7,SEMANTICALLY_IDENTICAL_IMPLEMENTATION_TRANSITION,YES_SAME_A2R_ECONOMIC_FAMILY,CONTINUE,NO
2016-10-14,TAIWAN,LIST-F66FA10B356B8DDE,LIST-EBB91BFA95DBB37F,IE00B3S1J086,HTWN,A2R_CANONICAL_SELECTION,True,2016-10-13,1.0,True,7,SEMANTICALLY_IDENTICAL_IMPLEMENTATION_TRANSITION,YES_SAME_A2R_ECONOMIC_FAMILY,CONTINUE,NO
2016-10-17,TAIWAN,LIST-EBB91BFA95DBB37F,LIST-F66FA10B356B8DDE,IE00B0M63623,ITWN,A2R_CANONICAL_SELECTION,True,2016-10-14,1.0,True,7,SEMANTICALLY_IDENTICAL_IMPLEMENTATION_TRANSITION,YES_SAME_A2R_ECONOMIC_FAMILY,CONTINUE,NO
2016-11-28,TAIWAN,LIST-F66FA10B356B8DDE,LIST-EBB91BFA95DBB37F,IE00B3S1J086,HTWN,A2R_CANONICAL_SELECTION,True,2016-11-25,1.0,True,7,SEMANTICALLY_IDENTICAL_IMPLEMENTATION_TRANSITION,YES_SAME_A2R_ECONOMIC_FAMILY,CONTINUE,NO
2016-11-29,TAIWAN,LIST-EBB91BFA95DBB37F,LIST-F66FA10B356B8DDE,IE00B0M63623,ITWN,A2R_CANONICAL_SELECTION,True,2016-11-28,1.0,True,7,SEMANTICALLY_IDENTICAL_IMPLEMENTATION_TRANSITION,YES_SAME_A2R_ECONOMIC_FAMILY,CONTINUE,NO
2016-12-15,TAIWAN,LIST-F66FA10B356B8DDE,LIST-EBB91BFA95DBB37F,IE00B3S1J086,HTWN,A2R_CANONICAL_SELECTION,True,2016-12-14,1.0,True,7,SEMANTICALLY_IDENTICAL_IMPLEMENTATION_TRANSITION,YES_SAME_A2R_ECONOMIC_FAMILY,CONTINUE,NO
2016-12-16,TAIWAN,LIST-EBB91BFA95DBB37F,LIST-F66FA10B356B8DDE,IE00B0M63623,ITWN,A2R_CANONICAL_SELECTION,True,2016-12-15,1.0,True,7,SEMANTICALLY_IDENTICAL_IMPLEMENTATION_TRANSITION,YES_SAME_A2R_ECONOMIC_FAMILY,CONTINUE,NO
2017-01-17,TAIWAN,LIST-F66FA10B356B8DDE,LIST-EBB91BFA95DBB37F,IE00B3S1J086,HTWN,A2R_CANONICAL_SELECTION,True,2017-01-16,1.0,True,7,SEMANTICALLY_IDENTICAL_IMPLEMENTATION_TRANSITION,YES_SAME_A2R_ECONOMIC_FAMILY,CONTINUE,NO
2017-01-18,TAIWAN,LIST-EBB91BFA95DBB37F,LIST-F66FA10B356B8DDE,IE00B0M63623,ITWN,A2R_CANONICAL_SELECTION,False,,,False,7,PRICE_NOT_AVAILABLE,YES_SAME_A2R_ECONOMIC_FAMILY,RESET_OR_ENDPOINT_UNAVAILABLE,NO
2017-01-19,TAIWAN,LIST-F66FA10B356B8DDE,LIST-EBB91BFA95DBB37F,IE00B3S1J086,HTWN,A2R_CANONICAL_SELECTION,True,2017-01-18,1.0,False,7,EXACT_PREVIOUS_XLON_SESSION_ENDPOINT,YES_SAME_A2R_ECONOMIC_FAMILY,RESET_OR_ENDPOINT_UNAVAILABLE,NO
2017-01-20,TAIWAN,LIST-EBB91BFA95DBB37F,LIST-F66FA10B356B8DDE,IE00B0M63623,ITWN,A2R_CANONICAL_SELECTION,True,2017-01-19,1.0,True,7,SEMANTICALLY_IDENTICAL_IMPLEMENTATION_TRANSITION,YES_SAME_A2R_ECONOMIC_FAMILY,CONTINUE,NO
2017-02-10,TAIWAN,LIST-F66FA10B356B8DDE,LIST-EBB91BFA95DBB37F,IE00B3S1J086,HTWN,A2R_CANONICAL_SELECTION,True,2017-02-09,1.0,True,7,SEMANTICALLY_IDENTICAL_IMPLEMENTATION_TRANSITION,YES_SAME_A2R_ECONOMIC_FAMILY,CONTINUE,NO
2017-02-13,TAIWAN,LIST-EBB91BFA95DBB37F,LIST-F66FA10B356B8DDE,IE00B0M63623,ITWN,A2R_CANONICAL_SELECTION,True,2017-02-10,1.0,True,7,SEMANTICALLY_IDENTICAL_IMPLEMENTATION_TRANSITION,YES_SAME_A2R_ECONOMIC_FAMILY,CONTINUE,NO
2017-02-17,TAIWAN,LIST-F66FA10B356B8DDE,LIST-EBB91BFA95DBB37F,IE00B3S1J086,HTWN,A2R_CANONICAL_SELECTION,True,2017-02-16,1.0,True,7,SEMANTICALLY_IDENTICAL_IMPLEMENTATION_TRANSITION,YES_SAME_A2R_ECONOMIC_FAMILY,CONTINUE,NO
2017-02-20,TAIWAN,LIST-EBB91BFA95DBB37F,LIST-F66FA10B356B8DDE,IE00B0M63623,ITWN,A2R_CANONICAL_SELECTION,True,2017-02-17,1.0,True,7,SEMANTICALLY_IDENTICAL_IMPLEMENTATION_TRANSITION,YES_SAME_A2R_ECONOMIC_FAMILY,CONTINUE,NO
2017-02-23,TAIWAN,LIST-F66FA10B356B8DDE,LIST-EBB91BFA95DBB37F,IE00B3S1J086,HTWN,A2R_CANONICAL_SELECTION,True,2017-02-22,1.0,True,7,SEMANTICALLY_IDENTICAL_IMPLEMENTATION_TRANSITION,YES_SAME_A2R_ECONOMIC_FAMILY,CONTINUE,NO
2017-02-24,TAIWAN,LIST-EBB91BFA95DBB37F,LIST-F66FA10B356B8DDE,IE00B0M63623,ITWN,A2R_CANONICAL_SELECTION,False,,,False,7,PRICE_NOT_AVAILABLE,YES_SAME_A2R_ECONOMIC_FAMILY,RESET_OR_ENDPOINT_UNAVAILABLE,NO
2017-02-27,TAIWAN,LIST-F66FA10B356B8DDE,LIST-EBB91BFA95DBB37F,IE00B3S1J086,HTWN,A2R_CANONICAL_SELECTION,True,2017-02-24,1.0,False,7,EXACT_PREVIOUS_XLON_SESSION_ENDPOINT,YES_SAME_A2R_ECONOMIC_FAMILY,RESET_OR_ENDPOINT_UNAVAILABLE,NO
2017-02-28,TAIWAN,LIST-EBB91BFA95DBB37F,LIST-F66FA10B356B8DDE,IE00B0M63623,ITWN,A2R_CANONICAL_SELECTION,False,,,False,7,PRICE_NOT_AVAILABLE,YES_SAME_A2R_ECONOMIC_FAMILY,RESET_OR_ENDPOINT_UNAVAILABLE,NO
2017-03-01,TAIWAN,LIST-F66FA10B356B8DDE,LIST-EBB91BFA95DBB37F,IE00B3S1J086,HTWN,A2R_CANONICAL_SELECTION,True,2017-02-28,1.0,False,7,EXACT_PREVIOUS_XLON_SESSION_ENDPOINT,YES_SAME_A2R_ECONOMIC_FAMILY,RESET_OR_ENDPOINT_UNAVAILABLE,NO
2017-03-02,TAIWAN,LIST-EBB91BFA95DBB37F,LIST-F66FA10B356B8DDE,IE00B0M63623,ITWN,A2R_CANONICAL_SELECTION,True,2017-03-01,1.0,True,7,SEMANTICALLY_IDENTICAL_IMPLEMENTATION_TRANSITION,YES_SAME_A2R_ECONOMIC_FAMILY,CONTINUE,NO
2017-03-16,TAIWAN,LIST-F66FA10B356B8DDE,LIST-EBB91BFA95DBB37F,IE00B3S1J086,HTWN,A2R_CANONICAL_SELECTION,True,2017-03-15,1.0,True,7,SEMANTICALLY_IDENTICAL_IMPLEMENTATION_TRANSITION,YES_SAME_A2R_ECONOMIC_FAMILY,CONTINUE,NO
2017-03-17,TAIWAN,LIST-EBB91BFA95DBB37F,LIST-F66FA10B356B8DDE,IE00B0M63623,ITWN,A2R_CANONICAL_SELECTION,True,2017-03-16,1.0,True,7,SEMANTICALLY_IDENTICAL_IMPLEMENTATION_TRANSITION,YES_SAME_A2R_ECONOMIC_FAMILY,CONTINUE,NO
2017-03-24,TAIWAN,LIST-F66FA10B356B8DDE,LIST-EBB91BFA95DBB37F,IE00B3S1J086,HTWN,A2R_CANONICAL_SELECTION,True,2017-03-23,1.0,True,7,SEMANTICALLY_IDENTICAL_IMPLEMENTATION_TRANSITION,YES_SAME_A2R_ECONOMIC_FAMILY,CONTINUE,NO
2017-03-27,TAIWAN,LIST-EBB91BFA95DBB37F,LIST-F66FA10B356B8DDE,IE00B0M63623,ITWN,A2R_CANONICAL_SELECTION,True,2017-03-24,1.0,True,7,SEMANTICALLY_IDENTICAL_IMPLEMENTATION_TRANSITION,YES_SAME_A2R_ECONOMIC_FAMILY,CONTINUE,NO
2017-05-04,TAIWAN,LIST-F66FA10B356B8DDE,LIST-EBB91BFA95DBB37F,IE00B3S1J086,HTWN,A2R_CANONICAL_SELECTION,True,2017-05-03,1.0,True,7,SEMANTICALLY_IDENTICAL_IMPLEMENTATION_TRANSITION,YES_SAME_A2R_ECONOMIC_FAMILY,CONTINUE,NO
2017-05-05,TAIWAN,LIST-EBB91BFA95DBB37F,LIST-F66FA10B356B8DDE,IE00B0M63623,ITWN,A2R_CANONICAL_SELECTION,True,2017-05-04,1.0,True,7,SEMANTICALLY_IDENTICAL_IMPLEMENTATION_TRANSITION,YES_SAME_A2R_ECONOMIC_FAMILY,CONTINUE,NO
2017-05-11,TAIWAN,LIST-F66FA10B356B8DDE,LIST-EBB91BFA95DBB37F,IE00B3S1J086,HTWN,A2R_CANONICAL_SELECTION,True,2017-05-10,1.0,True,7,SEMANTICALLY_IDENTICAL_IMPLEMENTATION_TRANSITION,YES_SAME_A2R_ECONOMIC_FAMILY,CONTINUE,NO
2017-05-12,TAIWAN,LIST-EBB91BFA95DBB37F,LIST-F66FA10B356B8DDE,IE00B0M63623,ITWN,A2R_CANONICAL_SELECTION,True,2017-05-11,1.0,True,7,SEMANTICALLY_IDENTICAL_IMPLEMENTATION_TRANSITION,YES_SAME_A2R_ECONOMIC_FAMILY,CONTINUE,NO
2017-05-18,TAIWAN,LIST-F66FA10B356B8DDE,LIST-EBB91BFA95DBB37F,IE00B3S1J086,HTWN,A2R_CANONICAL_SELECTION,True,2017-05-17,1.0,True,7,SEMANTICALLY_IDENTICAL_IMPLEMENTATION_TRANSITION,YES_SAME_A2R_ECONOMIC_FAMILY,CONTINUE,NO
2017-05-19,TAIWAN,LIST-EBB91BFA95DBB37F,LIST-F66FA10B356B8DDE,IE00B0M63623,ITWN,A2R_CANONICAL_SELECTION,True,2017-05-18,1.0,True,7,SEMANTICALLY_IDENTICAL_IMPLEMENTATION_TRANSITION,YES_SAME_A2R_ECONOMIC_FAMILY,CONTINUE,NO
2017-05-25,TAIWAN,LIST-F66FA10B356B8DDE,LIST-EBB91BFA95DBB37F,IE00B3S1J086,HTWN,A2R_CANONICAL_SELECTION,True,2017-05-24,1.0,True,7,SEMANTICALLY_IDENTICAL_IMPLEMENTATION_TRANSITION,YES_SAME_A2R_ECONOMIC_FAMILY,CONTINUE,NO
2017-05-26,TAIWAN,LIST-EBB91BFA95DBB37F,LIST-F66FA10B356B8DDE,IE00B0M63623,ITWN,A2R_CANONICAL_SELECTION,True,2017-05-25,1.0,True,7,SEMANTICALLY_IDENTICAL_IMPLEMENTATION_TRANSITION,YES_SAME_A2R_ECONOMIC_FAMILY,CONTINUE,NO
2017-06-01,TAIWAN,LIST-F66FA10B356B8DDE,LIST-EBB91BFA95DBB37F,IE00B3S1J086,HTWN,A2R_CANONICAL_SELECTION,True,2017-05-31,1.0,True,7,SEMANTICALLY_IDENTICAL_IMPLEMENTATION_TRANSITION,YES_SAME_A2R_ECONOMIC_FAMILY,CONTINUE,NO
2017-06-02,TAIWAN,LIST-EBB91BFA95DBB37F,LIST-F66FA10B356B8DDE,IE00B0M63623,ITWN,A2R_CANONICAL_SELECTION,True,2017-06-01,1.0,True,7,SEMANTICALLY_IDENTICAL_IMPLEMENTATION_TRANSITION,YES_SAME_A2R_ECONOMIC_FAMILY,CONTINUE,NO
2017-07-06,TAIWAN,LIST-F66FA10B356B8DDE,LIST-EBB91BFA95DBB37F,IE00B3S1J086,HTWN,A2R_CANONICAL_SELECTION,True,2017-07-05,1.0,True,7,SEMANTICALLY_IDENTICAL_IMPLEMENTATION_TRANSITION,YES_SAME_A2R_ECONOMIC_FAMILY,CONTINUE,NO
2017-07-07,TAIWAN,LIST-EBB91BFA95DBB37F,LIST-F66FA10B356B8DDE,IE00B0M63623,ITWN,A2R_CANONICAL_SELECTION,True,2017-07-06,1.0,True,7,SEMANTICALLY_IDENTICAL_IMPLEMENTATION_TRANSITION,YES_SAME_A2R_ECONOMIC_FAMILY,CONTINUE,NO
2017-07-18,TAIWAN,LIST-F66FA10B356B8DDE,LIST-EBB91BFA95DBB37F,IE00B3S1J086,HTWN,A2R_CANONICAL_SELECTION,True,2017-07-17,1.0,True,7,SEMANTICALLY_IDENTICAL_IMPLEMENTATION_TRANSITION,YES_SAME_A2R_ECONOMIC_FAMILY,CONTINUE,NO
2017-07-19,TAIWAN,LIST-EBB91BFA95DBB37F,LIST-F66FA10B356B8DDE,IE00B0M63623,ITWN,A2R_CANONICAL_SELECTION,True,2017-07-18,1.0,True,7,SEMANTICALLY_IDENTICAL_IMPLEMENTATION_TRANSITION,YES_SAME_A2R_ECONOMIC_FAMILY,CONTINUE,NO
2017-08-23,TAIWAN,LIST-F66FA10B356B8DDE,LIST-EBB91BFA95DBB37F,IE00B3S1J086,HTWN,A2R_CANONICAL_SELECTION,True,2017-08-22,1.0,True,7,SEMANTICALLY_IDENTICAL_IMPLEMENTATION_TRANSITION,YES_SAME_A2R_ECONOMIC_FAMILY,CONTINUE,NO
2017-08-24,TAIWAN,LIST-EBB91BFA95DBB37F,LIST-F66FA10B356B8DDE,IE00B0M63623,ITWN,A2R_CANONICAL_SELECTION,False,,,False,7,PRICE_NOT_AVAILABLE,YES_SAME_A2R_ECONOMIC_FAMILY,RESET_OR_ENDPOINT_UNAVAILABLE,NO
2017-08-25,TAIWAN,LIST-F66FA10B356B8DDE,LIST-EBB91BFA95DBB37F,IE00B3S1J086,HTWN,A2R_CANONICAL_SELECTION,True,2017-08-24,1.0,False,7,EXACT_PREVIOUS_XLON_SESSION_ENDPOINT,YES_SAME_A2R_ECONOMIC_FAMILY,RESET_OR_ENDPOINT_UNAVAILABLE,NO
2017-08-30,TAIWAN,LIST-EBB91BFA95DBB37F,LIST-F66FA10B356B8DDE,IE00B0M63623,ITWN,A2R_CANONICAL_SELECTION,True,2017-08-29,1.0,True,7,SEMANTICALLY_IDENTICAL_IMPLEMENTATION_TRANSITION,YES_SAME_A2R_ECONOMIC_FAMILY,CONTINUE,NO
2017-10-23,TAIWAN,LIST-F66FA10B356B8DDE,LIST-EBB91BFA95DBB37F,IE00B3S1J086,HTWN,A2R_CANONICAL_SELECTION,True,2017-10-20,1.0,True,7,SEMANTICALLY_IDENTICAL_IMPLEMENTATION_TRANSITION,YES_SAME_A2R_ECONOMIC_FAMILY,CONTINUE,NO
2017-10-24,TAIWAN,LIST-EBB91BFA95DBB37F,LIST-F66FA10B356B8DDE,IE00B0M63623,ITWN,A2R_CANONICAL_SELECTION,True,2017-10-23,1.0,True,7,SEMANTICALLY_IDENTICAL_IMPLEMENTATION_TRANSITION,YES_SAME_A2R_ECONOMIC_FAMILY,CONTINUE,NO
2017-10-27,TAIWAN,LIST-F66FA10B356B8DDE,LIST-EBB91BFA95DBB37F,IE00B3S1J086,HTWN,A2R_CANONICAL_SELECTION,True,2017-10-26,1.0,True,7,SEMANTICALLY_IDENTICAL_IMPLEMENTATION_TRANSITION,YES_SAME_A2R_ECONOMIC_FAMILY,CONTINUE,NO
2017-10-30,TAIWAN,LIST-EBB91BFA95DBB37F,LIST-F66FA10B356B8DDE,IE00B0M63623,ITWN,A2R_CANONICAL_SELECTION,True,2017-10-27,1.0,True,7,SEMANTICALLY_IDENTICAL_IMPLEMENTATION_TRANSITION,YES_SAME_A2R_ECONOMIC_FAMILY,CONTINUE,NO
2017-11-09,TAIWAN,LIST-F66FA10B356B8DDE,LIST-EBB91BFA95DBB37F,IE00B3S1J086,HTWN,A2R_CANONICAL_SELECTION,True,2017-11-08,1.0,True,7,SEMANTICALLY_IDENTICAL_IMPLEMENTATION_TRANSITION,YES_SAME_A2R_ECONOMIC_FAMILY,CONTINUE,NO
2017-11-10,TAIWAN,LIST-EBB91BFA95DBB37F,LIST-F66FA10B356B8DDE,IE00B0M63623,ITWN,A2R_CANONICAL_SELECTION,True,2017-11-09,1.0,True,7,SEMANTICALLY_IDENTICAL_IMPLEMENTATION_TRANSITION,YES_SAME_A2R_ECONOMIC_FAMILY,CONTINUE,NO
2017-11-22,TAIWAN,LIST-F66FA10B356B8DDE,LIST-EBB91BFA95DBB37F,IE00B3S1J086,HTWN,A2R_CANONICAL_SELECTION,True,2017-11-21,1.0,True,7,SEMANTICALLY_IDENTICAL_IMPLEMENTATION_TRANSITION,YES_SAME_A2R_ECONOMIC_FAMILY,CONTINUE,NO
2017-11-23,TAIWAN,LIST-EBB91BFA95DBB37F,LIST-F66FA10B356B8DDE,IE00B0M63623,ITWN,A2R_CANONICAL_SELECTION,True,2017-11-22,1.0,True,7,SEMANTICALLY_IDENTICAL_IMPLEMENTATION_TRANSITION,YES_SAME_A2R_ECONOMIC_FAMILY,CONTINUE,NO
2017-12-11,TAIWAN,LIST-F66FA10B356B8DDE,LIST-EBB91BFA95DBB37F,IE00B3S1J086,HTWN,A2R_CANONICAL_SELECTION,True,2017-12-08,1.0,True,7,SEMANTICALLY_IDENTICAL_IMPLEMENTATION_TRANSITION,YES_SAME_A2R_ECONOMIC_FAMILY,CONTINUE,NO
2017-12-12,TAIWAN,LIST-EBB91BFA95DBB37F,LIST-F66FA10B356B8DDE,IE00B0M63623,ITWN,A2R_CANONICAL_SELECTION,False,,,False,7,PRICE_NOT_AVAILABLE,YES_SAME_A2R_ECONOMIC_FAMILY,RESET_OR_ENDPOINT_UNAVAILABLE,NO
2017-12-13,TAIWAN,LIST-F66FA10B356B8DDE,LIST-EBB91BFA95DBB37F,IE00B3S1J086,HTWN,A2R_CANONICAL_SELECTION,True,2017-12-12,1.0,False,7,EXACT_PREVIOUS_XLON_SESSION_ENDPOINT,YES_SAME_A2R_ECONOMIC_FAMILY,RESET_OR_ENDPOINT_UNAVAILABLE,NO
2017-12-15,TAIWAN,LIST-EBB91BFA95DBB37F,LIST-F66FA10B356B8DDE,IE00B0M63623,ITWN,A2R_CANONICAL_SELECTION,False,,,False,7,PRICE_NOT_AVAILABLE,YES_SAME_A2R_ECONOMIC_FAMILY,RESET_OR_ENDPOINT_UNAVAILABLE,NO
2017-12-18,TAIWAN,LIST-F66FA10B356B8DDE,LIST-EBB91BFA95DBB37F,IE00B3S1J086,HTWN,A2R_CANONICAL_SELECTION,True,2017-12-15,1.0,False,7,EXACT_PREVIOUS_XLON_SESSION_ENDPOINT,YES_SAME_A2R_ECONOMIC_FAMILY,RESET_OR_ENDPOINT_UNAVAILABLE,NO
2017-12-19,TAIWAN,LIST-EBB91BFA95DBB37F,LIST-F66FA10B356B8DDE,IE00B0M63623,ITWN,A2R_CANONICAL_SELECTION,True,2017-12-18,1.0,True,7,SEMANTICALLY_IDENTICAL_IMPLEMENTATION_TRANSITION,YES_SAME_A2R_ECONOMIC_FAMILY,CONTINUE,NO
2017-12-22,TAIWAN,LIST-F66FA10B356B8DDE,LIST-EBB91BFA95DBB37F,IE00B3S1J086,HTWN,A2R_CANONICAL_SELECTION,True,2017-12-21,1.0,True,7,SEMANTICALLY_IDENTICAL_IMPLEMENTATION_TRANSITION,YES_SAME_A2R_ECONOMIC_FAMILY,CONTINUE,NO
2017-12-27,TAIWAN,LIST-EBB91BFA95DBB37F,LIST-F66FA10B356B8DDE,IE00B0M63623,ITWN,A2R_CANONICAL_SELECTION,True,2017-12-22,1.0,True,7,SEMANTICALLY_IDENTICAL_IMPLEMENTATION_TRANSITION,YES_SAME_A2R_ECONOMIC_FAMILY,CONTINUE,NO
2018-01-11,TAIWAN,LIST-F66FA10B356B8DDE,LIST-EBB91BFA95DBB37F,IE00B3S1J086,HTWN,A2R_CANONICAL_SELECTION,True,2018-01-10,1.0,True,7,SEMANTICALLY_IDENTICAL_IMPLEMENTATION_TRANSITION,YES_SAME_A2R_ECONOMIC_FAMILY,CONTINUE,NO
2018-01-12,TAIWAN,LIST-EBB91BFA95DBB37F,LIST-F66FA10B356B8DDE,IE00B0M63623,ITWN,A2R_CANONICAL_SELECTION,True,2018-01-11,1.0,True,7,SEMANTICALLY_IDENTICAL_IMPLEMENTATION_TRANSITION,YES_SAME_A2R_ECONOMIC_FAMILY,CONTINUE,NO
2018-02-02,TAIWAN,LIST-F66FA10B356B8DDE,LIST-EBB91BFA95DBB37F,IE00B3S1J086,HTWN,A2R_CANONICAL_SELECTION,True,2018-02-01,1.0,True,7,SEMANTICALLY_IDENTICAL_IMPLEMENTATION_TRANSITION,YES_SAME_A2R_ECONOMIC_FAMILY,CONTINUE,NO
2018-02-05,TAIWAN,LIST-EBB91BFA95DBB37F,LIST-F66FA10B356B8DDE,IE00B0M63623,ITWN,A2R_CANONICAL_SELECTION,True,2018-02-02,1.0,True,7,SEMANTICALLY_IDENTICAL_IMPLEMENTATION_TRANSITION,YES_SAME_A2R_ECONOMIC_FAMILY,CONTINUE,NO
2018-02-13,TAIWAN,LIST-F66FA10B356B8DDE,LIST-EBB91BFA95DBB37F,IE00B3S1J086,HTWN,A2R_CANONICAL_SELECTION,True,2018-02-12,1.0,True,7,SEMANTICALLY_IDENTICAL_IMPLEMENTATION_TRANSITION,YES_SAME_A2R_ECONOMIC_FAMILY,CONTINUE,NO
2018-02-14,TAIWAN,LIST-EBB91BFA95DBB37F,LIST-F66FA10B356B8DDE,IE00B0M63623,ITWN,A2R_CANONICAL_SELECTION,False,,,False,7,PRICE_NOT_AVAILABLE,YES_SAME_A2R_ECONOMIC_FAMILY,RESET_OR_ENDPOINT_UNAVAILABLE,NO
2018-02-15,TAIWAN,LIST-F66FA10B356B8DDE,LIST-EBB91BFA95DBB37F,IE00B3S1J086,HTWN,A2R_CANONICAL_SELECTION,True,2018-02-14,1.0,False,7,EXACT_PREVIOUS_XLON_SESSION_ENDPOINT,YES_SAME_A2R_ECONOMIC_FAMILY,RESET_OR_ENDPOINT_UNAVAILABLE,NO
2018-02-16,TAIWAN,LIST-EBB91BFA95DBB37F,LIST-F66FA10B356B8DDE,IE00B0M63623,ITWN,A2R_CANONICAL_SELECTION,False,,,False,7,PRICE_NOT_AVAILABLE,YES_SAME_A2R_ECONOMIC_FAMILY,RESET_OR_ENDPOINT_UNAVAILABLE,NO
2018-02-19,TAIWAN,LIST-F66FA10B356B8DDE,LIST-EBB91BFA95DBB37F,IE00B3S1J086,HTWN,A2R_CANONICAL_SELECTION,True,2018-02-16,1.0,False,7,EXACT_PREVIOUS_XLON_SESSION_ENDPOINT,YES_SAME_A2R_ECONOMIC_FAMILY,RESET_OR_ENDPOINT_UNAVAILABLE,NO
2018-02-20,TAIWAN,LIST-EBB91BFA95DBB37F,LIST-F66FA10B356B8DDE,IE00B0M63623,ITWN,A2R_CANONICAL_SELECTION,True,2018-02-19,1.0,True,7,SEMANTICALLY_IDENTICAL_IMPLEMENTATION_TRANSITION,YES_SAME_A2R_ECONOMIC_FAMILY,CONTINUE,NO
2018-02-26,TAIWAN,LIST-F66FA10B356B8DDE,LIST-EBB91BFA95DBB37F,IE00B3S1J086,HTWN,A2R_CANONICAL_SELECTION,True,2018-02-23,1.0,True,7,SEMANTICALLY_IDENTICAL_IMPLEMENTATION_TRANSITION,YES_SAME_A2R_ECONOMIC_FAMILY,CONTINUE,NO
2018-02-27,TAIWAN,LIST-EBB91BFA95DBB37F,LIST-F66FA10B356B8DDE,IE00B0M63623,ITWN,A2R_CANONICAL_SELECTION,True,2018-02-26,1.0,True,7,SEMANTICALLY_IDENTICAL_IMPLEMENTATION_TRANSITION,YES_SAME_A2R_ECONOMIC_FAMILY,CONTINUE,NO
2018-03-12,TAIWAN,LIST-F66FA10B356B8DDE,LIST-EBB91BFA95DBB37F,IE00B3S1J086,HTWN,A2R_CANONICAL_SELECTION,True,2018-03-09,1.0,True,7,SEMANTICALLY_IDENTICAL_IMPLEMENTATION_TRANSITION,YES_SAME_A2R_ECONOMIC_FAMILY,CONTINUE,NO
2018-03-13,TAIWAN,LIST-EBB91BFA95DBB37F,LIST-F66FA10B356B8DDE,IE00B0M63623,ITWN,A2R_CANONICAL_SELECTION,True,2018-03-12,1.0,True,7,SEMANTICALLY_IDENTICAL_IMPLEMENTATION_TRANSITION,YES_SAME_A2R_ECONOMIC_FAMILY,CONTINUE,NO
2018-04-13,TAIWAN,LIST-F66FA10B356B8DDE,LIST-EBB91BFA95DBB37F,IE00B3S1J086,HTWN,A2R_CANONICAL_SELECTION,True,2018-04-12,1.0,True,7,SEMANTICALLY_IDENTICAL_IMPLEMENTATION_TRANSITION,YES_SAME_A2R_ECONOMIC_FAMILY,CONTINUE,NO
2018-04-16,TAIWAN,LIST-EBB91BFA95DBB37F,LIST-F66FA10B356B8DDE,IE00B0M63623,ITWN,A2R_CANONICAL_SELECTION,True,2018-04-13,1.0,True,7,SEMANTICALLY_IDENTICAL_IMPLEMENTATION_TRANSITION,YES_SAME_A2R_ECONOMIC_FAMILY,CONTINUE,NO
2018-05-14,TAIWAN,LIST-F66FA10B356B8DDE,LIST-EBB91BFA95DBB37F,IE00B3S1J086,HTWN,A2R_CANONICAL_SELECTION,True,2018-05-11,1.0,True,7,SEMANTICALLY_IDENTICAL_IMPLEMENTATION_TRANSITION,YES_SAME_A2R_ECONOMIC_FAMILY,CONTINUE,NO
2018-05-15,TAIWAN,LIST-EBB91BFA95DBB37F,LIST-F66FA10B356B8DDE,IE00B0M63623,ITWN,A2R_CANONICAL_SELECTION,True,2018-05-14,1.0,True,7,SEMANTICALLY_IDENTICAL_IMPLEMENTATION_TRANSITION,YES_SAME_A2R_ECONOMIC_FAMILY,CONTINUE,NO
2018-06-18,TAIWAN,LIST-F66FA10B356B8DDE,LIST-EBB91BFA95DBB37F,IE00B3S1J086,HTWN,A2R_CANONICAL_SELECTION,True,2018-06-15,1.0,True,7,SEMANTICALLY_IDENTICAL_IMPLEMENTATION_TRANSITION,YES_SAME_A2R_ECONOMIC_FAMILY,CONTINUE,NO
2018-06-19,TAIWAN,LIST-EBB91BFA95DBB37F,LIST-F66FA10B356B8DDE,IE00B0M63623,ITWN,A2R_CANONICAL_SELECTION,True,2018-06-18,1.0,True,7,SEMANTICALLY_IDENTICAL_IMPLEMENTATION_TRANSITION,YES_SAME_A2R_ECONOMIC_FAMILY,CONTINUE,NO
2018-06-25,TAIWAN,LIST-F66FA10B356B8DDE,LIST-EBB91BFA95DBB37F,IE00B3S1J086,HTWN,A2R_CANONICAL_SELECTION,True,2018-06-22,1.0,True,7,SEMANTICALLY_IDENTICAL_IMPLEMENTATION_TRANSITION,YES_SAME_A2R_ECONOMIC_FAMILY,CONTINUE,NO
2018-06-26,TAIWAN,LIST-EBB91BFA95DBB37F,LIST-F66FA10B356B8DDE,IE00B0M63623,ITWN,A2R_CANONICAL_SELECTION,True,2018-06-25,1.0,True,7,SEMANTICALLY_IDENTICAL_IMPLEMENTATION_TRANSITION,YES_SAME_A2R_ECONOMIC_FAMILY,CONTINUE,NO
2018-06-29,TAIWAN,LIST-F66FA10B356B8DDE,LIST-EBB91BFA95DBB37F,IE00B3S1J086,HTWN,A2R_CANONICAL_SELECTION,True,2018-06-28,1.0,True,7,SEMANTICALLY_IDENTICAL_IMPLEMENTATION_TRANSITION,YES_SAME_A2R_ECONOMIC_FAMILY,CONTINUE,NO
2018-07-02,TAIWAN,LIST-EBB91BFA95DBB37F,LIST-F66FA10B356B8DDE,IE00B0M63623,ITWN,A2R_CANONICAL_SELECTION,True,2018-06-29,1.0,True,7,SEMANTICALLY_IDENTICAL_IMPLEMENTATION_TRANSITION,YES_SAME_A2R_ECONOMIC_FAMILY,CONTINUE,NO
2018-08-09,TAIWAN,LIST-F66FA10B356B8DDE,LIST-EBB91BFA95DBB37F,IE00B3S1J086,HTWN,A2R_CANONICAL_SELECTION,True,2018-08-08,1.0,True,7,SEMANTICALLY_IDENTICAL_IMPLEMENTATION_TRANSITION,YES_SAME_A2R_ECONOMIC_FAMILY,CONTINUE,NO
2018-08-14,TAIWAN,LIST-EBB91BFA95DBB37F,LIST-F66FA10B356B8DDE,IE00B0M63623,ITWN,A2R_CANONICAL_SELECTION,True,2018-08-13,1.0,True,7,SEMANTICALLY_IDENTICAL_IMPLEMENTATION_TRANSITION,YES_SAME_A2R_ECONOMIC_FAMILY,CONTINUE,NO
2018-10-23,TAIWAN,LIST-F66FA10B356B8DDE,LIST-EBB91BFA95DBB37F,IE00B3S1J086,HTWN,A2R_CANONICAL_SELECTION,True,2018-10-22,1.0,True,7,SEMANTICALLY_IDENTICAL_IMPLEMENTATION_TRANSITION,YES_SAME_A2R_ECONOMIC_FAMILY,CONTINUE,NO
2018-10-24,TAIWAN,LIST-EBB91BFA95DBB37F,LIST-F66FA10B356B8DDE,IE00B0M63623,ITWN,A2R_CANONICAL_SELECTION,True,2018-10-23,1.0,True,7,SEMANTICALLY_IDENTICAL_IMPLEMENTATION_TRANSITION,YES_SAME_A2R_ECONOMIC_FAMILY,CONTINUE,NO
2018-11-15,TAIWAN,LIST-F66FA10B356B8DDE,LIST-EBB91BFA95DBB37F,IE00B3S1J086,HTWN,A2R_CANONICAL_SELECTION,True,2018-11-14,1.0,True,7,SEMANTICALLY_IDENTICAL_IMPLEMENTATION_TRANSITION,YES_SAME_A2R_ECONOMIC_FAMILY,CONTINUE,NO
2018-11-16,TAIWAN,LIST-EBB91BFA95DBB37F,LIST-F66FA10B356B8DDE,IE00B0M63623,ITWN,A2R_CANONICAL_SELECTION,True,2018-11-15,1.0,True,7,SEMANTICALLY_IDENTICAL_IMPLEMENTATION_TRANSITION,YES_SAME_A2R_ECONOMIC_FAMILY,CONTINUE,NO
2018-11-29,TAIWAN,LIST-F66FA10B356B8DDE,LIST-EBB91BFA95DBB37F,IE00B3S1J086,HTWN,A2R_CANONICAL_SELECTION,True,2018-11-28,1.0,True,7,SEMANTICALLY_IDENTICAL_IMPLEMENTATION_TRANSITION,YES_SAME_A2R_ECONOMIC_FAMILY,CONTINUE,NO
2018-12-03,TAIWAN,LIST-EBB91BFA95DBB37F,LIST-F66FA10B356B8DDE,IE00B0M63623,ITWN,A2R_CANONICAL_SELECTION,False,,,False,7,PRICE_NOT_AVAILABLE,YES_SAME_A2R_ECONOMIC_FAMILY,RESET_OR_ENDPOINT_UNAVAILABLE,NO
2018-12-04,TAIWAN,LIST-F66FA10B356B8DDE,LIST-EBB91BFA95DBB37F,IE00B3S1J086,HTWN,A2R_CANONICAL_SELECTION,True,2018-12-03,1.0,False,7,EXACT_PREVIOUS_XLON_SESSION_ENDPOINT,YES_SAME_A2R_ECONOMIC_FAMILY,RESET_OR_ENDPOINT_UNAVAILABLE,NO
2018-12-06,TAIWAN,LIST-EBB91BFA95DBB37F,LIST-F66FA10B356B8DDE,IE00B0M63623,ITWN,A2R_CANONICAL_SELECTION,False,,,False,7,PRICE_NOT_AVAILABLE,YES_SAME_A2R_ECONOMIC_FAMILY,RESET_OR_ENDPOINT_UNAVAILABLE,NO
2018-12-07,TAIWAN,LIST-F66FA10B356B8DDE,LIST-EBB91BFA95DBB37F,IE00B3S1J086,HTWN,A2R_CANONICAL_SELECTION,True,2018-12-06,1.0,False,7,EXACT_PREVIOUS_XLON_SESSION_ENDPOINT,YES_SAME_A2R_ECONOMIC_FAMILY,RESET_OR_ENDPOINT_UNAVAILABLE,NO
2018-12-10,TAIWAN,LIST-EBB91BFA95DBB37F,LIST-F66FA10B356B8DDE,IE00B0M63623,ITWN,A2R_CANONICAL_SELECTION,True,2018-12-07,1.0,True,7,SEMANTICALLY_IDENTICAL_IMPLEMENTATION_TRANSITION,YES_SAME_A2R_ECONOMIC_FAMILY,CONTINUE,NO
2018-12-12,TAIWAN,LIST-F66FA10B356B8DDE,LIST-EBB91BFA95DBB37F,IE00B3S1J086,HTWN,A2R_CANONICAL_SELECTION,True,2018-12-11,1.0,True,7,SEMANTICALLY_IDENTICAL_IMPLEMENTATION_TRANSITION,YES_SAME_A2R_ECONOMIC_FAMILY,CONTINUE,NO
2018-12-14,TAIWAN,LIST-EBB91BFA95DBB37F,LIST-F66FA10B356B8DDE,IE00B0M63623,ITWN,A2R_CANONICAL_SELECTION,False,,,False,7,PRICE_NOT_AVAILABLE,YES_SAME_A2R_ECONOMIC_FAMILY,RESET_OR_ENDPOINT_UNAVAILABLE,NO
2018-12-17,TAIWAN,LIST-F66FA10B356B8DDE,LIST-EBB91BFA95DBB37F,IE00B3S1J086,HTWN,A2R_CANONICAL_SELECTION,True,2018-12-14,1.0,False,7,EXACT_PREVIOUS_XLON_SESSION_ENDPOINT,YES_SAME_A2R_ECONOMIC_FAMILY,RESET_OR_ENDPOINT_UNAVAILABLE,NO
2018-12-19,TAIWAN,LIST-EBB91BFA95DBB37F,LIST-F66FA10B356B8DDE,IE00B0M63623,ITWN,A2R_CANONICAL_SELECTION,True,2018-12-18,1.0,True,7,SEMANTICALLY_IDENTICAL_IMPLEMENTATION_TRANSITION,YES_SAME_A2R_ECONOMIC_FAMILY,CONTINUE,NO
2018-12-27,TAIWAN,LIST-F66FA10B356B8DDE,LIST-EBB91BFA95DBB37F,IE00B3S1J086,HTWN,A2R_CANONICAL_SELECTION,True,2018-12-24,1.0,True,7,SEMANTICALLY_IDENTICAL_IMPLEMENTATION_TRANSITION,YES_SAME_A2R_ECONOMIC_FAMILY,CONTINUE,NO
2018-12-28,TAIWAN,LIST-EBB91BFA95DBB37F,LIST-F66FA10B356B8DDE,IE00B0M63623,ITWN,A2R_CANONICAL_SELECTION,False,,,False,7,PRICE_NOT_AVAILABLE,YES_SAME_A2R_ECONOMIC_FAMILY,RESET_OR_ENDPOINT_UNAVAILABLE,NO
2018-12-31,TAIWAN,LIST-F66FA10B356B8DDE,LIST-EBB91BFA95DBB37F,IE00B3S1J086,HTWN,A2R_CANONICAL_SELECTION,True,2018-12-28,1.0,False,7,EXACT_PREVIOUS_XLON_SESSION_ENDPOINT,YES_SAME_A2R_ECONOMIC_FAMILY,RESET_OR_ENDPOINT_UNAVAILABLE,NO
2019-01-02,TAIWAN,LIST-EBB91BFA95DBB37F,LIST-F66FA10B356B8DDE,IE00B0M63623,ITWN,A2R_CANONICAL_SELECTION,True,2018-12-31,1.0,True,7,SEMANTICALLY_IDENTICAL_IMPLEMENTATION_TRANSITION,YES_SAME_A2R_ECONOMIC_FAMILY,CONTINUE,NO
2019-01-08,TAIWAN,LIST-F66FA10B356B8DDE,LIST-EBB91BFA95DBB37F,IE00B3S1J086,HTWN,A2R_CANONICAL_SELECTION,True,2019-01-07,1.0,True,7,SEMANTICALLY_IDENTICAL_IMPLEMENTATION_TRANSITION,YES_SAME_A2R_ECONOMIC_FAMILY,CONTINUE,NO
2019-01-10,TAIWAN,LIST-EBB91BFA95DBB37F,LIST-F66FA10B356B8DDE,IE00B0M63623,ITWN,A2R_CANONICAL_SELECTION,False,,,False,7,PRICE_NOT_AVAILABLE,YES_SAME_A2R_ECONOMIC_FAMILY,RESET_OR_ENDPOINT_UNAVAILABLE,NO
2019-01-11,TAIWAN,LIST-F66FA10B356B8DDE,LIST-EBB91BFA95DBB37F,IE00B3S1J086,HTWN,A2R_CANONICAL_SELECTION,True,2019-01-10,1.0,False,7,EXACT_PREVIOUS_XLON_SESSION_ENDPOINT,YES_SAME_A2R_ECONOMIC_FAMILY,RESET_OR_ENDPOINT_UNAVAILABLE,NO
2019-01-15,TAIWAN,LIST-EBB91BFA95DBB37F,LIST-F66FA10B356B8DDE,IE00B0M63623,ITWN,A2R_CANONICAL_SELECTION,False,,,False,7,PRICE_NOT_AVAILABLE,YES_SAME_A2R_ECONOMIC_FAMILY,RESET_OR_ENDPOINT_UNAVAILABLE,NO
2019-01-16,TAIWAN,LIST-F66FA10B356B8DDE,LIST-EBB91BFA95DBB37F,IE00B3S1J086,HTWN,A2R_CANONICAL_SELECTION,True,2019-01-15,1.0,False,7,EXACT_PREVIOUS_XLON_SESSION_ENDPOINT,YES_SAME_A2R_ECONOMIC_FAMILY,RESET_OR_ENDPOINT_UNAVAILABLE,NO
2019-01-17,TAIWAN,LIST-EBB91BFA95DBB37F,LIST-F66FA10B356B8DDE,IE00B0M63623,ITWN,A2R_CANONICAL_SELECTION,True,2019-01-16,1.0,True,7,SEMANTICALLY_IDENTICAL_IMPLEMENTATION_TRANSITION,YES_SAME_A2R_ECONOMIC_FAMILY,CONTINUE,NO
2019-02-11,TAIWAN,LIST-F66FA10B356B8DDE,LIST-EBB91BFA95DBB37F,IE00B3S1J086,HTWN,A2R_CANONICAL_SELECTION,True,2019-02-08,1.0,True,7,SEMANTICALLY_IDENTICAL_IMPLEMENTATION_TRANSITION,YES_SAME_A2R_ECONOMIC_FAMILY,CONTINUE,NO
2019-02-12,TAIWAN,LIST-EBB91BFA95DBB37F,LIST-F66FA10B356B8DDE,IE00B0M63623,ITWN,A2R_CANONICAL_SELECTION,True,2019-02-11,1.0,True,7,SEMANTICALLY_IDENTICAL_IMPLEMENTATION_TRANSITION,YES_SAME_A2R_ECONOMIC_FAMILY,CONTINUE,NO
2019-02-20,TAIWAN,LIST-F66FA10B356B8DDE,LIST-EBB91BFA95DBB37F,IE00B3S1J086,HTWN,A2R_CANONICAL_SELECTION,True,2019-02-19,1.0,True,7,SEMANTICALLY_IDENTICAL_IMPLEMENTATION_TRANSITION,YES_SAME_A2R_ECONOMIC_FAMILY,CONTINUE,NO
2019-02-21,TAIWAN,LIST-EBB91BFA95DBB37F,LIST-F66FA10B356B8DDE,IE00B0M63623,ITWN,A2R_CANONICAL_SELECTION,True,2019-02-20,1.0,True,7,SEMANTICALLY_IDENTICAL_IMPLEMENTATION_TRANSITION,YES_SAME_A2R_ECONOMIC_FAMILY,CONTINUE,NO
2019-03-11,TAIWAN,LIST-F66FA10B356B8DDE,LIST-EBB91BFA95DBB37F,IE00B3S1J086,HTWN,A2R_CANONICAL_SELECTION,True,2019-03-08,1.0,True,7,SEMANTICALLY_IDENTICAL_IMPLEMENTATION_TRANSITION,YES_SAME_A2R_ECONOMIC_FAMILY,CONTINUE,NO
2019-03-12,TAIWAN,LIST-EBB91BFA95DBB37F,LIST-F66FA10B356B8DDE,IE00B0M63623,ITWN,A2R_CANONICAL_SELECTION,True,2019-03-11,1.0,True,7,SEMANTICALLY_IDENTICAL_IMPLEMENTATION_TRANSITION,YES_SAME_A2R_ECONOMIC_FAMILY,CONTINUE,NO
2019-04-11,TAIWAN,LIST-F66FA10B356B8DDE,LIST-EBB91BFA95DBB37F,IE00B3S1J086,HTWN,A2R_CANONICAL_SELECTION,True,2019-04-10,1.0,True,7,SEMANTICALLY_IDENTICAL_IMPLEMENTATION_TRANSITION,YES_SAME_A2R_ECONOMIC_FAMILY,CONTINUE,NO
2019-04-12,TAIWAN,LIST-EBB91BFA95DBB37F,LIST-F66FA10B356B8DDE,IE00B0M63623,ITWN,A2R_CANONICAL_SELECTION,True,2019-04-11,1.0,True,7,SEMANTICALLY_IDENTICAL_IMPLEMENTATION_TRANSITION,YES_SAME_A2R_ECONOMIC_FAMILY,CONTINUE,NO
2019-05-03,TAIWAN,LIST-F66FA10B356B8DDE,LIST-EBB91BFA95DBB37F,IE00B3S1J086,HTWN,A2R_CANONICAL_SELECTION,True,2019-05-02,1.0,True,7,SEMANTICALLY_IDENTICAL_IMPLEMENTATION_TRANSITION,YES_SAME_A2R_ECONOMIC_FAMILY,CONTINUE,NO
2019-05-08,TAIWAN,LIST-EBB91BFA95DBB37F,LIST-F66FA10B356B8DDE,IE00B0M63623,ITWN,A2R_CANONICAL_SELECTION,False,,,False,7,PRICE_NOT_AVAILABLE,YES_SAME_A2R_ECONOMIC_FAMILY,RESET_OR_ENDPOINT_UNAVAILABLE,NO
2019-05-09,TAIWAN,LIST-F66FA10B356B8DDE,LIST-EBB91BFA95DBB37F,IE00B3S1J086,HTWN,A2R_CANONICAL_SELECTION,True,2019-05-08,1.0,False,7,EXACT_PREVIOUS_XLON_SESSION_ENDPOINT,YES_SAME_A2R_ECONOMIC_FAMILY,RESET_OR_ENDPOINT_UNAVAILABLE,NO
2019-05-10,TAIWAN,LIST-EBB91BFA95DBB37F,LIST-F66FA10B356B8DDE,IE00B0M63623,ITWN,A2R_CANONICAL_SELECTION,False,,,False,7,PRICE_NOT_AVAILABLE,YES_SAME_A2R_ECONOMIC_FAMILY,RESET_OR_ENDPOINT_UNAVAILABLE,NO
2019-05-13,TAIWAN,LIST-F66FA10B356B8DDE,LIST-EBB91BFA95DBB37F,IE00B3S1J086,HTWN,A2R_CANONICAL_SELECTION,True,2019-05-10,1.0,False,7,EXACT_PREVIOUS_XLON_SESSION_ENDPOINT,YES_SAME_A2R_ECONOMIC_FAMILY,RESET_OR_ENDPOINT_UNAVAILABLE,NO
2019-05-14,TAIWAN,LIST-EBB91BFA95DBB37F,LIST-F66FA10B356B8DDE,IE00B0M63623,ITWN,A2R_CANONICAL_SELECTION,True,2019-05-13,1.0,True,7,SEMANTICALLY_IDENTICAL_IMPLEMENTATION_TRANSITION,YES_SAME_A2R_ECONOMIC_FAMILY,CONTINUE,NO
2019-05-17,TAIWAN,LIST-F66FA10B356B8DDE,LIST-EBB91BFA95DBB37F,IE00B3S1J086,HTWN,A2R_CANONICAL_SELECTION,True,2019-05-16,1.0,True,7,SEMANTICALLY_IDENTICAL_IMPLEMENTATION_TRANSITION,YES_SAME_A2R_ECONOMIC_FAMILY,CONTINUE,NO
2019-05-20,TAIWAN,LIST-EBB91BFA95DBB37F,LIST-F66FA10B356B8DDE,IE00B0M63623,ITWN,A2R_CANONICAL_SELECTION,True,2019-05-17,1.0,True,7,SEMANTICALLY_IDENTICAL_IMPLEMENTATION_TRANSITION,YES_SAME_A2R_ECONOMIC_FAMILY,CONTINUE,NO
2019-06-07,TAIWAN,LIST-F66FA10B356B8DDE,LIST-EBB91BFA95DBB37F,IE00B3S1J086,HTWN,A2R_CANONICAL_SELECTION,True,2019-06-06,1.0,True,7,SEMANTICALLY_IDENTICAL_IMPLEMENTATION_TRANSITION,YES_SAME_A2R_ECONOMIC_FAMILY,CONTINUE,NO
2019-06-10,TAIWAN,LIST-EBB91BFA95DBB37F,LIST-F66FA10B356B8DDE,IE00B0M63623,ITWN,A2R_CANONICAL_SELECTION,True,2019-06-07,1.0,True,7,SEMANTICALLY_IDENTICAL_IMPLEMENTATION_TRANSITION,YES_SAME_A2R_ECONOMIC_FAMILY,CONTINUE,NO
2019-06-12,TAIWAN,LIST-F66FA10B356B8DDE,LIST-EBB91BFA95DBB37F,IE00B3S1J086,HTWN,A2R_CANONICAL_SELECTION,True,2019-06-11,1.0,True,7,SEMANTICALLY_IDENTICAL_IMPLEMENTATION_TRANSITION,YES_SAME_A2R_ECONOMIC_FAMILY,CONTINUE,NO
2019-06-13,TAIWAN,LIST-EBB91BFA95DBB37F,LIST-F66FA10B356B8DDE,IE00B0M63623,ITWN,A2R_CANONICAL_SELECTION,True,2019-06-12,1.0,True,7,SEMANTICALLY_IDENTICAL_IMPLEMENTATION_TRANSITION,YES_SAME_A2R_ECONOMIC_FAMILY,CONTINUE,NO
2019-06-18,TAIWAN,LIST-F66FA10B356B8DDE,LIST-EBB91BFA95DBB37F,IE00B3S1J086,HTWN,A2R_CANONICAL_SELECTION,True,2019-06-17,1.0,True,7,SEMANTICALLY_IDENTICAL_IMPLEMENTATION_TRANSITION,YES_SAME_A2R_ECONOMIC_FAMILY,CONTINUE,NO
2019-06-19,TAIWAN,LIST-EBB91BFA95DBB37F,LIST-F66FA10B356B8DDE,IE00B0M63623,ITWN,A2R_CANONICAL_SELECTION,True,2019-06-18,1.0,True,7,SEMANTICALLY_IDENTICAL_IMPLEMENTATION_TRANSITION,YES_SAME_A2R_ECONOMIC_FAMILY,CONTINUE,NO
2019-06-24,TAIWAN,LIST-F66FA10B356B8DDE,LIST-EBB91BFA95DBB37F,IE00B3S1J086,HTWN,A2R_CANONICAL_SELECTION,True,2019-06-21,1.0,True,7,SEMANTICALLY_IDENTICAL_IMPLEMENTATION_TRANSITION,YES_SAME_A2R_ECONOMIC_FAMILY,CONTINUE,NO
2019-06-25,TAIWAN,LIST-EBB91BFA95DBB37F,LIST-F66FA10B356B8DDE,IE00B0M63623,ITWN,A2R_CANONICAL_SELECTION,True,2019-06-24,1.0,True,7,SEMANTICALLY_IDENTICAL_IMPLEMENTATION_TRANSITION,YES_SAME_A2R_ECONOMIC_FAMILY,CONTINUE,NO
2019-07-04,TAIWAN,LIST-F66FA10B356B8DDE,LIST-EBB91BFA95DBB37F,IE00B3S1J086,HTWN,A2R_CANONICAL_SELECTION,True,2019-07-03,1.0,True,7,SEMANTICALLY_IDENTICAL_IMPLEMENTATION_TRANSITION,YES_SAME_A2R_ECONOMIC_FAMILY,CONTINUE,NO
2019-07-05,TAIWAN,LIST-EBB91BFA95DBB37F,LIST-F66FA10B356B8DDE,IE00B0M63623,ITWN,A2R_CANONICAL_SELECTION,True,2019-07-04,1.0,True,7,SEMANTICALLY_IDENTICAL_IMPLEMENTATION_TRANSITION,YES_SAME_A2R_ECONOMIC_FAMILY,CONTINUE,NO
2019-07-15,TAIWAN,LIST-F66FA10B356B8DDE,LIST-EBB91BFA95DBB37F,IE00B3S1J086,HTWN,A2R_CANONICAL_SELECTION,True,2019-07-12,1.0,True,7,SEMANTICALLY_IDENTICAL_IMPLEMENTATION_TRANSITION,YES_SAME_A2R_ECONOMIC_FAMILY,CONTINUE,NO
2019-07-16,TAIWAN,LIST-EBB91BFA95DBB37F,LIST-F66FA10B356B8DDE,IE00B0M63623,ITWN,A2R_CANONICAL_SELECTION,True,2019-07-15,1.0,True,7,SEMANTICALLY_IDENTICAL_IMPLEMENTATION_TRANSITION,YES_SAME_A2R_ECONOMIC_FAMILY,CONTINUE,NO
2019-08-23,TAIWAN,LIST-F66FA10B356B8DDE,LIST-EBB91BFA95DBB37F,IE00B3S1J086,HTWN,A2R_CANONICAL_SELECTION,True,2019-08-22,1.0,True,7,SEMANTICALLY_IDENTICAL_IMPLEMENTATION_TRANSITION,YES_SAME_A2R_ECONOMIC_FAMILY,CONTINUE,NO
2019-08-28,TAIWAN,LIST-EBB91BFA95DBB37F,LIST-F66FA10B356B8DDE,IE00B0M63623,ITWN,A2R_CANONICAL_SELECTION,True,2019-08-27,1.0,True,7,SEMANTICALLY_IDENTICAL_IMPLEMENTATION_TRANSITION,YES_SAME_A2R_ECONOMIC_FAMILY,CONTINUE,NO
2019-09-12,TAIWAN,LIST-F66FA10B356B8DDE,LIST-EBB91BFA95DBB37F,IE00B3S1J086,HTWN,A2R_CANONICAL_SELECTION,True,2019-09-11,1.0,True,7,SEMANTICALLY_IDENTICAL_IMPLEMENTATION_TRANSITION,YES_SAME_A2R_ECONOMIC_FAMILY,CONTINUE,NO
2019-09-13,TAIWAN,LIST-EBB91BFA95DBB37F,LIST-F66FA10B356B8DDE,IE00B0M63623,ITWN,A2R_CANONICAL_SELECTION,True,2019-09-12,1.0,True,7,SEMANTICALLY_IDENTICAL_IMPLEMENTATION_TRANSITION,YES_SAME_A2R_ECONOMIC_FAMILY,CONTINUE,NO
2019-09-20,TAIWAN,LIST-F66FA10B356B8DDE,LIST-EBB91BFA95DBB37F,IE00B3S1J086,HTWN,A2R_CANONICAL_SELECTION,True,2019-09-19,1.0,True,7,SEMANTICALLY_IDENTICAL_IMPLEMENTATION_TRANSITION,YES_SAME_A2R_ECONOMIC_FAMILY,CONTINUE,NO
2019-09-23,TAIWAN,LIST-EBB91BFA95DBB37F,LIST-F66FA10B356B8DDE,IE00B0M63623,ITWN,A2R_CANONICAL_SELECTION,True,2019-09-20,1.0,True,7,SEMANTICALLY_IDENTICAL_IMPLEMENTATION_TRANSITION,YES_SAME_A2R_ECONOMIC_FAMILY,CONTINUE,NO
2019-09-27,TAIWAN,LIST-F66FA10B356B8DDE,LIST-EBB91BFA95DBB37F,IE00B3S1J086,HTWN,A2R_CANONICAL_SELECTION,True,2019-09-26,1.0,True,7,SEMANTICALLY_IDENTICAL_IMPLEMENTATION_TRANSITION,YES_SAME_A2R_ECONOMIC_FAMILY,CONTINUE,NO
2019-09-30,TAIWAN,LIST-EBB91BFA95DBB37F,LIST-F66FA10B356B8DDE,IE00B0M63623,ITWN,A2R_CANONICAL_SELECTION,True,2019-09-27,1.0,True,7,SEMANTICALLY_IDENTICAL_IMPLEMENTATION_TRANSITION,YES_SAME_A2R_ECONOMIC_FAMILY,CONTINUE,NO
2019-10-09,TAIWAN,LIST-F66FA10B356B8DDE,LIST-EBB91BFA95DBB37F,IE00B3S1J086,HTWN,A2R_CANONICAL_SELECTION,True,2019-10-08,1.0,True,7,SEMANTICALLY_IDENTICAL_IMPLEMENTATION_TRANSITION,YES_SAME_A2R_ECONOMIC_FAMILY,CONTINUE,NO
2019-10-10,TAIWAN,LIST-EBB91BFA95DBB37F,LIST-F66FA10B356B8DDE,IE00B0M63623,ITWN,A2R_CANONICAL_SELECTION,True,2019-10-09,1.0,True,7,SEMANTICALLY_IDENTICAL_IMPLEMENTATION_TRANSITION,YES_SAME_A2R_ECONOMIC_FAMILY,CONTINUE,NO
2019-10-31,TAIWAN,LIST-F66FA10B356B8DDE,LIST-EBB91BFA95DBB37F,IE00B3S1J086,HTWN,A2R_CANONICAL_SELECTION,True,2019-10-30,1.0,True,7,SEMANTICALLY_IDENTICAL_IMPLEMENTATION_TRANSITION,YES_SAME_A2R_ECONOMIC_FAMILY,CONTINUE,NO
2019-11-01,TAIWAN,LIST-EBB91BFA95DBB37F,LIST-F66FA10B356B8DDE,IE00B0M63623,ITWN,A2R_CANONICAL_SELECTION,True,2019-10-31,1.0,True,7,SEMANTICALLY_IDENTICAL_IMPLEMENTATION_TRANSITION,YES_SAME_A2R_ECONOMIC_FAMILY,CONTINUE,NO
2019-11-06,TAIWAN,LIST-F66FA10B356B8DDE,LIST-EBB91BFA95DBB37F,IE00B3S1J086,HTWN,A2R_CANONICAL_SELECTION,True,2019-11-05,1.0,True,7,SEMANTICALLY_IDENTICAL_IMPLEMENTATION_TRANSITION,YES_SAME_A2R_ECONOMIC_FAMILY,CONTINUE,NO
2019-11-07,TAIWAN,LIST-EBB91BFA95DBB37F,LIST-F66FA10B356B8DDE,IE00B0M63623,ITWN,A2R_CANONICAL_SELECTION,True,2019-11-06,1.0,True,7,SEMANTICALLY_IDENTICAL_IMPLEMENTATION_TRANSITION,YES_SAME_A2R_ECONOMIC_FAMILY,CONTINUE,NO
2019-12-09,TAIWAN,LIST-F66FA10B356B8DDE,LIST-EBB91BFA95DBB37F,IE00B3S1J086,HTWN,A2R_CANONICAL_SELECTION,True,2019-12-06,1.0,True,7,SEMANTICALLY_IDENTICAL_IMPLEMENTATION_TRANSITION,YES_SAME_A2R_ECONOMIC_FAMILY,CONTINUE,NO
2019-12-10,TAIWAN,LIST-EBB91BFA95DBB37F,LIST-F66FA10B356B8DDE,IE00B0M63623,ITWN,A2R_CANONICAL_SELECTION,False,,,False,7,PRICE_NOT_AVAILABLE,YES_SAME_A2R_ECONOMIC_FAMILY,RESET_OR_ENDPOINT_UNAVAILABLE,NO
2019-12-11,TAIWAN,LIST-F66FA10B356B8DDE,LIST-EBB91BFA95DBB37F,IE00B3S1J086,HTWN,A2R_CANONICAL_SELECTION,True,2019-12-10,1.0,False,7,EXACT_PREVIOUS_XLON_SESSION_ENDPOINT,YES_SAME_A2R_ECONOMIC_FAMILY,RESET_OR_ENDPOINT_UNAVAILABLE,NO
2019-12-12,TAIWAN,LIST-EBB91BFA95DBB37F,LIST-F66FA10B356B8DDE,IE00B0M63623,ITWN,A2R_CANONICAL_SELECTION,True,2019-12-11,1.0,True,7,SEMANTICALLY_IDENTICAL_IMPLEMENTATION_TRANSITION,YES_SAME_A2R_ECONOMIC_FAMILY,CONTINUE,NO
2020-01-02,TAIWAN,LIST-F66FA10B356B8DDE,LIST-EBB91BFA95DBB37F,IE00B3S1J086,HTWN,A2R_CANONICAL_SELECTION,True,2019-12-31,1.0,True,7,SEMANTICALLY_IDENTICAL_IMPLEMENTATION_TRANSITION,YES_SAME_A2R_ECONOMIC_FAMILY,CONTINUE,NO
2020-01-03,TAIWAN,LIST-EBB91BFA95DBB37F,LIST-F66FA10B356B8DDE,IE00B0M63623,ITWN,A2R_CANONICAL_SELECTION,True,2020-01-02,1.0,True,7,SEMANTICALLY_IDENTICAL_IMPLEMENTATION_TRANSITION,YES_SAME_A2R_ECONOMIC_FAMILY,CONTINUE,NO
2020-02-24,TAIWAN,LIST-F66FA10B356B8DDE,LIST-EBB91BFA95DBB37F,IE00B3S1J086,HTWN,A2R_CANONICAL_SELECTION,True,2020-02-21,1.0,True,7,SEMANTICALLY_IDENTICAL_IMPLEMENTATION_TRANSITION,YES_SAME_A2R_ECONOMIC_FAMILY,CONTINUE,NO
2020-02-25,TAIWAN,LIST-EBB91BFA95DBB37F,LIST-F66FA10B356B8DDE,IE00B0M63623,ITWN,A2R_CANONICAL_SELECTION,True,2020-02-24,1.0,True,7,SEMANTICALLY_IDENTICAL_IMPLEMENTATION_TRANSITION,YES_SAME_A2R_ECONOMIC_FAMILY,CONTINUE,NO
2020-03-10,TAIWAN,LIST-F66FA10B356B8DDE,LIST-EBB91BFA95DBB37F,IE00B3S1J086,HTWN,A2R_CANONICAL_SELECTION,True,2020-03-09,1.0,True,7,SEMANTICALLY_IDENTICAL_IMPLEMENTATION_TRANSITION,YES_SAME_A2R_ECONOMIC_FAMILY,CONTINUE,NO
2020-03-11,TAIWAN,LIST-EBB91BFA95DBB37F,LIST-F66FA10B356B8DDE,IE00B0M63623,ITWN,A2R_CANONICAL_SELECTION,True,2020-03-10,1.0,True,7,SEMANTICALLY_IDENTICAL_IMPLEMENTATION_TRANSITION,YES_SAME_A2R_ECONOMIC_FAMILY,CONTINUE,NO
2026-05-05,TAIWAN,LIST-F66FA10B356B8DDE,LIST-A6BC126B12C8ACC1,IE00B0M63623,IDTW,A2R_CANONICAL_SELECTION,True,2026-05-01,1.0,True,7,SEMANTICALLY_IDENTICAL_IMPLEMENTATION_TRANSITION,YES_SAME_A2R_ECONOMIC_FAMILY,CONTINUE,NO
2026-05-06,TAIWAN,LIST-A6BC126B12C8ACC1,LIST-F66FA10B356B8DDE,IE00B0M63623,ITWN,A2R_CANONICAL_SELECTION,True,2026-05-05,1.0,True,7,SEMANTICALLY_IDENTICAL_IMPLEMENTATION_TRANSITION,YES_SAME_A2R_ECONOMIC_FAMILY,CONTINUE,NO
2008-02-28,UK_LARGE_CAP,LIST-649F8455DB6E4730,LIST-725CD35916D7369A,LU1650492173,L100,A2R_CANONICAL_SELECTION,False,,,False,1,PRICE_NOT_AVAILABLE,YES_SAME_A2R_ECONOMIC_FAMILY,RESET_OR_ENDPOINT_UNAVAILABLE,NO
2010-08-13,UK_LARGE_CAP,LIST-649F8455DB6E4730,LIST-725CD35916D7369A,LU1650492173,L100,A2R_CANONICAL_SELECTION,True,2010-08-12,1.0,True,2,SEMANTICALLY_IDENTICAL_IMPLEMENTATION_TRANSITION,YES_SAME_A2R_ECONOMIC_FAMILY,CONTINUE,NO
2010-08-16,UK_LARGE_CAP,LIST-725CD35916D7369A,LIST-649F8455DB6E4730,IE0005042456,ISF,A2R_CANONICAL_SELECTION,True,2010-08-13,1.0,True,2,SEMANTICALLY_IDENTICAL_IMPLEMENTATION_TRANSITION,YES_SAME_A2R_ECONOMIC_FAMILY,CONTINUE,NO
2010-08-13,UK_MID_CAP,LIST-57078DB5D1749EED,LIST-F74E621DE85098B2,LU0292097317,XMCX,A2R_CANONICAL_SELECTION,True,2010-08-12,1.0,True,2,SEMANTICALLY_IDENTICAL_IMPLEMENTATION_TRANSITION,YES_SAME_A2R_ECONOMIC_FAMILY,CONTINUE,NO
2010-08-16,UK_MID_CAP,LIST-F74E621DE85098B2,LIST-57078DB5D1749EED,IE00B00FV128,MIDD,A2R_CANONICAL_SELECTION,True,2010-08-13,1.0,True,2,SEMANTICALLY_IDENTICAL_IMPLEMENTATION_TRANSITION,YES_SAME_A2R_ECONOMIC_FAMILY,CONTINUE,NO
2011-04-15,UK_MID_CAP,LIST-57078DB5D1749EED,LIST-F74E621DE85098B2,LU0292097317,XMCX,A2R_CANONICAL_SELECTION,True,2011-04-14,1.0,True,2,SEMANTICALLY_IDENTICAL_IMPLEMENTATION_TRANSITION,YES_SAME_A2R_ECONOMIC_FAMILY,CONTINUE,NO
2011-04-21,UK_MID_CAP,LIST-F74E621DE85098B2,LIST-57078DB5D1749EED,IE00B00FV128,MIDD,A2R_CANONICAL_SELECTION,True,2011-04-20,1.0,True,2,SEMANTICALLY_IDENTICAL_IMPLEMENTATION_TRANSITION,YES_SAME_A2R_ECONOMIC_FAMILY,CONTINUE,NO
2018-12-11,US_BANKS,LIST-2063F4BF7B1AC629,LIST-3EEB8E9FBFF33C15,IE00BDVPTJ63,XUFB,A2R_CANONICAL_SELECTION,True,2018-12-10,1.0,True,14,SEMANTICALLY_IDENTICAL_IMPLEMENTATION_TRANSITION,YES_SAME_A2R_ECONOMIC_FAMILY,CONTINUE,NO
2019-10-25,US_BANKS,LIST-3EEB8E9FBFF33C15,LIST-2063F4BF7B1AC629,IE00BD3V0B10,BNKS,A2R_CANONICAL_SELECTION,True,2019-10-24,1.0,True,14,SEMANTICALLY_IDENTICAL_IMPLEMENTATION_TRANSITION,YES_SAME_A2R_ECONOMIC_FAMILY,CONTINUE,NO
2019-10-28,US_BANKS,LIST-2063F4BF7B1AC629,LIST-3EEB8E9FBFF33C15,IE00BDVPTJ63,XUFB,A2R_CANONICAL_SELECTION,True,2019-10-25,1.0,True,14,SEMANTICALLY_IDENTICAL_IMPLEMENTATION_TRANSITION,YES_SAME_A2R_ECONOMIC_FAMILY,CONTINUE,NO
2018-08-28,US_BROAD_LARGE_CAP,LIST-9A4B308E666C3988,LIST-EB200F25D3A38006,IE00B5BMR087,CSPX,A2R_CANONICAL_SELECTION,True,2018-08-24,1.0,True,1,SEMANTICALLY_IDENTICAL_IMPLEMENTATION_TRANSITION,YES_SAME_A2R_ECONOMIC_FAMILY,CONTINUE,NO
2018-08-29,US_BROAD_LARGE_CAP,LIST-EB200F25D3A38006,LIST-9A4B308E666C3988,IE0031442068,IUSA,A2R_CANONICAL_SELECTION,True,2018-08-28,1.0,True,1,SEMANTICALLY_IDENTICAL_IMPLEMENTATION_TRANSITION,YES_SAME_A2R_ECONOMIC_FAMILY,CONTINUE,NO
2019-05-07,US_BROAD_LARGE_CAP,LIST-9A4B308E666C3988,LIST-EB200F25D3A38006,IE00B5BMR087,CSPX,A2R_CANONICAL_SELECTION,True,2019-05-03,1.0,True,1,SEMANTICALLY_IDENTICAL_IMPLEMENTATION_TRANSITION,YES_SAME_A2R_ECONOMIC_FAMILY,CONTINUE,NO
2019-05-08,US_BROAD_LARGE_CAP,LIST-EB200F25D3A38006,LIST-9A4B308E666C3988,IE0031442068,IUSA,A2R_CANONICAL_SELECTION,True,2019-05-07,1.0,True,1,SEMANTICALLY_IDENTICAL_IMPLEMENTATION_TRANSITION,YES_SAME_A2R_ECONOMIC_FAMILY,CONTINUE,NO
2019-05-28,US_BROAD_LARGE_CAP,LIST-9A4B308E666C3988,LIST-EB200F25D3A38006,IE00B5BMR087,CSPX,A2R_CANONICAL_SELECTION,True,2019-05-24,1.0,True,1,SEMANTICALLY_IDENTICAL_IMPLEMENTATION_TRANSITION,YES_SAME_A2R_ECONOMIC_FAMILY,CONTINUE,NO
2019-05-29,US_BROAD_LARGE_CAP,LIST-EB200F25D3A38006,LIST-9A4B308E666C3988,IE0031442068,IUSA,A2R_CANONICAL_SELECTION,True,2019-05-28,1.0,True,1,SEMANTICALLY_IDENTICAL_IMPLEMENTATION_TRANSITION,YES_SAME_A2R_ECONOMIC_FAMILY,CONTINUE,NO
2019-08-27,US_BROAD_LARGE_CAP,LIST-9A4B308E666C3988,LIST-EB200F25D3A38006,IE00B5BMR087,CSPX,A2R_CANONICAL_SELECTION,True,2019-08-23,1.0,True,1,SEMANTICALLY_IDENTICAL_IMPLEMENTATION_TRANSITION,YES_SAME_A2R_ECONOMIC_FAMILY,CONTINUE,NO
2019-08-28,US_BROAD_LARGE_CAP,LIST-EB200F25D3A38006,LIST-9A4B308E666C3988,IE0031442068,IUSA,A2R_CANONICAL_SELECTION,True,2019-08-27,1.0,True,1,SEMANTICALLY_IDENTICAL_IMPLEMENTATION_TRANSITION,YES_SAME_A2R_ECONOMIC_FAMILY,CONTINUE,NO
2020-05-11,US_BROAD_LARGE_CAP,LIST-9A4B308E666C3988,LIST-EB200F25D3A38006,IE00B5BMR087,CSPX,A2R_CANONICAL_SELECTION,True,2020-05-07,1.0,True,1,SEMANTICALLY_IDENTICAL_IMPLEMENTATION_TRANSITION,YES_SAME_A2R_ECONOMIC_FAMILY,CONTINUE,NO
2020-05-12,US_BROAD_LARGE_CAP,LIST-EB200F25D3A38006,LIST-9A4B308E666C3988,IE0031442068,IUSA,A2R_CANONICAL_SELECTION,True,2020-05-11,1.0,True,1,SEMANTICALLY_IDENTICAL_IMPLEMENTATION_TRANSITION,YES_SAME_A2R_ECONOMIC_FAMILY,CONTINUE,NO
2020-09-01,US_BROAD_LARGE_CAP,LIST-9A4B308E666C3988,LIST-EB200F25D3A38006,IE00B5BMR087,CSPX,A2R_CANONICAL_SELECTION,True,2020-08-28,1.0,True,1,SEMANTICALLY_IDENTICAL_IMPLEMENTATION_TRANSITION,YES_SAME_A2R_ECONOMIC_FAMILY,CONTINUE,NO
2020-09-02,US_BROAD_LARGE_CAP,LIST-EB200F25D3A38006,LIST-9A4B308E666C3988,IE0031442068,IUSA,A2R_CANONICAL_SELECTION,True,2020-09-01,1.0,True,1,SEMANTICALLY_IDENTICAL_IMPLEMENTATION_TRANSITION,YES_SAME_A2R_ECONOMIC_FAMILY,CONTINUE,NO
2020-12-29,US_BROAD_LARGE_CAP,LIST-9A4B308E666C3988,LIST-EB200F25D3A38006,IE00B5BMR087,CSPX,A2R_CANONICAL_SELECTION,True,2020-12-24,1.0,True,1,SEMANTICALLY_IDENTICAL_IMPLEMENTATION_TRANSITION,YES_SAME_A2R_ECONOMIC_FAMILY,CONTINUE,NO
2020-12-30,US_BROAD_LARGE_CAP,LIST-EB200F25D3A38006,LIST-9A4B308E666C3988,IE0031442068,IUSA,A2R_CANONICAL_SELECTION,True,2020-12-29,1.0,True,1,SEMANTICALLY_IDENTICAL_IMPLEMENTATION_TRANSITION,YES_SAME_A2R_ECONOMIC_FAMILY,CONTINUE,NO
2021-05-04,US_BROAD_LARGE_CAP,LIST-9A4B308E666C3988,LIST-EB200F25D3A38006,IE00B5BMR087,CSPX,A2R_CANONICAL_SELECTION,True,2021-04-30,1.0,True,1,SEMANTICALLY_IDENTICAL_IMPLEMENTATION_TRANSITION,YES_SAME_A2R_ECONOMIC_FAMILY,CONTINUE,NO
2021-05-05,US_BROAD_LARGE_CAP,LIST-EB200F25D3A38006,LIST-9A4B308E666C3988,IE0031442068,IUSA,A2R_CANONICAL_SELECTION,True,2021-05-04,1.0,True,1,SEMANTICALLY_IDENTICAL_IMPLEMENTATION_TRANSITION,YES_SAME_A2R_ECONOMIC_FAMILY,CONTINUE,NO
2021-06-01,US_BROAD_LARGE_CAP,LIST-9A4B308E666C3988,LIST-EB200F25D3A38006,IE00B5BMR087,CSPX,A2R_CANONICAL_SELECTION,True,2021-05-28,1.0,True,1,SEMANTICALLY_IDENTICAL_IMPLEMENTATION_TRANSITION,YES_SAME_A2R_ECONOMIC_FAMILY,CONTINUE,NO
2021-06-02,US_BROAD_LARGE_CAP,LIST-EB200F25D3A38006,LIST-9A4B308E666C3988,IE0031442068,IUSA,A2R_CANONICAL_SELECTION,True,2021-06-01,1.0,True,1,SEMANTICALLY_IDENTICAL_IMPLEMENTATION_TRANSITION,YES_SAME_A2R_ECONOMIC_FAMILY,CONTINUE,NO
2021-08-31,US_BROAD_LARGE_CAP,LIST-9A4B308E666C3988,LIST-EB200F25D3A38006,IE00B5BMR087,CSPX,A2R_CANONICAL_SELECTION,True,2021-08-27,1.0,True,1,SEMANTICALLY_IDENTICAL_IMPLEMENTATION_TRANSITION,YES_SAME_A2R_ECONOMIC_FAMILY,CONTINUE,NO
2021-09-01,US_BROAD_LARGE_CAP,LIST-EB200F25D3A38006,LIST-9A4B308E666C3988,IE0031442068,IUSA,A2R_CANONICAL_SELECTION,True,2021-08-31,1.0,True,1,SEMANTICALLY_IDENTICAL_IMPLEMENTATION_TRANSITION,YES_SAME_A2R_ECONOMIC_FAMILY,CONTINUE,NO
2021-12-29,US_BROAD_LARGE_CAP,LIST-9A4B308E666C3988,LIST-EB200F25D3A38006,IE00B5BMR087,CSPX,A2R_CANONICAL_SELECTION,True,2021-12-24,1.0,True,1,SEMANTICALLY_IDENTICAL_IMPLEMENTATION_TRANSITION,YES_SAME_A2R_ECONOMIC_FAMILY,CONTINUE,NO
2021-12-30,US_BROAD_LARGE_CAP,LIST-EB200F25D3A38006,LIST-9A4B308E666C3988,IE0031442068,IUSA,A2R_CANONICAL_SELECTION,True,2021-12-29,1.0,True,1,SEMANTICALLY_IDENTICAL_IMPLEMENTATION_TRANSITION,YES_SAME_A2R_ECONOMIC_FAMILY,CONTINUE,NO
2022-08-30,US_BROAD_LARGE_CAP,LIST-9A4B308E666C3988,LIST-EB200F25D3A38006,IE00B5BMR087,CSPX,A2R_CANONICAL_SELECTION,True,2022-08-26,1.0,True,1,SEMANTICALLY_IDENTICAL_IMPLEMENTATION_TRANSITION,YES_SAME_A2R_ECONOMIC_FAMILY,CONTINUE,NO
2022-08-31,US_BROAD_LARGE_CAP,LIST-EB200F25D3A38006,LIST-9A4B308E666C3988,IE0031442068,IUSA,A2R_CANONICAL_SELECTION,True,2022-08-30,1.0,True,1,SEMANTICALLY_IDENTICAL_IMPLEMENTATION_TRANSITION,YES_SAME_A2R_ECONOMIC_FAMILY,CONTINUE,NO
2022-09-20,US_BROAD_LARGE_CAP,LIST-9A4B308E666C3988,LIST-EB200F25D3A38006,IE00B5BMR087,CSPX,A2R_CANONICAL_SELECTION,True,2022-09-16,1.0,True,1,SEMANTICALLY_IDENTICAL_IMPLEMENTATION_TRANSITION,YES_SAME_A2R_ECONOMIC_FAMILY,CONTINUE,NO
2022-09-21,US_BROAD_LARGE_CAP,LIST-EB200F25D3A38006,LIST-9A4B308E666C3988,IE0031442068,IUSA,A2R_CANONICAL_SELECTION,True,2022-09-20,1.0,True,1,SEMANTICALLY_IDENTICAL_IMPLEMENTATION_TRANSITION,YES_SAME_A2R_ECONOMIC_FAMILY,CONTINUE,NO
2022-12-28,US_BROAD_LARGE_CAP,LIST-9A4B308E666C3988,LIST-EB200F25D3A38006,IE00B5BMR087,CSPX,A2R_CANONICAL_SELECTION,True,2022-12-23,1.0,True,1,SEMANTICALLY_IDENTICAL_IMPLEMENTATION_TRANSITION,YES_SAME_A2R_ECONOMIC_FAMILY,CONTINUE,NO
2022-12-29,US_BROAD_LARGE_CAP,LIST-EB200F25D3A38006,LIST-9A4B308E666C3988,IE0031442068,IUSA,A2R_CANONICAL_SELECTION,True,2022-12-28,1.0,True,1,SEMANTICALLY_IDENTICAL_IMPLEMENTATION_TRANSITION,YES_SAME_A2R_ECONOMIC_FAMILY,CONTINUE,NO
2023-05-09,US_BROAD_LARGE_CAP,LIST-9A4B308E666C3988,LIST-EB200F25D3A38006,IE00B5BMR087,CSPX,A2R_CANONICAL_SELECTION,True,2023-05-05,1.0,True,1,SEMANTICALLY_IDENTICAL_IMPLEMENTATION_TRANSITION,YES_SAME_A2R_ECONOMIC_FAMILY,CONTINUE,NO
2023-05-10,US_BROAD_LARGE_CAP,LIST-EB200F25D3A38006,LIST-9A4B308E666C3988,IE0031442068,IUSA,A2R_CANONICAL_SELECTION,True,2023-05-09,1.0,True,1,SEMANTICALLY_IDENTICAL_IMPLEMENTATION_TRANSITION,YES_SAME_A2R_ECONOMIC_FAMILY,CONTINUE,NO
2023-05-30,US_BROAD_LARGE_CAP,LIST-9A4B308E666C3988,LIST-EB200F25D3A38006,IE00B5BMR087,CSPX,A2R_CANONICAL_SELECTION,True,2023-05-26,1.0,True,1,SEMANTICALLY_IDENTICAL_IMPLEMENTATION_TRANSITION,YES_SAME_A2R_ECONOMIC_FAMILY,CONTINUE,NO
2023-05-31,US_BROAD_LARGE_CAP,LIST-EB200F25D3A38006,LIST-9A4B308E666C3988,IE0031442068,IUSA,A2R_CANONICAL_SELECTION,True,2023-05-30,1.0,True,1,SEMANTICALLY_IDENTICAL_IMPLEMENTATION_TRANSITION,YES_SAME_A2R_ECONOMIC_FAMILY,CONTINUE,NO
2023-08-29,US_BROAD_LARGE_CAP,LIST-9A4B308E666C3988,LIST-EB200F25D3A38006,IE00B5BMR087,CSPX,A2R_CANONICAL_SELECTION,True,2023-08-25,1.0,True,1,SEMANTICALLY_IDENTICAL_IMPLEMENTATION_TRANSITION,YES_SAME_A2R_ECONOMIC_FAMILY,CONTINUE,NO
2023-08-30,US_BROAD_LARGE_CAP,LIST-EB200F25D3A38006,LIST-9A4B308E666C3988,IE0031442068,IUSA,A2R_CANONICAL_SELECTION,True,2023-08-29,1.0,True,1,SEMANTICALLY_IDENTICAL_IMPLEMENTATION_TRANSITION,YES_SAME_A2R_ECONOMIC_FAMILY,CONTINUE,NO
2024-05-07,US_BROAD_LARGE_CAP,LIST-9A4B308E666C3988,LIST-EB200F25D3A38006,IE00B5BMR087,CSPX,A2R_CANONICAL_SELECTION,True,2024-05-03,1.0,True,1,SEMANTICALLY_IDENTICAL_IMPLEMENTATION_TRANSITION,YES_SAME_A2R_ECONOMIC_FAMILY,CONTINUE,NO
2024-05-08,US_BROAD_LARGE_CAP,LIST-EB200F25D3A38006,LIST-9A4B308E666C3988,IE0031442068,IUSA,A2R_CANONICAL_SELECTION,True,2024-05-07,1.0,True,1,SEMANTICALLY_IDENTICAL_IMPLEMENTATION_TRANSITION,YES_SAME_A2R_ECONOMIC_FAMILY,CONTINUE,NO
2024-05-28,US_BROAD_LARGE_CAP,LIST-9A4B308E666C3988,LIST-EB200F25D3A38006,IE00B5BMR087,CSPX,A2R_CANONICAL_SELECTION,True,2024-05-24,1.0,True,1,SEMANTICALLY_IDENTICAL_IMPLEMENTATION_TRANSITION,YES_SAME_A2R_ECONOMIC_FAMILY,CONTINUE,NO
2024-05-29,US_BROAD_LARGE_CAP,LIST-EB200F25D3A38006,LIST-9A4B308E666C3988,IE0031442068,IUSA,A2R_CANONICAL_SELECTION,True,2024-05-28,1.0,True,1,SEMANTICALLY_IDENTICAL_IMPLEMENTATION_TRANSITION,YES_SAME_A2R_ECONOMIC_FAMILY,CONTINUE,NO
2024-08-27,US_BROAD_LARGE_CAP,LIST-9A4B308E666C3988,LIST-EB200F25D3A38006,IE00B5BMR087,CSPX,A2R_CANONICAL_SELECTION,True,2024-08-23,1.0,True,1,SEMANTICALLY_IDENTICAL_IMPLEMENTATION_TRANSITION,YES_SAME_A2R_ECONOMIC_FAMILY,CONTINUE,NO
2024-08-28,US_BROAD_LARGE_CAP,LIST-EB200F25D3A38006,LIST-9A4B308E666C3988,IE0031442068,IUSA,A2R_CANONICAL_SELECTION,True,2024-08-27,1.0,True,1,SEMANTICALLY_IDENTICAL_IMPLEMENTATION_TRANSITION,YES_SAME_A2R_ECONOMIC_FAMILY,CONTINUE,NO
2025-05-06,US_BROAD_LARGE_CAP,LIST-9A4B308E666C3988,LIST-EB200F25D3A38006,IE00B5BMR087,CSPX,A2R_CANONICAL_SELECTION,True,2025-05-02,1.0,True,1,SEMANTICALLY_IDENTICAL_IMPLEMENTATION_TRANSITION,YES_SAME_A2R_ECONOMIC_FAMILY,CONTINUE,NO
2025-05-07,US_BROAD_LARGE_CAP,LIST-EB200F25D3A38006,LIST-9A4B308E666C3988,IE0031442068,IUSA,A2R_CANONICAL_SELECTION,True,2025-05-06,1.0,True,1,SEMANTICALLY_IDENTICAL_IMPLEMENTATION_TRANSITION,YES_SAME_A2R_ECONOMIC_FAMILY,CONTINUE,NO
2025-05-27,US_BROAD_LARGE_CAP,LIST-9A4B308E666C3988,LIST-EB200F25D3A38006,IE00B5BMR087,CSPX,A2R_CANONICAL_SELECTION,True,2025-05-23,1.0,True,1,SEMANTICALLY_IDENTICAL_IMPLEMENTATION_TRANSITION,YES_SAME_A2R_ECONOMIC_FAMILY,CONTINUE,NO
2025-05-28,US_BROAD_LARGE_CAP,LIST-EB200F25D3A38006,LIST-9A4B308E666C3988,IE0031442068,IUSA,A2R_CANONICAL_SELECTION,True,2025-05-27,1.0,True,1,SEMANTICALLY_IDENTICAL_IMPLEMENTATION_TRANSITION,YES_SAME_A2R_ECONOMIC_FAMILY,CONTINUE,NO
2025-08-26,US_BROAD_LARGE_CAP,LIST-9A4B308E666C3988,LIST-EB200F25D3A38006,IE00B5BMR087,CSPX,A2R_CANONICAL_SELECTION,True,2025-08-22,1.0,True,1,SEMANTICALLY_IDENTICAL_IMPLEMENTATION_TRANSITION,YES_SAME_A2R_ECONOMIC_FAMILY,CONTINUE,NO
2025-08-27,US_BROAD_LARGE_CAP,LIST-EB200F25D3A38006,LIST-9A4B308E666C3988,IE0031442068,IUSA,A2R_CANONICAL_SELECTION,True,2025-08-26,1.0,True,1,SEMANTICALLY_IDENTICAL_IMPLEMENTATION_TRANSITION,YES_SAME_A2R_ECONOMIC_FAMILY,CONTINUE,NO
2026-05-05,US_BROAD_LARGE_CAP,LIST-9A4B308E666C3988,LIST-EB200F25D3A38006,IE00B5BMR087,CSPX,A2R_CANONICAL_SELECTION,True,2026-05-01,1.0,True,1,SEMANTICALLY_IDENTICAL_IMPLEMENTATION_TRANSITION,YES_SAME_A2R_ECONOMIC_FAMILY,CONTINUE,NO
2026-05-06,US_BROAD_LARGE_CAP,LIST-EB200F25D3A38006,LIST-9A4B308E666C3988,IE0031442068,IUSA,A2R_CANONICAL_SELECTION,True,2026-05-05,1.0,True,1,SEMANTICALLY_IDENTICAL_IMPLEMENTATION_TRANSITION,YES_SAME_A2R_ECONOMIC_FAMILY,CONTINUE,NO
2026-05-26,US_BROAD_LARGE_CAP,LIST-9A4B308E666C3988,LIST-EB200F25D3A38006,IE00B5BMR087,CSPX,A2R_CANONICAL_SELECTION,True,2026-05-22,1.0,True,1,SEMANTICALLY_IDENTICAL_IMPLEMENTATION_TRANSITION,YES_SAME_A2R_ECONOMIC_FAMILY,CONTINUE,NO
2026-05-27,US_BROAD_LARGE_CAP,LIST-EB200F25D3A38006,LIST-9A4B308E666C3988,IE0031442068,IUSA,A2R_CANONICAL_SELECTION,True,2026-05-26,1.0,True,1,SEMANTICALLY_IDENTICAL_IMPLEMENTATION_TRANSITION,YES_SAME_A2R_ECONOMIC_FAMILY,CONTINUE,NO
2013-07-01,US_FINANCIALS,LIST-3705293A4CDB5B85,LIST-8CC5A13E0916E9F1,IE00B42Q4896,XLFQ,A2R_CANONICAL_SELECTION,True,2013-06-28,1.0,True,29,SEMANTICALLY_IDENTICAL_IMPLEMENTATION_TRANSITION,YES_SAME_A2R_ECONOMIC_FAMILY,CONTINUE,NO
2017-11-09,US_FINANCIALS,LIST-8CC5A13E0916E9F1,LIST-3705293A4CDB5B85,IE00B42Q4896,XLFS,A2R_CANONICAL_SELECTION,True,2017-11-08,1.0,True,29,SEMANTICALLY_IDENTICAL_IMPLEMENTATION_TRANSITION,YES_SAME_A2R_ECONOMIC_FAMILY,CONTINUE,NO
2017-11-10,US_FINANCIALS,LIST-3705293A4CDB5B85,LIST-8CC5A13E0916E9F1,IE00B42Q4896,XLFQ,A2R_CANONICAL_SELECTION,True,2017-11-09,1.0,True,29,SEMANTICALLY_IDENTICAL_IMPLEMENTATION_TRANSITION,YES_SAME_A2R_ECONOMIC_FAMILY,CONTINUE,NO
2022-04-07,US_HEALTHCARE,LIST-C74BCB74E6570281,LIST-05EDAC3D48E97BAD,IE00BWBXM617,GXLV,A2R_CANONICAL_SELECTION,True,2022-04-06,1.0,True,1,SEMANTICALLY_IDENTICAL_IMPLEMENTATION_TRANSITION,YES_SAME_A2R_ECONOMIC_FAMILY,CONTINUE,NO
2016-02-26,US_SMALL_CAP,LIST-09BFE872EC807A72,LIST-E2AE8A19C0E70ABA,LU1681038839,RS2G,A2R_CANONICAL_SELECTION,True,2016-02-25,1.0,True,13,SEMANTICALLY_IDENTICAL_IMPLEMENTATION_TRANSITION,YES_SAME_A2R_ECONOMIC_FAMILY,CONTINUE,NO
2017-01-25,US_SMALL_CAP,LIST-E2AE8A19C0E70ABA,LIST-09BFE872EC807A72,IE00B60SX402,RTYS,A2R_CANONICAL_SELECTION,True,2017-01-24,1.0,True,13,SEMANTICALLY_IDENTICAL_IMPLEMENTATION_TRANSITION,YES_SAME_A2R_ECONOMIC_FAMILY,CONTINUE,NO
2017-01-26,US_SMALL_CAP,LIST-09BFE872EC807A72,LIST-E2AE8A19C0E70ABA,LU1681038839,RS2G,A2R_CANONICAL_SELECTION,True,2017-01-25,1.0,True,13,SEMANTICALLY_IDENTICAL_IMPLEMENTATION_TRANSITION,YES_SAME_A2R_ECONOMIC_FAMILY,CONTINUE,NO
2017-09-15,US_SMALL_CAP,LIST-E2AE8A19C0E70ABA,LIST-09BFE872EC807A72,IE00B60SX402,RTYS,A2R_CANONICAL_SELECTION,True,2017-09-14,1.0,True,13,SEMANTICALLY_IDENTICAL_IMPLEMENTATION_TRANSITION,YES_SAME_A2R_ECONOMIC_FAMILY,CONTINUE,NO
2017-09-18,US_SMALL_CAP,LIST-09BFE872EC807A72,LIST-E2AE8A19C0E70ABA,LU1681038839,RS2G,A2R_CANONICAL_SELECTION,True,2017-09-15,1.0,True,13,SEMANTICALLY_IDENTICAL_IMPLEMENTATION_TRANSITION,YES_SAME_A2R_ECONOMIC_FAMILY,CONTINUE,NO
2017-10-13,US_SMALL_CAP,LIST-E2AE8A19C0E70ABA,LIST-09BFE872EC807A72,IE00B60SX402,RTYS,A2R_CANONICAL_SELECTION,True,2017-10-12,1.0,True,13,SEMANTICALLY_IDENTICAL_IMPLEMENTATION_TRANSITION,YES_SAME_A2R_ECONOMIC_FAMILY,CONTINUE,NO
2017-10-16,US_SMALL_CAP,LIST-09BFE872EC807A72,LIST-E2AE8A19C0E70ABA,LU1681038839,RS2G,A2R_CANONICAL_SELECTION,True,2017-10-13,1.0,True,13,SEMANTICALLY_IDENTICAL_IMPLEMENTATION_TRANSITION,YES_SAME_A2R_ECONOMIC_FAMILY,CONTINUE,NO
2017-11-03,US_SMALL_CAP,LIST-E2AE8A19C0E70ABA,LIST-09BFE872EC807A72,IE00B60SX402,RTYS,A2R_CANONICAL_SELECTION,True,2017-11-02,1.0,True,13,SEMANTICALLY_IDENTICAL_IMPLEMENTATION_TRANSITION,YES_SAME_A2R_ECONOMIC_FAMILY,CONTINUE,NO
2017-11-06,US_SMALL_CAP,LIST-09BFE872EC807A72,LIST-E2AE8A19C0E70ABA,LU1681038839,RS2G,A2R_CANONICAL_SELECTION,True,2017-11-03,1.0,True,13,SEMANTICALLY_IDENTICAL_IMPLEMENTATION_TRANSITION,YES_SAME_A2R_ECONOMIC_FAMILY,CONTINUE,NO
2018-12-27,US_SMALL_CAP,LIST-E2AE8A19C0E70ABA,LIST-09BFE872EC807A72,IE00B60SX402,RTYS,A2R_CANONICAL_SELECTION,True,2018-12-24,1.0,True,13,SEMANTICALLY_IDENTICAL_IMPLEMENTATION_TRANSITION,YES_SAME_A2R_ECONOMIC_FAMILY,CONTINUE,NO
2018-12-28,US_SMALL_CAP,LIST-09BFE872EC807A72,LIST-E2AE8A19C0E70ABA,LU1681038839,RS2G,A2R_CANONICAL_SELECTION,True,2018-12-27,1.0,True,13,SEMANTICALLY_IDENTICAL_IMPLEMENTATION_TRANSITION,YES_SAME_A2R_ECONOMIC_FAMILY,CONTINUE,NO
2019-01-02,US_SMALL_CAP,LIST-E2AE8A19C0E70ABA,LIST-09BFE872EC807A72,IE00B60SX402,RTYS,A2R_CANONICAL_SELECTION,True,2018-12-31,1.0,True,13,SEMANTICALLY_IDENTICAL_IMPLEMENTATION_TRANSITION,YES_SAME_A2R_ECONOMIC_FAMILY,CONTINUE,NO
2019-01-03,US_SMALL_CAP,LIST-09BFE872EC807A72,LIST-E2AE8A19C0E70ABA,LU1681038839,RS2G,A2R_CANONICAL_SELECTION,True,2019-01-02,1.0,True,13,SEMANTICALLY_IDENTICAL_IMPLEMENTATION_TRANSITION,YES_SAME_A2R_ECONOMIC_FAMILY,CONTINUE,NO
2019-10-25,US_SMALL_CAP,LIST-E2AE8A19C0E70ABA,LIST-CF05B13C48036807,LU1681038839,RS2U,A2R_CANONICAL_SELECTION,True,2019-10-24,1.0,True,13,SEMANTICALLY_IDENTICAL_IMPLEMENTATION_TRANSITION,YES_SAME_A2R_ECONOMIC_FAMILY,CONTINUE,NO
2019-10-28,US_SMALL_CAP,LIST-CF05B13C48036807,LIST-E2AE8A19C0E70ABA,LU1681038839,RS2G,A2R_CANONICAL_SELECTION,True,2019-10-25,1.0,True,13,SEMANTICALLY_IDENTICAL_IMPLEMENTATION_TRANSITION,YES_SAME_A2R_ECONOMIC_FAMILY,CONTINUE,NO
2020-07-24,US_SMALL_CAP,LIST-E2AE8A19C0E70ABA,LIST-CF05B13C48036807,LU1681038839,RS2U,A2R_CANONICAL_SELECTION,True,2020-07-23,1.0,True,13,SEMANTICALLY_IDENTICAL_IMPLEMENTATION_TRANSITION,YES_SAME_A2R_ECONOMIC_FAMILY,CONTINUE,NO
2020-07-28,US_SMALL_CAP,LIST-CF05B13C48036807,LIST-E2AE8A19C0E70ABA,LU1681038839,RS2G,A2R_CANONICAL_SELECTION,False,,,False,13,PRICE_NOT_AVAILABLE,YES_SAME_A2R_ECONOMIC_FAMILY,RESET_OR_ENDPOINT_UNAVAILABLE,NO
2020-07-29,US_SMALL_CAP,LIST-E2AE8A19C0E70ABA,LIST-CF05B13C48036807,LU1681038839,RS2U,A2R_CANONICAL_SELECTION,True,2020-07-28,1.0,False,13,EXACT_PREVIOUS_XLON_SESSION_ENDPOINT,YES_SAME_A2R_ECONOMIC_FAMILY,RESET_OR_ENDPOINT_UNAVAILABLE,NO
2020-07-30,US_SMALL_CAP,LIST-CF05B13C48036807,LIST-E2AE8A19C0E70ABA,LU1681038839,RS2G,A2R_CANONICAL_SELECTION,True,2020-07-29,1.0,True,13,SEMANTICALLY_IDENTICAL_IMPLEMENTATION_TRANSITION,YES_SAME_A2R_ECONOMIC_FAMILY,CONTINUE,NO
2020-08-04,US_SMALL_CAP,LIST-E2AE8A19C0E70ABA,LIST-09BFE872EC807A72,IE00B60SX402,RTYS,A2R_CANONICAL_SELECTION,False,,,False,13,PRICE_NOT_AVAILABLE,YES_SAME_A2R_ECONOMIC_FAMILY,RESET_OR_ENDPOINT_UNAVAILABLE,NO
2020-08-05,US_SMALL_CAP,LIST-09BFE872EC807A72,LIST-CF05B13C48036807,LU1681038839,RS2U,A2R_CANONICAL_SELECTION,True,2020-08-04,1.0,True,13,SEMANTICALLY_IDENTICAL_IMPLEMENTATION_TRANSITION,YES_SAME_A2R_ECONOMIC_FAMILY,CONTINUE,NO
2020-08-07,US_SMALL_CAP,LIST-CF05B13C48036807,LIST-E2AE8A19C0E70ABA,LU1681038839,RS2G,A2R_CANONICAL_SELECTION,True,2020-08-06,1.0,True,13,SEMANTICALLY_IDENTICAL_IMPLEMENTATION_TRANSITION,YES_SAME_A2R_ECONOMIC_FAMILY,CONTINUE,NO
2020-08-11,US_SMALL_CAP,LIST-E2AE8A19C0E70ABA,LIST-09BFE872EC807A72,IE00B60SX402,RTYS,A2R_CANONICAL_SELECTION,True,2020-08-10,1.0,True,13,SEMANTICALLY_IDENTICAL_IMPLEMENTATION_TRANSITION,YES_SAME_A2R_ECONOMIC_FAMILY,CONTINUE,NO
2020-08-12,US_SMALL_CAP,LIST-09BFE872EC807A72,LIST-E2AE8A19C0E70ABA,LU1681038839,RS2G,A2R_CANONICAL_SELECTION,False,,,False,13,PRICE_NOT_AVAILABLE,YES_SAME_A2R_ECONOMIC_FAMILY,RESET_OR_ENDPOINT_UNAVAILABLE,NO
2020-08-13,US_SMALL_CAP,LIST-E2AE8A19C0E70ABA,LIST-09BFE872EC807A72,IE00B60SX402,RTYS,A2R_CANONICAL_SELECTION,True,2020-08-12,1.0,False,13,EXACT_PREVIOUS_XLON_SESSION_ENDPOINT,YES_SAME_A2R_ECONOMIC_FAMILY,RESET_OR_ENDPOINT_UNAVAILABLE,NO
2020-08-14,US_SMALL_CAP,LIST-09BFE872EC807A72,LIST-E2AE8A19C0E70ABA,LU1681038839,RS2G,A2R_CANONICAL_SELECTION,False,,,False,13,PRICE_NOT_AVAILABLE,YES_SAME_A2R_ECONOMIC_FAMILY,RESET_OR_ENDPOINT_UNAVAILABLE,NO
2020-08-17,US_SMALL_CAP,LIST-E2AE8A19C0E70ABA,LIST-CF05B13C48036807,LU1681038839,RS2U,A2R_CANONICAL_SELECTION,True,2020-08-14,1.0,True,13,SEMANTICALLY_IDENTICAL_IMPLEMENTATION_TRANSITION,YES_SAME_A2R_ECONOMIC_FAMILY,CONTINUE,NO
2020-08-19,US_SMALL_CAP,LIST-CF05B13C48036807,LIST-09BFE872EC807A72,IE00B60SX402,RTYS,A2R_CANONICAL_SELECTION,True,2020-08-18,1.0,True,13,SEMANTICALLY_IDENTICAL_IMPLEMENTATION_TRANSITION,YES_SAME_A2R_ECONOMIC_FAMILY,CONTINUE,NO
2020-08-20,US_SMALL_CAP,LIST-09BFE872EC807A72,LIST-E2AE8A19C0E70ABA,LU1681038839,RS2G,A2R_CANONICAL_SELECTION,True,2020-08-19,1.0,True,13,SEMANTICALLY_IDENTICAL_IMPLEMENTATION_TRANSITION,YES_SAME_A2R_ECONOMIC_FAMILY,CONTINUE,NO
2020-08-26,US_SMALL_CAP,LIST-E2AE8A19C0E70ABA,LIST-09BFE872EC807A72,IE00B60SX402,RTYS,A2R_CANONICAL_SELECTION,True,2020-08-25,1.0,True,13,SEMANTICALLY_IDENTICAL_IMPLEMENTATION_TRANSITION,YES_SAME_A2R_ECONOMIC_FAMILY,CONTINUE,NO
2020-08-27,US_SMALL_CAP,LIST-09BFE872EC807A72,LIST-E2AE8A19C0E70ABA,LU1681038839,RS2G,A2R_CANONICAL_SELECTION,True,2020-08-26,1.0,True,13,SEMANTICALLY_IDENTICAL_IMPLEMENTATION_TRANSITION,YES_SAME_A2R_ECONOMIC_FAMILY,CONTINUE,NO
2024-08-27,US_SMALL_CAP,LIST-E2AE8A19C0E70ABA,LIST-CF05B13C48036807,LU1681038839,RS2U,A2R_CANONICAL_SELECTION,True,2024-08-23,1.0,True,13,SEMANTICALLY_IDENTICAL_IMPLEMENTATION_TRANSITION,YES_SAME_A2R_ECONOMIC_FAMILY,CONTINUE,NO
2024-08-28,US_SMALL_CAP,LIST-CF05B13C48036807,LIST-E2AE8A19C0E70ABA,LU1681038839,RS2G,A2R_CANONICAL_SELECTION,True,2024-08-27,1.0,True,13,SEMANTICALLY_IDENTICAL_IMPLEMENTATION_TRANSITION,YES_SAME_A2R_ECONOMIC_FAMILY,CONTINUE,NO
2025-08-26,US_SMALL_CAP,LIST-E2AE8A19C0E70ABA,LIST-CF05B13C48036807,LU1681038839,RS2U,A2R_CANONICAL_SELECTION,True,2025-08-22,1.0,True,13,SEMANTICALLY_IDENTICAL_IMPLEMENTATION_TRANSITION,YES_SAME_A2R_ECONOMIC_FAMILY,CONTINUE,NO
2025-08-27,US_SMALL_CAP,LIST-CF05B13C48036807,LIST-E2AE8A19C0E70ABA,LU1681038839,RS2G,A2R_CANONICAL_SELECTION,True,2025-08-26,1.0,True,13,SEMANTICALLY_IDENTICAL_IMPLEMENTATION_TRANSITION,YES_SAME_A2R_ECONOMIC_FAMILY,CONTINUE,NO
2023-04-11,US_TOTAL_MARKET,LIST-0FDDFC474ED53079,LIST-553325DCCF363E2E,IE000I5NV504,HIUS,A2R_CANONICAL_SELECTION,True,2023-04-06,1.0,True,4,SEMANTICALLY_IDENTICAL_IMPLEMENTATION_TRANSITION,YES_SAME_A2R_ECONOMIC_FAMILY,CONTINUE,NO
2023-04-12,US_TOTAL_MARKET,LIST-553325DCCF363E2E,LIST-0FDDFC474ED53079,IE00B77D4428,UC04,A2R_CANONICAL_SELECTION,True,2023-04-11,1.0,True,4,SEMANTICALLY_IDENTICAL_IMPLEMENTATION_TRANSITION,YES_SAME_A2R_ECONOMIC_FAMILY,CONTINUE,NO
2026-05-26,US_TOTAL_MARKET,LIST-0FDDFC474ED53079,LIST-553325DCCF363E2E,IE000I5NV504,HIUS,A2R_CANONICAL_SELECTION,True,2026-05-22,1.0,True,4,SEMANTICALLY_IDENTICAL_IMPLEMENTATION_TRANSITION,YES_SAME_A2R_ECONOMIC_FAMILY,CONTINUE,NO
2026-05-27,US_TOTAL_MARKET,LIST-553325DCCF363E2E,LIST-0FDDFC474ED53079,IE00B77D4428,UC04,A2R_CANONICAL_SELECTION,True,2026-05-26,1.0,True,4,SEMANTICALLY_IDENTICAL_IMPLEMENTATION_TRANSITION,YES_SAME_A2R_ECONOMIC_FAMILY,CONTINUE,NO
