drawdown_episode_id,date,state_frequency,weekly_signal_asof_date,is_weekly_observation_date,portfolio_peak_date,trough_date,recovery_date,portfolio_value,portfolio_drawdown_from_episode_peak,economic_exposure_family_id,holding_entry_date_asof,slow_rank,fast_rank,RS21,RS42,RS63,RS126,RS252,relative_price_line_slope_42,absolute_total_return_index,distance_from_ema21,distance_from_ema50,distance_from_ema200,realised_volatility_63,volatility_expansion_ratio,atr_status,maximum_favourable_excursion_since_entry_asof,remains_slow_rank1,challenger_existed,challengers,validated_gap_contribution,daily_data_valid,warning
DD_01,2021-09-06,DAILY_WITH_LAST_WEEKLY_SIGNAL_ASOF,2021-09-03,False,2021-09-06,2021-10-01,2021-10-08,1.0198801232317773,0.0,GLOBAL_CYBERSECURITY,2021-09-01,1.0,1.0,0.038638561384432446,0.053785728406097855,0.11722449629731435,0.09116717797474383,0.13586242617935018,0.0006412563077722602,145.71677250072213,0.046641495800221255,0.08063487560934623,0.17770042352568183,0.14483501260562523,0.9123891858687151,NOT_AVAILABLE_NO_VALIDATED_HIGH_LOW_PANEL,0.021940314027243835,True,False,,NOT_DETERMINABLE_FROM_CLOSE_ONLY_PANEL,True,"HISTORICAL UK RETAIL, ISA, ACCOUNT AND BROKER ELIGIBILITY REMAIN PARTLY UNRESOLVED"
DD_01,2021-09-07,DAILY_WITH_LAST_WEEKLY_SIGNAL_ASOF,2021-09-03,False,2021-09-06,2021-10-01,2021-10-08,1.008568876443798,-0.011090761090760903,GLOBAL_CYBERSECURITY,2021-09-01,1.0,1.0,0.038638561384432446,0.053785728406097855,0.11722449629731435,0.09116717797474383,0.13586242617935018,0.0006412563077722602,144.10066258999984,0.031747475163680816,0.06578057173896812,0.1627340417143759,0.146623758838283,0.9637384692900035,NOT_AVAILABLE_NO_VALIDATED_HIGH_LOW_PANEL,0.021940314027243835,True,False,,NOT_DETERMINABLE_FROM_CLOSE_ONLY_PANEL,True,"HISTORICAL UK RETAIL, ISA, ACCOUNT AND BROKER ELIGIBILITY REMAIN PARTLY UNRESOLVED"
DD_01,2021-09-08,DAILY_WITH_LAST_WEEKLY_SIGNAL_ASOF,2021-09-03,False,2021-09-06,2021-10-01,2021-10-08,1.0035877769408343,-0.01597476597476588,GLOBAL_CYBERSECURITY,2021-09-01,1.0,1.0,0.038638561384432446,0.053785728406097855,0.11722449629731435,0.09116717797474383,0.13586242617935018,0.0006412563077722602,143.3889811614249,0.024170438955841478,0.05800604321193159,0.15518703096212483,0.14726808148654694,0.9314309356076866,NOT_AVAILABLE_NO_VALIDATED_HIGH_LOW_PANEL,0.021940314027243835,True,False,,NOT_DETERMINABLE_FROM_CLOSE_ONLY_PANEL,True,"HISTORICAL UK RETAIL, ISA, ACCOUNT AND BROKER ELIGIBILITY REMAIN PARTLY UNRESOLVED"
DD_01,2021-09-09,DAILY_WITH_LAST_WEEKLY_SIGNAL_ASOF,2021-09-03,False,2021-09-06,2021-10-01,2021-10-08,1.0000594981262354,-0.01943426943426907,GLOBAL_CYBERSECURITY,2021-09-01,1.0,1.0,0.038638561384432446,0.053785728406097855,0.11722449629731435,0.09116717797474383,0.13586242617935018,0.0006412563077722602,142.884873482851,0.018664913670563,0.05204676633272509,0.1493973861019191,0.1474040773844943,0.9446609170537423,NOT_AVAILABLE_NO_VALIDATED_HIGH_LOW_PANEL,0.021940314027243835,True,False,,NOT_DETERMINABLE_FROM_CLOSE_ONLY_PANEL,True,"HISTORICAL UK RETAIL, ISA, ACCOUNT AND BROKER ELIGIBILITY REMAIN PARTLY UNRESOLVED"
DD_01,2021-09-10,DAILY_WITH_LAST_WEEKLY_SIGNAL_ASOF,2021-09-10,True,2021-09-06,2021-10-01,2021-10-08,0.9892671158698145,-0.03001628001627965,GLOBAL_CYBERSECURITY,2021-09-01,1.0,1.0,0.0576341026350764,0.03911313204169509,0.06899912333143354,0.0632976497116251,0.12183582260351988,0.0010084342771298392,141.34289705427193,0.0069694543773390905,0.03903524017341864,0.1354456414398808,0.1480174682321527,0.9821264036187977,NOT_AVAILABLE_NO_VALIDATED_HIGH_LOW_PANEL,0.021940314027243835,True,False,,NOT_DETERMINABLE_FROM_CLOSE_ONLY_PANEL,True,"HISTORICAL UK RETAIL, ISA, ACCOUNT AND BROKER ELIGIBILITY REMAIN PARTLY UNRESOLVED"
DD_01,2021-09-13,DAILY_WITH_LAST_WEEKLY_SIGNAL_ASOF,2021-09-10,False,2021-09-06,2021-10-01,2021-10-08,0.9719370405157539,-0.04700854700854673,GLOBAL_CYBERSECURITY,2021-09-01,1.0,1.0,0.0576341026350764,0.03911313204169509,0.06899912333143354,0.0632976497116251,0.12183582260351988,0.0010084342771298392,138.86683875068823,-0.009710085088074472,0.019999989213225877,0.11427360613439896,0.15310606348859718,1.0289314788106123,NOT_AVAILABLE_NO_VALIDATED_HIGH_LOW_PANEL,0.021940314027243835,True,False,,NOT_DETERMINABLE_FROM_CLOSE_ONLY_PANEL,True,"HISTORICAL UK RETAIL, ISA, ACCOUNT AND BROKER ELIGIBILITY REMAIN PARTLY UNRESOLVED"
DD_01,2021-09-14,DAILY_WITH_LAST_WEEKLY_SIGNAL_ASOF,2021-09-10,False,2021-09-06,2021-10-01,2021-10-08,0.9816916937090576,-0.037444037444037015,GLOBAL_CYBERSECURITY,2021-09-01,1.0,1.0,0.0576341026350764,0.03911313204169509,0.06899912333143354,0.0632976497116251,0.12183582260351988,0.0010084342771298392,140.26054821498087,0.0002079621172281776,0.029016844123946228,0.12405360635027574,0.1539965589720682,1.006304354071322,NOT_AVAILABLE_NO_VALIDATED_HIGH_LOW_PANEL,0.021940314027243835,True,False,,NOT_DETERMINABLE_FROM_CLOSE_ONLY_PANEL,True,"HISTORICAL UK RETAIL, ISA, ACCOUNT AND BROKER ELIGIBILITY REMAIN PARTLY UNRESOLVED"
DD_01,2021-09-15,DAILY_WITH_LAST_WEEKLY_SIGNAL_ASOF,2021-09-10,False,2021-09-06,2021-10-01,2021-10-08,0.9772294587376528,-0.04181929181929145,GLOBAL_CYBERSECURITY,2021-09-01,1.0,1.0,0.0576341026350764,0.03911313204169509,0.06899912333143354,0.0632976497116251,0.12183582260351988,0.0010084342771298392,139.62300026854913,-0.003945590436737811,0.023362705370547632,0.11762153864128133,0.1544912305659279,1.015478840267768,NOT_AVAILABLE_NO_VALIDATED_HIGH_LOW_PANEL,0.021940314027243835,True,False,,NOT_DETERMINABLE_FROM_CLOSE_ONLY_PANEL,True,"HISTORICAL UK RETAIL, ISA, ACCOUNT AND BROKER ELIGIBILITY REMAIN PARTLY UNRESOLVED"
DD_01,2021-09-16,DAILY_WITH_LAST_WEEKLY_SIGNAL_ASOF,2021-09-10,False,2021-09-06,2021-10-01,2021-10-08,0.9857388370552154,-0.03347578347578306,GLOBAL_CYBERSECURITY,2021-09-01,1.0,1.0,0.0576341026350764,0.03911313204169509,0.06899912333143354,0.0632976497116251,0.12183582260351988,0.0010084342771298392,140.838789375698,0.00429607093306017,0.030968961554728613,0.1259266309280931,0.14971836662552454,0.9688935748863431,NOT_AVAILABLE_NO_VALIDATED_HIGH_LOW_PANEL,0.021940314027243835,True,False,,NOT_DETERMINABLE_FROM_CLOSE_ONLY_PANEL,True,"HISTORICAL UK RETAIL, ISA, ACCOUNT AND BROKER ELIGIBILITY REMAIN PARTLY UNRESOLVED"
DD_01,2021-09-17,DAILY_WITH_LAST_WEEKLY_SIGNAL_ASOF,2021-09-17,True,2021-09-06,2021-10-01,2021-10-08,0.9857388370552154,-0.03347578347578306,GLOBAL_CYBERSECURITY,2021-09-01,1.0,3.0,0.05753141562007902,0.025925876863970743,0.0500842251634277,0.08921471091546507,0.12336798839458751,0.0009652323261783753,140.838789375698,0.0039039943176446545,0.029718400395746025,0.12451760889915797,0.14974041237354074,0.9723916676892397,NOT_AVAILABLE_NO_VALIDATED_HIGH_LOW_PANEL,0.021940314027243835,True,False,,NOT_DETERMINABLE_FROM_CLOSE_ONLY_PANEL,True,"HISTORICAL UK RETAIL, ISA, ACCOUNT AND BROKER ELIGIBILITY REMAIN PARTLY UNRESOLVED"
DD_01,2021-09-20,DAILY_WITH_LAST_WEEKLY_SIGNAL_ASOF,2021-09-17,False,2021-09-06,2021-10-01,2021-10-08,0.9770219129250294,-0.04202279202279158,GLOBAL_CYBERSECURITY,2021-09-01,1.0,3.0,0.05753141562007902,0.025925876863970743,0.0500842251634277,0.08921471091546507,0.12336798839458751,0.0009652323261783753,139.59334687569185,-0.004523467936636272,0.019788232042549092,0.11330425391045207,0.1503246975726341,1.0093559026573162,NOT_AVAILABLE_NO_VALIDATED_HIGH_LOW_PANEL,0.021940314027243835,True,False,,NOT_DETERMINABLE_FROM_CLOSE_ONLY_PANEL,True,"HISTORICAL UK RETAIL, ISA, ACCOUNT AND BROKER ELIGIBILITY REMAIN PARTLY UNRESOLVED"
DD_01,2021-09-21,DAILY_WITH_LAST_WEEKLY_SIGNAL_ASOF,2021-09-17,False,2021-09-06,2021-10-01,2021-10-08,0.9785785065197055,-0.04049654049654006,GLOBAL_CYBERSECURITY,2021-09-01,1.0,3.0,0.05753141562007902,0.025925876863970743,0.0500842251634277,0.08921471091546507,0.12336798839458751,0.0009652323261783753,139.81574732212152,-0.0026711427640367935,0.020555975729162013,0.1138026082093666,0.14861500597205263,1.0053425492515882,NOT_AVAILABLE_NO_VALIDATED_HIGH_LOW_PANEL,0.021940314027243835,True,False,,NOT_DETERMINABLE_FROM_CLOSE_ONLY_PANEL,True,"HISTORICAL UK RETAIL, ISA, ACCOUNT AND BROKER ELIGIBILITY REMAIN PARTLY UNRESOLVED"
DD_01,2021-09-22,DAILY_WITH_LAST_WEEKLY_SIGNAL_ASOF,2021-09-17,False,2021-09-06,2021-10-01,2021-10-08,0.9838709247416042,-0.035307285307284775,GLOBAL_CYBERSECURITY,2021-09-01,1.0,3.0,0.05753141562007902,0.025925876863970743,0.0500842251634277,0.08921471091546507,0.12336798839458751,0.0009652323261783753,140.57190883998243,0.0024745533658796504,0.02502726201577543,0.11849277386632573,0.14833368786602702,0.9846918972772347,NOT_AVAILABLE_NO_VALIDATED_HIGH_LOW_PANEL,0.021940314027243835,True,False,,NOT_DETERMINABLE_FROM_CLOSE_ONLY_PANEL,True,"HISTORICAL UK RETAIL, ISA, ACCOUNT AND BROKER ELIGIBILITY REMAIN PARTLY UNRESOLVED"
DD_01,2021-09-23,DAILY_WITH_LAST_WEEKLY_SIGNAL_ASOF,2021-09-17,False,2021-09-06,2021-10-01,2021-10-08,0.9877105222751388,-0.03154253154253084,GLOBAL_CYBERSECURITY,2021-09-01,1.0,3.0,0.05753141562007902,0.025925876863970743,0.0500842251634277,0.08921471091546507,0.12336798839458751,0.0009652323261783753,141.1204966078423,0.005802769322764023,0.027857430558728247,0.12148676042721762,0.14762282847034983,0.9903164752853404,NOT_AVAILABLE_NO_VALIDATED_HIGH_LOW_PANEL,0.021940314027243835,True,False,,NOT_DETERMINABLE_FROM_CLOSE_ONLY_PANEL,True,"HISTORICAL UK RETAIL, ISA, ACCOUNT AND BROKER ELIGIBILITY REMAIN PARTLY UNRESOLVED"
DD_01,2021-09-24,DAILY_WITH_LAST_WEEKLY_SIGNAL_ASOF,2021-09-24,True,2021-09-06,2021-10-01,2021-10-08,0.992068984340232,-0.027269027269026358,GLOBAL_CYBERSECURITY,2021-09-01,2.0,6.0,0.005333494344485157,0.032684455485125996,0.04316748356700639,0.0907878940861766,0.0888671297774033,0.0011851931873685829,141.74321785784542,0.009301401154411026,0.031083247389904978,0.12502018723495145,0.1474658019000184,0.8605402423322861,NOT_AVAILABLE_NO_VALIDATED_HIGH_LOW_PANEL,0.021940314027243835,False,False,,NOT_DETERMINABLE_FROM_CLOSE_ONLY_PANEL,True,"HISTORICAL UK RETAIL, ISA, ACCOUNT AND BROKER ELIGIBILITY REMAIN PARTLY UNRESOLVED"
DD_01,2021-09-27,DAILY_WITH_LAST_WEEKLY_SIGNAL_ASOF,2021-09-24,False,2021-09-06,2021-10-01,2021-10-08,0.981276602083811,-0.03785103785103705,GLOBAL_CYBERSECURITY,2021-09-01,2.0,6.0,0.005333494344485157,0.032684455485125996,0.04316748356700639,0.0907878940861766,0.0888671297774033,0.0011851931873685829,140.20124142926633,-0.00152609351902111,0.01907250708826691,0.11153410619168569,0.14884693241617933,0.7937723791567955,NOT_AVAILABLE_NO_VALIDATED_HIGH_LOW_PANEL,0.021940314027243835,False,False,,NOT_DETERMINABLE_FROM_CLOSE_ONLY_PANEL,True,"HISTORICAL UK RETAIL, ISA, ACCOUNT AND BROKER ELIGIBILITY REMAIN PARTLY UNRESOLVED"
DD_01,2021-09-28,DAILY_WITH_LAST_WEEKLY_SIGNAL_ASOF,2021-09-24,False,2021-09-06,2021-10-01,2021-10-08,0.9664370764812321,-0.0524013024013017,GLOBAL_CYBERSECURITY,2021-09-01,2.0,6.0,0.005333494344485157,0.032684455485125996,0.04316748356700639,0.0907878940861766,0.0888671297774033,0.0011851931873685829,138.0810238399701,-0.015137140798623272,0.0035173167617159606,0.09369389442858544,0.15236074339368497,0.8544562916330748,NOT_AVAILABLE_NO_VALIDATED_HIGH_LOW_PANEL,0.021940314027243835,False,False,,NOT_DETERMINABLE_FROM_CLOSE_ONLY_PANEL,True,"HISTORICAL UK RETAIL, ISA, ACCOUNT AND BROKER ELIGIBILITY REMAIN PARTLY UNRESOLVED"
DD_01,2021-09-29,DAILY_WITH_LAST_WEEKLY_SIGNAL_ASOF,2021-09-24,False,2021-09-06,2021-10-01,2021-10-08,0.9720408134220659,-0.04690679690679633,GLOBAL_CYBERSECURITY,2021-09-01,2.0,6.0,0.005333494344485157,0.032684455485125996,0.04316748356700639,0.0907878940861766,0.0888671297774033,0.0011851931873685829,138.88166544711692,-0.0085769544623856,0.008966654996303225,0.09894164790681992,0.1520516915118812,0.8576719610737152,NOT_AVAILABLE_NO_VALIDATED_HIGH_LOW_PANEL,0.021940314027243835,False,False,,NOT_DETERMINABLE_FROM_CLOSE_ONLY_PANEL,True,"HISTORICAL UK RETAIL, ISA, ACCOUNT AND BROKER ELIGIBILITY REMAIN PARTLY UNRESOLVED"
DD_01,2021-09-30,DAILY_WITH_LAST_WEEKLY_SIGNAL_ASOF,2021-09-24,False,2021-09-06,2021-10-01,2021-10-08,0.970899311452637,-0.04802604802604726,GLOBAL_CYBERSECURITY,2021-09-01,2.0,6.0,0.005333494344485157,0.032684455485125996,0.04316748356700639,0.0907878940861766,0.0888671297774033,0.0011851931873685829,138.71857178640184,-0.008863501639671645,0.00747434054785967,0.09658562113384028,0.1514299594859709,0.8561657166717647,NOT_AVAILABLE_NO_VALIDATED_HIGH_LOW_PANEL,0.021940314027243835,False,False,,NOT_DETERMINABLE_FROM_CLOSE_ONLY_PANEL,True,"HISTORICAL UK RETAIL, ISA, ACCOUNT AND BROKER ELIGIBILITY REMAIN PARTLY UNRESOLVED"
DD_01,2021-10-01,DAILY_WITH_LAST_WEEKLY_SIGNAL_ASOF,2021-10-01,True,2021-09-06,2021-10-01,2021-10-08,0.9610923987696961,-0.057641798406459555,GLOBAL_OIL_GAS,2021-10-01,1.0,1.0,0.21793051700165322,0.20598284153426083,0.057163978104497915,0.1470190728956886,0.6926279216209681,0.0045609247899003275,77.89273826469918,0.09764268878283255,0.1449916754149576,0.24350933304331823,0.33262095646746087,0.9593748665928274,NOT_AVAILABLE_NO_VALIDATED_HIGH_LOW_PANEL,0.0,True,False,,NOT_DETERMINABLE_FROM_CLOSE_ONLY_PANEL,True,"HISTORICAL UK RETAIL, ISA, ACCOUNT AND BROKER ELIGIBILITY REMAIN PARTLY UNRESOLVED"
DD_01,2021-10-04,DAILY_WITH_LAST_WEEKLY_SIGNAL_ASOF,2021-10-01,False,2021-09-06,2021-10-01,2021-10-08,1.0006634977285571,-0.018842043359298843,GLOBAL_OIL_GAS,2021-10-01,1.0,1.0,0.21793051700165322,0.20598284153426083,0.057163978104497915,0.1470190728956886,0.6926279216209681,0.0045609247899003275,81.09981935075787,0.1281863782422683,0.18321928268606813,0.290922866239157,0.3419847604482703,0.9951976212846161,NOT_AVAILABLE_NO_VALIDATED_HIGH_LOW_PANEL,0.04117304330938043,True,False,,NOT_DETERMINABLE_FROM_CLOSE_ONLY_PANEL,True,"HISTORICAL UK RETAIL, ISA, ACCOUNT AND BROKER ELIGIBILITY REMAIN PARTLY UNRESOLVED"
DD_01,2021-10-05,DAILY_WITH_LAST_WEEKLY_SIGNAL_ASOF,2021-10-01,False,2021-09-06,2021-10-01,2021-10-08,1.0170892369190276,-0.0027364846604776005,GLOBAL_OIL_GAS,2021-10-01,1.0,1.0,0.21793051700165322,0.20598284153426083,0.057163978104497915,0.1470190728956886,0.6926279216209681,0.0045609247899003275,82.43106055629167,0.13161322655248275,0.19315992604178778,0.30805088122007995,0.33757260622631813,0.9954537128566016,NOT_AVAILABLE_NO_VALIDATED_HIGH_LOW_PANEL,0.05826374053214223,True,False,,NOT_DETERMINABLE_FROM_CLOSE_ONLY_PANEL,True,"HISTORICAL UK RETAIL, ISA, ACCOUNT AND BROKER ELIGIBILITY REMAIN PARTLY UNRESOLVED"
DD_01,2021-10-06,DAILY_WITH_LAST_WEEKLY_SIGNAL_ASOF,2021-10-01,False,2021-09-06,2021-10-01,2021-10-08,0.991704003624664,-0.027626893558655996,GLOBAL_OIL_GAS,2021-10-01,1.0,1.0,0.21793051700165322,0.20598284153426083,0.057163978104497915,0.1470190728956886,0.6926279216209681,0.0045609247899003275,80.37368778410307,0.09309752440438057,0.1559737948474358,0.2719181399904491,0.3388186793429527,1.0644259759081363,NOT_AVAILABLE_NO_VALIDATED_HIGH_LOW_PANEL,0.05826374053214223,True,False,,NOT_DETERMINABLE_FROM_CLOSE_ONLY_PANEL,True,"HISTORICAL UK RETAIL, ISA, ACCOUNT AND BROKER ELIGIBILITY REMAIN PARTLY UNRESOLVED"
DD_01,2021-10-07,DAILY_WITH_LAST_WEEKLY_SIGNAL_ASOF,2021-10-01,False,2021-09-06,2021-10-01,2021-10-08,1.0029033712545306,-0.016645830809459472,GLOBAL_OIL_GAS,2021-10-01,1.0,1.0,0.21793051700165322,0.20598284153426083,0.057163978104497915,0.1470190728956886,0.6926279216209681,0.0045609247899003275,81.28135224242158,0.09494618515737363,0.16133032294647576,0.28262831578314107,0.33923571961462573,1.04679335694223,NOT_AVAILABLE_NO_VALIDATED_HIGH_LOW_PANEL,0.05826374053214223,True,False,,NOT_DETERMINABLE_FROM_CLOSE_ONLY_PANEL,True,"HISTORICAL UK RETAIL, ISA, ACCOUNT AND BROKER ELIGIBILITY REMAIN PARTLY UNRESOLVED"
DD_01,2021-10-08,DAILY_WITH_LAST_WEEKLY_SIGNAL_ASOF,2021-10-08,True,2021-09-06,2021-10-01,2021-10-08,1.0337016322366628,0.013552091750830497,GLOBAL_OIL_GAS,2021-10-01,1.0,1.0,0.3075071038456576,0.3016548957489986,0.18163996385022663,0.28358611024266445,0.739120039009765,0.007529562677851292,83.77742950279745,0.11553235202813839,0.18781755225854413,0.3177942730370409,0.3433557507382332,1.058339153223852,NOT_AVAILABLE_NO_VALIDATED_HIGH_LOW_PANEL,0.07554865022334445,True,False,,NOT_DETERMINABLE_FROM_CLOSE_ONLY_PANEL,True,"HISTORICAL UK RETAIL, ISA, ACCOUNT AND BROKER ELIGIBILITY REMAIN PARTLY UNRESOLVED"
DD_02,2021-11-08,DAILY_WITH_LAST_WEEKLY_SIGNAL_ASOF,2021-11-05,False,2021-11-08,2022-01-28,2022-05-04,1.0801790079006088,0.0,GLOBAL_OIL_GAS,2021-10-01,1.0,2.0,-0.00910326120174143,0.25606793753091783,0.26584953593689953,0.14449240550997322,0.8007207232046127,0.005953835281278145,87.54423700481927,0.04902070703157668,0.11513262277991543,0.2963455712664438,0.3130577303685497,0.7939721062456091,NOT_AVAILABLE_NO_VALIDATED_HIGH_LOW_PANEL,0.12390755486502303,True,False,,NOT_DETERMINABLE_FROM_CLOSE_ONLY_PANEL,True,"HISTORICAL UK RETAIL, ISA, ACCOUNT AND BROKER ELIGIBILITY REMAIN PARTLY UNRESOLVED"
DD_02,2021-11-09,DAILY_WITH_LAST_WEEKLY_SIGNAL_ASOF,2021-11-05,False,2021-11-08,2022-01-28,2022-05-04,1.0652465177274537,-0.013824088474166274,GLOBAL_OIL_GAS,2021-10-01,1.0,2.0,-0.00910326120174143,0.25606793753091783,0.26584953593689953,0.14449240550997322,0.8007207232046127,0.005953835281278145,86.33401772706127,0.03128269761156055,0.09543327411755498,0.27489281772026275,0.3143661063748392,0.783300476246283,NOT_AVAILABLE_NO_VALIDATED_HIGH_LOW_PANEL,0.12390755486502303,True,False,,NOT_DETERMINABLE_FROM_CLOSE_ONLY_PANEL,True,"HISTORICAL UK RETAIL, ISA, ACCOUNT AND BROKER ELIGIBILITY REMAIN PARTLY UNRESOLVED"
DD_02,2021-11-10,DAILY_WITH_LAST_WEEKLY_SIGNAL_ASOF,2021-11-05,False,2021-11-08,2022-01-28,2022-05-04,1.0572203042593828,-0.021254536029030602,GLOBAL_OIL_GAS,2021-10-01,1.0,2.0,-0.00910326120174143,0.25606793753091783,0.26584953593689953,0.14449240550997322,0.8007207232046127,0.005953835281278145,85.68352486526635,0.021329307156882527,0.08347542039902422,0.26195585275073574,0.3137111049304047,0.7563584740654422,NOT_AVAILABLE_NO_VALIDATED_HIGH_LOW_PANEL,0.12390755486502303,True,False,,NOT_DETERMINABLE_FROM_CLOSE_ONLY_PANEL,True,"HISTORICAL UK RETAIL, ISA, ACCOUNT AND BROKER ELIGIBILITY REMAIN PARTLY UNRESOLVED"
DD_02,2021-11-11,DAILY_WITH_LAST_WEEKLY_SIGNAL_ASOF,2021-11-05,False,2021-11-08,2022-01-28,2022-05-04,1.0547937746062452,-0.023500950406082466,GLOBAL_OIL_GAS,2021-10-01,1.0,2.0,-0.00910326120174143,0.25606793753091783,0.26584953593689953,0.14449240550997322,0.8007207232046127,0.005953835281278145,85.48686423263068,0.01722949452521627,0.07756625301819775,0.2558222743984484,0.3137143248640913,0.7451726324033329,NOT_AVAILABLE_NO_VALIDATED_HIGH_LOW_PANEL,0.12390755486502303,True,False,,NOT_DETERMINABLE_FROM_CLOSE_ONLY_PANEL,True,"HISTORICAL UK RETAIL, ISA, ACCOUNT AND BROKER ELIGIBILITY REMAIN PARTLY UNRESOLVED"
DD_02,2021-11-12,DAILY_WITH_LAST_WEEKLY_SIGNAL_ASOF,2021-11-12,True,2021-11-08,2022-01-28,2022-05-04,1.0430344385948858,-0.03438742007948825,GLOBAL_OIL_GAS,2021-10-01,2.0,5.0,-0.050824349793253565,0.14084395964949925,0.2654533327365389,0.09035735443013304,0.5588043562413907,0.0035660818511046525,84.53381655139627,0.00535071975345347,0.06282083733774857,0.238840895658045,0.315170650012249,0.7562655484792757,NOT_AVAILABLE_NO_VALIDATED_HIGH_LOW_PANEL,0.12390755486502303,False,False,,NOT_DETERMINABLE_FROM_CLOSE_ONLY_PANEL,True,"HISTORICAL UK RETAIL, ISA, ACCOUNT AND BROKER ELIGIBILITY REMAIN PARTLY UNRESOLVED"
DD_02,2021-11-15,DAILY_WITH_LAST_WEEKLY_SIGNAL_ASOF,2021-11-12,False,2021-11-08,2022-01-28,2022-05-04,1.0409812211960767,-0.03628823224468625,GLOBAL_OIL_GAS,2021-10-01,2.0,5.0,-0.050824349793253565,0.14084395964949925,0.2654533327365389,0.09035735443013304,0.5588043562413907,0.0035660818511046525,84.36741140070454,0.003064227039411893,0.05820852927941256,0.23350071682368667,0.3059867137667228,0.7478948834587137,NOT_AVAILABLE_NO_VALIDATED_HIGH_LOW_PANEL,0.12390755486502303,False,False,,NOT_DETERMINABLE_FROM_CLOSE_ONLY_PANEL,True,"HISTORICAL UK RETAIL, ISA, ACCOUNT AND BROKER ELIGIBILITY REMAIN PARTLY UNRESOLVED"
DD_02,2021-11-16,DAILY_WITH_LAST_WEEKLY_SIGNAL_ASOF,2021-11-12,False,2021-11-08,2022-01-28,2022-05-04,1.0434077508492143,-0.03404181786763438,GLOBAL_OIL_GAS,2021-10-01,2.0,5.0,-0.050824349793253565,0.14084395964949925,0.2654533327365389,0.09035735443013304,0.5588043562413907,0.0035660818511046525,84.5640720333402,0.0049088365042297966,0.05815741467039959,0.2334748768384345,0.30586266615510055,0.7532118554120341,NOT_AVAILABLE_NO_VALIDATED_HIGH_LOW_PANEL,0.12390755486502303,False,False,,NOT_DETERMINABLE_FROM_CLOSE_ONLY_PANEL,True,"HISTORICAL UK RETAIL, ISA, ACCOUNT AND BROKER ELIGIBILITY REMAIN PARTLY UNRESOLVED"
DD_02,2021-11-17,DAILY_WITH_LAST_WEEKLY_SIGNAL_ASOF,2021-11-12,False,2021-11-08,2022-01-28,2022-05-04,1.035194881253979,-0.0416450665284257,GLOBAL_OIL_GAS,2021-10-01,2.0,5.0,-0.050824349793253565,0.14084395964949925,0.2654533327365389,0.09035735443013304,0.5588043562413907,0.0035660818511046525,83.8984514305733,-0.002728926765969586,0.04778102394289507,0.22104725661799818,0.3067748678678055,0.7594664250105563,NOT_AVAILABLE_NO_VALIDATED_HIGH_LOW_PANEL,0.12390755486502303,False,False,,NOT_DETERMINABLE_FROM_CLOSE_ONLY_PANEL,True,"HISTORICAL UK RETAIL, ISA, ACCOUNT AND BROKER ELIGIBILITY REMAIN PARTLY UNRESOLVED"
DD_02,2021-11-18,DAILY_WITH_LAST_WEEKLY_SIGNAL_ASOF,2021-11-12,False,2021-11-08,2022-01-28,2022-05-04,1.0236222013697838,-0.05235873509590461,GLOBAL_OIL_GAS,2021-10-01,2.0,5.0,-0.050824349793253565,0.14084395964949925,0.2654533327365389,0.09035735443013304,0.5588043562413907,0.0035660818511046525,82.96053149031086,-0.01263197996378751,0.03460427852470871,0.2049103765195499,0.28264280711394163,0.7715336994582411,NOT_AVAILABLE_NO_VALIDATED_HIGH_LOW_PANEL,0.12390755486502303,False,False,,NOT_DETERMINABLE_FROM_CLOSE_ONLY_PANEL,True,"HISTORICAL UK RETAIL, ISA, ACCOUNT AND BROKER ELIGIBILITY REMAIN PARTLY UNRESOLVED"
DD_02,2021-11-19,DAILY_WITH_LAST_WEEKLY_SIGNAL_ASOF,2021-11-19,True,2021-11-08,2022-01-28,2022-05-04,0.9855443514282384,-0.08761016070502836,GLOBAL_OIL_GAS,2021-10-01,1.0,6.0,-0.08258330531115987,0.07765116846113784,0.22587616164743363,0.10211658944322455,0.3881415726266846,0.00033069307569861455,79.87447233202796,-0.04507609740493834,-0.003730423968240859,0.15824377195328077,0.2936836864924526,0.8649752493157328,NOT_AVAILABLE_NO_VALIDATED_HIGH_LOW_PANEL,0.12390755486502303,True,False,,NOT_DETERMINABLE_FROM_CLOSE_ONLY_PANEL,True,"HISTORICAL UK RETAIL, ISA, ACCOUNT AND BROKER ELIGIBILITY REMAIN PARTLY UNRESOLVED"
DD_02,2021-11-22,DAILY_WITH_LAST_WEEKLY_SIGNAL_ASOF,2021-11-19,False,2021-11-08,2022-01-28,2022-05-04,0.9999168732199,-0.07430447554864361,GLOBAL_OIL_GAS,2021-10-01,1.0,6.0,-0.08258330531115987,0.07765116846113784,0.22587616164743363,0.10211658944322455,0.3881415726266846,0.00033069307569861455,81.03930838687002,-0.02839871470306876,0.010370644806416474,0.17309055818563546,0.2902416952423325,0.8730955310493215,NOT_AVAILABLE_NO_VALIDATED_HIGH_LOW_PANEL,0.12390755486502303,True,False,,NOT_DETERMINABLE_FROM_CLOSE_ONLY_PANEL,True,"HISTORICAL UK RETAIL, ISA, ACCOUNT AND BROKER ELIGIBILITY REMAIN PARTLY UNRESOLVED"
DD_02,2021-11-23,DAILY_WITH_LAST_WEEKLY_SIGNAL_ASOF,2021-11-19,False,2021-11-08,2022-01-28,2022-05-04,1.0290352290575526,-0.047347503024019244,GLOBAL_OIL_GAS,2021-10-01,1.0,6.0,-0.08258330531115987,0.07765116846113784,0.22587616164743363,0.10211658944322455,0.3881415726266846,0.00033069307569861455,83.39923597849813,-9.539252298029766e-05,0.038173325732816066,0.20476738572028164,0.2940692266392843,0.8677288928546447,NOT_AVAILABLE_NO_VALIDATED_HIGH_LOW_PANEL,0.12390755486502303,True,False,,NOT_DETERMINABLE_FROM_CLOSE_ONLY_PANEL,True,"HISTORICAL UK RETAIL, ISA, ACCOUNT AND BROKER ELIGIBILITY REMAIN PARTLY UNRESOLVED"
DD_02,2021-11-24,DAILY_WITH_LAST_WEEKLY_SIGNAL_ASOF,2021-11-19,False,2021-11-08,2022-01-28,2022-05-04,1.0581535848952048,-0.02039053049939532,GLOBAL_OIL_GAS,2021-10-01,1.0,6.0,-0.08258330531115987,0.07765116846113784,0.22587616164743363,0.10211658944322455,0.3881415726266846,0.00033069307569861455,85.7591635701262,0.025569598602036336,0.06472975916948487,0.23592097712116433,0.2972850257321948,0.933678582982969,NOT_AVAILABLE_NO_VALIDATED_HIGH_LOW_PANEL,0.12390755486502303,True,False,,NOT_DETERMINABLE_FROM_CLOSE_ONLY_PANEL,True,"HISTORICAL UK RETAIL, ISA, ACCOUNT AND BROKER ELIGIBILITY REMAIN PARTLY UNRESOLVED"
DD_02,2021-11-25,DAILY_WITH_LAST_WEEKLY_SIGNAL_ASOF,2021-11-19,False,2021-11-08,2022-01-28,2022-05-04,1.0592735216581914,-0.01935372386383294,GLOBAL_OIL_GAS,2021-10-01,1.0,6.0,-0.08258330531115987,0.07765116846113784,0.22587616164743363,0.10211658944322455,0.3881415726266846,0.00033069307569861455,85.84993001595805,0.02417328623760251,0.06311105063025413,0.2343154736406139,0.296090026337671,0.9313290666973046,NOT_AVAILABLE_NO_VALIDATED_HIGH_LOW_PANEL,0.12390755486502303,True,False,,NOT_DETERMINABLE_FROM_CLOSE_ONLY_PANEL,True,"HISTORICAL UK RETAIL, ISA, ACCOUNT AND BROKER ELIGIBILITY REMAIN PARTLY UNRESOLVED"
DD_02,2021-11-26,DAILY_WITH_LAST_WEEKLY_SIGNAL_ASOF,2021-11-26,True,2021-11-08,2022-01-28,2022-05-04,0.9784514185959894,-0.09417660273025763,GLOBAL_OIL_GAS,2021-10-01,2.0,7.0,-0.05581772361290749,-0.014446742422742798,0.20884225970204295,0.01874364329870981,0.31912747822051446,-0.0016952528618954426,79.29961817509289,-0.04930617557124406,-0.01731004217348653,0.1385501462351466,0.3352411443076697,1.2318440541969164,NOT_AVAILABLE_NO_VALIDATED_HIGH_LOW_PANEL,0.12390755486502303,False,False,,NOT_DETERMINABLE_FROM_CLOSE_ONLY_PANEL,True,"HISTORICAL UK RETAIL, ISA, ACCOUNT AND BROKER ELIGIBILITY REMAIN PARTLY UNRESOLVED"
DD_02,2021-11-29,DAILY_WITH_LAST_WEEKLY_SIGNAL_ASOF,2021-11-26,False,2021-11-08,2022-01-28,2022-05-04,1.0088763673237928,-0.066010022464144,GLOBAL_OIL_GAS,2021-10-01,2.0,7.0,-0.05581772361290749,-0.014446742422742798,0.20884225970204295,0.01874364329870981,0.31912747822051446,-0.0016952528618954426,81.7654399535248,-0.01798168450271098,0.01272061726563356,0.17192490469745048,0.3393149288050016,1.2778315393693507,NOT_AVAILABLE_NO_VALIDATED_HIGH_LOW_PANEL,0.12390755486502303,False,False,,NOT_DETERMINABLE_FROM_CLOSE_ONLY_PANEL,True,"HISTORICAL UK RETAIL, ISA, ACCOUNT AND BROKER ELIGIBILITY REMAIN PARTLY UNRESOLVED"
DD_02,2021-11-30,DAILY_WITH_LAST_WEEKLY_SIGNAL_ASOF,2021-11-26,False,2021-11-08,2022-01-28,2022-05-04,1.0002901854742288,-0.07395887333678952,GLOBAL_OIL_GAS,2021-10-01,2.0,7.0,-0.05581772361290749,-0.014446742422742798,0.20884225970204295,0.01874364329870981,0.31912747822051446,-0.0016952528618954426,81.06956386881396,-0.024002279528327453,0.003940232900344398,0.16008165808496955,0.33326053676840556,1.2520363668169023,NOT_AVAILABLE_NO_VALIDATED_HIGH_LOW_PANEL,0.12390755486502303,False,False,,NOT_DETERMINABLE_FROM_CLOSE_ONLY_PANEL,True,"HISTORICAL UK RETAIL, ISA, ACCOUNT AND BROKER ELIGIBILITY REMAIN PARTLY UNRESOLVED"
DD_02,2021-12-01,DAILY_WITH_LAST_WEEKLY_SIGNAL_ASOF,2021-11-26,False,2021-11-08,2022-01-28,2022-05-04,1.0098284984262038,-0.06512856569128789,GLOBAL_SEMICONDUCTORS,2021-12-01,1.0,1.0,0.11511452483386564,0.11894677393735842,0.10254177729118719,0.13496045070728835,0.18553821355422118,0.003739229694597019,493.5255024808578,0.05361312826279674,0.10871898442403238,0.24183878413460969,0.22830204026799292,1.5628805243645671,NOT_AVAILABLE_NO_VALIDATED_HIGH_LOW_PANEL,0.0,True,False,,NOT_DETERMINABLE_FROM_CLOSE_ONLY_PANEL,True,"HISTORICAL UK RETAIL, ISA, ACCOUNT AND BROKER ELIGIBILITY REMAIN PARTLY UNRESOLVED"
DD_02,2021-12-02,DAILY_WITH_LAST_WEEKLY_SIGNAL_ASOF,2021-11-26,False,2021-11-08,2022-01-28,2022-05-04,0.9726293740596175,-0.09956649134481921,GLOBAL_SEMICONDUCTORS,2021-12-01,1.0,1.0,0.11511452483386564,0.11894677393735842,0.10254177729118719,0.13496045070728835,0.18553821355422118,0.003739229694597019,475.3454683726116,0.013437470385055272,0.06504204829992544,0.1937638382660476,0.2411697680764288,1.7541220647376063,NOT_AVAILABLE_NO_VALIDATED_HIGH_LOW_PANEL,0.0,True,False,,NOT_DETERMINABLE_FROM_CLOSE_ONLY_PANEL,True,"HISTORICAL UK RETAIL, ISA, ACCOUNT AND BROKER ELIGIBILITY REMAIN PARTLY UNRESOLVED"
DD_02,2021-12-03,DAILY_WITH_LAST_WEEKLY_SIGNAL_ASOF,2021-12-03,True,2021-11-08,2022-01-28,2022-05-04,0.9719523698549356,-0.10019324320699219,GLOBAL_SEMICONDUCTORS,2021-12-01,1.0,1.0,0.07424363755332863,0.1452341540931772,0.11846581660855238,0.16626930132168427,0.17615741516213146,0.004348624104831649,475.01460145727106,0.01156121968816115,0.061623732665640585,0.19064719047084155,0.24018691574281315,1.521711053129193,NOT_AVAILABLE_NO_VALIDATED_HIGH_LOW_PANEL,0.0,True,False,,NOT_DETERMINABLE_FROM_CLOSE_ONLY_PANEL,True,"HISTORICAL UK RETAIL, ISA, ACCOUNT AND BROKER ELIGIBILITY REMAIN PARTLY UNRESOLVED"
DD_02,2021-12-06,DAILY_WITH_LAST_WEEKLY_SIGNAL_ASOF,2021-12-03,False,2021-11-08,2022-01-28,2022-05-04,0.9521703069941314,-0.1185069326196867,GLOBAL_SEMICONDUCTORS,2021-12-01,1.0,1.0,0.07424363755332863,0.1452341540931772,0.11846581660855238,0.16626930132168427,0.17615741516213146,0.004348624104831649,465.3466701910197,-0.008213102407180206,0.038387077988246254,0.1644858238685647,0.24292398343591828,1.511892108976236,NOT_AVAILABLE_NO_VALIDATED_HIGH_LOW_PANEL,0.0,True,False,,NOT_DETERMINABLE_FROM_CLOSE_ONLY_PANEL,True,"HISTORICAL UK RETAIL, ISA, ACCOUNT AND BROKER ELIGIBILITY REMAIN PARTLY UNRESOLVED"
DD_02,2021-12-07,DAILY_WITH_LAST_WEEKLY_SIGNAL_ASOF,2021-12-03,False,2021-11-08,2022-01-28,2022-05-04,1.0128614772631788,-0.062320717348752774,GLOBAL_SEMICONDUCTORS,2021-12-01,1.0,1.0,0.07424363755332863,0.1452341540931772,0.11846581660855238,0.16626930132168427,0.17615741516213146,0.004348624104831649,495.0077862615836,0.04975414422819102,0.10006241240817104,0.23577470740815665,0.2723845176472402,1.9094946345077852,NOT_AVAILABLE_NO_VALIDATED_HIGH_LOW_PANEL,0.0030034593415630972,True,False,,NOT_DETERMINABLE_FROM_CLOSE_ONLY_PANEL,True,"HISTORICAL UK RETAIL, ISA, ACCOUNT AND BROKER ELIGIBILITY REMAIN PARTLY UNRESOLVED"
DD_02,2021-12-08,DAILY_WITH_LAST_WEEKLY_SIGNAL_ASOF,2021-12-03,False,2021-11-08,2022-01-28,2022-05-04,1.009489996323863,-0.06544194162237427,GLOBAL_SEMICONDUCTORS,2021-12-01,1.0,1.0,0.07424363755332863,0.1452341540931772,0.11846581660855238,0.16626930132168427,0.17615741516213146,0.004348624104831649,493.3600690231876,0.04187830124116343,0.0922714254303112,0.2288286653162377,0.2724338803768466,1.9117436709726243,NOT_AVAILABLE_NO_VALIDATED_HIGH_LOW_PANEL,0.0030034593415630972,True,False,,NOT_DETERMINABLE_FROM_CLOSE_ONLY_PANEL,True,"HISTORICAL UK RETAIL, ISA, ACCOUNT AND BROKER ELIGIBILITY REMAIN PARTLY UNRESOLVED"
DD_02,2021-12-09,DAILY_WITH_LAST_WEEKLY_SIGNAL_ASOF,2021-12-03,False,2021-11-08,2022-01-28,2022-05-04,1.0082533353099774,-0.06658680835727704,GLOBAL_SEMICONDUCTORS,2021-12-01,1.0,1.0,0.07424363755332863,0.1452341540931772,0.11846581660855238,0.16626930132168427,0.17615741516213146,0.004348624104831649,492.75568545783216,0.03677513557751788,0.08705689424693741,0.22455346047395142,0.2721799679249254,1.872837944572746,NOT_AVAILABLE_NO_VALIDATED_HIGH_LOW_PANEL,0.0030034593415630972,True,False,,NOT_DETERMINABLE_FROM_CLOSE_ONLY_PANEL,True,"HISTORICAL UK RETAIL, ISA, ACCOUNT AND BROKER ELIGIBILITY REMAIN PARTLY UNRESOLVED"
DD_02,2021-12-10,DAILY_WITH_LAST_WEEKLY_SIGNAL_ASOF,2021-12-10,True,2021-11-08,2022-01-28,2022-05-04,0.9875731135376286,-0.08573198857378761,GLOBAL_SEMICONDUCTORS,2021-12-01,1.0,1.0,0.03383754560482766,0.13720203803789333,0.08115815101997237,0.13614962363330219,0.18493221293746553,0.0041181681724372894,482.64880408389564,0.014080060803908001,0.06206309971651125,0.19706121809670418,0.2753757194261808,1.8652411747186992,NOT_AVAILABLE_NO_VALIDATED_HIGH_LOW_PANEL,0.0030034593415630972,True,False,,NOT_DETERMINABLE_FROM_CLOSE_ONLY_PANEL,True,"HISTORICAL UK RETAIL, ISA, ACCOUNT AND BROKER ELIGIBILITY REMAIN PARTLY UNRESOLVED"
DD_02,2021-12-13,DAILY_WITH_LAST_WEEKLY_SIGNAL_ASOF,2021-12-10,False,2021-11-08,2022-01-28,2022-05-04,0.9777971728220223,-0.0947822854635656,GLOBAL_SEMICONDUCTORS,2021-12-01,1.0,1.0,0.03383754560482766,0.13720203803789333,0.08115815101997237,0.13614962363330219,0.18493221293746553,0.0041181681724372894,477.87108582637785,0.003672949575278972,0.049428303531549256,0.18303135446466445,0.27597823728641296,1.833178357600689,NOT_AVAILABLE_NO_VALIDATED_HIGH_LOW_PANEL,0.0030034593415630972,True,False,,NOT_DETERMINABLE_FROM_CLOSE_ONLY_PANEL,True,"HISTORICAL UK RETAIL, ISA, ACCOUNT AND BROKER ELIGIBILITY REMAIN PARTLY UNRESOLVED"
DD_02,2021-12-14,DAILY_WITH_LAST_WEEKLY_SIGNAL_ASOF,2021-12-10,False,2021-11-08,2022-01-28,2022-05-04,0.9546436290219023,-0.1162171991498816,GLOBAL_SEMICONDUCTORS,2021-12-01,1.0,1.0,0.03383754560482766,0.13720203803789333,0.08115815101997237,0.13614962363330219,0.18493221293746553,0.0041181681724372894,466.5554373217305,-0.018300077448478835,0.023591979741101943,0.15323917649371666,0.2808416706123825,1.8798505845057902,NOT_AVAILABLE_NO_VALIDATED_HIGH_LOW_PANEL,0.0030034593415630972,True,False,,NOT_DETERMINABLE_FROM_CLOSE_ONLY_PANEL,True,"HISTORICAL UK RETAIL, ISA, ACCOUNT AND BROKER ELIGIBILITY REMAIN PARTLY UNRESOLVED"
DD_02,2021-12-15,DAILY_WITH_LAST_WEEKLY_SIGNAL_ASOF,2021-12-10,False,2021-11-08,2022-01-28,2022-05-04,0.9649837399080768,-0.10664460904162609,GLOBAL_SEMICONDUCTORS,2021-12-01,1.0,1.0,0.03383754560482766,0.13720203803789333,0.08115815101997237,0.13614962363330219,0.18493221293746553,0.0041181681724372894,471.6088780086988,-0.006974779073944726,0.03327368912117623,0.1638111594723879,0.2807652599936801,1.8840909098121934,NOT_AVAILABLE_NO_VALIDATED_HIGH_LOW_PANEL,0.0030034593415630972,True,False,,NOT_DETERMINABLE_FROM_CLOSE_ONLY_PANEL,True,"HISTORICAL UK RETAIL, ISA, ACCOUNT AND BROKER ELIGIBILITY REMAIN PARTLY UNRESOLVED"
DD_02,2021-12-16,DAILY_WITH_LAST_WEEKLY_SIGNAL_ASOF,2021-12-10,False,2021-11-08,2022-01-28,2022-05-04,0.9749898620532746,-0.09738121651870968,GLOBAL_SEMICONDUCTORS,2021-12-01,1.0,1.0,0.03383754560482766,0.13720203803789333,0.08115815101997237,0.13614962363330219,0.18493221293746553,0.0041181681724372894,476.49909101743225,0.0030191892349826777,0.04219012899584662,0.1738247259363357,0.2790591100685825,1.8772614864638728,NOT_AVAILABLE_NO_VALIDATED_HIGH_LOW_PANEL,0.0030034593415630972,True,False,,NOT_DETERMINABLE_FROM_CLOSE_ONLY_PANEL,True,"HISTORICAL UK RETAIL, ISA, ACCOUNT AND BROKER ELIGIBILITY REMAIN PARTLY UNRESOLVED"
DD_02,2021-12-17,DAILY_WITH_LAST_WEEKLY_SIGNAL_ASOF,2021-12-17,True,2021-11-08,2022-01-28,2022-05-04,0.9618379270369882,-0.10955691602785678,GLOBAL_SEMICONDUCTORS,2021-12-01,1.0,1.0,-0.016353241365267834,0.10215771825723707,0.08094974108682518,0.11836830615190208,0.14934549651852302,0.003199243388218521,470.07144974208285,-0.009564449953957777,0.026998719741835098,0.15617308936422725,0.2809098932421536,1.8698984214300647,NOT_AVAILABLE_NO_VALIDATED_HIGH_LOW_PANEL,0.0030034593415630972,True,False,,NOT_DETERMINABLE_FROM_CLOSE_ONLY_PANEL,True,"HISTORICAL UK RETAIL, ISA, ACCOUNT AND BROKER ELIGIBILITY REMAIN PARTLY UNRESOLVED"
DD_02,2021-12-20,DAILY_WITH_LAST_WEEKLY_SIGNAL_ASOF,2021-12-17,False,2021-11-08,2022-01-28,2022-05-04,0.9444163521698414,-0.12568533061444143,GLOBAL_SEMICONDUCTORS,2021-12-01,1.0,1.0,-0.016353241365267834,0.10215771825723707,0.08094974108682518,0.11836830615190208,0.14934549651852302,0.003199243388218521,461.5571411206523,-0.025066318341139815,0.008064954747614372,0.1337060603025393,0.2831032139180032,1.8797364719820542,NOT_AVAILABLE_NO_VALIDATED_HIGH_LOW_PANEL,0.0030034593415630972,True,False,,NOT_DETERMINABLE_FROM_CLOSE_ONLY_PANEL,True,"HISTORICAL UK RETAIL, ISA, ACCOUNT AND BROKER ELIGIBILITY REMAIN PARTLY UNRESOLVED"
DD_02,2021-12-21,DAILY_WITH_LAST_WEEKLY_SIGNAL_ASOF,2021-12-17,False,2021-11-08,2022-01-28,2022-05-04,0.9641984150306455,-0.10737164120174714,GLOBAL_SEMICONDUCTORS,2021-12-01,1.0,1.0,-0.016353241365267834,0.10215771825723707,0.08094974108682518,0.11836830615190208,0.14934549651852302,0.003199243388218521,471.22507238690355,-0.00422453775726761,0.028003854768622327,0.15564250745977604,0.285128132691139,1.8990050946086439,NOT_AVAILABLE_NO_VALIDATED_HIGH_LOW_PANEL,0.0030034593415630972,True,False,,NOT_DETERMINABLE_FROM_CLOSE_ONLY_PANEL,True,"HISTORICAL UK RETAIL, ISA, ACCOUNT AND BROKER ELIGIBILITY REMAIN PARTLY UNRESOLVED"
DD_02,2021-12-22,DAILY_WITH_LAST_WEEKLY_SIGNAL_ASOF,2021-12-17,False,2021-11-08,2022-01-28,2022-05-04,0.9792595019041347,-0.09342850144127235,GLOBAL_SEMICONDUCTORS,2021-12-01,1.0,1.0,-0.016353241365267834,0.10215771825723707,0.08094974108682518,0.11836830615190208,0.14934549651852302,0.003199243388218521,478.58575836351326,0.010289213820459553,0.04226067449643156,0.17166901818101188,0.2863628604247794,1.8248890484635283,NOT_AVAILABLE_NO_VALIDATED_HIGH_LOW_PANEL,0.0030034593415630972,True,False,,NOT_DETERMINABLE_FROM_CLOSE_ONLY_PANEL,True,"HISTORICAL UK RETAIL, ISA, ACCOUNT AND BROKER ELIGIBILITY REMAIN PARTLY UNRESOLVED"
DD_02,2021-12-23,DAILY_WITH_LAST_WEEKLY_SIGNAL_ASOF,2021-12-17,False,2021-11-08,2022-01-28,2022-05-04,0.9980260584579161,-0.07605493982183731,GLOBAL_SEMICONDUCTORS,2021-12-01,1.0,1.0,-0.016353241365267834,0.10215771825723707,0.08094974108682518,0.11836830615190208,0.14934549651852302,0.003199243388218521,487.75738925675375,0.02688246998042465,0.05964843892495719,0.19182082918631815,0.288018080362189,1.8396003401932612,NOT_AVAILABLE_NO_VALIDATED_HIGH_LOW_PANEL,0.0030034593415630972,True,False,,NOT_DETERMINABLE_FROM_CLOSE_ONLY_PANEL,True,"HISTORICAL UK RETAIL, ISA, ACCOUNT AND BROKER ELIGIBILITY REMAIN PARTLY UNRESOLVED"
DD_02,2021-12-24,DAILY_WITH_LAST_WEEKLY_SIGNAL_ASOF,2021-12-24,True,2021-11-08,2022-01-28,2022-05-04,0.9909491078383084,-0.08260658595441883,GLOBAL_SEMICONDUCTORS,2021-12-01,1.0,1.0,-0.0014321683357797488,0.12396916341785147,0.10538477620319697,0.10428848678535707,0.19374288314235222,0.0020795721805489317,484.2987271017271,0.017787304851273777,0.04998783626778236,0.18121447671835966,0.28429955401356677,1.8307231738635672,NOT_AVAILABLE_NO_VALIDATED_HIGH_LOW_PANEL,0.0030034593415630972,True,False,,NOT_DETERMINABLE_FROM_CLOSE_ONLY_PANEL,True,"HISTORICAL UK RETAIL, ISA, ACCOUNT AND BROKER ELIGIBILITY REMAIN PARTLY UNRESOLVED"
DD_02,2021-12-29,DAILY_WITH_LAST_WEEKLY_SIGNAL_ASOF,2021-12-24,False,2021-11-08,2022-01-28,2022-05-04,0.9993755535059156,-0.07480561444323897,GLOBAL_SEMICONDUCTORS,2021-12-01,1.0,1.0,-0.0014321683357797488,0.12396916341785147,0.10538477620319697,0.10428848678535707,0.19374288314235222,0.0020795721805489317,488.41691730799937,0.023980506828626735,0.05647538557847476,0.1889960804350177,,,NOT_AVAILABLE_NO_VALIDATED_HIGH_LOW_PANEL,0.0030034593415630972,True,False,,NOT_DETERMINABLE_FROM_CLOSE_ONLY_PANEL,True,"HISTORICAL UK RETAIL, ISA, ACCOUNT AND BROKER ELIGIBILITY REMAIN PARTLY UNRESOLVED"
DD_02,2021-12-30,DAILY_WITH_LAST_WEEKLY_SIGNAL_ASOF,2021-12-24,False,2021-11-08,2022-01-28,2022-05-04,0.9990370514035746,-0.07511899037432546,GLOBAL_SEMICONDUCTORS,2021-12-01,1.0,1.0,-0.0014321683357797488,0.12396916341785147,0.10538477620319697,0.10428848678535707,0.19374288314235222,0.0020795721805489317,488.25148385032907,0.021439092952200367,0.05379846139932343,0.18636707324755286,0.2835037358995709,1.7309214299443239,NOT_AVAILABLE_NO_VALIDATED_HIGH_LOW_PANEL,0.0030034593415630972,True,False,,NOT_DETERMINABLE_FROM_CLOSE_ONLY_PANEL,True,"HISTORICAL UK RETAIL, ISA, ACCOUNT AND BROKER ELIGIBILITY REMAIN PARTLY UNRESOLVED"
DD_02,2021-12-31,DAILY_WITH_LAST_WEEKLY_SIGNAL_ASOF,2021-12-31,True,2021-11-08,2022-01-28,2022-05-04,0.9879116156399691,-0.08541861264270156,GLOBAL_SEMICONDUCTORS,2021-12-01,1.0,1.0,-0.019376900640377337,0.11135433291534658,0.12426751574897144,0.11869874574241912,0.14844625817751345,0.0013177819366460898,482.8142375415658,0.009140895381122727,0.04034710279664555,0.17113770017191454,0.28490310051096723,1.6862601612404111,NOT_AVAILABLE_NO_VALIDATED_HIGH_LOW_PANEL,0.0030034593415630972,True,False,,NOT_DETERMINABLE_FROM_CLOSE_ONLY_PANEL,True,"HISTORICAL UK RETAIL, ISA, ACCOUNT AND BROKER ELIGIBILITY REMAIN PARTLY UNRESOLVED"
DD_02,2022-01-04,DAILY_WITH_LAST_WEEKLY_SIGNAL_ASOF,2021-12-31,False,2021-11-08,2022-01-28,2022-05-04,0.9804961629180204,-0.09228363470636947,GLOBAL_SEMICONDUCTORS,2021-12-01,1.0,1.0,-0.019376900640377337,0.11135433291534658,0.12426751574897144,0.11869874574241912,0.14844625817751345,0.0013177819366460898,479.1901419288688,0.0014235170061702718,0.031222217374066386,0.16047229964833654,0.2817243236743673,1.6841516164614831,NOT_AVAILABLE_NO_VALIDATED_HIGH_LOW_PANEL,0.0030034593415630972,True,False,,NOT_DETERMINABLE_FROM_CLOSE_ONLY_PANEL,True,"HISTORICAL UK RETAIL, ISA, ACCOUNT AND BROKER ELIGIBILITY REMAIN PARTLY UNRESOLVED"
DD_02,2022-01-05,DAILY_WITH_LAST_WEEKLY_SIGNAL_ASOF,2021-12-31,False,2021-11-08,2022-01-28,2022-05-04,0.989712446824423,-0.08375145268932127,GLOBAL_SEMICONDUCTORS,2021-12-01,1.0,1.0,-0.019376900640377337,0.11135433291534658,0.12426751574897144,0.11869874574241912,0.14844625817751345,0.0013177819366460898,483.6943435363717,0.009841677260499226,0.039247810738050504,0.1693861627269766,0.2778145195734775,1.639537855707951,NOT_AVAILABLE_NO_VALIDATED_HIGH_LOW_PANEL,0.0030034593415630972,True,False,,NOT_DETERMINABLE_FROM_CLOSE_ONLY_PANEL,True,"HISTORICAL UK RETAIL, ISA, ACCOUNT AND BROKER ELIGIBILITY REMAIN PARTLY UNRESOLVED"
DD_02,2022-01-06,DAILY_WITH_LAST_WEEKLY_SIGNAL_ASOF,2021-12-31,False,2021-11-08,2022-01-28,2022-05-04,0.9701560520318461,-0.10185622481462475,GLOBAL_SEMICONDUCTORS,2021-12-01,1.0,1.0,-0.019376900640377337,0.11135433291534658,0.12426751574897144,0.11869874574241912,0.14844625817751345,0.0013177819366460898,474.1367012419006,-0.009201608770214809,0.01796560169385719,0.14461346943502518,0.28092077869522225,1.548275041901925,NOT_AVAILABLE_NO_VALIDATED_HIGH_LOW_PANEL,0.0030034593415630972,True,False,,NOT_DETERMINABLE_FROM_CLOSE_ONLY_PANEL,True,"HISTORICAL UK RETAIL, ISA, ACCOUNT AND BROKER ELIGIBILITY REMAIN PARTLY UNRESOLVED"
DD_02,2022-01-07,DAILY_WITH_LAST_WEEKLY_SIGNAL_ASOF,2022-01-07,True,2021-11-08,2022-01-28,2022-05-04,0.9497014983277247,-0.12079248774374429,GLOBAL_SEMICONDUCTORS,2021-12-01,2.0,4.0,-0.00043726522867593154,0.02529728009005927,0.103641183235059,0.11593724678589945,0.12481066138930608,0.0004626609054890642,464.14010883974436,-0.027430840121352218,-0.003360283097377348,0.11913905615832432,0.28446733928031753,1.585561903647604,NOT_AVAILABLE_NO_VALIDATED_HIGH_LOW_PANEL,0.0030034593415630972,False,False,,NOT_DETERMINABLE_FROM_CLOSE_ONLY_PANEL,True,"HISTORICAL UK RETAIL, ISA, ACCOUNT AND BROKER ELIGIBILITY REMAIN PARTLY UNRESOLVED"
DD_02,2022-01-10,DAILY_WITH_LAST_WEEKLY_SIGNAL_ASOF,2022-01-07,False,2021-11-08,2022-01-28,2022-05-04,0.926435120493491,-0.14233186007375587,GLOBAL_SEMICONDUCTORS,2021-12-01,2.0,4.0,-0.00043726522867593154,0.02529728009005927,0.103641183235059,0.11593724678589945,0.12481066138930608,0.0004626609054890642,452.76931584920686,-0.04681582737559675,-0.026716406434803663,0.09072623639622912,0.28469692600414265,1.6015586837343352,NOT_AVAILABLE_NO_VALIDATED_HIGH_LOW_PANEL,0.0030034593415630972,False,False,,NOT_DETERMINABLE_FROM_CLOSE_ONLY_PANEL,True,"HISTORICAL UK RETAIL, ISA, ACCOUNT AND BROKER ELIGIBILITY REMAIN PARTLY UNRESOLVED"
DD_02,2022-01-11,DAILY_WITH_LAST_WEEKLY_SIGNAL_ASOF,2022-01-07,False,2021-11-08,2022-01-28,2022-05-04,0.9518363182531547,-0.11881613020502557,GLOBAL_SEMICONDUCTORS,2021-12-01,2.0,4.0,-0.00043726522867593154,0.02529728009005927,0.103641183235059,0.11593724678589945,0.12481066138930608,0.0004626609054890642,465.1834425127849,-0.018836522330816008,-2.950297940229607e-05,0.11928850074393771,0.28708614737892363,1.236006128720767,NOT_AVAILABLE_NO_VALIDATED_HIGH_LOW_PANEL,0.0030034593415630972,False,False,,NOT_DETERMINABLE_FROM_CLOSE_ONLY_PANEL,True,"HISTORICAL UK RETAIL, ISA, ACCOUNT AND BROKER ELIGIBILITY REMAIN PARTLY UNRESOLVED"
DD_02,2022-01-12,DAILY_WITH_LAST_WEEKLY_SIGNAL_ASOF,2022-01-07,False,2021-11-08,2022-01-28,2022-05-04,0.9584664460976724,-0.11267814030147827,GLOBAL_SEMICONDUCTORS,2021-12-01,2.0,4.0,-0.00043726522867593154,0.02529728009005927,0.103641183235059,0.11593724678589945,0.12481066138930608,0.0004626609054890642,468.4237325036868,-0.010922929573322637,0.006662100644728053,0.12566160615282906,0.28719432905090275,1.2452998787415774,NOT_AVAILABLE_NO_VALIDATED_HIGH_LOW_PANEL,0.0030034593415630972,False,False,,NOT_DETERMINABLE_FROM_CLOSE_ONLY_PANEL,True,"HISTORICAL UK RETAIL, ISA, ACCOUNT AND BROKER ELIGIBILITY REMAIN PARTLY UNRESOLVED"
DD_02,2022-01-13,DAILY_WITH_LAST_WEEKLY_SIGNAL_ASOF,2022-01-07,False,2021-11-08,2022-01-28,2022-05-04,0.9711670449775043,-0.10092027536711312,GLOBAL_SEMICONDUCTORS,2021-12-01,2.0,4.0,-0.00043726522867593154,0.02529728009005927,0.103641183235059,0.11593724678589945,0.12481066138930608,0.0004626609054890642,474.6307958354758,0.0019844146881222713,0.019201910600809002,0.13898450884411706,0.2844405082031838,1.2718835926943008,NOT_AVAILABLE_NO_VALIDATED_HIGH_LOW_PANEL,0.0030034593415630972,False,False,,NOT_DETERMINABLE_FROM_CLOSE_ONLY_PANEL,True,"HISTORICAL UK RETAIL, ISA, ACCOUNT AND BROKER ELIGIBILITY REMAIN PARTLY UNRESOLVED"
DD_02,2022-01-14,DAILY_WITH_LAST_WEEKLY_SIGNAL_ASOF,2022-01-14,True,2021-11-08,2022-01-28,2022-05-04,0.9600416092138989,-0.11121989763548912,GLOBAL_SEMICONDUCTORS,2021-12-01,2.0,5.0,0.01579852532020931,0.0344699989788968,0.1403570169134145,0.16341043803276256,0.09371623191379852,-6.207025178240469e-05,469.1935495267125,-0.008638416516046465,0.007228921297210311,0.12452745417566558,0.28592078337013066,1.2370481702081098,NOT_AVAILABLE_NO_VALIDATED_HIGH_LOW_PANEL,0.0030034593415630972,False,False,,NOT_DETERMINABLE_FROM_CLOSE_ONLY_PANEL,True,"HISTORICAL UK RETAIL, ISA, ACCOUNT AND BROKER ELIGIBILITY REMAIN PARTLY UNRESOLVED"
DD_02,2022-01-17,DAILY_WITH_LAST_WEEKLY_SIGNAL_ASOF,2022-01-14,False,2021-11-08,2022-01-28,2022-05-04,0.9731890308688207,-0.09904837647208997,GLOBAL_SEMICONDUCTORS,2021-12-01,2.0,5.0,0.01579852532020931,0.0344699989788968,0.1403570169134145,0.16341043803276256,0.09371623191379852,-6.207025178240469e-05,475.61898502262625,0.004487004709205378,0.02018150419975151,0.13834252080786769,0.284574905888558,1.2469282165030136,NOT_AVAILABLE_NO_VALIDATED_HIGH_LOW_PANEL,0.0030034593415630972,False,False,,NOT_DETERMINABLE_FROM_CLOSE_ONLY_PANEL,True,"HISTORICAL UK RETAIL, ISA, ACCOUNT AND BROKER ELIGIBILITY REMAIN PARTLY UNRESOLVED"
DD_02,2022-01-18,DAILY_WITH_LAST_WEEKLY_SIGNAL_ASOF,2022-01-14,False,2021-11-08,2022-01-28,2022-05-04,0.946217183354295,-0.12401817066106147,GLOBAL_SEMICONDUCTORS,2021-12-01,2.0,5.0,0.01579852532020931,0.0344699989788968,0.1403570169134145,0.16341043803276256,0.09371623191379852,-6.207025178240469e-05,462.43724711545815,-0.02127449466314668,-0.0077778417523240995,0.10561860491387964,0.29091063217101304,1.2661374077677505,NOT_AVAILABLE_NO_VALIDATED_HIGH_LOW_PANEL,0.0030034593415630972,False,False,,NOT_DETERMINABLE_FROM_CLOSE_ONLY_PANEL,True,"HISTORICAL UK RETAIL, ISA, ACCOUNT AND BROKER ELIGIBILITY REMAIN PARTLY UNRESOLVED"
DD_02,2022-01-19,DAILY_WITH_LAST_WEEKLY_SIGNAL_ASOF,2022-01-14,False,2021-11-08,2022-01-28,2022-05-04,0.9135088535454318,-0.15429864229551205,GLOBAL_SEMICONDUCTORS,2021-12-01,2.0,5.0,0.01579852532020931,0.0344699989788968,0.1403570169134145,0.16341043803276256,0.09371623191379852,-6.207025178240469e-05,446.4519635456377,-0.05034910119980296,-0.04049320628732156,0.06668480143218192,0.29984689507084805,1.3569242394392864,NOT_AVAILABLE_NO_VALIDATED_HIGH_LOW_PANEL,0.0030034593415630972,False,False,,NOT_DETERMINABLE_FROM_CLOSE_ONLY_PANEL,True,"HISTORICAL UK RETAIL, ISA, ACCOUNT AND BROKER ELIGIBILITY REMAIN PARTLY UNRESOLVED"
DD_02,2022-01-20,DAILY_WITH_LAST_WEEKLY_SIGNAL_ASOF,2022-01-14,False,2021-11-08,2022-01-28,2022-05-04,0.91451984649109,-0.15336269284800041,GLOBAL_SEMICONDUCTORS,2021-12-01,2.0,5.0,0.01579852532020931,0.0344699989788968,0.1403570169134145,0.16341043803276256,0.09371623191379852,-6.207025178240469e-05,446.9460581392129,-0.04501821877955914,-0.03794365427566082,0.06714469829345182,0.29975678640854986,1.331964279242518,NOT_AVAILABLE_NO_VALIDATED_HIGH_LOW_PANEL,0.0030034593415630972,False,False,,NOT_DETERMINABLE_FROM_CLOSE_ONLY_PANEL,True,"HISTORICAL UK RETAIL, ISA, ACCOUNT AND BROKER ELIGIBILITY REMAIN PARTLY UNRESOLVED"
DD_02,2022-01-21,DAILY_WITH_LAST_WEEKLY_SIGNAL_ASOF,2022-01-21,True,2021-11-08,2022-01-28,2022-05-04,0.8977752758286252,-0.16886435557241208,GLOBAL_SEMICONDUCTORS,2021-12-01,3.0,8.0,-0.0192995740008427,-0.04232517128702895,0.07807086720249323,0.09562204652028683,0.019308019962778644,-0.0005730642143692805,438.76261643312296,-0.057146199321507773,-0.05349639079174995,0.04710961166185901,0.3023643704431525,1.3436235038992501,NOT_AVAILABLE_NO_VALIDATED_HIGH_LOW_PANEL,0.0030034593415630972,False,False,,NOT_DETERMINABLE_FROM_CLOSE_ONLY_PANEL,True,"HISTORICAL UK RETAIL, ISA, ACCOUNT AND BROKER ELIGIBILITY REMAIN PARTLY UNRESOLVED"
DD_02,2022-01-24,DAILY_WITH_LAST_WEEKLY_SIGNAL_ASOF,2022-01-21,False,2021-11-08,2022-01-28,2022-05-04,0.852506261342231,-0.2107731634230452,GLOBAL_SEMICONDUCTORS,2021-12-01,3.0,8.0,-0.0192995740008427,-0.04232517128702895,0.07807086720249323,0.09562204652028683,0.019308019962778644,-0.0005730642143692805,416.6386486940172,-0.09608557808753215,-0.09764053737927003,-0.005633078084651966,0.31950211862177474,1.5303341323990913,NOT_AVAILABLE_NO_VALIDATED_HIGH_LOW_PANEL,0.0030034593415630972,False,False,,NOT_DETERMINABLE_FROM_CLOSE_ONLY_PANEL,True,"HISTORICAL UK RETAIL, ISA, ACCOUNT AND BROKER ELIGIBILITY REMAIN PARTLY UNRESOLVED"
DD_02,2022-01-25,DAILY_WITH_LAST_WEEKLY_SIGNAL_ASOF,2022-01-21,False,2021-11-08,2022-01-28,2022-05-04,0.854573380847193,-0.20885948107054364,GLOBAL_SEMICONDUCTORS,2021-12-01,3.0,8.0,-0.0192995740008427,-0.04232517128702895,0.07807086720249323,0.09562204652028683,0.019308019962778644,-0.0005730642143692805,417.64889567552376,-0.08609287740248384,-0.09205387878602622,-0.0031900238766205957,0.31943342371954503,1.465434274515661,NOT_AVAILABLE_NO_VALIDATED_HIGH_LOW_PANEL,0.0030034593415630972,False,False,,NOT_DETERMINABLE_FROM_CLOSE_ONLY_PANEL,True,"HISTORICAL UK RETAIL, ISA, ACCOUNT AND BROKER ELIGIBILITY REMAIN PARTLY UNRESOLVED"
DD_02,2022-01-26,DAILY_WITH_LAST_WEEKLY_SIGNAL_ASOF,2022-01-21,False,2021-11-08,2022-01-28,2022-05-04,0.8748474000967328,-0.19009035197133672,GLOBAL_SEMICONDUCTORS,2021-12-01,3.0,8.0,-0.0192995740008427,-0.04232517128702895,0.07807086720249323,0.09562204652028683,0.019308019962778644,-0.0005730642143692805,427.55725690025594,-0.058900546993567726,-0.06793625655481261,0.020250747486862952,0.3227984209877158,1.497243662425717,NOT_AVAILABLE_NO_VALIDATED_HIGH_LOW_PANEL,0.0030034593415630972,False,False,,NOT_DETERMINABLE_FROM_CLOSE_ONLY_PANEL,True,"HISTORICAL UK RETAIL, ISA, ACCOUNT AND BROKER ELIGIBILITY REMAIN PARTLY UNRESOLVED"
DD_02,2022-01-27,DAILY_WITH_LAST_WEEKLY_SIGNAL_ASOF,2022-01-21,False,2021-11-08,2022-01-28,2022-05-04,0.8472436819911707,-0.21564511456500302,GLOBAL_SEMICONDUCTORS,2021-12-01,3.0,8.0,-0.0192995740008427,-0.04232517128702895,0.07807086720249323,0.09562204652028683,0.019308019962778644,-0.0005730642143692805,414.0667098721033,-0.0811945736746772,-0.09388624408953006,-0.011823416216429017,0.32896444485483395,1.487471464676156,NOT_AVAILABLE_NO_VALIDATED_HIGH_LOW_PANEL,0.0030034593415630972,False,False,,NOT_DETERMINABLE_FROM_CLOSE_ONLY_PANEL,True,"HISTORICAL UK RETAIL, ISA, ACCOUNT AND BROKER ELIGIBILITY REMAIN PARTLY UNRESOLVED"
DD_02,2022-01-28,DAILY_WITH_LAST_WEEKLY_SIGNAL_ASOF,2022-01-28,True,2021-11-08,2022-01-28,2022-05-04,0.8305668117491741,-0.2310841021031973,GLOBAL_SEMICONDUCTORS,2021-12-01,6.0,11.0,-0.09808535804194596,-0.08659124469587964,0.018555370150046935,0.02020868353483829,0.005914770868526098,-0.0015693847813600258,405.9163548575474,-0.09107659172901494,-0.10781299884387541,-0.030972814710790608,0.3312475729681126,1.4949442352693953,NOT_AVAILABLE_NO_VALIDATED_HIGH_LOW_PANEL,0.0030034593415630972,False,False,,NOT_DETERMINABLE_FROM_CLOSE_ONLY_PANEL,True,"HISTORICAL UK RETAIL, ISA, ACCOUNT AND BROKER ELIGIBILITY REMAIN PARTLY UNRESOLVED"
DD_02,2022-01-31,DAILY_WITH_LAST_WEEKLY_SIGNAL_ASOF,2022-01-28,False,2021-11-08,2022-01-28,2022-05-04,0.8659921850994939,-0.19828826632855934,GLOBAL_SEMICONDUCTORS,2021-12-01,6.0,11.0,-0.09808535804194596,-0.08659124469587964,0.018555370150046935,0.02020868353483829,0.005914770868526098,-0.0015693847813600258,423.2295176476013,-0.04778098868594105,-0.06720759300089796,0.010254053491511872,0.34213004670345804,1.697583442543697,NOT_AVAILABLE_NO_VALIDATED_HIGH_LOW_PANEL,0.0030034593415630972,False,False,,NOT_DETERMINABLE_FROM_CLOSE_ONLY_PANEL,True,"HISTORICAL UK RETAIL, ISA, ACCOUNT AND BROKER ELIGIBILITY REMAIN PARTLY UNRESOLVED"
DD_02,2022-02-01,DAILY_WITH_LAST_WEEKLY_SIGNAL_ASOF,2022-01-28,False,2021-11-08,2022-01-28,2022-05-04,0.8754787456294209,-0.18950586965121174,GLOBAL_OIL_GAS,2022-02-01,1.0,1.0,0.2388034012355169,0.25081799282093575,0.18100017980760508,0.47945830232285114,0.6337495080506492,0.005377889292822416,96.15192161787301,0.061745855901133906,0.10664708031047576,0.27137357619809754,0.3853773544724264,1.101114217486205,NOT_AVAILABLE_NO_VALIDATED_HIGH_LOW_PANEL,0.0,True,False,,NOT_DETERMINABLE_FROM_CLOSE_ONLY_PANEL,True,"HISTORICAL UK RETAIL, ISA, ACCOUNT AND BROKER ELIGIBILITY REMAIN PARTLY UNRESOLVED"
DD_02,2022-02-02,DAILY_WITH_LAST_WEEKLY_SIGNAL_ASOF,2022-01-28,False,2021-11-08,2022-01-28,2022-05-04,0.8676275359848523,-0.19677430348221892,GLOBAL_OIL_GAS,2022-02-01,1.0,1.0,0.2388034012355169,0.25081799282093575,0.18100017980760508,0.47945830232285114,0.6337495080506492,0.005377889292822416,95.28964038247044,0.04725222687035524,0.092578570001983,0.2567211505727349,0.3839167371169834,1.0022185900025065,NOT_AVAILABLE_NO_VALIDATED_HIGH_LOW_PANEL,0.0,True,False,,NOT_DETERMINABLE_FROM_CLOSE_ONLY_PANEL,True,"HISTORICAL UK RETAIL, ISA, ACCOUNT AND BROKER ELIGIBILITY REMAIN PARTLY UNRESOLVED"
DD_02,2022-02-03,DAILY_WITH_LAST_WEEKLY_SIGNAL_ASOF,2022-01-28,False,2021-11-08,2022-01-28,2022-05-04,0.8679030170250126,-0.19651927071621866,GLOBAL_OIL_GAS,2022-02-01,1.0,1.0,0.2388034012355169,0.25081799282093575,0.18100017980760508,0.47945830232285114,0.6337495080506492,0.005377889292822416,95.31989586441438,0.043072528332397386,0.08895716707475287,0.2539121520154035,0.3834643518302466,0.9980529819755659,NOT_AVAILABLE_NO_VALIDATED_HIGH_LOW_PANEL,0.0,True,False,,NOT_DETERMINABLE_FROM_CLOSE_ONLY_PANEL,True,"HISTORICAL UK RETAIL, ISA, ACCOUNT AND BROKER ELIGIBILITY REMAIN PARTLY UNRESOLVED"
DD_02,2022-02-04,DAILY_WITH_LAST_WEEKLY_SIGNAL_ASOF,2022-02-04,True,2021-11-08,2022-01-28,2022-05-04,0.8903547217980767,-0.17573410028719838,GLOBAL_OIL_GAS,2022-02-01,1.0,1.0,0.17618674884713226,0.2540542207231433,0.21946034247981672,0.4994379292588662,0.6081471876308651,0.006576365690096437,97.78571764284631,0.06328394311358077,0.11201954292910998,0.2826947758480034,0.3850610363964135,1.0214211325213143,NOT_AVAILABLE_NO_VALIDATED_HIGH_LOW_PANEL,0.016991818753933297,True,False,,NOT_DETERMINABLE_FROM_CLOSE_ONLY_PANEL,True,"HISTORICAL UK RETAIL, ISA, ACCOUNT AND BROKER ELIGIBILITY REMAIN PARTLY UNRESOLVED"
DD_02,2022-02-07,DAILY_WITH_LAST_WEEKLY_SIGNAL_ASOF,2022-02-04,False,2021-11-08,2022-01-28,2022-05-04,0.8889773165972754,-0.17700926411719953,GLOBAL_OIL_GAS,2022-02-01,1.0,1.0,0.17618674884713226,0.2540542207231433,0.21946034247981672,0.4994379292588662,0.6081471876308651,0.006576365690096437,97.63444023312657,0.05572321715442685,0.10551734523124567,0.2771431712993,0.384301144734979,1.0230214887326678,NOT_AVAILABLE_NO_VALIDATED_HIGH_LOW_PANEL,0.016991818753933297,True,False,,NOT_DETERMINABLE_FROM_CLOSE_ONLY_PANEL,True,"HISTORICAL UK RETAIL, ISA, ACCOUNT AND BROKER ELIGIBILITY REMAIN PARTLY UNRESOLVED"
DD_02,2022-02-08,DAILY_WITH_LAST_WEEKLY_SIGNAL_ASOF,2022-02-04,False,2021-11-08,2022-01-28,2022-05-04,0.8608782505009251,-0.20302260624922486,GLOBAL_OIL_GAS,2022-02-01,1.0,1.0,0.17618674884713226,0.2540542207231433,0.21946034247981672,0.4994379292588662,0.6081471876308651,0.006576365690096437,94.54838107484366,0.020280238329907663,0.0676190726704784,0.2338678865545285,0.38891104223931955,1.0903486704237495,NOT_AVAILABLE_NO_VALIDATED_HIGH_LOW_PANEL,0.016991818753933297,True,False,,NOT_DETERMINABLE_FROM_CLOSE_ONLY_PANEL,True,"HISTORICAL UK RETAIL, ISA, ACCOUNT AND BROKER ELIGIBILITY REMAIN PARTLY UNRESOLVED"
DD_02,2022-02-09,DAILY_WITH_LAST_WEEKLY_SIGNAL_ASOF,2022-02-04,False,2021-11-08,2022-01-28,2022-05-04,0.8754787456294209,-0.18950586965121174,GLOBAL_OIL_GAS,2022-02-01,1.0,1.0,0.17618674884713226,0.2540542207231433,0.21946034247981672,0.4994379292588662,0.6081471876308651,0.006576365690096437,96.15192161787301,0.034051102597290495,0.08208812860563519,0.2516210928499638,0.3889258579265736,1.0939802492366606,NOT_AVAILABLE_NO_VALIDATED_HIGH_LOW_PANEL,0.016991818753933297,True,False,,NOT_DETERMINABLE_FROM_CLOSE_ONLY_PANEL,True,"HISTORICAL UK RETAIL, ISA, ACCOUNT AND BROKER ELIGIBILITY REMAIN PARTLY UNRESOLVED"
DD_02,2022-02-10,DAILY_WITH_LAST_WEEKLY_SIGNAL_ASOF,2022-02-04,False,2021-11-08,2022-01-28,2022-05-04,0.8798864422719855,-0.18542534539520783,GLOBAL_OIL_GAS,2022-02-01,1.0,1.0,0.17618674884713226,0.2540542207231433,0.21946034247981672,0.4994379292588662,0.6081471876308651,0.006576365690096437,96.63600932897621,0.03556140522111306,0.08381551761846384,0.25470246071668057,0.38775632920853714,1.0634796531026312,NOT_AVAILABLE_NO_VALIDATED_HIGH_LOW_PANEL,0.016991818753933297,True,False,,NOT_DETERMINABLE_FROM_CLOSE_ONLY_PANEL,True,"HISTORICAL UK RETAIL, ISA, ACCOUNT AND BROKER ELIGIBILITY REMAIN PARTLY UNRESOLVED"
DD_02,2022-02-11,DAILY_WITH_LAST_WEEKLY_SIGNAL_ASOF,2022-02-11,True,2021-11-08,2022-01-28,2022-05-04,0.8830544742338289,-0.18249246858620505,GLOBAL_OIL_GAS,2022-02-01,1.0,1.0,0.09819850274644581,0.24041146261073343,0.19960245571017854,0.4964028212591165,0.5598442612727494,0.0072806671315303086,96.98394737133162,0.035591007418870335,0.08398896803093447,0.25598046309619504,0.3873200690624426,1.062022877888546,NOT_AVAILABLE_NO_VALIDATED_HIGH_LOW_PANEL,0.016991818753933297,True,False,,NOT_DETERMINABLE_FROM_CLOSE_ONLY_PANEL,True,"HISTORICAL UK RETAIL, ISA, ACCOUNT AND BROKER ELIGIBILITY REMAIN PARTLY UNRESOLVED"
DD_02,2022-02-14,DAILY_WITH_LAST_WEEKLY_SIGNAL_ASOF,2022-02-11,False,2021-11-08,2022-01-28,2022-05-04,0.8772693723904627,-0.18784815667221022,GLOBAL_OIL_GAS,2022-02-01,1.0,1.0,0.09819850274644581,0.24041146261073343,0.19960245571017854,0.4964028212591165,0.5598442612727494,0.0072806671315303086,96.34858225050868,0.026119419052750503,0.07365023028409756,0.24468384350372996,0.3875989465539307,1.063385081171648,NOT_AVAILABLE_NO_VALIDATED_HIGH_LOW_PANEL,0.016991818753933297,True,False,,NOT_DETERMINABLE_FROM_CLOSE_ONLY_PANEL,True,"HISTORICAL UK RETAIL, ISA, ACCOUNT AND BROKER ELIGIBILITY REMAIN PARTLY UNRESOLVED"
DD_02,2022-02-15,DAILY_WITH_LAST_WEEKLY_SIGNAL_ASOF,2022-02-11,False,2021-11-08,2022-01-28,2022-05-04,0.8621179151816465,-0.20187495880222373,GLOBAL_OIL_GAS,2022-02-01,1.0,1.0,0.09819850274644581,0.24041146261073343,0.19960245571017854,0.4964028212591165,0.5598442612727494,0.0072806671315303086,94.68453074359144,0.007627949082646079,0.05283181493166511,0.22047632417040441,0.3886217014359411,1.059563480288883,NOT_AVAILABLE_NO_VALIDATED_HIGH_LOW_PANEL,0.016991818753933297,True,False,,NOT_DETERMINABLE_FROM_CLOSE_ONLY_PANEL,True,"HISTORICAL UK RETAIL, ISA, ACCOUNT AND BROKER ELIGIBILITY REMAIN PARTLY UNRESOLVED"
DD_02,2022-02-16,DAILY_WITH_LAST_WEEKLY_SIGNAL_ASOF,2022-02-11,False,2021-11-08,2022-01-28,2022-05-04,0.8838809173543098,-0.18172737028820418,GLOBAL_OIL_GAS,2022-02-01,1.0,1.0,0.09819850274644581,0.24041146261073343,0.19960245571017854,0.4964028212591165,0.5598442612727494,0.0072806671315303086,97.07471381716348,0.02996824366487516,0.07605819669053893,0.24816474628257246,0.39138097117909715,1.0879503418166556,NOT_AVAILABLE_NO_VALIDATED_HIGH_LOW_PANEL,0.016991818753933297,True,False,,NOT_DETERMINABLE_FROM_CLOSE_ONLY_PANEL,True,"HISTORICAL UK RETAIL, ISA, ACCOUNT AND BROKER ELIGIBILITY REMAIN PARTLY UNRESOLVED"
DD_02,2022-02-17,DAILY_WITH_LAST_WEEKLY_SIGNAL_ASOF,2022-02-11,False,2021-11-08,2022-01-28,2022-05-04,0.8760297077097415,-0.18899580411921113,GLOBAL_OIL_GAS,2022-02-01,1.0,1.0,0.09819850274644581,0.24041146261073343,0.19960245571017854,0.4964028212591165,0.5598442612727494,0.0072806671315303086,96.21243258176092,0.01889096436267179,0.06372591456183363,0.23416635222557436,0.39199896366237375,1.0817243930923648,NOT_AVAILABLE_NO_VALIDATED_HIGH_LOW_PANEL,0.016991818753933297,True,False,,NOT_DETERMINABLE_FROM_CLOSE_ONLY_PANEL,True,"HISTORICAL UK RETAIL, ISA, ACCOUNT AND BROKER ELIGIBILITY REMAIN PARTLY UNRESOLVED"
DD_02,2022-02-18,DAILY_WITH_LAST_WEEKLY_SIGNAL_ASOF,2022-02-18,True,2021-11-08,2022-01-28,2022-05-04,0.8696936437860546,-0.19486155773721692,GLOBAL_OIL_GAS,2022-02-01,1.0,1.0,0.06610801407042421,0.2909949361083579,0.24836682941463395,0.629463928426381,0.5372658137547843,0.00680704568180603,95.51655649705006,0.010463247123434272,0.05371691977059112,0.22250013191879425,0.3919360446989796,1.0775608328046342,NOT_AVAILABLE_NO_VALIDATED_HIGH_LOW_PANEL,0.016991818753933297,True,False,,NOT_DETERMINABLE_FROM_CLOSE_ONLY_PANEL,True,"HISTORICAL UK RETAIL, ISA, ACCOUNT AND BROKER ELIGIBILITY REMAIN PARTLY UNRESOLVED"
DD_02,2022-02-21,DAILY_WITH_LAST_WEEKLY_SIGNAL_ASOF,2022-02-18,False,2021-11-08,2022-01-28,2022-05-04,0.8619801746615663,-0.20200247518522396,GLOBAL_OIL_GAS,2022-02-01,1.0,1.0,0.06610801407042421,0.2909949361083579,0.24836682941463395,0.629463928426381,0.5372658137547843,0.00680704568180603,94.66940300261946,0.0013646020376236745,0.042557211842234155,0.20911111583139674,0.391648496482281,0.9978054647236655,NOT_AVAILABLE_NO_VALIDATED_HIGH_LOW_PANEL,0.016991818753933297,True,False,,NOT_DETERMINABLE_FROM_CLOSE_ONLY_PANEL,True,"HISTORICAL UK RETAIL, ISA, ACCOUNT AND BROKER ELIGIBILITY REMAIN PARTLY UNRESOLVED"
DD_02,2022-02-22,DAILY_WITH_LAST_WEEKLY_SIGNAL_ASOF,2022-02-18,False,2021-11-08,2022-01-28,2022-05-04,0.8630820988222074,-0.20098234412122296,GLOBAL_OIL_GAS,2022-02-01,1.0,1.0,0.06610801407042421,0.2909949361083579,0.24836682941463395,0.629463928426381,0.5372658137547843,0.00680704568180603,94.79042493039526,0.002403704072483137,0.0420963482693677,0.20812446492494674,0.38347352885474134,0.86904506307903,NOT_AVAILABLE_NO_VALIDATED_HIGH_LOW_PANEL,0.016991818753933297,True,False,,NOT_DETERMINABLE_FROM_CLOSE_ONLY_PANEL,True,"HISTORICAL UK RETAIL, ISA, ACCOUNT AND BROKER ELIGIBILITY REMAIN PARTLY UNRESOLVED"
DD_02,2022-02-23,DAILY_WITH_LAST_WEEKLY_SIGNAL_ASOF,2022-02-18,False,2021-11-08,2022-01-28,2022-05-04,0.8581234400993222,-0.20557293390922737,GLOBAL_OIL_GAS,2022-02-01,1.0,1.0,0.06610801407042421,0.2909949361083579,0.24836682941463395,0.629463928426381,0.5372658137547843,0.00680704568180603,94.24582625540417,-0.00305129253803893,0.034644095656986895,0.19878368160224702,0.38304737559249186,0.7876858511832223,NOT_AVAILABLE_NO_VALIDATED_HIGH_LOW_PANEL,0.016991818753933297,True,False,,NOT_DETERMINABLE_FROM_CLOSE_ONLY_PANEL,True,"HISTORICAL UK RETAIL, ISA, ACCOUNT AND BROKER ELIGIBILITY REMAIN PARTLY UNRESOLVED"
DD_02,2022-02-24,DAILY_WITH_LAST_WEEKLY_SIGNAL_ASOF,2022-02-18,False,2021-11-08,2022-01-28,2022-05-04,0.8680407575450927,-0.19639175433321854,GLOBAL_OIL_GAS,2022-02-01,1.0,1.0,0.06610801407042421,0.2909949361083579,0.24836682941463395,0.629463928426381,0.5372658137547843,0.00680704568180603,95.33502360538635,0.007694462303693639,0.044692275498159795,0.21007771975920475,0.3796408066731562,0.6706789890579491,NOT_AVAILABLE_NO_VALIDATED_HIGH_LOW_PANEL,0.016991818753933297,True,False,,NOT_DETERMINABLE_FROM_CLOSE_ONLY_PANEL,True,"HISTORICAL UK RETAIL, ISA, ACCOUNT AND BROKER ELIGIBILITY REMAIN PARTLY UNRESOLVED"
DD_02,2022-02-25,DAILY_WITH_LAST_WEEKLY_SIGNAL_ASOF,2022-02-25,True,2021-11-08,2022-01-28,2022-05-04,0.872172973147497,-0.19256626284321499,GLOBAL_OIL_GAS,2022-02-01,1.0,2.0,0.033601289223725184,0.2903703485525142,0.20619467135990344,0.5222169392063787,0.42846449214111426,0.00541269335599241,95.78885583454559,0.011343013990682715,0.04762500076076526,0.2132325749192212,0.3759150167712745,0.6716214979380191,NOT_AVAILABLE_NO_VALIDATED_HIGH_LOW_PANEL,0.016991818753933297,True,True,GLOBAL_GOLD_MINERS,NOT_DETERMINABLE_FROM_CLOSE_ONLY_PANEL,True,"HISTORICAL UK RETAIL, ISA, ACCOUNT AND BROKER ELIGIBILITY REMAIN PARTLY UNRESOLVED"
DD_02,2022-02-28,DAILY_WITH_LAST_WEEKLY_SIGNAL_ASOF,2022-02-25,False,2021-11-08,2022-01-28,2022-05-04,0.8958643426012826,-0.17063344496719357,GLOBAL_OIL_GAS,2022-02-01,1.0,2.0,0.033601289223725184,0.2903703485525142,0.20619467135990344,0.5222169392063787,0.42846449214111426,0.00541269335599241,98.3908272817253,0.0351620581807528,0.07288121262704883,0.2431431082008757,0.37936397896482454,0.7212730934534226,NOT_AVAILABLE_NO_VALIDATED_HIGH_LOW_PANEL,0.023285084959093538,True,True,GLOBAL_GOLD_MINERS,NOT_DETERMINABLE_FROM_CLOSE_ONLY_PANEL,True,"HISTORICAL UK RETAIL, ISA, ACCOUNT AND BROKER ELIGIBILITY REMAIN PARTLY UNRESOLVED"
DD_02,2022-03-01,DAILY_WITH_LAST_WEEKLY_SIGNAL_ASOF,2022-02-25,False,2021-11-08,2022-01-28,2022-05-04,0.920519895695629,-0.14780801241017139,GLOBAL_OIL_GAS,2022-02-01,1.0,2.0,0.033601289223725184,0.2903703485525142,0.20619467135990344,0.5222169392063787,0.42846449214111426,0.00541269335599241,101.09869291570881,0.05753190801021768,0.09799895292778227,0.27384080235023767,0.3477268479816254,0.7639758178735537,NOT_AVAILABLE_NO_VALIDATED_HIGH_LOW_PANEL,0.05144745122718675,True,True,GLOBAL_GOLD_MINERS,NOT_DETERMINABLE_FROM_CLOSE_ONLY_PANEL,True,"HISTORICAL UK RETAIL, ISA, ACCOUNT AND BROKER ELIGIBILITY REMAIN PARTLY UNRESOLVED"
DD_02,2022-03-02,DAILY_WITH_LAST_WEEKLY_SIGNAL_ASOF,2022-02-25,False,2021-11-08,2022-01-28,2022-05-04,0.9198311930952283,-0.14844559432517201,GLOBAL_OIL_GAS,2022-02-01,1.0,2.0,0.033601289223725184,0.2903703485525142,0.20619467135990344,0.5222169392063787,0.42846449214111426,0.00541269335599241,101.02305421084894,0.05131774281135981,0.09301212717033014,0.26944084264238133,0.34333110539736733,0.7286104389031908,NOT_AVAILABLE_NO_VALIDATED_HIGH_LOW_PANEL,0.05144745122718675,True,True,GLOBAL_GOLD_MINERS,NOT_DETERMINABLE_FROM_CLOSE_ONLY_PANEL,True,"HISTORICAL UK RETAIL, ISA, ACCOUNT AND BROKER ELIGIBILITY REMAIN PARTLY UNRESOLVED"
DD_02,2022-03-03,DAILY_WITH_LAST_WEEKLY_SIGNAL_ASOF,2022-02-25,False,2021-11-08,2022-01-28,2022-05-04,0.9264427380590755,-0.14232480794116598,GLOBAL_OIL_GAS,2022-02-01,1.0,2.0,0.033601289223725184,0.2903703485525142,0.20619467135990344,0.5222169392063787,0.42846449214111426,0.00541269335599241,101.74918577750375,0.053237230321442564,0.09653099240290897,0.2750311812421513,0.34259222871534595,0.7194133858828027,NOT_AVAILABLE_NO_VALIDATED_HIGH_LOW_PANEL,0.05821271239773429,True,True,GLOBAL_GOLD_MINERS,NOT_DETERMINABLE_FROM_CLOSE_ONLY_PANEL,True,"HISTORICAL UK RETAIL, ISA, ACCOUNT AND BROKER ELIGIBILITY REMAIN PARTLY UNRESOLVED"
DD_02,2022-03-04,DAILY_WITH_LAST_WEEKLY_SIGNAL_ASOF,2022-03-04,True,2021-11-08,2022-01-28,2022-05-04,0.9407677521474108,-0.12906310410915312,GLOBAL_OIL_GAS,2022-02-01,1.0,1.0,0.12182783551626919,0.3081117929519417,0.37933513004174335,0.6550827991793065,0.4058161491024741,0.004328119029599988,103.32247083858914,0.06280558878440612,0.10855244098471717,0.29096007876638263,0.3428343568415855,0.7303765964026279,NOT_AVAILABLE_NO_VALIDATED_HIGH_LOW_PANEL,0.0745752045311514,True,False,,NOT_DETERMINABLE_FROM_CLOSE_ONLY_PANEL,True,"HISTORICAL UK RETAIL, ISA, ACCOUNT AND BROKER ELIGIBILITY REMAIN PARTLY UNRESOLVED"
DD_02,2022-03-07,DAILY_WITH_LAST_WEEKLY_SIGNAL_ASOF,2022-03-04,False,2021-11-08,2022-01-28,2022-05-04,0.9797483193300928,-0.09297596772011796,GLOBAL_OIL_GAS,2022-02-01,1.0,1.0,0.12182783551626919,0.3081117929519417,0.37933513004174335,0.6550827991793065,0.4058161491024741,0.004328119029599988,107.60362153365807,0.09619545097698001,0.1475331090297789,0.33985861825174335,0.344916638651189,0.7969103351013599,NOT_AVAILABLE_NO_VALIDATED_HIGH_LOW_PANEL,0.11910006293266195,True,False,,NOT_DETERMINABLE_FROM_CLOSE_ONLY_PANEL,True,"HISTORICAL UK RETAIL, ISA, ACCOUNT AND BROKER ELIGIBILITY REMAIN PARTLY UNRESOLVED"
DD_02,2022-03-08,DAILY_WITH_LAST_WEEKLY_SIGNAL_ASOF,2022-03-04,False,2021-11-08,2022-01-28,2022-05-04,0.9906298204164244,-0.08290217346310824,GLOBAL_OIL_GAS,2022-02-01,1.0,1.0,0.12182783551626919,0.3081117929519417,0.37933513004174335,0.6550827991793065,0.4058161491024741,0.004328119029599988,108.7987130704441,0.0975573021164784,0.1530308212967244,0.34997458743697774,0.3450153227078326,0.7972765278094808,NOT_AVAILABLE_NO_VALIDATED_HIGH_LOW_PANEL,0.131529263687854,True,False,,NOT_DETERMINABLE_FROM_CLOSE_ONLY_PANEL,True,"HISTORICAL UK RETAIL, ISA, ACCOUNT AND BROKER ELIGIBILITY REMAIN PARTLY UNRESOLVED"
DD_02,2022-03-09,DAILY_WITH_LAST_WEEKLY_SIGNAL_ASOF,2022-03-04,False,2021-11-08,2022-01-28,2022-05-04,0.9429716004686934,-0.12702284198115088,GLOBAL_OIL_GAS,2022-02-01,1.0,1.0,0.12182783551626919,0.3081117929519417,0.37933513004174335,0.6550827991793065,0.4058161491024741,0.004328119029599988,103.56451469414077,0.04052141243378049,0.0933765349898259,0.2813944760163507,0.3602391444485511,0.895118626106873,NOT_AVAILABLE_NO_VALIDATED_HIGH_LOW_PANEL,0.131529263687854,True,False,,NOT_DETERMINABLE_FROM_CLOSE_ONLY_PANEL,True,"HISTORICAL UK RETAIL, ISA, ACCOUNT AND BROKER ELIGIBILITY REMAIN PARTLY UNRESOLVED"
DD_02,2022-03-10,DAILY_WITH_LAST_WEEKLY_SIGNAL_ASOF,2022-03-04,False,2021-11-08,2022-01-28,2022-05-04,0.9548172851955861,-0.1160564330431404,GLOBAL_OIL_GAS,2022-02-01,1.0,1.0,0.12182783551626919,0.3081117929519417,0.37933513004174335,0.6550827991793065,0.4058161491024741,0.004328119029599988,104.8655004177306,0.04848426028233277,0.10248069729261422,0.29366206880730616,0.3487312134499437,0.8924594338251886,NOT_AVAILABLE_NO_VALIDATED_HIGH_LOW_PANEL,0.131529263687854,True,False,,NOT_DETERMINABLE_FROM_CLOSE_ONLY_PANEL,True,"HISTORICAL UK RETAIL, ISA, ACCOUNT AND BROKER ELIGIBILITY REMAIN PARTLY UNRESOLVED"
DD_02,2022-03-11,DAILY_WITH_LAST_WEEKLY_SIGNAL_ASOF,2022-03-11,True,2021-11-08,2022-01-28,2022-05-04,0.954955025715666,-0.11592891666014038,GLOBAL_OIL_GAS,2022-02-01,1.0,2.0,0.1309252547521329,0.23214804952412282,0.3714314621474972,0.6032322234292944,0.4231367629451297,0.004614164697559223,104.88062815870256,0.04401947462498823,0.09821931034234699,0.2900766772148353,0.34837224933461425,0.8934411114302332,NOT_AVAILABLE_NO_VALIDATED_HIGH_LOW_PANEL,0.131529263687854,True,False,,NOT_DETERMINABLE_FROM_CLOSE_ONLY_PANEL,True,"HISTORICAL UK RETAIL, ISA, ACCOUNT AND BROKER ELIGIBILITY REMAIN PARTLY UNRESOLVED"
DD_02,2022-03-14,DAILY_WITH_LAST_WEEKLY_SIGNAL_ASOF,2022-03-11,False,2021-11-08,2022-01-28,2022-05-04,0.9141838317719424,-0.15367376602817695,GLOBAL_OIL_GAS,2022-02-01,1.0,2.0,0.1309252547521329,0.23214804952412282,0.3714314621474972,0.6032322234292944,0.4231367629451297,0.004614164697559223,100.40281683099798,-0.0005039062916993853,0.049219459019182565,0.23211663843758212,0.3586765177220311,1.0155252831564567,NOT_AVAILABLE_NO_VALIDATED_HIGH_LOW_PANEL,0.131529263687854,True,False,,NOT_DETERMINABLE_FROM_CLOSE_ONLY_PANEL,True,"HISTORICAL UK RETAIL, ISA, ACCOUNT AND BROKER ELIGIBILITY REMAIN PARTLY UNRESOLVED"
DD_02,2022-03-15,DAILY_WITH_LAST_WEEKLY_SIGNAL_ASOF,2022-03-11,False,2021-11-08,2022-01-28,2022-05-04,0.9083987299285761,-0.15902945411418223,GLOBAL_OIL_GAS,2022-02-01,1.0,2.0,0.1309252547521329,0.23214804952412282,0.3714314621474972,0.6032322234292944,0.4231367629451297,0.004614164697559223,99.76745171017502,-0.0062119271403953125,0.04084183523610441,0.22159296747982316,0.3574411738134258,1.0153210650791376,NOT_AVAILABLE_NO_VALIDATED_HIGH_LOW_PANEL,0.131529263687854,True,False,,NOT_DETERMINABLE_FROM_CLOSE_ONLY_PANEL,True,"HISTORICAL UK RETAIL, ISA, ACCOUNT AND BROKER ELIGIBILITY REMAIN PARTLY UNRESOLVED"
DD_02,2022-03-16,DAILY_WITH_LAST_WEEKLY_SIGNAL_ASOF,2022-03-11,False,2021-11-08,2022-01-28,2022-05-04,0.9083987299285761,-0.15902945411418223,GLOBAL_OIL_GAS,2022-02-01,1.0,2.0,0.1309252547521329,0.23214804952412282,0.3714314621474972,0.6032322234292944,0.4231367629451297,0.004614164697559223,99.76745171017502,-0.005650397387348738,0.039177446449869535,0.21890539669444298,0.3539511527499418,0.9943249528598942,NOT_AVAILABLE_NO_VALIDATED_HIGH_LOW_PANEL,0.131529263687854,True,False,,NOT_DETERMINABLE_FROM_CLOSE_ONLY_PANEL,True,"HISTORICAL UK RETAIL, ISA, ACCOUNT AND BROKER ELIGIBILITY REMAIN PARTLY UNRESOLVED"
DD_02,2022-03-17,DAILY_WITH_LAST_WEEKLY_SIGNAL_ASOF,2022-03-11,False,2021-11-08,2022-01-28,2022-05-04,0.9491699238722998,-0.12128460474614555,GLOBAL_OIL_GAS,2022-02-01,1.0,2.0,0.1309252547521329,0.23214804952412282,0.3714314621474972,0.6032322234292944,0.4231367629451297,0.004614164697559223,104.24526303787961,0.035309866316523,0.08217633210048603,0.2701548844382813,0.3634540502530739,1.0666617939913319,NOT_AVAILABLE_NO_VALIDATED_HIGH_LOW_PANEL,0.131529263687854,True,False,,NOT_DETERMINABLE_FROM_CLOSE_ONLY_PANEL,True,"HISTORICAL UK RETAIL, ISA, ACCOUNT AND BROKER ELIGIBILITY REMAIN PARTLY UNRESOLVED"
DD_02,2022-03-18,DAILY_WITH_LAST_WEEKLY_SIGNAL_ASOF,2022-03-18,True,2021-11-08,2022-01-28,2022-05-04,0.9539908420751051,-0.11682153134114115,GLOBAL_OIL_GAS,2022-02-01,1.0,3.0,0.06225618096629981,0.13516135038407007,0.3311145425196145,0.5340397985387593,0.4590969911855838,0.004011336237989534,104.77473397189874,0.036744754285899406,0.08394603358133557,0.2731021551144823,0.3576014959804076,1.0537261728882426,NOT_AVAILABLE_NO_VALIDATED_HIGH_LOW_PANEL,0.131529263687854,True,False,,NOT_DETERMINABLE_FROM_CLOSE_ONLY_PANEL,True,"HISTORICAL UK RETAIL, ISA, ACCOUNT AND BROKER ELIGIBILITY REMAIN PARTLY UNRESOLVED"
DD_02,2022-03-21,DAILY_WITH_LAST_WEEKLY_SIGNAL_ASOF,2022-03-18,False,2021-11-08,2022-01-28,2022-05-04,0.9852579401332986,-0.08787531240011315,GLOBAL_OIL_GAS,2022-02-01,1.0,3.0,0.06225618096629981,0.13516135038407007,0.3311145425196145,0.5340397985387593,0.4590969911855838,0.004011336237989534,108.20873117253706,0.06388391152887651,0.11425193432803837,0.3107221503444171,0.3512297357016236,1.0814892973388126,NOT_AVAILABLE_NO_VALIDATED_HIGH_LOW_PANEL,0.131529263687854,True,False,,NOT_DETERMINABLE_FROM_CLOSE_ONLY_PANEL,True,"HISTORICAL UK RETAIL, ISA, ACCOUNT AND BROKER ELIGIBILITY REMAIN PARTLY UNRESOLVED"
DD_02,2022-03-22,DAILY_WITH_LAST_WEEKLY_SIGNAL_ASOF,2022-03-18,False,2021-11-08,2022-01-28,2022-05-04,0.9648723431614368,-0.10674773708413132,GLOBAL_OIL_GAS,2022-02-01,1.0,3.0,0.06225618096629981,0.13516135038407007,0.3311145425196145,0.5340397985387593,0.4590969911855838,0.004011336237989534,105.96982550868476,0.03792065007726442,0.08730875600982801,0.27999047247561415,0.3475990101493521,1.1063330727097045,NOT_AVAILABLE_NO_VALIDATED_HIGH_LOW_PANEL,0.131529263687854,True,False,,NOT_DETERMINABLE_FROM_CLOSE_ONLY_PANEL,True,"HISTORICAL UK RETAIL, ISA, ACCOUNT AND BROKER ELIGIBILITY REMAIN PARTLY UNRESOLVED"
DD_02,2022-03-23,DAILY_WITH_LAST_WEEKLY_SIGNAL_ASOF,2022-03-18,False,2021-11-08,2022-01-28,2022-05-04,1.002200024103157,-0.07219079729109767,GLOBAL_OIL_GAS,2022-02-01,1.0,3.0,0.06225618096629981,0.13516135038407007,0.3311145425196145,0.5340397985387593,0.4590969911855838,0.004011336237989534,110.06944331209,0.07047644128623576,0.123672192061554,0.3251642074265253,0.34298707895777314,1.154274313693333,NOT_AVAILABLE_NO_VALIDATED_HIGH_LOW_PANEL,0.1447451227186909,True,False,,NOT_DETERMINABLE_FROM_CLOSE_ONLY_PANEL,True,"HISTORICAL UK RETAIL, ISA, ACCOUNT AND BROKER ELIGIBILITY REMAIN PARTLY UNRESOLVED"
DD_02,2022-03-24,DAILY_WITH_LAST_WEEKLY_SIGNAL_ASOF,2022-03-18,False,2021-11-08,2022-01-28,2022-05-04,1.0046793534645995,-0.06989550239709563,GLOBAL_OIL_GAS,2022-02-01,1.0,3.0,0.06225618096629981,0.13516135038407007,0.3311145425196145,0.5340397985387593,0.4590969911855838,0.004011336237989534,110.34174264958554,0.06603798014822249,0.12089362689533445,0.3241151929824062,0.33364057906567657,1.1407187971450026,NOT_AVAILABLE_NO_VALIDATED_HIGH_LOW_PANEL,0.14757709251101314,True,False,,NOT_DETERMINABLE_FROM_CLOSE_ONLY_PANEL,True,"HISTORICAL UK RETAIL, ISA, ACCOUNT AND BROKER ELIGIBILITY REMAIN PARTLY UNRESOLVED"
DD_02,2022-03-25,DAILY_WITH_LAST_WEEKLY_SIGNAL_ASOF,2022-03-25,True,2021-11-08,2022-01-28,2022-05-04,1.03277841956095,-0.04388216026507008,GLOBAL_OIL_GAS,2022-02-01,1.0,2.0,0.10302809493733789,0.17435210865668438,0.45300875593667866,0.4660446208339235,0.5492097146337283,0.0037864605179145157,113.42780180786845,0.08638644995009148,0.1454045717580439,0.3562745089043422,0.33666593091345165,1.1532029819724434,NOT_AVAILABLE_NO_VALIDATED_HIGH_LOW_PANEL,0.17967275015733164,True,False,,NOT_DETERMINABLE_FROM_CLOSE_ONLY_PANEL,True,"HISTORICAL UK RETAIL, ISA, ACCOUNT AND BROKER ELIGIBILITY REMAIN PARTLY UNRESOLVED"
DD_02,2022-03-28,DAILY_WITH_LAST_WEEKLY_SIGNAL_ASOF,2022-03-25,False,2021-11-08,2022-01-28,2022-05-04,1.0188666270328548,-0.056761314948082786,GLOBAL_OIL_GAS,2022-02-01,1.0,2.0,0.10302809493733789,0.17435210865668438,0.45300875593667866,0.4660446208339235,0.5492097146337283,0.0037864605179145157,111.89989996969896,0.06480685248446294,0.12424530158961034,0.33352019824563905,0.3384788836721828,1.173974822627187,NOT_AVAILABLE_NO_VALIDATED_HIGH_LOW_PANEL,0.17967275015733164,True,False,,NOT_DETERMINABLE_FROM_CLOSE_ONLY_PANEL,True,"HISTORICAL UK RETAIL, ISA, ACCOUNT AND BROKER ELIGIBILITY REMAIN PARTLY UNRESOLVED"
DD_02,2022-03-29,DAILY_WITH_LAST_WEEKLY_SIGNAL_ASOF,2022-03-25,False,2021-11-08,2022-01-28,2022-05-04,0.9977923274605921,-0.07627132154710181,GLOBAL_OIL_GAS,2022-02-01,1.0,2.0,0.10302809493733789,0.17435210865668438,0.45300875593667866,0.4660446208339235,0.5492097146337283,0.0037864605179145157,109.58535560098679,0.03874233977667285,0.09664812866598971,0.3019741736916284,0.34152668890115123,1.187632307374214,NOT_AVAILABLE_NO_VALIDATED_HIGH_LOW_PANEL,0.17967275015733164,True,False,,NOT_DETERMINABLE_FROM_CLOSE_ONLY_PANEL,True,"HISTORICAL UK RETAIL, ISA, ACCOUNT AND BROKER ELIGIBILITY REMAIN PARTLY UNRESOLVED"
DD_02,2022-03-30,DAILY_WITH_LAST_WEEKLY_SIGNAL_ASOF,2022-03-25,False,2021-11-08,2022-01-28,2022-05-04,1.0213459563942975,-0.05446602005408052,GLOBAL_OIL_GAS,2022-02-01,1.0,2.0,0.10302809493733789,0.17435210865668438,0.45300875593667866,0.4660446208339235,0.5492097146337283,0.0037864605179145157,112.17219930719452,0.0571826108745046,0.11716699211411097,0.3283108284864473,0.3427213694117359,1.17602312252985,NOT_AVAILABLE_NO_VALIDATED_HIGH_LOW_PANEL,0.17967275015733164,True,False,,NOT_DETERMINABLE_FROM_CLOSE_ONLY_PANEL,True,"HISTORICAL UK RETAIL, ISA, ACCOUNT AND BROKER ELIGIBILITY REMAIN PARTLY UNRESOLVED"
DD_02,2022-03-31,DAILY_WITH_LAST_WEEKLY_SIGNAL_ASOF,2022-03-25,False,2021-11-08,2022-01-28,2022-05-04,1.0231365831553396,-0.052808307075078664,GLOBAL_OIL_GAS,2022-02-01,1.0,2.0,0.10302809493733789,0.17435210865668438,0.45300875593667866,0.4660446208339235,0.5492097146337283,0.0037864605179145157,112.3688599398302,0.05338265126288411,0.11392182359443526,0.3262762490193807,0.3416874676456683,1.1658367194760653,NOT_AVAILABLE_NO_VALIDATED_HIGH_LOW_PANEL,0.17967275015733164,True,False,,NOT_DETERMINABLE_FROM_CLOSE_ONLY_PANEL,True,"HISTORICAL UK RETAIL, ISA, ACCOUNT AND BROKER ELIGIBILITY REMAIN PARTLY UNRESOLVED"
DD_02,2022-04-01,DAILY_WITH_LAST_WEEKLY_SIGNAL_ASOF,2022-04-01,True,2021-11-08,2022-01-28,2022-05-04,1.024513988356141,-0.05153314324507763,GLOBAL_OIL_GAS,2022-02-01,1.0,3.0,0.04443082283290667,0.15378201417980364,0.3537233525158294,0.29683596607183316,0.5883245514091913,0.003506319654359057,112.52013734954994,0.04957192496720064,0.11039543145934383,0.3237406767090294,0.3281217530516436,1.1601927359589415,NOT_AVAILABLE_NO_VALIDATED_HIGH_LOW_PANEL,0.17967275015733164,True,False,,NOT_DETERMINABLE_FROM_CLOSE_ONLY_PANEL,True,"HISTORICAL UK RETAIL, ISA, ACCOUNT AND BROKER ELIGIBILITY REMAIN PARTLY UNRESOLVED"
DD_02,2022-04-04,DAILY_WITH_LAST_WEEKLY_SIGNAL_ASOF,2022-04-01,False,2021-11-08,2022-01-28,2022-05-04,1.0221723995147787,-0.053700921756079434,GLOBAL_OIL_GAS,2022-02-01,1.0,3.0,0.04443082283290667,0.15378201417980364,0.3537233525158294,0.29683596607183316,0.5883245514091913,0.003506319654359057,112.26296575302639,0.0427014806558117,0.10319137791630784,0.3165139332725686,0.3277784027849585,1.1538734965824664,NOT_AVAILABLE_NO_VALIDATED_HIGH_LOW_PANEL,0.17967275015733164,True,False,,NOT_DETERMINABLE_FROM_CLOSE_ONLY_PANEL,True,"HISTORICAL UK RETAIL, ISA, ACCOUNT AND BROKER ELIGIBILITY REMAIN PARTLY UNRESOLVED"
DD_02,2022-04-05,DAILY_WITH_LAST_WEEKLY_SIGNAL_ASOF,2022-04-01,False,2021-11-08,2022-01-28,2022-05-04,1.0236875452356602,-0.05229824154307827,GLOBAL_OIL_GAS,2022-02-01,1.0,3.0,0.04443082283290667,0.15378201417980364,0.3537233525158294,0.29683596607183316,0.5883245514091913,0.003506319654359057,112.42937090371811,0.04006344298363551,0.10030343659387397,0.3143006070451726,0.3278224485364722,1.0763138597578807,NOT_AVAILABLE_NO_VALIDATED_HIGH_LOW_PANEL,0.17967275015733164,True,False,,NOT_DETERMINABLE_FROM_CLOSE_ONLY_PANEL,True,"HISTORICAL UK RETAIL, ISA, ACCOUNT AND BROKER ELIGIBILITY REMAIN PARTLY UNRESOLVED"
DD_02,2022-04-06,DAILY_WITH_LAST_WEEKLY_SIGNAL_ASOF,2022-04-01,False,2021-11-08,2022-01-28,2022-05-04,1.0082606069866835,-0.06658007643909225,GLOBAL_OIL_GAS,2022-02-01,1.0,3.0,0.04443082283290667,0.15378201417980364,0.3537233525158294,0.29683596607183316,0.5883245514091913,0.003506319654359057,110.7350639148569,0.02212342007385848,0.08017545460388309,0.2907119790071655,0.3299996614174988,1.0777207026208582,NOT_AVAILABLE_NO_VALIDATED_HIGH_LOW_PANEL,0.17967275015733164,True,False,,NOT_DETERMINABLE_FROM_CLOSE_ONLY_PANEL,True,"HISTORICAL UK RETAIL, ISA, ACCOUNT AND BROKER ELIGIBILITY REMAIN PARTLY UNRESOLVED"
DD_02,2022-04-07,DAILY_WITH_LAST_WEEKLY_SIGNAL_ASOF,2022-04-01,False,2021-11-08,2022-01-28,2022-05-04,0.9991697326613936,-0.07499615771710044,GLOBAL_OIL_GAS,2022-02-01,1.0,3.0,0.04443082283290667,0.15378201417980364,0.3537233525158294,0.29683596607183316,0.5883245514091913,0.003506319654359057,109.73663301070654,0.011720386382282788,0.06748755077053903,0.2755324372084087,0.33089437987666337,0.9565317794630591,NOT_AVAILABLE_NO_VALIDATED_HIGH_LOW_PANEL,0.17967275015733164,True,False,,NOT_DETERMINABLE_FROM_CLOSE_ONLY_PANEL,True,"HISTORICAL UK RETAIL, ISA, ACCOUNT AND BROKER ELIGIBILITY REMAIN PARTLY UNRESOLVED"
DD_02,2022-04-08,DAILY_WITH_LAST_WEEKLY_SIGNAL_ASOF,2022-04-08,True,2021-11-08,2022-01-28,2022-05-04,1.0391144834846364,-0.03801640664706463,GLOBAL_OIL_GAS,2022-02-01,1.0,1.0,0.013452837855577604,0.17128551341190779,0.28882932862038424,0.2793495562839843,0.6818483190234754,0.003122780821760898,114.12367789257927,0.04720059610278038,0.1053880789023911,0.3222296618869567,0.33827564126678117,1.0193604868180182,NOT_AVAILABLE_NO_VALIDATED_HIGH_LOW_PANEL,0.18691000629326582,True,False,,NOT_DETERMINABLE_FROM_CLOSE_ONLY_PANEL,True,"HISTORICAL UK RETAIL, ISA, ACCOUNT AND BROKER ELIGIBILITY REMAIN PARTLY UNRESOLVED"
DD_02,2022-04-11,DAILY_WITH_LAST_WEEKLY_SIGNAL_ASOF,2022-04-08,False,2021-11-08,2022-01-28,2022-05-04,1.0260291340770222,-0.05013046303207658,GLOBAL_OIL_GAS,2022-02-01,1.0,1.0,0.013452837855577604,0.17128551341190779,0.28882932862038424,0.2793495562839843,0.6818483190234754,0.003122780821760898,112.68654250024163,0.03082597300793588,0.08756707150473453,0.301621408234954,0.33652825778759915,1.0289640147988315,NOT_AVAILABLE_NO_VALIDATED_HIGH_LOW_PANEL,0.18691000629326582,True,False,,NOT_DETERMINABLE_FROM_CLOSE_ONLY_PANEL,True,"HISTORICAL UK RETAIL, ISA, ACCOUNT AND BROKER ELIGIBILITY REMAIN PARTLY UNRESOLVED"
DD_02,2022-04-12,DAILY_WITH_LAST_WEEKLY_SIGNAL_ASOF,2022-04-08,False,2021-11-08,2022-01-28,2022-05-04,1.05178661133201,-0.026284899411053275,GLOBAL_OIL_GAS,2022-02-01,1.0,1.0,0.013452837855577604,0.17128551341190779,0.28882932862038424,0.2793495562839843,0.6818483190234754,0.003122780821760898,115.51543006200096,0.05128460612525498,0.10986978881571452,0.3298737503539704,0.33926318624444796,0.9312281920247908,NOT_AVAILABLE_NO_VALIDATED_HIGH_LOW_PANEL,0.20138451856513484,True,False,,NOT_DETERMINABLE_FROM_CLOSE_ONLY_PANEL,True,"HISTORICAL UK RETAIL, ISA, ACCOUNT AND BROKER ELIGIBILITY REMAIN PARTLY UNRESOLVED"
DD_02,2022-04-13,DAILY_WITH_LAST_WEEKLY_SIGNAL_ASOF,2022-04-08,False,2021-11-08,2022-01-28,2022-05-04,1.0484808388500866,-0.029345292603056183,GLOBAL_OIL_GAS,2022-02-01,1.0,1.0,0.013452837855577604,0.17128551341190779,0.28882932862038424,0.2793495562839843,0.6818483190234754,0.003122780821760898,115.15236427867357,0.043429124294420696,0.1017850095902535,0.3214116022119118,0.3395513216111955,0.9272438890416362,NOT_AVAILABLE_NO_VALIDATED_HIGH_LOW_PANEL,0.20138451856513484,True,False,,NOT_DETERMINABLE_FROM_CLOSE_ONLY_PANEL,True,"HISTORICAL UK RETAIL, ISA, ACCOUNT AND BROKER ELIGIBILITY REMAIN PARTLY UNRESOLVED"
DD_02,2022-04-14,DAILY_WITH_LAST_WEEKLY_SIGNAL_ASOF,2022-04-14,True,2021-11-08,2022-01-28,2022-05-04,1.0575717131753761,-0.020929211325048214,GLOBAL_OIL_GAS,2022-02-01,1.0,2.0,0.13778090824518685,0.20911168270890723,0.25710282234165494,0.35125176753033927,0.7515660244256785,0.002988325674250318,116.15079518282391,0.04747913199552767,0.10650683047064513,0.328468868457108,0.33782110311442176,0.9245240142649279,NOT_AVAILABLE_NO_VALIDATED_HIGH_LOW_PANEL,0.2079924480805535,True,False,,NOT_DETERMINABLE_FROM_CLOSE_ONLY_PANEL,True,"HISTORICAL UK RETAIL, ISA, ACCOUNT AND BROKER ELIGIBILITY REMAIN PARTLY UNRESOLVED"
DD_02,2022-04-19,DAILY_WITH_LAST_WEEKLY_SIGNAL_ASOF,2022-04-14,False,2021-11-08,2022-01-28,2022-05-04,1.0629435934585019,-0.015956072388043308,GLOBAL_OIL_GAS,2022-02-01,1.0,2.0,0.13778090824518685,0.20911168270890723,0.25710282234165494,0.35125176753033927,0.7515660244256785,0.002988325674250318,116.74077708073094,0.047770473315062345,0.10725849464563142,0.3307779599598122,0.3376099088467671,0.8419934123646925,NOT_AVAILABLE_NO_VALIDATED_HIGH_LOW_PANEL,0.21412838263058487,True,False,,NOT_DETERMINABLE_FROM_CLOSE_ONLY_PANEL,True,"HISTORICAL UK RETAIL, ISA, ACCOUNT AND BROKER ELIGIBILITY REMAIN PARTLY UNRESOLVED"
DD_02,2022-04-20,DAILY_WITH_LAST_WEEKLY_SIGNAL_ASOF,2022-04-14,False,2021-11-08,2022-01-28,2022-05-04,1.0747892781853945,-0.004989663450032822,GLOBAL_OIL_GAS,2022-02-01,1.0,2.0,0.13778090824518685,0.20911168270890723,0.25710282234165494,0.35125176753033927,0.7515660244256785,0.002988325674250318,118.04176280432077,0.0537522943010198,0.11437149973983152,0.34099691071841054,0.3362782239388709,0.8437021852877657,NOT_AVAILABLE_NO_VALIDATED_HIGH_LOW_PANEL,0.22765890497167973,True,False,,NOT_DETERMINABLE_FROM_CLOSE_ONLY_PANEL,True,"HISTORICAL UK RETAIL, ISA, ACCOUNT AND BROKER ELIGIBILITY REMAIN PARTLY UNRESOLVED"
DD_02,2022-04-21,DAILY_WITH_LAST_WEEKLY_SIGNAL_ASOF,2022-04-14,False,2021-11-08,2022-01-28,2022-05-04,1.0801611584685202,-1.652451302802671e-05,GLOBAL_OIL_GAS,2022-02-01,1.0,2.0,0.13778090824518685,0.20911168270890723,0.25710282234165494,0.35125176753033927,0.7515660244256785,0.002988325674250318,118.63174470222778,0.0533673284621774,0.11469814640960929,0.343052764889781,0.3358065577719458,0.7977497416171957,NOT_AVAILABLE_NO_VALIDATED_HIGH_LOW_PANEL,0.2337948395217111,True,False,,NOT_DETERMINABLE_FROM_CLOSE_ONLY_PANEL,True,"HISTORICAL UK RETAIL, ISA, ACCOUNT AND BROKER ELIGIBILITY REMAIN PARTLY UNRESOLVED"
DD_02,2022-04-22,DAILY_WITH_LAST_WEEKLY_SIGNAL_ASOF,2022-04-22,True,2021-11-08,2022-01-28,2022-05-04,1.0319519764404685,-0.04464725856307128,GLOBAL_OIL_GAS,2022-02-01,1.0,1.0,0.07936503621772517,0.14171651463530566,0.24891920547659585,0.3659997157592425,0.7574452232552102,0.002874302010144372,113.33703536203654,0.005773023927183374,0.062242037815130935,0.27950595186739435,0.3394365697288445,0.9002326488925251,NOT_AVAILABLE_NO_VALIDATED_HIGH_LOW_PANEL,0.2337948395217111,True,False,,NOT_DETERMINABLE_FROM_CLOSE_ONLY_PANEL,True,"HISTORICAL UK RETAIL, ISA, ACCOUNT AND BROKER ELIGIBILITY REMAIN PARTLY UNRESOLVED"
DD_02,2022-04-25,DAILY_WITH_LAST_WEEKLY_SIGNAL_ASOF,2022-04-22,False,2021-11-08,2022-01-28,2022-05-04,0.9670761914827188,-0.10470747495612964,GLOBAL_OIL_GAS,2022-02-01,1.0,1.0,0.07936503621772517,0.14171651463530566,0.24891920547659585,0.3659997157592425,0.7574452232552102,0.002874302010144372,106.21186936423634,-0.05250787420046221,-0.004360809689302192,0.1966967980931773,0.35257191084800815,1.036259023242559,NOT_AVAILABLE_NO_VALIDATED_HIGH_LOW_PANEL,0.2337948395217111,True,False,,NOT_DETERMINABLE_FROM_CLOSE_ONLY_PANEL,True,"HISTORICAL UK RETAIL, ISA, ACCOUNT AND BROKER ELIGIBILITY REMAIN PARTLY UNRESOLVED"
DD_02,2022-04-26,DAILY_WITH_LAST_WEEKLY_SIGNAL_ASOF,2022-04-22,False,2021-11-08,2022-01-28,2022-05-04,1.017489221832053,-0.058036478778084266,GLOBAL_OIL_GAS,2022-02-01,1.0,1.0,0.07936503621772517,0.14171651463530566,0.24891920547659585,0.3659997157592425,0.7574452232552102,0.002874302010144372,111.74862255997918,-0.002833300715131104,0.045591830528638244,0.25584234940752504,0.3585185425753254,1.1586231321748215,NOT_AVAILABLE_NO_VALIDATED_HIGH_LOW_PANEL,0.2337948395217111,True,False,,NOT_DETERMINABLE_FROM_CLOSE_ONLY_PANEL,True,"HISTORICAL UK RETAIL, ISA, ACCOUNT AND BROKER ELIGIBILITY REMAIN PARTLY UNRESOLVED"
DD_02,2022-04-27,DAILY_WITH_LAST_WEEKLY_SIGNAL_ASOF,2022-04-22,False,2021-11-08,2022-01-28,2022-05-04,1.013770227789889,-0.06147942111908766,GLOBAL_OIL_GAS,2022-02-01,1.0,1.0,0.07936503621772517,0.14171651463530566,0.24891920547659585,0.3659997157592425,0.7574452232552102,0.002874302010144372,111.34017355373585,-0.005892574307955978,0.04006644499490619,0.24813180176087823,0.3500927499051459,1.1246051604231537,NOT_AVAILABLE_NO_VALIDATED_HIGH_LOW_PANEL,0.2337948395217111,True,False,,NOT_DETERMINABLE_FROM_CLOSE_ONLY_PANEL,True,"HISTORICAL UK RETAIL, ISA, ACCOUNT AND BROKER ELIGIBILITY REMAIN PARTLY UNRESOLVED"
DD_02,2022-04-28,DAILY_WITH_LAST_WEEKLY_SIGNAL_ASOF,2022-04-22,False,2021-11-08,2022-01-28,2022-05-04,1.0212082158742168,-0.05459353643708109,GLOBAL_OIL_GAS,2022-02-01,1.0,1.0,0.07936503621772517,0.14171651463530566,0.24891920547659585,0.3659997157592425,0.7574452232552102,0.002874302010144372,112.15707156622248,0.001273609273356957,0.045741323830406966,0.2540787330363954,0.3501423474444475,1.1113107003130709,NOT_AVAILABLE_NO_VALIDATED_HIGH_LOW_PANEL,0.2337948395217111,True,False,,NOT_DETERMINABLE_FROM_CLOSE_ONLY_PANEL,True,"HISTORICAL UK RETAIL, ISA, ACCOUNT AND BROKER ELIGIBILITY REMAIN PARTLY UNRESOLVED"
DD_02,2022-04-29,DAILY_WITH_LAST_WEEKLY_SIGNAL_ASOF,2022-04-29,True,2021-11-08,2022-01-28,2022-05-04,1.048343098330006,-0.029472808986056753,GLOBAL_OIL_GAS,2022-02-01,1.0,1.0,0.0945863605208137,0.14657939855507207,0.1930718546870276,0.4090180749087724,0.71627159410907,0.0018794948714259063,115.13723653770155,0.025280294415647164,0.07044151495403095,0.2837301980898961,0.35323688847885987,1.1069465148573843,NOT_AVAILABLE_NO_VALIDATED_HIGH_LOW_PANEL,0.2337948395217111,True,False,,NOT_DETERMINABLE_FROM_CLOSE_ONLY_PANEL,True,"HISTORICAL UK RETAIL, ISA, ACCOUNT AND BROKER ELIGIBILITY REMAIN PARTLY UNRESOLVED"
DD_02,2022-05-03,DAILY_WITH_LAST_WEEKLY_SIGNAL_ASOF,2022-04-29,False,2021-11-08,2022-01-28,2022-05-04,1.0685909547817876,-0.010727900685038594,GLOBAL_OIL_GAS,2022-02-01,1.0,1.0,0.0945863605208137,0.14657939855507207,0.1930718546870276,0.4090180749087724,0.71627159410907,0.0018794948714259063,117.36101446058186,0.04081699845435427,0.08723130640373888,0.3045196193543085,0.3544683844127912,1.0961108328359856,NOT_AVAILABLE_NO_VALIDATED_HIGH_LOW_PANEL,0.2337948395217111,True,False,,NOT_DETERMINABLE_FROM_CLOSE_ONLY_PANEL,True,"HISTORICAL UK RETAIL, ISA, ACCOUNT AND BROKER ELIGIBILITY REMAIN PARTLY UNRESOLVED"
DD_02,2022-05-04,DAILY_WITH_LAST_WEEKLY_SIGNAL_ASOF,2022-04-29,False,2021-11-08,2022-01-28,2022-05-04,1.0807121205488406,0.0004935410189723655,GLOBAL_OIL_GAS,2022-02-01,1.0,1.0,0.0945863605208137,0.14657939855507207,0.1930718546870276,0.4090180749087724,0.71627159410907,0.0018794948714259063,118.69225566611566,0.04761143129455525,0.09528739843918754,0.3151383875448319,0.3521143710483524,1.0986309830742949,NOT_AVAILABLE_NO_VALIDATED_HIGH_LOW_PANEL,0.23442416614222683,True,False,,NOT_DETERMINABLE_FROM_CLOSE_ONLY_PANEL,True,"HISTORICAL UK RETAIL, ISA, ACCOUNT AND BROKER ELIGIBILITY REMAIN PARTLY UNRESOLVED"
DD_03,2022-05-06,DAILY_WITH_LAST_WEEKLY_SIGNAL_ASOF,2022-05-06,True,2022-05-06,2022-05-10,2022-05-25,1.133466739739537,0.0,GLOBAL_OIL_GAS,2022-02-01,1.0,1.0,0.15539423198775948,0.16490204682680565,0.3068195417801871,0.5430779889225212,0.7791198011829257,0.002548818549288619,124.48618045838205,0.08275043176337671,0.13702780311386364,0.36953325154352656,0.35576790796488816,1.1286032287082497,NOT_AVAILABLE_NO_VALIDATED_HIGH_LOW_PANEL,0.2946821900566383,True,False,,NOT_DETERMINABLE_FROM_CLOSE_ONLY_PANEL,True,"HISTORICAL UK RETAIL, ISA, ACCOUNT AND BROKER ELIGIBILITY REMAIN PARTLY UNRESOLVED"
DD_03,2022-05-09,DAILY_WITH_LAST_WEEKLY_SIGNAL_ASOF,2022-05-06,False,2022-05-06,2022-05-10,2022-05-25,1.0509601682115284,-0.07279134767286433,GLOBAL_OIL_GAS,2022-02-01,1.0,1.0,0.15539423198775948,0.16490204682680565,0.3068195417801871,0.5430779889225212,0.7791198011829257,0.002548818549288619,115.42466361616903,0.003576510074413619,0.05202339301431724,0.2664426745847299,0.38518003499673686,1.347898446940164,NOT_AVAILABLE_NO_VALIDATED_HIGH_LOW_PANEL,0.2946821900566383,True,False,,NOT_DETERMINABLE_FROM_CLOSE_ONLY_PANEL,True,"HISTORICAL UK RETAIL, ISA, ACCOUNT AND BROKER ELIGIBILITY REMAIN PARTLY UNRESOLVED"
DD_03,2022-05-10,DAILY_WITH_LAST_WEEKLY_SIGNAL_ASOF,2022-05-06,False,2022-05-06,2022-05-10,2022-05-25,1.0399409266051165,-0.08251306355571764,GLOBAL_OIL_GAS,2022-02-01,1.0,1.0,0.15539423198775948,0.16490204682680565,0.3068195417801871,0.5430779889225212,0.7791198011829257,0.002548818549288619,114.21444433841103,-0.006318460038283735,0.039322221629578546,0.2500152685761352,0.3860160334065967,1.3421105483744185,NOT_AVAILABLE_NO_VALIDATED_HIGH_LOW_PANEL,0.2946821900566383,True,False,,NOT_DETERMINABLE_FROM_CLOSE_ONLY_PANEL,True,"HISTORICAL UK RETAIL, ISA, ACCOUNT AND BROKER ELIGIBILITY REMAIN PARTLY UNRESOLVED"
DD_03,2022-05-11,DAILY_WITH_LAST_WEEKLY_SIGNAL_ASOF,2022-05-06,False,2022-05-06,2022-05-10,2022-05-25,1.0840178930307638,-0.043626200024304396,GLOBAL_OIL_GAS,2022-02-01,1.0,1.0,0.15539423198775948,0.16490204682680565,0.3068195417801871,0.5430779889225212,0.7791198011829257,0.002548818549288619,119.05532144944303,0.032437929861895975,0.07984238983504,0.29907947159277626,0.3875819959951766,1.3890555140126126,NOT_AVAILABLE_NO_VALIDATED_HIGH_LOW_PANEL,0.2946821900566383,True,False,,NOT_DETERMINABLE_FROM_CLOSE_ONLY_PANEL,True,"HISTORICAL UK RETAIL, ISA, ACCOUNT AND BROKER ELIGIBILITY REMAIN PARTLY UNRESOLVED"
DD_03,2022-05-12,DAILY_WITH_LAST_WEEKLY_SIGNAL_ASOF,2022-05-06,False,2022-05-06,2022-05-10,2022-05-25,1.0480676172898453,-0.07534329809211326,GLOBAL_OIL_GAS,2022-02-01,1.0,1.0,0.15539423198775948,0.16490204682680565,0.3068195417801871,0.5430779889225212,0.7791198011829257,0.002548818549288619,115.10698105575756,-0.0016382250952859945,0.042230980508989324,0.2528057242123902,0.3936659861554958,1.3844996765697133,NOT_AVAILABLE_NO_VALIDATED_HIGH_LOW_PANEL,0.2946821900566383,True,False,,NOT_DETERMINABLE_FROM_CLOSE_ONLY_PANEL,True,"HISTORICAL UK RETAIL, ISA, ACCOUNT AND BROKER ELIGIBILITY REMAIN PARTLY UNRESOLVED"
DD_03,2022-05-13,DAILY_WITH_LAST_WEEKLY_SIGNAL_ASOF,2022-05-13,True,2022-05-06,2022-05-10,2022-05-25,1.086221741352046,-0.041681856847733845,GLOBAL_OIL_GAS,2022-02-01,1.0,1.0,0.09437028355188248,0.12183638685313913,0.26871310159209894,0.4919868020211313,0.7059226873554432,0.003852535659114567,119.29736530499461,0.03145203271353725,0.07678718080289793,0.2945692415592891,0.3992314707248248,1.4145581331814951,NOT_AVAILABLE_NO_VALIDATED_HIGH_LOW_PANEL,0.2946821900566383,True,False,,NOT_DETERMINABLE_FROM_CLOSE_ONLY_PANEL,True,"HISTORICAL UK RETAIL, ISA, ACCOUNT AND BROKER ELIGIBILITY REMAIN PARTLY UNRESOLVED"
DD_03,2022-05-16,DAILY_WITH_LAST_WEEKLY_SIGNAL_ASOF,2022-05-13,False,2022-05-06,2022-05-10,2022-05-25,1.112254699647194,-0.018714303074492844,GLOBAL_OIL_GAS,2022-02-01,1.0,1.0,0.09437028355188248,0.12183638685313913,0.26871310159209894,0.4919868020211313,0.7059226873554432,0.003852535659114567,122.15650834869788,0.05080632767248017,0.0981757403920629,0.3213148262201968,0.401290982734733,1.4110552722437948,NOT_AVAILABLE_NO_VALIDATED_HIGH_LOW_PANEL,0.2946821900566383,True,False,,NOT_DETERMINABLE_FROM_CLOSE_ONLY_PANEL,True,"HISTORICAL UK RETAIL, ISA, ACCOUNT AND BROKER ELIGIBILITY REMAIN PARTLY UNRESOLVED"
DD_03,2022-05-17,DAILY_WITH_LAST_WEEKLY_SIGNAL_ASOF,2022-05-13,False,2022-05-06,2022-05-10,2022-05-25,1.1207946118921632,-0.011179973265281529,GLOBAL_OIL_GAS,2022-02-01,1.0,1.0,0.09437028355188248,0.12183638685313913,0.26871310159209894,0.4919868020211313,0.7059226873554432,0.003852535659114567,123.09442828896033,0.0532372788072657,0.1020004336995628,0.3270830421159403,0.4007810106950319,1.407103618852277,NOT_AVAILABLE_NO_VALIDATED_HIGH_LOW_PANEL,0.2946821900566383,True,False,,NOT_DETERMINABLE_FROM_CLOSE_ONLY_PANEL,True,"HISTORICAL UK RETAIL, ISA, ACCOUNT AND BROKER ELIGIBILITY REMAIN PARTLY UNRESOLVED"
DD_03,2022-05-18,DAILY_WITH_LAST_WEEKLY_SIGNAL_ASOF,2022-05-13,False,2022-05-06,2022-05-10,2022-05-25,1.0928332863158932,-0.03584882731802186,GLOBAL_OIL_GAS,2022-02-01,1.0,1.0,0.09437028355188248,0.12183638685313913,0.26871310159209894,0.4919868020211313,0.7059226873554432,0.003852535659114567,120.02349687164941,0.024450396737601077,0.0713775426131853,0.29020127753404457,0.40274284109590486,1.4255944476280686,NOT_AVAILABLE_NO_VALIDATED_HIGH_LOW_PANEL,0.2946821900566383,True,False,,NOT_DETERMINABLE_FROM_CLOSE_ONLY_PANEL,True,"HISTORICAL UK RETAIL, ISA, ACCOUNT AND BROKER ELIGIBILITY REMAIN PARTLY UNRESOLVED"
DD_03,2022-05-19,DAILY_WITH_LAST_WEEKLY_SIGNAL_ASOF,2022-05-13,False,2022-05-06,2022-05-10,2022-05-25,1.0809876015890005,-0.046299671892089056,GLOBAL_OIL_GAS,2022-02-01,1.0,1.0,0.09437028355188248,0.12183638685313913,0.26871310159209894,0.4919868020211313,0.7059226873554432,0.003852535659114567,118.72251114805957,0.012117973320766362,0.057286460395770566,0.2727182725187056,0.40150361281303265,1.4269111386434163,NOT_AVAILABLE_NO_VALIDATED_HIGH_LOW_PANEL,0.2946821900566383,True,False,,NOT_DETERMINABLE_FROM_CLOSE_ONLY_PANEL,True,"HISTORICAL UK RETAIL, ISA, ACCOUNT AND BROKER ELIGIBILITY REMAIN PARTLY UNRESOLVED"
DD_03,2022-05-20,DAILY_WITH_LAST_WEEKLY_SIGNAL_ASOF,2022-05-20,True,2022-05-06,2022-05-10,2022-05-25,1.0847065956311643,-0.04301859278162623,GLOBAL_OIL_GAS,2022-02-01,1.0,1.0,0.09315854908837395,0.2157870572533318,0.29147731630618035,0.5887769035912473,0.7982788307182449,0.004159040113782504,119.13096015430288,0.014161761978593201,0.05839522442497058,0.27358538247670894,0.40071231414169983,1.4200332791452543,NOT_AVAILABLE_NO_VALIDATED_HIGH_LOW_PANEL,0.2946821900566383,True,False,,NOT_DETERMINABLE_FROM_CLOSE_ONLY_PANEL,True,"HISTORICAL UK RETAIL, ISA, ACCOUNT AND BROKER ELIGIBILITY REMAIN PARTLY UNRESOLVED"
DD_03,2022-05-23,DAILY_WITH_LAST_WEEKLY_SIGNAL_ASOF,2022-05-20,False,2022-05-06,2022-05-10,2022-05-25,1.1094998892455912,-0.02114473204520606,GLOBAL_OIL_GAS,2022-02-01,1.0,1.0,0.09315854908837395,0.2157870572533318,0.29147731630618035,0.5887769035912473,0.7982788307182449,0.004159040113782504,121.85395352925839,0.03383296468913555,0.0790922479799594,0.29878409825423824,0.40188865171291643,1.4231624684207946,NOT_AVAILABLE_NO_VALIDATED_HIGH_LOW_PANEL,0.2946821900566383,True,False,,NOT_DETERMINABLE_FROM_CLOSE_ONLY_PANEL,True,"HISTORICAL UK RETAIL, ISA, ACCOUNT AND BROKER ELIGIBILITY REMAIN PARTLY UNRESOLVED"
DD_03,2022-05-24,DAILY_WITH_LAST_WEEKLY_SIGNAL_ASOF,2022-05-20,False,2022-05-06,2022-05-10,2022-05-25,1.1053676736431868,-0.024790375501276052,GLOBAL_OIL_GAS,2022-02-01,1.0,1.0,0.09315854908837395,0.2157870572533318,0.29147731630618035,0.5887769035912473,0.7982788307182449,0.004159040113782504,121.40012130009914,0.02718278330530821,0.0719175033995818,0.290173356554849,0.4013404448352652,1.3421511240076374,NOT_AVAILABLE_NO_VALIDATED_HIGH_LOW_PANEL,0.2946821900566383,True,False,,NOT_DETERMINABLE_FROM_CLOSE_ONLY_PANEL,True,"HISTORICAL UK RETAIL, ISA, ACCOUNT AND BROKER ELIGIBILITY REMAIN PARTLY UNRESOLVED"
DD_03,2022-05-25,DAILY_WITH_LAST_WEEKLY_SIGNAL_ASOF,2022-05-20,False,2022-05-06,2022-05-10,2022-05-25,1.1382876579423422,0.004253250698748268,GLOBAL_OIL_GAS,2022-02-01,1.0,1.0,0.09315854908837395,0.2157870572533318,0.29147731630618035,0.5887769035912473,0.7982788307182449,0.004159040113782504,125.01565139240117,0.05224764870875509,0.09936443752678925,0.3242673547239412,0.40451221428841644,1.1897941317108742,NOT_AVAILABLE_NO_VALIDATED_HIGH_LOW_PANEL,0.3001887979861535,True,False,,NOT_DETERMINABLE_FROM_CLOSE_ONLY_PANEL,True,"HISTORICAL UK RETAIL, ISA, ACCOUNT AND BROKER ELIGIBILITY REMAIN PARTLY UNRESOLVED"
DD_04,2022-06-08,DAILY_WITH_LAST_WEEKLY_SIGNAL_ASOF,2022-06-01,False,2022-06-08,2022-07-06,2023-01-04,1.290353192110825,0.0,GLOBAL_OIL_GAS,2022-02-01,1.0,1.0,0.15081219015056524,0.25685501836176217,0.29693594978479365,0.7226709379376943,0.7807496951542687,0.0054737571324439,141.7166774254615,0.11209241727905028,0.18676185382527488,0.4539607473456708,0.41048227569193657,1.1222541895228464,NOT_AVAILABLE_NO_VALIDATED_HIGH_LOW_PANEL,0.47388294524858243,True,True,EUROPE_BANKS,NOT_DETERMINABLE_FROM_CLOSE_ONLY_PANEL,True,"HISTORICAL UK RETAIL, ISA, ACCOUNT AND BROKER ELIGIBILITY REMAIN PARTLY UNRESOLVED"
DD_04,2022-06-09,DAILY_WITH_LAST_WEEKLY_SIGNAL_ASOF,2022-06-01,False,2022-06-08,2022-07-06,2023-01-04,1.2636315312152762,-0.020708795900939547,GLOBAL_OIL_GAS,2022-02-01,1.0,1.0,0.15081219015056524,0.25685501836176217,0.29693594978479365,0.7226709379376943,0.7807496951542687,0.0054737571324439,138.78189567689833,0.08031546743752793,0.15484041319958486,0.4178712089050878,0.4070861546824107,0.8855408328216475,NOT_AVAILABLE_NO_VALIDATED_HIGH_LOW_PANEL,0.47388294524858243,True,True,EUROPE_BANKS,NOT_DETERMINABLE_FROM_CLOSE_ONLY_PANEL,True,"HISTORICAL UK RETAIL, ISA, ACCOUNT AND BROKER ELIGIBILITY REMAIN PARTLY UNRESOLVED"
DD_04,2022-06-10,DAILY_WITH_LAST_WEEKLY_SIGNAL_ASOF,2022-06-10,True,2022-06-08,2022-07-06,2023-01-04,1.2462762256851776,-0.03415883859948776,GLOBAL_OIL_GAS,2022-02-01,1.0,1.0,0.20863371894985705,0.31866291369209465,0.2438603922118756,0.819470881770787,0.8998393911300302,0.006310405593885967,136.87580031442948,0.059173142688820235,0.1328053158846747,0.3928759285634036,0.40844561729993956,0.8929243803833367,NOT_AVAILABLE_NO_VALIDATED_HIGH_LOW_PANEL,0.47388294524858243,True,True,CHINA_INTERNET,NOT_DETERMINABLE_FROM_CLOSE_ONLY_PANEL,True,"HISTORICAL UK RETAIL, ISA, ACCOUNT AND BROKER ELIGIBILITY REMAIN PARTLY UNRESOLVED"
DD_04,2022-06-13,DAILY_WITH_LAST_WEEKLY_SIGNAL_ASOF,2022-06-10,False,2022-06-08,2022-07-06,2023-01-04,1.195587714295683,-0.07344150298889862,GLOBAL_OIL_GAS,2022-02-01,1.0,1.0,0.20863371894985705,0.31866291369209465,0.2438603922118756,0.819470881770787,0.8998393911300302,0.006310405593885967,131.30879163674268,0.01460997145818732,0.0830481718909204,0.33176945476351016,0.4048456733559632,0.9413806272857934,NOT_AVAILABLE_NO_VALIDATED_HIGH_LOW_PANEL,0.47388294524858243,True,True,CHINA_INTERNET,NOT_DETERMINABLE_FROM_CLOSE_ONLY_PANEL,True,"HISTORICAL UK RETAIL, ISA, ACCOUNT AND BROKER ELIGIBILITY REMAIN PARTLY UNRESOLVED"
DD_04,2022-06-14,DAILY_WITH_LAST_WEEKLY_SIGNAL_ASOF,2022-06-10,False,2022-06-08,2022-07-06,2023-01-04,1.227130293394037,-0.048996584116140274,GLOBAL_OIL_GAS,2022-02-01,1.0,1.0,0.20863371894985705,0.31866291369209465,0.2438603922118756,0.819470881770787,0.8998393911300302,0.006310405593885967,134.77304431932495,0.037475311223264196,0.10677696011234517,0.3619327106141257,0.40695826320897005,0.8961515328774563,NOT_AVAILABLE_NO_VALIDATED_HIGH_LOW_PANEL,0.47388294524858243,True,True,CHINA_INTERNET,NOT_DETERMINABLE_FROM_CLOSE_ONLY_PANEL,True,"HISTORICAL UK RETAIL, ISA, ACCOUNT AND BROKER ELIGIBILITY REMAIN PARTLY UNRESOLVED"
DD_04,2022-06-15,DAILY_WITH_LAST_WEEKLY_SIGNAL_ASOF,2022-06-10,False,2022-06-08,2022-07-06,2023-01-04,1.1848439537294315,-0.08176771989752374,GLOBAL_OIL_GAS,2022-02-01,1.0,1.0,0.20863371894985705,0.31866291369209465,0.2438603922118756,0.819470881770787,0.8998393911300302,0.006310405593885967,130.12882784092864,0.0015673853025968132,0.06576922647751271,0.31089236029542566,0.41422021386069363,0.9363605562147721,NOT_AVAILABLE_NO_VALIDATED_HIGH_LOW_PANEL,0.47388294524858243,True,True,CHINA_INTERNET,NOT_DETERMINABLE_FROM_CLOSE_ONLY_PANEL,True,"HISTORICAL UK RETAIL, ISA, ACCOUNT AND BROKER ELIGIBILITY REMAIN PARTLY UNRESOLVED"
DD_04,2022-06-16,DAILY_WITH_LAST_WEEKLY_SIGNAL_ASOF,2022-06-10,False,2022-06-08,2022-07-06,2023-01-04,1.097516463998618,-0.14944491887275846,GLOBAL_OIL_GAS,2022-02-01,1.0,1.0,0.20863371894985705,0.31866291369209465,0.2438603922118756,0.819470881770787,0.8998393911300302,0.006310405593885967,120.53784006469652,-0.0661178554504731,-0.012286908377046601,0.21169119567915673,0.4325929253399139,1.1545370449452654,NOT_AVAILABLE_NO_VALIDATED_HIGH_LOW_PANEL,0.47388294524858243,True,True,CHINA_INTERNET,NOT_DETERMINABLE_FROM_CLOSE_ONLY_PANEL,True,"HISTORICAL UK RETAIL, ISA, ACCOUNT AND BROKER ELIGIBILITY REMAIN PARTLY UNRESOLVED"
DD_04,2022-06-17,DAILY_WITH_LAST_WEEKLY_SIGNAL_ASOF,2022-06-17,True,2022-06-08,2022-07-06,2023-01-04,1.0201062917135748,-0.20943637916310864,GLOBAL_OIL_GAS,2022-02-01,1.0,5.0,-0.020907819109233117,0.08530151803030961,0.19991760310664652,0.6084187191750043,0.689090405242704,0.005981421470937055,112.03604963844658,-0.12144496462469201,-0.07899246246226788,0.12481526816032273,0.45676838484296883,1.315213171095644,NOT_AVAILABLE_NO_VALIDATED_HIGH_LOW_PANEL,0.47388294524858243,True,True,CHINA_INTERNET;EUROPE_BANKS,NOT_DETERMINABLE_FROM_CLOSE_ONLY_PANEL,True,"HISTORICAL UK RETAIL, ISA, ACCOUNT AND BROKER ELIGIBILITY REMAIN PARTLY UNRESOLVED"
DD_04,2022-06-20,DAILY_WITH_LAST_WEEKLY_SIGNAL_ASOF,2022-06-17,False,2022-06-08,2022-07-06,2023-01-04,1.019417589113174,-0.20997011101622565,GLOBAL_OIL_GAS,2022-02-01,1.0,5.0,-0.020907819109233117,0.08530151803030961,0.19991760310664652,0.6084187191750043,0.689090405242704,0.005981421470937055,111.96041093358672,-0.11218838888538785,-0.07673169899747678,0.12267006445912698,0.45678393362641545,1.3001024595078126,NOT_AVAILABLE_NO_VALIDATED_HIGH_LOW_PANEL,0.47388294524858243,True,True,CHINA_INTERNET;EUROPE_BANKS,NOT_DETERMINABLE_FROM_CLOSE_ONLY_PANEL,True,"HISTORICAL UK RETAIL, ISA, ACCOUNT AND BROKER ELIGIBILITY REMAIN PARTLY UNRESOLVED"
DD_04,2022-06-21,DAILY_WITH_LAST_WEEKLY_SIGNAL_ASOF,2022-06-17,False,2022-06-08,2022-07-06,2023-01-04,1.05302627601273,-0.1839239965841164,GLOBAL_OIL_GAS,2022-02-01,1.0,5.0,-0.020907819109233117,0.08530151803030961,0.19991760310664652,0.6084187191750043,0.689090405242704,0.005981421470937055,115.6515797307486,-0.07595304334335784,-0.04455839499291725,0.15784315407497562,0.4528685945471862,1.3370705572624488,NOT_AVAILABLE_NO_VALIDATED_HIGH_LOW_PANEL,0.47388294524858243,True,True,CHINA_INTERNET;EUROPE_BANKS,NOT_DETERMINABLE_FROM_CLOSE_ONLY_PANEL,True,"HISTORICAL UK RETAIL, ISA, ACCOUNT AND BROKER ELIGIBILITY REMAIN PARTLY UNRESOLVED"
DD_04,2022-06-22,DAILY_WITH_LAST_WEEKLY_SIGNAL_ASOF,2022-06-17,False,2022-06-08,2022-07-06,2023-01-04,1.008260606986682,-0.21861656703672105,GLOBAL_OIL_GAS,2022-02-01,1.0,5.0,-0.020907819109233117,0.08530151803030961,0.19991760310664652,0.6084187191750043,0.689090405242704,0.005981421470937055,110.73506391485674,-0.10586872715214879,-0.08210964328950976,0.10742465062788153,0.46149751132467703,1.3887286671319647,NOT_AVAILABLE_NO_VALIDATED_HIGH_LOW_PANEL,0.47388294524858243,True,True,CHINA_INTERNET;EUROPE_BANKS,NOT_DETERMINABLE_FROM_CLOSE_ONLY_PANEL,True,"HISTORICAL UK RETAIL, ISA, ACCOUNT AND BROKER ELIGIBILITY REMAIN PARTLY UNRESOLVED"
DD_04,2022-06-23,DAILY_WITH_LAST_WEEKLY_SIGNAL_ASOF,2022-06-17,False,2022-06-08,2022-07-06,2023-01-04,0.9764425468481678,-0.24327497865072611,GLOBAL_OIL_GAS,2022-02-01,1.0,5.0,-0.020907819109233117,0.08530151803030961,0.19991760310664652,0.6084187191750043,0.689090405242704,0.005981421470937055,107.24055575033051,-0.12339979366233933,-0.10718683631353831,0.07170435609361459,0.46160027439909207,1.389141524303264,NOT_AVAILABLE_NO_VALIDATED_HIGH_LOW_PANEL,0.47388294524858243,True,True,CHINA_INTERNET;EUROPE_BANKS,NOT_DETERMINABLE_FROM_CLOSE_ONLY_PANEL,True,"HISTORICAL UK RETAIL, ISA, ACCOUNT AND BROKER ELIGIBILITY REMAIN PARTLY UNRESOLVED"
DD_04,2022-06-24,DAILY_WITH_LAST_WEEKLY_SIGNAL_ASOF,2022-06-24,True,2022-06-08,2022-07-06,2023-01-04,0.9966904032999495,-0.22758326216908653,GLOBAL_OIL_GAS,2022-02-01,1.0,9.0,-0.09900292588699855,0.027805140072408863,0.10937693223901968,0.5557393081853381,0.5385928272618032,0.003607665750648506,109.46433367321083,-0.09658049577978323,-0.0854930615580698,0.09290616165678078,0.4613866224303623,1.4094932655811885,NOT_AVAILABLE_NO_VALIDATED_HIGH_LOW_PANEL,0.47388294524858243,True,True,CHINA_INTERNET,NOT_DETERMINABLE_FROM_CLOSE_ONLY_PANEL,True,"HISTORICAL UK RETAIL, ISA, ACCOUNT AND BROKER ELIGIBILITY REMAIN PARTLY UNRESOLVED"
DD_04,2022-06-27,DAILY_WITH_LAST_WEEKLY_SIGNAL_ASOF,2022-06-24,False,2022-06-08,2022-07-06,2023-01-04,1.0188666270328532,-0.2103970964987194,GLOBAL_OIL_GAS,2022-02-01,1.0,9.0,-0.09900292588699855,0.027805140072408863,0.10937693223901968,0.5557393081853381,0.5385928272618032,0.003607665750648506,111.8998999696988,-0.07001363426584128,-0.06275099800545836,0.115921562109214,0.457071537332604,1.3952855499375305,NOT_AVAILABLE_NO_VALIDATED_HIGH_LOW_PANEL,0.47388294524858243,True,True,CHINA_INTERNET,NOT_DETERMINABLE_FROM_CLOSE_ONLY_PANEL,True,"HISTORICAL UK RETAIL, ISA, ACCOUNT AND BROKER ELIGIBILITY REMAIN PARTLY UNRESOLVED"
DD_04,2022-06-28,DAILY_WITH_LAST_WEEKLY_SIGNAL_ASOF,2022-06-24,False,2022-06-08,2022-07-06,2023-01-04,1.060602004617138,-0.1780529461998296,GLOBAL_OIL_GAS,2022-02-01,1.0,9.0,-0.09900292588699855,0.027805140072408863,0.10937693223901968,0.5557393081853381,0.5385928272618032,0.003607665750648506,116.48360548420722,-0.029101735386990346,-0.02342601391559096,0.15976732214844525,0.4641145480891698,1.402746609278972,NOT_AVAILABLE_NO_VALIDATED_HIGH_LOW_PANEL,0.47388294524858243,True,True,CHINA_INTERNET,NOT_DETERMINABLE_FROM_CLOSE_ONLY_PANEL,True,"HISTORICAL UK RETAIL, ISA, ACCOUNT AND BROKER ELIGIBILITY REMAIN PARTLY UNRESOLVED"
DD_04,2022-06-29,DAILY_WITH_LAST_WEEKLY_SIGNAL_ASOF,2022-06-24,False,2022-06-08,2022-07-06,2023-01-04,1.0367728946432726,-0.19652006831767743,GLOBAL_OIL_GAS,2022-02-01,1.0,9.0,-0.09900292588699855,0.027805140072408863,0.10937693223901968,0.5557393081853381,0.5385928272618032,0.003607665750648506,113.86650629605555,-0.0465019913901511,-0.043665801043902164,0.13220387168659564,0.46329078123869794,1.4107465552849656,NOT_AVAILABLE_NO_VALIDATED_HIGH_LOW_PANEL,0.47388294524858243,True,True,CHINA_INTERNET,NOT_DETERMINABLE_FROM_CLOSE_ONLY_PANEL,True,"HISTORICAL UK RETAIL, ISA, ACCOUNT AND BROKER ELIGIBILITY REMAIN PARTLY UNRESOLVED"
DD_04,2022-06-30,DAILY_WITH_LAST_WEEKLY_SIGNAL_ASOF,2022-06-24,False,2022-06-08,2022-07-06,2023-01-04,1.0096380121874835,-0.21754910333048694,GLOBAL_OIL_GAS,2022-02-01,1.0,9.0,-0.09900292588699855,0.027805140072408863,0.10937693223901968,0.5557393081853381,0.5385928272618032,0.003607665750648506,110.88634132457649,-0.06538599774493525,-0.06617975271502241,0.10144717890260058,0.4655371901292655,1.3954622963312213,NOT_AVAILABLE_NO_VALIDATED_HIGH_LOW_PANEL,0.47388294524858243,True,True,CHINA_INTERNET,NOT_DETERMINABLE_FROM_CLOSE_ONLY_PANEL,True,"HISTORICAL UK RETAIL, ISA, ACCOUNT AND BROKER ELIGIBILITY REMAIN PARTLY UNRESOLVED"
DD_04,2022-07-01,DAILY_WITH_LAST_WEEKLY_SIGNAL_ASOF,2022-07-01,True,2022-06-08,2022-07-06,2023-01-04,0.9896656367758623,-0.2330273270708796,GLOBAL_OIL_GAS,2022-02-01,1.0,8.0,-0.14647825808570725,0.0069315934946112545,0.10217358821669009,0.4882262382576936,0.5172269242130685,0.000336667257762574,108.69281888364014,-0.07683519899419966,-0.08160352261666526,0.07880357530606208,0.4653754615471815,1.3958837726495732,NOT_AVAILABLE_NO_VALIDATED_HIGH_LOW_PANEL,0.47388294524858243,True,True,CHINA_INTERNET,NOT_DETERMINABLE_FROM_CLOSE_ONLY_PANEL,True,"HISTORICAL UK RETAIL, ISA, ACCOUNT AND BROKER ELIGIBILITY REMAIN PARTLY UNRESOLVED"
DD_04,2022-07-04,DAILY_WITH_LAST_WEEKLY_SIGNAL_ASOF,2022-07-01,False,2022-06-08,2022-07-06,2023-01-04,1.0199685511934946,-0.209543125533732,GLOBAL_OIL_GAS,2022-02-01,1.0,8.0,-0.14647825808570725,0.0069315934946112545,0.10217358821669009,0.4882262382576936,0.5172269242130685,0.000336667257762574,112.02092189747462,-0.04434899369289769,-0.05149345823115159,0.11059996569356989,0.46701163448865635,1.4403576062666956,NOT_AVAILABLE_NO_VALIDATED_HIGH_LOW_PANEL,0.47388294524858243,True,True,CHINA_INTERNET,NOT_DETERMINABLE_FROM_CLOSE_ONLY_PANEL,True,"HISTORICAL UK RETAIL, ISA, ACCOUNT AND BROKER ELIGIBILITY REMAIN PARTLY UNRESOLVED"
DD_04,2022-07-05,DAILY_WITH_LAST_WEEKLY_SIGNAL_ASOF,2022-07-01,False,2022-06-08,2022-07-06,2023-01-04,0.9588117602779092,-0.25693851409052093,GLOBAL_OIL_GAS,2022-02-01,1.0,8.0,-0.14647825808570725,0.0069315934946112545,0.10217358821669009,0.4882262382576936,0.5172269242130685,0.000336667257762574,105.30420490591774,-0.0932703862921489,-0.10456014060449337,0.04355199013589628,0.4823486419583377,1.4892661944534928,NOT_AVAILABLE_NO_VALIDATED_HIGH_LOW_PANEL,0.47388294524858243,True,True,CHINA_INTERNET,NOT_DETERMINABLE_FROM_CLOSE_ONLY_PANEL,True,"HISTORICAL UK RETAIL, ISA, ACCOUNT AND BROKER ELIGIBILITY REMAIN PARTLY UNRESOLVED"
DD_04,2022-07-06,DAILY_WITH_LAST_WEEKLY_SIGNAL_ASOF,2022-07-01,False,2022-06-08,2022-07-06,2023-01-04,0.919555712055067,-0.28736122971818967,GLOBAL_OIL_GAS,2022-02-01,1.0,8.0,-0.14647825808570725,0.0069315934946112545,0.10217358821669009,0.4882262382576936,0.5172269242130685,0.000336667257762574,100.99279872890489,-0.11996209208096897,-0.1364391035277227,0.0008182437392467712,0.48903495093122035,1.4968511717512585,NOT_AVAILABLE_NO_VALIDATED_HIGH_LOW_PANEL,0.47388294524858243,True,True,CHINA_INTERNET,NOT_DETERMINABLE_FROM_CLOSE_ONLY_PANEL,True,"HISTORICAL UK RETAIL, ISA, ACCOUNT AND BROKER ELIGIBILITY REMAIN PARTLY UNRESOLVED"
DD_04,2022-07-07,DAILY_WITH_LAST_WEEKLY_SIGNAL_ASOF,2022-07-01,False,2022-06-08,2022-07-06,2023-01-04,0.9758915847678475,-0.24370196413321943,GLOBAL_OIL_GAS,2022-02-01,1.0,8.0,-0.14647825808570725,0.0069315934946112545,0.10217358821669009,0.4882262382576936,0.5172269242130685,0.000336667257762574,107.18004478644265,-0.06040564533820236,-0.08052165370333386,0.0614763612059801,0.5047468710260732,1.5930590872535566,NOT_AVAILABLE_NO_VALIDATED_HIGH_LOW_PANEL,0.47388294524858243,True,True,CHINA_INTERNET,NOT_DETERMINABLE_FROM_CLOSE_ONLY_PANEL,True,"HISTORICAL UK RETAIL, ISA, ACCOUNT AND BROKER ELIGIBILITY REMAIN PARTLY UNRESOLVED"
DD_04,2022-07-08,DAILY_WITH_LAST_WEEKLY_SIGNAL_ASOF,2022-07-08,True,2022-06-08,2022-07-06,2023-01-04,0.9814012055710533,-0.23943210930828374,GLOBAL_OIL_GAS,2022-02-01,1.0,16.0,-0.21381323957433784,-0.06741723982717529,0.025838509983373115,0.33150154807650134,0.5388263013374555,-0.002635098002431086,107.78515442532162,-0.050343953520114226,-0.07259083188637439,0.06675302191199317,0.5048729933223185,1.5992777369404074,NOT_AVAILABLE_NO_VALIDATED_HIGH_LOW_PANEL,0.47388294524858243,True,False,,NOT_DETERMINABLE_FROM_CLOSE_ONLY_PANEL,True,"HISTORICAL UK RETAIL, ISA, ACCOUNT AND BROKER ELIGIBILITY REMAIN PARTLY UNRESOLVED"
DD_04,2022-07-11,DAILY_WITH_LAST_WEEKLY_SIGNAL_ASOF,2022-07-08,False,2022-06-08,2022-07-06,2023-01-04,0.9716216286453628,-0.24701110162254492,GLOBAL_OIL_GAS,2022-02-01,1.0,16.0,-0.21381323957433784,-0.06741723982717529,0.025838509983373115,0.33150154807650134,0.5388263013374555,-0.002635098002431086,106.71108481631141,-0.054667402827057066,-0.07887639310305639,0.05553347264479824,0.504363414628332,1.5991379172366975,NOT_AVAILABLE_NO_VALIDATED_HIGH_LOW_PANEL,0.47388294524858243,True,False,,NOT_DETERMINABLE_FROM_CLOSE_ONLY_PANEL,True,"HISTORICAL UK RETAIL, ISA, ACCOUNT AND BROKER ELIGIBILITY REMAIN PARTLY UNRESOLVED"
DD_04,2022-07-12,DAILY_WITH_LAST_WEEKLY_SIGNAL_ASOF,2022-07-08,False,2022-06-08,2022-07-06,2023-01-04,0.9465528539907759,-0.2664389410760035,GLOBAL_OIL_GAS,2022-02-01,1.0,16.0,-0.21381323957433784,-0.06741723982717529,0.025838509983373115,0.33150154807650134,0.5388263013374555,-0.002635098002431086,103.95783595941197,-0.07239109443860481,-0.09901563952472625,0.02801021518662461,0.5066833952185842,1.5809061797821453,NOT_AVAILABLE_NO_VALIDATED_HIGH_LOW_PANEL,0.47388294524858243,True,False,,NOT_DETERMINABLE_FROM_CLOSE_ONLY_PANEL,True,"HISTORICAL UK RETAIL, ISA, ACCOUNT AND BROKER ELIGIBILITY REMAIN PARTLY UNRESOLVED"
DD_04,2022-07-13,DAILY_WITH_LAST_WEEKLY_SIGNAL_ASOF,2022-07-08,False,2022-06-08,2022-07-06,2023-01-04,0.9593627223582296,-0.2565115286080275,GLOBAL_OIL_GAS,2022-02-01,1.0,16.0,-0.21381323957433784,-0.06741723982717529,0.025838509983373115,0.33150154807650134,0.5388263013374555,-0.002635098002431086,105.36471586980564,-0.054695347016001206,-0.08370264639363112,0.04148801535554547,0.5008551767210583,1.5592030349103552,NOT_AVAILABLE_NO_VALIDATED_HIGH_LOW_PANEL,0.47388294524858243,True,False,,NOT_DETERMINABLE_FROM_CLOSE_ONLY_PANEL,True,"HISTORICAL UK RETAIL, ISA, ACCOUNT AND BROKER ELIGIBILITY REMAIN PARTLY UNRESOLVED"
DD_04,2022-07-14,DAILY_WITH_LAST_WEEKLY_SIGNAL_ASOF,2022-07-08,False,2022-06-08,2022-07-06,2023-01-04,0.9258917759787537,-0.2824508966695134,GLOBAL_OIL_GAS,2022-02-01,1.0,16.0,-0.21381323957433784,-0.06741723982717529,0.025838509983373115,0.33150154807650134,0.5388263013374555,-0.002635098002431086,101.68867481361572,-0.08034569337699271,-0.11164139425795616,0.005100298494943534,0.5049624537369443,1.5597673965345924,NOT_AVAILABLE_NO_VALIDATED_HIGH_LOW_PANEL,0.47388294524858243,True,False,,NOT_DETERMINABLE_FROM_CLOSE_ONLY_PANEL,True,"HISTORICAL UK RETAIL, ISA, ACCOUNT AND BROKER ELIGIBILITY REMAIN PARTLY UNRESOLVED"
DD_04,2022-07-15,DAILY_WITH_LAST_WEEKLY_SIGNAL_ASOF,2022-07-15,True,2022-06-08,2022-07-06,2023-01-04,0.9544040636353444,-0.2603543979504698,GLOBAL_OIL_GAS,2022-02-01,2.0,16.0,-0.1879385822861337,-0.13134431905189947,-0.04245115102767394,0.2281647844125141,0.5771192001096821,-0.00548995083417022,104.82011719481454,-0.04752064851356563,-0.08124817624508585,0.035680242190194944,0.5062902835280804,1.482789558174096,NOT_AVAILABLE_NO_VALIDATED_HIGH_LOW_PANEL,0.47388294524858243,False,False,,NOT_DETERMINABLE_FROM_CLOSE_ONLY_PANEL,True,"HISTORICAL UK RETAIL, ISA, ACCOUNT AND BROKER ELIGIBILITY REMAIN PARTLY UNRESOLVED"
DD_04,2022-07-18,DAILY_WITH_LAST_WEEKLY_SIGNAL_ASOF,2022-07-15,False,2022-06-08,2022-07-06,2023-01-04,0.9867730858541791,-0.23526900085397107,GLOBAL_OIL_GAS,2022-02-01,2.0,16.0,-0.1879385822861337,-0.13134431905189947,-0.04245115102767394,0.2281647844125141,0.5771192001096821,-0.00548995083417022,108.37513632322866,-0.013852712063141426,-0.04821878097790844,0.07005189163283587,0.511065386578952,1.3897835658301694,NOT_AVAILABLE_NO_VALIDATED_HIGH_LOW_PANEL,0.47388294524858243,False,False,,NOT_DETERMINABLE_FROM_CLOSE_ONLY_PANEL,True,"HISTORICAL UK RETAIL, ISA, ACCOUNT AND BROKER ELIGIBILITY REMAIN PARTLY UNRESOLVED"
DD_04,2022-07-19,DAILY_WITH_LAST_WEEKLY_SIGNAL_ASOF,2022-07-15,False,2022-06-08,2022-07-06,2023-01-04,0.9958639601794688,-0.22822374039282678,GLOBAL_OIL_GAS,2022-02-01,2.0,16.0,-0.1879385822861337,-0.13134431905189947,-0.04245115102767394,0.2281647844125141,0.5771192001096821,-0.00548995083417022,109.373567227379,-0.004336063916773769,-0.037961937350552866,0.0790520106732171,0.5111058469151685,1.3929107428461212,NOT_AVAILABLE_NO_VALIDATED_HIGH_LOW_PANEL,0.47388294524858243,False,False,,NOT_DETERMINABLE_FROM_CLOSE_ONLY_PANEL,True,"HISTORICAL UK RETAIL, ISA, ACCOUNT AND BROKER ELIGIBILITY REMAIN PARTLY UNRESOLVED"
DD_04,2022-07-20,DAILY_WITH_LAST_WEEKLY_SIGNAL_ASOF,2022-07-15,False,2022-06-08,2022-07-06,2023-01-04,1.0190043675529339,-0.2102903501280956,GLOBAL_OIL_GAS,2022-02-01,2.0,16.0,-0.1879385822861337,-0.13134431905189947,-0.04245115102767394,0.2281647844125141,0.5771192001096821,-0.00548995083417022,111.91502771067081,0.017061473221435808,-0.015004649839242323,0.10298264695139037,0.5131882245043831,1.375221836445781,NOT_AVAILABLE_NO_VALIDATED_HIGH_LOW_PANEL,0.47388294524858243,False,False,,NOT_DETERMINABLE_FROM_CLOSE_ONLY_PANEL,True,"HISTORICAL UK RETAIL, ISA, ACCOUNT AND BROKER ELIGIBILITY REMAIN PARTLY UNRESOLVED"
DD_04,2022-07-21,DAILY_WITH_LAST_WEEKLY_SIGNAL_ASOF,2022-07-15,False,2022-06-08,2022-07-06,2023-01-04,1.0046793534645984,-0.2213919726729292,GLOBAL_OIL_GAS,2022-02-01,2.0,16.0,-0.1879385822861337,-0.13134431905189947,-0.04245115102767394,0.2281647844125141,0.5771192001096821,-0.00548995083417022,110.3417426495854,0.002511888934620954,-0.027751535054716614,0.08653134132766604,0.513409302826352,1.3152843521725512,NOT_AVAILABLE_NO_VALIDATED_HIGH_LOW_PANEL,0.47388294524858243,False,False,,NOT_DETERMINABLE_FROM_CLOSE_ONLY_PANEL,True,"HISTORICAL UK RETAIL, ISA, ACCOUNT AND BROKER ELIGIBILITY REMAIN PARTLY UNRESOLVED"
DD_04,2022-07-22,DAILY_WITH_LAST_WEEKLY_SIGNAL_ASOF,2022-07-22,True,2022-06-08,2022-07-06,2023-01-04,1.0148721519505295,-0.2134927412467975,GLOBAL_OIL_GAS,2022-02-01,2.0,14.0,-0.02568730092602467,-0.11235330063015214,-0.026627051583958616,0.22793824607280322,0.7058827021793541,-0.006692451987385105,111.46119548151157,0.011516447115269779,-0.017198342051517157,0.09649020046422607,0.5137384457505082,1.2691431647381395,NOT_AVAILABLE_NO_VALIDATED_HIGH_LOW_PANEL,0.47388294524858243,False,False,,NOT_DETERMINABLE_FROM_CLOSE_ONLY_PANEL,True,"HISTORICAL UK RETAIL, ISA, ACCOUNT AND BROKER ELIGIBILITY REMAIN PARTLY UNRESOLVED"
DD_04,2022-07-25,DAILY_WITH_LAST_WEEKLY_SIGNAL_ASOF,2022-07-22,False,2022-06-08,2022-07-06,2023-01-04,1.0315387548802273,-0.2005764304013664,GLOBAL_OIL_GAS,2022-02-01,2.0,14.0,-0.02568730092602467,-0.11235330063015214,-0.026627051583958616,0.22793824607280322,0.7058827021793541,-0.006692451987385105,113.29165213912053,0.025505635750723066,-0.0010169483795161582,0.11322889079131482,0.5068712040541883,1.2545761734070222,NOT_AVAILABLE_NO_VALIDATED_HIGH_LOW_PANEL,0.47388294524858243,False,False,,NOT_DETERMINABLE_FROM_CLOSE_ONLY_PANEL,True,"HISTORICAL UK RETAIL, ISA, ACCOUNT AND BROKER ELIGIBILITY REMAIN PARTLY UNRESOLVED"
DD_04,2022-07-26,DAILY_WITH_LAST_WEEKLY_SIGNAL_ASOF,2022-07-22,False,2022-06-08,2022-07-06,2023-01-04,1.0329161600810286,-0.19950896669513252,GLOBAL_OIL_GAS,2022-02-01,2.0,14.0,-0.02568730092602467,-0.11235330063015214,-0.026627051583958616,0.22793824607280322,0.7058827021793541,-0.006692451987385105,113.44292954884027,0.02437225869874271,0.00030455087081771026,0.1134444388676703,0.4902384988414826,1.2250556532083285,NOT_AVAILABLE_NO_VALIDATED_HIGH_LOW_PANEL,0.47388294524858243,False,False,,NOT_DETERMINABLE_FROM_CLOSE_ONLY_PANEL,True,"HISTORICAL UK RETAIL, ISA, ACCOUNT AND BROKER ELIGIBILITY REMAIN PARTLY UNRESOLVED"
DD_04,2022-07-27,DAILY_WITH_LAST_WEEKLY_SIGNAL_ASOF,2022-07-22,False,2022-06-08,2022-07-06,2023-01-04,1.0458637689685628,-0.1894748078565328,GLOBAL_OIL_GAS,2022-02-01,2.0,14.0,-0.02568730092602467,-0.11235330063015214,-0.026627051583958616,0.22793824607280322,0.7058827021793541,-0.006692451987385105,114.86493720020594,0.03371573106263592,0.012333499483909494,0.12597409940350546,0.47991209398117396,1.1651572526333267,NOT_AVAILABLE_NO_VALIDATED_HIGH_LOW_PANEL,0.47388294524858243,False,False,,NOT_DETERMINABLE_FROM_CLOSE_ONLY_PANEL,True,"HISTORICAL UK RETAIL, ISA, ACCOUNT AND BROKER ELIGIBILITY REMAIN PARTLY UNRESOLVED"
DD_04,2022-07-28,DAILY_WITH_LAST_WEEKLY_SIGNAL_ASOF,2022-07-22,False,2022-06-08,2022-07-06,2023-01-04,1.0568830105749745,-0.18093509820666098,GLOBAL_OIL_GAS,2022-02-01,2.0,14.0,-0.02568730092602467,-0.11235330063015214,-0.026627051583958616,0.22793824607280322,0.7058827021793541,-0.006692451987385105,116.07515647796393,0.04038801994171548,0.02207761299791433,0.13627895997510264,0.48020471637146717,1.1490352904362822,NOT_AVAILABLE_NO_VALIDATED_HIGH_LOW_PANEL,0.47388294524858243,False,False,,NOT_DETERMINABLE_FROM_CLOSE_ONLY_PANEL,True,"HISTORICAL UK RETAIL, ISA, ACCOUNT AND BROKER ELIGIBILITY REMAIN PARTLY UNRESOLVED"
DD_04,2022-07-29,DAILY_WITH_LAST_WEEKLY_SIGNAL_ASOF,2022-07-29,True,2022-06-08,2022-07-06,2023-01-04,1.0837424119906034,-0.1601195559350982,GLOBAL_OIL_GAS,2022-02-01,1.0,12.0,-0.000317804807851485,-0.11070297290049302,0.06825291169635328,0.2575215600511189,0.7807538558402478,-0.00604997446978781,119.02506596749906,0.06038606529063717,0.046081230546609175,0.16324450191484763,0.482511724434011,1.1376524981965392,NOT_AVAILABLE_NO_VALIDATED_HIGH_LOW_PANEL,0.47388294524858243,True,False,,NOT_DETERMINABLE_FROM_CLOSE_ONLY_PANEL,True,"HISTORICAL UK RETAIL, ISA, ACCOUNT AND BROKER ELIGIBILITY REMAIN PARTLY UNRESOLVED"
DD_04,2022-08-01,DAILY_WITH_LAST_WEEKLY_SIGNAL_ASOF,2022-07-29,False,2022-06-08,2022-07-06,2023-01-04,1.0486185793701654,-0.18733988044406502,GLOBAL_OIL_GAS,2022-02-01,1.0,12.0,-0.000317804807851485,-0.11070297290049302,0.06825291169635328,0.2575215600511189,0.7807538558402478,-0.00604997446978781,115.16749201964542,0.023598005589439586,0.01169483458767484,0.12413975659787702,0.484423591010601,1.1612863478186917,NOT_AVAILABLE_NO_VALIDATED_HIGH_LOW_PANEL,0.47388294524858243,True,False,,NOT_DETERMINABLE_FROM_CLOSE_ONLY_PANEL,True,"HISTORICAL UK RETAIL, ISA, ACCOUNT AND BROKER ELIGIBILITY REMAIN PARTLY UNRESOLVED"
DD_04,2022-08-02,DAILY_WITH_LAST_WEEKLY_SIGNAL_ASOF,2022-07-29,False,2022-06-08,2022-07-06,2023-01-04,1.0552301243340125,-0.18221605465414192,GLOBAL_OIL_GAS,2022-02-01,1.0,12.0,-0.000317804807851485,-0.11070297290049302,0.06825291169635328,0.2575215600511189,0.7807538558402478,-0.00604997446978781,115.89362358630021,0.027245380418094767,0.017352508620332108,0.1297522935062938,0.4830633443370969,1.1331802379737466,NOT_AVAILABLE_NO_VALIDATED_HIGH_LOW_PANEL,0.47388294524858243,True,False,,NOT_DETERMINABLE_FROM_CLOSE_ONLY_PANEL,True,"HISTORICAL UK RETAIL, ISA, ACCOUNT AND BROKER ELIGIBILITY REMAIN PARTLY UNRESOLVED"
DD_04,2022-08-03,DAILY_WITH_LAST_WEEKLY_SIGNAL_ASOF,2022-07-29,False,2022-06-08,2022-07-06,2023-01-04,1.0374615972436736,-0.1959863364645602,GLOBAL_OIL_GAS,2022-02-01,1.0,12.0,-0.000317804807851485,-0.11070297290049302,0.06825291169635328,0.2575215600511189,0.7807538558402478,-0.00604997446978781,113.94214500091545,0.009035533400153506,0.0002130857011526377,0.10950649000537438,0.4837234987795238,1.0021851390052074,NOT_AVAILABLE_NO_VALIDATED_HIGH_LOW_PANEL,0.47388294524858243,True,False,,NOT_DETERMINABLE_FROM_CLOSE_ONLY_PANEL,True,"HISTORICAL UK RETAIL, ISA, ACCOUNT AND BROKER ELIGIBILITY REMAIN PARTLY UNRESOLVED"
DD_04,2022-08-04,DAILY_WITH_LAST_WEEKLY_SIGNAL_ASOF,2022-07-29,False,2022-06-08,2022-07-06,2023-01-04,1.002613245663396,-0.22299316823228021,GLOBAL_OIL_GAS,2022-02-01,1.0,12.0,-0.000317804807851485,-0.11070297290049302,0.06825291169635328,0.2575215600511189,0.7807538558402478,-0.00604997446978781,110.11482653500578,-0.022649352702294068,-0.03211695474192666,0.07146799147100702,0.4862195310173378,0.9771410892249733,NOT_AVAILABLE_NO_VALIDATED_HIGH_LOW_PANEL,0.47388294524858243,True,False,,NOT_DETERMINABLE_FROM_CLOSE_ONLY_PANEL,True,"HISTORICAL UK RETAIL, ISA, ACCOUNT AND BROKER ELIGIBILITY REMAIN PARTLY UNRESOLVED"
DD_04,2022-08-05,DAILY_WITH_LAST_WEEKLY_SIGNAL_ASOF,2022-08-05,True,2022-06-08,2022-07-06,2023-01-04,1.0221723995147771,-0.20783518360375752,GLOBAL_OIL_GAS,2022-02-01,3.0,18.0,-0.003050161425658171,-0.22268047701338778,-0.11295914295802356,0.15920232633990006,0.6881584543433494,-0.004701082159782563,112.26296575302622,-0.003258357726019123,-0.01272289498193957,0.09136729105430841,0.484761162876414,0.8451293563210859,NOT_AVAILABLE_NO_VALIDATED_HIGH_LOW_PANEL,0.47388294524858243,False,True,GLOBAL_CLEAN_ENERGY,NOT_DETERMINABLE_FROM_CLOSE_ONLY_PANEL,True,"HISTORICAL UK RETAIL, ISA, ACCOUNT AND BROKER ELIGIBILITY REMAIN PARTLY UNRESOLVED"
DD_04,2022-08-08,DAILY_WITH_LAST_WEEKLY_SIGNAL_ASOF,2022-08-05,False,2022-06-08,2022-07-06,2023-01-04,1.0432466990870395,-0.1915029888983777,GLOBAL_OIL_GAS,2022-02-01,3.0,18.0,-0.003050161425658171,-0.22268047701338778,-0.11295914295802356,0.15920232633990006,0.6881584543433494,-0.004701082159782563,114.57751012173837,0.015694993145974667,0.007330475855849894,0.11260759014977939,0.4642347953617456,0.8592946714567739,NOT_AVAILABLE_NO_VALIDATED_HIGH_LOW_PANEL,0.47388294524858243,False,True,GLOBAL_CLEAN_ENERGY,NOT_DETERMINABLE_FROM_CLOSE_ONLY_PANEL,True,"HISTORICAL UK RETAIL, ISA, ACCOUNT AND BROKER ELIGIBILITY REMAIN PARTLY UNRESOLVED"
DD_04,2022-08-09,DAILY_WITH_LAST_WEEKLY_SIGNAL_ASOF,2022-08-05,False,2022-06-08,2022-07-06,2023-01-04,1.0483430983300048,-0.18755337318531207,GLOBAL_OIL_GAS,2022-02-01,3.0,18.0,-0.003050161425658171,-0.22268047701338778,-0.11295914295802356,0.15920232633990006,0.6881584543433494,-0.004701082159782563,115.13723653770144,0.01874370920790991,0.011765319111043837,0.1167311638772075,0.4637999460420765,0.8511291327577428,NOT_AVAILABLE_NO_VALIDATED_HIGH_LOW_PANEL,0.47388294524858243,False,True,GLOBAL_CLEAN_ENERGY,NOT_DETERMINABLE_FROM_CLOSE_ONLY_PANEL,True,"HISTORICAL UK RETAIL, ISA, ACCOUNT AND BROKER ELIGIBILITY REMAIN PARTLY UNRESOLVED"
DD_04,2022-08-10,DAILY_WITH_LAST_WEEKLY_SIGNAL_ASOF,2022-08-05,False,2022-06-08,2022-07-06,2023-01-04,1.0393899645247955,-0.19449188727583278,GLOBAL_OIL_GAS,2022-02-01,3.0,18.0,-0.003050161425658171,-0.22268047701338778,-0.11295914295802356,0.15920232633990006,0.6881584543433494,-0.004701082159782563,114.15393337452308,0.009122000583289047,0.0030016695046424235,0.10601429517924066,0.45625265623353617,0.8165602457363962,NOT_AVAILABLE_NO_VALIDATED_HIGH_LOW_PANEL,0.47388294524858243,False,True,GLOBAL_CLEAN_ENERGY,NOT_DETERMINABLE_FROM_CLOSE_ONLY_PANEL,True,"HISTORICAL UK RETAIL, ISA, ACCOUNT AND BROKER ELIGIBILITY REMAIN PARTLY UNRESOLVED"
DD_04,2022-08-11,DAILY_WITH_LAST_WEEKLY_SIGNAL_ASOF,2022-08-05,False,2022-06-08,2022-07-06,2023-01-04,1.0775440885869962,-0.16492314261315144,GLOBAL_OIL_GAS,2022-02-01,3.0,18.0,-0.003050161425658171,-0.22268047701338778,-0.11295914295802356,0.15920232633990006,0.6881584543433494,-0.004701082159782563,118.34431762376013,0.041792823394952494,0.03819882457702084,0.14494378053543477,0.45716919384893323,0.859444732420151,NOT_AVAILABLE_NO_VALIDATED_HIGH_LOW_PANEL,0.47388294524858243,False,True,GLOBAL_CLEAN_ENERGY,NOT_DETERMINABLE_FROM_CLOSE_ONLY_PANEL,True,"HISTORICAL UK RETAIL, ISA, ACCOUNT AND BROKER ELIGIBILITY REMAIN PARTLY UNRESOLVED"
DD_04,2022-08-12,DAILY_WITH_LAST_WEEKLY_SIGNAL_ASOF,2022-08-12,True,2022-06-08,2022-07-06,2023-01-04,1.0911804000749308,-0.15435525192143507,GLOBAL_OIL_GAS,2022-02-01,4.0,14.0,0.07337437981870898,-0.16532391185788997,-0.04928680474175917,0.2061822866806171,0.7739809929536559,-0.0018000352799989394,119.84196397998564,0.04973027478603087,0.04922489691737031,0.15759662518431417,0.45210204381971203,0.7778806475030728,NOT_AVAILABLE_NO_VALIDATED_HIGH_LOW_PANEL,0.47388294524858243,False,False,,NOT_DETERMINABLE_FROM_CLOSE_ONLY_PANEL,True,"HISTORICAL UK RETAIL, ISA, ACCOUNT AND BROKER ELIGIBILITY REMAIN PARTLY UNRESOLVED"
DD_04,2022-08-15,DAILY_WITH_LAST_WEEKLY_SIGNAL_ASOF,2022-08-12,False,2022-06-08,2022-07-06,2023-01-04,1.0786460127476374,-0.16406917164816437,GLOBAL_OIL_GAS,2022-02-01,4.0,14.0,0.07337437981870898,-0.16532391185788997,-0.04928680474175917,0.2061822866806171,0.7739809929536559,-0.0018000352799989394,118.46533955153592,0.03413040801487832,0.035662722058420915,0.14265866939318106,0.4501710398734825,0.7666904380919639,NOT_AVAILABLE_NO_VALIDATED_HIGH_LOW_PANEL,0.47388294524858243,False,False,,NOT_DETERMINABLE_FROM_CLOSE_ONLY_PANEL,True,"HISTORICAL UK RETAIL, ISA, ACCOUNT AND BROKER ELIGIBILITY REMAIN PARTLY UNRESOLVED"
DD_04,2022-08-16,DAILY_WITH_LAST_WEEKLY_SIGNAL_ASOF,2022-08-12,False,2022-06-08,2022-07-06,2023-01-04,1.0764421644263549,-0.16577711357813885,GLOBAL_OIL_GAS,2022-02-01,4.0,14.0,0.07337437981870898,-0.16532391185788997,-0.04928680474175917,0.2061822866806171,0.7739809929536559,-0.0018000352799989394,118.22329569598432,0.029022354470289446,0.03218879268449082,0.13873406513248865,0.44990926917044605,0.7262680970621939,NOT_AVAILABLE_NO_VALIDATED_HIGH_LOW_PANEL,0.47388294524858243,False,False,,NOT_DETERMINABLE_FROM_CLOSE_ONLY_PANEL,True,"HISTORICAL UK RETAIL, ISA, ACCOUNT AND BROKER ELIGIBILITY REMAIN PARTLY UNRESOLVED"
DD_04,2022-08-17,DAILY_WITH_LAST_WEEKLY_SIGNAL_ASOF,2022-08-12,False,2022-06-08,2022-07-06,2023-01-04,1.0871859249926066,-0.15745089666951362,GLOBAL_OIL_GAS,2022-02-01,4.0,14.0,0.07337437981870898,-0.16532391185788997,-0.04928680474175917,0.2061822866806171,0.7739809929536559,-0.0018000352799989394,119.40325949179837,0.035593608867406035,0.040756647189789996,0.1483844049907319,0.4475302504018573,0.7267020135821616,NOT_AVAILABLE_NO_VALIDATED_HIGH_LOW_PANEL,0.47388294524858243,False,False,,NOT_DETERMINABLE_FROM_CLOSE_ONLY_PANEL,True,"HISTORICAL UK RETAIL, ISA, ACCOUNT AND BROKER ELIGIBILITY REMAIN PARTLY UNRESOLVED"
DD_04,2022-08-18,DAILY_WITH_LAST_WEEKLY_SIGNAL_ASOF,2022-08-12,False,2022-06-08,2022-07-06,2023-01-04,1.1308496698580133,-0.12361229718189626,GLOBAL_OIL_GAS,2022-02-01,4.0,14.0,0.07337437981870898,-0.16532391185788997,-0.04928680474175917,0.2061822866806171,0.7739809929536559,-0.0018000352799989394,124.19875337991442,0.06967951908494197,0.07906225114629217,0.19219865228714283,0.453942944264441,0.7740697753413504,NOT_AVAILABLE_NO_VALIDATED_HIGH_LOW_PANEL,0.47388294524858243,False,False,,NOT_DETERMINABLE_FROM_CLOSE_ONLY_PANEL,True,"HISTORICAL UK RETAIL, ISA, ACCOUNT AND BROKER ELIGIBILITY REMAIN PARTLY UNRESOLVED"
DD_04,2022-08-19,DAILY_WITH_LAST_WEEKLY_SIGNAL_ASOF,2022-08-19,True,2022-06-08,2022-07-06,2023-01-04,1.1550920013921193,-0.10482493595217812,GLOBAL_OIL_GAS,2022-02-01,4.0,8.0,0.07829058337695538,0.0043342440801454885,-0.047408484848485366,0.2302503335239161,1.020152179691653,-7.54830318215555e-05,126.86123579098201,0.08348848923862517,0.09779485316097913,0.21512329725642299,0.4557398626818716,0.7657712583554775,NOT_AVAILABLE_NO_VALIDATED_HIGH_LOW_PANEL,0.47388294524858243,False,False,,NOT_DETERMINABLE_FROM_CLOSE_ONLY_PANEL,True,"HISTORICAL UK RETAIL, ISA, ACCOUNT AND BROKER ELIGIBILITY REMAIN PARTLY UNRESOLVED"
DD_04,2022-08-22,DAILY_WITH_LAST_WEEKLY_SIGNAL_ASOF,2022-08-19,False,2022-06-08,2022-07-06,2023-01-04,1.1542655582716383,-0.10546541417591859,GLOBAL_OIL_GAS,2022-02-01,4.0,8.0,0.07829058337695538,0.0043342440801454885,-0.047408484848485366,0.2302503335239161,1.020152179691653,-7.54830318215555e-05,126.77046934515015,0.07463269580490572,0.09285187900067937,0.2116707668248201,0.45366443783295374,0.7678365595329941,NOT_AVAILABLE_NO_VALIDATED_HIGH_LOW_PANEL,0.47388294524858243,False,False,,NOT_DETERMINABLE_FROM_CLOSE_ONLY_PANEL,True,"HISTORICAL UK RETAIL, ISA, ACCOUNT AND BROKER ELIGIBILITY REMAIN PARTLY UNRESOLVED"
DD_04,2022-08-23,DAILY_WITH_LAST_WEEKLY_SIGNAL_ASOF,2022-08-19,False,2022-06-08,2022-07-06,2023-01-04,1.2046785886209725,-0.06639624252775456,GLOBAL_OIL_GAS,2022-02-01,4.0,8.0,0.07829058337695538,0.0043342440801454885,-0.047408484848485366,0.2302503335239161,1.020152179691653,-7.54830318215555e-05,132.307222540893,0.10930808551790516,0.13432903452329326,0.2612703888036447,0.46148114114419053,0.8292017190050719,NOT_AVAILABLE_NO_VALIDATED_HIGH_LOW_PANEL,0.47388294524858243,False,False,,NOT_DETERMINABLE_FROM_CLOSE_ONLY_PANEL,True,"HISTORICAL UK RETAIL, ISA, ACCOUNT AND BROKER ELIGIBILITY REMAIN PARTLY UNRESOLVED"
DD_04,2022-08-24,DAILY_WITH_LAST_WEEKLY_SIGNAL_ASOF,2022-08-19,False,2022-06-08,2022-07-06,2023-01-04,1.203301183420171,-0.06746370623398856,GLOBAL_OIL_GAS,2022-02-01,4.0,8.0,0.07829058337695538,0.0043342440801454885,-0.047408484848485366,0.2302503335239161,1.020152179691653,-7.54830318215555e-05,132.15594513117324,0.09726263832437132,0.12715177816119505,0.2565795721475994,0.4579874514721196,0.8309400696711503,NOT_AVAILABLE_NO_VALIDATED_HIGH_LOW_PANEL,0.47388294524858243,False,False,,NOT_DETERMINABLE_FROM_CLOSE_ONLY_PANEL,True,"HISTORICAL UK RETAIL, ISA, ACCOUNT AND BROKER ELIGIBILITY REMAIN PARTLY UNRESOLVED"
DD_04,2022-08-25,DAILY_WITH_LAST_WEEKLY_SIGNAL_ASOF,2022-08-19,False,2022-06-08,2022-07-06,2023-01-04,1.2250641855928344,-0.050597779675491505,GLOBAL_OIL_GAS,2022-02-01,4.0,8.0,0.07829058337695538,0.0043342440801454885,-0.047408484848485366,0.2302503335239161,1.020152179691653,-7.54830318215555e-05,134.5461282047453,0.10534018445597537,0.14093632296028025,0.2757606211551491,0.4531281645273551,0.8349241255160491,NOT_AVAILABLE_NO_VALIDATED_HIGH_LOW_PANEL,0.47388294524858243,False,False,,NOT_DETERMINABLE_FROM_CLOSE_ONLY_PANEL,True,"HISTORICAL UK RETAIL, ISA, ACCOUNT AND BROKER ELIGIBILITY REMAIN PARTLY UNRESOLVED"
DD_04,2022-08-26,DAILY_WITH_LAST_WEEKLY_SIGNAL_ASOF,2022-08-26,True,2022-06-08,2022-07-06,2023-01-04,1.22093196999043,-0.053800170794193525,GLOBAL_OIL_GAS,2022-02-01,4.0,7.0,0.11183737072424904,0.07960558661936101,-0.014523852339804466,0.29055134682461414,1.0745921159411824,0.002326807081828104,134.09229597558604,0.09152887610822869,0.13100758446525296,0.2680323609002133,0.45321135128114515,0.839918893259671,NOT_AVAILABLE_NO_VALIDATED_HIGH_LOW_PANEL,0.47388294524858243,False,False,,NOT_DETERMINABLE_FROM_CLOSE_ONLY_PANEL,True,"HISTORICAL UK RETAIL, ISA, ACCOUNT AND BROKER ELIGIBILITY REMAIN PARTLY UNRESOLVED"
DD_04,2022-08-30,DAILY_WITH_LAST_WEEKLY_SIGNAL_ASOF,2022-08-26,False,2022-06-08,2022-07-06,2023-01-04,1.2035766644603312,-0.06725021349274185,GLOBAL_OIL_GAS,2022-02-01,4.0,7.0,0.11183737072424904,0.07960558661936101,-0.014523852339804466,0.29055134682461414,1.0745921159411824,0.002326807081828104,132.1862006131172,0.06862849456407827,0.10992800208524822,0.24690568377517552,,,NOT_AVAILABLE_NO_VALIDATED_HIGH_LOW_PANEL,0.47388294524858243,False,False,,NOT_DETERMINABLE_FROM_CLOSE_ONLY_PANEL,True,"HISTORICAL UK RETAIL, ISA, ACCOUNT AND BROKER ELIGIBILITY REMAIN PARTLY UNRESOLVED"
DD_04,2022-08-31,DAILY_WITH_LAST_WEEKLY_SIGNAL_ASOF,2022-08-26,False,2022-06-08,2022-07-06,2023-01-04,1.2082598421430564,-0.06362083689154618,GLOBAL_OIL_GAS,2022-02-01,4.0,7.0,0.11183737072424904,0.07960558661936101,-0.014523852339804466,0.29055134682461414,1.0745921159411824,0.002326807081828104,132.70054380616435,0.06573465635948006,0.10927693214069767,0.24862957818549725,0.45111387655627744,0.8236754694983367,NOT_AVAILABLE_NO_VALIDATED_HIGH_LOW_PANEL,0.47388294524858243,False,False,,NOT_DETERMINABLE_FROM_CLOSE_ONLY_PANEL,True,"HISTORICAL UK RETAIL, ISA, ACCOUNT AND BROKER ELIGIBILITY REMAIN PARTLY UNRESOLVED"
DD_04,2022-09-01,DAILY_WITH_LAST_WEEKLY_SIGNAL_ASOF,2022-08-26,False,2022-06-08,2022-07-06,2023-01-04,1.1774660563125166,-0.0874854547487437,GLOBAL_INFRASTRUCTURE,2022-09-01,3.0,10.0,0.011828797234010091,0.01078916358663573,0.024450695988476046,0.1325545855712189,0.17509583857235977,-0.000273195516150594,201.85540207525662,0.004955694396842292,0.02874963075802195,0.08988196934143255,0.14672353129541504,0.6135433850383414,NOT_AVAILABLE_NO_VALIDATED_HIGH_LOW_PANEL,0.0,False,False,,NOT_DETERMINABLE_FROM_CLOSE_ONLY_PANEL,True,"HISTORICAL UK RETAIL, ISA, ACCOUNT AND BROKER ELIGIBILITY REMAIN PARTLY UNRESOLVED"
DD_04,2022-09-02,DAILY_WITH_LAST_WEEKLY_SIGNAL_ASOF,2022-09-02,True,2022-06-08,2022-07-06,2023-01-04,1.1870271361264786,-0.08007579367887685,GLOBAL_INFRASTRUCTURE,2022-09-01,1.0,7.0,0.027559524048742512,0.003783685590330821,0.022437475549780483,0.12484407786191865,0.17536407511065955,0.00027695651446715765,203.49447744373475,0.011909419615232508,0.03559630813559078,0.09765352019437534,0.1468820455664458,0.6296773848459467,NOT_AVAILABLE_NO_VALIDATED_HIGH_LOW_PANEL,0.008120047081360937,True,False,,NOT_DETERMINABLE_FROM_CLOSE_ONLY_PANEL,True,"HISTORICAL UK RETAIL, ISA, ACCOUNT AND BROKER ELIGIBILITY REMAIN PARTLY UNRESOLVED"
DD_04,2022-09-05,DAILY_WITH_LAST_WEEKLY_SIGNAL_ASOF,2022-09-02,False,2022-06-08,2022-07-06,2023-01-04,1.1767385837529305,-0.08804923260742126,GLOBAL_INFRASTRUCTURE,2022-09-01,1.0,7.0,0.027559524048742512,0.003783685590330821,0.022437475549780483,0.12484407786191865,0.17536407511065955,0.00027695651446715765,201.73068997402302,0.002852549030953666,0.02554967702362365,0.08718613894911176,0.14608237522054912,0.6856721331822369,NOT_AVAILABLE_NO_VALIDATED_HIGH_LOW_PANEL,0.008120047081360937,True,False,,NOT_DETERMINABLE_FROM_CLOSE_ONLY_PANEL,True,"HISTORICAL UK RETAIL, ISA, ACCOUNT AND BROKER ELIGIBILITY REMAIN PARTLY UNRESOLVED"
DD_04,2022-09-06,DAILY_WITH_LAST_WEEKLY_SIGNAL_ASOF,2022-09-02,False,2022-06-08,2022-07-06,2023-01-04,1.1758032797225633,-0.0887740760348531,GLOBAL_INFRASTRUCTURE,2022-09-01,1.0,7.0,0.027559524048742512,0.003783685590330821,0.022437475549780483,0.12484407786191865,0.17536407511065955,0.00027695651446715765,201.57034890083435,0.0018682457912293504,0.02374153117293143,0.08538974471374927,0.14513961535255807,0.6725173029962135,NOT_AVAILABLE_NO_VALIDATED_HIGH_LOW_PANEL,0.008120047081360937,True,False,,NOT_DETERMINABLE_FROM_CLOSE_ONLY_PANEL,True,"HISTORICAL UK RETAIL, ISA, ACCOUNT AND BROKER ELIGIBILITY REMAIN PARTLY UNRESOLVED"
DD_04,2022-09-07,DAILY_WITH_LAST_WEEKLY_SIGNAL_ASOF,2022-09-02,False,2022-06-08,2022-07-06,2023-01-04,1.1888977441872128,-0.07862610682401328,GLOBAL_INFRASTRUCTURE,2022-09-01,1.0,7.0,0.027559524048742512,0.003783685590330821,0.022437475549780483,0.12484407786191865,0.17536407511065955,0.00027695651446715765,203.81515959011205,0.011827506567702706,0.03371793606016871,0.09641387120733058,0.14631919695588277,0.6689263237105876,NOT_AVAILABLE_NO_VALIDATED_HIGH_LOW_PANEL,0.009708719681055467,True,False,,NOT_DETERMINABLE_FROM_CLOSE_ONLY_PANEL,True,"HISTORICAL UK RETAIL, ISA, ACCOUNT AND BROKER ELIGIBILITY REMAIN PARTLY UNRESOLVED"
DD_04,2022-09-08,DAILY_WITH_LAST_WEEKLY_SIGNAL_ASOF,2022-09-02,False,2022-06-08,2022-07-06,2023-01-04,1.198043119451711,-0.0715386091370136,GLOBAL_INFRASTRUCTURE,2022-09-01,1.0,7.0,0.027559524048742512,0.003783685590330821,0.022437475549780483,0.12484407786191865,0.17536407511065955,0.00027695651446715765,205.38296988175276,0.017796274516519883,0.03997020131023854,0.10369638693697492,0.14345872559577325,0.6630949416529612,NOT_AVAILABLE_NO_VALIDATED_HIGH_LOW_PANEL,0.017475716627989746,True,False,,NOT_DETERMINABLE_FROM_CLOSE_ONLY_PANEL,True,"HISTORICAL UK RETAIL, ISA, ACCOUNT AND BROKER ELIGIBILITY REMAIN PARTLY UNRESOLVED"
DD_04,2022-09-09,DAILY_WITH_LAST_WEEKLY_SIGNAL_ASOF,2022-09-09,True,2022-06-08,2022-07-06,2023-01-04,1.19783528798093,-0.07169967470576766,GLOBAL_INFRASTRUCTURE,2022-09-01,2.0,11.0,0.02348396617349957,0.012922078177077578,0.007083004617493893,0.07345591392559747,0.1732450310676863,0.0006296537008563526,205.3473409097977,0.015992303210718317,0.03816984805657042,0.10236959220008757,0.14050877409270185,0.6667348150877864,NOT_AVAILABLE_NO_VALIDATED_HIGH_LOW_PANEL,0.017475716627989746,False,False,,NOT_DETERMINABLE_FROM_CLOSE_ONLY_PANEL,True,"HISTORICAL UK RETAIL, ISA, ACCOUNT AND BROKER ELIGIBILITY REMAIN PARTLY UNRESOLVED"
DD_04,2022-09-12,DAILY_WITH_LAST_WEEKLY_SIGNAL_ASOF,2022-09-09,False,2022-06-08,2022-07-06,2023-01-04,1.2013687142395195,-0.06896133431943563,GLOBAL_INFRASTRUCTURE,2022-09-01,2.0,11.0,0.02348396617349957,0.012922078177077578,0.007083004617493893,0.07345591392559747,0.1732450310676863,0.0006296537008563526,205.9530833635246,0.01723326942863035,0.03955138120057855,0.10446066641816798,0.13389492355012148,0.6589451972124847,NOT_AVAILABLE_NO_VALIDATED_HIGH_LOW_PANEL,0.02030008236658576,False,False,,NOT_DETERMINABLE_FROM_CLOSE_ONLY_PANEL,True,"HISTORICAL UK RETAIL, ISA, ACCOUNT AND BROKER ELIGIBILITY REMAIN PARTLY UNRESOLVED"
DD_04,2022-09-13,DAILY_WITH_LAST_WEEKLY_SIGNAL_ASOF,2022-09-09,False,2022-06-08,2022-07-06,2023-01-04,1.1997059376495662,-0.07024995560554514,GLOBAL_INFRASTRUCTURE,2022-09-01,2.0,11.0,0.02348396617349957,0.012922078177077578,0.007083004617493893,0.07345591392559747,0.1732450310676863,0.0006296537008563526,205.66803018910232,0.014366012900234315,0.03656331234553756,0.10180355091511362,0.13230855936351904,0.6661372743338166,NOT_AVAILABLE_NO_VALIDATED_HIGH_LOW_PANEL,0.02030008236658576,False,False,,NOT_DETERMINABLE_FROM_CLOSE_ONLY_PANEL,True,"HISTORICAL UK RETAIL, ISA, ACCOUNT AND BROKER ELIGIBILITY REMAIN PARTLY UNRESOLVED"
DD_04,2022-09-14,DAILY_WITH_LAST_WEEKLY_SIGNAL_ASOF,2022-09-09,False,2022-06-08,2022-07-06,2023-01-04,1.1824544276902784,-0.08361955864505621,GLOBAL_INFRASTRUCTURE,2022-09-01,2.0,11.0,0.02348396617349957,0.012922078177077578,0.007083004617493893,0.07345591392559747,0.1732450310676863,0.0006296537008563526,202.7105687314507,-0.00020032158369587272,0.020790775851921905,0.08503180442503644,0.13545968003446357,0.747031448257212,NOT_AVAILABLE_NO_VALIDATED_HIGH_LOW_PANEL,0.02030008236658576,False,False,,NOT_DETERMINABLE_FROM_CLOSE_ONLY_PANEL,True,"HISTORICAL UK RETAIL, ISA, ACCOUNT AND BROKER ELIGIBILITY REMAIN PARTLY UNRESOLVED"
DD_04,2022-09-15,DAILY_WITH_LAST_WEEKLY_SIGNAL_ASOF,2022-09-09,False,2022-06-08,2022-07-06,2023-01-04,1.1803759465508614,-0.08523034331403279,GLOBAL_INFRASTRUCTURE,2022-09-01,2.0,11.0,0.02348396617349957,0.012922078177077578,0.007083004617493893,0.07345591392559747,0.1732450310676863,0.0006296537008563526,202.35425048019107,-0.0017800785928855367,0.018237916187699543,0.08222944674743382,0.11935894065669755,0.7467515781965968,NOT_AVAILABLE_NO_VALIDATED_HIGH_LOW_PANEL,0.02030008236658576,False,False,,NOT_DETERMINABLE_FROM_CLOSE_ONLY_PANEL,True,"HISTORICAL UK RETAIL, ISA, ACCOUNT AND BROKER ELIGIBILITY REMAIN PARTLY UNRESOLVED"
DD_04,2022-09-16,DAILY_WITH_LAST_WEEKLY_SIGNAL_ASOF,2022-09-16,True,2022-06-08,2022-07-06,2023-01-04,1.1642676137006236,-0.09771400511199912,GLOBAL_INFRASTRUCTURE,2022-09-01,3.0,6.0,0.026110723980097506,0.022806152051965567,0.03267308756545151,0.09381560671141931,0.1887358022445076,0.0009537899023514864,199.59276620061044,-0.014021968515839145,0.0041712512001466084,0.06674444689394599,0.12329113586869472,0.8082748047074679,NOT_AVAILABLE_NO_VALIDATED_HIGH_LOW_PANEL,0.02030008236658576,False,False,,NOT_DETERMINABLE_FROM_CLOSE_ONLY_PANEL,True,"HISTORICAL UK RETAIL, ISA, ACCOUNT AND BROKER ELIGIBILITY REMAIN PARTLY UNRESOLVED"
DD_04,2022-09-20,DAILY_WITH_LAST_WEEKLY_SIGNAL_ASOF,2022-09-16,False,2022-06-08,2022-07-06,2023-01-04,1.158136065213812,-0.10246584245723112,GLOBAL_INFRASTRUCTURE,2022-09-01,3.0,6.0,0.026110723980097506,0.022806152051965567,0.03267308756545151,0.09381560671141931,0.1887358022445076,0.0009537899023514864,198.54162236634536,-0.017498352259723293,-0.001073395862012383,0.06048148841027823,,,NOT_AVAILABLE_NO_VALIDATED_HIGH_LOW_PANEL,0.02030008236658576,False,False,,NOT_DETERMINABLE_FROM_CLOSE_ONLY_PANEL,True,"HISTORICAL UK RETAIL, ISA, ACCOUNT AND BROKER ELIGIBILITY REMAIN PARTLY UNRESOLVED"
DD_04,2022-09-21,DAILY_WITH_LAST_WEEKLY_SIGNAL_ASOF,2022-09-16,False,2022-06-08,2022-07-06,2023-01-04,1.1737247569752443,-0.09038489294918872,GLOBAL_INFRASTRUCTURE,2022-09-01,3.0,6.0,0.026110723980097506,0.022806152051965567,0.03267308756545151,0.09381560671141931,0.1887358022445076,0.0009537899023514864,201.2140235166474,-0.0038867165278401172,0.011881358366754968,0.07395688425791636,0.12530763736589207,0.8692032773348563,NOT_AVAILABLE_NO_VALIDATED_HIGH_LOW_PANEL,0.02030008236658576,False,False,,NOT_DETERMINABLE_FROM_CLOSE_ONLY_PANEL,True,"HISTORICAL UK RETAIL, ISA, ACCOUNT AND BROKER ELIGIBILITY REMAIN PARTLY UNRESOLVED"
DD_04,2022-09-22,DAILY_WITH_LAST_WEEKLY_SIGNAL_ASOF,2022-09-16,False,2022-06-08,2022-07-06,2023-01-04,1.1554340480541498,-0.10455985607782914,GLOBAL_INFRASTRUCTURE,2022-09-01,3.0,6.0,0.026110723980097506,0.022806152051965567,0.03267308756545151,0.09381560671141931,0.1887358022445076,0.0009537899023514864,198.07841006629326,-0.017676300679748236,-0.0037353957435961593,0.056619306223244736,0.12992437436563717,0.9315853377713296,NOT_AVAILABLE_NO_VALIDATED_HIGH_LOW_PANEL,0.02030008236658576,False,False,,NOT_DETERMINABLE_FROM_CLOSE_ONLY_PANEL,True,"HISTORICAL UK RETAIL, ISA, ACCOUNT AND BROKER ELIGIBILITY REMAIN PARTLY UNRESOLVED"
DD_04,2022-09-23,DAILY_WITH_LAST_WEEKLY_SIGNAL_ASOF,2022-09-23,True,2022-06-08,2022-07-06,2023-01-04,1.161669491472401,-0.09972750207089942,GLOBAL_INFRASTRUCTURE,2022-09-01,4.0,6.0,0.014114291726797568,0.028102793572106544,0.03368920794742469,0.1210022208562187,0.19142426165485915,0.0008378408793127317,199.1473648200722,-0.011262733163115879,0.001576612842323355,0.06166313115617239,0.12998866929868305,0.9033107231136231,NOT_AVAILABLE_NO_VALIDATED_HIGH_LOW_PANEL,0.02030008236658576,False,False,,NOT_DETERMINABLE_FROM_CLOSE_ONLY_PANEL,True,"HISTORICAL UK RETAIL, ISA, ACCOUNT AND BROKER ELIGIBILITY REMAIN PARTLY UNRESOLVED"
DD_04,2022-09-26,DAILY_WITH_LAST_WEEKLY_SIGNAL_ASOF,2022-09-23,False,2022-06-08,2022-07-06,2023-01-04,1.16728144047831,-0.09537834477023155,GLOBAL_INFRASTRUCTURE,2022-09-01,4.0,6.0,0.014114291726797568,0.028102793572106544,0.03368920794742469,0.1210022208562187,0.19142426165485915,0.0008378408793127317,200.10943265798608,-0.005900032053302917,0.006162038406816173,0.06608344059899207,0.12909395053932424,0.91538456301571,NOT_AVAILABLE_NO_VALIDATED_HIGH_LOW_PANEL,0.02030008236658576,False,False,,NOT_DETERMINABLE_FROM_CLOSE_ONLY_PANEL,True,"HISTORICAL UK RETAIL, ISA, ACCOUNT AND BROKER ELIGIBILITY REMAIN PARTLY UNRESOLVED"
DD_04,2022-09-27,DAILY_WITH_LAST_WEEKLY_SIGNAL_ASOF,2022-09-23,False,2022-06-08,2022-07-06,2023-01-04,1.1458729682401878,-0.11196951714769598,GLOBAL_INFRASTRUCTURE,2022-09-01,4.0,6.0,0.014114291726797568,0.028102793572106544,0.03368920794742469,0.1210022208562187,0.19142426165485915,0.0008378408793127317,196.43933469781513,-0.02198666927357129,-0.01181510894577964,0.04604667142536001,0.1328706340360892,0.9751660221237732,NOT_AVAILABLE_NO_VALIDATED_HIGH_LOW_PANEL,0.02030008236658576,False,False,,NOT_DETERMINABLE_FROM_CLOSE_ONLY_PANEL,True,"HISTORICAL UK RETAIL, ISA, ACCOUNT AND BROKER ELIGIBILITY REMAIN PARTLY UNRESOLVED"
DD_04,2022-09-28,DAILY_WITH_LAST_WEEKLY_SIGNAL_ASOF,2022-09-23,False,2022-06-08,2022-07-06,2023-01-04,1.1531476938360496,-0.10633173856091893,GLOBAL_INFRASTRUCTURE,2022-09-01,4.0,6.0,0.014114291726797568,0.028102793572106544,0.03368920794742469,0.1210022208562187,0.19142426165485915,0.0008378408793127317,197.68645571015122,-0.01436389593452203,-0.005325330948662055,0.052136048936320734,0.13282858951724277,0.9768362364396629,NOT_AVAILABLE_NO_VALIDATED_HIGH_LOW_PANEL,0.02030008236658576,False,False,,NOT_DETERMINABLE_FROM_CLOSE_ONLY_PANEL,True,"HISTORICAL UK RETAIL, ISA, ACCOUNT AND BROKER ELIGIBILITY REMAIN PARTLY UNRESOLVED"
DD_04,2022-09-29,DAILY_WITH_LAST_WEEKLY_SIGNAL_ASOF,2022-09-23,False,2022-06-08,2022-07-06,2023-01-04,1.104718800353897,-0.14386324061651523,GLOBAL_INFRASTRUCTURE,2022-09-01,4.0,6.0,0.014114291726797568,0.028102793572106544,0.03368920794742469,0.1210022208562187,0.19142426165485915,0.0008378408793127317,189.38419195189547,-0.050947139435827515,-0.04533553526925971,0.007869634096844935,0.15601085296165126,1.3907616494654804,NOT_AVAILABLE_NO_VALIDATED_HIGH_LOW_PANEL,0.02030008236658576,False,False,,NOT_DETERMINABLE_FROM_CLOSE_ONLY_PANEL,True,"HISTORICAL UK RETAIL, ISA, ACCOUNT AND BROKER ELIGIBILITY REMAIN PARTLY UNRESOLVED"
DD_04,2022-09-30,DAILY_WITH_LAST_WEEKLY_SIGNAL_ASOF,2022-09-30,True,2022-06-08,2022-07-06,2023-01-04,1.0855966823338752,-0.15868253051088965,GLOBAL_INFRASTRUCTURE,2022-09-01,4.0,18.0,-0.037530624835194315,-0.014554605963315259,-0.047963989756745984,0.06549526514373816,0.14631309573558293,0.000561886322737069,186.10604834786656,-0.06162724696766042,-0.059578927847927066,-0.009481693471643404,0.15935434355349135,1.426056176759793,NOT_AVAILABLE_NO_VALIDATED_HIGH_LOW_PANEL,0.02030008236658576,False,False,,NOT_DETERMINABLE_FROM_CLOSE_ONLY_PANEL,True,"HISTORICAL UK RETAIL, ISA, ACCOUNT AND BROKER ELIGIBILITY REMAIN PARTLY UNRESOLVED"
DD_04,2022-10-03,DAILY_WITH_LAST_WEEKLY_SIGNAL_ASOF,2022-09-30,False,2022-06-08,2022-07-06,2023-01-04,1.0828785010881328,-0.1607890710010138,GLOBAL_OIL_GAS,2022-10-03,1.0,1.0,-0.03571971424228637,0.09829677306361795,0.094502435629783,0.20633167678998499,0.620904836193445,0.0036646124094549364,127.34532350208517,0.00244313770084581,0.01987837776342327,0.1492393658204325,0.38583218715884987,0.9247335001988829,NOT_AVAILABLE_NO_VALIDATED_HIGH_LOW_PANEL,0.0,True,False,,NOT_DETERMINABLE_FROM_CLOSE_ONLY_PANEL,True,"HISTORICAL UK RETAIL, ISA, ACCOUNT AND BROKER ELIGIBILITY REMAIN PARTLY UNRESOLVED"
DD_04,2022-10-04,DAILY_WITH_LAST_WEEKLY_SIGNAL_ASOF,2022-09-30,False,2022-06-08,2022-07-06,2023-01-04,1.1245573600038554,-0.12848872163113145,GLOBAL_OIL_GAS,2022-10-03,1.0,1.0,-0.03571971424228637,0.09829677306361795,0.094502435629783,0.20633167678998499,0.620904836193445,0.0036646124094549364,132.24671157700504,0.03715789030519301,0.056682068088204085,0.19117924767705685,0.38938135086240655,0.9626606317610035,NOT_AVAILABLE_NO_VALIDATED_HIGH_LOW_PANEL,0.03848895224518878,True,False,,NOT_DETERMINABLE_FROM_CLOSE_ONLY_PANEL,True,"HISTORICAL UK RETAIL, ISA, ACCOUNT AND BROKER ELIGIBILITY REMAIN PARTLY UNRESOLVED"
DD_04,2022-10-05,DAILY_WITH_LAST_WEEKLY_SIGNAL_ASOF,2022-09-30,False,2022-06-08,2022-07-06,2023-01-04,1.1487413892512501,-0.10974654360169345,GLOBAL_OIL_GAS,2022-10-03,1.0,1.0,-0.03571971424228637,0.09829677306361795,0.094502435629783,0.20633167678998499,0.620904836193445,0.0036646124094549364,135.09072687973634,0.05376605039480542,0.07605560123966248,0.21417681480948714,0.387270569301628,0.9594563420085788,NOT_AVAILABLE_NO_VALIDATED_HIGH_LOW_PANEL,0.0608220479923971,True,False,,NOT_DETERMINABLE_FROM_CLOSE_ONLY_PANEL,True,"HISTORICAL UK RETAIL, ISA, ACCOUNT AND BROKER ELIGIBILITY REMAIN PARTLY UNRESOLVED"
DD_04,2022-10-06,DAILY_WITH_LAST_WEEKLY_SIGNAL_ASOF,2022-09-30,False,2022-06-08,2022-07-06,2023-01-04,1.1856606253895603,-0.08113481437590231,GLOBAL_OIL_GAS,2022-10-03,1.0,1.0,-0.03571971424228637,0.09829677306361795,0.094502435629783,0.20633167678998499,0.620904836193445,0.0036646124094549364,139.43238853869315,0.07903660638200716,0.10584080315311373,0.2500497033874367,0.3689511003342803,0.9855400396471845,NOT_AVAILABLE_NO_VALIDATED_HIGH_LOW_PANEL,0.09491565692563553,True,False,,NOT_DETERMINABLE_FROM_CLOSE_ONLY_PANEL,True,"HISTORICAL UK RETAIL, ISA, ACCOUNT AND BROKER ELIGIBILITY REMAIN PARTLY UNRESOLVED"
DD_04,2022-10-07,DAILY_WITH_LAST_WEEKLY_SIGNAL_ASOF,2022-10-07,True,2022-06-08,2022-07-06,2023-01-04,1.2129319775196012,-0.06000001787462106,GLOBAL_OIL_GAS,2022-10-03,1.0,1.0,0.1433987320525183,0.2984965469276115,0.30912937380948224,0.34295532620418556,0.7576335361382325,0.003530902921338753,142.63946962475185,0.0935310279774535,0.1254821413212901,0.2752642928457394,0.35837175655550163,0.9579795619587936,NOT_AVAILABLE_NO_VALIDATED_HIGH_LOW_PANEL,0.12009978617248751,True,False,,NOT_DETERMINABLE_FROM_CLOSE_ONLY_PANEL,True,"HISTORICAL UK RETAIL, ISA, ACCOUNT AND BROKER ELIGIBILITY REMAIN PARTLY UNRESOLVED"
DD_04,2022-10-10,DAILY_WITH_LAST_WEEKLY_SIGNAL_ASOF,2022-10-07,False,2022-06-08,2022-07-06,2023-01-04,1.1745977183934118,-0.0897083639000068,GLOBAL_OIL_GAS,2022-10-03,1.0,1.0,0.1433987320525183,0.2984965469276115,0.30912937380948224,0.34295532620418556,0.7576335361382325,0.003530902921338753,138.1314028151033,0.05332358156848316,0.0860822307538942,0.23207955212776898,0.3485176165958324,0.9890543427809505,NOT_AVAILABLE_NO_VALIDATED_HIGH_LOW_PANEL,0.12009978617248751,True,False,,NOT_DETERMINABLE_FROM_CLOSE_ONLY_PANEL,True,"HISTORICAL UK RETAIL, ISA, ACCOUNT AND BROKER ELIGIBILITY REMAIN PARTLY UNRESOLVED"
DD_04,2022-10-11,DAILY_WITH_LAST_WEEKLY_SIGNAL_ASOF,2022-10-07,False,2022-06-08,2022-07-06,2023-01-04,1.1627629806766016,-0.09888006804207228,GLOBAL_OIL_GAS,2022-10-03,1.0,1.0,0.1433987320525183,0.2984965469276115,0.30912937380948224,0.34295532620418556,0.7576335361382325,0.003530902921338753,136.73965064568162,0.038677776210215065,0.07198059513663058,0.21700560926287316,0.34979062738816513,0.998161011898161,NOT_AVAILABLE_NO_VALIDATED_HIGH_LOW_PANEL,0.12009978617248751,True,False,,NOT_DETERMINABLE_FROM_CLOSE_ONLY_PANEL,True,"HISTORICAL UK RETAIL, ISA, ACCOUNT AND BROKER ELIGIBILITY REMAIN PARTLY UNRESOLVED"
DD_04,2022-10-12,DAILY_WITH_LAST_WEEKLY_SIGNAL_ASOF,2022-10-07,False,2022-06-08,2022-07-06,2023-01-04,1.155687865737204,-0.1043631520400462,GLOBAL_OIL_GAS,2022-10-03,1.0,1.0,0.1433987320525183,0.2984965469276115,0.30912937380948224,0.34295532620418556,0.7576335361382325,0.003530902921338753,135.907624892223,0.02932980318028311,0.06272986654424795,0.20708297788562247,0.3492188261532,0.9903287826862667,NOT_AVAILABLE_NO_VALIDATED_HIGH_LOW_PANEL,0.12009978617248751,True,False,,NOT_DETERMINABLE_FROM_CLOSE_ONLY_PANEL,True,"HISTORICAL UK RETAIL, ISA, ACCOUNT AND BROKER ELIGIBILITY REMAIN PARTLY UNRESOLVED"
DD_04,2022-10-13,DAILY_WITH_LAST_WEEKLY_SIGNAL_ASOF,2022-10-07,False,2022-06-08,2022-07-06,2023-01-04,1.1676512419074578,-0.09509175546165405,GLOBAL_OIL_GAS,2022-10-03,1.0,1.0,0.1433987320525183,0.2984965469276115,0.30912937380948224,0.34295532620418556,0.7576335361382325,0.003530902921338753,137.31450480261665,0.03621848529199134,0.07063531987624594,0.21691958435966097,0.3438379988644775,0.9784792474457104,NOT_AVAILABLE_NO_VALIDATED_HIGH_LOW_PANEL,0.12009978617248751,True,False,,NOT_DETERMINABLE_FROM_CLOSE_ONLY_PANEL,True,"HISTORICAL UK RETAIL, ISA, ACCOUNT AND BROKER ELIGIBILITY REMAIN PARTLY UNRESOLVED"
DD_04,2022-10-14,DAILY_WITH_LAST_WEEKLY_SIGNAL_ASOF,2022-10-14,True,2022-06-08,2022-07-06,2023-01-04,1.1535010120286633,-0.10605792345760168,GLOBAL_OIL_GAS,2022-10-03,1.0,1.0,0.04059929388804928,0.25009789565122986,0.3035062060000939,0.24817086718367376,0.6683503394224397,0.003314991868202662,135.65045329569944,0.02146385728821354,0.055274587056219904,0.19975878174422923,0.3451517258800357,0.9864102347055742,NOT_AVAILABLE_NO_VALIDATED_HIGH_LOW_PANEL,0.12009978617248751,True,False,,NOT_DETERMINABLE_FROM_CLOSE_ONLY_PANEL,True,"HISTORICAL UK RETAIL, ISA, ACCOUNT AND BROKER ELIGIBILITY REMAIN PARTLY UNRESOLVED"
DD_04,2022-10-17,DAILY_WITH_LAST_WEEKLY_SIGNAL_ASOF,2022-10-14,False,2022-06-08,2022-07-06,2023-01-04,1.1304747288622607,-0.12390286956009855,GLOBAL_OIL_GAS,2022-10-03,1.0,1.0,0.04059929388804928,0.25009789565122986,0.3035062060000939,0.24817086718367376,0.6683503394224397,0.003314991868202662,132.94258766171592,0.0009756418843038794,0.032823540427745046,0.17375579418088116,0.33941087176664897,0.9877838143741478,NOT_AVAILABLE_NO_VALIDATED_HIGH_LOW_PANEL,0.12009978617248751,True,False,,NOT_DETERMINABLE_FROM_CLOSE_ONLY_PANEL,True,"HISTORICAL UK RETAIL, ISA, ACCOUNT AND BROKER ELIGIBILITY REMAIN PARTLY UNRESOLVED"
DD_04,2022-10-18,DAILY_WITH_LAST_WEEKLY_SIGNAL_ASOF,2022-10-14,False,2022-06-08,2022-07-06,2023-01-04,1.1306033673157045,-0.12380317712377165,GLOBAL_OIL_GAS,2022-10-03,1.0,1.0,0.04059929388804928,0.25009789565122986,0.3035062060000939,0.24817086718367376,0.6683503394224397,0.003314991868202662,132.9577154026879,0.0009903968453299772,0.03160842847862799,0.17186175280285632,0.33548773335417936,0.9815523750590552,NOT_AVAILABLE_NO_VALIDATED_HIGH_LOW_PANEL,0.12009978617248751,True,False,,NOT_DETERMINABLE_FROM_CLOSE_ONLY_PANEL,True,"HISTORICAL UK RETAIL, ISA, ACCOUNT AND BROKER ELIGIBILITY REMAIN PARTLY UNRESOLVED"
DD_04,2022-10-19,DAILY_WITH_LAST_WEEKLY_SIGNAL_ASOF,2022-10-14,False,2022-06-08,2022-07-06,2023-01-04,1.161476596142166,-0.09987699240533998,GLOBAL_OIL_GAS,2022-10-03,1.0,1.0,0.04059929388804928,0.25009789565122986,0.3035062060000939,0.24817086718367376,0.6683503394224397,0.003314991868202662,136.5883732359619,0.0256832330519996,0.0572998394251476,0.2014245603567315,0.3333939851708981,0.9796193758983022,NOT_AVAILABLE_NO_VALIDATED_HIGH_LOW_PANEL,0.12009978617248751,True,False,,NOT_DETERMINABLE_FROM_CLOSE_ONLY_PANEL,True,"HISTORICAL UK RETAIL, ISA, ACCOUNT AND BROKER ELIGIBILITY REMAIN PARTLY UNRESOLVED"
DD_04,2022-10-20,DAILY_WITH_LAST_WEEKLY_SIGNAL_ASOF,2022-10-14,False,2022-06-08,2022-07-06,2023-01-04,1.1994249399080246,-0.07046772368893472,GLOBAL_OIL_GAS,2022-10-03,1.0,1.0,0.04059929388804928,0.25009789565122986,0.3035062060000939,0.24817086718367376,0.6683503394224397,0.003314991868202662,141.0510568226945,0.053525477130442534,0.08792603722385173,0.23771401777275192,0.33801440372920655,1.0058820676216618,NOT_AVAILABLE_NO_VALIDATED_HIGH_LOW_PANEL,0.12009978617248751,True,False,,NOT_DETERMINABLE_FROM_CLOSE_ONLY_PANEL,True,"HISTORICAL UK RETAIL, ISA, ACCOUNT AND BROKER ELIGIBILITY REMAIN PARTLY UNRESOLVED"
DD_04,2022-10-21,DAILY_WITH_LAST_WEEKLY_SIGNAL_ASOF,2022-10-21,True,2022-06-08,2022-07-06,2023-01-04,1.1990390245476938,-0.0707668009979151,GLOBAL_OIL_GAS,2022-10-03,1.0,1.0,0.09936859453821256,0.1889379768619759,0.2802168702385932,0.24612846959609636,0.7343503177669175,0.0026432386329633194,141.0056735997786,0.04811870761910364,0.08385366080502554,0.23440092893060793,0.33608756772938264,0.9969739066907942,NOT_AVAILABLE_NO_VALIDATED_HIGH_LOW_PANEL,0.12009978617248751,True,False,,NOT_DETERMINABLE_FROM_CLOSE_ONLY_PANEL,True,"HISTORICAL UK RETAIL, ISA, ACCOUNT AND BROKER ELIGIBILITY REMAIN PARTLY UNRESOLVED"
DD_04,2022-10-24,DAILY_WITH_LAST_WEEKLY_SIGNAL_ASOF,2022-10-21,False,2022-06-08,2022-07-06,2023-01-04,1.2104878469041733,-0.06189417416483001,GLOBAL_OIL_GAS,2022-10-03,1.0,1.0,0.09936859453821256,0.1889379768619759,0.2802168702385932,0.24612846959609636,0.7343503177669175,0.0026432386329633194,142.35204254628437,0.05256450336671903,0.09017530575265553,0.24314216529033805,0.3341032901821312,0.8088627216063338,NOT_AVAILABLE_NO_VALIDATED_HIGH_LOW_PANEL,0.12009978617248751,True,False,,NOT_DETERMINABLE_FROM_CLOSE_ONLY_PANEL,True,"HISTORICAL UK RETAIL, ISA, ACCOUNT AND BROKER ELIGIBILITY REMAIN PARTLY UNRESOLVED"
DD_04,2022-10-25,DAILY_WITH_LAST_WEEKLY_SIGNAL_ASOF,2022-10-21,False,2022-06-08,2022-07-06,2023-01-04,1.1899056943531992,-0.07784496397711771,GLOBAL_OIL_GAS,2022-10-03,1.0,1.0,0.09936859453821256,0.1889379768619759,0.2802168702385932,0.24612846959609636,0.7343503177669175,0.0026432386329633194,139.93160399076837,0.031416942078501986,0.06863665776557859,0.21931132304858747,0.3367600531199559,0.8299143467138909,NOT_AVAILABLE_NO_VALIDATED_HIGH_LOW_PANEL,0.12009978617248751,True,False,,NOT_DETERMINABLE_FROM_CLOSE_ONLY_PANEL,True,"HISTORICAL UK RETAIL, ISA, ACCOUNT AND BROKER ELIGIBILITY REMAIN PARTLY UNRESOLVED"
DD_04,2022-10-26,DAILY_WITH_LAST_WEEKLY_SIGNAL_ASOF,2022-10-21,False,2022-06-08,2022-07-06,2023-01-04,1.2092014623697376,-0.06289109852809793,GLOBAL_OIL_GAS,2022-10-03,1.0,1.0,0.09936859453821256,0.1889379768619759,0.2802168702385932,0.24612846959609636,0.7343503177669175,0.0026432386329633194,142.20076513656463,0.043575308417443726,0.08231718041602631,0.23614322276977417,0.3367304698867082,0.8282846292538865,NOT_AVAILABLE_NO_VALIDATED_HIGH_LOW_PANEL,0.12009978617248751,True,False,,NOT_DETERMINABLE_FROM_CLOSE_ONLY_PANEL,True,"HISTORICAL UK RETAIL, ISA, ACCOUNT AND BROKER ELIGIBILITY REMAIN PARTLY UNRESOLVED"
DD_04,2022-10-27,DAILY_WITH_LAST_WEEKLY_SIGNAL_ASOF,2022-10-21,False,2022-06-08,2022-07-06,2023-01-04,1.2269535689449529,-0.04913354231499978,GLOBAL_OIL_GAS,2022-10-03,1.0,1.0,0.09936859453821256,0.1889379768619759,0.2802168702385932,0.24612846959609636,0.7343503177669175,0.0026432386329633194,144.28839339069717,0.053256566226987045,0.09399329140882284,0.2511251886915158,0.33728957989974473,0.8222021051340421,NOT_AVAILABLE_NO_VALIDATED_HIGH_LOW_PANEL,0.1330482299833693,True,False,,NOT_DETERMINABLE_FROM_CLOSE_ONLY_PANEL,True,"HISTORICAL UK RETAIL, ISA, ACCOUNT AND BROKER ELIGIBILITY REMAIN PARTLY UNRESOLVED"
DD_04,2022-10-28,DAILY_WITH_LAST_WEEKLY_SIGNAL_ASOF,2022-10-28,True,2022-06-08,2022-07-06,2023-01-04,1.1814155564259223,-0.08442466477468624,GLOBAL_OIL_GAS,2022-10-03,1.0,2.0,0.12962156458950802,0.08481941928363135,0.1890476253739357,0.27020358795134136,0.6829941501871983,0.0032787062939015916,138.93317308661804,0.012860952561001948,0.051189155596309543,0.20224142828026626,0.347042197369901,0.8816790637993654,NOT_AVAILABLE_NO_VALIDATED_HIGH_LOW_PANEL,0.1330482299833693,True,False,,NOT_DETERMINABLE_FROM_CLOSE_ONLY_PANEL,True,"HISTORICAL UK RETAIL, ISA, ACCOUNT AND BROKER ELIGIBILITY REMAIN PARTLY UNRESOLVED"
DD_04,2022-10-31,DAILY_WITH_LAST_WEEKLY_SIGNAL_ASOF,2022-10-28,False,2022-06-08,2022-07-06,2023-01-04,1.2071432471146402,-0.06448617750932661,GLOBAL_OIL_GAS,2022-10-03,1.0,2.0,0.12962156458950802,0.08481941928363135,0.1890476253739357,0.27020358795134136,0.6829941501871983,0.0032787062939015916,141.95872128101303,0.03164321561983385,0.07096959579766149,0.2256369402664069,0.3486466457195701,0.892709150193269,NOT_AVAILABLE_NO_VALIDATED_HIGH_LOW_PANEL,0.1330482299833693,True,False,,NOT_DETERMINABLE_FROM_CLOSE_ONLY_PANEL,True,"HISTORICAL UK RETAIL, ISA, ACCOUNT AND BROKER ELIGIBILITY REMAIN PARTLY UNRESOLVED"
DD_04,2022-11-01,DAILY_WITH_LAST_WEEKLY_SIGNAL_ASOF,2022-10-28,False,2022-06-08,2022-07-06,2023-01-04,1.2328709378033582,-0.044547690243966875,GLOBAL_OIL_GAS,2022-10-03,1.0,2.0,0.12962156458950802,0.08481941928363135,0.1890476253739357,0.27020358795134136,0.6829941501871983,0.0032787062939015916,144.98426947540804,0.048518445091381146,0.08978654194639768,0.24863088623594498,0.34771959071794195,0.8628643437298779,NOT_AVAILABLE_NO_VALIDATED_HIGH_LOW_PANEL,0.13851271085768646,True,False,,NOT_DETERMINABLE_FROM_CLOSE_ONLY_PANEL,True,"HISTORICAL UK RETAIL, ISA, ACCOUNT AND BROKER ELIGIBILITY REMAIN PARTLY UNRESOLVED"
DD_04,2022-11-02,DAILY_WITH_LAST_WEEKLY_SIGNAL_ASOF,2022-10-28,False,2022-06-08,2022-07-06,2023-01-04,1.227982676572502,-0.048336002824385105,GLOBAL_OIL_GAS,2022-10-03,1.0,2.0,0.12962156458950802,0.08481941928363135,0.1890476253739357,0.27020358795134136,0.6829941501871983,0.0032787062939015916,144.409415318473,0.04016631672689441,0.08183971639195198,0.24067190786587123,0.3401974886741061,0.8159241355081214,NOT_AVAILABLE_NO_VALIDATED_HIGH_LOW_PANEL,0.13851271085768646,True,False,,NOT_DETERMINABLE_FROM_CLOSE_ONLY_PANEL,True,"HISTORICAL UK RETAIL, ISA, ACCOUNT AND BROKER ELIGIBILITY REMAIN PARTLY UNRESOLVED"
DD_04,2022-11-03,DAILY_WITH_LAST_WEEKLY_SIGNAL_ASOF,2022-10-28,False,2022-06-08,2022-07-06,2023-01-04,1.2641300819901504,-0.020322428216554833,GLOBAL_OIL_GAS,2022-10-03,1.0,2.0,0.12962156458950802,0.08481941928363135,0.1890476253739357,0.27020358795134136,0.6829941501871983,0.0032787062939015916,148.66031053159796,0.06393862915139414,0.1087421552683876,0.2736798543160135,0.3438452973372104,0.8350278325910158,NOT_AVAILABLE_NO_VALIDATED_HIGH_LOW_PANEL,0.16737942504157832,True,False,,NOT_DETERMINABLE_FROM_CLOSE_ONLY_PANEL,True,"HISTORICAL UK RETAIL, ISA, ACCOUNT AND BROKER ELIGIBILITY REMAIN PARTLY UNRESOLVED"
DD_04,2022-11-04,DAILY_WITH_LAST_WEEKLY_SIGNAL_ASOF,2022-11-04,True,2022-06-08,2022-07-06,2023-01-04,1.2584699900386325,-0.02470889541493404,GLOBAL_OIL_GAS,2022-10-03,1.0,2.0,0.06980494235620371,0.14603332042950168,0.35148785156506057,0.19882494213409085,0.8498803807784305,0.004106206419796673,147.99468992883106,0.053507505796573485,0.09930394958683109,0.2646050129720272,0.3415670436105576,0.802612076757594,NOT_AVAILABLE_NO_VALIDATED_HIGH_LOW_PANEL,0.16737942504157832,True,False,,NOT_DETERMINABLE_FROM_CLOSE_ONLY_PANEL,True,"HISTORICAL UK RETAIL, ISA, ACCOUNT AND BROKER ELIGIBILITY REMAIN PARTLY UNRESOLVED"
DD_04,2022-11-07,DAILY_WITH_LAST_WEEKLY_SIGNAL_ASOF,2022-11-04,False,2022-06-08,2022-07-06,2023-01-04,1.282782657739471,-0.00586702494916902,GLOBAL_OIL_GAS,2022-10-03,1.0,2.0,0.06980494235620371,0.14603332042950168,0.35148785156506057,0.19882494213409085,0.8498803807784305,0.004106206419796673,150.85383297253435,0.06669802006210324,0.11526963494743936,0.28533959087412497,0.3335812165197225,0.7960657135278612,NOT_AVAILABLE_NO_VALIDATED_HIGH_LOW_PANEL,0.18460441910192538,True,False,,NOT_DETERMINABLE_FROM_CLOSE_ONLY_PANEL,True,"HISTORICAL UK RETAIL, ISA, ACCOUNT AND BROKER ELIGIBILITY REMAIN PARTLY UNRESOLVED"
DD_04,2022-11-08,DAILY_WITH_LAST_WEEKLY_SIGNAL_ASOF,2022-11-04,False,2022-06-08,2022-07-06,2023-01-04,1.2601422899333994,-0.023412893742685403,GLOBAL_OIL_GAS,2022-10-03,1.0,2.0,0.06980494235620371,0.14603332042950168,0.35148785156506057,0.19882494213409085,0.8498803807784305,0.004106206419796673,148.19135056146678,0.04333089932737222,0.09149434974556803,0.25936278332486773,0.3356555626834736,0.7568278322680176,NOT_AVAILABLE_NO_VALIDATED_HIGH_LOW_PANEL,0.18460441910192538,True,False,,NOT_DETERMINABLE_FROM_CLOSE_ONLY_PANEL,True,"HISTORICAL UK RETAIL, ISA, ACCOUNT AND BROKER ELIGIBILITY REMAIN PARTLY UNRESOLVED"
DD_04,2022-11-09,DAILY_WITH_LAST_WEEKLY_SIGNAL_ASOF,2022-11-04,False,2022-06-08,2022-07-06,2023-01-04,1.2359582606860045,-0.04215507177212363,GLOBAL_OIL_GAS,2022-10-03,1.0,2.0,0.06980494235620371,0.14603332042950168,0.35148785156506057,0.19882494213409085,0.8498803807784305,0.004106206419796673,145.34733525873546,0.021144113682483034,0.06759338214399335,0.23230981823326502,0.33767489530417366,0.7756099003707723,NOT_AVAILABLE_NO_VALIDATED_HIGH_LOW_PANEL,0.18460441910192538,True,False,,NOT_DETERMINABLE_FROM_CLOSE_ONLY_PANEL,True,"HISTORICAL UK RETAIL, ISA, ACCOUNT AND BROKER ELIGIBILITY REMAIN PARTLY UNRESOLVED"
DD_04,2022-11-10,DAILY_WITH_LAST_WEEKLY_SIGNAL_ASOF,2022-11-04,False,2022-06-08,2022-07-06,2023-01-04,1.2103592084507304,-0.061993866601156244,GLOBAL_OIL_GAS,2022-10-03,1.0,2.0,0.06980494235620371,0.14603332042950168,0.35148785156506057,0.19882494213409085,0.8498803807784305,0.004106206419796673,142.33691480531246,-5.207250602934366e-06,0.043620099549065205,0.20430837685370795,0.341446238407986,0.8015806851659782,NOT_AVAILABLE_NO_VALIDATED_HIGH_LOW_PANEL,0.18460441910192538,True,False,,NOT_DETERMINABLE_FROM_CLOSE_ONLY_PANEL,True,"HISTORICAL UK RETAIL, ISA, ACCOUNT AND BROKER ELIGIBILITY REMAIN PARTLY UNRESOLVED"
DD_04,2022-11-11,DAILY_WITH_LAST_WEEKLY_SIGNAL_ASOF,2022-11-11,True,2022-06-08,2022-07-06,2023-01-04,1.2328709378033584,-0.04454769024396665,GLOBAL_OIL_GAS,2022-10-03,1.0,5.0,-0.011282269771644149,0.08955245626097086,0.2424771857362844,0.18123945528680974,0.7623936773145503,0.003979439372460359,144.98426947540807,0.01687502921920947,0.06040950435129955,0.2239465908516156,0.3416470750011093,0.8134802479867719,NOT_AVAILABLE_NO_VALIDATED_HIGH_LOW_PANEL,0.18460441910192538,True,True,GLOBAL_GOLD_MINERS,NOT_DETERMINABLE_FROM_CLOSE_ONLY_PANEL,True,"HISTORICAL UK RETAIL, ISA, ACCOUNT AND BROKER ELIGIBILITY REMAIN PARTLY UNRESOLVED"
DD_04,2022-11-14,DAILY_WITH_LAST_WEEKLY_SIGNAL_ASOF,2022-11-11,False,2022-06-08,2022-07-06,2023-01-04,1.2475357214959275,-0.03318275250271174,GLOBAL_OIL_GAS,2022-10-03,1.0,5.0,-0.011282269771644149,0.08955245626097086,0.2424771857362844,0.18123945528680974,0.7623936773145503,0.003979439372460359,146.7088319462132,0.026267709422999497,0.06995890947538874,0.23557297616828232,0.33572858059018107,0.8067119645887176,NOT_AVAILABLE_NO_VALIDATED_HIGH_LOW_PANEL,0.18460441910192538,True,True,GLOBAL_GOLD_MINERS,NOT_DETERMINABLE_FROM_CLOSE_ONLY_PANEL,True,"HISTORICAL UK RETAIL, ISA, ACCOUNT AND BROKER ELIGIBILITY REMAIN PARTLY UNRESOLVED"
DD_04,2022-11-15,DAILY_WITH_LAST_WEEKLY_SIGNAL_ASOF,2022-11-11,False,2022-06-08,2022-07-06,2023-01-04,1.2250239921432995,-0.050628928859901334,GLOBAL_OIL_GAS,2022-10-03,1.0,5.0,-0.011282269771644149,0.08955245626097086,0.2424771857362844,0.18123945528680974,0.7623936773145503,0.003979439372460359,144.06147727611759,0.007039361242987985,0.048568737253921856,0.21070779797860006,0.3382024074256177,0.8034741064154471,NOT_AVAILABLE_NO_VALIDATED_HIGH_LOW_PANEL,0.18460441910192538,True,True,GLOBAL_GOLD_MINERS,NOT_DETERMINABLE_FROM_CLOSE_ONLY_PANEL,True,"HISTORICAL UK RETAIL, ISA, ACCOUNT AND BROKER ELIGIBILITY REMAIN PARTLY UNRESOLVED"
DD_04,2022-11-16,DAILY_WITH_LAST_WEEKLY_SIGNAL_ASOF,2022-11-11,False,2022-06-08,2022-07-06,2023-01-04,1.2198784540055556,-0.05461662631297359,GLOBAL_OIL_GAS,2022-10-03,1.0,5.0,-0.011282269771644149,0.08955245626097086,0.2424771857362844,0.18123945528680974,0.7623936773145503,0.003979439372460359,143.45636763723857,0.00255338093275026,0.04235907472725953,0.2031607333744183,0.33718124663934934,0.8104778855889228,NOT_AVAILABLE_NO_VALIDATED_HIGH_LOW_PANEL,0.18460441910192538,True,True,GLOBAL_GOLD_MINERS,NOT_DETERMINABLE_FROM_CLOSE_ONLY_PANEL,True,"HISTORICAL UK RETAIL, ISA, ACCOUNT AND BROKER ELIGIBILITY REMAIN PARTLY UNRESOLVED"
DD_04,2022-11-17,DAILY_WITH_LAST_WEEKLY_SIGNAL_ASOF,2022-11-11,False,2022-06-08,2022-07-06,2023-01-04,1.1892625020859817,-0.07834342615875123,GLOBAL_OIL_GAS,2022-10-03,1.0,5.0,-0.011282269771644149,0.08955245626097086,0.2424771857362844,0.18123945528680974,0.7623936773145503,0.003979439372460359,139.85596528590855,-0.020595279946676204,0.01555331081561806,0.1709491068364526,0.34194013502735443,0.8240680237065027,NOT_AVAILABLE_NO_VALIDATED_HIGH_LOW_PANEL,0.18460441910192538,True,True,GLOBAL_GOLD_MINERS,NOT_DETERMINABLE_FROM_CLOSE_ONLY_PANEL,True,"HISTORICAL UK RETAIL, ISA, ACCOUNT AND BROKER ELIGIBILITY REMAIN PARTLY UNRESOLVED"
DD_04,2022-11-18,DAILY_WITH_LAST_WEEKLY_SIGNAL_ASOF,2022-11-18,True,2022-06-08,2022-07-06,2023-01-04,1.175626826020961,-0.08891082440939202,GLOBAL_OIL_GAS,2022-10-03,1.0,8.0,-0.04565962719698302,0.059433678341253016,0.1482488146180505,0.09381207808793945,0.737823366535264,0.0034414041053015655,138.25242474287919,-0.029015581950852964,0.0037554421859538056,0.1557119463594414,0.3429745366626649,0.7788943596932048,NOT_AVAILABLE_NO_VALIDATED_HIGH_LOW_PANEL,0.18460441910192538,True,True,GLOBAL_GOLD_MINERS,NOT_DETERMINABLE_FROM_CLOSE_ONLY_PANEL,True,"HISTORICAL UK RETAIL, ISA, ACCOUNT AND BROKER ELIGIBILITY REMAIN PARTLY UNRESOLVED"
DD_04,2022-11-21,DAILY_WITH_LAST_WEEKLY_SIGNAL_ASOF,2022-11-18,False,2022-06-08,2022-07-06,2023-01-04,1.1284165136071638,-0.125497948541327,GLOBAL_OIL_GAS,2022-10-03,1.0,8.0,-0.04565962719698302,0.059433678341253016,0.1482488146180505,0.09381207808793945,0.737823366535264,0.0034414041053015655,132.70054380616438,-0.06221002811976517,-0.035169899561543816,0.10809622841674105,0.3453567379070095,0.8701118764844654,NOT_AVAILABLE_NO_VALIDATED_HIGH_LOW_PANEL,0.18460441910192538,True,True,GLOBAL_GOLD_MINERS,NOT_DETERMINABLE_FROM_CLOSE_ONLY_PANEL,True,"HISTORICAL UK RETAIL, ISA, ACCOUNT AND BROKER ELIGIBILITY REMAIN PARTLY UNRESOLVED"
DD_04,2022-11-22,DAILY_WITH_LAST_WEEKLY_SIGNAL_ASOF,2022-11-18,False,2022-06-08,2022-07-06,2023-01-04,1.1929930172358454,-0.07545234550527447,GLOBAL_OIL_GAS,2022-10-03,1.0,8.0,-0.04565962719698302,0.059433678341253016,0.1482488146180505,0.09381207808793945,0.737823366535264,0.0034414041053015655,140.29466977409578,-0.007772047552482175,0.019243751948174292,0.1695139995993038,0.3606745664406743,1.0412000759323339,NOT_AVAILABLE_NO_VALIDATED_HIGH_LOW_PANEL,0.18460441910192538,True,True,GLOBAL_GOLD_MINERS,NOT_DETERMINABLE_FROM_CLOSE_ONLY_PANEL,True,"HISTORICAL UK RETAIL, ISA, ACCOUNT AND BROKER ELIGIBILITY REMAIN PARTLY UNRESOLVED"
DD_04,2022-11-23,DAILY_WITH_LAST_WEEKLY_SIGNAL_ASOF,2022-11-18,False,2022-06-08,2022-07-06,2023-01-04,1.172153587777984,-0.09160252019021564,GLOBAL_OIL_GAS,2022-10-03,1.0,8.0,-0.04565962719698302,0.059433678341253016,0.1482488146180505,0.09381207808793945,0.737823366535264,0.0034414041053015655,137.84397573663585,-0.022874454272965417,0.0013828823560193548,0.14738264436307857,0.36282098959314424,1.0418820096725936,NOT_AVAILABLE_NO_VALIDATED_HIGH_LOW_PANEL,0.18460441910192538,True,True,GLOBAL_GOLD_MINERS,NOT_DETERMINABLE_FROM_CLOSE_ONLY_PANEL,True,"HISTORICAL UK RETAIL, ISA, ACCOUNT AND BROKER ELIGIBILITY REMAIN PARTLY UNRESOLVED"
DD_04,2022-11-24,DAILY_WITH_LAST_WEEKLY_SIGNAL_ASOF,2022-11-18,False,2022-06-08,2022-07-06,2023-01-04,1.1765272951950663,-0.08821297735510436,GLOBAL_OIL_GAS,2022-10-03,1.0,8.0,-0.04565962719698302,0.059433678341253016,0.1482488146180505,0.09381207808793945,0.737823366535264,0.0034414041053015655,138.358318929683,-0.017511031321126858,0.00491763816076074,0.1499285728530051,0.3529119366659416,1.030164924296293,NOT_AVAILABLE_NO_VALIDATED_HIGH_LOW_PANEL,0.18460441910192538,True,True,GLOBAL_GOLD_MINERS,NOT_DETERMINABLE_FROM_CLOSE_ONLY_PANEL,True,"HISTORICAL UK RETAIL, ISA, ACCOUNT AND BROKER ELIGIBILITY REMAIN PARTLY UNRESOLVED"
DD_04,2022-11-25,DAILY_WITH_LAST_WEEKLY_SIGNAL_ASOF,2022-11-25,True,2022-06-08,2022-07-06,2023-01-04,1.1734399723124198,-0.09060559582694772,GLOBAL_OIL_GAS,2022-10-03,2.0,9.0,-0.06567958372097171,0.11765339652687734,0.05735166461318397,0.04199484516509577,0.6938456199349576,0.0009192667066838234,137.9952531463556,-0.018296303997903163,0.002191003174826678,0.14523693858451203,0.3529701931868158,1.0187063213445782,NOT_AVAILABLE_NO_VALIDATED_HIGH_LOW_PANEL,0.18460441910192538,False,False,,NOT_DETERMINABLE_FROM_CLOSE_ONLY_PANEL,True,"HISTORICAL UK RETAIL, ISA, ACCOUNT AND BROKER ELIGIBILITY REMAIN PARTLY UNRESOLVED"
DD_04,2022-11-28,DAILY_WITH_LAST_WEEKLY_SIGNAL_ASOF,2022-11-25,False,2022-06-08,2022-07-06,2023-01-04,1.1462972586358227,-0.11164069989190206,GLOBAL_OIL_GAS,2022-10-03,2.0,9.0,-0.06567958372097171,0.11765339652687734,0.05735166461318397,0.04199484516509577,0.6938456199349576,0.0009192667066838234,134.80329980126888,-0.037415823910735946,-0.02018402413466025,0.11742628220126727,0.35472958100173657,0.9823894141456359,NOT_AVAILABLE_NO_VALIDATED_HIGH_LOW_PANEL,0.18460441910192538,False,False,,NOT_DETERMINABLE_FROM_CLOSE_ONLY_PANEL,True,"HISTORICAL UK RETAIL, ISA, ACCOUNT AND BROKER ELIGIBILITY REMAIN PARTLY UNRESOLVED"
DD_04,2022-11-29,DAILY_WITH_LAST_WEEKLY_SIGNAL_ASOF,2022-11-25,False,2022-06-08,2022-07-06,2023-01-04,1.1514427967735663,-0.10765300243883003,GLOBAL_OIL_GAS,2022-10-03,2.0,9.0,-0.06567958372097171,0.11765339652687734,0.05735166461318397,0.04199484516509577,0.6938456199349576,0.0009192667066838234,135.4084094401479,-0.03017710387548156,-0.015176136942046892,0.12107638167902235,0.35469614494108065,0.9595884279828585,NOT_AVAILABLE_NO_VALIDATED_HIGH_LOW_PANEL,0.18460441910192538,False,False,,NOT_DETERMINABLE_FROM_CLOSE_ONLY_PANEL,True,"HISTORICAL UK RETAIL, ISA, ACCOUNT AND BROKER ELIGIBILITY REMAIN PARTLY UNRESOLVED"
DD_04,2022-11-30,DAILY_WITH_LAST_WEEKLY_SIGNAL_ASOF,2022-11-25,False,2022-06-08,2022-07-06,2023-01-04,1.1720249493245407,-0.09170221262654221,GLOBAL_OIL_GAS,2022-10-03,2.0,9.0,-0.06567958372097171,0.11765339652687734,0.05735166461318397,0.04199484516509577,0.6938456199349576,0.0009192667066838234,137.8288479956639,-0.011687666756489246,0.0023322604740849684,0.1395156958595758,0.35626000069457375,0.9606846671733641,NOT_AVAILABLE_NO_VALIDATED_HIGH_LOW_PANEL,0.18460441910192538,False,False,,NOT_DETERMINABLE_FROM_CLOSE_ONLY_PANEL,True,"HISTORICAL UK RETAIL, ISA, ACCOUNT AND BROKER ELIGIBILITY REMAIN PARTLY UNRESOLVED"
DD_04,2022-12-01,DAILY_WITH_LAST_WEEKLY_SIGNAL_ASOF,2022-11-25,False,2022-06-08,2022-07-06,2023-01-04,1.1446269992927651,-0.11293512017409257,EUROPE_BANKS,2022-12-01,1.0,1.0,0.06645294974083815,0.17590096785100107,0.29424906104595183,0.04062297373493773,0.07545998841098855,0.004022071816916396,93.77808761172199,-4.281402313810467e-05,0.040746438560495646,0.08577364747295269,0.25660740597498266,0.617177381204911,NOT_AVAILABLE_NO_VALIDATED_HIGH_LOW_PANEL,0.0,True,False,,NOT_DETERMINABLE_FROM_CLOSE_ONLY_PANEL,True,"HISTORICAL UK RETAIL, ISA, ACCOUNT AND BROKER ELIGIBILITY REMAIN PARTLY UNRESOLVED"
DD_04,2022-12-02,DAILY_WITH_LAST_WEEKLY_SIGNAL_ASOF,2022-12-02,True,2022-06-08,2022-07-06,2023-01-04,1.1485521823728317,-0.1098931754537904,EUROPE_BANKS,2022-12-01,1.0,2.0,0.029258758176957,0.12765603093653644,0.21402199642678532,0.030721525871898248,0.08193078579993163,0.0036065533027232278,94.09967373803386,0.00307747423474658,0.042503667999355565,0.08852765625842851,0.24604905930580842,0.549656538148737,NOT_AVAILABLE_NO_VALIDATED_HIGH_LOW_PANEL,0.003429224614212245,True,True,GLOBAL_GOLD_MINERS,NOT_DETERMINABLE_FROM_CLOSE_ONLY_PANEL,True,"HISTORICAL UK RETAIL, ISA, ACCOUNT AND BROKER ELIGIBILITY REMAIN PARTLY UNRESOLVED"
DD_04,2022-12-05,DAILY_WITH_LAST_WEEKLY_SIGNAL_ASOF,2022-12-02,False,2022-06-08,2022-07-06,2023-01-04,1.155094154172943,-0.10482326758661986,EUROPE_BANKS,2022-12-01,1.0,2.0,0.029258758176957,0.12765603093653644,0.21402199642678532,0.030721525871898248,0.08193078579993163,0.0036065533027232278,94.6356506152203,0.007985295752167554,0.04645368674993455,0.09369685794665661,0.23822157161129243,0.4517484952533627,NOT_AVAILABLE_NO_VALIDATED_HIGH_LOW_PANEL,0.009144598971232654,True,True,GLOBAL_GOLD_MINERS,NOT_DETERMINABLE_FROM_CLOSE_ONLY_PANEL,True,"HISTORICAL UK RETAIL, ISA, ACCOUNT AND BROKER ELIGIBILITY REMAIN PARTLY UNRESOLVED"
DD_04,2022-12-06,DAILY_WITH_LAST_WEEKLY_SIGNAL_ASOF,2022-12-02,False,2022-06-08,2022-07-06,2023-01-04,1.1461534593794578,-0.11175214167175274,EUROPE_BANKS,2022-12-01,1.0,2.0,0.029258758176957,0.12765603093653644,0.21402199642678532,0.030721525871898248,0.08193078579993163,0.0036065533027232278,93.9031488830655,0.0001665948653248872,0.0367944782855496,0.08431181618928085,0.23920456377816074,0.46151556266023025,NOT_AVAILABLE_NO_VALIDATED_HIGH_LOW_PANEL,0.009144598971232654,True,True,GLOBAL_GOLD_MINERS,NOT_DETERMINABLE_FROM_CLOSE_ONLY_PANEL,True,"HISTORICAL UK RETAIL, ISA, ACCOUNT AND BROKER ELIGIBILITY REMAIN PARTLY UNRESOLVED"
DD_04,2022-12-07,DAILY_WITH_LAST_WEEKLY_SIGNAL_ASOF,2022-12-02,False,2022-06-08,2022-07-06,2023-01-04,1.1441908678394246,-0.11327311403190377,EUROPE_BANKS,2022-12-01,1.0,2.0,0.029258758176957,0.12765603093653644,0.21402199642678532,0.030721525871898248,0.08193078579993163,0.0036065533027232278,93.74235581990956,-0.0014056695328934499,0.03359970299419324,0.08156774676892864,0.2393614696469674,0.462108772827737,NOT_AVAILABLE_NO_VALIDATED_HIGH_LOW_PANEL,0.009144598971232654,True,True,GLOBAL_GOLD_MINERS,NOT_DETERMINABLE_FROM_CLOSE_ONLY_PANEL,True,"HISTORICAL UK RETAIL, ISA, ACCOUNT AND BROKER ELIGIBILITY REMAIN PARTLY UNRESOLVED"
DD_04,2022-12-08,DAILY_WITH_LAST_WEEKLY_SIGNAL_ASOF,2022-12-02,False,2022-06-08,2022-07-06,2023-01-04,1.1410289148027042,-0.11572356950103613,EUROPE_BANKS,2022-12-01,1.0,2.0,0.029258758176957,0.12765603093653644,0.21402199642678532,0.030721525871898248,0.08193078579993163,0.0036065533027232278,93.48330032926945,-0.0037880424589766815,0.02950217615129369,0.07773619229145279,0.2327855313950629,0.463213858189407,NOT_AVAILABLE_NO_VALIDATED_HIGH_LOW_PANEL,0.009144598971232654,True,True,GLOBAL_GOLD_MINERS,NOT_DETERMINABLE_FROM_CLOSE_ONLY_PANEL,True,"HISTORICAL UK RETAIL, ISA, ACCOUNT AND BROKER ELIGIBILITY REMAIN PARTLY UNRESOLVED"
DD_04,2022-12-09,DAILY_WITH_LAST_WEEKLY_SIGNAL_ASOF,2022-12-09,True,2022-06-08,2022-07-06,2023-01-04,1.1424463420260618,-0.11462508946314909,EUROPE_BANKS,2022-12-01,1.0,3.0,0.041500005906279336,0.15181491364021316,0.14040421949742,0.08550461776061802,0.08756745701053537,0.0027233871347281083,93.59942865265985,-0.002319185079903252,0.02953830471679897,0.07822662919063617,0.22348870504878876,0.4495093060814161,NOT_AVAILABLE_NO_VALIDATED_HIGH_LOW_PANEL,0.009144598971232654,True,True,CHINA_INTERNET,NOT_DETERMINABLE_FROM_CLOSE_ONLY_PANEL,True,"HISTORICAL UK RETAIL, ISA, ACCOUNT AND BROKER ELIGIBILITY REMAIN PARTLY UNRESOLVED"
DD_04,2022-12-12,DAILY_WITH_LAST_WEEKLY_SIGNAL_ASOF,2022-12-09,False,2022-06-08,2022-07-06,2023-01-04,1.1425553748893968,-0.11454059099869629,EUROPE_BANKS,2022-12-01,1.0,3.0,0.041500005906279336,0.15181491364021316,0.14040421949742,0.08550461776061802,0.08756745701053537,0.0027233871347281083,93.60836160061295,-0.0020221982620236556,0.02844128876308627,0.07748973933620995,0.21456165553570394,0.4361124890839108,NOT_AVAILABLE_NO_VALIDATED_HIGH_LOW_PANEL,0.009144598971232654,True,True,CHINA_INTERNET,NOT_DETERMINABLE_FROM_CLOSE_ONLY_PANEL,True,"HISTORICAL UK RETAIL, ISA, ACCOUNT AND BROKER ELIGIBILITY REMAIN PARTLY UNRESOLVED"
DD_04,2022-12-13,DAILY_WITH_LAST_WEEKLY_SIGNAL_ASOF,2022-12-09,False,2022-06-08,2022-07-06,2023-01-04,1.1570567457129763,-0.10330229522646872,EUROPE_BANKS,2022-12-01,1.0,3.0,0.041500005906279336,0.15181491364021316,0.14040421949742,0.08550461776061802,0.08756745701053537,0.0027233871347281083,94.79644367837625,0.00966717885232149,0.039802322203581264,0.09017637590347549,0.21498047417206012,0.4380405808989651,NOT_AVAILABLE_NO_VALIDATED_HIGH_LOW_PANEL,0.010859211278338776,True,True,CHINA_INTERNET,NOT_DETERMINABLE_FROM_CLOSE_ONLY_PANEL,True,"HISTORICAL UK RETAIL, ISA, ACCOUNT AND BROKER ELIGIBILITY REMAIN PARTLY UNRESOLVED"
DD_04,2022-12-14,DAILY_WITH_LAST_WEEKLY_SIGNAL_ASOF,2022-12-09,False,2022-06-08,2022-07-06,2023-01-04,1.1510599382295412,-0.10794971077137483,EUROPE_BANKS,2022-12-01,1.0,3.0,0.041500005906279336,0.15181491364021316,0.14040421949742,0.08550461776061802,0.08756745701053537,0.0027233871347281083,94.30513154095534,0.004029524521922845,0.03301912364542292,0.08361481531340709,0.21542295084301308,0.44289091962048344,NOT_AVAILABLE_NO_VALIDATED_HIGH_LOW_PANEL,0.010859211278338776,True,True,CHINA_INTERNET,NOT_DETERMINABLE_FROM_CLOSE_ONLY_PANEL,True,"HISTORICAL UK RETAIL, ISA, ACCOUNT AND BROKER ELIGIBILITY REMAIN PARTLY UNRESOLVED"
DD_04,2022-12-15,DAILY_WITH_LAST_WEEKLY_SIGNAL_ASOF,2022-12-09,False,2022-06-08,2022-07-06,2023-01-04,1.1369946988593023,-0.11885001268579132,EUROPE_BANKS,2022-12-01,1.0,3.0,0.041500005906279336,0.15181491364021316,0.14040421949742,0.08550461776061802,0.08756745701053537,0.0027233871347281083,93.15278125500447,-0.007495700050211385,0.019580754442771964,0.06962472387241636,0.21191507892753556,0.46375490046034024,NOT_AVAILABLE_NO_VALIDATED_HIGH_LOW_PANEL,0.010859211278338776,True,True,CHINA_INTERNET,NOT_DETERMINABLE_FROM_CLOSE_ONLY_PANEL,True,"HISTORICAL UK RETAIL, ISA, ACCOUNT AND BROKER ELIGIBILITY REMAIN PARTLY UNRESOLVED"
DD_04,2022-12-16,DAILY_WITH_LAST_WEEKLY_SIGNAL_ASOF,2022-12-16,True,2022-06-08,2022-07-06,2023-01-04,1.1578199757563226,-0.10271080597529891,EUROPE_BANKS,2022-12-01,1.0,3.0,0.04327436900746395,0.12799039473539842,0.13472596344748422,0.056638253588228826,0.12641522074854494,0.002201901337129229,94.858974314048,0.009702468232693606,0.03670019642766875,0.0882499841435973,0.2138715373265498,0.5150982296583847,NOT_AVAILABLE_NO_VALIDATED_HIGH_LOW_PANEL,0.011526004953324565,True,True,CHINA_INTERNET,NOT_DETERMINABLE_FROM_CLOSE_ONLY_PANEL,True,"HISTORICAL UK RETAIL, ISA, ACCOUNT AND BROKER ELIGIBILITY REMAIN PARTLY UNRESOLVED"
DD_04,2022-12-19,DAILY_WITH_LAST_WEEKLY_SIGNAL_ASOF,2022-12-16,False,2022-06-08,2022-07-06,2023-01-04,1.1578199757563226,-0.10271080597529891,EUROPE_BANKS,2022-12-01,1.0,3.0,0.04327436900746395,0.12799039473539842,0.13472596344748422,0.056638253588228826,0.12641522074854494,0.002201901337129229,94.858974314048,0.0088126525314276,0.03521029755456295,0.08729522010445678,0.21277223146697494,0.5109178227862828,NOT_AVAILABLE_NO_VALIDATED_HIGH_LOW_PANEL,0.011526004953324565,True,True,CHINA_INTERNET,NOT_DETERMINABLE_FROM_CLOSE_ONLY_PANEL,True,"HISTORICAL UK RETAIL, ISA, ACCOUNT AND BROKER ELIGIBILITY REMAIN PARTLY UNRESOLVED"
DD_04,2022-12-20,DAILY_WITH_LAST_WEEKLY_SIGNAL_ASOF,2022-12-16,False,2022-06-08,2022-07-06,2023-01-04,1.1923833934335761,-0.07592479274374875,EUROPE_BANKS,2022-12-01,1.0,3.0,0.04327436900746395,0.12799039473539842,0.13472596344748422,0.056638253588228826,0.12641522074854494,0.002201901337129229,97.69071881518308,0.0352641863373746,0.06335660025369183,0.11842063961173421,0.21949561608828955,0.6212982202012085,NOT_AVAILABLE_NO_VALIDATED_HIGH_LOW_PANEL,0.041722232806249204,True,True,CHINA_INTERNET,NOT_DETERMINABLE_FROM_CLOSE_ONLY_PANEL,True,"HISTORICAL UK RETAIL, ISA, ACCOUNT AND BROKER ELIGIBILITY REMAIN PARTLY UNRESOLVED"
DD_04,2022-12-21,DAILY_WITH_LAST_WEEKLY_SIGNAL_ASOF,2022-12-16,False,2022-06-08,2022-07-06,2023-01-04,1.2135357689206019,-0.05953209063989795,EUROPE_BANKS,2022-12-01,1.0,3.0,0.04327436900746395,0.12799039473539842,0.13472596344748422,0.056638253588228826,0.12641522074854494,0.002201901337129229,99.42371071808591,0.048517398344765095,0.07874188886931766,0.13669715791629145,0.21886245276066404,0.6470219973766473,NOT_AVAILABLE_NO_VALIDATED_HIGH_LOW_PANEL,0.06020194322728156,True,True,CHINA_INTERNET,NOT_DETERMINABLE_FROM_CLOSE_ONLY_PANEL,True,"HISTORICAL UK RETAIL, ISA, ACCOUNT AND BROKER ELIGIBILITY REMAIN PARTLY UNRESOLVED"
DD_04,2022-12-22,DAILY_WITH_LAST_WEEKLY_SIGNAL_ASOF,2022-12-16,False,2022-06-08,2022-07-06,2023-01-04,1.2122273745605798,-0.06054607221333186,EUROPE_BANKS,2022-12-01,1.0,3.0,0.04327436900746395,0.12799039473539842,0.13472596344748422,0.056638253588228826,0.12641522074854494,0.002201901337129229,99.31651534264863,0.04289423526370073,0.07431044281212262,0.13394308013210376,0.21819538230940988,0.6400250034479629,NOT_AVAILABLE_NO_VALIDATED_HIGH_LOW_PANEL,0.06020194322728156,True,True,CHINA_INTERNET,NOT_DETERMINABLE_FROM_CLOSE_ONLY_PANEL,True,"HISTORICAL UK RETAIL, ISA, ACCOUNT AND BROKER ELIGIBILITY REMAIN PARTLY UNRESOLVED"
DD_04,2022-12-23,DAILY_WITH_LAST_WEEKLY_SIGNAL_ASOF,2022-12-23,True,2022-06-08,2022-07-06,2023-01-04,1.2137538346472725,-0.05936309371099202,EUROPE_BANKS,2022-12-01,1.0,3.0,0.07718947860451375,0.15635801240087543,0.23085792712191489,0.16227791503648348,0.16333967499461965,0.0025253906974075165,99.44157661399214,0.040027741170988174,0.07248098500122246,0.13384370427703818,0.21356694069274346,0.6470368205615507,NOT_AVAILABLE_NO_VALIDATED_HIGH_LOW_PANEL,0.06039245570584906,True,True,CHINA_INTERNET,NOT_DETERMINABLE_FROM_CLOSE_ONLY_PANEL,True,"HISTORICAL UK RETAIL, ISA, ACCOUNT AND BROKER ELIGIBILITY REMAIN PARTLY UNRESOLVED"
DD_04,2022-12-28,DAILY_WITH_LAST_WEEKLY_SIGNAL_ASOF,2022-12-23,False,2022-06-08,2022-07-06,2023-01-04,1.218196767924407,-0.05591990210709752,EUROPE_BANKS,2022-12-01,1.0,3.0,0.07718947860451375,0.15635801240087543,0.23085792712191489,0.16227791503648348,0.16333967499461965,0.0025253906974075165,99.80558147004884,0.03969160429881535,0.07319113987213455,0.13643371761092116,0.20943258394827144,0.6515377122384237,NOT_AVAILABLE_NO_VALIDATED_HIGH_LOW_PANEL,0.06427401125178656,True,True,CHINA_INTERNET,NOT_DETERMINABLE_FROM_CLOSE_ONLY_PANEL,True,"HISTORICAL UK RETAIL, ISA, ACCOUNT AND BROKER ELIGIBILITY REMAIN PARTLY UNRESOLVED"
DD_04,2022-12-29,DAILY_WITH_LAST_WEEKLY_SIGNAL_ASOF,2022-12-23,False,2022-06-08,2022-07-06,2023-01-04,1.2254043866319833,-0.05033413012494303,EUROPE_BANKS,2022-12-01,1.0,3.0,0.07718947860451375,0.15635801240087543,0.23085792712191489,0.16227791503648348,0.16333967499461965,0.0025253906974075165,100.3960940990962,0.04150255785359169,0.07618392987990608,0.14153151611845805,0.1923442374240341,0.6496613820744385,NOT_AVAILABLE_NO_VALIDATED_HIGH_LOW_PANEL,0.07057092606510973,True,True,CHINA_INTERNET,NOT_DETERMINABLE_FROM_CLOSE_ONLY_PANEL,True,"HISTORICAL UK RETAIL, ISA, ACCOUNT AND BROKER ELIGIBILITY REMAIN PARTLY UNRESOLVED"
DD_04,2022-12-30,DAILY_WITH_LAST_WEEKLY_SIGNAL_ASOF,2022-12-30,True,2022-06-08,2022-07-06,2023-01-04,1.2245307358795499,-0.05101119339550708,EUROPE_BANKS,2022-12-01,1.0,3.0,0.07073270698389655,0.1699762992796483,0.25617640901316086,0.21731947298445564,0.16368835296550754,0.0026334216021749695,100.32451681072682,0.03691776620572873,0.07224548220017413,0.13912269047718784,0.1915395527555974,0.6529222820854831,NOT_AVAILABLE_NO_VALIDATED_HIGH_LOW_PANEL,0.07057092606510973,True,True,CHINA_INTERNET,NOT_DETERMINABLE_FROM_CLOSE_ONLY_PANEL,True,"HISTORICAL UK RETAIL, ISA, ACCOUNT AND BROKER ELIGIBILITY REMAIN PARTLY UNRESOLVED"
DD_04,2023-01-03,DAILY_WITH_LAST_WEEKLY_SIGNAL_ASOF,2022-12-30,False,2022-06-08,2022-07-06,2023-01-04,1.2617700992020262,-0.022151371487709626,EUROPE_BANKS,2022-12-01,1.0,3.0,0.07073270698389655,0.1699762992796483,0.25617640901316086,0.21731947298445564,0.16368835296550754,0.0026334216021749695,103.3754987274715,0.06184388707560773,0.10032922526747923,0.17173876000121857,,,NOT_AVAILABLE_NO_VALIDATED_HIGH_LOW_PANEL,0.10234172353233029,True,True,CHINA_INTERNET,NOT_DETERMINABLE_FROM_CLOSE_ONLY_PANEL,True,"HISTORICAL UK RETAIL, ISA, ACCOUNT AND BROKER ELIGIBILITY REMAIN PARTLY UNRESOLVED"
DD_04,2023-01-04,DAILY_WITH_LAST_WEEKLY_SIGNAL_ASOF,2022-12-30,False,2022-06-08,2022-07-06,2023-01-04,1.3014120020936943,0.008570374414138993,EUROPE_BANKS,2022-12-01,1.0,3.0,0.07073270698389655,0.1699762992796483,0.25617640901316086,0.21731947298445564,0.16368835296550754,0.0026334216021749695,106.62331818723192,0.08580695330334498,0.12892682741858108,0.2060493586519878,0.19929688544899754,0.7520311346154424,NOT_AVAILABLE_NO_VALIDATED_HIGH_LOW_PANEL,0.13697475500560663,True,True,CHINA_INTERNET,NOT_DETERMINABLE_FROM_CLOSE_ONLY_PANEL,True,"HISTORICAL UK RETAIL, ISA, ACCOUNT AND BROKER ELIGIBILITY REMAIN PARTLY UNRESOLVED"
DD_05,2023-03-06,DAILY_WITH_LAST_WEEKLY_SIGNAL_ASOF,2023-03-03,False,2023-03-06,2023-04-27,2023-08-01,1.5128354841825924,0.0,EUROPE_BANKS,2022-12-01,1.0,1.0,0.05953084427299693,0.08941475839916735,0.26831591266289845,0.5025881188229577,0.40683630388967496,0.002347246517121881,123.94502197262098,0.04121446381482885,0.09521398140145743,0.2660838121557434,0.17278104610106948,1.0243963676123968,NOT_AVAILABLE_NO_VALIDATED_HIGH_LOW_PANEL,0.3216842561964146,True,False,,NOT_DETERMINABLE_FROM_CLOSE_ONLY_PANEL,True,"HISTORICAL UK RETAIL, ISA, ACCOUNT AND BROKER ELIGIBILITY REMAIN PARTLY UNRESOLVED"
DD_05,2023-03-07,DAILY_WITH_LAST_WEEKLY_SIGNAL_ASOF,2023-03-03,False,2023-03-06,2023-04-27,2023-08-01,1.5019148497771742,-0.007218652999350317,EUROPE_BANKS,2022-12-01,1.0,1.0,0.05953084427299693,0.08941475839916735,0.26831591266289845,0.5025881188229577,0.40683630388967496,0.002347246517121881,123.05030586800378,0.030541253705523852,0.08359794183539493,0.25373900729826127,0.17423462448293078,1.0142747651806712,NOT_AVAILABLE_NO_VALIDATED_HIGH_LOW_PANEL,0.3216842561964146,True,False,,NOT_DETERMINABLE_FROM_CLOSE_ONLY_PANEL,True,"HISTORICAL UK RETAIL, ISA, ACCOUNT AND BROKER ELIGIBILITY REMAIN PARTLY UNRESOLVED"
DD_05,2023-03-08,DAILY_WITH_LAST_WEEKLY_SIGNAL_ASOF,2023-03-03,False,2023-03-06,2023-04-27,2023-08-01,1.5077027860120458,-0.0033927669096947,EUROPE_BANKS,2022-12-01,1.0,1.0,0.05953084427299693,0.08941475839916735,0.26831591266289845,0.5025881188229577,0.40683630388967496,0.002347246517121881,123.52450540345089,0.031277009144976775,0.08404241488330388,0.2553407546406645,0.1741941791402229,1.0100954127648567,NOT_AVAILABLE_NO_VALIDATED_HIGH_LOW_PANEL,0.3216842561964146,True,False,,NOT_DETERMINABLE_FROM_CLOSE_ONLY_PANEL,True,"HISTORICAL UK RETAIL, ISA, ACCOUNT AND BROKER ELIGIBILITY REMAIN PARTLY UNRESOLVED"
DD_05,2023-03-09,DAILY_WITH_LAST_WEEKLY_SIGNAL_ASOF,2023-03-03,False,2023-03-06,2023-04-27,2023-08-01,1.4796367555901206,-0.021944705118025154,EUROPE_BANKS,2022-12-01,1.0,1.0,0.05953084427299693,0.08941475839916735,0.26831591266289845,0.5025881188229577,0.40683630388967496,0.002347246517121881,121.22508501458468,0.010969489965577672,0.061205152715779754,0.22913539702229913,0.1784335469691341,1.0818595498589672,NOT_AVAILABLE_NO_VALIDATED_HIGH_LOW_PANEL,0.3216842561964146,True,False,,NOT_DETERMINABLE_FROM_CLOSE_ONLY_PANEL,True,"HISTORICAL UK RETAIL, ISA, ACCOUNT AND BROKER ELIGIBILITY REMAIN PARTLY UNRESOLVED"
DD_05,2023-03-10,DAILY_WITH_LAST_WEEKLY_SIGNAL_ASOF,2023-03-10,True,2023-03-06,2023-04-27,2023-08-01,1.4166246950708572,-0.06359633292427647,EUROPE_BANKS,2022-12-01,1.0,2.0,0.007582320093778128,0.06475209638631862,0.21136681464000384,0.41228684988094444,0.36355678294175764,0.0023790195129743687,116.06257309094342,-0.02925243665309374,0.01537489568512651,0.1747247516803554,0.20075296459234943,1.3513768318026038,NOT_AVAILABLE_NO_VALIDATED_HIGH_LOW_PANEL,0.3216842561964146,True,False,,NOT_DETERMINABLE_FROM_CLOSE_ONLY_PANEL,True,"HISTORICAL UK RETAIL, ISA, ACCOUNT AND BROKER ELIGIBILITY REMAIN PARTLY UNRESOLVED"
DD_05,2023-03-13,DAILY_WITH_LAST_WEEKLY_SIGNAL_ASOF,2023-03-10,False,2023-03-06,2023-04-27,2023-08-01,1.3234716835926394,-0.12517144300873473,EUROPE_BANKS,2022-12-01,1.0,2.0,0.007582320093778128,0.06475209638631862,0.21136681464000384,0.41228684988094444,0.36355678294175764,0.0023790195129743687,108.43064471855868,-0.08534577056374215,-0.049477427575373434,0.09641490843029699,0.24315560207248219,1.8102497710375853,NOT_AVAILABLE_NO_VALIDATED_HIGH_LOW_PANEL,0.3216842561964146,True,False,,NOT_DETERMINABLE_FROM_CLOSE_ONLY_PANEL,True,"HISTORICAL UK RETAIL, ISA, ACCOUNT AND BROKER ELIGIBILITY REMAIN PARTLY UNRESOLVED"
DD_05,2023-03-14,DAILY_WITH_LAST_WEEKLY_SIGNAL_ASOF,2023-03-10,False,2023-03-06,2023-04-27,2023-08-01,1.3574348565934904,-0.10272143218075513,EUROPE_BANKS,2022-12-01,1.0,2.0,0.007582320093778128,0.06475209638631862,0.21136681464000384,0.41228684988094444,0.36355678294175764,0.0023790195129743687,111.21321180391818,-0.05656704319447048,-0.02412495206470855,0.12315935890424834,0.2477095052921291,1.8864028476764974,NOT_AVAILABLE_NO_VALIDATED_HIGH_LOW_PANEL,0.3216842561964146,True,False,,NOT_DETERMINABLE_FROM_CLOSE_ONLY_PANEL,True,"HISTORICAL UK RETAIL, ISA, ACCOUNT AND BROKER ELIGIBILITY REMAIN PARTLY UNRESOLVED"
DD_05,2023-03-15,DAILY_WITH_LAST_WEEKLY_SIGNAL_ASOF,2023-03-10,False,2023-03-06,2023-04-27,2023-08-01,1.232830418027668,-0.1850862629033423,EUROPE_BANKS,2022-12-01,1.0,2.0,0.007582320093778128,0.06475209638631862,0.21136681464000384,0.41228684988094444,0.36355678294175764,0.0023790195129743687,101.00450105023592,-0.13186957263125265,-0.10973478012130056,0.01985645076231557,0.31119968645609014,2.5259266732674845,NOT_AVAILABLE_NO_VALIDATED_HIGH_LOW_PANEL,0.3216842561964146,True,False,,NOT_DETERMINABLE_FROM_CLOSE_ONLY_PANEL,True,"HISTORICAL UK RETAIL, ISA, ACCOUNT AND BROKER ELIGIBILITY REMAIN PARTLY UNRESOLVED"
DD_05,2023-03-16,DAILY_WITH_LAST_WEEKLY_SIGNAL_ASOF,2023-03-10,False,2023-03-06,2023-04-27,2023-08-01,1.250194226732283,-0.17360860463437533,EUROPE_BANKS,2022-12-01,1.0,2.0,0.007582320093778128,0.06475209638631862,0.21136681464000384,0.41228684988094444,0.36355678294175764,0.0023790195129743687,102.42709965657727,-0.1099618116706873,-0.0937415374207925,0.033868590000976306,0.31142603435262634,2.551328571285944,NOT_AVAILABLE_NO_VALIDATED_HIGH_LOW_PANEL,0.3216842561964146,True,False,,NOT_DETERMINABLE_FROM_CLOSE_ONLY_PANEL,True,"HISTORICAL UK RETAIL, ISA, ACCOUNT AND BROKER ELIGIBILITY REMAIN PARTLY UNRESOLVED"
DD_05,2023-03-17,DAILY_WITH_LAST_WEEKLY_SIGNAL_ASOF,2023-03-17,True,2023-03-06,2023-04-27,2023-08-01,1.2145929585706192,-0.19714141341225744,EUROPE_BANKS,2022-12-01,2.0,12.0,-0.12878971484867363,-0.07150327208351648,0.05152061855370427,0.14816438988563152,0.1429602595491617,0.0004012536466622355,99.51032515552518,-0.12453832322878489,-0.11540152764740652,0.004383290045790744,0.31672962864161935,2.4950057919220567,NOT_AVAILABLE_NO_VALIDATED_HIGH_LOW_PANEL,0.3216842561964146,False,False,,NOT_DETERMINABLE_FROM_CLOSE_ONLY_PANEL,True,"HISTORICAL UK RETAIL, ISA, ACCOUNT AND BROKER ELIGIBILITY REMAIN PARTLY UNRESOLVED"
DD_05,2023-03-20,DAILY_WITH_LAST_WEEKLY_SIGNAL_ASOF,2023-03-17,False,2023-03-06,2023-04-27,2023-08-01,1.2331580370598305,-0.18486970331336183,EUROPE_BANKS,2022-12-01,2.0,12.0,-0.12878971484867363,-0.07150327208351648,0.05152061855370427,0.14816438988563152,0.1429602595491617,0.0004012536466622355,101.03134253337443,-0.1020832719349496,-0.09827776123578957,0.01953510203449582,0.31698906537613314,2.5351830813309197,NOT_AVAILABLE_NO_VALIDATED_HIGH_LOW_PANEL,0.3216842561964146,False,False,,NOT_DETERMINABLE_FROM_CLOSE_ONLY_PANEL,True,"HISTORICAL UK RETAIL, ISA, ACCOUNT AND BROKER ELIGIBILITY REMAIN PARTLY UNRESOLVED"
DD_05,2023-03-21,DAILY_WITH_LAST_WEEKLY_SIGNAL_ASOF,2023-03-17,False,2023-03-06,2023-04-27,2023-08-01,1.3105853349942458,-0.13368945354796813,EUROPE_BANKS,2022-12-01,2.0,12.0,-0.12878971484867363,-0.07150327208351648,0.05152061855370427,0.14816438988563152,0.1429602595491617,0.0004012536466622355,107.37487971511038,-0.04172340005686115,-0.040092344769005916,0.08264943501241451,0.3385960445249634,2.8726804128942525,NOT_AVAILABLE_NO_VALIDATED_HIGH_LOW_PANEL,0.3216842561964146,False,False,,NOT_DETERMINABLE_FROM_CLOSE_ONLY_PANEL,True,"HISTORICAL UK RETAIL, ISA, ACCOUNT AND BROKER ELIGIBILITY REMAIN PARTLY UNRESOLVED"
DD_05,2023-03-22,DAILY_WITH_LAST_WEEKLY_SIGNAL_ASOF,2023-03-17,False,2023-03-06,2023-04-27,2023-08-01,1.299883113276936,-0.1407637334873314,EUROPE_BANKS,2022-12-01,2.0,12.0,-0.12878971484867363,-0.07150327208351648,0.05152061855370427,0.14816438988563152,0.1429602595491617,0.0004012536466622355,106.49805793258552,-0.0452480651615802,-0.0461380158725051,0.07302049420019618,0.3391582255442017,2.8717014811306565,NOT_AVAILABLE_NO_VALIDATED_HIGH_LOW_PANEL,0.3216842561964146,False,False,,NOT_DETERMINABLE_FROM_CLOSE_ONLY_PANEL,True,"HISTORICAL UK RETAIL, ISA, ACCOUNT AND BROKER ELIGIBILITY REMAIN PARTLY UNRESOLVED"
DD_05,2023-03-23,DAILY_WITH_LAST_WEEKLY_SIGNAL_ASOF,2023-03-17,False,2023-03-06,2023-04-27,2023-08-01,1.2710526384466316,-0.1598209774056163,EUROPE_BANKS,2022-12-01,2.0,12.0,-0.12878971484867363,-0.07150327208351648,0.05152061855370427,0.14816438988563152,0.1429602595491617,0.0004012536466622355,104.13600741639611,-0.060752105921997646,-0.0648260850470358,0.04870804600384182,0.33749717627008563,2.873269389050528,NOT_AVAILABLE_NO_VALIDATED_HIGH_LOW_PANEL,0.3216842561964146,False,False,,NOT_DETERMINABLE_FROM_CLOSE_ONLY_PANEL,True,"HISTORICAL UK RETAIL, ISA, ACCOUNT AND BROKER ELIGIBILITY REMAIN PARTLY UNRESOLVED"
DD_05,2023-03-24,DAILY_WITH_LAST_WEEKLY_SIGNAL_ASOF,2023-03-24,True,2023-03-06,2023-04-27,2023-08-01,1.2125180380335898,-0.19851295748213404,EUROPE_BANKS,2022-12-01,3.0,17.0,-0.13390504292116157,-0.09009406078003446,-0.021451780526888675,0.19763478916171384,0.20863397884210144,-0.0015328044961336784,99.34032909564792,-0.09545381190020008,-0.10410215244377108,0.00040876363640007796,0.348396367922984,2.9513155832762052,NOT_AVAILABLE_NO_VALIDATED_HIGH_LOW_PANEL,0.3216842561964146,False,False,,NOT_DETERMINABLE_FROM_CLOSE_ONLY_PANEL,True,"HISTORICAL UK RETAIL, ISA, ACCOUNT AND BROKER ELIGIBILITY REMAIN PARTLY UNRESOLVED"
DD_05,2023-03-27,DAILY_WITH_LAST_WEEKLY_SIGNAL_ASOF,2023-03-24,False,2023-03-06,2023-04-27,2023-08-01,1.2325027989955053,-0.18530282249332286,EUROPE_BANKS,2022-12-01,3.0,17.0,-0.13390504292116157,-0.09009406078003446,-0.021451780526888675,0.19763478916171384,0.20863397884210144,-0.0015328044961336784,100.97765956709739,-0.07376288759596916,-0.086134325949762,0.016726585801761118,0.3499924858496274,2.986163730641105,NOT_AVAILABLE_NO_VALIDATED_HIGH_LOW_PANEL,0.3216842561964146,False,False,,NOT_DETERMINABLE_FROM_CLOSE_ONLY_PANEL,True,"HISTORICAL UK RETAIL, ISA, ACCOUNT AND BROKER ELIGIBILITY REMAIN PARTLY UNRESOLVED"
DD_05,2023-03-28,DAILY_WITH_LAST_WEEKLY_SIGNAL_ASOF,2023-03-24,False,2023-03-06,2023-04-27,2023-08-01,1.2433142270568693,-0.17815635602396607,EUROPE_BANKS,2022-12-01,3.0,17.0,-0.13390504292116157,-0.09009406078003446,-0.021451780526888675,0.19763478916171384,0.20863397884210144,-0.0015328044961336784,101.86342851066843,-0.060029108830427225,-0.07528514318970492,0.025383586249983825,0.3504217904027104,2.9714629662416607,NOT_AVAILABLE_NO_VALIDATED_HIGH_LOW_PANEL,0.3216842561964146,False,False,,NOT_DETERMINABLE_FROM_CLOSE_ONLY_PANEL,True,"HISTORICAL UK RETAIL, ISA, ACCOUNT AND BROKER ELIGIBILITY REMAIN PARTLY UNRESOLVED"
DD_05,2023-03-29,DAILY_WITH_LAST_WEEKLY_SIGNAL_ASOF,2023-03-24,False,2023-03-06,2023-04-27,2023-08-01,1.2675580354368978,-0.16213094636540837,EUROPE_BANKS,2022-12-01,3.0,17.0,-0.13390504292116157,-0.09009406078003446,-0.021451780526888675,0.19763478916171384,0.20863397884210144,-0.0015328044961336784,103.84969826291861,-0.038053618530620725,-0.0551323508696171,0.044906093340451925,0.352492123119747,2.9881863699821927,NOT_AVAILABLE_NO_VALIDATED_HIGH_LOW_PANEL,0.3216842561964146,False,False,,NOT_DETERMINABLE_FROM_CLOSE_ONLY_PANEL,True,"HISTORICAL UK RETAIL, ISA, ACCOUNT AND BROKER ELIGIBILITY REMAIN PARTLY UNRESOLVED"
DD_05,2023-03-30,DAILY_WITH_LAST_WEEKLY_SIGNAL_ASOF,2023-03-24,False,2023-03-06,2023-04-27,2023-08-01,1.2943135897301725,-0.1444452465170002,EUROPE_BANKS,2022-12-01,3.0,17.0,-0.13390504292116157,-0.09009406078003446,-0.021451780526888675,0.19763478916171384,0.20863397884210144,-0.0015328044961336784,106.04175271923074,-0.01616144106418571,-0.03385492044163774,0.06625149077506998,0.3547600402670024,3.0351441161536807,NOT_AVAILABLE_NO_VALIDATED_HIGH_LOW_PANEL,0.3216842561964146,False,False,,NOT_DETERMINABLE_FROM_CLOSE_ONLY_PANEL,True,"HISTORICAL UK RETAIL, ISA, ACCOUNT AND BROKER ELIGIBILITY REMAIN PARTLY UNRESOLVED"
DD_05,2023-03-31,DAILY_WITH_LAST_WEEKLY_SIGNAL_ASOF,2023-03-31,True,2023-03-06,2023-04-27,2023-08-01,1.2853586695177295,-0.15036454197646743,EUROPE_BANKS,2022-12-01,3.0,18.0,-0.12417871113140844,-0.10154872048970986,-0.022668610489023577,0.24536137817891834,0.23286399553320614,-0.0028030042532334546,105.30808551344464,-0.02092395249730794,-0.03901159439648094,0.058254513613029024,0.35507349786425924,3.0349420688622333,NOT_AVAILABLE_NO_VALIDATED_HIGH_LOW_PANEL,0.3216842561964146,False,False,,NOT_DETERMINABLE_FROM_CLOSE_ONLY_PANEL,True,"HISTORICAL UK RETAIL, ISA, ACCOUNT AND BROKER ELIGIBILITY REMAIN PARTLY UNRESOLVED"
DD_05,2023-04-03,DAILY_WITH_LAST_WEEKLY_SIGNAL_ASOF,2023-03-31,False,2023-03-06,2023-04-27,2023-08-01,1.2898658020019977,-0.14738528049602728,GLOBAL_SEMICONDUCTORS,2023-04-03,1.0,1.0,0.07952363435485732,0.08549231647427935,0.20652272359495294,0.20920172199023668,0.0144146044797413,0.0020091807778367657,440.4941532900711,0.023094419831185542,0.05175862256302244,0.11275486853595451,0.2971321518144529,1.0070450856681032,NOT_AVAILABLE_NO_VALIDATED_HIGH_LOW_PANEL,0.0,True,False,,NOT_DETERMINABLE_FROM_CLOSE_ONLY_PANEL,True,"HISTORICAL UK RETAIL, ISA, ACCOUNT AND BROKER ELIGIBILITY REMAIN PARTLY UNRESOLVED"
DD_05,2023-04-04,DAILY_WITH_LAST_WEEKLY_SIGNAL_ASOF,2023-03-31,False,2023-03-06,2023-04-27,2023-08-01,1.2770769472800951,-0.1558388465682249,GLOBAL_SEMICONDUCTORS,2023-04-03,1.0,1.0,0.07952363435485732,0.08549231647427935,0.20652272359495294,0.20920172199023668,0.0144146044797413,0.0020091807778367657,436.12671000757564,0.011759400187594915,0.03964550574936432,0.10060805502603354,0.298293685236183,0.9979609752870611,NOT_AVAILABLE_NO_VALIDATED_HIGH_LOW_PANEL,0.0,True,False,,NOT_DETERMINABLE_FROM_CLOSE_ONLY_PANEL,True,"HISTORICAL UK RETAIL, ISA, ACCOUNT AND BROKER ELIGIBILITY REMAIN PARTLY UNRESOLVED"
DD_05,2023-04-05,DAILY_WITH_LAST_WEEKLY_SIGNAL_ASOF,2023-03-31,False,2023-03-06,2023-04-27,2023-08-01,1.2405189080245553,-0.18000409099683023,GLOBAL_SEMICONDUCTORS,2023-04-03,1.0,1.0,0.07952363435485732,0.08549231647427935,0.20652272359495294,0.20920172199023668,0.0144146044797413,0.0020091807778367657,423.6419984020584,-0.01566410594098,0.009492962060111632,0.06836708771632116,0.3049335720789867,1.0501699947231333,NOT_AVAILABLE_NO_VALIDATED_HIGH_LOW_PANEL,0.0,True,False,,NOT_DETERMINABLE_FROM_CLOSE_ONLY_PANEL,True,"HISTORICAL UK RETAIL, ISA, ACCOUNT AND BROKER ELIGIBILITY REMAIN PARTLY UNRESOLVED"
DD_05,2023-04-06,DAILY_WITH_LAST_WEEKLY_SIGNAL_ASOF,2023-04-06,True,2023-03-06,2023-04-27,2023-08-01,1.2500136638029378,-0.17372795860989554,GLOBAL_SEMICONDUCTORS,2023-04-03,1.0,2.0,0.01863719343778114,0.03361982272456254,0.10408104889195036,0.17514725930422403,0.04122174984202176,0.002064904719250326,426.88449417239593,-0.0073965018867647725,0.016533040040760394,0.07572490920357411,0.29190090245549566,1.0378878117478838,NOT_AVAILABLE_NO_VALIDATED_HIGH_LOW_PANEL,0.0,True,True,GLOBAL_GOLD_MINERS,NOT_DETERMINABLE_FROM_CLOSE_ONLY_PANEL,True,"HISTORICAL UK RETAIL, ISA, ACCOUNT AND BROKER ELIGIBILITY REMAIN PARTLY UNRESOLVED"
DD_05,2023-04-11,DAILY_WITH_LAST_WEEKLY_SIGNAL_ASOF,2023-04-06,False,2023-03-06,2023-04-27,2023-08-01,1.2635776006291979,-0.1647620551999891,GLOBAL_SEMICONDUCTORS,2023-04-03,1.0,2.0,0.01863719343778114,0.03361982272456254,0.10408104889195036,0.17514725930422403,0.04122174984202176,0.002064904719250326,431.51663098716375,0.00306657685946643,0.026453956346152774,0.08645282337186888,0.2899271751784936,1.0420701556447993,NOT_AVAILABLE_NO_VALIDATED_HIGH_LOW_PANEL,0.0,True,True,GLOBAL_GOLD_MINERS,NOT_DETERMINABLE_FROM_CLOSE_ONLY_PANEL,True,"HISTORICAL UK RETAIL, ISA, ACCOUNT AND BROKER ELIGIBILITY REMAIN PARTLY UNRESOLVED"
DD_05,2023-04-12,DAILY_WITH_LAST_WEEKLY_SIGNAL_ASOF,2023-04-06,False,2023-03-06,2023-04-27,2023-08-01,1.2422628427593603,-0.1788513319869851,GLOBAL_SEMICONDUCTORS,2023-04-03,1.0,2.0,0.01863719343778114,0.03361982272456254,0.10408104889195036,0.17514725930422403,0.04122174984202176,0.002064904719250326,424.23755884967136,-0.012610181979840651,0.008777593861587052,0.06740234894970776,0.2914353212856113,1.0002794294852466,NOT_AVAILABLE_NO_VALIDATED_HIGH_LOW_PANEL,0.0,True,True,GLOBAL_GOLD_MINERS,NOT_DETERMINABLE_FROM_CLOSE_ONLY_PANEL,True,"HISTORICAL UK RETAIL, ISA, ACCOUNT AND BROKER ELIGIBILITY REMAIN PARTLY UNRESOLVED"
DD_05,2023-04-13,DAILY_WITH_LAST_WEEKLY_SIGNAL_ASOF,2023-04-06,False,2023-03-06,2023-04-27,2023-08-01,1.2338015297867881,-0.18444434792364117,GLOBAL_SEMICONDUCTORS,2023-04-03,1.0,2.0,0.01863719343778114,0.03361982272456254,0.10408104889195036,0.17514725930422403,0.04122174984202176,0.002064904719250326,421.3479877890304,-0.01760868049963127,0.0018316924285648462,0.059498119232628044,0.29038148603231495,0.9500501361167855,NOT_AVAILABLE_NO_VALIDATED_HIGH_LOW_PANEL,0.0,True,True,GLOBAL_GOLD_MINERS,NOT_DETERMINABLE_FROM_CLOSE_ONLY_PANEL,True,"HISTORICAL UK RETAIL, ISA, ACCOUNT AND BROKER ELIGIBILITY REMAIN PARTLY UNRESOLVED"
DD_05,2023-04-14,DAILY_WITH_LAST_WEEKLY_SIGNAL_ASOF,2023-04-14,True,2023-03-06,2023-04-27,2023-08-01,1.245686122053607,-0.17658850874543708,GLOBAL_SEMICONDUCTORS,2023-04-03,1.0,4.0,-0.018771747396754024,0.018543035259147134,0.07898212928038428,0.20071433186130583,0.0705703136836009,0.001710222593678309,425.4066219505414,-0.007410757762477127,0.011026602436692512,0.06896233437000321,0.2908178299675127,0.9048195666116705,NOT_AVAILABLE_NO_VALIDATED_HIGH_LOW_PANEL,0.0,True,False,,NOT_DETERMINABLE_FROM_CLOSE_ONLY_PANEL,True,"HISTORICAL UK RETAIL, ISA, ACCOUNT AND BROKER ELIGIBILITY REMAIN PARTLY UNRESOLVED"
DD_05,2023-04-17,DAILY_WITH_LAST_WEEKLY_SIGNAL_ASOF,2023-04-14,False,2023-03-06,2023-04-27,2023-08-01,1.2378061206593036,-0.18179727167881132,GLOBAL_SEMICONDUCTORS,2023-04-03,1.0,4.0,-0.018771747396754024,0.018543035259147134,0.07898212928038428,0.20071433186130583,0.0705703136836009,0.001710222593678309,422.7155710391049,-0.012460699180895207,0.004448601345159009,0.06154326034561519,0.2912054723070916,0.8929912787284945,NOT_AVAILABLE_NO_VALIDATED_HIGH_LOW_PANEL,0.0,True,False,,NOT_DETERMINABLE_FROM_CLOSE_ONLY_PANEL,True,"HISTORICAL UK RETAIL, ISA, ACCOUNT AND BROKER ELIGIBILITY REMAIN PARTLY UNRESOLVED"
DD_05,2023-04-18,DAILY_WITH_LAST_WEEKLY_SIGNAL_ASOF,2023-04-14,False,2023-03-06,2023-04-27,2023-08-01,1.2482051388927697,-0.174923412397883,GLOBAL_SEMICONDUCTORS,2023-04-03,1.0,4.0,-0.018771747396754024,0.018543035259147134,0.07898212928038428,0.20071433186130583,0.0705703136836009,0.001710222593678309,426.2668759304269,-0.003787083439459993,0.012375511158651209,0.0697114800733436,0.291436038304713,0.8020676440808818,NOT_AVAILABLE_NO_VALIDATED_HIGH_LOW_PANEL,0.0,True,False,,NOT_DETERMINABLE_FROM_CLOSE_ONLY_PANEL,True,"HISTORICAL UK RETAIL, ISA, ACCOUNT AND BROKER ELIGIBILITY REMAIN PARTLY UNRESOLVED"
DD_05,2023-04-19,DAILY_WITH_LAST_WEEKLY_SIGNAL_ASOF,2023-04-14,False,2023-03-06,2023-04-27,2023-08-01,1.2271487417243847,-0.18884191007230933,GLOBAL_SEMICONDUCTORS,2023-04-03,1.0,4.0,-0.018771747396754024,0.018543035259147134,0.07898212928038428,0.20071433186130583,0.0705703136836009,0.001710222593678309,419.07603497035865,-0.018755600559226093,-0.004519013637870217,0.051125778782083575,0.2937160546551477,0.8198594359266502,NOT_AVAILABLE_NO_VALIDATED_HIGH_LOW_PANEL,0.0,True,False,,NOT_DETERMINABLE_FROM_CLOSE_ONLY_PANEL,True,"HISTORICAL UK RETAIL, ISA, ACCOUNT AND BROKER ELIGIBILITY REMAIN PARTLY UNRESOLVED"
DD_05,2023-04-20,DAILY_WITH_LAST_WEEKLY_SIGNAL_ASOF,2023-04-14,False,2023-03-06,2023-04-27,2023-08-01,1.2377415304839405,-0.18183996645695366,GLOBAL_SEMICONDUCTORS,2023-04-03,1.0,4.0,-0.018771747396754024,0.018543035259147134,0.07898212928038428,0.20071433186130583,0.0705703136836009,0.001710222593678309,422.6935132447489,-0.009359175100201234,0.003913620939732132,0.05956445624622653,0.2870942450176789,0.8310483812898354,NOT_AVAILABLE_NO_VALIDATED_HIGH_LOW_PANEL,0.0,True,False,,NOT_DETERMINABLE_FROM_CLOSE_ONLY_PANEL,True,"HISTORICAL UK RETAIL, ISA, ACCOUNT AND BROKER ELIGIBILITY REMAIN PARTLY UNRESOLVED"
DD_05,2023-04-21,DAILY_WITH_LAST_WEEKLY_SIGNAL_ASOF,2023-04-21,True,2023-03-06,2023-04-27,2023-08-01,1.2336723494360626,-0.18452973747992552,GLOBAL_SEMICONDUCTORS,2023-04-03,1.0,6.0,-0.04898910148312774,0.018237737248563146,0.07108422664346215,0.19211515401617008,0.03963781694315682,0.0008853437508880437,421.30387220031855,-0.011482252239145452,0.0005891091116589919,0.05549206148076835,0.2869264218560199,0.8331770829524001,NOT_AVAILABLE_NO_VALIDATED_HIGH_LOW_PANEL,0.0,True,False,,NOT_DETERMINABLE_FROM_CLOSE_ONLY_PANEL,True,"HISTORICAL UK RETAIL, ISA, ACCOUNT AND BROKER ELIGIBILITY REMAIN PARTLY UNRESOLVED"
DD_05,2023-04-24,DAILY_WITH_LAST_WEEKLY_SIGNAL_ASOF,2023-04-21,False,2023-03-06,2023-04-27,2023-08-01,1.2125513620923143,-0.1984909299324944,GLOBAL_SEMICONDUCTORS,2023-04-03,1.0,6.0,-0.04898910148312774,0.018237737248563146,0.07108422664346215,0.19211515401617008,0.03963781694315682,0.0008853437508880437,414.09097344589424,-0.025890577388284153,-0.015903029365272103,0.03703545081024506,0.26829001877010294,0.8421892415106865,NOT_AVAILABLE_NO_VALIDATED_HIGH_LOW_PANEL,0.0,True,False,,NOT_DETERMINABLE_FROM_CLOSE_ONLY_PANEL,True,"HISTORICAL UK RETAIL, ISA, ACCOUNT AND BROKER ELIGIBILITY REMAIN PARTLY UNRESOLVED"
DD_05,2023-04-25,DAILY_WITH_LAST_WEEKLY_SIGNAL_ASOF,2023-04-21,False,2023-03-06,2023-04-27,2023-08-01,1.1977602119341542,-0.2082680341271067,GLOBAL_SEMICONDUCTORS,2023-04-03,1.0,6.0,-0.04898910148312774,0.018237737248563146,0.07108422664346215,0.19211515401617008,0.03963781694315682,0.0008853437508880437,409.03973853836163,-0.034457528542714444,-0.026842376675015656,0.024136812237944616,0.26886068466437013,0.8312853005184931,NOT_AVAILABLE_NO_VALIDATED_HIGH_LOW_PANEL,0.0,True,False,,NOT_DETERMINABLE_FROM_CLOSE_ONLY_PANEL,True,"HISTORICAL UK RETAIL, ISA, ACCOUNT AND BROKER ELIGIBILITY REMAIN PARTLY UNRESOLVED"
DD_05,2023-04-26,DAILY_WITH_LAST_WEEKLY_SIGNAL_ASOF,2023-04-21,False,2023-03-06,2023-04-27,2023-08-01,1.1895572596630348,-0.21369027095119308,GLOBAL_SEMICONDUCTORS,2023-04-03,1.0,6.0,-0.04898910148312774,0.018237737248563146,0.07108422664346215,0.19211515401617008,0.03963781694315682,0.0008853437508880437,406.23839865514486,-0.037476396268221746,-0.03223547378928171,0.01694966779271856,0.26709148634008184,0.7985891199708803,NOT_AVAILABLE_NO_VALIDATED_HIGH_LOW_PANEL,0.0,True,False,,NOT_DETERMINABLE_FROM_CLOSE_ONLY_PANEL,True,"HISTORICAL UK RETAIL, ISA, ACCOUNT AND BROKER ELIGIBILITY REMAIN PARTLY UNRESOLVED"
DD_05,2023-04-27,DAILY_WITH_LAST_WEEKLY_SIGNAL_ASOF,2023-04-21,False,2023-03-06,2023-04-27,2023-08-01,1.1804500449368314,-0.2197102346692733,GLOBAL_SEMICONDUCTORS,2023-04-03,1.0,6.0,-0.04898910148312774,0.018237737248563146,0.07108422664346215,0.19211515401617008,0.03963781694315682,0.0008853437508880437,403.12824965094353,-0.040935477374603124,-0.03814926820718123,0.009071921008663386,0.26665289146869964,0.8011043155962075,NOT_AVAILABLE_NO_VALIDATED_HIGH_LOW_PANEL,0.0,True,False,,NOT_DETERMINABLE_FROM_CLOSE_ONLY_PANEL,True,"HISTORICAL UK RETAIL, ISA, ACCOUNT AND BROKER ELIGIBILITY REMAIN PARTLY UNRESOLVED"
DD_05,2023-04-28,DAILY_WITH_LAST_WEEKLY_SIGNAL_ASOF,2023-04-28,True,2023-03-06,2023-04-27,2023-08-01,1.192011686326834,-0.21206786938178168,GLOBAL_SEMICONDUCTORS,2023-04-03,1.0,7.0,-0.06145738348418517,-0.018071924610167822,0.005192982945477764,0.16472796313318105,0.03832273791261276,-0.0005847527416228156,407.0765948406742,-0.028757137082465745,-0.027633164880778827,0.01876289333899206,0.2671578926929086,0.7742500792073465,NOT_AVAILABLE_NO_VALIDATED_HIGH_LOW_PANEL,0.0,True,True,GLOBAL_GOLD_MINERS,NOT_DETERMINABLE_FROM_CLOSE_ONLY_PANEL,True,"HISTORICAL UK RETAIL, ISA, ACCOUNT AND BROKER ELIGIBILITY REMAIN PARTLY UNRESOLVED"
DD_05,2023-05-02,DAILY_WITH_LAST_WEEKLY_SIGNAL_ASOF,2023-04-28,False,2023-03-06,2023-04-27,2023-08-01,1.2066090659589048,-0.2024188495215964,GLOBAL_SEMICONDUCTORS,2023-04-03,1.0,7.0,-0.06145738348418517,-0.018071924610167822,0.005192982945477764,0.16472796313318105,0.03832273791261276,-0.0005847527416228156,412.06165636513873,-0.015353804427250206,-0.015118191637694345,0.030918224692125795,0.26729520737831686,0.691516983386738,NOT_AVAILABLE_NO_VALIDATED_HIGH_LOW_PANEL,0.0,True,True,GLOBAL_GOLD_MINERS,NOT_DETERMINABLE_FROM_CLOSE_ONLY_PANEL,True,"HISTORICAL UK RETAIL, ISA, ACCOUNT AND BROKER ELIGIBILITY REMAIN PARTLY UNRESOLVED"
DD_05,2023-05-03,DAILY_WITH_LAST_WEEKLY_SIGNAL_ASOF,2023-04-28,False,2023-03-06,2023-04-27,2023-08-01,1.1908490631702975,-0.212836375388345,GLOBAL_SEMICONDUCTORS,2023-04-03,1.0,7.0,-0.06145738348418517,-0.018071924610167822,0.005192982945477764,0.16472796313318105,0.03832273791261276,-0.0005847527416228156,406.6795545422655,-0.025715652165476,-0.026914322017165593,0.01727632830356618,0.26860346212913255,0.6302347299672914,NOT_AVAILABLE_NO_VALIDATED_HIGH_LOW_PANEL,0.0,True,True,GLOBAL_GOLD_MINERS,NOT_DETERMINABLE_FROM_CLOSE_ONLY_PANEL,True,"HISTORICAL UK RETAIL, ISA, ACCOUNT AND BROKER ELIGIBILITY REMAIN PARTLY UNRESOLVED"
DD_05,2023-05-04,DAILY_WITH_LAST_WEEKLY_SIGNAL_ASOF,2023-04-28,False,2023-03-06,2023-04-27,2023-08-01,1.1809021761643732,-0.2194113712222765,GLOBAL_SEMICONDUCTORS,2023-04-03,1.0,7.0,-0.06145738348418517,-0.018071924610167822,0.005192982945477764,0.16472796313318105,0.03832273791261276,-0.0005847527416228156,403.2826542114357,-0.03087103071078179,-0.03371440524106317,0.008691139252692937,0.2648422396252219,0.6311065059938993,NOT_AVAILABLE_NO_VALIDATED_HIGH_LOW_PANEL,0.0,True,True,GLOBAL_GOLD_MINERS,NOT_DETERMINABLE_FROM_CLOSE_ONLY_PANEL,True,"HISTORICAL UK RETAIL, ISA, ACCOUNT AND BROKER ELIGIBILITY REMAIN PARTLY UNRESOLVED"
DD_05,2023-05-05,DAILY_WITH_LAST_WEEKLY_SIGNAL_ASOF,2023-05-05,True,2023-03-06,2023-04-27,2023-08-01,1.1965975887776172,-0.20903654013367035,GLOBAL_SEMICONDUCTORS,2023-04-03,4.0,9.0,-0.06320048560568436,-0.0030492901677703355,-0.013418770748227948,0.16578837619839537,0.016457442718475157,-0.0015074387396455371,408.64269823995284,-0.016381613002709128,-0.02006940680614422,0.021873001997808394,0.24731059491478188,0.6650765536440283,NOT_AVAILABLE_NO_VALIDATED_HIGH_LOW_PANEL,0.0,False,False,,NOT_DETERMINABLE_FROM_CLOSE_ONLY_PANEL,True,"HISTORICAL UK RETAIL, ISA, ACCOUNT AND BROKER ELIGIBILITY REMAIN PARTLY UNRESOLVED"
DD_05,2023-05-09,DAILY_WITH_LAST_WEEKLY_SIGNAL_ASOF,2023-05-05,False,2023-03-06,2023-04-27,2023-08-01,1.195176604919628,-0.20997582525280356,GLOBAL_SEMICONDUCTORS,2023-04-03,4.0,9.0,-0.06320048560568436,-0.0030492901677703355,-0.013418770748227948,0.16578837619839537,0.016457442718475157,-0.0015074387396455371,408.15742676412003,-0.015979748813554018,-0.02041742484405762,0.020449736092599702,,,NOT_AVAILABLE_NO_VALIDATED_HIGH_LOW_PANEL,0.0,False,False,,NOT_DETERMINABLE_FROM_CLOSE_ONLY_PANEL,True,"HISTORICAL UK RETAIL, ISA, ACCOUNT AND BROKER ELIGIBILITY REMAIN PARTLY UNRESOLVED"
DD_05,2023-05-10,DAILY_WITH_LAST_WEEKLY_SIGNAL_ASOF,2023-05-05,False,2023-03-06,2023-04-27,2023-08-01,1.2100323452531514,-0.20015602628004858,GLOBAL_SEMICONDUCTORS,2023-04-03,4.0,9.0,-0.06320048560568436,-0.0030492901677703355,-0.013418770748227948,0.16578837619839537,0.016457442718475157,-0.0015074387396455371,413.2307194660087,-0.0034090054586718432,-0.00792082863664989,0.032793166276278596,0.2450523686834773,0.6883582892265556,NOT_AVAILABLE_NO_VALIDATED_HIGH_LOW_PANEL,0.0,False,False,,NOT_DETERMINABLE_FROM_CLOSE_ONLY_PANEL,True,"HISTORICAL UK RETAIL, ISA, ACCOUNT AND BROKER ELIGIBILITY REMAIN PARTLY UNRESOLVED"
DD_05,2023-05-11,DAILY_WITH_LAST_WEEKLY_SIGNAL_ASOF,2023-05-05,False,2023-03-06,2023-04-27,2023-08-01,1.2017002126313057,-0.20566365266041986,GLOBAL_SEMICONDUCTORS,2023-04-03,4.0,9.0,-0.06320048560568436,-0.0030492901677703355,-0.013418770748227948,0.16578837619839537,0.016457442718475157,-0.0015074387396455371,410.3852639940798,-0.009346370413903515,-0.014181850985162003,0.025419447920428162,0.24290921052123082,0.6132986031066825,NOT_AVAILABLE_NO_VALIDATED_HIGH_LOW_PANEL,0.0,False,False,,NOT_DETERMINABLE_FROM_CLOSE_ONLY_PANEL,True,"HISTORICAL UK RETAIL, ISA, ACCOUNT AND BROKER ELIGIBILITY REMAIN PARTLY UNRESOLVED"
DD_05,2023-05-12,DAILY_WITH_LAST_WEEKLY_SIGNAL_ASOF,2023-05-12,True,2023-03-06,2023-04-27,2023-08-01,1.2073195578878992,-0.20194920696203,GLOBAL_SEMICONDUCTORS,2023-04-03,3.0,13.0,-0.046319677814020244,-0.03673518256687991,-0.01663227986720106,0.12234502764126876,0.016011477210336356,-0.00214685439881826,412.3042921030551,-0.004287212901898485,-0.009200086005205277,0.029904843519183988,0.24295438279308718,0.6113172039702949,NOT_AVAILABLE_NO_VALIDATED_HIGH_LOW_PANEL,0.0,False,False,,NOT_DETERMINABLE_FROM_CLOSE_ONLY_PANEL,True,"HISTORICAL UK RETAIL, ISA, ACCOUNT AND BROKER ELIGIBILITY REMAIN PARTLY UNRESOLVED"
DD_05,2023-05-15,DAILY_WITH_LAST_WEEKLY_SIGNAL_ASOF,2023-05-12,False,2023-03-06,2023-04-27,2023-08-01,1.2157162806851078,-0.1963988858035165,GLOBAL_SEMICONDUCTORS,2023-04-03,3.0,13.0,-0.046319677814020244,-0.03673518256687991,-0.01663227986720106,0.12234502764126876,0.016011477210336356,-0.00214685439881826,415.17180536933995,0.0023974407097067107,-0.0022188673262450997,0.03668531080746984,0.243302604403985,0.6018714795593255,NOT_AVAILABLE_NO_VALIDATED_HIGH_LOW_PANEL,0.0,False,False,,NOT_DETERMINABLE_FROM_CLOSE_ONLY_PANEL,True,"HISTORICAL UK RETAIL, ISA, ACCOUNT AND BROKER ELIGIBILITY REMAIN PARTLY UNRESOLVED"
DD_05,2023-05-16,DAILY_WITH_LAST_WEEKLY_SIGNAL_ASOF,2023-05-12,False,2023-03-06,2023-04-27,2023-08-01,1.2472362862623225,-0.1755638340700192,GLOBAL_SEMICONDUCTORS,2023-04-03,3.0,13.0,-0.046319677814020244,-0.03673518256687991,-0.01663227986720106,0.12234502764126876,0.016011477210336356,-0.00214685439881826,425.9360090150863,0.025739672306283046,0.022702175812964187,0.06289131102905587,0.24864350662922263,0.6581830212068325,NOT_AVAILABLE_NO_VALIDATED_HIGH_LOW_PANEL,0.0,False,False,,NOT_DETERMINABLE_FROM_CLOSE_ONLY_PANEL,True,"HISTORICAL UK RETAIL, ISA, ACCOUNT AND BROKER ELIGIBILITY REMAIN PARTLY UNRESOLVED"
DD_05,2023-05-17,DAILY_WITH_LAST_WEEKLY_SIGNAL_ASOF,2023-05-12,False,2023-03-06,2023-04-27,2023-08-01,1.2599605508088623,-0.1671529627759638,GLOBAL_SEMICONDUCTORS,2023-04-03,3.0,13.0,-0.046319677814020244,-0.03673518256687991,-0.01663227986720106,0.12234502764126876,0.016011477210336356,-0.00214685439881826,430.28139450322584,0.03280497056452303,0.03179499365032701,0.07294769321648342,0.24348971917043855,0.6621197683455693,NOT_AVAILABLE_NO_VALIDATED_HIGH_LOW_PANEL,0.0,False,False,,NOT_DETERMINABLE_FROM_CLOSE_ONLY_PANEL,True,"HISTORICAL UK RETAIL, ISA, ACCOUNT AND BROKER ELIGIBILITY REMAIN PARTLY UNRESOLVED"
DD_05,2023-05-18,DAILY_WITH_LAST_WEEKLY_SIGNAL_ASOF,2023-05-12,False,2023-03-06,2023-04-27,2023-08-01,1.3163477739008875,-0.1298804214576379,GLOBAL_SEMICONDUCTORS,2023-04-03,3.0,13.0,-0.046319677814020244,-0.03673518256687991,-0.01663227986720106,0.12234502764126876,0.016011477210336356,-0.00214685439881826,449.53784897604663,0.07132961011305716,0.0746850325054369,0.1196178856413066,0.25861376875969955,0.8457939430620699,NOT_AVAILABLE_NO_VALIDATED_HIGH_LOW_PANEL,0.020530796194291767,False,False,,NOT_DETERMINABLE_FROM_CLOSE_ONLY_PANEL,True,"HISTORICAL UK RETAIL, ISA, ACCOUNT AND BROKER ELIGIBILITY REMAIN PARTLY UNRESOLVED"
DD_05,2023-05-19,DAILY_WITH_LAST_WEEKLY_SIGNAL_ASOF,2023-05-19,True,2023-03-06,2023-04-27,2023-08-01,1.3056903949659686,-0.136925059851136,GLOBAL_SEMICONDUCTORS,2023-04-03,3.0,2.0,0.04265962799897616,-0.0010468606122472357,0.049019255680984086,0.11481624903753285,0.04834146778241033,-0.0018203509743288386,445.89831290730046,0.05663733997332976,0.06323295871305423,0.10933296355166955,0.25917713072790705,0.8490466781060324,NOT_AVAILABLE_NO_VALIDATED_HIGH_LOW_PANEL,0.020530796194291767,False,False,,NOT_DETERMINABLE_FROM_CLOSE_ONLY_PANEL,True,"HISTORICAL UK RETAIL, ISA, ACCOUNT AND BROKER ELIGIBILITY REMAIN PARTLY UNRESOLVED"
DD_05,2023-05-22,DAILY_WITH_LAST_WEEKLY_SIGNAL_ASOF,2023-05-19,False,2023-03-06,2023-04-27,2023-08-01,1.3103731826797969,-0.133829688435811,GLOBAL_SEMICONDUCTORS,2023-04-03,3.0,2.0,0.04265962799897616,-0.0010468606122472357,0.049019255680984086,0.11481624903753285,0.04834146778241033,-0.0018203509743288386,447.49750299811325,0.05463343585677127,0.06424799896438205,0.11205770554437966,0.2575503617097862,0.8460307973604677,NOT_AVAILABLE_NO_VALIDATED_HIGH_LOW_PANEL,0.020530796194291767,False,False,,NOT_DETERMINABLE_FROM_CLOSE_ONLY_PANEL,True,"HISTORICAL UK RETAIL, ISA, ACCOUNT AND BROKER ELIGIBILITY REMAIN PARTLY UNRESOLVED"
DD_05,2023-05-23,DAILY_WITH_LAST_WEEKLY_SIGNAL_ASOF,2023-05-19,False,2023-03-06,2023-04-27,2023-08-01,1.3068207230348239,-0.1361779012336436,GLOBAL_SEMICONDUCTORS,2023-04-03,3.0,2.0,0.04265962799897616,-0.0010468606122472357,0.049019255680984086,0.11481624903753285,0.04834146778241033,-0.0018203509743288386,446.28432430853115,0.04684704255958683,0.05881487664927754,0.1078408733104661,0.2575334578811574,0.8123890574470186,NOT_AVAILABLE_NO_VALIDATED_HIGH_LOW_PANEL,0.020530796194291767,False,False,,NOT_DETERMINABLE_FROM_CLOSE_ONLY_PANEL,True,"HISTORICAL UK RETAIL, ISA, ACCOUNT AND BROKER ELIGIBILITY REMAIN PARTLY UNRESOLVED"
DD_05,2023-05-24,DAILY_WITH_LAST_WEEKLY_SIGNAL_ASOF,2023-05-19,False,2023-03-06,2023-04-27,2023-08-01,1.2757851437728325,-0.15669274213107298,GLOBAL_SEMICONDUCTORS,2023-04-03,3.0,2.0,0.04265962799897616,-0.0010468606122472357,0.049019255680984086,0.11481624903753285,0.04834146778241033,-0.0018203509743288386,435.685554120455,0.019947002303941863,0.03230615282947413,0.08065416722987973,0.2564443627135759,0.8721242728454407,NOT_AVAILABLE_NO_VALIDATED_HIGH_LOW_PANEL,0.020530796194291767,False,False,,NOT_DETERMINABLE_FROM_CLOSE_ONLY_PANEL,True,"HISTORICAL UK RETAIL, ISA, ACCOUNT AND BROKER ELIGIBILITY REMAIN PARTLY UNRESOLVED"
DD_05,2023-05-25,DAILY_WITH_LAST_WEEKLY_SIGNAL_ASOF,2023-05-19,False,2023-03-06,2023-04-27,2023-08-01,1.3748018826045334,-0.09124164723875483,GLOBAL_SEMICONDUCTORS,2023-04-03,3.0,2.0,0.04265962799897616,-0.0010468606122472357,0.049019255680984086,0.11481624903753285,0.04834146778241033,-0.0018203509743288386,469.5001528682607,0.08929324300004104,0.1075429038692135,0.16262301949792102,0.29892259434854235,1.2691224469890388,NOT_AVAILABLE_NO_VALIDATED_HIGH_LOW_PANEL,0.06584877315973992,False,False,,NOT_DETERMINABLE_FROM_CLOSE_ONLY_PANEL,True,"HISTORICAL UK RETAIL, ISA, ACCOUNT AND BROKER ELIGIBILITY REMAIN PARTLY UNRESOLVED"
DD_05,2023-05-26,DAILY_WITH_LAST_WEEKLY_SIGNAL_ASOF,2023-05-26,True,2023-03-06,2023-04-27,2023-08-01,1.4379387790220073,-0.049507501604546866,GLOBAL_SEMICONDUCTORS,2023-04-03,1.0,1.0,0.18132061940721012,0.061819609528937836,0.19079197301771278,0.24854477548500875,0.19387209260533012,-6.105471335974834e-05,491.0616468512875,0.12506899765133794,0.1512545051410934,0.21340762656922707,0.306823039401931,1.3238722201613913,NOT_AVAILABLE_NO_VALIDATED_HIGH_LOW_PANEL,0.11479719579369085,True,False,,NOT_DETERMINABLE_FROM_CLOSE_ONLY_PANEL,True,"HISTORICAL UK RETAIL, ISA, ACCOUNT AND BROKER ELIGIBILITY REMAIN PARTLY UNRESOLVED"
DD_05,2023-05-30,DAILY_WITH_LAST_WEEKLY_SIGNAL_ASOF,2023-05-26,False,2023-03-06,2023-04-27,2023-08-01,1.4813756719537219,-0.02079526330377468,GLOBAL_SEMICONDUCTORS,2023-04-03,1.0,1.0,0.18132061940721012,0.061819609528937836,0.19079197301771278,0.24854477548500875,0.19387209260533012,-6.105471335974834e-05,505.89551355572274,0.14253429326579536,0.17744146925268334,0.24695928165614323,,,NOT_AVAILABLE_NO_VALIDATED_HIGH_LOW_PANEL,0.14847270906359578,True,False,,NOT_DETERMINABLE_FROM_CLOSE_ONLY_PANEL,True,"HISTORICAL UK RETAIL, ISA, ACCOUNT AND BROKER ELIGIBILITY REMAIN PARTLY UNRESOLVED"
DD_05,2023-05-31,DAILY_WITH_LAST_WEEKLY_SIGNAL_ASOF,2023-05-26,False,2023-03-06,2023-04-27,2023-08-01,1.4271199246486805,-0.05665887694340088,GLOBAL_SEMICONDUCTORS,2023-04-03,1.0,1.0,0.18132061940721012,0.061819609528937836,0.19079197301771278,0.24854477548500875,0.19387209260533012,-6.105471335974834e-05,487.3669662966511,0.0907049078929909,0.12837384837012022,0.19888786775547773,0.31603952533011453,1.4111879940673147,NOT_AVAILABLE_NO_VALIDATED_HIGH_LOW_PANEL,0.14847270906359578,True,False,,NOT_DETERMINABLE_FROM_CLOSE_ONLY_PANEL,True,"HISTORICAL UK RETAIL, ISA, ACCOUNT AND BROKER ELIGIBILITY REMAIN PARTLY UNRESOLVED"
DD_05,2023-06-01,DAILY_WITH_LAST_WEEKLY_SIGNAL_ASOF,2023-05-26,False,2023-03-06,2023-04-27,2023-08-01,1.4238904158805235,-0.05879361585052145,GLOBAL_SEMICONDUCTORS,2023-04-03,1.0,1.0,0.18132061940721012,0.061819609528937836,0.19079197301771278,0.24854477548500875,0.19387209260533012,-6.105471335974834e-05,486.2640765788493,0.07957684685739608,0.12029271552211318,0.19384446736110617,0.31387778303794267,1.3965577139603682,NOT_AVAILABLE_NO_VALIDATED_HIGH_LOW_PANEL,0.14847270906359578,True,False,,NOT_DETERMINABLE_FROM_CLOSE_ONLY_PANEL,True,"HISTORICAL UK RETAIL, ISA, ACCOUNT AND BROKER ELIGIBILITY REMAIN PARTLY UNRESOLVED"
DD_05,2023-06-02,DAILY_WITH_LAST_WEEKLY_SIGNAL_ASOF,2023-06-02,True,2023-03-06,2023-04-27,2023-08-01,1.4353551720074813,-0.0512152927302435,GLOBAL_SEMICONDUCTORS,2023-04-03,1.0,1.0,0.15213067216942733,0.08035934751252394,0.15178940823041143,0.24749899201269732,0.12929477477652696,0.0020315249272164428,490.1793350770459,0.07960601140461598,0.12361502873782304,0.2010255466731794,0.314039871726637,1.3717274595405766,NOT_AVAILABLE_NO_VALIDATED_HIGH_LOW_PANEL,0.14847270906359578,True,False,,NOT_DETERMINABLE_FROM_CLOSE_ONLY_PANEL,True,"HISTORICAL UK RETAIL, ISA, ACCOUNT AND BROKER ELIGIBILITY REMAIN PARTLY UNRESOLVED"
DD_05,2023-06-05,DAILY_WITH_LAST_WEEKLY_SIGNAL_ASOF,2023-06-02,False,2023-03-06,2023-04-27,2023-08-01,1.4269584492102727,-0.056765613888756894,GLOBAL_SEMICONDUCTORS,2023-04-03,1.0,1.0,0.15213067216942733,0.08035934751252394,0.15178940823041143,0.24749899201269732,0.12929477477652696,0.0020315249272164428,487.31182181076105,0.06618664603520497,0.11193829862276128,0.19169924481438794,0.31444600746469265,1.3771652404633756,NOT_AVAILABLE_NO_VALIDATED_HIGH_LOW_PANEL,0.14847270906359578,True,False,,NOT_DETERMINABLE_FROM_CLOSE_ONLY_PANEL,True,"HISTORICAL UK RETAIL, ISA, ACCOUNT AND BROKER ELIGIBILITY REMAIN PARTLY UNRESOLVED"
DD_05,2023-06-06,DAILY_WITH_LAST_WEEKLY_SIGNAL_ASOF,2023-06-02,False,2023-03-06,2023-04-27,2023-08-01,1.4303494334168376,-0.05452413803628042,GLOBAL_SEMICONDUCTORS,2023-04-03,1.0,1.0,0.15213067216942733,0.08035934751252394,0.15178940823041143,0.24749899201269732,0.12929477477652696,0.0020315249272164428,488.469856014453,0.06208513751193512,0.10959486864068824,0.19222345796665574,0.3135825604955691,1.376566700567713,NOT_AVAILABLE_NO_VALIDATED_HIGH_LOW_PANEL,0.14847270906359578,True,False,,NOT_DETERMINABLE_FROM_CLOSE_ONLY_PANEL,True,"HISTORICAL UK RETAIL, ISA, ACCOUNT AND BROKER ELIGIBILITY REMAIN PARTLY UNRESOLVED"
DD_05,2023-06-07,DAILY_WITH_LAST_WEEKLY_SIGNAL_ASOF,2023-06-02,False,2023-03-06,2023-04-27,2023-08-01,1.433740417623403,-0.05228266218380362,GLOBAL_SEMICONDUCTORS,2023-04-03,1.0,1.0,0.15213067216942733,0.08035934751252394,0.15178940823041143,0.24749899201269732,0.12929477477652696,0.0020315249272164428,489.62789021814507,0.05838714960807434,0.1073519748086944,0.19273505344898,0.31354399263174754,1.3542248101048928,NOT_AVAILABLE_NO_VALIDATED_HIGH_LOW_PANEL,0.14847270906359578,True,False,,NOT_DETERMINABLE_FROM_CLOSE_ONLY_PANEL,True,"HISTORICAL UK RETAIL, ISA, ACCOUNT AND BROKER ELIGIBILITY REMAIN PARTLY UNRESOLVED"
DD_05,2023-06-08,DAILY_WITH_LAST_WEEKLY_SIGNAL_ASOF,2023-06-02,False,2023-03-06,2023-04-27,2023-08-01,1.4204994316739583,-0.061035091702998145,GLOBAL_SEMICONDUCTORS,2023-04-03,1.0,1.0,0.15213067216942733,0.08035934751252394,0.15178940823041143,0.24749899201269732,0.12929477477652696,0.0020315249272164428,485.1060423751573,0.04399887619273968,0.09296236305887118,0.17958693928508196,0.3141493197285937,1.354960203642858,NOT_AVAILABLE_NO_VALIDATED_HIGH_LOW_PANEL,0.14847270906359578,True,False,,NOT_DETERMINABLE_FROM_CLOSE_ONLY_PANEL,True,"HISTORICAL UK RETAIL, ISA, ACCOUNT AND BROKER ELIGIBILITY REMAIN PARTLY UNRESOLVED"
DD_05,2023-06-09,DAILY_WITH_LAST_WEEKLY_SIGNAL_ASOF,2023-06-09,True,2023-03-06,2023-04-27,2023-08-01,1.427604350963904,-0.056338666107332847,GLOBAL_SEMICONDUCTORS,2023-04-03,1.0,1.0,0.14522903439721557,0.11319938620148018,0.1487644332825213,0.23191399286054293,0.15446745986596122,0.003918554496781653,487.53239975432143,0.04454671716677705,0.09420544674648501,0.18330293333170689,0.312406534569152,1.3527756843701455,NOT_AVAILABLE_NO_VALIDATED_HIGH_LOW_PANEL,0.14847270906359578,True,False,,NOT_DETERMINABLE_FROM_CLOSE_ONLY_PANEL,True,"HISTORICAL UK RETAIL, ISA, ACCOUNT AND BROKER ELIGIBILITY REMAIN PARTLY UNRESOLVED"
DD_05,2023-06-12,DAILY_WITH_LAST_WEEKLY_SIGNAL_ASOF,2023-06-09,False,2023-03-06,2023-04-27,2023-08-01,1.4636133737288572,-0.03253632729293798,GLOBAL_SEMICONDUCTORS,2023-04-03,1.0,1.0,0.14522903439721557,0.11319938620148018,0.1487644332825213,0.23191399286054293,0.15446745986596122,0.003918554496781653,499.82962010781245,0.06403613763884164,0.11647200316949946,0.21058232912793673,0.31415754213625063,1.3680614616039213,NOT_AVAILABLE_NO_VALIDATED_HIGH_LOW_PANEL,0.14847270906359578,True,False,,NOT_DETERMINABLE_FROM_CLOSE_ONLY_PANEL,True,"HISTORICAL UK RETAIL, ISA, ACCOUNT AND BROKER ELIGIBILITY REMAIN PARTLY UNRESOLVED"
DD_05,2023-06-13,DAILY_WITH_LAST_WEEKLY_SIGNAL_ASOF,2023-06-09,False,2023-03-06,2023-04-27,2023-08-01,1.4894494438741153,-0.015458416035972977,GLOBAL_SEMICONDUCTORS,2023-04-03,1.0,1.0,0.14522903439721557,0.11319938620148018,0.1487644332825213,0.23191399286054293,0.15446745986596122,0.003918554496781653,508.6527378502275,0.07472717182393196,0.13014481935788558,0.2291150608047967,0.31474071215168986,1.3586836466491201,NOT_AVAILABLE_NO_VALIDATED_HIGH_LOW_PANEL,0.1547320981472211,True,False,,NOT_DETERMINABLE_FROM_CLOSE_ONLY_PANEL,True,"HISTORICAL UK RETAIL, ISA, ACCOUNT AND BROKER ELIGIBILITY REMAIN PARTLY UNRESOLVED"
DD_05,2023-06-14,DAILY_WITH_LAST_WEEKLY_SIGNAL_ASOF,2023-06-09,False,2023-03-06,2023-04-27,2023-08-01,1.4867043614211815,-0.017272944107025623,GLOBAL_SEMICONDUCTORS,2023-04-03,1.0,1.0,0.14522903439721557,0.11319938620148018,0.1487644332825213,0.23191399286054293,0.15446745986596122,0.003918554496781653,507.71528159009586,0.06569863270263587,0.12242508165394006,0.22408675637035924,0.3137240919976317,1.3599848335453344,NOT_AVAILABLE_NO_VALIDATED_HIGH_LOW_PANEL,0.1547320981472211,True,False,,NOT_DETERMINABLE_FROM_CLOSE_ONLY_PANEL,True,"HISTORICAL UK RETAIL, ISA, ACCOUNT AND BROKER ELIGIBILITY REMAIN PARTLY UNRESOLVED"
DD_05,2023-06-15,DAILY_WITH_LAST_WEEKLY_SIGNAL_ASOF,2023-06-09,False,2023-03-06,2023-04-27,2023-08-01,1.4792764912544198,-0.022182843593403057,GLOBAL_SEMICONDUCTORS,2023-04-03,1.0,1.0,0.14522903439721557,0.11319938620148018,0.1487644332825213,0.23191399286054293,0.15446745986596122,0.003918554496781653,505.17863523915156,0.05458602910151056,0.11172433877682675,0.21533507766169424,0.31390086265355466,1.360972580397624,NOT_AVAILABLE_NO_VALIDATED_HIGH_LOW_PANEL,0.1547320981472211,True,False,,NOT_DETERMINABLE_FROM_CLOSE_ONLY_PANEL,True,"HISTORICAL UK RETAIL, ISA, ACCOUNT AND BROKER ELIGIBILITY REMAIN PARTLY UNRESOLVED"
DD_05,2023-06-16,DAILY_WITH_LAST_WEEKLY_SIGNAL_ASOF,2023-06-16,True,2023-03-06,2023-04-27,2023-08-01,1.4670043579354224,-0.03029485144046129,GLOBAL_SEMICONDUCTORS,2023-04-03,1.0,1.0,0.12842676548612242,0.1488699700511178,0.12730367318160196,0.25385003045970866,0.2002682022880351,0.005289358454294935,500.9876543115044,0.041497211308768156,0.09808748917106769,0.2027961241965064,0.30773776943645814,1.3468653378060313,NOT_AVAILABLE_NO_VALIDATED_HIGH_LOW_PANEL,0.1547320981472211,True,False,,NOT_DETERMINABLE_FROM_CLOSE_ONLY_PANEL,True,"HISTORICAL UK RETAIL, ISA, ACCOUNT AND BROKER ELIGIBILITY REMAIN PARTLY UNRESOLVED"
DD_05,2023-06-19,DAILY_WITH_LAST_WEEKLY_SIGNAL_ASOF,2023-06-16,False,2023-03-06,2023-04-27,2023-08-01,1.4565084544389115,-0.03723275288860317,GLOBAL_SEMICONDUCTORS,2023-04-03,1.0,1.0,0.12842676548612242,0.1488699700511178,0.12730367318160196,0.25385003045970866,0.2002682022880351,0.005289358454294935,497.4032627286484,0.030855104085987017,0.08638690640085644,0.19188752057430358,0.3025197949528802,1.3555457311549002,NOT_AVAILABLE_NO_VALIDATED_HIGH_LOW_PANEL,0.1547320981472211,True,False,,NOT_DETERMINABLE_FROM_CLOSE_ONLY_PANEL,True,"HISTORICAL UK RETAIL, ISA, ACCOUNT AND BROKER ELIGIBILITY REMAIN PARTLY UNRESOLVED"
DD_05,2023-06-20,DAILY_WITH_LAST_WEEKLY_SIGNAL_ASOF,2023-06-16,False,2023-03-06,2023-04-27,2023-08-01,1.4503723877794128,-0.0412887568121324,GLOBAL_SEMICONDUCTORS,2023-04-03,1.0,1.0,0.12842676548612242,0.1488699700511178,0.12730367318160196,0.25385003045970866,0.2002682022880351,0.005289358454294935,495.3077722648248,0.02404409927435247,0.07835050332010773,0.18466354204570434,0.2985745442333013,1.2510249326687664,NOT_AVAILABLE_NO_VALIDATED_HIGH_LOW_PANEL,0.1547320981472211,True,False,,NOT_DETERMINABLE_FROM_CLOSE_ONLY_PANEL,True,"HISTORICAL UK RETAIL, ISA, ACCOUNT AND BROKER ELIGIBILITY REMAIN PARTLY UNRESOLVED"
DD_05,2023-06-21,DAILY_WITH_LAST_WEEKLY_SIGNAL_ASOF,2023-06-16,False,2023-03-06,2023-04-27,2023-08-01,1.4276043509639045,-0.056338666107332624,GLOBAL_SEMICONDUCTORS,2023-04-03,1.0,1.0,0.12842676548612242,0.1488699700511178,0.12730367318160196,0.25385003045970866,0.2002682022880351,0.005289358454294935,487.53239975432155,0.007238929359446367,0.058871957970785704,0.16414298464931054,0.29900180089121986,1.2459104215594754,NOT_AVAILABLE_NO_VALIDATED_HIGH_LOW_PANEL,0.1547320981472211,True,False,,NOT_DETERMINABLE_FROM_CLOSE_ONLY_PANEL,True,"HISTORICAL UK RETAIL, ISA, ACCOUNT AND BROKER ELIGIBILITY REMAIN PARTLY UNRESOLVED"
DD_05,2023-06-22,DAILY_WITH_LAST_WEEKLY_SIGNAL_ASOF,2023-06-16,False,2023-03-06,2023-04-27,2023-08-01,1.4251822193877868,-0.05793972028767291,GLOBAL_SEMICONDUCTORS,2023-04-03,1.0,1.0,0.12842676548612242,0.1488699700511178,0.12730367318160196,0.25385003045970866,0.2002682022880351,0.005289358454294935,486.7052324659702,0.005024752867578197,0.05471471516181636,0.1602955872283558,0.2914684156133119,1.2455166806914681,NOT_AVAILABLE_NO_VALIDATED_HIGH_LOW_PANEL,0.1547320981472211,True,False,,NOT_DETERMINABLE_FROM_CLOSE_ONLY_PANEL,True,"HISTORICAL UK RETAIL, ISA, ACCOUNT AND BROKER ELIGIBILITY REMAIN PARTLY UNRESOLVED"
DD_05,2023-06-23,DAILY_WITH_LAST_WEEKLY_SIGNAL_ASOF,2023-06-23,True,2023-03-06,2023-04-27,2023-08-01,1.402737133449094,-0.07277615569216123,GLOBAL_SEMICONDUCTORS,2023-04-03,1.0,1.0,0.08399660375816165,0.12643498727124358,0.07125194936566714,0.2295247366924158,0.1935648133234098,0.005425625819125707,479.0401489272471,-0.00983084161325487,0.03655519184808176,0.14041060251613002,0.29311952357138604,1.2611602001623923,NOT_AVAILABLE_NO_VALIDATED_HIGH_LOW_PANEL,0.1547320981472211,True,False,,NOT_DETERMINABLE_FROM_CLOSE_ONLY_PANEL,True,"HISTORICAL UK RETAIL, ISA, ACCOUNT AND BROKER ELIGIBILITY REMAIN PARTLY UNRESOLVED"
DD_05,2023-06-26,DAILY_WITH_LAST_WEEKLY_SIGNAL_ASOF,2023-06-23,False,2023-03-06,2023-04-27,2023-08-01,1.4180773000978406,-0.06263614588333843,GLOBAL_SEMICONDUCTORS,2023-04-03,1.0,1.0,0.08399660375816165,0.12643498727124358,0.07125194936566714,0.2295247366924158,0.1935648133234098,0.005425625819125707,484.278875086806,0.0009067638364277375,0.045926510979209745,0.1511308810844898,0.2927419248320088,1.2245444773950453,NOT_AVAILABLE_NO_VALIDATED_HIGH_LOW_PANEL,0.1547320981472211,True,False,,NOT_DETERMINABLE_FROM_CLOSE_ONLY_PANEL,True,"HISTORICAL UK RETAIL, ISA, ACCOUNT AND BROKER ELIGIBILITY REMAIN PARTLY UNRESOLVED"
DD_05,2023-06-27,DAILY_WITH_LAST_WEEKLY_SIGNAL_ASOF,2023-06-23,False,2023-03-06,2023-04-27,2023-08-01,1.4182387755362487,-0.06252940893798231,GLOBAL_SEMICONDUCTORS,2023-04-03,1.0,1.0,0.08399660375816165,0.12643498727124358,0.07125194936566714,0.2295247366924158,0.1935648133234098,0.005425625819125707,484.33401957269615,0.0009278560521805979,0.04416015923513861,0.14953180595963866,0.2924007050489155,0.8537101341919724,NOT_AVAILABLE_NO_VALIDATED_HIGH_LOW_PANEL,0.1547320981472211,True,False,,NOT_DETERMINABLE_FROM_CLOSE_ONLY_PANEL,True,"HISTORICAL UK RETAIL, ISA, ACCOUNT AND BROKER ELIGIBILITY REMAIN PARTLY UNRESOLVED"
DD_05,2023-06-28,DAILY_WITH_LAST_WEEKLY_SIGNAL_ASOF,2023-06-23,False,2023-03-06,2023-04-27,2023-08-01,1.4510182895330446,-0.04086180903070802,GLOBAL_SEMICONDUCTORS,2023-04-03,1.0,1.0,0.08399660375816165,0.12643498727124358,0.07125194936566714,0.2295247366924158,0.1935648133234098,0.005425625819125707,495.52835020838523,0.021826920738470257,0.06544021368795683,0.17404352773134457,0.2948249163777859,0.7171871889512554,NOT_AVAILABLE_NO_VALIDATED_HIGH_LOW_PANEL,0.1547320981472211,True,False,,NOT_DETERMINABLE_FROM_CLOSE_ONLY_PANEL,True,"HISTORICAL UK RETAIL, ISA, ACCOUNT AND BROKER ELIGIBILITY REMAIN PARTLY UNRESOLVED"
DD_05,2023-06-29,DAILY_WITH_LAST_WEEKLY_SIGNAL_ASOF,2023-06-23,False,2023-03-06,2023-04-27,2023-08-01,1.4542477983012019,-0.03872707012358734,GLOBAL_SEMICONDUCTORS,2023-04-03,1.0,1.0,0.08399660375816165,0.12643498727124358,0.07125194936566714,0.2295247366924158,0.1935648133234098,0.005425625819125707,496.63123992618716,0.021862267561746807,0.06497947260608905,0.17459190757563592,0.2938855660063465,0.5778144741207129,NOT_AVAILABLE_NO_VALIDATED_HIGH_LOW_PANEL,0.1547320981472211,True,False,,NOT_DETERMINABLE_FROM_CLOSE_ONLY_PANEL,True,"HISTORICAL UK RETAIL, ISA, ACCOUNT AND BROKER ELIGIBILITY REMAIN PARTLY UNRESOLVED"
DD_05,2023-06-30,DAILY_WITH_LAST_WEEKLY_SIGNAL_ASOF,2023-06-30,True,2023-03-06,2023-04-27,2023-08-01,1.4568314053157276,-0.037019278997890925,GLOBAL_SEMICONDUCTORS,2023-04-03,1.0,4.0,-0.01105745941566516,0.1749572064165612,0.1027474108043116,0.314281184987643,0.25004250265838257,0.004568152751025145,497.51355170042865,0.02147894917229487,0.06408104908999945,0.17461371262119196,0.2895361893440381,0.5765926277043534,NOT_AVAILABLE_NO_VALIDATED_HIGH_LOW_PANEL,0.1547320981472211,True,False,,NOT_DETERMINABLE_FROM_CLOSE_ONLY_PANEL,True,"HISTORICAL UK RETAIL, ISA, ACCOUNT AND BROKER ELIGIBILITY REMAIN PARTLY UNRESOLVED"
DD_05,2023-07-03,DAILY_WITH_LAST_WEEKLY_SIGNAL_ASOF,2023-06-30,False,2023-03-06,2023-04-27,2023-08-01,1.4634518982904499,-0.03264306423829366,GLOBAL_SEMICONDUCTORS,2023-04-03,1.0,4.0,-0.01105745941566516,0.1749572064165612,0.1027474108043116,0.314281184987643,0.25004250265838257,0.004568152751025145,499.7744756219225,0.023690113694314396,0.0660356239504869,0.17784267957216038,0.28938954624346924,0.5722849998591608,NOT_AVAILABLE_NO_VALIDATED_HIGH_LOW_PANEL,0.1547320981472211,True,False,,NOT_DETERMINABLE_FROM_CLOSE_ONLY_PANEL,True,"HISTORICAL UK RETAIL, ISA, ACCOUNT AND BROKER ELIGIBILITY REMAIN PARTLY UNRESOLVED"
DD_05,2023-07-04,DAILY_WITH_LAST_WEEKLY_SIGNAL_ASOF,2023-06-30,False,2023-03-06,2023-04-27,2023-08-01,1.4691035386347253,-0.02890727115083247,GLOBAL_SEMICONDUCTORS,2023-04-03,1.0,4.0,-0.01105745941566516,0.1749572064165612,0.1027474108043116,0.314281184987643,0.25004250265838257,0.004568152751025145,501.70453262807587,0.025067420345969538,0.06721650361089648,0.18024937545397934,0.2848360409055852,0.5672150513633003,NOT_AVAILABLE_NO_VALIDATED_HIGH_LOW_PANEL,0.1547320981472211,True,False,,NOT_DETERMINABLE_FROM_CLOSE_ONLY_PANEL,True,"HISTORICAL UK RETAIL, ISA, ACCOUNT AND BROKER ELIGIBILITY REMAIN PARTLY UNRESOLVED"
DD_05,2023-07-05,DAILY_WITH_LAST_WEEKLY_SIGNAL_ASOF,2023-06-30,False,2023-03-06,2023-04-27,2023-08-01,1.4521486176018998,-0.04011465041321571,GLOBAL_SEMICONDUCTORS,2023-04-03,1.0,4.0,-0.01105745941566516,0.1749572064165612,0.1027474108043116,0.314281184987643,0.25004250265838257,0.004568152751025145,495.914361609616,0.01201928110005035,0.052633511927506316,0.16469706221905334,0.28062900129103646,0.5859840270353387,NOT_AVAILABLE_NO_VALIDATED_HIGH_LOW_PANEL,0.1547320981472211,True,False,,NOT_DETERMINABLE_FROM_CLOSE_ONLY_PANEL,True,"HISTORICAL UK RETAIL, ISA, ACCOUNT AND BROKER ELIGIBILITY REMAIN PARTLY UNRESOLVED"
DD_05,2023-07-06,DAILY_WITH_LAST_WEEKLY_SIGNAL_ASOF,2023-06-30,False,2023-03-06,2023-04-27,2023-08-01,1.41436336501446,-0.06509109562652693,GLOBAL_SEMICONDUCTORS,2023-04-03,1.0,4.0,-0.01105745941566516,0.1749572064165612,0.1027474108043116,0.314281184987643,0.25004250265838257,0.004568152751025145,483.01055191133395,-0.013029410296398036,0.02422980066785474,0.1328764539148588,0.2829809145002579,0.6598780967144241,NOT_AVAILABLE_NO_VALIDATED_HIGH_LOW_PANEL,0.1547320981472211,True,False,,NOT_DETERMINABLE_FROM_CLOSE_ONLY_PANEL,True,"HISTORICAL UK RETAIL, ISA, ACCOUNT AND BROKER ELIGIBILITY REMAIN PARTLY UNRESOLVED"
DD_05,2023-07-07,DAILY_WITH_LAST_WEEKLY_SIGNAL_ASOF,2023-07-07,True,2023-03-06,2023-04-27,2023-08-01,1.421306808865998,-0.06050140697621775,GLOBAL_SEMICONDUCTORS,2023-04-03,1.0,2.0,0.0033413133440149956,0.15752689138307585,0.08329342495207626,0.2722589544918761,0.291630938923614,0.0032059476038909618,485.38176480460794,-0.007445665609980723,0.028078398300821927,0.13687197922527594,0.2830612055371517,0.6547456996113021,NOT_AVAILABLE_NO_VALIDATED_HIGH_LOW_PANEL,0.1547320981472211,True,False,,NOT_DETERMINABLE_FROM_CLOSE_ONLY_PANEL,True,"HISTORICAL UK RETAIL, ISA, ACCOUNT AND BROKER ELIGIBILITY REMAIN PARTLY UNRESOLVED"
DD_05,2023-07-10,DAILY_WITH_LAST_WEEKLY_SIGNAL_ASOF,2023-07-07,False,2023-03-06,2023-04-27,2023-08-01,1.4292191053479835,-0.05527129665377206,GLOBAL_SEMICONDUCTORS,2023-04-03,1.0,2.0,0.0033413133440149956,0.15752689138307585,0.08329342495207626,0.2722589544918761,0.291630938923614,0.0032059476038909618,488.0838446132226,-0.0017459396861218002,0.03243307929503736,0.14157423976150252,0.2827700735504644,0.6561712519971966,NOT_AVAILABLE_NO_VALIDATED_HIGH_LOW_PANEL,0.1547320981472211,True,False,,NOT_DETERMINABLE_FROM_CLOSE_ONLY_PANEL,True,"HISTORICAL UK RETAIL, ISA, ACCOUNT AND BROKER ELIGIBILITY REMAIN PARTLY UNRESOLVED"
DD_05,2023-07-11,DAILY_WITH_LAST_WEEKLY_SIGNAL_ASOF,2023-07-07,False,2023-03-06,2023-04-27,2023-08-01,1.4127486106303813,-0.06615846508008738,GLOBAL_SEMICONDUCTORS,2023-04-03,1.0,2.0,0.0033413133440149956,0.15752689138307585,0.08329342495207626,0.2722589544918761,0.291630938923614,0.0032059476038909618,482.45910705243296,-0.01205992742326678,0.019714017481323953,0.1269785496230318,0.28304833786437333,0.6042481478215206,NOT_AVAILABLE_NO_VALIDATED_HIGH_LOW_PANEL,0.1547320981472211,True,False,,NOT_DETERMINABLE_FROM_CLOSE_ONLY_PANEL,True,"HISTORICAL UK RETAIL, ISA, ACCOUNT AND BROKER ELIGIBILITY REMAIN PARTLY UNRESOLVED"
DD_05,2023-07-12,DAILY_WITH_LAST_WEEKLY_SIGNAL_ASOF,2023-07-07,False,2023-03-06,2023-04-27,2023-08-01,1.4405223860365335,-0.04779971047885012,GLOBAL_SEMICONDUCTORS,2023-04-03,1.0,2.0,0.0033413133440149956,0.15752689138307585,0.08329342495207626,0.2722589544918761,0.291630938923614,0.0032059476038909618,491.9439586255291,0.006688588201737122,0.03814224540425992,0.1474315599848539,0.27873728656832847,0.6235872691626017,NOT_AVAILABLE_NO_VALIDATED_HIGH_LOW_PANEL,0.1547320981472211,True,False,,NOT_DETERMINABLE_FROM_CLOSE_ONLY_PANEL,True,"HISTORICAL UK RETAIL, ISA, ACCOUNT AND BROKER ELIGIBILITY REMAIN PARTLY UNRESOLVED"
DD_05,2023-07-13,DAILY_WITH_LAST_WEEKLY_SIGNAL_ASOF,2023-07-07,False,2023-03-06,2023-04-27,2023-08-01,1.4473043544496635,-0.043316758773896846,GLOBAL_SEMICONDUCTORS,2023-04-03,1.0,2.0,0.0033413133440149956,0.15752689138307585,0.08329342495207626,0.2722589544918761,0.291630938923614,0.0032059476038909618,494.26002703291306,0.010378372658367496,0.04127272221668066,0.15108316894788176,0.27855963130145966,0.6320288301797562,NOT_AVAILABLE_NO_VALIDATED_HIGH_LOW_PANEL,0.1547320981472211,True,False,,NOT_DETERMINABLE_FROM_CLOSE_ONLY_PANEL,True,"HISTORICAL UK RETAIL, ISA, ACCOUNT AND BROKER ELIGIBILITY REMAIN PARTLY UNRESOLVED"
DD_05,2023-07-14,DAILY_WITH_LAST_WEEKLY_SIGNAL_ASOF,2023-07-14,True,2023-03-06,2023-04-27,2023-08-01,1.4742707526637766,-0.025491688899439646,GLOBAL_SEMICONDUCTORS,2023-04-03,1.0,2.0,0.0014828250111067476,0.15064391900547558,0.16089387798750332,0.25160594241042533,0.27909038263249153,0.0015464756555904702,503.4691561765588,0.026478700350088147,0.05815613383570484,0.17052087207122968,0.27999293252748403,0.6759404289286425,NOT_AVAILABLE_NO_VALIDATED_HIGH_LOW_PANEL,0.1547320981472211,True,False,,NOT_DETERMINABLE_FROM_CLOSE_ONLY_PANEL,True,"HISTORICAL UK RETAIL, ISA, ACCOUNT AND BROKER ELIGIBILITY REMAIN PARTLY UNRESOLVED"
DD_05,2023-07-17,DAILY_WITH_LAST_WEEKLY_SIGNAL_ASOF,2023-07-14,False,2023-03-06,2023-04-27,2023-08-01,1.465874029866568,-0.03104201005795315,GLOBAL_SEMICONDUCTORS,2023-04-03,1.0,2.0,0.0014828250111067476,0.15064391900547558,0.16089387798750332,0.25160594241042533,0.27909038263249153,0.0015464756555904702,500.60164291027394,0.01872159477042934,0.04998292609823829,0.1619597124611396,0.27779184718847055,0.6739804252606524,NOT_AVAILABLE_NO_VALIDATED_HIGH_LOW_PANEL,0.1547320981472211,True,False,,NOT_DETERMINABLE_FROM_CLOSE_ONLY_PANEL,True,"HISTORICAL UK RETAIL, ISA, ACCOUNT AND BROKER ELIGIBILITY REMAIN PARTLY UNRESOLVED"
DD_05,2023-07-18,DAILY_WITH_LAST_WEEKLY_SIGNAL_ASOF,2023-07-14,False,2023-03-06,2023-04-27,2023-08-01,1.4619986193447791,-0.03360369674649799,GLOBAL_SEMICONDUCTORS,2023-04-03,1.0,2.0,0.0014828250111067476,0.15064391900547558,0.16089387798750332,0.25160594241042533,0.27909038263249153,0.0015464756555904702,499.2781752489117,0.01455002188045773,0.045271963348857414,0.1570584985389667,0.2773595213184061,0.6693713824025839,NOT_AVAILABLE_NO_VALIDATED_HIGH_LOW_PANEL,0.1547320981472211,True,False,,NOT_DETERMINABLE_FROM_CLOSE_ONLY_PANEL,True,"HISTORICAL UK RETAIL, ISA, ACCOUNT AND BROKER ELIGIBILITY REMAIN PARTLY UNRESOLVED"
DD_05,2023-07-19,DAILY_WITH_LAST_WEEKLY_SIGNAL_ASOF,2023-07-14,False,2023-03-06,2023-04-27,2023-08-01,1.4976846912329167,-0.01001483182281504,GLOBAL_SEMICONDUCTORS,2023-04-03,1.0,2.0,0.0014828250111067476,0.15064391900547558,0.16089387798750332,0.25160594241042533,0.27909038263249153,0.0015464756555904702,511.4651066306225,0.03561296906770761,0.06782191763034096,0.18311982747541622,0.28048465711773357,0.7256684262438748,NOT_AVAILABLE_NO_VALIDATED_HIGH_LOW_PANEL,0.1611166750125197,True,False,,NOT_DETERMINABLE_FROM_CLOSE_ONLY_PANEL,True,"HISTORICAL UK RETAIL, ISA, ACCOUNT AND BROKER ELIGIBILITY REMAIN PARTLY UNRESOLVED"
DD_05,2023-07-20,DAILY_WITH_LAST_WEEKLY_SIGNAL_ASOF,2023-07-14,False,2023-03-06,2023-04-27,2023-08-01,1.4569928807541357,-0.03691254205253469,GLOBAL_SEMICONDUCTORS,2023-04-03,1.0,2.0,0.0014828250111067476,0.15064391900547558,0.16089387798750332,0.25160594241042533,0.27909038263249153,0.0015464756555904702,497.5686961863188,0.006791348348672344,0.037230797508950086,0.14924824328650788,0.28622739105635847,0.7779514298602113,NOT_AVAILABLE_NO_VALIDATED_HIGH_LOW_PANEL,0.1611166750125197,True,False,,NOT_DETERMINABLE_FROM_CLOSE_ONLY_PANEL,True,"HISTORICAL UK RETAIL, ISA, ACCOUNT AND BROKER ELIGIBILITY REMAIN PARTLY UNRESOLVED"
DD_05,2023-07-21,DAILY_WITH_LAST_WEEKLY_SIGNAL_ASOF,2023-07-21,True,2023-03-06,2023-04-27,2023-08-01,1.4536018965475703,-0.03915401790501161,GLOBAL_SEMICONDUCTORS,2023-04-03,1.0,6.0,-0.010478877740190518,0.07161559992642252,0.11998055786001638,0.20523194052079163,0.14990795881495478,0.00021095427466117126,496.4106619826268,0.0040421442574645194,0.03340578728854915,0.1449037229386294,0.28610118878185115,0.7788268420086877,NOT_AVAILABLE_NO_VALIDATED_HIGH_LOW_PANEL,0.1611166750125197,True,False,,NOT_DETERMINABLE_FROM_CLOSE_ONLY_PANEL,True,"HISTORICAL UK RETAIL, ISA, ACCOUNT AND BROKER ELIGIBILITY REMAIN PARTLY UNRESOLVED"
DD_05,2023-07-24,DAILY_WITH_LAST_WEEKLY_SIGNAL_ASOF,2023-07-21,False,2023-03-06,2023-04-27,2023-08-01,1.4534404211091627,-0.039260754850367396,GLOBAL_SEMICONDUCTORS,2023-04-03,1.0,6.0,-0.010478877740190518,0.07161559992642252,0.11998055786001638,0.20523194052079163,0.14990795881495478,0.00021095427466117126,496.35551749673675,0.0035720043542666335,0.03194375741458866,0.14312978967331924,0.2835310843614631,0.7506654000432145,NOT_AVAILABLE_NO_VALIDATED_HIGH_LOW_PANEL,0.1611166750125197,True,False,,NOT_DETERMINABLE_FROM_CLOSE_ONLY_PANEL,True,"HISTORICAL UK RETAIL, ISA, ACCOUNT AND BROKER ELIGIBILITY REMAIN PARTLY UNRESOLVED"
DD_05,2023-07-25,DAILY_WITH_LAST_WEEKLY_SIGNAL_ASOF,2023-07-21,False,2023-03-06,2023-04-27,2023-08-01,1.4724945228412902,-0.026665795298355888,GLOBAL_SEMICONDUCTORS,2023-04-03,1.0,6.0,-0.010478877740190518,0.07161559992642252,0.11998055786001638,0.20523194052079163,0.14990795881495478,0.00021095427466117126,502.86256683176777,0.01518462273112653,0.04361119216105225,0.15629663422800477,0.28407268521459417,0.7553869021027073,NOT_AVAILABLE_NO_VALIDATED_HIGH_LOW_PANEL,0.1611166750125197,True,False,,NOT_DETERMINABLE_FROM_CLOSE_ONLY_PANEL,True,"HISTORICAL UK RETAIL, ISA, ACCOUNT AND BROKER ELIGIBILITY REMAIN PARTLY UNRESOLVED"
DD_05,2023-07-26,DAILY_WITH_LAST_WEEKLY_SIGNAL_ASOF,2023-07-21,False,2023-03-06,2023-04-27,2023-08-01,1.4335789421849956,-0.0523893991291593,GLOBAL_SEMICONDUCTORS,2023-04-03,1.0,6.0,-0.010478877740190518,0.07161559992642252,0.11998055786001638,0.20523194052079163,0.14990795881495478,0.00021095427466117126,489.5727457322551,-0.010597599046113904,0.015391969868827404,0.12433096392827614,0.28969048157177113,0.8362982713678735,NOT_AVAILABLE_NO_VALIDATED_HIGH_LOW_PANEL,0.1611166750125197,True,False,,NOT_DETERMINABLE_FROM_CLOSE_ONLY_PANEL,True,"HISTORICAL UK RETAIL, ISA, ACCOUNT AND BROKER ELIGIBILITY REMAIN PARTLY UNRESOLVED"
DD_05,2023-07-27,DAILY_WITH_LAST_WEEKLY_SIGNAL_ASOF,2023-07-21,False,2023-03-06,2023-04-27,2023-08-01,1.4976846912329167,-0.01001483182281504,GLOBAL_SEMICONDUCTORS,2023-04-03,1.0,6.0,-0.010478877740190518,0.07161559992642252,0.11998055786001638,0.20523194052079163,0.14990795881495478,0.00021095427466117126,511.4651066306225,0.030493804577105266,0.058274379689616795,0.17257076884438027,0.29926210467469244,0.9686292649862853,NOT_AVAILABLE_NO_VALIDATED_HIGH_LOW_PANEL,0.1611166750125197,True,False,,NOT_DETERMINABLE_FROM_CLOSE_ONLY_PANEL,True,"HISTORICAL UK RETAIL, ISA, ACCOUNT AND BROKER ELIGIBILITY REMAIN PARTLY UNRESOLVED"
DD_05,2023-07-28,DAILY_WITH_LAST_WEEKLY_SIGNAL_ASOF,2023-07-28,True,2023-03-06,2023-04-27,2023-08-01,1.5086650210446515,-0.0027567195386049015,GLOBAL_SEMICONDUCTORS,2023-04-03,1.0,7.0,0.01138062100043924,-0.0018591617135066407,0.19775182724900997,0.1951132374771507,0.1838515899587263,-0.0001499117052878218,515.214931671149,0.034470682022070376,0.06327975607299496,0.17904209991214248,0.2977561237748914,0.9798123134985715,NOT_AVAILABLE_NO_VALIDATED_HIGH_LOW_PANEL,0.16962944416625048,True,True,CHINA_INTERNET;GLOBAL_RETAIL,NOT_DETERMINABLE_FROM_CLOSE_ONLY_PANEL,True,"HISTORICAL UK RETAIL, ISA, ACCOUNT AND BROKER ELIGIBILITY REMAIN PARTLY UNRESOLVED"
DD_05,2023-07-31,DAILY_WITH_LAST_WEEKLY_SIGNAL_ASOF,2023-07-28,False,2023-03-06,2023-04-27,2023-08-01,1.5055969877149022,-0.004784721500369349,GLOBAL_SEMICONDUCTORS,2023-04-03,1.0,7.0,0.01138062100043924,-0.0018591617135066407,0.19775182724900997,0.1951132374771507,0.1838515899587263,-0.0001499117052878218,514.1671864392372,0.029338195686195556,0.058580295497993484,0.17457988346757602,0.2972387887795988,0.9904351091790627,NOT_AVAILABLE_NO_VALIDATED_HIGH_LOW_PANEL,0.16962944416625048,True,True,CHINA_INTERNET;GLOBAL_RETAIL,NOT_DETERMINABLE_FROM_CLOSE_ONLY_PANEL,True,"HISTORICAL UK RETAIL, ISA, ACCOUNT AND BROKER ELIGIBILITY REMAIN PARTLY UNRESOLVED"
DD_05,2023-08-01,DAILY_WITH_LAST_WEEKLY_SIGNAL_ASOF,2023-07-28,False,2023-03-06,2023-04-27,2023-08-01,1.5175461701570845,0.003113812455977305,GLOBAL_SEMICONDUCTORS,2023-04-03,1.0,7.0,0.01138062100043924,-0.0018591617135066407,0.19775182724900997,0.1951132374771507,0.1838515899587263,-0.0001499117052878218,518.2478783951043,0.03398189880077451,0.06418639144499916,0.18173951621648654,0.29650340084162874,0.9962675207726558,NOT_AVAILABLE_NO_VALIDATED_HIGH_LOW_PANEL,0.17651477215823874,True,True,CHINA_INTERNET;GLOBAL_RETAIL,NOT_DETERMINABLE_FROM_CLOSE_ONLY_PANEL,True,"HISTORICAL UK RETAIL, ISA, ACCOUNT AND BROKER ELIGIBILITY REMAIN PARTLY UNRESOLVED"
DD_06,2023-08-01,DAILY_WITH_LAST_WEEKLY_SIGNAL_ASOF,2023-07-28,False,2023-08-01,2023-10-16,2023-11-20,1.5175461701570845,0.0,GLOBAL_SEMICONDUCTORS,2023-04-03,1.0,7.0,0.01138062100043924,-0.0018591617135066407,0.19775182724900997,0.1951132374771507,0.1838515899587263,-0.0001499117052878218,518.2478783951043,0.03398189880077451,0.06418639144499916,0.18173951621648654,0.29650340084162874,0.9962675207726558,NOT_AVAILABLE_NO_VALIDATED_HIGH_LOW_PANEL,0.17651477215823874,True,True,CHINA_INTERNET;GLOBAL_RETAIL,NOT_DETERMINABLE_FROM_CLOSE_ONLY_PANEL,True,"HISTORICAL UK RETAIL, ISA, ACCOUNT AND BROKER ELIGIBILITY REMAIN PARTLY UNRESOLVED"
DD_06,2023-08-02,DAILY_WITH_LAST_WEEKLY_SIGNAL_ASOF,2023-07-28,False,2023-08-01,2023-10-16,2023-11-20,1.4775002614319346,-0.02638859331772736,GLOBAL_SEMICONDUCTORS,2023-04-03,1.0,7.0,0.01138062100043924,-0.0018591617135066407,0.19775182724900997,0.1951132374771507,0.1838515899587263,-0.0001499117052878218,504.57204589436094,0.006084087929786763,0.03463912245847256,0.14883404989049365,0.30226004214783386,1.058657231674575,NOT_AVAILABLE_NO_VALIDATED_HIGH_LOW_PANEL,0.17651477215823874,True,True,CHINA_INTERNET;GLOBAL_RETAIL,NOT_DETERMINABLE_FROM_CLOSE_ONLY_PANEL,True,"HISTORICAL UK RETAIL, ISA, ACCOUNT AND BROKER ELIGIBILITY REMAIN PARTLY UNRESOLVED"
DD_06,2023-08-03,DAILY_WITH_LAST_WEEKLY_SIGNAL_ASOF,2023-07-28,False,2023-08-01,2023-10-16,2023-11-20,1.4613527175911485,-0.03702915513939142,GLOBAL_SEMICONDUCTORS,2023-04-03,1.0,7.0,0.01138062100043924,-0.0018591617135066407,0.19775182724900997,0.1951132374771507,0.1838515899587263,-0.0001499117052878218,499.0575973053515,-0.004466873116584336,0.0223961350447075,0.1347397738772489,0.30297347231180016,1.0575460877052374,NOT_AVAILABLE_NO_VALIDATED_HIGH_LOW_PANEL,0.17651477215823874,True,True,CHINA_INTERNET;GLOBAL_RETAIL,NOT_DETERMINABLE_FROM_CLOSE_ONLY_PANEL,True,"HISTORICAL UK RETAIL, ISA, ACCOUNT AND BROKER ELIGIBILITY REMAIN PARTLY UNRESOLVED"
DD_06,2023-08-04,DAILY_WITH_LAST_WEEKLY_SIGNAL_ASOF,2023-08-04,True,2023-08-01,2023-10-16,2023-11-20,1.4658740298665687,-0.03404979782932538,GLOBAL_SEMICONDUCTORS,2023-04-03,1.0,8.0,0.007819199127198528,-0.0006162471799990854,0.15395235187752787,0.1384677298133048,0.1511447728469375,-0.00021377458569940937,500.60164291027417,-0.00126085952442212,0.024532432640339774,0.13668691310949965,0.30126111019498303,0.9987931591435173,NOT_AVAILABLE_NO_VALIDATED_HIGH_LOW_PANEL,0.17651477215823874,True,False,,NOT_DETERMINABLE_FROM_CLOSE_ONLY_PANEL,True,"HISTORICAL UK RETAIL, ISA, ACCOUNT AND BROKER ELIGIBILITY REMAIN PARTLY UNRESOLVED"
DD_06,2023-08-07,DAILY_WITH_LAST_WEEKLY_SIGNAL_ASOF,2023-08-04,False,2023-08-01,2023-10-16,2023-11-20,1.465551078989753,-0.03426260906575862,GLOBAL_SEMICONDUCTORS,2023-04-03,1.0,8.0,0.007819199127198528,-0.0006162471799990854,0.15395235187752787,0.1384677298133048,0.1511447728469375,-0.00021377458569940937,500.491353938494,-0.0013464490727517209,0.023331271004103815,0.1348957780009623,0.30045092910937443,0.9995665166097812,NOT_AVAILABLE_NO_VALIDATED_HIGH_LOW_PANEL,0.17651477215823874,True,False,,NOT_DETERMINABLE_FROM_CLOSE_ONLY_PANEL,True,"HISTORICAL UK RETAIL, ISA, ACCOUNT AND BROKER ELIGIBILITY REMAIN PARTLY UNRESOLVED"
DD_06,2023-08-08,DAILY_WITH_LAST_WEEKLY_SIGNAL_ASOF,2023-08-04,False,2023-08-01,2023-10-16,2023-11-20,1.4445592719967308,-0.04809533943392219,GLOBAL_SEMICONDUCTORS,2023-04-03,1.0,8.0,0.007819199127198528,-0.0006162471799990854,0.15395235187752787,0.1384677298133048,0.1511447728469375,-0.00021377458569940937,493.3225707727817,-0.01424813910531253,0.008330620665110589,0.11732111307124704,0.3017366936031693,1.0177444785076626,NOT_AVAILABLE_NO_VALIDATED_HIGH_LOW_PANEL,0.17651477215823874,True,False,,NOT_DETERMINABLE_FROM_CLOSE_ONLY_PANEL,True,"HISTORICAL UK RETAIL, ISA, ACCOUNT AND BROKER ELIGIBILITY REMAIN PARTLY UNRESOLVED"
DD_06,2023-08-09,DAILY_WITH_LAST_WEEKLY_SIGNAL_ASOF,2023-08-04,False,2023-08-01,2023-10-16,2023-11-20,1.4301879579784311,-0.057565439455203316,GLOBAL_SEMICONDUCTORS,2023-04-03,1.0,8.0,0.007819199127198528,-0.0006162471799990854,0.15395235187752787,0.1384677298133048,0.1511447728469375,-0.00021377458569940937,488.4147115285634,-0.021916081626892625,-0.001634247046743642,0.10503758394882934,0.30212699625172346,1.0148214403728761,NOT_AVAILABLE_NO_VALIDATED_HIGH_LOW_PANEL,0.17651477215823874,True,False,,NOT_DETERMINABLE_FROM_CLOSE_ONLY_PANEL,True,"HISTORICAL UK RETAIL, ISA, ACCOUNT AND BROKER ELIGIBILITY REMAIN PARTLY UNRESOLVED"
DD_06,2023-08-10,DAILY_WITH_LAST_WEEKLY_SIGNAL_ASOF,2023-08-04,False,2023-08-01,2023-10-16,2023-11-20,1.4363240246379299,-0.053522025962970954,GLOBAL_SEMICONDUCTORS,2023-04-03,1.0,8.0,0.007819199127198528,-0.0006162471799990854,0.15395235187752787,0.1384677298133048,0.1511447728469375,-0.00021377458569940937,490.51020199238695,-0.016134826255143064,0.0025449812063069732,0.1085677122691282,0.3015633891200328,0.9853971846649408,NOT_AVAILABLE_NO_VALIDATED_HIGH_LOW_PANEL,0.17651477215823874,True,False,,NOT_DETERMINABLE_FROM_CLOSE_ONLY_PANEL,True,"HISTORICAL UK RETAIL, ISA, ACCOUNT AND BROKER ELIGIBILITY REMAIN PARTLY UNRESOLVED"
DD_06,2023-08-11,DAILY_WITH_LAST_WEEKLY_SIGNAL_ASOF,2023-08-11,True,2023-08-01,2023-10-16,2023-11-20,1.3951477878439251,-0.08065545860821466,GLOBAL_SEMICONDUCTORS,2023-04-03,1.0,12.0,-0.05198948971316286,-0.06878370371481457,0.10149614617824643,0.08164539472293852,0.1414086986878369,-0.00043101482105021546,476.44835809041297,-0.04047229249190687,-0.02519436542521536,0.07596542816481788,0.3079085110885632,1.0462840550906718,NOT_AVAILABLE_NO_VALIDATED_HIGH_LOW_PANEL,0.17651477215823874,True,False,,NOT_DETERMINABLE_FROM_CLOSE_ONLY_PANEL,True,"HISTORICAL UK RETAIL, ISA, ACCOUNT AND BROKER ELIGIBILITY REMAIN PARTLY UNRESOLVED"
DD_06,2023-08-14,DAILY_WITH_LAST_WEEKLY_SIGNAL_ASOF,2023-08-11,False,2023-08-01,2023-10-16,2023-11-20,1.4198535299203283,-0.06437539902106815,GLOBAL_SEMICONDUCTORS,2023-04-03,1.0,12.0,-0.05198948971316286,-0.06878370371481457,0.10149614617824643,0.08164539472293852,0.1414086986878369,-0.00043101482105021546,484.8854644315974,-0.02139171377457605,-0.007623487747530855,0.09398466113429205,0.3093586009329624,1.0433977904153182,NOT_AVAILABLE_NO_VALIDATED_HIGH_LOW_PANEL,0.17651477215823874,True,False,,NOT_DETERMINABLE_FROM_CLOSE_ONLY_PANEL,True,"HISTORICAL UK RETAIL, ISA, ACCOUNT AND BROKER ELIGIBILITY REMAIN PARTLY UNRESOLVED"
DD_06,2023-08-15,DAILY_WITH_LAST_WEEKLY_SIGNAL_ASOF,2023-08-11,False,2023-08-01,2023-10-16,2023-11-20,1.4175928737826182,-0.06586507767610117,GLOBAL_SEMICONDUCTORS,2023-04-03,1.0,12.0,-0.05198948971316286,-0.06878370371481457,0.10149614617824643,0.08164539472293852,0.1414086986878369,-0.00043101482105021546,484.1134416291361,-0.020907101314830756,-0.008845795492696595,0.09124126138643263,0.30564531410391144,1.042028404066207,NOT_AVAILABLE_NO_VALIDATED_HIGH_LOW_PANEL,0.17651477215823874,True,False,,NOT_DETERMINABLE_FROM_CLOSE_ONLY_PANEL,True,"HISTORICAL UK RETAIL, ISA, ACCOUNT AND BROKER ELIGIBILITY REMAIN PARTLY UNRESOLVED"
DD_06,2023-08-16,DAILY_WITH_LAST_WEEKLY_SIGNAL_ASOF,2023-08-11,False,2023-08-01,2023-10-16,2023-11-20,1.4040289369563577,-0.07480314960629919,GLOBAL_SEMICONDUCTORS,2023-04-03,1.0,12.0,-0.05198948971316286,-0.06878370371481457,0.10149614617824643,0.08164539472293852,0.1414086986878369,-0.00043101482105021546,479.4813048143682,-0.027599000940000118,-0.01762331026155628,0.07993170769102509,0.30597819675368965,1.046955591878504,NOT_AVAILABLE_NO_VALIDATED_HIGH_LOW_PANEL,0.17651477215823874,True,False,,NOT_DETERMINABLE_FROM_CLOSE_ONLY_PANEL,True,"HISTORICAL UK RETAIL, ISA, ACCOUNT AND BROKER ELIGIBILITY REMAIN PARTLY UNRESOLVED"
DD_06,2023-08-17,DAILY_WITH_LAST_WEEKLY_SIGNAL_ASOF,2023-08-11,False,2023-08-01,2023-10-16,2023-11-20,1.3781928668110996,-0.09182804852096205,GLOBAL_SEMICONDUCTORS,2023-04-03,1.0,12.0,-0.05198948971316286,-0.06878370371481457,0.10149614617824643,0.08164539472293852,0.1414086986878369,-0.00043101482105021546,470.6581870719531,-0.041528586680270485,-0.03434846995324059,0.05942635355963666,0.2955224398338471,1.0071249620289116,NOT_AVAILABLE_NO_VALIDATED_HIGH_LOW_PANEL,0.17651477215823874,True,False,,NOT_DETERMINABLE_FROM_CLOSE_ONLY_PANEL,True,"HISTORICAL UK RETAIL, ISA, ACCOUNT AND BROKER ELIGIBILITY REMAIN PARTLY UNRESOLVED"
DD_06,2023-08-18,DAILY_WITH_LAST_WEEKLY_SIGNAL_ASOF,2023-08-18,True,2023-08-01,2023-10-16,2023-11-20,1.3694731931370754,-0.09757395190466045,GLOBAL_SEMICONDUCTORS,2023-04-03,1.0,12.0,-0.022776775926845794,-0.02981340102050334,0.05181035949296242,0.10469524297212529,0.16231839292700556,-0.0006471114057661847,467.68038483388807,-0.04345412657972669,-0.03893322150467837,0.05217149879546401,0.2953362275137178,0.960131742313383,NOT_AVAILABLE_NO_VALIDATED_HIGH_LOW_PANEL,0.17651477215823874,True,True,GLOBAL_URANIUM_NUCLEAR,NOT_DETERMINABLE_FROM_CLOSE_ONLY_PANEL,True,"HISTORICAL UK RETAIL, ISA, ACCOUNT AND BROKER ELIGIBILITY REMAIN PARTLY UNRESOLVED"
DD_06,2023-08-21,DAILY_WITH_LAST_WEEKLY_SIGNAL_ASOF,2023-08-18,False,2023-08-01,2023-10-16,2023-11-20,1.3959551650359645,-0.08012343051713133,GLOBAL_SEMICONDUCTORS,2023-04-03,1.0,12.0,-0.022776775926845794,-0.02981340102050334,0.05181035949296242,0.10469524297212529,0.16231839292700556,-0.0006471114057661847,476.72408051986343,-0.02273983962322268,-0.019566368036214365,0.07174436155602981,0.2976862956807914,1.0006215638011908,NOT_AVAILABLE_NO_VALIDATED_HIGH_LOW_PANEL,0.17651477215823874,True,True,GLOBAL_URANIUM_NUCLEAR,NOT_DETERMINABLE_FROM_CLOSE_ONLY_PANEL,True,"HISTORICAL UK RETAIL, ISA, ACCOUNT AND BROKER ELIGIBILITY REMAIN PARTLY UNRESOLVED"
DD_06,2023-08-22,DAILY_WITH_LAST_WEEKLY_SIGNAL_ASOF,2023-08-18,False,2023-08-01,2023-10-16,2023-11-20,1.4224371369348539,-0.0626729091296021,GLOBAL_SEMICONDUCTORS,2023-04-03,1.0,12.0,-0.022776775926845794,-0.02981340102050334,0.05181035949296242,0.10469524297212529,0.16231839292700556,-0.0006471114057661847,485.76777620583886,-0.0038202976756328555,-0.000929160460734102,0.09107627127431828,0.2998263916105861,1.034184064779534,NOT_AVAILABLE_NO_VALIDATED_HIGH_LOW_PANEL,0.17651477215823874,True,True,GLOBAL_URANIUM_NUCLEAR,NOT_DETERMINABLE_FROM_CLOSE_ONLY_PANEL,True,"HISTORICAL UK RETAIL, ISA, ACCOUNT AND BROKER ELIGIBILITY REMAIN PARTLY UNRESOLVED"
DD_06,2023-08-23,DAILY_WITH_LAST_WEEKLY_SIGNAL_ASOF,2023-08-18,False,2023-08-01,2023-10-16,2023-11-20,1.442137140420613,-0.04969142370717183,GLOBAL_SEMICONDUCTORS,2023-04-03,1.0,12.0,-0.022776775926845794,-0.02981340102050334,0.05181035949296242,0.10469524297212529,0.16231839292700556,-0.0006471114057661847,492.49540348443037,0.009061114309892204,0.012394995014278987,0.1050195512038068,0.2966006781658834,1.0358792240357984,NOT_AVAILABLE_NO_VALIDATED_HIGH_LOW_PANEL,0.17651477215823874,True,True,GLOBAL_URANIUM_NUCLEAR,NOT_DETERMINABLE_FROM_CLOSE_ONLY_PANEL,True,"HISTORICAL UK RETAIL, ISA, ACCOUNT AND BROKER ELIGIBILITY REMAIN PARTLY UNRESOLVED"
DD_06,2023-08-24,DAILY_WITH_LAST_WEEKLY_SIGNAL_ASOF,2023-08-18,False,2023-08-01,2023-10-16,2023-11-20,1.4279273018407213,-0.05905511811023623,GLOBAL_SEMICONDUCTORS,2023-04-03,1.0,12.0,-0.022776775926845794,-0.02981340102050334,0.05181035949296242,0.10469524297212529,0.16231839292700556,-0.0006471114057661847,487.6426887261021,-0.0008014166262725331,0.0023244386644813986,0.09310760134034157,0.2540828869226588,0.9879194666785216,NOT_AVAILABLE_NO_VALIDATED_HIGH_LOW_PANEL,0.17651477215823874,True,True,GLOBAL_URANIUM_NUCLEAR,NOT_DETERMINABLE_FROM_CLOSE_ONLY_PANEL,True,"HISTORICAL UK RETAIL, ISA, ACCOUNT AND BROKER ELIGIBILITY REMAIN PARTLY UNRESOLVED"
DD_06,2023-08-25,DAILY_WITH_LAST_WEEKLY_SIGNAL_ASOF,2023-08-25,True,2023-08-01,2023-10-16,2023-11-20,1.407258445724515,-0.07267503724196633,GLOBAL_SEMICONDUCTORS,2023-04-03,5.0,14.0,-0.03280861878072616,-0.029936867775195553,-0.0666405210224692,0.12760596363519872,0.18303741627616232,-0.0007388910721359765,480.5841945321701,-0.013896139939550411,-0.011711727314775766,0.07645736569656725,0.2381749474512805,0.808162094078887,NOT_AVAILABLE_NO_VALIDATED_HIGH_LOW_PANEL,0.17651477215823874,False,True,GLOBAL_OIL_GAS;GLOBAL_URANIUM_NUCLEAR,NOT_DETERMINABLE_FROM_CLOSE_ONLY_PANEL,True,"HISTORICAL UK RETAIL, ISA, ACCOUNT AND BROKER ELIGIBILITY REMAIN PARTLY UNRESOLVED"
DD_06,2023-08-29,DAILY_WITH_LAST_WEEKLY_SIGNAL_ASOF,2023-08-25,False,2023-08-01,2023-10-16,2023-11-20,1.4735381996169987,-0.028999427764053065,GLOBAL_SEMICONDUCTORS,2023-04-03,5.0,14.0,-0.03280861878072616,-0.029936867775195553,-0.0666405210224692,0.12760596363519872,0.18303741627616232,-0.0007388910721359765,503.21898648171174,0.029501677663521964,0.033423418250284165,0.12573256194981353,0.22672224150141398,0.8002686967144386,NOT_AVAILABLE_NO_VALIDATED_HIGH_LOW_PANEL,0.17651477215823874,False,True,GLOBAL_OIL_GAS;GLOBAL_URANIUM_NUCLEAR,NOT_DETERMINABLE_FROM_CLOSE_ONLY_PANEL,True,"HISTORICAL UK RETAIL, ISA, ACCOUNT AND BROKER ELIGIBILITY REMAIN PARTLY UNRESOLVED"
DD_06,2023-08-30,DAILY_WITH_LAST_WEEKLY_SIGNAL_ASOF,2023-08-25,False,2023-08-01,2023-10-16,2023-11-20,1.469140550518993,-0.03189729616798476,GLOBAL_SEMICONDUCTORS,2023-04-03,5.0,14.0,-0.03280861878072616,-0.029936867775195553,-0.0666405210224692,0.12760596363519872,0.18303741627616232,-0.0007388910721359765,501.7171723295059,0.02396897234583495,0.029114839413131977,0.12100792403497551,0.2267547198894507,0.8041888025501612,NOT_AVAILABLE_NO_VALIDATED_HIGH_LOW_PANEL,0.17651477215823874,False,True,GLOBAL_OIL_GAS;GLOBAL_URANIUM_NUCLEAR,NOT_DETERMINABLE_FROM_CLOSE_ONLY_PANEL,True,"HISTORICAL UK RETAIL, ISA, ACCOUNT AND BROKER ELIGIBILITY REMAIN PARTLY UNRESOLVED"
DD_06,2023-08-31,DAILY_WITH_LAST_WEEKLY_SIGNAL_ASOF,2023-08-25,False,2023-08-01,2023-10-16,2023-11-20,1.4927575549342096,-0.016334669554277204,GLOBAL_SEMICONDUCTORS,2023-04-03,5.0,14.0,-0.03280861878072616,-0.029936867775195553,-0.0666405210224692,0.12760596363519872,0.18303741627616232,-0.0007388910721359765,509.78247055431507,0.03661965349958374,0.04378933411110442,0.1374550416127831,0.22849090735029803,0.832757702138174,NOT_AVAILABLE_NO_VALIDATED_HIGH_LOW_PANEL,0.17651477215823874,False,True,GLOBAL_OIL_GAS;GLOBAL_URANIUM_NUCLEAR,NOT_DETERMINABLE_FROM_CLOSE_ONLY_PANEL,True,"HISTORICAL UK RETAIL, ISA, ACCOUNT AND BROKER ELIGIBILITY REMAIN PARTLY UNRESOLVED"
DD_06,2023-09-01,DAILY_WITH_LAST_WEEKLY_SIGNAL_ASOF,2023-09-01,True,2023-08-01,2023-10-16,2023-11-20,1.4909659201165033,-0.017515282607731053,GLOBAL_SEMICONDUCTORS,2023-04-03,1.0,9.0,0.004037635963275665,-0.003737479151192824,0.017030153365339196,0.15619554277686487,0.2591481222054286,-0.00045209643460963667,509.1706203441571,0.03205643863676144,0.040800399613541094,0.13455351684905636,0.228195334839973,0.7715407325770226,NOT_AVAILABLE_NO_VALIDATED_HIGH_LOW_PANEL,0.17651477215823874,True,True,GLOBAL_URANIUM_NUCLEAR,NOT_DETERMINABLE_FROM_CLOSE_ONLY_PANEL,True,"HISTORICAL UK RETAIL, ISA, ACCOUNT AND BROKER ELIGIBILITY REMAIN PARTLY UNRESOLVED"
DD_06,2023-09-04,DAILY_WITH_LAST_WEEKLY_SIGNAL_ASOF,2023-09-01,False,2023-08-01,2023-10-16,2023-11-20,1.496177948677103,-0.014080771906774814,GLOBAL_SEMICONDUCTORS,2023-04-03,1.0,9.0,0.004037635963275665,-0.003737479151192824,0.017030153365339196,0.15619554277686487,0.2591481222054286,-0.00045209643460963667,510.9505482282529,0.032317256480607126,0.04262179315706538,0.13695255344243118,0.22825203288538995,0.7647342539014588,NOT_AVAILABLE_NO_VALIDATED_HIGH_LOW_PANEL,0.17651477215823874,True,True,GLOBAL_URANIUM_NUCLEAR,NOT_DETERMINABLE_FROM_CLOSE_ONLY_PANEL,True,"HISTORICAL UK RETAIL, ISA, ACCOUNT AND BROKER ELIGIBILITY REMAIN PARTLY UNRESOLVED"
DD_06,2023-09-05,DAILY_WITH_LAST_WEEKLY_SIGNAL_ASOF,2023-09-01,False,2023-08-01,2023-10-16,2023-11-20,1.5046474950880773,-0.008499692017720939,GLOBAL_SEMICONDUCTORS,2023-04-03,1.0,9.0,0.004037635963275665,-0.003737479151192824,0.017030153365339196,0.15619554277686487,0.2591481222054286,-0.00045209643460963667,513.8429310399086,0.03457186919848043,0.04653241165812494,0.14175959292412776,0.2284797516355287,0.7705614615631377,NOT_AVAILABLE_NO_VALIDATED_HIGH_LOW_PANEL,0.17651477215823874,True,True,GLOBAL_URANIUM_NUCLEAR,NOT_DETERMINABLE_FROM_CLOSE_ONLY_PANEL,True,"HISTORICAL UK RETAIL, ISA, ACCOUNT AND BROKER ELIGIBILITY REMAIN PARTLY UNRESOLVED"
DD_06,2023-09-06,DAILY_WITH_LAST_WEEKLY_SIGNAL_ASOF,2023-09-01,False,2023-08-01,2023-10-16,2023-11-20,1.4953635692145095,-0.014617414203799028,GLOBAL_SEMICONDUCTORS,2023-04-03,1.0,9.0,0.004037635963275665,-0.003737479151192824,0.017030153365339196,0.15619554277686487,0.2591481222054286,-0.00045209643460963667,510.67243449636305,0.02556030719375224,0.03844314217037459,0.13319575904822156,0.22804967368965384,0.7784800628713054,NOT_AVAILABLE_NO_VALIDATED_HIGH_LOW_PANEL,0.17651477215823874,True,True,GLOBAL_URANIUM_NUCLEAR,NOT_DETERMINABLE_FROM_CLOSE_ONLY_PANEL,True,"HISTORICAL UK RETAIL, ISA, ACCOUNT AND BROKER ELIGIBILITY REMAIN PARTLY UNRESOLVED"
DD_06,2023-09-07,DAILY_WITH_LAST_WEEKLY_SIGNAL_ASOF,2023-09-01,False,2023-08-01,2023-10-16,2023-11-20,1.4567619826875693,-0.040054259082755506,GLOBAL_SEMICONDUCTORS,2023-04-03,1.0,9.0,0.004037635963275665,-0.003737479151192824,0.017030153365339196,0.15619554277686487,0.2591481222054286,-0.00045209643460963667,497.48984360477846,-0.0008306987058283033,0.011175146265745006,0.10280265223528806,0.2336722313817153,0.8281300160102639,NOT_AVAILABLE_NO_VALIDATED_HIGH_LOW_PANEL,0.17651477215823874,True,True,GLOBAL_URANIUM_NUCLEAR,NOT_DETERMINABLE_FROM_CLOSE_ONLY_PANEL,True,"HISTORICAL UK RETAIL, ISA, ACCOUNT AND BROKER ELIGIBILITY REMAIN PARTLY UNRESOLVED"
DD_06,2023-09-08,DAILY_WITH_LAST_WEEKLY_SIGNAL_ASOF,2023-09-08,True,2023-08-01,2023-10-16,2023-11-20,1.4647429014209874,-0.03479516457191634,GLOBAL_SEMICONDUCTORS,2023-04-03,2.0,5.0,0.01020631840072439,-0.003043893591727853,-0.02546294657999948,0.11822345550111923,0.2606816341150544,-0.0002942630911513367,500.2153581773002,0.004219385634830486,0.016048896552952607,0.10764478187840165,0.22818302459418252,0.8250160918710648,NOT_AVAILABLE_NO_VALIDATED_HIGH_LOW_PANEL,0.17651477215823874,False,True,GLOBAL_URANIUM_NUCLEAR,NOT_DETERMINABLE_FROM_CLOSE_ONLY_PANEL,True,"HISTORICAL UK RETAIL, ISA, ACCOUNT AND BROKER ELIGIBILITY REMAIN PARTLY UNRESOLVED"
DD_06,2023-09-11,DAILY_WITH_LAST_WEEKLY_SIGNAL_ASOF,2023-09-08,False,2023-08-01,2023-10-16,2023-11-20,1.443243283608514,-0.048962521213360644,GLOBAL_SEMICONDUCTORS,2023-04-03,2.0,5.0,0.01020631840072439,-0.003043893591727853,-0.02546294657999948,0.11822345550111923,0.2606816341150544,-0.0002942630911513367,492.8731556554049,-0.009573365085408403,0.001090678535072831,0.09039516154301741,0.22682882919510522,0.8402758328123878,NOT_AVAILABLE_NO_VALIDATED_HIGH_LOW_PANEL,0.17651477215823874,False,True,GLOBAL_URANIUM_NUCLEAR,NOT_DETERMINABLE_FROM_CLOSE_ONLY_PANEL,True,"HISTORICAL UK RETAIL, ISA, ACCOUNT AND BROKER ELIGIBILITY REMAIN PARTLY UNRESOLVED"
DD_06,2023-09-12,DAILY_WITH_LAST_WEEKLY_SIGNAL_ASOF,2023-09-08,False,2023-08-01,2023-10-16,2023-11-20,1.456924858580088,-0.03994693062335064,GLOBAL_SEMICONDUCTORS,2023-04-03,2.0,5.0,0.01020631840072439,-0.003043893591727853,-0.02546294657999948,0.11822345550111923,0.2606816341150544,-0.0002942630911513367,497.54546635115645,-0.00016761683715049713,0.010161612416204058,0.09962966089006331,0.22780921679690086,0.7681896317845192,NOT_AVAILABLE_NO_VALIDATED_HIGH_LOW_PANEL,0.17651477215823874,False,True,GLOBAL_URANIUM_NUCLEAR,NOT_DETERMINABLE_FROM_CLOSE_ONLY_PANEL,True,"HISTORICAL UK RETAIL, ISA, ACCOUNT AND BROKER ELIGIBILITY REMAIN PARTLY UNRESOLVED"
DD_06,2023-09-13,DAILY_WITH_LAST_WEEKLY_SIGNAL_ASOF,2023-09-08,False,2023-08-01,2023-10-16,2023-11-20,1.4670231639162492,-0.033292566140248336,GLOBAL_SEMICONDUCTORS,2023-04-03,2.0,5.0,0.01020631840072439,-0.003043893591727853,-0.02546294657999948,0.11822345550111923,0.2606816341150544,-0.0002942630911513367,500.99407662659195,0.006143920971672934,0.016479129693746986,0.1060710895643302,0.2281934697482425,0.7366660745641594,NOT_AVAILABLE_NO_VALIDATED_HIGH_LOW_PANEL,0.17651477215823874,False,True,GLOBAL_URANIUM_NUCLEAR,NOT_DETERMINABLE_FROM_CLOSE_ONLY_PANEL,True,"HISTORICAL UK RETAIL, ISA, ACCOUNT AND BROKER ELIGIBILITY REMAIN PARTLY UNRESOLVED"
DD_06,2023-09-14,DAILY_WITH_LAST_WEEKLY_SIGNAL_ASOF,2023-09-08,False,2023-08-01,2023-10-16,2023-11-20,1.478913104070117,-0.025457588603692072,GLOBAL_SEMICONDUCTORS,2023-04-03,2.0,5.0,0.01020631840072439,-0.003043893591727853,-0.02546294657999948,0.11822345550111923,0.2606816341150544,-0.0002942630911513367,505.0545371121855,0.012981783278356751,0.02372518647413724,0.11376073576751611,0.2283450919048093,0.7447746868359046,NOT_AVAILABLE_NO_VALIDATED_HIGH_LOW_PANEL,0.17651477215823874,False,True,GLOBAL_URANIUM_NUCLEAR,NOT_DETERMINABLE_FROM_CLOSE_ONLY_PANEL,True,"HISTORICAL UK RETAIL, ISA, ACCOUNT AND BROKER ELIGIBILITY REMAIN PARTLY UNRESOLVED"
DD_06,2023-09-15,DAILY_WITH_LAST_WEEKLY_SIGNAL_ASOF,2023-09-15,True,2023-08-01,2023-10-16,2023-11-20,1.4401486416506581,-0.0510017619420533,GLOBAL_SEMICONDUCTORS,2023-04-03,5.0,15.0,-0.01259244985767305,-0.047559162517283204,-0.050777130083795474,0.06661012010154721,0.24125079377479097,-0.00020592756507050873,491.816323474223,-0.012351548051795391,-0.0029866151302202493,0.08365558718977195,0.23372505262024235,0.8101107213318102,NOT_AVAILABLE_NO_VALIDATED_HIGH_LOW_PANEL,0.17651477215823874,False,False,,NOT_DETERMINABLE_FROM_CLOSE_ONLY_PANEL,True,"HISTORICAL UK RETAIL, ISA, ACCOUNT AND BROKER ELIGIBILITY REMAIN PARTLY UNRESOLVED"
DD_06,2023-09-18,DAILY_WITH_LAST_WEEKLY_SIGNAL_ASOF,2023-09-15,False,2023-08-01,2023-10-16,2023-11-20,1.4385198827254704,-0.0520750465361024,GLOBAL_SEMICONDUCTORS,2023-04-03,5.0,15.0,-0.01259244985767305,-0.047559162517283204,-0.050777130083795474,0.06661012010154721,0.24125079377479097,-0.00020592756507050873,491.26009601044296,-0.012259141816022279,-0.003953499775588898,0.08154292919399242,0.23362270553150502,0.7745139921202187,NOT_AVAILABLE_NO_VALIDATED_HIGH_LOW_PANEL,0.17651477215823874,False,False,,NOT_DETERMINABLE_FROM_CLOSE_ONLY_PANEL,True,"HISTORICAL UK RETAIL, ISA, ACCOUNT AND BROKER ELIGIBILITY REMAIN PARTLY UNRESOLVED"
DD_06,2023-09-19,DAILY_WITH_LAST_WEEKLY_SIGNAL_ASOF,2023-09-15,False,2023-08-01,2023-10-16,2023-11-20,1.4279329497117528,-0.05905139639741941,GLOBAL_SEMICONDUCTORS,2023-04-03,5.0,15.0,-0.01259244985767305,-0.047559162517283204,-0.050777130083795474,0.06661012010154721,0.24125079377479097,-0.00020592756507050873,487.6446174958734,-0.017784774455754215,-0.010846294634388354,0.07279773269557666,0.232042358156173,0.7805289118234586,NOT_AVAILABLE_NO_VALIDATED_HIGH_LOW_PANEL,0.17651477215823874,False,False,,NOT_DETERMINABLE_FROM_CLOSE_ONLY_PANEL,True,"HISTORICAL UK RETAIL, ISA, ACCOUNT AND BROKER ELIGIBILITY REMAIN PARTLY UNRESOLVED"
DD_06,2023-09-20,DAILY_WITH_LAST_WEEKLY_SIGNAL_ASOF,2023-09-15,False,2023-08-01,2023-10-16,2023-11-20,1.4279329497117528,-0.05905139639741941,GLOBAL_SEMICONDUCTORS,2023-04-03,5.0,15.0,-0.01259244985767305,-0.047559162517283204,-0.050777130083795474,0.06661012010154721,0.24125079377479097,-0.00020592756507050873,487.6446174958734,-0.0161941594573628,-0.010425384130606785,0.07202120818455748,0.23203475232870577,0.7446634586871458,NOT_AVAILABLE_NO_VALIDATED_HIGH_LOW_PANEL,0.17651477215823874,False,False,,NOT_DETERMINABLE_FROM_CLOSE_ONLY_PANEL,True,"HISTORICAL UK RETAIL, ISA, ACCOUNT AND BROKER ELIGIBILITY REMAIN PARTLY UNRESOLVED"
DD_06,2023-09-21,DAILY_WITH_LAST_WEEKLY_SIGNAL_ASOF,2023-09-15,False,2023-08-01,2023-10-16,2023-11-20,1.396986530133193,-0.07944380368434667,GLOBAL_SEMICONDUCTORS,2023-04-03,5.0,15.0,-0.01259244985767305,-0.047559162517283204,-0.050777130083795474,0.06661012010154721,0.24125079377479097,-0.00020592756507050873,477.0762956840545,-0.03422160009878028,-0.030660076559679394,0.0482792800114582,0.23390362622641767,0.76300776813504,NOT_AVAILABLE_NO_VALIDATED_HIGH_LOW_PANEL,0.17651477215823874,False,False,,NOT_DETERMINABLE_FROM_CLOSE_ONLY_PANEL,True,"HISTORICAL UK RETAIL, ISA, ACCOUNT AND BROKER ELIGIBILITY REMAIN PARTLY UNRESOLVED"
DD_06,2023-09-22,DAILY_WITH_LAST_WEEKLY_SIGNAL_ASOF,2023-09-22,True,2023-08-01,2023-10-16,2023-11-20,1.4170202649129977,-0.06624240317754626,GLOBAL_SEMICONDUCTORS,2023-04-03,6.0,14.0,-0.04103692492713007,-0.038816056552544054,-0.03900147485825056,0.029145924550875835,0.24342946133984733,-0.0006688754963815627,483.91789348854786,-0.018554072977292946,-0.01611245472224776,0.0626428795692262,0.2346882673924176,0.7845005374887701,NOT_AVAILABLE_NO_VALIDATED_HIGH_LOW_PANEL,0.17651477215823874,False,False,,NOT_DETERMINABLE_FROM_CLOSE_ONLY_PANEL,True,"HISTORICAL UK RETAIL, ISA, ACCOUNT AND BROKER ELIGIBILITY REMAIN PARTLY UNRESOLVED"
DD_06,2023-09-25,DAILY_WITH_LAST_WEEKLY_SIGNAL_ASOF,2023-09-22,False,2023-08-01,2023-10-16,2023-11-20,1.4176717684830729,-0.06581308933992658,GLOBAL_SEMICONDUCTORS,2023-04-03,6.0,14.0,-0.04103692492713007,-0.038816056552544054,-0.03900147485825056,0.029145924550875835,0.24342946133984733,-0.0006688754963815627,484.14038447405994,-0.016484249666614326,-0.015055217081940686,0.062464039103307556,0.23469367672310834,0.7802818476017217,NOT_AVAILABLE_NO_VALIDATED_HIGH_LOW_PANEL,0.17651477215823874,False,False,,NOT_DETERMINABLE_FROM_CLOSE_ONLY_PANEL,True,"HISTORICAL UK RETAIL, ISA, ACCOUNT AND BROKER ELIGIBILITY REMAIN PARTLY UNRESOLVED"
DD_06,2023-09-26,DAILY_WITH_LAST_WEEKLY_SIGNAL_ASOF,2023-09-22,False,2023-08-01,2023-10-16,2023-11-20,1.4062704560067614,-0.07332608149826814,GLOBAL_SEMICONDUCTORS,2023-04-03,6.0,14.0,-0.04103692492713007,-0.038816056552544054,-0.03900147485825056,0.029145924550875835,0.24342946133984733,-0.0006688754963815627,480.24679222760034,-0.022225613823622092,-0.022095290874965312,0.05335426974940294,0.23011900035842572,0.7666774026865225,NOT_AVAILABLE_NO_VALIDATED_HIGH_LOW_PANEL,0.17651477215823874,False,False,,NOT_DETERMINABLE_FROM_CLOSE_ONLY_PANEL,True,"HISTORICAL UK RETAIL, ISA, ACCOUNT AND BROKER ELIGIBILITY REMAIN PARTLY UNRESOLVED"
DD_06,2023-09-27,DAILY_WITH_LAST_WEEKLY_SIGNAL_ASOF,2023-09-22,False,2023-08-01,2023-10-16,2023-11-20,1.4127854917075104,-0.0690329431220732,GLOBAL_SEMICONDUCTORS,2023-04-03,6.0,14.0,-0.04103692492713007,-0.038816056552544054,-0.03900147485825056,0.029145924550875835,0.24342946133984733,-0.0006688754963815627,482.47170208272,-0.01611295259870893,-0.016887624552567537,0.05762146452377026,0.2303110161300116,0.773515675618548,NOT_AVAILABLE_NO_VALIDATED_HIGH_LOW_PANEL,0.17651477215823874,False,False,,NOT_DETERMINABLE_FROM_CLOSE_ONLY_PANEL,True,"HISTORICAL UK RETAIL, ISA, ACCOUNT AND BROKER ELIGIBILITY REMAIN PARTLY UNRESOLVED"
DD_06,2023-09-28,DAILY_WITH_LAST_WEEKLY_SIGNAL_ASOF,2023-09-22,False,2023-08-01,2023-10-16,2023-11-20,1.4305389639920527,-0.057334141046941234,GLOBAL_SEMICONDUCTORS,2023-04-03,6.0,14.0,-0.04103692492713007,-0.038816056552544054,-0.03900147485825056,0.029145924550875835,0.24342946133984733,-0.0006688754963815627,488.53458143792136,-0.0034094734843523877,-0.004356537565131324,0.07015675021455348,0.23185876130009384,0.8041620658578554,NOT_AVAILABLE_NO_VALIDATED_HIGH_LOW_PANEL,0.17651477215823874,False,False,,NOT_DETERMINABLE_FROM_CLOSE_ONLY_PANEL,True,"HISTORICAL UK RETAIL, ISA, ACCOUNT AND BROKER ELIGIBILITY REMAIN PARTLY UNRESOLVED"
DD_06,2023-09-29,DAILY_WITH_LAST_WEEKLY_SIGNAL_ASOF,2023-09-29,True,2023-08-01,2023-10-16,2023-11-20,1.4468265532439264,-0.04660129510645317,GLOBAL_SEMICONDUCTORS,2023-04-03,5.0,13.0,-0.026571546732837126,-0.032932496469986194,-0.016823276336554227,0.06427331175752138,0.2905340242862957,-0.0005476470725620835,494.0968560757208,0.007210559613893608,0.0067039513664861605,0.08145510801781719,0.23291282705937666,0.7916729677260522,NOT_AVAILABLE_NO_VALIDATED_HIGH_LOW_PANEL,0.17651477215823874,False,False,,NOT_DETERMINABLE_FROM_CLOSE_ONLY_PANEL,True,"HISTORICAL UK RETAIL, ISA, ACCOUNT AND BROKER ELIGIBILITY REMAIN PARTLY UNRESOLVED"
DD_06,2023-10-02,DAILY_WITH_LAST_WEEKLY_SIGNAL_ASOF,2023-09-29,False,2023-08-01,2023-10-16,2023-11-20,1.4525252586463058,-0.04284608454716621,GLOBAL_URANIUM_NUCLEAR,2023-10-02,1.0,1.0,0.31114194349447355,0.4859901032164844,0.4924383441591138,0.5196902677347239,0.20045012607066193,0.009887628097094156,132.85562406746536,0.057461745505986705,0.168236710553205,0.3302663711623086,0.30065787131896615,1.3432622994538632,NOT_AVAILABLE_NO_VALIDATED_HIGH_LOW_PANEL,0.0,True,False,,NOT_DETERMINABLE_FROM_CLOSE_ONLY_PANEL,True,"HISTORICAL UK RETAIL, ISA, ACCOUNT AND BROKER ELIGIBILITY REMAIN PARTLY UNRESOLVED"
DD_06,2023-10-03,DAILY_WITH_LAST_WEEKLY_SIGNAL_ASOF,2023-09-29,False,2023-08-01,2023-10-16,2023-11-20,1.4142409405646337,-0.06807386267645321,GLOBAL_URANIUM_NUCLEAR,2023-10-02,1.0,1.0,0.31114194349447355,0.4859901032164844,0.4924383441591138,0.5196902677347239,0.20045012607066193,0.009887628097094156,129.35393833741608,0.026827965429546907,0.13134742653495501,0.2914111035902296,0.30335178486443565,1.4097047140685934,NOT_AVAILABLE_NO_VALIDATED_HIGH_LOW_PANEL,0.0,True,False,,NOT_DETERMINABLE_FROM_CLOSE_ONLY_PANEL,True,"HISTORICAL UK RETAIL, ISA, ACCOUNT AND BROKER ELIGIBILITY REMAIN PARTLY UNRESOLVED"
DD_06,2023-10-04,DAILY_WITH_LAST_WEEKLY_SIGNAL_ASOF,2023-09-29,False,2023-08-01,2023-10-16,2023-11-20,1.3620101923246377,-0.10249175998140925,GLOBAL_URANIUM_NUCLEAR,2023-10-02,1.0,1.0,0.31114194349447355,0.4859901032164844,0.4924383441591138,0.5196902677347239,0.20045012607066193,0.009887628097094156,124.57663851999169,-0.010096407383799577,0.0857509824706022,0.2407079383596995,0.3043159366642803,1.5098983578718526,NOT_AVAILABLE_NO_VALIDATED_HIGH_LOW_PANEL,0.0,True,False,,NOT_DETERMINABLE_FROM_CLOSE_ONLY_PANEL,True,"HISTORICAL UK RETAIL, ISA, ACCOUNT AND BROKER ELIGIBILITY REMAIN PARTLY UNRESOLVED"
DD_06,2023-10-05,DAILY_WITH_LAST_WEEKLY_SIGNAL_ASOF,2023-09-29,False,2023-08-01,2023-10-16,2023-11-20,1.3993829790234134,-0.07786464323615261,GLOBAL_URANIUM_NUCLEAR,2023-10-02,1.0,1.0,0.31114194349447355,0.4859901032164844,0.4924383441591138,0.5196902677347239,0.20045012607066193,0.009887628097094156,127.99495078027792,0.015490499396502821,0.11051152040888623,0.2712767758003056,0.3071990995017601,1.534193932012269,NOT_AVAILABLE_NO_VALIDATED_HIGH_LOW_PANEL,0.0,True,False,,NOT_DETERMINABLE_FROM_CLOSE_ONLY_PANEL,True,"HISTORICAL UK RETAIL, ISA, ACCOUNT AND BROKER ELIGIBILITY REMAIN PARTLY UNRESOLVED"
DD_06,2023-10-06,DAILY_WITH_LAST_WEEKLY_SIGNAL_ASOF,2023-10-06,True,2023-08-01,2023-10-16,2023-11-20,1.419618975723726,-0.06452996051067217,GLOBAL_URANIUM_NUCLEAR,2023-10-02,1.0,1.0,0.18360903436712506,0.37772268730605774,0.4362013257030193,0.5015453660554972,0.12544318458855908,0.009401911411758865,129.84584180901828,0.02735691713532562,0.12100608863437556,0.2859539069238861,0.3076544598557566,1.5178476047270237,NOT_AVAILABLE_NO_VALIDATED_HIGH_LOW_PANEL,0.0,True,False,,NOT_DETERMINABLE_FROM_CLOSE_ONLY_PANEL,True,"HISTORICAL UK RETAIL, ISA, ACCOUNT AND BROKER ELIGIBILITY REMAIN PARTLY UNRESOLVED"
DD_06,2023-10-09,DAILY_WITH_LAST_WEEKLY_SIGNAL_ASOF,2023-10-06,False,2023-08-01,2023-10-16,2023-11-20,1.3937314844494524,-0.08158874381714254,GLOBAL_URANIUM_NUCLEAR,2023-10-02,1.0,1.0,0.18360903436712506,0.37772268730605774,0.4362013257030193,0.5015453660554972,0.12544318458855908,0.009401911411758865,127.47803526774686,0.007832522864059666,0.09624073109974707,0.2592148253756068,0.3114738691261362,1.5504732926887235,NOT_AVAILABLE_NO_VALIDATED_HIGH_LOW_PANEL,0.0,True,False,,NOT_DETERMINABLE_FROM_CLOSE_ONLY_PANEL,True,"HISTORICAL UK RETAIL, ISA, ACCOUNT AND BROKER ELIGIBILITY REMAIN PARTLY UNRESOLVED"
DD_06,2023-10-10,DAILY_WITH_LAST_WEEKLY_SIGNAL_ASOF,2023-10-06,False,2023-08-01,2023-10-16,2023-11-20,1.4254527765742666,-0.060685727652876054,GLOBAL_URANIUM_NUCLEAR,2023-10-02,1.0,1.0,0.18360903436712506,0.37772268730605774,0.4362013257030193,0.5015453660554972,0.12544318458855908,0.009401911411758865,130.37943201550198,0.027895389519895675,0.1158877801347935,0.28419604105011476,0.3125382687032263,1.5600005360564826,NOT_AVAILABLE_NO_VALIDATED_HIGH_LOW_PANEL,0.0,True,False,,NOT_DETERMINABLE_FROM_CLOSE_ONLY_PANEL,True,"HISTORICAL UK RETAIL, ISA, ACCOUNT AND BROKER ELIGIBILITY REMAIN PARTLY UNRESOLVED"
DD_06,2023-10-11,DAILY_WITH_LAST_WEEKLY_SIGNAL_ASOF,2023-10-06,False,2023-08-01,2023-10-16,2023-11-20,1.371034353015318,-0.09654521227950563,GLOBAL_URANIUM_NUCLEAR,2023-10-02,1.0,1.0,0.18360903436712506,0.37772268730605774,0.4362013257030193,0.5015453660554972,0.12544318458855908,0.009401911411758865,125.40203587064619,-0.010325003084515116,0.07021157919358534,0.2322867139580378,0.32470182771619055,1.6513137119975019,NOT_AVAILABLE_NO_VALIDATED_HIGH_LOW_PANEL,0.0,True,False,,NOT_DETERMINABLE_FROM_CLOSE_ONLY_PANEL,True,"HISTORICAL UK RETAIL, ISA, ACCOUNT AND BROKER ELIGIBILITY REMAIN PARTLY UNRESOLVED"
DD_06,2023-10-12,DAILY_WITH_LAST_WEEKLY_SIGNAL_ASOF,2023-10-06,False,2023-08-01,2023-10-16,2023-11-20,1.383340026684427,-0.08843628359509192,GLOBAL_URANIUM_NUCLEAR,2023-10-02,1.0,1.0,0.18360903436712506,0.37772268730605774,0.4362013257030193,0.5015453660554972,0.12544318458855908,0.009401911411758865,126.52757771244775,-0.0013112698774612186,0.07644785213858274,0.24034373932298014,0.32314647957768666,1.6468856443892352,NOT_AVAILABLE_NO_VALIDATED_HIGH_LOW_PANEL,0.0,True,False,,NOT_DETERMINABLE_FROM_CLOSE_ONLY_PANEL,True,"HISTORICAL UK RETAIL, ISA, ACCOUNT AND BROKER ELIGIBILITY REMAIN PARTLY UNRESOLVED"
DD_06,2023-10-13,DAILY_WITH_LAST_WEEKLY_SIGNAL_ASOF,2023-10-13,True,2023-08-01,2023-10-16,2023-11-20,1.3552648600912007,-0.10693665422323573,GLOBAL_URANIUM_NUCLEAR,2023-10-02,1.0,2.0,0.013159054074810328,0.2556172335115152,0.3419274588017991,0.38718265492022375,0.09123932158313153,0.007801064689131565,123.95967484374495,-0.01965661731531554,0.052347815723275515,0.21257458666242957,0.32668548144054704,1.4998179492653292,NOT_AVAILABLE_NO_VALIDATED_HIGH_LOW_PANEL,0.0,True,False,,NOT_DETERMINABLE_FROM_CLOSE_ONLY_PANEL,True,"HISTORICAL UK RETAIL, ISA, ACCOUNT AND BROKER ELIGIBILITY REMAIN PARTLY UNRESOLVED"
DD_06,2023-10-16,DAILY_WITH_LAST_WEEKLY_SIGNAL_ASOF,2023-10-13,False,2023-08-01,2023-10-16,2023-11-20,1.3367607730183924,-0.11913008031905792,GLOBAL_URANIUM_NUCLEAR,2023-10-02,1.0,2.0,0.013159054074810328,0.2556172335115152,0.3419274588017991,0.38718265492022375,0.09123932158313153,0.007801064689131565,122.26719340755446,-0.030128426820199006,0.03643593797747524,0.19369050319988612,0.32787053321642506,1.4204107285744754,NOT_AVAILABLE_NO_VALIDATED_HIGH_LOW_PANEL,0.0,True,False,,NOT_DETERMINABLE_FROM_CLOSE_ONLY_PANEL,True,"HISTORICAL UK RETAIL, ISA, ACCOUNT AND BROKER ELIGIBILITY REMAIN PARTLY UNRESOLVED"
DD_06,2023-10-17,DAILY_WITH_LAST_WEEKLY_SIGNAL_ASOF,2023-10-13,False,2023-08-01,2023-10-16,2023-11-20,1.350342590623557,-0.11018022569700126,GLOBAL_URANIUM_NUCLEAR,2023-10-02,1.0,2.0,0.013159054074810328,0.2556172335115152,0.3419274588017991,0.38718265492022375,0.09123932158313153,0.007801064689131565,123.50945810702433,-0.018465209507320557,0.04504160417334013,0.20335428572463932,0.3266197435257528,1.41262866965942,NOT_AVAILABLE_NO_VALIDATED_HIGH_LOW_PANEL,0.0,True,False,,NOT_DETERMINABLE_FROM_CLOSE_ONLY_PANEL,True,"HISTORICAL UK RETAIL, ISA, ACCOUNT AND BROKER ELIGIBILITY REMAIN PARTLY UNRESOLVED"
DD_06,2023-10-18,DAILY_WITH_LAST_WEEKLY_SIGNAL_ASOF,2023-10-13,False,2023-08-01,2023-10-16,2023-11-20,1.3533506441871173,-0.10819804312969994,GLOBAL_URANIUM_NUCLEAR,2023-10-02,1.0,2.0,0.013159054074810328,0.2556172335115152,0.3419274588017991,0.38718265492022375,0.09123932158313153,0.007801064689131565,123.7845905572425,-0.014820769837807446,0.04542754492130041,0.20356747289248944,0.3244622097290638,1.4099190891935887,NOT_AVAILABLE_NO_VALIDATED_HIGH_LOW_PANEL,0.0,True,False,,NOT_DETERMINABLE_FROM_CLOSE_ONLY_PANEL,True,"HISTORICAL UK RETAIL, ISA, ACCOUNT AND BROKER ELIGIBILITY REMAIN PARTLY UNRESOLVED"
DD_06,2023-10-19,DAILY_WITH_LAST_WEEKLY_SIGNAL_ASOF,2023-10-13,False,2023-08-01,2023-10-16,2023-11-20,1.369302443387814,-0.09768646890916366,GLOBAL_URANIUM_NUCLEAR,2023-10-02,1.0,2.0,0.013159054074810328,0.2556172335115152,0.3419274588017991,0.38718265492022375,0.09123932158313153,0.007801064689131565,125.24362627809637,-0.0029177307857765067,0.05535981258658684,0.21512098587669026,0.3227866165205531,1.4187935492696908,NOT_AVAILABLE_NO_VALIDATED_HIGH_LOW_PANEL,0.0,True,False,,NOT_DETERMINABLE_FROM_CLOSE_ONLY_PANEL,True,"HISTORICAL UK RETAIL, ISA, ACCOUNT AND BROKER ELIGIBILITY REMAIN PARTLY UNRESOLVED"
DD_06,2023-10-20,DAILY_WITH_LAST_WEEKLY_SIGNAL_ASOF,2023-10-20,True,2023-08-01,2023-10-16,2023-11-20,1.3880799898754914,-0.08531284439813236,GLOBAL_URANIUM_NUCLEAR,2023-10-02,1.0,2.0,0.039767755408306016,0.24004089155124642,0.426337323025316,0.5217125671976051,0.14763727007087968,0.00540810091165705,126.96111975521579,0.00976815656219987,0.06691044167622451,0.2289498680051114,0.3232167466993946,1.4042873615655045,NOT_AVAILABLE_NO_VALIDATED_HIGH_LOW_PANEL,0.0,True,True,GLOBAL_GOLD_MINERS,NOT_DETERMINABLE_FROM_CLOSE_ONLY_PANEL,True,"HISTORICAL UK RETAIL, ISA, ACCOUNT AND BROKER ELIGIBILITY REMAIN PARTLY UNRESOLVED"
DD_06,2023-10-23,DAILY_WITH_LAST_WEEKLY_SIGNAL_ASOF,2023-10-20,False,2023-08-01,2023-10-16,2023-11-20,1.3845250174821935,-0.08765542379585178,GLOBAL_URANIUM_NUCLEAR,2023-10-02,1.0,2.0,0.039767755408306016,0.24004089155124642,0.426337323025316,0.5217125671976051,0.14763727007087968,0.00540810091165705,126.6359632231398,0.006524892437006935,0.061506424495517464,0.22305449212409267,0.3222509678600819,1.2955815749554191,NOT_AVAILABLE_NO_VALIDATED_HIGH_LOW_PANEL,0.0,True,True,GLOBAL_GOLD_MINERS,NOT_DETERMINABLE_FROM_CLOSE_ONLY_PANEL,True,"HISTORICAL UK RETAIL, ISA, ACCOUNT AND BROKER ELIGIBILITY REMAIN PARTLY UNRESOLVED"
DD_06,2023-10-24,DAILY_WITH_LAST_WEEKLY_SIGNAL_ASOF,2023-10-20,False,2023-08-01,2023-10-16,2023-11-20,1.411324040139364,-0.06999597910535083,GLOBAL_URANIUM_NUCLEAR,2023-10-02,1.0,2.0,0.039767755408306016,0.24004089155124642,0.426337323025316,0.5217125671976051,0.14763727007087968,0.00540810091165705,129.0871432341743,0.023587234486984077,0.07858243562444667,0.24367484421608498,0.32094091506895,1.222436271443875,NOT_AVAILABLE_NO_VALIDATED_HIGH_LOW_PANEL,0.0,True,True,GLOBAL_GOLD_MINERS,NOT_DETERMINABLE_FROM_CLOSE_ONLY_PANEL,True,"HISTORICAL UK RETAIL, ISA, ACCOUNT AND BROKER ELIGIBILITY REMAIN PARTLY UNRESOLVED"
DD_06,2023-10-25,DAILY_WITH_LAST_WEEKLY_SIGNAL_ASOF,2023-10-20,False,2023-08-01,2023-10-16,2023-11-20,1.4623697975815941,-0.03635894159963449,GLOBAL_URANIUM_NUCLEAR,2023-10-02,1.0,2.0,0.039767755408306016,0.24004089155124642,0.426337323025316,0.5217125671976051,0.14763727007087968,0.00540810091165705,133.7560575409067,0.05479721322346687,0.11246323235436351,0.28496625706615997,0.32656107776662935,1.280385302196497,NOT_AVAILABLE_NO_VALIDATED_HIGH_LOW_PANEL,0.006777533730782048,True,True,GLOBAL_GOLD_MINERS,NOT_DETERMINABLE_FROM_CLOSE_ONLY_PANEL,True,"HISTORICAL UK RETAIL, ISA, ACCOUNT AND BROKER ELIGIBILITY REMAIN PARTLY UNRESOLVED"
DD_06,2023-10-26,DAILY_WITH_LAST_WEEKLY_SIGNAL_ASOF,2023-10-20,False,2023-08-01,2023-10-16,2023-11-20,1.4340211715734987,-0.05503951064298751,GLOBAL_URANIUM_NUCLEAR,2023-10-02,1.0,2.0,0.039767755408306016,0.24004089155124642,0.426337323025316,0.5217125671976051,0.14763727007087968,0.00540810091165705,131.16314263127498,0.031129651418791537,0.08702286752757504,0.25680452667622466,0.3290119549337438,1.28687554833874,NOT_AVAILABLE_NO_VALIDATED_HIGH_LOW_PANEL,0.006777533730782048,True,True,GLOBAL_GOLD_MINERS,NOT_DETERMINABLE_FROM_CLOSE_ONLY_PANEL,True,"HISTORICAL UK RETAIL, ISA, ACCOUNT AND BROKER ELIGIBILITY REMAIN PARTLY UNRESOLVED"
DD_06,2023-10-27,DAILY_WITH_LAST_WEEKLY_SIGNAL_ASOF,2023-10-27,True,2023-08-01,2023-10-16,2023-11-20,1.4125090309371304,-0.0692151193061108,GLOBAL_URANIUM_NUCLEAR,2023-10-02,1.0,5.0,-0.03281656179964909,0.2641223428405326,0.4461727300555338,0.5119758713834275,0.17368623573495046,0.004124565129857978,129.19552874486632,0.014217390327910584,0.06775506340006099,0.23502672496230748,0.32735086661482826,1.2730781304270804,NOT_AVAILABLE_NO_VALIDATED_HIGH_LOW_PANEL,0.006777533730782048,True,True,GLOBAL_GOLD_MINERS,NOT_DETERMINABLE_FROM_CLOSE_ONLY_PANEL,True,"HISTORICAL UK RETAIL, ISA, ACCOUNT AND BROKER ELIGIBILITY REMAIN PARTLY UNRESOLVED"
DD_06,2023-10-30,DAILY_WITH_LAST_WEEKLY_SIGNAL_ASOF,2023-10-27,False,2023-08-01,2023-10-16,2023-11-20,1.4046698610442165,-0.07438080720877438,GLOBAL_URANIUM_NUCLEAR,2023-10-02,1.0,5.0,-0.03281656179964909,0.2641223428405326,0.4461727300555338,0.5119758713834275,0.17368623573495046,0.004124565129857978,128.47851690490384,0.007801787615189237,0.059260852291448174,0.22539045562126958,0.32800631176366096,1.269320885773464,NOT_AVAILABLE_NO_VALIDATED_HIGH_LOW_PANEL,0.006777533730782048,True,True,GLOBAL_GOLD_MINERS,NOT_DETERMINABLE_FROM_CLOSE_ONLY_PANEL,True,"HISTORICAL UK RETAIL, ISA, ACCOUNT AND BROKER ELIGIBILITY REMAIN PARTLY UNRESOLVED"
DD_06,2023-10-31,DAILY_WITH_LAST_WEEKLY_SIGNAL_ASOF,2023-10-27,False,2023-08-01,2023-10-16,2023-11-20,1.4541660151355211,-0.04176489405591055,GLOBAL_URANIUM_NUCLEAR,2023-10-02,1.0,5.0,-0.03281656179964909,0.2641223428405326,0.4461727300555338,0.5119758713834275,0.17368623573495046,0.004124565129857978,133.00569631303898,0.039221522656590846,0.09244803259832435,0.2651883631934848,0.3285941259070191,1.2445872787938068,NOT_AVAILABLE_NO_VALIDATED_HIGH_LOW_PANEL,0.006777533730782048,True,True,GLOBAL_GOLD_MINERS,NOT_DETERMINABLE_FROM_CLOSE_ONLY_PANEL,True,"HISTORICAL UK RETAIL, ISA, ACCOUNT AND BROKER ELIGIBILITY REMAIN PARTLY UNRESOLVED"
DD_06,2023-11-01,DAILY_WITH_LAST_WEEKLY_SIGNAL_ASOF,2023-10-27,False,2023-08-01,2023-10-16,2023-11-20,1.4869811449198118,-0.020141084230807182,GLOBAL_URANIUM_NUCLEAR,2023-10-02,1.0,5.0,-0.03281656179964909,0.2641223428405326,0.4461727300555338,0.5119758713834275,0.17368623573495046,0.004124565129857978,136.0071412245098,0.05665257927861789,0.1119940557944723,0.28996867951880456,0.33011368757280896,1.2134159950398367,NOT_AVAILABLE_NO_VALIDATED_HIGH_LOW_PANEL,0.02372136805773528,True,True,GLOBAL_GOLD_MINERS,NOT_DETERMINABLE_FROM_CLOSE_ONLY_PANEL,True,"HISTORICAL UK RETAIL, ISA, ACCOUNT AND BROKER ELIGIBILITY REMAIN PARTLY UNRESOLVED"
DD_06,2023-11-02,DAILY_WITH_LAST_WEEKLY_SIGNAL_ASOF,2023-10-27,False,2023-08-01,2023-10-16,2023-11-20,1.4930884051852213,-0.016116652957801958,GLOBAL_URANIUM_NUCLEAR,2023-10-02,1.0,5.0,-0.03281656179964909,0.2641223428405326,0.4461727300555338,0.5119758713834275,0.17368623573495046,0.004124565129857978,136.56574347192242,0.055141900162543944,0.11148057876600048,0.29147246173219754,0.33006768486999766,1.0990734928216535,NOT_AVAILABLE_NO_VALIDATED_HIGH_LOW_PANEL,0.027925949168497555,True,True,GLOBAL_GOLD_MINERS,NOT_DETERMINABLE_FROM_CLOSE_ONLY_PANEL,True,"HISTORICAL UK RETAIL, ISA, ACCOUNT AND BROKER ELIGIBILITY REMAIN PARTLY UNRESOLVED"
DD_06,2023-11-03,DAILY_WITH_LAST_WEEKLY_SIGNAL_ASOF,2023-11-03,True,2023-08-01,2023-10-16,2023-11-20,1.4396726661474595,-0.0513154100619978,GLOBAL_URANIUM_NUCLEAR,2023-10-02,1.0,2.0,0.014222856434063402,0.17574431262900658,0.3823389085225153,0.43727596678793046,0.20996586654864502,0.002869370104677969,131.68005814380604,0.015787621500392035,0.06871131114231654,0.24223792713282877,0.34045886523644064,1.1487473495372968,NOT_AVAILABLE_NO_VALIDATED_HIGH_LOW_PANEL,0.027925949168497555,True,True,GLOBAL_GOLD_MINERS,NOT_DETERMINABLE_FROM_CLOSE_ONLY_PANEL,True,"HISTORICAL UK RETAIL, ISA, ACCOUNT AND BROKER ELIGIBILITY REMAIN PARTLY UNRESOLVED"
DD_06,2023-11-06,DAILY_WITH_LAST_WEEKLY_SIGNAL_ASOF,2023-11-03,False,2023-08-01,2023-10-16,2023-11-20,1.3884446024286505,-0.08507257984451988,GLOBAL_URANIUM_NUCLEAR,2023-10-02,1.0,2.0,0.014222856434063402,0.17574431262900658,0.3823389085225153,0.43727596678793046,0.20996586654864502,0.002869370104677969,126.99446914312104,-0.01854093516074029,0.029444521764994125,0.19567912471979443,0.3496928303797076,1.208234939979743,NOT_AVAILABLE_NO_VALIDATED_HIGH_LOW_PANEL,0.027925949168497555,True,True,GLOBAL_GOLD_MINERS,NOT_DETERMINABLE_FROM_CLOSE_ONLY_PANEL,True,"HISTORICAL UK RETAIL, ISA, ACCOUNT AND BROKER ELIGIBILITY REMAIN PARTLY UNRESOLVED"
DD_06,2023-11-07,DAILY_WITH_LAST_WEEKLY_SIGNAL_ASOF,2023-11-03,False,2023-08-01,2023-10-16,2023-11-20,1.402664492001843,-0.07570226225364196,GLOBAL_URANIUM_NUCLEAR,2023-10-02,1.0,2.0,0.014222856434063402,0.17574431262900658,0.3823389085225153,0.43727596678793046,0.20996586654864502,0.002869370104677969,128.29509527142505,-0.007723439913638219,0.03835938007050266,0.20543086804715327,0.3496990789801549,1.165796966485397,NOT_AVAILABLE_NO_VALIDATED_HIGH_LOW_PANEL,0.027925949168497555,True,True,GLOBAL_GOLD_MINERS,NOT_DETERMINABLE_FROM_CLOSE_ONLY_PANEL,True,"HISTORICAL UK RETAIL, ISA, ACCOUNT AND BROKER ELIGIBILITY REMAIN PARTLY UNRESOLVED"
DD_06,2023-11-08,DAILY_WITH_LAST_WEEKLY_SIGNAL_ASOF,2023-11-03,False,2023-08-01,2023-10-16,2023-11-20,1.3860746208331183,-0.08663429944299972,GLOBAL_URANIUM_NUCLEAR,2023-10-02,1.0,2.0,0.014222856434063402,0.17574431262900658,0.3823389085225153,0.43727596678793046,0.20996586654864502,0.002869370104677969,126.77769812173702,-0.01772179581709632,0.02503001474052713,0.18891217726143172,0.3497816074250436,1.099566745025931,NOT_AVAILABLE_NO_VALIDATED_HIGH_LOW_PANEL,0.027925949168497555,True,True,GLOBAL_GOLD_MINERS,NOT_DETERMINABLE_FROM_CLOSE_ONLY_PANEL,True,"HISTORICAL UK RETAIL, ISA, ACCOUNT AND BROKER ELIGIBILITY REMAIN PARTLY UNRESOLVED"
DD_06,2023-11-09,DAILY_WITH_LAST_WEEKLY_SIGNAL_ASOF,2023-11-03,False,2023-08-01,2023-10-16,2023-11-20,1.4242677857765007,-0.06146658745211575,GLOBAL_URANIUM_NUCLEAR,2023-10-02,1.0,2.0,0.014222856434063402,0.17574431262900658,0.3823389085225153,0.43727596678793046,0.20996586654864502,0.002869370104677969,130.27104650481,0.008488056608665362,0.05107871237730888,0.2189838393218806,0.35284864337587557,1.0297381732221536,NOT_AVAILABLE_NO_VALIDATED_HIGH_LOW_PANEL,0.027925949168497555,True,True,GLOBAL_GOLD_MINERS,NOT_DETERMINABLE_FROM_CLOSE_ONLY_PANEL,True,"HISTORICAL UK RETAIL, ISA, ACCOUNT AND BROKER ELIGIBILITY REMAIN PARTLY UNRESOLVED"
DD_06,2023-11-10,DAILY_WITH_LAST_WEEKLY_SIGNAL_ASOF,2023-11-10,True,2023-08-01,2023-10-16,2023-11-20,1.4187985974791189,-0.06507055575629972,GLOBAL_URANIUM_NUCLEAR,2023-10-02,2.0,1.0,0.02912991641830076,0.109976841417458,0.31386122018901874,0.3385300567371785,0.19606629528961483,0.0005341188627090141,129.7708056862315,0.004194115175607971,0.0451145358536158,0.2117191108358285,0.3526904864966008,1.0185551140558942,NOT_AVAILABLE_NO_VALIDATED_HIGH_LOW_PANEL,0.027925949168497555,False,False,,NOT_DETERMINABLE_FROM_CLOSE_ONLY_PANEL,True,"HISTORICAL UK RETAIL, ISA, ACCOUNT AND BROKER ELIGIBILITY REMAIN PARTLY UNRESOLVED"
DD_06,2023-11-13,DAILY_WITH_LAST_WEEKLY_SIGNAL_ASOF,2023-11-10,False,2023-08-01,2023-10-16,2023-11-20,1.4733993273146468,-0.029090938852863957,GLOBAL_URANIUM_NUCLEAR,2023-10-02,2.0,1.0,0.02912991641830076,0.109976841417458,0.31386122018901874,0.3385300567371785,0.19606629528961483,0.0005341188627090141,134.7648765250399,0.038793735126412265,0.08171458685725308,0.2551241509105622,0.35796639723553175,1.0565442486099168,NOT_AVAILABLE_NO_VALIDATED_HIGH_LOW_PANEL,0.027925949168497555,False,False,,NOT_DETERMINABLE_FROM_CLOSE_ONLY_PANEL,True,"HISTORICAL UK RETAIL, ISA, ACCOUNT AND BROKER ELIGIBILITY REMAIN PARTLY UNRESOLVED"
DD_06,2023-11-14,DAILY_WITH_LAST_WEEKLY_SIGNAL_ASOF,2023-11-10,False,2023-08-01,2023-10-16,2023-11-20,1.470026661197928,-0.03131338597377742,GLOBAL_URANIUM_NUCLEAR,2023-10-02,2.0,1.0,0.02912991641830076,0.109976841417458,0.31386122018901874,0.3385300567371785,0.19606629528961483,0.0005341188627090141,134.45639468691652,0.03299612644946448,0.07589527314042677,0.24911589210429153,0.3557898961735021,1.0349880978845252,NOT_AVAILABLE_NO_VALIDATED_HIGH_LOW_PANEL,0.027925949168497555,False,False,,NOT_DETERMINABLE_FROM_CLOSE_ONLY_PANEL,True,"HISTORICAL UK RETAIL, ISA, ACCOUNT AND BROKER ELIGIBILITY REMAIN PARTLY UNRESOLVED"
DD_06,2023-11-15,DAILY_WITH_LAST_WEEKLY_SIGNAL_ASOF,2023-11-10,False,2023-08-01,2023-10-16,2023-11-20,1.4772277591228138,-0.026568161039935423,GLOBAL_URANIUM_NUCLEAR,2023-10-02,2.0,1.0,0.02912991641830076,0.109976841417458,0.31386122018901874,0.3385300567371785,0.19606629528961483,0.0005341188627090141,135.11504509804482,0.03447742769352913,0.07773527585926798,0.2520550510236981,0.3549656835407011,1.0332496916838927,NOT_AVAILABLE_NO_VALIDATED_HIGH_LOW_PANEL,0.027925949168497555,False,False,,NOT_DETERMINABLE_FROM_CLOSE_ONLY_PANEL,True,"HISTORICAL UK RETAIL, ISA, ACCOUNT AND BROKER ELIGIBILITY REMAIN PARTLY UNRESOLVED"
DD_06,2023-11-16,DAILY_WITH_LAST_WEEKLY_SIGNAL_ASOF,2023-11-10,False,2023-08-01,2023-10-16,2023-11-20,1.458267906358557,-0.039061917827772796,GLOBAL_URANIUM_NUCLEAR,2023-10-02,2.0,1.0,0.02912991641830076,0.109976841417458,0.31386122018901874,0.3385300567371785,0.19606629528961483,0.0005341188627090141,133.3808769269728,0.019235805139448114,0.061243342347833574,0.23308980155806447,0.3562248129826456,1.0493329806222769,NOT_AVAILABLE_NO_VALIDATED_HIGH_LOW_PANEL,0.027925949168497555,False,False,,NOT_DETERMINABLE_FROM_CLOSE_ONLY_PANEL,True,"HISTORICAL UK RETAIL, ISA, ACCOUNT AND BROKER ELIGIBILITY REMAIN PARTLY UNRESOLVED"
DD_06,2023-11-17,DAILY_WITH_LAST_WEEKLY_SIGNAL_ASOF,2023-11-17,True,2023-08-01,2023-10-16,2023-11-20,1.5080375198647316,-0.0062658062596993025,GLOBAL_URANIUM_NUCLEAR,2023-10-02,1.0,1.0,0.07384135405024339,0.07317320551750317,0.31275737179550145,0.45975269318812795,0.3028924650184468,0.00011176167314221832,137.9330683760369,0.048870517253409185,0.0932841895419243,0.2716922916461233,0.3570217014784501,1.0904013680408429,NOT_AVAILABLE_NO_VALIDATED_HIGH_LOW_PANEL,0.03821775964857288,True,False,,NOT_DETERMINABLE_FROM_CLOSE_ONLY_PANEL,True,"HISTORICAL UK RETAIL, ISA, ACCOUNT AND BROKER ELIGIBILITY REMAIN PARTLY UNRESOLVED"
DD_06,2023-11-20,DAILY_WITH_LAST_WEEKLY_SIGNAL_ASOF,2023-11-17,False,2023-08-01,2023-10-16,2023-11-20,1.5251743098631942,0.005026627760076785,GLOBAL_URANIUM_NUCLEAR,2023-10-02,1.0,1.0,0.07384135405024339,0.07317320551750317,0.31275737179550145,0.45975269318812795,0.3028924650184468,0.00011176167314221832,139.50048960758278,0.05495945872742225,0.10114318705368319,0.2824918329805626,0.3553251734510965,1.0848022492946283,NOT_AVAILABLE_NO_VALIDATED_HIGH_LOW_PANEL,0.05001568873548856,True,False,,NOT_DETERMINABLE_FROM_CLOSE_ONLY_PANEL,True,"HISTORICAL UK RETAIL, ISA, ACCOUNT AND BROKER ELIGIBILITY REMAIN PARTLY UNRESOLVED"
DD_07,2023-11-24,DAILY_WITH_LAST_WEEKLY_SIGNAL_ASOF,2023-11-24,True,2023-11-24,2024-01-17,2024-02-12,1.5356569207665096,0.0,GLOBAL_URANIUM_NUCLEAR,2023-10-02,1.0,6.0,0.015494036113607779,0.0077510484480542985,0.3054473414164405,0.5964315929085009,0.351413863039546,0.0009811468095909286,140.4592845098582,0.04334490455263329,0.09207915116939036,0.2770632690510828,0.3490237843273318,0.9856466797412708,NOT_AVAILABLE_NO_VALIDATED_HIGH_LOW_PANEL,0.05723250705993177,True,True,GLOBAL_AI,NOT_DETERMINABLE_FROM_CLOSE_ONLY_PANEL,True,"HISTORICAL UK RETAIL, ISA, ACCOUNT AND BROKER ELIGIBILITY REMAIN PARTLY UNRESOLVED"
DD_07,2023-11-27,DAILY_WITH_LAST_WEEKLY_SIGNAL_ASOF,2023-11-24,False,2023-11-24,2024-01-17,2024-02-12,1.5269973726289885,-0.005638986169644422,GLOBAL_URANIUM_NUCLEAR,2023-10-02,1.0,6.0,0.015494036113607779,0.0077510484480542985,0.3054473414164405,0.5964315929085009,0.351413863039546,0.0009811468095909286,139.66723654710896,0.03394031958856769,0.08227426474600752,0.26646123371601504,0.34963651678082874,0.9718260949068841,NOT_AVAILABLE_NO_VALIDATED_HIGH_LOW_PANEL,0.05723250705993177,True,True,GLOBAL_AI,NOT_DETERMINABLE_FROM_CLOSE_ONLY_PANEL,True,"HISTORICAL UK RETAIL, ISA, ACCOUNT AND BROKER ELIGIBILITY REMAIN PARTLY UNRESOLVED"
DD_07,2023-11-28,DAILY_WITH_LAST_WEEKLY_SIGNAL_ASOF,2023-11-24,False,2023-11-24,2024-01-17,2024-02-12,1.5058498445457789,-0.019409983973407874,GLOBAL_URANIUM_NUCLEAR,2023-10-02,1.0,6.0,0.015494036113607779,0.0077510484480542985,0.3054473414164405,0.5964315929085009,0.351413863039546,0.0009811468095909286,137.73297204860552,0.017805679509601324,0.06447695882862892,0.24583616442375833,0.3514963831833892,0.98832934460852,NOT_AVAILABLE_NO_VALIDATED_HIGH_LOW_PANEL,0.05723250705993177,True,True,GLOBAL_AI,NOT_DETERMINABLE_FROM_CLOSE_ONLY_PANEL,True,"HISTORICAL UK RETAIL, ISA, ACCOUNT AND BROKER ELIGIBILITY REMAIN PARTLY UNRESOLVED"
DD_07,2023-11-29,DAILY_WITH_LAST_WEEKLY_SIGNAL_ASOF,2023-11-24,False,2023-11-24,2024-01-17,2024-02-12,1.456627149869343,-0.05146316851664989,GLOBAL_URANIUM_NUCLEAR,2023-10-02,1.0,6.0,0.015494036113607779,0.0077510484480542985,0.3054473414164405,0.5964315929085009,0.351413863039546,0.0009811468095909286,133.2308046813993,-0.014077970760317582,0.028484562928070112,0.2026581741967599,0.35563805196123177,0.9991203982892282,NOT_AVAILABLE_NO_VALIDATED_HIGH_LOW_PANEL,0.05723250705993177,True,True,GLOBAL_AI,NOT_DETERMINABLE_FROM_CLOSE_ONLY_PANEL,True,"HISTORICAL UK RETAIL, ISA, ACCOUNT AND BROKER ELIGIBILITY REMAIN PARTLY UNRESOLVED"
DD_07,2023-11-30,DAILY_WITH_LAST_WEEKLY_SIGNAL_ASOF,2023-11-24,False,2023-11-24,2024-01-17,2024-02-12,1.4487879799764294,-0.056567934943906883,GLOBAL_URANIUM_NUCLEAR,2023-10-02,1.0,6.0,0.015494036113607779,0.0077510484480542985,0.3054473414164405,0.5964315929085009,0.351413863039546,0.0009811468095909286,132.51379284143684,-0.017652865745772628,0.02202973131673236,0.19385527417389614,0.35504521493793034,0.9711750088749037,NOT_AVAILABLE_NO_VALIDATED_HIGH_LOW_PANEL,0.05723250705993177,True,True,GLOBAL_AI,NOT_DETERMINABLE_FROM_CLOSE_ONLY_PANEL,True,"HISTORICAL UK RETAIL, ISA, ACCOUNT AND BROKER ELIGIBILITY REMAIN PARTLY UNRESOLVED"
DD_07,2023-12-01,DAILY_WITH_LAST_WEEKLY_SIGNAL_ASOF,2023-12-01,True,2023-11-24,2024-01-17,2024-02-12,1.5049383131628822,-0.020003561464949193,GLOBAL_URANIUM_NUCLEAR,2023-10-02,1.0,7.0,-0.017383351763372024,0.062335925385372803,0.2090377003119508,0.40978571529621255,0.3300039452799306,0.001630588278806493,137.64959857884247,0.018528994693022938,0.05908021682540965,0.237169264961123,0.3617959320817888,1.0615229162962154,NOT_AVAILABLE_NO_VALIDATED_HIGH_LOW_PANEL,0.05723250705993177,True,True,GLOBAL_SILVER_MINERS,NOT_DETERMINABLE_FROM_CLOSE_ONLY_PANEL,True,"HISTORICAL UK RETAIL, ISA, ACCOUNT AND BROKER ELIGIBILITY REMAIN PARTLY UNRESOLVED"
DD_07,2023-12-04,DAILY_WITH_LAST_WEEKLY_SIGNAL_ASOF,2023-12-01,False,2023-11-24,2024-01-17,2024-02-12,1.5229866345442415,-0.00825072713242736,GLOBAL_URANIUM_NUCLEAR,2023-10-02,1.0,7.0,-0.017383351763372024,0.062335925385372803,0.2090377003119508,0.40978571529621255,0.3300039452799306,0.001630588278806493,139.30039328015138,0.027871138882977764,0.0687729285771288,0.24887471890062307,0.36215465841400124,0.9857092463106404,NOT_AVAILABLE_NO_VALIDATED_HIGH_LOW_PANEL,0.05723250705993177,True,True,GLOBAL_SILVER_MINERS,NOT_DETERMINABLE_FROM_CLOSE_ONLY_PANEL,True,"HISTORICAL UK RETAIL, ISA, ACCOUNT AND BROKER ELIGIBILITY REMAIN PARTLY UNRESOLVED"
DD_07,2023-12-05,DAILY_WITH_LAST_WEEKLY_SIGNAL_ASOF,2023-12-01,False,2023-11-24,2024-01-17,2024-02-12,1.5069436822052553,-0.01869769098355789,GLOBAL_URANIUM_NUCLEAR,2023-10-02,1.0,7.0,-0.017383351763372024,0.062335925385372803,0.2090377003119508,0.40978571529621255,0.3300039452799306,0.001630588278806493,137.83302021232123,0.015470277038537317,0.055134777200948726,0.23282767339025368,0.36184091102098853,0.908803748236735,NOT_AVAILABLE_NO_VALIDATED_HIGH_LOW_PANEL,0.05723250705993177,True,True,GLOBAL_SILVER_MINERS,NOT_DETERMINABLE_FROM_CLOSE_ONLY_PANEL,True,"HISTORICAL UK RETAIL, ISA, ACCOUNT AND BROKER ELIGIBILITY REMAIN PARTLY UNRESOLVED"
DD_07,2023-12-06,DAILY_WITH_LAST_WEEKLY_SIGNAL_ASOF,2023-12-01,False,2023-11-24,2024-01-17,2024-02-12,1.4888953608238953,-0.030450525316080168,GLOBAL_URANIUM_NUCLEAR,2023-10-02,1.0,7.0,-0.017383351763372024,0.062335925385372803,0.2090377003119508,0.40978571529621255,0.3300039452799306,0.001630588278806493,136.18222551101226,0.0030065691753797807,0.04076315811396536,0.21542517799679706,0.363154093204072,0.9280095046507993,NOT_AVAILABLE_NO_VALIDATED_HIGH_LOW_PANEL,0.05723250705993177,True,True,GLOBAL_SILVER_MINERS,NOT_DETERMINABLE_FROM_CLOSE_ONLY_PANEL,True,"HISTORICAL UK RETAIL, ISA, ACCOUNT AND BROKER ELIGIBILITY REMAIN PARTLY UNRESOLVED"
DD_07,2023-12-07,DAILY_WITH_LAST_WEEKLY_SIGNAL_ASOF,2023-12-01,False,2023-11-24,2024-01-17,2024-02-12,1.470664733165956,-0.042322075146910665,GLOBAL_URANIUM_NUCLEAR,2023-10-02,1.0,7.0,-0.017383351763372024,0.062335925385372803,0.2090377003119508,0.40978571529621255,0.3300039452799306,0.001630588278806493,134.51475611575069,-0.008438608318425023,0.026891281798136157,0.1981521717845771,0.36366168573479807,0.9322380223123141,NOT_AVAILABLE_NO_VALIDATED_HIGH_LOW_PANEL,0.05723250705993177,True,True,GLOBAL_SILVER_MINERS,NOT_DETERMINABLE_FROM_CLOSE_ONLY_PANEL,True,"HISTORICAL UK RETAIL, ISA, ACCOUNT AND BROKER ELIGIBILITY REMAIN PARTLY UNRESOLVED"
DD_07,2023-12-08,DAILY_WITH_LAST_WEEKLY_SIGNAL_ASOF,2023-12-08,True,2023-11-24,2024-01-17,2024-02-12,1.4943645491212771,-0.02688906036683103,GLOBAL_URANIUM_NUCLEAR,2023-10-02,1.0,4.0,0.020543935395486823,0.05403884416603422,0.15499974138744954,0.36383340942326714,0.36848840250599935,0.0015259185054049729,136.68246632959074,0.006850249435767397,0.041665178471806286,0.21483180246793543,0.36406424182422575,0.9082395274020187,NOT_AVAILABLE_NO_VALIDATED_HIGH_LOW_PANEL,0.05723250705993177,True,True,US_BANKS,NOT_DETERMINABLE_FROM_CLOSE_ONLY_PANEL,True,"HISTORICAL UK RETAIL, ISA, ACCOUNT AND BROKER ELIGIBILITY REMAIN PARTLY UNRESOLVED"
DD_07,2023-12-11,DAILY_WITH_LAST_WEEKLY_SIGNAL_ASOF,2023-12-08,False,2023-11-24,2024-01-17,2024-02-12,1.4899891984833715,-0.029738232326230407,GLOBAL_URANIUM_NUCLEAR,2023-10-02,1.0,4.0,0.020543935395486823,0.05403884416603422,0.15499974138744954,0.36383340942326714,0.36848840250599935,0.0015259185054049729,136.28227367472795,0.003546280248922562,0.037044863602121225,0.2087338499319269,0.36342278418578755,0.9212549511221463,NOT_AVAILABLE_NO_VALIDATED_HIGH_LOW_PANEL,0.05723250705993177,True,True,US_BANKS,NOT_DETERMINABLE_FROM_CLOSE_ONLY_PANEL,True,"HISTORICAL UK RETAIL, ISA, ACCOUNT AND BROKER ELIGIBILITY REMAIN PARTLY UNRESOLVED"
DD_07,2023-12-12,DAILY_WITH_LAST_WEEKLY_SIGNAL_ASOF,2023-12-08,False,2023-11-24,2024-01-17,2024-02-12,1.4826057942819062,-0.03454621000771674,GLOBAL_URANIUM_NUCLEAR,2023-10-02,1.0,4.0,0.020543935395486823,0.05403884416603422,0.15499974138744954,0.36383340942326714,0.36848840250599935,0.0015259185054049729,135.60694856964702,-0.0012971078036591033,0.03061643138074044,0.2003226850389963,0.34396075217077904,0.8486167446437923,NOT_AVAILABLE_NO_VALIDATED_HIGH_LOW_PANEL,0.05723250705993177,True,True,US_BANKS,NOT_DETERMINABLE_FROM_CLOSE_ONLY_PANEL,True,"HISTORICAL UK RETAIL, ISA, ACCOUNT AND BROKER ELIGIBILITY REMAIN PARTLY UNRESOLVED"
DD_07,2023-12-13,DAILY_WITH_LAST_WEEKLY_SIGNAL_ASOF,2023-12-08,False,2023-11-24,2024-01-17,2024-02-12,1.4683859047087136,-0.04380601887576452,GLOBAL_URANIUM_NUCLEAR,2023-10-02,1.0,4.0,0.020543935395486823,0.05403884416603422,0.15499974138744954,0.36383340942326714,0.36848840250599935,0.0015259185054049729,134.30632244134299,-0.009896888507216928,0.01990245184869699,0.1865809742795106,0.33599146315617406,0.8721402997006262,NOT_AVAILABLE_NO_VALIDATED_HIGH_LOW_PANEL,0.05723250705993177,True,True,US_BANKS,NOT_DETERMINABLE_FROM_CLOSE_ONLY_PANEL,True,"HISTORICAL UK RETAIL, ISA, ACCOUNT AND BROKER ELIGIBILITY REMAIN PARTLY UNRESOLVED"
DD_07,2023-12-14,DAILY_WITH_LAST_WEEKLY_SIGNAL_ASOF,2023-12-08,False,2023-11-24,2024-01-17,2024-02-12,1.4690239766767412,-0.04339051463168553,GLOBAL_URANIUM_NUCLEAR,2023-10-02,1.0,4.0,0.020543935395486823,0.05403884416603422,0.15499974138744954,0.36383340942326714,0.36848840250599935,0.0015259185054049729,134.36468387017712,-0.008613457689331194,0.019532187606974283,0.18489072996169265,0.33372874562725985,0.8742167265309595,NOT_AVAILABLE_NO_VALIDATED_HIGH_LOW_PANEL,0.05723250705993177,True,True,US_BANKS,NOT_DETERMINABLE_FROM_CLOSE_ONLY_PANEL,True,"HISTORICAL UK RETAIL, ISA, ACCOUNT AND BROKER ELIGIBILITY REMAIN PARTLY UNRESOLVED"
DD_07,2023-12-15,DAILY_WITH_LAST_WEEKLY_SIGNAL_ASOF,2023-12-15,True,2023-11-24,2024-01-17,2024-02-12,1.5163324554490936,-0.01258384282068059,GLOBAL_URANIUM_NUCLEAR,2023-10-02,3.0,10.0,0.006165470825798325,0.0698540299127759,0.04483461168647351,0.3629789870218538,0.38596314613635063,1.539932440087405e-05,138.6917669508809,0.021148972924928344,0.05020858002317441,0.22034056068714558,0.33931212395564314,0.9422072474643458,NOT_AVAILABLE_NO_VALIDATED_HIGH_LOW_PANEL,0.05723250705993177,False,True,US_BANKS,NOT_DETERMINABLE_FROM_CLOSE_ONLY_PANEL,True,"HISTORICAL UK RETAIL, ISA, ACCOUNT AND BROKER ELIGIBILITY REMAIN PARTLY UNRESOLVED"
DD_07,2023-12-18,DAILY_WITH_LAST_WEEKLY_SIGNAL_ASOF,2023-12-15,False,2023-11-24,2024-01-17,2024-02-12,1.5280912102884643,-0.004926693179794994,GLOBAL_URANIUM_NUCLEAR,2023-10-02,3.0,10.0,0.006165470825798325,0.0698540299127759,0.04483461168647351,0.3629789870218538,0.38596314613635063,1.539932440087405e-05,139.7672847108246,0.026355547303688276,0.05593632694023243,0.2269983145052421,0.3395301704730643,0.8613900606440922,NOT_AVAILABLE_NO_VALIDATED_HIGH_LOW_PANEL,0.05723250705993177,False,True,US_BANKS,NOT_DETERMINABLE_FROM_CLOSE_ONLY_PANEL,True,"HISTORICAL UK RETAIL, ISA, ACCOUNT AND BROKER ELIGIBILITY REMAIN PARTLY UNRESOLVED"
DD_07,2023-12-19,DAILY_WITH_LAST_WEEKLY_SIGNAL_ASOF,2023-12-15,False,2023-11-24,2024-01-17,2024-02-12,1.4788685156120283,-0.036979877723037236,GLOBAL_URANIUM_NUCLEAR,2023-10-02,3.0,10.0,0.006165470825798325,0.0698540299127759,0.04483461168647351,0.3629789870218538,0.38596314613635063,1.539932440087405e-05,135.26511734361836,-0.006099442686528844,0.021044826491543267,0.18526337861705078,0.3433369934794058,0.9386184280447548,NOT_AVAILABLE_NO_VALIDATED_HIGH_LOW_PANEL,0.05723250705993177,False,True,US_BANKS,NOT_DETERMINABLE_FROM_CLOSE_ONLY_PANEL,True,"HISTORICAL UK RETAIL, ISA, ACCOUNT AND BROKER ELIGIBILITY REMAIN PARTLY UNRESOLVED"
DD_07,2023-12-20,DAILY_WITH_LAST_WEEKLY_SIGNAL_ASOF,2023-12-15,False,2023-11-24,2024-01-17,2024-02-12,1.4739462461443849,-0.04018519617736127,GLOBAL_URANIUM_NUCLEAR,2023-10-02,3.0,10.0,0.006165470825798325,0.0698540299127759,0.04483461168647351,0.3629789870218538,0.38596314613635063,1.539932440087405e-05,134.81490060689774,-0.008559632878104018,0.01694263907453797,0.17919089302928848,0.33283676234019616,0.9461870303757381,NOT_AVAILABLE_NO_VALIDATED_HIGH_LOW_PANEL,0.05723250705993177,False,True,US_BANKS,NOT_DETERMINABLE_FROM_CLOSE_ONLY_PANEL,True,"HISTORICAL UK RETAIL, ISA, ACCOUNT AND BROKER ELIGIBILITY REMAIN PARTLY UNRESOLVED"
DD_07,2023-12-21,DAILY_WITH_LAST_WEEKLY_SIGNAL_ASOF,2023-12-15,False,2023-11-24,2024-01-17,2024-02-12,1.501109881354714,-0.022496586929424245,GLOBAL_URANIUM_NUCLEAR,2023-10-02,3.0,10.0,0.006165470825798325,0.0698540299127759,0.04483461168647351,0.3629789870218538,0.38596314613635063,1.539932440087405e-05,137.29943000583745,0.008821129969558639,0.03423678272179842,0.1985262983993492,0.3259409765517646,0.9793171379159223,NOT_AVAILABLE_NO_VALIDATED_HIGH_LOW_PANEL,0.05723250705993177,False,True,US_BANKS,NOT_DETERMINABLE_FROM_CLOSE_ONLY_PANEL,True,"HISTORICAL UK RETAIL, ISA, ACCOUNT AND BROKER ELIGIBILITY REMAIN PARTLY UNRESOLVED"
DD_07,2023-12-22,DAILY_WITH_LAST_WEEKLY_SIGNAL_ASOF,2023-12-22,True,2023-11-24,2024-01-17,2024-02-12,1.52927620108623,-0.0041550424407912345,GLOBAL_URANIUM_NUCLEAR,2023-10-02,6.0,19.0,-0.032920720396030445,-0.031940836262431715,-0.04574711281315513,0.4223208426020606,0.35007884161820213,-0.0006341845903091416,139.87567022151657,0.025164071329820015,0.051431019320093974,0.21833573310665222,0.32540031194690533,1.0091139466716283,NOT_AVAILABLE_NO_VALIDATED_HIGH_LOW_PANEL,0.05723250705993177,False,False,,NOT_DETERMINABLE_FROM_CLOSE_ONLY_PANEL,True,"HISTORICAL UK RETAIL, ISA, ACCOUNT AND BROKER ELIGIBILITY REMAIN PARTLY UNRESOLVED"
DD_07,2023-12-27,DAILY_WITH_LAST_WEEKLY_SIGNAL_ASOF,2023-12-22,False,2023-11-24,2024-01-17,2024-02-12,1.5351100019367707,-0.0003561464949254356,GLOBAL_URANIUM_NUCLEAR,2023-10-02,6.0,19.0,-0.032920720396030445,-0.031940836262431715,-0.04574711281315513,0.4223208426020606,0.35007884161820213,-0.0006341845903091416,140.4092604280003,0.026361968482125464,0.05315220417114319,0.22027589992280205,0.32372062104673904,1.010162914011536,NOT_AVAILABLE_NO_VALIDATED_HIGH_LOW_PANEL,0.05723250705993177,False,False,,NOT_DETERMINABLE_FROM_CLOSE_ONLY_PANEL,True,"HISTORICAL UK RETAIL, ISA, ACCOUNT AND BROKER ELIGIBILITY REMAIN PARTLY UNRESOLVED"
DD_07,2023-12-28,DAILY_WITH_LAST_WEEKLY_SIGNAL_ASOF,2023-12-22,False,2023-11-24,2024-01-17,2024-02-12,1.5016568001844521,-0.022140440434499253,GLOBAL_URANIUM_NUCLEAR,2023-10-02,6.0,19.0,-0.032920720396030445,-0.031940836262431715,-0.04574711281315513,0.4223208426020606,0.35007884161820213,-0.0006341845903091416,137.3494540876953,0.0036308920095706743,0.02898313966465138,0.19138753843987866,0.32503120562261284,1.0428960396016402,NOT_AVAILABLE_NO_VALIDATED_HIGH_LOW_PANEL,0.05723250705993177,False,False,,NOT_DETERMINABLE_FROM_CLOSE_ONLY_PANEL,True,"HISTORICAL UK RETAIL, ISA, ACCOUNT AND BROKER ELIGIBILITY REMAIN PARTLY UNRESOLVED"
DD_07,2023-12-29,DAILY_WITH_LAST_WEEKLY_SIGNAL_ASOF,2023-12-29,True,2023-11-24,2024-01-17,2024-02-12,1.4985575934826025,-0.024158603905740428,GLOBAL_URANIUM_NUCLEAR,2023-10-02,6.0,19.0,-0.05181292856125541,-0.03461465053250412,-0.07278802788856598,0.383806700342495,0.30937925024291424,-0.000673447377936691,137.06598429050084,0.0014175628071873003,0.025778998707848944,0.18669782521149547,0.32504385228126204,1.0207253391811362,NOT_AVAILABLE_NO_VALIDATED_HIGH_LOW_PANEL,0.05723250705993177,False,False,,NOT_DETERMINABLE_FROM_CLOSE_ONLY_PANEL,True,"HISTORICAL UK RETAIL, ISA, ACCOUNT AND BROKER ELIGIBILITY REMAIN PARTLY UNRESOLVED"
DD_07,2024-01-02,DAILY_WITH_LAST_WEEKLY_SIGNAL_ASOF,2023-12-29,False,2023-11-24,2024-01-17,2024-02-12,1.5054234137632605,-0.01968767020446094,GLOBAL_AI,2024-01-02,1.0,1.0,0.13158345430089602,0.2311792472980485,0.2295287884222983,0.14526197850781264,0.42302578121532,0.004591267463194796,125.27790643816589,0.029492665167667242,0.09377589090292293,0.19704303894427277,0.22507964720457396,1.1103412805553972,NOT_AVAILABLE_NO_VALIDATED_HIGH_LOW_PANEL,0.0,True,False,,NOT_DETERMINABLE_FROM_CLOSE_ONLY_PANEL,True,"HISTORICAL UK RETAIL, ISA, ACCOUNT AND BROKER ELIGIBILITY REMAIN PARTLY UNRESOLVED"
DD_07,2024-01-03,DAILY_WITH_LAST_WEEKLY_SIGNAL_ASOF,2023-12-29,False,2023-11-24,2024-01-17,2024-02-12,1.4599225859325382,-0.04931722301369845,GLOBAL_AI,2024-01-02,1.0,1.0,0.13158345430089602,0.2311792472980485,0.2295287884222983,0.14526197850781264,0.42302578121532,0.004591267463194796,121.49143121815663,-0.0014759849529757396,0.05819731893768898,0.15900774846354326,0.23064133537205653,1.267018308718006,NOT_AVAILABLE_NO_VALIDATED_HIGH_LOW_PANEL,0.0,True,False,,NOT_DETERMINABLE_FROM_CLOSE_ONLY_PANEL,True,"HISTORICAL UK RETAIL, ISA, ACCOUNT AND BROKER ELIGIBILITY REMAIN PARTLY UNRESOLVED"
DD_07,2024-01-04,DAILY_WITH_LAST_WEEKLY_SIGNAL_ASOF,2023-12-29,False,2023-11-24,2024-01-17,2024-02-12,1.45769624573287,-0.050766987065526514,GLOBAL_AI,2024-01-02,1.0,1.0,0.13158345430089602,0.2311792472980485,0.2295287884222983,0.14526197850781264,0.42302578121532,0.004591267463194796,121.30616025937942,-0.002726839294288519,0.05424426753349776,0.15543252810703279,0.22940470653180203,1.2344123211668552,NOT_AVAILABLE_NO_VALIDATED_HIGH_LOW_PANEL,0.0,True,False,,NOT_DETERMINABLE_FROM_CLOSE_ONLY_PANEL,True,"HISTORICAL UK RETAIL, ISA, ACCOUNT AND BROKER ELIGIBILITY REMAIN PARTLY UNRESOLVED"
DD_07,2024-01-05,DAILY_WITH_LAST_WEEKLY_SIGNAL_ASOF,2024-01-05,True,2023-11-24,2024-01-17,2024-02-12,1.4423901568601496,-0.060734114921845106,GLOBAL_AI,2024-01-02,1.0,2.0,0.029356851823199248,0.10693919775211924,0.16123063563146145,0.04332013825774039,0.32232196946545466,0.0038848985355783693,120.03242241778608,-0.012012957320644113,0.04141126959805996,0.14167238581071406,0.2305751329900496,1.2471313218796733,NOT_AVAILABLE_NO_VALIDATED_HIGH_LOW_PANEL,0.0,True,False,,NOT_DETERMINABLE_FROM_CLOSE_ONLY_PANEL,True,"HISTORICAL UK RETAIL, ISA, ACCOUNT AND BROKER ELIGIBILITY REMAIN PARTLY UNRESOLVED"
DD_07,2024-01-08,DAILY_WITH_LAST_WEEKLY_SIGNAL_ASOF,2024-01-05,False,2023-11-24,2024-01-17,2024-02-12,1.4483734461467586,-0.05683787403255691,GLOBAL_AI,2024-01-02,1.0,2.0,0.029356851823199248,0.10693919775211924,0.16123063563146145,0.04332013825774039,0.32232196946545466,0.0038848985355783693,120.53033811949985,-0.007200282912674383,0.043859189861779946,0.14474058831726833,0.22906651067834266,1.2173562886830112,NOT_AVAILABLE_NO_VALIDATED_HIGH_LOW_PANEL,0.0,True,False,,NOT_DETERMINABLE_FROM_CLOSE_ONLY_PANEL,True,"HISTORICAL UK RETAIL, ISA, ACCOUNT AND BROKER ELIGIBILITY REMAIN PARTLY UNRESOLVED"
DD_07,2024-01-09,DAILY_WITH_LAST_WEEKLY_SIGNAL_ASOF,2024-01-05,False,2023-11-24,2024-01-17,2024-02-12,1.4724457495556726,-0.04116230022216527,GLOBAL_AI,2024-01-02,1.0,2.0,0.029356851823199248,0.10693919775211924,0.16123063563146145,0.04332013825774039,0.32232196946545466,0.0038848985355783693,122.53358036127844,0.008447656950549165,0.05866722336237484,0.16187315116421463,0.2305836655559743,1.222025011079647,NOT_AVAILABLE_NO_VALIDATED_HIGH_LOW_PANEL,0.0,True,False,,NOT_DETERMINABLE_FROM_CLOSE_ONLY_PANEL,True,"HISTORICAL UK RETAIL, ISA, ACCOUNT AND BROKER ELIGIBILITY REMAIN PARTLY UNRESOLVED"
DD_07,2024-01-10,DAILY_WITH_LAST_WEEKLY_SIGNAL_ASOF,2024-01-05,False,2023-11-24,2024-01-17,2024-02-12,1.4632620962320408,-0.04714257693595625,GLOBAL_AI,2024-01-02,1.0,2.0,0.029356851823199248,0.10693919775211924,0.16123063563146145,0.04332013825774039,0.32232196946545466,0.0038848985355783693,121.76933765632245,0.001961399419809551,0.04992064680568453,0.15285279341396407,0.22803986574038393,1.2132188770616146,NOT_AVAILABLE_NO_VALIDATED_HIGH_LOW_PANEL,0.0,True,False,,NOT_DETERMINABLE_FROM_CLOSE_ONLY_PANEL,True,"HISTORICAL UK RETAIL, ISA, ACCOUNT AND BROKER ELIGIBILITY REMAIN PARTLY UNRESOLVED"
DD_07,2024-01-11,DAILY_WITH_LAST_WEEKLY_SIGNAL_ASOF,2024-01-05,False,2023-11-24,2024-01-17,2024-02-12,1.436963452623458,-0.06426791479817617,GLOBAL_AI,2024-01-02,1.0,2.0,0.029356851823199248,0.10693919775211924,0.16123063563146145,0.04332013825774039,0.32232196946545466,0.0038848985355783693,119.58082445576663,-0.014609006823723125,0.02979686655985403,0.13064649143904505,0.2314676101100754,1.2055125265257787,NOT_AVAILABLE_NO_VALIDATED_HIGH_LOW_PANEL,0.0,True,False,,NOT_DETERMINABLE_FROM_CLOSE_ONLY_PANEL,True,"HISTORICAL UK RETAIL, ISA, ACCOUNT AND BROKER ELIGIBILITY REMAIN PARTLY UNRESOLVED"
DD_07,2024-01-12,DAILY_WITH_LAST_WEEKLY_SIGNAL_ASOF,2024-01-12,True,2023-11-24,2024-01-17,2024-02-12,1.432232479699163,-0.0673486634083108,GLOBAL_AI,2024-01-02,6.0,7.0,-0.01495209048745616,0.07118247237546016,0.12081344033489128,-0.03282598661385683,0.24461560078843103,0.0029655754605907685,119.18712366836507,-0.01625661163674408,0.025344633063278277,0.12550259225612725,0.23174348013754745,1.2004179352349136,NOT_AVAILABLE_NO_VALIDATED_HIGH_LOW_PANEL,0.0,False,False,,NOT_DETERMINABLE_FROM_CLOSE_ONLY_PANEL,True,"HISTORICAL UK RETAIL, ISA, ACCOUNT AND BROKER ELIGIBILITY REMAIN PARTLY UNRESOLVED"
DD_07,2024-01-15,DAILY_WITH_LAST_WEEKLY_SIGNAL_ASOF,2024-01-12,False,2023-11-24,2024-01-17,2024-02-12,1.4224922413256138,-0.07369138113505891,GLOBAL_AI,2024-01-02,6.0,7.0,-0.01495209048745616,0.07118247237546016,0.12081344033489128,-0.03282598661385683,0.24461560078843103,0.0029655754605907685,118.37656322371477,-0.02090432888274385,0.017638372619567244,0.11653906718186802,0.229811185662938,1.2042301400713031,NOT_AVAILABLE_NO_VALIDATED_HIGH_LOW_PANEL,0.0,False,False,,NOT_DETERMINABLE_FROM_CLOSE_ONLY_PANEL,True,"HISTORICAL UK RETAIL, ISA, ACCOUNT AND BROKER ELIGIBILITY REMAIN PARTLY UNRESOLVED"
DD_07,2024-01-16,DAILY_WITH_LAST_WEEKLY_SIGNAL_ASOF,2024-01-12,False,2023-11-24,2024-01-17,2024-02-12,1.411917125377189,-0.08057776038124265,GLOBAL_AI,2024-01-02,6.0,7.0,-0.01495209048745616,0.07118247237546016,0.12081344033489128,-0.03282598661385683,0.24461560078843103,0.0029655754605907685,117.49652616952301,-0.025686847387244693,0.009674185952573966,0.10704618506065011,0.23059433040378438,1.2023090352954717,NOT_AVAILABLE_NO_VALIDATED_HIGH_LOW_PANEL,0.0,False,False,,NOT_DETERMINABLE_FROM_CLOSE_ONLY_PANEL,True,"HISTORICAL UK RETAIL, ISA, ACCOUNT AND BROKER ELIGIBILITY REMAIN PARTLY UNRESOLVED"
DD_07,2024-01-17,DAILY_WITH_LAST_WEEKLY_SIGNAL_ASOF,2024-01-12,False,2023-11-24,2024-01-17,2024-02-12,1.381444093894228,-0.10042140584064019,GLOBAL_AI,2024-01-02,6.0,7.0,-0.01495209048745616,0.07118247237546016,0.12081344033489128,-0.03282598661385683,0.24461560078843103,0.0029655754605907685,114.96062992125992,-0.04264947877810965,-0.011647688173781034,0.08225764839202276,0.23531586768677765,1.2127453802838544,NOT_AVAILABLE_NO_VALIDATED_HIGH_LOW_PANEL,0.0,False,False,,NOT_DETERMINABLE_FROM_CLOSE_ONLY_PANEL,True,"HISTORICAL UK RETAIL, ISA, ACCOUNT AND BROKER ELIGIBILITY REMAIN PARTLY UNRESOLVED"
DD_07,2024-01-18,DAILY_WITH_LAST_WEEKLY_SIGNAL_ASOF,2024-01-12,False,2023-11-24,2024-01-17,2024-02-12,1.4087167613401654,-0.08266179620574565,GLOBAL_AI,2024-01-02,6.0,7.0,-0.01495209048745616,0.07118247237546016,0.12081344033489128,-0.03282598661385683,0.24461560078843103,0.0029655754605907685,117.23019916628076,-0.021637012656976706,0.007553763299444238,0.1024869797132133,0.2357293345865181,1.2418504257050955,NOT_AVAILABLE_NO_VALIDATED_HIGH_LOW_PANEL,0.0,False,False,,NOT_DETERMINABLE_FROM_CLOSE_ONLY_PANEL,True,"HISTORICAL UK RETAIL, ISA, ACCOUNT AND BROKER ELIGIBILITY REMAIN PARTLY UNRESOLVED"
DD_07,2024-01-19,DAILY_WITH_LAST_WEEKLY_SIGNAL_ASOF,2024-01-19,True,2023-11-24,2024-01-17,2024-02-12,1.410525662752396,-0.0814838629136353,GLOBAL_AI,2024-01-02,6.0,7.0,-0.05056074211403827,0.04276861280643107,0.10166877059859059,-0.017117124718529997,0.2018103023409441,0.0014229320130160331,117.38073182028724,-0.018562318323709692,0.008497629631628367,0.10276255925248412,0.2356843619150662,1.2414043344864953,NOT_AVAILABLE_NO_VALIDATED_HIGH_LOW_PANEL,0.0,False,False,,NOT_DETERMINABLE_FROM_CLOSE_ONLY_PANEL,True,"HISTORICAL UK RETAIL, ISA, ACCOUNT AND BROKER ELIGIBILITY REMAIN PARTLY UNRESOLVED"
DD_07,2024-01-22,DAILY_WITH_LAST_WEEKLY_SIGNAL_ASOF,2024-01-19,False,2023-11-24,2024-01-17,2024-02-12,1.4366851600984996,-0.06444913530465457,GLOBAL_AI,2024-01-02,6.0,7.0,-0.05056074211403827,0.04276861280643107,0.10166877059859059,-0.017117124718529997,0.2018103023409441,0.0014229320130160331,119.55766558591948,-0.000327876865309662,0.026106587039582463,0.12183891733431995,0.22732660852303196,1.2573402587522842,NOT_AVAILABLE_NO_VALIDATED_HIGH_LOW_PANEL,0.0,False,False,,NOT_DETERMINABLE_FROM_CLOSE_ONLY_PANEL,True,"HISTORICAL UK RETAIL, ISA, ACCOUNT AND BROKER ELIGIBILITY REMAIN PARTLY UNRESOLVED"
DD_07,2024-01-23,DAILY_WITH_LAST_WEEKLY_SIGNAL_ASOF,2024-01-19,False,2023-11-24,2024-01-17,2024-02-12,1.440998694235357,-0.061640217454237645,GLOBAL_AI,2024-01-02,6.0,7.0,-0.05056074211403827,0.04276861280643107,0.10166877059859059,-0.017117124718529997,0.2018103023409441,0.0014229320130160331,119.91662806855034,0.002429918513101592,0.028010726561161325,0.12380706403425101,0.22728623078583238,1.2251461548321323,NOT_AVAILABLE_NO_VALIDATED_HIGH_LOW_PANEL,0.0,False,False,,NOT_DETERMINABLE_FROM_CLOSE_ONLY_PANEL,True,"HISTORICAL UK RETAIL, ISA, ACCOUNT AND BROKER ELIGIBILITY REMAIN PARTLY UNRESOLVED"
DD_07,2024-01-24,DAILY_WITH_LAST_WEEKLY_SIGNAL_ASOF,2024-01-19,False,2023-11-24,2024-01-17,2024-02-12,1.4500432012965097,-0.055750550993685866,GLOBAL_AI,2024-01-02,6.0,7.0,-0.05056074211403827,0.04276861280643107,0.10166877059859059,-0.017117124718529997,0.2018103023409441,0.0014229320130160331,120.66929133858275,0.007922558950877345,0.0330669085428017,0.1293901255377592,0.22167243824229674,1.230961785600586,NOT_AVAILABLE_NO_VALIDATED_HIGH_LOW_PANEL,0.0,False,False,,NOT_DETERMINABLE_FROM_CLOSE_ONLY_PANEL,True,"HISTORICAL UK RETAIL, ISA, ACCOUNT AND BROKER ELIGIBILITY REMAIN PARTLY UNRESOLVED"
DD_07,2024-01-25,DAILY_WITH_LAST_WEEKLY_SIGNAL_ASOF,2024-01-19,False,2023-11-24,2024-01-17,2024-02-12,1.4480951536217999,-0.05701909453903553,GLOBAL_AI,2024-01-02,6.0,7.0,-0.05056074211403827,0.04276861280643107,0.10166877059859059,-0.017117124718529997,0.2018103023409441,0.0014229320130160331,120.50717924965268,0.005967776738197816,0.03039896341769177,0.1264396121068878,0.21942333993566693,1.2287303086648047,NOT_AVAILABLE_NO_VALIDATED_HIGH_LOW_PANEL,0.0,False,False,,NOT_DETERMINABLE_FROM_CLOSE_ONLY_PANEL,True,"HISTORICAL UK RETAIL, ISA, ACCOUNT AND BROKER ELIGIBILITY REMAIN PARTLY UNRESOLVED"
DD_07,2024-01-26,DAILY_WITH_LAST_WEEKLY_SIGNAL_ASOF,2024-01-26,True,2023-11-24,2024-01-17,2024-02-12,1.4441990582723803,-0.05955618162973475,GLOBAL_AI,2024-01-02,5.0,8.0,-0.09113009166475028,0.037887184890877945,0.11988807357854969,-0.012897881101606168,0.16172922243703236,4.8735522161722125e-05,120.18295507179258,0.002963870080685549,0.02651455332898056,0.12203113233045149,0.20995220709085433,1.1188767978140293,NOT_AVAILABLE_NO_VALIDATED_HIGH_LOW_PANEL,0.0,False,False,,NOT_DETERMINABLE_FROM_CLOSE_ONLY_PANEL,True,"HISTORICAL UK RETAIL, ISA, ACCOUNT AND BROKER ELIGIBILITY REMAIN PARTLY UNRESOLVED"
DD_07,2024-01-29,DAILY_WITH_LAST_WEEKLY_SIGNAL_ASOF,2024-01-26,False,2023-11-24,2024-01-17,2024-02-12,1.4615923410822893,-0.04822989997482752,GLOBAL_AI,2024-01-02,5.0,8.0,-0.09113009166475028,0.037887184890877945,0.11988807357854969,-0.012897881101606168,0.16172922243703236,4.8735522161722125e-05,121.63038443723953,0.013656882605350473,0.03729596533478041,0.1340149236342978,0.21055630322103586,1.1393773949166612,NOT_AVAILABLE_NO_VALIDATED_HIGH_LOW_PANEL,0.0,False,False,,NOT_DETERMINABLE_FROM_CLOSE_ONLY_PANEL,True,"HISTORICAL UK RETAIL, ISA, ACCOUNT AND BROKER ELIGIBILITY REMAIN PARTLY UNRESOLVED"
DD_07,2024-01-30,DAILY_WITH_LAST_WEEKLY_SIGNAL_ASOF,2024-01-26,False,2023-11-24,2024-01-17,2024-02-12,1.4608966097698928,-0.04868295124102384,GLOBAL_AI,2024-01-02,5.0,8.0,-0.09113009166475028,0.037887184890877945,0.11988807357854969,-0.012897881101606168,0.16172922243703236,4.8735522161722125e-05,121.57248726262164,0.011962375441669781,0.03530802195677918,0.1319717384244179,0.21026420452187003,1.1376235384838647,NOT_AVAILABLE_NO_VALIDATED_HIGH_LOW_PANEL,0.0,False,False,,NOT_DETERMINABLE_FROM_CLOSE_ONLY_PANEL,True,"HISTORICAL UK RETAIL, ISA, ACCOUNT AND BROKER ELIGIBILITY REMAIN PARTLY UNRESOLVED"
DD_07,2024-01-31,DAILY_WITH_LAST_WEEKLY_SIGNAL_ASOF,2024-01-26,False,2023-11-24,2024-01-17,2024-02-12,1.42889296939966,-0.06952330948605334,GLOBAL_AI,2024-01-02,5.0,8.0,-0.09113009166475028,0.037887184890877945,0.11988807357854969,-0.012897881101606168,0.16172922243703236,4.8735522161722125e-05,118.90921723019922,-0.009287281696365612,0.012126477752353981,0.10599436624991143,0.21641822949924933,1.0228725841445516,NOT_AVAILABLE_NO_VALIDATED_HIGH_LOW_PANEL,0.0,False,False,,NOT_DETERMINABLE_FROM_CLOSE_ONLY_PANEL,True,"HISTORICAL UK RETAIL, ISA, ACCOUNT AND BROKER ELIGIBILITY REMAIN PARTLY UNRESOLVED"
DD_07,2024-02-01,DAILY_WITH_LAST_WEEKLY_SIGNAL_ASOF,2024-01-26,False,2023-11-24,2024-01-17,2024-02-12,1.4015254878430814,-0.08734466084812598,GLOBAL_SEMICONDUCTORS,2024-02-01,1.0,1.0,0.05548033035522337,0.11009797834783352,0.19239341582476666,0.1402439817925476,0.3627206765939288,0.0024763229948249737,613.0739105782501,0.016245183180038092,0.06386842432423401,0.19695659033680601,0.225051707781392,1.2823141764599977,NOT_AVAILABLE_NO_VALIDATED_HIGH_LOW_PANEL,0.0,True,False,,NOT_DETERMINABLE_FROM_CLOSE_ONLY_PANEL,True,"HISTORICAL UK RETAIL, ISA, ACCOUNT AND BROKER ELIGIBILITY REMAIN PARTLY UNRESOLVED"
DD_07,2024-02-02,DAILY_WITH_LAST_WEEKLY_SIGNAL_ASOF,2024-02-02,True,2023-11-24,2024-01-17,2024-02-12,1.4386553592321376,-0.06316616701467048,GLOBAL_SEMICONDUCTORS,2024-02-01,2.0,2.0,0.09034038459155269,0.10818213570575774,0.14930732733556318,0.14725355951917285,0.30611115542602585,0.002578636283327604,629.3157525206243,0.03909025716100967,0.08812488388127981,0.22587769573119632,0.22364348455921582,1.3227624120820185,NOT_AVAILABLE_NO_VALIDATED_HIGH_LOW_PANEL,0.026492469606242075,False,False,,NOT_DETERMINABLE_FROM_CLOSE_ONLY_PANEL,True,"HISTORICAL UK RETAIL, ISA, ACCOUNT AND BROKER ELIGIBILITY REMAIN PARTLY UNRESOLVED"
DD_07,2024-02-05,DAILY_WITH_LAST_WEEKLY_SIGNAL_ASOF,2024-02-02,False,2023-11-24,2024-01-17,2024-02-12,1.463705306710371,-0.0468539639831953,GLOBAL_SEMICONDUCTORS,2024-02-01,2.0,2.0,0.09034038459155269,0.10818213570575774,0.14930732733556318,0.14725355951917285,0.30611115542602585,0.002578636283327604,640.2734335570891,0.05171566301853292,0.1024423547913913,0.24416219743560608,0.22514782094925395,1.3276026691105103,NOT_AVAILABLE_NO_VALIDATED_HIGH_LOW_PANEL,0.04436581382689164,False,False,,NOT_DETERMINABLE_FROM_CLOSE_ONLY_PANEL,True,"HISTORICAL UK RETAIL, ISA, ACCOUNT AND BROKER ELIGIBILITY REMAIN PARTLY UNRESOLVED"
DD_07,2024-02-06,DAILY_WITH_LAST_WEEKLY_SIGNAL_ASOF,2024-02-02,False,2023-11-24,2024-01-17,2024-02-12,1.4605263793654175,-0.048924040510032296,GLOBAL_SEMICONDUCTORS,2024-02-01,2.0,2.0,0.09034038459155269,0.10818213570575774,0.14930732733556318,0.14725355951917285,0.30611115542602585,0.002578636283327604,638.8828648976393,0.04473669927802404,0.09574891271270092,0.2384845137602818,0.22510435836934609,1.3184864833770586,NOT_AVAILABLE_NO_VALIDATED_HIGH_LOW_PANEL,0.04436581382689164,False,False,,NOT_DETERMINABLE_FROM_CLOSE_ONLY_PANEL,True,"HISTORICAL UK RETAIL, ISA, ACCOUNT AND BROKER ELIGIBILITY REMAIN PARTLY UNRESOLVED"
DD_07,2024-02-07,DAILY_WITH_LAST_WEEKLY_SIGNAL_ASOF,2024-02-02,False,2023-11-24,2024-01-17,2024-02-12,1.4714618894320572,-0.0418029772577132,GLOBAL_SEMICONDUCTORS,2024-02-01,2.0,2.0,0.09034038459155269,0.10818213570575774,0.14930732733556318,0.14725355951917285,0.30611115542602585,0.002578636283327604,643.6664210861467,0.04755372536786129,0.09947109732981052,0.24468904462664165,0.22332988307470078,1.3184210967227319,NOT_AVAILABLE_NO_VALIDATED_HIGH_LOW_PANEL,0.04990019960079817,False,False,,NOT_DETERMINABLE_FROM_CLOSE_ONLY_PANEL,True,"HISTORICAL UK RETAIL, ISA, ACCOUNT AND BROKER ELIGIBILITY REMAIN PARTLY UNRESOLVED"
DD_07,2024-02-08,DAILY_WITH_LAST_WEEKLY_SIGNAL_ASOF,2024-02-02,False,2023-11-24,2024-01-17,2024-02-12,1.506302933132747,-0.01911493852358037,GLOBAL_SEMICONDUCTORS,2024-02-01,2.0,2.0,0.09034038459155269,0.10818213570575774,0.14930732733556318,0.14725355951917285,0.30611115542602585,0.002578636283327604,658.907053593717,0.06534971241227616,0.1199918999021139,0.27069418578974314,0.226663415345603,1.339333088172992,NOT_AVAILABLE_NO_VALIDATED_HIGH_LOW_PANEL,0.07475957176555958,False,False,,NOT_DETERMINABLE_FROM_CLOSE_ONLY_PANEL,True,"HISTORICAL UK RETAIL, ISA, ACCOUNT AND BROKER ELIGIBILITY REMAIN PARTLY UNRESOLVED"
DD_07,2024-02-09,DAILY_WITH_LAST_WEEKLY_SIGNAL_ASOF,2024-02-09,True,2023-11-24,2024-01-17,2024-02-12,1.5207988418257352,-0.009675389561203618,GLOBAL_SEMICONDUCTORS,2024-02-01,1.0,1.0,0.12336019154034816,0.1550992425839024,0.16670941842680764,0.25046776885850175,0.35256270343526697,0.00243788693942889,665.2480466808084,0.0682600425218336,0.1250008682469459,0.2793212304021979,0.22533406641917988,1.3229353920216536,NOT_AVAILABLE_NO_VALIDATED_HIGH_LOW_PANEL,0.08510252222827064,True,False,,NOT_DETERMINABLE_FROM_CLOSE_ONLY_PANEL,True,"HISTORICAL UK RETAIL, ISA, ACCOUNT AND BROKER ELIGIBILITY REMAIN PARTLY UNRESOLVED"
DD_07,2024-02-12,DAILY_WITH_LAST_WEEKLY_SIGNAL_ASOF,2024-02-09,False,2023-11-24,2024-01-17,2024-02-12,1.5492820308365183,0.008872496119255446,GLOBAL_SEMICONDUCTORS,2024-02-01,1.0,1.0,0.12336019154034816,0.1550992425839024,0.16670941842680764,0.25046776885850175,0.35256270343526697,0.00243788693942889,677.7075418694792,0.07960448984882462,0.13954349536385036,0.29936064354704195,0.22601048856808215,1.3338806913428571,NOT_AVAILABLE_NO_VALIDATED_HIGH_LOW_PANEL,0.10542551261114141,True,False,,NOT_DETERMINABLE_FROM_CLOSE_ONLY_PANEL,True,"HISTORICAL UK RETAIL, ISA, ACCOUNT AND BROKER ELIGIBILITY REMAIN PARTLY UNRESOLVED"
DD_08,2024-03-07,DAILY_WITH_LAST_WEEKLY_SIGNAL_ASOF,2024-03-01,False,2024-03-07,2025-04-07,2025-08-14,1.7084827122717874,0.0,GLOBAL_SEMICONDUCTORS,2024-02-01,1.0,1.0,0.1071624351039755,0.19177373267115372,0.21325164055287682,0.24008290062179105,0.4522689103219002,0.003443512415888905,747.3472203347276,0.09017571610594044,0.16035446286970956,0.36175977670848325,0.28473846135886566,1.6301794927975093,NOT_AVAILABLE_NO_VALIDATED_HIGH_LOW_PANEL,0.2190165124296859,True,False,,NOT_DETERMINABLE_FROM_CLOSE_ONLY_PANEL,True,"HISTORICAL UK RETAIL, ISA, ACCOUNT AND BROKER ELIGIBILITY REMAIN PARTLY UNRESOLVED"
DD_08,2024-03-08,DAILY_WITH_LAST_WEEKLY_SIGNAL_ASOF,2024-03-08,True,2024-03-07,2025-04-07,2025-08-14,1.672624411820712,-0.020988389401607743,GLOBAL_SEMICONDUCTORS,2024-02-01,1.0,1.0,0.08708461376083143,0.2099824800372334,0.2588527785410992,0.32302767436466273,0.44146173793732113,0.0036252777383851105,731.6616058561332,0.06080499849659482,0.12997394208567004,0.3287734687918027,0.28970627945333743,1.6661038720235724,NOT_AVAILABLE_NO_VALIDATED_HIGH_LOW_PANEL,0.2190165124296859,True,False,,NOT_DETERMINABLE_FROM_CLOSE_ONLY_PANEL,True,"HISTORICAL UK RETAIL, ISA, ACCOUNT AND BROKER ELIGIBILITY REMAIN PARTLY UNRESOLVED"
DD_08,2024-03-11,DAILY_WITH_LAST_WEEKLY_SIGNAL_ASOF,2024-03-08,False,2024-03-07,2025-04-07,2025-08-14,1.622778831051842,-0.05016373920809769,GLOBAL_SEMICONDUCTORS,2024-02-01,1.0,1.0,0.08708461376083143,0.2099824800372334,0.2588527785410992,0.32302767436466273,0.44146173793732113,0.0036252777383851105,709.8574892759597,0.0264680660270189,0.09217523217059287,0.28547614761574125,0.297254709461786,1.7547196971614065,NOT_AVAILABLE_NO_VALIDATED_HIGH_LOW_PANEL,0.2190165124296859,True,False,,NOT_DETERMINABLE_FROM_CLOSE_ONLY_PANEL,True,"HISTORICAL UK RETAIL, ISA, ACCOUNT AND BROKER ELIGIBILITY REMAIN PARTLY UNRESOLVED"
DD_08,2024-03-12,DAILY_WITH_LAST_WEEKLY_SIGNAL_ASOF,2024-03-08,False,2024-03-07,2025-04-07,2025-08-14,1.640962295464976,-0.03952069068175046,GLOBAL_SEMICONDUCTORS,2024-02-01,1.0,1.0,0.08708461376083143,0.2099824800372334,0.2588527785410992,0.32302767436466273,0.44146173793732113,0.0036252777383851105,717.8115420080129,0.03439924680000095,0.09990948027633184,0.29601293915147275,0.2944269455395808,1.7389633005820415,NOT_AVAILABLE_NO_VALIDATED_HIGH_LOW_PANEL,0.2190165124296859,True,False,,NOT_DETERMINABLE_FROM_CLOSE_ONLY_PANEL,True,"HISTORICAL UK RETAIL, ISA, ACCOUNT AND BROKER ELIGIBILITY REMAIN PARTLY UNRESOLVED"
DD_08,2024-03-13,DAILY_WITH_LAST_WEEKLY_SIGNAL_ASOF,2024-03-08,False,2024-03-07,2025-04-07,2025-08-14,1.6120976351727987,-0.05641559988091682,GLOBAL_SEMICONDUCTORS,2024-02-01,1.0,1.0,0.08708461376083143,0.2099824800372334,0.2588527785410992,0.32302767436466273,0.44146173793732113,0.0036252777383851105,705.1851785802082,0.014709313451907402,0.0771589218967541,0.26976402773944375,0.29669186796593294,1.6871560254695959,NOT_AVAILABLE_NO_VALIDATED_HIGH_LOW_PANEL,0.2190165124296859,True,False,,NOT_DETERMINABLE_FROM_CLOSE_ONLY_PANEL,True,"HISTORICAL UK RETAIL, ISA, ACCOUNT AND BROKER ELIGIBILITY REMAIN PARTLY UNRESOLVED"
DD_08,2024-03-14,DAILY_WITH_LAST_WEEKLY_SIGNAL_ASOF,2024-03-08,False,2024-03-07,2025-04-07,2025-08-14,1.6063755659518826,-0.059764810955641345,GLOBAL_SEMICONDUCTORS,2024-02-01,1.0,1.0,0.08708461376083143,0.2099824800372334,0.2588527785410992,0.32302767436466273,0.44146173793732113,0.0036252777383851105,702.6821549931985,0.010087675100472815,0.07025763399557916,0.26192636126490165,0.29698411813735115,1.6800132718103515,NOT_AVAILABLE_NO_VALIDATED_HIGH_LOW_PANEL,0.2190165124296859,True,False,,NOT_DETERMINABLE_FROM_CLOSE_ONLY_PANEL,True,"HISTORICAL UK RETAIL, ISA, ACCOUNT AND BROKER ELIGIBILITY REMAIN PARTLY UNRESOLVED"
DD_08,2024-03-15,DAILY_WITH_LAST_WEEKLY_SIGNAL_ASOF,2024-03-15,True,2024-03-07,2025-04-07,2025-08-14,1.595821527166637,-0.0659422447156891,GLOBAL_SEMICONDUCTORS,2024-02-01,1.0,1.0,0.02924466735713982,0.13395692453394714,0.1346158062465106,0.2770902090209042,0.3359623029449792,0.0027195662015281545,698.065467043825,0.003136564912009643,0.060596246594673,0.2504795070693253,0.2975276425363531,1.6753233726944359,NOT_AVAILABLE_NO_VALIDATED_HIGH_LOW_PANEL,0.2190165124296859,True,False,,NOT_DETERMINABLE_FROM_CLOSE_ONLY_PANEL,True,"HISTORICAL UK RETAIL, ISA, ACCOUNT AND BROKER ELIGIBILITY REMAIN PARTLY UNRESOLVED"
DD_08,2024-03-18,DAILY_WITH_LAST_WEEKLY_SIGNAL_ASOF,2024-03-15,False,2024-03-07,2025-04-07,2025-08-14,1.6011621251061587,-0.06281631437927948,GLOBAL_SEMICONDUCTORS,2024-02-01,1.0,1.0,0.02924466735713982,0.13395692453394714,0.1346158062465106,0.2770902090209042,0.3359623029449792,0.0027195662015281545,700.4016223917007,0.005899858320006279,0.06147549400615482,0.25149312778249766,0.29467393762101324,1.6668673503621207,NOT_AVAILABLE_NO_VALIDATED_HIGH_LOW_PANEL,0.2190165124296859,True,False,,NOT_DETERMINABLE_FROM_CLOSE_ONLY_PANEL,True,"HISTORICAL UK RETAIL, ISA, ACCOUNT AND BROKER ELIGIBILITY REMAIN PARTLY UNRESOLVED"
DD_08,2024-03-19,DAILY_WITH_LAST_WEEKLY_SIGNAL_ASOF,2024-03-15,False,2024-03-07,2025-04-07,2025-08-14,1.582088561036438,-0.07398035129502822,GLOBAL_SEMICONDUCTORS,2024-02-01,1.0,1.0,0.02924466735713982,0.13395692453394714,0.1346158062465106,0.2770902090209042,0.3359623029449792,0.0027195662015281545,692.0582104350016,-0.005532830435148184,0.04682624800112278,0.23368075265949684,0.29509103816931714,1.6678209281154888,NOT_AVAILABLE_NO_VALIDATED_HIGH_LOW_PANEL,0.2190165124296859,True,False,,NOT_DETERMINABLE_FROM_CLOSE_ONLY_PANEL,True,"HISTORICAL UK RETAIL, ISA, ACCOUNT AND BROKER ELIGIBILITY REMAIN PARTLY UNRESOLVED"
DD_08,2024-03-20,DAILY_WITH_LAST_WEEKLY_SIGNAL_ASOF,2024-03-15,False,2024-03-07,2025-04-07,2025-08-14,1.5859032738503822,-0.07174754391187843,GLOBAL_SEMICONDUCTORS,2024-02-01,1.0,1.0,0.02924466735713982,0.13395692453394714,0.1346158062465106,0.2770902090209042,0.3359623029449792,0.0027195662015281545,693.7268928263414,-0.0028507972156758266,0.04732344980533676,0.23375017854703595,0.29476054434127874,1.573484942670284,NOT_AVAILABLE_NO_VALIDATED_HIGH_LOW_PANEL,0.2190165124296859,True,False,,NOT_DETERMINABLE_FROM_CLOSE_ONLY_PANEL,True,"HISTORICAL UK RETAIL, ISA, ACCOUNT AND BROKER ELIGIBILITY REMAIN PARTLY UNRESOLVED"
DD_08,2024-03-21,DAILY_WITH_LAST_WEEKLY_SIGNAL_ASOF,2024-03-15,False,2024-03-07,2025-04-07,2025-08-14,1.677965009760234,-0.01786245906519801,GLOBAL_SEMICONDUCTORS,2024-02-01,1.0,1.0,0.02924466735713982,0.13395692453394714,0.1346158062465106,0.2770902090209042,0.3359623029449792,0.0027195662015281545,733.9977612040091,0.049781617361724706,0.10344198924056425,0.3014150641585387,0.31452260729419723,1.760850068013301,NOT_AVAILABLE_NO_VALIDATED_HIGH_LOW_PANEL,0.2190165124296859,True,False,,NOT_DETERMINABLE_FROM_CLOSE_ONLY_PANEL,True,"HISTORICAL UK RETAIL, ISA, ACCOUNT AND BROKER ELIGIBILITY REMAIN PARTLY UNRESOLVED"
DD_08,2024-03-22,DAILY_WITH_LAST_WEEKLY_SIGNAL_ASOF,2024-03-22,True,2024-03-07,2025-04-07,2025-08-14,1.6638505723486408,-0.026123846382852034,GLOBAL_SEMICONDUCTORS,2024-02-01,1.0,3.0,0.026888582682905948,0.05302566019649402,0.14413165579782428,0.2930271220949965,0.31086901803904365,0.0023585910132672763,727.8236363560517,0.037090311849330204,0.0901348462855418,0.28674902973943395,0.3153732515757751,1.5117403010291464,NOT_AVAILABLE_NO_VALIDATED_HIGH_LOW_PANEL,0.2190165124296859,True,False,,NOT_DETERMINABLE_FROM_CLOSE_ONLY_PANEL,True,"HISTORICAL UK RETAIL, ISA, ACCOUNT AND BROKER ELIGIBILITY REMAIN PARTLY UNRESOLVED"
DD_08,2024-03-25,DAILY_WITH_LAST_WEEKLY_SIGNAL_ASOF,2024-03-22,False,2024-03-07,2025-04-07,2025-08-14,1.6606716450036874,-0.02798451920214351,GLOBAL_SEMICONDUCTORS,2024-02-01,1.0,3.0,0.026888582682905948,0.05302566019649402,0.14413165579782428,0.2930271220949965,0.31086901803904365,0.0023585910132672763,726.4330676966018,0.03181560188135579,0.08430791272495552,0.28066788209557725,0.3153931756842791,1.4719870168637723,NOT_AVAILABLE_NO_VALIDATED_HIGH_LOW_PANEL,0.2190165124296859,True,False,,NOT_DETERMINABLE_FROM_CLOSE_ONLY_PANEL,True,"HISTORICAL UK RETAIL, ISA, ACCOUNT AND BROKER ELIGIBILITY REMAIN PARTLY UNRESOLVED"
DD_08,2024-03-26,DAILY_WITH_LAST_WEEKLY_SIGNAL_ASOF,2024-03-22,False,2024-03-07,2025-04-07,2025-08-14,1.6571112463773392,-0.03006847275975011,GLOBAL_SEMICONDUCTORS,2024-02-01,1.0,3.0,0.026888582682905948,0.05302566019649402,0.14413165579782428,0.2930271220949965,0.31086901803904365,0.0023585910132672763,724.8756307980179,0.02683998564066048,0.0785157515385353,0.2743979791734983,0.3153316672141536,1.463970685942797,NOT_AVAILABLE_NO_VALIDATED_HIGH_LOW_PANEL,0.2190165124296859,True,False,,NOT_DETERMINABLE_FROM_CLOSE_ONLY_PANEL,True,"HISTORICAL UK RETAIL, ISA, ACCOUNT AND BROKER ELIGIBILITY REMAIN PARTLY UNRESOLVED"
DD_08,2024-03-27,DAILY_WITH_LAST_WEEKLY_SIGNAL_ASOF,2024-03-22,False,2024-03-07,2025-04-07,2025-08-14,1.6388006248704075,-0.040785948198868716,GLOBAL_SEMICONDUCTORS,2024-02-01,1.0,3.0,0.026888582682905948,0.05302566019649402,0.14413165579782428,0.2930271220949965,0.31086901803904365,0.0023585910132672763,716.8659553195869,0.014065359117248155,0.06382006735742363,0.2570601820851557,0.3165793664750492,1.4684540783524307,NOT_AVAILABLE_NO_VALIDATED_HIGH_LOW_PANEL,0.2190165124296859,True,False,,NOT_DETERMINABLE_FROM_CLOSE_ONLY_PANEL,True,"HISTORICAL UK RETAIL, ISA, ACCOUNT AND BROKER ELIGIBILITY REMAIN PARTLY UNRESOLVED"
DD_08,2024-03-28,DAILY_WITH_LAST_WEEKLY_SIGNAL_ASOF,2024-03-28,True,2024-03-07,2025-04-07,2025-08-14,1.6485917210928642,-0.035055075915450984,GLOBAL_SEMICONDUCTORS,2024-02-01,1.0,2.0,0.02648862189838841,0.07253218756071633,0.12301623224372848,0.2507050318071473,0.33109198623318914,0.002128959710705364,721.1489067906924,0.018261086155356487,0.06723887574170884,0.2612502556829803,0.31647146414973737,1.45258351440883,NOT_AVAILABLE_NO_VALIDATED_HIGH_LOW_PANEL,0.2190165124296859,True,False,,NOT_DETERMINABLE_FROM_CLOSE_ONLY_PANEL,True,"HISTORICAL UK RETAIL, ISA, ACCOUNT AND BROKER ELIGIBILITY REMAIN PARTLY UNRESOLVED"
DD_08,2024-04-02,DAILY_WITH_LAST_WEEKLY_SIGNAL_ASOF,2024-03-28,False,2024-03-07,2025-04-07,2025-08-14,1.6491003494680567,-0.034757368264364374,GLOBAL_SEMICONDUCTORS,2024-02-01,1.0,2.0,0.02648862189838841,0.07253218756071633,0.12301623224372848,0.2507050318071473,0.33109198623318914,0.002128959710705364,721.3713977762044,0.016858117003416995,0.06474685056496687,0.2583633861332244,0.3110307678424768,1.4408120113369416,NOT_AVAILABLE_NO_VALIDATED_HIGH_LOW_PANEL,0.2190165124296859,True,False,,NOT_DETERMINABLE_FROM_CLOSE_ONLY_PANEL,True,"HISTORICAL UK RETAIL, ISA, ACCOUNT AND BROKER ELIGIBILITY REMAIN PARTLY UNRESOLVED"
DD_08,2024-04-03,DAILY_WITH_LAST_WEEKLY_SIGNAL_ASOF,2024-03-28,False,2024-03-07,2025-04-07,2025-08-14,1.6643592007238333,-0.025826138731765425,GLOBAL_SEMICONDUCTORS,2024-02-01,1.0,2.0,0.02648862189838841,0.07253218756071633,0.12301623224372848,0.2507050318071473,0.33109198623318914,0.002128959710705364,728.0461273415636,0.02382214777576319,0.07146426929632699,0.26660391090983127,0.3048117061398824,1.2957915108482612,NOT_AVAILABLE_NO_VALIDATED_HIGH_LOW_PANEL,0.2190165124296859,True,False,,NOT_DETERMINABLE_FROM_CLOSE_ONLY_PANEL,True,"HISTORICAL UK RETAIL, ISA, ACCOUNT AND BROKER ELIGIBILITY REMAIN PARTLY UNRESOLVED"
DD_08,2024-04-04,DAILY_WITH_LAST_WEEKLY_SIGNAL_ASOF,2024-03-28,False,2024-03-07,2025-04-07,2025-08-14,1.6610531162850817,-0.027761238463828608,GLOBAL_SEMICONDUCTORS,2024-02-01,1.0,2.0,0.02648862189838841,0.07253218756071633,0.12301623224372848,0.2507050318071473,0.33109198623318914,0.002128959710705364,726.5999359357359,0.019768503807652493,0.06643621271430078,0.26077493843180033,0.3047276353092653,1.2527770177399828,NOT_AVAILABLE_NO_VALIDATED_HIGH_LOW_PANEL,0.2190165124296859,True,False,,NOT_DETERMINABLE_FROM_CLOSE_ONLY_PANEL,True,"HISTORICAL UK RETAIL, ISA, ACCOUNT AND BROKER ELIGIBILITY REMAIN PARTLY UNRESOLVED"
DD_08,2024-04-05,DAILY_WITH_LAST_WEEKLY_SIGNAL_ASOF,2024-04-05,True,2024-03-07,2025-04-07,2025-08-14,1.6319341418053084,-0.044805001488538054,GLOBAL_SEMICONDUCTORS,2024-02-01,1.0,6.0,-0.025962644147231928,0.06293211952975275,0.16999098358358267,0.24190573770491963,0.33695044113916883,0.0014657886009394692,713.8623270151753,0.0017192716223453086,0.04578321144330322,0.23573831196046546,0.3076530416468098,1.2320937595263335,NOT_AVAILABLE_NO_VALIDATED_HIGH_LOW_PANEL,0.2190165124296859,True,True,GLOBAL_GOLD_MINERS,NOT_DETERMINABLE_FROM_CLOSE_ONLY_PANEL,True,"HISTORICAL UK RETAIL, ISA, ACCOUNT AND BROKER ELIGIBILITY REMAIN PARTLY UNRESOLVED"
DD_08,2024-04-08,DAILY_WITH_LAST_WEEKLY_SIGNAL_ASOF,2024-04-05,False,2024-03-07,2025-04-07,2025-08-14,1.6362574829944452,-0.04227448645430165,GLOBAL_SEMICONDUCTORS,2024-02-01,1.0,6.0,-0.025962644147231928,0.06293211952975275,0.16999098358358267,0.24190573770491963,0.33695044113916883,0.0014657886009394692,715.7535003920271,0.003973910509373235,0.046560991480312675,0.23607238242223305,0.3061377614312116,1.179704995241913,NOT_AVAILABLE_NO_VALIDATED_HIGH_LOW_PANEL,0.2190165124296859,True,True,GLOBAL_GOLD_MINERS,NOT_DETERMINABLE_FROM_CLOSE_ONLY_PANEL,True,"HISTORICAL UK RETAIL, ISA, ACCOUNT AND BROKER ELIGIBILITY REMAIN PARTLY UNRESOLVED"
DD_08,2024-04-09,DAILY_WITH_LAST_WEEKLY_SIGNAL_ASOF,2024-04-05,False,2024-03-07,2025-04-07,2025-08-14,1.6197270608006868,-0.05194998511461746,GLOBAL_SEMICONDUCTORS,2024-02-01,1.0,6.0,-0.025962644147231928,0.06293211952975275,0.16999098358358267,0.24190573770491963,0.33695044113916883,0.0014657886009394692,708.5225433628879,-0.005611161550569621,0.03452800098497821,0.22086876497922847,0.3073221277280976,1.123951373442652,NOT_AVAILABLE_NO_VALIDATED_HIGH_LOW_PANEL,0.2190165124296859,True,True,GLOBAL_GOLD_MINERS,NOT_DETERMINABLE_FROM_CLOSE_ONLY_PANEL,True,"HISTORICAL UK RETAIL, ISA, ACCOUNT AND BROKER ELIGIBILITY REMAIN PARTLY UNRESOLVED"
DD_08,2024-04-10,DAILY_WITH_LAST_WEEKLY_SIGNAL_ASOF,2024-04-05,False,2024-03-07,2025-04-07,2025-08-14,1.639054939058004,-0.0406370943733253,GLOBAL_SEMICONDUCTORS,2024-02-01,1.0,6.0,-0.025962644147231928,0.06293211952975275,0.16999098358358267,0.24190573770491963,0.33695044113916883,0.0014657886009394692,716.977200812343,0.005682842404161947,0.04495203796756164,0.23254970451611134,0.3074610050383761,1.100013417026131,NOT_AVAILABLE_NO_VALIDATED_HIGH_LOW_PANEL,0.2190165124296859,True,True,GLOBAL_GOLD_MINERS,NOT_DETERMINABLE_FROM_CLOSE_ONLY_PANEL,True,"HISTORICAL UK RETAIL, ISA, ACCOUNT AND BROKER ELIGIBILITY REMAIN PARTLY UNRESOLVED"
DD_08,2024-04-11,DAILY_WITH_LAST_WEEKLY_SIGNAL_ASOF,2024-04-05,False,2024-03-07,2025-04-07,2025-08-14,1.6498632920308458,-0.03431080678773435,GLOBAL_SEMICONDUCTORS,2024-02-01,1.0,6.0,-0.025962644147231928,0.06293211952975275,0.16999098358358267,0.24190573770491963,0.33695044113916883,0.0014657886009394692,721.7051342544725,0.011182549835895061,0.049708614532939954,0.23771337994069697,0.306980744995574,1.0087574063565647,NOT_AVAILABLE_NO_VALIDATED_HIGH_LOW_PANEL,0.2190165124296859,True,True,GLOBAL_GOLD_MINERS,NOT_DETERMINABLE_FROM_CLOSE_ONLY_PANEL,True,"HISTORICAL UK RETAIL, ISA, ACCOUNT AND BROKER ELIGIBILITY REMAIN PARTLY UNRESOLVED"
DD_08,2024-04-12,DAILY_WITH_LAST_WEEKLY_SIGNAL_ASOF,2024-04-12,True,2024-03-07,2025-04-07,2025-08-14,1.6398178816207931,-0.040190532896695164,GLOBAL_SEMICONDUCTORS,2024-02-01,1.0,8.0,-0.020642279507839922,0.019730600024451483,0.1566729745304929,0.20742903100033683,0.3956286808372884,0.0009483808424508216,717.310937290611,0.004566851089399471,0.041548028047775576,0.22736633409079077,0.307629348474352,0.9959928689287912,NOT_AVAILABLE_NO_VALIDATED_HIGH_LOW_PANEL,0.2190165124296859,True,True,GLOBAL_GOLD_MINERS;GLOBAL_SILVER_MINERS,NOT_DETERMINABLE_FROM_CLOSE_ONLY_PANEL,True,"HISTORICAL UK RETAIL, ISA, ACCOUNT AND BROKER ELIGIBILITY REMAIN PARTLY UNRESOLVED"
DD_08,2024-04-15,DAILY_WITH_LAST_WEEKLY_SIGNAL_ASOF,2024-04-12,False,2024-03-07,2025-04-07,2025-08-14,1.6417252380277652,-0.03907412920512032,GLOBAL_SEMICONDUCTORS,2024-02-01,1.0,8.0,-0.020642279507839922,0.019730600024451483,0.1566729745304929,0.20742903100033683,0.3956286808372884,0.0009483808424508216,718.145278486281,0.005211205093893723,0.04101388881550472,0.22600288185991357,0.3076604056886798,0.9618147853812017,NOT_AVAILABLE_NO_VALIDATED_HIGH_LOW_PANEL,0.2190165124296859,True,True,GLOBAL_GOLD_MINERS;GLOBAL_SILVER_MINERS,NOT_DETERMINABLE_FROM_CLOSE_ONLY_PANEL,True,"HISTORICAL UK RETAIL, ISA, ACCOUNT AND BROKER ELIGIBILITY REMAIN PARTLY UNRESOLVED"
DD_08,2024-04-16,DAILY_WITH_LAST_WEEKLY_SIGNAL_ASOF,2024-04-12,False,2024-03-07,2025-04-07,2025-08-14,1.627865114803768,-0.04718666269723115,GLOBAL_SEMICONDUCTORS,2024-02-01,1.0,8.0,-0.020642279507839922,0.019730600024451483,0.1566729745304929,0.20742903100033683,0.3956286808372884,0.0009483808424508216,712.0823991310796,-0.0029783445167251843,0.03092240737818086,0.21304950235045883,0.30665103441682645,0.9689044514985456,NOT_AVAILABLE_NO_VALIDATED_HIGH_LOW_PANEL,0.2190165124296859,True,True,GLOBAL_GOLD_MINERS;GLOBAL_SILVER_MINERS,NOT_DETERMINABLE_FROM_CLOSE_ONLY_PANEL,True,"HISTORICAL UK RETAIL, ISA, ACCOUNT AND BROKER ELIGIBILITY REMAIN PARTLY UNRESOLVED"
DD_08,2024-04-17,DAILY_WITH_LAST_WEEKLY_SIGNAL_ASOF,2024-04-12,False,2024-03-07,2025-04-07,2025-08-14,1.5941684849472613,-0.06690979458172053,GLOBAL_SEMICONDUCTORS,2024-02-01,1.0,8.0,-0.020642279507839922,0.019730600024451483,0.1566729745304929,0.20742903100033683,0.3956286808372884,0.0009483808424508216,697.3423713409111,-0.02151581523479329,0.009203186475525538,0.18572215666175107,0.3081568437119247,1.0098312918628212,NOT_AVAILABLE_NO_VALIDATED_HIGH_LOW_PANEL,0.2190165124296859,True,True,GLOBAL_GOLD_MINERS;GLOBAL_SILVER_MINERS,NOT_DETERMINABLE_FROM_CLOSE_ONLY_PANEL,True,"HISTORICAL UK RETAIL, ISA, ACCOUNT AND BROKER ELIGIBILITY REMAIN PARTLY UNRESOLVED"
DD_08,2024-04-18,DAILY_WITH_LAST_WEEKLY_SIGNAL_ASOF,2024-04-12,False,2024-03-07,2025-04-07,2025-08-14,1.5604718550907544,-0.08663292646621013,GLOBAL_SEMICONDUCTORS,2024-02-01,1.0,8.0,-0.020642279507839922,0.019730600024451483,0.1566729745304929,0.20742903100033683,0.3956286808372884,0.0009483808424508216,682.6023435507426,-0.038509968599695577,-0.01165868540863746,0.15880656867313614,0.3026930697814894,1.0486673097659924,NOT_AVAILABLE_NO_VALIDATED_HIGH_LOW_PANEL,0.2190165124296859,True,True,GLOBAL_GOLD_MINERS;GLOBAL_SILVER_MINERS,NOT_DETERMINABLE_FROM_CLOSE_ONLY_PANEL,True,"HISTORICAL UK RETAIL, ISA, ACCOUNT AND BROKER ELIGIBILITY REMAIN PARTLY UNRESOLVED"
DD_08,2024-04-19,DAILY_WITH_LAST_WEEKLY_SIGNAL_ASOF,2024-04-19,True,2024-03-07,2025-04-07,2025-08-14,1.5141866729482318,-0.1137243227150938,GLOBAL_SEMICONDUCTORS,2024-02-01,2.0,13.0,-0.03458132323208829,-0.016768050124701395,0.02389863688745586,0.16198866238050402,0.3260242980739616,0.00015970254090881084,662.3556638691527,-0.06130880538132877,-0.0394304321059642,0.1230446772012721,0.3070115780708648,1.1076842160227827,NOT_AVAILABLE_NO_VALIDATED_HIGH_LOW_PANEL,0.2190165124296859,False,True,GLOBAL_GOLD_MINERS;GLOBAL_SILVER_MINERS,NOT_DETERMINABLE_FROM_CLOSE_ONLY_PANEL,True,"HISTORICAL UK RETAIL, ISA, ACCOUNT AND BROKER ELIGIBILITY REMAIN PARTLY UNRESOLVED"
DD_08,2024-04-22,DAILY_WITH_LAST_WEEKLY_SIGNAL_ASOF,2024-04-19,False,2024-03-07,2025-04-07,2025-08-14,1.5005808639118312,-0.12168800238166111,GLOBAL_SEMICONDUCTORS,2024-02-01,2.0,13.0,-0.03458132323208829,-0.016768050124701395,0.02389863688745586,0.16198866238050402,0.3260242980739616,0.00015970254090881084,656.4040300067074,-0.0638077133905911,-0.04626410906584444,0.11170403517227712,0.30558942359840663,1.102089023514675,NOT_AVAILABLE_NO_VALIDATED_HIGH_LOW_PANEL,0.2190165124296859,False,True,GLOBAL_GOLD_MINERS;GLOBAL_SILVER_MINERS,NOT_DETERMINABLE_FROM_CLOSE_ONLY_PANEL,True,"HISTORICAL UK RETAIL, ISA, ACCOUNT AND BROKER ELIGIBILITY REMAIN PARTLY UNRESOLVED"
DD_08,2024-04-23,DAILY_WITH_LAST_WEEKLY_SIGNAL_ASOF,2024-04-19,False,2024-03-07,2025-04-07,2025-08-14,1.534404650862136,-0.10189044358440003,GLOBAL_SEMICONDUCTORS,2024-02-01,2.0,13.0,-0.03458132323208829,-0.016768050124701395,0.02389863688745586,0.16198866238050402,0.3260242980739616,0.00015970254090881084,671.1996805432539,-0.0389744987903885,-0.023818360254683424,0.13521753233971223,0.3085057130555564,0.7617100669814633,NOT_AVAILABLE_NO_VALIDATED_HIGH_LOW_PANEL,0.2190165124296859,False,True,GLOBAL_GOLD_MINERS;GLOBAL_SILVER_MINERS,NOT_DETERMINABLE_FROM_CLOSE_ONLY_PANEL,True,"HISTORICAL UK RETAIL, ISA, ACCOUNT AND BROKER ELIGIBILITY REMAIN PARTLY UNRESOLVED"
DD_08,2024-04-24,DAILY_WITH_LAST_WEEKLY_SIGNAL_ASOF,2024-04-19,False,2024-03-07,2025-04-07,2025-08-14,1.5555127284326271,-0.08953557606430473,GLOBAL_SEMICONDUCTORS,2024-02-01,2.0,13.0,-0.03458132323208829,-0.016768050124701395,0.02389863688745586,0.16198866238050402,0.3260242980739616,0.00015970254090881084,680.4330564420009,-0.02346778697387042,-0.009986129682732492,0.14910955504801082,0.3055333063645326,0.7963242006767469,NOT_AVAILABLE_NO_VALIDATED_HIGH_LOW_PANEL,0.2190165124296859,False,True,GLOBAL_GOLD_MINERS;GLOBAL_SILVER_MINERS,NOT_DETERMINABLE_FROM_CLOSE_ONLY_PANEL,True,"HISTORICAL UK RETAIL, ISA, ACCOUNT AND BROKER ELIGIBILITY REMAIN PARTLY UNRESOLVED"
DD_08,2024-04-25,DAILY_WITH_LAST_WEEKLY_SIGNAL_ASOF,2024-04-19,False,2024-03-07,2025-04-07,2025-08-14,1.5472475173357483,-0.09437332539446242,GLOBAL_SEMICONDUCTORS,2024-02-01,2.0,13.0,-0.03458132323208829,-0.016768050124701395,0.02389863688745586,0.16198866238050402,0.3260242980739616,0.00015970254090881084,676.8175779274313,-0.026119487994821777,-0.014657423942010084,0.1413796702690433,0.30474936546926706,0.7966602320056952,NOT_AVAILABLE_NO_VALIDATED_HIGH_LOW_PANEL,0.2190165124296859,False,True,GLOBAL_GOLD_MINERS;GLOBAL_SILVER_MINERS,NOT_DETERMINABLE_FROM_CLOSE_ONLY_PANEL,True,"HISTORICAL UK RETAIL, ISA, ACCOUNT AND BROKER ELIGIBILITY REMAIN PARTLY UNRESOLVED"
DD_08,2024-04-26,DAILY_WITH_LAST_WEEKLY_SIGNAL_ASOF,2024-04-26,True,2024-03-07,2025-04-07,2025-08-14,1.5926425998216833,-0.06780291753498069,GLOBAL_SEMICONDUCTORS,2024-02-01,2.0,13.0,-0.026414362247615064,-0.0013166305176453008,0.04379781796286486,0.2446176455911786,0.42554527652596863,-0.0011773899669881365,696.6748983843751,0.002229899277873093,0.013685246445551691,0.17282621295523382,0.30364877451134903,0.9110964924225119,NOT_AVAILABLE_NO_VALIDATED_HIGH_LOW_PANEL,0.2190165124296859,False,True,GLOBAL_GOLD_MINERS;GLOBAL_SILVER_MINERS,NOT_DETERMINABLE_FROM_CLOSE_ONLY_PANEL,True,"HISTORICAL UK RETAIL, ISA, ACCOUNT AND BROKER ELIGIBILITY REMAIN PARTLY UNRESOLVED"
DD_08,2024-04-29,DAILY_WITH_LAST_WEEKLY_SIGNAL_ASOF,2024-04-26,False,2024-03-07,2025-04-07,2025-08-14,1.5846317029124009,-0.07249181303959495,GLOBAL_SEMICONDUCTORS,2024-02-01,2.0,13.0,-0.026414362247615064,-0.0013166305176453008,0.04379781796286486,0.2446176455911786,0.42554527652596863,-0.0011773899669881365,693.1706653625615,-0.0025563415955224267,0.008246969072857269,0.16499195664373012,0.30347564546574596,0.902926824087061,NOT_AVAILABLE_NO_VALIDATED_HIGH_LOW_PANEL,0.2190165124296859,False,True,GLOBAL_GOLD_MINERS;GLOBAL_SILVER_MINERS,NOT_DETERMINABLE_FROM_CLOSE_ONLY_PANEL,True,"HISTORICAL UK RETAIL, ISA, ACCOUNT AND BROKER ELIGIBILITY REMAIN PARTLY UNRESOLVED"
DD_08,2024-04-30,DAILY_WITH_LAST_WEEKLY_SIGNAL_ASOF,2024-04-26,False,2024-03-07,2025-04-07,2025-08-14,1.589717986664326,-0.06951473652872886,GLOBAL_SEMICONDUCTORS,2024-02-01,2.0,13.0,-0.026414362247615064,-0.0013166305176453008,0.04379781796286486,0.2446176455911786,0.42554527652596863,-0.0011773899669881365,695.3955752176812,0.0005865208979853875,0.011027909932797009,0.16677238289007734,0.3032857824268162,0.8992927453828116,NOT_AVAILABLE_NO_VALIDATED_HIGH_LOW_PANEL,0.2190165124296859,False,True,GLOBAL_GOLD_MINERS;GLOBAL_SILVER_MINERS,NOT_DETERMINABLE_FROM_CLOSE_ONLY_PANEL,True,"HISTORICAL UK RETAIL, ISA, ACCOUNT AND BROKER ELIGIBILITY REMAIN PARTLY UNRESOLVED"
DD_08,2024-05-01,DAILY_WITH_LAST_WEEKLY_SIGNAL_ASOF,2024-04-26,False,2024-03-07,2025-04-07,2025-08-14,1.51974966507535,-0.11046822179750193,EUROPE_BANKS,2024-05-01,1.0,3.0,0.08106209439461054,0.1827054397479706,0.16558235896250562,0.15708990815687174,0.15628856497875887,0.003951870368083526,152.09036515241942,0.012874117214699776,0.05781220613078797,0.18706589801701523,0.16323867457468316,1.6261592691795443,NOT_AVAILABLE_NO_VALIDATED_HIGH_LOW_PANEL,0.0,True,True,GLOBAL_GOLD_MINERS;GLOBAL_SILVER_MINERS,NOT_DETERMINABLE_FROM_CLOSE_ONLY_PANEL,True,"HISTORICAL UK RETAIL, ISA, ACCOUNT AND BROKER ELIGIBILITY REMAIN PARTLY UNRESOLVED"
DD_08,2024-05-02,DAILY_WITH_LAST_WEEKLY_SIGNAL_ASOF,2024-04-26,False,2024-03-07,2025-04-07,2025-08-14,1.5467682321473908,-0.09465385804774296,EUROPE_BANKS,2024-05-01,1.0,3.0,0.08106209439461054,0.1827054397479706,0.16558235896250562,0.15708990815687174,0.15628856497875887,0.003951870368083526,154.79427345147346,0.02799531367011432,0.07339315041561623,0.20567255222399505,0.15496228774308182,1.6323996559966427,NOT_AVAILABLE_NO_VALIDATED_HIGH_LOW_PANEL,0.017778301053747114,True,True,GLOBAL_GOLD_MINERS;GLOBAL_SILVER_MINERS,NOT_DETERMINABLE_FROM_CLOSE_ONLY_PANEL,True,"HISTORICAL UK RETAIL, ISA, ACCOUNT AND BROKER ELIGIBILITY REMAIN PARTLY UNRESOLVED"
DD_08,2024-05-03,DAILY_WITH_LAST_WEEKLY_SIGNAL_ASOF,2024-05-03,True,2024-03-07,2025-04-07,2025-08-14,1.5346009304195842,-0.10177555827942253,EUROPE_BANKS,2024-05-01,1.0,5.0,0.024514126293087912,0.15413866294837475,0.17130374501703582,0.14058725199564104,0.18012890362574674,0.0035149416976349816,153.57661938302527,0.01806623071898006,0.06224396750119143,0.1938578445116792,0.15631787704829028,1.637105368474142,NOT_AVAILABLE_NO_VALIDATED_HIGH_LOW_PANEL,0.017778301053747114,True,True,CHINA_INTERNET,NOT_DETERMINABLE_FROM_CLOSE_ONLY_PANEL,True,"HISTORICAL UK RETAIL, ISA, ACCOUNT AND BROKER ELIGIBILITY REMAIN PARTLY UNRESOLVED"
DD_08,2024-05-07,DAILY_WITH_LAST_WEEKLY_SIGNAL_ASOF,2024-05-03,False,2024-03-07,2025-04-07,2025-08-14,1.5878328754787374,-0.07061811976582466,EUROPE_BANKS,2024-05-01,1.0,5.0,0.024514126293087912,0.15413866294837475,0.17130374501703582,0.14058725199564104,0.18012890362574674,0.0035149416976349816,158.903855932486,0.04829356715822364,0.0948364405512867,0.23238514880340233,,,NOT_AVAILABLE_NO_VALIDATED_HIGH_LOW_PANEL,0.04479896391358085,True,True,CHINA_INTERNET,NOT_DETERMINABLE_FROM_CLOSE_ONLY_PANEL,True,"HISTORICAL UK RETAIL, ISA, ACCOUNT AND BROKER ELIGIBILITY REMAIN PARTLY UNRESOLVED"
DD_08,2024-05-08,DAILY_WITH_LAST_WEEKLY_SIGNAL_ASOF,2024-05-03,False,2024-03-07,2025-04-07,2025-08-14,1.5883696682020227,-0.07030392710854483,EUROPE_BANKS,2024-05-01,1.0,5.0,0.024514126293087912,0.15413866294837475,0.17130374501703582,0.14058725199564104,0.18012890362574674,0.0035149416976349816,158.95757596491754,0.04403069047153596,0.09113272460770516,0.22995267050464507,0.15639883008391645,1.5979212604314434,NOT_AVAILABLE_NO_VALIDATED_HIGH_LOW_PANEL,0.04515217519279435,True,True,CHINA_INTERNET,NOT_DETERMINABLE_FROM_CLOSE_ONLY_PANEL,True,"HISTORICAL UK RETAIL, ISA, ACCOUNT AND BROKER ELIGIBILITY REMAIN PARTLY UNRESOLVED"
DD_08,2024-05-09,DAILY_WITH_LAST_WEEKLY_SIGNAL_ASOF,2024-05-03,False,2024-03-07,2025-04-07,2025-08-14,1.5847910500467857,-0.07239854482374464,EUROPE_BANKS,2024-05-01,1.0,5.0,0.024514126293087912,0.15413866294837475,0.17130374501703582,0.14058725199564104,0.18012890362574674,0.0035149416976349816,158.59944241537397,0.037746503326775205,0.08490172143690189,0.22441376723933848,0.15652547218658233,1.5853680909016274,NOT_AVAILABLE_NO_VALIDATED_HIGH_LOW_PANEL,0.04515217519279435,True,True,CHINA_INTERNET,NOT_DETERMINABLE_FROM_CLOSE_ONLY_PANEL,True,"HISTORICAL UK RETAIL, ISA, ACCOUNT AND BROKER ELIGIBILITY REMAIN PARTLY UNRESOLVED"
DD_08,2024-05-10,DAILY_WITH_LAST_WEEKLY_SIGNAL_ASOF,2024-05-10,True,2024-03-07,2025-04-07,2025-08-14,1.5899800463718796,-0.06936134913670478,EUROPE_BANKS,2024-05-01,1.0,3.0,0.03783007081167011,0.1467448324939964,0.2151975230069323,0.15158552344875798,0.19421400703328895,0.00313247585169667,159.11873606221215,0.03726456222815777,0.08469139827172789,0.22563709352709682,0.15076570848580137,1.541327900847846,NOT_AVAILABLE_NO_VALIDATED_HIGH_LOW_PANEL,0.04621180903043487,True,True,CHINA_INTERNET,NOT_DETERMINABLE_FROM_CLOSE_ONLY_PANEL,True,"HISTORICAL UK RETAIL, ISA, ACCOUNT AND BROKER ELIGIBILITY REMAIN PARTLY UNRESOLVED"
DD_08,2024-05-13,DAILY_WITH_LAST_WEEKLY_SIGNAL_ASOF,2024-05-10,False,2024-03-07,2025-04-07,2025-08-14,1.5949901117892118,-0.06642888433542493,EUROPE_BANKS,2024-05-01,1.0,3.0,0.03783007081167011,0.1467448324939964,0.2151975230069323,0.15158552344875798,0.19421400703328895,0.00313247585169667,159.62012303157317,0.036712908530053934,0.08436252585318682,0.2266978512012201,0.1507220884292835,1.533188454538009,NOT_AVAILABLE_NO_VALIDATED_HIGH_LOW_PANEL,0.04950844763642781,True,True,CHINA_INTERNET,NOT_DETERMINABLE_FROM_CLOSE_ONLY_PANEL,True,"HISTORICAL UK RETAIL, ISA, ACCOUNT AND BROKER ELIGIBILITY REMAIN PARTLY UNRESOLVED"
DD_08,2024-05-14,DAILY_WITH_LAST_WEEKLY_SIGNAL_ASOF,2024-05-10,False,2024-03-07,2025-04-07,2025-08-14,1.6142251843736115,-0.05517031411622575,EUROPE_BANKS,2024-05-01,1.0,3.0,0.03783007081167011,0.1467448324939964,0.2151975230069323,0.15158552344875798,0.19421400703328895,0.00313247585169667,161.5450908603699,0.04454192846643945,0.09326206264062731,0.23851540795390425,0.15118827354891218,1.3685413492862628,NOT_AVAILABLE_NO_VALIDATED_HIGH_LOW_PANEL,0.06216518514157876,True,True,CHINA_INTERNET,NOT_DETERMINABLE_FROM_CLOSE_ONLY_PANEL,True,"HISTORICAL UK RETAIL, ISA, ACCOUNT AND BROKER ELIGIBILITY REMAIN PARTLY UNRESOLVED"
DD_08,2024-05-15,DAILY_WITH_LAST_WEEKLY_SIGNAL_ASOF,2024-05-10,False,2024-03-07,2025-04-07,2025-08-14,1.6169986134439205,-0.0535469853869458,EUROPE_BANKS,2024-05-01,1.0,3.0,0.03783007081167011,0.1467448324939964,0.2151975230069323,0.15158552344875798,0.19421400703328895,0.00313247585169667,161.82264436126619,0.04194745856664728,0.09106963846945693,0.23767974756050503,0.1496173125481627,1.354720000253178,NOT_AVAILABLE_NO_VALIDATED_HIGH_LOW_PANEL,0.06399011008418198,True,True,CHINA_INTERNET,NOT_DETERMINABLE_FROM_CLOSE_ONLY_PANEL,True,"HISTORICAL UK RETAIL, ISA, ACCOUNT AND BROKER ELIGIBILITY REMAIN PARTLY UNRESOLVED"
DD_08,2024-05-16,DAILY_WITH_LAST_WEEKLY_SIGNAL_ASOF,2024-05-10,False,2024-03-07,2025-04-07,2025-08-14,1.6108254971261362,-0.05716020094566565,EUROPE_BANKS,2024-05-01,1.0,3.0,0.03783007081167011,0.1467448324939964,0.2151975230069323,0.15158552344875798,0.19421400703328895,0.00313247585169667,161.20486398830352,0.034399152049330084,0.08321272596410245,0.2301034061104852,0.14908327463287602,1.3672601656607353,NOT_AVAILABLE_NO_VALIDATED_HIGH_LOW_PANEL,0.06399011008418198,True,True,CHINA_INTERNET,NOT_DETERMINABLE_FROM_CLOSE_ONLY_PANEL,True,"HISTORICAL UK RETAIL, ISA, ACCOUNT AND BROKER ELIGIBILITY REMAIN PARTLY UNRESOLVED"
DD_08,2024-05-17,DAILY_WITH_LAST_WEEKLY_SIGNAL_ASOF,2024-05-17,True,2024-03-07,2025-04-07,2025-08-14,1.6221876097690142,-0.05050978969990605,EUROPE_BANKS,2024-05-01,1.0,3.0,0.07152293658330522,0.12090001244701831,0.23262192419641448,0.15846645936144843,0.22612829108485877,0.002810028306496994,162.34193800810436,0.037761760802096145,0.0869804972800321,0.23584379165304048,0.14899060760316904,1.1965292607890778,NOT_AVAILABLE_NO_VALIDATED_HIGH_LOW_PANEL,0.06740448578324587,True,True,CHINA_INTERNET,NOT_DETERMINABLE_FROM_CLOSE_ONLY_PANEL,True,"HISTORICAL UK RETAIL, ISA, ACCOUNT AND BROKER ELIGIBILITY REMAIN PARTLY UNRESOLVED"
DD_08,2024-05-20,DAILY_WITH_LAST_WEEKLY_SIGNAL_ASOF,2024-05-17,False,2024-03-07,2025-04-07,2025-08-14,1.6221876097690142,-0.05050978969990605,EUROPE_BANKS,2024-05-01,1.0,3.0,0.07152293658330522,0.12090001244701831,0.23262192419641448,0.15846645936144843,0.22612829108485877,0.002810028306496994,162.34193800810436,0.03421142947313638,0.08328541085914054,0.23295042148068013,0.14894522192503762,1.1364136790269757,NOT_AVAILABLE_NO_VALIDATED_HIGH_LOW_PANEL,0.06740448578324587,True,True,CHINA_INTERNET,NOT_DETERMINABLE_FROM_CLOSE_ONLY_PANEL,True,"HISTORICAL UK RETAIL, ISA, ACCOUNT AND BROKER ELIGIBILITY REMAIN PARTLY UNRESOLVED"
DD_08,2024-05-21,DAILY_WITH_LAST_WEEKLY_SIGNAL_ASOF,2024-05-17,False,2024-03-07,2025-04-07,2025-08-14,1.612078013480469,-0.056427084745345746,EUROPE_BANKS,2024-05-01,1.0,3.0,0.07152293658330522,0.12090001244701831,0.23262192419641448,0.15846645936144843,0.22612829108485877,0.002810028306496994,161.33021073064376,0.025178395147755106,0.07331291177774046,0.22252633881441963,0.15020214559330833,1.0658929056455726,NOT_AVAILABLE_NO_VALIDATED_HIGH_LOW_PANEL,0.06740448578324587,True,True,CHINA_INTERNET,NOT_DETERMINABLE_FROM_CLOSE_ONLY_PANEL,True,"HISTORICAL UK RETAIL, ISA, ACCOUNT AND BROKER ELIGIBILITY REMAIN PARTLY UNRESOLVED"
DD_08,2024-05-22,DAILY_WITH_LAST_WEEKLY_SIGNAL_ASOF,2024-05-17,False,2024-03-07,2025-04-07,2025-08-14,1.601073762653115,-0.06286803421958509,EUROPE_BANKS,2024-05-01,1.0,3.0,0.07152293658330522,0.12090001244701831,0.23262192419641448,0.15846645936144843,0.22612829108485877,0.002810028306496994,160.22895006579728,0.016500361738904568,0.06323500765111656,0.2115991103808641,0.15159222931682265,1.0842341911926656,NOT_AVAILABLE_NO_VALIDATED_HIGH_LOW_PANEL,0.06740448578324587,True,True,CHINA_INTERNET,NOT_DETERMINABLE_FROM_CLOSE_ONLY_PANEL,True,"HISTORICAL UK RETAIL, ISA, ACCOUNT AND BROKER ELIGIBILITY REMAIN PARTLY UNRESOLVED"
DD_08,2024-05-23,DAILY_WITH_LAST_WEEKLY_SIGNAL_ASOF,2024-05-17,False,2024-03-07,2025-04-07,2025-08-14,1.6019684171919244,-0.06234437979078511,EUROPE_BANKS,2024-05-01,1.0,3.0,0.07152293658330522,0.12090001244701831,0.23262192419641448,0.15846645936144843,0.22612829108485877,0.002810028306496994,160.31848345318318,0.015492656846002983,0.06117290138188114,0.20972095967772275,0.151668576621188,0.9741061581309114,NOT_AVAILABLE_NO_VALIDATED_HIGH_LOW_PANEL,0.06740448578324587,True,True,CHINA_INTERNET,NOT_DETERMINABLE_FROM_CLOSE_ONLY_PANEL,True,"HISTORICAL UK RETAIL, ISA, ACCOUNT AND BROKER ELIGIBILITY REMAIN PARTLY UNRESOLVED"
DD_08,2024-05-24,DAILY_WITH_LAST_WEEKLY_SIGNAL_ASOF,2024-05-24,True,2024-03-07,2025-04-07,2025-08-14,1.6020578826458052,-0.06229201434790521,EUROPE_BANKS,2024-05-01,1.0,6.0,0.01855937771160887,0.10782178915566543,0.19459687353488397,0.15039147243456874,0.22278568339227545,0.002324867478939009,160.32743679192174,0.014115836394845482,0.0586899735835984,0.20726840923981427,0.15126452322056816,0.84376597077618,NOT_AVAILABLE_NO_VALIDATED_HIGH_LOW_PANEL,0.06740448578324587,True,False,,NOT_DETERMINABLE_FROM_CLOSE_ONLY_PANEL,True,"HISTORICAL UK RETAIL, ISA, ACCOUNT AND BROKER ELIGIBILITY REMAIN PARTLY UNRESOLVED"
DD_08,2024-05-28,DAILY_WITH_LAST_WEEKLY_SIGNAL_ASOF,2024-05-24,False,2024-03-07,2025-04-07,2025-08-14,1.6082309989635892,-0.05867879878918547,EUROPE_BANKS,2024-05-01,1.0,6.0,0.01855937771160887,0.10782178915566543,0.19459687353488397,0.15039147243456874,0.22278568339227545,0.002324867478939009,160.9452171648844,0.016358169796317767,0.06015973257653395,0.20937015608872844,,,NOT_AVAILABLE_NO_VALIDATED_HIGH_LOW_PANEL,0.06740448578324587,True,False,,NOT_DETERMINABLE_FROM_CLOSE_ONLY_PANEL,True,"HISTORICAL UK RETAIL, ISA, ACCOUNT AND BROKER ELIGIBILITY REMAIN PARTLY UNRESOLVED"
DD_08,2024-05-29,DAILY_WITH_LAST_WEEKLY_SIGNAL_ASOF,2024-05-24,False,2024-03-07,2025-04-07,2025-08-14,1.5836279991463338,-0.07307929558118442,EUROPE_BANKS,2024-05-01,1.0,6.0,0.01855937771160887,0.10782178915566543,0.19459687353488397,0.15039147243456874,0.22278568339227545,0.002324867478939009,158.48304901177232,0.0007360769983022486,0.042145413520956465,0.18861159534558247,0.15535065597695802,0.9097075062692274,NOT_AVAILABLE_NO_VALIDATED_HIGH_LOW_PANEL,0.06740448578324587,True,False,,NOT_DETERMINABLE_FROM_CLOSE_ONLY_PANEL,True,"HISTORICAL UK RETAIL, ISA, ACCOUNT AND BROKER ELIGIBILITY REMAIN PARTLY UNRESOLVED"
DD_08,2024-05-30,DAILY_WITH_LAST_WEEKLY_SIGNAL_ASOF,2024-05-24,False,2024-03-07,2025-04-07,2025-08-14,1.607873137148066,-0.058888260560705286,EUROPE_BANKS,2024-05-01,1.0,6.0,0.01855937771160887,0.10782178915566543,0.19459687353488397,0.15039147243456874,0.22278568339227545,0.002324867478939009,160.9094038099301,0.014576191304674024,0.0556951731133124,0.2043308096131684,0.15737376870022968,0.9879411689723421,NOT_AVAILABLE_NO_VALIDATED_HIGH_LOW_PANEL,0.06740448578324587,True,False,,NOT_DETERMINABLE_FROM_CLOSE_ONLY_PANEL,True,"HISTORICAL UK RETAIL, ISA, ACCOUNT AND BROKER ELIGIBILITY REMAIN PARTLY UNRESOLVED"
DD_08,2024-05-31,DAILY_WITH_LAST_WEEKLY_SIGNAL_ASOF,2024-05-31,True,2024-03-07,2025-04-07,2025-08-14,1.6089467225946372,-0.058259875246145176,EUROPE_BANKS,2024-05-01,1.0,4.0,0.038497095145609395,0.10163203403231136,0.20870069206350972,0.1574297370211668,0.26128838402100696,0.0020121108144003533,161.01684387479318,0.013847733096277626,0.0540687116774381,0.20268010471217934,0.15714271386875533,0.9650359776923905,NOT_AVAILABLE_NO_VALIDATED_HIGH_LOW_PANEL,0.06740448578324587,True,False,,NOT_DETERMINABLE_FROM_CLOSE_ONLY_PANEL,True,"HISTORICAL UK RETAIL, ISA, ACCOUNT AND BROKER ELIGIBILITY REMAIN PARTLY UNRESOLVED"
DD_08,2024-06-03,DAILY_WITH_LAST_WEEKLY_SIGNAL_ASOF,2024-05-31,False,2024-03-07,2025-04-07,2025-08-14,1.615567166181826,-0.0543848324730255,EUROPE_BANKS,2024-05-01,1.0,4.0,0.038497095145609395,0.10163203403231136,0.20870069206350972,0.1574297370211668,0.26128838402100696,0.0020121108144003533,161.67939094144882,0.0163545563043086,0.055987295802458314,0.2051390874910668,0.15708812740137465,0.9320246244482355,NOT_AVAILABLE_NO_VALIDATED_HIGH_LOW_PANEL,0.06740448578324587,True,False,,NOT_DETERMINABLE_FROM_CLOSE_ONLY_PANEL,True,"HISTORICAL UK RETAIL, ISA, ACCOUNT AND BROKER ELIGIBILITY REMAIN PARTLY UNRESOLVED"
DD_08,2024-06-04,DAILY_WITH_LAST_WEEKLY_SIGNAL_ASOF,2024-05-31,False,2024-03-07,2025-04-07,2025-08-14,1.5737867992194319,-0.07883949429798387,EUROPE_BANKS,2024-05-01,1.0,4.0,0.038497095145609395,0.10163203403231136,0.20870069206350972,0.1574297370211668,0.26128838402100696,0.0020121108144003533,157.49818175052752,-0.009034978379654834,0.027522695939184105,0.17194412696842098,0.1673435123383909,1.1323770469296084,NOT_AVAILABLE_NO_VALIDATED_HIGH_LOW_PANEL,0.06740448578324587,True,False,,NOT_DETERMINABLE_FROM_CLOSE_ONLY_PANEL,True,"HISTORICAL UK RETAIL, ISA, ACCOUNT AND BROKER ELIGIBILITY REMAIN PARTLY UNRESOLVED"
DD_08,2024-06-05,DAILY_WITH_LAST_WEEKLY_SIGNAL_ASOF,2024-05-31,False,2024-03-07,2025-04-07,2025-08-14,1.5676136829016478,-0.0824527098567035,EUROPE_BANKS,2024-05-01,1.0,4.0,0.038497095145609395,0.10163203403231136,0.20870069206350972,0.1574297370211668,0.26128838402100696,0.0020121108144003533,156.88040137756485,-0.01176108823795019,0.022550238302925907,0.16540664980264697,0.16696347339494005,1.0946058530991634,NOT_AVAILABLE_NO_VALIDATED_HIGH_LOW_PANEL,0.06740448578324587,True,False,,NOT_DETERMINABLE_FROM_CLOSE_ONLY_PANEL,True,"HISTORICAL UK RETAIL, ISA, ACCOUNT AND BROKER ELIGIBILITY REMAIN PARTLY UNRESOLVED"
DD_08,2024-06-06,DAILY_WITH_LAST_WEEKLY_SIGNAL_ASOF,2024-05-31,False,2024-03-07,2025-04-07,2025-08-14,1.5952585081508552,-0.06627178800678457,EUROPE_BANKS,2024-05-01,1.0,4.0,0.038497095145609395,0.10163203403231136,0.20870069206350972,0.1574297370211668,0.26128838402100696,0.0020121108144003533,159.646983047789,0.005148691789009785,0.038929443016906484,0.1837681982920789,0.16876370527094653,1.0793103636005266,NOT_AVAILABLE_NO_VALIDATED_HIGH_LOW_PANEL,0.06740448578324587,True,False,,NOT_DETERMINABLE_FROM_CLOSE_ONLY_PANEL,True,"HISTORICAL UK RETAIL, ISA, ACCOUNT AND BROKER ELIGIBILITY REMAIN PARTLY UNRESOLVED"
DD_08,2024-06-07,DAILY_WITH_LAST_WEEKLY_SIGNAL_ASOF,2024-06-07,True,2024-03-07,2025-04-07,2025-08-14,1.5926640099883085,-0.06779038585030428,EUROPE_BANKS,2024-05-01,1.0,2.0,-0.007445205938650834,0.03293225144375844,0.14783018187539376,0.10956472282945873,0.22340713305931348,0.001623820074945003,159.38733622436993,0.0031934680618297406,0.03572719026244897,0.17970839644530945,0.16875913005311674,1.0584630164826636,NOT_AVAILABLE_NO_VALIDATED_HIGH_LOW_PANEL,0.06740448578324587,True,False,,NOT_DETERMINABLE_FROM_CLOSE_ONLY_PANEL,True,"HISTORICAL UK RETAIL, ISA, ACCOUNT AND BROKER ELIGIBILITY REMAIN PARTLY UNRESOLVED"
DD_08,2024-06-10,DAILY_WITH_LAST_WEEKLY_SIGNAL_ASOF,2024-06-07,False,2024-03-07,2025-04-07,2025-08-14,1.5574146211592221,-0.08842237034502298,EUROPE_BANKS,2024-05-01,1.0,2.0,-0.007445205938650834,0.03293225144375844,0.14783018187539376,0.10956472282945873,0.22340713305931348,0.001623820074945003,155.85972076136568,-0.017311330567661876,0.012295822768342068,0.15183827719395748,0.1758093261078272,1.181279971357601,NOT_AVAILABLE_NO_VALIDATED_HIGH_LOW_PANEL,0.06740448578324587,True,False,,NOT_DETERMINABLE_FROM_CLOSE_ONLY_PANEL,True,"HISTORICAL UK RETAIL, ISA, ACCOUNT AND BROKER ELIGIBILITY REMAIN PARTLY UNRESOLVED"
DD_08,2024-06-11,DAILY_WITH_LAST_WEEKLY_SIGNAL_ASOF,2024-06-07,False,2024-03-07,2025-04-07,2025-08-14,1.5132186869420432,-0.11429089912774104,EUROPE_BANKS,2024-05-01,1.0,2.0,-0.007445205938650834,0.03293225144375844,0.14783018187539376,0.10956472282945873,0.22340713305931348,0.001623820074945003,151.4367714245025,-0.041258464083404944,-0.015796693472836187,0.11782640741083394,0.18549102640784876,1.3452060683479645,NOT_AVAILABLE_NO_VALIDATED_HIGH_LOW_PANEL,0.06740448578324587,True,False,,NOT_DETERMINABLE_FROM_CLOSE_ONLY_PANEL,True,"HISTORICAL UK RETAIL, ISA, ACCOUNT AND BROKER ELIGIBILITY REMAIN PARTLY UNRESOLVED"
DD_08,2024-06-12,DAILY_WITH_LAST_WEEKLY_SIGNAL_ASOF,2024-06-07,False,2024-03-07,2025-04-07,2025-08-14,1.5349587922351087,-0.10156609650790216,EUROPE_BANKS,2024-05-01,1.0,2.0,-0.007445205938650834,0.03293225144375844,0.14783018187539376,0.10956472282945873,0.22340713305931348,0.001623820074945003,153.6124327379797,-0.025048421314157188,-0.0015919737591673089,0.132377440181622,0.18711145603252027,1.394026493360439,NOT_AVAILABLE_NO_VALIDATED_HIGH_LOW_PANEL,0.06740448578324587,True,False,,NOT_DETERMINABLE_FROM_CLOSE_ONLY_PANEL,True,"HISTORICAL UK RETAIL, ISA, ACCOUNT AND BROKER ELIGIBILITY REMAIN PARTLY UNRESOLVED"
DD_08,2024-06-13,DAILY_WITH_LAST_WEEKLY_SIGNAL_ASOF,2024-06-07,False,2024-03-07,2025-04-07,2025-08-14,1.4815479162681937,-0.13282826590725993,EUROPE_BANKS,2024-05-01,1.0,2.0,-0.007445205938650834,0.03293225144375844,0.14783018187539376,0.10956472282945873,0.22340713305931348,0.001623820074945003,148.26728951104178,-0.05390090237613365,-0.034957862129942896,0.09196470081058195,0.20075149566506173,1.5944305683477813,NOT_AVAILABLE_NO_VALIDATED_HIGH_LOW_PANEL,0.06740448578324587,True,False,,NOT_DETERMINABLE_FROM_CLOSE_ONLY_PANEL,True,"HISTORICAL UK RETAIL, ISA, ACCOUNT AND BROKER ELIGIBILITY REMAIN PARTLY UNRESOLVED"
DD_08,2024-06-14,DAILY_WITH_LAST_WEEKLY_SIGNAL_ASOF,2024-06-14,True,2024-03-07,2025-04-07,2025-08-14,1.4480878365167262,-0.15241294154437846,EUROPE_BANKS,2024-05-01,6.0,15.0,-0.1096516382988022,-0.035240156968602276,0.006890884910965012,0.01625269369182525,0.10101288815242238,-0.00011477792884016655,144.91874082280933,-0.06889699179544484,-0.05464891899812241,0.06658890233016135,0.20615087611407648,1.6051173790452031,NOT_AVAILABLE_NO_VALIDATED_HIGH_LOW_PANEL,0.06740448578324587,False,False,,NOT_DETERMINABLE_FROM_CLOSE_ONLY_PANEL,True,"HISTORICAL UK RETAIL, ISA, ACCOUNT AND BROKER ELIGIBILITY REMAIN PARTLY UNRESOLVED"
DD_08,2024-06-17,DAILY_WITH_LAST_WEEKLY_SIGNAL_ASOF,2024-06-14,False,2024-03-07,2025-04-07,2025-08-14,1.4704541999869585,-0.1393215808243795,EUROPE_BANKS,2024-05-01,6.0,15.0,-0.1096516382988022,-0.035240156968602276,0.006890884910965012,0.01625269369182525,0.10101288815242238,-0.00011477792884016655,147.15707550745668,-0.049806558012515434,-0.038537580118023995,0.08216843650822314,0.20433774114631506,1.6715138519871648,NOT_AVAILABLE_NO_VALIDATED_HIGH_LOW_PANEL,0.06740448578324587,False,False,,NOT_DETERMINABLE_FROM_CLOSE_ONLY_PANEL,True,"HISTORICAL UK RETAIL, ISA, ACCOUNT AND BROKER ELIGIBILITY REMAIN PARTLY UNRESOLVED"
DD_08,2024-06-18,DAILY_WITH_LAST_WEEKLY_SIGNAL_ASOF,2024-06-14,False,2024-03-07,2025-04-07,2025-08-14,1.490047134386882,-0.1278535488336603,EUROPE_BANKS,2024-05-01,6.0,15.0,-0.1096516382988022,-0.035240156968602276,0.006890884910965012,0.01625269369182525,0.10101288815242238,-0.00011477792884016655,149.11785669120778,-0.03388332131773697,-0.024742734803185118,0.09553480491433075,0.20501224866428472,1.7153689678099564,NOT_AVAILABLE_NO_VALIDATED_HIGH_LOW_PANEL,0.06740448578324587,False,False,,NOT_DETERMINABLE_FROM_CLOSE_ONLY_PANEL,True,"HISTORICAL UK RETAIL, ISA, ACCOUNT AND BROKER ELIGIBILITY REMAIN PARTLY UNRESOLVED"
DD_08,2024-06-19,DAILY_WITH_LAST_WEEKLY_SIGNAL_ASOF,2024-06-14,False,2024-03-07,2025-04-07,2025-08-14,1.4841424144307405,-0.13130966806374023,EUROPE_BANKS,2024-05-01,6.0,15.0,-0.1096516382988022,-0.035240156968602276,0.006890884910965012,0.01625269369182525,0.10101288815242238,-0.00011477792884016655,148.52693633446086,-0.03440141575271738,-0.027516467402945666,0.09020419957858694,0.20456797704608873,1.6835274625461059,NOT_AVAILABLE_NO_VALIDATED_HIGH_LOW_PANEL,0.06740448578324587,False,False,,NOT_DETERMINABLE_FROM_CLOSE_ONLY_PANEL,True,"HISTORICAL UK RETAIL, ISA, ACCOUNT AND BROKER ELIGIBILITY REMAIN PARTLY UNRESOLVED"
DD_08,2024-06-20,DAILY_WITH_LAST_WEEKLY_SIGNAL_ASOF,2024-06-14,False,2024-03-07,2025-04-07,2025-08-14,1.5023933670224499,-0.12062711771622103,EUROPE_BANKS,2024-05-01,6.0,15.0,-0.1096516382988022,-0.035240156968602276,0.006890884910965012,0.01625269369182525,0.10101288815242238,-0.00011477792884016655,150.3534174371331,-0.020521257801937587,-0.014956565736944594,0.10247417459036101,0.20363952694536253,1.7036823634937222,NOT_AVAILABLE_NO_VALIDATED_HIGH_LOW_PANEL,0.06740448578324587,False,False,,NOT_DETERMINABLE_FROM_CLOSE_ONLY_PANEL,True,"HISTORICAL UK RETAIL, ISA, ACCOUNT AND BROKER ELIGIBILITY REMAIN PARTLY UNRESOLVED"
DD_08,2024-06-21,DAILY_WITH_LAST_WEEKLY_SIGNAL_ASOF,2024-06-21,True,2024-03-07,2025-04-07,2025-08-14,1.479221814467289,-0.13418976742214017,EUROPE_BANKS,2024-05-01,2.0,18.0,-0.09362314792732851,-0.07696968021923989,0.0012507804234547226,0.045233566730934704,0.12278496024559837,-0.0019095077705812327,148.0345027038384,-0.03249419939566711,-0.029000957371376757,0.08454825466535643,0.2061325881695633,1.701179959686477,NOT_AVAILABLE_NO_VALIDATED_HIGH_LOW_PANEL,0.06740448578324587,False,False,,NOT_DETERMINABLE_FROM_CLOSE_ONLY_PANEL,True,"HISTORICAL UK RETAIL, ISA, ACCOUNT AND BROKER ELIGIBILITY REMAIN PARTLY UNRESOLVED"
DD_08,2024-06-24,DAILY_WITH_LAST_WEEKLY_SIGNAL_ASOF,2024-06-21,False,2024-03-07,2025-04-07,2025-08-14,1.5128608251265185,-0.11450036089926152,EUROPE_BANKS,2024-05-01,2.0,18.0,-0.09362314792732851,-0.07696968021923989,0.0012507804234547226,0.045233566730934704,0.12278496024559837,-0.0019095077705812327,151.40095806954804,-0.009547408495709342,-0.006649903643137334,0.10800792941134807,0.20941247619992312,1.8026771623353024,NOT_AVAILABLE_NO_VALIDATED_HIGH_LOW_PANEL,0.06740448578324587,False,False,,NOT_DETERMINABLE_FROM_CLOSE_ONLY_PANEL,True,"HISTORICAL UK RETAIL, ISA, ACCOUNT AND BROKER ELIGIBILITY REMAIN PARTLY UNRESOLVED"
DD_08,2024-06-25,DAILY_WITH_LAST_WEEKLY_SIGNAL_ASOF,2024-06-21,False,2024-03-07,2025-04-07,2025-08-14,1.4970254397895941,-0.1237690442890208,EUROPE_BANKS,2024-05-01,2.0,18.0,-0.09362314792732851,-0.07696968021923989,0.0012507804234547226,0.045233566730934704,0.12278496024559837,-0.0019095077705812327,149.81621711281772,-0.018137065983773293,-0.01638990569986476,0.09535942745429149,0.21052155228937836,1.795133942813275,NOT_AVAILABLE_NO_VALIDATED_HIGH_LOW_PANEL,0.06740448578324587,False,False,,NOT_DETERMINABLE_FROM_CLOSE_ONLY_PANEL,True,"HISTORICAL UK RETAIL, ISA, ACCOUNT AND BROKER ELIGIBILITY REMAIN PARTLY UNRESOLVED"
DD_08,2024-06-26,DAILY_WITH_LAST_WEEKLY_SIGNAL_ASOF,2024-06-21,False,2024-03-07,2025-04-07,2025-08-14,1.4946098725348091,-0.1251829112467806,EUROPE_BANKS,2024-05-01,2.0,18.0,-0.09362314792732851,-0.07696968021923989,0.0012507804234547226,0.045233566730934704,0.12278496024559837,-0.0019095077705812327,149.5744769668758,-0.01796072672939797,-0.017284240491201364,0.09257450488985541,0.20806634716703087,1.7805123601606319,NOT_AVAILABLE_NO_VALIDATED_HIGH_LOW_PANEL,0.06740448578324587,False,False,,NOT_DETERMINABLE_FROM_CLOSE_ONLY_PANEL,True,"HISTORICAL UK RETAIL, ISA, ACCOUNT AND BROKER ELIGIBILITY REMAIN PARTLY UNRESOLVED"
DD_08,2024-06-27,DAILY_WITH_LAST_WEEKLY_SIGNAL_ASOF,2024-06-21,False,2024-03-07,2025-04-07,2025-08-14,1.4898682034791197,-0.12795827971942053,EUROPE_BANKS,2024-05-01,2.0,18.0,-0.09362314792732851,-0.07696968021923989,0.0012507804234547226,0.045233566730934704,0.12278496024559837,-0.0019095077705812327,149.09995001373056,-0.019197017357492574,-0.019617539142561813,0.08814349607131455,0.2080517353194287,1.7472324972671482,NOT_AVAILABLE_NO_VALIDATED_HIGH_LOW_PANEL,0.06740448578324587,False,False,,NOT_DETERMINABLE_FROM_CLOSE_ONLY_PANEL,True,"HISTORICAL UK RETAIL, ISA, ACCOUNT AND BROKER ELIGIBILITY REMAIN PARTLY UNRESOLVED"
DD_08,2024-06-28,DAILY_WITH_LAST_WEEKLY_SIGNAL_ASOF,2024-06-28,True,2024-03-07,2025-04-07,2025-08-14,1.4899576689330007,-0.12790591427654052,EUROPE_BANKS,2024-05-01,3.0,14.0,-0.10857982861568372,-0.08208651713513504,-0.017863094810276037,0.04306660940081897,0.08604825702162655,-0.0027037230900191747,149.10890335246916,-0.017428614524167885,-0.01880608572698328,0.08725455506568425,0.20801824900581203,1.6844613392058596,NOT_AVAILABLE_NO_VALIDATED_HIGH_LOW_PANEL,0.06740448578324587,False,False,,NOT_DETERMINABLE_FROM_CLOSE_ONLY_PANEL,True,"HISTORICAL UK RETAIL, ISA, ACCOUNT AND BROKER ELIGIBILITY REMAIN PARTLY UNRESOLVED"
DD_08,2024-07-01,DAILY_WITH_LAST_WEEKLY_SIGNAL_ASOF,2024-06-28,False,2024-03-07,2025-04-07,2025-08-14,1.5304800813154107,-0.10418755172517069,GLOBAL_SEMICONDUCTORS,2024-07-01,1.0,1.0,0.03491707508626951,0.12672645126618254,0.105674627420554,0.2362885275367077,0.3563890259533413,0.004348385735973096,812.7239652923961,0.0064368644437011735,0.05291612077094743,0.23588895666343812,0.24986478387350605,0.9713184152866566,NOT_AVAILABLE_NO_VALIDATED_HIGH_LOW_PANEL,0.0,True,False,,NOT_DETERMINABLE_FROM_CLOSE_ONLY_PANEL,True,"HISTORICAL UK RETAIL, ISA, ACCOUNT AND BROKER ELIGIBILITY REMAIN PARTLY UNRESOLVED"
DD_08,2024-07-02,DAILY_WITH_LAST_WEEKLY_SIGNAL_ASOF,2024-06-28,False,2024-03-07,2025-04-07,2025-08-14,1.5397576570591702,-0.09875725051280249,GLOBAL_SEMICONDUCTORS,2024-07-01,1.0,1.0,0.03491707508626951,0.12672645126618254,0.105674627420554,0.2362885275367077,0.3563890259533413,0.004348385735973096,817.6505946806651,0.011384984173919532,0.05684114197100176,0.2403769387465946,0.24987126628949932,0.9607876837761284,NOT_AVAILABLE_NO_VALIDATED_HIGH_LOW_PANEL,0.00606187290969884,True,False,,NOT_DETERMINABLE_FROM_CLOSE_ONLY_PANEL,True,"HISTORICAL UK RETAIL, ISA, ACCOUNT AND BROKER ELIGIBILITY REMAIN PARTLY UNRESOLVED"
DD_08,2024-07-03,DAILY_WITH_LAST_WEEKLY_SIGNAL_ASOF,2024-06-28,False,2024-03-07,2025-04-07,2025-08-14,1.568656772306974,-0.08184217432255159,GLOBAL_SEMICONDUCTORS,2024-07-01,1.0,1.0,0.03491707508626951,0.12672645126618254,0.105674627420554,0.2362885275367077,0.3563890259533413,0.004348385735973096,832.9967620855035,0.027530613038338814,0.07344880423549993,0.26035062176075185,0.25224326495561294,0.9639380095722432,NOT_AVAILABLE_NO_VALIDATED_HIGH_LOW_PANEL,0.0249442586399109,True,False,,NOT_DETERMINABLE_FROM_CLOSE_ONLY_PANEL,True,"HISTORICAL UK RETAIL, ISA, ACCOUNT AND BROKER ELIGIBILITY REMAIN PARTLY UNRESOLVED"
DD_08,2024-07-04,DAILY_WITH_LAST_WEEKLY_SIGNAL_ASOF,2024-06-28,False,2024-03-07,2025-04-07,2025-08-14,1.5772945152408195,-0.07678637664207066,GLOBAL_SEMICONDUCTORS,2024-07-01,1.0,1.0,0.03491707508626951,0.12672645126618254,0.105674627420554,0.2362885275367077,0.3563890259533413,0.004348385735973096,837.5836239297541,0.03008075761252682,0.0760110026104559,0.263929132655093,0.25190128954291935,0.8012688094655546,NOT_AVAILABLE_NO_VALIDATED_HIGH_LOW_PANEL,0.030588071348941037,True,False,,NOT_DETERMINABLE_FROM_CLOSE_ONLY_PANEL,True,"HISTORICAL UK RETAIL, ISA, ACCOUNT AND BROKER ELIGIBILITY REMAIN PARTLY UNRESOLVED"
DD_08,2024-07-05,DAILY_WITH_LAST_WEEKLY_SIGNAL_ASOF,2024-07-05,True,2024-03-07,2025-04-07,2025-08-14,1.571962575158199,-0.07990723940779954,GLOBAL_SEMICONDUCTORS,2024-07-01,1.0,1.0,0.038331720555267124,0.1414364118282363,0.12292058250156512,0.3138069568072557,0.3858564388555532,0.003634289543979324,834.7522277295996,0.024122250588687555,0.06933864164537895,0.25641038291357976,0.2519993674152233,0.8055881252060482,NOT_AVAILABLE_NO_VALIDATED_HIGH_LOW_PANEL,0.030588071348941037,True,False,,NOT_DETERMINABLE_FROM_CLOSE_ONLY_PANEL,True,"HISTORICAL UK RETAIL, ISA, ACCOUNT AND BROKER ELIGIBILITY REMAIN PARTLY UNRESOLVED"
DD_08,2024-07-08,DAILY_WITH_LAST_WEEKLY_SIGNAL_ASOF,2024-07-05,False,2024-03-07,2025-04-07,2025-08-14,1.5976625263564301,-0.06486468087698616,GLOBAL_SEMICONDUCTORS,2024-07-01,1.0,1.0,0.038331720555267124,0.1414364118282363,0.12292058250156512,0.3138069568072557,0.3858564388555532,0.003634289543979324,848.399557414345,0.03701302460990119,0.08313341261367557,0.2734421151365636,0.25061507626236307,0.8227805115961395,NOT_AVAILABLE_NO_VALIDATED_HIGH_LOW_PANEL,0.043896321070234334,True,False,,NOT_DETERMINABLE_FROM_CLOSE_ONLY_PANEL,True,"HISTORICAL UK RETAIL, ISA, ACCOUNT AND BROKER ELIGIBILITY REMAIN PARTLY UNRESOLVED"
DD_08,2024-07-09,DAILY_WITH_LAST_WEEKLY_SIGNAL_ASOF,2024-07-05,False,2024-03-07,2025-04-07,2025-08-14,1.5978758039597352,-0.06473984636635688,GLOBAL_SEMICONDUCTORS,2024-07-01,1.0,1.0,0.038331720555267124,0.1414364118282363,0.12292058250156512,0.3138069568072557,0.3858564388555532,0.003634289543979324,848.5128132623513,0.033660369047364025,0.0797517462587003,0.2701541059737491,0.2506474348582282,0.8134124951373978,NOT_AVAILABLE_NO_VALIDATED_HIGH_LOW_PANEL,0.04403567447045731,True,False,,NOT_DETERMINABLE_FROM_CLOSE_ONLY_PANEL,True,"HISTORICAL UK RETAIL, ISA, ACCOUNT AND BROKER ELIGIBILITY REMAIN PARTLY UNRESOLVED"
DD_08,2024-07-10,DAILY_WITH_LAST_WEEKLY_SIGNAL_ASOF,2024-07-05,False,2024-03-07,2025-04-07,2025-08-14,1.6210164239183082,-0.05119530196309352,GLOBAL_SEMICONDUCTORS,2024-07-01,1.0,1.0,0.038331720555267124,0.1414364118282363,0.12292058250156512,0.3138069568072557,0.3858564388555532,0.003634289543979324,860.8010727710224,0.04401446767965922,0.09130654190460774,0.284859623108785,0.2505796985325096,0.8110834567467045,NOT_AVAILABLE_NO_VALIDATED_HIGH_LOW_PANEL,0.05915551839464883,True,False,,NOT_DETERMINABLE_FROM_CLOSE_ONLY_PANEL,True,"HISTORICAL UK RETAIL, ISA, ACCOUNT AND BROKER ELIGIBILITY REMAIN PARTLY UNRESOLVED"
DD_08,2024-07-11,DAILY_WITH_LAST_WEEKLY_SIGNAL_ASOF,2024-07-05,False,2024-03-07,2025-04-07,2025-08-14,1.5791073748689106,-0.07572528330172279,GLOBAL_SEMICONDUCTORS,2024-07-01,1.0,1.0,0.038331720555267124,0.1414364118282363,0.12292058250156512,0.3138069568072557,0.3858564388555532,0.003634289543979324,838.5462986378068,0.015451519591517027,0.06046855731237777,0.24851527396972273,0.25616557959077807,0.8388323215534961,NOT_AVAILABLE_NO_VALIDATED_HIGH_LOW_PANEL,0.05915551839464883,True,False,,NOT_DETERMINABLE_FROM_CLOSE_ONLY_PANEL,True,"HISTORICAL UK RETAIL, ISA, ACCOUNT AND BROKER ELIGIBILITY REMAIN PARTLY UNRESOLVED"
DD_08,2024-07-12,DAILY_WITH_LAST_WEEKLY_SIGNAL_ASOF,2024-07-12,True,2024-03-07,2025-04-07,2025-08-14,1.5921173086705047,-0.0681103781533442,GLOBAL_SEMICONDUCTORS,2024-07-01,1.0,2.0,0.0022637248824779466,0.14535549785669977,0.13144086405477196,0.30870706973158435,0.3602202152048575,0.0028483442966896685,845.4549053661841,0.02160559263353279,0.06631162640265886,0.2555682653783571,0.25630770955181215,0.8275084767172884,NOT_AVAILABLE_NO_VALIDATED_HIGH_LOW_PANEL,0.05915551839464883,True,False,,NOT_DETERMINABLE_FROM_CLOSE_ONLY_PANEL,True,"HISTORICAL UK RETAIL, ISA, ACCOUNT AND BROKER ELIGIBILITY REMAIN PARTLY UNRESOLVED"
DD_08,2024-07-15,DAILY_WITH_LAST_WEEKLY_SIGNAL_ASOF,2024-07-12,False,2024-03-07,2025-04-07,2025-08-14,1.592330586273809,-0.06798554364271536,GLOBAL_SEMICONDUCTORS,2024-07-01,1.0,2.0,0.0022637248824779466,0.14535549785669977,0.13144086405477196,0.30870706973158435,0.3602202152048575,0.0028483442966896685,845.5681612141901,0.01972686756780151,0.06368245018483476,0.25254917092627993,0.25581307376664775,0.8264570219353518,NOT_AVAILABLE_NO_VALIDATED_HIGH_LOW_PANEL,0.05915551839464883,True,False,,NOT_DETERMINABLE_FROM_CLOSE_ONLY_PANEL,True,"HISTORICAL UK RETAIL, ISA, ACCOUNT AND BROKER ELIGIBILITY REMAIN PARTLY UNRESOLVED"
DD_08,2024-07-16,DAILY_WITH_LAST_WEEKLY_SIGNAL_ASOF,2024-07-12,False,2024-03-07,2025-04-07,2025-08-14,1.5739887123895944,-0.07872131155682283,GLOBAL_SEMICONDUCTORS,2024-07-01,1.0,2.0,0.0022637248824779466,0.14535549785669977,0.13144086405477196,0.30870706973158435,0.3602202152048575,0.0028483442966896685,835.8281582856581,0.007249967639757271,0.04931369145429443,0.2351945732905747,0.25725118236787636,0.8256215536517171,NOT_AVAILABLE_NO_VALIDATED_HIGH_LOW_PANEL,0.05915551839464883,True,False,,NOT_DETERMINABLE_FROM_CLOSE_ONLY_PANEL,True,"HISTORICAL UK RETAIL, ISA, ACCOUNT AND BROKER ELIGIBILITY REMAIN PARTLY UNRESOLVED"
DD_08,2024-07-17,DAILY_WITH_LAST_WEEKLY_SIGNAL_ASOF,2024-07-12,False,2024-03-07,2025-04-07,2025-08-14,1.4961423871833341,-0.12428590793646488,GLOBAL_SEMICONDUCTORS,2024-07-01,1.0,2.0,0.0022637248824779466,0.14535549785669977,0.13144086405477196,0.30870706973158435,0.3602202152048575,0.0028483442966896685,794.4897737634001,-0.03884723203894269,-0.0024822065778907776,0.17207384789179847,0.2763122676092762,0.9769491062606267,NOT_AVAILABLE_NO_VALIDATED_HIGH_LOW_PANEL,0.05915551839464883,True,False,,NOT_DETERMINABLE_FROM_CLOSE_ONLY_PANEL,True,"HISTORICAL UK RETAIL, ISA, ACCOUNT AND BROKER ELIGIBILITY REMAIN PARTLY UNRESOLVED"
DD_08,2024-07-18,DAILY_WITH_LAST_WEEKLY_SIGNAL_ASOF,2024-07-12,False,2024-03-07,2025-04-07,2025-08-14,1.4353582702414593,-0.1598637434657747,GLOBAL_SEMICONDUCTORS,2024-07-01,1.0,2.0,0.0022637248824779466,0.14535549785669977,0.13144086405477196,0.30870706973158435,0.3602202152048575,0.0028483442966896685,762.2118570816367,-0.07131978008598094,-0.041391789312812954,0.12306497221381618,0.28546257902707406,1.075407381255032,NOT_AVAILABLE_NO_VALIDATED_HIGH_LOW_PANEL,0.05915551839464883,True,False,,NOT_DETERMINABLE_FROM_CLOSE_ONLY_PANEL,True,"HISTORICAL UK RETAIL, ISA, ACCOUNT AND BROKER ELIGIBILITY REMAIN PARTLY UNRESOLVED"
DD_08,2024-07-19,DAILY_WITH_LAST_WEEKLY_SIGNAL_ASOF,2024-07-19,True,2024-03-07,2025-04-07,2025-08-14,1.4381308790844225,-0.1582408948275954,GLOBAL_SEMICONDUCTORS,2024-07-01,1.0,8.0,-0.09828056982920375,0.027934570874613707,0.09832665896015325,0.12457516896645449,0.3003867136643541,0.0011727820468848105,763.6841831057174,-0.06360739241118829,-0.038048500163797794,0.12383391604927274,0.2819270251154168,1.0783013961903258,NOT_AVAILABLE_NO_VALIDATED_HIGH_LOW_PANEL,0.05915551839464883,True,True,GLOBAL_GENOMICS,NOT_DETERMINABLE_FROM_CLOSE_ONLY_PANEL,True,"HISTORICAL UK RETAIL, ISA, ACCOUNT AND BROKER ELIGIBILITY REMAIN PARTLY UNRESOLVED"
DD_08,2024-07-22,DAILY_WITH_LAST_WEEKLY_SIGNAL_ASOF,2024-07-19,False,2024-03-07,2025-04-07,2025-08-14,1.449008036852968,-0.1518743347855087,GLOBAL_SEMICONDUCTORS,2024-07-01,1.0,8.0,-0.09828056982920375,0.027934570874613707,0.09832665896015325,0.12457516896645449,0.3003867136643541,0.0011727820468848105,769.4602313540327,-0.05165185815703677,-0.029601820451189198,0.13084487433073066,0.2750701050990664,1.0564627645678866,NOT_AVAILABLE_NO_VALIDATED_HIGH_LOW_PANEL,0.05915551839464883,True,True,GLOBAL_GENOMICS,NOT_DETERMINABLE_FROM_CLOSE_ONLY_PANEL,True,"HISTORICAL UK RETAIL, ISA, ACCOUNT AND BROKER ELIGIBILITY REMAIN PARTLY UNRESOLVED"
DD_08,2024-07-23,DAILY_WITH_LAST_WEEKLY_SIGNAL_ASOF,2024-07-19,False,2024-03-07,2025-04-07,2025-08-14,1.4735349612330226,-0.1375183660631557,GLOBAL_SEMICONDUCTORS,2024-07-01,1.0,8.0,-0.09828056982920375,0.027934570874613707,0.09832665896015325,0.12457516896645449,0.3003867136643541,0.0011727820468848105,782.4846538747441,-0.03246821701382796,-0.012666013248356256,0.14827266250528504,0.2757953595586384,1.039062258069148,NOT_AVAILABLE_NO_VALIDATED_HIGH_LOW_PANEL,0.05915551839464883,True,True,GLOBAL_GENOMICS,NOT_DETERMINABLE_FROM_CLOSE_ONLY_PANEL,True,"HISTORICAL UK RETAIL, ISA, ACCOUNT AND BROKER ELIGIBILITY REMAIN PARTLY UNRESOLVED"
DD_08,2024-07-24,DAILY_WITH_LAST_WEEKLY_SIGNAL_ASOF,2024-07-19,False,2024-03-07,2025-04-07,2025-08-14,1.414030509910977,-0.17234719452869052,GLOBAL_SEMICONDUCTORS,2024-07-01,1.0,8.0,-0.09828056982920375,0.027934570874613707,0.09832665896015325,0.12457516896645449,0.3003867136643541,0.0011727820468848105,750.8862722810179,-0.06546136134119518,-0.050580591874264,0.10078683528362653,0.2855462031263501,1.1439733925953712,NOT_AVAILABLE_NO_VALIDATED_HIGH_LOW_PANEL,0.05915551839464883,True,True,GLOBAL_GENOMICS,NOT_DETERMINABLE_FROM_CLOSE_ONLY_PANEL,True,"HISTORICAL UK RETAIL, ISA, ACCOUNT AND BROKER ELIGIBILITY REMAIN PARTLY UNRESOLVED"
DD_08,2024-07-25,DAILY_WITH_LAST_WEEKLY_SIGNAL_ASOF,2024-07-19,False,2024-03-07,2025-04-07,2025-08-14,1.3784131501590715,-0.1931945578037596,GLOBAL_SEMICONDUCTORS,2024-07-01,1.0,8.0,-0.09828056982920375,0.027934570874613707,0.09832665896015325,0.12457516896645449,0.3003867136643541,0.0011727820468848105,731.9725456639848,-0.08157000340463871,-0.0717834084207235,0.07228011909866505,0.28922977796505467,1.1730119710579725,NOT_AVAILABLE_NO_VALIDATED_HIGH_LOW_PANEL,0.05915551839464883,True,True,GLOBAL_GENOMICS,NOT_DETERMINABLE_FROM_CLOSE_ONLY_PANEL,True,"HISTORICAL UK RETAIL, ISA, ACCOUNT AND BROKER ELIGIBILITY REMAIN PARTLY UNRESOLVED"
DD_08,2024-07-26,DAILY_WITH_LAST_WEEKLY_SIGNAL_ASOF,2024-07-26,True,2024-03-07,2025-04-07,2025-08-14,1.381612314208644,-0.1913220401443222,GLOBAL_SEMICONDUCTORS,2024-07-01,1.0,12.0,-0.07884336523121382,-0.06733932215003213,0.024091768607776842,0.0689447534665284,0.21885782200892745,-0.0006706075091583418,733.6713833840777,-0.07274206120520366,-0.06708172418213154,0.0739697788096596,0.28899156042654767,1.1742710575579764,NOT_AVAILABLE_NO_VALIDATED_HIGH_LOW_PANEL,0.05915551839464883,True,True,GLOBAL_GENOMICS,NOT_DETERMINABLE_FROM_CLOSE_ONLY_PANEL,True,"HISTORICAL UK RETAIL, ISA, ACCOUNT AND BROKER ELIGIBILITY REMAIN PARTLY UNRESOLVED"
DD_08,2024-07-29,DAILY_WITH_LAST_WEEKLY_SIGNAL_ASOF,2024-07-26,False,2024-03-07,2025-04-07,2025-08-14,1.379479538175596,-0.19257038525061365,GLOBAL_SEMICONDUCTORS,2024-07-01,1.0,12.0,-0.07884336523121382,-0.06733932215003213,0.024091768607776842,0.0689447534665284,0.21885782200892745,-0.0006706075091583418,732.5388249040159,-0.06788818796321217,-0.06601210893150522,0.0715409096751245,0.28312955066475876,1.1382496573176686,NOT_AVAILABLE_NO_VALIDATED_HIGH_LOW_PANEL,0.05915551839464883,True,True,GLOBAL_GENOMICS,NOT_DETERMINABLE_FROM_CLOSE_ONLY_PANEL,True,"HISTORICAL UK RETAIL, ISA, ACCOUNT AND BROKER ELIGIBILITY REMAIN PARTLY UNRESOLVED"
DD_08,2024-07-30,DAILY_WITH_LAST_WEEKLY_SIGNAL_ASOF,2024-07-26,False,2024-03-07,2025-04-07,2025-08-14,1.351753449745969,-0.20879887163240407,GLOBAL_SEMICONDUCTORS,2024-07-01,1.0,12.0,-0.07884336523121382,-0.06733932215003213,0.024091768607776842,0.0689447534665284,0.21885782200892745,-0.0006706075091583418,717.8155646632116,-0.07937291334609486,-0.08173115552882582,0.0494818912011703,0.2858719211523086,1.1510811375611756,NOT_AVAILABLE_NO_VALIDATED_HIGH_LOW_PANEL,0.05915551839464883,True,True,GLOBAL_GENOMICS,NOT_DETERMINABLE_FROM_CLOSE_ONLY_PANEL,True,"HISTORICAL UK RETAIL, ISA, ACCOUNT AND BROKER ELIGIBILITY REMAIN PARTLY UNRESOLVED"
DD_08,2024-07-31,DAILY_WITH_LAST_WEEKLY_SIGNAL_ASOF,2024-07-26,False,2024-03-07,2025-04-07,2025-08-14,1.4118977338779293,-0.17359553963498175,GLOBAL_SEMICONDUCTORS,2024-07-01,1.0,12.0,-0.07884336523121382,-0.06733932215003213,0.024091768607776842,0.0689447534665284,0.21885782200892745,-0.0006706075091583418,749.7537138009563,-0.03504141901573099,-0.03933427420113145,0.0951290237121789,0.2993310650006354,1.3029137978676808,NOT_AVAILABLE_NO_VALIDATED_HIGH_LOW_PANEL,0.05915551839464883,True,True,GLOBAL_GENOMICS,NOT_DETERMINABLE_FROM_CLOSE_ONLY_PANEL,True,"HISTORICAL UK RETAIL, ISA, ACCOUNT AND BROKER ELIGIBILITY REMAIN PARTLY UNRESOLVED"
DD_08,2024-08-01,DAILY_WITH_LAST_WEEKLY_SIGNAL_ASOF,2024-07-26,False,2024-03-07,2025-04-07,2025-08-14,1.375947732705364,-0.19463760281439912,GLOBAL_GOLD_MINERS,2024-08-01,3.0,9.0,0.06619264347364351,-0.07242545512262166,0.013084757723631713,0.24326019258563658,0.11537232729187874,0.0022690878603607053,159.95561485031527,0.03256803645573214,0.06075537501353123,0.1819963446801569,0.49340502792424273,0.9707579836136226,NOT_AVAILABLE_NO_VALIDATED_HIGH_LOW_PANEL,0.0,False,True,GLOBAL_GENOMICS,NOT_DETERMINABLE_FROM_CLOSE_ONLY_PANEL,True,"HISTORICAL UK RETAIL, ISA, ACCOUNT AND BROKER ELIGIBILITY REMAIN PARTLY UNRESOLVED"
DD_08,2024-08-02,DAILY_WITH_LAST_WEEKLY_SIGNAL_ASOF,2024-08-02,True,2024-03-07,2025-04-07,2025-08-14,1.3308486418993128,-0.22103476240056918,GLOBAL_GOLD_MINERS,2024-08-01,1.0,2.0,0.0781509612798279,0.0883739358540887,0.09454467974214165,0.298225414542876,0.18593299825391307,0.00322957033423265,154.71279012114599,-0.0011603027054900572,0.024942736631446527,0.1416270555198662,0.49815561930777275,1.0423008312878097,NOT_AVAILABLE_NO_VALIDATED_HIGH_LOW_PANEL,0.0,True,True,GLOBAL_INFRASTRUCTURE,NOT_DETERMINABLE_FROM_CLOSE_ONLY_PANEL,True,"HISTORICAL UK RETAIL, ISA, ACCOUNT AND BROKER ELIGIBILITY REMAIN PARTLY UNRESOLVED"
DD_08,2024-08-05,DAILY_WITH_LAST_WEEKLY_SIGNAL_ASOF,2024-08-02,False,2024-03-07,2025-04-07,2025-08-14,1.2955352028719334,-0.24170423641615513,GLOBAL_GOLD_MINERS,2024-08-01,1.0,2.0,0.0781509612798279,0.0883739358540887,0.09454467974214165,0.298225414542876,0.18593299825391307,0.00322957033423265,150.60755943698513,-0.025212535945841164,-0.0021654475137490303,0.11010474085792543,0.5011588852138849,1.050284912050451,NOT_AVAILABLE_NO_VALIDATED_HIGH_LOW_PANEL,0.0,True,True,GLOBAL_INFRASTRUCTURE,NOT_DETERMINABLE_FROM_CLOSE_ONLY_PANEL,True,"HISTORICAL UK RETAIL, ISA, ACCOUNT AND BROKER ELIGIBILITY REMAIN PARTLY UNRESOLVED"
DD_08,2024-08-06,DAILY_WITH_LAST_WEEKLY_SIGNAL_ASOF,2024-08-02,False,2024-03-07,2025-04-07,2025-08-14,1.318084748274959,-0.2285056566230701,GLOBAL_GOLD_MINERS,2024-08-01,1.0,2.0,0.0781509612798279,0.0883739358540887,0.09454467974214165,0.298225414542876,0.18593299825391307,0.00322957033423265,153.22897180156977,-0.007501797940538513,0.014597567542861123,0.12797412379079232,0.5016501519579105,1.0558753684066455,NOT_AVAILABLE_NO_VALIDATED_HIGH_LOW_PANEL,0.0,True,True,GLOBAL_INFRASTRUCTURE,NOT_DETERMINABLE_FROM_CLOSE_ONLY_PANEL,True,"HISTORICAL UK RETAIL, ISA, ACCOUNT AND BROKER ELIGIBILITY REMAIN PARTLY UNRESOLVED"
DD_08,2024-08-07,DAILY_WITH_LAST_WEEKLY_SIGNAL_ASOF,2024-08-02,False,2024-03-07,2025-04-07,2025-08-14,1.3302104472180951,-0.22140830711169424,GLOBAL_GOLD_MINERS,2024-08-01,1.0,2.0,0.0781509612798279,0.0883739358540887,0.09454467974214165,0.298225414542876,0.18593299825391307,0.00322957033423265,154.63859920516717,0.0014803925664002016,0.022971298999938883,0.1367859741563222,0.5005228786735763,1.0577648894359715,NOT_AVAILABLE_NO_VALIDATED_HIGH_LOW_PANEL,0.0,True,True,GLOBAL_INFRASTRUCTURE,NOT_DETERMINABLE_FROM_CLOSE_ONLY_PANEL,True,"HISTORICAL UK RETAIL, ISA, ACCOUNT AND BROKER ELIGIBILITY REMAIN PARTLY UNRESOLVED"
DD_08,2024-08-08,DAILY_WITH_LAST_WEEKLY_SIGNAL_ASOF,2024-08-02,False,2024-03-07,2025-04-07,2025-08-14,1.3253176213287594,-0.2242721498969863,GLOBAL_GOLD_MINERS,2024-08-01,1.0,2.0,0.0781509612798279,0.0883739358540887,0.09454467974214165,0.298225414542876,0.18593299825391307,0.00322957033423265,154.06980218266295,-0.0020033895602167284,0.018441401956521775,0.13111216418925742,0.49930790053093077,1.008229272431191,NOT_AVAILABLE_NO_VALIDATED_HIGH_LOW_PANEL,0.0,True,True,GLOBAL_INFRASTRUCTURE,NOT_DETERMINABLE_FROM_CLOSE_ONLY_PANEL,True,"HISTORICAL UK RETAIL, ISA, ACCOUNT AND BROKER ELIGIBILITY REMAIN PARTLY UNRESOLVED"
DD_08,2024-08-09,DAILY_WITH_LAST_WEEKLY_SIGNAL_ASOF,2024-08-09,True,2024-03-07,2025-04-07,2025-08-14,1.3270194738120065,-0.2232760306673196,GLOBAL_GOLD_MINERS,2024-08-01,1.0,3.0,0.002840167887126821,0.10605226395911971,0.05259732855907817,0.35127415155795916,0.1840716606899091,0.0032888194789904585,154.2676446252731,-0.0006562730500625502,0.018960029637909548,0.13107269298695767,0.49845285550966295,0.9909742388364032,NOT_AVAILABLE_NO_VALIDATED_HIGH_LOW_PANEL,0.0,True,True,GLOBAL_GENOMICS;GLOBAL_INFRASTRUCTURE,NOT_DETERMINABLE_FROM_CLOSE_ONLY_PANEL,True,"HISTORICAL UK RETAIL, ISA, ACCOUNT AND BROKER ELIGIBILITY REMAIN PARTLY UNRESOLVED"
DD_08,2024-08-12,DAILY_WITH_LAST_WEEKLY_SIGNAL_ASOF,2024-08-09,False,2024-03-07,2025-04-07,2025-08-14,1.3493562876546261,-0.21020196577794292,GLOBAL_GOLD_MINERS,2024-08-01,1.0,3.0,0.002840167887126821,0.10605226395911971,0.05259732855907817,0.35127415155795916,0.1840716606899091,0.0032888194789904585,156.86432668453148,0.014673889149472652,0.034646288232116795,0.1483959730100266,0.4972983434296167,1.007384371869615,NOT_AVAILABLE_NO_VALIDATED_HIGH_LOW_PANEL,0.0,True,True,GLOBAL_GENOMICS;GLOBAL_INFRASTRUCTURE,NOT_DETERMINABLE_FROM_CLOSE_ONLY_PANEL,True,"HISTORICAL UK RETAIL, ISA, ACCOUNT AND BROKER ELIGIBILITY REMAIN PARTLY UNRESOLVED"
DD_08,2024-08-13,DAILY_WITH_LAST_WEEKLY_SIGNAL_ASOF,2024-08-09,False,2024-03-07,2025-04-07,2025-08-14,1.3733949539804928,-0.19613178165889944,GLOBAL_GOLD_MINERS,2024-08-01,1.0,3.0,0.002840167887126821,0.10605226395911971,0.05259732855907817,0.35127415155795916,0.1840716606899091,0.0032888194789904585,159.6588511864,0.029684545246948968,0.05089098624288968,0.16689399775897562,0.49791632460325497,1.0218549498037326,NOT_AVAILABLE_NO_VALIDATED_HIGH_LOW_PANEL,0.0,True,True,GLOBAL_GENOMICS;GLOBAL_INFRASTRUCTURE,NOT_DETERMINABLE_FROM_CLOSE_ONLY_PANEL,True,"HISTORICAL UK RETAIL, ISA, ACCOUNT AND BROKER ELIGIBILITY REMAIN PARTLY UNRESOLVED"
DD_08,2024-08-14,DAILY_WITH_LAST_WEEKLY_SIGNAL_ASOF,2024-08-09,False,2024-03-07,2025-04-07,2025-08-14,1.3793514376718583,-0.19264536435506552,GLOBAL_GOLD_MINERS,2024-08-01,1.0,3.0,0.002840167887126821,0.10605226395911971,0.05259732855907817,0.35127415155795916,0.1840716606899091,0.0032888194789904585,160.35129973553558,0.030949677485569094,0.05315870138674894,0.16995309382884893,0.4972228743951834,0.9938872044258978,NOT_AVAILABLE_NO_VALIDATED_HIGH_LOW_PANEL,0.0024737167594308662,True,True,GLOBAL_GENOMICS;GLOBAL_INFRASTRUCTURE,NOT_DETERMINABLE_FROM_CLOSE_ONLY_PANEL,True,"HISTORICAL UK RETAIL, ISA, ACCOUNT AND BROKER ELIGIBILITY REMAIN PARTLY UNRESOLVED"
DD_08,2024-08-15,DAILY_WITH_LAST_WEEKLY_SIGNAL_ASOF,2024-08-09,False,2024-03-07,2025-04-07,2025-08-14,1.381691484836323,-0.19127570041427377,GLOBAL_GOLD_MINERS,2024-08-01,1.0,3.0,0.002840167887126821,0.10605226395911971,0.05259732855907817,0.35127415155795916,0.1840716606899091,0.0032888194789904585,160.62333309412455,0.029637958714529677,0.052677143086532485,0.1699363439246646,0.49722453987562154,0.9849911198768043,NOT_AVAILABLE_NO_VALIDATED_HIGH_LOW_PANEL,0.004174397031539767,True,True,GLOBAL_GENOMICS;GLOBAL_INFRASTRUCTURE,NOT_DETERMINABLE_FROM_CLOSE_ONLY_PANEL,True,"HISTORICAL UK RETAIL, ISA, ACCOUNT AND BROKER ELIGIBILITY REMAIN PARTLY UNRESOLVED"
DD_08,2024-08-16,DAILY_WITH_LAST_WEEKLY_SIGNAL_ASOF,2024-08-16,True,2024-03-07,2025-04-07,2025-08-14,1.4076447352058428,-0.17608488216185525,GLOBAL_GOLD_MINERS,2024-08-01,1.0,1.0,0.0233226202176271,0.03407127813732891,0.039028285480008806,0.39288268922551484,0.27689255139781,0.003045836261033067,163.6404303439295,0.0443283956659708,0.06941189321227337,0.18964034884139291,0.49846323660159814,0.996170523063757,NOT_AVAILABLE_NO_VALIDATED_HIGH_LOW_PANEL,0.023036487322201538,True,True,GLOBAL_INFRASTRUCTURE,NOT_DETERMINABLE_FROM_CLOSE_ONLY_PANEL,True,"HISTORICAL UK RETAIL, ISA, ACCOUNT AND BROKER ELIGIBILITY REMAIN PARTLY UNRESOLVED"
DD_08,2024-08-19,DAILY_WITH_LAST_WEEKLY_SIGNAL_ASOF,2024-08-16,False,2024-03-07,2025-04-07,2025-08-14,1.4384908114646984,-0.15803022112414467,GLOBAL_GOLD_MINERS,2024-08-01,1.0,1.0,0.0233226202176271,0.03407127813732891,0.039028285480008806,0.39288268922551484,0.27689255139781,0.003045836261033067,167.22632461623866,0.06073166624120363,0.08888154034079032,0.21310547787164458,0.4988982934002429,0.9983718183115995,NOT_AVAILABLE_NO_VALIDATED_HIGH_LOW_PANEL,0.04545454545454519,True,True,GLOBAL_INFRASTRUCTURE,NOT_DETERMINABLE_FROM_CLOSE_ONLY_PANEL,True,"HISTORICAL UK RETAIL, ISA, ACCOUNT AND BROKER ELIGIBILITY REMAIN PARTLY UNRESOLVED"
DD_08,2024-08-20,DAILY_WITH_LAST_WEEKLY_SIGNAL_ASOF,2024-08-16,False,2024-03-07,2025-04-07,2025-08-14,1.451680168209864,-0.15031029709422727,GLOBAL_GOLD_MINERS,2024-08-01,1.0,1.0,0.0233226202176271,0.03407127813732891,0.039028285480008806,0.39288268922551484,0.27689255139781,0.003045836261033067,168.75960354646736,0.06364451833066354,0.09462144230332226,0.22150297368646754,0.4990722416468561,0.9928678935995243,NOT_AVAILABLE_NO_VALIDATED_HIGH_LOW_PANEL,0.05504019789734027,True,True,GLOBAL_INFRASTRUCTURE,NOT_DETERMINABLE_FROM_CLOSE_ONLY_PANEL,True,"HISTORICAL UK RETAIL, ISA, ACCOUNT AND BROKER ELIGIBILITY REMAIN PARTLY UNRESOLVED"
DD_08,2024-08-21,DAILY_WITH_LAST_WEEKLY_SIGNAL_ASOF,2024-08-16,False,2024-03-07,2025-04-07,2025-08-14,1.4529565575722994,-0.14956320767197706,GLOBAL_GOLD_MINERS,2024-08-01,1.0,1.0,0.0233226202176271,0.03407127813732891,0.039028285480008806,0.39288268922551484,0.27689255139781,0.003045836261033067,168.907985378425,0.05836618204429955,0.09149255056872718,0.2198753264259352,0.49833904586773864,0.993392954603135,NOT_AVAILABLE_NO_VALIDATED_HIGH_LOW_PANEL,0.055967841682126984,True,True,GLOBAL_INFRASTRUCTURE,NOT_DETERMINABLE_FROM_CLOSE_ONLY_PANEL,True,"HISTORICAL UK RETAIL, ISA, ACCOUNT AND BROKER ELIGIBILITY REMAIN PARTLY UNRESOLVED"
DD_08,2024-08-22,DAILY_WITH_LAST_WEEKLY_SIGNAL_ASOF,2024-08-16,False,2024-03-07,2025-04-07,2025-08-14,1.4227486759946615,-0.1672443239985627,GLOBAL_GOLD_MINERS,2024-08-01,1.0,1.0,0.0233226202176271,0.03407127813732891,0.039028285480008806,0.39288268922551484,0.27689255139781,0.003045836261033067,165.39628202209462,0.032947526119099235,0.06592384009378316,0.19220588808115813,0.49207826056982507,0.9943574730972172,NOT_AVAILABLE_NO_VALIDATED_HIGH_LOW_PANEL,0.055967841682126984,True,True,GLOBAL_INFRASTRUCTURE,NOT_DETERMINABLE_FROM_CLOSE_ONLY_PANEL,True,"HISTORICAL UK RETAIL, ISA, ACCOUNT AND BROKER ELIGIBILITY REMAIN PARTLY UNRESOLVED"
DD_08,2024-08-23,DAILY_WITH_LAST_WEEKLY_SIGNAL_ASOF,2024-08-23,True,2024-03-07,2025-04-07,2025-08-14,1.4221104813134435,-0.16761786870968787,GLOBAL_GOLD_MINERS,2024-08-01,1.0,1.0,0.07592431463987448,0.1586894733363191,0.07554283831120245,0.45511324639670514,0.25338664904804586,0.0028459561292333057,165.3220911061158,0.029444123277213352,0.06271823993755321,0.18940270739575582,0.4919904886333734,0.7942711492745528,NOT_AVAILABLE_NO_VALIDATED_HIGH_LOW_PANEL,0.055967841682126984,True,False,,NOT_DETERMINABLE_FROM_CLOSE_ONLY_PANEL,True,"HISTORICAL UK RETAIL, ISA, ACCOUNT AND BROKER ELIGIBILITY REMAIN PARTLY UNRESOLVED"
DD_08,2024-08-27,DAILY_WITH_LAST_WEEKLY_SIGNAL_ASOF,2024-08-23,False,2024-03-07,2025-04-07,2025-08-14,1.402539177756101,-0.17907323985085577,GLOBAL_GOLD_MINERS,2024-08-01,1.0,1.0,0.07592431463987448,0.1586894733363191,0.07554283831120245,0.45511324639670514,0.25338664904804586,0.0028459561292333057,163.04690301609898,0.013868697972846178,0.04611996766313209,0.17101778646987342,,,NOT_AVAILABLE_NO_VALIDATED_HIGH_LOW_PANEL,0.055967841682126984,True,False,,NOT_DETERMINABLE_FROM_CLOSE_ONLY_PANEL,True,"HISTORICAL UK RETAIL, ISA, ACCOUNT AND BROKER ELIGIBILITY REMAIN PARTLY UNRESOLVED"
DD_08,2024-08-28,DAILY_WITH_LAST_WEEKLY_SIGNAL_ASOF,2024-08-23,False,2024-03-07,2025-04-07,2025-08-14,1.3733949539804926,-0.19613178165889955,GLOBAL_GOLD_MINERS,2024-08-01,1.0,1.0,0.07592431463987448,0.1586894733363191,0.07554283831120245,0.45511324639670514,0.25338664904804586,0.0028459561292333057,159.65885118639997,-0.006548925099580605,0.023403463605034425,0.14501328713642092,0.4658200539549023,0.8297662432230494,NOT_AVAILABLE_NO_VALIDATED_HIGH_LOW_PANEL,0.055967841682126984,True,False,,NOT_DETERMINABLE_FROM_CLOSE_ONLY_PANEL,True,"HISTORICAL UK RETAIL, ISA, ACCOUNT AND BROKER ELIGIBILITY REMAIN PARTLY UNRESOLVED"
DD_08,2024-08-29,DAILY_WITH_LAST_WEEKLY_SIGNAL_ASOF,2024-08-23,False,2024-03-07,2025-04-07,2025-08-14,1.4082829298870605,-0.1757113374507302,GLOBAL_GOLD_MINERS,2024-08-01,1.0,1.0,0.07592431463987448,0.1586894733363191,0.07554283831120245,0.45511324639670514,0.25338664904804586,0.0028459561292333057,163.71462125990828,0.01695977002406246,0.0473716468568961,0.17206932846650025,0.43650890158285643,0.8504257582499117,NOT_AVAILABLE_NO_VALIDATED_HIGH_LOW_PANEL,0.055967841682126984,True,False,,NOT_DETERMINABLE_FROM_CLOSE_ONLY_PANEL,True,"HISTORICAL UK RETAIL, ISA, ACCOUNT AND BROKER ELIGIBILITY REMAIN PARTLY UNRESOLVED"
DD_08,2024-08-30,DAILY_WITH_LAST_WEEKLY_SIGNAL_ASOF,2024-08-30,True,2024-03-07,2025-04-07,2025-08-14,1.389775284131747,-0.18654413407335668,GLOBAL_GOLD_MINERS,2024-08-01,1.0,1.0,0.022367854117051778,0.1299720879151367,0.05386820330583042,0.4085201764245754,0.21229786214486102,0.0019882669288137666,161.56308469652276,0.003267014922696543,0.03224667100484768,0.15486571990268638,0.43611137259208127,0.8693654867610072,NOT_AVAILABLE_NO_VALIDATED_HIGH_LOW_PANEL,0.055967841682126984,True,False,,NOT_DETERMINABLE_FROM_CLOSE_ONLY_PANEL,True,"HISTORICAL UK RETAIL, ISA, ACCOUNT AND BROKER ELIGIBILITY REMAIN PARTLY UNRESOLVED"
DD_08,2024-09-02,DAILY_WITH_LAST_WEEKLY_SIGNAL_ASOF,2024-08-30,False,2024-03-07,2025-04-07,2025-08-14,1.3925407944170238,-0.18492544032514813,GLOBAL_GOLD_MINERS,2024-08-01,1.0,1.0,0.022367854117051778,0.1299720879151367,0.05386820330583042,0.4085201764245754,0.21229786214486102,0.0019882669288137666,161.8845786657643,0.004782632812480259,0.03291133918643663,0.1553570152846222,0.4355689391185691,0.7832382515764055,NOT_AVAILABLE_NO_VALIDATED_HIGH_LOW_PANEL,0.055967841682126984,True,False,,NOT_DETERMINABLE_FROM_CLOSE_ONLY_PANEL,True,"HISTORICAL UK RETAIL, ISA, ACCOUNT AND BROKER ELIGIBILITY REMAIN PARTLY UNRESOLVED"
DD_08,2024-09-03,DAILY_WITH_LAST_WEEKLY_SIGNAL_ASOF,2024-08-30,False,2024-03-07,2025-04-07,2025-08-14,1.3468035089297552,-0.21169614462244313,GLOBAL_GOLD_MINERS,2024-08-01,1.0,1.0,0.022367854117051778,0.1299720879151367,0.05386820330583042,0.4085201764245754,0.21229786214486102,0.0019882669288137666,156.5675630206162,-0.02571955757767308,-0.0009743720316948146,0.11610600936517845,0.4335031777165028,0.8579300182594821,NOT_AVAILABLE_NO_VALIDATED_HIGH_LOW_PANEL,0.055967841682126984,True,False,,NOT_DETERMINABLE_FROM_CLOSE_ONLY_PANEL,True,"HISTORICAL UK RETAIL, ISA, ACCOUNT AND BROKER ELIGIBILITY REMAIN PARTLY UNRESOLVED"
DD_08,2024-09-04,DAILY_WITH_LAST_WEEKLY_SIGNAL_ASOF,2024-08-30,False,2024-03-07,2025-04-07,2025-08-14,1.3414852199196075,-0.214809017215152,GLOBAL_GOLD_MINERS,2024-08-01,1.0,1.0,0.022367854117051778,0.1299720879151367,0.05386820330583042,0.4085201764245754,0.21229786214486102,0.0019882669288137666,155.94930538745945,-0.02695136860426328,-0.004727344043331527,0.11046450056680435,0.4334513225423776,0.7827729400230646,NOT_AVAILABLE_NO_VALIDATED_HIGH_LOW_PANEL,0.055967841682126984,True,False,,NOT_DETERMINABLE_FROM_CLOSE_ONLY_PANEL,True,"HISTORICAL UK RETAIL, ISA, ACCOUNT AND BROKER ELIGIBILITY REMAIN PARTLY UNRESOLVED"
DD_08,2024-09-05,DAILY_WITH_LAST_WEEKLY_SIGNAL_ASOF,2024-08-30,False,2024-03-07,2025-04-07,2025-08-14,1.3497817507754377,-0.20995293597052633,GLOBAL_GOLD_MINERS,2024-08-01,1.0,1.0,0.022367854117051778,0.1299720879151367,0.05386820330583042,0.4085201764245754,0.21229786214486102,0.0019882669288137666,156.913787295184,-0.01906670798468635,0.0013719283588387032,0.11602931616722967,0.42990016093739714,0.7229823142619067,NOT_AVAILABLE_NO_VALIDATED_HIGH_LOW_PANEL,0.055967841682126984,True,False,,NOT_DETERMINABLE_FROM_CLOSE_ONLY_PANEL,True,"HISTORICAL UK RETAIL, ISA, ACCOUNT AND BROKER ELIGIBILITY REMAIN PARTLY UNRESOLVED"
DD_08,2024-09-06,DAILY_WITH_LAST_WEEKLY_SIGNAL_ASOF,2024-09-06,True,2024-03-07,2025-04-07,2025-08-14,1.3289340578556594,-0.22215539653394456,GLOBAL_GOLD_MINERS,2024-08-01,1.0,1.0,0.005624986747120753,0.05938744952031261,0.11996081300291062,0.2391870631880968,0.2227429008878845,0.0009469324054292881,154.4902173732095,-0.031203838449476606,-0.013549257627486044,0.097712926846659,0.4171626852821947,0.7279381304111368,NOT_AVAILABLE_NO_VALIDATED_HIGH_LOW_PANEL,0.055967841682126984,True,False,,NOT_DETERMINABLE_FROM_CLOSE_ONLY_PANEL,True,"HISTORICAL UK RETAIL, ISA, ACCOUNT AND BROKER ELIGIBILITY REMAIN PARTLY UNRESOLVED"
DD_08,2024-09-09,DAILY_WITH_LAST_WEEKLY_SIGNAL_ASOF,2024-09-06,False,2024-03-07,2025-04-07,2025-08-14,1.331699568140936,-0.220536702785736,GLOBAL_GOLD_MINERS,2024-08-01,1.0,1.0,0.005624986747120753,0.05938744952031261,0.11996081300291062,0.2391870631880968,0.2227429008878845,0.0009469324054292881,154.81171134245102,-0.02660493509825379,-0.011050595441193689,0.09890385943352653,0.4171044241816151,0.7227619509492056,NOT_AVAILABLE_NO_VALIDATED_HIGH_LOW_PANEL,0.055967841682126984,True,False,,NOT_DETERMINABLE_FROM_CLOSE_ONLY_PANEL,True,"HISTORICAL UK RETAIL, ISA, ACCOUNT AND BROKER ELIGIBILITY REMAIN PARTLY UNRESOLVED"
DD_08,2024-09-10,DAILY_WITH_LAST_WEEKLY_SIGNAL_ASOF,2024-09-06,False,2024-03-07,2025-04-07,2025-08-14,1.3265940106911944,-0.22352506047473641,GLOBAL_GOLD_MINERS,2024-08-01,1.0,1.0,0.005624986747120753,0.05938744952031261,0.11996081300291062,0.2391870631880968,0.2227429008878845,0.0009469324054292881,154.21818401462053,-0.027655180119830702,-0.014268356620312672,0.09366036585784587,0.4168847147754669,0.7228737624138425,NOT_AVAILABLE_NO_VALIDATED_HIGH_LOW_PANEL,0.055967841682126984,True,False,,NOT_DETERMINABLE_FROM_CLOSE_ONLY_PANEL,True,"HISTORICAL UK RETAIL, ISA, ACCOUNT AND BROKER ELIGIBILITY REMAIN PARTLY UNRESOLVED"
DD_08,2024-09-11,DAILY_WITH_LAST_WEEKLY_SIGNAL_ASOF,2024-09-06,False,2024-03-07,2025-04-07,2025-08-14,1.3408470252383897,-0.21518256192627705,GLOBAL_GOLD_MINERS,2024-08-01,1.0,1.0,0.005624986747120753,0.05938744952031261,0.11996081300291062,0.2391870631880968,0.2227429008878845,0.0009469324054292881,155.87511447148063,-0.01566836819858264,-0.0035338805206668322,0.10425251624192033,0.41619051775284915,0.7309291721221537,NOT_AVAILABLE_NO_VALIDATED_HIGH_LOW_PANEL,0.055967841682126984,True,False,,NOT_DETERMINABLE_FROM_CLOSE_ONLY_PANEL,True,"HISTORICAL UK RETAIL, ISA, ACCOUNT AND BROKER ELIGIBILITY REMAIN PARTLY UNRESOLVED"
DD_08,2024-09-12,DAILY_WITH_LAST_WEEKLY_SIGNAL_ASOF,2024-09-06,False,2024-03-07,2025-04-07,2025-08-14,1.4121120979743662,-0.17347006918398022,GLOBAL_GOLD_MINERS,2024-08-01,1.0,1.0,0.005624986747120753,0.05938744952031261,0.11996081300291062,0.2391870631880968,0.2227429008878845,0.0009469324054292881,164.1597667557811,0.03320588147705772,0.047397381248906134,0.16106030643690183,0.42489108456622554,0.8978734092513058,NOT_AVAILABLE_NO_VALIDATED_HIGH_LOW_PANEL,0.055967841682126984,True,False,,NOT_DETERMINABLE_FROM_CLOSE_ONLY_PANEL,True,"HISTORICAL UK RETAIL, ISA, ACCOUNT AND BROKER ELIGIBILITY REMAIN PARTLY UNRESOLVED"
DD_08,2024-09-13,DAILY_WITH_LAST_WEEKLY_SIGNAL_ASOF,2024-09-13,True,2024-03-07,2025-04-07,2025-08-14,1.442958174233222,-0.15541540814626953,GLOBAL_GOLD_MINERS,2024-08-01,1.0,1.0,0.03462062767006979,0.04035986390155655,0.20756789439209888,0.29714564540802857,0.2363104028209866,0.0008423790144030552,167.7456610280903,0.050448888921556856,0.06733513582422024,0.18422574625129284,0.42651188641297566,0.9065572157326623,NOT_AVAILABLE_NO_VALIDATED_HIGH_LOW_PANEL,0.055967841682126984,True,False,,NOT_DETERMINABLE_FROM_CLOSE_ONLY_PANEL,True,"HISTORICAL UK RETAIL, ISA, ACCOUNT AND BROKER ELIGIBILITY REMAIN PARTLY UNRESOLVED"
DD_08,2024-09-16,DAILY_WITH_LAST_WEEKLY_SIGNAL_ASOF,2024-09-13,False,2024-03-07,2025-04-07,2025-08-14,1.4204086288301965,-0.16861398793935456,GLOBAL_GOLD_MINERS,2024-08-01,1.0,1.0,0.03462062767006979,0.04035986390155655,0.20756789439209888,0.29714564540802857,0.2363104028209866,0.0008423790144030552,165.12424866350565,0.0308438488758771,0.04857258380617213,0.16380044211458333,0.4275832255509595,0.9272707093677222,NOT_AVAILABLE_NO_VALIDATED_HIGH_LOW_PANEL,0.055967841682126984,True,False,,NOT_DETERMINABLE_FROM_CLOSE_ONLY_PANEL,True,"HISTORICAL UK RETAIL, ISA, ACCOUNT AND BROKER ELIGIBILITY REMAIN PARTLY UNRESOLVED"
DD_08,2024-09-17,DAILY_WITH_LAST_WEEKLY_SIGNAL_ASOF,2024-09-13,False,2024-03-07,2025-04-07,2025-08-14,1.4233868706758792,-0.16687077928743754,GLOBAL_GOLD_MINERS,2024-08-01,1.0,1.0,0.03462062767006979,0.04035986390155655,0.20756789439209888,0.29714564540802857,0.2363104028209866,0.0008423790144030552,165.47047293807344,0.029915032164529398,0.04868322221557819,0.16431470618020905,0.42718815097894147,0.9284076198254724,NOT_AVAILABLE_NO_VALIDATED_HIGH_LOW_PANEL,0.055967841682126984,True,False,,NOT_DETERMINABLE_FROM_CLOSE_ONLY_PANEL,True,"HISTORICAL UK RETAIL, ISA, ACCOUNT AND BROKER ELIGIBILITY REMAIN PARTLY UNRESOLVED"
DD_08,2024-09-18,DAILY_WITH_LAST_WEEKLY_SIGNAL_ASOF,2024-09-13,False,2024-03-07,2025-04-07,2025-08-14,1.4121120979743664,-0.1734700691839801,GLOBAL_GOLD_MINERS,2024-08-01,1.0,1.0,0.03462062767006979,0.04035986390155655,0.20756789439209888,0.29714564540802857,0.2363104028209866,0.0008423790144030552,164.15976675578113,0.019740032885147363,0.038731789917607395,0.153312270046297,0.33907748663364123,0.9158129109473774,NOT_AVAILABLE_NO_VALIDATED_HIGH_LOW_PANEL,0.055967841682126984,True,False,,NOT_DETERMINABLE_FROM_CLOSE_ONLY_PANEL,True,"HISTORICAL UK RETAIL, ISA, ACCOUNT AND BROKER ELIGIBILITY REMAIN PARTLY UNRESOLVED"
DD_08,2024-09-19,DAILY_WITH_LAST_WEEKLY_SIGNAL_ASOF,2024-09-13,False,2024-03-07,2025-04-07,2025-08-14,1.4157285345012667,-0.17135331582093827,GLOBAL_GOLD_MINERS,2024-08-01,1.0,1.0,0.03462062767006979,0.04035986390155655,0.20756789439209888,0.29714564540802857,0.2363104028209866,0.0008423790144030552,164.5801819463277,0.020278431062688007,0.039704330693935974,0.15447084790527477,0.2927369634192161,0.8871181238578073,NOT_AVAILABLE_NO_VALIDATED_HIGH_LOW_PANEL,0.055967841682126984,True,False,,NOT_DETERMINABLE_FROM_CLOSE_ONLY_PANEL,True,"HISTORICAL UK RETAIL, ISA, ACCOUNT AND BROKER ELIGIBILITY REMAIN PARTLY UNRESOLVED"
DD_08,2024-09-20,DAILY_WITH_LAST_WEEKLY_SIGNAL_ASOF,2024-09-20,True,2024-03-07,2025-04-07,2025-08-14,1.4321088646525213,-0.16176566823539518,GLOBAL_GOLD_MINERS,2024-08-01,1.0,5.0,-0.01188525752330405,0.07200389207659263,0.15684496997655972,0.3035353998009285,0.22144855020027054,0.0009896674418943124,166.48441545645053,0.029081819438188328,0.04960454767058997,0.1658814168897158,0.29227188039343655,0.8902785197580231,NOT_AVAILABLE_NO_VALIDATED_HIGH_LOW_PANEL,0.055967841682126984,True,False,,NOT_DETERMINABLE_FROM_CLOSE_ONLY_PANEL,True,"HISTORICAL UK RETAIL, ISA, ACCOUNT AND BROKER ELIGIBILITY REMAIN PARTLY UNRESOLVED"
DD_08,2024-09-23,DAILY_WITH_LAST_WEEKLY_SIGNAL_ASOF,2024-09-20,False,2024-03-07,2025-04-07,2025-08-14,1.4559347994179817,-0.14781999902006038,GLOBAL_GOLD_MINERS,2024-08-01,1.0,5.0,-0.01188525752330405,0.07200389207659263,0.15684496997655972,0.3035353998009285,0.22144855020027054,0.0009896674418943124,169.25420965299276,0.041826690931646926,0.06426767621241325,0.1830970222908197,0.2935143165525879,0.9067006810255744,NOT_AVAILABLE_NO_VALIDATED_HIGH_LOW_PANEL,0.05813234384662902,True,False,,NOT_DETERMINABLE_FROM_CLOSE_ONLY_PANEL,True,"HISTORICAL UK RETAIL, ISA, ACCOUNT AND BROKER ELIGIBILITY REMAIN PARTLY UNRESOLVED"
DD_08,2024-09-24,DAILY_WITH_LAST_WEEKLY_SIGNAL_ASOF,2024-09-20,False,2024-03-07,2025-04-07,2025-08-14,1.466571377438277,-0.14159425383464275,GLOBAL_GOLD_MINERS,2024-08-01,1.0,5.0,-0.01188525752330405,0.07200389207659263,0.15684496997655972,0.3035353998009285,0.22144855020027054,0.0009896674418943124,170.49072491930627,0.044742485909601504,0.06902264994479723,0.18947098881949098,0.2932554486544197,0.8767177857011285,NOT_AVAILABLE_NO_VALIDATED_HIGH_LOW_PANEL,0.06586270871985112,True,False,,NOT_DETERMINABLE_FROM_CLOSE_ONLY_PANEL,True,"HISTORICAL UK RETAIL, ISA, ACCOUNT AND BROKER ELIGIBILITY REMAIN PARTLY UNRESOLVED"
DD_08,2024-09-25,DAILY_WITH_LAST_WEEKLY_SIGNAL_ASOF,2024-09-20,False,2024-03-07,2025-04-07,2025-08-14,1.466571377438277,-0.14159425383464275,GLOBAL_GOLD_MINERS,2024-08-01,1.0,5.0,-0.01188525752330405,0.07200389207659263,0.15684496997655972,0.3035353998009285,0.22144855020027054,0.0009896674418943124,170.49072491930627,0.040510211955310016,0.06613686204588598,0.18723271859907475,0.2930834019141775,0.8765717858585063,NOT_AVAILABLE_NO_VALIDATED_HIGH_LOW_PANEL,0.06586270871985112,True,False,,NOT_DETERMINABLE_FROM_CLOSE_ONLY_PANEL,True,"HISTORICAL UK RETAIL, ISA, ACCOUNT AND BROKER ELIGIBILITY REMAIN PARTLY UNRESOLVED"
DD_08,2024-09-26,DAILY_WITH_LAST_WEEKLY_SIGNAL_ASOF,2024-09-20,False,2024-03-07,2025-04-07,2025-08-14,1.468698693042336,-0.14034910479755924,GLOBAL_GOLD_MINERS,2024-08-01,1.0,5.0,-0.01188525752330405,0.07200389207659263,0.15684496997655972,0.3035353998009285,0.22144855020027054,0.0009896674418943124,170.738027972569,0.03805418942084837,0.06485693792931979,0.18672362753566385,0.291286852775889,0.8410592523667635,NOT_AVAILABLE_NO_VALIDATED_HIGH_LOW_PANEL,0.06740878169449571,True,False,,NOT_DETERMINABLE_FROM_CLOSE_ONLY_PANEL,True,"HISTORICAL UK RETAIL, ISA, ACCOUNT AND BROKER ELIGIBILITY REMAIN PARTLY UNRESOLVED"
DD_08,2024-09-27,DAILY_WITH_LAST_WEEKLY_SIGNAL_ASOF,2024-09-27,True,2024-03-07,2025-04-07,2025-08-14,1.437214422102263,-0.15877731054639477,GLOBAL_GOLD_MINERS,2024-08-01,1.0,4.0,0.017376383286357155,0.07368223858835665,0.14966212511716215,0.22616747930940262,0.3094336427733184,0.0010794527946355519,167.07794278428102,0.014344466193375593,0.040315087082894774,0.15942335206516267,0.2950004247687272,0.8431732757238447,NOT_AVAILABLE_NO_VALIDATED_HIGH_LOW_PANEL,0.06740878169449571,True,True,CHINA_INTERNET,NOT_DETERMINABLE_FROM_CLOSE_ONLY_PANEL,True,"HISTORICAL UK RETAIL, ISA, ACCOUNT AND BROKER ELIGIBILITY REMAIN PARTLY UNRESOLVED"
DD_08,2024-09-30,DAILY_WITH_LAST_WEEKLY_SIGNAL_ASOF,2024-09-27,False,2024-03-07,2025-04-07,2025-08-14,1.3976463518667652,-0.18193708263614783,GLOBAL_GOLD_MINERS,2024-08-01,1.0,4.0,0.017376383286357155,0.07368223858835665,0.14966212511716215,0.22616747930940262,0.3094336427733184,0.0010794527946355519,162.47810599359477,-0.012362114212856268,0.011211145752002105,0.12607453341939245,0.30087028732285664,0.8837004637700238,NOT_AVAILABLE_NO_VALIDATED_HIGH_LOW_PANEL,0.06740878169449571,True,True,CHINA_INTERNET,NOT_DETERMINABLE_FROM_CLOSE_ONLY_PANEL,True,"HISTORICAL UK RETAIL, ISA, ACCOUNT AND BROKER ELIGIBILITY REMAIN PARTLY UNRESOLVED"
DD_08,2024-10-01,DAILY_WITH_LAST_WEEKLY_SIGNAL_ASOF,2024-09-27,False,2024-03-07,2025-04-07,2025-08-14,1.4359380327398272,-0.1595243999686451,GLOBAL_GOLD_MINERS,2024-08-01,1.0,4.0,0.017376383286357155,0.07368223858835665,0.14966212511716215,0.22616747930940262,0.3094336427733184,0.0010794527946355519,166.92956095232338,0.01334259010816008,0.03733248716001669,0.15512222300206013,0.30384619592031603,0.9276458713731383,NOT_AVAILABLE_NO_VALIDATED_HIGH_LOW_PANEL,0.06740878169449571,True,True,CHINA_INTERNET,NOT_DETERMINABLE_FROM_CLOSE_ONLY_PANEL,True,"HISTORICAL UK RETAIL, ISA, ACCOUNT AND BROKER ELIGIBILITY REMAIN PARTLY UNRESOLVED"
DD_08,2024-10-02,DAILY_WITH_LAST_WEEKLY_SIGNAL_ASOF,2024-09-27,False,2024-03-07,2025-04-07,2025-08-14,1.434023448696174,-0.16064503410202025,GLOBAL_GOLD_MINERS,2024-08-01,1.0,4.0,0.017376383286357155,0.07368223858835665,0.14966212511716215,0.22616747930940262,0.3094336427733184,0.0010794527946355519,166.70698820438693,0.010889462356553414,0.03449097301340287,0.15182186923731722,0.29297078897098056,0.8484993036836098,NOT_AVAILABLE_NO_VALIDATED_HIGH_LOW_PANEL,0.06740878169449571,True,True,CHINA_INTERNET,NOT_DETERMINABLE_FROM_CLOSE_ONLY_PANEL,True,"HISTORICAL UK RETAIL, ISA, ACCOUNT AND BROKER ELIGIBILITY REMAIN PARTLY UNRESOLVED"
DD_08,2024-10-03,DAILY_WITH_LAST_WEEKLY_SIGNAL_ASOF,2024-09-27,False,2024-03-07,2025-04-07,2025-08-14,1.4223232128738494,-0.16749335380597952,GLOBAL_GOLD_MINERS,2024-08-01,1.0,4.0,0.017376383286357155,0.07368223858835665,0.14966212511716215,0.22616747930940262,0.3094336427733184,0.0010794527946355519,165.34682141144208,0.0024008671636102097,0.025003400630580597,0.1408074222124649,0.29368695582535426,0.8540939657194824,NOT_AVAILABLE_NO_VALIDATED_HIGH_LOW_PANEL,0.06740878169449571,True,True,CHINA_INTERNET,NOT_DETERMINABLE_FROM_CLOSE_ONLY_PANEL,True,"HISTORICAL UK RETAIL, ISA, ACCOUNT AND BROKER ELIGIBILITY REMAIN PARTLY UNRESOLVED"
DD_08,2024-10-04,DAILY_WITH_LAST_WEEKLY_SIGNAL_ASOF,2024-10-04,True,2024-03-07,2025-04-07,2025-08-14,1.4297688174880563,-0.16313533217618703,GLOBAL_GOLD_MINERS,2024-08-01,1.0,6.0,0.01913136812136096,0.02459129360637813,0.0872182977918512,0.11733966183470201,0.2696799860601051,0.0007636515260260855,166.21238209786156,0.006948127444533325,0.029143454260531332,0.14510692428590022,0.290258547054671,0.854099025823754,NOT_AVAILABLE_NO_VALIDATED_HIGH_LOW_PANEL,0.06740878169449571,True,False,,NOT_DETERMINABLE_FROM_CLOSE_ONLY_PANEL,True,"HISTORICAL UK RETAIL, ISA, ACCOUNT AND BROKER ELIGIBILITY REMAIN PARTLY UNRESOLVED"
DD_08,2024-10-07,DAILY_WITH_LAST_WEEKLY_SIGNAL_ASOF,2024-10-04,False,2024-03-07,2025-04-07,2025-08-14,1.3963699625043298,-0.18268417205839793,GLOBAL_GOLD_MINERS,2024-08-01,1.0,6.0,0.01913136812136096,0.02459129360637813,0.0872182977918512,0.11733966183470201,0.2696799860601051,0.0007636515260260855,162.32972416163713,-0.015089824399457608,0.0049019543767363505,0.11704213537470243,0.2929999588525425,0.8773290407644881,NOT_AVAILABLE_NO_VALIDATED_HIGH_LOW_PANEL,0.06740878169449571,True,False,,NOT_DETERMINABLE_FROM_CLOSE_ONLY_PANEL,True,"HISTORICAL UK RETAIL, ISA, ACCOUNT AND BROKER ELIGIBILITY REMAIN PARTLY UNRESOLVED"
DD_08,2024-10-08,DAILY_WITH_LAST_WEEKLY_SIGNAL_ASOF,2024-10-04,False,2024-03-07,2025-04-07,2025-08-14,1.3770113905073929,-0.1940150282958577,GLOBAL_GOLD_MINERS,2024-08-01,1.0,6.0,0.01913136812136096,0.02459129360637813,0.0872182977918512,0.11733966183470201,0.2696799860601051,0.0007636515260260855,160.07926637694655,-0.026199484219915692,-0.008678476649774725,0.10044401695797456,0.2944220494458366,0.8939431302616417,NOT_AVAILABLE_NO_VALIDATED_HIGH_LOW_PANEL,0.06740878169449571,True,False,,NOT_DETERMINABLE_FROM_CLOSE_ONLY_PANEL,True,"HISTORICAL UK RETAIL, ISA, ACCOUNT AND BROKER ELIGIBILITY REMAIN PARTLY UNRESOLVED"
DD_08,2024-10-09,DAILY_WITH_LAST_WEEKLY_SIGNAL_ASOF,2024-10-04,False,2024-03-07,2025-04-07,2025-08-14,1.3840315320007872,-0.18990603647348236,GLOBAL_GOLD_MINERS,2024-08-01,1.0,6.0,0.01913136812136096,0.02459129360637813,0.0872182977918512,0.11733966183470201,0.2696799860601051,0.0007636515260260855,160.89536645271343,-0.019341840282728118,-0.003482973683515689,0.10488823985506457,0.288791220194807,0.8924042674320567,NOT_AVAILABLE_NO_VALIDATED_HIGH_LOW_PANEL,0.06740878169449571,True,False,,NOT_DETERMINABLE_FROM_CLOSE_ONLY_PANEL,True,"HISTORICAL UK RETAIL, ISA, ACCOUNT AND BROKER ELIGIBILITY REMAIN PARTLY UNRESOLVED"
DD_08,2024-10-10,DAILY_WITH_LAST_WEEKLY_SIGNAL_ASOF,2024-10-04,False,2024-03-07,2025-04-07,2025-08-14,1.4199831657093844,-0.16886301774677137,GLOBAL_GOLD_MINERS,2024-08-01,1.0,6.0,0.01913136812136096,0.02459129360637813,0.0872182977918512,0.11733966183470201,0.2696799860601051,0.0007636515260260855,165.07478805285308,0.005571219674948891,0.021505149340099505,0.13208402736392433,0.29168582870017473,0.9229054924501954,NOT_AVAILABLE_NO_VALIDATED_HIGH_LOW_PANEL,0.06740878169449571,True,False,,NOT_DETERMINABLE_FROM_CLOSE_ONLY_PANEL,True,"HISTORICAL UK RETAIL, ISA, ACCOUNT AND BROKER ELIGIBILITY REMAIN PARTLY UNRESOLVED"
DD_08,2024-10-11,DAILY_WITH_LAST_WEEKLY_SIGNAL_ASOF,2024-10-11,True,2024-03-07,2025-04-07,2025-08-14,1.4582748465824464,-0.14645033507926863,GLOBAL_GOLD_MINERS,2024-08-01,2.0,10.0,-0.007239467069442118,0.008687165467936131,0.03899837855787869,0.12041801808254915,0.17018037115488993,-3.055452746469032e-05,169.5262430115817,0.02962809035914904,0.04703729292436809,0.1607340320839441,0.295957458225684,0.790200951574559,NOT_AVAILABLE_NO_VALIDATED_HIGH_LOW_PANEL,0.06740878169449571,False,True,CHINA_INTERNET,NOT_DETERMINABLE_FROM_CLOSE_ONLY_PANEL,True,"HISTORICAL UK RETAIL, ISA, ACCOUNT AND BROKER ELIGIBILITY REMAIN PARTLY UNRESOLVED"
DD_08,2024-10-14,DAILY_WITH_LAST_WEEKLY_SIGNAL_ASOF,2024-10-11,False,2024-03-07,2025-04-07,2025-08-14,1.4457236845184984,-0.1537967143980612,GLOBAL_GOLD_MINERS,2024-08-01,2.0,10.0,-0.007239467069442118,0.008687165467936131,0.03899837855787869,0.12041801808254915,0.17018037115488993,-3.055452746469032e-05,168.06715499733178,0.018842818095691216,0.03647999469416052,0.14902030193370197,0.29638885656620323,0.7646240036191747,NOT_AVAILABLE_NO_VALIDATED_HIGH_LOW_PANEL,0.06740878169449571,False,True,CHINA_INTERNET,NOT_DETERMINABLE_FROM_CLOSE_ONLY_PANEL,True,"HISTORICAL UK RETAIL, ISA, ACCOUNT AND BROKER ELIGIBILITY REMAIN PARTLY UNRESOLVED"
DD_08,2024-10-15,DAILY_WITH_LAST_WEEKLY_SIGNAL_ASOF,2024-10-11,False,2024-03-07,2025-04-07,2025-08-14,1.470400545525583,-0.13935298556789255,GLOBAL_GOLD_MINERS,2024-08-01,2.0,10.0,-0.007239467069442118,0.008687165467936131,0.03899837855787869,0.12041801808254915,0.17018037115488993,-3.055452746469032e-05,170.93587041517912,0.03283122658204474,0.05193682381890463,0.1666751646023208,0.29510015034062315,0.7632966518799145,NOT_AVAILABLE_NO_VALIDATED_HIGH_LOW_PANEL,0.06864564007421103,False,True,CHINA_INTERNET,NOT_DETERMINABLE_FROM_CLOSE_ONLY_PANEL,True,"HISTORICAL UK RETAIL, ISA, ACCOUNT AND BROKER ELIGIBILITY REMAIN PARTLY UNRESOLVED"
DD_08,2024-10-16,DAILY_WITH_LAST_WEEKLY_SIGNAL_ASOF,2024-10-11,False,2024-03-07,2025-04-07,2025-08-14,1.5137977838483867,-0.1139519452113894,GLOBAL_GOLD_MINERS,2024-08-01,2.0,10.0,-0.007239467069442118,0.008687165467936131,0.03899837855787869,0.12041801808254915,0.17018037115488993,-3.055452746469032e-05,175.98085270173823,0.05722886660739168,0.07947069457758404,0.19870957505556852,0.29907373681309074,0.8166813445844129,NOT_AVAILABLE_NO_VALIDATED_HIGH_LOW_PANEL,0.10018552875695663,False,True,CHINA_INTERNET,NOT_DETERMINABLE_FROM_CLOSE_ONLY_PANEL,True,"HISTORICAL UK RETAIL, ISA, ACCOUNT AND BROKER ELIGIBILITY REMAIN PARTLY UNRESOLVED"
DD_08,2024-10-17,DAILY_WITH_LAST_WEEKLY_SIGNAL_ASOF,2024-10-11,False,2024-03-07,2025-04-07,2025-08-14,1.5374109870534416,-0.10013079089976273,GLOBAL_GOLD_MINERS,2024-08-01,2.0,10.0,-0.007239467069442118,0.008687165467936131,0.03899837855787869,0.12041801808254915,0.17018037115488993,-3.055452746469032e-05,178.7259165929542,0.06657221714630013,0.0921839957235262,0.2147799400426018,0.2992491200889975,0.817559976305806,NOT_AVAILABLE_NO_VALIDATED_HIGH_LOW_PANEL,0.1173469387755095,False,True,CHINA_INTERNET,NOT_DETERMINABLE_FROM_CLOSE_ONLY_PANEL,True,"HISTORICAL UK RETAIL, ISA, ACCOUNT AND BROKER ELIGIBILITY REMAIN PARTLY UNRESOLVED"
DD_08,2024-10-18,DAILY_WITH_LAST_WEEKLY_SIGNAL_ASOF,2024-10-18,True,2024-03-07,2025-04-07,2025-08-14,1.5814464200574632,-0.07435620583213431,GLOBAL_GOLD_MINERS,2024-08-01,1.0,4.0,0.07967678145317603,0.04810382387504353,0.1316216764765581,0.18313071509223278,0.18492439497518953,0.0005698895173672262,183.84508979549216,0.08751963941836749,0.11805353571255739,0.2464789690185556,0.3014785907762997,0.8562142474495197,NOT_AVAILABLE_NO_VALIDATED_HIGH_LOW_PANEL,0.1493506493506489,True,True,CHINA_INTERNET;GLOBAL_URANIUM_NUCLEAR,NOT_DETERMINABLE_FROM_CLOSE_ONLY_PANEL,True,"HISTORICAL UK RETAIL, ISA, ACCOUNT AND BROKER ELIGIBILITY REMAIN PARTLY UNRESOLVED"
DD_08,2024-10-21,DAILY_WITH_LAST_WEEKLY_SIGNAL_ASOF,2024-10-18,False,2024-03-07,2025-04-07,2025-08-14,1.6020813814168355,-0.06227826017242455,GLOBAL_GOLD_MINERS,2024-08-01,1.0,4.0,0.07967678145317603,0.04810382387504353,0.1316216764765581,0.18313071509223278,0.18492439497518953,0.0005698895173672262,186.24392941214037,0.09161630836966239,0.1267809538103335,0.2594505647376619,0.30138040537641797,0.8575702941792477,NOT_AVAILABLE_NO_VALIDATED_HIGH_LOW_PANEL,0.16434755720469973,True,True,CHINA_INTERNET;GLOBAL_URANIUM_NUCLEAR,NOT_DETERMINABLE_FROM_CLOSE_ONLY_PANEL,True,"HISTORICAL UK RETAIL, ISA, ACCOUNT AND BROKER ELIGIBILITY REMAIN PARTLY UNRESOLVED"
DD_08,2024-10-22,DAILY_WITH_LAST_WEEKLY_SIGNAL_ASOF,2024-10-18,False,2024-03-07,2025-04-07,2025-08-14,1.6273964371051377,-0.047460986631130964,GLOBAL_GOLD_MINERS,2024-08-01,1.0,4.0,0.07967678145317603,0.04810382387504353,0.1316216764765581,0.18313071509223278,0.18492439497518953,0.0005698895173672262,189.1868357459665,0.09799859963071245,0.13813238076836964,0.2758053382280201,0.3024228930133229,0.8563669735908828,NOT_AVAILABLE_NO_VALIDATED_HIGH_LOW_PANEL,0.18274582560296793,True,True,CHINA_INTERNET;GLOBAL_URANIUM_NUCLEAR,NOT_DETERMINABLE_FROM_CLOSE_ONLY_PANEL,True,"HISTORICAL UK RETAIL, ISA, ACCOUNT AND BROKER ELIGIBILITY REMAIN PARTLY UNRESOLVED"
DD_08,2024-10-23,DAILY_WITH_LAST_WEEKLY_SIGNAL_ASOF,2024-10-18,False,2024-03-07,2025-04-07,2025-08-14,1.596975823967094,-0.06526661786142485,GLOBAL_GOLD_MINERS,2024-08-01,1.0,4.0,0.07967678145317603,0.04810382387504353,0.1316216764765581,0.18313071509223278,0.18492439497518953,0.0005698895173672262,185.6504020843099,0.06993825531454778,0.11176267248551053,0.24882610094393542,0.3020466531118931,0.892410096412888,NOT_AVAILABLE_NO_VALIDATED_HIGH_LOW_PANEL,0.18274582560296793,True,True,CHINA_INTERNET;GLOBAL_URANIUM_NUCLEAR,NOT_DETERMINABLE_FROM_CLOSE_ONLY_PANEL,True,"HISTORICAL UK RETAIL, ISA, ACCOUNT AND BROKER ELIGIBILITY REMAIN PARTLY UNRESOLVED"
DD_08,2024-10-24,DAILY_WITH_LAST_WEEKLY_SIGNAL_ASOF,2024-10-18,False,2024-03-07,2025-04-07,2025-08-14,1.5661297477082385,-0.08332127889913532,GLOBAL_GOLD_MINERS,2024-08-01,1.0,4.0,0.07967678145317603,0.04810382387504353,0.1316216764765581,0.18313071509223278,0.18492439497518953,0.0005698895173672262,182.06450781200073,0.044593046946020065,0.08644183845401798,0.22197247497229977,0.28352254944347666,0.9255263245902138,NOT_AVAILABLE_NO_VALIDATED_HIGH_LOW_PANEL,0.18274582560296793,True,True,CHINA_INTERNET;GLOBAL_URANIUM_NUCLEAR,NOT_DETERMINABLE_FROM_CLOSE_ONLY_PANEL,True,"HISTORICAL UK RETAIL, ISA, ACCOUNT AND BROKER ELIGIBILITY REMAIN PARTLY UNRESOLVED"
DD_08,2024-10-25,DAILY_WITH_LAST_WEEKLY_SIGNAL_ASOF,2024-10-25,True,2024-03-07,2025-04-07,2025-08-14,1.5548549750067258,-0.08992056879567789,GLOBAL_GOLD_MINERS,2024-08-01,2.0,4.0,0.02198039495593096,0.08281941547312877,0.132703732616005,0.12553792305331712,0.20863486020052946,0.0019313527288017985,180.75380162970842,0.03358941767346835,0.07530507162691102,0.21060745832396788,0.2836713928068364,0.9319324908882639,NOT_AVAILABLE_NO_VALIDATED_HIGH_LOW_PANEL,0.18274582560296793,False,False,,NOT_DETERMINABLE_FROM_CLOSE_ONLY_PANEL,True,"HISTORICAL UK RETAIL, ISA, ACCOUNT AND BROKER ELIGIBILITY REMAIN PARTLY UNRESOLVED"
DD_08,2024-10-28,DAILY_WITH_LAST_WEEKLY_SIGNAL_ASOF,2024-10-25,False,2024-03-07,2025-04-07,2025-08-14,1.5225197778250292,-0.1088468341593467,GLOBAL_GOLD_MINERS,2024-08-01,2.0,4.0,0.02198039495593096,0.08281941547312877,0.132703732616005,0.12553792305331712,0.20863486020052946,0.0019313527288017985,176.99479522011538,0.010983018817800394,0.050761152850282265,0.18324813164805187,0.2865459170637653,0.9300300327375194,NOT_AVAILABLE_NO_VALIDATED_HIGH_LOW_PANEL,0.18274582560296793,False,False,,NOT_DETERMINABLE_FROM_CLOSE_ONLY_PANEL,True,"HISTORICAL UK RETAIL, ISA, ACCOUNT AND BROKER ELIGIBILITY REMAIN PARTLY UNRESOLVED"
DD_08,2024-10-29,DAILY_WITH_LAST_WEEKLY_SIGNAL_ASOF,2024-10-25,False,2024-03-07,2025-04-07,2025-08-14,1.5291144561976118,-0.10498687214438818,GLOBAL_GOLD_MINERS,2024-08-01,2.0,4.0,0.02198039495593096,0.08281941547312877,0.132703732616005,0.12553792305331712,0.20863486020052946,0.0019313527288017985,177.76143468522972,0.013945991686062253,0.05302830470101827,0.1861500074272402,0.28650289298013404,0.8676785938936815,NOT_AVAILABLE_NO_VALIDATED_HIGH_LOW_PANEL,0.18274582560296793,False,False,,NOT_DETERMINABLE_FROM_CLOSE_ONLY_PANEL,True,"HISTORICAL UK RETAIL, ISA, ACCOUNT AND BROKER ELIGIBILITY REMAIN PARTLY UNRESOLVED"
DD_08,2024-10-30,DAILY_WITH_LAST_WEEKLY_SIGNAL_ASOF,2024-10-25,False,2024-03-07,2025-04-07,2025-08-14,1.5172014888148817,-0.11195970675205547,GLOBAL_GOLD_MINERS,2024-08-01,2.0,4.0,0.02198039495593096,0.08281941547312877,0.132703732616005,0.12553792305331712,0.20863486020052946,0.0019313527288017985,176.37653758695862,0.005493870440481441,0.0429910208643689,0.17484093557829516,0.2781302869145172,0.8391497947967416,NOT_AVAILABLE_NO_VALIDATED_HIGH_LOW_PANEL,0.18274582560296793,False,False,,NOT_DETERMINABLE_FROM_CLOSE_ONLY_PANEL,True,"HISTORICAL UK RETAIL, ISA, ACCOUNT AND BROKER ELIGIBILITY REMAIN PARTLY UNRESOLVED"
DD_08,2024-10-31,DAILY_WITH_LAST_WEEKLY_SIGNAL_ASOF,2024-10-25,False,2024-03-07,2025-04-07,2025-08-14,1.4874190703580552,-0.12939179327122463,GLOBAL_GOLD_MINERS,2024-08-01,2.0,4.0,0.02198039495593096,0.08281941547312877,0.132703732616005,0.12553792305331712,0.20863486020052946,0.0019313527288017985,172.91429484128076,-0.012965708004102794,0.0216151594588172,0.15004216080808264,0.28121817297798246,0.8707741928473892,NOT_AVAILABLE_NO_VALIDATED_HIGH_LOW_PANEL,0.18274582560296793,False,False,,NOT_DETERMINABLE_FROM_CLOSE_ONLY_PANEL,True,"HISTORICAL UK RETAIL, ISA, ACCOUNT AND BROKER ELIGIBILITY REMAIN PARTLY UNRESOLVED"
DD_08,2024-11-01,DAILY_WITH_LAST_WEEKLY_SIGNAL_ASOF,2024-11-01,True,2024-03-07,2025-04-07,2025-08-14,1.4886954597204904,-0.12864470384897453,GLOBAL_GOLD_MINERS,2024-08-01,1.0,3.0,0.03230068070993464,0.06317202095601937,0.062433148948271455,0.1452115846144857,0.18693011764373013,0.0017154842548890688,173.06267667323837,-0.011029160485791278,0.02159075514823905,0.14930189520337644,0.27240867173583494,0.8652485758397331,NOT_AVAILABLE_NO_VALIDATED_HIGH_LOW_PANEL,0.18274582560296793,True,False,,NOT_DETERMINABLE_FROM_CLOSE_ONLY_PANEL,True,"HISTORICAL UK RETAIL, ISA, ACCOUNT AND BROKER ELIGIBILITY REMAIN PARTLY UNRESOLVED"
DD_08,2024-11-04,DAILY_WITH_LAST_WEEKLY_SIGNAL_ASOF,2024-11-01,False,2024-03-07,2025-04-07,2025-08-14,1.470826008646395,-0.13910395576047585,GLOBAL_GOLD_MINERS,2024-08-01,1.0,3.0,0.03230068070993464,0.06317202095601937,0.062433148948271455,0.1452115846144857,0.18693011764373013,0.0017154842548890688,170.98533102583167,-0.02086179656575582,0.008959074873078121,0.13397736458291254,0.26770005241779804,0.8782950131896767,NOT_AVAILABLE_NO_VALIDATED_HIGH_LOW_PANEL,0.18274582560296793,True,False,,NOT_DETERMINABLE_FROM_CLOSE_ONLY_PANEL,True,"HISTORICAL UK RETAIL, ISA, ACCOUNT AND BROKER ELIGIBILITY REMAIN PARTLY UNRESOLVED"
DD_08,2024-11-05,DAILY_WITH_LAST_WEEKLY_SIGNAL_ASOF,2024-11-01,False,2024-03-07,2025-04-07,2025-08-14,1.4629549409113765,-0.14371100719768481,GLOBAL_GOLD_MINERS,2024-08-01,1.0,3.0,0.03230068070993464,0.06317202095601937,0.062433148948271455,0.1452115846144857,0.18693011764373013,0.0017154842548890688,170.07030972875967,-0.023785181318997206,0.00341959767324429,0.1264752352225751,0.2663728422291547,0.8406795496940481,NOT_AVAILABLE_NO_VALIDATED_HIGH_LOW_PANEL,0.18274582560296793,True,False,,NOT_DETERMINABLE_FROM_CLOSE_ONLY_PANEL,True,"HISTORICAL UK RETAIL, ISA, ACCOUNT AND BROKER ELIGIBILITY REMAIN PARTLY UNRESOLVED"
DD_08,2024-11-06,DAILY_WITH_LAST_WEEKLY_SIGNAL_ASOF,2024-11-01,False,2024-03-07,2025-04-07,2025-08-14,1.4478510001225577,-0.15255156536097747,GLOBAL_GOLD_MINERS,2024-08-01,1.0,3.0,0.03230068070993464,0.06317202095601937,0.062433148948271455,0.1452115846144857,0.18693011764373013,0.0017154842548890688,168.3144580505945,-0.030880417362215917,-0.006669635718204336,0.11357267935353454,0.2670934735406127,0.8444157187493787,NOT_AVAILABLE_NO_VALIDATED_HIGH_LOW_PANEL,0.18274582560296793,True,False,,NOT_DETERMINABLE_FROM_CLOSE_ONLY_PANEL,True,"HISTORICAL UK RETAIL, ISA, ACCOUNT AND BROKER ELIGIBILITY REMAIN PARTLY UNRESOLVED"
DD_08,2024-11-07,DAILY_WITH_LAST_WEEKLY_SIGNAL_ASOF,2024-11-01,False,2024-03-07,2025-04-07,2025-08-14,1.443170905793628,-0.15529089324256118,GLOBAL_GOLD_MINERS,2024-08-01,1.0,3.0,0.03230068070993464,0.06317202095601937,0.062433148948271455,0.1452115846144857,0.18693011764373013,0.0017154842548890688,167.77039133341657,-0.031016852648888982,-0.009496726867448846,0.10875984885082657,0.2670584407835123,0.8725283402985707,NOT_AVAILABLE_NO_VALIDATED_HIGH_LOW_PANEL,0.18274582560296793,True,False,,NOT_DETERMINABLE_FROM_CLOSE_ONLY_PANEL,True,"HISTORICAL UK RETAIL, ISA, ACCOUNT AND BROKER ELIGIBILITY REMAIN PARTLY UNRESOLVED"
DD_08,2024-11-08,DAILY_WITH_LAST_WEEKLY_SIGNAL_ASOF,2024-11-08,True,2024-03-07,2025-04-07,2025-08-14,1.444872758276875,-0.1542947740128945,GLOBAL_GOLD_MINERS,2024-08-01,5.0,11.0,-0.01194811243364513,-0.007182951034015561,-0.015839596488657404,0.03688584364446568,0.2114819575238085,0.0003970476765291764,167.96823377602672,-0.027232307398928235,-0.008004680079048865,0.10885293571038113,0.26705920600516925,0.8448597318192762,NOT_AVAILABLE_NO_VALIDATED_HIGH_LOW_PANEL,0.18274582560296793,False,False,,NOT_DETERMINABLE_FROM_CLOSE_ONLY_PANEL,True,"HISTORICAL UK RETAIL, ISA, ACCOUNT AND BROKER ELIGIBILITY REMAIN PARTLY UNRESOLVED"
DD_08,2024-11-11,DAILY_WITH_LAST_WEEKLY_SIGNAL_ASOF,2024-11-08,False,2024-03-07,2025-04-07,2025-08-14,1.369991249013998,-0.19812402011823327,GLOBAL_GOLD_MINERS,2024-08-01,5.0,11.0,-0.01194811243364513,-0.007182951034015561,-0.015839596488657404,0.03688584364446568,0.2114819575238085,0.0003970476765291764,159.26316630117964,-0.07108967217696494,-0.057218810375489926,0.05084858002950088,0.28589571693939636,0.9768660836597144,NOT_AVAILABLE_NO_VALIDATED_HIGH_LOW_PANEL,0.18274582560296793,False,False,,NOT_DETERMINABLE_FROM_CLOSE_ONLY_PANEL,True,"HISTORICAL UK RETAIL, ISA, ACCOUNT AND BROKER ELIGIBILITY REMAIN PARTLY UNRESOLVED"
DD_08,2024-11-12,DAILY_WITH_LAST_WEEKLY_SIGNAL_ASOF,2024-11-08,False,2024-03-07,2025-04-07,2025-08-14,1.3555255029063966,-0.2065910335704011,GLOBAL_GOLD_MINERS,2024-08-01,5.0,11.0,-0.01194811243364513,-0.007182951034015561,-0.015839596488657404,0.03688584364446568,0.2114819575238085,0.0003970476765291764,157.58150553899324,-0.07408854904915851,-0.06470984489860343,0.03934155294938346,0.2845887283818144,0.9798300911832236,NOT_AVAILABLE_NO_VALIDATED_HIGH_LOW_PANEL,0.18274582560296793,False,False,,NOT_DETERMINABLE_FROM_CLOSE_ONLY_PANEL,True,"HISTORICAL UK RETAIL, ISA, ACCOUNT AND BROKER ELIGIBILITY REMAIN PARTLY UNRESOLVED"
DD_08,2024-11-13,DAILY_WITH_LAST_WEEKLY_SIGNAL_ASOF,2024-11-08,False,2024-03-07,2025-04-07,2025-08-14,1.3599928656749207,-0.20397622059252563,GLOBAL_GOLD_MINERS,2024-08-01,5.0,11.0,-0.01194811243364513,-0.007182951034015561,-0.015839596488657404,0.03688584364446568,0.2114819575238085,0.0003970476765291764,158.10084195084494,-0.064998895262943,-0.05935412105522608,0.042323326827180985,0.28453436945305505,0.9559089541849991,NOT_AVAILABLE_NO_VALIDATED_HIGH_LOW_PANEL,0.18274582560296793,False,False,,NOT_DETERMINABLE_FROM_CLOSE_ONLY_PANEL,True,"HISTORICAL UK RETAIL, ISA, ACCOUNT AND BROKER ELIGIBILITY REMAIN PARTLY UNRESOLVED"
DD_08,2024-11-14,DAILY_WITH_LAST_WEEKLY_SIGNAL_ASOF,2024-11-08,False,2024-03-07,2025-04-07,2025-08-14,1.3523345295003084,-0.20845875712602613,GLOBAL_GOLD_MINERS,2024-08-01,5.0,11.0,-0.01194811243364513,-0.007182951034015561,-0.015839596488657404,0.03688584364446568,0.2114819575238085,0.0003970476765291764,157.2105509590992,-0.06428703808615821,-0.06227359687854894,0.0360780272072061,0.2847502063558058,0.874463193559371,NOT_AVAILABLE_NO_VALIDATED_HIGH_LOW_PANEL,0.18274582560296793,False,False,,NOT_DETERMINABLE_FROM_CLOSE_ONLY_PANEL,True,"HISTORICAL UK RETAIL, ISA, ACCOUNT AND BROKER ELIGIBILITY REMAIN PARTLY UNRESOLVED"
DD_08,2024-11-15,DAILY_WITH_LAST_WEEKLY_SIGNAL_ASOF,2024-11-15,True,2024-03-07,2025-04-07,2025-08-14,1.3510581401378727,-0.20920584654827645,GLOBAL_GOLD_MINERS,2024-08-01,10.0,18.0,-0.1396049964379682,-0.10600304884904344,-0.11512856912406866,-0.06380419958322081,0.11235349321889121,-0.0016118488313084,157.06216912714157,-0.059598735379433276,-0.06083252225704572,0.03473874608961247,0.2821933769782473,0.8410723941372341,NOT_AVAILABLE_NO_VALIDATED_HIGH_LOW_PANEL,0.18274582560296793,False,False,,NOT_DETERMINABLE_FROM_CLOSE_ONLY_PANEL,True,"HISTORICAL UK RETAIL, ISA, ACCOUNT AND BROKER ELIGIBILITY REMAIN PARTLY UNRESOLVED"
DD_08,2024-11-18,DAILY_WITH_LAST_WEEKLY_SIGNAL_ASOF,2024-11-15,False,2024-03-07,2025-04-07,2025-08-14,1.4063683458434069,-0.17683197158410568,GLOBAL_GOLD_MINERS,2024-08-01,10.0,18.0,-0.1396049964379682,-0.10600304884904344,-0.11512856912406866,-0.06380419958322081,0.11235349321889121,-0.0016118488313084,163.4920485119718,-0.01921884686091424,-0.021525548655956572,0.07627365944410847,0.29071053906535255,0.9168844660883879,NOT_AVAILABLE_NO_VALIDATED_HIGH_LOW_PANEL,0.18274582560296793,False,False,,NOT_DETERMINABLE_FROM_CLOSE_ONLY_PANEL,True,"HISTORICAL UK RETAIL, ISA, ACCOUNT AND BROKER ELIGIBILITY REMAIN PARTLY UNRESOLVED"
DD_08,2024-11-19,DAILY_WITH_LAST_WEEKLY_SIGNAL_ASOF,2024-11-15,False,2024-03-07,2025-04-07,2025-08-14,1.4180685816657312,-0.16998365188014664,GLOBAL_GOLD_MINERS,2024-08-01,10.0,18.0,-0.1396049964379682,-0.10600304884904344,-0.11512856912406866,-0.06380419958322081,0.11235349321889121,-0.0016118488313084,164.85221530491665,-0.010063999935326695,-0.012867007883236803,0.08430815018290283,0.2906069052898418,0.9056243902119767,NOT_AVAILABLE_NO_VALIDATED_HIGH_LOW_PANEL,0.18274582560296793,False,False,,NOT_DETERMINABLE_FROM_CLOSE_ONLY_PANEL,True,"HISTORICAL UK RETAIL, ISA, ACCOUNT AND BROKER ELIGIBILITY REMAIN PARTLY UNRESOLVED"
DD_08,2024-11-20,DAILY_WITH_LAST_WEEKLY_SIGNAL_ASOF,2024-11-15,False,2024-03-07,2025-04-07,2025-08-14,1.4278542334444027,-0.16425596630956252,GLOBAL_GOLD_MINERS,2024-08-01,10.0,18.0,-0.1396049964379682,-0.10600304884904344,-0.11512856912406866,-0.06380419958322081,0.11235349321889121,-0.0016118488313084,165.98980934992508,-0.0029397352328253135,-0.005819035551554386,0.09079435903876254,0.2909292406661381,0.8827039705850701,NOT_AVAILABLE_NO_VALIDATED_HIGH_LOW_PANEL,0.18274582560296793,False,False,,NOT_DETERMINABLE_FROM_CLOSE_ONLY_PANEL,True,"HISTORICAL UK RETAIL, ISA, ACCOUNT AND BROKER ELIGIBILITY REMAIN PARTLY UNRESOLVED"
DD_08,2024-11-21,DAILY_WITH_LAST_WEEKLY_SIGNAL_ASOF,2024-11-15,False,2024-03-07,2025-04-07,2025-08-14,1.4504037788474282,-0.1510573865164775,GLOBAL_GOLD_MINERS,2024-08-01,10.0,18.0,-0.1396049964379682,-0.10600304884904344,-0.11512856912406866,-0.06380419958322081,0.11235349321889121,-0.0016118488313084,168.61122171450972,0.011628687913562974,0.009490482474713957,0.10683118906523381,0.28944450543901235,0.9023436084416908,NOT_AVAILABLE_NO_VALIDATED_HIGH_LOW_PANEL,0.18274582560296793,False,False,,NOT_DETERMINABLE_FROM_CLOSE_ONLY_PANEL,True,"HISTORICAL UK RETAIL, ISA, ACCOUNT AND BROKER ELIGIBILITY REMAIN PARTLY UNRESOLVED"
DD_08,2024-11-22,DAILY_WITH_LAST_WEEKLY_SIGNAL_ASOF,2024-11-22,True,2024-03-07,2025-04-07,2025-08-14,1.4691241561631474,-0.14010007499014276,GLOBAL_GOLD_MINERS,2024-08-01,9.0,18.0,-0.10900676817219213,-0.07781728887030359,-0.04352397275634601,-0.06357441405877118,0.1679081638399611,-0.0021080309186540516,170.7874885832215,0.022391377711522775,0.021617758902760853,0.11976758893874306,0.2904618967480576,0.9045226060710654,NOT_AVAILABLE_NO_VALIDATED_HIGH_LOW_PANEL,0.18274582560296793,False,False,,NOT_DETERMINABLE_FROM_CLOSE_ONLY_PANEL,True,"HISTORICAL UK RETAIL, ISA, ACCOUNT AND BROKER ELIGIBILITY REMAIN PARTLY UNRESOLVED"
DD_08,2024-11-25,DAILY_WITH_LAST_WEEKLY_SIGNAL_ASOF,2024-11-22,False,2024-03-07,2025-04-07,2025-08-14,1.4140266820180192,-0.17234943505060518,GLOBAL_GOLD_MINERS,2024-08-01,9.0,18.0,-0.10900676817219213,-0.07781728887030359,-0.04352397275634601,-0.06357441405877118,0.1679081638399611,-0.0021080309186540516,164.3823395037175,-0.014522879043293413,-0.01605234709304082,0.07693885812343959,0.2973791344473963,0.98493796952549,NOT_AVAILABLE_NO_VALIDATED_HIGH_LOW_PANEL,0.18274582560296793,False,False,,NOT_DETERMINABLE_FROM_CLOSE_ONLY_PANEL,True,"HISTORICAL UK RETAIL, ISA, ACCOUNT AND BROKER ELIGIBILITY REMAIN PARTLY UNRESOLVED"
DD_08,2024-11-26,DAILY_WITH_LAST_WEEKLY_SIGNAL_ASOF,2024-11-22,False,2024-03-07,2025-04-07,2025-08-14,1.4221104813134433,-0.16761786870968798,GLOBAL_GOLD_MINERS,2024-08-01,9.0,18.0,-0.10900676817219213,-0.07781728887030359,-0.04352397275634601,-0.06357441405877118,0.1679081638399611,-0.0021080309186540516,165.32209110611578,-0.00808748056462405,-0.010022437911482496,0.08220078492386729,0.2932934519709009,0.9740470362251018,NOT_AVAILABLE_NO_VALIDATED_HIGH_LOW_PANEL,0.18274582560296793,False,False,,NOT_DETERMINABLE_FROM_CLOSE_ONLY_PANEL,True,"HISTORICAL UK RETAIL, ISA, ACCOUNT AND BROKER ELIGIBILITY REMAIN PARTLY UNRESOLVED"
DD_08,2024-11-27,DAILY_WITH_LAST_WEEKLY_SIGNAL_ASOF,2024-11-22,False,2024-03-07,2025-04-07,2025-08-14,1.4238123337966908,-0.16662174948002106,GLOBAL_GOLD_MINERS,2024-08-01,9.0,18.0,-0.10900676817219213,-0.07781728887030359,-0.04352397275634601,-0.06357441405877118,0.1679081638399611,-0.0021080309186540516,165.51993354872596,-0.0062770739446436075,-0.008494089297764518,0.08259643827377139,0.2920170694116818,0.9745890328078183,NOT_AVAILABLE_NO_VALIDATED_HIGH_LOW_PANEL,0.18274582560296793,False,False,,NOT_DETERMINABLE_FROM_CLOSE_ONLY_PANEL,True,"HISTORICAL UK RETAIL, ISA, ACCOUNT AND BROKER ELIGIBILITY REMAIN PARTLY UNRESOLVED"
DD_08,2024-11-28,DAILY_WITH_LAST_WEEKLY_SIGNAL_ASOF,2024-11-22,False,2024-03-07,2025-04-07,2025-08-14,1.4240250653570965,-0.16649723457631282,GLOBAL_GOLD_MINERS,2024-08-01,9.0,18.0,-0.10900676817219213,-0.07781728887030359,-0.04352397275634601,-0.06357441405877118,0.1679081638399611,-0.0021080309186540516,165.5446638540522,-0.005574562179373466,-0.008021281768537336,0.08186730943103138,0.2920033974493924,0.9790591645483109,NOT_AVAILABLE_NO_VALIDATED_HIGH_LOW_PANEL,0.18274582560296793,False,False,,NOT_DETERMINABLE_FROM_CLOSE_ONLY_PANEL,True,"HISTORICAL UK RETAIL, ISA, ACCOUNT AND BROKER ELIGIBILITY REMAIN PARTLY UNRESOLVED"
DD_08,2024-11-29,DAILY_WITH_LAST_WEEKLY_SIGNAL_ASOF,2024-11-29,True,2024-03-07,2025-04-07,2025-08-14,1.422748675994661,-0.16724432399856293,GLOBAL_GOLD_MINERS,2024-08-01,7.0,19.0,-0.09571809168062873,-0.08073570966103194,-0.03127418124155745,0.03303145769640037,0.03637503150780197,-0.0028264638015097383,165.3962820220946,-0.005881539605416375,-0.008563981531925835,0.08002823452159347,0.28404816451027676,0.9621242709302495,NOT_AVAILABLE_NO_VALIDATED_HIGH_LOW_PANEL,0.18274582560296793,False,False,,NOT_DETERMINABLE_FROM_CLOSE_ONLY_PANEL,True,"HISTORICAL UK RETAIL, ISA, ACCOUNT AND BROKER ELIGIBILITY REMAIN PARTLY UNRESOLVED"
DD_08,2024-12-02,DAILY_WITH_LAST_WEEKLY_SIGNAL_ASOF,2024-11-29,False,2024-03-07,2025-04-07,2025-08-14,1.392023846459298,-0.18522801754996443,GLOBAL_SOFTWARE,2024-12-02,1.0,1.0,0.10417874080478651,0.17069022951168633,0.19640373865513783,0.2237576809706201,0.15611895501935713,0.00435857836948881,260.13492012982886,0.04644510661823564,0.11546662735955637,0.25590802711237726,0.22432256073833767,1.6538711937144788,NOT_AVAILABLE_NO_VALIDATED_HIGH_LOW_PANEL,0.0,True,False,,NOT_DETERMINABLE_FROM_CLOSE_ONLY_PANEL,True,"HISTORICAL UK RETAIL, ISA, ACCOUNT AND BROKER ELIGIBILITY REMAIN PARTLY UNRESOLVED"
DD_08,2024-12-03,DAILY_WITH_LAST_WEEKLY_SIGNAL_ASOF,2024-11-29,False,2024-03-07,2025-04-07,2025-08-14,1.3944077405082804,-0.18383268938430064,GLOBAL_SOFTWARE,2024-12-02,1.0,1.0,0.10417874080478651,0.17069022951168633,0.19640373865513783,0.2237576809706201,0.15611895501935713,0.00435857836948881,260.58041112454663,0.04366052526052733,0.11225716911462746,0.2548367113683818,0.22311221126887823,1.6357158246904373,NOT_AVAILABLE_NO_VALIDATED_HIGH_LOW_PANEL,0.0017125382262996869,True,False,,NOT_DETERMINABLE_FROM_CLOSE_ONLY_PANEL,True,"HISTORICAL UK RETAIL, ISA, ACCOUNT AND BROKER ELIGIBILITY REMAIN PARTLY UNRESOLVED"
DD_08,2024-12-04,DAILY_WITH_LAST_WEEKLY_SIGNAL_ASOF,2024-11-29,False,2024-03-07,2025-04-07,2025-08-14,1.4385949194876306,-0.15796928517074904,GLOBAL_SOFTWARE,2024-12-02,1.0,1.0,0.10417874080478651,0.17069022951168633,0.19640373865513783,0.2237576809706201,0.15611895501935713,0.00435857836948881,268.8379049194935,0.06927397142434089,0.14090382647069766,0.2908172030576224,0.2266242207544341,1.6758064269586035,NOT_AVAILABLE_NO_VALIDATED_HIGH_LOW_PANEL,0.033455657492354796,True,False,,NOT_DETERMINABLE_FROM_CLOSE_ONLY_PANEL,True,"HISTORICAL UK RETAIL, ISA, ACCOUNT AND BROKER ELIGIBILITY REMAIN PARTLY UNRESOLVED"
DD_08,2024-12-05,DAILY_WITH_LAST_WEEKLY_SIGNAL_ASOF,2024-11-29,False,2024-03-07,2025-04-07,2025-08-14,1.4345082439750896,-0.1603612763118868,GLOBAL_SOFTWARE,2024-12-02,1.0,1.0,0.10417874080478651,0.17069022951168633,0.19640373865513783,0.2237576809706201,0.15611895501935713,0.00435857836948881,268.0742060714059,0.059854532667117155,0.13155407235461491,0.28348313570217765,0.22692536799894616,1.428993212698361,NOT_AVAILABLE_NO_VALIDATED_HIGH_LOW_PANEL,0.033455657492354796,True,False,,NOT_DETERMINABLE_FROM_CLOSE_ONLY_PANEL,True,"HISTORICAL UK RETAIL, ISA, ACCOUNT AND BROKER ELIGIBILITY REMAIN PARTLY UNRESOLVED"
DD_08,2024-12-06,DAILY_WITH_LAST_WEEKLY_SIGNAL_ASOF,2024-12-06,True,2024-03-07,2025-04-07,2025-08-14,1.4660097010509268,-0.1419230112656169,GLOBAL_SOFTWARE,2024-12-02,1.0,1.0,0.09342625868362076,0.2064534887310734,0.2635351144994209,0.2741610340728111,0.22346182778964963,0.004533660134673193,273.96105135874757,0.07500470890981603,0.14935323895169206,0.3076129805359533,0.22932588179426294,1.3947882594213823,NOT_AVAILABLE_NO_VALIDATED_HIGH_LOW_PANEL,0.053149847094801084,True,False,,NOT_DETERMINABLE_FROM_CLOSE_ONLY_PANEL,True,"HISTORICAL UK RETAIL, ISA, ACCOUNT AND BROKER ELIGIBILITY REMAIN PARTLY UNRESOLVED"
DD_08,2024-12-09,DAILY_WITH_LAST_WEEKLY_SIGNAL_ASOF,2024-12-06,False,2024-03-07,2025-04-07,2025-08-14,1.4401274228048335,-0.1570722884928224,GLOBAL_SOFTWARE,2024-12-02,1.0,1.0,0.09342625868362076,0.2064534887310734,0.2635351144994209,0.2741610340728111,0.22346182778964963,0.004533660134673193,269.1242919875263,0.05067425950327609,0.12337583437408162,0.28090080401752027,0.23355985298792875,1.435660870059488,NOT_AVAILABLE_NO_VALIDATED_HIGH_LOW_PANEL,0.053149847094801084,True,False,,NOT_DETERMINABLE_FROM_CLOSE_ONLY_PANEL,True,"HISTORICAL UK RETAIL, ISA, ACCOUNT AND BROKER ELIGIBILITY REMAIN PARTLY UNRESOLVED"
DD_08,2024-12-10,DAILY_WITH_LAST_WEEKLY_SIGNAL_ASOF,2024-12-06,False,2024-03-07,2025-04-07,2025-08-14,1.4216522439252204,-0.16788608177671605,GLOBAL_SOFTWARE,2024-12-02,1.0,1.0,0.09342625868362076,0.2064534887310734,0.2635351144994209,0.2741610340728111,0.22346182778964963,0.004533660134673193,265.6717367784637,0.0336999716155888,0.10424565493534743,0.26114957222334567,0.23205261627815163,1.4441526926564912,NOT_AVAILABLE_NO_VALIDATED_HIGH_LOW_PANEL,0.053149847094801084,True,False,,NOT_DETERMINABLE_FROM_CLOSE_ONLY_PANEL,True,"HISTORICAL UK RETAIL, ISA, ACCOUNT AND BROKER ELIGIBILITY REMAIN PARTLY UNRESOLVED"
DD_08,2024-12-11,DAILY_WITH_LAST_WEEKLY_SIGNAL_ASOF,2024-12-06,False,2024-03-07,2025-04-07,2025-08-14,1.4221630783642882,-0.16758708288407376,GLOBAL_SOFTWARE,2024-12-02,1.0,1.0,0.09342625868362076,0.2064534887310734,0.2635351144994209,0.2741610340728111,0.22346182778964963,0.004533660134673193,265.76719913447465,0.03087836217339346,0.10012792496740763,0.2583272927299243,0.23161271076408066,1.4304339522243257,NOT_AVAILABLE_NO_VALIDATED_HIGH_LOW_PANEL,0.053149847094801084,True,False,,NOT_DETERMINABLE_FROM_CLOSE_ONLY_PANEL,True,"HISTORICAL UK RETAIL, ISA, ACCOUNT AND BROKER ELIGIBILITY REMAIN PARTLY UNRESOLVED"
DD_08,2024-12-12,DAILY_WITH_LAST_WEEKLY_SIGNAL_ASOF,2024-12-06,False,2024-03-07,2025-04-07,2025-08-14,1.4362961645118264,-0.1593147801876389,GLOBAL_SOFTWARE,2024-12-02,1.0,1.0,0.09342625868362076,0.2064534887310734,0.2635351144994209,0.2741610340728111,0.22346182778964963,0.004533660134673193,268.4083243174442,0.037245271965592464,0.10624266669679261,0.2674167261266567,0.23139199528319912,1.4111042549288593,NOT_AVAILABLE_NO_VALIDATED_HIGH_LOW_PANEL,0.053149847094801084,True,False,,NOT_DETERMINABLE_FROM_CLOSE_ONLY_PANEL,True,"HISTORICAL UK RETAIL, ISA, ACCOUNT AND BROKER ELIGIBILITY REMAIN PARTLY UNRESOLVED"
DD_08,2024-12-13,DAILY_WITH_LAST_WEEKLY_SIGNAL_ASOF,2024-12-13,True,2024-03-07,2025-04-07,2025-08-14,1.4237807207546689,-0.1666402530573735,GLOBAL_SOFTWARE,2024-12-02,1.0,2.0,0.04095996124525669,0.15696290397175194,0.19943496960717222,0.2502089616308403,0.16615440211884325,0.004546689125323102,266.06949659517596,0.025577172305538687,0.09246455755416672,0.25317602699020303,0.23246483040686436,1.380580756386988,NOT_AVAILABLE_NO_VALIDATED_HIGH_LOW_PANEL,0.053149847094801084,True,False,,NOT_DETERMINABLE_FROM_CLOSE_ONLY_PANEL,True,"HISTORICAL UK RETAIL, ISA, ACCOUNT AND BROKER ELIGIBILITY REMAIN PARTLY UNRESOLVED"
DD_08,2024-12-16,DAILY_WITH_LAST_WEEKLY_SIGNAL_ASOF,2024-12-13,False,2024-03-07,2025-04-07,2025-08-14,1.433316296950598,-0.1610589403947189,GLOBAL_SOFTWARE,2024-12-02,1.0,2.0,0.04095996124525669,0.15696290397175194,0.19943496960717222,0.2502089616308403,0.16615440211884325,0.004546689125323102,267.85146057404694,0.02940946668571298,0.09549453241434724,0.2582940690660094,0.22967316541671423,1.2758979404073594,NOT_AVAILABLE_NO_VALIDATED_HIGH_LOW_PANEL,0.053149847094801084,True,False,,NOT_DETERMINABLE_FROM_CLOSE_ONLY_PANEL,True,"HISTORICAL UK RETAIL, ISA, ACCOUNT AND BROKER ELIGIBILITY REMAIN PARTLY UNRESOLVED"
DD_08,2024-12-17,DAILY_WITH_LAST_WEEKLY_SIGNAL_ASOF,2024-12-13,False,2024-03-07,2025-04-07,2025-08-14,1.4271011446086084,-0.1646967602551992,GLOBAL_SOFTWARE,2024-12-02,1.0,2.0,0.04095996124525669,0.15696290397175194,0.19943496960717222,0.2502089616308403,0.16615440211884325,0.004546689125323102,266.6900019092471,0.0226266300876794,0.08687648797773329,0.24969386966601959,0.2278485181777893,1.2842725117773126,NOT_AVAILABLE_NO_VALIDATED_HIGH_LOW_PANEL,0.053149847094801084,True,False,,NOT_DETERMINABLE_FROM_CLOSE_ONLY_PANEL,True,"HISTORICAL UK RETAIL, ISA, ACCOUNT AND BROKER ELIGIBILITY REMAIN PARTLY UNRESOLVED"
DD_08,2024-12-18,DAILY_WITH_LAST_WEEKLY_SIGNAL_ASOF,2024-12-13,False,2024-03-07,2025-04-07,2025-08-14,1.4215671048520424,-0.16793591492548976,GLOBAL_SOFTWARE,2024-12-02,1.0,2.0,0.04095996124525669,0.15696290397175194,0.19943496960717222,0.2502089616308403,0.16615440211884325,0.004546689125323102,265.6558263857952,0.01693587734583546,0.0791635199690699,0.24182233596433989,0.22733628280273743,1.2847145397642812,NOT_AVAILABLE_NO_VALIDATED_HIGH_LOW_PANEL,0.053149847094801084,True,False,,NOT_DETERMINABLE_FROM_CLOSE_ONLY_PANEL,True,"HISTORICAL UK RETAIL, ISA, ACCOUNT AND BROKER ELIGIBILITY REMAIN PARTLY UNRESOLVED"
DD_08,2024-12-19,DAILY_WITH_LAST_WEEKLY_SIGNAL_ASOF,2024-12-13,False,2024-03-07,2025-04-07,2025-08-14,1.380615210653454,-0.19190565948564065,GLOBAL_SOFTWARE,2024-12-02,1.0,2.0,0.04095996124525669,0.15696290397175194,0.19943496960717222,0.2502089616308403,0.16615440211884325,0.004546689125323102,258.002927512251,-0.011248615602149181,0.04610321076165502,0.20358083025823293,0.2368129131871711,1.390191167996117,NOT_AVAILABLE_NO_VALIDATED_HIGH_LOW_PANEL,0.053149847094801084,True,False,,NOT_DETERMINABLE_FROM_CLOSE_ONLY_PANEL,True,"HISTORICAL UK RETAIL, ISA, ACCOUNT AND BROKER ELIGIBILITY REMAIN PARTLY UNRESOLVED"
DD_08,2024-12-20,DAILY_WITH_LAST_WEEKLY_SIGNAL_ASOF,2024-12-20,True,2024-03-07,2025-04-07,2025-08-14,1.4045392902164548,-0.17790254468023026,GLOBAL_SOFTWARE,2024-12-02,1.0,2.0,0.022196502376978122,0.16231776683192645,0.18751872202306163,0.23721269992629646,0.1653249955307119,0.0038604887964320523,262.473747852097,0.00534716327212692,0.06155677520696212,0.22170883121585883,0.2383464742718924,1.2565277819262268,NOT_AVAILABLE_NO_VALIDATED_HIGH_LOW_PANEL,0.053149847094801084,True,False,,NOT_DETERMINABLE_FROM_CLOSE_ONLY_PANEL,True,"HISTORICAL UK RETAIL, ISA, ACCOUNT AND BROKER ELIGIBILITY REMAIN PARTLY UNRESOLVED"
DD_08,2024-12-23,DAILY_WITH_LAST_WEEKLY_SIGNAL_ASOF,2024-12-20,False,2024-03-07,2025-04-07,2025-08-14,1.4027513696797183,-0.17894904080447793,GLOBAL_SOFTWARE,2024-12-02,1.0,2.0,0.022196502376978122,0.16231776683192645,0.18751872202306163,0.23721269992629646,0.1653249955307119,0.0038604887964320523,262.1396296060587,0.0036962676501299807,0.05770820994283343,0.21748664010566543,0.23828235580782733,1.2344570512554378,NOT_AVAILABLE_NO_VALIDATED_HIGH_LOW_PANEL,0.053149847094801084,True,False,,NOT_DETERMINABLE_FROM_CLOSE_ONLY_PANEL,True,"HISTORICAL UK RETAIL, ISA, ACCOUNT AND BROKER ELIGIBILITY REMAIN PARTLY UNRESOLVED"
DD_08,2024-12-24,DAILY_WITH_LAST_WEEKLY_SIGNAL_ASOF,2024-12-20,False,2024-03-07,2025-04-07,2025-08-14,1.4035176213383196,-0.1785005424655146,GLOBAL_SOFTWARE,2024-12-02,1.0,2.0,0.022196502376978122,0.16231776683192645,0.18751872202306163,0.23721269992629646,0.1653249955307119,0.0038604887964320523,262.2828231400751,0.0038571805713116802,0.055872548033735425,0.21551322077951585,0.23756215286153812,1.1990493695739541,NOT_AVAILABLE_NO_VALIDATED_HIGH_LOW_PANEL,0.053149847094801084,True,False,,NOT_DETERMINABLE_FROM_CLOSE_ONLY_PANEL,True,"HISTORICAL UK RETAIL, ISA, ACCOUNT AND BROKER ELIGIBILITY REMAIN PARTLY UNRESOLVED"
DD_08,2024-12-27,DAILY_WITH_LAST_WEEKLY_SIGNAL_ASOF,2024-12-27,True,2024-03-07,2025-04-07,2025-08-14,1.3795084027021407,-0.19255349041969883,GLOBAL_SOFTWARE,2024-12-02,1.0,2.0,-0.016914912386933323,0.13162013993217836,0.17389219039560122,0.1769945293566526,0.13726576621583608,0.003076575927088879,257.7960924075606,-0.012119454478054514,0.03627376380155778,0.1924097821048938,0.24133411235645846,1.2311211224303147,NOT_AVAILABLE_NO_VALIDATED_HIGH_LOW_PANEL,0.053149847094801084,True,False,,NOT_DETERMINABLE_FROM_CLOSE_ONLY_PANEL,True,"HISTORICAL UK RETAIL, ISA, ACCOUNT AND BROKER ELIGIBILITY REMAIN PARTLY UNRESOLVED"
DD_08,2024-12-30,DAILY_WITH_LAST_WEEKLY_SIGNAL_ASOF,2024-12-27,False,2024-03-07,2025-04-07,2025-08-14,1.3728675549942615,-0.19644047602404757,GLOBAL_SOFTWARE,2024-12-02,1.0,2.0,-0.016914912386933323,0.13162013993217836,0.17389219039560122,0.1769945293566526,0.13726576621583608,0.003076575927088879,256.5550817794183,-0.015364512154385945,0.03002151736884584,0.18446956828064875,0.24139809881343846,1.0582412013601243,NOT_AVAILABLE_NO_VALIDATED_HIGH_LOW_PANEL,0.053149847094801084,True,False,,NOT_DETERMINABLE_FROM_CLOSE_ONLY_PANEL,True,"HISTORICAL UK RETAIL, ISA, ACCOUNT AND BROKER ELIGIBILITY REMAIN PARTLY UNRESOLVED"
DD_08,2024-12-31,DAILY_WITH_LAST_WEEKLY_SIGNAL_ASOF,2024-12-27,False,2024-03-07,2025-04-07,2025-08-14,1.3785718728971836,-0.19310165505620935,GLOBAL_SOFTWARE,2024-12-02,1.0,2.0,-0.016914912386933323,0.13162013993217836,0.17389219039560122,0.1769945293566526,0.13726576621583608,0.003076575927088879,257.62107808820724,-0.010258980735329049,0.03291187643270277,0.18715390746653093,0.2400605543447907,1.0485071774113515,NOT_AVAILABLE_NO_VALIDATED_HIGH_LOW_PANEL,0.053149847094801084,True,False,,NOT_DETERMINABLE_FROM_CLOSE_ONLY_PANEL,True,"HISTORICAL UK RETAIL, ISA, ACCOUNT AND BROKER ELIGIBILITY REMAIN PARTLY UNRESOLVED"
DD_08,2025-01-02,DAILY_WITH_LAST_WEEKLY_SIGNAL_ASOF,2024-12-27,False,2024-03-07,2025-04-07,2025-08-14,1.3910021775811625,-0.1858260153352489,GLOBAL_SOFTWARE,2024-12-02,1.0,2.0,-0.016914912386933323,0.13162013993217836,0.17389219039560122,0.1769945293566526,0.13726576621583608,0.003076575927088879,259.9439954178069,-0.001213497674003361,0.04050246719971651,0.19550459882514692,0.23995857390293093,1.0580936630304856,NOT_AVAILABLE_NO_VALIDATED_HIGH_LOW_PANEL,0.053149847094801084,True,False,,NOT_DETERMINABLE_FROM_CLOSE_ONLY_PANEL,True,"HISTORICAL UK RETAIL, ISA, ACCOUNT AND BROKER ELIGIBILITY REMAIN PARTLY UNRESOLVED"
DD_08,2025-01-03,DAILY_WITH_LAST_WEEKLY_SIGNAL_ASOF,2025-01-03,True,2024-03-07,2025-04-07,2025-08-14,1.395514548459593,-0.1831848584502429,GLOBAL_SOFTWARE,2024-12-02,1.0,2.0,0.008602965346983904,0.10520319485532359,0.1816383307803915,0.18440222532831707,0.19186591405152575,0.0019061124803506206,260.78724622923687,0.0018419669122777815,0.04208471291205029,0.1970080270809329,0.23969802367024462,1.03061817604182,NOT_AVAILABLE_NO_VALIDATED_HIGH_LOW_PANEL,0.053149847094801084,True,False,,NOT_DETERMINABLE_FROM_CLOSE_ONLY_PANEL,True,"HISTORICAL UK RETAIL, ISA, ACCOUNT AND BROKER ELIGIBILITY REMAIN PARTLY UNRESOLVED"
DD_08,2025-01-06,DAILY_WITH_LAST_WEEKLY_SIGNAL_ASOF,2025-01-03,False,2024-03-07,2025-04-07,2025-08-14,1.4160330650954762,-0.17117506959578055,GLOBAL_SOFTWARE,2024-12-02,1.0,2.0,0.008602965346983904,0.10520319485532359,0.1816383307803915,0.18440222532831707,0.19186591405152575,0.0019061124803506206,264.62165086234324,0.015043009855393086,0.05503155140347116,0.2120197155787682,0.23978139550717778,1.0409604460379864,NOT_AVAILABLE_NO_VALIDATED_HIGH_LOW_PANEL,0.053149847094801084,True,False,,NOT_DETERMINABLE_FROM_CLOSE_ONLY_PANEL,True,"HISTORICAL UK RETAIL, ISA, ACCOUNT AND BROKER ELIGIBILITY REMAIN PARTLY UNRESOLVED"
DD_08,2025-01-07,DAILY_WITH_LAST_WEEKLY_SIGNAL_ASOF,2025-01-03,False,2024-03-07,2025-04-07,2025-08-14,1.3978133034353977,-0.18183936343335272,GLOBAL_SOFTWARE,2024-12-02,1.0,2.0,0.008602965346983904,0.10520319485532359,0.1816383307803915,0.18440222532831707,0.19186591405152575,0.0019061124803506206,261.2168268312862,0.0018021225841715616,0.03976630704997475,0.19409112159461794,0.24210887615577206,0.9136613377118135,NOT_AVAILABLE_NO_VALIDATED_HIGH_LOW_PANEL,0.053149847094801084,True,False,,NOT_DETERMINABLE_FROM_CLOSE_ONLY_PANEL,True,"HISTORICAL UK RETAIL, ISA, ACCOUNT AND BROKER ELIGIBILITY REMAIN PARTLY UNRESOLVED"
DD_08,2025-01-08,DAILY_WITH_LAST_WEEKLY_SIGNAL_ASOF,2025-01-03,False,2024-03-07,2025-04-07,2025-08-14,1.390065647776205,-0.18637417997175976,GLOBAL_SOFTWARE,2024-12-02,1.0,2.0,0.008602965346983904,0.10520319485532359,0.1816383307803915,0.18440222532831707,0.19186591405152575,0.0019061124803506206,259.7689810984535,-0.0034107657312514306,0.03262623296058775,0.18526164993947902,0.2427685040583289,0.9158979618528964,NOT_AVAILABLE_NO_VALIDATED_HIGH_LOW_PANEL,0.053149847094801084,True,False,,NOT_DETERMINABLE_FROM_CLOSE_ONLY_PANEL,True,"HISTORICAL UK RETAIL, ISA, ACCOUNT AND BROKER ELIGIBILITY REMAIN PARTLY UNRESOLVED"
DD_08,2025-01-09,DAILY_WITH_LAST_WEEKLY_SIGNAL_ASOF,2025-01-03,False,2024-03-07,2025-04-07,2025-08-14,1.4021553961674724,-0.17929787284589394,GLOBAL_SOFTWARE,2024-12-02,1.0,2.0,0.008602965346983904,0.10520319485532359,0.1816383307803915,0.18440222532831707,0.19186591405152575,0.0019061124803506206,262.02825685737923,0.004776644495190885,0.03991046472135662,0.1932481395297121,0.2426001013764679,0.8472824644701545,NOT_AVAILABLE_NO_VALIDATED_HIGH_LOW_PANEL,0.053149847094801084,True,False,,NOT_DETERMINABLE_FROM_CLOSE_ONLY_PANEL,True,"HISTORICAL UK RETAIL, ISA, ACCOUNT AND BROKER ELIGIBILITY REMAIN PARTLY UNRESOLVED"
DD_08,2025-01-10,DAILY_WITH_LAST_WEEKLY_SIGNAL_ASOF,2025-01-10,True,2024-03-07,2025-04-07,2025-08-14,1.3839356345073939,-0.1899621666834661,GLOBAL_SOFTWARE,2024-12-02,2.0,7.0,-0.03978828724318895,0.036948311036731685,0.1283283645110933,0.20716496461755107,0.1427485962472983,0.0007273012070718076,258.6234328263222,-0.007532518609235983,0.025336319266574536,0.17566367887902867,0.24337013993161355,0.8273768669053303,NOT_AVAILABLE_NO_VALIDATED_HIGH_LOW_PANEL,0.053149847094801084,False,False,,NOT_DETERMINABLE_FROM_CLOSE_ONLY_PANEL,True,"HISTORICAL UK RETAIL, ISA, ACCOUNT AND BROKER ELIGIBILITY REMAIN PARTLY UNRESOLVED"
DD_08,2025-01-13,DAILY_WITH_LAST_WEEKLY_SIGNAL_ASOF,2025-01-10,False,2024-03-07,2025-04-07,2025-08-14,1.373633806652863,-0.19599197768508425,GLOBAL_SOFTWARE,2024-12-02,2.0,7.0,-0.03978828724318895,0.036948311036731685,0.1283283645110933,0.20716496461755107,0.1427485962472983,0.0007273012070718076,256.69827531343475,-0.013582342066233322,0.01699778585376932,0.1649773837250228,0.24399367851631476,0.812577464727554,NOT_AVAILABLE_NO_VALIDATED_HIGH_LOW_PANEL,0.053149847094801084,False,False,,NOT_DETERMINABLE_FROM_CLOSE_ONLY_PANEL,True,"HISTORICAL UK RETAIL, ISA, ACCOUNT AND BROKER ELIGIBILITY REMAIN PARTLY UNRESOLVED"
DD_08,2025-01-14,DAILY_WITH_LAST_WEEKLY_SIGNAL_ASOF,2025-01-10,False,2024-03-07,2025-04-07,2025-08-14,1.3918535683129418,-0.18532768384751197,GLOBAL_SOFTWARE,2024-12-02,2.0,7.0,-0.03978828724318895,0.036948311036731685,0.1283283645110933,0.20716496461755107,0.1427485962472983,0.0007273012070718076,260.1030993444918,-0.00045327725305188693,0.029256604476762593,0.17831409488148875,0.24489879748623464,0.8461759453542488,NOT_AVAILABLE_NO_VALIDATED_HIGH_LOW_PANEL,0.053149847094801084,False,False,,NOT_DETERMINABLE_FROM_CLOSE_ONLY_PANEL,True,"HISTORICAL UK RETAIL, ISA, ACCOUNT AND BROKER ELIGIBILITY REMAIN PARTLY UNRESOLVED"
DD_08,2025-01-15,DAILY_WITH_LAST_WEEKLY_SIGNAL_ASOF,2025-01-10,False,2024-03-07,2025-04-07,2025-08-14,1.4183318200712807,-0.16982957457889059,GLOBAL_SOFTWARE,2024-12-02,2.0,7.0,-0.03978828724318895,0.036948311036731685,0.1283283645110933,0.20716496461755107,0.1427485962472983,0.0007273012070718076,265.0512314643925,0.016845967551560204,0.04683204379485972,0.19833657446601083,0.24627701306023617,0.888794238320346,NOT_AVAILABLE_NO_VALIDATED_HIGH_LOW_PANEL,0.053149847094801084,False,False,,NOT_DETERMINABLE_FROM_CLOSE_ONLY_PANEL,True,"HISTORICAL UK RETAIL, ISA, ACCOUNT AND BROKER ELIGIBILITY REMAIN PARTLY UNRESOLVED"
DD_08,2025-01-16,DAILY_WITH_LAST_WEEKLY_SIGNAL_ASOF,2025-01-10,False,2024-03-07,2025-04-07,2025-08-14,1.4334865750969539,-0.16095927409717148,GLOBAL_SOFTWARE,2024-12-02,2.0,7.0,-0.03978828724318895,0.036948311036731685,0.1283283645110933,0.20716496461755107,0.1427485962472983,0.0007273012070718076,267.88328135938394,0.02512840665263183,0.055615628718588495,0.20860154499850814,0.246720952579116,0.8949111372107885,NOT_AVAILABLE_NO_VALIDATED_HIGH_LOW_PANEL,0.053149847094801084,False,False,,NOT_DETERMINABLE_FROM_CLOSE_ONLY_PANEL,True,"HISTORICAL UK RETAIL, ISA, ACCOUNT AND BROKER ELIGIBILITY REMAIN PARTLY UNRESOLVED"
DD_08,2025-01-17,DAILY_WITH_LAST_WEEKLY_SIGNAL_ASOF,2025-01-17,True,2024-03-07,2025-04-07,2025-08-14,1.4398720055852992,-0.15722178793914388,GLOBAL_SOFTWARE,2024-12-02,2.0,11.0,-0.02462179573660417,0.04352553842850271,0.14272471018619703,0.22684849046233824,0.13826107747908756,0.00016764795067249498,269.07656080952074,0.026922608718771057,0.05781567930776044,0.21140589764391504,0.24668739357532346,0.891398471030618,NOT_AVAILABLE_NO_VALIDATED_HIGH_LOW_PANEL,0.053149847094801084,False,False,,NOT_DETERMINABLE_FROM_CLOSE_ONLY_PANEL,True,"HISTORICAL UK RETAIL, ISA, ACCOUNT AND BROKER ELIGIBILITY REMAIN PARTLY UNRESOLVED"
DD_08,2025-01-20,DAILY_WITH_LAST_WEEKLY_SIGNAL_ASOF,2025-01-17,False,2024-03-07,2025-04-07,2025-08-14,1.431528376413861,-0.1621054365189667,GLOBAL_SOFTWARE,2024-12-02,2.0,11.0,-0.02462179573660417,0.04352553842850271,0.14272471018619703,0.22684849046233824,0.13826107747908756,0.00016764795067249498,267.5173423280086,0.019029082399836472,0.049558602247671946,0.2019417807170394,0.24735795855173986,0.893721294296704,NOT_AVAILABLE_NO_VALIDATED_HIGH_LOW_PANEL,0.053149847094801084,False,False,,NOT_DETERMINABLE_FROM_CLOSE_ONLY_PANEL,True,"HISTORICAL UK RETAIL, ISA, ACCOUNT AND BROKER ELIGIBILITY REMAIN PARTLY UNRESOLVED"
DD_08,2025-01-21,DAILY_WITH_LAST_WEEKLY_SIGNAL_ASOF,2025-01-17,False,2024-03-07,2025-04-07,2025-08-14,1.4410639526097901,-0.1565241238563121,GLOBAL_SOFTWARE,2024-12-02,2.0,11.0,-0.02462179573660417,0.04352553842850271,0.14272471018619703,0.22684849046233824,0.13826107747908756,0.00016764795067249498,269.2993063068796,0.023415002413763597,0.05421197037490422,0.2074256990433463,0.24710930624111385,0.8966215735874561,NOT_AVAILABLE_NO_VALIDATED_HIGH_LOW_PANEL,0.053149847094801084,False,False,,NOT_DETERMINABLE_FROM_CLOSE_ONLY_PANEL,True,"HISTORICAL UK RETAIL, ISA, ACCOUNT AND BROKER ELIGIBILITY REMAIN PARTLY UNRESOLVED"
DD_08,2025-01-22,DAILY_WITH_LAST_WEEKLY_SIGNAL_ASOF,2025-01-17,False,2024-03-07,2025-04-07,2025-08-14,1.4699260984171116,-0.1396306864220268,GLOBAL_SOFTWARE,2024-12-02,2.0,11.0,-0.02462179573660417,0.04352553842850271,0.14272471018619703,0.22684849046233824,0.13826107747908756,0.00016764795067249498,274.6929294214981,0.03976156630627714,0.07215898585198799,0.22877666241958972,0.2486637608124205,0.8001166823837291,NOT_AVAILABLE_NO_VALIDATED_HIGH_LOW_PANEL,0.05596330275229322,False,False,,NOT_DETERMINABLE_FROM_CLOSE_ONLY_PANEL,True,"HISTORICAL UK RETAIL, ISA, ACCOUNT AND BROKER ELIGIBILITY REMAIN PARTLY UNRESOLVED"
DD_08,2025-01-23,DAILY_WITH_LAST_WEEKLY_SIGNAL_ASOF,2025-01-17,False,2024-03-07,2025-04-07,2025-08-14,1.4667759527095279,-0.1414745129266538,GLOBAL_SOFTWARE,2024-12-02,2.0,11.0,-0.02462179573660417,0.04352553842850271,0.14272471018619703,0.22684849046233824,0.13826107747908756,0.00016764795067249498,274.1042448927639,0.034005143843218955,0.0669382345909526,0.223390463889785,0.24866575188599052,0.7668408546210536,NOT_AVAILABLE_NO_VALIDATED_HIGH_LOW_PANEL,0.05596330275229322,False,False,,NOT_DETERMINABLE_FROM_CLOSE_ONLY_PANEL,True,"HISTORICAL UK RETAIL, ISA, ACCOUNT AND BROKER ELIGIBILITY REMAIN PARTLY UNRESOLVED"
DD_08,2025-01-24,DAILY_WITH_LAST_WEEKLY_SIGNAL_ASOF,2025-01-24,True,2024-03-07,2025-04-07,2025-08-14,1.4759709726127455,-0.13609253285909384,GLOBAL_SOFTWARE,2024-12-02,1.0,5.0,0.01084389854872203,0.02562949948724702,0.17063122943307762,0.24309371715966366,0.15193262227077642,-0.00023266927938571838,275.822567300961,0.03667155394329624,0.07053574392838291,0.22823589372742048,0.24860194788786258,0.7673645449127964,NOT_AVAILABLE_NO_VALIDATED_HIGH_LOW_PANEL,0.06030581039755334,True,False,,NOT_DETERMINABLE_FROM_CLOSE_ONLY_PANEL,True,"HISTORICAL UK RETAIL, ISA, ACCOUNT AND BROKER ELIGIBILITY REMAIN PARTLY UNRESOLVED"
DD_08,2025-01-27,DAILY_WITH_LAST_WEEKLY_SIGNAL_ASOF,2025-01-24,False,2024-03-07,2025-04-07,2025-08-14,1.4266754492427187,-0.16494592599906766,GLOBAL_SOFTWARE,2024-12-02,1.0,5.0,0.01084389854872203,0.02562949948724702,0.17063122943307762,0.24309371715966366,0.15193262227077642,-0.00023266927938571838,266.61044994590463,0.0018615293464552263,0.03337174533813325,0.1850069355762265,0.25956142032555524,0.9576913666940515,NOT_AVAILABLE_NO_VALIDATED_HIGH_LOW_PANEL,0.06030581039755334,True,False,,NOT_DETERMINABLE_FROM_CLOSE_ONLY_PANEL,True,"HISTORICAL UK RETAIL, ISA, ACCOUNT AND BROKER ELIGIBILITY REMAIN PARTLY UNRESOLVED"
DD_08,2025-01-28,DAILY_WITH_LAST_WEEKLY_SIGNAL_ASOF,2025-01-24,False,2024-03-07,2025-04-07,2025-08-14,1.4712031845147808,-0.1388831891904212,GLOBAL_SOFTWARE,2024-12-02,1.0,5.0,0.01084389854872203,0.02562949948724702,0.17063122943307762,0.24309371715966366,0.15193262227077642,-0.00023266927938571838,274.9315853115255,0.03002816525970231,0.06288880285085963,0.21929871505979182,0.2654753295348715,1.023392114123564,NOT_AVAILABLE_NO_VALIDATED_HIGH_LOW_PANEL,0.06030581039755334,True,False,,NOT_DETERMINABLE_FROM_CLOSE_ONLY_PANEL,True,"HISTORICAL UK RETAIL, ISA, ACCOUNT AND BROKER ELIGIBILITY REMAIN PARTLY UNRESOLVED"
DD_08,2025-01-29,DAILY_WITH_LAST_WEEKLY_SIGNAL_ASOF,2025-01-24,False,2024-03-07,2025-04-07,2025-08-14,1.4632001116360547,-0.14356750517514916,GLOBAL_SOFTWARE,2024-12-02,1.0,5.0,0.01084389854872203,0.02562949948724702,0.17063122943307762,0.24309371715966366,0.15193262227077642,-0.00023266927938571838,273.43600840068734,0.022155353027910385,0.05474479873194582,0.21010527728405615,0.2660958606800916,1.0173068337576323,NOT_AVAILABLE_NO_VALIDATED_HIGH_LOW_PANEL,0.06030581039755334,True,False,,NOT_DETERMINABLE_FROM_CLOSE_ONLY_PANEL,True,"HISTORICAL UK RETAIL, ISA, ACCOUNT AND BROKER ELIGIBILITY REMAIN PARTLY UNRESOLVED"
DD_08,2025-01-30,DAILY_WITH_LAST_WEEKLY_SIGNAL_ASOF,2025-01-24,False,2024-03-07,2025-04-07,2025-08-14,1.4678827606608411,-0.14082668199259563,GLOBAL_SOFTWARE,2024-12-02,1.0,5.0,0.01084389854872203,0.02562949948724702,0.17063122943307762,0.24309371715966366,0.15193262227077642,-0.00023266927938571838,274.3110799974543,0.023061725149979395,0.05571406516301369,0.2113987221224296,0.26563822225716704,1.0145610483182719,NOT_AVAILABLE_NO_VALIDATED_HIGH_LOW_PANEL,0.06030581039755334,True,False,,NOT_DETERMINABLE_FROM_CLOSE_ONLY_PANEL,True,"HISTORICAL UK RETAIL, ISA, ACCOUNT AND BROKER ELIGIBILITY REMAIN PARTLY UNRESOLVED"
DD_08,2025-01-31,DAILY_WITH_LAST_WEEKLY_SIGNAL_ASOF,2025-01-31,True,2024-03-07,2025-04-07,2025-08-14,1.501427555492949,-0.12119242137575681,GLOBAL_SOFTWARE,2024-12-02,1.0,2.0,0.04190184519683737,0.049873870141529775,0.15924840793672201,0.2984368433392057,0.16956886005895466,-0.00011362314066689807,280.5797747088398,0.04204181691474984,0.07646937877920124,0.23614152368024577,0.2672934976213946,1.0552124319228502,NOT_AVAILABLE_NO_VALIDATED_HIGH_LOW_PANEL,0.07859327217125367,True,False,,NOT_DETERMINABLE_FROM_CLOSE_ONLY_PANEL,True,"HISTORICAL UK RETAIL, ISA, ACCOUNT AND BROKER ELIGIBILITY REMAIN PARTLY UNRESOLVED"
DD_08,2025-02-03,DAILY_WITH_LAST_WEEKLY_SIGNAL_ASOF,2025-01-31,False,2024-03-07,2025-04-07,2025-08-14,1.4625189990506309,-0.14396617036533899,GLOBAL_SOFTWARE,2024-12-02,1.0,2.0,0.04190184519683737,0.049873870141529775,0.15924840793672201,0.2984368433392057,0.16956886005895466,-0.00011362314066689807,273.3087252593394,0.013652204152225345,0.04657978373975058,0.20166719622247165,0.2734055762325922,1.149434261419083,NOT_AVAILABLE_NO_VALIDATED_HIGH_LOW_PANEL,0.07859327217125367,True,False,,NOT_DETERMINABLE_FROM_CLOSE_ONLY_PANEL,True,"HISTORICAL UK RETAIL, ISA, ACCOUNT AND BROKER ELIGIBILITY REMAIN PARTLY UNRESOLVED"
DD_08,2025-02-04,DAILY_WITH_LAST_WEEKLY_SIGNAL_ASOF,2025-01-31,False,2024-03-07,2025-04-07,2025-08-14,1.4772480587104142,-0.13534503562748845,GLOBAL_SOFTWARE,2024-12-02,1.0,2.0,0.04190184519683737,0.049873870141529775,0.15924840793672201,0.2984368433392057,0.16956886005895466,-0.00011362314066689807,276.0612231909883,0.021644610245221907,0.05475725822813815,0.21119293566707142,0.27318824028482835,1.138827796429365,NOT_AVAILABLE_NO_VALIDATED_HIGH_LOW_PANEL,0.07859327217125367,True,False,,NOT_DETERMINABLE_FROM_CLOSE_ONLY_PANEL,True,"HISTORICAL UK RETAIL, ISA, ACCOUNT AND BROKER ELIGIBILITY REMAIN PARTLY UNRESOLVED"
DD_08,2025-02-05,DAILY_WITH_LAST_WEEKLY_SIGNAL_ASOF,2025-01-31,False,2024-03-07,2025-04-07,2025-08-14,1.477503475929948,-0.13519553618116742,GLOBAL_SOFTWARE,2024-12-02,1.0,2.0,0.04190184519683737,0.049873870141529775,0.15924840793672201,0.2984368433392057,0.16956886005895466,-0.00011362314066689807,276.10895436899375,0.01979822826852584,0.05267165052108602,0.20885950855568058,0.2731172640876003,1.1125067014509538,NOT_AVAILABLE_NO_VALIDATED_HIGH_LOW_PANEL,0.07859327217125367,True,False,,NOT_DETERMINABLE_FROM_CLOSE_ONLY_PANEL,True,"HISTORICAL UK RETAIL, ISA, ACCOUNT AND BROKER ELIGIBILITY REMAIN PARTLY UNRESOLVED"
DD_08,2025-02-06,DAILY_WITH_LAST_WEEKLY_SIGNAL_ASOF,2025-01-31,False,2024-03-07,2025-04-07,2025-08-14,1.4938501779801123,-0.12562757161661642,GLOBAL_SOFTWARE,2024-12-02,1.0,2.0,0.04190184519683737,0.049873870141529775,0.15924840793672201,0.2984368433392057,0.16956886005895466,-0.00011362314066689807,279.1637497613441,0.02817584446388821,0.0616403734855846,0.21953726302859433,0.2492022162616363,1.110990338932708,NOT_AVAILABLE_NO_VALIDATED_HIGH_LOW_PANEL,0.07859327217125367,True,False,,NOT_DETERMINABLE_FROM_CLOSE_ONLY_PANEL,True,"HISTORICAL UK RETAIL, ISA, ACCOUNT AND BROKER ELIGIBILITY REMAIN PARTLY UNRESOLVED"
DD_08,2025-02-07,DAILY_WITH_LAST_WEEKLY_SIGNAL_ASOF,2025-02-07,True,2024-03-07,2025-04-07,2025-08-14,1.4967449064681624,-0.12393324455831045,GLOBAL_SOFTWARE,2024-12-02,4.0,8.0,0.045389425748110224,-0.0036623384195818565,0.08942176168746441,0.2619097721367065,0.12391214727316924,0.0003401669821888784,279.7047031120728,0.027350631122216917,0.061047144803563436,0.2192084688506919,0.24417609986780783,1.107952906032648,NOT_AVAILABLE_NO_VALIDATED_HIGH_LOW_PANEL,0.07859327217125367,False,False,,NOT_DETERMINABLE_FROM_CLOSE_ONLY_PANEL,True,"HISTORICAL UK RETAIL, ISA, ACCOUNT AND BROKER ELIGIBILITY REMAIN PARTLY UNRESOLVED"
DD_08,2025-02-10,DAILY_WITH_LAST_WEEKLY_SIGNAL_ASOF,2025-02-07,False,2024-03-07,2025-04-07,2025-08-14,1.5148795290550634,-0.11331878386951177,GLOBAL_SOFTWARE,2024-12-02,4.0,8.0,0.045389425748110224,-0.0036623384195818565,0.08942176168746441,0.2619097721367065,0.12391214727316924,0.0003401669821888784,283.0936167504614,0.03604962088257535,0.07079949746280345,0.23111421321088876,0.2448854445141947,1.0826981584691138,NOT_AVAILABLE_NO_VALIDATED_HIGH_LOW_PANEL,0.08825688073394478,False,False,,NOT_DETERMINABLE_FROM_CLOSE_ONLY_PANEL,True,"HISTORICAL UK RETAIL, ISA, ACCOUNT AND BROKER ELIGIBILITY REMAIN PARTLY UNRESOLVED"
DD_08,2025-02-11,DAILY_WITH_LAST_WEEKLY_SIGNAL_ASOF,2025-02-07,False,2024-03-07,2025-04-07,2025-08-14,1.497426019053586,-0.12353457936812084,GLOBAL_SOFTWARE,2024-12-02,4.0,8.0,0.045389425748110224,-0.0036623384195818565,0.08942176168746441,0.2619097721367065,0.12391214727316924,0.0003401669821888784,279.8319862534207,0.02187286609313155,0.056041278422038765,0.21430897674455407,0.24416724118343805,1.0960515747603599,NOT_AVAILABLE_NO_VALIDATED_HIGH_LOW_PANEL,0.08825688073394478,False,False,,NOT_DETERMINABLE_FROM_CLOSE_ONLY_PANEL,True,"HISTORICAL UK RETAIL, ISA, ACCOUNT AND BROKER ELIGIBILITY REMAIN PARTLY UNRESOLVED"
DD_08,2025-02-12,DAILY_WITH_LAST_WEEKLY_SIGNAL_ASOF,2025-02-07,False,2024-03-07,2025-04-07,2025-08-14,1.4800576481252863,-0.1337005417179562,GLOBAL_SOFTWARE,2024-12-02,4.0,8.0,0.045389425748110224,-0.0036623384195818565,0.08942176168746441,0.2619097721367065,0.12391214727316924,0.0003401669821888784,276.5862661490485,0.009101117909339651,0.04200296374288892,0.19783799656130951,0.24419155250939817,1.112363637695254,NOT_AVAILABLE_NO_VALIDATED_HIGH_LOW_PANEL,0.08825688073394478,False,False,,NOT_DETERMINABLE_FROM_CLOSE_ONLY_PANEL,True,"HISTORICAL UK RETAIL, ISA, ACCOUNT AND BROKER ELIGIBILITY REMAIN PARTLY UNRESOLVED"
DD_08,2025-02-13,DAILY_WITH_LAST_WEEKLY_SIGNAL_ASOF,2025-02-07,False,2024-03-07,2025-04-07,2025-08-14,1.483037515686514,-0.13195638151087663,GLOBAL_SOFTWARE,2024-12-02,4.0,8.0,0.045389425748110224,-0.0036623384195818565,0.08942176168746441,0.2619097721367065,0.12391214727316924,0.0003401669821888784,277.1431298924457,0.01011048311320839,0.042298277128616224,0.1978628760217389,0.24187101155805774,1.0807857532662513,NOT_AVAILABLE_NO_VALIDATED_HIGH_LOW_PANEL,0.08825688073394478,False,False,,NOT_DETERMINABLE_FROM_CLOSE_ONLY_PANEL,True,"HISTORICAL UK RETAIL, ISA, ACCOUNT AND BROKER ELIGIBILITY REMAIN PARTLY UNRESOLVED"
DD_08,2025-02-14,DAILY_WITH_LAST_WEEKLY_SIGNAL_ASOF,2025-02-14,True,2024-03-07,2025-04-07,2025-08-14,1.4672867871485955,-0.14117551403401163,GLOBAL_SOFTWARE,2024-12-02,5.0,9.0,0.014691216118590589,0.006178080572358802,0.04739109575842937,0.22562725313644272,0.14506652939861797,0.0008032328211635539,274.19970724877487,-0.0005613795721040038,0.029967113397433076,0.18296162029006013,0.23998326466770398,1.0893849790463674,NOT_AVAILABLE_NO_VALIDATED_HIGH_LOW_PANEL,0.08825688073394478,False,False,,NOT_DETERMINABLE_FROM_CLOSE_ONLY_PANEL,True,"HISTORICAL UK RETAIL, ISA, ACCOUNT AND BROKER ELIGIBILITY REMAIN PARTLY UNRESOLVED"
DD_08,2025-02-17,DAILY_WITH_LAST_WEEKLY_SIGNAL_ASOF,2025-02-14,False,2024-03-07,2025-04-07,2025-08-14,1.4729911050515174,-0.13783669306617352,GLOBAL_SOFTWARE,2024-12-02,5.0,9.0,0.014691216118590589,0.006178080572358802,0.04739109575842937,0.22562725313644272,0.14506652939861797,0.0008032328211635539,275.26570355756377,0.0030209978931492465,0.032595648196678706,0.1853483921373258,0.23282339280544465,1.0889863807723925,NOT_AVAILABLE_NO_VALIDATED_HIGH_LOW_PANEL,0.08825688073394478,False,False,,NOT_DETERMINABLE_FROM_CLOSE_ONLY_PANEL,True,"HISTORICAL UK RETAIL, ISA, ACCOUNT AND BROKER ELIGIBILITY REMAIN PARTLY UNRESOLVED"
DD_08,2025-02-18,DAILY_WITH_LAST_WEEKLY_SIGNAL_ASOF,2025-02-14,False,2024-03-07,2025-04-07,2025-08-14,1.472139714319738,-0.13833502455391056,GLOBAL_SOFTWARE,2024-12-02,5.0,9.0,0.014691216118590589,0.006178080572358802,0.04739109575842937,0.22562725313644272,0.14506652939861797,0.0008032328211635539,275.10659963087886,0.002218826190792944,0.03070542058274439,0.1824904975745485,0.23274777112100778,1.0833980608536407,NOT_AVAILABLE_NO_VALIDATED_HIGH_LOW_PANEL,0.08825688073394478,False,False,,NOT_DETERMINABLE_FROM_CLOSE_ONLY_PANEL,True,"HISTORICAL UK RETAIL, ISA, ACCOUNT AND BROKER ELIGIBILITY REMAIN PARTLY UNRESOLVED"
DD_08,2025-02-19,DAILY_WITH_LAST_WEEKLY_SIGNAL_ASOF,2025-02-14,False,2024-03-07,2025-04-07,2025-08-14,1.4675422043681294,-0.14102601458769037,GLOBAL_SOFTWARE,2024-12-02,5.0,9.0,0.014691216118590589,0.006178080572358802,0.04739109575842937,0.22562725313644272,0.14506652939861797,0.0008032328211635539,274.2474384267804,-0.0008283551583699866,0.02638017739698917,0.17670411453861878,0.23270069506439955,1.0820892363595436,NOT_AVAILABLE_NO_VALIDATED_HIGH_LOW_PANEL,0.08825688073394478,False,False,,NOT_DETERMINABLE_FROM_CLOSE_ONLY_PANEL,True,"HISTORICAL UK RETAIL, ISA, ACCOUNT AND BROKER ELIGIBILITY REMAIN PARTLY UNRESOLVED"
DD_08,2025-02-20,DAILY_WITH_LAST_WEEKLY_SIGNAL_ASOF,2025-02-14,False,2024-03-07,2025-04-07,2025-08-14,1.4215671048520424,-0.16793591492548976,GLOBAL_SOFTWARE,2024-12-02,5.0,9.0,0.014691216118590589,0.006178080572358802,0.04739109575842937,0.22562725313644272,0.14506652939861797,0.0008032328211635539,265.6558263857952,-0.029294988766588537,-0.005549033616386478,0.1382565551255337,0.24127006730584435,1.1464235099321536,NOT_AVAILABLE_NO_VALIDATED_HIGH_LOW_PANEL,0.08825688073394478,False,False,,NOT_DETERMINABLE_FROM_CLOSE_ONLY_PANEL,True,"HISTORICAL UK RETAIL, ISA, ACCOUNT AND BROKER ELIGIBILITY REMAIN PARTLY UNRESOLVED"
DD_08,2025-02-21,DAILY_WITH_LAST_WEEKLY_SIGNAL_ASOF,2025-02-21,True,2024-03-07,2025-04-07,2025-08-14,1.411094998851156,-0.1740653922246551,GLOBAL_SOFTWARE,2024-12-02,7.0,20.0,-0.0240470089485032,-0.028224391238563684,-0.0066543716288010035,0.19200849463483016,0.1478148948831901,0.0007974046759268604,263.6988480875708,-0.03324266617747096,-0.012376105428903994,0.12841328649634987,0.2287740457638629,1.1501379837567116,NOT_AVAILABLE_NO_VALIDATED_HIGH_LOW_PANEL,0.08825688073394478,False,False,,NOT_DETERMINABLE_FROM_CLOSE_ONLY_PANEL,True,"HISTORICAL UK RETAIL, ISA, ACCOUNT AND BROKER ELIGIBILITY REMAIN PARTLY UNRESOLVED"
DD_08,2025-02-24,DAILY_WITH_LAST_WEEKLY_SIGNAL_ASOF,2025-02-21,False,2024-03-07,2025-04-07,2025-08-14,1.3606075284566383,-0.2036164494474607,GLOBAL_SOFTWARE,2024-12-02,7.0,20.0,-0.0240470089485032,-0.028224391238563684,-0.0066543716288010035,0.19200849463483016,0.1478148948831901,0.0007974046759268604,254.2639852351556,-0.06204827009728486,-0.04592709724351107,0.08708755666348544,0.23815849775532622,1.2586938856432424,NOT_AVAILABLE_NO_VALIDATED_HIGH_LOW_PANEL,0.08825688073394478,False,False,,NOT_DETERMINABLE_FROM_CLOSE_ONLY_PANEL,True,"HISTORICAL UK RETAIL, ISA, ACCOUNT AND BROKER ELIGIBILITY REMAIN PARTLY UNRESOLVED"
DD_08,2025-02-25,DAILY_WITH_LAST_WEEKLY_SIGNAL_ASOF,2025-02-21,False,2024-03-07,2025-04-07,2025-08-14,1.3232314753315233,-0.22549320175911614,GLOBAL_SOFTWARE,2024-12-02,7.0,20.0,-0.0240470089485032,-0.028224391238563684,-0.0066543716288010035,0.19200849463483016,0.1478148948831901,0.0007974046759268604,247.27932285368803,-0.08047325872917255,-0.06950336260681844,0.056623484261224544,0.24157640366685681,1.2255780467859303,NOT_AVAILABLE_NO_VALIDATED_HIGH_LOW_PANEL,0.08825688073394478,False,False,,NOT_DETERMINABLE_FROM_CLOSE_ONLY_PANEL,True,"HISTORICAL UK RETAIL, ISA, ACCOUNT AND BROKER ELIGIBILITY REMAIN PARTLY UNRESOLVED"
DD_08,2025-02-26,DAILY_WITH_LAST_WEEKLY_SIGNAL_ASOF,2025-02-21,False,2024-03-07,2025-04-07,2025-08-14,1.3640130913837558,-0.20162312349651268,GLOBAL_SOFTWARE,2024-12-02,7.0,20.0,-0.0240470089485032,-0.028224391238563684,-0.0066543716288010035,0.19200849463483016,0.1478148948831901,0.0007974046759268604,254.9004009418952,-0.04761997073882307,-0.03928761316673879,0.08822257946937517,0.24981683440478591,1.2227331260030838,NOT_AVAILABLE_NO_VALIDATED_HIGH_LOW_PANEL,0.08825688073394478,False,False,,NOT_DETERMINABLE_FROM_CLOSE_ONLY_PANEL,True,"HISTORICAL UK RETAIL, ISA, ACCOUNT AND BROKER ELIGIBILITY REMAIN PARTLY UNRESOLVED"
DD_08,2025-02-27,DAILY_WITH_LAST_WEEKLY_SIGNAL_ASOF,2025-02-21,False,2024-03-07,2025-04-07,2025-08-14,1.3643536476764675,-0.20142379090141793,GLOBAL_SOFTWARE,2024-12-02,7.0,20.0,-0.0240470089485032,-0.028224391238563684,-0.0066543716288010035,0.19200849463483016,0.1478148948831901,0.0007974046759268604,254.96404251256916,-0.04326106199825719,-0.03757400206094463,0.0875366588875548,0.23855511716450434,1.2236066087959587,NOT_AVAILABLE_NO_VALIDATED_HIGH_LOW_PANEL,0.08825688073394478,False,False,,NOT_DETERMINABLE_FROM_CLOSE_ONLY_PANEL,True,"HISTORICAL UK RETAIL, ISA, ACCOUNT AND BROKER ELIGIBILITY REMAIN PARTLY UNRESOLVED"
DD_08,2025-02-28,DAILY_WITH_LAST_WEEKLY_SIGNAL_ASOF,2025-02-28,True,2024-03-07,2025-04-07,2025-08-14,1.3211881375752526,-0.22668919732968507,GLOBAL_SOFTWARE,2024-12-02,7.0,18.0,-0.07473936891044841,-0.04921244231679689,-0.04306596364605797,0.1419533006141429,0.05424303004849573,-0.00019814086645681482,246.8974734296442,-0.0672956902903088,-0.06553052644202928,0.05257266260435123,0.24625992428497223,1.2964907848310685,NOT_AVAILABLE_NO_VALIDATED_HIGH_LOW_PANEL,0.08825688073394478,False,False,,NOT_DETERMINABLE_FROM_CLOSE_ONLY_PANEL,True,"HISTORICAL UK RETAIL, ISA, ACCOUNT AND BROKER ELIGIBILITY REMAIN PARTLY UNRESOLVED"
DD_08,2025-03-03,DAILY_WITH_LAST_WEEKLY_SIGNAL_ASOF,2025-02-28,False,2024-03-07,2025-04-07,2025-08-14,1.3211289730718359,-0.22672382718165363,EUROPE_BANKS,2025-03-03,1.0,1.0,0.14211273523424373,0.235380464643425,0.3099519133076889,0.1714084293956557,0.3236169665132005,0.0047710454870648015,202.05894865248737,0.06554255198852799,0.12544709971181822,0.25452523967306084,0.18067303273610047,1.2786421049156569,NOT_AVAILABLE_NO_VALIDATED_HIGH_LOW_PANEL,0.0,True,False,,NOT_DETERMINABLE_FROM_CLOSE_ONLY_PANEL,True,"HISTORICAL UK RETAIL, ISA, ACCOUNT AND BROKER ELIGIBILITY REMAIN PARTLY UNRESOLVED"
DD_08,2025-03-04,DAILY_WITH_LAST_WEEKLY_SIGNAL_ASOF,2025-02-28,False,2024-03-07,2025-04-07,2025-08-14,1.2703163202613807,-0.2564652184438976,EUROPE_BANKS,2025-03-03,1.0,1.0,0.14211273523424373,0.235380464643425,0.3099519133076889,0.1714084293956557,0.3236169665132005,0.0047710454870648015,194.2874506273917,0.022277665337431474,0.07868516304551099,0.20380348599111264,0.19971806175926435,1.4316145576262322,NOT_AVAILABLE_NO_VALIDATED_HIGH_LOW_PANEL,0.0,True,False,,NOT_DETERMINABLE_FROM_CLOSE_ONLY_PANEL,True,"HISTORICAL UK RETAIL, ISA, ACCOUNT AND BROKER ELIGIBILITY REMAIN PARTLY UNRESOLVED"
DD_08,2025-03-05,DAILY_WITH_LAST_WEEKLY_SIGNAL_ASOF,2025-02-28,False,2024-03-07,2025-04-07,2025-08-14,1.3518038925104057,-0.20876934674223435,EUROPE_BANKS,2025-03-03,1.0,1.0,0.14211273523424373,0.235380464643425,0.3099519133076889,0.1714084293956557,0.3236169665132005,0.0047710454870648015,206.75049815150825,0.0792346157014916,0.14126165608055552,0.2774523358397436,0.2324115864781997,1.810701228723857,NOT_AVAILABLE_NO_VALIDATED_HIGH_LOW_PANEL,0.023218716767103853,True,False,,NOT_DETERMINABLE_FROM_CLOSE_ONLY_PANEL,True,"HISTORICAL UK RETAIL, ISA, ACCOUNT AND BROKER ELIGIBILITY REMAIN PARTLY UNRESOLVED"
DD_08,2025-03-06,DAILY_WITH_LAST_WEEKLY_SIGNAL_ASOF,2025-02-28,False,2024-03-07,2025-04-07,2025-08-14,1.394069716622328,-0.1840305397245613,EUROPE_BANKS,2025-03-03,1.0,1.0,0.14211273523424373,0.235380464643425,0.3099519133076889,0.1714084293956557,0.3236169665132005,0.0047710454870648015,213.21480872076984,0.10166331768275616,0.16883407127846772,0.3132460463334248,0.2383079823183543,1.8430378027487169,NOT_AVAILABLE_NO_VALIDATED_HIGH_LOW_PANEL,0.0552109181141438,True,False,,NOT_DETERMINABLE_FROM_CLOSE_ONLY_PANEL,True,"HISTORICAL UK RETAIL, ISA, ACCOUNT AND BROKER ELIGIBILITY REMAIN PARTLY UNRESOLVED"
DD_08,2025-03-07,DAILY_WITH_LAST_WEEKLY_SIGNAL_ASOF,2025-03-07,True,2024-03-07,2025-04-07,2025-08-14,1.387396165446761,-0.1879366671484045,EUROPE_BANKS,2025-03-03,1.0,1.0,0.25077400127196703,0.36704704867583904,0.41307666085526984,0.29861261111456616,0.444792626125192,0.00595935153641517,212.1941281045706,0.08686568256674931,0.15583961589813677,0.30297968604589753,0.23353926815771867,1.7331801161000933,NOT_AVAILABLE_NO_VALIDATED_HIGH_LOW_PANEL,0.0552109181141438,True,False,,NOT_DETERMINABLE_FROM_CLOSE_ONLY_PANEL,True,"HISTORICAL UK RETAIL, ISA, ACCOUNT AND BROKER ELIGIBILITY REMAIN PARTLY UNRESOLVED"
DD_08,2025-03-10,DAILY_WITH_LAST_WEEKLY_SIGNAL_ASOF,2025-03-07,False,2024-03-07,2025-04-07,2025-08-14,1.3481744173096586,-0.2108937318323948,EUROPE_BANKS,2025-03-03,1.0,1.0,0.25077400127196703,0.36704704867583904,0.41307666085526984,0.29861261111456616,0.444792626125192,0.00595935153641517,206.19539114971568,0.05077716467621829,0.11776521983386878,0.2628002440260633,0.24249740804445566,1.8490117499752148,NOT_AVAILABLE_NO_VALIDATED_HIGH_LOW_PANEL,0.0552109181141438,True,False,,NOT_DETERMINABLE_FROM_CLOSE_ONLY_PANEL,True,"HISTORICAL UK RETAIL, ISA, ACCOUNT AND BROKER ELIGIBILITY REMAIN PARTLY UNRESOLVED"
DD_08,2025-03-11,DAILY_WITH_LAST_WEEKLY_SIGNAL_ASOF,2025-03-07,False,2024-03-07,2025-04-07,2025-08-14,1.3288562428540707,-0.2222009427961512,EUROPE_BANKS,2025-03-03,1.0,1.0,0.25077400127196703,0.36704704867583904,0.41307666085526984,0.29861261111456616,0.444792626125192,0.00595935153641517,203.24078936598113,0.0323680144675178,0.09736994863194925,0.24168206128428826,0.24533894838456216,1.8762856925744777,NOT_AVAILABLE_NO_VALIDATED_HIGH_LOW_PANEL,0.0552109181141438,True,False,,NOT_DETERMINABLE_FROM_CLOSE_ONLY_PANEL,True,"HISTORICAL UK RETAIL, ISA, ACCOUNT AND BROKER ELIGIBILITY REMAIN PARTLY UNRESOLVED"
DD_08,2025-03-12,DAILY_WITH_LAST_WEEKLY_SIGNAL_ASOF,2025-03-07,False,2024-03-07,2025-04-07,2025-08-14,1.3493452157615122,-0.2102084463194399,EUROPE_BANKS,2025-03-03,1.0,1.0,0.25077400127196703,0.36704704867583904,0.41307666085526984,0.29861261111456616,0.444792626125192,0.00595935153641517,206.37445792448744,0.043704140891271726,0.10931784143238299,0.25756319402201444,0.24595285964104224,1.8789624381511798,NOT_AVAILABLE_NO_VALIDATED_HIGH_LOW_PANEL,0.0552109181141438,True,False,,NOT_DETERMINABLE_FROM_CLOSE_ONLY_PANEL,True,"HISTORICAL UK RETAIL, ISA, ACCOUNT AND BROKER ELIGIBILITY REMAIN PARTLY UNRESOLVED"
DD_08,2025-03-13,DAILY_WITH_LAST_WEEKLY_SIGNAL_ASOF,2025-03-07,False,2024-03-07,2025-04-07,2025-08-14,1.3378713909333448,-0.21692424434639834,EUROPE_BANKS,2025-03-03,1.0,1.0,0.25077400127196703,0.36704704867583904,0.41307666085526984,0.29861261111456616,0.444792626125192,0.00595935153641517,204.6196035317239,0.03156302546561163,0.09559352470198323,0.24381448911964698,0.24681797063204336,1.8811918018697154,NOT_AVAILABLE_NO_VALIDATED_HIGH_LOW_PANEL,0.0552109181141438,True,False,,NOT_DETERMINABLE_FROM_CLOSE_ONLY_PANEL,True,"HISTORICAL UK RETAIL, ISA, ACCOUNT AND BROKER ELIGIBILITY REMAIN PARTLY UNRESOLVED"
DD_08,2025-03-14,DAILY_WITH_LAST_WEEKLY_SIGNAL_ASOF,2025-03-14,True,2024-03-07,2025-04-07,2025-08-14,1.3738149034052567,-0.19588597909868188,EUROPE_BANKS,2025-03-03,1.0,1.0,0.22834213511154,0.321215921119121,0.4116260974490691,0.3091590728328171,0.38598196934914863,0.007280378532920885,210.11695351721784,0.0535995227128947,0.11953879051184102,0.2737174781268239,0.25089868840952534,1.8900338177108718,NOT_AVAILABLE_NO_VALIDATED_HIGH_LOW_PANEL,0.0552109181141438,True,False,,NOT_DETERMINABLE_FROM_CLOSE_ONLY_PANEL,True,"HISTORICAL UK RETAIL, ISA, ACCOUNT AND BROKER ELIGIBILITY REMAIN PARTLY UNRESOLVED"
DD_08,2025-03-17,DAILY_WITH_LAST_WEEKLY_SIGNAL_ASOF,2025-03-14,False,2024-03-07,2025-04-07,2025-08-14,1.3872790856015755,-0.1880051956997001,EUROPE_BANKS,2025-03-03,1.0,1.0,0.22834213511154,0.321215921119121,0.4116260974490691,0.3091590728328171,0.38598196934914863,0.007280378532920885,212.17622142709342,0.05777823534480708,0.12475434206001546,0.2825482481533472,0.2509054309053304,1.869930154936685,NOT_AVAILABLE_NO_VALIDATED_HIGH_LOW_PANEL,0.0552109181141438,True,False,,NOT_DETERMINABLE_FROM_CLOSE_ONLY_PANEL,True,"HISTORICAL UK RETAIL, ISA, ACCOUNT AND BROKER ELIGIBILITY REMAIN PARTLY UNRESOLVED"
DD_08,2025-03-18,DAILY_WITH_LAST_WEEKLY_SIGNAL_ASOF,2025-03-14,False,2024-03-07,2025-04-07,2025-08-14,1.423105518228302,-0.1670354590032792,EUROPE_BANKS,2025-03-03,1.0,1.0,0.22834213511154,0.321215921119121,0.4116260974490691,0.3091590728328171,0.38598196934914863,0.007280378532920885,217.65566473511015,0.07676552873308151,0.14688375073901305,0.3115504371224753,0.2540988729306622,1.896325948410594,NOT_AVAILABLE_NO_VALIDATED_HIGH_LOW_PANEL,0.07718894009216548,True,False,,NOT_DETERMINABLE_FROM_CLOSE_ONLY_PANEL,True,"HISTORICAL UK RETAIL, ISA, ACCOUNT AND BROKER ELIGIBILITY REMAIN PARTLY UNRESOLVED"
DD_08,2025-03-19,DAILY_WITH_LAST_WEEKLY_SIGNAL_ASOF,2025-03-14,False,2024-03-07,2025-04-07,2025-08-14,1.420061442253482,-0.168817201336962,EUROPE_BANKS,2025-03-03,1.0,1.0,0.22834213511154,0.321215921119121,0.4116260974490691,0.3091590728328171,0.38598196934914863,0.007280378532920885,217.1900911207035,0.06723783514804693,0.13798504207950701,0.3047367138532804,0.24947183063123743,1.8913467694184338,NOT_AVAILABLE_NO_VALIDATED_HIGH_LOW_PANEL,0.07718894009216548,True,False,,NOT_DETERMINABLE_FROM_CLOSE_ONLY_PANEL,True,"HISTORICAL UK RETAIL, ISA, ACCOUNT AND BROKER ELIGIBILITY REMAIN PARTLY UNRESOLVED"
DD_08,2025-03-20,DAILY_WITH_LAST_WEEKLY_SIGNAL_ASOF,2025-03-14,False,2024-03-07,2025-04-07,2025-08-14,1.3829471313297164,-0.19054075209763344,EUROPE_BANKS,2025-03-03,1.0,1.0,0.22834213511154,0.321215921119121,0.4116260974490691,0.3091590728328171,0.38598196934914863,0.007280378532920885,211.51367436043776,0.03564053806871015,0.10355858618431357,0.2672239882717373,0.25723165670123344,1.9404308068306924,NOT_AVAILABLE_NO_VALIDATED_HIGH_LOW_PANEL,0.07718894009216548,True,False,,NOT_DETERMINABLE_FROM_CLOSE_ONLY_PANEL,True,"HISTORICAL UK RETAIL, ISA, ACCOUNT AND BROKER ELIGIBILITY REMAIN PARTLY UNRESOLVED"
DD_08,2025-03-21,DAILY_WITH_LAST_WEEKLY_SIGNAL_ASOF,2025-03-21,True,2024-03-07,2025-04-07,2025-08-14,1.389386522814912,-0.18677168177638148,EUROPE_BANKS,2025-03-03,1.0,1.0,0.20707131615235763,0.3410771462339237,0.4118420134536893,0.32709634795246156,0.3884497532818707,0.00814353068268253,212.49854162168256,0.036649525511590175,0.1039911600095591,0.26967400161217414,0.2553462369436272,1.9374224480104156,NOT_AVAILABLE_NO_VALIDATED_HIGH_LOW_PANEL,0.07718894009216548,True,False,,NOT_DETERMINABLE_FROM_CLOSE_ONLY_PANEL,True,"HISTORICAL UK RETAIL, ISA, ACCOUNT AND BROKER ELIGIBILITY REMAIN PARTLY UNRESOLVED"
DD_08,2025-03-24,DAILY_WITH_LAST_WEEKLY_SIGNAL_ASOF,2025-03-21,False,2024-03-07,2025-04-07,2025-08-14,1.3899719220408389,-0.18642903901990404,EUROPE_BANKS,2025-03-03,1.0,1.0,0.20707131615235763,0.3410771462339237,0.4118420134536893,0.32709634795246156,0.3884497532818707,0.00814353068268253,212.58807500906846,0.03360153463715543,0.09995055575143974,0.2668029763443762,0.25452495048718315,1.9358637307402542,NOT_AVAILABLE_NO_VALIDATED_HIGH_LOW_PANEL,0.07718894009216548,True,False,,NOT_DETERMINABLE_FROM_CLOSE_ONLY_PANEL,True,"HISTORICAL UK RETAIL, ISA, ACCOUNT AND BROKER ELIGIBILITY REMAIN PARTLY UNRESOLVED"
DD_08,2025-03-25,DAILY_WITH_LAST_WEEKLY_SIGNAL_ASOF,2025-03-21,False,2024-03-07,2025-04-07,2025-08-14,1.4166661267431058,-0.1708045293245315,EUROPE_BANKS,2025-03-03,1.0,1.0,0.20707131615235763,0.3410771462339237,0.4118420134536893,0.32709634795246156,0.3884497532818707,0.00814353068268253,216.67079747386526,0.048357472703243864,0.11577719173618028,0.28740234979568013,0.25600212425942726,1.9437551894747673,NOT_AVAILABLE_NO_VALIDATED_HIGH_LOW_PANEL,0.07718894009216548,True,False,,NOT_DETERMINABLE_FROM_CLOSE_ONLY_PANEL,True,"HISTORICAL UK RETAIL, ISA, ACCOUNT AND BROKER ELIGIBILITY REMAIN PARTLY UNRESOLVED"
DD_08,2025-03-26,DAILY_WITH_LAST_WEEKLY_SIGNAL_ASOF,2025-03-21,False,2024-03-07,2025-04-07,2025-08-14,1.4068314197475336,-0.17656092763335307,EUROPE_BANKS,2025-03-03,1.0,1.0,0.20707131615235763,0.3410771462339237,0.4118420134536893,0.32709634795246156,0.3884497532818707,0.00814353068268253,215.16663656578223,0.037206161526446735,0.1033569051401384,0.27493243331543815,0.2570626753653915,1.9240387480411447,NOT_AVAILABLE_NO_VALIDATED_HIGH_LOW_PANEL,0.07718894009216548,True,False,,NOT_DETERMINABLE_FROM_CLOSE_ONLY_PANEL,True,"HISTORICAL UK RETAIL, ISA, ACCOUNT AND BROKER ELIGIBILITY REMAIN PARTLY UNRESOLVED"
DD_08,2025-03-27,DAILY_WITH_LAST_WEEKLY_SIGNAL_ASOF,2025-03-21,False,2024-03-07,2025-04-07,2025-08-14,1.3906744011119512,-0.18601786771213102,EUROPE_BANKS,2025-03-03,1.0,1.0,0.20707131615235763,0.3410771462339237,0.4118420134536893,0.32709634795246156,0.3884497532818707,0.00814353068268253,212.69551507393155,0.022941948688357527,0.08682015715292635,0.2570345733421453,0.2591088491803007,1.92076013625957,NOT_AVAILABLE_NO_VALIDATED_HIGH_LOW_PANEL,0.07718894009216548,True,False,,NOT_DETERMINABLE_FROM_CLOSE_ONLY_PANEL,True,"HISTORICAL UK RETAIL, ISA, ACCOUNT AND BROKER ELIGIBILITY REMAIN PARTLY UNRESOLVED"
DD_08,2025-03-28,DAILY_WITH_LAST_WEEKLY_SIGNAL_ASOF,2025-03-28,True,2024-03-07,2025-04-07,2025-08-14,1.3665559530037628,-0.20013474927900265,EUROPE_BANKS,2025-03-03,2.0,2.0,0.13324253990927093,0.28178804086790654,0.3953586572912753,0.30841894087678856,0.33993736957228915,0.008069972540887994,209.00673951363268,0.0047260197220966305,0.06513228904885704,0.23234935872898244,0.2629191619961427,1.9457622531042889,NOT_AVAILABLE_NO_VALIDATED_HIGH_LOW_PANEL,0.07718894009216548,False,False,,NOT_DETERMINABLE_FROM_CLOSE_ONLY_PANEL,True,"HISTORICAL UK RETAIL, ISA, ACCOUNT AND BROKER ELIGIBILITY REMAIN PARTLY UNRESOLVED"
DD_08,2025-03-31,DAILY_WITH_LAST_WEEKLY_SIGNAL_ASOF,2025-03-28,False,2024-03-07,2025-04-07,2025-08-14,1.3404471475274229,-0.21541661621789765,EUROPE_BANKS,2025-03-03,2.0,2.0,0.13324253990927093,0.28178804086790654,0.3953586572912753,0.30841894087678856,0.33993736957228915,0.008069972540887994,205.01355043622178,-0.013171713162540621,0.042950749592426174,0.20629836864499063,0.2671088160760756,1.9850119740768393,NOT_AVAILABLE_NO_VALIDATED_HIGH_LOW_PANEL,0.07718894009216548,False,False,,NOT_DETERMINABLE_FROM_CLOSE_ONLY_PANEL,True,"HISTORICAL UK RETAIL, ISA, ACCOUNT AND BROKER ELIGIBILITY REMAIN PARTLY UNRESOLVED"
DD_08,2025-04-01,DAILY_WITH_LAST_WEEKLY_SIGNAL_ASOF,2025-03-28,False,2024-03-07,2025-04-07,2025-08-14,1.358725578675655,-0.20471798226805393,GLOBAL_GOLD_MINERS,2025-04-01,1.0,1.0,0.23885623320242488,0.28917511792901074,0.47112109054686857,0.27077318739313117,0.4778291067296754,0.004122286799235195,213.47199557636372,0.06570497664335506,0.1132537547465915,0.25049855969351253,0.291524902203558,0.8398798347335006,NOT_AVAILABLE_NO_VALIDATED_HIGH_LOW_PANEL,0.0,True,False,,NOT_DETERMINABLE_FROM_CLOSE_ONLY_PANEL,True,"HISTORICAL UK RETAIL, ISA, ACCOUNT AND BROKER ELIGIBILITY REMAIN PARTLY UNRESOLVED"
DD_08,2025-04-02,DAILY_WITH_LAST_WEEKLY_SIGNAL_ASOF,2025-03-28,False,2024-03-07,2025-04-07,2025-08-14,1.342670202282592,-0.21411542965089214,GLOBAL_GOLD_MINERS,2025-04-01,1.0,1.0,0.23885623320242488,0.28917511792901074,0.47112109054686857,0.27077318739313117,0.4778291067296754,0.004122286799235195,210.94950443308414,0.048051695190055144,0.09579749620812561,0.23283045231060773,0.2922461253551497,0.8128033502487091,NOT_AVAILABLE_NO_VALIDATED_HIGH_LOW_PANEL,0.0,True,False,,NOT_DETERMINABLE_FROM_CLOSE_ONLY_PANEL,True,"HISTORICAL UK RETAIL, ISA, ACCOUNT AND BROKER ELIGIBILITY REMAIN PARTLY UNRESOLVED"
DD_08,2025-04-03,DAILY_WITH_LAST_WEEKLY_SIGNAL_ASOF,2025-03-28,False,2024-03-07,2025-04-07,2025-08-14,1.3289759106532153,-0.22213089947743048,GLOBAL_GOLD_MINERS,2025-04-01,1.0,1.0,0.23885623320242488,0.28917511792901074,0.47112109054686857,0.27077318739313117,0.4778291067296754,0.004122286799235195,208.79796786969868,0.03385075533959303,0.08103374821373843,0.21758797520198514,0.2913441232177109,0.7956867380998451,NOT_AVAILABLE_NO_VALIDATED_HIGH_LOW_PANEL,0.0,True,False,,NOT_DETERMINABLE_FROM_CLOSE_ONLY_PANEL,True,"HISTORICAL UK RETAIL, ISA, ACCOUNT AND BROKER ELIGIBILITY REMAIN PARTLY UNRESOLVED"
DD_08,2025-04-04,DAILY_WITH_LAST_WEEKLY_SIGNAL_ASOF,2025-04-04,True,2024-03-07,2025-04-07,2025-08-14,1.2397269065858965,-0.2743696511055599,GLOBAL_GOLD_MINERS,2025-04-01,1.0,1.0,0.16566896226559802,0.1767393848375467,0.39047297773407674,0.29783382720044527,0.3987663248479536,0.005187929538339442,194.77588474970352,-0.03244928015463511,0.008102115341277916,0.13428644822597802,0.3223694537600114,1.1581424531704434,NOT_AVAILABLE_NO_VALIDATED_HIGH_LOW_PANEL,0.0,True,False,,NOT_DETERMINABLE_FROM_CLOSE_ONLY_PANEL,True,"HISTORICAL UK RETAIL, ISA, ACCOUNT AND BROKER ELIGIBILITY REMAIN PARTLY UNRESOLVED"
DD_08,2025-04-07,DAILY_WITH_LAST_WEEKLY_SIGNAL_ASOF,2025-04-04,False,2024-03-07,2025-04-07,2025-08-14,1.2216252567309729,-0.2849648123705244,GLOBAL_GOLD_MINERS,2025-04-01,1.0,1.0,0.16566896226559802,0.1767393848375467,0.39047297773407674,0.29783382720044527,0.3987663248479536,0.005187929538339442,191.93189963718245,-0.04252259538014447,-0.006359647033951754,0.11641661266712444,0.32171479232720485,1.1697054383916623,NOT_AVAILABLE_NO_VALIDATED_HIGH_LOW_PANEL,0.0,True,False,,NOT_DETERMINABLE_FROM_CLOSE_ONLY_PANEL,True,"HISTORICAL UK RETAIL, ISA, ACCOUNT AND BROKER ELIGIBILITY REMAIN PARTLY UNRESOLVED"
DD_08,2025-04-08,DAILY_WITH_LAST_WEEKLY_SIGNAL_ASOF,2025-04-04,False,2024-03-07,2025-04-07,2025-08-14,1.276402423248481,-0.2529029330643707,GLOBAL_GOLD_MINERS,2025-04-01,1.0,1.0,0.16566896226559802,0.1767393848375467,0.39047297773407674,0.29783382720044527,0.3987663248479536,0.005187929538339442,200.53804589072448,0.0003729785636588101,0.03664205367619067,0.16454721801204508,0.3303617962466612,1.2538627029954728,NOT_AVAILABLE_NO_VALIDATED_HIGH_LOW_PANEL,0.0,True,False,,NOT_DETERMINABLE_FROM_CLOSE_ONLY_PANEL,True,"HISTORICAL UK RETAIL, ISA, ACCOUNT AND BROKER ELIGIBILITY REMAIN PARTLY UNRESOLVED"
DD_08,2025-04-09,DAILY_WITH_LAST_WEEKLY_SIGNAL_ASOF,2025-04-04,False,2024-03-07,2025-04-07,2025-08-14,1.3045780347617968,-0.2364113342258607,GLOBAL_GOLD_MINERS,2025-04-01,1.0,1.0,0.16566896226559802,0.1767393848375467,0.39047297773407674,0.29783382720044527,0.3987663248479536,0.005187929538339442,204.96477054412682,0.02037245728335968,0.05705762777514356,0.18800473284679997,0.3320748022816041,1.267259681585745,NOT_AVAILABLE_NO_VALIDATED_HIGH_LOW_PANEL,0.0,True,False,,NOT_DETERMINABLE_FROM_CLOSE_ONLY_PANEL,True,"HISTORICAL UK RETAIL, ISA, ACCOUNT AND BROKER ELIGIBILITY REMAIN PARTLY UNRESOLVED"
DD_08,2025-04-10,DAILY_WITH_LAST_WEEKLY_SIGNAL_ASOF,2025-04-04,False,2024-03-07,2025-04-07,2025-08-14,1.410197226524003,-0.17459087154071995,GLOBAL_GOLD_MINERS,2025-04-01,1.0,1.0,0.16566896226559802,0.1767393848375467,0.39047297773407674,0.29783382720044527,0.3987663248479536,0.005187929538339442,221.55880541805408,0.09275187739418755,0.13628152839549146,0.2805650181974084,0.36438696962990597,1.5400912727049356,NOT_AVAILABLE_NO_VALIDATED_HIGH_LOW_PANEL,0.03788229842446711,True,False,,NOT_DETERMINABLE_FROM_CLOSE_ONLY_PANEL,True,"HISTORICAL UK RETAIL, ISA, ACCOUNT AND BROKER ELIGIBILITY REMAIN PARTLY UNRESOLVED"
DD_08,2025-04-11,DAILY_WITH_LAST_WEEKLY_SIGNAL_ASOF,2025-04-11,True,2024-03-07,2025-04-07,2025-08-14,1.466391043899722,-0.14169980570078666,GLOBAL_GOLD_MINERS,2025-04-01,1.0,1.0,0.2574350838210384,0.3692590197423118,0.5341926130307459,0.4966343726358524,0.6434644127973967,0.007343783229215612,230.3875244195325,0.12238905018069568,0.1732070510181105,0.327214168763748,0.3685602480752424,1.5260982341437233,NOT_AVAILABLE_NO_VALIDATED_HIGH_LOW_PANEL,0.0792400370713624,True,False,,NOT_DETERMINABLE_FROM_CLOSE_ONLY_PANEL,True,"HISTORICAL UK RETAIL, ISA, ACCOUNT AND BROKER ELIGIBILITY REMAIN PARTLY UNRESOLVED"
DD_08,2025-04-14,DAILY_WITH_LAST_WEEKLY_SIGNAL_ASOF,2025-04-11,False,2024-03-07,2025-04-07,2025-08-14,1.4668632608524594,-0.14142341018952664,GLOBAL_GOLD_MINERS,2025-04-01,1.0,1.0,0.2574350838210384,0.3692590197423118,0.5341926130307459,0.4966343726358524,0.6434644127973967,0.007343783229215612,230.46171533551134,0.11035983361447843,0.16564998497796357,0.32332736753103375,0.36846490411950883,1.5252892255693387,NOT_AVAILABLE_NO_VALIDATED_HIGH_LOW_PANEL,0.07958758109360531,True,False,,NOT_DETERMINABLE_FROM_CLOSE_ONLY_PANEL,True,"HISTORICAL UK RETAIL, ISA, ACCOUNT AND BROKER ELIGIBILITY REMAIN PARTLY UNRESOLVED"
DD_08,2025-04-15,DAILY_WITH_LAST_WEEKLY_SIGNAL_ASOF,2025-04-11,False,2024-03-07,2025-04-07,2025-08-14,1.4753631660017281,-0.13644829098684752,GLOBAL_GOLD_MINERS,2025-04-01,1.0,1.0,0.2574350838210384,0.3692590197423118,0.5341926130307459,0.4966343726358524,0.6434644127973967,0.007343783229215612,231.79715182312995,0.1050608115538656,0.1645311275396979,0.3266263099552955,0.3666078850746381,1.5238696139726642,NOT_AVAILABLE_NO_VALIDATED_HIGH_LOW_PANEL,0.0858433734939763,True,False,,NOT_DETERMINABLE_FROM_CLOSE_ONLY_PANEL,True,"HISTORICAL UK RETAIL, ISA, ACCOUNT AND BROKER ELIGIBILITY REMAIN PARTLY UNRESOLVED"
DD_08,2025-04-16,DAILY_WITH_LAST_WEEKLY_SIGNAL_ASOF,2025-04-11,False,2024-03-07,2025-04-07,2025-08-14,1.536279152904819,-0.1007932700343146,GLOBAL_GOLD_MINERS,2025-04-01,1.0,1.0,0.2574350838210384,0.3692590197423118,0.5341926130307459,0.4966343726358524,0.6434644127973967,0.007343783229215612,241.36777998439652,0.13513736811267973,0.20258633723451358,0.376178482287266,0.3733110905673019,1.5645779378414926,NOT_AVAILABLE_NO_VALIDATED_HIGH_LOW_PANEL,0.13067655236329978,True,False,,NOT_DETERMINABLE_FROM_CLOSE_ONLY_PANEL,True,"HISTORICAL UK RETAIL, ISA, ACCOUNT AND BROKER ELIGIBILITY REMAIN PARTLY UNRESOLVED"
DD_08,2025-04-17,DAILY_WITH_LAST_WEEKLY_SIGNAL_ASOF,2025-04-17,True,2024-03-07,2025-04-07,2025-08-14,1.4929925989039148,-0.1261295252331428,GLOBAL_GOLD_MINERS,2025-04-01,1.0,1.0,0.25755512547368253,0.44148241984880054,0.5803772747320162,0.3897333328413042,0.6442361918720445,0.009121672645887426,234.56694601967223,0.09290466651488516,0.16102094770391817,0.3329279978050983,0.3784432554464144,1.6149450626049016,NOT_AVAILABLE_NO_VALIDATED_HIGH_LOW_PANEL,0.13067655236329978,True,False,,NOT_DETERMINABLE_FROM_CLOSE_ONLY_PANEL,True,"HISTORICAL UK RETAIL, ISA, ACCOUNT AND BROKER ELIGIBILITY REMAIN PARTLY UNRESOLVED"
DD_08,2025-04-22,DAILY_WITH_LAST_WEEKLY_SIGNAL_ASOF,2025-04-17,False,2024-03-07,2025-04-07,2025-08-14,1.4951962780166876,-0.12483967951392994,GLOBAL_GOLD_MINERS,2025-04-01,1.0,1.0,0.25755512547368253,0.44148241984880054,0.5803772747320162,0.3897333328413042,0.6442361918720445,0.009121672645887426,234.91317029423996,0.08519325630309349,0.15536140381451147,0.33046193058736484,0.37608963975444976,1.6094035192759295,NOT_AVAILABLE_NO_VALIDATED_HIGH_LOW_PANEL,0.13067655236329978,True,False,,NOT_DETERMINABLE_FROM_CLOSE_ONLY_PANEL,True,"HISTORICAL UK RETAIL, ISA, ACCOUNT AND BROKER ELIGIBILITY REMAIN PARTLY UNRESOLVED"
DD_08,2025-04-23,DAILY_WITH_LAST_WEEKLY_SIGNAL_ASOF,2025-04-17,False,2024-03-07,2025-04-07,2025-08-14,1.4032713778838586,-0.17864467237253223,GLOBAL_GOLD_MINERS,2025-04-01,1.0,1.0,0.25755512547368253,0.44148241984880054,0.5803772747320162,0.3897333328413042,0.6442361918720445,0.009121672645887426,220.47067198369822,0.01676766081115577,0.08075549943940574,0.24558300536210131,0.39837302006672365,1.763137801939617,NOT_AVAILABLE_NO_VALIDATED_HIGH_LOW_PANEL,0.13067655236329978,True,False,,NOT_DETERMINABLE_FROM_CLOSE_ONLY_PANEL,True,"HISTORICAL UK RETAIL, ISA, ACCOUNT AND BROKER ELIGIBILITY REMAIN PARTLY UNRESOLVED"
DD_08,2025-04-24,DAILY_WITH_LAST_WEEKLY_SIGNAL_ASOF,2025-04-17,False,2024-03-07,2025-04-07,2025-08-14,1.4260951972661533,-0.16528555599496841,GLOBAL_GOLD_MINERS,2025-04-01,1.0,1.0,0.25755512547368253,0.44148241984880054,0.5803772747320162,0.3897333328413042,0.6442361918720445,0.009121672645887426,224.0565662560074,0.03018597258177569,0.0941145379035635,0.262502502218084,0.39778828833708213,1.7645719816263072,NOT_AVAILABLE_NO_VALIDATED_HIGH_LOW_PANEL,0.13067655236329978,True,False,,NOT_DETERMINABLE_FROM_CLOSE_ONLY_PANEL,True,"HISTORICAL UK RETAIL, ISA, ACCOUNT AND BROKER ELIGIBILITY REMAIN PARTLY UNRESOLVED"
DD_08,2025-04-25,DAILY_WITH_LAST_WEEKLY_SIGNAL_ASOF,2025-04-25,True,2024-03-07,2025-04-07,2025-08-14,1.396502934894626,-0.18260634136725828,GLOBAL_GOLD_MINERS,2025-04-01,1.0,1.0,0.14575065846857238,0.30926685043767077,0.4024139334553216,0.26466025382324454,0.45167599478341125,0.009351608898078836,219.4072688546686,0.008001814800582263,0.06841902087492469,0.2334047833523929,0.4002773760879866,1.7854517927572875,NOT_AVAILABLE_NO_VALIDATED_HIGH_LOW_PANEL,0.13067655236329978,True,False,,NOT_DETERMINABLE_FROM_CLOSE_ONLY_PANEL,True,"HISTORICAL UK RETAIL, ISA, ACCOUNT AND BROKER ELIGIBILITY REMAIN PARTLY UNRESOLVED"
DD_08,2025-04-28,DAILY_WITH_LAST_WEEKLY_SIGNAL_ASOF,2025-04-25,False,2024-03-07,2025-04-07,2025-08-14,1.3883178410471824,-0.18739719689576395,GLOBAL_GOLD_MINERS,2025-04-01,1.0,1.0,0.14575065846857238,0.30926685043767077,0.4024139334553216,0.26466025382324454,0.45167599478341125,0.009351608898078836,218.12129297770255,0.0019030731403419932,0.059574133742718915,0.22342231343636998,0.3959454168958364,1.7882716286547817,NOT_AVAILABLE_NO_VALIDATED_HIGH_LOW_PANEL,0.13067655236329978,True,False,,NOT_DETERMINABLE_FROM_CLOSE_ONLY_PANEL,True,"HISTORICAL UK RETAIL, ISA, ACCOUNT AND BROKER ELIGIBILITY REMAIN PARTLY UNRESOLVED"
DD_08,2025-04-29,DAILY_WITH_LAST_WEEKLY_SIGNAL_ASOF,2025-04-25,False,2024-03-07,2025-04-07,2025-08-14,1.3933548218763785,-0.1844489781089912,GLOBAL_GOLD_MINERS,2025-04-01,1.0,1.0,0.14575065846857238,0.30926685043767077,0.4024139334553216,0.26466025382324454,0.45167599478341125,0.009351608898078836,218.9126627481432,0.005032098912206795,0.06078023761200391,0.22508343406845954,0.39573738474597164,1.7849707869329279,NOT_AVAILABLE_NO_VALIDATED_HIGH_LOW_PANEL,0.13067655236329978,True,False,,NOT_DETERMINABLE_FROM_CLOSE_ONLY_PANEL,True,"HISTORICAL UK RETAIL, ISA, ACCOUNT AND BROKER ELIGIBILITY REMAIN PARTLY UNRESOLVED"
DD_08,2025-04-30,DAILY_WITH_LAST_WEEKLY_SIGNAL_ASOF,2025-04-25,False,2024-03-07,2025-04-07,2025-08-14,1.4081509530621423,-0.17578858542284614,GLOBAL_GOLD_MINERS,2025-04-01,1.0,1.0,0.14575065846857238,0.30926685043767077,0.4024139334553216,0.26466025382324454,0.45167599478341125,0.009351608898078836,221.23731144881262,0.01425655899424827,0.06902443889067378,0.23516646985532286,0.39461773613422346,1.776580378082918,NOT_AVAILABLE_NO_VALIDATED_HIGH_LOW_PANEL,0.13067655236329978,True,False,,NOT_DETERMINABLE_FROM_CLOSE_ONLY_PANEL,True,"HISTORICAL UK RETAIL, ISA, ACCOUNT AND BROKER ELIGIBILITY REMAIN PARTLY UNRESOLVED"
DD_08,2025-05-01,DAILY_WITH_LAST_WEEKLY_SIGNAL_ASOF,2025-04-25,False,2024-03-07,2025-04-07,2025-08-14,1.368642134683135,-0.19891367653159497,GLOBAL_GOLD_MINERS,2025-04-01,1.0,1.0,0.14575065846857238,0.30926685043767077,0.4024139334553216,0.26466025382324454,0.45167599478341125,0.009351608898078836,215.0300048119188,-0.012926390199506144,0.037442651109470315,0.198120704158111,0.38790089398011307,1.8025097166814155,NOT_AVAILABLE_NO_VALIDATED_HIGH_LOW_PANEL,0.13067655236329978,True,False,,NOT_DETERMINABLE_FROM_CLOSE_ONLY_PANEL,True,"HISTORICAL UK RETAIL, ISA, ACCOUNT AND BROKER ELIGIBILITY REMAIN PARTLY UNRESOLVED"
DD_08,2025-05-02,DAILY_WITH_LAST_WEEKLY_SIGNAL_ASOF,2025-05-02,True,2024-03-07,2025-04-07,2025-08-14,1.3631329369012017,-0.20213829082962764,GLOBAL_GOLD_MINERS,2025-04-01,2.0,3.0,0.012100236309481316,0.24606108721900855,0.2733090673511085,0.24994774382381024,0.4360082107809653,0.007137006222858344,214.16444412549933,-0.015386966293835624,0.031920414927084195,0.1910071683811192,0.38761441351935033,1.7819756658131025,NOT_AVAILABLE_NO_VALIDATED_HIGH_LOW_PANEL,0.13067655236329978,False,False,,NOT_DETERMINABLE_FROM_CLOSE_ONLY_PANEL,True,"HISTORICAL UK RETAIL, ISA, ACCOUNT AND BROKER ELIGIBILITY REMAIN PARTLY UNRESOLVED"
DD_08,2025-05-06,DAILY_WITH_LAST_WEEKLY_SIGNAL_ASOF,2025-05-02,False,2024-03-07,2025-04-07,2025-08-14,1.4427801962628652,-0.15551958126378385,GLOBAL_GOLD_MINERS,2025-04-01,2.0,3.0,0.012100236309481316,0.24606108721900855,0.2733090673511085,0.24994774382381024,0.4360082107809653,0.007137006222858344,226.67797862059197,0.0381660871016678,0.08827955129334675,0.25733691131551906,,,NOT_AVAILABLE_NO_VALIDATED_HIGH_LOW_PANEL,0.13067655236329978,False,False,,NOT_DETERMINABLE_FROM_CLOSE_ONLY_PANEL,True,"HISTORICAL UK RETAIL, ISA, ACCOUNT AND BROKER ELIGIBILITY REMAIN PARTLY UNRESOLVED"
DD_08,2025-05-07,DAILY_WITH_LAST_WEEKLY_SIGNAL_ASOF,2025-05-02,False,2024-03-07,2025-04-07,2025-08-14,1.456002270939505,-0.14778050694850542,GLOBAL_GOLD_MINERS,2025-04-01,2.0,3.0,0.012100236309481316,0.24606108721900855,0.2733090673511085,0.24994774382381024,0.4360082107809653,0.007137006222858344,228.75532426799865,0.04315852275761434,0.09403748927065703,0.2654741069634088,0.38733668036653063,1.7767590383078695,NOT_AVAILABLE_NO_VALIDATED_HIGH_LOW_PANEL,0.13067655236329978,False,False,,NOT_DETERMINABLE_FROM_CLOSE_ONLY_PANEL,True,"HISTORICAL UK RETAIL, ISA, ACCOUNT AND BROKER ELIGIBILITY REMAIN PARTLY UNRESOLVED"
DD_08,2025-05-08,DAILY_WITH_LAST_WEEKLY_SIGNAL_ASOF,2025-05-02,False,2024-03-07,2025-04-07,2025-08-14,1.4412061397537412,-0.15644089963465047,GLOBAL_GOLD_MINERS,2025-04-01,2.0,3.0,0.012100236309481316,0.24606108721900855,0.2733090673511085,0.24994774382381024,0.4360082107809653,0.007137006222858344,226.43067556732925,0.029510633297840982,0.07940972900969334,0.249473510159415,0.38696393245727595,1.775516542731777,NOT_AVAILABLE_NO_VALIDATED_HIGH_LOW_PANEL,0.13067655236329978,False,False,,NOT_DETERMINABLE_FROM_CLOSE_ONLY_PANEL,True,"HISTORICAL UK RETAIL, ISA, ACCOUNT AND BROKER ELIGIBILITY REMAIN PARTLY UNRESOLVED"
DD_08,2025-05-09,DAILY_WITH_LAST_WEEKLY_SIGNAL_ASOF,2025-05-09,True,2024-03-07,2025-04-07,2025-08-14,1.4514375070630463,-0.15045233022401816,GLOBAL_GOLD_MINERS,2025-04-01,2.0,1.0,0.08115576230035404,0.24752417848665398,0.29086831594551876,0.39770741100115803,0.456118700565044,0.005713074273813143,228.03814541353685,0.033360430416587095,0.08337334096940596,0.25511734983360657,0.3821122976620942,1.5688889595730466,NOT_AVAILABLE_NO_VALIDATED_HIGH_LOW_PANEL,0.13067655236329978,False,False,,NOT_DETERMINABLE_FROM_CLOSE_ONLY_PANEL,True,"HISTORICAL UK RETAIL, ISA, ACCOUNT AND BROKER ELIGIBILITY REMAIN PARTLY UNRESOLVED"
DD_08,2025-05-12,DAILY_WITH_LAST_WEEKLY_SIGNAL_ASOF,2025-05-09,False,2024-03-07,2025-04-07,2025-08-14,1.3530589752428095,-0.20803472840317316,GLOBAL_GOLD_MINERS,2025-04-01,2.0,1.0,0.08115576230035404,0.24752417848665398,0.29086831594551876,0.39770741100115803,0.456118700565044,0.005713074273813143,212.58170458461802,-0.03345775891319269,0.009548609056159174,0.16806904548578938,0.40668089627673737,1.7514527870275989,NOT_AVAILABLE_NO_VALIDATED_HIGH_LOW_PANEL,0.13067655236329978,False,False,,NOT_DETERMINABLE_FROM_CLOSE_ONLY_PANEL,True,"HISTORICAL UK RETAIL, ISA, ACCOUNT AND BROKER ELIGIBILITY REMAIN PARTLY UNRESOLVED"
DD_08,2025-05-13,DAILY_WITH_LAST_WEEKLY_SIGNAL_ASOF,2025-05-09,False,2024-03-07,2025-04-07,2025-08-14,1.3368461931988345,-0.21752430762309793,GLOBAL_GOLD_MINERS,2025-04-01,2.0,1.0,0.08115576230035404,0.24752417848665398,0.29086831594551876,0.39770741100115803,0.456118700565044,0.005713074273813143,210.0344831360122,-0.04111304047850772,-0.002448441045703964,0.1523063128565969,0.4073383469489035,1.6801786450797167,NOT_AVAILABLE_NO_VALIDATED_HIGH_LOW_PANEL,0.13067655236329978,False,False,,NOT_DETERMINABLE_FROM_CLOSE_ONLY_PANEL,True,"HISTORICAL UK RETAIL, ISA, ACCOUNT AND BROKER ELIGIBILITY REMAIN PARTLY UNRESOLVED"
DD_08,2025-05-14,DAILY_WITH_LAST_WEEKLY_SIGNAL_ASOF,2025-05-09,False,2024-03-07,2025-04-07,2025-08-14,1.3074113364782194,-0.23475296115830124,GLOBAL_GOLD_MINERS,2025-04-01,2.0,1.0,0.08115576230035404,0.24752417848665398,0.29086831594551876,0.39770741100115803,0.456118700565044,0.005713074273813143,205.40991603999967,-0.056890863117854074,-0.023477780845062246,0.1255131210060294,0.4073939592368353,1.665317463312846,NOT_AVAILABLE_NO_VALIDATED_HIGH_LOW_PANEL,0.13067655236329978,False,False,,NOT_DETERMINABLE_FROM_CLOSE_ONLY_PANEL,True,"HISTORICAL UK RETAIL, ISA, ACCOUNT AND BROKER ELIGIBILITY REMAIN PARTLY UNRESOLVED"
DD_08,2025-05-15,DAILY_WITH_LAST_WEEKLY_SIGNAL_ASOF,2025-05-09,False,2024-03-07,2025-04-07,2025-08-14,1.330549967162339,-0.22120958110656397,GLOBAL_GOLD_MINERS,2025-04-01,2.0,1.0,0.08115576230035404,0.24752417848665398,0.29086831594551876,0.39770741100115803,0.456118700565044,0.005713074273813143,209.04527092296138,-0.03667920000839198,-0.005953737963545924,0.1437773596911669,0.4088717478336165,1.3724330668283542,NOT_AVAILABLE_NO_VALIDATED_HIGH_LOW_PANEL,0.13067655236329978,False,False,,NOT_DETERMINABLE_FROM_CLOSE_ONLY_PANEL,True,"HISTORICAL UK RETAIL, ISA, ACCOUNT AND BROKER ELIGIBILITY REMAIN PARTLY UNRESOLVED"
DD_08,2025-05-16,DAILY_WITH_LAST_WEEKLY_SIGNAL_ASOF,2025-05-16,True,2024-03-07,2025-04-07,2025-08-14,1.322207467663983,-0.2260925684721563,GLOBAL_GOLD_MINERS,2025-04-01,2.0,14.0,-0.17297860556078803,0.021209702527774654,0.11521657190484413,0.3319001954203544,0.26384478986419846,0.0022114946316012982,207.73456474066904,-0.038987032295377366,-0.011714072766462746,0.13506306851744987,0.4085874860716046,1.2650157807598097,NOT_AVAILABLE_NO_VALIDATED_HIGH_LOW_PANEL,0.13067655236329978,False,False,,NOT_DETERMINABLE_FROM_CLOSE_ONLY_PANEL,True,"HISTORICAL UK RETAIL, ISA, ACCOUNT AND BROKER ELIGIBILITY REMAIN PARTLY UNRESOLVED"
DD_08,2025-05-19,DAILY_WITH_LAST_WEEKLY_SIGNAL_ASOF,2025-05-16,False,2024-03-07,2025-04-07,2025-08-14,1.350855296130036,-0.20932457412238636,GLOBAL_GOLD_MINERS,2025-04-01,2.0,14.0,-0.17297860556078803,0.021209702527774654,0.11521657190484413,0.3319001954203544,0.26384478986419846,0.0022114946316012982,212.2354803100502,-0.01654102870951568,0.009314901450895308,0.15781677318653653,0.4108062769777952,1.2991875498518517,NOT_AVAILABLE_NO_VALIDATED_HIGH_LOW_PANEL,0.13067655236329978,False,False,,NOT_DETERMINABLE_FROM_CLOSE_ONLY_PANEL,True,"HISTORICAL UK RETAIL, ISA, ACCOUNT AND BROKER ELIGIBILITY REMAIN PARTLY UNRESOLVED"
DD_08,2025-05-20,DAILY_WITH_LAST_WEEKLY_SIGNAL_ASOF,2025-05-16,False,2024-03-07,2025-04-07,2025-08-14,1.382493831963424,-0.1908060748679702,GLOBAL_GOLD_MINERS,2025-04-01,2.0,14.0,-0.17297860556078803,0.021209702527774654,0.11521657190484413,0.3319001954203544,0.26384478986419846,0.0022114946316012982,217.2062716806305,0.00589895084900216,0.031620995493232495,0.18275769131039366,0.41157268814296744,1.3306938020162513,NOT_AVAILABLE_NO_VALIDATED_HIGH_LOW_PANEL,0.13067655236329978,False,False,,NOT_DETERMINABLE_FROM_CLOSE_ONLY_PANEL,True,"HISTORICAL UK RETAIL, ISA, ACCOUNT AND BROKER ELIGIBILITY REMAIN PARTLY UNRESOLVED"
DD_08,2025-05-21,DAILY_WITH_LAST_WEEKLY_SIGNAL_ASOF,2025-05-16,False,2024-03-07,2025-04-07,2025-08-14,1.415391613004111,-0.17155052091686074,GLOBAL_GOLD_MINERS,2025-04-01,2.0,14.0,-0.17297860556078803,0.021209702527774654,0.11521657190484413,0.3319001954203544,0.26384478986419846,0.0022114946316012982,222.37490549382093,0.02704962567543001,0.053848082610200576,0.20836675983244168,0.41311061018506035,1.254354334635403,NOT_AVAILABLE_NO_VALIDATED_HIGH_LOW_PANEL,0.13067655236329978,False,False,,NOT_DETERMINABLE_FROM_CLOSE_ONLY_PANEL,True,"HISTORICAL UK RETAIL, ISA, ACCOUNT AND BROKER ELIGIBILITY REMAIN PARTLY UNRESOLVED"
DD_08,2025-05-22,DAILY_WITH_LAST_WEEKLY_SIGNAL_ASOF,2025-05-16,False,2024-03-07,2025-04-07,2025-08-14,1.4122434999858635,-0.17339315765859376,GLOBAL_GOLD_MINERS,2025-04-01,2.0,14.0,-0.17297860556078803,0.021209702527774654,0.11521657190484413,0.3319001954203544,0.26384478986419846,0.0022114946316012982,221.88029938729554,0.022463301520755596,0.049384599767334336,0.20321665828028568,0.41307858734360936,1.2186819025771545,NOT_AVAILABLE_NO_VALIDATED_HIGH_LOW_PANEL,0.13067655236329978,False,False,,NOT_DETERMINABLE_FROM_CLOSE_ONLY_PANEL,True,"HISTORICAL UK RETAIL, ISA, ACCOUNT AND BROKER ELIGIBILITY REMAIN PARTLY UNRESOLVED"
DD_08,2025-05-23,DAILY_WITH_LAST_WEEKLY_SIGNAL_ASOF,2025-05-23,True,2024-03-07,2025-04-07,2025-08-14,1.437743215433669,-0.15846780005055672,GLOBAL_GOLD_MINERS,2025-04-01,2.0,6.0,-0.027005487489921154,0.13278442859647988,0.24913906722173484,0.40915835540210943,0.4587973832379142,0.00033640819142193907,225.8866088501513,0.03706671071236478,0.06547730688158904,0.22220656872722966,0.41434022440657325,1.2361374692573368,NOT_AVAILABLE_NO_VALIDATED_HIGH_LOW_PANEL,0.13067655236329978,False,False,,NOT_DETERMINABLE_FROM_CLOSE_ONLY_PANEL,True,"HISTORICAL UK RETAIL, ISA, ACCOUNT AND BROKER ELIGIBILITY REMAIN PARTLY UNRESOLVED"
DD_08,2025-05-27,DAILY_WITH_LAST_WEEKLY_SIGNAL_ASOF,2025-05-23,False,2024-03-07,2025-04-07,2025-08-14,1.4188545373241834,-0.16952362050095449,GLOBAL_GOLD_MINERS,2025-04-01,2.0,6.0,-0.027005487489921154,0.13278442859647988,0.24913906722173484,0.40915835540210943,0.4587973832379142,0.00033640819142193907,222.91897221099887,0.021265600329540613,0.049360908693331096,0.20368051546855082,,,NOT_AVAILABLE_NO_VALIDATED_HIGH_LOW_PANEL,0.13067655236329978,False,False,,NOT_DETERMINABLE_FROM_CLOSE_ONLY_PANEL,True,"HISTORICAL UK RETAIL, ISA, ACCOUNT AND BROKER ELIGIBILITY REMAIN PARTLY UNRESOLVED"
DD_08,2025-05-28,DAILY_WITH_LAST_WEEKLY_SIGNAL_ASOF,2025-05-23,False,2024-03-07,2025-04-07,2025-08-14,1.4271970368225395,-0.16464063313536215,GLOBAL_GOLD_MINERS,2025-04-01,2.0,6.0,-0.027005487489921154,0.13278442859647988,0.24913906722173484,0.40915835540210943,0.4587973832379142,0.00033640819142193907,224.2296783932912,0.024729945191329428,0.05323726534335238,0.20822408881304222,0.4121310676829777,1.054722002918407,NOT_AVAILABLE_NO_VALIDATED_HIGH_LOW_PANEL,0.13067655236329978,False,False,,NOT_DETERMINABLE_FROM_CLOSE_ONLY_PANEL,True,"HISTORICAL UK RETAIL, ISA, ACCOUNT AND BROKER ELIGIBILITY REMAIN PARTLY UNRESOLVED"
DD_08,2025-05-29,DAILY_WITH_LAST_WEEKLY_SIGNAL_ASOF,2025-05-23,False,2024-03-07,2025-04-07,2025-08-14,1.4401043001973546,-0.15708582249425707,GLOBAL_GOLD_MINERS,2025-04-01,2.0,6.0,-0.027005487489921154,0.13278442859647988,0.24913906722173484,0.40915835540210943,0.4587973832379142,0.00033640819142193907,226.25756343004534,0.030811483344128865,0.060153188167662686,0.2164983031228791,0.4087823717026302,1.0392085015468953,NOT_AVAILABLE_NO_VALIDATED_HIGH_LOW_PANEL,0.13067655236329978,False,False,,NOT_DETERMINABLE_FROM_CLOSE_ONLY_PANEL,True,"HISTORICAL UK RETAIL, ISA, ACCOUNT AND BROKER ELIGIBILITY REMAIN PARTLY UNRESOLVED"
DD_08,2025-05-30,DAILY_WITH_LAST_WEEKLY_SIGNAL_ASOF,2025-05-30,True,2024-03-07,2025-04-07,2025-08-14,1.4215304333896939,-0.1679573792704815,GLOBAL_GOLD_MINERS,2025-04-01,1.0,5.0,-0.03517632350789757,0.07535345809806127,0.26180391882872356,0.4137878995661093,0.40481004913979857,-0.0011880709046102396,223.33938740154548,0.015898778270393654,0.04457578681631169,0.198413870377804,0.40733376175141955,1.0199290090950996,NOT_AVAILABLE_NO_VALIDATED_HIGH_LOW_PANEL,0.13067655236329978,True,True,GLOBAL_URANIUM_NUCLEAR,NOT_DETERMINABLE_FROM_CLOSE_ONLY_PANEL,True,"HISTORICAL UK RETAIL, ISA, ACCOUNT AND BROKER ELIGIBILITY REMAIN PARTLY UNRESOLVED"
DD_08,2025-06-02,DAILY_WITH_LAST_WEEKLY_SIGNAL_ASOF,2025-05-30,False,2024-03-07,2025-04-07,2025-08-14,1.520066370860843,-0.11028284925423981,GLOBAL_GOLD_MINERS,2025-04-01,1.0,5.0,-0.03517632350789757,0.07535345809806127,0.26180391882872356,0.4137878995661093,0.40481004913979857,-0.0011880709046102396,238.82055853579058,0.0778596024917857,0.11188162666442114,0.2779048793809231,0.42214115948656333,1.2534724552173744,NOT_AVAILABLE_NO_VALIDATED_HIGH_LOW_PANEL,0.13067655236329978,True,True,GLOBAL_URANIUM_NUCLEAR,NOT_DETERMINABLE_FROM_CLOSE_ONLY_PANEL,True,"HISTORICAL UK RETAIL, ISA, ACCOUNT AND BROKER ELIGIBILITY REMAIN PARTLY UNRESOLVED"
DD_08,2025-06-03,DAILY_WITH_LAST_WEEKLY_SIGNAL_ASOF,2025-05-30,False,2024-03-07,2025-04-07,2025-08-14,1.4969277401767234,-0.12382622930597709,GLOBAL_GOLD_MINERS,2025-04-01,1.0,5.0,-0.03517632350789757,0.07535345809806127,0.26180391882872356,0.4137878995661093,0.40481004913979857,-0.0011880709046102396,235.18520365282887,0.055555359341422195,0.0908941808409125,0.2552244413064866,0.42096176941738456,1.260972291815421,NOT_AVAILABLE_NO_VALIDATED_HIGH_LOW_PANEL,0.13067655236329978,True,True,GLOBAL_URANIUM_NUCLEAR,NOT_DETERMINABLE_FROM_CLOSE_ONLY_PANEL,True,"HISTORICAL UK RETAIL, ISA, ACCOUNT AND BROKER ELIGIBILITY REMAIN PARTLY UNRESOLVED"
DD_08,2025-06-04,DAILY_WITH_LAST_WEEKLY_SIGNAL_ASOF,2025-05-30,False,2024-03-07,2025-04-07,2025-08-14,1.5147145787298224,-0.1134153317151857,GLOBAL_GOLD_MINERS,2025-04-01,1.0,5.0,-0.03517632350789757,0.07535345809806127,0.26180391882872356,0.4137878995661093,0.40481004913979857,-0.0011880709046102396,237.97972815469743,0.06152611936784824,0.09937888371499604,0.26673438300117924,0.4184034949136653,1.2533553316082195,NOT_AVAILABLE_NO_VALIDATED_HIGH_LOW_PANEL,0.13067655236329978,True,True,GLOBAL_URANIUM_NUCLEAR,NOT_DETERMINABLE_FROM_CLOSE_ONLY_PANEL,True,"HISTORICAL UK RETAIL, ISA, ACCOUNT AND BROKER ELIGIBILITY REMAIN PARTLY UNRESOLVED"
DD_08,2025-06-05,DAILY_WITH_LAST_WEEKLY_SIGNAL_ASOF,2025-05-30,False,2024-03-07,2025-04-07,2025-08-14,1.522427455624529,-0.10890087169793994,GLOBAL_GOLD_MINERS,2025-04-01,1.0,5.0,-0.03517632350789757,0.07535345809806127,0.26180391882872356,0.4137878995661093,0.40481004913979857,-0.0011880709046102396,239.19151311568464,0.06047871197376309,0.10044663158083122,0.2697330954896575,0.415764914278619,1.207620872805893,NOT_AVAILABLE_NO_VALIDATED_HIGH_LOW_PANEL,0.13067655236329978,True,True,GLOBAL_URANIUM_NUCLEAR,NOT_DETERMINABLE_FROM_CLOSE_ONLY_PANEL,True,"HISTORICAL UK RETAIL, ISA, ACCOUNT AND BROKER ELIGIBILITY REMAIN PARTLY UNRESOLVED"
DD_08,2025-06-06,DAILY_WITH_LAST_WEEKLY_SIGNAL_ASOF,2025-06-06,True,2024-03-07,2025-04-07,2025-08-14,1.4893722689329294,-0.12824855748613606,GLOBAL_GOLD_MINERS,2025-04-01,1.0,9.0,-0.02601589825119255,0.04272247807093876,0.2553066499569192,0.47211715214931993,0.5514370131614275,-0.00152879379298782,233.99814899716793,0.03393303537289816,0.07333131122357694,0.23917852862227296,0.4161346847024852,1.2317414760218541,NOT_AVAILABLE_NO_VALIDATED_HIGH_LOW_PANEL,0.13067655236329978,True,False,,NOT_DETERMINABLE_FROM_CLOSE_ONLY_PANEL,True,"HISTORICAL UK RETAIL, ISA, ACCOUNT AND BROKER ELIGIBILITY REMAIN PARTLY UNRESOLVED"
DD_08,2025-06-09,DAILY_WITH_LAST_WEEKLY_SIGNAL_ASOF,2025-06-06,False,2024-03-07,2025-04-07,2025-08-14,1.4877982124238054,-0.12916987585700268,GLOBAL_GOLD_MINERS,2025-04-01,1.0,9.0,-0.02601589825119255,0.04272247807093876,0.2553066499569192,0.47211715214931993,0.5514370131614275,-0.00152879379298782,233.7508459439052,0.02976596505444329,0.06916986098104627,0.23494595405785934,0.41378014174517336,1.2259218236135425,NOT_AVAILABLE_NO_VALIDATED_HIGH_LOW_PANEL,0.13067655236329978,True,False,,NOT_DETERMINABLE_FROM_CLOSE_ONLY_PANEL,True,"HISTORICAL UK RETAIL, ISA, ACCOUNT AND BROKER ELIGIBILITY REMAIN PARTLY UNRESOLVED"
DD_08,2025-06-10,DAILY_WITH_LAST_WEEKLY_SIGNAL_ASOF,2025-06-06,False,2024-03-07,2025-04-07,2025-08-14,1.4674928834561087,-0.14105488284118017,GLOBAL_GOLD_MINERS,2025-04-01,1.0,9.0,-0.02601589825119255,0.04272247807093876,0.2553066499569192,0.47211715214931993,0.5514370131614275,-0.00152879379298782,230.56063655681638,0.014263097148072612,0.052325627888324844,0.21545391478911102,0.41211796765617387,1.2262604580907808,NOT_AVAILABLE_NO_VALIDATED_HIGH_LOW_PANEL,0.13067655236329978,True,False,,NOT_DETERMINABLE_FROM_CLOSE_ONLY_PANEL,True,"HISTORICAL UK RETAIL, ISA, ACCOUNT AND BROKER ELIGIBILITY REMAIN PARTLY UNRESOLVED"
DD_08,2025-06-11,DAILY_WITH_LAST_WEEKLY_SIGNAL_ASOF,2025-06-06,False,2024-03-07,2025-04-07,2025-08-14,1.47221505298348,-0.13829092772858065,GLOBAL_GOLD_MINERS,2025-04-01,1.0,9.0,-0.02601589825119255,0.04272247807093876,0.2553066499569192,0.47211715214931993,0.5514370131614275,-0.00152879379298782,231.30254571660447,0.015908145462161682,0.05341038377994933,0.21670930481276396,0.41195471041193676,1.22376999622411,NOT_AVAILABLE_NO_VALIDATED_HIGH_LOW_PANEL,0.13067655236329978,True,False,,NOT_DETERMINABLE_FROM_CLOSE_ONLY_PANEL,True,"HISTORICAL UK RETAIL, ISA, ACCOUNT AND BROKER ELIGIBILITY REMAIN PARTLY UNRESOLVED"
DD_08,2025-06-12,DAILY_WITH_LAST_WEEKLY_SIGNAL_ASOF,2025-06-06,False,2024-03-07,2025-04-07,2025-08-14,1.5118812770133994,-0.11507370478274548,GLOBAL_GOLD_MINERS,2025-04-01,1.0,9.0,-0.02601589825119255,0.04272247807093876,0.2553066499569192,0.47211715214931993,0.5514370131614275,-0.00152879379298782,237.53458265882452,0.03919124485490055,0.07833384326424375,0.2463971968804708,0.4145111036899754,0.9937433229786896,NOT_AVAILABLE_NO_VALIDATED_HIGH_LOW_PANEL,0.13067655236329978,True,False,,NOT_DETERMINABLE_FROM_CLOSE_ONLY_PANEL,True,"HISTORICAL UK RETAIL, ISA, ACCOUNT AND BROKER ELIGIBILITY REMAIN PARTLY UNRESOLVED"
DD_08,2025-06-13,DAILY_WITH_LAST_WEEKLY_SIGNAL_ASOF,2025-06-13,True,2024-03-07,2025-04-07,2025-08-14,1.545723491959561,-0.0952653598091161,GLOBAL_GOLD_MINERS,2025-04-01,1.0,6.0,0.17751852407889301,-0.0057712064619800385,0.2617402645999489,0.4899409396721017,0.6408231152386419,-0.0017539284234832418,242.85159830397262,0.05645464458076366,0.09805891948728607,0.27082827133619847,0.4147522216208864,0.9870337995431142,NOT_AVAILABLE_NO_VALIDATED_HIGH_LOW_PANEL,0.1376274328081557,True,True,GLOBAL_URANIUM_NUCLEAR,NOT_DETERMINABLE_FROM_CLOSE_ONLY_PANEL,True,"HISTORICAL UK RETAIL, ISA, ACCOUNT AND BROKER ELIGIBILITY REMAIN PARTLY UNRESOLVED"
DD_08,2025-06-16,DAILY_WITH_LAST_WEEKLY_SIGNAL_ASOF,2025-06-13,False,2024-03-07,2025-04-07,2025-08-14,1.53045514382106,-0.10420214800652106,GLOBAL_GOLD_MINERS,2025-04-01,1.0,6.0,0.17751852407889301,-0.0057712064619800385,0.2617402645999489,0.4899409396721017,0.6408231152386419,-0.0017539284234832418,240.4527586873244,0.041661340292559634,0.08350681258261328,0.2550499263516943,0.41549121223351065,0.9540174580711731,NOT_AVAILABLE_NO_VALIDATED_HIGH_LOW_PANEL,0.1376274328081557,True,True,GLOBAL_URANIUM_NUCLEAR,NOT_DETERMINABLE_FROM_CLOSE_ONLY_PANEL,True,"HISTORICAL UK RETAIL, ISA, ACCOUNT AND BROKER ELIGIBILITY REMAIN PARTLY UNRESOLVED"
DD_08,2025-06-17,DAILY_WITH_LAST_WEEKLY_SIGNAL_ASOF,2025-06-13,False,2024-03-07,2025-04-07,2025-08-14,1.5276218421046373,-0.10586052107408073,GLOBAL_GOLD_MINERS,2025-04-01,1.0,6.0,0.17751852407889301,-0.0057712064619800385,0.2617402645999489,0.4899409396721017,0.6408231152386419,-0.0017539284234832418,240.00761319145153,0.03599084619086246,0.07805534849742779,0.24958415850743143,0.4156390305577635,0.9539448963782993,NOT_AVAILABLE_NO_VALIDATED_HIGH_LOW_PANEL,0.1376274328081557,True,True,GLOBAL_URANIUM_NUCLEAR,NOT_DETERMINABLE_FROM_CLOSE_ONLY_PANEL,True,"HISTORICAL UK RETAIL, ISA, ACCOUNT AND BROKER ELIGIBILITY REMAIN PARTLY UNRESOLVED"
DD_08,2025-06-18,DAILY_WITH_LAST_WEEKLY_SIGNAL_ASOF,2025-06-13,False,2024-03-07,2025-04-07,2025-08-14,1.5249459460391266,-0.10742676230455384,GLOBAL_GOLD_MINERS,2025-04-01,1.0,6.0,0.17751852407889301,-0.0057712064619800385,0.2617402645999489,0.4899409396721017,0.6408231152386419,-0.0017539284234832418,239.58719800090492,0.030972976285169374,0.07296207419636924,0.244332190172446,0.4076891496463379,0.9479165472334308,NOT_AVAILABLE_NO_VALIDATED_HIGH_LOW_PANEL,0.1376274328081557,True,True,GLOBAL_URANIUM_NUCLEAR,NOT_DETERMINABLE_FROM_CLOSE_ONLY_PANEL,True,"HISTORICAL UK RETAIL, ISA, ACCOUNT AND BROKER ELIGIBILITY REMAIN PARTLY UNRESOLVED"
DD_08,2025-06-19,DAILY_WITH_LAST_WEEKLY_SIGNAL_ASOF,2025-06-13,False,2024-03-07,2025-04-07,2025-08-14,1.5199089652099307,-0.11037498109132649,GLOBAL_GOLD_MINERS,2025-04-01,1.0,6.0,0.17751852407889301,-0.0057712064619800385,0.2617402645999489,0.4899409396721017,0.6408231152386419,-0.0017539284234832418,238.79582823046428,0.024998817931477735,0.06651467450707749,0.2372646959474758,0.4072214864501076,0.9417139817112785,NOT_AVAILABLE_NO_VALIDATED_HIGH_LOW_PANEL,0.1376274328081557,True,True,GLOBAL_URANIUM_NUCLEAR,NOT_DETERMINABLE_FROM_CLOSE_ONLY_PANEL,True,"HISTORICAL UK RETAIL, ISA, ACCOUNT AND BROKER ELIGIBILITY REMAIN PARTLY UNRESOLVED"
DD_08,2025-06-20,DAILY_WITH_LAST_WEEKLY_SIGNAL_ASOF,2025-06-20,True,2024-03-07,2025-04-07,2025-08-14,1.511409060060662,-0.11535010029400561,GLOBAL_GOLD_MINERS,2025-04-01,1.0,9.0,0.06329086149284313,-0.08334203183865097,0.15274792616759636,0.5550895452517954,0.5699410603427857,0.00046411263188242,237.46039174284567,0.01748450049819028,0.05803798660943693,0.22753194789631648,0.40750527173605555,0.9309753798061668,NOT_AVAILABLE_NO_VALIDATED_HIGH_LOW_PANEL,0.1376274328081557,True,True,GLOBAL_URANIUM_NUCLEAR,NOT_DETERMINABLE_FROM_CLOSE_ONLY_PANEL,True,"HISTORICAL UK RETAIL, ISA, ACCOUNT AND BROKER ELIGIBILITY REMAIN PARTLY UNRESOLVED"
DD_08,2025-06-23,DAILY_WITH_LAST_WEEKLY_SIGNAL_ASOF,2025-06-20,False,2024-03-07,2025-04-07,2025-08-14,1.5387976433194162,-0.09931916064092872,GLOBAL_GOLD_MINERS,2025-04-01,1.0,9.0,0.06329086149284313,-0.08334203183865097,0.15274792616759636,0.5550895452517954,0.5699410603427857,0.00046411263188242,241.7634648696167,0.0325505779801476,0.07395911182728154,0.2466779159291137,0.40702989407545426,0.9201783658343997,NOT_AVAILABLE_NO_VALIDATED_HIGH_LOW_PANEL,0.1376274328081557,True,True,GLOBAL_URANIUM_NUCLEAR,NOT_DETERMINABLE_FROM_CLOSE_ONLY_PANEL,True,"HISTORICAL UK RETAIL, ISA, ACCOUNT AND BROKER ELIGIBILITY REMAIN PARTLY UNRESOLVED"
DD_08,2025-06-24,DAILY_WITH_LAST_WEEKLY_SIGNAL_ASOF,2025-06-20,False,2024-03-07,2025-04-07,2025-08-14,1.457733733099541,-0.14676705674055246,GLOBAL_GOLD_MINERS,2025-04-01,1.0,9.0,0.06329086149284313,-0.08334203183865097,0.15274792616759636,0.5550895452517954,0.5699410603427857,0.00046411263188242,229.0273576265876,-0.01989789606272685,0.01668985070733542,0.17887969223726818,0.4215608095590707,1.091375140421852,NOT_AVAILABLE_NO_VALIDATED_HIGH_LOW_PANEL,0.1376274328081557,True,True,GLOBAL_URANIUM_NUCLEAR,NOT_DETERMINABLE_FROM_CLOSE_ONLY_PANEL,True,"HISTORICAL UK RETAIL, ISA, ACCOUNT AND BROKER ELIGIBILITY REMAIN PARTLY UNRESOLVED"
DD_08,2025-06-25,DAILY_WITH_LAST_WEEKLY_SIGNAL_ASOF,2025-06-20,False,2024-03-07,2025-04-07,2025-08-14,1.4550578370340304,-0.14833329797102557,GLOBAL_GOLD_MINERS,2025-04-01,1.0,9.0,0.06329086149284313,-0.08334203183865097,0.15274792616759636,0.5550895452517954,0.5699410603427857,0.00046411263188242,228.60694243604098,-0.019763551196611884,0.014233968530682484,0.174650212213453,0.4209831649825096,1.076916913328899,NOT_AVAILABLE_NO_VALIDATED_HIGH_LOW_PANEL,0.1376274328081557,True,True,GLOBAL_URANIUM_NUCLEAR,NOT_DETERMINABLE_FROM_CLOSE_ONLY_PANEL,True,"HISTORICAL UK RETAIL, ISA, ACCOUNT AND BROKER ELIGIBILITY REMAIN PARTLY UNRESOLVED"
DD_08,2025-06-26,DAILY_WITH_LAST_WEEKLY_SIGNAL_ASOF,2025-06-20,False,2024-03-07,2025-04-07,2025-08-14,1.4611966574196134,-0.1447401563246462,GLOBAL_GOLD_MINERS,2025-04-01,1.0,9.0,0.06329086149284313,-0.08334203183865097,0.15274792616759636,0.5550895452517954,0.5699410603427857,0.00046411263188242,229.57142434376553,-0.014227467736901644,0.01777407087681282,0.17750166405550027,0.41913902331072284,1.0746834017791482,NOT_AVAILABLE_NO_VALIDATED_HIGH_LOW_PANEL,0.1376274328081557,True,True,GLOBAL_URANIUM_NUCLEAR,NOT_DETERMINABLE_FROM_CLOSE_ONLY_PANEL,True,"HISTORICAL UK RETAIL, ISA, ACCOUNT AND BROKER ELIGIBILITY REMAIN PARTLY UNRESOLVED"
DD_08,2025-06-27,DAILY_WITH_LAST_WEEKLY_SIGNAL_ASOF,2025-06-27,True,2024-03-07,2025-04-07,2025-08-14,1.4021695383274713,-0.17928959523213917,GLOBAL_GOLD_MINERS,2025-04-01,3.0,19.0,-0.05041346263846369,-0.07317649392118475,0.05714619150993738,0.44140474567933907,0.4260997600206242,0.001250686047460102,220.29755984641423,-0.04937821596938219,-0.02244559793328693,0.12847582012861758,0.42752652817073966,1.1499692433862796,NOT_AVAILABLE_NO_VALIDATED_HIGH_LOW_PANEL,0.1376274328081557,False,True,GLOBAL_SEMICONDUCTORS,NOT_DETERMINABLE_FROM_CLOSE_ONLY_PANEL,True,"HISTORICAL UK RETAIL, ISA, ACCOUNT AND BROKER ELIGIBILITY REMAIN PARTLY UNRESOLVED"
DD_08,2025-06-30,DAILY_WITH_LAST_WEEKLY_SIGNAL_ASOF,2025-06-27,False,2024-03-07,2025-04-07,2025-08-14,1.4350673193681585,-0.16003404128102972,GLOBAL_GOLD_MINERS,2025-04-01,3.0,19.0,-0.05041346263846369,-0.07317649392118475,0.05714619150993738,0.44140474567933907,0.4260997600206242,0.001250686047460102,225.4661936596047,-0.024674071027721567,0.0004706203531097408,0.15317420494931233,0.4291786836473916,1.1662338833721857,NOT_AVAILABLE_NO_VALIDATED_HIGH_LOW_PANEL,0.1376274328081557,False,True,GLOBAL_SEMICONDUCTORS,NOT_DETERMINABLE_FROM_CLOSE_ONLY_PANEL,True,"HISTORICAL UK RETAIL, ISA, ACCOUNT AND BROKER ELIGIBILITY REMAIN PARTLY UNRESOLVED"
DD_08,2025-07-01,DAILY_WITH_LAST_WEEKLY_SIGNAL_ASOF,2025-06-27,False,2024-03-07,2025-04-07,2025-08-14,1.445913389091411,-0.15368567752800677,EUROPE_BANKS,2025-07-01,1.0,11.0,-0.009608376493096538,0.012571861004504692,0.057628827258505044,0.5116104480002299,0.46666981308126565,0.0004585596139700338,229.95755216193234,0.005645572858143266,0.03290806591436746,0.19134481506876555,0.31304979150774126,1.0412427637299648,NOT_AVAILABLE_NO_VALIDATED_HIGH_LOW_PANEL,0.0,True,True,GLOBAL_SEMICONDUCTORS,NOT_DETERMINABLE_FROM_CLOSE_ONLY_PANEL,True,"HISTORICAL UK RETAIL, ISA, ACCOUNT AND BROKER ELIGIBILITY REMAIN PARTLY UNRESOLVED"
DD_08,2025-07-02,DAILY_WITH_LAST_WEEKLY_SIGNAL_ASOF,2025-06-27,False,2024-03-07,2025-04-07,2025-08-14,1.476313374689813,-0.13589211989933248,EUROPE_BANKS,2025-07-01,1.0,11.0,-0.009608376493096538,0.012571861004504692,0.057628827258505044,0.5116104480002299,0.46666981308126565,0.0004585596139700338,234.79235508077062,0.024294499610460596,0.052370382103793967,0.2137790965388544,0.3145320991972157,1.0940487112216415,NOT_AVAILABLE_NO_VALIDATED_HIGH_LOW_PANEL,0.021024762498053073,True,True,GLOBAL_SEMICONDUCTORS,NOT_DETERMINABLE_FROM_CLOSE_ONLY_PANEL,True,"HISTORICAL UK RETAIL, ISA, ACCOUNT AND BROKER ELIGIBILITY REMAIN PARTLY UNRESOLVED"
DD_08,2025-07-03,DAILY_WITH_LAST_WEEKLY_SIGNAL_ASOF,2025-06-27,False,2024-03-07,2025-04-07,2025-08-14,1.4854333703693339,-0.13055405261072994,EUROPE_BANKS,2025-07-01,1.0,11.0,-0.009608376493096538,0.012571861004504692,0.057628827258505044,0.5116104480002299,0.46666981308126565,0.0004585596139700338,236.24279595642213,0.027761015618209983,0.05643248080767127,0.21859421751579866,0.31231238877707324,1.0857130880976775,NOT_AVAILABLE_NO_VALIDATED_HIGH_LOW_PANEL,0.027332191247469106,True,True,GLOBAL_SEMICONDUCTORS,NOT_DETERMINABLE_FROM_CLOSE_ONLY_PANEL,True,"HISTORICAL UK RETAIL, ISA, ACCOUNT AND BROKER ELIGIBILITY REMAIN PARTLY UNRESOLVED"
DD_08,2025-07-04,DAILY_WITH_LAST_WEEKLY_SIGNAL_ASOF,2025-07-04,True,2024-03-07,2025-04-07,2025-08-14,1.4722600432766928,-0.1382645942498223,EUROPE_BANKS,2025-07-01,2.0,12.0,-0.012752681038634583,0.01913812108185642,0.06808809207150412,0.4927496601669228,0.4005423444901388,0.00010057436201124917,234.14771469159217,0.016922661301848718,0.04513474243790139,0.20529531978597393,0.31018016945405896,1.0743865660660208,NOT_AVAILABLE_NO_VALIDATED_HIGH_LOW_PANEL,0.027332191247469106,False,True,GLOBAL_SOLAR;GLOBAL_URANIUM_NUCLEAR,NOT_DETERMINABLE_FROM_CLOSE_ONLY_PANEL,True,"HISTORICAL UK RETAIL, ISA, ACCOUNT AND BROKER ELIGIBILITY REMAIN PARTLY UNRESOLVED"
DD_08,2025-07-07,DAILY_WITH_LAST_WEEKLY_SIGNAL_ASOF,2025-07-04,False,2024-03-07,2025-04-07,2025-08-14,1.4873474435366405,-0.12943371750077648,EUROPE_BANKS,2025-07-01,2.0,12.0,-0.012752681038634583,0.01913812108185642,0.06808809207150412,0.4927496601669228,0.4005423444901388,0.00010057436201124917,236.54720947353417,0.024796418416389354,0.053537805551173046,0.21501563598977547,0.3090007768877724,1.0749606996698546,NOT_AVAILABLE_NO_VALIDATED_HIGH_LOW_PANEL,0.028655972589939127,False,True,GLOBAL_SOLAR;GLOBAL_URANIUM_NUCLEAR,NOT_DETERMINABLE_FROM_CLOSE_ONLY_PANEL,True,"HISTORICAL UK RETAIL, ISA, ACCOUNT AND BROKER ELIGIBILITY REMAIN PARTLY UNRESOLVED"
DD_08,2025-07-08,DAILY_WITH_LAST_WEEKLY_SIGNAL_ASOF,2025-07-04,False,2024-03-07,2025-04-07,2025-08-14,1.5046866945816553,-0.11928479944590276,EUROPE_BANKS,2025-07-01,2.0,12.0,-0.012752681038634583,0.01913812108185642,0.06808809207150412,0.4927496601669228,0.4005423444901388,0.00010057436201124917,239.30483780501976,0.03329181884420129,0.06307579855125955,0.22638344432751922,0.3093643655450507,1.0876363784323222,NOT_AVAILABLE_NO_VALIDATED_HIGH_LOW_PANEL,0.04064787416290305,False,True,GLOBAL_SOLAR;GLOBAL_URANIUM_NUCLEAR,NOT_DETERMINABLE_FROM_CLOSE_ONLY_PANEL,True,"HISTORICAL UK RETAIL, ISA, ACCOUNT AND BROKER ELIGIBILITY REMAIN PARTLY UNRESOLVED"
DD_08,2025-07-09,DAILY_WITH_LAST_WEEKLY_SIGNAL_ASOF,2025-07-04,False,2024-03-07,2025-04-07,2025-08-14,1.5434185280848047,-0.0966144889856656,EUROPE_BANKS,2025-07-01,2.0,12.0,-0.012752681038634583,0.01913812108185642,0.06808809207150412,0.4927496601669228,0.4005423444901388,0.00010057436201124917,245.4647348571693,0.05415024493781839,0.08658644685847872,0.25473103515990614,0.2991555512612611,1.119620669391441,NOT_AVAILABLE_NO_VALIDATED_HIGH_LOW_PANEL,0.06743497897523731,False,True,GLOBAL_SOLAR;GLOBAL_URANIUM_NUCLEAR,NOT_DETERMINABLE_FROM_CLOSE_ONLY_PANEL,True,"HISTORICAL UK RETAIL, ISA, ACCOUNT AND BROKER ELIGIBILITY REMAIN PARTLY UNRESOLVED"
DD_08,2025-07-10,DAILY_WITH_LAST_WEEKLY_SIGNAL_ASOF,2025-07-04,False,2024-03-07,2025-04-07,2025-08-14,1.5213503903911496,-0.1095312937827776,EUROPE_BANKS,2025-07-01,2.0,12.0,-0.012752681038634583,0.01913812108185642,0.06808809207150412,0.4927496601669228,0.4005423444901388,0.00010057436201124917,241.9550260716422,0.03539949043611168,0.0680742385895643,0.23388343051709204,0.25090815132895516,1.1477603398550962,NOT_AVAILABLE_NO_VALIDATED_HIGH_LOW_PANEL,0.06743497897523731,False,True,GLOBAL_SOLAR;GLOBAL_URANIUM_NUCLEAR,NOT_DETERMINABLE_FROM_CLOSE_ONLY_PANEL,True,"HISTORICAL UK RETAIL, ISA, ACCOUNT AND BROKER ELIGIBILITY REMAIN PARTLY UNRESOLVED"
DD_08,2025-07-11,DAILY_WITH_LAST_WEEKLY_SIGNAL_ASOF,2025-07-11,True,2024-03-07,2025-04-07,2025-08-14,1.5001829930115216,-0.12192088205755824,EUROPE_BANKS,2025-07-01,2.0,12.0,-0.0007223727223107934,0.02876393270986144,0.11240945440421779,0.4416855192003062,0.41625944390269454,7.161960402709639e-05,238.58857070593257,0.019048554411068785,0.05102025115449549,0.21409767117253264,0.2445452950978877,1.172684438307303,NOT_AVAILABLE_NO_VALIDATED_HIGH_LOW_PANEL,0.06743497897523731,False,True,GLOBAL_SEMICONDUCTORS,NOT_DETERMINABLE_FROM_CLOSE_ONLY_PANEL,True,"HISTORICAL UK RETAIL, ISA, ACCOUNT AND BROKER ELIGIBILITY REMAIN PARTLY UNRESOLVED"
DD_08,2025-07-14,DAILY_WITH_LAST_WEEKLY_SIGNAL_ASOF,2025-07-11,False,2024-03-07,2025-04-07,2025-08-14,1.513581505182669,-0.11407853628788323,EUROPE_BANKS,2025-07-01,2.0,12.0,-0.0007223727223107934,0.02876393270986144,0.11240945440421779,0.4416855192003062,0.41625944390269454,7.161960402709639e-05,240.71946532571687,0.025525526850721514,0.05790110636550572,0.22220551876500427,0.24012667343925714,1.1299311705214976,NOT_AVAILABLE_NO_VALIDATED_HIGH_LOW_PANEL,0.06743497897523731,False,True,GLOBAL_SEMICONDUCTORS,NOT_DETERMINABLE_FROM_CLOSE_ONLY_PANEL,True,"HISTORICAL UK RETAIL, ISA, ACCOUNT AND BROKER ELIGIBILITY REMAIN PARTLY UNRESOLVED"
DD_08,2025-07-15,DAILY_WITH_LAST_WEEKLY_SIGNAL_ASOF,2025-07-11,False,2024-03-07,2025-04-07,2025-08-14,1.4938778108133344,-0.12561139771387597,EUROPE_BANKS,2025-07-01,2.0,12.0,-0.0007223727223107934,0.02876393270986144,0.11240945440421779,0.4416855192003062,0.41625944390269454,7.161960402709639e-05,237.58579676721055,0.01105622595272937,0.04232561341385721,0.20382386356960458,0.2400962547595678,1.085357146288537,NOT_AVAILABLE_NO_VALIDATED_HIGH_LOW_PANEL,0.06743497897523731,False,True,GLOBAL_SEMICONDUCTORS,NOT_DETERMINABLE_FROM_CLOSE_ONLY_PANEL,True,"HISTORICAL UK RETAIL, ISA, ACCOUNT AND BROKER ELIGIBILITY REMAIN PARTLY UNRESOLVED"
DD_08,2025-07-16,DAILY_WITH_LAST_WEEKLY_SIGNAL_ASOF,2025-07-11,False,2024-03-07,2025-04-07,2025-08-14,1.4955666989021346,-0.12462286673450518,EUROPE_BANKS,2025-07-01,2.0,12.0,-0.0007223727223107934,0.02876393270986144,0.11240945440421779,0.4416855192003062,0.41625944390269454,7.161960402709639e-05,237.85439692936825,0.011077955279473972,0.04172677695158056,0.2027292937671421,0.21305470202528298,1.0234851749940128,NOT_AVAILABLE_NO_VALIDATED_HIGH_LOW_PANEL,0.06743497897523731,False,True,GLOBAL_SEMICONDUCTORS,NOT_DETERMINABLE_FROM_CLOSE_ONLY_PANEL,True,"HISTORICAL UK RETAIL, ISA, ACCOUNT AND BROKER ELIGIBILITY REMAIN PARTLY UNRESOLVED"
DD_08,2025-07-17,DAILY_WITH_LAST_WEEKLY_SIGNAL_ASOF,2025-07-11,False,2024-03-07,2025-04-07,2025-08-14,1.4998452153937616,-0.12211858825343236,EUROPE_BANKS,2025-07-01,2.0,12.0,-0.0007223727223107934,0.02876393270986144,0.11240945440421779,0.4416855192003062,0.41625944390269454,7.161960402709639e-05,238.53485067350104,0.012684296434702258,0.04287855947356878,0.2037007372248707,0.21269361640484757,1.0085738862357796,NOT_AVAILABLE_NO_VALIDATED_HIGH_LOW_PANEL,0.06743497897523731,False,True,GLOBAL_SEMICONDUCTORS,NOT_DETERMINABLE_FROM_CLOSE_ONLY_PANEL,True,"HISTORICAL UK RETAIL, ISA, ACCOUNT AND BROKER ELIGIBILITY REMAIN PARTLY UNRESOLVED"
DD_08,2025-07-18,DAILY_WITH_LAST_WEEKLY_SIGNAL_ASOF,2025-07-18,True,2024-03-07,2025-04-07,2025-08-14,1.506037805052695,-0.1184939746624063,EUROPE_BANKS,2025-07-01,1.0,16.0,0.00959075507559759,-0.00758582712250544,0.03711907449209928,0.4114601518976082,0.3727429443238115,-0.00017400476166579387,239.51971793474584,0.015308788855428856,0.04525031737973473,0.20616620758935134,0.2064645494487946,0.9256516992716716,NOT_AVAILABLE_NO_VALIDATED_HIGH_LOW_PANEL,0.06743497897523731,True,False,,NOT_DETERMINABLE_FROM_CLOSE_ONLY_PANEL,True,"HISTORICAL UK RETAIL, ISA, ACCOUNT AND BROKER ELIGIBILITY REMAIN PARTLY UNRESOLVED"
DD_08,2025-07-21,DAILY_WITH_LAST_WEEKLY_SIGNAL_ASOF,2025-07-18,False,2024-03-07,2025-04-07,2025-08-14,1.5076141006022419,-0.11757134574832684,EUROPE_BANKS,2025-07-01,1.0,16.0,0.00959075507559759,-0.00758582712250544,0.03711907449209928,0.4114601518976082,0.3727429443238115,-0.00017400476166579387,239.77041141942635,0.014861029862384578,0.04444612720467056,0.20494168293945458,0.20415143999881835,0.9204321332884542,NOT_AVAILABLE_NO_VALIDATED_HIGH_LOW_PANEL,0.06743497897523731,True,False,,NOT_DETERMINABLE_FROM_CLOSE_ONLY_PANEL,True,"HISTORICAL UK RETAIL, ISA, ACCOUNT AND BROKER ELIGIBILITY REMAIN PARTLY UNRESOLVED"
DD_08,2025-07-22,DAILY_WITH_LAST_WEEKLY_SIGNAL_ASOF,2025-07-18,False,2024-03-07,2025-04-07,2025-08-14,1.5041237318853882,-0.11961430977235987,EUROPE_BANKS,2025-07-01,1.0,16.0,0.00959075507559759,-0.00758582712250544,0.03711907449209928,0.4114601518976082,0.3727429443238115,-0.00017400476166579387,239.2153044176338,0.01136113561905705,0.04031346421875215,0.19973881901026025,0.20373731978407564,0.9038215393751378,NOT_AVAILABLE_NO_VALIDATED_HIGH_LOW_PANEL,0.06743497897523731,True,False,,NOT_DETERMINABLE_FROM_CLOSE_ONLY_PANEL,True,"HISTORICAL UK RETAIL, ISA, ACCOUNT AND BROKER ELIGIBILITY REMAIN PARTLY UNRESOLVED"
DD_08,2025-07-23,DAILY_WITH_LAST_WEEKLY_SIGNAL_ASOF,2025-07-18,False,2024-03-07,2025-04-07,2025-08-14,1.5263044621182966,-0.10663160290995655,EUROPE_BANKS,2025-07-01,1.0,16.0,0.00959075507559759,-0.00758582712250544,0.03711907449209928,0.4114601518976082,0.3727429443238115,-0.00017400476166579387,242.74291988063808,0.02382970311731314,0.05335558185181899,0.2148026874262028,0.20348282820867078,0.8512073423422667,NOT_AVAILABLE_NO_VALIDATED_HIGH_LOW_PANEL,0.06743497897523731,True,False,,NOT_DETERMINABLE_FROM_CLOSE_ONLY_PANEL,True,"HISTORICAL UK RETAIL, ISA, ACCOUNT AND BROKER ELIGIBILITY REMAIN PARTLY UNRESOLVED"
DD_08,2025-07-24,DAILY_WITH_LAST_WEEKLY_SIGNAL_ASOF,2025-07-18,False,2024-03-07,2025-04-07,2025-08-14,1.5695399971915798,-0.0813252098380639,EUROPE_BANKS,2025-07-01,1.0,16.0,0.00959075507559759,-0.00758582712250544,0.03711907449209928,0.4114601518976082,0.3727429443238115,-0.00017400476166579387,249.6190840318748,0.04779921325859826,0.07967148680141078,0.24612426050444736,0.2095947956627301,0.9081930686408458,NOT_AVAILABLE_NO_VALIDATED_HIGH_LOW_PANEL,0.08550070082541628,True,False,,NOT_DETERMINABLE_FROM_CLOSE_ONLY_PANEL,True,"HISTORICAL UK RETAIL, ISA, ACCOUNT AND BROKER ELIGIBILITY REMAIN PARTLY UNRESOLVED"
DD_08,2025-07-25,DAILY_WITH_LAST_WEEKLY_SIGNAL_ASOF,2025-07-25,True,2024-03-07,2025-04-07,2025-08-14,1.5740436987617135,-0.07868912722640842,EUROPE_BANKS,2025-07-01,2.0,6.0,0.03643613271710766,0.026178304696043986,0.05085758541108154,0.4191796608571807,0.3875218167949137,0.00014368440314461786,250.33535113096195,0.04597475657828354,0.07926638760209115,0.2466026601801452,0.20061372462913438,0.9026429718106391,NOT_AVAILABLE_NO_VALIDATED_HIGH_LOW_PANEL,0.08861548045475764,False,True,GLOBAL_BATTERY_EV;GLOBAL_CLEAN_ENERGY;GLOBAL_SOLAR,NOT_DETERMINABLE_FROM_CLOSE_ONLY_PANEL,True,"HISTORICAL UK RETAIL, ISA, ACCOUNT AND BROKER ELIGIBILITY REMAIN PARTLY UNRESOLVED"
DD_08,2025-07-28,DAILY_WITH_LAST_WEEKLY_SIGNAL_ASOF,2025-07-25,False,2024-03-07,2025-04-07,2025-08-14,1.5582807432662455,-0.08791541636720268,EUROPE_BANKS,2025-07-01,2.0,6.0,0.03643613271710766,0.026178304696043986,0.05085758541108154,0.4191796608571807,0.3875218167949137,0.00014368440314461786,247.8284162841569,0.032168950200542445,0.06559753932152956,0.23125055172008224,0.20083267217463002,0.893984594340429,NOT_AVAILABLE_NO_VALIDATED_HIGH_LOW_PANEL,0.08861548045475764,False,True,GLOBAL_BATTERY_EV;GLOBAL_CLEAN_ENERGY;GLOBAL_SOLAR,NOT_DETERMINABLE_FROM_CLOSE_ONLY_PANEL,True,"HISTORICAL UK RETAIL, ISA, ACCOUNT AND BROKER ELIGIBILITY REMAIN PARTLY UNRESOLVED"
DD_08,2025-07-29,DAILY_WITH_LAST_WEEKLY_SIGNAL_ASOF,2025-07-25,False,2024-03-07,2025-04-07,2025-08-14,1.5826007317449673,-0.073680570264263,EUROPE_BANKS,2025-07-01,2.0,6.0,0.03643613271710766,0.026178304696043986,0.05085758541108154,0.4191796608571807,0.3875218167949137,0.00014368440314461786,251.69625861922756,0.043697258175228626,0.07874967586947901,0.24735792914654597,0.20072600427093398,0.9122413399029186,NOT_AVAILABLE_NO_VALIDATED_HIGH_LOW_PANEL,0.09453356175050587,False,True,GLOBAL_BATTERY_EV;GLOBAL_CLEAN_ENERGY;GLOBAL_SOLAR,NOT_DETERMINABLE_FROM_CLOSE_ONLY_PANEL,True,"HISTORICAL UK RETAIL, ISA, ACCOUNT AND BROKER ELIGIBILITY REMAIN PARTLY UNRESOLVED"
DD_08,2025-07-30,DAILY_WITH_LAST_WEEKLY_SIGNAL_ASOF,2025-07-25,False,2024-03-07,2025-04-07,2025-08-14,1.602867388810569,-0.06181819851181325,EUROPE_BANKS,2025-07-01,2.0,6.0,0.03643613271710766,0.026178304696043986,0.05085758541108154,0.4191796608571807,0.3875218167949137,0.00014368440314461786,254.9194605651198,0.051607521948749735,0.08861243415442766,0.2600299460345221,0.2015555519122574,0.8935587508528338,NOT_AVAILABLE_NO_VALIDATED_HIGH_LOW_PANEL,0.10855007008254147,False,True,GLOBAL_BATTERY_EV;GLOBAL_CLEAN_ENERGY;GLOBAL_SOLAR,NOT_DETERMINABLE_FROM_CLOSE_ONLY_PANEL,True,"HISTORICAL UK RETAIL, ISA, ACCOUNT AND BROKER ELIGIBILITY REMAIN PARTLY UNRESOLVED"
DD_08,2025-07-31,DAILY_WITH_LAST_WEEKLY_SIGNAL_ASOF,2025-07-25,False,2024-03-07,2025-04-07,2025-08-14,1.613788865118143,-0.05542569817854881,EUROPE_BANKS,2025-07-01,2.0,6.0,0.03643613271710766,0.026178304696043986,0.05085758541108154,0.4191796608571807,0.3875218167949137,0.00014368440314461786,256.65640828040614,0.05314592597245271,0.09191789431515573,0.2652337223995491,0.20053871468696807,0.8554597787362314,NOT_AVAILABLE_NO_VALIDATED_HIGH_LOW_PANEL,0.11610341068369401,False,True,GLOBAL_BATTERY_EV;GLOBAL_CLEAN_ENERGY;GLOBAL_SOLAR,NOT_DETERMINABLE_FROM_CLOSE_ONLY_PANEL,True,"HISTORICAL UK RETAIL, ISA, ACCOUNT AND BROKER ELIGIBILITY REMAIN PARTLY UNRESOLVED"
DD_08,2025-08-01,DAILY_WITH_LAST_WEEKLY_SIGNAL_ASOF,2025-08-01,True,2024-03-07,2025-04-07,2025-08-14,1.571003700201873,-0.08046848298927589,EUROPE_BANKS,2025-07-01,2.0,4.0,0.03925046605207605,0.04364225320245785,0.06932639090874204,0.4377629255430744,0.4894750361860609,0.0006830970046289564,249.85187083907812,0.0228790473564211,0.06035031267266788,0.22885656938330912,0.20231625053713817,0.9790858510604068,NOT_AVAILABLE_NO_VALIDATED_HIGH_LOW_PANEL,0.11610341068369401,False,True,GLOBAL_BATTERY_EV,NOT_DETERMINABLE_FROM_CLOSE_ONLY_PANEL,True,"HISTORICAL UK RETAIL, ISA, ACCOUNT AND BROKER ELIGIBILITY REMAIN PARTLY UNRESOLVED"
DD_08,2025-08-04,DAILY_WITH_LAST_WEEKLY_SIGNAL_ASOF,2025-08-01,False,2024-03-07,2025-04-07,2025-08-14,1.6115370143330756,-0.05674373948437683,EUROPE_BANKS,2025-07-01,2.0,4.0,0.03925046605207605,0.04364225320245785,0.06932639090874204,0.4377629255430744,0.4894750361860609,0.0006830970046289564,256.2982747308625,0.04459140681098672,0.08397991436800556,0.25730242276477844,0.20498694866379458,1.0218855281447765,NOT_AVAILABLE_NO_VALIDATED_HIGH_LOW_PANEL,0.11610341068369401,False,True,GLOBAL_BATTERY_EV,NOT_DETERMINABLE_FROM_CLOSE_ONLY_PANEL,True,"HISTORICAL UK RETAIL, ISA, ACCOUNT AND BROKER ELIGIBILITY REMAIN PARTLY UNRESOLVED"
DD_08,2025-08-05,DAILY_WITH_LAST_WEEKLY_SIGNAL_ASOF,2025-08-01,False,2024-03-07,2025-04-07,2025-08-14,1.608609608312489,-0.05845719318195275,EUROPE_BANKS,2025-07-01,2.0,4.0,0.03925046605207605,0.04364225320245785,0.06932639090874204,0.4377629255430744,0.4894750361860609,0.0006830970046289564,255.83270111645587,0.03866255392130924,0.07854212063528054,0.2518419488932888,0.20447206453023017,1.0182023149781065,NOT_AVAILABLE_NO_VALIDATED_HIGH_LOW_PANEL,0.11610341068369401,False,True,GLOBAL_BATTERY_EV,NOT_DETERMINABLE_FROM_CLOSE_ONLY_PANEL,True,"HISTORICAL UK RETAIL, ISA, ACCOUNT AND BROKER ELIGIBILITY REMAIN PARTLY UNRESOLVED"
DD_08,2025-08-06,DAILY_WITH_LAST_WEEKLY_SIGNAL_ASOF,2025-08-01,False,2024-03-07,2025-04-07,2025-08-14,1.6298895982313706,-0.04600170284188054,EUROPE_BANKS,2025-07-01,2.0,4.0,0.03925046605207605,0.04364225320245785,0.06932639090874204,0.4377629255430744,0.4894750361860609,0.0006830970046289564,259.2170631596427,0.0474130591557651,0.08884697498342531,0.2650238662493227,0.20554775551794574,1.0187328270167442,NOT_AVAILABLE_NO_VALIDATED_HIGH_LOW_PANEL,0.12723874785858857,False,True,GLOBAL_BATTERY_EV,NOT_DETERMINABLE_FROM_CLOSE_ONLY_PANEL,True,"HISTORICAL UK RETAIL, ISA, ACCOUNT AND BROKER ELIGIBILITY REMAIN PARTLY UNRESOLVED"
DD_08,2025-08-07,DAILY_WITH_LAST_WEEKLY_SIGNAL_ASOF,2025-08-01,False,2024-03-07,2025-04-07,2025-08-14,1.654096994170839,-0.03183275880423231,EUROPE_BANKS,2025-07-01,2.0,4.0,0.03925046605207605,0.04364225320245785,0.06932639090874204,0.4377629255430744,0.4894750361860609,0.0006830970046289564,263.0669988172362,0.056919089869448714,0.10048649177755031,0.2801969357552021,0.2055824126321503,0.9716275136442311,NOT_AVAILABLE_NO_VALIDATED_HIGH_LOW_PANEL,0.14398068836629774,False,True,GLOBAL_BATTERY_EV,NOT_DETERMINABLE_FROM_CLOSE_ONLY_PANEL,True,"HISTORICAL UK RETAIL, ISA, ACCOUNT AND BROKER ELIGIBILITY REMAIN PARTLY UNRESOLVED"
DD_08,2025-08-08,DAILY_WITH_LAST_WEEKLY_SIGNAL_ASOF,2025-08-08,True,2024-03-07,2025-04-07,2025-08-14,1.6846095723084946,-0.013973299110266346,EUROPE_BANKS,2025-07-01,1.0,3.0,0.08277359001847429,0.10643588332607123,0.1212646499685548,0.4614526474154732,0.579148811705338,0.0016293539116228987,267.9197084135517,0.0689895787110768,0.11550295631630347,0.2998827476989039,0.20761150718154678,0.953837665729565,NOT_AVAILABLE_NO_VALIDATED_HIGH_LOW_PANEL,0.16508332035508455,True,False,,NOT_DETERMINABLE_FROM_CLOSE_ONLY_PANEL,True,"HISTORICAL UK RETAIL, ISA, ACCOUNT AND BROKER ELIGIBILITY REMAIN PARTLY UNRESOLVED"
DD_08,2025-08-11,DAILY_WITH_LAST_WEEKLY_SIGNAL_ASOF,2025-08-08,False,2024-03-07,2025-04-07,2025-08-14,1.6883251261038552,-0.01179853095565031,EUROPE_BANKS,2025-07-01,1.0,3.0,0.08277359001847429,0.10643588332607123,0.1212646499685548,0.4614526474154732,0.579148811705338,0.0016293539116228987,268.51062877029864,0.06444322143676984,0.11281539874192203,0.29883709005759096,0.20627677760066093,0.9054846197394211,NOT_AVAILABLE_NO_VALIDATED_HIGH_LOW_PANEL,0.1676530135492913,True,False,,NOT_DETERMINABLE_FROM_CLOSE_ONLY_PANEL,True,"HISTORICAL UK RETAIL, ISA, ACCOUNT AND BROKER ELIGIBILITY REMAIN PARTLY UNRESOLVED"
DD_08,2025-08-12,DAILY_WITH_LAST_WEEKLY_SIGNAL_ASOF,2025-08-08,False,2024-03-07,2025-04-07,2025-08-14,1.6956436411553222,-0.0075148967117103505,EUROPE_BANKS,2025-07-01,1.0,3.0,0.08277359001847429,0.10643588332607123,0.1212646499685548,0.4614526474154732,0.579148811705338,0.0016293539116228987,269.67456280631524,0.06238773963130928,0.11250687629134193,0.30052728094879,0.2062444656495535,0.9041905916967503,NOT_AVAILABLE_NO_VALIDATED_HIGH_LOW_PANEL,0.1727145304469706,True,False,,NOT_DETERMINABLE_FROM_CLOSE_ONLY_PANEL,True,"HISTORICAL UK RETAIL, ISA, ACCOUNT AND BROKER ELIGIBILITY REMAIN PARTLY UNRESOLVED"
DD_08,2025-08-13,DAILY_WITH_LAST_WEEKLY_SIGNAL_ASOF,2025-08-08,False,2024-03-07,2025-04-07,2025-08-14,1.7073532652376695,-0.0006610819214062369,EUROPE_BANKS,2025-07-01,1.0,3.0,0.08277359001847429,0.10643588332607123,0.1212646499685548,0.4614526474154732,0.579148811705338,0.0016293539116228987,271.53685726394184,0.06298646652426121,0.11493448949894458,0.30548785443082616,0.20509479757367802,0.8531544773329157,NOT_AVAILABLE_NO_VALIDATED_HIGH_LOW_PANEL,0.18081295748325776,True,False,,NOT_DETERMINABLE_FROM_CLOSE_ONLY_PANEL,True,"HISTORICAL UK RETAIL, ISA, ACCOUNT AND BROKER ELIGIBILITY REMAIN PARTLY UNRESOLVED"
DD_08,2025-08-14,DAILY_WITH_LAST_WEEKLY_SIGNAL_ASOF,2025-08-08,False,2024-03-07,2025-04-07,2025-08-14,1.718950296780764,0.006126830803606875,EUROPE_BANKS,2025-07-01,1.0,3.0,0.08277359001847429,0.10643588332607123,0.1212646499685548,0.4614526474154732,0.579148811705338,0.0016293539116228987,273.3812450440913,0.06341950151491016,0.11714058636903601,0.31025688461609247,0.20511335152005059,0.8488046284086985,NOT_AVAILABLE_NO_VALIDATED_HIGH_LOW_PANEL,0.18883351502881163,True,False,,NOT_DETERMINABLE_FROM_CLOSE_ONLY_PANEL,True,"HISTORICAL UK RETAIL, ISA, ACCOUNT AND BROKER ELIGIBILITY REMAIN PARTLY UNRESOLVED"
DD_09,2025-08-22,DAILY_WITH_LAST_WEEKLY_SIGNAL_ASOF,2025-08-22,True,2025-08-22,2025-08-27,2025-09-08,1.7367399179827911,0.0,EUROPE_BANKS,2025-07-01,2.0,4.0,0.08682934712346446,0.12921667091929034,0.10981156776958412,0.4208829938858125,0.577667774592465,0.0034141916403399955,276.2105000854855,0.042816234405275155,0.09973981972538293,0.29978551047648394,0.19838164956829246,0.8188280786607978,NOT_AVAILABLE_NO_VALIDATED_HIGH_LOW_PANEL,0.20113689456470896,False,False,,NOT_DETERMINABLE_FROM_CLOSE_ONLY_PANEL,True,"HISTORICAL UK RETAIL, ISA, ACCOUNT AND BROKER ELIGIBILITY REMAIN PARTLY UNRESOLVED"
DD_09,2025-08-26,DAILY_WITH_LAST_WEEKLY_SIGNAL_ASOF,2025-08-22,False,2025-08-22,2025-08-27,2025-09-08,1.6728999482261468,-0.036758508914100374,EUROPE_BANKS,2025-07-01,2.0,4.0,0.08682934712346446,0.12921667091929034,0.10981156776958412,0.4208829938858125,0.577667774592465,0.0034141916403399955,266.057413955925,0.004074579609827822,0.05685669121962578,0.2488757327761595,,,NOT_AVAILABLE_NO_VALIDATED_HIGH_LOW_PANEL,0.20113689456470896,False,False,,NOT_DETERMINABLE_FROM_CLOSE_ONLY_PANEL,True,"HISTORICAL UK RETAIL, ISA, ACCOUNT AND BROKER ELIGIBILITY REMAIN PARTLY UNRESOLVED"
DD_09,2025-08-27,DAILY_WITH_LAST_WEEKLY_SIGNAL_ASOF,2025-08-22,False,2025-08-22,2025-08-27,2025-09-08,1.641711814852971,-0.05471636952998382,EUROPE_BANKS,2025-07-01,2.0,4.0,0.08682934712346446,0.12921667091929034,0.10981156776958412,0.4208829938858125,0.577667774592465,0.0034141916403399955,261.0972642947464,-0.01333096472324713,0.03564461175368394,0.22284781731497816,0.20217028951811378,0.8955716146053609,NOT_AVAILABLE_NO_VALIDATED_HIGH_LOW_PANEL,0.20113689456470896,False,False,,NOT_DETERMINABLE_FROM_CLOSE_ONLY_PANEL,True,"HISTORICAL UK RETAIL, ISA, ACCOUNT AND BROKER ELIGIBILITY REMAIN PARTLY UNRESOLVED"
DD_09,2025-08-28,DAILY_WITH_LAST_WEEKLY_SIGNAL_ASOF,2025-08-22,False,2025-08-22,2025-08-27,2025-09-08,1.648354774668918,-0.05089141004862241,EUROPE_BANKS,2025-07-01,2.0,4.0,0.08682934712346446,0.12921667091929034,0.10981156776958412,0.4208829938858125,0.577667774592465,0.0034141916403399955,262.15375826589997,-0.008496799726713467,0.03821334402485199,0.2250192415642409,0.20196918148602316,0.8669818872255041,NOT_AVAILABLE_NO_VALIDATED_HIGH_LOW_PANEL,0.20113689456470896,False,False,,NOT_DETERMINABLE_FROM_CLOSE_ONLY_PANEL,True,"HISTORICAL UK RETAIL, ISA, ACCOUNT AND BROKER ELIGIBILITY REMAIN PARTLY UNRESOLVED"
DD_09,2025-08-29,DAILY_WITH_LAST_WEEKLY_SIGNAL_ASOF,2025-08-29,True,2025-08-22,2025-08-27,2025-09-08,1.6452021835698245,-0.052706645056726176,EUROPE_BANKS,2025-07-01,5.0,8.0,0.02516516753921949,0.07890212135203423,0.04936446904928893,0.28224059817702374,0.48311580987119607,0.003025405497404297,261.65237129653894,-0.009457223933321268,0.03475761643154618,0.21997323260833168,0.20211015784579642,0.8531590077530258,NOT_AVAILABLE_NO_VALIDATED_HIGH_LOW_PANEL,0.20113689456470896,False,True,GLOBAL_SOLAR,NOT_DETERMINABLE_FROM_CLOSE_ONLY_PANEL,True,"HISTORICAL UK RETAIL, ISA, ACCOUNT AND BROKER ELIGIBILITY REMAIN PARTLY UNRESOLVED"
DD_09,2025-09-01,DAILY_WITH_LAST_WEEKLY_SIGNAL_ASOF,2025-08-29,False,2025-08-22,2025-08-27,2025-09-08,1.646327264503192,-0.052058833071916055,GLOBAL_SILVER_MINERS,2025-09-01,1.0,2.0,0.16212019964903734,0.14693871012504034,0.17793914162242763,0.5020283711342479,0.573124051290721,0.002810466662949123,185.01994885730738,0.10475862178545436,0.16775648945832589,0.3650191155644764,0.2813883865055829,0.8345522639551185,NOT_AVAILABLE_NO_VALIDATED_HIGH_LOW_PANEL,0.0,True,True,GLOBAL_SOLAR,NOT_DETERMINABLE_FROM_CLOSE_ONLY_PANEL,True,"HISTORICAL UK RETAIL, ISA, ACCOUNT AND BROKER ELIGIBILITY REMAIN PARTLY UNRESOLVED"
DD_09,2025-09-02,DAILY_WITH_LAST_WEEKLY_SIGNAL_ASOF,2025-08-29,False,2025-08-22,2025-08-27,2025-09-08,1.6646596426603324,-0.04150320642493166,GLOBAL_SILVER_MINERS,2025-09-01,1.0,2.0,0.16212019964903734,0.14693871012504034,0.17793914162242763,0.5020283711342479,0.573124051290721,0.002810466662949123,187.08020488428298,0.10529803370672797,0.17244878488335136,0.3750169719634153,0.2816726265473825,0.7706285718721072,NOT_AVAILABLE_NO_VALIDATED_HIGH_LOW_PANEL,0.01113531832486081,True,True,GLOBAL_SOLAR,NOT_DETERMINABLE_FROM_CLOSE_ONLY_PANEL,True,"HISTORICAL UK RETAIL, ISA, ACCOUNT AND BROKER ELIGIBILITY REMAIN PARTLY UNRESOLVED"
DD_09,2025-09-03,DAILY_WITH_LAST_WEEKLY_SIGNAL_ASOF,2025-08-29,False,2025-08-22,2025-08-27,2025-09-08,1.698335424275079,-0.022112979214710893,GLOBAL_SILVER_MINERS,2025-09-01,1.0,2.0,0.16212019964903734,0.14693871012504034,0.17793914162242763,0.5020283711342479,0.573124051290721,0.002810466662949123,190.8648056294881,0.11472137691899542,0.18703555898107482,0.39723281467023397,0.2806990849063147,0.7802305606159412,NOT_AVAILABLE_NO_VALIDATED_HIGH_LOW_PANEL,0.031590413943354934,True,True,GLOBAL_SOLAR,NOT_DETERMINABLE_FROM_CLOSE_ONLY_PANEL,True,"HISTORICAL UK RETAIL, ISA, ACCOUNT AND BROKER ELIGIBILITY REMAIN PARTLY UNRESOLVED"
DD_09,2025-09-04,DAILY_WITH_LAST_WEEKLY_SIGNAL_ASOF,2025-08-29,False,2025-08-22,2025-08-27,2025-09-08,1.6706375920593997,-0.03806115425743695,GLOBAL_SILVER_MINERS,2025-09-01,1.0,2.0,0.16212019964903734,0.14693871012504034,0.17793914162242763,0.5020283711342479,0.573124051290721,0.002810466662949123,187.752027501775,0.08700151783814025,0.16004846794307737,0.36934367059493534,0.2713892769054589,0.8427938855754875,NOT_AVAILABLE_NO_VALIDATED_HIGH_LOW_PANEL,0.031590413943354934,True,True,GLOBAL_SOLAR,NOT_DETERMINABLE_FROM_CLOSE_ONLY_PANEL,True,"HISTORICAL UK RETAIL, ISA, ACCOUNT AND BROKER ELIGIBILITY REMAIN PARTLY UNRESOLVED"
DD_09,2025-09-05,DAILY_WITH_LAST_WEEKLY_SIGNAL_ASOF,2025-09-05,True,2025-08-22,2025-08-27,2025-09-08,1.6873758503767886,-0.02842340818845146,GLOBAL_SILVER_MINERS,2025-09-01,1.0,2.0,0.18043877358127092,0.2443905005616387,0.1787552668461705,0.5187244736649204,0.7394315809288661,0.0044411299956306025,189.6331308307527,0.08820799019679648,0.16383591521658203,0.3778116081869658,0.2710679648372871,0.809931577203392,NOT_AVAILABLE_NO_VALIDATED_HIGH_LOW_PANEL,0.031590413943354934,True,True,GLOBAL_SOLAR,NOT_DETERMINABLE_FROM_CLOSE_ONLY_PANEL,True,"HISTORICAL UK RETAIL, ISA, ACCOUNT AND BROKER ELIGIBILITY REMAIN PARTLY UNRESOLVED"
DD_09,2025-09-08,DAILY_WITH_LAST_WEEKLY_SIGNAL_ASOF,2025-09-05,False,2025-08-22,2025-08-27,2025-09-08,1.739384010148676,0.0015224456687539245,GLOBAL_SILVER_MINERS,2025-09-01,1.0,2.0,0.18043877358127092,0.2443905005616387,0.1787552668461705,0.5187244736649204,0.7394315809288661,0.0044411299956306025,195.47798760293344,0.10946897946397605,0.19038486936160903,0.4143637125461255,0.2752707057517827,0.8412348174937689,NOT_AVAILABLE_NO_VALIDATED_HIGH_LOW_PANEL,0.05652384410554334,True,True,GLOBAL_SOLAR,NOT_DETERMINABLE_FROM_CLOSE_ONLY_PANEL,True,"HISTORICAL UK RETAIL, ISA, ACCOUNT AND BROKER ELIGIBILITY REMAIN PARTLY UNRESOLVED"
DD_10,2025-09-15,DAILY_WITH_LAST_WEEKLY_SIGNAL_ASOF,2025-09-12,False,2025-09-15,2025-09-18,2025-09-22,1.8615334428696217,0.0,GLOBAL_SILVER_MINERS,2025-09-01,2.0,1.0,0.203207187078154,0.2797591706769451,0.2643655729800083,0.4282206354975646,0.6436631919140072,0.006210980242354365,209.20556308702072,0.12774984538205025,0.22520518759661567,0.4813842728751445,0.2798127276514692,0.8476121954568322,NOT_AVAILABLE_NO_VALIDATED_HIGH_LOW_PANEL,0.13071895424836577,False,False,,NOT_DETERMINABLE_FROM_CLOSE_ONLY_PANEL,True,"HISTORICAL UK RETAIL, ISA, ACCOUNT AND BROKER ELIGIBILITY REMAIN PARTLY UNRESOLVED"
DD_10,2025-09-16,DAILY_WITH_LAST_WEEKLY_SIGNAL_ASOF,2025-09-12,False,2025-09-15,2025-09-18,2025-09-22,1.808130428237952,-0.028687647184757026,GLOBAL_SILVER_MINERS,2025-09-01,2.0,1.0,0.203207187078154,0.2797591706769451,0.2643655729800083,0.4282206354975646,0.6436631919140072,0.006210980242354365,203.20394770409183,0.08597921520675778,0.1812528045962647,0.43263049846124146,0.2879967960195737,0.9420191399358628,NOT_AVAILABLE_NO_VALIDATED_HIGH_LOW_PANEL,0.13071895424836577,False,False,,NOT_DETERMINABLE_FROM_CLOSE_ONLY_PANEL,True,"HISTORICAL UK RETAIL, ISA, ACCOUNT AND BROKER ELIGIBILITY REMAIN PARTLY UNRESOLVED"
DD_10,2025-09-17,DAILY_WITH_LAST_WEEKLY_SIGNAL_ASOF,2025-09-12,False,2025-09-15,2025-09-18,2025-09-22,1.7913921699205633,-0.03767929779490453,GLOBAL_SILVER_MINERS,2025-09-01,2.0,1.0,0.203207187078154,0.2797591706769451,0.2643655729800083,0.4282206354975646,0.6436631919140072,0.006210980242354365,201.32284437511416,0.06855053738737071,0.1625528534549987,0.4134701696149645,0.28937837956925255,0.9716663322798665,NOT_AVAILABLE_NO_VALIDATED_HIGH_LOW_PANEL,0.13071895424836577,False,False,,NOT_DETERMINABLE_FROM_CLOSE_ONLY_PANEL,True,"HISTORICAL UK RETAIL, ISA, ACCOUNT AND BROKER ELIGIBILITY REMAIN PARTLY UNRESOLVED"
DD_10,2025-09-18,DAILY_WITH_LAST_WEEKLY_SIGNAL_ASOF,2025-09-12,False,2025-09-15,2025-09-18,2025-09-22,1.7367935654090798,-0.06700920573752944,GLOBAL_SILVER_MINERS,2025-09-01,2.0,1.0,0.203207187078154,0.2797591706769451,0.2643655729800083,0.4282206354975646,0.6436631919140072,0.006210980242354365,195.18686446868685,0.03260509184110982,0.12152926559341815,0.36535799930225843,0.29627259997312844,1.053955223494904,NOT_AVAILABLE_NO_VALIDATED_HIGH_LOW_PANEL,0.13071895424836577,False,False,,NOT_DETERMINABLE_FROM_CLOSE_ONLY_PANEL,True,"HISTORICAL UK RETAIL, ISA, ACCOUNT AND BROKER ELIGIBILITY REMAIN PARTLY UNRESOLVED"
DD_10,2025-09-19,DAILY_WITH_LAST_WEEKLY_SIGNAL_ASOF,2025-09-19,True,2025-09-15,2025-09-18,2025-09-22,1.8332378157140357,-0.015200171269535323,GLOBAL_SILVER_MINERS,2025-09-01,1.0,1.0,0.21530311367851307,0.2487169347885636,0.25557501143844386,0.4394519064983453,0.6396989786010392,0.007314876321580767,206.0256026975584,0.08110563975216856,0.17533585421198672,0.43487756336819317,0.31088516364350044,1.1523218700076583,NOT_AVAILABLE_NO_VALIDATED_HIGH_LOW_PANEL,0.13071895424836577,True,False,,NOT_DETERMINABLE_FROM_CLOSE_ONLY_PANEL,True,"HISTORICAL UK RETAIL, ISA, ACCOUNT AND BROKER ELIGIBILITY REMAIN PARTLY UNRESOLVED"
DD_10,2025-09-22,DAILY_WITH_LAST_WEEKLY_SIGNAL_ASOF,2025-09-19,False,2025-09-15,2025-09-18,2025-09-22,1.8938143696245866,0.017341040462427904,GLOBAL_SILVER_MINERS,2025-09-01,1.0,1.0,0.21530311367851307,0.2487169347885636,0.25557501143844386,0.4394519064983453,0.6396989786010392,0.007314876321580767,212.83340522147776,0.1050921347139746,0.20406020627482135,0.47521149508123517,0.3155125406327848,1.1734245713327687,NOT_AVAILABLE_NO_VALIDATED_HIGH_LOW_PANEL,0.15032679738562083,True,False,,NOT_DETERMINABLE_FROM_CLOSE_ONLY_PANEL,True,"HISTORICAL UK RETAIL, ISA, ACCOUNT AND BROKER ELIGIBILITY REMAIN PARTLY UNRESOLVED"
DD_11,2025-10-16,DAILY_WITH_LAST_WEEKLY_SIGNAL_ASOF,2025-10-10,False,2025-10-16,2025-11-05,2025-12-11,2.2632516424869578,0.0,GLOBAL_SILVER_MINERS,2025-09-01,1.0,3.0,0.10265070756981975,0.28323777580776466,0.33460184034135776,0.5124232675694744,0.7315635180794049,0.007696766133511473,254.35204298248564,0.12791788453755082,0.24709817883686802,0.6089448755484999,0.331553531180374,1.3224591313819198,NOT_AVAILABLE_NO_VALIDATED_HIGH_LOW_PANEL,0.3747276688453154,True,False,,NOT_DETERMINABLE_FROM_CLOSE_ONLY_PANEL,True,"HISTORICAL UK RETAIL, ISA, ACCOUNT AND BROKER ELIGIBILITY REMAIN PARTLY UNRESOLVED"
DD_11,2025-10-17,DAILY_WITH_LAST_WEEKLY_SIGNAL_ASOF,2025-10-17,True,2025-10-16,2025-11-05,2025-12-11,2.08072492083543,-0.08064800140869866,GLOBAL_SILVER_MINERS,2025-09-01,1.0,1.0,0.18754228658833716,0.37959476103750434,0.4285131152573396,0.4879632355005241,0.7268679880334992,0.00776326826233035,233.83905906172876,0.03348166791760465,0.1399719598945537,0.47216735365677964,0.3758607304561447,1.6072152519137008,NOT_AVAILABLE_NO_VALIDATED_HIGH_LOW_PANEL,0.3747276688453154,True,False,,NOT_DETERMINABLE_FROM_CLOSE_ONLY_PANEL,True,"HISTORICAL UK RETAIL, ISA, ACCOUNT AND BROKER ELIGIBILITY REMAIN PARTLY UNRESOLVED"
DD_11,2025-10-20,DAILY_WITH_LAST_WEEKLY_SIGNAL_ASOF,2025-10-17,False,2025-10-16,2025-11-05,2025-12-11,2.134526465427038,-0.056876210600457666,GLOBAL_SILVER_MINERS,2025-09-01,1.0,1.0,0.18754228658833716,0.37959476103750434,0.4285131152573396,0.4879632355005241,0.7268679880334992,0.00776326826233035,239.88546261915712,0.054433462458227,0.16172862126854093,0.502604707772224,0.3734426702195333,1.5302050321700764,NOT_AVAILABLE_NO_VALIDATED_HIGH_LOW_PANEL,0.3747276688453154,True,False,,NOT_DETERMINABLE_FROM_CLOSE_ONLY_PANEL,True,"HISTORICAL UK RETAIL, ISA, ACCOUNT AND BROKER ELIGIBILITY REMAIN PARTLY UNRESOLVED"
DD_11,2025-10-21,DAILY_WITH_LAST_WEEKLY_SIGNAL_ASOF,2025-10-17,False,2025-10-16,2025-11-05,2025-12-11,1.9017849688233428,-0.15971121676351463,GLOBAL_SILVER_MINERS,2025-09-01,1.0,1.0,0.18754228658833716,0.37959476103750434,0.4285131152573396,0.4879632355005241,0.7268679880334992,0.00776326826233035,213.72916871146708,-0.055339443057018434,0.03363663335698863,0.33426825076584965,0.43972115728157374,1.9645497853918368,NOT_AVAILABLE_NO_VALIDATED_HIGH_LOW_PANEL,0.3747276688453154,True,False,,NOT_DETERMINABLE_FROM_CLOSE_ONLY_PANEL,True,"HISTORICAL UK RETAIL, ISA, ACCOUNT AND BROKER ELIGIBILITY REMAIN PARTLY UNRESOLVED"
DD_11,2025-10-22,DAILY_WITH_LAST_WEEKLY_SIGNAL_ASOF,2025-10-17,False,2025-10-16,2025-11-05,2025-12-11,1.8782717011870107,-0.17010036978341248,GLOBAL_SILVER_MINERS,2025-09-01,1.0,1.0,0.18754228658833716,0.37959476103750434,0.4285131152573396,0.4879632355005241,0.7268679880334992,0.00776326826233035,211.08666641599842,-0.061299865794745445,0.020022671081971755,0.31361810185924743,0.4411196396816013,1.9648306214996036,NOT_AVAILABLE_NO_VALIDATED_HIGH_LOW_PANEL,0.3747276688453154,True,False,,NOT_DETERMINABLE_FROM_CLOSE_ONLY_PANEL,True,"HISTORICAL UK RETAIL, ISA, ACCOUNT AND BROKER ELIGIBILITY REMAIN PARTLY UNRESOLVED"
DD_11,2025-10-23,DAILY_WITH_LAST_WEEKLY_SIGNAL_ASOF,2025-10-17,False,2025-10-16,2025-11-05,2025-12-11,1.9575791632146395,-0.1350589892586722,GLOBAL_SILVER_MINERS,2025-09-01,1.0,1.0,0.18754228658833716,0.37959476103750434,0.4285131152573396,0.4879632355005241,0.7268679880334992,0.00776326826233035,219.99951314139278,-0.01973389533886749,0.0604679430989834,0.3640743053061799,0.4457932044096332,2.0153455887014453,NOT_AVAILABLE_NO_VALIDATED_HIGH_LOW_PANEL,0.3747276688453154,True,False,,NOT_DETERMINABLE_FROM_CLOSE_ONLY_PANEL,True,"HISTORICAL UK RETAIL, ISA, ACCOUNT AND BROKER ELIGIBILITY REMAIN PARTLY UNRESOLVED"
DD_11,2025-10-24,DAILY_WITH_LAST_WEEKLY_SIGNAL_ASOF,2025-10-24,True,2025-10-16,2025-11-05,2025-12-11,1.9260952963795508,-0.1489698890649761,GLOBAL_SILVER_MINERS,2025-09-01,1.0,7.0,-0.019065740462006597,0.18795545217177057,0.33385017473519185,0.4273044161596724,0.4300938199794404,0.00501268548192142,216.46124735593472,-0.03237682921659779,0.04163903738561281,0.3375822338706811,0.4470630748107881,2.0252550716117503,NOT_AVAILABLE_NO_VALIDATED_HIGH_LOW_PANEL,0.3747276688453154,True,False,,NOT_DETERMINABLE_FROM_CLOSE_ONLY_PANEL,True,"HISTORICAL UK RETAIL, ISA, ACCOUNT AND BROKER ELIGIBILITY REMAIN PARTLY UNRESOLVED"
DD_11,2025-10-27,DAILY_WITH_LAST_WEEKLY_SIGNAL_ASOF,2025-10-24,False,2025-10-16,2025-11-05,2025-12-11,1.8404113549929164,-0.18682866701884127,GLOBAL_SILVER_MINERS,2025-09-01,1.0,7.0,-0.019065740462006597,0.18795545217177057,0.33385017473519185,0.4273044161596724,0.4300938199794404,0.00501268548192142,206.83178983854884,-0.06903914110195752,-0.004515688519039829,0.27455215654997045,0.4559656392487652,2.0517562070279234,NOT_AVAILABLE_NO_VALIDATED_HIGH_LOW_PANEL,0.3747276688453154,True,False,,NOT_DETERMINABLE_FROM_CLOSE_ONLY_PANEL,True,"HISTORICAL UK RETAIL, ISA, ACCOUNT AND BROKER ELIGIBILITY REMAIN PARTLY UNRESOLVED"
DD_11,2025-10-28,DAILY_WITH_LAST_WEEKLY_SIGNAL_ASOF,2025-10-24,False,2025-10-16,2025-11-05,2025-12-11,1.8778731712270726,-0.17027645712273287,GLOBAL_SILVER_MINERS,2025-09-01,1.0,7.0,-0.019065740462006597,0.18795545217177057,0.33385017473519185,0.4273044161596724,0.4300938199794404,0.00501268548192142,211.04187824149892,-0.04574403505575797,0.01512063834103472,0.2966189326850195,0.45696111047705723,2.0602964801636126,NOT_AVAILABLE_NO_VALIDATED_HIGH_LOW_PANEL,0.3747276688453154,True,False,,NOT_DETERMINABLE_FROM_CLOSE_ONLY_PANEL,True,"HISTORICAL UK RETAIL, ISA, ACCOUNT AND BROKER ELIGIBILITY REMAIN PARTLY UNRESOLVED"
DD_11,2025-10-29,DAILY_WITH_LAST_WEEKLY_SIGNAL_ASOF,2025-10-24,False,2025-10-16,2025-11-05,2025-12-11,1.927290886259364,-0.14844162704701525,GLOBAL_SILVER_MINERS,2025-09-01,1.0,7.0,-0.019065740462006597,0.18795545217177057,0.33385017473519185,0.4273044161596724,0.4300938199794404,0.00501268548192142,216.5956118794331,-0.01879164269372058,0.0401279446283227,0.32637544815128106,0.45875979337090456,2.0831198071313803,NOT_AVAILABLE_NO_VALIDATED_HIGH_LOW_PANEL,0.3747276688453154,True,False,,NOT_DETERMINABLE_FROM_CLOSE_ONLY_PANEL,True,"HISTORICAL UK RETAIL, ISA, ACCOUNT AND BROKER ELIGIBILITY REMAIN PARTLY UNRESOLVED"
DD_11,2025-10-30,DAILY_WITH_LAST_WEEKLY_SIGNAL_ASOF,2025-10-24,False,2025-10-16,2025-11-05,2025-12-11,1.9245011765397992,-0.14967423842225736,GLOBAL_SILVER_MINERS,2025-09-01,1.0,7.0,-0.019065740462006597,0.18795545217177057,0.33385017473519185,0.4273044161596724,0.4300938199794404,0.00501268548192142,216.28209465793682,-0.018408296520887713,0.03705166126209791,0.32019341969167847,0.45596973079563474,2.0777225934062655,NOT_AVAILABLE_NO_VALIDATED_HIGH_LOW_PANEL,0.3747276688453154,True,False,,NOT_DETERMINABLE_FROM_CLOSE_ONLY_PANEL,True,"HISTORICAL UK RETAIL, ISA, ACCOUNT AND BROKER ELIGIBILITY REMAIN PARTLY UNRESOLVED"
DD_11,2025-10-31,DAILY_WITH_LAST_WEEKLY_SIGNAL_ASOF,2025-10-31,True,2025-10-16,2025-11-05,2025-12-11,1.8977996692239643,-0.1614720901567177,GLOBAL_SILVER_MINERS,2025-09-01,1.0,13.0,-0.05181387077278077,0.031629535284760646,0.28156859892455377,0.41539270606110557,0.46989931512451566,0.0019855610279231255,213.28128696647238,-0.029200837569569926,0.02175499657481783,0.2979775914257581,0.45771759040168575,2.0376546254515238,NOT_AVAILABLE_NO_VALIDATED_HIGH_LOW_PANEL,0.3747276688453154,True,False,,NOT_DETERMINABLE_FROM_CLOSE_ONLY_PANEL,True,"HISTORICAL UK RETAIL, ISA, ACCOUNT AND BROKER ELIGIBILITY REMAIN PARTLY UNRESOLVED"
DD_11,2025-11-03,DAILY_WITH_LAST_WEEKLY_SIGNAL_ASOF,2025-10-31,False,2025-10-16,2025-11-05,2025-12-11,1.852367253791051,-0.18154604683923237,GLOBAL_SILVER_MINERS,2025-09-01,1.0,13.0,-0.05181387077278077,0.031629535284760646,0.28156859892455377,0.41539270606110557,0.46989931512451566,0.0019855610279231255,208.17543507353287,-0.047902282297301535,-0.0025995132955617395,0.2635489371995594,0.4610037964321225,2.016893948238281,NOT_AVAILABLE_NO_VALIDATED_HIGH_LOW_PANEL,0.3747276688453154,True,False,,NOT_DETERMINABLE_FROM_CLOSE_ONLY_PANEL,True,"HISTORICAL UK RETAIL, ISA, ACCOUNT AND BROKER ELIGIBILITY REMAIN PARTLY UNRESOLVED"
DD_11,2025-11-04,DAILY_WITH_LAST_WEEKLY_SIGNAL_ASOF,2025-10-31,False,2025-10-16,2025-11-05,2025-12-11,1.8232745667155894,-0.19440042260961432,GLOBAL_SILVER_MINERS,2025-09-01,1.0,13.0,-0.05181387077278077,0.031629535284760646,0.28156859892455377,0.41539270606110557,0.46989931512451566,0.0019855610279231255,204.90589833507164,-0.05746986790128905,-0.017560694226913864,0.24069546002567233,0.45997455468395165,2.0057541580700957,NOT_AVAILABLE_NO_VALIDATED_HIGH_LOW_PANEL,0.3747276688453154,True,False,,NOT_DETERMINABLE_FROM_CLOSE_ONLY_PANEL,True,"HISTORICAL UK RETAIL, ISA, ACCOUNT AND BROKER ELIGIBILITY REMAIN PARTLY UNRESOLVED"
DD_11,2025-11-05,DAILY_WITH_LAST_WEEKLY_SIGNAL_ASOF,2025-10-31,False,2025-10-16,2025-11-05,2025-12-11,1.7909936399606248,-0.2086634970945589,GLOBAL_SILVER_MINERS,2025-09-01,1.0,13.0,-0.05181387077278077,0.031629535284760646,0.28156859892455377,0.41539270606110557,0.46989931512451566,0.0019855610279231255,201.27805620061463,-0.06787328774448309,-0.03363002811722959,0.21608235669280007,0.4615644671286139,2.006415561218581,NOT_AVAILABLE_NO_VALIDATED_HIGH_LOW_PANEL,0.3747276688453154,True,False,,NOT_DETERMINABLE_FROM_CLOSE_ONLY_PANEL,True,"HISTORICAL UK RETAIL, ISA, ACCOUNT AND BROKER ELIGIBILITY REMAIN PARTLY UNRESOLVED"
DD_11,2025-11-06,DAILY_WITH_LAST_WEEKLY_SIGNAL_ASOF,2025-10-31,False,2025-10-16,2025-11-05,2025-12-11,1.8304481059944706,-0.19123085050184885,GLOBAL_SILVER_MINERS,2025-09-01,1.0,13.0,-0.05181387077278077,0.031629535284760646,0.28156859892455377,0.41539270606110557,0.46989931512451566,0.0019855610279231255,205.7120854760621,-0.04322157118704084,-0.011863265076124896,0.23987556037145152,0.45735051795598586,1.9807779939732304,NOT_AVAILABLE_NO_VALIDATED_HIGH_LOW_PANEL,0.3747276688453154,True,False,,NOT_DETERMINABLE_FROM_CLOSE_ONLY_PANEL,True,"HISTORICAL UK RETAIL, ISA, ACCOUNT AND BROKER ELIGIBILITY REMAIN PARTLY UNRESOLVED"
DD_11,2025-11-07,DAILY_WITH_LAST_WEEKLY_SIGNAL_ASOF,2025-11-07,True,2025-10-16,2025-11-05,2025-12-11,1.8113186679174547,-0.19968304278922333,GLOBAL_SILVER_MINERS,2025-09-01,2.0,16.0,-0.11404761950377751,-0.0009424780803503063,0.14867869326652383,0.44240870103737095,0.5329486650732966,-0.0009728176066369601,203.5622531000876,-0.048617552087442784,-0.02133834520026756,0.22415400454409973,0.4575068291093518,1.9811989427087795,NOT_AVAILABLE_NO_VALIDATED_HIGH_LOW_PANEL,0.3747276688453154,False,False,,NOT_DETERMINABLE_FROM_CLOSE_ONLY_PANEL,True,"HISTORICAL UK RETAIL, ISA, ACCOUNT AND BROKER ELIGIBILITY REMAIN PARTLY UNRESOLVED"
DD_11,2025-11-10,DAILY_WITH_LAST_WEEKLY_SIGNAL_ASOF,2025-11-07,False,2025-10-16,2025-11-05,2025-12-11,1.9412394348571884,-0.14227857017080459,GLOBAL_SILVER_MINERS,2025-09-01,2.0,16.0,-0.11404761950377751,-0.0009424780803503063,0.14867869326652383,0.44240870103737095,0.5329486650732966,-0.0009728176066369601,218.16319798691455,0.017806799837928766,0.046852507104260255,0.3078992983062454,0.47699848787108784,2.139865374389233,NOT_AVAILABLE_NO_VALIDATED_HIGH_LOW_PANEL,0.3747276688453154,False,False,,NOT_DETERMINABLE_FROM_CLOSE_ONLY_PANEL,True,"HISTORICAL UK RETAIL, ISA, ACCOUNT AND BROKER ELIGIBILITY REMAIN PARTLY UNRESOLVED"
DD_11,2025-11-11,DAILY_WITH_LAST_WEEKLY_SIGNAL_ASOF,2025-11-07,False,2025-10-16,2025-11-05,2025-12-11,1.923704116619924,-0.15002641310089782,GLOBAL_SILVER_MINERS,2025-09-01,2.0,16.0,-0.11404761950377751,-0.0009424780803503063,0.14867869326652383,0.44240870103737095,0.5329486650732966,-0.0009728176066369601,216.19251830893793,0.007823780702058691,0.03587709977971065,0.29227777064636484,0.47777139724798723,2.0350302311924526,NOT_AVAILABLE_NO_VALIDATED_HIGH_LOW_PANEL,0.3747276688453154,False,False,,NOT_DETERMINABLE_FROM_CLOSE_ONLY_PANEL,True,"HISTORICAL UK RETAIL, ISA, ACCOUNT AND BROKER ELIGIBILITY REMAIN PARTLY UNRESOLVED"
DD_11,2025-11-12,DAILY_WITH_LAST_WEEKLY_SIGNAL_ASOF,2025-11-07,False,2025-10-16,2025-11-05,2025-12-11,2.022141016724569,-0.10653284028878307,GLOBAL_SILVER_MINERS,2025-09-01,2.0,16.0,-0.11404761950377751,-0.0009424780803503063,0.14867869326652383,0.44240870103737095,0.5329486650732966,-0.0009728176066369601,227.25519741030683,0.05370513373136698,0.08510119186724618,0.3535771268727492,0.48591906958148395,2.09965121177536,NOT_AVAILABLE_NO_VALIDATED_HIGH_LOW_PANEL,0.3747276688453154,False,False,,NOT_DETERMINABLE_FROM_CLOSE_ONLY_PANEL,True,"HISTORICAL UK RETAIL, ISA, ACCOUNT AND BROKER ELIGIBILITY REMAIN PARTLY UNRESOLVED"
DD_11,2025-11-13,DAILY_WITH_LAST_WEEKLY_SIGNAL_ASOF,2025-11-07,False,2025-10-16,2025-11-05,2025-12-11,2.0085909980866825,-0.11251980982567333,GLOBAL_SILVER_MINERS,2025-09-01,2.0,16.0,-0.11404761950377751,-0.0009424780803503063,0.14867869326652383,0.44240870103737095,0.5329486650732966,-0.0009728176066369601,225.73239947732486,0.042224982796477795,0.07455041439323007,0.33991390762287255,0.4859990363481024,2.084945708186085,NOT_AVAILABLE_NO_VALIDATED_HIGH_LOW_PANEL,0.3747276688453154,False,False,,NOT_DETERMINABLE_FROM_CLOSE_ONLY_PANEL,True,"HISTORICAL UK RETAIL, ISA, ACCOUNT AND BROKER ELIGIBILITY REMAIN PARTLY UNRESOLVED"
DD_11,2025-11-14,DAILY_WITH_LAST_WEEKLY_SIGNAL_ASOF,2025-11-14,True,2025-10-16,2025-11-05,2025-12-11,1.9611659328540803,-0.13347420320478942,GLOBAL_SILVER_MINERS,2025-09-01,2.0,12.0,-0.1587193027209175,0.030982460444008098,0.23569314561709853,0.520016813891641,0.6820950214434391,-0.0018170828437581628,220.40260671188804,0.015989749050184576,0.047159542093855755,0.304276270942216,0.4893225275722327,2.0547820751844146,NOT_AVAILABLE_NO_VALIDATED_HIGH_LOW_PANEL,0.3747276688453154,False,False,,NOT_DETERMINABLE_FROM_CLOSE_ONLY_PANEL,True,"HISTORICAL UK RETAIL, ISA, ACCOUNT AND BROKER ELIGIBILITY REMAIN PARTLY UNRESOLVED"
DD_11,2025-11-17,DAILY_WITH_LAST_WEEKLY_SIGNAL_ASOF,2025-11-14,False,2025-10-16,2025-11-05,2025-12-11,1.9280879461792404,-0.14808945236837434,GLOBAL_SILVER_MINERS,2025-09-01,2.0,12.0,-0.1587193027209175,0.030982460444008098,0.23569314561709853,0.520016813891641,0.6820950214434391,-0.0018170828437581628,216.6851882284321,-0.0010423199515645631,0.028308119565514822,0.27868621884116274,0.4907251044440606,1.8729651659107254,NOT_AVAILABLE_NO_VALIDATED_HIGH_LOW_PANEL,0.3747276688453154,False,False,,NOT_DETERMINABLE_FROM_CLOSE_ONLY_PANEL,True,"HISTORICAL UK RETAIL, ISA, ACCOUNT AND BROKER ELIGIBILITY REMAIN PARTLY UNRESOLVED"
DD_11,2025-11-18,DAILY_WITH_LAST_WEEKLY_SIGNAL_ASOF,2025-11-14,False,2025-10-16,2025-11-05,2025-12-11,1.9117482178217888,-0.15530903328050694,GLOBAL_SILVER_MINERS,2025-09-01,2.0,12.0,-0.1587193027209175,0.030982460444008098,0.23569314561709853,0.520016813891641,0.6820950214434391,-0.0018170828437581628,214.84887307395385,-0.008651171446489747,0.018810811963094753,0.2644798373248447,0.490275800992464,1.8392792083537342,NOT_AVAILABLE_NO_VALIDATED_HIGH_LOW_PANEL,0.3747276688453154,False,False,,NOT_DETERMINABLE_FROM_CLOSE_ONLY_PANEL,True,"HISTORICAL UK RETAIL, ISA, ACCOUNT AND BROKER ELIGIBILITY REMAIN PARTLY UNRESOLVED"
DD_11,2025-11-19,DAILY_WITH_LAST_WEEKLY_SIGNAL_ASOF,2025-11-14,False,2025-10-16,2025-11-05,2025-12-11,1.9575791632146398,-0.1350589892586721,GLOBAL_SILVER_MINERS,2025-09-01,2.0,12.0,-0.1587193027209175,0.030982460444008098,0.23569314561709853,0.520016813891641,0.6820950214434391,-0.0018170828437581628,219.9995131413928,0.013721825222066109,0.04146928169506592,0.29100674180919417,0.491772545435921,1.4234448952434113,NOT_AVAILABLE_NO_VALIDATED_HIGH_LOW_PANEL,0.3747276688453154,False,False,,NOT_DETERMINABLE_FROM_CLOSE_ONLY_PANEL,True,"HISTORICAL UK RETAIL, ISA, ACCOUNT AND BROKER ELIGIBILITY REMAIN PARTLY UNRESOLVED"
DD_11,2025-11-20,DAILY_WITH_LAST_WEEKLY_SIGNAL_ASOF,2025-11-14,False,2025-10-16,2025-11-05,2025-12-11,1.9364570753379349,-0.144391618242648,GLOBAL_SILVER_MINERS,2025-09-01,2.0,12.0,-0.1587193027209175,0.030982460444008098,0.23569314561709853,0.520016813891641,0.6820950214434391,-0.0018170828437581628,217.62573989292096,0.002530146754350815,0.029011968438821034,0.27356570478349296,0.49189579962343155,1.4078546536636274,NOT_AVAILABLE_NO_VALIDATED_HIGH_LOW_PANEL,0.3747276688453154,False,False,,NOT_DETERMINABLE_FROM_CLOSE_ONLY_PANEL,True,"HISTORICAL UK RETAIL, ISA, ACCOUNT AND BROKER ELIGIBILITY REMAIN PARTLY UNRESOLVED"
DD_11,2025-11-21,DAILY_WITH_LAST_WEEKLY_SIGNAL_ASOF,2025-11-21,True,2025-10-16,2025-11-05,2025-12-11,1.8575481432702436,-0.1792569114280681,GLOBAL_SILVER_MINERS,2025-09-01,2.0,12.0,-0.04470675467169538,-0.03777550851433775,0.15420989760159132,0.4141137451065675,0.6375983971181938,-0.0027242150891760163,208.75768134202605,-0.03496004911513928,-0.012419019298903211,0.2189803577825422,0.4988253111555447,1.3814109221147022,NOT_AVAILABLE_NO_VALIDATED_HIGH_LOW_PANEL,0.3747276688453154,False,True,GLOBAL_BIOTECHNOLOGY,NOT_DETERMINABLE_FROM_CLOSE_ONLY_PANEL,True,"HISTORICAL UK RETAIL, ISA, ACCOUNT AND BROKER ELIGIBILITY REMAIN PARTLY UNRESOLVED"
DD_11,2025-11-24,DAILY_WITH_LAST_WEEKLY_SIGNAL_ASOF,2025-11-21,False,2025-10-16,2025-11-05,2025-12-11,1.940840904897251,-0.14245465751012465,GLOBAL_SILVER_MINERS,2025-09-01,2.0,12.0,-0.04470675467169538,-0.03777550851433775,0.15420989760159132,0.4141137451065675,0.6375983971181938,-0.0027242150891760163,218.11840981241514,0.007551111614550132,0.030576485831576683,0.27018120868872675,0.5052200088092903,1.4472991762476084,NOT_AVAILABLE_NO_VALIDATED_HIGH_LOW_PANEL,0.3747276688453154,False,True,GLOBAL_BIOTECHNOLOGY,NOT_DETERMINABLE_FROM_CLOSE_ONLY_PANEL,True,"HISTORICAL UK RETAIL, ISA, ACCOUNT AND BROKER ELIGIBILITY REMAIN PARTLY UNRESOLVED"
DD_11,2025-11-25,DAILY_WITH_LAST_WEEKLY_SIGNAL_ASOF,2025-11-21,False,2025-10-16,2025-11-05,2025-12-11,1.9703321219326508,-0.1294241944004222,GLOBAL_SILVER_MINERS,2025-09-01,2.0,12.0,-0.04470675467169538,-0.03777550851433775,0.15420989760159132,0.4141137451065675,0.6375983971181938,-0.0027242150891760163,221.43273472537587,0.0207395551174534,0.04434258525115231,0.2857781288836989,0.505643118109244,1.3597932299121318,NOT_AVAILABLE_NO_VALIDATED_HIGH_LOW_PANEL,0.3747276688453154,False,True,GLOBAL_BIOTECHNOLOGY,NOT_DETERMINABLE_FROM_CLOSE_ONLY_PANEL,True,"HISTORICAL UK RETAIL, ISA, ACCOUNT AND BROKER ELIGIBILITY REMAIN PARTLY UNRESOLVED"
DD_11,2025-11-26,DAILY_WITH_LAST_WEEKLY_SIGNAL_ASOF,2025-11-21,False,2025-10-16,2025-11-05,2025-12-11,2.0560160633192854,-0.09156541644655691,GLOBAL_SILVER_MINERS,2025-09-01,2.0,12.0,-0.04470675467169538,-0.03777550851433775,0.15420989760159132,0.4141137451065675,0.6375983971181938,-0.0027242150891760163,231.0621922427618,0.058859246176485414,0.08593556203719,0.3371466299263295,0.5102733803653817,1.3959400510097113,NOT_AVAILABLE_NO_VALIDATED_HIGH_LOW_PANEL,0.3747276688453154,False,True,GLOBAL_BIOTECHNOLOGY,NOT_DETERMINABLE_FROM_CLOSE_ONLY_PANEL,True,"HISTORICAL UK RETAIL, ISA, ACCOUNT AND BROKER ELIGIBILITY REMAIN PARTLY UNRESOLVED"
DD_11,2025-11-27,DAILY_WITH_LAST_WEEKLY_SIGNAL_ASOF,2025-11-21,False,2025-10-16,2025-11-05,2025-12-11,2.095071999393193,-0.07430885719316738,GLOBAL_SILVER_MINERS,2025-09-01,2.0,12.0,-0.04470675467169538,-0.03777550851433775,0.15420989760159132,0.4141137451065675,0.6375983971181938,-0.0027242150891760163,235.45143334370977,0.07128211237823745,0.10195885647135383,0.3576493445046063,0.5041794027498167,1.368505631611421,NOT_AVAILABLE_NO_VALIDATED_HIGH_LOW_PANEL,0.3747276688453154,False,True,GLOBAL_BIOTECHNOLOGY,NOT_DETERMINABLE_FROM_CLOSE_ONLY_PANEL,True,"HISTORICAL UK RETAIL, ISA, ACCOUNT AND BROKER ELIGIBILITY REMAIN PARTLY UNRESOLVED"
DD_11,2025-11-28,DAILY_WITH_LAST_WEEKLY_SIGNAL_ASOF,2025-11-28,True,2025-10-16,2025-11-05,2025-12-11,2.2110442177351026,-0.02306744145095918,GLOBAL_SILVER_MINERS,2025-09-01,1.0,2.0,0.15889988116222953,0.06186031078605292,0.22913309855260433,0.5110646093706406,0.8867815496972111,-0.00170613671048319,248.48479212305529,0.11731881948000678,0.15557285175008206,0.426657825032432,0.514258859219785,1.4614222149619047,NOT_AVAILABLE_NO_VALIDATED_HIGH_LOW_PANEL,0.3747276688453154,True,False,,NOT_DETERMINABLE_FROM_CLOSE_ONLY_PANEL,True,"HISTORICAL UK RETAIL, ISA, ACCOUNT AND BROKER ELIGIBILITY REMAIN PARTLY UNRESOLVED"
DD_11,2025-12-01,DAILY_WITH_LAST_WEEKLY_SIGNAL_ASOF,2025-11-28,False,2025-10-16,2025-11-05,2025-12-11,2.2285795359723672,-0.015319598520865951,GLOBAL_SILVER_MINERS,2025-09-01,1.0,2.0,0.15889988116222953,0.06186031078605292,0.22913309855260433,0.5110646093706406,0.8867815496972111,-0.00170613671048319,250.45547180103193,0.11340822760249902,0.15726120697653556,0.43173294541450047,0.5133696754303878,1.4440979728600056,NOT_AVAILABLE_NO_VALIDATED_HIGH_LOW_PANEL,0.3747276688453154,True,False,,NOT_DETERMINABLE_FROM_CLOSE_ONLY_PANEL,True,"HISTORICAL UK RETAIL, ISA, ACCOUNT AND BROKER ELIGIBILITY REMAIN PARTLY UNRESOLVED"
DD_11,2025-12-02,DAILY_WITH_LAST_WEEKLY_SIGNAL_ASOF,2025-11-28,False,2025-10-16,2025-11-05,2025-12-11,2.159235322943184,-0.04595879556259863,GLOBAL_SILVER_MINERS,2025-09-01,1.0,2.0,0.15889988116222953,0.06186031078605292,0.22913309855260433,0.5110646093706406,0.8867815496972111,-0.00170613671048319,242.6623294381243,0.07109417096052528,0.11594570610201438,0.3818596038702422,0.516692790659824,1.4632084621605157,NOT_AVAILABLE_NO_VALIDATED_HIGH_LOW_PANEL,0.3747276688453154,True,False,,NOT_DETERMINABLE_FROM_CLOSE_ONLY_PANEL,True,"HISTORICAL UK RETAIL, ISA, ACCOUNT AND BROKER ELIGIBILITY REMAIN PARTLY UNRESOLVED"
DD_11,2025-12-03,DAILY_WITH_LAST_WEEKLY_SIGNAL_ASOF,2025-11-28,False,2025-10-16,2025-11-05,2025-12-11,2.1919147796580867,-0.03151963373833366,GLOBAL_SILVER_MINERS,2025-09-01,1.0,2.0,0.15889988116222953,0.06186031078605292,0.22913309855260433,0.5110646093706406,0.8867815496972111,-0.00170613671048319,246.3349597470808,0.07874312047668663,0.126964636921163,0.3971742313907596,0.5170117309308842,1.442819299334624,NOT_AVAILABLE_NO_VALIDATED_HIGH_LOW_PANEL,0.3747276688453154,True,False,,NOT_DETERMINABLE_FROM_CLOSE_ONLY_PANEL,True,"HISTORICAL UK RETAIL, ISA, ACCOUNT AND BROKER ELIGIBILITY REMAIN PARTLY UNRESOLVED"
DD_11,2025-12-04,DAILY_WITH_LAST_WEEKLY_SIGNAL_ASOF,2025-11-28,False,2025-10-16,2025-11-05,2025-12-11,2.1516632537043656,-0.04930445500968428,GLOBAL_SILVER_MINERS,2025-09-01,1.0,2.0,0.15889988116222953,0.06186031078605292,0.22913309855260433,0.5110646093706406,0.8867815496972111,-0.00170613671048319,241.8113541226344,0.053290377612446926,0.10167830079757101,0.36646563627344264,0.5162648959213538,1.4441770112626635,NOT_AVAILABLE_NO_VALIDATED_HIGH_LOW_PANEL,0.3747276688453154,True,False,,NOT_DETERMINABLE_FROM_CLOSE_ONLY_PANEL,True,"HISTORICAL UK RETAIL, ISA, ACCOUNT AND BROKER ELIGIBILITY REMAIN PARTLY UNRESOLVED"
DD_11,2025-12-05,DAILY_WITH_LAST_WEEKLY_SIGNAL_ASOF,2025-12-05,True,2025-10-16,2025-11-05,2025-12-11,2.168800041981693,-0.041732699418911,GLOBAL_SILVER_MINERS,2025-09-01,1.0,3.0,0.17852991561049847,0.02724590616967215,0.18875314503978835,0.4546546933504172,0.7543062929733304,0.00013675761912308252,243.73724562611162,0.05575938518488077,0.10566339854170859,0.3721965611454867,0.514060455396501,1.4376721099862386,NOT_AVAILABLE_NO_VALIDATED_HIGH_LOW_PANEL,0.3747276688453154,True,True,GLOBAL_GENOMICS,NOT_DETERMINABLE_FROM_CLOSE_ONLY_PANEL,True,"HISTORICAL UK RETAIL, ISA, ACCOUNT AND BROKER ELIGIBILITY REMAIN PARTLY UNRESOLVED"
DD_11,2025-12-08,DAILY_WITH_LAST_WEEKLY_SIGNAL_ASOF,2025-12-05,False,2025-10-16,2025-11-05,2025-12-11,2.1452867743453603,-0.05212185243880907,GLOBAL_SILVER_MINERS,2025-09-01,1.0,3.0,0.17852991561049847,0.02724590616967215,0.18875314503978835,0.4546546933504172,0.7543062929733304,0.00013675761912308252,241.0947433306429,0.04012314817680829,0.08967323615554701,0.35251100643722233,0.5142969094465434,1.4382412340860222,NOT_AVAILABLE_NO_VALIDATED_HIGH_LOW_PANEL,0.3747276688453154,True,True,GLOBAL_GENOMICS,NOT_DETERMINABLE_FROM_CLOSE_ONLY_PANEL,True,"HISTORICAL UK RETAIL, ISA, ACCOUNT AND BROKER ELIGIBILITY REMAIN PARTLY UNRESOLVED"
DD_11,2025-12-09,DAILY_WITH_LAST_WEEKLY_SIGNAL_ASOF,2025-12-05,False,2025-10-16,2025-11-05,2025-12-11,2.2289780659323055,-0.015143511181545444,GLOBAL_SILVER_MINERS,2025-09-01,1.0,3.0,0.17852991561049847,0.02724590616967215,0.18875314503978835,0.4546546933504172,0.7543062929733304,0.00013675761912308252,250.50025997553143,0.07282944502154853,0.12634466133938949,0.39963063569429536,0.5174708369485634,1.314789966329665,NOT_AVAILABLE_NO_VALIDATED_HIGH_LOW_PANEL,0.3747276688453154,True,True,GLOBAL_GENOMICS,NOT_DETERMINABLE_FROM_CLOSE_ONLY_PANEL,True,"HISTORICAL UK RETAIL, ISA, ACCOUNT AND BROKER ELIGIBILITY REMAIN PARTLY UNRESOLVED"
DD_11,2025-12-10,DAILY_WITH_LAST_WEEKLY_SIGNAL_ASOF,2025-12-05,False,2025-10-16,2025-11-05,2025-12-11,2.2301736558121186,-0.014615249163584698,GLOBAL_SILVER_MINERS,2025-09-01,1.0,3.0,0.17852991561049847,0.02724590616967215,0.18875314503978835,0.4546546933504172,0.7543062929733304,0.00013675761912308252,250.63462449902983,0.06628936184774004,0.1213662227646446,0.39482454271357637,0.516023145250754,1.299504004096242,NOT_AVAILABLE_NO_VALIDATED_HIGH_LOW_PANEL,0.3747276688453154,True,True,GLOBAL_GENOMICS,NOT_DETERMINABLE_FROM_CLOSE_ONLY_PANEL,True,"HISTORICAL UK RETAIL, ISA, ACCOUNT AND BROKER ELIGIBILITY REMAIN PARTLY UNRESOLVED"
DD_11,2025-12-11,DAILY_WITH_LAST_WEEKLY_SIGNAL_ASOF,2025-12-05,False,2025-10-16,2025-11-05,2025-12-11,2.3401679247549603,0.03398485648881877,GLOBAL_SILVER_MINERS,2025-09-01,1.0,3.0,0.17852991561049847,0.02724590616967215,0.18875314503978835,0.4546546933504172,0.7543062929733304,0.00013675761912308252,262.9961606608833,0.10691702925587121,0.16857674788391286,0.45689776036868435,0.5225002473649184,1.282904472434624,NOT_AVAILABLE_NO_VALIDATED_HIGH_LOW_PANEL,0.42144759138223176,True,True,GLOBAL_GENOMICS,NOT_DETERMINABLE_FROM_CLOSE_ONLY_PANEL,True,"HISTORICAL UK RETAIL, ISA, ACCOUNT AND BROKER ELIGIBILITY REMAIN PARTLY UNRESOLVED"
DD_12,2025-12-22,DAILY_WITH_LAST_WEEKLY_SIGNAL_ASOF,2025-12-19,False,2025-12-22,2026-01-02,2026-01-06,2.497188728970467,0.0,GLOBAL_SILVER_MINERS,2025-09-01,1.0,1.0,0.2296330596906857,0.25021807294245324,0.20670899470899506,0.6443493665325759,1.2004502858256636,0.0064683010176033034,280.64270141367416,0.11635798288703159,0.19495374268738042,0.5070912339962048,0.5065791598776123,1.0470284875010816,NOT_AVAILABLE_NO_VALIDATED_HIGH_LOW_PANEL,0.5168240135560396,True,False,,NOT_DETERMINABLE_FROM_CLOSE_ONLY_PANEL,True,"HISTORICAL UK RETAIL, ISA, ACCOUNT AND BROKER ELIGIBILITY REMAIN PARTLY UNRESOLVED"
DD_12,2025-12-23,DAILY_WITH_LAST_WEEKLY_SIGNAL_ASOF,2025-12-19,False,2025-12-22,2026-01-02,2026-01-06,2.457335732976684,-0.015959144589849927,GLOBAL_SILVER_MINERS,2025-09-01,1.0,1.0,0.2296330596906857,0.25021807294245324,0.20670899470899506,0.6443493665325759,1.2004502858256636,0.0064683010176033034,276.16388396372724,0.08878811795986996,0.16782834209840725,0.4759454196020241,0.5081998946346847,1.029754373561002,NOT_AVAILABLE_NO_VALIDATED_HIGH_LOW_PANEL,0.5168240135560396,True,False,,NOT_DETERMINABLE_FROM_CLOSE_ONLY_PANEL,True,"HISTORICAL UK RETAIL, ISA, ACCOUNT AND BROKER ELIGIBILITY REMAIN PARTLY UNRESOLVED"
DD_12,2025-12-24,DAILY_WITH_LAST_WEEKLY_SIGNAL_ASOF,2025-12-24,True,2025-12-22,2026-01-02,2026-01-06,2.47088575161457,-0.010533035429300952,GLOBAL_SILVER_MINERS,2025-09-01,1.0,1.0,0.2424361655312186,0.3422963495615541,0.20977391911597532,0.7005838910314752,1.2989567940451439,0.007632767623745593,277.6866818967092,0.08543811960642866,0.16629735940772483,0.47696974208465814,0.5050076789708583,1.0268307257014444,NOT_AVAILABLE_NO_VALIDATED_HIGH_LOW_PANEL,0.5168240135560396,True,False,,NOT_DETERMINABLE_FROM_CLOSE_ONLY_PANEL,True,"HISTORICAL UK RETAIL, ISA, ACCOUNT AND BROKER ELIGIBILITY REMAIN PARTLY UNRESOLVED"
DD_12,2025-12-29,DAILY_WITH_LAST_WEEKLY_SIGNAL_ASOF,2025-12-24,False,2025-12-22,2026-01-02,2026-01-06,2.4174827369829,-0.031918289179699966,GLOBAL_SILVER_MINERS,2025-09-01,1.0,1.0,0.2424361655312186,0.3422963495615541,0.20977391911597532,0.7005838910314752,1.2989567940451439,0.007632767623745593,271.6850665137803,0.05602853931252261,0.13481142976699045,0.43867718670690703,0.5072957639204405,1.0125775971645816,NOT_AVAILABLE_NO_VALIDATED_HIGH_LOW_PANEL,0.5168240135560396,True,False,,NOT_DETERMINABLE_FROM_CLOSE_ONLY_PANEL,True,"HISTORICAL UK RETAIL, ISA, ACCOUNT AND BROKER ELIGIBILITY REMAIN PARTLY UNRESOLVED"
DD_12,2025-12-30,DAILY_WITH_LAST_WEEKLY_SIGNAL_ASOF,2025-12-24,False,2025-12-22,2026-01-02,2026-01-06,2.444981304218611,-0.020906479412703405,GLOBAL_SILVER_MINERS,2025-09-01,1.0,1.0,0.2424361655312186,0.3422963495615541,0.20977391911597532,0.7005838910314752,1.2989567940451439,0.007632767623745593,274.7754505542437,0.06147495750957366,0.1411094001574822,0.4484835459627321,0.5073241733688222,1.0005438137662934,NOT_AVAILABLE_NO_VALIDATED_HIGH_LOW_PANEL,0.5168240135560396,True,False,,NOT_DETERMINABLE_FROM_CLOSE_ONLY_PANEL,True,"HISTORICAL UK RETAIL, ISA, ACCOUNT AND BROKER ELIGIBILITY REMAIN PARTLY UNRESOLVED"
DD_12,2025-12-31,DAILY_WITH_LAST_WEEKLY_SIGNAL_ASOF,2025-12-24,False,2025-12-22,2026-01-02,2026-01-06,2.3768326810692413,-0.04819661666134689,GLOBAL_SILVER_MINERS,2025-09-01,1.0,1.0,0.2424361655312186,0.3422963495615541,0.20977391911597532,0.7005838910314752,1.2989567940451439,0.007632767623745593,267.11667271483446,0.028905851995551846,0.10456878384739787,0.4024152414066893,0.5109366412573713,0.9359433164691359,NOT_AVAILABLE_NO_VALIDATED_HIGH_LOW_PANEL,0.5168240135560396,True,False,,NOT_DETERMINABLE_FROM_CLOSE_ONLY_PANEL,True,"HISTORICAL UK RETAIL, ISA, ACCOUNT AND BROKER ELIGIBILITY REMAIN PARTLY UNRESOLVED"
DD_12,2026-01-02,DAILY_WITH_LAST_WEEKLY_SIGNAL_ASOF,2026-01-02,True,2025-12-22,2026-01-02,2026-01-06,2.3050972882804315,-0.07692307692307676,GLOBAL_SILVER_MINERS,2025-09-01,1.0,2.0,0.04138122291016266,0.2309142256461243,0.16713579502611853,0.5597669312152755,1.1058050255116703,0.00784970608815443,259.05480130493004,-0.0019527853931261552,0.06824765490806728,0.355233061673182,0.5082540410180483,0.9855980715284866,NOT_AVAILABLE_NO_VALIDATED_HIGH_LOW_PANEL,0.5168240135560396,True,False,,NOT_DETERMINABLE_FROM_CLOSE_ONLY_PANEL,True,"HISTORICAL UK RETAIL, ISA, ACCOUNT AND BROKER ELIGIBILITY REMAIN PARTLY UNRESOLVED"
DD_12,2026-01-05,DAILY_WITH_LAST_WEEKLY_SIGNAL_ASOF,2026-01-02,False,2025-12-22,2026-01-02,2026-01-06,2.4637122123356896,-0.013405681455473717,GLOBAL_SILVER_MINERS,2025-09-01,1.0,2.0,0.04138122291016266,0.2309142256461243,0.16713579502611853,0.5597669312152755,1.1058050255116703,0.00784970608815443,276.8804947557188,0.06029187869403296,0.13544240628207405,0.44205209729658335,0.5215923837240103,1.1109997906140436,NOT_AVAILABLE_NO_VALIDATED_HIGH_LOW_PANEL,0.5168240135560396,True,False,,NOT_DETERMINABLE_FROM_CLOSE_ONLY_PANEL,True,"HISTORICAL UK RETAIL, ISA, ACCOUNT AND BROKER ELIGIBILITY REMAIN PARTLY UNRESOLVED"
DD_12,2026-01-06,DAILY_WITH_LAST_WEEKLY_SIGNAL_ASOF,2026-01-02,False,2025-12-22,2026-01-02,2026-01-06,2.515521107127608,0.007341206511331189,GLOBAL_SILVER_MINERS,2025-09-01,1.0,2.0,0.04138122291016266,0.2309142256461243,0.16713579502611853,0.5597669312152755,1.1058050255116703,0.00784970608815443,282.7029574406498,0.07452098139251717,0.1521211452881892,0.4654885271343414,0.5218441874120366,1.113585033324628,NOT_AVAILABLE_NO_VALIDATED_HIGH_LOW_PANEL,0.5279593318809008,True,False,,NOT_DETERMINABLE_FROM_CLOSE_ONLY_PANEL,True,"HISTORICAL UK RETAIL, ISA, ACCOUNT AND BROKER ELIGIBILITY REMAIN PARTLY UNRESOLVED"
DD_13,2026-01-26,DAILY_WITH_LAST_WEEKLY_SIGNAL_ASOF,2026-01-23,False,2026-01-26,2026-02-02,2026-02-27,3.2970383585657013,0.0,GLOBAL_SILVER_MINERS,2025-09-01,1.0,1.0,0.2552920709658135,0.6502011049822765,0.576425969022873,1.1216674935226347,1.887744444130326,0.008766772098270897,370.53256763410906,0.19165079146702801,0.3310926986852696,0.7695322889161529,0.44194165503716326,1.0901959608230032,NOT_AVAILABLE_NO_VALIDATED_HIGH_LOW_PANEL,1.0026627935124672,True,False,,NOT_DETERMINABLE_FROM_CLOSE_ONLY_PANEL,True,"HISTORICAL UK RETAIL, ISA, ACCOUNT AND BROKER ELIGIBILITY REMAIN PARTLY UNRESOLVED"
DD_13,2026-01-27,DAILY_WITH_LAST_WEEKLY_SIGNAL_ASOF,2026-01-23,False,2026-01-26,2026-02-02,2026-02-27,3.077049820680016,-0.06672307506345965,GLOBAL_SILVER_MINERS,2025-09-01,1.0,1.0,0.2552920709658135,0.6502011049822765,0.576425969022873,1.1216674935226347,1.887744444130326,0.008766772098270897,345.809495310402,0.10091682104336397,0.2305861758753276,0.6408274398601419,0.4549163255156388,1.2783360991791735,NOT_AVAILABLE_NO_VALIDATED_HIGH_LOW_PANEL,1.0026627935124672,True,False,,NOT_DETERMINABLE_FROM_CLOSE_ONLY_PANEL,True,"HISTORICAL UK RETAIL, ISA, ACCOUNT AND BROKER ELIGIBILITY REMAIN PARTLY UNRESOLVED"
DD_13,2026-01-28,DAILY_WITH_LAST_WEEKLY_SIGNAL_ASOF,2026-01-23,False,2026-01-26,2026-02-02,2026-02-27,3.157951402547397,-0.04218542245860035,GLOBAL_SILVER_MINERS,2025-09-01,1.0,1.0,0.2552920709658135,0.6502011049822765,0.576425969022873,1.1216674935226347,1.887744444130326,0.008766772098270897,354.90149473379427,0.11667893964858811,0.2500508898968947,0.6725849319314638,0.4556945932305216,1.2479951035823522,NOT_AVAILABLE_NO_VALIDATED_HIGH_LOW_PANEL,1.0026627935124672,True,False,,NOT_DETERMINABLE_FROM_CLOSE_ONLY_PANEL,True,"HISTORICAL UK RETAIL, ISA, ACCOUNT AND BROKER ELIGIBILITY REMAIN PARTLY UNRESOLVED"
DD_13,2026-01-29,DAILY_WITH_LAST_WEEKLY_SIGNAL_ASOF,2026-01-23,False,2026-01-26,2026-02-02,2026-02-27,3.0607100923225654,-0.0716789556388252,GLOBAL_SILVER_MINERS,2025-09-01,1.0,1.0,0.2552920709658135,0.6502011049822765,0.576425969022873,1.1216674935226347,1.887744444130326,0.008766772098270897,343.9731801559238,0.07425680474884944,0.20158977046393445,0.6111251894608238,0.46099730935748534,1.29733513316678,NOT_AVAILABLE_NO_VALIDATED_HIGH_LOW_PANEL,1.0026627935124672,True,False,,NOT_DETERMINABLE_FROM_CLOSE_ONLY_PANEL,True,"HISTORICAL UK RETAIL, ISA, ACCOUNT AND BROKER ELIGIBILITY REMAIN PARTLY UNRESOLVED"
DD_13,2026-01-30,DAILY_WITH_LAST_WEEKLY_SIGNAL_ASOF,2026-01-30,True,2026-01-26,2026-02-02,2026-02-27,2.7921008993244656,-0.15314879729239694,GLOBAL_SILVER_MINERS,2025-09-01,1.0,1.0,0.17785913891143235,0.26851730212261127,0.4700845506821263,0.916920684512599,1.5008956098394748,0.00928599131011059,313.78595054328156,-0.018233567646570803,0.09202071561461844,0.4628946721180873,0.49879061778284306,1.5038147567427111,NOT_AVAILABLE_NO_VALIDATED_HIGH_LOW_PANEL,1.0026627935124672,True,False,,NOT_DETERMINABLE_FROM_CLOSE_ONLY_PANEL,True,"HISTORICAL UK RETAIL, ISA, ACCOUNT AND BROKER ELIGIBILITY REMAIN PARTLY UNRESOLVED"
DD_13,2026-02-02,DAILY_WITH_LAST_WEEKLY_SIGNAL_ASOF,2026-01-30,False,2026-01-26,2026-02-02,2026-02-27,2.608777117753062,-0.20875135984527982,GLOBAL_SILVER_MINERS,2025-09-01,1.0,1.0,0.17785913891143235,0.26851730212261127,0.4700845506821263,0.916920684512599,1.5008956098394748,0.00928599131011059,293.1833902735257,-0.07574615783740468,0.01950837068577127,0.3618728306230521,0.5177418648202391,1.593168107615148,NOT_AVAILABLE_NO_VALIDATED_HIGH_LOW_PANEL,1.0026627935124672,True,False,,NOT_DETERMINABLE_FROM_CLOSE_ONLY_PANEL,True,"HISTORICAL UK RETAIL, ISA, ACCOUNT AND BROKER ELIGIBILITY REMAIN PARTLY UNRESOLVED"
DD_13,2026-02-03,DAILY_WITH_LAST_WEEKLY_SIGNAL_ASOF,2026-01-30,False,2026-01-26,2026-02-02,2026-02-27,2.8036582681626627,-0.14964341834884565,GLOBAL_SILVER_MINERS,2025-09-01,1.0,1.0,0.17785913891143235,0.26851730212261127,0.4700845506821263,0.916920684512599,1.5008956098394748,0.00928599131011059,315.08480760376614,-0.0060968488508118535,0.09157256621033194,0.4568869665598241,0.5322602178876878,1.6080428098055328,NOT_AVAILABLE_NO_VALIDATED_HIGH_LOW_PANEL,1.0026627935124672,True,False,,NOT_DETERMINABLE_FROM_CLOSE_ONLY_PANEL,True,"HISTORICAL UK RETAIL, ISA, ACCOUNT AND BROKER ELIGIBILITY REMAIN PARTLY UNRESOLVED"
DD_13,2026-02-04,DAILY_WITH_LAST_WEEKLY_SIGNAL_ASOF,2026-01-30,False,2026-01-26,2026-02-02,2026-02-27,2.740690534492485,-0.16874168983440108,GLOBAL_SILVER_MINERS,2025-09-01,1.0,1.0,0.17785913891143235,0.26851730212261127,0.4700845506821263,0.916920684512599,1.5008956098394748,0.00928599131011059,308.00827603285,-0.02590242185996372,0.06425813649897649,0.4181810266441792,0.5336087482685317,1.6126751345160024,NOT_AVAILABLE_NO_VALIDATED_HIGH_LOW_PANEL,1.0026627935124672,True,False,,NOT_DETERMINABLE_FROM_CLOSE_ONLY_PANEL,True,"HISTORICAL UK RETAIL, ISA, ACCOUNT AND BROKER ELIGIBILITY REMAIN PARTLY UNRESOLVED"
DD_13,2026-02-05,DAILY_WITH_LAST_WEEKLY_SIGNAL_ASOF,2026-01-30,False,2026-01-26,2026-02-02,2026-02-27,2.6402609845881506,-0.1992022241025021,GLOBAL_SILVER_MINERS,2025-09-01,1.0,1.0,0.17785913891143235,0.26851730212261127,0.4700845506821263,0.916920684512599,1.5008956098394748,0.00928599131011059,296.72165605898374,-0.05631273842768658,0.02424499498852084,0.3612530743811313,0.5385012023498608,1.6273352053858345,NOT_AVAILABLE_NO_VALIDATED_HIGH_LOW_PANEL,1.0026627935124672,True,False,,NOT_DETERMINABLE_FROM_CLOSE_ONLY_PANEL,True,"HISTORICAL UK RETAIL, ISA, ACCOUNT AND BROKER ELIGIBILITY REMAIN PARTLY UNRESOLVED"
DD_13,2026-02-06,DAILY_WITH_LAST_WEEKLY_SIGNAL_ASOF,2026-02-06,True,2026-01-26,2026-02-02,2026-02-27,2.7219596263754062,-0.17442282122567399,GLOBAL_SILVER_MINERS,2025-09-01,1.0,1.0,0.105349973545797,0.2518447472305918,0.4753364843111152,0.6709159465971193,1.3018482795693371,0.007375542351060198,305.9032318313749,-0.024708034208836493,0.05362730191208387,0.3977646870726952,0.5398230378056498,1.6404162866774135,NOT_AVAILABLE_NO_VALIDATED_HIGH_LOW_PANEL,1.0026627935124672,True,False,,NOT_DETERMINABLE_FROM_CLOSE_ONLY_PANEL,True,"HISTORICAL UK RETAIL, ISA, ACCOUNT AND BROKER ELIGIBILITY REMAIN PARTLY UNRESOLVED"
DD_13,2026-02-09,DAILY_WITH_LAST_WEEKLY_SIGNAL_ASOF,2026-02-06,False,2026-01-26,2026-02-02,2026-02-27,2.8809730803906026,-0.12619364196784721,GLOBAL_SILVER_MINERS,2025-09-01,1.0,1.0,0.105349973545797,0.2518447472305918,0.4753364843111152,0.6709159465971193,1.3018482795693371,0.007375542351060198,323.7737134566632,0.029248107874814355,0.11016447034087928,0.4723964910749927,0.5483381415377238,1.6672851770949582,NOT_AVAILABLE_NO_VALIDATED_HIGH_LOW_PANEL,1.0026627935124672,True,False,,NOT_DETERMINABLE_FROM_CLOSE_ONLY_PANEL,True,"HISTORICAL UK RETAIL, ISA, ACCOUNT AND BROKER ELIGIBILITY REMAIN PARTLY UNRESOLVED"
DD_13,2026-02-10,DAILY_WITH_LAST_WEEKLY_SIGNAL_ASOF,2026-02-06,False,2026-01-26,2026-02-02,2026-02-27,2.8825672002303535,-0.12571014142390924,GLOBAL_SILVER_MINERS,2025-09-01,1.0,1.0,0.105349973545797,0.2518447472305918,0.4753364843111152,0.6709159465971193,1.3018482795693371,0.007375542351060198,323.952866154661,0.027033646020422797,0.10597410970938292,0.46630699960807775,0.532968113638094,1.5958266006759116,NOT_AVAILABLE_NO_VALIDATED_HIGH_LOW_PANEL,1.0026627935124672,True,False,,NOT_DETERMINABLE_FROM_CLOSE_ONLY_PANEL,True,"HISTORICAL UK RETAIL, ISA, ACCOUNT AND BROKER ELIGIBILITY REMAIN PARTLY UNRESOLVED"
DD_13,2026-02-11,DAILY_WITH_LAST_WEEKLY_SIGNAL_ASOF,2026-02-06,False,2026-01-26,2026-02-02,2026-02-27,2.908073117666375,-0.1179741327208993,GLOBAL_SILVER_MINERS,2025-09-01,1.0,1.0,0.105349973545797,0.2518447472305918,0.4753364843111152,0.6709159465971193,1.3018482795693371,0.007375542351060198,326.8193093226271,0.03272996207336121,0.11071790831324502,0.47226021057693046,0.5320011611773119,1.5918732882455342,NOT_AVAILABLE_NO_VALIDATED_HIGH_LOW_PANEL,1.0026627935124672,True,False,,NOT_DETERMINABLE_FROM_CLOSE_ONLY_PANEL,True,"HISTORICAL UK RETAIL, ISA, ACCOUNT AND BROKER ELIGIBILITY REMAIN PARTLY UNRESOLVED"
DD_13,2026-02-12,DAILY_WITH_LAST_WEEKLY_SIGNAL_ASOF,2026-02-06,False,2026-01-26,2026-02-02,2026-02-27,2.792897959244341,-0.152907047020428,GLOBAL_SILVER_MINERS,2025-09-01,1.0,1.0,0.105349973545797,0.2518447472305918,0.4753364843111152,0.6709159465971193,1.3018482795693371,0.007375542351060198,313.87552689228045,-0.007434282487952415,0.06394348037356767,0.40815082541592695,0.5324385358126659,1.6119871501460696,NOT_AVAILABLE_NO_VALIDATED_HIGH_LOW_PANEL,1.0026627935124672,True,False,,NOT_DETERMINABLE_FROM_CLOSE_ONLY_PANEL,True,"HISTORICAL UK RETAIL, ISA, ACCOUNT AND BROKER ELIGIBILITY REMAIN PARTLY UNRESOLVED"
DD_13,2026-02-13,DAILY_WITH_LAST_WEEKLY_SIGNAL_ASOF,2026-02-13,True,2026-01-26,2026-02-02,2026-02-27,2.852677453235016,-0.13477577662274876,GLOBAL_SILVER_MINERS,2025-09-01,1.0,1.0,0.06160340529660746,0.2240790303814808,0.41704165144318806,0.7742617771076818,1.427140889178533,0.005921329891389717,320.59375306720085,0.012539440958758474,0.08303324032646642,0.43204573834938453,0.5327464352061777,1.6033230759172936,NOT_AVAILABLE_NO_VALIDATED_HIGH_LOW_PANEL,1.0026627935124672,True,False,,NOT_DETERMINABLE_FROM_CLOSE_ONLY_PANEL,True,"HISTORICAL UK RETAIL, ISA, ACCOUNT AND BROKER ELIGIBILITY REMAIN PARTLY UNRESOLVED"
DD_13,2026-02-16,DAILY_WITH_LAST_WEEKLY_SIGNAL_ASOF,2026-02-13,False,2026-01-26,2026-02-02,2026-02-27,2.8255774159592435,-0.14299528586969668,GLOBAL_SILVER_MINERS,2025-09-01,1.0,1.0,0.06160340529660746,0.2240790303814808,0.41704165144318806,0.7742617771076818,1.427140889178533,0.005921329891389717,317.54815720123696,0.002654256873442895,0.06969303208623945,0.41256017252483157,0.5302853905166848,1.5984603698853566,NOT_AVAILABLE_NO_VALIDATED_HIGH_LOW_PANEL,1.0026627935124672,True,False,,NOT_DETERMINABLE_FROM_CLOSE_ONLY_PANEL,True,"HISTORICAL UK RETAIL, ISA, ACCOUNT AND BROKER ELIGIBILITY REMAIN PARTLY UNRESOLVED"
DD_13,2026-02-17,DAILY_WITH_LAST_WEEKLY_SIGNAL_ASOF,2026-02-13,False,2026-01-26,2026-02-02,2026-02-27,2.749856723571055,-0.16596156170675702,GLOBAL_SILVER_MINERS,2025-09-01,1.0,1.0,0.06160340529660746,0.2240790303814808,0.41704165144318806,0.7742617771076818,1.427140889178533,0.005921329891389717,309.0384040463378,-0.022062367831765628,0.0393548464328779,0.3695995120153186,0.5324214771206932,1.539545664109051,NOT_AVAILABLE_NO_VALIDATED_HIGH_LOW_PANEL,1.0026627935124672,True,False,,NOT_DETERMINABLE_FROM_CLOSE_ONLY_PANEL,True,"HISTORICAL UK RETAIL, ISA, ACCOUNT AND BROKER ELIGIBILITY REMAIN PARTLY UNRESOLVED"
DD_13,2026-02-18,DAILY_WITH_LAST_WEEKLY_SIGNAL_ASOF,2026-02-13,False,2026-01-26,2026-02-02,2026-02-27,2.861046582393711,-0.13223739876707352,GLOBAL_SILVER_MINERS,2025-09-01,1.0,1.0,0.06160340529660746,0.2240790303814808,0.41704165144318806,0.7742617771076818,1.427140889178533,0.005921329891389717,321.53430473168976,0.015865994047498777,0.07794078360580481,0.41897861164313177,0.5359146754072042,1.5707765671297664,NOT_AVAILABLE_NO_VALIDATED_HIGH_LOW_PANEL,1.0026627935124672,True,False,,NOT_DETERMINABLE_FROM_CLOSE_ONLY_PANEL,True,"HISTORICAL UK RETAIL, ISA, ACCOUNT AND BROKER ELIGIBILITY REMAIN PARTLY UNRESOLVED"
DD_13,2026-02-19,DAILY_WITH_LAST_WEEKLY_SIGNAL_ASOF,2026-02-13,False,2026-01-26,2026-02-02,2026-02-27,2.9268040257834538,-0.11229300132962639,GLOBAL_SILVER_MINERS,2025-09-01,1.0,1.0,0.06160340529660746,0.2240790303814808,0.41704165144318806,0.7742617771076818,1.427140889178533,0.005921329891389717,328.9243535241022,0.03552277774090795,0.09829185441617727,0.4450985120830264,0.5357907865678435,1.5748017451993963,NOT_AVAILABLE_NO_VALIDATED_HIGH_LOW_PANEL,1.0026627935124672,True,False,,NOT_DETERMINABLE_FROM_CLOSE_ONLY_PANEL,True,"HISTORICAL UK RETAIL, ISA, ACCOUNT AND BROKER ELIGIBILITY REMAIN PARTLY UNRESOLVED"
DD_13,2026-02-20,DAILY_WITH_LAST_WEEKLY_SIGNAL_ASOF,2026-02-20,True,2026-01-26,2026-02-02,2026-02-27,2.9554981828989777,-0.10358999153874038,GLOBAL_SILVER_MINERS,2025-09-01,1.0,8.0,-0.05257447802024917,0.20396306312129586,0.4804327850604093,0.7806700035539211,1.5288998399914155,0.004363012804205549,332.14910208806396,0.041350992125168684,0.10433635166408561,0.45262790755368876,0.5345986240547216,1.5335861388504153,NOT_AVAILABLE_NO_VALIDATED_HIGH_LOW_PANEL,1.0026627935124672,True,False,,NOT_DETERMINABLE_FROM_CLOSE_ONLY_PANEL,True,"HISTORICAL UK RETAIL, ISA, ACCOUNT AND BROKER ELIGIBILITY REMAIN PARTLY UNRESOLVED"
DD_13,2026-02-23,DAILY_WITH_LAST_WEEKLY_SIGNAL_ASOF,2026-02-20,False,2026-01-26,2026-02-02,2026-02-27,3.1101278073548575,-0.05669043877674351,GLOBAL_SILVER_MINERS,2025-09-01,1.0,8.0,-0.05257447802024917,0.20396306312129586,0.4804327850604093,0.7806700035539211,1.5288998399914155,0.004363012804205549,349.52691379385806,0.08636913564439097,0.15477307804336515,0.5206299077268963,0.5330065974201965,1.574056839156972,NOT_AVAILABLE_NO_VALIDATED_HIGH_LOW_PANEL,1.0026627935124672,True,False,,NOT_DETERMINABLE_FROM_CLOSE_ONLY_PANEL,True,"HISTORICAL UK RETAIL, ISA, ACCOUNT AND BROKER ELIGIBILITY REMAIN PARTLY UNRESOLVED"
DD_13,2026-02-24,DAILY_WITH_LAST_WEEKLY_SIGNAL_ASOF,2026-02-20,False,2026-01-26,2026-02-02,2026-02-27,3.1097292773949192,-0.0568113139127282,GLOBAL_SILVER_MINERS,2025-09-01,1.0,8.0,-0.05257447802024917,0.20396306312129586,0.4804327850604093,0.7806700035539211,1.5288998399914155,0.004363012804205549,349.48212561935856,0.07778111178539437,0.14766596992482683,0.512602108218118,0.5282038726995333,1.5291074895592232,NOT_AVAILABLE_NO_VALIDATED_HIGH_LOW_PANEL,1.0026627935124672,True,False,,NOT_DETERMINABLE_FROM_CLOSE_ONLY_PANEL,True,"HISTORICAL UK RETAIL, ISA, ACCOUNT AND BROKER ELIGIBILITY REMAIN PARTLY UNRESOLVED"
DD_13,2026-02-25,DAILY_WITH_LAST_WEEKLY_SIGNAL_ASOF,2026-02-20,False,2026-01-26,2026-02-02,2026-02-27,3.2288897354163315,-0.020669648253354378,GLOBAL_SILVER_MINERS,2025-09-01,1.0,8.0,-0.05257447802024917,0.20396306312129586,0.4804327850604093,0.7806700035539211,1.5288998399914155,0.004363012804205549,362.8737897946998,0.10709534271574905,0.18275403809016288,0.5616967647859834,0.5314884457945928,1.464246665058643,NOT_AVAILABLE_NO_VALIDATED_HIGH_LOW_PANEL,1.0026627935124672,True,False,,NOT_DETERMINABLE_FROM_CLOSE_ONLY_PANEL,True,"HISTORICAL UK RETAIL, ISA, ACCOUNT AND BROKER ELIGIBILITY REMAIN PARTLY UNRESOLVED"
DD_13,2026-02-26,DAILY_WITH_LAST_WEEKLY_SIGNAL_ASOF,2026-02-20,False,2026-01-26,2026-02-02,2026-02-27,3.222911786017264,-0.02248277529312226,GLOBAL_SILVER_MINERS,2025-09-01,1.0,8.0,-0.05257447802024917,0.20396306312129586,0.4804327850604093,0.7806700035539211,1.5288998399914155,0.004363012804205549,362.2019671772078,0.09459274220651337,0.1722635507726915,0.5501860208464164,0.5270477636827868,1.4523894418502528,NOT_AVAILABLE_NO_VALIDATED_HIGH_LOW_PANEL,1.0026627935124672,True,False,,NOT_DETERMINABLE_FROM_CLOSE_ONLY_PANEL,True,"HISTORICAL UK RETAIL, ISA, ACCOUNT AND BROKER ELIGIBILITY REMAIN PARTLY UNRESOLVED"
DD_13,2026-02-27,DAILY_WITH_LAST_WEEKLY_SIGNAL_ASOF,2026-02-27,True,2026-01-26,2026-02-02,2026-02-27,3.3277251654809143,0.00930738547080856,GLOBAL_SILVER_MINERS,2025-09-01,1.0,1.0,0.051910566685052784,0.33196865858013536,0.5480560355104,0.8366261431936208,1.9318071894354798,0.0045021888527238384,373.9812570705682,0.11697046539603617,0.2004825693414618,0.5910915774634082,0.5289164697963604,1.4450667805510704,NOT_AVAILABLE_NO_VALIDATED_HIGH_LOW_PANEL,1.0213023480997343,True,False,,NOT_DETERMINABLE_FROM_CLOSE_ONLY_PANEL,True,"HISTORICAL UK RETAIL, ISA, ACCOUNT AND BROKER ELIGIBILITY REMAIN PARTLY UNRESOLVED"
DD_14,2026-02-27,DAILY_WITH_LAST_WEEKLY_SIGNAL_ASOF,2026-02-27,True,2026-02-27,2026-03-20,2026-06-02,3.3277251654809143,0.0,GLOBAL_SILVER_MINERS,2025-09-01,1.0,1.0,0.051910566685052784,0.33196865858013536,0.5480560355104,0.8366261431936208,1.9318071894354798,0.0045021888527238384,373.9812570705682,0.11697046539603617,0.2004825693414618,0.5910915774634082,0.5289164697963604,1.4450667805510704,NOT_AVAILABLE_NO_VALIDATED_HIGH_LOW_PANEL,1.0213023480997343,True,False,,NOT_DETERMINABLE_FROM_CLOSE_ONLY_PANEL,True,"HISTORICAL UK RETAIL, ISA, ACCOUNT AND BROKER ELIGIBILITY REMAIN PARTLY UNRESOLVED"
DD_14,2026-03-02,DAILY_WITH_LAST_WEEKLY_SIGNAL_ASOF,2026-02-27,False,2026-02-27,2026-03-20,2026-06-02,3.2775103905287466,-0.015089820359281636,GLOBAL_SILVER_MINERS,2025-09-01,1.0,1.0,0.051910566685052784,0.33196865858013536,0.5480560355104,0.8366261431936208,1.9318071894354798,0.0045021888527238384,368.337947083635,0.09019327861000015,0.17397164897675643,0.5582894718387437,0.521956165613974,1.2503944624086805,NOT_AVAILABLE_NO_VALIDATED_HIGH_LOW_PANEL,1.0213023480997343,True,False,,NOT_DETERMINABLE_FROM_CLOSE_ONLY_PANEL,True,"HISTORICAL UK RETAIL, ISA, ACCOUNT AND BROKER ELIGIBILITY REMAIN PARTLY UNRESOLVED"
DD_14,2026-03-03,DAILY_WITH_LAST_WEEKLY_SIGNAL_ASOF,2026-02-27,False,2026-02-27,2026-03-20,2026-06-02,3.0603115623626276,-0.08035928143712578,GLOBAL_SILVER_MINERS,2025-09-01,1.0,1.0,0.051910566685052784,0.33196865858013536,0.5480560355104,0.8366261431936208,1.9318071894354798,0.0045021888527238384,343.92839198142434,0.016288664576687095,0.0920545064301499,0.4484644289271058,0.542013959388688,1.2498227603005034,NOT_AVAILABLE_NO_VALIDATED_HIGH_LOW_PANEL,1.0213023480997343,True,False,,NOT_DETERMINABLE_FROM_CLOSE_ONLY_PANEL,True,"HISTORICAL UK RETAIL, ISA, ACCOUNT AND BROKER ELIGIBILITY REMAIN PARTLY UNRESOLVED"
DD_14,2026-03-04,DAILY_WITH_LAST_WEEKLY_SIGNAL_ASOF,2026-02-27,False,2026-02-27,2026-03-20,2026-06-02,3.0806365903194566,-0.07425149700598821,GLOBAL_SILVER_MINERS,2025-09-01,1.0,1.0,0.051910566685052784,0.33196865858013536,0.5480560355104,0.8366261431936208,1.9318071894354798,0.0045021888527238384,346.2125888808972,0.02090016804113337,0.0950428329356594,0.4514685192598924,0.5368476715693717,1.1279415056179847,NOT_AVAILABLE_NO_VALIDATED_HIGH_LOW_PANEL,1.0213023480997343,True,False,,NOT_DETERMINABLE_FROM_CLOSE_ONLY_PANEL,True,"HISTORICAL UK RETAIL, ISA, ACCOUNT AND BROKER ELIGIBILITY REMAIN PARTLY UNRESOLVED"
DD_14,2026-03-05,DAILY_WITH_LAST_WEEKLY_SIGNAL_ASOF,2026-02-27,False,2026-02-27,2026-03-20,2026-06-02,2.91444959702538,-0.12419161676646717,GLOBAL_SILVER_MINERS,2025-09-01,1.0,1.0,0.051910566685052784,0.33196865858013536,0.5480560355104,0.8366261431936208,1.9318071894354798,0.0045021888527238384,327.53592011461853,-0.031163150390282723,0.03451074834532508,0.36808821375412704,0.5498079675224504,1.195588592854559,NOT_AVAILABLE_NO_VALIDATED_HIGH_LOW_PANEL,1.0213023480997343,True,False,,NOT_DETERMINABLE_FROM_CLOSE_ONLY_PANEL,True,"HISTORICAL UK RETAIL, ISA, ACCOUNT AND BROKER ELIGIBILITY REMAIN PARTLY UNRESOLVED"
DD_14,2026-03-06,DAILY_WITH_LAST_WEEKLY_SIGNAL_ASOF,2026-03-06,True,2026-02-27,2026-03-20,2026-06-02,2.9104642974260018,-0.12538922155688637,GLOBAL_SILVER_MINERS,2025-09-01,1.0,1.0,0.10302127138270745,0.1986663838302538,0.35447017959608984,0.5735974551405525,1.434506273207464,0.00261670495894689,327.08803836962386,-0.029622000681813643,0.03175702504234068,0.3612570925638192,0.5479041610570126,1.15025695666694,NOT_AVAILABLE_NO_VALIDATED_HIGH_LOW_PANEL,1.0213023480997343,True,True,GLOBAL_OIL_GAS,NOT_DETERMINABLE_FROM_CLOSE_ONLY_PANEL,True,"HISTORICAL UK RETAIL, ISA, ACCOUNT AND BROKER ELIGIBILITY REMAIN PARTLY UNRESOLVED"
DD_14,2026-03-09,DAILY_WITH_LAST_WEEKLY_SIGNAL_ASOF,2026-03-06,False,2026-02-27,2026-03-20,2026-06-02,2.8096362175617298,-0.15568862275449113,GLOBAL_SILVER_MINERS,2025-09-01,1.0,1.0,0.10302127138270745,0.1986663838302538,0.35447017959608984,0.5735974551405525,1.434506273207464,0.00261670495894689,315.75663022125815,-0.05782250771136299,-0.003830708158433893,0.3100044232949677,0.5536883379521673,1.163202338534704,NOT_AVAILABLE_NO_VALIDATED_HIGH_LOW_PANEL,1.0213023480997343,True,True,GLOBAL_OIL_GAS,NOT_DETERMINABLE_FROM_CLOSE_ONLY_PANEL,True,"HISTORICAL UK RETAIL, ISA, ACCOUNT AND BROKER ELIGIBILITY REMAIN PARTLY UNRESOLVED"
DD_14,2026-03-10,DAILY_WITH_LAST_WEEKLY_SIGNAL_ASOF,2026-03-06,False,2026-02-27,2026-03-20,2026-06-02,3.01567620684959,-0.09377245508982046,GLOBAL_SILVER_MINERS,2025-09-01,1.0,1.0,0.10302127138270745,0.1986663838302538,0.35447017959608984,0.5735974551405525,1.434506273207464,0.00261670495894689,338.91211643748375,0.010235429582096334,0.06632707990055242,0.40041302926744415,0.5694427127638918,1.199399270045267,NOT_AVAILABLE_NO_VALIDATED_HIGH_LOW_PANEL,1.0213023480997343,True,True,GLOBAL_OIL_GAS,NOT_DETERMINABLE_FROM_CLOSE_ONLY_PANEL,True,"HISTORICAL UK RETAIL, ISA, ACCOUNT AND BROKER ELIGIBILITY REMAIN PARTLY UNRESOLVED"
DD_14,2026-03-11,DAILY_WITH_LAST_WEEKLY_SIGNAL_ASOF,2026-03-06,False,2026-02-27,2026-03-20,2026-06-02,2.87579219091141,-0.13580838323353317,GLOBAL_SILVER_MINERS,2025-09-01,1.0,1.0,0.10302127138270745,0.1986663838302538,0.35447017959608984,0.5735974551405525,1.434506273207464,0.00261670495894689,323.19146718817,-0.03340665521185848,0.01619275984815638,0.3310112831509271,0.5749411869370565,1.243234739086822,NOT_AVAILABLE_NO_VALIDATED_HIGH_LOW_PANEL,1.0213023480997343,True,True,GLOBAL_OIL_GAS,NOT_DETERMINABLE_FROM_CLOSE_ONLY_PANEL,True,"HISTORICAL UK RETAIL, ISA, ACCOUNT AND BROKER ELIGIBILITY REMAIN PARTLY UNRESOLVED"
DD_14,2026-03-12,DAILY_WITH_LAST_WEEKLY_SIGNAL_ASOF,2026-03-06,False,2026-02-27,2026-03-20,2026-06-02,2.8674230617527154,-0.1383233532934134,GLOBAL_SILVER_MINERS,2025-09-01,1.0,1.0,0.10302127138270745,0.1986663838302538,0.35447017959608984,0.5735974551405525,1.434506273207464,0.00261670495894689,322.25091552368116,-0.03303571717832532,0.012709802564021988,0.32283182188385573,0.5750839279579052,1.2243457304315255,NOT_AVAILABLE_NO_VALIDATED_HIGH_LOW_PANEL,1.0213023480997343,True,True,GLOBAL_OIL_GAS,NOT_DETERMINABLE_FROM_CLOSE_ONLY_PANEL,True,"HISTORICAL UK RETAIL, ISA, ACCOUNT AND BROKER ELIGIBILITY REMAIN PARTLY UNRESOLVED"
DD_14,2026-03-13,DAILY_WITH_LAST_WEEKLY_SIGNAL_ASOF,2026-03-13,True,2026-02-27,2026-03-20,2026-06-02,2.723952276175095,-0.18143712574850324,GLOBAL_SILVER_MINERS,2025-09-01,1.0,10.0,-0.01288426010537913,0.01921266290136736,0.16965671351150902,0.39609016041772716,1.0603908812989555,0.0005485464182981521,306.1271727038722,-0.07456785715784264,-0.03652658948732335,0.25344338106055986,0.5780349086479739,1.22620989275693,NOT_AVAILABLE_NO_VALIDATED_HIGH_LOW_PANEL,1.0213023480997343,True,True,GLOBAL_OIL_GAS,NOT_DETERMINABLE_FROM_CLOSE_ONLY_PANEL,True,"HISTORICAL UK RETAIL, ISA, ACCOUNT AND BROKER ELIGIBILITY REMAIN PARTLY UNRESOLVED"
DD_14,2026-03-16,DAILY_WITH_LAST_WEEKLY_SIGNAL_ASOF,2026-03-13,False,2026-02-27,2026-03-20,2026-06-02,2.647434523867031,-0.20443113772455102,GLOBAL_SILVER_MINERS,2025-09-01,1.0,10.0,-0.01288426010537913,0.01921266290136736,0.16965671351150902,0.39609016041772716,1.0603908812989555,0.0005485464182981521,297.52784319997414,-0.09226523447972568,-0.06125021128082253,0.21559363551713862,0.5806202386552733,1.21684542322992,NOT_AVAILABLE_NO_VALIDATED_HIGH_LOW_PANEL,1.0213023480997343,True,True,GLOBAL_OIL_GAS,NOT_DETERMINABLE_FROM_CLOSE_ONLY_PANEL,True,"HISTORICAL UK RETAIL, ISA, ACCOUNT AND BROKER ELIGIBILITY REMAIN PARTLY UNRESOLVED"
DD_14,2026-03-17,DAILY_WITH_LAST_WEEKLY_SIGNAL_ASOF,2026-03-13,False,2026-02-27,2026-03-20,2026-06-02,2.6900772295803788,-0.19161676646706616,GLOBAL_SILVER_MINERS,2025-09-01,1.0,10.0,-0.01288426010537913,0.01921266290136736,0.16965671351150902,0.39609016041772716,1.0603908812989555,0.0005485464182981521,302.3201778714173,-0.07108739918520823,-0.04440091654640088,0.23228982147121457,0.5811925492720272,1.216537474814026,NOT_AVAILABLE_NO_VALIDATED_HIGH_LOW_PANEL,1.0213023480997343,True,True,GLOBAL_OIL_GAS,NOT_DETERMINABLE_FROM_CLOSE_ONLY_PANEL,True,"HISTORICAL UK RETAIL, ISA, ACCOUNT AND BROKER ELIGIBILITY REMAIN PARTLY UNRESOLVED"
DD_14,2026-03-18,DAILY_WITH_LAST_WEEKLY_SIGNAL_ASOF,2026-03-13,False,2026-02-27,2026-03-20,2026-06-02,2.5641417622400233,-0.2294610778443117,GLOBAL_SILVER_MINERS,2025-09-01,1.0,10.0,-0.01288426010537913,0.01921266290136736,0.16965671351150902,0.39609016041772716,1.0603908812989555,0.0005485464182981521,288.167114729585,-0.10525474466446605,-0.08594195407928973,0.17256328704489565,0.5893897392594056,1.2440363978526197,NOT_AVAILABLE_NO_VALIDATED_HIGH_LOW_PANEL,1.0213023480997343,True,True,GLOBAL_OIL_GAS,NOT_DETERMINABLE_FROM_CLOSE_ONLY_PANEL,True,"HISTORICAL UK RETAIL, ISA, ACCOUNT AND BROKER ELIGIBILITY REMAIN PARTLY UNRESOLVED"
DD_14,2026-03-19,DAILY_WITH_LAST_WEEKLY_SIGNAL_ASOF,2026-03-13,False,2026-02-27,2026-03-20,2026-06-02,2.3345885053158306,-0.29844311377245547,GLOBAL_SILVER_MINERS,2025-09-01,1.0,10.0,-0.01288426010537913,0.01921266290136736,0.16965671351150902,0.39609016041772716,1.0603908812989555,0.0005485464182981521,262.3691262178907,-0.17139379069389038,-0.1622607055663895,0.06687274592003889,0.6173754473451163,1.3407399677045042,NOT_AVAILABLE_NO_VALIDATED_HIGH_LOW_PANEL,1.0213023480997343,True,True,GLOBAL_OIL_GAS,NOT_DETERMINABLE_FROM_CLOSE_ONLY_PANEL,True,"HISTORICAL UK RETAIL, ISA, ACCOUNT AND BROKER ELIGIBILITY REMAIN PARTLY UNRESOLVED"
DD_14,2026-03-20,DAILY_WITH_LAST_WEEKLY_SIGNAL_ASOF,2026-03-20,True,2026-02-27,2026-03-20,2026-06-02,2.2995178688413014,-0.308982035928144,GLOBAL_SILVER_MINERS,2025-09-01,6.0,22.0,-0.17419156089735643,-0.19790886235740301,-0.00037893217328954787,0.20251569852831008,0.8009724448073585,-0.0021445734075307837,258.4277668619374,-0.1699690960388286,-0.16914850163787032,0.05031459301877006,0.6165905943131974,1.3196347290156258,NOT_AVAILABLE_NO_VALIDATED_HIGH_LOW_PANEL,1.0213023480997343,False,False,,NOT_DETERMINABLE_FROM_CLOSE_ONLY_PANEL,True,"HISTORICAL UK RETAIL, ISA, ACCOUNT AND BROKER ELIGIBILITY REMAIN PARTLY UNRESOLVED"
DD_14,2026-03-23,DAILY_WITH_LAST_WEEKLY_SIGNAL_ASOF,2026-03-20,False,2026-02-27,2026-03-20,2026-06-02,2.335385565235706,-0.2982035928143718,GLOBAL_SILVER_MINERS,2025-09-01,6.0,22.0,-0.17419156089735643,-0.19790886235740301,-0.00037893217328954787,0.20251569852831008,0.8009724448073585,-0.0021445734075307837,262.4587025668896,-0.1448147779118717,-0.15098870386458474,0.0659898669203518,0.6162398636957438,1.3170487105257087,NOT_AVAILABLE_NO_VALIDATED_HIGH_LOW_PANEL,1.0213023480997343,False,False,,NOT_DETERMINABLE_FROM_CLOSE_ONLY_PANEL,True,"HISTORICAL UK RETAIL, ISA, ACCOUNT AND BROKER ELIGIBILITY REMAIN PARTLY UNRESOLVED"
DD_14,2026-03-24,DAILY_WITH_LAST_WEEKLY_SIGNAL_ASOF,2026-03-20,False,2026-02-27,2026-03-20,2026-06-02,2.380020920748743,-0.28479041916167724,GLOBAL_SILVER_MINERS,2025-09-01,6.0,22.0,-0.17419156089735643,-0.19790886235740301,-0.00037893217328954787,0.20251569852831008,0.8009724448073585,-0.0021445734075307837,267.47497811083014,-0.11817098440083396,-0.1301649808842158,0.08543097972729097,0.6123987384850355,1.2463448020706813,NOT_AVAILABLE_NO_VALIDATED_HIGH_LOW_PANEL,1.0213023480997343,False,False,,NOT_DETERMINABLE_FROM_CLOSE_ONLY_PANEL,True,"HISTORICAL UK RETAIL, ISA, ACCOUNT AND BROKER ELIGIBILITY REMAIN PARTLY UNRESOLVED"
DD_14,2026-03-25,DAILY_WITH_LAST_WEEKLY_SIGNAL_ASOF,2026-03-20,False,2026-02-27,2026-03-20,2026-06-02,2.468494571854942,-0.258203592814372,GLOBAL_SILVER_MINERS,2025-09-01,6.0,22.0,-0.17419156089735643,-0.19790886235740301,-0.00037893217328954787,0.20251569852831008,0.8009724448073585,-0.0021445734075307837,277.41795284971226,-0.07823489531360672,-0.09435570505316071,0.12437301957245217,0.6159889801145781,1.2762862849650298,NOT_AVAILABLE_NO_VALIDATED_HIGH_LOW_PANEL,1.0213023480997343,False,False,,NOT_DETERMINABLE_FROM_CLOSE_ONLY_PANEL,True,"HISTORICAL UK RETAIL, ISA, ACCOUNT AND BROKER ELIGIBILITY REMAIN PARTLY UNRESOLVED"
DD_14,2026-03-26,DAILY_WITH_LAST_WEEKLY_SIGNAL_ASOF,2026-03-20,False,2026-02-27,2026-03-20,2026-06-02,2.342559104514587,-0.2960479041916173,GLOBAL_SILVER_MINERS,2025-09-01,6.0,22.0,-0.17419156089735643,-0.19790886235740301,-0.00037893217328954787,0.20251569852831008,0.8009724448073585,-0.0021445734075307837,263.26488970788,-0.11518500495398454,-0.13579546348913907,0.0662997731888273,0.6245538430205897,1.2374097251378915,NOT_AVAILABLE_NO_VALIDATED_HIGH_LOW_PANEL,1.0213023480997343,False,False,,NOT_DETERMINABLE_FROM_CLOSE_ONLY_PANEL,True,"HISTORICAL UK RETAIL, ISA, ACCOUNT AND BROKER ELIGIBILITY REMAIN PARTLY UNRESOLVED"
DD_14,2026-03-27,DAILY_WITH_LAST_WEEKLY_SIGNAL_ASOF,2026-03-27,True,2026-02-27,2026-03-20,2026-06-02,2.4210695066223393,-0.27245508982036004,GLOBAL_SILVER_MINERS,2025-09-01,6.0,25.0,-0.19776268399889185,-0.19960812522570415,0.045012429279216004,0.22651860495930798,0.897157585011064,-0.0027847395297830374,272.0881600842754,-0.0783644201394742,-0.10307416478718567,0.10091884646411398,0.6265570820984286,1.2591293700587716,NOT_AVAILABLE_NO_VALIDATED_HIGH_LOW_PANEL,1.0213023480997343,False,True,GLOBAL_AGRIBUSINESS,NOT_DETERMINABLE_FROM_CLOSE_ONLY_PANEL,True,"HISTORICAL UK RETAIL, ISA, ACCOUNT AND BROKER ELIGIBILITY REMAIN PARTLY UNRESOLVED"
DD_14,2026-03-30,DAILY_WITH_LAST_WEEKLY_SIGNAL_ASOF,2026-03-27,False,2026-02-27,2026-03-20,2026-06-02,2.4505607236577394,-0.26359281437125814,GLOBAL_SILVER_MINERS,2025-09-01,6.0,25.0,-0.19776268399889185,-0.19960812522570415,0.045012429279216004,0.22651860495930798,0.897157585011064,-0.0027847395297830374,275.4024849972361,-0.06140927428546139,-0.08885607269798368,0.1130629908867018,0.6266144809453899,1.2171115830132664,NOT_AVAILABLE_NO_VALIDATED_HIGH_LOW_PANEL,1.0213023480997343,False,True,GLOBAL_AGRIBUSINESS,NOT_DETERMINABLE_FROM_CLOSE_ONLY_PANEL,True,"HISTORICAL UK RETAIL, ISA, ACCOUNT AND BROKER ELIGIBILITY REMAIN PARTLY UNRESOLVED"
DD_14,2026-03-31,DAILY_WITH_LAST_WEEKLY_SIGNAL_ASOF,2026-03-27,False,2026-02-27,2026-03-20,2026-06-02,2.5195064067269843,-0.2428742514970067,GLOBAL_SILVER_MINERS,2025-09-01,6.0,25.0,-0.19776268399889185,-0.19960812522570415,0.045012429279216004,0.22651860495930798,0.897157585011064,-0.0027847395297830374,283.15083918564426,-0.031921891970684624,-0.06089305324544181,0.14273697553651665,0.6262066647813547,1.2360194100366912,NOT_AVAILABLE_NO_VALIDATED_HIGH_LOW_PANEL,1.0213023480997343,False,True,GLOBAL_AGRIBUSINESS,NOT_DETERMINABLE_FROM_CLOSE_ONLY_PANEL,True,"HISTORICAL UK RETAIL, ISA, ACCOUNT AND BROKER ELIGIBILITY REMAIN PARTLY UNRESOLVED"
DD_14,2026-04-01,DAILY_WITH_LAST_WEEKLY_SIGNAL_ASOF,2026-03-27,False,2026-02-27,2026-03-20,2026-06-02,2.7046888944283327,-0.18722587956344705,GLOBAL_OIL_GAS,2026-04-01,1.0,1.0,0.3108435591386809,0.42531854887224463,0.5071967978069392,0.47078719488809173,0.22519518665334326,0.008097651476238938,162.16938321957173,0.006411473453876493,0.08579229067621141,0.24231467504577453,0.3056947914268986,1.7154026101704187,NOT_AVAILABLE_NO_VALIDATED_HIGH_LOW_PANEL,0.0,True,True,GLOBAL_AGRIBUSINESS,NOT_DETERMINABLE_FROM_CLOSE_ONLY_PANEL,True,"HISTORICAL UK RETAIL, ISA, ACCOUNT AND BROKER ELIGIBILITY REMAIN PARTLY UNRESOLVED"
DD_14,2026-04-02,DAILY_WITH_LAST_WEEKLY_SIGNAL_ASOF,2026-04-02,True,2026-02-27,2026-03-20,2026-06-02,2.734965262649545,-0.1781276617973664,GLOBAL_OIL_GAS,2026-04-01,2.0,1.0,0.14329856249163275,0.3019828672768936,0.4157557752175507,0.3760188842855785,0.1383665784228285,0.00818786151040338,163.9847121362087,0.0160444648095861,0.09374555461658485,0.25302663567266315,0.3028489254177564,1.642486041293834,NOT_AVAILABLE_NO_VALIDATED_HIGH_LOW_PANEL,0.011194029850746245,False,True,GLOBAL_AGRIBUSINESS,NOT_DETERMINABLE_FROM_CLOSE_ONLY_PANEL,True,"HISTORICAL UK RETAIL, ISA, ACCOUNT AND BROKER ELIGIBILITY REMAIN PARTLY UNRESOLVED"
DD_14,2026-04-07,DAILY_WITH_LAST_WEEKLY_SIGNAL_ASOF,2026-04-02,False,2026-02-27,2026-03-20,2026-06-02,2.7934995745438895,-0.1605377741162768,GLOBAL_OIL_GAS,2026-04-01,2.0,1.0,0.14329856249163275,0.3019828672768936,0.4157557752175507,0.3760188842855785,0.1383665784228285,0.00818786151040338,167.4943480417069,0.034236985552203114,0.11204508495909948,0.276290324986203,0.3043604820403303,1.6074936597048135,NOT_AVAILABLE_NO_VALIDATED_HIGH_LOW_PANEL,0.03283582089552217,False,True,GLOBAL_AGRIBUSINESS,NOT_DETERMINABLE_FROM_CLOSE_ONLY_PANEL,True,"HISTORICAL UK RETAIL, ISA, ACCOUNT AND BROKER ELIGIBILITY REMAIN PARTLY UNRESOLVED"
DD_14,2026-04-08,DAILY_WITH_LAST_WEEKLY_SIGNAL_ASOF,2026-04-02,False,2026-02-27,2026-03-20,2026-06-02,2.5845926338175222,-0.2233154767022344,GLOBAL_OIL_GAS,2026-04-01,2.0,1.0,0.14329856249163275,0.3019828672768936,0.4157557752175507,0.3760188842855785,0.1383665784228285,0.00818786151040338,154.96857851691163,-0.0393419945679625,0.027718701028603743,0.17872414237343204,0.33959304812398017,2.007807243351437,NOT_AVAILABLE_NO_VALIDATED_HIGH_LOW_PANEL,0.03283582089552217,False,True,GLOBAL_AGRIBUSINESS,NOT_DETERMINABLE_FROM_CLOSE_ONLY_PANEL,True,"HISTORICAL UK RETAIL, ISA, ACCOUNT AND BROKER ELIGIBILITY REMAIN PARTLY UNRESOLVED"
DD_14,2026-04-09,DAILY_WITH_LAST_WEEKLY_SIGNAL_ASOF,2026-04-02,False,2026-02-27,2026-03-20,2026-06-02,2.639090096615705,-0.2069386847232889,GLOBAL_OIL_GAS,2026-04-01,2.0,1.0,0.14329856249163275,0.3019828672768936,0.4157557752175507,0.3760188842855785,0.1383665784228285,0.00818786151040338,158.23617056685825,-0.01738109168369928,0.047360139027038395,0.20114504286195856,0.34110678036301484,2.0151950218370325,NOT_AVAILABLE_NO_VALIDATED_HIGH_LOW_PANEL,0.03283582089552217,False,True,GLOBAL_AGRIBUSINESS,NOT_DETERMINABLE_FROM_CLOSE_ONLY_PANEL,True,"HISTORICAL UK RETAIL, ISA, ACCOUNT AND BROKER ELIGIBILITY REMAIN PARTLY UNRESOLVED"
DD_14,2026-04-10,DAILY_WITH_LAST_WEEKLY_SIGNAL_ASOF,2026-04-10,True,2026-02-27,2026-03-20,2026-06-02,2.586611058365603,-0.22270892885116234,GLOBAL_OIL_GAS,2026-04-01,5.0,2.0,0.03657047862442009,0.16571617265900174,0.3104708078687801,0.26452333787297433,0.1499341428177401,0.006846480249590635,155.08960044468745,-0.033677345781671586,0.02546608106325876,0.1751871684547084,0.34229680162494047,1.915408143870526,NOT_AVAILABLE_NO_VALIDATED_HIGH_LOW_PANEL,0.03283582089552217,False,False,,NOT_DETERMINABLE_FROM_CLOSE_ONLY_PANEL,True,"HISTORICAL UK RETAIL, ISA, ACCOUNT AND BROKER ELIGIBILITY REMAIN PARTLY UNRESOLVED"
DD_14,2026-04-13,DAILY_WITH_LAST_WEEKLY_SIGNAL_ASOF,2026-04-10,False,2026-02-27,2026-03-20,2026-06-02,2.605786091572371,-0.21694672426597772,GLOBAL_OIL_GAS,2026-04-01,5.0,2.0,0.03657047862442009,0.16571617265900174,0.3104708078687801,0.26452333787297433,0.1499341428177401,0.006846480249590635,156.23930875855754,-0.024161705904153896,0.03173011996901409,0.18173666092498442,0.34167583739433643,1.8581861886305953,NOT_AVAILABLE_NO_VALIDATED_HIGH_LOW_PANEL,0.03283582089552217,False,False,,NOT_DETERMINABLE_FROM_CLOSE_ONLY_PANEL,True,"HISTORICAL UK RETAIL, ISA, ACCOUNT AND BROKER ELIGIBILITY REMAIN PARTLY UNRESOLVED"
DD_14,2026-04-14,DAILY_WITH_LAST_WEEKLY_SIGNAL_ASOF,2026-04-10,False,2026-02-27,2026-03-20,2026-06-02,2.509910925538531,-0.24575774719190047,GLOBAL_OIL_GAS,2026-04-01,5.0,2.0,0.03657047862442009,0.16571617265900174,0.3104708078687801,0.26452333787297433,0.1499341428177401,0.006846480249590635,150.49076718920705,-0.05490517846953835,-0.0059876447729673155,0.1366930701578899,0.3507914508653789,1.8974785725434922,NOT_AVAILABLE_NO_VALIDATED_HIGH_LOW_PANEL,0.03283582089552217,False,False,,NOT_DETERMINABLE_FROM_CLOSE_ONLY_PANEL,True,"HISTORICAL UK RETAIL, ISA, ACCOUNT AND BROKER ELIGIBILITY REMAIN PARTLY UNRESOLVED"
DD_14,2026-04-15,DAILY_WITH_LAST_WEEKLY_SIGNAL_ASOF,2026-04-10,False,2026-02-27,2026-03-20,2026-06-02,2.516975411456814,-0.2436348297131482,GLOBAL_OIL_GAS,2026-04-01,5.0,2.0,0.03657047862442009,0.16571617265900174,0.3104708078687801,0.26452333787297433,0.1499341428177401,0.006846480249590635,150.91434393642234,-0.04772218673469797,-0.003065152518395453,0.1383079630690216,0.3487003218314412,1.8982282635796661,NOT_AVAILABLE_NO_VALIDATED_HIGH_LOW_PANEL,0.03283582089552217,False,False,,NOT_DETERMINABLE_FROM_CLOSE_ONLY_PANEL,True,"HISTORICAL UK RETAIL, ISA, ACCOUNT AND BROKER ELIGIBILITY REMAIN PARTLY UNRESOLVED"
DD_14,2026-04-16,DAILY_WITH_LAST_WEEKLY_SIGNAL_ASOF,2026-04-10,False,2026-02-27,2026-03-20,2026-06-02,2.539178081485703,-0.23696280335135567,GLOBAL_OIL_GAS,2026-04-01,5.0,2.0,0.03657047862442009,0.16571617265900174,0.3104708078687801,0.26452333787297433,0.1499341428177401,0.006846480249590635,152.24558514195613,-0.035875500967132545,0.005503077819165814,0.14665657946662258,0.34846072392152116,1.8982003310481452,NOT_AVAILABLE_NO_VALIDATED_HIGH_LOW_PANEL,0.03283582089552217,False,False,,NOT_DETERMINABLE_FROM_CLOSE_ONLY_PANEL,True,"HISTORICAL UK RETAIL, ISA, ACCOUNT AND BROKER ELIGIBILITY REMAIN PARTLY UNRESOLVED"
DD_14,2026-04-17,DAILY_WITH_LAST_WEEKLY_SIGNAL_ASOF,2026-04-17,True,2026-02-27,2026-03-20,2026-06-02,2.397383756983024,-0.27957278988916745,GLOBAL_OIL_GAS,2026-04-01,6.0,8.0,-0.14155915149853793,0.008849613659537514,0.15858343124441765,0.18067920312634356,0.02033869929819887,0.0037954488751280875,143.7437947157062,-0.0822294967738062,-0.04875752506667452,0.08173495723319424,0.3675695304216784,2.0552666798309462,NOT_AVAILABLE_NO_VALIDATED_HIGH_LOW_PANEL,0.03283582089552217,False,False,,NOT_DETERMINABLE_FROM_CLOSE_ONLY_PANEL,True,"HISTORICAL UK RETAIL, ISA, ACCOUNT AND BROKER ELIGIBILITY REMAIN PARTLY UNRESOLVED"
DD_14,2026-04-20,DAILY_WITH_LAST_WEEKLY_SIGNAL_ASOF,2026-04-17,False,2026-02-27,2026-03-20,2026-06-02,2.4624779486586315,-0.2600116216920936,GLOBAL_OIL_GAS,2026-04-01,6.0,8.0,-0.14155915149853793,0.008849613659537514,0.15858343124441765,0.18067920312634356,0.02033869929819887,0.0037954488751280875,147.64675188647578,-0.05237288857356481,-0.02204986142527643,0.10987940568012311,0.37059364914357495,2.106648240741641,NOT_AVAILABLE_NO_VALIDATED_HIGH_LOW_PANEL,0.03283582089552217,False,False,,NOT_DETERMINABLE_FROM_CLOSE_ONLY_PANEL,True,"HISTORICAL UK RETAIL, ISA, ACCOUNT AND BROKER ELIGIBILITY REMAIN PARTLY UNRESOLVED"
DD_14,2026-04-21,DAILY_WITH_LAST_WEEKLY_SIGNAL_ASOF,2026-04-17,False,2026-02-27,2026-03-20,2026-06-02,2.4831668002764604,-0.2537945062186049,GLOBAL_OIL_GAS,2026-04-01,6.0,8.0,-0.14155915149853793,0.008849613659537514,0.15858343124441765,0.18067920312634356,0.02033869929819887,0.0037954488751280875,148.88722664617774,-0.0405375452057285,-0.01329820189985631,0.11787828380292775,0.3706497632398805,2.033412864606018,NOT_AVAILABLE_NO_VALIDATED_HIGH_LOW_PANEL,0.03283582089552217,False,False,,NOT_DETERMINABLE_FROM_CLOSE_ONLY_PANEL,True,"HISTORICAL UK RETAIL, ISA, ACCOUNT AND BROKER ELIGIBILITY REMAIN PARTLY UNRESOLVED"
DD_14,2026-04-22,DAILY_WITH_LAST_WEEKLY_SIGNAL_ASOF,2026-04-17,False,2026-02-27,2026-03-20,2026-06-02,2.5391780814857037,-0.23696280335135544,GLOBAL_OIL_GAS,2026-04-01,6.0,8.0,-0.14155915149853793,0.008849613659537514,0.15858343124441765,0.18067920312634356,0.02033869929819887,0.0037954488751280875,152.24558514195618,-0.017207317358054253,0.008603903934925272,0.141468341692373,0.3704915081259665,2.0725598423430105,NOT_AVAILABLE_NO_VALIDATED_HIGH_LOW_PANEL,0.03283582089552217,False,False,,NOT_DETERMINABLE_FROM_CLOSE_ONLY_PANEL,True,"HISTORICAL UK RETAIL, ISA, ACCOUNT AND BROKER ELIGIBILITY REMAIN PARTLY UNRESOLVED"
DD_14,2026-04-23,DAILY_WITH_LAST_WEEKLY_SIGNAL_ASOF,2026-04-17,False,2026-02-27,2026-03-20,2026-06-02,2.5805557847213616,-0.22452857240437818,GLOBAL_OIL_GAS,2026-04-01,6.0,8.0,-0.14155915149853793,0.008849613659537514,0.15858343124441765,0.18067920312634356,0.02033869929819887,0.0037954488751280875,154.7265346613601,-0.0010837677115389521,0.024034263924204824,0.15822463662649278,0.37032754614500585,2.0698329560718487,NOT_AVAILABLE_NO_VALIDATED_HIGH_LOW_PANEL,0.03283582089552217,False,False,,NOT_DETERMINABLE_FROM_CLOSE_ONLY_PANEL,True,"HISTORICAL UK RETAIL, ISA, ACCOUNT AND BROKER ELIGIBILITY REMAIN PARTLY UNRESOLVED"
DD_14,2026-04-24,DAILY_WITH_LAST_WEEKLY_SIGNAL_ASOF,2026-04-24,True,2026-02-27,2026-03-20,2026-06-02,2.5522978410482295,-0.233020242319387,GLOBAL_OIL_GAS,2026-04-01,3.0,8.0,-0.1461138320730042,0.05580984594500982,0.17624765859406177,0.23652403165213864,0.09851279570300897,0.0006619279695806729,153.0322276724989,-0.01094126032108711,0.012311783829593193,0.14388514478036063,0.3706984909277463,2.0114973797693563,NOT_AVAILABLE_NO_VALIDATED_HIGH_LOW_PANEL,0.03283582089552217,False,False,,NOT_DETERMINABLE_FROM_CLOSE_ONLY_PANEL,True,"HISTORICAL UK RETAIL, ISA, ACCOUNT AND BROKER ELIGIBILITY REMAIN PARTLY UNRESOLVED"
DD_14,2026-04-27,DAILY_WITH_LAST_WEEKLY_SIGNAL_ASOF,2026-04-24,False,2026-02-27,2026-03-20,2026-06-02,2.5775281478992405,-0.2254383941809862,GLOBAL_OIL_GAS,2026-04-01,3.0,8.0,-0.1461138320730042,0.05580984594500982,0.17624765859406177,0.23652403165213864,0.09851279570300897,0.0006619279695806729,154.5450017696964,-0.001058373932601664,0.02142482017506042,0.15341172038959527,0.3682639062782097,2.0207609109177453,NOT_AVAILABLE_NO_VALIDATED_HIGH_LOW_PANEL,0.03283582089552217,False,False,,NOT_DETERMINABLE_FROM_CLOSE_ONLY_PANEL,True,"HISTORICAL UK RETAIL, ISA, ACCOUNT AND BROKER ELIGIBILITY REMAIN PARTLY UNRESOLVED"
DD_14,2026-04-28,DAILY_WITH_LAST_WEEKLY_SIGNAL_ASOF,2026-04-24,False,2026-02-27,2026-03-20,2026-06-02,2.643126945711868,-0.20572558902114435,GLOBAL_OIL_GAS,2026-04-01,3.0,8.0,-0.1461138320730042,0.05580984594500982,0.17624765859406177,0.23652403165213864,0.09851279570300897,0.0006619279695806729,158.4782144224099,0.02210101381770402,0.04547617127909631,0.18061932497717414,0.37067974956249017,2.0240447679428315,NOT_AVAILABLE_NO_VALIDATED_HIGH_LOW_PANEL,0.03283582089552217,False,False,,NOT_DETERMINABLE_FROM_CLOSE_ONLY_PANEL,True,"HISTORICAL UK RETAIL, ISA, ACCOUNT AND BROKER ELIGIBILITY REMAIN PARTLY UNRESOLVED"
DD_14,2026-04-29,DAILY_WITH_LAST_WEEKLY_SIGNAL_ASOF,2026-04-24,False,2026-02-27,2026-03-20,2026-06-02,2.680467799851364,-0.19450445377631131,GLOBAL_OIL_GAS,2026-04-01,3.0,8.0,-0.1461138320730042,0.05580984594500982,0.17624765859406177,0.23652403165213864,0.09851279570300897,0.0006619279695806729,160.7171200862622,0.03310890330317395,0.05774713895958383,0.19495266450870452,0.370382048857715,2.00599536275352,NOT_AVAILABLE_NO_VALIDATED_HIGH_LOW_PANEL,0.03283582089552217,False,False,,NOT_DETERMINABLE_FROM_CLOSE_ONLY_PANEL,True,"HISTORICAL UK RETAIL, ISA, ACCOUNT AND BROKER ELIGIBILITY REMAIN PARTLY UNRESOLVED"
DD_14,2026-04-30,DAILY_WITH_LAST_WEEKLY_SIGNAL_ASOF,2026-04-24,False,2026-02-27,2026-03-20,2026-06-02,2.6935875594138894,-0.190561892744343,GLOBAL_OIL_GAS,2026-04-01,3.0,8.0,-0.1461138320730042,0.05580984594500982,0.17624765859406177,0.23652403165213864,0.09851279570300897,0.0006619279695806729,161.50376261680492,0.03457597697094483,0.06030792582903066,0.19840700744342943,0.3681868494928699,1.996408667747288,NOT_AVAILABLE_NO_VALIDATED_HIGH_LOW_PANEL,0.03283582089552217,False,False,,NOT_DETERMINABLE_FROM_CLOSE_ONLY_PANEL,True,"HISTORICAL UK RETAIL, ISA, ACCOUNT AND BROKER ELIGIBILITY REMAIN PARTLY UNRESOLVED"
DD_14,2026-05-01,DAILY_WITH_LAST_WEEKLY_SIGNAL_ASOF,2026-05-01,True,2026-02-27,2026-03-20,2026-06-02,2.6295069916541878,-0.20981846129285797,GLOBAL_SEMICONDUCTORS,2026-05-01,1.0,1.0,0.2556669479527607,0.22726341034004016,0.19987467206376386,0.35582341455086075,0.8927207200858187,0.005368751288606116,1507.4353369623436,0.09420081151614013,0.17229826119062985,0.38767730586214477,0.3403100251136462,1.1066601900750022,NOT_AVAILABLE_NO_VALIDATED_HIGH_LOW_PANEL,0.0,True,False,,NOT_DETERMINABLE_FROM_CLOSE_ONLY_PANEL,True,"HISTORICAL UK RETAIL, ISA, ACCOUNT AND BROKER ELIGIBILITY REMAIN PARTLY UNRESOLVED"
DD_14,2026-05-05,DAILY_WITH_LAST_WEEKLY_SIGNAL_ASOF,2026-05-01,False,2026-02-27,2026-03-20,2026-06-02,2.7117710711529903,-0.18509764589856326,GLOBAL_SEMICONDUCTORS,2026-05-01,1.0,1.0,0.2556669479527607,0.22726341034004016,0.19987467206376386,0.35582341455086075,0.8927207200858187,0.005368751288606116,1554.595424687063,0.11540965922257729,0.19914653428177354,0.42497837745507305,0.34059155123472545,0.9868073065468783,NOT_AVAILABLE_NO_VALIDATED_HIGH_LOW_PANEL,0.031284982226668756,True,False,,NOT_DETERMINABLE_FROM_CLOSE_ONLY_PANEL,True,"HISTORICAL UK RETAIL, ISA, ACCOUNT AND BROKER ELIGIBILITY REMAIN PARTLY UNRESOLVED"
DD_14,2026-05-06,DAILY_WITH_LAST_WEEKLY_SIGNAL_ASOF,2026-05-01,False,2026-02-27,2026-03-20,2026-06-02,2.8398616401821064,-0.14660571442602988,GLOBAL_SEMICONDUCTORS,2026-05-01,1.0,1.0,0.2556669479527607,0.22726341034004016,0.19987467206376386,0.35582341455086075,0.8927207200858187,0.005368751288606116,1628.0267753923276,0.15051451856331965,0.24331664893279403,0.4850131043649364,0.3457720508745719,1.031293248437627,NOT_AVAILABLE_NO_VALIDATED_HIGH_LOW_PANEL,0.07999775212447235,True,False,,NOT_DETERMINABLE_FROM_CLOSE_ONLY_PANEL,True,"HISTORICAL UK RETAIL, ISA, ACCOUNT AND BROKER ELIGIBILITY REMAIN PARTLY UNRESOLVED"
DD_14,2026-05-07,DAILY_WITH_LAST_WEEKLY_SIGNAL_ASOF,2026-05-01,False,2026-02-27,2026-03-20,2026-06-02,2.8375185200169395,-0.14730983512369822,GLOBAL_SEMICONDUCTORS,2026-05-01,1.0,1.0,0.2556669479527607,0.22726341034004016,0.19987467206376386,0.35582341455086075,0.8927207200858187,0.005368751288606116,1626.6835189769874,0.13414446735477137,0.23059815816584694,0.4766793928663229,0.3262387279239811,1.0389059346597727,NOT_AVAILABLE_NO_VALIDATED_HIGH_LOW_PANEL,0.07999775212447235,True,False,,NOT_DETERMINABLE_FROM_CLOSE_ONLY_PANEL,True,"HISTORICAL UK RETAIL, ISA, ACCOUNT AND BROKER ELIGIBILITY REMAIN PARTLY UNRESOLVED"
DD_14,2026-05-08,DAILY_WITH_LAST_WEEKLY_SIGNAL_ASOF,2026-05-08,True,2026-02-27,2026-03-20,2026-06-02,2.914060445412387,-0.12430855899986726,GLOBAL_SEMICONDUCTORS,2026-05-01,1.0,1.0,0.26781937399898736,0.3596638876455629,0.3954806531821422,0.49459955567813485,1.0321567058273828,0.006813802258508814,1670.5632285447675,0.14755201628969306,0.2508536006929569,0.508758588703573,0.3288476336610306,0.9185953134830849,NOT_AVAILABLE_NO_VALIDATED_HIGH_LOW_PANEL,0.10821551517502925,True,False,,NOT_DETERMINABLE_FROM_CLOSE_ONLY_PANEL,True,"HISTORICAL UK RETAIL, ISA, ACCOUNT AND BROKER ELIGIBILITY REMAIN PARTLY UNRESOLVED"
DD_14,2026-05-11,DAILY_WITH_LAST_WEEKLY_SIGNAL_ASOF,2026-05-08,False,2026-02-27,2026-03-20,2026-06-02,3.0062231719089465,-0.09661314489158102,GLOBAL_SEMICONDUCTORS,2026-05-01,1.0,1.0,0.26781937399898736,0.3596638876455629,0.3954806531821422,0.49459955567813485,1.0321567058273828,0.006813802258508814,1723.3979808814825,0.16438490642174775,0.27588346125479957,0.5479050948964683,0.3265069960895546,0.9359237147471671,NOT_AVAILABLE_NO_VALIDATED_HIGH_LOW_PANEL,0.14326494717466853,True,False,,NOT_DETERMINABLE_FROM_CLOSE_ONLY_PANEL,True,"HISTORICAL UK RETAIL, ISA, ACCOUNT AND BROKER ELIGIBILITY REMAIN PARTLY UNRESOLVED"
DD_14,2026-05-12,DAILY_WITH_LAST_WEEKLY_SIGNAL_ASOF,2026-05-08,False,2026-02-27,2026-03-20,2026-06-02,2.8929723639258866,-0.13064564527888178,GLOBAL_SEMICONDUCTORS,2026-05-01,1.0,1.0,0.26781937399898736,0.3596638876455629,0.3954806531821422,0.49459955567813485,1.0321567058273828,0.006813802258508814,1658.4739208067058,0.10837627632389801,0.21694596938362132,0.4823707596909592,0.33776398307372424,1.0696385718544934,NOT_AVAILABLE_NO_VALIDATED_HIGH_LOW_PANEL,0.14326494717466853,True,False,,NOT_DETERMINABLE_FROM_CLOSE_ONLY_PANEL,True,"HISTORICAL UK RETAIL, ISA, ACCOUNT AND BROKER ELIGIBILITY REMAIN PARTLY UNRESOLVED"
DD_14,2026-05-13,DAILY_WITH_LAST_WEEKLY_SIGNAL_ASOF,2026-05-08,False,2026-02-27,2026-03-20,2026-06-02,2.99138341086289,-0.10107257597681363,GLOBAL_SEMICONDUCTORS,2026-05-01,1.0,1.0,0.26781937399898736,0.3596638876455629,0.3954806531821422,0.49459955567813485,1.0321567058273828,0.006813802258508814,1714.890690250994,0.13105972506332342,0.24572261376588322,0.5247137660209114,0.3420191900686414,1.0847397065347726,NOT_AVAILABLE_NO_VALIDATED_HIGH_LOW_PANEL,0.14326494717466853,True,False,,NOT_DETERMINABLE_FROM_CLOSE_ONLY_PANEL,True,"HISTORICAL UK RETAIL, ISA, ACCOUNT AND BROKER ELIGIBILITY REMAIN PARTLY UNRESOLVED"
DD_14,2026-05-14,DAILY_WITH_LAST_WEEKLY_SIGNAL_ASOF,2026-05-08,False,2026-02-27,2026-03-20,2026-06-02,3.0483993348819474,-0.08393897233355196,GLOBAL_SEMICONDUCTORS,2026-05-01,1.0,1.0,0.26781937399898736,0.3596638876455629,0.3954806531821422,0.49459955567813485,1.0321567058273828,0.006813802258508814,1747.5765963576057,0.1368448067196104,0.256191598268271,0.5452602004926155,0.3421941787938655,1.0870654029773439,NOT_AVAILABLE_NO_VALIDATED_HIGH_LOW_PANEL,0.15930451775077437,True,False,,NOT_DETERMINABLE_FROM_CLOSE_ONLY_PANEL,True,"HISTORICAL UK RETAIL, ISA, ACCOUNT AND BROKER ELIGIBILITY REMAIN PARTLY UNRESOLVED"
DD_14,2026-05-15,DAILY_WITH_LAST_WEEKLY_SIGNAL_ASOF,2026-05-15,True,2026-02-27,2026-03-20,2026-06-02,2.9761531297893056,-0.10564936051165763,GLOBAL_SEMICONDUCTORS,2026-05-01,1.0,1.0,0.21373463907340917,0.33840177018285145,0.3336337504424214,0.5177914533201649,0.9250162230539396,0.008389840884241499,1706.1595235512825,0.09892248027047268,0.215626392416147,0.5010410887397467,0.3456787435389685,1.1524173460637392,NOT_AVAILABLE_NO_VALIDATED_HIGH_LOW_PANEL,0.15930451775077437,True,True,GLOBAL_CYBERSECURITY,NOT_DETERMINABLE_FROM_CLOSE_ONLY_PANEL,True,"HISTORICAL UK RETAIL, ISA, ACCOUNT AND BROKER ELIGIBILITY REMAIN PARTLY UNRESOLVED"
DD_14,2026-05-18,DAILY_WITH_LAST_WEEKLY_SIGNAL_ASOF,2026-05-15,False,2026-02-27,2026-03-20,2026-06-02,2.8675885621365795,-0.13827361950362183,GLOBAL_SEMICONDUCTORS,2026-05-01,1.0,1.0,0.21373463907340917,0.33840177018285145,0.3336337504424214,0.5177914533201649,0.9250162230539396,0.008389840884241499,1643.9219763071867,0.05320254269475355,0.16346761717117508,0.4398918194327168,0.35583047101785686,1.2561320096546535,NOT_AVAILABLE_NO_VALIDATED_HIGH_LOW_PANEL,0.15930451775077437,True,True,GLOBAL_CYBERSECURITY,NOT_DETERMINABLE_FROM_CLOSE_ONLY_PANEL,True,"HISTORICAL UK RETAIL, ISA, ACCOUNT AND BROKER ELIGIBILITY REMAIN PARTLY UNRESOLVED"
DD_14,2026-05-19,DAILY_WITH_LAST_WEEKLY_SIGNAL_ASOF,2026-05-15,False,2026-02-27,2026-03-20,2026-06-02,2.818383038668078,-0.1530601541546559,GLOBAL_SEMICONDUCTORS,2026-05-01,1.0,1.0,0.21373463907340917,0.33840177018285145,0.3336337504424214,0.5177914533201649,0.9250162230539396,0.008389840884241499,1615.7135915850424,0.03183508400633417,0.13710429225838938,0.40936208858645173,0.35809805724693466,1.2847143077376346,NOT_AVAILABLE_NO_VALIDATED_HIGH_LOW_PANEL,0.15930451775077437,True,True,GLOBAL_CYBERSECURITY,NOT_DETERMINABLE_FROM_CLOSE_ONLY_PANEL,True,"HISTORICAL UK RETAIL, ISA, ACCOUNT AND BROKER ELIGIBILITY REMAIN PARTLY UNRESOLVED"
DD_14,2026-05-20,DAILY_WITH_LAST_WEEKLY_SIGNAL_ASOF,2026-05-15,False,2026-02-27,2026-03-20,2026-06-02,2.958970248578083,-0.11081291229455847,GLOBAL_SEMICONDUCTORS,2026-05-01,1.0,1.0,0.21373463907340917,0.33840177018285145,0.3336337504424214,0.5177914533201649,0.9250162230539396,0.008389840884241499,1696.3089765054547,0.07516287690491441,0.184819762796137,0.4726356387469899,0.3692092139338287,1.3533271082687275,NOT_AVAILABLE_NO_VALIDATED_HIGH_LOW_PANEL,0.15930451775077437,True,True,GLOBAL_CYBERSECURITY,NOT_DETERMINABLE_FROM_CLOSE_ONLY_PANEL,True,"HISTORICAL UK RETAIL, ISA, ACCOUNT AND BROKER ELIGIBILITY REMAIN PARTLY UNRESOLVED"
DD_14,2026-05-21,DAILY_WITH_LAST_WEEKLY_SIGNAL_ASOF,2026-05-15,False,2026-02-27,2026-03-20,2026-06-02,2.959360768605611,-0.11069555884494697,GLOBAL_SEMICONDUCTORS,2026-05-01,1.0,1.0,0.21373463907340917,0.33840177018285145,0.3336337504424214,0.5177914533201649,0.9250162230539396,0.008389840884241499,1696.5328525746781,0.06799341116321522,0.1764422611798806,0.46593310777499974,0.367578286936995,1.3572824775310592,NOT_AVAILABLE_NO_VALIDATED_HIGH_LOW_PANEL,0.15930451775077437,True,True,GLOBAL_CYBERSECURITY,NOT_DETERMINABLE_FROM_CLOSE_ONLY_PANEL,True,"HISTORICAL UK RETAIL, ISA, ACCOUNT AND BROKER ELIGIBILITY REMAIN PARTLY UNRESOLVED"
DD_14,2026-05-22,DAILY_WITH_LAST_WEEKLY_SIGNAL_ASOF,2026-05-22,True,2026-02-27,2026-03-20,2026-06-02,3.0690968963409206,-0.07771923950414861,GLOBAL_SEMICONDUCTORS,2026-05-01,1.0,2.0,0.19722551136475852,0.34814450457609447,0.3579559521637419,0.5942290107942843,1.0349669627026632,0.008780604330622757,1759.4420280264444,0.09686677782813935,0.2096268206354852,0.5124613523585408,0.3717042173704463,1.3841262478061147,NOT_AVAILABLE_NO_VALIDATED_HIGH_LOW_PANEL,0.1671757884964562,True,True,GLOBAL_CYBERSECURITY,NOT_DETERMINABLE_FROM_CLOSE_ONLY_PANEL,True,"HISTORICAL UK RETAIL, ISA, ACCOUNT AND BROKER ELIGIBILITY REMAIN PARTLY UNRESOLVED"
DD_14,2026-05-26,DAILY_WITH_LAST_WEEKLY_SIGNAL_ASOF,2026-05-22,False,2026-02-27,2026-03-20,2026-06-02,3.1827382243515085,-0.04356938566723634,GLOBAL_SEMICONDUCTORS,2026-05-01,1.0,2.0,0.19722551136475852,0.34814450457609447,0.3579559521637419,0.5942290107942843,1.0349669627026632,0.008780604330622757,1824.5899641704443,0.1234400608628683,0.24202459157462086,0.5596422856571985,,,NOT_AVAILABLE_NO_VALIDATED_HIGH_LOW_PANEL,0.21039352032651948,True,True,GLOBAL_CYBERSECURITY,NOT_DETERMINABLE_FROM_CLOSE_ONLY_PANEL,True,"HISTORICAL UK RETAIL, ISA, ACCOUNT AND BROKER ELIGIBILITY REMAIN PARTLY UNRESOLVED"
DD_14,2026-05-27,DAILY_WITH_LAST_WEEKLY_SIGNAL_ASOF,2026-05-22,False,2026-02-27,2026-03-20,2026-06-02,3.162821702947591,-0.049554411597416914,GLOBAL_SEMICONDUCTORS,2026-05-01,1.0,2.0,0.19722551136475852,0.34814450457609447,0.3579559521637419,0.5942290107942843,1.0349669627026632,0.008780604330622757,1813.1722846400526,0.10471901065094369,0.22301732453722223,0.5414485739657975,0.3724236521770031,1.37723041850687,NOT_AVAILABLE_NO_VALIDATED_HIGH_LOW_PANEL,0.21039352032651948,True,True,GLOBAL_CYBERSECURITY,NOT_DETERMINABLE_FROM_CLOSE_ONLY_PANEL,True,"HISTORICAL UK RETAIL, ISA, ACCOUNT AND BROKER ELIGIBILITY REMAIN PARTLY UNRESOLVED"
DD_14,2026-05-28,DAILY_WITH_LAST_WEEKLY_SIGNAL_ASOF,2026-05-22,False,2026-02-27,2026-03-20,2026-06-02,3.241706748508205,-0.025849014775917722,GLOBAL_SEMICONDUCTORS,2026-05-01,1.0,2.0,0.19722551136475852,0.34814450457609447,0.3579559521637419,0.5942290107942843,1.0349669627026632,0.008780604330622757,1858.3952506231728,0.11881868561626185,0.24118120372188345,0.5708305446554196,0.3733519351454106,1.3432304912814432,NOT_AVAILABLE_NO_VALIDATED_HIGH_LOW_PANEL,0.23281921622459367,True,True,GLOBAL_CYBERSECURITY,NOT_DETERMINABLE_FROM_CLOSE_ONLY_PANEL,True,"HISTORICAL UK RETAIL, ISA, ACCOUNT AND BROKER ELIGIBILITY REMAIN PARTLY UNRESOLVED"
DD_14,2026-05-29,DAILY_WITH_LAST_WEEKLY_SIGNAL_ASOF,2026-05-29,True,2026-02-27,2026-03-20,2026-06-02,3.223742827241926,-0.031247273458041347,GLOBAL_SEMICONDUCTORS,2026-05-01,1.0,1.0,0.21710152241662972,0.41996316263235856,0.3775152409620295,0.7008151875066806,1.1168502881874236,0.009290647379742964,1848.0969514388978,0.10134312465001916,0.2230652323459552,0.5534369599967288,0.37343888019777427,1.3314508184652654,NOT_AVAILABLE_NO_VALIDATED_HIGH_LOW_PANEL,0.23281921622459367,True,True,GLOBAL_CYBERSECURITY,NOT_DETERMINABLE_FROM_CLOSE_ONLY_PANEL,True,"HISTORICAL UK RETAIL, ISA, ACCOUNT AND BROKER ELIGIBILITY REMAIN PARTLY UNRESOLVED"
DD_14,2026-06-01,DAILY_WITH_LAST_WEEKLY_SIGNAL_ASOF,2026-05-29,False,2026-02-27,2026-03-20,2026-06-02,3.2670905502975116,-0.018221040551177792,GLOBAL_SEMICONDUCTORS,2026-05-01,1.0,1.0,0.21710152241662972,0.41996316263235856,0.3775152409620295,0.7008151875066806,1.1168502881874236,0.009290647379742964,1872.9471951226917,0.10448959160263027,0.22797716556507508,0.5653794499925546,0.3734865874465933,1.2399217193392247,NOT_AVAILABLE_NO_VALIDATED_HIGH_LOW_PANEL,0.2424726614787316,True,True,GLOBAL_CYBERSECURITY,NOT_DETERMINABLE_FROM_CLOSE_ONLY_PANEL,True,"HISTORICAL UK RETAIL, ISA, ACCOUNT AND BROKER ELIGIBILITY REMAIN PARTLY UNRESOLVED"
DD_14,2026-06-02,DAILY_WITH_LAST_WEEKLY_SIGNAL_ASOF,2026-05-29,False,2026-02-27,2026-03-20,2026-06-02,3.3592532767940706,0.00947437355710834,GLOBAL_SEMICONDUCTORS,2026-05-01,1.0,1.0,0.21710152241662972,0.41996316263235856,0.3775152409620295,0.7008151875066806,1.1168502881874236,0.009290647379742964,1925.7819474594064,0.1218129545724127,0.24974687879277502,0.599834810903844,0.36931403571428734,1.2359387018034536,NOT_AVAILABLE_NO_VALIDATED_HIGH_LOW_PANEL,0.27752209347837065,True,True,GLOBAL_CYBERSECURITY,NOT_DETERMINABLE_FROM_CLOSE_ONLY_PANEL,True,"HISTORICAL UK RETAIL, ISA, ACCOUNT AND BROKER ELIGIBILITY REMAIN PARTLY UNRESOLVED"
DD_15,2026-06-03,DAILY_WITH_LAST_WEEKLY_SIGNAL_ASOF,2026-05-29,False,2026-06-03,2026-06-10,2026-06-15,3.434233122079407,0.0,GLOBAL_SEMICONDUCTORS,2026-05-01,1.0,1.0,0.21710152241662972,0.41996316263235856,0.3775152409620295,0.7008151875066806,1.1168502881874236,0.009290647379742964,1968.766152750293,0.1317432531700755,0.2638806973941412,0.6252658626292804,0.3699904934531749,1.242245476354892,NOT_AVAILABLE_NO_VALIDATED_HIGH_LOW_PANEL,0.3060368856136704,True,True,GLOBAL_CYBERSECURITY,NOT_DETERMINABLE_FROM_CLOSE_ONLY_PANEL,True,"HISTORICAL UK RETAIL, ISA, ACCOUNT AND BROKER ELIGIBILITY REMAIN PARTLY UNRESOLVED"
DD_15,2026-06-04,DAILY_WITH_LAST_WEEKLY_SIGNAL_ASOF,2026-05-29,False,2026-06-03,2026-06-10,2026-06-15,3.3487092360508206,-0.024903343188537597,GLOBAL_SEMICONDUCTORS,2026-05-01,1.0,1.0,0.21710152241662972,0.41996316263235856,0.3775152409620295,0.7008151875066806,1.1168502881874236,0.009290647379742964,1919.7372935903757,0.09326654809671941,0.22127519593157308,0.5756230437822019,0.37440122978555573,1.2997993058497244,NOT_AVAILABLE_NO_VALIDATED_HIGH_LOW_PANEL,0.3060368856136704,True,True,GLOBAL_CYBERSECURITY,NOT_DETERMINABLE_FROM_CLOSE_ONLY_PANEL,True,"HISTORICAL UK RETAIL, ISA, ACCOUNT AND BROKER ELIGIBILITY REMAIN PARTLY UNRESOLVED"
DD_15,2026-06-05,DAILY_WITH_LAST_WEEKLY_SIGNAL_ASOF,2026-06-05,True,2026-06-03,2026-06-10,2026-06-15,3.177270943966119,-0.07482374346145104,GLOBAL_SEMICONDUCTORS,2026-05-01,1.0,2.0,0.08612512730841004,0.4073498470493777,0.4307015797580598,0.6033879954844501,1.0120481228014957,0.008612256196541757,1821.4556992013172,0.03379124675651535,0.15158236569970418,0.4876319656560184,0.3854839865257143,1.4507732379503415,NOT_AVAILABLE_NO_VALIDATED_HIGH_LOW_PANEL,0.3060368856136704,True,True,GLOBAL_CYBERSECURITY,NOT_DETERMINABLE_FROM_CLOSE_ONLY_PANEL,True,"HISTORICAL UK RETAIL, ISA, ACCOUNT AND BROKER ELIGIBILITY REMAIN PARTLY UNRESOLVED"
DD_15,2026-06-08,DAILY_WITH_LAST_WEEKLY_SIGNAL_ASOF,2026-06-05,False,2026-06-03,2026-06-10,2026-06-15,3.2475645489211216,-0.05435524221059829,GLOBAL_SEMICONDUCTORS,2026-05-01,1.0,2.0,0.08612512730841004,0.4073498470493777,0.4307015797580598,0.6033879954844501,1.0120481228014957,0.008612256196541757,1861.7533916615232,0.05124759240392285,0.1689432665145263,0.5127090342041605,0.38615267063691444,1.3891616724114613,NOT_AVAILABLE_NO_VALIDATED_HIGH_LOW_PANEL,0.3060368856136704,True,True,GLOBAL_CYBERSECURITY,NOT_DETERMINABLE_FROM_CLOSE_ONLY_PANEL,True,"HISTORICAL UK RETAIL, ISA, ACCOUNT AND BROKER ELIGIBILITY REMAIN PARTLY UNRESOLVED"
DD_15,2026-06-09,DAILY_WITH_LAST_WEEKLY_SIGNAL_ASOF,2026-06-05,False,2026-06-03,2026-06-10,2026-06-15,3.1151782595891997,-0.09290425289970461,GLOBAL_SEMICONDUCTORS,2026-05-01,1.0,2.0,0.08612512730841004,0.4073498470493777,0.4307015797580598,0.6033879954844501,1.0120481228014957,0.008612256196541757,1785.8594041948015,0.007624822006811582,0.11598332960906732,0.44456058239302787,0.3973312806640224,1.4725601036744118,NOT_AVAILABLE_NO_VALIDATED_HIGH_LOW_PANEL,0.3060368856136704,True,True,GLOBAL_CYBERSECURITY,NOT_DETERMINABLE_FROM_CLOSE_ONLY_PANEL,True,"HISTORICAL UK RETAIL, ISA, ACCOUNT AND BROKER ELIGIBILITY REMAIN PARTLY UNRESOLVED"
DD_15,2026-06-10,DAILY_WITH_LAST_WEEKLY_SIGNAL_ASOF,2026-06-05,False,2026-06-03,2026-06-10,2026-06-15,3.1085394191212274,-0.09483738912895168,GLOBAL_SEMICONDUCTORS,2026-05-01,1.0,2.0,0.08612512730841004,0.4073498470493777,0.4307015797580598,0.6033879954844501,1.0120481228014957,0.008612256196541757,1782.0535110180042,0.00497701765310965,0.10866581134067266,0.4351775120259713,0.3927952616415576,1.4487285137665213,NOT_AVAILABLE_NO_VALIDATED_HIGH_LOW_PANEL,0.3060368856136704,True,True,GLOBAL_CYBERSECURITY,NOT_DETERMINABLE_FROM_CLOSE_ONLY_PANEL,True,"HISTORICAL UK RETAIL, ISA, ACCOUNT AND BROKER ELIGIBILITY REMAIN PARTLY UNRESOLVED"
DD_15,2026-06-11,DAILY_WITH_LAST_WEEKLY_SIGNAL_ASOF,2026-06-05,False,2026-06-03,2026-06-10,2026-06-15,3.2053883859481203,-0.06663634296110987,GLOBAL_SEMICONDUCTORS,2026-05-01,1.0,2.0,0.08612512730841004,0.4073498470493777,0.4307015797580598,0.6033879954844501,1.0120481228014957,0.008612256196541757,1837.5747761853995,0.032880493759682716,0.13682279891529348,0.4728586254575884,0.39459877974082747,1.4475712905370468,NOT_AVAILABLE_NO_VALIDATED_HIGH_LOW_PANEL,0.3060368856136704,True,True,GLOBAL_CYBERSECURITY,NOT_DETERMINABLE_FROM_CLOSE_ONLY_PANEL,True,"HISTORICAL UK RETAIL, ISA, ACCOUNT AND BROKER ELIGIBILITY REMAIN PARTLY UNRESOLVED"
DD_15,2026-06-12,DAILY_WITH_LAST_WEEKLY_SIGNAL_ASOF,2026-06-12,True,2026-06-03,2026-06-10,2026-06-15,3.3846370785833773,-0.014441664771435048,GLOBAL_SEMICONDUCTORS,2026-05-01,1.0,1.0,0.11342449342800576,0.37792114959126444,0.49274443841734406,0.6638308214320641,1.1109812491324274,0.0075516137259750765,1940.3338919589253,0.0817268039563579,0.19103521851508254,0.5466776528066775,0.40253568577488463,1.4870317980553405,NOT_AVAILABLE_NO_VALIDATED_HIGH_LOW_PANEL,0.3060368856136704,True,False,,NOT_DETERMINABLE_FROM_CLOSE_ONLY_PANEL,True,"HISTORICAL UK RETAIL, ISA, ACCOUNT AND BROKER ELIGIBILITY REMAIN PARTLY UNRESOLVED"
DD_15,2026-06-15,DAILY_WITH_LAST_WEEKLY_SIGNAL_ASOF,2026-06-12,False,2026-06-03,2026-06-10,2026-06-15,3.5119466075574377,0.022629065271776216,GLOBAL_SEMICONDUCTORS,2026-05-01,1.0,1.0,0.11342449342800576,0.37792114959126444,0.49274443841734406,0.6638308214320641,1.1109812491324274,0.0075516137259750765,2013.3174905257433,0.11006135890174673,0.22450995929495776,0.5952533365544321,0.4070581502998625,1.4955795427621401,NOT_AVAILABLE_NO_VALIDATED_HIGH_LOW_PANEL,0.33559127954556955,True,False,,NOT_DETERMINABLE_FROM_CLOSE_ONLY_PANEL,True,"HISTORICAL UK RETAIL, ISA, ACCOUNT AND BROKER ELIGIBILITY REMAIN PARTLY UNRESOLVED"
DD_16,2026-06-22,DAILY_WITH_LAST_WEEKLY_SIGNAL_ASOF,2026-06-19,False,2026-06-22,2026-07-29,,3.6783081392842774,0.0,GLOBAL_SEMICONDUCTORS,2026-05-01,1.0,1.0,0.19615813848254837,0.4360559545861651,0.5646921053545206,0.8394616980432601,1.209736802189704,0.007054836506162052,2108.6886960148977,0.10684961098556967,0.22750802450659457,0.6215574843546652,0.41461954173318266,1.3834125524659016,NOT_AVAILABLE_NO_VALIDATED_HIGH_LOW_PANEL,0.3988584745957655,True,False,,NOT_DETERMINABLE_FROM_CLOSE_ONLY_PANEL,True,"HISTORICAL UK RETAIL, ISA, ACCOUNT AND BROKER ELIGIBILITY REMAIN PARTLY UNRESOLVED"
DD_16,2026-06-23,DAILY_WITH_LAST_WEEKLY_SIGNAL_ASOF,2026-06-19,False,2026-06-22,2026-07-29,,3.4826576054928533,-0.05319035991081855,GLOBAL_SEMICONDUCTORS,2026-05-01,1.0,1.0,0.19615813848254837,0.4360559545861651,0.5646921053545206,0.8394616980432601,1.209736802189704,0.007054836506162052,1996.5267853339908,0.043425042128384383,0.15486980898551939,0.5271718833554664,0.42908149123060807,1.5339247287403752,NOT_AVAILABLE_NO_VALIDATED_HIGH_LOW_PANEL,0.3988584745957655,True,False,,NOT_DETERMINABLE_FROM_CLOSE_ONLY_PANEL,True,"HISTORICAL UK RETAIL, ISA, ACCOUNT AND BROKER ELIGIBILITY REMAIN PARTLY UNRESOLVED"
DD_16,2026-06-24,DAILY_WITH_LAST_WEEKLY_SIGNAL_ASOF,2026-06-19,False,2026-06-22,2026-07-29,,3.469770444584436,-0.056693916551651014,GLOBAL_SEMICONDUCTORS,2026-05-01,1.0,1.0,0.19615813848254837,0.4360559545861651,0.5646921053545206,0.8394616980432601,1.209736802189704,0.007054836506162052,1989.1388750496194,0.03583834630316596,0.1438411230021237,0.5136659569115156,0.428694812880649,1.4979181489287414,NOT_AVAILABLE_NO_VALIDATED_HIGH_LOW_PANEL,0.3988584745957655,True,False,,NOT_DETERMINABLE_FROM_CLOSE_ONLY_PANEL,True,"HISTORICAL UK RETAIL, ISA, ACCOUNT AND BROKER ELIGIBILITY REMAIN PARTLY UNRESOLVED"
DD_16,2026-06-25,DAILY_WITH_LAST_WEEKLY_SIGNAL_ASOF,2026-06-19,False,2026-06-22,2026-07-29,,3.529129488768661,-0.04055632232721085,GLOBAL_SEMICONDUCTORS,2026-05-01,1.0,1.0,0.19615813848254837,0.4360559545861651,0.5646921053545206,0.8394616980432601,1.209736802189704,0.007054836506162052,2023.1680375715716,0.04845401838305241,0.15600146659593084,0.5313395701653552,0.42899033452177077,1.4984827614065552,NOT_AVAILABLE_NO_VALIDATED_HIGH_LOW_PANEL,0.3988584745957655,True,False,,NOT_DETERMINABLE_FROM_CLOSE_ONLY_PANEL,True,"HISTORICAL UK RETAIL, ISA, ACCOUNT AND BROKER ELIGIBILITY REMAIN PARTLY UNRESOLVED"
DD_16,2026-06-26,DAILY_WITH_LAST_WEEKLY_SIGNAL_ASOF,2026-06-26,True,2026-06-22,2026-07-29,,3.470551484639492,-0.056481579785539804,GLOBAL_SEMICONDUCTORS,2026-05-01,1.0,1.0,0.07099498851272124,0.2687985687143315,0.49128563819839455,0.7437377367011213,1.0483018843587244,0.006278626370725043,1989.5866271880666,0.028149020620066523,0.13074692833058799,0.49837882982986814,0.4318583900445975,1.500208608274119,NOT_AVAILABLE_NO_VALIDATED_HIGH_LOW_PANEL,0.3988584745957655,True,False,,NOT_DETERMINABLE_FROM_CLOSE_ONLY_PANEL,True,"HISTORICAL UK RETAIL, ISA, ACCOUNT AND BROKER ELIGIBILITY REMAIN PARTLY UNRESOLVED"
DD_16,2026-06-29,DAILY_WITH_LAST_WEEKLY_SIGNAL_ASOF,2026-06-26,False,2026-06-22,2026-07-29,,3.4775808451349923,-0.05457054889054036,GLOBAL_SEMICONDUCTORS,2026-05-01,1.0,1.0,0.07099498851272124,0.2687985687143315,0.49128563819839455,0.7437377367011213,1.0483018843587244,0.006278626370725043,1993.6163964340872,0.027407824579581463,0.1271566387984362,0.49396003993682824,0.4319158688644457,1.4845842687400561,NOT_AVAILABLE_NO_VALIDATED_HIGH_LOW_PANEL,0.3988584745957655,True,False,,NOT_DETERMINABLE_FROM_CLOSE_ONLY_PANEL,True,"HISTORICAL UK RETAIL, ISA, ACCOUNT AND BROKER ELIGIBILITY REMAIN PARTLY UNRESOLVED"
DD_16,2026-06-30,DAILY_WITH_LAST_WEEKLY_SIGNAL_ASOF,2026-06-26,False,2026-06-22,2026-07-29,,3.6732313789264164,-0.001380188979721697,GLOBAL_SEMICONDUCTORS,2026-05-01,1.0,1.0,0.07099498851272124,0.2687985687143315,0.49128563819839455,0.7437377367011213,1.0483018843587244,0.006278626370725043,2105.7783071149943,0.07686848377680189,0.18173948371730742,0.5689872202461834,0.43333161433184797,1.5631476226506338,NOT_AVAILABLE_NO_VALIDATED_HIGH_LOW_PANEL,0.3988584745957655,True,False,,NOT_DETERMINABLE_FROM_CLOSE_ONLY_PANEL,True,"HISTORICAL UK RETAIL, ISA, ACCOUNT AND BROKER ELIGIBILITY REMAIN PARTLY UNRESOLVED"
DD_16,2026-07-01,DAILY_WITH_LAST_WEEKLY_SIGNAL_ASOF,2026-06-26,False,2026-06-22,2026-07-29,,3.5244432484383275,-0.04183034292387722,GLOBAL_SEMICONDUCTORS,2026-05-01,1.0,1.0,0.07099498851272124,0.2687985687143315,0.49128563819839455,0.7437377367011213,1.0483018843587244,0.006278626370725043,2020.4815247408912,0.030135080837703665,0.12795027270206671,0.4979005015906366,0.441480692882005,1.6003159099421225,NOT_AVAILABLE_NO_VALIDATED_HIGH_LOW_PANEL,0.3988584745957655,True,False,,NOT_DETERMINABLE_FROM_CLOSE_ONLY_PANEL,True,"HISTORICAL UK RETAIL, ISA, ACCOUNT AND BROKER ELIGIBILITY REMAIN PARTLY UNRESOLVED"
DD_16,2026-07-02,DAILY_WITH_LAST_WEEKLY_SIGNAL_ASOF,2026-06-26,False,2026-06-22,2026-07-29,,3.3401177954452095,-0.0919418197260855,GLOBAL_SEMICONDUCTORS,2026-05-01,1.0,1.0,0.07099498851272124,0.2687985687143315,0.49128563819839455,0.7437377367011213,1.0483018843587244,0.006278626370725043,1914.8120200674618,-0.02162861311469988,0.06607643030451626,0.413659885147148,0.45413005990951283,1.6596330959962005,NOT_AVAILABLE_NO_VALIDATED_HIGH_LOW_PANEL,0.3988584745957655,True,False,,NOT_DETERMINABLE_FROM_CLOSE_ONLY_PANEL,True,"HISTORICAL UK RETAIL, ISA, ACCOUNT AND BROKER ELIGIBILITY REMAIN PARTLY UNRESOLVED"
DD_16,2026-07-03,DAILY_WITH_LAST_WEEKLY_SIGNAL_ASOF,2026-07-03,True,2026-06-22,2026-07-29,,3.3986957995743787,-0.07601656226775644,GLOBAL_SEMICONDUCTORS,2026-05-01,1.0,4.0,0.010403761663838162,0.1869809249964709,0.477042489017945,0.6275909791270344,0.9929006502064672,0.004784862719517625,1948.3934304509671,-0.004065491519648079,0.0811786625876676,0.43220394789349936,0.45450512615923966,1.6322244707680733,NOT_AVAILABLE_NO_VALIDATED_HIGH_LOW_PANEL,0.3988584745957655,True,False,,NOT_DETERMINABLE_FROM_CLOSE_ONLY_PANEL,True,"HISTORICAL UK RETAIL, ISA, ACCOUNT AND BROKER ELIGIBILITY REMAIN PARTLY UNRESOLVED"
DD_16,2026-07-06,DAILY_WITH_LAST_WEEKLY_SIGNAL_ASOF,2026-07-03,False,2026-06-22,2026-07-29,,3.406896720152462,-0.07378702622359057,GLOBAL_SEMICONDUCTORS,2026-05-01,1.0,4.0,0.010403761663838162,0.1869809249964709,0.477042489017945,0.6275909791270344,0.9929006502064672,0.004784862719517625,1953.0948279046577,-0.0015114469075713233,0.08023807506988678,0.42946318683525875,0.4428768435955038,1.5232588812333734,NOT_AVAILABLE_NO_VALIDATED_HIGH_LOW_PANEL,0.3988584745957655,True,False,,NOT_DETERMINABLE_FROM_CLOSE_ONLY_PANEL,True,"HISTORICAL UK RETAIL, ISA, ACCOUNT AND BROKER ELIGIBILITY REMAIN PARTLY UNRESOLVED"
DD_16,2026-07-07,DAILY_WITH_LAST_WEEKLY_SIGNAL_ASOF,2026-07-03,False,2026-06-22,2026-07-29,,3.1440767416262583,-0.14523834801995938,GLOBAL_SEMICONDUCTORS,2026-05-01,1.0,4.0,0.010403761663838162,0.1869809249964709,0.477042489017945,0.6275909791270344,0.9929006502064672,0.004784862719517625,1802.4262333173317,-0.07191195036818165,-0.002974261340127793,0.3150128772090479,0.4735672429364245,1.7019781910730005,NOT_AVAILABLE_NO_VALIDATED_HIGH_LOW_PANEL,0.3988584745957655,True,False,,NOT_DETERMINABLE_FROM_CLOSE_ONLY_PANEL,True,"HISTORICAL UK RETAIL, ISA, ACCOUNT AND BROKER ELIGIBILITY REMAIN PARTLY UNRESOLVED"
DD_16,2026-07-08,DAILY_WITH_LAST_WEEKLY_SIGNAL_ASOF,2026-07-03,False,2026-06-22,2026-07-29,,3.190939144929593,-0.13249814205329635,GLOBAL_SEMICONDUCTORS,2026-05-01,1.0,4.0,0.010403761663838162,0.1869809249964709,0.477042489017945,0.6275909791270344,0.9929006502064672,0.004784862719517625,1829.2913616241356,-0.053079175840145765,0.011414934356866802,0.33018429181692577,0.473871411782384,1.6433018235077435,NOT_AVAILABLE_NO_VALIDATED_HIGH_LOW_PANEL,0.3988584745957655,True,False,,NOT_DETERMINABLE_FROM_CLOSE_ONLY_PANEL,True,"HISTORICAL UK RETAIL, ISA, ACCOUNT AND BROKER ELIGIBILITY REMAIN PARTLY UNRESOLVED"
DD_16,2026-07-09,DAILY_WITH_LAST_WEEKLY_SIGNAL_ASOF,2026-07-03,False,2026-06-22,2026-07-29,,3.3885422788586563,-0.07877694022720005,GLOBAL_SEMICONDUCTORS,2026-05-01,1.0,4.0,0.010403761663838162,0.1869809249964709,0.477042489017945,0.6275909791270344,0.9929006502064672,0.004784862719517625,1942.5726526511596,0.00505212874891825,0.07093830120864575,0.4067827999145439,0.47496016219292886,1.733237194811911,NOT_AVAILABLE_NO_VALIDATED_HIGH_LOW_PANEL,0.3988584745957655,True,False,,NOT_DETERMINABLE_FROM_CLOSE_ONLY_PANEL,True,"HISTORICAL UK RETAIL, ISA, ACCOUNT AND BROKER ELIGIBILITY REMAIN PARTLY UNRESOLVED"
DD_16,2026-07-10,DAILY_WITH_LAST_WEEKLY_SIGNAL_ASOF,2026-07-10,True,2026-06-22,2026-07-29,,3.3408988355002656,-0.0917294829599743,GLOBAL_SEMICONDUCTORS,2026-05-01,1.0,4.0,0.012216706046548786,0.11024655565930441,0.3375517940549584,0.5552054096353851,0.9261340369608737,0.003255747179386686,1915.2597722059088,-0.00826051254378013,0.05357193923742298,0.38168265654572653,0.4757589073710476,1.7107125940008594,NOT_AVAILABLE_NO_VALIDATED_HIGH_LOW_PANEL,0.3988584745957655,True,False,,NOT_DETERMINABLE_FROM_CLOSE_ONLY_PANEL,True,"HISTORICAL UK RETAIL, ISA, ACCOUNT AND BROKER ELIGIBILITY REMAIN PARTLY UNRESOLVED"
DD_16,2026-07-13,DAILY_WITH_LAST_WEEKLY_SIGNAL_ASOF,2026-07-10,False,2026-06-22,2026-07-29,,3.2741199107930132,-0.10988427646246923,GLOBAL_SEMICONDUCTORS,2026-05-01,1.0,4.0,0.012216706046548786,0.11024655565930441,0.3375517940549584,0.5552054096353851,0.9261340369608737,0.003255747179386686,1876.9769643687132,-0.02559599347739605,0.03119802547926165,0.34931148059639106,0.4764869803114273,1.6234480821499786,NOT_AVAILABLE_NO_VALIDATED_HIGH_LOW_PANEL,0.3988584745957655,True,False,,NOT_DETERMINABLE_FROM_CLOSE_ONLY_PANEL,True,"HISTORICAL UK RETAIL, ISA, ACCOUNT AND BROKER ELIGIBILITY REMAIN PARTLY UNRESOLVED"
DD_16,2026-07-14,DAILY_WITH_LAST_WEEKLY_SIGNAL_ASOF,2026-07-10,False,2026-06-22,2026-07-29,,3.3198107540137656,-0.09746257564497252,GLOBAL_SEMICONDUCTORS,2026-05-01,1.0,4.0,0.012216706046548786,0.11024655565930441,0.3375517940549584,0.5552054096353851,0.9261340369608737,0.003255747179386686,1903.1704644678475,-0.010919216107339369,0.043722598368229226,0.36314798393683767,0.4764228235182414,1.5813601181498367,NOT_AVAILABLE_NO_VALIDATED_HIGH_LOW_PANEL,0.3988584745957655,True,False,,NOT_DETERMINABLE_FROM_CLOSE_ONLY_PANEL,True,"HISTORICAL UK RETAIL, ISA, ACCOUNT AND BROKER ELIGIBILITY REMAIN PARTLY UNRESOLVED"
DD_16,2026-07-15,DAILY_WITH_LAST_WEEKLY_SIGNAL_ASOF,2026-07-10,False,2026-06-22,2026-07-29,,3.1807856242138715,-0.13525852001273975,GLOBAL_SEMICONDUCTORS,2026-05-01,1.0,4.0,0.012216706046548786,0.11024655565930441,0.3375517940549584,0.5552054096353851,0.9261340369608737,0.003255747179386686,1823.4705838243287,-0.04780872865191699,1.3626121186494089e-05,0.30209744529378546,0.4855694465826297,1.6098247962222267,NOT_AVAILABLE_NO_VALIDATED_HIGH_LOW_PANEL,0.3988584745957655,True,False,,NOT_DETERMINABLE_FROM_CLOSE_ONLY_PANEL,True,"HISTORICAL UK RETAIL, ISA, ACCOUNT AND BROKER ELIGIBILITY REMAIN PARTLY UNRESOLVED"
DD_16,2026-07-16,DAILY_WITH_LAST_WEEKLY_SIGNAL_ASOF,2026-07-10,False,2026-06-22,2026-07-29,,3.128455940525147,-0.14948508334218036,GLOBAL_SEMICONDUCTORS,2026-05-01,1.0,4.0,0.012216706046548786,0.11024655565930441,0.3375517940549584,0.5552054096353851,0.9261340369608737,0.003255747179386686,1793.4711905483973,-0.05803853930492042,-0.01580395340638563,0.2771088849867118,0.48740919726910303,1.6020444360357053,NOT_AVAILABLE_NO_VALIDATED_HIGH_LOW_PANEL,0.3988584745957655,True,False,,NOT_DETERMINABLE_FROM_CLOSE_ONLY_PANEL,True,"HISTORICAL UK RETAIL, ISA, ACCOUNT AND BROKER ELIGIBILITY REMAIN PARTLY UNRESOLVED"
DD_16,2026-07-17,DAILY_WITH_LAST_WEEKLY_SIGNAL_ASOF,2026-07-17,True,2026-06-22,2026-07-29,,3.0167672126521983,-0.1798492408960608,GLOBAL_SEMICONDUCTORS,2026-05-01,1.0,10.0,-0.1556392696511154,0.04983207836828152,0.207073890772822,0.3622433757621115,0.7636624384414261,0.0008506727983598447,1729.4426347505141,-0.0840343115267802,-0.049040944347774285,0.22868449810539127,0.4929656887674191,1.5329889184200458,NOT_AVAILABLE_NO_VALIDATED_HIGH_LOW_PANEL,0.3988584745957655,True,False,,NOT_DETERMINABLE_FROM_CLOSE_ONLY_PANEL,True,"HISTORICAL UK RETAIL, ISA, ACCOUNT AND BROKER ELIGIBILITY REMAIN PARTLY UNRESOLVED"
DD_16,2026-07-20,DAILY_WITH_LAST_WEEKLY_SIGNAL_ASOF,2026-07-17,False,2026-06-22,2026-07-29,,3.097214338322923,-0.15797855398662253,GLOBAL_SEMICONDUCTORS,2026-05-01,1.0,10.0,-0.1556392696511154,0.04983207836828152,0.207073890772822,0.3622433757621115,0.7636624384414261,0.0008506727983598447,1775.5611050105276,-0.05448485107700818,-0.02277447972081581,0.2581762891135826,0.4947727938137283,1.5638079156375122,NOT_AVAILABLE_NO_VALIDATED_HIGH_LOW_PANEL,0.3988584745957655,True,False,,NOT_DETERMINABLE_FROM_CLOSE_ONLY_PANEL,True,"HISTORICAL UK RETAIL, ISA, ACCOUNT AND BROKER ELIGIBILITY REMAIN PARTLY UNRESOLVED"
DD_16,2026-07-21,DAILY_WITH_LAST_WEEKLY_SIGNAL_ASOF,2026-07-17,False,2026-06-22,2026-07-29,,3.2241333472694556,-0.12347382949357655,GLOBAL_SEMICONDUCTORS,2026-05-01,1.0,10.0,-0.1556392696511154,0.04983207836828152,0.207073890772822,0.3622433757621115,0.7636624384414261,0.0008506727983598447,1848.320827508122,-0.014328789488053273,0.016582183645820203,0.30571027628780234,0.4999644326634689,1.6246828749202888,NOT_AVAILABLE_NO_VALIDATED_HIGH_LOW_PANEL,0.3988584745957655,True,False,,NOT_DETERMINABLE_FROM_CLOSE_ONLY_PANEL,True,"HISTORICAL UK RETAIL, ISA, ACCOUNT AND BROKER ELIGIBILITY REMAIN PARTLY UNRESOLVED"
DD_16,2026-07-22,DAILY_WITH_LAST_WEEKLY_SIGNAL_ASOF,2026-07-17,False,2026-06-22,2026-07-29,,3.2655284701874017,-0.11221998088969076,GLOBAL_SEMICONDUCTORS,2026-05-01,1.0,10.0,-0.1556392696511154,0.04983207836828152,0.207073890772822,0.3622433757621115,0.7636624384414261,0.0008506727983598447,1872.051690845799,-0.0015216966480298133,0.02843905549746828,0.3182446295536987,0.500193597962491,1.549302648807716,NOT_AVAILABLE_NO_VALIDATED_HIGH_LOW_PANEL,0.3988584745957655,True,False,,NOT_DETERMINABLE_FROM_CLOSE_ONLY_PANEL,True,"HISTORICAL UK RETAIL, ISA, ACCOUNT AND BROKER ELIGIBILITY REMAIN PARTLY UNRESOLVED"
DD_16,2026-07-23,DAILY_WITH_LAST_WEEKLY_SIGNAL_ASOF,2026-07-17,False,2026-06-22,2026-07-29,,3.2256954273795664,-0.12304915596135457,GLOBAL_SEMICONDUCTORS,2026-05-01,1.0,10.0,-0.1556392696511154,0.04983207836828152,0.207073890772822,0.3622433757621115,0.7636624384414261,0.0008506727983598447,1849.2163317850152,-0.012471146012562384,0.01526130503014933,0.29826126099023287,0.5001408868202054,1.5416425953519,NOT_AVAILABLE_NO_VALIDATED_HIGH_LOW_PANEL,0.3988584745957655,True,False,,NOT_DETERMINABLE_FROM_CLOSE_ONLY_PANEL,True,"HISTORICAL UK RETAIL, ISA, ACCOUNT AND BROKER ELIGIBILITY REMAIN PARTLY UNRESOLVED"
DD_16,2026-07-24,DAILY_WITH_LAST_WEEKLY_SIGNAL_ASOF,2026-07-24,True,2026-06-22,2026-07-29,,3.148372461929064,-0.14407049580634856,GLOBAL_SEMICONDUCTORS,2026-05-01,1.0,16.0,-0.10805664516609803,-0.009223059532144529,0.1368042117006616,0.39592375766829035,0.8855137059606308,-0.001087986750122842,1804.8888700787888,-0.032965721510709534,-0.008722670903759777,0.2637814342657423,0.5004801219493246,1.5353467773802294,NOT_AVAILABLE_NO_VALIDATED_HIGH_LOW_PANEL,0.3988584745957655,True,False,,NOT_DETERMINABLE_FROM_CLOSE_ONLY_PANEL,True,"HISTORICAL UK RETAIL, ISA, ACCOUNT AND BROKER ELIGIBILITY REMAIN PARTLY UNRESOLVED"
DD_16,2026-07-27,DAILY_WITH_LAST_WEEKLY_SIGNAL_ASOF,2026-07-24,False,2026-06-22,2026-07-29,,2.9620944087983068,-0.1947128145238346,GLOBAL_SEMICONDUCTORS,2026-05-01,1.0,16.0,-0.10805664516609803,-0.009223059532144529,0.1368042117006616,0.39592375766829035,0.8855137059606308,-0.001087986750122842,1698.0999850592425,-0.08266106186278854,-0.06490243866889622,0.18677601922361986,0.5098143149310026,1.607465627940782,NOT_AVAILABLE_NO_VALIDATED_HIGH_LOW_PANEL,0.3988584745957655,True,False,,NOT_DETERMINABLE_FROM_CLOSE_ONLY_PANEL,True,"HISTORICAL UK RETAIL, ISA, ACCOUNT AND BROKER ELIGIBILITY REMAIN PARTLY UNRESOLVED"
DD_16,2026-07-28,DAILY_WITH_LAST_WEEKLY_SIGNAL_ASOF,2026-07-24,False,2026-06-22,2026-07-29,,2.908202644999472,-0.20936405138549707,GLOBAL_SEMICONDUCTORS,2026-05-01,1.0,16.0,-0.10805664516609803,-0.009223059532144529,0.1368042117006616,0.39592375766829035,0.8855137059606308,-0.001087986750122842,1667.2050875064178,-0.09114222998232102,-0.07895668864825167,0.1632720694500447,0.5105095847100589,1.6011378170647845,NOT_AVAILABLE_NO_VALIDATED_HIGH_LOW_PANEL,0.3988584745957655,True,False,,NOT_DETERMINABLE_FROM_CLOSE_ONLY_PANEL,True,"HISTORICAL UK RETAIL, ISA, ACCOUNT AND BROKER ELIGIBILITY REMAIN PARTLY UNRESOLVED"
DD_16,2026-07-29,DAILY_WITH_LAST_WEEKLY_SIGNAL_ASOF,2026-07-24,False,2026-06-22,2026-07-29,,2.8027622375669674,-0.23802951481048917,GLOBAL_SEMICONDUCTORS,2026-05-01,1.0,16.0,-0.10805664516609803,-0.009223059532144529,0.1368042117006616,0.39592375766829035,0.8855137059606308,-0.001087986750122842,1606.7585488161085,-0.11409989043544644,-0.10842203324217192,0.11974700705675345,0.5108440998598685,1.489000209852074,NOT_AVAILABLE_NO_VALIDATED_HIGH_LOW_PANEL,0.3988584745957655,True,False,,NOT_DETERMINABLE_FROM_CLOSE_ONLY_PANEL,True,"HISTORICAL UK RETAIL, ISA, ACCOUNT AND BROKER ELIGIBILITY REMAIN PARTLY UNRESOLVED"
DD_16,2026-07-30,DAILY_WITH_LAST_WEEKLY_SIGNAL_ASOF,2026-07-24,False,2026-06-22,2026-07-29,,2.9538934882202237,-0.19694235056800047,GLOBAL_SEMICONDUCTORS,2026-05-01,1.0,16.0,-0.10805664516609803,-0.009223059532144529,0.1368042117006616,0.39592375766829035,0.8855137059606308,-0.001087986750122842,1693.398587605552,-0.06066596374656841,-0.05811716155687896,0.17801492917851136,0.5183730709629942,1.5813752624678836,NOT_AVAILABLE_NO_VALIDATED_HIGH_LOW_PANEL,0.3988584745957655,True,False,,NOT_DETERMINABLE_FROM_CLOSE_ONLY_PANEL,True,"HISTORICAL UK RETAIL, ISA, ACCOUNT AND BROKER ELIGIBILITY REMAIN PARTLY UNRESOLVED"
DD_16,2026-07-31,DAILY_WITH_LAST_WEEKLY_SIGNAL_ASOF,2026-07-31,True,2026-06-22,2026-07-29,,2.9613133687432516,-0.19492515128994548,GLOBAL_SEMICONDUCTORS,2026-05-01,1.0,17.0,-0.10472417723541261,-0.13031528905022427,0.08014106201213389,0.29603390256441475,0.763247889411061,-0.003225539297077126,1697.6522329207958,-0.053288324851886726,-0.05368229091857957,0.17885118313162796,0.5178602412054782,1.5179173839529712,NOT_AVAILABLE_NO_VALIDATED_HIGH_LOW_PANEL,0.3988584745957655,True,False,,NOT_DETERMINABLE_FROM_CLOSE_ONLY_PANEL,True,"HISTORICAL UK RETAIL, ISA, ACCOUNT AND BROKER ELIGIBILITY REMAIN PARTLY UNRESOLVED"
DD_16,2026-08-03,DAILY_WITH_LAST_WEEKLY_SIGNAL_ASOF,2026-07-31,False,2026-06-22,2026-07-29,,2.946864127724723,-0.19885338146300002,GLOBAL_SEMICONDUCTORS,2026-05-01,1.0,17.0,-0.10472417723541261,-0.13031528905022427,0.08014106201213389,0.29603390256441475,0.763247889411061,-0.003225539297077126,1689.3688183595311,-0.05292191542543234,-0.05614178478210585,0.1710821246447225,0.5178085315941868,1.496371714086665,NOT_AVAILABLE_NO_VALIDATED_HIGH_LOW_PANEL,0.3988584745957655,True,False,,NOT_DETERMINABLE_FROM_CLOSE_ONLY_PANEL,True,"HISTORICAL UK RETAIL, ISA, ACCOUNT AND BROKER ELIGIBILITY REMAIN PARTLY UNRESOLVED"
DD_16,2026-08-04,DAILY_WITH_LAST_WEEKLY_SIGNAL_ASOF,2026-07-31,False,2026-06-22,2026-07-29,,3.132751660827952,-0.14831723112856965,GLOBAL_SEMICONDUCTORS,2026-05-01,1.0,17.0,-0.10472417723541261,-0.13031528905022427,0.08014106201213389,0.29603390256441475,0.763247889411061,-0.003225539297077126,1795.933827309854,0.00619575823927021,0.0032629474096224076,0.24192671365871465,0.5319761794267452,1.6179068302703203,NOT_AVAILABLE_NO_VALIDATED_HIGH_LOW_PANEL,0.3988584745957655,True,False,,NOT_DETERMINABLE_FROM_CLOSE_ONLY_PANEL,True,"HISTORICAL UK RETAIL, ISA, ACCOUNT AND BROKER ELIGIBILITY REMAIN PARTLY UNRESOLVED"
DD_16,2026-08-05,DAILY_WITH_LAST_WEEKLY_SIGNAL_ASOF,2026-07-31,False,2026-06-22,2026-07-29,,3.125722300332452,-0.1502282620235691,GLOBAL_SEMICONDUCTORS,2026-05-01,1.0,17.0,-0.10472417723541261,-0.13031528905022427,0.08014106201213389,0.29603390256441475,0.763247889411061,-0.003225539297077126,1791.9040580638334,0.0035787429335663035,0.0009720795807646176,0.2361985039696075,0.5241231590618174,1.4416762743379834,NOT_AVAILABLE_NO_VALIDATED_HIGH_LOW_PANEL,0.3988584745957655,True,False,,NOT_DETERMINABLE_FROM_CLOSE_ONLY_PANEL,True,"HISTORICAL UK RETAIL, ISA, ACCOUNT AND BROKER ELIGIBILITY REMAIN PARTLY UNRESOLVED"
DD_16,2026-08-06,DAILY_WITH_LAST_WEEKLY_SIGNAL_ASOF,2026-07-31,False,2026-06-22,2026-07-29,,3.1413431014335633,-0.14598152670134812,GLOBAL_SEMICONDUCTORS,2026-05-01,1.0,17.0,-0.10472417723541261,-0.13031528905022427,0.08014106201213389,0.29603390256441475,0.763247889411061,-0.003225539297077126,1800.859100832768,0.007806745216102362,0.0057388025275477705,0.2393873701414282,0.5241483009773369,1.4319557046562348,NOT_AVAILABLE_NO_VALIDATED_HIGH_LOW_PANEL,0.3988584745957655,True,False,,NOT_DETERMINABLE_FROM_CLOSE_ONLY_PANEL,True,"HISTORICAL UK RETAIL, ISA, ACCOUNT AND BROKER ELIGIBILITY REMAIN PARTLY UNRESOLVED"
DD_16,2026-08-07,DAILY_WITH_LAST_WEEKLY_SIGNAL_ASOF,2026-08-07,True,2026-06-22,2026-07-29,,3.143295701571202,-0.1454506847860706,GLOBAL_SEMICONDUCTORS,2026-05-01,3.0,22.0,-0.0972869603339439,-0.04450652144773848,-0.018152669365441687,0.3681303591788787,0.7921998188607646,-0.004727443406494155,1801.9784811788847,0.007660653345156643,0.006112858692314482,0.23720129761908626,0.5216015761286639,1.2961227185161373,NOT_AVAILABLE_NO_VALIDATED_HIGH_LOW_PANEL,0.3988584745957655,False,False,,NOT_DETERMINABLE_FROM_CLOSE_ONLY_PANEL,True,"HISTORICAL UK RETAIL, ISA, ACCOUNT AND BROKER ELIGIBILITY REMAIN PARTLY UNRESOLVED"
DD_16,2026-08-10,DAILY_WITH_LAST_WEEKLY_SIGNAL_ASOF,2026-08-07,False,2026-06-22,2026-07-29,,3.1030721387358393,-0.15638602824078984,GLOBAL_SEMICONDUCTORS,2026-05-01,3.0,22.0,-0.0972869603339439,-0.04450652144773848,-0.018152669365441687,0.3681303591788787,0.7921998188607646,-0.004727443406494155,1778.9192460488778,-0.004760444949161724,-0.00649853327529637,0.21868492942793005,0.5186123847972889,1.2878343849027476,NOT_AVAILABLE_NO_VALIDATED_HIGH_LOW_PANEL,0.3988584745957655,False,False,,NOT_DETERMINABLE_FROM_CLOSE_ONLY_PANEL,True,"HISTORICAL UK RETAIL, ISA, ACCOUNT AND BROKER ELIGIBILITY REMAIN PARTLY UNRESOLVED"
DD_16,2026-08-11,DAILY_WITH_LAST_WEEKLY_SIGNAL_ASOF,2026-08-07,False,2026-06-22,2026-07-29,,3.1022910986807837,-0.15659836500690083,GLOBAL_SEMICONDUCTORS,2026-05-01,3.0,22.0,-0.0972869603339439,-0.04450652144773848,-0.018152669365441687,0.3681303591788787,0.7921998188607646,-0.004727443406494155,1778.471493910431,-0.00455748131569389,-0.006485662159336547,0.2157364928429215,0.512799048921254,1.2691681512137192,NOT_AVAILABLE_NO_VALIDATED_HIGH_LOW_PANEL,0.3988584745957655,False,False,,NOT_DETERMINABLE_FROM_CLOSE_ONLY_PANEL,True,"HISTORICAL UK RETAIL, ISA, ACCOUNT AND BROKER ELIGIBILITY REMAIN PARTLY UNRESOLVED"
DD_16,2026-08-12,DAILY_WITH_LAST_WEEKLY_SIGNAL_ASOF,2026-08-07,False,2026-06-22,2026-07-29,,3.1850813445166763,-0.13409066779912915,GLOBAL_SEMICONDUCTORS,2026-05-01,3.0,22.0,-0.0972869603339439,-0.04450652144773848,-0.018152669365441687,0.3681303591788787,0.7921998188607646,-0.004727443406494155,1825.9332205857852,0.019967053468134432,0.019227548015469997,0.24510588099383046,0.5110900791670978,1.2805336470373208,NOT_AVAILABLE_NO_VALIDATED_HIGH_LOW_PANEL,0.3988584745957655,False,False,,NOT_DETERMINABLE_FROM_CLOSE_ONLY_PANEL,True,"HISTORICAL UK RETAIL, ISA, ACCOUNT AND BROKER ELIGIBILITY REMAIN PARTLY UNRESOLVED"
DD_16,2026-08-13,DAILY_WITH_LAST_WEEKLY_SIGNAL_ASOF,2026-08-07,False,2026-06-22,2026-07-29,,3.2413162284806787,-0.11880242063913338,GLOBAL_SEMICONDUCTORS,2026-05-01,3.0,22.0,-0.0972869603339439,-0.04450652144773848,-0.018152669365441687,0.3681303591788787,0.7921998188607646,-0.004727443406494155,1858.1713745539503,0.03440422595588566,0.035710894742104315,0.26373061937172193,0.5108952769146395,1.2301714232491585,NOT_AVAILABLE_NO_VALIDATED_HIGH_LOW_PANEL,0.3988584745957655,False,False,,NOT_DETERMINABLE_FROM_CLOSE_ONLY_PANEL,True,"HISTORICAL UK RETAIL, ISA, ACCOUNT AND BROKER ELIGIBILITY REMAIN PARTLY UNRESOLVED"
DD_16,2026-08-14,DAILY_WITH_LAST_WEEKLY_SIGNAL_ASOF,2026-08-14,True,2026-06-22,2026-07-29,,3.15969754272737,-0.1409916126977383,GLOBAL_SEMICONDUCTORS,2026-05-01,3.0,20.0,-0.017342879228883334,-0.11102404161175494,0.04673741835491274,0.34864298941934413,0.802141198785254,-0.0047846762190926284,1811.3812760862666,0.0075916684458354755,0.009249768069752529,0.2290728194806131,0.5111937077798994,1.241006363884534,NOT_AVAILABLE_NO_VALIDATED_HIGH_LOW_PANEL,0.3988584745957655,False,False,,NOT_DETERMINABLE_FROM_CLOSE_ONLY_PANEL,True,"HISTORICAL UK RETAIL, ISA, ACCOUNT AND BROKER ELIGIBILITY REMAIN PARTLY UNRESOLVED"
DD_16,2026-08-17,DAILY_WITH_LAST_WEEKLY_SIGNAL_ASOF,2026-08-14,False,2026-06-22,2026-07-29,,3.254203389389096,-0.11529886399830092,GLOBAL_SEMICONDUCTORS,2026-05-01,3.0,20.0,-0.017342879228883334,-0.11102404161175494,0.04673741835491274,0.34864298941934413,0.802141198785254,-0.0047846762190926284,1865.5592848383214,0.034181407716043166,0.03783117850958728,0.2624946682849252,0.5087093779908006,1.1984570802216559,NOT_AVAILABLE_NO_VALIDATED_HIGH_LOW_PANEL,0.3988584745957655,False,False,,NOT_DETERMINABLE_FROM_CLOSE_ONLY_PANEL,True,"HISTORICAL UK RETAIL, ISA, ACCOUNT AND BROKER ELIGIBILITY REMAIN PARTLY UNRESOLVED"
DD_16,2026-08-18,DAILY_WITH_LAST_WEEKLY_SIGNAL_ASOF,2026-08-14,False,2026-06-22,2026-07-29,,3.0710494964785613,-0.16509183565134267,GLOBAL_SEMICONDUCTORS,2026-05-01,3.0,20.0,-0.017342879228883334,-0.11102404161175494,0.04673741835491274,0.34864298941934413,0.802141198785254,-0.0047846762190926284,1760.561408372562,-0.02188839659963726,-0.01978919749474295,0.189173414920506,0.520558484246866,1.268435961595215,NOT_AVAILABLE_NO_VALIDATED_HIGH_LOW_PANEL,0.3988584745957655,False,False,,NOT_DETERMINABLE_FROM_CLOSE_ONLY_PANEL,True,"HISTORICAL UK RETAIL, ISA, ACCOUNT AND BROKER ELIGIBILITY REMAIN PARTLY UNRESOLVED"
DD_16,2026-08-19,DAILY_WITH_LAST_WEEKLY_SIGNAL_ASOF,2026-08-14,False,2026-06-22,2026-07-29,,3.0085662920741143,-0.1820787769402269,GLOBAL_SEMICONDUCTORS,2026-05-01,3.0,20.0,-0.017342879228883334,-0.11102404161175494,0.04673741835491274,0.34864298941934413,0.802141198785254,-0.0047846762190926284,1724.7412372968233,-0.03813481747366687,-0.03823388713679943,0.1630693657498148,0.5128193710621528,1.220261111247344,NOT_AVAILABLE_NO_VALIDATED_HIGH_LOW_PANEL,0.3988584745957655,False,False,,NOT_DETERMINABLE_FROM_CLOSE_ONLY_PANEL,True,"HISTORICAL UK RETAIL, ISA, ACCOUNT AND BROKER ELIGIBILITY REMAIN PARTLY UNRESOLVED"
DD_16,2026-08-20,DAILY_WITH_LAST_WEEKLY_SIGNAL_ASOF,2026-08-14,False,2026-06-22,2026-07-29,,2.9999748514685027,-0.18441448136744854,GLOBAL_SEMICONDUCTORS,2026-05-01,3.0,20.0,-0.017342879228883334,-0.11102404161175494,0.04673741835491274,0.34864298941934413,0.802141198785254,-0.0047846762190926284,1719.815963773909,-0.037303709333972646,-0.0394366681017394,0.15790750395071718,0.5128558396475795,1.2041510070999983,NOT_AVAILABLE_NO_VALIDATED_HIGH_LOW_PANEL,0.3988584745957655,False,False,,NOT_DETERMINABLE_FROM_CLOSE_ONLY_PANEL,True,"HISTORICAL UK RETAIL, ISA, ACCOUNT AND BROKER ELIGIBILITY REMAIN PARTLY UNRESOLVED"
DD_16,2026-08-21,DAILY_WITH_LAST_WEEKLY_SIGNAL_ASOF,2026-08-21,True,2026-06-22,2026-07-29,,3.0081757720465863,-0.18218494532328255,GLOBAL_SEMICONDUCTORS,2026-05-01,6.0,25.0,-0.08482112406418474,-0.13919495608200572,-0.07150938139531093,0.29187186831994905,0.7564615283169296,-0.0038845736523307056,1724.5173612275998,-0.031619685310815604,-0.035418378919229276,0.15921494208435094,0.507375422088832,1.1826121325744403,NOT_AVAILABLE_NO_VALIDATED_HIGH_LOW_PANEL,0.3988584745957655,False,True,GLOBAL_GOLD_MINERS,NOT_DETERMINABLE_FROM_CLOSE_ONLY_PANEL,True,"HISTORICAL UK RETAIL, ISA, ACCOUNT AND BROKER ELIGIBILITY REMAIN PARTLY UNRESOLVED"
