module_id,management_frequency,review_date,monthly_incumbent,incumbent_state,challenger,leadership_target_json,target_weights_json,target_leadership_allocation,regime_score,regime_state,regime_multiplier,target_risky_allocation,target_cash_allocation,execution_status,execution_date,warning
A4_BASELINE_MONTHLY,MONTHLY_ONLY,2021-08-31,GLOBAL_CYBERSECURITY,ESTABLISHED,,"{""GLOBAL_CYBERSECURITY"": 1.0}","{""GLOBAL_CYBERSECURITY"": 1.0}",1.0,3,MATURE,1.0,1.0,0.0,PLANNED,2021-09-01,"HISTORICAL UK RETAIL, ISA, ACCOUNT AND BROKER ELIGIBILITY REMAIN PARTLY UNRESOLVED"
A4_BASELINE_MONTHLY,MONTHLY_ONLY,2021-09-30,GLOBAL_OIL_GAS,ESTABLISHED,,"{""GLOBAL_OIL_GAS"": 1.0}","{""GLOBAL_OIL_GAS"": 1.0}",1.0,3,MATURE,1.0,1.0,0.0,PLANNED,2021-10-01,"HISTORICAL UK RETAIL, ISA, ACCOUNT AND BROKER ELIGIBILITY REMAIN PARTLY UNRESOLVED"
A4_BASELINE_MONTHLY,MONTHLY_ONLY,2021-10-29,GLOBAL_OIL_GAS,EXTENDED,,"{""GLOBAL_OIL_GAS"": 1.0}","{""GLOBAL_OIL_GAS"": 1.0}",1.0,3,DETERIORATING,1.0,1.0,0.0,NO_TARGET_CHANGE,,"HISTORICAL UK RETAIL, ISA, ACCOUNT AND BROKER ELIGIBILITY REMAIN PARTLY UNRESOLVED"
A4_BASELINE_MONTHLY,MONTHLY_ONLY,2021-11-30,GLOBAL_SEMICONDUCTORS,EXTENDED,,"{""GLOBAL_SEMICONDUCTORS"": 1.0}","{""GLOBAL_SEMICONDUCTORS"": 1.0}",1.0,2,DETERIORATING,1.0,1.0,0.0,PLANNED,2021-12-01,"HISTORICAL UK RETAIL, ISA, ACCOUNT AND BROKER ELIGIBILITY REMAIN PARTLY UNRESOLVED"
A4_BASELINE_MONTHLY,MONTHLY_ONLY,2021-12-31,GLOBAL_SEMICONDUCTORS,EXTENDED,,"{""GLOBAL_SEMICONDUCTORS"": 1.0}","{""GLOBAL_SEMICONDUCTORS"": 1.0}",1.0,2,POSITIVE,1.0,1.0,0.0,NO_TARGET_CHANGE,,"HISTORICAL UK RETAIL, ISA, ACCOUNT AND BROKER ELIGIBILITY REMAIN PARTLY UNRESOLVED"
A4_BASELINE_MONTHLY,MONTHLY_ONLY,2022-01-31,GLOBAL_OIL_GAS,EXTENDED,,"{""GLOBAL_OIL_GAS"": 1.0}","{""GLOBAL_OIL_GAS"": 1.0}",1.0,2,HOSTILE,1.0,1.0,0.0,PLANNED,2022-02-01,"HISTORICAL UK RETAIL, ISA, ACCOUNT AND BROKER ELIGIBILITY REMAIN PARTLY UNRESOLVED"
A4_BASELINE_MONTHLY,MONTHLY_ONLY,2022-02-28,GLOBAL_OIL_GAS,EXTENDED,,"{""GLOBAL_OIL_GAS"": 1.0}","{""GLOBAL_OIL_GAS"": 1.0}",1.0,2,HOSTILE,1.0,1.0,0.0,NO_TARGET_CHANGE,,"HISTORICAL UK RETAIL, ISA, ACCOUNT AND BROKER ELIGIBILITY REMAIN PARTLY UNRESOLVED"
A4_BASELINE_MONTHLY,MONTHLY_ONLY,2022-03-31,GLOBAL_OIL_GAS,EXTENDED,,"{""GLOBAL_OIL_GAS"": 1.0}","{""GLOBAL_OIL_GAS"": 1.0}",1.0,3,MATURE,1.0,1.0,0.0,NO_TARGET_CHANGE,,"HISTORICAL UK RETAIL, ISA, ACCOUNT AND BROKER ELIGIBILITY REMAIN PARTLY UNRESOLVED"
A4_BASELINE_MONTHLY,MONTHLY_ONLY,2022-04-29,GLOBAL_OIL_GAS,EXTENDED,,"{""GLOBAL_OIL_GAS"": 1.0}","{""GLOBAL_OIL_GAS"": 1.0}",1.0,2,HOSTILE,1.0,1.0,0.0,NO_TARGET_CHANGE,,"HISTORICAL UK RETAIL, ISA, ACCOUNT AND BROKER ELIGIBILITY REMAIN PARTLY UNRESOLVED"
A4_BASELINE_MONTHLY,MONTHLY_ONLY,2022-05-31,GLOBAL_OIL_GAS,EXTENDED,,"{""GLOBAL_OIL_GAS"": 1.0}","{""GLOBAL_OIL_GAS"": 1.0}",1.0,1,HOSTILE,1.0,1.0,0.0,NO_TARGET_CHANGE,,"HISTORICAL UK RETAIL, ISA, ACCOUNT AND BROKER ELIGIBILITY REMAIN PARTLY UNRESOLVED"
A4_BASELINE_MONTHLY,MONTHLY_ONLY,2022-06-30,GLOBAL_OIL_GAS,WEAKENING,,"{""GLOBAL_OIL_GAS"": 1.0}","{""GLOBAL_OIL_GAS"": 1.0}",1.0,0,HOSTILE,1.0,1.0,0.0,NO_TARGET_CHANGE,,"HISTORICAL UK RETAIL, ISA, ACCOUNT AND BROKER ELIGIBILITY REMAIN PARTLY UNRESOLVED"
A4_BASELINE_MONTHLY,MONTHLY_ONLY,2022-07-29,GLOBAL_OIL_GAS,WEAKENING,,"{""GLOBAL_OIL_GAS"": 1.0}","{""GLOBAL_OIL_GAS"": 1.0}",1.0,3,POSITIVE,1.0,1.0,0.0,NO_TARGET_CHANGE,,"HISTORICAL UK RETAIL, ISA, ACCOUNT AND BROKER ELIGIBILITY REMAIN PARTLY UNRESOLVED"
A4_BASELINE_MONTHLY,MONTHLY_ONLY,2022-08-31,GLOBAL_INFRASTRUCTURE,WEAKENING,,"{""GLOBAL_INFRASTRUCTURE"": 1.0}","{""GLOBAL_INFRASTRUCTURE"": 1.0}",1.0,4,STRONG,1.0,1.0,0.0,PLANNED,2022-09-01,"HISTORICAL UK RETAIL, ISA, ACCOUNT AND BROKER ELIGIBILITY REMAIN PARTLY UNRESOLVED"
A4_BASELINE_MONTHLY,MONTHLY_ONLY,2022-09-30,GLOBAL_OIL_GAS,ESTABLISHED,,"{""GLOBAL_OIL_GAS"": 1.0}","{""GLOBAL_OIL_GAS"": 1.0}",1.0,2,HOSTILE,1.0,1.0,0.0,PLANNED,2022-10-03,"HISTORICAL UK RETAIL, ISA, ACCOUNT AND BROKER ELIGIBILITY REMAIN PARTLY UNRESOLVED"
A4_BASELINE_MONTHLY,MONTHLY_ONLY,2022-10-31,GLOBAL_OIL_GAS,EXTENDED,,"{""GLOBAL_OIL_GAS"": 1.0}","{""GLOBAL_OIL_GAS"": 1.0}",1.0,3,HOSTILE,1.0,1.0,0.0,NO_TARGET_CHANGE,,"HISTORICAL UK RETAIL, ISA, ACCOUNT AND BROKER ELIGIBILITY REMAIN PARTLY UNRESOLVED"
A4_BASELINE_MONTHLY,MONTHLY_ONLY,2022-11-30,EUROPE_BANKS,EXTENDED,,"{""EUROPE_BANKS"": 1.0}","{""EUROPE_BANKS"": 1.0}",1.0,4,STRONG,1.0,1.0,0.0,PLANNED,2022-12-01,"HISTORICAL UK RETAIL, ISA, ACCOUNT AND BROKER ELIGIBILITY REMAIN PARTLY UNRESOLVED"
A4_BASELINE_MONTHLY,MONTHLY_ONLY,2022-12-30,EUROPE_BANKS,EXTENDED,,"{""EUROPE_BANKS"": 1.0}","{""EUROPE_BANKS"": 1.0}",1.0,3,MATURE,1.0,1.0,0.0,NO_TARGET_CHANGE,,"HISTORICAL UK RETAIL, ISA, ACCOUNT AND BROKER ELIGIBILITY REMAIN PARTLY UNRESOLVED"
A4_BASELINE_MONTHLY,MONTHLY_ONLY,2023-01-31,EUROPE_BANKS,EXTENDED,,"{""EUROPE_BANKS"": 1.0}","{""EUROPE_BANKS"": 1.0}",1.0,5,STRONG,1.0,1.0,0.0,NO_TARGET_CHANGE,,"HISTORICAL UK RETAIL, ISA, ACCOUNT AND BROKER ELIGIBILITY REMAIN PARTLY UNRESOLVED"
A4_BASELINE_MONTHLY,MONTHLY_ONLY,2023-02-28,EUROPE_BANKS,EXTENDED,,"{""EUROPE_BANKS"": 1.0}","{""EUROPE_BANKS"": 1.0}",1.0,3,DETERIORATING,1.0,1.0,0.0,NO_TARGET_CHANGE,,"HISTORICAL UK RETAIL, ISA, ACCOUNT AND BROKER ELIGIBILITY REMAIN PARTLY UNRESOLVED"
A4_BASELINE_MONTHLY,MONTHLY_ONLY,2023-03-31,GLOBAL_SEMICONDUCTORS,EXTENDED,,"{""GLOBAL_SEMICONDUCTORS"": 1.0}","{""GLOBAL_SEMICONDUCTORS"": 1.0}",1.0,3,MATURE,1.0,1.0,0.0,PLANNED,2023-04-03,"HISTORICAL UK RETAIL, ISA, ACCOUNT AND BROKER ELIGIBILITY REMAIN PARTLY UNRESOLVED"
A4_BASELINE_MONTHLY,MONTHLY_ONLY,2023-04-28,GLOBAL_SEMICONDUCTORS,WEAKENING,,"{""GLOBAL_SEMICONDUCTORS"": 1.0}","{""GLOBAL_SEMICONDUCTORS"": 1.0}",1.0,2,DETERIORATING,1.0,1.0,0.0,NO_TARGET_CHANGE,,"HISTORICAL UK RETAIL, ISA, ACCOUNT AND BROKER ELIGIBILITY REMAIN PARTLY UNRESOLVED"
A4_BASELINE_MONTHLY,MONTHLY_ONLY,2023-05-31,GLOBAL_SEMICONDUCTORS,EXTENDED,,"{""GLOBAL_SEMICONDUCTORS"": 1.0}","{""GLOBAL_SEMICONDUCTORS"": 1.0}",1.0,1,POSITIVE,1.0,1.0,0.0,NO_TARGET_CHANGE,,"HISTORICAL UK RETAIL, ISA, ACCOUNT AND BROKER ELIGIBILITY REMAIN PARTLY UNRESOLVED"
A4_BASELINE_MONTHLY,MONTHLY_ONLY,2023-06-30,GLOBAL_SEMICONDUCTORS,EXTENDED,,"{""GLOBAL_SEMICONDUCTORS"": 1.0}","{""GLOBAL_SEMICONDUCTORS"": 1.0}",1.0,2,POSITIVE,1.0,1.0,0.0,NO_TARGET_CHANGE,,"HISTORICAL UK RETAIL, ISA, ACCOUNT AND BROKER ELIGIBILITY REMAIN PARTLY UNRESOLVED"
A4_BASELINE_MONTHLY,MONTHLY_ONLY,2023-07-31,GLOBAL_SEMICONDUCTORS,WEAKENING,,"{""GLOBAL_SEMICONDUCTORS"": 1.0}","{""GLOBAL_SEMICONDUCTORS"": 1.0}",1.0,4,STRONG,1.0,1.0,0.0,NO_TARGET_CHANGE,,"HISTORICAL UK RETAIL, ISA, ACCOUNT AND BROKER ELIGIBILITY REMAIN PARTLY UNRESOLVED"
A4_BASELINE_MONTHLY,MONTHLY_ONLY,2023-08-31,GLOBAL_SEMICONDUCTORS,WEAKENING,,"{""GLOBAL_SEMICONDUCTORS"": 1.0}","{""GLOBAL_SEMICONDUCTORS"": 1.0}",1.0,4,STRONG,1.0,1.0,0.0,NO_TARGET_CHANGE,,"HISTORICAL UK RETAIL, ISA, ACCOUNT AND BROKER ELIGIBILITY REMAIN PARTLY UNRESOLVED"
A4_BASELINE_MONTHLY,MONTHLY_ONLY,2023-09-29,GLOBAL_URANIUM_NUCLEAR,EXTENDED,,"{""GLOBAL_URANIUM_NUCLEAR"": 1.0}","{""GLOBAL_URANIUM_NUCLEAR"": 1.0}",1.0,4,STRONG,1.0,1.0,0.0,PLANNED,2023-10-02,"HISTORICAL UK RETAIL, ISA, ACCOUNT AND BROKER ELIGIBILITY REMAIN PARTLY UNRESOLVED"
A4_BASELINE_MONTHLY,MONTHLY_ONLY,2023-10-31,GLOBAL_URANIUM_NUCLEAR,EXTENDED,,"{""GLOBAL_URANIUM_NUCLEAR"": 1.0}","{""GLOBAL_URANIUM_NUCLEAR"": 1.0}",1.0,2,DETERIORATING,1.0,1.0,0.0,NO_TARGET_CHANGE,,"HISTORICAL UK RETAIL, ISA, ACCOUNT AND BROKER ELIGIBILITY REMAIN PARTLY UNRESOLVED"
A4_BASELINE_MONTHLY,MONTHLY_ONLY,2023-11-30,GLOBAL_URANIUM_NUCLEAR,WEAKENING,,"{""GLOBAL_URANIUM_NUCLEAR"": 1.0}","{""GLOBAL_URANIUM_NUCLEAR"": 1.0}",1.0,4,STRONG,1.0,1.0,0.0,NO_TARGET_CHANGE,,"HISTORICAL UK RETAIL, ISA, ACCOUNT AND BROKER ELIGIBILITY REMAIN PARTLY UNRESOLVED"
A4_BASELINE_MONTHLY,MONTHLY_ONLY,2023-12-29,GLOBAL_AI,EXTENDED,,"{""GLOBAL_AI"": 1.0}","{""GLOBAL_AI"": 1.0}",1.0,2,DETERIORATING,1.0,1.0,0.0,PLANNED,2024-01-02,"HISTORICAL UK RETAIL, ISA, ACCOUNT AND BROKER ELIGIBILITY REMAIN PARTLY UNRESOLVED"
A4_BASELINE_MONTHLY,MONTHLY_ONLY,2024-01-31,GLOBAL_SEMICONDUCTORS,EXTENDED,,"{""GLOBAL_SEMICONDUCTORS"": 1.0}","{""GLOBAL_SEMICONDUCTORS"": 1.0}",1.0,3,POSITIVE,1.0,1.0,0.0,PLANNED,2024-02-01,"HISTORICAL UK RETAIL, ISA, ACCOUNT AND BROKER ELIGIBILITY REMAIN PARTLY UNRESOLVED"
A4_BASELINE_MONTHLY,MONTHLY_ONLY,2024-02-29,GLOBAL_SEMICONDUCTORS,EXTENDED,,"{""GLOBAL_SEMICONDUCTORS"": 1.0}","{""GLOBAL_SEMICONDUCTORS"": 1.0}",1.0,2,POSITIVE,1.0,1.0,0.0,NO_TARGET_CHANGE,,"HISTORICAL UK RETAIL, ISA, ACCOUNT AND BROKER ELIGIBILITY REMAIN PARTLY UNRESOLVED"
A4_BASELINE_MONTHLY,MONTHLY_ONLY,2024-03-28,GLOBAL_SEMICONDUCTORS,EXTENDED,,"{""GLOBAL_SEMICONDUCTORS"": 1.0}","{""GLOBAL_SEMICONDUCTORS"": 1.0}",1.0,2,POSITIVE,1.0,1.0,0.0,NO_TARGET_CHANGE,,"HISTORICAL UK RETAIL, ISA, ACCOUNT AND BROKER ELIGIBILITY REMAIN PARTLY UNRESOLVED"
A4_BASELINE_MONTHLY,MONTHLY_ONLY,2024-04-30,EUROPE_BANKS,EXTENDED,,"{""EUROPE_BANKS"": 1.0}","{""EUROPE_BANKS"": 1.0}",1.0,5,STRONG,1.0,1.0,0.0,PLANNED,2024-05-01,"HISTORICAL UK RETAIL, ISA, ACCOUNT AND BROKER ELIGIBILITY REMAIN PARTLY UNRESOLVED"
A4_BASELINE_MONTHLY,MONTHLY_ONLY,2024-05-31,EUROPE_BANKS,EXTENDED,,"{""EUROPE_BANKS"": 1.0}","{""EUROPE_BANKS"": 1.0}",1.0,4,MATURE,1.0,1.0,0.0,NO_TARGET_CHANGE,,"HISTORICAL UK RETAIL, ISA, ACCOUNT AND BROKER ELIGIBILITY REMAIN PARTLY UNRESOLVED"
A4_BASELINE_MONTHLY,MONTHLY_ONLY,2024-06-28,GLOBAL_SEMICONDUCTORS,ESTABLISHED,,"{""GLOBAL_SEMICONDUCTORS"": 1.0}","{""GLOBAL_SEMICONDUCTORS"": 1.0}",1.0,1,DETERIORATING,1.0,1.0,0.0,PLANNED,2024-07-01,"HISTORICAL UK RETAIL, ISA, ACCOUNT AND BROKER ELIGIBILITY REMAIN PARTLY UNRESOLVED"
A4_BASELINE_MONTHLY,MONTHLY_ONLY,2024-07-31,GLOBAL_GOLD_MINERS,ESTABLISHED,,"{""GLOBAL_GOLD_MINERS"": 1.0}","{""GLOBAL_GOLD_MINERS"": 1.0}",1.0,3,MATURE,1.0,1.0,0.0,PLANNED,2024-08-01,"HISTORICAL UK RETAIL, ISA, ACCOUNT AND BROKER ELIGIBILITY REMAIN PARTLY UNRESOLVED"
A4_BASELINE_MONTHLY,MONTHLY_ONLY,2024-08-30,GLOBAL_GOLD_MINERS,ESTABLISHED,,"{""GLOBAL_GOLD_MINERS"": 1.0}","{""GLOBAL_GOLD_MINERS"": 1.0}",1.0,2,POSITIVE,1.0,1.0,0.0,NO_TARGET_CHANGE,,"HISTORICAL UK RETAIL, ISA, ACCOUNT AND BROKER ELIGIBILITY REMAIN PARTLY UNRESOLVED"
A4_BASELINE_MONTHLY,MONTHLY_ONLY,2024-09-30,GLOBAL_GOLD_MINERS,WEAKENING,,"{""GLOBAL_GOLD_MINERS"": 1.0}","{""GLOBAL_GOLD_MINERS"": 1.0}",1.0,4,STRONG,1.0,1.0,0.0,NO_TARGET_CHANGE,,"HISTORICAL UK RETAIL, ISA, ACCOUNT AND BROKER ELIGIBILITY REMAIN PARTLY UNRESOLVED"
A4_BASELINE_MONTHLY,MONTHLY_ONLY,2024-10-31,GLOBAL_GOLD_MINERS,ESTABLISHED,,"{""GLOBAL_GOLD_MINERS"": 1.0}","{""GLOBAL_GOLD_MINERS"": 1.0}",1.0,2,DETERIORATING,1.0,1.0,0.0,NO_TARGET_CHANGE,,"HISTORICAL UK RETAIL, ISA, ACCOUNT AND BROKER ELIGIBILITY REMAIN PARTLY UNRESOLVED"
A4_BASELINE_MONTHLY,MONTHLY_ONLY,2024-11-29,GLOBAL_SOFTWARE,EXTENDED,,"{""GLOBAL_SOFTWARE"": 1.0}","{""GLOBAL_SOFTWARE"": 1.0}",1.0,3,MATURE,1.0,1.0,0.0,PLANNED,2024-12-02,"HISTORICAL UK RETAIL, ISA, ACCOUNT AND BROKER ELIGIBILITY REMAIN PARTLY UNRESOLVED"
A4_BASELINE_MONTHLY,MONTHLY_ONLY,2024-12-31,GLOBAL_SOFTWARE,EXTENDED,,"{""GLOBAL_SOFTWARE"": 1.0}","{""GLOBAL_SOFTWARE"": 1.0}",1.0,2,DETERIORATING,1.0,1.0,0.0,NO_TARGET_CHANGE,,"HISTORICAL UK RETAIL, ISA, ACCOUNT AND BROKER ELIGIBILITY REMAIN PARTLY UNRESOLVED"
A4_BASELINE_MONTHLY,MONTHLY_ONLY,2025-01-31,GLOBAL_SOFTWARE,WEAKENING,,"{""GLOBAL_SOFTWARE"": 1.0}","{""GLOBAL_SOFTWARE"": 1.0}",1.0,2,POSITIVE,1.0,1.0,0.0,NO_TARGET_CHANGE,,"HISTORICAL UK RETAIL, ISA, ACCOUNT AND BROKER ELIGIBILITY REMAIN PARTLY UNRESOLVED"
A4_BASELINE_MONTHLY,MONTHLY_ONLY,2025-02-28,EUROPE_BANKS,EXTENDED,,"{""EUROPE_BANKS"": 1.0}","{""EUROPE_BANKS"": 1.0}",1.0,4,STRONG,1.0,1.0,0.0,PLANNED,2025-03-03,"HISTORICAL UK RETAIL, ISA, ACCOUNT AND BROKER ELIGIBILITY REMAIN PARTLY UNRESOLVED"
A4_BASELINE_MONTHLY,MONTHLY_ONLY,2025-03-31,GLOBAL_GOLD_MINERS,EXTENDED,,"{""GLOBAL_GOLD_MINERS"": 1.0}","{""GLOBAL_GOLD_MINERS"": 1.0}",1.0,4,STRONG,1.0,1.0,0.0,PLANNED,2025-04-01,"HISTORICAL UK RETAIL, ISA, ACCOUNT AND BROKER ELIGIBILITY REMAIN PARTLY UNRESOLVED"
A4_BASELINE_MONTHLY,MONTHLY_ONLY,2025-04-30,GLOBAL_GOLD_MINERS,EXTENDED,,"{""GLOBAL_GOLD_MINERS"": 1.0}","{""GLOBAL_GOLD_MINERS"": 1.0}",1.0,2,HOSTILE,1.0,1.0,0.0,NO_TARGET_CHANGE,,"HISTORICAL UK RETAIL, ISA, ACCOUNT AND BROKER ELIGIBILITY REMAIN PARTLY UNRESOLVED"
A4_BASELINE_MONTHLY,MONTHLY_ONLY,2025-05-30,GLOBAL_GOLD_MINERS,WEAKENING,,"{""GLOBAL_GOLD_MINERS"": 1.0}","{""GLOBAL_GOLD_MINERS"": 1.0}",1.0,2,HOSTILE,1.0,1.0,0.0,NO_TARGET_CHANGE,,"HISTORICAL UK RETAIL, ISA, ACCOUNT AND BROKER ELIGIBILITY REMAIN PARTLY UNRESOLVED"
A4_BASELINE_MONTHLY,MONTHLY_ONLY,2025-06-30,EUROPE_BANKS,WEAKENING,,"{""EUROPE_BANKS"": 1.0}","{""EUROPE_BANKS"": 1.0}",1.0,2,DETERIORATING,1.0,1.0,0.0,PLANNED,2025-07-01,"HISTORICAL UK RETAIL, ISA, ACCOUNT AND BROKER ELIGIBILITY REMAIN PARTLY UNRESOLVED"
A4_BASELINE_MONTHLY,MONTHLY_ONLY,2025-07-31,EUROPE_BANKS,ESTABLISHED,,"{""EUROPE_BANKS"": 1.0}","{""EUROPE_BANKS"": 1.0}",1.0,4,MATURE,1.0,1.0,0.0,NO_TARGET_CHANGE,,"HISTORICAL UK RETAIL, ISA, ACCOUNT AND BROKER ELIGIBILITY REMAIN PARTLY UNRESOLVED"
A4_BASELINE_MONTHLY,MONTHLY_ONLY,2025-08-29,GLOBAL_SILVER_MINERS,ESTABLISHED,,"{""GLOBAL_SILVER_MINERS"": 1.0}","{""GLOBAL_SILVER_MINERS"": 1.0}",1.0,2,DETERIORATING,1.0,1.0,0.0,PLANNED,2025-09-01,"HISTORICAL UK RETAIL, ISA, ACCOUNT AND BROKER ELIGIBILITY REMAIN PARTLY UNRESOLVED"
A4_BASELINE_MONTHLY,MONTHLY_ONLY,2025-09-30,GLOBAL_SILVER_MINERS,EXTENDED,,"{""GLOBAL_SILVER_MINERS"": 1.0}","{""GLOBAL_SILVER_MINERS"": 1.0}",1.0,3,MATURE,1.0,1.0,0.0,NO_TARGET_CHANGE,,"HISTORICAL UK RETAIL, ISA, ACCOUNT AND BROKER ELIGIBILITY REMAIN PARTLY UNRESOLVED"
A4_BASELINE_MONTHLY,MONTHLY_ONLY,2025-10-31,GLOBAL_SILVER_MINERS,WEAKENING,,"{""GLOBAL_SILVER_MINERS"": 1.0}","{""GLOBAL_SILVER_MINERS"": 1.0}",1.0,4,STRONG,1.0,1.0,0.0,NO_TARGET_CHANGE,,"HISTORICAL UK RETAIL, ISA, ACCOUNT AND BROKER ELIGIBILITY REMAIN PARTLY UNRESOLVED"
A4_BASELINE_MONTHLY,MONTHLY_ONLY,2025-11-28,GLOBAL_SILVER_MINERS,WEAKENING,,"{""GLOBAL_SILVER_MINERS"": 1.0}","{""GLOBAL_SILVER_MINERS"": 1.0}",1.0,4,STRONG,1.0,1.0,0.0,NO_TARGET_CHANGE,,"HISTORICAL UK RETAIL, ISA, ACCOUNT AND BROKER ELIGIBILITY REMAIN PARTLY UNRESOLVED"
A4_BASELINE_MONTHLY,MONTHLY_ONLY,2025-12-31,GLOBAL_SILVER_MINERS,ESTABLISHED,,"{""GLOBAL_SILVER_MINERS"": 1.0}","{""GLOBAL_SILVER_MINERS"": 1.0}",1.0,4,STRONG,1.0,1.0,0.0,NO_TARGET_CHANGE,,"HISTORICAL UK RETAIL, ISA, ACCOUNT AND BROKER ELIGIBILITY REMAIN PARTLY UNRESOLVED"
A4_BASELINE_MONTHLY,MONTHLY_ONLY,2026-01-30,GLOBAL_SILVER_MINERS,EXTENDED,,"{""GLOBAL_SILVER_MINERS"": 1.0}","{""GLOBAL_SILVER_MINERS"": 1.0}",1.0,3,MATURE,1.0,1.0,0.0,NO_TARGET_CHANGE,,"HISTORICAL UK RETAIL, ISA, ACCOUNT AND BROKER ELIGIBILITY REMAIN PARTLY UNRESOLVED"
A4_BASELINE_MONTHLY,MONTHLY_ONLY,2026-02-27,GLOBAL_SILVER_MINERS,EXTENDED,,"{""GLOBAL_SILVER_MINERS"": 1.0}","{""GLOBAL_SILVER_MINERS"": 1.0}",1.0,3,MATURE,1.0,1.0,0.0,NO_TARGET_CHANGE,,"HISTORICAL UK RETAIL, ISA, ACCOUNT AND BROKER ELIGIBILITY REMAIN PARTLY UNRESOLVED"
A4_BASELINE_MONTHLY,MONTHLY_ONLY,2026-03-31,GLOBAL_OIL_GAS,EXTENDED,,"{""GLOBAL_OIL_GAS"": 1.0}","{""GLOBAL_OIL_GAS"": 1.0}",1.0,3,MATURE,1.0,1.0,0.0,PLANNED,2026-04-01,"HISTORICAL UK RETAIL, ISA, ACCOUNT AND BROKER ELIGIBILITY REMAIN PARTLY UNRESOLVED"
A4_BASELINE_MONTHLY,MONTHLY_ONLY,2026-04-30,GLOBAL_SEMICONDUCTORS,EXTENDED,,"{""GLOBAL_SEMICONDUCTORS"": 1.0}","{""GLOBAL_SEMICONDUCTORS"": 1.0}",1.0,4,STRONG,1.0,1.0,0.0,PLANNED,2026-05-01,"HISTORICAL UK RETAIL, ISA, ACCOUNT AND BROKER ELIGIBILITY REMAIN PARTLY UNRESOLVED"
A4_BASELINE_MONTHLY,MONTHLY_ONLY,2026-05-29,GLOBAL_SEMICONDUCTORS,EXTENDED,,"{""GLOBAL_SEMICONDUCTORS"": 1.0}","{""GLOBAL_SEMICONDUCTORS"": 1.0}",1.0,4,MATURE,1.0,1.0,0.0,NO_TARGET_CHANGE,,"HISTORICAL UK RETAIL, ISA, ACCOUNT AND BROKER ELIGIBILITY REMAIN PARTLY UNRESOLVED"
A4_BASELINE_MONTHLY,MONTHLY_ONLY,2026-06-30,GLOBAL_SEMICONDUCTORS,EXTENDED,,"{""GLOBAL_SEMICONDUCTORS"": 1.0}","{""GLOBAL_SEMICONDUCTORS"": 1.0}",1.0,3,DETERIORATING,1.0,1.0,0.0,NO_TARGET_CHANGE,,"HISTORICAL UK RETAIL, ISA, ACCOUNT AND BROKER ELIGIBILITY REMAIN PARTLY UNRESOLVED"
A4_BASELINE_MONTHLY,MONTHLY_ONLY,2026-07-31,GLOBAL_SEMICONDUCTORS,WEAKENING,,"{""GLOBAL_SEMICONDUCTORS"": 1.0}","{""GLOBAL_SEMICONDUCTORS"": 1.0}",1.0,5,STRONG,1.0,1.0,0.0,NO_TARGET_CHANGE,,"HISTORICAL UK RETAIL, ISA, ACCOUNT AND BROKER ELIGIBILITY REMAIN PARTLY UNRESOLVED"
A4_BASELINE_MONTHLY,MONTHLY_ONLY,2026-08-21,GLOBAL_GENOMICS,EXTENDED,,"{""GLOBAL_GENOMICS"": 1.0}","{""GLOBAL_GENOMICS"": 1.0}",1.0,3,DETERIORATING,1.0,1.0,0.0,CANCELLED_PANEL_END_NO_EXECUTION_SESSION,,"HISTORICAL UK RETAIL, ISA, ACCOUNT AND BROKER ELIGIBILITY REMAIN PARTLY UNRESOLVED"
REGIME_BINARY_WEEKLY,WEEKLY,2021-08-31,GLOBAL_CYBERSECURITY,ESTABLISHED,,"{""GLOBAL_CYBERSECURITY"": 1.0}","{""GLOBAL_CYBERSECURITY"": 1.0}",1.0,3,MATURE,1.0,1.0,0.0,PLANNED,2021-09-01,"HISTORICAL UK RETAIL, ISA, ACCOUNT AND BROKER ELIGIBILITY REMAIN PARTLY UNRESOLVED"
REGIME_BINARY_WEEKLY,WEEKLY,2021-09-03,GLOBAL_CYBERSECURITY,EXTENDED,,"{""GLOBAL_CYBERSECURITY"": 1.0}","{""GLOBAL_CYBERSECURITY"": 1.0}",1.0,3,MATURE,1.0,1.0,0.0,NO_TARGET_CHANGE,,"HISTORICAL UK RETAIL, ISA, ACCOUNT AND BROKER ELIGIBILITY REMAIN PARTLY UNRESOLVED"
REGIME_BINARY_WEEKLY,WEEKLY,2021-09-10,GLOBAL_CYBERSECURITY,ESTABLISHED,,"{""GLOBAL_CYBERSECURITY"": 1.0}","{""GLOBAL_CYBERSECURITY"": 1.0}",1.0,3,MATURE,1.0,1.0,0.0,NO_TARGET_CHANGE,,"HISTORICAL UK RETAIL, ISA, ACCOUNT AND BROKER ELIGIBILITY REMAIN PARTLY UNRESOLVED"
REGIME_BINARY_WEEKLY,WEEKLY,2021-09-17,GLOBAL_CYBERSECURITY,ESTABLISHED,,"{""GLOBAL_CYBERSECURITY"": 1.0}","{""GLOBAL_CYBERSECURITY"": 1.0}",1.0,3,MATURE,1.0,1.0,0.0,NO_TARGET_CHANGE,,"HISTORICAL UK RETAIL, ISA, ACCOUNT AND BROKER ELIGIBILITY REMAIN PARTLY UNRESOLVED"
REGIME_BINARY_WEEKLY,WEEKLY,2021-09-24,GLOBAL_CYBERSECURITY,WEAKENING,,"{""GLOBAL_CYBERSECURITY"": 1.0}","{""GLOBAL_CYBERSECURITY"": 1.0}",1.0,3,MATURE,1.0,1.0,0.0,NO_TARGET_CHANGE,,"HISTORICAL UK RETAIL, ISA, ACCOUNT AND BROKER ELIGIBILITY REMAIN PARTLY UNRESOLVED"
REGIME_BINARY_WEEKLY,WEEKLY,2021-09-30,GLOBAL_OIL_GAS,ESTABLISHED,,"{""GLOBAL_OIL_GAS"": 1.0}","{""GLOBAL_OIL_GAS"": 1.0}",1.0,3,MATURE,1.0,1.0,0.0,PLANNED,2021-10-01,"HISTORICAL UK RETAIL, ISA, ACCOUNT AND BROKER ELIGIBILITY REMAIN PARTLY UNRESOLVED"
REGIME_BINARY_WEEKLY,WEEKLY,2021-10-01,GLOBAL_OIL_GAS,ESTABLISHED,,"{""GLOBAL_OIL_GAS"": 1.0}","{""GLOBAL_OIL_GAS"": 1.0}",1.0,4,STRONG,1.0,1.0,0.0,NO_TARGET_CHANGE,,"HISTORICAL UK RETAIL, ISA, ACCOUNT AND BROKER ELIGIBILITY REMAIN PARTLY UNRESOLVED"
REGIME_BINARY_WEEKLY,WEEKLY,2021-10-08,GLOBAL_OIL_GAS,EXTENDED,,"{""GLOBAL_OIL_GAS"": 1.0}","{""GLOBAL_OIL_GAS"": 1.0}",1.0,4,STRONG,1.0,1.0,0.0,NO_TARGET_CHANGE,,"HISTORICAL UK RETAIL, ISA, ACCOUNT AND BROKER ELIGIBILITY REMAIN PARTLY UNRESOLVED"
REGIME_BINARY_WEEKLY,WEEKLY,2021-10-15,GLOBAL_OIL_GAS,EXTENDED,,"{""GLOBAL_OIL_GAS"": 1.0}","{""GLOBAL_OIL_GAS"": 1.0}",1.0,5,STRONG,1.0,1.0,0.0,NO_TARGET_CHANGE,,"HISTORICAL UK RETAIL, ISA, ACCOUNT AND BROKER ELIGIBILITY REMAIN PARTLY UNRESOLVED"
REGIME_BINARY_WEEKLY,WEEKLY,2021-10-22,GLOBAL_OIL_GAS,EXTENDED,,"{""GLOBAL_OIL_GAS"": 1.0}","{""GLOBAL_OIL_GAS"": 1.0}",1.0,3,DETERIORATING,1.0,1.0,0.0,NO_TARGET_CHANGE,,"HISTORICAL UK RETAIL, ISA, ACCOUNT AND BROKER ELIGIBILITY REMAIN PARTLY UNRESOLVED"
REGIME_BINARY_WEEKLY,WEEKLY,2021-10-29,GLOBAL_OIL_GAS,EXTENDED,,"{""GLOBAL_OIL_GAS"": 1.0}","{""GLOBAL_OIL_GAS"": 1.0}",1.0,3,DETERIORATING,1.0,1.0,0.0,NO_TARGET_CHANGE,,"HISTORICAL UK RETAIL, ISA, ACCOUNT AND BROKER ELIGIBILITY REMAIN PARTLY UNRESOLVED"
REGIME_BINARY_WEEKLY,WEEKLY,2021-11-05,GLOBAL_OIL_GAS,EXTENDED,,"{""GLOBAL_OIL_GAS"": 1.0}","{""GLOBAL_OIL_GAS"": 1.0}",1.0,2,DETERIORATING,1.0,1.0,0.0,NO_TARGET_CHANGE,,"HISTORICAL UK RETAIL, ISA, ACCOUNT AND BROKER ELIGIBILITY REMAIN PARTLY UNRESOLVED"
REGIME_BINARY_WEEKLY,WEEKLY,2021-11-12,GLOBAL_OIL_GAS,WEAKENING,,"{""GLOBAL_OIL_GAS"": 1.0}","{""GLOBAL_OIL_GAS"": 1.0}",1.0,3,DETERIORATING,1.0,1.0,0.0,NO_TARGET_CHANGE,,"HISTORICAL UK RETAIL, ISA, ACCOUNT AND BROKER ELIGIBILITY REMAIN PARTLY UNRESOLVED"
REGIME_BINARY_WEEKLY,WEEKLY,2021-11-19,GLOBAL_OIL_GAS,WEAKENING,,"{""GLOBAL_OIL_GAS"": 1.0}","{""GLOBAL_OIL_GAS"": 1.0}",1.0,2,DETERIORATING,1.0,1.0,0.0,NO_TARGET_CHANGE,,"HISTORICAL UK RETAIL, ISA, ACCOUNT AND BROKER ELIGIBILITY REMAIN PARTLY UNRESOLVED"
REGIME_BINARY_WEEKLY,WEEKLY,2021-11-26,GLOBAL_OIL_GAS,WEAKENING,,"{""GLOBAL_OIL_GAS"": 1.0}","{""GLOBAL_OIL_GAS"": 1.0}",1.0,2,DETERIORATING,1.0,1.0,0.0,NO_TARGET_CHANGE,,"HISTORICAL UK RETAIL, ISA, ACCOUNT AND BROKER ELIGIBILITY REMAIN PARTLY UNRESOLVED"
REGIME_BINARY_WEEKLY,WEEKLY,2021-11-30,GLOBAL_SEMICONDUCTORS,EXTENDED,,"{""GLOBAL_SEMICONDUCTORS"": 1.0}","{""GLOBAL_SEMICONDUCTORS"": 1.0}",1.0,2,DETERIORATING,1.0,1.0,0.0,PLANNED,2021-12-01,"HISTORICAL UK RETAIL, ISA, ACCOUNT AND BROKER ELIGIBILITY REMAIN PARTLY UNRESOLVED"
REGIME_BINARY_WEEKLY,WEEKLY,2021-12-03,GLOBAL_SEMICONDUCTORS,EXTENDED,,"{""GLOBAL_SEMICONDUCTORS"": 1.0}","{""GLOBAL_SEMICONDUCTORS"": 1.0}",1.0,3,DETERIORATING,1.0,1.0,0.0,NO_TARGET_CHANGE,,"HISTORICAL UK RETAIL, ISA, ACCOUNT AND BROKER ELIGIBILITY REMAIN PARTLY UNRESOLVED"
REGIME_BINARY_WEEKLY,WEEKLY,2021-12-10,GLOBAL_SEMICONDUCTORS,ESTABLISHED,,"{""GLOBAL_SEMICONDUCTORS"": 1.0}","{""GLOBAL_SEMICONDUCTORS"": 1.0}",1.0,2,DETERIORATING,1.0,1.0,0.0,NO_TARGET_CHANGE,,"HISTORICAL UK RETAIL, ISA, ACCOUNT AND BROKER ELIGIBILITY REMAIN PARTLY UNRESOLVED"
REGIME_BINARY_WEEKLY,WEEKLY,2021-12-17,GLOBAL_SEMICONDUCTORS,ESTABLISHED,,"{""GLOBAL_SEMICONDUCTORS"": 1.0}","{""GLOBAL_SEMICONDUCTORS"": 1.0}",1.0,3,POSITIVE,1.0,1.0,0.0,NO_TARGET_CHANGE,,"HISTORICAL UK RETAIL, ISA, ACCOUNT AND BROKER ELIGIBILITY REMAIN PARTLY UNRESOLVED"
REGIME_BINARY_WEEKLY,WEEKLY,2021-12-24,GLOBAL_SEMICONDUCTORS,EXTENDED,,"{""GLOBAL_SEMICONDUCTORS"": 1.0}",{},1.0,0,HOSTILE,0.0,0.0,1.0,PLANNED,2021-12-29,"HISTORICAL UK RETAIL, ISA, ACCOUNT AND BROKER ELIGIBILITY REMAIN PARTLY UNRESOLVED"
REGIME_BINARY_WEEKLY,WEEKLY,2021-12-31,GLOBAL_SEMICONDUCTORS,EXTENDED,,"{""GLOBAL_SEMICONDUCTORS"": 1.0}","{""GLOBAL_SEMICONDUCTORS"": 1.0}",1.0,2,POSITIVE,1.0,1.0,0.0,PLANNED,2022-01-04,"HISTORICAL UK RETAIL, ISA, ACCOUNT AND BROKER ELIGIBILITY REMAIN PARTLY UNRESOLVED"
REGIME_BINARY_WEEKLY,WEEKLY,2022-01-07,GLOBAL_SEMICONDUCTORS,OTHER,,"{""GLOBAL_SEMICONDUCTORS"": 1.0}","{""GLOBAL_SEMICONDUCTORS"": 1.0}",1.0,2,POSITIVE,1.0,1.0,0.0,NO_TARGET_CHANGE,,"HISTORICAL UK RETAIL, ISA, ACCOUNT AND BROKER ELIGIBILITY REMAIN PARTLY UNRESOLVED"
REGIME_BINARY_WEEKLY,WEEKLY,2022-01-14,GLOBAL_SEMICONDUCTORS,WEAKENING,,"{""GLOBAL_SEMICONDUCTORS"": 1.0}","{""GLOBAL_SEMICONDUCTORS"": 1.0}",1.0,4,STRONG,1.0,1.0,0.0,NO_TARGET_CHANGE,,"HISTORICAL UK RETAIL, ISA, ACCOUNT AND BROKER ELIGIBILITY REMAIN PARTLY UNRESOLVED"
REGIME_BINARY_WEEKLY,WEEKLY,2022-01-21,GLOBAL_SEMICONDUCTORS,WEAKENING,,"{""GLOBAL_SEMICONDUCTORS"": 1.0}","{""GLOBAL_SEMICONDUCTORS"": 1.0}",1.0,3,MATURE,1.0,1.0,0.0,NO_TARGET_CHANGE,,"HISTORICAL UK RETAIL, ISA, ACCOUNT AND BROKER ELIGIBILITY REMAIN PARTLY UNRESOLVED"
REGIME_BINARY_WEEKLY,WEEKLY,2022-01-28,GLOBAL_SEMICONDUCTORS,FAILED,,"{""GLOBAL_SEMICONDUCTORS"": 1.0}",{},1.0,2,HOSTILE,0.0,0.0,1.0,PLANNED,2022-01-31,"HISTORICAL UK RETAIL, ISA, ACCOUNT AND BROKER ELIGIBILITY REMAIN PARTLY UNRESOLVED"
REGIME_BINARY_WEEKLY,WEEKLY,2022-01-31,GLOBAL_OIL_GAS,EXTENDED,,"{""GLOBAL_OIL_GAS"": 1.0}",{},1.0,2,HOSTILE,0.0,0.0,1.0,NO_TARGET_CHANGE,,"HISTORICAL UK RETAIL, ISA, ACCOUNT AND BROKER ELIGIBILITY REMAIN PARTLY UNRESOLVED"
REGIME_BINARY_WEEKLY,WEEKLY,2022-02-04,GLOBAL_OIL_GAS,EXTENDED,,"{""GLOBAL_OIL_GAS"": 1.0}","{""GLOBAL_OIL_GAS"": 1.0}",1.0,4,STRONG,1.0,1.0,0.0,PLANNED,2022-02-07,"HISTORICAL UK RETAIL, ISA, ACCOUNT AND BROKER ELIGIBILITY REMAIN PARTLY UNRESOLVED"
REGIME_BINARY_WEEKLY,WEEKLY,2022-02-11,GLOBAL_OIL_GAS,EXTENDED,,"{""GLOBAL_OIL_GAS"": 1.0}","{""GLOBAL_OIL_GAS"": 1.0}",1.0,2,DETERIORATING,1.0,1.0,0.0,NO_TARGET_CHANGE,,"HISTORICAL UK RETAIL, ISA, ACCOUNT AND BROKER ELIGIBILITY REMAIN PARTLY UNRESOLVED"
REGIME_BINARY_WEEKLY,WEEKLY,2022-02-18,GLOBAL_OIL_GAS,EXTENDED,,"{""GLOBAL_OIL_GAS"": 1.0}",{},1.0,2,HOSTILE,0.0,0.0,1.0,PLANNED,2022-02-21,"HISTORICAL UK RETAIL, ISA, ACCOUNT AND BROKER ELIGIBILITY REMAIN PARTLY UNRESOLVED"
REGIME_BINARY_WEEKLY,WEEKLY,2022-02-25,GLOBAL_OIL_GAS,EXTENDED,,"{""GLOBAL_OIL_GAS"": 1.0}",{},1.0,2,HOSTILE,0.0,0.0,1.0,NO_TARGET_CHANGE,,"HISTORICAL UK RETAIL, ISA, ACCOUNT AND BROKER ELIGIBILITY REMAIN PARTLY UNRESOLVED"
REGIME_BINARY_WEEKLY,WEEKLY,2022-02-28,GLOBAL_OIL_GAS,EXTENDED,,"{""GLOBAL_OIL_GAS"": 1.0}",{},1.0,2,HOSTILE,0.0,0.0,1.0,NO_TARGET_CHANGE,,"HISTORICAL UK RETAIL, ISA, ACCOUNT AND BROKER ELIGIBILITY REMAIN PARTLY UNRESOLVED"
REGIME_BINARY_WEEKLY,WEEKLY,2022-03-04,GLOBAL_OIL_GAS,EXTENDED,,"{""GLOBAL_OIL_GAS"": 1.0}",{},1.0,1,HOSTILE,0.0,0.0,1.0,NO_TARGET_CHANGE,,"HISTORICAL UK RETAIL, ISA, ACCOUNT AND BROKER ELIGIBILITY REMAIN PARTLY UNRESOLVED"
REGIME_BINARY_WEEKLY,WEEKLY,2022-03-11,GLOBAL_OIL_GAS,EXTENDED,,"{""GLOBAL_OIL_GAS"": 1.0}",{},1.0,2,HOSTILE,0.0,0.0,1.0,NO_TARGET_CHANGE,,"HISTORICAL UK RETAIL, ISA, ACCOUNT AND BROKER ELIGIBILITY REMAIN PARTLY UNRESOLVED"
REGIME_BINARY_WEEKLY,WEEKLY,2022-03-18,GLOBAL_OIL_GAS,EXTENDED,,"{""GLOBAL_OIL_GAS"": 1.0}","{""GLOBAL_OIL_GAS"": 1.0}",1.0,3,MATURE,1.0,1.0,0.0,PLANNED,2022-03-21,"HISTORICAL UK RETAIL, ISA, ACCOUNT AND BROKER ELIGIBILITY REMAIN PARTLY UNRESOLVED"
REGIME_BINARY_WEEKLY,WEEKLY,2022-03-25,GLOBAL_OIL_GAS,EXTENDED,,"{""GLOBAL_OIL_GAS"": 1.0}","{""GLOBAL_OIL_GAS"": 1.0}",1.0,3,MATURE,1.0,1.0,0.0,NO_TARGET_CHANGE,,"HISTORICAL UK RETAIL, ISA, ACCOUNT AND BROKER ELIGIBILITY REMAIN PARTLY UNRESOLVED"
REGIME_BINARY_WEEKLY,WEEKLY,2022-03-31,GLOBAL_OIL_GAS,EXTENDED,,"{""GLOBAL_OIL_GAS"": 1.0}","{""GLOBAL_OIL_GAS"": 1.0}",1.0,3,MATURE,1.0,1.0,0.0,NO_TARGET_CHANGE,,"HISTORICAL UK RETAIL, ISA, ACCOUNT AND BROKER ELIGIBILITY REMAIN PARTLY UNRESOLVED"
REGIME_BINARY_WEEKLY,WEEKLY,2022-04-01,GLOBAL_OIL_GAS,EXTENDED,,"{""GLOBAL_OIL_GAS"": 1.0}","{""GLOBAL_OIL_GAS"": 1.0}",1.0,2,DETERIORATING,1.0,1.0,0.0,NO_TARGET_CHANGE,,"HISTORICAL UK RETAIL, ISA, ACCOUNT AND BROKER ELIGIBILITY REMAIN PARTLY UNRESOLVED"
REGIME_BINARY_WEEKLY,WEEKLY,2022-04-08,GLOBAL_OIL_GAS,EXTENDED,,"{""GLOBAL_OIL_GAS"": 1.0}","{""GLOBAL_OIL_GAS"": 1.0}",1.0,3,POSITIVE,1.0,1.0,0.0,NO_TARGET_CHANGE,,"HISTORICAL UK RETAIL, ISA, ACCOUNT AND BROKER ELIGIBILITY REMAIN PARTLY UNRESOLVED"
REGIME_BINARY_WEEKLY,WEEKLY,2022-04-14,GLOBAL_OIL_GAS,EXTENDED,,"{""GLOBAL_OIL_GAS"": 1.0}","{""GLOBAL_OIL_GAS"": 1.0}",1.0,3,POSITIVE,1.0,1.0,0.0,NO_TARGET_CHANGE,,"HISTORICAL UK RETAIL, ISA, ACCOUNT AND BROKER ELIGIBILITY REMAIN PARTLY UNRESOLVED"
REGIME_BINARY_WEEKLY,WEEKLY,2022-04-22,GLOBAL_OIL_GAS,EXTENDED,,"{""GLOBAL_OIL_GAS"": 1.0}",{},1.0,1,HOSTILE,0.0,0.0,1.0,PLANNED,2022-04-25,"HISTORICAL UK RETAIL, ISA, ACCOUNT AND BROKER ELIGIBILITY REMAIN PARTLY UNRESOLVED"
REGIME_BINARY_WEEKLY,WEEKLY,2022-04-29,GLOBAL_OIL_GAS,EXTENDED,,"{""GLOBAL_OIL_GAS"": 1.0}",{},1.0,2,HOSTILE,0.0,0.0,1.0,NO_TARGET_CHANGE,,"HISTORICAL UK RETAIL, ISA, ACCOUNT AND BROKER ELIGIBILITY REMAIN PARTLY UNRESOLVED"
REGIME_BINARY_WEEKLY,WEEKLY,2022-05-06,GLOBAL_OIL_GAS,EXTENDED,,"{""GLOBAL_OIL_GAS"": 1.0}",{},1.0,2,HOSTILE,0.0,0.0,1.0,NO_TARGET_CHANGE,,"HISTORICAL UK RETAIL, ISA, ACCOUNT AND BROKER ELIGIBILITY REMAIN PARTLY UNRESOLVED"
REGIME_BINARY_WEEKLY,WEEKLY,2022-05-13,GLOBAL_OIL_GAS,EXTENDED,,"{""GLOBAL_OIL_GAS"": 1.0}",{},1.0,2,HOSTILE,0.0,0.0,1.0,NO_TARGET_CHANGE,,"HISTORICAL UK RETAIL, ISA, ACCOUNT AND BROKER ELIGIBILITY REMAIN PARTLY UNRESOLVED"
REGIME_BINARY_WEEKLY,WEEKLY,2022-05-20,GLOBAL_OIL_GAS,EXTENDED,,"{""GLOBAL_OIL_GAS"": 1.0}",{},1.0,2,HOSTILE,0.0,0.0,1.0,NO_TARGET_CHANGE,,"HISTORICAL UK RETAIL, ISA, ACCOUNT AND BROKER ELIGIBILITY REMAIN PARTLY UNRESOLVED"
REGIME_BINARY_WEEKLY,WEEKLY,2022-05-27,GLOBAL_OIL_GAS,EXTENDED,,"{""GLOBAL_OIL_GAS"": 1.0}",{},1.0,1,HOSTILE,0.0,0.0,1.0,NO_TARGET_CHANGE,,"HISTORICAL UK RETAIL, ISA, ACCOUNT AND BROKER ELIGIBILITY REMAIN PARTLY UNRESOLVED"
REGIME_BINARY_WEEKLY,WEEKLY,2022-05-31,GLOBAL_OIL_GAS,EXTENDED,,"{""GLOBAL_OIL_GAS"": 1.0}",{},1.0,1,HOSTILE,0.0,0.0,1.0,NO_TARGET_CHANGE,,"HISTORICAL UK RETAIL, ISA, ACCOUNT AND BROKER ELIGIBILITY REMAIN PARTLY UNRESOLVED"
REGIME_BINARY_WEEKLY,WEEKLY,2022-06-01,GLOBAL_OIL_GAS,EXTENDED,,"{""GLOBAL_OIL_GAS"": 1.0}",{},1.0,1,HOSTILE,0.0,0.0,1.0,NO_TARGET_CHANGE,,"HISTORICAL UK RETAIL, ISA, ACCOUNT AND BROKER ELIGIBILITY REMAIN PARTLY UNRESOLVED"
REGIME_BINARY_WEEKLY,WEEKLY,2022-06-10,GLOBAL_OIL_GAS,EXTENDED,,"{""GLOBAL_OIL_GAS"": 1.0}",{},1.0,1,HOSTILE,0.0,0.0,1.0,NO_TARGET_CHANGE,,"HISTORICAL UK RETAIL, ISA, ACCOUNT AND BROKER ELIGIBILITY REMAIN PARTLY UNRESOLVED"
REGIME_BINARY_WEEKLY,WEEKLY,2022-06-17,GLOBAL_OIL_GAS,WEAKENING,,"{""GLOBAL_OIL_GAS"": 1.0}",{},1.0,2,HOSTILE,0.0,0.0,1.0,NO_TARGET_CHANGE,,"HISTORICAL UK RETAIL, ISA, ACCOUNT AND BROKER ELIGIBILITY REMAIN PARTLY UNRESOLVED"
REGIME_BINARY_WEEKLY,WEEKLY,2022-06-24,GLOBAL_OIL_GAS,WEAKENING,,"{""GLOBAL_OIL_GAS"": 1.0}",{},1.0,0,HOSTILE,0.0,0.0,1.0,NO_TARGET_CHANGE,,"HISTORICAL UK RETAIL, ISA, ACCOUNT AND BROKER ELIGIBILITY REMAIN PARTLY UNRESOLVED"
REGIME_BINARY_WEEKLY,WEEKLY,2022-06-30,GLOBAL_OIL_GAS,WEAKENING,,"{""GLOBAL_OIL_GAS"": 1.0}",{},1.0,0,HOSTILE,0.0,0.0,1.0,NO_TARGET_CHANGE,,"HISTORICAL UK RETAIL, ISA, ACCOUNT AND BROKER ELIGIBILITY REMAIN PARTLY UNRESOLVED"
REGIME_BINARY_WEEKLY,WEEKLY,2022-07-01,GLOBAL_OIL_GAS,WEAKENING,,"{""GLOBAL_OIL_GAS"": 1.0}",{},1.0,2,HOSTILE,0.0,0.0,1.0,NO_TARGET_CHANGE,,"HISTORICAL UK RETAIL, ISA, ACCOUNT AND BROKER ELIGIBILITY REMAIN PARTLY UNRESOLVED"
REGIME_BINARY_WEEKLY,WEEKLY,2022-07-08,GLOBAL_OIL_GAS,WEAKENING,,"{""GLOBAL_OIL_GAS"": 1.0}",{},1.0,2,HOSTILE,0.0,0.0,1.0,NO_TARGET_CHANGE,,"HISTORICAL UK RETAIL, ISA, ACCOUNT AND BROKER ELIGIBILITY REMAIN PARTLY UNRESOLVED"
REGIME_BINARY_WEEKLY,WEEKLY,2022-07-15,GLOBAL_OIL_GAS,FAILED,,"{""GLOBAL_OIL_GAS"": 1.0}",{},1.0,2,HOSTILE,0.0,0.0,1.0,NO_TARGET_CHANGE,,"HISTORICAL UK RETAIL, ISA, ACCOUNT AND BROKER ELIGIBILITY REMAIN PARTLY UNRESOLVED"
REGIME_BINARY_WEEKLY,WEEKLY,2022-07-22,GLOBAL_OIL_GAS,FAILED,,"{""GLOBAL_OIL_GAS"": 1.0}",{},1.0,3,HOSTILE,0.0,0.0,1.0,NO_TARGET_CHANGE,,"HISTORICAL UK RETAIL, ISA, ACCOUNT AND BROKER ELIGIBILITY REMAIN PARTLY UNRESOLVED"
REGIME_BINARY_WEEKLY,WEEKLY,2022-07-29,GLOBAL_OIL_GAS,WEAKENING,,"{""GLOBAL_OIL_GAS"": 1.0}","{""GLOBAL_OIL_GAS"": 1.0}",1.0,3,POSITIVE,1.0,1.0,0.0,PLANNED,2022-08-01,"HISTORICAL UK RETAIL, ISA, ACCOUNT AND BROKER ELIGIBILITY REMAIN PARTLY UNRESOLVED"
REGIME_BINARY_WEEKLY,WEEKLY,2022-08-05,GLOBAL_OIL_GAS,FAILED,,"{""GLOBAL_OIL_GAS"": 1.0}","{""GLOBAL_OIL_GAS"": 1.0}",1.0,4,STRONG,1.0,1.0,0.0,NO_TARGET_CHANGE,,"HISTORICAL UK RETAIL, ISA, ACCOUNT AND BROKER ELIGIBILITY REMAIN PARTLY UNRESOLVED"
REGIME_BINARY_WEEKLY,WEEKLY,2022-08-12,GLOBAL_OIL_GAS,FAILED,,"{""GLOBAL_OIL_GAS"": 1.0}","{""GLOBAL_OIL_GAS"": 1.0}",1.0,4,STRONG,1.0,1.0,0.0,NO_TARGET_CHANGE,,"HISTORICAL UK RETAIL, ISA, ACCOUNT AND BROKER ELIGIBILITY REMAIN PARTLY UNRESOLVED"
REGIME_BINARY_WEEKLY,WEEKLY,2022-08-19,GLOBAL_OIL_GAS,FAILED,,"{""GLOBAL_OIL_GAS"": 1.0}","{""GLOBAL_OIL_GAS"": 1.0}",1.0,3,MATURE,1.0,1.0,0.0,NO_TARGET_CHANGE,,"HISTORICAL UK RETAIL, ISA, ACCOUNT AND BROKER ELIGIBILITY REMAIN PARTLY UNRESOLVED"
REGIME_BINARY_WEEKLY,WEEKLY,2022-08-26,GLOBAL_OIL_GAS,OTHER,,"{""GLOBAL_OIL_GAS"": 1.0}","{""GLOBAL_OIL_GAS"": 1.0}",1.0,4,STRONG,1.0,1.0,0.0,NO_TARGET_CHANGE,,"HISTORICAL UK RETAIL, ISA, ACCOUNT AND BROKER ELIGIBILITY REMAIN PARTLY UNRESOLVED"
REGIME_BINARY_WEEKLY,WEEKLY,2022-08-31,GLOBAL_INFRASTRUCTURE,WEAKENING,,"{""GLOBAL_INFRASTRUCTURE"": 1.0}","{""GLOBAL_INFRASTRUCTURE"": 1.0}",1.0,4,STRONG,1.0,1.0,0.0,PLANNED,2022-09-01,"HISTORICAL UK RETAIL, ISA, ACCOUNT AND BROKER ELIGIBILITY REMAIN PARTLY UNRESOLVED"
REGIME_BINARY_WEEKLY,WEEKLY,2022-09-02,GLOBAL_INFRASTRUCTURE,ESTABLISHED,,"{""GLOBAL_INFRASTRUCTURE"": 1.0}","{""GLOBAL_INFRASTRUCTURE"": 1.0}",1.0,3,MATURE,1.0,1.0,0.0,NO_TARGET_CHANGE,,"HISTORICAL UK RETAIL, ISA, ACCOUNT AND BROKER ELIGIBILITY REMAIN PARTLY UNRESOLVED"
REGIME_BINARY_WEEKLY,WEEKLY,2022-09-09,GLOBAL_INFRASTRUCTURE,OTHER,,"{""GLOBAL_INFRASTRUCTURE"": 1.0}","{""GLOBAL_INFRASTRUCTURE"": 1.0}",1.0,3,MATURE,1.0,1.0,0.0,NO_TARGET_CHANGE,,"HISTORICAL UK RETAIL, ISA, ACCOUNT AND BROKER ELIGIBILITY REMAIN PARTLY UNRESOLVED"
REGIME_BINARY_WEEKLY,WEEKLY,2022-09-16,GLOBAL_INFRASTRUCTURE,OTHER,,"{""GLOBAL_INFRASTRUCTURE"": 1.0}","{""GLOBAL_INFRASTRUCTURE"": 1.0}",1.0,4,STRONG,1.0,1.0,0.0,NO_TARGET_CHANGE,,"HISTORICAL UK RETAIL, ISA, ACCOUNT AND BROKER ELIGIBILITY REMAIN PARTLY UNRESOLVED"
REGIME_BINARY_WEEKLY,WEEKLY,2022-09-23,GLOBAL_INFRASTRUCTURE,OTHER,,"{""GLOBAL_INFRASTRUCTURE"": 1.0}","{""GLOBAL_INFRASTRUCTURE"": 1.0}",1.0,3,MATURE,1.0,1.0,0.0,NO_TARGET_CHANGE,,"HISTORICAL UK RETAIL, ISA, ACCOUNT AND BROKER ELIGIBILITY REMAIN PARTLY UNRESOLVED"
REGIME_BINARY_WEEKLY,WEEKLY,2022-09-30,GLOBAL_OIL_GAS,ESTABLISHED,,"{""GLOBAL_OIL_GAS"": 1.0}",{},1.0,2,HOSTILE,0.0,0.0,1.0,PLANNED,2022-10-03,"HISTORICAL UK RETAIL, ISA, ACCOUNT AND BROKER ELIGIBILITY REMAIN PARTLY UNRESOLVED"
REGIME_BINARY_WEEKLY,WEEKLY,2022-10-07,GLOBAL_OIL_GAS,EXTENDED,,"{""GLOBAL_OIL_GAS"": 1.0}",{},1.0,3,HOSTILE,0.0,0.0,1.0,NO_TARGET_CHANGE,,"HISTORICAL UK RETAIL, ISA, ACCOUNT AND BROKER ELIGIBILITY REMAIN PARTLY UNRESOLVED"
REGIME_BINARY_WEEKLY,WEEKLY,2022-10-14,GLOBAL_OIL_GAS,EXTENDED,,"{""GLOBAL_OIL_GAS"": 1.0}",{},1.0,3,HOSTILE,0.0,0.0,1.0,NO_TARGET_CHANGE,,"HISTORICAL UK RETAIL, ISA, ACCOUNT AND BROKER ELIGIBILITY REMAIN PARTLY UNRESOLVED"
REGIME_BINARY_WEEKLY,WEEKLY,2022-10-21,GLOBAL_OIL_GAS,EXTENDED,,"{""GLOBAL_OIL_GAS"": 1.0}",{},1.0,2,HOSTILE,0.0,0.0,1.0,NO_TARGET_CHANGE,,"HISTORICAL UK RETAIL, ISA, ACCOUNT AND BROKER ELIGIBILITY REMAIN PARTLY UNRESOLVED"
REGIME_BINARY_WEEKLY,WEEKLY,2022-10-28,GLOBAL_OIL_GAS,ESTABLISHED,,"{""GLOBAL_OIL_GAS"": 1.0}",{},1.0,3,HOSTILE,0.0,0.0,1.0,NO_TARGET_CHANGE,,"HISTORICAL UK RETAIL, ISA, ACCOUNT AND BROKER ELIGIBILITY REMAIN PARTLY UNRESOLVED"
REGIME_BINARY_WEEKLY,WEEKLY,2022-10-31,GLOBAL_OIL_GAS,EXTENDED,,"{""GLOBAL_OIL_GAS"": 1.0}",{},1.0,3,HOSTILE,0.0,0.0,1.0,NO_TARGET_CHANGE,,"HISTORICAL UK RETAIL, ISA, ACCOUNT AND BROKER ELIGIBILITY REMAIN PARTLY UNRESOLVED"
REGIME_BINARY_WEEKLY,WEEKLY,2022-11-04,GLOBAL_OIL_GAS,EXTENDED,,"{""GLOBAL_OIL_GAS"": 1.0}","{""GLOBAL_OIL_GAS"": 1.0}",1.0,4,STRONG,1.0,1.0,0.0,PLANNED,2022-11-07,"HISTORICAL UK RETAIL, ISA, ACCOUNT AND BROKER ELIGIBILITY REMAIN PARTLY UNRESOLVED"
REGIME_BINARY_WEEKLY,WEEKLY,2022-11-11,GLOBAL_OIL_GAS,WEAKENING,,"{""GLOBAL_OIL_GAS"": 1.0}","{""GLOBAL_OIL_GAS"": 1.0}",1.0,3,MATURE,1.0,1.0,0.0,NO_TARGET_CHANGE,,"HISTORICAL UK RETAIL, ISA, ACCOUNT AND BROKER ELIGIBILITY REMAIN PARTLY UNRESOLVED"
REGIME_BINARY_WEEKLY,WEEKLY,2022-11-18,GLOBAL_OIL_GAS,WEAKENING,,"{""GLOBAL_OIL_GAS"": 1.0}","{""GLOBAL_OIL_GAS"": 1.0}",1.0,2,DETERIORATING,1.0,1.0,0.0,NO_TARGET_CHANGE,,"HISTORICAL UK RETAIL, ISA, ACCOUNT AND BROKER ELIGIBILITY REMAIN PARTLY UNRESOLVED"
REGIME_BINARY_WEEKLY,WEEKLY,2022-11-25,GLOBAL_OIL_GAS,WEAKENING,,"{""GLOBAL_OIL_GAS"": 1.0}","{""GLOBAL_OIL_GAS"": 1.0}",1.0,4,STRONG,1.0,1.0,0.0,NO_TARGET_CHANGE,,"HISTORICAL UK RETAIL, ISA, ACCOUNT AND BROKER ELIGIBILITY REMAIN PARTLY UNRESOLVED"
REGIME_BINARY_WEEKLY,WEEKLY,2022-11-30,EUROPE_BANKS,EXTENDED,,"{""EUROPE_BANKS"": 1.0}","{""EUROPE_BANKS"": 1.0}",1.0,4,STRONG,1.0,1.0,0.0,PLANNED,2022-12-01,"HISTORICAL UK RETAIL, ISA, ACCOUNT AND BROKER ELIGIBILITY REMAIN PARTLY UNRESOLVED"
REGIME_BINARY_WEEKLY,WEEKLY,2022-12-02,EUROPE_BANKS,EXTENDED,,"{""EUROPE_BANKS"": 1.0}","{""EUROPE_BANKS"": 1.0}",1.0,4,STRONG,1.0,1.0,0.0,NO_TARGET_CHANGE,,"HISTORICAL UK RETAIL, ISA, ACCOUNT AND BROKER ELIGIBILITY REMAIN PARTLY UNRESOLVED"
REGIME_BINARY_WEEKLY,WEEKLY,2022-12-09,EUROPE_BANKS,EXTENDED,,"{""EUROPE_BANKS"": 1.0}",{},1.0,3,HOSTILE,0.0,0.0,1.0,PLANNED,2022-12-12,"HISTORICAL UK RETAIL, ISA, ACCOUNT AND BROKER ELIGIBILITY REMAIN PARTLY UNRESOLVED"
REGIME_BINARY_WEEKLY,WEEKLY,2022-12-16,EUROPE_BANKS,ESTABLISHED,,"{""EUROPE_BANKS"": 1.0}",{},1.0,3,HOSTILE,0.0,0.0,1.0,NO_TARGET_CHANGE,,"HISTORICAL UK RETAIL, ISA, ACCOUNT AND BROKER ELIGIBILITY REMAIN PARTLY UNRESOLVED"
REGIME_BINARY_WEEKLY,WEEKLY,2022-12-23,EUROPE_BANKS,EXTENDED,,"{""EUROPE_BANKS"": 1.0}","{""EUROPE_BANKS"": 1.0}",1.0,3,MATURE,1.0,1.0,0.0,PLANNED,2022-12-28,"HISTORICAL UK RETAIL, ISA, ACCOUNT AND BROKER ELIGIBILITY REMAIN PARTLY UNRESOLVED"
REGIME_BINARY_WEEKLY,WEEKLY,2022-12-30,EUROPE_BANKS,EXTENDED,,"{""EUROPE_BANKS"": 1.0}","{""EUROPE_BANKS"": 1.0}",1.0,3,MATURE,1.0,1.0,0.0,NO_TARGET_CHANGE,,"HISTORICAL UK RETAIL, ISA, ACCOUNT AND BROKER ELIGIBILITY REMAIN PARTLY UNRESOLVED"
REGIME_BINARY_WEEKLY,WEEKLY,2023-01-06,EUROPE_BANKS,EXTENDED,,"{""EUROPE_BANKS"": 1.0}","{""EUROPE_BANKS"": 1.0}",1.0,3,MATURE,1.0,1.0,0.0,NO_TARGET_CHANGE,,"HISTORICAL UK RETAIL, ISA, ACCOUNT AND BROKER ELIGIBILITY REMAIN PARTLY UNRESOLVED"
REGIME_BINARY_WEEKLY,WEEKLY,2023-01-13,EUROPE_BANKS,OTHER,,"{""EUROPE_BANKS"": 1.0}","{""EUROPE_BANKS"": 1.0}",1.0,5,STRONG,1.0,1.0,0.0,NO_TARGET_CHANGE,,"HISTORICAL UK RETAIL, ISA, ACCOUNT AND BROKER ELIGIBILITY REMAIN PARTLY UNRESOLVED"
REGIME_BINARY_WEEKLY,WEEKLY,2023-01-20,EUROPE_BANKS,EXTENDED,,"{""EUROPE_BANKS"": 1.0}","{""EUROPE_BANKS"": 1.0}",1.0,3,DETERIORATING,1.0,1.0,0.0,NO_TARGET_CHANGE,,"HISTORICAL UK RETAIL, ISA, ACCOUNT AND BROKER ELIGIBILITY REMAIN PARTLY UNRESOLVED"
REGIME_BINARY_WEEKLY,WEEKLY,2023-01-27,EUROPE_BANKS,EXTENDED,,"{""EUROPE_BANKS"": 1.0}","{""EUROPE_BANKS"": 1.0}",1.0,5,STRONG,1.0,1.0,0.0,NO_TARGET_CHANGE,,"HISTORICAL UK RETAIL, ISA, ACCOUNT AND BROKER ELIGIBILITY REMAIN PARTLY UNRESOLVED"
REGIME_BINARY_WEEKLY,WEEKLY,2023-01-31,EUROPE_BANKS,EXTENDED,,"{""EUROPE_BANKS"": 1.0}","{""EUROPE_BANKS"": 1.0}",1.0,5,STRONG,1.0,1.0,0.0,NO_TARGET_CHANGE,,"HISTORICAL UK RETAIL, ISA, ACCOUNT AND BROKER ELIGIBILITY REMAIN PARTLY UNRESOLVED"
REGIME_BINARY_WEEKLY,WEEKLY,2023-02-03,EUROPE_BANKS,EXTENDED,,"{""EUROPE_BANKS"": 1.0}","{""EUROPE_BANKS"": 1.0}",1.0,4,MATURE,1.0,1.0,0.0,NO_TARGET_CHANGE,,"HISTORICAL UK RETAIL, ISA, ACCOUNT AND BROKER ELIGIBILITY REMAIN PARTLY UNRESOLVED"
REGIME_BINARY_WEEKLY,WEEKLY,2023-02-10,EUROPE_BANKS,EXTENDED,,"{""EUROPE_BANKS"": 1.0}","{""EUROPE_BANKS"": 1.0}",1.0,4,MATURE,1.0,1.0,0.0,NO_TARGET_CHANGE,,"HISTORICAL UK RETAIL, ISA, ACCOUNT AND BROKER ELIGIBILITY REMAIN PARTLY UNRESOLVED"
REGIME_BINARY_WEEKLY,WEEKLY,2023-02-17,EUROPE_BANKS,EXTENDED,,"{""EUROPE_BANKS"": 1.0}","{""EUROPE_BANKS"": 1.0}",1.0,3,DETERIORATING,1.0,1.0,0.0,NO_TARGET_CHANGE,,"HISTORICAL UK RETAIL, ISA, ACCOUNT AND BROKER ELIGIBILITY REMAIN PARTLY UNRESOLVED"
REGIME_BINARY_WEEKLY,WEEKLY,2023-02-24,EUROPE_BANKS,EXTENDED,,"{""EUROPE_BANKS"": 1.0}","{""EUROPE_BANKS"": 1.0}",1.0,3,DETERIORATING,1.0,1.0,0.0,NO_TARGET_CHANGE,,"HISTORICAL UK RETAIL, ISA, ACCOUNT AND BROKER ELIGIBILITY REMAIN PARTLY UNRESOLVED"
REGIME_BINARY_WEEKLY,WEEKLY,2023-02-28,EUROPE_BANKS,EXTENDED,,"{""EUROPE_BANKS"": 1.0}","{""EUROPE_BANKS"": 1.0}",1.0,3,DETERIORATING,1.0,1.0,0.0,NO_TARGET_CHANGE,,"HISTORICAL UK RETAIL, ISA, ACCOUNT AND BROKER ELIGIBILITY REMAIN PARTLY UNRESOLVED"
REGIME_BINARY_WEEKLY,WEEKLY,2023-03-03,EUROPE_BANKS,EXTENDED,,"{""EUROPE_BANKS"": 1.0}","{""EUROPE_BANKS"": 1.0}",1.0,3,DETERIORATING,1.0,1.0,0.0,NO_TARGET_CHANGE,,"HISTORICAL UK RETAIL, ISA, ACCOUNT AND BROKER ELIGIBILITY REMAIN PARTLY UNRESOLVED"
REGIME_BINARY_WEEKLY,WEEKLY,2023-03-10,EUROPE_BANKS,EXTENDED,,"{""EUROPE_BANKS"": 1.0}","{""EUROPE_BANKS"": 1.0}",1.0,4,MATURE,1.0,1.0,0.0,NO_TARGET_CHANGE,,"HISTORICAL UK RETAIL, ISA, ACCOUNT AND BROKER ELIGIBILITY REMAIN PARTLY UNRESOLVED"
REGIME_BINARY_WEEKLY,WEEKLY,2023-03-17,EUROPE_BANKS,WEAKENING,,"{""EUROPE_BANKS"": 1.0}",{},1.0,0,HOSTILE,0.0,0.0,1.0,PLANNED,2023-03-20,"HISTORICAL UK RETAIL, ISA, ACCOUNT AND BROKER ELIGIBILITY REMAIN PARTLY UNRESOLVED"
REGIME_BINARY_WEEKLY,WEEKLY,2023-03-24,EUROPE_BANKS,FAILED,,"{""EUROPE_BANKS"": 1.0}",{},1.0,2,HOSTILE,0.0,0.0,1.0,NO_TARGET_CHANGE,,"HISTORICAL UK RETAIL, ISA, ACCOUNT AND BROKER ELIGIBILITY REMAIN PARTLY UNRESOLVED"
REGIME_BINARY_WEEKLY,WEEKLY,2023-03-31,GLOBAL_SEMICONDUCTORS,EXTENDED,,"{""GLOBAL_SEMICONDUCTORS"": 1.0}","{""GLOBAL_SEMICONDUCTORS"": 1.0}",1.0,3,MATURE,1.0,1.0,0.0,PLANNED,2023-04-03,"HISTORICAL UK RETAIL, ISA, ACCOUNT AND BROKER ELIGIBILITY REMAIN PARTLY UNRESOLVED"
REGIME_BINARY_WEEKLY,WEEKLY,2023-04-06,GLOBAL_SEMICONDUCTORS,EXTENDED,,"{""GLOBAL_SEMICONDUCTORS"": 1.0}","{""GLOBAL_SEMICONDUCTORS"": 1.0}",1.0,1,DETERIORATING,1.0,1.0,0.0,NO_TARGET_CHANGE,,"HISTORICAL UK RETAIL, ISA, ACCOUNT AND BROKER ELIGIBILITY REMAIN PARTLY UNRESOLVED"
REGIME_BINARY_WEEKLY,WEEKLY,2023-04-14,GLOBAL_SEMICONDUCTORS,ESTABLISHED,,"{""GLOBAL_SEMICONDUCTORS"": 1.0}","{""GLOBAL_SEMICONDUCTORS"": 1.0}",1.0,2,DETERIORATING,1.0,1.0,0.0,NO_TARGET_CHANGE,,"HISTORICAL UK RETAIL, ISA, ACCOUNT AND BROKER ELIGIBILITY REMAIN PARTLY UNRESOLVED"
REGIME_BINARY_WEEKLY,WEEKLY,2023-04-21,GLOBAL_SEMICONDUCTORS,WEAKENING,,"{""GLOBAL_SEMICONDUCTORS"": 1.0}","{""GLOBAL_SEMICONDUCTORS"": 1.0}",1.0,3,MATURE,1.0,1.0,0.0,NO_TARGET_CHANGE,,"HISTORICAL UK RETAIL, ISA, ACCOUNT AND BROKER ELIGIBILITY REMAIN PARTLY UNRESOLVED"
REGIME_BINARY_WEEKLY,WEEKLY,2023-04-28,GLOBAL_SEMICONDUCTORS,WEAKENING,,"{""GLOBAL_SEMICONDUCTORS"": 1.0}","{""GLOBAL_SEMICONDUCTORS"": 1.0}",1.0,2,DETERIORATING,1.0,1.0,0.0,NO_TARGET_CHANGE,,"HISTORICAL UK RETAIL, ISA, ACCOUNT AND BROKER ELIGIBILITY REMAIN PARTLY UNRESOLVED"
REGIME_BINARY_WEEKLY,WEEKLY,2023-05-05,GLOBAL_SEMICONDUCTORS,FAILED,,"{""GLOBAL_SEMICONDUCTORS"": 1.0}","{""GLOBAL_SEMICONDUCTORS"": 1.0}",1.0,3,MATURE,1.0,1.0,0.0,NO_TARGET_CHANGE,,"HISTORICAL UK RETAIL, ISA, ACCOUNT AND BROKER ELIGIBILITY REMAIN PARTLY UNRESOLVED"
REGIME_BINARY_WEEKLY,WEEKLY,2023-05-12,GLOBAL_SEMICONDUCTORS,FAILED,,"{""GLOBAL_SEMICONDUCTORS"": 1.0}","{""GLOBAL_SEMICONDUCTORS"": 1.0}",1.0,2,POSITIVE,1.0,1.0,0.0,NO_TARGET_CHANGE,,"HISTORICAL UK RETAIL, ISA, ACCOUNT AND BROKER ELIGIBILITY REMAIN PARTLY UNRESOLVED"
REGIME_BINARY_WEEKLY,WEEKLY,2023-05-19,GLOBAL_SEMICONDUCTORS,WEAKENING,,"{""GLOBAL_SEMICONDUCTORS"": 1.0}","{""GLOBAL_SEMICONDUCTORS"": 1.0}",1.0,2,POSITIVE,1.0,1.0,0.0,NO_TARGET_CHANGE,,"HISTORICAL UK RETAIL, ISA, ACCOUNT AND BROKER ELIGIBILITY REMAIN PARTLY UNRESOLVED"
REGIME_BINARY_WEEKLY,WEEKLY,2023-05-26,GLOBAL_SEMICONDUCTORS,WEAKENING,,"{""GLOBAL_SEMICONDUCTORS"": 1.0}","{""GLOBAL_SEMICONDUCTORS"": 1.0}",1.0,1,POSITIVE,1.0,1.0,0.0,NO_TARGET_CHANGE,,"HISTORICAL UK RETAIL, ISA, ACCOUNT AND BROKER ELIGIBILITY REMAIN PARTLY UNRESOLVED"
REGIME_BINARY_WEEKLY,WEEKLY,2023-05-31,GLOBAL_SEMICONDUCTORS,EXTENDED,,"{""GLOBAL_SEMICONDUCTORS"": 1.0}","{""GLOBAL_SEMICONDUCTORS"": 1.0}",1.0,1,POSITIVE,1.0,1.0,0.0,NO_TARGET_CHANGE,,"HISTORICAL UK RETAIL, ISA, ACCOUNT AND BROKER ELIGIBILITY REMAIN PARTLY UNRESOLVED"
REGIME_BINARY_WEEKLY,WEEKLY,2023-06-02,GLOBAL_SEMICONDUCTORS,EXTENDED,,"{""GLOBAL_SEMICONDUCTORS"": 1.0}","{""GLOBAL_SEMICONDUCTORS"": 1.0}",1.0,2,POSITIVE,1.0,1.0,0.0,NO_TARGET_CHANGE,,"HISTORICAL UK RETAIL, ISA, ACCOUNT AND BROKER ELIGIBILITY REMAIN PARTLY UNRESOLVED"
REGIME_BINARY_WEEKLY,WEEKLY,2023-06-09,GLOBAL_SEMICONDUCTORS,EXTENDED,,"{""GLOBAL_SEMICONDUCTORS"": 1.0}","{""GLOBAL_SEMICONDUCTORS"": 1.0}",1.0,1,POSITIVE,1.0,1.0,0.0,NO_TARGET_CHANGE,,"HISTORICAL UK RETAIL, ISA, ACCOUNT AND BROKER ELIGIBILITY REMAIN PARTLY UNRESOLVED"
REGIME_BINARY_WEEKLY,WEEKLY,2023-06-16,GLOBAL_SEMICONDUCTORS,EXTENDED,,"{""GLOBAL_SEMICONDUCTORS"": 1.0}","{""GLOBAL_SEMICONDUCTORS"": 1.0}",1.0,3,POSITIVE,1.0,1.0,0.0,NO_TARGET_CHANGE,,"HISTORICAL UK RETAIL, ISA, ACCOUNT AND BROKER ELIGIBILITY REMAIN PARTLY UNRESOLVED"
REGIME_BINARY_WEEKLY,WEEKLY,2023-06-23,GLOBAL_SEMICONDUCTORS,ESTABLISHED,,"{""GLOBAL_SEMICONDUCTORS"": 1.0}","{""GLOBAL_SEMICONDUCTORS"": 1.0}",1.0,1,POSITIVE,1.0,1.0,0.0,NO_TARGET_CHANGE,,"HISTORICAL UK RETAIL, ISA, ACCOUNT AND BROKER ELIGIBILITY REMAIN PARTLY UNRESOLVED"
REGIME_BINARY_WEEKLY,WEEKLY,2023-06-30,GLOBAL_SEMICONDUCTORS,EXTENDED,,"{""GLOBAL_SEMICONDUCTORS"": 1.0}","{""GLOBAL_SEMICONDUCTORS"": 1.0}",1.0,2,POSITIVE,1.0,1.0,0.0,NO_TARGET_CHANGE,,"HISTORICAL UK RETAIL, ISA, ACCOUNT AND BROKER ELIGIBILITY REMAIN PARTLY UNRESOLVED"
REGIME_BINARY_WEEKLY,WEEKLY,2023-07-07,GLOBAL_SEMICONDUCTORS,ESTABLISHED,,"{""GLOBAL_SEMICONDUCTORS"": 1.0}","{""GLOBAL_SEMICONDUCTORS"": 1.0}",1.0,2,POSITIVE,1.0,1.0,0.0,NO_TARGET_CHANGE,,"HISTORICAL UK RETAIL, ISA, ACCOUNT AND BROKER ELIGIBILITY REMAIN PARTLY UNRESOLVED"
REGIME_BINARY_WEEKLY,WEEKLY,2023-07-14,GLOBAL_SEMICONDUCTORS,EXTENDED,,"{""GLOBAL_SEMICONDUCTORS"": 1.0}","{""GLOBAL_SEMICONDUCTORS"": 1.0}",1.0,3,POSITIVE,1.0,1.0,0.0,NO_TARGET_CHANGE,,"HISTORICAL UK RETAIL, ISA, ACCOUNT AND BROKER ELIGIBILITY REMAIN PARTLY UNRESOLVED"
REGIME_BINARY_WEEKLY,WEEKLY,2023-07-21,GLOBAL_SEMICONDUCTORS,WEAKENING,,"{""GLOBAL_SEMICONDUCTORS"": 1.0}","{""GLOBAL_SEMICONDUCTORS"": 1.0}",1.0,2,POSITIVE,1.0,1.0,0.0,NO_TARGET_CHANGE,,"HISTORICAL UK RETAIL, ISA, ACCOUNT AND BROKER ELIGIBILITY REMAIN PARTLY UNRESOLVED"
REGIME_BINARY_WEEKLY,WEEKLY,2023-07-28,GLOBAL_SEMICONDUCTORS,WEAKENING,,"{""GLOBAL_SEMICONDUCTORS"": 1.0}","{""GLOBAL_SEMICONDUCTORS"": 1.0}",1.0,4,STRONG,1.0,1.0,0.0,NO_TARGET_CHANGE,,"HISTORICAL UK RETAIL, ISA, ACCOUNT AND BROKER ELIGIBILITY REMAIN PARTLY UNRESOLVED"
REGIME_BINARY_WEEKLY,WEEKLY,2023-07-31,GLOBAL_SEMICONDUCTORS,WEAKENING,,"{""GLOBAL_SEMICONDUCTORS"": 1.0}","{""GLOBAL_SEMICONDUCTORS"": 1.0}",1.0,4,STRONG,1.0,1.0,0.0,NO_TARGET_CHANGE,,"HISTORICAL UK RETAIL, ISA, ACCOUNT AND BROKER ELIGIBILITY REMAIN PARTLY UNRESOLVED"
REGIME_BINARY_WEEKLY,WEEKLY,2023-08-04,GLOBAL_SEMICONDUCTORS,WEAKENING,,"{""GLOBAL_SEMICONDUCTORS"": 1.0}","{""GLOBAL_SEMICONDUCTORS"": 1.0}",1.0,4,STRONG,1.0,1.0,0.0,NO_TARGET_CHANGE,,"HISTORICAL UK RETAIL, ISA, ACCOUNT AND BROKER ELIGIBILITY REMAIN PARTLY UNRESOLVED"
REGIME_BINARY_WEEKLY,WEEKLY,2023-08-11,GLOBAL_SEMICONDUCTORS,WEAKENING,,"{""GLOBAL_SEMICONDUCTORS"": 1.0}","{""GLOBAL_SEMICONDUCTORS"": 1.0}",1.0,4,STRONG,1.0,1.0,0.0,NO_TARGET_CHANGE,,"HISTORICAL UK RETAIL, ISA, ACCOUNT AND BROKER ELIGIBILITY REMAIN PARTLY UNRESOLVED"
REGIME_BINARY_WEEKLY,WEEKLY,2023-08-18,GLOBAL_SEMICONDUCTORS,WEAKENING,,"{""GLOBAL_SEMICONDUCTORS"": 1.0}","{""GLOBAL_SEMICONDUCTORS"": 1.0}",1.0,3,MATURE,1.0,1.0,0.0,NO_TARGET_CHANGE,,"HISTORICAL UK RETAIL, ISA, ACCOUNT AND BROKER ELIGIBILITY REMAIN PARTLY UNRESOLVED"
REGIME_BINARY_WEEKLY,WEEKLY,2023-08-25,GLOBAL_SEMICONDUCTORS,FAILED,,"{""GLOBAL_SEMICONDUCTORS"": 1.0}","{""GLOBAL_SEMICONDUCTORS"": 1.0}",1.0,4,STRONG,1.0,1.0,0.0,NO_TARGET_CHANGE,,"HISTORICAL UK RETAIL, ISA, ACCOUNT AND BROKER ELIGIBILITY REMAIN PARTLY UNRESOLVED"
REGIME_BINARY_WEEKLY,WEEKLY,2023-08-31,GLOBAL_SEMICONDUCTORS,WEAKENING,,"{""GLOBAL_SEMICONDUCTORS"": 1.0}","{""GLOBAL_SEMICONDUCTORS"": 1.0}",1.0,4,STRONG,1.0,1.0,0.0,NO_TARGET_CHANGE,,"HISTORICAL UK RETAIL, ISA, ACCOUNT AND BROKER ELIGIBILITY REMAIN PARTLY UNRESOLVED"
REGIME_BINARY_WEEKLY,WEEKLY,2023-09-01,GLOBAL_SEMICONDUCTORS,WEAKENING,,"{""GLOBAL_SEMICONDUCTORS"": 1.0}","{""GLOBAL_SEMICONDUCTORS"": 1.0}",1.0,2,DETERIORATING,1.0,1.0,0.0,NO_TARGET_CHANGE,,"HISTORICAL UK RETAIL, ISA, ACCOUNT AND BROKER ELIGIBILITY REMAIN PARTLY UNRESOLVED"
REGIME_BINARY_WEEKLY,WEEKLY,2023-09-08,GLOBAL_SEMICONDUCTORS,FAILED,,"{""GLOBAL_SEMICONDUCTORS"": 1.0}","{""GLOBAL_SEMICONDUCTORS"": 1.0}",1.0,2,DETERIORATING,1.0,1.0,0.0,NO_TARGET_CHANGE,,"HISTORICAL UK RETAIL, ISA, ACCOUNT AND BROKER ELIGIBILITY REMAIN PARTLY UNRESOLVED"
REGIME_BINARY_WEEKLY,WEEKLY,2023-09-15,GLOBAL_SEMICONDUCTORS,FAILED,,"{""GLOBAL_SEMICONDUCTORS"": 1.0}","{""GLOBAL_SEMICONDUCTORS"": 1.0}",1.0,3,MATURE,1.0,1.0,0.0,NO_TARGET_CHANGE,,"HISTORICAL UK RETAIL, ISA, ACCOUNT AND BROKER ELIGIBILITY REMAIN PARTLY UNRESOLVED"
REGIME_BINARY_WEEKLY,WEEKLY,2023-09-22,GLOBAL_SEMICONDUCTORS,FAILED,,"{""GLOBAL_SEMICONDUCTORS"": 1.0}","{""GLOBAL_SEMICONDUCTORS"": 1.0}",1.0,4,STRONG,1.0,1.0,0.0,NO_TARGET_CHANGE,,"HISTORICAL UK RETAIL, ISA, ACCOUNT AND BROKER ELIGIBILITY REMAIN PARTLY UNRESOLVED"
REGIME_BINARY_WEEKLY,WEEKLY,2023-09-29,GLOBAL_URANIUM_NUCLEAR,EXTENDED,,"{""GLOBAL_URANIUM_NUCLEAR"": 1.0}","{""GLOBAL_URANIUM_NUCLEAR"": 1.0}",1.0,4,STRONG,1.0,1.0,0.0,PLANNED,2023-10-02,"HISTORICAL UK RETAIL, ISA, ACCOUNT AND BROKER ELIGIBILITY REMAIN PARTLY UNRESOLVED"
REGIME_BINARY_WEEKLY,WEEKLY,2023-10-06,GLOBAL_URANIUM_NUCLEAR,EXTENDED,,"{""GLOBAL_URANIUM_NUCLEAR"": 1.0}","{""GLOBAL_URANIUM_NUCLEAR"": 1.0}",1.0,3,MATURE,1.0,1.0,0.0,NO_TARGET_CHANGE,,"HISTORICAL UK RETAIL, ISA, ACCOUNT AND BROKER ELIGIBILITY REMAIN PARTLY UNRESOLVED"
REGIME_BINARY_WEEKLY,WEEKLY,2023-10-13,GLOBAL_URANIUM_NUCLEAR,EXTENDED,,"{""GLOBAL_URANIUM_NUCLEAR"": 1.0}","{""GLOBAL_URANIUM_NUCLEAR"": 1.0}",1.0,3,MATURE,1.0,1.0,0.0,NO_TARGET_CHANGE,,"HISTORICAL UK RETAIL, ISA, ACCOUNT AND BROKER ELIGIBILITY REMAIN PARTLY UNRESOLVED"
REGIME_BINARY_WEEKLY,WEEKLY,2023-10-20,GLOBAL_URANIUM_NUCLEAR,EXTENDED,,"{""GLOBAL_URANIUM_NUCLEAR"": 1.0}","{""GLOBAL_URANIUM_NUCLEAR"": 1.0}",1.0,4,STRONG,1.0,1.0,0.0,NO_TARGET_CHANGE,,"HISTORICAL UK RETAIL, ISA, ACCOUNT AND BROKER ELIGIBILITY REMAIN PARTLY UNRESOLVED"
REGIME_BINARY_WEEKLY,WEEKLY,2023-10-27,GLOBAL_URANIUM_NUCLEAR,WEAKENING,,"{""GLOBAL_URANIUM_NUCLEAR"": 1.0}","{""GLOBAL_URANIUM_NUCLEAR"": 1.0}",1.0,2,DETERIORATING,1.0,1.0,0.0,NO_TARGET_CHANGE,,"HISTORICAL UK RETAIL, ISA, ACCOUNT AND BROKER ELIGIBILITY REMAIN PARTLY UNRESOLVED"
REGIME_BINARY_WEEKLY,WEEKLY,2023-10-31,GLOBAL_URANIUM_NUCLEAR,EXTENDED,,"{""GLOBAL_URANIUM_NUCLEAR"": 1.0}","{""GLOBAL_URANIUM_NUCLEAR"": 1.0}",1.0,2,DETERIORATING,1.0,1.0,0.0,NO_TARGET_CHANGE,,"HISTORICAL UK RETAIL, ISA, ACCOUNT AND BROKER ELIGIBILITY REMAIN PARTLY UNRESOLVED"
REGIME_BINARY_WEEKLY,WEEKLY,2023-11-03,GLOBAL_URANIUM_NUCLEAR,EXTENDED,,"{""GLOBAL_URANIUM_NUCLEAR"": 1.0}","{""GLOBAL_URANIUM_NUCLEAR"": 1.0}",1.0,3,MATURE,1.0,1.0,0.0,NO_TARGET_CHANGE,,"HISTORICAL UK RETAIL, ISA, ACCOUNT AND BROKER ELIGIBILITY REMAIN PARTLY UNRESOLVED"
REGIME_BINARY_WEEKLY,WEEKLY,2023-11-10,GLOBAL_URANIUM_NUCLEAR,OTHER,,"{""GLOBAL_URANIUM_NUCLEAR"": 1.0}","{""GLOBAL_URANIUM_NUCLEAR"": 1.0}",1.0,2,DETERIORATING,1.0,1.0,0.0,NO_TARGET_CHANGE,,"HISTORICAL UK RETAIL, ISA, ACCOUNT AND BROKER ELIGIBILITY REMAIN PARTLY UNRESOLVED"
REGIME_BINARY_WEEKLY,WEEKLY,2023-11-17,GLOBAL_URANIUM_NUCLEAR,ESTABLISHED,,"{""GLOBAL_URANIUM_NUCLEAR"": 1.0}","{""GLOBAL_URANIUM_NUCLEAR"": 1.0}",1.0,4,STRONG,1.0,1.0,0.0,NO_TARGET_CHANGE,,"HISTORICAL UK RETAIL, ISA, ACCOUNT AND BROKER ELIGIBILITY REMAIN PARTLY UNRESOLVED"
REGIME_BINARY_WEEKLY,WEEKLY,2023-11-24,GLOBAL_URANIUM_NUCLEAR,ESTABLISHED,,"{""GLOBAL_URANIUM_NUCLEAR"": 1.0}","{""GLOBAL_URANIUM_NUCLEAR"": 1.0}",1.0,4,STRONG,1.0,1.0,0.0,NO_TARGET_CHANGE,,"HISTORICAL UK RETAIL, ISA, ACCOUNT AND BROKER ELIGIBILITY REMAIN PARTLY UNRESOLVED"
REGIME_BINARY_WEEKLY,WEEKLY,2023-11-30,GLOBAL_URANIUM_NUCLEAR,WEAKENING,,"{""GLOBAL_URANIUM_NUCLEAR"": 1.0}","{""GLOBAL_URANIUM_NUCLEAR"": 1.0}",1.0,4,STRONG,1.0,1.0,0.0,NO_TARGET_CHANGE,,"HISTORICAL UK RETAIL, ISA, ACCOUNT AND BROKER ELIGIBILITY REMAIN PARTLY UNRESOLVED"
REGIME_BINARY_WEEKLY,WEEKLY,2023-12-01,GLOBAL_URANIUM_NUCLEAR,ESTABLISHED,,"{""GLOBAL_URANIUM_NUCLEAR"": 1.0}","{""GLOBAL_URANIUM_NUCLEAR"": 1.0}",1.0,2,DETERIORATING,1.0,1.0,0.0,NO_TARGET_CHANGE,,"HISTORICAL UK RETAIL, ISA, ACCOUNT AND BROKER ELIGIBILITY REMAIN PARTLY UNRESOLVED"
REGIME_BINARY_WEEKLY,WEEKLY,2023-12-08,GLOBAL_URANIUM_NUCLEAR,WEAKENING,,"{""GLOBAL_URANIUM_NUCLEAR"": 1.0}","{""GLOBAL_URANIUM_NUCLEAR"": 1.0}",1.0,2,DETERIORATING,1.0,1.0,0.0,NO_TARGET_CHANGE,,"HISTORICAL UK RETAIL, ISA, ACCOUNT AND BROKER ELIGIBILITY REMAIN PARTLY UNRESOLVED"
REGIME_BINARY_WEEKLY,WEEKLY,2023-12-15,GLOBAL_URANIUM_NUCLEAR,WEAKENING,,"{""GLOBAL_URANIUM_NUCLEAR"": 1.0}","{""GLOBAL_URANIUM_NUCLEAR"": 1.0}",1.0,2,DETERIORATING,1.0,1.0,0.0,NO_TARGET_CHANGE,,"HISTORICAL UK RETAIL, ISA, ACCOUNT AND BROKER ELIGIBILITY REMAIN PARTLY UNRESOLVED"
REGIME_BINARY_WEEKLY,WEEKLY,2023-12-22,GLOBAL_URANIUM_NUCLEAR,FAILED,,"{""GLOBAL_URANIUM_NUCLEAR"": 1.0}","{""GLOBAL_URANIUM_NUCLEAR"": 1.0}",1.0,2,DETERIORATING,1.0,1.0,0.0,NO_TARGET_CHANGE,,"HISTORICAL UK RETAIL, ISA, ACCOUNT AND BROKER ELIGIBILITY REMAIN PARTLY UNRESOLVED"
REGIME_BINARY_WEEKLY,WEEKLY,2023-12-29,GLOBAL_AI,EXTENDED,,"{""GLOBAL_AI"": 1.0}","{""GLOBAL_AI"": 1.0}",1.0,2,DETERIORATING,1.0,1.0,0.0,PLANNED,2024-01-02,"HISTORICAL UK RETAIL, ISA, ACCOUNT AND BROKER ELIGIBILITY REMAIN PARTLY UNRESOLVED"
REGIME_BINARY_WEEKLY,WEEKLY,2024-01-05,GLOBAL_AI,ESTABLISHED,,"{""GLOBAL_AI"": 1.0}","{""GLOBAL_AI"": 1.0}",1.0,1,DETERIORATING,1.0,1.0,0.0,NO_TARGET_CHANGE,,"HISTORICAL UK RETAIL, ISA, ACCOUNT AND BROKER ELIGIBILITY REMAIN PARTLY UNRESOLVED"
REGIME_BINARY_WEEKLY,WEEKLY,2024-01-12,GLOBAL_AI,OTHER,,"{""GLOBAL_AI"": 1.0}","{""GLOBAL_AI"": 1.0}",1.0,2,DETERIORATING,1.0,1.0,0.0,NO_TARGET_CHANGE,,"HISTORICAL UK RETAIL, ISA, ACCOUNT AND BROKER ELIGIBILITY REMAIN PARTLY UNRESOLVED"
REGIME_BINARY_WEEKLY,WEEKLY,2024-01-19,GLOBAL_AI,OTHER,,"{""GLOBAL_AI"": 1.0}","{""GLOBAL_AI"": 1.0}",1.0,3,MATURE,1.0,1.0,0.0,NO_TARGET_CHANGE,,"HISTORICAL UK RETAIL, ISA, ACCOUNT AND BROKER ELIGIBILITY REMAIN PARTLY UNRESOLVED"
REGIME_BINARY_WEEKLY,WEEKLY,2024-01-26,GLOBAL_AI,OTHER,,"{""GLOBAL_AI"": 1.0}","{""GLOBAL_AI"": 1.0}",1.0,3,POSITIVE,1.0,1.0,0.0,NO_TARGET_CHANGE,,"HISTORICAL UK RETAIL, ISA, ACCOUNT AND BROKER ELIGIBILITY REMAIN PARTLY UNRESOLVED"
REGIME_BINARY_WEEKLY,WEEKLY,2024-01-31,GLOBAL_SEMICONDUCTORS,EXTENDED,,"{""GLOBAL_SEMICONDUCTORS"": 1.0}","{""GLOBAL_SEMICONDUCTORS"": 1.0}",1.0,3,POSITIVE,1.0,1.0,0.0,PLANNED,2024-02-01,"HISTORICAL UK RETAIL, ISA, ACCOUNT AND BROKER ELIGIBILITY REMAIN PARTLY UNRESOLVED"
REGIME_BINARY_WEEKLY,WEEKLY,2024-02-02,GLOBAL_SEMICONDUCTORS,CONFIRMING,,"{""GLOBAL_SEMICONDUCTORS"": 1.0}","{""GLOBAL_SEMICONDUCTORS"": 1.0}",1.0,3,POSITIVE,1.0,1.0,0.0,NO_TARGET_CHANGE,,"HISTORICAL UK RETAIL, ISA, ACCOUNT AND BROKER ELIGIBILITY REMAIN PARTLY UNRESOLVED"
REGIME_BINARY_WEEKLY,WEEKLY,2024-02-09,GLOBAL_SEMICONDUCTORS,EXTENDED,,"{""GLOBAL_SEMICONDUCTORS"": 1.0}","{""GLOBAL_SEMICONDUCTORS"": 1.0}",1.0,3,POSITIVE,1.0,1.0,0.0,NO_TARGET_CHANGE,,"HISTORICAL UK RETAIL, ISA, ACCOUNT AND BROKER ELIGIBILITY REMAIN PARTLY UNRESOLVED"
REGIME_BINARY_WEEKLY,WEEKLY,2024-02-16,GLOBAL_SEMICONDUCTORS,EXTENDED,,"{""GLOBAL_SEMICONDUCTORS"": 1.0}","{""GLOBAL_SEMICONDUCTORS"": 1.0}",1.0,2,POSITIVE,1.0,1.0,0.0,NO_TARGET_CHANGE,,"HISTORICAL UK RETAIL, ISA, ACCOUNT AND BROKER ELIGIBILITY REMAIN PARTLY UNRESOLVED"
REGIME_BINARY_WEEKLY,WEEKLY,2024-02-23,GLOBAL_SEMICONDUCTORS,EXTENDED,,"{""GLOBAL_SEMICONDUCTORS"": 1.0}","{""GLOBAL_SEMICONDUCTORS"": 1.0}",1.0,2,POSITIVE,1.0,1.0,0.0,NO_TARGET_CHANGE,,"HISTORICAL UK RETAIL, ISA, ACCOUNT AND BROKER ELIGIBILITY REMAIN PARTLY UNRESOLVED"
REGIME_BINARY_WEEKLY,WEEKLY,2024-02-29,GLOBAL_SEMICONDUCTORS,EXTENDED,,"{""GLOBAL_SEMICONDUCTORS"": 1.0}","{""GLOBAL_SEMICONDUCTORS"": 1.0}",1.0,2,POSITIVE,1.0,1.0,0.0,NO_TARGET_CHANGE,,"HISTORICAL UK RETAIL, ISA, ACCOUNT AND BROKER ELIGIBILITY REMAIN PARTLY UNRESOLVED"
REGIME_BINARY_WEEKLY,WEEKLY,2024-03-01,GLOBAL_SEMICONDUCTORS,EXTENDED,,"{""GLOBAL_SEMICONDUCTORS"": 1.0}","{""GLOBAL_SEMICONDUCTORS"": 1.0}",1.0,3,POSITIVE,1.0,1.0,0.0,NO_TARGET_CHANGE,,"HISTORICAL UK RETAIL, ISA, ACCOUNT AND BROKER ELIGIBILITY REMAIN PARTLY UNRESOLVED"
REGIME_BINARY_WEEKLY,WEEKLY,2024-03-08,GLOBAL_SEMICONDUCTORS,EXTENDED,,"{""GLOBAL_SEMICONDUCTORS"": 1.0}","{""GLOBAL_SEMICONDUCTORS"": 1.0}",1.0,2,POSITIVE,1.0,1.0,0.0,NO_TARGET_CHANGE,,"HISTORICAL UK RETAIL, ISA, ACCOUNT AND BROKER ELIGIBILITY REMAIN PARTLY UNRESOLVED"
REGIME_BINARY_WEEKLY,WEEKLY,2024-03-15,GLOBAL_SEMICONDUCTORS,EXTENDED,,"{""GLOBAL_SEMICONDUCTORS"": 1.0}","{""GLOBAL_SEMICONDUCTORS"": 1.0}",1.0,2,POSITIVE,1.0,1.0,0.0,NO_TARGET_CHANGE,,"HISTORICAL UK RETAIL, ISA, ACCOUNT AND BROKER ELIGIBILITY REMAIN PARTLY UNRESOLVED"
REGIME_BINARY_WEEKLY,WEEKLY,2024-03-22,GLOBAL_SEMICONDUCTORS,EXTENDED,,"{""GLOBAL_SEMICONDUCTORS"": 1.0}","{""GLOBAL_SEMICONDUCTORS"": 1.0}",1.0,2,POSITIVE,1.0,1.0,0.0,NO_TARGET_CHANGE,,"HISTORICAL UK RETAIL, ISA, ACCOUNT AND BROKER ELIGIBILITY REMAIN PARTLY UNRESOLVED"
REGIME_BINARY_WEEKLY,WEEKLY,2024-03-28,GLOBAL_SEMICONDUCTORS,EXTENDED,,"{""GLOBAL_SEMICONDUCTORS"": 1.0}","{""GLOBAL_SEMICONDUCTORS"": 1.0}",1.0,2,POSITIVE,1.0,1.0,0.0,NO_TARGET_CHANGE,,"HISTORICAL UK RETAIL, ISA, ACCOUNT AND BROKER ELIGIBILITY REMAIN PARTLY UNRESOLVED"
REGIME_BINARY_WEEKLY,WEEKLY,2024-04-05,GLOBAL_SEMICONDUCTORS,WEAKENING,,"{""GLOBAL_SEMICONDUCTORS"": 1.0}","{""GLOBAL_SEMICONDUCTORS"": 1.0}",1.0,4,STRONG,1.0,1.0,0.0,NO_TARGET_CHANGE,,"HISTORICAL UK RETAIL, ISA, ACCOUNT AND BROKER ELIGIBILITY REMAIN PARTLY UNRESOLVED"
REGIME_BINARY_WEEKLY,WEEKLY,2024-04-12,GLOBAL_SEMICONDUCTORS,WEAKENING,,"{""GLOBAL_SEMICONDUCTORS"": 1.0}","{""GLOBAL_SEMICONDUCTORS"": 1.0}",1.0,4,STRONG,1.0,1.0,0.0,NO_TARGET_CHANGE,,"HISTORICAL UK RETAIL, ISA, ACCOUNT AND BROKER ELIGIBILITY REMAIN PARTLY UNRESOLVED"
REGIME_BINARY_WEEKLY,WEEKLY,2024-04-19,GLOBAL_SEMICONDUCTORS,WEAKENING,,"{""GLOBAL_SEMICONDUCTORS"": 1.0}","{""GLOBAL_SEMICONDUCTORS"": 1.0}",1.0,5,STRONG,1.0,1.0,0.0,NO_TARGET_CHANGE,,"HISTORICAL UK RETAIL, ISA, ACCOUNT AND BROKER ELIGIBILITY REMAIN PARTLY UNRESOLVED"
REGIME_BINARY_WEEKLY,WEEKLY,2024-04-26,GLOBAL_SEMICONDUCTORS,WEAKENING,,"{""GLOBAL_SEMICONDUCTORS"": 1.0}","{""GLOBAL_SEMICONDUCTORS"": 1.0}",1.0,5,STRONG,1.0,1.0,0.0,NO_TARGET_CHANGE,,"HISTORICAL UK RETAIL, ISA, ACCOUNT AND BROKER ELIGIBILITY REMAIN PARTLY UNRESOLVED"
REGIME_BINARY_WEEKLY,WEEKLY,2024-04-30,EUROPE_BANKS,EXTENDED,,"{""EUROPE_BANKS"": 1.0}","{""EUROPE_BANKS"": 1.0}",1.0,5,STRONG,1.0,1.0,0.0,PLANNED,2024-05-01,"HISTORICAL UK RETAIL, ISA, ACCOUNT AND BROKER ELIGIBILITY REMAIN PARTLY UNRESOLVED"
REGIME_BINARY_WEEKLY,WEEKLY,2024-05-03,EUROPE_BANKS,EXTENDED,,"{""EUROPE_BANKS"": 1.0}","{""EUROPE_BANKS"": 1.0}",1.0,5,STRONG,1.0,1.0,0.0,NO_TARGET_CHANGE,,"HISTORICAL UK RETAIL, ISA, ACCOUNT AND BROKER ELIGIBILITY REMAIN PARTLY UNRESOLVED"
REGIME_BINARY_WEEKLY,WEEKLY,2024-05-10,EUROPE_BANKS,EXTENDED,,"{""EUROPE_BANKS"": 1.0}","{""EUROPE_BANKS"": 1.0}",1.0,4,MATURE,1.0,1.0,0.0,NO_TARGET_CHANGE,,"HISTORICAL UK RETAIL, ISA, ACCOUNT AND BROKER ELIGIBILITY REMAIN PARTLY UNRESOLVED"
REGIME_BINARY_WEEKLY,WEEKLY,2024-05-17,EUROPE_BANKS,EXTENDED,,"{""EUROPE_BANKS"": 1.0}","{""EUROPE_BANKS"": 1.0}",1.0,4,MATURE,1.0,1.0,0.0,NO_TARGET_CHANGE,,"HISTORICAL UK RETAIL, ISA, ACCOUNT AND BROKER ELIGIBILITY REMAIN PARTLY UNRESOLVED"
REGIME_BINARY_WEEKLY,WEEKLY,2024-05-24,EUROPE_BANKS,EXTENDED,,"{""EUROPE_BANKS"": 1.0}","{""EUROPE_BANKS"": 1.0}",1.0,4,MATURE,1.0,1.0,0.0,NO_TARGET_CHANGE,,"HISTORICAL UK RETAIL, ISA, ACCOUNT AND BROKER ELIGIBILITY REMAIN PARTLY UNRESOLVED"
REGIME_BINARY_WEEKLY,WEEKLY,2024-05-31,EUROPE_BANKS,EXTENDED,,"{""EUROPE_BANKS"": 1.0}","{""EUROPE_BANKS"": 1.0}",1.0,4,MATURE,1.0,1.0,0.0,NO_TARGET_CHANGE,,"HISTORICAL UK RETAIL, ISA, ACCOUNT AND BROKER ELIGIBILITY REMAIN PARTLY UNRESOLVED"
REGIME_BINARY_WEEKLY,WEEKLY,2024-06-07,EUROPE_BANKS,ESTABLISHED,,"{""EUROPE_BANKS"": 1.0}","{""EUROPE_BANKS"": 1.0}",1.0,2,DETERIORATING,1.0,1.0,0.0,NO_TARGET_CHANGE,,"HISTORICAL UK RETAIL, ISA, ACCOUNT AND BROKER ELIGIBILITY REMAIN PARTLY UNRESOLVED"
REGIME_BINARY_WEEKLY,WEEKLY,2024-06-14,EUROPE_BANKS,FAILED,,"{""EUROPE_BANKS"": 1.0}","{""EUROPE_BANKS"": 1.0}",1.0,1,DETERIORATING,1.0,1.0,0.0,NO_TARGET_CHANGE,,"HISTORICAL UK RETAIL, ISA, ACCOUNT AND BROKER ELIGIBILITY REMAIN PARTLY UNRESOLVED"
REGIME_BINARY_WEEKLY,WEEKLY,2024-06-21,EUROPE_BANKS,WEAKENING,,"{""EUROPE_BANKS"": 1.0}","{""EUROPE_BANKS"": 1.0}",1.0,2,DETERIORATING,1.0,1.0,0.0,NO_TARGET_CHANGE,,"HISTORICAL UK RETAIL, ISA, ACCOUNT AND BROKER ELIGIBILITY REMAIN PARTLY UNRESOLVED"
REGIME_BINARY_WEEKLY,WEEKLY,2024-06-28,GLOBAL_SEMICONDUCTORS,ESTABLISHED,,"{""GLOBAL_SEMICONDUCTORS"": 1.0}","{""GLOBAL_SEMICONDUCTORS"": 1.0}",1.0,1,DETERIORATING,1.0,1.0,0.0,PLANNED,2024-07-01,"HISTORICAL UK RETAIL, ISA, ACCOUNT AND BROKER ELIGIBILITY REMAIN PARTLY UNRESOLVED"
REGIME_BINARY_WEEKLY,WEEKLY,2024-07-05,GLOBAL_SEMICONDUCTORS,EXTENDED,,"{""GLOBAL_SEMICONDUCTORS"": 1.0}","{""GLOBAL_SEMICONDUCTORS"": 1.0}",1.0,2,DETERIORATING,1.0,1.0,0.0,NO_TARGET_CHANGE,,"HISTORICAL UK RETAIL, ISA, ACCOUNT AND BROKER ELIGIBILITY REMAIN PARTLY UNRESOLVED"
REGIME_BINARY_WEEKLY,WEEKLY,2024-07-12,GLOBAL_SEMICONDUCTORS,EXTENDED,,"{""GLOBAL_SEMICONDUCTORS"": 1.0}","{""GLOBAL_SEMICONDUCTORS"": 1.0}",1.0,2,DETERIORATING,1.0,1.0,0.0,NO_TARGET_CHANGE,,"HISTORICAL UK RETAIL, ISA, ACCOUNT AND BROKER ELIGIBILITY REMAIN PARTLY UNRESOLVED"
REGIME_BINARY_WEEKLY,WEEKLY,2024-07-19,GLOBAL_SEMICONDUCTORS,WEAKENING,,"{""GLOBAL_SEMICONDUCTORS"": 1.0}","{""GLOBAL_SEMICONDUCTORS"": 1.0}",1.0,3,MATURE,1.0,1.0,0.0,NO_TARGET_CHANGE,,"HISTORICAL UK RETAIL, ISA, ACCOUNT AND BROKER ELIGIBILITY REMAIN PARTLY UNRESOLVED"
REGIME_BINARY_WEEKLY,WEEKLY,2024-07-26,GLOBAL_SEMICONDUCTORS,WEAKENING,,"{""GLOBAL_SEMICONDUCTORS"": 1.0}","{""GLOBAL_SEMICONDUCTORS"": 1.0}",1.0,3,MATURE,1.0,1.0,0.0,NO_TARGET_CHANGE,,"HISTORICAL UK RETAIL, ISA, ACCOUNT AND BROKER ELIGIBILITY REMAIN PARTLY UNRESOLVED"
REGIME_BINARY_WEEKLY,WEEKLY,2024-07-31,GLOBAL_GOLD_MINERS,ESTABLISHED,,"{""GLOBAL_GOLD_MINERS"": 1.0}","{""GLOBAL_GOLD_MINERS"": 1.0}",1.0,3,MATURE,1.0,1.0,0.0,PLANNED,2024-08-01,"HISTORICAL UK RETAIL, ISA, ACCOUNT AND BROKER ELIGIBILITY REMAIN PARTLY UNRESOLVED"
REGIME_BINARY_WEEKLY,WEEKLY,2024-08-02,GLOBAL_GOLD_MINERS,ESTABLISHED,,"{""GLOBAL_GOLD_MINERS"": 1.0}","{""GLOBAL_GOLD_MINERS"": 1.0}",1.0,2,POSITIVE,1.0,1.0,0.0,NO_TARGET_CHANGE,,"HISTORICAL UK RETAIL, ISA, ACCOUNT AND BROKER ELIGIBILITY REMAIN PARTLY UNRESOLVED"
REGIME_BINARY_WEEKLY,WEEKLY,2024-08-09,GLOBAL_GOLD_MINERS,ESTABLISHED,,"{""GLOBAL_GOLD_MINERS"": 1.0}","{""GLOBAL_GOLD_MINERS"": 1.0}",1.0,3,POSITIVE,1.0,1.0,0.0,NO_TARGET_CHANGE,,"HISTORICAL UK RETAIL, ISA, ACCOUNT AND BROKER ELIGIBILITY REMAIN PARTLY UNRESOLVED"
REGIME_BINARY_WEEKLY,WEEKLY,2024-08-16,GLOBAL_GOLD_MINERS,ESTABLISHED,,"{""GLOBAL_GOLD_MINERS"": 1.0}","{""GLOBAL_GOLD_MINERS"": 1.0}",1.0,3,POSITIVE,1.0,1.0,0.0,NO_TARGET_CHANGE,,"HISTORICAL UK RETAIL, ISA, ACCOUNT AND BROKER ELIGIBILITY REMAIN PARTLY UNRESOLVED"
REGIME_BINARY_WEEKLY,WEEKLY,2024-08-23,GLOBAL_GOLD_MINERS,ESTABLISHED,,"{""GLOBAL_GOLD_MINERS"": 1.0}","{""GLOBAL_GOLD_MINERS"": 1.0}",1.0,3,POSITIVE,1.0,1.0,0.0,NO_TARGET_CHANGE,,"HISTORICAL UK RETAIL, ISA, ACCOUNT AND BROKER ELIGIBILITY REMAIN PARTLY UNRESOLVED"
REGIME_BINARY_WEEKLY,WEEKLY,2024-08-30,GLOBAL_GOLD_MINERS,ESTABLISHED,,"{""GLOBAL_GOLD_MINERS"": 1.0}","{""GLOBAL_GOLD_MINERS"": 1.0}",1.0,2,POSITIVE,1.0,1.0,0.0,NO_TARGET_CHANGE,,"HISTORICAL UK RETAIL, ISA, ACCOUNT AND BROKER ELIGIBILITY REMAIN PARTLY UNRESOLVED"
REGIME_BINARY_WEEKLY,WEEKLY,2024-09-06,GLOBAL_GOLD_MINERS,ESTABLISHED,,"{""GLOBAL_GOLD_MINERS"": 1.0}","{""GLOBAL_GOLD_MINERS"": 1.0}",1.0,3,POSITIVE,1.0,1.0,0.0,NO_TARGET_CHANGE,,"HISTORICAL UK RETAIL, ISA, ACCOUNT AND BROKER ELIGIBILITY REMAIN PARTLY UNRESOLVED"
REGIME_BINARY_WEEKLY,WEEKLY,2024-09-13,GLOBAL_GOLD_MINERS,EXTENDED,,"{""GLOBAL_GOLD_MINERS"": 1.0}","{""GLOBAL_GOLD_MINERS"": 1.0}",1.0,4,STRONG,1.0,1.0,0.0,NO_TARGET_CHANGE,,"HISTORICAL UK RETAIL, ISA, ACCOUNT AND BROKER ELIGIBILITY REMAIN PARTLY UNRESOLVED"
REGIME_BINARY_WEEKLY,WEEKLY,2024-09-20,GLOBAL_GOLD_MINERS,ESTABLISHED,,"{""GLOBAL_GOLD_MINERS"": 1.0}","{""GLOBAL_GOLD_MINERS"": 1.0}",1.0,3,MATURE,1.0,1.0,0.0,NO_TARGET_CHANGE,,"HISTORICAL UK RETAIL, ISA, ACCOUNT AND BROKER ELIGIBILITY REMAIN PARTLY UNRESOLVED"
REGIME_BINARY_WEEKLY,WEEKLY,2024-09-27,GLOBAL_GOLD_MINERS,ESTABLISHED,,"{""GLOBAL_GOLD_MINERS"": 1.0}","{""GLOBAL_GOLD_MINERS"": 1.0}",1.0,4,STRONG,1.0,1.0,0.0,NO_TARGET_CHANGE,,"HISTORICAL UK RETAIL, ISA, ACCOUNT AND BROKER ELIGIBILITY REMAIN PARTLY UNRESOLVED"
REGIME_BINARY_WEEKLY,WEEKLY,2024-09-30,GLOBAL_GOLD_MINERS,WEAKENING,,"{""GLOBAL_GOLD_MINERS"": 1.0}","{""GLOBAL_GOLD_MINERS"": 1.0}",1.0,4,STRONG,1.0,1.0,0.0,NO_TARGET_CHANGE,,"HISTORICAL UK RETAIL, ISA, ACCOUNT AND BROKER ELIGIBILITY REMAIN PARTLY UNRESOLVED"
REGIME_BINARY_WEEKLY,WEEKLY,2024-10-04,GLOBAL_GOLD_MINERS,WEAKENING,,"{""GLOBAL_GOLD_MINERS"": 1.0}","{""GLOBAL_GOLD_MINERS"": 1.0}",1.0,3,MATURE,1.0,1.0,0.0,NO_TARGET_CHANGE,,"HISTORICAL UK RETAIL, ISA, ACCOUNT AND BROKER ELIGIBILITY REMAIN PARTLY UNRESOLVED"
REGIME_BINARY_WEEKLY,WEEKLY,2024-10-11,GLOBAL_GOLD_MINERS,WEAKENING,,"{""GLOBAL_GOLD_MINERS"": 1.0}","{""GLOBAL_GOLD_MINERS"": 1.0}",1.0,3,MATURE,1.0,1.0,0.0,NO_TARGET_CHANGE,,"HISTORICAL UK RETAIL, ISA, ACCOUNT AND BROKER ELIGIBILITY REMAIN PARTLY UNRESOLVED"
REGIME_BINARY_WEEKLY,WEEKLY,2024-10-18,GLOBAL_GOLD_MINERS,ESTABLISHED,,"{""GLOBAL_GOLD_MINERS"": 1.0}","{""GLOBAL_GOLD_MINERS"": 1.0}",1.0,3,MATURE,1.0,1.0,0.0,NO_TARGET_CHANGE,,"HISTORICAL UK RETAIL, ISA, ACCOUNT AND BROKER ELIGIBILITY REMAIN PARTLY UNRESOLVED"
REGIME_BINARY_WEEKLY,WEEKLY,2024-10-25,GLOBAL_GOLD_MINERS,OTHER,,"{""GLOBAL_GOLD_MINERS"": 1.0}","{""GLOBAL_GOLD_MINERS"": 1.0}",1.0,2,DETERIORATING,1.0,1.0,0.0,NO_TARGET_CHANGE,,"HISTORICAL UK RETAIL, ISA, ACCOUNT AND BROKER ELIGIBILITY REMAIN PARTLY UNRESOLVED"
REGIME_BINARY_WEEKLY,WEEKLY,2024-10-31,GLOBAL_GOLD_MINERS,ESTABLISHED,,"{""GLOBAL_GOLD_MINERS"": 1.0}","{""GLOBAL_GOLD_MINERS"": 1.0}",1.0,2,DETERIORATING,1.0,1.0,0.0,NO_TARGET_CHANGE,,"HISTORICAL UK RETAIL, ISA, ACCOUNT AND BROKER ELIGIBILITY REMAIN PARTLY UNRESOLVED"
REGIME_BINARY_WEEKLY,WEEKLY,2024-11-01,GLOBAL_GOLD_MINERS,ESTABLISHED,,"{""GLOBAL_GOLD_MINERS"": 1.0}","{""GLOBAL_GOLD_MINERS"": 1.0}",1.0,4,STRONG,1.0,1.0,0.0,NO_TARGET_CHANGE,,"HISTORICAL UK RETAIL, ISA, ACCOUNT AND BROKER ELIGIBILITY REMAIN PARTLY UNRESOLVED"
REGIME_BINARY_WEEKLY,WEEKLY,2024-11-08,GLOBAL_GOLD_MINERS,OTHER,,"{""GLOBAL_GOLD_MINERS"": 1.0}","{""GLOBAL_GOLD_MINERS"": 1.0}",1.0,3,MATURE,1.0,1.0,0.0,NO_TARGET_CHANGE,,"HISTORICAL UK RETAIL, ISA, ACCOUNT AND BROKER ELIGIBILITY REMAIN PARTLY UNRESOLVED"
REGIME_BINARY_WEEKLY,WEEKLY,2024-11-15,GLOBAL_GOLD_MINERS,FAILED,,"{""GLOBAL_GOLD_MINERS"": 1.0}","{""GLOBAL_GOLD_MINERS"": 1.0}",1.0,2,DETERIORATING,1.0,1.0,0.0,NO_TARGET_CHANGE,,"HISTORICAL UK RETAIL, ISA, ACCOUNT AND BROKER ELIGIBILITY REMAIN PARTLY UNRESOLVED"
REGIME_BINARY_WEEKLY,WEEKLY,2024-11-22,GLOBAL_GOLD_MINERS,FAILED,,"{""GLOBAL_GOLD_MINERS"": 1.0}","{""GLOBAL_GOLD_MINERS"": 1.0}",1.0,3,MATURE,1.0,1.0,0.0,NO_TARGET_CHANGE,,"HISTORICAL UK RETAIL, ISA, ACCOUNT AND BROKER ELIGIBILITY REMAIN PARTLY UNRESOLVED"
REGIME_BINARY_WEEKLY,WEEKLY,2024-11-29,GLOBAL_SOFTWARE,EXTENDED,,"{""GLOBAL_SOFTWARE"": 1.0}","{""GLOBAL_SOFTWARE"": 1.0}",1.0,3,MATURE,1.0,1.0,0.0,PLANNED,2024-12-02,"HISTORICAL UK RETAIL, ISA, ACCOUNT AND BROKER ELIGIBILITY REMAIN PARTLY UNRESOLVED"
REGIME_BINARY_WEEKLY,WEEKLY,2024-12-06,GLOBAL_SOFTWARE,EXTENDED,,"{""GLOBAL_SOFTWARE"": 1.0}","{""GLOBAL_SOFTWARE"": 1.0}",1.0,3,MATURE,1.0,1.0,0.0,NO_TARGET_CHANGE,,"HISTORICAL UK RETAIL, ISA, ACCOUNT AND BROKER ELIGIBILITY REMAIN PARTLY UNRESOLVED"
REGIME_BINARY_WEEKLY,WEEKLY,2024-12-13,GLOBAL_SOFTWARE,EXTENDED,,"{""GLOBAL_SOFTWARE"": 1.0}","{""GLOBAL_SOFTWARE"": 1.0}",1.0,3,MATURE,1.0,1.0,0.0,NO_TARGET_CHANGE,,"HISTORICAL UK RETAIL, ISA, ACCOUNT AND BROKER ELIGIBILITY REMAIN PARTLY UNRESOLVED"
REGIME_BINARY_WEEKLY,WEEKLY,2024-12-20,GLOBAL_SOFTWARE,EXTENDED,,"{""GLOBAL_SOFTWARE"": 1.0}","{""GLOBAL_SOFTWARE"": 1.0}",1.0,3,MATURE,1.0,1.0,0.0,NO_TARGET_CHANGE,,"HISTORICAL UK RETAIL, ISA, ACCOUNT AND BROKER ELIGIBILITY REMAIN PARTLY UNRESOLVED"
REGIME_BINARY_WEEKLY,WEEKLY,2024-12-27,GLOBAL_SOFTWARE,EXTENDED,,"{""GLOBAL_SOFTWARE"": 1.0}","{""GLOBAL_SOFTWARE"": 1.0}",1.0,2,DETERIORATING,1.0,1.0,0.0,NO_TARGET_CHANGE,,"HISTORICAL UK RETAIL, ISA, ACCOUNT AND BROKER ELIGIBILITY REMAIN PARTLY UNRESOLVED"
REGIME_BINARY_WEEKLY,WEEKLY,2024-12-31,GLOBAL_SOFTWARE,EXTENDED,,"{""GLOBAL_SOFTWARE"": 1.0}","{""GLOBAL_SOFTWARE"": 1.0}",1.0,2,DETERIORATING,1.0,1.0,0.0,NO_TARGET_CHANGE,,"HISTORICAL UK RETAIL, ISA, ACCOUNT AND BROKER ELIGIBILITY REMAIN PARTLY UNRESOLVED"
REGIME_BINARY_WEEKLY,WEEKLY,2025-01-03,GLOBAL_SOFTWARE,EXTENDED,,"{""GLOBAL_SOFTWARE"": 1.0}","{""GLOBAL_SOFTWARE"": 1.0}",1.0,2,POSITIVE,1.0,1.0,0.0,NO_TARGET_CHANGE,,"HISTORICAL UK RETAIL, ISA, ACCOUNT AND BROKER ELIGIBILITY REMAIN PARTLY UNRESOLVED"
REGIME_BINARY_WEEKLY,WEEKLY,2025-01-10,GLOBAL_SOFTWARE,WEAKENING,,"{""GLOBAL_SOFTWARE"": 1.0}","{""GLOBAL_SOFTWARE"": 1.0}",1.0,1,POSITIVE,1.0,1.0,0.0,NO_TARGET_CHANGE,,"HISTORICAL UK RETAIL, ISA, ACCOUNT AND BROKER ELIGIBILITY REMAIN PARTLY UNRESOLVED"
REGIME_BINARY_WEEKLY,WEEKLY,2025-01-17,GLOBAL_SOFTWARE,WEAKENING,,"{""GLOBAL_SOFTWARE"": 1.0}","{""GLOBAL_SOFTWARE"": 1.0}",1.0,2,POSITIVE,1.0,1.0,0.0,NO_TARGET_CHANGE,,"HISTORICAL UK RETAIL, ISA, ACCOUNT AND BROKER ELIGIBILITY REMAIN PARTLY UNRESOLVED"
REGIME_BINARY_WEEKLY,WEEKLY,2025-01-24,GLOBAL_SOFTWARE,WEAKENING,,"{""GLOBAL_SOFTWARE"": 1.0}","{""GLOBAL_SOFTWARE"": 1.0}",1.0,2,POSITIVE,1.0,1.0,0.0,NO_TARGET_CHANGE,,"HISTORICAL UK RETAIL, ISA, ACCOUNT AND BROKER ELIGIBILITY REMAIN PARTLY UNRESOLVED"
REGIME_BINARY_WEEKLY,WEEKLY,2025-01-31,GLOBAL_SOFTWARE,WEAKENING,,"{""GLOBAL_SOFTWARE"": 1.0}","{""GLOBAL_SOFTWARE"": 1.0}",1.0,2,POSITIVE,1.0,1.0,0.0,NO_TARGET_CHANGE,,"HISTORICAL UK RETAIL, ISA, ACCOUNT AND BROKER ELIGIBILITY REMAIN PARTLY UNRESOLVED"
REGIME_BINARY_WEEKLY,WEEKLY,2025-02-07,GLOBAL_SOFTWARE,OTHER,,"{""GLOBAL_SOFTWARE"": 1.0}","{""GLOBAL_SOFTWARE"": 1.0}",1.0,3,POSITIVE,1.0,1.0,0.0,NO_TARGET_CHANGE,,"HISTORICAL UK RETAIL, ISA, ACCOUNT AND BROKER ELIGIBILITY REMAIN PARTLY UNRESOLVED"
REGIME_BINARY_WEEKLY,WEEKLY,2025-02-14,GLOBAL_SOFTWARE,OTHER,,"{""GLOBAL_SOFTWARE"": 1.0}","{""GLOBAL_SOFTWARE"": 1.0}",1.0,3,POSITIVE,1.0,1.0,0.0,NO_TARGET_CHANGE,,"HISTORICAL UK RETAIL, ISA, ACCOUNT AND BROKER ELIGIBILITY REMAIN PARTLY UNRESOLVED"
REGIME_BINARY_WEEKLY,WEEKLY,2025-02-21,GLOBAL_SOFTWARE,FAILED,,"{""GLOBAL_SOFTWARE"": 1.0}","{""GLOBAL_SOFTWARE"": 1.0}",1.0,4,STRONG,1.0,1.0,0.0,NO_TARGET_CHANGE,,"HISTORICAL UK RETAIL, ISA, ACCOUNT AND BROKER ELIGIBILITY REMAIN PARTLY UNRESOLVED"
REGIME_BINARY_WEEKLY,WEEKLY,2025-02-28,EUROPE_BANKS,EXTENDED,,"{""EUROPE_BANKS"": 1.0}","{""EUROPE_BANKS"": 1.0}",1.0,4,STRONG,1.0,1.0,0.0,PLANNED,2025-03-03,"HISTORICAL UK RETAIL, ISA, ACCOUNT AND BROKER ELIGIBILITY REMAIN PARTLY UNRESOLVED"
REGIME_BINARY_WEEKLY,WEEKLY,2025-03-07,EUROPE_BANKS,EXTENDED,,"{""EUROPE_BANKS"": 1.0}","{""EUROPE_BANKS"": 1.0}",1.0,4,STRONG,1.0,1.0,0.0,NO_TARGET_CHANGE,,"HISTORICAL UK RETAIL, ISA, ACCOUNT AND BROKER ELIGIBILITY REMAIN PARTLY UNRESOLVED"
REGIME_BINARY_WEEKLY,WEEKLY,2025-03-14,EUROPE_BANKS,EXTENDED,,"{""EUROPE_BANKS"": 1.0}","{""EUROPE_BANKS"": 1.0}",1.0,4,STRONG,1.0,1.0,0.0,NO_TARGET_CHANGE,,"HISTORICAL UK RETAIL, ISA, ACCOUNT AND BROKER ELIGIBILITY REMAIN PARTLY UNRESOLVED"
REGIME_BINARY_WEEKLY,WEEKLY,2025-03-21,EUROPE_BANKS,EXTENDED,,"{""EUROPE_BANKS"": 1.0}","{""EUROPE_BANKS"": 1.0}",1.0,4,STRONG,1.0,1.0,0.0,NO_TARGET_CHANGE,,"HISTORICAL UK RETAIL, ISA, ACCOUNT AND BROKER ELIGIBILITY REMAIN PARTLY UNRESOLVED"
REGIME_BINARY_WEEKLY,WEEKLY,2025-03-28,EUROPE_BANKS,OTHER,,"{""EUROPE_BANKS"": 1.0}","{""EUROPE_BANKS"": 1.0}",1.0,4,STRONG,1.0,1.0,0.0,NO_TARGET_CHANGE,,"HISTORICAL UK RETAIL, ISA, ACCOUNT AND BROKER ELIGIBILITY REMAIN PARTLY UNRESOLVED"
REGIME_BINARY_WEEKLY,WEEKLY,2025-03-31,GLOBAL_GOLD_MINERS,EXTENDED,,"{""GLOBAL_GOLD_MINERS"": 1.0}","{""GLOBAL_GOLD_MINERS"": 1.0}",1.0,4,STRONG,1.0,1.0,0.0,PLANNED,2025-04-01,"HISTORICAL UK RETAIL, ISA, ACCOUNT AND BROKER ELIGIBILITY REMAIN PARTLY UNRESOLVED"
REGIME_BINARY_WEEKLY,WEEKLY,2025-04-04,GLOBAL_GOLD_MINERS,EXTENDED,,"{""GLOBAL_GOLD_MINERS"": 1.0}",{},1.0,2,HOSTILE,0.0,0.0,1.0,PLANNED,2025-04-07,"HISTORICAL UK RETAIL, ISA, ACCOUNT AND BROKER ELIGIBILITY REMAIN PARTLY UNRESOLVED"
REGIME_BINARY_WEEKLY,WEEKLY,2025-04-11,GLOBAL_GOLD_MINERS,EXTENDED,,"{""GLOBAL_GOLD_MINERS"": 1.0}",{},1.0,2,HOSTILE,0.0,0.0,1.0,NO_TARGET_CHANGE,,"HISTORICAL UK RETAIL, ISA, ACCOUNT AND BROKER ELIGIBILITY REMAIN PARTLY UNRESOLVED"
REGIME_BINARY_WEEKLY,WEEKLY,2025-04-17,GLOBAL_GOLD_MINERS,EXTENDED,,"{""GLOBAL_GOLD_MINERS"": 1.0}",{},1.0,2,HOSTILE,0.0,0.0,1.0,NO_TARGET_CHANGE,,"HISTORICAL UK RETAIL, ISA, ACCOUNT AND BROKER ELIGIBILITY REMAIN PARTLY UNRESOLVED"
REGIME_BINARY_WEEKLY,WEEKLY,2025-04-25,GLOBAL_GOLD_MINERS,EXTENDED,,"{""GLOBAL_GOLD_MINERS"": 1.0}",{},1.0,2,HOSTILE,0.0,0.0,1.0,NO_TARGET_CHANGE,,"HISTORICAL UK RETAIL, ISA, ACCOUNT AND BROKER ELIGIBILITY REMAIN PARTLY UNRESOLVED"
REGIME_BINARY_WEEKLY,WEEKLY,2025-04-30,GLOBAL_GOLD_MINERS,EXTENDED,,"{""GLOBAL_GOLD_MINERS"": 1.0}",{},1.0,2,HOSTILE,0.0,0.0,1.0,NO_TARGET_CHANGE,,"HISTORICAL UK RETAIL, ISA, ACCOUNT AND BROKER ELIGIBILITY REMAIN PARTLY UNRESOLVED"
REGIME_BINARY_WEEKLY,WEEKLY,2025-05-02,GLOBAL_GOLD_MINERS,OTHER,,"{""GLOBAL_GOLD_MINERS"": 1.0}",{},1.0,2,HOSTILE,0.0,0.0,1.0,NO_TARGET_CHANGE,,"HISTORICAL UK RETAIL, ISA, ACCOUNT AND BROKER ELIGIBILITY REMAIN PARTLY UNRESOLVED"
REGIME_BINARY_WEEKLY,WEEKLY,2025-05-09,GLOBAL_GOLD_MINERS,OTHER,,"{""GLOBAL_GOLD_MINERS"": 1.0}",{},1.0,2,HOSTILE,0.0,0.0,1.0,NO_TARGET_CHANGE,,"HISTORICAL UK RETAIL, ISA, ACCOUNT AND BROKER ELIGIBILITY REMAIN PARTLY UNRESOLVED"
REGIME_BINARY_WEEKLY,WEEKLY,2025-05-16,GLOBAL_GOLD_MINERS,WEAKENING,,"{""GLOBAL_GOLD_MINERS"": 1.0}","{""GLOBAL_GOLD_MINERS"": 1.0}",1.0,3,MATURE,1.0,1.0,0.0,PLANNED,2025-05-19,"HISTORICAL UK RETAIL, ISA, ACCOUNT AND BROKER ELIGIBILITY REMAIN PARTLY UNRESOLVED"
REGIME_BINARY_WEEKLY,WEEKLY,2025-05-23,GLOBAL_GOLD_MINERS,WEAKENING,,"{""GLOBAL_GOLD_MINERS"": 1.0}",{},1.0,2,HOSTILE,0.0,0.0,1.0,PLANNED,2025-05-27,"HISTORICAL UK RETAIL, ISA, ACCOUNT AND BROKER ELIGIBILITY REMAIN PARTLY UNRESOLVED"
REGIME_BINARY_WEEKLY,WEEKLY,2025-05-30,GLOBAL_GOLD_MINERS,WEAKENING,,"{""GLOBAL_GOLD_MINERS"": 1.0}",{},1.0,2,HOSTILE,0.0,0.0,1.0,NO_TARGET_CHANGE,,"HISTORICAL UK RETAIL, ISA, ACCOUNT AND BROKER ELIGIBILITY REMAIN PARTLY UNRESOLVED"
REGIME_BINARY_WEEKLY,WEEKLY,2025-06-06,GLOBAL_GOLD_MINERS,WEAKENING,,"{""GLOBAL_GOLD_MINERS"": 1.0}","{""GLOBAL_GOLD_MINERS"": 1.0}",1.0,4,STRONG,1.0,1.0,0.0,PLANNED,2025-06-09,"HISTORICAL UK RETAIL, ISA, ACCOUNT AND BROKER ELIGIBILITY REMAIN PARTLY UNRESOLVED"
REGIME_BINARY_WEEKLY,WEEKLY,2025-06-13,GLOBAL_GOLD_MINERS,WEAKENING,,"{""GLOBAL_GOLD_MINERS"": 1.0}","{""GLOBAL_GOLD_MINERS"": 1.0}",1.0,3,MATURE,1.0,1.0,0.0,NO_TARGET_CHANGE,,"HISTORICAL UK RETAIL, ISA, ACCOUNT AND BROKER ELIGIBILITY REMAIN PARTLY UNRESOLVED"
REGIME_BINARY_WEEKLY,WEEKLY,2025-06-20,GLOBAL_GOLD_MINERS,ESTABLISHED,,"{""GLOBAL_GOLD_MINERS"": 1.0}","{""GLOBAL_GOLD_MINERS"": 1.0}",1.0,3,MATURE,1.0,1.0,0.0,NO_TARGET_CHANGE,,"HISTORICAL UK RETAIL, ISA, ACCOUNT AND BROKER ELIGIBILITY REMAIN PARTLY UNRESOLVED"
REGIME_BINARY_WEEKLY,WEEKLY,2025-06-27,GLOBAL_GOLD_MINERS,WEAKENING,,"{""GLOBAL_GOLD_MINERS"": 1.0}","{""GLOBAL_GOLD_MINERS"": 1.0}",1.0,2,DETERIORATING,1.0,1.0,0.0,NO_TARGET_CHANGE,,"HISTORICAL UK RETAIL, ISA, ACCOUNT AND BROKER ELIGIBILITY REMAIN PARTLY UNRESOLVED"
REGIME_BINARY_WEEKLY,WEEKLY,2025-06-30,EUROPE_BANKS,WEAKENING,,"{""EUROPE_BANKS"": 1.0}","{""EUROPE_BANKS"": 1.0}",1.0,2,DETERIORATING,1.0,1.0,0.0,PLANNED,2025-07-01,"HISTORICAL UK RETAIL, ISA, ACCOUNT AND BROKER ELIGIBILITY REMAIN PARTLY UNRESOLVED"
REGIME_BINARY_WEEKLY,WEEKLY,2025-07-04,EUROPE_BANKS,OTHER,,"{""EUROPE_BANKS"": 1.0}","{""EUROPE_BANKS"": 1.0}",1.0,2,DETERIORATING,1.0,1.0,0.0,NO_TARGET_CHANGE,,"HISTORICAL UK RETAIL, ISA, ACCOUNT AND BROKER ELIGIBILITY REMAIN PARTLY UNRESOLVED"
REGIME_BINARY_WEEKLY,WEEKLY,2025-07-11,EUROPE_BANKS,OTHER,,"{""EUROPE_BANKS"": 1.0}","{""EUROPE_BANKS"": 1.0}",1.0,1,DETERIORATING,1.0,1.0,0.0,NO_TARGET_CHANGE,,"HISTORICAL UK RETAIL, ISA, ACCOUNT AND BROKER ELIGIBILITY REMAIN PARTLY UNRESOLVED"
REGIME_BINARY_WEEKLY,WEEKLY,2025-07-18,EUROPE_BANKS,WEAKENING,,"{""EUROPE_BANKS"": 1.0}","{""EUROPE_BANKS"": 1.0}",1.0,5,STRONG,1.0,1.0,0.0,NO_TARGET_CHANGE,,"HISTORICAL UK RETAIL, ISA, ACCOUNT AND BROKER ELIGIBILITY REMAIN PARTLY UNRESOLVED"
REGIME_BINARY_WEEKLY,WEEKLY,2025-07-25,EUROPE_BANKS,OTHER,,"{""EUROPE_BANKS"": 1.0}","{""EUROPE_BANKS"": 1.0}",1.0,4,MATURE,1.0,1.0,0.0,NO_TARGET_CHANGE,,"HISTORICAL UK RETAIL, ISA, ACCOUNT AND BROKER ELIGIBILITY REMAIN PARTLY UNRESOLVED"
REGIME_BINARY_WEEKLY,WEEKLY,2025-07-31,EUROPE_BANKS,ESTABLISHED,,"{""EUROPE_BANKS"": 1.0}","{""EUROPE_BANKS"": 1.0}",1.0,4,MATURE,1.0,1.0,0.0,NO_TARGET_CHANGE,,"HISTORICAL UK RETAIL, ISA, ACCOUNT AND BROKER ELIGIBILITY REMAIN PARTLY UNRESOLVED"
REGIME_BINARY_WEEKLY,WEEKLY,2025-08-01,EUROPE_BANKS,CONFIRMING,,"{""EUROPE_BANKS"": 1.0}","{""EUROPE_BANKS"": 1.0}",1.0,3,DETERIORATING,1.0,1.0,0.0,NO_TARGET_CHANGE,,"HISTORICAL UK RETAIL, ISA, ACCOUNT AND BROKER ELIGIBILITY REMAIN PARTLY UNRESOLVED"
REGIME_BINARY_WEEKLY,WEEKLY,2025-08-08,EUROPE_BANKS,ESTABLISHED,,"{""EUROPE_BANKS"": 1.0}","{""EUROPE_BANKS"": 1.0}",1.0,3,DETERIORATING,1.0,1.0,0.0,NO_TARGET_CHANGE,,"HISTORICAL UK RETAIL, ISA, ACCOUNT AND BROKER ELIGIBILITY REMAIN PARTLY UNRESOLVED"
REGIME_BINARY_WEEKLY,WEEKLY,2025-08-15,EUROPE_BANKS,ESTABLISHED,,"{""EUROPE_BANKS"": 1.0}","{""EUROPE_BANKS"": 1.0}",1.0,4,MATURE,1.0,1.0,0.0,NO_TARGET_CHANGE,,"HISTORICAL UK RETAIL, ISA, ACCOUNT AND BROKER ELIGIBILITY REMAIN PARTLY UNRESOLVED"
REGIME_BINARY_WEEKLY,WEEKLY,2025-08-22,EUROPE_BANKS,CONFIRMING,,"{""EUROPE_BANKS"": 1.0}","{""EUROPE_BANKS"": 1.0}",1.0,4,MATURE,1.0,1.0,0.0,NO_TARGET_CHANGE,,"HISTORICAL UK RETAIL, ISA, ACCOUNT AND BROKER ELIGIBILITY REMAIN PARTLY UNRESOLVED"
REGIME_BINARY_WEEKLY,WEEKLY,2025-08-29,GLOBAL_SILVER_MINERS,ESTABLISHED,,"{""GLOBAL_SILVER_MINERS"": 1.0}","{""GLOBAL_SILVER_MINERS"": 1.0}",1.0,2,DETERIORATING,1.0,1.0,0.0,PLANNED,2025-09-01,"HISTORICAL UK RETAIL, ISA, ACCOUNT AND BROKER ELIGIBILITY REMAIN PARTLY UNRESOLVED"
REGIME_BINARY_WEEKLY,WEEKLY,2025-09-05,GLOBAL_SILVER_MINERS,ESTABLISHED,,"{""GLOBAL_SILVER_MINERS"": 1.0}","{""GLOBAL_SILVER_MINERS"": 1.0}",1.0,3,DETERIORATING,1.0,1.0,0.0,NO_TARGET_CHANGE,,"HISTORICAL UK RETAIL, ISA, ACCOUNT AND BROKER ELIGIBILITY REMAIN PARTLY UNRESOLVED"
REGIME_BINARY_WEEKLY,WEEKLY,2025-09-12,GLOBAL_SILVER_MINERS,CONFIRMING,,"{""GLOBAL_SILVER_MINERS"": 1.0}","{""GLOBAL_SILVER_MINERS"": 1.0}",1.0,2,DETERIORATING,1.0,1.0,0.0,NO_TARGET_CHANGE,,"HISTORICAL UK RETAIL, ISA, ACCOUNT AND BROKER ELIGIBILITY REMAIN PARTLY UNRESOLVED"
REGIME_BINARY_WEEKLY,WEEKLY,2025-09-19,GLOBAL_SILVER_MINERS,EXTENDED,,"{""GLOBAL_SILVER_MINERS"": 1.0}","{""GLOBAL_SILVER_MINERS"": 1.0}",1.0,3,MATURE,1.0,1.0,0.0,NO_TARGET_CHANGE,,"HISTORICAL UK RETAIL, ISA, ACCOUNT AND BROKER ELIGIBILITY REMAIN PARTLY UNRESOLVED"
REGIME_BINARY_WEEKLY,WEEKLY,2025-09-26,GLOBAL_SILVER_MINERS,EXTENDED,,"{""GLOBAL_SILVER_MINERS"": 1.0}","{""GLOBAL_SILVER_MINERS"": 1.0}",1.0,3,MATURE,1.0,1.0,0.0,NO_TARGET_CHANGE,,"HISTORICAL UK RETAIL, ISA, ACCOUNT AND BROKER ELIGIBILITY REMAIN PARTLY UNRESOLVED"
REGIME_BINARY_WEEKLY,WEEKLY,2025-09-30,GLOBAL_SILVER_MINERS,EXTENDED,,"{""GLOBAL_SILVER_MINERS"": 1.0}","{""GLOBAL_SILVER_MINERS"": 1.0}",1.0,3,MATURE,1.0,1.0,0.0,NO_TARGET_CHANGE,,"HISTORICAL UK RETAIL, ISA, ACCOUNT AND BROKER ELIGIBILITY REMAIN PARTLY UNRESOLVED"
REGIME_BINARY_WEEKLY,WEEKLY,2025-10-03,GLOBAL_SILVER_MINERS,OTHER,,"{""GLOBAL_SILVER_MINERS"": 1.0}","{""GLOBAL_SILVER_MINERS"": 1.0}",1.0,3,MATURE,1.0,1.0,0.0,NO_TARGET_CHANGE,,"HISTORICAL UK RETAIL, ISA, ACCOUNT AND BROKER ELIGIBILITY REMAIN PARTLY UNRESOLVED"
REGIME_BINARY_WEEKLY,WEEKLY,2025-10-10,GLOBAL_SILVER_MINERS,EXTENDED,,"{""GLOBAL_SILVER_MINERS"": 1.0}","{""GLOBAL_SILVER_MINERS"": 1.0}",1.0,4,STRONG,1.0,1.0,0.0,NO_TARGET_CHANGE,,"HISTORICAL UK RETAIL, ISA, ACCOUNT AND BROKER ELIGIBILITY REMAIN PARTLY UNRESOLVED"
REGIME_BINARY_WEEKLY,WEEKLY,2025-10-17,GLOBAL_SILVER_MINERS,EXTENDED,,"{""GLOBAL_SILVER_MINERS"": 1.0}","{""GLOBAL_SILVER_MINERS"": 1.0}",1.0,4,STRONG,1.0,1.0,0.0,NO_TARGET_CHANGE,,"HISTORICAL UK RETAIL, ISA, ACCOUNT AND BROKER ELIGIBILITY REMAIN PARTLY UNRESOLVED"
REGIME_BINARY_WEEKLY,WEEKLY,2025-10-24,GLOBAL_SILVER_MINERS,WEAKENING,,"{""GLOBAL_SILVER_MINERS"": 1.0}","{""GLOBAL_SILVER_MINERS"": 1.0}",1.0,3,MATURE,1.0,1.0,0.0,NO_TARGET_CHANGE,,"HISTORICAL UK RETAIL, ISA, ACCOUNT AND BROKER ELIGIBILITY REMAIN PARTLY UNRESOLVED"
REGIME_BINARY_WEEKLY,WEEKLY,2025-10-31,GLOBAL_SILVER_MINERS,WEAKENING,,"{""GLOBAL_SILVER_MINERS"": 1.0}","{""GLOBAL_SILVER_MINERS"": 1.0}",1.0,4,STRONG,1.0,1.0,0.0,NO_TARGET_CHANGE,,"HISTORICAL UK RETAIL, ISA, ACCOUNT AND BROKER ELIGIBILITY REMAIN PARTLY UNRESOLVED"
REGIME_BINARY_WEEKLY,WEEKLY,2025-11-07,GLOBAL_SILVER_MINERS,WEAKENING,,"{""GLOBAL_SILVER_MINERS"": 1.0}","{""GLOBAL_SILVER_MINERS"": 1.0}",1.0,2,DETERIORATING,1.0,1.0,0.0,NO_TARGET_CHANGE,,"HISTORICAL UK RETAIL, ISA, ACCOUNT AND BROKER ELIGIBILITY REMAIN PARTLY UNRESOLVED"
REGIME_BINARY_WEEKLY,WEEKLY,2025-11-14,GLOBAL_SILVER_MINERS,WEAKENING,,"{""GLOBAL_SILVER_MINERS"": 1.0}","{""GLOBAL_SILVER_MINERS"": 1.0}",1.0,4,STRONG,1.0,1.0,0.0,NO_TARGET_CHANGE,,"HISTORICAL UK RETAIL, ISA, ACCOUNT AND BROKER ELIGIBILITY REMAIN PARTLY UNRESOLVED"
REGIME_BINARY_WEEKLY,WEEKLY,2025-11-21,GLOBAL_SILVER_MINERS,WEAKENING,,"{""GLOBAL_SILVER_MINERS"": 1.0}","{""GLOBAL_SILVER_MINERS"": 1.0}",1.0,3,MATURE,1.0,1.0,0.0,NO_TARGET_CHANGE,,"HISTORICAL UK RETAIL, ISA, ACCOUNT AND BROKER ELIGIBILITY REMAIN PARTLY UNRESOLVED"
REGIME_BINARY_WEEKLY,WEEKLY,2025-11-28,GLOBAL_SILVER_MINERS,WEAKENING,,"{""GLOBAL_SILVER_MINERS"": 1.0}","{""GLOBAL_SILVER_MINERS"": 1.0}",1.0,4,STRONG,1.0,1.0,0.0,NO_TARGET_CHANGE,,"HISTORICAL UK RETAIL, ISA, ACCOUNT AND BROKER ELIGIBILITY REMAIN PARTLY UNRESOLVED"
REGIME_BINARY_WEEKLY,WEEKLY,2025-12-05,GLOBAL_SILVER_MINERS,ESTABLISHED,,"{""GLOBAL_SILVER_MINERS"": 1.0}","{""GLOBAL_SILVER_MINERS"": 1.0}",1.0,4,STRONG,1.0,1.0,0.0,NO_TARGET_CHANGE,,"HISTORICAL UK RETAIL, ISA, ACCOUNT AND BROKER ELIGIBILITY REMAIN PARTLY UNRESOLVED"
REGIME_BINARY_WEEKLY,WEEKLY,2025-12-12,GLOBAL_SILVER_MINERS,ESTABLISHED,,"{""GLOBAL_SILVER_MINERS"": 1.0}","{""GLOBAL_SILVER_MINERS"": 1.0}",1.0,4,STRONG,1.0,1.0,0.0,NO_TARGET_CHANGE,,"HISTORICAL UK RETAIL, ISA, ACCOUNT AND BROKER ELIGIBILITY REMAIN PARTLY UNRESOLVED"
REGIME_BINARY_WEEKLY,WEEKLY,2025-12-19,GLOBAL_SILVER_MINERS,ESTABLISHED,,"{""GLOBAL_SILVER_MINERS"": 1.0}","{""GLOBAL_SILVER_MINERS"": 1.0}",1.0,4,STRONG,1.0,1.0,0.0,NO_TARGET_CHANGE,,"HISTORICAL UK RETAIL, ISA, ACCOUNT AND BROKER ELIGIBILITY REMAIN PARTLY UNRESOLVED"
REGIME_BINARY_WEEKLY,WEEKLY,2025-12-24,GLOBAL_SILVER_MINERS,ESTABLISHED,,"{""GLOBAL_SILVER_MINERS"": 1.0}","{""GLOBAL_SILVER_MINERS"": 1.0}",1.0,4,STRONG,1.0,1.0,0.0,NO_TARGET_CHANGE,,"HISTORICAL UK RETAIL, ISA, ACCOUNT AND BROKER ELIGIBILITY REMAIN PARTLY UNRESOLVED"
REGIME_BINARY_WEEKLY,WEEKLY,2025-12-31,GLOBAL_SILVER_MINERS,ESTABLISHED,,"{""GLOBAL_SILVER_MINERS"": 1.0}","{""GLOBAL_SILVER_MINERS"": 1.0}",1.0,4,STRONG,1.0,1.0,0.0,NO_TARGET_CHANGE,,"HISTORICAL UK RETAIL, ISA, ACCOUNT AND BROKER ELIGIBILITY REMAIN PARTLY UNRESOLVED"
REGIME_BINARY_WEEKLY,WEEKLY,2026-01-02,GLOBAL_SILVER_MINERS,ESTABLISHED,,"{""GLOBAL_SILVER_MINERS"": 1.0}","{""GLOBAL_SILVER_MINERS"": 1.0}",1.0,3,MATURE,1.0,1.0,0.0,NO_TARGET_CHANGE,,"HISTORICAL UK RETAIL, ISA, ACCOUNT AND BROKER ELIGIBILITY REMAIN PARTLY UNRESOLVED"
REGIME_BINARY_WEEKLY,WEEKLY,2026-01-09,GLOBAL_SILVER_MINERS,ESTABLISHED,,"{""GLOBAL_SILVER_MINERS"": 1.0}","{""GLOBAL_SILVER_MINERS"": 1.0}",1.0,3,MATURE,1.0,1.0,0.0,NO_TARGET_CHANGE,,"HISTORICAL UK RETAIL, ISA, ACCOUNT AND BROKER ELIGIBILITY REMAIN PARTLY UNRESOLVED"
REGIME_BINARY_WEEKLY,WEEKLY,2026-01-16,GLOBAL_SILVER_MINERS,ESTABLISHED,,"{""GLOBAL_SILVER_MINERS"": 1.0}","{""GLOBAL_SILVER_MINERS"": 1.0}",1.0,3,MATURE,1.0,1.0,0.0,NO_TARGET_CHANGE,,"HISTORICAL UK RETAIL, ISA, ACCOUNT AND BROKER ELIGIBILITY REMAIN PARTLY UNRESOLVED"
REGIME_BINARY_WEEKLY,WEEKLY,2026-01-23,GLOBAL_SILVER_MINERS,EXTENDED,,"{""GLOBAL_SILVER_MINERS"": 1.0}","{""GLOBAL_SILVER_MINERS"": 1.0}",1.0,4,STRONG,1.0,1.0,0.0,NO_TARGET_CHANGE,,"HISTORICAL UK RETAIL, ISA, ACCOUNT AND BROKER ELIGIBILITY REMAIN PARTLY UNRESOLVED"
REGIME_BINARY_WEEKLY,WEEKLY,2026-01-30,GLOBAL_SILVER_MINERS,EXTENDED,,"{""GLOBAL_SILVER_MINERS"": 1.0}","{""GLOBAL_SILVER_MINERS"": 1.0}",1.0,3,MATURE,1.0,1.0,0.0,NO_TARGET_CHANGE,,"HISTORICAL UK RETAIL, ISA, ACCOUNT AND BROKER ELIGIBILITY REMAIN PARTLY UNRESOLVED"
REGIME_BINARY_WEEKLY,WEEKLY,2026-02-06,GLOBAL_SILVER_MINERS,EXTENDED,,"{""GLOBAL_SILVER_MINERS"": 1.0}","{""GLOBAL_SILVER_MINERS"": 1.0}",1.0,3,MATURE,1.0,1.0,0.0,NO_TARGET_CHANGE,,"HISTORICAL UK RETAIL, ISA, ACCOUNT AND BROKER ELIGIBILITY REMAIN PARTLY UNRESOLVED"
REGIME_BINARY_WEEKLY,WEEKLY,2026-02-13,GLOBAL_SILVER_MINERS,EXTENDED,,"{""GLOBAL_SILVER_MINERS"": 1.0}","{""GLOBAL_SILVER_MINERS"": 1.0}",1.0,3,MATURE,1.0,1.0,0.0,NO_TARGET_CHANGE,,"HISTORICAL UK RETAIL, ISA, ACCOUNT AND BROKER ELIGIBILITY REMAIN PARTLY UNRESOLVED"
REGIME_BINARY_WEEKLY,WEEKLY,2026-02-20,GLOBAL_SILVER_MINERS,WEAKENING,,"{""GLOBAL_SILVER_MINERS"": 1.0}","{""GLOBAL_SILVER_MINERS"": 1.0}",1.0,3,MATURE,1.0,1.0,0.0,NO_TARGET_CHANGE,,"HISTORICAL UK RETAIL, ISA, ACCOUNT AND BROKER ELIGIBILITY REMAIN PARTLY UNRESOLVED"
REGIME_BINARY_WEEKLY,WEEKLY,2026-02-27,GLOBAL_SILVER_MINERS,EXTENDED,,"{""GLOBAL_SILVER_MINERS"": 1.0}","{""GLOBAL_SILVER_MINERS"": 1.0}",1.0,3,MATURE,1.0,1.0,0.0,NO_TARGET_CHANGE,,"HISTORICAL UK RETAIL, ISA, ACCOUNT AND BROKER ELIGIBILITY REMAIN PARTLY UNRESOLVED"
REGIME_BINARY_WEEKLY,WEEKLY,2026-03-06,GLOBAL_SILVER_MINERS,EXTENDED,,"{""GLOBAL_SILVER_MINERS"": 1.0}","{""GLOBAL_SILVER_MINERS"": 1.0}",1.0,4,STRONG,1.0,1.0,0.0,NO_TARGET_CHANGE,,"HISTORICAL UK RETAIL, ISA, ACCOUNT AND BROKER ELIGIBILITY REMAIN PARTLY UNRESOLVED"
REGIME_BINARY_WEEKLY,WEEKLY,2026-03-13,GLOBAL_SILVER_MINERS,WEAKENING,,"{""GLOBAL_SILVER_MINERS"": 1.0}","{""GLOBAL_SILVER_MINERS"": 1.0}",1.0,4,STRONG,1.0,1.0,0.0,NO_TARGET_CHANGE,,"HISTORICAL UK RETAIL, ISA, ACCOUNT AND BROKER ELIGIBILITY REMAIN PARTLY UNRESOLVED"
REGIME_BINARY_WEEKLY,WEEKLY,2026-03-20,GLOBAL_SILVER_MINERS,FAILED,,"{""GLOBAL_SILVER_MINERS"": 1.0}","{""GLOBAL_SILVER_MINERS"": 1.0}",1.0,4,STRONG,1.0,1.0,0.0,NO_TARGET_CHANGE,,"HISTORICAL UK RETAIL, ISA, ACCOUNT AND BROKER ELIGIBILITY REMAIN PARTLY UNRESOLVED"
REGIME_BINARY_WEEKLY,WEEKLY,2026-03-27,GLOBAL_SILVER_MINERS,FAILED,,"{""GLOBAL_SILVER_MINERS"": 1.0}","{""GLOBAL_SILVER_MINERS"": 1.0}",1.0,3,MATURE,1.0,1.0,0.0,NO_TARGET_CHANGE,,"HISTORICAL UK RETAIL, ISA, ACCOUNT AND BROKER ELIGIBILITY REMAIN PARTLY UNRESOLVED"
REGIME_BINARY_WEEKLY,WEEKLY,2026-03-31,GLOBAL_OIL_GAS,EXTENDED,,"{""GLOBAL_OIL_GAS"": 1.0}","{""GLOBAL_OIL_GAS"": 1.0}",1.0,3,MATURE,1.0,1.0,0.0,PLANNED,2026-04-01,"HISTORICAL UK RETAIL, ISA, ACCOUNT AND BROKER ELIGIBILITY REMAIN PARTLY UNRESOLVED"
REGIME_BINARY_WEEKLY,WEEKLY,2026-04-02,GLOBAL_OIL_GAS,CONFIRMING,,"{""GLOBAL_OIL_GAS"": 1.0}","{""GLOBAL_OIL_GAS"": 1.0}",1.0,4,STRONG,1.0,1.0,0.0,NO_TARGET_CHANGE,,"HISTORICAL UK RETAIL, ISA, ACCOUNT AND BROKER ELIGIBILITY REMAIN PARTLY UNRESOLVED"
REGIME_BINARY_WEEKLY,WEEKLY,2026-04-10,GLOBAL_OIL_GAS,CONFIRMING,,"{""GLOBAL_OIL_GAS"": 1.0}","{""GLOBAL_OIL_GAS"": 1.0}",1.0,4,STRONG,1.0,1.0,0.0,NO_TARGET_CHANGE,,"HISTORICAL UK RETAIL, ISA, ACCOUNT AND BROKER ELIGIBILITY REMAIN PARTLY UNRESOLVED"
REGIME_BINARY_WEEKLY,WEEKLY,2026-04-17,GLOBAL_OIL_GAS,OTHER,,"{""GLOBAL_OIL_GAS"": 1.0}","{""GLOBAL_OIL_GAS"": 1.0}",1.0,3,MATURE,1.0,1.0,0.0,NO_TARGET_CHANGE,,"HISTORICAL UK RETAIL, ISA, ACCOUNT AND BROKER ELIGIBILITY REMAIN PARTLY UNRESOLVED"
REGIME_BINARY_WEEKLY,WEEKLY,2026-04-24,GLOBAL_OIL_GAS,WEAKENING,,"{""GLOBAL_OIL_GAS"": 1.0}","{""GLOBAL_OIL_GAS"": 1.0}",1.0,4,STRONG,1.0,1.0,0.0,NO_TARGET_CHANGE,,"HISTORICAL UK RETAIL, ISA, ACCOUNT AND BROKER ELIGIBILITY REMAIN PARTLY UNRESOLVED"
REGIME_BINARY_WEEKLY,WEEKLY,2026-04-30,GLOBAL_SEMICONDUCTORS,EXTENDED,,"{""GLOBAL_SEMICONDUCTORS"": 1.0}","{""GLOBAL_SEMICONDUCTORS"": 1.0}",1.0,4,STRONG,1.0,1.0,0.0,PLANNED,2026-05-01,"HISTORICAL UK RETAIL, ISA, ACCOUNT AND BROKER ELIGIBILITY REMAIN PARTLY UNRESOLVED"
REGIME_BINARY_WEEKLY,WEEKLY,2026-05-01,GLOBAL_SEMICONDUCTORS,EXTENDED,,"{""GLOBAL_SEMICONDUCTORS"": 1.0}","{""GLOBAL_SEMICONDUCTORS"": 1.0}",1.0,5,STRONG,1.0,1.0,0.0,NO_TARGET_CHANGE,,"HISTORICAL UK RETAIL, ISA, ACCOUNT AND BROKER ELIGIBILITY REMAIN PARTLY UNRESOLVED"
REGIME_BINARY_WEEKLY,WEEKLY,2026-05-08,GLOBAL_SEMICONDUCTORS,EXTENDED,,"{""GLOBAL_SEMICONDUCTORS"": 1.0}","{""GLOBAL_SEMICONDUCTORS"": 1.0}",1.0,5,STRONG,1.0,1.0,0.0,NO_TARGET_CHANGE,,"HISTORICAL UK RETAIL, ISA, ACCOUNT AND BROKER ELIGIBILITY REMAIN PARTLY UNRESOLVED"
REGIME_BINARY_WEEKLY,WEEKLY,2026-05-15,GLOBAL_SEMICONDUCTORS,EXTENDED,,"{""GLOBAL_SEMICONDUCTORS"": 1.0}","{""GLOBAL_SEMICONDUCTORS"": 1.0}",1.0,4,MATURE,1.0,1.0,0.0,NO_TARGET_CHANGE,,"HISTORICAL UK RETAIL, ISA, ACCOUNT AND BROKER ELIGIBILITY REMAIN PARTLY UNRESOLVED"
REGIME_BINARY_WEEKLY,WEEKLY,2026-05-22,GLOBAL_SEMICONDUCTORS,EXTENDED,,"{""GLOBAL_SEMICONDUCTORS"": 1.0}","{""GLOBAL_SEMICONDUCTORS"": 1.0}",1.0,3,DETERIORATING,1.0,1.0,0.0,NO_TARGET_CHANGE,,"HISTORICAL UK RETAIL, ISA, ACCOUNT AND BROKER ELIGIBILITY REMAIN PARTLY UNRESOLVED"
REGIME_BINARY_WEEKLY,WEEKLY,2026-05-29,GLOBAL_SEMICONDUCTORS,EXTENDED,,"{""GLOBAL_SEMICONDUCTORS"": 1.0}","{""GLOBAL_SEMICONDUCTORS"": 1.0}",1.0,4,MATURE,1.0,1.0,0.0,NO_TARGET_CHANGE,,"HISTORICAL UK RETAIL, ISA, ACCOUNT AND BROKER ELIGIBILITY REMAIN PARTLY UNRESOLVED"
REGIME_BINARY_WEEKLY,WEEKLY,2026-06-05,GLOBAL_SEMICONDUCTORS,EXTENDED,,"{""GLOBAL_SEMICONDUCTORS"": 1.0}","{""GLOBAL_SEMICONDUCTORS"": 1.0}",1.0,3,DETERIORATING,1.0,1.0,0.0,NO_TARGET_CHANGE,,"HISTORICAL UK RETAIL, ISA, ACCOUNT AND BROKER ELIGIBILITY REMAIN PARTLY UNRESOLVED"
REGIME_BINARY_WEEKLY,WEEKLY,2026-06-12,GLOBAL_SEMICONDUCTORS,EXTENDED,,"{""GLOBAL_SEMICONDUCTORS"": 1.0}","{""GLOBAL_SEMICONDUCTORS"": 1.0}",1.0,4,MATURE,1.0,1.0,0.0,NO_TARGET_CHANGE,,"HISTORICAL UK RETAIL, ISA, ACCOUNT AND BROKER ELIGIBILITY REMAIN PARTLY UNRESOLVED"
REGIME_BINARY_WEEKLY,WEEKLY,2026-06-19,GLOBAL_SEMICONDUCTORS,EXTENDED,,"{""GLOBAL_SEMICONDUCTORS"": 1.0}","{""GLOBAL_SEMICONDUCTORS"": 1.0}",1.0,3,DETERIORATING,1.0,1.0,0.0,NO_TARGET_CHANGE,,"HISTORICAL UK RETAIL, ISA, ACCOUNT AND BROKER ELIGIBILITY REMAIN PARTLY UNRESOLVED"
REGIME_BINARY_WEEKLY,WEEKLY,2026-06-26,GLOBAL_SEMICONDUCTORS,EXTENDED,,"{""GLOBAL_SEMICONDUCTORS"": 1.0}","{""GLOBAL_SEMICONDUCTORS"": 1.0}",1.0,3,DETERIORATING,1.0,1.0,0.0,NO_TARGET_CHANGE,,"HISTORICAL UK RETAIL, ISA, ACCOUNT AND BROKER ELIGIBILITY REMAIN PARTLY UNRESOLVED"
REGIME_BINARY_WEEKLY,WEEKLY,2026-06-30,GLOBAL_SEMICONDUCTORS,EXTENDED,,"{""GLOBAL_SEMICONDUCTORS"": 1.0}","{""GLOBAL_SEMICONDUCTORS"": 1.0}",1.0,3,DETERIORATING,1.0,1.0,0.0,NO_TARGET_CHANGE,,"HISTORICAL UK RETAIL, ISA, ACCOUNT AND BROKER ELIGIBILITY REMAIN PARTLY UNRESOLVED"
REGIME_BINARY_WEEKLY,WEEKLY,2026-07-03,GLOBAL_SEMICONDUCTORS,EXTENDED,,"{""GLOBAL_SEMICONDUCTORS"": 1.0}","{""GLOBAL_SEMICONDUCTORS"": 1.0}",1.0,3,DETERIORATING,1.0,1.0,0.0,NO_TARGET_CHANGE,,"HISTORICAL UK RETAIL, ISA, ACCOUNT AND BROKER ELIGIBILITY REMAIN PARTLY UNRESOLVED"
REGIME_BINARY_WEEKLY,WEEKLY,2026-07-10,GLOBAL_SEMICONDUCTORS,EXTENDED,,"{""GLOBAL_SEMICONDUCTORS"": 1.0}","{""GLOBAL_SEMICONDUCTORS"": 1.0}",1.0,3,MATURE,1.0,1.0,0.0,NO_TARGET_CHANGE,,"HISTORICAL UK RETAIL, ISA, ACCOUNT AND BROKER ELIGIBILITY REMAIN PARTLY UNRESOLVED"
REGIME_BINARY_WEEKLY,WEEKLY,2026-07-17,GLOBAL_SEMICONDUCTORS,WEAKENING,,"{""GLOBAL_SEMICONDUCTORS"": 1.0}","{""GLOBAL_SEMICONDUCTORS"": 1.0}",1.0,2,DETERIORATING,1.0,1.0,0.0,NO_TARGET_CHANGE,,"HISTORICAL UK RETAIL, ISA, ACCOUNT AND BROKER ELIGIBILITY REMAIN PARTLY UNRESOLVED"
REGIME_BINARY_WEEKLY,WEEKLY,2026-07-24,GLOBAL_SEMICONDUCTORS,WEAKENING,,"{""GLOBAL_SEMICONDUCTORS"": 1.0}","{""GLOBAL_SEMICONDUCTORS"": 1.0}",1.0,3,MATURE,1.0,1.0,0.0,NO_TARGET_CHANGE,,"HISTORICAL UK RETAIL, ISA, ACCOUNT AND BROKER ELIGIBILITY REMAIN PARTLY UNRESOLVED"
REGIME_BINARY_WEEKLY,WEEKLY,2026-07-31,GLOBAL_SEMICONDUCTORS,WEAKENING,,"{""GLOBAL_SEMICONDUCTORS"": 1.0}","{""GLOBAL_SEMICONDUCTORS"": 1.0}",1.0,5,STRONG,1.0,1.0,0.0,NO_TARGET_CHANGE,,"HISTORICAL UK RETAIL, ISA, ACCOUNT AND BROKER ELIGIBILITY REMAIN PARTLY UNRESOLVED"
REGIME_BINARY_WEEKLY,WEEKLY,2026-08-07,GLOBAL_SEMICONDUCTORS,FAILED,,"{""GLOBAL_SEMICONDUCTORS"": 1.0}","{""GLOBAL_SEMICONDUCTORS"": 1.0}",1.0,3,DETERIORATING,1.0,1.0,0.0,NO_TARGET_CHANGE,,"HISTORICAL UK RETAIL, ISA, ACCOUNT AND BROKER ELIGIBILITY REMAIN PARTLY UNRESOLVED"
REGIME_BINARY_WEEKLY,WEEKLY,2026-08-14,GLOBAL_SEMICONDUCTORS,WEAKENING,,"{""GLOBAL_SEMICONDUCTORS"": 1.0}","{""GLOBAL_SEMICONDUCTORS"": 1.0}",1.0,3,DETERIORATING,1.0,1.0,0.0,NO_TARGET_CHANGE,,"HISTORICAL UK RETAIL, ISA, ACCOUNT AND BROKER ELIGIBILITY REMAIN PARTLY UNRESOLVED"
REGIME_BINARY_WEEKLY,WEEKLY,2026-08-21,GLOBAL_GENOMICS,EXTENDED,,"{""GLOBAL_GENOMICS"": 1.0}","{""GLOBAL_GENOMICS"": 1.0}",1.0,3,DETERIORATING,1.0,1.0,0.0,CANCELLED_PANEL_END_NO_EXECUTION_SESSION,,"HISTORICAL UK RETAIL, ISA, ACCOUNT AND BROKER ELIGIBILITY REMAIN PARTLY UNRESOLVED"
REGIME_GRADUAL_WEEKLY,WEEKLY,2021-08-31,GLOBAL_CYBERSECURITY,ESTABLISHED,,"{""GLOBAL_CYBERSECURITY"": 1.0}","{""GLOBAL_CYBERSECURITY"": 0.75}",1.0,3,MATURE,0.75,0.75,0.25,PLANNED,2021-09-01,"HISTORICAL UK RETAIL, ISA, ACCOUNT AND BROKER ELIGIBILITY REMAIN PARTLY UNRESOLVED"
REGIME_GRADUAL_WEEKLY,WEEKLY,2021-09-03,GLOBAL_CYBERSECURITY,EXTENDED,,"{""GLOBAL_CYBERSECURITY"": 1.0}","{""GLOBAL_CYBERSECURITY"": 0.75}",1.0,3,MATURE,0.75,0.75,0.25,NO_TARGET_CHANGE,,"HISTORICAL UK RETAIL, ISA, ACCOUNT AND BROKER ELIGIBILITY REMAIN PARTLY UNRESOLVED"
REGIME_GRADUAL_WEEKLY,WEEKLY,2021-09-10,GLOBAL_CYBERSECURITY,ESTABLISHED,,"{""GLOBAL_CYBERSECURITY"": 1.0}","{""GLOBAL_CYBERSECURITY"": 0.75}",1.0,3,MATURE,0.75,0.75,0.25,NO_TARGET_CHANGE,,"HISTORICAL UK RETAIL, ISA, ACCOUNT AND BROKER ELIGIBILITY REMAIN PARTLY UNRESOLVED"
REGIME_GRADUAL_WEEKLY,WEEKLY,2021-09-17,GLOBAL_CYBERSECURITY,ESTABLISHED,,"{""GLOBAL_CYBERSECURITY"": 1.0}","{""GLOBAL_CYBERSECURITY"": 0.75}",1.0,3,MATURE,0.75,0.75,0.25,NO_TARGET_CHANGE,,"HISTORICAL UK RETAIL, ISA, ACCOUNT AND BROKER ELIGIBILITY REMAIN PARTLY UNRESOLVED"
REGIME_GRADUAL_WEEKLY,WEEKLY,2021-09-24,GLOBAL_CYBERSECURITY,WEAKENING,,"{""GLOBAL_CYBERSECURITY"": 1.0}","{""GLOBAL_CYBERSECURITY"": 0.75}",1.0,3,MATURE,0.75,0.75,0.25,NO_TARGET_CHANGE,,"HISTORICAL UK RETAIL, ISA, ACCOUNT AND BROKER ELIGIBILITY REMAIN PARTLY UNRESOLVED"
REGIME_GRADUAL_WEEKLY,WEEKLY,2021-09-30,GLOBAL_OIL_GAS,ESTABLISHED,,"{""GLOBAL_OIL_GAS"": 1.0}","{""GLOBAL_OIL_GAS"": 0.75}",1.0,3,MATURE,0.75,0.75,0.25,PLANNED,2021-10-01,"HISTORICAL UK RETAIL, ISA, ACCOUNT AND BROKER ELIGIBILITY REMAIN PARTLY UNRESOLVED"
REGIME_GRADUAL_WEEKLY,WEEKLY,2021-10-01,GLOBAL_OIL_GAS,ESTABLISHED,,"{""GLOBAL_OIL_GAS"": 1.0}","{""GLOBAL_OIL_GAS"": 1.0}",1.0,4,STRONG,1.0,1.0,0.0,PLANNED,2021-10-04,"HISTORICAL UK RETAIL, ISA, ACCOUNT AND BROKER ELIGIBILITY REMAIN PARTLY UNRESOLVED"
REGIME_GRADUAL_WEEKLY,WEEKLY,2021-10-08,GLOBAL_OIL_GAS,EXTENDED,,"{""GLOBAL_OIL_GAS"": 1.0}","{""GLOBAL_OIL_GAS"": 1.0}",1.0,4,STRONG,1.0,1.0,0.0,NO_TARGET_CHANGE,,"HISTORICAL UK RETAIL, ISA, ACCOUNT AND BROKER ELIGIBILITY REMAIN PARTLY UNRESOLVED"
REGIME_GRADUAL_WEEKLY,WEEKLY,2021-10-15,GLOBAL_OIL_GAS,EXTENDED,,"{""GLOBAL_OIL_GAS"": 1.0}","{""GLOBAL_OIL_GAS"": 1.0}",1.0,5,STRONG,1.0,1.0,0.0,NO_TARGET_CHANGE,,"HISTORICAL UK RETAIL, ISA, ACCOUNT AND BROKER ELIGIBILITY REMAIN PARTLY UNRESOLVED"
REGIME_GRADUAL_WEEKLY,WEEKLY,2021-10-22,GLOBAL_OIL_GAS,EXTENDED,,"{""GLOBAL_OIL_GAS"": 1.0}","{""GLOBAL_OIL_GAS"": 0.5}",1.0,3,DETERIORATING,0.5,0.5,0.5,PLANNED,2021-10-25,"HISTORICAL UK RETAIL, ISA, ACCOUNT AND BROKER ELIGIBILITY REMAIN PARTLY UNRESOLVED"
REGIME_GRADUAL_WEEKLY,WEEKLY,2021-10-29,GLOBAL_OIL_GAS,EXTENDED,,"{""GLOBAL_OIL_GAS"": 1.0}","{""GLOBAL_OIL_GAS"": 0.5}",1.0,3,DETERIORATING,0.5,0.5,0.5,NO_TARGET_CHANGE,,"HISTORICAL UK RETAIL, ISA, ACCOUNT AND BROKER ELIGIBILITY REMAIN PARTLY UNRESOLVED"
REGIME_GRADUAL_WEEKLY,WEEKLY,2021-11-05,GLOBAL_OIL_GAS,EXTENDED,,"{""GLOBAL_OIL_GAS"": 1.0}","{""GLOBAL_OIL_GAS"": 0.5}",1.0,2,DETERIORATING,0.5,0.5,0.5,NO_TARGET_CHANGE,,"HISTORICAL UK RETAIL, ISA, ACCOUNT AND BROKER ELIGIBILITY REMAIN PARTLY UNRESOLVED"
REGIME_GRADUAL_WEEKLY,WEEKLY,2021-11-12,GLOBAL_OIL_GAS,WEAKENING,,"{""GLOBAL_OIL_GAS"": 1.0}","{""GLOBAL_OIL_GAS"": 0.5}",1.0,3,DETERIORATING,0.5,0.5,0.5,NO_TARGET_CHANGE,,"HISTORICAL UK RETAIL, ISA, ACCOUNT AND BROKER ELIGIBILITY REMAIN PARTLY UNRESOLVED"
REGIME_GRADUAL_WEEKLY,WEEKLY,2021-11-19,GLOBAL_OIL_GAS,WEAKENING,,"{""GLOBAL_OIL_GAS"": 1.0}","{""GLOBAL_OIL_GAS"": 0.5}",1.0,2,DETERIORATING,0.5,0.5,0.5,NO_TARGET_CHANGE,,"HISTORICAL UK RETAIL, ISA, ACCOUNT AND BROKER ELIGIBILITY REMAIN PARTLY UNRESOLVED"
REGIME_GRADUAL_WEEKLY,WEEKLY,2021-11-26,GLOBAL_OIL_GAS,WEAKENING,,"{""GLOBAL_OIL_GAS"": 1.0}","{""GLOBAL_OIL_GAS"": 0.5}",1.0,2,DETERIORATING,0.5,0.5,0.5,NO_TARGET_CHANGE,,"HISTORICAL UK RETAIL, ISA, ACCOUNT AND BROKER ELIGIBILITY REMAIN PARTLY UNRESOLVED"
REGIME_GRADUAL_WEEKLY,WEEKLY,2021-11-30,GLOBAL_SEMICONDUCTORS,EXTENDED,,"{""GLOBAL_SEMICONDUCTORS"": 1.0}","{""GLOBAL_SEMICONDUCTORS"": 0.5}",1.0,2,DETERIORATING,0.5,0.5,0.5,PLANNED,2021-12-01,"HISTORICAL UK RETAIL, ISA, ACCOUNT AND BROKER ELIGIBILITY REMAIN PARTLY UNRESOLVED"
REGIME_GRADUAL_WEEKLY,WEEKLY,2021-12-03,GLOBAL_SEMICONDUCTORS,EXTENDED,,"{""GLOBAL_SEMICONDUCTORS"": 1.0}","{""GLOBAL_SEMICONDUCTORS"": 0.5}",1.0,3,DETERIORATING,0.5,0.5,0.5,NO_TARGET_CHANGE,,"HISTORICAL UK RETAIL, ISA, ACCOUNT AND BROKER ELIGIBILITY REMAIN PARTLY UNRESOLVED"
REGIME_GRADUAL_WEEKLY,WEEKLY,2021-12-10,GLOBAL_SEMICONDUCTORS,ESTABLISHED,,"{""GLOBAL_SEMICONDUCTORS"": 1.0}","{""GLOBAL_SEMICONDUCTORS"": 0.5}",1.0,2,DETERIORATING,0.5,0.5,0.5,NO_TARGET_CHANGE,,"HISTORICAL UK RETAIL, ISA, ACCOUNT AND BROKER ELIGIBILITY REMAIN PARTLY UNRESOLVED"
REGIME_GRADUAL_WEEKLY,WEEKLY,2021-12-17,GLOBAL_SEMICONDUCTORS,ESTABLISHED,,"{""GLOBAL_SEMICONDUCTORS"": 1.0}","{""GLOBAL_SEMICONDUCTORS"": 1.0}",1.0,3,POSITIVE,1.0,1.0,0.0,PLANNED,2021-12-20,"HISTORICAL UK RETAIL, ISA, ACCOUNT AND BROKER ELIGIBILITY REMAIN PARTLY UNRESOLVED"
REGIME_GRADUAL_WEEKLY,WEEKLY,2021-12-24,GLOBAL_SEMICONDUCTORS,EXTENDED,,"{""GLOBAL_SEMICONDUCTORS"": 1.0}",{},1.0,0,HOSTILE,0.0,0.0,1.0,PLANNED,2021-12-29,"HISTORICAL UK RETAIL, ISA, ACCOUNT AND BROKER ELIGIBILITY REMAIN PARTLY UNRESOLVED"
REGIME_GRADUAL_WEEKLY,WEEKLY,2021-12-31,GLOBAL_SEMICONDUCTORS,EXTENDED,,"{""GLOBAL_SEMICONDUCTORS"": 1.0}","{""GLOBAL_SEMICONDUCTORS"": 1.0}",1.0,2,POSITIVE,1.0,1.0,0.0,PLANNED,2022-01-04,"HISTORICAL UK RETAIL, ISA, ACCOUNT AND BROKER ELIGIBILITY REMAIN PARTLY UNRESOLVED"
REGIME_GRADUAL_WEEKLY,WEEKLY,2022-01-07,GLOBAL_SEMICONDUCTORS,OTHER,,"{""GLOBAL_SEMICONDUCTORS"": 1.0}","{""GLOBAL_SEMICONDUCTORS"": 1.0}",1.0,2,POSITIVE,1.0,1.0,0.0,NO_TARGET_CHANGE,,"HISTORICAL UK RETAIL, ISA, ACCOUNT AND BROKER ELIGIBILITY REMAIN PARTLY UNRESOLVED"
REGIME_GRADUAL_WEEKLY,WEEKLY,2022-01-14,GLOBAL_SEMICONDUCTORS,WEAKENING,,"{""GLOBAL_SEMICONDUCTORS"": 1.0}","{""GLOBAL_SEMICONDUCTORS"": 1.0}",1.0,4,STRONG,1.0,1.0,0.0,NO_TARGET_CHANGE,,"HISTORICAL UK RETAIL, ISA, ACCOUNT AND BROKER ELIGIBILITY REMAIN PARTLY UNRESOLVED"
REGIME_GRADUAL_WEEKLY,WEEKLY,2022-01-21,GLOBAL_SEMICONDUCTORS,WEAKENING,,"{""GLOBAL_SEMICONDUCTORS"": 1.0}","{""GLOBAL_SEMICONDUCTORS"": 0.75}",1.0,3,MATURE,0.75,0.75,0.25,PLANNED,2022-01-24,"HISTORICAL UK RETAIL, ISA, ACCOUNT AND BROKER ELIGIBILITY REMAIN PARTLY UNRESOLVED"
REGIME_GRADUAL_WEEKLY,WEEKLY,2022-01-28,GLOBAL_SEMICONDUCTORS,FAILED,,"{""GLOBAL_SEMICONDUCTORS"": 1.0}",{},1.0,2,HOSTILE,0.0,0.0,1.0,PLANNED,2022-01-31,"HISTORICAL UK RETAIL, ISA, ACCOUNT AND BROKER ELIGIBILITY REMAIN PARTLY UNRESOLVED"
REGIME_GRADUAL_WEEKLY,WEEKLY,2022-01-31,GLOBAL_OIL_GAS,EXTENDED,,"{""GLOBAL_OIL_GAS"": 1.0}",{},1.0,2,HOSTILE,0.0,0.0,1.0,NO_TARGET_CHANGE,,"HISTORICAL UK RETAIL, ISA, ACCOUNT AND BROKER ELIGIBILITY REMAIN PARTLY UNRESOLVED"
REGIME_GRADUAL_WEEKLY,WEEKLY,2022-02-04,GLOBAL_OIL_GAS,EXTENDED,,"{""GLOBAL_OIL_GAS"": 1.0}","{""GLOBAL_OIL_GAS"": 1.0}",1.0,4,STRONG,1.0,1.0,0.0,PLANNED,2022-02-07,"HISTORICAL UK RETAIL, ISA, ACCOUNT AND BROKER ELIGIBILITY REMAIN PARTLY UNRESOLVED"
REGIME_GRADUAL_WEEKLY,WEEKLY,2022-02-11,GLOBAL_OIL_GAS,EXTENDED,,"{""GLOBAL_OIL_GAS"": 1.0}","{""GLOBAL_OIL_GAS"": 0.5}",1.0,2,DETERIORATING,0.5,0.5,0.5,PLANNED,2022-02-14,"HISTORICAL UK RETAIL, ISA, ACCOUNT AND BROKER ELIGIBILITY REMAIN PARTLY UNRESOLVED"
REGIME_GRADUAL_WEEKLY,WEEKLY,2022-02-18,GLOBAL_OIL_GAS,EXTENDED,,"{""GLOBAL_OIL_GAS"": 1.0}",{},1.0,2,HOSTILE,0.0,0.0,1.0,PLANNED,2022-02-21,"HISTORICAL UK RETAIL, ISA, ACCOUNT AND BROKER ELIGIBILITY REMAIN PARTLY UNRESOLVED"
REGIME_GRADUAL_WEEKLY,WEEKLY,2022-02-25,GLOBAL_OIL_GAS,EXTENDED,,"{""GLOBAL_OIL_GAS"": 1.0}",{},1.0,2,HOSTILE,0.0,0.0,1.0,NO_TARGET_CHANGE,,"HISTORICAL UK RETAIL, ISA, ACCOUNT AND BROKER ELIGIBILITY REMAIN PARTLY UNRESOLVED"
REGIME_GRADUAL_WEEKLY,WEEKLY,2022-02-28,GLOBAL_OIL_GAS,EXTENDED,,"{""GLOBAL_OIL_GAS"": 1.0}",{},1.0,2,HOSTILE,0.0,0.0,1.0,NO_TARGET_CHANGE,,"HISTORICAL UK RETAIL, ISA, ACCOUNT AND BROKER ELIGIBILITY REMAIN PARTLY UNRESOLVED"
REGIME_GRADUAL_WEEKLY,WEEKLY,2022-03-04,GLOBAL_OIL_GAS,EXTENDED,,"{""GLOBAL_OIL_GAS"": 1.0}",{},1.0,1,HOSTILE,0.0,0.0,1.0,NO_TARGET_CHANGE,,"HISTORICAL UK RETAIL, ISA, ACCOUNT AND BROKER ELIGIBILITY REMAIN PARTLY UNRESOLVED"
REGIME_GRADUAL_WEEKLY,WEEKLY,2022-03-11,GLOBAL_OIL_GAS,EXTENDED,,"{""GLOBAL_OIL_GAS"": 1.0}",{},1.0,2,HOSTILE,0.0,0.0,1.0,NO_TARGET_CHANGE,,"HISTORICAL UK RETAIL, ISA, ACCOUNT AND BROKER ELIGIBILITY REMAIN PARTLY UNRESOLVED"
REGIME_GRADUAL_WEEKLY,WEEKLY,2022-03-18,GLOBAL_OIL_GAS,EXTENDED,,"{""GLOBAL_OIL_GAS"": 1.0}","{""GLOBAL_OIL_GAS"": 0.75}",1.0,3,MATURE,0.75,0.75,0.25,PLANNED,2022-03-21,"HISTORICAL UK RETAIL, ISA, ACCOUNT AND BROKER ELIGIBILITY REMAIN PARTLY UNRESOLVED"
REGIME_GRADUAL_WEEKLY,WEEKLY,2022-03-25,GLOBAL_OIL_GAS,EXTENDED,,"{""GLOBAL_OIL_GAS"": 1.0}","{""GLOBAL_OIL_GAS"": 0.75}",1.0,3,MATURE,0.75,0.75,0.25,NO_TARGET_CHANGE,,"HISTORICAL UK RETAIL, ISA, ACCOUNT AND BROKER ELIGIBILITY REMAIN PARTLY UNRESOLVED"
REGIME_GRADUAL_WEEKLY,WEEKLY,2022-03-31,GLOBAL_OIL_GAS,EXTENDED,,"{""GLOBAL_OIL_GAS"": 1.0}","{""GLOBAL_OIL_GAS"": 0.75}",1.0,3,MATURE,0.75,0.75,0.25,NO_TARGET_CHANGE,,"HISTORICAL UK RETAIL, ISA, ACCOUNT AND BROKER ELIGIBILITY REMAIN PARTLY UNRESOLVED"
REGIME_GRADUAL_WEEKLY,WEEKLY,2022-04-01,GLOBAL_OIL_GAS,EXTENDED,,"{""GLOBAL_OIL_GAS"": 1.0}","{""GLOBAL_OIL_GAS"": 0.5}",1.0,2,DETERIORATING,0.5,0.5,0.5,PLANNED,2022-04-04,"HISTORICAL UK RETAIL, ISA, ACCOUNT AND BROKER ELIGIBILITY REMAIN PARTLY UNRESOLVED"
REGIME_GRADUAL_WEEKLY,WEEKLY,2022-04-08,GLOBAL_OIL_GAS,EXTENDED,,"{""GLOBAL_OIL_GAS"": 1.0}","{""GLOBAL_OIL_GAS"": 1.0}",1.0,3,POSITIVE,1.0,1.0,0.0,PLANNED,2022-04-11,"HISTORICAL UK RETAIL, ISA, ACCOUNT AND BROKER ELIGIBILITY REMAIN PARTLY UNRESOLVED"
REGIME_GRADUAL_WEEKLY,WEEKLY,2022-04-14,GLOBAL_OIL_GAS,EXTENDED,,"{""GLOBAL_OIL_GAS"": 1.0}","{""GLOBAL_OIL_GAS"": 1.0}",1.0,3,POSITIVE,1.0,1.0,0.0,NO_TARGET_CHANGE,,"HISTORICAL UK RETAIL, ISA, ACCOUNT AND BROKER ELIGIBILITY REMAIN PARTLY UNRESOLVED"
REGIME_GRADUAL_WEEKLY,WEEKLY,2022-04-22,GLOBAL_OIL_GAS,EXTENDED,,"{""GLOBAL_OIL_GAS"": 1.0}",{},1.0,1,HOSTILE,0.0,0.0,1.0,PLANNED,2022-04-25,"HISTORICAL UK RETAIL, ISA, ACCOUNT AND BROKER ELIGIBILITY REMAIN PARTLY UNRESOLVED"
REGIME_GRADUAL_WEEKLY,WEEKLY,2022-04-29,GLOBAL_OIL_GAS,EXTENDED,,"{""GLOBAL_OIL_GAS"": 1.0}",{},1.0,2,HOSTILE,0.0,0.0,1.0,NO_TARGET_CHANGE,,"HISTORICAL UK RETAIL, ISA, ACCOUNT AND BROKER ELIGIBILITY REMAIN PARTLY UNRESOLVED"
REGIME_GRADUAL_WEEKLY,WEEKLY,2022-05-06,GLOBAL_OIL_GAS,EXTENDED,,"{""GLOBAL_OIL_GAS"": 1.0}",{},1.0,2,HOSTILE,0.0,0.0,1.0,NO_TARGET_CHANGE,,"HISTORICAL UK RETAIL, ISA, ACCOUNT AND BROKER ELIGIBILITY REMAIN PARTLY UNRESOLVED"
REGIME_GRADUAL_WEEKLY,WEEKLY,2022-05-13,GLOBAL_OIL_GAS,EXTENDED,,"{""GLOBAL_OIL_GAS"": 1.0}",{},1.0,2,HOSTILE,0.0,0.0,1.0,NO_TARGET_CHANGE,,"HISTORICAL UK RETAIL, ISA, ACCOUNT AND BROKER ELIGIBILITY REMAIN PARTLY UNRESOLVED"
REGIME_GRADUAL_WEEKLY,WEEKLY,2022-05-20,GLOBAL_OIL_GAS,EXTENDED,,"{""GLOBAL_OIL_GAS"": 1.0}",{},1.0,2,HOSTILE,0.0,0.0,1.0,NO_TARGET_CHANGE,,"HISTORICAL UK RETAIL, ISA, ACCOUNT AND BROKER ELIGIBILITY REMAIN PARTLY UNRESOLVED"
REGIME_GRADUAL_WEEKLY,WEEKLY,2022-05-27,GLOBAL_OIL_GAS,EXTENDED,,"{""GLOBAL_OIL_GAS"": 1.0}",{},1.0,1,HOSTILE,0.0,0.0,1.0,NO_TARGET_CHANGE,,"HISTORICAL UK RETAIL, ISA, ACCOUNT AND BROKER ELIGIBILITY REMAIN PARTLY UNRESOLVED"
REGIME_GRADUAL_WEEKLY,WEEKLY,2022-05-31,GLOBAL_OIL_GAS,EXTENDED,,"{""GLOBAL_OIL_GAS"": 1.0}",{},1.0,1,HOSTILE,0.0,0.0,1.0,NO_TARGET_CHANGE,,"HISTORICAL UK RETAIL, ISA, ACCOUNT AND BROKER ELIGIBILITY REMAIN PARTLY UNRESOLVED"
REGIME_GRADUAL_WEEKLY,WEEKLY,2022-06-01,GLOBAL_OIL_GAS,EXTENDED,,"{""GLOBAL_OIL_GAS"": 1.0}",{},1.0,1,HOSTILE,0.0,0.0,1.0,NO_TARGET_CHANGE,,"HISTORICAL UK RETAIL, ISA, ACCOUNT AND BROKER ELIGIBILITY REMAIN PARTLY UNRESOLVED"
REGIME_GRADUAL_WEEKLY,WEEKLY,2022-06-10,GLOBAL_OIL_GAS,EXTENDED,,"{""GLOBAL_OIL_GAS"": 1.0}",{},1.0,1,HOSTILE,0.0,0.0,1.0,NO_TARGET_CHANGE,,"HISTORICAL UK RETAIL, ISA, ACCOUNT AND BROKER ELIGIBILITY REMAIN PARTLY UNRESOLVED"
REGIME_GRADUAL_WEEKLY,WEEKLY,2022-06-17,GLOBAL_OIL_GAS,WEAKENING,,"{""GLOBAL_OIL_GAS"": 1.0}",{},1.0,2,HOSTILE,0.0,0.0,1.0,NO_TARGET_CHANGE,,"HISTORICAL UK RETAIL, ISA, ACCOUNT AND BROKER ELIGIBILITY REMAIN PARTLY UNRESOLVED"
REGIME_GRADUAL_WEEKLY,WEEKLY,2022-06-24,GLOBAL_OIL_GAS,WEAKENING,,"{""GLOBAL_OIL_GAS"": 1.0}",{},1.0,0,HOSTILE,0.0,0.0,1.0,NO_TARGET_CHANGE,,"HISTORICAL UK RETAIL, ISA, ACCOUNT AND BROKER ELIGIBILITY REMAIN PARTLY UNRESOLVED"
REGIME_GRADUAL_WEEKLY,WEEKLY,2022-06-30,GLOBAL_OIL_GAS,WEAKENING,,"{""GLOBAL_OIL_GAS"": 1.0}",{},1.0,0,HOSTILE,0.0,0.0,1.0,NO_TARGET_CHANGE,,"HISTORICAL UK RETAIL, ISA, ACCOUNT AND BROKER ELIGIBILITY REMAIN PARTLY UNRESOLVED"
REGIME_GRADUAL_WEEKLY,WEEKLY,2022-07-01,GLOBAL_OIL_GAS,WEAKENING,,"{""GLOBAL_OIL_GAS"": 1.0}",{},1.0,2,HOSTILE,0.0,0.0,1.0,NO_TARGET_CHANGE,,"HISTORICAL UK RETAIL, ISA, ACCOUNT AND BROKER ELIGIBILITY REMAIN PARTLY UNRESOLVED"
REGIME_GRADUAL_WEEKLY,WEEKLY,2022-07-08,GLOBAL_OIL_GAS,WEAKENING,,"{""GLOBAL_OIL_GAS"": 1.0}",{},1.0,2,HOSTILE,0.0,0.0,1.0,NO_TARGET_CHANGE,,"HISTORICAL UK RETAIL, ISA, ACCOUNT AND BROKER ELIGIBILITY REMAIN PARTLY UNRESOLVED"
REGIME_GRADUAL_WEEKLY,WEEKLY,2022-07-15,GLOBAL_OIL_GAS,FAILED,,"{""GLOBAL_OIL_GAS"": 1.0}",{},1.0,2,HOSTILE,0.0,0.0,1.0,NO_TARGET_CHANGE,,"HISTORICAL UK RETAIL, ISA, ACCOUNT AND BROKER ELIGIBILITY REMAIN PARTLY UNRESOLVED"
REGIME_GRADUAL_WEEKLY,WEEKLY,2022-07-22,GLOBAL_OIL_GAS,FAILED,,"{""GLOBAL_OIL_GAS"": 1.0}",{},1.0,3,HOSTILE,0.0,0.0,1.0,NO_TARGET_CHANGE,,"HISTORICAL UK RETAIL, ISA, ACCOUNT AND BROKER ELIGIBILITY REMAIN PARTLY UNRESOLVED"
REGIME_GRADUAL_WEEKLY,WEEKLY,2022-07-29,GLOBAL_OIL_GAS,WEAKENING,,"{""GLOBAL_OIL_GAS"": 1.0}","{""GLOBAL_OIL_GAS"": 1.0}",1.0,3,POSITIVE,1.0,1.0,0.0,PLANNED,2022-08-01,"HISTORICAL UK RETAIL, ISA, ACCOUNT AND BROKER ELIGIBILITY REMAIN PARTLY UNRESOLVED"
REGIME_GRADUAL_WEEKLY,WEEKLY,2022-08-05,GLOBAL_OIL_GAS,FAILED,,"{""GLOBAL_OIL_GAS"": 1.0}","{""GLOBAL_OIL_GAS"": 1.0}",1.0,4,STRONG,1.0,1.0,0.0,NO_TARGET_CHANGE,,"HISTORICAL UK RETAIL, ISA, ACCOUNT AND BROKER ELIGIBILITY REMAIN PARTLY UNRESOLVED"
REGIME_GRADUAL_WEEKLY,WEEKLY,2022-08-12,GLOBAL_OIL_GAS,FAILED,,"{""GLOBAL_OIL_GAS"": 1.0}","{""GLOBAL_OIL_GAS"": 1.0}",1.0,4,STRONG,1.0,1.0,0.0,NO_TARGET_CHANGE,,"HISTORICAL UK RETAIL, ISA, ACCOUNT AND BROKER ELIGIBILITY REMAIN PARTLY UNRESOLVED"
REGIME_GRADUAL_WEEKLY,WEEKLY,2022-08-19,GLOBAL_OIL_GAS,FAILED,,"{""GLOBAL_OIL_GAS"": 1.0}","{""GLOBAL_OIL_GAS"": 0.75}",1.0,3,MATURE,0.75,0.75,0.25,PLANNED,2022-08-22,"HISTORICAL UK RETAIL, ISA, ACCOUNT AND BROKER ELIGIBILITY REMAIN PARTLY UNRESOLVED"
REGIME_GRADUAL_WEEKLY,WEEKLY,2022-08-26,GLOBAL_OIL_GAS,OTHER,,"{""GLOBAL_OIL_GAS"": 1.0}","{""GLOBAL_OIL_GAS"": 1.0}",1.0,4,STRONG,1.0,1.0,0.0,PLANNED,2022-08-30,"HISTORICAL UK RETAIL, ISA, ACCOUNT AND BROKER ELIGIBILITY REMAIN PARTLY UNRESOLVED"
REGIME_GRADUAL_WEEKLY,WEEKLY,2022-08-31,GLOBAL_INFRASTRUCTURE,WEAKENING,,"{""GLOBAL_INFRASTRUCTURE"": 1.0}","{""GLOBAL_INFRASTRUCTURE"": 1.0}",1.0,4,STRONG,1.0,1.0,0.0,PLANNED,2022-09-01,"HISTORICAL UK RETAIL, ISA, ACCOUNT AND BROKER ELIGIBILITY REMAIN PARTLY UNRESOLVED"
REGIME_GRADUAL_WEEKLY,WEEKLY,2022-09-02,GLOBAL_INFRASTRUCTURE,ESTABLISHED,,"{""GLOBAL_INFRASTRUCTURE"": 1.0}","{""GLOBAL_INFRASTRUCTURE"": 0.75}",1.0,3,MATURE,0.75,0.75,0.25,PLANNED,2022-09-05,"HISTORICAL UK RETAIL, ISA, ACCOUNT AND BROKER ELIGIBILITY REMAIN PARTLY UNRESOLVED"
REGIME_GRADUAL_WEEKLY,WEEKLY,2022-09-09,GLOBAL_INFRASTRUCTURE,OTHER,,"{""GLOBAL_INFRASTRUCTURE"": 1.0}","{""GLOBAL_INFRASTRUCTURE"": 0.75}",1.0,3,MATURE,0.75,0.75,0.25,NO_TARGET_CHANGE,,"HISTORICAL UK RETAIL, ISA, ACCOUNT AND BROKER ELIGIBILITY REMAIN PARTLY UNRESOLVED"
REGIME_GRADUAL_WEEKLY,WEEKLY,2022-09-16,GLOBAL_INFRASTRUCTURE,OTHER,,"{""GLOBAL_INFRASTRUCTURE"": 1.0}","{""GLOBAL_INFRASTRUCTURE"": 1.0}",1.0,4,STRONG,1.0,1.0,0.0,PLANNED,2022-09-20,"HISTORICAL UK RETAIL, ISA, ACCOUNT AND BROKER ELIGIBILITY REMAIN PARTLY UNRESOLVED"
REGIME_GRADUAL_WEEKLY,WEEKLY,2022-09-23,GLOBAL_INFRASTRUCTURE,OTHER,,"{""GLOBAL_INFRASTRUCTURE"": 1.0}","{""GLOBAL_INFRASTRUCTURE"": 0.75}",1.0,3,MATURE,0.75,0.75,0.25,PLANNED,2022-09-26,"HISTORICAL UK RETAIL, ISA, ACCOUNT AND BROKER ELIGIBILITY REMAIN PARTLY UNRESOLVED"
REGIME_GRADUAL_WEEKLY,WEEKLY,2022-09-30,GLOBAL_OIL_GAS,ESTABLISHED,,"{""GLOBAL_OIL_GAS"": 1.0}",{},1.0,2,HOSTILE,0.0,0.0,1.0,PLANNED,2022-10-03,"HISTORICAL UK RETAIL, ISA, ACCOUNT AND BROKER ELIGIBILITY REMAIN PARTLY UNRESOLVED"
REGIME_GRADUAL_WEEKLY,WEEKLY,2022-10-07,GLOBAL_OIL_GAS,EXTENDED,,"{""GLOBAL_OIL_GAS"": 1.0}",{},1.0,3,HOSTILE,0.0,0.0,1.0,NO_TARGET_CHANGE,,"HISTORICAL UK RETAIL, ISA, ACCOUNT AND BROKER ELIGIBILITY REMAIN PARTLY UNRESOLVED"
REGIME_GRADUAL_WEEKLY,WEEKLY,2022-10-14,GLOBAL_OIL_GAS,EXTENDED,,"{""GLOBAL_OIL_GAS"": 1.0}",{},1.0,3,HOSTILE,0.0,0.0,1.0,NO_TARGET_CHANGE,,"HISTORICAL UK RETAIL, ISA, ACCOUNT AND BROKER ELIGIBILITY REMAIN PARTLY UNRESOLVED"
REGIME_GRADUAL_WEEKLY,WEEKLY,2022-10-21,GLOBAL_OIL_GAS,EXTENDED,,"{""GLOBAL_OIL_GAS"": 1.0}",{},1.0,2,HOSTILE,0.0,0.0,1.0,NO_TARGET_CHANGE,,"HISTORICAL UK RETAIL, ISA, ACCOUNT AND BROKER ELIGIBILITY REMAIN PARTLY UNRESOLVED"
REGIME_GRADUAL_WEEKLY,WEEKLY,2022-10-28,GLOBAL_OIL_GAS,ESTABLISHED,,"{""GLOBAL_OIL_GAS"": 1.0}",{},1.0,3,HOSTILE,0.0,0.0,1.0,NO_TARGET_CHANGE,,"HISTORICAL UK RETAIL, ISA, ACCOUNT AND BROKER ELIGIBILITY REMAIN PARTLY UNRESOLVED"
REGIME_GRADUAL_WEEKLY,WEEKLY,2022-10-31,GLOBAL_OIL_GAS,EXTENDED,,"{""GLOBAL_OIL_GAS"": 1.0}",{},1.0,3,HOSTILE,0.0,0.0,1.0,NO_TARGET_CHANGE,,"HISTORICAL UK RETAIL, ISA, ACCOUNT AND BROKER ELIGIBILITY REMAIN PARTLY UNRESOLVED"
REGIME_GRADUAL_WEEKLY,WEEKLY,2022-11-04,GLOBAL_OIL_GAS,EXTENDED,,"{""GLOBAL_OIL_GAS"": 1.0}","{""GLOBAL_OIL_GAS"": 1.0}",1.0,4,STRONG,1.0,1.0,0.0,PLANNED,2022-11-07,"HISTORICAL UK RETAIL, ISA, ACCOUNT AND BROKER ELIGIBILITY REMAIN PARTLY UNRESOLVED"
REGIME_GRADUAL_WEEKLY,WEEKLY,2022-11-11,GLOBAL_OIL_GAS,WEAKENING,,"{""GLOBAL_OIL_GAS"": 1.0}","{""GLOBAL_OIL_GAS"": 0.75}",1.0,3,MATURE,0.75,0.75,0.25,PLANNED,2022-11-14,"HISTORICAL UK RETAIL, ISA, ACCOUNT AND BROKER ELIGIBILITY REMAIN PARTLY UNRESOLVED"
REGIME_GRADUAL_WEEKLY,WEEKLY,2022-11-18,GLOBAL_OIL_GAS,WEAKENING,,"{""GLOBAL_OIL_GAS"": 1.0}","{""GLOBAL_OIL_GAS"": 0.5}",1.0,2,DETERIORATING,0.5,0.5,0.5,PLANNED,2022-11-21,"HISTORICAL UK RETAIL, ISA, ACCOUNT AND BROKER ELIGIBILITY REMAIN PARTLY UNRESOLVED"
REGIME_GRADUAL_WEEKLY,WEEKLY,2022-11-25,GLOBAL_OIL_GAS,WEAKENING,,"{""GLOBAL_OIL_GAS"": 1.0}","{""GLOBAL_OIL_GAS"": 1.0}",1.0,4,STRONG,1.0,1.0,0.0,PLANNED,2022-11-28,"HISTORICAL UK RETAIL, ISA, ACCOUNT AND BROKER ELIGIBILITY REMAIN PARTLY UNRESOLVED"
REGIME_GRADUAL_WEEKLY,WEEKLY,2022-11-30,EUROPE_BANKS,EXTENDED,,"{""EUROPE_BANKS"": 1.0}","{""EUROPE_BANKS"": 1.0}",1.0,4,STRONG,1.0,1.0,0.0,PLANNED,2022-12-01,"HISTORICAL UK RETAIL, ISA, ACCOUNT AND BROKER ELIGIBILITY REMAIN PARTLY UNRESOLVED"
REGIME_GRADUAL_WEEKLY,WEEKLY,2022-12-02,EUROPE_BANKS,EXTENDED,,"{""EUROPE_BANKS"": 1.0}","{""EUROPE_BANKS"": 1.0}",1.0,4,STRONG,1.0,1.0,0.0,NO_TARGET_CHANGE,,"HISTORICAL UK RETAIL, ISA, ACCOUNT AND BROKER ELIGIBILITY REMAIN PARTLY UNRESOLVED"
REGIME_GRADUAL_WEEKLY,WEEKLY,2022-12-09,EUROPE_BANKS,EXTENDED,,"{""EUROPE_BANKS"": 1.0}",{},1.0,3,HOSTILE,0.0,0.0,1.0,PLANNED,2022-12-12,"HISTORICAL UK RETAIL, ISA, ACCOUNT AND BROKER ELIGIBILITY REMAIN PARTLY UNRESOLVED"
REGIME_GRADUAL_WEEKLY,WEEKLY,2022-12-16,EUROPE_BANKS,ESTABLISHED,,"{""EUROPE_BANKS"": 1.0}",{},1.0,3,HOSTILE,0.0,0.0,1.0,NO_TARGET_CHANGE,,"HISTORICAL UK RETAIL, ISA, ACCOUNT AND BROKER ELIGIBILITY REMAIN PARTLY UNRESOLVED"
REGIME_GRADUAL_WEEKLY,WEEKLY,2022-12-23,EUROPE_BANKS,EXTENDED,,"{""EUROPE_BANKS"": 1.0}","{""EUROPE_BANKS"": 0.75}",1.0,3,MATURE,0.75,0.75,0.25,PLANNED,2022-12-28,"HISTORICAL UK RETAIL, ISA, ACCOUNT AND BROKER ELIGIBILITY REMAIN PARTLY UNRESOLVED"
REGIME_GRADUAL_WEEKLY,WEEKLY,2022-12-30,EUROPE_BANKS,EXTENDED,,"{""EUROPE_BANKS"": 1.0}","{""EUROPE_BANKS"": 0.75}",1.0,3,MATURE,0.75,0.75,0.25,NO_TARGET_CHANGE,,"HISTORICAL UK RETAIL, ISA, ACCOUNT AND BROKER ELIGIBILITY REMAIN PARTLY UNRESOLVED"
REGIME_GRADUAL_WEEKLY,WEEKLY,2023-01-06,EUROPE_BANKS,EXTENDED,,"{""EUROPE_BANKS"": 1.0}","{""EUROPE_BANKS"": 0.75}",1.0,3,MATURE,0.75,0.75,0.25,NO_TARGET_CHANGE,,"HISTORICAL UK RETAIL, ISA, ACCOUNT AND BROKER ELIGIBILITY REMAIN PARTLY UNRESOLVED"
REGIME_GRADUAL_WEEKLY,WEEKLY,2023-01-13,EUROPE_BANKS,OTHER,,"{""EUROPE_BANKS"": 1.0}","{""EUROPE_BANKS"": 1.0}",1.0,5,STRONG,1.0,1.0,0.0,PLANNED,2023-01-16,"HISTORICAL UK RETAIL, ISA, ACCOUNT AND BROKER ELIGIBILITY REMAIN PARTLY UNRESOLVED"
REGIME_GRADUAL_WEEKLY,WEEKLY,2023-01-20,EUROPE_BANKS,EXTENDED,,"{""EUROPE_BANKS"": 1.0}","{""EUROPE_BANKS"": 0.5}",1.0,3,DETERIORATING,0.5,0.5,0.5,PLANNED,2023-01-23,"HISTORICAL UK RETAIL, ISA, ACCOUNT AND BROKER ELIGIBILITY REMAIN PARTLY UNRESOLVED"
REGIME_GRADUAL_WEEKLY,WEEKLY,2023-01-27,EUROPE_BANKS,EXTENDED,,"{""EUROPE_BANKS"": 1.0}","{""EUROPE_BANKS"": 1.0}",1.0,5,STRONG,1.0,1.0,0.0,PLANNED,2023-01-30,"HISTORICAL UK RETAIL, ISA, ACCOUNT AND BROKER ELIGIBILITY REMAIN PARTLY UNRESOLVED"
REGIME_GRADUAL_WEEKLY,WEEKLY,2023-01-31,EUROPE_BANKS,EXTENDED,,"{""EUROPE_BANKS"": 1.0}","{""EUROPE_BANKS"": 1.0}",1.0,5,STRONG,1.0,1.0,0.0,NO_TARGET_CHANGE,,"HISTORICAL UK RETAIL, ISA, ACCOUNT AND BROKER ELIGIBILITY REMAIN PARTLY UNRESOLVED"
REGIME_GRADUAL_WEEKLY,WEEKLY,2023-02-03,EUROPE_BANKS,EXTENDED,,"{""EUROPE_BANKS"": 1.0}","{""EUROPE_BANKS"": 0.75}",1.0,4,MATURE,0.75,0.75,0.25,PLANNED,2023-02-06,"HISTORICAL UK RETAIL, ISA, ACCOUNT AND BROKER ELIGIBILITY REMAIN PARTLY UNRESOLVED"
REGIME_GRADUAL_WEEKLY,WEEKLY,2023-02-10,EUROPE_BANKS,EXTENDED,,"{""EUROPE_BANKS"": 1.0}","{""EUROPE_BANKS"": 0.75}",1.0,4,MATURE,0.75,0.75,0.25,NO_TARGET_CHANGE,,"HISTORICAL UK RETAIL, ISA, ACCOUNT AND BROKER ELIGIBILITY REMAIN PARTLY UNRESOLVED"
REGIME_GRADUAL_WEEKLY,WEEKLY,2023-02-17,EUROPE_BANKS,EXTENDED,,"{""EUROPE_BANKS"": 1.0}","{""EUROPE_BANKS"": 0.5}",1.0,3,DETERIORATING,0.5,0.5,0.5,PLANNED,2023-02-20,"HISTORICAL UK RETAIL, ISA, ACCOUNT AND BROKER ELIGIBILITY REMAIN PARTLY UNRESOLVED"
REGIME_GRADUAL_WEEKLY,WEEKLY,2023-02-24,EUROPE_BANKS,EXTENDED,,"{""EUROPE_BANKS"": 1.0}","{""EUROPE_BANKS"": 0.5}",1.0,3,DETERIORATING,0.5,0.5,0.5,NO_TARGET_CHANGE,,"HISTORICAL UK RETAIL, ISA, ACCOUNT AND BROKER ELIGIBILITY REMAIN PARTLY UNRESOLVED"
REGIME_GRADUAL_WEEKLY,WEEKLY,2023-02-28,EUROPE_BANKS,EXTENDED,,"{""EUROPE_BANKS"": 1.0}","{""EUROPE_BANKS"": 0.5}",1.0,3,DETERIORATING,0.5,0.5,0.5,NO_TARGET_CHANGE,,"HISTORICAL UK RETAIL, ISA, ACCOUNT AND BROKER ELIGIBILITY REMAIN PARTLY UNRESOLVED"
REGIME_GRADUAL_WEEKLY,WEEKLY,2023-03-03,EUROPE_BANKS,EXTENDED,,"{""EUROPE_BANKS"": 1.0}","{""EUROPE_BANKS"": 0.5}",1.0,3,DETERIORATING,0.5,0.5,0.5,NO_TARGET_CHANGE,,"HISTORICAL UK RETAIL, ISA, ACCOUNT AND BROKER ELIGIBILITY REMAIN PARTLY UNRESOLVED"
REGIME_GRADUAL_WEEKLY,WEEKLY,2023-03-10,EUROPE_BANKS,EXTENDED,,"{""EUROPE_BANKS"": 1.0}","{""EUROPE_BANKS"": 0.75}",1.0,4,MATURE,0.75,0.75,0.25,PLANNED,2023-03-13,"HISTORICAL UK RETAIL, ISA, ACCOUNT AND BROKER ELIGIBILITY REMAIN PARTLY UNRESOLVED"
REGIME_GRADUAL_WEEKLY,WEEKLY,2023-03-17,EUROPE_BANKS,WEAKENING,,"{""EUROPE_BANKS"": 1.0}",{},1.0,0,HOSTILE,0.0,0.0,1.0,PLANNED,2023-03-20,"HISTORICAL UK RETAIL, ISA, ACCOUNT AND BROKER ELIGIBILITY REMAIN PARTLY UNRESOLVED"
REGIME_GRADUAL_WEEKLY,WEEKLY,2023-03-24,EUROPE_BANKS,FAILED,,"{""EUROPE_BANKS"": 1.0}",{},1.0,2,HOSTILE,0.0,0.0,1.0,NO_TARGET_CHANGE,,"HISTORICAL UK RETAIL, ISA, ACCOUNT AND BROKER ELIGIBILITY REMAIN PARTLY UNRESOLVED"
REGIME_GRADUAL_WEEKLY,WEEKLY,2023-03-31,GLOBAL_SEMICONDUCTORS,EXTENDED,,"{""GLOBAL_SEMICONDUCTORS"": 1.0}","{""GLOBAL_SEMICONDUCTORS"": 0.75}",1.0,3,MATURE,0.75,0.75,0.25,PLANNED,2023-04-03,"HISTORICAL UK RETAIL, ISA, ACCOUNT AND BROKER ELIGIBILITY REMAIN PARTLY UNRESOLVED"
REGIME_GRADUAL_WEEKLY,WEEKLY,2023-04-06,GLOBAL_SEMICONDUCTORS,EXTENDED,,"{""GLOBAL_SEMICONDUCTORS"": 1.0}","{""GLOBAL_SEMICONDUCTORS"": 0.5}",1.0,1,DETERIORATING,0.5,0.5,0.5,PLANNED,2023-04-11,"HISTORICAL UK RETAIL, ISA, ACCOUNT AND BROKER ELIGIBILITY REMAIN PARTLY UNRESOLVED"
REGIME_GRADUAL_WEEKLY,WEEKLY,2023-04-14,GLOBAL_SEMICONDUCTORS,ESTABLISHED,,"{""GLOBAL_SEMICONDUCTORS"": 1.0}","{""GLOBAL_SEMICONDUCTORS"": 0.5}",1.0,2,DETERIORATING,0.5,0.5,0.5,NO_TARGET_CHANGE,,"HISTORICAL UK RETAIL, ISA, ACCOUNT AND BROKER ELIGIBILITY REMAIN PARTLY UNRESOLVED"
REGIME_GRADUAL_WEEKLY,WEEKLY,2023-04-21,GLOBAL_SEMICONDUCTORS,WEAKENING,,"{""GLOBAL_SEMICONDUCTORS"": 1.0}","{""GLOBAL_SEMICONDUCTORS"": 0.75}",1.0,3,MATURE,0.75,0.75,0.25,PLANNED,2023-04-24,"HISTORICAL UK RETAIL, ISA, ACCOUNT AND BROKER ELIGIBILITY REMAIN PARTLY UNRESOLVED"
REGIME_GRADUAL_WEEKLY,WEEKLY,2023-04-28,GLOBAL_SEMICONDUCTORS,WEAKENING,,"{""GLOBAL_SEMICONDUCTORS"": 1.0}","{""GLOBAL_SEMICONDUCTORS"": 0.5}",1.0,2,DETERIORATING,0.5,0.5,0.5,PLANNED,2023-05-02,"HISTORICAL UK RETAIL, ISA, ACCOUNT AND BROKER ELIGIBILITY REMAIN PARTLY UNRESOLVED"
REGIME_GRADUAL_WEEKLY,WEEKLY,2023-05-05,GLOBAL_SEMICONDUCTORS,FAILED,,"{""GLOBAL_SEMICONDUCTORS"": 1.0}","{""GLOBAL_SEMICONDUCTORS"": 0.75}",1.0,3,MATURE,0.75,0.75,0.25,PLANNED,2023-05-09,"HISTORICAL UK RETAIL, ISA, ACCOUNT AND BROKER ELIGIBILITY REMAIN PARTLY UNRESOLVED"
REGIME_GRADUAL_WEEKLY,WEEKLY,2023-05-12,GLOBAL_SEMICONDUCTORS,FAILED,,"{""GLOBAL_SEMICONDUCTORS"": 1.0}","{""GLOBAL_SEMICONDUCTORS"": 1.0}",1.0,2,POSITIVE,1.0,1.0,0.0,PLANNED,2023-05-15,"HISTORICAL UK RETAIL, ISA, ACCOUNT AND BROKER ELIGIBILITY REMAIN PARTLY UNRESOLVED"
REGIME_GRADUAL_WEEKLY,WEEKLY,2023-05-19,GLOBAL_SEMICONDUCTORS,WEAKENING,,"{""GLOBAL_SEMICONDUCTORS"": 1.0}","{""GLOBAL_SEMICONDUCTORS"": 1.0}",1.0,2,POSITIVE,1.0,1.0,0.0,NO_TARGET_CHANGE,,"HISTORICAL UK RETAIL, ISA, ACCOUNT AND BROKER ELIGIBILITY REMAIN PARTLY UNRESOLVED"
REGIME_GRADUAL_WEEKLY,WEEKLY,2023-05-26,GLOBAL_SEMICONDUCTORS,WEAKENING,,"{""GLOBAL_SEMICONDUCTORS"": 1.0}","{""GLOBAL_SEMICONDUCTORS"": 1.0}",1.0,1,POSITIVE,1.0,1.0,0.0,NO_TARGET_CHANGE,,"HISTORICAL UK RETAIL, ISA, ACCOUNT AND BROKER ELIGIBILITY REMAIN PARTLY UNRESOLVED"
REGIME_GRADUAL_WEEKLY,WEEKLY,2023-05-31,GLOBAL_SEMICONDUCTORS,EXTENDED,,"{""GLOBAL_SEMICONDUCTORS"": 1.0}","{""GLOBAL_SEMICONDUCTORS"": 1.0}",1.0,1,POSITIVE,1.0,1.0,0.0,NO_TARGET_CHANGE,,"HISTORICAL UK RETAIL, ISA, ACCOUNT AND BROKER ELIGIBILITY REMAIN PARTLY UNRESOLVED"
REGIME_GRADUAL_WEEKLY,WEEKLY,2023-06-02,GLOBAL_SEMICONDUCTORS,EXTENDED,,"{""GLOBAL_SEMICONDUCTORS"": 1.0}","{""GLOBAL_SEMICONDUCTORS"": 1.0}",1.0,2,POSITIVE,1.0,1.0,0.0,NO_TARGET_CHANGE,,"HISTORICAL UK RETAIL, ISA, ACCOUNT AND BROKER ELIGIBILITY REMAIN PARTLY UNRESOLVED"
REGIME_GRADUAL_WEEKLY,WEEKLY,2023-06-09,GLOBAL_SEMICONDUCTORS,EXTENDED,,"{""GLOBAL_SEMICONDUCTORS"": 1.0}","{""GLOBAL_SEMICONDUCTORS"": 1.0}",1.0,1,POSITIVE,1.0,1.0,0.0,NO_TARGET_CHANGE,,"HISTORICAL UK RETAIL, ISA, ACCOUNT AND BROKER ELIGIBILITY REMAIN PARTLY UNRESOLVED"
REGIME_GRADUAL_WEEKLY,WEEKLY,2023-06-16,GLOBAL_SEMICONDUCTORS,EXTENDED,,"{""GLOBAL_SEMICONDUCTORS"": 1.0}","{""GLOBAL_SEMICONDUCTORS"": 1.0}",1.0,3,POSITIVE,1.0,1.0,0.0,NO_TARGET_CHANGE,,"HISTORICAL UK RETAIL, ISA, ACCOUNT AND BROKER ELIGIBILITY REMAIN PARTLY UNRESOLVED"
REGIME_GRADUAL_WEEKLY,WEEKLY,2023-06-23,GLOBAL_SEMICONDUCTORS,ESTABLISHED,,"{""GLOBAL_SEMICONDUCTORS"": 1.0}","{""GLOBAL_SEMICONDUCTORS"": 1.0}",1.0,1,POSITIVE,1.0,1.0,0.0,NO_TARGET_CHANGE,,"HISTORICAL UK RETAIL, ISA, ACCOUNT AND BROKER ELIGIBILITY REMAIN PARTLY UNRESOLVED"
REGIME_GRADUAL_WEEKLY,WEEKLY,2023-06-30,GLOBAL_SEMICONDUCTORS,EXTENDED,,"{""GLOBAL_SEMICONDUCTORS"": 1.0}","{""GLOBAL_SEMICONDUCTORS"": 1.0}",1.0,2,POSITIVE,1.0,1.0,0.0,NO_TARGET_CHANGE,,"HISTORICAL UK RETAIL, ISA, ACCOUNT AND BROKER ELIGIBILITY REMAIN PARTLY UNRESOLVED"
REGIME_GRADUAL_WEEKLY,WEEKLY,2023-07-07,GLOBAL_SEMICONDUCTORS,ESTABLISHED,,"{""GLOBAL_SEMICONDUCTORS"": 1.0}","{""GLOBAL_SEMICONDUCTORS"": 1.0}",1.0,2,POSITIVE,1.0,1.0,0.0,NO_TARGET_CHANGE,,"HISTORICAL UK RETAIL, ISA, ACCOUNT AND BROKER ELIGIBILITY REMAIN PARTLY UNRESOLVED"
REGIME_GRADUAL_WEEKLY,WEEKLY,2023-07-14,GLOBAL_SEMICONDUCTORS,EXTENDED,,"{""GLOBAL_SEMICONDUCTORS"": 1.0}","{""GLOBAL_SEMICONDUCTORS"": 1.0}",1.0,3,POSITIVE,1.0,1.0,0.0,NO_TARGET_CHANGE,,"HISTORICAL UK RETAIL, ISA, ACCOUNT AND BROKER ELIGIBILITY REMAIN PARTLY UNRESOLVED"
REGIME_GRADUAL_WEEKLY,WEEKLY,2023-07-21,GLOBAL_SEMICONDUCTORS,WEAKENING,,"{""GLOBAL_SEMICONDUCTORS"": 1.0}","{""GLOBAL_SEMICONDUCTORS"": 1.0}",1.0,2,POSITIVE,1.0,1.0,0.0,NO_TARGET_CHANGE,,"HISTORICAL UK RETAIL, ISA, ACCOUNT AND BROKER ELIGIBILITY REMAIN PARTLY UNRESOLVED"
REGIME_GRADUAL_WEEKLY,WEEKLY,2023-07-28,GLOBAL_SEMICONDUCTORS,WEAKENING,,"{""GLOBAL_SEMICONDUCTORS"": 1.0}","{""GLOBAL_SEMICONDUCTORS"": 1.0}",1.0,4,STRONG,1.0,1.0,0.0,NO_TARGET_CHANGE,,"HISTORICAL UK RETAIL, ISA, ACCOUNT AND BROKER ELIGIBILITY REMAIN PARTLY UNRESOLVED"
REGIME_GRADUAL_WEEKLY,WEEKLY,2023-07-31,GLOBAL_SEMICONDUCTORS,WEAKENING,,"{""GLOBAL_SEMICONDUCTORS"": 1.0}","{""GLOBAL_SEMICONDUCTORS"": 1.0}",1.0,4,STRONG,1.0,1.0,0.0,NO_TARGET_CHANGE,,"HISTORICAL UK RETAIL, ISA, ACCOUNT AND BROKER ELIGIBILITY REMAIN PARTLY UNRESOLVED"
REGIME_GRADUAL_WEEKLY,WEEKLY,2023-08-04,GLOBAL_SEMICONDUCTORS,WEAKENING,,"{""GLOBAL_SEMICONDUCTORS"": 1.0}","{""GLOBAL_SEMICONDUCTORS"": 1.0}",1.0,4,STRONG,1.0,1.0,0.0,NO_TARGET_CHANGE,,"HISTORICAL UK RETAIL, ISA, ACCOUNT AND BROKER ELIGIBILITY REMAIN PARTLY UNRESOLVED"
REGIME_GRADUAL_WEEKLY,WEEKLY,2023-08-11,GLOBAL_SEMICONDUCTORS,WEAKENING,,"{""GLOBAL_SEMICONDUCTORS"": 1.0}","{""GLOBAL_SEMICONDUCTORS"": 1.0}",1.0,4,STRONG,1.0,1.0,0.0,NO_TARGET_CHANGE,,"HISTORICAL UK RETAIL, ISA, ACCOUNT AND BROKER ELIGIBILITY REMAIN PARTLY UNRESOLVED"
REGIME_GRADUAL_WEEKLY,WEEKLY,2023-08-18,GLOBAL_SEMICONDUCTORS,WEAKENING,,"{""GLOBAL_SEMICONDUCTORS"": 1.0}","{""GLOBAL_SEMICONDUCTORS"": 0.75}",1.0,3,MATURE,0.75,0.75,0.25,PLANNED,2023-08-21,"HISTORICAL UK RETAIL, ISA, ACCOUNT AND BROKER ELIGIBILITY REMAIN PARTLY UNRESOLVED"
REGIME_GRADUAL_WEEKLY,WEEKLY,2023-08-25,GLOBAL_SEMICONDUCTORS,FAILED,,"{""GLOBAL_SEMICONDUCTORS"": 1.0}","{""GLOBAL_SEMICONDUCTORS"": 1.0}",1.0,4,STRONG,1.0,1.0,0.0,PLANNED,2023-08-29,"HISTORICAL UK RETAIL, ISA, ACCOUNT AND BROKER ELIGIBILITY REMAIN PARTLY UNRESOLVED"
REGIME_GRADUAL_WEEKLY,WEEKLY,2023-08-31,GLOBAL_SEMICONDUCTORS,WEAKENING,,"{""GLOBAL_SEMICONDUCTORS"": 1.0}","{""GLOBAL_SEMICONDUCTORS"": 1.0}",1.0,4,STRONG,1.0,1.0,0.0,NO_TARGET_CHANGE,,"HISTORICAL UK RETAIL, ISA, ACCOUNT AND BROKER ELIGIBILITY REMAIN PARTLY UNRESOLVED"
REGIME_GRADUAL_WEEKLY,WEEKLY,2023-09-01,GLOBAL_SEMICONDUCTORS,WEAKENING,,"{""GLOBAL_SEMICONDUCTORS"": 1.0}","{""GLOBAL_SEMICONDUCTORS"": 0.5}",1.0,2,DETERIORATING,0.5,0.5,0.5,PLANNED,2023-09-04,"HISTORICAL UK RETAIL, ISA, ACCOUNT AND BROKER ELIGIBILITY REMAIN PARTLY UNRESOLVED"
REGIME_GRADUAL_WEEKLY,WEEKLY,2023-09-08,GLOBAL_SEMICONDUCTORS,FAILED,,"{""GLOBAL_SEMICONDUCTORS"": 1.0}","{""GLOBAL_SEMICONDUCTORS"": 0.5}",1.0,2,DETERIORATING,0.5,0.5,0.5,NO_TARGET_CHANGE,,"HISTORICAL UK RETAIL, ISA, ACCOUNT AND BROKER ELIGIBILITY REMAIN PARTLY UNRESOLVED"
REGIME_GRADUAL_WEEKLY,WEEKLY,2023-09-15,GLOBAL_SEMICONDUCTORS,FAILED,,"{""GLOBAL_SEMICONDUCTORS"": 1.0}","{""GLOBAL_SEMICONDUCTORS"": 0.75}",1.0,3,MATURE,0.75,0.75,0.25,PLANNED,2023-09-18,"HISTORICAL UK RETAIL, ISA, ACCOUNT AND BROKER ELIGIBILITY REMAIN PARTLY UNRESOLVED"
REGIME_GRADUAL_WEEKLY,WEEKLY,2023-09-22,GLOBAL_SEMICONDUCTORS,FAILED,,"{""GLOBAL_SEMICONDUCTORS"": 1.0}","{""GLOBAL_SEMICONDUCTORS"": 1.0}",1.0,4,STRONG,1.0,1.0,0.0,PLANNED,2023-09-25,"HISTORICAL UK RETAIL, ISA, ACCOUNT AND BROKER ELIGIBILITY REMAIN PARTLY UNRESOLVED"
REGIME_GRADUAL_WEEKLY,WEEKLY,2023-09-29,GLOBAL_URANIUM_NUCLEAR,EXTENDED,,"{""GLOBAL_URANIUM_NUCLEAR"": 1.0}","{""GLOBAL_URANIUM_NUCLEAR"": 1.0}",1.0,4,STRONG,1.0,1.0,0.0,PLANNED,2023-10-02,"HISTORICAL UK RETAIL, ISA, ACCOUNT AND BROKER ELIGIBILITY REMAIN PARTLY UNRESOLVED"
REGIME_GRADUAL_WEEKLY,WEEKLY,2023-10-06,GLOBAL_URANIUM_NUCLEAR,EXTENDED,,"{""GLOBAL_URANIUM_NUCLEAR"": 1.0}","{""GLOBAL_URANIUM_NUCLEAR"": 0.75}",1.0,3,MATURE,0.75,0.75,0.25,PLANNED,2023-10-09,"HISTORICAL UK RETAIL, ISA, ACCOUNT AND BROKER ELIGIBILITY REMAIN PARTLY UNRESOLVED"
REGIME_GRADUAL_WEEKLY,WEEKLY,2023-10-13,GLOBAL_URANIUM_NUCLEAR,EXTENDED,,"{""GLOBAL_URANIUM_NUCLEAR"": 1.0}","{""GLOBAL_URANIUM_NUCLEAR"": 0.75}",1.0,3,MATURE,0.75,0.75,0.25,NO_TARGET_CHANGE,,"HISTORICAL UK RETAIL, ISA, ACCOUNT AND BROKER ELIGIBILITY REMAIN PARTLY UNRESOLVED"
REGIME_GRADUAL_WEEKLY,WEEKLY,2023-10-20,GLOBAL_URANIUM_NUCLEAR,EXTENDED,,"{""GLOBAL_URANIUM_NUCLEAR"": 1.0}","{""GLOBAL_URANIUM_NUCLEAR"": 1.0}",1.0,4,STRONG,1.0,1.0,0.0,PLANNED,2023-10-23,"HISTORICAL UK RETAIL, ISA, ACCOUNT AND BROKER ELIGIBILITY REMAIN PARTLY UNRESOLVED"
REGIME_GRADUAL_WEEKLY,WEEKLY,2023-10-27,GLOBAL_URANIUM_NUCLEAR,WEAKENING,,"{""GLOBAL_URANIUM_NUCLEAR"": 1.0}","{""GLOBAL_URANIUM_NUCLEAR"": 0.5}",1.0,2,DETERIORATING,0.5,0.5,0.5,PLANNED,2023-10-30,"HISTORICAL UK RETAIL, ISA, ACCOUNT AND BROKER ELIGIBILITY REMAIN PARTLY UNRESOLVED"
REGIME_GRADUAL_WEEKLY,WEEKLY,2023-10-31,GLOBAL_URANIUM_NUCLEAR,EXTENDED,,"{""GLOBAL_URANIUM_NUCLEAR"": 1.0}","{""GLOBAL_URANIUM_NUCLEAR"": 0.5}",1.0,2,DETERIORATING,0.5,0.5,0.5,NO_TARGET_CHANGE,,"HISTORICAL UK RETAIL, ISA, ACCOUNT AND BROKER ELIGIBILITY REMAIN PARTLY UNRESOLVED"
REGIME_GRADUAL_WEEKLY,WEEKLY,2023-11-03,GLOBAL_URANIUM_NUCLEAR,EXTENDED,,"{""GLOBAL_URANIUM_NUCLEAR"": 1.0}","{""GLOBAL_URANIUM_NUCLEAR"": 0.75}",1.0,3,MATURE,0.75,0.75,0.25,PLANNED,2023-11-06,"HISTORICAL UK RETAIL, ISA, ACCOUNT AND BROKER ELIGIBILITY REMAIN PARTLY UNRESOLVED"
REGIME_GRADUAL_WEEKLY,WEEKLY,2023-11-10,GLOBAL_URANIUM_NUCLEAR,OTHER,,"{""GLOBAL_URANIUM_NUCLEAR"": 1.0}","{""GLOBAL_URANIUM_NUCLEAR"": 0.5}",1.0,2,DETERIORATING,0.5,0.5,0.5,PLANNED,2023-11-13,"HISTORICAL UK RETAIL, ISA, ACCOUNT AND BROKER ELIGIBILITY REMAIN PARTLY UNRESOLVED"
REGIME_GRADUAL_WEEKLY,WEEKLY,2023-11-17,GLOBAL_URANIUM_NUCLEAR,ESTABLISHED,,"{""GLOBAL_URANIUM_NUCLEAR"": 1.0}","{""GLOBAL_URANIUM_NUCLEAR"": 1.0}",1.0,4,STRONG,1.0,1.0,0.0,PLANNED,2023-11-20,"HISTORICAL UK RETAIL, ISA, ACCOUNT AND BROKER ELIGIBILITY REMAIN PARTLY UNRESOLVED"
REGIME_GRADUAL_WEEKLY,WEEKLY,2023-11-24,GLOBAL_URANIUM_NUCLEAR,ESTABLISHED,,"{""GLOBAL_URANIUM_NUCLEAR"": 1.0}","{""GLOBAL_URANIUM_NUCLEAR"": 1.0}",1.0,4,STRONG,1.0,1.0,0.0,NO_TARGET_CHANGE,,"HISTORICAL UK RETAIL, ISA, ACCOUNT AND BROKER ELIGIBILITY REMAIN PARTLY UNRESOLVED"
REGIME_GRADUAL_WEEKLY,WEEKLY,2023-11-30,GLOBAL_URANIUM_NUCLEAR,WEAKENING,,"{""GLOBAL_URANIUM_NUCLEAR"": 1.0}","{""GLOBAL_URANIUM_NUCLEAR"": 1.0}",1.0,4,STRONG,1.0,1.0,0.0,NO_TARGET_CHANGE,,"HISTORICAL UK RETAIL, ISA, ACCOUNT AND BROKER ELIGIBILITY REMAIN PARTLY UNRESOLVED"
REGIME_GRADUAL_WEEKLY,WEEKLY,2023-12-01,GLOBAL_URANIUM_NUCLEAR,ESTABLISHED,,"{""GLOBAL_URANIUM_NUCLEAR"": 1.0}","{""GLOBAL_URANIUM_NUCLEAR"": 0.5}",1.0,2,DETERIORATING,0.5,0.5,0.5,PLANNED,2023-12-04,"HISTORICAL UK RETAIL, ISA, ACCOUNT AND BROKER ELIGIBILITY REMAIN PARTLY UNRESOLVED"
REGIME_GRADUAL_WEEKLY,WEEKLY,2023-12-08,GLOBAL_URANIUM_NUCLEAR,WEAKENING,,"{""GLOBAL_URANIUM_NUCLEAR"": 1.0}","{""GLOBAL_URANIUM_NUCLEAR"": 0.5}",1.0,2,DETERIORATING,0.5,0.5,0.5,NO_TARGET_CHANGE,,"HISTORICAL UK RETAIL, ISA, ACCOUNT AND BROKER ELIGIBILITY REMAIN PARTLY UNRESOLVED"
REGIME_GRADUAL_WEEKLY,WEEKLY,2023-12-15,GLOBAL_URANIUM_NUCLEAR,WEAKENING,,"{""GLOBAL_URANIUM_NUCLEAR"": 1.0}","{""GLOBAL_URANIUM_NUCLEAR"": 0.5}",1.0,2,DETERIORATING,0.5,0.5,0.5,NO_TARGET_CHANGE,,"HISTORICAL UK RETAIL, ISA, ACCOUNT AND BROKER ELIGIBILITY REMAIN PARTLY UNRESOLVED"
REGIME_GRADUAL_WEEKLY,WEEKLY,2023-12-22,GLOBAL_URANIUM_NUCLEAR,FAILED,,"{""GLOBAL_URANIUM_NUCLEAR"": 1.0}","{""GLOBAL_URANIUM_NUCLEAR"": 0.5}",1.0,2,DETERIORATING,0.5,0.5,0.5,NO_TARGET_CHANGE,,"HISTORICAL UK RETAIL, ISA, ACCOUNT AND BROKER ELIGIBILITY REMAIN PARTLY UNRESOLVED"
REGIME_GRADUAL_WEEKLY,WEEKLY,2023-12-29,GLOBAL_AI,EXTENDED,,"{""GLOBAL_AI"": 1.0}","{""GLOBAL_AI"": 0.5}",1.0,2,DETERIORATING,0.5,0.5,0.5,PLANNED,2024-01-02,"HISTORICAL UK RETAIL, ISA, ACCOUNT AND BROKER ELIGIBILITY REMAIN PARTLY UNRESOLVED"
REGIME_GRADUAL_WEEKLY,WEEKLY,2024-01-05,GLOBAL_AI,ESTABLISHED,,"{""GLOBAL_AI"": 1.0}","{""GLOBAL_AI"": 0.5}",1.0,1,DETERIORATING,0.5,0.5,0.5,NO_TARGET_CHANGE,,"HISTORICAL UK RETAIL, ISA, ACCOUNT AND BROKER ELIGIBILITY REMAIN PARTLY UNRESOLVED"
REGIME_GRADUAL_WEEKLY,WEEKLY,2024-01-12,GLOBAL_AI,OTHER,,"{""GLOBAL_AI"": 1.0}","{""GLOBAL_AI"": 0.5}",1.0,2,DETERIORATING,0.5,0.5,0.5,NO_TARGET_CHANGE,,"HISTORICAL UK RETAIL, ISA, ACCOUNT AND BROKER ELIGIBILITY REMAIN PARTLY UNRESOLVED"
REGIME_GRADUAL_WEEKLY,WEEKLY,2024-01-19,GLOBAL_AI,OTHER,,"{""GLOBAL_AI"": 1.0}","{""GLOBAL_AI"": 0.75}",1.0,3,MATURE,0.75,0.75,0.25,PLANNED,2024-01-22,"HISTORICAL UK RETAIL, ISA, ACCOUNT AND BROKER ELIGIBILITY REMAIN PARTLY UNRESOLVED"
REGIME_GRADUAL_WEEKLY,WEEKLY,2024-01-26,GLOBAL_AI,OTHER,,"{""GLOBAL_AI"": 1.0}","{""GLOBAL_AI"": 1.0}",1.0,3,POSITIVE,1.0,1.0,0.0,PLANNED,2024-01-29,"HISTORICAL UK RETAIL, ISA, ACCOUNT AND BROKER ELIGIBILITY REMAIN PARTLY UNRESOLVED"
REGIME_GRADUAL_WEEKLY,WEEKLY,2024-01-31,GLOBAL_SEMICONDUCTORS,EXTENDED,,"{""GLOBAL_SEMICONDUCTORS"": 1.0}","{""GLOBAL_SEMICONDUCTORS"": 1.0}",1.0,3,POSITIVE,1.0,1.0,0.0,PLANNED,2024-02-01,"HISTORICAL UK RETAIL, ISA, ACCOUNT AND BROKER ELIGIBILITY REMAIN PARTLY UNRESOLVED"
REGIME_GRADUAL_WEEKLY,WEEKLY,2024-02-02,GLOBAL_SEMICONDUCTORS,CONFIRMING,,"{""GLOBAL_SEMICONDUCTORS"": 1.0}","{""GLOBAL_SEMICONDUCTORS"": 1.0}",1.0,3,POSITIVE,1.0,1.0,0.0,NO_TARGET_CHANGE,,"HISTORICAL UK RETAIL, ISA, ACCOUNT AND BROKER ELIGIBILITY REMAIN PARTLY UNRESOLVED"
REGIME_GRADUAL_WEEKLY,WEEKLY,2024-02-09,GLOBAL_SEMICONDUCTORS,EXTENDED,,"{""GLOBAL_SEMICONDUCTORS"": 1.0}","{""GLOBAL_SEMICONDUCTORS"": 1.0}",1.0,3,POSITIVE,1.0,1.0,0.0,NO_TARGET_CHANGE,,"HISTORICAL UK RETAIL, ISA, ACCOUNT AND BROKER ELIGIBILITY REMAIN PARTLY UNRESOLVED"
REGIME_GRADUAL_WEEKLY,WEEKLY,2024-02-16,GLOBAL_SEMICONDUCTORS,EXTENDED,,"{""GLOBAL_SEMICONDUCTORS"": 1.0}","{""GLOBAL_SEMICONDUCTORS"": 1.0}",1.0,2,POSITIVE,1.0,1.0,0.0,NO_TARGET_CHANGE,,"HISTORICAL UK RETAIL, ISA, ACCOUNT AND BROKER ELIGIBILITY REMAIN PARTLY UNRESOLVED"
REGIME_GRADUAL_WEEKLY,WEEKLY,2024-02-23,GLOBAL_SEMICONDUCTORS,EXTENDED,,"{""GLOBAL_SEMICONDUCTORS"": 1.0}","{""GLOBAL_SEMICONDUCTORS"": 1.0}",1.0,2,POSITIVE,1.0,1.0,0.0,NO_TARGET_CHANGE,,"HISTORICAL UK RETAIL, ISA, ACCOUNT AND BROKER ELIGIBILITY REMAIN PARTLY UNRESOLVED"
REGIME_GRADUAL_WEEKLY,WEEKLY,2024-02-29,GLOBAL_SEMICONDUCTORS,EXTENDED,,"{""GLOBAL_SEMICONDUCTORS"": 1.0}","{""GLOBAL_SEMICONDUCTORS"": 1.0}",1.0,2,POSITIVE,1.0,1.0,0.0,NO_TARGET_CHANGE,,"HISTORICAL UK RETAIL, ISA, ACCOUNT AND BROKER ELIGIBILITY REMAIN PARTLY UNRESOLVED"
REGIME_GRADUAL_WEEKLY,WEEKLY,2024-03-01,GLOBAL_SEMICONDUCTORS,EXTENDED,,"{""GLOBAL_SEMICONDUCTORS"": 1.0}","{""GLOBAL_SEMICONDUCTORS"": 1.0}",1.0,3,POSITIVE,1.0,1.0,0.0,NO_TARGET_CHANGE,,"HISTORICAL UK RETAIL, ISA, ACCOUNT AND BROKER ELIGIBILITY REMAIN PARTLY UNRESOLVED"
REGIME_GRADUAL_WEEKLY,WEEKLY,2024-03-08,GLOBAL_SEMICONDUCTORS,EXTENDED,,"{""GLOBAL_SEMICONDUCTORS"": 1.0}","{""GLOBAL_SEMICONDUCTORS"": 1.0}",1.0,2,POSITIVE,1.0,1.0,0.0,NO_TARGET_CHANGE,,"HISTORICAL UK RETAIL, ISA, ACCOUNT AND BROKER ELIGIBILITY REMAIN PARTLY UNRESOLVED"
REGIME_GRADUAL_WEEKLY,WEEKLY,2024-03-15,GLOBAL_SEMICONDUCTORS,EXTENDED,,"{""GLOBAL_SEMICONDUCTORS"": 1.0}","{""GLOBAL_SEMICONDUCTORS"": 1.0}",1.0,2,POSITIVE,1.0,1.0,0.0,NO_TARGET_CHANGE,,"HISTORICAL UK RETAIL, ISA, ACCOUNT AND BROKER ELIGIBILITY REMAIN PARTLY UNRESOLVED"
REGIME_GRADUAL_WEEKLY,WEEKLY,2024-03-22,GLOBAL_SEMICONDUCTORS,EXTENDED,,"{""GLOBAL_SEMICONDUCTORS"": 1.0}","{""GLOBAL_SEMICONDUCTORS"": 1.0}",1.0,2,POSITIVE,1.0,1.0,0.0,NO_TARGET_CHANGE,,"HISTORICAL UK RETAIL, ISA, ACCOUNT AND BROKER ELIGIBILITY REMAIN PARTLY UNRESOLVED"
REGIME_GRADUAL_WEEKLY,WEEKLY,2024-03-28,GLOBAL_SEMICONDUCTORS,EXTENDED,,"{""GLOBAL_SEMICONDUCTORS"": 1.0}","{""GLOBAL_SEMICONDUCTORS"": 1.0}",1.0,2,POSITIVE,1.0,1.0,0.0,NO_TARGET_CHANGE,,"HISTORICAL UK RETAIL, ISA, ACCOUNT AND BROKER ELIGIBILITY REMAIN PARTLY UNRESOLVED"
REGIME_GRADUAL_WEEKLY,WEEKLY,2024-04-05,GLOBAL_SEMICONDUCTORS,WEAKENING,,"{""GLOBAL_SEMICONDUCTORS"": 1.0}","{""GLOBAL_SEMICONDUCTORS"": 1.0}",1.0,4,STRONG,1.0,1.0,0.0,NO_TARGET_CHANGE,,"HISTORICAL UK RETAIL, ISA, ACCOUNT AND BROKER ELIGIBILITY REMAIN PARTLY UNRESOLVED"
REGIME_GRADUAL_WEEKLY,WEEKLY,2024-04-12,GLOBAL_SEMICONDUCTORS,WEAKENING,,"{""GLOBAL_SEMICONDUCTORS"": 1.0}","{""GLOBAL_SEMICONDUCTORS"": 1.0}",1.0,4,STRONG,1.0,1.0,0.0,NO_TARGET_CHANGE,,"HISTORICAL UK RETAIL, ISA, ACCOUNT AND BROKER ELIGIBILITY REMAIN PARTLY UNRESOLVED"
REGIME_GRADUAL_WEEKLY,WEEKLY,2024-04-19,GLOBAL_SEMICONDUCTORS,WEAKENING,,"{""GLOBAL_SEMICONDUCTORS"": 1.0}","{""GLOBAL_SEMICONDUCTORS"": 1.0}",1.0,5,STRONG,1.0,1.0,0.0,NO_TARGET_CHANGE,,"HISTORICAL UK RETAIL, ISA, ACCOUNT AND BROKER ELIGIBILITY REMAIN PARTLY UNRESOLVED"
REGIME_GRADUAL_WEEKLY,WEEKLY,2024-04-26,GLOBAL_SEMICONDUCTORS,WEAKENING,,"{""GLOBAL_SEMICONDUCTORS"": 1.0}","{""GLOBAL_SEMICONDUCTORS"": 1.0}",1.0,5,STRONG,1.0,1.0,0.0,NO_TARGET_CHANGE,,"HISTORICAL UK RETAIL, ISA, ACCOUNT AND BROKER ELIGIBILITY REMAIN PARTLY UNRESOLVED"
REGIME_GRADUAL_WEEKLY,WEEKLY,2024-04-30,EUROPE_BANKS,EXTENDED,,"{""EUROPE_BANKS"": 1.0}","{""EUROPE_BANKS"": 1.0}",1.0,5,STRONG,1.0,1.0,0.0,PLANNED,2024-05-01,"HISTORICAL UK RETAIL, ISA, ACCOUNT AND BROKER ELIGIBILITY REMAIN PARTLY UNRESOLVED"
REGIME_GRADUAL_WEEKLY,WEEKLY,2024-05-03,EUROPE_BANKS,EXTENDED,,"{""EUROPE_BANKS"": 1.0}","{""EUROPE_BANKS"": 1.0}",1.0,5,STRONG,1.0,1.0,0.0,NO_TARGET_CHANGE,,"HISTORICAL UK RETAIL, ISA, ACCOUNT AND BROKER ELIGIBILITY REMAIN PARTLY UNRESOLVED"
REGIME_GRADUAL_WEEKLY,WEEKLY,2024-05-10,EUROPE_BANKS,EXTENDED,,"{""EUROPE_BANKS"": 1.0}","{""EUROPE_BANKS"": 0.75}",1.0,4,MATURE,0.75,0.75,0.25,PLANNED,2024-05-13,"HISTORICAL UK RETAIL, ISA, ACCOUNT AND BROKER ELIGIBILITY REMAIN PARTLY UNRESOLVED"
REGIME_GRADUAL_WEEKLY,WEEKLY,2024-05-17,EUROPE_BANKS,EXTENDED,,"{""EUROPE_BANKS"": 1.0}","{""EUROPE_BANKS"": 0.75}",1.0,4,MATURE,0.75,0.75,0.25,NO_TARGET_CHANGE,,"HISTORICAL UK RETAIL, ISA, ACCOUNT AND BROKER ELIGIBILITY REMAIN PARTLY UNRESOLVED"
REGIME_GRADUAL_WEEKLY,WEEKLY,2024-05-24,EUROPE_BANKS,EXTENDED,,"{""EUROPE_BANKS"": 1.0}","{""EUROPE_BANKS"": 0.75}",1.0,4,MATURE,0.75,0.75,0.25,NO_TARGET_CHANGE,,"HISTORICAL UK RETAIL, ISA, ACCOUNT AND BROKER ELIGIBILITY REMAIN PARTLY UNRESOLVED"
REGIME_GRADUAL_WEEKLY,WEEKLY,2024-05-31,EUROPE_BANKS,EXTENDED,,"{""EUROPE_BANKS"": 1.0}","{""EUROPE_BANKS"": 0.75}",1.0,4,MATURE,0.75,0.75,0.25,NO_TARGET_CHANGE,,"HISTORICAL UK RETAIL, ISA, ACCOUNT AND BROKER ELIGIBILITY REMAIN PARTLY UNRESOLVED"
REGIME_GRADUAL_WEEKLY,WEEKLY,2024-06-07,EUROPE_BANKS,ESTABLISHED,,"{""EUROPE_BANKS"": 1.0}","{""EUROPE_BANKS"": 0.5}",1.0,2,DETERIORATING,0.5,0.5,0.5,PLANNED,2024-06-10,"HISTORICAL UK RETAIL, ISA, ACCOUNT AND BROKER ELIGIBILITY REMAIN PARTLY UNRESOLVED"
REGIME_GRADUAL_WEEKLY,WEEKLY,2024-06-14,EUROPE_BANKS,FAILED,,"{""EUROPE_BANKS"": 1.0}","{""EUROPE_BANKS"": 0.5}",1.0,1,DETERIORATING,0.5,0.5,0.5,NO_TARGET_CHANGE,,"HISTORICAL UK RETAIL, ISA, ACCOUNT AND BROKER ELIGIBILITY REMAIN PARTLY UNRESOLVED"
REGIME_GRADUAL_WEEKLY,WEEKLY,2024-06-21,EUROPE_BANKS,WEAKENING,,"{""EUROPE_BANKS"": 1.0}","{""EUROPE_BANKS"": 0.5}",1.0,2,DETERIORATING,0.5,0.5,0.5,NO_TARGET_CHANGE,,"HISTORICAL UK RETAIL, ISA, ACCOUNT AND BROKER ELIGIBILITY REMAIN PARTLY UNRESOLVED"
REGIME_GRADUAL_WEEKLY,WEEKLY,2024-06-28,GLOBAL_SEMICONDUCTORS,ESTABLISHED,,"{""GLOBAL_SEMICONDUCTORS"": 1.0}","{""GLOBAL_SEMICONDUCTORS"": 0.5}",1.0,1,DETERIORATING,0.5,0.5,0.5,PLANNED,2024-07-01,"HISTORICAL UK RETAIL, ISA, ACCOUNT AND BROKER ELIGIBILITY REMAIN PARTLY UNRESOLVED"
REGIME_GRADUAL_WEEKLY,WEEKLY,2024-07-05,GLOBAL_SEMICONDUCTORS,EXTENDED,,"{""GLOBAL_SEMICONDUCTORS"": 1.0}","{""GLOBAL_SEMICONDUCTORS"": 0.5}",1.0,2,DETERIORATING,0.5,0.5,0.5,NO_TARGET_CHANGE,,"HISTORICAL UK RETAIL, ISA, ACCOUNT AND BROKER ELIGIBILITY REMAIN PARTLY UNRESOLVED"
REGIME_GRADUAL_WEEKLY,WEEKLY,2024-07-12,GLOBAL_SEMICONDUCTORS,EXTENDED,,"{""GLOBAL_SEMICONDUCTORS"": 1.0}","{""GLOBAL_SEMICONDUCTORS"": 0.5}",1.0,2,DETERIORATING,0.5,0.5,0.5,NO_TARGET_CHANGE,,"HISTORICAL UK RETAIL, ISA, ACCOUNT AND BROKER ELIGIBILITY REMAIN PARTLY UNRESOLVED"
REGIME_GRADUAL_WEEKLY,WEEKLY,2024-07-19,GLOBAL_SEMICONDUCTORS,WEAKENING,,"{""GLOBAL_SEMICONDUCTORS"": 1.0}","{""GLOBAL_SEMICONDUCTORS"": 0.75}",1.0,3,MATURE,0.75,0.75,0.25,PLANNED,2024-07-22,"HISTORICAL UK RETAIL, ISA, ACCOUNT AND BROKER ELIGIBILITY REMAIN PARTLY UNRESOLVED"
REGIME_GRADUAL_WEEKLY,WEEKLY,2024-07-26,GLOBAL_SEMICONDUCTORS,WEAKENING,,"{""GLOBAL_SEMICONDUCTORS"": 1.0}","{""GLOBAL_SEMICONDUCTORS"": 0.75}",1.0,3,MATURE,0.75,0.75,0.25,NO_TARGET_CHANGE,,"HISTORICAL UK RETAIL, ISA, ACCOUNT AND BROKER ELIGIBILITY REMAIN PARTLY UNRESOLVED"
REGIME_GRADUAL_WEEKLY,WEEKLY,2024-07-31,GLOBAL_GOLD_MINERS,ESTABLISHED,,"{""GLOBAL_GOLD_MINERS"": 1.0}","{""GLOBAL_GOLD_MINERS"": 0.75}",1.0,3,MATURE,0.75,0.75,0.25,PLANNED,2024-08-01,"HISTORICAL UK RETAIL, ISA, ACCOUNT AND BROKER ELIGIBILITY REMAIN PARTLY UNRESOLVED"
REGIME_GRADUAL_WEEKLY,WEEKLY,2024-08-02,GLOBAL_GOLD_MINERS,ESTABLISHED,,"{""GLOBAL_GOLD_MINERS"": 1.0}","{""GLOBAL_GOLD_MINERS"": 1.0}",1.0,2,POSITIVE,1.0,1.0,0.0,PLANNED,2024-08-05,"HISTORICAL UK RETAIL, ISA, ACCOUNT AND BROKER ELIGIBILITY REMAIN PARTLY UNRESOLVED"
REGIME_GRADUAL_WEEKLY,WEEKLY,2024-08-09,GLOBAL_GOLD_MINERS,ESTABLISHED,,"{""GLOBAL_GOLD_MINERS"": 1.0}","{""GLOBAL_GOLD_MINERS"": 1.0}",1.0,3,POSITIVE,1.0,1.0,0.0,NO_TARGET_CHANGE,,"HISTORICAL UK RETAIL, ISA, ACCOUNT AND BROKER ELIGIBILITY REMAIN PARTLY UNRESOLVED"
REGIME_GRADUAL_WEEKLY,WEEKLY,2024-08-16,GLOBAL_GOLD_MINERS,ESTABLISHED,,"{""GLOBAL_GOLD_MINERS"": 1.0}","{""GLOBAL_GOLD_MINERS"": 1.0}",1.0,3,POSITIVE,1.0,1.0,0.0,NO_TARGET_CHANGE,,"HISTORICAL UK RETAIL, ISA, ACCOUNT AND BROKER ELIGIBILITY REMAIN PARTLY UNRESOLVED"
REGIME_GRADUAL_WEEKLY,WEEKLY,2024-08-23,GLOBAL_GOLD_MINERS,ESTABLISHED,,"{""GLOBAL_GOLD_MINERS"": 1.0}","{""GLOBAL_GOLD_MINERS"": 1.0}",1.0,3,POSITIVE,1.0,1.0,0.0,NO_TARGET_CHANGE,,"HISTORICAL UK RETAIL, ISA, ACCOUNT AND BROKER ELIGIBILITY REMAIN PARTLY UNRESOLVED"
REGIME_GRADUAL_WEEKLY,WEEKLY,2024-08-30,GLOBAL_GOLD_MINERS,ESTABLISHED,,"{""GLOBAL_GOLD_MINERS"": 1.0}","{""GLOBAL_GOLD_MINERS"": 1.0}",1.0,2,POSITIVE,1.0,1.0,0.0,NO_TARGET_CHANGE,,"HISTORICAL UK RETAIL, ISA, ACCOUNT AND BROKER ELIGIBILITY REMAIN PARTLY UNRESOLVED"
REGIME_GRADUAL_WEEKLY,WEEKLY,2024-09-06,GLOBAL_GOLD_MINERS,ESTABLISHED,,"{""GLOBAL_GOLD_MINERS"": 1.0}","{""GLOBAL_GOLD_MINERS"": 1.0}",1.0,3,POSITIVE,1.0,1.0,0.0,NO_TARGET_CHANGE,,"HISTORICAL UK RETAIL, ISA, ACCOUNT AND BROKER ELIGIBILITY REMAIN PARTLY UNRESOLVED"
REGIME_GRADUAL_WEEKLY,WEEKLY,2024-09-13,GLOBAL_GOLD_MINERS,EXTENDED,,"{""GLOBAL_GOLD_MINERS"": 1.0}","{""GLOBAL_GOLD_MINERS"": 1.0}",1.0,4,STRONG,1.0,1.0,0.0,NO_TARGET_CHANGE,,"HISTORICAL UK RETAIL, ISA, ACCOUNT AND BROKER ELIGIBILITY REMAIN PARTLY UNRESOLVED"
REGIME_GRADUAL_WEEKLY,WEEKLY,2024-09-20,GLOBAL_GOLD_MINERS,ESTABLISHED,,"{""GLOBAL_GOLD_MINERS"": 1.0}","{""GLOBAL_GOLD_MINERS"": 0.75}",1.0,3,MATURE,0.75,0.75,0.25,PLANNED,2024-09-23,"HISTORICAL UK RETAIL, ISA, ACCOUNT AND BROKER ELIGIBILITY REMAIN PARTLY UNRESOLVED"
REGIME_GRADUAL_WEEKLY,WEEKLY,2024-09-27,GLOBAL_GOLD_MINERS,ESTABLISHED,,"{""GLOBAL_GOLD_MINERS"": 1.0}","{""GLOBAL_GOLD_MINERS"": 1.0}",1.0,4,STRONG,1.0,1.0,0.0,PLANNED,2024-09-30,"HISTORICAL UK RETAIL, ISA, ACCOUNT AND BROKER ELIGIBILITY REMAIN PARTLY UNRESOLVED"
REGIME_GRADUAL_WEEKLY,WEEKLY,2024-09-30,GLOBAL_GOLD_MINERS,WEAKENING,,"{""GLOBAL_GOLD_MINERS"": 1.0}","{""GLOBAL_GOLD_MINERS"": 1.0}",1.0,4,STRONG,1.0,1.0,0.0,NO_TARGET_CHANGE,,"HISTORICAL UK RETAIL, ISA, ACCOUNT AND BROKER ELIGIBILITY REMAIN PARTLY UNRESOLVED"
REGIME_GRADUAL_WEEKLY,WEEKLY,2024-10-04,GLOBAL_GOLD_MINERS,WEAKENING,,"{""GLOBAL_GOLD_MINERS"": 1.0}","{""GLOBAL_GOLD_MINERS"": 0.75}",1.0,3,MATURE,0.75,0.75,0.25,PLANNED,2024-10-07,"HISTORICAL UK RETAIL, ISA, ACCOUNT AND BROKER ELIGIBILITY REMAIN PARTLY UNRESOLVED"
REGIME_GRADUAL_WEEKLY,WEEKLY,2024-10-11,GLOBAL_GOLD_MINERS,WEAKENING,,"{""GLOBAL_GOLD_MINERS"": 1.0}","{""GLOBAL_GOLD_MINERS"": 0.75}",1.0,3,MATURE,0.75,0.75,0.25,NO_TARGET_CHANGE,,"HISTORICAL UK RETAIL, ISA, ACCOUNT AND BROKER ELIGIBILITY REMAIN PARTLY UNRESOLVED"
REGIME_GRADUAL_WEEKLY,WEEKLY,2024-10-18,GLOBAL_GOLD_MINERS,ESTABLISHED,,"{""GLOBAL_GOLD_MINERS"": 1.0}","{""GLOBAL_GOLD_MINERS"": 0.75}",1.0,3,MATURE,0.75,0.75,0.25,NO_TARGET_CHANGE,,"HISTORICAL UK RETAIL, ISA, ACCOUNT AND BROKER ELIGIBILITY REMAIN PARTLY UNRESOLVED"
REGIME_GRADUAL_WEEKLY,WEEKLY,2024-10-25,GLOBAL_GOLD_MINERS,OTHER,,"{""GLOBAL_GOLD_MINERS"": 1.0}","{""GLOBAL_GOLD_MINERS"": 0.5}",1.0,2,DETERIORATING,0.5,0.5,0.5,PLANNED,2024-10-28,"HISTORICAL UK RETAIL, ISA, ACCOUNT AND BROKER ELIGIBILITY REMAIN PARTLY UNRESOLVED"
REGIME_GRADUAL_WEEKLY,WEEKLY,2024-10-31,GLOBAL_GOLD_MINERS,ESTABLISHED,,"{""GLOBAL_GOLD_MINERS"": 1.0}","{""GLOBAL_GOLD_MINERS"": 0.5}",1.0,2,DETERIORATING,0.5,0.5,0.5,NO_TARGET_CHANGE,,"HISTORICAL UK RETAIL, ISA, ACCOUNT AND BROKER ELIGIBILITY REMAIN PARTLY UNRESOLVED"
REGIME_GRADUAL_WEEKLY,WEEKLY,2024-11-01,GLOBAL_GOLD_MINERS,ESTABLISHED,,"{""GLOBAL_GOLD_MINERS"": 1.0}","{""GLOBAL_GOLD_MINERS"": 1.0}",1.0,4,STRONG,1.0,1.0,0.0,PLANNED,2024-11-04,"HISTORICAL UK RETAIL, ISA, ACCOUNT AND BROKER ELIGIBILITY REMAIN PARTLY UNRESOLVED"
REGIME_GRADUAL_WEEKLY,WEEKLY,2024-11-08,GLOBAL_GOLD_MINERS,OTHER,,"{""GLOBAL_GOLD_MINERS"": 1.0}","{""GLOBAL_GOLD_MINERS"": 0.75}",1.0,3,MATURE,0.75,0.75,0.25,PLANNED,2024-11-11,"HISTORICAL UK RETAIL, ISA, ACCOUNT AND BROKER ELIGIBILITY REMAIN PARTLY UNRESOLVED"
REGIME_GRADUAL_WEEKLY,WEEKLY,2024-11-15,GLOBAL_GOLD_MINERS,FAILED,,"{""GLOBAL_GOLD_MINERS"": 1.0}","{""GLOBAL_GOLD_MINERS"": 0.5}",1.0,2,DETERIORATING,0.5,0.5,0.5,PLANNED,2024-11-18,"HISTORICAL UK RETAIL, ISA, ACCOUNT AND BROKER ELIGIBILITY REMAIN PARTLY UNRESOLVED"
REGIME_GRADUAL_WEEKLY,WEEKLY,2024-11-22,GLOBAL_GOLD_MINERS,FAILED,,"{""GLOBAL_GOLD_MINERS"": 1.0}","{""GLOBAL_GOLD_MINERS"": 0.75}",1.0,3,MATURE,0.75,0.75,0.25,PLANNED,2024-11-25,"HISTORICAL UK RETAIL, ISA, ACCOUNT AND BROKER ELIGIBILITY REMAIN PARTLY UNRESOLVED"
REGIME_GRADUAL_WEEKLY,WEEKLY,2024-11-29,GLOBAL_SOFTWARE,EXTENDED,,"{""GLOBAL_SOFTWARE"": 1.0}","{""GLOBAL_SOFTWARE"": 0.75}",1.0,3,MATURE,0.75,0.75,0.25,PLANNED,2024-12-02,"HISTORICAL UK RETAIL, ISA, ACCOUNT AND BROKER ELIGIBILITY REMAIN PARTLY UNRESOLVED"
REGIME_GRADUAL_WEEKLY,WEEKLY,2024-12-06,GLOBAL_SOFTWARE,EXTENDED,,"{""GLOBAL_SOFTWARE"": 1.0}","{""GLOBAL_SOFTWARE"": 0.75}",1.0,3,MATURE,0.75,0.75,0.25,NO_TARGET_CHANGE,,"HISTORICAL UK RETAIL, ISA, ACCOUNT AND BROKER ELIGIBILITY REMAIN PARTLY UNRESOLVED"
REGIME_GRADUAL_WEEKLY,WEEKLY,2024-12-13,GLOBAL_SOFTWARE,EXTENDED,,"{""GLOBAL_SOFTWARE"": 1.0}","{""GLOBAL_SOFTWARE"": 0.75}",1.0,3,MATURE,0.75,0.75,0.25,NO_TARGET_CHANGE,,"HISTORICAL UK RETAIL, ISA, ACCOUNT AND BROKER ELIGIBILITY REMAIN PARTLY UNRESOLVED"
REGIME_GRADUAL_WEEKLY,WEEKLY,2024-12-20,GLOBAL_SOFTWARE,EXTENDED,,"{""GLOBAL_SOFTWARE"": 1.0}","{""GLOBAL_SOFTWARE"": 0.75}",1.0,3,MATURE,0.75,0.75,0.25,NO_TARGET_CHANGE,,"HISTORICAL UK RETAIL, ISA, ACCOUNT AND BROKER ELIGIBILITY REMAIN PARTLY UNRESOLVED"
REGIME_GRADUAL_WEEKLY,WEEKLY,2024-12-27,GLOBAL_SOFTWARE,EXTENDED,,"{""GLOBAL_SOFTWARE"": 1.0}","{""GLOBAL_SOFTWARE"": 0.5}",1.0,2,DETERIORATING,0.5,0.5,0.5,PLANNED,2024-12-30,"HISTORICAL UK RETAIL, ISA, ACCOUNT AND BROKER ELIGIBILITY REMAIN PARTLY UNRESOLVED"
REGIME_GRADUAL_WEEKLY,WEEKLY,2024-12-31,GLOBAL_SOFTWARE,EXTENDED,,"{""GLOBAL_SOFTWARE"": 1.0}","{""GLOBAL_SOFTWARE"": 0.5}",1.0,2,DETERIORATING,0.5,0.5,0.5,NO_TARGET_CHANGE,,"HISTORICAL UK RETAIL, ISA, ACCOUNT AND BROKER ELIGIBILITY REMAIN PARTLY UNRESOLVED"
REGIME_GRADUAL_WEEKLY,WEEKLY,2025-01-03,GLOBAL_SOFTWARE,EXTENDED,,"{""GLOBAL_SOFTWARE"": 1.0}","{""GLOBAL_SOFTWARE"": 1.0}",1.0,2,POSITIVE,1.0,1.0,0.0,PLANNED,2025-01-06,"HISTORICAL UK RETAIL, ISA, ACCOUNT AND BROKER ELIGIBILITY REMAIN PARTLY UNRESOLVED"
REGIME_GRADUAL_WEEKLY,WEEKLY,2025-01-10,GLOBAL_SOFTWARE,WEAKENING,,"{""GLOBAL_SOFTWARE"": 1.0}","{""GLOBAL_SOFTWARE"": 1.0}",1.0,1,POSITIVE,1.0,1.0,0.0,NO_TARGET_CHANGE,,"HISTORICAL UK RETAIL, ISA, ACCOUNT AND BROKER ELIGIBILITY REMAIN PARTLY UNRESOLVED"
REGIME_GRADUAL_WEEKLY,WEEKLY,2025-01-17,GLOBAL_SOFTWARE,WEAKENING,,"{""GLOBAL_SOFTWARE"": 1.0}","{""GLOBAL_SOFTWARE"": 1.0}",1.0,2,POSITIVE,1.0,1.0,0.0,NO_TARGET_CHANGE,,"HISTORICAL UK RETAIL, ISA, ACCOUNT AND BROKER ELIGIBILITY REMAIN PARTLY UNRESOLVED"
REGIME_GRADUAL_WEEKLY,WEEKLY,2025-01-24,GLOBAL_SOFTWARE,WEAKENING,,"{""GLOBAL_SOFTWARE"": 1.0}","{""GLOBAL_SOFTWARE"": 1.0}",1.0,2,POSITIVE,1.0,1.0,0.0,NO_TARGET_CHANGE,,"HISTORICAL UK RETAIL, ISA, ACCOUNT AND BROKER ELIGIBILITY REMAIN PARTLY UNRESOLVED"
REGIME_GRADUAL_WEEKLY,WEEKLY,2025-01-31,GLOBAL_SOFTWARE,WEAKENING,,"{""GLOBAL_SOFTWARE"": 1.0}","{""GLOBAL_SOFTWARE"": 1.0}",1.0,2,POSITIVE,1.0,1.0,0.0,NO_TARGET_CHANGE,,"HISTORICAL UK RETAIL, ISA, ACCOUNT AND BROKER ELIGIBILITY REMAIN PARTLY UNRESOLVED"
REGIME_GRADUAL_WEEKLY,WEEKLY,2025-02-07,GLOBAL_SOFTWARE,OTHER,,"{""GLOBAL_SOFTWARE"": 1.0}","{""GLOBAL_SOFTWARE"": 1.0}",1.0,3,POSITIVE,1.0,1.0,0.0,NO_TARGET_CHANGE,,"HISTORICAL UK RETAIL, ISA, ACCOUNT AND BROKER ELIGIBILITY REMAIN PARTLY UNRESOLVED"
REGIME_GRADUAL_WEEKLY,WEEKLY,2025-02-14,GLOBAL_SOFTWARE,OTHER,,"{""GLOBAL_SOFTWARE"": 1.0}","{""GLOBAL_SOFTWARE"": 1.0}",1.0,3,POSITIVE,1.0,1.0,0.0,NO_TARGET_CHANGE,,"HISTORICAL UK RETAIL, ISA, ACCOUNT AND BROKER ELIGIBILITY REMAIN PARTLY UNRESOLVED"
REGIME_GRADUAL_WEEKLY,WEEKLY,2025-02-21,GLOBAL_SOFTWARE,FAILED,,"{""GLOBAL_SOFTWARE"": 1.0}","{""GLOBAL_SOFTWARE"": 1.0}",1.0,4,STRONG,1.0,1.0,0.0,NO_TARGET_CHANGE,,"HISTORICAL UK RETAIL, ISA, ACCOUNT AND BROKER ELIGIBILITY REMAIN PARTLY UNRESOLVED"
REGIME_GRADUAL_WEEKLY,WEEKLY,2025-02-28,EUROPE_BANKS,EXTENDED,,"{""EUROPE_BANKS"": 1.0}","{""EUROPE_BANKS"": 1.0}",1.0,4,STRONG,1.0,1.0,0.0,PLANNED,2025-03-03,"HISTORICAL UK RETAIL, ISA, ACCOUNT AND BROKER ELIGIBILITY REMAIN PARTLY UNRESOLVED"
REGIME_GRADUAL_WEEKLY,WEEKLY,2025-03-07,EUROPE_BANKS,EXTENDED,,"{""EUROPE_BANKS"": 1.0}","{""EUROPE_BANKS"": 1.0}",1.0,4,STRONG,1.0,1.0,0.0,NO_TARGET_CHANGE,,"HISTORICAL UK RETAIL, ISA, ACCOUNT AND BROKER ELIGIBILITY REMAIN PARTLY UNRESOLVED"
REGIME_GRADUAL_WEEKLY,WEEKLY,2025-03-14,EUROPE_BANKS,EXTENDED,,"{""EUROPE_BANKS"": 1.0}","{""EUROPE_BANKS"": 1.0}",1.0,4,STRONG,1.0,1.0,0.0,NO_TARGET_CHANGE,,"HISTORICAL UK RETAIL, ISA, ACCOUNT AND BROKER ELIGIBILITY REMAIN PARTLY UNRESOLVED"
REGIME_GRADUAL_WEEKLY,WEEKLY,2025-03-21,EUROPE_BANKS,EXTENDED,,"{""EUROPE_BANKS"": 1.0}","{""EUROPE_BANKS"": 1.0}",1.0,4,STRONG,1.0,1.0,0.0,NO_TARGET_CHANGE,,"HISTORICAL UK RETAIL, ISA, ACCOUNT AND BROKER ELIGIBILITY REMAIN PARTLY UNRESOLVED"
REGIME_GRADUAL_WEEKLY,WEEKLY,2025-03-28,EUROPE_BANKS,OTHER,,"{""EUROPE_BANKS"": 1.0}","{""EUROPE_BANKS"": 1.0}",1.0,4,STRONG,1.0,1.0,0.0,NO_TARGET_CHANGE,,"HISTORICAL UK RETAIL, ISA, ACCOUNT AND BROKER ELIGIBILITY REMAIN PARTLY UNRESOLVED"
REGIME_GRADUAL_WEEKLY,WEEKLY,2025-03-31,GLOBAL_GOLD_MINERS,EXTENDED,,"{""GLOBAL_GOLD_MINERS"": 1.0}","{""GLOBAL_GOLD_MINERS"": 1.0}",1.0,4,STRONG,1.0,1.0,0.0,PLANNED,2025-04-01,"HISTORICAL UK RETAIL, ISA, ACCOUNT AND BROKER ELIGIBILITY REMAIN PARTLY UNRESOLVED"
REGIME_GRADUAL_WEEKLY,WEEKLY,2025-04-04,GLOBAL_GOLD_MINERS,EXTENDED,,"{""GLOBAL_GOLD_MINERS"": 1.0}",{},1.0,2,HOSTILE,0.0,0.0,1.0,PLANNED,2025-04-07,"HISTORICAL UK RETAIL, ISA, ACCOUNT AND BROKER ELIGIBILITY REMAIN PARTLY UNRESOLVED"
REGIME_GRADUAL_WEEKLY,WEEKLY,2025-04-11,GLOBAL_GOLD_MINERS,EXTENDED,,"{""GLOBAL_GOLD_MINERS"": 1.0}",{},1.0,2,HOSTILE,0.0,0.0,1.0,NO_TARGET_CHANGE,,"HISTORICAL UK RETAIL, ISA, ACCOUNT AND BROKER ELIGIBILITY REMAIN PARTLY UNRESOLVED"
REGIME_GRADUAL_WEEKLY,WEEKLY,2025-04-17,GLOBAL_GOLD_MINERS,EXTENDED,,"{""GLOBAL_GOLD_MINERS"": 1.0}",{},1.0,2,HOSTILE,0.0,0.0,1.0,NO_TARGET_CHANGE,,"HISTORICAL UK RETAIL, ISA, ACCOUNT AND BROKER ELIGIBILITY REMAIN PARTLY UNRESOLVED"
REGIME_GRADUAL_WEEKLY,WEEKLY,2025-04-25,GLOBAL_GOLD_MINERS,EXTENDED,,"{""GLOBAL_GOLD_MINERS"": 1.0}",{},1.0,2,HOSTILE,0.0,0.0,1.0,NO_TARGET_CHANGE,,"HISTORICAL UK RETAIL, ISA, ACCOUNT AND BROKER ELIGIBILITY REMAIN PARTLY UNRESOLVED"
REGIME_GRADUAL_WEEKLY,WEEKLY,2025-04-30,GLOBAL_GOLD_MINERS,EXTENDED,,"{""GLOBAL_GOLD_MINERS"": 1.0}",{},1.0,2,HOSTILE,0.0,0.0,1.0,NO_TARGET_CHANGE,,"HISTORICAL UK RETAIL, ISA, ACCOUNT AND BROKER ELIGIBILITY REMAIN PARTLY UNRESOLVED"
REGIME_GRADUAL_WEEKLY,WEEKLY,2025-05-02,GLOBAL_GOLD_MINERS,OTHER,,"{""GLOBAL_GOLD_MINERS"": 1.0}",{},1.0,2,HOSTILE,0.0,0.0,1.0,NO_TARGET_CHANGE,,"HISTORICAL UK RETAIL, ISA, ACCOUNT AND BROKER ELIGIBILITY REMAIN PARTLY UNRESOLVED"
REGIME_GRADUAL_WEEKLY,WEEKLY,2025-05-09,GLOBAL_GOLD_MINERS,OTHER,,"{""GLOBAL_GOLD_MINERS"": 1.0}",{},1.0,2,HOSTILE,0.0,0.0,1.0,NO_TARGET_CHANGE,,"HISTORICAL UK RETAIL, ISA, ACCOUNT AND BROKER ELIGIBILITY REMAIN PARTLY UNRESOLVED"
REGIME_GRADUAL_WEEKLY,WEEKLY,2025-05-16,GLOBAL_GOLD_MINERS,WEAKENING,,"{""GLOBAL_GOLD_MINERS"": 1.0}","{""GLOBAL_GOLD_MINERS"": 0.75}",1.0,3,MATURE,0.75,0.75,0.25,PLANNED,2025-05-19,"HISTORICAL UK RETAIL, ISA, ACCOUNT AND BROKER ELIGIBILITY REMAIN PARTLY UNRESOLVED"
REGIME_GRADUAL_WEEKLY,WEEKLY,2025-05-23,GLOBAL_GOLD_MINERS,WEAKENING,,"{""GLOBAL_GOLD_MINERS"": 1.0}",{},1.0,2,HOSTILE,0.0,0.0,1.0,PLANNED,2025-05-27,"HISTORICAL UK RETAIL, ISA, ACCOUNT AND BROKER ELIGIBILITY REMAIN PARTLY UNRESOLVED"
REGIME_GRADUAL_WEEKLY,WEEKLY,2025-05-30,GLOBAL_GOLD_MINERS,WEAKENING,,"{""GLOBAL_GOLD_MINERS"": 1.0}",{},1.0,2,HOSTILE,0.0,0.0,1.0,NO_TARGET_CHANGE,,"HISTORICAL UK RETAIL, ISA, ACCOUNT AND BROKER ELIGIBILITY REMAIN PARTLY UNRESOLVED"
REGIME_GRADUAL_WEEKLY,WEEKLY,2025-06-06,GLOBAL_GOLD_MINERS,WEAKENING,,"{""GLOBAL_GOLD_MINERS"": 1.0}","{""GLOBAL_GOLD_MINERS"": 1.0}",1.0,4,STRONG,1.0,1.0,0.0,PLANNED,2025-06-09,"HISTORICAL UK RETAIL, ISA, ACCOUNT AND BROKER ELIGIBILITY REMAIN PARTLY UNRESOLVED"
REGIME_GRADUAL_WEEKLY,WEEKLY,2025-06-13,GLOBAL_GOLD_MINERS,WEAKENING,,"{""GLOBAL_GOLD_MINERS"": 1.0}","{""GLOBAL_GOLD_MINERS"": 0.75}",1.0,3,MATURE,0.75,0.75,0.25,PLANNED,2025-06-16,"HISTORICAL UK RETAIL, ISA, ACCOUNT AND BROKER ELIGIBILITY REMAIN PARTLY UNRESOLVED"
REGIME_GRADUAL_WEEKLY,WEEKLY,2025-06-20,GLOBAL_GOLD_MINERS,ESTABLISHED,,"{""GLOBAL_GOLD_MINERS"": 1.0}","{""GLOBAL_GOLD_MINERS"": 0.75}",1.0,3,MATURE,0.75,0.75,0.25,NO_TARGET_CHANGE,,"HISTORICAL UK RETAIL, ISA, ACCOUNT AND BROKER ELIGIBILITY REMAIN PARTLY UNRESOLVED"
REGIME_GRADUAL_WEEKLY,WEEKLY,2025-06-27,GLOBAL_GOLD_MINERS,WEAKENING,,"{""GLOBAL_GOLD_MINERS"": 1.0}","{""GLOBAL_GOLD_MINERS"": 0.5}",1.0,2,DETERIORATING,0.5,0.5,0.5,PLANNED,2025-06-30,"HISTORICAL UK RETAIL, ISA, ACCOUNT AND BROKER ELIGIBILITY REMAIN PARTLY UNRESOLVED"
REGIME_GRADUAL_WEEKLY,WEEKLY,2025-06-30,EUROPE_BANKS,WEAKENING,,"{""EUROPE_BANKS"": 1.0}","{""EUROPE_BANKS"": 0.5}",1.0,2,DETERIORATING,0.5,0.5,0.5,PLANNED,2025-07-01,"HISTORICAL UK RETAIL, ISA, ACCOUNT AND BROKER ELIGIBILITY REMAIN PARTLY UNRESOLVED"
REGIME_GRADUAL_WEEKLY,WEEKLY,2025-07-04,EUROPE_BANKS,OTHER,,"{""EUROPE_BANKS"": 1.0}","{""EUROPE_BANKS"": 0.5}",1.0,2,DETERIORATING,0.5,0.5,0.5,NO_TARGET_CHANGE,,"HISTORICAL UK RETAIL, ISA, ACCOUNT AND BROKER ELIGIBILITY REMAIN PARTLY UNRESOLVED"
REGIME_GRADUAL_WEEKLY,WEEKLY,2025-07-11,EUROPE_BANKS,OTHER,,"{""EUROPE_BANKS"": 1.0}","{""EUROPE_BANKS"": 0.5}",1.0,1,DETERIORATING,0.5,0.5,0.5,NO_TARGET_CHANGE,,"HISTORICAL UK RETAIL, ISA, ACCOUNT AND BROKER ELIGIBILITY REMAIN PARTLY UNRESOLVED"
REGIME_GRADUAL_WEEKLY,WEEKLY,2025-07-18,EUROPE_BANKS,WEAKENING,,"{""EUROPE_BANKS"": 1.0}","{""EUROPE_BANKS"": 1.0}",1.0,5,STRONG,1.0,1.0,0.0,PLANNED,2025-07-21,"HISTORICAL UK RETAIL, ISA, ACCOUNT AND BROKER ELIGIBILITY REMAIN PARTLY UNRESOLVED"
REGIME_GRADUAL_WEEKLY,WEEKLY,2025-07-25,EUROPE_BANKS,OTHER,,"{""EUROPE_BANKS"": 1.0}","{""EUROPE_BANKS"": 0.75}",1.0,4,MATURE,0.75,0.75,0.25,PLANNED,2025-07-28,"HISTORICAL UK RETAIL, ISA, ACCOUNT AND BROKER ELIGIBILITY REMAIN PARTLY UNRESOLVED"
REGIME_GRADUAL_WEEKLY,WEEKLY,2025-07-31,EUROPE_BANKS,ESTABLISHED,,"{""EUROPE_BANKS"": 1.0}","{""EUROPE_BANKS"": 0.75}",1.0,4,MATURE,0.75,0.75,0.25,NO_TARGET_CHANGE,,"HISTORICAL UK RETAIL, ISA, ACCOUNT AND BROKER ELIGIBILITY REMAIN PARTLY UNRESOLVED"
REGIME_GRADUAL_WEEKLY,WEEKLY,2025-08-01,EUROPE_BANKS,CONFIRMING,,"{""EUROPE_BANKS"": 1.0}","{""EUROPE_BANKS"": 0.5}",1.0,3,DETERIORATING,0.5,0.5,0.5,PLANNED,2025-08-04,"HISTORICAL UK RETAIL, ISA, ACCOUNT AND BROKER ELIGIBILITY REMAIN PARTLY UNRESOLVED"
REGIME_GRADUAL_WEEKLY,WEEKLY,2025-08-08,EUROPE_BANKS,ESTABLISHED,,"{""EUROPE_BANKS"": 1.0}","{""EUROPE_BANKS"": 0.5}",1.0,3,DETERIORATING,0.5,0.5,0.5,NO_TARGET_CHANGE,,"HISTORICAL UK RETAIL, ISA, ACCOUNT AND BROKER ELIGIBILITY REMAIN PARTLY UNRESOLVED"
REGIME_GRADUAL_WEEKLY,WEEKLY,2025-08-15,EUROPE_BANKS,ESTABLISHED,,"{""EUROPE_BANKS"": 1.0}","{""EUROPE_BANKS"": 0.75}",1.0,4,MATURE,0.75,0.75,0.25,PLANNED,2025-08-18,"HISTORICAL UK RETAIL, ISA, ACCOUNT AND BROKER ELIGIBILITY REMAIN PARTLY UNRESOLVED"
REGIME_GRADUAL_WEEKLY,WEEKLY,2025-08-22,EUROPE_BANKS,CONFIRMING,,"{""EUROPE_BANKS"": 1.0}","{""EUROPE_BANKS"": 0.75}",1.0,4,MATURE,0.75,0.75,0.25,NO_TARGET_CHANGE,,"HISTORICAL UK RETAIL, ISA, ACCOUNT AND BROKER ELIGIBILITY REMAIN PARTLY UNRESOLVED"
REGIME_GRADUAL_WEEKLY,WEEKLY,2025-08-29,GLOBAL_SILVER_MINERS,ESTABLISHED,,"{""GLOBAL_SILVER_MINERS"": 1.0}","{""GLOBAL_SILVER_MINERS"": 0.5}",1.0,2,DETERIORATING,0.5,0.5,0.5,PLANNED,2025-09-01,"HISTORICAL UK RETAIL, ISA, ACCOUNT AND BROKER ELIGIBILITY REMAIN PARTLY UNRESOLVED"
REGIME_GRADUAL_WEEKLY,WEEKLY,2025-09-05,GLOBAL_SILVER_MINERS,ESTABLISHED,,"{""GLOBAL_SILVER_MINERS"": 1.0}","{""GLOBAL_SILVER_MINERS"": 0.5}",1.0,3,DETERIORATING,0.5,0.5,0.5,NO_TARGET_CHANGE,,"HISTORICAL UK RETAIL, ISA, ACCOUNT AND BROKER ELIGIBILITY REMAIN PARTLY UNRESOLVED"
REGIME_GRADUAL_WEEKLY,WEEKLY,2025-09-12,GLOBAL_SILVER_MINERS,CONFIRMING,,"{""GLOBAL_SILVER_MINERS"": 1.0}","{""GLOBAL_SILVER_MINERS"": 0.5}",1.0,2,DETERIORATING,0.5,0.5,0.5,NO_TARGET_CHANGE,,"HISTORICAL UK RETAIL, ISA, ACCOUNT AND BROKER ELIGIBILITY REMAIN PARTLY UNRESOLVED"
REGIME_GRADUAL_WEEKLY,WEEKLY,2025-09-19,GLOBAL_SILVER_MINERS,EXTENDED,,"{""GLOBAL_SILVER_MINERS"": 1.0}","{""GLOBAL_SILVER_MINERS"": 0.75}",1.0,3,MATURE,0.75,0.75,0.25,PLANNED,2025-09-22,"HISTORICAL UK RETAIL, ISA, ACCOUNT AND BROKER ELIGIBILITY REMAIN PARTLY UNRESOLVED"
REGIME_GRADUAL_WEEKLY,WEEKLY,2025-09-26,GLOBAL_SILVER_MINERS,EXTENDED,,"{""GLOBAL_SILVER_MINERS"": 1.0}","{""GLOBAL_SILVER_MINERS"": 0.75}",1.0,3,MATURE,0.75,0.75,0.25,NO_TARGET_CHANGE,,"HISTORICAL UK RETAIL, ISA, ACCOUNT AND BROKER ELIGIBILITY REMAIN PARTLY UNRESOLVED"
REGIME_GRADUAL_WEEKLY,WEEKLY,2025-09-30,GLOBAL_SILVER_MINERS,EXTENDED,,"{""GLOBAL_SILVER_MINERS"": 1.0}","{""GLOBAL_SILVER_MINERS"": 0.75}",1.0,3,MATURE,0.75,0.75,0.25,NO_TARGET_CHANGE,,"HISTORICAL UK RETAIL, ISA, ACCOUNT AND BROKER ELIGIBILITY REMAIN PARTLY UNRESOLVED"
REGIME_GRADUAL_WEEKLY,WEEKLY,2025-10-03,GLOBAL_SILVER_MINERS,OTHER,,"{""GLOBAL_SILVER_MINERS"": 1.0}","{""GLOBAL_SILVER_MINERS"": 0.75}",1.0,3,MATURE,0.75,0.75,0.25,NO_TARGET_CHANGE,,"HISTORICAL UK RETAIL, ISA, ACCOUNT AND BROKER ELIGIBILITY REMAIN PARTLY UNRESOLVED"
REGIME_GRADUAL_WEEKLY,WEEKLY,2025-10-10,GLOBAL_SILVER_MINERS,EXTENDED,,"{""GLOBAL_SILVER_MINERS"": 1.0}","{""GLOBAL_SILVER_MINERS"": 1.0}",1.0,4,STRONG,1.0,1.0,0.0,PLANNED,2025-10-13,"HISTORICAL UK RETAIL, ISA, ACCOUNT AND BROKER ELIGIBILITY REMAIN PARTLY UNRESOLVED"
REGIME_GRADUAL_WEEKLY,WEEKLY,2025-10-17,GLOBAL_SILVER_MINERS,EXTENDED,,"{""GLOBAL_SILVER_MINERS"": 1.0}","{""GLOBAL_SILVER_MINERS"": 1.0}",1.0,4,STRONG,1.0,1.0,0.0,NO_TARGET_CHANGE,,"HISTORICAL UK RETAIL, ISA, ACCOUNT AND BROKER ELIGIBILITY REMAIN PARTLY UNRESOLVED"
REGIME_GRADUAL_WEEKLY,WEEKLY,2025-10-24,GLOBAL_SILVER_MINERS,WEAKENING,,"{""GLOBAL_SILVER_MINERS"": 1.0}","{""GLOBAL_SILVER_MINERS"": 0.75}",1.0,3,MATURE,0.75,0.75,0.25,PLANNED,2025-10-27,"HISTORICAL UK RETAIL, ISA, ACCOUNT AND BROKER ELIGIBILITY REMAIN PARTLY UNRESOLVED"
REGIME_GRADUAL_WEEKLY,WEEKLY,2025-10-31,GLOBAL_SILVER_MINERS,WEAKENING,,"{""GLOBAL_SILVER_MINERS"": 1.0}","{""GLOBAL_SILVER_MINERS"": 1.0}",1.0,4,STRONG,1.0,1.0,0.0,PLANNED,2025-11-03,"HISTORICAL UK RETAIL, ISA, ACCOUNT AND BROKER ELIGIBILITY REMAIN PARTLY UNRESOLVED"
REGIME_GRADUAL_WEEKLY,WEEKLY,2025-11-07,GLOBAL_SILVER_MINERS,WEAKENING,,"{""GLOBAL_SILVER_MINERS"": 1.0}","{""GLOBAL_SILVER_MINERS"": 0.5}",1.0,2,DETERIORATING,0.5,0.5,0.5,PLANNED,2025-11-10,"HISTORICAL UK RETAIL, ISA, ACCOUNT AND BROKER ELIGIBILITY REMAIN PARTLY UNRESOLVED"
REGIME_GRADUAL_WEEKLY,WEEKLY,2025-11-14,GLOBAL_SILVER_MINERS,WEAKENING,,"{""GLOBAL_SILVER_MINERS"": 1.0}","{""GLOBAL_SILVER_MINERS"": 1.0}",1.0,4,STRONG,1.0,1.0,0.0,PLANNED,2025-11-17,"HISTORICAL UK RETAIL, ISA, ACCOUNT AND BROKER ELIGIBILITY REMAIN PARTLY UNRESOLVED"
REGIME_GRADUAL_WEEKLY,WEEKLY,2025-11-21,GLOBAL_SILVER_MINERS,WEAKENING,,"{""GLOBAL_SILVER_MINERS"": 1.0}","{""GLOBAL_SILVER_MINERS"": 0.75}",1.0,3,MATURE,0.75,0.75,0.25,PLANNED,2025-11-24,"HISTORICAL UK RETAIL, ISA, ACCOUNT AND BROKER ELIGIBILITY REMAIN PARTLY UNRESOLVED"
REGIME_GRADUAL_WEEKLY,WEEKLY,2025-11-28,GLOBAL_SILVER_MINERS,WEAKENING,,"{""GLOBAL_SILVER_MINERS"": 1.0}","{""GLOBAL_SILVER_MINERS"": 1.0}",1.0,4,STRONG,1.0,1.0,0.0,PLANNED,2025-12-01,"HISTORICAL UK RETAIL, ISA, ACCOUNT AND BROKER ELIGIBILITY REMAIN PARTLY UNRESOLVED"
REGIME_GRADUAL_WEEKLY,WEEKLY,2025-12-05,GLOBAL_SILVER_MINERS,ESTABLISHED,,"{""GLOBAL_SILVER_MINERS"": 1.0}","{""GLOBAL_SILVER_MINERS"": 1.0}",1.0,4,STRONG,1.0,1.0,0.0,NO_TARGET_CHANGE,,"HISTORICAL UK RETAIL, ISA, ACCOUNT AND BROKER ELIGIBILITY REMAIN PARTLY UNRESOLVED"
REGIME_GRADUAL_WEEKLY,WEEKLY,2025-12-12,GLOBAL_SILVER_MINERS,ESTABLISHED,,"{""GLOBAL_SILVER_MINERS"": 1.0}","{""GLOBAL_SILVER_MINERS"": 1.0}",1.0,4,STRONG,1.0,1.0,0.0,NO_TARGET_CHANGE,,"HISTORICAL UK RETAIL, ISA, ACCOUNT AND BROKER ELIGIBILITY REMAIN PARTLY UNRESOLVED"
REGIME_GRADUAL_WEEKLY,WEEKLY,2025-12-19,GLOBAL_SILVER_MINERS,ESTABLISHED,,"{""GLOBAL_SILVER_MINERS"": 1.0}","{""GLOBAL_SILVER_MINERS"": 1.0}",1.0,4,STRONG,1.0,1.0,0.0,NO_TARGET_CHANGE,,"HISTORICAL UK RETAIL, ISA, ACCOUNT AND BROKER ELIGIBILITY REMAIN PARTLY UNRESOLVED"
REGIME_GRADUAL_WEEKLY,WEEKLY,2025-12-24,GLOBAL_SILVER_MINERS,ESTABLISHED,,"{""GLOBAL_SILVER_MINERS"": 1.0}","{""GLOBAL_SILVER_MINERS"": 1.0}",1.0,4,STRONG,1.0,1.0,0.0,NO_TARGET_CHANGE,,"HISTORICAL UK RETAIL, ISA, ACCOUNT AND BROKER ELIGIBILITY REMAIN PARTLY UNRESOLVED"
REGIME_GRADUAL_WEEKLY,WEEKLY,2025-12-31,GLOBAL_SILVER_MINERS,ESTABLISHED,,"{""GLOBAL_SILVER_MINERS"": 1.0}","{""GLOBAL_SILVER_MINERS"": 1.0}",1.0,4,STRONG,1.0,1.0,0.0,NO_TARGET_CHANGE,,"HISTORICAL UK RETAIL, ISA, ACCOUNT AND BROKER ELIGIBILITY REMAIN PARTLY UNRESOLVED"
REGIME_GRADUAL_WEEKLY,WEEKLY,2026-01-02,GLOBAL_SILVER_MINERS,ESTABLISHED,,"{""GLOBAL_SILVER_MINERS"": 1.0}","{""GLOBAL_SILVER_MINERS"": 0.75}",1.0,3,MATURE,0.75,0.75,0.25,PLANNED,2026-01-05,"HISTORICAL UK RETAIL, ISA, ACCOUNT AND BROKER ELIGIBILITY REMAIN PARTLY UNRESOLVED"
REGIME_GRADUAL_WEEKLY,WEEKLY,2026-01-09,GLOBAL_SILVER_MINERS,ESTABLISHED,,"{""GLOBAL_SILVER_MINERS"": 1.0}","{""GLOBAL_SILVER_MINERS"": 0.75}",1.0,3,MATURE,0.75,0.75,0.25,NO_TARGET_CHANGE,,"HISTORICAL UK RETAIL, ISA, ACCOUNT AND BROKER ELIGIBILITY REMAIN PARTLY UNRESOLVED"
REGIME_GRADUAL_WEEKLY,WEEKLY,2026-01-16,GLOBAL_SILVER_MINERS,ESTABLISHED,,"{""GLOBAL_SILVER_MINERS"": 1.0}","{""GLOBAL_SILVER_MINERS"": 0.75}",1.0,3,MATURE,0.75,0.75,0.25,NO_TARGET_CHANGE,,"HISTORICAL UK RETAIL, ISA, ACCOUNT AND BROKER ELIGIBILITY REMAIN PARTLY UNRESOLVED"
REGIME_GRADUAL_WEEKLY,WEEKLY,2026-01-23,GLOBAL_SILVER_MINERS,EXTENDED,,"{""GLOBAL_SILVER_MINERS"": 1.0}","{""GLOBAL_SILVER_MINERS"": 1.0}",1.0,4,STRONG,1.0,1.0,0.0,PLANNED,2026-01-26,"HISTORICAL UK RETAIL, ISA, ACCOUNT AND BROKER ELIGIBILITY REMAIN PARTLY UNRESOLVED"
REGIME_GRADUAL_WEEKLY,WEEKLY,2026-01-30,GLOBAL_SILVER_MINERS,EXTENDED,,"{""GLOBAL_SILVER_MINERS"": 1.0}","{""GLOBAL_SILVER_MINERS"": 0.75}",1.0,3,MATURE,0.75,0.75,0.25,PLANNED,2026-02-02,"HISTORICAL UK RETAIL, ISA, ACCOUNT AND BROKER ELIGIBILITY REMAIN PARTLY UNRESOLVED"
REGIME_GRADUAL_WEEKLY,WEEKLY,2026-02-06,GLOBAL_SILVER_MINERS,EXTENDED,,"{""GLOBAL_SILVER_MINERS"": 1.0}","{""GLOBAL_SILVER_MINERS"": 0.75}",1.0,3,MATURE,0.75,0.75,0.25,NO_TARGET_CHANGE,,"HISTORICAL UK RETAIL, ISA, ACCOUNT AND BROKER ELIGIBILITY REMAIN PARTLY UNRESOLVED"
REGIME_GRADUAL_WEEKLY,WEEKLY,2026-02-13,GLOBAL_SILVER_MINERS,EXTENDED,,"{""GLOBAL_SILVER_MINERS"": 1.0}","{""GLOBAL_SILVER_MINERS"": 0.75}",1.0,3,MATURE,0.75,0.75,0.25,NO_TARGET_CHANGE,,"HISTORICAL UK RETAIL, ISA, ACCOUNT AND BROKER ELIGIBILITY REMAIN PARTLY UNRESOLVED"
REGIME_GRADUAL_WEEKLY,WEEKLY,2026-02-20,GLOBAL_SILVER_MINERS,WEAKENING,,"{""GLOBAL_SILVER_MINERS"": 1.0}","{""GLOBAL_SILVER_MINERS"": 0.75}",1.0,3,MATURE,0.75,0.75,0.25,NO_TARGET_CHANGE,,"HISTORICAL UK RETAIL, ISA, ACCOUNT AND BROKER ELIGIBILITY REMAIN PARTLY UNRESOLVED"
REGIME_GRADUAL_WEEKLY,WEEKLY,2026-02-27,GLOBAL_SILVER_MINERS,EXTENDED,,"{""GLOBAL_SILVER_MINERS"": 1.0}","{""GLOBAL_SILVER_MINERS"": 0.75}",1.0,3,MATURE,0.75,0.75,0.25,NO_TARGET_CHANGE,,"HISTORICAL UK RETAIL, ISA, ACCOUNT AND BROKER ELIGIBILITY REMAIN PARTLY UNRESOLVED"
REGIME_GRADUAL_WEEKLY,WEEKLY,2026-03-06,GLOBAL_SILVER_MINERS,EXTENDED,,"{""GLOBAL_SILVER_MINERS"": 1.0}","{""GLOBAL_SILVER_MINERS"": 1.0}",1.0,4,STRONG,1.0,1.0,0.0,PLANNED,2026-03-09,"HISTORICAL UK RETAIL, ISA, ACCOUNT AND BROKER ELIGIBILITY REMAIN PARTLY UNRESOLVED"
REGIME_GRADUAL_WEEKLY,WEEKLY,2026-03-13,GLOBAL_SILVER_MINERS,WEAKENING,,"{""GLOBAL_SILVER_MINERS"": 1.0}","{""GLOBAL_SILVER_MINERS"": 1.0}",1.0,4,STRONG,1.0,1.0,0.0,NO_TARGET_CHANGE,,"HISTORICAL UK RETAIL, ISA, ACCOUNT AND BROKER ELIGIBILITY REMAIN PARTLY UNRESOLVED"
REGIME_GRADUAL_WEEKLY,WEEKLY,2026-03-20,GLOBAL_SILVER_MINERS,FAILED,,"{""GLOBAL_SILVER_MINERS"": 1.0}","{""GLOBAL_SILVER_MINERS"": 1.0}",1.0,4,STRONG,1.0,1.0,0.0,NO_TARGET_CHANGE,,"HISTORICAL UK RETAIL, ISA, ACCOUNT AND BROKER ELIGIBILITY REMAIN PARTLY UNRESOLVED"
REGIME_GRADUAL_WEEKLY,WEEKLY,2026-03-27,GLOBAL_SILVER_MINERS,FAILED,,"{""GLOBAL_SILVER_MINERS"": 1.0}","{""GLOBAL_SILVER_MINERS"": 0.75}",1.0,3,MATURE,0.75,0.75,0.25,PLANNED,2026-03-30,"HISTORICAL UK RETAIL, ISA, ACCOUNT AND BROKER ELIGIBILITY REMAIN PARTLY UNRESOLVED"
REGIME_GRADUAL_WEEKLY,WEEKLY,2026-03-31,GLOBAL_OIL_GAS,EXTENDED,,"{""GLOBAL_OIL_GAS"": 1.0}","{""GLOBAL_OIL_GAS"": 0.75}",1.0,3,MATURE,0.75,0.75,0.25,PLANNED,2026-04-01,"HISTORICAL UK RETAIL, ISA, ACCOUNT AND BROKER ELIGIBILITY REMAIN PARTLY UNRESOLVED"
REGIME_GRADUAL_WEEKLY,WEEKLY,2026-04-02,GLOBAL_OIL_GAS,CONFIRMING,,"{""GLOBAL_OIL_GAS"": 1.0}","{""GLOBAL_OIL_GAS"": 1.0}",1.0,4,STRONG,1.0,1.0,0.0,PLANNED,2026-04-07,"HISTORICAL UK RETAIL, ISA, ACCOUNT AND BROKER ELIGIBILITY REMAIN PARTLY UNRESOLVED"
REGIME_GRADUAL_WEEKLY,WEEKLY,2026-04-10,GLOBAL_OIL_GAS,CONFIRMING,,"{""GLOBAL_OIL_GAS"": 1.0}","{""GLOBAL_OIL_GAS"": 1.0}",1.0,4,STRONG,1.0,1.0,0.0,NO_TARGET_CHANGE,,"HISTORICAL UK RETAIL, ISA, ACCOUNT AND BROKER ELIGIBILITY REMAIN PARTLY UNRESOLVED"
REGIME_GRADUAL_WEEKLY,WEEKLY,2026-04-17,GLOBAL_OIL_GAS,OTHER,,"{""GLOBAL_OIL_GAS"": 1.0}","{""GLOBAL_OIL_GAS"": 0.75}",1.0,3,MATURE,0.75,0.75,0.25,PLANNED,2026-04-20,"HISTORICAL UK RETAIL, ISA, ACCOUNT AND BROKER ELIGIBILITY REMAIN PARTLY UNRESOLVED"
REGIME_GRADUAL_WEEKLY,WEEKLY,2026-04-24,GLOBAL_OIL_GAS,WEAKENING,,"{""GLOBAL_OIL_GAS"": 1.0}","{""GLOBAL_OIL_GAS"": 1.0}",1.0,4,STRONG,1.0,1.0,0.0,PLANNED,2026-04-27,"HISTORICAL UK RETAIL, ISA, ACCOUNT AND BROKER ELIGIBILITY REMAIN PARTLY UNRESOLVED"
REGIME_GRADUAL_WEEKLY,WEEKLY,2026-04-30,GLOBAL_SEMICONDUCTORS,EXTENDED,,"{""GLOBAL_SEMICONDUCTORS"": 1.0}","{""GLOBAL_SEMICONDUCTORS"": 1.0}",1.0,4,STRONG,1.0,1.0,0.0,PLANNED,2026-05-01,"HISTORICAL UK RETAIL, ISA, ACCOUNT AND BROKER ELIGIBILITY REMAIN PARTLY UNRESOLVED"
REGIME_GRADUAL_WEEKLY,WEEKLY,2026-05-01,GLOBAL_SEMICONDUCTORS,EXTENDED,,"{""GLOBAL_SEMICONDUCTORS"": 1.0}","{""GLOBAL_SEMICONDUCTORS"": 1.0}",1.0,5,STRONG,1.0,1.0,0.0,NO_TARGET_CHANGE,,"HISTORICAL UK RETAIL, ISA, ACCOUNT AND BROKER ELIGIBILITY REMAIN PARTLY UNRESOLVED"
REGIME_GRADUAL_WEEKLY,WEEKLY,2026-05-08,GLOBAL_SEMICONDUCTORS,EXTENDED,,"{""GLOBAL_SEMICONDUCTORS"": 1.0}","{""GLOBAL_SEMICONDUCTORS"": 1.0}",1.0,5,STRONG,1.0,1.0,0.0,NO_TARGET_CHANGE,,"HISTORICAL UK RETAIL, ISA, ACCOUNT AND BROKER ELIGIBILITY REMAIN PARTLY UNRESOLVED"
REGIME_GRADUAL_WEEKLY,WEEKLY,2026-05-15,GLOBAL_SEMICONDUCTORS,EXTENDED,,"{""GLOBAL_SEMICONDUCTORS"": 1.0}","{""GLOBAL_SEMICONDUCTORS"": 0.75}",1.0,4,MATURE,0.75,0.75,0.25,PLANNED,2026-05-18,"HISTORICAL UK RETAIL, ISA, ACCOUNT AND BROKER ELIGIBILITY REMAIN PARTLY UNRESOLVED"
REGIME_GRADUAL_WEEKLY,WEEKLY,2026-05-22,GLOBAL_SEMICONDUCTORS,EXTENDED,,"{""GLOBAL_SEMICONDUCTORS"": 1.0}","{""GLOBAL_SEMICONDUCTORS"": 0.5}",1.0,3,DETERIORATING,0.5,0.5,0.5,PLANNED,2026-05-26,"HISTORICAL UK RETAIL, ISA, ACCOUNT AND BROKER ELIGIBILITY REMAIN PARTLY UNRESOLVED"
REGIME_GRADUAL_WEEKLY,WEEKLY,2026-05-29,GLOBAL_SEMICONDUCTORS,EXTENDED,,"{""GLOBAL_SEMICONDUCTORS"": 1.0}","{""GLOBAL_SEMICONDUCTORS"": 0.75}",1.0,4,MATURE,0.75,0.75,0.25,PLANNED,2026-06-01,"HISTORICAL UK RETAIL, ISA, ACCOUNT AND BROKER ELIGIBILITY REMAIN PARTLY UNRESOLVED"
REGIME_GRADUAL_WEEKLY,WEEKLY,2026-06-05,GLOBAL_SEMICONDUCTORS,EXTENDED,,"{""GLOBAL_SEMICONDUCTORS"": 1.0}","{""GLOBAL_SEMICONDUCTORS"": 0.5}",1.0,3,DETERIORATING,0.5,0.5,0.5,PLANNED,2026-06-08,"HISTORICAL UK RETAIL, ISA, ACCOUNT AND BROKER ELIGIBILITY REMAIN PARTLY UNRESOLVED"
REGIME_GRADUAL_WEEKLY,WEEKLY,2026-06-12,GLOBAL_SEMICONDUCTORS,EXTENDED,,"{""GLOBAL_SEMICONDUCTORS"": 1.0}","{""GLOBAL_SEMICONDUCTORS"": 0.75}",1.0,4,MATURE,0.75,0.75,0.25,PLANNED,2026-06-15,"HISTORICAL UK RETAIL, ISA, ACCOUNT AND BROKER ELIGIBILITY REMAIN PARTLY UNRESOLVED"
REGIME_GRADUAL_WEEKLY,WEEKLY,2026-06-19,GLOBAL_SEMICONDUCTORS,EXTENDED,,"{""GLOBAL_SEMICONDUCTORS"": 1.0}","{""GLOBAL_SEMICONDUCTORS"": 0.5}",1.0,3,DETERIORATING,0.5,0.5,0.5,PLANNED,2026-06-22,"HISTORICAL UK RETAIL, ISA, ACCOUNT AND BROKER ELIGIBILITY REMAIN PARTLY UNRESOLVED"
REGIME_GRADUAL_WEEKLY,WEEKLY,2026-06-26,GLOBAL_SEMICONDUCTORS,EXTENDED,,"{""GLOBAL_SEMICONDUCTORS"": 1.0}","{""GLOBAL_SEMICONDUCTORS"": 0.5}",1.0,3,DETERIORATING,0.5,0.5,0.5,NO_TARGET_CHANGE,,"HISTORICAL UK RETAIL, ISA, ACCOUNT AND BROKER ELIGIBILITY REMAIN PARTLY UNRESOLVED"
REGIME_GRADUAL_WEEKLY,WEEKLY,2026-06-30,GLOBAL_SEMICONDUCTORS,EXTENDED,,"{""GLOBAL_SEMICONDUCTORS"": 1.0}","{""GLOBAL_SEMICONDUCTORS"": 0.5}",1.0,3,DETERIORATING,0.5,0.5,0.5,NO_TARGET_CHANGE,,"HISTORICAL UK RETAIL, ISA, ACCOUNT AND BROKER ELIGIBILITY REMAIN PARTLY UNRESOLVED"
REGIME_GRADUAL_WEEKLY,WEEKLY,2026-07-03,GLOBAL_SEMICONDUCTORS,EXTENDED,,"{""GLOBAL_SEMICONDUCTORS"": 1.0}","{""GLOBAL_SEMICONDUCTORS"": 0.5}",1.0,3,DETERIORATING,0.5,0.5,0.5,NO_TARGET_CHANGE,,"HISTORICAL UK RETAIL, ISA, ACCOUNT AND BROKER ELIGIBILITY REMAIN PARTLY UNRESOLVED"
REGIME_GRADUAL_WEEKLY,WEEKLY,2026-07-10,GLOBAL_SEMICONDUCTORS,EXTENDED,,"{""GLOBAL_SEMICONDUCTORS"": 1.0}","{""GLOBAL_SEMICONDUCTORS"": 0.75}",1.0,3,MATURE,0.75,0.75,0.25,PLANNED,2026-07-13,"HISTORICAL UK RETAIL, ISA, ACCOUNT AND BROKER ELIGIBILITY REMAIN PARTLY UNRESOLVED"
REGIME_GRADUAL_WEEKLY,WEEKLY,2026-07-17,GLOBAL_SEMICONDUCTORS,WEAKENING,,"{""GLOBAL_SEMICONDUCTORS"": 1.0}","{""GLOBAL_SEMICONDUCTORS"": 0.5}",1.0,2,DETERIORATING,0.5,0.5,0.5,PLANNED,2026-07-20,"HISTORICAL UK RETAIL, ISA, ACCOUNT AND BROKER ELIGIBILITY REMAIN PARTLY UNRESOLVED"
REGIME_GRADUAL_WEEKLY,WEEKLY,2026-07-24,GLOBAL_SEMICONDUCTORS,WEAKENING,,"{""GLOBAL_SEMICONDUCTORS"": 1.0}","{""GLOBAL_SEMICONDUCTORS"": 0.75}",1.0,3,MATURE,0.75,0.75,0.25,PLANNED,2026-07-27,"HISTORICAL UK RETAIL, ISA, ACCOUNT AND BROKER ELIGIBILITY REMAIN PARTLY UNRESOLVED"
REGIME_GRADUAL_WEEKLY,WEEKLY,2026-07-31,GLOBAL_SEMICONDUCTORS,WEAKENING,,"{""GLOBAL_SEMICONDUCTORS"": 1.0}","{""GLOBAL_SEMICONDUCTORS"": 1.0}",1.0,5,STRONG,1.0,1.0,0.0,PLANNED,2026-08-03,"HISTORICAL UK RETAIL, ISA, ACCOUNT AND BROKER ELIGIBILITY REMAIN PARTLY UNRESOLVED"
REGIME_GRADUAL_WEEKLY,WEEKLY,2026-08-07,GLOBAL_SEMICONDUCTORS,FAILED,,"{""GLOBAL_SEMICONDUCTORS"": 1.0}","{""GLOBAL_SEMICONDUCTORS"": 0.5}",1.0,3,DETERIORATING,0.5,0.5,0.5,PLANNED,2026-08-10,"HISTORICAL UK RETAIL, ISA, ACCOUNT AND BROKER ELIGIBILITY REMAIN PARTLY UNRESOLVED"
REGIME_GRADUAL_WEEKLY,WEEKLY,2026-08-14,GLOBAL_SEMICONDUCTORS,WEAKENING,,"{""GLOBAL_SEMICONDUCTORS"": 1.0}","{""GLOBAL_SEMICONDUCTORS"": 0.5}",1.0,3,DETERIORATING,0.5,0.5,0.5,NO_TARGET_CHANGE,,"HISTORICAL UK RETAIL, ISA, ACCOUNT AND BROKER ELIGIBILITY REMAIN PARTLY UNRESOLVED"
REGIME_GRADUAL_WEEKLY,WEEKLY,2026-08-21,GLOBAL_GENOMICS,EXTENDED,,"{""GLOBAL_GENOMICS"": 1.0}","{""GLOBAL_GENOMICS"": 0.5}",1.0,3,DETERIORATING,0.5,0.5,0.5,CANCELLED_PANEL_END_NO_EXECUTION_SESSION,,"HISTORICAL UK RETAIL, ISA, ACCOUNT AND BROKER ELIGIBILITY REMAIN PARTLY UNRESOLVED"
REGIME_GRADUAL_HOSTILE25_WEEKLY,WEEKLY,2021-08-31,GLOBAL_CYBERSECURITY,ESTABLISHED,,"{""GLOBAL_CYBERSECURITY"": 1.0}","{""GLOBAL_CYBERSECURITY"": 0.75}",1.0,3,MATURE,0.75,0.75,0.25,PLANNED,2021-09-01,"HISTORICAL UK RETAIL, ISA, ACCOUNT AND BROKER ELIGIBILITY REMAIN PARTLY UNRESOLVED"
REGIME_GRADUAL_HOSTILE25_WEEKLY,WEEKLY,2021-09-03,GLOBAL_CYBERSECURITY,EXTENDED,,"{""GLOBAL_CYBERSECURITY"": 1.0}","{""GLOBAL_CYBERSECURITY"": 0.75}",1.0,3,MATURE,0.75,0.75,0.25,NO_TARGET_CHANGE,,"HISTORICAL UK RETAIL, ISA, ACCOUNT AND BROKER ELIGIBILITY REMAIN PARTLY UNRESOLVED"
REGIME_GRADUAL_HOSTILE25_WEEKLY,WEEKLY,2021-09-10,GLOBAL_CYBERSECURITY,ESTABLISHED,,"{""GLOBAL_CYBERSECURITY"": 1.0}","{""GLOBAL_CYBERSECURITY"": 0.75}",1.0,3,MATURE,0.75,0.75,0.25,NO_TARGET_CHANGE,,"HISTORICAL UK RETAIL, ISA, ACCOUNT AND BROKER ELIGIBILITY REMAIN PARTLY UNRESOLVED"
REGIME_GRADUAL_HOSTILE25_WEEKLY,WEEKLY,2021-09-17,GLOBAL_CYBERSECURITY,ESTABLISHED,,"{""GLOBAL_CYBERSECURITY"": 1.0}","{""GLOBAL_CYBERSECURITY"": 0.75}",1.0,3,MATURE,0.75,0.75,0.25,NO_TARGET_CHANGE,,"HISTORICAL UK RETAIL, ISA, ACCOUNT AND BROKER ELIGIBILITY REMAIN PARTLY UNRESOLVED"
REGIME_GRADUAL_HOSTILE25_WEEKLY,WEEKLY,2021-09-24,GLOBAL_CYBERSECURITY,WEAKENING,,"{""GLOBAL_CYBERSECURITY"": 1.0}","{""GLOBAL_CYBERSECURITY"": 0.75}",1.0,3,MATURE,0.75,0.75,0.25,NO_TARGET_CHANGE,,"HISTORICAL UK RETAIL, ISA, ACCOUNT AND BROKER ELIGIBILITY REMAIN PARTLY UNRESOLVED"
REGIME_GRADUAL_HOSTILE25_WEEKLY,WEEKLY,2021-09-30,GLOBAL_OIL_GAS,ESTABLISHED,,"{""GLOBAL_OIL_GAS"": 1.0}","{""GLOBAL_OIL_GAS"": 0.75}",1.0,3,MATURE,0.75,0.75,0.25,PLANNED,2021-10-01,"HISTORICAL UK RETAIL, ISA, ACCOUNT AND BROKER ELIGIBILITY REMAIN PARTLY UNRESOLVED"
REGIME_GRADUAL_HOSTILE25_WEEKLY,WEEKLY,2021-10-01,GLOBAL_OIL_GAS,ESTABLISHED,,"{""GLOBAL_OIL_GAS"": 1.0}","{""GLOBAL_OIL_GAS"": 1.0}",1.0,4,STRONG,1.0,1.0,0.0,PLANNED,2021-10-04,"HISTORICAL UK RETAIL, ISA, ACCOUNT AND BROKER ELIGIBILITY REMAIN PARTLY UNRESOLVED"
REGIME_GRADUAL_HOSTILE25_WEEKLY,WEEKLY,2021-10-08,GLOBAL_OIL_GAS,EXTENDED,,"{""GLOBAL_OIL_GAS"": 1.0}","{""GLOBAL_OIL_GAS"": 1.0}",1.0,4,STRONG,1.0,1.0,0.0,NO_TARGET_CHANGE,,"HISTORICAL UK RETAIL, ISA, ACCOUNT AND BROKER ELIGIBILITY REMAIN PARTLY UNRESOLVED"
REGIME_GRADUAL_HOSTILE25_WEEKLY,WEEKLY,2021-10-15,GLOBAL_OIL_GAS,EXTENDED,,"{""GLOBAL_OIL_GAS"": 1.0}","{""GLOBAL_OIL_GAS"": 1.0}",1.0,5,STRONG,1.0,1.0,0.0,NO_TARGET_CHANGE,,"HISTORICAL UK RETAIL, ISA, ACCOUNT AND BROKER ELIGIBILITY REMAIN PARTLY UNRESOLVED"
REGIME_GRADUAL_HOSTILE25_WEEKLY,WEEKLY,2021-10-22,GLOBAL_OIL_GAS,EXTENDED,,"{""GLOBAL_OIL_GAS"": 1.0}","{""GLOBAL_OIL_GAS"": 0.5}",1.0,3,DETERIORATING,0.5,0.5,0.5,PLANNED,2021-10-25,"HISTORICAL UK RETAIL, ISA, ACCOUNT AND BROKER ELIGIBILITY REMAIN PARTLY UNRESOLVED"
REGIME_GRADUAL_HOSTILE25_WEEKLY,WEEKLY,2021-10-29,GLOBAL_OIL_GAS,EXTENDED,,"{""GLOBAL_OIL_GAS"": 1.0}","{""GLOBAL_OIL_GAS"": 0.5}",1.0,3,DETERIORATING,0.5,0.5,0.5,NO_TARGET_CHANGE,,"HISTORICAL UK RETAIL, ISA, ACCOUNT AND BROKER ELIGIBILITY REMAIN PARTLY UNRESOLVED"
REGIME_GRADUAL_HOSTILE25_WEEKLY,WEEKLY,2021-11-05,GLOBAL_OIL_GAS,EXTENDED,,"{""GLOBAL_OIL_GAS"": 1.0}","{""GLOBAL_OIL_GAS"": 0.5}",1.0,2,DETERIORATING,0.5,0.5,0.5,NO_TARGET_CHANGE,,"HISTORICAL UK RETAIL, ISA, ACCOUNT AND BROKER ELIGIBILITY REMAIN PARTLY UNRESOLVED"
REGIME_GRADUAL_HOSTILE25_WEEKLY,WEEKLY,2021-11-12,GLOBAL_OIL_GAS,WEAKENING,,"{""GLOBAL_OIL_GAS"": 1.0}","{""GLOBAL_OIL_GAS"": 0.5}",1.0,3,DETERIORATING,0.5,0.5,0.5,NO_TARGET_CHANGE,,"HISTORICAL UK RETAIL, ISA, ACCOUNT AND BROKER ELIGIBILITY REMAIN PARTLY UNRESOLVED"
REGIME_GRADUAL_HOSTILE25_WEEKLY,WEEKLY,2021-11-19,GLOBAL_OIL_GAS,WEAKENING,,"{""GLOBAL_OIL_GAS"": 1.0}","{""GLOBAL_OIL_GAS"": 0.5}",1.0,2,DETERIORATING,0.5,0.5,0.5,NO_TARGET_CHANGE,,"HISTORICAL UK RETAIL, ISA, ACCOUNT AND BROKER ELIGIBILITY REMAIN PARTLY UNRESOLVED"
REGIME_GRADUAL_HOSTILE25_WEEKLY,WEEKLY,2021-11-26,GLOBAL_OIL_GAS,WEAKENING,,"{""GLOBAL_OIL_GAS"": 1.0}","{""GLOBAL_OIL_GAS"": 0.5}",1.0,2,DETERIORATING,0.5,0.5,0.5,NO_TARGET_CHANGE,,"HISTORICAL UK RETAIL, ISA, ACCOUNT AND BROKER ELIGIBILITY REMAIN PARTLY UNRESOLVED"
REGIME_GRADUAL_HOSTILE25_WEEKLY,WEEKLY,2021-11-30,GLOBAL_SEMICONDUCTORS,EXTENDED,,"{""GLOBAL_SEMICONDUCTORS"": 1.0}","{""GLOBAL_SEMICONDUCTORS"": 0.5}",1.0,2,DETERIORATING,0.5,0.5,0.5,PLANNED,2021-12-01,"HISTORICAL UK RETAIL, ISA, ACCOUNT AND BROKER ELIGIBILITY REMAIN PARTLY UNRESOLVED"
REGIME_GRADUAL_HOSTILE25_WEEKLY,WEEKLY,2021-12-03,GLOBAL_SEMICONDUCTORS,EXTENDED,,"{""GLOBAL_SEMICONDUCTORS"": 1.0}","{""GLOBAL_SEMICONDUCTORS"": 0.5}",1.0,3,DETERIORATING,0.5,0.5,0.5,NO_TARGET_CHANGE,,"HISTORICAL UK RETAIL, ISA, ACCOUNT AND BROKER ELIGIBILITY REMAIN PARTLY UNRESOLVED"
REGIME_GRADUAL_HOSTILE25_WEEKLY,WEEKLY,2021-12-10,GLOBAL_SEMICONDUCTORS,ESTABLISHED,,"{""GLOBAL_SEMICONDUCTORS"": 1.0}","{""GLOBAL_SEMICONDUCTORS"": 0.5}",1.0,2,DETERIORATING,0.5,0.5,0.5,NO_TARGET_CHANGE,,"HISTORICAL UK RETAIL, ISA, ACCOUNT AND BROKER ELIGIBILITY REMAIN PARTLY UNRESOLVED"
REGIME_GRADUAL_HOSTILE25_WEEKLY,WEEKLY,2021-12-17,GLOBAL_SEMICONDUCTORS,ESTABLISHED,,"{""GLOBAL_SEMICONDUCTORS"": 1.0}","{""GLOBAL_SEMICONDUCTORS"": 1.0}",1.0,3,POSITIVE,1.0,1.0,0.0,PLANNED,2021-12-20,"HISTORICAL UK RETAIL, ISA, ACCOUNT AND BROKER ELIGIBILITY REMAIN PARTLY UNRESOLVED"
REGIME_GRADUAL_HOSTILE25_WEEKLY,WEEKLY,2021-12-24,GLOBAL_SEMICONDUCTORS,EXTENDED,,"{""GLOBAL_SEMICONDUCTORS"": 1.0}","{""GLOBAL_SEMICONDUCTORS"": 0.25}",1.0,0,HOSTILE,0.25,0.25,0.75,PLANNED,2021-12-29,"HISTORICAL UK RETAIL, ISA, ACCOUNT AND BROKER ELIGIBILITY REMAIN PARTLY UNRESOLVED"
REGIME_GRADUAL_HOSTILE25_WEEKLY,WEEKLY,2021-12-31,GLOBAL_SEMICONDUCTORS,EXTENDED,,"{""GLOBAL_SEMICONDUCTORS"": 1.0}","{""GLOBAL_SEMICONDUCTORS"": 1.0}",1.0,2,POSITIVE,1.0,1.0,0.0,PLANNED,2022-01-04,"HISTORICAL UK RETAIL, ISA, ACCOUNT AND BROKER ELIGIBILITY REMAIN PARTLY UNRESOLVED"
REGIME_GRADUAL_HOSTILE25_WEEKLY,WEEKLY,2022-01-07,GLOBAL_SEMICONDUCTORS,OTHER,,"{""GLOBAL_SEMICONDUCTORS"": 1.0}","{""GLOBAL_SEMICONDUCTORS"": 1.0}",1.0,2,POSITIVE,1.0,1.0,0.0,NO_TARGET_CHANGE,,"HISTORICAL UK RETAIL, ISA, ACCOUNT AND BROKER ELIGIBILITY REMAIN PARTLY UNRESOLVED"
REGIME_GRADUAL_HOSTILE25_WEEKLY,WEEKLY,2022-01-14,GLOBAL_SEMICONDUCTORS,WEAKENING,,"{""GLOBAL_SEMICONDUCTORS"": 1.0}","{""GLOBAL_SEMICONDUCTORS"": 1.0}",1.0,4,STRONG,1.0,1.0,0.0,NO_TARGET_CHANGE,,"HISTORICAL UK RETAIL, ISA, ACCOUNT AND BROKER ELIGIBILITY REMAIN PARTLY UNRESOLVED"
REGIME_GRADUAL_HOSTILE25_WEEKLY,WEEKLY,2022-01-21,GLOBAL_SEMICONDUCTORS,WEAKENING,,"{""GLOBAL_SEMICONDUCTORS"": 1.0}","{""GLOBAL_SEMICONDUCTORS"": 0.75}",1.0,3,MATURE,0.75,0.75,0.25,PLANNED,2022-01-24,"HISTORICAL UK RETAIL, ISA, ACCOUNT AND BROKER ELIGIBILITY REMAIN PARTLY UNRESOLVED"
REGIME_GRADUAL_HOSTILE25_WEEKLY,WEEKLY,2022-01-28,GLOBAL_SEMICONDUCTORS,FAILED,,"{""GLOBAL_SEMICONDUCTORS"": 1.0}","{""GLOBAL_SEMICONDUCTORS"": 0.25}",1.0,2,HOSTILE,0.25,0.25,0.75,PLANNED,2022-01-31,"HISTORICAL UK RETAIL, ISA, ACCOUNT AND BROKER ELIGIBILITY REMAIN PARTLY UNRESOLVED"
REGIME_GRADUAL_HOSTILE25_WEEKLY,WEEKLY,2022-01-31,GLOBAL_OIL_GAS,EXTENDED,,"{""GLOBAL_OIL_GAS"": 1.0}","{""GLOBAL_OIL_GAS"": 0.25}",1.0,2,HOSTILE,0.25,0.25,0.75,PLANNED,2022-02-01,"HISTORICAL UK RETAIL, ISA, ACCOUNT AND BROKER ELIGIBILITY REMAIN PARTLY UNRESOLVED"
REGIME_GRADUAL_HOSTILE25_WEEKLY,WEEKLY,2022-02-04,GLOBAL_OIL_GAS,EXTENDED,,"{""GLOBAL_OIL_GAS"": 1.0}","{""GLOBAL_OIL_GAS"": 1.0}",1.0,4,STRONG,1.0,1.0,0.0,PLANNED,2022-02-07,"HISTORICAL UK RETAIL, ISA, ACCOUNT AND BROKER ELIGIBILITY REMAIN PARTLY UNRESOLVED"
REGIME_GRADUAL_HOSTILE25_WEEKLY,WEEKLY,2022-02-11,GLOBAL_OIL_GAS,EXTENDED,,"{""GLOBAL_OIL_GAS"": 1.0}","{""GLOBAL_OIL_GAS"": 0.5}",1.0,2,DETERIORATING,0.5,0.5,0.5,PLANNED,2022-02-14,"HISTORICAL UK RETAIL, ISA, ACCOUNT AND BROKER ELIGIBILITY REMAIN PARTLY UNRESOLVED"
REGIME_GRADUAL_HOSTILE25_WEEKLY,WEEKLY,2022-02-18,GLOBAL_OIL_GAS,EXTENDED,,"{""GLOBAL_OIL_GAS"": 1.0}","{""GLOBAL_OIL_GAS"": 0.25}",1.0,2,HOSTILE,0.25,0.25,0.75,PLANNED,2022-02-21,"HISTORICAL UK RETAIL, ISA, ACCOUNT AND BROKER ELIGIBILITY REMAIN PARTLY UNRESOLVED"
REGIME_GRADUAL_HOSTILE25_WEEKLY,WEEKLY,2022-02-25,GLOBAL_OIL_GAS,EXTENDED,,"{""GLOBAL_OIL_GAS"": 1.0}","{""GLOBAL_OIL_GAS"": 0.25}",1.0,2,HOSTILE,0.25,0.25,0.75,NO_TARGET_CHANGE,,"HISTORICAL UK RETAIL, ISA, ACCOUNT AND BROKER ELIGIBILITY REMAIN PARTLY UNRESOLVED"
REGIME_GRADUAL_HOSTILE25_WEEKLY,WEEKLY,2022-02-28,GLOBAL_OIL_GAS,EXTENDED,,"{""GLOBAL_OIL_GAS"": 1.0}","{""GLOBAL_OIL_GAS"": 0.25}",1.0,2,HOSTILE,0.25,0.25,0.75,NO_TARGET_CHANGE,,"HISTORICAL UK RETAIL, ISA, ACCOUNT AND BROKER ELIGIBILITY REMAIN PARTLY UNRESOLVED"
REGIME_GRADUAL_HOSTILE25_WEEKLY,WEEKLY,2022-03-04,GLOBAL_OIL_GAS,EXTENDED,,"{""GLOBAL_OIL_GAS"": 1.0}","{""GLOBAL_OIL_GAS"": 0.25}",1.0,1,HOSTILE,0.25,0.25,0.75,NO_TARGET_CHANGE,,"HISTORICAL UK RETAIL, ISA, ACCOUNT AND BROKER ELIGIBILITY REMAIN PARTLY UNRESOLVED"
REGIME_GRADUAL_HOSTILE25_WEEKLY,WEEKLY,2022-03-11,GLOBAL_OIL_GAS,EXTENDED,,"{""GLOBAL_OIL_GAS"": 1.0}","{""GLOBAL_OIL_GAS"": 0.25}",1.0,2,HOSTILE,0.25,0.25,0.75,NO_TARGET_CHANGE,,"HISTORICAL UK RETAIL, ISA, ACCOUNT AND BROKER ELIGIBILITY REMAIN PARTLY UNRESOLVED"
REGIME_GRADUAL_HOSTILE25_WEEKLY,WEEKLY,2022-03-18,GLOBAL_OIL_GAS,EXTENDED,,"{""GLOBAL_OIL_GAS"": 1.0}","{""GLOBAL_OIL_GAS"": 0.75}",1.0,3,MATURE,0.75,0.75,0.25,PLANNED,2022-03-21,"HISTORICAL UK RETAIL, ISA, ACCOUNT AND BROKER ELIGIBILITY REMAIN PARTLY UNRESOLVED"
REGIME_GRADUAL_HOSTILE25_WEEKLY,WEEKLY,2022-03-25,GLOBAL_OIL_GAS,EXTENDED,,"{""GLOBAL_OIL_GAS"": 1.0}","{""GLOBAL_OIL_GAS"": 0.75}",1.0,3,MATURE,0.75,0.75,0.25,NO_TARGET_CHANGE,,"HISTORICAL UK RETAIL, ISA, ACCOUNT AND BROKER ELIGIBILITY REMAIN PARTLY UNRESOLVED"
REGIME_GRADUAL_HOSTILE25_WEEKLY,WEEKLY,2022-03-31,GLOBAL_OIL_GAS,EXTENDED,,"{""GLOBAL_OIL_GAS"": 1.0}","{""GLOBAL_OIL_GAS"": 0.75}",1.0,3,MATURE,0.75,0.75,0.25,NO_TARGET_CHANGE,,"HISTORICAL UK RETAIL, ISA, ACCOUNT AND BROKER ELIGIBILITY REMAIN PARTLY UNRESOLVED"
REGIME_GRADUAL_HOSTILE25_WEEKLY,WEEKLY,2022-04-01,GLOBAL_OIL_GAS,EXTENDED,,"{""GLOBAL_OIL_GAS"": 1.0}","{""GLOBAL_OIL_GAS"": 0.5}",1.0,2,DETERIORATING,0.5,0.5,0.5,PLANNED,2022-04-04,"HISTORICAL UK RETAIL, ISA, ACCOUNT AND BROKER ELIGIBILITY REMAIN PARTLY UNRESOLVED"
REGIME_GRADUAL_HOSTILE25_WEEKLY,WEEKLY,2022-04-08,GLOBAL_OIL_GAS,EXTENDED,,"{""GLOBAL_OIL_GAS"": 1.0}","{""GLOBAL_OIL_GAS"": 1.0}",1.0,3,POSITIVE,1.0,1.0,0.0,PLANNED,2022-04-11,"HISTORICAL UK RETAIL, ISA, ACCOUNT AND BROKER ELIGIBILITY REMAIN PARTLY UNRESOLVED"
REGIME_GRADUAL_HOSTILE25_WEEKLY,WEEKLY,2022-04-14,GLOBAL_OIL_GAS,EXTENDED,,"{""GLOBAL_OIL_GAS"": 1.0}","{""GLOBAL_OIL_GAS"": 1.0}",1.0,3,POSITIVE,1.0,1.0,0.0,NO_TARGET_CHANGE,,"HISTORICAL UK RETAIL, ISA, ACCOUNT AND BROKER ELIGIBILITY REMAIN PARTLY UNRESOLVED"
REGIME_GRADUAL_HOSTILE25_WEEKLY,WEEKLY,2022-04-22,GLOBAL_OIL_GAS,EXTENDED,,"{""GLOBAL_OIL_GAS"": 1.0}","{""GLOBAL_OIL_GAS"": 0.25}",1.0,1,HOSTILE,0.25,0.25,0.75,PLANNED,2022-04-25,"HISTORICAL UK RETAIL, ISA, ACCOUNT AND BROKER ELIGIBILITY REMAIN PARTLY UNRESOLVED"
REGIME_GRADUAL_HOSTILE25_WEEKLY,WEEKLY,2022-04-29,GLOBAL_OIL_GAS,EXTENDED,,"{""GLOBAL_OIL_GAS"": 1.0}","{""GLOBAL_OIL_GAS"": 0.25}",1.0,2,HOSTILE,0.25,0.25,0.75,NO_TARGET_CHANGE,,"HISTORICAL UK RETAIL, ISA, ACCOUNT AND BROKER ELIGIBILITY REMAIN PARTLY UNRESOLVED"
REGIME_GRADUAL_HOSTILE25_WEEKLY,WEEKLY,2022-05-06,GLOBAL_OIL_GAS,EXTENDED,,"{""GLOBAL_OIL_GAS"": 1.0}","{""GLOBAL_OIL_GAS"": 0.25}",1.0,2,HOSTILE,0.25,0.25,0.75,NO_TARGET_CHANGE,,"HISTORICAL UK RETAIL, ISA, ACCOUNT AND BROKER ELIGIBILITY REMAIN PARTLY UNRESOLVED"
REGIME_GRADUAL_HOSTILE25_WEEKLY,WEEKLY,2022-05-13,GLOBAL_OIL_GAS,EXTENDED,,"{""GLOBAL_OIL_GAS"": 1.0}","{""GLOBAL_OIL_GAS"": 0.25}",1.0,2,HOSTILE,0.25,0.25,0.75,NO_TARGET_CHANGE,,"HISTORICAL UK RETAIL, ISA, ACCOUNT AND BROKER ELIGIBILITY REMAIN PARTLY UNRESOLVED"
REGIME_GRADUAL_HOSTILE25_WEEKLY,WEEKLY,2022-05-20,GLOBAL_OIL_GAS,EXTENDED,,"{""GLOBAL_OIL_GAS"": 1.0}","{""GLOBAL_OIL_GAS"": 0.25}",1.0,2,HOSTILE,0.25,0.25,0.75,NO_TARGET_CHANGE,,"HISTORICAL UK RETAIL, ISA, ACCOUNT AND BROKER ELIGIBILITY REMAIN PARTLY UNRESOLVED"
REGIME_GRADUAL_HOSTILE25_WEEKLY,WEEKLY,2022-05-27,GLOBAL_OIL_GAS,EXTENDED,,"{""GLOBAL_OIL_GAS"": 1.0}","{""GLOBAL_OIL_GAS"": 0.25}",1.0,1,HOSTILE,0.25,0.25,0.75,NO_TARGET_CHANGE,,"HISTORICAL UK RETAIL, ISA, ACCOUNT AND BROKER ELIGIBILITY REMAIN PARTLY UNRESOLVED"
REGIME_GRADUAL_HOSTILE25_WEEKLY,WEEKLY,2022-05-31,GLOBAL_OIL_GAS,EXTENDED,,"{""GLOBAL_OIL_GAS"": 1.0}","{""GLOBAL_OIL_GAS"": 0.25}",1.0,1,HOSTILE,0.25,0.25,0.75,NO_TARGET_CHANGE,,"HISTORICAL UK RETAIL, ISA, ACCOUNT AND BROKER ELIGIBILITY REMAIN PARTLY UNRESOLVED"
REGIME_GRADUAL_HOSTILE25_WEEKLY,WEEKLY,2022-06-01,GLOBAL_OIL_GAS,EXTENDED,,"{""GLOBAL_OIL_GAS"": 1.0}","{""GLOBAL_OIL_GAS"": 0.25}",1.0,1,HOSTILE,0.25,0.25,0.75,NO_TARGET_CHANGE,,"HISTORICAL UK RETAIL, ISA, ACCOUNT AND BROKER ELIGIBILITY REMAIN PARTLY UNRESOLVED"
REGIME_GRADUAL_HOSTILE25_WEEKLY,WEEKLY,2022-06-10,GLOBAL_OIL_GAS,EXTENDED,,"{""GLOBAL_OIL_GAS"": 1.0}","{""GLOBAL_OIL_GAS"": 0.25}",1.0,1,HOSTILE,0.25,0.25,0.75,NO_TARGET_CHANGE,,"HISTORICAL UK RETAIL, ISA, ACCOUNT AND BROKER ELIGIBILITY REMAIN PARTLY UNRESOLVED"
REGIME_GRADUAL_HOSTILE25_WEEKLY,WEEKLY,2022-06-17,GLOBAL_OIL_GAS,WEAKENING,,"{""GLOBAL_OIL_GAS"": 1.0}","{""GLOBAL_OIL_GAS"": 0.25}",1.0,2,HOSTILE,0.25,0.25,0.75,NO_TARGET_CHANGE,,"HISTORICAL UK RETAIL, ISA, ACCOUNT AND BROKER ELIGIBILITY REMAIN PARTLY UNRESOLVED"
REGIME_GRADUAL_HOSTILE25_WEEKLY,WEEKLY,2022-06-24,GLOBAL_OIL_GAS,WEAKENING,,"{""GLOBAL_OIL_GAS"": 1.0}","{""GLOBAL_OIL_GAS"": 0.25}",1.0,0,HOSTILE,0.25,0.25,0.75,NO_TARGET_CHANGE,,"HISTORICAL UK RETAIL, ISA, ACCOUNT AND BROKER ELIGIBILITY REMAIN PARTLY UNRESOLVED"
REGIME_GRADUAL_HOSTILE25_WEEKLY,WEEKLY,2022-06-30,GLOBAL_OIL_GAS,WEAKENING,,"{""GLOBAL_OIL_GAS"": 1.0}","{""GLOBAL_OIL_GAS"": 0.25}",1.0,0,HOSTILE,0.25,0.25,0.75,NO_TARGET_CHANGE,,"HISTORICAL UK RETAIL, ISA, ACCOUNT AND BROKER ELIGIBILITY REMAIN PARTLY UNRESOLVED"
REGIME_GRADUAL_HOSTILE25_WEEKLY,WEEKLY,2022-07-01,GLOBAL_OIL_GAS,WEAKENING,,"{""GLOBAL_OIL_GAS"": 1.0}","{""GLOBAL_OIL_GAS"": 0.25}",1.0,2,HOSTILE,0.25,0.25,0.75,NO_TARGET_CHANGE,,"HISTORICAL UK RETAIL, ISA, ACCOUNT AND BROKER ELIGIBILITY REMAIN PARTLY UNRESOLVED"
REGIME_GRADUAL_HOSTILE25_WEEKLY,WEEKLY,2022-07-08,GLOBAL_OIL_GAS,WEAKENING,,"{""GLOBAL_OIL_GAS"": 1.0}","{""GLOBAL_OIL_GAS"": 0.25}",1.0,2,HOSTILE,0.25,0.25,0.75,NO_TARGET_CHANGE,,"HISTORICAL UK RETAIL, ISA, ACCOUNT AND BROKER ELIGIBILITY REMAIN PARTLY UNRESOLVED"
REGIME_GRADUAL_HOSTILE25_WEEKLY,WEEKLY,2022-07-15,GLOBAL_OIL_GAS,FAILED,,"{""GLOBAL_OIL_GAS"": 1.0}","{""GLOBAL_OIL_GAS"": 0.25}",1.0,2,HOSTILE,0.25,0.25,0.75,NO_TARGET_CHANGE,,"HISTORICAL UK RETAIL, ISA, ACCOUNT AND BROKER ELIGIBILITY REMAIN PARTLY UNRESOLVED"
REGIME_GRADUAL_HOSTILE25_WEEKLY,WEEKLY,2022-07-22,GLOBAL_OIL_GAS,FAILED,,"{""GLOBAL_OIL_GAS"": 1.0}","{""GLOBAL_OIL_GAS"": 0.25}",1.0,3,HOSTILE,0.25,0.25,0.75,NO_TARGET_CHANGE,,"HISTORICAL UK RETAIL, ISA, ACCOUNT AND BROKER ELIGIBILITY REMAIN PARTLY UNRESOLVED"
REGIME_GRADUAL_HOSTILE25_WEEKLY,WEEKLY,2022-07-29,GLOBAL_OIL_GAS,WEAKENING,,"{""GLOBAL_OIL_GAS"": 1.0}","{""GLOBAL_OIL_GAS"": 1.0}",1.0,3,POSITIVE,1.0,1.0,0.0,PLANNED,2022-08-01,"HISTORICAL UK RETAIL, ISA, ACCOUNT AND BROKER ELIGIBILITY REMAIN PARTLY UNRESOLVED"
REGIME_GRADUAL_HOSTILE25_WEEKLY,WEEKLY,2022-08-05,GLOBAL_OIL_GAS,FAILED,,"{""GLOBAL_OIL_GAS"": 1.0}","{""GLOBAL_OIL_GAS"": 1.0}",1.0,4,STRONG,1.0,1.0,0.0,NO_TARGET_CHANGE,,"HISTORICAL UK RETAIL, ISA, ACCOUNT AND BROKER ELIGIBILITY REMAIN PARTLY UNRESOLVED"
REGIME_GRADUAL_HOSTILE25_WEEKLY,WEEKLY,2022-08-12,GLOBAL_OIL_GAS,FAILED,,"{""GLOBAL_OIL_GAS"": 1.0}","{""GLOBAL_OIL_GAS"": 1.0}",1.0,4,STRONG,1.0,1.0,0.0,NO_TARGET_CHANGE,,"HISTORICAL UK RETAIL, ISA, ACCOUNT AND BROKER ELIGIBILITY REMAIN PARTLY UNRESOLVED"
REGIME_GRADUAL_HOSTILE25_WEEKLY,WEEKLY,2022-08-19,GLOBAL_OIL_GAS,FAILED,,"{""GLOBAL_OIL_GAS"": 1.0}","{""GLOBAL_OIL_GAS"": 0.75}",1.0,3,MATURE,0.75,0.75,0.25,PLANNED,2022-08-22,"HISTORICAL UK RETAIL, ISA, ACCOUNT AND BROKER ELIGIBILITY REMAIN PARTLY UNRESOLVED"
REGIME_GRADUAL_HOSTILE25_WEEKLY,WEEKLY,2022-08-26,GLOBAL_OIL_GAS,OTHER,,"{""GLOBAL_OIL_GAS"": 1.0}","{""GLOBAL_OIL_GAS"": 1.0}",1.0,4,STRONG,1.0,1.0,0.0,PLANNED,2022-08-30,"HISTORICAL UK RETAIL, ISA, ACCOUNT AND BROKER ELIGIBILITY REMAIN PARTLY UNRESOLVED"
REGIME_GRADUAL_HOSTILE25_WEEKLY,WEEKLY,2022-08-31,GLOBAL_INFRASTRUCTURE,WEAKENING,,"{""GLOBAL_INFRASTRUCTURE"": 1.0}","{""GLOBAL_INFRASTRUCTURE"": 1.0}",1.0,4,STRONG,1.0,1.0,0.0,PLANNED,2022-09-01,"HISTORICAL UK RETAIL, ISA, ACCOUNT AND BROKER ELIGIBILITY REMAIN PARTLY UNRESOLVED"
REGIME_GRADUAL_HOSTILE25_WEEKLY,WEEKLY,2022-09-02,GLOBAL_INFRASTRUCTURE,ESTABLISHED,,"{""GLOBAL_INFRASTRUCTURE"": 1.0}","{""GLOBAL_INFRASTRUCTURE"": 0.75}",1.0,3,MATURE,0.75,0.75,0.25,PLANNED,2022-09-05,"HISTORICAL UK RETAIL, ISA, ACCOUNT AND BROKER ELIGIBILITY REMAIN PARTLY UNRESOLVED"
REGIME_GRADUAL_HOSTILE25_WEEKLY,WEEKLY,2022-09-09,GLOBAL_INFRASTRUCTURE,OTHER,,"{""GLOBAL_INFRASTRUCTURE"": 1.0}","{""GLOBAL_INFRASTRUCTURE"": 0.75}",1.0,3,MATURE,0.75,0.75,0.25,NO_TARGET_CHANGE,,"HISTORICAL UK RETAIL, ISA, ACCOUNT AND BROKER ELIGIBILITY REMAIN PARTLY UNRESOLVED"
REGIME_GRADUAL_HOSTILE25_WEEKLY,WEEKLY,2022-09-16,GLOBAL_INFRASTRUCTURE,OTHER,,"{""GLOBAL_INFRASTRUCTURE"": 1.0}","{""GLOBAL_INFRASTRUCTURE"": 1.0}",1.0,4,STRONG,1.0,1.0,0.0,PLANNED,2022-09-20,"HISTORICAL UK RETAIL, ISA, ACCOUNT AND BROKER ELIGIBILITY REMAIN PARTLY UNRESOLVED"
REGIME_GRADUAL_HOSTILE25_WEEKLY,WEEKLY,2022-09-23,GLOBAL_INFRASTRUCTURE,OTHER,,"{""GLOBAL_INFRASTRUCTURE"": 1.0}","{""GLOBAL_INFRASTRUCTURE"": 0.75}",1.0,3,MATURE,0.75,0.75,0.25,PLANNED,2022-09-26,"HISTORICAL UK RETAIL, ISA, ACCOUNT AND BROKER ELIGIBILITY REMAIN PARTLY UNRESOLVED"
REGIME_GRADUAL_HOSTILE25_WEEKLY,WEEKLY,2022-09-30,GLOBAL_OIL_GAS,ESTABLISHED,,"{""GLOBAL_OIL_GAS"": 1.0}","{""GLOBAL_OIL_GAS"": 0.25}",1.0,2,HOSTILE,0.25,0.25,0.75,PLANNED,2022-10-03,"HISTORICAL UK RETAIL, ISA, ACCOUNT AND BROKER ELIGIBILITY REMAIN PARTLY UNRESOLVED"
REGIME_GRADUAL_HOSTILE25_WEEKLY,WEEKLY,2022-10-07,GLOBAL_OIL_GAS,EXTENDED,,"{""GLOBAL_OIL_GAS"": 1.0}","{""GLOBAL_OIL_GAS"": 0.25}",1.0,3,HOSTILE,0.25,0.25,0.75,NO_TARGET_CHANGE,,"HISTORICAL UK RETAIL, ISA, ACCOUNT AND BROKER ELIGIBILITY REMAIN PARTLY UNRESOLVED"
REGIME_GRADUAL_HOSTILE25_WEEKLY,WEEKLY,2022-10-14,GLOBAL_OIL_GAS,EXTENDED,,"{""GLOBAL_OIL_GAS"": 1.0}","{""GLOBAL_OIL_GAS"": 0.25}",1.0,3,HOSTILE,0.25,0.25,0.75,NO_TARGET_CHANGE,,"HISTORICAL UK RETAIL, ISA, ACCOUNT AND BROKER ELIGIBILITY REMAIN PARTLY UNRESOLVED"
REGIME_GRADUAL_HOSTILE25_WEEKLY,WEEKLY,2022-10-21,GLOBAL_OIL_GAS,EXTENDED,,"{""GLOBAL_OIL_GAS"": 1.0}","{""GLOBAL_OIL_GAS"": 0.25}",1.0,2,HOSTILE,0.25,0.25,0.75,NO_TARGET_CHANGE,,"HISTORICAL UK RETAIL, ISA, ACCOUNT AND BROKER ELIGIBILITY REMAIN PARTLY UNRESOLVED"
REGIME_GRADUAL_HOSTILE25_WEEKLY,WEEKLY,2022-10-28,GLOBAL_OIL_GAS,ESTABLISHED,,"{""GLOBAL_OIL_GAS"": 1.0}","{""GLOBAL_OIL_GAS"": 0.25}",1.0,3,HOSTILE,0.25,0.25,0.75,NO_TARGET_CHANGE,,"HISTORICAL UK RETAIL, ISA, ACCOUNT AND BROKER ELIGIBILITY REMAIN PARTLY UNRESOLVED"
REGIME_GRADUAL_HOSTILE25_WEEKLY,WEEKLY,2022-10-31,GLOBAL_OIL_GAS,EXTENDED,,"{""GLOBAL_OIL_GAS"": 1.0}","{""GLOBAL_OIL_GAS"": 0.25}",1.0,3,HOSTILE,0.25,0.25,0.75,NO_TARGET_CHANGE,,"HISTORICAL UK RETAIL, ISA, ACCOUNT AND BROKER ELIGIBILITY REMAIN PARTLY UNRESOLVED"
REGIME_GRADUAL_HOSTILE25_WEEKLY,WEEKLY,2022-11-04,GLOBAL_OIL_GAS,EXTENDED,,"{""GLOBAL_OIL_GAS"": 1.0}","{""GLOBAL_OIL_GAS"": 1.0}",1.0,4,STRONG,1.0,1.0,0.0,PLANNED,2022-11-07,"HISTORICAL UK RETAIL, ISA, ACCOUNT AND BROKER ELIGIBILITY REMAIN PARTLY UNRESOLVED"
REGIME_GRADUAL_HOSTILE25_WEEKLY,WEEKLY,2022-11-11,GLOBAL_OIL_GAS,WEAKENING,,"{""GLOBAL_OIL_GAS"": 1.0}","{""GLOBAL_OIL_GAS"": 0.75}",1.0,3,MATURE,0.75,0.75,0.25,PLANNED,2022-11-14,"HISTORICAL UK RETAIL, ISA, ACCOUNT AND BROKER ELIGIBILITY REMAIN PARTLY UNRESOLVED"
REGIME_GRADUAL_HOSTILE25_WEEKLY,WEEKLY,2022-11-18,GLOBAL_OIL_GAS,WEAKENING,,"{""GLOBAL_OIL_GAS"": 1.0}","{""GLOBAL_OIL_GAS"": 0.5}",1.0,2,DETERIORATING,0.5,0.5,0.5,PLANNED,2022-11-21,"HISTORICAL UK RETAIL, ISA, ACCOUNT AND BROKER ELIGIBILITY REMAIN PARTLY UNRESOLVED"
REGIME_GRADUAL_HOSTILE25_WEEKLY,WEEKLY,2022-11-25,GLOBAL_OIL_GAS,WEAKENING,,"{""GLOBAL_OIL_GAS"": 1.0}","{""GLOBAL_OIL_GAS"": 1.0}",1.0,4,STRONG,1.0,1.0,0.0,PLANNED,2022-11-28,"HISTORICAL UK RETAIL, ISA, ACCOUNT AND BROKER ELIGIBILITY REMAIN PARTLY UNRESOLVED"
REGIME_GRADUAL_HOSTILE25_WEEKLY,WEEKLY,2022-11-30,EUROPE_BANKS,EXTENDED,,"{""EUROPE_BANKS"": 1.0}","{""EUROPE_BANKS"": 1.0}",1.0,4,STRONG,1.0,1.0,0.0,PLANNED,2022-12-01,"HISTORICAL UK RETAIL, ISA, ACCOUNT AND BROKER ELIGIBILITY REMAIN PARTLY UNRESOLVED"
REGIME_GRADUAL_HOSTILE25_WEEKLY,WEEKLY,2022-12-02,EUROPE_BANKS,EXTENDED,,"{""EUROPE_BANKS"": 1.0}","{""EUROPE_BANKS"": 1.0}",1.0,4,STRONG,1.0,1.0,0.0,NO_TARGET_CHANGE,,"HISTORICAL UK RETAIL, ISA, ACCOUNT AND BROKER ELIGIBILITY REMAIN PARTLY UNRESOLVED"
REGIME_GRADUAL_HOSTILE25_WEEKLY,WEEKLY,2022-12-09,EUROPE_BANKS,EXTENDED,,"{""EUROPE_BANKS"": 1.0}","{""EUROPE_BANKS"": 0.25}",1.0,3,HOSTILE,0.25,0.25,0.75,PLANNED,2022-12-12,"HISTORICAL UK RETAIL, ISA, ACCOUNT AND BROKER ELIGIBILITY REMAIN PARTLY UNRESOLVED"
REGIME_GRADUAL_HOSTILE25_WEEKLY,WEEKLY,2022-12-16,EUROPE_BANKS,ESTABLISHED,,"{""EUROPE_BANKS"": 1.0}","{""EUROPE_BANKS"": 0.25}",1.0,3,HOSTILE,0.25,0.25,0.75,NO_TARGET_CHANGE,,"HISTORICAL UK RETAIL, ISA, ACCOUNT AND BROKER ELIGIBILITY REMAIN PARTLY UNRESOLVED"
REGIME_GRADUAL_HOSTILE25_WEEKLY,WEEKLY,2022-12-23,EUROPE_BANKS,EXTENDED,,"{""EUROPE_BANKS"": 1.0}","{""EUROPE_BANKS"": 0.75}",1.0,3,MATURE,0.75,0.75,0.25,PLANNED,2022-12-28,"HISTORICAL UK RETAIL, ISA, ACCOUNT AND BROKER ELIGIBILITY REMAIN PARTLY UNRESOLVED"
REGIME_GRADUAL_HOSTILE25_WEEKLY,WEEKLY,2022-12-30,EUROPE_BANKS,EXTENDED,,"{""EUROPE_BANKS"": 1.0}","{""EUROPE_BANKS"": 0.75}",1.0,3,MATURE,0.75,0.75,0.25,NO_TARGET_CHANGE,,"HISTORICAL UK RETAIL, ISA, ACCOUNT AND BROKER ELIGIBILITY REMAIN PARTLY UNRESOLVED"
REGIME_GRADUAL_HOSTILE25_WEEKLY,WEEKLY,2023-01-06,EUROPE_BANKS,EXTENDED,,"{""EUROPE_BANKS"": 1.0}","{""EUROPE_BANKS"": 0.75}",1.0,3,MATURE,0.75,0.75,0.25,NO_TARGET_CHANGE,,"HISTORICAL UK RETAIL, ISA, ACCOUNT AND BROKER ELIGIBILITY REMAIN PARTLY UNRESOLVED"
REGIME_GRADUAL_HOSTILE25_WEEKLY,WEEKLY,2023-01-13,EUROPE_BANKS,OTHER,,"{""EUROPE_BANKS"": 1.0}","{""EUROPE_BANKS"": 1.0}",1.0,5,STRONG,1.0,1.0,0.0,PLANNED,2023-01-16,"HISTORICAL UK RETAIL, ISA, ACCOUNT AND BROKER ELIGIBILITY REMAIN PARTLY UNRESOLVED"
REGIME_GRADUAL_HOSTILE25_WEEKLY,WEEKLY,2023-01-20,EUROPE_BANKS,EXTENDED,,"{""EUROPE_BANKS"": 1.0}","{""EUROPE_BANKS"": 0.5}",1.0,3,DETERIORATING,0.5,0.5,0.5,PLANNED,2023-01-23,"HISTORICAL UK RETAIL, ISA, ACCOUNT AND BROKER ELIGIBILITY REMAIN PARTLY UNRESOLVED"
REGIME_GRADUAL_HOSTILE25_WEEKLY,WEEKLY,2023-01-27,EUROPE_BANKS,EXTENDED,,"{""EUROPE_BANKS"": 1.0}","{""EUROPE_BANKS"": 1.0}",1.0,5,STRONG,1.0,1.0,0.0,PLANNED,2023-01-30,"HISTORICAL UK RETAIL, ISA, ACCOUNT AND BROKER ELIGIBILITY REMAIN PARTLY UNRESOLVED"
REGIME_GRADUAL_HOSTILE25_WEEKLY,WEEKLY,2023-01-31,EUROPE_BANKS,EXTENDED,,"{""EUROPE_BANKS"": 1.0}","{""EUROPE_BANKS"": 1.0}",1.0,5,STRONG,1.0,1.0,0.0,NO_TARGET_CHANGE,,"HISTORICAL UK RETAIL, ISA, ACCOUNT AND BROKER ELIGIBILITY REMAIN PARTLY UNRESOLVED"
REGIME_GRADUAL_HOSTILE25_WEEKLY,WEEKLY,2023-02-03,EUROPE_BANKS,EXTENDED,,"{""EUROPE_BANKS"": 1.0}","{""EUROPE_BANKS"": 0.75}",1.0,4,MATURE,0.75,0.75,0.25,PLANNED,2023-02-06,"HISTORICAL UK RETAIL, ISA, ACCOUNT AND BROKER ELIGIBILITY REMAIN PARTLY UNRESOLVED"
REGIME_GRADUAL_HOSTILE25_WEEKLY,WEEKLY,2023-02-10,EUROPE_BANKS,EXTENDED,,"{""EUROPE_BANKS"": 1.0}","{""EUROPE_BANKS"": 0.75}",1.0,4,MATURE,0.75,0.75,0.25,NO_TARGET_CHANGE,,"HISTORICAL UK RETAIL, ISA, ACCOUNT AND BROKER ELIGIBILITY REMAIN PARTLY UNRESOLVED"
REGIME_GRADUAL_HOSTILE25_WEEKLY,WEEKLY,2023-02-17,EUROPE_BANKS,EXTENDED,,"{""EUROPE_BANKS"": 1.0}","{""EUROPE_BANKS"": 0.5}",1.0,3,DETERIORATING,0.5,0.5,0.5,PLANNED,2023-02-20,"HISTORICAL UK RETAIL, ISA, ACCOUNT AND BROKER ELIGIBILITY REMAIN PARTLY UNRESOLVED"
REGIME_GRADUAL_HOSTILE25_WEEKLY,WEEKLY,2023-02-24,EUROPE_BANKS,EXTENDED,,"{""EUROPE_BANKS"": 1.0}","{""EUROPE_BANKS"": 0.5}",1.0,3,DETERIORATING,0.5,0.5,0.5,NO_TARGET_CHANGE,,"HISTORICAL UK RETAIL, ISA, ACCOUNT AND BROKER ELIGIBILITY REMAIN PARTLY UNRESOLVED"
REGIME_GRADUAL_HOSTILE25_WEEKLY,WEEKLY,2023-02-28,EUROPE_BANKS,EXTENDED,,"{""EUROPE_BANKS"": 1.0}","{""EUROPE_BANKS"": 0.5}",1.0,3,DETERIORATING,0.5,0.5,0.5,NO_TARGET_CHANGE,,"HISTORICAL UK RETAIL, ISA, ACCOUNT AND BROKER ELIGIBILITY REMAIN PARTLY UNRESOLVED"
REGIME_GRADUAL_HOSTILE25_WEEKLY,WEEKLY,2023-03-03,EUROPE_BANKS,EXTENDED,,"{""EUROPE_BANKS"": 1.0}","{""EUROPE_BANKS"": 0.5}",1.0,3,DETERIORATING,0.5,0.5,0.5,NO_TARGET_CHANGE,,"HISTORICAL UK RETAIL, ISA, ACCOUNT AND BROKER ELIGIBILITY REMAIN PARTLY UNRESOLVED"
REGIME_GRADUAL_HOSTILE25_WEEKLY,WEEKLY,2023-03-10,EUROPE_BANKS,EXTENDED,,"{""EUROPE_BANKS"": 1.0}","{""EUROPE_BANKS"": 0.75}",1.0,4,MATURE,0.75,0.75,0.25,PLANNED,2023-03-13,"HISTORICAL UK RETAIL, ISA, ACCOUNT AND BROKER ELIGIBILITY REMAIN PARTLY UNRESOLVED"
REGIME_GRADUAL_HOSTILE25_WEEKLY,WEEKLY,2023-03-17,EUROPE_BANKS,WEAKENING,,"{""EUROPE_BANKS"": 1.0}","{""EUROPE_BANKS"": 0.25}",1.0,0,HOSTILE,0.25,0.25,0.75,PLANNED,2023-03-20,"HISTORICAL UK RETAIL, ISA, ACCOUNT AND BROKER ELIGIBILITY REMAIN PARTLY UNRESOLVED"
REGIME_GRADUAL_HOSTILE25_WEEKLY,WEEKLY,2023-03-24,EUROPE_BANKS,FAILED,,"{""EUROPE_BANKS"": 1.0}","{""EUROPE_BANKS"": 0.25}",1.0,2,HOSTILE,0.25,0.25,0.75,NO_TARGET_CHANGE,,"HISTORICAL UK RETAIL, ISA, ACCOUNT AND BROKER ELIGIBILITY REMAIN PARTLY UNRESOLVED"
REGIME_GRADUAL_HOSTILE25_WEEKLY,WEEKLY,2023-03-31,GLOBAL_SEMICONDUCTORS,EXTENDED,,"{""GLOBAL_SEMICONDUCTORS"": 1.0}","{""GLOBAL_SEMICONDUCTORS"": 0.75}",1.0,3,MATURE,0.75,0.75,0.25,PLANNED,2023-04-03,"HISTORICAL UK RETAIL, ISA, ACCOUNT AND BROKER ELIGIBILITY REMAIN PARTLY UNRESOLVED"
REGIME_GRADUAL_HOSTILE25_WEEKLY,WEEKLY,2023-04-06,GLOBAL_SEMICONDUCTORS,EXTENDED,,"{""GLOBAL_SEMICONDUCTORS"": 1.0}","{""GLOBAL_SEMICONDUCTORS"": 0.5}",1.0,1,DETERIORATING,0.5,0.5,0.5,PLANNED,2023-04-11,"HISTORICAL UK RETAIL, ISA, ACCOUNT AND BROKER ELIGIBILITY REMAIN PARTLY UNRESOLVED"
REGIME_GRADUAL_HOSTILE25_WEEKLY,WEEKLY,2023-04-14,GLOBAL_SEMICONDUCTORS,ESTABLISHED,,"{""GLOBAL_SEMICONDUCTORS"": 1.0}","{""GLOBAL_SEMICONDUCTORS"": 0.5}",1.0,2,DETERIORATING,0.5,0.5,0.5,NO_TARGET_CHANGE,,"HISTORICAL UK RETAIL, ISA, ACCOUNT AND BROKER ELIGIBILITY REMAIN PARTLY UNRESOLVED"
REGIME_GRADUAL_HOSTILE25_WEEKLY,WEEKLY,2023-04-21,GLOBAL_SEMICONDUCTORS,WEAKENING,,"{""GLOBAL_SEMICONDUCTORS"": 1.0}","{""GLOBAL_SEMICONDUCTORS"": 0.75}",1.0,3,MATURE,0.75,0.75,0.25,PLANNED,2023-04-24,"HISTORICAL UK RETAIL, ISA, ACCOUNT AND BROKER ELIGIBILITY REMAIN PARTLY UNRESOLVED"
REGIME_GRADUAL_HOSTILE25_WEEKLY,WEEKLY,2023-04-28,GLOBAL_SEMICONDUCTORS,WEAKENING,,"{""GLOBAL_SEMICONDUCTORS"": 1.0}","{""GLOBAL_SEMICONDUCTORS"": 0.5}",1.0,2,DETERIORATING,0.5,0.5,0.5,PLANNED,2023-05-02,"HISTORICAL UK RETAIL, ISA, ACCOUNT AND BROKER ELIGIBILITY REMAIN PARTLY UNRESOLVED"
REGIME_GRADUAL_HOSTILE25_WEEKLY,WEEKLY,2023-05-05,GLOBAL_SEMICONDUCTORS,FAILED,,"{""GLOBAL_SEMICONDUCTORS"": 1.0}","{""GLOBAL_SEMICONDUCTORS"": 0.75}",1.0,3,MATURE,0.75,0.75,0.25,PLANNED,2023-05-09,"HISTORICAL UK RETAIL, ISA, ACCOUNT AND BROKER ELIGIBILITY REMAIN PARTLY UNRESOLVED"
REGIME_GRADUAL_HOSTILE25_WEEKLY,WEEKLY,2023-05-12,GLOBAL_SEMICONDUCTORS,FAILED,,"{""GLOBAL_SEMICONDUCTORS"": 1.0}","{""GLOBAL_SEMICONDUCTORS"": 1.0}",1.0,2,POSITIVE,1.0,1.0,0.0,PLANNED,2023-05-15,"HISTORICAL UK RETAIL, ISA, ACCOUNT AND BROKER ELIGIBILITY REMAIN PARTLY UNRESOLVED"
REGIME_GRADUAL_HOSTILE25_WEEKLY,WEEKLY,2023-05-19,GLOBAL_SEMICONDUCTORS,WEAKENING,,"{""GLOBAL_SEMICONDUCTORS"": 1.0}","{""GLOBAL_SEMICONDUCTORS"": 1.0}",1.0,2,POSITIVE,1.0,1.0,0.0,NO_TARGET_CHANGE,,"HISTORICAL UK RETAIL, ISA, ACCOUNT AND BROKER ELIGIBILITY REMAIN PARTLY UNRESOLVED"
REGIME_GRADUAL_HOSTILE25_WEEKLY,WEEKLY,2023-05-26,GLOBAL_SEMICONDUCTORS,WEAKENING,,"{""GLOBAL_SEMICONDUCTORS"": 1.0}","{""GLOBAL_SEMICONDUCTORS"": 1.0}",1.0,1,POSITIVE,1.0,1.0,0.0,NO_TARGET_CHANGE,,"HISTORICAL UK RETAIL, ISA, ACCOUNT AND BROKER ELIGIBILITY REMAIN PARTLY UNRESOLVED"
REGIME_GRADUAL_HOSTILE25_WEEKLY,WEEKLY,2023-05-31,GLOBAL_SEMICONDUCTORS,EXTENDED,,"{""GLOBAL_SEMICONDUCTORS"": 1.0}","{""GLOBAL_SEMICONDUCTORS"": 1.0}",1.0,1,POSITIVE,1.0,1.0,0.0,NO_TARGET_CHANGE,,"HISTORICAL UK RETAIL, ISA, ACCOUNT AND BROKER ELIGIBILITY REMAIN PARTLY UNRESOLVED"
REGIME_GRADUAL_HOSTILE25_WEEKLY,WEEKLY,2023-06-02,GLOBAL_SEMICONDUCTORS,EXTENDED,,"{""GLOBAL_SEMICONDUCTORS"": 1.0}","{""GLOBAL_SEMICONDUCTORS"": 1.0}",1.0,2,POSITIVE,1.0,1.0,0.0,NO_TARGET_CHANGE,,"HISTORICAL UK RETAIL, ISA, ACCOUNT AND BROKER ELIGIBILITY REMAIN PARTLY UNRESOLVED"
REGIME_GRADUAL_HOSTILE25_WEEKLY,WEEKLY,2023-06-09,GLOBAL_SEMICONDUCTORS,EXTENDED,,"{""GLOBAL_SEMICONDUCTORS"": 1.0}","{""GLOBAL_SEMICONDUCTORS"": 1.0}",1.0,1,POSITIVE,1.0,1.0,0.0,NO_TARGET_CHANGE,,"HISTORICAL UK RETAIL, ISA, ACCOUNT AND BROKER ELIGIBILITY REMAIN PARTLY UNRESOLVED"
REGIME_GRADUAL_HOSTILE25_WEEKLY,WEEKLY,2023-06-16,GLOBAL_SEMICONDUCTORS,EXTENDED,,"{""GLOBAL_SEMICONDUCTORS"": 1.0}","{""GLOBAL_SEMICONDUCTORS"": 1.0}",1.0,3,POSITIVE,1.0,1.0,0.0,NO_TARGET_CHANGE,,"HISTORICAL UK RETAIL, ISA, ACCOUNT AND BROKER ELIGIBILITY REMAIN PARTLY UNRESOLVED"
REGIME_GRADUAL_HOSTILE25_WEEKLY,WEEKLY,2023-06-23,GLOBAL_SEMICONDUCTORS,ESTABLISHED,,"{""GLOBAL_SEMICONDUCTORS"": 1.0}","{""GLOBAL_SEMICONDUCTORS"": 1.0}",1.0,1,POSITIVE,1.0,1.0,0.0,NO_TARGET_CHANGE,,"HISTORICAL UK RETAIL, ISA, ACCOUNT AND BROKER ELIGIBILITY REMAIN PARTLY UNRESOLVED"
REGIME_GRADUAL_HOSTILE25_WEEKLY,WEEKLY,2023-06-30,GLOBAL_SEMICONDUCTORS,EXTENDED,,"{""GLOBAL_SEMICONDUCTORS"": 1.0}","{""GLOBAL_SEMICONDUCTORS"": 1.0}",1.0,2,POSITIVE,1.0,1.0,0.0,NO_TARGET_CHANGE,,"HISTORICAL UK RETAIL, ISA, ACCOUNT AND BROKER ELIGIBILITY REMAIN PARTLY UNRESOLVED"
REGIME_GRADUAL_HOSTILE25_WEEKLY,WEEKLY,2023-07-07,GLOBAL_SEMICONDUCTORS,ESTABLISHED,,"{""GLOBAL_SEMICONDUCTORS"": 1.0}","{""GLOBAL_SEMICONDUCTORS"": 1.0}",1.0,2,POSITIVE,1.0,1.0,0.0,NO_TARGET_CHANGE,,"HISTORICAL UK RETAIL, ISA, ACCOUNT AND BROKER ELIGIBILITY REMAIN PARTLY UNRESOLVED"
REGIME_GRADUAL_HOSTILE25_WEEKLY,WEEKLY,2023-07-14,GLOBAL_SEMICONDUCTORS,EXTENDED,,"{""GLOBAL_SEMICONDUCTORS"": 1.0}","{""GLOBAL_SEMICONDUCTORS"": 1.0}",1.0,3,POSITIVE,1.0,1.0,0.0,NO_TARGET_CHANGE,,"HISTORICAL UK RETAIL, ISA, ACCOUNT AND BROKER ELIGIBILITY REMAIN PARTLY UNRESOLVED"
REGIME_GRADUAL_HOSTILE25_WEEKLY,WEEKLY,2023-07-21,GLOBAL_SEMICONDUCTORS,WEAKENING,,"{""GLOBAL_SEMICONDUCTORS"": 1.0}","{""GLOBAL_SEMICONDUCTORS"": 1.0}",1.0,2,POSITIVE,1.0,1.0,0.0,NO_TARGET_CHANGE,,"HISTORICAL UK RETAIL, ISA, ACCOUNT AND BROKER ELIGIBILITY REMAIN PARTLY UNRESOLVED"
REGIME_GRADUAL_HOSTILE25_WEEKLY,WEEKLY,2023-07-28,GLOBAL_SEMICONDUCTORS,WEAKENING,,"{""GLOBAL_SEMICONDUCTORS"": 1.0}","{""GLOBAL_SEMICONDUCTORS"": 1.0}",1.0,4,STRONG,1.0,1.0,0.0,NO_TARGET_CHANGE,,"HISTORICAL UK RETAIL, ISA, ACCOUNT AND BROKER ELIGIBILITY REMAIN PARTLY UNRESOLVED"
REGIME_GRADUAL_HOSTILE25_WEEKLY,WEEKLY,2023-07-31,GLOBAL_SEMICONDUCTORS,WEAKENING,,"{""GLOBAL_SEMICONDUCTORS"": 1.0}","{""GLOBAL_SEMICONDUCTORS"": 1.0}",1.0,4,STRONG,1.0,1.0,0.0,NO_TARGET_CHANGE,,"HISTORICAL UK RETAIL, ISA, ACCOUNT AND BROKER ELIGIBILITY REMAIN PARTLY UNRESOLVED"
REGIME_GRADUAL_HOSTILE25_WEEKLY,WEEKLY,2023-08-04,GLOBAL_SEMICONDUCTORS,WEAKENING,,"{""GLOBAL_SEMICONDUCTORS"": 1.0}","{""GLOBAL_SEMICONDUCTORS"": 1.0}",1.0,4,STRONG,1.0,1.0,0.0,NO_TARGET_CHANGE,,"HISTORICAL UK RETAIL, ISA, ACCOUNT AND BROKER ELIGIBILITY REMAIN PARTLY UNRESOLVED"
REGIME_GRADUAL_HOSTILE25_WEEKLY,WEEKLY,2023-08-11,GLOBAL_SEMICONDUCTORS,WEAKENING,,"{""GLOBAL_SEMICONDUCTORS"": 1.0}","{""GLOBAL_SEMICONDUCTORS"": 1.0}",1.0,4,STRONG,1.0,1.0,0.0,NO_TARGET_CHANGE,,"HISTORICAL UK RETAIL, ISA, ACCOUNT AND BROKER ELIGIBILITY REMAIN PARTLY UNRESOLVED"
REGIME_GRADUAL_HOSTILE25_WEEKLY,WEEKLY,2023-08-18,GLOBAL_SEMICONDUCTORS,WEAKENING,,"{""GLOBAL_SEMICONDUCTORS"": 1.0}","{""GLOBAL_SEMICONDUCTORS"": 0.75}",1.0,3,MATURE,0.75,0.75,0.25,PLANNED,2023-08-21,"HISTORICAL UK RETAIL, ISA, ACCOUNT AND BROKER ELIGIBILITY REMAIN PARTLY UNRESOLVED"
REGIME_GRADUAL_HOSTILE25_WEEKLY,WEEKLY,2023-08-25,GLOBAL_SEMICONDUCTORS,FAILED,,"{""GLOBAL_SEMICONDUCTORS"": 1.0}","{""GLOBAL_SEMICONDUCTORS"": 1.0}",1.0,4,STRONG,1.0,1.0,0.0,PLANNED,2023-08-29,"HISTORICAL UK RETAIL, ISA, ACCOUNT AND BROKER ELIGIBILITY REMAIN PARTLY UNRESOLVED"
REGIME_GRADUAL_HOSTILE25_WEEKLY,WEEKLY,2023-08-31,GLOBAL_SEMICONDUCTORS,WEAKENING,,"{""GLOBAL_SEMICONDUCTORS"": 1.0}","{""GLOBAL_SEMICONDUCTORS"": 1.0}",1.0,4,STRONG,1.0,1.0,0.0,NO_TARGET_CHANGE,,"HISTORICAL UK RETAIL, ISA, ACCOUNT AND BROKER ELIGIBILITY REMAIN PARTLY UNRESOLVED"
REGIME_GRADUAL_HOSTILE25_WEEKLY,WEEKLY,2023-09-01,GLOBAL_SEMICONDUCTORS,WEAKENING,,"{""GLOBAL_SEMICONDUCTORS"": 1.0}","{""GLOBAL_SEMICONDUCTORS"": 0.5}",1.0,2,DETERIORATING,0.5,0.5,0.5,PLANNED,2023-09-04,"HISTORICAL UK RETAIL, ISA, ACCOUNT AND BROKER ELIGIBILITY REMAIN PARTLY UNRESOLVED"
REGIME_GRADUAL_HOSTILE25_WEEKLY,WEEKLY,2023-09-08,GLOBAL_SEMICONDUCTORS,FAILED,,"{""GLOBAL_SEMICONDUCTORS"": 1.0}","{""GLOBAL_SEMICONDUCTORS"": 0.5}",1.0,2,DETERIORATING,0.5,0.5,0.5,NO_TARGET_CHANGE,,"HISTORICAL UK RETAIL, ISA, ACCOUNT AND BROKER ELIGIBILITY REMAIN PARTLY UNRESOLVED"
REGIME_GRADUAL_HOSTILE25_WEEKLY,WEEKLY,2023-09-15,GLOBAL_SEMICONDUCTORS,FAILED,,"{""GLOBAL_SEMICONDUCTORS"": 1.0}","{""GLOBAL_SEMICONDUCTORS"": 0.75}",1.0,3,MATURE,0.75,0.75,0.25,PLANNED,2023-09-18,"HISTORICAL UK RETAIL, ISA, ACCOUNT AND BROKER ELIGIBILITY REMAIN PARTLY UNRESOLVED"
REGIME_GRADUAL_HOSTILE25_WEEKLY,WEEKLY,2023-09-22,GLOBAL_SEMICONDUCTORS,FAILED,,"{""GLOBAL_SEMICONDUCTORS"": 1.0}","{""GLOBAL_SEMICONDUCTORS"": 1.0}",1.0,4,STRONG,1.0,1.0,0.0,PLANNED,2023-09-25,"HISTORICAL UK RETAIL, ISA, ACCOUNT AND BROKER ELIGIBILITY REMAIN PARTLY UNRESOLVED"
REGIME_GRADUAL_HOSTILE25_WEEKLY,WEEKLY,2023-09-29,GLOBAL_URANIUM_NUCLEAR,EXTENDED,,"{""GLOBAL_URANIUM_NUCLEAR"": 1.0}","{""GLOBAL_URANIUM_NUCLEAR"": 1.0}",1.0,4,STRONG,1.0,1.0,0.0,PLANNED,2023-10-02,"HISTORICAL UK RETAIL, ISA, ACCOUNT AND BROKER ELIGIBILITY REMAIN PARTLY UNRESOLVED"
REGIME_GRADUAL_HOSTILE25_WEEKLY,WEEKLY,2023-10-06,GLOBAL_URANIUM_NUCLEAR,EXTENDED,,"{""GLOBAL_URANIUM_NUCLEAR"": 1.0}","{""GLOBAL_URANIUM_NUCLEAR"": 0.75}",1.0,3,MATURE,0.75,0.75,0.25,PLANNED,2023-10-09,"HISTORICAL UK RETAIL, ISA, ACCOUNT AND BROKER ELIGIBILITY REMAIN PARTLY UNRESOLVED"
REGIME_GRADUAL_HOSTILE25_WEEKLY,WEEKLY,2023-10-13,GLOBAL_URANIUM_NUCLEAR,EXTENDED,,"{""GLOBAL_URANIUM_NUCLEAR"": 1.0}","{""GLOBAL_URANIUM_NUCLEAR"": 0.75}",1.0,3,MATURE,0.75,0.75,0.25,NO_TARGET_CHANGE,,"HISTORICAL UK RETAIL, ISA, ACCOUNT AND BROKER ELIGIBILITY REMAIN PARTLY UNRESOLVED"
REGIME_GRADUAL_HOSTILE25_WEEKLY,WEEKLY,2023-10-20,GLOBAL_URANIUM_NUCLEAR,EXTENDED,,"{""GLOBAL_URANIUM_NUCLEAR"": 1.0}","{""GLOBAL_URANIUM_NUCLEAR"": 1.0}",1.0,4,STRONG,1.0,1.0,0.0,PLANNED,2023-10-23,"HISTORICAL UK RETAIL, ISA, ACCOUNT AND BROKER ELIGIBILITY REMAIN PARTLY UNRESOLVED"
REGIME_GRADUAL_HOSTILE25_WEEKLY,WEEKLY,2023-10-27,GLOBAL_URANIUM_NUCLEAR,WEAKENING,,"{""GLOBAL_URANIUM_NUCLEAR"": 1.0}","{""GLOBAL_URANIUM_NUCLEAR"": 0.5}",1.0,2,DETERIORATING,0.5,0.5,0.5,PLANNED,2023-10-30,"HISTORICAL UK RETAIL, ISA, ACCOUNT AND BROKER ELIGIBILITY REMAIN PARTLY UNRESOLVED"
REGIME_GRADUAL_HOSTILE25_WEEKLY,WEEKLY,2023-10-31,GLOBAL_URANIUM_NUCLEAR,EXTENDED,,"{""GLOBAL_URANIUM_NUCLEAR"": 1.0}","{""GLOBAL_URANIUM_NUCLEAR"": 0.5}",1.0,2,DETERIORATING,0.5,0.5,0.5,NO_TARGET_CHANGE,,"HISTORICAL UK RETAIL, ISA, ACCOUNT AND BROKER ELIGIBILITY REMAIN PARTLY UNRESOLVED"
REGIME_GRADUAL_HOSTILE25_WEEKLY,WEEKLY,2023-11-03,GLOBAL_URANIUM_NUCLEAR,EXTENDED,,"{""GLOBAL_URANIUM_NUCLEAR"": 1.0}","{""GLOBAL_URANIUM_NUCLEAR"": 0.75}",1.0,3,MATURE,0.75,0.75,0.25,PLANNED,2023-11-06,"HISTORICAL UK RETAIL, ISA, ACCOUNT AND BROKER ELIGIBILITY REMAIN PARTLY UNRESOLVED"
REGIME_GRADUAL_HOSTILE25_WEEKLY,WEEKLY,2023-11-10,GLOBAL_URANIUM_NUCLEAR,OTHER,,"{""GLOBAL_URANIUM_NUCLEAR"": 1.0}","{""GLOBAL_URANIUM_NUCLEAR"": 0.5}",1.0,2,DETERIORATING,0.5,0.5,0.5,PLANNED,2023-11-13,"HISTORICAL UK RETAIL, ISA, ACCOUNT AND BROKER ELIGIBILITY REMAIN PARTLY UNRESOLVED"
REGIME_GRADUAL_HOSTILE25_WEEKLY,WEEKLY,2023-11-17,GLOBAL_URANIUM_NUCLEAR,ESTABLISHED,,"{""GLOBAL_URANIUM_NUCLEAR"": 1.0}","{""GLOBAL_URANIUM_NUCLEAR"": 1.0}",1.0,4,STRONG,1.0,1.0,0.0,PLANNED,2023-11-20,"HISTORICAL UK RETAIL, ISA, ACCOUNT AND BROKER ELIGIBILITY REMAIN PARTLY UNRESOLVED"
REGIME_GRADUAL_HOSTILE25_WEEKLY,WEEKLY,2023-11-24,GLOBAL_URANIUM_NUCLEAR,ESTABLISHED,,"{""GLOBAL_URANIUM_NUCLEAR"": 1.0}","{""GLOBAL_URANIUM_NUCLEAR"": 1.0}",1.0,4,STRONG,1.0,1.0,0.0,NO_TARGET_CHANGE,,"HISTORICAL UK RETAIL, ISA, ACCOUNT AND BROKER ELIGIBILITY REMAIN PARTLY UNRESOLVED"
REGIME_GRADUAL_HOSTILE25_WEEKLY,WEEKLY,2023-11-30,GLOBAL_URANIUM_NUCLEAR,WEAKENING,,"{""GLOBAL_URANIUM_NUCLEAR"": 1.0}","{""GLOBAL_URANIUM_NUCLEAR"": 1.0}",1.0,4,STRONG,1.0,1.0,0.0,NO_TARGET_CHANGE,,"HISTORICAL UK RETAIL, ISA, ACCOUNT AND BROKER ELIGIBILITY REMAIN PARTLY UNRESOLVED"
REGIME_GRADUAL_HOSTILE25_WEEKLY,WEEKLY,2023-12-01,GLOBAL_URANIUM_NUCLEAR,ESTABLISHED,,"{""GLOBAL_URANIUM_NUCLEAR"": 1.0}","{""GLOBAL_URANIUM_NUCLEAR"": 0.5}",1.0,2,DETERIORATING,0.5,0.5,0.5,PLANNED,2023-12-04,"HISTORICAL UK RETAIL, ISA, ACCOUNT AND BROKER ELIGIBILITY REMAIN PARTLY UNRESOLVED"
REGIME_GRADUAL_HOSTILE25_WEEKLY,WEEKLY,2023-12-08,GLOBAL_URANIUM_NUCLEAR,WEAKENING,,"{""GLOBAL_URANIUM_NUCLEAR"": 1.0}","{""GLOBAL_URANIUM_NUCLEAR"": 0.5}",1.0,2,DETERIORATING,0.5,0.5,0.5,NO_TARGET_CHANGE,,"HISTORICAL UK RETAIL, ISA, ACCOUNT AND BROKER ELIGIBILITY REMAIN PARTLY UNRESOLVED"
REGIME_GRADUAL_HOSTILE25_WEEKLY,WEEKLY,2023-12-15,GLOBAL_URANIUM_NUCLEAR,WEAKENING,,"{""GLOBAL_URANIUM_NUCLEAR"": 1.0}","{""GLOBAL_URANIUM_NUCLEAR"": 0.5}",1.0,2,DETERIORATING,0.5,0.5,0.5,NO_TARGET_CHANGE,,"HISTORICAL UK RETAIL, ISA, ACCOUNT AND BROKER ELIGIBILITY REMAIN PARTLY UNRESOLVED"
REGIME_GRADUAL_HOSTILE25_WEEKLY,WEEKLY,2023-12-22,GLOBAL_URANIUM_NUCLEAR,FAILED,,"{""GLOBAL_URANIUM_NUCLEAR"": 1.0}","{""GLOBAL_URANIUM_NUCLEAR"": 0.5}",1.0,2,DETERIORATING,0.5,0.5,0.5,NO_TARGET_CHANGE,,"HISTORICAL UK RETAIL, ISA, ACCOUNT AND BROKER ELIGIBILITY REMAIN PARTLY UNRESOLVED"
REGIME_GRADUAL_HOSTILE25_WEEKLY,WEEKLY,2023-12-29,GLOBAL_AI,EXTENDED,,"{""GLOBAL_AI"": 1.0}","{""GLOBAL_AI"": 0.5}",1.0,2,DETERIORATING,0.5,0.5,0.5,PLANNED,2024-01-02,"HISTORICAL UK RETAIL, ISA, ACCOUNT AND BROKER ELIGIBILITY REMAIN PARTLY UNRESOLVED"
REGIME_GRADUAL_HOSTILE25_WEEKLY,WEEKLY,2024-01-05,GLOBAL_AI,ESTABLISHED,,"{""GLOBAL_AI"": 1.0}","{""GLOBAL_AI"": 0.5}",1.0,1,DETERIORATING,0.5,0.5,0.5,NO_TARGET_CHANGE,,"HISTORICAL UK RETAIL, ISA, ACCOUNT AND BROKER ELIGIBILITY REMAIN PARTLY UNRESOLVED"
REGIME_GRADUAL_HOSTILE25_WEEKLY,WEEKLY,2024-01-12,GLOBAL_AI,OTHER,,"{""GLOBAL_AI"": 1.0}","{""GLOBAL_AI"": 0.5}",1.0,2,DETERIORATING,0.5,0.5,0.5,NO_TARGET_CHANGE,,"HISTORICAL UK RETAIL, ISA, ACCOUNT AND BROKER ELIGIBILITY REMAIN PARTLY UNRESOLVED"
REGIME_GRADUAL_HOSTILE25_WEEKLY,WEEKLY,2024-01-19,GLOBAL_AI,OTHER,,"{""GLOBAL_AI"": 1.0}","{""GLOBAL_AI"": 0.75}",1.0,3,MATURE,0.75,0.75,0.25,PLANNED,2024-01-22,"HISTORICAL UK RETAIL, ISA, ACCOUNT AND BROKER ELIGIBILITY REMAIN PARTLY UNRESOLVED"
REGIME_GRADUAL_HOSTILE25_WEEKLY,WEEKLY,2024-01-26,GLOBAL_AI,OTHER,,"{""GLOBAL_AI"": 1.0}","{""GLOBAL_AI"": 1.0}",1.0,3,POSITIVE,1.0,1.0,0.0,PLANNED,2024-01-29,"HISTORICAL UK RETAIL, ISA, ACCOUNT AND BROKER ELIGIBILITY REMAIN PARTLY UNRESOLVED"
REGIME_GRADUAL_HOSTILE25_WEEKLY,WEEKLY,2024-01-31,GLOBAL_SEMICONDUCTORS,EXTENDED,,"{""GLOBAL_SEMICONDUCTORS"": 1.0}","{""GLOBAL_SEMICONDUCTORS"": 1.0}",1.0,3,POSITIVE,1.0,1.0,0.0,PLANNED,2024-02-01,"HISTORICAL UK RETAIL, ISA, ACCOUNT AND BROKER ELIGIBILITY REMAIN PARTLY UNRESOLVED"
REGIME_GRADUAL_HOSTILE25_WEEKLY,WEEKLY,2024-02-02,GLOBAL_SEMICONDUCTORS,CONFIRMING,,"{""GLOBAL_SEMICONDUCTORS"": 1.0}","{""GLOBAL_SEMICONDUCTORS"": 1.0}",1.0,3,POSITIVE,1.0,1.0,0.0,NO_TARGET_CHANGE,,"HISTORICAL UK RETAIL, ISA, ACCOUNT AND BROKER ELIGIBILITY REMAIN PARTLY UNRESOLVED"
REGIME_GRADUAL_HOSTILE25_WEEKLY,WEEKLY,2024-02-09,GLOBAL_SEMICONDUCTORS,EXTENDED,,"{""GLOBAL_SEMICONDUCTORS"": 1.0}","{""GLOBAL_SEMICONDUCTORS"": 1.0}",1.0,3,POSITIVE,1.0,1.0,0.0,NO_TARGET_CHANGE,,"HISTORICAL UK RETAIL, ISA, ACCOUNT AND BROKER ELIGIBILITY REMAIN PARTLY UNRESOLVED"
REGIME_GRADUAL_HOSTILE25_WEEKLY,WEEKLY,2024-02-16,GLOBAL_SEMICONDUCTORS,EXTENDED,,"{""GLOBAL_SEMICONDUCTORS"": 1.0}","{""GLOBAL_SEMICONDUCTORS"": 1.0}",1.0,2,POSITIVE,1.0,1.0,0.0,NO_TARGET_CHANGE,,"HISTORICAL UK RETAIL, ISA, ACCOUNT AND BROKER ELIGIBILITY REMAIN PARTLY UNRESOLVED"
REGIME_GRADUAL_HOSTILE25_WEEKLY,WEEKLY,2024-02-23,GLOBAL_SEMICONDUCTORS,EXTENDED,,"{""GLOBAL_SEMICONDUCTORS"": 1.0}","{""GLOBAL_SEMICONDUCTORS"": 1.0}",1.0,2,POSITIVE,1.0,1.0,0.0,NO_TARGET_CHANGE,,"HISTORICAL UK RETAIL, ISA, ACCOUNT AND BROKER ELIGIBILITY REMAIN PARTLY UNRESOLVED"
REGIME_GRADUAL_HOSTILE25_WEEKLY,WEEKLY,2024-02-29,GLOBAL_SEMICONDUCTORS,EXTENDED,,"{""GLOBAL_SEMICONDUCTORS"": 1.0}","{""GLOBAL_SEMICONDUCTORS"": 1.0}",1.0,2,POSITIVE,1.0,1.0,0.0,NO_TARGET_CHANGE,,"HISTORICAL UK RETAIL, ISA, ACCOUNT AND BROKER ELIGIBILITY REMAIN PARTLY UNRESOLVED"
REGIME_GRADUAL_HOSTILE25_WEEKLY,WEEKLY,2024-03-01,GLOBAL_SEMICONDUCTORS,EXTENDED,,"{""GLOBAL_SEMICONDUCTORS"": 1.0}","{""GLOBAL_SEMICONDUCTORS"": 1.0}",1.0,3,POSITIVE,1.0,1.0,0.0,NO_TARGET_CHANGE,,"HISTORICAL UK RETAIL, ISA, ACCOUNT AND BROKER ELIGIBILITY REMAIN PARTLY UNRESOLVED"
REGIME_GRADUAL_HOSTILE25_WEEKLY,WEEKLY,2024-03-08,GLOBAL_SEMICONDUCTORS,EXTENDED,,"{""GLOBAL_SEMICONDUCTORS"": 1.0}","{""GLOBAL_SEMICONDUCTORS"": 1.0}",1.0,2,POSITIVE,1.0,1.0,0.0,NO_TARGET_CHANGE,,"HISTORICAL UK RETAIL, ISA, ACCOUNT AND BROKER ELIGIBILITY REMAIN PARTLY UNRESOLVED"
REGIME_GRADUAL_HOSTILE25_WEEKLY,WEEKLY,2024-03-15,GLOBAL_SEMICONDUCTORS,EXTENDED,,"{""GLOBAL_SEMICONDUCTORS"": 1.0}","{""GLOBAL_SEMICONDUCTORS"": 1.0}",1.0,2,POSITIVE,1.0,1.0,0.0,NO_TARGET_CHANGE,,"HISTORICAL UK RETAIL, ISA, ACCOUNT AND BROKER ELIGIBILITY REMAIN PARTLY UNRESOLVED"
REGIME_GRADUAL_HOSTILE25_WEEKLY,WEEKLY,2024-03-22,GLOBAL_SEMICONDUCTORS,EXTENDED,,"{""GLOBAL_SEMICONDUCTORS"": 1.0}","{""GLOBAL_SEMICONDUCTORS"": 1.0}",1.0,2,POSITIVE,1.0,1.0,0.0,NO_TARGET_CHANGE,,"HISTORICAL UK RETAIL, ISA, ACCOUNT AND BROKER ELIGIBILITY REMAIN PARTLY UNRESOLVED"
REGIME_GRADUAL_HOSTILE25_WEEKLY,WEEKLY,2024-03-28,GLOBAL_SEMICONDUCTORS,EXTENDED,,"{""GLOBAL_SEMICONDUCTORS"": 1.0}","{""GLOBAL_SEMICONDUCTORS"": 1.0}",1.0,2,POSITIVE,1.0,1.0,0.0,NO_TARGET_CHANGE,,"HISTORICAL UK RETAIL, ISA, ACCOUNT AND BROKER ELIGIBILITY REMAIN PARTLY UNRESOLVED"
REGIME_GRADUAL_HOSTILE25_WEEKLY,WEEKLY,2024-04-05,GLOBAL_SEMICONDUCTORS,WEAKENING,,"{""GLOBAL_SEMICONDUCTORS"": 1.0}","{""GLOBAL_SEMICONDUCTORS"": 1.0}",1.0,4,STRONG,1.0,1.0,0.0,NO_TARGET_CHANGE,,"HISTORICAL UK RETAIL, ISA, ACCOUNT AND BROKER ELIGIBILITY REMAIN PARTLY UNRESOLVED"
REGIME_GRADUAL_HOSTILE25_WEEKLY,WEEKLY,2024-04-12,GLOBAL_SEMICONDUCTORS,WEAKENING,,"{""GLOBAL_SEMICONDUCTORS"": 1.0}","{""GLOBAL_SEMICONDUCTORS"": 1.0}",1.0,4,STRONG,1.0,1.0,0.0,NO_TARGET_CHANGE,,"HISTORICAL UK RETAIL, ISA, ACCOUNT AND BROKER ELIGIBILITY REMAIN PARTLY UNRESOLVED"
REGIME_GRADUAL_HOSTILE25_WEEKLY,WEEKLY,2024-04-19,GLOBAL_SEMICONDUCTORS,WEAKENING,,"{""GLOBAL_SEMICONDUCTORS"": 1.0}","{""GLOBAL_SEMICONDUCTORS"": 1.0}",1.0,5,STRONG,1.0,1.0,0.0,NO_TARGET_CHANGE,,"HISTORICAL UK RETAIL, ISA, ACCOUNT AND BROKER ELIGIBILITY REMAIN PARTLY UNRESOLVED"
REGIME_GRADUAL_HOSTILE25_WEEKLY,WEEKLY,2024-04-26,GLOBAL_SEMICONDUCTORS,WEAKENING,,"{""GLOBAL_SEMICONDUCTORS"": 1.0}","{""GLOBAL_SEMICONDUCTORS"": 1.0}",1.0,5,STRONG,1.0,1.0,0.0,NO_TARGET_CHANGE,,"HISTORICAL UK RETAIL, ISA, ACCOUNT AND BROKER ELIGIBILITY REMAIN PARTLY UNRESOLVED"
REGIME_GRADUAL_HOSTILE25_WEEKLY,WEEKLY,2024-04-30,EUROPE_BANKS,EXTENDED,,"{""EUROPE_BANKS"": 1.0}","{""EUROPE_BANKS"": 1.0}",1.0,5,STRONG,1.0,1.0,0.0,PLANNED,2024-05-01,"HISTORICAL UK RETAIL, ISA, ACCOUNT AND BROKER ELIGIBILITY REMAIN PARTLY UNRESOLVED"
REGIME_GRADUAL_HOSTILE25_WEEKLY,WEEKLY,2024-05-03,EUROPE_BANKS,EXTENDED,,"{""EUROPE_BANKS"": 1.0}","{""EUROPE_BANKS"": 1.0}",1.0,5,STRONG,1.0,1.0,0.0,NO_TARGET_CHANGE,,"HISTORICAL UK RETAIL, ISA, ACCOUNT AND BROKER ELIGIBILITY REMAIN PARTLY UNRESOLVED"
REGIME_GRADUAL_HOSTILE25_WEEKLY,WEEKLY,2024-05-10,EUROPE_BANKS,EXTENDED,,"{""EUROPE_BANKS"": 1.0}","{""EUROPE_BANKS"": 0.75}",1.0,4,MATURE,0.75,0.75,0.25,PLANNED,2024-05-13,"HISTORICAL UK RETAIL, ISA, ACCOUNT AND BROKER ELIGIBILITY REMAIN PARTLY UNRESOLVED"
REGIME_GRADUAL_HOSTILE25_WEEKLY,WEEKLY,2024-05-17,EUROPE_BANKS,EXTENDED,,"{""EUROPE_BANKS"": 1.0}","{""EUROPE_BANKS"": 0.75}",1.0,4,MATURE,0.75,0.75,0.25,NO_TARGET_CHANGE,,"HISTORICAL UK RETAIL, ISA, ACCOUNT AND BROKER ELIGIBILITY REMAIN PARTLY UNRESOLVED"
REGIME_GRADUAL_HOSTILE25_WEEKLY,WEEKLY,2024-05-24,EUROPE_BANKS,EXTENDED,,"{""EUROPE_BANKS"": 1.0}","{""EUROPE_BANKS"": 0.75}",1.0,4,MATURE,0.75,0.75,0.25,NO_TARGET_CHANGE,,"HISTORICAL UK RETAIL, ISA, ACCOUNT AND BROKER ELIGIBILITY REMAIN PARTLY UNRESOLVED"
REGIME_GRADUAL_HOSTILE25_WEEKLY,WEEKLY,2024-05-31,EUROPE_BANKS,EXTENDED,,"{""EUROPE_BANKS"": 1.0}","{""EUROPE_BANKS"": 0.75}",1.0,4,MATURE,0.75,0.75,0.25,NO_TARGET_CHANGE,,"HISTORICAL UK RETAIL, ISA, ACCOUNT AND BROKER ELIGIBILITY REMAIN PARTLY UNRESOLVED"
REGIME_GRADUAL_HOSTILE25_WEEKLY,WEEKLY,2024-06-07,EUROPE_BANKS,ESTABLISHED,,"{""EUROPE_BANKS"": 1.0}","{""EUROPE_BANKS"": 0.5}",1.0,2,DETERIORATING,0.5,0.5,0.5,PLANNED,2024-06-10,"HISTORICAL UK RETAIL, ISA, ACCOUNT AND BROKER ELIGIBILITY REMAIN PARTLY UNRESOLVED"
REGIME_GRADUAL_HOSTILE25_WEEKLY,WEEKLY,2024-06-14,EUROPE_BANKS,FAILED,,"{""EUROPE_BANKS"": 1.0}","{""EUROPE_BANKS"": 0.5}",1.0,1,DETERIORATING,0.5,0.5,0.5,NO_TARGET_CHANGE,,"HISTORICAL UK RETAIL, ISA, ACCOUNT AND BROKER ELIGIBILITY REMAIN PARTLY UNRESOLVED"
REGIME_GRADUAL_HOSTILE25_WEEKLY,WEEKLY,2024-06-21,EUROPE_BANKS,WEAKENING,,"{""EUROPE_BANKS"": 1.0}","{""EUROPE_BANKS"": 0.5}",1.0,2,DETERIORATING,0.5,0.5,0.5,NO_TARGET_CHANGE,,"HISTORICAL UK RETAIL, ISA, ACCOUNT AND BROKER ELIGIBILITY REMAIN PARTLY UNRESOLVED"
REGIME_GRADUAL_HOSTILE25_WEEKLY,WEEKLY,2024-06-28,GLOBAL_SEMICONDUCTORS,ESTABLISHED,,"{""GLOBAL_SEMICONDUCTORS"": 1.0}","{""GLOBAL_SEMICONDUCTORS"": 0.5}",1.0,1,DETERIORATING,0.5,0.5,0.5,PLANNED,2024-07-01,"HISTORICAL UK RETAIL, ISA, ACCOUNT AND BROKER ELIGIBILITY REMAIN PARTLY UNRESOLVED"
REGIME_GRADUAL_HOSTILE25_WEEKLY,WEEKLY,2024-07-05,GLOBAL_SEMICONDUCTORS,EXTENDED,,"{""GLOBAL_SEMICONDUCTORS"": 1.0}","{""GLOBAL_SEMICONDUCTORS"": 0.5}",1.0,2,DETERIORATING,0.5,0.5,0.5,NO_TARGET_CHANGE,,"HISTORICAL UK RETAIL, ISA, ACCOUNT AND BROKER ELIGIBILITY REMAIN PARTLY UNRESOLVED"
REGIME_GRADUAL_HOSTILE25_WEEKLY,WEEKLY,2024-07-12,GLOBAL_SEMICONDUCTORS,EXTENDED,,"{""GLOBAL_SEMICONDUCTORS"": 1.0}","{""GLOBAL_SEMICONDUCTORS"": 0.5}",1.0,2,DETERIORATING,0.5,0.5,0.5,NO_TARGET_CHANGE,,"HISTORICAL UK RETAIL, ISA, ACCOUNT AND BROKER ELIGIBILITY REMAIN PARTLY UNRESOLVED"
REGIME_GRADUAL_HOSTILE25_WEEKLY,WEEKLY,2024-07-19,GLOBAL_SEMICONDUCTORS,WEAKENING,,"{""GLOBAL_SEMICONDUCTORS"": 1.0}","{""GLOBAL_SEMICONDUCTORS"": 0.75}",1.0,3,MATURE,0.75,0.75,0.25,PLANNED,2024-07-22,"HISTORICAL UK RETAIL, ISA, ACCOUNT AND BROKER ELIGIBILITY REMAIN PARTLY UNRESOLVED"
REGIME_GRADUAL_HOSTILE25_WEEKLY,WEEKLY,2024-07-26,GLOBAL_SEMICONDUCTORS,WEAKENING,,"{""GLOBAL_SEMICONDUCTORS"": 1.0}","{""GLOBAL_SEMICONDUCTORS"": 0.75}",1.0,3,MATURE,0.75,0.75,0.25,NO_TARGET_CHANGE,,"HISTORICAL UK RETAIL, ISA, ACCOUNT AND BROKER ELIGIBILITY REMAIN PARTLY UNRESOLVED"
REGIME_GRADUAL_HOSTILE25_WEEKLY,WEEKLY,2024-07-31,GLOBAL_GOLD_MINERS,ESTABLISHED,,"{""GLOBAL_GOLD_MINERS"": 1.0}","{""GLOBAL_GOLD_MINERS"": 0.75}",1.0,3,MATURE,0.75,0.75,0.25,PLANNED,2024-08-01,"HISTORICAL UK RETAIL, ISA, ACCOUNT AND BROKER ELIGIBILITY REMAIN PARTLY UNRESOLVED"
REGIME_GRADUAL_HOSTILE25_WEEKLY,WEEKLY,2024-08-02,GLOBAL_GOLD_MINERS,ESTABLISHED,,"{""GLOBAL_GOLD_MINERS"": 1.0}","{""GLOBAL_GOLD_MINERS"": 1.0}",1.0,2,POSITIVE,1.0,1.0,0.0,PLANNED,2024-08-05,"HISTORICAL UK RETAIL, ISA, ACCOUNT AND BROKER ELIGIBILITY REMAIN PARTLY UNRESOLVED"
REGIME_GRADUAL_HOSTILE25_WEEKLY,WEEKLY,2024-08-09,GLOBAL_GOLD_MINERS,ESTABLISHED,,"{""GLOBAL_GOLD_MINERS"": 1.0}","{""GLOBAL_GOLD_MINERS"": 1.0}",1.0,3,POSITIVE,1.0,1.0,0.0,NO_TARGET_CHANGE,,"HISTORICAL UK RETAIL, ISA, ACCOUNT AND BROKER ELIGIBILITY REMAIN PARTLY UNRESOLVED"
REGIME_GRADUAL_HOSTILE25_WEEKLY,WEEKLY,2024-08-16,GLOBAL_GOLD_MINERS,ESTABLISHED,,"{""GLOBAL_GOLD_MINERS"": 1.0}","{""GLOBAL_GOLD_MINERS"": 1.0}",1.0,3,POSITIVE,1.0,1.0,0.0,NO_TARGET_CHANGE,,"HISTORICAL UK RETAIL, ISA, ACCOUNT AND BROKER ELIGIBILITY REMAIN PARTLY UNRESOLVED"
REGIME_GRADUAL_HOSTILE25_WEEKLY,WEEKLY,2024-08-23,GLOBAL_GOLD_MINERS,ESTABLISHED,,"{""GLOBAL_GOLD_MINERS"": 1.0}","{""GLOBAL_GOLD_MINERS"": 1.0}",1.0,3,POSITIVE,1.0,1.0,0.0,NO_TARGET_CHANGE,,"HISTORICAL UK RETAIL, ISA, ACCOUNT AND BROKER ELIGIBILITY REMAIN PARTLY UNRESOLVED"
REGIME_GRADUAL_HOSTILE25_WEEKLY,WEEKLY,2024-08-30,GLOBAL_GOLD_MINERS,ESTABLISHED,,"{""GLOBAL_GOLD_MINERS"": 1.0}","{""GLOBAL_GOLD_MINERS"": 1.0}",1.0,2,POSITIVE,1.0,1.0,0.0,NO_TARGET_CHANGE,,"HISTORICAL UK RETAIL, ISA, ACCOUNT AND BROKER ELIGIBILITY REMAIN PARTLY UNRESOLVED"
REGIME_GRADUAL_HOSTILE25_WEEKLY,WEEKLY,2024-09-06,GLOBAL_GOLD_MINERS,ESTABLISHED,,"{""GLOBAL_GOLD_MINERS"": 1.0}","{""GLOBAL_GOLD_MINERS"": 1.0}",1.0,3,POSITIVE,1.0,1.0,0.0,NO_TARGET_CHANGE,,"HISTORICAL UK RETAIL, ISA, ACCOUNT AND BROKER ELIGIBILITY REMAIN PARTLY UNRESOLVED"
REGIME_GRADUAL_HOSTILE25_WEEKLY,WEEKLY,2024-09-13,GLOBAL_GOLD_MINERS,EXTENDED,,"{""GLOBAL_GOLD_MINERS"": 1.0}","{""GLOBAL_GOLD_MINERS"": 1.0}",1.0,4,STRONG,1.0,1.0,0.0,NO_TARGET_CHANGE,,"HISTORICAL UK RETAIL, ISA, ACCOUNT AND BROKER ELIGIBILITY REMAIN PARTLY UNRESOLVED"
REGIME_GRADUAL_HOSTILE25_WEEKLY,WEEKLY,2024-09-20,GLOBAL_GOLD_MINERS,ESTABLISHED,,"{""GLOBAL_GOLD_MINERS"": 1.0}","{""GLOBAL_GOLD_MINERS"": 0.75}",1.0,3,MATURE,0.75,0.75,0.25,PLANNED,2024-09-23,"HISTORICAL UK RETAIL, ISA, ACCOUNT AND BROKER ELIGIBILITY REMAIN PARTLY UNRESOLVED"
REGIME_GRADUAL_HOSTILE25_WEEKLY,WEEKLY,2024-09-27,GLOBAL_GOLD_MINERS,ESTABLISHED,,"{""GLOBAL_GOLD_MINERS"": 1.0}","{""GLOBAL_GOLD_MINERS"": 1.0}",1.0,4,STRONG,1.0,1.0,0.0,PLANNED,2024-09-30,"HISTORICAL UK RETAIL, ISA, ACCOUNT AND BROKER ELIGIBILITY REMAIN PARTLY UNRESOLVED"
REGIME_GRADUAL_HOSTILE25_WEEKLY,WEEKLY,2024-09-30,GLOBAL_GOLD_MINERS,WEAKENING,,"{""GLOBAL_GOLD_MINERS"": 1.0}","{""GLOBAL_GOLD_MINERS"": 1.0}",1.0,4,STRONG,1.0,1.0,0.0,NO_TARGET_CHANGE,,"HISTORICAL UK RETAIL, ISA, ACCOUNT AND BROKER ELIGIBILITY REMAIN PARTLY UNRESOLVED"
REGIME_GRADUAL_HOSTILE25_WEEKLY,WEEKLY,2024-10-04,GLOBAL_GOLD_MINERS,WEAKENING,,"{""GLOBAL_GOLD_MINERS"": 1.0}","{""GLOBAL_GOLD_MINERS"": 0.75}",1.0,3,MATURE,0.75,0.75,0.25,PLANNED,2024-10-07,"HISTORICAL UK RETAIL, ISA, ACCOUNT AND BROKER ELIGIBILITY REMAIN PARTLY UNRESOLVED"
REGIME_GRADUAL_HOSTILE25_WEEKLY,WEEKLY,2024-10-11,GLOBAL_GOLD_MINERS,WEAKENING,,"{""GLOBAL_GOLD_MINERS"": 1.0}","{""GLOBAL_GOLD_MINERS"": 0.75}",1.0,3,MATURE,0.75,0.75,0.25,NO_TARGET_CHANGE,,"HISTORICAL UK RETAIL, ISA, ACCOUNT AND BROKER ELIGIBILITY REMAIN PARTLY UNRESOLVED"
REGIME_GRADUAL_HOSTILE25_WEEKLY,WEEKLY,2024-10-18,GLOBAL_GOLD_MINERS,ESTABLISHED,,"{""GLOBAL_GOLD_MINERS"": 1.0}","{""GLOBAL_GOLD_MINERS"": 0.75}",1.0,3,MATURE,0.75,0.75,0.25,NO_TARGET_CHANGE,,"HISTORICAL UK RETAIL, ISA, ACCOUNT AND BROKER ELIGIBILITY REMAIN PARTLY UNRESOLVED"
REGIME_GRADUAL_HOSTILE25_WEEKLY,WEEKLY,2024-10-25,GLOBAL_GOLD_MINERS,OTHER,,"{""GLOBAL_GOLD_MINERS"": 1.0}","{""GLOBAL_GOLD_MINERS"": 0.5}",1.0,2,DETERIORATING,0.5,0.5,0.5,PLANNED,2024-10-28,"HISTORICAL UK RETAIL, ISA, ACCOUNT AND BROKER ELIGIBILITY REMAIN PARTLY UNRESOLVED"
REGIME_GRADUAL_HOSTILE25_WEEKLY,WEEKLY,2024-10-31,GLOBAL_GOLD_MINERS,ESTABLISHED,,"{""GLOBAL_GOLD_MINERS"": 1.0}","{""GLOBAL_GOLD_MINERS"": 0.5}",1.0,2,DETERIORATING,0.5,0.5,0.5,NO_TARGET_CHANGE,,"HISTORICAL UK RETAIL, ISA, ACCOUNT AND BROKER ELIGIBILITY REMAIN PARTLY UNRESOLVED"
REGIME_GRADUAL_HOSTILE25_WEEKLY,WEEKLY,2024-11-01,GLOBAL_GOLD_MINERS,ESTABLISHED,,"{""GLOBAL_GOLD_MINERS"": 1.0}","{""GLOBAL_GOLD_MINERS"": 1.0}",1.0,4,STRONG,1.0,1.0,0.0,PLANNED,2024-11-04,"HISTORICAL UK RETAIL, ISA, ACCOUNT AND BROKER ELIGIBILITY REMAIN PARTLY UNRESOLVED"
REGIME_GRADUAL_HOSTILE25_WEEKLY,WEEKLY,2024-11-08,GLOBAL_GOLD_MINERS,OTHER,,"{""GLOBAL_GOLD_MINERS"": 1.0}","{""GLOBAL_GOLD_MINERS"": 0.75}",1.0,3,MATURE,0.75,0.75,0.25,PLANNED,2024-11-11,"HISTORICAL UK RETAIL, ISA, ACCOUNT AND BROKER ELIGIBILITY REMAIN PARTLY UNRESOLVED"
REGIME_GRADUAL_HOSTILE25_WEEKLY,WEEKLY,2024-11-15,GLOBAL_GOLD_MINERS,FAILED,,"{""GLOBAL_GOLD_MINERS"": 1.0}","{""GLOBAL_GOLD_MINERS"": 0.5}",1.0,2,DETERIORATING,0.5,0.5,0.5,PLANNED,2024-11-18,"HISTORICAL UK RETAIL, ISA, ACCOUNT AND BROKER ELIGIBILITY REMAIN PARTLY UNRESOLVED"
REGIME_GRADUAL_HOSTILE25_WEEKLY,WEEKLY,2024-11-22,GLOBAL_GOLD_MINERS,FAILED,,"{""GLOBAL_GOLD_MINERS"": 1.0}","{""GLOBAL_GOLD_MINERS"": 0.75}",1.0,3,MATURE,0.75,0.75,0.25,PLANNED,2024-11-25,"HISTORICAL UK RETAIL, ISA, ACCOUNT AND BROKER ELIGIBILITY REMAIN PARTLY UNRESOLVED"
REGIME_GRADUAL_HOSTILE25_WEEKLY,WEEKLY,2024-11-29,GLOBAL_SOFTWARE,EXTENDED,,"{""GLOBAL_SOFTWARE"": 1.0}","{""GLOBAL_SOFTWARE"": 0.75}",1.0,3,MATURE,0.75,0.75,0.25,PLANNED,2024-12-02,"HISTORICAL UK RETAIL, ISA, ACCOUNT AND BROKER ELIGIBILITY REMAIN PARTLY UNRESOLVED"
REGIME_GRADUAL_HOSTILE25_WEEKLY,WEEKLY,2024-12-06,GLOBAL_SOFTWARE,EXTENDED,,"{""GLOBAL_SOFTWARE"": 1.0}","{""GLOBAL_SOFTWARE"": 0.75}",1.0,3,MATURE,0.75,0.75,0.25,NO_TARGET_CHANGE,,"HISTORICAL UK RETAIL, ISA, ACCOUNT AND BROKER ELIGIBILITY REMAIN PARTLY UNRESOLVED"
REGIME_GRADUAL_HOSTILE25_WEEKLY,WEEKLY,2024-12-13,GLOBAL_SOFTWARE,EXTENDED,,"{""GLOBAL_SOFTWARE"": 1.0}","{""GLOBAL_SOFTWARE"": 0.75}",1.0,3,MATURE,0.75,0.75,0.25,NO_TARGET_CHANGE,,"HISTORICAL UK RETAIL, ISA, ACCOUNT AND BROKER ELIGIBILITY REMAIN PARTLY UNRESOLVED"
REGIME_GRADUAL_HOSTILE25_WEEKLY,WEEKLY,2024-12-20,GLOBAL_SOFTWARE,EXTENDED,,"{""GLOBAL_SOFTWARE"": 1.0}","{""GLOBAL_SOFTWARE"": 0.75}",1.0,3,MATURE,0.75,0.75,0.25,NO_TARGET_CHANGE,,"HISTORICAL UK RETAIL, ISA, ACCOUNT AND BROKER ELIGIBILITY REMAIN PARTLY UNRESOLVED"
REGIME_GRADUAL_HOSTILE25_WEEKLY,WEEKLY,2024-12-27,GLOBAL_SOFTWARE,EXTENDED,,"{""GLOBAL_SOFTWARE"": 1.0}","{""GLOBAL_SOFTWARE"": 0.5}",1.0,2,DETERIORATING,0.5,0.5,0.5,PLANNED,2024-12-30,"HISTORICAL UK RETAIL, ISA, ACCOUNT AND BROKER ELIGIBILITY REMAIN PARTLY UNRESOLVED"
REGIME_GRADUAL_HOSTILE25_WEEKLY,WEEKLY,2024-12-31,GLOBAL_SOFTWARE,EXTENDED,,"{""GLOBAL_SOFTWARE"": 1.0}","{""GLOBAL_SOFTWARE"": 0.5}",1.0,2,DETERIORATING,0.5,0.5,0.5,NO_TARGET_CHANGE,,"HISTORICAL UK RETAIL, ISA, ACCOUNT AND BROKER ELIGIBILITY REMAIN PARTLY UNRESOLVED"
REGIME_GRADUAL_HOSTILE25_WEEKLY,WEEKLY,2025-01-03,GLOBAL_SOFTWARE,EXTENDED,,"{""GLOBAL_SOFTWARE"": 1.0}","{""GLOBAL_SOFTWARE"": 1.0}",1.0,2,POSITIVE,1.0,1.0,0.0,PLANNED,2025-01-06,"HISTORICAL UK RETAIL, ISA, ACCOUNT AND BROKER ELIGIBILITY REMAIN PARTLY UNRESOLVED"
REGIME_GRADUAL_HOSTILE25_WEEKLY,WEEKLY,2025-01-10,GLOBAL_SOFTWARE,WEAKENING,,"{""GLOBAL_SOFTWARE"": 1.0}","{""GLOBAL_SOFTWARE"": 1.0}",1.0,1,POSITIVE,1.0,1.0,0.0,NO_TARGET_CHANGE,,"HISTORICAL UK RETAIL, ISA, ACCOUNT AND BROKER ELIGIBILITY REMAIN PARTLY UNRESOLVED"
REGIME_GRADUAL_HOSTILE25_WEEKLY,WEEKLY,2025-01-17,GLOBAL_SOFTWARE,WEAKENING,,"{""GLOBAL_SOFTWARE"": 1.0}","{""GLOBAL_SOFTWARE"": 1.0}",1.0,2,POSITIVE,1.0,1.0,0.0,NO_TARGET_CHANGE,,"HISTORICAL UK RETAIL, ISA, ACCOUNT AND BROKER ELIGIBILITY REMAIN PARTLY UNRESOLVED"
REGIME_GRADUAL_HOSTILE25_WEEKLY,WEEKLY,2025-01-24,GLOBAL_SOFTWARE,WEAKENING,,"{""GLOBAL_SOFTWARE"": 1.0}","{""GLOBAL_SOFTWARE"": 1.0}",1.0,2,POSITIVE,1.0,1.0,0.0,NO_TARGET_CHANGE,,"HISTORICAL UK RETAIL, ISA, ACCOUNT AND BROKER ELIGIBILITY REMAIN PARTLY UNRESOLVED"
REGIME_GRADUAL_HOSTILE25_WEEKLY,WEEKLY,2025-01-31,GLOBAL_SOFTWARE,WEAKENING,,"{""GLOBAL_SOFTWARE"": 1.0}","{""GLOBAL_SOFTWARE"": 1.0}",1.0,2,POSITIVE,1.0,1.0,0.0,NO_TARGET_CHANGE,,"HISTORICAL UK RETAIL, ISA, ACCOUNT AND BROKER ELIGIBILITY REMAIN PARTLY UNRESOLVED"
REGIME_GRADUAL_HOSTILE25_WEEKLY,WEEKLY,2025-02-07,GLOBAL_SOFTWARE,OTHER,,"{""GLOBAL_SOFTWARE"": 1.0}","{""GLOBAL_SOFTWARE"": 1.0}",1.0,3,POSITIVE,1.0,1.0,0.0,NO_TARGET_CHANGE,,"HISTORICAL UK RETAIL, ISA, ACCOUNT AND BROKER ELIGIBILITY REMAIN PARTLY UNRESOLVED"
REGIME_GRADUAL_HOSTILE25_WEEKLY,WEEKLY,2025-02-14,GLOBAL_SOFTWARE,OTHER,,"{""GLOBAL_SOFTWARE"": 1.0}","{""GLOBAL_SOFTWARE"": 1.0}",1.0,3,POSITIVE,1.0,1.0,0.0,NO_TARGET_CHANGE,,"HISTORICAL UK RETAIL, ISA, ACCOUNT AND BROKER ELIGIBILITY REMAIN PARTLY UNRESOLVED"
REGIME_GRADUAL_HOSTILE25_WEEKLY,WEEKLY,2025-02-21,GLOBAL_SOFTWARE,FAILED,,"{""GLOBAL_SOFTWARE"": 1.0}","{""GLOBAL_SOFTWARE"": 1.0}",1.0,4,STRONG,1.0,1.0,0.0,NO_TARGET_CHANGE,,"HISTORICAL UK RETAIL, ISA, ACCOUNT AND BROKER ELIGIBILITY REMAIN PARTLY UNRESOLVED"
REGIME_GRADUAL_HOSTILE25_WEEKLY,WEEKLY,2025-02-28,EUROPE_BANKS,EXTENDED,,"{""EUROPE_BANKS"": 1.0}","{""EUROPE_BANKS"": 1.0}",1.0,4,STRONG,1.0,1.0,0.0,PLANNED,2025-03-03,"HISTORICAL UK RETAIL, ISA, ACCOUNT AND BROKER ELIGIBILITY REMAIN PARTLY UNRESOLVED"
REGIME_GRADUAL_HOSTILE25_WEEKLY,WEEKLY,2025-03-07,EUROPE_BANKS,EXTENDED,,"{""EUROPE_BANKS"": 1.0}","{""EUROPE_BANKS"": 1.0}",1.0,4,STRONG,1.0,1.0,0.0,NO_TARGET_CHANGE,,"HISTORICAL UK RETAIL, ISA, ACCOUNT AND BROKER ELIGIBILITY REMAIN PARTLY UNRESOLVED"
REGIME_GRADUAL_HOSTILE25_WEEKLY,WEEKLY,2025-03-14,EUROPE_BANKS,EXTENDED,,"{""EUROPE_BANKS"": 1.0}","{""EUROPE_BANKS"": 1.0}",1.0,4,STRONG,1.0,1.0,0.0,NO_TARGET_CHANGE,,"HISTORICAL UK RETAIL, ISA, ACCOUNT AND BROKER ELIGIBILITY REMAIN PARTLY UNRESOLVED"
REGIME_GRADUAL_HOSTILE25_WEEKLY,WEEKLY,2025-03-21,EUROPE_BANKS,EXTENDED,,"{""EUROPE_BANKS"": 1.0}","{""EUROPE_BANKS"": 1.0}",1.0,4,STRONG,1.0,1.0,0.0,NO_TARGET_CHANGE,,"HISTORICAL UK RETAIL, ISA, ACCOUNT AND BROKER ELIGIBILITY REMAIN PARTLY UNRESOLVED"
REGIME_GRADUAL_HOSTILE25_WEEKLY,WEEKLY,2025-03-28,EUROPE_BANKS,OTHER,,"{""EUROPE_BANKS"": 1.0}","{""EUROPE_BANKS"": 1.0}",1.0,4,STRONG,1.0,1.0,0.0,NO_TARGET_CHANGE,,"HISTORICAL UK RETAIL, ISA, ACCOUNT AND BROKER ELIGIBILITY REMAIN PARTLY UNRESOLVED"
REGIME_GRADUAL_HOSTILE25_WEEKLY,WEEKLY,2025-03-31,GLOBAL_GOLD_MINERS,EXTENDED,,"{""GLOBAL_GOLD_MINERS"": 1.0}","{""GLOBAL_GOLD_MINERS"": 1.0}",1.0,4,STRONG,1.0,1.0,0.0,PLANNED,2025-04-01,"HISTORICAL UK RETAIL, ISA, ACCOUNT AND BROKER ELIGIBILITY REMAIN PARTLY UNRESOLVED"
REGIME_GRADUAL_HOSTILE25_WEEKLY,WEEKLY,2025-04-04,GLOBAL_GOLD_MINERS,EXTENDED,,"{""GLOBAL_GOLD_MINERS"": 1.0}","{""GLOBAL_GOLD_MINERS"": 0.25}",1.0,2,HOSTILE,0.25,0.25,0.75,PLANNED,2025-04-07,"HISTORICAL UK RETAIL, ISA, ACCOUNT AND BROKER ELIGIBILITY REMAIN PARTLY UNRESOLVED"
REGIME_GRADUAL_HOSTILE25_WEEKLY,WEEKLY,2025-04-11,GLOBAL_GOLD_MINERS,EXTENDED,,"{""GLOBAL_GOLD_MINERS"": 1.0}","{""GLOBAL_GOLD_MINERS"": 0.25}",1.0,2,HOSTILE,0.25,0.25,0.75,NO_TARGET_CHANGE,,"HISTORICAL UK RETAIL, ISA, ACCOUNT AND BROKER ELIGIBILITY REMAIN PARTLY UNRESOLVED"
REGIME_GRADUAL_HOSTILE25_WEEKLY,WEEKLY,2025-04-17,GLOBAL_GOLD_MINERS,EXTENDED,,"{""GLOBAL_GOLD_MINERS"": 1.0}","{""GLOBAL_GOLD_MINERS"": 0.25}",1.0,2,HOSTILE,0.25,0.25,0.75,NO_TARGET_CHANGE,,"HISTORICAL UK RETAIL, ISA, ACCOUNT AND BROKER ELIGIBILITY REMAIN PARTLY UNRESOLVED"
REGIME_GRADUAL_HOSTILE25_WEEKLY,WEEKLY,2025-04-25,GLOBAL_GOLD_MINERS,EXTENDED,,"{""GLOBAL_GOLD_MINERS"": 1.0}","{""GLOBAL_GOLD_MINERS"": 0.25}",1.0,2,HOSTILE,0.25,0.25,0.75,NO_TARGET_CHANGE,,"HISTORICAL UK RETAIL, ISA, ACCOUNT AND BROKER ELIGIBILITY REMAIN PARTLY UNRESOLVED"
REGIME_GRADUAL_HOSTILE25_WEEKLY,WEEKLY,2025-04-30,GLOBAL_GOLD_MINERS,EXTENDED,,"{""GLOBAL_GOLD_MINERS"": 1.0}","{""GLOBAL_GOLD_MINERS"": 0.25}",1.0,2,HOSTILE,0.25,0.25,0.75,NO_TARGET_CHANGE,,"HISTORICAL UK RETAIL, ISA, ACCOUNT AND BROKER ELIGIBILITY REMAIN PARTLY UNRESOLVED"
REGIME_GRADUAL_HOSTILE25_WEEKLY,WEEKLY,2025-05-02,GLOBAL_GOLD_MINERS,OTHER,,"{""GLOBAL_GOLD_MINERS"": 1.0}","{""GLOBAL_GOLD_MINERS"": 0.25}",1.0,2,HOSTILE,0.25,0.25,0.75,NO_TARGET_CHANGE,,"HISTORICAL UK RETAIL, ISA, ACCOUNT AND BROKER ELIGIBILITY REMAIN PARTLY UNRESOLVED"
REGIME_GRADUAL_HOSTILE25_WEEKLY,WEEKLY,2025-05-09,GLOBAL_GOLD_MINERS,OTHER,,"{""GLOBAL_GOLD_MINERS"": 1.0}","{""GLOBAL_GOLD_MINERS"": 0.25}",1.0,2,HOSTILE,0.25,0.25,0.75,NO_TARGET_CHANGE,,"HISTORICAL UK RETAIL, ISA, ACCOUNT AND BROKER ELIGIBILITY REMAIN PARTLY UNRESOLVED"
REGIME_GRADUAL_HOSTILE25_WEEKLY,WEEKLY,2025-05-16,GLOBAL_GOLD_MINERS,WEAKENING,,"{""GLOBAL_GOLD_MINERS"": 1.0}","{""GLOBAL_GOLD_MINERS"": 0.75}",1.0,3,MATURE,0.75,0.75,0.25,PLANNED,2025-05-19,"HISTORICAL UK RETAIL, ISA, ACCOUNT AND BROKER ELIGIBILITY REMAIN PARTLY UNRESOLVED"
REGIME_GRADUAL_HOSTILE25_WEEKLY,WEEKLY,2025-05-23,GLOBAL_GOLD_MINERS,WEAKENING,,"{""GLOBAL_GOLD_MINERS"": 1.0}","{""GLOBAL_GOLD_MINERS"": 0.25}",1.0,2,HOSTILE,0.25,0.25,0.75,PLANNED,2025-05-27,"HISTORICAL UK RETAIL, ISA, ACCOUNT AND BROKER ELIGIBILITY REMAIN PARTLY UNRESOLVED"
REGIME_GRADUAL_HOSTILE25_WEEKLY,WEEKLY,2025-05-30,GLOBAL_GOLD_MINERS,WEAKENING,,"{""GLOBAL_GOLD_MINERS"": 1.0}","{""GLOBAL_GOLD_MINERS"": 0.25}",1.0,2,HOSTILE,0.25,0.25,0.75,NO_TARGET_CHANGE,,"HISTORICAL UK RETAIL, ISA, ACCOUNT AND BROKER ELIGIBILITY REMAIN PARTLY UNRESOLVED"
REGIME_GRADUAL_HOSTILE25_WEEKLY,WEEKLY,2025-06-06,GLOBAL_GOLD_MINERS,WEAKENING,,"{""GLOBAL_GOLD_MINERS"": 1.0}","{""GLOBAL_GOLD_MINERS"": 1.0}",1.0,4,STRONG,1.0,1.0,0.0,PLANNED,2025-06-09,"HISTORICAL UK RETAIL, ISA, ACCOUNT AND BROKER ELIGIBILITY REMAIN PARTLY UNRESOLVED"
REGIME_GRADUAL_HOSTILE25_WEEKLY,WEEKLY,2025-06-13,GLOBAL_GOLD_MINERS,WEAKENING,,"{""GLOBAL_GOLD_MINERS"": 1.0}","{""GLOBAL_GOLD_MINERS"": 0.75}",1.0,3,MATURE,0.75,0.75,0.25,PLANNED,2025-06-16,"HISTORICAL UK RETAIL, ISA, ACCOUNT AND BROKER ELIGIBILITY REMAIN PARTLY UNRESOLVED"
REGIME_GRADUAL_HOSTILE25_WEEKLY,WEEKLY,2025-06-20,GLOBAL_GOLD_MINERS,ESTABLISHED,,"{""GLOBAL_GOLD_MINERS"": 1.0}","{""GLOBAL_GOLD_MINERS"": 0.75}",1.0,3,MATURE,0.75,0.75,0.25,NO_TARGET_CHANGE,,"HISTORICAL UK RETAIL, ISA, ACCOUNT AND BROKER ELIGIBILITY REMAIN PARTLY UNRESOLVED"
REGIME_GRADUAL_HOSTILE25_WEEKLY,WEEKLY,2025-06-27,GLOBAL_GOLD_MINERS,WEAKENING,,"{""GLOBAL_GOLD_MINERS"": 1.0}","{""GLOBAL_GOLD_MINERS"": 0.5}",1.0,2,DETERIORATING,0.5,0.5,0.5,PLANNED,2025-06-30,"HISTORICAL UK RETAIL, ISA, ACCOUNT AND BROKER ELIGIBILITY REMAIN PARTLY UNRESOLVED"
REGIME_GRADUAL_HOSTILE25_WEEKLY,WEEKLY,2025-06-30,EUROPE_BANKS,WEAKENING,,"{""EUROPE_BANKS"": 1.0}","{""EUROPE_BANKS"": 0.5}",1.0,2,DETERIORATING,0.5,0.5,0.5,PLANNED,2025-07-01,"HISTORICAL UK RETAIL, ISA, ACCOUNT AND BROKER ELIGIBILITY REMAIN PARTLY UNRESOLVED"
REGIME_GRADUAL_HOSTILE25_WEEKLY,WEEKLY,2025-07-04,EUROPE_BANKS,OTHER,,"{""EUROPE_BANKS"": 1.0}","{""EUROPE_BANKS"": 0.5}",1.0,2,DETERIORATING,0.5,0.5,0.5,NO_TARGET_CHANGE,,"HISTORICAL UK RETAIL, ISA, ACCOUNT AND BROKER ELIGIBILITY REMAIN PARTLY UNRESOLVED"
REGIME_GRADUAL_HOSTILE25_WEEKLY,WEEKLY,2025-07-11,EUROPE_BANKS,OTHER,,"{""EUROPE_BANKS"": 1.0}","{""EUROPE_BANKS"": 0.5}",1.0,1,DETERIORATING,0.5,0.5,0.5,NO_TARGET_CHANGE,,"HISTORICAL UK RETAIL, ISA, ACCOUNT AND BROKER ELIGIBILITY REMAIN PARTLY UNRESOLVED"
REGIME_GRADUAL_HOSTILE25_WEEKLY,WEEKLY,2025-07-18,EUROPE_BANKS,WEAKENING,,"{""EUROPE_BANKS"": 1.0}","{""EUROPE_BANKS"": 1.0}",1.0,5,STRONG,1.0,1.0,0.0,PLANNED,2025-07-21,"HISTORICAL UK RETAIL, ISA, ACCOUNT AND BROKER ELIGIBILITY REMAIN PARTLY UNRESOLVED"
REGIME_GRADUAL_HOSTILE25_WEEKLY,WEEKLY,2025-07-25,EUROPE_BANKS,OTHER,,"{""EUROPE_BANKS"": 1.0}","{""EUROPE_BANKS"": 0.75}",1.0,4,MATURE,0.75,0.75,0.25,PLANNED,2025-07-28,"HISTORICAL UK RETAIL, ISA, ACCOUNT AND BROKER ELIGIBILITY REMAIN PARTLY UNRESOLVED"
REGIME_GRADUAL_HOSTILE25_WEEKLY,WEEKLY,2025-07-31,EUROPE_BANKS,ESTABLISHED,,"{""EUROPE_BANKS"": 1.0}","{""EUROPE_BANKS"": 0.75}",1.0,4,MATURE,0.75,0.75,0.25,NO_TARGET_CHANGE,,"HISTORICAL UK RETAIL, ISA, ACCOUNT AND BROKER ELIGIBILITY REMAIN PARTLY UNRESOLVED"
REGIME_GRADUAL_HOSTILE25_WEEKLY,WEEKLY,2025-08-01,EUROPE_BANKS,CONFIRMING,,"{""EUROPE_BANKS"": 1.0}","{""EUROPE_BANKS"": 0.5}",1.0,3,DETERIORATING,0.5,0.5,0.5,PLANNED,2025-08-04,"HISTORICAL UK RETAIL, ISA, ACCOUNT AND BROKER ELIGIBILITY REMAIN PARTLY UNRESOLVED"
REGIME_GRADUAL_HOSTILE25_WEEKLY,WEEKLY,2025-08-08,EUROPE_BANKS,ESTABLISHED,,"{""EUROPE_BANKS"": 1.0}","{""EUROPE_BANKS"": 0.5}",1.0,3,DETERIORATING,0.5,0.5,0.5,NO_TARGET_CHANGE,,"HISTORICAL UK RETAIL, ISA, ACCOUNT AND BROKER ELIGIBILITY REMAIN PARTLY UNRESOLVED"
REGIME_GRADUAL_HOSTILE25_WEEKLY,WEEKLY,2025-08-15,EUROPE_BANKS,ESTABLISHED,,"{""EUROPE_BANKS"": 1.0}","{""EUROPE_BANKS"": 0.75}",1.0,4,MATURE,0.75,0.75,0.25,PLANNED,2025-08-18,"HISTORICAL UK RETAIL, ISA, ACCOUNT AND BROKER ELIGIBILITY REMAIN PARTLY UNRESOLVED"
REGIME_GRADUAL_HOSTILE25_WEEKLY,WEEKLY,2025-08-22,EUROPE_BANKS,CONFIRMING,,"{""EUROPE_BANKS"": 1.0}","{""EUROPE_BANKS"": 0.75}",1.0,4,MATURE,0.75,0.75,0.25,NO_TARGET_CHANGE,,"HISTORICAL UK RETAIL, ISA, ACCOUNT AND BROKER ELIGIBILITY REMAIN PARTLY UNRESOLVED"
REGIME_GRADUAL_HOSTILE25_WEEKLY,WEEKLY,2025-08-29,GLOBAL_SILVER_MINERS,ESTABLISHED,,"{""GLOBAL_SILVER_MINERS"": 1.0}","{""GLOBAL_SILVER_MINERS"": 0.5}",1.0,2,DETERIORATING,0.5,0.5,0.5,PLANNED,2025-09-01,"HISTORICAL UK RETAIL, ISA, ACCOUNT AND BROKER ELIGIBILITY REMAIN PARTLY UNRESOLVED"
REGIME_GRADUAL_HOSTILE25_WEEKLY,WEEKLY,2025-09-05,GLOBAL_SILVER_MINERS,ESTABLISHED,,"{""GLOBAL_SILVER_MINERS"": 1.0}","{""GLOBAL_SILVER_MINERS"": 0.5}",1.0,3,DETERIORATING,0.5,0.5,0.5,NO_TARGET_CHANGE,,"HISTORICAL UK RETAIL, ISA, ACCOUNT AND BROKER ELIGIBILITY REMAIN PARTLY UNRESOLVED"
REGIME_GRADUAL_HOSTILE25_WEEKLY,WEEKLY,2025-09-12,GLOBAL_SILVER_MINERS,CONFIRMING,,"{""GLOBAL_SILVER_MINERS"": 1.0}","{""GLOBAL_SILVER_MINERS"": 0.5}",1.0,2,DETERIORATING,0.5,0.5,0.5,NO_TARGET_CHANGE,,"HISTORICAL UK RETAIL, ISA, ACCOUNT AND BROKER ELIGIBILITY REMAIN PARTLY UNRESOLVED"
REGIME_GRADUAL_HOSTILE25_WEEKLY,WEEKLY,2025-09-19,GLOBAL_SILVER_MINERS,EXTENDED,,"{""GLOBAL_SILVER_MINERS"": 1.0}","{""GLOBAL_SILVER_MINERS"": 0.75}",1.0,3,MATURE,0.75,0.75,0.25,PLANNED,2025-09-22,"HISTORICAL UK RETAIL, ISA, ACCOUNT AND BROKER ELIGIBILITY REMAIN PARTLY UNRESOLVED"
REGIME_GRADUAL_HOSTILE25_WEEKLY,WEEKLY,2025-09-26,GLOBAL_SILVER_MINERS,EXTENDED,,"{""GLOBAL_SILVER_MINERS"": 1.0}","{""GLOBAL_SILVER_MINERS"": 0.75}",1.0,3,MATURE,0.75,0.75,0.25,NO_TARGET_CHANGE,,"HISTORICAL UK RETAIL, ISA, ACCOUNT AND BROKER ELIGIBILITY REMAIN PARTLY UNRESOLVED"
REGIME_GRADUAL_HOSTILE25_WEEKLY,WEEKLY,2025-09-30,GLOBAL_SILVER_MINERS,EXTENDED,,"{""GLOBAL_SILVER_MINERS"": 1.0}","{""GLOBAL_SILVER_MINERS"": 0.75}",1.0,3,MATURE,0.75,0.75,0.25,NO_TARGET_CHANGE,,"HISTORICAL UK RETAIL, ISA, ACCOUNT AND BROKER ELIGIBILITY REMAIN PARTLY UNRESOLVED"
REGIME_GRADUAL_HOSTILE25_WEEKLY,WEEKLY,2025-10-03,GLOBAL_SILVER_MINERS,OTHER,,"{""GLOBAL_SILVER_MINERS"": 1.0}","{""GLOBAL_SILVER_MINERS"": 0.75}",1.0,3,MATURE,0.75,0.75,0.25,NO_TARGET_CHANGE,,"HISTORICAL UK RETAIL, ISA, ACCOUNT AND BROKER ELIGIBILITY REMAIN PARTLY UNRESOLVED"
REGIME_GRADUAL_HOSTILE25_WEEKLY,WEEKLY,2025-10-10,GLOBAL_SILVER_MINERS,EXTENDED,,"{""GLOBAL_SILVER_MINERS"": 1.0}","{""GLOBAL_SILVER_MINERS"": 1.0}",1.0,4,STRONG,1.0,1.0,0.0,PLANNED,2025-10-13,"HISTORICAL UK RETAIL, ISA, ACCOUNT AND BROKER ELIGIBILITY REMAIN PARTLY UNRESOLVED"
REGIME_GRADUAL_HOSTILE25_WEEKLY,WEEKLY,2025-10-17,GLOBAL_SILVER_MINERS,EXTENDED,,"{""GLOBAL_SILVER_MINERS"": 1.0}","{""GLOBAL_SILVER_MINERS"": 1.0}",1.0,4,STRONG,1.0,1.0,0.0,NO_TARGET_CHANGE,,"HISTORICAL UK RETAIL, ISA, ACCOUNT AND BROKER ELIGIBILITY REMAIN PARTLY UNRESOLVED"
REGIME_GRADUAL_HOSTILE25_WEEKLY,WEEKLY,2025-10-24,GLOBAL_SILVER_MINERS,WEAKENING,,"{""GLOBAL_SILVER_MINERS"": 1.0}","{""GLOBAL_SILVER_MINERS"": 0.75}",1.0,3,MATURE,0.75,0.75,0.25,PLANNED,2025-10-27,"HISTORICAL UK RETAIL, ISA, ACCOUNT AND BROKER ELIGIBILITY REMAIN PARTLY UNRESOLVED"
REGIME_GRADUAL_HOSTILE25_WEEKLY,WEEKLY,2025-10-31,GLOBAL_SILVER_MINERS,WEAKENING,,"{""GLOBAL_SILVER_MINERS"": 1.0}","{""GLOBAL_SILVER_MINERS"": 1.0}",1.0,4,STRONG,1.0,1.0,0.0,PLANNED,2025-11-03,"HISTORICAL UK RETAIL, ISA, ACCOUNT AND BROKER ELIGIBILITY REMAIN PARTLY UNRESOLVED"
REGIME_GRADUAL_HOSTILE25_WEEKLY,WEEKLY,2025-11-07,GLOBAL_SILVER_MINERS,WEAKENING,,"{""GLOBAL_SILVER_MINERS"": 1.0}","{""GLOBAL_SILVER_MINERS"": 0.5}",1.0,2,DETERIORATING,0.5,0.5,0.5,PLANNED,2025-11-10,"HISTORICAL UK RETAIL, ISA, ACCOUNT AND BROKER ELIGIBILITY REMAIN PARTLY UNRESOLVED"
REGIME_GRADUAL_HOSTILE25_WEEKLY,WEEKLY,2025-11-14,GLOBAL_SILVER_MINERS,WEAKENING,,"{""GLOBAL_SILVER_MINERS"": 1.0}","{""GLOBAL_SILVER_MINERS"": 1.0}",1.0,4,STRONG,1.0,1.0,0.0,PLANNED,2025-11-17,"HISTORICAL UK RETAIL, ISA, ACCOUNT AND BROKER ELIGIBILITY REMAIN PARTLY UNRESOLVED"
REGIME_GRADUAL_HOSTILE25_WEEKLY,WEEKLY,2025-11-21,GLOBAL_SILVER_MINERS,WEAKENING,,"{""GLOBAL_SILVER_MINERS"": 1.0}","{""GLOBAL_SILVER_MINERS"": 0.75}",1.0,3,MATURE,0.75,0.75,0.25,PLANNED,2025-11-24,"HISTORICAL UK RETAIL, ISA, ACCOUNT AND BROKER ELIGIBILITY REMAIN PARTLY UNRESOLVED"
REGIME_GRADUAL_HOSTILE25_WEEKLY,WEEKLY,2025-11-28,GLOBAL_SILVER_MINERS,WEAKENING,,"{""GLOBAL_SILVER_MINERS"": 1.0}","{""GLOBAL_SILVER_MINERS"": 1.0}",1.0,4,STRONG,1.0,1.0,0.0,PLANNED,2025-12-01,"HISTORICAL UK RETAIL, ISA, ACCOUNT AND BROKER ELIGIBILITY REMAIN PARTLY UNRESOLVED"
REGIME_GRADUAL_HOSTILE25_WEEKLY,WEEKLY,2025-12-05,GLOBAL_SILVER_MINERS,ESTABLISHED,,"{""GLOBAL_SILVER_MINERS"": 1.0}","{""GLOBAL_SILVER_MINERS"": 1.0}",1.0,4,STRONG,1.0,1.0,0.0,NO_TARGET_CHANGE,,"HISTORICAL UK RETAIL, ISA, ACCOUNT AND BROKER ELIGIBILITY REMAIN PARTLY UNRESOLVED"
REGIME_GRADUAL_HOSTILE25_WEEKLY,WEEKLY,2025-12-12,GLOBAL_SILVER_MINERS,ESTABLISHED,,"{""GLOBAL_SILVER_MINERS"": 1.0}","{""GLOBAL_SILVER_MINERS"": 1.0}",1.0,4,STRONG,1.0,1.0,0.0,NO_TARGET_CHANGE,,"HISTORICAL UK RETAIL, ISA, ACCOUNT AND BROKER ELIGIBILITY REMAIN PARTLY UNRESOLVED"
REGIME_GRADUAL_HOSTILE25_WEEKLY,WEEKLY,2025-12-19,GLOBAL_SILVER_MINERS,ESTABLISHED,,"{""GLOBAL_SILVER_MINERS"": 1.0}","{""GLOBAL_SILVER_MINERS"": 1.0}",1.0,4,STRONG,1.0,1.0,0.0,NO_TARGET_CHANGE,,"HISTORICAL UK RETAIL, ISA, ACCOUNT AND BROKER ELIGIBILITY REMAIN PARTLY UNRESOLVED"
REGIME_GRADUAL_HOSTILE25_WEEKLY,WEEKLY,2025-12-24,GLOBAL_SILVER_MINERS,ESTABLISHED,,"{""GLOBAL_SILVER_MINERS"": 1.0}","{""GLOBAL_SILVER_MINERS"": 1.0}",1.0,4,STRONG,1.0,1.0,0.0,NO_TARGET_CHANGE,,"HISTORICAL UK RETAIL, ISA, ACCOUNT AND BROKER ELIGIBILITY REMAIN PARTLY UNRESOLVED"
REGIME_GRADUAL_HOSTILE25_WEEKLY,WEEKLY,2025-12-31,GLOBAL_SILVER_MINERS,ESTABLISHED,,"{""GLOBAL_SILVER_MINERS"": 1.0}","{""GLOBAL_SILVER_MINERS"": 1.0}",1.0,4,STRONG,1.0,1.0,0.0,NO_TARGET_CHANGE,,"HISTORICAL UK RETAIL, ISA, ACCOUNT AND BROKER ELIGIBILITY REMAIN PARTLY UNRESOLVED"
REGIME_GRADUAL_HOSTILE25_WEEKLY,WEEKLY,2026-01-02,GLOBAL_SILVER_MINERS,ESTABLISHED,,"{""GLOBAL_SILVER_MINERS"": 1.0}","{""GLOBAL_SILVER_MINERS"": 0.75}",1.0,3,MATURE,0.75,0.75,0.25,PLANNED,2026-01-05,"HISTORICAL UK RETAIL, ISA, ACCOUNT AND BROKER ELIGIBILITY REMAIN PARTLY UNRESOLVED"
REGIME_GRADUAL_HOSTILE25_WEEKLY,WEEKLY,2026-01-09,GLOBAL_SILVER_MINERS,ESTABLISHED,,"{""GLOBAL_SILVER_MINERS"": 1.0}","{""GLOBAL_SILVER_MINERS"": 0.75}",1.0,3,MATURE,0.75,0.75,0.25,NO_TARGET_CHANGE,,"HISTORICAL UK RETAIL, ISA, ACCOUNT AND BROKER ELIGIBILITY REMAIN PARTLY UNRESOLVED"
REGIME_GRADUAL_HOSTILE25_WEEKLY,WEEKLY,2026-01-16,GLOBAL_SILVER_MINERS,ESTABLISHED,,"{""GLOBAL_SILVER_MINERS"": 1.0}","{""GLOBAL_SILVER_MINERS"": 0.75}",1.0,3,MATURE,0.75,0.75,0.25,NO_TARGET_CHANGE,,"HISTORICAL UK RETAIL, ISA, ACCOUNT AND BROKER ELIGIBILITY REMAIN PARTLY UNRESOLVED"
REGIME_GRADUAL_HOSTILE25_WEEKLY,WEEKLY,2026-01-23,GLOBAL_SILVER_MINERS,EXTENDED,,"{""GLOBAL_SILVER_MINERS"": 1.0}","{""GLOBAL_SILVER_MINERS"": 1.0}",1.0,4,STRONG,1.0,1.0,0.0,PLANNED,2026-01-26,"HISTORICAL UK RETAIL, ISA, ACCOUNT AND BROKER ELIGIBILITY REMAIN PARTLY UNRESOLVED"
REGIME_GRADUAL_HOSTILE25_WEEKLY,WEEKLY,2026-01-30,GLOBAL_SILVER_MINERS,EXTENDED,,"{""GLOBAL_SILVER_MINERS"": 1.0}","{""GLOBAL_SILVER_MINERS"": 0.75}",1.0,3,MATURE,0.75,0.75,0.25,PLANNED,2026-02-02,"HISTORICAL UK RETAIL, ISA, ACCOUNT AND BROKER ELIGIBILITY REMAIN PARTLY UNRESOLVED"
REGIME_GRADUAL_HOSTILE25_WEEKLY,WEEKLY,2026-02-06,GLOBAL_SILVER_MINERS,EXTENDED,,"{""GLOBAL_SILVER_MINERS"": 1.0}","{""GLOBAL_SILVER_MINERS"": 0.75}",1.0,3,MATURE,0.75,0.75,0.25,NO_TARGET_CHANGE,,"HISTORICAL UK RETAIL, ISA, ACCOUNT AND BROKER ELIGIBILITY REMAIN PARTLY UNRESOLVED"
REGIME_GRADUAL_HOSTILE25_WEEKLY,WEEKLY,2026-02-13,GLOBAL_SILVER_MINERS,EXTENDED,,"{""GLOBAL_SILVER_MINERS"": 1.0}","{""GLOBAL_SILVER_MINERS"": 0.75}",1.0,3,MATURE,0.75,0.75,0.25,NO_TARGET_CHANGE,,"HISTORICAL UK RETAIL, ISA, ACCOUNT AND BROKER ELIGIBILITY REMAIN PARTLY UNRESOLVED"
REGIME_GRADUAL_HOSTILE25_WEEKLY,WEEKLY,2026-02-20,GLOBAL_SILVER_MINERS,WEAKENING,,"{""GLOBAL_SILVER_MINERS"": 1.0}","{""GLOBAL_SILVER_MINERS"": 0.75}",1.0,3,MATURE,0.75,0.75,0.25,NO_TARGET_CHANGE,,"HISTORICAL UK RETAIL, ISA, ACCOUNT AND BROKER ELIGIBILITY REMAIN PARTLY UNRESOLVED"
REGIME_GRADUAL_HOSTILE25_WEEKLY,WEEKLY,2026-02-27,GLOBAL_SILVER_MINERS,EXTENDED,,"{""GLOBAL_SILVER_MINERS"": 1.0}","{""GLOBAL_SILVER_MINERS"": 0.75}",1.0,3,MATURE,0.75,0.75,0.25,NO_TARGET_CHANGE,,"HISTORICAL UK RETAIL, ISA, ACCOUNT AND BROKER ELIGIBILITY REMAIN PARTLY UNRESOLVED"
REGIME_GRADUAL_HOSTILE25_WEEKLY,WEEKLY,2026-03-06,GLOBAL_SILVER_MINERS,EXTENDED,,"{""GLOBAL_SILVER_MINERS"": 1.0}","{""GLOBAL_SILVER_MINERS"": 1.0}",1.0,4,STRONG,1.0,1.0,0.0,PLANNED,2026-03-09,"HISTORICAL UK RETAIL, ISA, ACCOUNT AND BROKER ELIGIBILITY REMAIN PARTLY UNRESOLVED"
REGIME_GRADUAL_HOSTILE25_WEEKLY,WEEKLY,2026-03-13,GLOBAL_SILVER_MINERS,WEAKENING,,"{""GLOBAL_SILVER_MINERS"": 1.0}","{""GLOBAL_SILVER_MINERS"": 1.0}",1.0,4,STRONG,1.0,1.0,0.0,NO_TARGET_CHANGE,,"HISTORICAL UK RETAIL, ISA, ACCOUNT AND BROKER ELIGIBILITY REMAIN PARTLY UNRESOLVED"
REGIME_GRADUAL_HOSTILE25_WEEKLY,WEEKLY,2026-03-20,GLOBAL_SILVER_MINERS,FAILED,,"{""GLOBAL_SILVER_MINERS"": 1.0}","{""GLOBAL_SILVER_MINERS"": 1.0}",1.0,4,STRONG,1.0,1.0,0.0,NO_TARGET_CHANGE,,"HISTORICAL UK RETAIL, ISA, ACCOUNT AND BROKER ELIGIBILITY REMAIN PARTLY UNRESOLVED"
REGIME_GRADUAL_HOSTILE25_WEEKLY,WEEKLY,2026-03-27,GLOBAL_SILVER_MINERS,FAILED,,"{""GLOBAL_SILVER_MINERS"": 1.0}","{""GLOBAL_SILVER_MINERS"": 0.75}",1.0,3,MATURE,0.75,0.75,0.25,PLANNED,2026-03-30,"HISTORICAL UK RETAIL, ISA, ACCOUNT AND BROKER ELIGIBILITY REMAIN PARTLY UNRESOLVED"
REGIME_GRADUAL_HOSTILE25_WEEKLY,WEEKLY,2026-03-31,GLOBAL_OIL_GAS,EXTENDED,,"{""GLOBAL_OIL_GAS"": 1.0}","{""GLOBAL_OIL_GAS"": 0.75}",1.0,3,MATURE,0.75,0.75,0.25,PLANNED,2026-04-01,"HISTORICAL UK RETAIL, ISA, ACCOUNT AND BROKER ELIGIBILITY REMAIN PARTLY UNRESOLVED"
REGIME_GRADUAL_HOSTILE25_WEEKLY,WEEKLY,2026-04-02,GLOBAL_OIL_GAS,CONFIRMING,,"{""GLOBAL_OIL_GAS"": 1.0}","{""GLOBAL_OIL_GAS"": 1.0}",1.0,4,STRONG,1.0,1.0,0.0,PLANNED,2026-04-07,"HISTORICAL UK RETAIL, ISA, ACCOUNT AND BROKER ELIGIBILITY REMAIN PARTLY UNRESOLVED"
REGIME_GRADUAL_HOSTILE25_WEEKLY,WEEKLY,2026-04-10,GLOBAL_OIL_GAS,CONFIRMING,,"{""GLOBAL_OIL_GAS"": 1.0}","{""GLOBAL_OIL_GAS"": 1.0}",1.0,4,STRONG,1.0,1.0,0.0,NO_TARGET_CHANGE,,"HISTORICAL UK RETAIL, ISA, ACCOUNT AND BROKER ELIGIBILITY REMAIN PARTLY UNRESOLVED"
REGIME_GRADUAL_HOSTILE25_WEEKLY,WEEKLY,2026-04-17,GLOBAL_OIL_GAS,OTHER,,"{""GLOBAL_OIL_GAS"": 1.0}","{""GLOBAL_OIL_GAS"": 0.75}",1.0,3,MATURE,0.75,0.75,0.25,PLANNED,2026-04-20,"HISTORICAL UK RETAIL, ISA, ACCOUNT AND BROKER ELIGIBILITY REMAIN PARTLY UNRESOLVED"
REGIME_GRADUAL_HOSTILE25_WEEKLY,WEEKLY,2026-04-24,GLOBAL_OIL_GAS,WEAKENING,,"{""GLOBAL_OIL_GAS"": 1.0}","{""GLOBAL_OIL_GAS"": 1.0}",1.0,4,STRONG,1.0,1.0,0.0,PLANNED,2026-04-27,"HISTORICAL UK RETAIL, ISA, ACCOUNT AND BROKER ELIGIBILITY REMAIN PARTLY UNRESOLVED"
REGIME_GRADUAL_HOSTILE25_WEEKLY,WEEKLY,2026-04-30,GLOBAL_SEMICONDUCTORS,EXTENDED,,"{""GLOBAL_SEMICONDUCTORS"": 1.0}","{""GLOBAL_SEMICONDUCTORS"": 1.0}",1.0,4,STRONG,1.0,1.0,0.0,PLANNED,2026-05-01,"HISTORICAL UK RETAIL, ISA, ACCOUNT AND BROKER ELIGIBILITY REMAIN PARTLY UNRESOLVED"
REGIME_GRADUAL_HOSTILE25_WEEKLY,WEEKLY,2026-05-01,GLOBAL_SEMICONDUCTORS,EXTENDED,,"{""GLOBAL_SEMICONDUCTORS"": 1.0}","{""GLOBAL_SEMICONDUCTORS"": 1.0}",1.0,5,STRONG,1.0,1.0,0.0,NO_TARGET_CHANGE,,"HISTORICAL UK RETAIL, ISA, ACCOUNT AND BROKER ELIGIBILITY REMAIN PARTLY UNRESOLVED"
REGIME_GRADUAL_HOSTILE25_WEEKLY,WEEKLY,2026-05-08,GLOBAL_SEMICONDUCTORS,EXTENDED,,"{""GLOBAL_SEMICONDUCTORS"": 1.0}","{""GLOBAL_SEMICONDUCTORS"": 1.0}",1.0,5,STRONG,1.0,1.0,0.0,NO_TARGET_CHANGE,,"HISTORICAL UK RETAIL, ISA, ACCOUNT AND BROKER ELIGIBILITY REMAIN PARTLY UNRESOLVED"
REGIME_GRADUAL_HOSTILE25_WEEKLY,WEEKLY,2026-05-15,GLOBAL_SEMICONDUCTORS,EXTENDED,,"{""GLOBAL_SEMICONDUCTORS"": 1.0}","{""GLOBAL_SEMICONDUCTORS"": 0.75}",1.0,4,MATURE,0.75,0.75,0.25,PLANNED,2026-05-18,"HISTORICAL UK RETAIL, ISA, ACCOUNT AND BROKER ELIGIBILITY REMAIN PARTLY UNRESOLVED"
REGIME_GRADUAL_HOSTILE25_WEEKLY,WEEKLY,2026-05-22,GLOBAL_SEMICONDUCTORS,EXTENDED,,"{""GLOBAL_SEMICONDUCTORS"": 1.0}","{""GLOBAL_SEMICONDUCTORS"": 0.5}",1.0,3,DETERIORATING,0.5,0.5,0.5,PLANNED,2026-05-26,"HISTORICAL UK RETAIL, ISA, ACCOUNT AND BROKER ELIGIBILITY REMAIN PARTLY UNRESOLVED"
REGIME_GRADUAL_HOSTILE25_WEEKLY,WEEKLY,2026-05-29,GLOBAL_SEMICONDUCTORS,EXTENDED,,"{""GLOBAL_SEMICONDUCTORS"": 1.0}","{""GLOBAL_SEMICONDUCTORS"": 0.75}",1.0,4,MATURE,0.75,0.75,0.25,PLANNED,2026-06-01,"HISTORICAL UK RETAIL, ISA, ACCOUNT AND BROKER ELIGIBILITY REMAIN PARTLY UNRESOLVED"
REGIME_GRADUAL_HOSTILE25_WEEKLY,WEEKLY,2026-06-05,GLOBAL_SEMICONDUCTORS,EXTENDED,,"{""GLOBAL_SEMICONDUCTORS"": 1.0}","{""GLOBAL_SEMICONDUCTORS"": 0.5}",1.0,3,DETERIORATING,0.5,0.5,0.5,PLANNED,2026-06-08,"HISTORICAL UK RETAIL, ISA, ACCOUNT AND BROKER ELIGIBILITY REMAIN PARTLY UNRESOLVED"
REGIME_GRADUAL_HOSTILE25_WEEKLY,WEEKLY,2026-06-12,GLOBAL_SEMICONDUCTORS,EXTENDED,,"{""GLOBAL_SEMICONDUCTORS"": 1.0}","{""GLOBAL_SEMICONDUCTORS"": 0.75}",1.0,4,MATURE,0.75,0.75,0.25,PLANNED,2026-06-15,"HISTORICAL UK RETAIL, ISA, ACCOUNT AND BROKER ELIGIBILITY REMAIN PARTLY UNRESOLVED"
REGIME_GRADUAL_HOSTILE25_WEEKLY,WEEKLY,2026-06-19,GLOBAL_SEMICONDUCTORS,EXTENDED,,"{""GLOBAL_SEMICONDUCTORS"": 1.0}","{""GLOBAL_SEMICONDUCTORS"": 0.5}",1.0,3,DETERIORATING,0.5,0.5,0.5,PLANNED,2026-06-22,"HISTORICAL UK RETAIL, ISA, ACCOUNT AND BROKER ELIGIBILITY REMAIN PARTLY UNRESOLVED"
REGIME_GRADUAL_HOSTILE25_WEEKLY,WEEKLY,2026-06-26,GLOBAL_SEMICONDUCTORS,EXTENDED,,"{""GLOBAL_SEMICONDUCTORS"": 1.0}","{""GLOBAL_SEMICONDUCTORS"": 0.5}",1.0,3,DETERIORATING,0.5,0.5,0.5,NO_TARGET_CHANGE,,"HISTORICAL UK RETAIL, ISA, ACCOUNT AND BROKER ELIGIBILITY REMAIN PARTLY UNRESOLVED"
REGIME_GRADUAL_HOSTILE25_WEEKLY,WEEKLY,2026-06-30,GLOBAL_SEMICONDUCTORS,EXTENDED,,"{""GLOBAL_SEMICONDUCTORS"": 1.0}","{""GLOBAL_SEMICONDUCTORS"": 0.5}",1.0,3,DETERIORATING,0.5,0.5,0.5,NO_TARGET_CHANGE,,"HISTORICAL UK RETAIL, ISA, ACCOUNT AND BROKER ELIGIBILITY REMAIN PARTLY UNRESOLVED"
REGIME_GRADUAL_HOSTILE25_WEEKLY,WEEKLY,2026-07-03,GLOBAL_SEMICONDUCTORS,EXTENDED,,"{""GLOBAL_SEMICONDUCTORS"": 1.0}","{""GLOBAL_SEMICONDUCTORS"": 0.5}",1.0,3,DETERIORATING,0.5,0.5,0.5,NO_TARGET_CHANGE,,"HISTORICAL UK RETAIL, ISA, ACCOUNT AND BROKER ELIGIBILITY REMAIN PARTLY UNRESOLVED"
REGIME_GRADUAL_HOSTILE25_WEEKLY,WEEKLY,2026-07-10,GLOBAL_SEMICONDUCTORS,EXTENDED,,"{""GLOBAL_SEMICONDUCTORS"": 1.0}","{""GLOBAL_SEMICONDUCTORS"": 0.75}",1.0,3,MATURE,0.75,0.75,0.25,PLANNED,2026-07-13,"HISTORICAL UK RETAIL, ISA, ACCOUNT AND BROKER ELIGIBILITY REMAIN PARTLY UNRESOLVED"
REGIME_GRADUAL_HOSTILE25_WEEKLY,WEEKLY,2026-07-17,GLOBAL_SEMICONDUCTORS,WEAKENING,,"{""GLOBAL_SEMICONDUCTORS"": 1.0}","{""GLOBAL_SEMICONDUCTORS"": 0.5}",1.0,2,DETERIORATING,0.5,0.5,0.5,PLANNED,2026-07-20,"HISTORICAL UK RETAIL, ISA, ACCOUNT AND BROKER ELIGIBILITY REMAIN PARTLY UNRESOLVED"
REGIME_GRADUAL_HOSTILE25_WEEKLY,WEEKLY,2026-07-24,GLOBAL_SEMICONDUCTORS,WEAKENING,,"{""GLOBAL_SEMICONDUCTORS"": 1.0}","{""GLOBAL_SEMICONDUCTORS"": 0.75}",1.0,3,MATURE,0.75,0.75,0.25,PLANNED,2026-07-27,"HISTORICAL UK RETAIL, ISA, ACCOUNT AND BROKER ELIGIBILITY REMAIN PARTLY UNRESOLVED"
REGIME_GRADUAL_HOSTILE25_WEEKLY,WEEKLY,2026-07-31,GLOBAL_SEMICONDUCTORS,WEAKENING,,"{""GLOBAL_SEMICONDUCTORS"": 1.0}","{""GLOBAL_SEMICONDUCTORS"": 1.0}",1.0,5,STRONG,1.0,1.0,0.0,PLANNED,2026-08-03,"HISTORICAL UK RETAIL, ISA, ACCOUNT AND BROKER ELIGIBILITY REMAIN PARTLY UNRESOLVED"
REGIME_GRADUAL_HOSTILE25_WEEKLY,WEEKLY,2026-08-07,GLOBAL_SEMICONDUCTORS,FAILED,,"{""GLOBAL_SEMICONDUCTORS"": 1.0}","{""GLOBAL_SEMICONDUCTORS"": 0.5}",1.0,3,DETERIORATING,0.5,0.5,0.5,PLANNED,2026-08-10,"HISTORICAL UK RETAIL, ISA, ACCOUNT AND BROKER ELIGIBILITY REMAIN PARTLY UNRESOLVED"
REGIME_GRADUAL_HOSTILE25_WEEKLY,WEEKLY,2026-08-14,GLOBAL_SEMICONDUCTORS,WEAKENING,,"{""GLOBAL_SEMICONDUCTORS"": 1.0}","{""GLOBAL_SEMICONDUCTORS"": 0.5}",1.0,3,DETERIORATING,0.5,0.5,0.5,NO_TARGET_CHANGE,,"HISTORICAL UK RETAIL, ISA, ACCOUNT AND BROKER ELIGIBILITY REMAIN PARTLY UNRESOLVED"
REGIME_GRADUAL_HOSTILE25_WEEKLY,WEEKLY,2026-08-21,GLOBAL_GENOMICS,EXTENDED,,"{""GLOBAL_GENOMICS"": 1.0}","{""GLOBAL_GENOMICS"": 0.5}",1.0,3,DETERIORATING,0.5,0.5,0.5,CANCELLED_PANEL_END_NO_EXECUTION_SESSION,,"HISTORICAL UK RETAIL, ISA, ACCOUNT AND BROKER ELIGIBILITY REMAIN PARTLY UNRESOLVED"
REGIME_BINARY_MONTHLY,MONTHLY_ONLY,2021-08-31,GLOBAL_CYBERSECURITY,ESTABLISHED,,"{""GLOBAL_CYBERSECURITY"": 1.0}","{""GLOBAL_CYBERSECURITY"": 1.0}",1.0,3,MATURE,1.0,1.0,0.0,PLANNED,2021-09-01,"HISTORICAL UK RETAIL, ISA, ACCOUNT AND BROKER ELIGIBILITY REMAIN PARTLY UNRESOLVED"
REGIME_BINARY_MONTHLY,MONTHLY_ONLY,2021-09-30,GLOBAL_OIL_GAS,ESTABLISHED,,"{""GLOBAL_OIL_GAS"": 1.0}","{""GLOBAL_OIL_GAS"": 1.0}",1.0,3,MATURE,1.0,1.0,0.0,PLANNED,2021-10-01,"HISTORICAL UK RETAIL, ISA, ACCOUNT AND BROKER ELIGIBILITY REMAIN PARTLY UNRESOLVED"
REGIME_BINARY_MONTHLY,MONTHLY_ONLY,2021-10-29,GLOBAL_OIL_GAS,EXTENDED,,"{""GLOBAL_OIL_GAS"": 1.0}","{""GLOBAL_OIL_GAS"": 1.0}",1.0,3,DETERIORATING,1.0,1.0,0.0,NO_TARGET_CHANGE,,"HISTORICAL UK RETAIL, ISA, ACCOUNT AND BROKER ELIGIBILITY REMAIN PARTLY UNRESOLVED"
REGIME_BINARY_MONTHLY,MONTHLY_ONLY,2021-11-30,GLOBAL_SEMICONDUCTORS,EXTENDED,,"{""GLOBAL_SEMICONDUCTORS"": 1.0}","{""GLOBAL_SEMICONDUCTORS"": 1.0}",1.0,2,DETERIORATING,1.0,1.0,0.0,PLANNED,2021-12-01,"HISTORICAL UK RETAIL, ISA, ACCOUNT AND BROKER ELIGIBILITY REMAIN PARTLY UNRESOLVED"
REGIME_BINARY_MONTHLY,MONTHLY_ONLY,2021-12-31,GLOBAL_SEMICONDUCTORS,EXTENDED,,"{""GLOBAL_SEMICONDUCTORS"": 1.0}","{""GLOBAL_SEMICONDUCTORS"": 1.0}",1.0,2,POSITIVE,1.0,1.0,0.0,NO_TARGET_CHANGE,,"HISTORICAL UK RETAIL, ISA, ACCOUNT AND BROKER ELIGIBILITY REMAIN PARTLY UNRESOLVED"
REGIME_BINARY_MONTHLY,MONTHLY_ONLY,2022-01-31,GLOBAL_OIL_GAS,EXTENDED,,"{""GLOBAL_OIL_GAS"": 1.0}",{},1.0,2,HOSTILE,0.0,0.0,1.0,PLANNED,2022-02-01,"HISTORICAL UK RETAIL, ISA, ACCOUNT AND BROKER ELIGIBILITY REMAIN PARTLY UNRESOLVED"
REGIME_BINARY_MONTHLY,MONTHLY_ONLY,2022-02-28,GLOBAL_OIL_GAS,EXTENDED,,"{""GLOBAL_OIL_GAS"": 1.0}",{},1.0,2,HOSTILE,0.0,0.0,1.0,NO_TARGET_CHANGE,,"HISTORICAL UK RETAIL, ISA, ACCOUNT AND BROKER ELIGIBILITY REMAIN PARTLY UNRESOLVED"
REGIME_BINARY_MONTHLY,MONTHLY_ONLY,2022-03-31,GLOBAL_OIL_GAS,EXTENDED,,"{""GLOBAL_OIL_GAS"": 1.0}","{""GLOBAL_OIL_GAS"": 1.0}",1.0,3,MATURE,1.0,1.0,0.0,PLANNED,2022-04-01,"HISTORICAL UK RETAIL, ISA, ACCOUNT AND BROKER ELIGIBILITY REMAIN PARTLY UNRESOLVED"
REGIME_BINARY_MONTHLY,MONTHLY_ONLY,2022-04-29,GLOBAL_OIL_GAS,EXTENDED,,"{""GLOBAL_OIL_GAS"": 1.0}",{},1.0,2,HOSTILE,0.0,0.0,1.0,PLANNED,2022-05-03,"HISTORICAL UK RETAIL, ISA, ACCOUNT AND BROKER ELIGIBILITY REMAIN PARTLY UNRESOLVED"
REGIME_BINARY_MONTHLY,MONTHLY_ONLY,2022-05-31,GLOBAL_OIL_GAS,EXTENDED,,"{""GLOBAL_OIL_GAS"": 1.0}",{},1.0,1,HOSTILE,0.0,0.0,1.0,NO_TARGET_CHANGE,,"HISTORICAL UK RETAIL, ISA, ACCOUNT AND BROKER ELIGIBILITY REMAIN PARTLY UNRESOLVED"
REGIME_BINARY_MONTHLY,MONTHLY_ONLY,2022-06-30,GLOBAL_OIL_GAS,WEAKENING,,"{""GLOBAL_OIL_GAS"": 1.0}",{},1.0,0,HOSTILE,0.0,0.0,1.0,NO_TARGET_CHANGE,,"HISTORICAL UK RETAIL, ISA, ACCOUNT AND BROKER ELIGIBILITY REMAIN PARTLY UNRESOLVED"
REGIME_BINARY_MONTHLY,MONTHLY_ONLY,2022-07-29,GLOBAL_OIL_GAS,WEAKENING,,"{""GLOBAL_OIL_GAS"": 1.0}","{""GLOBAL_OIL_GAS"": 1.0}",1.0,3,POSITIVE,1.0,1.0,0.0,PLANNED,2022-08-01,"HISTORICAL UK RETAIL, ISA, ACCOUNT AND BROKER ELIGIBILITY REMAIN PARTLY UNRESOLVED"
REGIME_BINARY_MONTHLY,MONTHLY_ONLY,2022-08-31,GLOBAL_INFRASTRUCTURE,WEAKENING,,"{""GLOBAL_INFRASTRUCTURE"": 1.0}","{""GLOBAL_INFRASTRUCTURE"": 1.0}",1.0,4,STRONG,1.0,1.0,0.0,PLANNED,2022-09-01,"HISTORICAL UK RETAIL, ISA, ACCOUNT AND BROKER ELIGIBILITY REMAIN PARTLY UNRESOLVED"
REGIME_BINARY_MONTHLY,MONTHLY_ONLY,2022-09-30,GLOBAL_OIL_GAS,ESTABLISHED,,"{""GLOBAL_OIL_GAS"": 1.0}",{},1.0,2,HOSTILE,0.0,0.0,1.0,PLANNED,2022-10-03,"HISTORICAL UK RETAIL, ISA, ACCOUNT AND BROKER ELIGIBILITY REMAIN PARTLY UNRESOLVED"
REGIME_BINARY_MONTHLY,MONTHLY_ONLY,2022-10-31,GLOBAL_OIL_GAS,EXTENDED,,"{""GLOBAL_OIL_GAS"": 1.0}",{},1.0,3,HOSTILE,0.0,0.0,1.0,NO_TARGET_CHANGE,,"HISTORICAL UK RETAIL, ISA, ACCOUNT AND BROKER ELIGIBILITY REMAIN PARTLY UNRESOLVED"
REGIME_BINARY_MONTHLY,MONTHLY_ONLY,2022-11-30,EUROPE_BANKS,EXTENDED,,"{""EUROPE_BANKS"": 1.0}","{""EUROPE_BANKS"": 1.0}",1.0,4,STRONG,1.0,1.0,0.0,PLANNED,2022-12-01,"HISTORICAL UK RETAIL, ISA, ACCOUNT AND BROKER ELIGIBILITY REMAIN PARTLY UNRESOLVED"
REGIME_BINARY_MONTHLY,MONTHLY_ONLY,2022-12-30,EUROPE_BANKS,EXTENDED,,"{""EUROPE_BANKS"": 1.0}","{""EUROPE_BANKS"": 1.0}",1.0,3,MATURE,1.0,1.0,0.0,NO_TARGET_CHANGE,,"HISTORICAL UK RETAIL, ISA, ACCOUNT AND BROKER ELIGIBILITY REMAIN PARTLY UNRESOLVED"
REGIME_BINARY_MONTHLY,MONTHLY_ONLY,2023-01-31,EUROPE_BANKS,EXTENDED,,"{""EUROPE_BANKS"": 1.0}","{""EUROPE_BANKS"": 1.0}",1.0,5,STRONG,1.0,1.0,0.0,NO_TARGET_CHANGE,,"HISTORICAL UK RETAIL, ISA, ACCOUNT AND BROKER ELIGIBILITY REMAIN PARTLY UNRESOLVED"
REGIME_BINARY_MONTHLY,MONTHLY_ONLY,2023-02-28,EUROPE_BANKS,EXTENDED,,"{""EUROPE_BANKS"": 1.0}","{""EUROPE_BANKS"": 1.0}",1.0,3,DETERIORATING,1.0,1.0,0.0,NO_TARGET_CHANGE,,"HISTORICAL UK RETAIL, ISA, ACCOUNT AND BROKER ELIGIBILITY REMAIN PARTLY UNRESOLVED"
REGIME_BINARY_MONTHLY,MONTHLY_ONLY,2023-03-31,GLOBAL_SEMICONDUCTORS,EXTENDED,,"{""GLOBAL_SEMICONDUCTORS"": 1.0}","{""GLOBAL_SEMICONDUCTORS"": 1.0}",1.0,3,MATURE,1.0,1.0,0.0,PLANNED,2023-04-03,"HISTORICAL UK RETAIL, ISA, ACCOUNT AND BROKER ELIGIBILITY REMAIN PARTLY UNRESOLVED"
REGIME_BINARY_MONTHLY,MONTHLY_ONLY,2023-04-28,GLOBAL_SEMICONDUCTORS,WEAKENING,,"{""GLOBAL_SEMICONDUCTORS"": 1.0}","{""GLOBAL_SEMICONDUCTORS"": 1.0}",1.0,2,DETERIORATING,1.0,1.0,0.0,NO_TARGET_CHANGE,,"HISTORICAL UK RETAIL, ISA, ACCOUNT AND BROKER ELIGIBILITY REMAIN PARTLY UNRESOLVED"
REGIME_BINARY_MONTHLY,MONTHLY_ONLY,2023-05-31,GLOBAL_SEMICONDUCTORS,EXTENDED,,"{""GLOBAL_SEMICONDUCTORS"": 1.0}","{""GLOBAL_SEMICONDUCTORS"": 1.0}",1.0,1,POSITIVE,1.0,1.0,0.0,NO_TARGET_CHANGE,,"HISTORICAL UK RETAIL, ISA, ACCOUNT AND BROKER ELIGIBILITY REMAIN PARTLY UNRESOLVED"
REGIME_BINARY_MONTHLY,MONTHLY_ONLY,2023-06-30,GLOBAL_SEMICONDUCTORS,EXTENDED,,"{""GLOBAL_SEMICONDUCTORS"": 1.0}","{""GLOBAL_SEMICONDUCTORS"": 1.0}",1.0,2,POSITIVE,1.0,1.0,0.0,NO_TARGET_CHANGE,,"HISTORICAL UK RETAIL, ISA, ACCOUNT AND BROKER ELIGIBILITY REMAIN PARTLY UNRESOLVED"
REGIME_BINARY_MONTHLY,MONTHLY_ONLY,2023-07-31,GLOBAL_SEMICONDUCTORS,WEAKENING,,"{""GLOBAL_SEMICONDUCTORS"": 1.0}","{""GLOBAL_SEMICONDUCTORS"": 1.0}",1.0,4,STRONG,1.0,1.0,0.0,NO_TARGET_CHANGE,,"HISTORICAL UK RETAIL, ISA, ACCOUNT AND BROKER ELIGIBILITY REMAIN PARTLY UNRESOLVED"
REGIME_BINARY_MONTHLY,MONTHLY_ONLY,2023-08-31,GLOBAL_SEMICONDUCTORS,WEAKENING,,"{""GLOBAL_SEMICONDUCTORS"": 1.0}","{""GLOBAL_SEMICONDUCTORS"": 1.0}",1.0,4,STRONG,1.0,1.0,0.0,NO_TARGET_CHANGE,,"HISTORICAL UK RETAIL, ISA, ACCOUNT AND BROKER ELIGIBILITY REMAIN PARTLY UNRESOLVED"
REGIME_BINARY_MONTHLY,MONTHLY_ONLY,2023-09-29,GLOBAL_URANIUM_NUCLEAR,EXTENDED,,"{""GLOBAL_URANIUM_NUCLEAR"": 1.0}","{""GLOBAL_URANIUM_NUCLEAR"": 1.0}",1.0,4,STRONG,1.0,1.0,0.0,PLANNED,2023-10-02,"HISTORICAL UK RETAIL, ISA, ACCOUNT AND BROKER ELIGIBILITY REMAIN PARTLY UNRESOLVED"
REGIME_BINARY_MONTHLY,MONTHLY_ONLY,2023-10-31,GLOBAL_URANIUM_NUCLEAR,EXTENDED,,"{""GLOBAL_URANIUM_NUCLEAR"": 1.0}","{""GLOBAL_URANIUM_NUCLEAR"": 1.0}",1.0,2,DETERIORATING,1.0,1.0,0.0,NO_TARGET_CHANGE,,"HISTORICAL UK RETAIL, ISA, ACCOUNT AND BROKER ELIGIBILITY REMAIN PARTLY UNRESOLVED"
REGIME_BINARY_MONTHLY,MONTHLY_ONLY,2023-11-30,GLOBAL_URANIUM_NUCLEAR,WEAKENING,,"{""GLOBAL_URANIUM_NUCLEAR"": 1.0}","{""GLOBAL_URANIUM_NUCLEAR"": 1.0}",1.0,4,STRONG,1.0,1.0,0.0,NO_TARGET_CHANGE,,"HISTORICAL UK RETAIL, ISA, ACCOUNT AND BROKER ELIGIBILITY REMAIN PARTLY UNRESOLVED"
REGIME_BINARY_MONTHLY,MONTHLY_ONLY,2023-12-29,GLOBAL_AI,EXTENDED,,"{""GLOBAL_AI"": 1.0}","{""GLOBAL_AI"": 1.0}",1.0,2,DETERIORATING,1.0,1.0,0.0,PLANNED,2024-01-02,"HISTORICAL UK RETAIL, ISA, ACCOUNT AND BROKER ELIGIBILITY REMAIN PARTLY UNRESOLVED"
REGIME_BINARY_MONTHLY,MONTHLY_ONLY,2024-01-31,GLOBAL_SEMICONDUCTORS,EXTENDED,,"{""GLOBAL_SEMICONDUCTORS"": 1.0}","{""GLOBAL_SEMICONDUCTORS"": 1.0}",1.0,3,POSITIVE,1.0,1.0,0.0,PLANNED,2024-02-01,"HISTORICAL UK RETAIL, ISA, ACCOUNT AND BROKER ELIGIBILITY REMAIN PARTLY UNRESOLVED"
REGIME_BINARY_MONTHLY,MONTHLY_ONLY,2024-02-29,GLOBAL_SEMICONDUCTORS,EXTENDED,,"{""GLOBAL_SEMICONDUCTORS"": 1.0}","{""GLOBAL_SEMICONDUCTORS"": 1.0}",1.0,2,POSITIVE,1.0,1.0,0.0,NO_TARGET_CHANGE,,"HISTORICAL UK RETAIL, ISA, ACCOUNT AND BROKER ELIGIBILITY REMAIN PARTLY UNRESOLVED"
REGIME_BINARY_MONTHLY,MONTHLY_ONLY,2024-03-28,GLOBAL_SEMICONDUCTORS,EXTENDED,,"{""GLOBAL_SEMICONDUCTORS"": 1.0}","{""GLOBAL_SEMICONDUCTORS"": 1.0}",1.0,2,POSITIVE,1.0,1.0,0.0,NO_TARGET_CHANGE,,"HISTORICAL UK RETAIL, ISA, ACCOUNT AND BROKER ELIGIBILITY REMAIN PARTLY UNRESOLVED"
REGIME_BINARY_MONTHLY,MONTHLY_ONLY,2024-04-30,EUROPE_BANKS,EXTENDED,,"{""EUROPE_BANKS"": 1.0}","{""EUROPE_BANKS"": 1.0}",1.0,5,STRONG,1.0,1.0,0.0,PLANNED,2024-05-01,"HISTORICAL UK RETAIL, ISA, ACCOUNT AND BROKER ELIGIBILITY REMAIN PARTLY UNRESOLVED"
REGIME_BINARY_MONTHLY,MONTHLY_ONLY,2024-05-31,EUROPE_BANKS,EXTENDED,,"{""EUROPE_BANKS"": 1.0}","{""EUROPE_BANKS"": 1.0}",1.0,4,MATURE,1.0,1.0,0.0,NO_TARGET_CHANGE,,"HISTORICAL UK RETAIL, ISA, ACCOUNT AND BROKER ELIGIBILITY REMAIN PARTLY UNRESOLVED"
REGIME_BINARY_MONTHLY,MONTHLY_ONLY,2024-06-28,GLOBAL_SEMICONDUCTORS,ESTABLISHED,,"{""GLOBAL_SEMICONDUCTORS"": 1.0}","{""GLOBAL_SEMICONDUCTORS"": 1.0}",1.0,1,DETERIORATING,1.0,1.0,0.0,PLANNED,2024-07-01,"HISTORICAL UK RETAIL, ISA, ACCOUNT AND BROKER ELIGIBILITY REMAIN PARTLY UNRESOLVED"
REGIME_BINARY_MONTHLY,MONTHLY_ONLY,2024-07-31,GLOBAL_GOLD_MINERS,ESTABLISHED,,"{""GLOBAL_GOLD_MINERS"": 1.0}","{""GLOBAL_GOLD_MINERS"": 1.0}",1.0,3,MATURE,1.0,1.0,0.0,PLANNED,2024-08-01,"HISTORICAL UK RETAIL, ISA, ACCOUNT AND BROKER ELIGIBILITY REMAIN PARTLY UNRESOLVED"
REGIME_BINARY_MONTHLY,MONTHLY_ONLY,2024-08-30,GLOBAL_GOLD_MINERS,ESTABLISHED,,"{""GLOBAL_GOLD_MINERS"": 1.0}","{""GLOBAL_GOLD_MINERS"": 1.0}",1.0,2,POSITIVE,1.0,1.0,0.0,NO_TARGET_CHANGE,,"HISTORICAL UK RETAIL, ISA, ACCOUNT AND BROKER ELIGIBILITY REMAIN PARTLY UNRESOLVED"
REGIME_BINARY_MONTHLY,MONTHLY_ONLY,2024-09-30,GLOBAL_GOLD_MINERS,WEAKENING,,"{""GLOBAL_GOLD_MINERS"": 1.0}","{""GLOBAL_GOLD_MINERS"": 1.0}",1.0,4,STRONG,1.0,1.0,0.0,NO_TARGET_CHANGE,,"HISTORICAL UK RETAIL, ISA, ACCOUNT AND BROKER ELIGIBILITY REMAIN PARTLY UNRESOLVED"
REGIME_BINARY_MONTHLY,MONTHLY_ONLY,2024-10-31,GLOBAL_GOLD_MINERS,ESTABLISHED,,"{""GLOBAL_GOLD_MINERS"": 1.0}","{""GLOBAL_GOLD_MINERS"": 1.0}",1.0,2,DETERIORATING,1.0,1.0,0.0,NO_TARGET_CHANGE,,"HISTORICAL UK RETAIL, ISA, ACCOUNT AND BROKER ELIGIBILITY REMAIN PARTLY UNRESOLVED"
REGIME_BINARY_MONTHLY,MONTHLY_ONLY,2024-11-29,GLOBAL_SOFTWARE,EXTENDED,,"{""GLOBAL_SOFTWARE"": 1.0}","{""GLOBAL_SOFTWARE"": 1.0}",1.0,3,MATURE,1.0,1.0,0.0,PLANNED,2024-12-02,"HISTORICAL UK RETAIL, ISA, ACCOUNT AND BROKER ELIGIBILITY REMAIN PARTLY UNRESOLVED"
REGIME_BINARY_MONTHLY,MONTHLY_ONLY,2024-12-31,GLOBAL_SOFTWARE,EXTENDED,,"{""GLOBAL_SOFTWARE"": 1.0}","{""GLOBAL_SOFTWARE"": 1.0}",1.0,2,DETERIORATING,1.0,1.0,0.0,NO_TARGET_CHANGE,,"HISTORICAL UK RETAIL, ISA, ACCOUNT AND BROKER ELIGIBILITY REMAIN PARTLY UNRESOLVED"
REGIME_BINARY_MONTHLY,MONTHLY_ONLY,2025-01-31,GLOBAL_SOFTWARE,WEAKENING,,"{""GLOBAL_SOFTWARE"": 1.0}","{""GLOBAL_SOFTWARE"": 1.0}",1.0,2,POSITIVE,1.0,1.0,0.0,NO_TARGET_CHANGE,,"HISTORICAL UK RETAIL, ISA, ACCOUNT AND BROKER ELIGIBILITY REMAIN PARTLY UNRESOLVED"
REGIME_BINARY_MONTHLY,MONTHLY_ONLY,2025-02-28,EUROPE_BANKS,EXTENDED,,"{""EUROPE_BANKS"": 1.0}","{""EUROPE_BANKS"": 1.0}",1.0,4,STRONG,1.0,1.0,0.0,PLANNED,2025-03-03,"HISTORICAL UK RETAIL, ISA, ACCOUNT AND BROKER ELIGIBILITY REMAIN PARTLY UNRESOLVED"
REGIME_BINARY_MONTHLY,MONTHLY_ONLY,2025-03-31,GLOBAL_GOLD_MINERS,EXTENDED,,"{""GLOBAL_GOLD_MINERS"": 1.0}","{""GLOBAL_GOLD_MINERS"": 1.0}",1.0,4,STRONG,1.0,1.0,0.0,PLANNED,2025-04-01,"HISTORICAL UK RETAIL, ISA, ACCOUNT AND BROKER ELIGIBILITY REMAIN PARTLY UNRESOLVED"
REGIME_BINARY_MONTHLY,MONTHLY_ONLY,2025-04-30,GLOBAL_GOLD_MINERS,EXTENDED,,"{""GLOBAL_GOLD_MINERS"": 1.0}",{},1.0,2,HOSTILE,0.0,0.0,1.0,PLANNED,2025-05-01,"HISTORICAL UK RETAIL, ISA, ACCOUNT AND BROKER ELIGIBILITY REMAIN PARTLY UNRESOLVED"
REGIME_BINARY_MONTHLY,MONTHLY_ONLY,2025-05-30,GLOBAL_GOLD_MINERS,WEAKENING,,"{""GLOBAL_GOLD_MINERS"": 1.0}",{},1.0,2,HOSTILE,0.0,0.0,1.0,NO_TARGET_CHANGE,,"HISTORICAL UK RETAIL, ISA, ACCOUNT AND BROKER ELIGIBILITY REMAIN PARTLY UNRESOLVED"
REGIME_BINARY_MONTHLY,MONTHLY_ONLY,2025-06-30,EUROPE_BANKS,WEAKENING,,"{""EUROPE_BANKS"": 1.0}","{""EUROPE_BANKS"": 1.0}",1.0,2,DETERIORATING,1.0,1.0,0.0,PLANNED,2025-07-01,"HISTORICAL UK RETAIL, ISA, ACCOUNT AND BROKER ELIGIBILITY REMAIN PARTLY UNRESOLVED"
REGIME_BINARY_MONTHLY,MONTHLY_ONLY,2025-07-31,EUROPE_BANKS,ESTABLISHED,,"{""EUROPE_BANKS"": 1.0}","{""EUROPE_BANKS"": 1.0}",1.0,4,MATURE,1.0,1.0,0.0,NO_TARGET_CHANGE,,"HISTORICAL UK RETAIL, ISA, ACCOUNT AND BROKER ELIGIBILITY REMAIN PARTLY UNRESOLVED"
REGIME_BINARY_MONTHLY,MONTHLY_ONLY,2025-08-29,GLOBAL_SILVER_MINERS,ESTABLISHED,,"{""GLOBAL_SILVER_MINERS"": 1.0}","{""GLOBAL_SILVER_MINERS"": 1.0}",1.0,2,DETERIORATING,1.0,1.0,0.0,PLANNED,2025-09-01,"HISTORICAL UK RETAIL, ISA, ACCOUNT AND BROKER ELIGIBILITY REMAIN PARTLY UNRESOLVED"
REGIME_BINARY_MONTHLY,MONTHLY_ONLY,2025-09-30,GLOBAL_SILVER_MINERS,EXTENDED,,"{""GLOBAL_SILVER_MINERS"": 1.0}","{""GLOBAL_SILVER_MINERS"": 1.0}",1.0,3,MATURE,1.0,1.0,0.0,NO_TARGET_CHANGE,,"HISTORICAL UK RETAIL, ISA, ACCOUNT AND BROKER ELIGIBILITY REMAIN PARTLY UNRESOLVED"
REGIME_BINARY_MONTHLY,MONTHLY_ONLY,2025-10-31,GLOBAL_SILVER_MINERS,WEAKENING,,"{""GLOBAL_SILVER_MINERS"": 1.0}","{""GLOBAL_SILVER_MINERS"": 1.0}",1.0,4,STRONG,1.0,1.0,0.0,NO_TARGET_CHANGE,,"HISTORICAL UK RETAIL, ISA, ACCOUNT AND BROKER ELIGIBILITY REMAIN PARTLY UNRESOLVED"
REGIME_BINARY_MONTHLY,MONTHLY_ONLY,2025-11-28,GLOBAL_SILVER_MINERS,WEAKENING,,"{""GLOBAL_SILVER_MINERS"": 1.0}","{""GLOBAL_SILVER_MINERS"": 1.0}",1.0,4,STRONG,1.0,1.0,0.0,NO_TARGET_CHANGE,,"HISTORICAL UK RETAIL, ISA, ACCOUNT AND BROKER ELIGIBILITY REMAIN PARTLY UNRESOLVED"
REGIME_BINARY_MONTHLY,MONTHLY_ONLY,2025-12-31,GLOBAL_SILVER_MINERS,ESTABLISHED,,"{""GLOBAL_SILVER_MINERS"": 1.0}","{""GLOBAL_SILVER_MINERS"": 1.0}",1.0,4,STRONG,1.0,1.0,0.0,NO_TARGET_CHANGE,,"HISTORICAL UK RETAIL, ISA, ACCOUNT AND BROKER ELIGIBILITY REMAIN PARTLY UNRESOLVED"
REGIME_BINARY_MONTHLY,MONTHLY_ONLY,2026-01-30,GLOBAL_SILVER_MINERS,EXTENDED,,"{""GLOBAL_SILVER_MINERS"": 1.0}","{""GLOBAL_SILVER_MINERS"": 1.0}",1.0,3,MATURE,1.0,1.0,0.0,NO_TARGET_CHANGE,,"HISTORICAL UK RETAIL, ISA, ACCOUNT AND BROKER ELIGIBILITY REMAIN PARTLY UNRESOLVED"
REGIME_BINARY_MONTHLY,MONTHLY_ONLY,2026-02-27,GLOBAL_SILVER_MINERS,EXTENDED,,"{""GLOBAL_SILVER_MINERS"": 1.0}","{""GLOBAL_SILVER_MINERS"": 1.0}",1.0,3,MATURE,1.0,1.0,0.0,NO_TARGET_CHANGE,,"HISTORICAL UK RETAIL, ISA, ACCOUNT AND BROKER ELIGIBILITY REMAIN PARTLY UNRESOLVED"
REGIME_BINARY_MONTHLY,MONTHLY_ONLY,2026-03-31,GLOBAL_OIL_GAS,EXTENDED,,"{""GLOBAL_OIL_GAS"": 1.0}","{""GLOBAL_OIL_GAS"": 1.0}",1.0,3,MATURE,1.0,1.0,0.0,PLANNED,2026-04-01,"HISTORICAL UK RETAIL, ISA, ACCOUNT AND BROKER ELIGIBILITY REMAIN PARTLY UNRESOLVED"
REGIME_BINARY_MONTHLY,MONTHLY_ONLY,2026-04-30,GLOBAL_SEMICONDUCTORS,EXTENDED,,"{""GLOBAL_SEMICONDUCTORS"": 1.0}","{""GLOBAL_SEMICONDUCTORS"": 1.0}",1.0,4,STRONG,1.0,1.0,0.0,PLANNED,2026-05-01,"HISTORICAL UK RETAIL, ISA, ACCOUNT AND BROKER ELIGIBILITY REMAIN PARTLY UNRESOLVED"
REGIME_BINARY_MONTHLY,MONTHLY_ONLY,2026-05-29,GLOBAL_SEMICONDUCTORS,EXTENDED,,"{""GLOBAL_SEMICONDUCTORS"": 1.0}","{""GLOBAL_SEMICONDUCTORS"": 1.0}",1.0,4,MATURE,1.0,1.0,0.0,NO_TARGET_CHANGE,,"HISTORICAL UK RETAIL, ISA, ACCOUNT AND BROKER ELIGIBILITY REMAIN PARTLY UNRESOLVED"
REGIME_BINARY_MONTHLY,MONTHLY_ONLY,2026-06-30,GLOBAL_SEMICONDUCTORS,EXTENDED,,"{""GLOBAL_SEMICONDUCTORS"": 1.0}","{""GLOBAL_SEMICONDUCTORS"": 1.0}",1.0,3,DETERIORATING,1.0,1.0,0.0,NO_TARGET_CHANGE,,"HISTORICAL UK RETAIL, ISA, ACCOUNT AND BROKER ELIGIBILITY REMAIN PARTLY UNRESOLVED"
REGIME_BINARY_MONTHLY,MONTHLY_ONLY,2026-07-31,GLOBAL_SEMICONDUCTORS,WEAKENING,,"{""GLOBAL_SEMICONDUCTORS"": 1.0}","{""GLOBAL_SEMICONDUCTORS"": 1.0}",1.0,5,STRONG,1.0,1.0,0.0,NO_TARGET_CHANGE,,"HISTORICAL UK RETAIL, ISA, ACCOUNT AND BROKER ELIGIBILITY REMAIN PARTLY UNRESOLVED"
REGIME_BINARY_MONTHLY,MONTHLY_ONLY,2026-08-21,GLOBAL_GENOMICS,EXTENDED,,"{""GLOBAL_GENOMICS"": 1.0}","{""GLOBAL_GENOMICS"": 1.0}",1.0,3,DETERIORATING,1.0,1.0,0.0,CANCELLED_PANEL_END_NO_EXECUTION_SESSION,,"HISTORICAL UK RETAIL, ISA, ACCOUNT AND BROKER ELIGIBILITY REMAIN PARTLY UNRESOLVED"
REGIME_GRADUAL_MONTHLY,MONTHLY_ONLY,2021-08-31,GLOBAL_CYBERSECURITY,ESTABLISHED,,"{""GLOBAL_CYBERSECURITY"": 1.0}","{""GLOBAL_CYBERSECURITY"": 0.75}",1.0,3,MATURE,0.75,0.75,0.25,PLANNED,2021-09-01,"HISTORICAL UK RETAIL, ISA, ACCOUNT AND BROKER ELIGIBILITY REMAIN PARTLY UNRESOLVED"
REGIME_GRADUAL_MONTHLY,MONTHLY_ONLY,2021-09-30,GLOBAL_OIL_GAS,ESTABLISHED,,"{""GLOBAL_OIL_GAS"": 1.0}","{""GLOBAL_OIL_GAS"": 0.75}",1.0,3,MATURE,0.75,0.75,0.25,PLANNED,2021-10-01,"HISTORICAL UK RETAIL, ISA, ACCOUNT AND BROKER ELIGIBILITY REMAIN PARTLY UNRESOLVED"
REGIME_GRADUAL_MONTHLY,MONTHLY_ONLY,2021-10-29,GLOBAL_OIL_GAS,EXTENDED,,"{""GLOBAL_OIL_GAS"": 1.0}","{""GLOBAL_OIL_GAS"": 0.5}",1.0,3,DETERIORATING,0.5,0.5,0.5,PLANNED,2021-11-01,"HISTORICAL UK RETAIL, ISA, ACCOUNT AND BROKER ELIGIBILITY REMAIN PARTLY UNRESOLVED"
REGIME_GRADUAL_MONTHLY,MONTHLY_ONLY,2021-11-30,GLOBAL_SEMICONDUCTORS,EXTENDED,,"{""GLOBAL_SEMICONDUCTORS"": 1.0}","{""GLOBAL_SEMICONDUCTORS"": 0.5}",1.0,2,DETERIORATING,0.5,0.5,0.5,PLANNED,2021-12-01,"HISTORICAL UK RETAIL, ISA, ACCOUNT AND BROKER ELIGIBILITY REMAIN PARTLY UNRESOLVED"
REGIME_GRADUAL_MONTHLY,MONTHLY_ONLY,2021-12-31,GLOBAL_SEMICONDUCTORS,EXTENDED,,"{""GLOBAL_SEMICONDUCTORS"": 1.0}","{""GLOBAL_SEMICONDUCTORS"": 1.0}",1.0,2,POSITIVE,1.0,1.0,0.0,PLANNED,2022-01-04,"HISTORICAL UK RETAIL, ISA, ACCOUNT AND BROKER ELIGIBILITY REMAIN PARTLY UNRESOLVED"
REGIME_GRADUAL_MONTHLY,MONTHLY_ONLY,2022-01-31,GLOBAL_OIL_GAS,EXTENDED,,"{""GLOBAL_OIL_GAS"": 1.0}",{},1.0,2,HOSTILE,0.0,0.0,1.0,PLANNED,2022-02-01,"HISTORICAL UK RETAIL, ISA, ACCOUNT AND BROKER ELIGIBILITY REMAIN PARTLY UNRESOLVED"
REGIME_GRADUAL_MONTHLY,MONTHLY_ONLY,2022-02-28,GLOBAL_OIL_GAS,EXTENDED,,"{""GLOBAL_OIL_GAS"": 1.0}",{},1.0,2,HOSTILE,0.0,0.0,1.0,NO_TARGET_CHANGE,,"HISTORICAL UK RETAIL, ISA, ACCOUNT AND BROKER ELIGIBILITY REMAIN PARTLY UNRESOLVED"
REGIME_GRADUAL_MONTHLY,MONTHLY_ONLY,2022-03-31,GLOBAL_OIL_GAS,EXTENDED,,"{""GLOBAL_OIL_GAS"": 1.0}","{""GLOBAL_OIL_GAS"": 0.75}",1.0,3,MATURE,0.75,0.75,0.25,PLANNED,2022-04-01,"HISTORICAL UK RETAIL, ISA, ACCOUNT AND BROKER ELIGIBILITY REMAIN PARTLY UNRESOLVED"
REGIME_GRADUAL_MONTHLY,MONTHLY_ONLY,2022-04-29,GLOBAL_OIL_GAS,EXTENDED,,"{""GLOBAL_OIL_GAS"": 1.0}",{},1.0,2,HOSTILE,0.0,0.0,1.0,PLANNED,2022-05-03,"HISTORICAL UK RETAIL, ISA, ACCOUNT AND BROKER ELIGIBILITY REMAIN PARTLY UNRESOLVED"
REGIME_GRADUAL_MONTHLY,MONTHLY_ONLY,2022-05-31,GLOBAL_OIL_GAS,EXTENDED,,"{""GLOBAL_OIL_GAS"": 1.0}",{},1.0,1,HOSTILE,0.0,0.0,1.0,NO_TARGET_CHANGE,,"HISTORICAL UK RETAIL, ISA, ACCOUNT AND BROKER ELIGIBILITY REMAIN PARTLY UNRESOLVED"
REGIME_GRADUAL_MONTHLY,MONTHLY_ONLY,2022-06-30,GLOBAL_OIL_GAS,WEAKENING,,"{""GLOBAL_OIL_GAS"": 1.0}",{},1.0,0,HOSTILE,0.0,0.0,1.0,NO_TARGET_CHANGE,,"HISTORICAL UK RETAIL, ISA, ACCOUNT AND BROKER ELIGIBILITY REMAIN PARTLY UNRESOLVED"
REGIME_GRADUAL_MONTHLY,MONTHLY_ONLY,2022-07-29,GLOBAL_OIL_GAS,WEAKENING,,"{""GLOBAL_OIL_GAS"": 1.0}","{""GLOBAL_OIL_GAS"": 1.0}",1.0,3,POSITIVE,1.0,1.0,0.0,PLANNED,2022-08-01,"HISTORICAL UK RETAIL, ISA, ACCOUNT AND BROKER ELIGIBILITY REMAIN PARTLY UNRESOLVED"
REGIME_GRADUAL_MONTHLY,MONTHLY_ONLY,2022-08-31,GLOBAL_INFRASTRUCTURE,WEAKENING,,"{""GLOBAL_INFRASTRUCTURE"": 1.0}","{""GLOBAL_INFRASTRUCTURE"": 1.0}",1.0,4,STRONG,1.0,1.0,0.0,PLANNED,2022-09-01,"HISTORICAL UK RETAIL, ISA, ACCOUNT AND BROKER ELIGIBILITY REMAIN PARTLY UNRESOLVED"
REGIME_GRADUAL_MONTHLY,MONTHLY_ONLY,2022-09-30,GLOBAL_OIL_GAS,ESTABLISHED,,"{""GLOBAL_OIL_GAS"": 1.0}",{},1.0,2,HOSTILE,0.0,0.0,1.0,PLANNED,2022-10-03,"HISTORICAL UK RETAIL, ISA, ACCOUNT AND BROKER ELIGIBILITY REMAIN PARTLY UNRESOLVED"
REGIME_GRADUAL_MONTHLY,MONTHLY_ONLY,2022-10-31,GLOBAL_OIL_GAS,EXTENDED,,"{""GLOBAL_OIL_GAS"": 1.0}",{},1.0,3,HOSTILE,0.0,0.0,1.0,NO_TARGET_CHANGE,,"HISTORICAL UK RETAIL, ISA, ACCOUNT AND BROKER ELIGIBILITY REMAIN PARTLY UNRESOLVED"
REGIME_GRADUAL_MONTHLY,MONTHLY_ONLY,2022-11-30,EUROPE_BANKS,EXTENDED,,"{""EUROPE_BANKS"": 1.0}","{""EUROPE_BANKS"": 1.0}",1.0,4,STRONG,1.0,1.0,0.0,PLANNED,2022-12-01,"HISTORICAL UK RETAIL, ISA, ACCOUNT AND BROKER ELIGIBILITY REMAIN PARTLY UNRESOLVED"
REGIME_GRADUAL_MONTHLY,MONTHLY_ONLY,2022-12-30,EUROPE_BANKS,EXTENDED,,"{""EUROPE_BANKS"": 1.0}","{""EUROPE_BANKS"": 0.75}",1.0,3,MATURE,0.75,0.75,0.25,PLANNED,2023-01-03,"HISTORICAL UK RETAIL, ISA, ACCOUNT AND BROKER ELIGIBILITY REMAIN PARTLY UNRESOLVED"
REGIME_GRADUAL_MONTHLY,MONTHLY_ONLY,2023-01-31,EUROPE_BANKS,EXTENDED,,"{""EUROPE_BANKS"": 1.0}","{""EUROPE_BANKS"": 1.0}",1.0,5,STRONG,1.0,1.0,0.0,PLANNED,2023-02-01,"HISTORICAL UK RETAIL, ISA, ACCOUNT AND BROKER ELIGIBILITY REMAIN PARTLY UNRESOLVED"
REGIME_GRADUAL_MONTHLY,MONTHLY_ONLY,2023-02-28,EUROPE_BANKS,EXTENDED,,"{""EUROPE_BANKS"": 1.0}","{""EUROPE_BANKS"": 0.5}",1.0,3,DETERIORATING,0.5,0.5,0.5,PLANNED,2023-03-01,"HISTORICAL UK RETAIL, ISA, ACCOUNT AND BROKER ELIGIBILITY REMAIN PARTLY UNRESOLVED"
REGIME_GRADUAL_MONTHLY,MONTHLY_ONLY,2023-03-31,GLOBAL_SEMICONDUCTORS,EXTENDED,,"{""GLOBAL_SEMICONDUCTORS"": 1.0}","{""GLOBAL_SEMICONDUCTORS"": 0.75}",1.0,3,MATURE,0.75,0.75,0.25,PLANNED,2023-04-03,"HISTORICAL UK RETAIL, ISA, ACCOUNT AND BROKER ELIGIBILITY REMAIN PARTLY UNRESOLVED"
REGIME_GRADUAL_MONTHLY,MONTHLY_ONLY,2023-04-28,GLOBAL_SEMICONDUCTORS,WEAKENING,,"{""GLOBAL_SEMICONDUCTORS"": 1.0}","{""GLOBAL_SEMICONDUCTORS"": 0.5}",1.0,2,DETERIORATING,0.5,0.5,0.5,PLANNED,2023-05-02,"HISTORICAL UK RETAIL, ISA, ACCOUNT AND BROKER ELIGIBILITY REMAIN PARTLY UNRESOLVED"
REGIME_GRADUAL_MONTHLY,MONTHLY_ONLY,2023-05-31,GLOBAL_SEMICONDUCTORS,EXTENDED,,"{""GLOBAL_SEMICONDUCTORS"": 1.0}","{""GLOBAL_SEMICONDUCTORS"": 1.0}",1.0,1,POSITIVE,1.0,1.0,0.0,PLANNED,2023-06-01,"HISTORICAL UK RETAIL, ISA, ACCOUNT AND BROKER ELIGIBILITY REMAIN PARTLY UNRESOLVED"
REGIME_GRADUAL_MONTHLY,MONTHLY_ONLY,2023-06-30,GLOBAL_SEMICONDUCTORS,EXTENDED,,"{""GLOBAL_SEMICONDUCTORS"": 1.0}","{""GLOBAL_SEMICONDUCTORS"": 1.0}",1.0,2,POSITIVE,1.0,1.0,0.0,NO_TARGET_CHANGE,,"HISTORICAL UK RETAIL, ISA, ACCOUNT AND BROKER ELIGIBILITY REMAIN PARTLY UNRESOLVED"
REGIME_GRADUAL_MONTHLY,MONTHLY_ONLY,2023-07-31,GLOBAL_SEMICONDUCTORS,WEAKENING,,"{""GLOBAL_SEMICONDUCTORS"": 1.0}","{""GLOBAL_SEMICONDUCTORS"": 1.0}",1.0,4,STRONG,1.0,1.0,0.0,NO_TARGET_CHANGE,,"HISTORICAL UK RETAIL, ISA, ACCOUNT AND BROKER ELIGIBILITY REMAIN PARTLY UNRESOLVED"
REGIME_GRADUAL_MONTHLY,MONTHLY_ONLY,2023-08-31,GLOBAL_SEMICONDUCTORS,WEAKENING,,"{""GLOBAL_SEMICONDUCTORS"": 1.0}","{""GLOBAL_SEMICONDUCTORS"": 1.0}",1.0,4,STRONG,1.0,1.0,0.0,NO_TARGET_CHANGE,,"HISTORICAL UK RETAIL, ISA, ACCOUNT AND BROKER ELIGIBILITY REMAIN PARTLY UNRESOLVED"
REGIME_GRADUAL_MONTHLY,MONTHLY_ONLY,2023-09-29,GLOBAL_URANIUM_NUCLEAR,EXTENDED,,"{""GLOBAL_URANIUM_NUCLEAR"": 1.0}","{""GLOBAL_URANIUM_NUCLEAR"": 1.0}",1.0,4,STRONG,1.0,1.0,0.0,PLANNED,2023-10-02,"HISTORICAL UK RETAIL, ISA, ACCOUNT AND BROKER ELIGIBILITY REMAIN PARTLY UNRESOLVED"
REGIME_GRADUAL_MONTHLY,MONTHLY_ONLY,2023-10-31,GLOBAL_URANIUM_NUCLEAR,EXTENDED,,"{""GLOBAL_URANIUM_NUCLEAR"": 1.0}","{""GLOBAL_URANIUM_NUCLEAR"": 0.5}",1.0,2,DETERIORATING,0.5,0.5,0.5,PLANNED,2023-11-01,"HISTORICAL UK RETAIL, ISA, ACCOUNT AND BROKER ELIGIBILITY REMAIN PARTLY UNRESOLVED"
REGIME_GRADUAL_MONTHLY,MONTHLY_ONLY,2023-11-30,GLOBAL_URANIUM_NUCLEAR,WEAKENING,,"{""GLOBAL_URANIUM_NUCLEAR"": 1.0}","{""GLOBAL_URANIUM_NUCLEAR"": 1.0}",1.0,4,STRONG,1.0,1.0,0.0,PLANNED,2023-12-01,"HISTORICAL UK RETAIL, ISA, ACCOUNT AND BROKER ELIGIBILITY REMAIN PARTLY UNRESOLVED"
REGIME_GRADUAL_MONTHLY,MONTHLY_ONLY,2023-12-29,GLOBAL_AI,EXTENDED,,"{""GLOBAL_AI"": 1.0}","{""GLOBAL_AI"": 0.5}",1.0,2,DETERIORATING,0.5,0.5,0.5,PLANNED,2024-01-02,"HISTORICAL UK RETAIL, ISA, ACCOUNT AND BROKER ELIGIBILITY REMAIN PARTLY UNRESOLVED"
REGIME_GRADUAL_MONTHLY,MONTHLY_ONLY,2024-01-31,GLOBAL_SEMICONDUCTORS,EXTENDED,,"{""GLOBAL_SEMICONDUCTORS"": 1.0}","{""GLOBAL_SEMICONDUCTORS"": 1.0}",1.0,3,POSITIVE,1.0,1.0,0.0,PLANNED,2024-02-01,"HISTORICAL UK RETAIL, ISA, ACCOUNT AND BROKER ELIGIBILITY REMAIN PARTLY UNRESOLVED"
REGIME_GRADUAL_MONTHLY,MONTHLY_ONLY,2024-02-29,GLOBAL_SEMICONDUCTORS,EXTENDED,,"{""GLOBAL_SEMICONDUCTORS"": 1.0}","{""GLOBAL_SEMICONDUCTORS"": 1.0}",1.0,2,POSITIVE,1.0,1.0,0.0,NO_TARGET_CHANGE,,"HISTORICAL UK RETAIL, ISA, ACCOUNT AND BROKER ELIGIBILITY REMAIN PARTLY UNRESOLVED"
REGIME_GRADUAL_MONTHLY,MONTHLY_ONLY,2024-03-28,GLOBAL_SEMICONDUCTORS,EXTENDED,,"{""GLOBAL_SEMICONDUCTORS"": 1.0}","{""GLOBAL_SEMICONDUCTORS"": 1.0}",1.0,2,POSITIVE,1.0,1.0,0.0,NO_TARGET_CHANGE,,"HISTORICAL UK RETAIL, ISA, ACCOUNT AND BROKER ELIGIBILITY REMAIN PARTLY UNRESOLVED"
REGIME_GRADUAL_MONTHLY,MONTHLY_ONLY,2024-04-30,EUROPE_BANKS,EXTENDED,,"{""EUROPE_BANKS"": 1.0}","{""EUROPE_BANKS"": 1.0}",1.0,5,STRONG,1.0,1.0,0.0,PLANNED,2024-05-01,"HISTORICAL UK RETAIL, ISA, ACCOUNT AND BROKER ELIGIBILITY REMAIN PARTLY UNRESOLVED"
REGIME_GRADUAL_MONTHLY,MONTHLY_ONLY,2024-05-31,EUROPE_BANKS,EXTENDED,,"{""EUROPE_BANKS"": 1.0}","{""EUROPE_BANKS"": 0.75}",1.0,4,MATURE,0.75,0.75,0.25,PLANNED,2024-06-03,"HISTORICAL UK RETAIL, ISA, ACCOUNT AND BROKER ELIGIBILITY REMAIN PARTLY UNRESOLVED"
REGIME_GRADUAL_MONTHLY,MONTHLY_ONLY,2024-06-28,GLOBAL_SEMICONDUCTORS,ESTABLISHED,,"{""GLOBAL_SEMICONDUCTORS"": 1.0}","{""GLOBAL_SEMICONDUCTORS"": 0.5}",1.0,1,DETERIORATING,0.5,0.5,0.5,PLANNED,2024-07-01,"HISTORICAL UK RETAIL, ISA, ACCOUNT AND BROKER ELIGIBILITY REMAIN PARTLY UNRESOLVED"
REGIME_GRADUAL_MONTHLY,MONTHLY_ONLY,2024-07-31,GLOBAL_GOLD_MINERS,ESTABLISHED,,"{""GLOBAL_GOLD_MINERS"": 1.0}","{""GLOBAL_GOLD_MINERS"": 0.75}",1.0,3,MATURE,0.75,0.75,0.25,PLANNED,2024-08-01,"HISTORICAL UK RETAIL, ISA, ACCOUNT AND BROKER ELIGIBILITY REMAIN PARTLY UNRESOLVED"
REGIME_GRADUAL_MONTHLY,MONTHLY_ONLY,2024-08-30,GLOBAL_GOLD_MINERS,ESTABLISHED,,"{""GLOBAL_GOLD_MINERS"": 1.0}","{""GLOBAL_GOLD_MINERS"": 1.0}",1.0,2,POSITIVE,1.0,1.0,0.0,PLANNED,2024-09-02,"HISTORICAL UK RETAIL, ISA, ACCOUNT AND BROKER ELIGIBILITY REMAIN PARTLY UNRESOLVED"
REGIME_GRADUAL_MONTHLY,MONTHLY_ONLY,2024-09-30,GLOBAL_GOLD_MINERS,WEAKENING,,"{""GLOBAL_GOLD_MINERS"": 1.0}","{""GLOBAL_GOLD_MINERS"": 1.0}",1.0,4,STRONG,1.0,1.0,0.0,NO_TARGET_CHANGE,,"HISTORICAL UK RETAIL, ISA, ACCOUNT AND BROKER ELIGIBILITY REMAIN PARTLY UNRESOLVED"
REGIME_GRADUAL_MONTHLY,MONTHLY_ONLY,2024-10-31,GLOBAL_GOLD_MINERS,ESTABLISHED,,"{""GLOBAL_GOLD_MINERS"": 1.0}","{""GLOBAL_GOLD_MINERS"": 0.5}",1.0,2,DETERIORATING,0.5,0.5,0.5,PLANNED,2024-11-01,"HISTORICAL UK RETAIL, ISA, ACCOUNT AND BROKER ELIGIBILITY REMAIN PARTLY UNRESOLVED"
REGIME_GRADUAL_MONTHLY,MONTHLY_ONLY,2024-11-29,GLOBAL_SOFTWARE,EXTENDED,,"{""GLOBAL_SOFTWARE"": 1.0}","{""GLOBAL_SOFTWARE"": 0.75}",1.0,3,MATURE,0.75,0.75,0.25,PLANNED,2024-12-02,"HISTORICAL UK RETAIL, ISA, ACCOUNT AND BROKER ELIGIBILITY REMAIN PARTLY UNRESOLVED"
REGIME_GRADUAL_MONTHLY,MONTHLY_ONLY,2024-12-31,GLOBAL_SOFTWARE,EXTENDED,,"{""GLOBAL_SOFTWARE"": 1.0}","{""GLOBAL_SOFTWARE"": 0.5}",1.0,2,DETERIORATING,0.5,0.5,0.5,PLANNED,2025-01-02,"HISTORICAL UK RETAIL, ISA, ACCOUNT AND BROKER ELIGIBILITY REMAIN PARTLY UNRESOLVED"
REGIME_GRADUAL_MONTHLY,MONTHLY_ONLY,2025-01-31,GLOBAL_SOFTWARE,WEAKENING,,"{""GLOBAL_SOFTWARE"": 1.0}","{""GLOBAL_SOFTWARE"": 1.0}",1.0,2,POSITIVE,1.0,1.0,0.0,PLANNED,2025-02-03,"HISTORICAL UK RETAIL, ISA, ACCOUNT AND BROKER ELIGIBILITY REMAIN PARTLY UNRESOLVED"
REGIME_GRADUAL_MONTHLY,MONTHLY_ONLY,2025-02-28,EUROPE_BANKS,EXTENDED,,"{""EUROPE_BANKS"": 1.0}","{""EUROPE_BANKS"": 1.0}",1.0,4,STRONG,1.0,1.0,0.0,PLANNED,2025-03-03,"HISTORICAL UK RETAIL, ISA, ACCOUNT AND BROKER ELIGIBILITY REMAIN PARTLY UNRESOLVED"
REGIME_GRADUAL_MONTHLY,MONTHLY_ONLY,2025-03-31,GLOBAL_GOLD_MINERS,EXTENDED,,"{""GLOBAL_GOLD_MINERS"": 1.0}","{""GLOBAL_GOLD_MINERS"": 1.0}",1.0,4,STRONG,1.0,1.0,0.0,PLANNED,2025-04-01,"HISTORICAL UK RETAIL, ISA, ACCOUNT AND BROKER ELIGIBILITY REMAIN PARTLY UNRESOLVED"
REGIME_GRADUAL_MONTHLY,MONTHLY_ONLY,2025-04-30,GLOBAL_GOLD_MINERS,EXTENDED,,"{""GLOBAL_GOLD_MINERS"": 1.0}",{},1.0,2,HOSTILE,0.0,0.0,1.0,PLANNED,2025-05-01,"HISTORICAL UK RETAIL, ISA, ACCOUNT AND BROKER ELIGIBILITY REMAIN PARTLY UNRESOLVED"
REGIME_GRADUAL_MONTHLY,MONTHLY_ONLY,2025-05-30,GLOBAL_GOLD_MINERS,WEAKENING,,"{""GLOBAL_GOLD_MINERS"": 1.0}",{},1.0,2,HOSTILE,0.0,0.0,1.0,NO_TARGET_CHANGE,,"HISTORICAL UK RETAIL, ISA, ACCOUNT AND BROKER ELIGIBILITY REMAIN PARTLY UNRESOLVED"
REGIME_GRADUAL_MONTHLY,MONTHLY_ONLY,2025-06-30,EUROPE_BANKS,WEAKENING,,"{""EUROPE_BANKS"": 1.0}","{""EUROPE_BANKS"": 0.5}",1.0,2,DETERIORATING,0.5,0.5,0.5,PLANNED,2025-07-01,"HISTORICAL UK RETAIL, ISA, ACCOUNT AND BROKER ELIGIBILITY REMAIN PARTLY UNRESOLVED"
REGIME_GRADUAL_MONTHLY,MONTHLY_ONLY,2025-07-31,EUROPE_BANKS,ESTABLISHED,,"{""EUROPE_BANKS"": 1.0}","{""EUROPE_BANKS"": 0.75}",1.0,4,MATURE,0.75,0.75,0.25,PLANNED,2025-08-01,"HISTORICAL UK RETAIL, ISA, ACCOUNT AND BROKER ELIGIBILITY REMAIN PARTLY UNRESOLVED"
REGIME_GRADUAL_MONTHLY,MONTHLY_ONLY,2025-08-29,GLOBAL_SILVER_MINERS,ESTABLISHED,,"{""GLOBAL_SILVER_MINERS"": 1.0}","{""GLOBAL_SILVER_MINERS"": 0.5}",1.0,2,DETERIORATING,0.5,0.5,0.5,PLANNED,2025-09-01,"HISTORICAL UK RETAIL, ISA, ACCOUNT AND BROKER ELIGIBILITY REMAIN PARTLY UNRESOLVED"
REGIME_GRADUAL_MONTHLY,MONTHLY_ONLY,2025-09-30,GLOBAL_SILVER_MINERS,EXTENDED,,"{""GLOBAL_SILVER_MINERS"": 1.0}","{""GLOBAL_SILVER_MINERS"": 0.75}",1.0,3,MATURE,0.75,0.75,0.25,PLANNED,2025-10-01,"HISTORICAL UK RETAIL, ISA, ACCOUNT AND BROKER ELIGIBILITY REMAIN PARTLY UNRESOLVED"
REGIME_GRADUAL_MONTHLY,MONTHLY_ONLY,2025-10-31,GLOBAL_SILVER_MINERS,WEAKENING,,"{""GLOBAL_SILVER_MINERS"": 1.0}","{""GLOBAL_SILVER_MINERS"": 1.0}",1.0,4,STRONG,1.0,1.0,0.0,PLANNED,2025-11-03,"HISTORICAL UK RETAIL, ISA, ACCOUNT AND BROKER ELIGIBILITY REMAIN PARTLY UNRESOLVED"
REGIME_GRADUAL_MONTHLY,MONTHLY_ONLY,2025-11-28,GLOBAL_SILVER_MINERS,WEAKENING,,"{""GLOBAL_SILVER_MINERS"": 1.0}","{""GLOBAL_SILVER_MINERS"": 1.0}",1.0,4,STRONG,1.0,1.0,0.0,NO_TARGET_CHANGE,,"HISTORICAL UK RETAIL, ISA, ACCOUNT AND BROKER ELIGIBILITY REMAIN PARTLY UNRESOLVED"
REGIME_GRADUAL_MONTHLY,MONTHLY_ONLY,2025-12-31,GLOBAL_SILVER_MINERS,ESTABLISHED,,"{""GLOBAL_SILVER_MINERS"": 1.0}","{""GLOBAL_SILVER_MINERS"": 1.0}",1.0,4,STRONG,1.0,1.0,0.0,NO_TARGET_CHANGE,,"HISTORICAL UK RETAIL, ISA, ACCOUNT AND BROKER ELIGIBILITY REMAIN PARTLY UNRESOLVED"
REGIME_GRADUAL_MONTHLY,MONTHLY_ONLY,2026-01-30,GLOBAL_SILVER_MINERS,EXTENDED,,"{""GLOBAL_SILVER_MINERS"": 1.0}","{""GLOBAL_SILVER_MINERS"": 0.75}",1.0,3,MATURE,0.75,0.75,0.25,PLANNED,2026-02-02,"HISTORICAL UK RETAIL, ISA, ACCOUNT AND BROKER ELIGIBILITY REMAIN PARTLY UNRESOLVED"
REGIME_GRADUAL_MONTHLY,MONTHLY_ONLY,2026-02-27,GLOBAL_SILVER_MINERS,EXTENDED,,"{""GLOBAL_SILVER_MINERS"": 1.0}","{""GLOBAL_SILVER_MINERS"": 0.75}",1.0,3,MATURE,0.75,0.75,0.25,NO_TARGET_CHANGE,,"HISTORICAL UK RETAIL, ISA, ACCOUNT AND BROKER ELIGIBILITY REMAIN PARTLY UNRESOLVED"
REGIME_GRADUAL_MONTHLY,MONTHLY_ONLY,2026-03-31,GLOBAL_OIL_GAS,EXTENDED,,"{""GLOBAL_OIL_GAS"": 1.0}","{""GLOBAL_OIL_GAS"": 0.75}",1.0,3,MATURE,0.75,0.75,0.25,PLANNED,2026-04-01,"HISTORICAL UK RETAIL, ISA, ACCOUNT AND BROKER ELIGIBILITY REMAIN PARTLY UNRESOLVED"
REGIME_GRADUAL_MONTHLY,MONTHLY_ONLY,2026-04-30,GLOBAL_SEMICONDUCTORS,EXTENDED,,"{""GLOBAL_SEMICONDUCTORS"": 1.0}","{""GLOBAL_SEMICONDUCTORS"": 1.0}",1.0,4,STRONG,1.0,1.0,0.0,PLANNED,2026-05-01,"HISTORICAL UK RETAIL, ISA, ACCOUNT AND BROKER ELIGIBILITY REMAIN PARTLY UNRESOLVED"
REGIME_GRADUAL_MONTHLY,MONTHLY_ONLY,2026-05-29,GLOBAL_SEMICONDUCTORS,EXTENDED,,"{""GLOBAL_SEMICONDUCTORS"": 1.0}","{""GLOBAL_SEMICONDUCTORS"": 0.75}",1.0,4,MATURE,0.75,0.75,0.25,PLANNED,2026-06-01,"HISTORICAL UK RETAIL, ISA, ACCOUNT AND BROKER ELIGIBILITY REMAIN PARTLY UNRESOLVED"
REGIME_GRADUAL_MONTHLY,MONTHLY_ONLY,2026-06-30,GLOBAL_SEMICONDUCTORS,EXTENDED,,"{""GLOBAL_SEMICONDUCTORS"": 1.0}","{""GLOBAL_SEMICONDUCTORS"": 0.5}",1.0,3,DETERIORATING,0.5,0.5,0.5,PLANNED,2026-07-01,"HISTORICAL UK RETAIL, ISA, ACCOUNT AND BROKER ELIGIBILITY REMAIN PARTLY UNRESOLVED"
REGIME_GRADUAL_MONTHLY,MONTHLY_ONLY,2026-07-31,GLOBAL_SEMICONDUCTORS,WEAKENING,,"{""GLOBAL_SEMICONDUCTORS"": 1.0}","{""GLOBAL_SEMICONDUCTORS"": 1.0}",1.0,5,STRONG,1.0,1.0,0.0,PLANNED,2026-08-03,"HISTORICAL UK RETAIL, ISA, ACCOUNT AND BROKER ELIGIBILITY REMAIN PARTLY UNRESOLVED"
REGIME_GRADUAL_MONTHLY,MONTHLY_ONLY,2026-08-21,GLOBAL_GENOMICS,EXTENDED,,"{""GLOBAL_GENOMICS"": 1.0}","{""GLOBAL_GENOMICS"": 0.5}",1.0,3,DETERIORATING,0.5,0.5,0.5,CANCELLED_PANEL_END_NO_EXECUTION_SESSION,,"HISTORICAL UK RETAIL, ISA, ACCOUNT AND BROKER ELIGIBILITY REMAIN PARTLY UNRESOLVED"
REGIME_GRADUAL_HOSTILE25_MONTHLY,MONTHLY_ONLY,2021-08-31,GLOBAL_CYBERSECURITY,ESTABLISHED,,"{""GLOBAL_CYBERSECURITY"": 1.0}","{""GLOBAL_CYBERSECURITY"": 0.75}",1.0,3,MATURE,0.75,0.75,0.25,PLANNED,2021-09-01,"HISTORICAL UK RETAIL, ISA, ACCOUNT AND BROKER ELIGIBILITY REMAIN PARTLY UNRESOLVED"
REGIME_GRADUAL_HOSTILE25_MONTHLY,MONTHLY_ONLY,2021-09-30,GLOBAL_OIL_GAS,ESTABLISHED,,"{""GLOBAL_OIL_GAS"": 1.0}","{""GLOBAL_OIL_GAS"": 0.75}",1.0,3,MATURE,0.75,0.75,0.25,PLANNED,2021-10-01,"HISTORICAL UK RETAIL, ISA, ACCOUNT AND BROKER ELIGIBILITY REMAIN PARTLY UNRESOLVED"
REGIME_GRADUAL_HOSTILE25_MONTHLY,MONTHLY_ONLY,2021-10-29,GLOBAL_OIL_GAS,EXTENDED,,"{""GLOBAL_OIL_GAS"": 1.0}","{""GLOBAL_OIL_GAS"": 0.5}",1.0,3,DETERIORATING,0.5,0.5,0.5,PLANNED,2021-11-01,"HISTORICAL UK RETAIL, ISA, ACCOUNT AND BROKER ELIGIBILITY REMAIN PARTLY UNRESOLVED"
REGIME_GRADUAL_HOSTILE25_MONTHLY,MONTHLY_ONLY,2021-11-30,GLOBAL_SEMICONDUCTORS,EXTENDED,,"{""GLOBAL_SEMICONDUCTORS"": 1.0}","{""GLOBAL_SEMICONDUCTORS"": 0.5}",1.0,2,DETERIORATING,0.5,0.5,0.5,PLANNED,2021-12-01,"HISTORICAL UK RETAIL, ISA, ACCOUNT AND BROKER ELIGIBILITY REMAIN PARTLY UNRESOLVED"
REGIME_GRADUAL_HOSTILE25_MONTHLY,MONTHLY_ONLY,2021-12-31,GLOBAL_SEMICONDUCTORS,EXTENDED,,"{""GLOBAL_SEMICONDUCTORS"": 1.0}","{""GLOBAL_SEMICONDUCTORS"": 1.0}",1.0,2,POSITIVE,1.0,1.0,0.0,PLANNED,2022-01-04,"HISTORICAL UK RETAIL, ISA, ACCOUNT AND BROKER ELIGIBILITY REMAIN PARTLY UNRESOLVED"
REGIME_GRADUAL_HOSTILE25_MONTHLY,MONTHLY_ONLY,2022-01-31,GLOBAL_OIL_GAS,EXTENDED,,"{""GLOBAL_OIL_GAS"": 1.0}","{""GLOBAL_OIL_GAS"": 0.25}",1.0,2,HOSTILE,0.25,0.25,0.75,PLANNED,2022-02-01,"HISTORICAL UK RETAIL, ISA, ACCOUNT AND BROKER ELIGIBILITY REMAIN PARTLY UNRESOLVED"
REGIME_GRADUAL_HOSTILE25_MONTHLY,MONTHLY_ONLY,2022-02-28,GLOBAL_OIL_GAS,EXTENDED,,"{""GLOBAL_OIL_GAS"": 1.0}","{""GLOBAL_OIL_GAS"": 0.25}",1.0,2,HOSTILE,0.25,0.25,0.75,NO_TARGET_CHANGE,,"HISTORICAL UK RETAIL, ISA, ACCOUNT AND BROKER ELIGIBILITY REMAIN PARTLY UNRESOLVED"
REGIME_GRADUAL_HOSTILE25_MONTHLY,MONTHLY_ONLY,2022-03-31,GLOBAL_OIL_GAS,EXTENDED,,"{""GLOBAL_OIL_GAS"": 1.0}","{""GLOBAL_OIL_GAS"": 0.75}",1.0,3,MATURE,0.75,0.75,0.25,PLANNED,2022-04-01,"HISTORICAL UK RETAIL, ISA, ACCOUNT AND BROKER ELIGIBILITY REMAIN PARTLY UNRESOLVED"
REGIME_GRADUAL_HOSTILE25_MONTHLY,MONTHLY_ONLY,2022-04-29,GLOBAL_OIL_GAS,EXTENDED,,"{""GLOBAL_OIL_GAS"": 1.0}","{""GLOBAL_OIL_GAS"": 0.25}",1.0,2,HOSTILE,0.25,0.25,0.75,PLANNED,2022-05-03,"HISTORICAL UK RETAIL, ISA, ACCOUNT AND BROKER ELIGIBILITY REMAIN PARTLY UNRESOLVED"
REGIME_GRADUAL_HOSTILE25_MONTHLY,MONTHLY_ONLY,2022-05-31,GLOBAL_OIL_GAS,EXTENDED,,"{""GLOBAL_OIL_GAS"": 1.0}","{""GLOBAL_OIL_GAS"": 0.25}",1.0,1,HOSTILE,0.25,0.25,0.75,NO_TARGET_CHANGE,,"HISTORICAL UK RETAIL, ISA, ACCOUNT AND BROKER ELIGIBILITY REMAIN PARTLY UNRESOLVED"
REGIME_GRADUAL_HOSTILE25_MONTHLY,MONTHLY_ONLY,2022-06-30,GLOBAL_OIL_GAS,WEAKENING,,"{""GLOBAL_OIL_GAS"": 1.0}","{""GLOBAL_OIL_GAS"": 0.25}",1.0,0,HOSTILE,0.25,0.25,0.75,NO_TARGET_CHANGE,,"HISTORICAL UK RETAIL, ISA, ACCOUNT AND BROKER ELIGIBILITY REMAIN PARTLY UNRESOLVED"
REGIME_GRADUAL_HOSTILE25_MONTHLY,MONTHLY_ONLY,2022-07-29,GLOBAL_OIL_GAS,WEAKENING,,"{""GLOBAL_OIL_GAS"": 1.0}","{""GLOBAL_OIL_GAS"": 1.0}",1.0,3,POSITIVE,1.0,1.0,0.0,PLANNED,2022-08-01,"HISTORICAL UK RETAIL, ISA, ACCOUNT AND BROKER ELIGIBILITY REMAIN PARTLY UNRESOLVED"
REGIME_GRADUAL_HOSTILE25_MONTHLY,MONTHLY_ONLY,2022-08-31,GLOBAL_INFRASTRUCTURE,WEAKENING,,"{""GLOBAL_INFRASTRUCTURE"": 1.0}","{""GLOBAL_INFRASTRUCTURE"": 1.0}",1.0,4,STRONG,1.0,1.0,0.0,PLANNED,2022-09-01,"HISTORICAL UK RETAIL, ISA, ACCOUNT AND BROKER ELIGIBILITY REMAIN PARTLY UNRESOLVED"
REGIME_GRADUAL_HOSTILE25_MONTHLY,MONTHLY_ONLY,2022-09-30,GLOBAL_OIL_GAS,ESTABLISHED,,"{""GLOBAL_OIL_GAS"": 1.0}","{""GLOBAL_OIL_GAS"": 0.25}",1.0,2,HOSTILE,0.25,0.25,0.75,PLANNED,2022-10-03,"HISTORICAL UK RETAIL, ISA, ACCOUNT AND BROKER ELIGIBILITY REMAIN PARTLY UNRESOLVED"
REGIME_GRADUAL_HOSTILE25_MONTHLY,MONTHLY_ONLY,2022-10-31,GLOBAL_OIL_GAS,EXTENDED,,"{""GLOBAL_OIL_GAS"": 1.0}","{""GLOBAL_OIL_GAS"": 0.25}",1.0,3,HOSTILE,0.25,0.25,0.75,NO_TARGET_CHANGE,,"HISTORICAL UK RETAIL, ISA, ACCOUNT AND BROKER ELIGIBILITY REMAIN PARTLY UNRESOLVED"
REGIME_GRADUAL_HOSTILE25_MONTHLY,MONTHLY_ONLY,2022-11-30,EUROPE_BANKS,EXTENDED,,"{""EUROPE_BANKS"": 1.0}","{""EUROPE_BANKS"": 1.0}",1.0,4,STRONG,1.0,1.0,0.0,PLANNED,2022-12-01,"HISTORICAL UK RETAIL, ISA, ACCOUNT AND BROKER ELIGIBILITY REMAIN PARTLY UNRESOLVED"
REGIME_GRADUAL_HOSTILE25_MONTHLY,MONTHLY_ONLY,2022-12-30,EUROPE_BANKS,EXTENDED,,"{""EUROPE_BANKS"": 1.0}","{""EUROPE_BANKS"": 0.75}",1.0,3,MATURE,0.75,0.75,0.25,PLANNED,2023-01-03,"HISTORICAL UK RETAIL, ISA, ACCOUNT AND BROKER ELIGIBILITY REMAIN PARTLY UNRESOLVED"
REGIME_GRADUAL_HOSTILE25_MONTHLY,MONTHLY_ONLY,2023-01-31,EUROPE_BANKS,EXTENDED,,"{""EUROPE_BANKS"": 1.0}","{""EUROPE_BANKS"": 1.0}",1.0,5,STRONG,1.0,1.0,0.0,PLANNED,2023-02-01,"HISTORICAL UK RETAIL, ISA, ACCOUNT AND BROKER ELIGIBILITY REMAIN PARTLY UNRESOLVED"
REGIME_GRADUAL_HOSTILE25_MONTHLY,MONTHLY_ONLY,2023-02-28,EUROPE_BANKS,EXTENDED,,"{""EUROPE_BANKS"": 1.0}","{""EUROPE_BANKS"": 0.5}",1.0,3,DETERIORATING,0.5,0.5,0.5,PLANNED,2023-03-01,"HISTORICAL UK RETAIL, ISA, ACCOUNT AND BROKER ELIGIBILITY REMAIN PARTLY UNRESOLVED"
REGIME_GRADUAL_HOSTILE25_MONTHLY,MONTHLY_ONLY,2023-03-31,GLOBAL_SEMICONDUCTORS,EXTENDED,,"{""GLOBAL_SEMICONDUCTORS"": 1.0}","{""GLOBAL_SEMICONDUCTORS"": 0.75}",1.0,3,MATURE,0.75,0.75,0.25,PLANNED,2023-04-03,"HISTORICAL UK RETAIL, ISA, ACCOUNT AND BROKER ELIGIBILITY REMAIN PARTLY UNRESOLVED"
REGIME_GRADUAL_HOSTILE25_MONTHLY,MONTHLY_ONLY,2023-04-28,GLOBAL_SEMICONDUCTORS,WEAKENING,,"{""GLOBAL_SEMICONDUCTORS"": 1.0}","{""GLOBAL_SEMICONDUCTORS"": 0.5}",1.0,2,DETERIORATING,0.5,0.5,0.5,PLANNED,2023-05-02,"HISTORICAL UK RETAIL, ISA, ACCOUNT AND BROKER ELIGIBILITY REMAIN PARTLY UNRESOLVED"
REGIME_GRADUAL_HOSTILE25_MONTHLY,MONTHLY_ONLY,2023-05-31,GLOBAL_SEMICONDUCTORS,EXTENDED,,"{""GLOBAL_SEMICONDUCTORS"": 1.0}","{""GLOBAL_SEMICONDUCTORS"": 1.0}",1.0,1,POSITIVE,1.0,1.0,0.0,PLANNED,2023-06-01,"HISTORICAL UK RETAIL, ISA, ACCOUNT AND BROKER ELIGIBILITY REMAIN PARTLY UNRESOLVED"
REGIME_GRADUAL_HOSTILE25_MONTHLY,MONTHLY_ONLY,2023-06-30,GLOBAL_SEMICONDUCTORS,EXTENDED,,"{""GLOBAL_SEMICONDUCTORS"": 1.0}","{""GLOBAL_SEMICONDUCTORS"": 1.0}",1.0,2,POSITIVE,1.0,1.0,0.0,NO_TARGET_CHANGE,,"HISTORICAL UK RETAIL, ISA, ACCOUNT AND BROKER ELIGIBILITY REMAIN PARTLY UNRESOLVED"
REGIME_GRADUAL_HOSTILE25_MONTHLY,MONTHLY_ONLY,2023-07-31,GLOBAL_SEMICONDUCTORS,WEAKENING,,"{""GLOBAL_SEMICONDUCTORS"": 1.0}","{""GLOBAL_SEMICONDUCTORS"": 1.0}",1.0,4,STRONG,1.0,1.0,0.0,NO_TARGET_CHANGE,,"HISTORICAL UK RETAIL, ISA, ACCOUNT AND BROKER ELIGIBILITY REMAIN PARTLY UNRESOLVED"
REGIME_GRADUAL_HOSTILE25_MONTHLY,MONTHLY_ONLY,2023-08-31,GLOBAL_SEMICONDUCTORS,WEAKENING,,"{""GLOBAL_SEMICONDUCTORS"": 1.0}","{""GLOBAL_SEMICONDUCTORS"": 1.0}",1.0,4,STRONG,1.0,1.0,0.0,NO_TARGET_CHANGE,,"HISTORICAL UK RETAIL, ISA, ACCOUNT AND BROKER ELIGIBILITY REMAIN PARTLY UNRESOLVED"
REGIME_GRADUAL_HOSTILE25_MONTHLY,MONTHLY_ONLY,2023-09-29,GLOBAL_URANIUM_NUCLEAR,EXTENDED,,"{""GLOBAL_URANIUM_NUCLEAR"": 1.0}","{""GLOBAL_URANIUM_NUCLEAR"": 1.0}",1.0,4,STRONG,1.0,1.0,0.0,PLANNED,2023-10-02,"HISTORICAL UK RETAIL, ISA, ACCOUNT AND BROKER ELIGIBILITY REMAIN PARTLY UNRESOLVED"
REGIME_GRADUAL_HOSTILE25_MONTHLY,MONTHLY_ONLY,2023-10-31,GLOBAL_URANIUM_NUCLEAR,EXTENDED,,"{""GLOBAL_URANIUM_NUCLEAR"": 1.0}","{""GLOBAL_URANIUM_NUCLEAR"": 0.5}",1.0,2,DETERIORATING,0.5,0.5,0.5,PLANNED,2023-11-01,"HISTORICAL UK RETAIL, ISA, ACCOUNT AND BROKER ELIGIBILITY REMAIN PARTLY UNRESOLVED"
REGIME_GRADUAL_HOSTILE25_MONTHLY,MONTHLY_ONLY,2023-11-30,GLOBAL_URANIUM_NUCLEAR,WEAKENING,,"{""GLOBAL_URANIUM_NUCLEAR"": 1.0}","{""GLOBAL_URANIUM_NUCLEAR"": 1.0}",1.0,4,STRONG,1.0,1.0,0.0,PLANNED,2023-12-01,"HISTORICAL UK RETAIL, ISA, ACCOUNT AND BROKER ELIGIBILITY REMAIN PARTLY UNRESOLVED"
REGIME_GRADUAL_HOSTILE25_MONTHLY,MONTHLY_ONLY,2023-12-29,GLOBAL_AI,EXTENDED,,"{""GLOBAL_AI"": 1.0}","{""GLOBAL_AI"": 0.5}",1.0,2,DETERIORATING,0.5,0.5,0.5,PLANNED,2024-01-02,"HISTORICAL UK RETAIL, ISA, ACCOUNT AND BROKER ELIGIBILITY REMAIN PARTLY UNRESOLVED"
REGIME_GRADUAL_HOSTILE25_MONTHLY,MONTHLY_ONLY,2024-01-31,GLOBAL_SEMICONDUCTORS,EXTENDED,,"{""GLOBAL_SEMICONDUCTORS"": 1.0}","{""GLOBAL_SEMICONDUCTORS"": 1.0}",1.0,3,POSITIVE,1.0,1.0,0.0,PLANNED,2024-02-01,"HISTORICAL UK RETAIL, ISA, ACCOUNT AND BROKER ELIGIBILITY REMAIN PARTLY UNRESOLVED"
REGIME_GRADUAL_HOSTILE25_MONTHLY,MONTHLY_ONLY,2024-02-29,GLOBAL_SEMICONDUCTORS,EXTENDED,,"{""GLOBAL_SEMICONDUCTORS"": 1.0}","{""GLOBAL_SEMICONDUCTORS"": 1.0}",1.0,2,POSITIVE,1.0,1.0,0.0,NO_TARGET_CHANGE,,"HISTORICAL UK RETAIL, ISA, ACCOUNT AND BROKER ELIGIBILITY REMAIN PARTLY UNRESOLVED"
REGIME_GRADUAL_HOSTILE25_MONTHLY,MONTHLY_ONLY,2024-03-28,GLOBAL_SEMICONDUCTORS,EXTENDED,,"{""GLOBAL_SEMICONDUCTORS"": 1.0}","{""GLOBAL_SEMICONDUCTORS"": 1.0}",1.0,2,POSITIVE,1.0,1.0,0.0,NO_TARGET_CHANGE,,"HISTORICAL UK RETAIL, ISA, ACCOUNT AND BROKER ELIGIBILITY REMAIN PARTLY UNRESOLVED"
REGIME_GRADUAL_HOSTILE25_MONTHLY,MONTHLY_ONLY,2024-04-30,EUROPE_BANKS,EXTENDED,,"{""EUROPE_BANKS"": 1.0}","{""EUROPE_BANKS"": 1.0}",1.0,5,STRONG,1.0,1.0,0.0,PLANNED,2024-05-01,"HISTORICAL UK RETAIL, ISA, ACCOUNT AND BROKER ELIGIBILITY REMAIN PARTLY UNRESOLVED"
REGIME_GRADUAL_HOSTILE25_MONTHLY,MONTHLY_ONLY,2024-05-31,EUROPE_BANKS,EXTENDED,,"{""EUROPE_BANKS"": 1.0}","{""EUROPE_BANKS"": 0.75}",1.0,4,MATURE,0.75,0.75,0.25,PLANNED,2024-06-03,"HISTORICAL UK RETAIL, ISA, ACCOUNT AND BROKER ELIGIBILITY REMAIN PARTLY UNRESOLVED"
REGIME_GRADUAL_HOSTILE25_MONTHLY,MONTHLY_ONLY,2024-06-28,GLOBAL_SEMICONDUCTORS,ESTABLISHED,,"{""GLOBAL_SEMICONDUCTORS"": 1.0}","{""GLOBAL_SEMICONDUCTORS"": 0.5}",1.0,1,DETERIORATING,0.5,0.5,0.5,PLANNED,2024-07-01,"HISTORICAL UK RETAIL, ISA, ACCOUNT AND BROKER ELIGIBILITY REMAIN PARTLY UNRESOLVED"
REGIME_GRADUAL_HOSTILE25_MONTHLY,MONTHLY_ONLY,2024-07-31,GLOBAL_GOLD_MINERS,ESTABLISHED,,"{""GLOBAL_GOLD_MINERS"": 1.0}","{""GLOBAL_GOLD_MINERS"": 0.75}",1.0,3,MATURE,0.75,0.75,0.25,PLANNED,2024-08-01,"HISTORICAL UK RETAIL, ISA, ACCOUNT AND BROKER ELIGIBILITY REMAIN PARTLY UNRESOLVED"
REGIME_GRADUAL_HOSTILE25_MONTHLY,MONTHLY_ONLY,2024-08-30,GLOBAL_GOLD_MINERS,ESTABLISHED,,"{""GLOBAL_GOLD_MINERS"": 1.0}","{""GLOBAL_GOLD_MINERS"": 1.0}",1.0,2,POSITIVE,1.0,1.0,0.0,PLANNED,2024-09-02,"HISTORICAL UK RETAIL, ISA, ACCOUNT AND BROKER ELIGIBILITY REMAIN PARTLY UNRESOLVED"
REGIME_GRADUAL_HOSTILE25_MONTHLY,MONTHLY_ONLY,2024-09-30,GLOBAL_GOLD_MINERS,WEAKENING,,"{""GLOBAL_GOLD_MINERS"": 1.0}","{""GLOBAL_GOLD_MINERS"": 1.0}",1.0,4,STRONG,1.0,1.0,0.0,NO_TARGET_CHANGE,,"HISTORICAL UK RETAIL, ISA, ACCOUNT AND BROKER ELIGIBILITY REMAIN PARTLY UNRESOLVED"
REGIME_GRADUAL_HOSTILE25_MONTHLY,MONTHLY_ONLY,2024-10-31,GLOBAL_GOLD_MINERS,ESTABLISHED,,"{""GLOBAL_GOLD_MINERS"": 1.0}","{""GLOBAL_GOLD_MINERS"": 0.5}",1.0,2,DETERIORATING,0.5,0.5,0.5,PLANNED,2024-11-01,"HISTORICAL UK RETAIL, ISA, ACCOUNT AND BROKER ELIGIBILITY REMAIN PARTLY UNRESOLVED"
REGIME_GRADUAL_HOSTILE25_MONTHLY,MONTHLY_ONLY,2024-11-29,GLOBAL_SOFTWARE,EXTENDED,,"{""GLOBAL_SOFTWARE"": 1.0}","{""GLOBAL_SOFTWARE"": 0.75}",1.0,3,MATURE,0.75,0.75,0.25,PLANNED,2024-12-02,"HISTORICAL UK RETAIL, ISA, ACCOUNT AND BROKER ELIGIBILITY REMAIN PARTLY UNRESOLVED"
REGIME_GRADUAL_HOSTILE25_MONTHLY,MONTHLY_ONLY,2024-12-31,GLOBAL_SOFTWARE,EXTENDED,,"{""GLOBAL_SOFTWARE"": 1.0}","{""GLOBAL_SOFTWARE"": 0.5}",1.0,2,DETERIORATING,0.5,0.5,0.5,PLANNED,2025-01-02,"HISTORICAL UK RETAIL, ISA, ACCOUNT AND BROKER ELIGIBILITY REMAIN PARTLY UNRESOLVED"
REGIME_GRADUAL_HOSTILE25_MONTHLY,MONTHLY_ONLY,2025-01-31,GLOBAL_SOFTWARE,WEAKENING,,"{""GLOBAL_SOFTWARE"": 1.0}","{""GLOBAL_SOFTWARE"": 1.0}",1.0,2,POSITIVE,1.0,1.0,0.0,PLANNED,2025-02-03,"HISTORICAL UK RETAIL, ISA, ACCOUNT AND BROKER ELIGIBILITY REMAIN PARTLY UNRESOLVED"
REGIME_GRADUAL_HOSTILE25_MONTHLY,MONTHLY_ONLY,2025-02-28,EUROPE_BANKS,EXTENDED,,"{""EUROPE_BANKS"": 1.0}","{""EUROPE_BANKS"": 1.0}",1.0,4,STRONG,1.0,1.0,0.0,PLANNED,2025-03-03,"HISTORICAL UK RETAIL, ISA, ACCOUNT AND BROKER ELIGIBILITY REMAIN PARTLY UNRESOLVED"
REGIME_GRADUAL_HOSTILE25_MONTHLY,MONTHLY_ONLY,2025-03-31,GLOBAL_GOLD_MINERS,EXTENDED,,"{""GLOBAL_GOLD_MINERS"": 1.0}","{""GLOBAL_GOLD_MINERS"": 1.0}",1.0,4,STRONG,1.0,1.0,0.0,PLANNED,2025-04-01,"HISTORICAL UK RETAIL, ISA, ACCOUNT AND BROKER ELIGIBILITY REMAIN PARTLY UNRESOLVED"
REGIME_GRADUAL_HOSTILE25_MONTHLY,MONTHLY_ONLY,2025-04-30,GLOBAL_GOLD_MINERS,EXTENDED,,"{""GLOBAL_GOLD_MINERS"": 1.0}","{""GLOBAL_GOLD_MINERS"": 0.25}",1.0,2,HOSTILE,0.25,0.25,0.75,PLANNED,2025-05-01,"HISTORICAL UK RETAIL, ISA, ACCOUNT AND BROKER ELIGIBILITY REMAIN PARTLY UNRESOLVED"
REGIME_GRADUAL_HOSTILE25_MONTHLY,MONTHLY_ONLY,2025-05-30,GLOBAL_GOLD_MINERS,WEAKENING,,"{""GLOBAL_GOLD_MINERS"": 1.0}","{""GLOBAL_GOLD_MINERS"": 0.25}",1.0,2,HOSTILE,0.25,0.25,0.75,NO_TARGET_CHANGE,,"HISTORICAL UK RETAIL, ISA, ACCOUNT AND BROKER ELIGIBILITY REMAIN PARTLY UNRESOLVED"
REGIME_GRADUAL_HOSTILE25_MONTHLY,MONTHLY_ONLY,2025-06-30,EUROPE_BANKS,WEAKENING,,"{""EUROPE_BANKS"": 1.0}","{""EUROPE_BANKS"": 0.5}",1.0,2,DETERIORATING,0.5,0.5,0.5,PLANNED,2025-07-01,"HISTORICAL UK RETAIL, ISA, ACCOUNT AND BROKER ELIGIBILITY REMAIN PARTLY UNRESOLVED"
REGIME_GRADUAL_HOSTILE25_MONTHLY,MONTHLY_ONLY,2025-07-31,EUROPE_BANKS,ESTABLISHED,,"{""EUROPE_BANKS"": 1.0}","{""EUROPE_BANKS"": 0.75}",1.0,4,MATURE,0.75,0.75,0.25,PLANNED,2025-08-01,"HISTORICAL UK RETAIL, ISA, ACCOUNT AND BROKER ELIGIBILITY REMAIN PARTLY UNRESOLVED"
REGIME_GRADUAL_HOSTILE25_MONTHLY,MONTHLY_ONLY,2025-08-29,GLOBAL_SILVER_MINERS,ESTABLISHED,,"{""GLOBAL_SILVER_MINERS"": 1.0}","{""GLOBAL_SILVER_MINERS"": 0.5}",1.0,2,DETERIORATING,0.5,0.5,0.5,PLANNED,2025-09-01,"HISTORICAL UK RETAIL, ISA, ACCOUNT AND BROKER ELIGIBILITY REMAIN PARTLY UNRESOLVED"
REGIME_GRADUAL_HOSTILE25_MONTHLY,MONTHLY_ONLY,2025-09-30,GLOBAL_SILVER_MINERS,EXTENDED,,"{""GLOBAL_SILVER_MINERS"": 1.0}","{""GLOBAL_SILVER_MINERS"": 0.75}",1.0,3,MATURE,0.75,0.75,0.25,PLANNED,2025-10-01,"HISTORICAL UK RETAIL, ISA, ACCOUNT AND BROKER ELIGIBILITY REMAIN PARTLY UNRESOLVED"
REGIME_GRADUAL_HOSTILE25_MONTHLY,MONTHLY_ONLY,2025-10-31,GLOBAL_SILVER_MINERS,WEAKENING,,"{""GLOBAL_SILVER_MINERS"": 1.0}","{""GLOBAL_SILVER_MINERS"": 1.0}",1.0,4,STRONG,1.0,1.0,0.0,PLANNED,2025-11-03,"HISTORICAL UK RETAIL, ISA, ACCOUNT AND BROKER ELIGIBILITY REMAIN PARTLY UNRESOLVED"
REGIME_GRADUAL_HOSTILE25_MONTHLY,MONTHLY_ONLY,2025-11-28,GLOBAL_SILVER_MINERS,WEAKENING,,"{""GLOBAL_SILVER_MINERS"": 1.0}","{""GLOBAL_SILVER_MINERS"": 1.0}",1.0,4,STRONG,1.0,1.0,0.0,NO_TARGET_CHANGE,,"HISTORICAL UK RETAIL, ISA, ACCOUNT AND BROKER ELIGIBILITY REMAIN PARTLY UNRESOLVED"
REGIME_GRADUAL_HOSTILE25_MONTHLY,MONTHLY_ONLY,2025-12-31,GLOBAL_SILVER_MINERS,ESTABLISHED,,"{""GLOBAL_SILVER_MINERS"": 1.0}","{""GLOBAL_SILVER_MINERS"": 1.0}",1.0,4,STRONG,1.0,1.0,0.0,NO_TARGET_CHANGE,,"HISTORICAL UK RETAIL, ISA, ACCOUNT AND BROKER ELIGIBILITY REMAIN PARTLY UNRESOLVED"
REGIME_GRADUAL_HOSTILE25_MONTHLY,MONTHLY_ONLY,2026-01-30,GLOBAL_SILVER_MINERS,EXTENDED,,"{""GLOBAL_SILVER_MINERS"": 1.0}","{""GLOBAL_SILVER_MINERS"": 0.75}",1.0,3,MATURE,0.75,0.75,0.25,PLANNED,2026-02-02,"HISTORICAL UK RETAIL, ISA, ACCOUNT AND BROKER ELIGIBILITY REMAIN PARTLY UNRESOLVED"
REGIME_GRADUAL_HOSTILE25_MONTHLY,MONTHLY_ONLY,2026-02-27,GLOBAL_SILVER_MINERS,EXTENDED,,"{""GLOBAL_SILVER_MINERS"": 1.0}","{""GLOBAL_SILVER_MINERS"": 0.75}",1.0,3,MATURE,0.75,0.75,0.25,NO_TARGET_CHANGE,,"HISTORICAL UK RETAIL, ISA, ACCOUNT AND BROKER ELIGIBILITY REMAIN PARTLY UNRESOLVED"
REGIME_GRADUAL_HOSTILE25_MONTHLY,MONTHLY_ONLY,2026-03-31,GLOBAL_OIL_GAS,EXTENDED,,"{""GLOBAL_OIL_GAS"": 1.0}","{""GLOBAL_OIL_GAS"": 0.75}",1.0,3,MATURE,0.75,0.75,0.25,PLANNED,2026-04-01,"HISTORICAL UK RETAIL, ISA, ACCOUNT AND BROKER ELIGIBILITY REMAIN PARTLY UNRESOLVED"
REGIME_GRADUAL_HOSTILE25_MONTHLY,MONTHLY_ONLY,2026-04-30,GLOBAL_SEMICONDUCTORS,EXTENDED,,"{""GLOBAL_SEMICONDUCTORS"": 1.0}","{""GLOBAL_SEMICONDUCTORS"": 1.0}",1.0,4,STRONG,1.0,1.0,0.0,PLANNED,2026-05-01,"HISTORICAL UK RETAIL, ISA, ACCOUNT AND BROKER ELIGIBILITY REMAIN PARTLY UNRESOLVED"
REGIME_GRADUAL_HOSTILE25_MONTHLY,MONTHLY_ONLY,2026-05-29,GLOBAL_SEMICONDUCTORS,EXTENDED,,"{""GLOBAL_SEMICONDUCTORS"": 1.0}","{""GLOBAL_SEMICONDUCTORS"": 0.75}",1.0,4,MATURE,0.75,0.75,0.25,PLANNED,2026-06-01,"HISTORICAL UK RETAIL, ISA, ACCOUNT AND BROKER ELIGIBILITY REMAIN PARTLY UNRESOLVED"
REGIME_GRADUAL_HOSTILE25_MONTHLY,MONTHLY_ONLY,2026-06-30,GLOBAL_SEMICONDUCTORS,EXTENDED,,"{""GLOBAL_SEMICONDUCTORS"": 1.0}","{""GLOBAL_SEMICONDUCTORS"": 0.5}",1.0,3,DETERIORATING,0.5,0.5,0.5,PLANNED,2026-07-01,"HISTORICAL UK RETAIL, ISA, ACCOUNT AND BROKER ELIGIBILITY REMAIN PARTLY UNRESOLVED"
REGIME_GRADUAL_HOSTILE25_MONTHLY,MONTHLY_ONLY,2026-07-31,GLOBAL_SEMICONDUCTORS,WEAKENING,,"{""GLOBAL_SEMICONDUCTORS"": 1.0}","{""GLOBAL_SEMICONDUCTORS"": 1.0}",1.0,5,STRONG,1.0,1.0,0.0,PLANNED,2026-08-03,"HISTORICAL UK RETAIL, ISA, ACCOUNT AND BROKER ELIGIBILITY REMAIN PARTLY UNRESOLVED"
REGIME_GRADUAL_HOSTILE25_MONTHLY,MONTHLY_ONLY,2026-08-21,GLOBAL_GENOMICS,EXTENDED,,"{""GLOBAL_GENOMICS"": 1.0}","{""GLOBAL_GENOMICS"": 0.5}",1.0,3,DETERIORATING,0.5,0.5,0.5,CANCELLED_PANEL_END_NO_EXECUTION_SESSION,,"HISTORICAL UK RETAIL, ISA, ACCOUNT AND BROKER ELIGIBILITY REMAIN PARTLY UNRESOLVED"
ABLATION_BASELINE,WEEKLY,2021-08-31,GLOBAL_CYBERSECURITY,ESTABLISHED,,"{""GLOBAL_CYBERSECURITY"": 1.0}","{""GLOBAL_CYBERSECURITY"": 1.0}",1.0,3,MATURE,1.0,1.0,0.0,PLANNED,2021-09-01,"HISTORICAL UK RETAIL, ISA, ACCOUNT AND BROKER ELIGIBILITY REMAIN PARTLY UNRESOLVED"
ABLATION_BASELINE,WEEKLY,2021-09-03,GLOBAL_CYBERSECURITY,EXTENDED,,"{""GLOBAL_CYBERSECURITY"": 1.0}","{""GLOBAL_CYBERSECURITY"": 1.0}",1.0,3,MATURE,1.0,1.0,0.0,NO_TARGET_CHANGE,,"HISTORICAL UK RETAIL, ISA, ACCOUNT AND BROKER ELIGIBILITY REMAIN PARTLY UNRESOLVED"
ABLATION_BASELINE,WEEKLY,2021-09-10,GLOBAL_CYBERSECURITY,ESTABLISHED,,"{""GLOBAL_CYBERSECURITY"": 1.0}","{""GLOBAL_CYBERSECURITY"": 1.0}",1.0,3,MATURE,1.0,1.0,0.0,NO_TARGET_CHANGE,,"HISTORICAL UK RETAIL, ISA, ACCOUNT AND BROKER ELIGIBILITY REMAIN PARTLY UNRESOLVED"
ABLATION_BASELINE,WEEKLY,2021-09-17,GLOBAL_CYBERSECURITY,ESTABLISHED,,"{""GLOBAL_CYBERSECURITY"": 1.0}","{""GLOBAL_CYBERSECURITY"": 1.0}",1.0,3,MATURE,1.0,1.0,0.0,NO_TARGET_CHANGE,,"HISTORICAL UK RETAIL, ISA, ACCOUNT AND BROKER ELIGIBILITY REMAIN PARTLY UNRESOLVED"
ABLATION_BASELINE,WEEKLY,2021-09-24,GLOBAL_CYBERSECURITY,WEAKENING,,"{""GLOBAL_CYBERSECURITY"": 1.0}","{""GLOBAL_CYBERSECURITY"": 1.0}",1.0,3,MATURE,1.0,1.0,0.0,NO_TARGET_CHANGE,,"HISTORICAL UK RETAIL, ISA, ACCOUNT AND BROKER ELIGIBILITY REMAIN PARTLY UNRESOLVED"
ABLATION_BASELINE,WEEKLY,2021-09-30,GLOBAL_OIL_GAS,ESTABLISHED,,"{""GLOBAL_OIL_GAS"": 1.0}","{""GLOBAL_OIL_GAS"": 1.0}",1.0,3,MATURE,1.0,1.0,0.0,PLANNED,2021-10-01,"HISTORICAL UK RETAIL, ISA, ACCOUNT AND BROKER ELIGIBILITY REMAIN PARTLY UNRESOLVED"
ABLATION_BASELINE,WEEKLY,2021-10-01,GLOBAL_OIL_GAS,ESTABLISHED,,"{""GLOBAL_OIL_GAS"": 1.0}","{""GLOBAL_OIL_GAS"": 1.0}",1.0,4,STRONG,1.0,1.0,0.0,NO_TARGET_CHANGE,,"HISTORICAL UK RETAIL, ISA, ACCOUNT AND BROKER ELIGIBILITY REMAIN PARTLY UNRESOLVED"
ABLATION_BASELINE,WEEKLY,2021-10-08,GLOBAL_OIL_GAS,EXTENDED,,"{""GLOBAL_OIL_GAS"": 1.0}","{""GLOBAL_OIL_GAS"": 1.0}",1.0,4,STRONG,1.0,1.0,0.0,NO_TARGET_CHANGE,,"HISTORICAL UK RETAIL, ISA, ACCOUNT AND BROKER ELIGIBILITY REMAIN PARTLY UNRESOLVED"
ABLATION_BASELINE,WEEKLY,2021-10-15,GLOBAL_OIL_GAS,EXTENDED,,"{""GLOBAL_OIL_GAS"": 1.0}","{""GLOBAL_OIL_GAS"": 1.0}",1.0,5,STRONG,1.0,1.0,0.0,NO_TARGET_CHANGE,,"HISTORICAL UK RETAIL, ISA, ACCOUNT AND BROKER ELIGIBILITY REMAIN PARTLY UNRESOLVED"
ABLATION_BASELINE,WEEKLY,2021-10-22,GLOBAL_OIL_GAS,EXTENDED,,"{""GLOBAL_OIL_GAS"": 1.0}","{""GLOBAL_OIL_GAS"": 1.0}",1.0,3,DETERIORATING,1.0,1.0,0.0,NO_TARGET_CHANGE,,"HISTORICAL UK RETAIL, ISA, ACCOUNT AND BROKER ELIGIBILITY REMAIN PARTLY UNRESOLVED"
ABLATION_BASELINE,WEEKLY,2021-10-29,GLOBAL_OIL_GAS,EXTENDED,,"{""GLOBAL_OIL_GAS"": 1.0}","{""GLOBAL_OIL_GAS"": 1.0}",1.0,3,DETERIORATING,1.0,1.0,0.0,NO_TARGET_CHANGE,,"HISTORICAL UK RETAIL, ISA, ACCOUNT AND BROKER ELIGIBILITY REMAIN PARTLY UNRESOLVED"
ABLATION_BASELINE,WEEKLY,2021-11-05,GLOBAL_OIL_GAS,EXTENDED,,"{""GLOBAL_OIL_GAS"": 1.0}","{""GLOBAL_OIL_GAS"": 1.0}",1.0,2,DETERIORATING,1.0,1.0,0.0,NO_TARGET_CHANGE,,"HISTORICAL UK RETAIL, ISA, ACCOUNT AND BROKER ELIGIBILITY REMAIN PARTLY UNRESOLVED"
ABLATION_BASELINE,WEEKLY,2021-11-12,GLOBAL_OIL_GAS,WEAKENING,,"{""GLOBAL_OIL_GAS"": 1.0}","{""GLOBAL_OIL_GAS"": 1.0}",1.0,3,DETERIORATING,1.0,1.0,0.0,NO_TARGET_CHANGE,,"HISTORICAL UK RETAIL, ISA, ACCOUNT AND BROKER ELIGIBILITY REMAIN PARTLY UNRESOLVED"
ABLATION_BASELINE,WEEKLY,2021-11-19,GLOBAL_OIL_GAS,WEAKENING,,"{""GLOBAL_OIL_GAS"": 1.0}","{""GLOBAL_OIL_GAS"": 1.0}",1.0,2,DETERIORATING,1.0,1.0,0.0,NO_TARGET_CHANGE,,"HISTORICAL UK RETAIL, ISA, ACCOUNT AND BROKER ELIGIBILITY REMAIN PARTLY UNRESOLVED"
ABLATION_BASELINE,WEEKLY,2021-11-26,GLOBAL_OIL_GAS,WEAKENING,,"{""GLOBAL_OIL_GAS"": 1.0}","{""GLOBAL_OIL_GAS"": 1.0}",1.0,2,DETERIORATING,1.0,1.0,0.0,NO_TARGET_CHANGE,,"HISTORICAL UK RETAIL, ISA, ACCOUNT AND BROKER ELIGIBILITY REMAIN PARTLY UNRESOLVED"
ABLATION_BASELINE,WEEKLY,2021-11-30,GLOBAL_SEMICONDUCTORS,EXTENDED,,"{""GLOBAL_SEMICONDUCTORS"": 1.0}","{""GLOBAL_SEMICONDUCTORS"": 1.0}",1.0,2,DETERIORATING,1.0,1.0,0.0,PLANNED,2021-12-01,"HISTORICAL UK RETAIL, ISA, ACCOUNT AND BROKER ELIGIBILITY REMAIN PARTLY UNRESOLVED"
ABLATION_BASELINE,WEEKLY,2021-12-03,GLOBAL_SEMICONDUCTORS,EXTENDED,,"{""GLOBAL_SEMICONDUCTORS"": 1.0}","{""GLOBAL_SEMICONDUCTORS"": 1.0}",1.0,3,DETERIORATING,1.0,1.0,0.0,NO_TARGET_CHANGE,,"HISTORICAL UK RETAIL, ISA, ACCOUNT AND BROKER ELIGIBILITY REMAIN PARTLY UNRESOLVED"
ABLATION_BASELINE,WEEKLY,2021-12-10,GLOBAL_SEMICONDUCTORS,ESTABLISHED,,"{""GLOBAL_SEMICONDUCTORS"": 1.0}","{""GLOBAL_SEMICONDUCTORS"": 1.0}",1.0,2,DETERIORATING,1.0,1.0,0.0,NO_TARGET_CHANGE,,"HISTORICAL UK RETAIL, ISA, ACCOUNT AND BROKER ELIGIBILITY REMAIN PARTLY UNRESOLVED"
ABLATION_BASELINE,WEEKLY,2021-12-17,GLOBAL_SEMICONDUCTORS,ESTABLISHED,,"{""GLOBAL_SEMICONDUCTORS"": 1.0}","{""GLOBAL_SEMICONDUCTORS"": 1.0}",1.0,3,POSITIVE,1.0,1.0,0.0,NO_TARGET_CHANGE,,"HISTORICAL UK RETAIL, ISA, ACCOUNT AND BROKER ELIGIBILITY REMAIN PARTLY UNRESOLVED"
ABLATION_BASELINE,WEEKLY,2021-12-24,GLOBAL_SEMICONDUCTORS,EXTENDED,,"{""GLOBAL_SEMICONDUCTORS"": 1.0}","{""GLOBAL_SEMICONDUCTORS"": 1.0}",1.0,0,HOSTILE,1.0,1.0,0.0,NO_TARGET_CHANGE,,"HISTORICAL UK RETAIL, ISA, ACCOUNT AND BROKER ELIGIBILITY REMAIN PARTLY UNRESOLVED"
ABLATION_BASELINE,WEEKLY,2021-12-31,GLOBAL_SEMICONDUCTORS,EXTENDED,,"{""GLOBAL_SEMICONDUCTORS"": 1.0}","{""GLOBAL_SEMICONDUCTORS"": 1.0}",1.0,2,POSITIVE,1.0,1.0,0.0,NO_TARGET_CHANGE,,"HISTORICAL UK RETAIL, ISA, ACCOUNT AND BROKER ELIGIBILITY REMAIN PARTLY UNRESOLVED"
ABLATION_BASELINE,WEEKLY,2022-01-07,GLOBAL_SEMICONDUCTORS,OTHER,,"{""GLOBAL_SEMICONDUCTORS"": 1.0}","{""GLOBAL_SEMICONDUCTORS"": 1.0}",1.0,2,POSITIVE,1.0,1.0,0.0,NO_TARGET_CHANGE,,"HISTORICAL UK RETAIL, ISA, ACCOUNT AND BROKER ELIGIBILITY REMAIN PARTLY UNRESOLVED"
ABLATION_BASELINE,WEEKLY,2022-01-14,GLOBAL_SEMICONDUCTORS,WEAKENING,,"{""GLOBAL_SEMICONDUCTORS"": 1.0}","{""GLOBAL_SEMICONDUCTORS"": 1.0}",1.0,4,STRONG,1.0,1.0,0.0,NO_TARGET_CHANGE,,"HISTORICAL UK RETAIL, ISA, ACCOUNT AND BROKER ELIGIBILITY REMAIN PARTLY UNRESOLVED"
ABLATION_BASELINE,WEEKLY,2022-01-21,GLOBAL_SEMICONDUCTORS,WEAKENING,,"{""GLOBAL_SEMICONDUCTORS"": 1.0}","{""GLOBAL_SEMICONDUCTORS"": 1.0}",1.0,3,MATURE,1.0,1.0,0.0,NO_TARGET_CHANGE,,"HISTORICAL UK RETAIL, ISA, ACCOUNT AND BROKER ELIGIBILITY REMAIN PARTLY UNRESOLVED"
ABLATION_BASELINE,WEEKLY,2022-01-28,GLOBAL_SEMICONDUCTORS,FAILED,,"{""GLOBAL_SEMICONDUCTORS"": 1.0}","{""GLOBAL_SEMICONDUCTORS"": 1.0}",1.0,2,HOSTILE,1.0,1.0,0.0,NO_TARGET_CHANGE,,"HISTORICAL UK RETAIL, ISA, ACCOUNT AND BROKER ELIGIBILITY REMAIN PARTLY UNRESOLVED"
ABLATION_BASELINE,WEEKLY,2022-01-31,GLOBAL_OIL_GAS,EXTENDED,,"{""GLOBAL_OIL_GAS"": 1.0}","{""GLOBAL_OIL_GAS"": 1.0}",1.0,2,HOSTILE,1.0,1.0,0.0,PLANNED,2022-02-01,"HISTORICAL UK RETAIL, ISA, ACCOUNT AND BROKER ELIGIBILITY REMAIN PARTLY UNRESOLVED"
ABLATION_BASELINE,WEEKLY,2022-02-04,GLOBAL_OIL_GAS,EXTENDED,,"{""GLOBAL_OIL_GAS"": 1.0}","{""GLOBAL_OIL_GAS"": 1.0}",1.0,4,STRONG,1.0,1.0,0.0,NO_TARGET_CHANGE,,"HISTORICAL UK RETAIL, ISA, ACCOUNT AND BROKER ELIGIBILITY REMAIN PARTLY UNRESOLVED"
ABLATION_BASELINE,WEEKLY,2022-02-11,GLOBAL_OIL_GAS,EXTENDED,,"{""GLOBAL_OIL_GAS"": 1.0}","{""GLOBAL_OIL_GAS"": 1.0}",1.0,2,DETERIORATING,1.0,1.0,0.0,NO_TARGET_CHANGE,,"HISTORICAL UK RETAIL, ISA, ACCOUNT AND BROKER ELIGIBILITY REMAIN PARTLY UNRESOLVED"
ABLATION_BASELINE,WEEKLY,2022-02-18,GLOBAL_OIL_GAS,EXTENDED,,"{""GLOBAL_OIL_GAS"": 1.0}","{""GLOBAL_OIL_GAS"": 1.0}",1.0,2,HOSTILE,1.0,1.0,0.0,NO_TARGET_CHANGE,,"HISTORICAL UK RETAIL, ISA, ACCOUNT AND BROKER ELIGIBILITY REMAIN PARTLY UNRESOLVED"
ABLATION_BASELINE,WEEKLY,2022-02-25,GLOBAL_OIL_GAS,EXTENDED,,"{""GLOBAL_OIL_GAS"": 1.0}","{""GLOBAL_OIL_GAS"": 1.0}",1.0,2,HOSTILE,1.0,1.0,0.0,NO_TARGET_CHANGE,,"HISTORICAL UK RETAIL, ISA, ACCOUNT AND BROKER ELIGIBILITY REMAIN PARTLY UNRESOLVED"
ABLATION_BASELINE,WEEKLY,2022-02-28,GLOBAL_OIL_GAS,EXTENDED,,"{""GLOBAL_OIL_GAS"": 1.0}","{""GLOBAL_OIL_GAS"": 1.0}",1.0,2,HOSTILE,1.0,1.0,0.0,NO_TARGET_CHANGE,,"HISTORICAL UK RETAIL, ISA, ACCOUNT AND BROKER ELIGIBILITY REMAIN PARTLY UNRESOLVED"
ABLATION_BASELINE,WEEKLY,2022-03-04,GLOBAL_OIL_GAS,EXTENDED,,"{""GLOBAL_OIL_GAS"": 1.0}","{""GLOBAL_OIL_GAS"": 1.0}",1.0,1,HOSTILE,1.0,1.0,0.0,NO_TARGET_CHANGE,,"HISTORICAL UK RETAIL, ISA, ACCOUNT AND BROKER ELIGIBILITY REMAIN PARTLY UNRESOLVED"
ABLATION_BASELINE,WEEKLY,2022-03-11,GLOBAL_OIL_GAS,EXTENDED,,"{""GLOBAL_OIL_GAS"": 1.0}","{""GLOBAL_OIL_GAS"": 1.0}",1.0,2,HOSTILE,1.0,1.0,0.0,NO_TARGET_CHANGE,,"HISTORICAL UK RETAIL, ISA, ACCOUNT AND BROKER ELIGIBILITY REMAIN PARTLY UNRESOLVED"
ABLATION_BASELINE,WEEKLY,2022-03-18,GLOBAL_OIL_GAS,EXTENDED,,"{""GLOBAL_OIL_GAS"": 1.0}","{""GLOBAL_OIL_GAS"": 1.0}",1.0,3,MATURE,1.0,1.0,0.0,NO_TARGET_CHANGE,,"HISTORICAL UK RETAIL, ISA, ACCOUNT AND BROKER ELIGIBILITY REMAIN PARTLY UNRESOLVED"
ABLATION_BASELINE,WEEKLY,2022-03-25,GLOBAL_OIL_GAS,EXTENDED,,"{""GLOBAL_OIL_GAS"": 1.0}","{""GLOBAL_OIL_GAS"": 1.0}",1.0,3,MATURE,1.0,1.0,0.0,NO_TARGET_CHANGE,,"HISTORICAL UK RETAIL, ISA, ACCOUNT AND BROKER ELIGIBILITY REMAIN PARTLY UNRESOLVED"
ABLATION_BASELINE,WEEKLY,2022-03-31,GLOBAL_OIL_GAS,EXTENDED,,"{""GLOBAL_OIL_GAS"": 1.0}","{""GLOBAL_OIL_GAS"": 1.0}",1.0,3,MATURE,1.0,1.0,0.0,NO_TARGET_CHANGE,,"HISTORICAL UK RETAIL, ISA, ACCOUNT AND BROKER ELIGIBILITY REMAIN PARTLY UNRESOLVED"
ABLATION_BASELINE,WEEKLY,2022-04-01,GLOBAL_OIL_GAS,EXTENDED,,"{""GLOBAL_OIL_GAS"": 1.0}","{""GLOBAL_OIL_GAS"": 1.0}",1.0,2,DETERIORATING,1.0,1.0,0.0,NO_TARGET_CHANGE,,"HISTORICAL UK RETAIL, ISA, ACCOUNT AND BROKER ELIGIBILITY REMAIN PARTLY UNRESOLVED"
ABLATION_BASELINE,WEEKLY,2022-04-08,GLOBAL_OIL_GAS,EXTENDED,,"{""GLOBAL_OIL_GAS"": 1.0}","{""GLOBAL_OIL_GAS"": 1.0}",1.0,3,POSITIVE,1.0,1.0,0.0,NO_TARGET_CHANGE,,"HISTORICAL UK RETAIL, ISA, ACCOUNT AND BROKER ELIGIBILITY REMAIN PARTLY UNRESOLVED"
ABLATION_BASELINE,WEEKLY,2022-04-14,GLOBAL_OIL_GAS,EXTENDED,,"{""GLOBAL_OIL_GAS"": 1.0}","{""GLOBAL_OIL_GAS"": 1.0}",1.0,3,POSITIVE,1.0,1.0,0.0,NO_TARGET_CHANGE,,"HISTORICAL UK RETAIL, ISA, ACCOUNT AND BROKER ELIGIBILITY REMAIN PARTLY UNRESOLVED"
ABLATION_BASELINE,WEEKLY,2022-04-22,GLOBAL_OIL_GAS,EXTENDED,,"{""GLOBAL_OIL_GAS"": 1.0}","{""GLOBAL_OIL_GAS"": 1.0}",1.0,1,HOSTILE,1.0,1.0,0.0,NO_TARGET_CHANGE,,"HISTORICAL UK RETAIL, ISA, ACCOUNT AND BROKER ELIGIBILITY REMAIN PARTLY UNRESOLVED"
ABLATION_BASELINE,WEEKLY,2022-04-29,GLOBAL_OIL_GAS,EXTENDED,,"{""GLOBAL_OIL_GAS"": 1.0}","{""GLOBAL_OIL_GAS"": 1.0}",1.0,2,HOSTILE,1.0,1.0,0.0,NO_TARGET_CHANGE,,"HISTORICAL UK RETAIL, ISA, ACCOUNT AND BROKER ELIGIBILITY REMAIN PARTLY UNRESOLVED"
ABLATION_BASELINE,WEEKLY,2022-05-06,GLOBAL_OIL_GAS,EXTENDED,,"{""GLOBAL_OIL_GAS"": 1.0}","{""GLOBAL_OIL_GAS"": 1.0}",1.0,2,HOSTILE,1.0,1.0,0.0,NO_TARGET_CHANGE,,"HISTORICAL UK RETAIL, ISA, ACCOUNT AND BROKER ELIGIBILITY REMAIN PARTLY UNRESOLVED"
ABLATION_BASELINE,WEEKLY,2022-05-13,GLOBAL_OIL_GAS,EXTENDED,,"{""GLOBAL_OIL_GAS"": 1.0}","{""GLOBAL_OIL_GAS"": 1.0}",1.0,2,HOSTILE,1.0,1.0,0.0,NO_TARGET_CHANGE,,"HISTORICAL UK RETAIL, ISA, ACCOUNT AND BROKER ELIGIBILITY REMAIN PARTLY UNRESOLVED"
ABLATION_BASELINE,WEEKLY,2022-05-20,GLOBAL_OIL_GAS,EXTENDED,,"{""GLOBAL_OIL_GAS"": 1.0}","{""GLOBAL_OIL_GAS"": 1.0}",1.0,2,HOSTILE,1.0,1.0,0.0,NO_TARGET_CHANGE,,"HISTORICAL UK RETAIL, ISA, ACCOUNT AND BROKER ELIGIBILITY REMAIN PARTLY UNRESOLVED"
ABLATION_BASELINE,WEEKLY,2022-05-27,GLOBAL_OIL_GAS,EXTENDED,,"{""GLOBAL_OIL_GAS"": 1.0}","{""GLOBAL_OIL_GAS"": 1.0}",1.0,1,HOSTILE,1.0,1.0,0.0,NO_TARGET_CHANGE,,"HISTORICAL UK RETAIL, ISA, ACCOUNT AND BROKER ELIGIBILITY REMAIN PARTLY UNRESOLVED"
ABLATION_BASELINE,WEEKLY,2022-05-31,GLOBAL_OIL_GAS,EXTENDED,,"{""GLOBAL_OIL_GAS"": 1.0}","{""GLOBAL_OIL_GAS"": 1.0}",1.0,1,HOSTILE,1.0,1.0,0.0,NO_TARGET_CHANGE,,"HISTORICAL UK RETAIL, ISA, ACCOUNT AND BROKER ELIGIBILITY REMAIN PARTLY UNRESOLVED"
ABLATION_BASELINE,WEEKLY,2022-06-01,GLOBAL_OIL_GAS,EXTENDED,,"{""GLOBAL_OIL_GAS"": 1.0}","{""GLOBAL_OIL_GAS"": 1.0}",1.0,1,HOSTILE,1.0,1.0,0.0,NO_TARGET_CHANGE,,"HISTORICAL UK RETAIL, ISA, ACCOUNT AND BROKER ELIGIBILITY REMAIN PARTLY UNRESOLVED"
ABLATION_BASELINE,WEEKLY,2022-06-10,GLOBAL_OIL_GAS,EXTENDED,,"{""GLOBAL_OIL_GAS"": 1.0}","{""GLOBAL_OIL_GAS"": 1.0}",1.0,1,HOSTILE,1.0,1.0,0.0,NO_TARGET_CHANGE,,"HISTORICAL UK RETAIL, ISA, ACCOUNT AND BROKER ELIGIBILITY REMAIN PARTLY UNRESOLVED"
ABLATION_BASELINE,WEEKLY,2022-06-17,GLOBAL_OIL_GAS,WEAKENING,,"{""GLOBAL_OIL_GAS"": 1.0}","{""GLOBAL_OIL_GAS"": 1.0}",1.0,2,HOSTILE,1.0,1.0,0.0,NO_TARGET_CHANGE,,"HISTORICAL UK RETAIL, ISA, ACCOUNT AND BROKER ELIGIBILITY REMAIN PARTLY UNRESOLVED"
ABLATION_BASELINE,WEEKLY,2022-06-24,GLOBAL_OIL_GAS,WEAKENING,,"{""GLOBAL_OIL_GAS"": 1.0}","{""GLOBAL_OIL_GAS"": 1.0}",1.0,0,HOSTILE,1.0,1.0,0.0,NO_TARGET_CHANGE,,"HISTORICAL UK RETAIL, ISA, ACCOUNT AND BROKER ELIGIBILITY REMAIN PARTLY UNRESOLVED"
ABLATION_BASELINE,WEEKLY,2022-06-30,GLOBAL_OIL_GAS,WEAKENING,,"{""GLOBAL_OIL_GAS"": 1.0}","{""GLOBAL_OIL_GAS"": 1.0}",1.0,0,HOSTILE,1.0,1.0,0.0,NO_TARGET_CHANGE,,"HISTORICAL UK RETAIL, ISA, ACCOUNT AND BROKER ELIGIBILITY REMAIN PARTLY UNRESOLVED"
ABLATION_BASELINE,WEEKLY,2022-07-01,GLOBAL_OIL_GAS,WEAKENING,,"{""GLOBAL_OIL_GAS"": 1.0}","{""GLOBAL_OIL_GAS"": 1.0}",1.0,2,HOSTILE,1.0,1.0,0.0,NO_TARGET_CHANGE,,"HISTORICAL UK RETAIL, ISA, ACCOUNT AND BROKER ELIGIBILITY REMAIN PARTLY UNRESOLVED"
ABLATION_BASELINE,WEEKLY,2022-07-08,GLOBAL_OIL_GAS,WEAKENING,,"{""GLOBAL_OIL_GAS"": 1.0}","{""GLOBAL_OIL_GAS"": 1.0}",1.0,2,HOSTILE,1.0,1.0,0.0,NO_TARGET_CHANGE,,"HISTORICAL UK RETAIL, ISA, ACCOUNT AND BROKER ELIGIBILITY REMAIN PARTLY UNRESOLVED"
ABLATION_BASELINE,WEEKLY,2022-07-15,GLOBAL_OIL_GAS,FAILED,,"{""GLOBAL_OIL_GAS"": 1.0}","{""GLOBAL_OIL_GAS"": 1.0}",1.0,2,HOSTILE,1.0,1.0,0.0,NO_TARGET_CHANGE,,"HISTORICAL UK RETAIL, ISA, ACCOUNT AND BROKER ELIGIBILITY REMAIN PARTLY UNRESOLVED"
ABLATION_BASELINE,WEEKLY,2022-07-22,GLOBAL_OIL_GAS,FAILED,,"{""GLOBAL_OIL_GAS"": 1.0}","{""GLOBAL_OIL_GAS"": 1.0}",1.0,3,HOSTILE,1.0,1.0,0.0,NO_TARGET_CHANGE,,"HISTORICAL UK RETAIL, ISA, ACCOUNT AND BROKER ELIGIBILITY REMAIN PARTLY UNRESOLVED"
ABLATION_BASELINE,WEEKLY,2022-07-29,GLOBAL_OIL_GAS,WEAKENING,,"{""GLOBAL_OIL_GAS"": 1.0}","{""GLOBAL_OIL_GAS"": 1.0}",1.0,3,POSITIVE,1.0,1.0,0.0,NO_TARGET_CHANGE,,"HISTORICAL UK RETAIL, ISA, ACCOUNT AND BROKER ELIGIBILITY REMAIN PARTLY UNRESOLVED"
ABLATION_BASELINE,WEEKLY,2022-08-05,GLOBAL_OIL_GAS,FAILED,,"{""GLOBAL_OIL_GAS"": 1.0}","{""GLOBAL_OIL_GAS"": 1.0}",1.0,4,STRONG,1.0,1.0,0.0,NO_TARGET_CHANGE,,"HISTORICAL UK RETAIL, ISA, ACCOUNT AND BROKER ELIGIBILITY REMAIN PARTLY UNRESOLVED"
ABLATION_BASELINE,WEEKLY,2022-08-12,GLOBAL_OIL_GAS,FAILED,,"{""GLOBAL_OIL_GAS"": 1.0}","{""GLOBAL_OIL_GAS"": 1.0}",1.0,4,STRONG,1.0,1.0,0.0,NO_TARGET_CHANGE,,"HISTORICAL UK RETAIL, ISA, ACCOUNT AND BROKER ELIGIBILITY REMAIN PARTLY UNRESOLVED"
ABLATION_BASELINE,WEEKLY,2022-08-19,GLOBAL_OIL_GAS,FAILED,,"{""GLOBAL_OIL_GAS"": 1.0}","{""GLOBAL_OIL_GAS"": 1.0}",1.0,3,MATURE,1.0,1.0,0.0,NO_TARGET_CHANGE,,"HISTORICAL UK RETAIL, ISA, ACCOUNT AND BROKER ELIGIBILITY REMAIN PARTLY UNRESOLVED"
ABLATION_BASELINE,WEEKLY,2022-08-26,GLOBAL_OIL_GAS,OTHER,,"{""GLOBAL_OIL_GAS"": 1.0}","{""GLOBAL_OIL_GAS"": 1.0}",1.0,4,STRONG,1.0,1.0,0.0,NO_TARGET_CHANGE,,"HISTORICAL UK RETAIL, ISA, ACCOUNT AND BROKER ELIGIBILITY REMAIN PARTLY UNRESOLVED"
ABLATION_BASELINE,WEEKLY,2022-08-31,GLOBAL_INFRASTRUCTURE,WEAKENING,,"{""GLOBAL_INFRASTRUCTURE"": 1.0}","{""GLOBAL_INFRASTRUCTURE"": 1.0}",1.0,4,STRONG,1.0,1.0,0.0,PLANNED,2022-09-01,"HISTORICAL UK RETAIL, ISA, ACCOUNT AND BROKER ELIGIBILITY REMAIN PARTLY UNRESOLVED"
ABLATION_BASELINE,WEEKLY,2022-09-02,GLOBAL_INFRASTRUCTURE,ESTABLISHED,,"{""GLOBAL_INFRASTRUCTURE"": 1.0}","{""GLOBAL_INFRASTRUCTURE"": 1.0}",1.0,3,MATURE,1.0,1.0,0.0,NO_TARGET_CHANGE,,"HISTORICAL UK RETAIL, ISA, ACCOUNT AND BROKER ELIGIBILITY REMAIN PARTLY UNRESOLVED"
ABLATION_BASELINE,WEEKLY,2022-09-09,GLOBAL_INFRASTRUCTURE,OTHER,,"{""GLOBAL_INFRASTRUCTURE"": 1.0}","{""GLOBAL_INFRASTRUCTURE"": 1.0}",1.0,3,MATURE,1.0,1.0,0.0,NO_TARGET_CHANGE,,"HISTORICAL UK RETAIL, ISA, ACCOUNT AND BROKER ELIGIBILITY REMAIN PARTLY UNRESOLVED"
ABLATION_BASELINE,WEEKLY,2022-09-16,GLOBAL_INFRASTRUCTURE,OTHER,,"{""GLOBAL_INFRASTRUCTURE"": 1.0}","{""GLOBAL_INFRASTRUCTURE"": 1.0}",1.0,4,STRONG,1.0,1.0,0.0,NO_TARGET_CHANGE,,"HISTORICAL UK RETAIL, ISA, ACCOUNT AND BROKER ELIGIBILITY REMAIN PARTLY UNRESOLVED"
ABLATION_BASELINE,WEEKLY,2022-09-23,GLOBAL_INFRASTRUCTURE,OTHER,,"{""GLOBAL_INFRASTRUCTURE"": 1.0}","{""GLOBAL_INFRASTRUCTURE"": 1.0}",1.0,3,MATURE,1.0,1.0,0.0,NO_TARGET_CHANGE,,"HISTORICAL UK RETAIL, ISA, ACCOUNT AND BROKER ELIGIBILITY REMAIN PARTLY UNRESOLVED"
ABLATION_BASELINE,WEEKLY,2022-09-30,GLOBAL_OIL_GAS,ESTABLISHED,,"{""GLOBAL_OIL_GAS"": 1.0}","{""GLOBAL_OIL_GAS"": 1.0}",1.0,2,HOSTILE,1.0,1.0,0.0,PLANNED,2022-10-03,"HISTORICAL UK RETAIL, ISA, ACCOUNT AND BROKER ELIGIBILITY REMAIN PARTLY UNRESOLVED"
ABLATION_BASELINE,WEEKLY,2022-10-07,GLOBAL_OIL_GAS,EXTENDED,,"{""GLOBAL_OIL_GAS"": 1.0}","{""GLOBAL_OIL_GAS"": 1.0}",1.0,3,HOSTILE,1.0,1.0,0.0,NO_TARGET_CHANGE,,"HISTORICAL UK RETAIL, ISA, ACCOUNT AND BROKER ELIGIBILITY REMAIN PARTLY UNRESOLVED"
ABLATION_BASELINE,WEEKLY,2022-10-14,GLOBAL_OIL_GAS,EXTENDED,,"{""GLOBAL_OIL_GAS"": 1.0}","{""GLOBAL_OIL_GAS"": 1.0}",1.0,3,HOSTILE,1.0,1.0,0.0,NO_TARGET_CHANGE,,"HISTORICAL UK RETAIL, ISA, ACCOUNT AND BROKER ELIGIBILITY REMAIN PARTLY UNRESOLVED"
ABLATION_BASELINE,WEEKLY,2022-10-21,GLOBAL_OIL_GAS,EXTENDED,,"{""GLOBAL_OIL_GAS"": 1.0}","{""GLOBAL_OIL_GAS"": 1.0}",1.0,2,HOSTILE,1.0,1.0,0.0,NO_TARGET_CHANGE,,"HISTORICAL UK RETAIL, ISA, ACCOUNT AND BROKER ELIGIBILITY REMAIN PARTLY UNRESOLVED"
ABLATION_BASELINE,WEEKLY,2022-10-28,GLOBAL_OIL_GAS,ESTABLISHED,,"{""GLOBAL_OIL_GAS"": 1.0}","{""GLOBAL_OIL_GAS"": 1.0}",1.0,3,HOSTILE,1.0,1.0,0.0,NO_TARGET_CHANGE,,"HISTORICAL UK RETAIL, ISA, ACCOUNT AND BROKER ELIGIBILITY REMAIN PARTLY UNRESOLVED"
ABLATION_BASELINE,WEEKLY,2022-10-31,GLOBAL_OIL_GAS,EXTENDED,,"{""GLOBAL_OIL_GAS"": 1.0}","{""GLOBAL_OIL_GAS"": 1.0}",1.0,3,HOSTILE,1.0,1.0,0.0,NO_TARGET_CHANGE,,"HISTORICAL UK RETAIL, ISA, ACCOUNT AND BROKER ELIGIBILITY REMAIN PARTLY UNRESOLVED"
ABLATION_BASELINE,WEEKLY,2022-11-04,GLOBAL_OIL_GAS,EXTENDED,,"{""GLOBAL_OIL_GAS"": 1.0}","{""GLOBAL_OIL_GAS"": 1.0}",1.0,4,STRONG,1.0,1.0,0.0,NO_TARGET_CHANGE,,"HISTORICAL UK RETAIL, ISA, ACCOUNT AND BROKER ELIGIBILITY REMAIN PARTLY UNRESOLVED"
ABLATION_BASELINE,WEEKLY,2022-11-11,GLOBAL_OIL_GAS,WEAKENING,,"{""GLOBAL_OIL_GAS"": 1.0}","{""GLOBAL_OIL_GAS"": 1.0}",1.0,3,MATURE,1.0,1.0,0.0,NO_TARGET_CHANGE,,"HISTORICAL UK RETAIL, ISA, ACCOUNT AND BROKER ELIGIBILITY REMAIN PARTLY UNRESOLVED"
ABLATION_BASELINE,WEEKLY,2022-11-18,GLOBAL_OIL_GAS,WEAKENING,,"{""GLOBAL_OIL_GAS"": 1.0}","{""GLOBAL_OIL_GAS"": 1.0}",1.0,2,DETERIORATING,1.0,1.0,0.0,NO_TARGET_CHANGE,,"HISTORICAL UK RETAIL, ISA, ACCOUNT AND BROKER ELIGIBILITY REMAIN PARTLY UNRESOLVED"
ABLATION_BASELINE,WEEKLY,2022-11-25,GLOBAL_OIL_GAS,WEAKENING,,"{""GLOBAL_OIL_GAS"": 1.0}","{""GLOBAL_OIL_GAS"": 1.0}",1.0,4,STRONG,1.0,1.0,0.0,NO_TARGET_CHANGE,,"HISTORICAL UK RETAIL, ISA, ACCOUNT AND BROKER ELIGIBILITY REMAIN PARTLY UNRESOLVED"
ABLATION_BASELINE,WEEKLY,2022-11-30,EUROPE_BANKS,EXTENDED,,"{""EUROPE_BANKS"": 1.0}","{""EUROPE_BANKS"": 1.0}",1.0,4,STRONG,1.0,1.0,0.0,PLANNED,2022-12-01,"HISTORICAL UK RETAIL, ISA, ACCOUNT AND BROKER ELIGIBILITY REMAIN PARTLY UNRESOLVED"
ABLATION_BASELINE,WEEKLY,2022-12-02,EUROPE_BANKS,EXTENDED,,"{""EUROPE_BANKS"": 1.0}","{""EUROPE_BANKS"": 1.0}",1.0,4,STRONG,1.0,1.0,0.0,NO_TARGET_CHANGE,,"HISTORICAL UK RETAIL, ISA, ACCOUNT AND BROKER ELIGIBILITY REMAIN PARTLY UNRESOLVED"
ABLATION_BASELINE,WEEKLY,2022-12-09,EUROPE_BANKS,EXTENDED,,"{""EUROPE_BANKS"": 1.0}","{""EUROPE_BANKS"": 1.0}",1.0,3,HOSTILE,1.0,1.0,0.0,NO_TARGET_CHANGE,,"HISTORICAL UK RETAIL, ISA, ACCOUNT AND BROKER ELIGIBILITY REMAIN PARTLY UNRESOLVED"
ABLATION_BASELINE,WEEKLY,2022-12-16,EUROPE_BANKS,ESTABLISHED,,"{""EUROPE_BANKS"": 1.0}","{""EUROPE_BANKS"": 1.0}",1.0,3,HOSTILE,1.0,1.0,0.0,NO_TARGET_CHANGE,,"HISTORICAL UK RETAIL, ISA, ACCOUNT AND BROKER ELIGIBILITY REMAIN PARTLY UNRESOLVED"
ABLATION_BASELINE,WEEKLY,2022-12-23,EUROPE_BANKS,EXTENDED,,"{""EUROPE_BANKS"": 1.0}","{""EUROPE_BANKS"": 1.0}",1.0,3,MATURE,1.0,1.0,0.0,NO_TARGET_CHANGE,,"HISTORICAL UK RETAIL, ISA, ACCOUNT AND BROKER ELIGIBILITY REMAIN PARTLY UNRESOLVED"
ABLATION_BASELINE,WEEKLY,2022-12-30,EUROPE_BANKS,EXTENDED,,"{""EUROPE_BANKS"": 1.0}","{""EUROPE_BANKS"": 1.0}",1.0,3,MATURE,1.0,1.0,0.0,NO_TARGET_CHANGE,,"HISTORICAL UK RETAIL, ISA, ACCOUNT AND BROKER ELIGIBILITY REMAIN PARTLY UNRESOLVED"
ABLATION_BASELINE,WEEKLY,2023-01-06,EUROPE_BANKS,EXTENDED,,"{""EUROPE_BANKS"": 1.0}","{""EUROPE_BANKS"": 1.0}",1.0,3,MATURE,1.0,1.0,0.0,NO_TARGET_CHANGE,,"HISTORICAL UK RETAIL, ISA, ACCOUNT AND BROKER ELIGIBILITY REMAIN PARTLY UNRESOLVED"
ABLATION_BASELINE,WEEKLY,2023-01-13,EUROPE_BANKS,OTHER,,"{""EUROPE_BANKS"": 1.0}","{""EUROPE_BANKS"": 1.0}",1.0,5,STRONG,1.0,1.0,0.0,NO_TARGET_CHANGE,,"HISTORICAL UK RETAIL, ISA, ACCOUNT AND BROKER ELIGIBILITY REMAIN PARTLY UNRESOLVED"
ABLATION_BASELINE,WEEKLY,2023-01-20,EUROPE_BANKS,EXTENDED,,"{""EUROPE_BANKS"": 1.0}","{""EUROPE_BANKS"": 1.0}",1.0,3,DETERIORATING,1.0,1.0,0.0,NO_TARGET_CHANGE,,"HISTORICAL UK RETAIL, ISA, ACCOUNT AND BROKER ELIGIBILITY REMAIN PARTLY UNRESOLVED"
ABLATION_BASELINE,WEEKLY,2023-01-27,EUROPE_BANKS,EXTENDED,,"{""EUROPE_BANKS"": 1.0}","{""EUROPE_BANKS"": 1.0}",1.0,5,STRONG,1.0,1.0,0.0,NO_TARGET_CHANGE,,"HISTORICAL UK RETAIL, ISA, ACCOUNT AND BROKER ELIGIBILITY REMAIN PARTLY UNRESOLVED"
ABLATION_BASELINE,WEEKLY,2023-01-31,EUROPE_BANKS,EXTENDED,,"{""EUROPE_BANKS"": 1.0}","{""EUROPE_BANKS"": 1.0}",1.0,5,STRONG,1.0,1.0,0.0,NO_TARGET_CHANGE,,"HISTORICAL UK RETAIL, ISA, ACCOUNT AND BROKER ELIGIBILITY REMAIN PARTLY UNRESOLVED"
ABLATION_BASELINE,WEEKLY,2023-02-03,EUROPE_BANKS,EXTENDED,,"{""EUROPE_BANKS"": 1.0}","{""EUROPE_BANKS"": 1.0}",1.0,4,MATURE,1.0,1.0,0.0,NO_TARGET_CHANGE,,"HISTORICAL UK RETAIL, ISA, ACCOUNT AND BROKER ELIGIBILITY REMAIN PARTLY UNRESOLVED"
ABLATION_BASELINE,WEEKLY,2023-02-10,EUROPE_BANKS,EXTENDED,,"{""EUROPE_BANKS"": 1.0}","{""EUROPE_BANKS"": 1.0}",1.0,4,MATURE,1.0,1.0,0.0,NO_TARGET_CHANGE,,"HISTORICAL UK RETAIL, ISA, ACCOUNT AND BROKER ELIGIBILITY REMAIN PARTLY UNRESOLVED"
ABLATION_BASELINE,WEEKLY,2023-02-17,EUROPE_BANKS,EXTENDED,,"{""EUROPE_BANKS"": 1.0}","{""EUROPE_BANKS"": 1.0}",1.0,3,DETERIORATING,1.0,1.0,0.0,NO_TARGET_CHANGE,,"HISTORICAL UK RETAIL, ISA, ACCOUNT AND BROKER ELIGIBILITY REMAIN PARTLY UNRESOLVED"
ABLATION_BASELINE,WEEKLY,2023-02-24,EUROPE_BANKS,EXTENDED,,"{""EUROPE_BANKS"": 1.0}","{""EUROPE_BANKS"": 1.0}",1.0,3,DETERIORATING,1.0,1.0,0.0,NO_TARGET_CHANGE,,"HISTORICAL UK RETAIL, ISA, ACCOUNT AND BROKER ELIGIBILITY REMAIN PARTLY UNRESOLVED"
ABLATION_BASELINE,WEEKLY,2023-02-28,EUROPE_BANKS,EXTENDED,,"{""EUROPE_BANKS"": 1.0}","{""EUROPE_BANKS"": 1.0}",1.0,3,DETERIORATING,1.0,1.0,0.0,NO_TARGET_CHANGE,,"HISTORICAL UK RETAIL, ISA, ACCOUNT AND BROKER ELIGIBILITY REMAIN PARTLY UNRESOLVED"
ABLATION_BASELINE,WEEKLY,2023-03-03,EUROPE_BANKS,EXTENDED,,"{""EUROPE_BANKS"": 1.0}","{""EUROPE_BANKS"": 1.0}",1.0,3,DETERIORATING,1.0,1.0,0.0,NO_TARGET_CHANGE,,"HISTORICAL UK RETAIL, ISA, ACCOUNT AND BROKER ELIGIBILITY REMAIN PARTLY UNRESOLVED"
ABLATION_BASELINE,WEEKLY,2023-03-10,EUROPE_BANKS,EXTENDED,,"{""EUROPE_BANKS"": 1.0}","{""EUROPE_BANKS"": 1.0}",1.0,4,MATURE,1.0,1.0,0.0,NO_TARGET_CHANGE,,"HISTORICAL UK RETAIL, ISA, ACCOUNT AND BROKER ELIGIBILITY REMAIN PARTLY UNRESOLVED"
ABLATION_BASELINE,WEEKLY,2023-03-17,EUROPE_BANKS,WEAKENING,,"{""EUROPE_BANKS"": 1.0}","{""EUROPE_BANKS"": 1.0}",1.0,0,HOSTILE,1.0,1.0,0.0,NO_TARGET_CHANGE,,"HISTORICAL UK RETAIL, ISA, ACCOUNT AND BROKER ELIGIBILITY REMAIN PARTLY UNRESOLVED"
ABLATION_BASELINE,WEEKLY,2023-03-24,EUROPE_BANKS,FAILED,,"{""EUROPE_BANKS"": 1.0}","{""EUROPE_BANKS"": 1.0}",1.0,2,HOSTILE,1.0,1.0,0.0,NO_TARGET_CHANGE,,"HISTORICAL UK RETAIL, ISA, ACCOUNT AND BROKER ELIGIBILITY REMAIN PARTLY UNRESOLVED"
ABLATION_BASELINE,WEEKLY,2023-03-31,GLOBAL_SEMICONDUCTORS,EXTENDED,,"{""GLOBAL_SEMICONDUCTORS"": 1.0}","{""GLOBAL_SEMICONDUCTORS"": 1.0}",1.0,3,MATURE,1.0,1.0,0.0,PLANNED,2023-04-03,"HISTORICAL UK RETAIL, ISA, ACCOUNT AND BROKER ELIGIBILITY REMAIN PARTLY UNRESOLVED"
ABLATION_BASELINE,WEEKLY,2023-04-06,GLOBAL_SEMICONDUCTORS,EXTENDED,,"{""GLOBAL_SEMICONDUCTORS"": 1.0}","{""GLOBAL_SEMICONDUCTORS"": 1.0}",1.0,1,DETERIORATING,1.0,1.0,0.0,NO_TARGET_CHANGE,,"HISTORICAL UK RETAIL, ISA, ACCOUNT AND BROKER ELIGIBILITY REMAIN PARTLY UNRESOLVED"
ABLATION_BASELINE,WEEKLY,2023-04-14,GLOBAL_SEMICONDUCTORS,ESTABLISHED,,"{""GLOBAL_SEMICONDUCTORS"": 1.0}","{""GLOBAL_SEMICONDUCTORS"": 1.0}",1.0,2,DETERIORATING,1.0,1.0,0.0,NO_TARGET_CHANGE,,"HISTORICAL UK RETAIL, ISA, ACCOUNT AND BROKER ELIGIBILITY REMAIN PARTLY UNRESOLVED"
ABLATION_BASELINE,WEEKLY,2023-04-21,GLOBAL_SEMICONDUCTORS,WEAKENING,,"{""GLOBAL_SEMICONDUCTORS"": 1.0}","{""GLOBAL_SEMICONDUCTORS"": 1.0}",1.0,3,MATURE,1.0,1.0,0.0,NO_TARGET_CHANGE,,"HISTORICAL UK RETAIL, ISA, ACCOUNT AND BROKER ELIGIBILITY REMAIN PARTLY UNRESOLVED"
ABLATION_BASELINE,WEEKLY,2023-04-28,GLOBAL_SEMICONDUCTORS,WEAKENING,,"{""GLOBAL_SEMICONDUCTORS"": 1.0}","{""GLOBAL_SEMICONDUCTORS"": 1.0}",1.0,2,DETERIORATING,1.0,1.0,0.0,NO_TARGET_CHANGE,,"HISTORICAL UK RETAIL, ISA, ACCOUNT AND BROKER ELIGIBILITY REMAIN PARTLY UNRESOLVED"
ABLATION_BASELINE,WEEKLY,2023-05-05,GLOBAL_SEMICONDUCTORS,FAILED,,"{""GLOBAL_SEMICONDUCTORS"": 1.0}","{""GLOBAL_SEMICONDUCTORS"": 1.0}",1.0,3,MATURE,1.0,1.0,0.0,NO_TARGET_CHANGE,,"HISTORICAL UK RETAIL, ISA, ACCOUNT AND BROKER ELIGIBILITY REMAIN PARTLY UNRESOLVED"
ABLATION_BASELINE,WEEKLY,2023-05-12,GLOBAL_SEMICONDUCTORS,FAILED,,"{""GLOBAL_SEMICONDUCTORS"": 1.0}","{""GLOBAL_SEMICONDUCTORS"": 1.0}",1.0,2,POSITIVE,1.0,1.0,0.0,NO_TARGET_CHANGE,,"HISTORICAL UK RETAIL, ISA, ACCOUNT AND BROKER ELIGIBILITY REMAIN PARTLY UNRESOLVED"
ABLATION_BASELINE,WEEKLY,2023-05-19,GLOBAL_SEMICONDUCTORS,WEAKENING,,"{""GLOBAL_SEMICONDUCTORS"": 1.0}","{""GLOBAL_SEMICONDUCTORS"": 1.0}",1.0,2,POSITIVE,1.0,1.0,0.0,NO_TARGET_CHANGE,,"HISTORICAL UK RETAIL, ISA, ACCOUNT AND BROKER ELIGIBILITY REMAIN PARTLY UNRESOLVED"
ABLATION_BASELINE,WEEKLY,2023-05-26,GLOBAL_SEMICONDUCTORS,WEAKENING,,"{""GLOBAL_SEMICONDUCTORS"": 1.0}","{""GLOBAL_SEMICONDUCTORS"": 1.0}",1.0,1,POSITIVE,1.0,1.0,0.0,NO_TARGET_CHANGE,,"HISTORICAL UK RETAIL, ISA, ACCOUNT AND BROKER ELIGIBILITY REMAIN PARTLY UNRESOLVED"
ABLATION_BASELINE,WEEKLY,2023-05-31,GLOBAL_SEMICONDUCTORS,EXTENDED,,"{""GLOBAL_SEMICONDUCTORS"": 1.0}","{""GLOBAL_SEMICONDUCTORS"": 1.0}",1.0,1,POSITIVE,1.0,1.0,0.0,NO_TARGET_CHANGE,,"HISTORICAL UK RETAIL, ISA, ACCOUNT AND BROKER ELIGIBILITY REMAIN PARTLY UNRESOLVED"
ABLATION_BASELINE,WEEKLY,2023-06-02,GLOBAL_SEMICONDUCTORS,EXTENDED,,"{""GLOBAL_SEMICONDUCTORS"": 1.0}","{""GLOBAL_SEMICONDUCTORS"": 1.0}",1.0,2,POSITIVE,1.0,1.0,0.0,NO_TARGET_CHANGE,,"HISTORICAL UK RETAIL, ISA, ACCOUNT AND BROKER ELIGIBILITY REMAIN PARTLY UNRESOLVED"
ABLATION_BASELINE,WEEKLY,2023-06-09,GLOBAL_SEMICONDUCTORS,EXTENDED,,"{""GLOBAL_SEMICONDUCTORS"": 1.0}","{""GLOBAL_SEMICONDUCTORS"": 1.0}",1.0,1,POSITIVE,1.0,1.0,0.0,NO_TARGET_CHANGE,,"HISTORICAL UK RETAIL, ISA, ACCOUNT AND BROKER ELIGIBILITY REMAIN PARTLY UNRESOLVED"
ABLATION_BASELINE,WEEKLY,2023-06-16,GLOBAL_SEMICONDUCTORS,EXTENDED,,"{""GLOBAL_SEMICONDUCTORS"": 1.0}","{""GLOBAL_SEMICONDUCTORS"": 1.0}",1.0,3,POSITIVE,1.0,1.0,0.0,NO_TARGET_CHANGE,,"HISTORICAL UK RETAIL, ISA, ACCOUNT AND BROKER ELIGIBILITY REMAIN PARTLY UNRESOLVED"
ABLATION_BASELINE,WEEKLY,2023-06-23,GLOBAL_SEMICONDUCTORS,ESTABLISHED,,"{""GLOBAL_SEMICONDUCTORS"": 1.0}","{""GLOBAL_SEMICONDUCTORS"": 1.0}",1.0,1,POSITIVE,1.0,1.0,0.0,NO_TARGET_CHANGE,,"HISTORICAL UK RETAIL, ISA, ACCOUNT AND BROKER ELIGIBILITY REMAIN PARTLY UNRESOLVED"
ABLATION_BASELINE,WEEKLY,2023-06-30,GLOBAL_SEMICONDUCTORS,EXTENDED,,"{""GLOBAL_SEMICONDUCTORS"": 1.0}","{""GLOBAL_SEMICONDUCTORS"": 1.0}",1.0,2,POSITIVE,1.0,1.0,0.0,NO_TARGET_CHANGE,,"HISTORICAL UK RETAIL, ISA, ACCOUNT AND BROKER ELIGIBILITY REMAIN PARTLY UNRESOLVED"
ABLATION_BASELINE,WEEKLY,2023-07-07,GLOBAL_SEMICONDUCTORS,ESTABLISHED,,"{""GLOBAL_SEMICONDUCTORS"": 1.0}","{""GLOBAL_SEMICONDUCTORS"": 1.0}",1.0,2,POSITIVE,1.0,1.0,0.0,NO_TARGET_CHANGE,,"HISTORICAL UK RETAIL, ISA, ACCOUNT AND BROKER ELIGIBILITY REMAIN PARTLY UNRESOLVED"
ABLATION_BASELINE,WEEKLY,2023-07-14,GLOBAL_SEMICONDUCTORS,EXTENDED,,"{""GLOBAL_SEMICONDUCTORS"": 1.0}","{""GLOBAL_SEMICONDUCTORS"": 1.0}",1.0,3,POSITIVE,1.0,1.0,0.0,NO_TARGET_CHANGE,,"HISTORICAL UK RETAIL, ISA, ACCOUNT AND BROKER ELIGIBILITY REMAIN PARTLY UNRESOLVED"
ABLATION_BASELINE,WEEKLY,2023-07-21,GLOBAL_SEMICONDUCTORS,WEAKENING,,"{""GLOBAL_SEMICONDUCTORS"": 1.0}","{""GLOBAL_SEMICONDUCTORS"": 1.0}",1.0,2,POSITIVE,1.0,1.0,0.0,NO_TARGET_CHANGE,,"HISTORICAL UK RETAIL, ISA, ACCOUNT AND BROKER ELIGIBILITY REMAIN PARTLY UNRESOLVED"
ABLATION_BASELINE,WEEKLY,2023-07-28,GLOBAL_SEMICONDUCTORS,WEAKENING,,"{""GLOBAL_SEMICONDUCTORS"": 1.0}","{""GLOBAL_SEMICONDUCTORS"": 1.0}",1.0,4,STRONG,1.0,1.0,0.0,NO_TARGET_CHANGE,,"HISTORICAL UK RETAIL, ISA, ACCOUNT AND BROKER ELIGIBILITY REMAIN PARTLY UNRESOLVED"
ABLATION_BASELINE,WEEKLY,2023-07-31,GLOBAL_SEMICONDUCTORS,WEAKENING,,"{""GLOBAL_SEMICONDUCTORS"": 1.0}","{""GLOBAL_SEMICONDUCTORS"": 1.0}",1.0,4,STRONG,1.0,1.0,0.0,NO_TARGET_CHANGE,,"HISTORICAL UK RETAIL, ISA, ACCOUNT AND BROKER ELIGIBILITY REMAIN PARTLY UNRESOLVED"
ABLATION_BASELINE,WEEKLY,2023-08-04,GLOBAL_SEMICONDUCTORS,WEAKENING,,"{""GLOBAL_SEMICONDUCTORS"": 1.0}","{""GLOBAL_SEMICONDUCTORS"": 1.0}",1.0,4,STRONG,1.0,1.0,0.0,NO_TARGET_CHANGE,,"HISTORICAL UK RETAIL, ISA, ACCOUNT AND BROKER ELIGIBILITY REMAIN PARTLY UNRESOLVED"
ABLATION_BASELINE,WEEKLY,2023-08-11,GLOBAL_SEMICONDUCTORS,WEAKENING,,"{""GLOBAL_SEMICONDUCTORS"": 1.0}","{""GLOBAL_SEMICONDUCTORS"": 1.0}",1.0,4,STRONG,1.0,1.0,0.0,NO_TARGET_CHANGE,,"HISTORICAL UK RETAIL, ISA, ACCOUNT AND BROKER ELIGIBILITY REMAIN PARTLY UNRESOLVED"
ABLATION_BASELINE,WEEKLY,2023-08-18,GLOBAL_SEMICONDUCTORS,WEAKENING,,"{""GLOBAL_SEMICONDUCTORS"": 1.0}","{""GLOBAL_SEMICONDUCTORS"": 1.0}",1.0,3,MATURE,1.0,1.0,0.0,NO_TARGET_CHANGE,,"HISTORICAL UK RETAIL, ISA, ACCOUNT AND BROKER ELIGIBILITY REMAIN PARTLY UNRESOLVED"
ABLATION_BASELINE,WEEKLY,2023-08-25,GLOBAL_SEMICONDUCTORS,FAILED,,"{""GLOBAL_SEMICONDUCTORS"": 1.0}","{""GLOBAL_SEMICONDUCTORS"": 1.0}",1.0,4,STRONG,1.0,1.0,0.0,NO_TARGET_CHANGE,,"HISTORICAL UK RETAIL, ISA, ACCOUNT AND BROKER ELIGIBILITY REMAIN PARTLY UNRESOLVED"
ABLATION_BASELINE,WEEKLY,2023-08-31,GLOBAL_SEMICONDUCTORS,WEAKENING,,"{""GLOBAL_SEMICONDUCTORS"": 1.0}","{""GLOBAL_SEMICONDUCTORS"": 1.0}",1.0,4,STRONG,1.0,1.0,0.0,NO_TARGET_CHANGE,,"HISTORICAL UK RETAIL, ISA, ACCOUNT AND BROKER ELIGIBILITY REMAIN PARTLY UNRESOLVED"
ABLATION_BASELINE,WEEKLY,2023-09-01,GLOBAL_SEMICONDUCTORS,WEAKENING,,"{""GLOBAL_SEMICONDUCTORS"": 1.0}","{""GLOBAL_SEMICONDUCTORS"": 1.0}",1.0,2,DETERIORATING,1.0,1.0,0.0,NO_TARGET_CHANGE,,"HISTORICAL UK RETAIL, ISA, ACCOUNT AND BROKER ELIGIBILITY REMAIN PARTLY UNRESOLVED"
ABLATION_BASELINE,WEEKLY,2023-09-08,GLOBAL_SEMICONDUCTORS,FAILED,,"{""GLOBAL_SEMICONDUCTORS"": 1.0}","{""GLOBAL_SEMICONDUCTORS"": 1.0}",1.0,2,DETERIORATING,1.0,1.0,0.0,NO_TARGET_CHANGE,,"HISTORICAL UK RETAIL, ISA, ACCOUNT AND BROKER ELIGIBILITY REMAIN PARTLY UNRESOLVED"
ABLATION_BASELINE,WEEKLY,2023-09-15,GLOBAL_SEMICONDUCTORS,FAILED,,"{""GLOBAL_SEMICONDUCTORS"": 1.0}","{""GLOBAL_SEMICONDUCTORS"": 1.0}",1.0,3,MATURE,1.0,1.0,0.0,NO_TARGET_CHANGE,,"HISTORICAL UK RETAIL, ISA, ACCOUNT AND BROKER ELIGIBILITY REMAIN PARTLY UNRESOLVED"
ABLATION_BASELINE,WEEKLY,2023-09-22,GLOBAL_SEMICONDUCTORS,FAILED,,"{""GLOBAL_SEMICONDUCTORS"": 1.0}","{""GLOBAL_SEMICONDUCTORS"": 1.0}",1.0,4,STRONG,1.0,1.0,0.0,NO_TARGET_CHANGE,,"HISTORICAL UK RETAIL, ISA, ACCOUNT AND BROKER ELIGIBILITY REMAIN PARTLY UNRESOLVED"
ABLATION_BASELINE,WEEKLY,2023-09-29,GLOBAL_URANIUM_NUCLEAR,EXTENDED,,"{""GLOBAL_URANIUM_NUCLEAR"": 1.0}","{""GLOBAL_URANIUM_NUCLEAR"": 1.0}",1.0,4,STRONG,1.0,1.0,0.0,PLANNED,2023-10-02,"HISTORICAL UK RETAIL, ISA, ACCOUNT AND BROKER ELIGIBILITY REMAIN PARTLY UNRESOLVED"
ABLATION_BASELINE,WEEKLY,2023-10-06,GLOBAL_URANIUM_NUCLEAR,EXTENDED,,"{""GLOBAL_URANIUM_NUCLEAR"": 1.0}","{""GLOBAL_URANIUM_NUCLEAR"": 1.0}",1.0,3,MATURE,1.0,1.0,0.0,NO_TARGET_CHANGE,,"HISTORICAL UK RETAIL, ISA, ACCOUNT AND BROKER ELIGIBILITY REMAIN PARTLY UNRESOLVED"
ABLATION_BASELINE,WEEKLY,2023-10-13,GLOBAL_URANIUM_NUCLEAR,EXTENDED,,"{""GLOBAL_URANIUM_NUCLEAR"": 1.0}","{""GLOBAL_URANIUM_NUCLEAR"": 1.0}",1.0,3,MATURE,1.0,1.0,0.0,NO_TARGET_CHANGE,,"HISTORICAL UK RETAIL, ISA, ACCOUNT AND BROKER ELIGIBILITY REMAIN PARTLY UNRESOLVED"
ABLATION_BASELINE,WEEKLY,2023-10-20,GLOBAL_URANIUM_NUCLEAR,EXTENDED,,"{""GLOBAL_URANIUM_NUCLEAR"": 1.0}","{""GLOBAL_URANIUM_NUCLEAR"": 1.0}",1.0,4,STRONG,1.0,1.0,0.0,NO_TARGET_CHANGE,,"HISTORICAL UK RETAIL, ISA, ACCOUNT AND BROKER ELIGIBILITY REMAIN PARTLY UNRESOLVED"
ABLATION_BASELINE,WEEKLY,2023-10-27,GLOBAL_URANIUM_NUCLEAR,WEAKENING,,"{""GLOBAL_URANIUM_NUCLEAR"": 1.0}","{""GLOBAL_URANIUM_NUCLEAR"": 1.0}",1.0,2,DETERIORATING,1.0,1.0,0.0,NO_TARGET_CHANGE,,"HISTORICAL UK RETAIL, ISA, ACCOUNT AND BROKER ELIGIBILITY REMAIN PARTLY UNRESOLVED"
ABLATION_BASELINE,WEEKLY,2023-10-31,GLOBAL_URANIUM_NUCLEAR,EXTENDED,,"{""GLOBAL_URANIUM_NUCLEAR"": 1.0}","{""GLOBAL_URANIUM_NUCLEAR"": 1.0}",1.0,2,DETERIORATING,1.0,1.0,0.0,NO_TARGET_CHANGE,,"HISTORICAL UK RETAIL, ISA, ACCOUNT AND BROKER ELIGIBILITY REMAIN PARTLY UNRESOLVED"
ABLATION_BASELINE,WEEKLY,2023-11-03,GLOBAL_URANIUM_NUCLEAR,EXTENDED,,"{""GLOBAL_URANIUM_NUCLEAR"": 1.0}","{""GLOBAL_URANIUM_NUCLEAR"": 1.0}",1.0,3,MATURE,1.0,1.0,0.0,NO_TARGET_CHANGE,,"HISTORICAL UK RETAIL, ISA, ACCOUNT AND BROKER ELIGIBILITY REMAIN PARTLY UNRESOLVED"
ABLATION_BASELINE,WEEKLY,2023-11-10,GLOBAL_URANIUM_NUCLEAR,OTHER,,"{""GLOBAL_URANIUM_NUCLEAR"": 1.0}","{""GLOBAL_URANIUM_NUCLEAR"": 1.0}",1.0,2,DETERIORATING,1.0,1.0,0.0,NO_TARGET_CHANGE,,"HISTORICAL UK RETAIL, ISA, ACCOUNT AND BROKER ELIGIBILITY REMAIN PARTLY UNRESOLVED"
ABLATION_BASELINE,WEEKLY,2023-11-17,GLOBAL_URANIUM_NUCLEAR,ESTABLISHED,,"{""GLOBAL_URANIUM_NUCLEAR"": 1.0}","{""GLOBAL_URANIUM_NUCLEAR"": 1.0}",1.0,4,STRONG,1.0,1.0,0.0,NO_TARGET_CHANGE,,"HISTORICAL UK RETAIL, ISA, ACCOUNT AND BROKER ELIGIBILITY REMAIN PARTLY UNRESOLVED"
ABLATION_BASELINE,WEEKLY,2023-11-24,GLOBAL_URANIUM_NUCLEAR,ESTABLISHED,,"{""GLOBAL_URANIUM_NUCLEAR"": 1.0}","{""GLOBAL_URANIUM_NUCLEAR"": 1.0}",1.0,4,STRONG,1.0,1.0,0.0,NO_TARGET_CHANGE,,"HISTORICAL UK RETAIL, ISA, ACCOUNT AND BROKER ELIGIBILITY REMAIN PARTLY UNRESOLVED"
ABLATION_BASELINE,WEEKLY,2023-11-30,GLOBAL_URANIUM_NUCLEAR,WEAKENING,,"{""GLOBAL_URANIUM_NUCLEAR"": 1.0}","{""GLOBAL_URANIUM_NUCLEAR"": 1.0}",1.0,4,STRONG,1.0,1.0,0.0,NO_TARGET_CHANGE,,"HISTORICAL UK RETAIL, ISA, ACCOUNT AND BROKER ELIGIBILITY REMAIN PARTLY UNRESOLVED"
ABLATION_BASELINE,WEEKLY,2023-12-01,GLOBAL_URANIUM_NUCLEAR,ESTABLISHED,,"{""GLOBAL_URANIUM_NUCLEAR"": 1.0}","{""GLOBAL_URANIUM_NUCLEAR"": 1.0}",1.0,2,DETERIORATING,1.0,1.0,0.0,NO_TARGET_CHANGE,,"HISTORICAL UK RETAIL, ISA, ACCOUNT AND BROKER ELIGIBILITY REMAIN PARTLY UNRESOLVED"
ABLATION_BASELINE,WEEKLY,2023-12-08,GLOBAL_URANIUM_NUCLEAR,WEAKENING,,"{""GLOBAL_URANIUM_NUCLEAR"": 1.0}","{""GLOBAL_URANIUM_NUCLEAR"": 1.0}",1.0,2,DETERIORATING,1.0,1.0,0.0,NO_TARGET_CHANGE,,"HISTORICAL UK RETAIL, ISA, ACCOUNT AND BROKER ELIGIBILITY REMAIN PARTLY UNRESOLVED"
ABLATION_BASELINE,WEEKLY,2023-12-15,GLOBAL_URANIUM_NUCLEAR,WEAKENING,,"{""GLOBAL_URANIUM_NUCLEAR"": 1.0}","{""GLOBAL_URANIUM_NUCLEAR"": 1.0}",1.0,2,DETERIORATING,1.0,1.0,0.0,NO_TARGET_CHANGE,,"HISTORICAL UK RETAIL, ISA, ACCOUNT AND BROKER ELIGIBILITY REMAIN PARTLY UNRESOLVED"
ABLATION_BASELINE,WEEKLY,2023-12-22,GLOBAL_URANIUM_NUCLEAR,FAILED,,"{""GLOBAL_URANIUM_NUCLEAR"": 1.0}","{""GLOBAL_URANIUM_NUCLEAR"": 1.0}",1.0,2,DETERIORATING,1.0,1.0,0.0,NO_TARGET_CHANGE,,"HISTORICAL UK RETAIL, ISA, ACCOUNT AND BROKER ELIGIBILITY REMAIN PARTLY UNRESOLVED"
ABLATION_BASELINE,WEEKLY,2023-12-29,GLOBAL_AI,EXTENDED,,"{""GLOBAL_AI"": 1.0}","{""GLOBAL_AI"": 1.0}",1.0,2,DETERIORATING,1.0,1.0,0.0,PLANNED,2024-01-02,"HISTORICAL UK RETAIL, ISA, ACCOUNT AND BROKER ELIGIBILITY REMAIN PARTLY UNRESOLVED"
ABLATION_BASELINE,WEEKLY,2024-01-05,GLOBAL_AI,ESTABLISHED,,"{""GLOBAL_AI"": 1.0}","{""GLOBAL_AI"": 1.0}",1.0,1,DETERIORATING,1.0,1.0,0.0,NO_TARGET_CHANGE,,"HISTORICAL UK RETAIL, ISA, ACCOUNT AND BROKER ELIGIBILITY REMAIN PARTLY UNRESOLVED"
ABLATION_BASELINE,WEEKLY,2024-01-12,GLOBAL_AI,OTHER,,"{""GLOBAL_AI"": 1.0}","{""GLOBAL_AI"": 1.0}",1.0,2,DETERIORATING,1.0,1.0,0.0,NO_TARGET_CHANGE,,"HISTORICAL UK RETAIL, ISA, ACCOUNT AND BROKER ELIGIBILITY REMAIN PARTLY UNRESOLVED"
ABLATION_BASELINE,WEEKLY,2024-01-19,GLOBAL_AI,OTHER,,"{""GLOBAL_AI"": 1.0}","{""GLOBAL_AI"": 1.0}",1.0,3,MATURE,1.0,1.0,0.0,NO_TARGET_CHANGE,,"HISTORICAL UK RETAIL, ISA, ACCOUNT AND BROKER ELIGIBILITY REMAIN PARTLY UNRESOLVED"
ABLATION_BASELINE,WEEKLY,2024-01-26,GLOBAL_AI,OTHER,,"{""GLOBAL_AI"": 1.0}","{""GLOBAL_AI"": 1.0}",1.0,3,POSITIVE,1.0,1.0,0.0,NO_TARGET_CHANGE,,"HISTORICAL UK RETAIL, ISA, ACCOUNT AND BROKER ELIGIBILITY REMAIN PARTLY UNRESOLVED"
ABLATION_BASELINE,WEEKLY,2024-01-31,GLOBAL_SEMICONDUCTORS,EXTENDED,,"{""GLOBAL_SEMICONDUCTORS"": 1.0}","{""GLOBAL_SEMICONDUCTORS"": 1.0}",1.0,3,POSITIVE,1.0,1.0,0.0,PLANNED,2024-02-01,"HISTORICAL UK RETAIL, ISA, ACCOUNT AND BROKER ELIGIBILITY REMAIN PARTLY UNRESOLVED"
ABLATION_BASELINE,WEEKLY,2024-02-02,GLOBAL_SEMICONDUCTORS,CONFIRMING,,"{""GLOBAL_SEMICONDUCTORS"": 1.0}","{""GLOBAL_SEMICONDUCTORS"": 1.0}",1.0,3,POSITIVE,1.0,1.0,0.0,NO_TARGET_CHANGE,,"HISTORICAL UK RETAIL, ISA, ACCOUNT AND BROKER ELIGIBILITY REMAIN PARTLY UNRESOLVED"
ABLATION_BASELINE,WEEKLY,2024-02-09,GLOBAL_SEMICONDUCTORS,EXTENDED,,"{""GLOBAL_SEMICONDUCTORS"": 1.0}","{""GLOBAL_SEMICONDUCTORS"": 1.0}",1.0,3,POSITIVE,1.0,1.0,0.0,NO_TARGET_CHANGE,,"HISTORICAL UK RETAIL, ISA, ACCOUNT AND BROKER ELIGIBILITY REMAIN PARTLY UNRESOLVED"
ABLATION_BASELINE,WEEKLY,2024-02-16,GLOBAL_SEMICONDUCTORS,EXTENDED,,"{""GLOBAL_SEMICONDUCTORS"": 1.0}","{""GLOBAL_SEMICONDUCTORS"": 1.0}",1.0,2,POSITIVE,1.0,1.0,0.0,NO_TARGET_CHANGE,,"HISTORICAL UK RETAIL, ISA, ACCOUNT AND BROKER ELIGIBILITY REMAIN PARTLY UNRESOLVED"
ABLATION_BASELINE,WEEKLY,2024-02-23,GLOBAL_SEMICONDUCTORS,EXTENDED,,"{""GLOBAL_SEMICONDUCTORS"": 1.0}","{""GLOBAL_SEMICONDUCTORS"": 1.0}",1.0,2,POSITIVE,1.0,1.0,0.0,NO_TARGET_CHANGE,,"HISTORICAL UK RETAIL, ISA, ACCOUNT AND BROKER ELIGIBILITY REMAIN PARTLY UNRESOLVED"
ABLATION_BASELINE,WEEKLY,2024-02-29,GLOBAL_SEMICONDUCTORS,EXTENDED,,"{""GLOBAL_SEMICONDUCTORS"": 1.0}","{""GLOBAL_SEMICONDUCTORS"": 1.0}",1.0,2,POSITIVE,1.0,1.0,0.0,NO_TARGET_CHANGE,,"HISTORICAL UK RETAIL, ISA, ACCOUNT AND BROKER ELIGIBILITY REMAIN PARTLY UNRESOLVED"
ABLATION_BASELINE,WEEKLY,2024-03-01,GLOBAL_SEMICONDUCTORS,EXTENDED,,"{""GLOBAL_SEMICONDUCTORS"": 1.0}","{""GLOBAL_SEMICONDUCTORS"": 1.0}",1.0,3,POSITIVE,1.0,1.0,0.0,NO_TARGET_CHANGE,,"HISTORICAL UK RETAIL, ISA, ACCOUNT AND BROKER ELIGIBILITY REMAIN PARTLY UNRESOLVED"
ABLATION_BASELINE,WEEKLY,2024-03-08,GLOBAL_SEMICONDUCTORS,EXTENDED,,"{""GLOBAL_SEMICONDUCTORS"": 1.0}","{""GLOBAL_SEMICONDUCTORS"": 1.0}",1.0,2,POSITIVE,1.0,1.0,0.0,NO_TARGET_CHANGE,,"HISTORICAL UK RETAIL, ISA, ACCOUNT AND BROKER ELIGIBILITY REMAIN PARTLY UNRESOLVED"
ABLATION_BASELINE,WEEKLY,2024-03-15,GLOBAL_SEMICONDUCTORS,EXTENDED,,"{""GLOBAL_SEMICONDUCTORS"": 1.0}","{""GLOBAL_SEMICONDUCTORS"": 1.0}",1.0,2,POSITIVE,1.0,1.0,0.0,NO_TARGET_CHANGE,,"HISTORICAL UK RETAIL, ISA, ACCOUNT AND BROKER ELIGIBILITY REMAIN PARTLY UNRESOLVED"
ABLATION_BASELINE,WEEKLY,2024-03-22,GLOBAL_SEMICONDUCTORS,EXTENDED,,"{""GLOBAL_SEMICONDUCTORS"": 1.0}","{""GLOBAL_SEMICONDUCTORS"": 1.0}",1.0,2,POSITIVE,1.0,1.0,0.0,NO_TARGET_CHANGE,,"HISTORICAL UK RETAIL, ISA, ACCOUNT AND BROKER ELIGIBILITY REMAIN PARTLY UNRESOLVED"
ABLATION_BASELINE,WEEKLY,2024-03-28,GLOBAL_SEMICONDUCTORS,EXTENDED,,"{""GLOBAL_SEMICONDUCTORS"": 1.0}","{""GLOBAL_SEMICONDUCTORS"": 1.0}",1.0,2,POSITIVE,1.0,1.0,0.0,NO_TARGET_CHANGE,,"HISTORICAL UK RETAIL, ISA, ACCOUNT AND BROKER ELIGIBILITY REMAIN PARTLY UNRESOLVED"
ABLATION_BASELINE,WEEKLY,2024-04-05,GLOBAL_SEMICONDUCTORS,WEAKENING,,"{""GLOBAL_SEMICONDUCTORS"": 1.0}","{""GLOBAL_SEMICONDUCTORS"": 1.0}",1.0,4,STRONG,1.0,1.0,0.0,NO_TARGET_CHANGE,,"HISTORICAL UK RETAIL, ISA, ACCOUNT AND BROKER ELIGIBILITY REMAIN PARTLY UNRESOLVED"
ABLATION_BASELINE,WEEKLY,2024-04-12,GLOBAL_SEMICONDUCTORS,WEAKENING,,"{""GLOBAL_SEMICONDUCTORS"": 1.0}","{""GLOBAL_SEMICONDUCTORS"": 1.0}",1.0,4,STRONG,1.0,1.0,0.0,NO_TARGET_CHANGE,,"HISTORICAL UK RETAIL, ISA, ACCOUNT AND BROKER ELIGIBILITY REMAIN PARTLY UNRESOLVED"
ABLATION_BASELINE,WEEKLY,2024-04-19,GLOBAL_SEMICONDUCTORS,WEAKENING,,"{""GLOBAL_SEMICONDUCTORS"": 1.0}","{""GLOBAL_SEMICONDUCTORS"": 1.0}",1.0,5,STRONG,1.0,1.0,0.0,NO_TARGET_CHANGE,,"HISTORICAL UK RETAIL, ISA, ACCOUNT AND BROKER ELIGIBILITY REMAIN PARTLY UNRESOLVED"
ABLATION_BASELINE,WEEKLY,2024-04-26,GLOBAL_SEMICONDUCTORS,WEAKENING,,"{""GLOBAL_SEMICONDUCTORS"": 1.0}","{""GLOBAL_SEMICONDUCTORS"": 1.0}",1.0,5,STRONG,1.0,1.0,0.0,NO_TARGET_CHANGE,,"HISTORICAL UK RETAIL, ISA, ACCOUNT AND BROKER ELIGIBILITY REMAIN PARTLY UNRESOLVED"
ABLATION_BASELINE,WEEKLY,2024-04-30,EUROPE_BANKS,EXTENDED,,"{""EUROPE_BANKS"": 1.0}","{""EUROPE_BANKS"": 1.0}",1.0,5,STRONG,1.0,1.0,0.0,PLANNED,2024-05-01,"HISTORICAL UK RETAIL, ISA, ACCOUNT AND BROKER ELIGIBILITY REMAIN PARTLY UNRESOLVED"
ABLATION_BASELINE,WEEKLY,2024-05-03,EUROPE_BANKS,EXTENDED,,"{""EUROPE_BANKS"": 1.0}","{""EUROPE_BANKS"": 1.0}",1.0,5,STRONG,1.0,1.0,0.0,NO_TARGET_CHANGE,,"HISTORICAL UK RETAIL, ISA, ACCOUNT AND BROKER ELIGIBILITY REMAIN PARTLY UNRESOLVED"
ABLATION_BASELINE,WEEKLY,2024-05-10,EUROPE_BANKS,EXTENDED,,"{""EUROPE_BANKS"": 1.0}","{""EUROPE_BANKS"": 1.0}",1.0,4,MATURE,1.0,1.0,0.0,NO_TARGET_CHANGE,,"HISTORICAL UK RETAIL, ISA, ACCOUNT AND BROKER ELIGIBILITY REMAIN PARTLY UNRESOLVED"
ABLATION_BASELINE,WEEKLY,2024-05-17,EUROPE_BANKS,EXTENDED,,"{""EUROPE_BANKS"": 1.0}","{""EUROPE_BANKS"": 1.0}",1.0,4,MATURE,1.0,1.0,0.0,NO_TARGET_CHANGE,,"HISTORICAL UK RETAIL, ISA, ACCOUNT AND BROKER ELIGIBILITY REMAIN PARTLY UNRESOLVED"
ABLATION_BASELINE,WEEKLY,2024-05-24,EUROPE_BANKS,EXTENDED,,"{""EUROPE_BANKS"": 1.0}","{""EUROPE_BANKS"": 1.0}",1.0,4,MATURE,1.0,1.0,0.0,NO_TARGET_CHANGE,,"HISTORICAL UK RETAIL, ISA, ACCOUNT AND BROKER ELIGIBILITY REMAIN PARTLY UNRESOLVED"
ABLATION_BASELINE,WEEKLY,2024-05-31,EUROPE_BANKS,EXTENDED,,"{""EUROPE_BANKS"": 1.0}","{""EUROPE_BANKS"": 1.0}",1.0,4,MATURE,1.0,1.0,0.0,NO_TARGET_CHANGE,,"HISTORICAL UK RETAIL, ISA, ACCOUNT AND BROKER ELIGIBILITY REMAIN PARTLY UNRESOLVED"
ABLATION_BASELINE,WEEKLY,2024-06-07,EUROPE_BANKS,ESTABLISHED,,"{""EUROPE_BANKS"": 1.0}","{""EUROPE_BANKS"": 1.0}",1.0,2,DETERIORATING,1.0,1.0,0.0,NO_TARGET_CHANGE,,"HISTORICAL UK RETAIL, ISA, ACCOUNT AND BROKER ELIGIBILITY REMAIN PARTLY UNRESOLVED"
ABLATION_BASELINE,WEEKLY,2024-06-14,EUROPE_BANKS,FAILED,,"{""EUROPE_BANKS"": 1.0}","{""EUROPE_BANKS"": 1.0}",1.0,1,DETERIORATING,1.0,1.0,0.0,NO_TARGET_CHANGE,,"HISTORICAL UK RETAIL, ISA, ACCOUNT AND BROKER ELIGIBILITY REMAIN PARTLY UNRESOLVED"
ABLATION_BASELINE,WEEKLY,2024-06-21,EUROPE_BANKS,WEAKENING,,"{""EUROPE_BANKS"": 1.0}","{""EUROPE_BANKS"": 1.0}",1.0,2,DETERIORATING,1.0,1.0,0.0,NO_TARGET_CHANGE,,"HISTORICAL UK RETAIL, ISA, ACCOUNT AND BROKER ELIGIBILITY REMAIN PARTLY UNRESOLVED"
ABLATION_BASELINE,WEEKLY,2024-06-28,GLOBAL_SEMICONDUCTORS,ESTABLISHED,,"{""GLOBAL_SEMICONDUCTORS"": 1.0}","{""GLOBAL_SEMICONDUCTORS"": 1.0}",1.0,1,DETERIORATING,1.0,1.0,0.0,PLANNED,2024-07-01,"HISTORICAL UK RETAIL, ISA, ACCOUNT AND BROKER ELIGIBILITY REMAIN PARTLY UNRESOLVED"
ABLATION_BASELINE,WEEKLY,2024-07-05,GLOBAL_SEMICONDUCTORS,EXTENDED,,"{""GLOBAL_SEMICONDUCTORS"": 1.0}","{""GLOBAL_SEMICONDUCTORS"": 1.0}",1.0,2,DETERIORATING,1.0,1.0,0.0,NO_TARGET_CHANGE,,"HISTORICAL UK RETAIL, ISA, ACCOUNT AND BROKER ELIGIBILITY REMAIN PARTLY UNRESOLVED"
ABLATION_BASELINE,WEEKLY,2024-07-12,GLOBAL_SEMICONDUCTORS,EXTENDED,,"{""GLOBAL_SEMICONDUCTORS"": 1.0}","{""GLOBAL_SEMICONDUCTORS"": 1.0}",1.0,2,DETERIORATING,1.0,1.0,0.0,NO_TARGET_CHANGE,,"HISTORICAL UK RETAIL, ISA, ACCOUNT AND BROKER ELIGIBILITY REMAIN PARTLY UNRESOLVED"
ABLATION_BASELINE,WEEKLY,2024-07-19,GLOBAL_SEMICONDUCTORS,WEAKENING,,"{""GLOBAL_SEMICONDUCTORS"": 1.0}","{""GLOBAL_SEMICONDUCTORS"": 1.0}",1.0,3,MATURE,1.0,1.0,0.0,NO_TARGET_CHANGE,,"HISTORICAL UK RETAIL, ISA, ACCOUNT AND BROKER ELIGIBILITY REMAIN PARTLY UNRESOLVED"
ABLATION_BASELINE,WEEKLY,2024-07-26,GLOBAL_SEMICONDUCTORS,WEAKENING,,"{""GLOBAL_SEMICONDUCTORS"": 1.0}","{""GLOBAL_SEMICONDUCTORS"": 1.0}",1.0,3,MATURE,1.0,1.0,0.0,NO_TARGET_CHANGE,,"HISTORICAL UK RETAIL, ISA, ACCOUNT AND BROKER ELIGIBILITY REMAIN PARTLY UNRESOLVED"
ABLATION_BASELINE,WEEKLY,2024-07-31,GLOBAL_GOLD_MINERS,ESTABLISHED,,"{""GLOBAL_GOLD_MINERS"": 1.0}","{""GLOBAL_GOLD_MINERS"": 1.0}",1.0,3,MATURE,1.0,1.0,0.0,PLANNED,2024-08-01,"HISTORICAL UK RETAIL, ISA, ACCOUNT AND BROKER ELIGIBILITY REMAIN PARTLY UNRESOLVED"
ABLATION_BASELINE,WEEKLY,2024-08-02,GLOBAL_GOLD_MINERS,ESTABLISHED,,"{""GLOBAL_GOLD_MINERS"": 1.0}","{""GLOBAL_GOLD_MINERS"": 1.0}",1.0,2,POSITIVE,1.0,1.0,0.0,NO_TARGET_CHANGE,,"HISTORICAL UK RETAIL, ISA, ACCOUNT AND BROKER ELIGIBILITY REMAIN PARTLY UNRESOLVED"
ABLATION_BASELINE,WEEKLY,2024-08-09,GLOBAL_GOLD_MINERS,ESTABLISHED,,"{""GLOBAL_GOLD_MINERS"": 1.0}","{""GLOBAL_GOLD_MINERS"": 1.0}",1.0,3,POSITIVE,1.0,1.0,0.0,NO_TARGET_CHANGE,,"HISTORICAL UK RETAIL, ISA, ACCOUNT AND BROKER ELIGIBILITY REMAIN PARTLY UNRESOLVED"
ABLATION_BASELINE,WEEKLY,2024-08-16,GLOBAL_GOLD_MINERS,ESTABLISHED,,"{""GLOBAL_GOLD_MINERS"": 1.0}","{""GLOBAL_GOLD_MINERS"": 1.0}",1.0,3,POSITIVE,1.0,1.0,0.0,NO_TARGET_CHANGE,,"HISTORICAL UK RETAIL, ISA, ACCOUNT AND BROKER ELIGIBILITY REMAIN PARTLY UNRESOLVED"
ABLATION_BASELINE,WEEKLY,2024-08-23,GLOBAL_GOLD_MINERS,ESTABLISHED,,"{""GLOBAL_GOLD_MINERS"": 1.0}","{""GLOBAL_GOLD_MINERS"": 1.0}",1.0,3,POSITIVE,1.0,1.0,0.0,NO_TARGET_CHANGE,,"HISTORICAL UK RETAIL, ISA, ACCOUNT AND BROKER ELIGIBILITY REMAIN PARTLY UNRESOLVED"
ABLATION_BASELINE,WEEKLY,2024-08-30,GLOBAL_GOLD_MINERS,ESTABLISHED,,"{""GLOBAL_GOLD_MINERS"": 1.0}","{""GLOBAL_GOLD_MINERS"": 1.0}",1.0,2,POSITIVE,1.0,1.0,0.0,NO_TARGET_CHANGE,,"HISTORICAL UK RETAIL, ISA, ACCOUNT AND BROKER ELIGIBILITY REMAIN PARTLY UNRESOLVED"
ABLATION_BASELINE,WEEKLY,2024-09-06,GLOBAL_GOLD_MINERS,ESTABLISHED,,"{""GLOBAL_GOLD_MINERS"": 1.0}","{""GLOBAL_GOLD_MINERS"": 1.0}",1.0,3,POSITIVE,1.0,1.0,0.0,NO_TARGET_CHANGE,,"HISTORICAL UK RETAIL, ISA, ACCOUNT AND BROKER ELIGIBILITY REMAIN PARTLY UNRESOLVED"
ABLATION_BASELINE,WEEKLY,2024-09-13,GLOBAL_GOLD_MINERS,EXTENDED,,"{""GLOBAL_GOLD_MINERS"": 1.0}","{""GLOBAL_GOLD_MINERS"": 1.0}",1.0,4,STRONG,1.0,1.0,0.0,NO_TARGET_CHANGE,,"HISTORICAL UK RETAIL, ISA, ACCOUNT AND BROKER ELIGIBILITY REMAIN PARTLY UNRESOLVED"
ABLATION_BASELINE,WEEKLY,2024-09-20,GLOBAL_GOLD_MINERS,ESTABLISHED,,"{""GLOBAL_GOLD_MINERS"": 1.0}","{""GLOBAL_GOLD_MINERS"": 1.0}",1.0,3,MATURE,1.0,1.0,0.0,NO_TARGET_CHANGE,,"HISTORICAL UK RETAIL, ISA, ACCOUNT AND BROKER ELIGIBILITY REMAIN PARTLY UNRESOLVED"
ABLATION_BASELINE,WEEKLY,2024-09-27,GLOBAL_GOLD_MINERS,ESTABLISHED,,"{""GLOBAL_GOLD_MINERS"": 1.0}","{""GLOBAL_GOLD_MINERS"": 1.0}",1.0,4,STRONG,1.0,1.0,0.0,NO_TARGET_CHANGE,,"HISTORICAL UK RETAIL, ISA, ACCOUNT AND BROKER ELIGIBILITY REMAIN PARTLY UNRESOLVED"
ABLATION_BASELINE,WEEKLY,2024-09-30,GLOBAL_GOLD_MINERS,WEAKENING,,"{""GLOBAL_GOLD_MINERS"": 1.0}","{""GLOBAL_GOLD_MINERS"": 1.0}",1.0,4,STRONG,1.0,1.0,0.0,NO_TARGET_CHANGE,,"HISTORICAL UK RETAIL, ISA, ACCOUNT AND BROKER ELIGIBILITY REMAIN PARTLY UNRESOLVED"
ABLATION_BASELINE,WEEKLY,2024-10-04,GLOBAL_GOLD_MINERS,WEAKENING,,"{""GLOBAL_GOLD_MINERS"": 1.0}","{""GLOBAL_GOLD_MINERS"": 1.0}",1.0,3,MATURE,1.0,1.0,0.0,NO_TARGET_CHANGE,,"HISTORICAL UK RETAIL, ISA, ACCOUNT AND BROKER ELIGIBILITY REMAIN PARTLY UNRESOLVED"
ABLATION_BASELINE,WEEKLY,2024-10-11,GLOBAL_GOLD_MINERS,WEAKENING,,"{""GLOBAL_GOLD_MINERS"": 1.0}","{""GLOBAL_GOLD_MINERS"": 1.0}",1.0,3,MATURE,1.0,1.0,0.0,NO_TARGET_CHANGE,,"HISTORICAL UK RETAIL, ISA, ACCOUNT AND BROKER ELIGIBILITY REMAIN PARTLY UNRESOLVED"
ABLATION_BASELINE,WEEKLY,2024-10-18,GLOBAL_GOLD_MINERS,ESTABLISHED,,"{""GLOBAL_GOLD_MINERS"": 1.0}","{""GLOBAL_GOLD_MINERS"": 1.0}",1.0,3,MATURE,1.0,1.0,0.0,NO_TARGET_CHANGE,,"HISTORICAL UK RETAIL, ISA, ACCOUNT AND BROKER ELIGIBILITY REMAIN PARTLY UNRESOLVED"
ABLATION_BASELINE,WEEKLY,2024-10-25,GLOBAL_GOLD_MINERS,OTHER,,"{""GLOBAL_GOLD_MINERS"": 1.0}","{""GLOBAL_GOLD_MINERS"": 1.0}",1.0,2,DETERIORATING,1.0,1.0,0.0,NO_TARGET_CHANGE,,"HISTORICAL UK RETAIL, ISA, ACCOUNT AND BROKER ELIGIBILITY REMAIN PARTLY UNRESOLVED"
ABLATION_BASELINE,WEEKLY,2024-10-31,GLOBAL_GOLD_MINERS,ESTABLISHED,,"{""GLOBAL_GOLD_MINERS"": 1.0}","{""GLOBAL_GOLD_MINERS"": 1.0}",1.0,2,DETERIORATING,1.0,1.0,0.0,NO_TARGET_CHANGE,,"HISTORICAL UK RETAIL, ISA, ACCOUNT AND BROKER ELIGIBILITY REMAIN PARTLY UNRESOLVED"
ABLATION_BASELINE,WEEKLY,2024-11-01,GLOBAL_GOLD_MINERS,ESTABLISHED,,"{""GLOBAL_GOLD_MINERS"": 1.0}","{""GLOBAL_GOLD_MINERS"": 1.0}",1.0,4,STRONG,1.0,1.0,0.0,NO_TARGET_CHANGE,,"HISTORICAL UK RETAIL, ISA, ACCOUNT AND BROKER ELIGIBILITY REMAIN PARTLY UNRESOLVED"
ABLATION_BASELINE,WEEKLY,2024-11-08,GLOBAL_GOLD_MINERS,OTHER,,"{""GLOBAL_GOLD_MINERS"": 1.0}","{""GLOBAL_GOLD_MINERS"": 1.0}",1.0,3,MATURE,1.0,1.0,0.0,NO_TARGET_CHANGE,,"HISTORICAL UK RETAIL, ISA, ACCOUNT AND BROKER ELIGIBILITY REMAIN PARTLY UNRESOLVED"
ABLATION_BASELINE,WEEKLY,2024-11-15,GLOBAL_GOLD_MINERS,FAILED,,"{""GLOBAL_GOLD_MINERS"": 1.0}","{""GLOBAL_GOLD_MINERS"": 1.0}",1.0,2,DETERIORATING,1.0,1.0,0.0,NO_TARGET_CHANGE,,"HISTORICAL UK RETAIL, ISA, ACCOUNT AND BROKER ELIGIBILITY REMAIN PARTLY UNRESOLVED"
ABLATION_BASELINE,WEEKLY,2024-11-22,GLOBAL_GOLD_MINERS,FAILED,,"{""GLOBAL_GOLD_MINERS"": 1.0}","{""GLOBAL_GOLD_MINERS"": 1.0}",1.0,3,MATURE,1.0,1.0,0.0,NO_TARGET_CHANGE,,"HISTORICAL UK RETAIL, ISA, ACCOUNT AND BROKER ELIGIBILITY REMAIN PARTLY UNRESOLVED"
ABLATION_BASELINE,WEEKLY,2024-11-29,GLOBAL_SOFTWARE,EXTENDED,,"{""GLOBAL_SOFTWARE"": 1.0}","{""GLOBAL_SOFTWARE"": 1.0}",1.0,3,MATURE,1.0,1.0,0.0,PLANNED,2024-12-02,"HISTORICAL UK RETAIL, ISA, ACCOUNT AND BROKER ELIGIBILITY REMAIN PARTLY UNRESOLVED"
ABLATION_BASELINE,WEEKLY,2024-12-06,GLOBAL_SOFTWARE,EXTENDED,,"{""GLOBAL_SOFTWARE"": 1.0}","{""GLOBAL_SOFTWARE"": 1.0}",1.0,3,MATURE,1.0,1.0,0.0,NO_TARGET_CHANGE,,"HISTORICAL UK RETAIL, ISA, ACCOUNT AND BROKER ELIGIBILITY REMAIN PARTLY UNRESOLVED"
ABLATION_BASELINE,WEEKLY,2024-12-13,GLOBAL_SOFTWARE,EXTENDED,,"{""GLOBAL_SOFTWARE"": 1.0}","{""GLOBAL_SOFTWARE"": 1.0}",1.0,3,MATURE,1.0,1.0,0.0,NO_TARGET_CHANGE,,"HISTORICAL UK RETAIL, ISA, ACCOUNT AND BROKER ELIGIBILITY REMAIN PARTLY UNRESOLVED"
ABLATION_BASELINE,WEEKLY,2024-12-20,GLOBAL_SOFTWARE,EXTENDED,,"{""GLOBAL_SOFTWARE"": 1.0}","{""GLOBAL_SOFTWARE"": 1.0}",1.0,3,MATURE,1.0,1.0,0.0,NO_TARGET_CHANGE,,"HISTORICAL UK RETAIL, ISA, ACCOUNT AND BROKER ELIGIBILITY REMAIN PARTLY UNRESOLVED"
ABLATION_BASELINE,WEEKLY,2024-12-27,GLOBAL_SOFTWARE,EXTENDED,,"{""GLOBAL_SOFTWARE"": 1.0}","{""GLOBAL_SOFTWARE"": 1.0}",1.0,2,DETERIORATING,1.0,1.0,0.0,NO_TARGET_CHANGE,,"HISTORICAL UK RETAIL, ISA, ACCOUNT AND BROKER ELIGIBILITY REMAIN PARTLY UNRESOLVED"
ABLATION_BASELINE,WEEKLY,2024-12-31,GLOBAL_SOFTWARE,EXTENDED,,"{""GLOBAL_SOFTWARE"": 1.0}","{""GLOBAL_SOFTWARE"": 1.0}",1.0,2,DETERIORATING,1.0,1.0,0.0,NO_TARGET_CHANGE,,"HISTORICAL UK RETAIL, ISA, ACCOUNT AND BROKER ELIGIBILITY REMAIN PARTLY UNRESOLVED"
ABLATION_BASELINE,WEEKLY,2025-01-03,GLOBAL_SOFTWARE,EXTENDED,,"{""GLOBAL_SOFTWARE"": 1.0}","{""GLOBAL_SOFTWARE"": 1.0}",1.0,2,POSITIVE,1.0,1.0,0.0,NO_TARGET_CHANGE,,"HISTORICAL UK RETAIL, ISA, ACCOUNT AND BROKER ELIGIBILITY REMAIN PARTLY UNRESOLVED"
ABLATION_BASELINE,WEEKLY,2025-01-10,GLOBAL_SOFTWARE,WEAKENING,,"{""GLOBAL_SOFTWARE"": 1.0}","{""GLOBAL_SOFTWARE"": 1.0}",1.0,1,POSITIVE,1.0,1.0,0.0,NO_TARGET_CHANGE,,"HISTORICAL UK RETAIL, ISA, ACCOUNT AND BROKER ELIGIBILITY REMAIN PARTLY UNRESOLVED"
ABLATION_BASELINE,WEEKLY,2025-01-17,GLOBAL_SOFTWARE,WEAKENING,,"{""GLOBAL_SOFTWARE"": 1.0}","{""GLOBAL_SOFTWARE"": 1.0}",1.0,2,POSITIVE,1.0,1.0,0.0,NO_TARGET_CHANGE,,"HISTORICAL UK RETAIL, ISA, ACCOUNT AND BROKER ELIGIBILITY REMAIN PARTLY UNRESOLVED"
ABLATION_BASELINE,WEEKLY,2025-01-24,GLOBAL_SOFTWARE,WEAKENING,,"{""GLOBAL_SOFTWARE"": 1.0}","{""GLOBAL_SOFTWARE"": 1.0}",1.0,2,POSITIVE,1.0,1.0,0.0,NO_TARGET_CHANGE,,"HISTORICAL UK RETAIL, ISA, ACCOUNT AND BROKER ELIGIBILITY REMAIN PARTLY UNRESOLVED"
ABLATION_BASELINE,WEEKLY,2025-01-31,GLOBAL_SOFTWARE,WEAKENING,,"{""GLOBAL_SOFTWARE"": 1.0}","{""GLOBAL_SOFTWARE"": 1.0}",1.0,2,POSITIVE,1.0,1.0,0.0,NO_TARGET_CHANGE,,"HISTORICAL UK RETAIL, ISA, ACCOUNT AND BROKER ELIGIBILITY REMAIN PARTLY UNRESOLVED"
ABLATION_BASELINE,WEEKLY,2025-02-07,GLOBAL_SOFTWARE,OTHER,,"{""GLOBAL_SOFTWARE"": 1.0}","{""GLOBAL_SOFTWARE"": 1.0}",1.0,3,POSITIVE,1.0,1.0,0.0,NO_TARGET_CHANGE,,"HISTORICAL UK RETAIL, ISA, ACCOUNT AND BROKER ELIGIBILITY REMAIN PARTLY UNRESOLVED"
ABLATION_BASELINE,WEEKLY,2025-02-14,GLOBAL_SOFTWARE,OTHER,,"{""GLOBAL_SOFTWARE"": 1.0}","{""GLOBAL_SOFTWARE"": 1.0}",1.0,3,POSITIVE,1.0,1.0,0.0,NO_TARGET_CHANGE,,"HISTORICAL UK RETAIL, ISA, ACCOUNT AND BROKER ELIGIBILITY REMAIN PARTLY UNRESOLVED"
ABLATION_BASELINE,WEEKLY,2025-02-21,GLOBAL_SOFTWARE,FAILED,,"{""GLOBAL_SOFTWARE"": 1.0}","{""GLOBAL_SOFTWARE"": 1.0}",1.0,4,STRONG,1.0,1.0,0.0,NO_TARGET_CHANGE,,"HISTORICAL UK RETAIL, ISA, ACCOUNT AND BROKER ELIGIBILITY REMAIN PARTLY UNRESOLVED"
ABLATION_BASELINE,WEEKLY,2025-02-28,EUROPE_BANKS,EXTENDED,,"{""EUROPE_BANKS"": 1.0}","{""EUROPE_BANKS"": 1.0}",1.0,4,STRONG,1.0,1.0,0.0,PLANNED,2025-03-03,"HISTORICAL UK RETAIL, ISA, ACCOUNT AND BROKER ELIGIBILITY REMAIN PARTLY UNRESOLVED"
ABLATION_BASELINE,WEEKLY,2025-03-07,EUROPE_BANKS,EXTENDED,,"{""EUROPE_BANKS"": 1.0}","{""EUROPE_BANKS"": 1.0}",1.0,4,STRONG,1.0,1.0,0.0,NO_TARGET_CHANGE,,"HISTORICAL UK RETAIL, ISA, ACCOUNT AND BROKER ELIGIBILITY REMAIN PARTLY UNRESOLVED"
ABLATION_BASELINE,WEEKLY,2025-03-14,EUROPE_BANKS,EXTENDED,,"{""EUROPE_BANKS"": 1.0}","{""EUROPE_BANKS"": 1.0}",1.0,4,STRONG,1.0,1.0,0.0,NO_TARGET_CHANGE,,"HISTORICAL UK RETAIL, ISA, ACCOUNT AND BROKER ELIGIBILITY REMAIN PARTLY UNRESOLVED"
ABLATION_BASELINE,WEEKLY,2025-03-21,EUROPE_BANKS,EXTENDED,,"{""EUROPE_BANKS"": 1.0}","{""EUROPE_BANKS"": 1.0}",1.0,4,STRONG,1.0,1.0,0.0,NO_TARGET_CHANGE,,"HISTORICAL UK RETAIL, ISA, ACCOUNT AND BROKER ELIGIBILITY REMAIN PARTLY UNRESOLVED"
ABLATION_BASELINE,WEEKLY,2025-03-28,EUROPE_BANKS,OTHER,,"{""EUROPE_BANKS"": 1.0}","{""EUROPE_BANKS"": 1.0}",1.0,4,STRONG,1.0,1.0,0.0,NO_TARGET_CHANGE,,"HISTORICAL UK RETAIL, ISA, ACCOUNT AND BROKER ELIGIBILITY REMAIN PARTLY UNRESOLVED"
ABLATION_BASELINE,WEEKLY,2025-03-31,GLOBAL_GOLD_MINERS,EXTENDED,,"{""GLOBAL_GOLD_MINERS"": 1.0}","{""GLOBAL_GOLD_MINERS"": 1.0}",1.0,4,STRONG,1.0,1.0,0.0,PLANNED,2025-04-01,"HISTORICAL UK RETAIL, ISA, ACCOUNT AND BROKER ELIGIBILITY REMAIN PARTLY UNRESOLVED"
ABLATION_BASELINE,WEEKLY,2025-04-04,GLOBAL_GOLD_MINERS,EXTENDED,,"{""GLOBAL_GOLD_MINERS"": 1.0}","{""GLOBAL_GOLD_MINERS"": 1.0}",1.0,2,HOSTILE,1.0,1.0,0.0,NO_TARGET_CHANGE,,"HISTORICAL UK RETAIL, ISA, ACCOUNT AND BROKER ELIGIBILITY REMAIN PARTLY UNRESOLVED"
ABLATION_BASELINE,WEEKLY,2025-04-11,GLOBAL_GOLD_MINERS,EXTENDED,,"{""GLOBAL_GOLD_MINERS"": 1.0}","{""GLOBAL_GOLD_MINERS"": 1.0}",1.0,2,HOSTILE,1.0,1.0,0.0,NO_TARGET_CHANGE,,"HISTORICAL UK RETAIL, ISA, ACCOUNT AND BROKER ELIGIBILITY REMAIN PARTLY UNRESOLVED"
ABLATION_BASELINE,WEEKLY,2025-04-17,GLOBAL_GOLD_MINERS,EXTENDED,,"{""GLOBAL_GOLD_MINERS"": 1.0}","{""GLOBAL_GOLD_MINERS"": 1.0}",1.0,2,HOSTILE,1.0,1.0,0.0,NO_TARGET_CHANGE,,"HISTORICAL UK RETAIL, ISA, ACCOUNT AND BROKER ELIGIBILITY REMAIN PARTLY UNRESOLVED"
ABLATION_BASELINE,WEEKLY,2025-04-25,GLOBAL_GOLD_MINERS,EXTENDED,,"{""GLOBAL_GOLD_MINERS"": 1.0}","{""GLOBAL_GOLD_MINERS"": 1.0}",1.0,2,HOSTILE,1.0,1.0,0.0,NO_TARGET_CHANGE,,"HISTORICAL UK RETAIL, ISA, ACCOUNT AND BROKER ELIGIBILITY REMAIN PARTLY UNRESOLVED"
ABLATION_BASELINE,WEEKLY,2025-04-30,GLOBAL_GOLD_MINERS,EXTENDED,,"{""GLOBAL_GOLD_MINERS"": 1.0}","{""GLOBAL_GOLD_MINERS"": 1.0}",1.0,2,HOSTILE,1.0,1.0,0.0,NO_TARGET_CHANGE,,"HISTORICAL UK RETAIL, ISA, ACCOUNT AND BROKER ELIGIBILITY REMAIN PARTLY UNRESOLVED"
ABLATION_BASELINE,WEEKLY,2025-05-02,GLOBAL_GOLD_MINERS,OTHER,,"{""GLOBAL_GOLD_MINERS"": 1.0}","{""GLOBAL_GOLD_MINERS"": 1.0}",1.0,2,HOSTILE,1.0,1.0,0.0,NO_TARGET_CHANGE,,"HISTORICAL UK RETAIL, ISA, ACCOUNT AND BROKER ELIGIBILITY REMAIN PARTLY UNRESOLVED"
ABLATION_BASELINE,WEEKLY,2025-05-09,GLOBAL_GOLD_MINERS,OTHER,,"{""GLOBAL_GOLD_MINERS"": 1.0}","{""GLOBAL_GOLD_MINERS"": 1.0}",1.0,2,HOSTILE,1.0,1.0,0.0,NO_TARGET_CHANGE,,"HISTORICAL UK RETAIL, ISA, ACCOUNT AND BROKER ELIGIBILITY REMAIN PARTLY UNRESOLVED"
ABLATION_BASELINE,WEEKLY,2025-05-16,GLOBAL_GOLD_MINERS,WEAKENING,,"{""GLOBAL_GOLD_MINERS"": 1.0}","{""GLOBAL_GOLD_MINERS"": 1.0}",1.0,3,MATURE,1.0,1.0,0.0,NO_TARGET_CHANGE,,"HISTORICAL UK RETAIL, ISA, ACCOUNT AND BROKER ELIGIBILITY REMAIN PARTLY UNRESOLVED"
ABLATION_BASELINE,WEEKLY,2025-05-23,GLOBAL_GOLD_MINERS,WEAKENING,,"{""GLOBAL_GOLD_MINERS"": 1.0}","{""GLOBAL_GOLD_MINERS"": 1.0}",1.0,2,HOSTILE,1.0,1.0,0.0,NO_TARGET_CHANGE,,"HISTORICAL UK RETAIL, ISA, ACCOUNT AND BROKER ELIGIBILITY REMAIN PARTLY UNRESOLVED"
ABLATION_BASELINE,WEEKLY,2025-05-30,GLOBAL_GOLD_MINERS,WEAKENING,,"{""GLOBAL_GOLD_MINERS"": 1.0}","{""GLOBAL_GOLD_MINERS"": 1.0}",1.0,2,HOSTILE,1.0,1.0,0.0,NO_TARGET_CHANGE,,"HISTORICAL UK RETAIL, ISA, ACCOUNT AND BROKER ELIGIBILITY REMAIN PARTLY UNRESOLVED"
ABLATION_BASELINE,WEEKLY,2025-06-06,GLOBAL_GOLD_MINERS,WEAKENING,,"{""GLOBAL_GOLD_MINERS"": 1.0}","{""GLOBAL_GOLD_MINERS"": 1.0}",1.0,4,STRONG,1.0,1.0,0.0,NO_TARGET_CHANGE,,"HISTORICAL UK RETAIL, ISA, ACCOUNT AND BROKER ELIGIBILITY REMAIN PARTLY UNRESOLVED"
ABLATION_BASELINE,WEEKLY,2025-06-13,GLOBAL_GOLD_MINERS,WEAKENING,,"{""GLOBAL_GOLD_MINERS"": 1.0}","{""GLOBAL_GOLD_MINERS"": 1.0}",1.0,3,MATURE,1.0,1.0,0.0,NO_TARGET_CHANGE,,"HISTORICAL UK RETAIL, ISA, ACCOUNT AND BROKER ELIGIBILITY REMAIN PARTLY UNRESOLVED"
ABLATION_BASELINE,WEEKLY,2025-06-20,GLOBAL_GOLD_MINERS,ESTABLISHED,,"{""GLOBAL_GOLD_MINERS"": 1.0}","{""GLOBAL_GOLD_MINERS"": 1.0}",1.0,3,MATURE,1.0,1.0,0.0,NO_TARGET_CHANGE,,"HISTORICAL UK RETAIL, ISA, ACCOUNT AND BROKER ELIGIBILITY REMAIN PARTLY UNRESOLVED"
ABLATION_BASELINE,WEEKLY,2025-06-27,GLOBAL_GOLD_MINERS,WEAKENING,,"{""GLOBAL_GOLD_MINERS"": 1.0}","{""GLOBAL_GOLD_MINERS"": 1.0}",1.0,2,DETERIORATING,1.0,1.0,0.0,NO_TARGET_CHANGE,,"HISTORICAL UK RETAIL, ISA, ACCOUNT AND BROKER ELIGIBILITY REMAIN PARTLY UNRESOLVED"
ABLATION_BASELINE,WEEKLY,2025-06-30,EUROPE_BANKS,WEAKENING,,"{""EUROPE_BANKS"": 1.0}","{""EUROPE_BANKS"": 1.0}",1.0,2,DETERIORATING,1.0,1.0,0.0,PLANNED,2025-07-01,"HISTORICAL UK RETAIL, ISA, ACCOUNT AND BROKER ELIGIBILITY REMAIN PARTLY UNRESOLVED"
ABLATION_BASELINE,WEEKLY,2025-07-04,EUROPE_BANKS,OTHER,,"{""EUROPE_BANKS"": 1.0}","{""EUROPE_BANKS"": 1.0}",1.0,2,DETERIORATING,1.0,1.0,0.0,NO_TARGET_CHANGE,,"HISTORICAL UK RETAIL, ISA, ACCOUNT AND BROKER ELIGIBILITY REMAIN PARTLY UNRESOLVED"
ABLATION_BASELINE,WEEKLY,2025-07-11,EUROPE_BANKS,OTHER,,"{""EUROPE_BANKS"": 1.0}","{""EUROPE_BANKS"": 1.0}",1.0,1,DETERIORATING,1.0,1.0,0.0,NO_TARGET_CHANGE,,"HISTORICAL UK RETAIL, ISA, ACCOUNT AND BROKER ELIGIBILITY REMAIN PARTLY UNRESOLVED"
ABLATION_BASELINE,WEEKLY,2025-07-18,EUROPE_BANKS,WEAKENING,,"{""EUROPE_BANKS"": 1.0}","{""EUROPE_BANKS"": 1.0}",1.0,5,STRONG,1.0,1.0,0.0,NO_TARGET_CHANGE,,"HISTORICAL UK RETAIL, ISA, ACCOUNT AND BROKER ELIGIBILITY REMAIN PARTLY UNRESOLVED"
ABLATION_BASELINE,WEEKLY,2025-07-25,EUROPE_BANKS,OTHER,,"{""EUROPE_BANKS"": 1.0}","{""EUROPE_BANKS"": 1.0}",1.0,4,MATURE,1.0,1.0,0.0,NO_TARGET_CHANGE,,"HISTORICAL UK RETAIL, ISA, ACCOUNT AND BROKER ELIGIBILITY REMAIN PARTLY UNRESOLVED"
ABLATION_BASELINE,WEEKLY,2025-07-31,EUROPE_BANKS,ESTABLISHED,,"{""EUROPE_BANKS"": 1.0}","{""EUROPE_BANKS"": 1.0}",1.0,4,MATURE,1.0,1.0,0.0,NO_TARGET_CHANGE,,"HISTORICAL UK RETAIL, ISA, ACCOUNT AND BROKER ELIGIBILITY REMAIN PARTLY UNRESOLVED"
ABLATION_BASELINE,WEEKLY,2025-08-01,EUROPE_BANKS,CONFIRMING,,"{""EUROPE_BANKS"": 1.0}","{""EUROPE_BANKS"": 1.0}",1.0,3,DETERIORATING,1.0,1.0,0.0,NO_TARGET_CHANGE,,"HISTORICAL UK RETAIL, ISA, ACCOUNT AND BROKER ELIGIBILITY REMAIN PARTLY UNRESOLVED"
ABLATION_BASELINE,WEEKLY,2025-08-08,EUROPE_BANKS,ESTABLISHED,,"{""EUROPE_BANKS"": 1.0}","{""EUROPE_BANKS"": 1.0}",1.0,3,DETERIORATING,1.0,1.0,0.0,NO_TARGET_CHANGE,,"HISTORICAL UK RETAIL, ISA, ACCOUNT AND BROKER ELIGIBILITY REMAIN PARTLY UNRESOLVED"
ABLATION_BASELINE,WEEKLY,2025-08-15,EUROPE_BANKS,ESTABLISHED,,"{""EUROPE_BANKS"": 1.0}","{""EUROPE_BANKS"": 1.0}",1.0,4,MATURE,1.0,1.0,0.0,NO_TARGET_CHANGE,,"HISTORICAL UK RETAIL, ISA, ACCOUNT AND BROKER ELIGIBILITY REMAIN PARTLY UNRESOLVED"
ABLATION_BASELINE,WEEKLY,2025-08-22,EUROPE_BANKS,CONFIRMING,,"{""EUROPE_BANKS"": 1.0}","{""EUROPE_BANKS"": 1.0}",1.0,4,MATURE,1.0,1.0,0.0,NO_TARGET_CHANGE,,"HISTORICAL UK RETAIL, ISA, ACCOUNT AND BROKER ELIGIBILITY REMAIN PARTLY UNRESOLVED"
ABLATION_BASELINE,WEEKLY,2025-08-29,GLOBAL_SILVER_MINERS,ESTABLISHED,,"{""GLOBAL_SILVER_MINERS"": 1.0}","{""GLOBAL_SILVER_MINERS"": 1.0}",1.0,2,DETERIORATING,1.0,1.0,0.0,PLANNED,2025-09-01,"HISTORICAL UK RETAIL, ISA, ACCOUNT AND BROKER ELIGIBILITY REMAIN PARTLY UNRESOLVED"
ABLATION_BASELINE,WEEKLY,2025-09-05,GLOBAL_SILVER_MINERS,ESTABLISHED,,"{""GLOBAL_SILVER_MINERS"": 1.0}","{""GLOBAL_SILVER_MINERS"": 1.0}",1.0,3,DETERIORATING,1.0,1.0,0.0,NO_TARGET_CHANGE,,"HISTORICAL UK RETAIL, ISA, ACCOUNT AND BROKER ELIGIBILITY REMAIN PARTLY UNRESOLVED"
ABLATION_BASELINE,WEEKLY,2025-09-12,GLOBAL_SILVER_MINERS,CONFIRMING,,"{""GLOBAL_SILVER_MINERS"": 1.0}","{""GLOBAL_SILVER_MINERS"": 1.0}",1.0,2,DETERIORATING,1.0,1.0,0.0,NO_TARGET_CHANGE,,"HISTORICAL UK RETAIL, ISA, ACCOUNT AND BROKER ELIGIBILITY REMAIN PARTLY UNRESOLVED"
ABLATION_BASELINE,WEEKLY,2025-09-19,GLOBAL_SILVER_MINERS,EXTENDED,,"{""GLOBAL_SILVER_MINERS"": 1.0}","{""GLOBAL_SILVER_MINERS"": 1.0}",1.0,3,MATURE,1.0,1.0,0.0,NO_TARGET_CHANGE,,"HISTORICAL UK RETAIL, ISA, ACCOUNT AND BROKER ELIGIBILITY REMAIN PARTLY UNRESOLVED"
ABLATION_BASELINE,WEEKLY,2025-09-26,GLOBAL_SILVER_MINERS,EXTENDED,,"{""GLOBAL_SILVER_MINERS"": 1.0}","{""GLOBAL_SILVER_MINERS"": 1.0}",1.0,3,MATURE,1.0,1.0,0.0,NO_TARGET_CHANGE,,"HISTORICAL UK RETAIL, ISA, ACCOUNT AND BROKER ELIGIBILITY REMAIN PARTLY UNRESOLVED"
ABLATION_BASELINE,WEEKLY,2025-09-30,GLOBAL_SILVER_MINERS,EXTENDED,,"{""GLOBAL_SILVER_MINERS"": 1.0}","{""GLOBAL_SILVER_MINERS"": 1.0}",1.0,3,MATURE,1.0,1.0,0.0,NO_TARGET_CHANGE,,"HISTORICAL UK RETAIL, ISA, ACCOUNT AND BROKER ELIGIBILITY REMAIN PARTLY UNRESOLVED"
ABLATION_BASELINE,WEEKLY,2025-10-03,GLOBAL_SILVER_MINERS,OTHER,,"{""GLOBAL_SILVER_MINERS"": 1.0}","{""GLOBAL_SILVER_MINERS"": 1.0}",1.0,3,MATURE,1.0,1.0,0.0,NO_TARGET_CHANGE,,"HISTORICAL UK RETAIL, ISA, ACCOUNT AND BROKER ELIGIBILITY REMAIN PARTLY UNRESOLVED"
ABLATION_BASELINE,WEEKLY,2025-10-10,GLOBAL_SILVER_MINERS,EXTENDED,,"{""GLOBAL_SILVER_MINERS"": 1.0}","{""GLOBAL_SILVER_MINERS"": 1.0}",1.0,4,STRONG,1.0,1.0,0.0,NO_TARGET_CHANGE,,"HISTORICAL UK RETAIL, ISA, ACCOUNT AND BROKER ELIGIBILITY REMAIN PARTLY UNRESOLVED"
ABLATION_BASELINE,WEEKLY,2025-10-17,GLOBAL_SILVER_MINERS,EXTENDED,,"{""GLOBAL_SILVER_MINERS"": 1.0}","{""GLOBAL_SILVER_MINERS"": 1.0}",1.0,4,STRONG,1.0,1.0,0.0,NO_TARGET_CHANGE,,"HISTORICAL UK RETAIL, ISA, ACCOUNT AND BROKER ELIGIBILITY REMAIN PARTLY UNRESOLVED"
ABLATION_BASELINE,WEEKLY,2025-10-24,GLOBAL_SILVER_MINERS,WEAKENING,,"{""GLOBAL_SILVER_MINERS"": 1.0}","{""GLOBAL_SILVER_MINERS"": 1.0}",1.0,3,MATURE,1.0,1.0,0.0,NO_TARGET_CHANGE,,"HISTORICAL UK RETAIL, ISA, ACCOUNT AND BROKER ELIGIBILITY REMAIN PARTLY UNRESOLVED"
ABLATION_BASELINE,WEEKLY,2025-10-31,GLOBAL_SILVER_MINERS,WEAKENING,,"{""GLOBAL_SILVER_MINERS"": 1.0}","{""GLOBAL_SILVER_MINERS"": 1.0}",1.0,4,STRONG,1.0,1.0,0.0,NO_TARGET_CHANGE,,"HISTORICAL UK RETAIL, ISA, ACCOUNT AND BROKER ELIGIBILITY REMAIN PARTLY UNRESOLVED"
ABLATION_BASELINE,WEEKLY,2025-11-07,GLOBAL_SILVER_MINERS,WEAKENING,,"{""GLOBAL_SILVER_MINERS"": 1.0}","{""GLOBAL_SILVER_MINERS"": 1.0}",1.0,2,DETERIORATING,1.0,1.0,0.0,NO_TARGET_CHANGE,,"HISTORICAL UK RETAIL, ISA, ACCOUNT AND BROKER ELIGIBILITY REMAIN PARTLY UNRESOLVED"
ABLATION_BASELINE,WEEKLY,2025-11-14,GLOBAL_SILVER_MINERS,WEAKENING,,"{""GLOBAL_SILVER_MINERS"": 1.0}","{""GLOBAL_SILVER_MINERS"": 1.0}",1.0,4,STRONG,1.0,1.0,0.0,NO_TARGET_CHANGE,,"HISTORICAL UK RETAIL, ISA, ACCOUNT AND BROKER ELIGIBILITY REMAIN PARTLY UNRESOLVED"
ABLATION_BASELINE,WEEKLY,2025-11-21,GLOBAL_SILVER_MINERS,WEAKENING,,"{""GLOBAL_SILVER_MINERS"": 1.0}","{""GLOBAL_SILVER_MINERS"": 1.0}",1.0,3,MATURE,1.0,1.0,0.0,NO_TARGET_CHANGE,,"HISTORICAL UK RETAIL, ISA, ACCOUNT AND BROKER ELIGIBILITY REMAIN PARTLY UNRESOLVED"
ABLATION_BASELINE,WEEKLY,2025-11-28,GLOBAL_SILVER_MINERS,WEAKENING,,"{""GLOBAL_SILVER_MINERS"": 1.0}","{""GLOBAL_SILVER_MINERS"": 1.0}",1.0,4,STRONG,1.0,1.0,0.0,NO_TARGET_CHANGE,,"HISTORICAL UK RETAIL, ISA, ACCOUNT AND BROKER ELIGIBILITY REMAIN PARTLY UNRESOLVED"
ABLATION_BASELINE,WEEKLY,2025-12-05,GLOBAL_SILVER_MINERS,ESTABLISHED,,"{""GLOBAL_SILVER_MINERS"": 1.0}","{""GLOBAL_SILVER_MINERS"": 1.0}",1.0,4,STRONG,1.0,1.0,0.0,NO_TARGET_CHANGE,,"HISTORICAL UK RETAIL, ISA, ACCOUNT AND BROKER ELIGIBILITY REMAIN PARTLY UNRESOLVED"
ABLATION_BASELINE,WEEKLY,2025-12-12,GLOBAL_SILVER_MINERS,ESTABLISHED,,"{""GLOBAL_SILVER_MINERS"": 1.0}","{""GLOBAL_SILVER_MINERS"": 1.0}",1.0,4,STRONG,1.0,1.0,0.0,NO_TARGET_CHANGE,,"HISTORICAL UK RETAIL, ISA, ACCOUNT AND BROKER ELIGIBILITY REMAIN PARTLY UNRESOLVED"
ABLATION_BASELINE,WEEKLY,2025-12-19,GLOBAL_SILVER_MINERS,ESTABLISHED,,"{""GLOBAL_SILVER_MINERS"": 1.0}","{""GLOBAL_SILVER_MINERS"": 1.0}",1.0,4,STRONG,1.0,1.0,0.0,NO_TARGET_CHANGE,,"HISTORICAL UK RETAIL, ISA, ACCOUNT AND BROKER ELIGIBILITY REMAIN PARTLY UNRESOLVED"
ABLATION_BASELINE,WEEKLY,2025-12-24,GLOBAL_SILVER_MINERS,ESTABLISHED,,"{""GLOBAL_SILVER_MINERS"": 1.0}","{""GLOBAL_SILVER_MINERS"": 1.0}",1.0,4,STRONG,1.0,1.0,0.0,NO_TARGET_CHANGE,,"HISTORICAL UK RETAIL, ISA, ACCOUNT AND BROKER ELIGIBILITY REMAIN PARTLY UNRESOLVED"
ABLATION_BASELINE,WEEKLY,2025-12-31,GLOBAL_SILVER_MINERS,ESTABLISHED,,"{""GLOBAL_SILVER_MINERS"": 1.0}","{""GLOBAL_SILVER_MINERS"": 1.0}",1.0,4,STRONG,1.0,1.0,0.0,NO_TARGET_CHANGE,,"HISTORICAL UK RETAIL, ISA, ACCOUNT AND BROKER ELIGIBILITY REMAIN PARTLY UNRESOLVED"
ABLATION_BASELINE,WEEKLY,2026-01-02,GLOBAL_SILVER_MINERS,ESTABLISHED,,"{""GLOBAL_SILVER_MINERS"": 1.0}","{""GLOBAL_SILVER_MINERS"": 1.0}",1.0,3,MATURE,1.0,1.0,0.0,NO_TARGET_CHANGE,,"HISTORICAL UK RETAIL, ISA, ACCOUNT AND BROKER ELIGIBILITY REMAIN PARTLY UNRESOLVED"
ABLATION_BASELINE,WEEKLY,2026-01-09,GLOBAL_SILVER_MINERS,ESTABLISHED,,"{""GLOBAL_SILVER_MINERS"": 1.0}","{""GLOBAL_SILVER_MINERS"": 1.0}",1.0,3,MATURE,1.0,1.0,0.0,NO_TARGET_CHANGE,,"HISTORICAL UK RETAIL, ISA, ACCOUNT AND BROKER ELIGIBILITY REMAIN PARTLY UNRESOLVED"
ABLATION_BASELINE,WEEKLY,2026-01-16,GLOBAL_SILVER_MINERS,ESTABLISHED,,"{""GLOBAL_SILVER_MINERS"": 1.0}","{""GLOBAL_SILVER_MINERS"": 1.0}",1.0,3,MATURE,1.0,1.0,0.0,NO_TARGET_CHANGE,,"HISTORICAL UK RETAIL, ISA, ACCOUNT AND BROKER ELIGIBILITY REMAIN PARTLY UNRESOLVED"
ABLATION_BASELINE,WEEKLY,2026-01-23,GLOBAL_SILVER_MINERS,EXTENDED,,"{""GLOBAL_SILVER_MINERS"": 1.0}","{""GLOBAL_SILVER_MINERS"": 1.0}",1.0,4,STRONG,1.0,1.0,0.0,NO_TARGET_CHANGE,,"HISTORICAL UK RETAIL, ISA, ACCOUNT AND BROKER ELIGIBILITY REMAIN PARTLY UNRESOLVED"
ABLATION_BASELINE,WEEKLY,2026-01-30,GLOBAL_SILVER_MINERS,EXTENDED,,"{""GLOBAL_SILVER_MINERS"": 1.0}","{""GLOBAL_SILVER_MINERS"": 1.0}",1.0,3,MATURE,1.0,1.0,0.0,NO_TARGET_CHANGE,,"HISTORICAL UK RETAIL, ISA, ACCOUNT AND BROKER ELIGIBILITY REMAIN PARTLY UNRESOLVED"
ABLATION_BASELINE,WEEKLY,2026-02-06,GLOBAL_SILVER_MINERS,EXTENDED,,"{""GLOBAL_SILVER_MINERS"": 1.0}","{""GLOBAL_SILVER_MINERS"": 1.0}",1.0,3,MATURE,1.0,1.0,0.0,NO_TARGET_CHANGE,,"HISTORICAL UK RETAIL, ISA, ACCOUNT AND BROKER ELIGIBILITY REMAIN PARTLY UNRESOLVED"
ABLATION_BASELINE,WEEKLY,2026-02-13,GLOBAL_SILVER_MINERS,EXTENDED,,"{""GLOBAL_SILVER_MINERS"": 1.0}","{""GLOBAL_SILVER_MINERS"": 1.0}",1.0,3,MATURE,1.0,1.0,0.0,NO_TARGET_CHANGE,,"HISTORICAL UK RETAIL, ISA, ACCOUNT AND BROKER ELIGIBILITY REMAIN PARTLY UNRESOLVED"
ABLATION_BASELINE,WEEKLY,2026-02-20,GLOBAL_SILVER_MINERS,WEAKENING,,"{""GLOBAL_SILVER_MINERS"": 1.0}","{""GLOBAL_SILVER_MINERS"": 1.0}",1.0,3,MATURE,1.0,1.0,0.0,NO_TARGET_CHANGE,,"HISTORICAL UK RETAIL, ISA, ACCOUNT AND BROKER ELIGIBILITY REMAIN PARTLY UNRESOLVED"
ABLATION_BASELINE,WEEKLY,2026-02-27,GLOBAL_SILVER_MINERS,EXTENDED,,"{""GLOBAL_SILVER_MINERS"": 1.0}","{""GLOBAL_SILVER_MINERS"": 1.0}",1.0,3,MATURE,1.0,1.0,0.0,NO_TARGET_CHANGE,,"HISTORICAL UK RETAIL, ISA, ACCOUNT AND BROKER ELIGIBILITY REMAIN PARTLY UNRESOLVED"
ABLATION_BASELINE,WEEKLY,2026-03-06,GLOBAL_SILVER_MINERS,EXTENDED,,"{""GLOBAL_SILVER_MINERS"": 1.0}","{""GLOBAL_SILVER_MINERS"": 1.0}",1.0,4,STRONG,1.0,1.0,0.0,NO_TARGET_CHANGE,,"HISTORICAL UK RETAIL, ISA, ACCOUNT AND BROKER ELIGIBILITY REMAIN PARTLY UNRESOLVED"
ABLATION_BASELINE,WEEKLY,2026-03-13,GLOBAL_SILVER_MINERS,WEAKENING,,"{""GLOBAL_SILVER_MINERS"": 1.0}","{""GLOBAL_SILVER_MINERS"": 1.0}",1.0,4,STRONG,1.0,1.0,0.0,NO_TARGET_CHANGE,,"HISTORICAL UK RETAIL, ISA, ACCOUNT AND BROKER ELIGIBILITY REMAIN PARTLY UNRESOLVED"
ABLATION_BASELINE,WEEKLY,2026-03-20,GLOBAL_SILVER_MINERS,FAILED,,"{""GLOBAL_SILVER_MINERS"": 1.0}","{""GLOBAL_SILVER_MINERS"": 1.0}",1.0,4,STRONG,1.0,1.0,0.0,NO_TARGET_CHANGE,,"HISTORICAL UK RETAIL, ISA, ACCOUNT AND BROKER ELIGIBILITY REMAIN PARTLY UNRESOLVED"
ABLATION_BASELINE,WEEKLY,2026-03-27,GLOBAL_SILVER_MINERS,FAILED,,"{""GLOBAL_SILVER_MINERS"": 1.0}","{""GLOBAL_SILVER_MINERS"": 1.0}",1.0,3,MATURE,1.0,1.0,0.0,NO_TARGET_CHANGE,,"HISTORICAL UK RETAIL, ISA, ACCOUNT AND BROKER ELIGIBILITY REMAIN PARTLY UNRESOLVED"
ABLATION_BASELINE,WEEKLY,2026-03-31,GLOBAL_OIL_GAS,EXTENDED,,"{""GLOBAL_OIL_GAS"": 1.0}","{""GLOBAL_OIL_GAS"": 1.0}",1.0,3,MATURE,1.0,1.0,0.0,PLANNED,2026-04-01,"HISTORICAL UK RETAIL, ISA, ACCOUNT AND BROKER ELIGIBILITY REMAIN PARTLY UNRESOLVED"
ABLATION_BASELINE,WEEKLY,2026-04-02,GLOBAL_OIL_GAS,CONFIRMING,,"{""GLOBAL_OIL_GAS"": 1.0}","{""GLOBAL_OIL_GAS"": 1.0}",1.0,4,STRONG,1.0,1.0,0.0,NO_TARGET_CHANGE,,"HISTORICAL UK RETAIL, ISA, ACCOUNT AND BROKER ELIGIBILITY REMAIN PARTLY UNRESOLVED"
ABLATION_BASELINE,WEEKLY,2026-04-10,GLOBAL_OIL_GAS,CONFIRMING,,"{""GLOBAL_OIL_GAS"": 1.0}","{""GLOBAL_OIL_GAS"": 1.0}",1.0,4,STRONG,1.0,1.0,0.0,NO_TARGET_CHANGE,,"HISTORICAL UK RETAIL, ISA, ACCOUNT AND BROKER ELIGIBILITY REMAIN PARTLY UNRESOLVED"
ABLATION_BASELINE,WEEKLY,2026-04-17,GLOBAL_OIL_GAS,OTHER,,"{""GLOBAL_OIL_GAS"": 1.0}","{""GLOBAL_OIL_GAS"": 1.0}",1.0,3,MATURE,1.0,1.0,0.0,NO_TARGET_CHANGE,,"HISTORICAL UK RETAIL, ISA, ACCOUNT AND BROKER ELIGIBILITY REMAIN PARTLY UNRESOLVED"
ABLATION_BASELINE,WEEKLY,2026-04-24,GLOBAL_OIL_GAS,WEAKENING,,"{""GLOBAL_OIL_GAS"": 1.0}","{""GLOBAL_OIL_GAS"": 1.0}",1.0,4,STRONG,1.0,1.0,0.0,NO_TARGET_CHANGE,,"HISTORICAL UK RETAIL, ISA, ACCOUNT AND BROKER ELIGIBILITY REMAIN PARTLY UNRESOLVED"
ABLATION_BASELINE,WEEKLY,2026-04-30,GLOBAL_SEMICONDUCTORS,EXTENDED,,"{""GLOBAL_SEMICONDUCTORS"": 1.0}","{""GLOBAL_SEMICONDUCTORS"": 1.0}",1.0,4,STRONG,1.0,1.0,0.0,PLANNED,2026-05-01,"HISTORICAL UK RETAIL, ISA, ACCOUNT AND BROKER ELIGIBILITY REMAIN PARTLY UNRESOLVED"
ABLATION_BASELINE,WEEKLY,2026-05-01,GLOBAL_SEMICONDUCTORS,EXTENDED,,"{""GLOBAL_SEMICONDUCTORS"": 1.0}","{""GLOBAL_SEMICONDUCTORS"": 1.0}",1.0,5,STRONG,1.0,1.0,0.0,NO_TARGET_CHANGE,,"HISTORICAL UK RETAIL, ISA, ACCOUNT AND BROKER ELIGIBILITY REMAIN PARTLY UNRESOLVED"
ABLATION_BASELINE,WEEKLY,2026-05-08,GLOBAL_SEMICONDUCTORS,EXTENDED,,"{""GLOBAL_SEMICONDUCTORS"": 1.0}","{""GLOBAL_SEMICONDUCTORS"": 1.0}",1.0,5,STRONG,1.0,1.0,0.0,NO_TARGET_CHANGE,,"HISTORICAL UK RETAIL, ISA, ACCOUNT AND BROKER ELIGIBILITY REMAIN PARTLY UNRESOLVED"
ABLATION_BASELINE,WEEKLY,2026-05-15,GLOBAL_SEMICONDUCTORS,EXTENDED,,"{""GLOBAL_SEMICONDUCTORS"": 1.0}","{""GLOBAL_SEMICONDUCTORS"": 1.0}",1.0,4,MATURE,1.0,1.0,0.0,NO_TARGET_CHANGE,,"HISTORICAL UK RETAIL, ISA, ACCOUNT AND BROKER ELIGIBILITY REMAIN PARTLY UNRESOLVED"
ABLATION_BASELINE,WEEKLY,2026-05-22,GLOBAL_SEMICONDUCTORS,EXTENDED,,"{""GLOBAL_SEMICONDUCTORS"": 1.0}","{""GLOBAL_SEMICONDUCTORS"": 1.0}",1.0,3,DETERIORATING,1.0,1.0,0.0,NO_TARGET_CHANGE,,"HISTORICAL UK RETAIL, ISA, ACCOUNT AND BROKER ELIGIBILITY REMAIN PARTLY UNRESOLVED"
ABLATION_BASELINE,WEEKLY,2026-05-29,GLOBAL_SEMICONDUCTORS,EXTENDED,,"{""GLOBAL_SEMICONDUCTORS"": 1.0}","{""GLOBAL_SEMICONDUCTORS"": 1.0}",1.0,4,MATURE,1.0,1.0,0.0,NO_TARGET_CHANGE,,"HISTORICAL UK RETAIL, ISA, ACCOUNT AND BROKER ELIGIBILITY REMAIN PARTLY UNRESOLVED"
ABLATION_BASELINE,WEEKLY,2026-06-05,GLOBAL_SEMICONDUCTORS,EXTENDED,,"{""GLOBAL_SEMICONDUCTORS"": 1.0}","{""GLOBAL_SEMICONDUCTORS"": 1.0}",1.0,3,DETERIORATING,1.0,1.0,0.0,NO_TARGET_CHANGE,,"HISTORICAL UK RETAIL, ISA, ACCOUNT AND BROKER ELIGIBILITY REMAIN PARTLY UNRESOLVED"
ABLATION_BASELINE,WEEKLY,2026-06-12,GLOBAL_SEMICONDUCTORS,EXTENDED,,"{""GLOBAL_SEMICONDUCTORS"": 1.0}","{""GLOBAL_SEMICONDUCTORS"": 1.0}",1.0,4,MATURE,1.0,1.0,0.0,NO_TARGET_CHANGE,,"HISTORICAL UK RETAIL, ISA, ACCOUNT AND BROKER ELIGIBILITY REMAIN PARTLY UNRESOLVED"
ABLATION_BASELINE,WEEKLY,2026-06-19,GLOBAL_SEMICONDUCTORS,EXTENDED,,"{""GLOBAL_SEMICONDUCTORS"": 1.0}","{""GLOBAL_SEMICONDUCTORS"": 1.0}",1.0,3,DETERIORATING,1.0,1.0,0.0,NO_TARGET_CHANGE,,"HISTORICAL UK RETAIL, ISA, ACCOUNT AND BROKER ELIGIBILITY REMAIN PARTLY UNRESOLVED"
ABLATION_BASELINE,WEEKLY,2026-06-26,GLOBAL_SEMICONDUCTORS,EXTENDED,,"{""GLOBAL_SEMICONDUCTORS"": 1.0}","{""GLOBAL_SEMICONDUCTORS"": 1.0}",1.0,3,DETERIORATING,1.0,1.0,0.0,NO_TARGET_CHANGE,,"HISTORICAL UK RETAIL, ISA, ACCOUNT AND BROKER ELIGIBILITY REMAIN PARTLY UNRESOLVED"
ABLATION_BASELINE,WEEKLY,2026-06-30,GLOBAL_SEMICONDUCTORS,EXTENDED,,"{""GLOBAL_SEMICONDUCTORS"": 1.0}","{""GLOBAL_SEMICONDUCTORS"": 1.0}",1.0,3,DETERIORATING,1.0,1.0,0.0,NO_TARGET_CHANGE,,"HISTORICAL UK RETAIL, ISA, ACCOUNT AND BROKER ELIGIBILITY REMAIN PARTLY UNRESOLVED"
ABLATION_BASELINE,WEEKLY,2026-07-03,GLOBAL_SEMICONDUCTORS,EXTENDED,,"{""GLOBAL_SEMICONDUCTORS"": 1.0}","{""GLOBAL_SEMICONDUCTORS"": 1.0}",1.0,3,DETERIORATING,1.0,1.0,0.0,NO_TARGET_CHANGE,,"HISTORICAL UK RETAIL, ISA, ACCOUNT AND BROKER ELIGIBILITY REMAIN PARTLY UNRESOLVED"
ABLATION_BASELINE,WEEKLY,2026-07-10,GLOBAL_SEMICONDUCTORS,EXTENDED,,"{""GLOBAL_SEMICONDUCTORS"": 1.0}","{""GLOBAL_SEMICONDUCTORS"": 1.0}",1.0,3,MATURE,1.0,1.0,0.0,NO_TARGET_CHANGE,,"HISTORICAL UK RETAIL, ISA, ACCOUNT AND BROKER ELIGIBILITY REMAIN PARTLY UNRESOLVED"
ABLATION_BASELINE,WEEKLY,2026-07-17,GLOBAL_SEMICONDUCTORS,WEAKENING,,"{""GLOBAL_SEMICONDUCTORS"": 1.0}","{""GLOBAL_SEMICONDUCTORS"": 1.0}",1.0,2,DETERIORATING,1.0,1.0,0.0,NO_TARGET_CHANGE,,"HISTORICAL UK RETAIL, ISA, ACCOUNT AND BROKER ELIGIBILITY REMAIN PARTLY UNRESOLVED"
ABLATION_BASELINE,WEEKLY,2026-07-24,GLOBAL_SEMICONDUCTORS,WEAKENING,,"{""GLOBAL_SEMICONDUCTORS"": 1.0}","{""GLOBAL_SEMICONDUCTORS"": 1.0}",1.0,3,MATURE,1.0,1.0,0.0,NO_TARGET_CHANGE,,"HISTORICAL UK RETAIL, ISA, ACCOUNT AND BROKER ELIGIBILITY REMAIN PARTLY UNRESOLVED"
ABLATION_BASELINE,WEEKLY,2026-07-31,GLOBAL_SEMICONDUCTORS,WEAKENING,,"{""GLOBAL_SEMICONDUCTORS"": 1.0}","{""GLOBAL_SEMICONDUCTORS"": 1.0}",1.0,5,STRONG,1.0,1.0,0.0,NO_TARGET_CHANGE,,"HISTORICAL UK RETAIL, ISA, ACCOUNT AND BROKER ELIGIBILITY REMAIN PARTLY UNRESOLVED"
ABLATION_BASELINE,WEEKLY,2026-08-07,GLOBAL_SEMICONDUCTORS,FAILED,,"{""GLOBAL_SEMICONDUCTORS"": 1.0}","{""GLOBAL_SEMICONDUCTORS"": 1.0}",1.0,3,DETERIORATING,1.0,1.0,0.0,NO_TARGET_CHANGE,,"HISTORICAL UK RETAIL, ISA, ACCOUNT AND BROKER ELIGIBILITY REMAIN PARTLY UNRESOLVED"
ABLATION_BASELINE,WEEKLY,2026-08-14,GLOBAL_SEMICONDUCTORS,WEAKENING,,"{""GLOBAL_SEMICONDUCTORS"": 1.0}","{""GLOBAL_SEMICONDUCTORS"": 1.0}",1.0,3,DETERIORATING,1.0,1.0,0.0,NO_TARGET_CHANGE,,"HISTORICAL UK RETAIL, ISA, ACCOUNT AND BROKER ELIGIBILITY REMAIN PARTLY UNRESOLVED"
ABLATION_BASELINE,WEEKLY,2026-08-21,GLOBAL_GENOMICS,EXTENDED,,"{""GLOBAL_GENOMICS"": 1.0}","{""GLOBAL_GENOMICS"": 1.0}",1.0,3,DETERIORATING,1.0,1.0,0.0,CANCELLED_PANEL_END_NO_EXECUTION_SESSION,,"HISTORICAL UK RETAIL, ISA, ACCOUNT AND BROKER ELIGIBILITY REMAIN PARTLY UNRESOLVED"
ABLATION_SCALE_IN_ONLY,WEEKLY,2021-08-31,GLOBAL_CYBERSECURITY,ESTABLISHED,,"{""GLOBAL_CYBERSECURITY"": 1.0}","{""GLOBAL_CYBERSECURITY"": 1.0}",1.0,3,MATURE,1.0,1.0,0.0,PLANNED,2021-09-01,"HISTORICAL UK RETAIL, ISA, ACCOUNT AND BROKER ELIGIBILITY REMAIN PARTLY UNRESOLVED"
ABLATION_SCALE_IN_ONLY,WEEKLY,2021-09-03,GLOBAL_CYBERSECURITY,EXTENDED,,"{""GLOBAL_CYBERSECURITY"": 1.0}","{""GLOBAL_CYBERSECURITY"": 1.0}",1.0,3,MATURE,1.0,1.0,0.0,NO_TARGET_CHANGE,,"HISTORICAL UK RETAIL, ISA, ACCOUNT AND BROKER ELIGIBILITY REMAIN PARTLY UNRESOLVED"
ABLATION_SCALE_IN_ONLY,WEEKLY,2021-09-10,GLOBAL_CYBERSECURITY,ESTABLISHED,,"{""GLOBAL_CYBERSECURITY"": 1.0}","{""GLOBAL_CYBERSECURITY"": 1.0}",1.0,3,MATURE,1.0,1.0,0.0,NO_TARGET_CHANGE,,"HISTORICAL UK RETAIL, ISA, ACCOUNT AND BROKER ELIGIBILITY REMAIN PARTLY UNRESOLVED"
ABLATION_SCALE_IN_ONLY,WEEKLY,2021-09-17,GLOBAL_CYBERSECURITY,ESTABLISHED,,"{""GLOBAL_CYBERSECURITY"": 1.0}","{""GLOBAL_CYBERSECURITY"": 1.0}",1.0,3,MATURE,1.0,1.0,0.0,NO_TARGET_CHANGE,,"HISTORICAL UK RETAIL, ISA, ACCOUNT AND BROKER ELIGIBILITY REMAIN PARTLY UNRESOLVED"
ABLATION_SCALE_IN_ONLY,WEEKLY,2021-09-24,GLOBAL_CYBERSECURITY,WEAKENING,,"{""GLOBAL_CYBERSECURITY"": 1.0}","{""GLOBAL_CYBERSECURITY"": 1.0}",1.0,3,MATURE,1.0,1.0,0.0,NO_TARGET_CHANGE,,"HISTORICAL UK RETAIL, ISA, ACCOUNT AND BROKER ELIGIBILITY REMAIN PARTLY UNRESOLVED"
ABLATION_SCALE_IN_ONLY,WEEKLY,2021-09-30,GLOBAL_OIL_GAS,ESTABLISHED,,"{""GLOBAL_OIL_GAS"": 1.0}","{""GLOBAL_OIL_GAS"": 1.0}",1.0,3,MATURE,1.0,1.0,0.0,PLANNED,2021-10-01,"HISTORICAL UK RETAIL, ISA, ACCOUNT AND BROKER ELIGIBILITY REMAIN PARTLY UNRESOLVED"
ABLATION_SCALE_IN_ONLY,WEEKLY,2021-10-01,GLOBAL_OIL_GAS,ESTABLISHED,,"{""GLOBAL_OIL_GAS"": 1.0}","{""GLOBAL_OIL_GAS"": 1.0}",1.0,4,STRONG,1.0,1.0,0.0,NO_TARGET_CHANGE,,"HISTORICAL UK RETAIL, ISA, ACCOUNT AND BROKER ELIGIBILITY REMAIN PARTLY UNRESOLVED"
ABLATION_SCALE_IN_ONLY,WEEKLY,2021-10-08,GLOBAL_OIL_GAS,EXTENDED,,"{""GLOBAL_OIL_GAS"": 1.0}","{""GLOBAL_OIL_GAS"": 1.0}",1.0,4,STRONG,1.0,1.0,0.0,NO_TARGET_CHANGE,,"HISTORICAL UK RETAIL, ISA, ACCOUNT AND BROKER ELIGIBILITY REMAIN PARTLY UNRESOLVED"
ABLATION_SCALE_IN_ONLY,WEEKLY,2021-10-15,GLOBAL_OIL_GAS,EXTENDED,,"{""GLOBAL_OIL_GAS"": 1.0}","{""GLOBAL_OIL_GAS"": 1.0}",1.0,5,STRONG,1.0,1.0,0.0,NO_TARGET_CHANGE,,"HISTORICAL UK RETAIL, ISA, ACCOUNT AND BROKER ELIGIBILITY REMAIN PARTLY UNRESOLVED"
ABLATION_SCALE_IN_ONLY,WEEKLY,2021-10-22,GLOBAL_OIL_GAS,EXTENDED,,"{""GLOBAL_OIL_GAS"": 1.0}","{""GLOBAL_OIL_GAS"": 1.0}",1.0,3,DETERIORATING,1.0,1.0,0.0,NO_TARGET_CHANGE,,"HISTORICAL UK RETAIL, ISA, ACCOUNT AND BROKER ELIGIBILITY REMAIN PARTLY UNRESOLVED"
ABLATION_SCALE_IN_ONLY,WEEKLY,2021-10-29,GLOBAL_OIL_GAS,EXTENDED,,"{""GLOBAL_OIL_GAS"": 1.0}","{""GLOBAL_OIL_GAS"": 1.0}",1.0,3,DETERIORATING,1.0,1.0,0.0,NO_TARGET_CHANGE,,"HISTORICAL UK RETAIL, ISA, ACCOUNT AND BROKER ELIGIBILITY REMAIN PARTLY UNRESOLVED"
ABLATION_SCALE_IN_ONLY,WEEKLY,2021-11-05,GLOBAL_OIL_GAS,EXTENDED,,"{""GLOBAL_OIL_GAS"": 1.0}","{""GLOBAL_OIL_GAS"": 1.0}",1.0,2,DETERIORATING,1.0,1.0,0.0,NO_TARGET_CHANGE,,"HISTORICAL UK RETAIL, ISA, ACCOUNT AND BROKER ELIGIBILITY REMAIN PARTLY UNRESOLVED"
ABLATION_SCALE_IN_ONLY,WEEKLY,2021-11-12,GLOBAL_OIL_GAS,WEAKENING,,"{""GLOBAL_OIL_GAS"": 1.0}","{""GLOBAL_OIL_GAS"": 1.0}",1.0,3,DETERIORATING,1.0,1.0,0.0,NO_TARGET_CHANGE,,"HISTORICAL UK RETAIL, ISA, ACCOUNT AND BROKER ELIGIBILITY REMAIN PARTLY UNRESOLVED"
ABLATION_SCALE_IN_ONLY,WEEKLY,2021-11-19,GLOBAL_OIL_GAS,WEAKENING,,"{""GLOBAL_OIL_GAS"": 1.0}","{""GLOBAL_OIL_GAS"": 1.0}",1.0,2,DETERIORATING,1.0,1.0,0.0,NO_TARGET_CHANGE,,"HISTORICAL UK RETAIL, ISA, ACCOUNT AND BROKER ELIGIBILITY REMAIN PARTLY UNRESOLVED"
ABLATION_SCALE_IN_ONLY,WEEKLY,2021-11-26,GLOBAL_OIL_GAS,WEAKENING,,"{""GLOBAL_OIL_GAS"": 1.0}","{""GLOBAL_OIL_GAS"": 1.0}",1.0,2,DETERIORATING,1.0,1.0,0.0,NO_TARGET_CHANGE,,"HISTORICAL UK RETAIL, ISA, ACCOUNT AND BROKER ELIGIBILITY REMAIN PARTLY UNRESOLVED"
ABLATION_SCALE_IN_ONLY,WEEKLY,2021-11-30,GLOBAL_SEMICONDUCTORS,EXTENDED,,"{""GLOBAL_SEMICONDUCTORS"": 1.0}","{""GLOBAL_SEMICONDUCTORS"": 1.0}",1.0,2,DETERIORATING,1.0,1.0,0.0,PLANNED,2021-12-01,"HISTORICAL UK RETAIL, ISA, ACCOUNT AND BROKER ELIGIBILITY REMAIN PARTLY UNRESOLVED"
ABLATION_SCALE_IN_ONLY,WEEKLY,2021-12-03,GLOBAL_SEMICONDUCTORS,EXTENDED,,"{""GLOBAL_SEMICONDUCTORS"": 1.0}","{""GLOBAL_SEMICONDUCTORS"": 1.0}",1.0,3,DETERIORATING,1.0,1.0,0.0,NO_TARGET_CHANGE,,"HISTORICAL UK RETAIL, ISA, ACCOUNT AND BROKER ELIGIBILITY REMAIN PARTLY UNRESOLVED"
ABLATION_SCALE_IN_ONLY,WEEKLY,2021-12-10,GLOBAL_SEMICONDUCTORS,ESTABLISHED,,"{""GLOBAL_SEMICONDUCTORS"": 1.0}","{""GLOBAL_SEMICONDUCTORS"": 1.0}",1.0,2,DETERIORATING,1.0,1.0,0.0,NO_TARGET_CHANGE,,"HISTORICAL UK RETAIL, ISA, ACCOUNT AND BROKER ELIGIBILITY REMAIN PARTLY UNRESOLVED"
ABLATION_SCALE_IN_ONLY,WEEKLY,2021-12-17,GLOBAL_SEMICONDUCTORS,ESTABLISHED,,"{""GLOBAL_SEMICONDUCTORS"": 1.0}","{""GLOBAL_SEMICONDUCTORS"": 1.0}",1.0,3,POSITIVE,1.0,1.0,0.0,NO_TARGET_CHANGE,,"HISTORICAL UK RETAIL, ISA, ACCOUNT AND BROKER ELIGIBILITY REMAIN PARTLY UNRESOLVED"
ABLATION_SCALE_IN_ONLY,WEEKLY,2021-12-24,GLOBAL_SEMICONDUCTORS,EXTENDED,,"{""GLOBAL_SEMICONDUCTORS"": 1.0}","{""GLOBAL_SEMICONDUCTORS"": 1.0}",1.0,0,HOSTILE,1.0,1.0,0.0,NO_TARGET_CHANGE,,"HISTORICAL UK RETAIL, ISA, ACCOUNT AND BROKER ELIGIBILITY REMAIN PARTLY UNRESOLVED"
ABLATION_SCALE_IN_ONLY,WEEKLY,2021-12-31,GLOBAL_SEMICONDUCTORS,EXTENDED,,"{""GLOBAL_SEMICONDUCTORS"": 1.0}","{""GLOBAL_SEMICONDUCTORS"": 1.0}",1.0,2,POSITIVE,1.0,1.0,0.0,NO_TARGET_CHANGE,,"HISTORICAL UK RETAIL, ISA, ACCOUNT AND BROKER ELIGIBILITY REMAIN PARTLY UNRESOLVED"
ABLATION_SCALE_IN_ONLY,WEEKLY,2022-01-07,GLOBAL_SEMICONDUCTORS,OTHER,,"{""GLOBAL_SEMICONDUCTORS"": 1.0}","{""GLOBAL_SEMICONDUCTORS"": 1.0}",1.0,2,POSITIVE,1.0,1.0,0.0,NO_TARGET_CHANGE,,"HISTORICAL UK RETAIL, ISA, ACCOUNT AND BROKER ELIGIBILITY REMAIN PARTLY UNRESOLVED"
ABLATION_SCALE_IN_ONLY,WEEKLY,2022-01-14,GLOBAL_SEMICONDUCTORS,WEAKENING,,"{""GLOBAL_SEMICONDUCTORS"": 1.0}","{""GLOBAL_SEMICONDUCTORS"": 1.0}",1.0,4,STRONG,1.0,1.0,0.0,NO_TARGET_CHANGE,,"HISTORICAL UK RETAIL, ISA, ACCOUNT AND BROKER ELIGIBILITY REMAIN PARTLY UNRESOLVED"
ABLATION_SCALE_IN_ONLY,WEEKLY,2022-01-21,GLOBAL_SEMICONDUCTORS,WEAKENING,,"{""GLOBAL_SEMICONDUCTORS"": 1.0}","{""GLOBAL_SEMICONDUCTORS"": 1.0}",1.0,3,MATURE,1.0,1.0,0.0,NO_TARGET_CHANGE,,"HISTORICAL UK RETAIL, ISA, ACCOUNT AND BROKER ELIGIBILITY REMAIN PARTLY UNRESOLVED"
ABLATION_SCALE_IN_ONLY,WEEKLY,2022-01-28,GLOBAL_SEMICONDUCTORS,FAILED,,"{""GLOBAL_SEMICONDUCTORS"": 1.0}","{""GLOBAL_SEMICONDUCTORS"": 1.0}",1.0,2,HOSTILE,1.0,1.0,0.0,NO_TARGET_CHANGE,,"HISTORICAL UK RETAIL, ISA, ACCOUNT AND BROKER ELIGIBILITY REMAIN PARTLY UNRESOLVED"
ABLATION_SCALE_IN_ONLY,WEEKLY,2022-01-31,GLOBAL_OIL_GAS,EXTENDED,,"{""GLOBAL_OIL_GAS"": 1.0}","{""GLOBAL_OIL_GAS"": 1.0}",1.0,2,HOSTILE,1.0,1.0,0.0,PLANNED,2022-02-01,"HISTORICAL UK RETAIL, ISA, ACCOUNT AND BROKER ELIGIBILITY REMAIN PARTLY UNRESOLVED"
ABLATION_SCALE_IN_ONLY,WEEKLY,2022-02-04,GLOBAL_OIL_GAS,EXTENDED,,"{""GLOBAL_OIL_GAS"": 1.0}","{""GLOBAL_OIL_GAS"": 1.0}",1.0,4,STRONG,1.0,1.0,0.0,NO_TARGET_CHANGE,,"HISTORICAL UK RETAIL, ISA, ACCOUNT AND BROKER ELIGIBILITY REMAIN PARTLY UNRESOLVED"
ABLATION_SCALE_IN_ONLY,WEEKLY,2022-02-11,GLOBAL_OIL_GAS,EXTENDED,,"{""GLOBAL_OIL_GAS"": 1.0}","{""GLOBAL_OIL_GAS"": 1.0}",1.0,2,DETERIORATING,1.0,1.0,0.0,NO_TARGET_CHANGE,,"HISTORICAL UK RETAIL, ISA, ACCOUNT AND BROKER ELIGIBILITY REMAIN PARTLY UNRESOLVED"
ABLATION_SCALE_IN_ONLY,WEEKLY,2022-02-18,GLOBAL_OIL_GAS,EXTENDED,,"{""GLOBAL_OIL_GAS"": 1.0}","{""GLOBAL_OIL_GAS"": 1.0}",1.0,2,HOSTILE,1.0,1.0,0.0,NO_TARGET_CHANGE,,"HISTORICAL UK RETAIL, ISA, ACCOUNT AND BROKER ELIGIBILITY REMAIN PARTLY UNRESOLVED"
ABLATION_SCALE_IN_ONLY,WEEKLY,2022-02-25,GLOBAL_OIL_GAS,EXTENDED,,"{""GLOBAL_OIL_GAS"": 1.0}","{""GLOBAL_OIL_GAS"": 1.0}",1.0,2,HOSTILE,1.0,1.0,0.0,NO_TARGET_CHANGE,,"HISTORICAL UK RETAIL, ISA, ACCOUNT AND BROKER ELIGIBILITY REMAIN PARTLY UNRESOLVED"
ABLATION_SCALE_IN_ONLY,WEEKLY,2022-02-28,GLOBAL_OIL_GAS,EXTENDED,,"{""GLOBAL_OIL_GAS"": 1.0}","{""GLOBAL_OIL_GAS"": 1.0}",1.0,2,HOSTILE,1.0,1.0,0.0,NO_TARGET_CHANGE,,"HISTORICAL UK RETAIL, ISA, ACCOUNT AND BROKER ELIGIBILITY REMAIN PARTLY UNRESOLVED"
ABLATION_SCALE_IN_ONLY,WEEKLY,2022-03-04,GLOBAL_OIL_GAS,EXTENDED,,"{""GLOBAL_OIL_GAS"": 1.0}","{""GLOBAL_OIL_GAS"": 1.0}",1.0,1,HOSTILE,1.0,1.0,0.0,NO_TARGET_CHANGE,,"HISTORICAL UK RETAIL, ISA, ACCOUNT AND BROKER ELIGIBILITY REMAIN PARTLY UNRESOLVED"
ABLATION_SCALE_IN_ONLY,WEEKLY,2022-03-11,GLOBAL_OIL_GAS,EXTENDED,,"{""GLOBAL_OIL_GAS"": 1.0}","{""GLOBAL_OIL_GAS"": 1.0}",1.0,2,HOSTILE,1.0,1.0,0.0,NO_TARGET_CHANGE,,"HISTORICAL UK RETAIL, ISA, ACCOUNT AND BROKER ELIGIBILITY REMAIN PARTLY UNRESOLVED"
ABLATION_SCALE_IN_ONLY,WEEKLY,2022-03-18,GLOBAL_OIL_GAS,EXTENDED,,"{""GLOBAL_OIL_GAS"": 1.0}","{""GLOBAL_OIL_GAS"": 1.0}",1.0,3,MATURE,1.0,1.0,0.0,NO_TARGET_CHANGE,,"HISTORICAL UK RETAIL, ISA, ACCOUNT AND BROKER ELIGIBILITY REMAIN PARTLY UNRESOLVED"
ABLATION_SCALE_IN_ONLY,WEEKLY,2022-03-25,GLOBAL_OIL_GAS,EXTENDED,,"{""GLOBAL_OIL_GAS"": 1.0}","{""GLOBAL_OIL_GAS"": 1.0}",1.0,3,MATURE,1.0,1.0,0.0,NO_TARGET_CHANGE,,"HISTORICAL UK RETAIL, ISA, ACCOUNT AND BROKER ELIGIBILITY REMAIN PARTLY UNRESOLVED"
ABLATION_SCALE_IN_ONLY,WEEKLY,2022-03-31,GLOBAL_OIL_GAS,EXTENDED,,"{""GLOBAL_OIL_GAS"": 1.0}","{""GLOBAL_OIL_GAS"": 1.0}",1.0,3,MATURE,1.0,1.0,0.0,NO_TARGET_CHANGE,,"HISTORICAL UK RETAIL, ISA, ACCOUNT AND BROKER ELIGIBILITY REMAIN PARTLY UNRESOLVED"
ABLATION_SCALE_IN_ONLY,WEEKLY,2022-04-01,GLOBAL_OIL_GAS,EXTENDED,,"{""GLOBAL_OIL_GAS"": 1.0}","{""GLOBAL_OIL_GAS"": 1.0}",1.0,2,DETERIORATING,1.0,1.0,0.0,NO_TARGET_CHANGE,,"HISTORICAL UK RETAIL, ISA, ACCOUNT AND BROKER ELIGIBILITY REMAIN PARTLY UNRESOLVED"
ABLATION_SCALE_IN_ONLY,WEEKLY,2022-04-08,GLOBAL_OIL_GAS,EXTENDED,,"{""GLOBAL_OIL_GAS"": 1.0}","{""GLOBAL_OIL_GAS"": 1.0}",1.0,3,POSITIVE,1.0,1.0,0.0,NO_TARGET_CHANGE,,"HISTORICAL UK RETAIL, ISA, ACCOUNT AND BROKER ELIGIBILITY REMAIN PARTLY UNRESOLVED"
ABLATION_SCALE_IN_ONLY,WEEKLY,2022-04-14,GLOBAL_OIL_GAS,EXTENDED,,"{""GLOBAL_OIL_GAS"": 1.0}","{""GLOBAL_OIL_GAS"": 1.0}",1.0,3,POSITIVE,1.0,1.0,0.0,NO_TARGET_CHANGE,,"HISTORICAL UK RETAIL, ISA, ACCOUNT AND BROKER ELIGIBILITY REMAIN PARTLY UNRESOLVED"
ABLATION_SCALE_IN_ONLY,WEEKLY,2022-04-22,GLOBAL_OIL_GAS,EXTENDED,,"{""GLOBAL_OIL_GAS"": 1.0}","{""GLOBAL_OIL_GAS"": 1.0}",1.0,1,HOSTILE,1.0,1.0,0.0,NO_TARGET_CHANGE,,"HISTORICAL UK RETAIL, ISA, ACCOUNT AND BROKER ELIGIBILITY REMAIN PARTLY UNRESOLVED"
ABLATION_SCALE_IN_ONLY,WEEKLY,2022-04-29,GLOBAL_OIL_GAS,EXTENDED,,"{""GLOBAL_OIL_GAS"": 1.0}","{""GLOBAL_OIL_GAS"": 1.0}",1.0,2,HOSTILE,1.0,1.0,0.0,NO_TARGET_CHANGE,,"HISTORICAL UK RETAIL, ISA, ACCOUNT AND BROKER ELIGIBILITY REMAIN PARTLY UNRESOLVED"
ABLATION_SCALE_IN_ONLY,WEEKLY,2022-05-06,GLOBAL_OIL_GAS,EXTENDED,,"{""GLOBAL_OIL_GAS"": 1.0}","{""GLOBAL_OIL_GAS"": 1.0}",1.0,2,HOSTILE,1.0,1.0,0.0,NO_TARGET_CHANGE,,"HISTORICAL UK RETAIL, ISA, ACCOUNT AND BROKER ELIGIBILITY REMAIN PARTLY UNRESOLVED"
ABLATION_SCALE_IN_ONLY,WEEKLY,2022-05-13,GLOBAL_OIL_GAS,EXTENDED,,"{""GLOBAL_OIL_GAS"": 1.0}","{""GLOBAL_OIL_GAS"": 1.0}",1.0,2,HOSTILE,1.0,1.0,0.0,NO_TARGET_CHANGE,,"HISTORICAL UK RETAIL, ISA, ACCOUNT AND BROKER ELIGIBILITY REMAIN PARTLY UNRESOLVED"
ABLATION_SCALE_IN_ONLY,WEEKLY,2022-05-20,GLOBAL_OIL_GAS,EXTENDED,,"{""GLOBAL_OIL_GAS"": 1.0}","{""GLOBAL_OIL_GAS"": 1.0}",1.0,2,HOSTILE,1.0,1.0,0.0,NO_TARGET_CHANGE,,"HISTORICAL UK RETAIL, ISA, ACCOUNT AND BROKER ELIGIBILITY REMAIN PARTLY UNRESOLVED"
ABLATION_SCALE_IN_ONLY,WEEKLY,2022-05-27,GLOBAL_OIL_GAS,EXTENDED,,"{""GLOBAL_OIL_GAS"": 1.0}","{""GLOBAL_OIL_GAS"": 1.0}",1.0,1,HOSTILE,1.0,1.0,0.0,NO_TARGET_CHANGE,,"HISTORICAL UK RETAIL, ISA, ACCOUNT AND BROKER ELIGIBILITY REMAIN PARTLY UNRESOLVED"
ABLATION_SCALE_IN_ONLY,WEEKLY,2022-05-31,GLOBAL_OIL_GAS,EXTENDED,,"{""GLOBAL_OIL_GAS"": 1.0}","{""GLOBAL_OIL_GAS"": 1.0}",1.0,1,HOSTILE,1.0,1.0,0.0,NO_TARGET_CHANGE,,"HISTORICAL UK RETAIL, ISA, ACCOUNT AND BROKER ELIGIBILITY REMAIN PARTLY UNRESOLVED"
ABLATION_SCALE_IN_ONLY,WEEKLY,2022-06-01,GLOBAL_OIL_GAS,EXTENDED,,"{""GLOBAL_OIL_GAS"": 1.0}","{""GLOBAL_OIL_GAS"": 1.0}",1.0,1,HOSTILE,1.0,1.0,0.0,NO_TARGET_CHANGE,,"HISTORICAL UK RETAIL, ISA, ACCOUNT AND BROKER ELIGIBILITY REMAIN PARTLY UNRESOLVED"
ABLATION_SCALE_IN_ONLY,WEEKLY,2022-06-10,GLOBAL_OIL_GAS,EXTENDED,,"{""GLOBAL_OIL_GAS"": 1.0}","{""GLOBAL_OIL_GAS"": 1.0}",1.0,1,HOSTILE,1.0,1.0,0.0,NO_TARGET_CHANGE,,"HISTORICAL UK RETAIL, ISA, ACCOUNT AND BROKER ELIGIBILITY REMAIN PARTLY UNRESOLVED"
ABLATION_SCALE_IN_ONLY,WEEKLY,2022-06-17,GLOBAL_OIL_GAS,WEAKENING,,"{""GLOBAL_OIL_GAS"": 1.0}","{""GLOBAL_OIL_GAS"": 1.0}",1.0,2,HOSTILE,1.0,1.0,0.0,NO_TARGET_CHANGE,,"HISTORICAL UK RETAIL, ISA, ACCOUNT AND BROKER ELIGIBILITY REMAIN PARTLY UNRESOLVED"
ABLATION_SCALE_IN_ONLY,WEEKLY,2022-06-24,GLOBAL_OIL_GAS,WEAKENING,,"{""GLOBAL_OIL_GAS"": 1.0}","{""GLOBAL_OIL_GAS"": 1.0}",1.0,0,HOSTILE,1.0,1.0,0.0,NO_TARGET_CHANGE,,"HISTORICAL UK RETAIL, ISA, ACCOUNT AND BROKER ELIGIBILITY REMAIN PARTLY UNRESOLVED"
ABLATION_SCALE_IN_ONLY,WEEKLY,2022-06-30,GLOBAL_OIL_GAS,WEAKENING,,"{""GLOBAL_OIL_GAS"": 1.0}","{""GLOBAL_OIL_GAS"": 1.0}",1.0,0,HOSTILE,1.0,1.0,0.0,NO_TARGET_CHANGE,,"HISTORICAL UK RETAIL, ISA, ACCOUNT AND BROKER ELIGIBILITY REMAIN PARTLY UNRESOLVED"
ABLATION_SCALE_IN_ONLY,WEEKLY,2022-07-01,GLOBAL_OIL_GAS,WEAKENING,,"{""GLOBAL_OIL_GAS"": 1.0}","{""GLOBAL_OIL_GAS"": 1.0}",1.0,2,HOSTILE,1.0,1.0,0.0,NO_TARGET_CHANGE,,"HISTORICAL UK RETAIL, ISA, ACCOUNT AND BROKER ELIGIBILITY REMAIN PARTLY UNRESOLVED"
ABLATION_SCALE_IN_ONLY,WEEKLY,2022-07-08,GLOBAL_OIL_GAS,WEAKENING,,"{""GLOBAL_OIL_GAS"": 1.0}","{""GLOBAL_OIL_GAS"": 1.0}",1.0,2,HOSTILE,1.0,1.0,0.0,NO_TARGET_CHANGE,,"HISTORICAL UK RETAIL, ISA, ACCOUNT AND BROKER ELIGIBILITY REMAIN PARTLY UNRESOLVED"
ABLATION_SCALE_IN_ONLY,WEEKLY,2022-07-15,GLOBAL_OIL_GAS,FAILED,,"{""GLOBAL_OIL_GAS"": 1.0}","{""GLOBAL_OIL_GAS"": 1.0}",1.0,2,HOSTILE,1.0,1.0,0.0,NO_TARGET_CHANGE,,"HISTORICAL UK RETAIL, ISA, ACCOUNT AND BROKER ELIGIBILITY REMAIN PARTLY UNRESOLVED"
ABLATION_SCALE_IN_ONLY,WEEKLY,2022-07-22,GLOBAL_OIL_GAS,FAILED,,"{""GLOBAL_OIL_GAS"": 1.0}","{""GLOBAL_OIL_GAS"": 1.0}",1.0,3,HOSTILE,1.0,1.0,0.0,NO_TARGET_CHANGE,,"HISTORICAL UK RETAIL, ISA, ACCOUNT AND BROKER ELIGIBILITY REMAIN PARTLY UNRESOLVED"
ABLATION_SCALE_IN_ONLY,WEEKLY,2022-07-29,GLOBAL_OIL_GAS,WEAKENING,,"{""GLOBAL_OIL_GAS"": 1.0}","{""GLOBAL_OIL_GAS"": 1.0}",1.0,3,POSITIVE,1.0,1.0,0.0,NO_TARGET_CHANGE,,"HISTORICAL UK RETAIL, ISA, ACCOUNT AND BROKER ELIGIBILITY REMAIN PARTLY UNRESOLVED"
ABLATION_SCALE_IN_ONLY,WEEKLY,2022-08-05,GLOBAL_OIL_GAS,FAILED,,"{""GLOBAL_OIL_GAS"": 1.0}","{""GLOBAL_OIL_GAS"": 1.0}",1.0,4,STRONG,1.0,1.0,0.0,NO_TARGET_CHANGE,,"HISTORICAL UK RETAIL, ISA, ACCOUNT AND BROKER ELIGIBILITY REMAIN PARTLY UNRESOLVED"
ABLATION_SCALE_IN_ONLY,WEEKLY,2022-08-12,GLOBAL_OIL_GAS,FAILED,,"{""GLOBAL_OIL_GAS"": 1.0}","{""GLOBAL_OIL_GAS"": 1.0}",1.0,4,STRONG,1.0,1.0,0.0,NO_TARGET_CHANGE,,"HISTORICAL UK RETAIL, ISA, ACCOUNT AND BROKER ELIGIBILITY REMAIN PARTLY UNRESOLVED"
ABLATION_SCALE_IN_ONLY,WEEKLY,2022-08-19,GLOBAL_OIL_GAS,FAILED,,"{""GLOBAL_OIL_GAS"": 1.0}","{""GLOBAL_OIL_GAS"": 1.0}",1.0,3,MATURE,1.0,1.0,0.0,NO_TARGET_CHANGE,,"HISTORICAL UK RETAIL, ISA, ACCOUNT AND BROKER ELIGIBILITY REMAIN PARTLY UNRESOLVED"
ABLATION_SCALE_IN_ONLY,WEEKLY,2022-08-26,GLOBAL_OIL_GAS,OTHER,,"{""GLOBAL_OIL_GAS"": 1.0}","{""GLOBAL_OIL_GAS"": 1.0}",1.0,4,STRONG,1.0,1.0,0.0,NO_TARGET_CHANGE,,"HISTORICAL UK RETAIL, ISA, ACCOUNT AND BROKER ELIGIBILITY REMAIN PARTLY UNRESOLVED"
ABLATION_SCALE_IN_ONLY,WEEKLY,2022-08-31,GLOBAL_INFRASTRUCTURE,WEAKENING,,"{""GLOBAL_INFRASTRUCTURE"": 1.0}","{""GLOBAL_INFRASTRUCTURE"": 1.0}",1.0,4,STRONG,1.0,1.0,0.0,PLANNED,2022-09-01,"HISTORICAL UK RETAIL, ISA, ACCOUNT AND BROKER ELIGIBILITY REMAIN PARTLY UNRESOLVED"
ABLATION_SCALE_IN_ONLY,WEEKLY,2022-09-02,GLOBAL_INFRASTRUCTURE,ESTABLISHED,,"{""GLOBAL_INFRASTRUCTURE"": 1.0}","{""GLOBAL_INFRASTRUCTURE"": 1.0}",1.0,3,MATURE,1.0,1.0,0.0,NO_TARGET_CHANGE,,"HISTORICAL UK RETAIL, ISA, ACCOUNT AND BROKER ELIGIBILITY REMAIN PARTLY UNRESOLVED"
ABLATION_SCALE_IN_ONLY,WEEKLY,2022-09-09,GLOBAL_INFRASTRUCTURE,OTHER,,"{""GLOBAL_INFRASTRUCTURE"": 1.0}","{""GLOBAL_INFRASTRUCTURE"": 1.0}",1.0,3,MATURE,1.0,1.0,0.0,NO_TARGET_CHANGE,,"HISTORICAL UK RETAIL, ISA, ACCOUNT AND BROKER ELIGIBILITY REMAIN PARTLY UNRESOLVED"
ABLATION_SCALE_IN_ONLY,WEEKLY,2022-09-16,GLOBAL_INFRASTRUCTURE,OTHER,,"{""GLOBAL_INFRASTRUCTURE"": 1.0}","{""GLOBAL_INFRASTRUCTURE"": 1.0}",1.0,4,STRONG,1.0,1.0,0.0,NO_TARGET_CHANGE,,"HISTORICAL UK RETAIL, ISA, ACCOUNT AND BROKER ELIGIBILITY REMAIN PARTLY UNRESOLVED"
ABLATION_SCALE_IN_ONLY,WEEKLY,2022-09-23,GLOBAL_INFRASTRUCTURE,OTHER,,"{""GLOBAL_INFRASTRUCTURE"": 1.0}","{""GLOBAL_INFRASTRUCTURE"": 1.0}",1.0,3,MATURE,1.0,1.0,0.0,NO_TARGET_CHANGE,,"HISTORICAL UK RETAIL, ISA, ACCOUNT AND BROKER ELIGIBILITY REMAIN PARTLY UNRESOLVED"
ABLATION_SCALE_IN_ONLY,WEEKLY,2022-09-30,GLOBAL_OIL_GAS,ESTABLISHED,,"{""GLOBAL_OIL_GAS"": 1.0}","{""GLOBAL_OIL_GAS"": 1.0}",1.0,2,HOSTILE,1.0,1.0,0.0,PLANNED,2022-10-03,"HISTORICAL UK RETAIL, ISA, ACCOUNT AND BROKER ELIGIBILITY REMAIN PARTLY UNRESOLVED"
ABLATION_SCALE_IN_ONLY,WEEKLY,2022-10-07,GLOBAL_OIL_GAS,EXTENDED,,"{""GLOBAL_OIL_GAS"": 1.0}","{""GLOBAL_OIL_GAS"": 1.0}",1.0,3,HOSTILE,1.0,1.0,0.0,NO_TARGET_CHANGE,,"HISTORICAL UK RETAIL, ISA, ACCOUNT AND BROKER ELIGIBILITY REMAIN PARTLY UNRESOLVED"
ABLATION_SCALE_IN_ONLY,WEEKLY,2022-10-14,GLOBAL_OIL_GAS,EXTENDED,,"{""GLOBAL_OIL_GAS"": 1.0}","{""GLOBAL_OIL_GAS"": 1.0}",1.0,3,HOSTILE,1.0,1.0,0.0,NO_TARGET_CHANGE,,"HISTORICAL UK RETAIL, ISA, ACCOUNT AND BROKER ELIGIBILITY REMAIN PARTLY UNRESOLVED"
ABLATION_SCALE_IN_ONLY,WEEKLY,2022-10-21,GLOBAL_OIL_GAS,EXTENDED,,"{""GLOBAL_OIL_GAS"": 1.0}","{""GLOBAL_OIL_GAS"": 1.0}",1.0,2,HOSTILE,1.0,1.0,0.0,NO_TARGET_CHANGE,,"HISTORICAL UK RETAIL, ISA, ACCOUNT AND BROKER ELIGIBILITY REMAIN PARTLY UNRESOLVED"
ABLATION_SCALE_IN_ONLY,WEEKLY,2022-10-28,GLOBAL_OIL_GAS,ESTABLISHED,,"{""GLOBAL_OIL_GAS"": 1.0}","{""GLOBAL_OIL_GAS"": 1.0}",1.0,3,HOSTILE,1.0,1.0,0.0,NO_TARGET_CHANGE,,"HISTORICAL UK RETAIL, ISA, ACCOUNT AND BROKER ELIGIBILITY REMAIN PARTLY UNRESOLVED"
ABLATION_SCALE_IN_ONLY,WEEKLY,2022-10-31,GLOBAL_OIL_GAS,EXTENDED,,"{""GLOBAL_OIL_GAS"": 1.0}","{""GLOBAL_OIL_GAS"": 1.0}",1.0,3,HOSTILE,1.0,1.0,0.0,NO_TARGET_CHANGE,,"HISTORICAL UK RETAIL, ISA, ACCOUNT AND BROKER ELIGIBILITY REMAIN PARTLY UNRESOLVED"
ABLATION_SCALE_IN_ONLY,WEEKLY,2022-11-04,GLOBAL_OIL_GAS,EXTENDED,,"{""GLOBAL_OIL_GAS"": 1.0}","{""GLOBAL_OIL_GAS"": 1.0}",1.0,4,STRONG,1.0,1.0,0.0,NO_TARGET_CHANGE,,"HISTORICAL UK RETAIL, ISA, ACCOUNT AND BROKER ELIGIBILITY REMAIN PARTLY UNRESOLVED"
ABLATION_SCALE_IN_ONLY,WEEKLY,2022-11-11,GLOBAL_OIL_GAS,WEAKENING,GLOBAL_GOLD_MINERS,"{""GLOBAL_GOLD_MINERS"": 0.25, ""GLOBAL_OIL_GAS"": 0.75}","{""GLOBAL_GOLD_MINERS"": 0.25, ""GLOBAL_OIL_GAS"": 0.75}",1.0,3,MATURE,1.0,1.0,0.0,PLANNED,2022-11-14,"HISTORICAL UK RETAIL, ISA, ACCOUNT AND BROKER ELIGIBILITY REMAIN PARTLY UNRESOLVED"
ABLATION_SCALE_IN_ONLY,WEEKLY,2022-11-18,GLOBAL_OIL_GAS,WEAKENING,GLOBAL_GOLD_MINERS,"{""GLOBAL_GOLD_MINERS"": 0.25, ""GLOBAL_OIL_GAS"": 0.75}","{""GLOBAL_GOLD_MINERS"": 0.25, ""GLOBAL_OIL_GAS"": 0.75}",1.0,2,DETERIORATING,1.0,1.0,0.0,NO_TARGET_CHANGE,,"HISTORICAL UK RETAIL, ISA, ACCOUNT AND BROKER ELIGIBILITY REMAIN PARTLY UNRESOLVED"
ABLATION_SCALE_IN_ONLY,WEEKLY,2022-11-25,GLOBAL_OIL_GAS,WEAKENING,,"{""GLOBAL_OIL_GAS"": 1.0}","{""GLOBAL_OIL_GAS"": 1.0}",1.0,4,STRONG,1.0,1.0,0.0,PLANNED,2022-11-28,"HISTORICAL UK RETAIL, ISA, ACCOUNT AND BROKER ELIGIBILITY REMAIN PARTLY UNRESOLVED"
ABLATION_SCALE_IN_ONLY,WEEKLY,2022-11-30,EUROPE_BANKS,EXTENDED,,"{""EUROPE_BANKS"": 1.0}","{""EUROPE_BANKS"": 1.0}",1.0,4,STRONG,1.0,1.0,0.0,PLANNED,2022-12-01,"HISTORICAL UK RETAIL, ISA, ACCOUNT AND BROKER ELIGIBILITY REMAIN PARTLY UNRESOLVED"
ABLATION_SCALE_IN_ONLY,WEEKLY,2022-12-02,EUROPE_BANKS,EXTENDED,,"{""EUROPE_BANKS"": 1.0}","{""EUROPE_BANKS"": 1.0}",1.0,4,STRONG,1.0,1.0,0.0,NO_TARGET_CHANGE,,"HISTORICAL UK RETAIL, ISA, ACCOUNT AND BROKER ELIGIBILITY REMAIN PARTLY UNRESOLVED"
ABLATION_SCALE_IN_ONLY,WEEKLY,2022-12-09,EUROPE_BANKS,EXTENDED,,"{""EUROPE_BANKS"": 1.0}","{""EUROPE_BANKS"": 1.0}",1.0,3,HOSTILE,1.0,1.0,0.0,NO_TARGET_CHANGE,,"HISTORICAL UK RETAIL, ISA, ACCOUNT AND BROKER ELIGIBILITY REMAIN PARTLY UNRESOLVED"
ABLATION_SCALE_IN_ONLY,WEEKLY,2022-12-16,EUROPE_BANKS,ESTABLISHED,,"{""EUROPE_BANKS"": 1.0}","{""EUROPE_BANKS"": 1.0}",1.0,3,HOSTILE,1.0,1.0,0.0,NO_TARGET_CHANGE,,"HISTORICAL UK RETAIL, ISA, ACCOUNT AND BROKER ELIGIBILITY REMAIN PARTLY UNRESOLVED"
ABLATION_SCALE_IN_ONLY,WEEKLY,2022-12-23,EUROPE_BANKS,EXTENDED,,"{""EUROPE_BANKS"": 1.0}","{""EUROPE_BANKS"": 1.0}",1.0,3,MATURE,1.0,1.0,0.0,NO_TARGET_CHANGE,,"HISTORICAL UK RETAIL, ISA, ACCOUNT AND BROKER ELIGIBILITY REMAIN PARTLY UNRESOLVED"
ABLATION_SCALE_IN_ONLY,WEEKLY,2022-12-30,EUROPE_BANKS,EXTENDED,,"{""EUROPE_BANKS"": 1.0}","{""EUROPE_BANKS"": 1.0}",1.0,3,MATURE,1.0,1.0,0.0,NO_TARGET_CHANGE,,"HISTORICAL UK RETAIL, ISA, ACCOUNT AND BROKER ELIGIBILITY REMAIN PARTLY UNRESOLVED"
ABLATION_SCALE_IN_ONLY,WEEKLY,2023-01-06,EUROPE_BANKS,EXTENDED,,"{""EUROPE_BANKS"": 1.0}","{""EUROPE_BANKS"": 1.0}",1.0,3,MATURE,1.0,1.0,0.0,NO_TARGET_CHANGE,,"HISTORICAL UK RETAIL, ISA, ACCOUNT AND BROKER ELIGIBILITY REMAIN PARTLY UNRESOLVED"
ABLATION_SCALE_IN_ONLY,WEEKLY,2023-01-13,EUROPE_BANKS,OTHER,,"{""EUROPE_BANKS"": 1.0}","{""EUROPE_BANKS"": 1.0}",1.0,5,STRONG,1.0,1.0,0.0,NO_TARGET_CHANGE,,"HISTORICAL UK RETAIL, ISA, ACCOUNT AND BROKER ELIGIBILITY REMAIN PARTLY UNRESOLVED"
ABLATION_SCALE_IN_ONLY,WEEKLY,2023-01-20,EUROPE_BANKS,EXTENDED,,"{""EUROPE_BANKS"": 1.0}","{""EUROPE_BANKS"": 1.0}",1.0,3,DETERIORATING,1.0,1.0,0.0,NO_TARGET_CHANGE,,"HISTORICAL UK RETAIL, ISA, ACCOUNT AND BROKER ELIGIBILITY REMAIN PARTLY UNRESOLVED"
ABLATION_SCALE_IN_ONLY,WEEKLY,2023-01-27,EUROPE_BANKS,EXTENDED,,"{""EUROPE_BANKS"": 1.0}","{""EUROPE_BANKS"": 1.0}",1.0,5,STRONG,1.0,1.0,0.0,NO_TARGET_CHANGE,,"HISTORICAL UK RETAIL, ISA, ACCOUNT AND BROKER ELIGIBILITY REMAIN PARTLY UNRESOLVED"
ABLATION_SCALE_IN_ONLY,WEEKLY,2023-01-31,EUROPE_BANKS,EXTENDED,,"{""EUROPE_BANKS"": 1.0}","{""EUROPE_BANKS"": 1.0}",1.0,5,STRONG,1.0,1.0,0.0,NO_TARGET_CHANGE,,"HISTORICAL UK RETAIL, ISA, ACCOUNT AND BROKER ELIGIBILITY REMAIN PARTLY UNRESOLVED"
ABLATION_SCALE_IN_ONLY,WEEKLY,2023-02-03,EUROPE_BANKS,EXTENDED,,"{""EUROPE_BANKS"": 1.0}","{""EUROPE_BANKS"": 1.0}",1.0,4,MATURE,1.0,1.0,0.0,NO_TARGET_CHANGE,,"HISTORICAL UK RETAIL, ISA, ACCOUNT AND BROKER ELIGIBILITY REMAIN PARTLY UNRESOLVED"
ABLATION_SCALE_IN_ONLY,WEEKLY,2023-02-10,EUROPE_BANKS,EXTENDED,,"{""EUROPE_BANKS"": 1.0}","{""EUROPE_BANKS"": 1.0}",1.0,4,MATURE,1.0,1.0,0.0,NO_TARGET_CHANGE,,"HISTORICAL UK RETAIL, ISA, ACCOUNT AND BROKER ELIGIBILITY REMAIN PARTLY UNRESOLVED"
ABLATION_SCALE_IN_ONLY,WEEKLY,2023-02-17,EUROPE_BANKS,EXTENDED,,"{""EUROPE_BANKS"": 1.0}","{""EUROPE_BANKS"": 1.0}",1.0,3,DETERIORATING,1.0,1.0,0.0,NO_TARGET_CHANGE,,"HISTORICAL UK RETAIL, ISA, ACCOUNT AND BROKER ELIGIBILITY REMAIN PARTLY UNRESOLVED"
ABLATION_SCALE_IN_ONLY,WEEKLY,2023-02-24,EUROPE_BANKS,EXTENDED,,"{""EUROPE_BANKS"": 1.0}","{""EUROPE_BANKS"": 1.0}",1.0,3,DETERIORATING,1.0,1.0,0.0,NO_TARGET_CHANGE,,"HISTORICAL UK RETAIL, ISA, ACCOUNT AND BROKER ELIGIBILITY REMAIN PARTLY UNRESOLVED"
ABLATION_SCALE_IN_ONLY,WEEKLY,2023-02-28,EUROPE_BANKS,EXTENDED,,"{""EUROPE_BANKS"": 1.0}","{""EUROPE_BANKS"": 1.0}",1.0,3,DETERIORATING,1.0,1.0,0.0,NO_TARGET_CHANGE,,"HISTORICAL UK RETAIL, ISA, ACCOUNT AND BROKER ELIGIBILITY REMAIN PARTLY UNRESOLVED"
ABLATION_SCALE_IN_ONLY,WEEKLY,2023-03-03,EUROPE_BANKS,EXTENDED,,"{""EUROPE_BANKS"": 1.0}","{""EUROPE_BANKS"": 1.0}",1.0,3,DETERIORATING,1.0,1.0,0.0,NO_TARGET_CHANGE,,"HISTORICAL UK RETAIL, ISA, ACCOUNT AND BROKER ELIGIBILITY REMAIN PARTLY UNRESOLVED"
ABLATION_SCALE_IN_ONLY,WEEKLY,2023-03-10,EUROPE_BANKS,EXTENDED,,"{""EUROPE_BANKS"": 1.0}","{""EUROPE_BANKS"": 1.0}",1.0,4,MATURE,1.0,1.0,0.0,NO_TARGET_CHANGE,,"HISTORICAL UK RETAIL, ISA, ACCOUNT AND BROKER ELIGIBILITY REMAIN PARTLY UNRESOLVED"
ABLATION_SCALE_IN_ONLY,WEEKLY,2023-03-17,EUROPE_BANKS,WEAKENING,,"{""EUROPE_BANKS"": 1.0}","{""EUROPE_BANKS"": 1.0}",1.0,0,HOSTILE,1.0,1.0,0.0,NO_TARGET_CHANGE,,"HISTORICAL UK RETAIL, ISA, ACCOUNT AND BROKER ELIGIBILITY REMAIN PARTLY UNRESOLVED"
ABLATION_SCALE_IN_ONLY,WEEKLY,2023-03-24,EUROPE_BANKS,FAILED,,"{""EUROPE_BANKS"": 1.0}","{""EUROPE_BANKS"": 1.0}",1.0,2,HOSTILE,1.0,1.0,0.0,NO_TARGET_CHANGE,,"HISTORICAL UK RETAIL, ISA, ACCOUNT AND BROKER ELIGIBILITY REMAIN PARTLY UNRESOLVED"
ABLATION_SCALE_IN_ONLY,WEEKLY,2023-03-31,GLOBAL_SEMICONDUCTORS,EXTENDED,,"{""GLOBAL_SEMICONDUCTORS"": 1.0}","{""GLOBAL_SEMICONDUCTORS"": 1.0}",1.0,3,MATURE,1.0,1.0,0.0,PLANNED,2023-04-03,"HISTORICAL UK RETAIL, ISA, ACCOUNT AND BROKER ELIGIBILITY REMAIN PARTLY UNRESOLVED"
ABLATION_SCALE_IN_ONLY,WEEKLY,2023-04-06,GLOBAL_SEMICONDUCTORS,EXTENDED,,"{""GLOBAL_SEMICONDUCTORS"": 1.0}","{""GLOBAL_SEMICONDUCTORS"": 1.0}",1.0,1,DETERIORATING,1.0,1.0,0.0,NO_TARGET_CHANGE,,"HISTORICAL UK RETAIL, ISA, ACCOUNT AND BROKER ELIGIBILITY REMAIN PARTLY UNRESOLVED"
ABLATION_SCALE_IN_ONLY,WEEKLY,2023-04-14,GLOBAL_SEMICONDUCTORS,ESTABLISHED,,"{""GLOBAL_SEMICONDUCTORS"": 1.0}","{""GLOBAL_SEMICONDUCTORS"": 1.0}",1.0,2,DETERIORATING,1.0,1.0,0.0,NO_TARGET_CHANGE,,"HISTORICAL UK RETAIL, ISA, ACCOUNT AND BROKER ELIGIBILITY REMAIN PARTLY UNRESOLVED"
ABLATION_SCALE_IN_ONLY,WEEKLY,2023-04-21,GLOBAL_SEMICONDUCTORS,WEAKENING,,"{""GLOBAL_SEMICONDUCTORS"": 1.0}","{""GLOBAL_SEMICONDUCTORS"": 1.0}",1.0,3,MATURE,1.0,1.0,0.0,NO_TARGET_CHANGE,,"HISTORICAL UK RETAIL, ISA, ACCOUNT AND BROKER ELIGIBILITY REMAIN PARTLY UNRESOLVED"
ABLATION_SCALE_IN_ONLY,WEEKLY,2023-04-28,GLOBAL_SEMICONDUCTORS,WEAKENING,,"{""GLOBAL_SEMICONDUCTORS"": 1.0}","{""GLOBAL_SEMICONDUCTORS"": 1.0}",1.0,2,DETERIORATING,1.0,1.0,0.0,NO_TARGET_CHANGE,,"HISTORICAL UK RETAIL, ISA, ACCOUNT AND BROKER ELIGIBILITY REMAIN PARTLY UNRESOLVED"
ABLATION_SCALE_IN_ONLY,WEEKLY,2023-05-05,GLOBAL_SEMICONDUCTORS,FAILED,,"{""GLOBAL_SEMICONDUCTORS"": 1.0}","{""GLOBAL_SEMICONDUCTORS"": 1.0}",1.0,3,MATURE,1.0,1.0,0.0,NO_TARGET_CHANGE,,"HISTORICAL UK RETAIL, ISA, ACCOUNT AND BROKER ELIGIBILITY REMAIN PARTLY UNRESOLVED"
ABLATION_SCALE_IN_ONLY,WEEKLY,2023-05-12,GLOBAL_SEMICONDUCTORS,FAILED,,"{""GLOBAL_SEMICONDUCTORS"": 1.0}","{""GLOBAL_SEMICONDUCTORS"": 1.0}",1.0,2,POSITIVE,1.0,1.0,0.0,NO_TARGET_CHANGE,,"HISTORICAL UK RETAIL, ISA, ACCOUNT AND BROKER ELIGIBILITY REMAIN PARTLY UNRESOLVED"
ABLATION_SCALE_IN_ONLY,WEEKLY,2023-05-19,GLOBAL_SEMICONDUCTORS,WEAKENING,,"{""GLOBAL_SEMICONDUCTORS"": 1.0}","{""GLOBAL_SEMICONDUCTORS"": 1.0}",1.0,2,POSITIVE,1.0,1.0,0.0,NO_TARGET_CHANGE,,"HISTORICAL UK RETAIL, ISA, ACCOUNT AND BROKER ELIGIBILITY REMAIN PARTLY UNRESOLVED"
ABLATION_SCALE_IN_ONLY,WEEKLY,2023-05-26,GLOBAL_SEMICONDUCTORS,WEAKENING,,"{""GLOBAL_SEMICONDUCTORS"": 1.0}","{""GLOBAL_SEMICONDUCTORS"": 1.0}",1.0,1,POSITIVE,1.0,1.0,0.0,NO_TARGET_CHANGE,,"HISTORICAL UK RETAIL, ISA, ACCOUNT AND BROKER ELIGIBILITY REMAIN PARTLY UNRESOLVED"
ABLATION_SCALE_IN_ONLY,WEEKLY,2023-05-31,GLOBAL_SEMICONDUCTORS,EXTENDED,,"{""GLOBAL_SEMICONDUCTORS"": 1.0}","{""GLOBAL_SEMICONDUCTORS"": 1.0}",1.0,1,POSITIVE,1.0,1.0,0.0,NO_TARGET_CHANGE,,"HISTORICAL UK RETAIL, ISA, ACCOUNT AND BROKER ELIGIBILITY REMAIN PARTLY UNRESOLVED"
ABLATION_SCALE_IN_ONLY,WEEKLY,2023-06-02,GLOBAL_SEMICONDUCTORS,EXTENDED,,"{""GLOBAL_SEMICONDUCTORS"": 1.0}","{""GLOBAL_SEMICONDUCTORS"": 1.0}",1.0,2,POSITIVE,1.0,1.0,0.0,NO_TARGET_CHANGE,,"HISTORICAL UK RETAIL, ISA, ACCOUNT AND BROKER ELIGIBILITY REMAIN PARTLY UNRESOLVED"
ABLATION_SCALE_IN_ONLY,WEEKLY,2023-06-09,GLOBAL_SEMICONDUCTORS,EXTENDED,,"{""GLOBAL_SEMICONDUCTORS"": 1.0}","{""GLOBAL_SEMICONDUCTORS"": 1.0}",1.0,1,POSITIVE,1.0,1.0,0.0,NO_TARGET_CHANGE,,"HISTORICAL UK RETAIL, ISA, ACCOUNT AND BROKER ELIGIBILITY REMAIN PARTLY UNRESOLVED"
ABLATION_SCALE_IN_ONLY,WEEKLY,2023-06-16,GLOBAL_SEMICONDUCTORS,EXTENDED,,"{""GLOBAL_SEMICONDUCTORS"": 1.0}","{""GLOBAL_SEMICONDUCTORS"": 1.0}",1.0,3,POSITIVE,1.0,1.0,0.0,NO_TARGET_CHANGE,,"HISTORICAL UK RETAIL, ISA, ACCOUNT AND BROKER ELIGIBILITY REMAIN PARTLY UNRESOLVED"
ABLATION_SCALE_IN_ONLY,WEEKLY,2023-06-23,GLOBAL_SEMICONDUCTORS,ESTABLISHED,,"{""GLOBAL_SEMICONDUCTORS"": 1.0}","{""GLOBAL_SEMICONDUCTORS"": 1.0}",1.0,1,POSITIVE,1.0,1.0,0.0,NO_TARGET_CHANGE,,"HISTORICAL UK RETAIL, ISA, ACCOUNT AND BROKER ELIGIBILITY REMAIN PARTLY UNRESOLVED"
ABLATION_SCALE_IN_ONLY,WEEKLY,2023-06-30,GLOBAL_SEMICONDUCTORS,EXTENDED,,"{""GLOBAL_SEMICONDUCTORS"": 1.0}","{""GLOBAL_SEMICONDUCTORS"": 1.0}",1.0,2,POSITIVE,1.0,1.0,0.0,NO_TARGET_CHANGE,,"HISTORICAL UK RETAIL, ISA, ACCOUNT AND BROKER ELIGIBILITY REMAIN PARTLY UNRESOLVED"
ABLATION_SCALE_IN_ONLY,WEEKLY,2023-07-07,GLOBAL_SEMICONDUCTORS,ESTABLISHED,,"{""GLOBAL_SEMICONDUCTORS"": 1.0}","{""GLOBAL_SEMICONDUCTORS"": 1.0}",1.0,2,POSITIVE,1.0,1.0,0.0,NO_TARGET_CHANGE,,"HISTORICAL UK RETAIL, ISA, ACCOUNT AND BROKER ELIGIBILITY REMAIN PARTLY UNRESOLVED"
ABLATION_SCALE_IN_ONLY,WEEKLY,2023-07-14,GLOBAL_SEMICONDUCTORS,EXTENDED,,"{""GLOBAL_SEMICONDUCTORS"": 1.0}","{""GLOBAL_SEMICONDUCTORS"": 1.0}",1.0,3,POSITIVE,1.0,1.0,0.0,NO_TARGET_CHANGE,,"HISTORICAL UK RETAIL, ISA, ACCOUNT AND BROKER ELIGIBILITY REMAIN PARTLY UNRESOLVED"
ABLATION_SCALE_IN_ONLY,WEEKLY,2023-07-21,GLOBAL_SEMICONDUCTORS,WEAKENING,,"{""GLOBAL_SEMICONDUCTORS"": 1.0}","{""GLOBAL_SEMICONDUCTORS"": 1.0}",1.0,2,POSITIVE,1.0,1.0,0.0,NO_TARGET_CHANGE,,"HISTORICAL UK RETAIL, ISA, ACCOUNT AND BROKER ELIGIBILITY REMAIN PARTLY UNRESOLVED"
ABLATION_SCALE_IN_ONLY,WEEKLY,2023-07-28,GLOBAL_SEMICONDUCTORS,WEAKENING,CHINA_INTERNET,"{""CHINA_INTERNET"": 0.25, ""GLOBAL_SEMICONDUCTORS"": 0.75}","{""CHINA_INTERNET"": 0.25, ""GLOBAL_SEMICONDUCTORS"": 0.75}",1.0,4,STRONG,1.0,1.0,0.0,PLANNED,2023-07-31,"HISTORICAL UK RETAIL, ISA, ACCOUNT AND BROKER ELIGIBILITY REMAIN PARTLY UNRESOLVED"
ABLATION_SCALE_IN_ONLY,WEEKLY,2023-07-31,GLOBAL_SEMICONDUCTORS,WEAKENING,CHINA_INTERNET,"{""CHINA_INTERNET"": 0.25, ""GLOBAL_SEMICONDUCTORS"": 0.75}","{""CHINA_INTERNET"": 0.25, ""GLOBAL_SEMICONDUCTORS"": 0.75}",1.0,4,STRONG,1.0,1.0,0.0,NO_TARGET_CHANGE,,"HISTORICAL UK RETAIL, ISA, ACCOUNT AND BROKER ELIGIBILITY REMAIN PARTLY UNRESOLVED"
ABLATION_SCALE_IN_ONLY,WEEKLY,2023-08-04,GLOBAL_SEMICONDUCTORS,WEAKENING,,"{""GLOBAL_SEMICONDUCTORS"": 1.0}","{""GLOBAL_SEMICONDUCTORS"": 1.0}",1.0,4,STRONG,1.0,1.0,0.0,PLANNED,2023-08-07,"HISTORICAL UK RETAIL, ISA, ACCOUNT AND BROKER ELIGIBILITY REMAIN PARTLY UNRESOLVED"
ABLATION_SCALE_IN_ONLY,WEEKLY,2023-08-11,GLOBAL_SEMICONDUCTORS,WEAKENING,,"{""GLOBAL_SEMICONDUCTORS"": 1.0}","{""GLOBAL_SEMICONDUCTORS"": 1.0}",1.0,4,STRONG,1.0,1.0,0.0,NO_TARGET_CHANGE,,"HISTORICAL UK RETAIL, ISA, ACCOUNT AND BROKER ELIGIBILITY REMAIN PARTLY UNRESOLVED"
ABLATION_SCALE_IN_ONLY,WEEKLY,2023-08-18,GLOBAL_SEMICONDUCTORS,WEAKENING,,"{""GLOBAL_SEMICONDUCTORS"": 1.0}","{""GLOBAL_SEMICONDUCTORS"": 1.0}",1.0,3,MATURE,1.0,1.0,0.0,NO_TARGET_CHANGE,,"HISTORICAL UK RETAIL, ISA, ACCOUNT AND BROKER ELIGIBILITY REMAIN PARTLY UNRESOLVED"
ABLATION_SCALE_IN_ONLY,WEEKLY,2023-08-25,GLOBAL_SEMICONDUCTORS,FAILED,,"{""GLOBAL_SEMICONDUCTORS"": 1.0}","{""GLOBAL_SEMICONDUCTORS"": 1.0}",1.0,4,STRONG,1.0,1.0,0.0,NO_TARGET_CHANGE,,"HISTORICAL UK RETAIL, ISA, ACCOUNT AND BROKER ELIGIBILITY REMAIN PARTLY UNRESOLVED"
ABLATION_SCALE_IN_ONLY,WEEKLY,2023-08-31,GLOBAL_SEMICONDUCTORS,WEAKENING,,"{""GLOBAL_SEMICONDUCTORS"": 1.0}","{""GLOBAL_SEMICONDUCTORS"": 1.0}",1.0,4,STRONG,1.0,1.0,0.0,NO_TARGET_CHANGE,,"HISTORICAL UK RETAIL, ISA, ACCOUNT AND BROKER ELIGIBILITY REMAIN PARTLY UNRESOLVED"
ABLATION_SCALE_IN_ONLY,WEEKLY,2023-09-01,GLOBAL_SEMICONDUCTORS,WEAKENING,,"{""GLOBAL_SEMICONDUCTORS"": 1.0}","{""GLOBAL_SEMICONDUCTORS"": 1.0}",1.0,2,DETERIORATING,1.0,1.0,0.0,NO_TARGET_CHANGE,,"HISTORICAL UK RETAIL, ISA, ACCOUNT AND BROKER ELIGIBILITY REMAIN PARTLY UNRESOLVED"
ABLATION_SCALE_IN_ONLY,WEEKLY,2023-09-08,GLOBAL_SEMICONDUCTORS,FAILED,,"{""GLOBAL_SEMICONDUCTORS"": 1.0}","{""GLOBAL_SEMICONDUCTORS"": 1.0}",1.0,2,DETERIORATING,1.0,1.0,0.0,NO_TARGET_CHANGE,,"HISTORICAL UK RETAIL, ISA, ACCOUNT AND BROKER ELIGIBILITY REMAIN PARTLY UNRESOLVED"
ABLATION_SCALE_IN_ONLY,WEEKLY,2023-09-15,GLOBAL_SEMICONDUCTORS,FAILED,,"{""GLOBAL_SEMICONDUCTORS"": 1.0}","{""GLOBAL_SEMICONDUCTORS"": 1.0}",1.0,3,MATURE,1.0,1.0,0.0,NO_TARGET_CHANGE,,"HISTORICAL UK RETAIL, ISA, ACCOUNT AND BROKER ELIGIBILITY REMAIN PARTLY UNRESOLVED"
ABLATION_SCALE_IN_ONLY,WEEKLY,2023-09-22,GLOBAL_SEMICONDUCTORS,FAILED,,"{""GLOBAL_SEMICONDUCTORS"": 1.0}","{""GLOBAL_SEMICONDUCTORS"": 1.0}",1.0,4,STRONG,1.0,1.0,0.0,NO_TARGET_CHANGE,,"HISTORICAL UK RETAIL, ISA, ACCOUNT AND BROKER ELIGIBILITY REMAIN PARTLY UNRESOLVED"
ABLATION_SCALE_IN_ONLY,WEEKLY,2023-09-29,GLOBAL_URANIUM_NUCLEAR,EXTENDED,,"{""GLOBAL_URANIUM_NUCLEAR"": 1.0}","{""GLOBAL_URANIUM_NUCLEAR"": 1.0}",1.0,4,STRONG,1.0,1.0,0.0,PLANNED,2023-10-02,"HISTORICAL UK RETAIL, ISA, ACCOUNT AND BROKER ELIGIBILITY REMAIN PARTLY UNRESOLVED"
ABLATION_SCALE_IN_ONLY,WEEKLY,2023-10-06,GLOBAL_URANIUM_NUCLEAR,EXTENDED,,"{""GLOBAL_URANIUM_NUCLEAR"": 1.0}","{""GLOBAL_URANIUM_NUCLEAR"": 1.0}",1.0,3,MATURE,1.0,1.0,0.0,NO_TARGET_CHANGE,,"HISTORICAL UK RETAIL, ISA, ACCOUNT AND BROKER ELIGIBILITY REMAIN PARTLY UNRESOLVED"
ABLATION_SCALE_IN_ONLY,WEEKLY,2023-10-13,GLOBAL_URANIUM_NUCLEAR,EXTENDED,,"{""GLOBAL_URANIUM_NUCLEAR"": 1.0}","{""GLOBAL_URANIUM_NUCLEAR"": 1.0}",1.0,3,MATURE,1.0,1.0,0.0,NO_TARGET_CHANGE,,"HISTORICAL UK RETAIL, ISA, ACCOUNT AND BROKER ELIGIBILITY REMAIN PARTLY UNRESOLVED"
ABLATION_SCALE_IN_ONLY,WEEKLY,2023-10-20,GLOBAL_URANIUM_NUCLEAR,EXTENDED,,"{""GLOBAL_URANIUM_NUCLEAR"": 1.0}","{""GLOBAL_URANIUM_NUCLEAR"": 1.0}",1.0,4,STRONG,1.0,1.0,0.0,NO_TARGET_CHANGE,,"HISTORICAL UK RETAIL, ISA, ACCOUNT AND BROKER ELIGIBILITY REMAIN PARTLY UNRESOLVED"
ABLATION_SCALE_IN_ONLY,WEEKLY,2023-10-27,GLOBAL_URANIUM_NUCLEAR,WEAKENING,,"{""GLOBAL_URANIUM_NUCLEAR"": 1.0}","{""GLOBAL_URANIUM_NUCLEAR"": 1.0}",1.0,2,DETERIORATING,1.0,1.0,0.0,NO_TARGET_CHANGE,,"HISTORICAL UK RETAIL, ISA, ACCOUNT AND BROKER ELIGIBILITY REMAIN PARTLY UNRESOLVED"
ABLATION_SCALE_IN_ONLY,WEEKLY,2023-10-31,GLOBAL_URANIUM_NUCLEAR,EXTENDED,,"{""GLOBAL_URANIUM_NUCLEAR"": 1.0}","{""GLOBAL_URANIUM_NUCLEAR"": 1.0}",1.0,2,DETERIORATING,1.0,1.0,0.0,NO_TARGET_CHANGE,,"HISTORICAL UK RETAIL, ISA, ACCOUNT AND BROKER ELIGIBILITY REMAIN PARTLY UNRESOLVED"
ABLATION_SCALE_IN_ONLY,WEEKLY,2023-11-03,GLOBAL_URANIUM_NUCLEAR,EXTENDED,,"{""GLOBAL_URANIUM_NUCLEAR"": 1.0}","{""GLOBAL_URANIUM_NUCLEAR"": 1.0}",1.0,3,MATURE,1.0,1.0,0.0,NO_TARGET_CHANGE,,"HISTORICAL UK RETAIL, ISA, ACCOUNT AND BROKER ELIGIBILITY REMAIN PARTLY UNRESOLVED"
ABLATION_SCALE_IN_ONLY,WEEKLY,2023-11-10,GLOBAL_URANIUM_NUCLEAR,OTHER,,"{""GLOBAL_URANIUM_NUCLEAR"": 1.0}","{""GLOBAL_URANIUM_NUCLEAR"": 1.0}",1.0,2,DETERIORATING,1.0,1.0,0.0,NO_TARGET_CHANGE,,"HISTORICAL UK RETAIL, ISA, ACCOUNT AND BROKER ELIGIBILITY REMAIN PARTLY UNRESOLVED"
ABLATION_SCALE_IN_ONLY,WEEKLY,2023-11-17,GLOBAL_URANIUM_NUCLEAR,ESTABLISHED,,"{""GLOBAL_URANIUM_NUCLEAR"": 1.0}","{""GLOBAL_URANIUM_NUCLEAR"": 1.0}",1.0,4,STRONG,1.0,1.0,0.0,NO_TARGET_CHANGE,,"HISTORICAL UK RETAIL, ISA, ACCOUNT AND BROKER ELIGIBILITY REMAIN PARTLY UNRESOLVED"
ABLATION_SCALE_IN_ONLY,WEEKLY,2023-11-24,GLOBAL_URANIUM_NUCLEAR,ESTABLISHED,,"{""GLOBAL_URANIUM_NUCLEAR"": 1.0}","{""GLOBAL_URANIUM_NUCLEAR"": 1.0}",1.0,4,STRONG,1.0,1.0,0.0,NO_TARGET_CHANGE,,"HISTORICAL UK RETAIL, ISA, ACCOUNT AND BROKER ELIGIBILITY REMAIN PARTLY UNRESOLVED"
ABLATION_SCALE_IN_ONLY,WEEKLY,2023-11-30,GLOBAL_URANIUM_NUCLEAR,WEAKENING,,"{""GLOBAL_URANIUM_NUCLEAR"": 1.0}","{""GLOBAL_URANIUM_NUCLEAR"": 1.0}",1.0,4,STRONG,1.0,1.0,0.0,NO_TARGET_CHANGE,,"HISTORICAL UK RETAIL, ISA, ACCOUNT AND BROKER ELIGIBILITY REMAIN PARTLY UNRESOLVED"
ABLATION_SCALE_IN_ONLY,WEEKLY,2023-12-01,GLOBAL_URANIUM_NUCLEAR,ESTABLISHED,,"{""GLOBAL_URANIUM_NUCLEAR"": 1.0}","{""GLOBAL_URANIUM_NUCLEAR"": 1.0}",1.0,2,DETERIORATING,1.0,1.0,0.0,NO_TARGET_CHANGE,,"HISTORICAL UK RETAIL, ISA, ACCOUNT AND BROKER ELIGIBILITY REMAIN PARTLY UNRESOLVED"
ABLATION_SCALE_IN_ONLY,WEEKLY,2023-12-08,GLOBAL_URANIUM_NUCLEAR,WEAKENING,,"{""GLOBAL_URANIUM_NUCLEAR"": 1.0}","{""GLOBAL_URANIUM_NUCLEAR"": 1.0}",1.0,2,DETERIORATING,1.0,1.0,0.0,NO_TARGET_CHANGE,,"HISTORICAL UK RETAIL, ISA, ACCOUNT AND BROKER ELIGIBILITY REMAIN PARTLY UNRESOLVED"
ABLATION_SCALE_IN_ONLY,WEEKLY,2023-12-15,GLOBAL_URANIUM_NUCLEAR,WEAKENING,,"{""GLOBAL_URANIUM_NUCLEAR"": 1.0}","{""GLOBAL_URANIUM_NUCLEAR"": 1.0}",1.0,2,DETERIORATING,1.0,1.0,0.0,NO_TARGET_CHANGE,,"HISTORICAL UK RETAIL, ISA, ACCOUNT AND BROKER ELIGIBILITY REMAIN PARTLY UNRESOLVED"
ABLATION_SCALE_IN_ONLY,WEEKLY,2023-12-22,GLOBAL_URANIUM_NUCLEAR,FAILED,,"{""GLOBAL_URANIUM_NUCLEAR"": 1.0}","{""GLOBAL_URANIUM_NUCLEAR"": 1.0}",1.0,2,DETERIORATING,1.0,1.0,0.0,NO_TARGET_CHANGE,,"HISTORICAL UK RETAIL, ISA, ACCOUNT AND BROKER ELIGIBILITY REMAIN PARTLY UNRESOLVED"
ABLATION_SCALE_IN_ONLY,WEEKLY,2023-12-29,GLOBAL_AI,EXTENDED,,"{""GLOBAL_AI"": 1.0}","{""GLOBAL_AI"": 1.0}",1.0,2,DETERIORATING,1.0,1.0,0.0,PLANNED,2024-01-02,"HISTORICAL UK RETAIL, ISA, ACCOUNT AND BROKER ELIGIBILITY REMAIN PARTLY UNRESOLVED"
ABLATION_SCALE_IN_ONLY,WEEKLY,2024-01-05,GLOBAL_AI,ESTABLISHED,,"{""GLOBAL_AI"": 1.0}","{""GLOBAL_AI"": 1.0}",1.0,1,DETERIORATING,1.0,1.0,0.0,NO_TARGET_CHANGE,,"HISTORICAL UK RETAIL, ISA, ACCOUNT AND BROKER ELIGIBILITY REMAIN PARTLY UNRESOLVED"
ABLATION_SCALE_IN_ONLY,WEEKLY,2024-01-12,GLOBAL_AI,OTHER,,"{""GLOBAL_AI"": 1.0}","{""GLOBAL_AI"": 1.0}",1.0,2,DETERIORATING,1.0,1.0,0.0,NO_TARGET_CHANGE,,"HISTORICAL UK RETAIL, ISA, ACCOUNT AND BROKER ELIGIBILITY REMAIN PARTLY UNRESOLVED"
ABLATION_SCALE_IN_ONLY,WEEKLY,2024-01-19,GLOBAL_AI,OTHER,,"{""GLOBAL_AI"": 1.0}","{""GLOBAL_AI"": 1.0}",1.0,3,MATURE,1.0,1.0,0.0,NO_TARGET_CHANGE,,"HISTORICAL UK RETAIL, ISA, ACCOUNT AND BROKER ELIGIBILITY REMAIN PARTLY UNRESOLVED"
ABLATION_SCALE_IN_ONLY,WEEKLY,2024-01-26,GLOBAL_AI,OTHER,,"{""GLOBAL_AI"": 1.0}","{""GLOBAL_AI"": 1.0}",1.0,3,POSITIVE,1.0,1.0,0.0,NO_TARGET_CHANGE,,"HISTORICAL UK RETAIL, ISA, ACCOUNT AND BROKER ELIGIBILITY REMAIN PARTLY UNRESOLVED"
ABLATION_SCALE_IN_ONLY,WEEKLY,2024-01-31,GLOBAL_SEMICONDUCTORS,EXTENDED,,"{""GLOBAL_SEMICONDUCTORS"": 1.0}","{""GLOBAL_SEMICONDUCTORS"": 1.0}",1.0,3,POSITIVE,1.0,1.0,0.0,PLANNED,2024-02-01,"HISTORICAL UK RETAIL, ISA, ACCOUNT AND BROKER ELIGIBILITY REMAIN PARTLY UNRESOLVED"
ABLATION_SCALE_IN_ONLY,WEEKLY,2024-02-02,GLOBAL_SEMICONDUCTORS,CONFIRMING,,"{""GLOBAL_SEMICONDUCTORS"": 1.0}","{""GLOBAL_SEMICONDUCTORS"": 1.0}",1.0,3,POSITIVE,1.0,1.0,0.0,NO_TARGET_CHANGE,,"HISTORICAL UK RETAIL, ISA, ACCOUNT AND BROKER ELIGIBILITY REMAIN PARTLY UNRESOLVED"
ABLATION_SCALE_IN_ONLY,WEEKLY,2024-02-09,GLOBAL_SEMICONDUCTORS,EXTENDED,,"{""GLOBAL_SEMICONDUCTORS"": 1.0}","{""GLOBAL_SEMICONDUCTORS"": 1.0}",1.0,3,POSITIVE,1.0,1.0,0.0,NO_TARGET_CHANGE,,"HISTORICAL UK RETAIL, ISA, ACCOUNT AND BROKER ELIGIBILITY REMAIN PARTLY UNRESOLVED"
ABLATION_SCALE_IN_ONLY,WEEKLY,2024-02-16,GLOBAL_SEMICONDUCTORS,EXTENDED,,"{""GLOBAL_SEMICONDUCTORS"": 1.0}","{""GLOBAL_SEMICONDUCTORS"": 1.0}",1.0,2,POSITIVE,1.0,1.0,0.0,NO_TARGET_CHANGE,,"HISTORICAL UK RETAIL, ISA, ACCOUNT AND BROKER ELIGIBILITY REMAIN PARTLY UNRESOLVED"
ABLATION_SCALE_IN_ONLY,WEEKLY,2024-02-23,GLOBAL_SEMICONDUCTORS,EXTENDED,,"{""GLOBAL_SEMICONDUCTORS"": 1.0}","{""GLOBAL_SEMICONDUCTORS"": 1.0}",1.0,2,POSITIVE,1.0,1.0,0.0,NO_TARGET_CHANGE,,"HISTORICAL UK RETAIL, ISA, ACCOUNT AND BROKER ELIGIBILITY REMAIN PARTLY UNRESOLVED"
ABLATION_SCALE_IN_ONLY,WEEKLY,2024-02-29,GLOBAL_SEMICONDUCTORS,EXTENDED,,"{""GLOBAL_SEMICONDUCTORS"": 1.0}","{""GLOBAL_SEMICONDUCTORS"": 1.0}",1.0,2,POSITIVE,1.0,1.0,0.0,NO_TARGET_CHANGE,,"HISTORICAL UK RETAIL, ISA, ACCOUNT AND BROKER ELIGIBILITY REMAIN PARTLY UNRESOLVED"
ABLATION_SCALE_IN_ONLY,WEEKLY,2024-03-01,GLOBAL_SEMICONDUCTORS,EXTENDED,,"{""GLOBAL_SEMICONDUCTORS"": 1.0}","{""GLOBAL_SEMICONDUCTORS"": 1.0}",1.0,3,POSITIVE,1.0,1.0,0.0,NO_TARGET_CHANGE,,"HISTORICAL UK RETAIL, ISA, ACCOUNT AND BROKER ELIGIBILITY REMAIN PARTLY UNRESOLVED"
ABLATION_SCALE_IN_ONLY,WEEKLY,2024-03-08,GLOBAL_SEMICONDUCTORS,EXTENDED,,"{""GLOBAL_SEMICONDUCTORS"": 1.0}","{""GLOBAL_SEMICONDUCTORS"": 1.0}",1.0,2,POSITIVE,1.0,1.0,0.0,NO_TARGET_CHANGE,,"HISTORICAL UK RETAIL, ISA, ACCOUNT AND BROKER ELIGIBILITY REMAIN PARTLY UNRESOLVED"
ABLATION_SCALE_IN_ONLY,WEEKLY,2024-03-15,GLOBAL_SEMICONDUCTORS,EXTENDED,,"{""GLOBAL_SEMICONDUCTORS"": 1.0}","{""GLOBAL_SEMICONDUCTORS"": 1.0}",1.0,2,POSITIVE,1.0,1.0,0.0,NO_TARGET_CHANGE,,"HISTORICAL UK RETAIL, ISA, ACCOUNT AND BROKER ELIGIBILITY REMAIN PARTLY UNRESOLVED"
ABLATION_SCALE_IN_ONLY,WEEKLY,2024-03-22,GLOBAL_SEMICONDUCTORS,EXTENDED,,"{""GLOBAL_SEMICONDUCTORS"": 1.0}","{""GLOBAL_SEMICONDUCTORS"": 1.0}",1.0,2,POSITIVE,1.0,1.0,0.0,NO_TARGET_CHANGE,,"HISTORICAL UK RETAIL, ISA, ACCOUNT AND BROKER ELIGIBILITY REMAIN PARTLY UNRESOLVED"
ABLATION_SCALE_IN_ONLY,WEEKLY,2024-03-28,GLOBAL_SEMICONDUCTORS,EXTENDED,,"{""GLOBAL_SEMICONDUCTORS"": 1.0}","{""GLOBAL_SEMICONDUCTORS"": 1.0}",1.0,2,POSITIVE,1.0,1.0,0.0,NO_TARGET_CHANGE,,"HISTORICAL UK RETAIL, ISA, ACCOUNT AND BROKER ELIGIBILITY REMAIN PARTLY UNRESOLVED"
ABLATION_SCALE_IN_ONLY,WEEKLY,2024-04-05,GLOBAL_SEMICONDUCTORS,WEAKENING,,"{""GLOBAL_SEMICONDUCTORS"": 1.0}","{""GLOBAL_SEMICONDUCTORS"": 1.0}",1.0,4,STRONG,1.0,1.0,0.0,NO_TARGET_CHANGE,,"HISTORICAL UK RETAIL, ISA, ACCOUNT AND BROKER ELIGIBILITY REMAIN PARTLY UNRESOLVED"
ABLATION_SCALE_IN_ONLY,WEEKLY,2024-04-12,GLOBAL_SEMICONDUCTORS,WEAKENING,,"{""GLOBAL_SEMICONDUCTORS"": 1.0}","{""GLOBAL_SEMICONDUCTORS"": 1.0}",1.0,4,STRONG,1.0,1.0,0.0,NO_TARGET_CHANGE,,"HISTORICAL UK RETAIL, ISA, ACCOUNT AND BROKER ELIGIBILITY REMAIN PARTLY UNRESOLVED"
ABLATION_SCALE_IN_ONLY,WEEKLY,2024-04-19,GLOBAL_SEMICONDUCTORS,WEAKENING,,"{""GLOBAL_SEMICONDUCTORS"": 1.0}","{""GLOBAL_SEMICONDUCTORS"": 1.0}",1.0,5,STRONG,1.0,1.0,0.0,NO_TARGET_CHANGE,,"HISTORICAL UK RETAIL, ISA, ACCOUNT AND BROKER ELIGIBILITY REMAIN PARTLY UNRESOLVED"
ABLATION_SCALE_IN_ONLY,WEEKLY,2024-04-26,GLOBAL_SEMICONDUCTORS,WEAKENING,,"{""GLOBAL_SEMICONDUCTORS"": 1.0}","{""GLOBAL_SEMICONDUCTORS"": 1.0}",1.0,5,STRONG,1.0,1.0,0.0,NO_TARGET_CHANGE,,"HISTORICAL UK RETAIL, ISA, ACCOUNT AND BROKER ELIGIBILITY REMAIN PARTLY UNRESOLVED"
ABLATION_SCALE_IN_ONLY,WEEKLY,2024-04-30,EUROPE_BANKS,EXTENDED,,"{""EUROPE_BANKS"": 1.0}","{""EUROPE_BANKS"": 1.0}",1.0,5,STRONG,1.0,1.0,0.0,PLANNED,2024-05-01,"HISTORICAL UK RETAIL, ISA, ACCOUNT AND BROKER ELIGIBILITY REMAIN PARTLY UNRESOLVED"
ABLATION_SCALE_IN_ONLY,WEEKLY,2024-05-03,EUROPE_BANKS,EXTENDED,,"{""EUROPE_BANKS"": 1.0}","{""EUROPE_BANKS"": 1.0}",1.0,5,STRONG,1.0,1.0,0.0,NO_TARGET_CHANGE,,"HISTORICAL UK RETAIL, ISA, ACCOUNT AND BROKER ELIGIBILITY REMAIN PARTLY UNRESOLVED"
ABLATION_SCALE_IN_ONLY,WEEKLY,2024-05-10,EUROPE_BANKS,EXTENDED,,"{""EUROPE_BANKS"": 1.0}","{""EUROPE_BANKS"": 1.0}",1.0,4,MATURE,1.0,1.0,0.0,NO_TARGET_CHANGE,,"HISTORICAL UK RETAIL, ISA, ACCOUNT AND BROKER ELIGIBILITY REMAIN PARTLY UNRESOLVED"
ABLATION_SCALE_IN_ONLY,WEEKLY,2024-05-17,EUROPE_BANKS,EXTENDED,,"{""EUROPE_BANKS"": 1.0}","{""EUROPE_BANKS"": 1.0}",1.0,4,MATURE,1.0,1.0,0.0,NO_TARGET_CHANGE,,"HISTORICAL UK RETAIL, ISA, ACCOUNT AND BROKER ELIGIBILITY REMAIN PARTLY UNRESOLVED"
ABLATION_SCALE_IN_ONLY,WEEKLY,2024-05-24,EUROPE_BANKS,EXTENDED,,"{""EUROPE_BANKS"": 1.0}","{""EUROPE_BANKS"": 1.0}",1.0,4,MATURE,1.0,1.0,0.0,NO_TARGET_CHANGE,,"HISTORICAL UK RETAIL, ISA, ACCOUNT AND BROKER ELIGIBILITY REMAIN PARTLY UNRESOLVED"
ABLATION_SCALE_IN_ONLY,WEEKLY,2024-05-31,EUROPE_BANKS,EXTENDED,,"{""EUROPE_BANKS"": 1.0}","{""EUROPE_BANKS"": 1.0}",1.0,4,MATURE,1.0,1.0,0.0,NO_TARGET_CHANGE,,"HISTORICAL UK RETAIL, ISA, ACCOUNT AND BROKER ELIGIBILITY REMAIN PARTLY UNRESOLVED"
ABLATION_SCALE_IN_ONLY,WEEKLY,2024-06-07,EUROPE_BANKS,ESTABLISHED,,"{""EUROPE_BANKS"": 1.0}","{""EUROPE_BANKS"": 1.0}",1.0,2,DETERIORATING,1.0,1.0,0.0,NO_TARGET_CHANGE,,"HISTORICAL UK RETAIL, ISA, ACCOUNT AND BROKER ELIGIBILITY REMAIN PARTLY UNRESOLVED"
ABLATION_SCALE_IN_ONLY,WEEKLY,2024-06-14,EUROPE_BANKS,FAILED,,"{""EUROPE_BANKS"": 1.0}","{""EUROPE_BANKS"": 1.0}",1.0,1,DETERIORATING,1.0,1.0,0.0,NO_TARGET_CHANGE,,"HISTORICAL UK RETAIL, ISA, ACCOUNT AND BROKER ELIGIBILITY REMAIN PARTLY UNRESOLVED"
ABLATION_SCALE_IN_ONLY,WEEKLY,2024-06-21,EUROPE_BANKS,WEAKENING,,"{""EUROPE_BANKS"": 1.0}","{""EUROPE_BANKS"": 1.0}",1.0,2,DETERIORATING,1.0,1.0,0.0,NO_TARGET_CHANGE,,"HISTORICAL UK RETAIL, ISA, ACCOUNT AND BROKER ELIGIBILITY REMAIN PARTLY UNRESOLVED"
ABLATION_SCALE_IN_ONLY,WEEKLY,2024-06-28,GLOBAL_SEMICONDUCTORS,ESTABLISHED,,"{""GLOBAL_SEMICONDUCTORS"": 1.0}","{""GLOBAL_SEMICONDUCTORS"": 1.0}",1.0,1,DETERIORATING,1.0,1.0,0.0,PLANNED,2024-07-01,"HISTORICAL UK RETAIL, ISA, ACCOUNT AND BROKER ELIGIBILITY REMAIN PARTLY UNRESOLVED"
ABLATION_SCALE_IN_ONLY,WEEKLY,2024-07-05,GLOBAL_SEMICONDUCTORS,EXTENDED,,"{""GLOBAL_SEMICONDUCTORS"": 1.0}","{""GLOBAL_SEMICONDUCTORS"": 1.0}",1.0,2,DETERIORATING,1.0,1.0,0.0,NO_TARGET_CHANGE,,"HISTORICAL UK RETAIL, ISA, ACCOUNT AND BROKER ELIGIBILITY REMAIN PARTLY UNRESOLVED"
ABLATION_SCALE_IN_ONLY,WEEKLY,2024-07-12,GLOBAL_SEMICONDUCTORS,EXTENDED,,"{""GLOBAL_SEMICONDUCTORS"": 1.0}","{""GLOBAL_SEMICONDUCTORS"": 1.0}",1.0,2,DETERIORATING,1.0,1.0,0.0,NO_TARGET_CHANGE,,"HISTORICAL UK RETAIL, ISA, ACCOUNT AND BROKER ELIGIBILITY REMAIN PARTLY UNRESOLVED"
ABLATION_SCALE_IN_ONLY,WEEKLY,2024-07-19,GLOBAL_SEMICONDUCTORS,WEAKENING,GLOBAL_GENOMICS,"{""GLOBAL_GENOMICS"": 0.25, ""GLOBAL_SEMICONDUCTORS"": 0.75}","{""GLOBAL_GENOMICS"": 0.25, ""GLOBAL_SEMICONDUCTORS"": 0.75}",1.0,3,MATURE,1.0,1.0,0.0,PLANNED,2024-07-22,"HISTORICAL UK RETAIL, ISA, ACCOUNT AND BROKER ELIGIBILITY REMAIN PARTLY UNRESOLVED"
ABLATION_SCALE_IN_ONLY,WEEKLY,2024-07-26,GLOBAL_SEMICONDUCTORS,WEAKENING,GLOBAL_GENOMICS,"{""GLOBAL_GENOMICS"": 0.25, ""GLOBAL_SEMICONDUCTORS"": 0.75}","{""GLOBAL_GENOMICS"": 0.25, ""GLOBAL_SEMICONDUCTORS"": 0.75}",1.0,3,MATURE,1.0,1.0,0.0,NO_TARGET_CHANGE,,"HISTORICAL UK RETAIL, ISA, ACCOUNT AND BROKER ELIGIBILITY REMAIN PARTLY UNRESOLVED"
ABLATION_SCALE_IN_ONLY,WEEKLY,2024-07-31,GLOBAL_GOLD_MINERS,ESTABLISHED,,"{""GLOBAL_GOLD_MINERS"": 1.0}","{""GLOBAL_GOLD_MINERS"": 1.0}",1.0,3,MATURE,1.0,1.0,0.0,PLANNED,2024-08-01,"HISTORICAL UK RETAIL, ISA, ACCOUNT AND BROKER ELIGIBILITY REMAIN PARTLY UNRESOLVED"
ABLATION_SCALE_IN_ONLY,WEEKLY,2024-08-02,GLOBAL_GOLD_MINERS,ESTABLISHED,,"{""GLOBAL_GOLD_MINERS"": 1.0}","{""GLOBAL_GOLD_MINERS"": 1.0}",1.0,2,POSITIVE,1.0,1.0,0.0,NO_TARGET_CHANGE,,"HISTORICAL UK RETAIL, ISA, ACCOUNT AND BROKER ELIGIBILITY REMAIN PARTLY UNRESOLVED"
ABLATION_SCALE_IN_ONLY,WEEKLY,2024-08-09,GLOBAL_GOLD_MINERS,ESTABLISHED,,"{""GLOBAL_GOLD_MINERS"": 1.0}","{""GLOBAL_GOLD_MINERS"": 1.0}",1.0,3,POSITIVE,1.0,1.0,0.0,NO_TARGET_CHANGE,,"HISTORICAL UK RETAIL, ISA, ACCOUNT AND BROKER ELIGIBILITY REMAIN PARTLY UNRESOLVED"
ABLATION_SCALE_IN_ONLY,WEEKLY,2024-08-16,GLOBAL_GOLD_MINERS,ESTABLISHED,,"{""GLOBAL_GOLD_MINERS"": 1.0}","{""GLOBAL_GOLD_MINERS"": 1.0}",1.0,3,POSITIVE,1.0,1.0,0.0,NO_TARGET_CHANGE,,"HISTORICAL UK RETAIL, ISA, ACCOUNT AND BROKER ELIGIBILITY REMAIN PARTLY UNRESOLVED"
ABLATION_SCALE_IN_ONLY,WEEKLY,2024-08-23,GLOBAL_GOLD_MINERS,ESTABLISHED,,"{""GLOBAL_GOLD_MINERS"": 1.0}","{""GLOBAL_GOLD_MINERS"": 1.0}",1.0,3,POSITIVE,1.0,1.0,0.0,NO_TARGET_CHANGE,,"HISTORICAL UK RETAIL, ISA, ACCOUNT AND BROKER ELIGIBILITY REMAIN PARTLY UNRESOLVED"
ABLATION_SCALE_IN_ONLY,WEEKLY,2024-08-30,GLOBAL_GOLD_MINERS,ESTABLISHED,,"{""GLOBAL_GOLD_MINERS"": 1.0}","{""GLOBAL_GOLD_MINERS"": 1.0}",1.0,2,POSITIVE,1.0,1.0,0.0,NO_TARGET_CHANGE,,"HISTORICAL UK RETAIL, ISA, ACCOUNT AND BROKER ELIGIBILITY REMAIN PARTLY UNRESOLVED"
ABLATION_SCALE_IN_ONLY,WEEKLY,2024-09-06,GLOBAL_GOLD_MINERS,ESTABLISHED,,"{""GLOBAL_GOLD_MINERS"": 1.0}","{""GLOBAL_GOLD_MINERS"": 1.0}",1.0,3,POSITIVE,1.0,1.0,0.0,NO_TARGET_CHANGE,,"HISTORICAL UK RETAIL, ISA, ACCOUNT AND BROKER ELIGIBILITY REMAIN PARTLY UNRESOLVED"
ABLATION_SCALE_IN_ONLY,WEEKLY,2024-09-13,GLOBAL_GOLD_MINERS,EXTENDED,,"{""GLOBAL_GOLD_MINERS"": 1.0}","{""GLOBAL_GOLD_MINERS"": 1.0}",1.0,4,STRONG,1.0,1.0,0.0,NO_TARGET_CHANGE,,"HISTORICAL UK RETAIL, ISA, ACCOUNT AND BROKER ELIGIBILITY REMAIN PARTLY UNRESOLVED"
ABLATION_SCALE_IN_ONLY,WEEKLY,2024-09-20,GLOBAL_GOLD_MINERS,ESTABLISHED,,"{""GLOBAL_GOLD_MINERS"": 1.0}","{""GLOBAL_GOLD_MINERS"": 1.0}",1.0,3,MATURE,1.0,1.0,0.0,NO_TARGET_CHANGE,,"HISTORICAL UK RETAIL, ISA, ACCOUNT AND BROKER ELIGIBILITY REMAIN PARTLY UNRESOLVED"
ABLATION_SCALE_IN_ONLY,WEEKLY,2024-09-27,GLOBAL_GOLD_MINERS,ESTABLISHED,,"{""GLOBAL_GOLD_MINERS"": 1.0}","{""GLOBAL_GOLD_MINERS"": 1.0}",1.0,4,STRONG,1.0,1.0,0.0,NO_TARGET_CHANGE,,"HISTORICAL UK RETAIL, ISA, ACCOUNT AND BROKER ELIGIBILITY REMAIN PARTLY UNRESOLVED"
ABLATION_SCALE_IN_ONLY,WEEKLY,2024-09-30,GLOBAL_GOLD_MINERS,WEAKENING,,"{""GLOBAL_GOLD_MINERS"": 1.0}","{""GLOBAL_GOLD_MINERS"": 1.0}",1.0,4,STRONG,1.0,1.0,0.0,NO_TARGET_CHANGE,,"HISTORICAL UK RETAIL, ISA, ACCOUNT AND BROKER ELIGIBILITY REMAIN PARTLY UNRESOLVED"
ABLATION_SCALE_IN_ONLY,WEEKLY,2024-10-04,GLOBAL_GOLD_MINERS,WEAKENING,,"{""GLOBAL_GOLD_MINERS"": 1.0}","{""GLOBAL_GOLD_MINERS"": 1.0}",1.0,3,MATURE,1.0,1.0,0.0,NO_TARGET_CHANGE,,"HISTORICAL UK RETAIL, ISA, ACCOUNT AND BROKER ELIGIBILITY REMAIN PARTLY UNRESOLVED"
ABLATION_SCALE_IN_ONLY,WEEKLY,2024-10-11,GLOBAL_GOLD_MINERS,WEAKENING,,"{""GLOBAL_GOLD_MINERS"": 1.0}","{""GLOBAL_GOLD_MINERS"": 1.0}",1.0,3,MATURE,1.0,1.0,0.0,NO_TARGET_CHANGE,,"HISTORICAL UK RETAIL, ISA, ACCOUNT AND BROKER ELIGIBILITY REMAIN PARTLY UNRESOLVED"
ABLATION_SCALE_IN_ONLY,WEEKLY,2024-10-18,GLOBAL_GOLD_MINERS,ESTABLISHED,,"{""GLOBAL_GOLD_MINERS"": 1.0}","{""GLOBAL_GOLD_MINERS"": 1.0}",1.0,3,MATURE,1.0,1.0,0.0,NO_TARGET_CHANGE,,"HISTORICAL UK RETAIL, ISA, ACCOUNT AND BROKER ELIGIBILITY REMAIN PARTLY UNRESOLVED"
ABLATION_SCALE_IN_ONLY,WEEKLY,2024-10-25,GLOBAL_GOLD_MINERS,OTHER,,"{""GLOBAL_GOLD_MINERS"": 1.0}","{""GLOBAL_GOLD_MINERS"": 1.0}",1.0,2,DETERIORATING,1.0,1.0,0.0,NO_TARGET_CHANGE,,"HISTORICAL UK RETAIL, ISA, ACCOUNT AND BROKER ELIGIBILITY REMAIN PARTLY UNRESOLVED"
ABLATION_SCALE_IN_ONLY,WEEKLY,2024-10-31,GLOBAL_GOLD_MINERS,ESTABLISHED,,"{""GLOBAL_GOLD_MINERS"": 1.0}","{""GLOBAL_GOLD_MINERS"": 1.0}",1.0,2,DETERIORATING,1.0,1.0,0.0,NO_TARGET_CHANGE,,"HISTORICAL UK RETAIL, ISA, ACCOUNT AND BROKER ELIGIBILITY REMAIN PARTLY UNRESOLVED"
ABLATION_SCALE_IN_ONLY,WEEKLY,2024-11-01,GLOBAL_GOLD_MINERS,ESTABLISHED,,"{""GLOBAL_GOLD_MINERS"": 1.0}","{""GLOBAL_GOLD_MINERS"": 1.0}",1.0,4,STRONG,1.0,1.0,0.0,NO_TARGET_CHANGE,,"HISTORICAL UK RETAIL, ISA, ACCOUNT AND BROKER ELIGIBILITY REMAIN PARTLY UNRESOLVED"
ABLATION_SCALE_IN_ONLY,WEEKLY,2024-11-08,GLOBAL_GOLD_MINERS,OTHER,,"{""GLOBAL_GOLD_MINERS"": 1.0}","{""GLOBAL_GOLD_MINERS"": 1.0}",1.0,3,MATURE,1.0,1.0,0.0,NO_TARGET_CHANGE,,"HISTORICAL UK RETAIL, ISA, ACCOUNT AND BROKER ELIGIBILITY REMAIN PARTLY UNRESOLVED"
ABLATION_SCALE_IN_ONLY,WEEKLY,2024-11-15,GLOBAL_GOLD_MINERS,FAILED,,"{""GLOBAL_GOLD_MINERS"": 1.0}","{""GLOBAL_GOLD_MINERS"": 1.0}",1.0,2,DETERIORATING,1.0,1.0,0.0,NO_TARGET_CHANGE,,"HISTORICAL UK RETAIL, ISA, ACCOUNT AND BROKER ELIGIBILITY REMAIN PARTLY UNRESOLVED"
ABLATION_SCALE_IN_ONLY,WEEKLY,2024-11-22,GLOBAL_GOLD_MINERS,FAILED,,"{""GLOBAL_GOLD_MINERS"": 1.0}","{""GLOBAL_GOLD_MINERS"": 1.0}",1.0,3,MATURE,1.0,1.0,0.0,NO_TARGET_CHANGE,,"HISTORICAL UK RETAIL, ISA, ACCOUNT AND BROKER ELIGIBILITY REMAIN PARTLY UNRESOLVED"
ABLATION_SCALE_IN_ONLY,WEEKLY,2024-11-29,GLOBAL_SOFTWARE,EXTENDED,,"{""GLOBAL_SOFTWARE"": 1.0}","{""GLOBAL_SOFTWARE"": 1.0}",1.0,3,MATURE,1.0,1.0,0.0,PLANNED,2024-12-02,"HISTORICAL UK RETAIL, ISA, ACCOUNT AND BROKER ELIGIBILITY REMAIN PARTLY UNRESOLVED"
ABLATION_SCALE_IN_ONLY,WEEKLY,2024-12-06,GLOBAL_SOFTWARE,EXTENDED,,"{""GLOBAL_SOFTWARE"": 1.0}","{""GLOBAL_SOFTWARE"": 1.0}",1.0,3,MATURE,1.0,1.0,0.0,NO_TARGET_CHANGE,,"HISTORICAL UK RETAIL, ISA, ACCOUNT AND BROKER ELIGIBILITY REMAIN PARTLY UNRESOLVED"
ABLATION_SCALE_IN_ONLY,WEEKLY,2024-12-13,GLOBAL_SOFTWARE,EXTENDED,,"{""GLOBAL_SOFTWARE"": 1.0}","{""GLOBAL_SOFTWARE"": 1.0}",1.0,3,MATURE,1.0,1.0,0.0,NO_TARGET_CHANGE,,"HISTORICAL UK RETAIL, ISA, ACCOUNT AND BROKER ELIGIBILITY REMAIN PARTLY UNRESOLVED"
ABLATION_SCALE_IN_ONLY,WEEKLY,2024-12-20,GLOBAL_SOFTWARE,EXTENDED,,"{""GLOBAL_SOFTWARE"": 1.0}","{""GLOBAL_SOFTWARE"": 1.0}",1.0,3,MATURE,1.0,1.0,0.0,NO_TARGET_CHANGE,,"HISTORICAL UK RETAIL, ISA, ACCOUNT AND BROKER ELIGIBILITY REMAIN PARTLY UNRESOLVED"
ABLATION_SCALE_IN_ONLY,WEEKLY,2024-12-27,GLOBAL_SOFTWARE,EXTENDED,,"{""GLOBAL_SOFTWARE"": 1.0}","{""GLOBAL_SOFTWARE"": 1.0}",1.0,2,DETERIORATING,1.0,1.0,0.0,NO_TARGET_CHANGE,,"HISTORICAL UK RETAIL, ISA, ACCOUNT AND BROKER ELIGIBILITY REMAIN PARTLY UNRESOLVED"
ABLATION_SCALE_IN_ONLY,WEEKLY,2024-12-31,GLOBAL_SOFTWARE,EXTENDED,,"{""GLOBAL_SOFTWARE"": 1.0}","{""GLOBAL_SOFTWARE"": 1.0}",1.0,2,DETERIORATING,1.0,1.0,0.0,NO_TARGET_CHANGE,,"HISTORICAL UK RETAIL, ISA, ACCOUNT AND BROKER ELIGIBILITY REMAIN PARTLY UNRESOLVED"
ABLATION_SCALE_IN_ONLY,WEEKLY,2025-01-03,GLOBAL_SOFTWARE,EXTENDED,,"{""GLOBAL_SOFTWARE"": 1.0}","{""GLOBAL_SOFTWARE"": 1.0}",1.0,2,POSITIVE,1.0,1.0,0.0,NO_TARGET_CHANGE,,"HISTORICAL UK RETAIL, ISA, ACCOUNT AND BROKER ELIGIBILITY REMAIN PARTLY UNRESOLVED"
ABLATION_SCALE_IN_ONLY,WEEKLY,2025-01-10,GLOBAL_SOFTWARE,WEAKENING,,"{""GLOBAL_SOFTWARE"": 1.0}","{""GLOBAL_SOFTWARE"": 1.0}",1.0,1,POSITIVE,1.0,1.0,0.0,NO_TARGET_CHANGE,,"HISTORICAL UK RETAIL, ISA, ACCOUNT AND BROKER ELIGIBILITY REMAIN PARTLY UNRESOLVED"
ABLATION_SCALE_IN_ONLY,WEEKLY,2025-01-17,GLOBAL_SOFTWARE,WEAKENING,,"{""GLOBAL_SOFTWARE"": 1.0}","{""GLOBAL_SOFTWARE"": 1.0}",1.0,2,POSITIVE,1.0,1.0,0.0,NO_TARGET_CHANGE,,"HISTORICAL UK RETAIL, ISA, ACCOUNT AND BROKER ELIGIBILITY REMAIN PARTLY UNRESOLVED"
ABLATION_SCALE_IN_ONLY,WEEKLY,2025-01-24,GLOBAL_SOFTWARE,WEAKENING,,"{""GLOBAL_SOFTWARE"": 1.0}","{""GLOBAL_SOFTWARE"": 1.0}",1.0,2,POSITIVE,1.0,1.0,0.0,NO_TARGET_CHANGE,,"HISTORICAL UK RETAIL, ISA, ACCOUNT AND BROKER ELIGIBILITY REMAIN PARTLY UNRESOLVED"
ABLATION_SCALE_IN_ONLY,WEEKLY,2025-01-31,GLOBAL_SOFTWARE,WEAKENING,,"{""GLOBAL_SOFTWARE"": 1.0}","{""GLOBAL_SOFTWARE"": 1.0}",1.0,2,POSITIVE,1.0,1.0,0.0,NO_TARGET_CHANGE,,"HISTORICAL UK RETAIL, ISA, ACCOUNT AND BROKER ELIGIBILITY REMAIN PARTLY UNRESOLVED"
ABLATION_SCALE_IN_ONLY,WEEKLY,2025-02-07,GLOBAL_SOFTWARE,OTHER,,"{""GLOBAL_SOFTWARE"": 1.0}","{""GLOBAL_SOFTWARE"": 1.0}",1.0,3,POSITIVE,1.0,1.0,0.0,NO_TARGET_CHANGE,,"HISTORICAL UK RETAIL, ISA, ACCOUNT AND BROKER ELIGIBILITY REMAIN PARTLY UNRESOLVED"
ABLATION_SCALE_IN_ONLY,WEEKLY,2025-02-14,GLOBAL_SOFTWARE,OTHER,,"{""GLOBAL_SOFTWARE"": 1.0}","{""GLOBAL_SOFTWARE"": 1.0}",1.0,3,POSITIVE,1.0,1.0,0.0,NO_TARGET_CHANGE,,"HISTORICAL UK RETAIL, ISA, ACCOUNT AND BROKER ELIGIBILITY REMAIN PARTLY UNRESOLVED"
ABLATION_SCALE_IN_ONLY,WEEKLY,2025-02-21,GLOBAL_SOFTWARE,FAILED,,"{""GLOBAL_SOFTWARE"": 1.0}","{""GLOBAL_SOFTWARE"": 1.0}",1.0,4,STRONG,1.0,1.0,0.0,NO_TARGET_CHANGE,,"HISTORICAL UK RETAIL, ISA, ACCOUNT AND BROKER ELIGIBILITY REMAIN PARTLY UNRESOLVED"
ABLATION_SCALE_IN_ONLY,WEEKLY,2025-02-28,EUROPE_BANKS,EXTENDED,,"{""EUROPE_BANKS"": 1.0}","{""EUROPE_BANKS"": 1.0}",1.0,4,STRONG,1.0,1.0,0.0,PLANNED,2025-03-03,"HISTORICAL UK RETAIL, ISA, ACCOUNT AND BROKER ELIGIBILITY REMAIN PARTLY UNRESOLVED"
ABLATION_SCALE_IN_ONLY,WEEKLY,2025-03-07,EUROPE_BANKS,EXTENDED,,"{""EUROPE_BANKS"": 1.0}","{""EUROPE_BANKS"": 1.0}",1.0,4,STRONG,1.0,1.0,0.0,NO_TARGET_CHANGE,,"HISTORICAL UK RETAIL, ISA, ACCOUNT AND BROKER ELIGIBILITY REMAIN PARTLY UNRESOLVED"
ABLATION_SCALE_IN_ONLY,WEEKLY,2025-03-14,EUROPE_BANKS,EXTENDED,,"{""EUROPE_BANKS"": 1.0}","{""EUROPE_BANKS"": 1.0}",1.0,4,STRONG,1.0,1.0,0.0,NO_TARGET_CHANGE,,"HISTORICAL UK RETAIL, ISA, ACCOUNT AND BROKER ELIGIBILITY REMAIN PARTLY UNRESOLVED"
ABLATION_SCALE_IN_ONLY,WEEKLY,2025-03-21,EUROPE_BANKS,EXTENDED,,"{""EUROPE_BANKS"": 1.0}","{""EUROPE_BANKS"": 1.0}",1.0,4,STRONG,1.0,1.0,0.0,NO_TARGET_CHANGE,,"HISTORICAL UK RETAIL, ISA, ACCOUNT AND BROKER ELIGIBILITY REMAIN PARTLY UNRESOLVED"
ABLATION_SCALE_IN_ONLY,WEEKLY,2025-03-28,EUROPE_BANKS,OTHER,,"{""EUROPE_BANKS"": 1.0}","{""EUROPE_BANKS"": 1.0}",1.0,4,STRONG,1.0,1.0,0.0,NO_TARGET_CHANGE,,"HISTORICAL UK RETAIL, ISA, ACCOUNT AND BROKER ELIGIBILITY REMAIN PARTLY UNRESOLVED"
ABLATION_SCALE_IN_ONLY,WEEKLY,2025-03-31,GLOBAL_GOLD_MINERS,EXTENDED,,"{""GLOBAL_GOLD_MINERS"": 1.0}","{""GLOBAL_GOLD_MINERS"": 1.0}",1.0,4,STRONG,1.0,1.0,0.0,PLANNED,2025-04-01,"HISTORICAL UK RETAIL, ISA, ACCOUNT AND BROKER ELIGIBILITY REMAIN PARTLY UNRESOLVED"
ABLATION_SCALE_IN_ONLY,WEEKLY,2025-04-04,GLOBAL_GOLD_MINERS,EXTENDED,,"{""GLOBAL_GOLD_MINERS"": 1.0}","{""GLOBAL_GOLD_MINERS"": 1.0}",1.0,2,HOSTILE,1.0,1.0,0.0,NO_TARGET_CHANGE,,"HISTORICAL UK RETAIL, ISA, ACCOUNT AND BROKER ELIGIBILITY REMAIN PARTLY UNRESOLVED"
ABLATION_SCALE_IN_ONLY,WEEKLY,2025-04-11,GLOBAL_GOLD_MINERS,EXTENDED,,"{""GLOBAL_GOLD_MINERS"": 1.0}","{""GLOBAL_GOLD_MINERS"": 1.0}",1.0,2,HOSTILE,1.0,1.0,0.0,NO_TARGET_CHANGE,,"HISTORICAL UK RETAIL, ISA, ACCOUNT AND BROKER ELIGIBILITY REMAIN PARTLY UNRESOLVED"
ABLATION_SCALE_IN_ONLY,WEEKLY,2025-04-17,GLOBAL_GOLD_MINERS,EXTENDED,,"{""GLOBAL_GOLD_MINERS"": 1.0}","{""GLOBAL_GOLD_MINERS"": 1.0}",1.0,2,HOSTILE,1.0,1.0,0.0,NO_TARGET_CHANGE,,"HISTORICAL UK RETAIL, ISA, ACCOUNT AND BROKER ELIGIBILITY REMAIN PARTLY UNRESOLVED"
ABLATION_SCALE_IN_ONLY,WEEKLY,2025-04-25,GLOBAL_GOLD_MINERS,EXTENDED,,"{""GLOBAL_GOLD_MINERS"": 1.0}","{""GLOBAL_GOLD_MINERS"": 1.0}",1.0,2,HOSTILE,1.0,1.0,0.0,NO_TARGET_CHANGE,,"HISTORICAL UK RETAIL, ISA, ACCOUNT AND BROKER ELIGIBILITY REMAIN PARTLY UNRESOLVED"
ABLATION_SCALE_IN_ONLY,WEEKLY,2025-04-30,GLOBAL_GOLD_MINERS,EXTENDED,,"{""GLOBAL_GOLD_MINERS"": 1.0}","{""GLOBAL_GOLD_MINERS"": 1.0}",1.0,2,HOSTILE,1.0,1.0,0.0,NO_TARGET_CHANGE,,"HISTORICAL UK RETAIL, ISA, ACCOUNT AND BROKER ELIGIBILITY REMAIN PARTLY UNRESOLVED"
ABLATION_SCALE_IN_ONLY,WEEKLY,2025-05-02,GLOBAL_GOLD_MINERS,OTHER,,"{""GLOBAL_GOLD_MINERS"": 1.0}","{""GLOBAL_GOLD_MINERS"": 1.0}",1.0,2,HOSTILE,1.0,1.0,0.0,NO_TARGET_CHANGE,,"HISTORICAL UK RETAIL, ISA, ACCOUNT AND BROKER ELIGIBILITY REMAIN PARTLY UNRESOLVED"
ABLATION_SCALE_IN_ONLY,WEEKLY,2025-05-09,GLOBAL_GOLD_MINERS,OTHER,,"{""GLOBAL_GOLD_MINERS"": 1.0}","{""GLOBAL_GOLD_MINERS"": 1.0}",1.0,2,HOSTILE,1.0,1.0,0.0,NO_TARGET_CHANGE,,"HISTORICAL UK RETAIL, ISA, ACCOUNT AND BROKER ELIGIBILITY REMAIN PARTLY UNRESOLVED"
ABLATION_SCALE_IN_ONLY,WEEKLY,2025-05-16,GLOBAL_GOLD_MINERS,WEAKENING,,"{""GLOBAL_GOLD_MINERS"": 1.0}","{""GLOBAL_GOLD_MINERS"": 1.0}",1.0,3,MATURE,1.0,1.0,0.0,NO_TARGET_CHANGE,,"HISTORICAL UK RETAIL, ISA, ACCOUNT AND BROKER ELIGIBILITY REMAIN PARTLY UNRESOLVED"
ABLATION_SCALE_IN_ONLY,WEEKLY,2025-05-23,GLOBAL_GOLD_MINERS,WEAKENING,,"{""GLOBAL_GOLD_MINERS"": 1.0}","{""GLOBAL_GOLD_MINERS"": 1.0}",1.0,2,HOSTILE,1.0,1.0,0.0,NO_TARGET_CHANGE,,"HISTORICAL UK RETAIL, ISA, ACCOUNT AND BROKER ELIGIBILITY REMAIN PARTLY UNRESOLVED"
ABLATION_SCALE_IN_ONLY,WEEKLY,2025-05-30,GLOBAL_GOLD_MINERS,WEAKENING,GLOBAL_URANIUM_NUCLEAR,"{""GLOBAL_GOLD_MINERS"": 0.75, ""GLOBAL_URANIUM_NUCLEAR"": 0.25}","{""GLOBAL_GOLD_MINERS"": 0.75, ""GLOBAL_URANIUM_NUCLEAR"": 0.25}",1.0,2,HOSTILE,1.0,1.0,0.0,PLANNED,2025-06-02,"HISTORICAL UK RETAIL, ISA, ACCOUNT AND BROKER ELIGIBILITY REMAIN PARTLY UNRESOLVED"
ABLATION_SCALE_IN_ONLY,WEEKLY,2025-06-06,GLOBAL_GOLD_MINERS,WEAKENING,,"{""GLOBAL_GOLD_MINERS"": 1.0}","{""GLOBAL_GOLD_MINERS"": 1.0}",1.0,4,STRONG,1.0,1.0,0.0,PLANNED,2025-06-09,"HISTORICAL UK RETAIL, ISA, ACCOUNT AND BROKER ELIGIBILITY REMAIN PARTLY UNRESOLVED"
ABLATION_SCALE_IN_ONLY,WEEKLY,2025-06-13,GLOBAL_GOLD_MINERS,WEAKENING,GLOBAL_URANIUM_NUCLEAR,"{""GLOBAL_GOLD_MINERS"": 0.75, ""GLOBAL_URANIUM_NUCLEAR"": 0.25}","{""GLOBAL_GOLD_MINERS"": 0.75, ""GLOBAL_URANIUM_NUCLEAR"": 0.25}",1.0,3,MATURE,1.0,1.0,0.0,PLANNED,2025-06-16,"HISTORICAL UK RETAIL, ISA, ACCOUNT AND BROKER ELIGIBILITY REMAIN PARTLY UNRESOLVED"
ABLATION_SCALE_IN_ONLY,WEEKLY,2025-06-20,GLOBAL_GOLD_MINERS,ESTABLISHED,GLOBAL_URANIUM_NUCLEAR,"{""GLOBAL_GOLD_MINERS"": 0.5, ""GLOBAL_URANIUM_NUCLEAR"": 0.5}","{""GLOBAL_GOLD_MINERS"": 0.5, ""GLOBAL_URANIUM_NUCLEAR"": 0.5}",1.0,3,MATURE,1.0,1.0,0.0,PLANNED,2025-06-23,"HISTORICAL UK RETAIL, ISA, ACCOUNT AND BROKER ELIGIBILITY REMAIN PARTLY UNRESOLVED"
ABLATION_SCALE_IN_ONLY,WEEKLY,2025-06-27,GLOBAL_GOLD_MINERS,WEAKENING,GLOBAL_URANIUM_NUCLEAR,"{""GLOBAL_GOLD_MINERS"": 0.5, ""GLOBAL_URANIUM_NUCLEAR"": 0.5}","{""GLOBAL_GOLD_MINERS"": 0.5, ""GLOBAL_URANIUM_NUCLEAR"": 0.5}",1.0,2,DETERIORATING,1.0,1.0,0.0,NO_TARGET_CHANGE,,"HISTORICAL UK RETAIL, ISA, ACCOUNT AND BROKER ELIGIBILITY REMAIN PARTLY UNRESOLVED"
ABLATION_SCALE_IN_ONLY,WEEKLY,2025-06-30,EUROPE_BANKS,WEAKENING,,"{""EUROPE_BANKS"": 1.0}","{""EUROPE_BANKS"": 1.0}",1.0,2,DETERIORATING,1.0,1.0,0.0,PLANNED,2025-07-01,"HISTORICAL UK RETAIL, ISA, ACCOUNT AND BROKER ELIGIBILITY REMAIN PARTLY UNRESOLVED"
ABLATION_SCALE_IN_ONLY,WEEKLY,2025-07-04,EUROPE_BANKS,OTHER,,"{""EUROPE_BANKS"": 1.0}","{""EUROPE_BANKS"": 1.0}",1.0,2,DETERIORATING,1.0,1.0,0.0,NO_TARGET_CHANGE,,"HISTORICAL UK RETAIL, ISA, ACCOUNT AND BROKER ELIGIBILITY REMAIN PARTLY UNRESOLVED"
ABLATION_SCALE_IN_ONLY,WEEKLY,2025-07-11,EUROPE_BANKS,OTHER,,"{""EUROPE_BANKS"": 1.0}","{""EUROPE_BANKS"": 1.0}",1.0,1,DETERIORATING,1.0,1.0,0.0,NO_TARGET_CHANGE,,"HISTORICAL UK RETAIL, ISA, ACCOUNT AND BROKER ELIGIBILITY REMAIN PARTLY UNRESOLVED"
ABLATION_SCALE_IN_ONLY,WEEKLY,2025-07-18,EUROPE_BANKS,WEAKENING,,"{""EUROPE_BANKS"": 1.0}","{""EUROPE_BANKS"": 1.0}",1.0,5,STRONG,1.0,1.0,0.0,NO_TARGET_CHANGE,,"HISTORICAL UK RETAIL, ISA, ACCOUNT AND BROKER ELIGIBILITY REMAIN PARTLY UNRESOLVED"
ABLATION_SCALE_IN_ONLY,WEEKLY,2025-07-25,EUROPE_BANKS,OTHER,,"{""EUROPE_BANKS"": 1.0}","{""EUROPE_BANKS"": 1.0}",1.0,4,MATURE,1.0,1.0,0.0,NO_TARGET_CHANGE,,"HISTORICAL UK RETAIL, ISA, ACCOUNT AND BROKER ELIGIBILITY REMAIN PARTLY UNRESOLVED"
ABLATION_SCALE_IN_ONLY,WEEKLY,2025-07-31,EUROPE_BANKS,ESTABLISHED,,"{""EUROPE_BANKS"": 1.0}","{""EUROPE_BANKS"": 1.0}",1.0,4,MATURE,1.0,1.0,0.0,NO_TARGET_CHANGE,,"HISTORICAL UK RETAIL, ISA, ACCOUNT AND BROKER ELIGIBILITY REMAIN PARTLY UNRESOLVED"
ABLATION_SCALE_IN_ONLY,WEEKLY,2025-08-01,EUROPE_BANKS,CONFIRMING,,"{""EUROPE_BANKS"": 1.0}","{""EUROPE_BANKS"": 1.0}",1.0,3,DETERIORATING,1.0,1.0,0.0,NO_TARGET_CHANGE,,"HISTORICAL UK RETAIL, ISA, ACCOUNT AND BROKER ELIGIBILITY REMAIN PARTLY UNRESOLVED"
ABLATION_SCALE_IN_ONLY,WEEKLY,2025-08-08,EUROPE_BANKS,ESTABLISHED,,"{""EUROPE_BANKS"": 1.0}","{""EUROPE_BANKS"": 1.0}",1.0,3,DETERIORATING,1.0,1.0,0.0,NO_TARGET_CHANGE,,"HISTORICAL UK RETAIL, ISA, ACCOUNT AND BROKER ELIGIBILITY REMAIN PARTLY UNRESOLVED"
ABLATION_SCALE_IN_ONLY,WEEKLY,2025-08-15,EUROPE_BANKS,ESTABLISHED,,"{""EUROPE_BANKS"": 1.0}","{""EUROPE_BANKS"": 1.0}",1.0,4,MATURE,1.0,1.0,0.0,NO_TARGET_CHANGE,,"HISTORICAL UK RETAIL, ISA, ACCOUNT AND BROKER ELIGIBILITY REMAIN PARTLY UNRESOLVED"
ABLATION_SCALE_IN_ONLY,WEEKLY,2025-08-22,EUROPE_BANKS,CONFIRMING,,"{""EUROPE_BANKS"": 1.0}","{""EUROPE_BANKS"": 1.0}",1.0,4,MATURE,1.0,1.0,0.0,NO_TARGET_CHANGE,,"HISTORICAL UK RETAIL, ISA, ACCOUNT AND BROKER ELIGIBILITY REMAIN PARTLY UNRESOLVED"
ABLATION_SCALE_IN_ONLY,WEEKLY,2025-08-29,GLOBAL_SILVER_MINERS,ESTABLISHED,,"{""GLOBAL_SILVER_MINERS"": 1.0}","{""GLOBAL_SILVER_MINERS"": 1.0}",1.0,2,DETERIORATING,1.0,1.0,0.0,PLANNED,2025-09-01,"HISTORICAL UK RETAIL, ISA, ACCOUNT AND BROKER ELIGIBILITY REMAIN PARTLY UNRESOLVED"
ABLATION_SCALE_IN_ONLY,WEEKLY,2025-09-05,GLOBAL_SILVER_MINERS,ESTABLISHED,,"{""GLOBAL_SILVER_MINERS"": 1.0}","{""GLOBAL_SILVER_MINERS"": 1.0}",1.0,3,DETERIORATING,1.0,1.0,0.0,NO_TARGET_CHANGE,,"HISTORICAL UK RETAIL, ISA, ACCOUNT AND BROKER ELIGIBILITY REMAIN PARTLY UNRESOLVED"
ABLATION_SCALE_IN_ONLY,WEEKLY,2025-09-12,GLOBAL_SILVER_MINERS,CONFIRMING,,"{""GLOBAL_SILVER_MINERS"": 1.0}","{""GLOBAL_SILVER_MINERS"": 1.0}",1.0,2,DETERIORATING,1.0,1.0,0.0,NO_TARGET_CHANGE,,"HISTORICAL UK RETAIL, ISA, ACCOUNT AND BROKER ELIGIBILITY REMAIN PARTLY UNRESOLVED"
ABLATION_SCALE_IN_ONLY,WEEKLY,2025-09-19,GLOBAL_SILVER_MINERS,EXTENDED,,"{""GLOBAL_SILVER_MINERS"": 1.0}","{""GLOBAL_SILVER_MINERS"": 1.0}",1.0,3,MATURE,1.0,1.0,0.0,NO_TARGET_CHANGE,,"HISTORICAL UK RETAIL, ISA, ACCOUNT AND BROKER ELIGIBILITY REMAIN PARTLY UNRESOLVED"
ABLATION_SCALE_IN_ONLY,WEEKLY,2025-09-26,GLOBAL_SILVER_MINERS,EXTENDED,,"{""GLOBAL_SILVER_MINERS"": 1.0}","{""GLOBAL_SILVER_MINERS"": 1.0}",1.0,3,MATURE,1.0,1.0,0.0,NO_TARGET_CHANGE,,"HISTORICAL UK RETAIL, ISA, ACCOUNT AND BROKER ELIGIBILITY REMAIN PARTLY UNRESOLVED"
ABLATION_SCALE_IN_ONLY,WEEKLY,2025-09-30,GLOBAL_SILVER_MINERS,EXTENDED,,"{""GLOBAL_SILVER_MINERS"": 1.0}","{""GLOBAL_SILVER_MINERS"": 1.0}",1.0,3,MATURE,1.0,1.0,0.0,NO_TARGET_CHANGE,,"HISTORICAL UK RETAIL, ISA, ACCOUNT AND BROKER ELIGIBILITY REMAIN PARTLY UNRESOLVED"
ABLATION_SCALE_IN_ONLY,WEEKLY,2025-10-03,GLOBAL_SILVER_MINERS,OTHER,,"{""GLOBAL_SILVER_MINERS"": 1.0}","{""GLOBAL_SILVER_MINERS"": 1.0}",1.0,3,MATURE,1.0,1.0,0.0,NO_TARGET_CHANGE,,"HISTORICAL UK RETAIL, ISA, ACCOUNT AND BROKER ELIGIBILITY REMAIN PARTLY UNRESOLVED"
ABLATION_SCALE_IN_ONLY,WEEKLY,2025-10-10,GLOBAL_SILVER_MINERS,EXTENDED,,"{""GLOBAL_SILVER_MINERS"": 1.0}","{""GLOBAL_SILVER_MINERS"": 1.0}",1.0,4,STRONG,1.0,1.0,0.0,NO_TARGET_CHANGE,,"HISTORICAL UK RETAIL, ISA, ACCOUNT AND BROKER ELIGIBILITY REMAIN PARTLY UNRESOLVED"
ABLATION_SCALE_IN_ONLY,WEEKLY,2025-10-17,GLOBAL_SILVER_MINERS,EXTENDED,,"{""GLOBAL_SILVER_MINERS"": 1.0}","{""GLOBAL_SILVER_MINERS"": 1.0}",1.0,4,STRONG,1.0,1.0,0.0,NO_TARGET_CHANGE,,"HISTORICAL UK RETAIL, ISA, ACCOUNT AND BROKER ELIGIBILITY REMAIN PARTLY UNRESOLVED"
ABLATION_SCALE_IN_ONLY,WEEKLY,2025-10-24,GLOBAL_SILVER_MINERS,WEAKENING,,"{""GLOBAL_SILVER_MINERS"": 1.0}","{""GLOBAL_SILVER_MINERS"": 1.0}",1.0,3,MATURE,1.0,1.0,0.0,NO_TARGET_CHANGE,,"HISTORICAL UK RETAIL, ISA, ACCOUNT AND BROKER ELIGIBILITY REMAIN PARTLY UNRESOLVED"
ABLATION_SCALE_IN_ONLY,WEEKLY,2025-10-31,GLOBAL_SILVER_MINERS,WEAKENING,,"{""GLOBAL_SILVER_MINERS"": 1.0}","{""GLOBAL_SILVER_MINERS"": 1.0}",1.0,4,STRONG,1.0,1.0,0.0,NO_TARGET_CHANGE,,"HISTORICAL UK RETAIL, ISA, ACCOUNT AND BROKER ELIGIBILITY REMAIN PARTLY UNRESOLVED"
ABLATION_SCALE_IN_ONLY,WEEKLY,2025-11-07,GLOBAL_SILVER_MINERS,WEAKENING,,"{""GLOBAL_SILVER_MINERS"": 1.0}","{""GLOBAL_SILVER_MINERS"": 1.0}",1.0,2,DETERIORATING,1.0,1.0,0.0,NO_TARGET_CHANGE,,"HISTORICAL UK RETAIL, ISA, ACCOUNT AND BROKER ELIGIBILITY REMAIN PARTLY UNRESOLVED"
ABLATION_SCALE_IN_ONLY,WEEKLY,2025-11-14,GLOBAL_SILVER_MINERS,WEAKENING,,"{""GLOBAL_SILVER_MINERS"": 1.0}","{""GLOBAL_SILVER_MINERS"": 1.0}",1.0,4,STRONG,1.0,1.0,0.0,NO_TARGET_CHANGE,,"HISTORICAL UK RETAIL, ISA, ACCOUNT AND BROKER ELIGIBILITY REMAIN PARTLY UNRESOLVED"
ABLATION_SCALE_IN_ONLY,WEEKLY,2025-11-21,GLOBAL_SILVER_MINERS,WEAKENING,,"{""GLOBAL_SILVER_MINERS"": 1.0}","{""GLOBAL_SILVER_MINERS"": 1.0}",1.0,3,MATURE,1.0,1.0,0.0,NO_TARGET_CHANGE,,"HISTORICAL UK RETAIL, ISA, ACCOUNT AND BROKER ELIGIBILITY REMAIN PARTLY UNRESOLVED"
ABLATION_SCALE_IN_ONLY,WEEKLY,2025-11-28,GLOBAL_SILVER_MINERS,WEAKENING,,"{""GLOBAL_SILVER_MINERS"": 1.0}","{""GLOBAL_SILVER_MINERS"": 1.0}",1.0,4,STRONG,1.0,1.0,0.0,NO_TARGET_CHANGE,,"HISTORICAL UK RETAIL, ISA, ACCOUNT AND BROKER ELIGIBILITY REMAIN PARTLY UNRESOLVED"
ABLATION_SCALE_IN_ONLY,WEEKLY,2025-12-05,GLOBAL_SILVER_MINERS,ESTABLISHED,,"{""GLOBAL_SILVER_MINERS"": 1.0}","{""GLOBAL_SILVER_MINERS"": 1.0}",1.0,4,STRONG,1.0,1.0,0.0,NO_TARGET_CHANGE,,"HISTORICAL UK RETAIL, ISA, ACCOUNT AND BROKER ELIGIBILITY REMAIN PARTLY UNRESOLVED"
ABLATION_SCALE_IN_ONLY,WEEKLY,2025-12-12,GLOBAL_SILVER_MINERS,ESTABLISHED,,"{""GLOBAL_SILVER_MINERS"": 1.0}","{""GLOBAL_SILVER_MINERS"": 1.0}",1.0,4,STRONG,1.0,1.0,0.0,NO_TARGET_CHANGE,,"HISTORICAL UK RETAIL, ISA, ACCOUNT AND BROKER ELIGIBILITY REMAIN PARTLY UNRESOLVED"
ABLATION_SCALE_IN_ONLY,WEEKLY,2025-12-19,GLOBAL_SILVER_MINERS,ESTABLISHED,,"{""GLOBAL_SILVER_MINERS"": 1.0}","{""GLOBAL_SILVER_MINERS"": 1.0}",1.0,4,STRONG,1.0,1.0,0.0,NO_TARGET_CHANGE,,"HISTORICAL UK RETAIL, ISA, ACCOUNT AND BROKER ELIGIBILITY REMAIN PARTLY UNRESOLVED"
ABLATION_SCALE_IN_ONLY,WEEKLY,2025-12-24,GLOBAL_SILVER_MINERS,ESTABLISHED,,"{""GLOBAL_SILVER_MINERS"": 1.0}","{""GLOBAL_SILVER_MINERS"": 1.0}",1.0,4,STRONG,1.0,1.0,0.0,NO_TARGET_CHANGE,,"HISTORICAL UK RETAIL, ISA, ACCOUNT AND BROKER ELIGIBILITY REMAIN PARTLY UNRESOLVED"
ABLATION_SCALE_IN_ONLY,WEEKLY,2025-12-31,GLOBAL_SILVER_MINERS,ESTABLISHED,,"{""GLOBAL_SILVER_MINERS"": 1.0}","{""GLOBAL_SILVER_MINERS"": 1.0}",1.0,4,STRONG,1.0,1.0,0.0,NO_TARGET_CHANGE,,"HISTORICAL UK RETAIL, ISA, ACCOUNT AND BROKER ELIGIBILITY REMAIN PARTLY UNRESOLVED"
ABLATION_SCALE_IN_ONLY,WEEKLY,2026-01-02,GLOBAL_SILVER_MINERS,ESTABLISHED,,"{""GLOBAL_SILVER_MINERS"": 1.0}","{""GLOBAL_SILVER_MINERS"": 1.0}",1.0,3,MATURE,1.0,1.0,0.0,NO_TARGET_CHANGE,,"HISTORICAL UK RETAIL, ISA, ACCOUNT AND BROKER ELIGIBILITY REMAIN PARTLY UNRESOLVED"
ABLATION_SCALE_IN_ONLY,WEEKLY,2026-01-09,GLOBAL_SILVER_MINERS,ESTABLISHED,,"{""GLOBAL_SILVER_MINERS"": 1.0}","{""GLOBAL_SILVER_MINERS"": 1.0}",1.0,3,MATURE,1.0,1.0,0.0,NO_TARGET_CHANGE,,"HISTORICAL UK RETAIL, ISA, ACCOUNT AND BROKER ELIGIBILITY REMAIN PARTLY UNRESOLVED"
ABLATION_SCALE_IN_ONLY,WEEKLY,2026-01-16,GLOBAL_SILVER_MINERS,ESTABLISHED,,"{""GLOBAL_SILVER_MINERS"": 1.0}","{""GLOBAL_SILVER_MINERS"": 1.0}",1.0,3,MATURE,1.0,1.0,0.0,NO_TARGET_CHANGE,,"HISTORICAL UK RETAIL, ISA, ACCOUNT AND BROKER ELIGIBILITY REMAIN PARTLY UNRESOLVED"
ABLATION_SCALE_IN_ONLY,WEEKLY,2026-01-23,GLOBAL_SILVER_MINERS,EXTENDED,,"{""GLOBAL_SILVER_MINERS"": 1.0}","{""GLOBAL_SILVER_MINERS"": 1.0}",1.0,4,STRONG,1.0,1.0,0.0,NO_TARGET_CHANGE,,"HISTORICAL UK RETAIL, ISA, ACCOUNT AND BROKER ELIGIBILITY REMAIN PARTLY UNRESOLVED"
ABLATION_SCALE_IN_ONLY,WEEKLY,2026-01-30,GLOBAL_SILVER_MINERS,EXTENDED,,"{""GLOBAL_SILVER_MINERS"": 1.0}","{""GLOBAL_SILVER_MINERS"": 1.0}",1.0,3,MATURE,1.0,1.0,0.0,NO_TARGET_CHANGE,,"HISTORICAL UK RETAIL, ISA, ACCOUNT AND BROKER ELIGIBILITY REMAIN PARTLY UNRESOLVED"
ABLATION_SCALE_IN_ONLY,WEEKLY,2026-02-06,GLOBAL_SILVER_MINERS,EXTENDED,,"{""GLOBAL_SILVER_MINERS"": 1.0}","{""GLOBAL_SILVER_MINERS"": 1.0}",1.0,3,MATURE,1.0,1.0,0.0,NO_TARGET_CHANGE,,"HISTORICAL UK RETAIL, ISA, ACCOUNT AND BROKER ELIGIBILITY REMAIN PARTLY UNRESOLVED"
ABLATION_SCALE_IN_ONLY,WEEKLY,2026-02-13,GLOBAL_SILVER_MINERS,EXTENDED,,"{""GLOBAL_SILVER_MINERS"": 1.0}","{""GLOBAL_SILVER_MINERS"": 1.0}",1.0,3,MATURE,1.0,1.0,0.0,NO_TARGET_CHANGE,,"HISTORICAL UK RETAIL, ISA, ACCOUNT AND BROKER ELIGIBILITY REMAIN PARTLY UNRESOLVED"
ABLATION_SCALE_IN_ONLY,WEEKLY,2026-02-20,GLOBAL_SILVER_MINERS,WEAKENING,,"{""GLOBAL_SILVER_MINERS"": 1.0}","{""GLOBAL_SILVER_MINERS"": 1.0}",1.0,3,MATURE,1.0,1.0,0.0,NO_TARGET_CHANGE,,"HISTORICAL UK RETAIL, ISA, ACCOUNT AND BROKER ELIGIBILITY REMAIN PARTLY UNRESOLVED"
ABLATION_SCALE_IN_ONLY,WEEKLY,2026-02-27,GLOBAL_SILVER_MINERS,EXTENDED,,"{""GLOBAL_SILVER_MINERS"": 1.0}","{""GLOBAL_SILVER_MINERS"": 1.0}",1.0,3,MATURE,1.0,1.0,0.0,NO_TARGET_CHANGE,,"HISTORICAL UK RETAIL, ISA, ACCOUNT AND BROKER ELIGIBILITY REMAIN PARTLY UNRESOLVED"
ABLATION_SCALE_IN_ONLY,WEEKLY,2026-03-06,GLOBAL_SILVER_MINERS,EXTENDED,,"{""GLOBAL_SILVER_MINERS"": 1.0}","{""GLOBAL_SILVER_MINERS"": 1.0}",1.0,4,STRONG,1.0,1.0,0.0,NO_TARGET_CHANGE,,"HISTORICAL UK RETAIL, ISA, ACCOUNT AND BROKER ELIGIBILITY REMAIN PARTLY UNRESOLVED"
ABLATION_SCALE_IN_ONLY,WEEKLY,2026-03-13,GLOBAL_SILVER_MINERS,WEAKENING,,"{""GLOBAL_SILVER_MINERS"": 1.0}","{""GLOBAL_SILVER_MINERS"": 1.0}",1.0,4,STRONG,1.0,1.0,0.0,NO_TARGET_CHANGE,,"HISTORICAL UK RETAIL, ISA, ACCOUNT AND BROKER ELIGIBILITY REMAIN PARTLY UNRESOLVED"
ABLATION_SCALE_IN_ONLY,WEEKLY,2026-03-20,GLOBAL_SILVER_MINERS,FAILED,,"{""GLOBAL_SILVER_MINERS"": 1.0}","{""GLOBAL_SILVER_MINERS"": 1.0}",1.0,4,STRONG,1.0,1.0,0.0,NO_TARGET_CHANGE,,"HISTORICAL UK RETAIL, ISA, ACCOUNT AND BROKER ELIGIBILITY REMAIN PARTLY UNRESOLVED"
ABLATION_SCALE_IN_ONLY,WEEKLY,2026-03-27,GLOBAL_SILVER_MINERS,FAILED,,"{""GLOBAL_SILVER_MINERS"": 1.0}","{""GLOBAL_SILVER_MINERS"": 1.0}",1.0,3,MATURE,1.0,1.0,0.0,NO_TARGET_CHANGE,,"HISTORICAL UK RETAIL, ISA, ACCOUNT AND BROKER ELIGIBILITY REMAIN PARTLY UNRESOLVED"
ABLATION_SCALE_IN_ONLY,WEEKLY,2026-03-31,GLOBAL_OIL_GAS,EXTENDED,,"{""GLOBAL_OIL_GAS"": 1.0}","{""GLOBAL_OIL_GAS"": 1.0}",1.0,3,MATURE,1.0,1.0,0.0,PLANNED,2026-04-01,"HISTORICAL UK RETAIL, ISA, ACCOUNT AND BROKER ELIGIBILITY REMAIN PARTLY UNRESOLVED"
ABLATION_SCALE_IN_ONLY,WEEKLY,2026-04-02,GLOBAL_OIL_GAS,CONFIRMING,,"{""GLOBAL_OIL_GAS"": 1.0}","{""GLOBAL_OIL_GAS"": 1.0}",1.0,4,STRONG,1.0,1.0,0.0,NO_TARGET_CHANGE,,"HISTORICAL UK RETAIL, ISA, ACCOUNT AND BROKER ELIGIBILITY REMAIN PARTLY UNRESOLVED"
ABLATION_SCALE_IN_ONLY,WEEKLY,2026-04-10,GLOBAL_OIL_GAS,CONFIRMING,,"{""GLOBAL_OIL_GAS"": 1.0}","{""GLOBAL_OIL_GAS"": 1.0}",1.0,4,STRONG,1.0,1.0,0.0,NO_TARGET_CHANGE,,"HISTORICAL UK RETAIL, ISA, ACCOUNT AND BROKER ELIGIBILITY REMAIN PARTLY UNRESOLVED"
ABLATION_SCALE_IN_ONLY,WEEKLY,2026-04-17,GLOBAL_OIL_GAS,OTHER,,"{""GLOBAL_OIL_GAS"": 1.0}","{""GLOBAL_OIL_GAS"": 1.0}",1.0,3,MATURE,1.0,1.0,0.0,NO_TARGET_CHANGE,,"HISTORICAL UK RETAIL, ISA, ACCOUNT AND BROKER ELIGIBILITY REMAIN PARTLY UNRESOLVED"
ABLATION_SCALE_IN_ONLY,WEEKLY,2026-04-24,GLOBAL_OIL_GAS,WEAKENING,,"{""GLOBAL_OIL_GAS"": 1.0}","{""GLOBAL_OIL_GAS"": 1.0}",1.0,4,STRONG,1.0,1.0,0.0,NO_TARGET_CHANGE,,"HISTORICAL UK RETAIL, ISA, ACCOUNT AND BROKER ELIGIBILITY REMAIN PARTLY UNRESOLVED"
ABLATION_SCALE_IN_ONLY,WEEKLY,2026-04-30,GLOBAL_SEMICONDUCTORS,EXTENDED,,"{""GLOBAL_SEMICONDUCTORS"": 1.0}","{""GLOBAL_SEMICONDUCTORS"": 1.0}",1.0,4,STRONG,1.0,1.0,0.0,PLANNED,2026-05-01,"HISTORICAL UK RETAIL, ISA, ACCOUNT AND BROKER ELIGIBILITY REMAIN PARTLY UNRESOLVED"
ABLATION_SCALE_IN_ONLY,WEEKLY,2026-05-01,GLOBAL_SEMICONDUCTORS,EXTENDED,,"{""GLOBAL_SEMICONDUCTORS"": 1.0}","{""GLOBAL_SEMICONDUCTORS"": 1.0}",1.0,5,STRONG,1.0,1.0,0.0,NO_TARGET_CHANGE,,"HISTORICAL UK RETAIL, ISA, ACCOUNT AND BROKER ELIGIBILITY REMAIN PARTLY UNRESOLVED"
ABLATION_SCALE_IN_ONLY,WEEKLY,2026-05-08,GLOBAL_SEMICONDUCTORS,EXTENDED,,"{""GLOBAL_SEMICONDUCTORS"": 1.0}","{""GLOBAL_SEMICONDUCTORS"": 1.0}",1.0,5,STRONG,1.0,1.0,0.0,NO_TARGET_CHANGE,,"HISTORICAL UK RETAIL, ISA, ACCOUNT AND BROKER ELIGIBILITY REMAIN PARTLY UNRESOLVED"
ABLATION_SCALE_IN_ONLY,WEEKLY,2026-05-15,GLOBAL_SEMICONDUCTORS,EXTENDED,,"{""GLOBAL_SEMICONDUCTORS"": 1.0}","{""GLOBAL_SEMICONDUCTORS"": 1.0}",1.0,4,MATURE,1.0,1.0,0.0,NO_TARGET_CHANGE,,"HISTORICAL UK RETAIL, ISA, ACCOUNT AND BROKER ELIGIBILITY REMAIN PARTLY UNRESOLVED"
ABLATION_SCALE_IN_ONLY,WEEKLY,2026-05-22,GLOBAL_SEMICONDUCTORS,EXTENDED,,"{""GLOBAL_SEMICONDUCTORS"": 1.0}","{""GLOBAL_SEMICONDUCTORS"": 1.0}",1.0,3,DETERIORATING,1.0,1.0,0.0,NO_TARGET_CHANGE,,"HISTORICAL UK RETAIL, ISA, ACCOUNT AND BROKER ELIGIBILITY REMAIN PARTLY UNRESOLVED"
ABLATION_SCALE_IN_ONLY,WEEKLY,2026-05-29,GLOBAL_SEMICONDUCTORS,EXTENDED,,"{""GLOBAL_SEMICONDUCTORS"": 1.0}","{""GLOBAL_SEMICONDUCTORS"": 1.0}",1.0,4,MATURE,1.0,1.0,0.0,NO_TARGET_CHANGE,,"HISTORICAL UK RETAIL, ISA, ACCOUNT AND BROKER ELIGIBILITY REMAIN PARTLY UNRESOLVED"
ABLATION_SCALE_IN_ONLY,WEEKLY,2026-06-05,GLOBAL_SEMICONDUCTORS,EXTENDED,,"{""GLOBAL_SEMICONDUCTORS"": 1.0}","{""GLOBAL_SEMICONDUCTORS"": 1.0}",1.0,3,DETERIORATING,1.0,1.0,0.0,NO_TARGET_CHANGE,,"HISTORICAL UK RETAIL, ISA, ACCOUNT AND BROKER ELIGIBILITY REMAIN PARTLY UNRESOLVED"
ABLATION_SCALE_IN_ONLY,WEEKLY,2026-06-12,GLOBAL_SEMICONDUCTORS,EXTENDED,,"{""GLOBAL_SEMICONDUCTORS"": 1.0}","{""GLOBAL_SEMICONDUCTORS"": 1.0}",1.0,4,MATURE,1.0,1.0,0.0,NO_TARGET_CHANGE,,"HISTORICAL UK RETAIL, ISA, ACCOUNT AND BROKER ELIGIBILITY REMAIN PARTLY UNRESOLVED"
ABLATION_SCALE_IN_ONLY,WEEKLY,2026-06-19,GLOBAL_SEMICONDUCTORS,EXTENDED,,"{""GLOBAL_SEMICONDUCTORS"": 1.0}","{""GLOBAL_SEMICONDUCTORS"": 1.0}",1.0,3,DETERIORATING,1.0,1.0,0.0,NO_TARGET_CHANGE,,"HISTORICAL UK RETAIL, ISA, ACCOUNT AND BROKER ELIGIBILITY REMAIN PARTLY UNRESOLVED"
ABLATION_SCALE_IN_ONLY,WEEKLY,2026-06-26,GLOBAL_SEMICONDUCTORS,EXTENDED,,"{""GLOBAL_SEMICONDUCTORS"": 1.0}","{""GLOBAL_SEMICONDUCTORS"": 1.0}",1.0,3,DETERIORATING,1.0,1.0,0.0,NO_TARGET_CHANGE,,"HISTORICAL UK RETAIL, ISA, ACCOUNT AND BROKER ELIGIBILITY REMAIN PARTLY UNRESOLVED"
ABLATION_SCALE_IN_ONLY,WEEKLY,2026-06-30,GLOBAL_SEMICONDUCTORS,EXTENDED,,"{""GLOBAL_SEMICONDUCTORS"": 1.0}","{""GLOBAL_SEMICONDUCTORS"": 1.0}",1.0,3,DETERIORATING,1.0,1.0,0.0,NO_TARGET_CHANGE,,"HISTORICAL UK RETAIL, ISA, ACCOUNT AND BROKER ELIGIBILITY REMAIN PARTLY UNRESOLVED"
ABLATION_SCALE_IN_ONLY,WEEKLY,2026-07-03,GLOBAL_SEMICONDUCTORS,EXTENDED,,"{""GLOBAL_SEMICONDUCTORS"": 1.0}","{""GLOBAL_SEMICONDUCTORS"": 1.0}",1.0,3,DETERIORATING,1.0,1.0,0.0,NO_TARGET_CHANGE,,"HISTORICAL UK RETAIL, ISA, ACCOUNT AND BROKER ELIGIBILITY REMAIN PARTLY UNRESOLVED"
ABLATION_SCALE_IN_ONLY,WEEKLY,2026-07-10,GLOBAL_SEMICONDUCTORS,EXTENDED,,"{""GLOBAL_SEMICONDUCTORS"": 1.0}","{""GLOBAL_SEMICONDUCTORS"": 1.0}",1.0,3,MATURE,1.0,1.0,0.0,NO_TARGET_CHANGE,,"HISTORICAL UK RETAIL, ISA, ACCOUNT AND BROKER ELIGIBILITY REMAIN PARTLY UNRESOLVED"
ABLATION_SCALE_IN_ONLY,WEEKLY,2026-07-17,GLOBAL_SEMICONDUCTORS,WEAKENING,,"{""GLOBAL_SEMICONDUCTORS"": 1.0}","{""GLOBAL_SEMICONDUCTORS"": 1.0}",1.0,2,DETERIORATING,1.0,1.0,0.0,NO_TARGET_CHANGE,,"HISTORICAL UK RETAIL, ISA, ACCOUNT AND BROKER ELIGIBILITY REMAIN PARTLY UNRESOLVED"
ABLATION_SCALE_IN_ONLY,WEEKLY,2026-07-24,GLOBAL_SEMICONDUCTORS,WEAKENING,,"{""GLOBAL_SEMICONDUCTORS"": 1.0}","{""GLOBAL_SEMICONDUCTORS"": 1.0}",1.0,3,MATURE,1.0,1.0,0.0,NO_TARGET_CHANGE,,"HISTORICAL UK RETAIL, ISA, ACCOUNT AND BROKER ELIGIBILITY REMAIN PARTLY UNRESOLVED"
ABLATION_SCALE_IN_ONLY,WEEKLY,2026-07-31,GLOBAL_SEMICONDUCTORS,WEAKENING,,"{""GLOBAL_SEMICONDUCTORS"": 1.0}","{""GLOBAL_SEMICONDUCTORS"": 1.0}",1.0,5,STRONG,1.0,1.0,0.0,NO_TARGET_CHANGE,,"HISTORICAL UK RETAIL, ISA, ACCOUNT AND BROKER ELIGIBILITY REMAIN PARTLY UNRESOLVED"
ABLATION_SCALE_IN_ONLY,WEEKLY,2026-08-07,GLOBAL_SEMICONDUCTORS,FAILED,,"{""GLOBAL_SEMICONDUCTORS"": 1.0}","{""GLOBAL_SEMICONDUCTORS"": 1.0}",1.0,3,DETERIORATING,1.0,1.0,0.0,NO_TARGET_CHANGE,,"HISTORICAL UK RETAIL, ISA, ACCOUNT AND BROKER ELIGIBILITY REMAIN PARTLY UNRESOLVED"
ABLATION_SCALE_IN_ONLY,WEEKLY,2026-08-14,GLOBAL_SEMICONDUCTORS,WEAKENING,,"{""GLOBAL_SEMICONDUCTORS"": 1.0}","{""GLOBAL_SEMICONDUCTORS"": 1.0}",1.0,3,DETERIORATING,1.0,1.0,0.0,NO_TARGET_CHANGE,,"HISTORICAL UK RETAIL, ISA, ACCOUNT AND BROKER ELIGIBILITY REMAIN PARTLY UNRESOLVED"
ABLATION_SCALE_IN_ONLY,WEEKLY,2026-08-21,GLOBAL_GENOMICS,EXTENDED,,"{""GLOBAL_GENOMICS"": 1.0}","{""GLOBAL_GENOMICS"": 1.0}",1.0,3,DETERIORATING,1.0,1.0,0.0,CANCELLED_PANEL_END_NO_EXECUTION_SESSION,,"HISTORICAL UK RETAIL, ISA, ACCOUNT AND BROKER ELIGIBILITY REMAIN PARTLY UNRESOLVED"
ABLATION_EXIT_ONLY_NOT_RUN,WEEKLY,2021-08-31,GLOBAL_CYBERSECURITY,ESTABLISHED,,"{""GLOBAL_CYBERSECURITY"": 1.0}","{""GLOBAL_CYBERSECURITY"": 1.0}",1.0,3,MATURE,1.0,1.0,0.0,PLANNED,2021-09-01,"HISTORICAL UK RETAIL, ISA, ACCOUNT AND BROKER ELIGIBILITY REMAIN PARTLY UNRESOLVED"
ABLATION_EXIT_ONLY_NOT_RUN,WEEKLY,2021-09-03,GLOBAL_CYBERSECURITY,EXTENDED,,"{""GLOBAL_CYBERSECURITY"": 1.0}","{""GLOBAL_CYBERSECURITY"": 1.0}",1.0,3,MATURE,1.0,1.0,0.0,NO_TARGET_CHANGE,,"HISTORICAL UK RETAIL, ISA, ACCOUNT AND BROKER ELIGIBILITY REMAIN PARTLY UNRESOLVED"
ABLATION_EXIT_ONLY_NOT_RUN,WEEKLY,2021-09-10,GLOBAL_CYBERSECURITY,ESTABLISHED,,"{""GLOBAL_CYBERSECURITY"": 1.0}","{""GLOBAL_CYBERSECURITY"": 1.0}",1.0,3,MATURE,1.0,1.0,0.0,NO_TARGET_CHANGE,,"HISTORICAL UK RETAIL, ISA, ACCOUNT AND BROKER ELIGIBILITY REMAIN PARTLY UNRESOLVED"
ABLATION_EXIT_ONLY_NOT_RUN,WEEKLY,2021-09-17,GLOBAL_CYBERSECURITY,ESTABLISHED,,"{""GLOBAL_CYBERSECURITY"": 1.0}","{""GLOBAL_CYBERSECURITY"": 1.0}",1.0,3,MATURE,1.0,1.0,0.0,NO_TARGET_CHANGE,,"HISTORICAL UK RETAIL, ISA, ACCOUNT AND BROKER ELIGIBILITY REMAIN PARTLY UNRESOLVED"
ABLATION_EXIT_ONLY_NOT_RUN,WEEKLY,2021-09-24,GLOBAL_CYBERSECURITY,WEAKENING,,"{""GLOBAL_CYBERSECURITY"": 1.0}","{""GLOBAL_CYBERSECURITY"": 1.0}",1.0,3,MATURE,1.0,1.0,0.0,NO_TARGET_CHANGE,,"HISTORICAL UK RETAIL, ISA, ACCOUNT AND BROKER ELIGIBILITY REMAIN PARTLY UNRESOLVED"
ABLATION_EXIT_ONLY_NOT_RUN,WEEKLY,2021-09-30,GLOBAL_OIL_GAS,ESTABLISHED,,"{""GLOBAL_OIL_GAS"": 1.0}","{""GLOBAL_OIL_GAS"": 1.0}",1.0,3,MATURE,1.0,1.0,0.0,PLANNED,2021-10-01,"HISTORICAL UK RETAIL, ISA, ACCOUNT AND BROKER ELIGIBILITY REMAIN PARTLY UNRESOLVED"
ABLATION_EXIT_ONLY_NOT_RUN,WEEKLY,2021-10-01,GLOBAL_OIL_GAS,ESTABLISHED,,"{""GLOBAL_OIL_GAS"": 1.0}","{""GLOBAL_OIL_GAS"": 1.0}",1.0,4,STRONG,1.0,1.0,0.0,NO_TARGET_CHANGE,,"HISTORICAL UK RETAIL, ISA, ACCOUNT AND BROKER ELIGIBILITY REMAIN PARTLY UNRESOLVED"
ABLATION_EXIT_ONLY_NOT_RUN,WEEKLY,2021-10-08,GLOBAL_OIL_GAS,EXTENDED,,"{""GLOBAL_OIL_GAS"": 1.0}","{""GLOBAL_OIL_GAS"": 1.0}",1.0,4,STRONG,1.0,1.0,0.0,NO_TARGET_CHANGE,,"HISTORICAL UK RETAIL, ISA, ACCOUNT AND BROKER ELIGIBILITY REMAIN PARTLY UNRESOLVED"
ABLATION_EXIT_ONLY_NOT_RUN,WEEKLY,2021-10-15,GLOBAL_OIL_GAS,EXTENDED,,"{""GLOBAL_OIL_GAS"": 1.0}","{""GLOBAL_OIL_GAS"": 1.0}",1.0,5,STRONG,1.0,1.0,0.0,NO_TARGET_CHANGE,,"HISTORICAL UK RETAIL, ISA, ACCOUNT AND BROKER ELIGIBILITY REMAIN PARTLY UNRESOLVED"
ABLATION_EXIT_ONLY_NOT_RUN,WEEKLY,2021-10-22,GLOBAL_OIL_GAS,EXTENDED,,"{""GLOBAL_OIL_GAS"": 1.0}","{""GLOBAL_OIL_GAS"": 1.0}",1.0,3,DETERIORATING,1.0,1.0,0.0,NO_TARGET_CHANGE,,"HISTORICAL UK RETAIL, ISA, ACCOUNT AND BROKER ELIGIBILITY REMAIN PARTLY UNRESOLVED"
ABLATION_EXIT_ONLY_NOT_RUN,WEEKLY,2021-10-29,GLOBAL_OIL_GAS,EXTENDED,,"{""GLOBAL_OIL_GAS"": 1.0}","{""GLOBAL_OIL_GAS"": 1.0}",1.0,3,DETERIORATING,1.0,1.0,0.0,NO_TARGET_CHANGE,,"HISTORICAL UK RETAIL, ISA, ACCOUNT AND BROKER ELIGIBILITY REMAIN PARTLY UNRESOLVED"
ABLATION_EXIT_ONLY_NOT_RUN,WEEKLY,2021-11-05,GLOBAL_OIL_GAS,EXTENDED,,"{""GLOBAL_OIL_GAS"": 1.0}","{""GLOBAL_OIL_GAS"": 1.0}",1.0,2,DETERIORATING,1.0,1.0,0.0,NO_TARGET_CHANGE,,"HISTORICAL UK RETAIL, ISA, ACCOUNT AND BROKER ELIGIBILITY REMAIN PARTLY UNRESOLVED"
ABLATION_EXIT_ONLY_NOT_RUN,WEEKLY,2021-11-12,GLOBAL_OIL_GAS,WEAKENING,,"{""GLOBAL_OIL_GAS"": 1.0}","{""GLOBAL_OIL_GAS"": 1.0}",1.0,3,DETERIORATING,1.0,1.0,0.0,NO_TARGET_CHANGE,,"HISTORICAL UK RETAIL, ISA, ACCOUNT AND BROKER ELIGIBILITY REMAIN PARTLY UNRESOLVED"
ABLATION_EXIT_ONLY_NOT_RUN,WEEKLY,2021-11-19,GLOBAL_OIL_GAS,WEAKENING,,"{""GLOBAL_OIL_GAS"": 1.0}","{""GLOBAL_OIL_GAS"": 1.0}",1.0,2,DETERIORATING,1.0,1.0,0.0,NO_TARGET_CHANGE,,"HISTORICAL UK RETAIL, ISA, ACCOUNT AND BROKER ELIGIBILITY REMAIN PARTLY UNRESOLVED"
ABLATION_EXIT_ONLY_NOT_RUN,WEEKLY,2021-11-26,GLOBAL_OIL_GAS,WEAKENING,,"{""GLOBAL_OIL_GAS"": 1.0}","{""GLOBAL_OIL_GAS"": 1.0}",1.0,2,DETERIORATING,1.0,1.0,0.0,NO_TARGET_CHANGE,,"HISTORICAL UK RETAIL, ISA, ACCOUNT AND BROKER ELIGIBILITY REMAIN PARTLY UNRESOLVED"
ABLATION_EXIT_ONLY_NOT_RUN,WEEKLY,2021-11-30,GLOBAL_SEMICONDUCTORS,EXTENDED,,"{""GLOBAL_SEMICONDUCTORS"": 1.0}","{""GLOBAL_SEMICONDUCTORS"": 1.0}",1.0,2,DETERIORATING,1.0,1.0,0.0,PLANNED,2021-12-01,"HISTORICAL UK RETAIL, ISA, ACCOUNT AND BROKER ELIGIBILITY REMAIN PARTLY UNRESOLVED"
ABLATION_EXIT_ONLY_NOT_RUN,WEEKLY,2021-12-03,GLOBAL_SEMICONDUCTORS,EXTENDED,,"{""GLOBAL_SEMICONDUCTORS"": 1.0}","{""GLOBAL_SEMICONDUCTORS"": 1.0}",1.0,3,DETERIORATING,1.0,1.0,0.0,NO_TARGET_CHANGE,,"HISTORICAL UK RETAIL, ISA, ACCOUNT AND BROKER ELIGIBILITY REMAIN PARTLY UNRESOLVED"
ABLATION_EXIT_ONLY_NOT_RUN,WEEKLY,2021-12-10,GLOBAL_SEMICONDUCTORS,ESTABLISHED,,"{""GLOBAL_SEMICONDUCTORS"": 1.0}","{""GLOBAL_SEMICONDUCTORS"": 1.0}",1.0,2,DETERIORATING,1.0,1.0,0.0,NO_TARGET_CHANGE,,"HISTORICAL UK RETAIL, ISA, ACCOUNT AND BROKER ELIGIBILITY REMAIN PARTLY UNRESOLVED"
ABLATION_EXIT_ONLY_NOT_RUN,WEEKLY,2021-12-17,GLOBAL_SEMICONDUCTORS,ESTABLISHED,,"{""GLOBAL_SEMICONDUCTORS"": 1.0}","{""GLOBAL_SEMICONDUCTORS"": 1.0}",1.0,3,POSITIVE,1.0,1.0,0.0,NO_TARGET_CHANGE,,"HISTORICAL UK RETAIL, ISA, ACCOUNT AND BROKER ELIGIBILITY REMAIN PARTLY UNRESOLVED"
ABLATION_EXIT_ONLY_NOT_RUN,WEEKLY,2021-12-24,GLOBAL_SEMICONDUCTORS,EXTENDED,,"{""GLOBAL_SEMICONDUCTORS"": 1.0}","{""GLOBAL_SEMICONDUCTORS"": 1.0}",1.0,0,HOSTILE,1.0,1.0,0.0,NO_TARGET_CHANGE,,"HISTORICAL UK RETAIL, ISA, ACCOUNT AND BROKER ELIGIBILITY REMAIN PARTLY UNRESOLVED"
ABLATION_EXIT_ONLY_NOT_RUN,WEEKLY,2021-12-31,GLOBAL_SEMICONDUCTORS,EXTENDED,,"{""GLOBAL_SEMICONDUCTORS"": 1.0}","{""GLOBAL_SEMICONDUCTORS"": 1.0}",1.0,2,POSITIVE,1.0,1.0,0.0,NO_TARGET_CHANGE,,"HISTORICAL UK RETAIL, ISA, ACCOUNT AND BROKER ELIGIBILITY REMAIN PARTLY UNRESOLVED"
ABLATION_EXIT_ONLY_NOT_RUN,WEEKLY,2022-01-07,GLOBAL_SEMICONDUCTORS,OTHER,,"{""GLOBAL_SEMICONDUCTORS"": 1.0}","{""GLOBAL_SEMICONDUCTORS"": 1.0}",1.0,2,POSITIVE,1.0,1.0,0.0,NO_TARGET_CHANGE,,"HISTORICAL UK RETAIL, ISA, ACCOUNT AND BROKER ELIGIBILITY REMAIN PARTLY UNRESOLVED"
ABLATION_EXIT_ONLY_NOT_RUN,WEEKLY,2022-01-14,GLOBAL_SEMICONDUCTORS,WEAKENING,,"{""GLOBAL_SEMICONDUCTORS"": 1.0}","{""GLOBAL_SEMICONDUCTORS"": 1.0}",1.0,4,STRONG,1.0,1.0,0.0,NO_TARGET_CHANGE,,"HISTORICAL UK RETAIL, ISA, ACCOUNT AND BROKER ELIGIBILITY REMAIN PARTLY UNRESOLVED"
ABLATION_EXIT_ONLY_NOT_RUN,WEEKLY,2022-01-21,GLOBAL_SEMICONDUCTORS,WEAKENING,,"{""GLOBAL_SEMICONDUCTORS"": 1.0}","{""GLOBAL_SEMICONDUCTORS"": 1.0}",1.0,3,MATURE,1.0,1.0,0.0,NO_TARGET_CHANGE,,"HISTORICAL UK RETAIL, ISA, ACCOUNT AND BROKER ELIGIBILITY REMAIN PARTLY UNRESOLVED"
ABLATION_EXIT_ONLY_NOT_RUN,WEEKLY,2022-01-28,GLOBAL_SEMICONDUCTORS,FAILED,,"{""GLOBAL_SEMICONDUCTORS"": 1.0}","{""GLOBAL_SEMICONDUCTORS"": 1.0}",1.0,2,HOSTILE,1.0,1.0,0.0,NO_TARGET_CHANGE,,"HISTORICAL UK RETAIL, ISA, ACCOUNT AND BROKER ELIGIBILITY REMAIN PARTLY UNRESOLVED"
ABLATION_EXIT_ONLY_NOT_RUN,WEEKLY,2022-01-31,GLOBAL_OIL_GAS,EXTENDED,,"{""GLOBAL_OIL_GAS"": 1.0}","{""GLOBAL_OIL_GAS"": 1.0}",1.0,2,HOSTILE,1.0,1.0,0.0,PLANNED,2022-02-01,"HISTORICAL UK RETAIL, ISA, ACCOUNT AND BROKER ELIGIBILITY REMAIN PARTLY UNRESOLVED"
ABLATION_EXIT_ONLY_NOT_RUN,WEEKLY,2022-02-04,GLOBAL_OIL_GAS,EXTENDED,,"{""GLOBAL_OIL_GAS"": 1.0}","{""GLOBAL_OIL_GAS"": 1.0}",1.0,4,STRONG,1.0,1.0,0.0,NO_TARGET_CHANGE,,"HISTORICAL UK RETAIL, ISA, ACCOUNT AND BROKER ELIGIBILITY REMAIN PARTLY UNRESOLVED"
ABLATION_EXIT_ONLY_NOT_RUN,WEEKLY,2022-02-11,GLOBAL_OIL_GAS,EXTENDED,,"{""GLOBAL_OIL_GAS"": 1.0}","{""GLOBAL_OIL_GAS"": 1.0}",1.0,2,DETERIORATING,1.0,1.0,0.0,NO_TARGET_CHANGE,,"HISTORICAL UK RETAIL, ISA, ACCOUNT AND BROKER ELIGIBILITY REMAIN PARTLY UNRESOLVED"
ABLATION_EXIT_ONLY_NOT_RUN,WEEKLY,2022-02-18,GLOBAL_OIL_GAS,EXTENDED,,"{""GLOBAL_OIL_GAS"": 1.0}","{""GLOBAL_OIL_GAS"": 1.0}",1.0,2,HOSTILE,1.0,1.0,0.0,NO_TARGET_CHANGE,,"HISTORICAL UK RETAIL, ISA, ACCOUNT AND BROKER ELIGIBILITY REMAIN PARTLY UNRESOLVED"
ABLATION_EXIT_ONLY_NOT_RUN,WEEKLY,2022-02-25,GLOBAL_OIL_GAS,EXTENDED,,"{""GLOBAL_OIL_GAS"": 1.0}","{""GLOBAL_OIL_GAS"": 1.0}",1.0,2,HOSTILE,1.0,1.0,0.0,NO_TARGET_CHANGE,,"HISTORICAL UK RETAIL, ISA, ACCOUNT AND BROKER ELIGIBILITY REMAIN PARTLY UNRESOLVED"
ABLATION_EXIT_ONLY_NOT_RUN,WEEKLY,2022-02-28,GLOBAL_OIL_GAS,EXTENDED,,"{""GLOBAL_OIL_GAS"": 1.0}","{""GLOBAL_OIL_GAS"": 1.0}",1.0,2,HOSTILE,1.0,1.0,0.0,NO_TARGET_CHANGE,,"HISTORICAL UK RETAIL, ISA, ACCOUNT AND BROKER ELIGIBILITY REMAIN PARTLY UNRESOLVED"
ABLATION_EXIT_ONLY_NOT_RUN,WEEKLY,2022-03-04,GLOBAL_OIL_GAS,EXTENDED,,"{""GLOBAL_OIL_GAS"": 1.0}","{""GLOBAL_OIL_GAS"": 1.0}",1.0,1,HOSTILE,1.0,1.0,0.0,NO_TARGET_CHANGE,,"HISTORICAL UK RETAIL, ISA, ACCOUNT AND BROKER ELIGIBILITY REMAIN PARTLY UNRESOLVED"
ABLATION_EXIT_ONLY_NOT_RUN,WEEKLY,2022-03-11,GLOBAL_OIL_GAS,EXTENDED,,"{""GLOBAL_OIL_GAS"": 1.0}","{""GLOBAL_OIL_GAS"": 1.0}",1.0,2,HOSTILE,1.0,1.0,0.0,NO_TARGET_CHANGE,,"HISTORICAL UK RETAIL, ISA, ACCOUNT AND BROKER ELIGIBILITY REMAIN PARTLY UNRESOLVED"
ABLATION_EXIT_ONLY_NOT_RUN,WEEKLY,2022-03-18,GLOBAL_OIL_GAS,EXTENDED,,"{""GLOBAL_OIL_GAS"": 1.0}","{""GLOBAL_OIL_GAS"": 1.0}",1.0,3,MATURE,1.0,1.0,0.0,NO_TARGET_CHANGE,,"HISTORICAL UK RETAIL, ISA, ACCOUNT AND BROKER ELIGIBILITY REMAIN PARTLY UNRESOLVED"
ABLATION_EXIT_ONLY_NOT_RUN,WEEKLY,2022-03-25,GLOBAL_OIL_GAS,EXTENDED,,"{""GLOBAL_OIL_GAS"": 1.0}","{""GLOBAL_OIL_GAS"": 1.0}",1.0,3,MATURE,1.0,1.0,0.0,NO_TARGET_CHANGE,,"HISTORICAL UK RETAIL, ISA, ACCOUNT AND BROKER ELIGIBILITY REMAIN PARTLY UNRESOLVED"
ABLATION_EXIT_ONLY_NOT_RUN,WEEKLY,2022-03-31,GLOBAL_OIL_GAS,EXTENDED,,"{""GLOBAL_OIL_GAS"": 1.0}","{""GLOBAL_OIL_GAS"": 1.0}",1.0,3,MATURE,1.0,1.0,0.0,NO_TARGET_CHANGE,,"HISTORICAL UK RETAIL, ISA, ACCOUNT AND BROKER ELIGIBILITY REMAIN PARTLY UNRESOLVED"
ABLATION_EXIT_ONLY_NOT_RUN,WEEKLY,2022-04-01,GLOBAL_OIL_GAS,EXTENDED,,"{""GLOBAL_OIL_GAS"": 1.0}","{""GLOBAL_OIL_GAS"": 1.0}",1.0,2,DETERIORATING,1.0,1.0,0.0,NO_TARGET_CHANGE,,"HISTORICAL UK RETAIL, ISA, ACCOUNT AND BROKER ELIGIBILITY REMAIN PARTLY UNRESOLVED"
ABLATION_EXIT_ONLY_NOT_RUN,WEEKLY,2022-04-08,GLOBAL_OIL_GAS,EXTENDED,,"{""GLOBAL_OIL_GAS"": 1.0}","{""GLOBAL_OIL_GAS"": 1.0}",1.0,3,POSITIVE,1.0,1.0,0.0,NO_TARGET_CHANGE,,"HISTORICAL UK RETAIL, ISA, ACCOUNT AND BROKER ELIGIBILITY REMAIN PARTLY UNRESOLVED"
ABLATION_EXIT_ONLY_NOT_RUN,WEEKLY,2022-04-14,GLOBAL_OIL_GAS,EXTENDED,,"{""GLOBAL_OIL_GAS"": 1.0}","{""GLOBAL_OIL_GAS"": 1.0}",1.0,3,POSITIVE,1.0,1.0,0.0,NO_TARGET_CHANGE,,"HISTORICAL UK RETAIL, ISA, ACCOUNT AND BROKER ELIGIBILITY REMAIN PARTLY UNRESOLVED"
ABLATION_EXIT_ONLY_NOT_RUN,WEEKLY,2022-04-22,GLOBAL_OIL_GAS,EXTENDED,,"{""GLOBAL_OIL_GAS"": 1.0}","{""GLOBAL_OIL_GAS"": 1.0}",1.0,1,HOSTILE,1.0,1.0,0.0,NO_TARGET_CHANGE,,"HISTORICAL UK RETAIL, ISA, ACCOUNT AND BROKER ELIGIBILITY REMAIN PARTLY UNRESOLVED"
ABLATION_EXIT_ONLY_NOT_RUN,WEEKLY,2022-04-29,GLOBAL_OIL_GAS,EXTENDED,,"{""GLOBAL_OIL_GAS"": 1.0}","{""GLOBAL_OIL_GAS"": 1.0}",1.0,2,HOSTILE,1.0,1.0,0.0,NO_TARGET_CHANGE,,"HISTORICAL UK RETAIL, ISA, ACCOUNT AND BROKER ELIGIBILITY REMAIN PARTLY UNRESOLVED"
ABLATION_EXIT_ONLY_NOT_RUN,WEEKLY,2022-05-06,GLOBAL_OIL_GAS,EXTENDED,,"{""GLOBAL_OIL_GAS"": 1.0}","{""GLOBAL_OIL_GAS"": 1.0}",1.0,2,HOSTILE,1.0,1.0,0.0,NO_TARGET_CHANGE,,"HISTORICAL UK RETAIL, ISA, ACCOUNT AND BROKER ELIGIBILITY REMAIN PARTLY UNRESOLVED"
ABLATION_EXIT_ONLY_NOT_RUN,WEEKLY,2022-05-13,GLOBAL_OIL_GAS,EXTENDED,,"{""GLOBAL_OIL_GAS"": 1.0}","{""GLOBAL_OIL_GAS"": 1.0}",1.0,2,HOSTILE,1.0,1.0,0.0,NO_TARGET_CHANGE,,"HISTORICAL UK RETAIL, ISA, ACCOUNT AND BROKER ELIGIBILITY REMAIN PARTLY UNRESOLVED"
ABLATION_EXIT_ONLY_NOT_RUN,WEEKLY,2022-05-20,GLOBAL_OIL_GAS,EXTENDED,,"{""GLOBAL_OIL_GAS"": 1.0}","{""GLOBAL_OIL_GAS"": 1.0}",1.0,2,HOSTILE,1.0,1.0,0.0,NO_TARGET_CHANGE,,"HISTORICAL UK RETAIL, ISA, ACCOUNT AND BROKER ELIGIBILITY REMAIN PARTLY UNRESOLVED"
ABLATION_EXIT_ONLY_NOT_RUN,WEEKLY,2022-05-27,GLOBAL_OIL_GAS,EXTENDED,,"{""GLOBAL_OIL_GAS"": 1.0}","{""GLOBAL_OIL_GAS"": 1.0}",1.0,1,HOSTILE,1.0,1.0,0.0,NO_TARGET_CHANGE,,"HISTORICAL UK RETAIL, ISA, ACCOUNT AND BROKER ELIGIBILITY REMAIN PARTLY UNRESOLVED"
ABLATION_EXIT_ONLY_NOT_RUN,WEEKLY,2022-05-31,GLOBAL_OIL_GAS,EXTENDED,,"{""GLOBAL_OIL_GAS"": 1.0}","{""GLOBAL_OIL_GAS"": 1.0}",1.0,1,HOSTILE,1.0,1.0,0.0,NO_TARGET_CHANGE,,"HISTORICAL UK RETAIL, ISA, ACCOUNT AND BROKER ELIGIBILITY REMAIN PARTLY UNRESOLVED"
ABLATION_EXIT_ONLY_NOT_RUN,WEEKLY,2022-06-01,GLOBAL_OIL_GAS,EXTENDED,,"{""GLOBAL_OIL_GAS"": 1.0}","{""GLOBAL_OIL_GAS"": 1.0}",1.0,1,HOSTILE,1.0,1.0,0.0,NO_TARGET_CHANGE,,"HISTORICAL UK RETAIL, ISA, ACCOUNT AND BROKER ELIGIBILITY REMAIN PARTLY UNRESOLVED"
ABLATION_EXIT_ONLY_NOT_RUN,WEEKLY,2022-06-10,GLOBAL_OIL_GAS,EXTENDED,,"{""GLOBAL_OIL_GAS"": 1.0}","{""GLOBAL_OIL_GAS"": 1.0}",1.0,1,HOSTILE,1.0,1.0,0.0,NO_TARGET_CHANGE,,"HISTORICAL UK RETAIL, ISA, ACCOUNT AND BROKER ELIGIBILITY REMAIN PARTLY UNRESOLVED"
ABLATION_EXIT_ONLY_NOT_RUN,WEEKLY,2022-06-17,GLOBAL_OIL_GAS,WEAKENING,,"{""GLOBAL_OIL_GAS"": 1.0}","{""GLOBAL_OIL_GAS"": 1.0}",1.0,2,HOSTILE,1.0,1.0,0.0,NO_TARGET_CHANGE,,"HISTORICAL UK RETAIL, ISA, ACCOUNT AND BROKER ELIGIBILITY REMAIN PARTLY UNRESOLVED"
ABLATION_EXIT_ONLY_NOT_RUN,WEEKLY,2022-06-24,GLOBAL_OIL_GAS,WEAKENING,,"{""GLOBAL_OIL_GAS"": 1.0}","{""GLOBAL_OIL_GAS"": 1.0}",1.0,0,HOSTILE,1.0,1.0,0.0,NO_TARGET_CHANGE,,"HISTORICAL UK RETAIL, ISA, ACCOUNT AND BROKER ELIGIBILITY REMAIN PARTLY UNRESOLVED"
ABLATION_EXIT_ONLY_NOT_RUN,WEEKLY,2022-06-30,GLOBAL_OIL_GAS,WEAKENING,,"{""GLOBAL_OIL_GAS"": 1.0}","{""GLOBAL_OIL_GAS"": 1.0}",1.0,0,HOSTILE,1.0,1.0,0.0,NO_TARGET_CHANGE,,"HISTORICAL UK RETAIL, ISA, ACCOUNT AND BROKER ELIGIBILITY REMAIN PARTLY UNRESOLVED"
ABLATION_EXIT_ONLY_NOT_RUN,WEEKLY,2022-07-01,GLOBAL_OIL_GAS,WEAKENING,,"{""GLOBAL_OIL_GAS"": 1.0}","{""GLOBAL_OIL_GAS"": 1.0}",1.0,2,HOSTILE,1.0,1.0,0.0,NO_TARGET_CHANGE,,"HISTORICAL UK RETAIL, ISA, ACCOUNT AND BROKER ELIGIBILITY REMAIN PARTLY UNRESOLVED"
ABLATION_EXIT_ONLY_NOT_RUN,WEEKLY,2022-07-08,GLOBAL_OIL_GAS,WEAKENING,,"{""GLOBAL_OIL_GAS"": 1.0}","{""GLOBAL_OIL_GAS"": 1.0}",1.0,2,HOSTILE,1.0,1.0,0.0,NO_TARGET_CHANGE,,"HISTORICAL UK RETAIL, ISA, ACCOUNT AND BROKER ELIGIBILITY REMAIN PARTLY UNRESOLVED"
ABLATION_EXIT_ONLY_NOT_RUN,WEEKLY,2022-07-15,GLOBAL_OIL_GAS,FAILED,,"{""GLOBAL_OIL_GAS"": 1.0}","{""GLOBAL_OIL_GAS"": 1.0}",1.0,2,HOSTILE,1.0,1.0,0.0,NO_TARGET_CHANGE,,"HISTORICAL UK RETAIL, ISA, ACCOUNT AND BROKER ELIGIBILITY REMAIN PARTLY UNRESOLVED"
ABLATION_EXIT_ONLY_NOT_RUN,WEEKLY,2022-07-22,GLOBAL_OIL_GAS,FAILED,,"{""GLOBAL_OIL_GAS"": 1.0}","{""GLOBAL_OIL_GAS"": 1.0}",1.0,3,HOSTILE,1.0,1.0,0.0,NO_TARGET_CHANGE,,"HISTORICAL UK RETAIL, ISA, ACCOUNT AND BROKER ELIGIBILITY REMAIN PARTLY UNRESOLVED"
ABLATION_EXIT_ONLY_NOT_RUN,WEEKLY,2022-07-29,GLOBAL_OIL_GAS,WEAKENING,,"{""GLOBAL_OIL_GAS"": 1.0}","{""GLOBAL_OIL_GAS"": 1.0}",1.0,3,POSITIVE,1.0,1.0,0.0,NO_TARGET_CHANGE,,"HISTORICAL UK RETAIL, ISA, ACCOUNT AND BROKER ELIGIBILITY REMAIN PARTLY UNRESOLVED"
ABLATION_EXIT_ONLY_NOT_RUN,WEEKLY,2022-08-05,GLOBAL_OIL_GAS,FAILED,,"{""GLOBAL_OIL_GAS"": 1.0}","{""GLOBAL_OIL_GAS"": 1.0}",1.0,4,STRONG,1.0,1.0,0.0,NO_TARGET_CHANGE,,"HISTORICAL UK RETAIL, ISA, ACCOUNT AND BROKER ELIGIBILITY REMAIN PARTLY UNRESOLVED"
ABLATION_EXIT_ONLY_NOT_RUN,WEEKLY,2022-08-12,GLOBAL_OIL_GAS,FAILED,,"{""GLOBAL_OIL_GAS"": 1.0}","{""GLOBAL_OIL_GAS"": 1.0}",1.0,4,STRONG,1.0,1.0,0.0,NO_TARGET_CHANGE,,"HISTORICAL UK RETAIL, ISA, ACCOUNT AND BROKER ELIGIBILITY REMAIN PARTLY UNRESOLVED"
ABLATION_EXIT_ONLY_NOT_RUN,WEEKLY,2022-08-19,GLOBAL_OIL_GAS,FAILED,,"{""GLOBAL_OIL_GAS"": 1.0}","{""GLOBAL_OIL_GAS"": 1.0}",1.0,3,MATURE,1.0,1.0,0.0,NO_TARGET_CHANGE,,"HISTORICAL UK RETAIL, ISA, ACCOUNT AND BROKER ELIGIBILITY REMAIN PARTLY UNRESOLVED"
ABLATION_EXIT_ONLY_NOT_RUN,WEEKLY,2022-08-26,GLOBAL_OIL_GAS,OTHER,,"{""GLOBAL_OIL_GAS"": 1.0}","{""GLOBAL_OIL_GAS"": 1.0}",1.0,4,STRONG,1.0,1.0,0.0,NO_TARGET_CHANGE,,"HISTORICAL UK RETAIL, ISA, ACCOUNT AND BROKER ELIGIBILITY REMAIN PARTLY UNRESOLVED"
ABLATION_EXIT_ONLY_NOT_RUN,WEEKLY,2022-08-31,GLOBAL_INFRASTRUCTURE,WEAKENING,,"{""GLOBAL_INFRASTRUCTURE"": 1.0}","{""GLOBAL_INFRASTRUCTURE"": 1.0}",1.0,4,STRONG,1.0,1.0,0.0,PLANNED,2022-09-01,"HISTORICAL UK RETAIL, ISA, ACCOUNT AND BROKER ELIGIBILITY REMAIN PARTLY UNRESOLVED"
ABLATION_EXIT_ONLY_NOT_RUN,WEEKLY,2022-09-02,GLOBAL_INFRASTRUCTURE,ESTABLISHED,,"{""GLOBAL_INFRASTRUCTURE"": 1.0}","{""GLOBAL_INFRASTRUCTURE"": 1.0}",1.0,3,MATURE,1.0,1.0,0.0,NO_TARGET_CHANGE,,"HISTORICAL UK RETAIL, ISA, ACCOUNT AND BROKER ELIGIBILITY REMAIN PARTLY UNRESOLVED"
ABLATION_EXIT_ONLY_NOT_RUN,WEEKLY,2022-09-09,GLOBAL_INFRASTRUCTURE,OTHER,,"{""GLOBAL_INFRASTRUCTURE"": 1.0}","{""GLOBAL_INFRASTRUCTURE"": 1.0}",1.0,3,MATURE,1.0,1.0,0.0,NO_TARGET_CHANGE,,"HISTORICAL UK RETAIL, ISA, ACCOUNT AND BROKER ELIGIBILITY REMAIN PARTLY UNRESOLVED"
ABLATION_EXIT_ONLY_NOT_RUN,WEEKLY,2022-09-16,GLOBAL_INFRASTRUCTURE,OTHER,,"{""GLOBAL_INFRASTRUCTURE"": 1.0}","{""GLOBAL_INFRASTRUCTURE"": 1.0}",1.0,4,STRONG,1.0,1.0,0.0,NO_TARGET_CHANGE,,"HISTORICAL UK RETAIL, ISA, ACCOUNT AND BROKER ELIGIBILITY REMAIN PARTLY UNRESOLVED"
ABLATION_EXIT_ONLY_NOT_RUN,WEEKLY,2022-09-23,GLOBAL_INFRASTRUCTURE,OTHER,,"{""GLOBAL_INFRASTRUCTURE"": 1.0}","{""GLOBAL_INFRASTRUCTURE"": 1.0}",1.0,3,MATURE,1.0,1.0,0.0,NO_TARGET_CHANGE,,"HISTORICAL UK RETAIL, ISA, ACCOUNT AND BROKER ELIGIBILITY REMAIN PARTLY UNRESOLVED"
ABLATION_EXIT_ONLY_NOT_RUN,WEEKLY,2022-09-30,GLOBAL_OIL_GAS,ESTABLISHED,,"{""GLOBAL_OIL_GAS"": 1.0}","{""GLOBAL_OIL_GAS"": 1.0}",1.0,2,HOSTILE,1.0,1.0,0.0,PLANNED,2022-10-03,"HISTORICAL UK RETAIL, ISA, ACCOUNT AND BROKER ELIGIBILITY REMAIN PARTLY UNRESOLVED"
ABLATION_EXIT_ONLY_NOT_RUN,WEEKLY,2022-10-07,GLOBAL_OIL_GAS,EXTENDED,,"{""GLOBAL_OIL_GAS"": 1.0}","{""GLOBAL_OIL_GAS"": 1.0}",1.0,3,HOSTILE,1.0,1.0,0.0,NO_TARGET_CHANGE,,"HISTORICAL UK RETAIL, ISA, ACCOUNT AND BROKER ELIGIBILITY REMAIN PARTLY UNRESOLVED"
ABLATION_EXIT_ONLY_NOT_RUN,WEEKLY,2022-10-14,GLOBAL_OIL_GAS,EXTENDED,,"{""GLOBAL_OIL_GAS"": 1.0}","{""GLOBAL_OIL_GAS"": 1.0}",1.0,3,HOSTILE,1.0,1.0,0.0,NO_TARGET_CHANGE,,"HISTORICAL UK RETAIL, ISA, ACCOUNT AND BROKER ELIGIBILITY REMAIN PARTLY UNRESOLVED"
ABLATION_EXIT_ONLY_NOT_RUN,WEEKLY,2022-10-21,GLOBAL_OIL_GAS,EXTENDED,,"{""GLOBAL_OIL_GAS"": 1.0}","{""GLOBAL_OIL_GAS"": 1.0}",1.0,2,HOSTILE,1.0,1.0,0.0,NO_TARGET_CHANGE,,"HISTORICAL UK RETAIL, ISA, ACCOUNT AND BROKER ELIGIBILITY REMAIN PARTLY UNRESOLVED"
ABLATION_EXIT_ONLY_NOT_RUN,WEEKLY,2022-10-28,GLOBAL_OIL_GAS,ESTABLISHED,,"{""GLOBAL_OIL_GAS"": 1.0}","{""GLOBAL_OIL_GAS"": 1.0}",1.0,3,HOSTILE,1.0,1.0,0.0,NO_TARGET_CHANGE,,"HISTORICAL UK RETAIL, ISA, ACCOUNT AND BROKER ELIGIBILITY REMAIN PARTLY UNRESOLVED"
ABLATION_EXIT_ONLY_NOT_RUN,WEEKLY,2022-10-31,GLOBAL_OIL_GAS,EXTENDED,,"{""GLOBAL_OIL_GAS"": 1.0}","{""GLOBAL_OIL_GAS"": 1.0}",1.0,3,HOSTILE,1.0,1.0,0.0,NO_TARGET_CHANGE,,"HISTORICAL UK RETAIL, ISA, ACCOUNT AND BROKER ELIGIBILITY REMAIN PARTLY UNRESOLVED"
ABLATION_EXIT_ONLY_NOT_RUN,WEEKLY,2022-11-04,GLOBAL_OIL_GAS,EXTENDED,,"{""GLOBAL_OIL_GAS"": 1.0}","{""GLOBAL_OIL_GAS"": 1.0}",1.0,4,STRONG,1.0,1.0,0.0,NO_TARGET_CHANGE,,"HISTORICAL UK RETAIL, ISA, ACCOUNT AND BROKER ELIGIBILITY REMAIN PARTLY UNRESOLVED"
ABLATION_EXIT_ONLY_NOT_RUN,WEEKLY,2022-11-11,GLOBAL_OIL_GAS,WEAKENING,,"{""GLOBAL_OIL_GAS"": 1.0}","{""GLOBAL_OIL_GAS"": 1.0}",1.0,3,MATURE,1.0,1.0,0.0,NO_TARGET_CHANGE,,"HISTORICAL UK RETAIL, ISA, ACCOUNT AND BROKER ELIGIBILITY REMAIN PARTLY UNRESOLVED"
ABLATION_EXIT_ONLY_NOT_RUN,WEEKLY,2022-11-18,GLOBAL_OIL_GAS,WEAKENING,,"{""GLOBAL_OIL_GAS"": 1.0}","{""GLOBAL_OIL_GAS"": 1.0}",1.0,2,DETERIORATING,1.0,1.0,0.0,NO_TARGET_CHANGE,,"HISTORICAL UK RETAIL, ISA, ACCOUNT AND BROKER ELIGIBILITY REMAIN PARTLY UNRESOLVED"
ABLATION_EXIT_ONLY_NOT_RUN,WEEKLY,2022-11-25,GLOBAL_OIL_GAS,WEAKENING,,"{""GLOBAL_OIL_GAS"": 1.0}","{""GLOBAL_OIL_GAS"": 1.0}",1.0,4,STRONG,1.0,1.0,0.0,NO_TARGET_CHANGE,,"HISTORICAL UK RETAIL, ISA, ACCOUNT AND BROKER ELIGIBILITY REMAIN PARTLY UNRESOLVED"
ABLATION_EXIT_ONLY_NOT_RUN,WEEKLY,2022-11-30,EUROPE_BANKS,EXTENDED,,"{""EUROPE_BANKS"": 1.0}","{""EUROPE_BANKS"": 1.0}",1.0,4,STRONG,1.0,1.0,0.0,PLANNED,2022-12-01,"HISTORICAL UK RETAIL, ISA, ACCOUNT AND BROKER ELIGIBILITY REMAIN PARTLY UNRESOLVED"
ABLATION_EXIT_ONLY_NOT_RUN,WEEKLY,2022-12-02,EUROPE_BANKS,EXTENDED,,"{""EUROPE_BANKS"": 1.0}","{""EUROPE_BANKS"": 1.0}",1.0,4,STRONG,1.0,1.0,0.0,NO_TARGET_CHANGE,,"HISTORICAL UK RETAIL, ISA, ACCOUNT AND BROKER ELIGIBILITY REMAIN PARTLY UNRESOLVED"
ABLATION_EXIT_ONLY_NOT_RUN,WEEKLY,2022-12-09,EUROPE_BANKS,EXTENDED,,"{""EUROPE_BANKS"": 1.0}","{""EUROPE_BANKS"": 1.0}",1.0,3,HOSTILE,1.0,1.0,0.0,NO_TARGET_CHANGE,,"HISTORICAL UK RETAIL, ISA, ACCOUNT AND BROKER ELIGIBILITY REMAIN PARTLY UNRESOLVED"
ABLATION_EXIT_ONLY_NOT_RUN,WEEKLY,2022-12-16,EUROPE_BANKS,ESTABLISHED,,"{""EUROPE_BANKS"": 1.0}","{""EUROPE_BANKS"": 1.0}",1.0,3,HOSTILE,1.0,1.0,0.0,NO_TARGET_CHANGE,,"HISTORICAL UK RETAIL, ISA, ACCOUNT AND BROKER ELIGIBILITY REMAIN PARTLY UNRESOLVED"
ABLATION_EXIT_ONLY_NOT_RUN,WEEKLY,2022-12-23,EUROPE_BANKS,EXTENDED,,"{""EUROPE_BANKS"": 1.0}","{""EUROPE_BANKS"": 1.0}",1.0,3,MATURE,1.0,1.0,0.0,NO_TARGET_CHANGE,,"HISTORICAL UK RETAIL, ISA, ACCOUNT AND BROKER ELIGIBILITY REMAIN PARTLY UNRESOLVED"
ABLATION_EXIT_ONLY_NOT_RUN,WEEKLY,2022-12-30,EUROPE_BANKS,EXTENDED,,"{""EUROPE_BANKS"": 1.0}","{""EUROPE_BANKS"": 1.0}",1.0,3,MATURE,1.0,1.0,0.0,NO_TARGET_CHANGE,,"HISTORICAL UK RETAIL, ISA, ACCOUNT AND BROKER ELIGIBILITY REMAIN PARTLY UNRESOLVED"
ABLATION_EXIT_ONLY_NOT_RUN,WEEKLY,2023-01-06,EUROPE_BANKS,EXTENDED,,"{""EUROPE_BANKS"": 1.0}","{""EUROPE_BANKS"": 1.0}",1.0,3,MATURE,1.0,1.0,0.0,NO_TARGET_CHANGE,,"HISTORICAL UK RETAIL, ISA, ACCOUNT AND BROKER ELIGIBILITY REMAIN PARTLY UNRESOLVED"
ABLATION_EXIT_ONLY_NOT_RUN,WEEKLY,2023-01-13,EUROPE_BANKS,OTHER,,"{""EUROPE_BANKS"": 1.0}","{""EUROPE_BANKS"": 1.0}",1.0,5,STRONG,1.0,1.0,0.0,NO_TARGET_CHANGE,,"HISTORICAL UK RETAIL, ISA, ACCOUNT AND BROKER ELIGIBILITY REMAIN PARTLY UNRESOLVED"
ABLATION_EXIT_ONLY_NOT_RUN,WEEKLY,2023-01-20,EUROPE_BANKS,EXTENDED,,"{""EUROPE_BANKS"": 1.0}","{""EUROPE_BANKS"": 1.0}",1.0,3,DETERIORATING,1.0,1.0,0.0,NO_TARGET_CHANGE,,"HISTORICAL UK RETAIL, ISA, ACCOUNT AND BROKER ELIGIBILITY REMAIN PARTLY UNRESOLVED"
ABLATION_EXIT_ONLY_NOT_RUN,WEEKLY,2023-01-27,EUROPE_BANKS,EXTENDED,,"{""EUROPE_BANKS"": 1.0}","{""EUROPE_BANKS"": 1.0}",1.0,5,STRONG,1.0,1.0,0.0,NO_TARGET_CHANGE,,"HISTORICAL UK RETAIL, ISA, ACCOUNT AND BROKER ELIGIBILITY REMAIN PARTLY UNRESOLVED"
ABLATION_EXIT_ONLY_NOT_RUN,WEEKLY,2023-01-31,EUROPE_BANKS,EXTENDED,,"{""EUROPE_BANKS"": 1.0}","{""EUROPE_BANKS"": 1.0}",1.0,5,STRONG,1.0,1.0,0.0,NO_TARGET_CHANGE,,"HISTORICAL UK RETAIL, ISA, ACCOUNT AND BROKER ELIGIBILITY REMAIN PARTLY UNRESOLVED"
ABLATION_EXIT_ONLY_NOT_RUN,WEEKLY,2023-02-03,EUROPE_BANKS,EXTENDED,,"{""EUROPE_BANKS"": 1.0}","{""EUROPE_BANKS"": 1.0}",1.0,4,MATURE,1.0,1.0,0.0,NO_TARGET_CHANGE,,"HISTORICAL UK RETAIL, ISA, ACCOUNT AND BROKER ELIGIBILITY REMAIN PARTLY UNRESOLVED"
ABLATION_EXIT_ONLY_NOT_RUN,WEEKLY,2023-02-10,EUROPE_BANKS,EXTENDED,,"{""EUROPE_BANKS"": 1.0}","{""EUROPE_BANKS"": 1.0}",1.0,4,MATURE,1.0,1.0,0.0,NO_TARGET_CHANGE,,"HISTORICAL UK RETAIL, ISA, ACCOUNT AND BROKER ELIGIBILITY REMAIN PARTLY UNRESOLVED"
ABLATION_EXIT_ONLY_NOT_RUN,WEEKLY,2023-02-17,EUROPE_BANKS,EXTENDED,,"{""EUROPE_BANKS"": 1.0}","{""EUROPE_BANKS"": 1.0}",1.0,3,DETERIORATING,1.0,1.0,0.0,NO_TARGET_CHANGE,,"HISTORICAL UK RETAIL, ISA, ACCOUNT AND BROKER ELIGIBILITY REMAIN PARTLY UNRESOLVED"
ABLATION_EXIT_ONLY_NOT_RUN,WEEKLY,2023-02-24,EUROPE_BANKS,EXTENDED,,"{""EUROPE_BANKS"": 1.0}","{""EUROPE_BANKS"": 1.0}",1.0,3,DETERIORATING,1.0,1.0,0.0,NO_TARGET_CHANGE,,"HISTORICAL UK RETAIL, ISA, ACCOUNT AND BROKER ELIGIBILITY REMAIN PARTLY UNRESOLVED"
ABLATION_EXIT_ONLY_NOT_RUN,WEEKLY,2023-02-28,EUROPE_BANKS,EXTENDED,,"{""EUROPE_BANKS"": 1.0}","{""EUROPE_BANKS"": 1.0}",1.0,3,DETERIORATING,1.0,1.0,0.0,NO_TARGET_CHANGE,,"HISTORICAL UK RETAIL, ISA, ACCOUNT AND BROKER ELIGIBILITY REMAIN PARTLY UNRESOLVED"
ABLATION_EXIT_ONLY_NOT_RUN,WEEKLY,2023-03-03,EUROPE_BANKS,EXTENDED,,"{""EUROPE_BANKS"": 1.0}","{""EUROPE_BANKS"": 1.0}",1.0,3,DETERIORATING,1.0,1.0,0.0,NO_TARGET_CHANGE,,"HISTORICAL UK RETAIL, ISA, ACCOUNT AND BROKER ELIGIBILITY REMAIN PARTLY UNRESOLVED"
ABLATION_EXIT_ONLY_NOT_RUN,WEEKLY,2023-03-10,EUROPE_BANKS,EXTENDED,,"{""EUROPE_BANKS"": 1.0}","{""EUROPE_BANKS"": 1.0}",1.0,4,MATURE,1.0,1.0,0.0,NO_TARGET_CHANGE,,"HISTORICAL UK RETAIL, ISA, ACCOUNT AND BROKER ELIGIBILITY REMAIN PARTLY UNRESOLVED"
ABLATION_EXIT_ONLY_NOT_RUN,WEEKLY,2023-03-17,EUROPE_BANKS,WEAKENING,,"{""EUROPE_BANKS"": 1.0}","{""EUROPE_BANKS"": 1.0}",1.0,0,HOSTILE,1.0,1.0,0.0,NO_TARGET_CHANGE,,"HISTORICAL UK RETAIL, ISA, ACCOUNT AND BROKER ELIGIBILITY REMAIN PARTLY UNRESOLVED"
ABLATION_EXIT_ONLY_NOT_RUN,WEEKLY,2023-03-24,EUROPE_BANKS,FAILED,,"{""EUROPE_BANKS"": 1.0}","{""EUROPE_BANKS"": 1.0}",1.0,2,HOSTILE,1.0,1.0,0.0,NO_TARGET_CHANGE,,"HISTORICAL UK RETAIL, ISA, ACCOUNT AND BROKER ELIGIBILITY REMAIN PARTLY UNRESOLVED"
ABLATION_EXIT_ONLY_NOT_RUN,WEEKLY,2023-03-31,GLOBAL_SEMICONDUCTORS,EXTENDED,,"{""GLOBAL_SEMICONDUCTORS"": 1.0}","{""GLOBAL_SEMICONDUCTORS"": 1.0}",1.0,3,MATURE,1.0,1.0,0.0,PLANNED,2023-04-03,"HISTORICAL UK RETAIL, ISA, ACCOUNT AND BROKER ELIGIBILITY REMAIN PARTLY UNRESOLVED"
ABLATION_EXIT_ONLY_NOT_RUN,WEEKLY,2023-04-06,GLOBAL_SEMICONDUCTORS,EXTENDED,,"{""GLOBAL_SEMICONDUCTORS"": 1.0}","{""GLOBAL_SEMICONDUCTORS"": 1.0}",1.0,1,DETERIORATING,1.0,1.0,0.0,NO_TARGET_CHANGE,,"HISTORICAL UK RETAIL, ISA, ACCOUNT AND BROKER ELIGIBILITY REMAIN PARTLY UNRESOLVED"
ABLATION_EXIT_ONLY_NOT_RUN,WEEKLY,2023-04-14,GLOBAL_SEMICONDUCTORS,ESTABLISHED,,"{""GLOBAL_SEMICONDUCTORS"": 1.0}","{""GLOBAL_SEMICONDUCTORS"": 1.0}",1.0,2,DETERIORATING,1.0,1.0,0.0,NO_TARGET_CHANGE,,"HISTORICAL UK RETAIL, ISA, ACCOUNT AND BROKER ELIGIBILITY REMAIN PARTLY UNRESOLVED"
ABLATION_EXIT_ONLY_NOT_RUN,WEEKLY,2023-04-21,GLOBAL_SEMICONDUCTORS,WEAKENING,,"{""GLOBAL_SEMICONDUCTORS"": 1.0}","{""GLOBAL_SEMICONDUCTORS"": 1.0}",1.0,3,MATURE,1.0,1.0,0.0,NO_TARGET_CHANGE,,"HISTORICAL UK RETAIL, ISA, ACCOUNT AND BROKER ELIGIBILITY REMAIN PARTLY UNRESOLVED"
ABLATION_EXIT_ONLY_NOT_RUN,WEEKLY,2023-04-28,GLOBAL_SEMICONDUCTORS,WEAKENING,,"{""GLOBAL_SEMICONDUCTORS"": 1.0}","{""GLOBAL_SEMICONDUCTORS"": 1.0}",1.0,2,DETERIORATING,1.0,1.0,0.0,NO_TARGET_CHANGE,,"HISTORICAL UK RETAIL, ISA, ACCOUNT AND BROKER ELIGIBILITY REMAIN PARTLY UNRESOLVED"
ABLATION_EXIT_ONLY_NOT_RUN,WEEKLY,2023-05-05,GLOBAL_SEMICONDUCTORS,FAILED,,"{""GLOBAL_SEMICONDUCTORS"": 1.0}","{""GLOBAL_SEMICONDUCTORS"": 1.0}",1.0,3,MATURE,1.0,1.0,0.0,NO_TARGET_CHANGE,,"HISTORICAL UK RETAIL, ISA, ACCOUNT AND BROKER ELIGIBILITY REMAIN PARTLY UNRESOLVED"
ABLATION_EXIT_ONLY_NOT_RUN,WEEKLY,2023-05-12,GLOBAL_SEMICONDUCTORS,FAILED,,"{""GLOBAL_SEMICONDUCTORS"": 1.0}","{""GLOBAL_SEMICONDUCTORS"": 1.0}",1.0,2,POSITIVE,1.0,1.0,0.0,NO_TARGET_CHANGE,,"HISTORICAL UK RETAIL, ISA, ACCOUNT AND BROKER ELIGIBILITY REMAIN PARTLY UNRESOLVED"
ABLATION_EXIT_ONLY_NOT_RUN,WEEKLY,2023-05-19,GLOBAL_SEMICONDUCTORS,WEAKENING,,"{""GLOBAL_SEMICONDUCTORS"": 1.0}","{""GLOBAL_SEMICONDUCTORS"": 1.0}",1.0,2,POSITIVE,1.0,1.0,0.0,NO_TARGET_CHANGE,,"HISTORICAL UK RETAIL, ISA, ACCOUNT AND BROKER ELIGIBILITY REMAIN PARTLY UNRESOLVED"
ABLATION_EXIT_ONLY_NOT_RUN,WEEKLY,2023-05-26,GLOBAL_SEMICONDUCTORS,WEAKENING,,"{""GLOBAL_SEMICONDUCTORS"": 1.0}","{""GLOBAL_SEMICONDUCTORS"": 1.0}",1.0,1,POSITIVE,1.0,1.0,0.0,NO_TARGET_CHANGE,,"HISTORICAL UK RETAIL, ISA, ACCOUNT AND BROKER ELIGIBILITY REMAIN PARTLY UNRESOLVED"
ABLATION_EXIT_ONLY_NOT_RUN,WEEKLY,2023-05-31,GLOBAL_SEMICONDUCTORS,EXTENDED,,"{""GLOBAL_SEMICONDUCTORS"": 1.0}","{""GLOBAL_SEMICONDUCTORS"": 1.0}",1.0,1,POSITIVE,1.0,1.0,0.0,NO_TARGET_CHANGE,,"HISTORICAL UK RETAIL, ISA, ACCOUNT AND BROKER ELIGIBILITY REMAIN PARTLY UNRESOLVED"
ABLATION_EXIT_ONLY_NOT_RUN,WEEKLY,2023-06-02,GLOBAL_SEMICONDUCTORS,EXTENDED,,"{""GLOBAL_SEMICONDUCTORS"": 1.0}","{""GLOBAL_SEMICONDUCTORS"": 1.0}",1.0,2,POSITIVE,1.0,1.0,0.0,NO_TARGET_CHANGE,,"HISTORICAL UK RETAIL, ISA, ACCOUNT AND BROKER ELIGIBILITY REMAIN PARTLY UNRESOLVED"
ABLATION_EXIT_ONLY_NOT_RUN,WEEKLY,2023-06-09,GLOBAL_SEMICONDUCTORS,EXTENDED,,"{""GLOBAL_SEMICONDUCTORS"": 1.0}","{""GLOBAL_SEMICONDUCTORS"": 1.0}",1.0,1,POSITIVE,1.0,1.0,0.0,NO_TARGET_CHANGE,,"HISTORICAL UK RETAIL, ISA, ACCOUNT AND BROKER ELIGIBILITY REMAIN PARTLY UNRESOLVED"
ABLATION_EXIT_ONLY_NOT_RUN,WEEKLY,2023-06-16,GLOBAL_SEMICONDUCTORS,EXTENDED,,"{""GLOBAL_SEMICONDUCTORS"": 1.0}","{""GLOBAL_SEMICONDUCTORS"": 1.0}",1.0,3,POSITIVE,1.0,1.0,0.0,NO_TARGET_CHANGE,,"HISTORICAL UK RETAIL, ISA, ACCOUNT AND BROKER ELIGIBILITY REMAIN PARTLY UNRESOLVED"
ABLATION_EXIT_ONLY_NOT_RUN,WEEKLY,2023-06-23,GLOBAL_SEMICONDUCTORS,ESTABLISHED,,"{""GLOBAL_SEMICONDUCTORS"": 1.0}","{""GLOBAL_SEMICONDUCTORS"": 1.0}",1.0,1,POSITIVE,1.0,1.0,0.0,NO_TARGET_CHANGE,,"HISTORICAL UK RETAIL, ISA, ACCOUNT AND BROKER ELIGIBILITY REMAIN PARTLY UNRESOLVED"
ABLATION_EXIT_ONLY_NOT_RUN,WEEKLY,2023-06-30,GLOBAL_SEMICONDUCTORS,EXTENDED,,"{""GLOBAL_SEMICONDUCTORS"": 1.0}","{""GLOBAL_SEMICONDUCTORS"": 1.0}",1.0,2,POSITIVE,1.0,1.0,0.0,NO_TARGET_CHANGE,,"HISTORICAL UK RETAIL, ISA, ACCOUNT AND BROKER ELIGIBILITY REMAIN PARTLY UNRESOLVED"
ABLATION_EXIT_ONLY_NOT_RUN,WEEKLY,2023-07-07,GLOBAL_SEMICONDUCTORS,ESTABLISHED,,"{""GLOBAL_SEMICONDUCTORS"": 1.0}","{""GLOBAL_SEMICONDUCTORS"": 1.0}",1.0,2,POSITIVE,1.0,1.0,0.0,NO_TARGET_CHANGE,,"HISTORICAL UK RETAIL, ISA, ACCOUNT AND BROKER ELIGIBILITY REMAIN PARTLY UNRESOLVED"
ABLATION_EXIT_ONLY_NOT_RUN,WEEKLY,2023-07-14,GLOBAL_SEMICONDUCTORS,EXTENDED,,"{""GLOBAL_SEMICONDUCTORS"": 1.0}","{""GLOBAL_SEMICONDUCTORS"": 1.0}",1.0,3,POSITIVE,1.0,1.0,0.0,NO_TARGET_CHANGE,,"HISTORICAL UK RETAIL, ISA, ACCOUNT AND BROKER ELIGIBILITY REMAIN PARTLY UNRESOLVED"
ABLATION_EXIT_ONLY_NOT_RUN,WEEKLY,2023-07-21,GLOBAL_SEMICONDUCTORS,WEAKENING,,"{""GLOBAL_SEMICONDUCTORS"": 1.0}","{""GLOBAL_SEMICONDUCTORS"": 1.0}",1.0,2,POSITIVE,1.0,1.0,0.0,NO_TARGET_CHANGE,,"HISTORICAL UK RETAIL, ISA, ACCOUNT AND BROKER ELIGIBILITY REMAIN PARTLY UNRESOLVED"
ABLATION_EXIT_ONLY_NOT_RUN,WEEKLY,2023-07-28,GLOBAL_SEMICONDUCTORS,WEAKENING,,"{""GLOBAL_SEMICONDUCTORS"": 1.0}","{""GLOBAL_SEMICONDUCTORS"": 1.0}",1.0,4,STRONG,1.0,1.0,0.0,NO_TARGET_CHANGE,,"HISTORICAL UK RETAIL, ISA, ACCOUNT AND BROKER ELIGIBILITY REMAIN PARTLY UNRESOLVED"
ABLATION_EXIT_ONLY_NOT_RUN,WEEKLY,2023-07-31,GLOBAL_SEMICONDUCTORS,WEAKENING,,"{""GLOBAL_SEMICONDUCTORS"": 1.0}","{""GLOBAL_SEMICONDUCTORS"": 1.0}",1.0,4,STRONG,1.0,1.0,0.0,NO_TARGET_CHANGE,,"HISTORICAL UK RETAIL, ISA, ACCOUNT AND BROKER ELIGIBILITY REMAIN PARTLY UNRESOLVED"
ABLATION_EXIT_ONLY_NOT_RUN,WEEKLY,2023-08-04,GLOBAL_SEMICONDUCTORS,WEAKENING,,"{""GLOBAL_SEMICONDUCTORS"": 1.0}","{""GLOBAL_SEMICONDUCTORS"": 1.0}",1.0,4,STRONG,1.0,1.0,0.0,NO_TARGET_CHANGE,,"HISTORICAL UK RETAIL, ISA, ACCOUNT AND BROKER ELIGIBILITY REMAIN PARTLY UNRESOLVED"
ABLATION_EXIT_ONLY_NOT_RUN,WEEKLY,2023-08-11,GLOBAL_SEMICONDUCTORS,WEAKENING,,"{""GLOBAL_SEMICONDUCTORS"": 1.0}","{""GLOBAL_SEMICONDUCTORS"": 1.0}",1.0,4,STRONG,1.0,1.0,0.0,NO_TARGET_CHANGE,,"HISTORICAL UK RETAIL, ISA, ACCOUNT AND BROKER ELIGIBILITY REMAIN PARTLY UNRESOLVED"
ABLATION_EXIT_ONLY_NOT_RUN,WEEKLY,2023-08-18,GLOBAL_SEMICONDUCTORS,WEAKENING,,"{""GLOBAL_SEMICONDUCTORS"": 1.0}","{""GLOBAL_SEMICONDUCTORS"": 1.0}",1.0,3,MATURE,1.0,1.0,0.0,NO_TARGET_CHANGE,,"HISTORICAL UK RETAIL, ISA, ACCOUNT AND BROKER ELIGIBILITY REMAIN PARTLY UNRESOLVED"
ABLATION_EXIT_ONLY_NOT_RUN,WEEKLY,2023-08-25,GLOBAL_SEMICONDUCTORS,FAILED,,"{""GLOBAL_SEMICONDUCTORS"": 1.0}","{""GLOBAL_SEMICONDUCTORS"": 1.0}",1.0,4,STRONG,1.0,1.0,0.0,NO_TARGET_CHANGE,,"HISTORICAL UK RETAIL, ISA, ACCOUNT AND BROKER ELIGIBILITY REMAIN PARTLY UNRESOLVED"
ABLATION_EXIT_ONLY_NOT_RUN,WEEKLY,2023-08-31,GLOBAL_SEMICONDUCTORS,WEAKENING,,"{""GLOBAL_SEMICONDUCTORS"": 1.0}","{""GLOBAL_SEMICONDUCTORS"": 1.0}",1.0,4,STRONG,1.0,1.0,0.0,NO_TARGET_CHANGE,,"HISTORICAL UK RETAIL, ISA, ACCOUNT AND BROKER ELIGIBILITY REMAIN PARTLY UNRESOLVED"
ABLATION_EXIT_ONLY_NOT_RUN,WEEKLY,2023-09-01,GLOBAL_SEMICONDUCTORS,WEAKENING,,"{""GLOBAL_SEMICONDUCTORS"": 1.0}","{""GLOBAL_SEMICONDUCTORS"": 1.0}",1.0,2,DETERIORATING,1.0,1.0,0.0,NO_TARGET_CHANGE,,"HISTORICAL UK RETAIL, ISA, ACCOUNT AND BROKER ELIGIBILITY REMAIN PARTLY UNRESOLVED"
ABLATION_EXIT_ONLY_NOT_RUN,WEEKLY,2023-09-08,GLOBAL_SEMICONDUCTORS,FAILED,,"{""GLOBAL_SEMICONDUCTORS"": 1.0}","{""GLOBAL_SEMICONDUCTORS"": 1.0}",1.0,2,DETERIORATING,1.0,1.0,0.0,NO_TARGET_CHANGE,,"HISTORICAL UK RETAIL, ISA, ACCOUNT AND BROKER ELIGIBILITY REMAIN PARTLY UNRESOLVED"
ABLATION_EXIT_ONLY_NOT_RUN,WEEKLY,2023-09-15,GLOBAL_SEMICONDUCTORS,FAILED,,"{""GLOBAL_SEMICONDUCTORS"": 1.0}","{""GLOBAL_SEMICONDUCTORS"": 1.0}",1.0,3,MATURE,1.0,1.0,0.0,NO_TARGET_CHANGE,,"HISTORICAL UK RETAIL, ISA, ACCOUNT AND BROKER ELIGIBILITY REMAIN PARTLY UNRESOLVED"
ABLATION_EXIT_ONLY_NOT_RUN,WEEKLY,2023-09-22,GLOBAL_SEMICONDUCTORS,FAILED,,"{""GLOBAL_SEMICONDUCTORS"": 1.0}","{""GLOBAL_SEMICONDUCTORS"": 1.0}",1.0,4,STRONG,1.0,1.0,0.0,NO_TARGET_CHANGE,,"HISTORICAL UK RETAIL, ISA, ACCOUNT AND BROKER ELIGIBILITY REMAIN PARTLY UNRESOLVED"
ABLATION_EXIT_ONLY_NOT_RUN,WEEKLY,2023-09-29,GLOBAL_URANIUM_NUCLEAR,EXTENDED,,"{""GLOBAL_URANIUM_NUCLEAR"": 1.0}","{""GLOBAL_URANIUM_NUCLEAR"": 1.0}",1.0,4,STRONG,1.0,1.0,0.0,PLANNED,2023-10-02,"HISTORICAL UK RETAIL, ISA, ACCOUNT AND BROKER ELIGIBILITY REMAIN PARTLY UNRESOLVED"
ABLATION_EXIT_ONLY_NOT_RUN,WEEKLY,2023-10-06,GLOBAL_URANIUM_NUCLEAR,EXTENDED,,"{""GLOBAL_URANIUM_NUCLEAR"": 1.0}","{""GLOBAL_URANIUM_NUCLEAR"": 1.0}",1.0,3,MATURE,1.0,1.0,0.0,NO_TARGET_CHANGE,,"HISTORICAL UK RETAIL, ISA, ACCOUNT AND BROKER ELIGIBILITY REMAIN PARTLY UNRESOLVED"
ABLATION_EXIT_ONLY_NOT_RUN,WEEKLY,2023-10-13,GLOBAL_URANIUM_NUCLEAR,EXTENDED,,"{""GLOBAL_URANIUM_NUCLEAR"": 1.0}","{""GLOBAL_URANIUM_NUCLEAR"": 1.0}",1.0,3,MATURE,1.0,1.0,0.0,NO_TARGET_CHANGE,,"HISTORICAL UK RETAIL, ISA, ACCOUNT AND BROKER ELIGIBILITY REMAIN PARTLY UNRESOLVED"
ABLATION_EXIT_ONLY_NOT_RUN,WEEKLY,2023-10-20,GLOBAL_URANIUM_NUCLEAR,EXTENDED,,"{""GLOBAL_URANIUM_NUCLEAR"": 1.0}","{""GLOBAL_URANIUM_NUCLEAR"": 1.0}",1.0,4,STRONG,1.0,1.0,0.0,NO_TARGET_CHANGE,,"HISTORICAL UK RETAIL, ISA, ACCOUNT AND BROKER ELIGIBILITY REMAIN PARTLY UNRESOLVED"
ABLATION_EXIT_ONLY_NOT_RUN,WEEKLY,2023-10-27,GLOBAL_URANIUM_NUCLEAR,WEAKENING,,"{""GLOBAL_URANIUM_NUCLEAR"": 1.0}","{""GLOBAL_URANIUM_NUCLEAR"": 1.0}",1.0,2,DETERIORATING,1.0,1.0,0.0,NO_TARGET_CHANGE,,"HISTORICAL UK RETAIL, ISA, ACCOUNT AND BROKER ELIGIBILITY REMAIN PARTLY UNRESOLVED"
ABLATION_EXIT_ONLY_NOT_RUN,WEEKLY,2023-10-31,GLOBAL_URANIUM_NUCLEAR,EXTENDED,,"{""GLOBAL_URANIUM_NUCLEAR"": 1.0}","{""GLOBAL_URANIUM_NUCLEAR"": 1.0}",1.0,2,DETERIORATING,1.0,1.0,0.0,NO_TARGET_CHANGE,,"HISTORICAL UK RETAIL, ISA, ACCOUNT AND BROKER ELIGIBILITY REMAIN PARTLY UNRESOLVED"
ABLATION_EXIT_ONLY_NOT_RUN,WEEKLY,2023-11-03,GLOBAL_URANIUM_NUCLEAR,EXTENDED,,"{""GLOBAL_URANIUM_NUCLEAR"": 1.0}","{""GLOBAL_URANIUM_NUCLEAR"": 1.0}",1.0,3,MATURE,1.0,1.0,0.0,NO_TARGET_CHANGE,,"HISTORICAL UK RETAIL, ISA, ACCOUNT AND BROKER ELIGIBILITY REMAIN PARTLY UNRESOLVED"
ABLATION_EXIT_ONLY_NOT_RUN,WEEKLY,2023-11-10,GLOBAL_URANIUM_NUCLEAR,OTHER,,"{""GLOBAL_URANIUM_NUCLEAR"": 1.0}","{""GLOBAL_URANIUM_NUCLEAR"": 1.0}",1.0,2,DETERIORATING,1.0,1.0,0.0,NO_TARGET_CHANGE,,"HISTORICAL UK RETAIL, ISA, ACCOUNT AND BROKER ELIGIBILITY REMAIN PARTLY UNRESOLVED"
ABLATION_EXIT_ONLY_NOT_RUN,WEEKLY,2023-11-17,GLOBAL_URANIUM_NUCLEAR,ESTABLISHED,,"{""GLOBAL_URANIUM_NUCLEAR"": 1.0}","{""GLOBAL_URANIUM_NUCLEAR"": 1.0}",1.0,4,STRONG,1.0,1.0,0.0,NO_TARGET_CHANGE,,"HISTORICAL UK RETAIL, ISA, ACCOUNT AND BROKER ELIGIBILITY REMAIN PARTLY UNRESOLVED"
ABLATION_EXIT_ONLY_NOT_RUN,WEEKLY,2023-11-24,GLOBAL_URANIUM_NUCLEAR,ESTABLISHED,,"{""GLOBAL_URANIUM_NUCLEAR"": 1.0}","{""GLOBAL_URANIUM_NUCLEAR"": 1.0}",1.0,4,STRONG,1.0,1.0,0.0,NO_TARGET_CHANGE,,"HISTORICAL UK RETAIL, ISA, ACCOUNT AND BROKER ELIGIBILITY REMAIN PARTLY UNRESOLVED"
ABLATION_EXIT_ONLY_NOT_RUN,WEEKLY,2023-11-30,GLOBAL_URANIUM_NUCLEAR,WEAKENING,,"{""GLOBAL_URANIUM_NUCLEAR"": 1.0}","{""GLOBAL_URANIUM_NUCLEAR"": 1.0}",1.0,4,STRONG,1.0,1.0,0.0,NO_TARGET_CHANGE,,"HISTORICAL UK RETAIL, ISA, ACCOUNT AND BROKER ELIGIBILITY REMAIN PARTLY UNRESOLVED"
ABLATION_EXIT_ONLY_NOT_RUN,WEEKLY,2023-12-01,GLOBAL_URANIUM_NUCLEAR,ESTABLISHED,,"{""GLOBAL_URANIUM_NUCLEAR"": 1.0}","{""GLOBAL_URANIUM_NUCLEAR"": 1.0}",1.0,2,DETERIORATING,1.0,1.0,0.0,NO_TARGET_CHANGE,,"HISTORICAL UK RETAIL, ISA, ACCOUNT AND BROKER ELIGIBILITY REMAIN PARTLY UNRESOLVED"
ABLATION_EXIT_ONLY_NOT_RUN,WEEKLY,2023-12-08,GLOBAL_URANIUM_NUCLEAR,WEAKENING,,"{""GLOBAL_URANIUM_NUCLEAR"": 1.0}","{""GLOBAL_URANIUM_NUCLEAR"": 1.0}",1.0,2,DETERIORATING,1.0,1.0,0.0,NO_TARGET_CHANGE,,"HISTORICAL UK RETAIL, ISA, ACCOUNT AND BROKER ELIGIBILITY REMAIN PARTLY UNRESOLVED"
ABLATION_EXIT_ONLY_NOT_RUN,WEEKLY,2023-12-15,GLOBAL_URANIUM_NUCLEAR,WEAKENING,,"{""GLOBAL_URANIUM_NUCLEAR"": 1.0}","{""GLOBAL_URANIUM_NUCLEAR"": 1.0}",1.0,2,DETERIORATING,1.0,1.0,0.0,NO_TARGET_CHANGE,,"HISTORICAL UK RETAIL, ISA, ACCOUNT AND BROKER ELIGIBILITY REMAIN PARTLY UNRESOLVED"
ABLATION_EXIT_ONLY_NOT_RUN,WEEKLY,2023-12-22,GLOBAL_URANIUM_NUCLEAR,FAILED,,"{""GLOBAL_URANIUM_NUCLEAR"": 1.0}","{""GLOBAL_URANIUM_NUCLEAR"": 1.0}",1.0,2,DETERIORATING,1.0,1.0,0.0,NO_TARGET_CHANGE,,"HISTORICAL UK RETAIL, ISA, ACCOUNT AND BROKER ELIGIBILITY REMAIN PARTLY UNRESOLVED"
ABLATION_EXIT_ONLY_NOT_RUN,WEEKLY,2023-12-29,GLOBAL_AI,EXTENDED,,"{""GLOBAL_AI"": 1.0}","{""GLOBAL_AI"": 1.0}",1.0,2,DETERIORATING,1.0,1.0,0.0,PLANNED,2024-01-02,"HISTORICAL UK RETAIL, ISA, ACCOUNT AND BROKER ELIGIBILITY REMAIN PARTLY UNRESOLVED"
ABLATION_EXIT_ONLY_NOT_RUN,WEEKLY,2024-01-05,GLOBAL_AI,ESTABLISHED,,"{""GLOBAL_AI"": 1.0}","{""GLOBAL_AI"": 1.0}",1.0,1,DETERIORATING,1.0,1.0,0.0,NO_TARGET_CHANGE,,"HISTORICAL UK RETAIL, ISA, ACCOUNT AND BROKER ELIGIBILITY REMAIN PARTLY UNRESOLVED"
ABLATION_EXIT_ONLY_NOT_RUN,WEEKLY,2024-01-12,GLOBAL_AI,OTHER,,"{""GLOBAL_AI"": 1.0}","{""GLOBAL_AI"": 1.0}",1.0,2,DETERIORATING,1.0,1.0,0.0,NO_TARGET_CHANGE,,"HISTORICAL UK RETAIL, ISA, ACCOUNT AND BROKER ELIGIBILITY REMAIN PARTLY UNRESOLVED"
ABLATION_EXIT_ONLY_NOT_RUN,WEEKLY,2024-01-19,GLOBAL_AI,OTHER,,"{""GLOBAL_AI"": 1.0}","{""GLOBAL_AI"": 1.0}",1.0,3,MATURE,1.0,1.0,0.0,NO_TARGET_CHANGE,,"HISTORICAL UK RETAIL, ISA, ACCOUNT AND BROKER ELIGIBILITY REMAIN PARTLY UNRESOLVED"
ABLATION_EXIT_ONLY_NOT_RUN,WEEKLY,2024-01-26,GLOBAL_AI,OTHER,,"{""GLOBAL_AI"": 1.0}","{""GLOBAL_AI"": 1.0}",1.0,3,POSITIVE,1.0,1.0,0.0,NO_TARGET_CHANGE,,"HISTORICAL UK RETAIL, ISA, ACCOUNT AND BROKER ELIGIBILITY REMAIN PARTLY UNRESOLVED"
ABLATION_EXIT_ONLY_NOT_RUN,WEEKLY,2024-01-31,GLOBAL_SEMICONDUCTORS,EXTENDED,,"{""GLOBAL_SEMICONDUCTORS"": 1.0}","{""GLOBAL_SEMICONDUCTORS"": 1.0}",1.0,3,POSITIVE,1.0,1.0,0.0,PLANNED,2024-02-01,"HISTORICAL UK RETAIL, ISA, ACCOUNT AND BROKER ELIGIBILITY REMAIN PARTLY UNRESOLVED"
ABLATION_EXIT_ONLY_NOT_RUN,WEEKLY,2024-02-02,GLOBAL_SEMICONDUCTORS,CONFIRMING,,"{""GLOBAL_SEMICONDUCTORS"": 1.0}","{""GLOBAL_SEMICONDUCTORS"": 1.0}",1.0,3,POSITIVE,1.0,1.0,0.0,NO_TARGET_CHANGE,,"HISTORICAL UK RETAIL, ISA, ACCOUNT AND BROKER ELIGIBILITY REMAIN PARTLY UNRESOLVED"
ABLATION_EXIT_ONLY_NOT_RUN,WEEKLY,2024-02-09,GLOBAL_SEMICONDUCTORS,EXTENDED,,"{""GLOBAL_SEMICONDUCTORS"": 1.0}","{""GLOBAL_SEMICONDUCTORS"": 1.0}",1.0,3,POSITIVE,1.0,1.0,0.0,NO_TARGET_CHANGE,,"HISTORICAL UK RETAIL, ISA, ACCOUNT AND BROKER ELIGIBILITY REMAIN PARTLY UNRESOLVED"
ABLATION_EXIT_ONLY_NOT_RUN,WEEKLY,2024-02-16,GLOBAL_SEMICONDUCTORS,EXTENDED,,"{""GLOBAL_SEMICONDUCTORS"": 1.0}","{""GLOBAL_SEMICONDUCTORS"": 1.0}",1.0,2,POSITIVE,1.0,1.0,0.0,NO_TARGET_CHANGE,,"HISTORICAL UK RETAIL, ISA, ACCOUNT AND BROKER ELIGIBILITY REMAIN PARTLY UNRESOLVED"
ABLATION_EXIT_ONLY_NOT_RUN,WEEKLY,2024-02-23,GLOBAL_SEMICONDUCTORS,EXTENDED,,"{""GLOBAL_SEMICONDUCTORS"": 1.0}","{""GLOBAL_SEMICONDUCTORS"": 1.0}",1.0,2,POSITIVE,1.0,1.0,0.0,NO_TARGET_CHANGE,,"HISTORICAL UK RETAIL, ISA, ACCOUNT AND BROKER ELIGIBILITY REMAIN PARTLY UNRESOLVED"
ABLATION_EXIT_ONLY_NOT_RUN,WEEKLY,2024-02-29,GLOBAL_SEMICONDUCTORS,EXTENDED,,"{""GLOBAL_SEMICONDUCTORS"": 1.0}","{""GLOBAL_SEMICONDUCTORS"": 1.0}",1.0,2,POSITIVE,1.0,1.0,0.0,NO_TARGET_CHANGE,,"HISTORICAL UK RETAIL, ISA, ACCOUNT AND BROKER ELIGIBILITY REMAIN PARTLY UNRESOLVED"
ABLATION_EXIT_ONLY_NOT_RUN,WEEKLY,2024-03-01,GLOBAL_SEMICONDUCTORS,EXTENDED,,"{""GLOBAL_SEMICONDUCTORS"": 1.0}","{""GLOBAL_SEMICONDUCTORS"": 1.0}",1.0,3,POSITIVE,1.0,1.0,0.0,NO_TARGET_CHANGE,,"HISTORICAL UK RETAIL, ISA, ACCOUNT AND BROKER ELIGIBILITY REMAIN PARTLY UNRESOLVED"
ABLATION_EXIT_ONLY_NOT_RUN,WEEKLY,2024-03-08,GLOBAL_SEMICONDUCTORS,EXTENDED,,"{""GLOBAL_SEMICONDUCTORS"": 1.0}","{""GLOBAL_SEMICONDUCTORS"": 1.0}",1.0,2,POSITIVE,1.0,1.0,0.0,NO_TARGET_CHANGE,,"HISTORICAL UK RETAIL, ISA, ACCOUNT AND BROKER ELIGIBILITY REMAIN PARTLY UNRESOLVED"
ABLATION_EXIT_ONLY_NOT_RUN,WEEKLY,2024-03-15,GLOBAL_SEMICONDUCTORS,EXTENDED,,"{""GLOBAL_SEMICONDUCTORS"": 1.0}","{""GLOBAL_SEMICONDUCTORS"": 1.0}",1.0,2,POSITIVE,1.0,1.0,0.0,NO_TARGET_CHANGE,,"HISTORICAL UK RETAIL, ISA, ACCOUNT AND BROKER ELIGIBILITY REMAIN PARTLY UNRESOLVED"
ABLATION_EXIT_ONLY_NOT_RUN,WEEKLY,2024-03-22,GLOBAL_SEMICONDUCTORS,EXTENDED,,"{""GLOBAL_SEMICONDUCTORS"": 1.0}","{""GLOBAL_SEMICONDUCTORS"": 1.0}",1.0,2,POSITIVE,1.0,1.0,0.0,NO_TARGET_CHANGE,,"HISTORICAL UK RETAIL, ISA, ACCOUNT AND BROKER ELIGIBILITY REMAIN PARTLY UNRESOLVED"
ABLATION_EXIT_ONLY_NOT_RUN,WEEKLY,2024-03-28,GLOBAL_SEMICONDUCTORS,EXTENDED,,"{""GLOBAL_SEMICONDUCTORS"": 1.0}","{""GLOBAL_SEMICONDUCTORS"": 1.0}",1.0,2,POSITIVE,1.0,1.0,0.0,NO_TARGET_CHANGE,,"HISTORICAL UK RETAIL, ISA, ACCOUNT AND BROKER ELIGIBILITY REMAIN PARTLY UNRESOLVED"
ABLATION_EXIT_ONLY_NOT_RUN,WEEKLY,2024-04-05,GLOBAL_SEMICONDUCTORS,WEAKENING,,"{""GLOBAL_SEMICONDUCTORS"": 1.0}","{""GLOBAL_SEMICONDUCTORS"": 1.0}",1.0,4,STRONG,1.0,1.0,0.0,NO_TARGET_CHANGE,,"HISTORICAL UK RETAIL, ISA, ACCOUNT AND BROKER ELIGIBILITY REMAIN PARTLY UNRESOLVED"
ABLATION_EXIT_ONLY_NOT_RUN,WEEKLY,2024-04-12,GLOBAL_SEMICONDUCTORS,WEAKENING,,"{""GLOBAL_SEMICONDUCTORS"": 1.0}","{""GLOBAL_SEMICONDUCTORS"": 1.0}",1.0,4,STRONG,1.0,1.0,0.0,NO_TARGET_CHANGE,,"HISTORICAL UK RETAIL, ISA, ACCOUNT AND BROKER ELIGIBILITY REMAIN PARTLY UNRESOLVED"
ABLATION_EXIT_ONLY_NOT_RUN,WEEKLY,2024-04-19,GLOBAL_SEMICONDUCTORS,WEAKENING,,"{""GLOBAL_SEMICONDUCTORS"": 1.0}","{""GLOBAL_SEMICONDUCTORS"": 1.0}",1.0,5,STRONG,1.0,1.0,0.0,NO_TARGET_CHANGE,,"HISTORICAL UK RETAIL, ISA, ACCOUNT AND BROKER ELIGIBILITY REMAIN PARTLY UNRESOLVED"
ABLATION_EXIT_ONLY_NOT_RUN,WEEKLY,2024-04-26,GLOBAL_SEMICONDUCTORS,WEAKENING,,"{""GLOBAL_SEMICONDUCTORS"": 1.0}","{""GLOBAL_SEMICONDUCTORS"": 1.0}",1.0,5,STRONG,1.0,1.0,0.0,NO_TARGET_CHANGE,,"HISTORICAL UK RETAIL, ISA, ACCOUNT AND BROKER ELIGIBILITY REMAIN PARTLY UNRESOLVED"
ABLATION_EXIT_ONLY_NOT_RUN,WEEKLY,2024-04-30,EUROPE_BANKS,EXTENDED,,"{""EUROPE_BANKS"": 1.0}","{""EUROPE_BANKS"": 1.0}",1.0,5,STRONG,1.0,1.0,0.0,PLANNED,2024-05-01,"HISTORICAL UK RETAIL, ISA, ACCOUNT AND BROKER ELIGIBILITY REMAIN PARTLY UNRESOLVED"
ABLATION_EXIT_ONLY_NOT_RUN,WEEKLY,2024-05-03,EUROPE_BANKS,EXTENDED,,"{""EUROPE_BANKS"": 1.0}","{""EUROPE_BANKS"": 1.0}",1.0,5,STRONG,1.0,1.0,0.0,NO_TARGET_CHANGE,,"HISTORICAL UK RETAIL, ISA, ACCOUNT AND BROKER ELIGIBILITY REMAIN PARTLY UNRESOLVED"
ABLATION_EXIT_ONLY_NOT_RUN,WEEKLY,2024-05-10,EUROPE_BANKS,EXTENDED,,"{""EUROPE_BANKS"": 1.0}","{""EUROPE_BANKS"": 1.0}",1.0,4,MATURE,1.0,1.0,0.0,NO_TARGET_CHANGE,,"HISTORICAL UK RETAIL, ISA, ACCOUNT AND BROKER ELIGIBILITY REMAIN PARTLY UNRESOLVED"
ABLATION_EXIT_ONLY_NOT_RUN,WEEKLY,2024-05-17,EUROPE_BANKS,EXTENDED,,"{""EUROPE_BANKS"": 1.0}","{""EUROPE_BANKS"": 1.0}",1.0,4,MATURE,1.0,1.0,0.0,NO_TARGET_CHANGE,,"HISTORICAL UK RETAIL, ISA, ACCOUNT AND BROKER ELIGIBILITY REMAIN PARTLY UNRESOLVED"
ABLATION_EXIT_ONLY_NOT_RUN,WEEKLY,2024-05-24,EUROPE_BANKS,EXTENDED,,"{""EUROPE_BANKS"": 1.0}","{""EUROPE_BANKS"": 1.0}",1.0,4,MATURE,1.0,1.0,0.0,NO_TARGET_CHANGE,,"HISTORICAL UK RETAIL, ISA, ACCOUNT AND BROKER ELIGIBILITY REMAIN PARTLY UNRESOLVED"
ABLATION_EXIT_ONLY_NOT_RUN,WEEKLY,2024-05-31,EUROPE_BANKS,EXTENDED,,"{""EUROPE_BANKS"": 1.0}","{""EUROPE_BANKS"": 1.0}",1.0,4,MATURE,1.0,1.0,0.0,NO_TARGET_CHANGE,,"HISTORICAL UK RETAIL, ISA, ACCOUNT AND BROKER ELIGIBILITY REMAIN PARTLY UNRESOLVED"
ABLATION_EXIT_ONLY_NOT_RUN,WEEKLY,2024-06-07,EUROPE_BANKS,ESTABLISHED,,"{""EUROPE_BANKS"": 1.0}","{""EUROPE_BANKS"": 1.0}",1.0,2,DETERIORATING,1.0,1.0,0.0,NO_TARGET_CHANGE,,"HISTORICAL UK RETAIL, ISA, ACCOUNT AND BROKER ELIGIBILITY REMAIN PARTLY UNRESOLVED"
ABLATION_EXIT_ONLY_NOT_RUN,WEEKLY,2024-06-14,EUROPE_BANKS,FAILED,,"{""EUROPE_BANKS"": 1.0}","{""EUROPE_BANKS"": 1.0}",1.0,1,DETERIORATING,1.0,1.0,0.0,NO_TARGET_CHANGE,,"HISTORICAL UK RETAIL, ISA, ACCOUNT AND BROKER ELIGIBILITY REMAIN PARTLY UNRESOLVED"
ABLATION_EXIT_ONLY_NOT_RUN,WEEKLY,2024-06-21,EUROPE_BANKS,WEAKENING,,"{""EUROPE_BANKS"": 1.0}","{""EUROPE_BANKS"": 1.0}",1.0,2,DETERIORATING,1.0,1.0,0.0,NO_TARGET_CHANGE,,"HISTORICAL UK RETAIL, ISA, ACCOUNT AND BROKER ELIGIBILITY REMAIN PARTLY UNRESOLVED"
ABLATION_EXIT_ONLY_NOT_RUN,WEEKLY,2024-06-28,GLOBAL_SEMICONDUCTORS,ESTABLISHED,,"{""GLOBAL_SEMICONDUCTORS"": 1.0}","{""GLOBAL_SEMICONDUCTORS"": 1.0}",1.0,1,DETERIORATING,1.0,1.0,0.0,PLANNED,2024-07-01,"HISTORICAL UK RETAIL, ISA, ACCOUNT AND BROKER ELIGIBILITY REMAIN PARTLY UNRESOLVED"
ABLATION_EXIT_ONLY_NOT_RUN,WEEKLY,2024-07-05,GLOBAL_SEMICONDUCTORS,EXTENDED,,"{""GLOBAL_SEMICONDUCTORS"": 1.0}","{""GLOBAL_SEMICONDUCTORS"": 1.0}",1.0,2,DETERIORATING,1.0,1.0,0.0,NO_TARGET_CHANGE,,"HISTORICAL UK RETAIL, ISA, ACCOUNT AND BROKER ELIGIBILITY REMAIN PARTLY UNRESOLVED"
ABLATION_EXIT_ONLY_NOT_RUN,WEEKLY,2024-07-12,GLOBAL_SEMICONDUCTORS,EXTENDED,,"{""GLOBAL_SEMICONDUCTORS"": 1.0}","{""GLOBAL_SEMICONDUCTORS"": 1.0}",1.0,2,DETERIORATING,1.0,1.0,0.0,NO_TARGET_CHANGE,,"HISTORICAL UK RETAIL, ISA, ACCOUNT AND BROKER ELIGIBILITY REMAIN PARTLY UNRESOLVED"
ABLATION_EXIT_ONLY_NOT_RUN,WEEKLY,2024-07-19,GLOBAL_SEMICONDUCTORS,WEAKENING,,"{""GLOBAL_SEMICONDUCTORS"": 1.0}","{""GLOBAL_SEMICONDUCTORS"": 1.0}",1.0,3,MATURE,1.0,1.0,0.0,NO_TARGET_CHANGE,,"HISTORICAL UK RETAIL, ISA, ACCOUNT AND BROKER ELIGIBILITY REMAIN PARTLY UNRESOLVED"
ABLATION_EXIT_ONLY_NOT_RUN,WEEKLY,2024-07-26,GLOBAL_SEMICONDUCTORS,WEAKENING,,"{""GLOBAL_SEMICONDUCTORS"": 1.0}","{""GLOBAL_SEMICONDUCTORS"": 1.0}",1.0,3,MATURE,1.0,1.0,0.0,NO_TARGET_CHANGE,,"HISTORICAL UK RETAIL, ISA, ACCOUNT AND BROKER ELIGIBILITY REMAIN PARTLY UNRESOLVED"
ABLATION_EXIT_ONLY_NOT_RUN,WEEKLY,2024-07-31,GLOBAL_GOLD_MINERS,ESTABLISHED,,"{""GLOBAL_GOLD_MINERS"": 1.0}","{""GLOBAL_GOLD_MINERS"": 1.0}",1.0,3,MATURE,1.0,1.0,0.0,PLANNED,2024-08-01,"HISTORICAL UK RETAIL, ISA, ACCOUNT AND BROKER ELIGIBILITY REMAIN PARTLY UNRESOLVED"
ABLATION_EXIT_ONLY_NOT_RUN,WEEKLY,2024-08-02,GLOBAL_GOLD_MINERS,ESTABLISHED,,"{""GLOBAL_GOLD_MINERS"": 1.0}","{""GLOBAL_GOLD_MINERS"": 1.0}",1.0,2,POSITIVE,1.0,1.0,0.0,NO_TARGET_CHANGE,,"HISTORICAL UK RETAIL, ISA, ACCOUNT AND BROKER ELIGIBILITY REMAIN PARTLY UNRESOLVED"
ABLATION_EXIT_ONLY_NOT_RUN,WEEKLY,2024-08-09,GLOBAL_GOLD_MINERS,ESTABLISHED,,"{""GLOBAL_GOLD_MINERS"": 1.0}","{""GLOBAL_GOLD_MINERS"": 1.0}",1.0,3,POSITIVE,1.0,1.0,0.0,NO_TARGET_CHANGE,,"HISTORICAL UK RETAIL, ISA, ACCOUNT AND BROKER ELIGIBILITY REMAIN PARTLY UNRESOLVED"
ABLATION_EXIT_ONLY_NOT_RUN,WEEKLY,2024-08-16,GLOBAL_GOLD_MINERS,ESTABLISHED,,"{""GLOBAL_GOLD_MINERS"": 1.0}","{""GLOBAL_GOLD_MINERS"": 1.0}",1.0,3,POSITIVE,1.0,1.0,0.0,NO_TARGET_CHANGE,,"HISTORICAL UK RETAIL, ISA, ACCOUNT AND BROKER ELIGIBILITY REMAIN PARTLY UNRESOLVED"
ABLATION_EXIT_ONLY_NOT_RUN,WEEKLY,2024-08-23,GLOBAL_GOLD_MINERS,ESTABLISHED,,"{""GLOBAL_GOLD_MINERS"": 1.0}","{""GLOBAL_GOLD_MINERS"": 1.0}",1.0,3,POSITIVE,1.0,1.0,0.0,NO_TARGET_CHANGE,,"HISTORICAL UK RETAIL, ISA, ACCOUNT AND BROKER ELIGIBILITY REMAIN PARTLY UNRESOLVED"
ABLATION_EXIT_ONLY_NOT_RUN,WEEKLY,2024-08-30,GLOBAL_GOLD_MINERS,ESTABLISHED,,"{""GLOBAL_GOLD_MINERS"": 1.0}","{""GLOBAL_GOLD_MINERS"": 1.0}",1.0,2,POSITIVE,1.0,1.0,0.0,NO_TARGET_CHANGE,,"HISTORICAL UK RETAIL, ISA, ACCOUNT AND BROKER ELIGIBILITY REMAIN PARTLY UNRESOLVED"
ABLATION_EXIT_ONLY_NOT_RUN,WEEKLY,2024-09-06,GLOBAL_GOLD_MINERS,ESTABLISHED,,"{""GLOBAL_GOLD_MINERS"": 1.0}","{""GLOBAL_GOLD_MINERS"": 1.0}",1.0,3,POSITIVE,1.0,1.0,0.0,NO_TARGET_CHANGE,,"HISTORICAL UK RETAIL, ISA, ACCOUNT AND BROKER ELIGIBILITY REMAIN PARTLY UNRESOLVED"
ABLATION_EXIT_ONLY_NOT_RUN,WEEKLY,2024-09-13,GLOBAL_GOLD_MINERS,EXTENDED,,"{""GLOBAL_GOLD_MINERS"": 1.0}","{""GLOBAL_GOLD_MINERS"": 1.0}",1.0,4,STRONG,1.0,1.0,0.0,NO_TARGET_CHANGE,,"HISTORICAL UK RETAIL, ISA, ACCOUNT AND BROKER ELIGIBILITY REMAIN PARTLY UNRESOLVED"
ABLATION_EXIT_ONLY_NOT_RUN,WEEKLY,2024-09-20,GLOBAL_GOLD_MINERS,ESTABLISHED,,"{""GLOBAL_GOLD_MINERS"": 1.0}","{""GLOBAL_GOLD_MINERS"": 1.0}",1.0,3,MATURE,1.0,1.0,0.0,NO_TARGET_CHANGE,,"HISTORICAL UK RETAIL, ISA, ACCOUNT AND BROKER ELIGIBILITY REMAIN PARTLY UNRESOLVED"
ABLATION_EXIT_ONLY_NOT_RUN,WEEKLY,2024-09-27,GLOBAL_GOLD_MINERS,ESTABLISHED,,"{""GLOBAL_GOLD_MINERS"": 1.0}","{""GLOBAL_GOLD_MINERS"": 1.0}",1.0,4,STRONG,1.0,1.0,0.0,NO_TARGET_CHANGE,,"HISTORICAL UK RETAIL, ISA, ACCOUNT AND BROKER ELIGIBILITY REMAIN PARTLY UNRESOLVED"
ABLATION_EXIT_ONLY_NOT_RUN,WEEKLY,2024-09-30,GLOBAL_GOLD_MINERS,WEAKENING,,"{""GLOBAL_GOLD_MINERS"": 1.0}","{""GLOBAL_GOLD_MINERS"": 1.0}",1.0,4,STRONG,1.0,1.0,0.0,NO_TARGET_CHANGE,,"HISTORICAL UK RETAIL, ISA, ACCOUNT AND BROKER ELIGIBILITY REMAIN PARTLY UNRESOLVED"
ABLATION_EXIT_ONLY_NOT_RUN,WEEKLY,2024-10-04,GLOBAL_GOLD_MINERS,WEAKENING,,"{""GLOBAL_GOLD_MINERS"": 1.0}","{""GLOBAL_GOLD_MINERS"": 1.0}",1.0,3,MATURE,1.0,1.0,0.0,NO_TARGET_CHANGE,,"HISTORICAL UK RETAIL, ISA, ACCOUNT AND BROKER ELIGIBILITY REMAIN PARTLY UNRESOLVED"
ABLATION_EXIT_ONLY_NOT_RUN,WEEKLY,2024-10-11,GLOBAL_GOLD_MINERS,WEAKENING,,"{""GLOBAL_GOLD_MINERS"": 1.0}","{""GLOBAL_GOLD_MINERS"": 1.0}",1.0,3,MATURE,1.0,1.0,0.0,NO_TARGET_CHANGE,,"HISTORICAL UK RETAIL, ISA, ACCOUNT AND BROKER ELIGIBILITY REMAIN PARTLY UNRESOLVED"
ABLATION_EXIT_ONLY_NOT_RUN,WEEKLY,2024-10-18,GLOBAL_GOLD_MINERS,ESTABLISHED,,"{""GLOBAL_GOLD_MINERS"": 1.0}","{""GLOBAL_GOLD_MINERS"": 1.0}",1.0,3,MATURE,1.0,1.0,0.0,NO_TARGET_CHANGE,,"HISTORICAL UK RETAIL, ISA, ACCOUNT AND BROKER ELIGIBILITY REMAIN PARTLY UNRESOLVED"
ABLATION_EXIT_ONLY_NOT_RUN,WEEKLY,2024-10-25,GLOBAL_GOLD_MINERS,OTHER,,"{""GLOBAL_GOLD_MINERS"": 1.0}","{""GLOBAL_GOLD_MINERS"": 1.0}",1.0,2,DETERIORATING,1.0,1.0,0.0,NO_TARGET_CHANGE,,"HISTORICAL UK RETAIL, ISA, ACCOUNT AND BROKER ELIGIBILITY REMAIN PARTLY UNRESOLVED"
ABLATION_EXIT_ONLY_NOT_RUN,WEEKLY,2024-10-31,GLOBAL_GOLD_MINERS,ESTABLISHED,,"{""GLOBAL_GOLD_MINERS"": 1.0}","{""GLOBAL_GOLD_MINERS"": 1.0}",1.0,2,DETERIORATING,1.0,1.0,0.0,NO_TARGET_CHANGE,,"HISTORICAL UK RETAIL, ISA, ACCOUNT AND BROKER ELIGIBILITY REMAIN PARTLY UNRESOLVED"
ABLATION_EXIT_ONLY_NOT_RUN,WEEKLY,2024-11-01,GLOBAL_GOLD_MINERS,ESTABLISHED,,"{""GLOBAL_GOLD_MINERS"": 1.0}","{""GLOBAL_GOLD_MINERS"": 1.0}",1.0,4,STRONG,1.0,1.0,0.0,NO_TARGET_CHANGE,,"HISTORICAL UK RETAIL, ISA, ACCOUNT AND BROKER ELIGIBILITY REMAIN PARTLY UNRESOLVED"
ABLATION_EXIT_ONLY_NOT_RUN,WEEKLY,2024-11-08,GLOBAL_GOLD_MINERS,OTHER,,"{""GLOBAL_GOLD_MINERS"": 1.0}","{""GLOBAL_GOLD_MINERS"": 1.0}",1.0,3,MATURE,1.0,1.0,0.0,NO_TARGET_CHANGE,,"HISTORICAL UK RETAIL, ISA, ACCOUNT AND BROKER ELIGIBILITY REMAIN PARTLY UNRESOLVED"
ABLATION_EXIT_ONLY_NOT_RUN,WEEKLY,2024-11-15,GLOBAL_GOLD_MINERS,FAILED,,"{""GLOBAL_GOLD_MINERS"": 1.0}","{""GLOBAL_GOLD_MINERS"": 1.0}",1.0,2,DETERIORATING,1.0,1.0,0.0,NO_TARGET_CHANGE,,"HISTORICAL UK RETAIL, ISA, ACCOUNT AND BROKER ELIGIBILITY REMAIN PARTLY UNRESOLVED"
ABLATION_EXIT_ONLY_NOT_RUN,WEEKLY,2024-11-22,GLOBAL_GOLD_MINERS,FAILED,,"{""GLOBAL_GOLD_MINERS"": 1.0}","{""GLOBAL_GOLD_MINERS"": 1.0}",1.0,3,MATURE,1.0,1.0,0.0,NO_TARGET_CHANGE,,"HISTORICAL UK RETAIL, ISA, ACCOUNT AND BROKER ELIGIBILITY REMAIN PARTLY UNRESOLVED"
ABLATION_EXIT_ONLY_NOT_RUN,WEEKLY,2024-11-29,GLOBAL_SOFTWARE,EXTENDED,,"{""GLOBAL_SOFTWARE"": 1.0}","{""GLOBAL_SOFTWARE"": 1.0}",1.0,3,MATURE,1.0,1.0,0.0,PLANNED,2024-12-02,"HISTORICAL UK RETAIL, ISA, ACCOUNT AND BROKER ELIGIBILITY REMAIN PARTLY UNRESOLVED"
ABLATION_EXIT_ONLY_NOT_RUN,WEEKLY,2024-12-06,GLOBAL_SOFTWARE,EXTENDED,,"{""GLOBAL_SOFTWARE"": 1.0}","{""GLOBAL_SOFTWARE"": 1.0}",1.0,3,MATURE,1.0,1.0,0.0,NO_TARGET_CHANGE,,"HISTORICAL UK RETAIL, ISA, ACCOUNT AND BROKER ELIGIBILITY REMAIN PARTLY UNRESOLVED"
ABLATION_EXIT_ONLY_NOT_RUN,WEEKLY,2024-12-13,GLOBAL_SOFTWARE,EXTENDED,,"{""GLOBAL_SOFTWARE"": 1.0}","{""GLOBAL_SOFTWARE"": 1.0}",1.0,3,MATURE,1.0,1.0,0.0,NO_TARGET_CHANGE,,"HISTORICAL UK RETAIL, ISA, ACCOUNT AND BROKER ELIGIBILITY REMAIN PARTLY UNRESOLVED"
ABLATION_EXIT_ONLY_NOT_RUN,WEEKLY,2024-12-20,GLOBAL_SOFTWARE,EXTENDED,,"{""GLOBAL_SOFTWARE"": 1.0}","{""GLOBAL_SOFTWARE"": 1.0}",1.0,3,MATURE,1.0,1.0,0.0,NO_TARGET_CHANGE,,"HISTORICAL UK RETAIL, ISA, ACCOUNT AND BROKER ELIGIBILITY REMAIN PARTLY UNRESOLVED"
ABLATION_EXIT_ONLY_NOT_RUN,WEEKLY,2024-12-27,GLOBAL_SOFTWARE,EXTENDED,,"{""GLOBAL_SOFTWARE"": 1.0}","{""GLOBAL_SOFTWARE"": 1.0}",1.0,2,DETERIORATING,1.0,1.0,0.0,NO_TARGET_CHANGE,,"HISTORICAL UK RETAIL, ISA, ACCOUNT AND BROKER ELIGIBILITY REMAIN PARTLY UNRESOLVED"
ABLATION_EXIT_ONLY_NOT_RUN,WEEKLY,2024-12-31,GLOBAL_SOFTWARE,EXTENDED,,"{""GLOBAL_SOFTWARE"": 1.0}","{""GLOBAL_SOFTWARE"": 1.0}",1.0,2,DETERIORATING,1.0,1.0,0.0,NO_TARGET_CHANGE,,"HISTORICAL UK RETAIL, ISA, ACCOUNT AND BROKER ELIGIBILITY REMAIN PARTLY UNRESOLVED"
ABLATION_EXIT_ONLY_NOT_RUN,WEEKLY,2025-01-03,GLOBAL_SOFTWARE,EXTENDED,,"{""GLOBAL_SOFTWARE"": 1.0}","{""GLOBAL_SOFTWARE"": 1.0}",1.0,2,POSITIVE,1.0,1.0,0.0,NO_TARGET_CHANGE,,"HISTORICAL UK RETAIL, ISA, ACCOUNT AND BROKER ELIGIBILITY REMAIN PARTLY UNRESOLVED"
ABLATION_EXIT_ONLY_NOT_RUN,WEEKLY,2025-01-10,GLOBAL_SOFTWARE,WEAKENING,,"{""GLOBAL_SOFTWARE"": 1.0}","{""GLOBAL_SOFTWARE"": 1.0}",1.0,1,POSITIVE,1.0,1.0,0.0,NO_TARGET_CHANGE,,"HISTORICAL UK RETAIL, ISA, ACCOUNT AND BROKER ELIGIBILITY REMAIN PARTLY UNRESOLVED"
ABLATION_EXIT_ONLY_NOT_RUN,WEEKLY,2025-01-17,GLOBAL_SOFTWARE,WEAKENING,,"{""GLOBAL_SOFTWARE"": 1.0}","{""GLOBAL_SOFTWARE"": 1.0}",1.0,2,POSITIVE,1.0,1.0,0.0,NO_TARGET_CHANGE,,"HISTORICAL UK RETAIL, ISA, ACCOUNT AND BROKER ELIGIBILITY REMAIN PARTLY UNRESOLVED"
ABLATION_EXIT_ONLY_NOT_RUN,WEEKLY,2025-01-24,GLOBAL_SOFTWARE,WEAKENING,,"{""GLOBAL_SOFTWARE"": 1.0}","{""GLOBAL_SOFTWARE"": 1.0}",1.0,2,POSITIVE,1.0,1.0,0.0,NO_TARGET_CHANGE,,"HISTORICAL UK RETAIL, ISA, ACCOUNT AND BROKER ELIGIBILITY REMAIN PARTLY UNRESOLVED"
ABLATION_EXIT_ONLY_NOT_RUN,WEEKLY,2025-01-31,GLOBAL_SOFTWARE,WEAKENING,,"{""GLOBAL_SOFTWARE"": 1.0}","{""GLOBAL_SOFTWARE"": 1.0}",1.0,2,POSITIVE,1.0,1.0,0.0,NO_TARGET_CHANGE,,"HISTORICAL UK RETAIL, ISA, ACCOUNT AND BROKER ELIGIBILITY REMAIN PARTLY UNRESOLVED"
ABLATION_EXIT_ONLY_NOT_RUN,WEEKLY,2025-02-07,GLOBAL_SOFTWARE,OTHER,,"{""GLOBAL_SOFTWARE"": 1.0}","{""GLOBAL_SOFTWARE"": 1.0}",1.0,3,POSITIVE,1.0,1.0,0.0,NO_TARGET_CHANGE,,"HISTORICAL UK RETAIL, ISA, ACCOUNT AND BROKER ELIGIBILITY REMAIN PARTLY UNRESOLVED"
ABLATION_EXIT_ONLY_NOT_RUN,WEEKLY,2025-02-14,GLOBAL_SOFTWARE,OTHER,,"{""GLOBAL_SOFTWARE"": 1.0}","{""GLOBAL_SOFTWARE"": 1.0}",1.0,3,POSITIVE,1.0,1.0,0.0,NO_TARGET_CHANGE,,"HISTORICAL UK RETAIL, ISA, ACCOUNT AND BROKER ELIGIBILITY REMAIN PARTLY UNRESOLVED"
ABLATION_EXIT_ONLY_NOT_RUN,WEEKLY,2025-02-21,GLOBAL_SOFTWARE,FAILED,,"{""GLOBAL_SOFTWARE"": 1.0}","{""GLOBAL_SOFTWARE"": 1.0}",1.0,4,STRONG,1.0,1.0,0.0,NO_TARGET_CHANGE,,"HISTORICAL UK RETAIL, ISA, ACCOUNT AND BROKER ELIGIBILITY REMAIN PARTLY UNRESOLVED"
ABLATION_EXIT_ONLY_NOT_RUN,WEEKLY,2025-02-28,EUROPE_BANKS,EXTENDED,,"{""EUROPE_BANKS"": 1.0}","{""EUROPE_BANKS"": 1.0}",1.0,4,STRONG,1.0,1.0,0.0,PLANNED,2025-03-03,"HISTORICAL UK RETAIL, ISA, ACCOUNT AND BROKER ELIGIBILITY REMAIN PARTLY UNRESOLVED"
ABLATION_EXIT_ONLY_NOT_RUN,WEEKLY,2025-03-07,EUROPE_BANKS,EXTENDED,,"{""EUROPE_BANKS"": 1.0}","{""EUROPE_BANKS"": 1.0}",1.0,4,STRONG,1.0,1.0,0.0,NO_TARGET_CHANGE,,"HISTORICAL UK RETAIL, ISA, ACCOUNT AND BROKER ELIGIBILITY REMAIN PARTLY UNRESOLVED"
ABLATION_EXIT_ONLY_NOT_RUN,WEEKLY,2025-03-14,EUROPE_BANKS,EXTENDED,,"{""EUROPE_BANKS"": 1.0}","{""EUROPE_BANKS"": 1.0}",1.0,4,STRONG,1.0,1.0,0.0,NO_TARGET_CHANGE,,"HISTORICAL UK RETAIL, ISA, ACCOUNT AND BROKER ELIGIBILITY REMAIN PARTLY UNRESOLVED"
ABLATION_EXIT_ONLY_NOT_RUN,WEEKLY,2025-03-21,EUROPE_BANKS,EXTENDED,,"{""EUROPE_BANKS"": 1.0}","{""EUROPE_BANKS"": 1.0}",1.0,4,STRONG,1.0,1.0,0.0,NO_TARGET_CHANGE,,"HISTORICAL UK RETAIL, ISA, ACCOUNT AND BROKER ELIGIBILITY REMAIN PARTLY UNRESOLVED"
ABLATION_EXIT_ONLY_NOT_RUN,WEEKLY,2025-03-28,EUROPE_BANKS,OTHER,,"{""EUROPE_BANKS"": 1.0}","{""EUROPE_BANKS"": 1.0}",1.0,4,STRONG,1.0,1.0,0.0,NO_TARGET_CHANGE,,"HISTORICAL UK RETAIL, ISA, ACCOUNT AND BROKER ELIGIBILITY REMAIN PARTLY UNRESOLVED"
ABLATION_EXIT_ONLY_NOT_RUN,WEEKLY,2025-03-31,GLOBAL_GOLD_MINERS,EXTENDED,,"{""GLOBAL_GOLD_MINERS"": 1.0}","{""GLOBAL_GOLD_MINERS"": 1.0}",1.0,4,STRONG,1.0,1.0,0.0,PLANNED,2025-04-01,"HISTORICAL UK RETAIL, ISA, ACCOUNT AND BROKER ELIGIBILITY REMAIN PARTLY UNRESOLVED"
ABLATION_EXIT_ONLY_NOT_RUN,WEEKLY,2025-04-04,GLOBAL_GOLD_MINERS,EXTENDED,,"{""GLOBAL_GOLD_MINERS"": 1.0}","{""GLOBAL_GOLD_MINERS"": 1.0}",1.0,2,HOSTILE,1.0,1.0,0.0,NO_TARGET_CHANGE,,"HISTORICAL UK RETAIL, ISA, ACCOUNT AND BROKER ELIGIBILITY REMAIN PARTLY UNRESOLVED"
ABLATION_EXIT_ONLY_NOT_RUN,WEEKLY,2025-04-11,GLOBAL_GOLD_MINERS,EXTENDED,,"{""GLOBAL_GOLD_MINERS"": 1.0}","{""GLOBAL_GOLD_MINERS"": 1.0}",1.0,2,HOSTILE,1.0,1.0,0.0,NO_TARGET_CHANGE,,"HISTORICAL UK RETAIL, ISA, ACCOUNT AND BROKER ELIGIBILITY REMAIN PARTLY UNRESOLVED"
ABLATION_EXIT_ONLY_NOT_RUN,WEEKLY,2025-04-17,GLOBAL_GOLD_MINERS,EXTENDED,,"{""GLOBAL_GOLD_MINERS"": 1.0}","{""GLOBAL_GOLD_MINERS"": 1.0}",1.0,2,HOSTILE,1.0,1.0,0.0,NO_TARGET_CHANGE,,"HISTORICAL UK RETAIL, ISA, ACCOUNT AND BROKER ELIGIBILITY REMAIN PARTLY UNRESOLVED"
ABLATION_EXIT_ONLY_NOT_RUN,WEEKLY,2025-04-25,GLOBAL_GOLD_MINERS,EXTENDED,,"{""GLOBAL_GOLD_MINERS"": 1.0}","{""GLOBAL_GOLD_MINERS"": 1.0}",1.0,2,HOSTILE,1.0,1.0,0.0,NO_TARGET_CHANGE,,"HISTORICAL UK RETAIL, ISA, ACCOUNT AND BROKER ELIGIBILITY REMAIN PARTLY UNRESOLVED"
ABLATION_EXIT_ONLY_NOT_RUN,WEEKLY,2025-04-30,GLOBAL_GOLD_MINERS,EXTENDED,,"{""GLOBAL_GOLD_MINERS"": 1.0}","{""GLOBAL_GOLD_MINERS"": 1.0}",1.0,2,HOSTILE,1.0,1.0,0.0,NO_TARGET_CHANGE,,"HISTORICAL UK RETAIL, ISA, ACCOUNT AND BROKER ELIGIBILITY REMAIN PARTLY UNRESOLVED"
ABLATION_EXIT_ONLY_NOT_RUN,WEEKLY,2025-05-02,GLOBAL_GOLD_MINERS,OTHER,,"{""GLOBAL_GOLD_MINERS"": 1.0}","{""GLOBAL_GOLD_MINERS"": 1.0}",1.0,2,HOSTILE,1.0,1.0,0.0,NO_TARGET_CHANGE,,"HISTORICAL UK RETAIL, ISA, ACCOUNT AND BROKER ELIGIBILITY REMAIN PARTLY UNRESOLVED"
ABLATION_EXIT_ONLY_NOT_RUN,WEEKLY,2025-05-09,GLOBAL_GOLD_MINERS,OTHER,,"{""GLOBAL_GOLD_MINERS"": 1.0}","{""GLOBAL_GOLD_MINERS"": 1.0}",1.0,2,HOSTILE,1.0,1.0,0.0,NO_TARGET_CHANGE,,"HISTORICAL UK RETAIL, ISA, ACCOUNT AND BROKER ELIGIBILITY REMAIN PARTLY UNRESOLVED"
ABLATION_EXIT_ONLY_NOT_RUN,WEEKLY,2025-05-16,GLOBAL_GOLD_MINERS,WEAKENING,,"{""GLOBAL_GOLD_MINERS"": 1.0}","{""GLOBAL_GOLD_MINERS"": 1.0}",1.0,3,MATURE,1.0,1.0,0.0,NO_TARGET_CHANGE,,"HISTORICAL UK RETAIL, ISA, ACCOUNT AND BROKER ELIGIBILITY REMAIN PARTLY UNRESOLVED"
ABLATION_EXIT_ONLY_NOT_RUN,WEEKLY,2025-05-23,GLOBAL_GOLD_MINERS,WEAKENING,,"{""GLOBAL_GOLD_MINERS"": 1.0}","{""GLOBAL_GOLD_MINERS"": 1.0}",1.0,2,HOSTILE,1.0,1.0,0.0,NO_TARGET_CHANGE,,"HISTORICAL UK RETAIL, ISA, ACCOUNT AND BROKER ELIGIBILITY REMAIN PARTLY UNRESOLVED"
ABLATION_EXIT_ONLY_NOT_RUN,WEEKLY,2025-05-30,GLOBAL_GOLD_MINERS,WEAKENING,,"{""GLOBAL_GOLD_MINERS"": 1.0}","{""GLOBAL_GOLD_MINERS"": 1.0}",1.0,2,HOSTILE,1.0,1.0,0.0,NO_TARGET_CHANGE,,"HISTORICAL UK RETAIL, ISA, ACCOUNT AND BROKER ELIGIBILITY REMAIN PARTLY UNRESOLVED"
ABLATION_EXIT_ONLY_NOT_RUN,WEEKLY,2025-06-06,GLOBAL_GOLD_MINERS,WEAKENING,,"{""GLOBAL_GOLD_MINERS"": 1.0}","{""GLOBAL_GOLD_MINERS"": 1.0}",1.0,4,STRONG,1.0,1.0,0.0,NO_TARGET_CHANGE,,"HISTORICAL UK RETAIL, ISA, ACCOUNT AND BROKER ELIGIBILITY REMAIN PARTLY UNRESOLVED"
ABLATION_EXIT_ONLY_NOT_RUN,WEEKLY,2025-06-13,GLOBAL_GOLD_MINERS,WEAKENING,,"{""GLOBAL_GOLD_MINERS"": 1.0}","{""GLOBAL_GOLD_MINERS"": 1.0}",1.0,3,MATURE,1.0,1.0,0.0,NO_TARGET_CHANGE,,"HISTORICAL UK RETAIL, ISA, ACCOUNT AND BROKER ELIGIBILITY REMAIN PARTLY UNRESOLVED"
ABLATION_EXIT_ONLY_NOT_RUN,WEEKLY,2025-06-20,GLOBAL_GOLD_MINERS,ESTABLISHED,,"{""GLOBAL_GOLD_MINERS"": 1.0}","{""GLOBAL_GOLD_MINERS"": 1.0}",1.0,3,MATURE,1.0,1.0,0.0,NO_TARGET_CHANGE,,"HISTORICAL UK RETAIL, ISA, ACCOUNT AND BROKER ELIGIBILITY REMAIN PARTLY UNRESOLVED"
ABLATION_EXIT_ONLY_NOT_RUN,WEEKLY,2025-06-27,GLOBAL_GOLD_MINERS,WEAKENING,,"{""GLOBAL_GOLD_MINERS"": 1.0}","{""GLOBAL_GOLD_MINERS"": 1.0}",1.0,2,DETERIORATING,1.0,1.0,0.0,NO_TARGET_CHANGE,,"HISTORICAL UK RETAIL, ISA, ACCOUNT AND BROKER ELIGIBILITY REMAIN PARTLY UNRESOLVED"
ABLATION_EXIT_ONLY_NOT_RUN,WEEKLY,2025-06-30,EUROPE_BANKS,WEAKENING,,"{""EUROPE_BANKS"": 1.0}","{""EUROPE_BANKS"": 1.0}",1.0,2,DETERIORATING,1.0,1.0,0.0,PLANNED,2025-07-01,"HISTORICAL UK RETAIL, ISA, ACCOUNT AND BROKER ELIGIBILITY REMAIN PARTLY UNRESOLVED"
ABLATION_EXIT_ONLY_NOT_RUN,WEEKLY,2025-07-04,EUROPE_BANKS,OTHER,,"{""EUROPE_BANKS"": 1.0}","{""EUROPE_BANKS"": 1.0}",1.0,2,DETERIORATING,1.0,1.0,0.0,NO_TARGET_CHANGE,,"HISTORICAL UK RETAIL, ISA, ACCOUNT AND BROKER ELIGIBILITY REMAIN PARTLY UNRESOLVED"
ABLATION_EXIT_ONLY_NOT_RUN,WEEKLY,2025-07-11,EUROPE_BANKS,OTHER,,"{""EUROPE_BANKS"": 1.0}","{""EUROPE_BANKS"": 1.0}",1.0,1,DETERIORATING,1.0,1.0,0.0,NO_TARGET_CHANGE,,"HISTORICAL UK RETAIL, ISA, ACCOUNT AND BROKER ELIGIBILITY REMAIN PARTLY UNRESOLVED"
ABLATION_EXIT_ONLY_NOT_RUN,WEEKLY,2025-07-18,EUROPE_BANKS,WEAKENING,,"{""EUROPE_BANKS"": 1.0}","{""EUROPE_BANKS"": 1.0}",1.0,5,STRONG,1.0,1.0,0.0,NO_TARGET_CHANGE,,"HISTORICAL UK RETAIL, ISA, ACCOUNT AND BROKER ELIGIBILITY REMAIN PARTLY UNRESOLVED"
ABLATION_EXIT_ONLY_NOT_RUN,WEEKLY,2025-07-25,EUROPE_BANKS,OTHER,,"{""EUROPE_BANKS"": 1.0}","{""EUROPE_BANKS"": 1.0}",1.0,4,MATURE,1.0,1.0,0.0,NO_TARGET_CHANGE,,"HISTORICAL UK RETAIL, ISA, ACCOUNT AND BROKER ELIGIBILITY REMAIN PARTLY UNRESOLVED"
ABLATION_EXIT_ONLY_NOT_RUN,WEEKLY,2025-07-31,EUROPE_BANKS,ESTABLISHED,,"{""EUROPE_BANKS"": 1.0}","{""EUROPE_BANKS"": 1.0}",1.0,4,MATURE,1.0,1.0,0.0,NO_TARGET_CHANGE,,"HISTORICAL UK RETAIL, ISA, ACCOUNT AND BROKER ELIGIBILITY REMAIN PARTLY UNRESOLVED"
ABLATION_EXIT_ONLY_NOT_RUN,WEEKLY,2025-08-01,EUROPE_BANKS,CONFIRMING,,"{""EUROPE_BANKS"": 1.0}","{""EUROPE_BANKS"": 1.0}",1.0,3,DETERIORATING,1.0,1.0,0.0,NO_TARGET_CHANGE,,"HISTORICAL UK RETAIL, ISA, ACCOUNT AND BROKER ELIGIBILITY REMAIN PARTLY UNRESOLVED"
ABLATION_EXIT_ONLY_NOT_RUN,WEEKLY,2025-08-08,EUROPE_BANKS,ESTABLISHED,,"{""EUROPE_BANKS"": 1.0}","{""EUROPE_BANKS"": 1.0}",1.0,3,DETERIORATING,1.0,1.0,0.0,NO_TARGET_CHANGE,,"HISTORICAL UK RETAIL, ISA, ACCOUNT AND BROKER ELIGIBILITY REMAIN PARTLY UNRESOLVED"
ABLATION_EXIT_ONLY_NOT_RUN,WEEKLY,2025-08-15,EUROPE_BANKS,ESTABLISHED,,"{""EUROPE_BANKS"": 1.0}","{""EUROPE_BANKS"": 1.0}",1.0,4,MATURE,1.0,1.0,0.0,NO_TARGET_CHANGE,,"HISTORICAL UK RETAIL, ISA, ACCOUNT AND BROKER ELIGIBILITY REMAIN PARTLY UNRESOLVED"
ABLATION_EXIT_ONLY_NOT_RUN,WEEKLY,2025-08-22,EUROPE_BANKS,CONFIRMING,,"{""EUROPE_BANKS"": 1.0}","{""EUROPE_BANKS"": 1.0}",1.0,4,MATURE,1.0,1.0,0.0,NO_TARGET_CHANGE,,"HISTORICAL UK RETAIL, ISA, ACCOUNT AND BROKER ELIGIBILITY REMAIN PARTLY UNRESOLVED"
ABLATION_EXIT_ONLY_NOT_RUN,WEEKLY,2025-08-29,GLOBAL_SILVER_MINERS,ESTABLISHED,,"{""GLOBAL_SILVER_MINERS"": 1.0}","{""GLOBAL_SILVER_MINERS"": 1.0}",1.0,2,DETERIORATING,1.0,1.0,0.0,PLANNED,2025-09-01,"HISTORICAL UK RETAIL, ISA, ACCOUNT AND BROKER ELIGIBILITY REMAIN PARTLY UNRESOLVED"
ABLATION_EXIT_ONLY_NOT_RUN,WEEKLY,2025-09-05,GLOBAL_SILVER_MINERS,ESTABLISHED,,"{""GLOBAL_SILVER_MINERS"": 1.0}","{""GLOBAL_SILVER_MINERS"": 1.0}",1.0,3,DETERIORATING,1.0,1.0,0.0,NO_TARGET_CHANGE,,"HISTORICAL UK RETAIL, ISA, ACCOUNT AND BROKER ELIGIBILITY REMAIN PARTLY UNRESOLVED"
ABLATION_EXIT_ONLY_NOT_RUN,WEEKLY,2025-09-12,GLOBAL_SILVER_MINERS,CONFIRMING,,"{""GLOBAL_SILVER_MINERS"": 1.0}","{""GLOBAL_SILVER_MINERS"": 1.0}",1.0,2,DETERIORATING,1.0,1.0,0.0,NO_TARGET_CHANGE,,"HISTORICAL UK RETAIL, ISA, ACCOUNT AND BROKER ELIGIBILITY REMAIN PARTLY UNRESOLVED"
ABLATION_EXIT_ONLY_NOT_RUN,WEEKLY,2025-09-19,GLOBAL_SILVER_MINERS,EXTENDED,,"{""GLOBAL_SILVER_MINERS"": 1.0}","{""GLOBAL_SILVER_MINERS"": 1.0}",1.0,3,MATURE,1.0,1.0,0.0,NO_TARGET_CHANGE,,"HISTORICAL UK RETAIL, ISA, ACCOUNT AND BROKER ELIGIBILITY REMAIN PARTLY UNRESOLVED"
ABLATION_EXIT_ONLY_NOT_RUN,WEEKLY,2025-09-26,GLOBAL_SILVER_MINERS,EXTENDED,,"{""GLOBAL_SILVER_MINERS"": 1.0}","{""GLOBAL_SILVER_MINERS"": 1.0}",1.0,3,MATURE,1.0,1.0,0.0,NO_TARGET_CHANGE,,"HISTORICAL UK RETAIL, ISA, ACCOUNT AND BROKER ELIGIBILITY REMAIN PARTLY UNRESOLVED"
ABLATION_EXIT_ONLY_NOT_RUN,WEEKLY,2025-09-30,GLOBAL_SILVER_MINERS,EXTENDED,,"{""GLOBAL_SILVER_MINERS"": 1.0}","{""GLOBAL_SILVER_MINERS"": 1.0}",1.0,3,MATURE,1.0,1.0,0.0,NO_TARGET_CHANGE,,"HISTORICAL UK RETAIL, ISA, ACCOUNT AND BROKER ELIGIBILITY REMAIN PARTLY UNRESOLVED"
ABLATION_EXIT_ONLY_NOT_RUN,WEEKLY,2025-10-03,GLOBAL_SILVER_MINERS,OTHER,,"{""GLOBAL_SILVER_MINERS"": 1.0}","{""GLOBAL_SILVER_MINERS"": 1.0}",1.0,3,MATURE,1.0,1.0,0.0,NO_TARGET_CHANGE,,"HISTORICAL UK RETAIL, ISA, ACCOUNT AND BROKER ELIGIBILITY REMAIN PARTLY UNRESOLVED"
ABLATION_EXIT_ONLY_NOT_RUN,WEEKLY,2025-10-10,GLOBAL_SILVER_MINERS,EXTENDED,,"{""GLOBAL_SILVER_MINERS"": 1.0}","{""GLOBAL_SILVER_MINERS"": 1.0}",1.0,4,STRONG,1.0,1.0,0.0,NO_TARGET_CHANGE,,"HISTORICAL UK RETAIL, ISA, ACCOUNT AND BROKER ELIGIBILITY REMAIN PARTLY UNRESOLVED"
ABLATION_EXIT_ONLY_NOT_RUN,WEEKLY,2025-10-17,GLOBAL_SILVER_MINERS,EXTENDED,,"{""GLOBAL_SILVER_MINERS"": 1.0}","{""GLOBAL_SILVER_MINERS"": 1.0}",1.0,4,STRONG,1.0,1.0,0.0,NO_TARGET_CHANGE,,"HISTORICAL UK RETAIL, ISA, ACCOUNT AND BROKER ELIGIBILITY REMAIN PARTLY UNRESOLVED"
ABLATION_EXIT_ONLY_NOT_RUN,WEEKLY,2025-10-24,GLOBAL_SILVER_MINERS,WEAKENING,,"{""GLOBAL_SILVER_MINERS"": 1.0}","{""GLOBAL_SILVER_MINERS"": 1.0}",1.0,3,MATURE,1.0,1.0,0.0,NO_TARGET_CHANGE,,"HISTORICAL UK RETAIL, ISA, ACCOUNT AND BROKER ELIGIBILITY REMAIN PARTLY UNRESOLVED"
ABLATION_EXIT_ONLY_NOT_RUN,WEEKLY,2025-10-31,GLOBAL_SILVER_MINERS,WEAKENING,,"{""GLOBAL_SILVER_MINERS"": 1.0}","{""GLOBAL_SILVER_MINERS"": 1.0}",1.0,4,STRONG,1.0,1.0,0.0,NO_TARGET_CHANGE,,"HISTORICAL UK RETAIL, ISA, ACCOUNT AND BROKER ELIGIBILITY REMAIN PARTLY UNRESOLVED"
ABLATION_EXIT_ONLY_NOT_RUN,WEEKLY,2025-11-07,GLOBAL_SILVER_MINERS,WEAKENING,,"{""GLOBAL_SILVER_MINERS"": 1.0}","{""GLOBAL_SILVER_MINERS"": 1.0}",1.0,2,DETERIORATING,1.0,1.0,0.0,NO_TARGET_CHANGE,,"HISTORICAL UK RETAIL, ISA, ACCOUNT AND BROKER ELIGIBILITY REMAIN PARTLY UNRESOLVED"
ABLATION_EXIT_ONLY_NOT_RUN,WEEKLY,2025-11-14,GLOBAL_SILVER_MINERS,WEAKENING,,"{""GLOBAL_SILVER_MINERS"": 1.0}","{""GLOBAL_SILVER_MINERS"": 1.0}",1.0,4,STRONG,1.0,1.0,0.0,NO_TARGET_CHANGE,,"HISTORICAL UK RETAIL, ISA, ACCOUNT AND BROKER ELIGIBILITY REMAIN PARTLY UNRESOLVED"
ABLATION_EXIT_ONLY_NOT_RUN,WEEKLY,2025-11-21,GLOBAL_SILVER_MINERS,WEAKENING,,"{""GLOBAL_SILVER_MINERS"": 1.0}","{""GLOBAL_SILVER_MINERS"": 1.0}",1.0,3,MATURE,1.0,1.0,0.0,NO_TARGET_CHANGE,,"HISTORICAL UK RETAIL, ISA, ACCOUNT AND BROKER ELIGIBILITY REMAIN PARTLY UNRESOLVED"
ABLATION_EXIT_ONLY_NOT_RUN,WEEKLY,2025-11-28,GLOBAL_SILVER_MINERS,WEAKENING,,"{""GLOBAL_SILVER_MINERS"": 1.0}","{""GLOBAL_SILVER_MINERS"": 1.0}",1.0,4,STRONG,1.0,1.0,0.0,NO_TARGET_CHANGE,,"HISTORICAL UK RETAIL, ISA, ACCOUNT AND BROKER ELIGIBILITY REMAIN PARTLY UNRESOLVED"
ABLATION_EXIT_ONLY_NOT_RUN,WEEKLY,2025-12-05,GLOBAL_SILVER_MINERS,ESTABLISHED,,"{""GLOBAL_SILVER_MINERS"": 1.0}","{""GLOBAL_SILVER_MINERS"": 1.0}",1.0,4,STRONG,1.0,1.0,0.0,NO_TARGET_CHANGE,,"HISTORICAL UK RETAIL, ISA, ACCOUNT AND BROKER ELIGIBILITY REMAIN PARTLY UNRESOLVED"
ABLATION_EXIT_ONLY_NOT_RUN,WEEKLY,2025-12-12,GLOBAL_SILVER_MINERS,ESTABLISHED,,"{""GLOBAL_SILVER_MINERS"": 1.0}","{""GLOBAL_SILVER_MINERS"": 1.0}",1.0,4,STRONG,1.0,1.0,0.0,NO_TARGET_CHANGE,,"HISTORICAL UK RETAIL, ISA, ACCOUNT AND BROKER ELIGIBILITY REMAIN PARTLY UNRESOLVED"
ABLATION_EXIT_ONLY_NOT_RUN,WEEKLY,2025-12-19,GLOBAL_SILVER_MINERS,ESTABLISHED,,"{""GLOBAL_SILVER_MINERS"": 1.0}","{""GLOBAL_SILVER_MINERS"": 1.0}",1.0,4,STRONG,1.0,1.0,0.0,NO_TARGET_CHANGE,,"HISTORICAL UK RETAIL, ISA, ACCOUNT AND BROKER ELIGIBILITY REMAIN PARTLY UNRESOLVED"
ABLATION_EXIT_ONLY_NOT_RUN,WEEKLY,2025-12-24,GLOBAL_SILVER_MINERS,ESTABLISHED,,"{""GLOBAL_SILVER_MINERS"": 1.0}","{""GLOBAL_SILVER_MINERS"": 1.0}",1.0,4,STRONG,1.0,1.0,0.0,NO_TARGET_CHANGE,,"HISTORICAL UK RETAIL, ISA, ACCOUNT AND BROKER ELIGIBILITY REMAIN PARTLY UNRESOLVED"
ABLATION_EXIT_ONLY_NOT_RUN,WEEKLY,2025-12-31,GLOBAL_SILVER_MINERS,ESTABLISHED,,"{""GLOBAL_SILVER_MINERS"": 1.0}","{""GLOBAL_SILVER_MINERS"": 1.0}",1.0,4,STRONG,1.0,1.0,0.0,NO_TARGET_CHANGE,,"HISTORICAL UK RETAIL, ISA, ACCOUNT AND BROKER ELIGIBILITY REMAIN PARTLY UNRESOLVED"
ABLATION_EXIT_ONLY_NOT_RUN,WEEKLY,2026-01-02,GLOBAL_SILVER_MINERS,ESTABLISHED,,"{""GLOBAL_SILVER_MINERS"": 1.0}","{""GLOBAL_SILVER_MINERS"": 1.0}",1.0,3,MATURE,1.0,1.0,0.0,NO_TARGET_CHANGE,,"HISTORICAL UK RETAIL, ISA, ACCOUNT AND BROKER ELIGIBILITY REMAIN PARTLY UNRESOLVED"
ABLATION_EXIT_ONLY_NOT_RUN,WEEKLY,2026-01-09,GLOBAL_SILVER_MINERS,ESTABLISHED,,"{""GLOBAL_SILVER_MINERS"": 1.0}","{""GLOBAL_SILVER_MINERS"": 1.0}",1.0,3,MATURE,1.0,1.0,0.0,NO_TARGET_CHANGE,,"HISTORICAL UK RETAIL, ISA, ACCOUNT AND BROKER ELIGIBILITY REMAIN PARTLY UNRESOLVED"
ABLATION_EXIT_ONLY_NOT_RUN,WEEKLY,2026-01-16,GLOBAL_SILVER_MINERS,ESTABLISHED,,"{""GLOBAL_SILVER_MINERS"": 1.0}","{""GLOBAL_SILVER_MINERS"": 1.0}",1.0,3,MATURE,1.0,1.0,0.0,NO_TARGET_CHANGE,,"HISTORICAL UK RETAIL, ISA, ACCOUNT AND BROKER ELIGIBILITY REMAIN PARTLY UNRESOLVED"
ABLATION_EXIT_ONLY_NOT_RUN,WEEKLY,2026-01-23,GLOBAL_SILVER_MINERS,EXTENDED,,"{""GLOBAL_SILVER_MINERS"": 1.0}","{""GLOBAL_SILVER_MINERS"": 1.0}",1.0,4,STRONG,1.0,1.0,0.0,NO_TARGET_CHANGE,,"HISTORICAL UK RETAIL, ISA, ACCOUNT AND BROKER ELIGIBILITY REMAIN PARTLY UNRESOLVED"
ABLATION_EXIT_ONLY_NOT_RUN,WEEKLY,2026-01-30,GLOBAL_SILVER_MINERS,EXTENDED,,"{""GLOBAL_SILVER_MINERS"": 1.0}","{""GLOBAL_SILVER_MINERS"": 1.0}",1.0,3,MATURE,1.0,1.0,0.0,NO_TARGET_CHANGE,,"HISTORICAL UK RETAIL, ISA, ACCOUNT AND BROKER ELIGIBILITY REMAIN PARTLY UNRESOLVED"
ABLATION_EXIT_ONLY_NOT_RUN,WEEKLY,2026-02-06,GLOBAL_SILVER_MINERS,EXTENDED,,"{""GLOBAL_SILVER_MINERS"": 1.0}","{""GLOBAL_SILVER_MINERS"": 1.0}",1.0,3,MATURE,1.0,1.0,0.0,NO_TARGET_CHANGE,,"HISTORICAL UK RETAIL, ISA, ACCOUNT AND BROKER ELIGIBILITY REMAIN PARTLY UNRESOLVED"
ABLATION_EXIT_ONLY_NOT_RUN,WEEKLY,2026-02-13,GLOBAL_SILVER_MINERS,EXTENDED,,"{""GLOBAL_SILVER_MINERS"": 1.0}","{""GLOBAL_SILVER_MINERS"": 1.0}",1.0,3,MATURE,1.0,1.0,0.0,NO_TARGET_CHANGE,,"HISTORICAL UK RETAIL, ISA, ACCOUNT AND BROKER ELIGIBILITY REMAIN PARTLY UNRESOLVED"
ABLATION_EXIT_ONLY_NOT_RUN,WEEKLY,2026-02-20,GLOBAL_SILVER_MINERS,WEAKENING,,"{""GLOBAL_SILVER_MINERS"": 1.0}","{""GLOBAL_SILVER_MINERS"": 1.0}",1.0,3,MATURE,1.0,1.0,0.0,NO_TARGET_CHANGE,,"HISTORICAL UK RETAIL, ISA, ACCOUNT AND BROKER ELIGIBILITY REMAIN PARTLY UNRESOLVED"
ABLATION_EXIT_ONLY_NOT_RUN,WEEKLY,2026-02-27,GLOBAL_SILVER_MINERS,EXTENDED,,"{""GLOBAL_SILVER_MINERS"": 1.0}","{""GLOBAL_SILVER_MINERS"": 1.0}",1.0,3,MATURE,1.0,1.0,0.0,NO_TARGET_CHANGE,,"HISTORICAL UK RETAIL, ISA, ACCOUNT AND BROKER ELIGIBILITY REMAIN PARTLY UNRESOLVED"
ABLATION_EXIT_ONLY_NOT_RUN,WEEKLY,2026-03-06,GLOBAL_SILVER_MINERS,EXTENDED,,"{""GLOBAL_SILVER_MINERS"": 1.0}","{""GLOBAL_SILVER_MINERS"": 1.0}",1.0,4,STRONG,1.0,1.0,0.0,NO_TARGET_CHANGE,,"HISTORICAL UK RETAIL, ISA, ACCOUNT AND BROKER ELIGIBILITY REMAIN PARTLY UNRESOLVED"
ABLATION_EXIT_ONLY_NOT_RUN,WEEKLY,2026-03-13,GLOBAL_SILVER_MINERS,WEAKENING,,"{""GLOBAL_SILVER_MINERS"": 1.0}","{""GLOBAL_SILVER_MINERS"": 1.0}",1.0,4,STRONG,1.0,1.0,0.0,NO_TARGET_CHANGE,,"HISTORICAL UK RETAIL, ISA, ACCOUNT AND BROKER ELIGIBILITY REMAIN PARTLY UNRESOLVED"
ABLATION_EXIT_ONLY_NOT_RUN,WEEKLY,2026-03-20,GLOBAL_SILVER_MINERS,FAILED,,"{""GLOBAL_SILVER_MINERS"": 1.0}","{""GLOBAL_SILVER_MINERS"": 1.0}",1.0,4,STRONG,1.0,1.0,0.0,NO_TARGET_CHANGE,,"HISTORICAL UK RETAIL, ISA, ACCOUNT AND BROKER ELIGIBILITY REMAIN PARTLY UNRESOLVED"
ABLATION_EXIT_ONLY_NOT_RUN,WEEKLY,2026-03-27,GLOBAL_SILVER_MINERS,FAILED,,"{""GLOBAL_SILVER_MINERS"": 1.0}","{""GLOBAL_SILVER_MINERS"": 1.0}",1.0,3,MATURE,1.0,1.0,0.0,NO_TARGET_CHANGE,,"HISTORICAL UK RETAIL, ISA, ACCOUNT AND BROKER ELIGIBILITY REMAIN PARTLY UNRESOLVED"
ABLATION_EXIT_ONLY_NOT_RUN,WEEKLY,2026-03-31,GLOBAL_OIL_GAS,EXTENDED,,"{""GLOBAL_OIL_GAS"": 1.0}","{""GLOBAL_OIL_GAS"": 1.0}",1.0,3,MATURE,1.0,1.0,0.0,PLANNED,2026-04-01,"HISTORICAL UK RETAIL, ISA, ACCOUNT AND BROKER ELIGIBILITY REMAIN PARTLY UNRESOLVED"
ABLATION_EXIT_ONLY_NOT_RUN,WEEKLY,2026-04-02,GLOBAL_OIL_GAS,CONFIRMING,,"{""GLOBAL_OIL_GAS"": 1.0}","{""GLOBAL_OIL_GAS"": 1.0}",1.0,4,STRONG,1.0,1.0,0.0,NO_TARGET_CHANGE,,"HISTORICAL UK RETAIL, ISA, ACCOUNT AND BROKER ELIGIBILITY REMAIN PARTLY UNRESOLVED"
ABLATION_EXIT_ONLY_NOT_RUN,WEEKLY,2026-04-10,GLOBAL_OIL_GAS,CONFIRMING,,"{""GLOBAL_OIL_GAS"": 1.0}","{""GLOBAL_OIL_GAS"": 1.0}",1.0,4,STRONG,1.0,1.0,0.0,NO_TARGET_CHANGE,,"HISTORICAL UK RETAIL, ISA, ACCOUNT AND BROKER ELIGIBILITY REMAIN PARTLY UNRESOLVED"
ABLATION_EXIT_ONLY_NOT_RUN,WEEKLY,2026-04-17,GLOBAL_OIL_GAS,OTHER,,"{""GLOBAL_OIL_GAS"": 1.0}","{""GLOBAL_OIL_GAS"": 1.0}",1.0,3,MATURE,1.0,1.0,0.0,NO_TARGET_CHANGE,,"HISTORICAL UK RETAIL, ISA, ACCOUNT AND BROKER ELIGIBILITY REMAIN PARTLY UNRESOLVED"
ABLATION_EXIT_ONLY_NOT_RUN,WEEKLY,2026-04-24,GLOBAL_OIL_GAS,WEAKENING,,"{""GLOBAL_OIL_GAS"": 1.0}","{""GLOBAL_OIL_GAS"": 1.0}",1.0,4,STRONG,1.0,1.0,0.0,NO_TARGET_CHANGE,,"HISTORICAL UK RETAIL, ISA, ACCOUNT AND BROKER ELIGIBILITY REMAIN PARTLY UNRESOLVED"
ABLATION_EXIT_ONLY_NOT_RUN,WEEKLY,2026-04-30,GLOBAL_SEMICONDUCTORS,EXTENDED,,"{""GLOBAL_SEMICONDUCTORS"": 1.0}","{""GLOBAL_SEMICONDUCTORS"": 1.0}",1.0,4,STRONG,1.0,1.0,0.0,PLANNED,2026-05-01,"HISTORICAL UK RETAIL, ISA, ACCOUNT AND BROKER ELIGIBILITY REMAIN PARTLY UNRESOLVED"
ABLATION_EXIT_ONLY_NOT_RUN,WEEKLY,2026-05-01,GLOBAL_SEMICONDUCTORS,EXTENDED,,"{""GLOBAL_SEMICONDUCTORS"": 1.0}","{""GLOBAL_SEMICONDUCTORS"": 1.0}",1.0,5,STRONG,1.0,1.0,0.0,NO_TARGET_CHANGE,,"HISTORICAL UK RETAIL, ISA, ACCOUNT AND BROKER ELIGIBILITY REMAIN PARTLY UNRESOLVED"
ABLATION_EXIT_ONLY_NOT_RUN,WEEKLY,2026-05-08,GLOBAL_SEMICONDUCTORS,EXTENDED,,"{""GLOBAL_SEMICONDUCTORS"": 1.0}","{""GLOBAL_SEMICONDUCTORS"": 1.0}",1.0,5,STRONG,1.0,1.0,0.0,NO_TARGET_CHANGE,,"HISTORICAL UK RETAIL, ISA, ACCOUNT AND BROKER ELIGIBILITY REMAIN PARTLY UNRESOLVED"
ABLATION_EXIT_ONLY_NOT_RUN,WEEKLY,2026-05-15,GLOBAL_SEMICONDUCTORS,EXTENDED,,"{""GLOBAL_SEMICONDUCTORS"": 1.0}","{""GLOBAL_SEMICONDUCTORS"": 1.0}",1.0,4,MATURE,1.0,1.0,0.0,NO_TARGET_CHANGE,,"HISTORICAL UK RETAIL, ISA, ACCOUNT AND BROKER ELIGIBILITY REMAIN PARTLY UNRESOLVED"
ABLATION_EXIT_ONLY_NOT_RUN,WEEKLY,2026-05-22,GLOBAL_SEMICONDUCTORS,EXTENDED,,"{""GLOBAL_SEMICONDUCTORS"": 1.0}","{""GLOBAL_SEMICONDUCTORS"": 1.0}",1.0,3,DETERIORATING,1.0,1.0,0.0,NO_TARGET_CHANGE,,"HISTORICAL UK RETAIL, ISA, ACCOUNT AND BROKER ELIGIBILITY REMAIN PARTLY UNRESOLVED"
ABLATION_EXIT_ONLY_NOT_RUN,WEEKLY,2026-05-29,GLOBAL_SEMICONDUCTORS,EXTENDED,,"{""GLOBAL_SEMICONDUCTORS"": 1.0}","{""GLOBAL_SEMICONDUCTORS"": 1.0}",1.0,4,MATURE,1.0,1.0,0.0,NO_TARGET_CHANGE,,"HISTORICAL UK RETAIL, ISA, ACCOUNT AND BROKER ELIGIBILITY REMAIN PARTLY UNRESOLVED"
ABLATION_EXIT_ONLY_NOT_RUN,WEEKLY,2026-06-05,GLOBAL_SEMICONDUCTORS,EXTENDED,,"{""GLOBAL_SEMICONDUCTORS"": 1.0}","{""GLOBAL_SEMICONDUCTORS"": 1.0}",1.0,3,DETERIORATING,1.0,1.0,0.0,NO_TARGET_CHANGE,,"HISTORICAL UK RETAIL, ISA, ACCOUNT AND BROKER ELIGIBILITY REMAIN PARTLY UNRESOLVED"
ABLATION_EXIT_ONLY_NOT_RUN,WEEKLY,2026-06-12,GLOBAL_SEMICONDUCTORS,EXTENDED,,"{""GLOBAL_SEMICONDUCTORS"": 1.0}","{""GLOBAL_SEMICONDUCTORS"": 1.0}",1.0,4,MATURE,1.0,1.0,0.0,NO_TARGET_CHANGE,,"HISTORICAL UK RETAIL, ISA, ACCOUNT AND BROKER ELIGIBILITY REMAIN PARTLY UNRESOLVED"
ABLATION_EXIT_ONLY_NOT_RUN,WEEKLY,2026-06-19,GLOBAL_SEMICONDUCTORS,EXTENDED,,"{""GLOBAL_SEMICONDUCTORS"": 1.0}","{""GLOBAL_SEMICONDUCTORS"": 1.0}",1.0,3,DETERIORATING,1.0,1.0,0.0,NO_TARGET_CHANGE,,"HISTORICAL UK RETAIL, ISA, ACCOUNT AND BROKER ELIGIBILITY REMAIN PARTLY UNRESOLVED"
ABLATION_EXIT_ONLY_NOT_RUN,WEEKLY,2026-06-26,GLOBAL_SEMICONDUCTORS,EXTENDED,,"{""GLOBAL_SEMICONDUCTORS"": 1.0}","{""GLOBAL_SEMICONDUCTORS"": 1.0}",1.0,3,DETERIORATING,1.0,1.0,0.0,NO_TARGET_CHANGE,,"HISTORICAL UK RETAIL, ISA, ACCOUNT AND BROKER ELIGIBILITY REMAIN PARTLY UNRESOLVED"
ABLATION_EXIT_ONLY_NOT_RUN,WEEKLY,2026-06-30,GLOBAL_SEMICONDUCTORS,EXTENDED,,"{""GLOBAL_SEMICONDUCTORS"": 1.0}","{""GLOBAL_SEMICONDUCTORS"": 1.0}",1.0,3,DETERIORATING,1.0,1.0,0.0,NO_TARGET_CHANGE,,"HISTORICAL UK RETAIL, ISA, ACCOUNT AND BROKER ELIGIBILITY REMAIN PARTLY UNRESOLVED"
ABLATION_EXIT_ONLY_NOT_RUN,WEEKLY,2026-07-03,GLOBAL_SEMICONDUCTORS,EXTENDED,,"{""GLOBAL_SEMICONDUCTORS"": 1.0}","{""GLOBAL_SEMICONDUCTORS"": 1.0}",1.0,3,DETERIORATING,1.0,1.0,0.0,NO_TARGET_CHANGE,,"HISTORICAL UK RETAIL, ISA, ACCOUNT AND BROKER ELIGIBILITY REMAIN PARTLY UNRESOLVED"
ABLATION_EXIT_ONLY_NOT_RUN,WEEKLY,2026-07-10,GLOBAL_SEMICONDUCTORS,EXTENDED,,"{""GLOBAL_SEMICONDUCTORS"": 1.0}","{""GLOBAL_SEMICONDUCTORS"": 1.0}",1.0,3,MATURE,1.0,1.0,0.0,NO_TARGET_CHANGE,,"HISTORICAL UK RETAIL, ISA, ACCOUNT AND BROKER ELIGIBILITY REMAIN PARTLY UNRESOLVED"
ABLATION_EXIT_ONLY_NOT_RUN,WEEKLY,2026-07-17,GLOBAL_SEMICONDUCTORS,WEAKENING,,"{""GLOBAL_SEMICONDUCTORS"": 1.0}","{""GLOBAL_SEMICONDUCTORS"": 1.0}",1.0,2,DETERIORATING,1.0,1.0,0.0,NO_TARGET_CHANGE,,"HISTORICAL UK RETAIL, ISA, ACCOUNT AND BROKER ELIGIBILITY REMAIN PARTLY UNRESOLVED"
ABLATION_EXIT_ONLY_NOT_RUN,WEEKLY,2026-07-24,GLOBAL_SEMICONDUCTORS,WEAKENING,,"{""GLOBAL_SEMICONDUCTORS"": 1.0}","{""GLOBAL_SEMICONDUCTORS"": 1.0}",1.0,3,MATURE,1.0,1.0,0.0,NO_TARGET_CHANGE,,"HISTORICAL UK RETAIL, ISA, ACCOUNT AND BROKER ELIGIBILITY REMAIN PARTLY UNRESOLVED"
ABLATION_EXIT_ONLY_NOT_RUN,WEEKLY,2026-07-31,GLOBAL_SEMICONDUCTORS,WEAKENING,,"{""GLOBAL_SEMICONDUCTORS"": 1.0}","{""GLOBAL_SEMICONDUCTORS"": 1.0}",1.0,5,STRONG,1.0,1.0,0.0,NO_TARGET_CHANGE,,"HISTORICAL UK RETAIL, ISA, ACCOUNT AND BROKER ELIGIBILITY REMAIN PARTLY UNRESOLVED"
ABLATION_EXIT_ONLY_NOT_RUN,WEEKLY,2026-08-07,GLOBAL_SEMICONDUCTORS,FAILED,,"{""GLOBAL_SEMICONDUCTORS"": 1.0}","{""GLOBAL_SEMICONDUCTORS"": 1.0}",1.0,3,DETERIORATING,1.0,1.0,0.0,NO_TARGET_CHANGE,,"HISTORICAL UK RETAIL, ISA, ACCOUNT AND BROKER ELIGIBILITY REMAIN PARTLY UNRESOLVED"
ABLATION_EXIT_ONLY_NOT_RUN,WEEKLY,2026-08-14,GLOBAL_SEMICONDUCTORS,WEAKENING,,"{""GLOBAL_SEMICONDUCTORS"": 1.0}","{""GLOBAL_SEMICONDUCTORS"": 1.0}",1.0,3,DETERIORATING,1.0,1.0,0.0,NO_TARGET_CHANGE,,"HISTORICAL UK RETAIL, ISA, ACCOUNT AND BROKER ELIGIBILITY REMAIN PARTLY UNRESOLVED"
ABLATION_EXIT_ONLY_NOT_RUN,WEEKLY,2026-08-21,GLOBAL_GENOMICS,EXTENDED,,"{""GLOBAL_GENOMICS"": 1.0}","{""GLOBAL_GENOMICS"": 1.0}",1.0,3,DETERIORATING,1.0,1.0,0.0,CANCELLED_PANEL_END_NO_EXECUTION_SESSION,,"HISTORICAL UK RETAIL, ISA, ACCOUNT AND BROKER ELIGIBILITY REMAIN PARTLY UNRESOLVED"
ABLATION_PROFIT_HARVEST_ONLY,WEEKLY,2021-08-31,GLOBAL_CYBERSECURITY,ESTABLISHED,,"{""GLOBAL_CYBERSECURITY"": 1.0}","{""GLOBAL_CYBERSECURITY"": 1.0}",1.0,3,MATURE,1.0,1.0,0.0,PLANNED,2021-09-01,"HISTORICAL UK RETAIL, ISA, ACCOUNT AND BROKER ELIGIBILITY REMAIN PARTLY UNRESOLVED"
ABLATION_PROFIT_HARVEST_ONLY,WEEKLY,2021-09-03,GLOBAL_CYBERSECURITY,EXTENDED,,"{""GLOBAL_CYBERSECURITY"": 1.0}","{""GLOBAL_CYBERSECURITY"": 1.0}",1.0,3,MATURE,1.0,1.0,0.0,NO_TARGET_CHANGE,,"HISTORICAL UK RETAIL, ISA, ACCOUNT AND BROKER ELIGIBILITY REMAIN PARTLY UNRESOLVED"
ABLATION_PROFIT_HARVEST_ONLY,WEEKLY,2021-09-10,GLOBAL_CYBERSECURITY,ESTABLISHED,,"{""GLOBAL_CYBERSECURITY"": 1.0}","{""GLOBAL_CYBERSECURITY"": 1.0}",1.0,3,MATURE,1.0,1.0,0.0,NO_TARGET_CHANGE,,"HISTORICAL UK RETAIL, ISA, ACCOUNT AND BROKER ELIGIBILITY REMAIN PARTLY UNRESOLVED"
ABLATION_PROFIT_HARVEST_ONLY,WEEKLY,2021-09-17,GLOBAL_CYBERSECURITY,ESTABLISHED,,"{""GLOBAL_CYBERSECURITY"": 1.0}","{""GLOBAL_CYBERSECURITY"": 1.0}",1.0,3,MATURE,1.0,1.0,0.0,NO_TARGET_CHANGE,,"HISTORICAL UK RETAIL, ISA, ACCOUNT AND BROKER ELIGIBILITY REMAIN PARTLY UNRESOLVED"
ABLATION_PROFIT_HARVEST_ONLY,WEEKLY,2021-09-24,GLOBAL_CYBERSECURITY,WEAKENING,,"{""GLOBAL_CYBERSECURITY"": 1.0}","{""GLOBAL_CYBERSECURITY"": 1.0}",1.0,3,MATURE,1.0,1.0,0.0,NO_TARGET_CHANGE,,"HISTORICAL UK RETAIL, ISA, ACCOUNT AND BROKER ELIGIBILITY REMAIN PARTLY UNRESOLVED"
ABLATION_PROFIT_HARVEST_ONLY,WEEKLY,2021-09-30,GLOBAL_OIL_GAS,ESTABLISHED,,"{""GLOBAL_OIL_GAS"": 1.0}","{""GLOBAL_OIL_GAS"": 1.0}",1.0,3,MATURE,1.0,1.0,0.0,PLANNED,2021-10-01,"HISTORICAL UK RETAIL, ISA, ACCOUNT AND BROKER ELIGIBILITY REMAIN PARTLY UNRESOLVED"
ABLATION_PROFIT_HARVEST_ONLY,WEEKLY,2021-10-01,GLOBAL_OIL_GAS,ESTABLISHED,,"{""GLOBAL_OIL_GAS"": 1.0}","{""GLOBAL_OIL_GAS"": 1.0}",1.0,4,STRONG,1.0,1.0,0.0,NO_TARGET_CHANGE,,"HISTORICAL UK RETAIL, ISA, ACCOUNT AND BROKER ELIGIBILITY REMAIN PARTLY UNRESOLVED"
ABLATION_PROFIT_HARVEST_ONLY,WEEKLY,2021-10-08,GLOBAL_OIL_GAS,EXTENDED,,"{""GLOBAL_OIL_GAS"": 1.0}","{""GLOBAL_OIL_GAS"": 1.0}",1.0,4,STRONG,1.0,1.0,0.0,NO_TARGET_CHANGE,,"HISTORICAL UK RETAIL, ISA, ACCOUNT AND BROKER ELIGIBILITY REMAIN PARTLY UNRESOLVED"
ABLATION_PROFIT_HARVEST_ONLY,WEEKLY,2021-10-15,GLOBAL_OIL_GAS,EXTENDED,,"{""GLOBAL_OIL_GAS"": 1.0}","{""GLOBAL_OIL_GAS"": 1.0}",1.0,5,STRONG,1.0,1.0,0.0,NO_TARGET_CHANGE,,"HISTORICAL UK RETAIL, ISA, ACCOUNT AND BROKER ELIGIBILITY REMAIN PARTLY UNRESOLVED"
ABLATION_PROFIT_HARVEST_ONLY,WEEKLY,2021-10-22,GLOBAL_OIL_GAS,EXTENDED,,"{""GLOBAL_OIL_GAS"": 1.0}","{""GLOBAL_OIL_GAS"": 1.0}",1.0,3,DETERIORATING,1.0,1.0,0.0,NO_TARGET_CHANGE,,"HISTORICAL UK RETAIL, ISA, ACCOUNT AND BROKER ELIGIBILITY REMAIN PARTLY UNRESOLVED"
ABLATION_PROFIT_HARVEST_ONLY,WEEKLY,2021-10-29,GLOBAL_OIL_GAS,EXTENDED,,"{""GLOBAL_OIL_GAS"": 1.0}","{""GLOBAL_OIL_GAS"": 1.0}",1.0,3,DETERIORATING,1.0,1.0,0.0,NO_TARGET_CHANGE,,"HISTORICAL UK RETAIL, ISA, ACCOUNT AND BROKER ELIGIBILITY REMAIN PARTLY UNRESOLVED"
ABLATION_PROFIT_HARVEST_ONLY,WEEKLY,2021-11-05,GLOBAL_OIL_GAS,EXTENDED,,"{""GLOBAL_OIL_GAS"": 1.0}","{""GLOBAL_OIL_GAS"": 1.0}",1.0,2,DETERIORATING,1.0,1.0,0.0,NO_TARGET_CHANGE,,"HISTORICAL UK RETAIL, ISA, ACCOUNT AND BROKER ELIGIBILITY REMAIN PARTLY UNRESOLVED"
ABLATION_PROFIT_HARVEST_ONLY,WEEKLY,2021-11-12,GLOBAL_OIL_GAS,WEAKENING,,"{""GLOBAL_OIL_GAS"": 1.0}","{""GLOBAL_OIL_GAS"": 1.0}",1.0,3,DETERIORATING,1.0,1.0,0.0,NO_TARGET_CHANGE,,"HISTORICAL UK RETAIL, ISA, ACCOUNT AND BROKER ELIGIBILITY REMAIN PARTLY UNRESOLVED"
ABLATION_PROFIT_HARVEST_ONLY,WEEKLY,2021-11-19,GLOBAL_OIL_GAS,WEAKENING,,"{""GLOBAL_OIL_GAS"": 1.0}","{""GLOBAL_OIL_GAS"": 1.0}",1.0,2,DETERIORATING,1.0,1.0,0.0,NO_TARGET_CHANGE,,"HISTORICAL UK RETAIL, ISA, ACCOUNT AND BROKER ELIGIBILITY REMAIN PARTLY UNRESOLVED"
ABLATION_PROFIT_HARVEST_ONLY,WEEKLY,2021-11-26,GLOBAL_OIL_GAS,WEAKENING,,"{""GLOBAL_OIL_GAS"": 1.0}","{""GLOBAL_OIL_GAS"": 1.0}",1.0,2,DETERIORATING,1.0,1.0,0.0,NO_TARGET_CHANGE,,"HISTORICAL UK RETAIL, ISA, ACCOUNT AND BROKER ELIGIBILITY REMAIN PARTLY UNRESOLVED"
ABLATION_PROFIT_HARVEST_ONLY,WEEKLY,2021-11-30,GLOBAL_SEMICONDUCTORS,EXTENDED,,"{""GLOBAL_SEMICONDUCTORS"": 1.0}","{""GLOBAL_SEMICONDUCTORS"": 1.0}",1.0,2,DETERIORATING,1.0,1.0,0.0,PLANNED,2021-12-01,"HISTORICAL UK RETAIL, ISA, ACCOUNT AND BROKER ELIGIBILITY REMAIN PARTLY UNRESOLVED"
ABLATION_PROFIT_HARVEST_ONLY,WEEKLY,2021-12-03,GLOBAL_SEMICONDUCTORS,EXTENDED,,"{""GLOBAL_SEMICONDUCTORS"": 1.0}","{""GLOBAL_SEMICONDUCTORS"": 1.0}",1.0,3,DETERIORATING,1.0,1.0,0.0,NO_TARGET_CHANGE,,"HISTORICAL UK RETAIL, ISA, ACCOUNT AND BROKER ELIGIBILITY REMAIN PARTLY UNRESOLVED"
ABLATION_PROFIT_HARVEST_ONLY,WEEKLY,2021-12-10,GLOBAL_SEMICONDUCTORS,ESTABLISHED,,"{""GLOBAL_SEMICONDUCTORS"": 1.0}","{""GLOBAL_SEMICONDUCTORS"": 1.0}",1.0,2,DETERIORATING,1.0,1.0,0.0,NO_TARGET_CHANGE,,"HISTORICAL UK RETAIL, ISA, ACCOUNT AND BROKER ELIGIBILITY REMAIN PARTLY UNRESOLVED"
ABLATION_PROFIT_HARVEST_ONLY,WEEKLY,2021-12-17,GLOBAL_SEMICONDUCTORS,ESTABLISHED,,"{""GLOBAL_SEMICONDUCTORS"": 1.0}","{""GLOBAL_SEMICONDUCTORS"": 1.0}",1.0,3,POSITIVE,1.0,1.0,0.0,NO_TARGET_CHANGE,,"HISTORICAL UK RETAIL, ISA, ACCOUNT AND BROKER ELIGIBILITY REMAIN PARTLY UNRESOLVED"
ABLATION_PROFIT_HARVEST_ONLY,WEEKLY,2021-12-24,GLOBAL_SEMICONDUCTORS,EXTENDED,,"{""GLOBAL_SEMICONDUCTORS"": 1.0}","{""GLOBAL_SEMICONDUCTORS"": 1.0}",1.0,0,HOSTILE,1.0,1.0,0.0,NO_TARGET_CHANGE,,"HISTORICAL UK RETAIL, ISA, ACCOUNT AND BROKER ELIGIBILITY REMAIN PARTLY UNRESOLVED"
ABLATION_PROFIT_HARVEST_ONLY,WEEKLY,2021-12-31,GLOBAL_SEMICONDUCTORS,EXTENDED,,"{""GLOBAL_SEMICONDUCTORS"": 1.0}","{""GLOBAL_SEMICONDUCTORS"": 1.0}",1.0,2,POSITIVE,1.0,1.0,0.0,NO_TARGET_CHANGE,,"HISTORICAL UK RETAIL, ISA, ACCOUNT AND BROKER ELIGIBILITY REMAIN PARTLY UNRESOLVED"
ABLATION_PROFIT_HARVEST_ONLY,WEEKLY,2022-01-07,GLOBAL_SEMICONDUCTORS,OTHER,,"{""GLOBAL_SEMICONDUCTORS"": 1.0}","{""GLOBAL_SEMICONDUCTORS"": 1.0}",1.0,2,POSITIVE,1.0,1.0,0.0,NO_TARGET_CHANGE,,"HISTORICAL UK RETAIL, ISA, ACCOUNT AND BROKER ELIGIBILITY REMAIN PARTLY UNRESOLVED"
ABLATION_PROFIT_HARVEST_ONLY,WEEKLY,2022-01-14,GLOBAL_SEMICONDUCTORS,WEAKENING,,"{""GLOBAL_SEMICONDUCTORS"": 1.0}","{""GLOBAL_SEMICONDUCTORS"": 1.0}",1.0,4,STRONG,1.0,1.0,0.0,NO_TARGET_CHANGE,,"HISTORICAL UK RETAIL, ISA, ACCOUNT AND BROKER ELIGIBILITY REMAIN PARTLY UNRESOLVED"
ABLATION_PROFIT_HARVEST_ONLY,WEEKLY,2022-01-21,GLOBAL_SEMICONDUCTORS,WEAKENING,,"{""GLOBAL_SEMICONDUCTORS"": 1.0}","{""GLOBAL_SEMICONDUCTORS"": 1.0}",1.0,3,MATURE,1.0,1.0,0.0,NO_TARGET_CHANGE,,"HISTORICAL UK RETAIL, ISA, ACCOUNT AND BROKER ELIGIBILITY REMAIN PARTLY UNRESOLVED"
ABLATION_PROFIT_HARVEST_ONLY,WEEKLY,2022-01-28,GLOBAL_SEMICONDUCTORS,FAILED,,"{""GLOBAL_SEMICONDUCTORS"": 1.0}","{""GLOBAL_SEMICONDUCTORS"": 1.0}",1.0,2,HOSTILE,1.0,1.0,0.0,NO_TARGET_CHANGE,,"HISTORICAL UK RETAIL, ISA, ACCOUNT AND BROKER ELIGIBILITY REMAIN PARTLY UNRESOLVED"
ABLATION_PROFIT_HARVEST_ONLY,WEEKLY,2022-01-31,GLOBAL_OIL_GAS,EXTENDED,,"{""GLOBAL_OIL_GAS"": 1.0}","{""GLOBAL_OIL_GAS"": 1.0}",1.0,2,HOSTILE,1.0,1.0,0.0,PLANNED,2022-02-01,"HISTORICAL UK RETAIL, ISA, ACCOUNT AND BROKER ELIGIBILITY REMAIN PARTLY UNRESOLVED"
ABLATION_PROFIT_HARVEST_ONLY,WEEKLY,2022-02-04,GLOBAL_OIL_GAS,EXTENDED,,"{""GLOBAL_OIL_GAS"": 1.0}","{""GLOBAL_OIL_GAS"": 1.0}",1.0,4,STRONG,1.0,1.0,0.0,NO_TARGET_CHANGE,,"HISTORICAL UK RETAIL, ISA, ACCOUNT AND BROKER ELIGIBILITY REMAIN PARTLY UNRESOLVED"
ABLATION_PROFIT_HARVEST_ONLY,WEEKLY,2022-02-11,GLOBAL_OIL_GAS,EXTENDED,,"{""GLOBAL_OIL_GAS"": 1.0}","{""GLOBAL_OIL_GAS"": 1.0}",1.0,2,DETERIORATING,1.0,1.0,0.0,NO_TARGET_CHANGE,,"HISTORICAL UK RETAIL, ISA, ACCOUNT AND BROKER ELIGIBILITY REMAIN PARTLY UNRESOLVED"
ABLATION_PROFIT_HARVEST_ONLY,WEEKLY,2022-02-18,GLOBAL_OIL_GAS,EXTENDED,,"{""GLOBAL_OIL_GAS"": 1.0}","{""GLOBAL_OIL_GAS"": 1.0}",1.0,2,HOSTILE,1.0,1.0,0.0,NO_TARGET_CHANGE,,"HISTORICAL UK RETAIL, ISA, ACCOUNT AND BROKER ELIGIBILITY REMAIN PARTLY UNRESOLVED"
ABLATION_PROFIT_HARVEST_ONLY,WEEKLY,2022-02-25,GLOBAL_OIL_GAS,EXTENDED,,"{""GLOBAL_OIL_GAS"": 1.0}","{""GLOBAL_OIL_GAS"": 1.0}",1.0,2,HOSTILE,1.0,1.0,0.0,NO_TARGET_CHANGE,,"HISTORICAL UK RETAIL, ISA, ACCOUNT AND BROKER ELIGIBILITY REMAIN PARTLY UNRESOLVED"
ABLATION_PROFIT_HARVEST_ONLY,WEEKLY,2022-02-28,GLOBAL_OIL_GAS,EXTENDED,,"{""GLOBAL_OIL_GAS"": 1.0}","{""GLOBAL_OIL_GAS"": 1.0}",1.0,2,HOSTILE,1.0,1.0,0.0,NO_TARGET_CHANGE,,"HISTORICAL UK RETAIL, ISA, ACCOUNT AND BROKER ELIGIBILITY REMAIN PARTLY UNRESOLVED"
ABLATION_PROFIT_HARVEST_ONLY,WEEKLY,2022-03-04,GLOBAL_OIL_GAS,EXTENDED,,"{""GLOBAL_OIL_GAS"": 1.0}","{""GLOBAL_OIL_GAS"": 1.0}",1.0,1,HOSTILE,1.0,1.0,0.0,NO_TARGET_CHANGE,,"HISTORICAL UK RETAIL, ISA, ACCOUNT AND BROKER ELIGIBILITY REMAIN PARTLY UNRESOLVED"
ABLATION_PROFIT_HARVEST_ONLY,WEEKLY,2022-03-11,GLOBAL_OIL_GAS,EXTENDED,,"{""GLOBAL_OIL_GAS"": 1.0}","{""GLOBAL_OIL_GAS"": 1.0}",1.0,2,HOSTILE,1.0,1.0,0.0,NO_TARGET_CHANGE,,"HISTORICAL UK RETAIL, ISA, ACCOUNT AND BROKER ELIGIBILITY REMAIN PARTLY UNRESOLVED"
ABLATION_PROFIT_HARVEST_ONLY,WEEKLY,2022-03-18,GLOBAL_OIL_GAS,EXTENDED,,"{""GLOBAL_OIL_GAS"": 1.0}","{""GLOBAL_OIL_GAS"": 1.0}",1.0,3,MATURE,1.0,1.0,0.0,NO_TARGET_CHANGE,,"HISTORICAL UK RETAIL, ISA, ACCOUNT AND BROKER ELIGIBILITY REMAIN PARTLY UNRESOLVED"
ABLATION_PROFIT_HARVEST_ONLY,WEEKLY,2022-03-25,GLOBAL_OIL_GAS,EXTENDED,,"{""GLOBAL_OIL_GAS"": 1.0}","{""GLOBAL_OIL_GAS"": 1.0}",1.0,3,MATURE,1.0,1.0,0.0,NO_TARGET_CHANGE,,"HISTORICAL UK RETAIL, ISA, ACCOUNT AND BROKER ELIGIBILITY REMAIN PARTLY UNRESOLVED"
ABLATION_PROFIT_HARVEST_ONLY,WEEKLY,2022-03-31,GLOBAL_OIL_GAS,EXTENDED,,"{""GLOBAL_OIL_GAS"": 1.0}","{""GLOBAL_OIL_GAS"": 1.0}",1.0,3,MATURE,1.0,1.0,0.0,NO_TARGET_CHANGE,,"HISTORICAL UK RETAIL, ISA, ACCOUNT AND BROKER ELIGIBILITY REMAIN PARTLY UNRESOLVED"
ABLATION_PROFIT_HARVEST_ONLY,WEEKLY,2022-04-01,GLOBAL_OIL_GAS,EXTENDED,,"{""GLOBAL_OIL_GAS"": 1.0}","{""GLOBAL_OIL_GAS"": 1.0}",1.0,2,DETERIORATING,1.0,1.0,0.0,NO_TARGET_CHANGE,,"HISTORICAL UK RETAIL, ISA, ACCOUNT AND BROKER ELIGIBILITY REMAIN PARTLY UNRESOLVED"
ABLATION_PROFIT_HARVEST_ONLY,WEEKLY,2022-04-08,GLOBAL_OIL_GAS,EXTENDED,,"{""GLOBAL_OIL_GAS"": 1.0}","{""GLOBAL_OIL_GAS"": 1.0}",1.0,3,POSITIVE,1.0,1.0,0.0,NO_TARGET_CHANGE,,"HISTORICAL UK RETAIL, ISA, ACCOUNT AND BROKER ELIGIBILITY REMAIN PARTLY UNRESOLVED"
ABLATION_PROFIT_HARVEST_ONLY,WEEKLY,2022-04-14,GLOBAL_OIL_GAS,EXTENDED,,"{""GLOBAL_OIL_GAS"": 1.0}","{""GLOBAL_OIL_GAS"": 1.0}",1.0,3,POSITIVE,1.0,1.0,0.0,NO_TARGET_CHANGE,,"HISTORICAL UK RETAIL, ISA, ACCOUNT AND BROKER ELIGIBILITY REMAIN PARTLY UNRESOLVED"
ABLATION_PROFIT_HARVEST_ONLY,WEEKLY,2022-04-22,GLOBAL_OIL_GAS,EXTENDED,,"{""GLOBAL_OIL_GAS"": 1.0}","{""GLOBAL_OIL_GAS"": 1.0}",1.0,1,HOSTILE,1.0,1.0,0.0,NO_TARGET_CHANGE,,"HISTORICAL UK RETAIL, ISA, ACCOUNT AND BROKER ELIGIBILITY REMAIN PARTLY UNRESOLVED"
ABLATION_PROFIT_HARVEST_ONLY,WEEKLY,2022-04-29,GLOBAL_OIL_GAS,EXTENDED,,"{""GLOBAL_OIL_GAS"": 1.0}","{""GLOBAL_OIL_GAS"": 1.0}",1.0,2,HOSTILE,1.0,1.0,0.0,NO_TARGET_CHANGE,,"HISTORICAL UK RETAIL, ISA, ACCOUNT AND BROKER ELIGIBILITY REMAIN PARTLY UNRESOLVED"
ABLATION_PROFIT_HARVEST_ONLY,WEEKLY,2022-05-06,GLOBAL_OIL_GAS,EXTENDED,,"{""GLOBAL_OIL_GAS"": 1.0}","{""GLOBAL_OIL_GAS"": 0.75}",1.0,2,HOSTILE,1.0,0.75,0.25,PLANNED,2022-05-09,"HISTORICAL UK RETAIL, ISA, ACCOUNT AND BROKER ELIGIBILITY REMAIN PARTLY UNRESOLVED"
ABLATION_PROFIT_HARVEST_ONLY,WEEKLY,2022-05-13,GLOBAL_OIL_GAS,EXTENDED,,"{""GLOBAL_OIL_GAS"": 1.0}","{""GLOBAL_OIL_GAS"": 0.75}",1.0,2,HOSTILE,1.0,0.75,0.25,NO_TARGET_CHANGE,,"HISTORICAL UK RETAIL, ISA, ACCOUNT AND BROKER ELIGIBILITY REMAIN PARTLY UNRESOLVED"
ABLATION_PROFIT_HARVEST_ONLY,WEEKLY,2022-05-20,GLOBAL_OIL_GAS,EXTENDED,,"{""GLOBAL_OIL_GAS"": 1.0}","{""GLOBAL_OIL_GAS"": 0.75}",1.0,2,HOSTILE,1.0,0.75,0.25,NO_TARGET_CHANGE,,"HISTORICAL UK RETAIL, ISA, ACCOUNT AND BROKER ELIGIBILITY REMAIN PARTLY UNRESOLVED"
ABLATION_PROFIT_HARVEST_ONLY,WEEKLY,2022-05-27,GLOBAL_OIL_GAS,EXTENDED,,"{""GLOBAL_OIL_GAS"": 1.0}","{""GLOBAL_OIL_GAS"": 0.75}",1.0,1,HOSTILE,1.0,0.75,0.25,NO_TARGET_CHANGE,,"HISTORICAL UK RETAIL, ISA, ACCOUNT AND BROKER ELIGIBILITY REMAIN PARTLY UNRESOLVED"
ABLATION_PROFIT_HARVEST_ONLY,WEEKLY,2022-05-31,GLOBAL_OIL_GAS,EXTENDED,,"{""GLOBAL_OIL_GAS"": 1.0}","{""GLOBAL_OIL_GAS"": 0.75}",1.0,1,HOSTILE,1.0,0.75,0.25,NO_TARGET_CHANGE,,"HISTORICAL UK RETAIL, ISA, ACCOUNT AND BROKER ELIGIBILITY REMAIN PARTLY UNRESOLVED"
ABLATION_PROFIT_HARVEST_ONLY,WEEKLY,2022-06-01,GLOBAL_OIL_GAS,EXTENDED,,"{""GLOBAL_OIL_GAS"": 1.0}","{""GLOBAL_OIL_GAS"": 0.75}",1.0,1,HOSTILE,1.0,0.75,0.25,NO_TARGET_CHANGE,,"HISTORICAL UK RETAIL, ISA, ACCOUNT AND BROKER ELIGIBILITY REMAIN PARTLY UNRESOLVED"
ABLATION_PROFIT_HARVEST_ONLY,WEEKLY,2022-06-10,GLOBAL_OIL_GAS,EXTENDED,,"{""GLOBAL_OIL_GAS"": 1.0}","{""GLOBAL_OIL_GAS"": 0.75}",1.0,1,HOSTILE,1.0,0.75,0.25,NO_TARGET_CHANGE,,"HISTORICAL UK RETAIL, ISA, ACCOUNT AND BROKER ELIGIBILITY REMAIN PARTLY UNRESOLVED"
ABLATION_PROFIT_HARVEST_ONLY,WEEKLY,2022-06-17,GLOBAL_OIL_GAS,WEAKENING,,"{""GLOBAL_OIL_GAS"": 1.0}","{""GLOBAL_OIL_GAS"": 0.75}",1.0,2,HOSTILE,1.0,0.75,0.25,NO_TARGET_CHANGE,,"HISTORICAL UK RETAIL, ISA, ACCOUNT AND BROKER ELIGIBILITY REMAIN PARTLY UNRESOLVED"
ABLATION_PROFIT_HARVEST_ONLY,WEEKLY,2022-06-24,GLOBAL_OIL_GAS,WEAKENING,,"{""GLOBAL_OIL_GAS"": 1.0}","{""GLOBAL_OIL_GAS"": 0.75}",1.0,0,HOSTILE,1.0,0.75,0.25,NO_TARGET_CHANGE,,"HISTORICAL UK RETAIL, ISA, ACCOUNT AND BROKER ELIGIBILITY REMAIN PARTLY UNRESOLVED"
ABLATION_PROFIT_HARVEST_ONLY,WEEKLY,2022-06-30,GLOBAL_OIL_GAS,WEAKENING,,"{""GLOBAL_OIL_GAS"": 1.0}","{""GLOBAL_OIL_GAS"": 0.75}",1.0,0,HOSTILE,1.0,0.75,0.25,NO_TARGET_CHANGE,,"HISTORICAL UK RETAIL, ISA, ACCOUNT AND BROKER ELIGIBILITY REMAIN PARTLY UNRESOLVED"
ABLATION_PROFIT_HARVEST_ONLY,WEEKLY,2022-07-01,GLOBAL_OIL_GAS,WEAKENING,,"{""GLOBAL_OIL_GAS"": 1.0}","{""GLOBAL_OIL_GAS"": 0.75}",1.0,2,HOSTILE,1.0,0.75,0.25,NO_TARGET_CHANGE,,"HISTORICAL UK RETAIL, ISA, ACCOUNT AND BROKER ELIGIBILITY REMAIN PARTLY UNRESOLVED"
ABLATION_PROFIT_HARVEST_ONLY,WEEKLY,2022-07-08,GLOBAL_OIL_GAS,WEAKENING,,"{""GLOBAL_OIL_GAS"": 1.0}","{""GLOBAL_OIL_GAS"": 0.75}",1.0,2,HOSTILE,1.0,0.75,0.25,NO_TARGET_CHANGE,,"HISTORICAL UK RETAIL, ISA, ACCOUNT AND BROKER ELIGIBILITY REMAIN PARTLY UNRESOLVED"
ABLATION_PROFIT_HARVEST_ONLY,WEEKLY,2022-07-15,GLOBAL_OIL_GAS,FAILED,,"{""GLOBAL_OIL_GAS"": 1.0}","{""GLOBAL_OIL_GAS"": 0.75}",1.0,2,HOSTILE,1.0,0.75,0.25,NO_TARGET_CHANGE,,"HISTORICAL UK RETAIL, ISA, ACCOUNT AND BROKER ELIGIBILITY REMAIN PARTLY UNRESOLVED"
ABLATION_PROFIT_HARVEST_ONLY,WEEKLY,2022-07-22,GLOBAL_OIL_GAS,FAILED,,"{""GLOBAL_OIL_GAS"": 1.0}","{""GLOBAL_OIL_GAS"": 0.75}",1.0,3,HOSTILE,1.0,0.75,0.25,NO_TARGET_CHANGE,,"HISTORICAL UK RETAIL, ISA, ACCOUNT AND BROKER ELIGIBILITY REMAIN PARTLY UNRESOLVED"
ABLATION_PROFIT_HARVEST_ONLY,WEEKLY,2022-07-29,GLOBAL_OIL_GAS,WEAKENING,,"{""GLOBAL_OIL_GAS"": 1.0}","{""GLOBAL_OIL_GAS"": 0.75}",1.0,3,POSITIVE,1.0,0.75,0.25,NO_TARGET_CHANGE,,"HISTORICAL UK RETAIL, ISA, ACCOUNT AND BROKER ELIGIBILITY REMAIN PARTLY UNRESOLVED"
ABLATION_PROFIT_HARVEST_ONLY,WEEKLY,2022-08-05,GLOBAL_OIL_GAS,FAILED,,"{""GLOBAL_OIL_GAS"": 1.0}","{""GLOBAL_OIL_GAS"": 0.75}",1.0,4,STRONG,1.0,0.75,0.25,NO_TARGET_CHANGE,,"HISTORICAL UK RETAIL, ISA, ACCOUNT AND BROKER ELIGIBILITY REMAIN PARTLY UNRESOLVED"
ABLATION_PROFIT_HARVEST_ONLY,WEEKLY,2022-08-12,GLOBAL_OIL_GAS,FAILED,,"{""GLOBAL_OIL_GAS"": 1.0}","{""GLOBAL_OIL_GAS"": 0.75}",1.0,4,STRONG,1.0,0.75,0.25,NO_TARGET_CHANGE,,"HISTORICAL UK RETAIL, ISA, ACCOUNT AND BROKER ELIGIBILITY REMAIN PARTLY UNRESOLVED"
ABLATION_PROFIT_HARVEST_ONLY,WEEKLY,2022-08-19,GLOBAL_OIL_GAS,FAILED,,"{""GLOBAL_OIL_GAS"": 1.0}","{""GLOBAL_OIL_GAS"": 0.75}",1.0,3,MATURE,1.0,0.75,0.25,NO_TARGET_CHANGE,,"HISTORICAL UK RETAIL, ISA, ACCOUNT AND BROKER ELIGIBILITY REMAIN PARTLY UNRESOLVED"
ABLATION_PROFIT_HARVEST_ONLY,WEEKLY,2022-08-26,GLOBAL_OIL_GAS,OTHER,,"{""GLOBAL_OIL_GAS"": 1.0}","{""GLOBAL_OIL_GAS"": 0.75}",1.0,4,STRONG,1.0,0.75,0.25,NO_TARGET_CHANGE,,"HISTORICAL UK RETAIL, ISA, ACCOUNT AND BROKER ELIGIBILITY REMAIN PARTLY UNRESOLVED"
ABLATION_PROFIT_HARVEST_ONLY,WEEKLY,2022-08-31,GLOBAL_INFRASTRUCTURE,WEAKENING,,"{""GLOBAL_INFRASTRUCTURE"": 1.0}","{""GLOBAL_INFRASTRUCTURE"": 1.0}",1.0,4,STRONG,1.0,1.0,0.0,PLANNED,2022-09-01,"HISTORICAL UK RETAIL, ISA, ACCOUNT AND BROKER ELIGIBILITY REMAIN PARTLY UNRESOLVED"
ABLATION_PROFIT_HARVEST_ONLY,WEEKLY,2022-09-02,GLOBAL_INFRASTRUCTURE,ESTABLISHED,,"{""GLOBAL_INFRASTRUCTURE"": 1.0}","{""GLOBAL_INFRASTRUCTURE"": 1.0}",1.0,3,MATURE,1.0,1.0,0.0,NO_TARGET_CHANGE,,"HISTORICAL UK RETAIL, ISA, ACCOUNT AND BROKER ELIGIBILITY REMAIN PARTLY UNRESOLVED"
ABLATION_PROFIT_HARVEST_ONLY,WEEKLY,2022-09-09,GLOBAL_INFRASTRUCTURE,OTHER,,"{""GLOBAL_INFRASTRUCTURE"": 1.0}","{""GLOBAL_INFRASTRUCTURE"": 1.0}",1.0,3,MATURE,1.0,1.0,0.0,NO_TARGET_CHANGE,,"HISTORICAL UK RETAIL, ISA, ACCOUNT AND BROKER ELIGIBILITY REMAIN PARTLY UNRESOLVED"
ABLATION_PROFIT_HARVEST_ONLY,WEEKLY,2022-09-16,GLOBAL_INFRASTRUCTURE,OTHER,,"{""GLOBAL_INFRASTRUCTURE"": 1.0}","{""GLOBAL_INFRASTRUCTURE"": 1.0}",1.0,4,STRONG,1.0,1.0,0.0,NO_TARGET_CHANGE,,"HISTORICAL UK RETAIL, ISA, ACCOUNT AND BROKER ELIGIBILITY REMAIN PARTLY UNRESOLVED"
ABLATION_PROFIT_HARVEST_ONLY,WEEKLY,2022-09-23,GLOBAL_INFRASTRUCTURE,OTHER,,"{""GLOBAL_INFRASTRUCTURE"": 1.0}","{""GLOBAL_INFRASTRUCTURE"": 1.0}",1.0,3,MATURE,1.0,1.0,0.0,NO_TARGET_CHANGE,,"HISTORICAL UK RETAIL, ISA, ACCOUNT AND BROKER ELIGIBILITY REMAIN PARTLY UNRESOLVED"
ABLATION_PROFIT_HARVEST_ONLY,WEEKLY,2022-09-30,GLOBAL_OIL_GAS,ESTABLISHED,,"{""GLOBAL_OIL_GAS"": 1.0}","{""GLOBAL_OIL_GAS"": 1.0}",1.0,2,HOSTILE,1.0,1.0,0.0,PLANNED,2022-10-03,"HISTORICAL UK RETAIL, ISA, ACCOUNT AND BROKER ELIGIBILITY REMAIN PARTLY UNRESOLVED"
ABLATION_PROFIT_HARVEST_ONLY,WEEKLY,2022-10-07,GLOBAL_OIL_GAS,EXTENDED,,"{""GLOBAL_OIL_GAS"": 1.0}","{""GLOBAL_OIL_GAS"": 1.0}",1.0,3,HOSTILE,1.0,1.0,0.0,NO_TARGET_CHANGE,,"HISTORICAL UK RETAIL, ISA, ACCOUNT AND BROKER ELIGIBILITY REMAIN PARTLY UNRESOLVED"
ABLATION_PROFIT_HARVEST_ONLY,WEEKLY,2022-10-14,GLOBAL_OIL_GAS,EXTENDED,,"{""GLOBAL_OIL_GAS"": 1.0}","{""GLOBAL_OIL_GAS"": 1.0}",1.0,3,HOSTILE,1.0,1.0,0.0,NO_TARGET_CHANGE,,"HISTORICAL UK RETAIL, ISA, ACCOUNT AND BROKER ELIGIBILITY REMAIN PARTLY UNRESOLVED"
ABLATION_PROFIT_HARVEST_ONLY,WEEKLY,2022-10-21,GLOBAL_OIL_GAS,EXTENDED,,"{""GLOBAL_OIL_GAS"": 1.0}","{""GLOBAL_OIL_GAS"": 1.0}",1.0,2,HOSTILE,1.0,1.0,0.0,NO_TARGET_CHANGE,,"HISTORICAL UK RETAIL, ISA, ACCOUNT AND BROKER ELIGIBILITY REMAIN PARTLY UNRESOLVED"
ABLATION_PROFIT_HARVEST_ONLY,WEEKLY,2022-10-28,GLOBAL_OIL_GAS,ESTABLISHED,,"{""GLOBAL_OIL_GAS"": 1.0}","{""GLOBAL_OIL_GAS"": 1.0}",1.0,3,HOSTILE,1.0,1.0,0.0,NO_TARGET_CHANGE,,"HISTORICAL UK RETAIL, ISA, ACCOUNT AND BROKER ELIGIBILITY REMAIN PARTLY UNRESOLVED"
ABLATION_PROFIT_HARVEST_ONLY,WEEKLY,2022-10-31,GLOBAL_OIL_GAS,EXTENDED,,"{""GLOBAL_OIL_GAS"": 1.0}","{""GLOBAL_OIL_GAS"": 1.0}",1.0,3,HOSTILE,1.0,1.0,0.0,NO_TARGET_CHANGE,,"HISTORICAL UK RETAIL, ISA, ACCOUNT AND BROKER ELIGIBILITY REMAIN PARTLY UNRESOLVED"
ABLATION_PROFIT_HARVEST_ONLY,WEEKLY,2022-11-04,GLOBAL_OIL_GAS,EXTENDED,,"{""GLOBAL_OIL_GAS"": 1.0}","{""GLOBAL_OIL_GAS"": 1.0}",1.0,4,STRONG,1.0,1.0,0.0,NO_TARGET_CHANGE,,"HISTORICAL UK RETAIL, ISA, ACCOUNT AND BROKER ELIGIBILITY REMAIN PARTLY UNRESOLVED"
ABLATION_PROFIT_HARVEST_ONLY,WEEKLY,2022-11-11,GLOBAL_OIL_GAS,WEAKENING,,"{""GLOBAL_OIL_GAS"": 1.0}","{""GLOBAL_OIL_GAS"": 1.0}",1.0,3,MATURE,1.0,1.0,0.0,NO_TARGET_CHANGE,,"HISTORICAL UK RETAIL, ISA, ACCOUNT AND BROKER ELIGIBILITY REMAIN PARTLY UNRESOLVED"
ABLATION_PROFIT_HARVEST_ONLY,WEEKLY,2022-11-18,GLOBAL_OIL_GAS,WEAKENING,,"{""GLOBAL_OIL_GAS"": 1.0}","{""GLOBAL_OIL_GAS"": 1.0}",1.0,2,DETERIORATING,1.0,1.0,0.0,NO_TARGET_CHANGE,,"HISTORICAL UK RETAIL, ISA, ACCOUNT AND BROKER ELIGIBILITY REMAIN PARTLY UNRESOLVED"
ABLATION_PROFIT_HARVEST_ONLY,WEEKLY,2022-11-25,GLOBAL_OIL_GAS,WEAKENING,,"{""GLOBAL_OIL_GAS"": 1.0}","{""GLOBAL_OIL_GAS"": 1.0}",1.0,4,STRONG,1.0,1.0,0.0,NO_TARGET_CHANGE,,"HISTORICAL UK RETAIL, ISA, ACCOUNT AND BROKER ELIGIBILITY REMAIN PARTLY UNRESOLVED"
ABLATION_PROFIT_HARVEST_ONLY,WEEKLY,2022-11-30,EUROPE_BANKS,EXTENDED,,"{""EUROPE_BANKS"": 1.0}","{""EUROPE_BANKS"": 1.0}",1.0,4,STRONG,1.0,1.0,0.0,PLANNED,2022-12-01,"HISTORICAL UK RETAIL, ISA, ACCOUNT AND BROKER ELIGIBILITY REMAIN PARTLY UNRESOLVED"
ABLATION_PROFIT_HARVEST_ONLY,WEEKLY,2022-12-02,EUROPE_BANKS,EXTENDED,,"{""EUROPE_BANKS"": 1.0}","{""EUROPE_BANKS"": 1.0}",1.0,4,STRONG,1.0,1.0,0.0,NO_TARGET_CHANGE,,"HISTORICAL UK RETAIL, ISA, ACCOUNT AND BROKER ELIGIBILITY REMAIN PARTLY UNRESOLVED"
ABLATION_PROFIT_HARVEST_ONLY,WEEKLY,2022-12-09,EUROPE_BANKS,EXTENDED,,"{""EUROPE_BANKS"": 1.0}","{""EUROPE_BANKS"": 1.0}",1.0,3,HOSTILE,1.0,1.0,0.0,NO_TARGET_CHANGE,,"HISTORICAL UK RETAIL, ISA, ACCOUNT AND BROKER ELIGIBILITY REMAIN PARTLY UNRESOLVED"
ABLATION_PROFIT_HARVEST_ONLY,WEEKLY,2022-12-16,EUROPE_BANKS,ESTABLISHED,,"{""EUROPE_BANKS"": 1.0}","{""EUROPE_BANKS"": 1.0}",1.0,3,HOSTILE,1.0,1.0,0.0,NO_TARGET_CHANGE,,"HISTORICAL UK RETAIL, ISA, ACCOUNT AND BROKER ELIGIBILITY REMAIN PARTLY UNRESOLVED"
ABLATION_PROFIT_HARVEST_ONLY,WEEKLY,2022-12-23,EUROPE_BANKS,EXTENDED,,"{""EUROPE_BANKS"": 1.0}","{""EUROPE_BANKS"": 1.0}",1.0,3,MATURE,1.0,1.0,0.0,NO_TARGET_CHANGE,,"HISTORICAL UK RETAIL, ISA, ACCOUNT AND BROKER ELIGIBILITY REMAIN PARTLY UNRESOLVED"
ABLATION_PROFIT_HARVEST_ONLY,WEEKLY,2022-12-30,EUROPE_BANKS,EXTENDED,,"{""EUROPE_BANKS"": 1.0}","{""EUROPE_BANKS"": 1.0}",1.0,3,MATURE,1.0,1.0,0.0,NO_TARGET_CHANGE,,"HISTORICAL UK RETAIL, ISA, ACCOUNT AND BROKER ELIGIBILITY REMAIN PARTLY UNRESOLVED"
ABLATION_PROFIT_HARVEST_ONLY,WEEKLY,2023-01-06,EUROPE_BANKS,EXTENDED,,"{""EUROPE_BANKS"": 1.0}","{""EUROPE_BANKS"": 1.0}",1.0,3,MATURE,1.0,1.0,0.0,NO_TARGET_CHANGE,,"HISTORICAL UK RETAIL, ISA, ACCOUNT AND BROKER ELIGIBILITY REMAIN PARTLY UNRESOLVED"
ABLATION_PROFIT_HARVEST_ONLY,WEEKLY,2023-01-13,EUROPE_BANKS,OTHER,,"{""EUROPE_BANKS"": 1.0}","{""EUROPE_BANKS"": 1.0}",1.0,5,STRONG,1.0,1.0,0.0,NO_TARGET_CHANGE,,"HISTORICAL UK RETAIL, ISA, ACCOUNT AND BROKER ELIGIBILITY REMAIN PARTLY UNRESOLVED"
ABLATION_PROFIT_HARVEST_ONLY,WEEKLY,2023-01-20,EUROPE_BANKS,EXTENDED,,"{""EUROPE_BANKS"": 1.0}","{""EUROPE_BANKS"": 1.0}",1.0,3,DETERIORATING,1.0,1.0,0.0,NO_TARGET_CHANGE,,"HISTORICAL UK RETAIL, ISA, ACCOUNT AND BROKER ELIGIBILITY REMAIN PARTLY UNRESOLVED"
ABLATION_PROFIT_HARVEST_ONLY,WEEKLY,2023-01-27,EUROPE_BANKS,EXTENDED,,"{""EUROPE_BANKS"": 1.0}","{""EUROPE_BANKS"": 0.75}",1.0,5,STRONG,1.0,0.75,0.25,PLANNED,2023-01-30,"HISTORICAL UK RETAIL, ISA, ACCOUNT AND BROKER ELIGIBILITY REMAIN PARTLY UNRESOLVED"
ABLATION_PROFIT_HARVEST_ONLY,WEEKLY,2023-01-31,EUROPE_BANKS,EXTENDED,,"{""EUROPE_BANKS"": 1.0}","{""EUROPE_BANKS"": 0.75}",1.0,5,STRONG,1.0,0.75,0.25,NO_TARGET_CHANGE,,"HISTORICAL UK RETAIL, ISA, ACCOUNT AND BROKER ELIGIBILITY REMAIN PARTLY UNRESOLVED"
ABLATION_PROFIT_HARVEST_ONLY,WEEKLY,2023-02-03,EUROPE_BANKS,EXTENDED,,"{""EUROPE_BANKS"": 1.0}","{""EUROPE_BANKS"": 0.75}",1.0,4,MATURE,1.0,0.75,0.25,NO_TARGET_CHANGE,,"HISTORICAL UK RETAIL, ISA, ACCOUNT AND BROKER ELIGIBILITY REMAIN PARTLY UNRESOLVED"
ABLATION_PROFIT_HARVEST_ONLY,WEEKLY,2023-02-10,EUROPE_BANKS,EXTENDED,,"{""EUROPE_BANKS"": 1.0}","{""EUROPE_BANKS"": 0.75}",1.0,4,MATURE,1.0,0.75,0.25,NO_TARGET_CHANGE,,"HISTORICAL UK RETAIL, ISA, ACCOUNT AND BROKER ELIGIBILITY REMAIN PARTLY UNRESOLVED"
ABLATION_PROFIT_HARVEST_ONLY,WEEKLY,2023-02-17,EUROPE_BANKS,EXTENDED,,"{""EUROPE_BANKS"": 1.0}","{""EUROPE_BANKS"": 0.75}",1.0,3,DETERIORATING,1.0,0.75,0.25,NO_TARGET_CHANGE,,"HISTORICAL UK RETAIL, ISA, ACCOUNT AND BROKER ELIGIBILITY REMAIN PARTLY UNRESOLVED"
ABLATION_PROFIT_HARVEST_ONLY,WEEKLY,2023-02-24,EUROPE_BANKS,EXTENDED,,"{""EUROPE_BANKS"": 1.0}","{""EUROPE_BANKS"": 0.75}",1.0,3,DETERIORATING,1.0,0.75,0.25,NO_TARGET_CHANGE,,"HISTORICAL UK RETAIL, ISA, ACCOUNT AND BROKER ELIGIBILITY REMAIN PARTLY UNRESOLVED"
ABLATION_PROFIT_HARVEST_ONLY,WEEKLY,2023-02-28,EUROPE_BANKS,EXTENDED,,"{""EUROPE_BANKS"": 1.0}","{""EUROPE_BANKS"": 0.75}",1.0,3,DETERIORATING,1.0,0.75,0.25,NO_TARGET_CHANGE,,"HISTORICAL UK RETAIL, ISA, ACCOUNT AND BROKER ELIGIBILITY REMAIN PARTLY UNRESOLVED"
ABLATION_PROFIT_HARVEST_ONLY,WEEKLY,2023-03-03,EUROPE_BANKS,EXTENDED,,"{""EUROPE_BANKS"": 1.0}","{""EUROPE_BANKS"": 0.75}",1.0,3,DETERIORATING,1.0,0.75,0.25,NO_TARGET_CHANGE,,"HISTORICAL UK RETAIL, ISA, ACCOUNT AND BROKER ELIGIBILITY REMAIN PARTLY UNRESOLVED"
ABLATION_PROFIT_HARVEST_ONLY,WEEKLY,2023-03-10,EUROPE_BANKS,EXTENDED,,"{""EUROPE_BANKS"": 1.0}","{""EUROPE_BANKS"": 0.75}",1.0,4,MATURE,1.0,0.75,0.25,NO_TARGET_CHANGE,,"HISTORICAL UK RETAIL, ISA, ACCOUNT AND BROKER ELIGIBILITY REMAIN PARTLY UNRESOLVED"
ABLATION_PROFIT_HARVEST_ONLY,WEEKLY,2023-03-17,EUROPE_BANKS,WEAKENING,,"{""EUROPE_BANKS"": 1.0}","{""EUROPE_BANKS"": 0.75}",1.0,0,HOSTILE,1.0,0.75,0.25,NO_TARGET_CHANGE,,"HISTORICAL UK RETAIL, ISA, ACCOUNT AND BROKER ELIGIBILITY REMAIN PARTLY UNRESOLVED"
ABLATION_PROFIT_HARVEST_ONLY,WEEKLY,2023-03-24,EUROPE_BANKS,FAILED,,"{""EUROPE_BANKS"": 1.0}","{""EUROPE_BANKS"": 0.75}",1.0,2,HOSTILE,1.0,0.75,0.25,NO_TARGET_CHANGE,,"HISTORICAL UK RETAIL, ISA, ACCOUNT AND BROKER ELIGIBILITY REMAIN PARTLY UNRESOLVED"
ABLATION_PROFIT_HARVEST_ONLY,WEEKLY,2023-03-31,GLOBAL_SEMICONDUCTORS,EXTENDED,,"{""GLOBAL_SEMICONDUCTORS"": 1.0}","{""GLOBAL_SEMICONDUCTORS"": 1.0}",1.0,3,MATURE,1.0,1.0,0.0,PLANNED,2023-04-03,"HISTORICAL UK RETAIL, ISA, ACCOUNT AND BROKER ELIGIBILITY REMAIN PARTLY UNRESOLVED"
ABLATION_PROFIT_HARVEST_ONLY,WEEKLY,2023-04-06,GLOBAL_SEMICONDUCTORS,EXTENDED,,"{""GLOBAL_SEMICONDUCTORS"": 1.0}","{""GLOBAL_SEMICONDUCTORS"": 1.0}",1.0,1,DETERIORATING,1.0,1.0,0.0,NO_TARGET_CHANGE,,"HISTORICAL UK RETAIL, ISA, ACCOUNT AND BROKER ELIGIBILITY REMAIN PARTLY UNRESOLVED"
ABLATION_PROFIT_HARVEST_ONLY,WEEKLY,2023-04-14,GLOBAL_SEMICONDUCTORS,ESTABLISHED,,"{""GLOBAL_SEMICONDUCTORS"": 1.0}","{""GLOBAL_SEMICONDUCTORS"": 1.0}",1.0,2,DETERIORATING,1.0,1.0,0.0,NO_TARGET_CHANGE,,"HISTORICAL UK RETAIL, ISA, ACCOUNT AND BROKER ELIGIBILITY REMAIN PARTLY UNRESOLVED"
ABLATION_PROFIT_HARVEST_ONLY,WEEKLY,2023-04-21,GLOBAL_SEMICONDUCTORS,WEAKENING,,"{""GLOBAL_SEMICONDUCTORS"": 1.0}","{""GLOBAL_SEMICONDUCTORS"": 1.0}",1.0,3,MATURE,1.0,1.0,0.0,NO_TARGET_CHANGE,,"HISTORICAL UK RETAIL, ISA, ACCOUNT AND BROKER ELIGIBILITY REMAIN PARTLY UNRESOLVED"
ABLATION_PROFIT_HARVEST_ONLY,WEEKLY,2023-04-28,GLOBAL_SEMICONDUCTORS,WEAKENING,,"{""GLOBAL_SEMICONDUCTORS"": 1.0}","{""GLOBAL_SEMICONDUCTORS"": 1.0}",1.0,2,DETERIORATING,1.0,1.0,0.0,NO_TARGET_CHANGE,,"HISTORICAL UK RETAIL, ISA, ACCOUNT AND BROKER ELIGIBILITY REMAIN PARTLY UNRESOLVED"
ABLATION_PROFIT_HARVEST_ONLY,WEEKLY,2023-05-05,GLOBAL_SEMICONDUCTORS,FAILED,,"{""GLOBAL_SEMICONDUCTORS"": 1.0}","{""GLOBAL_SEMICONDUCTORS"": 1.0}",1.0,3,MATURE,1.0,1.0,0.0,NO_TARGET_CHANGE,,"HISTORICAL UK RETAIL, ISA, ACCOUNT AND BROKER ELIGIBILITY REMAIN PARTLY UNRESOLVED"
ABLATION_PROFIT_HARVEST_ONLY,WEEKLY,2023-05-12,GLOBAL_SEMICONDUCTORS,FAILED,,"{""GLOBAL_SEMICONDUCTORS"": 1.0}","{""GLOBAL_SEMICONDUCTORS"": 1.0}",1.0,2,POSITIVE,1.0,1.0,0.0,NO_TARGET_CHANGE,,"HISTORICAL UK RETAIL, ISA, ACCOUNT AND BROKER ELIGIBILITY REMAIN PARTLY UNRESOLVED"
ABLATION_PROFIT_HARVEST_ONLY,WEEKLY,2023-05-19,GLOBAL_SEMICONDUCTORS,WEAKENING,,"{""GLOBAL_SEMICONDUCTORS"": 1.0}","{""GLOBAL_SEMICONDUCTORS"": 1.0}",1.0,2,POSITIVE,1.0,1.0,0.0,NO_TARGET_CHANGE,,"HISTORICAL UK RETAIL, ISA, ACCOUNT AND BROKER ELIGIBILITY REMAIN PARTLY UNRESOLVED"
ABLATION_PROFIT_HARVEST_ONLY,WEEKLY,2023-05-26,GLOBAL_SEMICONDUCTORS,WEAKENING,,"{""GLOBAL_SEMICONDUCTORS"": 1.0}","{""GLOBAL_SEMICONDUCTORS"": 1.0}",1.0,1,POSITIVE,1.0,1.0,0.0,NO_TARGET_CHANGE,,"HISTORICAL UK RETAIL, ISA, ACCOUNT AND BROKER ELIGIBILITY REMAIN PARTLY UNRESOLVED"
ABLATION_PROFIT_HARVEST_ONLY,WEEKLY,2023-05-31,GLOBAL_SEMICONDUCTORS,EXTENDED,,"{""GLOBAL_SEMICONDUCTORS"": 1.0}","{""GLOBAL_SEMICONDUCTORS"": 1.0}",1.0,1,POSITIVE,1.0,1.0,0.0,NO_TARGET_CHANGE,,"HISTORICAL UK RETAIL, ISA, ACCOUNT AND BROKER ELIGIBILITY REMAIN PARTLY UNRESOLVED"
ABLATION_PROFIT_HARVEST_ONLY,WEEKLY,2023-06-02,GLOBAL_SEMICONDUCTORS,EXTENDED,,"{""GLOBAL_SEMICONDUCTORS"": 1.0}","{""GLOBAL_SEMICONDUCTORS"": 1.0}",1.0,2,POSITIVE,1.0,1.0,0.0,NO_TARGET_CHANGE,,"HISTORICAL UK RETAIL, ISA, ACCOUNT AND BROKER ELIGIBILITY REMAIN PARTLY UNRESOLVED"
ABLATION_PROFIT_HARVEST_ONLY,WEEKLY,2023-06-09,GLOBAL_SEMICONDUCTORS,EXTENDED,,"{""GLOBAL_SEMICONDUCTORS"": 1.0}","{""GLOBAL_SEMICONDUCTORS"": 1.0}",1.0,1,POSITIVE,1.0,1.0,0.0,NO_TARGET_CHANGE,,"HISTORICAL UK RETAIL, ISA, ACCOUNT AND BROKER ELIGIBILITY REMAIN PARTLY UNRESOLVED"
ABLATION_PROFIT_HARVEST_ONLY,WEEKLY,2023-06-16,GLOBAL_SEMICONDUCTORS,EXTENDED,,"{""GLOBAL_SEMICONDUCTORS"": 1.0}","{""GLOBAL_SEMICONDUCTORS"": 1.0}",1.0,3,POSITIVE,1.0,1.0,0.0,NO_TARGET_CHANGE,,"HISTORICAL UK RETAIL, ISA, ACCOUNT AND BROKER ELIGIBILITY REMAIN PARTLY UNRESOLVED"
ABLATION_PROFIT_HARVEST_ONLY,WEEKLY,2023-06-23,GLOBAL_SEMICONDUCTORS,ESTABLISHED,,"{""GLOBAL_SEMICONDUCTORS"": 1.0}","{""GLOBAL_SEMICONDUCTORS"": 1.0}",1.0,1,POSITIVE,1.0,1.0,0.0,NO_TARGET_CHANGE,,"HISTORICAL UK RETAIL, ISA, ACCOUNT AND BROKER ELIGIBILITY REMAIN PARTLY UNRESOLVED"
ABLATION_PROFIT_HARVEST_ONLY,WEEKLY,2023-06-30,GLOBAL_SEMICONDUCTORS,EXTENDED,,"{""GLOBAL_SEMICONDUCTORS"": 1.0}","{""GLOBAL_SEMICONDUCTORS"": 1.0}",1.0,2,POSITIVE,1.0,1.0,0.0,NO_TARGET_CHANGE,,"HISTORICAL UK RETAIL, ISA, ACCOUNT AND BROKER ELIGIBILITY REMAIN PARTLY UNRESOLVED"
ABLATION_PROFIT_HARVEST_ONLY,WEEKLY,2023-07-07,GLOBAL_SEMICONDUCTORS,ESTABLISHED,,"{""GLOBAL_SEMICONDUCTORS"": 1.0}","{""GLOBAL_SEMICONDUCTORS"": 1.0}",1.0,2,POSITIVE,1.0,1.0,0.0,NO_TARGET_CHANGE,,"HISTORICAL UK RETAIL, ISA, ACCOUNT AND BROKER ELIGIBILITY REMAIN PARTLY UNRESOLVED"
ABLATION_PROFIT_HARVEST_ONLY,WEEKLY,2023-07-14,GLOBAL_SEMICONDUCTORS,EXTENDED,,"{""GLOBAL_SEMICONDUCTORS"": 1.0}","{""GLOBAL_SEMICONDUCTORS"": 1.0}",1.0,3,POSITIVE,1.0,1.0,0.0,NO_TARGET_CHANGE,,"HISTORICAL UK RETAIL, ISA, ACCOUNT AND BROKER ELIGIBILITY REMAIN PARTLY UNRESOLVED"
ABLATION_PROFIT_HARVEST_ONLY,WEEKLY,2023-07-21,GLOBAL_SEMICONDUCTORS,WEAKENING,,"{""GLOBAL_SEMICONDUCTORS"": 1.0}","{""GLOBAL_SEMICONDUCTORS"": 1.0}",1.0,2,POSITIVE,1.0,1.0,0.0,NO_TARGET_CHANGE,,"HISTORICAL UK RETAIL, ISA, ACCOUNT AND BROKER ELIGIBILITY REMAIN PARTLY UNRESOLVED"
ABLATION_PROFIT_HARVEST_ONLY,WEEKLY,2023-07-28,GLOBAL_SEMICONDUCTORS,WEAKENING,,"{""GLOBAL_SEMICONDUCTORS"": 1.0}","{""GLOBAL_SEMICONDUCTORS"": 1.0}",1.0,4,STRONG,1.0,1.0,0.0,NO_TARGET_CHANGE,,"HISTORICAL UK RETAIL, ISA, ACCOUNT AND BROKER ELIGIBILITY REMAIN PARTLY UNRESOLVED"
ABLATION_PROFIT_HARVEST_ONLY,WEEKLY,2023-07-31,GLOBAL_SEMICONDUCTORS,WEAKENING,,"{""GLOBAL_SEMICONDUCTORS"": 1.0}","{""GLOBAL_SEMICONDUCTORS"": 1.0}",1.0,4,STRONG,1.0,1.0,0.0,NO_TARGET_CHANGE,,"HISTORICAL UK RETAIL, ISA, ACCOUNT AND BROKER ELIGIBILITY REMAIN PARTLY UNRESOLVED"
ABLATION_PROFIT_HARVEST_ONLY,WEEKLY,2023-08-04,GLOBAL_SEMICONDUCTORS,WEAKENING,,"{""GLOBAL_SEMICONDUCTORS"": 1.0}","{""GLOBAL_SEMICONDUCTORS"": 1.0}",1.0,4,STRONG,1.0,1.0,0.0,NO_TARGET_CHANGE,,"HISTORICAL UK RETAIL, ISA, ACCOUNT AND BROKER ELIGIBILITY REMAIN PARTLY UNRESOLVED"
ABLATION_PROFIT_HARVEST_ONLY,WEEKLY,2023-08-11,GLOBAL_SEMICONDUCTORS,WEAKENING,,"{""GLOBAL_SEMICONDUCTORS"": 1.0}","{""GLOBAL_SEMICONDUCTORS"": 1.0}",1.0,4,STRONG,1.0,1.0,0.0,NO_TARGET_CHANGE,,"HISTORICAL UK RETAIL, ISA, ACCOUNT AND BROKER ELIGIBILITY REMAIN PARTLY UNRESOLVED"
ABLATION_PROFIT_HARVEST_ONLY,WEEKLY,2023-08-18,GLOBAL_SEMICONDUCTORS,WEAKENING,,"{""GLOBAL_SEMICONDUCTORS"": 1.0}","{""GLOBAL_SEMICONDUCTORS"": 1.0}",1.0,3,MATURE,1.0,1.0,0.0,NO_TARGET_CHANGE,,"HISTORICAL UK RETAIL, ISA, ACCOUNT AND BROKER ELIGIBILITY REMAIN PARTLY UNRESOLVED"
ABLATION_PROFIT_HARVEST_ONLY,WEEKLY,2023-08-25,GLOBAL_SEMICONDUCTORS,FAILED,,"{""GLOBAL_SEMICONDUCTORS"": 1.0}","{""GLOBAL_SEMICONDUCTORS"": 1.0}",1.0,4,STRONG,1.0,1.0,0.0,NO_TARGET_CHANGE,,"HISTORICAL UK RETAIL, ISA, ACCOUNT AND BROKER ELIGIBILITY REMAIN PARTLY UNRESOLVED"
ABLATION_PROFIT_HARVEST_ONLY,WEEKLY,2023-08-31,GLOBAL_SEMICONDUCTORS,WEAKENING,,"{""GLOBAL_SEMICONDUCTORS"": 1.0}","{""GLOBAL_SEMICONDUCTORS"": 1.0}",1.0,4,STRONG,1.0,1.0,0.0,NO_TARGET_CHANGE,,"HISTORICAL UK RETAIL, ISA, ACCOUNT AND BROKER ELIGIBILITY REMAIN PARTLY UNRESOLVED"
ABLATION_PROFIT_HARVEST_ONLY,WEEKLY,2023-09-01,GLOBAL_SEMICONDUCTORS,WEAKENING,,"{""GLOBAL_SEMICONDUCTORS"": 1.0}","{""GLOBAL_SEMICONDUCTORS"": 1.0}",1.0,2,DETERIORATING,1.0,1.0,0.0,NO_TARGET_CHANGE,,"HISTORICAL UK RETAIL, ISA, ACCOUNT AND BROKER ELIGIBILITY REMAIN PARTLY UNRESOLVED"
ABLATION_PROFIT_HARVEST_ONLY,WEEKLY,2023-09-08,GLOBAL_SEMICONDUCTORS,FAILED,,"{""GLOBAL_SEMICONDUCTORS"": 1.0}","{""GLOBAL_SEMICONDUCTORS"": 1.0}",1.0,2,DETERIORATING,1.0,1.0,0.0,NO_TARGET_CHANGE,,"HISTORICAL UK RETAIL, ISA, ACCOUNT AND BROKER ELIGIBILITY REMAIN PARTLY UNRESOLVED"
ABLATION_PROFIT_HARVEST_ONLY,WEEKLY,2023-09-15,GLOBAL_SEMICONDUCTORS,FAILED,,"{""GLOBAL_SEMICONDUCTORS"": 1.0}","{""GLOBAL_SEMICONDUCTORS"": 1.0}",1.0,3,MATURE,1.0,1.0,0.0,NO_TARGET_CHANGE,,"HISTORICAL UK RETAIL, ISA, ACCOUNT AND BROKER ELIGIBILITY REMAIN PARTLY UNRESOLVED"
ABLATION_PROFIT_HARVEST_ONLY,WEEKLY,2023-09-22,GLOBAL_SEMICONDUCTORS,FAILED,,"{""GLOBAL_SEMICONDUCTORS"": 1.0}","{""GLOBAL_SEMICONDUCTORS"": 1.0}",1.0,4,STRONG,1.0,1.0,0.0,NO_TARGET_CHANGE,,"HISTORICAL UK RETAIL, ISA, ACCOUNT AND BROKER ELIGIBILITY REMAIN PARTLY UNRESOLVED"
ABLATION_PROFIT_HARVEST_ONLY,WEEKLY,2023-09-29,GLOBAL_URANIUM_NUCLEAR,EXTENDED,,"{""GLOBAL_URANIUM_NUCLEAR"": 1.0}","{""GLOBAL_URANIUM_NUCLEAR"": 1.0}",1.0,4,STRONG,1.0,1.0,0.0,PLANNED,2023-10-02,"HISTORICAL UK RETAIL, ISA, ACCOUNT AND BROKER ELIGIBILITY REMAIN PARTLY UNRESOLVED"
ABLATION_PROFIT_HARVEST_ONLY,WEEKLY,2023-10-06,GLOBAL_URANIUM_NUCLEAR,EXTENDED,,"{""GLOBAL_URANIUM_NUCLEAR"": 1.0}","{""GLOBAL_URANIUM_NUCLEAR"": 1.0}",1.0,3,MATURE,1.0,1.0,0.0,NO_TARGET_CHANGE,,"HISTORICAL UK RETAIL, ISA, ACCOUNT AND BROKER ELIGIBILITY REMAIN PARTLY UNRESOLVED"
ABLATION_PROFIT_HARVEST_ONLY,WEEKLY,2023-10-13,GLOBAL_URANIUM_NUCLEAR,EXTENDED,,"{""GLOBAL_URANIUM_NUCLEAR"": 1.0}","{""GLOBAL_URANIUM_NUCLEAR"": 1.0}",1.0,3,MATURE,1.0,1.0,0.0,NO_TARGET_CHANGE,,"HISTORICAL UK RETAIL, ISA, ACCOUNT AND BROKER ELIGIBILITY REMAIN PARTLY UNRESOLVED"
ABLATION_PROFIT_HARVEST_ONLY,WEEKLY,2023-10-20,GLOBAL_URANIUM_NUCLEAR,EXTENDED,,"{""GLOBAL_URANIUM_NUCLEAR"": 1.0}","{""GLOBAL_URANIUM_NUCLEAR"": 1.0}",1.0,4,STRONG,1.0,1.0,0.0,NO_TARGET_CHANGE,,"HISTORICAL UK RETAIL, ISA, ACCOUNT AND BROKER ELIGIBILITY REMAIN PARTLY UNRESOLVED"
ABLATION_PROFIT_HARVEST_ONLY,WEEKLY,2023-10-27,GLOBAL_URANIUM_NUCLEAR,WEAKENING,,"{""GLOBAL_URANIUM_NUCLEAR"": 1.0}","{""GLOBAL_URANIUM_NUCLEAR"": 1.0}",1.0,2,DETERIORATING,1.0,1.0,0.0,NO_TARGET_CHANGE,,"HISTORICAL UK RETAIL, ISA, ACCOUNT AND BROKER ELIGIBILITY REMAIN PARTLY UNRESOLVED"
ABLATION_PROFIT_HARVEST_ONLY,WEEKLY,2023-10-31,GLOBAL_URANIUM_NUCLEAR,EXTENDED,,"{""GLOBAL_URANIUM_NUCLEAR"": 1.0}","{""GLOBAL_URANIUM_NUCLEAR"": 1.0}",1.0,2,DETERIORATING,1.0,1.0,0.0,NO_TARGET_CHANGE,,"HISTORICAL UK RETAIL, ISA, ACCOUNT AND BROKER ELIGIBILITY REMAIN PARTLY UNRESOLVED"
ABLATION_PROFIT_HARVEST_ONLY,WEEKLY,2023-11-03,GLOBAL_URANIUM_NUCLEAR,EXTENDED,,"{""GLOBAL_URANIUM_NUCLEAR"": 1.0}","{""GLOBAL_URANIUM_NUCLEAR"": 1.0}",1.0,3,MATURE,1.0,1.0,0.0,NO_TARGET_CHANGE,,"HISTORICAL UK RETAIL, ISA, ACCOUNT AND BROKER ELIGIBILITY REMAIN PARTLY UNRESOLVED"
ABLATION_PROFIT_HARVEST_ONLY,WEEKLY,2023-11-10,GLOBAL_URANIUM_NUCLEAR,OTHER,,"{""GLOBAL_URANIUM_NUCLEAR"": 1.0}","{""GLOBAL_URANIUM_NUCLEAR"": 1.0}",1.0,2,DETERIORATING,1.0,1.0,0.0,NO_TARGET_CHANGE,,"HISTORICAL UK RETAIL, ISA, ACCOUNT AND BROKER ELIGIBILITY REMAIN PARTLY UNRESOLVED"
ABLATION_PROFIT_HARVEST_ONLY,WEEKLY,2023-11-17,GLOBAL_URANIUM_NUCLEAR,ESTABLISHED,,"{""GLOBAL_URANIUM_NUCLEAR"": 1.0}","{""GLOBAL_URANIUM_NUCLEAR"": 1.0}",1.0,4,STRONG,1.0,1.0,0.0,NO_TARGET_CHANGE,,"HISTORICAL UK RETAIL, ISA, ACCOUNT AND BROKER ELIGIBILITY REMAIN PARTLY UNRESOLVED"
ABLATION_PROFIT_HARVEST_ONLY,WEEKLY,2023-11-24,GLOBAL_URANIUM_NUCLEAR,ESTABLISHED,,"{""GLOBAL_URANIUM_NUCLEAR"": 1.0}","{""GLOBAL_URANIUM_NUCLEAR"": 1.0}",1.0,4,STRONG,1.0,1.0,0.0,NO_TARGET_CHANGE,,"HISTORICAL UK RETAIL, ISA, ACCOUNT AND BROKER ELIGIBILITY REMAIN PARTLY UNRESOLVED"
ABLATION_PROFIT_HARVEST_ONLY,WEEKLY,2023-11-30,GLOBAL_URANIUM_NUCLEAR,WEAKENING,,"{""GLOBAL_URANIUM_NUCLEAR"": 1.0}","{""GLOBAL_URANIUM_NUCLEAR"": 1.0}",1.0,4,STRONG,1.0,1.0,0.0,NO_TARGET_CHANGE,,"HISTORICAL UK RETAIL, ISA, ACCOUNT AND BROKER ELIGIBILITY REMAIN PARTLY UNRESOLVED"
ABLATION_PROFIT_HARVEST_ONLY,WEEKLY,2023-12-01,GLOBAL_URANIUM_NUCLEAR,ESTABLISHED,,"{""GLOBAL_URANIUM_NUCLEAR"": 1.0}","{""GLOBAL_URANIUM_NUCLEAR"": 1.0}",1.0,2,DETERIORATING,1.0,1.0,0.0,NO_TARGET_CHANGE,,"HISTORICAL UK RETAIL, ISA, ACCOUNT AND BROKER ELIGIBILITY REMAIN PARTLY UNRESOLVED"
ABLATION_PROFIT_HARVEST_ONLY,WEEKLY,2023-12-08,GLOBAL_URANIUM_NUCLEAR,WEAKENING,,"{""GLOBAL_URANIUM_NUCLEAR"": 1.0}","{""GLOBAL_URANIUM_NUCLEAR"": 1.0}",1.0,2,DETERIORATING,1.0,1.0,0.0,NO_TARGET_CHANGE,,"HISTORICAL UK RETAIL, ISA, ACCOUNT AND BROKER ELIGIBILITY REMAIN PARTLY UNRESOLVED"
ABLATION_PROFIT_HARVEST_ONLY,WEEKLY,2023-12-15,GLOBAL_URANIUM_NUCLEAR,WEAKENING,,"{""GLOBAL_URANIUM_NUCLEAR"": 1.0}","{""GLOBAL_URANIUM_NUCLEAR"": 1.0}",1.0,2,DETERIORATING,1.0,1.0,0.0,NO_TARGET_CHANGE,,"HISTORICAL UK RETAIL, ISA, ACCOUNT AND BROKER ELIGIBILITY REMAIN PARTLY UNRESOLVED"
ABLATION_PROFIT_HARVEST_ONLY,WEEKLY,2023-12-22,GLOBAL_URANIUM_NUCLEAR,FAILED,,"{""GLOBAL_URANIUM_NUCLEAR"": 1.0}","{""GLOBAL_URANIUM_NUCLEAR"": 1.0}",1.0,2,DETERIORATING,1.0,1.0,0.0,NO_TARGET_CHANGE,,"HISTORICAL UK RETAIL, ISA, ACCOUNT AND BROKER ELIGIBILITY REMAIN PARTLY UNRESOLVED"
ABLATION_PROFIT_HARVEST_ONLY,WEEKLY,2023-12-29,GLOBAL_AI,EXTENDED,,"{""GLOBAL_AI"": 1.0}","{""GLOBAL_AI"": 1.0}",1.0,2,DETERIORATING,1.0,1.0,0.0,PLANNED,2024-01-02,"HISTORICAL UK RETAIL, ISA, ACCOUNT AND BROKER ELIGIBILITY REMAIN PARTLY UNRESOLVED"
ABLATION_PROFIT_HARVEST_ONLY,WEEKLY,2024-01-05,GLOBAL_AI,ESTABLISHED,,"{""GLOBAL_AI"": 1.0}","{""GLOBAL_AI"": 1.0}",1.0,1,DETERIORATING,1.0,1.0,0.0,NO_TARGET_CHANGE,,"HISTORICAL UK RETAIL, ISA, ACCOUNT AND BROKER ELIGIBILITY REMAIN PARTLY UNRESOLVED"
ABLATION_PROFIT_HARVEST_ONLY,WEEKLY,2024-01-12,GLOBAL_AI,OTHER,,"{""GLOBAL_AI"": 1.0}","{""GLOBAL_AI"": 1.0}",1.0,2,DETERIORATING,1.0,1.0,0.0,NO_TARGET_CHANGE,,"HISTORICAL UK RETAIL, ISA, ACCOUNT AND BROKER ELIGIBILITY REMAIN PARTLY UNRESOLVED"
ABLATION_PROFIT_HARVEST_ONLY,WEEKLY,2024-01-19,GLOBAL_AI,OTHER,,"{""GLOBAL_AI"": 1.0}","{""GLOBAL_AI"": 1.0}",1.0,3,MATURE,1.0,1.0,0.0,NO_TARGET_CHANGE,,"HISTORICAL UK RETAIL, ISA, ACCOUNT AND BROKER ELIGIBILITY REMAIN PARTLY UNRESOLVED"
ABLATION_PROFIT_HARVEST_ONLY,WEEKLY,2024-01-26,GLOBAL_AI,OTHER,,"{""GLOBAL_AI"": 1.0}","{""GLOBAL_AI"": 1.0}",1.0,3,POSITIVE,1.0,1.0,0.0,NO_TARGET_CHANGE,,"HISTORICAL UK RETAIL, ISA, ACCOUNT AND BROKER ELIGIBILITY REMAIN PARTLY UNRESOLVED"
ABLATION_PROFIT_HARVEST_ONLY,WEEKLY,2024-01-31,GLOBAL_SEMICONDUCTORS,EXTENDED,,"{""GLOBAL_SEMICONDUCTORS"": 1.0}","{""GLOBAL_SEMICONDUCTORS"": 1.0}",1.0,3,POSITIVE,1.0,1.0,0.0,PLANNED,2024-02-01,"HISTORICAL UK RETAIL, ISA, ACCOUNT AND BROKER ELIGIBILITY REMAIN PARTLY UNRESOLVED"
ABLATION_PROFIT_HARVEST_ONLY,WEEKLY,2024-02-02,GLOBAL_SEMICONDUCTORS,CONFIRMING,,"{""GLOBAL_SEMICONDUCTORS"": 1.0}","{""GLOBAL_SEMICONDUCTORS"": 1.0}",1.0,3,POSITIVE,1.0,1.0,0.0,NO_TARGET_CHANGE,,"HISTORICAL UK RETAIL, ISA, ACCOUNT AND BROKER ELIGIBILITY REMAIN PARTLY UNRESOLVED"
ABLATION_PROFIT_HARVEST_ONLY,WEEKLY,2024-02-09,GLOBAL_SEMICONDUCTORS,EXTENDED,,"{""GLOBAL_SEMICONDUCTORS"": 1.0}","{""GLOBAL_SEMICONDUCTORS"": 1.0}",1.0,3,POSITIVE,1.0,1.0,0.0,NO_TARGET_CHANGE,,"HISTORICAL UK RETAIL, ISA, ACCOUNT AND BROKER ELIGIBILITY REMAIN PARTLY UNRESOLVED"
ABLATION_PROFIT_HARVEST_ONLY,WEEKLY,2024-02-16,GLOBAL_SEMICONDUCTORS,EXTENDED,,"{""GLOBAL_SEMICONDUCTORS"": 1.0}","{""GLOBAL_SEMICONDUCTORS"": 1.0}",1.0,2,POSITIVE,1.0,1.0,0.0,NO_TARGET_CHANGE,,"HISTORICAL UK RETAIL, ISA, ACCOUNT AND BROKER ELIGIBILITY REMAIN PARTLY UNRESOLVED"
ABLATION_PROFIT_HARVEST_ONLY,WEEKLY,2024-02-23,GLOBAL_SEMICONDUCTORS,EXTENDED,,"{""GLOBAL_SEMICONDUCTORS"": 1.0}","{""GLOBAL_SEMICONDUCTORS"": 1.0}",1.0,2,POSITIVE,1.0,1.0,0.0,NO_TARGET_CHANGE,,"HISTORICAL UK RETAIL, ISA, ACCOUNT AND BROKER ELIGIBILITY REMAIN PARTLY UNRESOLVED"
ABLATION_PROFIT_HARVEST_ONLY,WEEKLY,2024-02-29,GLOBAL_SEMICONDUCTORS,EXTENDED,,"{""GLOBAL_SEMICONDUCTORS"": 1.0}","{""GLOBAL_SEMICONDUCTORS"": 1.0}",1.0,2,POSITIVE,1.0,1.0,0.0,NO_TARGET_CHANGE,,"HISTORICAL UK RETAIL, ISA, ACCOUNT AND BROKER ELIGIBILITY REMAIN PARTLY UNRESOLVED"
ABLATION_PROFIT_HARVEST_ONLY,WEEKLY,2024-03-01,GLOBAL_SEMICONDUCTORS,EXTENDED,,"{""GLOBAL_SEMICONDUCTORS"": 1.0}","{""GLOBAL_SEMICONDUCTORS"": 1.0}",1.0,3,POSITIVE,1.0,1.0,0.0,NO_TARGET_CHANGE,,"HISTORICAL UK RETAIL, ISA, ACCOUNT AND BROKER ELIGIBILITY REMAIN PARTLY UNRESOLVED"
ABLATION_PROFIT_HARVEST_ONLY,WEEKLY,2024-03-08,GLOBAL_SEMICONDUCTORS,EXTENDED,,"{""GLOBAL_SEMICONDUCTORS"": 1.0}","{""GLOBAL_SEMICONDUCTORS"": 1.0}",1.0,2,POSITIVE,1.0,1.0,0.0,NO_TARGET_CHANGE,,"HISTORICAL UK RETAIL, ISA, ACCOUNT AND BROKER ELIGIBILITY REMAIN PARTLY UNRESOLVED"
ABLATION_PROFIT_HARVEST_ONLY,WEEKLY,2024-03-15,GLOBAL_SEMICONDUCTORS,EXTENDED,,"{""GLOBAL_SEMICONDUCTORS"": 1.0}","{""GLOBAL_SEMICONDUCTORS"": 1.0}",1.0,2,POSITIVE,1.0,1.0,0.0,NO_TARGET_CHANGE,,"HISTORICAL UK RETAIL, ISA, ACCOUNT AND BROKER ELIGIBILITY REMAIN PARTLY UNRESOLVED"
ABLATION_PROFIT_HARVEST_ONLY,WEEKLY,2024-03-22,GLOBAL_SEMICONDUCTORS,EXTENDED,,"{""GLOBAL_SEMICONDUCTORS"": 1.0}","{""GLOBAL_SEMICONDUCTORS"": 1.0}",1.0,2,POSITIVE,1.0,1.0,0.0,NO_TARGET_CHANGE,,"HISTORICAL UK RETAIL, ISA, ACCOUNT AND BROKER ELIGIBILITY REMAIN PARTLY UNRESOLVED"
ABLATION_PROFIT_HARVEST_ONLY,WEEKLY,2024-03-28,GLOBAL_SEMICONDUCTORS,EXTENDED,,"{""GLOBAL_SEMICONDUCTORS"": 1.0}","{""GLOBAL_SEMICONDUCTORS"": 1.0}",1.0,2,POSITIVE,1.0,1.0,0.0,NO_TARGET_CHANGE,,"HISTORICAL UK RETAIL, ISA, ACCOUNT AND BROKER ELIGIBILITY REMAIN PARTLY UNRESOLVED"
ABLATION_PROFIT_HARVEST_ONLY,WEEKLY,2024-04-05,GLOBAL_SEMICONDUCTORS,WEAKENING,,"{""GLOBAL_SEMICONDUCTORS"": 1.0}","{""GLOBAL_SEMICONDUCTORS"": 1.0}",1.0,4,STRONG,1.0,1.0,0.0,NO_TARGET_CHANGE,,"HISTORICAL UK RETAIL, ISA, ACCOUNT AND BROKER ELIGIBILITY REMAIN PARTLY UNRESOLVED"
ABLATION_PROFIT_HARVEST_ONLY,WEEKLY,2024-04-12,GLOBAL_SEMICONDUCTORS,WEAKENING,,"{""GLOBAL_SEMICONDUCTORS"": 1.0}","{""GLOBAL_SEMICONDUCTORS"": 1.0}",1.0,4,STRONG,1.0,1.0,0.0,NO_TARGET_CHANGE,,"HISTORICAL UK RETAIL, ISA, ACCOUNT AND BROKER ELIGIBILITY REMAIN PARTLY UNRESOLVED"
ABLATION_PROFIT_HARVEST_ONLY,WEEKLY,2024-04-19,GLOBAL_SEMICONDUCTORS,WEAKENING,,"{""GLOBAL_SEMICONDUCTORS"": 1.0}","{""GLOBAL_SEMICONDUCTORS"": 1.0}",1.0,5,STRONG,1.0,1.0,0.0,NO_TARGET_CHANGE,,"HISTORICAL UK RETAIL, ISA, ACCOUNT AND BROKER ELIGIBILITY REMAIN PARTLY UNRESOLVED"
ABLATION_PROFIT_HARVEST_ONLY,WEEKLY,2024-04-26,GLOBAL_SEMICONDUCTORS,WEAKENING,,"{""GLOBAL_SEMICONDUCTORS"": 1.0}","{""GLOBAL_SEMICONDUCTORS"": 1.0}",1.0,5,STRONG,1.0,1.0,0.0,NO_TARGET_CHANGE,,"HISTORICAL UK RETAIL, ISA, ACCOUNT AND BROKER ELIGIBILITY REMAIN PARTLY UNRESOLVED"
ABLATION_PROFIT_HARVEST_ONLY,WEEKLY,2024-04-30,EUROPE_BANKS,EXTENDED,,"{""EUROPE_BANKS"": 1.0}","{""EUROPE_BANKS"": 1.0}",1.0,5,STRONG,1.0,1.0,0.0,PLANNED,2024-05-01,"HISTORICAL UK RETAIL, ISA, ACCOUNT AND BROKER ELIGIBILITY REMAIN PARTLY UNRESOLVED"
ABLATION_PROFIT_HARVEST_ONLY,WEEKLY,2024-05-03,EUROPE_BANKS,EXTENDED,,"{""EUROPE_BANKS"": 1.0}","{""EUROPE_BANKS"": 1.0}",1.0,5,STRONG,1.0,1.0,0.0,NO_TARGET_CHANGE,,"HISTORICAL UK RETAIL, ISA, ACCOUNT AND BROKER ELIGIBILITY REMAIN PARTLY UNRESOLVED"
ABLATION_PROFIT_HARVEST_ONLY,WEEKLY,2024-05-10,EUROPE_BANKS,EXTENDED,,"{""EUROPE_BANKS"": 1.0}","{""EUROPE_BANKS"": 1.0}",1.0,4,MATURE,1.0,1.0,0.0,NO_TARGET_CHANGE,,"HISTORICAL UK RETAIL, ISA, ACCOUNT AND BROKER ELIGIBILITY REMAIN PARTLY UNRESOLVED"
ABLATION_PROFIT_HARVEST_ONLY,WEEKLY,2024-05-17,EUROPE_BANKS,EXTENDED,,"{""EUROPE_BANKS"": 1.0}","{""EUROPE_BANKS"": 1.0}",1.0,4,MATURE,1.0,1.0,0.0,NO_TARGET_CHANGE,,"HISTORICAL UK RETAIL, ISA, ACCOUNT AND BROKER ELIGIBILITY REMAIN PARTLY UNRESOLVED"
ABLATION_PROFIT_HARVEST_ONLY,WEEKLY,2024-05-24,EUROPE_BANKS,EXTENDED,,"{""EUROPE_BANKS"": 1.0}","{""EUROPE_BANKS"": 1.0}",1.0,4,MATURE,1.0,1.0,0.0,NO_TARGET_CHANGE,,"HISTORICAL UK RETAIL, ISA, ACCOUNT AND BROKER ELIGIBILITY REMAIN PARTLY UNRESOLVED"
ABLATION_PROFIT_HARVEST_ONLY,WEEKLY,2024-05-31,EUROPE_BANKS,EXTENDED,,"{""EUROPE_BANKS"": 1.0}","{""EUROPE_BANKS"": 1.0}",1.0,4,MATURE,1.0,1.0,0.0,NO_TARGET_CHANGE,,"HISTORICAL UK RETAIL, ISA, ACCOUNT AND BROKER ELIGIBILITY REMAIN PARTLY UNRESOLVED"
ABLATION_PROFIT_HARVEST_ONLY,WEEKLY,2024-06-07,EUROPE_BANKS,ESTABLISHED,,"{""EUROPE_BANKS"": 1.0}","{""EUROPE_BANKS"": 1.0}",1.0,2,DETERIORATING,1.0,1.0,0.0,NO_TARGET_CHANGE,,"HISTORICAL UK RETAIL, ISA, ACCOUNT AND BROKER ELIGIBILITY REMAIN PARTLY UNRESOLVED"
ABLATION_PROFIT_HARVEST_ONLY,WEEKLY,2024-06-14,EUROPE_BANKS,FAILED,,"{""EUROPE_BANKS"": 1.0}","{""EUROPE_BANKS"": 1.0}",1.0,1,DETERIORATING,1.0,1.0,0.0,NO_TARGET_CHANGE,,"HISTORICAL UK RETAIL, ISA, ACCOUNT AND BROKER ELIGIBILITY REMAIN PARTLY UNRESOLVED"
ABLATION_PROFIT_HARVEST_ONLY,WEEKLY,2024-06-21,EUROPE_BANKS,WEAKENING,,"{""EUROPE_BANKS"": 1.0}","{""EUROPE_BANKS"": 1.0}",1.0,2,DETERIORATING,1.0,1.0,0.0,NO_TARGET_CHANGE,,"HISTORICAL UK RETAIL, ISA, ACCOUNT AND BROKER ELIGIBILITY REMAIN PARTLY UNRESOLVED"
ABLATION_PROFIT_HARVEST_ONLY,WEEKLY,2024-06-28,GLOBAL_SEMICONDUCTORS,ESTABLISHED,,"{""GLOBAL_SEMICONDUCTORS"": 1.0}","{""GLOBAL_SEMICONDUCTORS"": 1.0}",1.0,1,DETERIORATING,1.0,1.0,0.0,PLANNED,2024-07-01,"HISTORICAL UK RETAIL, ISA, ACCOUNT AND BROKER ELIGIBILITY REMAIN PARTLY UNRESOLVED"
ABLATION_PROFIT_HARVEST_ONLY,WEEKLY,2024-07-05,GLOBAL_SEMICONDUCTORS,EXTENDED,,"{""GLOBAL_SEMICONDUCTORS"": 1.0}","{""GLOBAL_SEMICONDUCTORS"": 1.0}",1.0,2,DETERIORATING,1.0,1.0,0.0,NO_TARGET_CHANGE,,"HISTORICAL UK RETAIL, ISA, ACCOUNT AND BROKER ELIGIBILITY REMAIN PARTLY UNRESOLVED"
ABLATION_PROFIT_HARVEST_ONLY,WEEKLY,2024-07-12,GLOBAL_SEMICONDUCTORS,EXTENDED,,"{""GLOBAL_SEMICONDUCTORS"": 1.0}","{""GLOBAL_SEMICONDUCTORS"": 1.0}",1.0,2,DETERIORATING,1.0,1.0,0.0,NO_TARGET_CHANGE,,"HISTORICAL UK RETAIL, ISA, ACCOUNT AND BROKER ELIGIBILITY REMAIN PARTLY UNRESOLVED"
ABLATION_PROFIT_HARVEST_ONLY,WEEKLY,2024-07-19,GLOBAL_SEMICONDUCTORS,WEAKENING,,"{""GLOBAL_SEMICONDUCTORS"": 1.0}","{""GLOBAL_SEMICONDUCTORS"": 1.0}",1.0,3,MATURE,1.0,1.0,0.0,NO_TARGET_CHANGE,,"HISTORICAL UK RETAIL, ISA, ACCOUNT AND BROKER ELIGIBILITY REMAIN PARTLY UNRESOLVED"
ABLATION_PROFIT_HARVEST_ONLY,WEEKLY,2024-07-26,GLOBAL_SEMICONDUCTORS,WEAKENING,,"{""GLOBAL_SEMICONDUCTORS"": 1.0}","{""GLOBAL_SEMICONDUCTORS"": 1.0}",1.0,3,MATURE,1.0,1.0,0.0,NO_TARGET_CHANGE,,"HISTORICAL UK RETAIL, ISA, ACCOUNT AND BROKER ELIGIBILITY REMAIN PARTLY UNRESOLVED"
ABLATION_PROFIT_HARVEST_ONLY,WEEKLY,2024-07-31,GLOBAL_GOLD_MINERS,ESTABLISHED,,"{""GLOBAL_GOLD_MINERS"": 1.0}","{""GLOBAL_GOLD_MINERS"": 1.0}",1.0,3,MATURE,1.0,1.0,0.0,PLANNED,2024-08-01,"HISTORICAL UK RETAIL, ISA, ACCOUNT AND BROKER ELIGIBILITY REMAIN PARTLY UNRESOLVED"
ABLATION_PROFIT_HARVEST_ONLY,WEEKLY,2024-08-02,GLOBAL_GOLD_MINERS,ESTABLISHED,,"{""GLOBAL_GOLD_MINERS"": 1.0}","{""GLOBAL_GOLD_MINERS"": 1.0}",1.0,2,POSITIVE,1.0,1.0,0.0,NO_TARGET_CHANGE,,"HISTORICAL UK RETAIL, ISA, ACCOUNT AND BROKER ELIGIBILITY REMAIN PARTLY UNRESOLVED"
ABLATION_PROFIT_HARVEST_ONLY,WEEKLY,2024-08-09,GLOBAL_GOLD_MINERS,ESTABLISHED,,"{""GLOBAL_GOLD_MINERS"": 1.0}","{""GLOBAL_GOLD_MINERS"": 1.0}",1.0,3,POSITIVE,1.0,1.0,0.0,NO_TARGET_CHANGE,,"HISTORICAL UK RETAIL, ISA, ACCOUNT AND BROKER ELIGIBILITY REMAIN PARTLY UNRESOLVED"
ABLATION_PROFIT_HARVEST_ONLY,WEEKLY,2024-08-16,GLOBAL_GOLD_MINERS,ESTABLISHED,,"{""GLOBAL_GOLD_MINERS"": 1.0}","{""GLOBAL_GOLD_MINERS"": 1.0}",1.0,3,POSITIVE,1.0,1.0,0.0,NO_TARGET_CHANGE,,"HISTORICAL UK RETAIL, ISA, ACCOUNT AND BROKER ELIGIBILITY REMAIN PARTLY UNRESOLVED"
ABLATION_PROFIT_HARVEST_ONLY,WEEKLY,2024-08-23,GLOBAL_GOLD_MINERS,ESTABLISHED,,"{""GLOBAL_GOLD_MINERS"": 1.0}","{""GLOBAL_GOLD_MINERS"": 1.0}",1.0,3,POSITIVE,1.0,1.0,0.0,NO_TARGET_CHANGE,,"HISTORICAL UK RETAIL, ISA, ACCOUNT AND BROKER ELIGIBILITY REMAIN PARTLY UNRESOLVED"
ABLATION_PROFIT_HARVEST_ONLY,WEEKLY,2024-08-30,GLOBAL_GOLD_MINERS,ESTABLISHED,,"{""GLOBAL_GOLD_MINERS"": 1.0}","{""GLOBAL_GOLD_MINERS"": 1.0}",1.0,2,POSITIVE,1.0,1.0,0.0,NO_TARGET_CHANGE,,"HISTORICAL UK RETAIL, ISA, ACCOUNT AND BROKER ELIGIBILITY REMAIN PARTLY UNRESOLVED"
ABLATION_PROFIT_HARVEST_ONLY,WEEKLY,2024-09-06,GLOBAL_GOLD_MINERS,ESTABLISHED,,"{""GLOBAL_GOLD_MINERS"": 1.0}","{""GLOBAL_GOLD_MINERS"": 1.0}",1.0,3,POSITIVE,1.0,1.0,0.0,NO_TARGET_CHANGE,,"HISTORICAL UK RETAIL, ISA, ACCOUNT AND BROKER ELIGIBILITY REMAIN PARTLY UNRESOLVED"
ABLATION_PROFIT_HARVEST_ONLY,WEEKLY,2024-09-13,GLOBAL_GOLD_MINERS,EXTENDED,,"{""GLOBAL_GOLD_MINERS"": 1.0}","{""GLOBAL_GOLD_MINERS"": 1.0}",1.0,4,STRONG,1.0,1.0,0.0,NO_TARGET_CHANGE,,"HISTORICAL UK RETAIL, ISA, ACCOUNT AND BROKER ELIGIBILITY REMAIN PARTLY UNRESOLVED"
ABLATION_PROFIT_HARVEST_ONLY,WEEKLY,2024-09-20,GLOBAL_GOLD_MINERS,ESTABLISHED,,"{""GLOBAL_GOLD_MINERS"": 1.0}","{""GLOBAL_GOLD_MINERS"": 1.0}",1.0,3,MATURE,1.0,1.0,0.0,NO_TARGET_CHANGE,,"HISTORICAL UK RETAIL, ISA, ACCOUNT AND BROKER ELIGIBILITY REMAIN PARTLY UNRESOLVED"
ABLATION_PROFIT_HARVEST_ONLY,WEEKLY,2024-09-27,GLOBAL_GOLD_MINERS,ESTABLISHED,,"{""GLOBAL_GOLD_MINERS"": 1.0}","{""GLOBAL_GOLD_MINERS"": 1.0}",1.0,4,STRONG,1.0,1.0,0.0,NO_TARGET_CHANGE,,"HISTORICAL UK RETAIL, ISA, ACCOUNT AND BROKER ELIGIBILITY REMAIN PARTLY UNRESOLVED"
ABLATION_PROFIT_HARVEST_ONLY,WEEKLY,2024-09-30,GLOBAL_GOLD_MINERS,WEAKENING,,"{""GLOBAL_GOLD_MINERS"": 1.0}","{""GLOBAL_GOLD_MINERS"": 1.0}",1.0,4,STRONG,1.0,1.0,0.0,NO_TARGET_CHANGE,,"HISTORICAL UK RETAIL, ISA, ACCOUNT AND BROKER ELIGIBILITY REMAIN PARTLY UNRESOLVED"
ABLATION_PROFIT_HARVEST_ONLY,WEEKLY,2024-10-04,GLOBAL_GOLD_MINERS,WEAKENING,,"{""GLOBAL_GOLD_MINERS"": 1.0}","{""GLOBAL_GOLD_MINERS"": 1.0}",1.0,3,MATURE,1.0,1.0,0.0,NO_TARGET_CHANGE,,"HISTORICAL UK RETAIL, ISA, ACCOUNT AND BROKER ELIGIBILITY REMAIN PARTLY UNRESOLVED"
ABLATION_PROFIT_HARVEST_ONLY,WEEKLY,2024-10-11,GLOBAL_GOLD_MINERS,WEAKENING,,"{""GLOBAL_GOLD_MINERS"": 1.0}","{""GLOBAL_GOLD_MINERS"": 1.0}",1.0,3,MATURE,1.0,1.0,0.0,NO_TARGET_CHANGE,,"HISTORICAL UK RETAIL, ISA, ACCOUNT AND BROKER ELIGIBILITY REMAIN PARTLY UNRESOLVED"
ABLATION_PROFIT_HARVEST_ONLY,WEEKLY,2024-10-18,GLOBAL_GOLD_MINERS,ESTABLISHED,,"{""GLOBAL_GOLD_MINERS"": 1.0}","{""GLOBAL_GOLD_MINERS"": 1.0}",1.0,3,MATURE,1.0,1.0,0.0,NO_TARGET_CHANGE,,"HISTORICAL UK RETAIL, ISA, ACCOUNT AND BROKER ELIGIBILITY REMAIN PARTLY UNRESOLVED"
ABLATION_PROFIT_HARVEST_ONLY,WEEKLY,2024-10-25,GLOBAL_GOLD_MINERS,OTHER,,"{""GLOBAL_GOLD_MINERS"": 1.0}","{""GLOBAL_GOLD_MINERS"": 1.0}",1.0,2,DETERIORATING,1.0,1.0,0.0,NO_TARGET_CHANGE,,"HISTORICAL UK RETAIL, ISA, ACCOUNT AND BROKER ELIGIBILITY REMAIN PARTLY UNRESOLVED"
ABLATION_PROFIT_HARVEST_ONLY,WEEKLY,2024-10-31,GLOBAL_GOLD_MINERS,ESTABLISHED,,"{""GLOBAL_GOLD_MINERS"": 1.0}","{""GLOBAL_GOLD_MINERS"": 1.0}",1.0,2,DETERIORATING,1.0,1.0,0.0,NO_TARGET_CHANGE,,"HISTORICAL UK RETAIL, ISA, ACCOUNT AND BROKER ELIGIBILITY REMAIN PARTLY UNRESOLVED"
ABLATION_PROFIT_HARVEST_ONLY,WEEKLY,2024-11-01,GLOBAL_GOLD_MINERS,ESTABLISHED,,"{""GLOBAL_GOLD_MINERS"": 1.0}","{""GLOBAL_GOLD_MINERS"": 1.0}",1.0,4,STRONG,1.0,1.0,0.0,NO_TARGET_CHANGE,,"HISTORICAL UK RETAIL, ISA, ACCOUNT AND BROKER ELIGIBILITY REMAIN PARTLY UNRESOLVED"
ABLATION_PROFIT_HARVEST_ONLY,WEEKLY,2024-11-08,GLOBAL_GOLD_MINERS,OTHER,,"{""GLOBAL_GOLD_MINERS"": 1.0}","{""GLOBAL_GOLD_MINERS"": 1.0}",1.0,3,MATURE,1.0,1.0,0.0,NO_TARGET_CHANGE,,"HISTORICAL UK RETAIL, ISA, ACCOUNT AND BROKER ELIGIBILITY REMAIN PARTLY UNRESOLVED"
ABLATION_PROFIT_HARVEST_ONLY,WEEKLY,2024-11-15,GLOBAL_GOLD_MINERS,FAILED,,"{""GLOBAL_GOLD_MINERS"": 1.0}","{""GLOBAL_GOLD_MINERS"": 1.0}",1.0,2,DETERIORATING,1.0,1.0,0.0,NO_TARGET_CHANGE,,"HISTORICAL UK RETAIL, ISA, ACCOUNT AND BROKER ELIGIBILITY REMAIN PARTLY UNRESOLVED"
ABLATION_PROFIT_HARVEST_ONLY,WEEKLY,2024-11-22,GLOBAL_GOLD_MINERS,FAILED,,"{""GLOBAL_GOLD_MINERS"": 1.0}","{""GLOBAL_GOLD_MINERS"": 1.0}",1.0,3,MATURE,1.0,1.0,0.0,NO_TARGET_CHANGE,,"HISTORICAL UK RETAIL, ISA, ACCOUNT AND BROKER ELIGIBILITY REMAIN PARTLY UNRESOLVED"
ABLATION_PROFIT_HARVEST_ONLY,WEEKLY,2024-11-29,GLOBAL_SOFTWARE,EXTENDED,,"{""GLOBAL_SOFTWARE"": 1.0}","{""GLOBAL_SOFTWARE"": 1.0}",1.0,3,MATURE,1.0,1.0,0.0,PLANNED,2024-12-02,"HISTORICAL UK RETAIL, ISA, ACCOUNT AND BROKER ELIGIBILITY REMAIN PARTLY UNRESOLVED"
ABLATION_PROFIT_HARVEST_ONLY,WEEKLY,2024-12-06,GLOBAL_SOFTWARE,EXTENDED,,"{""GLOBAL_SOFTWARE"": 1.0}","{""GLOBAL_SOFTWARE"": 1.0}",1.0,3,MATURE,1.0,1.0,0.0,NO_TARGET_CHANGE,,"HISTORICAL UK RETAIL, ISA, ACCOUNT AND BROKER ELIGIBILITY REMAIN PARTLY UNRESOLVED"
ABLATION_PROFIT_HARVEST_ONLY,WEEKLY,2024-12-13,GLOBAL_SOFTWARE,EXTENDED,,"{""GLOBAL_SOFTWARE"": 1.0}","{""GLOBAL_SOFTWARE"": 1.0}",1.0,3,MATURE,1.0,1.0,0.0,NO_TARGET_CHANGE,,"HISTORICAL UK RETAIL, ISA, ACCOUNT AND BROKER ELIGIBILITY REMAIN PARTLY UNRESOLVED"
ABLATION_PROFIT_HARVEST_ONLY,WEEKLY,2024-12-20,GLOBAL_SOFTWARE,EXTENDED,,"{""GLOBAL_SOFTWARE"": 1.0}","{""GLOBAL_SOFTWARE"": 1.0}",1.0,3,MATURE,1.0,1.0,0.0,NO_TARGET_CHANGE,,"HISTORICAL UK RETAIL, ISA, ACCOUNT AND BROKER ELIGIBILITY REMAIN PARTLY UNRESOLVED"
ABLATION_PROFIT_HARVEST_ONLY,WEEKLY,2024-12-27,GLOBAL_SOFTWARE,EXTENDED,,"{""GLOBAL_SOFTWARE"": 1.0}","{""GLOBAL_SOFTWARE"": 1.0}",1.0,2,DETERIORATING,1.0,1.0,0.0,NO_TARGET_CHANGE,,"HISTORICAL UK RETAIL, ISA, ACCOUNT AND BROKER ELIGIBILITY REMAIN PARTLY UNRESOLVED"
ABLATION_PROFIT_HARVEST_ONLY,WEEKLY,2024-12-31,GLOBAL_SOFTWARE,EXTENDED,,"{""GLOBAL_SOFTWARE"": 1.0}","{""GLOBAL_SOFTWARE"": 1.0}",1.0,2,DETERIORATING,1.0,1.0,0.0,NO_TARGET_CHANGE,,"HISTORICAL UK RETAIL, ISA, ACCOUNT AND BROKER ELIGIBILITY REMAIN PARTLY UNRESOLVED"
ABLATION_PROFIT_HARVEST_ONLY,WEEKLY,2025-01-03,GLOBAL_SOFTWARE,EXTENDED,,"{""GLOBAL_SOFTWARE"": 1.0}","{""GLOBAL_SOFTWARE"": 1.0}",1.0,2,POSITIVE,1.0,1.0,0.0,NO_TARGET_CHANGE,,"HISTORICAL UK RETAIL, ISA, ACCOUNT AND BROKER ELIGIBILITY REMAIN PARTLY UNRESOLVED"
ABLATION_PROFIT_HARVEST_ONLY,WEEKLY,2025-01-10,GLOBAL_SOFTWARE,WEAKENING,,"{""GLOBAL_SOFTWARE"": 1.0}","{""GLOBAL_SOFTWARE"": 1.0}",1.0,1,POSITIVE,1.0,1.0,0.0,NO_TARGET_CHANGE,,"HISTORICAL UK RETAIL, ISA, ACCOUNT AND BROKER ELIGIBILITY REMAIN PARTLY UNRESOLVED"
ABLATION_PROFIT_HARVEST_ONLY,WEEKLY,2025-01-17,GLOBAL_SOFTWARE,WEAKENING,,"{""GLOBAL_SOFTWARE"": 1.0}","{""GLOBAL_SOFTWARE"": 1.0}",1.0,2,POSITIVE,1.0,1.0,0.0,NO_TARGET_CHANGE,,"HISTORICAL UK RETAIL, ISA, ACCOUNT AND BROKER ELIGIBILITY REMAIN PARTLY UNRESOLVED"
ABLATION_PROFIT_HARVEST_ONLY,WEEKLY,2025-01-24,GLOBAL_SOFTWARE,WEAKENING,,"{""GLOBAL_SOFTWARE"": 1.0}","{""GLOBAL_SOFTWARE"": 1.0}",1.0,2,POSITIVE,1.0,1.0,0.0,NO_TARGET_CHANGE,,"HISTORICAL UK RETAIL, ISA, ACCOUNT AND BROKER ELIGIBILITY REMAIN PARTLY UNRESOLVED"
ABLATION_PROFIT_HARVEST_ONLY,WEEKLY,2025-01-31,GLOBAL_SOFTWARE,WEAKENING,,"{""GLOBAL_SOFTWARE"": 1.0}","{""GLOBAL_SOFTWARE"": 1.0}",1.0,2,POSITIVE,1.0,1.0,0.0,NO_TARGET_CHANGE,,"HISTORICAL UK RETAIL, ISA, ACCOUNT AND BROKER ELIGIBILITY REMAIN PARTLY UNRESOLVED"
ABLATION_PROFIT_HARVEST_ONLY,WEEKLY,2025-02-07,GLOBAL_SOFTWARE,OTHER,,"{""GLOBAL_SOFTWARE"": 1.0}","{""GLOBAL_SOFTWARE"": 1.0}",1.0,3,POSITIVE,1.0,1.0,0.0,NO_TARGET_CHANGE,,"HISTORICAL UK RETAIL, ISA, ACCOUNT AND BROKER ELIGIBILITY REMAIN PARTLY UNRESOLVED"
ABLATION_PROFIT_HARVEST_ONLY,WEEKLY,2025-02-14,GLOBAL_SOFTWARE,OTHER,,"{""GLOBAL_SOFTWARE"": 1.0}","{""GLOBAL_SOFTWARE"": 1.0}",1.0,3,POSITIVE,1.0,1.0,0.0,NO_TARGET_CHANGE,,"HISTORICAL UK RETAIL, ISA, ACCOUNT AND BROKER ELIGIBILITY REMAIN PARTLY UNRESOLVED"
ABLATION_PROFIT_HARVEST_ONLY,WEEKLY,2025-02-21,GLOBAL_SOFTWARE,FAILED,,"{""GLOBAL_SOFTWARE"": 1.0}","{""GLOBAL_SOFTWARE"": 1.0}",1.0,4,STRONG,1.0,1.0,0.0,NO_TARGET_CHANGE,,"HISTORICAL UK RETAIL, ISA, ACCOUNT AND BROKER ELIGIBILITY REMAIN PARTLY UNRESOLVED"
ABLATION_PROFIT_HARVEST_ONLY,WEEKLY,2025-02-28,EUROPE_BANKS,EXTENDED,,"{""EUROPE_BANKS"": 1.0}","{""EUROPE_BANKS"": 1.0}",1.0,4,STRONG,1.0,1.0,0.0,PLANNED,2025-03-03,"HISTORICAL UK RETAIL, ISA, ACCOUNT AND BROKER ELIGIBILITY REMAIN PARTLY UNRESOLVED"
ABLATION_PROFIT_HARVEST_ONLY,WEEKLY,2025-03-07,EUROPE_BANKS,EXTENDED,,"{""EUROPE_BANKS"": 1.0}","{""EUROPE_BANKS"": 1.0}",1.0,4,STRONG,1.0,1.0,0.0,NO_TARGET_CHANGE,,"HISTORICAL UK RETAIL, ISA, ACCOUNT AND BROKER ELIGIBILITY REMAIN PARTLY UNRESOLVED"
ABLATION_PROFIT_HARVEST_ONLY,WEEKLY,2025-03-14,EUROPE_BANKS,EXTENDED,,"{""EUROPE_BANKS"": 1.0}","{""EUROPE_BANKS"": 1.0}",1.0,4,STRONG,1.0,1.0,0.0,NO_TARGET_CHANGE,,"HISTORICAL UK RETAIL, ISA, ACCOUNT AND BROKER ELIGIBILITY REMAIN PARTLY UNRESOLVED"
ABLATION_PROFIT_HARVEST_ONLY,WEEKLY,2025-03-21,EUROPE_BANKS,EXTENDED,,"{""EUROPE_BANKS"": 1.0}","{""EUROPE_BANKS"": 1.0}",1.0,4,STRONG,1.0,1.0,0.0,NO_TARGET_CHANGE,,"HISTORICAL UK RETAIL, ISA, ACCOUNT AND BROKER ELIGIBILITY REMAIN PARTLY UNRESOLVED"
ABLATION_PROFIT_HARVEST_ONLY,WEEKLY,2025-03-28,EUROPE_BANKS,OTHER,,"{""EUROPE_BANKS"": 1.0}","{""EUROPE_BANKS"": 1.0}",1.0,4,STRONG,1.0,1.0,0.0,NO_TARGET_CHANGE,,"HISTORICAL UK RETAIL, ISA, ACCOUNT AND BROKER ELIGIBILITY REMAIN PARTLY UNRESOLVED"
ABLATION_PROFIT_HARVEST_ONLY,WEEKLY,2025-03-31,GLOBAL_GOLD_MINERS,EXTENDED,,"{""GLOBAL_GOLD_MINERS"": 1.0}","{""GLOBAL_GOLD_MINERS"": 1.0}",1.0,4,STRONG,1.0,1.0,0.0,PLANNED,2025-04-01,"HISTORICAL UK RETAIL, ISA, ACCOUNT AND BROKER ELIGIBILITY REMAIN PARTLY UNRESOLVED"
ABLATION_PROFIT_HARVEST_ONLY,WEEKLY,2025-04-04,GLOBAL_GOLD_MINERS,EXTENDED,,"{""GLOBAL_GOLD_MINERS"": 1.0}","{""GLOBAL_GOLD_MINERS"": 1.0}",1.0,2,HOSTILE,1.0,1.0,0.0,NO_TARGET_CHANGE,,"HISTORICAL UK RETAIL, ISA, ACCOUNT AND BROKER ELIGIBILITY REMAIN PARTLY UNRESOLVED"
ABLATION_PROFIT_HARVEST_ONLY,WEEKLY,2025-04-11,GLOBAL_GOLD_MINERS,EXTENDED,,"{""GLOBAL_GOLD_MINERS"": 1.0}","{""GLOBAL_GOLD_MINERS"": 1.0}",1.0,2,HOSTILE,1.0,1.0,0.0,NO_TARGET_CHANGE,,"HISTORICAL UK RETAIL, ISA, ACCOUNT AND BROKER ELIGIBILITY REMAIN PARTLY UNRESOLVED"
ABLATION_PROFIT_HARVEST_ONLY,WEEKLY,2025-04-17,GLOBAL_GOLD_MINERS,EXTENDED,,"{""GLOBAL_GOLD_MINERS"": 1.0}","{""GLOBAL_GOLD_MINERS"": 1.0}",1.0,2,HOSTILE,1.0,1.0,0.0,NO_TARGET_CHANGE,,"HISTORICAL UK RETAIL, ISA, ACCOUNT AND BROKER ELIGIBILITY REMAIN PARTLY UNRESOLVED"
ABLATION_PROFIT_HARVEST_ONLY,WEEKLY,2025-04-25,GLOBAL_GOLD_MINERS,EXTENDED,,"{""GLOBAL_GOLD_MINERS"": 1.0}","{""GLOBAL_GOLD_MINERS"": 1.0}",1.0,2,HOSTILE,1.0,1.0,0.0,NO_TARGET_CHANGE,,"HISTORICAL UK RETAIL, ISA, ACCOUNT AND BROKER ELIGIBILITY REMAIN PARTLY UNRESOLVED"
ABLATION_PROFIT_HARVEST_ONLY,WEEKLY,2025-04-30,GLOBAL_GOLD_MINERS,EXTENDED,,"{""GLOBAL_GOLD_MINERS"": 1.0}","{""GLOBAL_GOLD_MINERS"": 1.0}",1.0,2,HOSTILE,1.0,1.0,0.0,NO_TARGET_CHANGE,,"HISTORICAL UK RETAIL, ISA, ACCOUNT AND BROKER ELIGIBILITY REMAIN PARTLY UNRESOLVED"
ABLATION_PROFIT_HARVEST_ONLY,WEEKLY,2025-05-02,GLOBAL_GOLD_MINERS,OTHER,,"{""GLOBAL_GOLD_MINERS"": 1.0}","{""GLOBAL_GOLD_MINERS"": 1.0}",1.0,2,HOSTILE,1.0,1.0,0.0,NO_TARGET_CHANGE,,"HISTORICAL UK RETAIL, ISA, ACCOUNT AND BROKER ELIGIBILITY REMAIN PARTLY UNRESOLVED"
ABLATION_PROFIT_HARVEST_ONLY,WEEKLY,2025-05-09,GLOBAL_GOLD_MINERS,OTHER,,"{""GLOBAL_GOLD_MINERS"": 1.0}","{""GLOBAL_GOLD_MINERS"": 1.0}",1.0,2,HOSTILE,1.0,1.0,0.0,NO_TARGET_CHANGE,,"HISTORICAL UK RETAIL, ISA, ACCOUNT AND BROKER ELIGIBILITY REMAIN PARTLY UNRESOLVED"
ABLATION_PROFIT_HARVEST_ONLY,WEEKLY,2025-05-16,GLOBAL_GOLD_MINERS,WEAKENING,,"{""GLOBAL_GOLD_MINERS"": 1.0}","{""GLOBAL_GOLD_MINERS"": 1.0}",1.0,3,MATURE,1.0,1.0,0.0,NO_TARGET_CHANGE,,"HISTORICAL UK RETAIL, ISA, ACCOUNT AND BROKER ELIGIBILITY REMAIN PARTLY UNRESOLVED"
ABLATION_PROFIT_HARVEST_ONLY,WEEKLY,2025-05-23,GLOBAL_GOLD_MINERS,WEAKENING,,"{""GLOBAL_GOLD_MINERS"": 1.0}","{""GLOBAL_GOLD_MINERS"": 1.0}",1.0,2,HOSTILE,1.0,1.0,0.0,NO_TARGET_CHANGE,,"HISTORICAL UK RETAIL, ISA, ACCOUNT AND BROKER ELIGIBILITY REMAIN PARTLY UNRESOLVED"
ABLATION_PROFIT_HARVEST_ONLY,WEEKLY,2025-05-30,GLOBAL_GOLD_MINERS,WEAKENING,,"{""GLOBAL_GOLD_MINERS"": 1.0}","{""GLOBAL_GOLD_MINERS"": 1.0}",1.0,2,HOSTILE,1.0,1.0,0.0,NO_TARGET_CHANGE,,"HISTORICAL UK RETAIL, ISA, ACCOUNT AND BROKER ELIGIBILITY REMAIN PARTLY UNRESOLVED"
ABLATION_PROFIT_HARVEST_ONLY,WEEKLY,2025-06-06,GLOBAL_GOLD_MINERS,WEAKENING,,"{""GLOBAL_GOLD_MINERS"": 1.0}","{""GLOBAL_GOLD_MINERS"": 1.0}",1.0,4,STRONG,1.0,1.0,0.0,NO_TARGET_CHANGE,,"HISTORICAL UK RETAIL, ISA, ACCOUNT AND BROKER ELIGIBILITY REMAIN PARTLY UNRESOLVED"
ABLATION_PROFIT_HARVEST_ONLY,WEEKLY,2025-06-13,GLOBAL_GOLD_MINERS,WEAKENING,,"{""GLOBAL_GOLD_MINERS"": 1.0}","{""GLOBAL_GOLD_MINERS"": 1.0}",1.0,3,MATURE,1.0,1.0,0.0,NO_TARGET_CHANGE,,"HISTORICAL UK RETAIL, ISA, ACCOUNT AND BROKER ELIGIBILITY REMAIN PARTLY UNRESOLVED"
ABLATION_PROFIT_HARVEST_ONLY,WEEKLY,2025-06-20,GLOBAL_GOLD_MINERS,ESTABLISHED,,"{""GLOBAL_GOLD_MINERS"": 1.0}","{""GLOBAL_GOLD_MINERS"": 1.0}",1.0,3,MATURE,1.0,1.0,0.0,NO_TARGET_CHANGE,,"HISTORICAL UK RETAIL, ISA, ACCOUNT AND BROKER ELIGIBILITY REMAIN PARTLY UNRESOLVED"
ABLATION_PROFIT_HARVEST_ONLY,WEEKLY,2025-06-27,GLOBAL_GOLD_MINERS,WEAKENING,,"{""GLOBAL_GOLD_MINERS"": 1.0}","{""GLOBAL_GOLD_MINERS"": 1.0}",1.0,2,DETERIORATING,1.0,1.0,0.0,NO_TARGET_CHANGE,,"HISTORICAL UK RETAIL, ISA, ACCOUNT AND BROKER ELIGIBILITY REMAIN PARTLY UNRESOLVED"
ABLATION_PROFIT_HARVEST_ONLY,WEEKLY,2025-06-30,EUROPE_BANKS,WEAKENING,,"{""EUROPE_BANKS"": 1.0}","{""EUROPE_BANKS"": 1.0}",1.0,2,DETERIORATING,1.0,1.0,0.0,PLANNED,2025-07-01,"HISTORICAL UK RETAIL, ISA, ACCOUNT AND BROKER ELIGIBILITY REMAIN PARTLY UNRESOLVED"
ABLATION_PROFIT_HARVEST_ONLY,WEEKLY,2025-07-04,EUROPE_BANKS,OTHER,,"{""EUROPE_BANKS"": 1.0}","{""EUROPE_BANKS"": 1.0}",1.0,2,DETERIORATING,1.0,1.0,0.0,NO_TARGET_CHANGE,,"HISTORICAL UK RETAIL, ISA, ACCOUNT AND BROKER ELIGIBILITY REMAIN PARTLY UNRESOLVED"
ABLATION_PROFIT_HARVEST_ONLY,WEEKLY,2025-07-11,EUROPE_BANKS,OTHER,,"{""EUROPE_BANKS"": 1.0}","{""EUROPE_BANKS"": 1.0}",1.0,1,DETERIORATING,1.0,1.0,0.0,NO_TARGET_CHANGE,,"HISTORICAL UK RETAIL, ISA, ACCOUNT AND BROKER ELIGIBILITY REMAIN PARTLY UNRESOLVED"
ABLATION_PROFIT_HARVEST_ONLY,WEEKLY,2025-07-18,EUROPE_BANKS,WEAKENING,,"{""EUROPE_BANKS"": 1.0}","{""EUROPE_BANKS"": 1.0}",1.0,5,STRONG,1.0,1.0,0.0,NO_TARGET_CHANGE,,"HISTORICAL UK RETAIL, ISA, ACCOUNT AND BROKER ELIGIBILITY REMAIN PARTLY UNRESOLVED"
ABLATION_PROFIT_HARVEST_ONLY,WEEKLY,2025-07-25,EUROPE_BANKS,OTHER,,"{""EUROPE_BANKS"": 1.0}","{""EUROPE_BANKS"": 1.0}",1.0,4,MATURE,1.0,1.0,0.0,NO_TARGET_CHANGE,,"HISTORICAL UK RETAIL, ISA, ACCOUNT AND BROKER ELIGIBILITY REMAIN PARTLY UNRESOLVED"
ABLATION_PROFIT_HARVEST_ONLY,WEEKLY,2025-07-31,EUROPE_BANKS,ESTABLISHED,,"{""EUROPE_BANKS"": 1.0}","{""EUROPE_BANKS"": 1.0}",1.0,4,MATURE,1.0,1.0,0.0,NO_TARGET_CHANGE,,"HISTORICAL UK RETAIL, ISA, ACCOUNT AND BROKER ELIGIBILITY REMAIN PARTLY UNRESOLVED"
ABLATION_PROFIT_HARVEST_ONLY,WEEKLY,2025-08-01,EUROPE_BANKS,CONFIRMING,,"{""EUROPE_BANKS"": 1.0}","{""EUROPE_BANKS"": 1.0}",1.0,3,DETERIORATING,1.0,1.0,0.0,NO_TARGET_CHANGE,,"HISTORICAL UK RETAIL, ISA, ACCOUNT AND BROKER ELIGIBILITY REMAIN PARTLY UNRESOLVED"
ABLATION_PROFIT_HARVEST_ONLY,WEEKLY,2025-08-08,EUROPE_BANKS,ESTABLISHED,,"{""EUROPE_BANKS"": 1.0}","{""EUROPE_BANKS"": 1.0}",1.0,3,DETERIORATING,1.0,1.0,0.0,NO_TARGET_CHANGE,,"HISTORICAL UK RETAIL, ISA, ACCOUNT AND BROKER ELIGIBILITY REMAIN PARTLY UNRESOLVED"
ABLATION_PROFIT_HARVEST_ONLY,WEEKLY,2025-08-15,EUROPE_BANKS,ESTABLISHED,,"{""EUROPE_BANKS"": 1.0}","{""EUROPE_BANKS"": 1.0}",1.0,4,MATURE,1.0,1.0,0.0,NO_TARGET_CHANGE,,"HISTORICAL UK RETAIL, ISA, ACCOUNT AND BROKER ELIGIBILITY REMAIN PARTLY UNRESOLVED"
ABLATION_PROFIT_HARVEST_ONLY,WEEKLY,2025-08-22,EUROPE_BANKS,CONFIRMING,,"{""EUROPE_BANKS"": 1.0}","{""EUROPE_BANKS"": 1.0}",1.0,4,MATURE,1.0,1.0,0.0,NO_TARGET_CHANGE,,"HISTORICAL UK RETAIL, ISA, ACCOUNT AND BROKER ELIGIBILITY REMAIN PARTLY UNRESOLVED"
ABLATION_PROFIT_HARVEST_ONLY,WEEKLY,2025-08-29,GLOBAL_SILVER_MINERS,ESTABLISHED,,"{""GLOBAL_SILVER_MINERS"": 1.0}","{""GLOBAL_SILVER_MINERS"": 1.0}",1.0,2,DETERIORATING,1.0,1.0,0.0,PLANNED,2025-09-01,"HISTORICAL UK RETAIL, ISA, ACCOUNT AND BROKER ELIGIBILITY REMAIN PARTLY UNRESOLVED"
ABLATION_PROFIT_HARVEST_ONLY,WEEKLY,2025-09-05,GLOBAL_SILVER_MINERS,ESTABLISHED,,"{""GLOBAL_SILVER_MINERS"": 1.0}","{""GLOBAL_SILVER_MINERS"": 1.0}",1.0,3,DETERIORATING,1.0,1.0,0.0,NO_TARGET_CHANGE,,"HISTORICAL UK RETAIL, ISA, ACCOUNT AND BROKER ELIGIBILITY REMAIN PARTLY UNRESOLVED"
ABLATION_PROFIT_HARVEST_ONLY,WEEKLY,2025-09-12,GLOBAL_SILVER_MINERS,CONFIRMING,,"{""GLOBAL_SILVER_MINERS"": 1.0}","{""GLOBAL_SILVER_MINERS"": 1.0}",1.0,2,DETERIORATING,1.0,1.0,0.0,NO_TARGET_CHANGE,,"HISTORICAL UK RETAIL, ISA, ACCOUNT AND BROKER ELIGIBILITY REMAIN PARTLY UNRESOLVED"
ABLATION_PROFIT_HARVEST_ONLY,WEEKLY,2025-09-19,GLOBAL_SILVER_MINERS,EXTENDED,,"{""GLOBAL_SILVER_MINERS"": 1.0}","{""GLOBAL_SILVER_MINERS"": 1.0}",1.0,3,MATURE,1.0,1.0,0.0,NO_TARGET_CHANGE,,"HISTORICAL UK RETAIL, ISA, ACCOUNT AND BROKER ELIGIBILITY REMAIN PARTLY UNRESOLVED"
ABLATION_PROFIT_HARVEST_ONLY,WEEKLY,2025-09-26,GLOBAL_SILVER_MINERS,EXTENDED,,"{""GLOBAL_SILVER_MINERS"": 1.0}","{""GLOBAL_SILVER_MINERS"": 1.0}",1.0,3,MATURE,1.0,1.0,0.0,NO_TARGET_CHANGE,,"HISTORICAL UK RETAIL, ISA, ACCOUNT AND BROKER ELIGIBILITY REMAIN PARTLY UNRESOLVED"
ABLATION_PROFIT_HARVEST_ONLY,WEEKLY,2025-09-30,GLOBAL_SILVER_MINERS,EXTENDED,,"{""GLOBAL_SILVER_MINERS"": 1.0}","{""GLOBAL_SILVER_MINERS"": 0.75}",1.0,3,MATURE,1.0,0.75,0.25,PLANNED,2025-10-01,"HISTORICAL UK RETAIL, ISA, ACCOUNT AND BROKER ELIGIBILITY REMAIN PARTLY UNRESOLVED"
ABLATION_PROFIT_HARVEST_ONLY,WEEKLY,2025-10-03,GLOBAL_SILVER_MINERS,OTHER,,"{""GLOBAL_SILVER_MINERS"": 1.0}","{""GLOBAL_SILVER_MINERS"": 0.75}",1.0,3,MATURE,1.0,0.75,0.25,NO_TARGET_CHANGE,,"HISTORICAL UK RETAIL, ISA, ACCOUNT AND BROKER ELIGIBILITY REMAIN PARTLY UNRESOLVED"
ABLATION_PROFIT_HARVEST_ONLY,WEEKLY,2025-10-10,GLOBAL_SILVER_MINERS,EXTENDED,,"{""GLOBAL_SILVER_MINERS"": 1.0}","{""GLOBAL_SILVER_MINERS"": 0.75}",1.0,4,STRONG,1.0,0.75,0.25,NO_TARGET_CHANGE,,"HISTORICAL UK RETAIL, ISA, ACCOUNT AND BROKER ELIGIBILITY REMAIN PARTLY UNRESOLVED"
ABLATION_PROFIT_HARVEST_ONLY,WEEKLY,2025-10-17,GLOBAL_SILVER_MINERS,EXTENDED,,"{""GLOBAL_SILVER_MINERS"": 1.0}","{""GLOBAL_SILVER_MINERS"": 0.75}",1.0,4,STRONG,1.0,0.75,0.25,NO_TARGET_CHANGE,,"HISTORICAL UK RETAIL, ISA, ACCOUNT AND BROKER ELIGIBILITY REMAIN PARTLY UNRESOLVED"
ABLATION_PROFIT_HARVEST_ONLY,WEEKLY,2025-10-24,GLOBAL_SILVER_MINERS,WEAKENING,,"{""GLOBAL_SILVER_MINERS"": 1.0}","{""GLOBAL_SILVER_MINERS"": 0.75}",1.0,3,MATURE,1.0,0.75,0.25,NO_TARGET_CHANGE,,"HISTORICAL UK RETAIL, ISA, ACCOUNT AND BROKER ELIGIBILITY REMAIN PARTLY UNRESOLVED"
ABLATION_PROFIT_HARVEST_ONLY,WEEKLY,2025-10-31,GLOBAL_SILVER_MINERS,WEAKENING,,"{""GLOBAL_SILVER_MINERS"": 1.0}","{""GLOBAL_SILVER_MINERS"": 0.75}",1.0,4,STRONG,1.0,0.75,0.25,NO_TARGET_CHANGE,,"HISTORICAL UK RETAIL, ISA, ACCOUNT AND BROKER ELIGIBILITY REMAIN PARTLY UNRESOLVED"
ABLATION_PROFIT_HARVEST_ONLY,WEEKLY,2025-11-07,GLOBAL_SILVER_MINERS,WEAKENING,,"{""GLOBAL_SILVER_MINERS"": 1.0}","{""GLOBAL_SILVER_MINERS"": 0.75}",1.0,2,DETERIORATING,1.0,0.75,0.25,NO_TARGET_CHANGE,,"HISTORICAL UK RETAIL, ISA, ACCOUNT AND BROKER ELIGIBILITY REMAIN PARTLY UNRESOLVED"
ABLATION_PROFIT_HARVEST_ONLY,WEEKLY,2025-11-14,GLOBAL_SILVER_MINERS,WEAKENING,,"{""GLOBAL_SILVER_MINERS"": 1.0}","{""GLOBAL_SILVER_MINERS"": 0.75}",1.0,4,STRONG,1.0,0.75,0.25,NO_TARGET_CHANGE,,"HISTORICAL UK RETAIL, ISA, ACCOUNT AND BROKER ELIGIBILITY REMAIN PARTLY UNRESOLVED"
ABLATION_PROFIT_HARVEST_ONLY,WEEKLY,2025-11-21,GLOBAL_SILVER_MINERS,WEAKENING,,"{""GLOBAL_SILVER_MINERS"": 1.0}","{""GLOBAL_SILVER_MINERS"": 0.75}",1.0,3,MATURE,1.0,0.75,0.25,NO_TARGET_CHANGE,,"HISTORICAL UK RETAIL, ISA, ACCOUNT AND BROKER ELIGIBILITY REMAIN PARTLY UNRESOLVED"
ABLATION_PROFIT_HARVEST_ONLY,WEEKLY,2025-11-28,GLOBAL_SILVER_MINERS,WEAKENING,,"{""GLOBAL_SILVER_MINERS"": 1.0}","{""GLOBAL_SILVER_MINERS"": 0.75}",1.0,4,STRONG,1.0,0.75,0.25,NO_TARGET_CHANGE,,"HISTORICAL UK RETAIL, ISA, ACCOUNT AND BROKER ELIGIBILITY REMAIN PARTLY UNRESOLVED"
ABLATION_PROFIT_HARVEST_ONLY,WEEKLY,2025-12-05,GLOBAL_SILVER_MINERS,ESTABLISHED,,"{""GLOBAL_SILVER_MINERS"": 1.0}","{""GLOBAL_SILVER_MINERS"": 0.75}",1.0,4,STRONG,1.0,0.75,0.25,NO_TARGET_CHANGE,,"HISTORICAL UK RETAIL, ISA, ACCOUNT AND BROKER ELIGIBILITY REMAIN PARTLY UNRESOLVED"
ABLATION_PROFIT_HARVEST_ONLY,WEEKLY,2025-12-12,GLOBAL_SILVER_MINERS,ESTABLISHED,,"{""GLOBAL_SILVER_MINERS"": 1.0}","{""GLOBAL_SILVER_MINERS"": 0.75}",1.0,4,STRONG,1.0,0.75,0.25,NO_TARGET_CHANGE,,"HISTORICAL UK RETAIL, ISA, ACCOUNT AND BROKER ELIGIBILITY REMAIN PARTLY UNRESOLVED"
ABLATION_PROFIT_HARVEST_ONLY,WEEKLY,2025-12-19,GLOBAL_SILVER_MINERS,ESTABLISHED,,"{""GLOBAL_SILVER_MINERS"": 1.0}","{""GLOBAL_SILVER_MINERS"": 0.75}",1.0,4,STRONG,1.0,0.75,0.25,NO_TARGET_CHANGE,,"HISTORICAL UK RETAIL, ISA, ACCOUNT AND BROKER ELIGIBILITY REMAIN PARTLY UNRESOLVED"
ABLATION_PROFIT_HARVEST_ONLY,WEEKLY,2025-12-24,GLOBAL_SILVER_MINERS,ESTABLISHED,,"{""GLOBAL_SILVER_MINERS"": 1.0}","{""GLOBAL_SILVER_MINERS"": 0.75}",1.0,4,STRONG,1.0,0.75,0.25,NO_TARGET_CHANGE,,"HISTORICAL UK RETAIL, ISA, ACCOUNT AND BROKER ELIGIBILITY REMAIN PARTLY UNRESOLVED"
ABLATION_PROFIT_HARVEST_ONLY,WEEKLY,2025-12-31,GLOBAL_SILVER_MINERS,ESTABLISHED,,"{""GLOBAL_SILVER_MINERS"": 1.0}","{""GLOBAL_SILVER_MINERS"": 0.75}",1.0,4,STRONG,1.0,0.75,0.25,NO_TARGET_CHANGE,,"HISTORICAL UK RETAIL, ISA, ACCOUNT AND BROKER ELIGIBILITY REMAIN PARTLY UNRESOLVED"
ABLATION_PROFIT_HARVEST_ONLY,WEEKLY,2026-01-02,GLOBAL_SILVER_MINERS,ESTABLISHED,,"{""GLOBAL_SILVER_MINERS"": 1.0}","{""GLOBAL_SILVER_MINERS"": 0.75}",1.0,3,MATURE,1.0,0.75,0.25,NO_TARGET_CHANGE,,"HISTORICAL UK RETAIL, ISA, ACCOUNT AND BROKER ELIGIBILITY REMAIN PARTLY UNRESOLVED"
ABLATION_PROFIT_HARVEST_ONLY,WEEKLY,2026-01-09,GLOBAL_SILVER_MINERS,ESTABLISHED,,"{""GLOBAL_SILVER_MINERS"": 1.0}","{""GLOBAL_SILVER_MINERS"": 0.75}",1.0,3,MATURE,1.0,0.75,0.25,NO_TARGET_CHANGE,,"HISTORICAL UK RETAIL, ISA, ACCOUNT AND BROKER ELIGIBILITY REMAIN PARTLY UNRESOLVED"
ABLATION_PROFIT_HARVEST_ONLY,WEEKLY,2026-01-16,GLOBAL_SILVER_MINERS,ESTABLISHED,,"{""GLOBAL_SILVER_MINERS"": 1.0}","{""GLOBAL_SILVER_MINERS"": 0.75}",1.0,3,MATURE,1.0,0.75,0.25,NO_TARGET_CHANGE,,"HISTORICAL UK RETAIL, ISA, ACCOUNT AND BROKER ELIGIBILITY REMAIN PARTLY UNRESOLVED"
ABLATION_PROFIT_HARVEST_ONLY,WEEKLY,2026-01-23,GLOBAL_SILVER_MINERS,EXTENDED,,"{""GLOBAL_SILVER_MINERS"": 1.0}","{""GLOBAL_SILVER_MINERS"": 0.75}",1.0,4,STRONG,1.0,0.75,0.25,NO_TARGET_CHANGE,,"HISTORICAL UK RETAIL, ISA, ACCOUNT AND BROKER ELIGIBILITY REMAIN PARTLY UNRESOLVED"
ABLATION_PROFIT_HARVEST_ONLY,WEEKLY,2026-01-30,GLOBAL_SILVER_MINERS,EXTENDED,,"{""GLOBAL_SILVER_MINERS"": 1.0}","{""GLOBAL_SILVER_MINERS"": 0.75}",1.0,3,MATURE,1.0,0.75,0.25,NO_TARGET_CHANGE,,"HISTORICAL UK RETAIL, ISA, ACCOUNT AND BROKER ELIGIBILITY REMAIN PARTLY UNRESOLVED"
ABLATION_PROFIT_HARVEST_ONLY,WEEKLY,2026-02-06,GLOBAL_SILVER_MINERS,EXTENDED,,"{""GLOBAL_SILVER_MINERS"": 1.0}","{""GLOBAL_SILVER_MINERS"": 0.75}",1.0,3,MATURE,1.0,0.75,0.25,NO_TARGET_CHANGE,,"HISTORICAL UK RETAIL, ISA, ACCOUNT AND BROKER ELIGIBILITY REMAIN PARTLY UNRESOLVED"
ABLATION_PROFIT_HARVEST_ONLY,WEEKLY,2026-02-13,GLOBAL_SILVER_MINERS,EXTENDED,,"{""GLOBAL_SILVER_MINERS"": 1.0}","{""GLOBAL_SILVER_MINERS"": 0.75}",1.0,3,MATURE,1.0,0.75,0.25,NO_TARGET_CHANGE,,"HISTORICAL UK RETAIL, ISA, ACCOUNT AND BROKER ELIGIBILITY REMAIN PARTLY UNRESOLVED"
ABLATION_PROFIT_HARVEST_ONLY,WEEKLY,2026-02-20,GLOBAL_SILVER_MINERS,WEAKENING,,"{""GLOBAL_SILVER_MINERS"": 1.0}","{""GLOBAL_SILVER_MINERS"": 0.75}",1.0,3,MATURE,1.0,0.75,0.25,NO_TARGET_CHANGE,,"HISTORICAL UK RETAIL, ISA, ACCOUNT AND BROKER ELIGIBILITY REMAIN PARTLY UNRESOLVED"
ABLATION_PROFIT_HARVEST_ONLY,WEEKLY,2026-02-27,GLOBAL_SILVER_MINERS,EXTENDED,,"{""GLOBAL_SILVER_MINERS"": 1.0}","{""GLOBAL_SILVER_MINERS"": 0.75}",1.0,3,MATURE,1.0,0.75,0.25,NO_TARGET_CHANGE,,"HISTORICAL UK RETAIL, ISA, ACCOUNT AND BROKER ELIGIBILITY REMAIN PARTLY UNRESOLVED"
ABLATION_PROFIT_HARVEST_ONLY,WEEKLY,2026-03-06,GLOBAL_SILVER_MINERS,EXTENDED,,"{""GLOBAL_SILVER_MINERS"": 1.0}","{""GLOBAL_SILVER_MINERS"": 0.75}",1.0,4,STRONG,1.0,0.75,0.25,NO_TARGET_CHANGE,,"HISTORICAL UK RETAIL, ISA, ACCOUNT AND BROKER ELIGIBILITY REMAIN PARTLY UNRESOLVED"
ABLATION_PROFIT_HARVEST_ONLY,WEEKLY,2026-03-13,GLOBAL_SILVER_MINERS,WEAKENING,,"{""GLOBAL_SILVER_MINERS"": 1.0}","{""GLOBAL_SILVER_MINERS"": 0.75}",1.0,4,STRONG,1.0,0.75,0.25,NO_TARGET_CHANGE,,"HISTORICAL UK RETAIL, ISA, ACCOUNT AND BROKER ELIGIBILITY REMAIN PARTLY UNRESOLVED"
ABLATION_PROFIT_HARVEST_ONLY,WEEKLY,2026-03-20,GLOBAL_SILVER_MINERS,FAILED,,"{""GLOBAL_SILVER_MINERS"": 1.0}","{""GLOBAL_SILVER_MINERS"": 0.75}",1.0,4,STRONG,1.0,0.75,0.25,NO_TARGET_CHANGE,,"HISTORICAL UK RETAIL, ISA, ACCOUNT AND BROKER ELIGIBILITY REMAIN PARTLY UNRESOLVED"
ABLATION_PROFIT_HARVEST_ONLY,WEEKLY,2026-03-27,GLOBAL_SILVER_MINERS,FAILED,,"{""GLOBAL_SILVER_MINERS"": 1.0}","{""GLOBAL_SILVER_MINERS"": 0.75}",1.0,3,MATURE,1.0,0.75,0.25,NO_TARGET_CHANGE,,"HISTORICAL UK RETAIL, ISA, ACCOUNT AND BROKER ELIGIBILITY REMAIN PARTLY UNRESOLVED"
ABLATION_PROFIT_HARVEST_ONLY,WEEKLY,2026-03-31,GLOBAL_OIL_GAS,EXTENDED,,"{""GLOBAL_OIL_GAS"": 1.0}","{""GLOBAL_OIL_GAS"": 1.0}",1.0,3,MATURE,1.0,1.0,0.0,PLANNED,2026-04-01,"HISTORICAL UK RETAIL, ISA, ACCOUNT AND BROKER ELIGIBILITY REMAIN PARTLY UNRESOLVED"
ABLATION_PROFIT_HARVEST_ONLY,WEEKLY,2026-04-02,GLOBAL_OIL_GAS,CONFIRMING,,"{""GLOBAL_OIL_GAS"": 1.0}","{""GLOBAL_OIL_GAS"": 1.0}",1.0,4,STRONG,1.0,1.0,0.0,NO_TARGET_CHANGE,,"HISTORICAL UK RETAIL, ISA, ACCOUNT AND BROKER ELIGIBILITY REMAIN PARTLY UNRESOLVED"
ABLATION_PROFIT_HARVEST_ONLY,WEEKLY,2026-04-10,GLOBAL_OIL_GAS,CONFIRMING,,"{""GLOBAL_OIL_GAS"": 1.0}","{""GLOBAL_OIL_GAS"": 1.0}",1.0,4,STRONG,1.0,1.0,0.0,NO_TARGET_CHANGE,,"HISTORICAL UK RETAIL, ISA, ACCOUNT AND BROKER ELIGIBILITY REMAIN PARTLY UNRESOLVED"
ABLATION_PROFIT_HARVEST_ONLY,WEEKLY,2026-04-17,GLOBAL_OIL_GAS,OTHER,,"{""GLOBAL_OIL_GAS"": 1.0}","{""GLOBAL_OIL_GAS"": 1.0}",1.0,3,MATURE,1.0,1.0,0.0,NO_TARGET_CHANGE,,"HISTORICAL UK RETAIL, ISA, ACCOUNT AND BROKER ELIGIBILITY REMAIN PARTLY UNRESOLVED"
ABLATION_PROFIT_HARVEST_ONLY,WEEKLY,2026-04-24,GLOBAL_OIL_GAS,WEAKENING,,"{""GLOBAL_OIL_GAS"": 1.0}","{""GLOBAL_OIL_GAS"": 1.0}",1.0,4,STRONG,1.0,1.0,0.0,NO_TARGET_CHANGE,,"HISTORICAL UK RETAIL, ISA, ACCOUNT AND BROKER ELIGIBILITY REMAIN PARTLY UNRESOLVED"
ABLATION_PROFIT_HARVEST_ONLY,WEEKLY,2026-04-30,GLOBAL_SEMICONDUCTORS,EXTENDED,,"{""GLOBAL_SEMICONDUCTORS"": 1.0}","{""GLOBAL_SEMICONDUCTORS"": 1.0}",1.0,4,STRONG,1.0,1.0,0.0,PLANNED,2026-05-01,"HISTORICAL UK RETAIL, ISA, ACCOUNT AND BROKER ELIGIBILITY REMAIN PARTLY UNRESOLVED"
ABLATION_PROFIT_HARVEST_ONLY,WEEKLY,2026-05-01,GLOBAL_SEMICONDUCTORS,EXTENDED,,"{""GLOBAL_SEMICONDUCTORS"": 1.0}","{""GLOBAL_SEMICONDUCTORS"": 1.0}",1.0,5,STRONG,1.0,1.0,0.0,NO_TARGET_CHANGE,,"HISTORICAL UK RETAIL, ISA, ACCOUNT AND BROKER ELIGIBILITY REMAIN PARTLY UNRESOLVED"
ABLATION_PROFIT_HARVEST_ONLY,WEEKLY,2026-05-08,GLOBAL_SEMICONDUCTORS,EXTENDED,,"{""GLOBAL_SEMICONDUCTORS"": 1.0}","{""GLOBAL_SEMICONDUCTORS"": 1.0}",1.0,5,STRONG,1.0,1.0,0.0,NO_TARGET_CHANGE,,"HISTORICAL UK RETAIL, ISA, ACCOUNT AND BROKER ELIGIBILITY REMAIN PARTLY UNRESOLVED"
ABLATION_PROFIT_HARVEST_ONLY,WEEKLY,2026-05-15,GLOBAL_SEMICONDUCTORS,EXTENDED,,"{""GLOBAL_SEMICONDUCTORS"": 1.0}","{""GLOBAL_SEMICONDUCTORS"": 1.0}",1.0,4,MATURE,1.0,1.0,0.0,NO_TARGET_CHANGE,,"HISTORICAL UK RETAIL, ISA, ACCOUNT AND BROKER ELIGIBILITY REMAIN PARTLY UNRESOLVED"
ABLATION_PROFIT_HARVEST_ONLY,WEEKLY,2026-05-22,GLOBAL_SEMICONDUCTORS,EXTENDED,,"{""GLOBAL_SEMICONDUCTORS"": 1.0}","{""GLOBAL_SEMICONDUCTORS"": 1.0}",1.0,3,DETERIORATING,1.0,1.0,0.0,NO_TARGET_CHANGE,,"HISTORICAL UK RETAIL, ISA, ACCOUNT AND BROKER ELIGIBILITY REMAIN PARTLY UNRESOLVED"
ABLATION_PROFIT_HARVEST_ONLY,WEEKLY,2026-05-29,GLOBAL_SEMICONDUCTORS,EXTENDED,,"{""GLOBAL_SEMICONDUCTORS"": 1.0}","{""GLOBAL_SEMICONDUCTORS"": 0.75}",1.0,4,MATURE,1.0,0.75,0.25,PLANNED,2026-06-01,"HISTORICAL UK RETAIL, ISA, ACCOUNT AND BROKER ELIGIBILITY REMAIN PARTLY UNRESOLVED"
ABLATION_PROFIT_HARVEST_ONLY,WEEKLY,2026-06-05,GLOBAL_SEMICONDUCTORS,EXTENDED,,"{""GLOBAL_SEMICONDUCTORS"": 1.0}","{""GLOBAL_SEMICONDUCTORS"": 0.75}",1.0,3,DETERIORATING,1.0,0.75,0.25,NO_TARGET_CHANGE,,"HISTORICAL UK RETAIL, ISA, ACCOUNT AND BROKER ELIGIBILITY REMAIN PARTLY UNRESOLVED"
ABLATION_PROFIT_HARVEST_ONLY,WEEKLY,2026-06-12,GLOBAL_SEMICONDUCTORS,EXTENDED,,"{""GLOBAL_SEMICONDUCTORS"": 1.0}","{""GLOBAL_SEMICONDUCTORS"": 0.75}",1.0,4,MATURE,1.0,0.75,0.25,NO_TARGET_CHANGE,,"HISTORICAL UK RETAIL, ISA, ACCOUNT AND BROKER ELIGIBILITY REMAIN PARTLY UNRESOLVED"
ABLATION_PROFIT_HARVEST_ONLY,WEEKLY,2026-06-19,GLOBAL_SEMICONDUCTORS,EXTENDED,,"{""GLOBAL_SEMICONDUCTORS"": 1.0}","{""GLOBAL_SEMICONDUCTORS"": 0.75}",1.0,3,DETERIORATING,1.0,0.75,0.25,NO_TARGET_CHANGE,,"HISTORICAL UK RETAIL, ISA, ACCOUNT AND BROKER ELIGIBILITY REMAIN PARTLY UNRESOLVED"
ABLATION_PROFIT_HARVEST_ONLY,WEEKLY,2026-06-26,GLOBAL_SEMICONDUCTORS,EXTENDED,,"{""GLOBAL_SEMICONDUCTORS"": 1.0}","{""GLOBAL_SEMICONDUCTORS"": 0.75}",1.0,3,DETERIORATING,1.0,0.75,0.25,NO_TARGET_CHANGE,,"HISTORICAL UK RETAIL, ISA, ACCOUNT AND BROKER ELIGIBILITY REMAIN PARTLY UNRESOLVED"
ABLATION_PROFIT_HARVEST_ONLY,WEEKLY,2026-06-30,GLOBAL_SEMICONDUCTORS,EXTENDED,,"{""GLOBAL_SEMICONDUCTORS"": 1.0}","{""GLOBAL_SEMICONDUCTORS"": 0.75}",1.0,3,DETERIORATING,1.0,0.75,0.25,NO_TARGET_CHANGE,,"HISTORICAL UK RETAIL, ISA, ACCOUNT AND BROKER ELIGIBILITY REMAIN PARTLY UNRESOLVED"
ABLATION_PROFIT_HARVEST_ONLY,WEEKLY,2026-07-03,GLOBAL_SEMICONDUCTORS,EXTENDED,,"{""GLOBAL_SEMICONDUCTORS"": 1.0}","{""GLOBAL_SEMICONDUCTORS"": 0.75}",1.0,3,DETERIORATING,1.0,0.75,0.25,NO_TARGET_CHANGE,,"HISTORICAL UK RETAIL, ISA, ACCOUNT AND BROKER ELIGIBILITY REMAIN PARTLY UNRESOLVED"
ABLATION_PROFIT_HARVEST_ONLY,WEEKLY,2026-07-10,GLOBAL_SEMICONDUCTORS,EXTENDED,,"{""GLOBAL_SEMICONDUCTORS"": 1.0}","{""GLOBAL_SEMICONDUCTORS"": 0.75}",1.0,3,MATURE,1.0,0.75,0.25,NO_TARGET_CHANGE,,"HISTORICAL UK RETAIL, ISA, ACCOUNT AND BROKER ELIGIBILITY REMAIN PARTLY UNRESOLVED"
ABLATION_PROFIT_HARVEST_ONLY,WEEKLY,2026-07-17,GLOBAL_SEMICONDUCTORS,WEAKENING,,"{""GLOBAL_SEMICONDUCTORS"": 1.0}","{""GLOBAL_SEMICONDUCTORS"": 0.75}",1.0,2,DETERIORATING,1.0,0.75,0.25,NO_TARGET_CHANGE,,"HISTORICAL UK RETAIL, ISA, ACCOUNT AND BROKER ELIGIBILITY REMAIN PARTLY UNRESOLVED"
ABLATION_PROFIT_HARVEST_ONLY,WEEKLY,2026-07-24,GLOBAL_SEMICONDUCTORS,WEAKENING,,"{""GLOBAL_SEMICONDUCTORS"": 1.0}","{""GLOBAL_SEMICONDUCTORS"": 0.75}",1.0,3,MATURE,1.0,0.75,0.25,NO_TARGET_CHANGE,,"HISTORICAL UK RETAIL, ISA, ACCOUNT AND BROKER ELIGIBILITY REMAIN PARTLY UNRESOLVED"
ABLATION_PROFIT_HARVEST_ONLY,WEEKLY,2026-07-31,GLOBAL_SEMICONDUCTORS,WEAKENING,,"{""GLOBAL_SEMICONDUCTORS"": 1.0}","{""GLOBAL_SEMICONDUCTORS"": 0.75}",1.0,5,STRONG,1.0,0.75,0.25,NO_TARGET_CHANGE,,"HISTORICAL UK RETAIL, ISA, ACCOUNT AND BROKER ELIGIBILITY REMAIN PARTLY UNRESOLVED"
ABLATION_PROFIT_HARVEST_ONLY,WEEKLY,2026-08-07,GLOBAL_SEMICONDUCTORS,FAILED,,"{""GLOBAL_SEMICONDUCTORS"": 1.0}","{""GLOBAL_SEMICONDUCTORS"": 0.75}",1.0,3,DETERIORATING,1.0,0.75,0.25,NO_TARGET_CHANGE,,"HISTORICAL UK RETAIL, ISA, ACCOUNT AND BROKER ELIGIBILITY REMAIN PARTLY UNRESOLVED"
ABLATION_PROFIT_HARVEST_ONLY,WEEKLY,2026-08-14,GLOBAL_SEMICONDUCTORS,WEAKENING,,"{""GLOBAL_SEMICONDUCTORS"": 1.0}","{""GLOBAL_SEMICONDUCTORS"": 0.75}",1.0,3,DETERIORATING,1.0,0.75,0.25,NO_TARGET_CHANGE,,"HISTORICAL UK RETAIL, ISA, ACCOUNT AND BROKER ELIGIBILITY REMAIN PARTLY UNRESOLVED"
ABLATION_PROFIT_HARVEST_ONLY,WEEKLY,2026-08-21,GLOBAL_GENOMICS,EXTENDED,,"{""GLOBAL_GENOMICS"": 1.0}","{""GLOBAL_GENOMICS"": 1.0}",1.0,3,DETERIORATING,1.0,1.0,0.0,CANCELLED_PANEL_END_NO_EXECUTION_SESSION,,"HISTORICAL UK RETAIL, ISA, ACCOUNT AND BROKER ELIGIBILITY REMAIN PARTLY UNRESOLVED"
ABLATION_REGIME_ONLY,WEEKLY,2021-08-31,GLOBAL_CYBERSECURITY,ESTABLISHED,,"{""GLOBAL_CYBERSECURITY"": 1.0}","{""GLOBAL_CYBERSECURITY"": 1.0}",1.0,3,MATURE,1.0,1.0,0.0,PLANNED,2021-09-01,"HISTORICAL UK RETAIL, ISA, ACCOUNT AND BROKER ELIGIBILITY REMAIN PARTLY UNRESOLVED"
ABLATION_REGIME_ONLY,WEEKLY,2021-09-03,GLOBAL_CYBERSECURITY,EXTENDED,,"{""GLOBAL_CYBERSECURITY"": 1.0}","{""GLOBAL_CYBERSECURITY"": 1.0}",1.0,3,MATURE,1.0,1.0,0.0,NO_TARGET_CHANGE,,"HISTORICAL UK RETAIL, ISA, ACCOUNT AND BROKER ELIGIBILITY REMAIN PARTLY UNRESOLVED"
ABLATION_REGIME_ONLY,WEEKLY,2021-09-10,GLOBAL_CYBERSECURITY,ESTABLISHED,,"{""GLOBAL_CYBERSECURITY"": 1.0}","{""GLOBAL_CYBERSECURITY"": 1.0}",1.0,3,MATURE,1.0,1.0,0.0,NO_TARGET_CHANGE,,"HISTORICAL UK RETAIL, ISA, ACCOUNT AND BROKER ELIGIBILITY REMAIN PARTLY UNRESOLVED"
ABLATION_REGIME_ONLY,WEEKLY,2021-09-17,GLOBAL_CYBERSECURITY,ESTABLISHED,,"{""GLOBAL_CYBERSECURITY"": 1.0}","{""GLOBAL_CYBERSECURITY"": 1.0}",1.0,3,MATURE,1.0,1.0,0.0,NO_TARGET_CHANGE,,"HISTORICAL UK RETAIL, ISA, ACCOUNT AND BROKER ELIGIBILITY REMAIN PARTLY UNRESOLVED"
ABLATION_REGIME_ONLY,WEEKLY,2021-09-24,GLOBAL_CYBERSECURITY,WEAKENING,,"{""GLOBAL_CYBERSECURITY"": 1.0}","{""GLOBAL_CYBERSECURITY"": 1.0}",1.0,3,MATURE,1.0,1.0,0.0,NO_TARGET_CHANGE,,"HISTORICAL UK RETAIL, ISA, ACCOUNT AND BROKER ELIGIBILITY REMAIN PARTLY UNRESOLVED"
ABLATION_REGIME_ONLY,WEEKLY,2021-09-30,GLOBAL_OIL_GAS,ESTABLISHED,,"{""GLOBAL_OIL_GAS"": 1.0}","{""GLOBAL_OIL_GAS"": 1.0}",1.0,3,MATURE,1.0,1.0,0.0,PLANNED,2021-10-01,"HISTORICAL UK RETAIL, ISA, ACCOUNT AND BROKER ELIGIBILITY REMAIN PARTLY UNRESOLVED"
ABLATION_REGIME_ONLY,WEEKLY,2021-10-01,GLOBAL_OIL_GAS,ESTABLISHED,,"{""GLOBAL_OIL_GAS"": 1.0}","{""GLOBAL_OIL_GAS"": 1.0}",1.0,4,STRONG,1.0,1.0,0.0,NO_TARGET_CHANGE,,"HISTORICAL UK RETAIL, ISA, ACCOUNT AND BROKER ELIGIBILITY REMAIN PARTLY UNRESOLVED"
ABLATION_REGIME_ONLY,WEEKLY,2021-10-08,GLOBAL_OIL_GAS,EXTENDED,,"{""GLOBAL_OIL_GAS"": 1.0}","{""GLOBAL_OIL_GAS"": 1.0}",1.0,4,STRONG,1.0,1.0,0.0,NO_TARGET_CHANGE,,"HISTORICAL UK RETAIL, ISA, ACCOUNT AND BROKER ELIGIBILITY REMAIN PARTLY UNRESOLVED"
ABLATION_REGIME_ONLY,WEEKLY,2021-10-15,GLOBAL_OIL_GAS,EXTENDED,,"{""GLOBAL_OIL_GAS"": 1.0}","{""GLOBAL_OIL_GAS"": 1.0}",1.0,5,STRONG,1.0,1.0,0.0,NO_TARGET_CHANGE,,"HISTORICAL UK RETAIL, ISA, ACCOUNT AND BROKER ELIGIBILITY REMAIN PARTLY UNRESOLVED"
ABLATION_REGIME_ONLY,WEEKLY,2021-10-22,GLOBAL_OIL_GAS,EXTENDED,,"{""GLOBAL_OIL_GAS"": 1.0}","{""GLOBAL_OIL_GAS"": 1.0}",1.0,3,DETERIORATING,1.0,1.0,0.0,NO_TARGET_CHANGE,,"HISTORICAL UK RETAIL, ISA, ACCOUNT AND BROKER ELIGIBILITY REMAIN PARTLY UNRESOLVED"
ABLATION_REGIME_ONLY,WEEKLY,2021-10-29,GLOBAL_OIL_GAS,EXTENDED,,"{""GLOBAL_OIL_GAS"": 1.0}","{""GLOBAL_OIL_GAS"": 1.0}",1.0,3,DETERIORATING,1.0,1.0,0.0,NO_TARGET_CHANGE,,"HISTORICAL UK RETAIL, ISA, ACCOUNT AND BROKER ELIGIBILITY REMAIN PARTLY UNRESOLVED"
ABLATION_REGIME_ONLY,WEEKLY,2021-11-05,GLOBAL_OIL_GAS,EXTENDED,,"{""GLOBAL_OIL_GAS"": 1.0}","{""GLOBAL_OIL_GAS"": 1.0}",1.0,2,DETERIORATING,1.0,1.0,0.0,NO_TARGET_CHANGE,,"HISTORICAL UK RETAIL, ISA, ACCOUNT AND BROKER ELIGIBILITY REMAIN PARTLY UNRESOLVED"
ABLATION_REGIME_ONLY,WEEKLY,2021-11-12,GLOBAL_OIL_GAS,WEAKENING,,"{""GLOBAL_OIL_GAS"": 1.0}","{""GLOBAL_OIL_GAS"": 1.0}",1.0,3,DETERIORATING,1.0,1.0,0.0,NO_TARGET_CHANGE,,"HISTORICAL UK RETAIL, ISA, ACCOUNT AND BROKER ELIGIBILITY REMAIN PARTLY UNRESOLVED"
ABLATION_REGIME_ONLY,WEEKLY,2021-11-19,GLOBAL_OIL_GAS,WEAKENING,,"{""GLOBAL_OIL_GAS"": 1.0}","{""GLOBAL_OIL_GAS"": 1.0}",1.0,2,DETERIORATING,1.0,1.0,0.0,NO_TARGET_CHANGE,,"HISTORICAL UK RETAIL, ISA, ACCOUNT AND BROKER ELIGIBILITY REMAIN PARTLY UNRESOLVED"
ABLATION_REGIME_ONLY,WEEKLY,2021-11-26,GLOBAL_OIL_GAS,WEAKENING,,"{""GLOBAL_OIL_GAS"": 1.0}","{""GLOBAL_OIL_GAS"": 1.0}",1.0,2,DETERIORATING,1.0,1.0,0.0,NO_TARGET_CHANGE,,"HISTORICAL UK RETAIL, ISA, ACCOUNT AND BROKER ELIGIBILITY REMAIN PARTLY UNRESOLVED"
ABLATION_REGIME_ONLY,WEEKLY,2021-11-30,GLOBAL_SEMICONDUCTORS,EXTENDED,,"{""GLOBAL_SEMICONDUCTORS"": 1.0}","{""GLOBAL_SEMICONDUCTORS"": 1.0}",1.0,2,DETERIORATING,1.0,1.0,0.0,PLANNED,2021-12-01,"HISTORICAL UK RETAIL, ISA, ACCOUNT AND BROKER ELIGIBILITY REMAIN PARTLY UNRESOLVED"
ABLATION_REGIME_ONLY,WEEKLY,2021-12-03,GLOBAL_SEMICONDUCTORS,EXTENDED,,"{""GLOBAL_SEMICONDUCTORS"": 1.0}","{""GLOBAL_SEMICONDUCTORS"": 1.0}",1.0,3,DETERIORATING,1.0,1.0,0.0,NO_TARGET_CHANGE,,"HISTORICAL UK RETAIL, ISA, ACCOUNT AND BROKER ELIGIBILITY REMAIN PARTLY UNRESOLVED"
ABLATION_REGIME_ONLY,WEEKLY,2021-12-10,GLOBAL_SEMICONDUCTORS,ESTABLISHED,,"{""GLOBAL_SEMICONDUCTORS"": 1.0}","{""GLOBAL_SEMICONDUCTORS"": 1.0}",1.0,2,DETERIORATING,1.0,1.0,0.0,NO_TARGET_CHANGE,,"HISTORICAL UK RETAIL, ISA, ACCOUNT AND BROKER ELIGIBILITY REMAIN PARTLY UNRESOLVED"
ABLATION_REGIME_ONLY,WEEKLY,2021-12-17,GLOBAL_SEMICONDUCTORS,ESTABLISHED,,"{""GLOBAL_SEMICONDUCTORS"": 1.0}","{""GLOBAL_SEMICONDUCTORS"": 1.0}",1.0,3,POSITIVE,1.0,1.0,0.0,NO_TARGET_CHANGE,,"HISTORICAL UK RETAIL, ISA, ACCOUNT AND BROKER ELIGIBILITY REMAIN PARTLY UNRESOLVED"
ABLATION_REGIME_ONLY,WEEKLY,2021-12-24,GLOBAL_SEMICONDUCTORS,EXTENDED,,"{""GLOBAL_SEMICONDUCTORS"": 1.0}","{""GLOBAL_SEMICONDUCTORS"": 1.0}",1.0,0,HOSTILE,1.0,1.0,0.0,NO_TARGET_CHANGE,,"HISTORICAL UK RETAIL, ISA, ACCOUNT AND BROKER ELIGIBILITY REMAIN PARTLY UNRESOLVED"
ABLATION_REGIME_ONLY,WEEKLY,2021-12-31,GLOBAL_SEMICONDUCTORS,EXTENDED,,"{""GLOBAL_SEMICONDUCTORS"": 1.0}","{""GLOBAL_SEMICONDUCTORS"": 1.0}",1.0,2,POSITIVE,1.0,1.0,0.0,NO_TARGET_CHANGE,,"HISTORICAL UK RETAIL, ISA, ACCOUNT AND BROKER ELIGIBILITY REMAIN PARTLY UNRESOLVED"
ABLATION_REGIME_ONLY,WEEKLY,2022-01-07,GLOBAL_SEMICONDUCTORS,OTHER,,"{""GLOBAL_SEMICONDUCTORS"": 1.0}","{""GLOBAL_SEMICONDUCTORS"": 1.0}",1.0,2,POSITIVE,1.0,1.0,0.0,NO_TARGET_CHANGE,,"HISTORICAL UK RETAIL, ISA, ACCOUNT AND BROKER ELIGIBILITY REMAIN PARTLY UNRESOLVED"
ABLATION_REGIME_ONLY,WEEKLY,2022-01-14,GLOBAL_SEMICONDUCTORS,WEAKENING,,"{""GLOBAL_SEMICONDUCTORS"": 1.0}","{""GLOBAL_SEMICONDUCTORS"": 1.0}",1.0,4,STRONG,1.0,1.0,0.0,NO_TARGET_CHANGE,,"HISTORICAL UK RETAIL, ISA, ACCOUNT AND BROKER ELIGIBILITY REMAIN PARTLY UNRESOLVED"
ABLATION_REGIME_ONLY,WEEKLY,2022-01-21,GLOBAL_SEMICONDUCTORS,WEAKENING,,"{""GLOBAL_SEMICONDUCTORS"": 1.0}","{""GLOBAL_SEMICONDUCTORS"": 1.0}",1.0,3,MATURE,1.0,1.0,0.0,NO_TARGET_CHANGE,,"HISTORICAL UK RETAIL, ISA, ACCOUNT AND BROKER ELIGIBILITY REMAIN PARTLY UNRESOLVED"
ABLATION_REGIME_ONLY,WEEKLY,2022-01-28,GLOBAL_SEMICONDUCTORS,FAILED,,"{""GLOBAL_SEMICONDUCTORS"": 1.0}","{""GLOBAL_SEMICONDUCTORS"": 1.0}",1.0,2,HOSTILE,1.0,1.0,0.0,NO_TARGET_CHANGE,,"HISTORICAL UK RETAIL, ISA, ACCOUNT AND BROKER ELIGIBILITY REMAIN PARTLY UNRESOLVED"
ABLATION_REGIME_ONLY,WEEKLY,2022-01-31,GLOBAL_OIL_GAS,EXTENDED,,"{""GLOBAL_OIL_GAS"": 1.0}","{""GLOBAL_OIL_GAS"": 1.0}",1.0,2,HOSTILE,1.0,1.0,0.0,PLANNED,2022-02-01,"HISTORICAL UK RETAIL, ISA, ACCOUNT AND BROKER ELIGIBILITY REMAIN PARTLY UNRESOLVED"
ABLATION_REGIME_ONLY,WEEKLY,2022-02-04,GLOBAL_OIL_GAS,EXTENDED,,"{""GLOBAL_OIL_GAS"": 1.0}","{""GLOBAL_OIL_GAS"": 1.0}",1.0,4,STRONG,1.0,1.0,0.0,NO_TARGET_CHANGE,,"HISTORICAL UK RETAIL, ISA, ACCOUNT AND BROKER ELIGIBILITY REMAIN PARTLY UNRESOLVED"
ABLATION_REGIME_ONLY,WEEKLY,2022-02-11,GLOBAL_OIL_GAS,EXTENDED,,"{""GLOBAL_OIL_GAS"": 1.0}","{""GLOBAL_OIL_GAS"": 1.0}",1.0,2,DETERIORATING,1.0,1.0,0.0,NO_TARGET_CHANGE,,"HISTORICAL UK RETAIL, ISA, ACCOUNT AND BROKER ELIGIBILITY REMAIN PARTLY UNRESOLVED"
ABLATION_REGIME_ONLY,WEEKLY,2022-02-18,GLOBAL_OIL_GAS,EXTENDED,,"{""GLOBAL_OIL_GAS"": 1.0}","{""GLOBAL_OIL_GAS"": 1.0}",1.0,2,HOSTILE,1.0,1.0,0.0,NO_TARGET_CHANGE,,"HISTORICAL UK RETAIL, ISA, ACCOUNT AND BROKER ELIGIBILITY REMAIN PARTLY UNRESOLVED"
ABLATION_REGIME_ONLY,WEEKLY,2022-02-25,GLOBAL_OIL_GAS,EXTENDED,,"{""GLOBAL_OIL_GAS"": 1.0}","{""GLOBAL_OIL_GAS"": 1.0}",1.0,2,HOSTILE,1.0,1.0,0.0,NO_TARGET_CHANGE,,"HISTORICAL UK RETAIL, ISA, ACCOUNT AND BROKER ELIGIBILITY REMAIN PARTLY UNRESOLVED"
ABLATION_REGIME_ONLY,WEEKLY,2022-02-28,GLOBAL_OIL_GAS,EXTENDED,,"{""GLOBAL_OIL_GAS"": 1.0}","{""GLOBAL_OIL_GAS"": 1.0}",1.0,2,HOSTILE,1.0,1.0,0.0,NO_TARGET_CHANGE,,"HISTORICAL UK RETAIL, ISA, ACCOUNT AND BROKER ELIGIBILITY REMAIN PARTLY UNRESOLVED"
ABLATION_REGIME_ONLY,WEEKLY,2022-03-04,GLOBAL_OIL_GAS,EXTENDED,,"{""GLOBAL_OIL_GAS"": 1.0}","{""GLOBAL_OIL_GAS"": 1.0}",1.0,1,HOSTILE,1.0,1.0,0.0,NO_TARGET_CHANGE,,"HISTORICAL UK RETAIL, ISA, ACCOUNT AND BROKER ELIGIBILITY REMAIN PARTLY UNRESOLVED"
ABLATION_REGIME_ONLY,WEEKLY,2022-03-11,GLOBAL_OIL_GAS,EXTENDED,,"{""GLOBAL_OIL_GAS"": 1.0}","{""GLOBAL_OIL_GAS"": 1.0}",1.0,2,HOSTILE,1.0,1.0,0.0,NO_TARGET_CHANGE,,"HISTORICAL UK RETAIL, ISA, ACCOUNT AND BROKER ELIGIBILITY REMAIN PARTLY UNRESOLVED"
ABLATION_REGIME_ONLY,WEEKLY,2022-03-18,GLOBAL_OIL_GAS,EXTENDED,,"{""GLOBAL_OIL_GAS"": 1.0}","{""GLOBAL_OIL_GAS"": 1.0}",1.0,3,MATURE,1.0,1.0,0.0,NO_TARGET_CHANGE,,"HISTORICAL UK RETAIL, ISA, ACCOUNT AND BROKER ELIGIBILITY REMAIN PARTLY UNRESOLVED"
ABLATION_REGIME_ONLY,WEEKLY,2022-03-25,GLOBAL_OIL_GAS,EXTENDED,,"{""GLOBAL_OIL_GAS"": 1.0}","{""GLOBAL_OIL_GAS"": 1.0}",1.0,3,MATURE,1.0,1.0,0.0,NO_TARGET_CHANGE,,"HISTORICAL UK RETAIL, ISA, ACCOUNT AND BROKER ELIGIBILITY REMAIN PARTLY UNRESOLVED"
ABLATION_REGIME_ONLY,WEEKLY,2022-03-31,GLOBAL_OIL_GAS,EXTENDED,,"{""GLOBAL_OIL_GAS"": 1.0}","{""GLOBAL_OIL_GAS"": 1.0}",1.0,3,MATURE,1.0,1.0,0.0,NO_TARGET_CHANGE,,"HISTORICAL UK RETAIL, ISA, ACCOUNT AND BROKER ELIGIBILITY REMAIN PARTLY UNRESOLVED"
ABLATION_REGIME_ONLY,WEEKLY,2022-04-01,GLOBAL_OIL_GAS,EXTENDED,,"{""GLOBAL_OIL_GAS"": 1.0}","{""GLOBAL_OIL_GAS"": 1.0}",1.0,2,DETERIORATING,1.0,1.0,0.0,NO_TARGET_CHANGE,,"HISTORICAL UK RETAIL, ISA, ACCOUNT AND BROKER ELIGIBILITY REMAIN PARTLY UNRESOLVED"
ABLATION_REGIME_ONLY,WEEKLY,2022-04-08,GLOBAL_OIL_GAS,EXTENDED,,"{""GLOBAL_OIL_GAS"": 1.0}","{""GLOBAL_OIL_GAS"": 1.0}",1.0,3,POSITIVE,1.0,1.0,0.0,NO_TARGET_CHANGE,,"HISTORICAL UK RETAIL, ISA, ACCOUNT AND BROKER ELIGIBILITY REMAIN PARTLY UNRESOLVED"
ABLATION_REGIME_ONLY,WEEKLY,2022-04-14,GLOBAL_OIL_GAS,EXTENDED,,"{""GLOBAL_OIL_GAS"": 1.0}","{""GLOBAL_OIL_GAS"": 1.0}",1.0,3,POSITIVE,1.0,1.0,0.0,NO_TARGET_CHANGE,,"HISTORICAL UK RETAIL, ISA, ACCOUNT AND BROKER ELIGIBILITY REMAIN PARTLY UNRESOLVED"
ABLATION_REGIME_ONLY,WEEKLY,2022-04-22,GLOBAL_OIL_GAS,EXTENDED,,"{""GLOBAL_OIL_GAS"": 1.0}","{""GLOBAL_OIL_GAS"": 1.0}",1.0,1,HOSTILE,1.0,1.0,0.0,NO_TARGET_CHANGE,,"HISTORICAL UK RETAIL, ISA, ACCOUNT AND BROKER ELIGIBILITY REMAIN PARTLY UNRESOLVED"
ABLATION_REGIME_ONLY,WEEKLY,2022-04-29,GLOBAL_OIL_GAS,EXTENDED,,"{""GLOBAL_OIL_GAS"": 1.0}","{""GLOBAL_OIL_GAS"": 1.0}",1.0,2,HOSTILE,1.0,1.0,0.0,NO_TARGET_CHANGE,,"HISTORICAL UK RETAIL, ISA, ACCOUNT AND BROKER ELIGIBILITY REMAIN PARTLY UNRESOLVED"
ABLATION_REGIME_ONLY,WEEKLY,2022-05-06,GLOBAL_OIL_GAS,EXTENDED,,"{""GLOBAL_OIL_GAS"": 1.0}","{""GLOBAL_OIL_GAS"": 1.0}",1.0,2,HOSTILE,1.0,1.0,0.0,NO_TARGET_CHANGE,,"HISTORICAL UK RETAIL, ISA, ACCOUNT AND BROKER ELIGIBILITY REMAIN PARTLY UNRESOLVED"
ABLATION_REGIME_ONLY,WEEKLY,2022-05-13,GLOBAL_OIL_GAS,EXTENDED,,"{""GLOBAL_OIL_GAS"": 1.0}","{""GLOBAL_OIL_GAS"": 1.0}",1.0,2,HOSTILE,1.0,1.0,0.0,NO_TARGET_CHANGE,,"HISTORICAL UK RETAIL, ISA, ACCOUNT AND BROKER ELIGIBILITY REMAIN PARTLY UNRESOLVED"
ABLATION_REGIME_ONLY,WEEKLY,2022-05-20,GLOBAL_OIL_GAS,EXTENDED,,"{""GLOBAL_OIL_GAS"": 1.0}","{""GLOBAL_OIL_GAS"": 1.0}",1.0,2,HOSTILE,1.0,1.0,0.0,NO_TARGET_CHANGE,,"HISTORICAL UK RETAIL, ISA, ACCOUNT AND BROKER ELIGIBILITY REMAIN PARTLY UNRESOLVED"
ABLATION_REGIME_ONLY,WEEKLY,2022-05-27,GLOBAL_OIL_GAS,EXTENDED,,"{""GLOBAL_OIL_GAS"": 1.0}","{""GLOBAL_OIL_GAS"": 1.0}",1.0,1,HOSTILE,1.0,1.0,0.0,NO_TARGET_CHANGE,,"HISTORICAL UK RETAIL, ISA, ACCOUNT AND BROKER ELIGIBILITY REMAIN PARTLY UNRESOLVED"
ABLATION_REGIME_ONLY,WEEKLY,2022-05-31,GLOBAL_OIL_GAS,EXTENDED,,"{""GLOBAL_OIL_GAS"": 1.0}","{""GLOBAL_OIL_GAS"": 1.0}",1.0,1,HOSTILE,1.0,1.0,0.0,NO_TARGET_CHANGE,,"HISTORICAL UK RETAIL, ISA, ACCOUNT AND BROKER ELIGIBILITY REMAIN PARTLY UNRESOLVED"
ABLATION_REGIME_ONLY,WEEKLY,2022-06-01,GLOBAL_OIL_GAS,EXTENDED,,"{""GLOBAL_OIL_GAS"": 1.0}","{""GLOBAL_OIL_GAS"": 1.0}",1.0,1,HOSTILE,1.0,1.0,0.0,NO_TARGET_CHANGE,,"HISTORICAL UK RETAIL, ISA, ACCOUNT AND BROKER ELIGIBILITY REMAIN PARTLY UNRESOLVED"
ABLATION_REGIME_ONLY,WEEKLY,2022-06-10,GLOBAL_OIL_GAS,EXTENDED,,"{""GLOBAL_OIL_GAS"": 1.0}","{""GLOBAL_OIL_GAS"": 1.0}",1.0,1,HOSTILE,1.0,1.0,0.0,NO_TARGET_CHANGE,,"HISTORICAL UK RETAIL, ISA, ACCOUNT AND BROKER ELIGIBILITY REMAIN PARTLY UNRESOLVED"
ABLATION_REGIME_ONLY,WEEKLY,2022-06-17,GLOBAL_OIL_GAS,WEAKENING,,"{""GLOBAL_OIL_GAS"": 1.0}","{""GLOBAL_OIL_GAS"": 1.0}",1.0,2,HOSTILE,1.0,1.0,0.0,NO_TARGET_CHANGE,,"HISTORICAL UK RETAIL, ISA, ACCOUNT AND BROKER ELIGIBILITY REMAIN PARTLY UNRESOLVED"
ABLATION_REGIME_ONLY,WEEKLY,2022-06-24,GLOBAL_OIL_GAS,WEAKENING,,"{""GLOBAL_OIL_GAS"": 1.0}","{""GLOBAL_OIL_GAS"": 1.0}",1.0,0,HOSTILE,1.0,1.0,0.0,NO_TARGET_CHANGE,,"HISTORICAL UK RETAIL, ISA, ACCOUNT AND BROKER ELIGIBILITY REMAIN PARTLY UNRESOLVED"
ABLATION_REGIME_ONLY,WEEKLY,2022-06-30,GLOBAL_OIL_GAS,WEAKENING,,"{""GLOBAL_OIL_GAS"": 1.0}","{""GLOBAL_OIL_GAS"": 1.0}",1.0,0,HOSTILE,1.0,1.0,0.0,NO_TARGET_CHANGE,,"HISTORICAL UK RETAIL, ISA, ACCOUNT AND BROKER ELIGIBILITY REMAIN PARTLY UNRESOLVED"
ABLATION_REGIME_ONLY,WEEKLY,2022-07-01,GLOBAL_OIL_GAS,WEAKENING,,"{""GLOBAL_OIL_GAS"": 1.0}","{""GLOBAL_OIL_GAS"": 1.0}",1.0,2,HOSTILE,1.0,1.0,0.0,NO_TARGET_CHANGE,,"HISTORICAL UK RETAIL, ISA, ACCOUNT AND BROKER ELIGIBILITY REMAIN PARTLY UNRESOLVED"
ABLATION_REGIME_ONLY,WEEKLY,2022-07-08,GLOBAL_OIL_GAS,WEAKENING,,"{""GLOBAL_OIL_GAS"": 1.0}","{""GLOBAL_OIL_GAS"": 1.0}",1.0,2,HOSTILE,1.0,1.0,0.0,NO_TARGET_CHANGE,,"HISTORICAL UK RETAIL, ISA, ACCOUNT AND BROKER ELIGIBILITY REMAIN PARTLY UNRESOLVED"
ABLATION_REGIME_ONLY,WEEKLY,2022-07-15,GLOBAL_OIL_GAS,FAILED,,"{""GLOBAL_OIL_GAS"": 1.0}","{""GLOBAL_OIL_GAS"": 1.0}",1.0,2,HOSTILE,1.0,1.0,0.0,NO_TARGET_CHANGE,,"HISTORICAL UK RETAIL, ISA, ACCOUNT AND BROKER ELIGIBILITY REMAIN PARTLY UNRESOLVED"
ABLATION_REGIME_ONLY,WEEKLY,2022-07-22,GLOBAL_OIL_GAS,FAILED,,"{""GLOBAL_OIL_GAS"": 1.0}","{""GLOBAL_OIL_GAS"": 1.0}",1.0,3,HOSTILE,1.0,1.0,0.0,NO_TARGET_CHANGE,,"HISTORICAL UK RETAIL, ISA, ACCOUNT AND BROKER ELIGIBILITY REMAIN PARTLY UNRESOLVED"
ABLATION_REGIME_ONLY,WEEKLY,2022-07-29,GLOBAL_OIL_GAS,WEAKENING,,"{""GLOBAL_OIL_GAS"": 1.0}","{""GLOBAL_OIL_GAS"": 1.0}",1.0,3,POSITIVE,1.0,1.0,0.0,NO_TARGET_CHANGE,,"HISTORICAL UK RETAIL, ISA, ACCOUNT AND BROKER ELIGIBILITY REMAIN PARTLY UNRESOLVED"
ABLATION_REGIME_ONLY,WEEKLY,2022-08-05,GLOBAL_OIL_GAS,FAILED,,"{""GLOBAL_OIL_GAS"": 1.0}","{""GLOBAL_OIL_GAS"": 1.0}",1.0,4,STRONG,1.0,1.0,0.0,NO_TARGET_CHANGE,,"HISTORICAL UK RETAIL, ISA, ACCOUNT AND BROKER ELIGIBILITY REMAIN PARTLY UNRESOLVED"
ABLATION_REGIME_ONLY,WEEKLY,2022-08-12,GLOBAL_OIL_GAS,FAILED,,"{""GLOBAL_OIL_GAS"": 1.0}","{""GLOBAL_OIL_GAS"": 1.0}",1.0,4,STRONG,1.0,1.0,0.0,NO_TARGET_CHANGE,,"HISTORICAL UK RETAIL, ISA, ACCOUNT AND BROKER ELIGIBILITY REMAIN PARTLY UNRESOLVED"
ABLATION_REGIME_ONLY,WEEKLY,2022-08-19,GLOBAL_OIL_GAS,FAILED,,"{""GLOBAL_OIL_GAS"": 1.0}","{""GLOBAL_OIL_GAS"": 1.0}",1.0,3,MATURE,1.0,1.0,0.0,NO_TARGET_CHANGE,,"HISTORICAL UK RETAIL, ISA, ACCOUNT AND BROKER ELIGIBILITY REMAIN PARTLY UNRESOLVED"
ABLATION_REGIME_ONLY,WEEKLY,2022-08-26,GLOBAL_OIL_GAS,OTHER,,"{""GLOBAL_OIL_GAS"": 1.0}","{""GLOBAL_OIL_GAS"": 1.0}",1.0,4,STRONG,1.0,1.0,0.0,NO_TARGET_CHANGE,,"HISTORICAL UK RETAIL, ISA, ACCOUNT AND BROKER ELIGIBILITY REMAIN PARTLY UNRESOLVED"
ABLATION_REGIME_ONLY,WEEKLY,2022-08-31,GLOBAL_INFRASTRUCTURE,WEAKENING,,"{""GLOBAL_INFRASTRUCTURE"": 1.0}","{""GLOBAL_INFRASTRUCTURE"": 1.0}",1.0,4,STRONG,1.0,1.0,0.0,PLANNED,2022-09-01,"HISTORICAL UK RETAIL, ISA, ACCOUNT AND BROKER ELIGIBILITY REMAIN PARTLY UNRESOLVED"
ABLATION_REGIME_ONLY,WEEKLY,2022-09-02,GLOBAL_INFRASTRUCTURE,ESTABLISHED,,"{""GLOBAL_INFRASTRUCTURE"": 1.0}","{""GLOBAL_INFRASTRUCTURE"": 1.0}",1.0,3,MATURE,1.0,1.0,0.0,NO_TARGET_CHANGE,,"HISTORICAL UK RETAIL, ISA, ACCOUNT AND BROKER ELIGIBILITY REMAIN PARTLY UNRESOLVED"
ABLATION_REGIME_ONLY,WEEKLY,2022-09-09,GLOBAL_INFRASTRUCTURE,OTHER,,"{""GLOBAL_INFRASTRUCTURE"": 1.0}","{""GLOBAL_INFRASTRUCTURE"": 1.0}",1.0,3,MATURE,1.0,1.0,0.0,NO_TARGET_CHANGE,,"HISTORICAL UK RETAIL, ISA, ACCOUNT AND BROKER ELIGIBILITY REMAIN PARTLY UNRESOLVED"
ABLATION_REGIME_ONLY,WEEKLY,2022-09-16,GLOBAL_INFRASTRUCTURE,OTHER,,"{""GLOBAL_INFRASTRUCTURE"": 1.0}","{""GLOBAL_INFRASTRUCTURE"": 1.0}",1.0,4,STRONG,1.0,1.0,0.0,NO_TARGET_CHANGE,,"HISTORICAL UK RETAIL, ISA, ACCOUNT AND BROKER ELIGIBILITY REMAIN PARTLY UNRESOLVED"
ABLATION_REGIME_ONLY,WEEKLY,2022-09-23,GLOBAL_INFRASTRUCTURE,OTHER,,"{""GLOBAL_INFRASTRUCTURE"": 1.0}","{""GLOBAL_INFRASTRUCTURE"": 1.0}",1.0,3,MATURE,1.0,1.0,0.0,NO_TARGET_CHANGE,,"HISTORICAL UK RETAIL, ISA, ACCOUNT AND BROKER ELIGIBILITY REMAIN PARTLY UNRESOLVED"
ABLATION_REGIME_ONLY,WEEKLY,2022-09-30,GLOBAL_OIL_GAS,ESTABLISHED,,"{""GLOBAL_OIL_GAS"": 1.0}","{""GLOBAL_OIL_GAS"": 1.0}",1.0,2,HOSTILE,1.0,1.0,0.0,PLANNED,2022-10-03,"HISTORICAL UK RETAIL, ISA, ACCOUNT AND BROKER ELIGIBILITY REMAIN PARTLY UNRESOLVED"
ABLATION_REGIME_ONLY,WEEKLY,2022-10-07,GLOBAL_OIL_GAS,EXTENDED,,"{""GLOBAL_OIL_GAS"": 1.0}","{""GLOBAL_OIL_GAS"": 1.0}",1.0,3,HOSTILE,1.0,1.0,0.0,NO_TARGET_CHANGE,,"HISTORICAL UK RETAIL, ISA, ACCOUNT AND BROKER ELIGIBILITY REMAIN PARTLY UNRESOLVED"
ABLATION_REGIME_ONLY,WEEKLY,2022-10-14,GLOBAL_OIL_GAS,EXTENDED,,"{""GLOBAL_OIL_GAS"": 1.0}","{""GLOBAL_OIL_GAS"": 1.0}",1.0,3,HOSTILE,1.0,1.0,0.0,NO_TARGET_CHANGE,,"HISTORICAL UK RETAIL, ISA, ACCOUNT AND BROKER ELIGIBILITY REMAIN PARTLY UNRESOLVED"
ABLATION_REGIME_ONLY,WEEKLY,2022-10-21,GLOBAL_OIL_GAS,EXTENDED,,"{""GLOBAL_OIL_GAS"": 1.0}","{""GLOBAL_OIL_GAS"": 1.0}",1.0,2,HOSTILE,1.0,1.0,0.0,NO_TARGET_CHANGE,,"HISTORICAL UK RETAIL, ISA, ACCOUNT AND BROKER ELIGIBILITY REMAIN PARTLY UNRESOLVED"
ABLATION_REGIME_ONLY,WEEKLY,2022-10-28,GLOBAL_OIL_GAS,ESTABLISHED,,"{""GLOBAL_OIL_GAS"": 1.0}","{""GLOBAL_OIL_GAS"": 1.0}",1.0,3,HOSTILE,1.0,1.0,0.0,NO_TARGET_CHANGE,,"HISTORICAL UK RETAIL, ISA, ACCOUNT AND BROKER ELIGIBILITY REMAIN PARTLY UNRESOLVED"
ABLATION_REGIME_ONLY,WEEKLY,2022-10-31,GLOBAL_OIL_GAS,EXTENDED,,"{""GLOBAL_OIL_GAS"": 1.0}","{""GLOBAL_OIL_GAS"": 1.0}",1.0,3,HOSTILE,1.0,1.0,0.0,NO_TARGET_CHANGE,,"HISTORICAL UK RETAIL, ISA, ACCOUNT AND BROKER ELIGIBILITY REMAIN PARTLY UNRESOLVED"
ABLATION_REGIME_ONLY,WEEKLY,2022-11-04,GLOBAL_OIL_GAS,EXTENDED,,"{""GLOBAL_OIL_GAS"": 1.0}","{""GLOBAL_OIL_GAS"": 1.0}",1.0,4,STRONG,1.0,1.0,0.0,NO_TARGET_CHANGE,,"HISTORICAL UK RETAIL, ISA, ACCOUNT AND BROKER ELIGIBILITY REMAIN PARTLY UNRESOLVED"
ABLATION_REGIME_ONLY,WEEKLY,2022-11-11,GLOBAL_OIL_GAS,WEAKENING,,"{""GLOBAL_OIL_GAS"": 1.0}","{""GLOBAL_OIL_GAS"": 1.0}",1.0,3,MATURE,1.0,1.0,0.0,NO_TARGET_CHANGE,,"HISTORICAL UK RETAIL, ISA, ACCOUNT AND BROKER ELIGIBILITY REMAIN PARTLY UNRESOLVED"
ABLATION_REGIME_ONLY,WEEKLY,2022-11-18,GLOBAL_OIL_GAS,WEAKENING,,"{""GLOBAL_OIL_GAS"": 1.0}","{""GLOBAL_OIL_GAS"": 1.0}",1.0,2,DETERIORATING,1.0,1.0,0.0,NO_TARGET_CHANGE,,"HISTORICAL UK RETAIL, ISA, ACCOUNT AND BROKER ELIGIBILITY REMAIN PARTLY UNRESOLVED"
ABLATION_REGIME_ONLY,WEEKLY,2022-11-25,GLOBAL_OIL_GAS,WEAKENING,,"{""GLOBAL_OIL_GAS"": 1.0}","{""GLOBAL_OIL_GAS"": 1.0}",1.0,4,STRONG,1.0,1.0,0.0,NO_TARGET_CHANGE,,"HISTORICAL UK RETAIL, ISA, ACCOUNT AND BROKER ELIGIBILITY REMAIN PARTLY UNRESOLVED"
ABLATION_REGIME_ONLY,WEEKLY,2022-11-30,EUROPE_BANKS,EXTENDED,,"{""EUROPE_BANKS"": 1.0}","{""EUROPE_BANKS"": 1.0}",1.0,4,STRONG,1.0,1.0,0.0,PLANNED,2022-12-01,"HISTORICAL UK RETAIL, ISA, ACCOUNT AND BROKER ELIGIBILITY REMAIN PARTLY UNRESOLVED"
ABLATION_REGIME_ONLY,WEEKLY,2022-12-02,EUROPE_BANKS,EXTENDED,,"{""EUROPE_BANKS"": 1.0}","{""EUROPE_BANKS"": 1.0}",1.0,4,STRONG,1.0,1.0,0.0,NO_TARGET_CHANGE,,"HISTORICAL UK RETAIL, ISA, ACCOUNT AND BROKER ELIGIBILITY REMAIN PARTLY UNRESOLVED"
ABLATION_REGIME_ONLY,WEEKLY,2022-12-09,EUROPE_BANKS,EXTENDED,,"{""EUROPE_BANKS"": 1.0}","{""EUROPE_BANKS"": 1.0}",1.0,3,HOSTILE,1.0,1.0,0.0,NO_TARGET_CHANGE,,"HISTORICAL UK RETAIL, ISA, ACCOUNT AND BROKER ELIGIBILITY REMAIN PARTLY UNRESOLVED"
ABLATION_REGIME_ONLY,WEEKLY,2022-12-16,EUROPE_BANKS,ESTABLISHED,,"{""EUROPE_BANKS"": 1.0}","{""EUROPE_BANKS"": 1.0}",1.0,3,HOSTILE,1.0,1.0,0.0,NO_TARGET_CHANGE,,"HISTORICAL UK RETAIL, ISA, ACCOUNT AND BROKER ELIGIBILITY REMAIN PARTLY UNRESOLVED"
ABLATION_REGIME_ONLY,WEEKLY,2022-12-23,EUROPE_BANKS,EXTENDED,,"{""EUROPE_BANKS"": 1.0}","{""EUROPE_BANKS"": 1.0}",1.0,3,MATURE,1.0,1.0,0.0,NO_TARGET_CHANGE,,"HISTORICAL UK RETAIL, ISA, ACCOUNT AND BROKER ELIGIBILITY REMAIN PARTLY UNRESOLVED"
ABLATION_REGIME_ONLY,WEEKLY,2022-12-30,EUROPE_BANKS,EXTENDED,,"{""EUROPE_BANKS"": 1.0}","{""EUROPE_BANKS"": 1.0}",1.0,3,MATURE,1.0,1.0,0.0,NO_TARGET_CHANGE,,"HISTORICAL UK RETAIL, ISA, ACCOUNT AND BROKER ELIGIBILITY REMAIN PARTLY UNRESOLVED"
ABLATION_REGIME_ONLY,WEEKLY,2023-01-06,EUROPE_BANKS,EXTENDED,,"{""EUROPE_BANKS"": 1.0}","{""EUROPE_BANKS"": 1.0}",1.0,3,MATURE,1.0,1.0,0.0,NO_TARGET_CHANGE,,"HISTORICAL UK RETAIL, ISA, ACCOUNT AND BROKER ELIGIBILITY REMAIN PARTLY UNRESOLVED"
ABLATION_REGIME_ONLY,WEEKLY,2023-01-13,EUROPE_BANKS,OTHER,,"{""EUROPE_BANKS"": 1.0}","{""EUROPE_BANKS"": 1.0}",1.0,5,STRONG,1.0,1.0,0.0,NO_TARGET_CHANGE,,"HISTORICAL UK RETAIL, ISA, ACCOUNT AND BROKER ELIGIBILITY REMAIN PARTLY UNRESOLVED"
ABLATION_REGIME_ONLY,WEEKLY,2023-01-20,EUROPE_BANKS,EXTENDED,,"{""EUROPE_BANKS"": 1.0}","{""EUROPE_BANKS"": 1.0}",1.0,3,DETERIORATING,1.0,1.0,0.0,NO_TARGET_CHANGE,,"HISTORICAL UK RETAIL, ISA, ACCOUNT AND BROKER ELIGIBILITY REMAIN PARTLY UNRESOLVED"
ABLATION_REGIME_ONLY,WEEKLY,2023-01-27,EUROPE_BANKS,EXTENDED,,"{""EUROPE_BANKS"": 1.0}","{""EUROPE_BANKS"": 1.0}",1.0,5,STRONG,1.0,1.0,0.0,NO_TARGET_CHANGE,,"HISTORICAL UK RETAIL, ISA, ACCOUNT AND BROKER ELIGIBILITY REMAIN PARTLY UNRESOLVED"
ABLATION_REGIME_ONLY,WEEKLY,2023-01-31,EUROPE_BANKS,EXTENDED,,"{""EUROPE_BANKS"": 1.0}","{""EUROPE_BANKS"": 1.0}",1.0,5,STRONG,1.0,1.0,0.0,NO_TARGET_CHANGE,,"HISTORICAL UK RETAIL, ISA, ACCOUNT AND BROKER ELIGIBILITY REMAIN PARTLY UNRESOLVED"
ABLATION_REGIME_ONLY,WEEKLY,2023-02-03,EUROPE_BANKS,EXTENDED,,"{""EUROPE_BANKS"": 1.0}","{""EUROPE_BANKS"": 1.0}",1.0,4,MATURE,1.0,1.0,0.0,NO_TARGET_CHANGE,,"HISTORICAL UK RETAIL, ISA, ACCOUNT AND BROKER ELIGIBILITY REMAIN PARTLY UNRESOLVED"
ABLATION_REGIME_ONLY,WEEKLY,2023-02-10,EUROPE_BANKS,EXTENDED,,"{""EUROPE_BANKS"": 1.0}","{""EUROPE_BANKS"": 1.0}",1.0,4,MATURE,1.0,1.0,0.0,NO_TARGET_CHANGE,,"HISTORICAL UK RETAIL, ISA, ACCOUNT AND BROKER ELIGIBILITY REMAIN PARTLY UNRESOLVED"
ABLATION_REGIME_ONLY,WEEKLY,2023-02-17,EUROPE_BANKS,EXTENDED,,"{""EUROPE_BANKS"": 1.0}","{""EUROPE_BANKS"": 1.0}",1.0,3,DETERIORATING,1.0,1.0,0.0,NO_TARGET_CHANGE,,"HISTORICAL UK RETAIL, ISA, ACCOUNT AND BROKER ELIGIBILITY REMAIN PARTLY UNRESOLVED"
ABLATION_REGIME_ONLY,WEEKLY,2023-02-24,EUROPE_BANKS,EXTENDED,,"{""EUROPE_BANKS"": 1.0}","{""EUROPE_BANKS"": 1.0}",1.0,3,DETERIORATING,1.0,1.0,0.0,NO_TARGET_CHANGE,,"HISTORICAL UK RETAIL, ISA, ACCOUNT AND BROKER ELIGIBILITY REMAIN PARTLY UNRESOLVED"
ABLATION_REGIME_ONLY,WEEKLY,2023-02-28,EUROPE_BANKS,EXTENDED,,"{""EUROPE_BANKS"": 1.0}","{""EUROPE_BANKS"": 1.0}",1.0,3,DETERIORATING,1.0,1.0,0.0,NO_TARGET_CHANGE,,"HISTORICAL UK RETAIL, ISA, ACCOUNT AND BROKER ELIGIBILITY REMAIN PARTLY UNRESOLVED"
ABLATION_REGIME_ONLY,WEEKLY,2023-03-03,EUROPE_BANKS,EXTENDED,,"{""EUROPE_BANKS"": 1.0}","{""EUROPE_BANKS"": 1.0}",1.0,3,DETERIORATING,1.0,1.0,0.0,NO_TARGET_CHANGE,,"HISTORICAL UK RETAIL, ISA, ACCOUNT AND BROKER ELIGIBILITY REMAIN PARTLY UNRESOLVED"
ABLATION_REGIME_ONLY,WEEKLY,2023-03-10,EUROPE_BANKS,EXTENDED,,"{""EUROPE_BANKS"": 1.0}","{""EUROPE_BANKS"": 1.0}",1.0,4,MATURE,1.0,1.0,0.0,NO_TARGET_CHANGE,,"HISTORICAL UK RETAIL, ISA, ACCOUNT AND BROKER ELIGIBILITY REMAIN PARTLY UNRESOLVED"
ABLATION_REGIME_ONLY,WEEKLY,2023-03-17,EUROPE_BANKS,WEAKENING,,"{""EUROPE_BANKS"": 1.0}","{""EUROPE_BANKS"": 1.0}",1.0,0,HOSTILE,1.0,1.0,0.0,NO_TARGET_CHANGE,,"HISTORICAL UK RETAIL, ISA, ACCOUNT AND BROKER ELIGIBILITY REMAIN PARTLY UNRESOLVED"
ABLATION_REGIME_ONLY,WEEKLY,2023-03-24,EUROPE_BANKS,FAILED,,"{""EUROPE_BANKS"": 1.0}","{""EUROPE_BANKS"": 1.0}",1.0,2,HOSTILE,1.0,1.0,0.0,NO_TARGET_CHANGE,,"HISTORICAL UK RETAIL, ISA, ACCOUNT AND BROKER ELIGIBILITY REMAIN PARTLY UNRESOLVED"
ABLATION_REGIME_ONLY,WEEKLY,2023-03-31,GLOBAL_SEMICONDUCTORS,EXTENDED,,"{""GLOBAL_SEMICONDUCTORS"": 1.0}","{""GLOBAL_SEMICONDUCTORS"": 1.0}",1.0,3,MATURE,1.0,1.0,0.0,PLANNED,2023-04-03,"HISTORICAL UK RETAIL, ISA, ACCOUNT AND BROKER ELIGIBILITY REMAIN PARTLY UNRESOLVED"
ABLATION_REGIME_ONLY,WEEKLY,2023-04-06,GLOBAL_SEMICONDUCTORS,EXTENDED,,"{""GLOBAL_SEMICONDUCTORS"": 1.0}","{""GLOBAL_SEMICONDUCTORS"": 1.0}",1.0,1,DETERIORATING,1.0,1.0,0.0,NO_TARGET_CHANGE,,"HISTORICAL UK RETAIL, ISA, ACCOUNT AND BROKER ELIGIBILITY REMAIN PARTLY UNRESOLVED"
ABLATION_REGIME_ONLY,WEEKLY,2023-04-14,GLOBAL_SEMICONDUCTORS,ESTABLISHED,,"{""GLOBAL_SEMICONDUCTORS"": 1.0}","{""GLOBAL_SEMICONDUCTORS"": 1.0}",1.0,2,DETERIORATING,1.0,1.0,0.0,NO_TARGET_CHANGE,,"HISTORICAL UK RETAIL, ISA, ACCOUNT AND BROKER ELIGIBILITY REMAIN PARTLY UNRESOLVED"
ABLATION_REGIME_ONLY,WEEKLY,2023-04-21,GLOBAL_SEMICONDUCTORS,WEAKENING,,"{""GLOBAL_SEMICONDUCTORS"": 1.0}","{""GLOBAL_SEMICONDUCTORS"": 1.0}",1.0,3,MATURE,1.0,1.0,0.0,NO_TARGET_CHANGE,,"HISTORICAL UK RETAIL, ISA, ACCOUNT AND BROKER ELIGIBILITY REMAIN PARTLY UNRESOLVED"
ABLATION_REGIME_ONLY,WEEKLY,2023-04-28,GLOBAL_SEMICONDUCTORS,WEAKENING,,"{""GLOBAL_SEMICONDUCTORS"": 1.0}","{""GLOBAL_SEMICONDUCTORS"": 1.0}",1.0,2,DETERIORATING,1.0,1.0,0.0,NO_TARGET_CHANGE,,"HISTORICAL UK RETAIL, ISA, ACCOUNT AND BROKER ELIGIBILITY REMAIN PARTLY UNRESOLVED"
ABLATION_REGIME_ONLY,WEEKLY,2023-05-05,GLOBAL_SEMICONDUCTORS,FAILED,,"{""GLOBAL_SEMICONDUCTORS"": 1.0}","{""GLOBAL_SEMICONDUCTORS"": 1.0}",1.0,3,MATURE,1.0,1.0,0.0,NO_TARGET_CHANGE,,"HISTORICAL UK RETAIL, ISA, ACCOUNT AND BROKER ELIGIBILITY REMAIN PARTLY UNRESOLVED"
ABLATION_REGIME_ONLY,WEEKLY,2023-05-12,GLOBAL_SEMICONDUCTORS,FAILED,,"{""GLOBAL_SEMICONDUCTORS"": 1.0}","{""GLOBAL_SEMICONDUCTORS"": 1.0}",1.0,2,POSITIVE,1.0,1.0,0.0,NO_TARGET_CHANGE,,"HISTORICAL UK RETAIL, ISA, ACCOUNT AND BROKER ELIGIBILITY REMAIN PARTLY UNRESOLVED"
ABLATION_REGIME_ONLY,WEEKLY,2023-05-19,GLOBAL_SEMICONDUCTORS,WEAKENING,,"{""GLOBAL_SEMICONDUCTORS"": 1.0}","{""GLOBAL_SEMICONDUCTORS"": 1.0}",1.0,2,POSITIVE,1.0,1.0,0.0,NO_TARGET_CHANGE,,"HISTORICAL UK RETAIL, ISA, ACCOUNT AND BROKER ELIGIBILITY REMAIN PARTLY UNRESOLVED"
ABLATION_REGIME_ONLY,WEEKLY,2023-05-26,GLOBAL_SEMICONDUCTORS,WEAKENING,,"{""GLOBAL_SEMICONDUCTORS"": 1.0}","{""GLOBAL_SEMICONDUCTORS"": 1.0}",1.0,1,POSITIVE,1.0,1.0,0.0,NO_TARGET_CHANGE,,"HISTORICAL UK RETAIL, ISA, ACCOUNT AND BROKER ELIGIBILITY REMAIN PARTLY UNRESOLVED"
ABLATION_REGIME_ONLY,WEEKLY,2023-05-31,GLOBAL_SEMICONDUCTORS,EXTENDED,,"{""GLOBAL_SEMICONDUCTORS"": 1.0}","{""GLOBAL_SEMICONDUCTORS"": 1.0}",1.0,1,POSITIVE,1.0,1.0,0.0,NO_TARGET_CHANGE,,"HISTORICAL UK RETAIL, ISA, ACCOUNT AND BROKER ELIGIBILITY REMAIN PARTLY UNRESOLVED"
ABLATION_REGIME_ONLY,WEEKLY,2023-06-02,GLOBAL_SEMICONDUCTORS,EXTENDED,,"{""GLOBAL_SEMICONDUCTORS"": 1.0}","{""GLOBAL_SEMICONDUCTORS"": 1.0}",1.0,2,POSITIVE,1.0,1.0,0.0,NO_TARGET_CHANGE,,"HISTORICAL UK RETAIL, ISA, ACCOUNT AND BROKER ELIGIBILITY REMAIN PARTLY UNRESOLVED"
ABLATION_REGIME_ONLY,WEEKLY,2023-06-09,GLOBAL_SEMICONDUCTORS,EXTENDED,,"{""GLOBAL_SEMICONDUCTORS"": 1.0}","{""GLOBAL_SEMICONDUCTORS"": 1.0}",1.0,1,POSITIVE,1.0,1.0,0.0,NO_TARGET_CHANGE,,"HISTORICAL UK RETAIL, ISA, ACCOUNT AND BROKER ELIGIBILITY REMAIN PARTLY UNRESOLVED"
ABLATION_REGIME_ONLY,WEEKLY,2023-06-16,GLOBAL_SEMICONDUCTORS,EXTENDED,,"{""GLOBAL_SEMICONDUCTORS"": 1.0}","{""GLOBAL_SEMICONDUCTORS"": 1.0}",1.0,3,POSITIVE,1.0,1.0,0.0,NO_TARGET_CHANGE,,"HISTORICAL UK RETAIL, ISA, ACCOUNT AND BROKER ELIGIBILITY REMAIN PARTLY UNRESOLVED"
ABLATION_REGIME_ONLY,WEEKLY,2023-06-23,GLOBAL_SEMICONDUCTORS,ESTABLISHED,,"{""GLOBAL_SEMICONDUCTORS"": 1.0}","{""GLOBAL_SEMICONDUCTORS"": 1.0}",1.0,1,POSITIVE,1.0,1.0,0.0,NO_TARGET_CHANGE,,"HISTORICAL UK RETAIL, ISA, ACCOUNT AND BROKER ELIGIBILITY REMAIN PARTLY UNRESOLVED"
ABLATION_REGIME_ONLY,WEEKLY,2023-06-30,GLOBAL_SEMICONDUCTORS,EXTENDED,,"{""GLOBAL_SEMICONDUCTORS"": 1.0}","{""GLOBAL_SEMICONDUCTORS"": 1.0}",1.0,2,POSITIVE,1.0,1.0,0.0,NO_TARGET_CHANGE,,"HISTORICAL UK RETAIL, ISA, ACCOUNT AND BROKER ELIGIBILITY REMAIN PARTLY UNRESOLVED"
ABLATION_REGIME_ONLY,WEEKLY,2023-07-07,GLOBAL_SEMICONDUCTORS,ESTABLISHED,,"{""GLOBAL_SEMICONDUCTORS"": 1.0}","{""GLOBAL_SEMICONDUCTORS"": 1.0}",1.0,2,POSITIVE,1.0,1.0,0.0,NO_TARGET_CHANGE,,"HISTORICAL UK RETAIL, ISA, ACCOUNT AND BROKER ELIGIBILITY REMAIN PARTLY UNRESOLVED"
ABLATION_REGIME_ONLY,WEEKLY,2023-07-14,GLOBAL_SEMICONDUCTORS,EXTENDED,,"{""GLOBAL_SEMICONDUCTORS"": 1.0}","{""GLOBAL_SEMICONDUCTORS"": 1.0}",1.0,3,POSITIVE,1.0,1.0,0.0,NO_TARGET_CHANGE,,"HISTORICAL UK RETAIL, ISA, ACCOUNT AND BROKER ELIGIBILITY REMAIN PARTLY UNRESOLVED"
ABLATION_REGIME_ONLY,WEEKLY,2023-07-21,GLOBAL_SEMICONDUCTORS,WEAKENING,,"{""GLOBAL_SEMICONDUCTORS"": 1.0}","{""GLOBAL_SEMICONDUCTORS"": 1.0}",1.0,2,POSITIVE,1.0,1.0,0.0,NO_TARGET_CHANGE,,"HISTORICAL UK RETAIL, ISA, ACCOUNT AND BROKER ELIGIBILITY REMAIN PARTLY UNRESOLVED"
ABLATION_REGIME_ONLY,WEEKLY,2023-07-28,GLOBAL_SEMICONDUCTORS,WEAKENING,,"{""GLOBAL_SEMICONDUCTORS"": 1.0}","{""GLOBAL_SEMICONDUCTORS"": 1.0}",1.0,4,STRONG,1.0,1.0,0.0,NO_TARGET_CHANGE,,"HISTORICAL UK RETAIL, ISA, ACCOUNT AND BROKER ELIGIBILITY REMAIN PARTLY UNRESOLVED"
ABLATION_REGIME_ONLY,WEEKLY,2023-07-31,GLOBAL_SEMICONDUCTORS,WEAKENING,,"{""GLOBAL_SEMICONDUCTORS"": 1.0}","{""GLOBAL_SEMICONDUCTORS"": 1.0}",1.0,4,STRONG,1.0,1.0,0.0,NO_TARGET_CHANGE,,"HISTORICAL UK RETAIL, ISA, ACCOUNT AND BROKER ELIGIBILITY REMAIN PARTLY UNRESOLVED"
ABLATION_REGIME_ONLY,WEEKLY,2023-08-04,GLOBAL_SEMICONDUCTORS,WEAKENING,,"{""GLOBAL_SEMICONDUCTORS"": 1.0}","{""GLOBAL_SEMICONDUCTORS"": 1.0}",1.0,4,STRONG,1.0,1.0,0.0,NO_TARGET_CHANGE,,"HISTORICAL UK RETAIL, ISA, ACCOUNT AND BROKER ELIGIBILITY REMAIN PARTLY UNRESOLVED"
ABLATION_REGIME_ONLY,WEEKLY,2023-08-11,GLOBAL_SEMICONDUCTORS,WEAKENING,,"{""GLOBAL_SEMICONDUCTORS"": 1.0}","{""GLOBAL_SEMICONDUCTORS"": 1.0}",1.0,4,STRONG,1.0,1.0,0.0,NO_TARGET_CHANGE,,"HISTORICAL UK RETAIL, ISA, ACCOUNT AND BROKER ELIGIBILITY REMAIN PARTLY UNRESOLVED"
ABLATION_REGIME_ONLY,WEEKLY,2023-08-18,GLOBAL_SEMICONDUCTORS,WEAKENING,,"{""GLOBAL_SEMICONDUCTORS"": 1.0}","{""GLOBAL_SEMICONDUCTORS"": 1.0}",1.0,3,MATURE,1.0,1.0,0.0,NO_TARGET_CHANGE,,"HISTORICAL UK RETAIL, ISA, ACCOUNT AND BROKER ELIGIBILITY REMAIN PARTLY UNRESOLVED"
ABLATION_REGIME_ONLY,WEEKLY,2023-08-25,GLOBAL_SEMICONDUCTORS,FAILED,,"{""GLOBAL_SEMICONDUCTORS"": 1.0}","{""GLOBAL_SEMICONDUCTORS"": 1.0}",1.0,4,STRONG,1.0,1.0,0.0,NO_TARGET_CHANGE,,"HISTORICAL UK RETAIL, ISA, ACCOUNT AND BROKER ELIGIBILITY REMAIN PARTLY UNRESOLVED"
ABLATION_REGIME_ONLY,WEEKLY,2023-08-31,GLOBAL_SEMICONDUCTORS,WEAKENING,,"{""GLOBAL_SEMICONDUCTORS"": 1.0}","{""GLOBAL_SEMICONDUCTORS"": 1.0}",1.0,4,STRONG,1.0,1.0,0.0,NO_TARGET_CHANGE,,"HISTORICAL UK RETAIL, ISA, ACCOUNT AND BROKER ELIGIBILITY REMAIN PARTLY UNRESOLVED"
ABLATION_REGIME_ONLY,WEEKLY,2023-09-01,GLOBAL_SEMICONDUCTORS,WEAKENING,,"{""GLOBAL_SEMICONDUCTORS"": 1.0}","{""GLOBAL_SEMICONDUCTORS"": 1.0}",1.0,2,DETERIORATING,1.0,1.0,0.0,NO_TARGET_CHANGE,,"HISTORICAL UK RETAIL, ISA, ACCOUNT AND BROKER ELIGIBILITY REMAIN PARTLY UNRESOLVED"
ABLATION_REGIME_ONLY,WEEKLY,2023-09-08,GLOBAL_SEMICONDUCTORS,FAILED,,"{""GLOBAL_SEMICONDUCTORS"": 1.0}","{""GLOBAL_SEMICONDUCTORS"": 1.0}",1.0,2,DETERIORATING,1.0,1.0,0.0,NO_TARGET_CHANGE,,"HISTORICAL UK RETAIL, ISA, ACCOUNT AND BROKER ELIGIBILITY REMAIN PARTLY UNRESOLVED"
ABLATION_REGIME_ONLY,WEEKLY,2023-09-15,GLOBAL_SEMICONDUCTORS,FAILED,,"{""GLOBAL_SEMICONDUCTORS"": 1.0}","{""GLOBAL_SEMICONDUCTORS"": 1.0}",1.0,3,MATURE,1.0,1.0,0.0,NO_TARGET_CHANGE,,"HISTORICAL UK RETAIL, ISA, ACCOUNT AND BROKER ELIGIBILITY REMAIN PARTLY UNRESOLVED"
ABLATION_REGIME_ONLY,WEEKLY,2023-09-22,GLOBAL_SEMICONDUCTORS,FAILED,,"{""GLOBAL_SEMICONDUCTORS"": 1.0}","{""GLOBAL_SEMICONDUCTORS"": 1.0}",1.0,4,STRONG,1.0,1.0,0.0,NO_TARGET_CHANGE,,"HISTORICAL UK RETAIL, ISA, ACCOUNT AND BROKER ELIGIBILITY REMAIN PARTLY UNRESOLVED"
ABLATION_REGIME_ONLY,WEEKLY,2023-09-29,GLOBAL_URANIUM_NUCLEAR,EXTENDED,,"{""GLOBAL_URANIUM_NUCLEAR"": 1.0}","{""GLOBAL_URANIUM_NUCLEAR"": 1.0}",1.0,4,STRONG,1.0,1.0,0.0,PLANNED,2023-10-02,"HISTORICAL UK RETAIL, ISA, ACCOUNT AND BROKER ELIGIBILITY REMAIN PARTLY UNRESOLVED"
ABLATION_REGIME_ONLY,WEEKLY,2023-10-06,GLOBAL_URANIUM_NUCLEAR,EXTENDED,,"{""GLOBAL_URANIUM_NUCLEAR"": 1.0}","{""GLOBAL_URANIUM_NUCLEAR"": 1.0}",1.0,3,MATURE,1.0,1.0,0.0,NO_TARGET_CHANGE,,"HISTORICAL UK RETAIL, ISA, ACCOUNT AND BROKER ELIGIBILITY REMAIN PARTLY UNRESOLVED"
ABLATION_REGIME_ONLY,WEEKLY,2023-10-13,GLOBAL_URANIUM_NUCLEAR,EXTENDED,,"{""GLOBAL_URANIUM_NUCLEAR"": 1.0}","{""GLOBAL_URANIUM_NUCLEAR"": 1.0}",1.0,3,MATURE,1.0,1.0,0.0,NO_TARGET_CHANGE,,"HISTORICAL UK RETAIL, ISA, ACCOUNT AND BROKER ELIGIBILITY REMAIN PARTLY UNRESOLVED"
ABLATION_REGIME_ONLY,WEEKLY,2023-10-20,GLOBAL_URANIUM_NUCLEAR,EXTENDED,,"{""GLOBAL_URANIUM_NUCLEAR"": 1.0}","{""GLOBAL_URANIUM_NUCLEAR"": 1.0}",1.0,4,STRONG,1.0,1.0,0.0,NO_TARGET_CHANGE,,"HISTORICAL UK RETAIL, ISA, ACCOUNT AND BROKER ELIGIBILITY REMAIN PARTLY UNRESOLVED"
ABLATION_REGIME_ONLY,WEEKLY,2023-10-27,GLOBAL_URANIUM_NUCLEAR,WEAKENING,,"{""GLOBAL_URANIUM_NUCLEAR"": 1.0}","{""GLOBAL_URANIUM_NUCLEAR"": 1.0}",1.0,2,DETERIORATING,1.0,1.0,0.0,NO_TARGET_CHANGE,,"HISTORICAL UK RETAIL, ISA, ACCOUNT AND BROKER ELIGIBILITY REMAIN PARTLY UNRESOLVED"
ABLATION_REGIME_ONLY,WEEKLY,2023-10-31,GLOBAL_URANIUM_NUCLEAR,EXTENDED,,"{""GLOBAL_URANIUM_NUCLEAR"": 1.0}","{""GLOBAL_URANIUM_NUCLEAR"": 1.0}",1.0,2,DETERIORATING,1.0,1.0,0.0,NO_TARGET_CHANGE,,"HISTORICAL UK RETAIL, ISA, ACCOUNT AND BROKER ELIGIBILITY REMAIN PARTLY UNRESOLVED"
ABLATION_REGIME_ONLY,WEEKLY,2023-11-03,GLOBAL_URANIUM_NUCLEAR,EXTENDED,,"{""GLOBAL_URANIUM_NUCLEAR"": 1.0}","{""GLOBAL_URANIUM_NUCLEAR"": 1.0}",1.0,3,MATURE,1.0,1.0,0.0,NO_TARGET_CHANGE,,"HISTORICAL UK RETAIL, ISA, ACCOUNT AND BROKER ELIGIBILITY REMAIN PARTLY UNRESOLVED"
ABLATION_REGIME_ONLY,WEEKLY,2023-11-10,GLOBAL_URANIUM_NUCLEAR,OTHER,,"{""GLOBAL_URANIUM_NUCLEAR"": 1.0}","{""GLOBAL_URANIUM_NUCLEAR"": 1.0}",1.0,2,DETERIORATING,1.0,1.0,0.0,NO_TARGET_CHANGE,,"HISTORICAL UK RETAIL, ISA, ACCOUNT AND BROKER ELIGIBILITY REMAIN PARTLY UNRESOLVED"
ABLATION_REGIME_ONLY,WEEKLY,2023-11-17,GLOBAL_URANIUM_NUCLEAR,ESTABLISHED,,"{""GLOBAL_URANIUM_NUCLEAR"": 1.0}","{""GLOBAL_URANIUM_NUCLEAR"": 1.0}",1.0,4,STRONG,1.0,1.0,0.0,NO_TARGET_CHANGE,,"HISTORICAL UK RETAIL, ISA, ACCOUNT AND BROKER ELIGIBILITY REMAIN PARTLY UNRESOLVED"
ABLATION_REGIME_ONLY,WEEKLY,2023-11-24,GLOBAL_URANIUM_NUCLEAR,ESTABLISHED,,"{""GLOBAL_URANIUM_NUCLEAR"": 1.0}","{""GLOBAL_URANIUM_NUCLEAR"": 1.0}",1.0,4,STRONG,1.0,1.0,0.0,NO_TARGET_CHANGE,,"HISTORICAL UK RETAIL, ISA, ACCOUNT AND BROKER ELIGIBILITY REMAIN PARTLY UNRESOLVED"
ABLATION_REGIME_ONLY,WEEKLY,2023-11-30,GLOBAL_URANIUM_NUCLEAR,WEAKENING,,"{""GLOBAL_URANIUM_NUCLEAR"": 1.0}","{""GLOBAL_URANIUM_NUCLEAR"": 1.0}",1.0,4,STRONG,1.0,1.0,0.0,NO_TARGET_CHANGE,,"HISTORICAL UK RETAIL, ISA, ACCOUNT AND BROKER ELIGIBILITY REMAIN PARTLY UNRESOLVED"
ABLATION_REGIME_ONLY,WEEKLY,2023-12-01,GLOBAL_URANIUM_NUCLEAR,ESTABLISHED,,"{""GLOBAL_URANIUM_NUCLEAR"": 1.0}","{""GLOBAL_URANIUM_NUCLEAR"": 1.0}",1.0,2,DETERIORATING,1.0,1.0,0.0,NO_TARGET_CHANGE,,"HISTORICAL UK RETAIL, ISA, ACCOUNT AND BROKER ELIGIBILITY REMAIN PARTLY UNRESOLVED"
ABLATION_REGIME_ONLY,WEEKLY,2023-12-08,GLOBAL_URANIUM_NUCLEAR,WEAKENING,,"{""GLOBAL_URANIUM_NUCLEAR"": 1.0}","{""GLOBAL_URANIUM_NUCLEAR"": 1.0}",1.0,2,DETERIORATING,1.0,1.0,0.0,NO_TARGET_CHANGE,,"HISTORICAL UK RETAIL, ISA, ACCOUNT AND BROKER ELIGIBILITY REMAIN PARTLY UNRESOLVED"
ABLATION_REGIME_ONLY,WEEKLY,2023-12-15,GLOBAL_URANIUM_NUCLEAR,WEAKENING,,"{""GLOBAL_URANIUM_NUCLEAR"": 1.0}","{""GLOBAL_URANIUM_NUCLEAR"": 1.0}",1.0,2,DETERIORATING,1.0,1.0,0.0,NO_TARGET_CHANGE,,"HISTORICAL UK RETAIL, ISA, ACCOUNT AND BROKER ELIGIBILITY REMAIN PARTLY UNRESOLVED"
ABLATION_REGIME_ONLY,WEEKLY,2023-12-22,GLOBAL_URANIUM_NUCLEAR,FAILED,,"{""GLOBAL_URANIUM_NUCLEAR"": 1.0}","{""GLOBAL_URANIUM_NUCLEAR"": 1.0}",1.0,2,DETERIORATING,1.0,1.0,0.0,NO_TARGET_CHANGE,,"HISTORICAL UK RETAIL, ISA, ACCOUNT AND BROKER ELIGIBILITY REMAIN PARTLY UNRESOLVED"
ABLATION_REGIME_ONLY,WEEKLY,2023-12-29,GLOBAL_AI,EXTENDED,,"{""GLOBAL_AI"": 1.0}","{""GLOBAL_AI"": 1.0}",1.0,2,DETERIORATING,1.0,1.0,0.0,PLANNED,2024-01-02,"HISTORICAL UK RETAIL, ISA, ACCOUNT AND BROKER ELIGIBILITY REMAIN PARTLY UNRESOLVED"
ABLATION_REGIME_ONLY,WEEKLY,2024-01-05,GLOBAL_AI,ESTABLISHED,,"{""GLOBAL_AI"": 1.0}","{""GLOBAL_AI"": 1.0}",1.0,1,DETERIORATING,1.0,1.0,0.0,NO_TARGET_CHANGE,,"HISTORICAL UK RETAIL, ISA, ACCOUNT AND BROKER ELIGIBILITY REMAIN PARTLY UNRESOLVED"
ABLATION_REGIME_ONLY,WEEKLY,2024-01-12,GLOBAL_AI,OTHER,,"{""GLOBAL_AI"": 1.0}","{""GLOBAL_AI"": 1.0}",1.0,2,DETERIORATING,1.0,1.0,0.0,NO_TARGET_CHANGE,,"HISTORICAL UK RETAIL, ISA, ACCOUNT AND BROKER ELIGIBILITY REMAIN PARTLY UNRESOLVED"
ABLATION_REGIME_ONLY,WEEKLY,2024-01-19,GLOBAL_AI,OTHER,,"{""GLOBAL_AI"": 1.0}","{""GLOBAL_AI"": 1.0}",1.0,3,MATURE,1.0,1.0,0.0,NO_TARGET_CHANGE,,"HISTORICAL UK RETAIL, ISA, ACCOUNT AND BROKER ELIGIBILITY REMAIN PARTLY UNRESOLVED"
ABLATION_REGIME_ONLY,WEEKLY,2024-01-26,GLOBAL_AI,OTHER,,"{""GLOBAL_AI"": 1.0}","{""GLOBAL_AI"": 1.0}",1.0,3,POSITIVE,1.0,1.0,0.0,NO_TARGET_CHANGE,,"HISTORICAL UK RETAIL, ISA, ACCOUNT AND BROKER ELIGIBILITY REMAIN PARTLY UNRESOLVED"
ABLATION_REGIME_ONLY,WEEKLY,2024-01-31,GLOBAL_SEMICONDUCTORS,EXTENDED,,"{""GLOBAL_SEMICONDUCTORS"": 1.0}","{""GLOBAL_SEMICONDUCTORS"": 1.0}",1.0,3,POSITIVE,1.0,1.0,0.0,PLANNED,2024-02-01,"HISTORICAL UK RETAIL, ISA, ACCOUNT AND BROKER ELIGIBILITY REMAIN PARTLY UNRESOLVED"
ABLATION_REGIME_ONLY,WEEKLY,2024-02-02,GLOBAL_SEMICONDUCTORS,CONFIRMING,,"{""GLOBAL_SEMICONDUCTORS"": 1.0}","{""GLOBAL_SEMICONDUCTORS"": 1.0}",1.0,3,POSITIVE,1.0,1.0,0.0,NO_TARGET_CHANGE,,"HISTORICAL UK RETAIL, ISA, ACCOUNT AND BROKER ELIGIBILITY REMAIN PARTLY UNRESOLVED"
ABLATION_REGIME_ONLY,WEEKLY,2024-02-09,GLOBAL_SEMICONDUCTORS,EXTENDED,,"{""GLOBAL_SEMICONDUCTORS"": 1.0}","{""GLOBAL_SEMICONDUCTORS"": 1.0}",1.0,3,POSITIVE,1.0,1.0,0.0,NO_TARGET_CHANGE,,"HISTORICAL UK RETAIL, ISA, ACCOUNT AND BROKER ELIGIBILITY REMAIN PARTLY UNRESOLVED"
ABLATION_REGIME_ONLY,WEEKLY,2024-02-16,GLOBAL_SEMICONDUCTORS,EXTENDED,,"{""GLOBAL_SEMICONDUCTORS"": 1.0}","{""GLOBAL_SEMICONDUCTORS"": 1.0}",1.0,2,POSITIVE,1.0,1.0,0.0,NO_TARGET_CHANGE,,"HISTORICAL UK RETAIL, ISA, ACCOUNT AND BROKER ELIGIBILITY REMAIN PARTLY UNRESOLVED"
ABLATION_REGIME_ONLY,WEEKLY,2024-02-23,GLOBAL_SEMICONDUCTORS,EXTENDED,,"{""GLOBAL_SEMICONDUCTORS"": 1.0}","{""GLOBAL_SEMICONDUCTORS"": 1.0}",1.0,2,POSITIVE,1.0,1.0,0.0,NO_TARGET_CHANGE,,"HISTORICAL UK RETAIL, ISA, ACCOUNT AND BROKER ELIGIBILITY REMAIN PARTLY UNRESOLVED"
ABLATION_REGIME_ONLY,WEEKLY,2024-02-29,GLOBAL_SEMICONDUCTORS,EXTENDED,,"{""GLOBAL_SEMICONDUCTORS"": 1.0}","{""GLOBAL_SEMICONDUCTORS"": 1.0}",1.0,2,POSITIVE,1.0,1.0,0.0,NO_TARGET_CHANGE,,"HISTORICAL UK RETAIL, ISA, ACCOUNT AND BROKER ELIGIBILITY REMAIN PARTLY UNRESOLVED"
ABLATION_REGIME_ONLY,WEEKLY,2024-03-01,GLOBAL_SEMICONDUCTORS,EXTENDED,,"{""GLOBAL_SEMICONDUCTORS"": 1.0}","{""GLOBAL_SEMICONDUCTORS"": 1.0}",1.0,3,POSITIVE,1.0,1.0,0.0,NO_TARGET_CHANGE,,"HISTORICAL UK RETAIL, ISA, ACCOUNT AND BROKER ELIGIBILITY REMAIN PARTLY UNRESOLVED"
ABLATION_REGIME_ONLY,WEEKLY,2024-03-08,GLOBAL_SEMICONDUCTORS,EXTENDED,,"{""GLOBAL_SEMICONDUCTORS"": 1.0}","{""GLOBAL_SEMICONDUCTORS"": 1.0}",1.0,2,POSITIVE,1.0,1.0,0.0,NO_TARGET_CHANGE,,"HISTORICAL UK RETAIL, ISA, ACCOUNT AND BROKER ELIGIBILITY REMAIN PARTLY UNRESOLVED"
ABLATION_REGIME_ONLY,WEEKLY,2024-03-15,GLOBAL_SEMICONDUCTORS,EXTENDED,,"{""GLOBAL_SEMICONDUCTORS"": 1.0}","{""GLOBAL_SEMICONDUCTORS"": 1.0}",1.0,2,POSITIVE,1.0,1.0,0.0,NO_TARGET_CHANGE,,"HISTORICAL UK RETAIL, ISA, ACCOUNT AND BROKER ELIGIBILITY REMAIN PARTLY UNRESOLVED"
ABLATION_REGIME_ONLY,WEEKLY,2024-03-22,GLOBAL_SEMICONDUCTORS,EXTENDED,,"{""GLOBAL_SEMICONDUCTORS"": 1.0}","{""GLOBAL_SEMICONDUCTORS"": 1.0}",1.0,2,POSITIVE,1.0,1.0,0.0,NO_TARGET_CHANGE,,"HISTORICAL UK RETAIL, ISA, ACCOUNT AND BROKER ELIGIBILITY REMAIN PARTLY UNRESOLVED"
ABLATION_REGIME_ONLY,WEEKLY,2024-03-28,GLOBAL_SEMICONDUCTORS,EXTENDED,,"{""GLOBAL_SEMICONDUCTORS"": 1.0}","{""GLOBAL_SEMICONDUCTORS"": 1.0}",1.0,2,POSITIVE,1.0,1.0,0.0,NO_TARGET_CHANGE,,"HISTORICAL UK RETAIL, ISA, ACCOUNT AND BROKER ELIGIBILITY REMAIN PARTLY UNRESOLVED"
ABLATION_REGIME_ONLY,WEEKLY,2024-04-05,GLOBAL_SEMICONDUCTORS,WEAKENING,,"{""GLOBAL_SEMICONDUCTORS"": 1.0}","{""GLOBAL_SEMICONDUCTORS"": 1.0}",1.0,4,STRONG,1.0,1.0,0.0,NO_TARGET_CHANGE,,"HISTORICAL UK RETAIL, ISA, ACCOUNT AND BROKER ELIGIBILITY REMAIN PARTLY UNRESOLVED"
ABLATION_REGIME_ONLY,WEEKLY,2024-04-12,GLOBAL_SEMICONDUCTORS,WEAKENING,,"{""GLOBAL_SEMICONDUCTORS"": 1.0}","{""GLOBAL_SEMICONDUCTORS"": 1.0}",1.0,4,STRONG,1.0,1.0,0.0,NO_TARGET_CHANGE,,"HISTORICAL UK RETAIL, ISA, ACCOUNT AND BROKER ELIGIBILITY REMAIN PARTLY UNRESOLVED"
ABLATION_REGIME_ONLY,WEEKLY,2024-04-19,GLOBAL_SEMICONDUCTORS,WEAKENING,,"{""GLOBAL_SEMICONDUCTORS"": 1.0}","{""GLOBAL_SEMICONDUCTORS"": 1.0}",1.0,5,STRONG,1.0,1.0,0.0,NO_TARGET_CHANGE,,"HISTORICAL UK RETAIL, ISA, ACCOUNT AND BROKER ELIGIBILITY REMAIN PARTLY UNRESOLVED"
ABLATION_REGIME_ONLY,WEEKLY,2024-04-26,GLOBAL_SEMICONDUCTORS,WEAKENING,,"{""GLOBAL_SEMICONDUCTORS"": 1.0}","{""GLOBAL_SEMICONDUCTORS"": 1.0}",1.0,5,STRONG,1.0,1.0,0.0,NO_TARGET_CHANGE,,"HISTORICAL UK RETAIL, ISA, ACCOUNT AND BROKER ELIGIBILITY REMAIN PARTLY UNRESOLVED"
ABLATION_REGIME_ONLY,WEEKLY,2024-04-30,EUROPE_BANKS,EXTENDED,,"{""EUROPE_BANKS"": 1.0}","{""EUROPE_BANKS"": 1.0}",1.0,5,STRONG,1.0,1.0,0.0,PLANNED,2024-05-01,"HISTORICAL UK RETAIL, ISA, ACCOUNT AND BROKER ELIGIBILITY REMAIN PARTLY UNRESOLVED"
ABLATION_REGIME_ONLY,WEEKLY,2024-05-03,EUROPE_BANKS,EXTENDED,,"{""EUROPE_BANKS"": 1.0}","{""EUROPE_BANKS"": 1.0}",1.0,5,STRONG,1.0,1.0,0.0,NO_TARGET_CHANGE,,"HISTORICAL UK RETAIL, ISA, ACCOUNT AND BROKER ELIGIBILITY REMAIN PARTLY UNRESOLVED"
ABLATION_REGIME_ONLY,WEEKLY,2024-05-10,EUROPE_BANKS,EXTENDED,,"{""EUROPE_BANKS"": 1.0}","{""EUROPE_BANKS"": 1.0}",1.0,4,MATURE,1.0,1.0,0.0,NO_TARGET_CHANGE,,"HISTORICAL UK RETAIL, ISA, ACCOUNT AND BROKER ELIGIBILITY REMAIN PARTLY UNRESOLVED"
ABLATION_REGIME_ONLY,WEEKLY,2024-05-17,EUROPE_BANKS,EXTENDED,,"{""EUROPE_BANKS"": 1.0}","{""EUROPE_BANKS"": 1.0}",1.0,4,MATURE,1.0,1.0,0.0,NO_TARGET_CHANGE,,"HISTORICAL UK RETAIL, ISA, ACCOUNT AND BROKER ELIGIBILITY REMAIN PARTLY UNRESOLVED"
ABLATION_REGIME_ONLY,WEEKLY,2024-05-24,EUROPE_BANKS,EXTENDED,,"{""EUROPE_BANKS"": 1.0}","{""EUROPE_BANKS"": 1.0}",1.0,4,MATURE,1.0,1.0,0.0,NO_TARGET_CHANGE,,"HISTORICAL UK RETAIL, ISA, ACCOUNT AND BROKER ELIGIBILITY REMAIN PARTLY UNRESOLVED"
ABLATION_REGIME_ONLY,WEEKLY,2024-05-31,EUROPE_BANKS,EXTENDED,,"{""EUROPE_BANKS"": 1.0}","{""EUROPE_BANKS"": 1.0}",1.0,4,MATURE,1.0,1.0,0.0,NO_TARGET_CHANGE,,"HISTORICAL UK RETAIL, ISA, ACCOUNT AND BROKER ELIGIBILITY REMAIN PARTLY UNRESOLVED"
ABLATION_REGIME_ONLY,WEEKLY,2024-06-07,EUROPE_BANKS,ESTABLISHED,,"{""EUROPE_BANKS"": 1.0}","{""EUROPE_BANKS"": 1.0}",1.0,2,DETERIORATING,1.0,1.0,0.0,NO_TARGET_CHANGE,,"HISTORICAL UK RETAIL, ISA, ACCOUNT AND BROKER ELIGIBILITY REMAIN PARTLY UNRESOLVED"
ABLATION_REGIME_ONLY,WEEKLY,2024-06-14,EUROPE_BANKS,FAILED,,"{""EUROPE_BANKS"": 1.0}","{""EUROPE_BANKS"": 1.0}",1.0,1,DETERIORATING,1.0,1.0,0.0,NO_TARGET_CHANGE,,"HISTORICAL UK RETAIL, ISA, ACCOUNT AND BROKER ELIGIBILITY REMAIN PARTLY UNRESOLVED"
ABLATION_REGIME_ONLY,WEEKLY,2024-06-21,EUROPE_BANKS,WEAKENING,,"{""EUROPE_BANKS"": 1.0}","{""EUROPE_BANKS"": 1.0}",1.0,2,DETERIORATING,1.0,1.0,0.0,NO_TARGET_CHANGE,,"HISTORICAL UK RETAIL, ISA, ACCOUNT AND BROKER ELIGIBILITY REMAIN PARTLY UNRESOLVED"
ABLATION_REGIME_ONLY,WEEKLY,2024-06-28,GLOBAL_SEMICONDUCTORS,ESTABLISHED,,"{""GLOBAL_SEMICONDUCTORS"": 1.0}","{""GLOBAL_SEMICONDUCTORS"": 1.0}",1.0,1,DETERIORATING,1.0,1.0,0.0,PLANNED,2024-07-01,"HISTORICAL UK RETAIL, ISA, ACCOUNT AND BROKER ELIGIBILITY REMAIN PARTLY UNRESOLVED"
ABLATION_REGIME_ONLY,WEEKLY,2024-07-05,GLOBAL_SEMICONDUCTORS,EXTENDED,,"{""GLOBAL_SEMICONDUCTORS"": 1.0}","{""GLOBAL_SEMICONDUCTORS"": 1.0}",1.0,2,DETERIORATING,1.0,1.0,0.0,NO_TARGET_CHANGE,,"HISTORICAL UK RETAIL, ISA, ACCOUNT AND BROKER ELIGIBILITY REMAIN PARTLY UNRESOLVED"
ABLATION_REGIME_ONLY,WEEKLY,2024-07-12,GLOBAL_SEMICONDUCTORS,EXTENDED,,"{""GLOBAL_SEMICONDUCTORS"": 1.0}","{""GLOBAL_SEMICONDUCTORS"": 1.0}",1.0,2,DETERIORATING,1.0,1.0,0.0,NO_TARGET_CHANGE,,"HISTORICAL UK RETAIL, ISA, ACCOUNT AND BROKER ELIGIBILITY REMAIN PARTLY UNRESOLVED"
ABLATION_REGIME_ONLY,WEEKLY,2024-07-19,GLOBAL_SEMICONDUCTORS,WEAKENING,,"{""GLOBAL_SEMICONDUCTORS"": 1.0}","{""GLOBAL_SEMICONDUCTORS"": 1.0}",1.0,3,MATURE,1.0,1.0,0.0,NO_TARGET_CHANGE,,"HISTORICAL UK RETAIL, ISA, ACCOUNT AND BROKER ELIGIBILITY REMAIN PARTLY UNRESOLVED"
ABLATION_REGIME_ONLY,WEEKLY,2024-07-26,GLOBAL_SEMICONDUCTORS,WEAKENING,,"{""GLOBAL_SEMICONDUCTORS"": 1.0}","{""GLOBAL_SEMICONDUCTORS"": 1.0}",1.0,3,MATURE,1.0,1.0,0.0,NO_TARGET_CHANGE,,"HISTORICAL UK RETAIL, ISA, ACCOUNT AND BROKER ELIGIBILITY REMAIN PARTLY UNRESOLVED"
ABLATION_REGIME_ONLY,WEEKLY,2024-07-31,GLOBAL_GOLD_MINERS,ESTABLISHED,,"{""GLOBAL_GOLD_MINERS"": 1.0}","{""GLOBAL_GOLD_MINERS"": 1.0}",1.0,3,MATURE,1.0,1.0,0.0,PLANNED,2024-08-01,"HISTORICAL UK RETAIL, ISA, ACCOUNT AND BROKER ELIGIBILITY REMAIN PARTLY UNRESOLVED"
ABLATION_REGIME_ONLY,WEEKLY,2024-08-02,GLOBAL_GOLD_MINERS,ESTABLISHED,,"{""GLOBAL_GOLD_MINERS"": 1.0}","{""GLOBAL_GOLD_MINERS"": 1.0}",1.0,2,POSITIVE,1.0,1.0,0.0,NO_TARGET_CHANGE,,"HISTORICAL UK RETAIL, ISA, ACCOUNT AND BROKER ELIGIBILITY REMAIN PARTLY UNRESOLVED"
ABLATION_REGIME_ONLY,WEEKLY,2024-08-09,GLOBAL_GOLD_MINERS,ESTABLISHED,,"{""GLOBAL_GOLD_MINERS"": 1.0}","{""GLOBAL_GOLD_MINERS"": 1.0}",1.0,3,POSITIVE,1.0,1.0,0.0,NO_TARGET_CHANGE,,"HISTORICAL UK RETAIL, ISA, ACCOUNT AND BROKER ELIGIBILITY REMAIN PARTLY UNRESOLVED"
ABLATION_REGIME_ONLY,WEEKLY,2024-08-16,GLOBAL_GOLD_MINERS,ESTABLISHED,,"{""GLOBAL_GOLD_MINERS"": 1.0}","{""GLOBAL_GOLD_MINERS"": 1.0}",1.0,3,POSITIVE,1.0,1.0,0.0,NO_TARGET_CHANGE,,"HISTORICAL UK RETAIL, ISA, ACCOUNT AND BROKER ELIGIBILITY REMAIN PARTLY UNRESOLVED"
ABLATION_REGIME_ONLY,WEEKLY,2024-08-23,GLOBAL_GOLD_MINERS,ESTABLISHED,,"{""GLOBAL_GOLD_MINERS"": 1.0}","{""GLOBAL_GOLD_MINERS"": 1.0}",1.0,3,POSITIVE,1.0,1.0,0.0,NO_TARGET_CHANGE,,"HISTORICAL UK RETAIL, ISA, ACCOUNT AND BROKER ELIGIBILITY REMAIN PARTLY UNRESOLVED"
ABLATION_REGIME_ONLY,WEEKLY,2024-08-30,GLOBAL_GOLD_MINERS,ESTABLISHED,,"{""GLOBAL_GOLD_MINERS"": 1.0}","{""GLOBAL_GOLD_MINERS"": 1.0}",1.0,2,POSITIVE,1.0,1.0,0.0,NO_TARGET_CHANGE,,"HISTORICAL UK RETAIL, ISA, ACCOUNT AND BROKER ELIGIBILITY REMAIN PARTLY UNRESOLVED"
ABLATION_REGIME_ONLY,WEEKLY,2024-09-06,GLOBAL_GOLD_MINERS,ESTABLISHED,,"{""GLOBAL_GOLD_MINERS"": 1.0}","{""GLOBAL_GOLD_MINERS"": 1.0}",1.0,3,POSITIVE,1.0,1.0,0.0,NO_TARGET_CHANGE,,"HISTORICAL UK RETAIL, ISA, ACCOUNT AND BROKER ELIGIBILITY REMAIN PARTLY UNRESOLVED"
ABLATION_REGIME_ONLY,WEEKLY,2024-09-13,GLOBAL_GOLD_MINERS,EXTENDED,,"{""GLOBAL_GOLD_MINERS"": 1.0}","{""GLOBAL_GOLD_MINERS"": 1.0}",1.0,4,STRONG,1.0,1.0,0.0,NO_TARGET_CHANGE,,"HISTORICAL UK RETAIL, ISA, ACCOUNT AND BROKER ELIGIBILITY REMAIN PARTLY UNRESOLVED"
ABLATION_REGIME_ONLY,WEEKLY,2024-09-20,GLOBAL_GOLD_MINERS,ESTABLISHED,,"{""GLOBAL_GOLD_MINERS"": 1.0}","{""GLOBAL_GOLD_MINERS"": 1.0}",1.0,3,MATURE,1.0,1.0,0.0,NO_TARGET_CHANGE,,"HISTORICAL UK RETAIL, ISA, ACCOUNT AND BROKER ELIGIBILITY REMAIN PARTLY UNRESOLVED"
ABLATION_REGIME_ONLY,WEEKLY,2024-09-27,GLOBAL_GOLD_MINERS,ESTABLISHED,,"{""GLOBAL_GOLD_MINERS"": 1.0}","{""GLOBAL_GOLD_MINERS"": 1.0}",1.0,4,STRONG,1.0,1.0,0.0,NO_TARGET_CHANGE,,"HISTORICAL UK RETAIL, ISA, ACCOUNT AND BROKER ELIGIBILITY REMAIN PARTLY UNRESOLVED"
ABLATION_REGIME_ONLY,WEEKLY,2024-09-30,GLOBAL_GOLD_MINERS,WEAKENING,,"{""GLOBAL_GOLD_MINERS"": 1.0}","{""GLOBAL_GOLD_MINERS"": 1.0}",1.0,4,STRONG,1.0,1.0,0.0,NO_TARGET_CHANGE,,"HISTORICAL UK RETAIL, ISA, ACCOUNT AND BROKER ELIGIBILITY REMAIN PARTLY UNRESOLVED"
ABLATION_REGIME_ONLY,WEEKLY,2024-10-04,GLOBAL_GOLD_MINERS,WEAKENING,,"{""GLOBAL_GOLD_MINERS"": 1.0}","{""GLOBAL_GOLD_MINERS"": 1.0}",1.0,3,MATURE,1.0,1.0,0.0,NO_TARGET_CHANGE,,"HISTORICAL UK RETAIL, ISA, ACCOUNT AND BROKER ELIGIBILITY REMAIN PARTLY UNRESOLVED"
ABLATION_REGIME_ONLY,WEEKLY,2024-10-11,GLOBAL_GOLD_MINERS,WEAKENING,,"{""GLOBAL_GOLD_MINERS"": 1.0}","{""GLOBAL_GOLD_MINERS"": 1.0}",1.0,3,MATURE,1.0,1.0,0.0,NO_TARGET_CHANGE,,"HISTORICAL UK RETAIL, ISA, ACCOUNT AND BROKER ELIGIBILITY REMAIN PARTLY UNRESOLVED"
ABLATION_REGIME_ONLY,WEEKLY,2024-10-18,GLOBAL_GOLD_MINERS,ESTABLISHED,,"{""GLOBAL_GOLD_MINERS"": 1.0}","{""GLOBAL_GOLD_MINERS"": 1.0}",1.0,3,MATURE,1.0,1.0,0.0,NO_TARGET_CHANGE,,"HISTORICAL UK RETAIL, ISA, ACCOUNT AND BROKER ELIGIBILITY REMAIN PARTLY UNRESOLVED"
ABLATION_REGIME_ONLY,WEEKLY,2024-10-25,GLOBAL_GOLD_MINERS,OTHER,,"{""GLOBAL_GOLD_MINERS"": 1.0}","{""GLOBAL_GOLD_MINERS"": 1.0}",1.0,2,DETERIORATING,1.0,1.0,0.0,NO_TARGET_CHANGE,,"HISTORICAL UK RETAIL, ISA, ACCOUNT AND BROKER ELIGIBILITY REMAIN PARTLY UNRESOLVED"
ABLATION_REGIME_ONLY,WEEKLY,2024-10-31,GLOBAL_GOLD_MINERS,ESTABLISHED,,"{""GLOBAL_GOLD_MINERS"": 1.0}","{""GLOBAL_GOLD_MINERS"": 1.0}",1.0,2,DETERIORATING,1.0,1.0,0.0,NO_TARGET_CHANGE,,"HISTORICAL UK RETAIL, ISA, ACCOUNT AND BROKER ELIGIBILITY REMAIN PARTLY UNRESOLVED"
ABLATION_REGIME_ONLY,WEEKLY,2024-11-01,GLOBAL_GOLD_MINERS,ESTABLISHED,,"{""GLOBAL_GOLD_MINERS"": 1.0}","{""GLOBAL_GOLD_MINERS"": 1.0}",1.0,4,STRONG,1.0,1.0,0.0,NO_TARGET_CHANGE,,"HISTORICAL UK RETAIL, ISA, ACCOUNT AND BROKER ELIGIBILITY REMAIN PARTLY UNRESOLVED"
ABLATION_REGIME_ONLY,WEEKLY,2024-11-08,GLOBAL_GOLD_MINERS,OTHER,,"{""GLOBAL_GOLD_MINERS"": 1.0}","{""GLOBAL_GOLD_MINERS"": 1.0}",1.0,3,MATURE,1.0,1.0,0.0,NO_TARGET_CHANGE,,"HISTORICAL UK RETAIL, ISA, ACCOUNT AND BROKER ELIGIBILITY REMAIN PARTLY UNRESOLVED"
ABLATION_REGIME_ONLY,WEEKLY,2024-11-15,GLOBAL_GOLD_MINERS,FAILED,,"{""GLOBAL_GOLD_MINERS"": 1.0}","{""GLOBAL_GOLD_MINERS"": 1.0}",1.0,2,DETERIORATING,1.0,1.0,0.0,NO_TARGET_CHANGE,,"HISTORICAL UK RETAIL, ISA, ACCOUNT AND BROKER ELIGIBILITY REMAIN PARTLY UNRESOLVED"
ABLATION_REGIME_ONLY,WEEKLY,2024-11-22,GLOBAL_GOLD_MINERS,FAILED,,"{""GLOBAL_GOLD_MINERS"": 1.0}","{""GLOBAL_GOLD_MINERS"": 1.0}",1.0,3,MATURE,1.0,1.0,0.0,NO_TARGET_CHANGE,,"HISTORICAL UK RETAIL, ISA, ACCOUNT AND BROKER ELIGIBILITY REMAIN PARTLY UNRESOLVED"
ABLATION_REGIME_ONLY,WEEKLY,2024-11-29,GLOBAL_SOFTWARE,EXTENDED,,"{""GLOBAL_SOFTWARE"": 1.0}","{""GLOBAL_SOFTWARE"": 1.0}",1.0,3,MATURE,1.0,1.0,0.0,PLANNED,2024-12-02,"HISTORICAL UK RETAIL, ISA, ACCOUNT AND BROKER ELIGIBILITY REMAIN PARTLY UNRESOLVED"
ABLATION_REGIME_ONLY,WEEKLY,2024-12-06,GLOBAL_SOFTWARE,EXTENDED,,"{""GLOBAL_SOFTWARE"": 1.0}","{""GLOBAL_SOFTWARE"": 1.0}",1.0,3,MATURE,1.0,1.0,0.0,NO_TARGET_CHANGE,,"HISTORICAL UK RETAIL, ISA, ACCOUNT AND BROKER ELIGIBILITY REMAIN PARTLY UNRESOLVED"
ABLATION_REGIME_ONLY,WEEKLY,2024-12-13,GLOBAL_SOFTWARE,EXTENDED,,"{""GLOBAL_SOFTWARE"": 1.0}","{""GLOBAL_SOFTWARE"": 1.0}",1.0,3,MATURE,1.0,1.0,0.0,NO_TARGET_CHANGE,,"HISTORICAL UK RETAIL, ISA, ACCOUNT AND BROKER ELIGIBILITY REMAIN PARTLY UNRESOLVED"
ABLATION_REGIME_ONLY,WEEKLY,2024-12-20,GLOBAL_SOFTWARE,EXTENDED,,"{""GLOBAL_SOFTWARE"": 1.0}","{""GLOBAL_SOFTWARE"": 1.0}",1.0,3,MATURE,1.0,1.0,0.0,NO_TARGET_CHANGE,,"HISTORICAL UK RETAIL, ISA, ACCOUNT AND BROKER ELIGIBILITY REMAIN PARTLY UNRESOLVED"
ABLATION_REGIME_ONLY,WEEKLY,2024-12-27,GLOBAL_SOFTWARE,EXTENDED,,"{""GLOBAL_SOFTWARE"": 1.0}","{""GLOBAL_SOFTWARE"": 1.0}",1.0,2,DETERIORATING,1.0,1.0,0.0,NO_TARGET_CHANGE,,"HISTORICAL UK RETAIL, ISA, ACCOUNT AND BROKER ELIGIBILITY REMAIN PARTLY UNRESOLVED"
ABLATION_REGIME_ONLY,WEEKLY,2024-12-31,GLOBAL_SOFTWARE,EXTENDED,,"{""GLOBAL_SOFTWARE"": 1.0}","{""GLOBAL_SOFTWARE"": 1.0}",1.0,2,DETERIORATING,1.0,1.0,0.0,NO_TARGET_CHANGE,,"HISTORICAL UK RETAIL, ISA, ACCOUNT AND BROKER ELIGIBILITY REMAIN PARTLY UNRESOLVED"
ABLATION_REGIME_ONLY,WEEKLY,2025-01-03,GLOBAL_SOFTWARE,EXTENDED,,"{""GLOBAL_SOFTWARE"": 1.0}","{""GLOBAL_SOFTWARE"": 1.0}",1.0,2,POSITIVE,1.0,1.0,0.0,NO_TARGET_CHANGE,,"HISTORICAL UK RETAIL, ISA, ACCOUNT AND BROKER ELIGIBILITY REMAIN PARTLY UNRESOLVED"
ABLATION_REGIME_ONLY,WEEKLY,2025-01-10,GLOBAL_SOFTWARE,WEAKENING,,"{""GLOBAL_SOFTWARE"": 1.0}","{""GLOBAL_SOFTWARE"": 1.0}",1.0,1,POSITIVE,1.0,1.0,0.0,NO_TARGET_CHANGE,,"HISTORICAL UK RETAIL, ISA, ACCOUNT AND BROKER ELIGIBILITY REMAIN PARTLY UNRESOLVED"
ABLATION_REGIME_ONLY,WEEKLY,2025-01-17,GLOBAL_SOFTWARE,WEAKENING,,"{""GLOBAL_SOFTWARE"": 1.0}","{""GLOBAL_SOFTWARE"": 1.0}",1.0,2,POSITIVE,1.0,1.0,0.0,NO_TARGET_CHANGE,,"HISTORICAL UK RETAIL, ISA, ACCOUNT AND BROKER ELIGIBILITY REMAIN PARTLY UNRESOLVED"
ABLATION_REGIME_ONLY,WEEKLY,2025-01-24,GLOBAL_SOFTWARE,WEAKENING,,"{""GLOBAL_SOFTWARE"": 1.0}","{""GLOBAL_SOFTWARE"": 1.0}",1.0,2,POSITIVE,1.0,1.0,0.0,NO_TARGET_CHANGE,,"HISTORICAL UK RETAIL, ISA, ACCOUNT AND BROKER ELIGIBILITY REMAIN PARTLY UNRESOLVED"
ABLATION_REGIME_ONLY,WEEKLY,2025-01-31,GLOBAL_SOFTWARE,WEAKENING,,"{""GLOBAL_SOFTWARE"": 1.0}","{""GLOBAL_SOFTWARE"": 1.0}",1.0,2,POSITIVE,1.0,1.0,0.0,NO_TARGET_CHANGE,,"HISTORICAL UK RETAIL, ISA, ACCOUNT AND BROKER ELIGIBILITY REMAIN PARTLY UNRESOLVED"
ABLATION_REGIME_ONLY,WEEKLY,2025-02-07,GLOBAL_SOFTWARE,OTHER,,"{""GLOBAL_SOFTWARE"": 1.0}","{""GLOBAL_SOFTWARE"": 1.0}",1.0,3,POSITIVE,1.0,1.0,0.0,NO_TARGET_CHANGE,,"HISTORICAL UK RETAIL, ISA, ACCOUNT AND BROKER ELIGIBILITY REMAIN PARTLY UNRESOLVED"
ABLATION_REGIME_ONLY,WEEKLY,2025-02-14,GLOBAL_SOFTWARE,OTHER,,"{""GLOBAL_SOFTWARE"": 1.0}","{""GLOBAL_SOFTWARE"": 1.0}",1.0,3,POSITIVE,1.0,1.0,0.0,NO_TARGET_CHANGE,,"HISTORICAL UK RETAIL, ISA, ACCOUNT AND BROKER ELIGIBILITY REMAIN PARTLY UNRESOLVED"
ABLATION_REGIME_ONLY,WEEKLY,2025-02-21,GLOBAL_SOFTWARE,FAILED,,"{""GLOBAL_SOFTWARE"": 1.0}","{""GLOBAL_SOFTWARE"": 1.0}",1.0,4,STRONG,1.0,1.0,0.0,NO_TARGET_CHANGE,,"HISTORICAL UK RETAIL, ISA, ACCOUNT AND BROKER ELIGIBILITY REMAIN PARTLY UNRESOLVED"
ABLATION_REGIME_ONLY,WEEKLY,2025-02-28,EUROPE_BANKS,EXTENDED,,"{""EUROPE_BANKS"": 1.0}","{""EUROPE_BANKS"": 1.0}",1.0,4,STRONG,1.0,1.0,0.0,PLANNED,2025-03-03,"HISTORICAL UK RETAIL, ISA, ACCOUNT AND BROKER ELIGIBILITY REMAIN PARTLY UNRESOLVED"
ABLATION_REGIME_ONLY,WEEKLY,2025-03-07,EUROPE_BANKS,EXTENDED,,"{""EUROPE_BANKS"": 1.0}","{""EUROPE_BANKS"": 1.0}",1.0,4,STRONG,1.0,1.0,0.0,NO_TARGET_CHANGE,,"HISTORICAL UK RETAIL, ISA, ACCOUNT AND BROKER ELIGIBILITY REMAIN PARTLY UNRESOLVED"
ABLATION_REGIME_ONLY,WEEKLY,2025-03-14,EUROPE_BANKS,EXTENDED,,"{""EUROPE_BANKS"": 1.0}","{""EUROPE_BANKS"": 1.0}",1.0,4,STRONG,1.0,1.0,0.0,NO_TARGET_CHANGE,,"HISTORICAL UK RETAIL, ISA, ACCOUNT AND BROKER ELIGIBILITY REMAIN PARTLY UNRESOLVED"
ABLATION_REGIME_ONLY,WEEKLY,2025-03-21,EUROPE_BANKS,EXTENDED,,"{""EUROPE_BANKS"": 1.0}","{""EUROPE_BANKS"": 1.0}",1.0,4,STRONG,1.0,1.0,0.0,NO_TARGET_CHANGE,,"HISTORICAL UK RETAIL, ISA, ACCOUNT AND BROKER ELIGIBILITY REMAIN PARTLY UNRESOLVED"
ABLATION_REGIME_ONLY,WEEKLY,2025-03-28,EUROPE_BANKS,OTHER,,"{""EUROPE_BANKS"": 1.0}","{""EUROPE_BANKS"": 1.0}",1.0,4,STRONG,1.0,1.0,0.0,NO_TARGET_CHANGE,,"HISTORICAL UK RETAIL, ISA, ACCOUNT AND BROKER ELIGIBILITY REMAIN PARTLY UNRESOLVED"
ABLATION_REGIME_ONLY,WEEKLY,2025-03-31,GLOBAL_GOLD_MINERS,EXTENDED,,"{""GLOBAL_GOLD_MINERS"": 1.0}","{""GLOBAL_GOLD_MINERS"": 1.0}",1.0,4,STRONG,1.0,1.0,0.0,PLANNED,2025-04-01,"HISTORICAL UK RETAIL, ISA, ACCOUNT AND BROKER ELIGIBILITY REMAIN PARTLY UNRESOLVED"
ABLATION_REGIME_ONLY,WEEKLY,2025-04-04,GLOBAL_GOLD_MINERS,EXTENDED,,"{""GLOBAL_GOLD_MINERS"": 1.0}","{""GLOBAL_GOLD_MINERS"": 1.0}",1.0,2,HOSTILE,1.0,1.0,0.0,NO_TARGET_CHANGE,,"HISTORICAL UK RETAIL, ISA, ACCOUNT AND BROKER ELIGIBILITY REMAIN PARTLY UNRESOLVED"
ABLATION_REGIME_ONLY,WEEKLY,2025-04-11,GLOBAL_GOLD_MINERS,EXTENDED,,"{""GLOBAL_GOLD_MINERS"": 1.0}","{""GLOBAL_GOLD_MINERS"": 1.0}",1.0,2,HOSTILE,1.0,1.0,0.0,NO_TARGET_CHANGE,,"HISTORICAL UK RETAIL, ISA, ACCOUNT AND BROKER ELIGIBILITY REMAIN PARTLY UNRESOLVED"
ABLATION_REGIME_ONLY,WEEKLY,2025-04-17,GLOBAL_GOLD_MINERS,EXTENDED,,"{""GLOBAL_GOLD_MINERS"": 1.0}","{""GLOBAL_GOLD_MINERS"": 1.0}",1.0,2,HOSTILE,1.0,1.0,0.0,NO_TARGET_CHANGE,,"HISTORICAL UK RETAIL, ISA, ACCOUNT AND BROKER ELIGIBILITY REMAIN PARTLY UNRESOLVED"
ABLATION_REGIME_ONLY,WEEKLY,2025-04-25,GLOBAL_GOLD_MINERS,EXTENDED,,"{""GLOBAL_GOLD_MINERS"": 1.0}","{""GLOBAL_GOLD_MINERS"": 1.0}",1.0,2,HOSTILE,1.0,1.0,0.0,NO_TARGET_CHANGE,,"HISTORICAL UK RETAIL, ISA, ACCOUNT AND BROKER ELIGIBILITY REMAIN PARTLY UNRESOLVED"
ABLATION_REGIME_ONLY,WEEKLY,2025-04-30,GLOBAL_GOLD_MINERS,EXTENDED,,"{""GLOBAL_GOLD_MINERS"": 1.0}","{""GLOBAL_GOLD_MINERS"": 1.0}",1.0,2,HOSTILE,1.0,1.0,0.0,NO_TARGET_CHANGE,,"HISTORICAL UK RETAIL, ISA, ACCOUNT AND BROKER ELIGIBILITY REMAIN PARTLY UNRESOLVED"
ABLATION_REGIME_ONLY,WEEKLY,2025-05-02,GLOBAL_GOLD_MINERS,OTHER,,"{""GLOBAL_GOLD_MINERS"": 1.0}","{""GLOBAL_GOLD_MINERS"": 1.0}",1.0,2,HOSTILE,1.0,1.0,0.0,NO_TARGET_CHANGE,,"HISTORICAL UK RETAIL, ISA, ACCOUNT AND BROKER ELIGIBILITY REMAIN PARTLY UNRESOLVED"
ABLATION_REGIME_ONLY,WEEKLY,2025-05-09,GLOBAL_GOLD_MINERS,OTHER,,"{""GLOBAL_GOLD_MINERS"": 1.0}","{""GLOBAL_GOLD_MINERS"": 1.0}",1.0,2,HOSTILE,1.0,1.0,0.0,NO_TARGET_CHANGE,,"HISTORICAL UK RETAIL, ISA, ACCOUNT AND BROKER ELIGIBILITY REMAIN PARTLY UNRESOLVED"
ABLATION_REGIME_ONLY,WEEKLY,2025-05-16,GLOBAL_GOLD_MINERS,WEAKENING,,"{""GLOBAL_GOLD_MINERS"": 1.0}","{""GLOBAL_GOLD_MINERS"": 1.0}",1.0,3,MATURE,1.0,1.0,0.0,NO_TARGET_CHANGE,,"HISTORICAL UK RETAIL, ISA, ACCOUNT AND BROKER ELIGIBILITY REMAIN PARTLY UNRESOLVED"
ABLATION_REGIME_ONLY,WEEKLY,2025-05-23,GLOBAL_GOLD_MINERS,WEAKENING,,"{""GLOBAL_GOLD_MINERS"": 1.0}","{""GLOBAL_GOLD_MINERS"": 1.0}",1.0,2,HOSTILE,1.0,1.0,0.0,NO_TARGET_CHANGE,,"HISTORICAL UK RETAIL, ISA, ACCOUNT AND BROKER ELIGIBILITY REMAIN PARTLY UNRESOLVED"
ABLATION_REGIME_ONLY,WEEKLY,2025-05-30,GLOBAL_GOLD_MINERS,WEAKENING,,"{""GLOBAL_GOLD_MINERS"": 1.0}","{""GLOBAL_GOLD_MINERS"": 1.0}",1.0,2,HOSTILE,1.0,1.0,0.0,NO_TARGET_CHANGE,,"HISTORICAL UK RETAIL, ISA, ACCOUNT AND BROKER ELIGIBILITY REMAIN PARTLY UNRESOLVED"
ABLATION_REGIME_ONLY,WEEKLY,2025-06-06,GLOBAL_GOLD_MINERS,WEAKENING,,"{""GLOBAL_GOLD_MINERS"": 1.0}","{""GLOBAL_GOLD_MINERS"": 1.0}",1.0,4,STRONG,1.0,1.0,0.0,NO_TARGET_CHANGE,,"HISTORICAL UK RETAIL, ISA, ACCOUNT AND BROKER ELIGIBILITY REMAIN PARTLY UNRESOLVED"
ABLATION_REGIME_ONLY,WEEKLY,2025-06-13,GLOBAL_GOLD_MINERS,WEAKENING,,"{""GLOBAL_GOLD_MINERS"": 1.0}","{""GLOBAL_GOLD_MINERS"": 1.0}",1.0,3,MATURE,1.0,1.0,0.0,NO_TARGET_CHANGE,,"HISTORICAL UK RETAIL, ISA, ACCOUNT AND BROKER ELIGIBILITY REMAIN PARTLY UNRESOLVED"
ABLATION_REGIME_ONLY,WEEKLY,2025-06-20,GLOBAL_GOLD_MINERS,ESTABLISHED,,"{""GLOBAL_GOLD_MINERS"": 1.0}","{""GLOBAL_GOLD_MINERS"": 1.0}",1.0,3,MATURE,1.0,1.0,0.0,NO_TARGET_CHANGE,,"HISTORICAL UK RETAIL, ISA, ACCOUNT AND BROKER ELIGIBILITY REMAIN PARTLY UNRESOLVED"
ABLATION_REGIME_ONLY,WEEKLY,2025-06-27,GLOBAL_GOLD_MINERS,WEAKENING,,"{""GLOBAL_GOLD_MINERS"": 1.0}","{""GLOBAL_GOLD_MINERS"": 1.0}",1.0,2,DETERIORATING,1.0,1.0,0.0,NO_TARGET_CHANGE,,"HISTORICAL UK RETAIL, ISA, ACCOUNT AND BROKER ELIGIBILITY REMAIN PARTLY UNRESOLVED"
ABLATION_REGIME_ONLY,WEEKLY,2025-06-30,EUROPE_BANKS,WEAKENING,,"{""EUROPE_BANKS"": 1.0}","{""EUROPE_BANKS"": 1.0}",1.0,2,DETERIORATING,1.0,1.0,0.0,PLANNED,2025-07-01,"HISTORICAL UK RETAIL, ISA, ACCOUNT AND BROKER ELIGIBILITY REMAIN PARTLY UNRESOLVED"
ABLATION_REGIME_ONLY,WEEKLY,2025-07-04,EUROPE_BANKS,OTHER,,"{""EUROPE_BANKS"": 1.0}","{""EUROPE_BANKS"": 1.0}",1.0,2,DETERIORATING,1.0,1.0,0.0,NO_TARGET_CHANGE,,"HISTORICAL UK RETAIL, ISA, ACCOUNT AND BROKER ELIGIBILITY REMAIN PARTLY UNRESOLVED"
ABLATION_REGIME_ONLY,WEEKLY,2025-07-11,EUROPE_BANKS,OTHER,,"{""EUROPE_BANKS"": 1.0}","{""EUROPE_BANKS"": 1.0}",1.0,1,DETERIORATING,1.0,1.0,0.0,NO_TARGET_CHANGE,,"HISTORICAL UK RETAIL, ISA, ACCOUNT AND BROKER ELIGIBILITY REMAIN PARTLY UNRESOLVED"
ABLATION_REGIME_ONLY,WEEKLY,2025-07-18,EUROPE_BANKS,WEAKENING,,"{""EUROPE_BANKS"": 1.0}","{""EUROPE_BANKS"": 1.0}",1.0,5,STRONG,1.0,1.0,0.0,NO_TARGET_CHANGE,,"HISTORICAL UK RETAIL, ISA, ACCOUNT AND BROKER ELIGIBILITY REMAIN PARTLY UNRESOLVED"
ABLATION_REGIME_ONLY,WEEKLY,2025-07-25,EUROPE_BANKS,OTHER,,"{""EUROPE_BANKS"": 1.0}","{""EUROPE_BANKS"": 1.0}",1.0,4,MATURE,1.0,1.0,0.0,NO_TARGET_CHANGE,,"HISTORICAL UK RETAIL, ISA, ACCOUNT AND BROKER ELIGIBILITY REMAIN PARTLY UNRESOLVED"
ABLATION_REGIME_ONLY,WEEKLY,2025-07-31,EUROPE_BANKS,ESTABLISHED,,"{""EUROPE_BANKS"": 1.0}","{""EUROPE_BANKS"": 1.0}",1.0,4,MATURE,1.0,1.0,0.0,NO_TARGET_CHANGE,,"HISTORICAL UK RETAIL, ISA, ACCOUNT AND BROKER ELIGIBILITY REMAIN PARTLY UNRESOLVED"
ABLATION_REGIME_ONLY,WEEKLY,2025-08-01,EUROPE_BANKS,CONFIRMING,,"{""EUROPE_BANKS"": 1.0}","{""EUROPE_BANKS"": 1.0}",1.0,3,DETERIORATING,1.0,1.0,0.0,NO_TARGET_CHANGE,,"HISTORICAL UK RETAIL, ISA, ACCOUNT AND BROKER ELIGIBILITY REMAIN PARTLY UNRESOLVED"
ABLATION_REGIME_ONLY,WEEKLY,2025-08-08,EUROPE_BANKS,ESTABLISHED,,"{""EUROPE_BANKS"": 1.0}","{""EUROPE_BANKS"": 1.0}",1.0,3,DETERIORATING,1.0,1.0,0.0,NO_TARGET_CHANGE,,"HISTORICAL UK RETAIL, ISA, ACCOUNT AND BROKER ELIGIBILITY REMAIN PARTLY UNRESOLVED"
ABLATION_REGIME_ONLY,WEEKLY,2025-08-15,EUROPE_BANKS,ESTABLISHED,,"{""EUROPE_BANKS"": 1.0}","{""EUROPE_BANKS"": 1.0}",1.0,4,MATURE,1.0,1.0,0.0,NO_TARGET_CHANGE,,"HISTORICAL UK RETAIL, ISA, ACCOUNT AND BROKER ELIGIBILITY REMAIN PARTLY UNRESOLVED"
ABLATION_REGIME_ONLY,WEEKLY,2025-08-22,EUROPE_BANKS,CONFIRMING,,"{""EUROPE_BANKS"": 1.0}","{""EUROPE_BANKS"": 1.0}",1.0,4,MATURE,1.0,1.0,0.0,NO_TARGET_CHANGE,,"HISTORICAL UK RETAIL, ISA, ACCOUNT AND BROKER ELIGIBILITY REMAIN PARTLY UNRESOLVED"
ABLATION_REGIME_ONLY,WEEKLY,2025-08-29,GLOBAL_SILVER_MINERS,ESTABLISHED,,"{""GLOBAL_SILVER_MINERS"": 1.0}","{""GLOBAL_SILVER_MINERS"": 1.0}",1.0,2,DETERIORATING,1.0,1.0,0.0,PLANNED,2025-09-01,"HISTORICAL UK RETAIL, ISA, ACCOUNT AND BROKER ELIGIBILITY REMAIN PARTLY UNRESOLVED"
ABLATION_REGIME_ONLY,WEEKLY,2025-09-05,GLOBAL_SILVER_MINERS,ESTABLISHED,,"{""GLOBAL_SILVER_MINERS"": 1.0}","{""GLOBAL_SILVER_MINERS"": 1.0}",1.0,3,DETERIORATING,1.0,1.0,0.0,NO_TARGET_CHANGE,,"HISTORICAL UK RETAIL, ISA, ACCOUNT AND BROKER ELIGIBILITY REMAIN PARTLY UNRESOLVED"
ABLATION_REGIME_ONLY,WEEKLY,2025-09-12,GLOBAL_SILVER_MINERS,CONFIRMING,,"{""GLOBAL_SILVER_MINERS"": 1.0}","{""GLOBAL_SILVER_MINERS"": 1.0}",1.0,2,DETERIORATING,1.0,1.0,0.0,NO_TARGET_CHANGE,,"HISTORICAL UK RETAIL, ISA, ACCOUNT AND BROKER ELIGIBILITY REMAIN PARTLY UNRESOLVED"
ABLATION_REGIME_ONLY,WEEKLY,2025-09-19,GLOBAL_SILVER_MINERS,EXTENDED,,"{""GLOBAL_SILVER_MINERS"": 1.0}","{""GLOBAL_SILVER_MINERS"": 1.0}",1.0,3,MATURE,1.0,1.0,0.0,NO_TARGET_CHANGE,,"HISTORICAL UK RETAIL, ISA, ACCOUNT AND BROKER ELIGIBILITY REMAIN PARTLY UNRESOLVED"
ABLATION_REGIME_ONLY,WEEKLY,2025-09-26,GLOBAL_SILVER_MINERS,EXTENDED,,"{""GLOBAL_SILVER_MINERS"": 1.0}","{""GLOBAL_SILVER_MINERS"": 1.0}",1.0,3,MATURE,1.0,1.0,0.0,NO_TARGET_CHANGE,,"HISTORICAL UK RETAIL, ISA, ACCOUNT AND BROKER ELIGIBILITY REMAIN PARTLY UNRESOLVED"
ABLATION_REGIME_ONLY,WEEKLY,2025-09-30,GLOBAL_SILVER_MINERS,EXTENDED,,"{""GLOBAL_SILVER_MINERS"": 1.0}","{""GLOBAL_SILVER_MINERS"": 1.0}",1.0,3,MATURE,1.0,1.0,0.0,NO_TARGET_CHANGE,,"HISTORICAL UK RETAIL, ISA, ACCOUNT AND BROKER ELIGIBILITY REMAIN PARTLY UNRESOLVED"
ABLATION_REGIME_ONLY,WEEKLY,2025-10-03,GLOBAL_SILVER_MINERS,OTHER,,"{""GLOBAL_SILVER_MINERS"": 1.0}","{""GLOBAL_SILVER_MINERS"": 1.0}",1.0,3,MATURE,1.0,1.0,0.0,NO_TARGET_CHANGE,,"HISTORICAL UK RETAIL, ISA, ACCOUNT AND BROKER ELIGIBILITY REMAIN PARTLY UNRESOLVED"
ABLATION_REGIME_ONLY,WEEKLY,2025-10-10,GLOBAL_SILVER_MINERS,EXTENDED,,"{""GLOBAL_SILVER_MINERS"": 1.0}","{""GLOBAL_SILVER_MINERS"": 1.0}",1.0,4,STRONG,1.0,1.0,0.0,NO_TARGET_CHANGE,,"HISTORICAL UK RETAIL, ISA, ACCOUNT AND BROKER ELIGIBILITY REMAIN PARTLY UNRESOLVED"
ABLATION_REGIME_ONLY,WEEKLY,2025-10-17,GLOBAL_SILVER_MINERS,EXTENDED,,"{""GLOBAL_SILVER_MINERS"": 1.0}","{""GLOBAL_SILVER_MINERS"": 1.0}",1.0,4,STRONG,1.0,1.0,0.0,NO_TARGET_CHANGE,,"HISTORICAL UK RETAIL, ISA, ACCOUNT AND BROKER ELIGIBILITY REMAIN PARTLY UNRESOLVED"
ABLATION_REGIME_ONLY,WEEKLY,2025-10-24,GLOBAL_SILVER_MINERS,WEAKENING,,"{""GLOBAL_SILVER_MINERS"": 1.0}","{""GLOBAL_SILVER_MINERS"": 1.0}",1.0,3,MATURE,1.0,1.0,0.0,NO_TARGET_CHANGE,,"HISTORICAL UK RETAIL, ISA, ACCOUNT AND BROKER ELIGIBILITY REMAIN PARTLY UNRESOLVED"
ABLATION_REGIME_ONLY,WEEKLY,2025-10-31,GLOBAL_SILVER_MINERS,WEAKENING,,"{""GLOBAL_SILVER_MINERS"": 1.0}","{""GLOBAL_SILVER_MINERS"": 1.0}",1.0,4,STRONG,1.0,1.0,0.0,NO_TARGET_CHANGE,,"HISTORICAL UK RETAIL, ISA, ACCOUNT AND BROKER ELIGIBILITY REMAIN PARTLY UNRESOLVED"
ABLATION_REGIME_ONLY,WEEKLY,2025-11-07,GLOBAL_SILVER_MINERS,WEAKENING,,"{""GLOBAL_SILVER_MINERS"": 1.0}","{""GLOBAL_SILVER_MINERS"": 1.0}",1.0,2,DETERIORATING,1.0,1.0,0.0,NO_TARGET_CHANGE,,"HISTORICAL UK RETAIL, ISA, ACCOUNT AND BROKER ELIGIBILITY REMAIN PARTLY UNRESOLVED"
ABLATION_REGIME_ONLY,WEEKLY,2025-11-14,GLOBAL_SILVER_MINERS,WEAKENING,,"{""GLOBAL_SILVER_MINERS"": 1.0}","{""GLOBAL_SILVER_MINERS"": 1.0}",1.0,4,STRONG,1.0,1.0,0.0,NO_TARGET_CHANGE,,"HISTORICAL UK RETAIL, ISA, ACCOUNT AND BROKER ELIGIBILITY REMAIN PARTLY UNRESOLVED"
ABLATION_REGIME_ONLY,WEEKLY,2025-11-21,GLOBAL_SILVER_MINERS,WEAKENING,,"{""GLOBAL_SILVER_MINERS"": 1.0}","{""GLOBAL_SILVER_MINERS"": 1.0}",1.0,3,MATURE,1.0,1.0,0.0,NO_TARGET_CHANGE,,"HISTORICAL UK RETAIL, ISA, ACCOUNT AND BROKER ELIGIBILITY REMAIN PARTLY UNRESOLVED"
ABLATION_REGIME_ONLY,WEEKLY,2025-11-28,GLOBAL_SILVER_MINERS,WEAKENING,,"{""GLOBAL_SILVER_MINERS"": 1.0}","{""GLOBAL_SILVER_MINERS"": 1.0}",1.0,4,STRONG,1.0,1.0,0.0,NO_TARGET_CHANGE,,"HISTORICAL UK RETAIL, ISA, ACCOUNT AND BROKER ELIGIBILITY REMAIN PARTLY UNRESOLVED"
ABLATION_REGIME_ONLY,WEEKLY,2025-12-05,GLOBAL_SILVER_MINERS,ESTABLISHED,,"{""GLOBAL_SILVER_MINERS"": 1.0}","{""GLOBAL_SILVER_MINERS"": 1.0}",1.0,4,STRONG,1.0,1.0,0.0,NO_TARGET_CHANGE,,"HISTORICAL UK RETAIL, ISA, ACCOUNT AND BROKER ELIGIBILITY REMAIN PARTLY UNRESOLVED"
ABLATION_REGIME_ONLY,WEEKLY,2025-12-12,GLOBAL_SILVER_MINERS,ESTABLISHED,,"{""GLOBAL_SILVER_MINERS"": 1.0}","{""GLOBAL_SILVER_MINERS"": 1.0}",1.0,4,STRONG,1.0,1.0,0.0,NO_TARGET_CHANGE,,"HISTORICAL UK RETAIL, ISA, ACCOUNT AND BROKER ELIGIBILITY REMAIN PARTLY UNRESOLVED"
ABLATION_REGIME_ONLY,WEEKLY,2025-12-19,GLOBAL_SILVER_MINERS,ESTABLISHED,,"{""GLOBAL_SILVER_MINERS"": 1.0}","{""GLOBAL_SILVER_MINERS"": 1.0}",1.0,4,STRONG,1.0,1.0,0.0,NO_TARGET_CHANGE,,"HISTORICAL UK RETAIL, ISA, ACCOUNT AND BROKER ELIGIBILITY REMAIN PARTLY UNRESOLVED"
ABLATION_REGIME_ONLY,WEEKLY,2025-12-24,GLOBAL_SILVER_MINERS,ESTABLISHED,,"{""GLOBAL_SILVER_MINERS"": 1.0}","{""GLOBAL_SILVER_MINERS"": 1.0}",1.0,4,STRONG,1.0,1.0,0.0,NO_TARGET_CHANGE,,"HISTORICAL UK RETAIL, ISA, ACCOUNT AND BROKER ELIGIBILITY REMAIN PARTLY UNRESOLVED"
ABLATION_REGIME_ONLY,WEEKLY,2025-12-31,GLOBAL_SILVER_MINERS,ESTABLISHED,,"{""GLOBAL_SILVER_MINERS"": 1.0}","{""GLOBAL_SILVER_MINERS"": 1.0}",1.0,4,STRONG,1.0,1.0,0.0,NO_TARGET_CHANGE,,"HISTORICAL UK RETAIL, ISA, ACCOUNT AND BROKER ELIGIBILITY REMAIN PARTLY UNRESOLVED"
ABLATION_REGIME_ONLY,WEEKLY,2026-01-02,GLOBAL_SILVER_MINERS,ESTABLISHED,,"{""GLOBAL_SILVER_MINERS"": 1.0}","{""GLOBAL_SILVER_MINERS"": 1.0}",1.0,3,MATURE,1.0,1.0,0.0,NO_TARGET_CHANGE,,"HISTORICAL UK RETAIL, ISA, ACCOUNT AND BROKER ELIGIBILITY REMAIN PARTLY UNRESOLVED"
ABLATION_REGIME_ONLY,WEEKLY,2026-01-09,GLOBAL_SILVER_MINERS,ESTABLISHED,,"{""GLOBAL_SILVER_MINERS"": 1.0}","{""GLOBAL_SILVER_MINERS"": 1.0}",1.0,3,MATURE,1.0,1.0,0.0,NO_TARGET_CHANGE,,"HISTORICAL UK RETAIL, ISA, ACCOUNT AND BROKER ELIGIBILITY REMAIN PARTLY UNRESOLVED"
ABLATION_REGIME_ONLY,WEEKLY,2026-01-16,GLOBAL_SILVER_MINERS,ESTABLISHED,,"{""GLOBAL_SILVER_MINERS"": 1.0}","{""GLOBAL_SILVER_MINERS"": 1.0}",1.0,3,MATURE,1.0,1.0,0.0,NO_TARGET_CHANGE,,"HISTORICAL UK RETAIL, ISA, ACCOUNT AND BROKER ELIGIBILITY REMAIN PARTLY UNRESOLVED"
ABLATION_REGIME_ONLY,WEEKLY,2026-01-23,GLOBAL_SILVER_MINERS,EXTENDED,,"{""GLOBAL_SILVER_MINERS"": 1.0}","{""GLOBAL_SILVER_MINERS"": 1.0}",1.0,4,STRONG,1.0,1.0,0.0,NO_TARGET_CHANGE,,"HISTORICAL UK RETAIL, ISA, ACCOUNT AND BROKER ELIGIBILITY REMAIN PARTLY UNRESOLVED"
ABLATION_REGIME_ONLY,WEEKLY,2026-01-30,GLOBAL_SILVER_MINERS,EXTENDED,,"{""GLOBAL_SILVER_MINERS"": 1.0}","{""GLOBAL_SILVER_MINERS"": 1.0}",1.0,3,MATURE,1.0,1.0,0.0,NO_TARGET_CHANGE,,"HISTORICAL UK RETAIL, ISA, ACCOUNT AND BROKER ELIGIBILITY REMAIN PARTLY UNRESOLVED"
ABLATION_REGIME_ONLY,WEEKLY,2026-02-06,GLOBAL_SILVER_MINERS,EXTENDED,,"{""GLOBAL_SILVER_MINERS"": 1.0}","{""GLOBAL_SILVER_MINERS"": 1.0}",1.0,3,MATURE,1.0,1.0,0.0,NO_TARGET_CHANGE,,"HISTORICAL UK RETAIL, ISA, ACCOUNT AND BROKER ELIGIBILITY REMAIN PARTLY UNRESOLVED"
ABLATION_REGIME_ONLY,WEEKLY,2026-02-13,GLOBAL_SILVER_MINERS,EXTENDED,,"{""GLOBAL_SILVER_MINERS"": 1.0}","{""GLOBAL_SILVER_MINERS"": 1.0}",1.0,3,MATURE,1.0,1.0,0.0,NO_TARGET_CHANGE,,"HISTORICAL UK RETAIL, ISA, ACCOUNT AND BROKER ELIGIBILITY REMAIN PARTLY UNRESOLVED"
ABLATION_REGIME_ONLY,WEEKLY,2026-02-20,GLOBAL_SILVER_MINERS,WEAKENING,,"{""GLOBAL_SILVER_MINERS"": 1.0}","{""GLOBAL_SILVER_MINERS"": 1.0}",1.0,3,MATURE,1.0,1.0,0.0,NO_TARGET_CHANGE,,"HISTORICAL UK RETAIL, ISA, ACCOUNT AND BROKER ELIGIBILITY REMAIN PARTLY UNRESOLVED"
ABLATION_REGIME_ONLY,WEEKLY,2026-02-27,GLOBAL_SILVER_MINERS,EXTENDED,,"{""GLOBAL_SILVER_MINERS"": 1.0}","{""GLOBAL_SILVER_MINERS"": 1.0}",1.0,3,MATURE,1.0,1.0,0.0,NO_TARGET_CHANGE,,"HISTORICAL UK RETAIL, ISA, ACCOUNT AND BROKER ELIGIBILITY REMAIN PARTLY UNRESOLVED"
ABLATION_REGIME_ONLY,WEEKLY,2026-03-06,GLOBAL_SILVER_MINERS,EXTENDED,,"{""GLOBAL_SILVER_MINERS"": 1.0}","{""GLOBAL_SILVER_MINERS"": 1.0}",1.0,4,STRONG,1.0,1.0,0.0,NO_TARGET_CHANGE,,"HISTORICAL UK RETAIL, ISA, ACCOUNT AND BROKER ELIGIBILITY REMAIN PARTLY UNRESOLVED"
ABLATION_REGIME_ONLY,WEEKLY,2026-03-13,GLOBAL_SILVER_MINERS,WEAKENING,,"{""GLOBAL_SILVER_MINERS"": 1.0}","{""GLOBAL_SILVER_MINERS"": 1.0}",1.0,4,STRONG,1.0,1.0,0.0,NO_TARGET_CHANGE,,"HISTORICAL UK RETAIL, ISA, ACCOUNT AND BROKER ELIGIBILITY REMAIN PARTLY UNRESOLVED"
ABLATION_REGIME_ONLY,WEEKLY,2026-03-20,GLOBAL_SILVER_MINERS,FAILED,,"{""GLOBAL_SILVER_MINERS"": 1.0}","{""GLOBAL_SILVER_MINERS"": 1.0}",1.0,4,STRONG,1.0,1.0,0.0,NO_TARGET_CHANGE,,"HISTORICAL UK RETAIL, ISA, ACCOUNT AND BROKER ELIGIBILITY REMAIN PARTLY UNRESOLVED"
ABLATION_REGIME_ONLY,WEEKLY,2026-03-27,GLOBAL_SILVER_MINERS,FAILED,,"{""GLOBAL_SILVER_MINERS"": 1.0}","{""GLOBAL_SILVER_MINERS"": 1.0}",1.0,3,MATURE,1.0,1.0,0.0,NO_TARGET_CHANGE,,"HISTORICAL UK RETAIL, ISA, ACCOUNT AND BROKER ELIGIBILITY REMAIN PARTLY UNRESOLVED"
ABLATION_REGIME_ONLY,WEEKLY,2026-03-31,GLOBAL_OIL_GAS,EXTENDED,,"{""GLOBAL_OIL_GAS"": 1.0}","{""GLOBAL_OIL_GAS"": 1.0}",1.0,3,MATURE,1.0,1.0,0.0,PLANNED,2026-04-01,"HISTORICAL UK RETAIL, ISA, ACCOUNT AND BROKER ELIGIBILITY REMAIN PARTLY UNRESOLVED"
ABLATION_REGIME_ONLY,WEEKLY,2026-04-02,GLOBAL_OIL_GAS,CONFIRMING,,"{""GLOBAL_OIL_GAS"": 1.0}","{""GLOBAL_OIL_GAS"": 1.0}",1.0,4,STRONG,1.0,1.0,0.0,NO_TARGET_CHANGE,,"HISTORICAL UK RETAIL, ISA, ACCOUNT AND BROKER ELIGIBILITY REMAIN PARTLY UNRESOLVED"
ABLATION_REGIME_ONLY,WEEKLY,2026-04-10,GLOBAL_OIL_GAS,CONFIRMING,,"{""GLOBAL_OIL_GAS"": 1.0}","{""GLOBAL_OIL_GAS"": 1.0}",1.0,4,STRONG,1.0,1.0,0.0,NO_TARGET_CHANGE,,"HISTORICAL UK RETAIL, ISA, ACCOUNT AND BROKER ELIGIBILITY REMAIN PARTLY UNRESOLVED"
ABLATION_REGIME_ONLY,WEEKLY,2026-04-17,GLOBAL_OIL_GAS,OTHER,,"{""GLOBAL_OIL_GAS"": 1.0}","{""GLOBAL_OIL_GAS"": 1.0}",1.0,3,MATURE,1.0,1.0,0.0,NO_TARGET_CHANGE,,"HISTORICAL UK RETAIL, ISA, ACCOUNT AND BROKER ELIGIBILITY REMAIN PARTLY UNRESOLVED"
ABLATION_REGIME_ONLY,WEEKLY,2026-04-24,GLOBAL_OIL_GAS,WEAKENING,,"{""GLOBAL_OIL_GAS"": 1.0}","{""GLOBAL_OIL_GAS"": 1.0}",1.0,4,STRONG,1.0,1.0,0.0,NO_TARGET_CHANGE,,"HISTORICAL UK RETAIL, ISA, ACCOUNT AND BROKER ELIGIBILITY REMAIN PARTLY UNRESOLVED"
ABLATION_REGIME_ONLY,WEEKLY,2026-04-30,GLOBAL_SEMICONDUCTORS,EXTENDED,,"{""GLOBAL_SEMICONDUCTORS"": 1.0}","{""GLOBAL_SEMICONDUCTORS"": 1.0}",1.0,4,STRONG,1.0,1.0,0.0,PLANNED,2026-05-01,"HISTORICAL UK RETAIL, ISA, ACCOUNT AND BROKER ELIGIBILITY REMAIN PARTLY UNRESOLVED"
ABLATION_REGIME_ONLY,WEEKLY,2026-05-01,GLOBAL_SEMICONDUCTORS,EXTENDED,,"{""GLOBAL_SEMICONDUCTORS"": 1.0}","{""GLOBAL_SEMICONDUCTORS"": 1.0}",1.0,5,STRONG,1.0,1.0,0.0,NO_TARGET_CHANGE,,"HISTORICAL UK RETAIL, ISA, ACCOUNT AND BROKER ELIGIBILITY REMAIN PARTLY UNRESOLVED"
ABLATION_REGIME_ONLY,WEEKLY,2026-05-08,GLOBAL_SEMICONDUCTORS,EXTENDED,,"{""GLOBAL_SEMICONDUCTORS"": 1.0}","{""GLOBAL_SEMICONDUCTORS"": 1.0}",1.0,5,STRONG,1.0,1.0,0.0,NO_TARGET_CHANGE,,"HISTORICAL UK RETAIL, ISA, ACCOUNT AND BROKER ELIGIBILITY REMAIN PARTLY UNRESOLVED"
ABLATION_REGIME_ONLY,WEEKLY,2026-05-15,GLOBAL_SEMICONDUCTORS,EXTENDED,,"{""GLOBAL_SEMICONDUCTORS"": 1.0}","{""GLOBAL_SEMICONDUCTORS"": 1.0}",1.0,4,MATURE,1.0,1.0,0.0,NO_TARGET_CHANGE,,"HISTORICAL UK RETAIL, ISA, ACCOUNT AND BROKER ELIGIBILITY REMAIN PARTLY UNRESOLVED"
ABLATION_REGIME_ONLY,WEEKLY,2026-05-22,GLOBAL_SEMICONDUCTORS,EXTENDED,,"{""GLOBAL_SEMICONDUCTORS"": 1.0}","{""GLOBAL_SEMICONDUCTORS"": 1.0}",1.0,3,DETERIORATING,1.0,1.0,0.0,NO_TARGET_CHANGE,,"HISTORICAL UK RETAIL, ISA, ACCOUNT AND BROKER ELIGIBILITY REMAIN PARTLY UNRESOLVED"
ABLATION_REGIME_ONLY,WEEKLY,2026-05-29,GLOBAL_SEMICONDUCTORS,EXTENDED,,"{""GLOBAL_SEMICONDUCTORS"": 1.0}","{""GLOBAL_SEMICONDUCTORS"": 1.0}",1.0,4,MATURE,1.0,1.0,0.0,NO_TARGET_CHANGE,,"HISTORICAL UK RETAIL, ISA, ACCOUNT AND BROKER ELIGIBILITY REMAIN PARTLY UNRESOLVED"
ABLATION_REGIME_ONLY,WEEKLY,2026-06-05,GLOBAL_SEMICONDUCTORS,EXTENDED,,"{""GLOBAL_SEMICONDUCTORS"": 1.0}","{""GLOBAL_SEMICONDUCTORS"": 1.0}",1.0,3,DETERIORATING,1.0,1.0,0.0,NO_TARGET_CHANGE,,"HISTORICAL UK RETAIL, ISA, ACCOUNT AND BROKER ELIGIBILITY REMAIN PARTLY UNRESOLVED"
ABLATION_REGIME_ONLY,WEEKLY,2026-06-12,GLOBAL_SEMICONDUCTORS,EXTENDED,,"{""GLOBAL_SEMICONDUCTORS"": 1.0}","{""GLOBAL_SEMICONDUCTORS"": 1.0}",1.0,4,MATURE,1.0,1.0,0.0,NO_TARGET_CHANGE,,"HISTORICAL UK RETAIL, ISA, ACCOUNT AND BROKER ELIGIBILITY REMAIN PARTLY UNRESOLVED"
ABLATION_REGIME_ONLY,WEEKLY,2026-06-19,GLOBAL_SEMICONDUCTORS,EXTENDED,,"{""GLOBAL_SEMICONDUCTORS"": 1.0}","{""GLOBAL_SEMICONDUCTORS"": 1.0}",1.0,3,DETERIORATING,1.0,1.0,0.0,NO_TARGET_CHANGE,,"HISTORICAL UK RETAIL, ISA, ACCOUNT AND BROKER ELIGIBILITY REMAIN PARTLY UNRESOLVED"
ABLATION_REGIME_ONLY,WEEKLY,2026-06-26,GLOBAL_SEMICONDUCTORS,EXTENDED,,"{""GLOBAL_SEMICONDUCTORS"": 1.0}","{""GLOBAL_SEMICONDUCTORS"": 1.0}",1.0,3,DETERIORATING,1.0,1.0,0.0,NO_TARGET_CHANGE,,"HISTORICAL UK RETAIL, ISA, ACCOUNT AND BROKER ELIGIBILITY REMAIN PARTLY UNRESOLVED"
ABLATION_REGIME_ONLY,WEEKLY,2026-06-30,GLOBAL_SEMICONDUCTORS,EXTENDED,,"{""GLOBAL_SEMICONDUCTORS"": 1.0}","{""GLOBAL_SEMICONDUCTORS"": 1.0}",1.0,3,DETERIORATING,1.0,1.0,0.0,NO_TARGET_CHANGE,,"HISTORICAL UK RETAIL, ISA, ACCOUNT AND BROKER ELIGIBILITY REMAIN PARTLY UNRESOLVED"
ABLATION_REGIME_ONLY,WEEKLY,2026-07-03,GLOBAL_SEMICONDUCTORS,EXTENDED,,"{""GLOBAL_SEMICONDUCTORS"": 1.0}","{""GLOBAL_SEMICONDUCTORS"": 1.0}",1.0,3,DETERIORATING,1.0,1.0,0.0,NO_TARGET_CHANGE,,"HISTORICAL UK RETAIL, ISA, ACCOUNT AND BROKER ELIGIBILITY REMAIN PARTLY UNRESOLVED"
ABLATION_REGIME_ONLY,WEEKLY,2026-07-10,GLOBAL_SEMICONDUCTORS,EXTENDED,,"{""GLOBAL_SEMICONDUCTORS"": 1.0}","{""GLOBAL_SEMICONDUCTORS"": 1.0}",1.0,3,MATURE,1.0,1.0,0.0,NO_TARGET_CHANGE,,"HISTORICAL UK RETAIL, ISA, ACCOUNT AND BROKER ELIGIBILITY REMAIN PARTLY UNRESOLVED"
ABLATION_REGIME_ONLY,WEEKLY,2026-07-17,GLOBAL_SEMICONDUCTORS,WEAKENING,,"{""GLOBAL_SEMICONDUCTORS"": 1.0}","{""GLOBAL_SEMICONDUCTORS"": 1.0}",1.0,2,DETERIORATING,1.0,1.0,0.0,NO_TARGET_CHANGE,,"HISTORICAL UK RETAIL, ISA, ACCOUNT AND BROKER ELIGIBILITY REMAIN PARTLY UNRESOLVED"
ABLATION_REGIME_ONLY,WEEKLY,2026-07-24,GLOBAL_SEMICONDUCTORS,WEAKENING,,"{""GLOBAL_SEMICONDUCTORS"": 1.0}","{""GLOBAL_SEMICONDUCTORS"": 1.0}",1.0,3,MATURE,1.0,1.0,0.0,NO_TARGET_CHANGE,,"HISTORICAL UK RETAIL, ISA, ACCOUNT AND BROKER ELIGIBILITY REMAIN PARTLY UNRESOLVED"
ABLATION_REGIME_ONLY,WEEKLY,2026-07-31,GLOBAL_SEMICONDUCTORS,WEAKENING,,"{""GLOBAL_SEMICONDUCTORS"": 1.0}","{""GLOBAL_SEMICONDUCTORS"": 1.0}",1.0,5,STRONG,1.0,1.0,0.0,NO_TARGET_CHANGE,,"HISTORICAL UK RETAIL, ISA, ACCOUNT AND BROKER ELIGIBILITY REMAIN PARTLY UNRESOLVED"
ABLATION_REGIME_ONLY,WEEKLY,2026-08-07,GLOBAL_SEMICONDUCTORS,FAILED,,"{""GLOBAL_SEMICONDUCTORS"": 1.0}","{""GLOBAL_SEMICONDUCTORS"": 1.0}",1.0,3,DETERIORATING,1.0,1.0,0.0,NO_TARGET_CHANGE,,"HISTORICAL UK RETAIL, ISA, ACCOUNT AND BROKER ELIGIBILITY REMAIN PARTLY UNRESOLVED"
ABLATION_REGIME_ONLY,WEEKLY,2026-08-14,GLOBAL_SEMICONDUCTORS,WEAKENING,,"{""GLOBAL_SEMICONDUCTORS"": 1.0}","{""GLOBAL_SEMICONDUCTORS"": 1.0}",1.0,3,DETERIORATING,1.0,1.0,0.0,NO_TARGET_CHANGE,,"HISTORICAL UK RETAIL, ISA, ACCOUNT AND BROKER ELIGIBILITY REMAIN PARTLY UNRESOLVED"
ABLATION_REGIME_ONLY,WEEKLY,2026-08-21,GLOBAL_GENOMICS,EXTENDED,,"{""GLOBAL_GENOMICS"": 1.0}","{""GLOBAL_GENOMICS"": 1.0}",1.0,3,DETERIORATING,1.0,1.0,0.0,CANCELLED_PANEL_END_NO_EXECUTION_SESSION,,"HISTORICAL UK RETAIL, ISA, ACCOUNT AND BROKER ELIGIBILITY REMAIN PARTLY UNRESOLVED"
ABLATION_SCALE_IN_PLUS_EXIT_NOT_RUN,WEEKLY,2021-08-31,GLOBAL_CYBERSECURITY,ESTABLISHED,,"{""GLOBAL_CYBERSECURITY"": 1.0}","{""GLOBAL_CYBERSECURITY"": 1.0}",1.0,3,MATURE,1.0,1.0,0.0,PLANNED,2021-09-01,"HISTORICAL UK RETAIL, ISA, ACCOUNT AND BROKER ELIGIBILITY REMAIN PARTLY UNRESOLVED"
ABLATION_SCALE_IN_PLUS_EXIT_NOT_RUN,WEEKLY,2021-09-03,GLOBAL_CYBERSECURITY,EXTENDED,,"{""GLOBAL_CYBERSECURITY"": 1.0}","{""GLOBAL_CYBERSECURITY"": 1.0}",1.0,3,MATURE,1.0,1.0,0.0,NO_TARGET_CHANGE,,"HISTORICAL UK RETAIL, ISA, ACCOUNT AND BROKER ELIGIBILITY REMAIN PARTLY UNRESOLVED"
ABLATION_SCALE_IN_PLUS_EXIT_NOT_RUN,WEEKLY,2021-09-10,GLOBAL_CYBERSECURITY,ESTABLISHED,,"{""GLOBAL_CYBERSECURITY"": 1.0}","{""GLOBAL_CYBERSECURITY"": 1.0}",1.0,3,MATURE,1.0,1.0,0.0,NO_TARGET_CHANGE,,"HISTORICAL UK RETAIL, ISA, ACCOUNT AND BROKER ELIGIBILITY REMAIN PARTLY UNRESOLVED"
ABLATION_SCALE_IN_PLUS_EXIT_NOT_RUN,WEEKLY,2021-09-17,GLOBAL_CYBERSECURITY,ESTABLISHED,,"{""GLOBAL_CYBERSECURITY"": 1.0}","{""GLOBAL_CYBERSECURITY"": 1.0}",1.0,3,MATURE,1.0,1.0,0.0,NO_TARGET_CHANGE,,"HISTORICAL UK RETAIL, ISA, ACCOUNT AND BROKER ELIGIBILITY REMAIN PARTLY UNRESOLVED"
ABLATION_SCALE_IN_PLUS_EXIT_NOT_RUN,WEEKLY,2021-09-24,GLOBAL_CYBERSECURITY,WEAKENING,,"{""GLOBAL_CYBERSECURITY"": 1.0}","{""GLOBAL_CYBERSECURITY"": 1.0}",1.0,3,MATURE,1.0,1.0,0.0,NO_TARGET_CHANGE,,"HISTORICAL UK RETAIL, ISA, ACCOUNT AND BROKER ELIGIBILITY REMAIN PARTLY UNRESOLVED"
ABLATION_SCALE_IN_PLUS_EXIT_NOT_RUN,WEEKLY,2021-09-30,GLOBAL_OIL_GAS,ESTABLISHED,,"{""GLOBAL_OIL_GAS"": 1.0}","{""GLOBAL_OIL_GAS"": 1.0}",1.0,3,MATURE,1.0,1.0,0.0,PLANNED,2021-10-01,"HISTORICAL UK RETAIL, ISA, ACCOUNT AND BROKER ELIGIBILITY REMAIN PARTLY UNRESOLVED"
ABLATION_SCALE_IN_PLUS_EXIT_NOT_RUN,WEEKLY,2021-10-01,GLOBAL_OIL_GAS,ESTABLISHED,,"{""GLOBAL_OIL_GAS"": 1.0}","{""GLOBAL_OIL_GAS"": 1.0}",1.0,4,STRONG,1.0,1.0,0.0,NO_TARGET_CHANGE,,"HISTORICAL UK RETAIL, ISA, ACCOUNT AND BROKER ELIGIBILITY REMAIN PARTLY UNRESOLVED"
ABLATION_SCALE_IN_PLUS_EXIT_NOT_RUN,WEEKLY,2021-10-08,GLOBAL_OIL_GAS,EXTENDED,,"{""GLOBAL_OIL_GAS"": 1.0}","{""GLOBAL_OIL_GAS"": 1.0}",1.0,4,STRONG,1.0,1.0,0.0,NO_TARGET_CHANGE,,"HISTORICAL UK RETAIL, ISA, ACCOUNT AND BROKER ELIGIBILITY REMAIN PARTLY UNRESOLVED"
ABLATION_SCALE_IN_PLUS_EXIT_NOT_RUN,WEEKLY,2021-10-15,GLOBAL_OIL_GAS,EXTENDED,,"{""GLOBAL_OIL_GAS"": 1.0}","{""GLOBAL_OIL_GAS"": 1.0}",1.0,5,STRONG,1.0,1.0,0.0,NO_TARGET_CHANGE,,"HISTORICAL UK RETAIL, ISA, ACCOUNT AND BROKER ELIGIBILITY REMAIN PARTLY UNRESOLVED"
ABLATION_SCALE_IN_PLUS_EXIT_NOT_RUN,WEEKLY,2021-10-22,GLOBAL_OIL_GAS,EXTENDED,,"{""GLOBAL_OIL_GAS"": 1.0}","{""GLOBAL_OIL_GAS"": 1.0}",1.0,3,DETERIORATING,1.0,1.0,0.0,NO_TARGET_CHANGE,,"HISTORICAL UK RETAIL, ISA, ACCOUNT AND BROKER ELIGIBILITY REMAIN PARTLY UNRESOLVED"
ABLATION_SCALE_IN_PLUS_EXIT_NOT_RUN,WEEKLY,2021-10-29,GLOBAL_OIL_GAS,EXTENDED,,"{""GLOBAL_OIL_GAS"": 1.0}","{""GLOBAL_OIL_GAS"": 1.0}",1.0,3,DETERIORATING,1.0,1.0,0.0,NO_TARGET_CHANGE,,"HISTORICAL UK RETAIL, ISA, ACCOUNT AND BROKER ELIGIBILITY REMAIN PARTLY UNRESOLVED"
ABLATION_SCALE_IN_PLUS_EXIT_NOT_RUN,WEEKLY,2021-11-05,GLOBAL_OIL_GAS,EXTENDED,,"{""GLOBAL_OIL_GAS"": 1.0}","{""GLOBAL_OIL_GAS"": 1.0}",1.0,2,DETERIORATING,1.0,1.0,0.0,NO_TARGET_CHANGE,,"HISTORICAL UK RETAIL, ISA, ACCOUNT AND BROKER ELIGIBILITY REMAIN PARTLY UNRESOLVED"
ABLATION_SCALE_IN_PLUS_EXIT_NOT_RUN,WEEKLY,2021-11-12,GLOBAL_OIL_GAS,WEAKENING,,"{""GLOBAL_OIL_GAS"": 1.0}","{""GLOBAL_OIL_GAS"": 1.0}",1.0,3,DETERIORATING,1.0,1.0,0.0,NO_TARGET_CHANGE,,"HISTORICAL UK RETAIL, ISA, ACCOUNT AND BROKER ELIGIBILITY REMAIN PARTLY UNRESOLVED"
ABLATION_SCALE_IN_PLUS_EXIT_NOT_RUN,WEEKLY,2021-11-19,GLOBAL_OIL_GAS,WEAKENING,,"{""GLOBAL_OIL_GAS"": 1.0}","{""GLOBAL_OIL_GAS"": 1.0}",1.0,2,DETERIORATING,1.0,1.0,0.0,NO_TARGET_CHANGE,,"HISTORICAL UK RETAIL, ISA, ACCOUNT AND BROKER ELIGIBILITY REMAIN PARTLY UNRESOLVED"
ABLATION_SCALE_IN_PLUS_EXIT_NOT_RUN,WEEKLY,2021-11-26,GLOBAL_OIL_GAS,WEAKENING,,"{""GLOBAL_OIL_GAS"": 1.0}","{""GLOBAL_OIL_GAS"": 1.0}",1.0,2,DETERIORATING,1.0,1.0,0.0,NO_TARGET_CHANGE,,"HISTORICAL UK RETAIL, ISA, ACCOUNT AND BROKER ELIGIBILITY REMAIN PARTLY UNRESOLVED"
ABLATION_SCALE_IN_PLUS_EXIT_NOT_RUN,WEEKLY,2021-11-30,GLOBAL_SEMICONDUCTORS,EXTENDED,,"{""GLOBAL_SEMICONDUCTORS"": 1.0}","{""GLOBAL_SEMICONDUCTORS"": 1.0}",1.0,2,DETERIORATING,1.0,1.0,0.0,PLANNED,2021-12-01,"HISTORICAL UK RETAIL, ISA, ACCOUNT AND BROKER ELIGIBILITY REMAIN PARTLY UNRESOLVED"
ABLATION_SCALE_IN_PLUS_EXIT_NOT_RUN,WEEKLY,2021-12-03,GLOBAL_SEMICONDUCTORS,EXTENDED,,"{""GLOBAL_SEMICONDUCTORS"": 1.0}","{""GLOBAL_SEMICONDUCTORS"": 1.0}",1.0,3,DETERIORATING,1.0,1.0,0.0,NO_TARGET_CHANGE,,"HISTORICAL UK RETAIL, ISA, ACCOUNT AND BROKER ELIGIBILITY REMAIN PARTLY UNRESOLVED"
ABLATION_SCALE_IN_PLUS_EXIT_NOT_RUN,WEEKLY,2021-12-10,GLOBAL_SEMICONDUCTORS,ESTABLISHED,,"{""GLOBAL_SEMICONDUCTORS"": 1.0}","{""GLOBAL_SEMICONDUCTORS"": 1.0}",1.0,2,DETERIORATING,1.0,1.0,0.0,NO_TARGET_CHANGE,,"HISTORICAL UK RETAIL, ISA, ACCOUNT AND BROKER ELIGIBILITY REMAIN PARTLY UNRESOLVED"
ABLATION_SCALE_IN_PLUS_EXIT_NOT_RUN,WEEKLY,2021-12-17,GLOBAL_SEMICONDUCTORS,ESTABLISHED,,"{""GLOBAL_SEMICONDUCTORS"": 1.0}","{""GLOBAL_SEMICONDUCTORS"": 1.0}",1.0,3,POSITIVE,1.0,1.0,0.0,NO_TARGET_CHANGE,,"HISTORICAL UK RETAIL, ISA, ACCOUNT AND BROKER ELIGIBILITY REMAIN PARTLY UNRESOLVED"
ABLATION_SCALE_IN_PLUS_EXIT_NOT_RUN,WEEKLY,2021-12-24,GLOBAL_SEMICONDUCTORS,EXTENDED,,"{""GLOBAL_SEMICONDUCTORS"": 1.0}","{""GLOBAL_SEMICONDUCTORS"": 1.0}",1.0,0,HOSTILE,1.0,1.0,0.0,NO_TARGET_CHANGE,,"HISTORICAL UK RETAIL, ISA, ACCOUNT AND BROKER ELIGIBILITY REMAIN PARTLY UNRESOLVED"
ABLATION_SCALE_IN_PLUS_EXIT_NOT_RUN,WEEKLY,2021-12-31,GLOBAL_SEMICONDUCTORS,EXTENDED,,"{""GLOBAL_SEMICONDUCTORS"": 1.0}","{""GLOBAL_SEMICONDUCTORS"": 1.0}",1.0,2,POSITIVE,1.0,1.0,0.0,NO_TARGET_CHANGE,,"HISTORICAL UK RETAIL, ISA, ACCOUNT AND BROKER ELIGIBILITY REMAIN PARTLY UNRESOLVED"
ABLATION_SCALE_IN_PLUS_EXIT_NOT_RUN,WEEKLY,2022-01-07,GLOBAL_SEMICONDUCTORS,OTHER,,"{""GLOBAL_SEMICONDUCTORS"": 1.0}","{""GLOBAL_SEMICONDUCTORS"": 1.0}",1.0,2,POSITIVE,1.0,1.0,0.0,NO_TARGET_CHANGE,,"HISTORICAL UK RETAIL, ISA, ACCOUNT AND BROKER ELIGIBILITY REMAIN PARTLY UNRESOLVED"
ABLATION_SCALE_IN_PLUS_EXIT_NOT_RUN,WEEKLY,2022-01-14,GLOBAL_SEMICONDUCTORS,WEAKENING,,"{""GLOBAL_SEMICONDUCTORS"": 1.0}","{""GLOBAL_SEMICONDUCTORS"": 1.0}",1.0,4,STRONG,1.0,1.0,0.0,NO_TARGET_CHANGE,,"HISTORICAL UK RETAIL, ISA, ACCOUNT AND BROKER ELIGIBILITY REMAIN PARTLY UNRESOLVED"
ABLATION_SCALE_IN_PLUS_EXIT_NOT_RUN,WEEKLY,2022-01-21,GLOBAL_SEMICONDUCTORS,WEAKENING,,"{""GLOBAL_SEMICONDUCTORS"": 1.0}","{""GLOBAL_SEMICONDUCTORS"": 1.0}",1.0,3,MATURE,1.0,1.0,0.0,NO_TARGET_CHANGE,,"HISTORICAL UK RETAIL, ISA, ACCOUNT AND BROKER ELIGIBILITY REMAIN PARTLY UNRESOLVED"
ABLATION_SCALE_IN_PLUS_EXIT_NOT_RUN,WEEKLY,2022-01-28,GLOBAL_SEMICONDUCTORS,FAILED,,"{""GLOBAL_SEMICONDUCTORS"": 1.0}","{""GLOBAL_SEMICONDUCTORS"": 1.0}",1.0,2,HOSTILE,1.0,1.0,0.0,NO_TARGET_CHANGE,,"HISTORICAL UK RETAIL, ISA, ACCOUNT AND BROKER ELIGIBILITY REMAIN PARTLY UNRESOLVED"
ABLATION_SCALE_IN_PLUS_EXIT_NOT_RUN,WEEKLY,2022-01-31,GLOBAL_OIL_GAS,EXTENDED,,"{""GLOBAL_OIL_GAS"": 1.0}","{""GLOBAL_OIL_GAS"": 1.0}",1.0,2,HOSTILE,1.0,1.0,0.0,PLANNED,2022-02-01,"HISTORICAL UK RETAIL, ISA, ACCOUNT AND BROKER ELIGIBILITY REMAIN PARTLY UNRESOLVED"
ABLATION_SCALE_IN_PLUS_EXIT_NOT_RUN,WEEKLY,2022-02-04,GLOBAL_OIL_GAS,EXTENDED,,"{""GLOBAL_OIL_GAS"": 1.0}","{""GLOBAL_OIL_GAS"": 1.0}",1.0,4,STRONG,1.0,1.0,0.0,NO_TARGET_CHANGE,,"HISTORICAL UK RETAIL, ISA, ACCOUNT AND BROKER ELIGIBILITY REMAIN PARTLY UNRESOLVED"
ABLATION_SCALE_IN_PLUS_EXIT_NOT_RUN,WEEKLY,2022-02-11,GLOBAL_OIL_GAS,EXTENDED,,"{""GLOBAL_OIL_GAS"": 1.0}","{""GLOBAL_OIL_GAS"": 1.0}",1.0,2,DETERIORATING,1.0,1.0,0.0,NO_TARGET_CHANGE,,"HISTORICAL UK RETAIL, ISA, ACCOUNT AND BROKER ELIGIBILITY REMAIN PARTLY UNRESOLVED"
ABLATION_SCALE_IN_PLUS_EXIT_NOT_RUN,WEEKLY,2022-02-18,GLOBAL_OIL_GAS,EXTENDED,,"{""GLOBAL_OIL_GAS"": 1.0}","{""GLOBAL_OIL_GAS"": 1.0}",1.0,2,HOSTILE,1.0,1.0,0.0,NO_TARGET_CHANGE,,"HISTORICAL UK RETAIL, ISA, ACCOUNT AND BROKER ELIGIBILITY REMAIN PARTLY UNRESOLVED"
ABLATION_SCALE_IN_PLUS_EXIT_NOT_RUN,WEEKLY,2022-02-25,GLOBAL_OIL_GAS,EXTENDED,,"{""GLOBAL_OIL_GAS"": 1.0}","{""GLOBAL_OIL_GAS"": 1.0}",1.0,2,HOSTILE,1.0,1.0,0.0,NO_TARGET_CHANGE,,"HISTORICAL UK RETAIL, ISA, ACCOUNT AND BROKER ELIGIBILITY REMAIN PARTLY UNRESOLVED"
ABLATION_SCALE_IN_PLUS_EXIT_NOT_RUN,WEEKLY,2022-02-28,GLOBAL_OIL_GAS,EXTENDED,,"{""GLOBAL_OIL_GAS"": 1.0}","{""GLOBAL_OIL_GAS"": 1.0}",1.0,2,HOSTILE,1.0,1.0,0.0,NO_TARGET_CHANGE,,"HISTORICAL UK RETAIL, ISA, ACCOUNT AND BROKER ELIGIBILITY REMAIN PARTLY UNRESOLVED"
ABLATION_SCALE_IN_PLUS_EXIT_NOT_RUN,WEEKLY,2022-03-04,GLOBAL_OIL_GAS,EXTENDED,,"{""GLOBAL_OIL_GAS"": 1.0}","{""GLOBAL_OIL_GAS"": 1.0}",1.0,1,HOSTILE,1.0,1.0,0.0,NO_TARGET_CHANGE,,"HISTORICAL UK RETAIL, ISA, ACCOUNT AND BROKER ELIGIBILITY REMAIN PARTLY UNRESOLVED"
ABLATION_SCALE_IN_PLUS_EXIT_NOT_RUN,WEEKLY,2022-03-11,GLOBAL_OIL_GAS,EXTENDED,,"{""GLOBAL_OIL_GAS"": 1.0}","{""GLOBAL_OIL_GAS"": 1.0}",1.0,2,HOSTILE,1.0,1.0,0.0,NO_TARGET_CHANGE,,"HISTORICAL UK RETAIL, ISA, ACCOUNT AND BROKER ELIGIBILITY REMAIN PARTLY UNRESOLVED"
ABLATION_SCALE_IN_PLUS_EXIT_NOT_RUN,WEEKLY,2022-03-18,GLOBAL_OIL_GAS,EXTENDED,,"{""GLOBAL_OIL_GAS"": 1.0}","{""GLOBAL_OIL_GAS"": 1.0}",1.0,3,MATURE,1.0,1.0,0.0,NO_TARGET_CHANGE,,"HISTORICAL UK RETAIL, ISA, ACCOUNT AND BROKER ELIGIBILITY REMAIN PARTLY UNRESOLVED"
ABLATION_SCALE_IN_PLUS_EXIT_NOT_RUN,WEEKLY,2022-03-25,GLOBAL_OIL_GAS,EXTENDED,,"{""GLOBAL_OIL_GAS"": 1.0}","{""GLOBAL_OIL_GAS"": 1.0}",1.0,3,MATURE,1.0,1.0,0.0,NO_TARGET_CHANGE,,"HISTORICAL UK RETAIL, ISA, ACCOUNT AND BROKER ELIGIBILITY REMAIN PARTLY UNRESOLVED"
ABLATION_SCALE_IN_PLUS_EXIT_NOT_RUN,WEEKLY,2022-03-31,GLOBAL_OIL_GAS,EXTENDED,,"{""GLOBAL_OIL_GAS"": 1.0}","{""GLOBAL_OIL_GAS"": 1.0}",1.0,3,MATURE,1.0,1.0,0.0,NO_TARGET_CHANGE,,"HISTORICAL UK RETAIL, ISA, ACCOUNT AND BROKER ELIGIBILITY REMAIN PARTLY UNRESOLVED"
ABLATION_SCALE_IN_PLUS_EXIT_NOT_RUN,WEEKLY,2022-04-01,GLOBAL_OIL_GAS,EXTENDED,,"{""GLOBAL_OIL_GAS"": 1.0}","{""GLOBAL_OIL_GAS"": 1.0}",1.0,2,DETERIORATING,1.0,1.0,0.0,NO_TARGET_CHANGE,,"HISTORICAL UK RETAIL, ISA, ACCOUNT AND BROKER ELIGIBILITY REMAIN PARTLY UNRESOLVED"
ABLATION_SCALE_IN_PLUS_EXIT_NOT_RUN,WEEKLY,2022-04-08,GLOBAL_OIL_GAS,EXTENDED,,"{""GLOBAL_OIL_GAS"": 1.0}","{""GLOBAL_OIL_GAS"": 1.0}",1.0,3,POSITIVE,1.0,1.0,0.0,NO_TARGET_CHANGE,,"HISTORICAL UK RETAIL, ISA, ACCOUNT AND BROKER ELIGIBILITY REMAIN PARTLY UNRESOLVED"
ABLATION_SCALE_IN_PLUS_EXIT_NOT_RUN,WEEKLY,2022-04-14,GLOBAL_OIL_GAS,EXTENDED,,"{""GLOBAL_OIL_GAS"": 1.0}","{""GLOBAL_OIL_GAS"": 1.0}",1.0,3,POSITIVE,1.0,1.0,0.0,NO_TARGET_CHANGE,,"HISTORICAL UK RETAIL, ISA, ACCOUNT AND BROKER ELIGIBILITY REMAIN PARTLY UNRESOLVED"
ABLATION_SCALE_IN_PLUS_EXIT_NOT_RUN,WEEKLY,2022-04-22,GLOBAL_OIL_GAS,EXTENDED,,"{""GLOBAL_OIL_GAS"": 1.0}","{""GLOBAL_OIL_GAS"": 1.0}",1.0,1,HOSTILE,1.0,1.0,0.0,NO_TARGET_CHANGE,,"HISTORICAL UK RETAIL, ISA, ACCOUNT AND BROKER ELIGIBILITY REMAIN PARTLY UNRESOLVED"
ABLATION_SCALE_IN_PLUS_EXIT_NOT_RUN,WEEKLY,2022-04-29,GLOBAL_OIL_GAS,EXTENDED,,"{""GLOBAL_OIL_GAS"": 1.0}","{""GLOBAL_OIL_GAS"": 1.0}",1.0,2,HOSTILE,1.0,1.0,0.0,NO_TARGET_CHANGE,,"HISTORICAL UK RETAIL, ISA, ACCOUNT AND BROKER ELIGIBILITY REMAIN PARTLY UNRESOLVED"
ABLATION_SCALE_IN_PLUS_EXIT_NOT_RUN,WEEKLY,2022-05-06,GLOBAL_OIL_GAS,EXTENDED,,"{""GLOBAL_OIL_GAS"": 1.0}","{""GLOBAL_OIL_GAS"": 1.0}",1.0,2,HOSTILE,1.0,1.0,0.0,NO_TARGET_CHANGE,,"HISTORICAL UK RETAIL, ISA, ACCOUNT AND BROKER ELIGIBILITY REMAIN PARTLY UNRESOLVED"
ABLATION_SCALE_IN_PLUS_EXIT_NOT_RUN,WEEKLY,2022-05-13,GLOBAL_OIL_GAS,EXTENDED,,"{""GLOBAL_OIL_GAS"": 1.0}","{""GLOBAL_OIL_GAS"": 1.0}",1.0,2,HOSTILE,1.0,1.0,0.0,NO_TARGET_CHANGE,,"HISTORICAL UK RETAIL, ISA, ACCOUNT AND BROKER ELIGIBILITY REMAIN PARTLY UNRESOLVED"
ABLATION_SCALE_IN_PLUS_EXIT_NOT_RUN,WEEKLY,2022-05-20,GLOBAL_OIL_GAS,EXTENDED,,"{""GLOBAL_OIL_GAS"": 1.0}","{""GLOBAL_OIL_GAS"": 1.0}",1.0,2,HOSTILE,1.0,1.0,0.0,NO_TARGET_CHANGE,,"HISTORICAL UK RETAIL, ISA, ACCOUNT AND BROKER ELIGIBILITY REMAIN PARTLY UNRESOLVED"
ABLATION_SCALE_IN_PLUS_EXIT_NOT_RUN,WEEKLY,2022-05-27,GLOBAL_OIL_GAS,EXTENDED,,"{""GLOBAL_OIL_GAS"": 1.0}","{""GLOBAL_OIL_GAS"": 1.0}",1.0,1,HOSTILE,1.0,1.0,0.0,NO_TARGET_CHANGE,,"HISTORICAL UK RETAIL, ISA, ACCOUNT AND BROKER ELIGIBILITY REMAIN PARTLY UNRESOLVED"
ABLATION_SCALE_IN_PLUS_EXIT_NOT_RUN,WEEKLY,2022-05-31,GLOBAL_OIL_GAS,EXTENDED,,"{""GLOBAL_OIL_GAS"": 1.0}","{""GLOBAL_OIL_GAS"": 1.0}",1.0,1,HOSTILE,1.0,1.0,0.0,NO_TARGET_CHANGE,,"HISTORICAL UK RETAIL, ISA, ACCOUNT AND BROKER ELIGIBILITY REMAIN PARTLY UNRESOLVED"
ABLATION_SCALE_IN_PLUS_EXIT_NOT_RUN,WEEKLY,2022-06-01,GLOBAL_OIL_GAS,EXTENDED,,"{""GLOBAL_OIL_GAS"": 1.0}","{""GLOBAL_OIL_GAS"": 1.0}",1.0,1,HOSTILE,1.0,1.0,0.0,NO_TARGET_CHANGE,,"HISTORICAL UK RETAIL, ISA, ACCOUNT AND BROKER ELIGIBILITY REMAIN PARTLY UNRESOLVED"
ABLATION_SCALE_IN_PLUS_EXIT_NOT_RUN,WEEKLY,2022-06-10,GLOBAL_OIL_GAS,EXTENDED,,"{""GLOBAL_OIL_GAS"": 1.0}","{""GLOBAL_OIL_GAS"": 1.0}",1.0,1,HOSTILE,1.0,1.0,0.0,NO_TARGET_CHANGE,,"HISTORICAL UK RETAIL, ISA, ACCOUNT AND BROKER ELIGIBILITY REMAIN PARTLY UNRESOLVED"
ABLATION_SCALE_IN_PLUS_EXIT_NOT_RUN,WEEKLY,2022-06-17,GLOBAL_OIL_GAS,WEAKENING,,"{""GLOBAL_OIL_GAS"": 1.0}","{""GLOBAL_OIL_GAS"": 1.0}",1.0,2,HOSTILE,1.0,1.0,0.0,NO_TARGET_CHANGE,,"HISTORICAL UK RETAIL, ISA, ACCOUNT AND BROKER ELIGIBILITY REMAIN PARTLY UNRESOLVED"
ABLATION_SCALE_IN_PLUS_EXIT_NOT_RUN,WEEKLY,2022-06-24,GLOBAL_OIL_GAS,WEAKENING,,"{""GLOBAL_OIL_GAS"": 1.0}","{""GLOBAL_OIL_GAS"": 1.0}",1.0,0,HOSTILE,1.0,1.0,0.0,NO_TARGET_CHANGE,,"HISTORICAL UK RETAIL, ISA, ACCOUNT AND BROKER ELIGIBILITY REMAIN PARTLY UNRESOLVED"
ABLATION_SCALE_IN_PLUS_EXIT_NOT_RUN,WEEKLY,2022-06-30,GLOBAL_OIL_GAS,WEAKENING,,"{""GLOBAL_OIL_GAS"": 1.0}","{""GLOBAL_OIL_GAS"": 1.0}",1.0,0,HOSTILE,1.0,1.0,0.0,NO_TARGET_CHANGE,,"HISTORICAL UK RETAIL, ISA, ACCOUNT AND BROKER ELIGIBILITY REMAIN PARTLY UNRESOLVED"
ABLATION_SCALE_IN_PLUS_EXIT_NOT_RUN,WEEKLY,2022-07-01,GLOBAL_OIL_GAS,WEAKENING,,"{""GLOBAL_OIL_GAS"": 1.0}","{""GLOBAL_OIL_GAS"": 1.0}",1.0,2,HOSTILE,1.0,1.0,0.0,NO_TARGET_CHANGE,,"HISTORICAL UK RETAIL, ISA, ACCOUNT AND BROKER ELIGIBILITY REMAIN PARTLY UNRESOLVED"
ABLATION_SCALE_IN_PLUS_EXIT_NOT_RUN,WEEKLY,2022-07-08,GLOBAL_OIL_GAS,WEAKENING,,"{""GLOBAL_OIL_GAS"": 1.0}","{""GLOBAL_OIL_GAS"": 1.0}",1.0,2,HOSTILE,1.0,1.0,0.0,NO_TARGET_CHANGE,,"HISTORICAL UK RETAIL, ISA, ACCOUNT AND BROKER ELIGIBILITY REMAIN PARTLY UNRESOLVED"
ABLATION_SCALE_IN_PLUS_EXIT_NOT_RUN,WEEKLY,2022-07-15,GLOBAL_OIL_GAS,FAILED,,"{""GLOBAL_OIL_GAS"": 1.0}","{""GLOBAL_OIL_GAS"": 1.0}",1.0,2,HOSTILE,1.0,1.0,0.0,NO_TARGET_CHANGE,,"HISTORICAL UK RETAIL, ISA, ACCOUNT AND BROKER ELIGIBILITY REMAIN PARTLY UNRESOLVED"
ABLATION_SCALE_IN_PLUS_EXIT_NOT_RUN,WEEKLY,2022-07-22,GLOBAL_OIL_GAS,FAILED,,"{""GLOBAL_OIL_GAS"": 1.0}","{""GLOBAL_OIL_GAS"": 1.0}",1.0,3,HOSTILE,1.0,1.0,0.0,NO_TARGET_CHANGE,,"HISTORICAL UK RETAIL, ISA, ACCOUNT AND BROKER ELIGIBILITY REMAIN PARTLY UNRESOLVED"
ABLATION_SCALE_IN_PLUS_EXIT_NOT_RUN,WEEKLY,2022-07-29,GLOBAL_OIL_GAS,WEAKENING,,"{""GLOBAL_OIL_GAS"": 1.0}","{""GLOBAL_OIL_GAS"": 1.0}",1.0,3,POSITIVE,1.0,1.0,0.0,NO_TARGET_CHANGE,,"HISTORICAL UK RETAIL, ISA, ACCOUNT AND BROKER ELIGIBILITY REMAIN PARTLY UNRESOLVED"
ABLATION_SCALE_IN_PLUS_EXIT_NOT_RUN,WEEKLY,2022-08-05,GLOBAL_OIL_GAS,FAILED,,"{""GLOBAL_OIL_GAS"": 1.0}","{""GLOBAL_OIL_GAS"": 1.0}",1.0,4,STRONG,1.0,1.0,0.0,NO_TARGET_CHANGE,,"HISTORICAL UK RETAIL, ISA, ACCOUNT AND BROKER ELIGIBILITY REMAIN PARTLY UNRESOLVED"
ABLATION_SCALE_IN_PLUS_EXIT_NOT_RUN,WEEKLY,2022-08-12,GLOBAL_OIL_GAS,FAILED,,"{""GLOBAL_OIL_GAS"": 1.0}","{""GLOBAL_OIL_GAS"": 1.0}",1.0,4,STRONG,1.0,1.0,0.0,NO_TARGET_CHANGE,,"HISTORICAL UK RETAIL, ISA, ACCOUNT AND BROKER ELIGIBILITY REMAIN PARTLY UNRESOLVED"
ABLATION_SCALE_IN_PLUS_EXIT_NOT_RUN,WEEKLY,2022-08-19,GLOBAL_OIL_GAS,FAILED,,"{""GLOBAL_OIL_GAS"": 1.0}","{""GLOBAL_OIL_GAS"": 1.0}",1.0,3,MATURE,1.0,1.0,0.0,NO_TARGET_CHANGE,,"HISTORICAL UK RETAIL, ISA, ACCOUNT AND BROKER ELIGIBILITY REMAIN PARTLY UNRESOLVED"
ABLATION_SCALE_IN_PLUS_EXIT_NOT_RUN,WEEKLY,2022-08-26,GLOBAL_OIL_GAS,OTHER,,"{""GLOBAL_OIL_GAS"": 1.0}","{""GLOBAL_OIL_GAS"": 1.0}",1.0,4,STRONG,1.0,1.0,0.0,NO_TARGET_CHANGE,,"HISTORICAL UK RETAIL, ISA, ACCOUNT AND BROKER ELIGIBILITY REMAIN PARTLY UNRESOLVED"
ABLATION_SCALE_IN_PLUS_EXIT_NOT_RUN,WEEKLY,2022-08-31,GLOBAL_INFRASTRUCTURE,WEAKENING,,"{""GLOBAL_INFRASTRUCTURE"": 1.0}","{""GLOBAL_INFRASTRUCTURE"": 1.0}",1.0,4,STRONG,1.0,1.0,0.0,PLANNED,2022-09-01,"HISTORICAL UK RETAIL, ISA, ACCOUNT AND BROKER ELIGIBILITY REMAIN PARTLY UNRESOLVED"
ABLATION_SCALE_IN_PLUS_EXIT_NOT_RUN,WEEKLY,2022-09-02,GLOBAL_INFRASTRUCTURE,ESTABLISHED,,"{""GLOBAL_INFRASTRUCTURE"": 1.0}","{""GLOBAL_INFRASTRUCTURE"": 1.0}",1.0,3,MATURE,1.0,1.0,0.0,NO_TARGET_CHANGE,,"HISTORICAL UK RETAIL, ISA, ACCOUNT AND BROKER ELIGIBILITY REMAIN PARTLY UNRESOLVED"
ABLATION_SCALE_IN_PLUS_EXIT_NOT_RUN,WEEKLY,2022-09-09,GLOBAL_INFRASTRUCTURE,OTHER,,"{""GLOBAL_INFRASTRUCTURE"": 1.0}","{""GLOBAL_INFRASTRUCTURE"": 1.0}",1.0,3,MATURE,1.0,1.0,0.0,NO_TARGET_CHANGE,,"HISTORICAL UK RETAIL, ISA, ACCOUNT AND BROKER ELIGIBILITY REMAIN PARTLY UNRESOLVED"
ABLATION_SCALE_IN_PLUS_EXIT_NOT_RUN,WEEKLY,2022-09-16,GLOBAL_INFRASTRUCTURE,OTHER,,"{""GLOBAL_INFRASTRUCTURE"": 1.0}","{""GLOBAL_INFRASTRUCTURE"": 1.0}",1.0,4,STRONG,1.0,1.0,0.0,NO_TARGET_CHANGE,,"HISTORICAL UK RETAIL, ISA, ACCOUNT AND BROKER ELIGIBILITY REMAIN PARTLY UNRESOLVED"
ABLATION_SCALE_IN_PLUS_EXIT_NOT_RUN,WEEKLY,2022-09-23,GLOBAL_INFRASTRUCTURE,OTHER,,"{""GLOBAL_INFRASTRUCTURE"": 1.0}","{""GLOBAL_INFRASTRUCTURE"": 1.0}",1.0,3,MATURE,1.0,1.0,0.0,NO_TARGET_CHANGE,,"HISTORICAL UK RETAIL, ISA, ACCOUNT AND BROKER ELIGIBILITY REMAIN PARTLY UNRESOLVED"
ABLATION_SCALE_IN_PLUS_EXIT_NOT_RUN,WEEKLY,2022-09-30,GLOBAL_OIL_GAS,ESTABLISHED,,"{""GLOBAL_OIL_GAS"": 1.0}","{""GLOBAL_OIL_GAS"": 1.0}",1.0,2,HOSTILE,1.0,1.0,0.0,PLANNED,2022-10-03,"HISTORICAL UK RETAIL, ISA, ACCOUNT AND BROKER ELIGIBILITY REMAIN PARTLY UNRESOLVED"
ABLATION_SCALE_IN_PLUS_EXIT_NOT_RUN,WEEKLY,2022-10-07,GLOBAL_OIL_GAS,EXTENDED,,"{""GLOBAL_OIL_GAS"": 1.0}","{""GLOBAL_OIL_GAS"": 1.0}",1.0,3,HOSTILE,1.0,1.0,0.0,NO_TARGET_CHANGE,,"HISTORICAL UK RETAIL, ISA, ACCOUNT AND BROKER ELIGIBILITY REMAIN PARTLY UNRESOLVED"
ABLATION_SCALE_IN_PLUS_EXIT_NOT_RUN,WEEKLY,2022-10-14,GLOBAL_OIL_GAS,EXTENDED,,"{""GLOBAL_OIL_GAS"": 1.0}","{""GLOBAL_OIL_GAS"": 1.0}",1.0,3,HOSTILE,1.0,1.0,0.0,NO_TARGET_CHANGE,,"HISTORICAL UK RETAIL, ISA, ACCOUNT AND BROKER ELIGIBILITY REMAIN PARTLY UNRESOLVED"
ABLATION_SCALE_IN_PLUS_EXIT_NOT_RUN,WEEKLY,2022-10-21,GLOBAL_OIL_GAS,EXTENDED,,"{""GLOBAL_OIL_GAS"": 1.0}","{""GLOBAL_OIL_GAS"": 1.0}",1.0,2,HOSTILE,1.0,1.0,0.0,NO_TARGET_CHANGE,,"HISTORICAL UK RETAIL, ISA, ACCOUNT AND BROKER ELIGIBILITY REMAIN PARTLY UNRESOLVED"
ABLATION_SCALE_IN_PLUS_EXIT_NOT_RUN,WEEKLY,2022-10-28,GLOBAL_OIL_GAS,ESTABLISHED,,"{""GLOBAL_OIL_GAS"": 1.0}","{""GLOBAL_OIL_GAS"": 1.0}",1.0,3,HOSTILE,1.0,1.0,0.0,NO_TARGET_CHANGE,,"HISTORICAL UK RETAIL, ISA, ACCOUNT AND BROKER ELIGIBILITY REMAIN PARTLY UNRESOLVED"
ABLATION_SCALE_IN_PLUS_EXIT_NOT_RUN,WEEKLY,2022-10-31,GLOBAL_OIL_GAS,EXTENDED,,"{""GLOBAL_OIL_GAS"": 1.0}","{""GLOBAL_OIL_GAS"": 1.0}",1.0,3,HOSTILE,1.0,1.0,0.0,NO_TARGET_CHANGE,,"HISTORICAL UK RETAIL, ISA, ACCOUNT AND BROKER ELIGIBILITY REMAIN PARTLY UNRESOLVED"
ABLATION_SCALE_IN_PLUS_EXIT_NOT_RUN,WEEKLY,2022-11-04,GLOBAL_OIL_GAS,EXTENDED,,"{""GLOBAL_OIL_GAS"": 1.0}","{""GLOBAL_OIL_GAS"": 1.0}",1.0,4,STRONG,1.0,1.0,0.0,NO_TARGET_CHANGE,,"HISTORICAL UK RETAIL, ISA, ACCOUNT AND BROKER ELIGIBILITY REMAIN PARTLY UNRESOLVED"
ABLATION_SCALE_IN_PLUS_EXIT_NOT_RUN,WEEKLY,2022-11-11,GLOBAL_OIL_GAS,WEAKENING,GLOBAL_GOLD_MINERS,"{""GLOBAL_GOLD_MINERS"": 0.25, ""GLOBAL_OIL_GAS"": 0.75}","{""GLOBAL_GOLD_MINERS"": 0.25, ""GLOBAL_OIL_GAS"": 0.75}",1.0,3,MATURE,1.0,1.0,0.0,PLANNED,2022-11-14,"HISTORICAL UK RETAIL, ISA, ACCOUNT AND BROKER ELIGIBILITY REMAIN PARTLY UNRESOLVED"
ABLATION_SCALE_IN_PLUS_EXIT_NOT_RUN,WEEKLY,2022-11-18,GLOBAL_OIL_GAS,WEAKENING,GLOBAL_GOLD_MINERS,"{""GLOBAL_GOLD_MINERS"": 0.25, ""GLOBAL_OIL_GAS"": 0.75}","{""GLOBAL_GOLD_MINERS"": 0.25, ""GLOBAL_OIL_GAS"": 0.75}",1.0,2,DETERIORATING,1.0,1.0,0.0,NO_TARGET_CHANGE,,"HISTORICAL UK RETAIL, ISA, ACCOUNT AND BROKER ELIGIBILITY REMAIN PARTLY UNRESOLVED"
ABLATION_SCALE_IN_PLUS_EXIT_NOT_RUN,WEEKLY,2022-11-25,GLOBAL_OIL_GAS,WEAKENING,,"{""GLOBAL_OIL_GAS"": 1.0}","{""GLOBAL_OIL_GAS"": 1.0}",1.0,4,STRONG,1.0,1.0,0.0,PLANNED,2022-11-28,"HISTORICAL UK RETAIL, ISA, ACCOUNT AND BROKER ELIGIBILITY REMAIN PARTLY UNRESOLVED"
ABLATION_SCALE_IN_PLUS_EXIT_NOT_RUN,WEEKLY,2022-11-30,EUROPE_BANKS,EXTENDED,,"{""EUROPE_BANKS"": 1.0}","{""EUROPE_BANKS"": 1.0}",1.0,4,STRONG,1.0,1.0,0.0,PLANNED,2022-12-01,"HISTORICAL UK RETAIL, ISA, ACCOUNT AND BROKER ELIGIBILITY REMAIN PARTLY UNRESOLVED"
ABLATION_SCALE_IN_PLUS_EXIT_NOT_RUN,WEEKLY,2022-12-02,EUROPE_BANKS,EXTENDED,,"{""EUROPE_BANKS"": 1.0}","{""EUROPE_BANKS"": 1.0}",1.0,4,STRONG,1.0,1.0,0.0,NO_TARGET_CHANGE,,"HISTORICAL UK RETAIL, ISA, ACCOUNT AND BROKER ELIGIBILITY REMAIN PARTLY UNRESOLVED"
ABLATION_SCALE_IN_PLUS_EXIT_NOT_RUN,WEEKLY,2022-12-09,EUROPE_BANKS,EXTENDED,,"{""EUROPE_BANKS"": 1.0}","{""EUROPE_BANKS"": 1.0}",1.0,3,HOSTILE,1.0,1.0,0.0,NO_TARGET_CHANGE,,"HISTORICAL UK RETAIL, ISA, ACCOUNT AND BROKER ELIGIBILITY REMAIN PARTLY UNRESOLVED"
ABLATION_SCALE_IN_PLUS_EXIT_NOT_RUN,WEEKLY,2022-12-16,EUROPE_BANKS,ESTABLISHED,,"{""EUROPE_BANKS"": 1.0}","{""EUROPE_BANKS"": 1.0}",1.0,3,HOSTILE,1.0,1.0,0.0,NO_TARGET_CHANGE,,"HISTORICAL UK RETAIL, ISA, ACCOUNT AND BROKER ELIGIBILITY REMAIN PARTLY UNRESOLVED"
ABLATION_SCALE_IN_PLUS_EXIT_NOT_RUN,WEEKLY,2022-12-23,EUROPE_BANKS,EXTENDED,,"{""EUROPE_BANKS"": 1.0}","{""EUROPE_BANKS"": 1.0}",1.0,3,MATURE,1.0,1.0,0.0,NO_TARGET_CHANGE,,"HISTORICAL UK RETAIL, ISA, ACCOUNT AND BROKER ELIGIBILITY REMAIN PARTLY UNRESOLVED"
ABLATION_SCALE_IN_PLUS_EXIT_NOT_RUN,WEEKLY,2022-12-30,EUROPE_BANKS,EXTENDED,,"{""EUROPE_BANKS"": 1.0}","{""EUROPE_BANKS"": 1.0}",1.0,3,MATURE,1.0,1.0,0.0,NO_TARGET_CHANGE,,"HISTORICAL UK RETAIL, ISA, ACCOUNT AND BROKER ELIGIBILITY REMAIN PARTLY UNRESOLVED"
ABLATION_SCALE_IN_PLUS_EXIT_NOT_RUN,WEEKLY,2023-01-06,EUROPE_BANKS,EXTENDED,,"{""EUROPE_BANKS"": 1.0}","{""EUROPE_BANKS"": 1.0}",1.0,3,MATURE,1.0,1.0,0.0,NO_TARGET_CHANGE,,"HISTORICAL UK RETAIL, ISA, ACCOUNT AND BROKER ELIGIBILITY REMAIN PARTLY UNRESOLVED"
ABLATION_SCALE_IN_PLUS_EXIT_NOT_RUN,WEEKLY,2023-01-13,EUROPE_BANKS,OTHER,,"{""EUROPE_BANKS"": 1.0}","{""EUROPE_BANKS"": 1.0}",1.0,5,STRONG,1.0,1.0,0.0,NO_TARGET_CHANGE,,"HISTORICAL UK RETAIL, ISA, ACCOUNT AND BROKER ELIGIBILITY REMAIN PARTLY UNRESOLVED"
ABLATION_SCALE_IN_PLUS_EXIT_NOT_RUN,WEEKLY,2023-01-20,EUROPE_BANKS,EXTENDED,,"{""EUROPE_BANKS"": 1.0}","{""EUROPE_BANKS"": 1.0}",1.0,3,DETERIORATING,1.0,1.0,0.0,NO_TARGET_CHANGE,,"HISTORICAL UK RETAIL, ISA, ACCOUNT AND BROKER ELIGIBILITY REMAIN PARTLY UNRESOLVED"
ABLATION_SCALE_IN_PLUS_EXIT_NOT_RUN,WEEKLY,2023-01-27,EUROPE_BANKS,EXTENDED,,"{""EUROPE_BANKS"": 1.0}","{""EUROPE_BANKS"": 1.0}",1.0,5,STRONG,1.0,1.0,0.0,NO_TARGET_CHANGE,,"HISTORICAL UK RETAIL, ISA, ACCOUNT AND BROKER ELIGIBILITY REMAIN PARTLY UNRESOLVED"
ABLATION_SCALE_IN_PLUS_EXIT_NOT_RUN,WEEKLY,2023-01-31,EUROPE_BANKS,EXTENDED,,"{""EUROPE_BANKS"": 1.0}","{""EUROPE_BANKS"": 1.0}",1.0,5,STRONG,1.0,1.0,0.0,NO_TARGET_CHANGE,,"HISTORICAL UK RETAIL, ISA, ACCOUNT AND BROKER ELIGIBILITY REMAIN PARTLY UNRESOLVED"
ABLATION_SCALE_IN_PLUS_EXIT_NOT_RUN,WEEKLY,2023-02-03,EUROPE_BANKS,EXTENDED,,"{""EUROPE_BANKS"": 1.0}","{""EUROPE_BANKS"": 1.0}",1.0,4,MATURE,1.0,1.0,0.0,NO_TARGET_CHANGE,,"HISTORICAL UK RETAIL, ISA, ACCOUNT AND BROKER ELIGIBILITY REMAIN PARTLY UNRESOLVED"
ABLATION_SCALE_IN_PLUS_EXIT_NOT_RUN,WEEKLY,2023-02-10,EUROPE_BANKS,EXTENDED,,"{""EUROPE_BANKS"": 1.0}","{""EUROPE_BANKS"": 1.0}",1.0,4,MATURE,1.0,1.0,0.0,NO_TARGET_CHANGE,,"HISTORICAL UK RETAIL, ISA, ACCOUNT AND BROKER ELIGIBILITY REMAIN PARTLY UNRESOLVED"
ABLATION_SCALE_IN_PLUS_EXIT_NOT_RUN,WEEKLY,2023-02-17,EUROPE_BANKS,EXTENDED,,"{""EUROPE_BANKS"": 1.0}","{""EUROPE_BANKS"": 1.0}",1.0,3,DETERIORATING,1.0,1.0,0.0,NO_TARGET_CHANGE,,"HISTORICAL UK RETAIL, ISA, ACCOUNT AND BROKER ELIGIBILITY REMAIN PARTLY UNRESOLVED"
ABLATION_SCALE_IN_PLUS_EXIT_NOT_RUN,WEEKLY,2023-02-24,EUROPE_BANKS,EXTENDED,,"{""EUROPE_BANKS"": 1.0}","{""EUROPE_BANKS"": 1.0}",1.0,3,DETERIORATING,1.0,1.0,0.0,NO_TARGET_CHANGE,,"HISTORICAL UK RETAIL, ISA, ACCOUNT AND BROKER ELIGIBILITY REMAIN PARTLY UNRESOLVED"
ABLATION_SCALE_IN_PLUS_EXIT_NOT_RUN,WEEKLY,2023-02-28,EUROPE_BANKS,EXTENDED,,"{""EUROPE_BANKS"": 1.0}","{""EUROPE_BANKS"": 1.0}",1.0,3,DETERIORATING,1.0,1.0,0.0,NO_TARGET_CHANGE,,"HISTORICAL UK RETAIL, ISA, ACCOUNT AND BROKER ELIGIBILITY REMAIN PARTLY UNRESOLVED"
ABLATION_SCALE_IN_PLUS_EXIT_NOT_RUN,WEEKLY,2023-03-03,EUROPE_BANKS,EXTENDED,,"{""EUROPE_BANKS"": 1.0}","{""EUROPE_BANKS"": 1.0}",1.0,3,DETERIORATING,1.0,1.0,0.0,NO_TARGET_CHANGE,,"HISTORICAL UK RETAIL, ISA, ACCOUNT AND BROKER ELIGIBILITY REMAIN PARTLY UNRESOLVED"
ABLATION_SCALE_IN_PLUS_EXIT_NOT_RUN,WEEKLY,2023-03-10,EUROPE_BANKS,EXTENDED,,"{""EUROPE_BANKS"": 1.0}","{""EUROPE_BANKS"": 1.0}",1.0,4,MATURE,1.0,1.0,0.0,NO_TARGET_CHANGE,,"HISTORICAL UK RETAIL, ISA, ACCOUNT AND BROKER ELIGIBILITY REMAIN PARTLY UNRESOLVED"
ABLATION_SCALE_IN_PLUS_EXIT_NOT_RUN,WEEKLY,2023-03-17,EUROPE_BANKS,WEAKENING,,"{""EUROPE_BANKS"": 1.0}","{""EUROPE_BANKS"": 1.0}",1.0,0,HOSTILE,1.0,1.0,0.0,NO_TARGET_CHANGE,,"HISTORICAL UK RETAIL, ISA, ACCOUNT AND BROKER ELIGIBILITY REMAIN PARTLY UNRESOLVED"
ABLATION_SCALE_IN_PLUS_EXIT_NOT_RUN,WEEKLY,2023-03-24,EUROPE_BANKS,FAILED,,"{""EUROPE_BANKS"": 1.0}","{""EUROPE_BANKS"": 1.0}",1.0,2,HOSTILE,1.0,1.0,0.0,NO_TARGET_CHANGE,,"HISTORICAL UK RETAIL, ISA, ACCOUNT AND BROKER ELIGIBILITY REMAIN PARTLY UNRESOLVED"
ABLATION_SCALE_IN_PLUS_EXIT_NOT_RUN,WEEKLY,2023-03-31,GLOBAL_SEMICONDUCTORS,EXTENDED,,"{""GLOBAL_SEMICONDUCTORS"": 1.0}","{""GLOBAL_SEMICONDUCTORS"": 1.0}",1.0,3,MATURE,1.0,1.0,0.0,PLANNED,2023-04-03,"HISTORICAL UK RETAIL, ISA, ACCOUNT AND BROKER ELIGIBILITY REMAIN PARTLY UNRESOLVED"
ABLATION_SCALE_IN_PLUS_EXIT_NOT_RUN,WEEKLY,2023-04-06,GLOBAL_SEMICONDUCTORS,EXTENDED,,"{""GLOBAL_SEMICONDUCTORS"": 1.0}","{""GLOBAL_SEMICONDUCTORS"": 1.0}",1.0,1,DETERIORATING,1.0,1.0,0.0,NO_TARGET_CHANGE,,"HISTORICAL UK RETAIL, ISA, ACCOUNT AND BROKER ELIGIBILITY REMAIN PARTLY UNRESOLVED"
ABLATION_SCALE_IN_PLUS_EXIT_NOT_RUN,WEEKLY,2023-04-14,GLOBAL_SEMICONDUCTORS,ESTABLISHED,,"{""GLOBAL_SEMICONDUCTORS"": 1.0}","{""GLOBAL_SEMICONDUCTORS"": 1.0}",1.0,2,DETERIORATING,1.0,1.0,0.0,NO_TARGET_CHANGE,,"HISTORICAL UK RETAIL, ISA, ACCOUNT AND BROKER ELIGIBILITY REMAIN PARTLY UNRESOLVED"
ABLATION_SCALE_IN_PLUS_EXIT_NOT_RUN,WEEKLY,2023-04-21,GLOBAL_SEMICONDUCTORS,WEAKENING,,"{""GLOBAL_SEMICONDUCTORS"": 1.0}","{""GLOBAL_SEMICONDUCTORS"": 1.0}",1.0,3,MATURE,1.0,1.0,0.0,NO_TARGET_CHANGE,,"HISTORICAL UK RETAIL, ISA, ACCOUNT AND BROKER ELIGIBILITY REMAIN PARTLY UNRESOLVED"
ABLATION_SCALE_IN_PLUS_EXIT_NOT_RUN,WEEKLY,2023-04-28,GLOBAL_SEMICONDUCTORS,WEAKENING,,"{""GLOBAL_SEMICONDUCTORS"": 1.0}","{""GLOBAL_SEMICONDUCTORS"": 1.0}",1.0,2,DETERIORATING,1.0,1.0,0.0,NO_TARGET_CHANGE,,"HISTORICAL UK RETAIL, ISA, ACCOUNT AND BROKER ELIGIBILITY REMAIN PARTLY UNRESOLVED"
ABLATION_SCALE_IN_PLUS_EXIT_NOT_RUN,WEEKLY,2023-05-05,GLOBAL_SEMICONDUCTORS,FAILED,,"{""GLOBAL_SEMICONDUCTORS"": 1.0}","{""GLOBAL_SEMICONDUCTORS"": 1.0}",1.0,3,MATURE,1.0,1.0,0.0,NO_TARGET_CHANGE,,"HISTORICAL UK RETAIL, ISA, ACCOUNT AND BROKER ELIGIBILITY REMAIN PARTLY UNRESOLVED"
ABLATION_SCALE_IN_PLUS_EXIT_NOT_RUN,WEEKLY,2023-05-12,GLOBAL_SEMICONDUCTORS,FAILED,,"{""GLOBAL_SEMICONDUCTORS"": 1.0}","{""GLOBAL_SEMICONDUCTORS"": 1.0}",1.0,2,POSITIVE,1.0,1.0,0.0,NO_TARGET_CHANGE,,"HISTORICAL UK RETAIL, ISA, ACCOUNT AND BROKER ELIGIBILITY REMAIN PARTLY UNRESOLVED"
ABLATION_SCALE_IN_PLUS_EXIT_NOT_RUN,WEEKLY,2023-05-19,GLOBAL_SEMICONDUCTORS,WEAKENING,,"{""GLOBAL_SEMICONDUCTORS"": 1.0}","{""GLOBAL_SEMICONDUCTORS"": 1.0}",1.0,2,POSITIVE,1.0,1.0,0.0,NO_TARGET_CHANGE,,"HISTORICAL UK RETAIL, ISA, ACCOUNT AND BROKER ELIGIBILITY REMAIN PARTLY UNRESOLVED"
ABLATION_SCALE_IN_PLUS_EXIT_NOT_RUN,WEEKLY,2023-05-26,GLOBAL_SEMICONDUCTORS,WEAKENING,,"{""GLOBAL_SEMICONDUCTORS"": 1.0}","{""GLOBAL_SEMICONDUCTORS"": 1.0}",1.0,1,POSITIVE,1.0,1.0,0.0,NO_TARGET_CHANGE,,"HISTORICAL UK RETAIL, ISA, ACCOUNT AND BROKER ELIGIBILITY REMAIN PARTLY UNRESOLVED"
ABLATION_SCALE_IN_PLUS_EXIT_NOT_RUN,WEEKLY,2023-05-31,GLOBAL_SEMICONDUCTORS,EXTENDED,,"{""GLOBAL_SEMICONDUCTORS"": 1.0}","{""GLOBAL_SEMICONDUCTORS"": 1.0}",1.0,1,POSITIVE,1.0,1.0,0.0,NO_TARGET_CHANGE,,"HISTORICAL UK RETAIL, ISA, ACCOUNT AND BROKER ELIGIBILITY REMAIN PARTLY UNRESOLVED"
ABLATION_SCALE_IN_PLUS_EXIT_NOT_RUN,WEEKLY,2023-06-02,GLOBAL_SEMICONDUCTORS,EXTENDED,,"{""GLOBAL_SEMICONDUCTORS"": 1.0}","{""GLOBAL_SEMICONDUCTORS"": 1.0}",1.0,2,POSITIVE,1.0,1.0,0.0,NO_TARGET_CHANGE,,"HISTORICAL UK RETAIL, ISA, ACCOUNT AND BROKER ELIGIBILITY REMAIN PARTLY UNRESOLVED"
ABLATION_SCALE_IN_PLUS_EXIT_NOT_RUN,WEEKLY,2023-06-09,GLOBAL_SEMICONDUCTORS,EXTENDED,,"{""GLOBAL_SEMICONDUCTORS"": 1.0}","{""GLOBAL_SEMICONDUCTORS"": 1.0}",1.0,1,POSITIVE,1.0,1.0,0.0,NO_TARGET_CHANGE,,"HISTORICAL UK RETAIL, ISA, ACCOUNT AND BROKER ELIGIBILITY REMAIN PARTLY UNRESOLVED"
ABLATION_SCALE_IN_PLUS_EXIT_NOT_RUN,WEEKLY,2023-06-16,GLOBAL_SEMICONDUCTORS,EXTENDED,,"{""GLOBAL_SEMICONDUCTORS"": 1.0}","{""GLOBAL_SEMICONDUCTORS"": 1.0}",1.0,3,POSITIVE,1.0,1.0,0.0,NO_TARGET_CHANGE,,"HISTORICAL UK RETAIL, ISA, ACCOUNT AND BROKER ELIGIBILITY REMAIN PARTLY UNRESOLVED"
ABLATION_SCALE_IN_PLUS_EXIT_NOT_RUN,WEEKLY,2023-06-23,GLOBAL_SEMICONDUCTORS,ESTABLISHED,,"{""GLOBAL_SEMICONDUCTORS"": 1.0}","{""GLOBAL_SEMICONDUCTORS"": 1.0}",1.0,1,POSITIVE,1.0,1.0,0.0,NO_TARGET_CHANGE,,"HISTORICAL UK RETAIL, ISA, ACCOUNT AND BROKER ELIGIBILITY REMAIN PARTLY UNRESOLVED"
ABLATION_SCALE_IN_PLUS_EXIT_NOT_RUN,WEEKLY,2023-06-30,GLOBAL_SEMICONDUCTORS,EXTENDED,,"{""GLOBAL_SEMICONDUCTORS"": 1.0}","{""GLOBAL_SEMICONDUCTORS"": 1.0}",1.0,2,POSITIVE,1.0,1.0,0.0,NO_TARGET_CHANGE,,"HISTORICAL UK RETAIL, ISA, ACCOUNT AND BROKER ELIGIBILITY REMAIN PARTLY UNRESOLVED"
ABLATION_SCALE_IN_PLUS_EXIT_NOT_RUN,WEEKLY,2023-07-07,GLOBAL_SEMICONDUCTORS,ESTABLISHED,,"{""GLOBAL_SEMICONDUCTORS"": 1.0}","{""GLOBAL_SEMICONDUCTORS"": 1.0}",1.0,2,POSITIVE,1.0,1.0,0.0,NO_TARGET_CHANGE,,"HISTORICAL UK RETAIL, ISA, ACCOUNT AND BROKER ELIGIBILITY REMAIN PARTLY UNRESOLVED"
ABLATION_SCALE_IN_PLUS_EXIT_NOT_RUN,WEEKLY,2023-07-14,GLOBAL_SEMICONDUCTORS,EXTENDED,,"{""GLOBAL_SEMICONDUCTORS"": 1.0}","{""GLOBAL_SEMICONDUCTORS"": 1.0}",1.0,3,POSITIVE,1.0,1.0,0.0,NO_TARGET_CHANGE,,"HISTORICAL UK RETAIL, ISA, ACCOUNT AND BROKER ELIGIBILITY REMAIN PARTLY UNRESOLVED"
ABLATION_SCALE_IN_PLUS_EXIT_NOT_RUN,WEEKLY,2023-07-21,GLOBAL_SEMICONDUCTORS,WEAKENING,,"{""GLOBAL_SEMICONDUCTORS"": 1.0}","{""GLOBAL_SEMICONDUCTORS"": 1.0}",1.0,2,POSITIVE,1.0,1.0,0.0,NO_TARGET_CHANGE,,"HISTORICAL UK RETAIL, ISA, ACCOUNT AND BROKER ELIGIBILITY REMAIN PARTLY UNRESOLVED"
ABLATION_SCALE_IN_PLUS_EXIT_NOT_RUN,WEEKLY,2023-07-28,GLOBAL_SEMICONDUCTORS,WEAKENING,CHINA_INTERNET,"{""CHINA_INTERNET"": 0.25, ""GLOBAL_SEMICONDUCTORS"": 0.75}","{""CHINA_INTERNET"": 0.25, ""GLOBAL_SEMICONDUCTORS"": 0.75}",1.0,4,STRONG,1.0,1.0,0.0,PLANNED,2023-07-31,"HISTORICAL UK RETAIL, ISA, ACCOUNT AND BROKER ELIGIBILITY REMAIN PARTLY UNRESOLVED"
ABLATION_SCALE_IN_PLUS_EXIT_NOT_RUN,WEEKLY,2023-07-31,GLOBAL_SEMICONDUCTORS,WEAKENING,CHINA_INTERNET,"{""CHINA_INTERNET"": 0.25, ""GLOBAL_SEMICONDUCTORS"": 0.75}","{""CHINA_INTERNET"": 0.25, ""GLOBAL_SEMICONDUCTORS"": 0.75}",1.0,4,STRONG,1.0,1.0,0.0,NO_TARGET_CHANGE,,"HISTORICAL UK RETAIL, ISA, ACCOUNT AND BROKER ELIGIBILITY REMAIN PARTLY UNRESOLVED"
ABLATION_SCALE_IN_PLUS_EXIT_NOT_RUN,WEEKLY,2023-08-04,GLOBAL_SEMICONDUCTORS,WEAKENING,,"{""GLOBAL_SEMICONDUCTORS"": 1.0}","{""GLOBAL_SEMICONDUCTORS"": 1.0}",1.0,4,STRONG,1.0,1.0,0.0,PLANNED,2023-08-07,"HISTORICAL UK RETAIL, ISA, ACCOUNT AND BROKER ELIGIBILITY REMAIN PARTLY UNRESOLVED"
ABLATION_SCALE_IN_PLUS_EXIT_NOT_RUN,WEEKLY,2023-08-11,GLOBAL_SEMICONDUCTORS,WEAKENING,,"{""GLOBAL_SEMICONDUCTORS"": 1.0}","{""GLOBAL_SEMICONDUCTORS"": 1.0}",1.0,4,STRONG,1.0,1.0,0.0,NO_TARGET_CHANGE,,"HISTORICAL UK RETAIL, ISA, ACCOUNT AND BROKER ELIGIBILITY REMAIN PARTLY UNRESOLVED"
ABLATION_SCALE_IN_PLUS_EXIT_NOT_RUN,WEEKLY,2023-08-18,GLOBAL_SEMICONDUCTORS,WEAKENING,,"{""GLOBAL_SEMICONDUCTORS"": 1.0}","{""GLOBAL_SEMICONDUCTORS"": 1.0}",1.0,3,MATURE,1.0,1.0,0.0,NO_TARGET_CHANGE,,"HISTORICAL UK RETAIL, ISA, ACCOUNT AND BROKER ELIGIBILITY REMAIN PARTLY UNRESOLVED"
ABLATION_SCALE_IN_PLUS_EXIT_NOT_RUN,WEEKLY,2023-08-25,GLOBAL_SEMICONDUCTORS,FAILED,,"{""GLOBAL_SEMICONDUCTORS"": 1.0}","{""GLOBAL_SEMICONDUCTORS"": 1.0}",1.0,4,STRONG,1.0,1.0,0.0,NO_TARGET_CHANGE,,"HISTORICAL UK RETAIL, ISA, ACCOUNT AND BROKER ELIGIBILITY REMAIN PARTLY UNRESOLVED"
ABLATION_SCALE_IN_PLUS_EXIT_NOT_RUN,WEEKLY,2023-08-31,GLOBAL_SEMICONDUCTORS,WEAKENING,,"{""GLOBAL_SEMICONDUCTORS"": 1.0}","{""GLOBAL_SEMICONDUCTORS"": 1.0}",1.0,4,STRONG,1.0,1.0,0.0,NO_TARGET_CHANGE,,"HISTORICAL UK RETAIL, ISA, ACCOUNT AND BROKER ELIGIBILITY REMAIN PARTLY UNRESOLVED"
ABLATION_SCALE_IN_PLUS_EXIT_NOT_RUN,WEEKLY,2023-09-01,GLOBAL_SEMICONDUCTORS,WEAKENING,,"{""GLOBAL_SEMICONDUCTORS"": 1.0}","{""GLOBAL_SEMICONDUCTORS"": 1.0}",1.0,2,DETERIORATING,1.0,1.0,0.0,NO_TARGET_CHANGE,,"HISTORICAL UK RETAIL, ISA, ACCOUNT AND BROKER ELIGIBILITY REMAIN PARTLY UNRESOLVED"
ABLATION_SCALE_IN_PLUS_EXIT_NOT_RUN,WEEKLY,2023-09-08,GLOBAL_SEMICONDUCTORS,FAILED,,"{""GLOBAL_SEMICONDUCTORS"": 1.0}","{""GLOBAL_SEMICONDUCTORS"": 1.0}",1.0,2,DETERIORATING,1.0,1.0,0.0,NO_TARGET_CHANGE,,"HISTORICAL UK RETAIL, ISA, ACCOUNT AND BROKER ELIGIBILITY REMAIN PARTLY UNRESOLVED"
ABLATION_SCALE_IN_PLUS_EXIT_NOT_RUN,WEEKLY,2023-09-15,GLOBAL_SEMICONDUCTORS,FAILED,,"{""GLOBAL_SEMICONDUCTORS"": 1.0}","{""GLOBAL_SEMICONDUCTORS"": 1.0}",1.0,3,MATURE,1.0,1.0,0.0,NO_TARGET_CHANGE,,"HISTORICAL UK RETAIL, ISA, ACCOUNT AND BROKER ELIGIBILITY REMAIN PARTLY UNRESOLVED"
ABLATION_SCALE_IN_PLUS_EXIT_NOT_RUN,WEEKLY,2023-09-22,GLOBAL_SEMICONDUCTORS,FAILED,,"{""GLOBAL_SEMICONDUCTORS"": 1.0}","{""GLOBAL_SEMICONDUCTORS"": 1.0}",1.0,4,STRONG,1.0,1.0,0.0,NO_TARGET_CHANGE,,"HISTORICAL UK RETAIL, ISA, ACCOUNT AND BROKER ELIGIBILITY REMAIN PARTLY UNRESOLVED"
ABLATION_SCALE_IN_PLUS_EXIT_NOT_RUN,WEEKLY,2023-09-29,GLOBAL_URANIUM_NUCLEAR,EXTENDED,,"{""GLOBAL_URANIUM_NUCLEAR"": 1.0}","{""GLOBAL_URANIUM_NUCLEAR"": 1.0}",1.0,4,STRONG,1.0,1.0,0.0,PLANNED,2023-10-02,"HISTORICAL UK RETAIL, ISA, ACCOUNT AND BROKER ELIGIBILITY REMAIN PARTLY UNRESOLVED"
ABLATION_SCALE_IN_PLUS_EXIT_NOT_RUN,WEEKLY,2023-10-06,GLOBAL_URANIUM_NUCLEAR,EXTENDED,,"{""GLOBAL_URANIUM_NUCLEAR"": 1.0}","{""GLOBAL_URANIUM_NUCLEAR"": 1.0}",1.0,3,MATURE,1.0,1.0,0.0,NO_TARGET_CHANGE,,"HISTORICAL UK RETAIL, ISA, ACCOUNT AND BROKER ELIGIBILITY REMAIN PARTLY UNRESOLVED"
ABLATION_SCALE_IN_PLUS_EXIT_NOT_RUN,WEEKLY,2023-10-13,GLOBAL_URANIUM_NUCLEAR,EXTENDED,,"{""GLOBAL_URANIUM_NUCLEAR"": 1.0}","{""GLOBAL_URANIUM_NUCLEAR"": 1.0}",1.0,3,MATURE,1.0,1.0,0.0,NO_TARGET_CHANGE,,"HISTORICAL UK RETAIL, ISA, ACCOUNT AND BROKER ELIGIBILITY REMAIN PARTLY UNRESOLVED"
ABLATION_SCALE_IN_PLUS_EXIT_NOT_RUN,WEEKLY,2023-10-20,GLOBAL_URANIUM_NUCLEAR,EXTENDED,,"{""GLOBAL_URANIUM_NUCLEAR"": 1.0}","{""GLOBAL_URANIUM_NUCLEAR"": 1.0}",1.0,4,STRONG,1.0,1.0,0.0,NO_TARGET_CHANGE,,"HISTORICAL UK RETAIL, ISA, ACCOUNT AND BROKER ELIGIBILITY REMAIN PARTLY UNRESOLVED"
ABLATION_SCALE_IN_PLUS_EXIT_NOT_RUN,WEEKLY,2023-10-27,GLOBAL_URANIUM_NUCLEAR,WEAKENING,,"{""GLOBAL_URANIUM_NUCLEAR"": 1.0}","{""GLOBAL_URANIUM_NUCLEAR"": 1.0}",1.0,2,DETERIORATING,1.0,1.0,0.0,NO_TARGET_CHANGE,,"HISTORICAL UK RETAIL, ISA, ACCOUNT AND BROKER ELIGIBILITY REMAIN PARTLY UNRESOLVED"
ABLATION_SCALE_IN_PLUS_EXIT_NOT_RUN,WEEKLY,2023-10-31,GLOBAL_URANIUM_NUCLEAR,EXTENDED,,"{""GLOBAL_URANIUM_NUCLEAR"": 1.0}","{""GLOBAL_URANIUM_NUCLEAR"": 1.0}",1.0,2,DETERIORATING,1.0,1.0,0.0,NO_TARGET_CHANGE,,"HISTORICAL UK RETAIL, ISA, ACCOUNT AND BROKER ELIGIBILITY REMAIN PARTLY UNRESOLVED"
ABLATION_SCALE_IN_PLUS_EXIT_NOT_RUN,WEEKLY,2023-11-03,GLOBAL_URANIUM_NUCLEAR,EXTENDED,,"{""GLOBAL_URANIUM_NUCLEAR"": 1.0}","{""GLOBAL_URANIUM_NUCLEAR"": 1.0}",1.0,3,MATURE,1.0,1.0,0.0,NO_TARGET_CHANGE,,"HISTORICAL UK RETAIL, ISA, ACCOUNT AND BROKER ELIGIBILITY REMAIN PARTLY UNRESOLVED"
ABLATION_SCALE_IN_PLUS_EXIT_NOT_RUN,WEEKLY,2023-11-10,GLOBAL_URANIUM_NUCLEAR,OTHER,,"{""GLOBAL_URANIUM_NUCLEAR"": 1.0}","{""GLOBAL_URANIUM_NUCLEAR"": 1.0}",1.0,2,DETERIORATING,1.0,1.0,0.0,NO_TARGET_CHANGE,,"HISTORICAL UK RETAIL, ISA, ACCOUNT AND BROKER ELIGIBILITY REMAIN PARTLY UNRESOLVED"
ABLATION_SCALE_IN_PLUS_EXIT_NOT_RUN,WEEKLY,2023-11-17,GLOBAL_URANIUM_NUCLEAR,ESTABLISHED,,"{""GLOBAL_URANIUM_NUCLEAR"": 1.0}","{""GLOBAL_URANIUM_NUCLEAR"": 1.0}",1.0,4,STRONG,1.0,1.0,0.0,NO_TARGET_CHANGE,,"HISTORICAL UK RETAIL, ISA, ACCOUNT AND BROKER ELIGIBILITY REMAIN PARTLY UNRESOLVED"
ABLATION_SCALE_IN_PLUS_EXIT_NOT_RUN,WEEKLY,2023-11-24,GLOBAL_URANIUM_NUCLEAR,ESTABLISHED,,"{""GLOBAL_URANIUM_NUCLEAR"": 1.0}","{""GLOBAL_URANIUM_NUCLEAR"": 1.0}",1.0,4,STRONG,1.0,1.0,0.0,NO_TARGET_CHANGE,,"HISTORICAL UK RETAIL, ISA, ACCOUNT AND BROKER ELIGIBILITY REMAIN PARTLY UNRESOLVED"
ABLATION_SCALE_IN_PLUS_EXIT_NOT_RUN,WEEKLY,2023-11-30,GLOBAL_URANIUM_NUCLEAR,WEAKENING,,"{""GLOBAL_URANIUM_NUCLEAR"": 1.0}","{""GLOBAL_URANIUM_NUCLEAR"": 1.0}",1.0,4,STRONG,1.0,1.0,0.0,NO_TARGET_CHANGE,,"HISTORICAL UK RETAIL, ISA, ACCOUNT AND BROKER ELIGIBILITY REMAIN PARTLY UNRESOLVED"
ABLATION_SCALE_IN_PLUS_EXIT_NOT_RUN,WEEKLY,2023-12-01,GLOBAL_URANIUM_NUCLEAR,ESTABLISHED,,"{""GLOBAL_URANIUM_NUCLEAR"": 1.0}","{""GLOBAL_URANIUM_NUCLEAR"": 1.0}",1.0,2,DETERIORATING,1.0,1.0,0.0,NO_TARGET_CHANGE,,"HISTORICAL UK RETAIL, ISA, ACCOUNT AND BROKER ELIGIBILITY REMAIN PARTLY UNRESOLVED"
ABLATION_SCALE_IN_PLUS_EXIT_NOT_RUN,WEEKLY,2023-12-08,GLOBAL_URANIUM_NUCLEAR,WEAKENING,,"{""GLOBAL_URANIUM_NUCLEAR"": 1.0}","{""GLOBAL_URANIUM_NUCLEAR"": 1.0}",1.0,2,DETERIORATING,1.0,1.0,0.0,NO_TARGET_CHANGE,,"HISTORICAL UK RETAIL, ISA, ACCOUNT AND BROKER ELIGIBILITY REMAIN PARTLY UNRESOLVED"
ABLATION_SCALE_IN_PLUS_EXIT_NOT_RUN,WEEKLY,2023-12-15,GLOBAL_URANIUM_NUCLEAR,WEAKENING,,"{""GLOBAL_URANIUM_NUCLEAR"": 1.0}","{""GLOBAL_URANIUM_NUCLEAR"": 1.0}",1.0,2,DETERIORATING,1.0,1.0,0.0,NO_TARGET_CHANGE,,"HISTORICAL UK RETAIL, ISA, ACCOUNT AND BROKER ELIGIBILITY REMAIN PARTLY UNRESOLVED"
ABLATION_SCALE_IN_PLUS_EXIT_NOT_RUN,WEEKLY,2023-12-22,GLOBAL_URANIUM_NUCLEAR,FAILED,,"{""GLOBAL_URANIUM_NUCLEAR"": 1.0}","{""GLOBAL_URANIUM_NUCLEAR"": 1.0}",1.0,2,DETERIORATING,1.0,1.0,0.0,NO_TARGET_CHANGE,,"HISTORICAL UK RETAIL, ISA, ACCOUNT AND BROKER ELIGIBILITY REMAIN PARTLY UNRESOLVED"
ABLATION_SCALE_IN_PLUS_EXIT_NOT_RUN,WEEKLY,2023-12-29,GLOBAL_AI,EXTENDED,,"{""GLOBAL_AI"": 1.0}","{""GLOBAL_AI"": 1.0}",1.0,2,DETERIORATING,1.0,1.0,0.0,PLANNED,2024-01-02,"HISTORICAL UK RETAIL, ISA, ACCOUNT AND BROKER ELIGIBILITY REMAIN PARTLY UNRESOLVED"
ABLATION_SCALE_IN_PLUS_EXIT_NOT_RUN,WEEKLY,2024-01-05,GLOBAL_AI,ESTABLISHED,,"{""GLOBAL_AI"": 1.0}","{""GLOBAL_AI"": 1.0}",1.0,1,DETERIORATING,1.0,1.0,0.0,NO_TARGET_CHANGE,,"HISTORICAL UK RETAIL, ISA, ACCOUNT AND BROKER ELIGIBILITY REMAIN PARTLY UNRESOLVED"
ABLATION_SCALE_IN_PLUS_EXIT_NOT_RUN,WEEKLY,2024-01-12,GLOBAL_AI,OTHER,,"{""GLOBAL_AI"": 1.0}","{""GLOBAL_AI"": 1.0}",1.0,2,DETERIORATING,1.0,1.0,0.0,NO_TARGET_CHANGE,,"HISTORICAL UK RETAIL, ISA, ACCOUNT AND BROKER ELIGIBILITY REMAIN PARTLY UNRESOLVED"
ABLATION_SCALE_IN_PLUS_EXIT_NOT_RUN,WEEKLY,2024-01-19,GLOBAL_AI,OTHER,,"{""GLOBAL_AI"": 1.0}","{""GLOBAL_AI"": 1.0}",1.0,3,MATURE,1.0,1.0,0.0,NO_TARGET_CHANGE,,"HISTORICAL UK RETAIL, ISA, ACCOUNT AND BROKER ELIGIBILITY REMAIN PARTLY UNRESOLVED"
ABLATION_SCALE_IN_PLUS_EXIT_NOT_RUN,WEEKLY,2024-01-26,GLOBAL_AI,OTHER,,"{""GLOBAL_AI"": 1.0}","{""GLOBAL_AI"": 1.0}",1.0,3,POSITIVE,1.0,1.0,0.0,NO_TARGET_CHANGE,,"HISTORICAL UK RETAIL, ISA, ACCOUNT AND BROKER ELIGIBILITY REMAIN PARTLY UNRESOLVED"
ABLATION_SCALE_IN_PLUS_EXIT_NOT_RUN,WEEKLY,2024-01-31,GLOBAL_SEMICONDUCTORS,EXTENDED,,"{""GLOBAL_SEMICONDUCTORS"": 1.0}","{""GLOBAL_SEMICONDUCTORS"": 1.0}",1.0,3,POSITIVE,1.0,1.0,0.0,PLANNED,2024-02-01,"HISTORICAL UK RETAIL, ISA, ACCOUNT AND BROKER ELIGIBILITY REMAIN PARTLY UNRESOLVED"
ABLATION_SCALE_IN_PLUS_EXIT_NOT_RUN,WEEKLY,2024-02-02,GLOBAL_SEMICONDUCTORS,CONFIRMING,,"{""GLOBAL_SEMICONDUCTORS"": 1.0}","{""GLOBAL_SEMICONDUCTORS"": 1.0}",1.0,3,POSITIVE,1.0,1.0,0.0,NO_TARGET_CHANGE,,"HISTORICAL UK RETAIL, ISA, ACCOUNT AND BROKER ELIGIBILITY REMAIN PARTLY UNRESOLVED"
ABLATION_SCALE_IN_PLUS_EXIT_NOT_RUN,WEEKLY,2024-02-09,GLOBAL_SEMICONDUCTORS,EXTENDED,,"{""GLOBAL_SEMICONDUCTORS"": 1.0}","{""GLOBAL_SEMICONDUCTORS"": 1.0}",1.0,3,POSITIVE,1.0,1.0,0.0,NO_TARGET_CHANGE,,"HISTORICAL UK RETAIL, ISA, ACCOUNT AND BROKER ELIGIBILITY REMAIN PARTLY UNRESOLVED"
ABLATION_SCALE_IN_PLUS_EXIT_NOT_RUN,WEEKLY,2024-02-16,GLOBAL_SEMICONDUCTORS,EXTENDED,,"{""GLOBAL_SEMICONDUCTORS"": 1.0}","{""GLOBAL_SEMICONDUCTORS"": 1.0}",1.0,2,POSITIVE,1.0,1.0,0.0,NO_TARGET_CHANGE,,"HISTORICAL UK RETAIL, ISA, ACCOUNT AND BROKER ELIGIBILITY REMAIN PARTLY UNRESOLVED"
ABLATION_SCALE_IN_PLUS_EXIT_NOT_RUN,WEEKLY,2024-02-23,GLOBAL_SEMICONDUCTORS,EXTENDED,,"{""GLOBAL_SEMICONDUCTORS"": 1.0}","{""GLOBAL_SEMICONDUCTORS"": 1.0}",1.0,2,POSITIVE,1.0,1.0,0.0,NO_TARGET_CHANGE,,"HISTORICAL UK RETAIL, ISA, ACCOUNT AND BROKER ELIGIBILITY REMAIN PARTLY UNRESOLVED"
ABLATION_SCALE_IN_PLUS_EXIT_NOT_RUN,WEEKLY,2024-02-29,GLOBAL_SEMICONDUCTORS,EXTENDED,,"{""GLOBAL_SEMICONDUCTORS"": 1.0}","{""GLOBAL_SEMICONDUCTORS"": 1.0}",1.0,2,POSITIVE,1.0,1.0,0.0,NO_TARGET_CHANGE,,"HISTORICAL UK RETAIL, ISA, ACCOUNT AND BROKER ELIGIBILITY REMAIN PARTLY UNRESOLVED"
ABLATION_SCALE_IN_PLUS_EXIT_NOT_RUN,WEEKLY,2024-03-01,GLOBAL_SEMICONDUCTORS,EXTENDED,,"{""GLOBAL_SEMICONDUCTORS"": 1.0}","{""GLOBAL_SEMICONDUCTORS"": 1.0}",1.0,3,POSITIVE,1.0,1.0,0.0,NO_TARGET_CHANGE,,"HISTORICAL UK RETAIL, ISA, ACCOUNT AND BROKER ELIGIBILITY REMAIN PARTLY UNRESOLVED"
ABLATION_SCALE_IN_PLUS_EXIT_NOT_RUN,WEEKLY,2024-03-08,GLOBAL_SEMICONDUCTORS,EXTENDED,,"{""GLOBAL_SEMICONDUCTORS"": 1.0}","{""GLOBAL_SEMICONDUCTORS"": 1.0}",1.0,2,POSITIVE,1.0,1.0,0.0,NO_TARGET_CHANGE,,"HISTORICAL UK RETAIL, ISA, ACCOUNT AND BROKER ELIGIBILITY REMAIN PARTLY UNRESOLVED"
ABLATION_SCALE_IN_PLUS_EXIT_NOT_RUN,WEEKLY,2024-03-15,GLOBAL_SEMICONDUCTORS,EXTENDED,,"{""GLOBAL_SEMICONDUCTORS"": 1.0}","{""GLOBAL_SEMICONDUCTORS"": 1.0}",1.0,2,POSITIVE,1.0,1.0,0.0,NO_TARGET_CHANGE,,"HISTORICAL UK RETAIL, ISA, ACCOUNT AND BROKER ELIGIBILITY REMAIN PARTLY UNRESOLVED"
ABLATION_SCALE_IN_PLUS_EXIT_NOT_RUN,WEEKLY,2024-03-22,GLOBAL_SEMICONDUCTORS,EXTENDED,,"{""GLOBAL_SEMICONDUCTORS"": 1.0}","{""GLOBAL_SEMICONDUCTORS"": 1.0}",1.0,2,POSITIVE,1.0,1.0,0.0,NO_TARGET_CHANGE,,"HISTORICAL UK RETAIL, ISA, ACCOUNT AND BROKER ELIGIBILITY REMAIN PARTLY UNRESOLVED"
ABLATION_SCALE_IN_PLUS_EXIT_NOT_RUN,WEEKLY,2024-03-28,GLOBAL_SEMICONDUCTORS,EXTENDED,,"{""GLOBAL_SEMICONDUCTORS"": 1.0}","{""GLOBAL_SEMICONDUCTORS"": 1.0}",1.0,2,POSITIVE,1.0,1.0,0.0,NO_TARGET_CHANGE,,"HISTORICAL UK RETAIL, ISA, ACCOUNT AND BROKER ELIGIBILITY REMAIN PARTLY UNRESOLVED"
ABLATION_SCALE_IN_PLUS_EXIT_NOT_RUN,WEEKLY,2024-04-05,GLOBAL_SEMICONDUCTORS,WEAKENING,,"{""GLOBAL_SEMICONDUCTORS"": 1.0}","{""GLOBAL_SEMICONDUCTORS"": 1.0}",1.0,4,STRONG,1.0,1.0,0.0,NO_TARGET_CHANGE,,"HISTORICAL UK RETAIL, ISA, ACCOUNT AND BROKER ELIGIBILITY REMAIN PARTLY UNRESOLVED"
ABLATION_SCALE_IN_PLUS_EXIT_NOT_RUN,WEEKLY,2024-04-12,GLOBAL_SEMICONDUCTORS,WEAKENING,,"{""GLOBAL_SEMICONDUCTORS"": 1.0}","{""GLOBAL_SEMICONDUCTORS"": 1.0}",1.0,4,STRONG,1.0,1.0,0.0,NO_TARGET_CHANGE,,"HISTORICAL UK RETAIL, ISA, ACCOUNT AND BROKER ELIGIBILITY REMAIN PARTLY UNRESOLVED"
ABLATION_SCALE_IN_PLUS_EXIT_NOT_RUN,WEEKLY,2024-04-19,GLOBAL_SEMICONDUCTORS,WEAKENING,,"{""GLOBAL_SEMICONDUCTORS"": 1.0}","{""GLOBAL_SEMICONDUCTORS"": 1.0}",1.0,5,STRONG,1.0,1.0,0.0,NO_TARGET_CHANGE,,"HISTORICAL UK RETAIL, ISA, ACCOUNT AND BROKER ELIGIBILITY REMAIN PARTLY UNRESOLVED"
ABLATION_SCALE_IN_PLUS_EXIT_NOT_RUN,WEEKLY,2024-04-26,GLOBAL_SEMICONDUCTORS,WEAKENING,,"{""GLOBAL_SEMICONDUCTORS"": 1.0}","{""GLOBAL_SEMICONDUCTORS"": 1.0}",1.0,5,STRONG,1.0,1.0,0.0,NO_TARGET_CHANGE,,"HISTORICAL UK RETAIL, ISA, ACCOUNT AND BROKER ELIGIBILITY REMAIN PARTLY UNRESOLVED"
ABLATION_SCALE_IN_PLUS_EXIT_NOT_RUN,WEEKLY,2024-04-30,EUROPE_BANKS,EXTENDED,,"{""EUROPE_BANKS"": 1.0}","{""EUROPE_BANKS"": 1.0}",1.0,5,STRONG,1.0,1.0,0.0,PLANNED,2024-05-01,"HISTORICAL UK RETAIL, ISA, ACCOUNT AND BROKER ELIGIBILITY REMAIN PARTLY UNRESOLVED"
ABLATION_SCALE_IN_PLUS_EXIT_NOT_RUN,WEEKLY,2024-05-03,EUROPE_BANKS,EXTENDED,,"{""EUROPE_BANKS"": 1.0}","{""EUROPE_BANKS"": 1.0}",1.0,5,STRONG,1.0,1.0,0.0,NO_TARGET_CHANGE,,"HISTORICAL UK RETAIL, ISA, ACCOUNT AND BROKER ELIGIBILITY REMAIN PARTLY UNRESOLVED"
ABLATION_SCALE_IN_PLUS_EXIT_NOT_RUN,WEEKLY,2024-05-10,EUROPE_BANKS,EXTENDED,,"{""EUROPE_BANKS"": 1.0}","{""EUROPE_BANKS"": 1.0}",1.0,4,MATURE,1.0,1.0,0.0,NO_TARGET_CHANGE,,"HISTORICAL UK RETAIL, ISA, ACCOUNT AND BROKER ELIGIBILITY REMAIN PARTLY UNRESOLVED"
ABLATION_SCALE_IN_PLUS_EXIT_NOT_RUN,WEEKLY,2024-05-17,EUROPE_BANKS,EXTENDED,,"{""EUROPE_BANKS"": 1.0}","{""EUROPE_BANKS"": 1.0}",1.0,4,MATURE,1.0,1.0,0.0,NO_TARGET_CHANGE,,"HISTORICAL UK RETAIL, ISA, ACCOUNT AND BROKER ELIGIBILITY REMAIN PARTLY UNRESOLVED"
ABLATION_SCALE_IN_PLUS_EXIT_NOT_RUN,WEEKLY,2024-05-24,EUROPE_BANKS,EXTENDED,,"{""EUROPE_BANKS"": 1.0}","{""EUROPE_BANKS"": 1.0}",1.0,4,MATURE,1.0,1.0,0.0,NO_TARGET_CHANGE,,"HISTORICAL UK RETAIL, ISA, ACCOUNT AND BROKER ELIGIBILITY REMAIN PARTLY UNRESOLVED"
ABLATION_SCALE_IN_PLUS_EXIT_NOT_RUN,WEEKLY,2024-05-31,EUROPE_BANKS,EXTENDED,,"{""EUROPE_BANKS"": 1.0}","{""EUROPE_BANKS"": 1.0}",1.0,4,MATURE,1.0,1.0,0.0,NO_TARGET_CHANGE,,"HISTORICAL UK RETAIL, ISA, ACCOUNT AND BROKER ELIGIBILITY REMAIN PARTLY UNRESOLVED"
ABLATION_SCALE_IN_PLUS_EXIT_NOT_RUN,WEEKLY,2024-06-07,EUROPE_BANKS,ESTABLISHED,,"{""EUROPE_BANKS"": 1.0}","{""EUROPE_BANKS"": 1.0}",1.0,2,DETERIORATING,1.0,1.0,0.0,NO_TARGET_CHANGE,,"HISTORICAL UK RETAIL, ISA, ACCOUNT AND BROKER ELIGIBILITY REMAIN PARTLY UNRESOLVED"
ABLATION_SCALE_IN_PLUS_EXIT_NOT_RUN,WEEKLY,2024-06-14,EUROPE_BANKS,FAILED,,"{""EUROPE_BANKS"": 1.0}","{""EUROPE_BANKS"": 1.0}",1.0,1,DETERIORATING,1.0,1.0,0.0,NO_TARGET_CHANGE,,"HISTORICAL UK RETAIL, ISA, ACCOUNT AND BROKER ELIGIBILITY REMAIN PARTLY UNRESOLVED"
ABLATION_SCALE_IN_PLUS_EXIT_NOT_RUN,WEEKLY,2024-06-21,EUROPE_BANKS,WEAKENING,,"{""EUROPE_BANKS"": 1.0}","{""EUROPE_BANKS"": 1.0}",1.0,2,DETERIORATING,1.0,1.0,0.0,NO_TARGET_CHANGE,,"HISTORICAL UK RETAIL, ISA, ACCOUNT AND BROKER ELIGIBILITY REMAIN PARTLY UNRESOLVED"
ABLATION_SCALE_IN_PLUS_EXIT_NOT_RUN,WEEKLY,2024-06-28,GLOBAL_SEMICONDUCTORS,ESTABLISHED,,"{""GLOBAL_SEMICONDUCTORS"": 1.0}","{""GLOBAL_SEMICONDUCTORS"": 1.0}",1.0,1,DETERIORATING,1.0,1.0,0.0,PLANNED,2024-07-01,"HISTORICAL UK RETAIL, ISA, ACCOUNT AND BROKER ELIGIBILITY REMAIN PARTLY UNRESOLVED"
ABLATION_SCALE_IN_PLUS_EXIT_NOT_RUN,WEEKLY,2024-07-05,GLOBAL_SEMICONDUCTORS,EXTENDED,,"{""GLOBAL_SEMICONDUCTORS"": 1.0}","{""GLOBAL_SEMICONDUCTORS"": 1.0}",1.0,2,DETERIORATING,1.0,1.0,0.0,NO_TARGET_CHANGE,,"HISTORICAL UK RETAIL, ISA, ACCOUNT AND BROKER ELIGIBILITY REMAIN PARTLY UNRESOLVED"
ABLATION_SCALE_IN_PLUS_EXIT_NOT_RUN,WEEKLY,2024-07-12,GLOBAL_SEMICONDUCTORS,EXTENDED,,"{""GLOBAL_SEMICONDUCTORS"": 1.0}","{""GLOBAL_SEMICONDUCTORS"": 1.0}",1.0,2,DETERIORATING,1.0,1.0,0.0,NO_TARGET_CHANGE,,"HISTORICAL UK RETAIL, ISA, ACCOUNT AND BROKER ELIGIBILITY REMAIN PARTLY UNRESOLVED"
ABLATION_SCALE_IN_PLUS_EXIT_NOT_RUN,WEEKLY,2024-07-19,GLOBAL_SEMICONDUCTORS,WEAKENING,GLOBAL_GENOMICS,"{""GLOBAL_GENOMICS"": 0.25, ""GLOBAL_SEMICONDUCTORS"": 0.75}","{""GLOBAL_GENOMICS"": 0.25, ""GLOBAL_SEMICONDUCTORS"": 0.75}",1.0,3,MATURE,1.0,1.0,0.0,PLANNED,2024-07-22,"HISTORICAL UK RETAIL, ISA, ACCOUNT AND BROKER ELIGIBILITY REMAIN PARTLY UNRESOLVED"
ABLATION_SCALE_IN_PLUS_EXIT_NOT_RUN,WEEKLY,2024-07-26,GLOBAL_SEMICONDUCTORS,WEAKENING,GLOBAL_GENOMICS,"{""GLOBAL_GENOMICS"": 0.25, ""GLOBAL_SEMICONDUCTORS"": 0.75}","{""GLOBAL_GENOMICS"": 0.25, ""GLOBAL_SEMICONDUCTORS"": 0.75}",1.0,3,MATURE,1.0,1.0,0.0,NO_TARGET_CHANGE,,"HISTORICAL UK RETAIL, ISA, ACCOUNT AND BROKER ELIGIBILITY REMAIN PARTLY UNRESOLVED"
ABLATION_SCALE_IN_PLUS_EXIT_NOT_RUN,WEEKLY,2024-07-31,GLOBAL_GOLD_MINERS,ESTABLISHED,,"{""GLOBAL_GOLD_MINERS"": 1.0}","{""GLOBAL_GOLD_MINERS"": 1.0}",1.0,3,MATURE,1.0,1.0,0.0,PLANNED,2024-08-01,"HISTORICAL UK RETAIL, ISA, ACCOUNT AND BROKER ELIGIBILITY REMAIN PARTLY UNRESOLVED"
ABLATION_SCALE_IN_PLUS_EXIT_NOT_RUN,WEEKLY,2024-08-02,GLOBAL_GOLD_MINERS,ESTABLISHED,,"{""GLOBAL_GOLD_MINERS"": 1.0}","{""GLOBAL_GOLD_MINERS"": 1.0}",1.0,2,POSITIVE,1.0,1.0,0.0,NO_TARGET_CHANGE,,"HISTORICAL UK RETAIL, ISA, ACCOUNT AND BROKER ELIGIBILITY REMAIN PARTLY UNRESOLVED"
ABLATION_SCALE_IN_PLUS_EXIT_NOT_RUN,WEEKLY,2024-08-09,GLOBAL_GOLD_MINERS,ESTABLISHED,,"{""GLOBAL_GOLD_MINERS"": 1.0}","{""GLOBAL_GOLD_MINERS"": 1.0}",1.0,3,POSITIVE,1.0,1.0,0.0,NO_TARGET_CHANGE,,"HISTORICAL UK RETAIL, ISA, ACCOUNT AND BROKER ELIGIBILITY REMAIN PARTLY UNRESOLVED"
ABLATION_SCALE_IN_PLUS_EXIT_NOT_RUN,WEEKLY,2024-08-16,GLOBAL_GOLD_MINERS,ESTABLISHED,,"{""GLOBAL_GOLD_MINERS"": 1.0}","{""GLOBAL_GOLD_MINERS"": 1.0}",1.0,3,POSITIVE,1.0,1.0,0.0,NO_TARGET_CHANGE,,"HISTORICAL UK RETAIL, ISA, ACCOUNT AND BROKER ELIGIBILITY REMAIN PARTLY UNRESOLVED"
ABLATION_SCALE_IN_PLUS_EXIT_NOT_RUN,WEEKLY,2024-08-23,GLOBAL_GOLD_MINERS,ESTABLISHED,,"{""GLOBAL_GOLD_MINERS"": 1.0}","{""GLOBAL_GOLD_MINERS"": 1.0}",1.0,3,POSITIVE,1.0,1.0,0.0,NO_TARGET_CHANGE,,"HISTORICAL UK RETAIL, ISA, ACCOUNT AND BROKER ELIGIBILITY REMAIN PARTLY UNRESOLVED"
ABLATION_SCALE_IN_PLUS_EXIT_NOT_RUN,WEEKLY,2024-08-30,GLOBAL_GOLD_MINERS,ESTABLISHED,,"{""GLOBAL_GOLD_MINERS"": 1.0}","{""GLOBAL_GOLD_MINERS"": 1.0}",1.0,2,POSITIVE,1.0,1.0,0.0,NO_TARGET_CHANGE,,"HISTORICAL UK RETAIL, ISA, ACCOUNT AND BROKER ELIGIBILITY REMAIN PARTLY UNRESOLVED"
ABLATION_SCALE_IN_PLUS_EXIT_NOT_RUN,WEEKLY,2024-09-06,GLOBAL_GOLD_MINERS,ESTABLISHED,,"{""GLOBAL_GOLD_MINERS"": 1.0}","{""GLOBAL_GOLD_MINERS"": 1.0}",1.0,3,POSITIVE,1.0,1.0,0.0,NO_TARGET_CHANGE,,"HISTORICAL UK RETAIL, ISA, ACCOUNT AND BROKER ELIGIBILITY REMAIN PARTLY UNRESOLVED"
ABLATION_SCALE_IN_PLUS_EXIT_NOT_RUN,WEEKLY,2024-09-13,GLOBAL_GOLD_MINERS,EXTENDED,,"{""GLOBAL_GOLD_MINERS"": 1.0}","{""GLOBAL_GOLD_MINERS"": 1.0}",1.0,4,STRONG,1.0,1.0,0.0,NO_TARGET_CHANGE,,"HISTORICAL UK RETAIL, ISA, ACCOUNT AND BROKER ELIGIBILITY REMAIN PARTLY UNRESOLVED"
ABLATION_SCALE_IN_PLUS_EXIT_NOT_RUN,WEEKLY,2024-09-20,GLOBAL_GOLD_MINERS,ESTABLISHED,,"{""GLOBAL_GOLD_MINERS"": 1.0}","{""GLOBAL_GOLD_MINERS"": 1.0}",1.0,3,MATURE,1.0,1.0,0.0,NO_TARGET_CHANGE,,"HISTORICAL UK RETAIL, ISA, ACCOUNT AND BROKER ELIGIBILITY REMAIN PARTLY UNRESOLVED"
ABLATION_SCALE_IN_PLUS_EXIT_NOT_RUN,WEEKLY,2024-09-27,GLOBAL_GOLD_MINERS,ESTABLISHED,,"{""GLOBAL_GOLD_MINERS"": 1.0}","{""GLOBAL_GOLD_MINERS"": 1.0}",1.0,4,STRONG,1.0,1.0,0.0,NO_TARGET_CHANGE,,"HISTORICAL UK RETAIL, ISA, ACCOUNT AND BROKER ELIGIBILITY REMAIN PARTLY UNRESOLVED"
ABLATION_SCALE_IN_PLUS_EXIT_NOT_RUN,WEEKLY,2024-09-30,GLOBAL_GOLD_MINERS,WEAKENING,,"{""GLOBAL_GOLD_MINERS"": 1.0}","{""GLOBAL_GOLD_MINERS"": 1.0}",1.0,4,STRONG,1.0,1.0,0.0,NO_TARGET_CHANGE,,"HISTORICAL UK RETAIL, ISA, ACCOUNT AND BROKER ELIGIBILITY REMAIN PARTLY UNRESOLVED"
ABLATION_SCALE_IN_PLUS_EXIT_NOT_RUN,WEEKLY,2024-10-04,GLOBAL_GOLD_MINERS,WEAKENING,,"{""GLOBAL_GOLD_MINERS"": 1.0}","{""GLOBAL_GOLD_MINERS"": 1.0}",1.0,3,MATURE,1.0,1.0,0.0,NO_TARGET_CHANGE,,"HISTORICAL UK RETAIL, ISA, ACCOUNT AND BROKER ELIGIBILITY REMAIN PARTLY UNRESOLVED"
ABLATION_SCALE_IN_PLUS_EXIT_NOT_RUN,WEEKLY,2024-10-11,GLOBAL_GOLD_MINERS,WEAKENING,,"{""GLOBAL_GOLD_MINERS"": 1.0}","{""GLOBAL_GOLD_MINERS"": 1.0}",1.0,3,MATURE,1.0,1.0,0.0,NO_TARGET_CHANGE,,"HISTORICAL UK RETAIL, ISA, ACCOUNT AND BROKER ELIGIBILITY REMAIN PARTLY UNRESOLVED"
ABLATION_SCALE_IN_PLUS_EXIT_NOT_RUN,WEEKLY,2024-10-18,GLOBAL_GOLD_MINERS,ESTABLISHED,,"{""GLOBAL_GOLD_MINERS"": 1.0}","{""GLOBAL_GOLD_MINERS"": 1.0}",1.0,3,MATURE,1.0,1.0,0.0,NO_TARGET_CHANGE,,"HISTORICAL UK RETAIL, ISA, ACCOUNT AND BROKER ELIGIBILITY REMAIN PARTLY UNRESOLVED"
ABLATION_SCALE_IN_PLUS_EXIT_NOT_RUN,WEEKLY,2024-10-25,GLOBAL_GOLD_MINERS,OTHER,,"{""GLOBAL_GOLD_MINERS"": 1.0}","{""GLOBAL_GOLD_MINERS"": 1.0}",1.0,2,DETERIORATING,1.0,1.0,0.0,NO_TARGET_CHANGE,,"HISTORICAL UK RETAIL, ISA, ACCOUNT AND BROKER ELIGIBILITY REMAIN PARTLY UNRESOLVED"
ABLATION_SCALE_IN_PLUS_EXIT_NOT_RUN,WEEKLY,2024-10-31,GLOBAL_GOLD_MINERS,ESTABLISHED,,"{""GLOBAL_GOLD_MINERS"": 1.0}","{""GLOBAL_GOLD_MINERS"": 1.0}",1.0,2,DETERIORATING,1.0,1.0,0.0,NO_TARGET_CHANGE,,"HISTORICAL UK RETAIL, ISA, ACCOUNT AND BROKER ELIGIBILITY REMAIN PARTLY UNRESOLVED"
ABLATION_SCALE_IN_PLUS_EXIT_NOT_RUN,WEEKLY,2024-11-01,GLOBAL_GOLD_MINERS,ESTABLISHED,,"{""GLOBAL_GOLD_MINERS"": 1.0}","{""GLOBAL_GOLD_MINERS"": 1.0}",1.0,4,STRONG,1.0,1.0,0.0,NO_TARGET_CHANGE,,"HISTORICAL UK RETAIL, ISA, ACCOUNT AND BROKER ELIGIBILITY REMAIN PARTLY UNRESOLVED"
ABLATION_SCALE_IN_PLUS_EXIT_NOT_RUN,WEEKLY,2024-11-08,GLOBAL_GOLD_MINERS,OTHER,,"{""GLOBAL_GOLD_MINERS"": 1.0}","{""GLOBAL_GOLD_MINERS"": 1.0}",1.0,3,MATURE,1.0,1.0,0.0,NO_TARGET_CHANGE,,"HISTORICAL UK RETAIL, ISA, ACCOUNT AND BROKER ELIGIBILITY REMAIN PARTLY UNRESOLVED"
ABLATION_SCALE_IN_PLUS_EXIT_NOT_RUN,WEEKLY,2024-11-15,GLOBAL_GOLD_MINERS,FAILED,,"{""GLOBAL_GOLD_MINERS"": 1.0}","{""GLOBAL_GOLD_MINERS"": 1.0}",1.0,2,DETERIORATING,1.0,1.0,0.0,NO_TARGET_CHANGE,,"HISTORICAL UK RETAIL, ISA, ACCOUNT AND BROKER ELIGIBILITY REMAIN PARTLY UNRESOLVED"
ABLATION_SCALE_IN_PLUS_EXIT_NOT_RUN,WEEKLY,2024-11-22,GLOBAL_GOLD_MINERS,FAILED,,"{""GLOBAL_GOLD_MINERS"": 1.0}","{""GLOBAL_GOLD_MINERS"": 1.0}",1.0,3,MATURE,1.0,1.0,0.0,NO_TARGET_CHANGE,,"HISTORICAL UK RETAIL, ISA, ACCOUNT AND BROKER ELIGIBILITY REMAIN PARTLY UNRESOLVED"
ABLATION_SCALE_IN_PLUS_EXIT_NOT_RUN,WEEKLY,2024-11-29,GLOBAL_SOFTWARE,EXTENDED,,"{""GLOBAL_SOFTWARE"": 1.0}","{""GLOBAL_SOFTWARE"": 1.0}",1.0,3,MATURE,1.0,1.0,0.0,PLANNED,2024-12-02,"HISTORICAL UK RETAIL, ISA, ACCOUNT AND BROKER ELIGIBILITY REMAIN PARTLY UNRESOLVED"
ABLATION_SCALE_IN_PLUS_EXIT_NOT_RUN,WEEKLY,2024-12-06,GLOBAL_SOFTWARE,EXTENDED,,"{""GLOBAL_SOFTWARE"": 1.0}","{""GLOBAL_SOFTWARE"": 1.0}",1.0,3,MATURE,1.0,1.0,0.0,NO_TARGET_CHANGE,,"HISTORICAL UK RETAIL, ISA, ACCOUNT AND BROKER ELIGIBILITY REMAIN PARTLY UNRESOLVED"
ABLATION_SCALE_IN_PLUS_EXIT_NOT_RUN,WEEKLY,2024-12-13,GLOBAL_SOFTWARE,EXTENDED,,"{""GLOBAL_SOFTWARE"": 1.0}","{""GLOBAL_SOFTWARE"": 1.0}",1.0,3,MATURE,1.0,1.0,0.0,NO_TARGET_CHANGE,,"HISTORICAL UK RETAIL, ISA, ACCOUNT AND BROKER ELIGIBILITY REMAIN PARTLY UNRESOLVED"
ABLATION_SCALE_IN_PLUS_EXIT_NOT_RUN,WEEKLY,2024-12-20,GLOBAL_SOFTWARE,EXTENDED,,"{""GLOBAL_SOFTWARE"": 1.0}","{""GLOBAL_SOFTWARE"": 1.0}",1.0,3,MATURE,1.0,1.0,0.0,NO_TARGET_CHANGE,,"HISTORICAL UK RETAIL, ISA, ACCOUNT AND BROKER ELIGIBILITY REMAIN PARTLY UNRESOLVED"
ABLATION_SCALE_IN_PLUS_EXIT_NOT_RUN,WEEKLY,2024-12-27,GLOBAL_SOFTWARE,EXTENDED,,"{""GLOBAL_SOFTWARE"": 1.0}","{""GLOBAL_SOFTWARE"": 1.0}",1.0,2,DETERIORATING,1.0,1.0,0.0,NO_TARGET_CHANGE,,"HISTORICAL UK RETAIL, ISA, ACCOUNT AND BROKER ELIGIBILITY REMAIN PARTLY UNRESOLVED"
ABLATION_SCALE_IN_PLUS_EXIT_NOT_RUN,WEEKLY,2024-12-31,GLOBAL_SOFTWARE,EXTENDED,,"{""GLOBAL_SOFTWARE"": 1.0}","{""GLOBAL_SOFTWARE"": 1.0}",1.0,2,DETERIORATING,1.0,1.0,0.0,NO_TARGET_CHANGE,,"HISTORICAL UK RETAIL, ISA, ACCOUNT AND BROKER ELIGIBILITY REMAIN PARTLY UNRESOLVED"
ABLATION_SCALE_IN_PLUS_EXIT_NOT_RUN,WEEKLY,2025-01-03,GLOBAL_SOFTWARE,EXTENDED,,"{""GLOBAL_SOFTWARE"": 1.0}","{""GLOBAL_SOFTWARE"": 1.0}",1.0,2,POSITIVE,1.0,1.0,0.0,NO_TARGET_CHANGE,,"HISTORICAL UK RETAIL, ISA, ACCOUNT AND BROKER ELIGIBILITY REMAIN PARTLY UNRESOLVED"
ABLATION_SCALE_IN_PLUS_EXIT_NOT_RUN,WEEKLY,2025-01-10,GLOBAL_SOFTWARE,WEAKENING,,"{""GLOBAL_SOFTWARE"": 1.0}","{""GLOBAL_SOFTWARE"": 1.0}",1.0,1,POSITIVE,1.0,1.0,0.0,NO_TARGET_CHANGE,,"HISTORICAL UK RETAIL, ISA, ACCOUNT AND BROKER ELIGIBILITY REMAIN PARTLY UNRESOLVED"
ABLATION_SCALE_IN_PLUS_EXIT_NOT_RUN,WEEKLY,2025-01-17,GLOBAL_SOFTWARE,WEAKENING,,"{""GLOBAL_SOFTWARE"": 1.0}","{""GLOBAL_SOFTWARE"": 1.0}",1.0,2,POSITIVE,1.0,1.0,0.0,NO_TARGET_CHANGE,,"HISTORICAL UK RETAIL, ISA, ACCOUNT AND BROKER ELIGIBILITY REMAIN PARTLY UNRESOLVED"
ABLATION_SCALE_IN_PLUS_EXIT_NOT_RUN,WEEKLY,2025-01-24,GLOBAL_SOFTWARE,WEAKENING,,"{""GLOBAL_SOFTWARE"": 1.0}","{""GLOBAL_SOFTWARE"": 1.0}",1.0,2,POSITIVE,1.0,1.0,0.0,NO_TARGET_CHANGE,,"HISTORICAL UK RETAIL, ISA, ACCOUNT AND BROKER ELIGIBILITY REMAIN PARTLY UNRESOLVED"
ABLATION_SCALE_IN_PLUS_EXIT_NOT_RUN,WEEKLY,2025-01-31,GLOBAL_SOFTWARE,WEAKENING,,"{""GLOBAL_SOFTWARE"": 1.0}","{""GLOBAL_SOFTWARE"": 1.0}",1.0,2,POSITIVE,1.0,1.0,0.0,NO_TARGET_CHANGE,,"HISTORICAL UK RETAIL, ISA, ACCOUNT AND BROKER ELIGIBILITY REMAIN PARTLY UNRESOLVED"
ABLATION_SCALE_IN_PLUS_EXIT_NOT_RUN,WEEKLY,2025-02-07,GLOBAL_SOFTWARE,OTHER,,"{""GLOBAL_SOFTWARE"": 1.0}","{""GLOBAL_SOFTWARE"": 1.0}",1.0,3,POSITIVE,1.0,1.0,0.0,NO_TARGET_CHANGE,,"HISTORICAL UK RETAIL, ISA, ACCOUNT AND BROKER ELIGIBILITY REMAIN PARTLY UNRESOLVED"
ABLATION_SCALE_IN_PLUS_EXIT_NOT_RUN,WEEKLY,2025-02-14,GLOBAL_SOFTWARE,OTHER,,"{""GLOBAL_SOFTWARE"": 1.0}","{""GLOBAL_SOFTWARE"": 1.0}",1.0,3,POSITIVE,1.0,1.0,0.0,NO_TARGET_CHANGE,,"HISTORICAL UK RETAIL, ISA, ACCOUNT AND BROKER ELIGIBILITY REMAIN PARTLY UNRESOLVED"
ABLATION_SCALE_IN_PLUS_EXIT_NOT_RUN,WEEKLY,2025-02-21,GLOBAL_SOFTWARE,FAILED,,"{""GLOBAL_SOFTWARE"": 1.0}","{""GLOBAL_SOFTWARE"": 1.0}",1.0,4,STRONG,1.0,1.0,0.0,NO_TARGET_CHANGE,,"HISTORICAL UK RETAIL, ISA, ACCOUNT AND BROKER ELIGIBILITY REMAIN PARTLY UNRESOLVED"
ABLATION_SCALE_IN_PLUS_EXIT_NOT_RUN,WEEKLY,2025-02-28,EUROPE_BANKS,EXTENDED,,"{""EUROPE_BANKS"": 1.0}","{""EUROPE_BANKS"": 1.0}",1.0,4,STRONG,1.0,1.0,0.0,PLANNED,2025-03-03,"HISTORICAL UK RETAIL, ISA, ACCOUNT AND BROKER ELIGIBILITY REMAIN PARTLY UNRESOLVED"
ABLATION_SCALE_IN_PLUS_EXIT_NOT_RUN,WEEKLY,2025-03-07,EUROPE_BANKS,EXTENDED,,"{""EUROPE_BANKS"": 1.0}","{""EUROPE_BANKS"": 1.0}",1.0,4,STRONG,1.0,1.0,0.0,NO_TARGET_CHANGE,,"HISTORICAL UK RETAIL, ISA, ACCOUNT AND BROKER ELIGIBILITY REMAIN PARTLY UNRESOLVED"
ABLATION_SCALE_IN_PLUS_EXIT_NOT_RUN,WEEKLY,2025-03-14,EUROPE_BANKS,EXTENDED,,"{""EUROPE_BANKS"": 1.0}","{""EUROPE_BANKS"": 1.0}",1.0,4,STRONG,1.0,1.0,0.0,NO_TARGET_CHANGE,,"HISTORICAL UK RETAIL, ISA, ACCOUNT AND BROKER ELIGIBILITY REMAIN PARTLY UNRESOLVED"
ABLATION_SCALE_IN_PLUS_EXIT_NOT_RUN,WEEKLY,2025-03-21,EUROPE_BANKS,EXTENDED,,"{""EUROPE_BANKS"": 1.0}","{""EUROPE_BANKS"": 1.0}",1.0,4,STRONG,1.0,1.0,0.0,NO_TARGET_CHANGE,,"HISTORICAL UK RETAIL, ISA, ACCOUNT AND BROKER ELIGIBILITY REMAIN PARTLY UNRESOLVED"
ABLATION_SCALE_IN_PLUS_EXIT_NOT_RUN,WEEKLY,2025-03-28,EUROPE_BANKS,OTHER,,"{""EUROPE_BANKS"": 1.0}","{""EUROPE_BANKS"": 1.0}",1.0,4,STRONG,1.0,1.0,0.0,NO_TARGET_CHANGE,,"HISTORICAL UK RETAIL, ISA, ACCOUNT AND BROKER ELIGIBILITY REMAIN PARTLY UNRESOLVED"
ABLATION_SCALE_IN_PLUS_EXIT_NOT_RUN,WEEKLY,2025-03-31,GLOBAL_GOLD_MINERS,EXTENDED,,"{""GLOBAL_GOLD_MINERS"": 1.0}","{""GLOBAL_GOLD_MINERS"": 1.0}",1.0,4,STRONG,1.0,1.0,0.0,PLANNED,2025-04-01,"HISTORICAL UK RETAIL, ISA, ACCOUNT AND BROKER ELIGIBILITY REMAIN PARTLY UNRESOLVED"
ABLATION_SCALE_IN_PLUS_EXIT_NOT_RUN,WEEKLY,2025-04-04,GLOBAL_GOLD_MINERS,EXTENDED,,"{""GLOBAL_GOLD_MINERS"": 1.0}","{""GLOBAL_GOLD_MINERS"": 1.0}",1.0,2,HOSTILE,1.0,1.0,0.0,NO_TARGET_CHANGE,,"HISTORICAL UK RETAIL, ISA, ACCOUNT AND BROKER ELIGIBILITY REMAIN PARTLY UNRESOLVED"
ABLATION_SCALE_IN_PLUS_EXIT_NOT_RUN,WEEKLY,2025-04-11,GLOBAL_GOLD_MINERS,EXTENDED,,"{""GLOBAL_GOLD_MINERS"": 1.0}","{""GLOBAL_GOLD_MINERS"": 1.0}",1.0,2,HOSTILE,1.0,1.0,0.0,NO_TARGET_CHANGE,,"HISTORICAL UK RETAIL, ISA, ACCOUNT AND BROKER ELIGIBILITY REMAIN PARTLY UNRESOLVED"
ABLATION_SCALE_IN_PLUS_EXIT_NOT_RUN,WEEKLY,2025-04-17,GLOBAL_GOLD_MINERS,EXTENDED,,"{""GLOBAL_GOLD_MINERS"": 1.0}","{""GLOBAL_GOLD_MINERS"": 1.0}",1.0,2,HOSTILE,1.0,1.0,0.0,NO_TARGET_CHANGE,,"HISTORICAL UK RETAIL, ISA, ACCOUNT AND BROKER ELIGIBILITY REMAIN PARTLY UNRESOLVED"
ABLATION_SCALE_IN_PLUS_EXIT_NOT_RUN,WEEKLY,2025-04-25,GLOBAL_GOLD_MINERS,EXTENDED,,"{""GLOBAL_GOLD_MINERS"": 1.0}","{""GLOBAL_GOLD_MINERS"": 1.0}",1.0,2,HOSTILE,1.0,1.0,0.0,NO_TARGET_CHANGE,,"HISTORICAL UK RETAIL, ISA, ACCOUNT AND BROKER ELIGIBILITY REMAIN PARTLY UNRESOLVED"
ABLATION_SCALE_IN_PLUS_EXIT_NOT_RUN,WEEKLY,2025-04-30,GLOBAL_GOLD_MINERS,EXTENDED,,"{""GLOBAL_GOLD_MINERS"": 1.0}","{""GLOBAL_GOLD_MINERS"": 1.0}",1.0,2,HOSTILE,1.0,1.0,0.0,NO_TARGET_CHANGE,,"HISTORICAL UK RETAIL, ISA, ACCOUNT AND BROKER ELIGIBILITY REMAIN PARTLY UNRESOLVED"
ABLATION_SCALE_IN_PLUS_EXIT_NOT_RUN,WEEKLY,2025-05-02,GLOBAL_GOLD_MINERS,OTHER,,"{""GLOBAL_GOLD_MINERS"": 1.0}","{""GLOBAL_GOLD_MINERS"": 1.0}",1.0,2,HOSTILE,1.0,1.0,0.0,NO_TARGET_CHANGE,,"HISTORICAL UK RETAIL, ISA, ACCOUNT AND BROKER ELIGIBILITY REMAIN PARTLY UNRESOLVED"
ABLATION_SCALE_IN_PLUS_EXIT_NOT_RUN,WEEKLY,2025-05-09,GLOBAL_GOLD_MINERS,OTHER,,"{""GLOBAL_GOLD_MINERS"": 1.0}","{""GLOBAL_GOLD_MINERS"": 1.0}",1.0,2,HOSTILE,1.0,1.0,0.0,NO_TARGET_CHANGE,,"HISTORICAL UK RETAIL, ISA, ACCOUNT AND BROKER ELIGIBILITY REMAIN PARTLY UNRESOLVED"
ABLATION_SCALE_IN_PLUS_EXIT_NOT_RUN,WEEKLY,2025-05-16,GLOBAL_GOLD_MINERS,WEAKENING,,"{""GLOBAL_GOLD_MINERS"": 1.0}","{""GLOBAL_GOLD_MINERS"": 1.0}",1.0,3,MATURE,1.0,1.0,0.0,NO_TARGET_CHANGE,,"HISTORICAL UK RETAIL, ISA, ACCOUNT AND BROKER ELIGIBILITY REMAIN PARTLY UNRESOLVED"
ABLATION_SCALE_IN_PLUS_EXIT_NOT_RUN,WEEKLY,2025-05-23,GLOBAL_GOLD_MINERS,WEAKENING,,"{""GLOBAL_GOLD_MINERS"": 1.0}","{""GLOBAL_GOLD_MINERS"": 1.0}",1.0,2,HOSTILE,1.0,1.0,0.0,NO_TARGET_CHANGE,,"HISTORICAL UK RETAIL, ISA, ACCOUNT AND BROKER ELIGIBILITY REMAIN PARTLY UNRESOLVED"
ABLATION_SCALE_IN_PLUS_EXIT_NOT_RUN,WEEKLY,2025-05-30,GLOBAL_GOLD_MINERS,WEAKENING,GLOBAL_URANIUM_NUCLEAR,"{""GLOBAL_GOLD_MINERS"": 0.75, ""GLOBAL_URANIUM_NUCLEAR"": 0.25}","{""GLOBAL_GOLD_MINERS"": 0.75, ""GLOBAL_URANIUM_NUCLEAR"": 0.25}",1.0,2,HOSTILE,1.0,1.0,0.0,PLANNED,2025-06-02,"HISTORICAL UK RETAIL, ISA, ACCOUNT AND BROKER ELIGIBILITY REMAIN PARTLY UNRESOLVED"
ABLATION_SCALE_IN_PLUS_EXIT_NOT_RUN,WEEKLY,2025-06-06,GLOBAL_GOLD_MINERS,WEAKENING,,"{""GLOBAL_GOLD_MINERS"": 1.0}","{""GLOBAL_GOLD_MINERS"": 1.0}",1.0,4,STRONG,1.0,1.0,0.0,PLANNED,2025-06-09,"HISTORICAL UK RETAIL, ISA, ACCOUNT AND BROKER ELIGIBILITY REMAIN PARTLY UNRESOLVED"
ABLATION_SCALE_IN_PLUS_EXIT_NOT_RUN,WEEKLY,2025-06-13,GLOBAL_GOLD_MINERS,WEAKENING,GLOBAL_URANIUM_NUCLEAR,"{""GLOBAL_GOLD_MINERS"": 0.75, ""GLOBAL_URANIUM_NUCLEAR"": 0.25}","{""GLOBAL_GOLD_MINERS"": 0.75, ""GLOBAL_URANIUM_NUCLEAR"": 0.25}",1.0,3,MATURE,1.0,1.0,0.0,PLANNED,2025-06-16,"HISTORICAL UK RETAIL, ISA, ACCOUNT AND BROKER ELIGIBILITY REMAIN PARTLY UNRESOLVED"
ABLATION_SCALE_IN_PLUS_EXIT_NOT_RUN,WEEKLY,2025-06-20,GLOBAL_GOLD_MINERS,ESTABLISHED,GLOBAL_URANIUM_NUCLEAR,"{""GLOBAL_GOLD_MINERS"": 0.5, ""GLOBAL_URANIUM_NUCLEAR"": 0.5}","{""GLOBAL_GOLD_MINERS"": 0.5, ""GLOBAL_URANIUM_NUCLEAR"": 0.5}",1.0,3,MATURE,1.0,1.0,0.0,PLANNED,2025-06-23,"HISTORICAL UK RETAIL, ISA, ACCOUNT AND BROKER ELIGIBILITY REMAIN PARTLY UNRESOLVED"
ABLATION_SCALE_IN_PLUS_EXIT_NOT_RUN,WEEKLY,2025-06-27,GLOBAL_GOLD_MINERS,WEAKENING,GLOBAL_URANIUM_NUCLEAR,"{""GLOBAL_GOLD_MINERS"": 0.5, ""GLOBAL_URANIUM_NUCLEAR"": 0.5}","{""GLOBAL_GOLD_MINERS"": 0.5, ""GLOBAL_URANIUM_NUCLEAR"": 0.5}",1.0,2,DETERIORATING,1.0,1.0,0.0,NO_TARGET_CHANGE,,"HISTORICAL UK RETAIL, ISA, ACCOUNT AND BROKER ELIGIBILITY REMAIN PARTLY UNRESOLVED"
ABLATION_SCALE_IN_PLUS_EXIT_NOT_RUN,WEEKLY,2025-06-30,EUROPE_BANKS,WEAKENING,,"{""EUROPE_BANKS"": 1.0}","{""EUROPE_BANKS"": 1.0}",1.0,2,DETERIORATING,1.0,1.0,0.0,PLANNED,2025-07-01,"HISTORICAL UK RETAIL, ISA, ACCOUNT AND BROKER ELIGIBILITY REMAIN PARTLY UNRESOLVED"
ABLATION_SCALE_IN_PLUS_EXIT_NOT_RUN,WEEKLY,2025-07-04,EUROPE_BANKS,OTHER,,"{""EUROPE_BANKS"": 1.0}","{""EUROPE_BANKS"": 1.0}",1.0,2,DETERIORATING,1.0,1.0,0.0,NO_TARGET_CHANGE,,"HISTORICAL UK RETAIL, ISA, ACCOUNT AND BROKER ELIGIBILITY REMAIN PARTLY UNRESOLVED"
ABLATION_SCALE_IN_PLUS_EXIT_NOT_RUN,WEEKLY,2025-07-11,EUROPE_BANKS,OTHER,,"{""EUROPE_BANKS"": 1.0}","{""EUROPE_BANKS"": 1.0}",1.0,1,DETERIORATING,1.0,1.0,0.0,NO_TARGET_CHANGE,,"HISTORICAL UK RETAIL, ISA, ACCOUNT AND BROKER ELIGIBILITY REMAIN PARTLY UNRESOLVED"
ABLATION_SCALE_IN_PLUS_EXIT_NOT_RUN,WEEKLY,2025-07-18,EUROPE_BANKS,WEAKENING,,"{""EUROPE_BANKS"": 1.0}","{""EUROPE_BANKS"": 1.0}",1.0,5,STRONG,1.0,1.0,0.0,NO_TARGET_CHANGE,,"HISTORICAL UK RETAIL, ISA, ACCOUNT AND BROKER ELIGIBILITY REMAIN PARTLY UNRESOLVED"
ABLATION_SCALE_IN_PLUS_EXIT_NOT_RUN,WEEKLY,2025-07-25,EUROPE_BANKS,OTHER,,"{""EUROPE_BANKS"": 1.0}","{""EUROPE_BANKS"": 1.0}",1.0,4,MATURE,1.0,1.0,0.0,NO_TARGET_CHANGE,,"HISTORICAL UK RETAIL, ISA, ACCOUNT AND BROKER ELIGIBILITY REMAIN PARTLY UNRESOLVED"
ABLATION_SCALE_IN_PLUS_EXIT_NOT_RUN,WEEKLY,2025-07-31,EUROPE_BANKS,ESTABLISHED,,"{""EUROPE_BANKS"": 1.0}","{""EUROPE_BANKS"": 1.0}",1.0,4,MATURE,1.0,1.0,0.0,NO_TARGET_CHANGE,,"HISTORICAL UK RETAIL, ISA, ACCOUNT AND BROKER ELIGIBILITY REMAIN PARTLY UNRESOLVED"
ABLATION_SCALE_IN_PLUS_EXIT_NOT_RUN,WEEKLY,2025-08-01,EUROPE_BANKS,CONFIRMING,,"{""EUROPE_BANKS"": 1.0}","{""EUROPE_BANKS"": 1.0}",1.0,3,DETERIORATING,1.0,1.0,0.0,NO_TARGET_CHANGE,,"HISTORICAL UK RETAIL, ISA, ACCOUNT AND BROKER ELIGIBILITY REMAIN PARTLY UNRESOLVED"
ABLATION_SCALE_IN_PLUS_EXIT_NOT_RUN,WEEKLY,2025-08-08,EUROPE_BANKS,ESTABLISHED,,"{""EUROPE_BANKS"": 1.0}","{""EUROPE_BANKS"": 1.0}",1.0,3,DETERIORATING,1.0,1.0,0.0,NO_TARGET_CHANGE,,"HISTORICAL UK RETAIL, ISA, ACCOUNT AND BROKER ELIGIBILITY REMAIN PARTLY UNRESOLVED"
ABLATION_SCALE_IN_PLUS_EXIT_NOT_RUN,WEEKLY,2025-08-15,EUROPE_BANKS,ESTABLISHED,,"{""EUROPE_BANKS"": 1.0}","{""EUROPE_BANKS"": 1.0}",1.0,4,MATURE,1.0,1.0,0.0,NO_TARGET_CHANGE,,"HISTORICAL UK RETAIL, ISA, ACCOUNT AND BROKER ELIGIBILITY REMAIN PARTLY UNRESOLVED"
ABLATION_SCALE_IN_PLUS_EXIT_NOT_RUN,WEEKLY,2025-08-22,EUROPE_BANKS,CONFIRMING,,"{""EUROPE_BANKS"": 1.0}","{""EUROPE_BANKS"": 1.0}",1.0,4,MATURE,1.0,1.0,0.0,NO_TARGET_CHANGE,,"HISTORICAL UK RETAIL, ISA, ACCOUNT AND BROKER ELIGIBILITY REMAIN PARTLY UNRESOLVED"
ABLATION_SCALE_IN_PLUS_EXIT_NOT_RUN,WEEKLY,2025-08-29,GLOBAL_SILVER_MINERS,ESTABLISHED,,"{""GLOBAL_SILVER_MINERS"": 1.0}","{""GLOBAL_SILVER_MINERS"": 1.0}",1.0,2,DETERIORATING,1.0,1.0,0.0,PLANNED,2025-09-01,"HISTORICAL UK RETAIL, ISA, ACCOUNT AND BROKER ELIGIBILITY REMAIN PARTLY UNRESOLVED"
ABLATION_SCALE_IN_PLUS_EXIT_NOT_RUN,WEEKLY,2025-09-05,GLOBAL_SILVER_MINERS,ESTABLISHED,,"{""GLOBAL_SILVER_MINERS"": 1.0}","{""GLOBAL_SILVER_MINERS"": 1.0}",1.0,3,DETERIORATING,1.0,1.0,0.0,NO_TARGET_CHANGE,,"HISTORICAL UK RETAIL, ISA, ACCOUNT AND BROKER ELIGIBILITY REMAIN PARTLY UNRESOLVED"
ABLATION_SCALE_IN_PLUS_EXIT_NOT_RUN,WEEKLY,2025-09-12,GLOBAL_SILVER_MINERS,CONFIRMING,,"{""GLOBAL_SILVER_MINERS"": 1.0}","{""GLOBAL_SILVER_MINERS"": 1.0}",1.0,2,DETERIORATING,1.0,1.0,0.0,NO_TARGET_CHANGE,,"HISTORICAL UK RETAIL, ISA, ACCOUNT AND BROKER ELIGIBILITY REMAIN PARTLY UNRESOLVED"
ABLATION_SCALE_IN_PLUS_EXIT_NOT_RUN,WEEKLY,2025-09-19,GLOBAL_SILVER_MINERS,EXTENDED,,"{""GLOBAL_SILVER_MINERS"": 1.0}","{""GLOBAL_SILVER_MINERS"": 1.0}",1.0,3,MATURE,1.0,1.0,0.0,NO_TARGET_CHANGE,,"HISTORICAL UK RETAIL, ISA, ACCOUNT AND BROKER ELIGIBILITY REMAIN PARTLY UNRESOLVED"
ABLATION_SCALE_IN_PLUS_EXIT_NOT_RUN,WEEKLY,2025-09-26,GLOBAL_SILVER_MINERS,EXTENDED,,"{""GLOBAL_SILVER_MINERS"": 1.0}","{""GLOBAL_SILVER_MINERS"": 1.0}",1.0,3,MATURE,1.0,1.0,0.0,NO_TARGET_CHANGE,,"HISTORICAL UK RETAIL, ISA, ACCOUNT AND BROKER ELIGIBILITY REMAIN PARTLY UNRESOLVED"
ABLATION_SCALE_IN_PLUS_EXIT_NOT_RUN,WEEKLY,2025-09-30,GLOBAL_SILVER_MINERS,EXTENDED,,"{""GLOBAL_SILVER_MINERS"": 1.0}","{""GLOBAL_SILVER_MINERS"": 1.0}",1.0,3,MATURE,1.0,1.0,0.0,NO_TARGET_CHANGE,,"HISTORICAL UK RETAIL, ISA, ACCOUNT AND BROKER ELIGIBILITY REMAIN PARTLY UNRESOLVED"
ABLATION_SCALE_IN_PLUS_EXIT_NOT_RUN,WEEKLY,2025-10-03,GLOBAL_SILVER_MINERS,OTHER,,"{""GLOBAL_SILVER_MINERS"": 1.0}","{""GLOBAL_SILVER_MINERS"": 1.0}",1.0,3,MATURE,1.0,1.0,0.0,NO_TARGET_CHANGE,,"HISTORICAL UK RETAIL, ISA, ACCOUNT AND BROKER ELIGIBILITY REMAIN PARTLY UNRESOLVED"
ABLATION_SCALE_IN_PLUS_EXIT_NOT_RUN,WEEKLY,2025-10-10,GLOBAL_SILVER_MINERS,EXTENDED,,"{""GLOBAL_SILVER_MINERS"": 1.0}","{""GLOBAL_SILVER_MINERS"": 1.0}",1.0,4,STRONG,1.0,1.0,0.0,NO_TARGET_CHANGE,,"HISTORICAL UK RETAIL, ISA, ACCOUNT AND BROKER ELIGIBILITY REMAIN PARTLY UNRESOLVED"
ABLATION_SCALE_IN_PLUS_EXIT_NOT_RUN,WEEKLY,2025-10-17,GLOBAL_SILVER_MINERS,EXTENDED,,"{""GLOBAL_SILVER_MINERS"": 1.0}","{""GLOBAL_SILVER_MINERS"": 1.0}",1.0,4,STRONG,1.0,1.0,0.0,NO_TARGET_CHANGE,,"HISTORICAL UK RETAIL, ISA, ACCOUNT AND BROKER ELIGIBILITY REMAIN PARTLY UNRESOLVED"
ABLATION_SCALE_IN_PLUS_EXIT_NOT_RUN,WEEKLY,2025-10-24,GLOBAL_SILVER_MINERS,WEAKENING,,"{""GLOBAL_SILVER_MINERS"": 1.0}","{""GLOBAL_SILVER_MINERS"": 1.0}",1.0,3,MATURE,1.0,1.0,0.0,NO_TARGET_CHANGE,,"HISTORICAL UK RETAIL, ISA, ACCOUNT AND BROKER ELIGIBILITY REMAIN PARTLY UNRESOLVED"
ABLATION_SCALE_IN_PLUS_EXIT_NOT_RUN,WEEKLY,2025-10-31,GLOBAL_SILVER_MINERS,WEAKENING,,"{""GLOBAL_SILVER_MINERS"": 1.0}","{""GLOBAL_SILVER_MINERS"": 1.0}",1.0,4,STRONG,1.0,1.0,0.0,NO_TARGET_CHANGE,,"HISTORICAL UK RETAIL, ISA, ACCOUNT AND BROKER ELIGIBILITY REMAIN PARTLY UNRESOLVED"
ABLATION_SCALE_IN_PLUS_EXIT_NOT_RUN,WEEKLY,2025-11-07,GLOBAL_SILVER_MINERS,WEAKENING,,"{""GLOBAL_SILVER_MINERS"": 1.0}","{""GLOBAL_SILVER_MINERS"": 1.0}",1.0,2,DETERIORATING,1.0,1.0,0.0,NO_TARGET_CHANGE,,"HISTORICAL UK RETAIL, ISA, ACCOUNT AND BROKER ELIGIBILITY REMAIN PARTLY UNRESOLVED"
ABLATION_SCALE_IN_PLUS_EXIT_NOT_RUN,WEEKLY,2025-11-14,GLOBAL_SILVER_MINERS,WEAKENING,,"{""GLOBAL_SILVER_MINERS"": 1.0}","{""GLOBAL_SILVER_MINERS"": 1.0}",1.0,4,STRONG,1.0,1.0,0.0,NO_TARGET_CHANGE,,"HISTORICAL UK RETAIL, ISA, ACCOUNT AND BROKER ELIGIBILITY REMAIN PARTLY UNRESOLVED"
ABLATION_SCALE_IN_PLUS_EXIT_NOT_RUN,WEEKLY,2025-11-21,GLOBAL_SILVER_MINERS,WEAKENING,,"{""GLOBAL_SILVER_MINERS"": 1.0}","{""GLOBAL_SILVER_MINERS"": 1.0}",1.0,3,MATURE,1.0,1.0,0.0,NO_TARGET_CHANGE,,"HISTORICAL UK RETAIL, ISA, ACCOUNT AND BROKER ELIGIBILITY REMAIN PARTLY UNRESOLVED"
ABLATION_SCALE_IN_PLUS_EXIT_NOT_RUN,WEEKLY,2025-11-28,GLOBAL_SILVER_MINERS,WEAKENING,,"{""GLOBAL_SILVER_MINERS"": 1.0}","{""GLOBAL_SILVER_MINERS"": 1.0}",1.0,4,STRONG,1.0,1.0,0.0,NO_TARGET_CHANGE,,"HISTORICAL UK RETAIL, ISA, ACCOUNT AND BROKER ELIGIBILITY REMAIN PARTLY UNRESOLVED"
ABLATION_SCALE_IN_PLUS_EXIT_NOT_RUN,WEEKLY,2025-12-05,GLOBAL_SILVER_MINERS,ESTABLISHED,,"{""GLOBAL_SILVER_MINERS"": 1.0}","{""GLOBAL_SILVER_MINERS"": 1.0}",1.0,4,STRONG,1.0,1.0,0.0,NO_TARGET_CHANGE,,"HISTORICAL UK RETAIL, ISA, ACCOUNT AND BROKER ELIGIBILITY REMAIN PARTLY UNRESOLVED"
ABLATION_SCALE_IN_PLUS_EXIT_NOT_RUN,WEEKLY,2025-12-12,GLOBAL_SILVER_MINERS,ESTABLISHED,,"{""GLOBAL_SILVER_MINERS"": 1.0}","{""GLOBAL_SILVER_MINERS"": 1.0}",1.0,4,STRONG,1.0,1.0,0.0,NO_TARGET_CHANGE,,"HISTORICAL UK RETAIL, ISA, ACCOUNT AND BROKER ELIGIBILITY REMAIN PARTLY UNRESOLVED"
ABLATION_SCALE_IN_PLUS_EXIT_NOT_RUN,WEEKLY,2025-12-19,GLOBAL_SILVER_MINERS,ESTABLISHED,,"{""GLOBAL_SILVER_MINERS"": 1.0}","{""GLOBAL_SILVER_MINERS"": 1.0}",1.0,4,STRONG,1.0,1.0,0.0,NO_TARGET_CHANGE,,"HISTORICAL UK RETAIL, ISA, ACCOUNT AND BROKER ELIGIBILITY REMAIN PARTLY UNRESOLVED"
ABLATION_SCALE_IN_PLUS_EXIT_NOT_RUN,WEEKLY,2025-12-24,GLOBAL_SILVER_MINERS,ESTABLISHED,,"{""GLOBAL_SILVER_MINERS"": 1.0}","{""GLOBAL_SILVER_MINERS"": 1.0}",1.0,4,STRONG,1.0,1.0,0.0,NO_TARGET_CHANGE,,"HISTORICAL UK RETAIL, ISA, ACCOUNT AND BROKER ELIGIBILITY REMAIN PARTLY UNRESOLVED"
ABLATION_SCALE_IN_PLUS_EXIT_NOT_RUN,WEEKLY,2025-12-31,GLOBAL_SILVER_MINERS,ESTABLISHED,,"{""GLOBAL_SILVER_MINERS"": 1.0}","{""GLOBAL_SILVER_MINERS"": 1.0}",1.0,4,STRONG,1.0,1.0,0.0,NO_TARGET_CHANGE,,"HISTORICAL UK RETAIL, ISA, ACCOUNT AND BROKER ELIGIBILITY REMAIN PARTLY UNRESOLVED"
ABLATION_SCALE_IN_PLUS_EXIT_NOT_RUN,WEEKLY,2026-01-02,GLOBAL_SILVER_MINERS,ESTABLISHED,,"{""GLOBAL_SILVER_MINERS"": 1.0}","{""GLOBAL_SILVER_MINERS"": 1.0}",1.0,3,MATURE,1.0,1.0,0.0,NO_TARGET_CHANGE,,"HISTORICAL UK RETAIL, ISA, ACCOUNT AND BROKER ELIGIBILITY REMAIN PARTLY UNRESOLVED"
ABLATION_SCALE_IN_PLUS_EXIT_NOT_RUN,WEEKLY,2026-01-09,GLOBAL_SILVER_MINERS,ESTABLISHED,,"{""GLOBAL_SILVER_MINERS"": 1.0}","{""GLOBAL_SILVER_MINERS"": 1.0}",1.0,3,MATURE,1.0,1.0,0.0,NO_TARGET_CHANGE,,"HISTORICAL UK RETAIL, ISA, ACCOUNT AND BROKER ELIGIBILITY REMAIN PARTLY UNRESOLVED"
ABLATION_SCALE_IN_PLUS_EXIT_NOT_RUN,WEEKLY,2026-01-16,GLOBAL_SILVER_MINERS,ESTABLISHED,,"{""GLOBAL_SILVER_MINERS"": 1.0}","{""GLOBAL_SILVER_MINERS"": 1.0}",1.0,3,MATURE,1.0,1.0,0.0,NO_TARGET_CHANGE,,"HISTORICAL UK RETAIL, ISA, ACCOUNT AND BROKER ELIGIBILITY REMAIN PARTLY UNRESOLVED"
ABLATION_SCALE_IN_PLUS_EXIT_NOT_RUN,WEEKLY,2026-01-23,GLOBAL_SILVER_MINERS,EXTENDED,,"{""GLOBAL_SILVER_MINERS"": 1.0}","{""GLOBAL_SILVER_MINERS"": 1.0}",1.0,4,STRONG,1.0,1.0,0.0,NO_TARGET_CHANGE,,"HISTORICAL UK RETAIL, ISA, ACCOUNT AND BROKER ELIGIBILITY REMAIN PARTLY UNRESOLVED"
ABLATION_SCALE_IN_PLUS_EXIT_NOT_RUN,WEEKLY,2026-01-30,GLOBAL_SILVER_MINERS,EXTENDED,,"{""GLOBAL_SILVER_MINERS"": 1.0}","{""GLOBAL_SILVER_MINERS"": 1.0}",1.0,3,MATURE,1.0,1.0,0.0,NO_TARGET_CHANGE,,"HISTORICAL UK RETAIL, ISA, ACCOUNT AND BROKER ELIGIBILITY REMAIN PARTLY UNRESOLVED"
ABLATION_SCALE_IN_PLUS_EXIT_NOT_RUN,WEEKLY,2026-02-06,GLOBAL_SILVER_MINERS,EXTENDED,,"{""GLOBAL_SILVER_MINERS"": 1.0}","{""GLOBAL_SILVER_MINERS"": 1.0}",1.0,3,MATURE,1.0,1.0,0.0,NO_TARGET_CHANGE,,"HISTORICAL UK RETAIL, ISA, ACCOUNT AND BROKER ELIGIBILITY REMAIN PARTLY UNRESOLVED"
ABLATION_SCALE_IN_PLUS_EXIT_NOT_RUN,WEEKLY,2026-02-13,GLOBAL_SILVER_MINERS,EXTENDED,,"{""GLOBAL_SILVER_MINERS"": 1.0}","{""GLOBAL_SILVER_MINERS"": 1.0}",1.0,3,MATURE,1.0,1.0,0.0,NO_TARGET_CHANGE,,"HISTORICAL UK RETAIL, ISA, ACCOUNT AND BROKER ELIGIBILITY REMAIN PARTLY UNRESOLVED"
ABLATION_SCALE_IN_PLUS_EXIT_NOT_RUN,WEEKLY,2026-02-20,GLOBAL_SILVER_MINERS,WEAKENING,,"{""GLOBAL_SILVER_MINERS"": 1.0}","{""GLOBAL_SILVER_MINERS"": 1.0}",1.0,3,MATURE,1.0,1.0,0.0,NO_TARGET_CHANGE,,"HISTORICAL UK RETAIL, ISA, ACCOUNT AND BROKER ELIGIBILITY REMAIN PARTLY UNRESOLVED"
ABLATION_SCALE_IN_PLUS_EXIT_NOT_RUN,WEEKLY,2026-02-27,GLOBAL_SILVER_MINERS,EXTENDED,,"{""GLOBAL_SILVER_MINERS"": 1.0}","{""GLOBAL_SILVER_MINERS"": 1.0}",1.0,3,MATURE,1.0,1.0,0.0,NO_TARGET_CHANGE,,"HISTORICAL UK RETAIL, ISA, ACCOUNT AND BROKER ELIGIBILITY REMAIN PARTLY UNRESOLVED"
ABLATION_SCALE_IN_PLUS_EXIT_NOT_RUN,WEEKLY,2026-03-06,GLOBAL_SILVER_MINERS,EXTENDED,,"{""GLOBAL_SILVER_MINERS"": 1.0}","{""GLOBAL_SILVER_MINERS"": 1.0}",1.0,4,STRONG,1.0,1.0,0.0,NO_TARGET_CHANGE,,"HISTORICAL UK RETAIL, ISA, ACCOUNT AND BROKER ELIGIBILITY REMAIN PARTLY UNRESOLVED"
ABLATION_SCALE_IN_PLUS_EXIT_NOT_RUN,WEEKLY,2026-03-13,GLOBAL_SILVER_MINERS,WEAKENING,,"{""GLOBAL_SILVER_MINERS"": 1.0}","{""GLOBAL_SILVER_MINERS"": 1.0}",1.0,4,STRONG,1.0,1.0,0.0,NO_TARGET_CHANGE,,"HISTORICAL UK RETAIL, ISA, ACCOUNT AND BROKER ELIGIBILITY REMAIN PARTLY UNRESOLVED"
ABLATION_SCALE_IN_PLUS_EXIT_NOT_RUN,WEEKLY,2026-03-20,GLOBAL_SILVER_MINERS,FAILED,,"{""GLOBAL_SILVER_MINERS"": 1.0}","{""GLOBAL_SILVER_MINERS"": 1.0}",1.0,4,STRONG,1.0,1.0,0.0,NO_TARGET_CHANGE,,"HISTORICAL UK RETAIL, ISA, ACCOUNT AND BROKER ELIGIBILITY REMAIN PARTLY UNRESOLVED"
ABLATION_SCALE_IN_PLUS_EXIT_NOT_RUN,WEEKLY,2026-03-27,GLOBAL_SILVER_MINERS,FAILED,,"{""GLOBAL_SILVER_MINERS"": 1.0}","{""GLOBAL_SILVER_MINERS"": 1.0}",1.0,3,MATURE,1.0,1.0,0.0,NO_TARGET_CHANGE,,"HISTORICAL UK RETAIL, ISA, ACCOUNT AND BROKER ELIGIBILITY REMAIN PARTLY UNRESOLVED"
ABLATION_SCALE_IN_PLUS_EXIT_NOT_RUN,WEEKLY,2026-03-31,GLOBAL_OIL_GAS,EXTENDED,,"{""GLOBAL_OIL_GAS"": 1.0}","{""GLOBAL_OIL_GAS"": 1.0}",1.0,3,MATURE,1.0,1.0,0.0,PLANNED,2026-04-01,"HISTORICAL UK RETAIL, ISA, ACCOUNT AND BROKER ELIGIBILITY REMAIN PARTLY UNRESOLVED"
ABLATION_SCALE_IN_PLUS_EXIT_NOT_RUN,WEEKLY,2026-04-02,GLOBAL_OIL_GAS,CONFIRMING,,"{""GLOBAL_OIL_GAS"": 1.0}","{""GLOBAL_OIL_GAS"": 1.0}",1.0,4,STRONG,1.0,1.0,0.0,NO_TARGET_CHANGE,,"HISTORICAL UK RETAIL, ISA, ACCOUNT AND BROKER ELIGIBILITY REMAIN PARTLY UNRESOLVED"
ABLATION_SCALE_IN_PLUS_EXIT_NOT_RUN,WEEKLY,2026-04-10,GLOBAL_OIL_GAS,CONFIRMING,,"{""GLOBAL_OIL_GAS"": 1.0}","{""GLOBAL_OIL_GAS"": 1.0}",1.0,4,STRONG,1.0,1.0,0.0,NO_TARGET_CHANGE,,"HISTORICAL UK RETAIL, ISA, ACCOUNT AND BROKER ELIGIBILITY REMAIN PARTLY UNRESOLVED"
ABLATION_SCALE_IN_PLUS_EXIT_NOT_RUN,WEEKLY,2026-04-17,GLOBAL_OIL_GAS,OTHER,,"{""GLOBAL_OIL_GAS"": 1.0}","{""GLOBAL_OIL_GAS"": 1.0}",1.0,3,MATURE,1.0,1.0,0.0,NO_TARGET_CHANGE,,"HISTORICAL UK RETAIL, ISA, ACCOUNT AND BROKER ELIGIBILITY REMAIN PARTLY UNRESOLVED"
ABLATION_SCALE_IN_PLUS_EXIT_NOT_RUN,WEEKLY,2026-04-24,GLOBAL_OIL_GAS,WEAKENING,,"{""GLOBAL_OIL_GAS"": 1.0}","{""GLOBAL_OIL_GAS"": 1.0}",1.0,4,STRONG,1.0,1.0,0.0,NO_TARGET_CHANGE,,"HISTORICAL UK RETAIL, ISA, ACCOUNT AND BROKER ELIGIBILITY REMAIN PARTLY UNRESOLVED"
ABLATION_SCALE_IN_PLUS_EXIT_NOT_RUN,WEEKLY,2026-04-30,GLOBAL_SEMICONDUCTORS,EXTENDED,,"{""GLOBAL_SEMICONDUCTORS"": 1.0}","{""GLOBAL_SEMICONDUCTORS"": 1.0}",1.0,4,STRONG,1.0,1.0,0.0,PLANNED,2026-05-01,"HISTORICAL UK RETAIL, ISA, ACCOUNT AND BROKER ELIGIBILITY REMAIN PARTLY UNRESOLVED"
ABLATION_SCALE_IN_PLUS_EXIT_NOT_RUN,WEEKLY,2026-05-01,GLOBAL_SEMICONDUCTORS,EXTENDED,,"{""GLOBAL_SEMICONDUCTORS"": 1.0}","{""GLOBAL_SEMICONDUCTORS"": 1.0}",1.0,5,STRONG,1.0,1.0,0.0,NO_TARGET_CHANGE,,"HISTORICAL UK RETAIL, ISA, ACCOUNT AND BROKER ELIGIBILITY REMAIN PARTLY UNRESOLVED"
ABLATION_SCALE_IN_PLUS_EXIT_NOT_RUN,WEEKLY,2026-05-08,GLOBAL_SEMICONDUCTORS,EXTENDED,,"{""GLOBAL_SEMICONDUCTORS"": 1.0}","{""GLOBAL_SEMICONDUCTORS"": 1.0}",1.0,5,STRONG,1.0,1.0,0.0,NO_TARGET_CHANGE,,"HISTORICAL UK RETAIL, ISA, ACCOUNT AND BROKER ELIGIBILITY REMAIN PARTLY UNRESOLVED"
ABLATION_SCALE_IN_PLUS_EXIT_NOT_RUN,WEEKLY,2026-05-15,GLOBAL_SEMICONDUCTORS,EXTENDED,,"{""GLOBAL_SEMICONDUCTORS"": 1.0}","{""GLOBAL_SEMICONDUCTORS"": 1.0}",1.0,4,MATURE,1.0,1.0,0.0,NO_TARGET_CHANGE,,"HISTORICAL UK RETAIL, ISA, ACCOUNT AND BROKER ELIGIBILITY REMAIN PARTLY UNRESOLVED"
ABLATION_SCALE_IN_PLUS_EXIT_NOT_RUN,WEEKLY,2026-05-22,GLOBAL_SEMICONDUCTORS,EXTENDED,,"{""GLOBAL_SEMICONDUCTORS"": 1.0}","{""GLOBAL_SEMICONDUCTORS"": 1.0}",1.0,3,DETERIORATING,1.0,1.0,0.0,NO_TARGET_CHANGE,,"HISTORICAL UK RETAIL, ISA, ACCOUNT AND BROKER ELIGIBILITY REMAIN PARTLY UNRESOLVED"
ABLATION_SCALE_IN_PLUS_EXIT_NOT_RUN,WEEKLY,2026-05-29,GLOBAL_SEMICONDUCTORS,EXTENDED,,"{""GLOBAL_SEMICONDUCTORS"": 1.0}","{""GLOBAL_SEMICONDUCTORS"": 1.0}",1.0,4,MATURE,1.0,1.0,0.0,NO_TARGET_CHANGE,,"HISTORICAL UK RETAIL, ISA, ACCOUNT AND BROKER ELIGIBILITY REMAIN PARTLY UNRESOLVED"
ABLATION_SCALE_IN_PLUS_EXIT_NOT_RUN,WEEKLY,2026-06-05,GLOBAL_SEMICONDUCTORS,EXTENDED,,"{""GLOBAL_SEMICONDUCTORS"": 1.0}","{""GLOBAL_SEMICONDUCTORS"": 1.0}",1.0,3,DETERIORATING,1.0,1.0,0.0,NO_TARGET_CHANGE,,"HISTORICAL UK RETAIL, ISA, ACCOUNT AND BROKER ELIGIBILITY REMAIN PARTLY UNRESOLVED"
ABLATION_SCALE_IN_PLUS_EXIT_NOT_RUN,WEEKLY,2026-06-12,GLOBAL_SEMICONDUCTORS,EXTENDED,,"{""GLOBAL_SEMICONDUCTORS"": 1.0}","{""GLOBAL_SEMICONDUCTORS"": 1.0}",1.0,4,MATURE,1.0,1.0,0.0,NO_TARGET_CHANGE,,"HISTORICAL UK RETAIL, ISA, ACCOUNT AND BROKER ELIGIBILITY REMAIN PARTLY UNRESOLVED"
ABLATION_SCALE_IN_PLUS_EXIT_NOT_RUN,WEEKLY,2026-06-19,GLOBAL_SEMICONDUCTORS,EXTENDED,,"{""GLOBAL_SEMICONDUCTORS"": 1.0}","{""GLOBAL_SEMICONDUCTORS"": 1.0}",1.0,3,DETERIORATING,1.0,1.0,0.0,NO_TARGET_CHANGE,,"HISTORICAL UK RETAIL, ISA, ACCOUNT AND BROKER ELIGIBILITY REMAIN PARTLY UNRESOLVED"
ABLATION_SCALE_IN_PLUS_EXIT_NOT_RUN,WEEKLY,2026-06-26,GLOBAL_SEMICONDUCTORS,EXTENDED,,"{""GLOBAL_SEMICONDUCTORS"": 1.0}","{""GLOBAL_SEMICONDUCTORS"": 1.0}",1.0,3,DETERIORATING,1.0,1.0,0.0,NO_TARGET_CHANGE,,"HISTORICAL UK RETAIL, ISA, ACCOUNT AND BROKER ELIGIBILITY REMAIN PARTLY UNRESOLVED"
ABLATION_SCALE_IN_PLUS_EXIT_NOT_RUN,WEEKLY,2026-06-30,GLOBAL_SEMICONDUCTORS,EXTENDED,,"{""GLOBAL_SEMICONDUCTORS"": 1.0}","{""GLOBAL_SEMICONDUCTORS"": 1.0}",1.0,3,DETERIORATING,1.0,1.0,0.0,NO_TARGET_CHANGE,,"HISTORICAL UK RETAIL, ISA, ACCOUNT AND BROKER ELIGIBILITY REMAIN PARTLY UNRESOLVED"
ABLATION_SCALE_IN_PLUS_EXIT_NOT_RUN,WEEKLY,2026-07-03,GLOBAL_SEMICONDUCTORS,EXTENDED,,"{""GLOBAL_SEMICONDUCTORS"": 1.0}","{""GLOBAL_SEMICONDUCTORS"": 1.0}",1.0,3,DETERIORATING,1.0,1.0,0.0,NO_TARGET_CHANGE,,"HISTORICAL UK RETAIL, ISA, ACCOUNT AND BROKER ELIGIBILITY REMAIN PARTLY UNRESOLVED"
ABLATION_SCALE_IN_PLUS_EXIT_NOT_RUN,WEEKLY,2026-07-10,GLOBAL_SEMICONDUCTORS,EXTENDED,,"{""GLOBAL_SEMICONDUCTORS"": 1.0}","{""GLOBAL_SEMICONDUCTORS"": 1.0}",1.0,3,MATURE,1.0,1.0,0.0,NO_TARGET_CHANGE,,"HISTORICAL UK RETAIL, ISA, ACCOUNT AND BROKER ELIGIBILITY REMAIN PARTLY UNRESOLVED"
ABLATION_SCALE_IN_PLUS_EXIT_NOT_RUN,WEEKLY,2026-07-17,GLOBAL_SEMICONDUCTORS,WEAKENING,,"{""GLOBAL_SEMICONDUCTORS"": 1.0}","{""GLOBAL_SEMICONDUCTORS"": 1.0}",1.0,2,DETERIORATING,1.0,1.0,0.0,NO_TARGET_CHANGE,,"HISTORICAL UK RETAIL, ISA, ACCOUNT AND BROKER ELIGIBILITY REMAIN PARTLY UNRESOLVED"
ABLATION_SCALE_IN_PLUS_EXIT_NOT_RUN,WEEKLY,2026-07-24,GLOBAL_SEMICONDUCTORS,WEAKENING,,"{""GLOBAL_SEMICONDUCTORS"": 1.0}","{""GLOBAL_SEMICONDUCTORS"": 1.0}",1.0,3,MATURE,1.0,1.0,0.0,NO_TARGET_CHANGE,,"HISTORICAL UK RETAIL, ISA, ACCOUNT AND BROKER ELIGIBILITY REMAIN PARTLY UNRESOLVED"
ABLATION_SCALE_IN_PLUS_EXIT_NOT_RUN,WEEKLY,2026-07-31,GLOBAL_SEMICONDUCTORS,WEAKENING,,"{""GLOBAL_SEMICONDUCTORS"": 1.0}","{""GLOBAL_SEMICONDUCTORS"": 1.0}",1.0,5,STRONG,1.0,1.0,0.0,NO_TARGET_CHANGE,,"HISTORICAL UK RETAIL, ISA, ACCOUNT AND BROKER ELIGIBILITY REMAIN PARTLY UNRESOLVED"
ABLATION_SCALE_IN_PLUS_EXIT_NOT_RUN,WEEKLY,2026-08-07,GLOBAL_SEMICONDUCTORS,FAILED,,"{""GLOBAL_SEMICONDUCTORS"": 1.0}","{""GLOBAL_SEMICONDUCTORS"": 1.0}",1.0,3,DETERIORATING,1.0,1.0,0.0,NO_TARGET_CHANGE,,"HISTORICAL UK RETAIL, ISA, ACCOUNT AND BROKER ELIGIBILITY REMAIN PARTLY UNRESOLVED"
ABLATION_SCALE_IN_PLUS_EXIT_NOT_RUN,WEEKLY,2026-08-14,GLOBAL_SEMICONDUCTORS,WEAKENING,,"{""GLOBAL_SEMICONDUCTORS"": 1.0}","{""GLOBAL_SEMICONDUCTORS"": 1.0}",1.0,3,DETERIORATING,1.0,1.0,0.0,NO_TARGET_CHANGE,,"HISTORICAL UK RETAIL, ISA, ACCOUNT AND BROKER ELIGIBILITY REMAIN PARTLY UNRESOLVED"
ABLATION_SCALE_IN_PLUS_EXIT_NOT_RUN,WEEKLY,2026-08-21,GLOBAL_GENOMICS,EXTENDED,,"{""GLOBAL_GENOMICS"": 1.0}","{""GLOBAL_GENOMICS"": 1.0}",1.0,3,DETERIORATING,1.0,1.0,0.0,CANCELLED_PANEL_END_NO_EXECUTION_SESSION,,"HISTORICAL UK RETAIL, ISA, ACCOUNT AND BROKER ELIGIBILITY REMAIN PARTLY UNRESOLVED"
ABLATION_LIFECYCLE_PLUS_REGIME,WEEKLY,2021-08-31,GLOBAL_CYBERSECURITY,ESTABLISHED,,"{""GLOBAL_CYBERSECURITY"": 1.0}","{""GLOBAL_CYBERSECURITY"": 1.0}",1.0,3,MATURE,1.0,1.0,0.0,PLANNED,2021-09-01,"HISTORICAL UK RETAIL, ISA, ACCOUNT AND BROKER ELIGIBILITY REMAIN PARTLY UNRESOLVED"
ABLATION_LIFECYCLE_PLUS_REGIME,WEEKLY,2021-09-03,GLOBAL_CYBERSECURITY,EXTENDED,,"{""GLOBAL_CYBERSECURITY"": 1.0}","{""GLOBAL_CYBERSECURITY"": 1.0}",1.0,3,MATURE,1.0,1.0,0.0,NO_TARGET_CHANGE,,"HISTORICAL UK RETAIL, ISA, ACCOUNT AND BROKER ELIGIBILITY REMAIN PARTLY UNRESOLVED"
ABLATION_LIFECYCLE_PLUS_REGIME,WEEKLY,2021-09-10,GLOBAL_CYBERSECURITY,ESTABLISHED,,"{""GLOBAL_CYBERSECURITY"": 1.0}","{""GLOBAL_CYBERSECURITY"": 1.0}",1.0,3,MATURE,1.0,1.0,0.0,NO_TARGET_CHANGE,,"HISTORICAL UK RETAIL, ISA, ACCOUNT AND BROKER ELIGIBILITY REMAIN PARTLY UNRESOLVED"
ABLATION_LIFECYCLE_PLUS_REGIME,WEEKLY,2021-09-17,GLOBAL_CYBERSECURITY,ESTABLISHED,,"{""GLOBAL_CYBERSECURITY"": 1.0}","{""GLOBAL_CYBERSECURITY"": 1.0}",1.0,3,MATURE,1.0,1.0,0.0,NO_TARGET_CHANGE,,"HISTORICAL UK RETAIL, ISA, ACCOUNT AND BROKER ELIGIBILITY REMAIN PARTLY UNRESOLVED"
ABLATION_LIFECYCLE_PLUS_REGIME,WEEKLY,2021-09-24,GLOBAL_CYBERSECURITY,WEAKENING,,"{""GLOBAL_CYBERSECURITY"": 1.0}","{""GLOBAL_CYBERSECURITY"": 1.0}",1.0,3,MATURE,1.0,1.0,0.0,NO_TARGET_CHANGE,,"HISTORICAL UK RETAIL, ISA, ACCOUNT AND BROKER ELIGIBILITY REMAIN PARTLY UNRESOLVED"
ABLATION_LIFECYCLE_PLUS_REGIME,WEEKLY,2021-09-30,GLOBAL_OIL_GAS,ESTABLISHED,,"{""GLOBAL_OIL_GAS"": 1.0}","{""GLOBAL_OIL_GAS"": 1.0}",1.0,3,MATURE,1.0,1.0,0.0,PLANNED,2021-10-01,"HISTORICAL UK RETAIL, ISA, ACCOUNT AND BROKER ELIGIBILITY REMAIN PARTLY UNRESOLVED"
ABLATION_LIFECYCLE_PLUS_REGIME,WEEKLY,2021-10-01,GLOBAL_OIL_GAS,ESTABLISHED,,"{""GLOBAL_OIL_GAS"": 1.0}","{""GLOBAL_OIL_GAS"": 1.0}",1.0,4,STRONG,1.0,1.0,0.0,NO_TARGET_CHANGE,,"HISTORICAL UK RETAIL, ISA, ACCOUNT AND BROKER ELIGIBILITY REMAIN PARTLY UNRESOLVED"
ABLATION_LIFECYCLE_PLUS_REGIME,WEEKLY,2021-10-08,GLOBAL_OIL_GAS,EXTENDED,,"{""GLOBAL_OIL_GAS"": 1.0}","{""GLOBAL_OIL_GAS"": 1.0}",1.0,4,STRONG,1.0,1.0,0.0,NO_TARGET_CHANGE,,"HISTORICAL UK RETAIL, ISA, ACCOUNT AND BROKER ELIGIBILITY REMAIN PARTLY UNRESOLVED"
ABLATION_LIFECYCLE_PLUS_REGIME,WEEKLY,2021-10-15,GLOBAL_OIL_GAS,EXTENDED,,"{""GLOBAL_OIL_GAS"": 1.0}","{""GLOBAL_OIL_GAS"": 1.0}",1.0,5,STRONG,1.0,1.0,0.0,NO_TARGET_CHANGE,,"HISTORICAL UK RETAIL, ISA, ACCOUNT AND BROKER ELIGIBILITY REMAIN PARTLY UNRESOLVED"
ABLATION_LIFECYCLE_PLUS_REGIME,WEEKLY,2021-10-22,GLOBAL_OIL_GAS,EXTENDED,,"{""GLOBAL_OIL_GAS"": 1.0}","{""GLOBAL_OIL_GAS"": 1.0}",1.0,3,DETERIORATING,1.0,1.0,0.0,NO_TARGET_CHANGE,,"HISTORICAL UK RETAIL, ISA, ACCOUNT AND BROKER ELIGIBILITY REMAIN PARTLY UNRESOLVED"
ABLATION_LIFECYCLE_PLUS_REGIME,WEEKLY,2021-10-29,GLOBAL_OIL_GAS,EXTENDED,,"{""GLOBAL_OIL_GAS"": 1.0}","{""GLOBAL_OIL_GAS"": 1.0}",1.0,3,DETERIORATING,1.0,1.0,0.0,NO_TARGET_CHANGE,,"HISTORICAL UK RETAIL, ISA, ACCOUNT AND BROKER ELIGIBILITY REMAIN PARTLY UNRESOLVED"
ABLATION_LIFECYCLE_PLUS_REGIME,WEEKLY,2021-11-05,GLOBAL_OIL_GAS,EXTENDED,,"{""GLOBAL_OIL_GAS"": 1.0}","{""GLOBAL_OIL_GAS"": 1.0}",1.0,2,DETERIORATING,1.0,1.0,0.0,NO_TARGET_CHANGE,,"HISTORICAL UK RETAIL, ISA, ACCOUNT AND BROKER ELIGIBILITY REMAIN PARTLY UNRESOLVED"
ABLATION_LIFECYCLE_PLUS_REGIME,WEEKLY,2021-11-12,GLOBAL_OIL_GAS,WEAKENING,,"{""GLOBAL_OIL_GAS"": 1.0}","{""GLOBAL_OIL_GAS"": 1.0}",1.0,3,DETERIORATING,1.0,1.0,0.0,NO_TARGET_CHANGE,,"HISTORICAL UK RETAIL, ISA, ACCOUNT AND BROKER ELIGIBILITY REMAIN PARTLY UNRESOLVED"
ABLATION_LIFECYCLE_PLUS_REGIME,WEEKLY,2021-11-19,GLOBAL_OIL_GAS,WEAKENING,,"{""GLOBAL_OIL_GAS"": 1.0}","{""GLOBAL_OIL_GAS"": 1.0}",1.0,2,DETERIORATING,1.0,1.0,0.0,NO_TARGET_CHANGE,,"HISTORICAL UK RETAIL, ISA, ACCOUNT AND BROKER ELIGIBILITY REMAIN PARTLY UNRESOLVED"
ABLATION_LIFECYCLE_PLUS_REGIME,WEEKLY,2021-11-26,GLOBAL_OIL_GAS,WEAKENING,,"{""GLOBAL_OIL_GAS"": 1.0}","{""GLOBAL_OIL_GAS"": 1.0}",1.0,2,DETERIORATING,1.0,1.0,0.0,NO_TARGET_CHANGE,,"HISTORICAL UK RETAIL, ISA, ACCOUNT AND BROKER ELIGIBILITY REMAIN PARTLY UNRESOLVED"
ABLATION_LIFECYCLE_PLUS_REGIME,WEEKLY,2021-11-30,GLOBAL_SEMICONDUCTORS,EXTENDED,,"{""GLOBAL_SEMICONDUCTORS"": 1.0}","{""GLOBAL_SEMICONDUCTORS"": 1.0}",1.0,2,DETERIORATING,1.0,1.0,0.0,PLANNED,2021-12-01,"HISTORICAL UK RETAIL, ISA, ACCOUNT AND BROKER ELIGIBILITY REMAIN PARTLY UNRESOLVED"
ABLATION_LIFECYCLE_PLUS_REGIME,WEEKLY,2021-12-03,GLOBAL_SEMICONDUCTORS,EXTENDED,,"{""GLOBAL_SEMICONDUCTORS"": 1.0}","{""GLOBAL_SEMICONDUCTORS"": 1.0}",1.0,3,DETERIORATING,1.0,1.0,0.0,NO_TARGET_CHANGE,,"HISTORICAL UK RETAIL, ISA, ACCOUNT AND BROKER ELIGIBILITY REMAIN PARTLY UNRESOLVED"
ABLATION_LIFECYCLE_PLUS_REGIME,WEEKLY,2021-12-10,GLOBAL_SEMICONDUCTORS,ESTABLISHED,,"{""GLOBAL_SEMICONDUCTORS"": 1.0}","{""GLOBAL_SEMICONDUCTORS"": 1.0}",1.0,2,DETERIORATING,1.0,1.0,0.0,NO_TARGET_CHANGE,,"HISTORICAL UK RETAIL, ISA, ACCOUNT AND BROKER ELIGIBILITY REMAIN PARTLY UNRESOLVED"
ABLATION_LIFECYCLE_PLUS_REGIME,WEEKLY,2021-12-17,GLOBAL_SEMICONDUCTORS,ESTABLISHED,,"{""GLOBAL_SEMICONDUCTORS"": 1.0}","{""GLOBAL_SEMICONDUCTORS"": 1.0}",1.0,3,POSITIVE,1.0,1.0,0.0,NO_TARGET_CHANGE,,"HISTORICAL UK RETAIL, ISA, ACCOUNT AND BROKER ELIGIBILITY REMAIN PARTLY UNRESOLVED"
ABLATION_LIFECYCLE_PLUS_REGIME,WEEKLY,2021-12-24,GLOBAL_SEMICONDUCTORS,EXTENDED,,"{""GLOBAL_SEMICONDUCTORS"": 1.0}","{""GLOBAL_SEMICONDUCTORS"": 1.0}",1.0,0,HOSTILE,1.0,1.0,0.0,NO_TARGET_CHANGE,,"HISTORICAL UK RETAIL, ISA, ACCOUNT AND BROKER ELIGIBILITY REMAIN PARTLY UNRESOLVED"
ABLATION_LIFECYCLE_PLUS_REGIME,WEEKLY,2021-12-31,GLOBAL_SEMICONDUCTORS,EXTENDED,,"{""GLOBAL_SEMICONDUCTORS"": 1.0}","{""GLOBAL_SEMICONDUCTORS"": 1.0}",1.0,2,POSITIVE,1.0,1.0,0.0,NO_TARGET_CHANGE,,"HISTORICAL UK RETAIL, ISA, ACCOUNT AND BROKER ELIGIBILITY REMAIN PARTLY UNRESOLVED"
ABLATION_LIFECYCLE_PLUS_REGIME,WEEKLY,2022-01-07,GLOBAL_SEMICONDUCTORS,OTHER,,"{""GLOBAL_SEMICONDUCTORS"": 1.0}","{""GLOBAL_SEMICONDUCTORS"": 1.0}",1.0,2,POSITIVE,1.0,1.0,0.0,NO_TARGET_CHANGE,,"HISTORICAL UK RETAIL, ISA, ACCOUNT AND BROKER ELIGIBILITY REMAIN PARTLY UNRESOLVED"
ABLATION_LIFECYCLE_PLUS_REGIME,WEEKLY,2022-01-14,GLOBAL_SEMICONDUCTORS,WEAKENING,,"{""GLOBAL_SEMICONDUCTORS"": 1.0}","{""GLOBAL_SEMICONDUCTORS"": 1.0}",1.0,4,STRONG,1.0,1.0,0.0,NO_TARGET_CHANGE,,"HISTORICAL UK RETAIL, ISA, ACCOUNT AND BROKER ELIGIBILITY REMAIN PARTLY UNRESOLVED"
ABLATION_LIFECYCLE_PLUS_REGIME,WEEKLY,2022-01-21,GLOBAL_SEMICONDUCTORS,WEAKENING,,"{""GLOBAL_SEMICONDUCTORS"": 1.0}","{""GLOBAL_SEMICONDUCTORS"": 1.0}",1.0,3,MATURE,1.0,1.0,0.0,NO_TARGET_CHANGE,,"HISTORICAL UK RETAIL, ISA, ACCOUNT AND BROKER ELIGIBILITY REMAIN PARTLY UNRESOLVED"
ABLATION_LIFECYCLE_PLUS_REGIME,WEEKLY,2022-01-28,GLOBAL_SEMICONDUCTORS,FAILED,,"{""GLOBAL_SEMICONDUCTORS"": 1.0}","{""GLOBAL_SEMICONDUCTORS"": 1.0}",1.0,2,HOSTILE,1.0,1.0,0.0,NO_TARGET_CHANGE,,"HISTORICAL UK RETAIL, ISA, ACCOUNT AND BROKER ELIGIBILITY REMAIN PARTLY UNRESOLVED"
ABLATION_LIFECYCLE_PLUS_REGIME,WEEKLY,2022-01-31,GLOBAL_OIL_GAS,EXTENDED,,"{""GLOBAL_OIL_GAS"": 1.0}","{""GLOBAL_OIL_GAS"": 1.0}",1.0,2,HOSTILE,1.0,1.0,0.0,PLANNED,2022-02-01,"HISTORICAL UK RETAIL, ISA, ACCOUNT AND BROKER ELIGIBILITY REMAIN PARTLY UNRESOLVED"
ABLATION_LIFECYCLE_PLUS_REGIME,WEEKLY,2022-02-04,GLOBAL_OIL_GAS,EXTENDED,,"{""GLOBAL_OIL_GAS"": 1.0}","{""GLOBAL_OIL_GAS"": 1.0}",1.0,4,STRONG,1.0,1.0,0.0,NO_TARGET_CHANGE,,"HISTORICAL UK RETAIL, ISA, ACCOUNT AND BROKER ELIGIBILITY REMAIN PARTLY UNRESOLVED"
ABLATION_LIFECYCLE_PLUS_REGIME,WEEKLY,2022-02-11,GLOBAL_OIL_GAS,EXTENDED,,"{""GLOBAL_OIL_GAS"": 1.0}","{""GLOBAL_OIL_GAS"": 1.0}",1.0,2,DETERIORATING,1.0,1.0,0.0,NO_TARGET_CHANGE,,"HISTORICAL UK RETAIL, ISA, ACCOUNT AND BROKER ELIGIBILITY REMAIN PARTLY UNRESOLVED"
ABLATION_LIFECYCLE_PLUS_REGIME,WEEKLY,2022-02-18,GLOBAL_OIL_GAS,EXTENDED,,"{""GLOBAL_OIL_GAS"": 1.0}","{""GLOBAL_OIL_GAS"": 1.0}",1.0,2,HOSTILE,1.0,1.0,0.0,NO_TARGET_CHANGE,,"HISTORICAL UK RETAIL, ISA, ACCOUNT AND BROKER ELIGIBILITY REMAIN PARTLY UNRESOLVED"
ABLATION_LIFECYCLE_PLUS_REGIME,WEEKLY,2022-02-25,GLOBAL_OIL_GAS,EXTENDED,,"{""GLOBAL_OIL_GAS"": 1.0}","{""GLOBAL_OIL_GAS"": 1.0}",1.0,2,HOSTILE,1.0,1.0,0.0,NO_TARGET_CHANGE,,"HISTORICAL UK RETAIL, ISA, ACCOUNT AND BROKER ELIGIBILITY REMAIN PARTLY UNRESOLVED"
ABLATION_LIFECYCLE_PLUS_REGIME,WEEKLY,2022-02-28,GLOBAL_OIL_GAS,EXTENDED,,"{""GLOBAL_OIL_GAS"": 1.0}","{""GLOBAL_OIL_GAS"": 1.0}",1.0,2,HOSTILE,1.0,1.0,0.0,NO_TARGET_CHANGE,,"HISTORICAL UK RETAIL, ISA, ACCOUNT AND BROKER ELIGIBILITY REMAIN PARTLY UNRESOLVED"
ABLATION_LIFECYCLE_PLUS_REGIME,WEEKLY,2022-03-04,GLOBAL_OIL_GAS,EXTENDED,,"{""GLOBAL_OIL_GAS"": 1.0}","{""GLOBAL_OIL_GAS"": 1.0}",1.0,1,HOSTILE,1.0,1.0,0.0,NO_TARGET_CHANGE,,"HISTORICAL UK RETAIL, ISA, ACCOUNT AND BROKER ELIGIBILITY REMAIN PARTLY UNRESOLVED"
ABLATION_LIFECYCLE_PLUS_REGIME,WEEKLY,2022-03-11,GLOBAL_OIL_GAS,EXTENDED,,"{""GLOBAL_OIL_GAS"": 1.0}","{""GLOBAL_OIL_GAS"": 1.0}",1.0,2,HOSTILE,1.0,1.0,0.0,NO_TARGET_CHANGE,,"HISTORICAL UK RETAIL, ISA, ACCOUNT AND BROKER ELIGIBILITY REMAIN PARTLY UNRESOLVED"
ABLATION_LIFECYCLE_PLUS_REGIME,WEEKLY,2022-03-18,GLOBAL_OIL_GAS,EXTENDED,,"{""GLOBAL_OIL_GAS"": 1.0}","{""GLOBAL_OIL_GAS"": 1.0}",1.0,3,MATURE,1.0,1.0,0.0,NO_TARGET_CHANGE,,"HISTORICAL UK RETAIL, ISA, ACCOUNT AND BROKER ELIGIBILITY REMAIN PARTLY UNRESOLVED"
ABLATION_LIFECYCLE_PLUS_REGIME,WEEKLY,2022-03-25,GLOBAL_OIL_GAS,EXTENDED,,"{""GLOBAL_OIL_GAS"": 1.0}","{""GLOBAL_OIL_GAS"": 1.0}",1.0,3,MATURE,1.0,1.0,0.0,NO_TARGET_CHANGE,,"HISTORICAL UK RETAIL, ISA, ACCOUNT AND BROKER ELIGIBILITY REMAIN PARTLY UNRESOLVED"
ABLATION_LIFECYCLE_PLUS_REGIME,WEEKLY,2022-03-31,GLOBAL_OIL_GAS,EXTENDED,,"{""GLOBAL_OIL_GAS"": 1.0}","{""GLOBAL_OIL_GAS"": 1.0}",1.0,3,MATURE,1.0,1.0,0.0,NO_TARGET_CHANGE,,"HISTORICAL UK RETAIL, ISA, ACCOUNT AND BROKER ELIGIBILITY REMAIN PARTLY UNRESOLVED"
ABLATION_LIFECYCLE_PLUS_REGIME,WEEKLY,2022-04-01,GLOBAL_OIL_GAS,EXTENDED,,"{""GLOBAL_OIL_GAS"": 1.0}","{""GLOBAL_OIL_GAS"": 1.0}",1.0,2,DETERIORATING,1.0,1.0,0.0,NO_TARGET_CHANGE,,"HISTORICAL UK RETAIL, ISA, ACCOUNT AND BROKER ELIGIBILITY REMAIN PARTLY UNRESOLVED"
ABLATION_LIFECYCLE_PLUS_REGIME,WEEKLY,2022-04-08,GLOBAL_OIL_GAS,EXTENDED,,"{""GLOBAL_OIL_GAS"": 1.0}","{""GLOBAL_OIL_GAS"": 1.0}",1.0,3,POSITIVE,1.0,1.0,0.0,NO_TARGET_CHANGE,,"HISTORICAL UK RETAIL, ISA, ACCOUNT AND BROKER ELIGIBILITY REMAIN PARTLY UNRESOLVED"
ABLATION_LIFECYCLE_PLUS_REGIME,WEEKLY,2022-04-14,GLOBAL_OIL_GAS,EXTENDED,,"{""GLOBAL_OIL_GAS"": 1.0}","{""GLOBAL_OIL_GAS"": 1.0}",1.0,3,POSITIVE,1.0,1.0,0.0,NO_TARGET_CHANGE,,"HISTORICAL UK RETAIL, ISA, ACCOUNT AND BROKER ELIGIBILITY REMAIN PARTLY UNRESOLVED"
ABLATION_LIFECYCLE_PLUS_REGIME,WEEKLY,2022-04-22,GLOBAL_OIL_GAS,EXTENDED,,"{""GLOBAL_OIL_GAS"": 1.0}","{""GLOBAL_OIL_GAS"": 1.0}",1.0,1,HOSTILE,1.0,1.0,0.0,NO_TARGET_CHANGE,,"HISTORICAL UK RETAIL, ISA, ACCOUNT AND BROKER ELIGIBILITY REMAIN PARTLY UNRESOLVED"
ABLATION_LIFECYCLE_PLUS_REGIME,WEEKLY,2022-04-29,GLOBAL_OIL_GAS,EXTENDED,,"{""GLOBAL_OIL_GAS"": 1.0}","{""GLOBAL_OIL_GAS"": 1.0}",1.0,2,HOSTILE,1.0,1.0,0.0,NO_TARGET_CHANGE,,"HISTORICAL UK RETAIL, ISA, ACCOUNT AND BROKER ELIGIBILITY REMAIN PARTLY UNRESOLVED"
ABLATION_LIFECYCLE_PLUS_REGIME,WEEKLY,2022-05-06,GLOBAL_OIL_GAS,EXTENDED,,"{""GLOBAL_OIL_GAS"": 1.0}","{""GLOBAL_OIL_GAS"": 1.0}",1.0,2,HOSTILE,1.0,1.0,0.0,NO_TARGET_CHANGE,,"HISTORICAL UK RETAIL, ISA, ACCOUNT AND BROKER ELIGIBILITY REMAIN PARTLY UNRESOLVED"
ABLATION_LIFECYCLE_PLUS_REGIME,WEEKLY,2022-05-13,GLOBAL_OIL_GAS,EXTENDED,,"{""GLOBAL_OIL_GAS"": 1.0}","{""GLOBAL_OIL_GAS"": 1.0}",1.0,2,HOSTILE,1.0,1.0,0.0,NO_TARGET_CHANGE,,"HISTORICAL UK RETAIL, ISA, ACCOUNT AND BROKER ELIGIBILITY REMAIN PARTLY UNRESOLVED"
ABLATION_LIFECYCLE_PLUS_REGIME,WEEKLY,2022-05-20,GLOBAL_OIL_GAS,EXTENDED,,"{""GLOBAL_OIL_GAS"": 1.0}","{""GLOBAL_OIL_GAS"": 1.0}",1.0,2,HOSTILE,1.0,1.0,0.0,NO_TARGET_CHANGE,,"HISTORICAL UK RETAIL, ISA, ACCOUNT AND BROKER ELIGIBILITY REMAIN PARTLY UNRESOLVED"
ABLATION_LIFECYCLE_PLUS_REGIME,WEEKLY,2022-05-27,GLOBAL_OIL_GAS,EXTENDED,,"{""GLOBAL_OIL_GAS"": 1.0}","{""GLOBAL_OIL_GAS"": 1.0}",1.0,1,HOSTILE,1.0,1.0,0.0,NO_TARGET_CHANGE,,"HISTORICAL UK RETAIL, ISA, ACCOUNT AND BROKER ELIGIBILITY REMAIN PARTLY UNRESOLVED"
ABLATION_LIFECYCLE_PLUS_REGIME,WEEKLY,2022-05-31,GLOBAL_OIL_GAS,EXTENDED,,"{""GLOBAL_OIL_GAS"": 1.0}","{""GLOBAL_OIL_GAS"": 1.0}",1.0,1,HOSTILE,1.0,1.0,0.0,NO_TARGET_CHANGE,,"HISTORICAL UK RETAIL, ISA, ACCOUNT AND BROKER ELIGIBILITY REMAIN PARTLY UNRESOLVED"
ABLATION_LIFECYCLE_PLUS_REGIME,WEEKLY,2022-06-01,GLOBAL_OIL_GAS,EXTENDED,,"{""GLOBAL_OIL_GAS"": 1.0}","{""GLOBAL_OIL_GAS"": 1.0}",1.0,1,HOSTILE,1.0,1.0,0.0,NO_TARGET_CHANGE,,"HISTORICAL UK RETAIL, ISA, ACCOUNT AND BROKER ELIGIBILITY REMAIN PARTLY UNRESOLVED"
ABLATION_LIFECYCLE_PLUS_REGIME,WEEKLY,2022-06-10,GLOBAL_OIL_GAS,EXTENDED,,"{""GLOBAL_OIL_GAS"": 1.0}","{""GLOBAL_OIL_GAS"": 1.0}",1.0,1,HOSTILE,1.0,1.0,0.0,NO_TARGET_CHANGE,,"HISTORICAL UK RETAIL, ISA, ACCOUNT AND BROKER ELIGIBILITY REMAIN PARTLY UNRESOLVED"
ABLATION_LIFECYCLE_PLUS_REGIME,WEEKLY,2022-06-17,GLOBAL_OIL_GAS,WEAKENING,,"{""GLOBAL_OIL_GAS"": 1.0}","{""GLOBAL_OIL_GAS"": 1.0}",1.0,2,HOSTILE,1.0,1.0,0.0,NO_TARGET_CHANGE,,"HISTORICAL UK RETAIL, ISA, ACCOUNT AND BROKER ELIGIBILITY REMAIN PARTLY UNRESOLVED"
ABLATION_LIFECYCLE_PLUS_REGIME,WEEKLY,2022-06-24,GLOBAL_OIL_GAS,WEAKENING,,"{""GLOBAL_OIL_GAS"": 1.0}","{""GLOBAL_OIL_GAS"": 1.0}",1.0,0,HOSTILE,1.0,1.0,0.0,NO_TARGET_CHANGE,,"HISTORICAL UK RETAIL, ISA, ACCOUNT AND BROKER ELIGIBILITY REMAIN PARTLY UNRESOLVED"
ABLATION_LIFECYCLE_PLUS_REGIME,WEEKLY,2022-06-30,GLOBAL_OIL_GAS,WEAKENING,,"{""GLOBAL_OIL_GAS"": 1.0}","{""GLOBAL_OIL_GAS"": 1.0}",1.0,0,HOSTILE,1.0,1.0,0.0,NO_TARGET_CHANGE,,"HISTORICAL UK RETAIL, ISA, ACCOUNT AND BROKER ELIGIBILITY REMAIN PARTLY UNRESOLVED"
ABLATION_LIFECYCLE_PLUS_REGIME,WEEKLY,2022-07-01,GLOBAL_OIL_GAS,WEAKENING,,"{""GLOBAL_OIL_GAS"": 1.0}","{""GLOBAL_OIL_GAS"": 1.0}",1.0,2,HOSTILE,1.0,1.0,0.0,NO_TARGET_CHANGE,,"HISTORICAL UK RETAIL, ISA, ACCOUNT AND BROKER ELIGIBILITY REMAIN PARTLY UNRESOLVED"
ABLATION_LIFECYCLE_PLUS_REGIME,WEEKLY,2022-07-08,GLOBAL_OIL_GAS,WEAKENING,,"{""GLOBAL_OIL_GAS"": 1.0}","{""GLOBAL_OIL_GAS"": 1.0}",1.0,2,HOSTILE,1.0,1.0,0.0,NO_TARGET_CHANGE,,"HISTORICAL UK RETAIL, ISA, ACCOUNT AND BROKER ELIGIBILITY REMAIN PARTLY UNRESOLVED"
ABLATION_LIFECYCLE_PLUS_REGIME,WEEKLY,2022-07-15,GLOBAL_OIL_GAS,FAILED,,"{""GLOBAL_OIL_GAS"": 1.0}","{""GLOBAL_OIL_GAS"": 1.0}",1.0,2,HOSTILE,1.0,1.0,0.0,NO_TARGET_CHANGE,,"HISTORICAL UK RETAIL, ISA, ACCOUNT AND BROKER ELIGIBILITY REMAIN PARTLY UNRESOLVED"
ABLATION_LIFECYCLE_PLUS_REGIME,WEEKLY,2022-07-22,GLOBAL_OIL_GAS,FAILED,,"{""GLOBAL_OIL_GAS"": 1.0}","{""GLOBAL_OIL_GAS"": 1.0}",1.0,3,HOSTILE,1.0,1.0,0.0,NO_TARGET_CHANGE,,"HISTORICAL UK RETAIL, ISA, ACCOUNT AND BROKER ELIGIBILITY REMAIN PARTLY UNRESOLVED"
ABLATION_LIFECYCLE_PLUS_REGIME,WEEKLY,2022-07-29,GLOBAL_OIL_GAS,WEAKENING,,"{""GLOBAL_OIL_GAS"": 1.0}","{""GLOBAL_OIL_GAS"": 1.0}",1.0,3,POSITIVE,1.0,1.0,0.0,NO_TARGET_CHANGE,,"HISTORICAL UK RETAIL, ISA, ACCOUNT AND BROKER ELIGIBILITY REMAIN PARTLY UNRESOLVED"
ABLATION_LIFECYCLE_PLUS_REGIME,WEEKLY,2022-08-05,GLOBAL_OIL_GAS,FAILED,,"{""GLOBAL_OIL_GAS"": 1.0}","{""GLOBAL_OIL_GAS"": 1.0}",1.0,4,STRONG,1.0,1.0,0.0,NO_TARGET_CHANGE,,"HISTORICAL UK RETAIL, ISA, ACCOUNT AND BROKER ELIGIBILITY REMAIN PARTLY UNRESOLVED"
ABLATION_LIFECYCLE_PLUS_REGIME,WEEKLY,2022-08-12,GLOBAL_OIL_GAS,FAILED,,"{""GLOBAL_OIL_GAS"": 1.0}","{""GLOBAL_OIL_GAS"": 1.0}",1.0,4,STRONG,1.0,1.0,0.0,NO_TARGET_CHANGE,,"HISTORICAL UK RETAIL, ISA, ACCOUNT AND BROKER ELIGIBILITY REMAIN PARTLY UNRESOLVED"
ABLATION_LIFECYCLE_PLUS_REGIME,WEEKLY,2022-08-19,GLOBAL_OIL_GAS,FAILED,,"{""GLOBAL_OIL_GAS"": 1.0}","{""GLOBAL_OIL_GAS"": 1.0}",1.0,3,MATURE,1.0,1.0,0.0,NO_TARGET_CHANGE,,"HISTORICAL UK RETAIL, ISA, ACCOUNT AND BROKER ELIGIBILITY REMAIN PARTLY UNRESOLVED"
ABLATION_LIFECYCLE_PLUS_REGIME,WEEKLY,2022-08-26,GLOBAL_OIL_GAS,OTHER,,"{""GLOBAL_OIL_GAS"": 1.0}","{""GLOBAL_OIL_GAS"": 1.0}",1.0,4,STRONG,1.0,1.0,0.0,NO_TARGET_CHANGE,,"HISTORICAL UK RETAIL, ISA, ACCOUNT AND BROKER ELIGIBILITY REMAIN PARTLY UNRESOLVED"
ABLATION_LIFECYCLE_PLUS_REGIME,WEEKLY,2022-08-31,GLOBAL_INFRASTRUCTURE,WEAKENING,,"{""GLOBAL_INFRASTRUCTURE"": 1.0}","{""GLOBAL_INFRASTRUCTURE"": 1.0}",1.0,4,STRONG,1.0,1.0,0.0,PLANNED,2022-09-01,"HISTORICAL UK RETAIL, ISA, ACCOUNT AND BROKER ELIGIBILITY REMAIN PARTLY UNRESOLVED"
ABLATION_LIFECYCLE_PLUS_REGIME,WEEKLY,2022-09-02,GLOBAL_INFRASTRUCTURE,ESTABLISHED,,"{""GLOBAL_INFRASTRUCTURE"": 1.0}","{""GLOBAL_INFRASTRUCTURE"": 1.0}",1.0,3,MATURE,1.0,1.0,0.0,NO_TARGET_CHANGE,,"HISTORICAL UK RETAIL, ISA, ACCOUNT AND BROKER ELIGIBILITY REMAIN PARTLY UNRESOLVED"
ABLATION_LIFECYCLE_PLUS_REGIME,WEEKLY,2022-09-09,GLOBAL_INFRASTRUCTURE,OTHER,,"{""GLOBAL_INFRASTRUCTURE"": 1.0}","{""GLOBAL_INFRASTRUCTURE"": 1.0}",1.0,3,MATURE,1.0,1.0,0.0,NO_TARGET_CHANGE,,"HISTORICAL UK RETAIL, ISA, ACCOUNT AND BROKER ELIGIBILITY REMAIN PARTLY UNRESOLVED"
ABLATION_LIFECYCLE_PLUS_REGIME,WEEKLY,2022-09-16,GLOBAL_INFRASTRUCTURE,OTHER,,"{""GLOBAL_INFRASTRUCTURE"": 1.0}","{""GLOBAL_INFRASTRUCTURE"": 1.0}",1.0,4,STRONG,1.0,1.0,0.0,NO_TARGET_CHANGE,,"HISTORICAL UK RETAIL, ISA, ACCOUNT AND BROKER ELIGIBILITY REMAIN PARTLY UNRESOLVED"
ABLATION_LIFECYCLE_PLUS_REGIME,WEEKLY,2022-09-23,GLOBAL_INFRASTRUCTURE,OTHER,,"{""GLOBAL_INFRASTRUCTURE"": 1.0}","{""GLOBAL_INFRASTRUCTURE"": 1.0}",1.0,3,MATURE,1.0,1.0,0.0,NO_TARGET_CHANGE,,"HISTORICAL UK RETAIL, ISA, ACCOUNT AND BROKER ELIGIBILITY REMAIN PARTLY UNRESOLVED"
ABLATION_LIFECYCLE_PLUS_REGIME,WEEKLY,2022-09-30,GLOBAL_OIL_GAS,ESTABLISHED,,"{""GLOBAL_OIL_GAS"": 1.0}","{""GLOBAL_OIL_GAS"": 1.0}",1.0,2,HOSTILE,1.0,1.0,0.0,PLANNED,2022-10-03,"HISTORICAL UK RETAIL, ISA, ACCOUNT AND BROKER ELIGIBILITY REMAIN PARTLY UNRESOLVED"
ABLATION_LIFECYCLE_PLUS_REGIME,WEEKLY,2022-10-07,GLOBAL_OIL_GAS,EXTENDED,,"{""GLOBAL_OIL_GAS"": 1.0}","{""GLOBAL_OIL_GAS"": 1.0}",1.0,3,HOSTILE,1.0,1.0,0.0,NO_TARGET_CHANGE,,"HISTORICAL UK RETAIL, ISA, ACCOUNT AND BROKER ELIGIBILITY REMAIN PARTLY UNRESOLVED"
ABLATION_LIFECYCLE_PLUS_REGIME,WEEKLY,2022-10-14,GLOBAL_OIL_GAS,EXTENDED,,"{""GLOBAL_OIL_GAS"": 1.0}","{""GLOBAL_OIL_GAS"": 1.0}",1.0,3,HOSTILE,1.0,1.0,0.0,NO_TARGET_CHANGE,,"HISTORICAL UK RETAIL, ISA, ACCOUNT AND BROKER ELIGIBILITY REMAIN PARTLY UNRESOLVED"
ABLATION_LIFECYCLE_PLUS_REGIME,WEEKLY,2022-10-21,GLOBAL_OIL_GAS,EXTENDED,,"{""GLOBAL_OIL_GAS"": 1.0}","{""GLOBAL_OIL_GAS"": 1.0}",1.0,2,HOSTILE,1.0,1.0,0.0,NO_TARGET_CHANGE,,"HISTORICAL UK RETAIL, ISA, ACCOUNT AND BROKER ELIGIBILITY REMAIN PARTLY UNRESOLVED"
ABLATION_LIFECYCLE_PLUS_REGIME,WEEKLY,2022-10-28,GLOBAL_OIL_GAS,ESTABLISHED,,"{""GLOBAL_OIL_GAS"": 1.0}","{""GLOBAL_OIL_GAS"": 1.0}",1.0,3,HOSTILE,1.0,1.0,0.0,NO_TARGET_CHANGE,,"HISTORICAL UK RETAIL, ISA, ACCOUNT AND BROKER ELIGIBILITY REMAIN PARTLY UNRESOLVED"
ABLATION_LIFECYCLE_PLUS_REGIME,WEEKLY,2022-10-31,GLOBAL_OIL_GAS,EXTENDED,,"{""GLOBAL_OIL_GAS"": 1.0}","{""GLOBAL_OIL_GAS"": 1.0}",1.0,3,HOSTILE,1.0,1.0,0.0,NO_TARGET_CHANGE,,"HISTORICAL UK RETAIL, ISA, ACCOUNT AND BROKER ELIGIBILITY REMAIN PARTLY UNRESOLVED"
ABLATION_LIFECYCLE_PLUS_REGIME,WEEKLY,2022-11-04,GLOBAL_OIL_GAS,EXTENDED,,"{""GLOBAL_OIL_GAS"": 1.0}","{""GLOBAL_OIL_GAS"": 1.0}",1.0,4,STRONG,1.0,1.0,0.0,NO_TARGET_CHANGE,,"HISTORICAL UK RETAIL, ISA, ACCOUNT AND BROKER ELIGIBILITY REMAIN PARTLY UNRESOLVED"
ABLATION_LIFECYCLE_PLUS_REGIME,WEEKLY,2022-11-11,GLOBAL_OIL_GAS,WEAKENING,GLOBAL_GOLD_MINERS,"{""GLOBAL_GOLD_MINERS"": 0.25, ""GLOBAL_OIL_GAS"": 0.75}","{""GLOBAL_GOLD_MINERS"": 0.25, ""GLOBAL_OIL_GAS"": 0.75}",1.0,3,MATURE,1.0,1.0,0.0,PLANNED,2022-11-14,"HISTORICAL UK RETAIL, ISA, ACCOUNT AND BROKER ELIGIBILITY REMAIN PARTLY UNRESOLVED"
ABLATION_LIFECYCLE_PLUS_REGIME,WEEKLY,2022-11-18,GLOBAL_OIL_GAS,WEAKENING,GLOBAL_GOLD_MINERS,"{""GLOBAL_GOLD_MINERS"": 0.25, ""GLOBAL_OIL_GAS"": 0.75}","{""GLOBAL_GOLD_MINERS"": 0.25, ""GLOBAL_OIL_GAS"": 0.75}",1.0,2,DETERIORATING,1.0,1.0,0.0,NO_TARGET_CHANGE,,"HISTORICAL UK RETAIL, ISA, ACCOUNT AND BROKER ELIGIBILITY REMAIN PARTLY UNRESOLVED"
ABLATION_LIFECYCLE_PLUS_REGIME,WEEKLY,2022-11-25,GLOBAL_OIL_GAS,WEAKENING,,"{""GLOBAL_OIL_GAS"": 1.0}","{""GLOBAL_OIL_GAS"": 1.0}",1.0,4,STRONG,1.0,1.0,0.0,PLANNED,2022-11-28,"HISTORICAL UK RETAIL, ISA, ACCOUNT AND BROKER ELIGIBILITY REMAIN PARTLY UNRESOLVED"
ABLATION_LIFECYCLE_PLUS_REGIME,WEEKLY,2022-11-30,EUROPE_BANKS,EXTENDED,,"{""EUROPE_BANKS"": 1.0}","{""EUROPE_BANKS"": 1.0}",1.0,4,STRONG,1.0,1.0,0.0,PLANNED,2022-12-01,"HISTORICAL UK RETAIL, ISA, ACCOUNT AND BROKER ELIGIBILITY REMAIN PARTLY UNRESOLVED"
ABLATION_LIFECYCLE_PLUS_REGIME,WEEKLY,2022-12-02,EUROPE_BANKS,EXTENDED,,"{""EUROPE_BANKS"": 1.0}","{""EUROPE_BANKS"": 1.0}",1.0,4,STRONG,1.0,1.0,0.0,NO_TARGET_CHANGE,,"HISTORICAL UK RETAIL, ISA, ACCOUNT AND BROKER ELIGIBILITY REMAIN PARTLY UNRESOLVED"
ABLATION_LIFECYCLE_PLUS_REGIME,WEEKLY,2022-12-09,EUROPE_BANKS,EXTENDED,,"{""EUROPE_BANKS"": 1.0}","{""EUROPE_BANKS"": 1.0}",1.0,3,HOSTILE,1.0,1.0,0.0,NO_TARGET_CHANGE,,"HISTORICAL UK RETAIL, ISA, ACCOUNT AND BROKER ELIGIBILITY REMAIN PARTLY UNRESOLVED"
ABLATION_LIFECYCLE_PLUS_REGIME,WEEKLY,2022-12-16,EUROPE_BANKS,ESTABLISHED,,"{""EUROPE_BANKS"": 1.0}","{""EUROPE_BANKS"": 1.0}",1.0,3,HOSTILE,1.0,1.0,0.0,NO_TARGET_CHANGE,,"HISTORICAL UK RETAIL, ISA, ACCOUNT AND BROKER ELIGIBILITY REMAIN PARTLY UNRESOLVED"
ABLATION_LIFECYCLE_PLUS_REGIME,WEEKLY,2022-12-23,EUROPE_BANKS,EXTENDED,,"{""EUROPE_BANKS"": 1.0}","{""EUROPE_BANKS"": 1.0}",1.0,3,MATURE,1.0,1.0,0.0,NO_TARGET_CHANGE,,"HISTORICAL UK RETAIL, ISA, ACCOUNT AND BROKER ELIGIBILITY REMAIN PARTLY UNRESOLVED"
ABLATION_LIFECYCLE_PLUS_REGIME,WEEKLY,2022-12-30,EUROPE_BANKS,EXTENDED,,"{""EUROPE_BANKS"": 1.0}","{""EUROPE_BANKS"": 1.0}",1.0,3,MATURE,1.0,1.0,0.0,NO_TARGET_CHANGE,,"HISTORICAL UK RETAIL, ISA, ACCOUNT AND BROKER ELIGIBILITY REMAIN PARTLY UNRESOLVED"
ABLATION_LIFECYCLE_PLUS_REGIME,WEEKLY,2023-01-06,EUROPE_BANKS,EXTENDED,,"{""EUROPE_BANKS"": 1.0}","{""EUROPE_BANKS"": 1.0}",1.0,3,MATURE,1.0,1.0,0.0,NO_TARGET_CHANGE,,"HISTORICAL UK RETAIL, ISA, ACCOUNT AND BROKER ELIGIBILITY REMAIN PARTLY UNRESOLVED"
ABLATION_LIFECYCLE_PLUS_REGIME,WEEKLY,2023-01-13,EUROPE_BANKS,OTHER,,"{""EUROPE_BANKS"": 1.0}","{""EUROPE_BANKS"": 1.0}",1.0,5,STRONG,1.0,1.0,0.0,NO_TARGET_CHANGE,,"HISTORICAL UK RETAIL, ISA, ACCOUNT AND BROKER ELIGIBILITY REMAIN PARTLY UNRESOLVED"
ABLATION_LIFECYCLE_PLUS_REGIME,WEEKLY,2023-01-20,EUROPE_BANKS,EXTENDED,,"{""EUROPE_BANKS"": 1.0}","{""EUROPE_BANKS"": 1.0}",1.0,3,DETERIORATING,1.0,1.0,0.0,NO_TARGET_CHANGE,,"HISTORICAL UK RETAIL, ISA, ACCOUNT AND BROKER ELIGIBILITY REMAIN PARTLY UNRESOLVED"
ABLATION_LIFECYCLE_PLUS_REGIME,WEEKLY,2023-01-27,EUROPE_BANKS,EXTENDED,,"{""EUROPE_BANKS"": 1.0}","{""EUROPE_BANKS"": 1.0}",1.0,5,STRONG,1.0,1.0,0.0,NO_TARGET_CHANGE,,"HISTORICAL UK RETAIL, ISA, ACCOUNT AND BROKER ELIGIBILITY REMAIN PARTLY UNRESOLVED"
ABLATION_LIFECYCLE_PLUS_REGIME,WEEKLY,2023-01-31,EUROPE_BANKS,EXTENDED,,"{""EUROPE_BANKS"": 1.0}","{""EUROPE_BANKS"": 1.0}",1.0,5,STRONG,1.0,1.0,0.0,NO_TARGET_CHANGE,,"HISTORICAL UK RETAIL, ISA, ACCOUNT AND BROKER ELIGIBILITY REMAIN PARTLY UNRESOLVED"
ABLATION_LIFECYCLE_PLUS_REGIME,WEEKLY,2023-02-03,EUROPE_BANKS,EXTENDED,,"{""EUROPE_BANKS"": 1.0}","{""EUROPE_BANKS"": 1.0}",1.0,4,MATURE,1.0,1.0,0.0,NO_TARGET_CHANGE,,"HISTORICAL UK RETAIL, ISA, ACCOUNT AND BROKER ELIGIBILITY REMAIN PARTLY UNRESOLVED"
ABLATION_LIFECYCLE_PLUS_REGIME,WEEKLY,2023-02-10,EUROPE_BANKS,EXTENDED,,"{""EUROPE_BANKS"": 1.0}","{""EUROPE_BANKS"": 1.0}",1.0,4,MATURE,1.0,1.0,0.0,NO_TARGET_CHANGE,,"HISTORICAL UK RETAIL, ISA, ACCOUNT AND BROKER ELIGIBILITY REMAIN PARTLY UNRESOLVED"
ABLATION_LIFECYCLE_PLUS_REGIME,WEEKLY,2023-02-17,EUROPE_BANKS,EXTENDED,,"{""EUROPE_BANKS"": 1.0}","{""EUROPE_BANKS"": 1.0}",1.0,3,DETERIORATING,1.0,1.0,0.0,NO_TARGET_CHANGE,,"HISTORICAL UK RETAIL, ISA, ACCOUNT AND BROKER ELIGIBILITY REMAIN PARTLY UNRESOLVED"
ABLATION_LIFECYCLE_PLUS_REGIME,WEEKLY,2023-02-24,EUROPE_BANKS,EXTENDED,,"{""EUROPE_BANKS"": 1.0}","{""EUROPE_BANKS"": 1.0}",1.0,3,DETERIORATING,1.0,1.0,0.0,NO_TARGET_CHANGE,,"HISTORICAL UK RETAIL, ISA, ACCOUNT AND BROKER ELIGIBILITY REMAIN PARTLY UNRESOLVED"
ABLATION_LIFECYCLE_PLUS_REGIME,WEEKLY,2023-02-28,EUROPE_BANKS,EXTENDED,,"{""EUROPE_BANKS"": 1.0}","{""EUROPE_BANKS"": 1.0}",1.0,3,DETERIORATING,1.0,1.0,0.0,NO_TARGET_CHANGE,,"HISTORICAL UK RETAIL, ISA, ACCOUNT AND BROKER ELIGIBILITY REMAIN PARTLY UNRESOLVED"
ABLATION_LIFECYCLE_PLUS_REGIME,WEEKLY,2023-03-03,EUROPE_BANKS,EXTENDED,,"{""EUROPE_BANKS"": 1.0}","{""EUROPE_BANKS"": 1.0}",1.0,3,DETERIORATING,1.0,1.0,0.0,NO_TARGET_CHANGE,,"HISTORICAL UK RETAIL, ISA, ACCOUNT AND BROKER ELIGIBILITY REMAIN PARTLY UNRESOLVED"
ABLATION_LIFECYCLE_PLUS_REGIME,WEEKLY,2023-03-10,EUROPE_BANKS,EXTENDED,,"{""EUROPE_BANKS"": 1.0}","{""EUROPE_BANKS"": 1.0}",1.0,4,MATURE,1.0,1.0,0.0,NO_TARGET_CHANGE,,"HISTORICAL UK RETAIL, ISA, ACCOUNT AND BROKER ELIGIBILITY REMAIN PARTLY UNRESOLVED"
ABLATION_LIFECYCLE_PLUS_REGIME,WEEKLY,2023-03-17,EUROPE_BANKS,WEAKENING,,"{""EUROPE_BANKS"": 1.0}","{""EUROPE_BANKS"": 1.0}",1.0,0,HOSTILE,1.0,1.0,0.0,NO_TARGET_CHANGE,,"HISTORICAL UK RETAIL, ISA, ACCOUNT AND BROKER ELIGIBILITY REMAIN PARTLY UNRESOLVED"
ABLATION_LIFECYCLE_PLUS_REGIME,WEEKLY,2023-03-24,EUROPE_BANKS,FAILED,,"{""EUROPE_BANKS"": 1.0}","{""EUROPE_BANKS"": 1.0}",1.0,2,HOSTILE,1.0,1.0,0.0,NO_TARGET_CHANGE,,"HISTORICAL UK RETAIL, ISA, ACCOUNT AND BROKER ELIGIBILITY REMAIN PARTLY UNRESOLVED"
ABLATION_LIFECYCLE_PLUS_REGIME,WEEKLY,2023-03-31,GLOBAL_SEMICONDUCTORS,EXTENDED,,"{""GLOBAL_SEMICONDUCTORS"": 1.0}","{""GLOBAL_SEMICONDUCTORS"": 1.0}",1.0,3,MATURE,1.0,1.0,0.0,PLANNED,2023-04-03,"HISTORICAL UK RETAIL, ISA, ACCOUNT AND BROKER ELIGIBILITY REMAIN PARTLY UNRESOLVED"
ABLATION_LIFECYCLE_PLUS_REGIME,WEEKLY,2023-04-06,GLOBAL_SEMICONDUCTORS,EXTENDED,,"{""GLOBAL_SEMICONDUCTORS"": 1.0}","{""GLOBAL_SEMICONDUCTORS"": 1.0}",1.0,1,DETERIORATING,1.0,1.0,0.0,NO_TARGET_CHANGE,,"HISTORICAL UK RETAIL, ISA, ACCOUNT AND BROKER ELIGIBILITY REMAIN PARTLY UNRESOLVED"
ABLATION_LIFECYCLE_PLUS_REGIME,WEEKLY,2023-04-14,GLOBAL_SEMICONDUCTORS,ESTABLISHED,,"{""GLOBAL_SEMICONDUCTORS"": 1.0}","{""GLOBAL_SEMICONDUCTORS"": 1.0}",1.0,2,DETERIORATING,1.0,1.0,0.0,NO_TARGET_CHANGE,,"HISTORICAL UK RETAIL, ISA, ACCOUNT AND BROKER ELIGIBILITY REMAIN PARTLY UNRESOLVED"
ABLATION_LIFECYCLE_PLUS_REGIME,WEEKLY,2023-04-21,GLOBAL_SEMICONDUCTORS,WEAKENING,,"{""GLOBAL_SEMICONDUCTORS"": 1.0}","{""GLOBAL_SEMICONDUCTORS"": 1.0}",1.0,3,MATURE,1.0,1.0,0.0,NO_TARGET_CHANGE,,"HISTORICAL UK RETAIL, ISA, ACCOUNT AND BROKER ELIGIBILITY REMAIN PARTLY UNRESOLVED"
ABLATION_LIFECYCLE_PLUS_REGIME,WEEKLY,2023-04-28,GLOBAL_SEMICONDUCTORS,WEAKENING,,"{""GLOBAL_SEMICONDUCTORS"": 1.0}","{""GLOBAL_SEMICONDUCTORS"": 1.0}",1.0,2,DETERIORATING,1.0,1.0,0.0,NO_TARGET_CHANGE,,"HISTORICAL UK RETAIL, ISA, ACCOUNT AND BROKER ELIGIBILITY REMAIN PARTLY UNRESOLVED"
ABLATION_LIFECYCLE_PLUS_REGIME,WEEKLY,2023-05-05,GLOBAL_SEMICONDUCTORS,FAILED,,"{""GLOBAL_SEMICONDUCTORS"": 1.0}","{""GLOBAL_SEMICONDUCTORS"": 1.0}",1.0,3,MATURE,1.0,1.0,0.0,NO_TARGET_CHANGE,,"HISTORICAL UK RETAIL, ISA, ACCOUNT AND BROKER ELIGIBILITY REMAIN PARTLY UNRESOLVED"
ABLATION_LIFECYCLE_PLUS_REGIME,WEEKLY,2023-05-12,GLOBAL_SEMICONDUCTORS,FAILED,,"{""GLOBAL_SEMICONDUCTORS"": 1.0}","{""GLOBAL_SEMICONDUCTORS"": 1.0}",1.0,2,POSITIVE,1.0,1.0,0.0,NO_TARGET_CHANGE,,"HISTORICAL UK RETAIL, ISA, ACCOUNT AND BROKER ELIGIBILITY REMAIN PARTLY UNRESOLVED"
ABLATION_LIFECYCLE_PLUS_REGIME,WEEKLY,2023-05-19,GLOBAL_SEMICONDUCTORS,WEAKENING,,"{""GLOBAL_SEMICONDUCTORS"": 1.0}","{""GLOBAL_SEMICONDUCTORS"": 1.0}",1.0,2,POSITIVE,1.0,1.0,0.0,NO_TARGET_CHANGE,,"HISTORICAL UK RETAIL, ISA, ACCOUNT AND BROKER ELIGIBILITY REMAIN PARTLY UNRESOLVED"
ABLATION_LIFECYCLE_PLUS_REGIME,WEEKLY,2023-05-26,GLOBAL_SEMICONDUCTORS,WEAKENING,,"{""GLOBAL_SEMICONDUCTORS"": 1.0}","{""GLOBAL_SEMICONDUCTORS"": 1.0}",1.0,1,POSITIVE,1.0,1.0,0.0,NO_TARGET_CHANGE,,"HISTORICAL UK RETAIL, ISA, ACCOUNT AND BROKER ELIGIBILITY REMAIN PARTLY UNRESOLVED"
ABLATION_LIFECYCLE_PLUS_REGIME,WEEKLY,2023-05-31,GLOBAL_SEMICONDUCTORS,EXTENDED,,"{""GLOBAL_SEMICONDUCTORS"": 1.0}","{""GLOBAL_SEMICONDUCTORS"": 1.0}",1.0,1,POSITIVE,1.0,1.0,0.0,NO_TARGET_CHANGE,,"HISTORICAL UK RETAIL, ISA, ACCOUNT AND BROKER ELIGIBILITY REMAIN PARTLY UNRESOLVED"
ABLATION_LIFECYCLE_PLUS_REGIME,WEEKLY,2023-06-02,GLOBAL_SEMICONDUCTORS,EXTENDED,,"{""GLOBAL_SEMICONDUCTORS"": 1.0}","{""GLOBAL_SEMICONDUCTORS"": 1.0}",1.0,2,POSITIVE,1.0,1.0,0.0,NO_TARGET_CHANGE,,"HISTORICAL UK RETAIL, ISA, ACCOUNT AND BROKER ELIGIBILITY REMAIN PARTLY UNRESOLVED"
ABLATION_LIFECYCLE_PLUS_REGIME,WEEKLY,2023-06-09,GLOBAL_SEMICONDUCTORS,EXTENDED,,"{""GLOBAL_SEMICONDUCTORS"": 1.0}","{""GLOBAL_SEMICONDUCTORS"": 1.0}",1.0,1,POSITIVE,1.0,1.0,0.0,NO_TARGET_CHANGE,,"HISTORICAL UK RETAIL, ISA, ACCOUNT AND BROKER ELIGIBILITY REMAIN PARTLY UNRESOLVED"
ABLATION_LIFECYCLE_PLUS_REGIME,WEEKLY,2023-06-16,GLOBAL_SEMICONDUCTORS,EXTENDED,,"{""GLOBAL_SEMICONDUCTORS"": 1.0}","{""GLOBAL_SEMICONDUCTORS"": 1.0}",1.0,3,POSITIVE,1.0,1.0,0.0,NO_TARGET_CHANGE,,"HISTORICAL UK RETAIL, ISA, ACCOUNT AND BROKER ELIGIBILITY REMAIN PARTLY UNRESOLVED"
ABLATION_LIFECYCLE_PLUS_REGIME,WEEKLY,2023-06-23,GLOBAL_SEMICONDUCTORS,ESTABLISHED,,"{""GLOBAL_SEMICONDUCTORS"": 1.0}","{""GLOBAL_SEMICONDUCTORS"": 1.0}",1.0,1,POSITIVE,1.0,1.0,0.0,NO_TARGET_CHANGE,,"HISTORICAL UK RETAIL, ISA, ACCOUNT AND BROKER ELIGIBILITY REMAIN PARTLY UNRESOLVED"
ABLATION_LIFECYCLE_PLUS_REGIME,WEEKLY,2023-06-30,GLOBAL_SEMICONDUCTORS,EXTENDED,,"{""GLOBAL_SEMICONDUCTORS"": 1.0}","{""GLOBAL_SEMICONDUCTORS"": 1.0}",1.0,2,POSITIVE,1.0,1.0,0.0,NO_TARGET_CHANGE,,"HISTORICAL UK RETAIL, ISA, ACCOUNT AND BROKER ELIGIBILITY REMAIN PARTLY UNRESOLVED"
ABLATION_LIFECYCLE_PLUS_REGIME,WEEKLY,2023-07-07,GLOBAL_SEMICONDUCTORS,ESTABLISHED,,"{""GLOBAL_SEMICONDUCTORS"": 1.0}","{""GLOBAL_SEMICONDUCTORS"": 1.0}",1.0,2,POSITIVE,1.0,1.0,0.0,NO_TARGET_CHANGE,,"HISTORICAL UK RETAIL, ISA, ACCOUNT AND BROKER ELIGIBILITY REMAIN PARTLY UNRESOLVED"
ABLATION_LIFECYCLE_PLUS_REGIME,WEEKLY,2023-07-14,GLOBAL_SEMICONDUCTORS,EXTENDED,,"{""GLOBAL_SEMICONDUCTORS"": 1.0}","{""GLOBAL_SEMICONDUCTORS"": 1.0}",1.0,3,POSITIVE,1.0,1.0,0.0,NO_TARGET_CHANGE,,"HISTORICAL UK RETAIL, ISA, ACCOUNT AND BROKER ELIGIBILITY REMAIN PARTLY UNRESOLVED"
ABLATION_LIFECYCLE_PLUS_REGIME,WEEKLY,2023-07-21,GLOBAL_SEMICONDUCTORS,WEAKENING,,"{""GLOBAL_SEMICONDUCTORS"": 1.0}","{""GLOBAL_SEMICONDUCTORS"": 1.0}",1.0,2,POSITIVE,1.0,1.0,0.0,NO_TARGET_CHANGE,,"HISTORICAL UK RETAIL, ISA, ACCOUNT AND BROKER ELIGIBILITY REMAIN PARTLY UNRESOLVED"
ABLATION_LIFECYCLE_PLUS_REGIME,WEEKLY,2023-07-28,GLOBAL_SEMICONDUCTORS,WEAKENING,CHINA_INTERNET,"{""CHINA_INTERNET"": 0.25, ""GLOBAL_SEMICONDUCTORS"": 0.75}","{""CHINA_INTERNET"": 0.25, ""GLOBAL_SEMICONDUCTORS"": 0.75}",1.0,4,STRONG,1.0,1.0,0.0,PLANNED,2023-07-31,"HISTORICAL UK RETAIL, ISA, ACCOUNT AND BROKER ELIGIBILITY REMAIN PARTLY UNRESOLVED"
ABLATION_LIFECYCLE_PLUS_REGIME,WEEKLY,2023-07-31,GLOBAL_SEMICONDUCTORS,WEAKENING,CHINA_INTERNET,"{""CHINA_INTERNET"": 0.25, ""GLOBAL_SEMICONDUCTORS"": 0.75}","{""CHINA_INTERNET"": 0.25, ""GLOBAL_SEMICONDUCTORS"": 0.75}",1.0,4,STRONG,1.0,1.0,0.0,NO_TARGET_CHANGE,,"HISTORICAL UK RETAIL, ISA, ACCOUNT AND BROKER ELIGIBILITY REMAIN PARTLY UNRESOLVED"
ABLATION_LIFECYCLE_PLUS_REGIME,WEEKLY,2023-08-04,GLOBAL_SEMICONDUCTORS,WEAKENING,,"{""GLOBAL_SEMICONDUCTORS"": 1.0}","{""GLOBAL_SEMICONDUCTORS"": 1.0}",1.0,4,STRONG,1.0,1.0,0.0,PLANNED,2023-08-07,"HISTORICAL UK RETAIL, ISA, ACCOUNT AND BROKER ELIGIBILITY REMAIN PARTLY UNRESOLVED"
ABLATION_LIFECYCLE_PLUS_REGIME,WEEKLY,2023-08-11,GLOBAL_SEMICONDUCTORS,WEAKENING,,"{""GLOBAL_SEMICONDUCTORS"": 1.0}","{""GLOBAL_SEMICONDUCTORS"": 1.0}",1.0,4,STRONG,1.0,1.0,0.0,NO_TARGET_CHANGE,,"HISTORICAL UK RETAIL, ISA, ACCOUNT AND BROKER ELIGIBILITY REMAIN PARTLY UNRESOLVED"
ABLATION_LIFECYCLE_PLUS_REGIME,WEEKLY,2023-08-18,GLOBAL_SEMICONDUCTORS,WEAKENING,,"{""GLOBAL_SEMICONDUCTORS"": 1.0}","{""GLOBAL_SEMICONDUCTORS"": 1.0}",1.0,3,MATURE,1.0,1.0,0.0,NO_TARGET_CHANGE,,"HISTORICAL UK RETAIL, ISA, ACCOUNT AND BROKER ELIGIBILITY REMAIN PARTLY UNRESOLVED"
ABLATION_LIFECYCLE_PLUS_REGIME,WEEKLY,2023-08-25,GLOBAL_SEMICONDUCTORS,FAILED,,"{""GLOBAL_SEMICONDUCTORS"": 1.0}","{""GLOBAL_SEMICONDUCTORS"": 1.0}",1.0,4,STRONG,1.0,1.0,0.0,NO_TARGET_CHANGE,,"HISTORICAL UK RETAIL, ISA, ACCOUNT AND BROKER ELIGIBILITY REMAIN PARTLY UNRESOLVED"
ABLATION_LIFECYCLE_PLUS_REGIME,WEEKLY,2023-08-31,GLOBAL_SEMICONDUCTORS,WEAKENING,,"{""GLOBAL_SEMICONDUCTORS"": 1.0}","{""GLOBAL_SEMICONDUCTORS"": 1.0}",1.0,4,STRONG,1.0,1.0,0.0,NO_TARGET_CHANGE,,"HISTORICAL UK RETAIL, ISA, ACCOUNT AND BROKER ELIGIBILITY REMAIN PARTLY UNRESOLVED"
ABLATION_LIFECYCLE_PLUS_REGIME,WEEKLY,2023-09-01,GLOBAL_SEMICONDUCTORS,WEAKENING,,"{""GLOBAL_SEMICONDUCTORS"": 1.0}","{""GLOBAL_SEMICONDUCTORS"": 1.0}",1.0,2,DETERIORATING,1.0,1.0,0.0,NO_TARGET_CHANGE,,"HISTORICAL UK RETAIL, ISA, ACCOUNT AND BROKER ELIGIBILITY REMAIN PARTLY UNRESOLVED"
ABLATION_LIFECYCLE_PLUS_REGIME,WEEKLY,2023-09-08,GLOBAL_SEMICONDUCTORS,FAILED,,"{""GLOBAL_SEMICONDUCTORS"": 1.0}","{""GLOBAL_SEMICONDUCTORS"": 1.0}",1.0,2,DETERIORATING,1.0,1.0,0.0,NO_TARGET_CHANGE,,"HISTORICAL UK RETAIL, ISA, ACCOUNT AND BROKER ELIGIBILITY REMAIN PARTLY UNRESOLVED"
ABLATION_LIFECYCLE_PLUS_REGIME,WEEKLY,2023-09-15,GLOBAL_SEMICONDUCTORS,FAILED,,"{""GLOBAL_SEMICONDUCTORS"": 1.0}","{""GLOBAL_SEMICONDUCTORS"": 1.0}",1.0,3,MATURE,1.0,1.0,0.0,NO_TARGET_CHANGE,,"HISTORICAL UK RETAIL, ISA, ACCOUNT AND BROKER ELIGIBILITY REMAIN PARTLY UNRESOLVED"
ABLATION_LIFECYCLE_PLUS_REGIME,WEEKLY,2023-09-22,GLOBAL_SEMICONDUCTORS,FAILED,,"{""GLOBAL_SEMICONDUCTORS"": 1.0}","{""GLOBAL_SEMICONDUCTORS"": 1.0}",1.0,4,STRONG,1.0,1.0,0.0,NO_TARGET_CHANGE,,"HISTORICAL UK RETAIL, ISA, ACCOUNT AND BROKER ELIGIBILITY REMAIN PARTLY UNRESOLVED"
ABLATION_LIFECYCLE_PLUS_REGIME,WEEKLY,2023-09-29,GLOBAL_URANIUM_NUCLEAR,EXTENDED,,"{""GLOBAL_URANIUM_NUCLEAR"": 1.0}","{""GLOBAL_URANIUM_NUCLEAR"": 1.0}",1.0,4,STRONG,1.0,1.0,0.0,PLANNED,2023-10-02,"HISTORICAL UK RETAIL, ISA, ACCOUNT AND BROKER ELIGIBILITY REMAIN PARTLY UNRESOLVED"
ABLATION_LIFECYCLE_PLUS_REGIME,WEEKLY,2023-10-06,GLOBAL_URANIUM_NUCLEAR,EXTENDED,,"{""GLOBAL_URANIUM_NUCLEAR"": 1.0}","{""GLOBAL_URANIUM_NUCLEAR"": 1.0}",1.0,3,MATURE,1.0,1.0,0.0,NO_TARGET_CHANGE,,"HISTORICAL UK RETAIL, ISA, ACCOUNT AND BROKER ELIGIBILITY REMAIN PARTLY UNRESOLVED"
ABLATION_LIFECYCLE_PLUS_REGIME,WEEKLY,2023-10-13,GLOBAL_URANIUM_NUCLEAR,EXTENDED,,"{""GLOBAL_URANIUM_NUCLEAR"": 1.0}","{""GLOBAL_URANIUM_NUCLEAR"": 1.0}",1.0,3,MATURE,1.0,1.0,0.0,NO_TARGET_CHANGE,,"HISTORICAL UK RETAIL, ISA, ACCOUNT AND BROKER ELIGIBILITY REMAIN PARTLY UNRESOLVED"
ABLATION_LIFECYCLE_PLUS_REGIME,WEEKLY,2023-10-20,GLOBAL_URANIUM_NUCLEAR,EXTENDED,,"{""GLOBAL_URANIUM_NUCLEAR"": 1.0}","{""GLOBAL_URANIUM_NUCLEAR"": 1.0}",1.0,4,STRONG,1.0,1.0,0.0,NO_TARGET_CHANGE,,"HISTORICAL UK RETAIL, ISA, ACCOUNT AND BROKER ELIGIBILITY REMAIN PARTLY UNRESOLVED"
ABLATION_LIFECYCLE_PLUS_REGIME,WEEKLY,2023-10-27,GLOBAL_URANIUM_NUCLEAR,WEAKENING,,"{""GLOBAL_URANIUM_NUCLEAR"": 1.0}","{""GLOBAL_URANIUM_NUCLEAR"": 1.0}",1.0,2,DETERIORATING,1.0,1.0,0.0,NO_TARGET_CHANGE,,"HISTORICAL UK RETAIL, ISA, ACCOUNT AND BROKER ELIGIBILITY REMAIN PARTLY UNRESOLVED"
ABLATION_LIFECYCLE_PLUS_REGIME,WEEKLY,2023-10-31,GLOBAL_URANIUM_NUCLEAR,EXTENDED,,"{""GLOBAL_URANIUM_NUCLEAR"": 1.0}","{""GLOBAL_URANIUM_NUCLEAR"": 1.0}",1.0,2,DETERIORATING,1.0,1.0,0.0,NO_TARGET_CHANGE,,"HISTORICAL UK RETAIL, ISA, ACCOUNT AND BROKER ELIGIBILITY REMAIN PARTLY UNRESOLVED"
ABLATION_LIFECYCLE_PLUS_REGIME,WEEKLY,2023-11-03,GLOBAL_URANIUM_NUCLEAR,EXTENDED,,"{""GLOBAL_URANIUM_NUCLEAR"": 1.0}","{""GLOBAL_URANIUM_NUCLEAR"": 1.0}",1.0,3,MATURE,1.0,1.0,0.0,NO_TARGET_CHANGE,,"HISTORICAL UK RETAIL, ISA, ACCOUNT AND BROKER ELIGIBILITY REMAIN PARTLY UNRESOLVED"
ABLATION_LIFECYCLE_PLUS_REGIME,WEEKLY,2023-11-10,GLOBAL_URANIUM_NUCLEAR,OTHER,,"{""GLOBAL_URANIUM_NUCLEAR"": 1.0}","{""GLOBAL_URANIUM_NUCLEAR"": 1.0}",1.0,2,DETERIORATING,1.0,1.0,0.0,NO_TARGET_CHANGE,,"HISTORICAL UK RETAIL, ISA, ACCOUNT AND BROKER ELIGIBILITY REMAIN PARTLY UNRESOLVED"
ABLATION_LIFECYCLE_PLUS_REGIME,WEEKLY,2023-11-17,GLOBAL_URANIUM_NUCLEAR,ESTABLISHED,,"{""GLOBAL_URANIUM_NUCLEAR"": 1.0}","{""GLOBAL_URANIUM_NUCLEAR"": 1.0}",1.0,4,STRONG,1.0,1.0,0.0,NO_TARGET_CHANGE,,"HISTORICAL UK RETAIL, ISA, ACCOUNT AND BROKER ELIGIBILITY REMAIN PARTLY UNRESOLVED"
ABLATION_LIFECYCLE_PLUS_REGIME,WEEKLY,2023-11-24,GLOBAL_URANIUM_NUCLEAR,ESTABLISHED,,"{""GLOBAL_URANIUM_NUCLEAR"": 1.0}","{""GLOBAL_URANIUM_NUCLEAR"": 1.0}",1.0,4,STRONG,1.0,1.0,0.0,NO_TARGET_CHANGE,,"HISTORICAL UK RETAIL, ISA, ACCOUNT AND BROKER ELIGIBILITY REMAIN PARTLY UNRESOLVED"
ABLATION_LIFECYCLE_PLUS_REGIME,WEEKLY,2023-11-30,GLOBAL_URANIUM_NUCLEAR,WEAKENING,,"{""GLOBAL_URANIUM_NUCLEAR"": 1.0}","{""GLOBAL_URANIUM_NUCLEAR"": 1.0}",1.0,4,STRONG,1.0,1.0,0.0,NO_TARGET_CHANGE,,"HISTORICAL UK RETAIL, ISA, ACCOUNT AND BROKER ELIGIBILITY REMAIN PARTLY UNRESOLVED"
ABLATION_LIFECYCLE_PLUS_REGIME,WEEKLY,2023-12-01,GLOBAL_URANIUM_NUCLEAR,ESTABLISHED,,"{""GLOBAL_URANIUM_NUCLEAR"": 1.0}","{""GLOBAL_URANIUM_NUCLEAR"": 1.0}",1.0,2,DETERIORATING,1.0,1.0,0.0,NO_TARGET_CHANGE,,"HISTORICAL UK RETAIL, ISA, ACCOUNT AND BROKER ELIGIBILITY REMAIN PARTLY UNRESOLVED"
ABLATION_LIFECYCLE_PLUS_REGIME,WEEKLY,2023-12-08,GLOBAL_URANIUM_NUCLEAR,WEAKENING,,"{""GLOBAL_URANIUM_NUCLEAR"": 1.0}","{""GLOBAL_URANIUM_NUCLEAR"": 1.0}",1.0,2,DETERIORATING,1.0,1.0,0.0,NO_TARGET_CHANGE,,"HISTORICAL UK RETAIL, ISA, ACCOUNT AND BROKER ELIGIBILITY REMAIN PARTLY UNRESOLVED"
ABLATION_LIFECYCLE_PLUS_REGIME,WEEKLY,2023-12-15,GLOBAL_URANIUM_NUCLEAR,WEAKENING,,"{""GLOBAL_URANIUM_NUCLEAR"": 1.0}","{""GLOBAL_URANIUM_NUCLEAR"": 1.0}",1.0,2,DETERIORATING,1.0,1.0,0.0,NO_TARGET_CHANGE,,"HISTORICAL UK RETAIL, ISA, ACCOUNT AND BROKER ELIGIBILITY REMAIN PARTLY UNRESOLVED"
ABLATION_LIFECYCLE_PLUS_REGIME,WEEKLY,2023-12-22,GLOBAL_URANIUM_NUCLEAR,FAILED,,"{""GLOBAL_URANIUM_NUCLEAR"": 1.0}","{""GLOBAL_URANIUM_NUCLEAR"": 1.0}",1.0,2,DETERIORATING,1.0,1.0,0.0,NO_TARGET_CHANGE,,"HISTORICAL UK RETAIL, ISA, ACCOUNT AND BROKER ELIGIBILITY REMAIN PARTLY UNRESOLVED"
ABLATION_LIFECYCLE_PLUS_REGIME,WEEKLY,2023-12-29,GLOBAL_AI,EXTENDED,,"{""GLOBAL_AI"": 1.0}","{""GLOBAL_AI"": 1.0}",1.0,2,DETERIORATING,1.0,1.0,0.0,PLANNED,2024-01-02,"HISTORICAL UK RETAIL, ISA, ACCOUNT AND BROKER ELIGIBILITY REMAIN PARTLY UNRESOLVED"
ABLATION_LIFECYCLE_PLUS_REGIME,WEEKLY,2024-01-05,GLOBAL_AI,ESTABLISHED,,"{""GLOBAL_AI"": 1.0}","{""GLOBAL_AI"": 1.0}",1.0,1,DETERIORATING,1.0,1.0,0.0,NO_TARGET_CHANGE,,"HISTORICAL UK RETAIL, ISA, ACCOUNT AND BROKER ELIGIBILITY REMAIN PARTLY UNRESOLVED"
ABLATION_LIFECYCLE_PLUS_REGIME,WEEKLY,2024-01-12,GLOBAL_AI,OTHER,,"{""GLOBAL_AI"": 1.0}","{""GLOBAL_AI"": 1.0}",1.0,2,DETERIORATING,1.0,1.0,0.0,NO_TARGET_CHANGE,,"HISTORICAL UK RETAIL, ISA, ACCOUNT AND BROKER ELIGIBILITY REMAIN PARTLY UNRESOLVED"
ABLATION_LIFECYCLE_PLUS_REGIME,WEEKLY,2024-01-19,GLOBAL_AI,OTHER,,"{""GLOBAL_AI"": 1.0}","{""GLOBAL_AI"": 1.0}",1.0,3,MATURE,1.0,1.0,0.0,NO_TARGET_CHANGE,,"HISTORICAL UK RETAIL, ISA, ACCOUNT AND BROKER ELIGIBILITY REMAIN PARTLY UNRESOLVED"
ABLATION_LIFECYCLE_PLUS_REGIME,WEEKLY,2024-01-26,GLOBAL_AI,OTHER,,"{""GLOBAL_AI"": 1.0}","{""GLOBAL_AI"": 1.0}",1.0,3,POSITIVE,1.0,1.0,0.0,NO_TARGET_CHANGE,,"HISTORICAL UK RETAIL, ISA, ACCOUNT AND BROKER ELIGIBILITY REMAIN PARTLY UNRESOLVED"
ABLATION_LIFECYCLE_PLUS_REGIME,WEEKLY,2024-01-31,GLOBAL_SEMICONDUCTORS,EXTENDED,,"{""GLOBAL_SEMICONDUCTORS"": 1.0}","{""GLOBAL_SEMICONDUCTORS"": 1.0}",1.0,3,POSITIVE,1.0,1.0,0.0,PLANNED,2024-02-01,"HISTORICAL UK RETAIL, ISA, ACCOUNT AND BROKER ELIGIBILITY REMAIN PARTLY UNRESOLVED"
ABLATION_LIFECYCLE_PLUS_REGIME,WEEKLY,2024-02-02,GLOBAL_SEMICONDUCTORS,CONFIRMING,,"{""GLOBAL_SEMICONDUCTORS"": 1.0}","{""GLOBAL_SEMICONDUCTORS"": 1.0}",1.0,3,POSITIVE,1.0,1.0,0.0,NO_TARGET_CHANGE,,"HISTORICAL UK RETAIL, ISA, ACCOUNT AND BROKER ELIGIBILITY REMAIN PARTLY UNRESOLVED"
ABLATION_LIFECYCLE_PLUS_REGIME,WEEKLY,2024-02-09,GLOBAL_SEMICONDUCTORS,EXTENDED,,"{""GLOBAL_SEMICONDUCTORS"": 1.0}","{""GLOBAL_SEMICONDUCTORS"": 1.0}",1.0,3,POSITIVE,1.0,1.0,0.0,NO_TARGET_CHANGE,,"HISTORICAL UK RETAIL, ISA, ACCOUNT AND BROKER ELIGIBILITY REMAIN PARTLY UNRESOLVED"
ABLATION_LIFECYCLE_PLUS_REGIME,WEEKLY,2024-02-16,GLOBAL_SEMICONDUCTORS,EXTENDED,,"{""GLOBAL_SEMICONDUCTORS"": 1.0}","{""GLOBAL_SEMICONDUCTORS"": 1.0}",1.0,2,POSITIVE,1.0,1.0,0.0,NO_TARGET_CHANGE,,"HISTORICAL UK RETAIL, ISA, ACCOUNT AND BROKER ELIGIBILITY REMAIN PARTLY UNRESOLVED"
ABLATION_LIFECYCLE_PLUS_REGIME,WEEKLY,2024-02-23,GLOBAL_SEMICONDUCTORS,EXTENDED,,"{""GLOBAL_SEMICONDUCTORS"": 1.0}","{""GLOBAL_SEMICONDUCTORS"": 1.0}",1.0,2,POSITIVE,1.0,1.0,0.0,NO_TARGET_CHANGE,,"HISTORICAL UK RETAIL, ISA, ACCOUNT AND BROKER ELIGIBILITY REMAIN PARTLY UNRESOLVED"
ABLATION_LIFECYCLE_PLUS_REGIME,WEEKLY,2024-02-29,GLOBAL_SEMICONDUCTORS,EXTENDED,,"{""GLOBAL_SEMICONDUCTORS"": 1.0}","{""GLOBAL_SEMICONDUCTORS"": 1.0}",1.0,2,POSITIVE,1.0,1.0,0.0,NO_TARGET_CHANGE,,"HISTORICAL UK RETAIL, ISA, ACCOUNT AND BROKER ELIGIBILITY REMAIN PARTLY UNRESOLVED"
ABLATION_LIFECYCLE_PLUS_REGIME,WEEKLY,2024-03-01,GLOBAL_SEMICONDUCTORS,EXTENDED,,"{""GLOBAL_SEMICONDUCTORS"": 1.0}","{""GLOBAL_SEMICONDUCTORS"": 1.0}",1.0,3,POSITIVE,1.0,1.0,0.0,NO_TARGET_CHANGE,,"HISTORICAL UK RETAIL, ISA, ACCOUNT AND BROKER ELIGIBILITY REMAIN PARTLY UNRESOLVED"
ABLATION_LIFECYCLE_PLUS_REGIME,WEEKLY,2024-03-08,GLOBAL_SEMICONDUCTORS,EXTENDED,,"{""GLOBAL_SEMICONDUCTORS"": 1.0}","{""GLOBAL_SEMICONDUCTORS"": 1.0}",1.0,2,POSITIVE,1.0,1.0,0.0,NO_TARGET_CHANGE,,"HISTORICAL UK RETAIL, ISA, ACCOUNT AND BROKER ELIGIBILITY REMAIN PARTLY UNRESOLVED"
ABLATION_LIFECYCLE_PLUS_REGIME,WEEKLY,2024-03-15,GLOBAL_SEMICONDUCTORS,EXTENDED,,"{""GLOBAL_SEMICONDUCTORS"": 1.0}","{""GLOBAL_SEMICONDUCTORS"": 1.0}",1.0,2,POSITIVE,1.0,1.0,0.0,NO_TARGET_CHANGE,,"HISTORICAL UK RETAIL, ISA, ACCOUNT AND BROKER ELIGIBILITY REMAIN PARTLY UNRESOLVED"
ABLATION_LIFECYCLE_PLUS_REGIME,WEEKLY,2024-03-22,GLOBAL_SEMICONDUCTORS,EXTENDED,,"{""GLOBAL_SEMICONDUCTORS"": 1.0}","{""GLOBAL_SEMICONDUCTORS"": 1.0}",1.0,2,POSITIVE,1.0,1.0,0.0,NO_TARGET_CHANGE,,"HISTORICAL UK RETAIL, ISA, ACCOUNT AND BROKER ELIGIBILITY REMAIN PARTLY UNRESOLVED"
ABLATION_LIFECYCLE_PLUS_REGIME,WEEKLY,2024-03-28,GLOBAL_SEMICONDUCTORS,EXTENDED,,"{""GLOBAL_SEMICONDUCTORS"": 1.0}","{""GLOBAL_SEMICONDUCTORS"": 1.0}",1.0,2,POSITIVE,1.0,1.0,0.0,NO_TARGET_CHANGE,,"HISTORICAL UK RETAIL, ISA, ACCOUNT AND BROKER ELIGIBILITY REMAIN PARTLY UNRESOLVED"
ABLATION_LIFECYCLE_PLUS_REGIME,WEEKLY,2024-04-05,GLOBAL_SEMICONDUCTORS,WEAKENING,,"{""GLOBAL_SEMICONDUCTORS"": 1.0}","{""GLOBAL_SEMICONDUCTORS"": 1.0}",1.0,4,STRONG,1.0,1.0,0.0,NO_TARGET_CHANGE,,"HISTORICAL UK RETAIL, ISA, ACCOUNT AND BROKER ELIGIBILITY REMAIN PARTLY UNRESOLVED"
ABLATION_LIFECYCLE_PLUS_REGIME,WEEKLY,2024-04-12,GLOBAL_SEMICONDUCTORS,WEAKENING,,"{""GLOBAL_SEMICONDUCTORS"": 1.0}","{""GLOBAL_SEMICONDUCTORS"": 1.0}",1.0,4,STRONG,1.0,1.0,0.0,NO_TARGET_CHANGE,,"HISTORICAL UK RETAIL, ISA, ACCOUNT AND BROKER ELIGIBILITY REMAIN PARTLY UNRESOLVED"
ABLATION_LIFECYCLE_PLUS_REGIME,WEEKLY,2024-04-19,GLOBAL_SEMICONDUCTORS,WEAKENING,,"{""GLOBAL_SEMICONDUCTORS"": 1.0}","{""GLOBAL_SEMICONDUCTORS"": 1.0}",1.0,5,STRONG,1.0,1.0,0.0,NO_TARGET_CHANGE,,"HISTORICAL UK RETAIL, ISA, ACCOUNT AND BROKER ELIGIBILITY REMAIN PARTLY UNRESOLVED"
ABLATION_LIFECYCLE_PLUS_REGIME,WEEKLY,2024-04-26,GLOBAL_SEMICONDUCTORS,WEAKENING,,"{""GLOBAL_SEMICONDUCTORS"": 1.0}","{""GLOBAL_SEMICONDUCTORS"": 1.0}",1.0,5,STRONG,1.0,1.0,0.0,NO_TARGET_CHANGE,,"HISTORICAL UK RETAIL, ISA, ACCOUNT AND BROKER ELIGIBILITY REMAIN PARTLY UNRESOLVED"
ABLATION_LIFECYCLE_PLUS_REGIME,WEEKLY,2024-04-30,EUROPE_BANKS,EXTENDED,,"{""EUROPE_BANKS"": 1.0}","{""EUROPE_BANKS"": 1.0}",1.0,5,STRONG,1.0,1.0,0.0,PLANNED,2024-05-01,"HISTORICAL UK RETAIL, ISA, ACCOUNT AND BROKER ELIGIBILITY REMAIN PARTLY UNRESOLVED"
ABLATION_LIFECYCLE_PLUS_REGIME,WEEKLY,2024-05-03,EUROPE_BANKS,EXTENDED,,"{""EUROPE_BANKS"": 1.0}","{""EUROPE_BANKS"": 1.0}",1.0,5,STRONG,1.0,1.0,0.0,NO_TARGET_CHANGE,,"HISTORICAL UK RETAIL, ISA, ACCOUNT AND BROKER ELIGIBILITY REMAIN PARTLY UNRESOLVED"
ABLATION_LIFECYCLE_PLUS_REGIME,WEEKLY,2024-05-10,EUROPE_BANKS,EXTENDED,,"{""EUROPE_BANKS"": 1.0}","{""EUROPE_BANKS"": 1.0}",1.0,4,MATURE,1.0,1.0,0.0,NO_TARGET_CHANGE,,"HISTORICAL UK RETAIL, ISA, ACCOUNT AND BROKER ELIGIBILITY REMAIN PARTLY UNRESOLVED"
ABLATION_LIFECYCLE_PLUS_REGIME,WEEKLY,2024-05-17,EUROPE_BANKS,EXTENDED,,"{""EUROPE_BANKS"": 1.0}","{""EUROPE_BANKS"": 1.0}",1.0,4,MATURE,1.0,1.0,0.0,NO_TARGET_CHANGE,,"HISTORICAL UK RETAIL, ISA, ACCOUNT AND BROKER ELIGIBILITY REMAIN PARTLY UNRESOLVED"
ABLATION_LIFECYCLE_PLUS_REGIME,WEEKLY,2024-05-24,EUROPE_BANKS,EXTENDED,,"{""EUROPE_BANKS"": 1.0}","{""EUROPE_BANKS"": 1.0}",1.0,4,MATURE,1.0,1.0,0.0,NO_TARGET_CHANGE,,"HISTORICAL UK RETAIL, ISA, ACCOUNT AND BROKER ELIGIBILITY REMAIN PARTLY UNRESOLVED"
ABLATION_LIFECYCLE_PLUS_REGIME,WEEKLY,2024-05-31,EUROPE_BANKS,EXTENDED,,"{""EUROPE_BANKS"": 1.0}","{""EUROPE_BANKS"": 1.0}",1.0,4,MATURE,1.0,1.0,0.0,NO_TARGET_CHANGE,,"HISTORICAL UK RETAIL, ISA, ACCOUNT AND BROKER ELIGIBILITY REMAIN PARTLY UNRESOLVED"
ABLATION_LIFECYCLE_PLUS_REGIME,WEEKLY,2024-06-07,EUROPE_BANKS,ESTABLISHED,,"{""EUROPE_BANKS"": 1.0}","{""EUROPE_BANKS"": 1.0}",1.0,2,DETERIORATING,1.0,1.0,0.0,NO_TARGET_CHANGE,,"HISTORICAL UK RETAIL, ISA, ACCOUNT AND BROKER ELIGIBILITY REMAIN PARTLY UNRESOLVED"
ABLATION_LIFECYCLE_PLUS_REGIME,WEEKLY,2024-06-14,EUROPE_BANKS,FAILED,,"{""EUROPE_BANKS"": 1.0}","{""EUROPE_BANKS"": 1.0}",1.0,1,DETERIORATING,1.0,1.0,0.0,NO_TARGET_CHANGE,,"HISTORICAL UK RETAIL, ISA, ACCOUNT AND BROKER ELIGIBILITY REMAIN PARTLY UNRESOLVED"
ABLATION_LIFECYCLE_PLUS_REGIME,WEEKLY,2024-06-21,EUROPE_BANKS,WEAKENING,,"{""EUROPE_BANKS"": 1.0}","{""EUROPE_BANKS"": 1.0}",1.0,2,DETERIORATING,1.0,1.0,0.0,NO_TARGET_CHANGE,,"HISTORICAL UK RETAIL, ISA, ACCOUNT AND BROKER ELIGIBILITY REMAIN PARTLY UNRESOLVED"
ABLATION_LIFECYCLE_PLUS_REGIME,WEEKLY,2024-06-28,GLOBAL_SEMICONDUCTORS,ESTABLISHED,,"{""GLOBAL_SEMICONDUCTORS"": 1.0}","{""GLOBAL_SEMICONDUCTORS"": 1.0}",1.0,1,DETERIORATING,1.0,1.0,0.0,PLANNED,2024-07-01,"HISTORICAL UK RETAIL, ISA, ACCOUNT AND BROKER ELIGIBILITY REMAIN PARTLY UNRESOLVED"
ABLATION_LIFECYCLE_PLUS_REGIME,WEEKLY,2024-07-05,GLOBAL_SEMICONDUCTORS,EXTENDED,,"{""GLOBAL_SEMICONDUCTORS"": 1.0}","{""GLOBAL_SEMICONDUCTORS"": 1.0}",1.0,2,DETERIORATING,1.0,1.0,0.0,NO_TARGET_CHANGE,,"HISTORICAL UK RETAIL, ISA, ACCOUNT AND BROKER ELIGIBILITY REMAIN PARTLY UNRESOLVED"
ABLATION_LIFECYCLE_PLUS_REGIME,WEEKLY,2024-07-12,GLOBAL_SEMICONDUCTORS,EXTENDED,,"{""GLOBAL_SEMICONDUCTORS"": 1.0}","{""GLOBAL_SEMICONDUCTORS"": 1.0}",1.0,2,DETERIORATING,1.0,1.0,0.0,NO_TARGET_CHANGE,,"HISTORICAL UK RETAIL, ISA, ACCOUNT AND BROKER ELIGIBILITY REMAIN PARTLY UNRESOLVED"
ABLATION_LIFECYCLE_PLUS_REGIME,WEEKLY,2024-07-19,GLOBAL_SEMICONDUCTORS,WEAKENING,GLOBAL_GENOMICS,"{""GLOBAL_GENOMICS"": 0.25, ""GLOBAL_SEMICONDUCTORS"": 0.75}","{""GLOBAL_GENOMICS"": 0.25, ""GLOBAL_SEMICONDUCTORS"": 0.75}",1.0,3,MATURE,1.0,1.0,0.0,PLANNED,2024-07-22,"HISTORICAL UK RETAIL, ISA, ACCOUNT AND BROKER ELIGIBILITY REMAIN PARTLY UNRESOLVED"
ABLATION_LIFECYCLE_PLUS_REGIME,WEEKLY,2024-07-26,GLOBAL_SEMICONDUCTORS,WEAKENING,GLOBAL_GENOMICS,"{""GLOBAL_GENOMICS"": 0.25, ""GLOBAL_SEMICONDUCTORS"": 0.75}","{""GLOBAL_GENOMICS"": 0.25, ""GLOBAL_SEMICONDUCTORS"": 0.75}",1.0,3,MATURE,1.0,1.0,0.0,NO_TARGET_CHANGE,,"HISTORICAL UK RETAIL, ISA, ACCOUNT AND BROKER ELIGIBILITY REMAIN PARTLY UNRESOLVED"
ABLATION_LIFECYCLE_PLUS_REGIME,WEEKLY,2024-07-31,GLOBAL_GOLD_MINERS,ESTABLISHED,,"{""GLOBAL_GOLD_MINERS"": 1.0}","{""GLOBAL_GOLD_MINERS"": 1.0}",1.0,3,MATURE,1.0,1.0,0.0,PLANNED,2024-08-01,"HISTORICAL UK RETAIL, ISA, ACCOUNT AND BROKER ELIGIBILITY REMAIN PARTLY UNRESOLVED"
ABLATION_LIFECYCLE_PLUS_REGIME,WEEKLY,2024-08-02,GLOBAL_GOLD_MINERS,ESTABLISHED,,"{""GLOBAL_GOLD_MINERS"": 1.0}","{""GLOBAL_GOLD_MINERS"": 1.0}",1.0,2,POSITIVE,1.0,1.0,0.0,NO_TARGET_CHANGE,,"HISTORICAL UK RETAIL, ISA, ACCOUNT AND BROKER ELIGIBILITY REMAIN PARTLY UNRESOLVED"
ABLATION_LIFECYCLE_PLUS_REGIME,WEEKLY,2024-08-09,GLOBAL_GOLD_MINERS,ESTABLISHED,,"{""GLOBAL_GOLD_MINERS"": 1.0}","{""GLOBAL_GOLD_MINERS"": 1.0}",1.0,3,POSITIVE,1.0,1.0,0.0,NO_TARGET_CHANGE,,"HISTORICAL UK RETAIL, ISA, ACCOUNT AND BROKER ELIGIBILITY REMAIN PARTLY UNRESOLVED"
ABLATION_LIFECYCLE_PLUS_REGIME,WEEKLY,2024-08-16,GLOBAL_GOLD_MINERS,ESTABLISHED,,"{""GLOBAL_GOLD_MINERS"": 1.0}","{""GLOBAL_GOLD_MINERS"": 1.0}",1.0,3,POSITIVE,1.0,1.0,0.0,NO_TARGET_CHANGE,,"HISTORICAL UK RETAIL, ISA, ACCOUNT AND BROKER ELIGIBILITY REMAIN PARTLY UNRESOLVED"
ABLATION_LIFECYCLE_PLUS_REGIME,WEEKLY,2024-08-23,GLOBAL_GOLD_MINERS,ESTABLISHED,,"{""GLOBAL_GOLD_MINERS"": 1.0}","{""GLOBAL_GOLD_MINERS"": 1.0}",1.0,3,POSITIVE,1.0,1.0,0.0,NO_TARGET_CHANGE,,"HISTORICAL UK RETAIL, ISA, ACCOUNT AND BROKER ELIGIBILITY REMAIN PARTLY UNRESOLVED"
ABLATION_LIFECYCLE_PLUS_REGIME,WEEKLY,2024-08-30,GLOBAL_GOLD_MINERS,ESTABLISHED,,"{""GLOBAL_GOLD_MINERS"": 1.0}","{""GLOBAL_GOLD_MINERS"": 1.0}",1.0,2,POSITIVE,1.0,1.0,0.0,NO_TARGET_CHANGE,,"HISTORICAL UK RETAIL, ISA, ACCOUNT AND BROKER ELIGIBILITY REMAIN PARTLY UNRESOLVED"
ABLATION_LIFECYCLE_PLUS_REGIME,WEEKLY,2024-09-06,GLOBAL_GOLD_MINERS,ESTABLISHED,,"{""GLOBAL_GOLD_MINERS"": 1.0}","{""GLOBAL_GOLD_MINERS"": 1.0}",1.0,3,POSITIVE,1.0,1.0,0.0,NO_TARGET_CHANGE,,"HISTORICAL UK RETAIL, ISA, ACCOUNT AND BROKER ELIGIBILITY REMAIN PARTLY UNRESOLVED"
ABLATION_LIFECYCLE_PLUS_REGIME,WEEKLY,2024-09-13,GLOBAL_GOLD_MINERS,EXTENDED,,"{""GLOBAL_GOLD_MINERS"": 1.0}","{""GLOBAL_GOLD_MINERS"": 1.0}",1.0,4,STRONG,1.0,1.0,0.0,NO_TARGET_CHANGE,,"HISTORICAL UK RETAIL, ISA, ACCOUNT AND BROKER ELIGIBILITY REMAIN PARTLY UNRESOLVED"
ABLATION_LIFECYCLE_PLUS_REGIME,WEEKLY,2024-09-20,GLOBAL_GOLD_MINERS,ESTABLISHED,,"{""GLOBAL_GOLD_MINERS"": 1.0}","{""GLOBAL_GOLD_MINERS"": 1.0}",1.0,3,MATURE,1.0,1.0,0.0,NO_TARGET_CHANGE,,"HISTORICAL UK RETAIL, ISA, ACCOUNT AND BROKER ELIGIBILITY REMAIN PARTLY UNRESOLVED"
ABLATION_LIFECYCLE_PLUS_REGIME,WEEKLY,2024-09-27,GLOBAL_GOLD_MINERS,ESTABLISHED,,"{""GLOBAL_GOLD_MINERS"": 1.0}","{""GLOBAL_GOLD_MINERS"": 1.0}",1.0,4,STRONG,1.0,1.0,0.0,NO_TARGET_CHANGE,,"HISTORICAL UK RETAIL, ISA, ACCOUNT AND BROKER ELIGIBILITY REMAIN PARTLY UNRESOLVED"
ABLATION_LIFECYCLE_PLUS_REGIME,WEEKLY,2024-09-30,GLOBAL_GOLD_MINERS,WEAKENING,,"{""GLOBAL_GOLD_MINERS"": 1.0}","{""GLOBAL_GOLD_MINERS"": 1.0}",1.0,4,STRONG,1.0,1.0,0.0,NO_TARGET_CHANGE,,"HISTORICAL UK RETAIL, ISA, ACCOUNT AND BROKER ELIGIBILITY REMAIN PARTLY UNRESOLVED"
ABLATION_LIFECYCLE_PLUS_REGIME,WEEKLY,2024-10-04,GLOBAL_GOLD_MINERS,WEAKENING,,"{""GLOBAL_GOLD_MINERS"": 1.0}","{""GLOBAL_GOLD_MINERS"": 1.0}",1.0,3,MATURE,1.0,1.0,0.0,NO_TARGET_CHANGE,,"HISTORICAL UK RETAIL, ISA, ACCOUNT AND BROKER ELIGIBILITY REMAIN PARTLY UNRESOLVED"
ABLATION_LIFECYCLE_PLUS_REGIME,WEEKLY,2024-10-11,GLOBAL_GOLD_MINERS,WEAKENING,,"{""GLOBAL_GOLD_MINERS"": 1.0}","{""GLOBAL_GOLD_MINERS"": 1.0}",1.0,3,MATURE,1.0,1.0,0.0,NO_TARGET_CHANGE,,"HISTORICAL UK RETAIL, ISA, ACCOUNT AND BROKER ELIGIBILITY REMAIN PARTLY UNRESOLVED"
ABLATION_LIFECYCLE_PLUS_REGIME,WEEKLY,2024-10-18,GLOBAL_GOLD_MINERS,ESTABLISHED,,"{""GLOBAL_GOLD_MINERS"": 1.0}","{""GLOBAL_GOLD_MINERS"": 1.0}",1.0,3,MATURE,1.0,1.0,0.0,NO_TARGET_CHANGE,,"HISTORICAL UK RETAIL, ISA, ACCOUNT AND BROKER ELIGIBILITY REMAIN PARTLY UNRESOLVED"
ABLATION_LIFECYCLE_PLUS_REGIME,WEEKLY,2024-10-25,GLOBAL_GOLD_MINERS,OTHER,,"{""GLOBAL_GOLD_MINERS"": 1.0}","{""GLOBAL_GOLD_MINERS"": 1.0}",1.0,2,DETERIORATING,1.0,1.0,0.0,NO_TARGET_CHANGE,,"HISTORICAL UK RETAIL, ISA, ACCOUNT AND BROKER ELIGIBILITY REMAIN PARTLY UNRESOLVED"
ABLATION_LIFECYCLE_PLUS_REGIME,WEEKLY,2024-10-31,GLOBAL_GOLD_MINERS,ESTABLISHED,,"{""GLOBAL_GOLD_MINERS"": 1.0}","{""GLOBAL_GOLD_MINERS"": 1.0}",1.0,2,DETERIORATING,1.0,1.0,0.0,NO_TARGET_CHANGE,,"HISTORICAL UK RETAIL, ISA, ACCOUNT AND BROKER ELIGIBILITY REMAIN PARTLY UNRESOLVED"
ABLATION_LIFECYCLE_PLUS_REGIME,WEEKLY,2024-11-01,GLOBAL_GOLD_MINERS,ESTABLISHED,,"{""GLOBAL_GOLD_MINERS"": 1.0}","{""GLOBAL_GOLD_MINERS"": 1.0}",1.0,4,STRONG,1.0,1.0,0.0,NO_TARGET_CHANGE,,"HISTORICAL UK RETAIL, ISA, ACCOUNT AND BROKER ELIGIBILITY REMAIN PARTLY UNRESOLVED"
ABLATION_LIFECYCLE_PLUS_REGIME,WEEKLY,2024-11-08,GLOBAL_GOLD_MINERS,OTHER,,"{""GLOBAL_GOLD_MINERS"": 1.0}","{""GLOBAL_GOLD_MINERS"": 1.0}",1.0,3,MATURE,1.0,1.0,0.0,NO_TARGET_CHANGE,,"HISTORICAL UK RETAIL, ISA, ACCOUNT AND BROKER ELIGIBILITY REMAIN PARTLY UNRESOLVED"
ABLATION_LIFECYCLE_PLUS_REGIME,WEEKLY,2024-11-15,GLOBAL_GOLD_MINERS,FAILED,,"{""GLOBAL_GOLD_MINERS"": 1.0}","{""GLOBAL_GOLD_MINERS"": 1.0}",1.0,2,DETERIORATING,1.0,1.0,0.0,NO_TARGET_CHANGE,,"HISTORICAL UK RETAIL, ISA, ACCOUNT AND BROKER ELIGIBILITY REMAIN PARTLY UNRESOLVED"
ABLATION_LIFECYCLE_PLUS_REGIME,WEEKLY,2024-11-22,GLOBAL_GOLD_MINERS,FAILED,,"{""GLOBAL_GOLD_MINERS"": 1.0}","{""GLOBAL_GOLD_MINERS"": 1.0}",1.0,3,MATURE,1.0,1.0,0.0,NO_TARGET_CHANGE,,"HISTORICAL UK RETAIL, ISA, ACCOUNT AND BROKER ELIGIBILITY REMAIN PARTLY UNRESOLVED"
ABLATION_LIFECYCLE_PLUS_REGIME,WEEKLY,2024-11-29,GLOBAL_SOFTWARE,EXTENDED,,"{""GLOBAL_SOFTWARE"": 1.0}","{""GLOBAL_SOFTWARE"": 1.0}",1.0,3,MATURE,1.0,1.0,0.0,PLANNED,2024-12-02,"HISTORICAL UK RETAIL, ISA, ACCOUNT AND BROKER ELIGIBILITY REMAIN PARTLY UNRESOLVED"
ABLATION_LIFECYCLE_PLUS_REGIME,WEEKLY,2024-12-06,GLOBAL_SOFTWARE,EXTENDED,,"{""GLOBAL_SOFTWARE"": 1.0}","{""GLOBAL_SOFTWARE"": 1.0}",1.0,3,MATURE,1.0,1.0,0.0,NO_TARGET_CHANGE,,"HISTORICAL UK RETAIL, ISA, ACCOUNT AND BROKER ELIGIBILITY REMAIN PARTLY UNRESOLVED"
ABLATION_LIFECYCLE_PLUS_REGIME,WEEKLY,2024-12-13,GLOBAL_SOFTWARE,EXTENDED,,"{""GLOBAL_SOFTWARE"": 1.0}","{""GLOBAL_SOFTWARE"": 1.0}",1.0,3,MATURE,1.0,1.0,0.0,NO_TARGET_CHANGE,,"HISTORICAL UK RETAIL, ISA, ACCOUNT AND BROKER ELIGIBILITY REMAIN PARTLY UNRESOLVED"
ABLATION_LIFECYCLE_PLUS_REGIME,WEEKLY,2024-12-20,GLOBAL_SOFTWARE,EXTENDED,,"{""GLOBAL_SOFTWARE"": 1.0}","{""GLOBAL_SOFTWARE"": 1.0}",1.0,3,MATURE,1.0,1.0,0.0,NO_TARGET_CHANGE,,"HISTORICAL UK RETAIL, ISA, ACCOUNT AND BROKER ELIGIBILITY REMAIN PARTLY UNRESOLVED"
ABLATION_LIFECYCLE_PLUS_REGIME,WEEKLY,2024-12-27,GLOBAL_SOFTWARE,EXTENDED,,"{""GLOBAL_SOFTWARE"": 1.0}","{""GLOBAL_SOFTWARE"": 1.0}",1.0,2,DETERIORATING,1.0,1.0,0.0,NO_TARGET_CHANGE,,"HISTORICAL UK RETAIL, ISA, ACCOUNT AND BROKER ELIGIBILITY REMAIN PARTLY UNRESOLVED"
ABLATION_LIFECYCLE_PLUS_REGIME,WEEKLY,2024-12-31,GLOBAL_SOFTWARE,EXTENDED,,"{""GLOBAL_SOFTWARE"": 1.0}","{""GLOBAL_SOFTWARE"": 1.0}",1.0,2,DETERIORATING,1.0,1.0,0.0,NO_TARGET_CHANGE,,"HISTORICAL UK RETAIL, ISA, ACCOUNT AND BROKER ELIGIBILITY REMAIN PARTLY UNRESOLVED"
ABLATION_LIFECYCLE_PLUS_REGIME,WEEKLY,2025-01-03,GLOBAL_SOFTWARE,EXTENDED,,"{""GLOBAL_SOFTWARE"": 1.0}","{""GLOBAL_SOFTWARE"": 1.0}",1.0,2,POSITIVE,1.0,1.0,0.0,NO_TARGET_CHANGE,,"HISTORICAL UK RETAIL, ISA, ACCOUNT AND BROKER ELIGIBILITY REMAIN PARTLY UNRESOLVED"
ABLATION_LIFECYCLE_PLUS_REGIME,WEEKLY,2025-01-10,GLOBAL_SOFTWARE,WEAKENING,,"{""GLOBAL_SOFTWARE"": 1.0}","{""GLOBAL_SOFTWARE"": 1.0}",1.0,1,POSITIVE,1.0,1.0,0.0,NO_TARGET_CHANGE,,"HISTORICAL UK RETAIL, ISA, ACCOUNT AND BROKER ELIGIBILITY REMAIN PARTLY UNRESOLVED"
ABLATION_LIFECYCLE_PLUS_REGIME,WEEKLY,2025-01-17,GLOBAL_SOFTWARE,WEAKENING,,"{""GLOBAL_SOFTWARE"": 1.0}","{""GLOBAL_SOFTWARE"": 1.0}",1.0,2,POSITIVE,1.0,1.0,0.0,NO_TARGET_CHANGE,,"HISTORICAL UK RETAIL, ISA, ACCOUNT AND BROKER ELIGIBILITY REMAIN PARTLY UNRESOLVED"
ABLATION_LIFECYCLE_PLUS_REGIME,WEEKLY,2025-01-24,GLOBAL_SOFTWARE,WEAKENING,,"{""GLOBAL_SOFTWARE"": 1.0}","{""GLOBAL_SOFTWARE"": 1.0}",1.0,2,POSITIVE,1.0,1.0,0.0,NO_TARGET_CHANGE,,"HISTORICAL UK RETAIL, ISA, ACCOUNT AND BROKER ELIGIBILITY REMAIN PARTLY UNRESOLVED"
ABLATION_LIFECYCLE_PLUS_REGIME,WEEKLY,2025-01-31,GLOBAL_SOFTWARE,WEAKENING,,"{""GLOBAL_SOFTWARE"": 1.0}","{""GLOBAL_SOFTWARE"": 1.0}",1.0,2,POSITIVE,1.0,1.0,0.0,NO_TARGET_CHANGE,,"HISTORICAL UK RETAIL, ISA, ACCOUNT AND BROKER ELIGIBILITY REMAIN PARTLY UNRESOLVED"
ABLATION_LIFECYCLE_PLUS_REGIME,WEEKLY,2025-02-07,GLOBAL_SOFTWARE,OTHER,,"{""GLOBAL_SOFTWARE"": 1.0}","{""GLOBAL_SOFTWARE"": 1.0}",1.0,3,POSITIVE,1.0,1.0,0.0,NO_TARGET_CHANGE,,"HISTORICAL UK RETAIL, ISA, ACCOUNT AND BROKER ELIGIBILITY REMAIN PARTLY UNRESOLVED"
ABLATION_LIFECYCLE_PLUS_REGIME,WEEKLY,2025-02-14,GLOBAL_SOFTWARE,OTHER,,"{""GLOBAL_SOFTWARE"": 1.0}","{""GLOBAL_SOFTWARE"": 1.0}",1.0,3,POSITIVE,1.0,1.0,0.0,NO_TARGET_CHANGE,,"HISTORICAL UK RETAIL, ISA, ACCOUNT AND BROKER ELIGIBILITY REMAIN PARTLY UNRESOLVED"
ABLATION_LIFECYCLE_PLUS_REGIME,WEEKLY,2025-02-21,GLOBAL_SOFTWARE,FAILED,,"{""GLOBAL_SOFTWARE"": 1.0}","{""GLOBAL_SOFTWARE"": 1.0}",1.0,4,STRONG,1.0,1.0,0.0,NO_TARGET_CHANGE,,"HISTORICAL UK RETAIL, ISA, ACCOUNT AND BROKER ELIGIBILITY REMAIN PARTLY UNRESOLVED"
ABLATION_LIFECYCLE_PLUS_REGIME,WEEKLY,2025-02-28,EUROPE_BANKS,EXTENDED,,"{""EUROPE_BANKS"": 1.0}","{""EUROPE_BANKS"": 1.0}",1.0,4,STRONG,1.0,1.0,0.0,PLANNED,2025-03-03,"HISTORICAL UK RETAIL, ISA, ACCOUNT AND BROKER ELIGIBILITY REMAIN PARTLY UNRESOLVED"
ABLATION_LIFECYCLE_PLUS_REGIME,WEEKLY,2025-03-07,EUROPE_BANKS,EXTENDED,,"{""EUROPE_BANKS"": 1.0}","{""EUROPE_BANKS"": 1.0}",1.0,4,STRONG,1.0,1.0,0.0,NO_TARGET_CHANGE,,"HISTORICAL UK RETAIL, ISA, ACCOUNT AND BROKER ELIGIBILITY REMAIN PARTLY UNRESOLVED"
ABLATION_LIFECYCLE_PLUS_REGIME,WEEKLY,2025-03-14,EUROPE_BANKS,EXTENDED,,"{""EUROPE_BANKS"": 1.0}","{""EUROPE_BANKS"": 1.0}",1.0,4,STRONG,1.0,1.0,0.0,NO_TARGET_CHANGE,,"HISTORICAL UK RETAIL, ISA, ACCOUNT AND BROKER ELIGIBILITY REMAIN PARTLY UNRESOLVED"
ABLATION_LIFECYCLE_PLUS_REGIME,WEEKLY,2025-03-21,EUROPE_BANKS,EXTENDED,,"{""EUROPE_BANKS"": 1.0}","{""EUROPE_BANKS"": 1.0}",1.0,4,STRONG,1.0,1.0,0.0,NO_TARGET_CHANGE,,"HISTORICAL UK RETAIL, ISA, ACCOUNT AND BROKER ELIGIBILITY REMAIN PARTLY UNRESOLVED"
ABLATION_LIFECYCLE_PLUS_REGIME,WEEKLY,2025-03-28,EUROPE_BANKS,OTHER,,"{""EUROPE_BANKS"": 1.0}","{""EUROPE_BANKS"": 1.0}",1.0,4,STRONG,1.0,1.0,0.0,NO_TARGET_CHANGE,,"HISTORICAL UK RETAIL, ISA, ACCOUNT AND BROKER ELIGIBILITY REMAIN PARTLY UNRESOLVED"
ABLATION_LIFECYCLE_PLUS_REGIME,WEEKLY,2025-03-31,GLOBAL_GOLD_MINERS,EXTENDED,,"{""GLOBAL_GOLD_MINERS"": 1.0}","{""GLOBAL_GOLD_MINERS"": 1.0}",1.0,4,STRONG,1.0,1.0,0.0,PLANNED,2025-04-01,"HISTORICAL UK RETAIL, ISA, ACCOUNT AND BROKER ELIGIBILITY REMAIN PARTLY UNRESOLVED"
ABLATION_LIFECYCLE_PLUS_REGIME,WEEKLY,2025-04-04,GLOBAL_GOLD_MINERS,EXTENDED,,"{""GLOBAL_GOLD_MINERS"": 1.0}","{""GLOBAL_GOLD_MINERS"": 1.0}",1.0,2,HOSTILE,1.0,1.0,0.0,NO_TARGET_CHANGE,,"HISTORICAL UK RETAIL, ISA, ACCOUNT AND BROKER ELIGIBILITY REMAIN PARTLY UNRESOLVED"
ABLATION_LIFECYCLE_PLUS_REGIME,WEEKLY,2025-04-11,GLOBAL_GOLD_MINERS,EXTENDED,,"{""GLOBAL_GOLD_MINERS"": 1.0}","{""GLOBAL_GOLD_MINERS"": 1.0}",1.0,2,HOSTILE,1.0,1.0,0.0,NO_TARGET_CHANGE,,"HISTORICAL UK RETAIL, ISA, ACCOUNT AND BROKER ELIGIBILITY REMAIN PARTLY UNRESOLVED"
ABLATION_LIFECYCLE_PLUS_REGIME,WEEKLY,2025-04-17,GLOBAL_GOLD_MINERS,EXTENDED,,"{""GLOBAL_GOLD_MINERS"": 1.0}","{""GLOBAL_GOLD_MINERS"": 1.0}",1.0,2,HOSTILE,1.0,1.0,0.0,NO_TARGET_CHANGE,,"HISTORICAL UK RETAIL, ISA, ACCOUNT AND BROKER ELIGIBILITY REMAIN PARTLY UNRESOLVED"
ABLATION_LIFECYCLE_PLUS_REGIME,WEEKLY,2025-04-25,GLOBAL_GOLD_MINERS,EXTENDED,,"{""GLOBAL_GOLD_MINERS"": 1.0}","{""GLOBAL_GOLD_MINERS"": 1.0}",1.0,2,HOSTILE,1.0,1.0,0.0,NO_TARGET_CHANGE,,"HISTORICAL UK RETAIL, ISA, ACCOUNT AND BROKER ELIGIBILITY REMAIN PARTLY UNRESOLVED"
ABLATION_LIFECYCLE_PLUS_REGIME,WEEKLY,2025-04-30,GLOBAL_GOLD_MINERS,EXTENDED,,"{""GLOBAL_GOLD_MINERS"": 1.0}","{""GLOBAL_GOLD_MINERS"": 1.0}",1.0,2,HOSTILE,1.0,1.0,0.0,NO_TARGET_CHANGE,,"HISTORICAL UK RETAIL, ISA, ACCOUNT AND BROKER ELIGIBILITY REMAIN PARTLY UNRESOLVED"
ABLATION_LIFECYCLE_PLUS_REGIME,WEEKLY,2025-05-02,GLOBAL_GOLD_MINERS,OTHER,,"{""GLOBAL_GOLD_MINERS"": 1.0}","{""GLOBAL_GOLD_MINERS"": 1.0}",1.0,2,HOSTILE,1.0,1.0,0.0,NO_TARGET_CHANGE,,"HISTORICAL UK RETAIL, ISA, ACCOUNT AND BROKER ELIGIBILITY REMAIN PARTLY UNRESOLVED"
ABLATION_LIFECYCLE_PLUS_REGIME,WEEKLY,2025-05-09,GLOBAL_GOLD_MINERS,OTHER,,"{""GLOBAL_GOLD_MINERS"": 1.0}","{""GLOBAL_GOLD_MINERS"": 1.0}",1.0,2,HOSTILE,1.0,1.0,0.0,NO_TARGET_CHANGE,,"HISTORICAL UK RETAIL, ISA, ACCOUNT AND BROKER ELIGIBILITY REMAIN PARTLY UNRESOLVED"
ABLATION_LIFECYCLE_PLUS_REGIME,WEEKLY,2025-05-16,GLOBAL_GOLD_MINERS,WEAKENING,,"{""GLOBAL_GOLD_MINERS"": 1.0}","{""GLOBAL_GOLD_MINERS"": 1.0}",1.0,3,MATURE,1.0,1.0,0.0,NO_TARGET_CHANGE,,"HISTORICAL UK RETAIL, ISA, ACCOUNT AND BROKER ELIGIBILITY REMAIN PARTLY UNRESOLVED"
ABLATION_LIFECYCLE_PLUS_REGIME,WEEKLY,2025-05-23,GLOBAL_GOLD_MINERS,WEAKENING,,"{""GLOBAL_GOLD_MINERS"": 1.0}","{""GLOBAL_GOLD_MINERS"": 1.0}",1.0,2,HOSTILE,1.0,1.0,0.0,NO_TARGET_CHANGE,,"HISTORICAL UK RETAIL, ISA, ACCOUNT AND BROKER ELIGIBILITY REMAIN PARTLY UNRESOLVED"
ABLATION_LIFECYCLE_PLUS_REGIME,WEEKLY,2025-05-30,GLOBAL_GOLD_MINERS,WEAKENING,GLOBAL_URANIUM_NUCLEAR,"{""GLOBAL_GOLD_MINERS"": 0.75, ""GLOBAL_URANIUM_NUCLEAR"": 0.25}","{""GLOBAL_GOLD_MINERS"": 0.75, ""GLOBAL_URANIUM_NUCLEAR"": 0.25}",1.0,2,HOSTILE,1.0,1.0,0.0,PLANNED,2025-06-02,"HISTORICAL UK RETAIL, ISA, ACCOUNT AND BROKER ELIGIBILITY REMAIN PARTLY UNRESOLVED"
ABLATION_LIFECYCLE_PLUS_REGIME,WEEKLY,2025-06-06,GLOBAL_GOLD_MINERS,WEAKENING,,"{""GLOBAL_GOLD_MINERS"": 1.0}","{""GLOBAL_GOLD_MINERS"": 1.0}",1.0,4,STRONG,1.0,1.0,0.0,PLANNED,2025-06-09,"HISTORICAL UK RETAIL, ISA, ACCOUNT AND BROKER ELIGIBILITY REMAIN PARTLY UNRESOLVED"
ABLATION_LIFECYCLE_PLUS_REGIME,WEEKLY,2025-06-13,GLOBAL_GOLD_MINERS,WEAKENING,GLOBAL_URANIUM_NUCLEAR,"{""GLOBAL_GOLD_MINERS"": 0.75, ""GLOBAL_URANIUM_NUCLEAR"": 0.25}","{""GLOBAL_GOLD_MINERS"": 0.75, ""GLOBAL_URANIUM_NUCLEAR"": 0.25}",1.0,3,MATURE,1.0,1.0,0.0,PLANNED,2025-06-16,"HISTORICAL UK RETAIL, ISA, ACCOUNT AND BROKER ELIGIBILITY REMAIN PARTLY UNRESOLVED"
ABLATION_LIFECYCLE_PLUS_REGIME,WEEKLY,2025-06-20,GLOBAL_GOLD_MINERS,ESTABLISHED,GLOBAL_URANIUM_NUCLEAR,"{""GLOBAL_GOLD_MINERS"": 0.5, ""GLOBAL_URANIUM_NUCLEAR"": 0.5}","{""GLOBAL_GOLD_MINERS"": 0.5, ""GLOBAL_URANIUM_NUCLEAR"": 0.5}",1.0,3,MATURE,1.0,1.0,0.0,PLANNED,2025-06-23,"HISTORICAL UK RETAIL, ISA, ACCOUNT AND BROKER ELIGIBILITY REMAIN PARTLY UNRESOLVED"
ABLATION_LIFECYCLE_PLUS_REGIME,WEEKLY,2025-06-27,GLOBAL_GOLD_MINERS,WEAKENING,GLOBAL_URANIUM_NUCLEAR,"{""GLOBAL_GOLD_MINERS"": 0.5, ""GLOBAL_URANIUM_NUCLEAR"": 0.5}","{""GLOBAL_GOLD_MINERS"": 0.5, ""GLOBAL_URANIUM_NUCLEAR"": 0.5}",1.0,2,DETERIORATING,1.0,1.0,0.0,NO_TARGET_CHANGE,,"HISTORICAL UK RETAIL, ISA, ACCOUNT AND BROKER ELIGIBILITY REMAIN PARTLY UNRESOLVED"
ABLATION_LIFECYCLE_PLUS_REGIME,WEEKLY,2025-06-30,EUROPE_BANKS,WEAKENING,,"{""EUROPE_BANKS"": 1.0}","{""EUROPE_BANKS"": 1.0}",1.0,2,DETERIORATING,1.0,1.0,0.0,PLANNED,2025-07-01,"HISTORICAL UK RETAIL, ISA, ACCOUNT AND BROKER ELIGIBILITY REMAIN PARTLY UNRESOLVED"
ABLATION_LIFECYCLE_PLUS_REGIME,WEEKLY,2025-07-04,EUROPE_BANKS,OTHER,,"{""EUROPE_BANKS"": 1.0}","{""EUROPE_BANKS"": 1.0}",1.0,2,DETERIORATING,1.0,1.0,0.0,NO_TARGET_CHANGE,,"HISTORICAL UK RETAIL, ISA, ACCOUNT AND BROKER ELIGIBILITY REMAIN PARTLY UNRESOLVED"
ABLATION_LIFECYCLE_PLUS_REGIME,WEEKLY,2025-07-11,EUROPE_BANKS,OTHER,,"{""EUROPE_BANKS"": 1.0}","{""EUROPE_BANKS"": 1.0}",1.0,1,DETERIORATING,1.0,1.0,0.0,NO_TARGET_CHANGE,,"HISTORICAL UK RETAIL, ISA, ACCOUNT AND BROKER ELIGIBILITY REMAIN PARTLY UNRESOLVED"
ABLATION_LIFECYCLE_PLUS_REGIME,WEEKLY,2025-07-18,EUROPE_BANKS,WEAKENING,,"{""EUROPE_BANKS"": 1.0}","{""EUROPE_BANKS"": 1.0}",1.0,5,STRONG,1.0,1.0,0.0,NO_TARGET_CHANGE,,"HISTORICAL UK RETAIL, ISA, ACCOUNT AND BROKER ELIGIBILITY REMAIN PARTLY UNRESOLVED"
ABLATION_LIFECYCLE_PLUS_REGIME,WEEKLY,2025-07-25,EUROPE_BANKS,OTHER,,"{""EUROPE_BANKS"": 1.0}","{""EUROPE_BANKS"": 1.0}",1.0,4,MATURE,1.0,1.0,0.0,NO_TARGET_CHANGE,,"HISTORICAL UK RETAIL, ISA, ACCOUNT AND BROKER ELIGIBILITY REMAIN PARTLY UNRESOLVED"
ABLATION_LIFECYCLE_PLUS_REGIME,WEEKLY,2025-07-31,EUROPE_BANKS,ESTABLISHED,,"{""EUROPE_BANKS"": 1.0}","{""EUROPE_BANKS"": 1.0}",1.0,4,MATURE,1.0,1.0,0.0,NO_TARGET_CHANGE,,"HISTORICAL UK RETAIL, ISA, ACCOUNT AND BROKER ELIGIBILITY REMAIN PARTLY UNRESOLVED"
ABLATION_LIFECYCLE_PLUS_REGIME,WEEKLY,2025-08-01,EUROPE_BANKS,CONFIRMING,,"{""EUROPE_BANKS"": 1.0}","{""EUROPE_BANKS"": 1.0}",1.0,3,DETERIORATING,1.0,1.0,0.0,NO_TARGET_CHANGE,,"HISTORICAL UK RETAIL, ISA, ACCOUNT AND BROKER ELIGIBILITY REMAIN PARTLY UNRESOLVED"
ABLATION_LIFECYCLE_PLUS_REGIME,WEEKLY,2025-08-08,EUROPE_BANKS,ESTABLISHED,,"{""EUROPE_BANKS"": 1.0}","{""EUROPE_BANKS"": 1.0}",1.0,3,DETERIORATING,1.0,1.0,0.0,NO_TARGET_CHANGE,,"HISTORICAL UK RETAIL, ISA, ACCOUNT AND BROKER ELIGIBILITY REMAIN PARTLY UNRESOLVED"
ABLATION_LIFECYCLE_PLUS_REGIME,WEEKLY,2025-08-15,EUROPE_BANKS,ESTABLISHED,,"{""EUROPE_BANKS"": 1.0}","{""EUROPE_BANKS"": 1.0}",1.0,4,MATURE,1.0,1.0,0.0,NO_TARGET_CHANGE,,"HISTORICAL UK RETAIL, ISA, ACCOUNT AND BROKER ELIGIBILITY REMAIN PARTLY UNRESOLVED"
ABLATION_LIFECYCLE_PLUS_REGIME,WEEKLY,2025-08-22,EUROPE_BANKS,CONFIRMING,,"{""EUROPE_BANKS"": 1.0}","{""EUROPE_BANKS"": 1.0}",1.0,4,MATURE,1.0,1.0,0.0,NO_TARGET_CHANGE,,"HISTORICAL UK RETAIL, ISA, ACCOUNT AND BROKER ELIGIBILITY REMAIN PARTLY UNRESOLVED"
ABLATION_LIFECYCLE_PLUS_REGIME,WEEKLY,2025-08-29,GLOBAL_SILVER_MINERS,ESTABLISHED,,"{""GLOBAL_SILVER_MINERS"": 1.0}","{""GLOBAL_SILVER_MINERS"": 1.0}",1.0,2,DETERIORATING,1.0,1.0,0.0,PLANNED,2025-09-01,"HISTORICAL UK RETAIL, ISA, ACCOUNT AND BROKER ELIGIBILITY REMAIN PARTLY UNRESOLVED"
ABLATION_LIFECYCLE_PLUS_REGIME,WEEKLY,2025-09-05,GLOBAL_SILVER_MINERS,ESTABLISHED,,"{""GLOBAL_SILVER_MINERS"": 1.0}","{""GLOBAL_SILVER_MINERS"": 1.0}",1.0,3,DETERIORATING,1.0,1.0,0.0,NO_TARGET_CHANGE,,"HISTORICAL UK RETAIL, ISA, ACCOUNT AND BROKER ELIGIBILITY REMAIN PARTLY UNRESOLVED"
ABLATION_LIFECYCLE_PLUS_REGIME,WEEKLY,2025-09-12,GLOBAL_SILVER_MINERS,CONFIRMING,,"{""GLOBAL_SILVER_MINERS"": 1.0}","{""GLOBAL_SILVER_MINERS"": 1.0}",1.0,2,DETERIORATING,1.0,1.0,0.0,NO_TARGET_CHANGE,,"HISTORICAL UK RETAIL, ISA, ACCOUNT AND BROKER ELIGIBILITY REMAIN PARTLY UNRESOLVED"
ABLATION_LIFECYCLE_PLUS_REGIME,WEEKLY,2025-09-19,GLOBAL_SILVER_MINERS,EXTENDED,,"{""GLOBAL_SILVER_MINERS"": 1.0}","{""GLOBAL_SILVER_MINERS"": 1.0}",1.0,3,MATURE,1.0,1.0,0.0,NO_TARGET_CHANGE,,"HISTORICAL UK RETAIL, ISA, ACCOUNT AND BROKER ELIGIBILITY REMAIN PARTLY UNRESOLVED"
ABLATION_LIFECYCLE_PLUS_REGIME,WEEKLY,2025-09-26,GLOBAL_SILVER_MINERS,EXTENDED,,"{""GLOBAL_SILVER_MINERS"": 1.0}","{""GLOBAL_SILVER_MINERS"": 1.0}",1.0,3,MATURE,1.0,1.0,0.0,NO_TARGET_CHANGE,,"HISTORICAL UK RETAIL, ISA, ACCOUNT AND BROKER ELIGIBILITY REMAIN PARTLY UNRESOLVED"
ABLATION_LIFECYCLE_PLUS_REGIME,WEEKLY,2025-09-30,GLOBAL_SILVER_MINERS,EXTENDED,,"{""GLOBAL_SILVER_MINERS"": 1.0}","{""GLOBAL_SILVER_MINERS"": 1.0}",1.0,3,MATURE,1.0,1.0,0.0,NO_TARGET_CHANGE,,"HISTORICAL UK RETAIL, ISA, ACCOUNT AND BROKER ELIGIBILITY REMAIN PARTLY UNRESOLVED"
ABLATION_LIFECYCLE_PLUS_REGIME,WEEKLY,2025-10-03,GLOBAL_SILVER_MINERS,OTHER,,"{""GLOBAL_SILVER_MINERS"": 1.0}","{""GLOBAL_SILVER_MINERS"": 1.0}",1.0,3,MATURE,1.0,1.0,0.0,NO_TARGET_CHANGE,,"HISTORICAL UK RETAIL, ISA, ACCOUNT AND BROKER ELIGIBILITY REMAIN PARTLY UNRESOLVED"
ABLATION_LIFECYCLE_PLUS_REGIME,WEEKLY,2025-10-10,GLOBAL_SILVER_MINERS,EXTENDED,,"{""GLOBAL_SILVER_MINERS"": 1.0}","{""GLOBAL_SILVER_MINERS"": 1.0}",1.0,4,STRONG,1.0,1.0,0.0,NO_TARGET_CHANGE,,"HISTORICAL UK RETAIL, ISA, ACCOUNT AND BROKER ELIGIBILITY REMAIN PARTLY UNRESOLVED"
ABLATION_LIFECYCLE_PLUS_REGIME,WEEKLY,2025-10-17,GLOBAL_SILVER_MINERS,EXTENDED,,"{""GLOBAL_SILVER_MINERS"": 1.0}","{""GLOBAL_SILVER_MINERS"": 1.0}",1.0,4,STRONG,1.0,1.0,0.0,NO_TARGET_CHANGE,,"HISTORICAL UK RETAIL, ISA, ACCOUNT AND BROKER ELIGIBILITY REMAIN PARTLY UNRESOLVED"
ABLATION_LIFECYCLE_PLUS_REGIME,WEEKLY,2025-10-24,GLOBAL_SILVER_MINERS,WEAKENING,,"{""GLOBAL_SILVER_MINERS"": 1.0}","{""GLOBAL_SILVER_MINERS"": 1.0}",1.0,3,MATURE,1.0,1.0,0.0,NO_TARGET_CHANGE,,"HISTORICAL UK RETAIL, ISA, ACCOUNT AND BROKER ELIGIBILITY REMAIN PARTLY UNRESOLVED"
ABLATION_LIFECYCLE_PLUS_REGIME,WEEKLY,2025-10-31,GLOBAL_SILVER_MINERS,WEAKENING,,"{""GLOBAL_SILVER_MINERS"": 1.0}","{""GLOBAL_SILVER_MINERS"": 1.0}",1.0,4,STRONG,1.0,1.0,0.0,NO_TARGET_CHANGE,,"HISTORICAL UK RETAIL, ISA, ACCOUNT AND BROKER ELIGIBILITY REMAIN PARTLY UNRESOLVED"
ABLATION_LIFECYCLE_PLUS_REGIME,WEEKLY,2025-11-07,GLOBAL_SILVER_MINERS,WEAKENING,,"{""GLOBAL_SILVER_MINERS"": 1.0}","{""GLOBAL_SILVER_MINERS"": 1.0}",1.0,2,DETERIORATING,1.0,1.0,0.0,NO_TARGET_CHANGE,,"HISTORICAL UK RETAIL, ISA, ACCOUNT AND BROKER ELIGIBILITY REMAIN PARTLY UNRESOLVED"
ABLATION_LIFECYCLE_PLUS_REGIME,WEEKLY,2025-11-14,GLOBAL_SILVER_MINERS,WEAKENING,,"{""GLOBAL_SILVER_MINERS"": 1.0}","{""GLOBAL_SILVER_MINERS"": 1.0}",1.0,4,STRONG,1.0,1.0,0.0,NO_TARGET_CHANGE,,"HISTORICAL UK RETAIL, ISA, ACCOUNT AND BROKER ELIGIBILITY REMAIN PARTLY UNRESOLVED"
ABLATION_LIFECYCLE_PLUS_REGIME,WEEKLY,2025-11-21,GLOBAL_SILVER_MINERS,WEAKENING,,"{""GLOBAL_SILVER_MINERS"": 1.0}","{""GLOBAL_SILVER_MINERS"": 1.0}",1.0,3,MATURE,1.0,1.0,0.0,NO_TARGET_CHANGE,,"HISTORICAL UK RETAIL, ISA, ACCOUNT AND BROKER ELIGIBILITY REMAIN PARTLY UNRESOLVED"
ABLATION_LIFECYCLE_PLUS_REGIME,WEEKLY,2025-11-28,GLOBAL_SILVER_MINERS,WEAKENING,,"{""GLOBAL_SILVER_MINERS"": 1.0}","{""GLOBAL_SILVER_MINERS"": 1.0}",1.0,4,STRONG,1.0,1.0,0.0,NO_TARGET_CHANGE,,"HISTORICAL UK RETAIL, ISA, ACCOUNT AND BROKER ELIGIBILITY REMAIN PARTLY UNRESOLVED"
ABLATION_LIFECYCLE_PLUS_REGIME,WEEKLY,2025-12-05,GLOBAL_SILVER_MINERS,ESTABLISHED,,"{""GLOBAL_SILVER_MINERS"": 1.0}","{""GLOBAL_SILVER_MINERS"": 1.0}",1.0,4,STRONG,1.0,1.0,0.0,NO_TARGET_CHANGE,,"HISTORICAL UK RETAIL, ISA, ACCOUNT AND BROKER ELIGIBILITY REMAIN PARTLY UNRESOLVED"
ABLATION_LIFECYCLE_PLUS_REGIME,WEEKLY,2025-12-12,GLOBAL_SILVER_MINERS,ESTABLISHED,,"{""GLOBAL_SILVER_MINERS"": 1.0}","{""GLOBAL_SILVER_MINERS"": 1.0}",1.0,4,STRONG,1.0,1.0,0.0,NO_TARGET_CHANGE,,"HISTORICAL UK RETAIL, ISA, ACCOUNT AND BROKER ELIGIBILITY REMAIN PARTLY UNRESOLVED"
ABLATION_LIFECYCLE_PLUS_REGIME,WEEKLY,2025-12-19,GLOBAL_SILVER_MINERS,ESTABLISHED,,"{""GLOBAL_SILVER_MINERS"": 1.0}","{""GLOBAL_SILVER_MINERS"": 1.0}",1.0,4,STRONG,1.0,1.0,0.0,NO_TARGET_CHANGE,,"HISTORICAL UK RETAIL, ISA, ACCOUNT AND BROKER ELIGIBILITY REMAIN PARTLY UNRESOLVED"
ABLATION_LIFECYCLE_PLUS_REGIME,WEEKLY,2025-12-24,GLOBAL_SILVER_MINERS,ESTABLISHED,,"{""GLOBAL_SILVER_MINERS"": 1.0}","{""GLOBAL_SILVER_MINERS"": 1.0}",1.0,4,STRONG,1.0,1.0,0.0,NO_TARGET_CHANGE,,"HISTORICAL UK RETAIL, ISA, ACCOUNT AND BROKER ELIGIBILITY REMAIN PARTLY UNRESOLVED"
ABLATION_LIFECYCLE_PLUS_REGIME,WEEKLY,2025-12-31,GLOBAL_SILVER_MINERS,ESTABLISHED,,"{""GLOBAL_SILVER_MINERS"": 1.0}","{""GLOBAL_SILVER_MINERS"": 1.0}",1.0,4,STRONG,1.0,1.0,0.0,NO_TARGET_CHANGE,,"HISTORICAL UK RETAIL, ISA, ACCOUNT AND BROKER ELIGIBILITY REMAIN PARTLY UNRESOLVED"
ABLATION_LIFECYCLE_PLUS_REGIME,WEEKLY,2026-01-02,GLOBAL_SILVER_MINERS,ESTABLISHED,,"{""GLOBAL_SILVER_MINERS"": 1.0}","{""GLOBAL_SILVER_MINERS"": 1.0}",1.0,3,MATURE,1.0,1.0,0.0,NO_TARGET_CHANGE,,"HISTORICAL UK RETAIL, ISA, ACCOUNT AND BROKER ELIGIBILITY REMAIN PARTLY UNRESOLVED"
ABLATION_LIFECYCLE_PLUS_REGIME,WEEKLY,2026-01-09,GLOBAL_SILVER_MINERS,ESTABLISHED,,"{""GLOBAL_SILVER_MINERS"": 1.0}","{""GLOBAL_SILVER_MINERS"": 1.0}",1.0,3,MATURE,1.0,1.0,0.0,NO_TARGET_CHANGE,,"HISTORICAL UK RETAIL, ISA, ACCOUNT AND BROKER ELIGIBILITY REMAIN PARTLY UNRESOLVED"
ABLATION_LIFECYCLE_PLUS_REGIME,WEEKLY,2026-01-16,GLOBAL_SILVER_MINERS,ESTABLISHED,,"{""GLOBAL_SILVER_MINERS"": 1.0}","{""GLOBAL_SILVER_MINERS"": 1.0}",1.0,3,MATURE,1.0,1.0,0.0,NO_TARGET_CHANGE,,"HISTORICAL UK RETAIL, ISA, ACCOUNT AND BROKER ELIGIBILITY REMAIN PARTLY UNRESOLVED"
ABLATION_LIFECYCLE_PLUS_REGIME,WEEKLY,2026-01-23,GLOBAL_SILVER_MINERS,EXTENDED,,"{""GLOBAL_SILVER_MINERS"": 1.0}","{""GLOBAL_SILVER_MINERS"": 1.0}",1.0,4,STRONG,1.0,1.0,0.0,NO_TARGET_CHANGE,,"HISTORICAL UK RETAIL, ISA, ACCOUNT AND BROKER ELIGIBILITY REMAIN PARTLY UNRESOLVED"
ABLATION_LIFECYCLE_PLUS_REGIME,WEEKLY,2026-01-30,GLOBAL_SILVER_MINERS,EXTENDED,,"{""GLOBAL_SILVER_MINERS"": 1.0}","{""GLOBAL_SILVER_MINERS"": 1.0}",1.0,3,MATURE,1.0,1.0,0.0,NO_TARGET_CHANGE,,"HISTORICAL UK RETAIL, ISA, ACCOUNT AND BROKER ELIGIBILITY REMAIN PARTLY UNRESOLVED"
ABLATION_LIFECYCLE_PLUS_REGIME,WEEKLY,2026-02-06,GLOBAL_SILVER_MINERS,EXTENDED,,"{""GLOBAL_SILVER_MINERS"": 1.0}","{""GLOBAL_SILVER_MINERS"": 1.0}",1.0,3,MATURE,1.0,1.0,0.0,NO_TARGET_CHANGE,,"HISTORICAL UK RETAIL, ISA, ACCOUNT AND BROKER ELIGIBILITY REMAIN PARTLY UNRESOLVED"
ABLATION_LIFECYCLE_PLUS_REGIME,WEEKLY,2026-02-13,GLOBAL_SILVER_MINERS,EXTENDED,,"{""GLOBAL_SILVER_MINERS"": 1.0}","{""GLOBAL_SILVER_MINERS"": 1.0}",1.0,3,MATURE,1.0,1.0,0.0,NO_TARGET_CHANGE,,"HISTORICAL UK RETAIL, ISA, ACCOUNT AND BROKER ELIGIBILITY REMAIN PARTLY UNRESOLVED"
ABLATION_LIFECYCLE_PLUS_REGIME,WEEKLY,2026-02-20,GLOBAL_SILVER_MINERS,WEAKENING,,"{""GLOBAL_SILVER_MINERS"": 1.0}","{""GLOBAL_SILVER_MINERS"": 1.0}",1.0,3,MATURE,1.0,1.0,0.0,NO_TARGET_CHANGE,,"HISTORICAL UK RETAIL, ISA, ACCOUNT AND BROKER ELIGIBILITY REMAIN PARTLY UNRESOLVED"
ABLATION_LIFECYCLE_PLUS_REGIME,WEEKLY,2026-02-27,GLOBAL_SILVER_MINERS,EXTENDED,,"{""GLOBAL_SILVER_MINERS"": 1.0}","{""GLOBAL_SILVER_MINERS"": 1.0}",1.0,3,MATURE,1.0,1.0,0.0,NO_TARGET_CHANGE,,"HISTORICAL UK RETAIL, ISA, ACCOUNT AND BROKER ELIGIBILITY REMAIN PARTLY UNRESOLVED"
ABLATION_LIFECYCLE_PLUS_REGIME,WEEKLY,2026-03-06,GLOBAL_SILVER_MINERS,EXTENDED,,"{""GLOBAL_SILVER_MINERS"": 1.0}","{""GLOBAL_SILVER_MINERS"": 1.0}",1.0,4,STRONG,1.0,1.0,0.0,NO_TARGET_CHANGE,,"HISTORICAL UK RETAIL, ISA, ACCOUNT AND BROKER ELIGIBILITY REMAIN PARTLY UNRESOLVED"
ABLATION_LIFECYCLE_PLUS_REGIME,WEEKLY,2026-03-13,GLOBAL_SILVER_MINERS,WEAKENING,,"{""GLOBAL_SILVER_MINERS"": 1.0}","{""GLOBAL_SILVER_MINERS"": 1.0}",1.0,4,STRONG,1.0,1.0,0.0,NO_TARGET_CHANGE,,"HISTORICAL UK RETAIL, ISA, ACCOUNT AND BROKER ELIGIBILITY REMAIN PARTLY UNRESOLVED"
ABLATION_LIFECYCLE_PLUS_REGIME,WEEKLY,2026-03-20,GLOBAL_SILVER_MINERS,FAILED,,"{""GLOBAL_SILVER_MINERS"": 1.0}","{""GLOBAL_SILVER_MINERS"": 1.0}",1.0,4,STRONG,1.0,1.0,0.0,NO_TARGET_CHANGE,,"HISTORICAL UK RETAIL, ISA, ACCOUNT AND BROKER ELIGIBILITY REMAIN PARTLY UNRESOLVED"
ABLATION_LIFECYCLE_PLUS_REGIME,WEEKLY,2026-03-27,GLOBAL_SILVER_MINERS,FAILED,,"{""GLOBAL_SILVER_MINERS"": 1.0}","{""GLOBAL_SILVER_MINERS"": 1.0}",1.0,3,MATURE,1.0,1.0,0.0,NO_TARGET_CHANGE,,"HISTORICAL UK RETAIL, ISA, ACCOUNT AND BROKER ELIGIBILITY REMAIN PARTLY UNRESOLVED"
ABLATION_LIFECYCLE_PLUS_REGIME,WEEKLY,2026-03-31,GLOBAL_OIL_GAS,EXTENDED,,"{""GLOBAL_OIL_GAS"": 1.0}","{""GLOBAL_OIL_GAS"": 1.0}",1.0,3,MATURE,1.0,1.0,0.0,PLANNED,2026-04-01,"HISTORICAL UK RETAIL, ISA, ACCOUNT AND BROKER ELIGIBILITY REMAIN PARTLY UNRESOLVED"
ABLATION_LIFECYCLE_PLUS_REGIME,WEEKLY,2026-04-02,GLOBAL_OIL_GAS,CONFIRMING,,"{""GLOBAL_OIL_GAS"": 1.0}","{""GLOBAL_OIL_GAS"": 1.0}",1.0,4,STRONG,1.0,1.0,0.0,NO_TARGET_CHANGE,,"HISTORICAL UK RETAIL, ISA, ACCOUNT AND BROKER ELIGIBILITY REMAIN PARTLY UNRESOLVED"
ABLATION_LIFECYCLE_PLUS_REGIME,WEEKLY,2026-04-10,GLOBAL_OIL_GAS,CONFIRMING,,"{""GLOBAL_OIL_GAS"": 1.0}","{""GLOBAL_OIL_GAS"": 1.0}",1.0,4,STRONG,1.0,1.0,0.0,NO_TARGET_CHANGE,,"HISTORICAL UK RETAIL, ISA, ACCOUNT AND BROKER ELIGIBILITY REMAIN PARTLY UNRESOLVED"
ABLATION_LIFECYCLE_PLUS_REGIME,WEEKLY,2026-04-17,GLOBAL_OIL_GAS,OTHER,,"{""GLOBAL_OIL_GAS"": 1.0}","{""GLOBAL_OIL_GAS"": 1.0}",1.0,3,MATURE,1.0,1.0,0.0,NO_TARGET_CHANGE,,"HISTORICAL UK RETAIL, ISA, ACCOUNT AND BROKER ELIGIBILITY REMAIN PARTLY UNRESOLVED"
ABLATION_LIFECYCLE_PLUS_REGIME,WEEKLY,2026-04-24,GLOBAL_OIL_GAS,WEAKENING,,"{""GLOBAL_OIL_GAS"": 1.0}","{""GLOBAL_OIL_GAS"": 1.0}",1.0,4,STRONG,1.0,1.0,0.0,NO_TARGET_CHANGE,,"HISTORICAL UK RETAIL, ISA, ACCOUNT AND BROKER ELIGIBILITY REMAIN PARTLY UNRESOLVED"
ABLATION_LIFECYCLE_PLUS_REGIME,WEEKLY,2026-04-30,GLOBAL_SEMICONDUCTORS,EXTENDED,,"{""GLOBAL_SEMICONDUCTORS"": 1.0}","{""GLOBAL_SEMICONDUCTORS"": 1.0}",1.0,4,STRONG,1.0,1.0,0.0,PLANNED,2026-05-01,"HISTORICAL UK RETAIL, ISA, ACCOUNT AND BROKER ELIGIBILITY REMAIN PARTLY UNRESOLVED"
ABLATION_LIFECYCLE_PLUS_REGIME,WEEKLY,2026-05-01,GLOBAL_SEMICONDUCTORS,EXTENDED,,"{""GLOBAL_SEMICONDUCTORS"": 1.0}","{""GLOBAL_SEMICONDUCTORS"": 1.0}",1.0,5,STRONG,1.0,1.0,0.0,NO_TARGET_CHANGE,,"HISTORICAL UK RETAIL, ISA, ACCOUNT AND BROKER ELIGIBILITY REMAIN PARTLY UNRESOLVED"
ABLATION_LIFECYCLE_PLUS_REGIME,WEEKLY,2026-05-08,GLOBAL_SEMICONDUCTORS,EXTENDED,,"{""GLOBAL_SEMICONDUCTORS"": 1.0}","{""GLOBAL_SEMICONDUCTORS"": 1.0}",1.0,5,STRONG,1.0,1.0,0.0,NO_TARGET_CHANGE,,"HISTORICAL UK RETAIL, ISA, ACCOUNT AND BROKER ELIGIBILITY REMAIN PARTLY UNRESOLVED"
ABLATION_LIFECYCLE_PLUS_REGIME,WEEKLY,2026-05-15,GLOBAL_SEMICONDUCTORS,EXTENDED,,"{""GLOBAL_SEMICONDUCTORS"": 1.0}","{""GLOBAL_SEMICONDUCTORS"": 1.0}",1.0,4,MATURE,1.0,1.0,0.0,NO_TARGET_CHANGE,,"HISTORICAL UK RETAIL, ISA, ACCOUNT AND BROKER ELIGIBILITY REMAIN PARTLY UNRESOLVED"
ABLATION_LIFECYCLE_PLUS_REGIME,WEEKLY,2026-05-22,GLOBAL_SEMICONDUCTORS,EXTENDED,,"{""GLOBAL_SEMICONDUCTORS"": 1.0}","{""GLOBAL_SEMICONDUCTORS"": 1.0}",1.0,3,DETERIORATING,1.0,1.0,0.0,NO_TARGET_CHANGE,,"HISTORICAL UK RETAIL, ISA, ACCOUNT AND BROKER ELIGIBILITY REMAIN PARTLY UNRESOLVED"
ABLATION_LIFECYCLE_PLUS_REGIME,WEEKLY,2026-05-29,GLOBAL_SEMICONDUCTORS,EXTENDED,,"{""GLOBAL_SEMICONDUCTORS"": 1.0}","{""GLOBAL_SEMICONDUCTORS"": 1.0}",1.0,4,MATURE,1.0,1.0,0.0,NO_TARGET_CHANGE,,"HISTORICAL UK RETAIL, ISA, ACCOUNT AND BROKER ELIGIBILITY REMAIN PARTLY UNRESOLVED"
ABLATION_LIFECYCLE_PLUS_REGIME,WEEKLY,2026-06-05,GLOBAL_SEMICONDUCTORS,EXTENDED,,"{""GLOBAL_SEMICONDUCTORS"": 1.0}","{""GLOBAL_SEMICONDUCTORS"": 1.0}",1.0,3,DETERIORATING,1.0,1.0,0.0,NO_TARGET_CHANGE,,"HISTORICAL UK RETAIL, ISA, ACCOUNT AND BROKER ELIGIBILITY REMAIN PARTLY UNRESOLVED"
ABLATION_LIFECYCLE_PLUS_REGIME,WEEKLY,2026-06-12,GLOBAL_SEMICONDUCTORS,EXTENDED,,"{""GLOBAL_SEMICONDUCTORS"": 1.0}","{""GLOBAL_SEMICONDUCTORS"": 1.0}",1.0,4,MATURE,1.0,1.0,0.0,NO_TARGET_CHANGE,,"HISTORICAL UK RETAIL, ISA, ACCOUNT AND BROKER ELIGIBILITY REMAIN PARTLY UNRESOLVED"
ABLATION_LIFECYCLE_PLUS_REGIME,WEEKLY,2026-06-19,GLOBAL_SEMICONDUCTORS,EXTENDED,,"{""GLOBAL_SEMICONDUCTORS"": 1.0}","{""GLOBAL_SEMICONDUCTORS"": 1.0}",1.0,3,DETERIORATING,1.0,1.0,0.0,NO_TARGET_CHANGE,,"HISTORICAL UK RETAIL, ISA, ACCOUNT AND BROKER ELIGIBILITY REMAIN PARTLY UNRESOLVED"
ABLATION_LIFECYCLE_PLUS_REGIME,WEEKLY,2026-06-26,GLOBAL_SEMICONDUCTORS,EXTENDED,,"{""GLOBAL_SEMICONDUCTORS"": 1.0}","{""GLOBAL_SEMICONDUCTORS"": 1.0}",1.0,3,DETERIORATING,1.0,1.0,0.0,NO_TARGET_CHANGE,,"HISTORICAL UK RETAIL, ISA, ACCOUNT AND BROKER ELIGIBILITY REMAIN PARTLY UNRESOLVED"
ABLATION_LIFECYCLE_PLUS_REGIME,WEEKLY,2026-06-30,GLOBAL_SEMICONDUCTORS,EXTENDED,,"{""GLOBAL_SEMICONDUCTORS"": 1.0}","{""GLOBAL_SEMICONDUCTORS"": 1.0}",1.0,3,DETERIORATING,1.0,1.0,0.0,NO_TARGET_CHANGE,,"HISTORICAL UK RETAIL, ISA, ACCOUNT AND BROKER ELIGIBILITY REMAIN PARTLY UNRESOLVED"
ABLATION_LIFECYCLE_PLUS_REGIME,WEEKLY,2026-07-03,GLOBAL_SEMICONDUCTORS,EXTENDED,,"{""GLOBAL_SEMICONDUCTORS"": 1.0}","{""GLOBAL_SEMICONDUCTORS"": 1.0}",1.0,3,DETERIORATING,1.0,1.0,0.0,NO_TARGET_CHANGE,,"HISTORICAL UK RETAIL, ISA, ACCOUNT AND BROKER ELIGIBILITY REMAIN PARTLY UNRESOLVED"
ABLATION_LIFECYCLE_PLUS_REGIME,WEEKLY,2026-07-10,GLOBAL_SEMICONDUCTORS,EXTENDED,,"{""GLOBAL_SEMICONDUCTORS"": 1.0}","{""GLOBAL_SEMICONDUCTORS"": 1.0}",1.0,3,MATURE,1.0,1.0,0.0,NO_TARGET_CHANGE,,"HISTORICAL UK RETAIL, ISA, ACCOUNT AND BROKER ELIGIBILITY REMAIN PARTLY UNRESOLVED"
ABLATION_LIFECYCLE_PLUS_REGIME,WEEKLY,2026-07-17,GLOBAL_SEMICONDUCTORS,WEAKENING,,"{""GLOBAL_SEMICONDUCTORS"": 1.0}","{""GLOBAL_SEMICONDUCTORS"": 1.0}",1.0,2,DETERIORATING,1.0,1.0,0.0,NO_TARGET_CHANGE,,"HISTORICAL UK RETAIL, ISA, ACCOUNT AND BROKER ELIGIBILITY REMAIN PARTLY UNRESOLVED"
ABLATION_LIFECYCLE_PLUS_REGIME,WEEKLY,2026-07-24,GLOBAL_SEMICONDUCTORS,WEAKENING,,"{""GLOBAL_SEMICONDUCTORS"": 1.0}","{""GLOBAL_SEMICONDUCTORS"": 1.0}",1.0,3,MATURE,1.0,1.0,0.0,NO_TARGET_CHANGE,,"HISTORICAL UK RETAIL, ISA, ACCOUNT AND BROKER ELIGIBILITY REMAIN PARTLY UNRESOLVED"
ABLATION_LIFECYCLE_PLUS_REGIME,WEEKLY,2026-07-31,GLOBAL_SEMICONDUCTORS,WEAKENING,,"{""GLOBAL_SEMICONDUCTORS"": 1.0}","{""GLOBAL_SEMICONDUCTORS"": 1.0}",1.0,5,STRONG,1.0,1.0,0.0,NO_TARGET_CHANGE,,"HISTORICAL UK RETAIL, ISA, ACCOUNT AND BROKER ELIGIBILITY REMAIN PARTLY UNRESOLVED"
ABLATION_LIFECYCLE_PLUS_REGIME,WEEKLY,2026-08-07,GLOBAL_SEMICONDUCTORS,FAILED,,"{""GLOBAL_SEMICONDUCTORS"": 1.0}","{""GLOBAL_SEMICONDUCTORS"": 1.0}",1.0,3,DETERIORATING,1.0,1.0,0.0,NO_TARGET_CHANGE,,"HISTORICAL UK RETAIL, ISA, ACCOUNT AND BROKER ELIGIBILITY REMAIN PARTLY UNRESOLVED"
ABLATION_LIFECYCLE_PLUS_REGIME,WEEKLY,2026-08-14,GLOBAL_SEMICONDUCTORS,WEAKENING,,"{""GLOBAL_SEMICONDUCTORS"": 1.0}","{""GLOBAL_SEMICONDUCTORS"": 1.0}",1.0,3,DETERIORATING,1.0,1.0,0.0,NO_TARGET_CHANGE,,"HISTORICAL UK RETAIL, ISA, ACCOUNT AND BROKER ELIGIBILITY REMAIN PARTLY UNRESOLVED"
ABLATION_LIFECYCLE_PLUS_REGIME,WEEKLY,2026-08-21,GLOBAL_GENOMICS,EXTENDED,,"{""GLOBAL_GENOMICS"": 1.0}","{""GLOBAL_GENOMICS"": 1.0}",1.0,3,DETERIORATING,1.0,1.0,0.0,CANCELLED_PANEL_END_NO_EXECUTION_SESSION,,"HISTORICAL UK RETAIL, ISA, ACCOUNT AND BROKER ELIGIBILITY REMAIN PARTLY UNRESOLVED"
FULL_CONTROLLED_COMBINATION,WEEKLY,2021-08-31,GLOBAL_CYBERSECURITY,ESTABLISHED,,"{""GLOBAL_CYBERSECURITY"": 1.0}","{""GLOBAL_CYBERSECURITY"": 1.0}",1.0,3,MATURE,1.0,1.0,0.0,PLANNED,2021-09-01,"HISTORICAL UK RETAIL, ISA, ACCOUNT AND BROKER ELIGIBILITY REMAIN PARTLY UNRESOLVED"
FULL_CONTROLLED_COMBINATION,WEEKLY,2021-09-03,GLOBAL_CYBERSECURITY,EXTENDED,,"{""GLOBAL_CYBERSECURITY"": 1.0}","{""GLOBAL_CYBERSECURITY"": 1.0}",1.0,3,MATURE,1.0,1.0,0.0,NO_TARGET_CHANGE,,"HISTORICAL UK RETAIL, ISA, ACCOUNT AND BROKER ELIGIBILITY REMAIN PARTLY UNRESOLVED"
FULL_CONTROLLED_COMBINATION,WEEKLY,2021-09-10,GLOBAL_CYBERSECURITY,ESTABLISHED,,"{""GLOBAL_CYBERSECURITY"": 1.0}","{""GLOBAL_CYBERSECURITY"": 1.0}",1.0,3,MATURE,1.0,1.0,0.0,NO_TARGET_CHANGE,,"HISTORICAL UK RETAIL, ISA, ACCOUNT AND BROKER ELIGIBILITY REMAIN PARTLY UNRESOLVED"
FULL_CONTROLLED_COMBINATION,WEEKLY,2021-09-17,GLOBAL_CYBERSECURITY,ESTABLISHED,,"{""GLOBAL_CYBERSECURITY"": 1.0}","{""GLOBAL_CYBERSECURITY"": 1.0}",1.0,3,MATURE,1.0,1.0,0.0,NO_TARGET_CHANGE,,"HISTORICAL UK RETAIL, ISA, ACCOUNT AND BROKER ELIGIBILITY REMAIN PARTLY UNRESOLVED"
FULL_CONTROLLED_COMBINATION,WEEKLY,2021-09-24,GLOBAL_CYBERSECURITY,WEAKENING,,"{""GLOBAL_CYBERSECURITY"": 1.0}","{""GLOBAL_CYBERSECURITY"": 1.0}",1.0,3,MATURE,1.0,1.0,0.0,NO_TARGET_CHANGE,,"HISTORICAL UK RETAIL, ISA, ACCOUNT AND BROKER ELIGIBILITY REMAIN PARTLY UNRESOLVED"
FULL_CONTROLLED_COMBINATION,WEEKLY,2021-09-30,GLOBAL_OIL_GAS,ESTABLISHED,,"{""GLOBAL_OIL_GAS"": 1.0}","{""GLOBAL_OIL_GAS"": 1.0}",1.0,3,MATURE,1.0,1.0,0.0,PLANNED,2021-10-01,"HISTORICAL UK RETAIL, ISA, ACCOUNT AND BROKER ELIGIBILITY REMAIN PARTLY UNRESOLVED"
FULL_CONTROLLED_COMBINATION,WEEKLY,2021-10-01,GLOBAL_OIL_GAS,ESTABLISHED,,"{""GLOBAL_OIL_GAS"": 1.0}","{""GLOBAL_OIL_GAS"": 1.0}",1.0,4,STRONG,1.0,1.0,0.0,NO_TARGET_CHANGE,,"HISTORICAL UK RETAIL, ISA, ACCOUNT AND BROKER ELIGIBILITY REMAIN PARTLY UNRESOLVED"
FULL_CONTROLLED_COMBINATION,WEEKLY,2021-10-08,GLOBAL_OIL_GAS,EXTENDED,,"{""GLOBAL_OIL_GAS"": 1.0}","{""GLOBAL_OIL_GAS"": 1.0}",1.0,4,STRONG,1.0,1.0,0.0,NO_TARGET_CHANGE,,"HISTORICAL UK RETAIL, ISA, ACCOUNT AND BROKER ELIGIBILITY REMAIN PARTLY UNRESOLVED"
FULL_CONTROLLED_COMBINATION,WEEKLY,2021-10-15,GLOBAL_OIL_GAS,EXTENDED,,"{""GLOBAL_OIL_GAS"": 1.0}","{""GLOBAL_OIL_GAS"": 1.0}",1.0,5,STRONG,1.0,1.0,0.0,NO_TARGET_CHANGE,,"HISTORICAL UK RETAIL, ISA, ACCOUNT AND BROKER ELIGIBILITY REMAIN PARTLY UNRESOLVED"
FULL_CONTROLLED_COMBINATION,WEEKLY,2021-10-22,GLOBAL_OIL_GAS,EXTENDED,,"{""GLOBAL_OIL_GAS"": 1.0}","{""GLOBAL_OIL_GAS"": 1.0}",1.0,3,DETERIORATING,1.0,1.0,0.0,NO_TARGET_CHANGE,,"HISTORICAL UK RETAIL, ISA, ACCOUNT AND BROKER ELIGIBILITY REMAIN PARTLY UNRESOLVED"
FULL_CONTROLLED_COMBINATION,WEEKLY,2021-10-29,GLOBAL_OIL_GAS,EXTENDED,,"{""GLOBAL_OIL_GAS"": 1.0}","{""GLOBAL_OIL_GAS"": 1.0}",1.0,3,DETERIORATING,1.0,1.0,0.0,NO_TARGET_CHANGE,,"HISTORICAL UK RETAIL, ISA, ACCOUNT AND BROKER ELIGIBILITY REMAIN PARTLY UNRESOLVED"
FULL_CONTROLLED_COMBINATION,WEEKLY,2021-11-05,GLOBAL_OIL_GAS,EXTENDED,,"{""GLOBAL_OIL_GAS"": 1.0}","{""GLOBAL_OIL_GAS"": 1.0}",1.0,2,DETERIORATING,1.0,1.0,0.0,NO_TARGET_CHANGE,,"HISTORICAL UK RETAIL, ISA, ACCOUNT AND BROKER ELIGIBILITY REMAIN PARTLY UNRESOLVED"
FULL_CONTROLLED_COMBINATION,WEEKLY,2021-11-12,GLOBAL_OIL_GAS,WEAKENING,,"{""GLOBAL_OIL_GAS"": 1.0}","{""GLOBAL_OIL_GAS"": 1.0}",1.0,3,DETERIORATING,1.0,1.0,0.0,NO_TARGET_CHANGE,,"HISTORICAL UK RETAIL, ISA, ACCOUNT AND BROKER ELIGIBILITY REMAIN PARTLY UNRESOLVED"
FULL_CONTROLLED_COMBINATION,WEEKLY,2021-11-19,GLOBAL_OIL_GAS,WEAKENING,,"{""GLOBAL_OIL_GAS"": 1.0}","{""GLOBAL_OIL_GAS"": 1.0}",1.0,2,DETERIORATING,1.0,1.0,0.0,NO_TARGET_CHANGE,,"HISTORICAL UK RETAIL, ISA, ACCOUNT AND BROKER ELIGIBILITY REMAIN PARTLY UNRESOLVED"
FULL_CONTROLLED_COMBINATION,WEEKLY,2021-11-26,GLOBAL_OIL_GAS,WEAKENING,,"{""GLOBAL_OIL_GAS"": 1.0}","{""GLOBAL_OIL_GAS"": 1.0}",1.0,2,DETERIORATING,1.0,1.0,0.0,NO_TARGET_CHANGE,,"HISTORICAL UK RETAIL, ISA, ACCOUNT AND BROKER ELIGIBILITY REMAIN PARTLY UNRESOLVED"
FULL_CONTROLLED_COMBINATION,WEEKLY,2021-11-30,GLOBAL_SEMICONDUCTORS,EXTENDED,,"{""GLOBAL_SEMICONDUCTORS"": 1.0}","{""GLOBAL_SEMICONDUCTORS"": 1.0}",1.0,2,DETERIORATING,1.0,1.0,0.0,PLANNED,2021-12-01,"HISTORICAL UK RETAIL, ISA, ACCOUNT AND BROKER ELIGIBILITY REMAIN PARTLY UNRESOLVED"
FULL_CONTROLLED_COMBINATION,WEEKLY,2021-12-03,GLOBAL_SEMICONDUCTORS,EXTENDED,,"{""GLOBAL_SEMICONDUCTORS"": 1.0}","{""GLOBAL_SEMICONDUCTORS"": 1.0}",1.0,3,DETERIORATING,1.0,1.0,0.0,NO_TARGET_CHANGE,,"HISTORICAL UK RETAIL, ISA, ACCOUNT AND BROKER ELIGIBILITY REMAIN PARTLY UNRESOLVED"
FULL_CONTROLLED_COMBINATION,WEEKLY,2021-12-10,GLOBAL_SEMICONDUCTORS,ESTABLISHED,,"{""GLOBAL_SEMICONDUCTORS"": 1.0}","{""GLOBAL_SEMICONDUCTORS"": 1.0}",1.0,2,DETERIORATING,1.0,1.0,0.0,NO_TARGET_CHANGE,,"HISTORICAL UK RETAIL, ISA, ACCOUNT AND BROKER ELIGIBILITY REMAIN PARTLY UNRESOLVED"
FULL_CONTROLLED_COMBINATION,WEEKLY,2021-12-17,GLOBAL_SEMICONDUCTORS,ESTABLISHED,,"{""GLOBAL_SEMICONDUCTORS"": 1.0}","{""GLOBAL_SEMICONDUCTORS"": 1.0}",1.0,3,POSITIVE,1.0,1.0,0.0,NO_TARGET_CHANGE,,"HISTORICAL UK RETAIL, ISA, ACCOUNT AND BROKER ELIGIBILITY REMAIN PARTLY UNRESOLVED"
FULL_CONTROLLED_COMBINATION,WEEKLY,2021-12-24,GLOBAL_SEMICONDUCTORS,EXTENDED,,"{""GLOBAL_SEMICONDUCTORS"": 1.0}","{""GLOBAL_SEMICONDUCTORS"": 1.0}",1.0,0,HOSTILE,1.0,1.0,0.0,NO_TARGET_CHANGE,,"HISTORICAL UK RETAIL, ISA, ACCOUNT AND BROKER ELIGIBILITY REMAIN PARTLY UNRESOLVED"
FULL_CONTROLLED_COMBINATION,WEEKLY,2021-12-31,GLOBAL_SEMICONDUCTORS,EXTENDED,,"{""GLOBAL_SEMICONDUCTORS"": 1.0}","{""GLOBAL_SEMICONDUCTORS"": 1.0}",1.0,2,POSITIVE,1.0,1.0,0.0,NO_TARGET_CHANGE,,"HISTORICAL UK RETAIL, ISA, ACCOUNT AND BROKER ELIGIBILITY REMAIN PARTLY UNRESOLVED"
FULL_CONTROLLED_COMBINATION,WEEKLY,2022-01-07,GLOBAL_SEMICONDUCTORS,OTHER,,"{""GLOBAL_SEMICONDUCTORS"": 1.0}","{""GLOBAL_SEMICONDUCTORS"": 1.0}",1.0,2,POSITIVE,1.0,1.0,0.0,NO_TARGET_CHANGE,,"HISTORICAL UK RETAIL, ISA, ACCOUNT AND BROKER ELIGIBILITY REMAIN PARTLY UNRESOLVED"
FULL_CONTROLLED_COMBINATION,WEEKLY,2022-01-14,GLOBAL_SEMICONDUCTORS,WEAKENING,,"{""GLOBAL_SEMICONDUCTORS"": 1.0}","{""GLOBAL_SEMICONDUCTORS"": 1.0}",1.0,4,STRONG,1.0,1.0,0.0,NO_TARGET_CHANGE,,"HISTORICAL UK RETAIL, ISA, ACCOUNT AND BROKER ELIGIBILITY REMAIN PARTLY UNRESOLVED"
FULL_CONTROLLED_COMBINATION,WEEKLY,2022-01-21,GLOBAL_SEMICONDUCTORS,WEAKENING,,"{""GLOBAL_SEMICONDUCTORS"": 1.0}","{""GLOBAL_SEMICONDUCTORS"": 1.0}",1.0,3,MATURE,1.0,1.0,0.0,NO_TARGET_CHANGE,,"HISTORICAL UK RETAIL, ISA, ACCOUNT AND BROKER ELIGIBILITY REMAIN PARTLY UNRESOLVED"
FULL_CONTROLLED_COMBINATION,WEEKLY,2022-01-28,GLOBAL_SEMICONDUCTORS,FAILED,,"{""GLOBAL_SEMICONDUCTORS"": 1.0}","{""GLOBAL_SEMICONDUCTORS"": 1.0}",1.0,2,HOSTILE,1.0,1.0,0.0,NO_TARGET_CHANGE,,"HISTORICAL UK RETAIL, ISA, ACCOUNT AND BROKER ELIGIBILITY REMAIN PARTLY UNRESOLVED"
FULL_CONTROLLED_COMBINATION,WEEKLY,2022-01-31,GLOBAL_OIL_GAS,EXTENDED,,"{""GLOBAL_OIL_GAS"": 1.0}","{""GLOBAL_OIL_GAS"": 1.0}",1.0,2,HOSTILE,1.0,1.0,0.0,PLANNED,2022-02-01,"HISTORICAL UK RETAIL, ISA, ACCOUNT AND BROKER ELIGIBILITY REMAIN PARTLY UNRESOLVED"
FULL_CONTROLLED_COMBINATION,WEEKLY,2022-02-04,GLOBAL_OIL_GAS,EXTENDED,,"{""GLOBAL_OIL_GAS"": 1.0}","{""GLOBAL_OIL_GAS"": 1.0}",1.0,4,STRONG,1.0,1.0,0.0,NO_TARGET_CHANGE,,"HISTORICAL UK RETAIL, ISA, ACCOUNT AND BROKER ELIGIBILITY REMAIN PARTLY UNRESOLVED"
FULL_CONTROLLED_COMBINATION,WEEKLY,2022-02-11,GLOBAL_OIL_GAS,EXTENDED,,"{""GLOBAL_OIL_GAS"": 1.0}","{""GLOBAL_OIL_GAS"": 1.0}",1.0,2,DETERIORATING,1.0,1.0,0.0,NO_TARGET_CHANGE,,"HISTORICAL UK RETAIL, ISA, ACCOUNT AND BROKER ELIGIBILITY REMAIN PARTLY UNRESOLVED"
FULL_CONTROLLED_COMBINATION,WEEKLY,2022-02-18,GLOBAL_OIL_GAS,EXTENDED,,"{""GLOBAL_OIL_GAS"": 1.0}","{""GLOBAL_OIL_GAS"": 1.0}",1.0,2,HOSTILE,1.0,1.0,0.0,NO_TARGET_CHANGE,,"HISTORICAL UK RETAIL, ISA, ACCOUNT AND BROKER ELIGIBILITY REMAIN PARTLY UNRESOLVED"
FULL_CONTROLLED_COMBINATION,WEEKLY,2022-02-25,GLOBAL_OIL_GAS,EXTENDED,,"{""GLOBAL_OIL_GAS"": 1.0}","{""GLOBAL_OIL_GAS"": 1.0}",1.0,2,HOSTILE,1.0,1.0,0.0,NO_TARGET_CHANGE,,"HISTORICAL UK RETAIL, ISA, ACCOUNT AND BROKER ELIGIBILITY REMAIN PARTLY UNRESOLVED"
FULL_CONTROLLED_COMBINATION,WEEKLY,2022-02-28,GLOBAL_OIL_GAS,EXTENDED,,"{""GLOBAL_OIL_GAS"": 1.0}","{""GLOBAL_OIL_GAS"": 1.0}",1.0,2,HOSTILE,1.0,1.0,0.0,NO_TARGET_CHANGE,,"HISTORICAL UK RETAIL, ISA, ACCOUNT AND BROKER ELIGIBILITY REMAIN PARTLY UNRESOLVED"
FULL_CONTROLLED_COMBINATION,WEEKLY,2022-03-04,GLOBAL_OIL_GAS,EXTENDED,,"{""GLOBAL_OIL_GAS"": 1.0}","{""GLOBAL_OIL_GAS"": 1.0}",1.0,1,HOSTILE,1.0,1.0,0.0,NO_TARGET_CHANGE,,"HISTORICAL UK RETAIL, ISA, ACCOUNT AND BROKER ELIGIBILITY REMAIN PARTLY UNRESOLVED"
FULL_CONTROLLED_COMBINATION,WEEKLY,2022-03-11,GLOBAL_OIL_GAS,EXTENDED,,"{""GLOBAL_OIL_GAS"": 1.0}","{""GLOBAL_OIL_GAS"": 1.0}",1.0,2,HOSTILE,1.0,1.0,0.0,NO_TARGET_CHANGE,,"HISTORICAL UK RETAIL, ISA, ACCOUNT AND BROKER ELIGIBILITY REMAIN PARTLY UNRESOLVED"
FULL_CONTROLLED_COMBINATION,WEEKLY,2022-03-18,GLOBAL_OIL_GAS,EXTENDED,,"{""GLOBAL_OIL_GAS"": 1.0}","{""GLOBAL_OIL_GAS"": 1.0}",1.0,3,MATURE,1.0,1.0,0.0,NO_TARGET_CHANGE,,"HISTORICAL UK RETAIL, ISA, ACCOUNT AND BROKER ELIGIBILITY REMAIN PARTLY UNRESOLVED"
FULL_CONTROLLED_COMBINATION,WEEKLY,2022-03-25,GLOBAL_OIL_GAS,EXTENDED,,"{""GLOBAL_OIL_GAS"": 1.0}","{""GLOBAL_OIL_GAS"": 1.0}",1.0,3,MATURE,1.0,1.0,0.0,NO_TARGET_CHANGE,,"HISTORICAL UK RETAIL, ISA, ACCOUNT AND BROKER ELIGIBILITY REMAIN PARTLY UNRESOLVED"
FULL_CONTROLLED_COMBINATION,WEEKLY,2022-03-31,GLOBAL_OIL_GAS,EXTENDED,,"{""GLOBAL_OIL_GAS"": 1.0}","{""GLOBAL_OIL_GAS"": 1.0}",1.0,3,MATURE,1.0,1.0,0.0,NO_TARGET_CHANGE,,"HISTORICAL UK RETAIL, ISA, ACCOUNT AND BROKER ELIGIBILITY REMAIN PARTLY UNRESOLVED"
FULL_CONTROLLED_COMBINATION,WEEKLY,2022-04-01,GLOBAL_OIL_GAS,EXTENDED,,"{""GLOBAL_OIL_GAS"": 1.0}","{""GLOBAL_OIL_GAS"": 1.0}",1.0,2,DETERIORATING,1.0,1.0,0.0,NO_TARGET_CHANGE,,"HISTORICAL UK RETAIL, ISA, ACCOUNT AND BROKER ELIGIBILITY REMAIN PARTLY UNRESOLVED"
FULL_CONTROLLED_COMBINATION,WEEKLY,2022-04-08,GLOBAL_OIL_GAS,EXTENDED,,"{""GLOBAL_OIL_GAS"": 1.0}","{""GLOBAL_OIL_GAS"": 1.0}",1.0,3,POSITIVE,1.0,1.0,0.0,NO_TARGET_CHANGE,,"HISTORICAL UK RETAIL, ISA, ACCOUNT AND BROKER ELIGIBILITY REMAIN PARTLY UNRESOLVED"
FULL_CONTROLLED_COMBINATION,WEEKLY,2022-04-14,GLOBAL_OIL_GAS,EXTENDED,,"{""GLOBAL_OIL_GAS"": 1.0}","{""GLOBAL_OIL_GAS"": 1.0}",1.0,3,POSITIVE,1.0,1.0,0.0,NO_TARGET_CHANGE,,"HISTORICAL UK RETAIL, ISA, ACCOUNT AND BROKER ELIGIBILITY REMAIN PARTLY UNRESOLVED"
FULL_CONTROLLED_COMBINATION,WEEKLY,2022-04-22,GLOBAL_OIL_GAS,EXTENDED,,"{""GLOBAL_OIL_GAS"": 1.0}","{""GLOBAL_OIL_GAS"": 1.0}",1.0,1,HOSTILE,1.0,1.0,0.0,NO_TARGET_CHANGE,,"HISTORICAL UK RETAIL, ISA, ACCOUNT AND BROKER ELIGIBILITY REMAIN PARTLY UNRESOLVED"
FULL_CONTROLLED_COMBINATION,WEEKLY,2022-04-29,GLOBAL_OIL_GAS,EXTENDED,,"{""GLOBAL_OIL_GAS"": 1.0}","{""GLOBAL_OIL_GAS"": 1.0}",1.0,2,HOSTILE,1.0,1.0,0.0,NO_TARGET_CHANGE,,"HISTORICAL UK RETAIL, ISA, ACCOUNT AND BROKER ELIGIBILITY REMAIN PARTLY UNRESOLVED"
FULL_CONTROLLED_COMBINATION,WEEKLY,2022-05-06,GLOBAL_OIL_GAS,EXTENDED,,"{""GLOBAL_OIL_GAS"": 1.0}","{""GLOBAL_OIL_GAS"": 1.0}",1.0,2,HOSTILE,1.0,1.0,0.0,NO_TARGET_CHANGE,,"HISTORICAL UK RETAIL, ISA, ACCOUNT AND BROKER ELIGIBILITY REMAIN PARTLY UNRESOLVED"
FULL_CONTROLLED_COMBINATION,WEEKLY,2022-05-13,GLOBAL_OIL_GAS,EXTENDED,,"{""GLOBAL_OIL_GAS"": 1.0}","{""GLOBAL_OIL_GAS"": 1.0}",1.0,2,HOSTILE,1.0,1.0,0.0,NO_TARGET_CHANGE,,"HISTORICAL UK RETAIL, ISA, ACCOUNT AND BROKER ELIGIBILITY REMAIN PARTLY UNRESOLVED"
FULL_CONTROLLED_COMBINATION,WEEKLY,2022-05-20,GLOBAL_OIL_GAS,EXTENDED,,"{""GLOBAL_OIL_GAS"": 1.0}","{""GLOBAL_OIL_GAS"": 1.0}",1.0,2,HOSTILE,1.0,1.0,0.0,NO_TARGET_CHANGE,,"HISTORICAL UK RETAIL, ISA, ACCOUNT AND BROKER ELIGIBILITY REMAIN PARTLY UNRESOLVED"
FULL_CONTROLLED_COMBINATION,WEEKLY,2022-05-27,GLOBAL_OIL_GAS,EXTENDED,,"{""GLOBAL_OIL_GAS"": 1.0}","{""GLOBAL_OIL_GAS"": 1.0}",1.0,1,HOSTILE,1.0,1.0,0.0,NO_TARGET_CHANGE,,"HISTORICAL UK RETAIL, ISA, ACCOUNT AND BROKER ELIGIBILITY REMAIN PARTLY UNRESOLVED"
FULL_CONTROLLED_COMBINATION,WEEKLY,2022-05-31,GLOBAL_OIL_GAS,EXTENDED,,"{""GLOBAL_OIL_GAS"": 1.0}","{""GLOBAL_OIL_GAS"": 1.0}",1.0,1,HOSTILE,1.0,1.0,0.0,NO_TARGET_CHANGE,,"HISTORICAL UK RETAIL, ISA, ACCOUNT AND BROKER ELIGIBILITY REMAIN PARTLY UNRESOLVED"
FULL_CONTROLLED_COMBINATION,WEEKLY,2022-06-01,GLOBAL_OIL_GAS,EXTENDED,,"{""GLOBAL_OIL_GAS"": 1.0}","{""GLOBAL_OIL_GAS"": 1.0}",1.0,1,HOSTILE,1.0,1.0,0.0,NO_TARGET_CHANGE,,"HISTORICAL UK RETAIL, ISA, ACCOUNT AND BROKER ELIGIBILITY REMAIN PARTLY UNRESOLVED"
FULL_CONTROLLED_COMBINATION,WEEKLY,2022-06-10,GLOBAL_OIL_GAS,EXTENDED,,"{""GLOBAL_OIL_GAS"": 1.0}","{""GLOBAL_OIL_GAS"": 1.0}",1.0,1,HOSTILE,1.0,1.0,0.0,NO_TARGET_CHANGE,,"HISTORICAL UK RETAIL, ISA, ACCOUNT AND BROKER ELIGIBILITY REMAIN PARTLY UNRESOLVED"
FULL_CONTROLLED_COMBINATION,WEEKLY,2022-06-17,GLOBAL_OIL_GAS,WEAKENING,,"{""GLOBAL_OIL_GAS"": 1.0}","{""GLOBAL_OIL_GAS"": 1.0}",1.0,2,HOSTILE,1.0,1.0,0.0,NO_TARGET_CHANGE,,"HISTORICAL UK RETAIL, ISA, ACCOUNT AND BROKER ELIGIBILITY REMAIN PARTLY UNRESOLVED"
FULL_CONTROLLED_COMBINATION,WEEKLY,2022-06-24,GLOBAL_OIL_GAS,WEAKENING,,"{""GLOBAL_OIL_GAS"": 1.0}","{""GLOBAL_OIL_GAS"": 1.0}",1.0,0,HOSTILE,1.0,1.0,0.0,NO_TARGET_CHANGE,,"HISTORICAL UK RETAIL, ISA, ACCOUNT AND BROKER ELIGIBILITY REMAIN PARTLY UNRESOLVED"
FULL_CONTROLLED_COMBINATION,WEEKLY,2022-06-30,GLOBAL_OIL_GAS,WEAKENING,,"{""GLOBAL_OIL_GAS"": 1.0}","{""GLOBAL_OIL_GAS"": 1.0}",1.0,0,HOSTILE,1.0,1.0,0.0,NO_TARGET_CHANGE,,"HISTORICAL UK RETAIL, ISA, ACCOUNT AND BROKER ELIGIBILITY REMAIN PARTLY UNRESOLVED"
FULL_CONTROLLED_COMBINATION,WEEKLY,2022-07-01,GLOBAL_OIL_GAS,WEAKENING,,"{""GLOBAL_OIL_GAS"": 1.0}","{""GLOBAL_OIL_GAS"": 1.0}",1.0,2,HOSTILE,1.0,1.0,0.0,NO_TARGET_CHANGE,,"HISTORICAL UK RETAIL, ISA, ACCOUNT AND BROKER ELIGIBILITY REMAIN PARTLY UNRESOLVED"
FULL_CONTROLLED_COMBINATION,WEEKLY,2022-07-08,GLOBAL_OIL_GAS,WEAKENING,,"{""GLOBAL_OIL_GAS"": 1.0}","{""GLOBAL_OIL_GAS"": 1.0}",1.0,2,HOSTILE,1.0,1.0,0.0,NO_TARGET_CHANGE,,"HISTORICAL UK RETAIL, ISA, ACCOUNT AND BROKER ELIGIBILITY REMAIN PARTLY UNRESOLVED"
FULL_CONTROLLED_COMBINATION,WEEKLY,2022-07-15,GLOBAL_OIL_GAS,FAILED,,"{""GLOBAL_OIL_GAS"": 1.0}","{""GLOBAL_OIL_GAS"": 1.0}",1.0,2,HOSTILE,1.0,1.0,0.0,NO_TARGET_CHANGE,,"HISTORICAL UK RETAIL, ISA, ACCOUNT AND BROKER ELIGIBILITY REMAIN PARTLY UNRESOLVED"
FULL_CONTROLLED_COMBINATION,WEEKLY,2022-07-22,GLOBAL_OIL_GAS,FAILED,,"{""GLOBAL_OIL_GAS"": 1.0}","{""GLOBAL_OIL_GAS"": 1.0}",1.0,3,HOSTILE,1.0,1.0,0.0,NO_TARGET_CHANGE,,"HISTORICAL UK RETAIL, ISA, ACCOUNT AND BROKER ELIGIBILITY REMAIN PARTLY UNRESOLVED"
FULL_CONTROLLED_COMBINATION,WEEKLY,2022-07-29,GLOBAL_OIL_GAS,WEAKENING,,"{""GLOBAL_OIL_GAS"": 1.0}","{""GLOBAL_OIL_GAS"": 1.0}",1.0,3,POSITIVE,1.0,1.0,0.0,NO_TARGET_CHANGE,,"HISTORICAL UK RETAIL, ISA, ACCOUNT AND BROKER ELIGIBILITY REMAIN PARTLY UNRESOLVED"
FULL_CONTROLLED_COMBINATION,WEEKLY,2022-08-05,GLOBAL_OIL_GAS,FAILED,,"{""GLOBAL_OIL_GAS"": 1.0}","{""GLOBAL_OIL_GAS"": 1.0}",1.0,4,STRONG,1.0,1.0,0.0,NO_TARGET_CHANGE,,"HISTORICAL UK RETAIL, ISA, ACCOUNT AND BROKER ELIGIBILITY REMAIN PARTLY UNRESOLVED"
FULL_CONTROLLED_COMBINATION,WEEKLY,2022-08-12,GLOBAL_OIL_GAS,FAILED,,"{""GLOBAL_OIL_GAS"": 1.0}","{""GLOBAL_OIL_GAS"": 1.0}",1.0,4,STRONG,1.0,1.0,0.0,NO_TARGET_CHANGE,,"HISTORICAL UK RETAIL, ISA, ACCOUNT AND BROKER ELIGIBILITY REMAIN PARTLY UNRESOLVED"
FULL_CONTROLLED_COMBINATION,WEEKLY,2022-08-19,GLOBAL_OIL_GAS,FAILED,,"{""GLOBAL_OIL_GAS"": 1.0}","{""GLOBAL_OIL_GAS"": 1.0}",1.0,3,MATURE,1.0,1.0,0.0,NO_TARGET_CHANGE,,"HISTORICAL UK RETAIL, ISA, ACCOUNT AND BROKER ELIGIBILITY REMAIN PARTLY UNRESOLVED"
FULL_CONTROLLED_COMBINATION,WEEKLY,2022-08-26,GLOBAL_OIL_GAS,OTHER,,"{""GLOBAL_OIL_GAS"": 1.0}","{""GLOBAL_OIL_GAS"": 1.0}",1.0,4,STRONG,1.0,1.0,0.0,NO_TARGET_CHANGE,,"HISTORICAL UK RETAIL, ISA, ACCOUNT AND BROKER ELIGIBILITY REMAIN PARTLY UNRESOLVED"
FULL_CONTROLLED_COMBINATION,WEEKLY,2022-08-31,GLOBAL_INFRASTRUCTURE,WEAKENING,,"{""GLOBAL_INFRASTRUCTURE"": 1.0}","{""GLOBAL_INFRASTRUCTURE"": 1.0}",1.0,4,STRONG,1.0,1.0,0.0,PLANNED,2022-09-01,"HISTORICAL UK RETAIL, ISA, ACCOUNT AND BROKER ELIGIBILITY REMAIN PARTLY UNRESOLVED"
FULL_CONTROLLED_COMBINATION,WEEKLY,2022-09-02,GLOBAL_INFRASTRUCTURE,ESTABLISHED,,"{""GLOBAL_INFRASTRUCTURE"": 1.0}","{""GLOBAL_INFRASTRUCTURE"": 1.0}",1.0,3,MATURE,1.0,1.0,0.0,NO_TARGET_CHANGE,,"HISTORICAL UK RETAIL, ISA, ACCOUNT AND BROKER ELIGIBILITY REMAIN PARTLY UNRESOLVED"
FULL_CONTROLLED_COMBINATION,WEEKLY,2022-09-09,GLOBAL_INFRASTRUCTURE,OTHER,,"{""GLOBAL_INFRASTRUCTURE"": 1.0}","{""GLOBAL_INFRASTRUCTURE"": 1.0}",1.0,3,MATURE,1.0,1.0,0.0,NO_TARGET_CHANGE,,"HISTORICAL UK RETAIL, ISA, ACCOUNT AND BROKER ELIGIBILITY REMAIN PARTLY UNRESOLVED"
FULL_CONTROLLED_COMBINATION,WEEKLY,2022-09-16,GLOBAL_INFRASTRUCTURE,OTHER,,"{""GLOBAL_INFRASTRUCTURE"": 1.0}","{""GLOBAL_INFRASTRUCTURE"": 1.0}",1.0,4,STRONG,1.0,1.0,0.0,NO_TARGET_CHANGE,,"HISTORICAL UK RETAIL, ISA, ACCOUNT AND BROKER ELIGIBILITY REMAIN PARTLY UNRESOLVED"
FULL_CONTROLLED_COMBINATION,WEEKLY,2022-09-23,GLOBAL_INFRASTRUCTURE,OTHER,,"{""GLOBAL_INFRASTRUCTURE"": 1.0}","{""GLOBAL_INFRASTRUCTURE"": 1.0}",1.0,3,MATURE,1.0,1.0,0.0,NO_TARGET_CHANGE,,"HISTORICAL UK RETAIL, ISA, ACCOUNT AND BROKER ELIGIBILITY REMAIN PARTLY UNRESOLVED"
FULL_CONTROLLED_COMBINATION,WEEKLY,2022-09-30,GLOBAL_OIL_GAS,ESTABLISHED,,"{""GLOBAL_OIL_GAS"": 1.0}","{""GLOBAL_OIL_GAS"": 1.0}",1.0,2,HOSTILE,1.0,1.0,0.0,PLANNED,2022-10-03,"HISTORICAL UK RETAIL, ISA, ACCOUNT AND BROKER ELIGIBILITY REMAIN PARTLY UNRESOLVED"
FULL_CONTROLLED_COMBINATION,WEEKLY,2022-10-07,GLOBAL_OIL_GAS,EXTENDED,,"{""GLOBAL_OIL_GAS"": 1.0}","{""GLOBAL_OIL_GAS"": 1.0}",1.0,3,HOSTILE,1.0,1.0,0.0,NO_TARGET_CHANGE,,"HISTORICAL UK RETAIL, ISA, ACCOUNT AND BROKER ELIGIBILITY REMAIN PARTLY UNRESOLVED"
FULL_CONTROLLED_COMBINATION,WEEKLY,2022-10-14,GLOBAL_OIL_GAS,EXTENDED,,"{""GLOBAL_OIL_GAS"": 1.0}","{""GLOBAL_OIL_GAS"": 1.0}",1.0,3,HOSTILE,1.0,1.0,0.0,NO_TARGET_CHANGE,,"HISTORICAL UK RETAIL, ISA, ACCOUNT AND BROKER ELIGIBILITY REMAIN PARTLY UNRESOLVED"
FULL_CONTROLLED_COMBINATION,WEEKLY,2022-10-21,GLOBAL_OIL_GAS,EXTENDED,,"{""GLOBAL_OIL_GAS"": 1.0}","{""GLOBAL_OIL_GAS"": 1.0}",1.0,2,HOSTILE,1.0,1.0,0.0,NO_TARGET_CHANGE,,"HISTORICAL UK RETAIL, ISA, ACCOUNT AND BROKER ELIGIBILITY REMAIN PARTLY UNRESOLVED"
FULL_CONTROLLED_COMBINATION,WEEKLY,2022-10-28,GLOBAL_OIL_GAS,ESTABLISHED,,"{""GLOBAL_OIL_GAS"": 1.0}","{""GLOBAL_OIL_GAS"": 1.0}",1.0,3,HOSTILE,1.0,1.0,0.0,NO_TARGET_CHANGE,,"HISTORICAL UK RETAIL, ISA, ACCOUNT AND BROKER ELIGIBILITY REMAIN PARTLY UNRESOLVED"
FULL_CONTROLLED_COMBINATION,WEEKLY,2022-10-31,GLOBAL_OIL_GAS,EXTENDED,,"{""GLOBAL_OIL_GAS"": 1.0}","{""GLOBAL_OIL_GAS"": 1.0}",1.0,3,HOSTILE,1.0,1.0,0.0,NO_TARGET_CHANGE,,"HISTORICAL UK RETAIL, ISA, ACCOUNT AND BROKER ELIGIBILITY REMAIN PARTLY UNRESOLVED"
FULL_CONTROLLED_COMBINATION,WEEKLY,2022-11-04,GLOBAL_OIL_GAS,EXTENDED,,"{""GLOBAL_OIL_GAS"": 1.0}","{""GLOBAL_OIL_GAS"": 1.0}",1.0,4,STRONG,1.0,1.0,0.0,NO_TARGET_CHANGE,,"HISTORICAL UK RETAIL, ISA, ACCOUNT AND BROKER ELIGIBILITY REMAIN PARTLY UNRESOLVED"
FULL_CONTROLLED_COMBINATION,WEEKLY,2022-11-11,GLOBAL_OIL_GAS,WEAKENING,GLOBAL_GOLD_MINERS,"{""GLOBAL_GOLD_MINERS"": 0.25, ""GLOBAL_OIL_GAS"": 0.75}","{""GLOBAL_GOLD_MINERS"": 0.25, ""GLOBAL_OIL_GAS"": 0.75}",1.0,3,MATURE,1.0,1.0,0.0,PLANNED,2022-11-14,"HISTORICAL UK RETAIL, ISA, ACCOUNT AND BROKER ELIGIBILITY REMAIN PARTLY UNRESOLVED"
FULL_CONTROLLED_COMBINATION,WEEKLY,2022-11-18,GLOBAL_OIL_GAS,WEAKENING,GLOBAL_GOLD_MINERS,"{""GLOBAL_GOLD_MINERS"": 0.25, ""GLOBAL_OIL_GAS"": 0.75}","{""GLOBAL_GOLD_MINERS"": 0.25, ""GLOBAL_OIL_GAS"": 0.75}",1.0,2,DETERIORATING,1.0,1.0,0.0,NO_TARGET_CHANGE,,"HISTORICAL UK RETAIL, ISA, ACCOUNT AND BROKER ELIGIBILITY REMAIN PARTLY UNRESOLVED"
FULL_CONTROLLED_COMBINATION,WEEKLY,2022-11-25,GLOBAL_OIL_GAS,WEAKENING,,"{""GLOBAL_OIL_GAS"": 1.0}","{""GLOBAL_OIL_GAS"": 1.0}",1.0,4,STRONG,1.0,1.0,0.0,PLANNED,2022-11-28,"HISTORICAL UK RETAIL, ISA, ACCOUNT AND BROKER ELIGIBILITY REMAIN PARTLY UNRESOLVED"
FULL_CONTROLLED_COMBINATION,WEEKLY,2022-11-30,EUROPE_BANKS,EXTENDED,,"{""EUROPE_BANKS"": 1.0}","{""EUROPE_BANKS"": 1.0}",1.0,4,STRONG,1.0,1.0,0.0,PLANNED,2022-12-01,"HISTORICAL UK RETAIL, ISA, ACCOUNT AND BROKER ELIGIBILITY REMAIN PARTLY UNRESOLVED"
FULL_CONTROLLED_COMBINATION,WEEKLY,2022-12-02,EUROPE_BANKS,EXTENDED,,"{""EUROPE_BANKS"": 1.0}","{""EUROPE_BANKS"": 1.0}",1.0,4,STRONG,1.0,1.0,0.0,NO_TARGET_CHANGE,,"HISTORICAL UK RETAIL, ISA, ACCOUNT AND BROKER ELIGIBILITY REMAIN PARTLY UNRESOLVED"
FULL_CONTROLLED_COMBINATION,WEEKLY,2022-12-09,EUROPE_BANKS,EXTENDED,,"{""EUROPE_BANKS"": 1.0}","{""EUROPE_BANKS"": 1.0}",1.0,3,HOSTILE,1.0,1.0,0.0,NO_TARGET_CHANGE,,"HISTORICAL UK RETAIL, ISA, ACCOUNT AND BROKER ELIGIBILITY REMAIN PARTLY UNRESOLVED"
FULL_CONTROLLED_COMBINATION,WEEKLY,2022-12-16,EUROPE_BANKS,ESTABLISHED,,"{""EUROPE_BANKS"": 1.0}","{""EUROPE_BANKS"": 1.0}",1.0,3,HOSTILE,1.0,1.0,0.0,NO_TARGET_CHANGE,,"HISTORICAL UK RETAIL, ISA, ACCOUNT AND BROKER ELIGIBILITY REMAIN PARTLY UNRESOLVED"
FULL_CONTROLLED_COMBINATION,WEEKLY,2022-12-23,EUROPE_BANKS,EXTENDED,,"{""EUROPE_BANKS"": 1.0}","{""EUROPE_BANKS"": 1.0}",1.0,3,MATURE,1.0,1.0,0.0,NO_TARGET_CHANGE,,"HISTORICAL UK RETAIL, ISA, ACCOUNT AND BROKER ELIGIBILITY REMAIN PARTLY UNRESOLVED"
FULL_CONTROLLED_COMBINATION,WEEKLY,2022-12-30,EUROPE_BANKS,EXTENDED,,"{""EUROPE_BANKS"": 1.0}","{""EUROPE_BANKS"": 1.0}",1.0,3,MATURE,1.0,1.0,0.0,NO_TARGET_CHANGE,,"HISTORICAL UK RETAIL, ISA, ACCOUNT AND BROKER ELIGIBILITY REMAIN PARTLY UNRESOLVED"
FULL_CONTROLLED_COMBINATION,WEEKLY,2023-01-06,EUROPE_BANKS,EXTENDED,,"{""EUROPE_BANKS"": 1.0}","{""EUROPE_BANKS"": 1.0}",1.0,3,MATURE,1.0,1.0,0.0,NO_TARGET_CHANGE,,"HISTORICAL UK RETAIL, ISA, ACCOUNT AND BROKER ELIGIBILITY REMAIN PARTLY UNRESOLVED"
FULL_CONTROLLED_COMBINATION,WEEKLY,2023-01-13,EUROPE_BANKS,OTHER,,"{""EUROPE_BANKS"": 1.0}","{""EUROPE_BANKS"": 1.0}",1.0,5,STRONG,1.0,1.0,0.0,NO_TARGET_CHANGE,,"HISTORICAL UK RETAIL, ISA, ACCOUNT AND BROKER ELIGIBILITY REMAIN PARTLY UNRESOLVED"
FULL_CONTROLLED_COMBINATION,WEEKLY,2023-01-20,EUROPE_BANKS,EXTENDED,,"{""EUROPE_BANKS"": 1.0}","{""EUROPE_BANKS"": 1.0}",1.0,3,DETERIORATING,1.0,1.0,0.0,NO_TARGET_CHANGE,,"HISTORICAL UK RETAIL, ISA, ACCOUNT AND BROKER ELIGIBILITY REMAIN PARTLY UNRESOLVED"
FULL_CONTROLLED_COMBINATION,WEEKLY,2023-01-27,EUROPE_BANKS,EXTENDED,,"{""EUROPE_BANKS"": 1.0}","{""EUROPE_BANKS"": 1.0}",1.0,5,STRONG,1.0,1.0,0.0,NO_TARGET_CHANGE,,"HISTORICAL UK RETAIL, ISA, ACCOUNT AND BROKER ELIGIBILITY REMAIN PARTLY UNRESOLVED"
FULL_CONTROLLED_COMBINATION,WEEKLY,2023-01-31,EUROPE_BANKS,EXTENDED,,"{""EUROPE_BANKS"": 1.0}","{""EUROPE_BANKS"": 1.0}",1.0,5,STRONG,1.0,1.0,0.0,NO_TARGET_CHANGE,,"HISTORICAL UK RETAIL, ISA, ACCOUNT AND BROKER ELIGIBILITY REMAIN PARTLY UNRESOLVED"
FULL_CONTROLLED_COMBINATION,WEEKLY,2023-02-03,EUROPE_BANKS,EXTENDED,,"{""EUROPE_BANKS"": 1.0}","{""EUROPE_BANKS"": 1.0}",1.0,4,MATURE,1.0,1.0,0.0,NO_TARGET_CHANGE,,"HISTORICAL UK RETAIL, ISA, ACCOUNT AND BROKER ELIGIBILITY REMAIN PARTLY UNRESOLVED"
FULL_CONTROLLED_COMBINATION,WEEKLY,2023-02-10,EUROPE_BANKS,EXTENDED,,"{""EUROPE_BANKS"": 1.0}","{""EUROPE_BANKS"": 1.0}",1.0,4,MATURE,1.0,1.0,0.0,NO_TARGET_CHANGE,,"HISTORICAL UK RETAIL, ISA, ACCOUNT AND BROKER ELIGIBILITY REMAIN PARTLY UNRESOLVED"
FULL_CONTROLLED_COMBINATION,WEEKLY,2023-02-17,EUROPE_BANKS,EXTENDED,,"{""EUROPE_BANKS"": 1.0}","{""EUROPE_BANKS"": 1.0}",1.0,3,DETERIORATING,1.0,1.0,0.0,NO_TARGET_CHANGE,,"HISTORICAL UK RETAIL, ISA, ACCOUNT AND BROKER ELIGIBILITY REMAIN PARTLY UNRESOLVED"
FULL_CONTROLLED_COMBINATION,WEEKLY,2023-02-24,EUROPE_BANKS,EXTENDED,,"{""EUROPE_BANKS"": 1.0}","{""EUROPE_BANKS"": 1.0}",1.0,3,DETERIORATING,1.0,1.0,0.0,NO_TARGET_CHANGE,,"HISTORICAL UK RETAIL, ISA, ACCOUNT AND BROKER ELIGIBILITY REMAIN PARTLY UNRESOLVED"
FULL_CONTROLLED_COMBINATION,WEEKLY,2023-02-28,EUROPE_BANKS,EXTENDED,,"{""EUROPE_BANKS"": 1.0}","{""EUROPE_BANKS"": 1.0}",1.0,3,DETERIORATING,1.0,1.0,0.0,NO_TARGET_CHANGE,,"HISTORICAL UK RETAIL, ISA, ACCOUNT AND BROKER ELIGIBILITY REMAIN PARTLY UNRESOLVED"
FULL_CONTROLLED_COMBINATION,WEEKLY,2023-03-03,EUROPE_BANKS,EXTENDED,,"{""EUROPE_BANKS"": 1.0}","{""EUROPE_BANKS"": 1.0}",1.0,3,DETERIORATING,1.0,1.0,0.0,NO_TARGET_CHANGE,,"HISTORICAL UK RETAIL, ISA, ACCOUNT AND BROKER ELIGIBILITY REMAIN PARTLY UNRESOLVED"
FULL_CONTROLLED_COMBINATION,WEEKLY,2023-03-10,EUROPE_BANKS,EXTENDED,,"{""EUROPE_BANKS"": 1.0}","{""EUROPE_BANKS"": 1.0}",1.0,4,MATURE,1.0,1.0,0.0,NO_TARGET_CHANGE,,"HISTORICAL UK RETAIL, ISA, ACCOUNT AND BROKER ELIGIBILITY REMAIN PARTLY UNRESOLVED"
FULL_CONTROLLED_COMBINATION,WEEKLY,2023-03-17,EUROPE_BANKS,WEAKENING,,"{""EUROPE_BANKS"": 1.0}","{""EUROPE_BANKS"": 1.0}",1.0,0,HOSTILE,1.0,1.0,0.0,NO_TARGET_CHANGE,,"HISTORICAL UK RETAIL, ISA, ACCOUNT AND BROKER ELIGIBILITY REMAIN PARTLY UNRESOLVED"
FULL_CONTROLLED_COMBINATION,WEEKLY,2023-03-24,EUROPE_BANKS,FAILED,,"{""EUROPE_BANKS"": 1.0}","{""EUROPE_BANKS"": 1.0}",1.0,2,HOSTILE,1.0,1.0,0.0,NO_TARGET_CHANGE,,"HISTORICAL UK RETAIL, ISA, ACCOUNT AND BROKER ELIGIBILITY REMAIN PARTLY UNRESOLVED"
FULL_CONTROLLED_COMBINATION,WEEKLY,2023-03-31,GLOBAL_SEMICONDUCTORS,EXTENDED,,"{""GLOBAL_SEMICONDUCTORS"": 1.0}","{""GLOBAL_SEMICONDUCTORS"": 1.0}",1.0,3,MATURE,1.0,1.0,0.0,PLANNED,2023-04-03,"HISTORICAL UK RETAIL, ISA, ACCOUNT AND BROKER ELIGIBILITY REMAIN PARTLY UNRESOLVED"
FULL_CONTROLLED_COMBINATION,WEEKLY,2023-04-06,GLOBAL_SEMICONDUCTORS,EXTENDED,,"{""GLOBAL_SEMICONDUCTORS"": 1.0}","{""GLOBAL_SEMICONDUCTORS"": 1.0}",1.0,1,DETERIORATING,1.0,1.0,0.0,NO_TARGET_CHANGE,,"HISTORICAL UK RETAIL, ISA, ACCOUNT AND BROKER ELIGIBILITY REMAIN PARTLY UNRESOLVED"
FULL_CONTROLLED_COMBINATION,WEEKLY,2023-04-14,GLOBAL_SEMICONDUCTORS,ESTABLISHED,,"{""GLOBAL_SEMICONDUCTORS"": 1.0}","{""GLOBAL_SEMICONDUCTORS"": 1.0}",1.0,2,DETERIORATING,1.0,1.0,0.0,NO_TARGET_CHANGE,,"HISTORICAL UK RETAIL, ISA, ACCOUNT AND BROKER ELIGIBILITY REMAIN PARTLY UNRESOLVED"
FULL_CONTROLLED_COMBINATION,WEEKLY,2023-04-21,GLOBAL_SEMICONDUCTORS,WEAKENING,,"{""GLOBAL_SEMICONDUCTORS"": 1.0}","{""GLOBAL_SEMICONDUCTORS"": 1.0}",1.0,3,MATURE,1.0,1.0,0.0,NO_TARGET_CHANGE,,"HISTORICAL UK RETAIL, ISA, ACCOUNT AND BROKER ELIGIBILITY REMAIN PARTLY UNRESOLVED"
FULL_CONTROLLED_COMBINATION,WEEKLY,2023-04-28,GLOBAL_SEMICONDUCTORS,WEAKENING,,"{""GLOBAL_SEMICONDUCTORS"": 1.0}","{""GLOBAL_SEMICONDUCTORS"": 1.0}",1.0,2,DETERIORATING,1.0,1.0,0.0,NO_TARGET_CHANGE,,"HISTORICAL UK RETAIL, ISA, ACCOUNT AND BROKER ELIGIBILITY REMAIN PARTLY UNRESOLVED"
FULL_CONTROLLED_COMBINATION,WEEKLY,2023-05-05,GLOBAL_SEMICONDUCTORS,FAILED,,"{""GLOBAL_SEMICONDUCTORS"": 1.0}","{""GLOBAL_SEMICONDUCTORS"": 1.0}",1.0,3,MATURE,1.0,1.0,0.0,NO_TARGET_CHANGE,,"HISTORICAL UK RETAIL, ISA, ACCOUNT AND BROKER ELIGIBILITY REMAIN PARTLY UNRESOLVED"
FULL_CONTROLLED_COMBINATION,WEEKLY,2023-05-12,GLOBAL_SEMICONDUCTORS,FAILED,,"{""GLOBAL_SEMICONDUCTORS"": 1.0}","{""GLOBAL_SEMICONDUCTORS"": 1.0}",1.0,2,POSITIVE,1.0,1.0,0.0,NO_TARGET_CHANGE,,"HISTORICAL UK RETAIL, ISA, ACCOUNT AND BROKER ELIGIBILITY REMAIN PARTLY UNRESOLVED"
FULL_CONTROLLED_COMBINATION,WEEKLY,2023-05-19,GLOBAL_SEMICONDUCTORS,WEAKENING,,"{""GLOBAL_SEMICONDUCTORS"": 1.0}","{""GLOBAL_SEMICONDUCTORS"": 1.0}",1.0,2,POSITIVE,1.0,1.0,0.0,NO_TARGET_CHANGE,,"HISTORICAL UK RETAIL, ISA, ACCOUNT AND BROKER ELIGIBILITY REMAIN PARTLY UNRESOLVED"
FULL_CONTROLLED_COMBINATION,WEEKLY,2023-05-26,GLOBAL_SEMICONDUCTORS,WEAKENING,,"{""GLOBAL_SEMICONDUCTORS"": 1.0}","{""GLOBAL_SEMICONDUCTORS"": 1.0}",1.0,1,POSITIVE,1.0,1.0,0.0,NO_TARGET_CHANGE,,"HISTORICAL UK RETAIL, ISA, ACCOUNT AND BROKER ELIGIBILITY REMAIN PARTLY UNRESOLVED"
FULL_CONTROLLED_COMBINATION,WEEKLY,2023-05-31,GLOBAL_SEMICONDUCTORS,EXTENDED,,"{""GLOBAL_SEMICONDUCTORS"": 1.0}","{""GLOBAL_SEMICONDUCTORS"": 1.0}",1.0,1,POSITIVE,1.0,1.0,0.0,NO_TARGET_CHANGE,,"HISTORICAL UK RETAIL, ISA, ACCOUNT AND BROKER ELIGIBILITY REMAIN PARTLY UNRESOLVED"
FULL_CONTROLLED_COMBINATION,WEEKLY,2023-06-02,GLOBAL_SEMICONDUCTORS,EXTENDED,,"{""GLOBAL_SEMICONDUCTORS"": 1.0}","{""GLOBAL_SEMICONDUCTORS"": 1.0}",1.0,2,POSITIVE,1.0,1.0,0.0,NO_TARGET_CHANGE,,"HISTORICAL UK RETAIL, ISA, ACCOUNT AND BROKER ELIGIBILITY REMAIN PARTLY UNRESOLVED"
FULL_CONTROLLED_COMBINATION,WEEKLY,2023-06-09,GLOBAL_SEMICONDUCTORS,EXTENDED,,"{""GLOBAL_SEMICONDUCTORS"": 1.0}","{""GLOBAL_SEMICONDUCTORS"": 1.0}",1.0,1,POSITIVE,1.0,1.0,0.0,NO_TARGET_CHANGE,,"HISTORICAL UK RETAIL, ISA, ACCOUNT AND BROKER ELIGIBILITY REMAIN PARTLY UNRESOLVED"
FULL_CONTROLLED_COMBINATION,WEEKLY,2023-06-16,GLOBAL_SEMICONDUCTORS,EXTENDED,,"{""GLOBAL_SEMICONDUCTORS"": 1.0}","{""GLOBAL_SEMICONDUCTORS"": 1.0}",1.0,3,POSITIVE,1.0,1.0,0.0,NO_TARGET_CHANGE,,"HISTORICAL UK RETAIL, ISA, ACCOUNT AND BROKER ELIGIBILITY REMAIN PARTLY UNRESOLVED"
FULL_CONTROLLED_COMBINATION,WEEKLY,2023-06-23,GLOBAL_SEMICONDUCTORS,ESTABLISHED,,"{""GLOBAL_SEMICONDUCTORS"": 1.0}","{""GLOBAL_SEMICONDUCTORS"": 1.0}",1.0,1,POSITIVE,1.0,1.0,0.0,NO_TARGET_CHANGE,,"HISTORICAL UK RETAIL, ISA, ACCOUNT AND BROKER ELIGIBILITY REMAIN PARTLY UNRESOLVED"
FULL_CONTROLLED_COMBINATION,WEEKLY,2023-06-30,GLOBAL_SEMICONDUCTORS,EXTENDED,,"{""GLOBAL_SEMICONDUCTORS"": 1.0}","{""GLOBAL_SEMICONDUCTORS"": 1.0}",1.0,2,POSITIVE,1.0,1.0,0.0,NO_TARGET_CHANGE,,"HISTORICAL UK RETAIL, ISA, ACCOUNT AND BROKER ELIGIBILITY REMAIN PARTLY UNRESOLVED"
FULL_CONTROLLED_COMBINATION,WEEKLY,2023-07-07,GLOBAL_SEMICONDUCTORS,ESTABLISHED,,"{""GLOBAL_SEMICONDUCTORS"": 1.0}","{""GLOBAL_SEMICONDUCTORS"": 1.0}",1.0,2,POSITIVE,1.0,1.0,0.0,NO_TARGET_CHANGE,,"HISTORICAL UK RETAIL, ISA, ACCOUNT AND BROKER ELIGIBILITY REMAIN PARTLY UNRESOLVED"
FULL_CONTROLLED_COMBINATION,WEEKLY,2023-07-14,GLOBAL_SEMICONDUCTORS,EXTENDED,,"{""GLOBAL_SEMICONDUCTORS"": 1.0}","{""GLOBAL_SEMICONDUCTORS"": 1.0}",1.0,3,POSITIVE,1.0,1.0,0.0,NO_TARGET_CHANGE,,"HISTORICAL UK RETAIL, ISA, ACCOUNT AND BROKER ELIGIBILITY REMAIN PARTLY UNRESOLVED"
FULL_CONTROLLED_COMBINATION,WEEKLY,2023-07-21,GLOBAL_SEMICONDUCTORS,WEAKENING,,"{""GLOBAL_SEMICONDUCTORS"": 1.0}","{""GLOBAL_SEMICONDUCTORS"": 1.0}",1.0,2,POSITIVE,1.0,1.0,0.0,NO_TARGET_CHANGE,,"HISTORICAL UK RETAIL, ISA, ACCOUNT AND BROKER ELIGIBILITY REMAIN PARTLY UNRESOLVED"
FULL_CONTROLLED_COMBINATION,WEEKLY,2023-07-28,GLOBAL_SEMICONDUCTORS,WEAKENING,CHINA_INTERNET,"{""CHINA_INTERNET"": 0.25, ""GLOBAL_SEMICONDUCTORS"": 0.75}","{""CHINA_INTERNET"": 0.25, ""GLOBAL_SEMICONDUCTORS"": 0.75}",1.0,4,STRONG,1.0,1.0,0.0,PLANNED,2023-07-31,"HISTORICAL UK RETAIL, ISA, ACCOUNT AND BROKER ELIGIBILITY REMAIN PARTLY UNRESOLVED"
FULL_CONTROLLED_COMBINATION,WEEKLY,2023-07-31,GLOBAL_SEMICONDUCTORS,WEAKENING,CHINA_INTERNET,"{""CHINA_INTERNET"": 0.25, ""GLOBAL_SEMICONDUCTORS"": 0.75}","{""CHINA_INTERNET"": 0.25, ""GLOBAL_SEMICONDUCTORS"": 0.75}",1.0,4,STRONG,1.0,1.0,0.0,NO_TARGET_CHANGE,,"HISTORICAL UK RETAIL, ISA, ACCOUNT AND BROKER ELIGIBILITY REMAIN PARTLY UNRESOLVED"
FULL_CONTROLLED_COMBINATION,WEEKLY,2023-08-04,GLOBAL_SEMICONDUCTORS,WEAKENING,,"{""GLOBAL_SEMICONDUCTORS"": 1.0}","{""GLOBAL_SEMICONDUCTORS"": 1.0}",1.0,4,STRONG,1.0,1.0,0.0,PLANNED,2023-08-07,"HISTORICAL UK RETAIL, ISA, ACCOUNT AND BROKER ELIGIBILITY REMAIN PARTLY UNRESOLVED"
FULL_CONTROLLED_COMBINATION,WEEKLY,2023-08-11,GLOBAL_SEMICONDUCTORS,WEAKENING,,"{""GLOBAL_SEMICONDUCTORS"": 1.0}","{""GLOBAL_SEMICONDUCTORS"": 1.0}",1.0,4,STRONG,1.0,1.0,0.0,NO_TARGET_CHANGE,,"HISTORICAL UK RETAIL, ISA, ACCOUNT AND BROKER ELIGIBILITY REMAIN PARTLY UNRESOLVED"
FULL_CONTROLLED_COMBINATION,WEEKLY,2023-08-18,GLOBAL_SEMICONDUCTORS,WEAKENING,,"{""GLOBAL_SEMICONDUCTORS"": 1.0}","{""GLOBAL_SEMICONDUCTORS"": 1.0}",1.0,3,MATURE,1.0,1.0,0.0,NO_TARGET_CHANGE,,"HISTORICAL UK RETAIL, ISA, ACCOUNT AND BROKER ELIGIBILITY REMAIN PARTLY UNRESOLVED"
FULL_CONTROLLED_COMBINATION,WEEKLY,2023-08-25,GLOBAL_SEMICONDUCTORS,FAILED,,"{""GLOBAL_SEMICONDUCTORS"": 1.0}","{""GLOBAL_SEMICONDUCTORS"": 1.0}",1.0,4,STRONG,1.0,1.0,0.0,NO_TARGET_CHANGE,,"HISTORICAL UK RETAIL, ISA, ACCOUNT AND BROKER ELIGIBILITY REMAIN PARTLY UNRESOLVED"
FULL_CONTROLLED_COMBINATION,WEEKLY,2023-08-31,GLOBAL_SEMICONDUCTORS,WEAKENING,,"{""GLOBAL_SEMICONDUCTORS"": 1.0}","{""GLOBAL_SEMICONDUCTORS"": 1.0}",1.0,4,STRONG,1.0,1.0,0.0,NO_TARGET_CHANGE,,"HISTORICAL UK RETAIL, ISA, ACCOUNT AND BROKER ELIGIBILITY REMAIN PARTLY UNRESOLVED"
FULL_CONTROLLED_COMBINATION,WEEKLY,2023-09-01,GLOBAL_SEMICONDUCTORS,WEAKENING,,"{""GLOBAL_SEMICONDUCTORS"": 1.0}","{""GLOBAL_SEMICONDUCTORS"": 1.0}",1.0,2,DETERIORATING,1.0,1.0,0.0,NO_TARGET_CHANGE,,"HISTORICAL UK RETAIL, ISA, ACCOUNT AND BROKER ELIGIBILITY REMAIN PARTLY UNRESOLVED"
FULL_CONTROLLED_COMBINATION,WEEKLY,2023-09-08,GLOBAL_SEMICONDUCTORS,FAILED,,"{""GLOBAL_SEMICONDUCTORS"": 1.0}","{""GLOBAL_SEMICONDUCTORS"": 1.0}",1.0,2,DETERIORATING,1.0,1.0,0.0,NO_TARGET_CHANGE,,"HISTORICAL UK RETAIL, ISA, ACCOUNT AND BROKER ELIGIBILITY REMAIN PARTLY UNRESOLVED"
FULL_CONTROLLED_COMBINATION,WEEKLY,2023-09-15,GLOBAL_SEMICONDUCTORS,FAILED,,"{""GLOBAL_SEMICONDUCTORS"": 1.0}","{""GLOBAL_SEMICONDUCTORS"": 1.0}",1.0,3,MATURE,1.0,1.0,0.0,NO_TARGET_CHANGE,,"HISTORICAL UK RETAIL, ISA, ACCOUNT AND BROKER ELIGIBILITY REMAIN PARTLY UNRESOLVED"
FULL_CONTROLLED_COMBINATION,WEEKLY,2023-09-22,GLOBAL_SEMICONDUCTORS,FAILED,,"{""GLOBAL_SEMICONDUCTORS"": 1.0}","{""GLOBAL_SEMICONDUCTORS"": 1.0}",1.0,4,STRONG,1.0,1.0,0.0,NO_TARGET_CHANGE,,"HISTORICAL UK RETAIL, ISA, ACCOUNT AND BROKER ELIGIBILITY REMAIN PARTLY UNRESOLVED"
FULL_CONTROLLED_COMBINATION,WEEKLY,2023-09-29,GLOBAL_URANIUM_NUCLEAR,EXTENDED,,"{""GLOBAL_URANIUM_NUCLEAR"": 1.0}","{""GLOBAL_URANIUM_NUCLEAR"": 1.0}",1.0,4,STRONG,1.0,1.0,0.0,PLANNED,2023-10-02,"HISTORICAL UK RETAIL, ISA, ACCOUNT AND BROKER ELIGIBILITY REMAIN PARTLY UNRESOLVED"
FULL_CONTROLLED_COMBINATION,WEEKLY,2023-10-06,GLOBAL_URANIUM_NUCLEAR,EXTENDED,,"{""GLOBAL_URANIUM_NUCLEAR"": 1.0}","{""GLOBAL_URANIUM_NUCLEAR"": 1.0}",1.0,3,MATURE,1.0,1.0,0.0,NO_TARGET_CHANGE,,"HISTORICAL UK RETAIL, ISA, ACCOUNT AND BROKER ELIGIBILITY REMAIN PARTLY UNRESOLVED"
FULL_CONTROLLED_COMBINATION,WEEKLY,2023-10-13,GLOBAL_URANIUM_NUCLEAR,EXTENDED,,"{""GLOBAL_URANIUM_NUCLEAR"": 1.0}","{""GLOBAL_URANIUM_NUCLEAR"": 1.0}",1.0,3,MATURE,1.0,1.0,0.0,NO_TARGET_CHANGE,,"HISTORICAL UK RETAIL, ISA, ACCOUNT AND BROKER ELIGIBILITY REMAIN PARTLY UNRESOLVED"
FULL_CONTROLLED_COMBINATION,WEEKLY,2023-10-20,GLOBAL_URANIUM_NUCLEAR,EXTENDED,,"{""GLOBAL_URANIUM_NUCLEAR"": 1.0}","{""GLOBAL_URANIUM_NUCLEAR"": 1.0}",1.0,4,STRONG,1.0,1.0,0.0,NO_TARGET_CHANGE,,"HISTORICAL UK RETAIL, ISA, ACCOUNT AND BROKER ELIGIBILITY REMAIN PARTLY UNRESOLVED"
FULL_CONTROLLED_COMBINATION,WEEKLY,2023-10-27,GLOBAL_URANIUM_NUCLEAR,WEAKENING,,"{""GLOBAL_URANIUM_NUCLEAR"": 1.0}","{""GLOBAL_URANIUM_NUCLEAR"": 1.0}",1.0,2,DETERIORATING,1.0,1.0,0.0,NO_TARGET_CHANGE,,"HISTORICAL UK RETAIL, ISA, ACCOUNT AND BROKER ELIGIBILITY REMAIN PARTLY UNRESOLVED"
FULL_CONTROLLED_COMBINATION,WEEKLY,2023-10-31,GLOBAL_URANIUM_NUCLEAR,EXTENDED,,"{""GLOBAL_URANIUM_NUCLEAR"": 1.0}","{""GLOBAL_URANIUM_NUCLEAR"": 1.0}",1.0,2,DETERIORATING,1.0,1.0,0.0,NO_TARGET_CHANGE,,"HISTORICAL UK RETAIL, ISA, ACCOUNT AND BROKER ELIGIBILITY REMAIN PARTLY UNRESOLVED"
FULL_CONTROLLED_COMBINATION,WEEKLY,2023-11-03,GLOBAL_URANIUM_NUCLEAR,EXTENDED,,"{""GLOBAL_URANIUM_NUCLEAR"": 1.0}","{""GLOBAL_URANIUM_NUCLEAR"": 1.0}",1.0,3,MATURE,1.0,1.0,0.0,NO_TARGET_CHANGE,,"HISTORICAL UK RETAIL, ISA, ACCOUNT AND BROKER ELIGIBILITY REMAIN PARTLY UNRESOLVED"
FULL_CONTROLLED_COMBINATION,WEEKLY,2023-11-10,GLOBAL_URANIUM_NUCLEAR,OTHER,,"{""GLOBAL_URANIUM_NUCLEAR"": 1.0}","{""GLOBAL_URANIUM_NUCLEAR"": 1.0}",1.0,2,DETERIORATING,1.0,1.0,0.0,NO_TARGET_CHANGE,,"HISTORICAL UK RETAIL, ISA, ACCOUNT AND BROKER ELIGIBILITY REMAIN PARTLY UNRESOLVED"
FULL_CONTROLLED_COMBINATION,WEEKLY,2023-11-17,GLOBAL_URANIUM_NUCLEAR,ESTABLISHED,,"{""GLOBAL_URANIUM_NUCLEAR"": 1.0}","{""GLOBAL_URANIUM_NUCLEAR"": 1.0}",1.0,4,STRONG,1.0,1.0,0.0,NO_TARGET_CHANGE,,"HISTORICAL UK RETAIL, ISA, ACCOUNT AND BROKER ELIGIBILITY REMAIN PARTLY UNRESOLVED"
FULL_CONTROLLED_COMBINATION,WEEKLY,2023-11-24,GLOBAL_URANIUM_NUCLEAR,ESTABLISHED,,"{""GLOBAL_URANIUM_NUCLEAR"": 1.0}","{""GLOBAL_URANIUM_NUCLEAR"": 1.0}",1.0,4,STRONG,1.0,1.0,0.0,NO_TARGET_CHANGE,,"HISTORICAL UK RETAIL, ISA, ACCOUNT AND BROKER ELIGIBILITY REMAIN PARTLY UNRESOLVED"
FULL_CONTROLLED_COMBINATION,WEEKLY,2023-11-30,GLOBAL_URANIUM_NUCLEAR,WEAKENING,,"{""GLOBAL_URANIUM_NUCLEAR"": 1.0}","{""GLOBAL_URANIUM_NUCLEAR"": 1.0}",1.0,4,STRONG,1.0,1.0,0.0,NO_TARGET_CHANGE,,"HISTORICAL UK RETAIL, ISA, ACCOUNT AND BROKER ELIGIBILITY REMAIN PARTLY UNRESOLVED"
FULL_CONTROLLED_COMBINATION,WEEKLY,2023-12-01,GLOBAL_URANIUM_NUCLEAR,ESTABLISHED,,"{""GLOBAL_URANIUM_NUCLEAR"": 1.0}","{""GLOBAL_URANIUM_NUCLEAR"": 1.0}",1.0,2,DETERIORATING,1.0,1.0,0.0,NO_TARGET_CHANGE,,"HISTORICAL UK RETAIL, ISA, ACCOUNT AND BROKER ELIGIBILITY REMAIN PARTLY UNRESOLVED"
FULL_CONTROLLED_COMBINATION,WEEKLY,2023-12-08,GLOBAL_URANIUM_NUCLEAR,WEAKENING,,"{""GLOBAL_URANIUM_NUCLEAR"": 1.0}","{""GLOBAL_URANIUM_NUCLEAR"": 1.0}",1.0,2,DETERIORATING,1.0,1.0,0.0,NO_TARGET_CHANGE,,"HISTORICAL UK RETAIL, ISA, ACCOUNT AND BROKER ELIGIBILITY REMAIN PARTLY UNRESOLVED"
FULL_CONTROLLED_COMBINATION,WEEKLY,2023-12-15,GLOBAL_URANIUM_NUCLEAR,WEAKENING,,"{""GLOBAL_URANIUM_NUCLEAR"": 1.0}","{""GLOBAL_URANIUM_NUCLEAR"": 1.0}",1.0,2,DETERIORATING,1.0,1.0,0.0,NO_TARGET_CHANGE,,"HISTORICAL UK RETAIL, ISA, ACCOUNT AND BROKER ELIGIBILITY REMAIN PARTLY UNRESOLVED"
FULL_CONTROLLED_COMBINATION,WEEKLY,2023-12-22,GLOBAL_URANIUM_NUCLEAR,FAILED,,"{""GLOBAL_URANIUM_NUCLEAR"": 1.0}","{""GLOBAL_URANIUM_NUCLEAR"": 1.0}",1.0,2,DETERIORATING,1.0,1.0,0.0,NO_TARGET_CHANGE,,"HISTORICAL UK RETAIL, ISA, ACCOUNT AND BROKER ELIGIBILITY REMAIN PARTLY UNRESOLVED"
FULL_CONTROLLED_COMBINATION,WEEKLY,2023-12-29,GLOBAL_AI,EXTENDED,,"{""GLOBAL_AI"": 1.0}","{""GLOBAL_AI"": 1.0}",1.0,2,DETERIORATING,1.0,1.0,0.0,PLANNED,2024-01-02,"HISTORICAL UK RETAIL, ISA, ACCOUNT AND BROKER ELIGIBILITY REMAIN PARTLY UNRESOLVED"
FULL_CONTROLLED_COMBINATION,WEEKLY,2024-01-05,GLOBAL_AI,ESTABLISHED,,"{""GLOBAL_AI"": 1.0}","{""GLOBAL_AI"": 1.0}",1.0,1,DETERIORATING,1.0,1.0,0.0,NO_TARGET_CHANGE,,"HISTORICAL UK RETAIL, ISA, ACCOUNT AND BROKER ELIGIBILITY REMAIN PARTLY UNRESOLVED"
FULL_CONTROLLED_COMBINATION,WEEKLY,2024-01-12,GLOBAL_AI,OTHER,,"{""GLOBAL_AI"": 1.0}","{""GLOBAL_AI"": 1.0}",1.0,2,DETERIORATING,1.0,1.0,0.0,NO_TARGET_CHANGE,,"HISTORICAL UK RETAIL, ISA, ACCOUNT AND BROKER ELIGIBILITY REMAIN PARTLY UNRESOLVED"
FULL_CONTROLLED_COMBINATION,WEEKLY,2024-01-19,GLOBAL_AI,OTHER,,"{""GLOBAL_AI"": 1.0}","{""GLOBAL_AI"": 1.0}",1.0,3,MATURE,1.0,1.0,0.0,NO_TARGET_CHANGE,,"HISTORICAL UK RETAIL, ISA, ACCOUNT AND BROKER ELIGIBILITY REMAIN PARTLY UNRESOLVED"
FULL_CONTROLLED_COMBINATION,WEEKLY,2024-01-26,GLOBAL_AI,OTHER,,"{""GLOBAL_AI"": 1.0}","{""GLOBAL_AI"": 1.0}",1.0,3,POSITIVE,1.0,1.0,0.0,NO_TARGET_CHANGE,,"HISTORICAL UK RETAIL, ISA, ACCOUNT AND BROKER ELIGIBILITY REMAIN PARTLY UNRESOLVED"
FULL_CONTROLLED_COMBINATION,WEEKLY,2024-01-31,GLOBAL_SEMICONDUCTORS,EXTENDED,,"{""GLOBAL_SEMICONDUCTORS"": 1.0}","{""GLOBAL_SEMICONDUCTORS"": 1.0}",1.0,3,POSITIVE,1.0,1.0,0.0,PLANNED,2024-02-01,"HISTORICAL UK RETAIL, ISA, ACCOUNT AND BROKER ELIGIBILITY REMAIN PARTLY UNRESOLVED"
FULL_CONTROLLED_COMBINATION,WEEKLY,2024-02-02,GLOBAL_SEMICONDUCTORS,CONFIRMING,,"{""GLOBAL_SEMICONDUCTORS"": 1.0}","{""GLOBAL_SEMICONDUCTORS"": 1.0}",1.0,3,POSITIVE,1.0,1.0,0.0,NO_TARGET_CHANGE,,"HISTORICAL UK RETAIL, ISA, ACCOUNT AND BROKER ELIGIBILITY REMAIN PARTLY UNRESOLVED"
FULL_CONTROLLED_COMBINATION,WEEKLY,2024-02-09,GLOBAL_SEMICONDUCTORS,EXTENDED,,"{""GLOBAL_SEMICONDUCTORS"": 1.0}","{""GLOBAL_SEMICONDUCTORS"": 1.0}",1.0,3,POSITIVE,1.0,1.0,0.0,NO_TARGET_CHANGE,,"HISTORICAL UK RETAIL, ISA, ACCOUNT AND BROKER ELIGIBILITY REMAIN PARTLY UNRESOLVED"
FULL_CONTROLLED_COMBINATION,WEEKLY,2024-02-16,GLOBAL_SEMICONDUCTORS,EXTENDED,,"{""GLOBAL_SEMICONDUCTORS"": 1.0}","{""GLOBAL_SEMICONDUCTORS"": 1.0}",1.0,2,POSITIVE,1.0,1.0,0.0,NO_TARGET_CHANGE,,"HISTORICAL UK RETAIL, ISA, ACCOUNT AND BROKER ELIGIBILITY REMAIN PARTLY UNRESOLVED"
FULL_CONTROLLED_COMBINATION,WEEKLY,2024-02-23,GLOBAL_SEMICONDUCTORS,EXTENDED,,"{""GLOBAL_SEMICONDUCTORS"": 1.0}","{""GLOBAL_SEMICONDUCTORS"": 1.0}",1.0,2,POSITIVE,1.0,1.0,0.0,NO_TARGET_CHANGE,,"HISTORICAL UK RETAIL, ISA, ACCOUNT AND BROKER ELIGIBILITY REMAIN PARTLY UNRESOLVED"
FULL_CONTROLLED_COMBINATION,WEEKLY,2024-02-29,GLOBAL_SEMICONDUCTORS,EXTENDED,,"{""GLOBAL_SEMICONDUCTORS"": 1.0}","{""GLOBAL_SEMICONDUCTORS"": 1.0}",1.0,2,POSITIVE,1.0,1.0,0.0,NO_TARGET_CHANGE,,"HISTORICAL UK RETAIL, ISA, ACCOUNT AND BROKER ELIGIBILITY REMAIN PARTLY UNRESOLVED"
FULL_CONTROLLED_COMBINATION,WEEKLY,2024-03-01,GLOBAL_SEMICONDUCTORS,EXTENDED,,"{""GLOBAL_SEMICONDUCTORS"": 1.0}","{""GLOBAL_SEMICONDUCTORS"": 1.0}",1.0,3,POSITIVE,1.0,1.0,0.0,NO_TARGET_CHANGE,,"HISTORICAL UK RETAIL, ISA, ACCOUNT AND BROKER ELIGIBILITY REMAIN PARTLY UNRESOLVED"
FULL_CONTROLLED_COMBINATION,WEEKLY,2024-03-08,GLOBAL_SEMICONDUCTORS,EXTENDED,,"{""GLOBAL_SEMICONDUCTORS"": 1.0}","{""GLOBAL_SEMICONDUCTORS"": 1.0}",1.0,2,POSITIVE,1.0,1.0,0.0,NO_TARGET_CHANGE,,"HISTORICAL UK RETAIL, ISA, ACCOUNT AND BROKER ELIGIBILITY REMAIN PARTLY UNRESOLVED"
FULL_CONTROLLED_COMBINATION,WEEKLY,2024-03-15,GLOBAL_SEMICONDUCTORS,EXTENDED,,"{""GLOBAL_SEMICONDUCTORS"": 1.0}","{""GLOBAL_SEMICONDUCTORS"": 1.0}",1.0,2,POSITIVE,1.0,1.0,0.0,NO_TARGET_CHANGE,,"HISTORICAL UK RETAIL, ISA, ACCOUNT AND BROKER ELIGIBILITY REMAIN PARTLY UNRESOLVED"
FULL_CONTROLLED_COMBINATION,WEEKLY,2024-03-22,GLOBAL_SEMICONDUCTORS,EXTENDED,,"{""GLOBAL_SEMICONDUCTORS"": 1.0}","{""GLOBAL_SEMICONDUCTORS"": 1.0}",1.0,2,POSITIVE,1.0,1.0,0.0,NO_TARGET_CHANGE,,"HISTORICAL UK RETAIL, ISA, ACCOUNT AND BROKER ELIGIBILITY REMAIN PARTLY UNRESOLVED"
FULL_CONTROLLED_COMBINATION,WEEKLY,2024-03-28,GLOBAL_SEMICONDUCTORS,EXTENDED,,"{""GLOBAL_SEMICONDUCTORS"": 1.0}","{""GLOBAL_SEMICONDUCTORS"": 1.0}",1.0,2,POSITIVE,1.0,1.0,0.0,NO_TARGET_CHANGE,,"HISTORICAL UK RETAIL, ISA, ACCOUNT AND BROKER ELIGIBILITY REMAIN PARTLY UNRESOLVED"
FULL_CONTROLLED_COMBINATION,WEEKLY,2024-04-05,GLOBAL_SEMICONDUCTORS,WEAKENING,,"{""GLOBAL_SEMICONDUCTORS"": 1.0}","{""GLOBAL_SEMICONDUCTORS"": 1.0}",1.0,4,STRONG,1.0,1.0,0.0,NO_TARGET_CHANGE,,"HISTORICAL UK RETAIL, ISA, ACCOUNT AND BROKER ELIGIBILITY REMAIN PARTLY UNRESOLVED"
FULL_CONTROLLED_COMBINATION,WEEKLY,2024-04-12,GLOBAL_SEMICONDUCTORS,WEAKENING,,"{""GLOBAL_SEMICONDUCTORS"": 1.0}","{""GLOBAL_SEMICONDUCTORS"": 1.0}",1.0,4,STRONG,1.0,1.0,0.0,NO_TARGET_CHANGE,,"HISTORICAL UK RETAIL, ISA, ACCOUNT AND BROKER ELIGIBILITY REMAIN PARTLY UNRESOLVED"
FULL_CONTROLLED_COMBINATION,WEEKLY,2024-04-19,GLOBAL_SEMICONDUCTORS,WEAKENING,,"{""GLOBAL_SEMICONDUCTORS"": 1.0}","{""GLOBAL_SEMICONDUCTORS"": 1.0}",1.0,5,STRONG,1.0,1.0,0.0,NO_TARGET_CHANGE,,"HISTORICAL UK RETAIL, ISA, ACCOUNT AND BROKER ELIGIBILITY REMAIN PARTLY UNRESOLVED"
FULL_CONTROLLED_COMBINATION,WEEKLY,2024-04-26,GLOBAL_SEMICONDUCTORS,WEAKENING,,"{""GLOBAL_SEMICONDUCTORS"": 1.0}","{""GLOBAL_SEMICONDUCTORS"": 1.0}",1.0,5,STRONG,1.0,1.0,0.0,NO_TARGET_CHANGE,,"HISTORICAL UK RETAIL, ISA, ACCOUNT AND BROKER ELIGIBILITY REMAIN PARTLY UNRESOLVED"
FULL_CONTROLLED_COMBINATION,WEEKLY,2024-04-30,EUROPE_BANKS,EXTENDED,,"{""EUROPE_BANKS"": 1.0}","{""EUROPE_BANKS"": 1.0}",1.0,5,STRONG,1.0,1.0,0.0,PLANNED,2024-05-01,"HISTORICAL UK RETAIL, ISA, ACCOUNT AND BROKER ELIGIBILITY REMAIN PARTLY UNRESOLVED"
FULL_CONTROLLED_COMBINATION,WEEKLY,2024-05-03,EUROPE_BANKS,EXTENDED,,"{""EUROPE_BANKS"": 1.0}","{""EUROPE_BANKS"": 1.0}",1.0,5,STRONG,1.0,1.0,0.0,NO_TARGET_CHANGE,,"HISTORICAL UK RETAIL, ISA, ACCOUNT AND BROKER ELIGIBILITY REMAIN PARTLY UNRESOLVED"
FULL_CONTROLLED_COMBINATION,WEEKLY,2024-05-10,EUROPE_BANKS,EXTENDED,,"{""EUROPE_BANKS"": 1.0}","{""EUROPE_BANKS"": 1.0}",1.0,4,MATURE,1.0,1.0,0.0,NO_TARGET_CHANGE,,"HISTORICAL UK RETAIL, ISA, ACCOUNT AND BROKER ELIGIBILITY REMAIN PARTLY UNRESOLVED"
FULL_CONTROLLED_COMBINATION,WEEKLY,2024-05-17,EUROPE_BANKS,EXTENDED,,"{""EUROPE_BANKS"": 1.0}","{""EUROPE_BANKS"": 1.0}",1.0,4,MATURE,1.0,1.0,0.0,NO_TARGET_CHANGE,,"HISTORICAL UK RETAIL, ISA, ACCOUNT AND BROKER ELIGIBILITY REMAIN PARTLY UNRESOLVED"
FULL_CONTROLLED_COMBINATION,WEEKLY,2024-05-24,EUROPE_BANKS,EXTENDED,,"{""EUROPE_BANKS"": 1.0}","{""EUROPE_BANKS"": 1.0}",1.0,4,MATURE,1.0,1.0,0.0,NO_TARGET_CHANGE,,"HISTORICAL UK RETAIL, ISA, ACCOUNT AND BROKER ELIGIBILITY REMAIN PARTLY UNRESOLVED"
FULL_CONTROLLED_COMBINATION,WEEKLY,2024-05-31,EUROPE_BANKS,EXTENDED,,"{""EUROPE_BANKS"": 1.0}","{""EUROPE_BANKS"": 1.0}",1.0,4,MATURE,1.0,1.0,0.0,NO_TARGET_CHANGE,,"HISTORICAL UK RETAIL, ISA, ACCOUNT AND BROKER ELIGIBILITY REMAIN PARTLY UNRESOLVED"
FULL_CONTROLLED_COMBINATION,WEEKLY,2024-06-07,EUROPE_BANKS,ESTABLISHED,,"{""EUROPE_BANKS"": 1.0}","{""EUROPE_BANKS"": 1.0}",1.0,2,DETERIORATING,1.0,1.0,0.0,NO_TARGET_CHANGE,,"HISTORICAL UK RETAIL, ISA, ACCOUNT AND BROKER ELIGIBILITY REMAIN PARTLY UNRESOLVED"
FULL_CONTROLLED_COMBINATION,WEEKLY,2024-06-14,EUROPE_BANKS,FAILED,,"{""EUROPE_BANKS"": 1.0}","{""EUROPE_BANKS"": 1.0}",1.0,1,DETERIORATING,1.0,1.0,0.0,NO_TARGET_CHANGE,,"HISTORICAL UK RETAIL, ISA, ACCOUNT AND BROKER ELIGIBILITY REMAIN PARTLY UNRESOLVED"
FULL_CONTROLLED_COMBINATION,WEEKLY,2024-06-21,EUROPE_BANKS,WEAKENING,,"{""EUROPE_BANKS"": 1.0}","{""EUROPE_BANKS"": 1.0}",1.0,2,DETERIORATING,1.0,1.0,0.0,NO_TARGET_CHANGE,,"HISTORICAL UK RETAIL, ISA, ACCOUNT AND BROKER ELIGIBILITY REMAIN PARTLY UNRESOLVED"
FULL_CONTROLLED_COMBINATION,WEEKLY,2024-06-28,GLOBAL_SEMICONDUCTORS,ESTABLISHED,,"{""GLOBAL_SEMICONDUCTORS"": 1.0}","{""GLOBAL_SEMICONDUCTORS"": 1.0}",1.0,1,DETERIORATING,1.0,1.0,0.0,PLANNED,2024-07-01,"HISTORICAL UK RETAIL, ISA, ACCOUNT AND BROKER ELIGIBILITY REMAIN PARTLY UNRESOLVED"
FULL_CONTROLLED_COMBINATION,WEEKLY,2024-07-05,GLOBAL_SEMICONDUCTORS,EXTENDED,,"{""GLOBAL_SEMICONDUCTORS"": 1.0}","{""GLOBAL_SEMICONDUCTORS"": 1.0}",1.0,2,DETERIORATING,1.0,1.0,0.0,NO_TARGET_CHANGE,,"HISTORICAL UK RETAIL, ISA, ACCOUNT AND BROKER ELIGIBILITY REMAIN PARTLY UNRESOLVED"
FULL_CONTROLLED_COMBINATION,WEEKLY,2024-07-12,GLOBAL_SEMICONDUCTORS,EXTENDED,,"{""GLOBAL_SEMICONDUCTORS"": 1.0}","{""GLOBAL_SEMICONDUCTORS"": 1.0}",1.0,2,DETERIORATING,1.0,1.0,0.0,NO_TARGET_CHANGE,,"HISTORICAL UK RETAIL, ISA, ACCOUNT AND BROKER ELIGIBILITY REMAIN PARTLY UNRESOLVED"
FULL_CONTROLLED_COMBINATION,WEEKLY,2024-07-19,GLOBAL_SEMICONDUCTORS,WEAKENING,GLOBAL_GENOMICS,"{""GLOBAL_GENOMICS"": 0.25, ""GLOBAL_SEMICONDUCTORS"": 0.75}","{""GLOBAL_GENOMICS"": 0.25, ""GLOBAL_SEMICONDUCTORS"": 0.75}",1.0,3,MATURE,1.0,1.0,0.0,PLANNED,2024-07-22,"HISTORICAL UK RETAIL, ISA, ACCOUNT AND BROKER ELIGIBILITY REMAIN PARTLY UNRESOLVED"
FULL_CONTROLLED_COMBINATION,WEEKLY,2024-07-26,GLOBAL_SEMICONDUCTORS,WEAKENING,GLOBAL_GENOMICS,"{""GLOBAL_GENOMICS"": 0.25, ""GLOBAL_SEMICONDUCTORS"": 0.75}","{""GLOBAL_GENOMICS"": 0.25, ""GLOBAL_SEMICONDUCTORS"": 0.75}",1.0,3,MATURE,1.0,1.0,0.0,NO_TARGET_CHANGE,,"HISTORICAL UK RETAIL, ISA, ACCOUNT AND BROKER ELIGIBILITY REMAIN PARTLY UNRESOLVED"
FULL_CONTROLLED_COMBINATION,WEEKLY,2024-07-31,GLOBAL_GOLD_MINERS,ESTABLISHED,,"{""GLOBAL_GOLD_MINERS"": 1.0}","{""GLOBAL_GOLD_MINERS"": 1.0}",1.0,3,MATURE,1.0,1.0,0.0,PLANNED,2024-08-01,"HISTORICAL UK RETAIL, ISA, ACCOUNT AND BROKER ELIGIBILITY REMAIN PARTLY UNRESOLVED"
FULL_CONTROLLED_COMBINATION,WEEKLY,2024-08-02,GLOBAL_GOLD_MINERS,ESTABLISHED,,"{""GLOBAL_GOLD_MINERS"": 1.0}","{""GLOBAL_GOLD_MINERS"": 1.0}",1.0,2,POSITIVE,1.0,1.0,0.0,NO_TARGET_CHANGE,,"HISTORICAL UK RETAIL, ISA, ACCOUNT AND BROKER ELIGIBILITY REMAIN PARTLY UNRESOLVED"
FULL_CONTROLLED_COMBINATION,WEEKLY,2024-08-09,GLOBAL_GOLD_MINERS,ESTABLISHED,,"{""GLOBAL_GOLD_MINERS"": 1.0}","{""GLOBAL_GOLD_MINERS"": 1.0}",1.0,3,POSITIVE,1.0,1.0,0.0,NO_TARGET_CHANGE,,"HISTORICAL UK RETAIL, ISA, ACCOUNT AND BROKER ELIGIBILITY REMAIN PARTLY UNRESOLVED"
FULL_CONTROLLED_COMBINATION,WEEKLY,2024-08-16,GLOBAL_GOLD_MINERS,ESTABLISHED,,"{""GLOBAL_GOLD_MINERS"": 1.0}","{""GLOBAL_GOLD_MINERS"": 1.0}",1.0,3,POSITIVE,1.0,1.0,0.0,NO_TARGET_CHANGE,,"HISTORICAL UK RETAIL, ISA, ACCOUNT AND BROKER ELIGIBILITY REMAIN PARTLY UNRESOLVED"
FULL_CONTROLLED_COMBINATION,WEEKLY,2024-08-23,GLOBAL_GOLD_MINERS,ESTABLISHED,,"{""GLOBAL_GOLD_MINERS"": 1.0}","{""GLOBAL_GOLD_MINERS"": 1.0}",1.0,3,POSITIVE,1.0,1.0,0.0,NO_TARGET_CHANGE,,"HISTORICAL UK RETAIL, ISA, ACCOUNT AND BROKER ELIGIBILITY REMAIN PARTLY UNRESOLVED"
FULL_CONTROLLED_COMBINATION,WEEKLY,2024-08-30,GLOBAL_GOLD_MINERS,ESTABLISHED,,"{""GLOBAL_GOLD_MINERS"": 1.0}","{""GLOBAL_GOLD_MINERS"": 1.0}",1.0,2,POSITIVE,1.0,1.0,0.0,NO_TARGET_CHANGE,,"HISTORICAL UK RETAIL, ISA, ACCOUNT AND BROKER ELIGIBILITY REMAIN PARTLY UNRESOLVED"
FULL_CONTROLLED_COMBINATION,WEEKLY,2024-09-06,GLOBAL_GOLD_MINERS,ESTABLISHED,,"{""GLOBAL_GOLD_MINERS"": 1.0}","{""GLOBAL_GOLD_MINERS"": 1.0}",1.0,3,POSITIVE,1.0,1.0,0.0,NO_TARGET_CHANGE,,"HISTORICAL UK RETAIL, ISA, ACCOUNT AND BROKER ELIGIBILITY REMAIN PARTLY UNRESOLVED"
FULL_CONTROLLED_COMBINATION,WEEKLY,2024-09-13,GLOBAL_GOLD_MINERS,EXTENDED,,"{""GLOBAL_GOLD_MINERS"": 1.0}","{""GLOBAL_GOLD_MINERS"": 1.0}",1.0,4,STRONG,1.0,1.0,0.0,NO_TARGET_CHANGE,,"HISTORICAL UK RETAIL, ISA, ACCOUNT AND BROKER ELIGIBILITY REMAIN PARTLY UNRESOLVED"
FULL_CONTROLLED_COMBINATION,WEEKLY,2024-09-20,GLOBAL_GOLD_MINERS,ESTABLISHED,,"{""GLOBAL_GOLD_MINERS"": 1.0}","{""GLOBAL_GOLD_MINERS"": 1.0}",1.0,3,MATURE,1.0,1.0,0.0,NO_TARGET_CHANGE,,"HISTORICAL UK RETAIL, ISA, ACCOUNT AND BROKER ELIGIBILITY REMAIN PARTLY UNRESOLVED"
FULL_CONTROLLED_COMBINATION,WEEKLY,2024-09-27,GLOBAL_GOLD_MINERS,ESTABLISHED,,"{""GLOBAL_GOLD_MINERS"": 1.0}","{""GLOBAL_GOLD_MINERS"": 1.0}",1.0,4,STRONG,1.0,1.0,0.0,NO_TARGET_CHANGE,,"HISTORICAL UK RETAIL, ISA, ACCOUNT AND BROKER ELIGIBILITY REMAIN PARTLY UNRESOLVED"
FULL_CONTROLLED_COMBINATION,WEEKLY,2024-09-30,GLOBAL_GOLD_MINERS,WEAKENING,,"{""GLOBAL_GOLD_MINERS"": 1.0}","{""GLOBAL_GOLD_MINERS"": 1.0}",1.0,4,STRONG,1.0,1.0,0.0,NO_TARGET_CHANGE,,"HISTORICAL UK RETAIL, ISA, ACCOUNT AND BROKER ELIGIBILITY REMAIN PARTLY UNRESOLVED"
FULL_CONTROLLED_COMBINATION,WEEKLY,2024-10-04,GLOBAL_GOLD_MINERS,WEAKENING,,"{""GLOBAL_GOLD_MINERS"": 1.0}","{""GLOBAL_GOLD_MINERS"": 1.0}",1.0,3,MATURE,1.0,1.0,0.0,NO_TARGET_CHANGE,,"HISTORICAL UK RETAIL, ISA, ACCOUNT AND BROKER ELIGIBILITY REMAIN PARTLY UNRESOLVED"
FULL_CONTROLLED_COMBINATION,WEEKLY,2024-10-11,GLOBAL_GOLD_MINERS,WEAKENING,,"{""GLOBAL_GOLD_MINERS"": 1.0}","{""GLOBAL_GOLD_MINERS"": 1.0}",1.0,3,MATURE,1.0,1.0,0.0,NO_TARGET_CHANGE,,"HISTORICAL UK RETAIL, ISA, ACCOUNT AND BROKER ELIGIBILITY REMAIN PARTLY UNRESOLVED"
FULL_CONTROLLED_COMBINATION,WEEKLY,2024-10-18,GLOBAL_GOLD_MINERS,ESTABLISHED,,"{""GLOBAL_GOLD_MINERS"": 1.0}","{""GLOBAL_GOLD_MINERS"": 1.0}",1.0,3,MATURE,1.0,1.0,0.0,NO_TARGET_CHANGE,,"HISTORICAL UK RETAIL, ISA, ACCOUNT AND BROKER ELIGIBILITY REMAIN PARTLY UNRESOLVED"
FULL_CONTROLLED_COMBINATION,WEEKLY,2024-10-25,GLOBAL_GOLD_MINERS,OTHER,,"{""GLOBAL_GOLD_MINERS"": 1.0}","{""GLOBAL_GOLD_MINERS"": 1.0}",1.0,2,DETERIORATING,1.0,1.0,0.0,NO_TARGET_CHANGE,,"HISTORICAL UK RETAIL, ISA, ACCOUNT AND BROKER ELIGIBILITY REMAIN PARTLY UNRESOLVED"
FULL_CONTROLLED_COMBINATION,WEEKLY,2024-10-31,GLOBAL_GOLD_MINERS,ESTABLISHED,,"{""GLOBAL_GOLD_MINERS"": 1.0}","{""GLOBAL_GOLD_MINERS"": 1.0}",1.0,2,DETERIORATING,1.0,1.0,0.0,NO_TARGET_CHANGE,,"HISTORICAL UK RETAIL, ISA, ACCOUNT AND BROKER ELIGIBILITY REMAIN PARTLY UNRESOLVED"
FULL_CONTROLLED_COMBINATION,WEEKLY,2024-11-01,GLOBAL_GOLD_MINERS,ESTABLISHED,,"{""GLOBAL_GOLD_MINERS"": 1.0}","{""GLOBAL_GOLD_MINERS"": 1.0}",1.0,4,STRONG,1.0,1.0,0.0,NO_TARGET_CHANGE,,"HISTORICAL UK RETAIL, ISA, ACCOUNT AND BROKER ELIGIBILITY REMAIN PARTLY UNRESOLVED"
FULL_CONTROLLED_COMBINATION,WEEKLY,2024-11-08,GLOBAL_GOLD_MINERS,OTHER,,"{""GLOBAL_GOLD_MINERS"": 1.0}","{""GLOBAL_GOLD_MINERS"": 1.0}",1.0,3,MATURE,1.0,1.0,0.0,NO_TARGET_CHANGE,,"HISTORICAL UK RETAIL, ISA, ACCOUNT AND BROKER ELIGIBILITY REMAIN PARTLY UNRESOLVED"
FULL_CONTROLLED_COMBINATION,WEEKLY,2024-11-15,GLOBAL_GOLD_MINERS,FAILED,,"{""GLOBAL_GOLD_MINERS"": 1.0}","{""GLOBAL_GOLD_MINERS"": 1.0}",1.0,2,DETERIORATING,1.0,1.0,0.0,NO_TARGET_CHANGE,,"HISTORICAL UK RETAIL, ISA, ACCOUNT AND BROKER ELIGIBILITY REMAIN PARTLY UNRESOLVED"
FULL_CONTROLLED_COMBINATION,WEEKLY,2024-11-22,GLOBAL_GOLD_MINERS,FAILED,,"{""GLOBAL_GOLD_MINERS"": 1.0}","{""GLOBAL_GOLD_MINERS"": 1.0}",1.0,3,MATURE,1.0,1.0,0.0,NO_TARGET_CHANGE,,"HISTORICAL UK RETAIL, ISA, ACCOUNT AND BROKER ELIGIBILITY REMAIN PARTLY UNRESOLVED"
FULL_CONTROLLED_COMBINATION,WEEKLY,2024-11-29,GLOBAL_SOFTWARE,EXTENDED,,"{""GLOBAL_SOFTWARE"": 1.0}","{""GLOBAL_SOFTWARE"": 1.0}",1.0,3,MATURE,1.0,1.0,0.0,PLANNED,2024-12-02,"HISTORICAL UK RETAIL, ISA, ACCOUNT AND BROKER ELIGIBILITY REMAIN PARTLY UNRESOLVED"
FULL_CONTROLLED_COMBINATION,WEEKLY,2024-12-06,GLOBAL_SOFTWARE,EXTENDED,,"{""GLOBAL_SOFTWARE"": 1.0}","{""GLOBAL_SOFTWARE"": 1.0}",1.0,3,MATURE,1.0,1.0,0.0,NO_TARGET_CHANGE,,"HISTORICAL UK RETAIL, ISA, ACCOUNT AND BROKER ELIGIBILITY REMAIN PARTLY UNRESOLVED"
FULL_CONTROLLED_COMBINATION,WEEKLY,2024-12-13,GLOBAL_SOFTWARE,EXTENDED,,"{""GLOBAL_SOFTWARE"": 1.0}","{""GLOBAL_SOFTWARE"": 1.0}",1.0,3,MATURE,1.0,1.0,0.0,NO_TARGET_CHANGE,,"HISTORICAL UK RETAIL, ISA, ACCOUNT AND BROKER ELIGIBILITY REMAIN PARTLY UNRESOLVED"
FULL_CONTROLLED_COMBINATION,WEEKLY,2024-12-20,GLOBAL_SOFTWARE,EXTENDED,,"{""GLOBAL_SOFTWARE"": 1.0}","{""GLOBAL_SOFTWARE"": 1.0}",1.0,3,MATURE,1.0,1.0,0.0,NO_TARGET_CHANGE,,"HISTORICAL UK RETAIL, ISA, ACCOUNT AND BROKER ELIGIBILITY REMAIN PARTLY UNRESOLVED"
FULL_CONTROLLED_COMBINATION,WEEKLY,2024-12-27,GLOBAL_SOFTWARE,EXTENDED,,"{""GLOBAL_SOFTWARE"": 1.0}","{""GLOBAL_SOFTWARE"": 1.0}",1.0,2,DETERIORATING,1.0,1.0,0.0,NO_TARGET_CHANGE,,"HISTORICAL UK RETAIL, ISA, ACCOUNT AND BROKER ELIGIBILITY REMAIN PARTLY UNRESOLVED"
FULL_CONTROLLED_COMBINATION,WEEKLY,2024-12-31,GLOBAL_SOFTWARE,EXTENDED,,"{""GLOBAL_SOFTWARE"": 1.0}","{""GLOBAL_SOFTWARE"": 1.0}",1.0,2,DETERIORATING,1.0,1.0,0.0,NO_TARGET_CHANGE,,"HISTORICAL UK RETAIL, ISA, ACCOUNT AND BROKER ELIGIBILITY REMAIN PARTLY UNRESOLVED"
FULL_CONTROLLED_COMBINATION,WEEKLY,2025-01-03,GLOBAL_SOFTWARE,EXTENDED,,"{""GLOBAL_SOFTWARE"": 1.0}","{""GLOBAL_SOFTWARE"": 1.0}",1.0,2,POSITIVE,1.0,1.0,0.0,NO_TARGET_CHANGE,,"HISTORICAL UK RETAIL, ISA, ACCOUNT AND BROKER ELIGIBILITY REMAIN PARTLY UNRESOLVED"
FULL_CONTROLLED_COMBINATION,WEEKLY,2025-01-10,GLOBAL_SOFTWARE,WEAKENING,,"{""GLOBAL_SOFTWARE"": 1.0}","{""GLOBAL_SOFTWARE"": 1.0}",1.0,1,POSITIVE,1.0,1.0,0.0,NO_TARGET_CHANGE,,"HISTORICAL UK RETAIL, ISA, ACCOUNT AND BROKER ELIGIBILITY REMAIN PARTLY UNRESOLVED"
FULL_CONTROLLED_COMBINATION,WEEKLY,2025-01-17,GLOBAL_SOFTWARE,WEAKENING,,"{""GLOBAL_SOFTWARE"": 1.0}","{""GLOBAL_SOFTWARE"": 1.0}",1.0,2,POSITIVE,1.0,1.0,0.0,NO_TARGET_CHANGE,,"HISTORICAL UK RETAIL, ISA, ACCOUNT AND BROKER ELIGIBILITY REMAIN PARTLY UNRESOLVED"
FULL_CONTROLLED_COMBINATION,WEEKLY,2025-01-24,GLOBAL_SOFTWARE,WEAKENING,,"{""GLOBAL_SOFTWARE"": 1.0}","{""GLOBAL_SOFTWARE"": 1.0}",1.0,2,POSITIVE,1.0,1.0,0.0,NO_TARGET_CHANGE,,"HISTORICAL UK RETAIL, ISA, ACCOUNT AND BROKER ELIGIBILITY REMAIN PARTLY UNRESOLVED"
FULL_CONTROLLED_COMBINATION,WEEKLY,2025-01-31,GLOBAL_SOFTWARE,WEAKENING,,"{""GLOBAL_SOFTWARE"": 1.0}","{""GLOBAL_SOFTWARE"": 1.0}",1.0,2,POSITIVE,1.0,1.0,0.0,NO_TARGET_CHANGE,,"HISTORICAL UK RETAIL, ISA, ACCOUNT AND BROKER ELIGIBILITY REMAIN PARTLY UNRESOLVED"
FULL_CONTROLLED_COMBINATION,WEEKLY,2025-02-07,GLOBAL_SOFTWARE,OTHER,,"{""GLOBAL_SOFTWARE"": 1.0}","{""GLOBAL_SOFTWARE"": 1.0}",1.0,3,POSITIVE,1.0,1.0,0.0,NO_TARGET_CHANGE,,"HISTORICAL UK RETAIL, ISA, ACCOUNT AND BROKER ELIGIBILITY REMAIN PARTLY UNRESOLVED"
FULL_CONTROLLED_COMBINATION,WEEKLY,2025-02-14,GLOBAL_SOFTWARE,OTHER,,"{""GLOBAL_SOFTWARE"": 1.0}","{""GLOBAL_SOFTWARE"": 1.0}",1.0,3,POSITIVE,1.0,1.0,0.0,NO_TARGET_CHANGE,,"HISTORICAL UK RETAIL, ISA, ACCOUNT AND BROKER ELIGIBILITY REMAIN PARTLY UNRESOLVED"
FULL_CONTROLLED_COMBINATION,WEEKLY,2025-02-21,GLOBAL_SOFTWARE,FAILED,,"{""GLOBAL_SOFTWARE"": 1.0}","{""GLOBAL_SOFTWARE"": 1.0}",1.0,4,STRONG,1.0,1.0,0.0,NO_TARGET_CHANGE,,"HISTORICAL UK RETAIL, ISA, ACCOUNT AND BROKER ELIGIBILITY REMAIN PARTLY UNRESOLVED"
FULL_CONTROLLED_COMBINATION,WEEKLY,2025-02-28,EUROPE_BANKS,EXTENDED,,"{""EUROPE_BANKS"": 1.0}","{""EUROPE_BANKS"": 1.0}",1.0,4,STRONG,1.0,1.0,0.0,PLANNED,2025-03-03,"HISTORICAL UK RETAIL, ISA, ACCOUNT AND BROKER ELIGIBILITY REMAIN PARTLY UNRESOLVED"
FULL_CONTROLLED_COMBINATION,WEEKLY,2025-03-07,EUROPE_BANKS,EXTENDED,,"{""EUROPE_BANKS"": 1.0}","{""EUROPE_BANKS"": 1.0}",1.0,4,STRONG,1.0,1.0,0.0,NO_TARGET_CHANGE,,"HISTORICAL UK RETAIL, ISA, ACCOUNT AND BROKER ELIGIBILITY REMAIN PARTLY UNRESOLVED"
FULL_CONTROLLED_COMBINATION,WEEKLY,2025-03-14,EUROPE_BANKS,EXTENDED,,"{""EUROPE_BANKS"": 1.0}","{""EUROPE_BANKS"": 1.0}",1.0,4,STRONG,1.0,1.0,0.0,NO_TARGET_CHANGE,,"HISTORICAL UK RETAIL, ISA, ACCOUNT AND BROKER ELIGIBILITY REMAIN PARTLY UNRESOLVED"
FULL_CONTROLLED_COMBINATION,WEEKLY,2025-03-21,EUROPE_BANKS,EXTENDED,,"{""EUROPE_BANKS"": 1.0}","{""EUROPE_BANKS"": 1.0}",1.0,4,STRONG,1.0,1.0,0.0,NO_TARGET_CHANGE,,"HISTORICAL UK RETAIL, ISA, ACCOUNT AND BROKER ELIGIBILITY REMAIN PARTLY UNRESOLVED"
FULL_CONTROLLED_COMBINATION,WEEKLY,2025-03-28,EUROPE_BANKS,OTHER,,"{""EUROPE_BANKS"": 1.0}","{""EUROPE_BANKS"": 1.0}",1.0,4,STRONG,1.0,1.0,0.0,NO_TARGET_CHANGE,,"HISTORICAL UK RETAIL, ISA, ACCOUNT AND BROKER ELIGIBILITY REMAIN PARTLY UNRESOLVED"
FULL_CONTROLLED_COMBINATION,WEEKLY,2025-03-31,GLOBAL_GOLD_MINERS,EXTENDED,,"{""GLOBAL_GOLD_MINERS"": 1.0}","{""GLOBAL_GOLD_MINERS"": 1.0}",1.0,4,STRONG,1.0,1.0,0.0,PLANNED,2025-04-01,"HISTORICAL UK RETAIL, ISA, ACCOUNT AND BROKER ELIGIBILITY REMAIN PARTLY UNRESOLVED"
FULL_CONTROLLED_COMBINATION,WEEKLY,2025-04-04,GLOBAL_GOLD_MINERS,EXTENDED,,"{""GLOBAL_GOLD_MINERS"": 1.0}","{""GLOBAL_GOLD_MINERS"": 1.0}",1.0,2,HOSTILE,1.0,1.0,0.0,NO_TARGET_CHANGE,,"HISTORICAL UK RETAIL, ISA, ACCOUNT AND BROKER ELIGIBILITY REMAIN PARTLY UNRESOLVED"
FULL_CONTROLLED_COMBINATION,WEEKLY,2025-04-11,GLOBAL_GOLD_MINERS,EXTENDED,,"{""GLOBAL_GOLD_MINERS"": 1.0}","{""GLOBAL_GOLD_MINERS"": 1.0}",1.0,2,HOSTILE,1.0,1.0,0.0,NO_TARGET_CHANGE,,"HISTORICAL UK RETAIL, ISA, ACCOUNT AND BROKER ELIGIBILITY REMAIN PARTLY UNRESOLVED"
FULL_CONTROLLED_COMBINATION,WEEKLY,2025-04-17,GLOBAL_GOLD_MINERS,EXTENDED,,"{""GLOBAL_GOLD_MINERS"": 1.0}","{""GLOBAL_GOLD_MINERS"": 1.0}",1.0,2,HOSTILE,1.0,1.0,0.0,NO_TARGET_CHANGE,,"HISTORICAL UK RETAIL, ISA, ACCOUNT AND BROKER ELIGIBILITY REMAIN PARTLY UNRESOLVED"
FULL_CONTROLLED_COMBINATION,WEEKLY,2025-04-25,GLOBAL_GOLD_MINERS,EXTENDED,,"{""GLOBAL_GOLD_MINERS"": 1.0}","{""GLOBAL_GOLD_MINERS"": 1.0}",1.0,2,HOSTILE,1.0,1.0,0.0,NO_TARGET_CHANGE,,"HISTORICAL UK RETAIL, ISA, ACCOUNT AND BROKER ELIGIBILITY REMAIN PARTLY UNRESOLVED"
FULL_CONTROLLED_COMBINATION,WEEKLY,2025-04-30,GLOBAL_GOLD_MINERS,EXTENDED,,"{""GLOBAL_GOLD_MINERS"": 1.0}","{""GLOBAL_GOLD_MINERS"": 1.0}",1.0,2,HOSTILE,1.0,1.0,0.0,NO_TARGET_CHANGE,,"HISTORICAL UK RETAIL, ISA, ACCOUNT AND BROKER ELIGIBILITY REMAIN PARTLY UNRESOLVED"
FULL_CONTROLLED_COMBINATION,WEEKLY,2025-05-02,GLOBAL_GOLD_MINERS,OTHER,,"{""GLOBAL_GOLD_MINERS"": 1.0}","{""GLOBAL_GOLD_MINERS"": 1.0}",1.0,2,HOSTILE,1.0,1.0,0.0,NO_TARGET_CHANGE,,"HISTORICAL UK RETAIL, ISA, ACCOUNT AND BROKER ELIGIBILITY REMAIN PARTLY UNRESOLVED"
FULL_CONTROLLED_COMBINATION,WEEKLY,2025-05-09,GLOBAL_GOLD_MINERS,OTHER,,"{""GLOBAL_GOLD_MINERS"": 1.0}","{""GLOBAL_GOLD_MINERS"": 1.0}",1.0,2,HOSTILE,1.0,1.0,0.0,NO_TARGET_CHANGE,,"HISTORICAL UK RETAIL, ISA, ACCOUNT AND BROKER ELIGIBILITY REMAIN PARTLY UNRESOLVED"
FULL_CONTROLLED_COMBINATION,WEEKLY,2025-05-16,GLOBAL_GOLD_MINERS,WEAKENING,,"{""GLOBAL_GOLD_MINERS"": 1.0}","{""GLOBAL_GOLD_MINERS"": 1.0}",1.0,3,MATURE,1.0,1.0,0.0,NO_TARGET_CHANGE,,"HISTORICAL UK RETAIL, ISA, ACCOUNT AND BROKER ELIGIBILITY REMAIN PARTLY UNRESOLVED"
FULL_CONTROLLED_COMBINATION,WEEKLY,2025-05-23,GLOBAL_GOLD_MINERS,WEAKENING,,"{""GLOBAL_GOLD_MINERS"": 1.0}","{""GLOBAL_GOLD_MINERS"": 1.0}",1.0,2,HOSTILE,1.0,1.0,0.0,NO_TARGET_CHANGE,,"HISTORICAL UK RETAIL, ISA, ACCOUNT AND BROKER ELIGIBILITY REMAIN PARTLY UNRESOLVED"
FULL_CONTROLLED_COMBINATION,WEEKLY,2025-05-30,GLOBAL_GOLD_MINERS,WEAKENING,GLOBAL_URANIUM_NUCLEAR,"{""GLOBAL_GOLD_MINERS"": 0.75, ""GLOBAL_URANIUM_NUCLEAR"": 0.25}","{""GLOBAL_GOLD_MINERS"": 0.75, ""GLOBAL_URANIUM_NUCLEAR"": 0.25}",1.0,2,HOSTILE,1.0,1.0,0.0,PLANNED,2025-06-02,"HISTORICAL UK RETAIL, ISA, ACCOUNT AND BROKER ELIGIBILITY REMAIN PARTLY UNRESOLVED"
FULL_CONTROLLED_COMBINATION,WEEKLY,2025-06-06,GLOBAL_GOLD_MINERS,WEAKENING,,"{""GLOBAL_GOLD_MINERS"": 1.0}","{""GLOBAL_GOLD_MINERS"": 1.0}",1.0,4,STRONG,1.0,1.0,0.0,PLANNED,2025-06-09,"HISTORICAL UK RETAIL, ISA, ACCOUNT AND BROKER ELIGIBILITY REMAIN PARTLY UNRESOLVED"
FULL_CONTROLLED_COMBINATION,WEEKLY,2025-06-13,GLOBAL_GOLD_MINERS,WEAKENING,GLOBAL_URANIUM_NUCLEAR,"{""GLOBAL_GOLD_MINERS"": 0.75, ""GLOBAL_URANIUM_NUCLEAR"": 0.25}","{""GLOBAL_GOLD_MINERS"": 0.75, ""GLOBAL_URANIUM_NUCLEAR"": 0.25}",1.0,3,MATURE,1.0,1.0,0.0,PLANNED,2025-06-16,"HISTORICAL UK RETAIL, ISA, ACCOUNT AND BROKER ELIGIBILITY REMAIN PARTLY UNRESOLVED"
FULL_CONTROLLED_COMBINATION,WEEKLY,2025-06-20,GLOBAL_GOLD_MINERS,ESTABLISHED,GLOBAL_URANIUM_NUCLEAR,"{""GLOBAL_GOLD_MINERS"": 0.5, ""GLOBAL_URANIUM_NUCLEAR"": 0.5}","{""GLOBAL_GOLD_MINERS"": 0.5, ""GLOBAL_URANIUM_NUCLEAR"": 0.5}",1.0,3,MATURE,1.0,1.0,0.0,PLANNED,2025-06-23,"HISTORICAL UK RETAIL, ISA, ACCOUNT AND BROKER ELIGIBILITY REMAIN PARTLY UNRESOLVED"
FULL_CONTROLLED_COMBINATION,WEEKLY,2025-06-27,GLOBAL_GOLD_MINERS,WEAKENING,GLOBAL_URANIUM_NUCLEAR,"{""GLOBAL_GOLD_MINERS"": 0.5, ""GLOBAL_URANIUM_NUCLEAR"": 0.5}","{""GLOBAL_GOLD_MINERS"": 0.5, ""GLOBAL_URANIUM_NUCLEAR"": 0.5}",1.0,2,DETERIORATING,1.0,1.0,0.0,NO_TARGET_CHANGE,,"HISTORICAL UK RETAIL, ISA, ACCOUNT AND BROKER ELIGIBILITY REMAIN PARTLY UNRESOLVED"
FULL_CONTROLLED_COMBINATION,WEEKLY,2025-06-30,EUROPE_BANKS,WEAKENING,,"{""EUROPE_BANKS"": 1.0}","{""EUROPE_BANKS"": 1.0}",1.0,2,DETERIORATING,1.0,1.0,0.0,PLANNED,2025-07-01,"HISTORICAL UK RETAIL, ISA, ACCOUNT AND BROKER ELIGIBILITY REMAIN PARTLY UNRESOLVED"
FULL_CONTROLLED_COMBINATION,WEEKLY,2025-07-04,EUROPE_BANKS,OTHER,,"{""EUROPE_BANKS"": 1.0}","{""EUROPE_BANKS"": 1.0}",1.0,2,DETERIORATING,1.0,1.0,0.0,NO_TARGET_CHANGE,,"HISTORICAL UK RETAIL, ISA, ACCOUNT AND BROKER ELIGIBILITY REMAIN PARTLY UNRESOLVED"
FULL_CONTROLLED_COMBINATION,WEEKLY,2025-07-11,EUROPE_BANKS,OTHER,,"{""EUROPE_BANKS"": 1.0}","{""EUROPE_BANKS"": 1.0}",1.0,1,DETERIORATING,1.0,1.0,0.0,NO_TARGET_CHANGE,,"HISTORICAL UK RETAIL, ISA, ACCOUNT AND BROKER ELIGIBILITY REMAIN PARTLY UNRESOLVED"
FULL_CONTROLLED_COMBINATION,WEEKLY,2025-07-18,EUROPE_BANKS,WEAKENING,,"{""EUROPE_BANKS"": 1.0}","{""EUROPE_BANKS"": 1.0}",1.0,5,STRONG,1.0,1.0,0.0,NO_TARGET_CHANGE,,"HISTORICAL UK RETAIL, ISA, ACCOUNT AND BROKER ELIGIBILITY REMAIN PARTLY UNRESOLVED"
FULL_CONTROLLED_COMBINATION,WEEKLY,2025-07-25,EUROPE_BANKS,OTHER,,"{""EUROPE_BANKS"": 1.0}","{""EUROPE_BANKS"": 1.0}",1.0,4,MATURE,1.0,1.0,0.0,NO_TARGET_CHANGE,,"HISTORICAL UK RETAIL, ISA, ACCOUNT AND BROKER ELIGIBILITY REMAIN PARTLY UNRESOLVED"
FULL_CONTROLLED_COMBINATION,WEEKLY,2025-07-31,EUROPE_BANKS,ESTABLISHED,,"{""EUROPE_BANKS"": 1.0}","{""EUROPE_BANKS"": 1.0}",1.0,4,MATURE,1.0,1.0,0.0,NO_TARGET_CHANGE,,"HISTORICAL UK RETAIL, ISA, ACCOUNT AND BROKER ELIGIBILITY REMAIN PARTLY UNRESOLVED"
FULL_CONTROLLED_COMBINATION,WEEKLY,2025-08-01,EUROPE_BANKS,CONFIRMING,,"{""EUROPE_BANKS"": 1.0}","{""EUROPE_BANKS"": 1.0}",1.0,3,DETERIORATING,1.0,1.0,0.0,NO_TARGET_CHANGE,,"HISTORICAL UK RETAIL, ISA, ACCOUNT AND BROKER ELIGIBILITY REMAIN PARTLY UNRESOLVED"
FULL_CONTROLLED_COMBINATION,WEEKLY,2025-08-08,EUROPE_BANKS,ESTABLISHED,,"{""EUROPE_BANKS"": 1.0}","{""EUROPE_BANKS"": 1.0}",1.0,3,DETERIORATING,1.0,1.0,0.0,NO_TARGET_CHANGE,,"HISTORICAL UK RETAIL, ISA, ACCOUNT AND BROKER ELIGIBILITY REMAIN PARTLY UNRESOLVED"
FULL_CONTROLLED_COMBINATION,WEEKLY,2025-08-15,EUROPE_BANKS,ESTABLISHED,,"{""EUROPE_BANKS"": 1.0}","{""EUROPE_BANKS"": 1.0}",1.0,4,MATURE,1.0,1.0,0.0,NO_TARGET_CHANGE,,"HISTORICAL UK RETAIL, ISA, ACCOUNT AND BROKER ELIGIBILITY REMAIN PARTLY UNRESOLVED"
FULL_CONTROLLED_COMBINATION,WEEKLY,2025-08-22,EUROPE_BANKS,CONFIRMING,,"{""EUROPE_BANKS"": 1.0}","{""EUROPE_BANKS"": 1.0}",1.0,4,MATURE,1.0,1.0,0.0,NO_TARGET_CHANGE,,"HISTORICAL UK RETAIL, ISA, ACCOUNT AND BROKER ELIGIBILITY REMAIN PARTLY UNRESOLVED"
FULL_CONTROLLED_COMBINATION,WEEKLY,2025-08-29,GLOBAL_SILVER_MINERS,ESTABLISHED,,"{""GLOBAL_SILVER_MINERS"": 1.0}","{""GLOBAL_SILVER_MINERS"": 1.0}",1.0,2,DETERIORATING,1.0,1.0,0.0,PLANNED,2025-09-01,"HISTORICAL UK RETAIL, ISA, ACCOUNT AND BROKER ELIGIBILITY REMAIN PARTLY UNRESOLVED"
FULL_CONTROLLED_COMBINATION,WEEKLY,2025-09-05,GLOBAL_SILVER_MINERS,ESTABLISHED,,"{""GLOBAL_SILVER_MINERS"": 1.0}","{""GLOBAL_SILVER_MINERS"": 1.0}",1.0,3,DETERIORATING,1.0,1.0,0.0,NO_TARGET_CHANGE,,"HISTORICAL UK RETAIL, ISA, ACCOUNT AND BROKER ELIGIBILITY REMAIN PARTLY UNRESOLVED"
FULL_CONTROLLED_COMBINATION,WEEKLY,2025-09-12,GLOBAL_SILVER_MINERS,CONFIRMING,,"{""GLOBAL_SILVER_MINERS"": 1.0}","{""GLOBAL_SILVER_MINERS"": 1.0}",1.0,2,DETERIORATING,1.0,1.0,0.0,NO_TARGET_CHANGE,,"HISTORICAL UK RETAIL, ISA, ACCOUNT AND BROKER ELIGIBILITY REMAIN PARTLY UNRESOLVED"
FULL_CONTROLLED_COMBINATION,WEEKLY,2025-09-19,GLOBAL_SILVER_MINERS,EXTENDED,,"{""GLOBAL_SILVER_MINERS"": 1.0}","{""GLOBAL_SILVER_MINERS"": 1.0}",1.0,3,MATURE,1.0,1.0,0.0,NO_TARGET_CHANGE,,"HISTORICAL UK RETAIL, ISA, ACCOUNT AND BROKER ELIGIBILITY REMAIN PARTLY UNRESOLVED"
FULL_CONTROLLED_COMBINATION,WEEKLY,2025-09-26,GLOBAL_SILVER_MINERS,EXTENDED,,"{""GLOBAL_SILVER_MINERS"": 1.0}","{""GLOBAL_SILVER_MINERS"": 1.0}",1.0,3,MATURE,1.0,1.0,0.0,NO_TARGET_CHANGE,,"HISTORICAL UK RETAIL, ISA, ACCOUNT AND BROKER ELIGIBILITY REMAIN PARTLY UNRESOLVED"
FULL_CONTROLLED_COMBINATION,WEEKLY,2025-09-30,GLOBAL_SILVER_MINERS,EXTENDED,,"{""GLOBAL_SILVER_MINERS"": 1.0}","{""GLOBAL_SILVER_MINERS"": 1.0}",1.0,3,MATURE,1.0,1.0,0.0,NO_TARGET_CHANGE,,"HISTORICAL UK RETAIL, ISA, ACCOUNT AND BROKER ELIGIBILITY REMAIN PARTLY UNRESOLVED"
FULL_CONTROLLED_COMBINATION,WEEKLY,2025-10-03,GLOBAL_SILVER_MINERS,OTHER,,"{""GLOBAL_SILVER_MINERS"": 1.0}","{""GLOBAL_SILVER_MINERS"": 1.0}",1.0,3,MATURE,1.0,1.0,0.0,NO_TARGET_CHANGE,,"HISTORICAL UK RETAIL, ISA, ACCOUNT AND BROKER ELIGIBILITY REMAIN PARTLY UNRESOLVED"
FULL_CONTROLLED_COMBINATION,WEEKLY,2025-10-10,GLOBAL_SILVER_MINERS,EXTENDED,,"{""GLOBAL_SILVER_MINERS"": 1.0}","{""GLOBAL_SILVER_MINERS"": 1.0}",1.0,4,STRONG,1.0,1.0,0.0,NO_TARGET_CHANGE,,"HISTORICAL UK RETAIL, ISA, ACCOUNT AND BROKER ELIGIBILITY REMAIN PARTLY UNRESOLVED"
FULL_CONTROLLED_COMBINATION,WEEKLY,2025-10-17,GLOBAL_SILVER_MINERS,EXTENDED,,"{""GLOBAL_SILVER_MINERS"": 1.0}","{""GLOBAL_SILVER_MINERS"": 1.0}",1.0,4,STRONG,1.0,1.0,0.0,NO_TARGET_CHANGE,,"HISTORICAL UK RETAIL, ISA, ACCOUNT AND BROKER ELIGIBILITY REMAIN PARTLY UNRESOLVED"
FULL_CONTROLLED_COMBINATION,WEEKLY,2025-10-24,GLOBAL_SILVER_MINERS,WEAKENING,,"{""GLOBAL_SILVER_MINERS"": 1.0}","{""GLOBAL_SILVER_MINERS"": 1.0}",1.0,3,MATURE,1.0,1.0,0.0,NO_TARGET_CHANGE,,"HISTORICAL UK RETAIL, ISA, ACCOUNT AND BROKER ELIGIBILITY REMAIN PARTLY UNRESOLVED"
FULL_CONTROLLED_COMBINATION,WEEKLY,2025-10-31,GLOBAL_SILVER_MINERS,WEAKENING,,"{""GLOBAL_SILVER_MINERS"": 1.0}","{""GLOBAL_SILVER_MINERS"": 1.0}",1.0,4,STRONG,1.0,1.0,0.0,NO_TARGET_CHANGE,,"HISTORICAL UK RETAIL, ISA, ACCOUNT AND BROKER ELIGIBILITY REMAIN PARTLY UNRESOLVED"
FULL_CONTROLLED_COMBINATION,WEEKLY,2025-11-07,GLOBAL_SILVER_MINERS,WEAKENING,,"{""GLOBAL_SILVER_MINERS"": 1.0}","{""GLOBAL_SILVER_MINERS"": 1.0}",1.0,2,DETERIORATING,1.0,1.0,0.0,NO_TARGET_CHANGE,,"HISTORICAL UK RETAIL, ISA, ACCOUNT AND BROKER ELIGIBILITY REMAIN PARTLY UNRESOLVED"
FULL_CONTROLLED_COMBINATION,WEEKLY,2025-11-14,GLOBAL_SILVER_MINERS,WEAKENING,,"{""GLOBAL_SILVER_MINERS"": 1.0}","{""GLOBAL_SILVER_MINERS"": 1.0}",1.0,4,STRONG,1.0,1.0,0.0,NO_TARGET_CHANGE,,"HISTORICAL UK RETAIL, ISA, ACCOUNT AND BROKER ELIGIBILITY REMAIN PARTLY UNRESOLVED"
FULL_CONTROLLED_COMBINATION,WEEKLY,2025-11-21,GLOBAL_SILVER_MINERS,WEAKENING,,"{""GLOBAL_SILVER_MINERS"": 1.0}","{""GLOBAL_SILVER_MINERS"": 1.0}",1.0,3,MATURE,1.0,1.0,0.0,NO_TARGET_CHANGE,,"HISTORICAL UK RETAIL, ISA, ACCOUNT AND BROKER ELIGIBILITY REMAIN PARTLY UNRESOLVED"
FULL_CONTROLLED_COMBINATION,WEEKLY,2025-11-28,GLOBAL_SILVER_MINERS,WEAKENING,,"{""GLOBAL_SILVER_MINERS"": 1.0}","{""GLOBAL_SILVER_MINERS"": 1.0}",1.0,4,STRONG,1.0,1.0,0.0,NO_TARGET_CHANGE,,"HISTORICAL UK RETAIL, ISA, ACCOUNT AND BROKER ELIGIBILITY REMAIN PARTLY UNRESOLVED"
FULL_CONTROLLED_COMBINATION,WEEKLY,2025-12-05,GLOBAL_SILVER_MINERS,ESTABLISHED,,"{""GLOBAL_SILVER_MINERS"": 1.0}","{""GLOBAL_SILVER_MINERS"": 1.0}",1.0,4,STRONG,1.0,1.0,0.0,NO_TARGET_CHANGE,,"HISTORICAL UK RETAIL, ISA, ACCOUNT AND BROKER ELIGIBILITY REMAIN PARTLY UNRESOLVED"
FULL_CONTROLLED_COMBINATION,WEEKLY,2025-12-12,GLOBAL_SILVER_MINERS,ESTABLISHED,,"{""GLOBAL_SILVER_MINERS"": 1.0}","{""GLOBAL_SILVER_MINERS"": 1.0}",1.0,4,STRONG,1.0,1.0,0.0,NO_TARGET_CHANGE,,"HISTORICAL UK RETAIL, ISA, ACCOUNT AND BROKER ELIGIBILITY REMAIN PARTLY UNRESOLVED"
FULL_CONTROLLED_COMBINATION,WEEKLY,2025-12-19,GLOBAL_SILVER_MINERS,ESTABLISHED,,"{""GLOBAL_SILVER_MINERS"": 1.0}","{""GLOBAL_SILVER_MINERS"": 1.0}",1.0,4,STRONG,1.0,1.0,0.0,NO_TARGET_CHANGE,,"HISTORICAL UK RETAIL, ISA, ACCOUNT AND BROKER ELIGIBILITY REMAIN PARTLY UNRESOLVED"
FULL_CONTROLLED_COMBINATION,WEEKLY,2025-12-24,GLOBAL_SILVER_MINERS,ESTABLISHED,,"{""GLOBAL_SILVER_MINERS"": 1.0}","{""GLOBAL_SILVER_MINERS"": 1.0}",1.0,4,STRONG,1.0,1.0,0.0,NO_TARGET_CHANGE,,"HISTORICAL UK RETAIL, ISA, ACCOUNT AND BROKER ELIGIBILITY REMAIN PARTLY UNRESOLVED"
FULL_CONTROLLED_COMBINATION,WEEKLY,2025-12-31,GLOBAL_SILVER_MINERS,ESTABLISHED,,"{""GLOBAL_SILVER_MINERS"": 1.0}","{""GLOBAL_SILVER_MINERS"": 1.0}",1.0,4,STRONG,1.0,1.0,0.0,NO_TARGET_CHANGE,,"HISTORICAL UK RETAIL, ISA, ACCOUNT AND BROKER ELIGIBILITY REMAIN PARTLY UNRESOLVED"
FULL_CONTROLLED_COMBINATION,WEEKLY,2026-01-02,GLOBAL_SILVER_MINERS,ESTABLISHED,,"{""GLOBAL_SILVER_MINERS"": 1.0}","{""GLOBAL_SILVER_MINERS"": 1.0}",1.0,3,MATURE,1.0,1.0,0.0,NO_TARGET_CHANGE,,"HISTORICAL UK RETAIL, ISA, ACCOUNT AND BROKER ELIGIBILITY REMAIN PARTLY UNRESOLVED"
FULL_CONTROLLED_COMBINATION,WEEKLY,2026-01-09,GLOBAL_SILVER_MINERS,ESTABLISHED,,"{""GLOBAL_SILVER_MINERS"": 1.0}","{""GLOBAL_SILVER_MINERS"": 1.0}",1.0,3,MATURE,1.0,1.0,0.0,NO_TARGET_CHANGE,,"HISTORICAL UK RETAIL, ISA, ACCOUNT AND BROKER ELIGIBILITY REMAIN PARTLY UNRESOLVED"
FULL_CONTROLLED_COMBINATION,WEEKLY,2026-01-16,GLOBAL_SILVER_MINERS,ESTABLISHED,,"{""GLOBAL_SILVER_MINERS"": 1.0}","{""GLOBAL_SILVER_MINERS"": 1.0}",1.0,3,MATURE,1.0,1.0,0.0,NO_TARGET_CHANGE,,"HISTORICAL UK RETAIL, ISA, ACCOUNT AND BROKER ELIGIBILITY REMAIN PARTLY UNRESOLVED"
FULL_CONTROLLED_COMBINATION,WEEKLY,2026-01-23,GLOBAL_SILVER_MINERS,EXTENDED,,"{""GLOBAL_SILVER_MINERS"": 1.0}","{""GLOBAL_SILVER_MINERS"": 1.0}",1.0,4,STRONG,1.0,1.0,0.0,NO_TARGET_CHANGE,,"HISTORICAL UK RETAIL, ISA, ACCOUNT AND BROKER ELIGIBILITY REMAIN PARTLY UNRESOLVED"
FULL_CONTROLLED_COMBINATION,WEEKLY,2026-01-30,GLOBAL_SILVER_MINERS,EXTENDED,,"{""GLOBAL_SILVER_MINERS"": 1.0}","{""GLOBAL_SILVER_MINERS"": 1.0}",1.0,3,MATURE,1.0,1.0,0.0,NO_TARGET_CHANGE,,"HISTORICAL UK RETAIL, ISA, ACCOUNT AND BROKER ELIGIBILITY REMAIN PARTLY UNRESOLVED"
FULL_CONTROLLED_COMBINATION,WEEKLY,2026-02-06,GLOBAL_SILVER_MINERS,EXTENDED,,"{""GLOBAL_SILVER_MINERS"": 1.0}","{""GLOBAL_SILVER_MINERS"": 1.0}",1.0,3,MATURE,1.0,1.0,0.0,NO_TARGET_CHANGE,,"HISTORICAL UK RETAIL, ISA, ACCOUNT AND BROKER ELIGIBILITY REMAIN PARTLY UNRESOLVED"
FULL_CONTROLLED_COMBINATION,WEEKLY,2026-02-13,GLOBAL_SILVER_MINERS,EXTENDED,,"{""GLOBAL_SILVER_MINERS"": 1.0}","{""GLOBAL_SILVER_MINERS"": 1.0}",1.0,3,MATURE,1.0,1.0,0.0,NO_TARGET_CHANGE,,"HISTORICAL UK RETAIL, ISA, ACCOUNT AND BROKER ELIGIBILITY REMAIN PARTLY UNRESOLVED"
FULL_CONTROLLED_COMBINATION,WEEKLY,2026-02-20,GLOBAL_SILVER_MINERS,WEAKENING,,"{""GLOBAL_SILVER_MINERS"": 1.0}","{""GLOBAL_SILVER_MINERS"": 1.0}",1.0,3,MATURE,1.0,1.0,0.0,NO_TARGET_CHANGE,,"HISTORICAL UK RETAIL, ISA, ACCOUNT AND BROKER ELIGIBILITY REMAIN PARTLY UNRESOLVED"
FULL_CONTROLLED_COMBINATION,WEEKLY,2026-02-27,GLOBAL_SILVER_MINERS,EXTENDED,,"{""GLOBAL_SILVER_MINERS"": 1.0}","{""GLOBAL_SILVER_MINERS"": 1.0}",1.0,3,MATURE,1.0,1.0,0.0,NO_TARGET_CHANGE,,"HISTORICAL UK RETAIL, ISA, ACCOUNT AND BROKER ELIGIBILITY REMAIN PARTLY UNRESOLVED"
FULL_CONTROLLED_COMBINATION,WEEKLY,2026-03-06,GLOBAL_SILVER_MINERS,EXTENDED,,"{""GLOBAL_SILVER_MINERS"": 1.0}","{""GLOBAL_SILVER_MINERS"": 1.0}",1.0,4,STRONG,1.0,1.0,0.0,NO_TARGET_CHANGE,,"HISTORICAL UK RETAIL, ISA, ACCOUNT AND BROKER ELIGIBILITY REMAIN PARTLY UNRESOLVED"
FULL_CONTROLLED_COMBINATION,WEEKLY,2026-03-13,GLOBAL_SILVER_MINERS,WEAKENING,,"{""GLOBAL_SILVER_MINERS"": 1.0}","{""GLOBAL_SILVER_MINERS"": 1.0}",1.0,4,STRONG,1.0,1.0,0.0,NO_TARGET_CHANGE,,"HISTORICAL UK RETAIL, ISA, ACCOUNT AND BROKER ELIGIBILITY REMAIN PARTLY UNRESOLVED"
FULL_CONTROLLED_COMBINATION,WEEKLY,2026-03-20,GLOBAL_SILVER_MINERS,FAILED,,"{""GLOBAL_SILVER_MINERS"": 1.0}","{""GLOBAL_SILVER_MINERS"": 1.0}",1.0,4,STRONG,1.0,1.0,0.0,NO_TARGET_CHANGE,,"HISTORICAL UK RETAIL, ISA, ACCOUNT AND BROKER ELIGIBILITY REMAIN PARTLY UNRESOLVED"
FULL_CONTROLLED_COMBINATION,WEEKLY,2026-03-27,GLOBAL_SILVER_MINERS,FAILED,,"{""GLOBAL_SILVER_MINERS"": 1.0}","{""GLOBAL_SILVER_MINERS"": 1.0}",1.0,3,MATURE,1.0,1.0,0.0,NO_TARGET_CHANGE,,"HISTORICAL UK RETAIL, ISA, ACCOUNT AND BROKER ELIGIBILITY REMAIN PARTLY UNRESOLVED"
FULL_CONTROLLED_COMBINATION,WEEKLY,2026-03-31,GLOBAL_OIL_GAS,EXTENDED,,"{""GLOBAL_OIL_GAS"": 1.0}","{""GLOBAL_OIL_GAS"": 1.0}",1.0,3,MATURE,1.0,1.0,0.0,PLANNED,2026-04-01,"HISTORICAL UK RETAIL, ISA, ACCOUNT AND BROKER ELIGIBILITY REMAIN PARTLY UNRESOLVED"
FULL_CONTROLLED_COMBINATION,WEEKLY,2026-04-02,GLOBAL_OIL_GAS,CONFIRMING,,"{""GLOBAL_OIL_GAS"": 1.0}","{""GLOBAL_OIL_GAS"": 1.0}",1.0,4,STRONG,1.0,1.0,0.0,NO_TARGET_CHANGE,,"HISTORICAL UK RETAIL, ISA, ACCOUNT AND BROKER ELIGIBILITY REMAIN PARTLY UNRESOLVED"
FULL_CONTROLLED_COMBINATION,WEEKLY,2026-04-10,GLOBAL_OIL_GAS,CONFIRMING,,"{""GLOBAL_OIL_GAS"": 1.0}","{""GLOBAL_OIL_GAS"": 1.0}",1.0,4,STRONG,1.0,1.0,0.0,NO_TARGET_CHANGE,,"HISTORICAL UK RETAIL, ISA, ACCOUNT AND BROKER ELIGIBILITY REMAIN PARTLY UNRESOLVED"
FULL_CONTROLLED_COMBINATION,WEEKLY,2026-04-17,GLOBAL_OIL_GAS,OTHER,,"{""GLOBAL_OIL_GAS"": 1.0}","{""GLOBAL_OIL_GAS"": 1.0}",1.0,3,MATURE,1.0,1.0,0.0,NO_TARGET_CHANGE,,"HISTORICAL UK RETAIL, ISA, ACCOUNT AND BROKER ELIGIBILITY REMAIN PARTLY UNRESOLVED"
FULL_CONTROLLED_COMBINATION,WEEKLY,2026-04-24,GLOBAL_OIL_GAS,WEAKENING,,"{""GLOBAL_OIL_GAS"": 1.0}","{""GLOBAL_OIL_GAS"": 1.0}",1.0,4,STRONG,1.0,1.0,0.0,NO_TARGET_CHANGE,,"HISTORICAL UK RETAIL, ISA, ACCOUNT AND BROKER ELIGIBILITY REMAIN PARTLY UNRESOLVED"
FULL_CONTROLLED_COMBINATION,WEEKLY,2026-04-30,GLOBAL_SEMICONDUCTORS,EXTENDED,,"{""GLOBAL_SEMICONDUCTORS"": 1.0}","{""GLOBAL_SEMICONDUCTORS"": 1.0}",1.0,4,STRONG,1.0,1.0,0.0,PLANNED,2026-05-01,"HISTORICAL UK RETAIL, ISA, ACCOUNT AND BROKER ELIGIBILITY REMAIN PARTLY UNRESOLVED"
FULL_CONTROLLED_COMBINATION,WEEKLY,2026-05-01,GLOBAL_SEMICONDUCTORS,EXTENDED,,"{""GLOBAL_SEMICONDUCTORS"": 1.0}","{""GLOBAL_SEMICONDUCTORS"": 1.0}",1.0,5,STRONG,1.0,1.0,0.0,NO_TARGET_CHANGE,,"HISTORICAL UK RETAIL, ISA, ACCOUNT AND BROKER ELIGIBILITY REMAIN PARTLY UNRESOLVED"
FULL_CONTROLLED_COMBINATION,WEEKLY,2026-05-08,GLOBAL_SEMICONDUCTORS,EXTENDED,,"{""GLOBAL_SEMICONDUCTORS"": 1.0}","{""GLOBAL_SEMICONDUCTORS"": 1.0}",1.0,5,STRONG,1.0,1.0,0.0,NO_TARGET_CHANGE,,"HISTORICAL UK RETAIL, ISA, ACCOUNT AND BROKER ELIGIBILITY REMAIN PARTLY UNRESOLVED"
FULL_CONTROLLED_COMBINATION,WEEKLY,2026-05-15,GLOBAL_SEMICONDUCTORS,EXTENDED,,"{""GLOBAL_SEMICONDUCTORS"": 1.0}","{""GLOBAL_SEMICONDUCTORS"": 1.0}",1.0,4,MATURE,1.0,1.0,0.0,NO_TARGET_CHANGE,,"HISTORICAL UK RETAIL, ISA, ACCOUNT AND BROKER ELIGIBILITY REMAIN PARTLY UNRESOLVED"
FULL_CONTROLLED_COMBINATION,WEEKLY,2026-05-22,GLOBAL_SEMICONDUCTORS,EXTENDED,,"{""GLOBAL_SEMICONDUCTORS"": 1.0}","{""GLOBAL_SEMICONDUCTORS"": 1.0}",1.0,3,DETERIORATING,1.0,1.0,0.0,NO_TARGET_CHANGE,,"HISTORICAL UK RETAIL, ISA, ACCOUNT AND BROKER ELIGIBILITY REMAIN PARTLY UNRESOLVED"
FULL_CONTROLLED_COMBINATION,WEEKLY,2026-05-29,GLOBAL_SEMICONDUCTORS,EXTENDED,,"{""GLOBAL_SEMICONDUCTORS"": 1.0}","{""GLOBAL_SEMICONDUCTORS"": 1.0}",1.0,4,MATURE,1.0,1.0,0.0,NO_TARGET_CHANGE,,"HISTORICAL UK RETAIL, ISA, ACCOUNT AND BROKER ELIGIBILITY REMAIN PARTLY UNRESOLVED"
FULL_CONTROLLED_COMBINATION,WEEKLY,2026-06-05,GLOBAL_SEMICONDUCTORS,EXTENDED,,"{""GLOBAL_SEMICONDUCTORS"": 1.0}","{""GLOBAL_SEMICONDUCTORS"": 1.0}",1.0,3,DETERIORATING,1.0,1.0,0.0,NO_TARGET_CHANGE,,"HISTORICAL UK RETAIL, ISA, ACCOUNT AND BROKER ELIGIBILITY REMAIN PARTLY UNRESOLVED"
FULL_CONTROLLED_COMBINATION,WEEKLY,2026-06-12,GLOBAL_SEMICONDUCTORS,EXTENDED,,"{""GLOBAL_SEMICONDUCTORS"": 1.0}","{""GLOBAL_SEMICONDUCTORS"": 1.0}",1.0,4,MATURE,1.0,1.0,0.0,NO_TARGET_CHANGE,,"HISTORICAL UK RETAIL, ISA, ACCOUNT AND BROKER ELIGIBILITY REMAIN PARTLY UNRESOLVED"
FULL_CONTROLLED_COMBINATION,WEEKLY,2026-06-19,GLOBAL_SEMICONDUCTORS,EXTENDED,,"{""GLOBAL_SEMICONDUCTORS"": 1.0}","{""GLOBAL_SEMICONDUCTORS"": 1.0}",1.0,3,DETERIORATING,1.0,1.0,0.0,NO_TARGET_CHANGE,,"HISTORICAL UK RETAIL, ISA, ACCOUNT AND BROKER ELIGIBILITY REMAIN PARTLY UNRESOLVED"
FULL_CONTROLLED_COMBINATION,WEEKLY,2026-06-26,GLOBAL_SEMICONDUCTORS,EXTENDED,,"{""GLOBAL_SEMICONDUCTORS"": 1.0}","{""GLOBAL_SEMICONDUCTORS"": 1.0}",1.0,3,DETERIORATING,1.0,1.0,0.0,NO_TARGET_CHANGE,,"HISTORICAL UK RETAIL, ISA, ACCOUNT AND BROKER ELIGIBILITY REMAIN PARTLY UNRESOLVED"
FULL_CONTROLLED_COMBINATION,WEEKLY,2026-06-30,GLOBAL_SEMICONDUCTORS,EXTENDED,,"{""GLOBAL_SEMICONDUCTORS"": 1.0}","{""GLOBAL_SEMICONDUCTORS"": 1.0}",1.0,3,DETERIORATING,1.0,1.0,0.0,NO_TARGET_CHANGE,,"HISTORICAL UK RETAIL, ISA, ACCOUNT AND BROKER ELIGIBILITY REMAIN PARTLY UNRESOLVED"
FULL_CONTROLLED_COMBINATION,WEEKLY,2026-07-03,GLOBAL_SEMICONDUCTORS,EXTENDED,,"{""GLOBAL_SEMICONDUCTORS"": 1.0}","{""GLOBAL_SEMICONDUCTORS"": 1.0}",1.0,3,DETERIORATING,1.0,1.0,0.0,NO_TARGET_CHANGE,,"HISTORICAL UK RETAIL, ISA, ACCOUNT AND BROKER ELIGIBILITY REMAIN PARTLY UNRESOLVED"
FULL_CONTROLLED_COMBINATION,WEEKLY,2026-07-10,GLOBAL_SEMICONDUCTORS,EXTENDED,,"{""GLOBAL_SEMICONDUCTORS"": 1.0}","{""GLOBAL_SEMICONDUCTORS"": 1.0}",1.0,3,MATURE,1.0,1.0,0.0,NO_TARGET_CHANGE,,"HISTORICAL UK RETAIL, ISA, ACCOUNT AND BROKER ELIGIBILITY REMAIN PARTLY UNRESOLVED"
FULL_CONTROLLED_COMBINATION,WEEKLY,2026-07-17,GLOBAL_SEMICONDUCTORS,WEAKENING,,"{""GLOBAL_SEMICONDUCTORS"": 1.0}","{""GLOBAL_SEMICONDUCTORS"": 1.0}",1.0,2,DETERIORATING,1.0,1.0,0.0,NO_TARGET_CHANGE,,"HISTORICAL UK RETAIL, ISA, ACCOUNT AND BROKER ELIGIBILITY REMAIN PARTLY UNRESOLVED"
FULL_CONTROLLED_COMBINATION,WEEKLY,2026-07-24,GLOBAL_SEMICONDUCTORS,WEAKENING,,"{""GLOBAL_SEMICONDUCTORS"": 1.0}","{""GLOBAL_SEMICONDUCTORS"": 1.0}",1.0,3,MATURE,1.0,1.0,0.0,NO_TARGET_CHANGE,,"HISTORICAL UK RETAIL, ISA, ACCOUNT AND BROKER ELIGIBILITY REMAIN PARTLY UNRESOLVED"
FULL_CONTROLLED_COMBINATION,WEEKLY,2026-07-31,GLOBAL_SEMICONDUCTORS,WEAKENING,,"{""GLOBAL_SEMICONDUCTORS"": 1.0}","{""GLOBAL_SEMICONDUCTORS"": 1.0}",1.0,5,STRONG,1.0,1.0,0.0,NO_TARGET_CHANGE,,"HISTORICAL UK RETAIL, ISA, ACCOUNT AND BROKER ELIGIBILITY REMAIN PARTLY UNRESOLVED"
FULL_CONTROLLED_COMBINATION,WEEKLY,2026-08-07,GLOBAL_SEMICONDUCTORS,FAILED,,"{""GLOBAL_SEMICONDUCTORS"": 1.0}","{""GLOBAL_SEMICONDUCTORS"": 1.0}",1.0,3,DETERIORATING,1.0,1.0,0.0,NO_TARGET_CHANGE,,"HISTORICAL UK RETAIL, ISA, ACCOUNT AND BROKER ELIGIBILITY REMAIN PARTLY UNRESOLVED"
FULL_CONTROLLED_COMBINATION,WEEKLY,2026-08-14,GLOBAL_SEMICONDUCTORS,WEAKENING,,"{""GLOBAL_SEMICONDUCTORS"": 1.0}","{""GLOBAL_SEMICONDUCTORS"": 1.0}",1.0,3,DETERIORATING,1.0,1.0,0.0,NO_TARGET_CHANGE,,"HISTORICAL UK RETAIL, ISA, ACCOUNT AND BROKER ELIGIBILITY REMAIN PARTLY UNRESOLVED"
FULL_CONTROLLED_COMBINATION,WEEKLY,2026-08-21,GLOBAL_GENOMICS,EXTENDED,,"{""GLOBAL_GENOMICS"": 1.0}","{""GLOBAL_GENOMICS"": 1.0}",1.0,3,DETERIORATING,1.0,1.0,0.0,CANCELLED_PANEL_END_NO_EXECUTION_SESSION,,"HISTORICAL UK RETAIL, ISA, ACCOUNT AND BROKER ELIGIBILITY REMAIN PARTLY UNRESOLVED"
