specification_id,pool_id,signal_id,selection_rule,cadence,test_class,warning,selected_gross_cagr,selected_net_cagr,equal_pool_cagr,global_benchmark_cagr,selected_net_excess_vs_pool_cagr,selected_net_excess_vs_global_cagr
INDUSTRY|MH_LEVEL_3_6_12_REFERENCE|TOP_1|WEEKLY,INDUSTRY,MH_LEVEL_3_6_12_REFERENCE,TOP_1,WEEKLY,FROZEN_FROM_A3R1R1,"HISTORICAL UK RETAIL, ACCOUNT AND BROKER ELIGIBILITY REMAIN UNRESOLVED",0.20388267195035037,0.14211985877603928,0.19049251314477278,0.11568564329764564,-0.0483726543687335,0.02643421547839364
INDUSTRY|MH_LEVEL_3_6_12_REFERENCE|TOP_2|WEEKLY,INDUSTRY,MH_LEVEL_3_6_12_REFERENCE,TOP_2,WEEKLY,FROZEN_FROM_A3R1R1,"HISTORICAL UK RETAIL, ACCOUNT AND BROKER ELIGIBILITY REMAIN UNRESOLVED",0.15382379873914798,0.10985956094603977,0.19049251314477278,0.11568564329764564,-0.08063295219873301,-0.005826082351605866
INDUSTRY|MH_LEVEL_3_6_12_REFERENCE|TOP_3|WEEKLY,INDUSTRY,MH_LEVEL_3_6_12_REFERENCE,TOP_3,WEEKLY,FROZEN_FROM_A3R1R1,"HISTORICAL UK RETAIL, ACCOUNT AND BROKER ELIGIBILITY REMAIN UNRESOLVED",0.24241417097501694,0.2066723415627323,0.19049251314477278,0.11568564329764564,0.016179828417959508,0.09098669826508665
INDUSTRY|MH_LEVEL_3_6_12_REFERENCE|TOP_5|WEEKLY,INDUSTRY,MH_LEVEL_3_6_12_REFERENCE,TOP_5,WEEKLY,FROZEN_FROM_A3R1R1,"HISTORICAL UK RETAIL, ACCOUNT AND BROKER ELIGIBILITY REMAIN UNRESOLVED",0.22798514407551718,0.19995643921477524,0.19049251314477278,0.11568564329764564,0.00946392607000246,0.0842707959171296
INDUSTRY|MH_LEVEL_3_6_12_REFERENCE|VARIABLE_THRESHOLD|WEEKLY,INDUSTRY,MH_LEVEL_3_6_12_REFERENCE,VARIABLE_THRESHOLD,WEEKLY,FROZEN_FROM_A3R1R1,"HISTORICAL UK RETAIL, ACCOUNT AND BROKER ELIGIBILITY REMAIN UNRESOLVED",0.14597978721449634,0.08777922633346846,0.19798031228296242,0.12278806634319861,-0.11020108594949396,-0.03500884000973015
INDUSTRY|MH_LEVEL_EQ|TOP_1|WEEKLY,INDUSTRY,MH_LEVEL_EQ,TOP_1,WEEKLY,FROZEN_FROM_A3R1R1,"HISTORICAL UK RETAIL, ACCOUNT AND BROKER ELIGIBILITY REMAIN UNRESOLVED",0.04212154633258991,-0.03287362306055286,0.19049251314477278,0.11568564329764564,-0.22336613620532564,-0.1485592663581985
INDUSTRY|MH_LEVEL_EQ|TOP_2|WEEKLY,INDUSTRY,MH_LEVEL_EQ,TOP_2,WEEKLY,FROZEN_FROM_A3R1R1,"HISTORICAL UK RETAIL, ACCOUNT AND BROKER ELIGIBILITY REMAIN UNRESOLVED",0.19844891820063215,0.14354935038659278,0.19049251314477278,0.11568564329764564,-0.04694316275818,0.027863707088947143
INDUSTRY|MH_LEVEL_EQ|TOP_3|WEEKLY,INDUSTRY,MH_LEVEL_EQ,TOP_3,WEEKLY,FROZEN_FROM_A3R1R1,"HISTORICAL UK RETAIL, ACCOUNT AND BROKER ELIGIBILITY REMAIN UNRESOLVED",0.21889728932908792,0.1704617182052781,0.19049251314477278,0.11568564329764564,-0.020030794939494667,0.05477607490763248
INDUSTRY|MH_LEVEL_EQ|TOP_5|WEEKLY,INDUSTRY,MH_LEVEL_EQ,TOP_5,WEEKLY,FROZEN_FROM_A3R1R1,"HISTORICAL UK RETAIL, ACCOUNT AND BROKER ELIGIBILITY REMAIN UNRESOLVED",0.20441872298011243,0.16767713027090347,0.19049251314477278,0.11568564329764564,-0.022815382873869305,0.05199148697325784
INDUSTRY|MH_LEVEL_EQ|VARIABLE_THRESHOLD|WEEKLY,INDUSTRY,MH_LEVEL_EQ,VARIABLE_THRESHOLD,WEEKLY,FROZEN_FROM_A3R1R1,"HISTORICAL UK RETAIL, ACCOUNT AND BROKER ELIGIBILITY REMAIN UNRESOLVED",0.09126043624108404,0.0348792336479542,0.19049251314477278,0.11568564329764564,-0.15561327949681858,-0.08080640964969144
INDUSTRY|MH_LEVEL_60D_CENTERED|TOP_1|WEEKLY,INDUSTRY,MH_LEVEL_60D_CENTERED,TOP_1,WEEKLY,FROZEN_FROM_A3R1R1,"HISTORICAL UK RETAIL, ACCOUNT AND BROKER ELIGIBILITY REMAIN UNRESOLVED",0.1508299717315862,0.08372411130373836,0.19049251314477278,0.11568564329764564,-0.10676840184103442,-0.03196153199390728
INDUSTRY|MH_LEVEL_60D_CENTERED|TOP_2|WEEKLY,INDUSTRY,MH_LEVEL_60D_CENTERED,TOP_2,WEEKLY,FROZEN_FROM_A3R1R1,"HISTORICAL UK RETAIL, ACCOUNT AND BROKER ELIGIBILITY REMAIN UNRESOLVED",0.12139829972681637,0.06659624382478713,0.19049251314477278,0.11568564329764564,-0.12389626931998565,-0.04908939947285851
INDUSTRY|MH_LEVEL_60D_CENTERED|TOP_3|WEEKLY,INDUSTRY,MH_LEVEL_60D_CENTERED,TOP_3,WEEKLY,FROZEN_FROM_A3R1R1,"HISTORICAL UK RETAIL, ACCOUNT AND BROKER ELIGIBILITY REMAIN UNRESOLVED",0.20028732871819077,0.155366944422058,0.19049251314477278,0.11568564329764564,-0.03512556872271477,0.03968130112441237
INDUSTRY|MH_LEVEL_60D_CENTERED|TOP_5|WEEKLY,INDUSTRY,MH_LEVEL_60D_CENTERED,TOP_5,WEEKLY,FROZEN_FROM_A3R1R1,"HISTORICAL UK RETAIL, ACCOUNT AND BROKER ELIGIBILITY REMAIN UNRESOLVED",0.22144202505807908,0.18485444781110538,0.19049251314477278,0.11568564329764564,-0.005638065333667397,0.06916880451345975
INDUSTRY|MH_LEVEL_60D_CENTERED|VARIABLE_THRESHOLD|WEEKLY,INDUSTRY,MH_LEVEL_60D_CENTERED,VARIABLE_THRESHOLD,WEEKLY,FROZEN_FROM_A3R1R1,"HISTORICAL UK RETAIL, ACCOUNT AND BROKER ELIGIBILITY REMAIN UNRESOLVED",0.1251022699661648,0.06269446541956447,0.19049251314477278,0.11568564329764564,-0.1277980477252083,-0.052991177878081164
INDUSTRY|MH_LEVEL_RECENCY_TILT|TOP_1|WEEKLY,INDUSTRY,MH_LEVEL_RECENCY_TILT,TOP_1,WEEKLY,FROZEN_FROM_A3R1R1,"HISTORICAL UK RETAIL, ACCOUNT AND BROKER ELIGIBILITY REMAIN UNRESOLVED",0.1151483011361567,0.03405054468926316,0.19049251314477278,0.11568564329764564,-0.15644196845550962,-0.08163509860838247
INDUSTRY|MH_LEVEL_RECENCY_TILT|TOP_2|WEEKLY,INDUSTRY,MH_LEVEL_RECENCY_TILT,TOP_2,WEEKLY,FROZEN_FROM_A3R1R1,"HISTORICAL UK RETAIL, ACCOUNT AND BROKER ELIGIBILITY REMAIN UNRESOLVED",0.20569353646908461,0.13490204581507315,0.19049251314477278,0.11568564329764564,-0.05559046732969963,0.01921640251742751
INDUSTRY|MH_LEVEL_RECENCY_TILT|TOP_3|WEEKLY,INDUSTRY,MH_LEVEL_RECENCY_TILT,TOP_3,WEEKLY,FROZEN_FROM_A3R1R1,"HISTORICAL UK RETAIL, ACCOUNT AND BROKER ELIGIBILITY REMAIN UNRESOLVED",0.2111234827112345,0.15753383639250873,0.19049251314477278,0.11568564329764564,-0.03295867675226405,0.041848193094863095
INDUSTRY|MH_LEVEL_RECENCY_TILT|TOP_5|WEEKLY,INDUSTRY,MH_LEVEL_RECENCY_TILT,TOP_5,WEEKLY,FROZEN_FROM_A3R1R1,"HISTORICAL UK RETAIL, ACCOUNT AND BROKER ELIGIBILITY REMAIN UNRESOLVED",0.1970286973140829,0.1542849400162789,0.19049251314477278,0.11568564329764564,-0.036207573128493875,0.03859929671863327
INDUSTRY|MH_LEVEL_RECENCY_TILT|VARIABLE_THRESHOLD|WEEKLY,INDUSTRY,MH_LEVEL_RECENCY_TILT,VARIABLE_THRESHOLD,WEEKLY,FROZEN_FROM_A3R1R1,"HISTORICAL UK RETAIL, ACCOUNT AND BROKER ELIGIBILITY REMAIN UNRESOLVED",0.15649482056905129,0.09023532552390101,0.19049251314477278,0.11568564329764564,-0.10025718762087177,-0.025450317773744624
INDUSTRY|PAIRWISE_MAJORITY_5H|TOP_1|WEEKLY,INDUSTRY,PAIRWISE_MAJORITY_5H,TOP_1,WEEKLY,FROZEN_FROM_A3R1R1,"HISTORICAL UK RETAIL, ACCOUNT AND BROKER ELIGIBILITY REMAIN UNRESOLVED",0.20198003301805834,0.12376086891015303,0.19049251314477278,0.11568564329764564,-0.06673164423461975,0.008075225612507397
INDUSTRY|PAIRWISE_MAJORITY_5H|TOP_2|WEEKLY,INDUSTRY,PAIRWISE_MAJORITY_5H,TOP_2,WEEKLY,FROZEN_FROM_A3R1R1,"HISTORICAL UK RETAIL, ACCOUNT AND BROKER ELIGIBILITY REMAIN UNRESOLVED",0.20427770447710514,0.1503684623496604,0.19049251314477278,0.11568564329764564,-0.04012405079511239,0.03468281905201476
INDUSTRY|PAIRWISE_MAJORITY_5H|TOP_3|WEEKLY,INDUSTRY,PAIRWISE_MAJORITY_5H,TOP_3,WEEKLY,FROZEN_FROM_A3R1R1,"HISTORICAL UK RETAIL, ACCOUNT AND BROKER ELIGIBILITY REMAIN UNRESOLVED",0.19713834880982772,0.1501693935524544,0.19049251314477278,0.11568564329764564,-0.04032311959231838,0.034483750254808765
INDUSTRY|PAIRWISE_MAJORITY_5H|TOP_5|WEEKLY,INDUSTRY,PAIRWISE_MAJORITY_5H,TOP_5,WEEKLY,FROZEN_FROM_A3R1R1,"HISTORICAL UK RETAIL, ACCOUNT AND BROKER ELIGIBILITY REMAIN UNRESOLVED",0.19930326429229428,0.16019996060978015,0.19049251314477278,0.11568564329764564,-0.030292552534992634,0.04451431731213451
INDUSTRY|PAIRWISE_MAJORITY_5H|VARIABLE_THRESHOLD|WEEKLY,INDUSTRY,PAIRWISE_MAJORITY_5H,VARIABLE_THRESHOLD,WEEKLY,FROZEN_FROM_A3R1R1,"HISTORICAL UK RETAIL, ACCOUNT AND BROKER ELIGIBILITY REMAIN UNRESOLVED",0.14674743814483082,0.08880848267498909,0.19049251314477278,0.11568564329764564,-0.10168403046978369,-0.02687716062265655
INDUSTRY|SHORT_RS_1_2_3_EQ|TOP_1|WEEKLY,INDUSTRY,SHORT_RS_1_2_3_EQ,TOP_1,WEEKLY,A3R2_PREDECLARED_NEW_HYPOTHESIS,"HISTORICAL UK RETAIL, ACCOUNT AND BROKER ELIGIBILITY REMAIN UNRESOLVED",0.07008294807045945,-0.012768592094779208,0.1856035938432472,0.11568564329764564,-0.1983721859380264,-0.12845423539242484
INDUSTRY|SHORT_RS_1_2_3_EQ|TOP_2|WEEKLY,INDUSTRY,SHORT_RS_1_2_3_EQ,TOP_2,WEEKLY,A3R2_PREDECLARED_NEW_HYPOTHESIS,"HISTORICAL UK RETAIL, ACCOUNT AND BROKER ELIGIBILITY REMAIN UNRESOLVED",0.10194726279078803,0.03244079420477841,0.1856035938432472,0.11568564329764564,-0.1531627996384688,-0.08324484909286722
INDUSTRY|SHORT_RS_1_2_3_EQ|TOP_3|WEEKLY,INDUSTRY,SHORT_RS_1_2_3_EQ,TOP_3,WEEKLY,A3R2_PREDECLARED_NEW_HYPOTHESIS,"HISTORICAL UK RETAIL, ACCOUNT AND BROKER ELIGIBILITY REMAIN UNRESOLVED",0.17493433914159895,0.11151482182091854,0.1856035938432472,0.11568564329764564,-0.07408877202232866,-0.0041708214767270935
INDUSTRY|SHORT_RS_1_2_3_EQ|TOP_5|WEEKLY,INDUSTRY,SHORT_RS_1_2_3_EQ,TOP_5,WEEKLY,A3R2_PREDECLARED_NEW_HYPOTHESIS,"HISTORICAL UK RETAIL, ACCOUNT AND BROKER ELIGIBILITY REMAIN UNRESOLVED",0.1626225197512572,0.12084797847975093,0.1856035938432472,0.11568564329764564,-0.06475561536349628,0.005162335182105293
INDUSTRY|SHORT_RS_1_2_3_EQ|VARIABLE_THRESHOLD|WEEKLY,INDUSTRY,SHORT_RS_1_2_3_EQ,VARIABLE_THRESHOLD,WEEKLY,A3R2_PREDECLARED_NEW_HYPOTHESIS,"HISTORICAL UK RETAIL, ACCOUNT AND BROKER ELIGIBILITY REMAIN UNRESOLVED",0.11927425016966464,0.05192801675135761,0.1856035938432472,0.11568564329764564,-0.1336755770918896,-0.06375762654628803
INDUSTRY|SHORT_RS_1_2_3_PERSISTENT|TOP_1|WEEKLY,INDUSTRY,SHORT_RS_1_2_3_PERSISTENT,TOP_1,WEEKLY,A3R2_PREDECLARED_NEW_HYPOTHESIS,"HISTORICAL UK RETAIL, ACCOUNT AND BROKER ELIGIBILITY REMAIN UNRESOLVED",0.1374063915335011,0.047620518408868495,0.1856035938432472,0.11568564329764564,-0.1379830754343787,-0.06806512488877714
INDUSTRY|SHORT_RS_1_2_3_PERSISTENT|TOP_2|WEEKLY,INDUSTRY,SHORT_RS_1_2_3_PERSISTENT,TOP_2,WEEKLY,A3R2_PREDECLARED_NEW_HYPOTHESIS,"HISTORICAL UK RETAIL, ACCOUNT AND BROKER ELIGIBILITY REMAIN UNRESOLVED",0.27023700377301463,0.1824678534204902,0.1856035938432472,0.11568564329764564,-0.003135740422756994,0.06678221012284458
INDUSTRY|SHORT_RS_1_2_3_PERSISTENT|TOP_3|WEEKLY,INDUSTRY,SHORT_RS_1_2_3_PERSISTENT,TOP_3,WEEKLY,A3R2_PREDECLARED_NEW_HYPOTHESIS,"HISTORICAL UK RETAIL, ACCOUNT AND BROKER ELIGIBILITY REMAIN UNRESOLVED",0.2793791031949824,0.19018167098637728,0.1856035938432472,0.11568564329764564,0.004578077143130077,0.07449602768873165
INDUSTRY|SHORT_RS_1_2_3_PERSISTENT|TOP_5|WEEKLY,INDUSTRY,SHORT_RS_1_2_3_PERSISTENT,TOP_5,WEEKLY,A3R2_PREDECLARED_NEW_HYPOTHESIS,"HISTORICAL UK RETAIL, ACCOUNT AND BROKER ELIGIBILITY REMAIN UNRESOLVED",0.2772200289658757,0.18522593016009892,0.1856035938432472,0.11568564329764564,-0.00037766368314828824,0.06954028686245328
INDUSTRY|SHORT_RS_1_2_3_PERSISTENT|VARIABLE_THRESHOLD|WEEKLY,INDUSTRY,SHORT_RS_1_2_3_PERSISTENT,VARIABLE_THRESHOLD,WEEKLY,A3R2_PREDECLARED_NEW_HYPOTHESIS,"HISTORICAL UK RETAIL, ACCOUNT AND BROKER ELIGIBILITY REMAIN UNRESOLVED",0.15359839342643355,0.08481796373457096,0.1856035938432472,0.11568564329764564,-0.10078563010867625,-0.03086767956307468
THEME|MH_LEVEL_3_6_12_REFERENCE|TOP_1|WEEKLY,THEME,MH_LEVEL_3_6_12_REFERENCE,TOP_1,WEEKLY,FROZEN_FROM_A3R1R1,"HISTORICAL UK RETAIL, ACCOUNT AND BROKER ELIGIBILITY REMAIN UNRESOLVED",0.03580774370744533,-0.016821752826019054,0.0569725369069316,0.11568564329764564,-0.07379428973295066,-0.1325073961236647
THEME|MH_LEVEL_3_6_12_REFERENCE|TOP_2|WEEKLY,THEME,MH_LEVEL_3_6_12_REFERENCE,TOP_2,WEEKLY,FROZEN_FROM_A3R1R1,"HISTORICAL UK RETAIL, ACCOUNT AND BROKER ELIGIBILITY REMAIN UNRESOLVED",0.07736165829993125,0.02977858902994912,0.0569725369069316,0.11568564329764564,-0.027193947876982483,-0.08590705426769651
THEME|MH_LEVEL_3_6_12_REFERENCE|TOP_3|WEEKLY,THEME,MH_LEVEL_3_6_12_REFERENCE,TOP_3,WEEKLY,FROZEN_FROM_A3R1R1,"HISTORICAL UK RETAIL, ACCOUNT AND BROKER ELIGIBILITY REMAIN UNRESOLVED",0.11105350737661257,0.06903645894683996,0.0569725369069316,0.11568564329764564,0.012063922039908359,-0.04664918435080567
THEME|MH_LEVEL_3_6_12_REFERENCE|TOP_5|WEEKLY,THEME,MH_LEVEL_3_6_12_REFERENCE,TOP_5,WEEKLY,FROZEN_FROM_A3R1R1,"HISTORICAL UK RETAIL, ACCOUNT AND BROKER ELIGIBILITY REMAIN UNRESOLVED",0.12486117700553834,0.09559242443789295,0.0569725369069316,0.11568564329764564,0.03861988753096135,-0.020093218859752682
THEME|MH_LEVEL_3_6_12_REFERENCE|VARIABLE_THRESHOLD|WEEKLY,THEME,MH_LEVEL_3_6_12_REFERENCE,VARIABLE_THRESHOLD,WEEKLY,FROZEN_FROM_A3R1R1,"HISTORICAL UK RETAIL, ACCOUNT AND BROKER ELIGIBILITY REMAIN UNRESOLVED",0.05823266477320588,0.003329419509134901,0.0569725369069316,0.11568564329764564,-0.0536431173977967,-0.11235622378851073
THEME|MH_LEVEL_EQ|TOP_1|WEEKLY,THEME,MH_LEVEL_EQ,TOP_1,WEEKLY,FROZEN_FROM_A3R1R1,"HISTORICAL UK RETAIL, ACCOUNT AND BROKER ELIGIBILITY REMAIN UNRESOLVED",0.1820042527999035,0.1212729069136127,0.0569725369069316,0.11568564329764564,0.0643003700066811,0.005587263615967064
THEME|MH_LEVEL_EQ|TOP_2|WEEKLY,THEME,MH_LEVEL_EQ,TOP_2,WEEKLY,FROZEN_FROM_A3R1R1,"HISTORICAL UK RETAIL, ACCOUNT AND BROKER ELIGIBILITY REMAIN UNRESOLVED",0.1872189000133484,0.12572507311340808,0.0569725369069316,0.11568564329764564,0.06875253620647648,0.010039429815762446
THEME|MH_LEVEL_EQ|TOP_3|WEEKLY,THEME,MH_LEVEL_EQ,TOP_3,WEEKLY,FROZEN_FROM_A3R1R1,"HISTORICAL UK RETAIL, ACCOUNT AND BROKER ELIGIBILITY REMAIN UNRESOLVED",0.11354027239228603,0.05914813676461761,0.0569725369069316,0.11568564329764564,0.002175599857686006,-0.056537506533028026
THEME|MH_LEVEL_EQ|TOP_5|WEEKLY,THEME,MH_LEVEL_EQ,TOP_5,WEEKLY,FROZEN_FROM_A3R1R1,"HISTORICAL UK RETAIL, ACCOUNT AND BROKER ELIGIBILITY REMAIN UNRESOLVED",0.1192019306239962,0.08222354157698875,0.0569725369069316,0.11568564329764564,0.025251004670057142,-0.03346210172065689
THEME|MH_LEVEL_EQ|VARIABLE_THRESHOLD|WEEKLY,THEME,MH_LEVEL_EQ,VARIABLE_THRESHOLD,WEEKLY,FROZEN_FROM_A3R1R1,"HISTORICAL UK RETAIL, ACCOUNT AND BROKER ELIGIBILITY REMAIN UNRESOLVED",0.05536623217219283,-0.0067282197435272195,0.0569725369069316,0.11568564329764564,-0.06370075665045882,-0.12241386304117285
THEME|MH_LEVEL_60D_CENTERED|TOP_1|WEEKLY,THEME,MH_LEVEL_60D_CENTERED,TOP_1,WEEKLY,FROZEN_FROM_A3R1R1,"HISTORICAL UK RETAIL, ACCOUNT AND BROKER ELIGIBILITY REMAIN UNRESOLVED",0.09939520771513943,0.041993488609329166,0.0569725369069316,0.11568564329764564,-0.014979048297602438,-0.07369215468831647
THEME|MH_LEVEL_60D_CENTERED|TOP_2|WEEKLY,THEME,MH_LEVEL_60D_CENTERED,TOP_2,WEEKLY,FROZEN_FROM_A3R1R1,"HISTORICAL UK RETAIL, ACCOUNT AND BROKER ELIGIBILITY REMAIN UNRESOLVED",0.11082089629976166,0.05887394060744766,0.0569725369069316,0.11568564329764564,0.0019014037005160578,-0.056811702690197974
THEME|MH_LEVEL_60D_CENTERED|TOP_3|WEEKLY,THEME,MH_LEVEL_60D_CENTERED,TOP_3,WEEKLY,FROZEN_FROM_A3R1R1,"HISTORICAL UK RETAIL, ACCOUNT AND BROKER ELIGIBILITY REMAIN UNRESOLVED",0.07884414825963937,0.026698944393995117,0.0569725369069316,0.11568564329764564,-0.030273592512936487,-0.08898669890365052
THEME|MH_LEVEL_60D_CENTERED|TOP_5|WEEKLY,THEME,MH_LEVEL_60D_CENTERED,TOP_5,WEEKLY,FROZEN_FROM_A3R1R1,"HISTORICAL UK RETAIL, ACCOUNT AND BROKER ELIGIBILITY REMAIN UNRESOLVED",0.08736137961978052,0.04944725675462802,0.0569725369069316,0.11568564329764564,-0.007525280152303582,-0.06623838654301761
THEME|MH_LEVEL_60D_CENTERED|VARIABLE_THRESHOLD|WEEKLY,THEME,MH_LEVEL_60D_CENTERED,VARIABLE_THRESHOLD,WEEKLY,FROZEN_FROM_A3R1R1,"HISTORICAL UK RETAIL, ACCOUNT AND BROKER ELIGIBILITY REMAIN UNRESOLVED",0.07208178737641924,0.011241683522739132,0.0569725369069316,0.11568564329764564,-0.04573085338419247,-0.1044439597749065
THEME|MH_LEVEL_RECENCY_TILT|TOP_1|WEEKLY,THEME,MH_LEVEL_RECENCY_TILT,TOP_1,WEEKLY,FROZEN_FROM_A3R1R1,"HISTORICAL UK RETAIL, ACCOUNT AND BROKER ELIGIBILITY REMAIN UNRESOLVED",0.18555703978589966,0.10926683013795202,0.0569725369069316,0.11568564329764564,0.05229429323102042,-0.006418813159693615
THEME|MH_LEVEL_RECENCY_TILT|TOP_2|WEEKLY,THEME,MH_LEVEL_RECENCY_TILT,TOP_2,WEEKLY,FROZEN_FROM_A3R1R1,"HISTORICAL UK RETAIL, ACCOUNT AND BROKER ELIGIBILITY REMAIN UNRESOLVED",0.17254762256640865,0.10261922686624536,0.0569725369069316,0.11568564329764564,0.04564668995931376,-0.013066416431400274
THEME|MH_LEVEL_RECENCY_TILT|TOP_3|WEEKLY,THEME,MH_LEVEL_RECENCY_TILT,TOP_3,WEEKLY,FROZEN_FROM_A3R1R1,"HISTORICAL UK RETAIL, ACCOUNT AND BROKER ELIGIBILITY REMAIN UNRESOLVED",0.10822974353249126,0.04573300129374669,0.0569725369069316,0.11568564329764564,-0.011239535613184914,-0.06995264200389895
THEME|MH_LEVEL_RECENCY_TILT|TOP_5|WEEKLY,THEME,MH_LEVEL_RECENCY_TILT,TOP_5,WEEKLY,FROZEN_FROM_A3R1R1,"HISTORICAL UK RETAIL, ACCOUNT AND BROKER ELIGIBILITY REMAIN UNRESOLVED",0.10159833022368558,0.0579606035934539,0.0569725369069316,0.11568564329764564,0.0009880666865222931,-0.05772503970419174
THEME|MH_LEVEL_RECENCY_TILT|VARIABLE_THRESHOLD|WEEKLY,THEME,MH_LEVEL_RECENCY_TILT,VARIABLE_THRESHOLD,WEEKLY,FROZEN_FROM_A3R1R1,"HISTORICAL UK RETAIL, ACCOUNT AND BROKER ELIGIBILITY REMAIN UNRESOLVED",0.12370296543220016,0.048795737827318275,0.0569725369069316,0.11568564329764564,-0.008176799079613328,-0.06688990547032736
THEME|PAIRWISE_MAJORITY_5H|TOP_1|WEEKLY,THEME,PAIRWISE_MAJORITY_5H,TOP_1,WEEKLY,FROZEN_FROM_A3R1R1,"HISTORICAL UK RETAIL, ACCOUNT AND BROKER ELIGIBILITY REMAIN UNRESOLVED",0.13652525968764984,0.07635951102167193,0.0569725369069316,0.11568564329764564,0.01938697411474033,-0.0393261322759737
THEME|PAIRWISE_MAJORITY_5H|TOP_2|WEEKLY,THEME,PAIRWISE_MAJORITY_5H,TOP_2,WEEKLY,FROZEN_FROM_A3R1R1,"HISTORICAL UK RETAIL, ACCOUNT AND BROKER ELIGIBILITY REMAIN UNRESOLVED",0.12272941983963581,0.06091543366421215,0.0569725369069316,0.11568564329764564,0.003942896757280545,-0.054770209633433486
THEME|PAIRWISE_MAJORITY_5H|TOP_3|WEEKLY,THEME,PAIRWISE_MAJORITY_5H,TOP_3,WEEKLY,FROZEN_FROM_A3R1R1,"HISTORICAL UK RETAIL, ACCOUNT AND BROKER ELIGIBILITY REMAIN UNRESOLVED",0.10997253711692179,0.051165912316188944,0.0569725369069316,0.11568564329764564,-0.0058066245907426595,-0.06451973098145669
THEME|PAIRWISE_MAJORITY_5H|TOP_5|WEEKLY,THEME,PAIRWISE_MAJORITY_5H,TOP_5,WEEKLY,FROZEN_FROM_A3R1R1,"HISTORICAL UK RETAIL, ACCOUNT AND BROKER ELIGIBILITY REMAIN UNRESOLVED",0.11399779980324665,0.07351931204574425,0.0569725369069316,0.11568564329764564,0.01654677513881264,-0.04216633125190139
THEME|PAIRWISE_MAJORITY_5H|VARIABLE_THRESHOLD|WEEKLY,THEME,PAIRWISE_MAJORITY_5H,VARIABLE_THRESHOLD,WEEKLY,FROZEN_FROM_A3R1R1,"HISTORICAL UK RETAIL, ACCOUNT AND BROKER ELIGIBILITY REMAIN UNRESOLVED",0.13268115728927077,0.06419115293361188,0.0569725369069316,0.11568564329764564,0.00721861602668028,-0.05149449036403375
THEME|SHORT_RS_1_2_3_EQ|TOP_1|WEEKLY,THEME,SHORT_RS_1_2_3_EQ,TOP_1,WEEKLY,A3R2_PREDECLARED_NEW_HYPOTHESIS,"HISTORICAL UK RETAIL, ACCOUNT AND BROKER ELIGIBILITY REMAIN UNRESOLVED",0.18800434787469933,0.10170251817331688,0.07794322971642487,0.11568564329764564,0.023759288456892014,-0.013983125124328755
THEME|SHORT_RS_1_2_3_EQ|TOP_2|WEEKLY,THEME,SHORT_RS_1_2_3_EQ,TOP_2,WEEKLY,A3R2_PREDECLARED_NEW_HYPOTHESIS,"HISTORICAL UK RETAIL, ACCOUNT AND BROKER ELIGIBILITY REMAIN UNRESOLVED",0.12075290070567135,0.04815475802944458,0.07794322971642487,0.11568564329764564,-0.02978847168698029,-0.06753088526820106
THEME|SHORT_RS_1_2_3_EQ|TOP_3|WEEKLY,THEME,SHORT_RS_1_2_3_EQ,TOP_3,WEEKLY,A3R2_PREDECLARED_NEW_HYPOTHESIS,"HISTORICAL UK RETAIL, ACCOUNT AND BROKER ELIGIBILITY REMAIN UNRESOLVED",0.09425007330971291,0.03314066881593347,0.07794322971642487,0.11568564329764564,-0.044802560900491395,-0.08254497448171216
THEME|SHORT_RS_1_2_3_EQ|TOP_5|WEEKLY,THEME,SHORT_RS_1_2_3_EQ,TOP_5,WEEKLY,A3R2_PREDECLARED_NEW_HYPOTHESIS,"HISTORICAL UK RETAIL, ACCOUNT AND BROKER ELIGIBILITY REMAIN UNRESOLVED",-0.120787185980887,-0.15512373804110047,0.07794322971642487,0.11568564329764564,-0.23306696775752533,-0.2708093813387461
THEME|SHORT_RS_1_2_3_EQ|VARIABLE_THRESHOLD|WEEKLY,THEME,SHORT_RS_1_2_3_EQ,VARIABLE_THRESHOLD,WEEKLY,A3R2_PREDECLARED_NEW_HYPOTHESIS,"HISTORICAL UK RETAIL, ACCOUNT AND BROKER ELIGIBILITY REMAIN UNRESOLVED",0.13515426076889647,0.05258400148935749,0.07794322971642487,0.11568564329764564,-0.025359228227067376,-0.06310164180828814
THEME|SHORT_RS_1_2_3_PERSISTENT|TOP_1|WEEKLY,THEME,SHORT_RS_1_2_3_PERSISTENT,TOP_1,WEEKLY,A3R2_PREDECLARED_NEW_HYPOTHESIS,"HISTORICAL UK RETAIL, ACCOUNT AND BROKER ELIGIBILITY REMAIN UNRESOLVED",0.13430223947037834,0.04155833365299255,0.07794322971642487,0.11568564329764564,-0.036384896063432315,-0.07412730964465308
THEME|SHORT_RS_1_2_3_PERSISTENT|TOP_2|WEEKLY,THEME,SHORT_RS_1_2_3_PERSISTENT,TOP_2,WEEKLY,A3R2_PREDECLARED_NEW_HYPOTHESIS,"HISTORICAL UK RETAIL, ACCOUNT AND BROKER ELIGIBILITY REMAIN UNRESOLVED",0.11314353507418118,0.030269591350632785,0.07794322971642487,0.11568564329764564,-0.04767363836579208,-0.08541605194701285
THEME|SHORT_RS_1_2_3_PERSISTENT|TOP_3|WEEKLY,THEME,SHORT_RS_1_2_3_PERSISTENT,TOP_3,WEEKLY,A3R2_PREDECLARED_NEW_HYPOTHESIS,"HISTORICAL UK RETAIL, ACCOUNT AND BROKER ELIGIBILITY REMAIN UNRESOLVED",-0.006074995591844101,-0.08483172299993569,0.07794322971642487,0.11568564329764564,-0.16277495271636055,-0.20051736629758132
THEME|SHORT_RS_1_2_3_PERSISTENT|TOP_5|WEEKLY,THEME,SHORT_RS_1_2_3_PERSISTENT,TOP_5,WEEKLY,A3R2_PREDECLARED_NEW_HYPOTHESIS,"HISTORICAL UK RETAIL, ACCOUNT AND BROKER ELIGIBILITY REMAIN UNRESOLVED",0.08500967254471514,-0.008484534443978231,0.07794322971642487,0.11568564329764564,-0.0864277641604031,-0.12417017774162387
THEME|SHORT_RS_1_2_3_PERSISTENT|VARIABLE_THRESHOLD|WEEKLY,THEME,SHORT_RS_1_2_3_PERSISTENT,VARIABLE_THRESHOLD,WEEKLY,A3R2_PREDECLARED_NEW_HYPOTHESIS,"HISTORICAL UK RETAIL, ACCOUNT AND BROKER ELIGIBILITY REMAIN UNRESOLVED",0.11789364411401504,0.029961054751761695,0.07794322971642487,0.11568564329764564,-0.04798217496466317,-0.08572458854588394
INDUSTRY_PLUS_THEME|MH_LEVEL_3_6_12_REFERENCE|TOP_1|WEEKLY,INDUSTRY_PLUS_THEME,MH_LEVEL_3_6_12_REFERENCE,TOP_1,WEEKLY,FROZEN_FROM_A3R1R1,"HISTORICAL UK RETAIL, ACCOUNT AND BROKER ELIGIBILITY REMAIN UNRESOLVED",0.12433723245393602,0.06288757579208992,0.11311557860026067,0.11568564329764564,-0.050228002808170746,-0.05279806750555571
INDUSTRY_PLUS_THEME|MH_LEVEL_3_6_12_REFERENCE|TOP_2|WEEKLY,INDUSTRY_PLUS_THEME,MH_LEVEL_3_6_12_REFERENCE,TOP_2,WEEKLY,FROZEN_FROM_A3R1R1,"HISTORICAL UK RETAIL, ACCOUNT AND BROKER ELIGIBILITY REMAIN UNRESOLVED",0.12469526437787115,0.07353463056482834,0.11311557860026067,0.11568564329764564,-0.03958094803543233,-0.042151012732817295
INDUSTRY_PLUS_THEME|MH_LEVEL_3_6_12_REFERENCE|TOP_3|WEEKLY,INDUSTRY_PLUS_THEME,MH_LEVEL_3_6_12_REFERENCE,TOP_3,WEEKLY,FROZEN_FROM_A3R1R1,"HISTORICAL UK RETAIL, ACCOUNT AND BROKER ELIGIBILITY REMAIN UNRESOLVED",0.1149220221163012,0.06589689694014433,0.11311557860026067,0.11568564329764564,-0.047218681660116335,-0.0497887463575013
INDUSTRY_PLUS_THEME|MH_LEVEL_3_6_12_REFERENCE|TOP_5|WEEKLY,INDUSTRY_PLUS_THEME,MH_LEVEL_3_6_12_REFERENCE,TOP_5,WEEKLY,FROZEN_FROM_A3R1R1,"HISTORICAL UK RETAIL, ACCOUNT AND BROKER ELIGIBILITY REMAIN UNRESOLVED",0.13631146679776118,0.09421566055685693,0.11311557860026067,0.11568564329764564,-0.01889991804340374,-0.021469982740788707
INDUSTRY_PLUS_THEME|MH_LEVEL_3_6_12_REFERENCE|VARIABLE_THRESHOLD|WEEKLY,INDUSTRY_PLUS_THEME,MH_LEVEL_3_6_12_REFERENCE,VARIABLE_THRESHOLD,WEEKLY,FROZEN_FROM_A3R1R1,"HISTORICAL UK RETAIL, ACCOUNT AND BROKER ELIGIBILITY REMAIN UNRESOLVED",0.09969560507741848,0.03478749500133205,0.11311557860026067,0.11568564329764564,-0.07832808359892862,-0.08089814829631359
INDUSTRY_PLUS_THEME|MH_LEVEL_EQ|TOP_1|WEEKLY,INDUSTRY_PLUS_THEME,MH_LEVEL_EQ,TOP_1,WEEKLY,FROZEN_FROM_A3R1R1,"HISTORICAL UK RETAIL, ACCOUNT AND BROKER ELIGIBILITY REMAIN UNRESOLVED",0.1290388082196321,0.05365031009348109,0.11311557860026067,0.11568564329764564,-0.05946526850677958,-0.062035333204164544
INDUSTRY_PLUS_THEME|MH_LEVEL_EQ|TOP_2|WEEKLY,INDUSTRY_PLUS_THEME,MH_LEVEL_EQ,TOP_2,WEEKLY,FROZEN_FROM_A3R1R1,"HISTORICAL UK RETAIL, ACCOUNT AND BROKER ELIGIBILITY REMAIN UNRESOLVED",0.09854779656389057,0.029510675507614437,0.11311557860026067,0.11568564329764564,-0.08360490309264623,-0.0861749677900312
INDUSTRY_PLUS_THEME|MH_LEVEL_EQ|TOP_3|WEEKLY,INDUSTRY_PLUS_THEME,MH_LEVEL_EQ,TOP_3,WEEKLY,FROZEN_FROM_A3R1R1,"HISTORICAL UK RETAIL, ACCOUNT AND BROKER ELIGIBILITY REMAIN UNRESOLVED",0.15558870464506702,0.08968526807394084,0.11311557860026067,0.11568564329764564,-0.02343031052631983,-0.026000375223704797
INDUSTRY_PLUS_THEME|MH_LEVEL_EQ|TOP_5|WEEKLY,INDUSTRY_PLUS_THEME,MH_LEVEL_EQ,TOP_5,WEEKLY,FROZEN_FROM_A3R1R1,"HISTORICAL UK RETAIL, ACCOUNT AND BROKER ELIGIBILITY REMAIN UNRESOLVED",0.15113941843570933,0.10137908552986064,0.11311557860026067,0.11568564329764564,-0.011736493070400034,-0.014306557767785
INDUSTRY_PLUS_THEME|MH_LEVEL_EQ|VARIABLE_THRESHOLD|WEEKLY,INDUSTRY_PLUS_THEME,MH_LEVEL_EQ,VARIABLE_THRESHOLD,WEEKLY,FROZEN_FROM_A3R1R1,"HISTORICAL UK RETAIL, ACCOUNT AND BROKER ELIGIBILITY REMAIN UNRESOLVED",0.11403302661004933,0.03325558369549997,0.11311557860026067,0.11568564329764564,-0.0798599949047607,-0.08243005960214567
INDUSTRY_PLUS_THEME|MH_LEVEL_60D_CENTERED|TOP_1|WEEKLY,INDUSTRY_PLUS_THEME,MH_LEVEL_60D_CENTERED,TOP_1,WEEKLY,FROZEN_FROM_A3R1R1,"HISTORICAL UK RETAIL, ACCOUNT AND BROKER ELIGIBILITY REMAIN UNRESOLVED",0.05761139639215984,-0.0066865510272146045,0.11311557860026067,0.11568564329764564,-0.11980212962747527,-0.12237219432486024
INDUSTRY_PLUS_THEME|MH_LEVEL_60D_CENTERED|TOP_2|WEEKLY,INDUSTRY_PLUS_THEME,MH_LEVEL_60D_CENTERED,TOP_2,WEEKLY,FROZEN_FROM_A3R1R1,"HISTORICAL UK RETAIL, ACCOUNT AND BROKER ELIGIBILITY REMAIN UNRESOLVED",0.08189389592112684,0.01854243938535194,0.11311557860026067,0.11568564329764564,-0.09457313921490873,-0.0971432039122937
INDUSTRY_PLUS_THEME|MH_LEVEL_60D_CENTERED|TOP_3|WEEKLY,INDUSTRY_PLUS_THEME,MH_LEVEL_60D_CENTERED,TOP_3,WEEKLY,FROZEN_FROM_A3R1R1,"HISTORICAL UK RETAIL, ACCOUNT AND BROKER ELIGIBILITY REMAIN UNRESOLVED",0.10949075855597723,0.04932422530925673,0.11311557860026067,0.11568564329764564,-0.06379135329100394,-0.0663614179883889
INDUSTRY_PLUS_THEME|MH_LEVEL_60D_CENTERED|TOP_5|WEEKLY,INDUSTRY_PLUS_THEME,MH_LEVEL_60D_CENTERED,TOP_5,WEEKLY,FROZEN_FROM_A3R1R1,"HISTORICAL UK RETAIL, ACCOUNT AND BROKER ELIGIBILITY REMAIN UNRESOLVED",0.112488427359003,0.06317087000982546,0.11311557860026067,0.11568564329764564,-0.049944708590435205,-0.05251477328782017
INDUSTRY_PLUS_THEME|MH_LEVEL_60D_CENTERED|VARIABLE_THRESHOLD|WEEKLY,INDUSTRY_PLUS_THEME,MH_LEVEL_60D_CENTERED,VARIABLE_THRESHOLD,WEEKLY,FROZEN_FROM_A3R1R1,"HISTORICAL UK RETAIL, ACCOUNT AND BROKER ELIGIBILITY REMAIN UNRESOLVED",0.14790571693538745,0.07585307930795104,0.11311557860026067,0.11568564329764564,-0.037262499292309625,-0.03983256398969459
INDUSTRY_PLUS_THEME|MH_LEVEL_RECENCY_TILT|TOP_1|WEEKLY,INDUSTRY_PLUS_THEME,MH_LEVEL_RECENCY_TILT,TOP_1,WEEKLY,FROZEN_FROM_A3R1R1,"HISTORICAL UK RETAIL, ACCOUNT AND BROKER ELIGIBILITY REMAIN UNRESOLVED",0.12161429478897756,0.03831669932304105,0.11311557860026067,0.11568564329764564,-0.07479887927721962,-0.07736894397460459
INDUSTRY_PLUS_THEME|MH_LEVEL_RECENCY_TILT|TOP_2|WEEKLY,INDUSTRY_PLUS_THEME,MH_LEVEL_RECENCY_TILT,TOP_2,WEEKLY,FROZEN_FROM_A3R1R1,"HISTORICAL UK RETAIL, ACCOUNT AND BROKER ELIGIBILITY REMAIN UNRESOLVED",0.08682006523160624,0.00947619653915499,0.11311557860026067,0.11568564329764564,-0.10363938206110568,-0.10620944675849064
INDUSTRY_PLUS_THEME|MH_LEVEL_RECENCY_TILT|TOP_3|WEEKLY,INDUSTRY_PLUS_THEME,MH_LEVEL_RECENCY_TILT,TOP_3,WEEKLY,FROZEN_FROM_A3R1R1,"HISTORICAL UK RETAIL, ACCOUNT AND BROKER ELIGIBILITY REMAIN UNRESOLVED",0.15191412782575253,0.07998464143192252,0.11311557860026067,0.11568564329764564,-0.03313093716833815,-0.035701001865723114
INDUSTRY_PLUS_THEME|MH_LEVEL_RECENCY_TILT|TOP_5|WEEKLY,INDUSTRY_PLUS_THEME,MH_LEVEL_RECENCY_TILT,TOP_5,WEEKLY,FROZEN_FROM_A3R1R1,"HISTORICAL UK RETAIL, ACCOUNT AND BROKER ELIGIBILITY REMAIN UNRESOLVED",0.15043211053693928,0.0916974596833986,0.11311557860026067,0.11568564329764564,-0.021418118916862072,-0.02398818361424704
INDUSTRY_PLUS_THEME|MH_LEVEL_RECENCY_TILT|VARIABLE_THRESHOLD|WEEKLY,INDUSTRY_PLUS_THEME,MH_LEVEL_RECENCY_TILT,VARIABLE_THRESHOLD,WEEKLY,FROZEN_FROM_A3R1R1,"HISTORICAL UK RETAIL, ACCOUNT AND BROKER ELIGIBILITY REMAIN UNRESOLVED",0.10998142837868663,0.028471863663709573,0.11311557860026067,0.11568564329764564,-0.0846437149365511,-0.08721377963393606
INDUSTRY_PLUS_THEME|PAIRWISE_MAJORITY_5H|TOP_1|WEEKLY,INDUSTRY_PLUS_THEME,PAIRWISE_MAJORITY_5H,TOP_1,WEEKLY,FROZEN_FROM_A3R1R1,"HISTORICAL UK RETAIL, ACCOUNT AND BROKER ELIGIBILITY REMAIN UNRESOLVED",0.052716317830133086,-0.01286079231495707,0.11311557860026067,0.11568564329764564,-0.12597637091521774,-0.1285464356126027
INDUSTRY_PLUS_THEME|PAIRWISE_MAJORITY_5H|TOP_2|WEEKLY,INDUSTRY_PLUS_THEME,PAIRWISE_MAJORITY_5H,TOP_2,WEEKLY,FROZEN_FROM_A3R1R1,"HISTORICAL UK RETAIL, ACCOUNT AND BROKER ELIGIBILITY REMAIN UNRESOLVED",0.13855467306688118,0.07314193667812252,0.11311557860026067,0.11568564329764564,-0.03997364192213815,-0.042543706619523114
INDUSTRY_PLUS_THEME|PAIRWISE_MAJORITY_5H|TOP_3|WEEKLY,INDUSTRY_PLUS_THEME,PAIRWISE_MAJORITY_5H,TOP_3,WEEKLY,FROZEN_FROM_A3R1R1,"HISTORICAL UK RETAIL, ACCOUNT AND BROKER ELIGIBILITY REMAIN UNRESOLVED",0.19197439345535705,0.12744699971102058,0.11311557860026067,0.11568564329764564,0.014331421110759912,0.011761356413374946
INDUSTRY_PLUS_THEME|PAIRWISE_MAJORITY_5H|TOP_5|WEEKLY,INDUSTRY_PLUS_THEME,PAIRWISE_MAJORITY_5H,TOP_5,WEEKLY,FROZEN_FROM_A3R1R1,"HISTORICAL UK RETAIL, ACCOUNT AND BROKER ELIGIBILITY REMAIN UNRESOLVED",0.14783570557148873,0.09405433096311455,0.11311557860026067,0.11568564329764564,-0.019061247637146117,-0.021631312334531083
INDUSTRY_PLUS_THEME|PAIRWISE_MAJORITY_5H|VARIABLE_THRESHOLD|WEEKLY,INDUSTRY_PLUS_THEME,PAIRWISE_MAJORITY_5H,VARIABLE_THRESHOLD,WEEKLY,FROZEN_FROM_A3R1R1,"HISTORICAL UK RETAIL, ACCOUNT AND BROKER ELIGIBILITY REMAIN UNRESOLVED",0.14235252105118712,0.07575721059630736,0.11311557860026067,0.11568564329764564,-0.03735836800395331,-0.03992843270133828
INDUSTRY_PLUS_THEME|SHORT_RS_1_2_3_EQ|TOP_1|WEEKLY,INDUSTRY_PLUS_THEME,SHORT_RS_1_2_3_EQ,TOP_1,WEEKLY,A3R2_PREDECLARED_NEW_HYPOTHESIS,"HISTORICAL UK RETAIL, ACCOUNT AND BROKER ELIGIBILITY REMAIN UNRESOLVED",-0.020855102070664544,-0.11056097367436368,0.12266255160979256,0.11568564329764564,-0.23322352528415624,-0.22624661697200932
INDUSTRY_PLUS_THEME|SHORT_RS_1_2_3_EQ|TOP_2|WEEKLY,INDUSTRY_PLUS_THEME,SHORT_RS_1_2_3_EQ,TOP_2,WEEKLY,A3R2_PREDECLARED_NEW_HYPOTHESIS,"HISTORICAL UK RETAIL, ACCOUNT AND BROKER ELIGIBILITY REMAIN UNRESOLVED",0.0717153932501613,-0.01166204373942148,0.12266255160979256,0.11568564329764564,-0.13432459534921404,-0.12734768703706711
INDUSTRY_PLUS_THEME|SHORT_RS_1_2_3_EQ|TOP_3|WEEKLY,INDUSTRY_PLUS_THEME,SHORT_RS_1_2_3_EQ,TOP_3,WEEKLY,A3R2_PREDECLARED_NEW_HYPOTHESIS,"HISTORICAL UK RETAIL, ACCOUNT AND BROKER ELIGIBILITY REMAIN UNRESOLVED",0.08019056802127533,0.008474220188398052,0.12266255160979256,0.11568564329764564,-0.1141883314213945,-0.10721142310924758
INDUSTRY_PLUS_THEME|SHORT_RS_1_2_3_EQ|TOP_5|WEEKLY,INDUSTRY_PLUS_THEME,SHORT_RS_1_2_3_EQ,TOP_5,WEEKLY,A3R2_PREDECLARED_NEW_HYPOTHESIS,"HISTORICAL UK RETAIL, ACCOUNT AND BROKER ELIGIBILITY REMAIN UNRESOLVED",-0.06485840196858883,-0.10905881548106122,0.12266255160979256,0.11568564329764564,-0.23172136709085378,-0.22474445877870686
INDUSTRY_PLUS_THEME|SHORT_RS_1_2_3_EQ|VARIABLE_THRESHOLD|WEEKLY,INDUSTRY_PLUS_THEME,SHORT_RS_1_2_3_EQ,VARIABLE_THRESHOLD,WEEKLY,A3R2_PREDECLARED_NEW_HYPOTHESIS,"HISTORICAL UK RETAIL, ACCOUNT AND BROKER ELIGIBILITY REMAIN UNRESOLVED",0.1675512708330289,0.08627789931289387,0.12266255160979256,0.11568564329764564,-0.03638465229689869,-0.029407743984751766
INDUSTRY_PLUS_THEME|SHORT_RS_1_2_3_PERSISTENT|TOP_1|WEEKLY,INDUSTRY_PLUS_THEME,SHORT_RS_1_2_3_PERSISTENT,TOP_1,WEEKLY,A3R2_PREDECLARED_NEW_HYPOTHESIS,"HISTORICAL UK RETAIL, ACCOUNT AND BROKER ELIGIBILITY REMAIN UNRESOLVED",-0.08384841063197179,-0.17416118422080307,0.12266255160979256,0.11568564329764564,-0.2968237358305956,-0.2898468275184487
INDUSTRY_PLUS_THEME|SHORT_RS_1_2_3_PERSISTENT|TOP_2|WEEKLY,INDUSTRY_PLUS_THEME,SHORT_RS_1_2_3_PERSISTENT,TOP_2,WEEKLY,A3R2_PREDECLARED_NEW_HYPOTHESIS,"HISTORICAL UK RETAIL, ACCOUNT AND BROKER ELIGIBILITY REMAIN UNRESOLVED",0.06019824030374776,-0.02886881949823883,0.12266255160979256,0.11568564329764564,-0.1515313711080314,-0.14455446279588446
INDUSTRY_PLUS_THEME|SHORT_RS_1_2_3_PERSISTENT|TOP_3|WEEKLY,INDUSTRY_PLUS_THEME,SHORT_RS_1_2_3_PERSISTENT,TOP_3,WEEKLY,A3R2_PREDECLARED_NEW_HYPOTHESIS,"HISTORICAL UK RETAIL, ACCOUNT AND BROKER ELIGIBILITY REMAIN UNRESOLVED",0.09957087937139653,0.015598937090401943,0.12266255160979256,0.11568564329764564,-0.10706361451939062,-0.10008670620724369
INDUSTRY_PLUS_THEME|SHORT_RS_1_2_3_PERSISTENT|TOP_5|WEEKLY,INDUSTRY_PLUS_THEME,SHORT_RS_1_2_3_PERSISTENT,TOP_5,WEEKLY,A3R2_PREDECLARED_NEW_HYPOTHESIS,"HISTORICAL UK RETAIL, ACCOUNT AND BROKER ELIGIBILITY REMAIN UNRESOLVED",0.012810321570596805,-0.06306155510135947,0.12266255160979256,0.11568564329764564,-0.18572410671115203,-0.1787471983990051
INDUSTRY_PLUS_THEME|SHORT_RS_1_2_3_PERSISTENT|VARIABLE_THRESHOLD|WEEKLY,INDUSTRY_PLUS_THEME,SHORT_RS_1_2_3_PERSISTENT,VARIABLE_THRESHOLD,WEEKLY,A3R2_PREDECLARED_NEW_HYPOTHESIS,"HISTORICAL UK RETAIL, ACCOUNT AND BROKER ELIGIBILITY REMAIN UNRESOLVED",0.14302217260400107,0.05235806047862068,0.12266255160979256,0.11568564329764564,-0.07030449113117188,-0.06332758281902495
INDUSTRY|MH_LEVEL_3_6_12_REFERENCE|TOP_1|FORTNIGHTLY,INDUSTRY,MH_LEVEL_3_6_12_REFERENCE,TOP_1,FORTNIGHTLY,FROZEN_FROM_A3R1R1,"HISTORICAL UK RETAIL, ACCOUNT AND BROKER ELIGIBILITY REMAIN UNRESOLVED",0.20139334680233834,0.16215233638628468,0.19137973037797007,0.11568564329764564,-0.02922739399168539,0.046466693088639044
INDUSTRY|MH_LEVEL_3_6_12_REFERENCE|TOP_2|FORTNIGHTLY,INDUSTRY,MH_LEVEL_3_6_12_REFERENCE,TOP_2,FORTNIGHTLY,FROZEN_FROM_A3R1R1,"HISTORICAL UK RETAIL, ACCOUNT AND BROKER ELIGIBILITY REMAIN UNRESOLVED",0.15873306233367268,0.1312783078544999,0.19137973037797007,0.11568564329764564,-0.06010142252347017,0.015592664556854263
INDUSTRY|MH_LEVEL_3_6_12_REFERENCE|TOP_3|FORTNIGHTLY,INDUSTRY,MH_LEVEL_3_6_12_REFERENCE,TOP_3,FORTNIGHTLY,FROZEN_FROM_A3R1R1,"HISTORICAL UK RETAIL, ACCOUNT AND BROKER ELIGIBILITY REMAIN UNRESOLVED",0.21654092657678992,0.19371955269595698,0.19137973037797007,0.11568564329764564,0.002339822317986906,0.07803390939831134
INDUSTRY|MH_LEVEL_3_6_12_REFERENCE|TOP_5|FORTNIGHTLY,INDUSTRY,MH_LEVEL_3_6_12_REFERENCE,TOP_5,FORTNIGHTLY,FROZEN_FROM_A3R1R1,"HISTORICAL UK RETAIL, ACCOUNT AND BROKER ELIGIBILITY REMAIN UNRESOLVED",0.2087495181450596,0.19200398281345055,0.19137973037797007,0.11568564329764564,0.0006242524354804768,0.07631833951580491
INDUSTRY|MH_LEVEL_3_6_12_REFERENCE|VARIABLE_THRESHOLD|FORTNIGHTLY,INDUSTRY,MH_LEVEL_3_6_12_REFERENCE,VARIABLE_THRESHOLD,FORTNIGHTLY,FROZEN_FROM_A3R1R1,"HISTORICAL UK RETAIL, ACCOUNT AND BROKER ELIGIBILITY REMAIN UNRESOLVED",0.16649351003604118,0.12962089044402392,0.18225654582899709,0.12211367179535859,-0.05263565538497317,0.007507218648665326
INDUSTRY|MH_LEVEL_EQ|TOP_1|FORTNIGHTLY,INDUSTRY,MH_LEVEL_EQ,TOP_1,FORTNIGHTLY,FROZEN_FROM_A3R1R1,"HISTORICAL UK RETAIL, ACCOUNT AND BROKER ELIGIBILITY REMAIN UNRESOLVED",0.008673894196547627,-0.04089072713419917,0.19137973037797007,0.11568564329764564,-0.23227045751216924,-0.1565763704318448
INDUSTRY|MH_LEVEL_EQ|TOP_2|FORTNIGHTLY,INDUSTRY,MH_LEVEL_EQ,TOP_2,FORTNIGHTLY,FROZEN_FROM_A3R1R1,"HISTORICAL UK RETAIL, ACCOUNT AND BROKER ELIGIBILITY REMAIN UNRESOLVED",0.19594592829778246,0.15824262792215094,0.19137973037797007,0.11568564329764564,-0.033137102455819134,0.0425569846245053
INDUSTRY|MH_LEVEL_EQ|TOP_3|FORTNIGHTLY,INDUSTRY,MH_LEVEL_EQ,TOP_3,FORTNIGHTLY,FROZEN_FROM_A3R1R1,"HISTORICAL UK RETAIL, ACCOUNT AND BROKER ELIGIBILITY REMAIN UNRESOLVED",0.23240673281489466,0.20006617595621234,0.19137973037797007,0.11568564329764564,0.008686445578242274,0.08438053265856671
INDUSTRY|MH_LEVEL_EQ|TOP_5|FORTNIGHTLY,INDUSTRY,MH_LEVEL_EQ,TOP_5,FORTNIGHTLY,FROZEN_FROM_A3R1R1,"HISTORICAL UK RETAIL, ACCOUNT AND BROKER ELIGIBILITY REMAIN UNRESOLVED",0.2073793801585806,0.183380211589927,0.19137973037797007,0.11568564329764564,-0.007999518788043058,0.06769456829228138
INDUSTRY|MH_LEVEL_EQ|VARIABLE_THRESHOLD|FORTNIGHTLY,INDUSTRY,MH_LEVEL_EQ,VARIABLE_THRESHOLD,FORTNIGHTLY,FROZEN_FROM_A3R1R1,"HISTORICAL UK RETAIL, ACCOUNT AND BROKER ELIGIBILITY REMAIN UNRESOLVED",0.08399156055668788,0.04486008483732795,0.19137973037797007,0.11568564329764564,-0.14651964554064212,-0.07082555846031768
INDUSTRY|MH_LEVEL_60D_CENTERED|TOP_1|FORTNIGHTLY,INDUSTRY,MH_LEVEL_60D_CENTERED,TOP_1,FORTNIGHTLY,FROZEN_FROM_A3R1R1,"HISTORICAL UK RETAIL, ACCOUNT AND BROKER ELIGIBILITY REMAIN UNRESOLVED",0.11851849872493547,0.07401057058840732,0.19137973037797007,0.11568564329764564,-0.11736915978956275,-0.041675072709238314
INDUSTRY|MH_LEVEL_60D_CENTERED|TOP_2|FORTNIGHTLY,INDUSTRY,MH_LEVEL_60D_CENTERED,TOP_2,FORTNIGHTLY,FROZEN_FROM_A3R1R1,"HISTORICAL UK RETAIL, ACCOUNT AND BROKER ELIGIBILITY REMAIN UNRESOLVED",0.22434162225066157,0.18358883310083352,0.19137973037797007,0.11568564329764564,-0.007790897277136555,0.06790318980318788
INDUSTRY|MH_LEVEL_60D_CENTERED|TOP_3|FORTNIGHTLY,INDUSTRY,MH_LEVEL_60D_CENTERED,TOP_3,FORTNIGHTLY,FROZEN_FROM_A3R1R1,"HISTORICAL UK RETAIL, ACCOUNT AND BROKER ELIGIBILITY REMAIN UNRESOLVED",0.22243378281449,0.18969663482781507,0.19137973037797007,0.11568564329764564,-0.0016830955501550005,0.07401099153016943
INDUSTRY|MH_LEVEL_60D_CENTERED|TOP_5|FORTNIGHTLY,INDUSTRY,MH_LEVEL_60D_CENTERED,TOP_5,FORTNIGHTLY,FROZEN_FROM_A3R1R1,"HISTORICAL UK RETAIL, ACCOUNT AND BROKER ELIGIBILITY REMAIN UNRESOLVED",0.2139310329814259,0.19056319610606676,0.19137973037797007,0.11568564329764564,-0.0008165342719033131,0.07487755280842112
INDUSTRY|MH_LEVEL_60D_CENTERED|VARIABLE_THRESHOLD|FORTNIGHTLY,INDUSTRY,MH_LEVEL_60D_CENTERED,VARIABLE_THRESHOLD,FORTNIGHTLY,FROZEN_FROM_A3R1R1,"HISTORICAL UK RETAIL, ACCOUNT AND BROKER ELIGIBILITY REMAIN UNRESOLVED",0.14423106255507312,0.10318693435088577,0.19137973037797007,0.11568564329764564,-0.0881927960270843,-0.012498708946759862
INDUSTRY|MH_LEVEL_RECENCY_TILT|TOP_1|FORTNIGHTLY,INDUSTRY,MH_LEVEL_RECENCY_TILT,TOP_1,FORTNIGHTLY,FROZEN_FROM_A3R1R1,"HISTORICAL UK RETAIL, ACCOUNT AND BROKER ELIGIBILITY REMAIN UNRESOLVED",0.04817562874400916,-0.008173714850392977,0.19137973037797007,0.11568564329764564,-0.19955344522836305,-0.12385935814803861
INDUSTRY|MH_LEVEL_RECENCY_TILT|TOP_2|FORTNIGHTLY,INDUSTRY,MH_LEVEL_RECENCY_TILT,TOP_2,FORTNIGHTLY,FROZEN_FROM_A3R1R1,"HISTORICAL UK RETAIL, ACCOUNT AND BROKER ELIGIBILITY REMAIN UNRESOLVED",0.2084871777441888,0.16265838781743747,0.19137973037797007,0.11568564329764564,-0.028721342560532603,0.04697274451979183
INDUSTRY|MH_LEVEL_RECENCY_TILT|TOP_3|FORTNIGHTLY,INDUSTRY,MH_LEVEL_RECENCY_TILT,TOP_3,FORTNIGHTLY,FROZEN_FROM_A3R1R1,"HISTORICAL UK RETAIL, ACCOUNT AND BROKER ELIGIBILITY REMAIN UNRESOLVED",0.21972257575004783,0.18232763358041826,0.19137973037797007,0.11568564329764564,-0.009052096797551812,0.06664199028277262
INDUSTRY|MH_LEVEL_RECENCY_TILT|TOP_5|FORTNIGHTLY,INDUSTRY,MH_LEVEL_RECENCY_TILT,TOP_5,FORTNIGHTLY,FROZEN_FROM_A3R1R1,"HISTORICAL UK RETAIL, ACCOUNT AND BROKER ELIGIBILITY REMAIN UNRESOLVED",0.20662660241189656,0.1777231897454996,0.19137973037797007,0.11568564329764564,-0.01365654063247046,0.062037546447853975
INDUSTRY|MH_LEVEL_RECENCY_TILT|VARIABLE_THRESHOLD|FORTNIGHTLY,INDUSTRY,MH_LEVEL_RECENCY_TILT,VARIABLE_THRESHOLD,FORTNIGHTLY,FROZEN_FROM_A3R1R1,"HISTORICAL UK RETAIL, ACCOUNT AND BROKER ELIGIBILITY REMAIN UNRESOLVED",0.10567719291745403,0.06219719613170471,0.19137973037797007,0.11568564329764564,-0.12918253424626536,-0.05348844716594092
INDUSTRY|PAIRWISE_MAJORITY_5H|TOP_1|FORTNIGHTLY,INDUSTRY,PAIRWISE_MAJORITY_5H,TOP_1,FORTNIGHTLY,FROZEN_FROM_A3R1R1,"HISTORICAL UK RETAIL, ACCOUNT AND BROKER ELIGIBILITY REMAIN UNRESOLVED",0.23698831574653934,0.18110566549496587,0.19137973037797007,0.11568564329764564,-0.010274064883004197,0.06542002219732024
INDUSTRY|PAIRWISE_MAJORITY_5H|TOP_2|FORTNIGHTLY,INDUSTRY,PAIRWISE_MAJORITY_5H,TOP_2,FORTNIGHTLY,FROZEN_FROM_A3R1R1,"HISTORICAL UK RETAIL, ACCOUNT AND BROKER ELIGIBILITY REMAIN UNRESOLVED",0.2648691618050052,0.22485751336852133,0.19137973037797007,0.11568564329764564,0.033477782990551264,0.1091718700708757
INDUSTRY|PAIRWISE_MAJORITY_5H|TOP_3|FORTNIGHTLY,INDUSTRY,PAIRWISE_MAJORITY_5H,TOP_3,FORTNIGHTLY,FROZEN_FROM_A3R1R1,"HISTORICAL UK RETAIL, ACCOUNT AND BROKER ELIGIBILITY REMAIN UNRESOLVED",0.25561247925658237,0.2226963830977653,0.19137973037797007,0.11568564329764564,0.031316652719795224,0.10701073980011966
INDUSTRY|PAIRWISE_MAJORITY_5H|TOP_5|FORTNIGHTLY,INDUSTRY,PAIRWISE_MAJORITY_5H,TOP_5,FORTNIGHTLY,FROZEN_FROM_A3R1R1,"HISTORICAL UK RETAIL, ACCOUNT AND BROKER ELIGIBILITY REMAIN UNRESOLVED",0.21230981622952427,0.18786360210385444,0.19137973037797007,0.11568564329764564,-0.0035161282741156263,0.07217795880620881
INDUSTRY|PAIRWISE_MAJORITY_5H|VARIABLE_THRESHOLD|FORTNIGHTLY,INDUSTRY,PAIRWISE_MAJORITY_5H,VARIABLE_THRESHOLD,FORTNIGHTLY,FROZEN_FROM_A3R1R1,"HISTORICAL UK RETAIL, ACCOUNT AND BROKER ELIGIBILITY REMAIN UNRESOLVED",0.1626160897943565,0.12110081728143096,0.19137973037797007,0.11568564329764564,-0.07027891309653911,0.005415173983785326
INDUSTRY|SHORT_RS_1_2_3_EQ|TOP_1|FORTNIGHTLY,INDUSTRY,SHORT_RS_1_2_3_EQ,TOP_1,FORTNIGHTLY,A3R2_PREDECLARED_NEW_HYPOTHESIS,"HISTORICAL UK RETAIL, ACCOUNT AND BROKER ELIGIBILITY REMAIN UNRESOLVED",0.0993290203834003,0.0401957870854357,0.18897023972645544,0.11568564329764564,-0.14877445264101974,-0.07548985621220994
INDUSTRY|SHORT_RS_1_2_3_EQ|TOP_2|FORTNIGHTLY,INDUSTRY,SHORT_RS_1_2_3_EQ,TOP_2,FORTNIGHTLY,A3R2_PREDECLARED_NEW_HYPOTHESIS,"HISTORICAL UK RETAIL, ACCOUNT AND BROKER ELIGIBILITY REMAIN UNRESOLVED",0.16111329844808564,0.11042331735057087,0.18897023972645544,0.11568564329764564,-0.07854692237588456,-0.005262325947074764
INDUSTRY|SHORT_RS_1_2_3_EQ|TOP_3|FORTNIGHTLY,INDUSTRY,SHORT_RS_1_2_3_EQ,TOP_3,FORTNIGHTLY,A3R2_PREDECLARED_NEW_HYPOTHESIS,"HISTORICAL UK RETAIL, ACCOUNT AND BROKER ELIGIBILITY REMAIN UNRESOLVED",0.16729937389000193,0.12563151004278206,0.18897023972645544,0.11568564329764564,-0.06333872968367338,0.009945866745136422
INDUSTRY|SHORT_RS_1_2_3_EQ|TOP_5|FORTNIGHTLY,INDUSTRY,SHORT_RS_1_2_3_EQ,TOP_5,FORTNIGHTLY,A3R2_PREDECLARED_NEW_HYPOTHESIS,"HISTORICAL UK RETAIL, ACCOUNT AND BROKER ELIGIBILITY REMAIN UNRESOLVED",0.1925287746490134,0.16349616604912431,0.18897023972645544,0.11568564329764564,-0.02547407367733112,0.04781052275147868
INDUSTRY|SHORT_RS_1_2_3_EQ|VARIABLE_THRESHOLD|FORTNIGHTLY,INDUSTRY,SHORT_RS_1_2_3_EQ,VARIABLE_THRESHOLD,FORTNIGHTLY,A3R2_PREDECLARED_NEW_HYPOTHESIS,"HISTORICAL UK RETAIL, ACCOUNT AND BROKER ELIGIBILITY REMAIN UNRESOLVED",0.07795670500954266,0.03071872247129437,0.18897023972645544,0.11568564329764564,-0.15825151725516107,-0.08496692082635127
INDUSTRY|SHORT_RS_1_2_3_PERSISTENT|TOP_1|FORTNIGHTLY,INDUSTRY,SHORT_RS_1_2_3_PERSISTENT,TOP_1,FORTNIGHTLY,A3R2_PREDECLARED_NEW_HYPOTHESIS,"HISTORICAL UK RETAIL, ACCOUNT AND BROKER ELIGIBILITY REMAIN UNRESOLVED",0.19243126217214734,0.13107258766093266,0.18897023972645544,0.11568564329764564,-0.057897652065522776,0.015386944363287025
INDUSTRY|SHORT_RS_1_2_3_PERSISTENT|TOP_2|FORTNIGHTLY,INDUSTRY,SHORT_RS_1_2_3_PERSISTENT,TOP_2,FORTNIGHTLY,A3R2_PREDECLARED_NEW_HYPOTHESIS,"HISTORICAL UK RETAIL, ACCOUNT AND BROKER ELIGIBILITY REMAIN UNRESOLVED",0.25644949102116965,0.19784041957587628,0.18897023972645544,0.11568564329764564,0.008870179849420845,0.08215477627823065
INDUSTRY|SHORT_RS_1_2_3_PERSISTENT|TOP_3|FORTNIGHTLY,INDUSTRY,SHORT_RS_1_2_3_PERSISTENT,TOP_3,FORTNIGHTLY,A3R2_PREDECLARED_NEW_HYPOTHESIS,"HISTORICAL UK RETAIL, ACCOUNT AND BROKER ELIGIBILITY REMAIN UNRESOLVED",0.2362729249608999,0.18222810940359802,0.18897023972645544,0.11568564329764564,-0.00674213032285742,0.06654246610595238
INDUSTRY|SHORT_RS_1_2_3_PERSISTENT|TOP_5|FORTNIGHTLY,INDUSTRY,SHORT_RS_1_2_3_PERSISTENT,TOP_5,FORTNIGHTLY,A3R2_PREDECLARED_NEW_HYPOTHESIS,"HISTORICAL UK RETAIL, ACCOUNT AND BROKER ELIGIBILITY REMAIN UNRESOLVED",0.18953901984599275,0.13387976006719016,0.18897023972645544,0.11568564329764564,-0.05509047965926528,0.01819411676954452
INDUSTRY|SHORT_RS_1_2_3_PERSISTENT|VARIABLE_THRESHOLD|FORTNIGHTLY,INDUSTRY,SHORT_RS_1_2_3_PERSISTENT,VARIABLE_THRESHOLD,FORTNIGHTLY,A3R2_PREDECLARED_NEW_HYPOTHESIS,"HISTORICAL UK RETAIL, ACCOUNT AND BROKER ELIGIBILITY REMAIN UNRESOLVED",0.08146743512267984,0.035128048779392795,0.18897023972645544,0.11568564329764564,-0.15384219094706264,-0.08055759451825284
THEME|MH_LEVEL_3_6_12_REFERENCE|TOP_1|FORTNIGHTLY,THEME,MH_LEVEL_3_6_12_REFERENCE,TOP_1,FORTNIGHTLY,FROZEN_FROM_A3R1R1,"HISTORICAL UK RETAIL, ACCOUNT AND BROKER ELIGIBILITY REMAIN UNRESOLVED",0.05030440359159716,0.015010859906554597,0.058712823566287486,0.11568564329764564,-0.04370196365973289,-0.10067478339109104
THEME|MH_LEVEL_3_6_12_REFERENCE|TOP_2|FORTNIGHTLY,THEME,MH_LEVEL_3_6_12_REFERENCE,TOP_2,FORTNIGHTLY,FROZEN_FROM_A3R1R1,"HISTORICAL UK RETAIL, ACCOUNT AND BROKER ELIGIBILITY REMAIN UNRESOLVED",0.10722436261344526,0.07296540875605495,0.058712823566287486,0.11568564329764564,0.014252585189767464,-0.042720234541590685
THEME|MH_LEVEL_3_6_12_REFERENCE|TOP_3|FORTNIGHTLY,THEME,MH_LEVEL_3_6_12_REFERENCE,TOP_3,FORTNIGHTLY,FROZEN_FROM_A3R1R1,"HISTORICAL UK RETAIL, ACCOUNT AND BROKER ELIGIBILITY REMAIN UNRESOLVED",0.11055842198054444,0.0810564121658961,0.058712823566287486,0.11568564329764564,0.02234358859960861,-0.03462923113174954
THEME|MH_LEVEL_3_6_12_REFERENCE|TOP_5|FORTNIGHTLY,THEME,MH_LEVEL_3_6_12_REFERENCE,TOP_5,FORTNIGHTLY,FROZEN_FROM_A3R1R1,"HISTORICAL UK RETAIL, ACCOUNT AND BROKER ELIGIBILITY REMAIN UNRESOLVED",0.09864271094271282,0.07895573858729521,0.058712823566287486,0.11568564329764564,0.020242915021007724,-0.036729904710350425
THEME|MH_LEVEL_3_6_12_REFERENCE|VARIABLE_THRESHOLD|FORTNIGHTLY,THEME,MH_LEVEL_3_6_12_REFERENCE,VARIABLE_THRESHOLD,FORTNIGHTLY,FROZEN_FROM_A3R1R1,"HISTORICAL UK RETAIL, ACCOUNT AND BROKER ELIGIBILITY REMAIN UNRESOLVED",0.10907778342102614,0.07172606706937712,0.058712823566287486,0.11568564329764564,0.013013243503089633,-0.043959576228268515
THEME|MH_LEVEL_EQ|TOP_1|FORTNIGHTLY,THEME,MH_LEVEL_EQ,TOP_1,FORTNIGHTLY,FROZEN_FROM_A3R1R1,"HISTORICAL UK RETAIL, ACCOUNT AND BROKER ELIGIBILITY REMAIN UNRESOLVED",0.1013358724069302,0.05838154623607417,0.058712823566287486,0.11568564329764564,-0.00033127733021331984,-0.05730409706157147
THEME|MH_LEVEL_EQ|TOP_2|FORTNIGHTLY,THEME,MH_LEVEL_EQ,TOP_2,FORTNIGHTLY,FROZEN_FROM_A3R1R1,"HISTORICAL UK RETAIL, ACCOUNT AND BROKER ELIGIBILITY REMAIN UNRESOLVED",0.1592287498550451,0.11886616183608556,0.058712823566287486,0.11568564329764564,0.06015333826979807,0.003180518538439925
THEME|MH_LEVEL_EQ|TOP_3|FORTNIGHTLY,THEME,MH_LEVEL_EQ,TOP_3,FORTNIGHTLY,FROZEN_FROM_A3R1R1,"HISTORICAL UK RETAIL, ACCOUNT AND BROKER ELIGIBILITY REMAIN UNRESOLVED",0.11608567450233531,0.08193657792538955,0.058712823566287486,0.11568564329764564,0.023223754359102067,-0.03374906537225608
THEME|MH_LEVEL_EQ|TOP_5|FORTNIGHTLY,THEME,MH_LEVEL_EQ,TOP_5,FORTNIGHTLY,FROZEN_FROM_A3R1R1,"HISTORICAL UK RETAIL, ACCOUNT AND BROKER ELIGIBILITY REMAIN UNRESOLVED",0.10052422077227341,0.07399523144261932,0.058712823566287486,0.11568564329764564,0.015282407876331838,-0.04169041185502631
THEME|MH_LEVEL_EQ|VARIABLE_THRESHOLD|FORTNIGHTLY,THEME,MH_LEVEL_EQ,VARIABLE_THRESHOLD,FORTNIGHTLY,FROZEN_FROM_A3R1R1,"HISTORICAL UK RETAIL, ACCOUNT AND BROKER ELIGIBILITY REMAIN UNRESOLVED",0.0072937811910831485,-0.03666991521942997,0.058712823566287486,0.11568564329764564,-0.09538273878571746,-0.1523555585170756
THEME|MH_LEVEL_60D_CENTERED|TOP_1|FORTNIGHTLY,THEME,MH_LEVEL_60D_CENTERED,TOP_1,FORTNIGHTLY,FROZEN_FROM_A3R1R1,"HISTORICAL UK RETAIL, ACCOUNT AND BROKER ELIGIBILITY REMAIN UNRESOLVED",0.07838253396248085,0.03376668977169994,0.058712823566287486,0.11568564329764564,-0.024946133794587544,-0.08191895352594569
THEME|MH_LEVEL_60D_CENTERED|TOP_2|FORTNIGHTLY,THEME,MH_LEVEL_60D_CENTERED,TOP_2,FORTNIGHTLY,FROZEN_FROM_A3R1R1,"HISTORICAL UK RETAIL, ACCOUNT AND BROKER ELIGIBILITY REMAIN UNRESOLVED",0.0899662722331187,0.05415850934492794,0.058712823566287486,0.11568564329764564,-0.0045543142213595456,-0.061527133952717694
THEME|MH_LEVEL_60D_CENTERED|TOP_3|FORTNIGHTLY,THEME,MH_LEVEL_60D_CENTERED,TOP_3,FORTNIGHTLY,FROZEN_FROM_A3R1R1,"HISTORICAL UK RETAIL, ACCOUNT AND BROKER ELIGIBILITY REMAIN UNRESOLVED",0.07972652863970553,0.04538483421159634,0.058712823566287486,0.11568564329764564,-0.01332798935469115,-0.0703008090860493
THEME|MH_LEVEL_60D_CENTERED|TOP_5|FORTNIGHTLY,THEME,MH_LEVEL_60D_CENTERED,TOP_5,FORTNIGHTLY,FROZEN_FROM_A3R1R1,"HISTORICAL UK RETAIL, ACCOUNT AND BROKER ELIGIBILITY REMAIN UNRESOLVED",0.06347568188399544,0.03799652000888343,0.058712823566287486,0.11568564329764564,-0.02071630355740406,-0.07768912328876221
THEME|MH_LEVEL_60D_CENTERED|VARIABLE_THRESHOLD|FORTNIGHTLY,THEME,MH_LEVEL_60D_CENTERED,VARIABLE_THRESHOLD,FORTNIGHTLY,FROZEN_FROM_A3R1R1,"HISTORICAL UK RETAIL, ACCOUNT AND BROKER ELIGIBILITY REMAIN UNRESOLVED",0.034415377026365546,-0.0081473153911229,0.058712823566287486,0.11568564329764564,-0.06686013895741039,-0.12383295868876854
THEME|MH_LEVEL_RECENCY_TILT|TOP_1|FORTNIGHTLY,THEME,MH_LEVEL_RECENCY_TILT,TOP_1,FORTNIGHTLY,FROZEN_FROM_A3R1R1,"HISTORICAL UK RETAIL, ACCOUNT AND BROKER ELIGIBILITY REMAIN UNRESOLVED",0.13225901774189852,0.0793135936342837,0.058712823566287486,0.11568564329764564,0.02060077006799621,-0.03637204966336194
THEME|MH_LEVEL_RECENCY_TILT|TOP_2|FORTNIGHTLY,THEME,MH_LEVEL_RECENCY_TILT,TOP_2,FORTNIGHTLY,FROZEN_FROM_A3R1R1,"HISTORICAL UK RETAIL, ACCOUNT AND BROKER ELIGIBILITY REMAIN UNRESOLVED",0.09022680894372415,0.04440485362566582,0.058712823566287486,0.11568564329764564,-0.014307969940621668,-0.07128078967197982
THEME|MH_LEVEL_RECENCY_TILT|TOP_3|FORTNIGHTLY,THEME,MH_LEVEL_RECENCY_TILT,TOP_3,FORTNIGHTLY,FROZEN_FROM_A3R1R1,"HISTORICAL UK RETAIL, ACCOUNT AND BROKER ELIGIBILITY REMAIN UNRESOLVED",0.0803274187622749,0.040810675236629956,0.058712823566287486,0.11568564329764564,-0.01790214832965753,-0.07487496806101568
THEME|MH_LEVEL_RECENCY_TILT|TOP_5|FORTNIGHTLY,THEME,MH_LEVEL_RECENCY_TILT,TOP_5,FORTNIGHTLY,FROZEN_FROM_A3R1R1,"HISTORICAL UK RETAIL, ACCOUNT AND BROKER ELIGIBILITY REMAIN UNRESOLVED",0.11867922282430987,0.08758076687338368,0.058712823566287486,0.11568564329764564,0.02886794330709619,-0.02810487642426196
THEME|MH_LEVEL_RECENCY_TILT|VARIABLE_THRESHOLD|FORTNIGHTLY,THEME,MH_LEVEL_RECENCY_TILT,VARIABLE_THRESHOLD,FORTNIGHTLY,FROZEN_FROM_A3R1R1,"HISTORICAL UK RETAIL, ACCOUNT AND BROKER ELIGIBILITY REMAIN UNRESOLVED",0.08365465681895534,0.03179037589947287,0.058712823566287486,0.11568564329764564,-0.02692244766681462,-0.08389526739817277
THEME|PAIRWISE_MAJORITY_5H|TOP_1|FORTNIGHTLY,THEME,PAIRWISE_MAJORITY_5H,TOP_1,FORTNIGHTLY,FROZEN_FROM_A3R1R1,"HISTORICAL UK RETAIL, ACCOUNT AND BROKER ELIGIBILITY REMAIN UNRESOLVED",0.10049124229109041,0.060144446215299574,0.058712823566287486,0.11568564329764564,0.0014316226490120876,-0.05554119708234606
THEME|PAIRWISE_MAJORITY_5H|TOP_2|FORTNIGHTLY,THEME,PAIRWISE_MAJORITY_5H,TOP_2,FORTNIGHTLY,FROZEN_FROM_A3R1R1,"HISTORICAL UK RETAIL, ACCOUNT AND BROKER ELIGIBILITY REMAIN UNRESOLVED",0.12977279852926782,0.08765003375803171,0.058712823566287486,0.11568564329764564,0.028937210191744223,-0.028035609539613926
THEME|PAIRWISE_MAJORITY_5H|TOP_3|FORTNIGHTLY,THEME,PAIRWISE_MAJORITY_5H,TOP_3,FORTNIGHTLY,FROZEN_FROM_A3R1R1,"HISTORICAL UK RETAIL, ACCOUNT AND BROKER ELIGIBILITY REMAIN UNRESOLVED",0.10990328181786624,0.07370200644222691,0.058712823566287486,0.11568564329764564,0.014989182875939422,-0.04198363685541873
THEME|PAIRWISE_MAJORITY_5H|TOP_5|FORTNIGHTLY,THEME,PAIRWISE_MAJORITY_5H,TOP_5,FORTNIGHTLY,FROZEN_FROM_A3R1R1,"HISTORICAL UK RETAIL, ACCOUNT AND BROKER ELIGIBILITY REMAIN UNRESOLVED",0.09345250059456589,0.06602051502351047,0.058712823566287486,0.11568564329764564,0.007307691457222987,-0.04966512827413516
THEME|PAIRWISE_MAJORITY_5H|VARIABLE_THRESHOLD|FORTNIGHTLY,THEME,PAIRWISE_MAJORITY_5H,VARIABLE_THRESHOLD,FORTNIGHTLY,FROZEN_FROM_A3R1R1,"HISTORICAL UK RETAIL, ACCOUNT AND BROKER ELIGIBILITY REMAIN UNRESOLVED",0.09524935104238708,0.04942646959957786,0.058712823566287486,0.11568564329764564,-0.009286353966709626,-0.06625917369806777
THEME|SHORT_RS_1_2_3_EQ|TOP_1|FORTNIGHTLY,THEME,SHORT_RS_1_2_3_EQ,TOP_1,FORTNIGHTLY,A3R2_PREDECLARED_NEW_HYPOTHESIS,"HISTORICAL UK RETAIL, ACCOUNT AND BROKER ELIGIBILITY REMAIN UNRESOLVED",0.17416946696137958,0.11748848879785334,0.08136379791184867,0.11568564329764564,0.03612469088600467,0.001802845500207706
THEME|SHORT_RS_1_2_3_EQ|TOP_2|FORTNIGHTLY,THEME,SHORT_RS_1_2_3_EQ,TOP_2,FORTNIGHTLY,A3R2_PREDECLARED_NEW_HYPOTHESIS,"HISTORICAL UK RETAIL, ACCOUNT AND BROKER ELIGIBILITY REMAIN UNRESOLVED",0.07221939537079347,0.023221379819346355,0.08136379791184867,0.11568564329764564,-0.05814241809250231,-0.09246426347829928
THEME|SHORT_RS_1_2_3_EQ|TOP_3|FORTNIGHTLY,THEME,SHORT_RS_1_2_3_EQ,TOP_3,FORTNIGHTLY,A3R2_PREDECLARED_NEW_HYPOTHESIS,"HISTORICAL UK RETAIL, ACCOUNT AND BROKER ELIGIBILITY REMAIN UNRESOLVED",0.07890909016981795,0.03438051952009502,0.08136379791184867,0.11568564329764564,-0.04698327839175365,-0.08130512377755061
THEME|SHORT_RS_1_2_3_EQ|TOP_5|FORTNIGHTLY,THEME,SHORT_RS_1_2_3_EQ,TOP_5,FORTNIGHTLY,A3R2_PREDECLARED_NEW_HYPOTHESIS,"HISTORICAL UK RETAIL, ACCOUNT AND BROKER ELIGIBILITY REMAIN UNRESOLVED",-0.18043820108536712,-0.20190705386668195,0.08136379791184867,0.11568564329764564,-0.2832708517785306,-0.3175926971643276
THEME|SHORT_RS_1_2_3_EQ|VARIABLE_THRESHOLD|FORTNIGHTLY,THEME,SHORT_RS_1_2_3_EQ,VARIABLE_THRESHOLD,FORTNIGHTLY,A3R2_PREDECLARED_NEW_HYPOTHESIS,"HISTORICAL UK RETAIL, ACCOUNT AND BROKER ELIGIBILITY REMAIN UNRESOLVED",0.05733083692468832,0.003528679246681321,0.08136379791184867,0.11568564329764564,-0.07783511866516735,-0.11215696405096431
THEME|SHORT_RS_1_2_3_PERSISTENT|TOP_1|FORTNIGHTLY,THEME,SHORT_RS_1_2_3_PERSISTENT,TOP_1,FORTNIGHTLY,A3R2_PREDECLARED_NEW_HYPOTHESIS,"HISTORICAL UK RETAIL, ACCOUNT AND BROKER ELIGIBILITY REMAIN UNRESOLVED",0.08395036434674208,0.027355952131663308,0.08136379791184867,0.11568564329764564,-0.05400784578018536,-0.08832969116598233
THEME|SHORT_RS_1_2_3_PERSISTENT|TOP_2|FORTNIGHTLY,THEME,SHORT_RS_1_2_3_PERSISTENT,TOP_2,FORTNIGHTLY,A3R2_PREDECLARED_NEW_HYPOTHESIS,"HISTORICAL UK RETAIL, ACCOUNT AND BROKER ELIGIBILITY REMAIN UNRESOLVED",0.06975362831411225,0.020494087602710875,0.08136379791184867,0.11568564329764564,-0.06086971030913779,-0.09519155569493476
THEME|SHORT_RS_1_2_3_PERSISTENT|TOP_3|FORTNIGHTLY,THEME,SHORT_RS_1_2_3_PERSISTENT,TOP_3,FORTNIGHTLY,A3R2_PREDECLARED_NEW_HYPOTHESIS,"HISTORICAL UK RETAIL, ACCOUNT AND BROKER ELIGIBILITY REMAIN UNRESOLVED",-0.022311568463683873,-0.06591062977270612,0.08136379791184867,0.11568564329764564,-0.1472744276845548,-0.18159627307035175
THEME|SHORT_RS_1_2_3_PERSISTENT|TOP_5|FORTNIGHTLY,THEME,SHORT_RS_1_2_3_PERSISTENT,TOP_5,FORTNIGHTLY,A3R2_PREDECLARED_NEW_HYPOTHESIS,"HISTORICAL UK RETAIL, ACCOUNT AND BROKER ELIGIBILITY REMAIN UNRESOLVED",0.06460170118406361,0.013997466762349253,0.08136379791184867,0.11568564329764564,-0.06736633114949941,-0.10168817653529638
THEME|SHORT_RS_1_2_3_PERSISTENT|VARIABLE_THRESHOLD|FORTNIGHTLY,THEME,SHORT_RS_1_2_3_PERSISTENT,VARIABLE_THRESHOLD,FORTNIGHTLY,A3R2_PREDECLARED_NEW_HYPOTHESIS,"HISTORICAL UK RETAIL, ACCOUNT AND BROKER ELIGIBILITY REMAIN UNRESOLVED",0.040374073392312804,-0.01626552484836219,0.08136379791184867,0.11568564329764564,-0.09762932276021086,-0.13195116814600782
INDUSTRY_PLUS_THEME|MH_LEVEL_3_6_12_REFERENCE|TOP_1|FORTNIGHTLY,INDUSTRY_PLUS_THEME,MH_LEVEL_3_6_12_REFERENCE,TOP_1,FORTNIGHTLY,FROZEN_FROM_A3R1R1,"HISTORICAL UK RETAIL, ACCOUNT AND BROKER ELIGIBILITY REMAIN UNRESOLVED",0.16085939148500983,0.11734279552624116,0.11438687780934043,0.11568564329764564,0.0029559177169007356,0.0016571522285955265
INDUSTRY_PLUS_THEME|MH_LEVEL_3_6_12_REFERENCE|TOP_2|FORTNIGHTLY,INDUSTRY_PLUS_THEME,MH_LEVEL_3_6_12_REFERENCE,TOP_2,FORTNIGHTLY,FROZEN_FROM_A3R1R1,"HISTORICAL UK RETAIL, ACCOUNT AND BROKER ELIGIBILITY REMAIN UNRESOLVED",0.10741353543949916,0.0695916542408177,0.11438687780934043,0.11568564329764564,-0.044795223568522724,-0.04609398905682793
INDUSTRY_PLUS_THEME|MH_LEVEL_3_6_12_REFERENCE|TOP_3|FORTNIGHTLY,INDUSTRY_PLUS_THEME,MH_LEVEL_3_6_12_REFERENCE,TOP_3,FORTNIGHTLY,FROZEN_FROM_A3R1R1,"HISTORICAL UK RETAIL, ACCOUNT AND BROKER ELIGIBILITY REMAIN UNRESOLVED",0.13975985156953663,0.10484494811115286,0.11438687780934043,0.11568564329764564,-0.009541929698187568,-0.010840695186492777
INDUSTRY_PLUS_THEME|MH_LEVEL_3_6_12_REFERENCE|TOP_5|FORTNIGHTLY,INDUSTRY_PLUS_THEME,MH_LEVEL_3_6_12_REFERENCE,TOP_5,FORTNIGHTLY,FROZEN_FROM_A3R1R1,"HISTORICAL UK RETAIL, ACCOUNT AND BROKER ELIGIBILITY REMAIN UNRESOLVED",0.16266343878797485,0.1336126099123056,0.11438687780934043,0.11568564329764564,0.019225732102965187,0.017926966614659978
INDUSTRY_PLUS_THEME|MH_LEVEL_3_6_12_REFERENCE|VARIABLE_THRESHOLD|FORTNIGHTLY,INDUSTRY_PLUS_THEME,MH_LEVEL_3_6_12_REFERENCE,VARIABLE_THRESHOLD,FORTNIGHTLY,FROZEN_FROM_A3R1R1,"HISTORICAL UK RETAIL, ACCOUNT AND BROKER ELIGIBILITY REMAIN UNRESOLVED",0.14716339533332867,0.1053197823872114,0.11438687780934043,0.11568564329764564,-0.009067095422129023,-0.010365860910434233
INDUSTRY_PLUS_THEME|MH_LEVEL_EQ|TOP_1|FORTNIGHTLY,INDUSTRY_PLUS_THEME,MH_LEVEL_EQ,TOP_1,FORTNIGHTLY,FROZEN_FROM_A3R1R1,"HISTORICAL UK RETAIL, ACCOUNT AND BROKER ELIGIBILITY REMAIN UNRESOLVED",0.023064218230749445,-0.026516470024262273,0.11438687780934043,0.11568564329764564,-0.1409033478336027,-0.1422021133219079
INDUSTRY_PLUS_THEME|MH_LEVEL_EQ|TOP_2|FORTNIGHTLY,INDUSTRY_PLUS_THEME,MH_LEVEL_EQ,TOP_2,FORTNIGHTLY,FROZEN_FROM_A3R1R1,"HISTORICAL UK RETAIL, ACCOUNT AND BROKER ELIGIBILITY REMAIN UNRESOLVED",0.025666471919084444,-0.020836110807751607,0.11438687780934043,0.11568564329764564,-0.13522298861709203,-0.13652175410539724
INDUSTRY_PLUS_THEME|MH_LEVEL_EQ|TOP_3|FORTNIGHTLY,INDUSTRY_PLUS_THEME,MH_LEVEL_EQ,TOP_3,FORTNIGHTLY,FROZEN_FROM_A3R1R1,"HISTORICAL UK RETAIL, ACCOUNT AND BROKER ELIGIBILITY REMAIN UNRESOLVED",0.10512159610876859,0.062415578589800624,0.11438687780934043,0.11568564329764564,-0.0519712992195398,-0.05327006470784501
INDUSTRY_PLUS_THEME|MH_LEVEL_EQ|TOP_5|FORTNIGHTLY,INDUSTRY_PLUS_THEME,MH_LEVEL_EQ,TOP_5,FORTNIGHTLY,FROZEN_FROM_A3R1R1,"HISTORICAL UK RETAIL, ACCOUNT AND BROKER ELIGIBILITY REMAIN UNRESOLVED",0.1410663575518174,0.10528650805752138,0.11438687780934043,0.11568564329764564,-0.009100369751819049,-0.010399135240124258
INDUSTRY_PLUS_THEME|MH_LEVEL_EQ|VARIABLE_THRESHOLD|FORTNIGHTLY,INDUSTRY_PLUS_THEME,MH_LEVEL_EQ,VARIABLE_THRESHOLD,FORTNIGHTLY,FROZEN_FROM_A3R1R1,"HISTORICAL UK RETAIL, ACCOUNT AND BROKER ELIGIBILITY REMAIN UNRESOLVED",0.07981476445917202,0.02984301818413848,0.11438687780934043,0.11568564329764564,-0.08454385962520194,-0.08584262511350715
INDUSTRY_PLUS_THEME|MH_LEVEL_60D_CENTERED|TOP_1|FORTNIGHTLY,INDUSTRY_PLUS_THEME,MH_LEVEL_60D_CENTERED,TOP_1,FORTNIGHTLY,FROZEN_FROM_A3R1R1,"HISTORICAL UK RETAIL, ACCOUNT AND BROKER ELIGIBILITY REMAIN UNRESOLVED",-0.04603784266444888,-0.08862186836159991,0.11438687780934043,0.11568564329764564,-0.20300874617094034,-0.20430751165924554
INDUSTRY_PLUS_THEME|MH_LEVEL_60D_CENTERED|TOP_2|FORTNIGHTLY,INDUSTRY_PLUS_THEME,MH_LEVEL_60D_CENTERED,TOP_2,FORTNIGHTLY,FROZEN_FROM_A3R1R1,"HISTORICAL UK RETAIL, ACCOUNT AND BROKER ELIGIBILITY REMAIN UNRESOLVED",0.03399131875295458,-0.009583327269167108,0.11438687780934043,0.11568564329764564,-0.12397020507850753,-0.12526897056681274
INDUSTRY_PLUS_THEME|MH_LEVEL_60D_CENTERED|TOP_3|FORTNIGHTLY,INDUSTRY_PLUS_THEME,MH_LEVEL_60D_CENTERED,TOP_3,FORTNIGHTLY,FROZEN_FROM_A3R1R1,"HISTORICAL UK RETAIL, ACCOUNT AND BROKER ELIGIBILITY REMAIN UNRESOLVED",0.06517385476839688,0.02508672008708346,0.11438687780934043,0.11568564329764564,-0.08930015772225697,-0.09059892321056218
INDUSTRY_PLUS_THEME|MH_LEVEL_60D_CENTERED|TOP_5|FORTNIGHTLY,INDUSTRY_PLUS_THEME,MH_LEVEL_60D_CENTERED,TOP_5,FORTNIGHTLY,FROZEN_FROM_A3R1R1,"HISTORICAL UK RETAIL, ACCOUNT AND BROKER ELIGIBILITY REMAIN UNRESOLVED",0.1220609829247914,0.0872720216759737,0.11438687780934043,0.11568564329764564,-0.027114856133366727,-0.028413621621671936
INDUSTRY_PLUS_THEME|MH_LEVEL_60D_CENTERED|VARIABLE_THRESHOLD|FORTNIGHTLY,INDUSTRY_PLUS_THEME,MH_LEVEL_60D_CENTERED,VARIABLE_THRESHOLD,FORTNIGHTLY,FROZEN_FROM_A3R1R1,"HISTORICAL UK RETAIL, ACCOUNT AND BROKER ELIGIBILITY REMAIN UNRESOLVED",0.10766302641210235,0.05835403618500168,0.11438687780934043,0.11568564329764564,-0.05603284162433875,-0.057331607112643956
INDUSTRY_PLUS_THEME|MH_LEVEL_RECENCY_TILT|TOP_1|FORTNIGHTLY,INDUSTRY_PLUS_THEME,MH_LEVEL_RECENCY_TILT,TOP_1,FORTNIGHTLY,FROZEN_FROM_A3R1R1,"HISTORICAL UK RETAIL, ACCOUNT AND BROKER ELIGIBILITY REMAIN UNRESOLVED",0.10700099142751807,0.04917549310638969,0.11438687780934043,0.11568564329764564,-0.06521138470295074,-0.06651015019125595
INDUSTRY_PLUS_THEME|MH_LEVEL_RECENCY_TILT|TOP_2|FORTNIGHTLY,INDUSTRY_PLUS_THEME,MH_LEVEL_RECENCY_TILT,TOP_2,FORTNIGHTLY,FROZEN_FROM_A3R1R1,"HISTORICAL UK RETAIL, ACCOUNT AND BROKER ELIGIBILITY REMAIN UNRESOLVED",0.06024878088032026,0.00742179180269531,0.11438687780934043,0.11568564329764564,-0.10696508600664512,-0.10826385149495033
INDUSTRY_PLUS_THEME|MH_LEVEL_RECENCY_TILT|TOP_3|FORTNIGHTLY,INDUSTRY_PLUS_THEME,MH_LEVEL_RECENCY_TILT,TOP_3,FORTNIGHTLY,FROZEN_FROM_A3R1R1,"HISTORICAL UK RETAIL, ACCOUNT AND BROKER ELIGIBILITY REMAIN UNRESOLVED",0.04849969462000825,0.003281734680692372,0.11438687780934043,0.11568564329764564,-0.11110514312864805,-0.11240390861695326
INDUSTRY_PLUS_THEME|MH_LEVEL_RECENCY_TILT|TOP_5|FORTNIGHTLY,INDUSTRY_PLUS_THEME,MH_LEVEL_RECENCY_TILT,TOP_5,FORTNIGHTLY,FROZEN_FROM_A3R1R1,"HISTORICAL UK RETAIL, ACCOUNT AND BROKER ELIGIBILITY REMAIN UNRESOLVED",0.11863978128831221,0.07785027750761486,0.11438687780934043,0.11568564329764564,-0.036536600301725564,-0.03783536579003077
INDUSTRY_PLUS_THEME|MH_LEVEL_RECENCY_TILT|VARIABLE_THRESHOLD|FORTNIGHTLY,INDUSTRY_PLUS_THEME,MH_LEVEL_RECENCY_TILT,VARIABLE_THRESHOLD,FORTNIGHTLY,FROZEN_FROM_A3R1R1,"HISTORICAL UK RETAIL, ACCOUNT AND BROKER ELIGIBILITY REMAIN UNRESOLVED",0.08363569520537784,0.031113417393937803,0.11438687780934043,0.11568564329764564,-0.08327346041540262,-0.08457222590370783
INDUSTRY_PLUS_THEME|PAIRWISE_MAJORITY_5H|TOP_1|FORTNIGHTLY,INDUSTRY_PLUS_THEME,PAIRWISE_MAJORITY_5H,TOP_1,FORTNIGHTLY,FROZEN_FROM_A3R1R1,"HISTORICAL UK RETAIL, ACCOUNT AND BROKER ELIGIBILITY REMAIN UNRESOLVED",0.035584422629308055,-0.01300669773533647,0.11438687780934043,0.11568564329764564,-0.1273935755446769,-0.1286923410329821
INDUSTRY_PLUS_THEME|PAIRWISE_MAJORITY_5H|TOP_2|FORTNIGHTLY,INDUSTRY_PLUS_THEME,PAIRWISE_MAJORITY_5H,TOP_2,FORTNIGHTLY,FROZEN_FROM_A3R1R1,"HISTORICAL UK RETAIL, ACCOUNT AND BROKER ELIGIBILITY REMAIN UNRESOLVED",0.055537035564661164,0.009857996526712265,0.11438687780934043,0.11568564329764564,-0.10452888128262816,-0.10582764677093337
INDUSTRY_PLUS_THEME|PAIRWISE_MAJORITY_5H|TOP_3|FORTNIGHTLY,INDUSTRY_PLUS_THEME,PAIRWISE_MAJORITY_5H,TOP_3,FORTNIGHTLY,FROZEN_FROM_A3R1R1,"HISTORICAL UK RETAIL, ACCOUNT AND BROKER ELIGIBILITY REMAIN UNRESOLVED",0.1315011084544795,0.08892052996790056,0.11438687780934043,0.11568564329764564,-0.025466347841439863,-0.02676511332974507
INDUSTRY_PLUS_THEME|PAIRWISE_MAJORITY_5H|TOP_5|FORTNIGHTLY,INDUSTRY_PLUS_THEME,PAIRWISE_MAJORITY_5H,TOP_5,FORTNIGHTLY,FROZEN_FROM_A3R1R1,"HISTORICAL UK RETAIL, ACCOUNT AND BROKER ELIGIBILITY REMAIN UNRESOLVED",0.1645341861339833,0.12760148559291729,0.11438687780934043,0.11568564329764564,0.01321460778357686,0.01191584229527165
INDUSTRY_PLUS_THEME|PAIRWISE_MAJORITY_5H|VARIABLE_THRESHOLD|FORTNIGHTLY,INDUSTRY_PLUS_THEME,PAIRWISE_MAJORITY_5H,VARIABLE_THRESHOLD,FORTNIGHTLY,FROZEN_FROM_A3R1R1,"HISTORICAL UK RETAIL, ACCOUNT AND BROKER ELIGIBILITY REMAIN UNRESOLVED",0.1318338958167926,0.08656748126353686,0.11438687780934043,0.11568564329764564,-0.027819396545803565,-0.029118162034108774
INDUSTRY_PLUS_THEME|SHORT_RS_1_2_3_EQ|TOP_1|FORTNIGHTLY,INDUSTRY_PLUS_THEME,SHORT_RS_1_2_3_EQ,TOP_1,FORTNIGHTLY,A3R2_PREDECLARED_NEW_HYPOTHESIS,"HISTORICAL UK RETAIL, ACCOUNT AND BROKER ELIGIBILITY REMAIN UNRESOLVED",0.048285806473727266,-0.016931897729226986,0.12569239037841262,0.11568564329764564,-0.1426242881076396,-0.13261754102687262
INDUSTRY_PLUS_THEME|SHORT_RS_1_2_3_EQ|TOP_2|FORTNIGHTLY,INDUSTRY_PLUS_THEME,SHORT_RS_1_2_3_EQ,TOP_2,FORTNIGHTLY,A3R2_PREDECLARED_NEW_HYPOTHESIS,"HISTORICAL UK RETAIL, ACCOUNT AND BROKER ELIGIBILITY REMAIN UNRESOLVED",0.10808680283308147,0.05184098037313145,0.12569239037841262,0.11568564329764564,-0.07385141000528117,-0.06384466292451418
INDUSTRY_PLUS_THEME|SHORT_RS_1_2_3_EQ|TOP_3|FORTNIGHTLY,INDUSTRY_PLUS_THEME,SHORT_RS_1_2_3_EQ,TOP_3,FORTNIGHTLY,A3R2_PREDECLARED_NEW_HYPOTHESIS,"HISTORICAL UK RETAIL, ACCOUNT AND BROKER ELIGIBILITY REMAIN UNRESOLVED",0.08872552818552615,0.04007782284813599,0.12569239037841262,0.11568564329764564,-0.08561456753027663,-0.07560782044950964
INDUSTRY_PLUS_THEME|SHORT_RS_1_2_3_EQ|TOP_5|FORTNIGHTLY,INDUSTRY_PLUS_THEME,SHORT_RS_1_2_3_EQ,TOP_5,FORTNIGHTLY,A3R2_PREDECLARED_NEW_HYPOTHESIS,"HISTORICAL UK RETAIL, ACCOUNT AND BROKER ELIGIBILITY REMAIN UNRESOLVED",-0.10967764041214834,-0.1385833898931521,0.12569239037841262,0.11568564329764564,-0.26427578027156473,-0.25426903319079774
INDUSTRY_PLUS_THEME|SHORT_RS_1_2_3_EQ|VARIABLE_THRESHOLD|FORTNIGHTLY,INDUSTRY_PLUS_THEME,SHORT_RS_1_2_3_EQ,VARIABLE_THRESHOLD,FORTNIGHTLY,A3R2_PREDECLARED_NEW_HYPOTHESIS,"HISTORICAL UK RETAIL, ACCOUNT AND BROKER ELIGIBILITY REMAIN UNRESOLVED",0.08845919556085713,0.03855202922657286,0.12569239037841262,0.11568564329764564,-0.08714036115183976,-0.07713361407107278
INDUSTRY_PLUS_THEME|SHORT_RS_1_2_3_PERSISTENT|TOP_1|FORTNIGHTLY,INDUSTRY_PLUS_THEME,SHORT_RS_1_2_3_PERSISTENT,TOP_1,FORTNIGHTLY,A3R2_PREDECLARED_NEW_HYPOTHESIS,"HISTORICAL UK RETAIL, ACCOUNT AND BROKER ELIGIBILITY REMAIN UNRESOLVED",-0.019530437861453254,-0.08291110759925624,0.12569239037841262,0.11568564329764564,-0.20860349797766886,-0.19859675089690187
INDUSTRY_PLUS_THEME|SHORT_RS_1_2_3_PERSISTENT|TOP_2|FORTNIGHTLY,INDUSTRY_PLUS_THEME,SHORT_RS_1_2_3_PERSISTENT,TOP_2,FORTNIGHTLY,A3R2_PREDECLARED_NEW_HYPOTHESIS,"HISTORICAL UK RETAIL, ACCOUNT AND BROKER ELIGIBILITY REMAIN UNRESOLVED",0.06219395985392695,0.006890467563164249,0.12569239037841262,0.11568564329764564,-0.11880192281524837,-0.10879517573448139
INDUSTRY_PLUS_THEME|SHORT_RS_1_2_3_PERSISTENT|TOP_3|FORTNIGHTLY,INDUSTRY_PLUS_THEME,SHORT_RS_1_2_3_PERSISTENT,TOP_3,FORTNIGHTLY,A3R2_PREDECLARED_NEW_HYPOTHESIS,"HISTORICAL UK RETAIL, ACCOUNT AND BROKER ELIGIBILITY REMAIN UNRESOLVED",0.07121656725582648,0.018457404492380203,0.12569239037841262,0.11568564329764564,-0.10723498588603242,-0.09722823880526543
INDUSTRY_PLUS_THEME|SHORT_RS_1_2_3_PERSISTENT|TOP_5|FORTNIGHTLY,INDUSTRY_PLUS_THEME,SHORT_RS_1_2_3_PERSISTENT,TOP_5,FORTNIGHTLY,A3R2_PREDECLARED_NEW_HYPOTHESIS,"HISTORICAL UK RETAIL, ACCOUNT AND BROKER ELIGIBILITY REMAIN UNRESOLVED",-0.10532186698478074,-0.1470887221501873,0.12569239037841262,0.11568564329764564,-0.27278111252859993,-0.26277436544783295
INDUSTRY_PLUS_THEME|SHORT_RS_1_2_3_PERSISTENT|VARIABLE_THRESHOLD|FORTNIGHTLY,INDUSTRY_PLUS_THEME,SHORT_RS_1_2_3_PERSISTENT,VARIABLE_THRESHOLD,FORTNIGHTLY,A3R2_PREDECLARED_NEW_HYPOTHESIS,"HISTORICAL UK RETAIL, ACCOUNT AND BROKER ELIGIBILITY REMAIN UNRESOLVED",0.04855890153524567,-0.004324266598898174,0.12569239037841262,0.11568564329764564,-0.1300166569773108,-0.12000990989654381
INDUSTRY|MH_LEVEL_3_6_12_REFERENCE|TOP_1|MONTHLY,INDUSTRY,MH_LEVEL_3_6_12_REFERENCE,TOP_1,MONTHLY,FROZEN_FROM_A3R1R1,"HISTORICAL UK RETAIL, ACCOUNT AND BROKER ELIGIBILITY REMAIN UNRESOLVED",0.3300861385078089,0.3097761514390285,0.19045167038669542,0.11516454821291355,0.11932448105233306,0.19461160322611493
INDUSTRY|MH_LEVEL_3_6_12_REFERENCE|TOP_2|MONTHLY,INDUSTRY,MH_LEVEL_3_6_12_REFERENCE,TOP_2,MONTHLY,FROZEN_FROM_A3R1R1,"HISTORICAL UK RETAIL, ACCOUNT AND BROKER ELIGIBILITY REMAIN UNRESOLVED",0.1985567545633462,0.18044518429666478,0.19045167038669542,0.11516454821291355,-0.01000648609003063,0.06528063608375123
INDUSTRY|MH_LEVEL_3_6_12_REFERENCE|TOP_3|MONTHLY,INDUSTRY,MH_LEVEL_3_6_12_REFERENCE,TOP_3,MONTHLY,FROZEN_FROM_A3R1R1,"HISTORICAL UK RETAIL, ACCOUNT AND BROKER ELIGIBILITY REMAIN UNRESOLVED",0.13316952473814614,0.11727392991468455,0.19045167038669542,0.11516454821291355,-0.07317774047201087,0.002109381701770996
INDUSTRY|MH_LEVEL_3_6_12_REFERENCE|TOP_5|MONTHLY,INDUSTRY,MH_LEVEL_3_6_12_REFERENCE,TOP_5,MONTHLY,FROZEN_FROM_A3R1R1,"HISTORICAL UK RETAIL, ACCOUNT AND BROKER ELIGIBILITY REMAIN UNRESOLVED",0.20308589305817337,0.19439442016807473,0.19045167038669542,0.11516454821291355,0.003942749781379318,0.07922987195516118
INDUSTRY|MH_LEVEL_3_6_12_REFERENCE|VARIABLE_THRESHOLD|MONTHLY,INDUSTRY,MH_LEVEL_3_6_12_REFERENCE,VARIABLE_THRESHOLD,MONTHLY,FROZEN_FROM_A3R1R1,"HISTORICAL UK RETAIL, ACCOUNT AND BROKER ELIGIBILITY REMAIN UNRESOLVED",0.24395417422546473,0.22125461216833964,0.19045167038669542,0.11516454821291355,0.030802941781644222,0.10609006395542608
INDUSTRY|MH_LEVEL_EQ|TOP_1|MONTHLY,INDUSTRY,MH_LEVEL_EQ,TOP_1,MONTHLY,FROZEN_FROM_A3R1R1,"HISTORICAL UK RETAIL, ACCOUNT AND BROKER ELIGIBILITY REMAIN UNRESOLVED",0.19032650295250453,0.16174931380181357,0.19045167038669542,0.11516454821291355,-0.02870235658488185,0.04658476558890001
INDUSTRY|MH_LEVEL_EQ|TOP_2|MONTHLY,INDUSTRY,MH_LEVEL_EQ,TOP_2,MONTHLY,FROZEN_FROM_A3R1R1,"HISTORICAL UK RETAIL, ACCOUNT AND BROKER ELIGIBILITY REMAIN UNRESOLVED",0.1891121166587968,0.16492997154348754,0.19045167038669542,0.11516454821291355,-0.025521698843207874,0.04976542333057399
INDUSTRY|MH_LEVEL_EQ|TOP_3|MONTHLY,INDUSTRY,MH_LEVEL_EQ,TOP_3,MONTHLY,FROZEN_FROM_A3R1R1,"HISTORICAL UK RETAIL, ACCOUNT AND BROKER ELIGIBILITY REMAIN UNRESOLVED",0.16895103403077028,0.14821069928603925,0.19045167038669542,0.11516454821291355,-0.042240971100656166,0.033046151073125696
INDUSTRY|MH_LEVEL_EQ|TOP_5|MONTHLY,INDUSTRY,MH_LEVEL_EQ,TOP_5,MONTHLY,FROZEN_FROM_A3R1R1,"HISTORICAL UK RETAIL, ACCOUNT AND BROKER ELIGIBILITY REMAIN UNRESOLVED",0.20108890332623486,0.18711002482810213,0.19045167038669542,0.11516454821291355,-0.003341645558593287,0.07194547661518857
INDUSTRY|MH_LEVEL_EQ|VARIABLE_THRESHOLD|MONTHLY,INDUSTRY,MH_LEVEL_EQ,VARIABLE_THRESHOLD,MONTHLY,FROZEN_FROM_A3R1R1,"HISTORICAL UK RETAIL, ACCOUNT AND BROKER ELIGIBILITY REMAIN UNRESOLVED",0.15274527158422635,0.12539108742594696,0.19045167038669542,0.11516454821291355,-0.06506058296074846,0.010226539213033403
INDUSTRY|MH_LEVEL_60D_CENTERED|TOP_1|MONTHLY,INDUSTRY,MH_LEVEL_60D_CENTERED,TOP_1,MONTHLY,FROZEN_FROM_A3R1R1,"HISTORICAL UK RETAIL, ACCOUNT AND BROKER ELIGIBILITY REMAIN UNRESOLVED",0.3046841080014324,0.2785353444739822,0.19045167038669542,0.11516454821291355,0.08808367408728679,0.16337079626106865
INDUSTRY|MH_LEVEL_60D_CENTERED|TOP_2|MONTHLY,INDUSTRY,MH_LEVEL_60D_CENTERED,TOP_2,MONTHLY,FROZEN_FROM_A3R1R1,"HISTORICAL UK RETAIL, ACCOUNT AND BROKER ELIGIBILITY REMAIN UNRESOLVED",0.1842384665543444,0.1600991030048442,0.19045167038669542,0.11516454821291355,-0.030352567381851214,0.04493455479193065
INDUSTRY|MH_LEVEL_60D_CENTERED|TOP_3|MONTHLY,INDUSTRY,MH_LEVEL_60D_CENTERED,TOP_3,MONTHLY,FROZEN_FROM_A3R1R1,"HISTORICAL UK RETAIL, ACCOUNT AND BROKER ELIGIBILITY REMAIN UNRESOLVED",0.22239825268767954,0.2017003006100242,0.19045167038669542,0.11516454821291355,0.011248630223328782,0.08653575239711064
INDUSTRY|MH_LEVEL_60D_CENTERED|TOP_5|MONTHLY,INDUSTRY,MH_LEVEL_60D_CENTERED,TOP_5,MONTHLY,FROZEN_FROM_A3R1R1,"HISTORICAL UK RETAIL, ACCOUNT AND BROKER ELIGIBILITY REMAIN UNRESOLVED",0.19968943269830408,0.18508629069339033,0.19045167038669542,0.11516454821291355,-0.0053653796933050835,0.06992174248047678
INDUSTRY|MH_LEVEL_60D_CENTERED|VARIABLE_THRESHOLD|MONTHLY,INDUSTRY,MH_LEVEL_60D_CENTERED,VARIABLE_THRESHOLD,MONTHLY,FROZEN_FROM_A3R1R1,"HISTORICAL UK RETAIL, ACCOUNT AND BROKER ELIGIBILITY REMAIN UNRESOLVED",0.16949356060643206,0.14268336629259482,0.19045167038669542,0.11516454821291355,-0.0477683040941006,0.027518818079681262
INDUSTRY|MH_LEVEL_RECENCY_TILT|TOP_1|MONTHLY,INDUSTRY,MH_LEVEL_RECENCY_TILT,TOP_1,MONTHLY,FROZEN_FROM_A3R1R1,"HISTORICAL UK RETAIL, ACCOUNT AND BROKER ELIGIBILITY REMAIN UNRESOLVED",0.2103080512034372,0.17360168765107264,0.19045167038669542,0.11516454821291355,-0.01684998273562277,0.05843713943815909
INDUSTRY|MH_LEVEL_RECENCY_TILT|TOP_2|MONTHLY,INDUSTRY,MH_LEVEL_RECENCY_TILT,TOP_2,MONTHLY,FROZEN_FROM_A3R1R1,"HISTORICAL UK RETAIL, ACCOUNT AND BROKER ELIGIBILITY REMAIN UNRESOLVED",0.21714869339159693,0.19003795156159176,0.19045167038669542,0.11516454821291355,-0.0004137188251036594,0.0748734033486782
INDUSTRY|MH_LEVEL_RECENCY_TILT|TOP_3|MONTHLY,INDUSTRY,MH_LEVEL_RECENCY_TILT,TOP_3,MONTHLY,FROZEN_FROM_A3R1R1,"HISTORICAL UK RETAIL, ACCOUNT AND BROKER ELIGIBILITY REMAIN UNRESOLVED",0.22718072332998052,0.20308590096950963,0.19045167038669542,0.11516454821291355,0.01263423058281421,0.08792135275659607
INDUSTRY|MH_LEVEL_RECENCY_TILT|TOP_5|MONTHLY,INDUSTRY,MH_LEVEL_RECENCY_TILT,TOP_5,MONTHLY,FROZEN_FROM_A3R1R1,"HISTORICAL UK RETAIL, ACCOUNT AND BROKER ELIGIBILITY REMAIN UNRESOLVED",0.19809727812899802,0.18274558395310114,0.19045167038669542,0.11516454821291355,-0.0077060864335942725,0.06758103574018759
INDUSTRY|MH_LEVEL_RECENCY_TILT|VARIABLE_THRESHOLD|MONTHLY,INDUSTRY,MH_LEVEL_RECENCY_TILT,VARIABLE_THRESHOLD,MONTHLY,FROZEN_FROM_A3R1R1,"HISTORICAL UK RETAIL, ACCOUNT AND BROKER ELIGIBILITY REMAIN UNRESOLVED",0.11786825912728105,0.08859862924601525,0.19045167038669542,0.11516454821291355,-0.10185304114068017,-0.026565918966898305
INDUSTRY|PAIRWISE_MAJORITY_5H|TOP_1|MONTHLY,INDUSTRY,PAIRWISE_MAJORITY_5H,TOP_1,MONTHLY,FROZEN_FROM_A3R1R1,"HISTORICAL UK RETAIL, ACCOUNT AND BROKER ELIGIBILITY REMAIN UNRESOLVED",0.3535772084712556,0.3243152101499678,0.19045167038669542,0.11516454821291355,0.13386353976327237,0.20915066193705423
INDUSTRY|PAIRWISE_MAJORITY_5H|TOP_2|MONTHLY,INDUSTRY,PAIRWISE_MAJORITY_5H,TOP_2,MONTHLY,FROZEN_FROM_A3R1R1,"HISTORICAL UK RETAIL, ACCOUNT AND BROKER ELIGIBILITY REMAIN UNRESOLVED",0.2699980401612656,0.24672848290874816,0.19045167038669542,0.11516454821291355,0.056276812522052744,0.1315639346958346
INDUSTRY|PAIRWISE_MAJORITY_5H|TOP_3|MONTHLY,INDUSTRY,PAIRWISE_MAJORITY_5H,TOP_3,MONTHLY,FROZEN_FROM_A3R1R1,"HISTORICAL UK RETAIL, ACCOUNT AND BROKER ELIGIBILITY REMAIN UNRESOLVED",0.15510193319850019,0.13363922238947978,0.19045167038669542,0.11516454821291355,-0.05681244799721563,0.01847467417656623
INDUSTRY|PAIRWISE_MAJORITY_5H|TOP_5|MONTHLY,INDUSTRY,PAIRWISE_MAJORITY_5H,TOP_5,MONTHLY,FROZEN_FROM_A3R1R1,"HISTORICAL UK RETAIL, ACCOUNT AND BROKER ELIGIBILITY REMAIN UNRESOLVED",0.19890182303991755,0.18514402292929177,0.19045167038669542,0.11516454821291355,-0.005307647457403641,0.06997947471637822
INDUSTRY|PAIRWISE_MAJORITY_5H|VARIABLE_THRESHOLD|MONTHLY,INDUSTRY,PAIRWISE_MAJORITY_5H,VARIABLE_THRESHOLD,MONTHLY,FROZEN_FROM_A3R1R1,"HISTORICAL UK RETAIL, ACCOUNT AND BROKER ELIGIBILITY REMAIN UNRESOLVED",0.19990944994690607,0.1752062784220687,0.19045167038669542,0.11516454821291355,-0.015245391964626709,0.06004173020915515
INDUSTRY|SHORT_RS_1_2_3_EQ|TOP_1|MONTHLY,INDUSTRY,SHORT_RS_1_2_3_EQ,TOP_1,MONTHLY,A3R2_PREDECLARED_NEW_HYPOTHESIS,"HISTORICAL UK RETAIL, ACCOUNT AND BROKER ELIGIBILITY REMAIN UNRESOLVED",0.27778238424724355,0.23899196642102005,0.18587017942843587,0.11516454821291355,0.053121786992584186,0.1238274182081065
INDUSTRY|SHORT_RS_1_2_3_EQ|TOP_2|MONTHLY,INDUSTRY,SHORT_RS_1_2_3_EQ,TOP_2,MONTHLY,A3R2_PREDECLARED_NEW_HYPOTHESIS,"HISTORICAL UK RETAIL, ACCOUNT AND BROKER ELIGIBILITY REMAIN UNRESOLVED",0.23479752373725526,0.20378455598084577,0.18587017942843587,0.11516454821291355,0.017914376552409905,0.08862000776793222
INDUSTRY|SHORT_RS_1_2_3_EQ|TOP_3|MONTHLY,INDUSTRY,SHORT_RS_1_2_3_EQ,TOP_3,MONTHLY,A3R2_PREDECLARED_NEW_HYPOTHESIS,"HISTORICAL UK RETAIL, ACCOUNT AND BROKER ELIGIBILITY REMAIN UNRESOLVED",0.2156712325939445,0.19116034707345775,0.18587017942843587,0.11516454821291355,0.0052901676450218815,0.0759957988605442
INDUSTRY|SHORT_RS_1_2_3_EQ|TOP_5|MONTHLY,INDUSTRY,SHORT_RS_1_2_3_EQ,TOP_5,MONTHLY,A3R2_PREDECLARED_NEW_HYPOTHESIS,"HISTORICAL UK RETAIL, ACCOUNT AND BROKER ELIGIBILITY REMAIN UNRESOLVED",0.17529935006901365,0.15749711268973487,0.18587017942843587,0.11516454821291355,-0.02837306673870099,0.04233256447682132
INDUSTRY|SHORT_RS_1_2_3_EQ|VARIABLE_THRESHOLD|MONTHLY,INDUSTRY,SHORT_RS_1_2_3_EQ,VARIABLE_THRESHOLD,MONTHLY,A3R2_PREDECLARED_NEW_HYPOTHESIS,"HISTORICAL UK RETAIL, ACCOUNT AND BROKER ELIGIBILITY REMAIN UNRESOLVED",0.14010180098451253,0.10665144523831982,0.18587017942843587,0.11516454821291355,-0.07921873419011605,-0.008513102974593734
INDUSTRY|SHORT_RS_1_2_3_PERSISTENT|TOP_1|MONTHLY,INDUSTRY,SHORT_RS_1_2_3_PERSISTENT,TOP_1,MONTHLY,A3R2_PREDECLARED_NEW_HYPOTHESIS,"HISTORICAL UK RETAIL, ACCOUNT AND BROKER ELIGIBILITY REMAIN UNRESOLVED",0.14317676956576375,0.1092687350345547,0.18587017942843587,0.11516454821291355,-0.07660144439388117,-0.005895813178358855
INDUSTRY|SHORT_RS_1_2_3_PERSISTENT|TOP_2|MONTHLY,INDUSTRY,SHORT_RS_1_2_3_PERSISTENT,TOP_2,MONTHLY,A3R2_PREDECLARED_NEW_HYPOTHESIS,"HISTORICAL UK RETAIL, ACCOUNT AND BROKER ELIGIBILITY REMAIN UNRESOLVED",0.08522374537737187,0.05694153770731192,0.18587017942843587,0.11516454821291355,-0.12892864172112395,-0.058223010505601636
INDUSTRY|SHORT_RS_1_2_3_PERSISTENT|TOP_3|MONTHLY,INDUSTRY,SHORT_RS_1_2_3_PERSISTENT,TOP_3,MONTHLY,A3R2_PREDECLARED_NEW_HYPOTHESIS,"HISTORICAL UK RETAIL, ACCOUNT AND BROKER ELIGIBILITY REMAIN UNRESOLVED",0.11670600424588984,0.09340926573216723,0.18587017942843587,0.11516454821291355,-0.09246091369626863,-0.02175528248074632
INDUSTRY|SHORT_RS_1_2_3_PERSISTENT|TOP_5|MONTHLY,INDUSTRY,SHORT_RS_1_2_3_PERSISTENT,TOP_5,MONTHLY,A3R2_PREDECLARED_NEW_HYPOTHESIS,"HISTORICAL UK RETAIL, ACCOUNT AND BROKER ELIGIBILITY REMAIN UNRESOLVED",0.0876524178337521,0.06616823629510304,0.18587017942843587,0.11516454821291355,-0.11970194313333282,-0.04899631191781051
INDUSTRY|SHORT_RS_1_2_3_PERSISTENT|VARIABLE_THRESHOLD|MONTHLY,INDUSTRY,SHORT_RS_1_2_3_PERSISTENT,VARIABLE_THRESHOLD,MONTHLY,A3R2_PREDECLARED_NEW_HYPOTHESIS,"HISTORICAL UK RETAIL, ACCOUNT AND BROKER ELIGIBILITY REMAIN UNRESOLVED",0.03562007535408296,0.00451370162125575,0.18587017942843587,0.11516454821291355,-0.18135647780718012,-0.1106508465916578
THEME|MH_LEVEL_3_6_12_REFERENCE|TOP_1|MONTHLY,THEME,MH_LEVEL_3_6_12_REFERENCE,TOP_1,MONTHLY,FROZEN_FROM_A3R1R1,"HISTORICAL UK RETAIL, ACCOUNT AND BROKER ELIGIBILITY REMAIN UNRESOLVED",0.07109537636227414,0.04782133171843905,0.056618355654280084,0.11516454821291355,-0.00879702393584103,-0.0673432164944745
THEME|MH_LEVEL_3_6_12_REFERENCE|TOP_2|MONTHLY,THEME,MH_LEVEL_3_6_12_REFERENCE,TOP_2,MONTHLY,FROZEN_FROM_A3R1R1,"HISTORICAL UK RETAIL, ACCOUNT AND BROKER ELIGIBILITY REMAIN UNRESOLVED",0.1069760298137965,0.08793243527314121,0.056618355654280084,0.11516454821291355,0.031314079618861124,-0.027232112939772346
THEME|MH_LEVEL_3_6_12_REFERENCE|TOP_3|MONTHLY,THEME,MH_LEVEL_3_6_12_REFERENCE,TOP_3,MONTHLY,FROZEN_FROM_A3R1R1,"HISTORICAL UK RETAIL, ACCOUNT AND BROKER ELIGIBILITY REMAIN UNRESOLVED",0.08882486342229345,0.07263253994180752,0.056618355654280084,0.11516454821291355,0.016014184287527433,-0.04253200827110604
THEME|MH_LEVEL_3_6_12_REFERENCE|TOP_5|MONTHLY,THEME,MH_LEVEL_3_6_12_REFERENCE,TOP_5,MONTHLY,FROZEN_FROM_A3R1R1,"HISTORICAL UK RETAIL, ACCOUNT AND BROKER ELIGIBILITY REMAIN UNRESOLVED",0.10006984488404691,0.08817667190964262,0.056618355654280084,0.11516454821291355,0.03155831625536254,-0.02698787630327093
THEME|MH_LEVEL_3_6_12_REFERENCE|VARIABLE_THRESHOLD|MONTHLY,THEME,MH_LEVEL_3_6_12_REFERENCE,VARIABLE_THRESHOLD,MONTHLY,FROZEN_FROM_A3R1R1,"HISTORICAL UK RETAIL, ACCOUNT AND BROKER ELIGIBILITY REMAIN UNRESOLVED",0.04674471871219166,0.02247437357112525,0.056618355654280084,0.11516454821291355,-0.034143982083154834,-0.0926901746417883
THEME|MH_LEVEL_EQ|TOP_1|MONTHLY,THEME,MH_LEVEL_EQ,TOP_1,MONTHLY,FROZEN_FROM_A3R1R1,"HISTORICAL UK RETAIL, ACCOUNT AND BROKER ELIGIBILITY REMAIN UNRESOLVED",0.11623272148719255,0.08137681153574605,0.056618355654280084,0.11516454821291355,0.02475845588146597,-0.0337877366771675
THEME|MH_LEVEL_EQ|TOP_2|MONTHLY,THEME,MH_LEVEL_EQ,TOP_2,MONTHLY,FROZEN_FROM_A3R1R1,"HISTORICAL UK RETAIL, ACCOUNT AND BROKER ELIGIBILITY REMAIN UNRESOLVED",0.14289906525484608,0.118261693178072,0.056618355654280084,0.11516454821291355,0.06164333752379192,0.0030971449651584493
THEME|MH_LEVEL_EQ|TOP_3|MONTHLY,THEME,MH_LEVEL_EQ,TOP_3,MONTHLY,FROZEN_FROM_A3R1R1,"HISTORICAL UK RETAIL, ACCOUNT AND BROKER ELIGIBILITY REMAIN UNRESOLVED",0.13222843286619446,0.11087322646446052,0.056618355654280084,0.11516454821291355,0.05425487081018043,-0.004291321748453036
THEME|MH_LEVEL_EQ|TOP_5|MONTHLY,THEME,MH_LEVEL_EQ,TOP_5,MONTHLY,FROZEN_FROM_A3R1R1,"HISTORICAL UK RETAIL, ACCOUNT AND BROKER ELIGIBILITY REMAIN UNRESOLVED",0.10278846941749364,0.08542726791485822,0.056618355654280084,0.11516454821291355,0.028808912260578134,-0.029737280298055335
THEME|MH_LEVEL_EQ|VARIABLE_THRESHOLD|MONTHLY,THEME,MH_LEVEL_EQ,VARIABLE_THRESHOLD,MONTHLY,FROZEN_FROM_A3R1R1,"HISTORICAL UK RETAIL, ACCOUNT AND BROKER ELIGIBILITY REMAIN UNRESOLVED",0.02414892271020208,-0.002080328275150589,0.056618355654280084,0.11516454821291355,-0.05869868392943067,-0.11724487648806414
THEME|MH_LEVEL_60D_CENTERED|TOP_1|MONTHLY,THEME,MH_LEVEL_60D_CENTERED,TOP_1,MONTHLY,FROZEN_FROM_A3R1R1,"HISTORICAL UK RETAIL, ACCOUNT AND BROKER ELIGIBILITY REMAIN UNRESOLVED",0.03873570783058633,0.007865965759070725,0.056618355654280084,0.11516454821291355,-0.04875238989520936,-0.10729858245384283
THEME|MH_LEVEL_60D_CENTERED|TOP_2|MONTHLY,THEME,MH_LEVEL_60D_CENTERED,TOP_2,MONTHLY,FROZEN_FROM_A3R1R1,"HISTORICAL UK RETAIL, ACCOUNT AND BROKER ELIGIBILITY REMAIN UNRESOLVED",0.050857722560562424,0.026884060283127953,0.056618355654280084,0.11516454821291355,-0.02973429537115213,-0.0882804879297856
THEME|MH_LEVEL_60D_CENTERED|TOP_3|MONTHLY,THEME,MH_LEVEL_60D_CENTERED,TOP_3,MONTHLY,FROZEN_FROM_A3R1R1,"HISTORICAL UK RETAIL, ACCOUNT AND BROKER ELIGIBILITY REMAIN UNRESOLVED",0.08207423145105652,0.06073091403649289,0.056618355654280084,0.11516454821291355,0.004112558382212805,-0.054433634176420664
THEME|MH_LEVEL_60D_CENTERED|TOP_5|MONTHLY,THEME,MH_LEVEL_60D_CENTERED,TOP_5,MONTHLY,FROZEN_FROM_A3R1R1,"HISTORICAL UK RETAIL, ACCOUNT AND BROKER ELIGIBILITY REMAIN UNRESOLVED",0.06653600218841582,0.04911563656072282,0.056618355654280084,0.11516454821291355,-0.007502719093557264,-0.06604891165219073
THEME|MH_LEVEL_60D_CENTERED|VARIABLE_THRESHOLD|MONTHLY,THEME,MH_LEVEL_60D_CENTERED,VARIABLE_THRESHOLD,MONTHLY,FROZEN_FROM_A3R1R1,"HISTORICAL UK RETAIL, ACCOUNT AND BROKER ELIGIBILITY REMAIN UNRESOLVED",0.009122847561133574,-0.01626993191663484,0.056618355654280084,0.11516454821291355,-0.07288828757091492,-0.1314344801295484
THEME|MH_LEVEL_RECENCY_TILT|TOP_1|MONTHLY,THEME,MH_LEVEL_RECENCY_TILT,TOP_1,MONTHLY,FROZEN_FROM_A3R1R1,"HISTORICAL UK RETAIL, ACCOUNT AND BROKER ELIGIBILITY REMAIN UNRESOLVED",0.05826198746279898,0.025124732188671173,0.056618355654280084,0.11516454821291355,-0.03149362346560891,-0.09003981602424238
THEME|MH_LEVEL_RECENCY_TILT|TOP_2|MONTHLY,THEME,MH_LEVEL_RECENCY_TILT,TOP_2,MONTHLY,FROZEN_FROM_A3R1R1,"HISTORICAL UK RETAIL, ACCOUNT AND BROKER ELIGIBILITY REMAIN UNRESOLVED",0.11469041133798807,0.08656187286469352,0.056618355654280084,0.11516454821291355,0.02994351721041344,-0.02860267534822003
THEME|MH_LEVEL_RECENCY_TILT|TOP_3|MONTHLY,THEME,MH_LEVEL_RECENCY_TILT,TOP_3,MONTHLY,FROZEN_FROM_A3R1R1,"HISTORICAL UK RETAIL, ACCOUNT AND BROKER ELIGIBILITY REMAIN UNRESOLVED",0.1126370417075595,0.08690132677739215,0.056618355654280084,0.11516454821291355,0.030282971123112068,-0.028263221435521402
THEME|MH_LEVEL_RECENCY_TILT|TOP_5|MONTHLY,THEME,MH_LEVEL_RECENCY_TILT,TOP_5,MONTHLY,FROZEN_FROM_A3R1R1,"HISTORICAL UK RETAIL, ACCOUNT AND BROKER ELIGIBILITY REMAIN UNRESOLVED",0.1102526039635503,0.09005808573367213,0.056618355654280084,0.11516454821291355,0.03343973007939205,-0.02510646247924142
THEME|MH_LEVEL_RECENCY_TILT|VARIABLE_THRESHOLD|MONTHLY,THEME,MH_LEVEL_RECENCY_TILT,VARIABLE_THRESHOLD,MONTHLY,FROZEN_FROM_A3R1R1,"HISTORICAL UK RETAIL, ACCOUNT AND BROKER ELIGIBILITY REMAIN UNRESOLVED",-0.04948664834434113,-0.07904179320662152,0.056618355654280084,0.11516454821291355,-0.1356601488609016,-0.19420634141953508
THEME|PAIRWISE_MAJORITY_5H|TOP_1|MONTHLY,THEME,PAIRWISE_MAJORITY_5H,TOP_1,MONTHLY,FROZEN_FROM_A3R1R1,"HISTORICAL UK RETAIL, ACCOUNT AND BROKER ELIGIBILITY REMAIN UNRESOLVED",-0.009563452448130616,-0.0358806164324007,0.056618355654280084,0.11516454821291355,-0.09249897208668079,-0.15104516464531426
THEME|PAIRWISE_MAJORITY_5H|TOP_2|MONTHLY,THEME,PAIRWISE_MAJORITY_5H,TOP_2,MONTHLY,FROZEN_FROM_A3R1R1,"HISTORICAL UK RETAIL, ACCOUNT AND BROKER ELIGIBILITY REMAIN UNRESOLVED",0.12449512369188298,0.10022749390995211,0.056618355654280084,0.11516454821291355,0.04360913825567203,-0.014937054302961439
THEME|PAIRWISE_MAJORITY_5H|TOP_3|MONTHLY,THEME,PAIRWISE_MAJORITY_5H,TOP_3,MONTHLY,FROZEN_FROM_A3R1R1,"HISTORICAL UK RETAIL, ACCOUNT AND BROKER ELIGIBILITY REMAIN UNRESOLVED",0.115498502687027,0.09321768694125443,0.056618355654280084,0.11516454821291355,0.036599331286974346,-0.021946861271659124
THEME|PAIRWISE_MAJORITY_5H|TOP_5|MONTHLY,THEME,PAIRWISE_MAJORITY_5H,TOP_5,MONTHLY,FROZEN_FROM_A3R1R1,"HISTORICAL UK RETAIL, ACCOUNT AND BROKER ELIGIBILITY REMAIN UNRESOLVED",0.09669538780641318,0.07940889327337008,0.056618355654280084,0.11516454821291355,0.02279053761909,-0.03575565493954347
THEME|PAIRWISE_MAJORITY_5H|VARIABLE_THRESHOLD|MONTHLY,THEME,PAIRWISE_MAJORITY_5H,VARIABLE_THRESHOLD,MONTHLY,FROZEN_FROM_A3R1R1,"HISTORICAL UK RETAIL, ACCOUNT AND BROKER ELIGIBILITY REMAIN UNRESOLVED",0.057770232981642744,0.03159167172691646,0.056618355654280084,0.11516454821291355,-0.025026683927363624,-0.0835728764859971
THEME|SHORT_RS_1_2_3_EQ|TOP_1|MONTHLY,THEME,SHORT_RS_1_2_3_EQ,TOP_1,MONTHLY,A3R2_PREDECLARED_NEW_HYPOTHESIS,"HISTORICAL UK RETAIL, ACCOUNT AND BROKER ELIGIBILITY REMAIN UNRESOLVED",0.0009140081513587806,-0.03122045382655214,0.07570596908200944,0.11516454821291355,-0.10692642290856158,-0.1463850020394657
THEME|SHORT_RS_1_2_3_EQ|TOP_2|MONTHLY,THEME,SHORT_RS_1_2_3_EQ,TOP_2,MONTHLY,A3R2_PREDECLARED_NEW_HYPOTHESIS,"HISTORICAL UK RETAIL, ACCOUNT AND BROKER ELIGIBILITY REMAIN UNRESOLVED",0.021807506518865427,-0.009760662328597958,0.07570596908200944,0.11516454821291355,-0.0854666314106074,-0.12492521054151151
THEME|SHORT_RS_1_2_3_EQ|TOP_3|MONTHLY,THEME,SHORT_RS_1_2_3_EQ,TOP_3,MONTHLY,A3R2_PREDECLARED_NEW_HYPOTHESIS,"HISTORICAL UK RETAIL, ACCOUNT AND BROKER ELIGIBILITY REMAIN UNRESOLVED",0.054565540376769084,0.02664681374558109,0.07570596908200944,0.11516454821291355,-0.04905915533642835,-0.08851773446733247
THEME|SHORT_RS_1_2_3_EQ|TOP_5|MONTHLY,THEME,SHORT_RS_1_2_3_EQ,TOP_5,MONTHLY,A3R2_PREDECLARED_NEW_HYPOTHESIS,"HISTORICAL UK RETAIL, ACCOUNT AND BROKER ELIGIBILITY REMAIN UNRESOLVED",0.10921677781637218,0.0864179369062219,0.07570596908200944,0.11516454821291355,0.010711967824212465,-0.02874661130669165
THEME|SHORT_RS_1_2_3_EQ|VARIABLE_THRESHOLD|MONTHLY,THEME,SHORT_RS_1_2_3_EQ,VARIABLE_THRESHOLD,MONTHLY,A3R2_PREDECLARED_NEW_HYPOTHESIS,"HISTORICAL UK RETAIL, ACCOUNT AND BROKER ELIGIBILITY REMAIN UNRESOLVED",-0.0017800224129368436,-0.03532083841059552,0.07570596908200944,0.11516454821291355,-0.11102680749260496,-0.15048538662350908
THEME|SHORT_RS_1_2_3_PERSISTENT|TOP_1|MONTHLY,THEME,SHORT_RS_1_2_3_PERSISTENT,TOP_1,MONTHLY,A3R2_PREDECLARED_NEW_HYPOTHESIS,"HISTORICAL UK RETAIL, ACCOUNT AND BROKER ELIGIBILITY REMAIN UNRESOLVED",-0.03621636648314952,-0.06715074175457858,0.07570596908200944,0.11516454821291355,-0.14285671083658802,-0.18231528996749213
THEME|SHORT_RS_1_2_3_PERSISTENT|TOP_2|MONTHLY,THEME,SHORT_RS_1_2_3_PERSISTENT,TOP_2,MONTHLY,A3R2_PREDECLARED_NEW_HYPOTHESIS,"HISTORICAL UK RETAIL, ACCOUNT AND BROKER ELIGIBILITY REMAIN UNRESOLVED",0.05828416472081943,0.027738532919544756,0.07570596908200944,0.11516454821291355,-0.04796743616246468,-0.0874260152933688
THEME|SHORT_RS_1_2_3_PERSISTENT|TOP_3|MONTHLY,THEME,SHORT_RS_1_2_3_PERSISTENT,TOP_3,MONTHLY,A3R2_PREDECLARED_NEW_HYPOTHESIS,"HISTORICAL UK RETAIL, ACCOUNT AND BROKER ELIGIBILITY REMAIN UNRESOLVED",0.07360677987280129,0.047336285830368086,0.07570596908200944,0.11516454821291355,-0.028369683251641353,-0.06782826238254547
THEME|SHORT_RS_1_2_3_PERSISTENT|TOP_5|MONTHLY,THEME,SHORT_RS_1_2_3_PERSISTENT,TOP_5,MONTHLY,A3R2_PREDECLARED_NEW_HYPOTHESIS,"HISTORICAL UK RETAIL, ACCOUNT AND BROKER ELIGIBILITY REMAIN UNRESOLVED",0.06412990322180656,0.04075190346574753,0.07570596908200944,0.11516454821291355,-0.03495406561626191,-0.07441264474716602
THEME|SHORT_RS_1_2_3_PERSISTENT|VARIABLE_THRESHOLD|MONTHLY,THEME,SHORT_RS_1_2_3_PERSISTENT,VARIABLE_THRESHOLD,MONTHLY,A3R2_PREDECLARED_NEW_HYPOTHESIS,"HISTORICAL UK RETAIL, ACCOUNT AND BROKER ELIGIBILITY REMAIN UNRESOLVED",-0.011289433453941622,-0.042804046918416216,0.07570596908200944,0.11516454821291355,-0.11851001600042566,-0.15796859513132977
INDUSTRY_PLUS_THEME|MH_LEVEL_3_6_12_REFERENCE|TOP_1|MONTHLY,INDUSTRY_PLUS_THEME,MH_LEVEL_3_6_12_REFERENCE,TOP_1,MONTHLY,FROZEN_FROM_A3R1R1,"HISTORICAL UK RETAIL, ACCOUNT AND BROKER ELIGIBILITY REMAIN UNRESOLVED",0.26904013467202104,0.24861332935426628,0.10989964278450803,0.11516454821291355,0.13871368656975824,0.13344878114135272
INDUSTRY_PLUS_THEME|MH_LEVEL_3_6_12_REFERENCE|TOP_2|MONTHLY,INDUSTRY_PLUS_THEME,MH_LEVEL_3_6_12_REFERENCE,TOP_2,MONTHLY,FROZEN_FROM_A3R1R1,"HISTORICAL UK RETAIL, ACCOUNT AND BROKER ELIGIBILITY REMAIN UNRESOLVED",0.22146092886927637,0.19857113590134667,0.10989964278450803,0.11516454821291355,0.08867149311683864,0.08340658768843312
INDUSTRY_PLUS_THEME|MH_LEVEL_3_6_12_REFERENCE|TOP_3|MONTHLY,INDUSTRY_PLUS_THEME,MH_LEVEL_3_6_12_REFERENCE,TOP_3,MONTHLY,FROZEN_FROM_A3R1R1,"HISTORICAL UK RETAIL, ACCOUNT AND BROKER ELIGIBILITY REMAIN UNRESOLVED",0.2088166146857351,0.1869127665578032,0.10989964278450803,0.11516454821291355,0.07701312377329517,0.07174821834488965
INDUSTRY_PLUS_THEME|MH_LEVEL_3_6_12_REFERENCE|TOP_5|MONTHLY,INDUSTRY_PLUS_THEME,MH_LEVEL_3_6_12_REFERENCE,TOP_5,MONTHLY,FROZEN_FROM_A3R1R1,"HISTORICAL UK RETAIL, ACCOUNT AND BROKER ELIGIBILITY REMAIN UNRESOLVED",0.14429992211241505,0.12714000328071862,0.10989964278450803,0.11516454821291355,0.017240360496210583,0.011975455067805063
INDUSTRY_PLUS_THEME|MH_LEVEL_3_6_12_REFERENCE|VARIABLE_THRESHOLD|MONTHLY,INDUSTRY_PLUS_THEME,MH_LEVEL_3_6_12_REFERENCE,VARIABLE_THRESHOLD,MONTHLY,FROZEN_FROM_A3R1R1,"HISTORICAL UK RETAIL, ACCOUNT AND BROKER ELIGIBILITY REMAIN UNRESOLVED",0.16304606740360117,0.1359536034613389,0.10989964278450803,0.11516454821291355,0.026053960676830856,0.020789055248425337
INDUSTRY_PLUS_THEME|MH_LEVEL_EQ|TOP_1|MONTHLY,INDUSTRY_PLUS_THEME,MH_LEVEL_EQ,TOP_1,MONTHLY,FROZEN_FROM_A3R1R1,"HISTORICAL UK RETAIL, ACCOUNT AND BROKER ELIGIBILITY REMAIN UNRESOLVED",0.14752159637814088,0.11716632682712125,0.10989964278450803,0.11516454821291355,0.007266684042613214,0.0020017786142076943
INDUSTRY_PLUS_THEME|MH_LEVEL_EQ|TOP_2|MONTHLY,INDUSTRY_PLUS_THEME,MH_LEVEL_EQ,TOP_2,MONTHLY,FROZEN_FROM_A3R1R1,"HISTORICAL UK RETAIL, ACCOUNT AND BROKER ELIGIBILITY REMAIN UNRESOLVED",0.025603735180377285,-0.004826324991843878,0.10989964278450803,0.11516454821291355,-0.11472596777635191,-0.11999087320475743
INDUSTRY_PLUS_THEME|MH_LEVEL_EQ|TOP_3|MONTHLY,INDUSTRY_PLUS_THEME,MH_LEVEL_EQ,TOP_3,MONTHLY,FROZEN_FROM_A3R1R1,"HISTORICAL UK RETAIL, ACCOUNT AND BROKER ELIGIBILITY REMAIN UNRESOLVED",0.09692867819773587,0.06857016096573099,0.10989964278450803,0.11516454821291355,-0.04132948181877705,-0.04659438724718257
INDUSTRY_PLUS_THEME|MH_LEVEL_EQ|TOP_5|MONTHLY,INDUSTRY_PLUS_THEME,MH_LEVEL_EQ,TOP_5,MONTHLY,FROZEN_FROM_A3R1R1,"HISTORICAL UK RETAIL, ACCOUNT AND BROKER ELIGIBILITY REMAIN UNRESOLVED",0.11229959810087653,0.08952216313662009,0.10989964278450803,0.11516454821291355,-0.02037747964788794,-0.02564238507629346
INDUSTRY_PLUS_THEME|MH_LEVEL_EQ|VARIABLE_THRESHOLD|MONTHLY,INDUSTRY_PLUS_THEME,MH_LEVEL_EQ,VARIABLE_THRESHOLD,MONTHLY,FROZEN_FROM_A3R1R1,"HISTORICAL UK RETAIL, ACCOUNT AND BROKER ELIGIBILITY REMAIN UNRESOLVED",0.10368326211340939,0.07171948700710673,0.10989964278450803,0.11516454821291355,-0.0381801557774013,-0.04344506120580682
INDUSTRY_PLUS_THEME|MH_LEVEL_60D_CENTERED|TOP_1|MONTHLY,INDUSTRY_PLUS_THEME,MH_LEVEL_60D_CENTERED,TOP_1,MONTHLY,FROZEN_FROM_A3R1R1,"HISTORICAL UK RETAIL, ACCOUNT AND BROKER ELIGIBILITY REMAIN UNRESOLVED",0.13259463677422545,0.10351016336925478,0.10989964278450803,0.11516454821291355,-0.006389479415253252,-0.011654384843658772
INDUSTRY_PLUS_THEME|MH_LEVEL_60D_CENTERED|TOP_2|MONTHLY,INDUSTRY_PLUS_THEME,MH_LEVEL_60D_CENTERED,TOP_2,MONTHLY,FROZEN_FROM_A3R1R1,"HISTORICAL UK RETAIL, ACCOUNT AND BROKER ELIGIBILITY REMAIN UNRESOLVED",0.06043640332928235,0.030706498742155697,0.10989964278450803,0.11516454821291355,-0.07919314404235234,-0.08445804947075786
INDUSTRY_PLUS_THEME|MH_LEVEL_60D_CENTERED|TOP_3|MONTHLY,INDUSTRY_PLUS_THEME,MH_LEVEL_60D_CENTERED,TOP_3,MONTHLY,FROZEN_FROM_A3R1R1,"HISTORICAL UK RETAIL, ACCOUNT AND BROKER ELIGIBILITY REMAIN UNRESOLVED",0.09214086533597943,0.06538994718446767,0.10989964278450803,0.11516454821291355,-0.044509695600040367,-0.049774601028445886
INDUSTRY_PLUS_THEME|MH_LEVEL_60D_CENTERED|TOP_5|MONTHLY,INDUSTRY_PLUS_THEME,MH_LEVEL_60D_CENTERED,TOP_5,MONTHLY,FROZEN_FROM_A3R1R1,"HISTORICAL UK RETAIL, ACCOUNT AND BROKER ELIGIBILITY REMAIN UNRESOLVED",0.11135083192782713,0.08796970490391542,0.10989964278450803,0.11516454821291355,-0.02192993788059261,-0.02719484330899813
INDUSTRY_PLUS_THEME|MH_LEVEL_60D_CENTERED|VARIABLE_THRESHOLD|MONTHLY,INDUSTRY_PLUS_THEME,MH_LEVEL_60D_CENTERED,VARIABLE_THRESHOLD,MONTHLY,FROZEN_FROM_A3R1R1,"HISTORICAL UK RETAIL, ACCOUNT AND BROKER ELIGIBILITY REMAIN UNRESOLVED",0.06787513551250379,0.037678551514150005,0.10989964278450803,0.11516454821291355,-0.07222109127035803,-0.07748599669876355
INDUSTRY_PLUS_THEME|MH_LEVEL_RECENCY_TILT|TOP_1|MONTHLY,INDUSTRY_PLUS_THEME,MH_LEVEL_RECENCY_TILT,TOP_1,MONTHLY,FROZEN_FROM_A3R1R1,"HISTORICAL UK RETAIL, ACCOUNT AND BROKER ELIGIBILITY REMAIN UNRESOLVED",0.10769208053592783,0.07659306487392481,0.10989964278450803,0.11516454821291355,-0.033306577910583224,-0.038571483338988743
INDUSTRY_PLUS_THEME|MH_LEVEL_RECENCY_TILT|TOP_2|MONTHLY,INDUSTRY_PLUS_THEME,MH_LEVEL_RECENCY_TILT,TOP_2,MONTHLY,FROZEN_FROM_A3R1R1,"HISTORICAL UK RETAIL, ACCOUNT AND BROKER ELIGIBILITY REMAIN UNRESOLVED",0.018089218716205835,-0.012109926824025674,0.10989964278450803,0.11516454821291355,-0.12200956960853371,-0.12727447503693923
INDUSTRY_PLUS_THEME|MH_LEVEL_RECENCY_TILT|TOP_3|MONTHLY,INDUSTRY_PLUS_THEME,MH_LEVEL_RECENCY_TILT,TOP_3,MONTHLY,FROZEN_FROM_A3R1R1,"HISTORICAL UK RETAIL, ACCOUNT AND BROKER ELIGIBILITY REMAIN UNRESOLVED",0.10857442554668206,0.07726793989343039,0.10989964278450803,0.11516454821291355,-0.03263170289107764,-0.03789660831948316
INDUSTRY_PLUS_THEME|MH_LEVEL_RECENCY_TILT|TOP_5|MONTHLY,INDUSTRY_PLUS_THEME,MH_LEVEL_RECENCY_TILT,TOP_5,MONTHLY,FROZEN_FROM_A3R1R1,"HISTORICAL UK RETAIL, ACCOUNT AND BROKER ELIGIBILITY REMAIN UNRESOLVED",0.12994087830861134,0.10321930537695545,0.10989964278450803,0.11516454821291355,-0.006680337407552583,-0.011945242835958103
INDUSTRY_PLUS_THEME|MH_LEVEL_RECENCY_TILT|VARIABLE_THRESHOLD|MONTHLY,INDUSTRY_PLUS_THEME,MH_LEVEL_RECENCY_TILT,VARIABLE_THRESHOLD,MONTHLY,FROZEN_FROM_A3R1R1,"HISTORICAL UK RETAIL, ACCOUNT AND BROKER ELIGIBILITY REMAIN UNRESOLVED",0.029940975448572882,-0.0012673431873941876,0.10989964278450803,0.11516454821291355,-0.11116698597190222,-0.11643189140030774
INDUSTRY_PLUS_THEME|PAIRWISE_MAJORITY_5H|TOP_1|MONTHLY,INDUSTRY_PLUS_THEME,PAIRWISE_MAJORITY_5H,TOP_1,MONTHLY,FROZEN_FROM_A3R1R1,"HISTORICAL UK RETAIL, ACCOUNT AND BROKER ELIGIBILITY REMAIN UNRESOLVED",0.09162783839242405,0.06269830437693824,0.10989964278450803,0.11516454821291355,-0.04720133840756979,-0.05246624383597531
INDUSTRY_PLUS_THEME|PAIRWISE_MAJORITY_5H|TOP_2|MONTHLY,INDUSTRY_PLUS_THEME,PAIRWISE_MAJORITY_5H,TOP_2,MONTHLY,FROZEN_FROM_A3R1R1,"HISTORICAL UK RETAIL, ACCOUNT AND BROKER ELIGIBILITY REMAIN UNRESOLVED",0.09688036134902411,0.06878038917086449,0.10989964278450803,0.11516454821291355,-0.04111925361364355,-0.04638415904204907
INDUSTRY_PLUS_THEME|PAIRWISE_MAJORITY_5H|TOP_3|MONTHLY,INDUSTRY_PLUS_THEME,PAIRWISE_MAJORITY_5H,TOP_3,MONTHLY,FROZEN_FROM_A3R1R1,"HISTORICAL UK RETAIL, ACCOUNT AND BROKER ELIGIBILITY REMAIN UNRESOLVED",0.13672683671428354,0.10856614629823302,0.10989964278450803,0.11516454821291355,-0.0013334964862750098,-0.0065984019146805295
INDUSTRY_PLUS_THEME|PAIRWISE_MAJORITY_5H|TOP_5|MONTHLY,INDUSTRY_PLUS_THEME,PAIRWISE_MAJORITY_5H,TOP_5,MONTHLY,FROZEN_FROM_A3R1R1,"HISTORICAL UK RETAIL, ACCOUNT AND BROKER ELIGIBILITY REMAIN UNRESOLVED",0.10968859861899749,0.08548471624737086,0.10989964278450803,0.11516454821291355,-0.02441492653713717,-0.02967983196554269
INDUSTRY_PLUS_THEME|PAIRWISE_MAJORITY_5H|VARIABLE_THRESHOLD|MONTHLY,INDUSTRY_PLUS_THEME,PAIRWISE_MAJORITY_5H,VARIABLE_THRESHOLD,MONTHLY,FROZEN_FROM_A3R1R1,"HISTORICAL UK RETAIL, ACCOUNT AND BROKER ELIGIBILITY REMAIN UNRESOLVED",0.10428993618635474,0.07678327951241548,0.10989964278450803,0.11516454821291355,-0.03311636327209255,-0.03838126870049807
INDUSTRY_PLUS_THEME|SHORT_RS_1_2_3_EQ|TOP_1|MONTHLY,INDUSTRY_PLUS_THEME,SHORT_RS_1_2_3_EQ,TOP_1,MONTHLY,A3R2_PREDECLARED_NEW_HYPOTHESIS,"HISTORICAL UK RETAIL, ACCOUNT AND BROKER ELIGIBILITY REMAIN UNRESOLVED",0.14130370793560676,0.1020828284104387,0.12138435693435068,0.11516454821291355,-0.01930152852391198,-0.013081719802474856
INDUSTRY_PLUS_THEME|SHORT_RS_1_2_3_EQ|TOP_2|MONTHLY,INDUSTRY_PLUS_THEME,SHORT_RS_1_2_3_EQ,TOP_2,MONTHLY,A3R2_PREDECLARED_NEW_HYPOTHESIS,"HISTORICAL UK RETAIL, ACCOUNT AND BROKER ELIGIBILITY REMAIN UNRESOLVED",0.07424892996688937,0.040262797130788286,0.12138435693435068,0.11516454821291355,-0.08112155980356239,-0.07490175108212527
INDUSTRY_PLUS_THEME|SHORT_RS_1_2_3_EQ|TOP_3|MONTHLY,INDUSTRY_PLUS_THEME,SHORT_RS_1_2_3_EQ,TOP_3,MONTHLY,A3R2_PREDECLARED_NEW_HYPOTHESIS,"HISTORICAL UK RETAIL, ACCOUNT AND BROKER ELIGIBILITY REMAIN UNRESOLVED",0.0943621312314824,0.06229804256493199,0.12138435693435068,0.11516454821291355,-0.05908631436941869,-0.052866505647981565
INDUSTRY_PLUS_THEME|SHORT_RS_1_2_3_EQ|TOP_5|MONTHLY,INDUSTRY_PLUS_THEME,SHORT_RS_1_2_3_EQ,TOP_5,MONTHLY,A3R2_PREDECLARED_NEW_HYPOTHESIS,"HISTORICAL UK RETAIL, ACCOUNT AND BROKER ELIGIBILITY REMAIN UNRESOLVED",0.10279763057013547,0.07380275208539944,0.12138435693435068,0.11516454821291355,-0.04758160484895124,-0.04136179612751412
INDUSTRY_PLUS_THEME|SHORT_RS_1_2_3_EQ|VARIABLE_THRESHOLD|MONTHLY,INDUSTRY_PLUS_THEME,SHORT_RS_1_2_3_EQ,VARIABLE_THRESHOLD,MONTHLY,A3R2_PREDECLARED_NEW_HYPOTHESIS,"HISTORICAL UK RETAIL, ACCOUNT AND BROKER ELIGIBILITY REMAIN UNRESOLVED",0.07463525785556824,0.04316257039487503,0.12138435693435068,0.11516454821291355,-0.07822178653947565,-0.07200197781803852
INDUSTRY_PLUS_THEME|SHORT_RS_1_2_3_PERSISTENT|TOP_1|MONTHLY,INDUSTRY_PLUS_THEME,SHORT_RS_1_2_3_PERSISTENT,TOP_1,MONTHLY,A3R2_PREDECLARED_NEW_HYPOTHESIS,"HISTORICAL UK RETAIL, ACCOUNT AND BROKER ELIGIBILITY REMAIN UNRESOLVED",-0.021554614577467213,-0.05532847208274971,0.12138435693435068,0.11516454821291355,-0.1767128290171004,-0.17049302029566327
INDUSTRY_PLUS_THEME|SHORT_RS_1_2_3_PERSISTENT|TOP_2|MONTHLY,INDUSTRY_PLUS_THEME,SHORT_RS_1_2_3_PERSISTENT,TOP_2,MONTHLY,A3R2_PREDECLARED_NEW_HYPOTHESIS,"HISTORICAL UK RETAIL, ACCOUNT AND BROKER ELIGIBILITY REMAIN UNRESOLVED",0.0022369130009054494,-0.030343434776895162,0.12138435693435068,0.11516454821291355,-0.15172779171124584,-0.14550798298980872
INDUSTRY_PLUS_THEME|SHORT_RS_1_2_3_PERSISTENT|TOP_3|MONTHLY,INDUSTRY_PLUS_THEME,SHORT_RS_1_2_3_PERSISTENT,TOP_3,MONTHLY,A3R2_PREDECLARED_NEW_HYPOTHESIS,"HISTORICAL UK RETAIL, ACCOUNT AND BROKER ELIGIBILITY REMAIN UNRESOLVED",0.08387091712094419,0.052702564128294105,0.12138435693435068,0.11516454821291355,-0.06868179280605657,-0.06246198408461945
INDUSTRY_PLUS_THEME|SHORT_RS_1_2_3_PERSISTENT|TOP_5|MONTHLY,INDUSTRY_PLUS_THEME,SHORT_RS_1_2_3_PERSISTENT,TOP_5,MONTHLY,A3R2_PREDECLARED_NEW_HYPOTHESIS,"HISTORICAL UK RETAIL, ACCOUNT AND BROKER ELIGIBILITY REMAIN UNRESOLVED",0.07549836223347373,0.04752772602634692,0.12138435693435068,0.11516454821291355,-0.07385663090800376,-0.06763682218656664
INDUSTRY_PLUS_THEME|SHORT_RS_1_2_3_PERSISTENT|VARIABLE_THRESHOLD|MONTHLY,INDUSTRY_PLUS_THEME,SHORT_RS_1_2_3_PERSISTENT,VARIABLE_THRESHOLD,MONTHLY,A3R2_PREDECLARED_NEW_HYPOTHESIS,"HISTORICAL UK RETAIL, ACCOUNT AND BROKER ELIGIBILITY REMAIN UNRESOLVED",0.021746826088852922,-0.010036922337639975,0.12138435693435068,0.11516454821291355,-0.13142127927199065,-0.12520147055055353
