decision_date,scheduled_next_xlon_session,data_cutoff,eligible_family_count,eligible_families_json,top7_family_count,top7_families,top7_scores,global_126_return,cash_126_return,global_126_excess,global_252_return,cash_252_return,global_252_excess,global_vol_63,leadership_spread,rank_persistence,rank_persistence_common_family_count,absolute_support_count,secondary_score_std,secondary_score_iqr,secondary_return63_iqr,secondary_return126_iqr,secondary_average_pairwise_corr126,secondary_pc1_variance_share,secondary_percent_above_cash,secondary_percent_above_global,secondary_top7_retention,secondary_global_drawdown_252,prior_vol_threshold,prior_spread_threshold,prior_persistence_threshold,volatility_prior_observation_count,spread_prior_observation_count,persistence_prior_observation_count,global_126_adverse,global_252_adverse,high_volatility,risk_score,spread_high,persistence_high,absolute_support_high,leadership_strong,leadership_state,threshold_history_status,regime,volatility_quantile,leadership_quantile,warning,execution_date,vol_threshold_percentile
2017-02-28,2017-03-01,2026-08-21,7,"[""EUROPE_BANKS"", ""GLOBAL_AGRIBUSINESS"", ""GLOBAL_BIOTECHNOLOGY"", ""GLOBAL_INFRASTRUCTURE"", ""GLOBAL_OIL_GAS"", ""GLOBAL_SEMICONDUCTORS"", ""GLOBAL_WATER""]",7,GLOBAL_SEMICONDUCTORS;GLOBAL_BIOTECHNOLOGY;EUROPE_BANKS;GLOBAL_WATER;GLOBAL_AGRIBUSINESS;GLOBAL_OIL_GAS;GLOBAL_INFRASTRUCTURE,0.778571428571;0.672321428571;0.657142857143;0.583035714286;0.551785714286;0.317857142857;0.308035714286,0.13955609607783614,0.001045559540752361,0.13851053653708378,0.34168605691784504,0.0031828012992831667,0.33850325561856187,0.11265805750509361,-0.03035714285714286,0.045175395145262566,6,7,0.1656883336469576,0.2299107142857143,0.017922257968519206,0.05623442748978791,0.3662629294366255,0.41712452533503286,1.0,0.2857142857142857,0.8571428571428571,0.0,0.1539571834575586,-0.017708333333333326,0.7071428571428571,76,37,36,False,False,False,0.0,False,False,True,False,LEADERSHIP_WEAK,PRIOR_ONLY_THRESHOLDS_READY,R1_BROAD_RISK_ON,0.75,0.5,E2 DEVELOPMENTAL; A4F THRESHOLDS ARE PRIOR-ONLY; NO E3 CONFIRMATION,2017-03-01,0.75
2017-03-31,2017-04-03,2026-08-21,7,"[""EUROPE_BANKS"", ""GLOBAL_AGRIBUSINESS"", ""GLOBAL_BIOTECHNOLOGY"", ""GLOBAL_INFRASTRUCTURE"", ""GLOBAL_OIL_GAS"", ""GLOBAL_SEMICONDUCTORS"", ""GLOBAL_WATER""]",7,EUROPE_BANKS;GLOBAL_SEMICONDUCTORS;GLOBAL_WATER;GLOBAL_AGRIBUSINESS;GLOBAL_BIOTECHNOLOGY;GLOBAL_INFRASTRUCTURE;GLOBAL_OIL_GAS,0.85625;0.829067460317;0.617658730159;0.435119047619;0.412003968254;0.365376984127;0.252579365079,0.11464968152866373,0.0010346614438214718,0.11361502008484226,0.32203092059030225,0.002915270065284581,0.31911565052501767,0.11057844243107398,0.1031746031746032,0.6785714285714287,7,7,0.217147538210706,0.33467261904761914,0.06679495085143428,0.06198964788689498,0.35669479671318904,0.4124703724908453,1.0,0.42857142857142855,1.0,-0.02171086843473713,0.1538609559118291,-0.018139880952381005,0.7,77,38,37,False,False,False,0.0,True,False,True,True,LEADERSHIP_STRONG,PRIOR_ONLY_THRESHOLDS_READY,R2_LEADERSHIP_RISK_ON,0.75,0.5,E2 DEVELOPMENTAL; A4F THRESHOLDS ARE PRIOR-ONLY; NO E3 CONFIRMATION,2017-04-03,0.75
2017-04-28,2017-05-02,2026-08-21,7,"[""EUROPE_BANKS"", ""GLOBAL_AGRIBUSINESS"", ""GLOBAL_BIOTECHNOLOGY"", ""GLOBAL_INFRASTRUCTURE"", ""GLOBAL_OIL_GAS"", ""GLOBAL_SEMICONDUCTORS"", ""GLOBAL_WATER""]",7,EUROPE_BANKS;GLOBAL_WATER;GLOBAL_SEMICONDUCTORS;GLOBAL_BIOTECHNOLOGY;GLOBAL_AGRIBUSINESS;GLOBAL_INFRASTRUCTURE;GLOBAL_OIL_GAS,0.971428571429;0.780257936508;0.602083333333;0.577380952381;0.499801587302;0.353670634921;0.152876984127,0.05068337129840694,0.00105396883486919,0.04962940246353775,0.3064259160913432,0.0027670701392263908,0.3036588459521168,0.1021478512204599,-0.014880952380952439,0.9285714285714288,7,7,0.24835492697566205,0.2644345238095238,0.04698311572697189,0.0463574371646262,0.3930744344736329,0.4408015268719087,1.0,0.2857142857142857,1.0,-0.04056162246489847,0.1534428505341426,-0.017708333333333326,0.6964101615137754,78,39,38,False,False,False,0.0,True,True,True,True,LEADERSHIP_STRONG,PRIOR_ONLY_THRESHOLDS_READY,R2_LEADERSHIP_RISK_ON,0.75,0.5,E2 DEVELOPMENTAL; A4F THRESHOLDS ARE PRIOR-ONLY; NO E3 CONFIRMATION,2017-05-02,0.75
2017-05-31,2017-06-01,2026-08-21,6,"[""EUROPE_BANKS"", ""GLOBAL_AGRIBUSINESS"", ""GLOBAL_BIOTECHNOLOGY"", ""GLOBAL_INFRASTRUCTURE"", ""GLOBAL_OIL_GAS"", ""GLOBAL_SEMICONDUCTORS""]",6,EUROPE_BANKS;GLOBAL_SEMICONDUCTORS;GLOBAL_INFRASTRUCTURE;GLOBAL_AGRIBUSINESS;GLOBAL_BIOTECHNOLOGY;GLOBAL_OIL_GAS,0.929166666667;0.720535714286;0.658928571429;0.518154761905;0.308630952381;0.13869047619,0.0841712151680567,0.0010789644185715819,0.08309225074948512,0.30452817144832367,0.002540973344166142,0.30198719810415753,0.10252062361610237,-0.042857142857142816,0.7917946548886295,6,6,0.26237763666685393,0.34412202380952384,0.069605395877957,0.11644139972333467,0.34782115782455153,0.45823783330199513,1.0,0.3333333333333333,0.8571428571428571,-0.018720748829952782,0.1530247451564561,-0.016294642857142883,0.7,79,40,39,False,False,False,0.0,False,True,True,True,LEADERSHIP_STRONG,PRIOR_ONLY_THRESHOLDS_READY,R2_LEADERSHIP_RISK_ON,0.75,0.5,E2 DEVELOPMENTAL; A4F THRESHOLDS ARE PRIOR-ONLY; NO E3 CONFIRMATION,2017-06-01,0.75
2017-06-30,2017-07-03,2026-08-21,7,"[""EUROPE_BANKS"", ""GLOBAL_AGRIBUSINESS"", ""GLOBAL_BIOTECHNOLOGY"", ""GLOBAL_INFRASTRUCTURE"", ""GLOBAL_OIL_GAS"", ""GLOBAL_SEMICONDUCTORS"", ""GLOBAL_WATER""]",7,EUROPE_BANKS;GLOBAL_SEMICONDUCTORS;GLOBAL_BIOTECHNOLOGY;GLOBAL_INFRASTRUCTURE;GLOBAL_AGRIBUSINESS;GLOBAL_WATER;GLOBAL_OIL_GAS,0.944444444444;0.89503968254;0.758134920635;0.447420634921;0.43373015873;0.363492063492;0.132738095238,0.04121145069838317,0.001054754372849409,0.04015669632553376,0.20098899345988297,0.002337889603099441,0.19865110385678353,0.10251820896060486,0.1204365079365079,0.841281820819169,6,6,0.27996446567522876,0.4279761904761904,0.04541676734057687,0.11235740642472009,0.4580524829617159,0.5009581266158606,0.8571428571428571,0.42857142857142855,0.8571428571428571,-0.0341244387427837,0.1526066397787696,-0.017708333333333326,0.7071428571428571,80,41,40,False,False,False,0.0,True,True,True,True,LEADERSHIP_STRONG,PRIOR_ONLY_THRESHOLDS_READY,R2_LEADERSHIP_RISK_ON,0.75,0.5,E2 DEVELOPMENTAL; A4F THRESHOLDS ARE PRIOR-ONLY; NO E3 CONFIRMATION,2017-07-03,0.75
2017-07-31,2017-08-01,2026-08-21,7,"[""EUROPE_BANKS"", ""GLOBAL_AGRIBUSINESS"", ""GLOBAL_BIOTECHNOLOGY"", ""GLOBAL_INFRASTRUCTURE"", ""GLOBAL_OIL_GAS"", ""GLOBAL_SEMICONDUCTORS"", ""GLOBAL_WATER""]",7,EUROPE_BANKS;GLOBAL_BIOTECHNOLOGY;GLOBAL_SEMICONDUCTORS;GLOBAL_AGRIBUSINESS;GLOBAL_INFRASTRUCTURE;GLOBAL_WATER;GLOBAL_OIL_GAS,0.983333333333;0.804563492063;0.740873015873;0.484523809524;0.407142857143;0.281547619048;0.221626984127,0.05534748231377562,0.0010523191961573364,0.054295163117618284,0.1663345086616601,0.0021277408465396608,0.16420676781512045,0.09349272817177831,0.07599206349206344,0.9285714285714288,7,6,0.2653379477297151,0.4283730158730159,0.06240538886915287,0.09372465067373725,0.427617226225233,0.4704195896089099,0.8571428571428571,0.2857142857142857,1.0,-0.023989737010904344,0.1521885344010831,-0.016294642857142883,0.7142857142857143,81,42,41,False,False,False,0.0,True,True,True,True,LEADERSHIP_STRONG,PRIOR_ONLY_THRESHOLDS_READY,R2_LEADERSHIP_RISK_ON,0.75,0.5,E2 DEVELOPMENTAL; A4F THRESHOLDS ARE PRIOR-ONLY; NO E3 CONFIRMATION,2017-08-01,0.75
2017-08-31,2017-09-01,2026-08-21,7,"[""EUROPE_BANKS"", ""GLOBAL_AGRIBUSINESS"", ""GLOBAL_BIOTECHNOLOGY"", ""GLOBAL_INFRASTRUCTURE"", ""GLOBAL_OIL_GAS"", ""GLOBAL_SEMICONDUCTORS"", ""GLOBAL_WATER""]",7,EUROPE_BANKS;GLOBAL_BIOTECHNOLOGY;GLOBAL_SEMICONDUCTORS;GLOBAL_INFRASTRUCTURE;GLOBAL_AGRIBUSINESS;GLOBAL_WATER;GLOBAL_OIL_GAS,0.811111111111;0.798412698413;0.765873015873;0.474603174603;0.419841269841;0.246031746032;0.11746031746,0.020175553517622014,0.001059991168350427,0.019115562349271586,0.20021578298397258,0.002106691872406641,0.19810909111156594,0.09911006947714526,0.04444444444444451,0.9642857142857145,7,6,0.25964149557270316,0.4492063492063492,0.07869801820662187,0.06407734347820676,0.4411998632518556,0.4596869175416731,0.8571428571428571,0.42857142857142855,1.0,-0.0010262989095571884,0.15183987521784698,-0.014880952380952439,0.7147822635100671,82,43,42,False,False,False,0.0,True,True,True,True,LEADERSHIP_STRONG,PRIOR_ONLY_THRESHOLDS_READY,R2_LEADERSHIP_RISK_ON,0.75,0.5,E2 DEVELOPMENTAL; A4F THRESHOLDS ARE PRIOR-ONLY; NO E3 CONFIRMATION,2017-09-01,0.75
2017-09-29,2017-10-02,2026-08-21,8,"[""EUROPE_BANKS"", ""GLOBAL_AGRIBUSINESS"", ""GLOBAL_BIOTECHNOLOGY"", ""GLOBAL_INFRASTRUCTURE"", ""GLOBAL_OIL_GAS"", ""GLOBAL_ROBOTICS_AUTOMATION"", ""GLOBAL_SEMICONDUCTORS"", ""GLOBAL_WATER""]",7,GLOBAL_ROBOTICS_AUTOMATION;EUROPE_BANKS;GLOBAL_BIOTECHNOLOGY;GLOBAL_AGRIBUSINESS;GLOBAL_OIL_GAS;GLOBAL_WATER;GLOBAL_SEMICONDUCTORS,0.908333333333;0.822222222222;0.688888888889;0.641666666667;0.513888888889;0.397222222222;0.383333333333,0.011369645690112007,0.001061562091439372,0.010308083598672635,0.1453810450666293,0.0021048289371314866,0.1432762161294978,0.09119369655250946,0.0444444444444444,0.42857142857142866,7,6,0.20151337148906248,0.3284722222222222,0.04253461648155432,0.09093763258205056,0.4533603430745508,0.45461218339074055,0.875,0.25,0.8571428571428571,-0.01860166773572758,0.15149121603461088,-0.014583333333333393,0.7152788127344198,83,44,43,False,False,False,0.0,True,False,True,True,LEADERSHIP_STRONG,PRIOR_ONLY_THRESHOLDS_READY,R2_LEADERSHIP_RISK_ON,0.75,0.5,E2 DEVELOPMENTAL; A4F THRESHOLDS ARE PRIOR-ONLY; NO E3 CONFIRMATION,2017-10-02,0.75
2017-10-31,2017-11-01,2026-08-21,8,"[""EUROPE_BANKS"", ""GLOBAL_AGRIBUSINESS"", ""GLOBAL_BIOTECHNOLOGY"", ""GLOBAL_INFRASTRUCTURE"", ""GLOBAL_OIL_GAS"", ""GLOBAL_ROBOTICS_AUTOMATION"", ""GLOBAL_SEMICONDUCTORS"", ""GLOBAL_WATER""]",7,GLOBAL_ROBOTICS_AUTOMATION;GLOBAL_SEMICONDUCTORS;GLOBAL_AGRIBUSINESS;GLOBAL_OIL_GAS;EUROPE_BANKS;GLOBAL_WATER;GLOBAL_BIOTECHNOLOGY,0.972222222222;0.738888888889;0.711111111111;0.552777777778;0.530555555556;0.452777777778;0.419444444444,0.0612052730696806,0.0010458649581082113,0.06015940811157239,0.13953488372093292,0.002107194232908949,0.13742768948802397,0.10261139999594437,0.08373015873015854,0.38095238095238104,8,6,0.185722022800438,0.27361111111111114,0.05267744403559632,0.06605583320226721,0.47485774473552017,0.4635333208267755,0.875,0.375,1.0,-0.00891959798994979,0.1511425568513748,-0.014285714285714346,0.7147822635100671,84,45,44,False,False,False,0.0,True,False,True,True,LEADERSHIP_STRONG,PRIOR_ONLY_THRESHOLDS_READY,R2_LEADERSHIP_RISK_ON,0.75,0.5,E2 DEVELOPMENTAL; A4F THRESHOLDS ARE PRIOR-ONLY; NO E3 CONFIRMATION,2017-11-01,0.75
2017-11-30,2017-12-01,2026-08-21,8,"[""EUROPE_BANKS"", ""GLOBAL_AGRIBUSINESS"", ""GLOBAL_BIOTECHNOLOGY"", ""GLOBAL_INFRASTRUCTURE"", ""GLOBAL_OIL_GAS"", ""GLOBAL_ROBOTICS_AUTOMATION"", ""GLOBAL_SEMICONDUCTORS"", ""GLOBAL_WATER""]",7,GLOBAL_ROBOTICS_AUTOMATION;GLOBAL_AGRIBUSINESS;GLOBAL_OIL_GAS;GLOBAL_WATER;EUROPE_BANKS;GLOBAL_SEMICONDUCTORS;GLOBAL_INFRASTRUCTURE,0.961111111111;0.736111111111;0.686111111111;0.6;0.569444444444;0.472222222222;0.425,0.033025091974797416,0.0012182004705236782,0.03180689150427374,0.1475715140923599,0.002298849224436683,0.14527266486792323,0.10006687508434141,0.050992063492063644,0.7142857142857144,8,6,0.1835528462774228,0.23819444444444443,0.07406262296037508,0.036142646164481984,0.465690136798307,0.44750512079142,0.875,0.375,0.8571428571428571,-0.019082911792769885,0.15079389766813867,-0.005133928571428581,0.7142857142857143,85,46,45,False,False,False,0.0,True,True,True,True,LEADERSHIP_STRONG,PRIOR_ONLY_THRESHOLDS_READY,R2_LEADERSHIP_RISK_ON,0.75,0.5,E2 DEVELOPMENTAL; A4F THRESHOLDS ARE PRIOR-ONLY; NO E3 CONFIRMATION,2017-12-01,0.75
2017-12-29,2018-01-02,2026-08-21,8,"[""EUROPE_BANKS"", ""GLOBAL_AGRIBUSINESS"", ""GLOBAL_BIOTECHNOLOGY"", ""GLOBAL_INFRASTRUCTURE"", ""GLOBAL_OIL_GAS"", ""GLOBAL_ROBOTICS_AUTOMATION"", ""GLOBAL_SEMICONDUCTORS"", ""GLOBAL_WATER""]",7,GLOBAL_ROBOTICS_AUTOMATION;GLOBAL_OIL_GAS;GLOBAL_WATER;GLOBAL_AGRIBUSINESS;GLOBAL_SEMICONDUCTORS;GLOBAL_BIOTECHNOLOGY;EUROPE_BANKS,0.833333333333;0.791666666667;0.688888888889;0.675;0.461111111111;0.452777777778;0.313888888889,0.05684757503371762,0.001430808111333448,0.055416766922384175,0.11383589034950958,0.0024971423409574367,0.11133874800855215,0.0987912373562147,0.034325396825396814,0.8095238095238096,8,6,0.19420496165039047,0.2965277777777778,0.06974643236320635,0.10737922195026056,0.4650478146910403,0.4833340820606045,0.875,0.375,0.8571428571428571,-0.004075583549462802,0.15075180318798115,0.004017857142857184,0.7142857142857144,86,47,46,False,False,False,0.0,True,True,True,True,LEADERSHIP_STRONG,PRIOR_ONLY_THRESHOLDS_READY,R2_LEADERSHIP_RISK_ON,0.75,0.5,E2 DEVELOPMENTAL; A4F THRESHOLDS ARE PRIOR-ONLY; NO E3 CONFIRMATION,2018-01-02,0.75
2018-01-31,2018-02-01,2026-08-21,8,"[""EUROPE_BANKS"", ""GLOBAL_AGRIBUSINESS"", ""GLOBAL_BIOTECHNOLOGY"", ""GLOBAL_INFRASTRUCTURE"", ""GLOBAL_OIL_GAS"", ""GLOBAL_ROBOTICS_AUTOMATION"", ""GLOBAL_SEMICONDUCTORS"", ""GLOBAL_WATER""]",7,GLOBAL_ROBOTICS_AUTOMATION;EUROPE_BANKS;GLOBAL_OIL_GAS;GLOBAL_BIOTECHNOLOGY;GLOBAL_AGRIBUSINESS;GLOBAL_SEMICONDUCTORS;GLOBAL_WATER,0.938888888889;0.747222222222;0.652777777778;0.641666666667;0.541666666667;0.5;0.5,0.05242844697466609,0.0016688986122466165,0.05075954836241947,0.11634110569782496,0.002722757447379154,0.11361834825044581,0.10093508645791986,0.054365079365079394,0.45509797952703834,8,6,0.21640720754011092,0.17638888888888893,0.0405623439796127,0.04481247692428558,0.49887971396169,0.5223895519606413,0.75,0.375,1.0,-0.02703685741998063,0.15070970870782366,0.0070089285714285965,0.7142857142857144,87,48,47,False,False,False,0.0,True,False,True,True,LEADERSHIP_STRONG,PRIOR_ONLY_THRESHOLDS_READY,R2_LEADERSHIP_RISK_ON,0.75,0.5,E2 DEVELOPMENTAL; A4F THRESHOLDS ARE PRIOR-ONLY; NO E3 CONFIRMATION,2018-02-01,0.75
2018-02-28,2018-03-01,2026-08-21,9,"[""EUROPE_BANKS"", ""GLOBAL_AGRIBUSINESS"", ""GLOBAL_BIOTECHNOLOGY"", ""GLOBAL_GOLD_MINERS"", ""GLOBAL_INFRASTRUCTURE"", ""GLOBAL_OIL_GAS"", ""GLOBAL_ROBOTICS_AUTOMATION"", ""GLOBAL_SEMICONDUCTORS"", ""GLOBAL_WATER""]",7,GLOBAL_ROBOTICS_AUTOMATION;EUROPE_BANKS;GLOBAL_AGRIBUSINESS;GLOBAL_SEMICONDUCTORS;GLOBAL_BIOTECHNOLOGY;GLOBAL_OIL_GAS;GLOBAL_WATER,0.926262626263;0.736363636364;0.688888888889;0.607575757576;0.588383838384;0.529292929293;0.484343434343,0.021766294744077763,0.0018547836294100506,0.019911511114667713,0.04238099530618933,0.0029167408520267557,0.03946425445416257,0.1558548901494946,0.06320346320346326,0.7545045450053531,8,4,0.2251513414388473,0.20454545454545459,0.019308317847649525,0.10726666167362953,0.5084315390424403,0.5493846585914895,0.4444444444444444,0.3333333333333333,1.0,-0.03188651794374431,0.15066761422766617,0.010000000000000009,0.7142857142857144,88,49,48,False,False,True,1.0,True,True,False,True,LEADERSHIP_STRONG,PRIOR_ONLY_THRESHOLDS_READY,R2_LEADERSHIP_RISK_ON,0.75,0.5,E2 DEVELOPMENTAL; A4F THRESHOLDS ARE PRIOR-ONLY; NO E3 CONFIRMATION,2018-03-01,0.75
2018-03-29,2018-04-03,2026-08-21,9,"[""EUROPE_BANKS"", ""GLOBAL_AGRIBUSINESS"", ""GLOBAL_BIOTECHNOLOGY"", ""GLOBAL_GOLD_MINERS"", ""GLOBAL_INFRASTRUCTURE"", ""GLOBAL_OIL_GAS"", ""GLOBAL_ROBOTICS_AUTOMATION"", ""GLOBAL_SEMICONDUCTORS"", ""GLOBAL_WATER""]",7,GLOBAL_SEMICONDUCTORS;GLOBAL_ROBOTICS_AUTOMATION;GLOBAL_OIL_GAS;GLOBAL_AGRIBUSINESS;GLOBAL_INFRASTRUCTURE;GLOBAL_BIOTECHNOLOGY;EUROPE_BANKS,0.944444444444;0.908585858586;0.60303030303;0.525757575758;0.520202020202;0.464141414141;0.439393939394,-0.008649766056174735,0.002054388349471692,-0.010704154405646427,0.002621534858576302,0.003118131301703686,-0.0004965964431273839,0.18131032971563343,0.10916305916305902,0.5333333333333333,9,3,0.21966981268484514,0.16363636363636352,0.03482365112500507,0.08104421612679036,0.5306811006303391,0.5893763986239475,0.3333333333333333,0.3333333333333333,0.8571428571428571,-0.07723084384093215,0.15079389766813867,0.010803571428571468,0.7142857142857144,89,50,49,True,True,True,3.0,True,False,False,False,LEADERSHIP_WEAK,PRIOR_ONLY_THRESHOLDS_READY,R4_CAPITAL_PRESERVATION,0.75,0.5,E2 DEVELOPMENTAL; A4F THRESHOLDS ARE PRIOR-ONLY; NO E3 CONFIRMATION,2018-04-03,0.75
2018-04-30,2018-05-01,2026-08-21,9,"[""EUROPE_BANKS"", ""GLOBAL_AGRIBUSINESS"", ""GLOBAL_BIOTECHNOLOGY"", ""GLOBAL_GOLD_MINERS"", ""GLOBAL_INFRASTRUCTURE"", ""GLOBAL_OIL_GAS"", ""GLOBAL_ROBOTICS_AUTOMATION"", ""GLOBAL_SEMICONDUCTORS"", ""GLOBAL_WATER""]",7,GLOBAL_OIL_GAS;GLOBAL_ROBOTICS_AUTOMATION;GLOBAL_AGRIBUSINESS;GLOBAL_SEMICONDUCTORS;GLOBAL_INFRASTRUCTURE;EUROPE_BANKS;GLOBAL_WATER,0.977777777778;0.616666666667;0.601515151515;0.575252525253;0.565151515152;0.517171717172;0.430808080808,-0.009328190709650186,0.0022964572588715093,-0.011624647968521695,0.06405985723265295,0.003332812297843324,0.060727044934809626,0.1943262260802275,0.04689754689754688,0.7833333333333333,9,5,0.179315453604832,0.17070707070707064,0.04074591450872378,0.01338511682522081,0.5408366063121585,0.6036631191493356,0.5555555555555556,0.2222222222222222,0.8571428571428571,-0.040494665373425054,0.15183987521784698,0.011607142857142927,0.7142857142857144,90,51,50,True,False,True,2.0,True,True,True,True,LEADERSHIP_STRONG,PRIOR_ONLY_THRESHOLDS_READY,R3_ISOLATED_LEADERSHIP,0.75,0.5,E2 DEVELOPMENTAL; A4F THRESHOLDS ARE PRIOR-ONLY; NO E3 CONFIRMATION,2018-05-01,0.75
2018-05-31,2018-06-01,2026-08-21,9,"[""EUROPE_BANKS"", ""GLOBAL_AGRIBUSINESS"", ""GLOBAL_BIOTECHNOLOGY"", ""GLOBAL_GOLD_MINERS"", ""GLOBAL_INFRASTRUCTURE"", ""GLOBAL_OIL_GAS"", ""GLOBAL_ROBOTICS_AUTOMATION"", ""GLOBAL_SEMICONDUCTORS"", ""GLOBAL_WATER""]",7,GLOBAL_OIL_GAS;GLOBAL_BIOTECHNOLOGY;GLOBAL_SEMICONDUCTORS;GLOBAL_AGRIBUSINESS;GLOBAL_ROBOTICS_AUTOMATION;GLOBAL_INFRASTRUCTURE;GLOBAL_GOLD_MINERS,0.990909090909;0.781313131313;0.616666666667;0.588383838384;0.571717171717;0.557070707071;0.433838383838,0.036237373737372236,0.0023307825332188337,0.0339065912041534,0.07885245560643317,0.0035428615877912684,0.0753095940186419,0.15798871162412625,0.07683982683982693,0.39999999999999997,9,5,0.23660380902683903,0.18282828282828284,0.05042014003393658,0.026352599829001733,0.529997513636756,0.6094960073375605,0.5555555555555556,0.3333333333333333,0.7142857142857143,-0.00845717047239336,0.1530247451564561,0.012053571428571497,0.7142857142857144,91,52,51,False,False,True,1.0,True,False,True,True,LEADERSHIP_STRONG,PRIOR_ONLY_THRESHOLDS_READY,R2_LEADERSHIP_RISK_ON,0.75,0.5,E2 DEVELOPMENTAL; A4F THRESHOLDS ARE PRIOR-ONLY; NO E3 CONFIRMATION,2018-06-01,0.75
2018-06-29,2018-07-02,2026-08-21,8,"[""EUROPE_BANKS"", ""GLOBAL_AGRIBUSINESS"", ""GLOBAL_BIOTECHNOLOGY"", ""GLOBAL_GOLD_MINERS"", ""GLOBAL_INFRASTRUCTURE"", ""GLOBAL_OIL_GAS"", ""GLOBAL_ROBOTICS_AUTOMATION"", ""GLOBAL_SEMICONDUCTORS""]",7,GLOBAL_OIL_GAS;GLOBAL_BIOTECHNOLOGY;GLOBAL_SEMICONDUCTORS;GLOBAL_INFRASTRUCTURE;GLOBAL_AGRIBUSINESS;GLOBAL_ROBOTICS_AUTOMATION;GLOBAL_GOLD_MINERS,1;0.765;0.7225;0.6375;0.5025;0.43;0.36,0.02778466881666919,0.002295011543472114,0.025489657273197075,0.09661569787567759,0.003732293890107874,0.09288340398556971,0.13579756654111919,0.061071428571428665,0.9285874942379881,8,5,0.24622144504490262,0.320625,0.07778262314377288,0.08083248784777913,0.4828027249458596,0.5778102441836017,0.625,0.25,1.0,-0.008495871724303328,0.1539571834575586,0.012500000000000067,0.7142857142857144,92,53,52,False,False,False,0.0,True,True,True,True,LEADERSHIP_STRONG,PRIOR_ONLY_THRESHOLDS_READY,R2_LEADERSHIP_RISK_ON,0.75,0.5,E2 DEVELOPMENTAL; A4F THRESHOLDS ARE PRIOR-ONLY; NO E3 CONFIRMATION,2018-07-02,0.75
2018-07-31,2018-08-01,2026-08-21,9,"[""EUROPE_BANKS"", ""GLOBAL_AGRIBUSINESS"", ""GLOBAL_BIOTECHNOLOGY"", ""GLOBAL_GOLD_MINERS"", ""GLOBAL_INFRASTRUCTURE"", ""GLOBAL_OIL_GAS"", ""GLOBAL_ROBOTICS_AUTOMATION"", ""GLOBAL_SEMICONDUCTORS"", ""GLOBAL_WATER""]",7,GLOBAL_BIOTECHNOLOGY;GLOBAL_OIL_GAS;GLOBAL_SEMICONDUCTORS;GLOBAL_INFRASTRUCTURE;GLOBAL_AGRIBUSINESS;GLOBAL_ROBOTICS_AUTOMATION;GLOBAL_WATER,0.842424242424;0.836363636364;0.832828282828;0.734343434343;0.542929292929;0.518686868687;0.380303030303,0.05859809617999567,0.002279310275662194,0.05631878590433348,0.12062394532111931,0.003945126668695842,0.11667881865242347,0.09719133104523617,0.12676767676767664,0.9527669745351734,8,6,0.2418008961246076,0.4525252525252525,0.07101923104398988,0.1212464298077216,0.5272774971002465,0.6155940356084887,0.6666666666666666,0.2222222222222222,0.8571428571428571,-0.0038389948813404295,0.1538609559118291,0.013472222222222219,0.7142857142857144,93,54,53,False,False,False,0.0,True,True,True,True,LEADERSHIP_STRONG,PRIOR_ONLY_THRESHOLDS_READY,R2_LEADERSHIP_RISK_ON,0.75,0.5,E2 DEVELOPMENTAL; A4F THRESHOLDS ARE PRIOR-ONLY; NO E3 CONFIRMATION,2018-08-01,0.75
2018-08-31,2018-09-03,2026-08-21,9,"[""EUROPE_BANKS"", ""GLOBAL_AGRIBUSINESS"", ""GLOBAL_BIOTECHNOLOGY"", ""GLOBAL_GOLD_MINERS"", ""GLOBAL_INFRASTRUCTURE"", ""GLOBAL_OIL_GAS"", ""GLOBAL_ROBOTICS_AUTOMATION"", ""GLOBAL_SEMICONDUCTORS"", ""GLOBAL_WATER""]",7,GLOBAL_BIOTECHNOLOGY;GLOBAL_SEMICONDUCTORS;GLOBAL_OIL_GAS;GLOBAL_ROBOTICS_AUTOMATION;GLOBAL_INFRASTRUCTURE;GLOBAL_AGRIBUSINESS;GLOBAL_WATER,0.928282828283;0.769696969697;0.75;0.668686868687;0.666161616162;0.547474747475;0.421212121212,0.10590914842464771,0.0024804886477096666,0.10342865977693805,0.12168970153150327,0.004346737301709869,0.1173429642297934,0.08702772476320987,0.012626262626262541,0.9333333333333332,9,5,0.2598634134311807,0.3287878787878788,0.06542507240535533,0.17236319825877866,0.4539297905549737,0.4983239826206123,0.5555555555555556,0.2222222222222222,1.0,-0.01298701298701288,0.1534428505341426,0.014444444444444371,0.7147822635100671,94,55,54,False,False,False,0.0,False,True,True,True,LEADERSHIP_STRONG,PRIOR_ONLY_THRESHOLDS_READY,R2_LEADERSHIP_RISK_ON,0.75,0.5,E2 DEVELOPMENTAL; A4F THRESHOLDS ARE PRIOR-ONLY; NO E3 CONFIRMATION,2018-09-03,0.75
2018-09-28,2018-10-01,2026-08-21,9,"[""EUROPE_BANKS"", ""GLOBAL_AGRIBUSINESS"", ""GLOBAL_BIOTECHNOLOGY"", ""GLOBAL_GOLD_MINERS"", ""GLOBAL_INFRASTRUCTURE"", ""GLOBAL_OIL_GAS"", ""GLOBAL_ROBOTICS_AUTOMATION"", ""GLOBAL_SEMICONDUCTORS"", ""GLOBAL_WATER""]",7,GLOBAL_OIL_GAS;GLOBAL_BIOTECHNOLOGY;GLOBAL_SEMICONDUCTORS;GLOBAL_AGRIBUSINESS;GLOBAL_INFRASTRUCTURE;GLOBAL_ROBOTICS_AUTOMATION;GLOBAL_WATER,0.927272727273;0.882828282828;0.79595959596;0.711111111111;0.552525252525;0.415151515152;0.40303030303,0.15359348311654109,0.002661655442518951,0.15093182767402213,0.14361516936365515,0.004721511865922068,0.13889365749773308,0.08626098005716729,0.11717171717171726,0.8833333333333333,9,6,0.266311874989454,0.39292929292929296,0.06560217870331442,0.11988903912292637,0.4215852836162439,0.45901045768383203,0.6666666666666666,0.2222222222222222,1.0,-0.008469791078486888,0.1530247451564561,0.013535353535353456,0.7152788127344198,95,56,55,False,False,False,0.0,True,True,True,True,LEADERSHIP_STRONG,PRIOR_ONLY_THRESHOLDS_READY,R2_LEADERSHIP_RISK_ON,0.75,0.5,E2 DEVELOPMENTAL; A4F THRESHOLDS ARE PRIOR-ONLY; NO E3 CONFIRMATION,2018-10-01,0.75
2018-10-31,2018-11-01,2026-08-21,9,"[""EUROPE_BANKS"", ""GLOBAL_AGRIBUSINESS"", ""GLOBAL_BIOTECHNOLOGY"", ""GLOBAL_GOLD_MINERS"", ""GLOBAL_INFRASTRUCTURE"", ""GLOBAL_OIL_GAS"", ""GLOBAL_ROBOTICS_AUTOMATION"", ""GLOBAL_SEMICONDUCTORS"", ""GLOBAL_WATER""]",7,GLOBAL_INFRASTRUCTURE;GLOBAL_AGRIBUSINESS;GLOBAL_BIOTECHNOLOGY;GLOBAL_WATER;GLOBAL_SEMICONDUCTORS;GLOBAL_OIL_GAS;GLOBAL_GOLD_MINERS,0.905555555556;0.783333333333;0.64595959596;0.611616161616;0.583838383838;0.559090909091;0.508080808081,0.05595828564161254,0.0028545805358668463,0.05310370510574569,0.044879881353379725,0.00516544437005928,0.039714436983320445,0.12284807767277836,0.07294372294372298,0.43333333333333335,9,3,0.21545993606526176,0.13787878787878793,0.05796402452610916,0.14069025494339693,0.3814951517135458,0.4395819033567134,0.3333333333333333,0.1111111111111111,0.8571428571428571,-0.06233766233766225,0.1526066397787696,0.014444444444444371,0.7257454361742859,96,57,56,False,False,False,0.0,True,False,False,False,LEADERSHIP_WEAK,PRIOR_ONLY_THRESHOLDS_READY,R1_BROAD_RISK_ON,0.75,0.5,E2 DEVELOPMENTAL; A4F THRESHOLDS ARE PRIOR-ONLY; NO E3 CONFIRMATION,2018-11-01,0.75
2018-11-30,2018-12-03,2026-08-21,9,"[""EUROPE_BANKS"", ""GLOBAL_AGRIBUSINESS"", ""GLOBAL_BIOTECHNOLOGY"", ""GLOBAL_GOLD_MINERS"", ""GLOBAL_INFRASTRUCTURE"", ""GLOBAL_OIL_GAS"", ""GLOBAL_ROBOTICS_AUTOMATION"", ""GLOBAL_SEMICONDUCTORS"", ""GLOBAL_WATER""]",7,GLOBAL_INFRASTRUCTURE;GLOBAL_AGRIBUSINESS;GLOBAL_BIOTECHNOLOGY;GLOBAL_GOLD_MINERS;GLOBAL_WATER;GLOBAL_SEMICONDUCTORS;GLOBAL_ROBOTICS_AUTOMATION,0.941414141414;0.751515151515;0.677272727273;0.617171717172;0.55303030303;0.505555555556;0.361616161616,0.008831357367530046,0.0030082665268997832,0.005823090840630263,0.06419091373149421,0.0053698186285422445,0.05882109510295197,0.14077258150242666,0.0766233766233767,0.8166666666666667,9,4,0.22201474857197637,0.31565656565656564,0.09075996855453194,0.13309431814915673,0.41491045494718787,0.4579492460652956,0.4444444444444444,0.1111111111111111,0.8571428571428571,-0.05827216261998858,0.1521885344010831,0.014960317460317396,0.7152788127344198,97,58,57,False,False,False,0.0,True,True,False,True,LEADERSHIP_STRONG,PRIOR_ONLY_THRESHOLDS_READY,R2_LEADERSHIP_RISK_ON,0.75,0.5,E2 DEVELOPMENTAL; A4F THRESHOLDS ARE PRIOR-ONLY; NO E3 CONFIRMATION,2018-12-03,0.75
2018-12-31,2019-01-02,2026-08-21,9,"[""EUROPE_BANKS"", ""GLOBAL_AGRIBUSINESS"", ""GLOBAL_BIOTECHNOLOGY"", ""GLOBAL_GOLD_MINERS"", ""GLOBAL_INFRASTRUCTURE"", ""GLOBAL_OIL_GAS"", ""GLOBAL_ROBOTICS_AUTOMATION"", ""GLOBAL_SEMICONDUCTORS"", ""GLOBAL_WATER""]",7,GLOBAL_INFRASTRUCTURE;GLOBAL_GOLD_MINERS;GLOBAL_SEMICONDUCTORS;GLOBAL_AGRIBUSINESS;GLOBAL_WATER;GLOBAL_ROBOTICS_AUTOMATION;GLOBAL_BIOTECHNOLOGY,0.931818181818;0.906060606061;0.832323232323;0.656565656566;0.516666666667;0.438888888889;0.405555555556,-0.0603124621533242,0.003272045695968284,-0.06358450784929248,-0.03127536050939628,0.005565135138504873,-0.03684049564790115,0.18308836114411542,0.15303030303030318,0.7166666666666667,9,2,0.27853829163476296,0.4267676767676768,0.08223568696756856,0.11525392354426578,0.4778813732806823,0.5661308292755728,0.2222222222222222,0.2222222222222222,1.0,-0.12377188029361919,0.15183987521784698,0.015476190476190421,0.7257454361742859,98,59,58,True,True,True,3.0,True,False,False,False,LEADERSHIP_WEAK,PRIOR_ONLY_THRESHOLDS_READY,R4_CAPITAL_PRESERVATION,0.75,0.5,E2 DEVELOPMENTAL; A4F THRESHOLDS ARE PRIOR-ONLY; NO E3 CONFIRMATION,2019-01-02,0.75
2019-01-31,2019-02-01,2026-08-21,10,"[""EUROPE_BANKS"", ""GLOBAL_AGRIBUSINESS"", ""GLOBAL_BATTERY_EV"", ""GLOBAL_BIOTECHNOLOGY"", ""GLOBAL_GOLD_MINERS"", ""GLOBAL_INFRASTRUCTURE"", ""GLOBAL_OIL_GAS"", ""GLOBAL_ROBOTICS_AUTOMATION"", ""GLOBAL_SEMICONDUCTORS"", ""GLOBAL_TRANSPORTATION""]",7,GLOBAL_GOLD_MINERS;GLOBAL_INFRASTRUCTURE;GLOBAL_BIOTECHNOLOGY;GLOBAL_ROBOTICS_AUTOMATION;GLOBAL_AGRIBUSINESS;GLOBAL_SEMICONDUCTORS;GLOBAL_TRANSPORTATION,0.887272727273;0.825454545455;0.78;0.606818181818;0.574545454545;0.568181818182;0.467727272727,-0.054050898902638034,0.003496497338394189,-0.05754739624103222,0.013001625203148848,0.005783036605107927,0.00721858859804092,0.17863690505905316,0.10149350649350664,0.7302967433402215,8,4,0.23132719841659938,0.3712500000000001,0.055387373148885755,0.06881659755473968,0.533739725400485,0.6004867908032453,0.4,0.3,0.8571428571428571,-0.08492377188029365,0.1530247451564561,0.019717261904761862,0.7166666666666667,99,60,59,True,False,True,2.0,True,True,False,True,LEADERSHIP_STRONG,PRIOR_ONLY_THRESHOLDS_READY,R3_ISOLATED_LEADERSHIP,0.75,0.5,E2 DEVELOPMENTAL; A4F THRESHOLDS ARE PRIOR-ONLY; NO E3 CONFIRMATION,2019-02-01,0.75
2019-02-28,2019-03-01,2026-08-21,10,"[""EUROPE_BANKS"", ""GLOBAL_AGRIBUSINESS"", ""GLOBAL_BATTERY_EV"", ""GLOBAL_BIOTECHNOLOGY"", ""GLOBAL_GOLD_MINERS"", ""GLOBAL_INFRASTRUCTURE"", ""GLOBAL_OIL_GAS"", ""GLOBAL_ROBOTICS_AUTOMATION"", ""GLOBAL_SEMICONDUCTORS"", ""GLOBAL_TRANSPORTATION""]",7,GLOBAL_GOLD_MINERS;GLOBAL_INFRASTRUCTURE;GLOBAL_BIOTECHNOLOGY;GLOBAL_ROBOTICS_AUTOMATION;GLOBAL_TRANSPORTATION;GLOBAL_AGRIBUSINESS;GLOBAL_BATTERY_EV,0.773939393939;0.763181818182;0.713333333333;0.69303030303;0.471060606061;0.459242424242;0.446212121212,-0.052745995423341574,0.003479781929973891,-0.056225777353315465,0.04757686954320972,0.005968902137257315,0.041607967405952406,0.17632537519099487,0.15199134199134207,0.8787878787878788,10,3,0.1679525771812335,0.26636363636363625,0.05926348776485743,0.04683274569940979,0.5381844090218392,0.6197171965091538,0.4,0.3,0.8571428571428571,-0.06504799548277862,0.1539571834575586,0.023958333333333304,0.7234817050034441,100,61,60,True,False,True,2.0,True,True,False,True,LEADERSHIP_STRONG,PRIOR_ONLY_THRESHOLDS_READY,R3_ISOLATED_LEADERSHIP,0.75,0.5,E2 DEVELOPMENTAL; A4F THRESHOLDS ARE PRIOR-ONLY; NO E3 CONFIRMATION,2019-03-01,0.75
2019-03-29,2019-04-01,2026-08-21,11,"[""EUROPE_BANKS"", ""GLOBAL_AGRIBUSINESS"", ""GLOBAL_BATTERY_EV"", ""GLOBAL_BIOTECHNOLOGY"", ""GLOBAL_GOLD_MINERS"", ""GLOBAL_INFRASTRUCTURE"", ""GLOBAL_OIL_GAS"", ""GLOBAL_ROBOTICS_AUTOMATION"", ""GLOBAL_SEMICONDUCTORS"", ""GLOBAL_TRANSPORTATION"", ""GLOBAL_WATER""]",7,GLOBAL_INFRASTRUCTURE;GLOBAL_TRANSPORTATION;GLOBAL_ROBOTICS_AUTOMATION;GLOBAL_GOLD_MINERS;GLOBAL_BIOTECHNOLOGY;GLOBAL_WATER;GLOBAL_SEMICONDUCTORS,0.816317016317;0.802942890443;0.722727272727;0.673892773893;0.610780885781;0.551777389277;0.541520979021,-0.030199818346957952,0.0034445529350262127,-0.033644371281984164,0.13635758946388044,0.0061117755811006536,0.13024581388277978,0.1411410870687177,0.12250249750249753,0.7558039887573283,10,7,0.20865492238015268,0.21496212121212122,0.07604896215480084,0.08207877312349665,0.5726922089260327,0.6418489244017441,0.8181818181818182,0.18181818181818182,0.7142857142857143,-0.035347261434218624,0.15424586609474714,0.026264880952380942,0.7302967433402215,101,62,61,True,False,False,1.0,True,True,True,True,LEADERSHIP_STRONG,PRIOR_ONLY_THRESHOLDS_READY,R2_LEADERSHIP_RISK_ON,0.75,0.5,E2 DEVELOPMENTAL; A4F THRESHOLDS ARE PRIOR-ONLY; NO E3 CONFIRMATION,2019-04-01,0.75
2019-04-30,2019-05-01,2026-08-21,11,"[""EUROPE_BANKS"", ""GLOBAL_AGRIBUSINESS"", ""GLOBAL_BATTERY_EV"", ""GLOBAL_BIOTECHNOLOGY"", ""GLOBAL_GOLD_MINERS"", ""GLOBAL_INFRASTRUCTURE"", ""GLOBAL_OIL_GAS"", ""GLOBAL_ROBOTICS_AUTOMATION"", ""GLOBAL_SEMICONDUCTORS"", ""GLOBAL_TRANSPORTATION"", ""GLOBAL_WATER""]",7,GLOBAL_ROBOTICS_AUTOMATION;GLOBAL_TRANSPORTATION;GLOBAL_SEMICONDUCTORS;GLOBAL_INFRASTRUCTURE;GLOBAL_WATER;GLOBAL_AGRIBUSINESS;EUROPE_BANKS,0.936713286713;0.82027972028;0.808041958042;0.622027972028;0.523776223776;0.43951048951;0.4,0.08270953491225908,0.0035272023376820005,0.07918233257457707,0.11669408935577708,0.006378111496061267,0.11031597785971581,0.12275160425456944,0.2105394605394605,0.43636363636363645,11,6,0.22603693557047772,0.3783216783216783,0.06333809449513117,0.10709220619975046,0.56636185898439,0.6207785561112318,0.6363636363636364,0.18181818181818182,0.7142857142857143,-0.010430686406460166,0.15414963854901764,0.02857142857142858,0.7332544014771867,102,63,62,False,False,False,0.0,True,False,True,True,LEADERSHIP_STRONG,PRIOR_ONLY_THRESHOLDS_READY,R2_LEADERSHIP_RISK_ON,0.75,0.5,E2 DEVELOPMENTAL; A4F THRESHOLDS ARE PRIOR-ONLY; NO E3 CONFIRMATION,2019-05-01,0.75
2019-05-31,2019-06-03,2026-08-21,9,"[""EUROPE_BANKS"", ""GLOBAL_AGRIBUSINESS"", ""GLOBAL_BATTERY_EV"", ""GLOBAL_BIOTECHNOLOGY"", ""GLOBAL_GOLD_MINERS"", ""GLOBAL_INFRASTRUCTURE"", ""GLOBAL_OIL_GAS"", ""GLOBAL_ROBOTICS_AUTOMATION"", ""GLOBAL_TRANSPORTATION""]",7,GLOBAL_INFRASTRUCTURE;GLOBAL_GOLD_MINERS;GLOBAL_TRANSPORTATION;GLOBAL_AGRIBUSINESS;GLOBAL_ROBOTICS_AUTOMATION;GLOBAL_BIOTECHNOLOGY;GLOBAL_BATTERY_EV,0.943939393939;0.855050505051;0.679292929293;0.626767676768;0.508585858586;0.398484848485;0.278787878788,0.05237515225334932,0.0035722386017782437,0.04880291365157108,0.05173463177115045,0.006595818807817233,0.04513881296333322,0.12924392551782604,0.10440115440115427,0.3256563160743163,9,2,0.2533199616273493,0.40050505050505053,0.0566197134366454,0.12887639674746776,0.5352034972359391,0.6236563880429326,0.2222222222222222,0.1111111111111111,0.5714285714285714,-0.030955585464333413,0.15405341100328812,0.028869047619047628,0.7302967433402215,103,64,63,False,False,False,0.0,True,False,False,False,LEADERSHIP_WEAK,PRIOR_ONLY_THRESHOLDS_READY,R1_BROAD_RISK_ON,0.75,0.5,E2 DEVELOPMENTAL; A4F THRESHOLDS ARE PRIOR-ONLY; NO E3 CONFIRMATION,2019-06-03,0.75
2019-06-28,2019-07-01,2026-08-21,10,"[""EUROPE_BANKS"", ""GLOBAL_AGRIBUSINESS"", ""GLOBAL_BATTERY_EV"", ""GLOBAL_BIOTECHNOLOGY"", ""GLOBAL_GOLD_MINERS"", ""GLOBAL_INFRASTRUCTURE"", ""GLOBAL_OIL_GAS"", ""GLOBAL_ROBOTICS_AUTOMATION"", ""GLOBAL_TRANSPORTATION"", ""GLOBAL_WATER""]",7,GLOBAL_GOLD_MINERS;GLOBAL_WATER;GLOBAL_ROBOTICS_AUTOMATION;GLOBAL_TRANSPORTATION;GLOBAL_INFRASTRUCTURE;GLOBAL_AGRIBUSINESS;GLOBAL_BIOTECHNOLOGY,0.945454545455;0.73196969697;0.7075;0.665227272727;0.658409090909;0.632424242424;0.46553030303,0.19568931528453115,0.0035384013886401444,0.192150913895891,0.09799662080617888,0.006793301283396946,0.09120331952278193,0.11088986106763496,0.041228354978354864,0.824376597310688,9,6,0.2470647126204433,0.3383901515151515,0.03901739843316909,0.10575751088070529,0.4987304007832406,0.5328751108402481,0.6,0.2,0.8571428571428571,-0.0038322566517026146,0.1539571834575586,0.029166666666666674,0.7234817050034441,104,65,64,False,False,False,0.0,True,True,True,True,LEADERSHIP_STRONG,PRIOR_ONLY_THRESHOLDS_READY,R2_LEADERSHIP_RISK_ON,0.75,0.5,E2 DEVELOPMENTAL; A4F THRESHOLDS ARE PRIOR-ONLY; NO E3 CONFIRMATION,2019-07-01,0.75
2019-07-31,2019-08-01,2026-08-21,11,"[""EUROPE_BANKS"", ""GLOBAL_AGRIBUSINESS"", ""GLOBAL_BATTERY_EV"", ""GLOBAL_BIOTECHNOLOGY"", ""GLOBAL_GOLD_MINERS"", ""GLOBAL_INFRASTRUCTURE"", ""GLOBAL_OIL_GAS"", ""GLOBAL_ROBOTICS_AUTOMATION"", ""GLOBAL_SEMICONDUCTORS"", ""GLOBAL_TRANSPORTATION"", ""GLOBAL_WATER""]",7,GLOBAL_GOLD_MINERS;GLOBAL_SEMICONDUCTORS;GLOBAL_INFRASTRUCTURE;GLOBAL_WATER;GLOBAL_AGRIBUSINESS;GLOBAL_ROBOTICS_AUTOMATION;GLOBAL_TRANSPORTATION,1;0.692657342657;0.654895104895;0.649300699301;0.605944055944;0.586013986014;0.513986013986,0.1910084451068057,0.0035224332429173444,0.18748601186388836,0.12203112203112232,0.007024356012447663,0.11500676601867466,0.1132786653080633,0.08581418581418587,0.8704636348091292,10,7,0.24993470710769275,0.2942307692307692,0.0537409876705468,0.10490345152876313,0.4751133471032384,0.5070746179166284,0.6363636363636364,0.18181818181818182,0.8571428571428571,-0.005186721991701226,0.1538609559118291,0.02958333333333335,0.7302967433402215,105,66,65,False,False,False,0.0,True,True,True,True,LEADERSHIP_STRONG,PRIOR_ONLY_THRESHOLDS_READY,R2_LEADERSHIP_RISK_ON,0.75,0.5,E2 DEVELOPMENTAL; A4F THRESHOLDS ARE PRIOR-ONLY; NO E3 CONFIRMATION,2019-08-01,0.75
2019-08-30,2019-09-02,2026-08-21,10,"[""EUROPE_BANKS"", ""GLOBAL_AGRIBUSINESS"", ""GLOBAL_BATTERY_EV"", ""GLOBAL_BIOTECHNOLOGY"", ""GLOBAL_GOLD_MINERS"", ""GLOBAL_INFRASTRUCTURE"", ""GLOBAL_OIL_GAS"", ""GLOBAL_ROBOTICS_AUTOMATION"", ""GLOBAL_SEMICONDUCTORS"", ""GLOBAL_TRANSPORTATION""]",7,GLOBAL_GOLD_MINERS;GLOBAL_SEMICONDUCTORS;GLOBAL_INFRASTRUCTURE;GLOBAL_TRANSPORTATION;GLOBAL_AGRIBUSINESS;GLOBAL_ROBOTICS_AUTOMATION;GLOBAL_BIOTECHNOLOGY,1;0.893333333333;0.7425;0.661666666667;0.565;0.55;0.364166666667,0.1261021862543792,0.003545262179238451,0.12255692407514074,0.06670480549199076,0.007037380848480712,0.05966742464351005,0.13496923327980917,0.1248809523809522,0.9535227806909503,10,4,0.2855075889242409,0.42125,0.05304878861958534,0.1474594363750478,0.45937294268795553,0.5311076857797943,0.4,0.2,0.8571428571428571,-0.034186263337822376,0.1534428505341426,0.030000000000000027,0.7332544014771867,106,67,66,False,False,False,0.0,True,True,False,True,LEADERSHIP_STRONG,PRIOR_ONLY_THRESHOLDS_READY,R2_LEADERSHIP_RISK_ON,0.75,0.5,E2 DEVELOPMENTAL; A4F THRESHOLDS ARE PRIOR-ONLY; NO E3 CONFIRMATION,2019-09-02,0.75
2019-09-30,2019-10-01,2026-08-21,11,"[""EUROPE_BANKS"", ""GLOBAL_AGRIBUSINESS"", ""GLOBAL_BATTERY_EV"", ""GLOBAL_BIOTECHNOLOGY"", ""GLOBAL_GOLD_MINERS"", ""GLOBAL_INFRASTRUCTURE"", ""GLOBAL_OIL_GAS"", ""GLOBAL_ROBOTICS_AUTOMATION"", ""GLOBAL_SEMICONDUCTORS"", ""GLOBAL_TRANSPORTATION"", ""GLOBAL_WATER""]",7,GLOBAL_SEMICONDUCTORS;GLOBAL_GOLD_MINERS;GLOBAL_INFRASTRUCTURE;GLOBAL_WATER;GLOBAL_ROBOTICS_AUTOMATION;GLOBAL_TRANSPORTATION;GLOBAL_AGRIBUSINESS,0.902097902098;0.819230769231;0.78951048951;0.695454545455;0.60034965035;0.501398601399;0.463986013986,0.10957621166003317,0.0035877108633428634,0.10598850079669031,0.07606721162579433,0.007044621858353528,0.0690225897674408,0.1317261526634419,0.18031968031968038,0.878526606928741,10,7,0.24389609448469102,0.3500000000000001,0.06206505985196409,0.09753816288108952,0.42961349758766143,0.4676268450907749,0.6363636363636364,0.36363636363636365,0.8571428571428571,-0.018129079042785046,0.1530247451564561,0.031145833333333317,0.7362120596141519,107,68,67,False,False,False,0.0,True,True,True,True,LEADERSHIP_STRONG,PRIOR_ONLY_THRESHOLDS_READY,R2_LEADERSHIP_RISK_ON,0.75,0.5,E2 DEVELOPMENTAL; A4F THRESHOLDS ARE PRIOR-ONLY; NO E3 CONFIRMATION,2019-10-01,0.75
2019-10-31,2019-11-01,2026-08-21,11,"[""EUROPE_BANKS"", ""GLOBAL_AGRIBUSINESS"", ""GLOBAL_BATTERY_EV"", ""GLOBAL_BIOTECHNOLOGY"", ""GLOBAL_GOLD_MINERS"", ""GLOBAL_INFRASTRUCTURE"", ""GLOBAL_OIL_GAS"", ""GLOBAL_ROBOTICS_AUTOMATION"", ""GLOBAL_SEMICONDUCTORS"", ""GLOBAL_TRANSPORTATION"", ""GLOBAL_WATER""]",7,GLOBAL_SEMICONDUCTORS;GLOBAL_ROBOTICS_AUTOMATION;GLOBAL_WATER;GLOBAL_GOLD_MINERS;EUROPE_BANKS;GLOBAL_INFRASTRUCTURE;GLOBAL_BATTERY_EV,0.897202797203;0.721328671329;0.654195804196;0.576923076923;0.563286713287;0.549300699301;0.503496503497,0.051940639269406175,0.003512449499746939,0.048428189769659236,0.12254842246314945,0.00705284369327841,0.11549557876987104,0.14453073790502735,0.08866133866133863,0.7545454545454545,11,5,0.18908940910564906,0.1395104895104894,0.051854349997908944,0.0819607228560364,0.46682588429945837,0.48853292415060895,0.6363636363636364,0.5454545454545454,0.7142857142857143,-0.04537449497565582,0.1526066397787696,0.03229166666666661,0.7407705474047552,108,69,68,False,False,False,0.0,True,True,True,True,LEADERSHIP_STRONG,PRIOR_ONLY_THRESHOLDS_READY,R2_LEADERSHIP_RISK_ON,0.75,0.5,E2 DEVELOPMENTAL; A4F THRESHOLDS ARE PRIOR-ONLY; NO E3 CONFIRMATION,2019-11-01,0.75
2019-11-29,2019-12-02,2026-08-21,11,"[""EUROPE_BANKS"", ""GLOBAL_AGRIBUSINESS"", ""GLOBAL_BATTERY_EV"", ""GLOBAL_BIOTECHNOLOGY"", ""GLOBAL_GOLD_MINERS"", ""GLOBAL_INFRASTRUCTURE"", ""GLOBAL_OIL_GAS"", ""GLOBAL_ROBOTICS_AUTOMATION"", ""GLOBAL_SEMICONDUCTORS"", ""GLOBAL_TRANSPORTATION"", ""GLOBAL_WATER""]",7,GLOBAL_BIOTECHNOLOGY;GLOBAL_SEMICONDUCTORS;GLOBAL_ROBOTICS_AUTOMATION;GLOBAL_TRANSPORTATION;EUROPE_BANKS;GLOBAL_BATTERY_EV;GLOBAL_WATER,0.802447552448;0.78951048951;0.698251748252;0.603146853147;0.520979020979;0.51993006993;0.511888111888,0.0891077768869537,0.003435695111991377,0.08567208177496233,0.1403045928768425,0.007059676539879822,0.13324491633696267,0.10260449868026254,0.11523476523476528,0.4000000000000001,11,6,0.20292376084755148,0.2527972027972028,0.0884539346240768,0.10501269363353483,0.45587037200749536,0.4769256615488087,0.8181818181818182,0.45454545454545453,0.7142857142857143,-0.014917642183778002,0.1521885344010831,0.03330853174603171,0.7453290351953586,109,70,69,False,False,False,0.0,True,False,True,True,LEADERSHIP_STRONG,PRIOR_ONLY_THRESHOLDS_READY,R2_LEADERSHIP_RISK_ON,0.75,0.5,E2 DEVELOPMENTAL; A4F THRESHOLDS ARE PRIOR-ONLY; NO E3 CONFIRMATION,2019-12-02,0.75
2019-12-31,2020-01-02,2026-08-21,12,"[""EUROPE_BANKS"", ""GLOBAL_AGRIBUSINESS"", ""GLOBAL_BATTERY_EV"", ""GLOBAL_BIOTECHNOLOGY"", ""GLOBAL_GOLD_MINERS"", ""GLOBAL_INFRASTRUCTURE"", ""GLOBAL_OIL_GAS"", ""GLOBAL_ROBOTICS_AUTOMATION"", ""GLOBAL_SEMICONDUCTORS"", ""GLOBAL_TRANSPORTATION"", ""GLOBAL_WATER"", ""US_BANKS""]",7,GLOBAL_SEMICONDUCTORS;US_BANKS;GLOBAL_BIOTECHNOLOGY;GLOBAL_GOLD_MINERS;GLOBAL_ROBOTICS_AUTOMATION;EUROPE_BANKS;GLOBAL_BATTERY_EV,0.892307692308;0.846153846154;0.719230769231;0.667948717949;0.666666666667;0.610256410256;0.528205128205,0.021508828250401013,0.003514939242591719,0.017993889007809294,0.22009202453987675,0.007046964649661591,0.21304505989021516,0.12119538614443828,0.13516483516483524,0.7110301750097784,11,7,0.19896455610709807,0.25224358974358974,0.06695258614806757,0.10246815172090384,0.490981284490285,0.5387222776027667,1.0,0.5,0.7142857142857143,-0.02192622950819656,0.15183987521784698,0.034325396825396814,0.7407705474047552,110,71,70,False,False,False,0.0,True,False,True,True,LEADERSHIP_STRONG,PRIOR_ONLY_THRESHOLDS_READY,R2_LEADERSHIP_RISK_ON,0.75,0.5,E2 DEVELOPMENTAL; A4F THRESHOLDS ARE PRIOR-ONLY; NO E3 CONFIRMATION,2020-01-02,0.75
2020-01-31,2020-02-03,2026-08-21,13,"[""EUROPE_BANKS"", ""GLOBAL_AGRIBUSINESS"", ""GLOBAL_BATTERY_EV"", ""GLOBAL_BIOTECHNOLOGY"", ""GLOBAL_GOLD_MINERS"", ""GLOBAL_INFRASTRUCTURE"", ""GLOBAL_OIL_GAS"", ""GLOBAL_ROBOTICS_AUTOMATION"", ""GLOBAL_SEMICONDUCTORS"", ""GLOBAL_SOFTWARE"", ""GLOBAL_TRANSPORTATION"", ""GLOBAL_WATER"", ""US_BANKS""]",7,GLOBAL_WATER;GLOBAL_SOFTWARE;GLOBAL_BATTERY_EV;GLOBAL_ROBOTICS_AUTOMATION;GLOBAL_INFRASTRUCTURE;GLOBAL_SEMICONDUCTORS;GLOBAL_GOLD_MINERS,0.884615384615;0.776923076923;0.769230769231;0.692307692308;0.665384615385;0.657692307692;0.623076923077,0.01392579993621701,0.003536179051780719,0.01038962088443629,0.16901581076112215,0.00707134222524175,0.1619444685358804,0.1192528434327918,0.10109890109890107,0.1914819181865028,12,7,0.22312282735204667,0.353846153846154,0.0491707280392113,0.06391472037407142,0.5016148292083583,0.506931653824196,0.8461538461538461,0.38461538461538464,0.5714285714285714,-0.04159967845659163,0.15149121603461088,0.035912698412698396,0.7362120596141519,111,72,71,False,False,False,0.0,True,False,True,True,LEADERSHIP_STRONG,PRIOR_ONLY_THRESHOLDS_READY,R2_LEADERSHIP_RISK_ON,0.75,0.5,E2 DEVELOPMENTAL; A4F THRESHOLDS ARE PRIOR-ONLY; NO E3 CONFIRMATION,2020-02-03,0.75
2020-02-28,2020-03-02,2026-08-21,13,"[""EUROPE_BANKS"", ""GLOBAL_AGRIBUSINESS"", ""GLOBAL_BATTERY_EV"", ""GLOBAL_BIOTECHNOLOGY"", ""GLOBAL_GOLD_MINERS"", ""GLOBAL_INFRASTRUCTURE"", ""GLOBAL_OIL_GAS"", ""GLOBAL_ROBOTICS_AUTOMATION"", ""GLOBAL_SEMICONDUCTORS"", ""GLOBAL_SOFTWARE"", ""GLOBAL_TRANSPORTATION"", ""GLOBAL_WATER"", ""US_BANKS""]",7,GLOBAL_SEMICONDUCTORS;GLOBAL_BATTERY_EV;GLOBAL_SOFTWARE;GLOBAL_BIOTECHNOLOGY;GLOBAL_WATER;GLOBAL_ROBOTICS_AUTOMATION;GLOBAL_GOLD_MINERS,0.934615384615;0.811538461538;0.742307692308;0.673076923077;0.623076923077;0.596153846154;0.580769230769,-0.052776892853350965,0.0034781199721953815,-0.05625501282554635,0.07095689758674495,0.0070749147997917206,0.06388198278695323,0.1736443354481102,0.12802197802197812,0.7417582417582418,13,6,0.22987994333509595,0.33461538461538465,0.08269591649561236,0.08014611298634033,0.5748588400519787,0.5642465633415604,0.6153846153846154,0.3076923076923077,0.8571428571428571,-0.11656927800336736,0.1511425568513748,0.03749999999999998,0.7332544014771867,112,73,72,True,False,True,2.0,True,True,True,True,LEADERSHIP_STRONG,PRIOR_ONLY_THRESHOLDS_READY,R3_ISOLATED_LEADERSHIP,0.75,0.5,E2 DEVELOPMENTAL; A4F THRESHOLDS ARE PRIOR-ONLY; NO E3 CONFIRMATION,2020-03-02,0.75
2020-03-31,2020-04-01,2026-08-21,13,"[""EUROPE_BANKS"", ""GLOBAL_AGRIBUSINESS"", ""GLOBAL_BATTERY_EV"", ""GLOBAL_BIOTECHNOLOGY"", ""GLOBAL_GOLD_MINERS"", ""GLOBAL_INFRASTRUCTURE"", ""GLOBAL_OIL_GAS"", ""GLOBAL_ROBOTICS_AUTOMATION"", ""GLOBAL_SEMICONDUCTORS"", ""GLOBAL_SOFTWARE"", ""GLOBAL_TRANSPORTATION"", ""GLOBAL_WATER"", ""US_BANKS""]",7,GLOBAL_BIOTECHNOLOGY;GLOBAL_SEMICONDUCTORS;GLOBAL_SOFTWARE;GLOBAL_TRANSPORTATION;GLOBAL_INFRASTRUCTURE;GLOBAL_GOLD_MINERS;GLOBAL_BATTERY_EV,0.95;0.938461538462;0.85;0.711538461538;0.630769230769;0.626923076923;0.569230769231,-0.11328549684714107,0.0032018217821276895,-0.11648731862926875,-0.05579995369298463,0.006762664075771863,-0.06256261776875649,0.3322275919988716,0.18461538461538474,0.6868131868131868,13,3,0.2754356833413475,0.3576923076923076,0.08799779698475718,0.11041722567000833,0.6551917216944749,0.6555751138389744,0.23076923076923078,0.3076923076923077,0.7142857142857143,-0.1922353174210163,0.1521885344010831,0.03936417748917742,0.7362120596141519,113,74,73,True,True,True,3.0,True,False,False,False,LEADERSHIP_WEAK,PRIOR_ONLY_THRESHOLDS_READY,R4_CAPITAL_PRESERVATION,0.75,0.5,E2 DEVELOPMENTAL; A4F THRESHOLDS ARE PRIOR-ONLY; NO E3 CONFIRMATION,2020-04-01,0.75
2020-04-30,2020-05-01,2026-08-21,12,"[""EUROPE_BANKS"", ""GLOBAL_AGRIBUSINESS"", ""GLOBAL_BATTERY_EV"", ""GLOBAL_BIOTECHNOLOGY"", ""GLOBAL_GOLD_MINERS"", ""GLOBAL_INFRASTRUCTURE"", ""GLOBAL_OIL_GAS"", ""GLOBAL_ROBOTICS_AUTOMATION"", ""GLOBAL_SOFTWARE"", ""GLOBAL_TRANSPORTATION"", ""GLOBAL_WATER"", ""US_BANKS""]",7,GLOBAL_GOLD_MINERS;GLOBAL_BIOTECHNOLOGY;GLOBAL_SOFTWARE;GLOBAL_TRANSPORTATION;GLOBAL_ROBOTICS_AUTOMATION;GLOBAL_BATTERY_EV;GLOBAL_INFRASTRUCTURE,0.991666666667;0.908333333333;0.816666666667;0.716666666667;0.691666666667;0.575;0.475,-0.05338078291814996,0.0027111904146350785,-0.05609197333278504,0.002054794520547132,0.006233162833797712,-0.00417836831325058,0.37681619549059936,0.2142857142857142,0.8566296339922495,12,4,0.27509993975254127,0.40729166666666655,0.2103303713363917,0.20303316288699436,0.655842037187678,0.6659370192892551,0.3333333333333333,0.3333333333333333,0.8571428571428571,-0.130632861245915,0.1534428505341426,0.041228354978354864,0.7332544014771867,114,75,74,True,True,True,3.0,True,True,False,True,LEADERSHIP_STRONG,PRIOR_ONLY_THRESHOLDS_READY,R3_ISOLATED_LEADERSHIP,0.75,0.5,E2 DEVELOPMENTAL; A4F THRESHOLDS ARE PRIOR-ONLY; NO E3 CONFIRMATION,2020-05-01,0.75
2020-05-29,2020-06-01,2026-08-21,13,"[""EUROPE_BANKS"", ""GLOBAL_AGRIBUSINESS"", ""GLOBAL_BATTERY_EV"", ""GLOBAL_BIOTECHNOLOGY"", ""GLOBAL_GOLD_MINERS"", ""GLOBAL_INFRASTRUCTURE"", ""GLOBAL_OIL_GAS"", ""GLOBAL_ROBOTICS_AUTOMATION"", ""GLOBAL_SEMICONDUCTORS"", ""GLOBAL_SOFTWARE"", ""GLOBAL_TRANSPORTATION"", ""GLOBAL_WATER"", ""US_BANKS""]",7,GLOBAL_GOLD_MINERS;GLOBAL_SOFTWARE;GLOBAL_BIOTECHNOLOGY;GLOBAL_ROBOTICS_AUTOMATION;GLOBAL_SEMICONDUCTORS;GLOBAL_TRANSPORTATION;GLOBAL_BATTERY_EV,0.926923076923;0.869230769231;0.803846153846;0.707692307692;0.680769230769;0.623076923077;0.6,-0.024155599707205155,0.0022398746482528153,-0.02639547435545797,0.08009259259259127,0.005721979413363165,0.0743706131792281,0.38455927539501245,0.14450549450549455,0.9598877182792691,12,7,0.2471365369806485,0.35384615384615375,0.2689217498777964,0.23283880195252904,0.6582815501901872,0.6696932856608169,0.5384615384615384,0.5384615384615384,0.8571428571428571,-0.07576507873625882,0.15405341100328812,0.04283639971139963,0.7362120596141519,115,76,75,True,False,True,2.0,True,True,True,True,LEADERSHIP_STRONG,PRIOR_ONLY_THRESHOLDS_READY,R3_ISOLATED_LEADERSHIP,0.75,0.5,E2 DEVELOPMENTAL; A4F THRESHOLDS ARE PRIOR-ONLY; NO E3 CONFIRMATION,2020-06-01,0.75
2020-06-30,2020-07-01,2026-08-21,12,"[""EUROPE_BANKS"", ""GLOBAL_AGRIBUSINESS"", ""GLOBAL_BATTERY_EV"", ""GLOBAL_BIOTECHNOLOGY"", ""GLOBAL_GOLD_MINERS"", ""GLOBAL_INFRASTRUCTURE"", ""GLOBAL_OIL_GAS"", ""GLOBAL_ROBOTICS_AUTOMATION"", ""GLOBAL_SEMICONDUCTORS"", ""GLOBAL_SOFTWARE"", ""GLOBAL_TRANSPORTATION"", ""US_BANKS""]",7,GLOBAL_GOLD_MINERS;GLOBAL_SOFTWARE;GLOBAL_BATTERY_EV;GLOBAL_SEMICONDUCTORS;GLOBAL_BIOTECHNOLOGY;GLOBAL_ROBOTICS_AUTOMATION;GLOBAL_TRANSPORTATION,0.895833333333;0.883333333333;0.6875;0.666666666667;0.641666666667;0.616666666667;0.6125,-0.0036446943663449582,0.0016365506061029045,-0.005281244972447863,0.03292669761416245,0.005157173863248543,0.027769523750913905,0.2738241689312478,0.10029761904761925,0.8155908717405553,12,7,0.2288065352116402,0.33229166666666665,0.22944267266941282,0.38336234033546684,0.6352464823997958,0.6536032561661324,0.5833333333333334,0.5833333333333334,1.0,-0.05239179954442008,0.15445796963394565,0.0444444444444444,0.7389851506861969,116,77,76,True,False,True,2.0,True,True,True,True,LEADERSHIP_STRONG,PRIOR_ONLY_THRESHOLDS_READY,R3_ISOLATED_LEADERSHIP,0.75,0.5,E2 DEVELOPMENTAL; A4F THRESHOLDS ARE PRIOR-ONLY; NO E3 CONFIRMATION,2020-07-01,0.75
2020-07-31,2020-08-03,2026-08-21,12,"[""EUROPE_BANKS"", ""GLOBAL_AGRIBUSINESS"", ""GLOBAL_BATTERY_EV"", ""GLOBAL_BIOTECHNOLOGY"", ""GLOBAL_GOLD_MINERS"", ""GLOBAL_INFRASTRUCTURE"", ""GLOBAL_OIL_GAS"", ""GLOBAL_ROBOTICS_AUTOMATION"", ""GLOBAL_SOFTWARE"", ""GLOBAL_TRANSPORTATION"", ""GLOBAL_WATER"", ""US_BANKS""]",7,GLOBAL_GOLD_MINERS;GLOBAL_BATTERY_EV;GLOBAL_SOFTWARE;GLOBAL_TRANSPORTATION;GLOBAL_ROBOTICS_AUTOMATION;GLOBAL_WATER;GLOBAL_BIOTECHNOLOGY,0.979166666667;0.835897435897;0.820512820513;0.761858974359;0.617307692308;0.559294871795;0.523717948718,-0.007339064793458694,0.0010653084243503752,-0.008404373217809069,0.006484532794725828,0.0046052545974648584,0.0018792781972609696,0.20152584450365876,0.18674450549450572,0.8652969839950905,11,6,0.26427027118085417,0.4756410256410257,0.1784486536559236,0.2815971646311217,0.6370547616628908,0.6596703375951742,0.5,0.5,0.8571428571428571,-0.06229573140536859,0.15509428025154123,0.04444444444444445,0.7417582417582418,117,78,77,True,False,True,2.0,True,True,True,True,LEADERSHIP_STRONG,PRIOR_ONLY_THRESHOLDS_READY,R3_ISOLATED_LEADERSHIP,0.75,0.5,E2 DEVELOPMENTAL; A4F THRESHOLDS ARE PRIOR-ONLY; NO E3 CONFIRMATION,2020-08-03,0.75
2020-08-28,2020-09-01,2026-08-21,13,"[""EUROPE_BANKS"", ""GLOBAL_AGRIBUSINESS"", ""GLOBAL_BATTERY_EV"", ""GLOBAL_BIOTECHNOLOGY"", ""GLOBAL_GOLD_MINERS"", ""GLOBAL_INFRASTRUCTURE"", ""GLOBAL_OIL_GAS"", ""GLOBAL_ROBOTICS_AUTOMATION"", ""GLOBAL_SEMICONDUCTORS"", ""GLOBAL_SOFTWARE"", ""GLOBAL_TRANSPORTATION"", ""GLOBAL_WATER"", ""US_BANKS""]",7,GLOBAL_BATTERY_EV;GLOBAL_GOLD_MINERS;GLOBAL_TRANSPORTATION;GLOBAL_SEMICONDUCTORS;GLOBAL_SOFTWARE;GLOBAL_ROBOTICS_AUTOMATION;GLOBAL_AGRIBUSINESS,0.915384615385;0.833241758242;0.806043956044;0.792032967033;0.783516483516;0.622252747253;0.528571428571,0.11636771300448334,0.0005652906304478567,0.11580242237403549,0.05744929383030528,0.004045376751275143,0.05340391707903014,0.17176639255629023,0.22586342229199374,0.9398193582152377,12,6,0.2547343466789753,0.4681318681318682,0.1924037145396451,0.3958219946919185,0.6124634687658407,0.6470875733310463,0.5384615384615384,0.5384615384615384,0.7142857142857143,-0.013766465286719654,0.15566473767500627,0.04444444444444451,0.7435436384768002,118,79,78,False,False,True,1.0,True,True,True,True,LEADERSHIP_STRONG,PRIOR_ONLY_THRESHOLDS_READY,R2_LEADERSHIP_RISK_ON,0.75,0.5,E2 DEVELOPMENTAL; A4F THRESHOLDS ARE PRIOR-ONLY; NO E3 CONFIRMATION,2020-09-01,0.75
2020-09-30,2020-10-01,2026-08-21,13,"[""EUROPE_BANKS"", ""GLOBAL_AGRIBUSINESS"", ""GLOBAL_BATTERY_EV"", ""GLOBAL_BIOTECHNOLOGY"", ""GLOBAL_GOLD_MINERS"", ""GLOBAL_INFRASTRUCTURE"", ""GLOBAL_OIL_GAS"", ""GLOBAL_ROBOTICS_AUTOMATION"", ""GLOBAL_SEMICONDUCTORS"", ""GLOBAL_SOFTWARE"", ""GLOBAL_TRANSPORTATION"", ""GLOBAL_WATER"", ""US_BANKS""]",7,GLOBAL_TRANSPORTATION;GLOBAL_BATTERY_EV;GLOBAL_SEMICONDUCTORS;GLOBAL_ROBOTICS_AUTOMATION;GLOBAL_GOLD_MINERS;GLOBAL_AGRIBUSINESS;GLOBAL_SOFTWARE,0.892307692308;0.867582417582;0.77032967033;0.692032967033;0.66456043956;0.63489010989;0.628021978022,0.22437469347719374,0.0003089080927887178,0.22406578538440503,0.0856707979995639,0.0035117189435767138,0.08215907905598718,0.17031122626610448,0.1076530612244897,0.8791208791208791,13,6,0.24613806686986645,0.3052197802197802,0.12210319340960785,0.33986049890609116,0.5579730012369775,0.6145043279263175,0.6153846153846154,0.5384615384615384,1.0,-0.02098039215686287,0.15692180088681043,0.045670995670995695,0.7453290351953586,119,80,79,False,False,True,1.0,True,True,True,True,LEADERSHIP_STRONG,PRIOR_ONLY_THRESHOLDS_READY,R2_LEADERSHIP_RISK_ON,0.75,0.5,E2 DEVELOPMENTAL; A4F THRESHOLDS ARE PRIOR-ONLY; NO E3 CONFIRMATION,2020-10-01,0.75
2020-10-30,2020-11-02,2026-08-21,13,"[""EUROPE_BANKS"", ""GLOBAL_AGRIBUSINESS"", ""GLOBAL_BATTERY_EV"", ""GLOBAL_BIOTECHNOLOGY"", ""GLOBAL_GOLD_MINERS"", ""GLOBAL_INFRASTRUCTURE"", ""GLOBAL_OIL_GAS"", ""GLOBAL_ROBOTICS_AUTOMATION"", ""GLOBAL_SEMICONDUCTORS"", ""GLOBAL_SOFTWARE"", ""GLOBAL_TRANSPORTATION"", ""GLOBAL_WATER"", ""US_BANKS""]",7,GLOBAL_BATTERY_EV;GLOBAL_TRANSPORTATION;GLOBAL_ROBOTICS_AUTOMATION;GLOBAL_AGRIBUSINESS;GLOBAL_SEMICONDUCTORS;GLOBAL_SOFTWARE;GLOBAL_WATER,1;0.858241758242;0.776923076923;0.673901098901;0.662087912088;0.567857142857;0.56456043956,0.12147353695500063,0.00029164007666082625,0.1211818968783398,0.03507639337206703,0.0029719553294083045,0.03210443804265872,0.1613187384137988,0.1645211930926217,0.8736263736263737,13,5,0.2426167468378698,0.26730769230769214,0.15772368328843134,0.22218011026764373,0.5098371998823205,0.5927527913935879,0.5384615384615384,0.5384615384615384,0.8571428571428571,-0.06918238993710701,0.15871283116329207,0.04689754689754688,0.7499167901003558,120,81,80,False,False,True,1.0,True,True,True,True,LEADERSHIP_STRONG,PRIOR_ONLY_THRESHOLDS_READY,R2_LEADERSHIP_RISK_ON,0.75,0.5,E2 DEVELOPMENTAL; A4F THRESHOLDS ARE PRIOR-ONLY; NO E3 CONFIRMATION,2020-11-02,0.75
2020-11-30,2020-12-01,2026-08-21,13,"[""EUROPE_BANKS"", ""GLOBAL_AGRIBUSINESS"", ""GLOBAL_BATTERY_EV"", ""GLOBAL_BIOTECHNOLOGY"", ""GLOBAL_GOLD_MINERS"", ""GLOBAL_INFRASTRUCTURE"", ""GLOBAL_OIL_GAS"", ""GLOBAL_ROBOTICS_AUTOMATION"", ""GLOBAL_SEMICONDUCTORS"", ""GLOBAL_SOFTWARE"", ""GLOBAL_TRANSPORTATION"", ""GLOBAL_WATER"", ""US_BANKS""]",7,GLOBAL_BATTERY_EV;GLOBAL_ROBOTICS_AUTOMATION;GLOBAL_TRANSPORTATION;EUROPE_BANKS;GLOBAL_SOFTWARE;GLOBAL_AGRIBUSINESS;US_BANKS,0.975952380952;0.759175824176;0.730183150183;0.699725274725;0.68652014652;0.642216117216;0.550054945055,0.1004513487981522,0.00027988495157171833,0.10017146384658049,0.11377881653032973,0.0024147885965910554,0.11136402793373867,0.18294421931490795,0.1704918890633177,0.6428571428571429,13,5,0.22623799385205234,0.28232600732600727,0.09145132901093622,0.22665663968095362,0.46614453517263793,0.5380892394893696,0.6153846153846154,0.46153846153846156,0.7142857142857143,-0.014198401504466274,0.16088518978078953,0.04894480519480526,0.7545045450053531,121,82,81,False,False,True,1.0,True,False,True,True,LEADERSHIP_STRONG,PRIOR_ONLY_THRESHOLDS_READY,R2_LEADERSHIP_RISK_ON,0.75,0.5,E2 DEVELOPMENTAL; A4F THRESHOLDS ARE PRIOR-ONLY; NO E3 CONFIRMATION,2020-12-01,0.75
2020-12-31,2021-01-04,2026-08-21,13,"[""EUROPE_BANKS"", ""GLOBAL_AGRIBUSINESS"", ""GLOBAL_BATTERY_EV"", ""GLOBAL_BIOTECHNOLOGY"", ""GLOBAL_GOLD_MINERS"", ""GLOBAL_INFRASTRUCTURE"", ""GLOBAL_OIL_GAS"", ""GLOBAL_ROBOTICS_AUTOMATION"", ""GLOBAL_SEMICONDUCTORS"", ""GLOBAL_SOFTWARE"", ""GLOBAL_TRANSPORTATION"", ""GLOBAL_WATER"", ""US_BANKS""]",7,GLOBAL_BATTERY_EV;GLOBAL_ROBOTICS_AUTOMATION;GLOBAL_SOFTWARE;GLOBAL_TRANSPORTATION;US_BANKS;GLOBAL_AGRIBUSINESS;GLOBAL_SEMICONDUCTORS,0.98375;0.742747252747;0.646222527473;0.618516483516;0.60168956044;0.585906593407;0.56581043956,0.11174517534758244,0.000271033624289041,0.1114741417232934,0.10806618407445545,0.0018352726673620534,0.1062309114070934,0.1555664093502888,0.11199568288854,0.9285714285714285,13,6,0.21609937259485365,0.316771978021978,0.19832623016531126,0.20708208322314015,0.42760576236313025,0.43631971294524907,0.6153846153846154,0.46153846153846156,0.8571428571428571,-0.012260324483775897,0.16121035125554647,0.050992063492063644,0.7499167901003558,122,83,82,False,False,False,0.0,True,True,True,True,LEADERSHIP_STRONG,PRIOR_ONLY_THRESHOLDS_READY,R2_LEADERSHIP_RISK_ON,0.75,0.5,E2 DEVELOPMENTAL; A4F THRESHOLDS ARE PRIOR-ONLY; NO E3 CONFIRMATION,2021-01-04,0.75
2021-01-29,2021-02-01,2026-08-21,13,"[""EUROPE_BANKS"", ""GLOBAL_AGRIBUSINESS"", ""GLOBAL_BATTERY_EV"", ""GLOBAL_BIOTECHNOLOGY"", ""GLOBAL_GOLD_MINERS"", ""GLOBAL_INFRASTRUCTURE"", ""GLOBAL_OIL_GAS"", ""GLOBAL_ROBOTICS_AUTOMATION"", ""GLOBAL_SEMICONDUCTORS"", ""GLOBAL_SOFTWARE"", ""GLOBAL_TRANSPORTATION"", ""GLOBAL_WATER"", ""US_BANKS""]",7,GLOBAL_BATTERY_EV;GLOBAL_SOFTWARE;GLOBAL_ROBOTICS_AUTOMATION;GLOBAL_AGRIBUSINESS;US_BANKS;GLOBAL_SEMICONDUCTORS;GLOBAL_OIL_GAS,0.927083333333;0.753308150183;0.695157967033;0.647928113553;0.622252747253;0.614674908425;0.559134615385,0.1224123362906624,0.000263271694487921,0.12214906459617447,0.11417487942964799,0.0013288605843924106,0.11284601884525558,0.14800041165065886,0.12937107535321823,0.8846153846153846,13,5,0.21538842672119496,0.2619619963369963,0.2642777701392556,0.20534024693929886,0.4210284424245762,0.44567669135508015,0.6153846153846154,0.6153846153846154,0.8571428571428571,-0.03862855075085947,0.16110196409729416,0.05267857142857152,0.7545045450053531,123,84,83,False,False,False,0.0,True,True,True,True,LEADERSHIP_STRONG,PRIOR_ONLY_THRESHOLDS_READY,R2_LEADERSHIP_RISK_ON,0.75,0.5,E2 DEVELOPMENTAL; A4F THRESHOLDS ARE PRIOR-ONLY; NO E3 CONFIRMATION,2021-02-01,0.75
2021-02-26,2021-03-01,2026-08-21,13,"[""EUROPE_BANKS"", ""GLOBAL_AGRIBUSINESS"", ""GLOBAL_BATTERY_EV"", ""GLOBAL_BIOTECHNOLOGY"", ""GLOBAL_GOLD_MINERS"", ""GLOBAL_INFRASTRUCTURE"", ""GLOBAL_OIL_GAS"", ""GLOBAL_ROBOTICS_AUTOMATION"", ""GLOBAL_SEMICONDUCTORS"", ""GLOBAL_SOFTWARE"", ""GLOBAL_TRANSPORTATION"", ""GLOBAL_WATER"", ""US_BANKS""]",7,US_BANKS;GLOBAL_OIL_GAS;GLOBAL_BATTERY_EV;GLOBAL_AGRIBUSINESS;GLOBAL_SEMICONDUCTORS;GLOBAL_TRANSPORTATION;GLOBAL_SOFTWARE,0.839388736264;0.818681318681;0.803125;0.765041208791;0.672596153846;0.609168956044;0.585302197802,0.07541675035147533,0.0002571856607664902,0.07515956469070884,0.20056053811659003,0.0008226216758586702,0.19973791644073136,0.11589969703817775,0.1423125981161696,0.6868131868131868,13,7,0.2372733408134544,0.480048076923077,0.10323860281300812,0.22588509723713135,0.4491835606422118,0.46186425949947335,0.9230769230769231,0.46153846153846156,0.8571428571428571,-0.03955156950672667,0.16099357693904184,0.054365079365079394,0.7545249997754038,124,85,84,False,False,False,0.0,True,False,True,True,LEADERSHIP_STRONG,PRIOR_ONLY_THRESHOLDS_READY,R2_LEADERSHIP_RISK_ON,0.75,0.5,E2 DEVELOPMENTAL; A4F THRESHOLDS ARE PRIOR-ONLY; NO E3 CONFIRMATION,2021-03-01,0.75
2021-03-31,2021-04-01,2026-08-21,13,"[""EUROPE_BANKS"", ""GLOBAL_AGRIBUSINESS"", ""GLOBAL_BATTERY_EV"", ""GLOBAL_BIOTECHNOLOGY"", ""GLOBAL_GOLD_MINERS"", ""GLOBAL_INFRASTRUCTURE"", ""GLOBAL_OIL_GAS"", ""GLOBAL_ROBOTICS_AUTOMATION"", ""GLOBAL_SEMICONDUCTORS"", ""GLOBAL_SOFTWARE"", ""GLOBAL_TRANSPORTATION"", ""GLOBAL_WATER"", ""US_BANKS""]",7,GLOBAL_OIL_GAS;US_BANKS;EUROPE_BANKS;GLOBAL_TRANSPORTATION;GLOBAL_BATTERY_EV;GLOBAL_AGRIBUSINESS;GLOBAL_SEMICONDUCTORS,0.965865384615;0.894917582418;0.77084478022;0.721462912088;0.716964285714;0.709718406593;0.563976648352,0.11443381180223122,0.00025034875181884075,0.11418346305041238,0.43627954779033584,0.0005587314757573569,0.4357208163145785,0.13084790173197725,0.1994162087912087,0.8076923076923077,13,7,0.22857956988684144,0.2982829670329671,0.1277208383573949,0.3799047703911189,0.42502536635667565,0.45481030035022657,1.0,0.6923076923076923,0.8571428571428571,-0.0012506700017868022,0.16088518978078953,0.05771825396825403,0.7545045450053531,125,86,85,False,False,False,0.0,True,True,True,True,LEADERSHIP_STRONG,PRIOR_ONLY_THRESHOLDS_READY,R2_LEADERSHIP_RISK_ON,0.75,0.5,E2 DEVELOPMENTAL; A4F THRESHOLDS ARE PRIOR-ONLY; NO E3 CONFIRMATION,2021-04-01,0.75
2021-04-30,2021-05-04,2026-08-21,12,"[""EUROPE_BANKS"", ""GLOBAL_AGRIBUSINESS"", ""GLOBAL_BATTERY_EV"", ""GLOBAL_BIOTECHNOLOGY"", ""GLOBAL_GOLD_MINERS"", ""GLOBAL_INFRASTRUCTURE"", ""GLOBAL_OIL_GAS"", ""GLOBAL_ROBOTICS_AUTOMATION"", ""GLOBAL_SEMICONDUCTORS"", ""GLOBAL_SOFTWARE"", ""GLOBAL_TRANSPORTATION"", ""US_BANKS""]",7,EUROPE_BANKS;US_BANKS;GLOBAL_BATTERY_EV;GLOBAL_TRANSPORTATION;GLOBAL_OIL_GAS;GLOBAL_AGRIBUSINESS;GLOBAL_SOFTWARE,0.915238095238;0.777142857143;0.769047619048;0.732857142857;0.673333333333;0.654285714286;0.501428571429,0.1985815602836858,0.0002487882236972272,0.19833277205998856,0.3543554006968608,0.0005444221561532459,0.35381097854070753,0.12483893514258719,0.13976190476190475,0.8344121995499528,12,7,0.18788429585619357,0.30273809523809514,0.15339725926472458,0.35008356118263884,0.38662244160084763,0.40753450504804734,0.9166666666666666,0.75,0.8571428571428571,-0.0018830779765472982,0.1601610702416237,0.061071428571428665,0.7545249997754038,126,87,86,False,False,False,0.0,True,True,True,True,LEADERSHIP_STRONG,PRIOR_ONLY_THRESHOLDS_READY,R2_LEADERSHIP_RISK_ON,0.75,0.5,E2 DEVELOPMENTAL; A4F THRESHOLDS ARE PRIOR-ONLY; NO E3 CONFIRMATION,2021-05-04,0.75
2021-05-28,2021-06-01,2026-08-21,12,"[""EUROPE_BANKS"", ""GLOBAL_AGRIBUSINESS"", ""GLOBAL_BATTERY_EV"", ""GLOBAL_GOLD_MINERS"", ""GLOBAL_INFRASTRUCTURE"", ""GLOBAL_OIL_GAS"", ""GLOBAL_ROBOTICS_AUTOMATION"", ""GLOBAL_SEMICONDUCTORS"", ""GLOBAL_SOFTWARE"", ""GLOBAL_TRANSPORTATION"", ""GLOBAL_WATER"", ""US_BANKS""]",7,EUROPE_BANKS;US_BANKS;GLOBAL_TRANSPORTATION;GLOBAL_BATTERY_EV;GLOBAL_OIL_GAS;GLOBAL_GOLD_MINERS;GLOBAL_AGRIBUSINESS,0.91;0.883333333333;0.75;0.703333333333;0.686666666667;0.673333333333;0.556666666667,0.09888751545117191,0.00024706850347699927,0.09864044694769492,0.23287817367185526,0.0005252135336963892,0.23235296013815887,0.1308724737960753,0.12261904761904774,0.7435077257956081,11,7,0.19840023770395956,0.30500000000000005,0.05898293457187681,0.13655452895681097,0.42353051893997223,0.45865490376219137,1.0,0.6666666666666666,0.8571428571428571,-0.011292668320644128,0.1594369507024579,0.06213744588744596,0.7545454545454545,127,88,87,False,False,False,0.0,True,False,True,True,LEADERSHIP_STRONG,PRIOR_ONLY_THRESHOLDS_READY,R2_LEADERSHIP_RISK_ON,0.75,0.5,E2 DEVELOPMENTAL; A4F THRESHOLDS ARE PRIOR-ONLY; NO E3 CONFIRMATION,2021-06-01,0.75
2021-06-30,2021-07-01,2026-08-21,13,"[""EUROPE_BANKS"", ""GLOBAL_AGRIBUSINESS"", ""GLOBAL_BATTERY_EV"", ""GLOBAL_BIOTECHNOLOGY"", ""GLOBAL_CYBERSECURITY"", ""GLOBAL_GOLD_MINERS"", ""GLOBAL_INFRASTRUCTURE"", ""GLOBAL_OIL_GAS"", ""GLOBAL_ROBOTICS_AUTOMATION"", ""GLOBAL_SEMICONDUCTORS"", ""GLOBAL_SOFTWARE"", ""GLOBAL_TRANSPORTATION"", ""US_BANKS""]",7,GLOBAL_OIL_GAS;GLOBAL_TRANSPORTATION;GLOBAL_SEMICONDUCTORS;GLOBAL_BIOTECHNOLOGY;GLOBAL_BATTERY_EV;GLOBAL_SOFTWARE;US_BANKS,0.887948717949;0.767179487179;0.714358974359;0.674102564103;0.623333333333;0.618205128205;0.609230769231,0.10647123893805066,0.00024563293226531613,0.10622560600578534,0.2547564290194413,0.0005174344812826082,0.2542389945381587,0.1025081560769598,0.08996336996336984,0.25806721072746386,11,6,0.18891955507728228,0.14846153846153842,0.08459681088633952,0.11909145054123771,0.4056559488671617,0.4446794270707182,0.8461538461538461,0.7692307692307693,0.5714285714285714,-0.001497379585725045,0.15871283116329207,0.06320346320346326,0.7545249997754038,128,89,88,False,False,False,0.0,True,False,True,True,LEADERSHIP_STRONG,PRIOR_ONLY_THRESHOLDS_READY,R2_LEADERSHIP_RISK_ON,0.75,0.5,E2 DEVELOPMENTAL; A4F THRESHOLDS ARE PRIOR-ONLY; NO E3 CONFIRMATION,2021-07-01,0.75
2021-07-30,2021-08-02,2026-08-21,14,"[""EUROPE_BANKS"", ""GLOBAL_AGRIBUSINESS"", ""GLOBAL_BATTERY_EV"", ""GLOBAL_BIOTECHNOLOGY"", ""GLOBAL_CYBERSECURITY"", ""GLOBAL_GOLD_MINERS"", ""GLOBAL_INFRASTRUCTURE"", ""GLOBAL_OIL_GAS"", ""GLOBAL_ROBOTICS_AUTOMATION"", ""GLOBAL_SEMICONDUCTORS"", ""GLOBAL_SOFTWARE"", ""GLOBAL_TRANSPORTATION"", ""GLOBAL_WATER"", ""US_BANKS""]",7,GLOBAL_CYBERSECURITY;GLOBAL_WATER;GLOBAL_TRANSPORTATION;GLOBAL_BATTERY_EV;GLOBAL_SEMICONDUCTORS;GLOBAL_ROBOTICS_AUTOMATION;EUROPE_BANKS,0.76875;0.732142857143;0.702232142857;0.6875;0.671428571429;0.642410714286;0.640178571429,0.14444339888961877,0.0002463475388909675,0.1441970513507278,0.2845373891001235,0.0005096840897129695,0.2840277050104105,0.10558407755974356,0.06999362244897955,0.46190421945359633,13,7,0.14387333883507056,0.2299107142857142,0.06857276633696616,0.10053358304374987,0.42702915822412624,0.4875624095410178,0.9285714285714286,0.7142857142857143,0.42857142857142855,-0.009770395701025891,0.15798871162412625,0.06374458874458883,0.7545045450053531,129,90,89,False,False,False,0.0,True,False,True,True,LEADERSHIP_STRONG,PRIOR_ONLY_THRESHOLDS_READY,R2_LEADERSHIP_RISK_ON,0.75,0.5,E2 DEVELOPMENTAL; A4F THRESHOLDS ARE PRIOR-ONLY; NO E3 CONFIRMATION,2021-08-02,0.75
2021-08-31,2021-09-01,2026-08-21,14,"[""EUROPE_BANKS"", ""GLOBAL_AGRIBUSINESS"", ""GLOBAL_BATTERY_EV"", ""GLOBAL_BIOTECHNOLOGY"", ""GLOBAL_CYBERSECURITY"", ""GLOBAL_GOLD_MINERS"", ""GLOBAL_INFRASTRUCTURE"", ""GLOBAL_OIL_GAS"", ""GLOBAL_ROBOTICS_AUTOMATION"", ""GLOBAL_SEMICONDUCTORS"", ""GLOBAL_SOFTWARE"", ""GLOBAL_TRANSPORTATION"", ""GLOBAL_WATER"", ""US_BANKS""]",7,GLOBAL_CYBERSECURITY;GLOBAL_WATER;GLOBAL_TRANSPORTATION;GLOBAL_SEMICONDUCTORS;GLOBAL_ROBOTICS_AUTOMATION;US_BANKS;EUROPE_BANKS,0.89375;0.793303571429;0.767857142857;0.731696428571;0.654910714286;0.641964285714;0.618303571429,0.15475753122703706,0.0002488486313390048,0.15450868259569805,0.2661631419939545,0.0005043335677332728,0.26565880842622125,0.07807441370035148,0.13016581632653046,0.8725274725274725,14,7,0.19659755819539787,0.22332589285714277,0.13909603960095798,0.06920121233195159,0.37079402938218076,0.4295532654168718,0.9285714285714286,0.7142857142857143,0.8571428571428571,0.0,0.15745525625546836,0.06428571428571439,0.7499167901003558,130,91,90,False,False,False,0.0,True,True,True,True,LEADERSHIP_STRONG,PRIOR_ONLY_THRESHOLDS_READY,R2_LEADERSHIP_RISK_ON,0.75,0.5,E2 DEVELOPMENTAL; A4F THRESHOLDS ARE PRIOR-ONLY; NO E3 CONFIRMATION,2021-09-01,0.75
2021-09-30,2021-10-01,2026-08-21,14,"[""EUROPE_BANKS"", ""GLOBAL_AGRIBUSINESS"", ""GLOBAL_BATTERY_EV"", ""GLOBAL_BIOTECHNOLOGY"", ""GLOBAL_CYBERSECURITY"", ""GLOBAL_GOLD_MINERS"", ""GLOBAL_INFRASTRUCTURE"", ""GLOBAL_OIL_GAS"", ""GLOBAL_ROBOTICS_AUTOMATION"", ""GLOBAL_SEMICONDUCTORS"", ""GLOBAL_SOFTWARE"", ""GLOBAL_TRANSPORTATION"", ""GLOBAL_WATER"", ""US_BANKS""]",7,GLOBAL_OIL_GAS;EUROPE_BANKS;US_BANKS;GLOBAL_CYBERSECURITY;GLOBAL_SOFTWARE;GLOBAL_ROBOTICS_AUTOMATION;GLOBAL_AGRIBUSINESS,0.96875;0.901339285714;0.805803571429;0.774107142857;0.618303571429;0.565625;0.531696428571,0.10554561717352295,0.0002500045133644324,0.10529561266015852,0.2320574162679392,0.0005004158535011349,0.23155700041443805,0.08924568735659692,0.21183035714285692,0.1824175824175824,14,7,0.22241967941586033,0.23404017857142856,0.06228282055730566,0.06770756585137416,0.35028652918696246,0.4095443422679214,0.9285714285714286,0.7142857142857143,0.5714285714285714,-0.024928999684443287,0.15692180088681043,0.06713966836734697,0.7545045450053531,131,92,91,False,False,False,0.0,True,False,True,True,LEADERSHIP_STRONG,PRIOR_ONLY_THRESHOLDS_READY,R2_LEADERSHIP_RISK_ON,0.75,0.5,E2 DEVELOPMENTAL; A4F THRESHOLDS ARE PRIOR-ONLY; NO E3 CONFIRMATION,2021-10-01,0.75
2021-10-29,2021-11-01,2026-08-21,15,"[""CHINA_INTERNET"", ""EUROPE_BANKS"", ""GLOBAL_AGRIBUSINESS"", ""GLOBAL_BATTERY_EV"", ""GLOBAL_BIOTECHNOLOGY"", ""GLOBAL_CYBERSECURITY"", ""GLOBAL_GOLD_MINERS"", ""GLOBAL_INFRASTRUCTURE"", ""GLOBAL_OIL_GAS"", ""GLOBAL_ROBOTICS_AUTOMATION"", ""GLOBAL_SEMICONDUCTORS"", ""GLOBAL_SOFTWARE"", ""GLOBAL_TRANSPORTATION"", ""GLOBAL_WATER"", ""US_BANKS""]",7,GLOBAL_OIL_GAS;GLOBAL_CYBERSECURITY;US_BANKS;EUROPE_BANKS;GLOBAL_SOFTWARE;GLOBAL_SEMICONDUCTORS;GLOBAL_ROBOTICS_AUTOMATION,0.9875;0.837291666667;0.823333333333;0.752291666667;0.752083333333;0.573125;0.533958333333,0.11221380691215965,0.000244585004543163,0.11196922190761649,0.3280665280665236,0.0004975254998973444,0.32756900256662624,0.09661705830683245,0.27532738095238113,0.8285714285714285,14,7,0.2526705167729237,0.41989583333333336,0.08308794983485812,0.12376299890908005,0.3501098903844181,0.42209506286732595,0.8666666666666667,0.6,0.8571428571428571,0.0,0.1563883455181525,0.06999362244897955,0.7499167901003558,132,93,92,False,False,False,0.0,True,True,True,True,LEADERSHIP_STRONG,PRIOR_ONLY_THRESHOLDS_READY,R2_LEADERSHIP_RISK_ON,0.75,0.5,E2 DEVELOPMENTAL; A4F THRESHOLDS ARE PRIOR-ONLY; NO E3 CONFIRMATION,2021-11-01,0.75
2021-11-30,2021-12-01,2026-08-21,16,"[""CHINA_INTERNET"", ""EUROPE_BANKS"", ""GLOBAL_AGRIBUSINESS"", ""GLOBAL_BATTERY_EV"", ""GLOBAL_BIOTECHNOLOGY"", ""GLOBAL_CLEAN_ENERGY"", ""GLOBAL_CYBERSECURITY"", ""GLOBAL_GOLD_MINERS"", ""GLOBAL_INFRASTRUCTURE"", ""GLOBAL_OIL_GAS"", ""GLOBAL_ROBOTICS_AUTOMATION"", ""GLOBAL_SEMICONDUCTORS"", ""GLOBAL_SOFTWARE"", ""GLOBAL_TRANSPORTATION"", ""GLOBAL_WATER"", ""US_BANKS""]",7,GLOBAL_SEMICONDUCTORS;GLOBAL_ROBOTICS_AUTOMATION;GLOBAL_CYBERSECURITY;GLOBAL_OIL_GAS;US_BANKS;GLOBAL_SOFTWARE;GLOBAL_WATER,0.971875;0.81875;0.80625;0.75625;0.665625;0.65625;0.609375,0.11792574726505212,0.00024365677867388413,0.11768209048637823,0.22353163005562005,0.0004916789787021703,0.22303995107691788,0.1223650749658913,0.25178571428571417,0.6499594898745009,15,7,0.23898844849830084,0.2835937499999999,0.04963447710145977,0.14154694101291532,0.37436312687150963,0.46043576328660063,0.8125,0.5,0.8571428571428571,-0.024357239512855178,0.1558548901494946,0.0707110969387755,0.7545045450053531,133,94,93,False,False,False,0.0,True,False,True,True,LEADERSHIP_STRONG,PRIOR_ONLY_THRESHOLDS_READY,R2_LEADERSHIP_RISK_ON,0.75,0.5,E2 DEVELOPMENTAL; A4F THRESHOLDS ARE PRIOR-ONLY; NO E3 CONFIRMATION,2021-12-01,0.75
2021-12-31,2022-01-04,2026-08-21,15,"[""EUROPE_BANKS"", ""GLOBAL_AGRIBUSINESS"", ""GLOBAL_BATTERY_EV"", ""GLOBAL_BIOTECHNOLOGY"", ""GLOBAL_CLEAN_ENERGY"", ""GLOBAL_CYBERSECURITY"", ""GLOBAL_GOLD_MINERS"", ""GLOBAL_INFRASTRUCTURE"", ""GLOBAL_OIL_GAS"", ""GLOBAL_ROBOTICS_AUTOMATION"", ""GLOBAL_SEMICONDUCTORS"", ""GLOBAL_SOFTWARE"", ""GLOBAL_TRANSPORTATION"", ""GLOBAL_WATER"", ""US_BANKS""]",7,GLOBAL_SEMICONDUCTORS;GLOBAL_ROBOTICS_AUTOMATION;GLOBAL_CYBERSECURITY;GLOBAL_WATER;GLOBAL_INFRASTRUCTURE;GLOBAL_OIL_GAS;GLOBAL_AGRIBUSINESS,0.945490196078;0.78568627451;0.779803921569;0.728039215686;0.681568627451;0.666274509804;0.644117647059,0.09397192402972654,0.00029958388935114044,0.0936723401403754,0.23639757349509694,0.0005451202569521918,0.23585245323814474,0.1421641212015873,0.19728291316526614,0.68990197342918,15,7,0.23534539746216762,0.3093137254901961,0.0883868606340324,0.10325728797488654,0.449830736312226,0.48101092331322154,0.8666666666666667,0.3333333333333333,0.7142857142857143,-0.006747638326585537,0.15578276994969315,0.07142857142857145,0.7499167901003558,134,95,94,False,False,False,0.0,True,False,True,True,LEADERSHIP_STRONG,PRIOR_ONLY_THRESHOLDS_READY,R2_LEADERSHIP_RISK_ON,0.75,0.5,E2 DEVELOPMENTAL; A4F THRESHOLDS ARE PRIOR-ONLY; NO E3 CONFIRMATION,2022-01-04,0.75
2022-01-31,2022-02-01,2026-08-21,16,"[""CHINA_INTERNET"", ""EUROPE_BANKS"", ""GLOBAL_AGRIBUSINESS"", ""GLOBAL_BATTERY_EV"", ""GLOBAL_BIOTECHNOLOGY"", ""GLOBAL_CLEAN_ENERGY"", ""GLOBAL_CYBERSECURITY"", ""GLOBAL_GOLD_MINERS"", ""GLOBAL_INFRASTRUCTURE"", ""GLOBAL_OIL_GAS"", ""GLOBAL_ROBOTICS_AUTOMATION"", ""GLOBAL_SEMICONDUCTORS"", ""GLOBAL_SOFTWARE"", ""GLOBAL_TRANSPORTATION"", ""GLOBAL_WATER"", ""US_BANKS""]",7,GLOBAL_OIL_GAS;EUROPE_BANKS;GLOBAL_AGRIBUSINESS;US_BANKS;GLOBAL_INFRASTRUCTURE;GLOBAL_SEMICONDUCTORS;GLOBAL_BATTERY_EV,1;0.918055555556;0.857291666667;0.772569444444;0.728472222222;0.664236111111;0.5875,0.02364394993045882,0.0004262893374793464,0.023217660592979472,0.16640253565768415,0.0006725528212896403,0.1657299828363945,0.17244294915188077,0.29337797619047623,0.4420876532772507,15,7,0.26022880955745137,0.38515625,0.11978755597927773,0.15123713127367647,0.49301687943436406,0.5432707736162841,0.6875,0.3125,0.5714285714285714,-0.06192832508621937,0.15571064974989168,0.07218614718614721,0.7453290351953586,135,96,95,False,False,True,1.0,True,False,True,True,LEADERSHIP_STRONG,PRIOR_ONLY_THRESHOLDS_READY,R2_LEADERSHIP_RISK_ON,0.75,0.5,E2 DEVELOPMENTAL; A4F THRESHOLDS ARE PRIOR-ONLY; NO E3 CONFIRMATION,2022-02-01,0.75
2022-02-28,2022-03-01,2026-08-21,16,"[""CHINA_INTERNET"", ""EUROPE_BANKS"", ""GLOBAL_AGRIBUSINESS"", ""GLOBAL_BATTERY_EV"", ""GLOBAL_BIOTECHNOLOGY"", ""GLOBAL_CLEAN_ENERGY"", ""GLOBAL_CYBERSECURITY"", ""GLOBAL_GOLD_MINERS"", ""GLOBAL_INFRASTRUCTURE"", ""GLOBAL_OIL_GAS"", ""GLOBAL_ROBOTICS_AUTOMATION"", ""GLOBAL_SEMICONDUCTORS"", ""GLOBAL_SOFTWARE"", ""GLOBAL_TRANSPORTATION"", ""GLOBAL_WATER"", ""US_BANKS""]",7,GLOBAL_OIL_GAS;GLOBAL_AGRIBUSINESS;GLOBAL_GOLD_MINERS;GLOBAL_CYBERSECURITY;US_BANKS;GLOBAL_INFRASTRUCTURE;GLOBAL_SEMICONDUCTORS,0.968421052632;0.90990497076;0.851388888889;0.731140350877;0.712024853801;0.69725877193;0.636184210526,-0.019486200588563096,0.0007065718544565502,-0.020192772443019646,0.13225569434239315,0.0009555963152343416,0.1313000980271588,0.19474523070479655,0.2398156850459482,0.7647058823529411,16,7,0.23827446848911088,0.39192251461988303,0.14415909213921116,0.16902072461932263,0.5115758329539227,0.562908962423209,0.6875,0.375,0.7142857142857143,-0.075723496776128,0.1563883455181525,0.07294372294372298,0.7444183804954834,136,97,96,True,False,True,2.0,True,True,True,True,LEADERSHIP_STRONG,PRIOR_ONLY_THRESHOLDS_READY,R3_ISOLATED_LEADERSHIP,0.75,0.5,E2 DEVELOPMENTAL; A4F THRESHOLDS ARE PRIOR-ONLY; NO E3 CONFIRMATION,2022-03-01,0.75
2022-03-31,2022-04-01,2026-08-21,16,"[""CHINA_INTERNET"", ""EUROPE_BANKS"", ""GLOBAL_AGRIBUSINESS"", ""GLOBAL_BATTERY_EV"", ""GLOBAL_BIOTECHNOLOGY"", ""GLOBAL_CLEAN_ENERGY"", ""GLOBAL_CYBERSECURITY"", ""GLOBAL_GOLD_MINERS"", ""GLOBAL_INFRASTRUCTURE"", ""GLOBAL_OIL_GAS"", ""GLOBAL_ROBOTICS_AUTOMATION"", ""GLOBAL_SEMICONDUCTORS"", ""GLOBAL_SOFTWARE"", ""GLOBAL_TRANSPORTATION"", ""GLOBAL_WATER"", ""US_BANKS""]",7,GLOBAL_OIL_GAS;GLOBAL_GOLD_MINERS;GLOBAL_AGRIBUSINESS;GLOBAL_CYBERSECURITY;GLOBAL_INFRASTRUCTURE;GLOBAL_SEMICONDUCTORS;GLOBAL_BATTERY_EV,0.9675;0.915972222222;0.911111111111;0.791944444444;0.787083333333;0.599861111111;0.589305555556,0.06458469587966009,0.0011352041000578517,0.06344949177960224,0.16050262899919643,0.0013855280685122207,0.1591171009306842,0.19401496155962963,0.2738492063492065,0.8558823529411764,16,7,0.2530470940163579,0.4471180555555555,0.12738531010455872,0.21379250630444258,0.44929802756471054,0.5157801021007375,0.75,0.375,0.8571428571428571,-0.02369170790223374,0.15798871162412625,0.07446789321789321,0.7453290351953586,137,98,97,False,False,True,1.0,True,True,True,True,LEADERSHIP_STRONG,PRIOR_ONLY_THRESHOLDS_READY,R2_LEADERSHIP_RISK_ON,0.75,0.5,E2 DEVELOPMENTAL; A4F THRESHOLDS ARE PRIOR-ONLY; NO E3 CONFIRMATION,2022-04-01,0.75
2022-04-29,2022-05-03,2026-08-21,15,"[""CHINA_INTERNET"", ""EUROPE_BANKS"", ""GLOBAL_AGRIBUSINESS"", ""GLOBAL_BATTERY_EV"", ""GLOBAL_CLEAN_ENERGY"", ""GLOBAL_CYBERSECURITY"", ""GLOBAL_GOLD_MINERS"", ""GLOBAL_INFRASTRUCTURE"", ""GLOBAL_OIL_GAS"", ""GLOBAL_ROBOTICS_AUTOMATION"", ""GLOBAL_SEMICONDUCTORS"", ""GLOBAL_SOFTWARE"", ""GLOBAL_TRANSPORTATION"", ""GLOBAL_WATER"", ""US_BANKS""]",7,GLOBAL_OIL_GAS;GLOBAL_AGRIBUSINESS;GLOBAL_GOLD_MINERS;GLOBAL_INFRASTRUCTURE;GLOBAL_CYBERSECURITY;GLOBAL_WATER;GLOBAL_BATTERY_EV,0.970588235294;0.938071895425;0.865;0.798692810458;0.776993464052;0.627875816993;0.605947712418,-0.008510638297871465,0.0016455673150437278,-0.010156205612915192,0.07898121944944636,0.0018948220336245658,0.0770863974158218,0.17506181902683957,0.2910597572362279,0.908237777370459,15,6,0.2584372585266238,0.47068627450980394,0.16802260577838452,0.21329814438578848,0.4428849538135965,0.5201578613242274,0.4666666666666667,0.3333333333333333,0.8571428571428571,-0.05668016194331915,0.1601610702416237,0.07599206349206344,0.7499167901003558,138,99,98,True,False,True,2.0,True,True,True,True,LEADERSHIP_STRONG,PRIOR_ONLY_THRESHOLDS_READY,R3_ISOLATED_LEADERSHIP,0.75,0.5,E2 DEVELOPMENTAL; A4F THRESHOLDS ARE PRIOR-ONLY; NO E3 CONFIRMATION,2022-05-03,0.75
2022-05-31,2022-06-01,2026-08-21,16,"[""CHINA_INTERNET"", ""EUROPE_BANKS"", ""GLOBAL_AGRIBUSINESS"", ""GLOBAL_BATTERY_EV"", ""GLOBAL_BIOTECHNOLOGY"", ""GLOBAL_CLEAN_ENERGY"", ""GLOBAL_CYBERSECURITY"", ""GLOBAL_GOLD_MINERS"", ""GLOBAL_INFRASTRUCTURE"", ""GLOBAL_OIL_GAS"", ""GLOBAL_ROBOTICS_AUTOMATION"", ""GLOBAL_SEMICONDUCTORS"", ""GLOBAL_SOFTWARE"", ""GLOBAL_TRANSPORTATION"", ""GLOBAL_WATER"", ""US_BANKS""]",7,GLOBAL_OIL_GAS;GLOBAL_AGRIBUSINESS;GLOBAL_INFRASTRUCTURE;EUROPE_BANKS;GLOBAL_BATTERY_EV;GLOBAL_SEMICONDUCTORS;GLOBAL_WATER,1;0.902412280702;0.857456140351;0.780921052632;0.735745614035;0.55899122807;0.556578947368,-0.046241880606247676,0.002388689699600821,-0.0486305703058485,0.06502029185735236,0.002630602328127063,0.0623896895292253,0.1776522087459972,0.24508145363408496,0.5567741163956835,15,5,0.22925205509632735,0.3315241228070175,0.10243316914565284,0.2231980836514762,0.4781650539572034,0.5050389737118037,0.375,0.3125,0.7142857142857143,-0.07527365422102217,0.16110196409729416,0.07630772005772007,0.7545045450053531,139,100,99,True,False,True,2.0,True,False,True,True,LEADERSHIP_STRONG,PRIOR_ONLY_THRESHOLDS_READY,R3_ISOLATED_LEADERSHIP,0.75,0.5,E2 DEVELOPMENTAL; A4F THRESHOLDS ARE PRIOR-ONLY; NO E3 CONFIRMATION,2022-06-01,0.75
2022-06-30,2022-07-01,2026-08-21,16,"[""CHINA_INTERNET"", ""EUROPE_BANKS"", ""GLOBAL_AGRIBUSINESS"", ""GLOBAL_BATTERY_EV"", ""GLOBAL_BIOTECHNOLOGY"", ""GLOBAL_CLEAN_ENERGY"", ""GLOBAL_CYBERSECURITY"", ""GLOBAL_GOLD_MINERS"", ""GLOBAL_INFRASTRUCTURE"", ""GLOBAL_OIL_GAS"", ""GLOBAL_ROBOTICS_AUTOMATION"", ""GLOBAL_SEMICONDUCTORS"", ""GLOBAL_SOFTWARE"", ""GLOBAL_TRANSPORTATION"", ""GLOBAL_WATER"", ""US_BANKS""]",7,GLOBAL_OIL_GAS;GLOBAL_INFRASTRUCTURE;CHINA_INTERNET;GLOBAL_AGRIBUSINESS;EUROPE_BANKS;GLOBAL_BATTERY_EV;GLOBAL_WATER,0.867919799499;0.840162907268;0.779166666667;0.697901002506;0.695018796992;0.611842105263;0.600877192982,-0.11999397771755504,0.0031877385035490313,-0.12318171622110408,-0.026076814129801562,0.003458036737693071,-0.029534850867494633,0.19741625006689104,0.19895273899033283,0.6676470588235294,16,3,0.19467848571848673,0.30577224310776946,0.1191918808593837,0.13628817916198244,0.49651930252429716,0.5364630334912392,0.1875,0.25,0.8571428571428571,-0.12355675513570241,0.16351999404732973,0.0766233766233767,0.7499167901003558,140,101,100,True,True,True,3.0,True,False,False,False,LEADERSHIP_WEAK,PRIOR_ONLY_THRESHOLDS_READY,R4_CAPITAL_PRESERVATION,0.75,0.5,E2 DEVELOPMENTAL; A4F THRESHOLDS ARE PRIOR-ONLY; NO E3 CONFIRMATION,2022-07-01,0.75
2022-07-29,2022-08-01,2026-08-21,16,"[""CHINA_INTERNET"", ""EUROPE_BANKS"", ""GLOBAL_AGRIBUSINESS"", ""GLOBAL_BATTERY_EV"", ""GLOBAL_BIOTECHNOLOGY"", ""GLOBAL_CLEAN_ENERGY"", ""GLOBAL_CYBERSECURITY"", ""GLOBAL_GOLD_MINERS"", ""GLOBAL_INFRASTRUCTURE"", ""GLOBAL_OIL_GAS"", ""GLOBAL_ROBOTICS_AUTOMATION"", ""GLOBAL_SEMICONDUCTORS"", ""GLOBAL_SOFTWARE"", ""GLOBAL_TRANSPORTATION"", ""GLOBAL_WATER"", ""US_BANKS""]",7,GLOBAL_OIL_GAS;GLOBAL_CLEAN_ENERGY;GLOBAL_INFRASTRUCTURE;GLOBAL_BATTERY_EV;GLOBAL_AGRIBUSINESS;GLOBAL_SEMICONDUCTORS;GLOBAL_TRANSPORTATION,0.792606516291;0.770645363409;0.765100250627;0.662781954887;0.598527568922;0.558364661654;0.557894736842,0.013075060532687255,0.003949900264865747,0.009125160267821508,0.03088042049934203,0.004361916686040468,0.026518503813301564,0.2000827608105711,0.12974624060150386,0.411764705882353,16,4,0.18775995069884838,0.17929197994987472,0.0667799517657704,0.16131869432843432,0.47073686064240167,0.5138627654089669,0.25,0.1875,0.5714285714285714,-0.058929374718848404,0.17012376094792256,0.07673160173160182,0.7453290351953586,141,102,101,False,False,True,1.0,True,False,False,False,LEADERSHIP_WEAK,PRIOR_ONLY_THRESHOLDS_READY,R1_BROAD_RISK_ON,0.75,0.5,E2 DEVELOPMENTAL; A4F THRESHOLDS ARE PRIOR-ONLY; NO E3 CONFIRMATION,2022-08-01,0.75
2022-08-31,2022-09-01,2026-08-21,15,"[""CHINA_INTERNET"", ""EUROPE_BANKS"", ""GLOBAL_AGRIBUSINESS"", ""GLOBAL_BATTERY_EV"", ""GLOBAL_CLEAN_ENERGY"", ""GLOBAL_CYBERSECURITY"", ""GLOBAL_GOLD_MINERS"", ""GLOBAL_INFRASTRUCTURE"", ""GLOBAL_OIL_GAS"", ""GLOBAL_ROBOTICS_AUTOMATION"", ""GLOBAL_SEMICONDUCTORS"", ""GLOBAL_SOFTWARE"", ""GLOBAL_TRANSPORTATION"", ""GLOBAL_WATER"", ""US_BANKS""]",7,GLOBAL_OIL_GAS;GLOBAL_CLEAN_ENERGY;GLOBAL_AGRIBUSINESS;GLOBAL_INFRASTRUCTURE;GLOBAL_BATTERY_EV;GLOBAL_CYBERSECURITY;CHINA_INTERNET,0.8125;0.7675;0.746666666667;0.7225;0.694166666667;0.641666666667;0.539166666667,0.029201817001946795,0.005047565918300023,0.02415425108364677,0.009146583949733333,0.005757704240767936,0.0033888797089653977,0.17260664120408897,0.2701190476190476,0.8073302980421347,15,4,0.2070688291365941,0.33958333333333324,0.06739971354316454,0.18683782826545514,0.44761849569347845,0.5153789878818116,0.26666666666666666,0.26666666666666666,0.7142857142857143,-0.048732943469785184,0.170264359936559,0.07683982683982693,0.7444183804954834,142,103,102,False,False,True,1.0,True,True,False,True,LEADERSHIP_STRONG,PRIOR_ONLY_THRESHOLDS_READY,R2_LEADERSHIP_RISK_ON,0.75,0.5,E2 DEVELOPMENTAL; A4F THRESHOLDS ARE PRIOR-ONLY; NO E3 CONFIRMATION,2022-09-01,0.75
2022-09-30,2022-10-03,2026-08-21,15,"[""CHINA_INTERNET"", ""EUROPE_BANKS"", ""GLOBAL_AGRIBUSINESS"", ""GLOBAL_BATTERY_EV"", ""GLOBAL_CLEAN_ENERGY"", ""GLOBAL_CYBERSECURITY"", ""GLOBAL_GOLD_MINERS"", ""GLOBAL_INFRASTRUCTURE"", ""GLOBAL_OIL_GAS"", ""GLOBAL_ROBOTICS_AUTOMATION"", ""GLOBAL_SEMICONDUCTORS"", ""GLOBAL_SOFTWARE"", ""GLOBAL_TRANSPORTATION"", ""GLOBAL_WATER"", ""US_BANKS""]",7,GLOBAL_OIL_GAS;GLOBAL_BATTERY_EV;GLOBAL_AGRIBUSINESS;GLOBAL_CYBERSECURITY;GLOBAL_INFRASTRUCTURE;US_BANKS;EUROPE_BANKS,0.92;0.776666666667;0.733333333333;0.6475;0.57;0.559166666667;0.559166666667,-0.07079646017699126,0.006105589432126468,-0.07690204960911773,-0.023099133782483183,0.007212436258376753,-0.030311570040859936,0.1639560697601625,0.1958333333333333,0.5928571428571427,15,3,0.19555132571183023,0.2775000000000001,0.07979722141909912,0.11098225972746467,0.5289386320677,0.5460011737310484,0.2,0.2,0.7142857142857143,-0.08681961313540221,0.17097387545054107,0.07770562770562772,0.7453290351953586,143,104,103,True,True,False,2.0,True,False,False,False,LEADERSHIP_WEAK,PRIOR_ONLY_THRESHOLDS_READY,R4_CAPITAL_PRESERVATION,0.75,0.5,E2 DEVELOPMENTAL; A4F THRESHOLDS ARE PRIOR-ONLY; NO E3 CONFIRMATION,2022-10-03,0.75
2022-10-31,2022-11-01,2026-08-21,16,"[""CHINA_INTERNET"", ""EUROPE_BANKS"", ""GLOBAL_AGRIBUSINESS"", ""GLOBAL_BATTERY_EV"", ""GLOBAL_BIOTECHNOLOGY"", ""GLOBAL_CLEAN_ENERGY"", ""GLOBAL_CYBERSECURITY"", ""GLOBAL_GOLD_MINERS"", ""GLOBAL_INFRASTRUCTURE"", ""GLOBAL_OIL_GAS"", ""GLOBAL_ROBOTICS_AUTOMATION"", ""GLOBAL_SEMICONDUCTORS"", ""GLOBAL_SOFTWARE"", ""GLOBAL_TRANSPORTATION"", ""GLOBAL_WATER"", ""US_BANKS""]",7,GLOBAL_OIL_GAS;EUROPE_BANKS;US_BANKS;GLOBAL_AGRIBUSINESS;GLOBAL_BIOTECHNOLOGY;GLOBAL_BATTERY_EV;GLOBAL_CYBERSECURITY,0.985714285714;0.88966846464;0.807908357851;0.778215920235;0.723123024954;0.701614089572;0.624866514111,-0.010650135113654424,0.0073662080961571785,-0.018016343209811603,-0.019070133963750124,0.00902389700247963,-0.028094030966229755,0.16906465686405026,0.23172303818552575,0.7667951688956542,15,2,0.2572559769932568,0.41363394900294204,0.1435469732815205,0.1333718521737577,0.5339592701782511,0.5481201379658706,0.1875,0.25,0.8571428571428571,-0.06672664567401343,0.17064255085832278,0.07857142857142851,0.7444183804954834,144,105,104,True,True,False,2.0,True,True,False,True,LEADERSHIP_STRONG,PRIOR_ONLY_THRESHOLDS_READY,R3_ISOLATED_LEADERSHIP,0.75,0.5,E2 DEVELOPMENTAL; A4F THRESHOLDS ARE PRIOR-ONLY; NO E3 CONFIRMATION,2022-11-01,0.75
2022-11-30,2022-12-01,2026-08-21,18,"[""CHINA_INTERNET"", ""EUROPE_BANKS"", ""GLOBAL_AGRIBUSINESS"", ""GLOBAL_BATTERY_EV"", ""GLOBAL_BIOTECHNOLOGY"", ""GLOBAL_CLEAN_ENERGY"", ""GLOBAL_CYBERSECURITY"", ""GLOBAL_GENOMICS"", ""GLOBAL_GOLD_MINERS"", ""GLOBAL_INFRASTRUCTURE"", ""GLOBAL_OIL_GAS"", ""GLOBAL_RETAIL"", ""GLOBAL_ROBOTICS_AUTOMATION"", ""GLOBAL_SEMICONDUCTORS"", ""GLOBAL_SOFTWARE"", ""GLOBAL_TRANSPORTATION"", ""GLOBAL_WATER"", ""US_BANKS""]",7,EUROPE_BANKS;GLOBAL_BIOTECHNOLOGY;GLOBAL_BATTERY_EV;GLOBAL_OIL_GAS;US_BANKS;GLOBAL_GOLD_MINERS;GLOBAL_TRANSPORTATION,0.911544011544;0.858982683983;0.815079365079;0.755411255411;0.63943001443;0.629292929293;0.62031024531,0.015862738750404448,0.008885527309203445,0.006977211441201003,-0.04022021715858659,0.011317561184193137,-0.05153777834277973,0.16373928051313796,0.18172799422799413,0.6007275713805805,16,3,0.21606570927861837,0.22239357864357867,0.12001428369797057,0.057004818560924014,0.49268925389559737,0.5336995575511144,0.2777777777777778,0.2777777777777778,0.7142857142857143,-0.05892937471884807,0.17031122626610448,0.07857142857142854,0.7453290351953586,145,106,105,False,True,False,1.0,True,False,False,False,LEADERSHIP_WEAK,PRIOR_ONLY_THRESHOLDS_READY,R1_BROAD_RISK_ON,0.75,0.5,E2 DEVELOPMENTAL; A4F THRESHOLDS ARE PRIOR-ONLY; NO E3 CONFIRMATION,2022-12-01,0.75
2022-12-30,2023-01-03,2026-08-21,18,"[""CHINA_INTERNET"", ""EUROPE_BANKS"", ""GLOBAL_AGRIBUSINESS"", ""GLOBAL_BATTERY_EV"", ""GLOBAL_BIOTECHNOLOGY"", ""GLOBAL_CLEAN_ENERGY"", ""GLOBAL_CYBERSECURITY"", ""GLOBAL_GENOMICS"", ""GLOBAL_GOLD_MINERS"", ""GLOBAL_INFRASTRUCTURE"", ""GLOBAL_OIL_GAS"", ""GLOBAL_RETAIL"", ""GLOBAL_ROBOTICS_AUTOMATION"", ""GLOBAL_SEMICONDUCTORS"", ""GLOBAL_SOFTWARE"", ""GLOBAL_TRANSPORTATION"", ""GLOBAL_WATER"", ""US_BANKS""]",7,EUROPE_BANKS;GLOBAL_GOLD_MINERS;GLOBAL_WATER;GLOBAL_BIOTECHNOLOGY;GLOBAL_OIL_GAS;CHINA_INTERNET;GLOBAL_TRANSPORTATION,0.955050505051;0.850288600289;0.705194805195;0.704365079365;0.701623376623;0.672510822511;0.665981240981,0.029501525940996975,0.010603232922198336,0.01889829301879864,-0.08650519031141868,0.013830794585034667,-0.10033598489645335,0.13697983270720573,0.20187074829931972,0.8390092879256965,18,3,0.2165387773271278,0.3158369408369408,0.07474949501206257,0.12696785559061663,0.4454837232990815,0.4665398557201556,0.2777777777777778,0.3888888888888889,0.7142857142857143,-0.08774038461538458,0.170264359936559,0.07857142857142857,0.7444183804954834,146,107,106,False,True,False,1.0,True,True,False,True,LEADERSHIP_STRONG,PRIOR_ONLY_THRESHOLDS_READY,R2_LEADERSHIP_RISK_ON,0.75,0.5,E2 DEVELOPMENTAL; A4F THRESHOLDS ARE PRIOR-ONLY; NO E3 CONFIRMATION,2023-01-03,0.75
2023-01-31,2023-02-01,2026-08-21,17,"[""CHINA_INTERNET"", ""EUROPE_BANKS"", ""GLOBAL_AGRIBUSINESS"", ""GLOBAL_BATTERY_EV"", ""GLOBAL_CLEAN_ENERGY"", ""GLOBAL_CYBERSECURITY"", ""GLOBAL_GENOMICS"", ""GLOBAL_GOLD_MINERS"", ""GLOBAL_INFRASTRUCTURE"", ""GLOBAL_OIL_GAS"", ""GLOBAL_RETAIL"", ""GLOBAL_ROBOTICS_AUTOMATION"", ""GLOBAL_SEMICONDUCTORS"", ""GLOBAL_SOFTWARE"", ""GLOBAL_TRANSPORTATION"", ""GLOBAL_WATER"", ""US_BANKS""]",7,EUROPE_BANKS;CHINA_INTERNET;GLOBAL_GOLD_MINERS;GLOBAL_RETAIL;GLOBAL_TRANSPORTATION;GLOBAL_BATTERY_EV;GLOBAL_SEMICONDUCTORS,0.943137254902;0.887366946779;0.861610644258;0.725294117647;0.657885154062;0.646274509804;0.558921568627,0.010205708818370463,0.01257514516178082,-0.0023694363434103582,0.03428571428571425,0.01666819183187629,0.017617522453837964,0.12679627620953487,0.26023809523809516,0.6726243480630261,17,5,0.2309581113723939,0.2900700280112045,0.21642062208616686,0.15693292479325305,0.47653216487870886,0.4962426931673645,0.5882352941176471,0.5882352941176471,0.5714285714285714,-0.04015151515151494,0.17021749360701352,0.08115079365079356,0.7453290351953586,147,108,107,True,False,False,1.0,True,False,True,True,LEADERSHIP_STRONG,PRIOR_ONLY_THRESHOLDS_READY,R2_LEADERSHIP_RISK_ON,0.75,0.5,E2 DEVELOPMENTAL; A4F THRESHOLDS ARE PRIOR-ONLY; NO E3 CONFIRMATION,2023-02-01,0.75
2023-02-28,2023-03-01,2026-08-21,19,"[""CHINA_INTERNET"", ""EUROPE_BANKS"", ""GLOBAL_AGRIBUSINESS"", ""GLOBAL_BATTERY_EV"", ""GLOBAL_BIOTECHNOLOGY"", ""GLOBAL_CLEAN_ENERGY"", ""GLOBAL_CYBERSECURITY"", ""GLOBAL_GENOMICS"", ""GLOBAL_GOLD_MINERS"", ""GLOBAL_INFRASTRUCTURE"", ""GLOBAL_OIL_GAS"", ""GLOBAL_RETAIL"", ""GLOBAL_ROBOTICS_AUTOMATION"", ""GLOBAL_SEMICONDUCTORS"", ""GLOBAL_SOFTWARE"", ""GLOBAL_SOLAR"", ""GLOBAL_TRANSPORTATION"", ""GLOBAL_WATER"", ""US_BANKS""]",7,EUROPE_BANKS;GLOBAL_WATER;GLOBAL_ROBOTICS_AUTOMATION;GLOBAL_SEMICONDUCTORS;GLOBAL_BATTERY_EV;GLOBAL_TRANSPORTATION;GLOBAL_RETAIL,1;0.78470608339;0.77019822283;0.754340396446;0.727323991798;0.60521189337;0.547812713602,-0.004717722912407907,0.014234429857232112,-0.01895215276964002,0.029943043124491364,0.019344220379434285,0.01059882274505708,0.14515696638867037,0.25263157894736843,0.5860247118107712,17,3,0.19286415151607486,0.2978896103896104,0.11215952985788247,0.1506204472185122,0.48409338807988067,0.49913583724063176,0.3684210526315789,0.3157894736842105,0.7142857142857143,-0.04251134644478061,0.17017062727746804,0.08373015873015854,0.7444183804954834,148,109,108,True,False,False,1.0,True,False,False,False,LEADERSHIP_WEAK,PRIOR_ONLY_THRESHOLDS_READY,R1_BROAD_RISK_ON,0.75,0.5,E2 DEVELOPMENTAL; A4F THRESHOLDS ARE PRIOR-ONLY; NO E3 CONFIRMATION,2023-03-01,0.75
2023-03-31,2023-04-03,2026-08-21,19,"[""CHINA_INTERNET"", ""EUROPE_BANKS"", ""GLOBAL_AGRIBUSINESS"", ""GLOBAL_BATTERY_EV"", ""GLOBAL_BIOTECHNOLOGY"", ""GLOBAL_CLEAN_ENERGY"", ""GLOBAL_CYBERSECURITY"", ""GLOBAL_GENOMICS"", ""GLOBAL_GOLD_MINERS"", ""GLOBAL_INFRASTRUCTURE"", ""GLOBAL_OIL_GAS"", ""GLOBAL_RETAIL"", ""GLOBAL_ROBOTICS_AUTOMATION"", ""GLOBAL_SEMICONDUCTORS"", ""GLOBAL_SOFTWARE"", ""GLOBAL_SOLAR"", ""GLOBAL_TRANSPORTATION"", ""GLOBAL_WATER"", ""US_BANKS""]",7,GLOBAL_SEMICONDUCTORS;GLOBAL_ROBOTICS_AUTOMATION;GLOBAL_GOLD_MINERS;GLOBAL_WATER;GLOBAL_BATTERY_EV;GLOBAL_TRANSPORTATION;EUROPE_BANKS,0.914114832536;0.819497607656;0.748684210526;0.723803827751;0.719019138756;0.708732057416;0.645454545455,0.05513118565260644,0.0158736536510502,0.03925753200155624,-0.029182582123759127,0.022238895850740015,-0.05142147797449914,0.16002244698012222,0.20023923444976077,0.6894736842105263,19,2,0.21618138802321443,0.3247009569377991,0.13236636796399143,0.22974671407500624,0.4567633606590278,0.4373694222714155,0.15789473684210525,0.42105263157894735,0.8571428571428571,-0.03872919818456899,0.17012376094792256,0.08477217227217221,0.7435077257956081,149,110,109,False,True,False,1.0,True,False,False,False,LEADERSHIP_WEAK,PRIOR_ONLY_THRESHOLDS_READY,R1_BROAD_RISK_ON,0.75,0.5,E2 DEVELOPMENTAL; A4F THRESHOLDS ARE PRIOR-ONLY; NO E3 CONFIRMATION,2023-04-03,0.75
2023-04-28,2023-05-02,2026-08-21,18,"[""CHINA_INTERNET"", ""EUROPE_BANKS"", ""GLOBAL_AGRIBUSINESS"", ""GLOBAL_BATTERY_EV"", ""GLOBAL_CLEAN_ENERGY"", ""GLOBAL_CYBERSECURITY"", ""GLOBAL_GENOMICS"", ""GLOBAL_GOLD_MINERS"", ""GLOBAL_INFRASTRUCTURE"", ""GLOBAL_OIL_GAS"", ""GLOBAL_RETAIL"", ""GLOBAL_ROBOTICS_AUTOMATION"", ""GLOBAL_SEMICONDUCTORS"", ""GLOBAL_SOFTWARE"", ""GLOBAL_SOLAR"", ""GLOBAL_TRANSPORTATION"", ""GLOBAL_WATER"", ""US_BANKS""]",7,GLOBAL_GOLD_MINERS;GLOBAL_WATER;GLOBAL_SEMICONDUCTORS;EUROPE_BANKS;GLOBAL_TRANSPORTATION;GLOBAL_ROBOTICS_AUTOMATION;GLOBAL_BATTERY_EV,0.895238095238;0.857936507937;0.783333333333;0.742857142857;0.696825396825;0.660317460317;0.615079365079,0.03778501628664377,0.017619997051820935,0.020165019234822834,0.017160188362996598,0.024911784103180734,-0.007751595740184136,0.14590559134689066,0.27562358276643995,0.7474338507517468,18,6,0.20676177214147012,0.330952380952381,0.09251449357134961,0.24567538057838265,0.4517925245936918,0.4506183967465651,0.4444444444444444,0.4444444444444444,1.0,-0.03600605143721691,0.16985898492695448,0.08581418581418587,0.742632983776925,150,111,110,False,True,False,1.0,True,True,True,True,LEADERSHIP_STRONG,PRIOR_ONLY_THRESHOLDS_READY,R2_LEADERSHIP_RISK_ON,0.75,0.5,E2 DEVELOPMENTAL; A4F THRESHOLDS ARE PRIOR-ONLY; NO E3 CONFIRMATION,2023-05-02,0.75
2023-05-31,2023-06-01,2026-08-21,21,"[""CHINA_INTERNET"", ""EUROPE_BANKS"", ""GLOBAL_AGRIBUSINESS"", ""GLOBAL_BATTERY_EV"", ""GLOBAL_BIOTECHNOLOGY"", ""GLOBAL_CLEAN_ENERGY"", ""GLOBAL_CYBERSECURITY"", ""GLOBAL_GENOMICS"", ""GLOBAL_GOLD_MINERS"", ""GLOBAL_INFRASTRUCTURE"", ""GLOBAL_OIL_GAS"", ""GLOBAL_RETAIL"", ""GLOBAL_ROBOTICS_AUTOMATION"", ""GLOBAL_SEMICONDUCTORS"", ""GLOBAL_SILVER_MINERS"", ""GLOBAL_SOFTWARE"", ""GLOBAL_SOLAR"", ""GLOBAL_TRANSPORTATION"", ""GLOBAL_URANIUM_NUCLEAR"", ""GLOBAL_WATER"", ""US_BANKS""]",7,GLOBAL_SEMICONDUCTORS;GLOBAL_SOFTWARE;GLOBAL_ROBOTICS_AUTOMATION;GLOBAL_CYBERSECURITY;GLOBAL_WATER;GLOBAL_GOLD_MINERS;GLOBAL_BATTERY_EV,1;0.881493506494;0.858658008658;0.770562770563;0.744155844156;0.700649350649;0.684632034632,0.01750198886236931,0.019409956677811202,-0.001907967815441891,0.051636244038808066,0.028138105275270497,0.023498138763537568,0.1345604437077531,0.37543290043290034,0.6011393382631313,18,6,0.24780592714442365,0.3966450216450218,0.13011826452473452,0.18942635722682255,0.4175224718160165,0.4126568495717206,0.42857142857142855,0.3333333333333333,0.7142857142857143,-0.032526475037822244,0.16959420890598642,0.08723776223776225,0.7435077257956081,151,112,111,True,False,False,1.0,True,False,True,True,LEADERSHIP_STRONG,PRIOR_ONLY_THRESHOLDS_READY,R2_LEADERSHIP_RISK_ON,0.75,0.5,E2 DEVELOPMENTAL; A4F THRESHOLDS ARE PRIOR-ONLY; NO E3 CONFIRMATION,2023-06-01,0.75
2023-06-30,2023-07-03,2026-08-21,21,"[""CHINA_INTERNET"", ""EUROPE_BANKS"", ""GLOBAL_AGRIBUSINESS"", ""GLOBAL_BATTERY_EV"", ""GLOBAL_BIOTECHNOLOGY"", ""GLOBAL_CLEAN_ENERGY"", ""GLOBAL_CYBERSECURITY"", ""GLOBAL_GENOMICS"", ""GLOBAL_GOLD_MINERS"", ""GLOBAL_INFRASTRUCTURE"", ""GLOBAL_OIL_GAS"", ""GLOBAL_RETAIL"", ""GLOBAL_ROBOTICS_AUTOMATION"", ""GLOBAL_SEMICONDUCTORS"", ""GLOBAL_SILVER_MINERS"", ""GLOBAL_SOFTWARE"", ""GLOBAL_SOLAR"", ""GLOBAL_TRANSPORTATION"", ""GLOBAL_URANIUM_NUCLEAR"", ""GLOBAL_WATER"", ""US_BANKS""]",7,GLOBAL_SEMICONDUCTORS;GLOBAL_SOFTWARE;GLOBAL_BATTERY_EV;EUROPE_BANKS;GLOBAL_ROBOTICS_AUTOMATION;GLOBAL_WATER;GLOBAL_CYBERSECURITY,0.940909090909;0.851948051948;0.849134199134;0.790476190476;0.778246753247;0.732359307359;0.712878787879,0.09735099337748254,0.020231030016237828,0.07711996336124471,0.11959459459459354,0.030925078592483723,0.08866951600210982,0.10286852974682588,0.3809369202226345,0.7337662337662337,21,7,0.2570316624724033,0.432034632034632,0.15670878059760152,0.2481710958088057,0.4047941260227974,0.41967237776014027,0.47619047619047616,0.23809523809523808,0.8571428571428571,0.0,0.16932943288501834,0.08866133866133863,0.742632983776925,152,113,112,False,False,False,0.0,True,False,True,True,LEADERSHIP_STRONG,PRIOR_ONLY_THRESHOLDS_READY,R2_LEADERSHIP_RISK_ON,0.75,0.5,E2 DEVELOPMENTAL; A4F THRESHOLDS ARE PRIOR-ONLY; NO E3 CONFIRMATION,2023-07-03,0.75
2023-07-31,2023-08-01,2026-08-21,21,"[""CHINA_INTERNET"", ""EUROPE_BANKS"", ""GLOBAL_AGRIBUSINESS"", ""GLOBAL_BATTERY_EV"", ""GLOBAL_BIOTECHNOLOGY"", ""GLOBAL_CLEAN_ENERGY"", ""GLOBAL_CYBERSECURITY"", ""GLOBAL_GENOMICS"", ""GLOBAL_GOLD_MINERS"", ""GLOBAL_INFRASTRUCTURE"", ""GLOBAL_OIL_GAS"", ""GLOBAL_RETAIL"", ""GLOBAL_ROBOTICS_AUTOMATION"", ""GLOBAL_SEMICONDUCTORS"", ""GLOBAL_SILVER_MINERS"", ""GLOBAL_SOFTWARE"", ""GLOBAL_SOLAR"", ""GLOBAL_TRANSPORTATION"", ""GLOBAL_URANIUM_NUCLEAR"", ""GLOBAL_WATER"", ""US_BANKS""]",7,GLOBAL_SEMICONDUCTORS;GLOBAL_SOFTWARE;EUROPE_BANKS;GLOBAL_RETAIL;GLOBAL_CYBERSECURITY;GLOBAL_ROBOTICS_AUTOMATION;GLOBAL_TRANSPORTATION,0.858756822887;0.780133634481;0.773913043478;0.772167325428;0.673240165631;0.646649727085;0.626256352343,0.070333491386122,0.021575804060077752,0.04875768732604424,0.08962188254223591,0.034174425519819085,0.055447457022416824,0.1087736963527474,0.16050590196552939,0.8480519480519481,21,7,0.21703001068048963,0.23839638622247317,0.12921820201622558,0.17094055886902715,0.40423707810793513,0.41206124192137045,0.5238095238095238,0.42857142857142855,0.7142857142857143,-0.0001476450612727387,0.16906465686405026,0.08931235431235424,0.7417582417582418,153,114,113,False,False,False,0.0,True,True,True,True,LEADERSHIP_STRONG,PRIOR_ONLY_THRESHOLDS_READY,R2_LEADERSHIP_RISK_ON,0.75,0.5,E2 DEVELOPMENTAL; A4F THRESHOLDS ARE PRIOR-ONLY; NO E3 CONFIRMATION,2023-08-01,0.75
2023-08-31,2023-09-01,2026-08-21,21,"[""CHINA_INTERNET"", ""EUROPE_BANKS"", ""GLOBAL_AGRIBUSINESS"", ""GLOBAL_BATTERY_EV"", ""GLOBAL_BIOTECHNOLOGY"", ""GLOBAL_CLEAN_ENERGY"", ""GLOBAL_CYBERSECURITY"", ""GLOBAL_GENOMICS"", ""GLOBAL_GOLD_MINERS"", ""GLOBAL_INFRASTRUCTURE"", ""GLOBAL_OIL_GAS"", ""GLOBAL_RETAIL"", ""GLOBAL_ROBOTICS_AUTOMATION"", ""GLOBAL_SEMICONDUCTORS"", ""GLOBAL_SILVER_MINERS"", ""GLOBAL_SOFTWARE"", ""GLOBAL_SOLAR"", ""GLOBAL_TRANSPORTATION"", ""GLOBAL_URANIUM_NUCLEAR"", ""GLOBAL_WATER"", ""US_BANKS""]",7,GLOBAL_SOFTWARE;GLOBAL_URANIUM_NUCLEAR;GLOBAL_OIL_GAS;GLOBAL_SEMICONDUCTORS;GLOBAL_CYBERSECURITY;EUROPE_BANKS;GLOBAL_TRANSPORTATION,0.854653679654;0.833441558442;0.815692640693;0.813203463203;0.777922077922;0.75;0.69512987013,0.06256912624427136,0.02257207911893655,0.039997047125334806,0.05755621953137169,0.037127809653118904,0.020428409878252785,0.10356550244778023,0.2832096474953618,0.7935064935064934,21,4,0.2408099046571146,0.4296536796536797,0.1026167678776787,0.16434940174873358,0.40190352093865483,0.42100190650092456,0.42857142857142855,0.3333333333333333,0.7142857142857143,-0.009864546525324314,0.16778751008807832,0.08996336996336984,0.742632983776925,154,115,114,False,False,False,0.0,True,True,False,True,LEADERSHIP_STRONG,PRIOR_ONLY_THRESHOLDS_READY,R2_LEADERSHIP_RISK_ON,0.75,0.5,E2 DEVELOPMENTAL; A4F THRESHOLDS ARE PRIOR-ONLY; NO E3 CONFIRMATION,2023-09-01,0.75
2023-09-29,2023-10-02,2026-08-21,22,"[""CHINA_INTERNET"", ""EUROPE_BANKS"", ""GLOBAL_AGRIBUSINESS"", ""GLOBAL_AI"", ""GLOBAL_BATTERY_EV"", ""GLOBAL_BIOTECHNOLOGY"", ""GLOBAL_CLEAN_ENERGY"", ""GLOBAL_CYBERSECURITY"", ""GLOBAL_GENOMICS"", ""GLOBAL_GOLD_MINERS"", ""GLOBAL_INFRASTRUCTURE"", ""GLOBAL_OIL_GAS"", ""GLOBAL_RETAIL"", ""GLOBAL_ROBOTICS_AUTOMATION"", ""GLOBAL_SEMICONDUCTORS"", ""GLOBAL_SILVER_MINERS"", ""GLOBAL_SOFTWARE"", ""GLOBAL_SOLAR"", ""GLOBAL_TRANSPORTATION"", ""GLOBAL_URANIUM_NUCLEAR"", ""GLOBAL_WATER"", ""US_BANKS""]",7,GLOBAL_URANIUM_NUCLEAR;GLOBAL_OIL_GAS;EUROPE_BANKS;GLOBAL_SOFTWARE;GLOBAL_CYBERSECURITY;GLOBAL_SEMICONDUCTORS;GLOBAL_RETAIL,0.981818181818;0.886363636364;0.879545454545;0.840909090909;0.775;0.690909090909;0.627272727273,0.06947771921418244,0.023509923231059382,0.04596779598312306,0.0977949012214101,0.039770467718259095,0.05802443350315101,0.0949146298175748,0.26737012987012976,0.8924658053337142,21,7,0.2533926448356373,0.2943181818181818,0.12410248086488179,0.22833042421757563,0.3970970050338438,0.41634150979975937,0.5909090909090909,0.3181818181818182,0.8571428571428571,-0.021481806225339684,0.1665103633121064,0.09513049450549454,0.7435077257956081,155,116,115,False,False,False,0.0,True,True,True,True,LEADERSHIP_STRONG,PRIOR_ONLY_THRESHOLDS_READY,R2_LEADERSHIP_RISK_ON,0.75,0.5,E2 DEVELOPMENTAL; A4F THRESHOLDS ARE PRIOR-ONLY; NO E3 CONFIRMATION,2023-10-02,0.75
2023-10-31,2023-11-01,2026-08-21,22,"[""CHINA_INTERNET"", ""EUROPE_BANKS"", ""GLOBAL_AGRIBUSINESS"", ""GLOBAL_AI"", ""GLOBAL_BATTERY_EV"", ""GLOBAL_BIOTECHNOLOGY"", ""GLOBAL_CLEAN_ENERGY"", ""GLOBAL_CYBERSECURITY"", ""GLOBAL_GENOMICS"", ""GLOBAL_GOLD_MINERS"", ""GLOBAL_INFRASTRUCTURE"", ""GLOBAL_OIL_GAS"", ""GLOBAL_RETAIL"", ""GLOBAL_ROBOTICS_AUTOMATION"", ""GLOBAL_SEMICONDUCTORS"", ""GLOBAL_SILVER_MINERS"", ""GLOBAL_SOFTWARE"", ""GLOBAL_SOLAR"", ""GLOBAL_TRANSPORTATION"", ""GLOBAL_URANIUM_NUCLEAR"", ""GLOBAL_WATER"", ""US_BANKS""]",7,GLOBAL_URANIUM_NUCLEAR;GLOBAL_OIL_GAS;EUROPE_BANKS;GLOBAL_CYBERSECURITY;GLOBAL_SOFTWARE;GLOBAL_SEMICONDUCTORS;GLOBAL_GOLD_MINERS,0.972727272727;0.829545454545;0.820454545455;0.759090909091;0.743181818182;0.743181818182;0.702272727273,0.025556081400851083,0.02403121710003986,0.001524864300811224,0.04450514138817274,0.04241227941177628,0.002092861976396465,0.09853733380394966,0.27759740259740284,0.7551539414374591,22,5,0.24091493833539673,0.3488636363636363,0.08671720630886237,0.2275763976968711,0.41356382371942046,0.4366712061690108,0.5,0.5,0.8571428571428571,-0.049978079789566365,0.16523321653613443,0.10029761904761925,0.7444183804954834,156,117,116,False,False,False,0.0,True,True,True,True,LEADERSHIP_STRONG,PRIOR_ONLY_THRESHOLDS_READY,R2_LEADERSHIP_RISK_ON,0.75,0.5,E2 DEVELOPMENTAL; A4F THRESHOLDS ARE PRIOR-ONLY; NO E3 CONFIRMATION,2023-11-01,0.75
2023-11-30,2023-12-01,2026-08-21,22,"[""CHINA_INTERNET"", ""EUROPE_BANKS"", ""GLOBAL_AGRIBUSINESS"", ""GLOBAL_AI"", ""GLOBAL_BATTERY_EV"", ""GLOBAL_BIOTECHNOLOGY"", ""GLOBAL_CLEAN_ENERGY"", ""GLOBAL_CYBERSECURITY"", ""GLOBAL_GENOMICS"", ""GLOBAL_GOLD_MINERS"", ""GLOBAL_INFRASTRUCTURE"", ""GLOBAL_OIL_GAS"", ""GLOBAL_RETAIL"", ""GLOBAL_ROBOTICS_AUTOMATION"", ""GLOBAL_SEMICONDUCTORS"", ""GLOBAL_SILVER_MINERS"", ""GLOBAL_SOFTWARE"", ""GLOBAL_SOLAR"", ""GLOBAL_TRANSPORTATION"", ""GLOBAL_URANIUM_NUCLEAR"", ""GLOBAL_WATER"", ""US_BANKS""]",7,GLOBAL_AI;EUROPE_BANKS;GLOBAL_URANIUM_NUCLEAR;GLOBAL_SEMICONDUCTORS;GLOBAL_CYBERSECURITY;GLOBAL_RETAIL;GLOBAL_GOLD_MINERS,0.840909090909;0.829545454545;0.811363636364;0.790909090909;0.768181818182;0.747727272727;0.697727272727,0.03502773345490384,0.024208915529391417,0.010818817925512425,0.08524537922243258,0.044337135922027926,0.040908243300404656,0.10040173157159296,0.19058441558441552,0.7120271033314512,22,7,0.23769491586443037,0.4136363636363635,0.1119111283682794,0.1310605885821774,0.428106643435945,0.47240051475992595,0.5,0.45454545454545453,0.7142857142857143,-0.012182741116751439,0.1639560697601625,0.10069826007326016,0.7453290351953586,157,118,117,False,False,False,0.0,True,False,True,True,LEADERSHIP_STRONG,PRIOR_ONLY_THRESHOLDS_READY,R2_LEADERSHIP_RISK_ON,0.75,0.5,E2 DEVELOPMENTAL; A4F THRESHOLDS ARE PRIOR-ONLY; NO E3 CONFIRMATION,2023-12-01,0.75
2023-12-29,2024-01-02,2026-08-21,21,"[""CHINA_INTERNET"", ""EUROPE_BANKS"", ""GLOBAL_AGRIBUSINESS"", ""GLOBAL_AI"", ""GLOBAL_BATTERY_EV"", ""GLOBAL_CLEAN_ENERGY"", ""GLOBAL_CYBERSECURITY"", ""GLOBAL_GENOMICS"", ""GLOBAL_GOLD_MINERS"", ""GLOBAL_INFRASTRUCTURE"", ""GLOBAL_OIL_GAS"", ""GLOBAL_RETAIL"", ""GLOBAL_ROBOTICS_AUTOMATION"", ""GLOBAL_SEMICONDUCTORS"", ""GLOBAL_SILVER_MINERS"", ""GLOBAL_SOFTWARE"", ""GLOBAL_SOLAR"", ""GLOBAL_TRANSPORTATION"", ""GLOBAL_URANIUM_NUCLEAR"", ""GLOBAL_WATER"", ""US_BANKS""]",7,GLOBAL_AI;GLOBAL_SEMICONDUCTORS;GLOBAL_CYBERSECURITY;US_BANKS;GLOBAL_SOFTWARE;GLOBAL_ROBOTICS_AUTOMATION;GLOBAL_RETAIL,0.980952380952;0.87380952381;0.771428571429;0.740476190476;0.730952380952;0.719047619048;0.67380952381,0.07223306802823148,0.02489410429927985,0.04733896372895163,0.17222131012969744,0.04594571953125004,0.1262755905984474,0.09618471680868233,0.2700680272108845,0.8074295157753433,21,6,0.22544392852014794,0.4,0.1429266768282521,0.1813255050804844,0.42916466948798704,0.4717806294638138,0.5238095238095238,0.42857142857142855,0.5714285714285714,0.0,0.16390187244840637,0.10109890109890107,0.7444183804954834,158,119,118,False,False,False,0.0,True,True,True,True,LEADERSHIP_STRONG,PRIOR_ONLY_THRESHOLDS_READY,R2_LEADERSHIP_RISK_ON,0.75,0.5,E2 DEVELOPMENTAL; A4F THRESHOLDS ARE PRIOR-ONLY; NO E3 CONFIRMATION,2024-01-02,0.75
2024-01-31,2024-02-01,2026-08-21,22,"[""CHINA_INTERNET"", ""EUROPE_BANKS"", ""GLOBAL_AGRIBUSINESS"", ""GLOBAL_AI"", ""GLOBAL_BATTERY_EV"", ""GLOBAL_BIOTECHNOLOGY"", ""GLOBAL_CLEAN_ENERGY"", ""GLOBAL_CYBERSECURITY"", ""GLOBAL_GENOMICS"", ""GLOBAL_GOLD_MINERS"", ""GLOBAL_INFRASTRUCTURE"", ""GLOBAL_OIL_GAS"", ""GLOBAL_RETAIL"", ""GLOBAL_ROBOTICS_AUTOMATION"", ""GLOBAL_SEMICONDUCTORS"", ""GLOBAL_SILVER_MINERS"", ""GLOBAL_SOFTWARE"", ""GLOBAL_SOLAR"", ""GLOBAL_TRANSPORTATION"", ""GLOBAL_URANIUM_NUCLEAR"", ""GLOBAL_WATER"", ""US_BANKS""]",7,GLOBAL_SEMICONDUCTORS;GLOBAL_URANIUM_NUCLEAR;GLOBAL_CYBERSECURITY;GLOBAL_SOFTWARE;US_BANKS;GLOBAL_ROBOTICS_AUTOMATION;GLOBAL_AI,0.968181818182;0.911363636364;0.870454545455;0.831818181818;0.827272727273;0.795454545455;0.75,0.07866171003717337,0.025526561508825818,0.05313514852834755,0.1450670876085216,0.04754244865809243,0.09752463895042918,0.07838189538882046,0.3426948051948052,0.8538115031084066,21,6,0.2680977596237083,0.48920454545454545,0.17380045894545287,0.18467507285418808,0.39350210983563205,0.45882152679045984,0.36363636363636365,0.2727272727272727,0.8571428571428571,-0.00901639344262295,0.16384767513665022,0.10129620379620385,0.7453290351953586,159,120,119,False,False,False,0.0,True,True,True,True,LEADERSHIP_STRONG,PRIOR_ONLY_THRESHOLDS_READY,R2_LEADERSHIP_RISK_ON,0.75,0.5,E2 DEVELOPMENTAL; A4F THRESHOLDS ARE PRIOR-ONLY; NO E3 CONFIRMATION,2024-02-01,0.75
2024-02-29,2024-03-01,2026-08-21,22,"[""CHINA_INTERNET"", ""EUROPE_BANKS"", ""GLOBAL_AGRIBUSINESS"", ""GLOBAL_AI"", ""GLOBAL_BATTERY_EV"", ""GLOBAL_BIOTECHNOLOGY"", ""GLOBAL_CLEAN_ENERGY"", ""GLOBAL_CYBERSECURITY"", ""GLOBAL_GENOMICS"", ""GLOBAL_GOLD_MINERS"", ""GLOBAL_INFRASTRUCTURE"", ""GLOBAL_OIL_GAS"", ""GLOBAL_RETAIL"", ""GLOBAL_ROBOTICS_AUTOMATION"", ""GLOBAL_SEMICONDUCTORS"", ""GLOBAL_SILVER_MINERS"", ""GLOBAL_SOFTWARE"", ""GLOBAL_SOLAR"", ""GLOBAL_TRANSPORTATION"", ""GLOBAL_URANIUM_NUCLEAR"", ""GLOBAL_WATER"", ""US_BANKS""]",7,GLOBAL_SEMICONDUCTORS;GLOBAL_AI;GLOBAL_RETAIL;GLOBAL_CYBERSECURITY;GLOBAL_SOFTWARE;US_BANKS;GLOBAL_ROBOTICS_AUTOMATION,0.990909090909;0.877272727273;0.827272727273;0.781818181818;0.761363636364;0.736363636364;0.725,0.11614144104157265,0.02539473080305732,0.09074671023851533,0.18840579710144612,0.04857459223056759,0.13983120487087852,0.08486572757329093,0.29042207792207775,0.8698108225981203,22,6,0.2587309011088162,0.4295454545454547,0.13806223318347216,0.23990472154795756,0.3890983866991819,0.45542980972820474,0.4090909090909091,0.3181818181818182,0.8571428571428571,-0.0005299417064124068,0.1637934778248941,0.10149350649350664,0.7463814429735527,160,121,120,False,False,False,0.0,True,True,True,True,LEADERSHIP_STRONG,PRIOR_ONLY_THRESHOLDS_READY,R2_LEADERSHIP_RISK_ON,0.75,0.5,E2 DEVELOPMENTAL; A4F THRESHOLDS ARE PRIOR-ONLY; NO E3 CONFIRMATION,2024-03-01,0.75
2024-03-28,2024-04-02,2026-08-21,22,"[""CHINA_INTERNET"", ""EUROPE_BANKS"", ""GLOBAL_AGRIBUSINESS"", ""GLOBAL_AI"", ""GLOBAL_BATTERY_EV"", ""GLOBAL_BIOTECHNOLOGY"", ""GLOBAL_CLEAN_ENERGY"", ""GLOBAL_CYBERSECURITY"", ""GLOBAL_GENOMICS"", ""GLOBAL_GOLD_MINERS"", ""GLOBAL_INFRASTRUCTURE"", ""GLOBAL_OIL_GAS"", ""GLOBAL_RETAIL"", ""GLOBAL_ROBOTICS_AUTOMATION"", ""GLOBAL_SEMICONDUCTORS"", ""GLOBAL_SILVER_MINERS"", ""GLOBAL_SOFTWARE"", ""GLOBAL_SOLAR"", ""GLOBAL_TRANSPORTATION"", ""GLOBAL_URANIUM_NUCLEAR"", ""GLOBAL_WATER"", ""US_BANKS""]",7,GLOBAL_SEMICONDUCTORS;EUROPE_BANKS;GLOBAL_RETAIL;US_BANKS;GLOBAL_AI;GLOBAL_GOLD_MINERS;GLOBAL_SOFTWARE,0.947727272727;0.868181818182;0.840909090909;0.813636363636;0.806818181818;0.720454545455;0.665909090909,0.16696535244922184,0.02539749237417932,0.14156786007504252,0.24804344353936814,0.04950450870121714,0.198538934838151,0.09629199599788094,0.3625000000000001,0.6941542214110973,22,6,0.2305517587192406,0.3460227272727272,0.09545582736095753,0.22477992595208218,0.39454833844499554,0.45558582357640814,0.5454545454545454,0.36363636363636365,0.7142857142857143,0.0,0.16373928051313796,0.10213564213564225,0.7474338507517468,161,122,121,False,False,False,0.0,True,False,True,True,LEADERSHIP_STRONG,PRIOR_ONLY_THRESHOLDS_READY,R2_LEADERSHIP_RISK_ON,0.75,0.5,E2 DEVELOPMENTAL; A4F THRESHOLDS ARE PRIOR-ONLY; NO E3 CONFIRMATION,2024-04-02,0.75
2024-04-30,2024-05-01,2026-08-21,22,"[""CHINA_INTERNET"", ""EUROPE_BANKS"", ""GLOBAL_AGRIBUSINESS"", ""GLOBAL_AI"", ""GLOBAL_BATTERY_EV"", ""GLOBAL_BIOTECHNOLOGY"", ""GLOBAL_CLEAN_ENERGY"", ""GLOBAL_CYBERSECURITY"", ""GLOBAL_GENOMICS"", ""GLOBAL_GOLD_MINERS"", ""GLOBAL_INFRASTRUCTURE"", ""GLOBAL_OIL_GAS"", ""GLOBAL_RETAIL"", ""GLOBAL_ROBOTICS_AUTOMATION"", ""GLOBAL_SEMICONDUCTORS"", ""GLOBAL_SILVER_MINERS"", ""GLOBAL_SOFTWARE"", ""GLOBAL_SOLAR"", ""GLOBAL_TRANSPORTATION"", ""GLOBAL_URANIUM_NUCLEAR"", ""GLOBAL_WATER"", ""US_BANKS""]",7,EUROPE_BANKS;US_BANKS;GLOBAL_SEMICONDUCTORS;GLOBAL_GOLD_MINERS;GLOBAL_SILVER_MINERS;GLOBAL_RETAIL;GLOBAL_WATER,0.879545454545;0.784090909091;0.779545454545;0.761363636364;0.745454545455;0.695454545455;0.618181818182,0.1829438167466333,0.025690194964948843,0.15725362178168445,0.20590091511517694,0.050311083596704886,0.15558983151847205,0.10891227421955715,0.1826298701298701,0.7899491812535292,22,5,0.20922561237699946,0.2960227272727273,0.16034450919060303,0.1666091848835493,0.38250475482368,0.44658854185405145,0.5909090909090909,0.4090909090909091,0.7142857142857143,-0.021883798310723845,0.16313414498830317,0.10277777777777786,0.7463814429735527,162,123,122,False,False,False,0.0,True,True,True,True,LEADERSHIP_STRONG,PRIOR_ONLY_THRESHOLDS_READY,R2_LEADERSHIP_RISK_ON,0.75,0.5,E2 DEVELOPMENTAL; A4F THRESHOLDS ARE PRIOR-ONLY; NO E3 CONFIRMATION,2024-05-01,0.75
2024-05-31,2024-06-03,2026-08-21,22,"[""CHINA_INTERNET"", ""EUROPE_BANKS"", ""GLOBAL_AGRIBUSINESS"", ""GLOBAL_AI"", ""GLOBAL_BATTERY_EV"", ""GLOBAL_BIOTECHNOLOGY"", ""GLOBAL_CLEAN_ENERGY"", ""GLOBAL_CYBERSECURITY"", ""GLOBAL_GENOMICS"", ""GLOBAL_GOLD_MINERS"", ""GLOBAL_INFRASTRUCTURE"", ""GLOBAL_OIL_GAS"", ""GLOBAL_RETAIL"", ""GLOBAL_ROBOTICS_AUTOMATION"", ""GLOBAL_SEMICONDUCTORS"", ""GLOBAL_SILVER_MINERS"", ""GLOBAL_SOFTWARE"", ""GLOBAL_SOLAR"", ""GLOBAL_TRANSPORTATION"", ""GLOBAL_URANIUM_NUCLEAR"", ""GLOBAL_WATER"", ""US_BANKS""]",7,EUROPE_BANKS;GLOBAL_SILVER_MINERS;GLOBAL_URANIUM_NUCLEAR;GLOBAL_SEMICONDUCTORS;GLOBAL_GOLD_MINERS;US_BANKS;GLOBAL_RETAIL,0.902272727273;0.9;0.881818181818;0.856818181818;0.820454545455;0.727272727273;0.545454545455,0.1365574011465529,0.025984894252609747,0.11057250689394316,0.18154034229828753,0.05103063491556026,0.13050970738272727,0.095866235775578,0.3048701298701301,0.7412430561529438,22,7,0.22727376032823068,0.3414772727272727,0.10696733986086882,0.12452007839035512,0.3524397429853619,0.42319624497746977,0.6818181818181818,0.36363636363636365,0.8571428571428571,-0.023614092688470478,0.16252900946346838,0.10297619047619053,0.7474338507517468,163,124,123,False,False,False,0.0,True,False,True,True,LEADERSHIP_STRONG,PRIOR_ONLY_THRESHOLDS_READY,R2_LEADERSHIP_RISK_ON,0.75,0.5,E2 DEVELOPMENTAL; A4F THRESHOLDS ARE PRIOR-ONLY; NO E3 CONFIRMATION,2024-06-03,0.75
2024-06-28,2024-07-01,2026-08-21,22,"[""CHINA_INTERNET"", ""EUROPE_BANKS"", ""GLOBAL_AGRIBUSINESS"", ""GLOBAL_AI"", ""GLOBAL_BATTERY_EV"", ""GLOBAL_BIOTECHNOLOGY"", ""GLOBAL_CLEAN_ENERGY"", ""GLOBAL_CYBERSECURITY"", ""GLOBAL_GENOMICS"", ""GLOBAL_GOLD_MINERS"", ""GLOBAL_INFRASTRUCTURE"", ""GLOBAL_OIL_GAS"", ""GLOBAL_RETAIL"", ""GLOBAL_ROBOTICS_AUTOMATION"", ""GLOBAL_SEMICONDUCTORS"", ""GLOBAL_SILVER_MINERS"", ""GLOBAL_SOFTWARE"", ""GLOBAL_SOLAR"", ""GLOBAL_TRANSPORTATION"", ""GLOBAL_URANIUM_NUCLEAR"", ""GLOBAL_WATER"", ""US_BANKS""]",7,GLOBAL_SEMICONDUCTORS;US_BANKS;GLOBAL_AI;GLOBAL_GOLD_MINERS;GLOBAL_SOFTWARE;GLOBAL_RETAIL;EUROPE_BANKS,0.988636363636;0.822727272727;0.759090909091;0.727272727273;0.720454545455;0.711363636364;0.704545454545,0.13132445690259265,0.02571029187753915,0.1056141650250535,0.21786360893180312,0.05151451474701885,0.16634909418478427,0.08769979357814464,0.2876623376623376,0.5412430242336281,22,7,0.22559816972844315,0.32500000000000007,0.05412448261006131,0.11776122289319788,0.34333936601782267,0.38790891066431504,0.5909090909090909,0.4090909090909091,0.7142857142857143,0.0,0.16192387393863358,0.1031746031746032,0.7463814429735527,164,125,124,False,False,False,0.0,True,False,True,True,LEADERSHIP_STRONG,PRIOR_ONLY_THRESHOLDS_READY,R2_LEADERSHIP_RISK_ON,0.75,0.5,E2 DEVELOPMENTAL; A4F THRESHOLDS ARE PRIOR-ONLY; NO E3 CONFIRMATION,2024-07-01,0.75
2024-07-31,2024-08-01,2026-08-21,22,"[""CHINA_INTERNET"", ""EUROPE_BANKS"", ""GLOBAL_AGRIBUSINESS"", ""GLOBAL_AI"", ""GLOBAL_BATTERY_EV"", ""GLOBAL_BIOTECHNOLOGY"", ""GLOBAL_CLEAN_ENERGY"", ""GLOBAL_CYBERSECURITY"", ""GLOBAL_GENOMICS"", ""GLOBAL_GOLD_MINERS"", ""GLOBAL_INFRASTRUCTURE"", ""GLOBAL_OIL_GAS"", ""GLOBAL_RETAIL"", ""GLOBAL_ROBOTICS_AUTOMATION"", ""GLOBAL_SEMICONDUCTORS"", ""GLOBAL_SILVER_MINERS"", ""GLOBAL_SOFTWARE"", ""GLOBAL_SOLAR"", ""GLOBAL_TRANSPORTATION"", ""GLOBAL_URANIUM_NUCLEAR"", ""GLOBAL_WATER"", ""US_BANKS""]",7,GLOBAL_GOLD_MINERS;US_BANKS;GLOBAL_SEMICONDUCTORS;GLOBAL_SILVER_MINERS;EUROPE_BANKS;GLOBAL_GENOMICS;GLOBAL_RETAIL,0.943181818182;0.815909090909;0.770454545455;0.765909090909;0.693181818182;0.690909090909;0.670454545455,0.10862972153294748,0.025579221801877328,0.08305049973107015,0.19583643122676442,0.05175873288937671,0.1440776983373877,0.08301711777695117,0.21542207792207801,0.7165443252399775,22,6,0.21368471406442105,0.36818181818181817,0.06646301704662144,0.13544513431656746,0.3341304256711039,0.37687524831927444,0.6818181818181818,0.4090909090909091,0.7142857142857143,-0.0078953861337282,0.1613187384137988,0.10378787878787873,0.7453290351953586,165,126,125,False,False,False,0.0,True,False,True,True,LEADERSHIP_STRONG,PRIOR_ONLY_THRESHOLDS_READY,R2_LEADERSHIP_RISK_ON,0.75,0.5,E2 DEVELOPMENTAL; A4F THRESHOLDS ARE PRIOR-ONLY; NO E3 CONFIRMATION,2024-08-01,0.75
2024-08-30,2024-09-02,2026-08-21,22,"[""CHINA_INTERNET"", ""EUROPE_BANKS"", ""GLOBAL_AGRIBUSINESS"", ""GLOBAL_AI"", ""GLOBAL_BATTERY_EV"", ""GLOBAL_BIOTECHNOLOGY"", ""GLOBAL_CLEAN_ENERGY"", ""GLOBAL_CYBERSECURITY"", ""GLOBAL_GENOMICS"", ""GLOBAL_GOLD_MINERS"", ""GLOBAL_INFRASTRUCTURE"", ""GLOBAL_OIL_GAS"", ""GLOBAL_RETAIL"", ""GLOBAL_ROBOTICS_AUTOMATION"", ""GLOBAL_SEMICONDUCTORS"", ""GLOBAL_SILVER_MINERS"", ""GLOBAL_SOFTWARE"", ""GLOBAL_SOLAR"", ""GLOBAL_TRANSPORTATION"", ""GLOBAL_URANIUM_NUCLEAR"", ""GLOBAL_WATER"", ""US_BANKS""]",7,GLOBAL_GOLD_MINERS;US_BANKS;GLOBAL_INFRASTRUCTURE;EUROPE_BANKS;GLOBAL_WATER;GLOBAL_CYBERSECURITY;GLOBAL_BIOTECHNOLOGY,0.984090909091;0.786363636364;0.770454545455;0.752272727273;0.722727272727;0.713636363636;0.704545454545,0.06137327677624693,0.025536851397021554,0.03583642537922538,0.1846426986240559,0.05158008366686384,0.13306261495719207,0.11429161786950841,0.2194805194805195,0.751552795031056,22,7,0.22452157165457826,0.3568181818181818,0.13752436571740886,0.0931638247627799,0.37724814166886755,0.39396393191091406,0.5909090909090909,0.2727272727272727,0.42857142857142855,-0.012213175425610623,0.16121035125554647,0.10440115440115427,0.7444183804954834,166,127,126,False,False,False,0.0,True,True,True,True,LEADERSHIP_STRONG,PRIOR_ONLY_THRESHOLDS_READY,R2_LEADERSHIP_RISK_ON,0.75,0.5,E2 DEVELOPMENTAL; A4F THRESHOLDS ARE PRIOR-ONLY; NO E3 CONFIRMATION,2024-09-02,0.75
2024-09-30,2024-10-01,2026-08-21,22,"[""CHINA_INTERNET"", ""EUROPE_BANKS"", ""GLOBAL_AGRIBUSINESS"", ""GLOBAL_AI"", ""GLOBAL_BATTERY_EV"", ""GLOBAL_BIOTECHNOLOGY"", ""GLOBAL_CLEAN_ENERGY"", ""GLOBAL_CYBERSECURITY"", ""GLOBAL_GENOMICS"", ""GLOBAL_GOLD_MINERS"", ""GLOBAL_INFRASTRUCTURE"", ""GLOBAL_OIL_GAS"", ""GLOBAL_RETAIL"", ""GLOBAL_ROBOTICS_AUTOMATION"", ""GLOBAL_SEMICONDUCTORS"", ""GLOBAL_SILVER_MINERS"", ""GLOBAL_SOFTWARE"", ""GLOBAL_SOLAR"", ""GLOBAL_TRANSPORTATION"", ""GLOBAL_URANIUM_NUCLEAR"", ""GLOBAL_WATER"", ""US_BANKS""]",7,GLOBAL_RETAIL;CHINA_INTERNET;GLOBAL_GOLD_MINERS;GLOBAL_SILVER_MINERS;GLOBAL_INFRASTRUCTURE;EUROPE_BANKS;GLOBAL_TRANSPORTATION,0.906818181818;0.904545454545;0.886363636364;0.825;0.734090909091;0.697727272727;0.686363636364,0.032058709926612305,0.025054255524102453,0.007004454402509852,0.1999999999999984,0.05137993902486637,0.14862006097513203,0.12967380666832803,0.352435064935065,0.5607001693958217,22,7,0.22840215235544753,0.3352272727272727,0.07842665443680497,0.10169831899619472,0.3836758133815657,0.39582939566648473,0.6818181818181818,0.4090909090909091,0.42857142857142855,-0.01110288675055593,0.16110196409729416,0.10602710781282199,0.7453290351953586,167,128,127,False,False,False,0.0,True,False,True,True,LEADERSHIP_STRONG,PRIOR_ONLY_THRESHOLDS_READY,R2_LEADERSHIP_RISK_ON,0.75,0.5,E2 DEVELOPMENTAL; A4F THRESHOLDS ARE PRIOR-ONLY; NO E3 CONFIRMATION,2024-10-01,0.75
2024-10-31,2024-11-01,2026-08-21,22,"[""CHINA_INTERNET"", ""EUROPE_BANKS"", ""GLOBAL_AGRIBUSINESS"", ""GLOBAL_AI"", ""GLOBAL_BATTERY_EV"", ""GLOBAL_BIOTECHNOLOGY"", ""GLOBAL_CLEAN_ENERGY"", ""GLOBAL_CYBERSECURITY"", ""GLOBAL_GENOMICS"", ""GLOBAL_GOLD_MINERS"", ""GLOBAL_INFRASTRUCTURE"", ""GLOBAL_OIL_GAS"", ""GLOBAL_RETAIL"", ""GLOBAL_ROBOTICS_AUTOMATION"", ""GLOBAL_SEMICONDUCTORS"", ""GLOBAL_SILVER_MINERS"", ""GLOBAL_SOFTWARE"", ""GLOBAL_SOLAR"", ""GLOBAL_TRANSPORTATION"", ""GLOBAL_URANIUM_NUCLEAR"", ""GLOBAL_WATER"", ""US_BANKS""]",7,GLOBAL_SILVER_MINERS;GLOBAL_GOLD_MINERS;GLOBAL_SOFTWARE;US_BANKS;GLOBAL_CYBERSECURITY;GLOBAL_RETAIL;CHINA_INTERNET,0.877272727273;0.873913043478;0.870849802372;0.84337944664;0.735079051383;0.710375494071;0.667984189723,0.06979464517806044,0.024848765473318712,0.04494587970474173,0.23310861423220874,0.05117843886170559,0.18193017537050316,0.12067619084992494,0.23344155844155856,0.6566911349520046,22,7,0.23819762724810928,0.3676383399209486,0.09205711319704657,0.10137354423973405,0.35797153162109485,0.3717287553199771,0.7272727272727273,0.4090909090909091,0.5714285714285714,-0.014251497005987823,0.16099357693904184,0.1076530612244897,0.7444183804954834,168,129,128,False,False,False,0.0,True,False,True,True,LEADERSHIP_STRONG,PRIOR_ONLY_THRESHOLDS_READY,R2_LEADERSHIP_RISK_ON,0.75,0.5,E2 DEVELOPMENTAL; A4F THRESHOLDS ARE PRIOR-ONLY; NO E3 CONFIRMATION,2024-11-01,0.75
2024-11-29,2024-12-02,2026-08-21,22,"[""CHINA_INTERNET"", ""EUROPE_BANKS"", ""GLOBAL_AGRIBUSINESS"", ""GLOBAL_AI"", ""GLOBAL_BATTERY_EV"", ""GLOBAL_BIOTECHNOLOGY"", ""GLOBAL_CLEAN_ENERGY"", ""GLOBAL_CYBERSECURITY"", ""GLOBAL_GENOMICS"", ""GLOBAL_GOLD_MINERS"", ""GLOBAL_INFRASTRUCTURE"", ""GLOBAL_OIL_GAS"", ""GLOBAL_RETAIL"", ""GLOBAL_ROBOTICS_AUTOMATION"", ""GLOBAL_SEMICONDUCTORS"", ""GLOBAL_SILVER_MINERS"", ""GLOBAL_SOFTWARE"", ""GLOBAL_SOLAR"", ""GLOBAL_TRANSPORTATION"", ""GLOBAL_URANIUM_NUCLEAR"", ""GLOBAL_WATER"", ""US_BANKS""]",7,GLOBAL_SOFTWARE;US_BANKS;GLOBAL_AI;GLOBAL_RETAIL;GLOBAL_CYBERSECURITY;GLOBAL_SILVER_MINERS;GLOBAL_ROBOTICS_AUTOMATION,0.980039525692;0.909486166008;0.893774703557;0.84604743083;0.748023715415;0.672035573123;0.652470355731,0.10896701057190117,0.023938758522158654,0.08502825204974251,0.2715787936322467,0.050838538013550094,0.2207402556186966,0.10459016725510162,0.3219155844155845,0.7029926595143988,22,7,0.2444099358406529,0.2981225296442688,0.17316983282505521,0.16403287002773587,0.32980453622639977,0.34117213401000507,0.7272727272727273,0.3181818181818182,0.7142857142857143,-0.0049714285714284046,0.16088518978078953,0.10840806019377436,0.7435077257956081,169,130,129,False,False,False,0.0,True,False,True,True,LEADERSHIP_STRONG,PRIOR_ONLY_THRESHOLDS_READY,R2_LEADERSHIP_RISK_ON,0.75,0.5,E2 DEVELOPMENTAL; A4F THRESHOLDS ARE PRIOR-ONLY; NO E3 CONFIRMATION,2024-12-02,0.75
2024-12-31,2025-01-02,2026-08-21,22,"[""CHINA_INTERNET"", ""EUROPE_BANKS"", ""GLOBAL_AGRIBUSINESS"", ""GLOBAL_AI"", ""GLOBAL_BATTERY_EV"", ""GLOBAL_BIOTECHNOLOGY"", ""GLOBAL_CLEAN_ENERGY"", ""GLOBAL_CYBERSECURITY"", ""GLOBAL_GENOMICS"", ""GLOBAL_GOLD_MINERS"", ""GLOBAL_INFRASTRUCTURE"", ""GLOBAL_OIL_GAS"", ""GLOBAL_RETAIL"", ""GLOBAL_ROBOTICS_AUTOMATION"", ""GLOBAL_SEMICONDUCTORS"", ""GLOBAL_SILVER_MINERS"", ""GLOBAL_SOFTWARE"", ""GLOBAL_SOLAR"", ""GLOBAL_TRANSPORTATION"", ""GLOBAL_URANIUM_NUCLEAR"", ""GLOBAL_WATER"", ""US_BANKS""]",7,GLOBAL_SOFTWARE;GLOBAL_AI;US_BANKS;GLOBAL_RETAIL;GLOBAL_CYBERSECURITY;GLOBAL_ROBOTICS_AUTOMATION;GLOBAL_BIOTECHNOLOGY,0.963043478261;0.885177865613;0.848023715415;0.846837944664;0.836758893281;0.675494071146;0.648221343874,0.07469550086999699,0.024079927663297696,0.050615573206699294,0.22409399773499383,0.05026561717453881,0.17382838056045502,0.08795122771215186,0.3036278938452851,0.6612083568605309,22,7,0.2490620493507436,0.3140810276679842,0.1298485188011829,0.1289848920496473,0.3398920785508115,0.3658293187669994,0.6818181818181818,0.36363636363636365,0.8571428571428571,-0.015035881079849656,0.1606695040806227,0.10916305916305902,0.742632983776925,170,131,130,False,False,False,0.0,True,False,True,True,LEADERSHIP_STRONG,PRIOR_ONLY_THRESHOLDS_READY,R2_LEADERSHIP_RISK_ON,0.75,0.5,E2 DEVELOPMENTAL; A4F THRESHOLDS ARE PRIOR-ONLY; NO E3 CONFIRMATION,2025-01-02,0.75
2025-01-31,2025-02-03,2026-08-21,22,"[""CHINA_INTERNET"", ""EUROPE_BANKS"", ""GLOBAL_AGRIBUSINESS"", ""GLOBAL_AI"", ""GLOBAL_BATTERY_EV"", ""GLOBAL_BIOTECHNOLOGY"", ""GLOBAL_CLEAN_ENERGY"", ""GLOBAL_CYBERSECURITY"", ""GLOBAL_GENOMICS"", ""GLOBAL_GOLD_MINERS"", ""GLOBAL_INFRASTRUCTURE"", ""GLOBAL_OIL_GAS"", ""GLOBAL_RETAIL"", ""GLOBAL_ROBOTICS_AUTOMATION"", ""GLOBAL_SEMICONDUCTORS"", ""GLOBAL_SILVER_MINERS"", ""GLOBAL_SOFTWARE"", ""GLOBAL_SOLAR"", ""GLOBAL_TRANSPORTATION"", ""GLOBAL_URANIUM_NUCLEAR"", ""GLOBAL_WATER"", ""US_BANKS""]",7,GLOBAL_SOFTWARE;GLOBAL_RETAIL;US_BANKS;GLOBAL_CYBERSECURITY;EUROPE_BANKS;GLOBAL_GOLD_MINERS;CHINA_INTERNET,0.91581027668;0.851581027668;0.843675889328;0.841897233202;0.769565217391;0.764822134387;0.75790513834,0.16972833117723063,0.023814553433915808,0.14591377774331482,0.2308739450040831,0.04999674760816197,0.18087719739592112,0.1051558568129369,0.2929841897233202,0.8430265386787127,22,7,0.26582903035121164,0.4570652173913044,0.11610822825842365,0.21582299974242686,0.31576992877785703,0.35357042556018675,0.8181818181818182,0.45454545454545453,0.5714285714285714,-0.0020968987970423347,0.16045381838045586,0.11057937102579951,0.7417582417582418,171,132,131,False,False,False,0.0,True,True,True,True,LEADERSHIP_STRONG,PRIOR_ONLY_THRESHOLDS_READY,R2_LEADERSHIP_RISK_ON,0.75,0.5,E2 DEVELOPMENTAL; A4F THRESHOLDS ARE PRIOR-ONLY; NO E3 CONFIRMATION,2025-02-03,0.75
2025-02-28,2025-03-03,2026-08-21,22,"[""CHINA_INTERNET"", ""EUROPE_BANKS"", ""GLOBAL_AGRIBUSINESS"", ""GLOBAL_AI"", ""GLOBAL_BATTERY_EV"", ""GLOBAL_BIOTECHNOLOGY"", ""GLOBAL_CLEAN_ENERGY"", ""GLOBAL_CYBERSECURITY"", ""GLOBAL_GENOMICS"", ""GLOBAL_GOLD_MINERS"", ""GLOBAL_INFRASTRUCTURE"", ""GLOBAL_OIL_GAS"", ""GLOBAL_RETAIL"", ""GLOBAL_ROBOTICS_AUTOMATION"", ""GLOBAL_SEMICONDUCTORS"", ""GLOBAL_SILVER_MINERS"", ""GLOBAL_SOFTWARE"", ""GLOBAL_SOLAR"", ""GLOBAL_TRANSPORTATION"", ""GLOBAL_URANIUM_NUCLEAR"", ""GLOBAL_WATER"", ""US_BANKS""]",7,EUROPE_BANKS;CHINA_INTERNET;GLOBAL_GOLD_MINERS;GLOBAL_RETAIL;US_BANKS;GLOBAL_CYBERSECURITY;GLOBAL_SILVER_MINERS,0.977272727273;0.931027667984;0.827865612648;0.796837944664;0.752964426877;0.680632411067;0.616798418972,0.08192651439920473,0.023076664877809128,0.0588498495213956,0.14593741782803016,0.04947409082869414,0.09646332699933602,0.10439400239395477,0.2662055335968381,0.7741389045736872,22,7,0.24987069319027,0.3360671936758893,0.07655453040478025,0.17494758185941042,0.3162784660047098,0.36047619235829853,0.5454545454545454,0.3181818181818182,0.8571428571428571,-0.038075267630504284,0.16023813268028905,0.11199568288854,0.742632983776925,172,133,132,False,False,False,0.0,True,True,True,True,LEADERSHIP_STRONG,PRIOR_ONLY_THRESHOLDS_READY,R2_LEADERSHIP_RISK_ON,0.75,0.5,E2 DEVELOPMENTAL; A4F THRESHOLDS ARE PRIOR-ONLY; NO E3 CONFIRMATION,2025-03-03,0.75
2025-03-31,2025-04-01,2026-08-21,22,"[""CHINA_INTERNET"", ""EUROPE_BANKS"", ""GLOBAL_AGRIBUSINESS"", ""GLOBAL_AI"", ""GLOBAL_BATTERY_EV"", ""GLOBAL_BIOTECHNOLOGY"", ""GLOBAL_CLEAN_ENERGY"", ""GLOBAL_CYBERSECURITY"", ""GLOBAL_GENOMICS"", ""GLOBAL_GOLD_MINERS"", ""GLOBAL_INFRASTRUCTURE"", ""GLOBAL_OIL_GAS"", ""GLOBAL_RETAIL"", ""GLOBAL_ROBOTICS_AUTOMATION"", ""GLOBAL_SEMICONDUCTORS"", ""GLOBAL_SILVER_MINERS"", ""GLOBAL_SOFTWARE"", ""GLOBAL_SOLAR"", ""GLOBAL_TRANSPORTATION"", ""GLOBAL_URANIUM_NUCLEAR"", ""GLOBAL_WATER"", ""US_BANKS""]",7,EUROPE_BANKS;GLOBAL_GOLD_MINERS;GLOBAL_SILVER_MINERS;CHINA_INTERNET;GLOBAL_INFRASTRUCTURE;GLOBAL_OIL_GAS;GLOBAL_RETAIL,0.966996047431;0.960869565217;0.877075098814;0.799209486166;0.678063241107;0.674505928854;0.652766798419,0.0096894409937891,0.02293708084908963,-0.01324763985530053,0.04459581030715842,0.04855929295428463,-0.003963482647126204,0.14284622831974164,0.2796160361377752,0.795595708639187,22,6,0.2523044634934928,0.3229743083003951,0.14277654384722574,0.11944614006235402,0.3417342381549016,0.39063175119998883,0.36363636363636365,0.36363636363636365,0.7142857142857143,-0.1029687672442332,0.16002244698012222,0.11361522406165264,0.7435077257956081,173,134,133,True,True,False,2.0,True,True,True,True,LEADERSHIP_STRONG,PRIOR_ONLY_THRESHOLDS_READY,R3_ISOLATED_LEADERSHIP,0.75,0.5,E2 DEVELOPMENTAL; A4F THRESHOLDS ARE PRIOR-ONLY; NO E3 CONFIRMATION,2025-04-01,0.75
2025-04-30,2025-05-01,2026-08-21,22,"[""CHINA_INTERNET"", ""EUROPE_BANKS"", ""GLOBAL_AGRIBUSINESS"", ""GLOBAL_AI"", ""GLOBAL_BATTERY_EV"", ""GLOBAL_BIOTECHNOLOGY"", ""GLOBAL_CLEAN_ENERGY"", ""GLOBAL_CYBERSECURITY"", ""GLOBAL_GENOMICS"", ""GLOBAL_GOLD_MINERS"", ""GLOBAL_INFRASTRUCTURE"", ""GLOBAL_OIL_GAS"", ""GLOBAL_RETAIL"", ""GLOBAL_ROBOTICS_AUTOMATION"", ""GLOBAL_SEMICONDUCTORS"", ""GLOBAL_SILVER_MINERS"", ""GLOBAL_SOFTWARE"", ""GLOBAL_SOLAR"", ""GLOBAL_TRANSPORTATION"", ""GLOBAL_URANIUM_NUCLEAR"", ""GLOBAL_WATER"", ""US_BANKS""]",7,GLOBAL_GOLD_MINERS;EUROPE_BANKS;GLOBAL_CYBERSECURITY;GLOBAL_WATER;GLOBAL_SILVER_MINERS;GLOBAL_INFRASTRUCTURE;GLOBAL_RETAIL,0.954710144928;0.911561264822;0.764361001318;0.753474967062;0.746310935441;0.724555335968;0.63685770751,-0.044028950542822076,0.02281262289298258,-0.06684157343580466,0.04537659939321981,0.048241919732054495,-0.002865320338834687,0.2275367294292818,0.325308206286467,0.7989836250705817,22,6,0.2353325362041364,0.3907773386034255,0.13818752453742594,0.08949322642538565,0.48547976489019995,0.5299088575234109,0.4090909090909091,0.4090909090909091,0.7142857142857143,-0.12537247544421093,0.15951401314112323,0.11523476523476528,0.7444183804954834,174,135,134,True,True,True,3.0,True,True,True,True,LEADERSHIP_STRONG,PRIOR_ONLY_THRESHOLDS_READY,R3_ISOLATED_LEADERSHIP,0.75,0.5,E2 DEVELOPMENTAL; A4F THRESHOLDS ARE PRIOR-ONLY; NO E3 CONFIRMATION,2025-05-01,0.75
2025-05-30,2025-06-02,2026-08-21,22,"[""CHINA_INTERNET"", ""EUROPE_BANKS"", ""GLOBAL_AGRIBUSINESS"", ""GLOBAL_AI"", ""GLOBAL_BATTERY_EV"", ""GLOBAL_BIOTECHNOLOGY"", ""GLOBAL_CLEAN_ENERGY"", ""GLOBAL_CYBERSECURITY"", ""GLOBAL_GENOMICS"", ""GLOBAL_GOLD_MINERS"", ""GLOBAL_INFRASTRUCTURE"", ""GLOBAL_OIL_GAS"", ""GLOBAL_RETAIL"", ""GLOBAL_ROBOTICS_AUTOMATION"", ""GLOBAL_SEMICONDUCTORS"", ""GLOBAL_SILVER_MINERS"", ""GLOBAL_SOFTWARE"", ""GLOBAL_SOLAR"", ""GLOBAL_TRANSPORTATION"", ""GLOBAL_URANIUM_NUCLEAR"", ""GLOBAL_WATER"", ""US_BANKS""]",7,EUROPE_BANKS;GLOBAL_GOLD_MINERS;GLOBAL_CYBERSECURITY;GLOBAL_SILVER_MINERS;GLOBAL_WATER;GLOBAL_AGRIBUSINESS;GLOBAL_AI,0.910836627141;0.869293478261;0.767597167325;0.759889657444;0.677239789196;0.579463109354;0.562508234519,-0.044457142857142085,0.022669498526719956,-0.06712664138386204,0.08135023279875853,0.047482860907686275,0.03386737189107225,0.23841042440405016,0.2545178100884624,0.7391304347826088,22,6,0.20764678909695183,0.12583992094861657,0.1026015071613687,0.08736739497370688,0.5156137385645313,0.5489015697409886,0.45454545454545453,0.4090909090909091,0.7142857142857143,-0.07725416620681957,0.16045381838045586,0.11620324120324127,0.7453290351953586,175,136,135,True,False,True,2.0,True,False,True,True,LEADERSHIP_STRONG,PRIOR_ONLY_THRESHOLDS_READY,R3_ISOLATED_LEADERSHIP,0.75,0.5,E2 DEVELOPMENTAL; A4F THRESHOLDS ARE PRIOR-ONLY; NO E3 CONFIRMATION,2025-06-02,0.75
2025-06-30,2025-07-01,2026-08-21,22,"[""CHINA_INTERNET"", ""EUROPE_BANKS"", ""GLOBAL_AGRIBUSINESS"", ""GLOBAL_AI"", ""GLOBAL_BATTERY_EV"", ""GLOBAL_BIOTECHNOLOGY"", ""GLOBAL_CLEAN_ENERGY"", ""GLOBAL_CYBERSECURITY"", ""GLOBAL_GENOMICS"", ""GLOBAL_GOLD_MINERS"", ""GLOBAL_INFRASTRUCTURE"", ""GLOBAL_OIL_GAS"", ""GLOBAL_RETAIL"", ""GLOBAL_ROBOTICS_AUTOMATION"", ""GLOBAL_SEMICONDUCTORS"", ""GLOBAL_SILVER_MINERS"", ""GLOBAL_SOFTWARE"", ""GLOBAL_SOLAR"", ""GLOBAL_TRANSPORTATION"", ""GLOBAL_URANIUM_NUCLEAR"", ""GLOBAL_WATER"", ""US_BANKS""]",7,GLOBAL_SILVER_MINERS;GLOBAL_URANIUM_NUCLEAR;EUROPE_BANKS;GLOBAL_SEMICONDUCTORS;GLOBAL_CYBERSECURITY;GLOBAL_GOLD_MINERS;US_BANKS,0.868021080369;0.802371541502;0.768742424242;0.704745059289;0.702172924901;0.681579710145;0.660951581028,-0.008430534703775305,0.022265510265633504,-0.03069604496940881,0.06910720956294436,0.04664548153971371,0.022461728023230654,0.21915210087340967,0.24364168078298504,0.7605872388481084,22,5,0.20293132266371564,0.31631167654808956,0.10278547041284672,0.08919383442521309,0.5078975450202292,0.5343325627464138,0.5454545454545454,0.45454545454545453,0.5714285714285714,-0.05242246992605548,0.16099357693904184,0.11717171717171726,0.7444183804954834,176,137,136,True,False,True,2.0,True,True,True,True,LEADERSHIP_STRONG,PRIOR_ONLY_THRESHOLDS_READY,R3_ISOLATED_LEADERSHIP,0.75,0.5,E2 DEVELOPMENTAL; A4F THRESHOLDS ARE PRIOR-ONLY; NO E3 CONFIRMATION,2025-07-01,0.75
2025-07-31,2025-08-01,2026-08-21,22,"[""CHINA_INTERNET"", ""EUROPE_BANKS"", ""GLOBAL_AGRIBUSINESS"", ""GLOBAL_AI"", ""GLOBAL_BATTERY_EV"", ""GLOBAL_BIOTECHNOLOGY"", ""GLOBAL_CLEAN_ENERGY"", ""GLOBAL_CYBERSECURITY"", ""GLOBAL_GENOMICS"", ""GLOBAL_GOLD_MINERS"", ""GLOBAL_INFRASTRUCTURE"", ""GLOBAL_OIL_GAS"", ""GLOBAL_RETAIL"", ""GLOBAL_ROBOTICS_AUTOMATION"", ""GLOBAL_SEMICONDUCTORS"", ""GLOBAL_SILVER_MINERS"", ""GLOBAL_SOFTWARE"", ""GLOBAL_SOLAR"", ""GLOBAL_TRANSPORTATION"", ""GLOBAL_URANIUM_NUCLEAR"", ""GLOBAL_WATER"", ""US_BANKS""]",7,EUROPE_BANKS;GLOBAL_SEMICONDUCTORS;GLOBAL_BATTERY_EV;GLOBAL_AI;GLOBAL_SILVER_MINERS;GLOBAL_CLEAN_ENERGY;CHINA_INTERNET,0.888456521739;0.802782608696;0.743960803689;0.731425230567;0.725647891963;0.711613965744;0.640546113307,0.012723214285715434,0.02147860858026629,-0.008755394294550856,0.1373777889195289,0.0458114769557596,0.0915663119637693,0.10810180197820417,0.22117360718991141,0.663466967814794,22,6,0.19849500075867593,0.3509231719367588,0.13083790628003028,0.07943693676460262,0.5062080680852541,0.5343941889471862,0.6818181818181818,0.5,0.42857142857142855,0.0,0.1613187384137988,0.11880411255411258,0.7453290351953586,177,138,137,True,False,False,1.0,True,False,True,True,LEADERSHIP_STRONG,PRIOR_ONLY_THRESHOLDS_READY,R2_LEADERSHIP_RISK_ON,0.75,0.5,E2 DEVELOPMENTAL; A4F THRESHOLDS ARE PRIOR-ONLY; NO E3 CONFIRMATION,2025-08-01,0.75
2025-08-29,2025-09-01,2026-08-21,22,"[""CHINA_INTERNET"", ""EUROPE_BANKS"", ""GLOBAL_AGRIBUSINESS"", ""GLOBAL_AI"", ""GLOBAL_BATTERY_EV"", ""GLOBAL_BIOTECHNOLOGY"", ""GLOBAL_CLEAN_ENERGY"", ""GLOBAL_CYBERSECURITY"", ""GLOBAL_GENOMICS"", ""GLOBAL_GOLD_MINERS"", ""GLOBAL_INFRASTRUCTURE"", ""GLOBAL_OIL_GAS"", ""GLOBAL_RETAIL"", ""GLOBAL_ROBOTICS_AUTOMATION"", ""GLOBAL_SEMICONDUCTORS"", ""GLOBAL_SILVER_MINERS"", ""GLOBAL_SOFTWARE"", ""GLOBAL_SOLAR"", ""GLOBAL_TRANSPORTATION"", ""GLOBAL_URANIUM_NUCLEAR"", ""GLOBAL_WATER"", ""US_BANKS""]",7,GLOBAL_SILVER_MINERS;GLOBAL_GOLD_MINERS;GLOBAL_BATTERY_EV;GLOBAL_URANIUM_NUCLEAR;EUROPE_BANKS;GLOBAL_SOLAR;GLOBAL_CLEAN_ENERGY,0.954;0.917865612648;0.820055335968;0.819051383399;0.757644268775;0.715059288538;0.68828458498,0.0313763453106326,0.021221576608480452,0.01015476870215215,0.13101036592981163,0.045078136255007006,0.08593222967480463,0.08918082000652368,0.2460547713156409,0.795595708639187,22,6,0.24067545610360672,0.39243280632411076,0.12015142982962901,0.16820781277814248,0.5038173684578507,0.5272622854637957,0.7727272727272727,0.5454545454545454,0.5714285714285714,-0.005163133033066036,0.16121035125554647,0.1204365079365079,0.7444183804954834,178,139,138,False,False,False,0.0,True,True,True,True,LEADERSHIP_STRONG,PRIOR_ONLY_THRESHOLDS_READY,R2_LEADERSHIP_RISK_ON,0.75,0.5,E2 DEVELOPMENTAL; A4F THRESHOLDS ARE PRIOR-ONLY; NO E3 CONFIRMATION,2025-09-01,0.75
2025-09-30,2025-10-01,2026-08-21,23,"[""CHINA_INTERNET"", ""EUROPE_BANKS"", ""GLOBAL_AEROSPACE_DEFENCE"", ""GLOBAL_AGRIBUSINESS"", ""GLOBAL_AI"", ""GLOBAL_BATTERY_EV"", ""GLOBAL_BIOTECHNOLOGY"", ""GLOBAL_CLEAN_ENERGY"", ""GLOBAL_CYBERSECURITY"", ""GLOBAL_GENOMICS"", ""GLOBAL_GOLD_MINERS"", ""GLOBAL_INFRASTRUCTURE"", ""GLOBAL_OIL_GAS"", ""GLOBAL_RETAIL"", ""GLOBAL_ROBOTICS_AUTOMATION"", ""GLOBAL_SEMICONDUCTORS"", ""GLOBAL_SILVER_MINERS"", ""GLOBAL_SOFTWARE"", ""GLOBAL_SOLAR"", ""GLOBAL_TRANSPORTATION"", ""GLOBAL_URANIUM_NUCLEAR"", ""GLOBAL_WATER"", ""US_BANKS""]",7,GLOBAL_SILVER_MINERS;GLOBAL_GOLD_MINERS;GLOBAL_URANIUM_NUCLEAR;GLOBAL_BATTERY_EV;GLOBAL_AEROSPACE_DEFENCE;GLOBAL_AI;GLOBAL_SEMICONDUCTORS,0.9835;0.942304347826;0.876434782609;0.85702173913;0.762108695652;0.752217391304;0.691739130435,0.1507135826771666,0.020802126544939403,0.1299114561322272,0.1618633540372687,0.04421634745242331,0.11764700658484539,0.08714208099914689,0.31027329192546593,0.9014831997097306,22,7,0.2687351420256501,0.4602608695652175,0.1407351414182927,0.3222024481536996,0.46584348106852214,0.466685317336757,0.782608695652174,0.6086956521739131,0.5714285714285714,-0.0028784648187633044,0.16110196409729416,0.12146950271950271,0.7453290351953586,179,140,139,False,False,False,0.0,True,True,True,True,LEADERSHIP_STRONG,PRIOR_ONLY_THRESHOLDS_READY,R2_LEADERSHIP_RISK_ON,0.75,0.5,E2 DEVELOPMENTAL; A4F THRESHOLDS ARE PRIOR-ONLY; NO E3 CONFIRMATION,2025-10-01,0.75
2025-10-31,2025-11-03,2026-08-21,23,"[""CHINA_INTERNET"", ""EUROPE_BANKS"", ""GLOBAL_AEROSPACE_DEFENCE"", ""GLOBAL_AGRIBUSINESS"", ""GLOBAL_AI"", ""GLOBAL_BATTERY_EV"", ""GLOBAL_BIOTECHNOLOGY"", ""GLOBAL_CLEAN_ENERGY"", ""GLOBAL_CYBERSECURITY"", ""GLOBAL_GENOMICS"", ""GLOBAL_GOLD_MINERS"", ""GLOBAL_INFRASTRUCTURE"", ""GLOBAL_OIL_GAS"", ""GLOBAL_RETAIL"", ""GLOBAL_ROBOTICS_AUTOMATION"", ""GLOBAL_SEMICONDUCTORS"", ""GLOBAL_SILVER_MINERS"", ""GLOBAL_SOFTWARE"", ""GLOBAL_SOLAR"", ""GLOBAL_TRANSPORTATION"", ""GLOBAL_URANIUM_NUCLEAR"", ""GLOBAL_WATER"", ""US_BANKS""]",7,GLOBAL_URANIUM_NUCLEAR;GLOBAL_BATTERY_EV;GLOBAL_SEMICONDUCTORS;GLOBAL_SILVER_MINERS;GLOBAL_GOLD_MINERS;GLOBAL_AI;GLOBAL_CLEAN_ENERGY,0.895130434783;0.881717391304;0.838826086957;0.794108695652;0.7405;0.73802173913;0.719434782609,0.21389713155291923,0.019785162570456594,0.19411196898246263,0.19237308719941892,0.04338301923390819,0.14899006796551073,0.08141973479329845,0.2362577639751553,0.8675889328063242,23,7,0.2503038569298341,0.4097173913043477,0.24553342100990783,0.36875815631340203,0.3039496235438243,0.31840059768586615,0.9130434782608695,0.6956521739130435,0.8571428571428571,-0.0028437944342880606,0.16099357693904184,0.12250249750249753,0.7463814429735527,180,141,140,False,False,False,0.0,True,True,True,True,LEADERSHIP_STRONG,PRIOR_ONLY_THRESHOLDS_READY,R2_LEADERSHIP_RISK_ON,0.75,0.5,E2 DEVELOPMENTAL; A4F THRESHOLDS ARE PRIOR-ONLY; NO E3 CONFIRMATION,2025-11-03,0.75
2025-11-28,2025-12-01,2026-08-21,23,"[""CHINA_INTERNET"", ""EUROPE_BANKS"", ""GLOBAL_AEROSPACE_DEFENCE"", ""GLOBAL_AGRIBUSINESS"", ""GLOBAL_AI"", ""GLOBAL_BATTERY_EV"", ""GLOBAL_BIOTECHNOLOGY"", ""GLOBAL_CLEAN_ENERGY"", ""GLOBAL_CYBERSECURITY"", ""GLOBAL_GENOMICS"", ""GLOBAL_GOLD_MINERS"", ""GLOBAL_INFRASTRUCTURE"", ""GLOBAL_OIL_GAS"", ""GLOBAL_RETAIL"", ""GLOBAL_ROBOTICS_AUTOMATION"", ""GLOBAL_SEMICONDUCTORS"", ""GLOBAL_SILVER_MINERS"", ""GLOBAL_SOFTWARE"", ""GLOBAL_SOLAR"", ""GLOBAL_TRANSPORTATION"", ""GLOBAL_URANIUM_NUCLEAR"", ""GLOBAL_WATER"", ""US_BANKS""]",7,GLOBAL_SILVER_MINERS;GLOBAL_GOLD_MINERS;GLOBAL_BATTERY_EV;GLOBAL_SEMICONDUCTORS;GLOBAL_SOLAR;GLOBAL_BIOTECHNOLOGY;GLOBAL_GENOMICS,0.945304347826;0.928;0.925913043478;0.78852173913;0.775130434783;0.761739130435;0.732173913043,0.15808212675053457,0.019475128966145228,0.13860699778438934,0.12077183713317785,0.042781679096615344,0.0779901580365625,0.11397058526907827,0.33833540372670806,0.7490118577075098,23,6,0.2367692758385184,0.4223478260869566,0.20857230481229772,0.3231052183558414,0.3464183944748299,0.41293110748421213,0.6956521739130435,0.5217391304347826,0.5714285714285714,-0.012747875354107818,0.16088518978078953,0.12256077256077264,0.7474338507517468,181,142,141,False,False,False,0.0,True,True,True,True,LEADERSHIP_STRONG,PRIOR_ONLY_THRESHOLDS_READY,R2_LEADERSHIP_RISK_ON,0.75,0.5,E2 DEVELOPMENTAL; A4F THRESHOLDS ARE PRIOR-ONLY; NO E3 CONFIRMATION,2025-12-01,0.75
2025-12-31,2026-01-02,2026-08-21,23,"[""CHINA_INTERNET"", ""EUROPE_BANKS"", ""GLOBAL_AEROSPACE_DEFENCE"", ""GLOBAL_AGRIBUSINESS"", ""GLOBAL_AI"", ""GLOBAL_BATTERY_EV"", ""GLOBAL_BIOTECHNOLOGY"", ""GLOBAL_CLEAN_ENERGY"", ""GLOBAL_CYBERSECURITY"", ""GLOBAL_GENOMICS"", ""GLOBAL_GOLD_MINERS"", ""GLOBAL_INFRASTRUCTURE"", ""GLOBAL_OIL_GAS"", ""GLOBAL_RETAIL"", ""GLOBAL_ROBOTICS_AUTOMATION"", ""GLOBAL_SEMICONDUCTORS"", ""GLOBAL_SILVER_MINERS"", ""GLOBAL_SOFTWARE"", ""GLOBAL_SOLAR"", ""GLOBAL_TRANSPORTATION"", ""GLOBAL_URANIUM_NUCLEAR"", ""GLOBAL_WATER"", ""US_BANKS""]",7,GLOBAL_SILVER_MINERS;GLOBAL_GOLD_MINERS;GLOBAL_BATTERY_EV;EUROPE_BANKS;GLOBAL_SEMICONDUCTORS;GLOBAL_SOLAR;GLOBAL_GENOMICS,0.987304347826;0.918;0.885217391304;0.850608695652;0.75252173913;0.713826086957;0.707565217391,0.11710058492946418,0.019635425028643905,0.09746515990082028,0.1159486709440889,0.041905129626912396,0.0740435413171765,0.112217424769385,0.3522857142857144,0.8715415019762847,23,7,0.2373472805173847,0.3858260869565219,0.1551628773949812,0.24437322632417635,0.36656515866565575,0.4417665041688441,0.782608695652174,0.4782608695652174,0.8571428571428571,-0.01456900040469511,0.1606695040806227,0.12261904761904774,0.7482228542296283,182,143,142,False,False,False,0.0,True,True,True,True,LEADERSHIP_STRONG,PRIOR_ONLY_THRESHOLDS_READY,R2_LEADERSHIP_RISK_ON,0.75,0.5,E2 DEVELOPMENTAL; A4F THRESHOLDS ARE PRIOR-ONLY; NO E3 CONFIRMATION,2026-01-02,0.75
2026-01-30,2026-02-02,2026-08-21,23,"[""CHINA_INTERNET"", ""EUROPE_BANKS"", ""GLOBAL_AEROSPACE_DEFENCE"", ""GLOBAL_AGRIBUSINESS"", ""GLOBAL_AI"", ""GLOBAL_BATTERY_EV"", ""GLOBAL_BIOTECHNOLOGY"", ""GLOBAL_CLEAN_ENERGY"", ""GLOBAL_CYBERSECURITY"", ""GLOBAL_GENOMICS"", ""GLOBAL_GOLD_MINERS"", ""GLOBAL_INFRASTRUCTURE"", ""GLOBAL_OIL_GAS"", ""GLOBAL_RETAIL"", ""GLOBAL_ROBOTICS_AUTOMATION"", ""GLOBAL_SEMICONDUCTORS"", ""GLOBAL_SILVER_MINERS"", ""GLOBAL_SOFTWARE"", ""GLOBAL_SOLAR"", ""GLOBAL_TRANSPORTATION"", ""GLOBAL_URANIUM_NUCLEAR"", ""GLOBAL_WATER"", ""US_BANKS""]",7,GLOBAL_SILVER_MINERS;GLOBAL_URANIUM_NUCLEAR;GLOBAL_GOLD_MINERS;GLOBAL_SEMICONDUCTORS;GLOBAL_BATTERY_EV;EUROPE_BANKS;GLOBAL_SOLAR,0.99;0.929913043478;0.919304347826;0.829826086957;0.79852173913;0.776608695652;0.713130434783,0.09478192268680252,0.019354218165680726,0.0754277045211218,0.07431984074319953,0.041235316075251216,0.03308452466794831,0.10788332836309542,0.3168695652173914,0.83300395256917,23,7,0.2765464303988602,0.4369130434782609,0.1487570540284911,0.35576790057361807,0.3343239060110093,0.4372993479985816,0.6956521739130435,0.43478260869565216,0.8571428571428571,-0.02509032517061438,0.16045381838045586,0.12374999999999997,0.7490118577075098,183,144,143,False,False,False,0.0,True,True,True,True,LEADERSHIP_STRONG,PRIOR_ONLY_THRESHOLDS_READY,R2_LEADERSHIP_RISK_ON,0.75,0.5,E2 DEVELOPMENTAL; A4F THRESHOLDS ARE PRIOR-ONLY; NO E3 CONFIRMATION,2026-02-02,0.75
2026-02-27,2026-03-02,2026-08-21,23,"[""CHINA_INTERNET"", ""EUROPE_BANKS"", ""GLOBAL_AEROSPACE_DEFENCE"", ""GLOBAL_AGRIBUSINESS"", ""GLOBAL_AI"", ""GLOBAL_BATTERY_EV"", ""GLOBAL_BIOTECHNOLOGY"", ""GLOBAL_CLEAN_ENERGY"", ""GLOBAL_CYBERSECURITY"", ""GLOBAL_GENOMICS"", ""GLOBAL_GOLD_MINERS"", ""GLOBAL_INFRASTRUCTURE"", ""GLOBAL_OIL_GAS"", ""GLOBAL_RETAIL"", ""GLOBAL_ROBOTICS_AUTOMATION"", ""GLOBAL_SEMICONDUCTORS"", ""GLOBAL_SILVER_MINERS"", ""GLOBAL_SOFTWARE"", ""GLOBAL_SOLAR"", ""GLOBAL_TRANSPORTATION"", ""GLOBAL_URANIUM_NUCLEAR"", ""GLOBAL_WATER"", ""US_BANKS""]",7,GLOBAL_SILVER_MINERS;GLOBAL_GOLD_MINERS;GLOBAL_URANIUM_NUCLEAR;GLOBAL_BATTERY_EV;GLOBAL_SEMICONDUCTORS;GLOBAL_CLEAN_ENERGY;GLOBAL_OIL_GAS,0.988;0.949304347826;0.844608695652;0.837913043478;0.77452173913;0.695130434783;0.680347826087,0.10055187637969087,0.0188074982817108,0.08174437809798007,0.1439880679210659,0.0406366263908442,0.10335144153022169,0.0829383117990053,0.26721739130434796,0.9328063241106721,23,7,0.27412108041826816,0.40756521739130436,0.2065089023417344,0.31388206395053597,0.3043688355866964,0.43181656096707727,0.782608695652174,0.5652173913043478,0.7142857142857143,0.0,0.16023813268028905,0.1248809523809522,0.7502823263692828,184,145,144,False,False,False,0.0,True,True,True,True,LEADERSHIP_STRONG,PRIOR_ONLY_THRESHOLDS_READY,R2_LEADERSHIP_RISK_ON,0.75,0.5,E2 DEVELOPMENTAL; A4F THRESHOLDS ARE PRIOR-ONLY; NO E3 CONFIRMATION,2026-03-02,0.75
2026-03-31,2026-04-01,2026-08-21,24,"[""CHINA_INTERNET"", ""EUROPE_AEROSPACE_DEFENCE"", ""EUROPE_BANKS"", ""GLOBAL_AEROSPACE_DEFENCE"", ""GLOBAL_AGRIBUSINESS"", ""GLOBAL_AI"", ""GLOBAL_BATTERY_EV"", ""GLOBAL_BIOTECHNOLOGY"", ""GLOBAL_CLEAN_ENERGY"", ""GLOBAL_CYBERSECURITY"", ""GLOBAL_GENOMICS"", ""GLOBAL_GOLD_MINERS"", ""GLOBAL_INFRASTRUCTURE"", ""GLOBAL_OIL_GAS"", ""GLOBAL_RETAIL"", ""GLOBAL_ROBOTICS_AUTOMATION"", ""GLOBAL_SEMICONDUCTORS"", ""GLOBAL_SILVER_MINERS"", ""GLOBAL_SOFTWARE"", ""GLOBAL_SOLAR"", ""GLOBAL_TRANSPORTATION"", ""GLOBAL_URANIUM_NUCLEAR"", ""GLOBAL_WATER"", ""US_BANKS""]",7,GLOBAL_OIL_GAS;GLOBAL_AGRIBUSINESS;GLOBAL_SOLAR;GLOBAL_BATTERY_EV;GLOBAL_CLEAN_ENERGY;GLOBAL_SILVER_MINERS;GLOBAL_GOLD_MINERS,0.933333333333;0.840487179487;0.839102564103;0.828384615385;0.787230769231;0.665846153846;0.661025641026,0.0034053421304665044,0.018819595229708774,-0.01541425309924227,0.14596499756927628,0.03999985830478758,0.1059651392644887,0.1106884917178334,0.2500915750915752,0.8351165902083416,23,7,0.23275734122174213,0.323801282051282,0.1933990576024156,0.2494390881363266,0.32257603593432443,0.46811029539446924,0.7916666666666666,0.625,0.7142857142857143,-0.054357637147728566,0.16002244698012222,0.12582431457431442,0.751552795031056,185,146,145,True,False,False,1.0,True,True,True,True,LEADERSHIP_STRONG,PRIOR_ONLY_THRESHOLDS_READY,R2_LEADERSHIP_RISK_ON,0.75,0.5,E2 DEVELOPMENTAL; A4F THRESHOLDS ARE PRIOR-ONLY; NO E3 CONFIRMATION,2026-04-01,0.75
2026-04-30,2026-05-01,2026-08-21,24,"[""CHINA_INTERNET"", ""EUROPE_AEROSPACE_DEFENCE"", ""EUROPE_BANKS"", ""GLOBAL_AEROSPACE_DEFENCE"", ""GLOBAL_AGRIBUSINESS"", ""GLOBAL_AI"", ""GLOBAL_BATTERY_EV"", ""GLOBAL_BIOTECHNOLOGY"", ""GLOBAL_CLEAN_ENERGY"", ""GLOBAL_CYBERSECURITY"", ""GLOBAL_GENOMICS"", ""GLOBAL_GOLD_MINERS"", ""GLOBAL_INFRASTRUCTURE"", ""GLOBAL_OIL_GAS"", ""GLOBAL_RETAIL"", ""GLOBAL_ROBOTICS_AUTOMATION"", ""GLOBAL_SEMICONDUCTORS"", ""GLOBAL_SILVER_MINERS"", ""GLOBAL_SOFTWARE"", ""GLOBAL_SOLAR"", ""GLOBAL_TRANSPORTATION"", ""GLOBAL_URANIUM_NUCLEAR"", ""GLOBAL_WATER"", ""US_BANKS""]",7,GLOBAL_SEMICONDUCTORS;GLOBAL_BATTERY_EV;GLOBAL_CLEAN_ENERGY;GLOBAL_OIL_GAS;GLOBAL_ROBOTICS_AUTOMATION;GLOBAL_SOLAR;GLOBAL_AGRIBUSINESS,0.988;0.954358974359;0.817692307692;0.794205128205;0.706461538462;0.687282051282;0.583641025641,0.026203534430224718,0.01884486502475813,0.007358669405466589,0.24679170779861814,0.03940227987649303,0.2073894279221251,0.11931853905719483,0.3008241758241757,0.6695652173913044,24,7,0.22269724003537453,0.22605769230769235,0.16378820299195482,0.20625434568719045,0.2852065973195494,0.45908927854187803,0.875,0.625,0.7142857142857143,-0.005316007088009278,0.15951401314112323,0.12676767676767664,0.7530286700182045,186,147,146,False,False,False,0.0,True,False,True,True,LEADERSHIP_STRONG,PRIOR_ONLY_THRESHOLDS_READY,R2_LEADERSHIP_RISK_ON,0.75,0.5,E2 DEVELOPMENTAL; A4F THRESHOLDS ARE PRIOR-ONLY; NO E3 CONFIRMATION,2026-05-01,0.75
2026-05-29,2026-06-01,2026-08-21,25,"[""CHINA_INTERNET"", ""EUROPE_AEROSPACE_DEFENCE"", ""EUROPE_BANKS"", ""GLOBAL_AEROSPACE_DEFENCE"", ""GLOBAL_AGRIBUSINESS"", ""GLOBAL_AI"", ""GLOBAL_BATTERY_EV"", ""GLOBAL_BIOTECHNOLOGY"", ""GLOBAL_CLEAN_ENERGY"", ""GLOBAL_CYBERSECURITY"", ""GLOBAL_GENOMICS"", ""GLOBAL_GOLD_MINERS"", ""GLOBAL_INFRASTRUCTURE"", ""GLOBAL_OIL_GAS"", ""GLOBAL_QUANTUM_COMPUTING"", ""GLOBAL_RETAIL"", ""GLOBAL_ROBOTICS_AUTOMATION"", ""GLOBAL_SEMICONDUCTORS"", ""GLOBAL_SILVER_MINERS"", ""GLOBAL_SOFTWARE"", ""GLOBAL_SOLAR"", ""GLOBAL_TRANSPORTATION"", ""GLOBAL_URANIUM_NUCLEAR"", ""GLOBAL_WATER"", ""US_BANKS""]",7,GLOBAL_SEMICONDUCTORS;GLOBAL_QUANTUM_COMPUTING;GLOBAL_SOLAR;GLOBAL_BATTERY_EV;GLOBAL_CLEAN_ENERGY;GLOBAL_ROBOTICS_AUTOMATION;GLOBAL_CYBERSECURITY,0.992307692308;0.924769230769;0.875538461538;0.800230769231;0.771615384615;0.752153846154;0.735461538462,0.1100498338870417,0.01887538850711845,0.09117444537992325,0.2787944025834226,0.038972792651671195,0.2398216099317514,0.12136527362987405,0.35039560439560447,0.6209563516327675,24,7,0.24494519710702395,0.3989230769230771,0.3018799963644109,0.24971591926990166,0.24686407161906535,0.44376845945975657,0.88,0.56,0.7142857142857143,0.0,0.15900557930212422,0.12739482739482738,0.751552795031056,187,148,147,False,False,False,0.0,True,False,True,True,LEADERSHIP_STRONG,PRIOR_ONLY_THRESHOLDS_READY,R2_LEADERSHIP_RISK_ON,0.75,0.5,E2 DEVELOPMENTAL; A4F THRESHOLDS ARE PRIOR-ONLY; NO E3 CONFIRMATION,2026-06-01,0.75
2026-06-30,2026-07-01,2026-08-21,25,"[""CHINA_INTERNET"", ""EUROPE_AEROSPACE_DEFENCE"", ""EUROPE_BANKS"", ""GLOBAL_AEROSPACE_DEFENCE"", ""GLOBAL_AGRIBUSINESS"", ""GLOBAL_AI"", ""GLOBAL_BATTERY_EV"", ""GLOBAL_BIOTECHNOLOGY"", ""GLOBAL_CLEAN_ENERGY"", ""GLOBAL_CYBERSECURITY"", ""GLOBAL_GENOMICS"", ""GLOBAL_GOLD_MINERS"", ""GLOBAL_INFRASTRUCTURE"", ""GLOBAL_OIL_GAS"", ""GLOBAL_QUANTUM_COMPUTING"", ""GLOBAL_RETAIL"", ""GLOBAL_ROBOTICS_AUTOMATION"", ""GLOBAL_SEMICONDUCTORS"", ""GLOBAL_SILVER_MINERS"", ""GLOBAL_SOFTWARE"", ""GLOBAL_SOLAR"", ""GLOBAL_TRANSPORTATION"", ""GLOBAL_URANIUM_NUCLEAR"", ""GLOBAL_WATER"", ""US_BANKS""]",7,GLOBAL_SEMICONDUCTORS;GLOBAL_QUANTUM_COMPUTING;GLOBAL_GENOMICS;GLOBAL_ROBOTICS_AUTOMATION;GLOBAL_CYBERSECURITY;GLOBAL_BIOTECHNOLOGY;EUROPE_BANKS,0.992307692308;0.885461538462;0.878;0.815230769231;0.784692307692;0.769153846154;0.684923076923,0.10757996503136802,0.01852250552917667,0.08905745950219135,0.25410504250611265,0.03854856171198873,0.21555648079412393,0.1125456329143501,0.3579670329670329,0.7361538461538463,25,7,0.2382769975762757,0.3826923076923076,0.36050565407210566,0.22323719988640844,0.22759537088584,0.4479918310973577,0.84,0.52,0.5714285714285714,-0.004989374480273812,0.15849714546312524,0.12802197802197812,0.7502823263692828,188,149,148,False,False,False,0.0,True,False,True,True,LEADERSHIP_STRONG,PRIOR_ONLY_THRESHOLDS_READY,R2_LEADERSHIP_RISK_ON,0.75,0.5,E2 DEVELOPMENTAL; A4F THRESHOLDS ARE PRIOR-ONLY; NO E3 CONFIRMATION,2026-07-01,0.75
2026-07-31,2026-08-03,2026-08-21,25,"[""CHINA_INTERNET"", ""EUROPE_AEROSPACE_DEFENCE"", ""EUROPE_BANKS"", ""GLOBAL_AEROSPACE_DEFENCE"", ""GLOBAL_AGRIBUSINESS"", ""GLOBAL_AI"", ""GLOBAL_BATTERY_EV"", ""GLOBAL_BIOTECHNOLOGY"", ""GLOBAL_CLEAN_ENERGY"", ""GLOBAL_CYBERSECURITY"", ""GLOBAL_GENOMICS"", ""GLOBAL_GOLD_MINERS"", ""GLOBAL_INFRASTRUCTURE"", ""GLOBAL_OIL_GAS"", ""GLOBAL_QUANTUM_COMPUTING"", ""GLOBAL_RETAIL"", ""GLOBAL_ROBOTICS_AUTOMATION"", ""GLOBAL_SEMICONDUCTORS"", ""GLOBAL_SILVER_MINERS"", ""GLOBAL_SOFTWARE"", ""GLOBAL_SOLAR"", ""GLOBAL_TRANSPORTATION"", ""GLOBAL_URANIUM_NUCLEAR"", ""GLOBAL_WATER"", ""US_BANKS""]",7,GLOBAL_BIOTECHNOLOGY;GLOBAL_GENOMICS;EUROPE_BANKS;GLOBAL_SEMICONDUCTORS;GLOBAL_CYBERSECURITY;US_BANKS;GLOBAL_SOFTWARE,0.813;0.802230769231;0.802153846154;0.769230769231;0.766692307692;0.715230769231;0.697846153846,0.09275272802141132,0.018425132515106135,0.07432759550630519,0.19632593260452924,0.0381359547152158,0.15818997788931344,0.10155857447891434,0.2637802197802198,0.5715384615384614,25,7,0.19603241731676233,0.3879230769230768,0.1775718969719502,0.22405704558776873,0.21852675532087265,0.4663639333233935,0.84,0.6,0.7142857142857143,-0.019218331331424476,0.15798871162412625,0.12869652668759818,0.7490118577075098,189,150,149,False,False,False,0.0,True,False,True,True,LEADERSHIP_STRONG,PRIOR_ONLY_THRESHOLDS_READY,R2_LEADERSHIP_RISK_ON,0.75,0.5,E2 DEVELOPMENTAL; A4F THRESHOLDS ARE PRIOR-ONLY; NO E3 CONFIRMATION,2026-08-03,0.75
2026-08-21,,2026-08-21,25,"[""CHINA_INTERNET"", ""EUROPE_AEROSPACE_DEFENCE"", ""EUROPE_BANKS"", ""GLOBAL_AEROSPACE_DEFENCE"", ""GLOBAL_AGRIBUSINESS"", ""GLOBAL_AI"", ""GLOBAL_BATTERY_EV"", ""GLOBAL_BIOTECHNOLOGY"", ""GLOBAL_CLEAN_ENERGY"", ""GLOBAL_CYBERSECURITY"", ""GLOBAL_GENOMICS"", ""GLOBAL_GOLD_MINERS"", ""GLOBAL_INFRASTRUCTURE"", ""GLOBAL_OIL_GAS"", ""GLOBAL_QUANTUM_COMPUTING"", ""GLOBAL_RETAIL"", ""GLOBAL_ROBOTICS_AUTOMATION"", ""GLOBAL_SEMICONDUCTORS"", ""GLOBAL_SILVER_MINERS"", ""GLOBAL_SOFTWARE"", ""GLOBAL_SOLAR"", ""GLOBAL_TRANSPORTATION"", ""GLOBAL_URANIUM_NUCLEAR"", ""GLOBAL_WATER"", ""US_BANKS""]",7,GLOBAL_GENOMICS;GLOBAL_BIOTECHNOLOGY;GLOBAL_SOFTWARE;GLOBAL_GOLD_MINERS;GLOBAL_CYBERSECURITY;EUROPE_BANKS;GLOBAL_SILVER_MINERS,0.937846153846;0.858384615385;0.823538461538;0.795230769231;0.734461538462;0.714538461538;0.684307692308,0.09114714472756469,0.01842763681250892,0.07271950791505577,0.19054945054944938,0.03795934000423906,0.15259011054521032,0.10155185242327187,0.2900769230769231,0.7023076923076923,25,7,0.2092367646199851,0.3327692307692307,0.14897402879633836,0.2977173428365869,0.22045945128869437,0.47441368094607456,0.88,0.64,0.7142857142857143,-0.01990229781074715,0.15745525625546836,0.12937107535321823,0.7482228542296283,190,151,150,False,False,False,0.0,True,False,True,True,LEADERSHIP_STRONG,PRIOR_ONLY_THRESHOLDS_READY,R2_LEADERSHIP_RISK_ON,0.75,0.5,E2 DEVELOPMENTAL; A4F THRESHOLDS ARE PRIOR-ONLY; NO E3 CONFIRMATION,,0.75
