policy_id,switch_mode,exclusion_type,excluded_families,window_id,net_cagr,excess_vs_global,maximum_drawdown,ulcer_index,delta_cagr,delta_mdd,dependency_status,incremental_vs_replacement_control
POLICY_2_ALPHA_TIMING_ONLY,SWITCH_IMMEDIATE_MONTHLY,LEAVE_ONE_FAMILY_OUT,CHINA_INTERNET,FULL_COMMON_HISTORY,0.11753596339925343,0.0015251311059980566,-0.24503327939915098,0.05231633910591633,0.0009416540074660418,0.0,NONNEGATIVE_INCREMENTAL,
POLICY_2_ALPHA_TIMING_ONLY,SWITCH_IMMEDIATE_MONTHLY,LEAVE_ONE_FAMILY_OUT,EUROPE_AEROSPACE_DEFENCE,FULL_COMMON_HISTORY,0.11659430939178739,0.0005834770985320148,-0.24503327939915098,0.05278971226074617,0.0,0.0,NONNEGATIVE_INCREMENTAL,
POLICY_2_ALPHA_TIMING_ONLY,SWITCH_IMMEDIATE_MONTHLY,LEAVE_ONE_FAMILY_OUT,EUROPE_BANKS,FULL_COMMON_HISTORY,0.11722652240861353,0.001215690115358159,-0.24503242066869146,0.0513465880650597,0.0006322130168261442,8.587304595186751e-07,NONNEGATIVE_INCREMENTAL,
POLICY_2_ALPHA_TIMING_ONLY,SWITCH_IMMEDIATE_MONTHLY,LEAVE_ONE_FAMILY_OUT,EUROPE_INFRASTRUCTURE,FULL_COMMON_HISTORY,0.11659430939178739,0.0005834770985320148,-0.24503327939915098,0.05278971226074617,0.0,0.0,NONNEGATIVE_INCREMENTAL,
POLICY_2_ALPHA_TIMING_ONLY,SWITCH_IMMEDIATE_MONTHLY,LEAVE_ONE_FAMILY_OUT,GLOBAL_AEROSPACE_DEFENCE,FULL_COMMON_HISTORY,0.11660849282892993,0.0005976605356745601,-0.24503327939915098,0.052789372410123145,1.418343714254533e-05,0.0,NONNEGATIVE_INCREMENTAL,
POLICY_2_ALPHA_TIMING_ONLY,SWITCH_IMMEDIATE_MONTHLY,LEAVE_ONE_FAMILY_OUT,GLOBAL_AGRIBUSINESS,FULL_COMMON_HISTORY,0.11658802160769821,0.0005771893144428386,-0.2450338480549903,0.05386014546527901,-6.287784089176185e-06,-5.68655839305876e-07,NONNEGATIVE_INCREMENTAL,
POLICY_2_ALPHA_TIMING_ONLY,SWITCH_IMMEDIATE_MONTHLY,LEAVE_ONE_FAMILY_OUT,GLOBAL_AI,FULL_COMMON_HISTORY,0.11916155320151822,0.0031507209082628496,-0.24503327939915098,0.052758493237381555,0.0025672438097308348,0.0,NONNEGATIVE_INCREMENTAL,
POLICY_2_ALPHA_TIMING_ONLY,SWITCH_IMMEDIATE_MONTHLY,LEAVE_ONE_FAMILY_OUT,GLOBAL_BATTERY_EV,FULL_COMMON_HISTORY,0.11374269617776389,-0.0022681361154914814,-0.24620556573583752,0.052689871879931606,-0.002851613214023496,-0.0011722863366865344,SIGN_REVERSAL_DEPENDENCY,
POLICY_2_ALPHA_TIMING_ONLY,SWITCH_IMMEDIATE_MONTHLY,LEAVE_ONE_FAMILY_OUT,GLOBAL_BIOTECHNOLOGY,FULL_COMMON_HISTORY,0.11800540405236948,0.0019945717591141054,-0.24858085397271412,0.05270727545724702,0.0014110946605820907,-0.003547574573563139,NONNEGATIVE_INCREMENTAL,
POLICY_2_ALPHA_TIMING_ONLY,SWITCH_IMMEDIATE_MONTHLY,LEAVE_ONE_FAMILY_OUT,GLOBAL_CLEAN_ENERGY,FULL_COMMON_HISTORY,0.11751012104083647,0.0014992887475810956,-0.24503327939915098,0.05276660109340135,0.0009158116490490809,0.0,NONNEGATIVE_INCREMENTAL,
POLICY_2_ALPHA_TIMING_ONLY,SWITCH_IMMEDIATE_MONTHLY,LEAVE_ONE_FAMILY_OUT,GLOBAL_CYBERSECURITY,FULL_COMMON_HISTORY,0.11799704794666321,0.0019862156534078412,-0.24503327939915098,0.050204166172877214,0.0014027385548758264,0.0,NONNEGATIVE_INCREMENTAL,
POLICY_2_ALPHA_TIMING_ONLY,SWITCH_IMMEDIATE_MONTHLY,LEAVE_ONE_FAMILY_OUT,GLOBAL_GENOMICS,FULL_COMMON_HISTORY,0.11542145014467398,-0.0005893821485813966,-0.24503327939915098,0.05280785774029652,-0.0011728592471134114,0.0,SIGN_REVERSAL_DEPENDENCY,
POLICY_2_ALPHA_TIMING_ONLY,SWITCH_IMMEDIATE_MONTHLY,LEAVE_ONE_FAMILY_OUT,GLOBAL_GOLD_MINERS,FULL_COMMON_HISTORY,0.11781463568869976,0.0018038033954443922,-0.2500196164508217,0.05281078297075805,0.0012203262969123774,-0.004986337051670731,NONNEGATIVE_INCREMENTAL,
POLICY_2_ALPHA_TIMING_ONLY,SWITCH_IMMEDIATE_MONTHLY,LEAVE_ONE_FAMILY_OUT,GLOBAL_INFRASTRUCTURE,FULL_COMMON_HISTORY,0.11574693091043486,-0.00026390138282050835,-0.24671655182542718,0.05380472280613086,-0.0008473784813525231,-0.0016832724262761944,SIGN_REVERSAL_DEPENDENCY,
POLICY_2_ALPHA_TIMING_ONLY,SWITCH_IMMEDIATE_MONTHLY,LEAVE_ONE_FAMILY_OUT,GLOBAL_OIL_GAS,FULL_COMMON_HISTORY,0.11668267284511358,0.0006718405518582049,-0.24503307202327584,0.05551957835409937,8.836345332619011e-05,2.0737587513863787e-07,NONNEGATIVE_INCREMENTAL,
POLICY_2_ALPHA_TIMING_ONLY,SWITCH_IMMEDIATE_MONTHLY,LEAVE_ONE_FAMILY_OUT,GLOBAL_QUANTUM_COMPUTING,FULL_COMMON_HISTORY,0.11639674855175652,0.0003859162585011511,-0.24503327939915098,0.052788906058207206,-0.00019756084003086372,0.0,NONNEGATIVE_INCREMENTAL,
POLICY_2_ALPHA_TIMING_ONLY,SWITCH_IMMEDIATE_MONTHLY,LEAVE_ONE_FAMILY_OUT,GLOBAL_RETAIL,FULL_COMMON_HISTORY,0.11852074675482505,0.0025099144615696733,-0.24503327939915098,0.052481513012255024,0.0019264373630376586,0.0,NONNEGATIVE_INCREMENTAL,
POLICY_2_ALPHA_TIMING_ONLY,SWITCH_IMMEDIATE_MONTHLY,LEAVE_ONE_FAMILY_OUT,GLOBAL_ROBOTICS_AUTOMATION,FULL_COMMON_HISTORY,0.11536694780965062,-0.0006438844836047508,-0.24688585338043556,0.05143998246982856,-0.0012273615821367656,-0.0018525739812845776,SIGN_REVERSAL_DEPENDENCY,
POLICY_2_ALPHA_TIMING_ONLY,SWITCH_IMMEDIATE_MONTHLY,LEAVE_ONE_FAMILY_OUT,GLOBAL_SEMICONDUCTORS,FULL_COMMON_HISTORY,0.11255581406965987,-0.0034550182235955074,-0.252823910008508,0.05224524383008458,-0.004038495322127522,-0.00779063060935703,SIGN_REVERSAL_DEPENDENCY,
POLICY_2_ALPHA_TIMING_ONLY,SWITCH_IMMEDIATE_MONTHLY,LEAVE_ONE_FAMILY_OUT,GLOBAL_SILVER_MINERS,FULL_COMMON_HISTORY,0.11492083076435478,-0.001090001528900597,-0.24503327939915098,0.05313110877705989,-0.0016734786274326119,0.0,SIGN_REVERSAL_DEPENDENCY,
POLICY_2_ALPHA_TIMING_ONLY,SWITCH_IMMEDIATE_MONTHLY,LEAVE_ONE_FAMILY_OUT,GLOBAL_SOFTWARE,FULL_COMMON_HISTORY,0.1163876362880023,0.0003768039947469326,-0.24884474319852123,0.05177943483165203,-0.0002066731037850822,-0.0038114637993702516,NONNEGATIVE_INCREMENTAL,
POLICY_2_ALPHA_TIMING_ONLY,SWITCH_IMMEDIATE_MONTHLY,LEAVE_ONE_FAMILY_OUT,GLOBAL_SOLAR,FULL_COMMON_HISTORY,0.11658547237052441,0.0005746400772690397,-0.24503327939915098,0.05273064463088305,-8.837021262975142e-06,0.0,NONNEGATIVE_INCREMENTAL,
POLICY_2_ALPHA_TIMING_ONLY,SWITCH_IMMEDIATE_MONTHLY,LEAVE_ONE_FAMILY_OUT,GLOBAL_TRANSPORTATION,FULL_COMMON_HISTORY,0.1161229449513499,0.00011211265809452087,-0.2450332869199524,0.052671449815509336,-0.0004713644404374939,-7.520801426075252e-09,NONNEGATIVE_INCREMENTAL,
POLICY_2_ALPHA_TIMING_ONLY,SWITCH_IMMEDIATE_MONTHLY,LEAVE_ONE_FAMILY_OUT,GLOBAL_URANIUM_NUCLEAR,FULL_COMMON_HISTORY,0.11794674261966098,0.00193591032640561,-0.24503327939915098,0.052880480996912824,0.001352433227873595,0.0,NONNEGATIVE_INCREMENTAL,
POLICY_2_ALPHA_TIMING_ONLY,SWITCH_IMMEDIATE_MONTHLY,LEAVE_ONE_FAMILY_OUT,GLOBAL_WATER,FULL_COMMON_HISTORY,0.11872848696960481,0.0027176546763494347,-0.2457404427456681,0.05099746497071185,0.00213417757781742,-0.0007071633465171034,NONNEGATIVE_INCREMENTAL,
POLICY_2_ALPHA_TIMING_ONLY,SWITCH_IMMEDIATE_MONTHLY,LEAVE_ONE_FAMILY_OUT,US_AEROSPACE_DEFENCE,FULL_COMMON_HISTORY,0.11659430939178739,0.0005834770985320148,-0.24503327939915098,0.05278971226074617,0.0,0.0,NONNEGATIVE_INCREMENTAL,
POLICY_2_ALPHA_TIMING_ONLY,SWITCH_IMMEDIATE_MONTHLY,LEAVE_ONE_FAMILY_OUT,US_BANKS,FULL_COMMON_HISTORY,0.1173989828174673,0.0013881505242119285,-0.24503293630981904,0.0519718969867938,0.0008046734256799137,3.4308933194449054e-07,NONNEGATIVE_INCREMENTAL,
POLICY_2_ALPHA_TIMING_ONLY,SWITCH_IMMEDIATE_MONTHLY,EXCLUDE_TOP_1_FAMILY_CONTRIBUTORS,GLOBAL_SEMICONDUCTORS,FULL_COMMON_HISTORY,0.11255581406965987,-0.0034550182235955074,-0.252823910008508,0.05224524383008458,-0.004038495322127522,-0.00779063060935703,ROBUSTNESS_DIAGNOSTIC,
POLICY_2_ALPHA_TIMING_ONLY,SWITCH_IMMEDIATE_MONTHLY,EXCLUDE_TOP_3_FAMILY_CONTRIBUTORS,GLOBAL_BATTERY_EV;GLOBAL_SEMICONDUCTORS;GLOBAL_SILVER_MINERS,FULL_COMMON_HISTORY,0.10512801588615739,-0.010882816407097984,-0.25464298642179006,0.053594098743539785,-0.011466293505629999,-0.00960970702263908,ROBUSTNESS_DIAGNOSTIC,
POLICY_2_ALPHA_TIMING_ONLY,SWITCH_IMMEDIATE_MONTHLY,EXCLUDE_TOP_5_FAMILY_CONTRIBUTORS,EUROPE_BANKS;GLOBAL_BATTERY_EV;GLOBAL_SEMICONDUCTORS;GLOBAL_SILVER_MINERS;GLOBAL_TRANSPORTATION,FULL_COMMON_HISTORY,0.10169841006567704,-0.014312422227578336,-0.2539290124105533,0.052371749939498724,-0.014895899326110351,-0.00889573301140234,ROBUSTNESS_DIAGNOSTIC,
POLICY_2_ALPHA_TIMING_ONLY,SWITCH_ASYMMETRIC_HYSTERESIS,LEAVE_ONE_FAMILY_OUT,CHINA_INTERNET,FULL_COMMON_HISTORY,0.11762575879045523,0.0016149264971998534,-0.24503287963988363,0.05186907494286607,0.0005131449989972392,0.0,NONNEGATIVE_INCREMENTAL,
POLICY_2_ALPHA_TIMING_ONLY,SWITCH_ASYMMETRIC_HYSTERESIS,LEAVE_ONE_FAMILY_OUT,EUROPE_AEROSPACE_DEFENCE,FULL_COMMON_HISTORY,0.11711261379145799,0.0011017814982026142,-0.24503287963988363,0.05188056157853023,0.0,0.0,NONNEGATIVE_INCREMENTAL,
POLICY_2_ALPHA_TIMING_ONLY,SWITCH_ASYMMETRIC_HYSTERESIS,LEAVE_ONE_FAMILY_OUT,EUROPE_BANKS,FULL_COMMON_HISTORY,0.11786042524027462,0.0018495929470192518,-0.24503220315160756,0.05034604506509778,0.0007478114488166376,6.764882760634805e-07,NONNEGATIVE_INCREMENTAL,
POLICY_2_ALPHA_TIMING_ONLY,SWITCH_ASYMMETRIC_HYSTERESIS,LEAVE_ONE_FAMILY_OUT,EUROPE_INFRASTRUCTURE,FULL_COMMON_HISTORY,0.11711261379145799,0.0011017814982026142,-0.24503287963988363,0.05188056157853023,0.0,0.0,NONNEGATIVE_INCREMENTAL,
POLICY_2_ALPHA_TIMING_ONLY,SWITCH_ASYMMETRIC_HYSTERESIS,LEAVE_ONE_FAMILY_OUT,GLOBAL_AEROSPACE_DEFENCE,FULL_COMMON_HISTORY,0.11712680035792511,0.0011159680646697367,-0.24503287963988363,0.051880220508941643,1.4186566467122574e-05,0.0,NONNEGATIVE_INCREMENTAL,
POLICY_2_ALPHA_TIMING_ONLY,SWITCH_ASYMMETRIC_HYSTERESIS,LEAVE_ONE_FAMILY_OUT,GLOBAL_AGRIBUSINESS,FULL_COMMON_HISTORY,0.11708554412927197,0.0010747118360165953,-0.24503336914354723,0.05300960894885995,-2.7069662186018917e-05,-4.895036636032302e-07,NONNEGATIVE_INCREMENTAL,
POLICY_2_ALPHA_TIMING_ONLY,SWITCH_ASYMMETRIC_HYSTERESIS,LEAVE_ONE_FAMILY_OUT,GLOBAL_AI,FULL_COMMON_HISTORY,0.11968100208087429,0.0036701697876189154,-0.24503287963988363,0.05184919048799,0.0025683882894163013,0.0,NONNEGATIVE_INCREMENTAL,
POLICY_2_ALPHA_TIMING_ONLY,SWITCH_ASYMMETRIC_HYSTERESIS,LEAVE_ONE_FAMILY_OUT,GLOBAL_BATTERY_EV,FULL_COMMON_HISTORY,0.11523573231317008,-0.000775099980085292,-0.24620516649809565,0.05129440172981134,-0.0018768814782879062,-0.0011722868582120238,SIGN_REVERSAL_DEPENDENCY,
POLICY_2_ALPHA_TIMING_ONLY,SWITCH_ASYMMETRIC_HYSTERESIS,LEAVE_ONE_FAMILY_OUT,GLOBAL_BIOTECHNOLOGY,FULL_COMMON_HISTORY,0.11796053908946136,0.0019497067962059855,-0.24858052575698297,0.051957247647644644,0.0008479252980033714,-0.0035476461170993456,NONNEGATIVE_INCREMENTAL,
POLICY_2_ALPHA_TIMING_ONLY,SWITCH_ASYMMETRIC_HYSTERESIS,LEAVE_ONE_FAMILY_OUT,GLOBAL_CLEAN_ENERGY,FULL_COMMON_HISTORY,0.11801864600439593,0.0020078137111405603,-0.24503287963988363,0.05186083739704751,0.0009060322129379461,0.0,NONNEGATIVE_INCREMENTAL,
POLICY_2_ALPHA_TIMING_ONLY,SWITCH_ASYMMETRIC_HYSTERESIS,LEAVE_ONE_FAMILY_OUT,GLOBAL_CYBERSECURITY,FULL_COMMON_HISTORY,0.1184840133262055,0.0024731810329501336,-0.24503287963988363,0.04942436314382098,0.0013713995347475194,0.0,NONNEGATIVE_INCREMENTAL,
POLICY_2_ALPHA_TIMING_ONLY,SWITCH_ASYMMETRIC_HYSTERESIS,LEAVE_ONE_FAMILY_OUT,GLOBAL_GENOMICS,FULL_COMMON_HISTORY,0.11593920348096187,-7.162881229350049e-05,-0.24503287963988363,0.05189877244612226,-0.0011734103104961147,0.0,SIGN_REVERSAL_DEPENDENCY,
POLICY_2_ALPHA_TIMING_ONLY,SWITCH_ASYMMETRIC_HYSTERESIS,LEAVE_ONE_FAMILY_OUT,GLOBAL_GOLD_MINERS,FULL_COMMON_HISTORY,0.11903786145512263,0.0030270291618672562,-0.25001827832287815,0.05180265125122628,0.001925247663664642,-0.004985398682994524,NONNEGATIVE_INCREMENTAL,
POLICY_2_ALPHA_TIMING_ONLY,SWITCH_ASYMMETRIC_HYSTERESIS,LEAVE_ONE_FAMILY_OUT,GLOBAL_INFRASTRUCTURE,FULL_COMMON_HISTORY,0.11661017132304186,0.0005993390297864831,-0.24671591198155718,0.052668063651557476,-0.000502442468416131,-0.0016830323416735515,NONNEGATIVE_INCREMENTAL,
POLICY_2_ALPHA_TIMING_ONLY,SWITCH_ASYMMETRIC_HYSTERESIS,LEAVE_ONE_FAMILY_OUT,GLOBAL_OIL_GAS,FULL_COMMON_HISTORY,0.1164177807960678,0.0004069485028124209,-0.24503286002161717,0.05497986856243785,-0.0006948329953901933,1.9618266455800892e-08,NONNEGATIVE_INCREMENTAL,
POLICY_2_ALPHA_TIMING_ONLY,SWITCH_ASYMMETRIC_HYSTERESIS,LEAVE_ONE_FAMILY_OUT,GLOBAL_QUANTUM_COMPUTING,FULL_COMMON_HISTORY,0.1169149613348952,0.000904129041639834,-0.24503287963988363,0.051879752472699235,-0.0001976524565627802,0.0,NONNEGATIVE_INCREMENTAL,
POLICY_2_ALPHA_TIMING_ONLY,SWITCH_ASYMMETRIC_HYSTERESIS,LEAVE_ONE_FAMILY_OUT,GLOBAL_RETAIL,FULL_COMMON_HISTORY,0.11903985330652334,0.003029021013267963,-0.24503287963988363,0.05164149408942474,0.0019272395150653487,0.0,NONNEGATIVE_INCREMENTAL,
POLICY_2_ALPHA_TIMING_ONLY,SWITCH_ASYMMETRIC_HYSTERESIS,LEAVE_ONE_FAMILY_OUT,GLOBAL_ROBOTICS_AUTOMATION,FULL_COMMON_HISTORY,0.11697842857144303,0.0009675962781876546,-0.24688518746720878,0.050396186913068165,-0.00013418522001495958,-0.0018523078273251503,NONNEGATIVE_INCREMENTAL,
POLICY_2_ALPHA_TIMING_ONLY,SWITCH_ASYMMETRIC_HYSTERESIS,LEAVE_ONE_FAMILY_OUT,GLOBAL_SEMICONDUCTORS,FULL_COMMON_HISTORY,0.11434298673168275,-0.0016678455615726229,-0.2528231706248558,0.051203080711582624,-0.002769627059775237,-0.007790290984972192,SIGN_REVERSAL_DEPENDENCY,
POLICY_2_ALPHA_TIMING_ONLY,SWITCH_ASYMMETRIC_HYSTERESIS,LEAVE_ONE_FAMILY_OUT,GLOBAL_SILVER_MINERS,FULL_COMMON_HISTORY,0.11543835587890872,-0.0005724764143466565,-0.24503287963988363,0.052223153487123905,-0.0016742579125492707,0.0,SIGN_REVERSAL_DEPENDENCY,
POLICY_2_ALPHA_TIMING_ONLY,SWITCH_ASYMMETRIC_HYSTERESIS,LEAVE_ONE_FAMILY_OUT,GLOBAL_SOFTWARE,FULL_COMMON_HISTORY,0.11719982408667029,0.0011889917934149175,-0.24884434469662575,0.05089841127429517,8.721029521230328e-05,-0.003811465056742125,NONNEGATIVE_INCREMENTAL,
POLICY_2_ALPHA_TIMING_ONLY,SWITCH_ASYMMETRIC_HYSTERESIS,LEAVE_ONE_FAMILY_OUT,GLOBAL_SOLAR,FULL_COMMON_HISTORY,0.11710377191550236,0.0010929396222469911,-0.24503287963988363,0.05182128235352364,-8.841875955623024e-06,0.0,NONNEGATIVE_INCREMENTAL,
POLICY_2_ALPHA_TIMING_ONLY,SWITCH_ASYMMETRIC_HYSTERESIS,LEAVE_ONE_FAMILY_OUT,GLOBAL_TRANSPORTATION,FULL_COMMON_HISTORY,0.11687342200630768,0.0008625897130523086,-0.24503281125954357,0.05183019216539746,-0.0002391917851503056,6.838034005696159e-08,NONNEGATIVE_INCREMENTAL,
POLICY_2_ALPHA_TIMING_ONLY,SWITCH_ASYMMETRIC_HYSTERESIS,LEAVE_ONE_FAMILY_OUT,GLOBAL_URANIUM_NUCLEAR,FULL_COMMON_HISTORY,0.11846564628365619,0.002454813990400817,-0.24503287963988363,0.05193902473476769,0.0013530324921982029,0.0,NONNEGATIVE_INCREMENTAL,
POLICY_2_ALPHA_TIMING_ONLY,SWITCH_ASYMMETRIC_HYSTERESIS,LEAVE_ONE_FAMILY_OUT,GLOBAL_WATER,FULL_COMMON_HISTORY,0.11938964661603357,0.003378814322778201,-0.24573983517709175,0.050229461815759255,0.0022770328245755866,-0.0007069555372081204,NONNEGATIVE_INCREMENTAL,
POLICY_2_ALPHA_TIMING_ONLY,SWITCH_ASYMMETRIC_HYSTERESIS,LEAVE_ONE_FAMILY_OUT,US_AEROSPACE_DEFENCE,FULL_COMMON_HISTORY,0.11711261379145799,0.0011017814982026142,-0.24503287963988363,0.05188056157853023,0.0,0.0,NONNEGATIVE_INCREMENTAL,
POLICY_2_ALPHA_TIMING_ONLY,SWITCH_ASYMMETRIC_HYSTERESIS,LEAVE_ONE_FAMILY_OUT,US_BANKS,FULL_COMMON_HISTORY,0.11768126256357214,0.0016704302703167695,-0.2450325379949556,0.05133678084129771,0.0005686487721141553,3.416449280146949e-07,NONNEGATIVE_INCREMENTAL,
POLICY_2_ALPHA_TIMING_ONLY,SWITCH_ASYMMETRIC_HYSTERESIS,EXCLUDE_TOP_1_FAMILY_CONTRIBUTORS,GLOBAL_SEMICONDUCTORS,FULL_COMMON_HISTORY,0.11434298673168275,-0.0016678455615726229,-0.2528231706248558,0.051203080711582624,-0.002769627059775237,-0.007790290984972192,ROBUSTNESS_DIAGNOSTIC,
POLICY_2_ALPHA_TIMING_ONLY,SWITCH_ASYMMETRIC_HYSTERESIS,EXCLUDE_TOP_3_FAMILY_CONTRIBUTORS,GLOBAL_BATTERY_EV;GLOBAL_SEMICONDUCTORS;GLOBAL_SILVER_MINERS,FULL_COMMON_HISTORY,0.10787344492406126,-0.008137387369194116,-0.25464217881106144,0.05208348678780886,-0.00923916886739673,-0.00960929917117781,ROBUSTNESS_DIAGNOSTIC,
POLICY_2_ALPHA_TIMING_ONLY,SWITCH_ASYMMETRIC_HYSTERESIS,EXCLUDE_TOP_5_FAMILY_CONTRIBUTORS,EUROPE_BANKS;GLOBAL_BATTERY_EV;GLOBAL_SEMICONDUCTORS;GLOBAL_SILVER_MINERS;GLOBAL_SOFTWARE,FULL_COMMON_HISTORY,0.10712295420182971,-0.00888787809142566,-0.25211794023736545,0.04918983349284115,-0.009989659589628275,-0.007085060597481818,ROBUSTNESS_DIAGNOSTIC,
POLICY_3_BALANCED_REGIME_STRATEGY,SWITCH_IMMEDIATE_MONTHLY,LEAVE_ONE_FAMILY_OUT,CHINA_INTERNET,FULL_COMMON_HISTORY,0.08078697362408738,-0.02140643541513909,-0.1687668671790422,0.061304551627680164,0.0004769325030402616,0.0,SIGN_REVERSAL_DEPENDENCY,
POLICY_3_BALANCED_REGIME_STRATEGY,SWITCH_IMMEDIATE_MONTHLY,LEAVE_ONE_FAMILY_OUT,EUROPE_AEROSPACE_DEFENCE,FULL_COMMON_HISTORY,0.08031004112104712,-0.021883367918179353,-0.1687668671790422,0.0616727764885476,0.0,0.0,SIGN_REVERSAL_DEPENDENCY,
POLICY_3_BALANCED_REGIME_STRATEGY,SWITCH_IMMEDIATE_MONTHLY,LEAVE_ONE_FAMILY_OUT,EUROPE_BANKS,FULL_COMMON_HISTORY,0.08033840225690603,-0.02185500678232044,-0.16876617831403973,0.06050632646039353,2.836113585891198e-05,6.888650024849952e-07,SIGN_REVERSAL_DEPENDENCY,
POLICY_3_BALANCED_REGIME_STRATEGY,SWITCH_IMMEDIATE_MONTHLY,LEAVE_ONE_FAMILY_OUT,EUROPE_INFRASTRUCTURE,FULL_COMMON_HISTORY,0.08031004112104712,-0.021883367918179353,-0.1687668671790422,0.0616727764885476,0.0,0.0,SIGN_REVERSAL_DEPENDENCY,
POLICY_3_BALANCED_REGIME_STRATEGY,SWITCH_IMMEDIATE_MONTHLY,LEAVE_ONE_FAMILY_OUT,GLOBAL_AEROSPACE_DEFENCE,FULL_COMMON_HISTORY,0.08032403170140245,-0.021869377337824014,-0.1687668671790422,0.06167248559840326,1.3990580355338622e-05,0.0,SIGN_REVERSAL_DEPENDENCY,
POLICY_3_BALANCED_REGIME_STRATEGY,SWITCH_IMMEDIATE_MONTHLY,LEAVE_ONE_FAMILY_OUT,GLOBAL_AGRIBUSINESS,FULL_COMMON_HISTORY,0.07993897389537485,-0.022254435143851614,-0.16876749082180809,0.06252516507572078,-0.00037106722567226136,-6.236427658734556e-07,SIGN_REVERSAL_DEPENDENCY,
POLICY_3_BALANCED_REGIME_STRATEGY,SWITCH_IMMEDIATE_MONTHLY,LEAVE_ONE_FAMILY_OUT,GLOBAL_AI,FULL_COMMON_HISTORY,0.08261115204126956,-0.019582256997956904,-0.1687668671790422,0.061638804393335356,0.002301110920222449,0.0,SIGN_REVERSAL_DEPENDENCY,
POLICY_3_BALANCED_REGIME_STRATEGY,SWITCH_IMMEDIATE_MONTHLY,LEAVE_ONE_FAMILY_OUT,GLOBAL_BATTERY_EV,FULL_COMMON_HISTORY,0.0782836536319036,-0.023909755407322875,-0.17020877170044169,0.061800841480657794,-0.002026387489143522,-0.001441904521399473,SIGN_REVERSAL_DEPENDENCY,
POLICY_3_BALANCED_REGIME_STRATEGY,SWITCH_IMMEDIATE_MONTHLY,LEAVE_ONE_FAMILY_OUT,GLOBAL_BIOTECHNOLOGY,FULL_COMMON_HISTORY,0.08171783938025756,-0.020475569658968906,-0.17052483226701876,0.06166770923629186,0.0014077982592104465,-0.001757965087976543,SIGN_REVERSAL_DEPENDENCY,
POLICY_3_BALANCED_REGIME_STRATEGY,SWITCH_IMMEDIATE_MONTHLY,LEAVE_ONE_FAMILY_OUT,GLOBAL_CLEAN_ENERGY,FULL_COMMON_HISTORY,0.08094426453328918,-0.02124914450593729,-0.1687668671790422,0.06164476602371939,0.0006342234122420631,0.0,SIGN_REVERSAL_DEPENDENCY,
POLICY_3_BALANCED_REGIME_STRATEGY,SWITCH_IMMEDIATE_MONTHLY,LEAVE_ONE_FAMILY_OUT,GLOBAL_CYBERSECURITY,FULL_COMMON_HISTORY,0.08107035512767657,-0.021123053911549894,-0.1687668671790422,0.0593579065648806,0.0007603140066294589,0.0,SIGN_REVERSAL_DEPENDENCY,
POLICY_3_BALANCED_REGIME_STRATEGY,SWITCH_IMMEDIATE_MONTHLY,LEAVE_ONE_FAMILY_OUT,GLOBAL_GENOMICS,FULL_COMMON_HISTORY,0.07917576342041177,-0.023017645618814697,-0.1687668671790422,0.06168828767531303,-0.0011342777006353444,0.0,SIGN_REVERSAL_DEPENDENCY,
POLICY_3_BALANCED_REGIME_STRATEGY,SWITCH_IMMEDIATE_MONTHLY,LEAVE_ONE_FAMILY_OUT,GLOBAL_GOLD_MINERS,FULL_COMMON_HISTORY,0.08067942917447546,-0.02151397986475101,-0.17246311879059772,0.06202536978086409,0.00036938805342834335,-0.003696251611555512,SIGN_REVERSAL_DEPENDENCY,
POLICY_3_BALANCED_REGIME_STRATEGY,SWITCH_IMMEDIATE_MONTHLY,LEAVE_ONE_FAMILY_OUT,GLOBAL_INFRASTRUCTURE,FULL_COMMON_HISTORY,0.07981403187604741,-0.02237937716317906,-0.17062560966362728,0.06260796772785762,-0.0004960092449997067,-0.001858742484585063,SIGN_REVERSAL_DEPENDENCY,
POLICY_3_BALANCED_REGIME_STRATEGY,SWITCH_IMMEDIATE_MONTHLY,LEAVE_ONE_FAMILY_OUT,GLOBAL_OIL_GAS,FULL_COMMON_HISTORY,0.08007083287114658,-0.022122576168079888,-0.16876647863276917,0.06410114356567068,-0.00023920824990053546,3.8854627304463207e-07,SIGN_REVERSAL_DEPENDENCY,
POLICY_3_BALANCED_REGIME_STRATEGY,SWITCH_IMMEDIATE_MONTHLY,LEAVE_ONE_FAMILY_OUT,GLOBAL_QUANTUM_COMPUTING,FULL_COMMON_HISTORY,0.08011889299446939,-0.022074516044757075,-0.1687668671790422,0.06167208732624644,-0.00019114812657772262,0.0,SIGN_REVERSAL_DEPENDENCY,
POLICY_3_BALANCED_REGIME_STRATEGY,SWITCH_IMMEDIATE_MONTHLY,LEAVE_ONE_FAMILY_OUT,GLOBAL_RETAIL,FULL_COMMON_HISTORY,0.08212274563333066,-0.020070663405895806,-0.1687668671790422,0.061305649680527756,0.0018127045122835472,0.0,SIGN_REVERSAL_DEPENDENCY,
POLICY_3_BALANCED_REGIME_STRATEGY,SWITCH_IMMEDIATE_MONTHLY,LEAVE_ONE_FAMILY_OUT,GLOBAL_ROBOTICS_AUTOMATION,FULL_COMMON_HISTORY,0.07992330856531149,-0.022270100473914978,-0.17056462660005967,0.06009466029285561,-0.00038673255573562493,-0.001797759421017453,SIGN_REVERSAL_DEPENDENCY,
POLICY_3_BALANCED_REGIME_STRATEGY,SWITCH_IMMEDIATE_MONTHLY,LEAVE_ONE_FAMILY_OUT,GLOBAL_SEMICONDUCTORS,FULL_COMMON_HISTORY,0.07690933120538301,-0.025284077833843455,-0.1749164673882696,0.06158906430724018,-0.003400709915664102,-0.0061496002092273905,SIGN_REVERSAL_DEPENDENCY,
POLICY_3_BALANCED_REGIME_STRATEGY,SWITCH_IMMEDIATE_MONTHLY,LEAVE_ONE_FAMILY_OUT,GLOBAL_SILVER_MINERS,FULL_COMMON_HISTORY,0.07865085733625321,-0.023542551702973258,-0.1687668671790422,0.06196598108149709,-0.001659183784793905,0.0,SIGN_REVERSAL_DEPENDENCY,
POLICY_3_BALANCED_REGIME_STRATEGY,SWITCH_IMMEDIATE_MONTHLY,LEAVE_ONE_FAMILY_OUT,GLOBAL_SOFTWARE,FULL_COMMON_HISTORY,0.08072707183203165,-0.02146633720719482,-0.1711190097778339,0.06041518677589307,0.0004170307109845339,-0.0023521425987916844,SIGN_REVERSAL_DEPENDENCY,
POLICY_3_BALANCED_REGIME_STRATEGY,SWITCH_IMMEDIATE_MONTHLY,LEAVE_ONE_FAMILY_OUT,GLOBAL_SOLAR,FULL_COMMON_HISTORY,0.08005272783679462,-0.022140681202431844,-0.1687668671790422,0.06161397732408657,-0.00025731328425249167,0.0,SIGN_REVERSAL_DEPENDENCY,
POLICY_3_BALANCED_REGIME_STRATEGY,SWITCH_IMMEDIATE_MONTHLY,LEAVE_ONE_FAMILY_OUT,GLOBAL_TRANSPORTATION,FULL_COMMON_HISTORY,0.08046249279229434,-0.02173091624693213,-0.16876669236327568,0.061556989858745616,0.00015245167124722236,1.7481576652933484e-07,SIGN_REVERSAL_DEPENDENCY,
POLICY_3_BALANCED_REGIME_STRATEGY,SWITCH_IMMEDIATE_MONTHLY,LEAVE_ONE_FAMILY_OUT,GLOBAL_URANIUM_NUCLEAR,FULL_COMMON_HISTORY,0.08150104902405264,-0.020692360015173827,-0.1687668671790422,0.0618648875396377,0.0011910079030055254,0.0,SIGN_REVERSAL_DEPENDENCY,
POLICY_3_BALANCED_REGIME_STRATEGY,SWITCH_IMMEDIATE_MONTHLY,LEAVE_ONE_FAMILY_OUT,GLOBAL_WATER,FULL_COMMON_HISTORY,0.08156753022366758,-0.020625878815558885,-0.1699284472110033,0.060115338031278776,0.0012574891026204682,-0.0011615800319610958,SIGN_REVERSAL_DEPENDENCY,
POLICY_3_BALANCED_REGIME_STRATEGY,SWITCH_IMMEDIATE_MONTHLY,LEAVE_ONE_FAMILY_OUT,US_AEROSPACE_DEFENCE,FULL_COMMON_HISTORY,0.08031004112104712,-0.021883367918179353,-0.1687668671790422,0.0616727764885476,0.0,0.0,SIGN_REVERSAL_DEPENDENCY,
POLICY_3_BALANCED_REGIME_STRATEGY,SWITCH_IMMEDIATE_MONTHLY,LEAVE_ONE_FAMILY_OUT,US_BANKS,FULL_COMMON_HISTORY,0.08073229532783732,-0.021461113711389146,-0.16876644823936504,0.06129394559996316,0.00042225420679020687,4.189396771714371e-07,SIGN_REVERSAL_DEPENDENCY,
POLICY_3_BALANCED_REGIME_STRATEGY,SWITCH_IMMEDIATE_MONTHLY,EXCLUDE_TOP_1_FAMILY_CONTRIBUTORS,GLOBAL_SEMICONDUCTORS,FULL_COMMON_HISTORY,0.07690933120538301,-0.025284077833843455,-0.1749164673882696,0.06158906430724018,-0.003400709915664102,-0.0061496002092273905,ROBUSTNESS_DIAGNOSTIC,
POLICY_3_BALANCED_REGIME_STRATEGY,SWITCH_IMMEDIATE_MONTHLY,EXCLUDE_TOP_3_FAMILY_CONTRIBUTORS,GLOBAL_BATTERY_EV;GLOBAL_SEMICONDUCTORS;GLOBAL_SILVER_MINERS,FULL_COMMON_HISTORY,0.0718793747080726,-0.030314034331153872,-0.1747799400721619,0.0625615449096781,-0.008430666412974519,-0.0060130728931196975,ROBUSTNESS_DIAGNOSTIC,
POLICY_3_BALANCED_REGIME_STRATEGY,SWITCH_IMMEDIATE_MONTHLY,EXCLUDE_TOP_5_FAMILY_CONTRIBUTORS,EUROPE_BANKS;GLOBAL_BATTERY_EV;GLOBAL_GOLD_MINERS;GLOBAL_SEMICONDUCTORS;GLOBAL_SILVER_MINERS,FULL_COMMON_HISTORY,0.06827033343612854,-0.03392307560309793,-0.1742465305033578,0.06334083763225802,-0.012039707684918577,-0.005479663324315598,ROBUSTNESS_DIAGNOSTIC,
POLICY_3_BALANCED_REGIME_STRATEGY,SWITCH_ASYMMETRIC_HYSTERESIS,LEAVE_ONE_FAMILY_OUT,CHINA_INTERNET,FULL_COMMON_HISTORY,0.0740295544729761,-0.025121917506658153,-0.1687704707594745,0.060635670929687295,0.00010445423789673391,0.0,SIGN_REVERSAL_DEPENDENCY,
POLICY_3_BALANCED_REGIME_STRATEGY,SWITCH_ASYMMETRIC_HYSTERESIS,LEAVE_ONE_FAMILY_OUT,EUROPE_AEROSPACE_DEFENCE,FULL_COMMON_HISTORY,0.07392510023507937,-0.025226371744554887,-0.1687704707594745,0.060528981853551905,0.0,0.0,SIGN_REVERSAL_DEPENDENCY,
POLICY_3_BALANCED_REGIME_STRATEGY,SWITCH_ASYMMETRIC_HYSTERESIS,LEAVE_ONE_FAMILY_OUT,EUROPE_BANKS,FULL_COMMON_HISTORY,0.07395661625896777,-0.025194855720666487,-0.1687696889414697,0.05951370887501714,3.151602388840047e-05,7.81818004780277e-07,SIGN_REVERSAL_DEPENDENCY,
POLICY_3_BALANCED_REGIME_STRATEGY,SWITCH_ASYMMETRIC_HYSTERESIS,LEAVE_ONE_FAMILY_OUT,EUROPE_INFRASTRUCTURE,FULL_COMMON_HISTORY,0.07392510023507937,-0.025226371744554887,-0.1687704707594745,0.060528981853551905,0.0,0.0,SIGN_REVERSAL_DEPENDENCY,
POLICY_3_BALANCED_REGIME_STRATEGY,SWITCH_ASYMMETRIC_HYSTERESIS,LEAVE_ONE_FAMILY_OUT,GLOBAL_AEROSPACE_DEFENCE,FULL_COMMON_HISTORY,0.07393905290746039,-0.025212419072173864,-0.1687704707594745,0.06052868952991871,1.395267238102349e-05,0.0,SIGN_REVERSAL_DEPENDENCY,
POLICY_3_BALANCED_REGIME_STRATEGY,SWITCH_ASYMMETRIC_HYSTERESIS,LEAVE_ONE_FAMILY_OUT,GLOBAL_AGRIBUSINESS,FULL_COMMON_HISTORY,0.07366513612134673,-0.025486335858287523,-0.1687710401149657,0.06155481590695972,-0.00025996411373263584,-5.693554911978538e-07,SIGN_REVERSAL_DEPENDENCY,
POLICY_3_BALANCED_REGIME_STRATEGY,SWITCH_ASYMMETRIC_HYSTERESIS,LEAVE_ONE_FAMILY_OUT,GLOBAL_AI,FULL_COMMON_HISTORY,0.0760668611217099,-0.023084610857924348,-0.1687704707594745,0.060497708769130625,0.0021417608866305393,0.0,SIGN_REVERSAL_DEPENDENCY,
POLICY_3_BALANCED_REGIME_STRATEGY,SWITCH_ASYMMETRIC_HYSTERESIS,LEAVE_ONE_FAMILY_OUT,GLOBAL_BATTERY_EV,FULL_COMMON_HISTORY,0.07246228680481526,-0.026689185174818997,-0.17021236840737586,0.06024837479268931,-0.0014628134302641094,-0.001441897647901369,SIGN_REVERSAL_DEPENDENCY,
POLICY_3_BALANCED_REGIME_STRATEGY,SWITCH_ASYMMETRIC_HYSTERESIS,LEAVE_ONE_FAMILY_OUT,GLOBAL_BIOTECHNOLOGY,FULL_COMMON_HISTORY,0.07487698256934294,-0.02427448941029131,-0.17052812685682905,0.06125747569327656,0.0009518823342635763,-0.0017576560973545652,SIGN_REVERSAL_DEPENDENCY,
POLICY_3_BALANCED_REGIME_STRATEGY,SWITCH_ASYMMETRIC_HYSTERESIS,LEAVE_ONE_FAMILY_OUT,GLOBAL_CLEAN_ENERGY,FULL_COMMON_HISTORY,0.07454347223870172,-0.02460799974093253,-0.1687704707594745,0.06050184252158249,0.0006183720036223583,0.0,SIGN_REVERSAL_DEPENDENCY,
POLICY_3_BALANCED_REGIME_STRATEGY,SWITCH_ASYMMETRIC_HYSTERESIS,LEAVE_ONE_FAMILY_OUT,GLOBAL_CYBERSECURITY,FULL_COMMON_HISTORY,0.07455367337893404,-0.024597798600700216,-0.1687704707594745,0.0584264350546468,0.0006285731438546716,0.0,SIGN_REVERSAL_DEPENDENCY,
POLICY_3_BALANCED_REGIME_STRATEGY,SWITCH_ASYMMETRIC_HYSTERESIS,LEAVE_ONE_FAMILY_OUT,GLOBAL_GENOMICS,FULL_COMMON_HISTORY,0.07279760508149669,-0.026353866898137568,-0.1687704707594745,0.06054456720945256,-0.0011274951535826805,0.0,SIGN_REVERSAL_DEPENDENCY,
POLICY_3_BALANCED_REGIME_STRATEGY,SWITCH_ASYMMETRIC_HYSTERESIS,LEAVE_ONE_FAMILY_OUT,GLOBAL_GOLD_MINERS,FULL_COMMON_HISTORY,0.07492455575290968,-0.02422691622672457,-0.17246562176510494,0.06043200418174461,0.0009994555178303166,-0.003695151005630448,SIGN_REVERSAL_DEPENDENCY,
POLICY_3_BALANCED_REGIME_STRATEGY,SWITCH_ASYMMETRIC_HYSTERESIS,LEAVE_ONE_FAMILY_OUT,GLOBAL_INFRASTRUCTURE,FULL_COMMON_HISTORY,0.07374670360667213,-0.025404768372962128,-0.1706289988231029,0.06182391590900122,-0.00017839662840724024,-0.0018585280636284063,SIGN_REVERSAL_DEPENDENCY,
POLICY_3_BALANCED_REGIME_STRATEGY,SWITCH_ASYMMETRIC_HYSTERESIS,LEAVE_ONE_FAMILY_OUT,GLOBAL_OIL_GAS,FULL_COMMON_HISTORY,0.07313978661570819,-0.026011685363926063,-0.16877041154114558,0.06286587625049317,-0.0007853136193711752,5.9218328907206796e-08,SIGN_REVERSAL_DEPENDENCY,
POLICY_3_BALANCED_REGIME_STRATEGY,SWITCH_ASYMMETRIC_HYSTERESIS,LEAVE_ONE_FAMILY_OUT,GLOBAL_QUANTUM_COMPUTING,FULL_COMMON_HISTORY,0.07373508032687037,-0.02541639165276388,-0.1687704707594745,0.06052828948724412,-0.00019001990820899373,0.0,SIGN_REVERSAL_DEPENDENCY,
POLICY_3_BALANCED_REGIME_STRATEGY,SWITCH_ASYMMETRIC_HYSTERESIS,LEAVE_ONE_FAMILY_OUT,GLOBAL_RETAIL,FULL_COMMON_HISTORY,0.07572738585262528,-0.02342408612700897,-0.1687704707594745,0.060273970085910226,0.0018022856175459179,0.0,SIGN_REVERSAL_DEPENDENCY,
POLICY_3_BALANCED_REGIME_STRATEGY,SWITCH_ASYMMETRIC_HYSTERESIS,LEAVE_ONE_FAMILY_OUT,GLOBAL_ROBOTICS_AUTOMATION,FULL_COMMON_HISTORY,0.07435210648082125,-0.02479936549881301,-0.170568042439727,0.0593475108574547,0.00042700624574187884,-0.0017975716802525188,SIGN_REVERSAL_DEPENDENCY,
POLICY_3_BALANCED_REGIME_STRATEGY,SWITCH_ASYMMETRIC_HYSTERESIS,LEAVE_ONE_FAMILY_OUT,GLOBAL_SEMICONDUCTORS,FULL_COMMON_HISTORY,0.07181182922295992,-0.02733964275667433,-0.17491972221131136,0.061211029592252233,-0.0021132710121194442,-0.006149251451836868,SIGN_REVERSAL_DEPENDENCY,
POLICY_3_BALANCED_REGIME_STRATEGY,SWITCH_ASYMMETRIC_HYSTERESIS,LEAVE_ONE_FAMILY_OUT,GLOBAL_SILVER_MINERS,FULL_COMMON_HISTORY,0.07228923084565331,-0.026862241133980946,-0.1687704707594745,0.06086298403705428,-0.001635869389426059,0.0,SIGN_REVERSAL_DEPENDENCY,
POLICY_3_BALANCED_REGIME_STRATEGY,SWITCH_ASYMMETRIC_HYSTERESIS,LEAVE_ONE_FAMILY_OUT,GLOBAL_SOFTWARE,FULL_COMMON_HISTORY,0.07454693161308268,-0.024604540366551575,-0.17112261004643448,0.05932513101882841,0.0006218313780033125,-0.0023521392869599866,SIGN_REVERSAL_DEPENDENCY,
POLICY_3_BALANCED_REGIME_STRATEGY,SWITCH_ASYMMETRIC_HYSTERESIS,LEAVE_ONE_FAMILY_OUT,GLOBAL_SOLAR,FULL_COMMON_HISTORY,0.0738918595843725,-0.025259612395261755,-0.1687704707594745,0.06046941432218516,-3.3240650706867214e-05,0.0,SIGN_REVERSAL_DEPENDENCY,
POLICY_3_BALANCED_REGIME_STRATEGY,SWITCH_ASYMMETRIC_HYSTERESIS,LEAVE_ONE_FAMILY_OUT,GLOBAL_TRANSPORTATION,FULL_COMMON_HISTORY,0.07434356348850035,-0.0248079084911339,-0.16877021904934464,0.06045691960676504,0.00041846325342098645,2.517101298504798e-07,SIGN_REVERSAL_DEPENDENCY,
POLICY_3_BALANCED_REGIME_STRATEGY,SWITCH_ASYMMETRIC_HYSTERESIS,LEAVE_ONE_FAMILY_OUT,GLOBAL_URANIUM_NUCLEAR,FULL_COMMON_HISTORY,0.07510150723600661,-0.02404996474362764,-0.1687704707594745,0.060653266873188984,0.0011764070009272487,0.0,SIGN_REVERSAL_DEPENDENCY,
POLICY_3_BALANCED_REGIME_STRATEGY,SWITCH_ASYMMETRIC_HYSTERESIS,LEAVE_ONE_FAMILY_OUT,GLOBAL_WATER,FULL_COMMON_HISTORY,0.07513337637394146,-0.02401809560569279,-0.1699318219110325,0.05968909197622527,0.0012082761388620966,-0.001161351151558021,SIGN_REVERSAL_DEPENDENCY,
POLICY_3_BALANCED_REGIME_STRATEGY,SWITCH_ASYMMETRIC_HYSTERESIS,LEAVE_ONE_FAMILY_OUT,US_AEROSPACE_DEFENCE,FULL_COMMON_HISTORY,0.07392510023507937,-0.025226371744554887,-0.1687704707594745,0.060528981853551905,0.0,0.0,SIGN_REVERSAL_DEPENDENCY,
POLICY_3_BALANCED_REGIME_STRATEGY,SWITCH_ASYMMETRIC_HYSTERESIS,LEAVE_ONE_FAMILY_OUT,US_BANKS,FULL_COMMON_HISTORY,0.07428873818835324,-0.02486273379128101,-0.16877003877486074,0.0603375109355574,0.0003636379532738765,4.319846137468275e-07,SIGN_REVERSAL_DEPENDENCY,
POLICY_3_BALANCED_REGIME_STRATEGY,SWITCH_ASYMMETRIC_HYSTERESIS,EXCLUDE_TOP_1_FAMILY_CONTRIBUTORS,GLOBAL_SEMICONDUCTORS,FULL_COMMON_HISTORY,0.07181182922295992,-0.02733964275667433,-0.17491972221131136,0.061211029592252233,-0.0021132710121194442,-0.006149251451836868,ROBUSTNESS_DIAGNOSTIC,
POLICY_3_BALANCED_REGIME_STRATEGY,SWITCH_ASYMMETRIC_HYSTERESIS,EXCLUDE_TOP_3_FAMILY_CONTRIBUTORS,GLOBAL_BATTERY_EV;GLOBAL_SEMICONDUCTORS;GLOBAL_SILVER_MINERS,FULL_COMMON_HISTORY,0.06746959083498916,-0.031681881144645097,-0.17478315281909584,0.06177321044196001,-0.006455509400090209,-0.006012682059621355,ROBUSTNESS_DIAGNOSTIC,
POLICY_3_BALANCED_REGIME_STRATEGY,SWITCH_ASYMMETRIC_HYSTERESIS,EXCLUDE_TOP_5_FAMILY_CONTRIBUTORS,EUROPE_BANKS;GLOBAL_BATTERY_EV;GLOBAL_OIL_GAS;GLOBAL_SEMICONDUCTORS;GLOBAL_SILVER_MINERS,FULL_COMMON_HISTORY,0.06487031887095362,-0.03428115310868063,-0.17094368154289374,0.061129839348420555,-0.009054781364125741,-0.002173210783419255,ROBUSTNESS_DIAGNOSTIC,
POLICY_4_DEFENSIVE_REGIME_STRATEGY,SWITCH_IMMEDIATE_MONTHLY,LEAVE_ONE_FAMILY_OUT,CHINA_INTERNET,FULL_COMMON_HISTORY,0.06784222125993766,-0.02976454984843757,-0.14695859395894617,0.06803867273254004,0.0003308012323903764,0.0006253771651676399,SIGN_REVERSAL_DEPENDENCY,
POLICY_4_DEFENSIVE_REGIME_STRATEGY,SWITCH_IMMEDIATE_MONTHLY,LEAVE_ONE_FAMILY_OUT,EUROPE_AEROSPACE_DEFENCE,FULL_COMMON_HISTORY,0.06751142002754729,-0.030095351080827948,-0.1475839711241138,0.06833962011782331,0.0,0.0,SIGN_REVERSAL_DEPENDENCY,
POLICY_4_DEFENSIVE_REGIME_STRATEGY,SWITCH_IMMEDIATE_MONTHLY,LEAVE_ONE_FAMILY_OUT,EUROPE_BANKS,FULL_COMMON_HISTORY,0.067349953736068,-0.030256817372307232,-0.14630860183195615,0.06718471114179349,-0.00016146629147928415,0.0012753692921576576,SIGN_REVERSAL_DEPENDENCY,
POLICY_4_DEFENSIVE_REGIME_STRATEGY,SWITCH_IMMEDIATE_MONTHLY,LEAVE_ONE_FAMILY_OUT,EUROPE_INFRASTRUCTURE,FULL_COMMON_HISTORY,0.06751142002754729,-0.030095351080827948,-0.1475839711241138,0.06833962011782331,0.0,0.0,SIGN_REVERSAL_DEPENDENCY,
POLICY_4_DEFENSIVE_REGIME_STRATEGY,SWITCH_IMMEDIATE_MONTHLY,LEAVE_ONE_FAMILY_OUT,GLOBAL_AEROSPACE_DEFENCE,FULL_COMMON_HISTORY,0.0675253622501748,-0.03008140885820043,-0.1475839711241138,0.06833935760737564,1.3942222627516543e-05,0.0,SIGN_REVERSAL_DEPENDENCY,
POLICY_4_DEFENSIVE_REGIME_STRATEGY,SWITCH_IMMEDIATE_MONTHLY,LEAVE_ONE_FAMILY_OUT,GLOBAL_AGRIBUSINESS,FULL_COMMON_HISTORY,0.06702414619156394,-0.030582624916811296,-0.1512488830579829,0.06936195165480188,-0.0004872738359833484,-0.003664911933869086,SIGN_REVERSAL_DEPENDENCY,
POLICY_4_DEFENSIVE_REGIME_STRATEGY,SWITCH_IMMEDIATE_MONTHLY,LEAVE_ONE_FAMILY_OUT,GLOBAL_AI,FULL_COMMON_HISTORY,0.06972500308271679,-0.02788176802565845,-0.1475839711241138,0.06830442643353404,0.002213583055169499,0.0,SIGN_REVERSAL_DEPENDENCY,
POLICY_4_DEFENSIVE_REGIME_STRATEGY,SWITCH_IMMEDIATE_MONTHLY,LEAVE_ONE_FAMILY_OUT,GLOBAL_BATTERY_EV,FULL_COMMON_HISTORY,0.06576459555974412,-0.03184217554863111,-0.14779635279912107,0.06847947995353822,-0.0017468244678031652,-0.00021238167500725602,SIGN_REVERSAL_DEPENDENCY,
POLICY_4_DEFENSIVE_REGIME_STRATEGY,SWITCH_IMMEDIATE_MONTHLY,LEAVE_ONE_FAMILY_OUT,GLOBAL_BIOTECHNOLOGY,FULL_COMMON_HISTORY,0.06891215406418505,-0.028694617044190185,-0.1489804316954796,0.0689029779677707,0.001400734036637763,-0.0013964605713657763,SIGN_REVERSAL_DEPENDENCY,
POLICY_4_DEFENSIVE_REGIME_STRATEGY,SWITCH_IMMEDIATE_MONTHLY,LEAVE_ONE_FAMILY_OUT,GLOBAL_CLEAN_ENERGY,FULL_COMMON_HISTORY,0.06805657118979713,-0.0295501999185781,-0.1475355158491033,0.06830919853193082,0.0005451511622498462,4.845527501051716e-05,SIGN_REVERSAL_DEPENDENCY,
POLICY_4_DEFENSIVE_REGIME_STRATEGY,SWITCH_IMMEDIATE_MONTHLY,LEAVE_ONE_FAMILY_OUT,GLOBAL_CYBERSECURITY,FULL_COMMON_HISTORY,0.0680602782086801,-0.02954649289969513,-0.14695859395894617,0.06625672933381113,0.0005488581811328164,0.0006253771651676399,SIGN_REVERSAL_DEPENDENCY,
POLICY_4_DEFENSIVE_REGIME_STRATEGY,SWITCH_IMMEDIATE_MONTHLY,LEAVE_ONE_FAMILY_OUT,GLOBAL_GENOMICS,FULL_COMMON_HISTORY,0.0663907854485839,-0.031215985659791334,-0.1475839711241138,0.06835360999644452,-0.0011206345789633865,0.0,SIGN_REVERSAL_DEPENDENCY,
POLICY_4_DEFENSIVE_REGIME_STRATEGY,SWITCH_IMMEDIATE_MONTHLY,LEAVE_ONE_FAMILY_OUT,GLOBAL_GOLD_MINERS,FULL_COMMON_HISTORY,0.06761914253769197,-0.029987628570683267,-0.1529120263658691,0.06869771037459946,0.00010772251014468104,-0.005328055241755281,SIGN_REVERSAL_DEPENDENCY,
POLICY_4_DEFENSIVE_REGIME_STRATEGY,SWITCH_IMMEDIATE_MONTHLY,LEAVE_ONE_FAMILY_OUT,GLOBAL_INFRASTRUCTURE,FULL_COMMON_HISTORY,0.06712598641012679,-0.030480784698248442,-0.15417817791892607,0.06978903459620825,-0.0003854336174204942,-0.006594206794812263,SIGN_REVERSAL_DEPENDENCY,
POLICY_4_DEFENSIVE_REGIME_STRATEGY,SWITCH_IMMEDIATE_MONTHLY,LEAVE_ONE_FAMILY_OUT,GLOBAL_OIL_GAS,FULL_COMMON_HISTORY,0.06716786813568443,-0.030438902972690807,-0.1561303441447034,0.07062515063408627,-0.00034355189186285884,-0.008546373020589582,SIGN_REVERSAL_DEPENDENCY,
POLICY_4_DEFENSIVE_REGIME_STRATEGY,SWITCH_IMMEDIATE_MONTHLY,LEAVE_ONE_FAMILY_OUT,GLOBAL_QUANTUM_COMPUTING,FULL_COMMON_HISTORY,0.06732253333630944,-0.030284237772065792,-0.1475839711241138,0.06833899855933084,-0.00018888669123784396,0.0,SIGN_REVERSAL_DEPENDENCY,
POLICY_4_DEFENSIVE_REGIME_STRATEGY,SWITCH_IMMEDIATE_MONTHLY,LEAVE_ONE_FAMILY_OUT,GLOBAL_RETAIL,FULL_COMMON_HISTORY,0.06928790613312841,-0.028318864975246827,-0.1475839711241138,0.0679622953733385,0.001776486105581121,0.0,SIGN_REVERSAL_DEPENDENCY,
POLICY_4_DEFENSIVE_REGIME_STRATEGY,SWITCH_IMMEDIATE_MONTHLY,LEAVE_ONE_FAMILY_OUT,GLOBAL_ROBOTICS_AUTOMATION,FULL_COMMON_HISTORY,0.06740431227811983,-0.030202458830255408,-0.1481195307295774,0.06712341490359285,-0.00010710774942745971,-0.0005355596054635869,SIGN_REVERSAL_DEPENDENCY,
POLICY_4_DEFENSIVE_REGIME_STRATEGY,SWITCH_IMMEDIATE_MONTHLY,LEAVE_ONE_FAMILY_OUT,GLOBAL_SEMICONDUCTORS,FULL_COMMON_HISTORY,0.06431211759508093,-0.0332946535132943,-0.15483649375366726,0.06940113754884665,-0.0031993024324663555,-0.007252522629553448,SIGN_REVERSAL_DEPENDENCY,
POLICY_4_DEFENSIVE_REGIME_STRATEGY,SWITCH_IMMEDIATE_MONTHLY,LEAVE_ONE_FAMILY_OUT,GLOBAL_SILVER_MINERS,FULL_COMMON_HISTORY,0.0658652585062669,-0.031741512602108335,-0.1475839711241138,0.06860201654886955,-0.001646161521280387,0.0,SIGN_REVERSAL_DEPENDENCY,
POLICY_4_DEFENSIVE_REGIME_STRATEGY,SWITCH_IMMEDIATE_MONTHLY,LEAVE_ONE_FAMILY_OUT,GLOBAL_SOFTWARE,FULL_COMMON_HISTORY,0.06813575957752205,-0.029471011530853186,-0.14695859395894617,0.06687486740696733,0.0006243395499747617,0.0006253771651676399,SIGN_REVERSAL_DEPENDENCY,
POLICY_4_DEFENSIVE_REGIME_STRATEGY,SWITCH_IMMEDIATE_MONTHLY,LEAVE_ONE_FAMILY_OUT,GLOBAL_SOLAR,FULL_COMMON_HISTORY,0.06717693744300046,-0.030429833665374773,-0.1475839711241138,0.06828371599255588,-0.00033448258454682467,0.0,SIGN_REVERSAL_DEPENDENCY,
POLICY_4_DEFENSIVE_REGIME_STRATEGY,SWITCH_IMMEDIATE_MONTHLY,LEAVE_ONE_FAMILY_OUT,GLOBAL_TRANSPORTATION,FULL_COMMON_HISTORY,0.06787307323555614,-0.029733697872819098,-0.147589670194472,0.06810674748907468,0.0003616532080088497,-5.699070358189395e-06,SIGN_REVERSAL_DEPENDENCY,
POLICY_4_DEFENSIVE_REGIME_STRATEGY,SWITCH_IMMEDIATE_MONTHLY,LEAVE_ONE_FAMILY_OUT,GLOBAL_URANIUM_NUCLEAR,FULL_COMMON_HISTORY,0.06864824637874078,-0.02895852472963445,-0.1475839711241138,0.06856782669396866,0.0011368263511934984,0.0,SIGN_REVERSAL_DEPENDENCY,
POLICY_4_DEFENSIVE_REGIME_STRATEGY,SWITCH_IMMEDIATE_MONTHLY,LEAVE_ONE_FAMILY_OUT,GLOBAL_WATER,FULL_COMMON_HISTORY,0.06847894907093544,-0.0291278220374398,-0.1521475525051027,0.0675251098306814,0.0009675290433881489,-0.00456358138098889,SIGN_REVERSAL_DEPENDENCY,
POLICY_4_DEFENSIVE_REGIME_STRATEGY,SWITCH_IMMEDIATE_MONTHLY,LEAVE_ONE_FAMILY_OUT,US_AEROSPACE_DEFENCE,FULL_COMMON_HISTORY,0.06751142002754729,-0.030095351080827948,-0.1475839711241138,0.06833962011782331,0.0,0.0,SIGN_REVERSAL_DEPENDENCY,
POLICY_4_DEFENSIVE_REGIME_STRATEGY,SWITCH_IMMEDIATE_MONTHLY,LEAVE_ONE_FAMILY_OUT,US_BANKS,FULL_COMMON_HISTORY,0.0678067455902216,-0.02980002551815364,-0.14695859395894617,0.06818566017811893,0.000295325562674309,0.0006253771651676399,SIGN_REVERSAL_DEPENDENCY,
POLICY_4_DEFENSIVE_REGIME_STRATEGY,SWITCH_IMMEDIATE_MONTHLY,EXCLUDE_TOP_1_FAMILY_CONTRIBUTORS,GLOBAL_SEMICONDUCTORS,FULL_COMMON_HISTORY,0.06431211759508093,-0.0332946535132943,-0.15483649375366726,0.06940113754884665,-0.0031993024324663555,-0.007252522629553448,ROBUSTNESS_DIAGNOSTIC,
POLICY_4_DEFENSIVE_REGIME_STRATEGY,SWITCH_IMMEDIATE_MONTHLY,EXCLUDE_TOP_3_FAMILY_CONTRIBUTORS,GLOBAL_BATTERY_EV;GLOBAL_SEMICONDUCTORS;GLOBAL_SILVER_MINERS,FULL_COMMON_HISTORY,0.060057222653040254,-0.03754954845533498,-0.15483649375366726,0.07004571553058471,-0.007454197374507032,-0.007252522629553448,ROBUSTNESS_DIAGNOSTIC,
POLICY_4_DEFENSIVE_REGIME_STRATEGY,SWITCH_IMMEDIATE_MONTHLY,EXCLUDE_TOP_5_FAMILY_CONTRIBUTORS,EUROPE_BANKS;GLOBAL_BATTERY_EV;GLOBAL_GOLD_MINERS;GLOBAL_SEMICONDUCTORS;GLOBAL_SILVER_MINERS,FULL_COMMON_HISTORY,0.056073706129875056,-0.04153306497850018,-0.15766888477259278,0.07043742886730076,-0.01143771389767223,-0.010084913648478966,ROBUSTNESS_DIAGNOSTIC,
POLICY_4_DEFENSIVE_REGIME_STRATEGY,SWITCH_ASYMMETRIC_HYSTERESIS,LEAVE_ONE_FAMILY_OUT,CHINA_INTERNET,FULL_COMMON_HISTORY,0.05909498961911264,-0.03442768146319297,-0.1729117944796833,0.07518686475144738,-2.547298550736876e-05,0.0,SIGN_REVERSAL_DEPENDENCY,
POLICY_4_DEFENSIVE_REGIME_STRATEGY,SWITCH_ASYMMETRIC_HYSTERESIS,LEAVE_ONE_FAMILY_OUT,EUROPE_AEROSPACE_DEFENCE,FULL_COMMON_HISTORY,0.059120462604620005,-0.0344022084776856,-0.1729117944796833,0.07504739376599444,0.0,0.0,SIGN_REVERSAL_DEPENDENCY,
POLICY_4_DEFENSIVE_REGIME_STRATEGY,SWITCH_ASYMMETRIC_HYSTERESIS,LEAVE_ONE_FAMILY_OUT,EUROPE_BANKS,FULL_COMMON_HISTORY,0.0589263968740128,-0.03459627420829281,-0.17325885147092612,0.07334213897821983,-0.0001940657306072069,-0.0003470569912428223,SIGN_REVERSAL_DEPENDENCY,
POLICY_4_DEFENSIVE_REGIME_STRATEGY,SWITCH_ASYMMETRIC_HYSTERESIS,LEAVE_ONE_FAMILY_OUT,EUROPE_INFRASTRUCTURE,FULL_COMMON_HISTORY,0.059120462604620005,-0.0344022084776856,-0.1729117944796833,0.07504739376599444,0.0,0.0,SIGN_REVERSAL_DEPENDENCY,
POLICY_4_DEFENSIVE_REGIME_STRATEGY,SWITCH_ASYMMETRIC_HYSTERESIS,LEAVE_ONE_FAMILY_OUT,GLOBAL_AEROSPACE_DEFENCE,FULL_COMMON_HISTORY,0.05913436142138173,-0.03438830966092388,-0.1729117944796833,0.07504715820312277,1.3898816761725996e-05,0.0,SIGN_REVERSAL_DEPENDENCY,
POLICY_4_DEFENSIVE_REGIME_STRATEGY,SWITCH_ASYMMETRIC_HYSTERESIS,LEAVE_ONE_FAMILY_OUT,GLOBAL_AGRIBUSINESS,FULL_COMMON_HISTORY,0.058787978984460754,-0.034734692097844855,-0.1772423881322679,0.07653563254710156,-0.0003324836201592518,-0.004330593652584591,SIGN_REVERSAL_DEPENDENCY,
POLICY_4_DEFENSIVE_REGIME_STRATEGY,SWITCH_ASYMMETRIC_HYSTERESIS,LEAVE_ONE_FAMILY_OUT,GLOBAL_AI,FULL_COMMON_HISTORY,0.06111875086760632,-0.03240392021469929,-0.1729117944796833,0.07502758049011739,0.001998288262986314,0.0,SIGN_REVERSAL_DEPENDENCY,
POLICY_4_DEFENSIVE_REGIME_STRATEGY,SWITCH_ASYMMETRIC_HYSTERESIS,LEAVE_ONE_FAMILY_OUT,GLOBAL_BATTERY_EV,FULL_COMMON_HISTORY,0.05779685038669613,-0.03572582069560948,-0.1729117944796833,0.07455264716145764,-0.0013236122179238752,0.0,SIGN_REVERSAL_DEPENDENCY,
POLICY_4_DEFENSIVE_REGIME_STRATEGY,SWITCH_ASYMMETRIC_HYSTERESIS,LEAVE_ONE_FAMILY_OUT,GLOBAL_BIOTECHNOLOGY,FULL_COMMON_HISTORY,0.06009755973149833,-0.03342511135080728,-0.17687895719443314,0.07509580847720874,0.0009770971268783235,-0.003967162714749839,SIGN_REVERSAL_DEPENDENCY,
POLICY_4_DEFENSIVE_REGIME_STRATEGY,SWITCH_ASYMMETRIC_HYSTERESIS,LEAVE_ONE_FAMILY_OUT,GLOBAL_CLEAN_ENERGY,FULL_COMMON_HISTORY,0.059644146409019605,-0.033878524673286003,-0.1729117944796833,0.07502222107164899,0.0005236838043995995,0.0,SIGN_REVERSAL_DEPENDENCY,
POLICY_4_DEFENSIVE_REGIME_STRATEGY,SWITCH_ASYMMETRIC_HYSTERESIS,LEAVE_ONE_FAMILY_OUT,GLOBAL_CYBERSECURITY,FULL_COMMON_HISTORY,0.05950759920498028,-0.03401507187732533,-0.1729117944796833,0.07340787752659991,0.00038713660036027164,0.0,SIGN_REVERSAL_DEPENDENCY,
POLICY_4_DEFENSIVE_REGIME_STRATEGY,SWITCH_ASYMMETRIC_HYSTERESIS,LEAVE_ONE_FAMILY_OUT,GLOBAL_GENOMICS,FULL_COMMON_HISTORY,0.058008756521868765,-0.03551391456043684,-0.1729117944796833,0.07505994405199276,-0.0011117060827512404,0.0,SIGN_REVERSAL_DEPENDENCY,
POLICY_4_DEFENSIVE_REGIME_STRATEGY,SWITCH_ASYMMETRIC_HYSTERESIS,LEAVE_ONE_FAMILY_OUT,GLOBAL_GOLD_MINERS,FULL_COMMON_HISTORY,0.05983418557874387,-0.03368848550356174,-0.17188963240418975,0.07338585643980008,0.0007137229741238649,0.001022162075493549,SIGN_REVERSAL_DEPENDENCY,
POLICY_4_DEFENSIVE_REGIME_STRATEGY,SWITCH_ASYMMETRIC_HYSTERESIS,LEAVE_ONE_FAMILY_OUT,GLOBAL_INFRASTRUCTURE,FULL_COMMON_HISTORY,0.05904348877169374,-0.03447918231061187,-0.1782104671763628,0.07771196329770409,-7.69738329262637e-05,-0.005298672696679496,SIGN_REVERSAL_DEPENDENCY,
POLICY_4_DEFENSIVE_REGIME_STRATEGY,SWITCH_ASYMMETRIC_HYSTERESIS,LEAVE_ONE_FAMILY_OUT,GLOBAL_OIL_GAS,FULL_COMMON_HISTORY,0.058310717823104596,-0.03521195325920101,-0.1731496486479881,0.07698828322037306,-0.0008097447815154091,-0.00023785416830479633,SIGN_REVERSAL_DEPENDENCY,
POLICY_4_DEFENSIVE_REGIME_STRATEGY,SWITCH_ASYMMETRIC_HYSTERESIS,LEAVE_ONE_FAMILY_OUT,GLOBAL_QUANTUM_COMPUTING,FULL_COMMON_HISTORY,0.058933058361323454,-0.034589612720982155,-0.1729117944796833,0.07504683625384578,-0.0001874042432965517,0.0,SIGN_REVERSAL_DEPENDENCY,
POLICY_4_DEFENSIVE_REGIME_STRATEGY,SWITCH_ASYMMETRIC_HYSTERESIS,LEAVE_ONE_FAMILY_OUT,GLOBAL_RETAIL,FULL_COMMON_HISTORY,0.060883281495158315,-0.032639389587147294,-0.1729117944796833,0.07482921344547222,0.001762818890538309,0.0,SIGN_REVERSAL_DEPENDENCY,
POLICY_4_DEFENSIVE_REGIME_STRATEGY,SWITCH_ASYMMETRIC_HYSTERESIS,LEAVE_ONE_FAMILY_OUT,GLOBAL_ROBOTICS_AUTOMATION,FULL_COMMON_HISTORY,0.05973124744145597,-0.03379142364084964,-0.1745673322827257,0.07359178610072041,0.0006107848368359647,-0.001655537803042395,SIGN_REVERSAL_DEPENDENCY,
POLICY_4_DEFENSIVE_REGIME_STRATEGY,SWITCH_ASYMMETRIC_HYSTERESIS,LEAVE_ONE_FAMILY_OUT,GLOBAL_SEMICONDUCTORS,FULL_COMMON_HISTORY,0.05721028067981071,-0.0363123904024949,-0.17806716846679527,0.07693526002134037,-0.0019101819248092955,-0.005155373987111966,SIGN_REVERSAL_DEPENDENCY,
POLICY_4_DEFENSIVE_REGIME_STRATEGY,SWITCH_ASYMMETRIC_HYSTERESIS,LEAVE_ONE_FAMILY_OUT,GLOBAL_SILVER_MINERS,FULL_COMMON_HISTORY,0.05750548732993899,-0.03601718375236662,-0.1729117944796833,0.07532626486875818,-0.0016149752746810186,0.0,SIGN_REVERSAL_DEPENDENCY,
POLICY_4_DEFENSIVE_REGIME_STRATEGY,SWITCH_ASYMMETRIC_HYSTERESIS,LEAVE_ONE_FAMILY_OUT,GLOBAL_SOFTWARE,FULL_COMMON_HISTORY,0.05991117231578258,-0.03361149876652303,-0.1729117944796833,0.07387745195499344,0.0007907097111625738,0.0,SIGN_REVERSAL_DEPENDENCY,
POLICY_4_DEFENSIVE_REGIME_STRATEGY,SWITCH_ASYMMETRIC_HYSTERESIS,LEAVE_ONE_FAMILY_OUT,GLOBAL_SOLAR,FULL_COMMON_HISTORY,0.05908009221784338,-0.034442578864462225,-0.1729117944796833,0.07499593430716192,-4.0370386776622524e-05,0.0,SIGN_REVERSAL_DEPENDENCY,
POLICY_4_DEFENSIVE_REGIME_STRATEGY,SWITCH_ASYMMETRIC_HYSTERESIS,LEAVE_ONE_FAMILY_OUT,GLOBAL_TRANSPORTATION,FULL_COMMON_HISTORY,0.059756177795458276,-0.03376649328684733,-0.1729117944796833,0.07432145277590621,0.0006357151908382708,0.0,SIGN_REVERSAL_DEPENDENCY,
POLICY_4_DEFENSIVE_REGIME_STRATEGY,SWITCH_ASYMMETRIC_HYSTERESIS,LEAVE_ONE_FAMILY_OUT,GLOBAL_URANIUM_NUCLEAR,FULL_COMMON_HISTORY,0.0602363996394053,-0.033286271442900306,-0.1729117944796833,0.07517486244965273,0.001115937034785297,0.0,SIGN_REVERSAL_DEPENDENCY,
POLICY_4_DEFENSIVE_REGIME_STRATEGY,SWITCH_ASYMMETRIC_HYSTERESIS,LEAVE_ONE_FAMILY_OUT,GLOBAL_WATER,FULL_COMMON_HISTORY,0.05997951902337806,-0.03354315205892755,-0.17625742549056733,0.07527457356710542,0.0008590564187580529,-0.0033456310108840315,SIGN_REVERSAL_DEPENDENCY,
POLICY_4_DEFENSIVE_REGIME_STRATEGY,SWITCH_ASYMMETRIC_HYSTERESIS,LEAVE_ONE_FAMILY_OUT,US_AEROSPACE_DEFENCE,FULL_COMMON_HISTORY,0.059120462604620005,-0.0344022084776856,-0.1729117944796833,0.07504739376599444,0.0,0.0,SIGN_REVERSAL_DEPENDENCY,
POLICY_4_DEFENSIVE_REGIME_STRATEGY,SWITCH_ASYMMETRIC_HYSTERESIS,LEAVE_ONE_FAMILY_OUT,US_BANKS,FULL_COMMON_HISTORY,0.05941274120724782,-0.03410992987505779,-0.1729117944796833,0.07450443794195649,0.0002922786026278157,0.0,SIGN_REVERSAL_DEPENDENCY,
POLICY_4_DEFENSIVE_REGIME_STRATEGY,SWITCH_ASYMMETRIC_HYSTERESIS,EXCLUDE_TOP_1_FAMILY_CONTRIBUTORS,GLOBAL_SEMICONDUCTORS,FULL_COMMON_HISTORY,0.05721028067981071,-0.0363123904024949,-0.17806716846679527,0.07693526002134037,-0.0019101819248092955,-0.005155373987111966,ROBUSTNESS_DIAGNOSTIC,
POLICY_4_DEFENSIVE_REGIME_STRATEGY,SWITCH_ASYMMETRIC_HYSTERESIS,EXCLUDE_TOP_3_FAMILY_CONTRIBUTORS,GLOBAL_BATTERY_EV;GLOBAL_SEMICONDUCTORS;GLOBAL_SILVER_MINERS,FULL_COMMON_HISTORY,0.05355130930915197,-0.039971361773153635,-0.17806716846679527,0.07785016234017941,-0.005569153295468032,-0.005155373987111966,ROBUSTNESS_DIAGNOSTIC,
POLICY_4_DEFENSIVE_REGIME_STRATEGY,SWITCH_ASYMMETRIC_HYSTERESIS,EXCLUDE_TOP_5_FAMILY_CONTRIBUTORS,EUROPE_BANKS;GLOBAL_BATTERY_EV;GLOBAL_OIL_GAS;GLOBAL_SEMICONDUCTORS;GLOBAL_SILVER_MINERS,FULL_COMMON_HISTORY,0.050771620683541574,-0.042751050398764034,-0.17083774370727722,0.07315923121054142,-0.008348841921078431,0.0020740507724060775,ROBUSTNESS_DIAGNOSTIC,
GLOBAL_90_M2_10,STATIC_MONTHLY,LEAVE_ONE_FAMILY_OUT,CHINA_INTERNET,FULL_COMMON_HISTORY,0.1174963038443646,0.0014854715511092298,-0.251563536819146,0.04809564483484605,0.0007925572728340047,9.992007221626409e-16,NONNEGATIVE_INCREMENTAL,0.0014854715511092298
GLOBAL_90_M2_10,STATIC_MONTHLY,LEAVE_ONE_FAMILY_OUT,EUROPE_AEROSPACE_DEFENCE,FULL_COMMON_HISTORY,0.11670374657154703,0.0006929142782916564,-0.251563536819146,0.048514192283762005,1.6431300764452317e-14,9.992007221626409e-16,NONNEGATIVE_INCREMENTAL,0.0006929142782916564
GLOBAL_90_M2_10,STATIC_MONTHLY,LEAVE_ONE_FAMILY_OUT,EUROPE_BANKS,FULL_COMMON_HISTORY,0.11657002305184516,0.0005591907585897893,-0.25156331699236256,0.04820422912597591,-0.00013372351968543583,2.1982678444221193e-07,NONNEGATIVE_INCREMENTAL,0.0005591907585897893
GLOBAL_90_M2_10,STATIC_MONTHLY,LEAVE_ONE_FAMILY_OUT,EUROPE_INFRASTRUCTURE,FULL_COMMON_HISTORY,0.11670374657154703,0.0006929142782916564,-0.251563536819146,0.048514192283762005,1.6431300764452317e-14,9.992007221626409e-16,NONNEGATIVE_INCREMENTAL,0.0006929142782916564
GLOBAL_90_M2_10,STATIC_MONTHLY,LEAVE_ONE_FAMILY_OUT,GLOBAL_AEROSPACE_DEFENCE,FULL_COMMON_HISTORY,0.11670996468735284,0.0006991323940974681,-0.251563536819146,0.048513737124582304,6.2181158222429644e-06,9.992007221626409e-16,NONNEGATIVE_INCREMENTAL,0.0006991323940974681
GLOBAL_90_M2_10,STATIC_MONTHLY,LEAVE_ONE_FAMILY_OUT,GLOBAL_AGRIBUSINESS,FULL_COMMON_HISTORY,0.11647146639417749,0.0004606341009221193,-0.25156375495572625,0.04904263844945983,-0.0002322801773531058,-2.1813657924418806e-07,NONNEGATIVE_INCREMENTAL,0.0004606341009221193
GLOBAL_90_M2_10,STATIC_MONTHLY,LEAVE_ONE_FAMILY_OUT,GLOBAL_AI,FULL_COMMON_HISTORY,0.11773698122663423,0.0017261489333788571,-0.251563536819146,0.04849746195888962,0.001033234655103632,9.992007221626409e-16,NONNEGATIVE_INCREMENTAL,0.0017261489333788571
GLOBAL_90_M2_10,STATIC_MONTHLY,LEAVE_ONE_FAMILY_OUT,GLOBAL_BATTERY_EV,FULL_COMMON_HISTORY,0.11540355034083372,-0.0006072819524216566,-0.25202832788533014,0.04864963234749242,-0.0013001962306968817,-0.0004647910661831345,SIGN_REVERSAL_DEPENDENCY,-0.0006072819524216566
GLOBAL_90_M2_10,STATIC_MONTHLY,LEAVE_ONE_FAMILY_OUT,GLOBAL_BIOTECHNOLOGY,FULL_COMMON_HISTORY,0.11733595234201899,0.0013251200487636172,-0.25297465468254066,0.0485929172162039,0.0006322057704883921,-0.0014111178633936516,NONNEGATIVE_INCREMENTAL,0.0013251200487636172
GLOBAL_90_M2_10,STATIC_MONTHLY,LEAVE_ONE_FAMILY_OUT,GLOBAL_CLEAN_ENERGY,FULL_COMMON_HISTORY,0.11705867765070188,0.0010478453574465085,-0.251563536819146,0.0485205879655622,0.0003549310791712834,9.992007221626409e-16,NONNEGATIVE_INCREMENTAL,0.0010478453574465085
GLOBAL_90_M2_10,STATIC_MONTHLY,LEAVE_ONE_FAMILY_OUT,GLOBAL_CYBERSECURITY,FULL_COMMON_HISTORY,0.11716216966593263,0.0011513373726772524,-0.251563536819146,0.047809479833146463,0.00045842309440202733,9.992007221626409e-16,NONNEGATIVE_INCREMENTAL,0.0011513373726772524
GLOBAL_90_M2_10,STATIC_MONTHLY,LEAVE_ONE_FAMILY_OUT,GLOBAL_GENOMICS,FULL_COMMON_HISTORY,0.11623461236367727,0.0002237800704218973,-0.251563536819146,0.048520664049628924,-0.0004691342078533278,9.992007221626409e-16,NONNEGATIVE_INCREMENTAL,0.0002237800704218973
GLOBAL_90_M2_10,STATIC_MONTHLY,LEAVE_ONE_FAMILY_OUT,GLOBAL_GOLD_MINERS,FULL_COMMON_HISTORY,0.11650679638913575,0.0004959640958803746,-0.2535523506513012,0.04895297963027834,-0.00019695018239485051,-0.0019888138321542126,NONNEGATIVE_INCREMENTAL,0.0004959640958803746
GLOBAL_90_M2_10,STATIC_MONTHLY,LEAVE_ONE_FAMILY_OUT,GLOBAL_INFRASTRUCTURE,FULL_COMMON_HISTORY,0.1164425884314606,0.0004317561382052304,-0.2522318897463023,0.04877259778080482,-0.0002611581400699947,-0.0006683529271552802,NONNEGATIVE_INCREMENTAL,0.0004317561382052304
GLOBAL_90_M2_10,STATIC_MONTHLY,LEAVE_ONE_FAMILY_OUT,GLOBAL_OIL_GAS,FULL_COMMON_HISTORY,0.11651775304677603,0.0005069207535206566,-0.25156342519149966,0.04946918258770075,-0.00018599352475456854,1.1162764734784503e-07,NONNEGATIVE_INCREMENTAL,0.0005069207535206566
GLOBAL_90_M2_10,STATIC_MONTHLY,LEAVE_ONE_FAMILY_OUT,GLOBAL_QUANTUM_COMPUTING,FULL_COMMON_HISTORY,0.11662536719088767,0.0006145348976323017,-0.251563536819146,0.04851377755383668,-7.837938064292338e-05,9.992007221626409e-16,NONNEGATIVE_INCREMENTAL,0.0006145348976323017
GLOBAL_90_M2_10,STATIC_MONTHLY,LEAVE_ONE_FAMILY_OUT,GLOBAL_RETAIL,FULL_COMMON_HISTORY,0.11750641217536462,0.0014955798821092436,-0.251563536819146,0.048488957250077826,0.0008026656038340185,9.992007221626409e-16,NONNEGATIVE_INCREMENTAL,0.0014955798821092436
GLOBAL_90_M2_10,STATIC_MONTHLY,LEAVE_ONE_FAMILY_OUT,GLOBAL_ROBOTICS_AUTOMATION,FULL_COMMON_HISTORY,0.11596168589577949,-4.914639747588545e-05,-0.25230035919143634,0.04817423279132964,-0.0007420606757511106,-0.0007368223722893363,SIGN_REVERSAL_DEPENDENCY,-4.914639747588545e-05
GLOBAL_90_M2_10,STATIC_MONTHLY,LEAVE_ONE_FAMILY_OUT,GLOBAL_SEMICONDUCTORS,FULL_COMMON_HISTORY,0.11529583290407142,-0.0007149993891839568,-0.25467128643932246,0.04903612850156022,-0.001407913667459182,-0.0031077496201754595,SIGN_REVERSAL_DEPENDENCY,-0.0007149993891839568
GLOBAL_90_M2_10,STATIC_MONTHLY,LEAVE_ONE_FAMILY_OUT,GLOBAL_SILVER_MINERS,FULL_COMMON_HISTORY,0.11602092207133352,1.008977807814837e-05,-0.251563536819146,0.048692086064717754,-0.0006828245001970767,9.992007221626409e-16,NONNEGATIVE_INCREMENTAL,1.008977807814837e-05
GLOBAL_90_M2_10,STATIC_MONTHLY,LEAVE_ONE_FAMILY_OUT,GLOBAL_SOFTWARE,FULL_COMMON_HISTORY,0.11666293600768829,0.0006521037144329167,-0.25308505850395613,0.048298781124648034,-4.081056384230841e-05,-0.001521521684809124,NONNEGATIVE_INCREMENTAL,0.0006521037144329167
GLOBAL_90_M2_10,STATIC_MONTHLY,LEAVE_ONE_FAMILY_OUT,GLOBAL_SOLAR,FULL_COMMON_HISTORY,0.11669676110402993,0.0006859288107745609,-0.251563536819146,0.04850323087910077,-6.9854675006642e-06,9.992007221626409e-16,NONNEGATIVE_INCREMENTAL,0.0006859288107745609
GLOBAL_90_M2_10,STATIC_MONTHLY,LEAVE_ONE_FAMILY_OUT,GLOBAL_TRANSPORTATION,FULL_COMMON_HISTORY,0.11646994598405702,0.0004591136908016491,-0.2515635580404123,0.048462521683081634,-0.00023380058747357602,-2.1221265300575e-08,NONNEGATIVE_INCREMENTAL,0.0004591136908016491
GLOBAL_90_M2_10,STATIC_MONTHLY,LEAVE_ONE_FAMILY_OUT,GLOBAL_URANIUM_NUCLEAR,FULL_COMMON_HISTORY,0.1172455226999356,0.0012346904066802278,-0.251563536819146,0.04850220410462189,0.0005417761284050027,9.992007221626409e-16,NONNEGATIVE_INCREMENTAL,0.0012346904066802278
GLOBAL_90_M2_10,STATIC_MONTHLY,LEAVE_ONE_FAMILY_OUT,GLOBAL_WATER,FULL_COMMON_HISTORY,0.11746334752038079,0.0014525152271254171,-0.2518424650416219,0.04805888909056252,0.000759600948850192,-0.00027892822247488347,NONNEGATIVE_INCREMENTAL,0.0014525152271254171
GLOBAL_90_M2_10,STATIC_MONTHLY,LEAVE_ONE_FAMILY_OUT,US_AEROSPACE_DEFENCE,FULL_COMMON_HISTORY,0.11670374657154703,0.0006929142782916564,-0.251563536819146,0.048514192283762005,1.6431300764452317e-14,9.992007221626409e-16,NONNEGATIVE_INCREMENTAL,0.0006929142782916564
GLOBAL_90_M2_10,STATIC_MONTHLY,LEAVE_ONE_FAMILY_OUT,US_BANKS,FULL_COMMON_HISTORY,0.11685427520630376,0.0008434429130483867,-0.25156340400261756,0.04837507290048971,0.00015052863477316158,1.3281652944119315e-07,NONNEGATIVE_INCREMENTAL,0.0008434429130483867
GLOBAL_90_M2_10,STATIC_MONTHLY,EXCLUDE_TOP_1_FAMILY_CONTRIBUTORS,GLOBAL_BATTERY_EV,FULL_COMMON_HISTORY,0.11540355034083372,-0.0006072819524216566,-0.25202832788533014,0.04864963234749242,-0.0013001962306968817,-0.0004647910661831345,SIGN_REVERSAL_DEPENDENCY,-0.0006072819524216566
GLOBAL_90_M2_10,STATIC_MONTHLY,EXCLUDE_TOP_3_FAMILY_CONTRIBUTORS,GLOBAL_BATTERY_EV;GLOBAL_GOLD_MINERS;GLOBAL_SEMICONDUCTORS,FULL_COMMON_HISTORY,0.11073922734593578,-0.005271604947319597,-0.25592350089647353,0.04949636081992046,-0.005964519225594822,-0.004359964077326528,SIGN_REVERSAL_DEPENDENCY,-0.005271604947319597
GLOBAL_90_M2_10,STATIC_MONTHLY,EXCLUDE_TOP_5_FAMILY_CONTRIBUTORS,EUROPE_BANKS;GLOBAL_BATTERY_EV;GLOBAL_GOLD_MINERS;GLOBAL_SEMICONDUCTORS;GLOBAL_SILVER_MINERS,FULL_COMMON_HISTORY,0.11009588388486269,-0.005914948408392684,-0.25485404078040985,0.04913212844510689,-0.006607862686667909,-0.0032905039612628473,SIGN_REVERSAL_DEPENDENCY,-0.005914948408392684
GLOBAL_75_M2_25,STATIC_MONTHLY,LEAVE_ONE_FAMILY_OUT,CHINA_INTERNET,FULL_COMMON_HISTORY,0.12159556762999801,0.005584735336742641,-0.2450321989238512,0.049535312738256614,0.001984979865890857,0.0,NONNEGATIVE_INCREMENTAL,0.005584735336742641
GLOBAL_75_M2_25,STATIC_MONTHLY,LEAVE_ONE_FAMILY_OUT,EUROPE_AEROSPACE_DEFENCE,FULL_COMMON_HISTORY,0.11961058776410716,0.0035997554708517843,-0.2450321989238512,0.051243435894984694,0.0,0.0,NONNEGATIVE_INCREMENTAL,0.0035997554708517843
GLOBAL_75_M2_25,STATIC_MONTHLY,LEAVE_ONE_FAMILY_OUT,EUROPE_BANKS,FULL_COMMON_HISTORY,0.11921947466680338,0.0032086423735480096,-0.24503166620875438,0.050111670573321034,-0.00039111309730377464,5.327150968126304e-07,NONNEGATIVE_INCREMENTAL,0.0032086423735480096
GLOBAL_75_M2_25,STATIC_MONTHLY,LEAVE_ONE_FAMILY_OUT,EUROPE_INFRASTRUCTURE,FULL_COMMON_HISTORY,0.11961058776410716,0.0035997554708517843,-0.2450321989238512,0.051243435894984694,0.0,0.0,NONNEGATIVE_INCREMENTAL,0.0035997554708517843
GLOBAL_75_M2_25,STATIC_MONTHLY,LEAVE_ONE_FAMILY_OUT,GLOBAL_AEROSPACE_DEFENCE,FULL_COMMON_HISTORY,0.11962478968733459,0.0036139573940792147,-0.2450321989238512,0.05124308214099953,1.4201923227430413e-05,0.0,NONNEGATIVE_INCREMENTAL,0.0036139573940792147
GLOBAL_75_M2_25,STATIC_MONTHLY,LEAVE_ONE_FAMILY_OUT,GLOBAL_AGRIBUSINESS,FULL_COMMON_HISTORY,0.11900594875905557,0.002995116465800196,-0.24503278642149473,0.05288343089523215,-0.0006046390050515882,-5.874976435338297e-07,NONNEGATIVE_INCREMENTAL,0.002995116465800196
GLOBAL_75_M2_25,STATIC_MONTHLY,LEAVE_ONE_FAMILY_OUT,GLOBAL_AI,FULL_COMMON_HISTORY,0.12218449564236189,0.006173663349106517,-0.2450321989238512,0.051210922088518386,0.002573907878254733,0.0,NONNEGATIVE_INCREMENTAL,0.006173663349106517
GLOBAL_75_M2_25,STATIC_MONTHLY,LEAVE_ONE_FAMILY_OUT,GLOBAL_BATTERY_EV,FULL_COMMON_HISTORY,0.11635066009104378,0.00033982779778840566,-0.24620452834132733,0.05156841071778893,-0.0032599276730633786,-0.0011723294174761367,NONNEGATIVE_INCREMENTAL,0.00033982779778840566
GLOBAL_75_M2_25,STATIC_MONTHLY,LEAVE_ONE_FAMILY_OUT,GLOBAL_BIOTECHNOLOGY,FULL_COMMON_HISTORY,0.12114413079233133,0.005133298499075956,-0.24857998256804326,0.05114773170589254,0.0015335430282241713,-0.0035477836441920596,NONNEGATIVE_INCREMENTAL,0.005133298499075956
GLOBAL_75_M2_25,STATIC_MONTHLY,LEAVE_ONE_FAMILY_OUT,GLOBAL_CLEAN_ENERGY,FULL_COMMON_HISTORY,0.1204963272691848,0.004485494975929427,-0.2450321989238512,0.05123028327006894,0.0008857395050776429,0.0,NONNEGATIVE_INCREMENTAL,0.004485494975929427
GLOBAL_75_M2_25,STATIC_MONTHLY,LEAVE_ONE_FAMILY_OUT,GLOBAL_CYBERSECURITY,FULL_COMMON_HISTORY,0.12073901027535627,0.004728177982100901,-0.2450321989238512,0.048998172119215304,0.0011284225112491164,0.0,NONNEGATIVE_INCREMENTAL,0.004728177982100901
GLOBAL_75_M2_25,STATIC_MONTHLY,LEAVE_ONE_FAMILY_OUT,GLOBAL_GENOMICS,FULL_COMMON_HISTORY,0.11843452212597816,0.0024236898327227863,-0.2450321989238512,0.05126232567938912,-0.001176065638128998,0.0,NONNEGATIVE_INCREMENTAL,0.0024236898327227863
GLOBAL_75_M2_25,STATIC_MONTHLY,LEAVE_ONE_FAMILY_OUT,GLOBAL_GOLD_MINERS,FULL_COMMON_HISTORY,0.11913671257153147,0.003125880278276094,-0.25001863518544043,0.05168828108941348,-0.0004738751925756901,-0.004986436261589233,NONNEGATIVE_INCREMENTAL,0.003125880278276094
GLOBAL_75_M2_25,STATIC_MONTHLY,LEAVE_ONE_FAMILY_OUT,GLOBAL_INFRASTRUCTURE,FULL_COMMON_HISTORY,0.11891212771732729,0.0029012954240719147,-0.24671552369182648,0.052106439156485995,-0.0006984600467798696,-0.0016833247679752805,NONNEGATIVE_INCREMENTAL,0.0029012954240719147
GLOBAL_75_M2_25,STATIC_MONTHLY,LEAVE_ONE_FAMILY_OUT,GLOBAL_OIL_GAS,FULL_COMMON_HISTORY,0.11911839933266788,0.0031075670394125066,-0.24503194003294682,0.05456590727324601,-0.0004921884314392777,2.5889090438102613e-07,NONNEGATIVE_INCREMENTAL,0.0031075670394125066
GLOBAL_75_M2_25,STATIC_MONTHLY,LEAVE_ONE_FAMILY_OUT,GLOBAL_QUANTUM_COMPUTING,FULL_COMMON_HISTORY,0.11941249375362695,0.0034016614603715745,-0.2450321989238512,0.051242596641671995,-0.0001980940104802098,0.0,NONNEGATIVE_INCREMENTAL,0.0034016614603715745
GLOBAL_75_M2_25,STATIC_MONTHLY,LEAVE_ONE_FAMILY_OUT,GLOBAL_RETAIL,FULL_COMMON_HISTORY,0.12161619445699001,0.00560536216373464,-0.2450321989238512,0.05093172023606996,0.0020056066928828553,0.0,NONNEGATIVE_INCREMENTAL,0.00560536216373464
GLOBAL_75_M2_25,STATIC_MONTHLY,LEAVE_ONE_FAMILY_OUT,GLOBAL_ROBOTICS_AUTOMATION,FULL_COMMON_HISTORY,0.11772269152009573,0.001711859226840362,-0.24688504572798942,0.050067900538509486,-0.0018878962440114222,-0.0018528468041382196,NONNEGATIVE_INCREMENTAL,0.001711859226840362
GLOBAL_75_M2_25,STATIC_MONTHLY,LEAVE_ONE_FAMILY_OUT,GLOBAL_SEMICONDUCTORS,FULL_COMMON_HISTORY,0.11604346510638908,3.263281313370392e-05,-0.25282262967691393,0.05043859136823639,-0.0035671226577180803,-0.007790430753062738,NONNEGATIVE_INCREMENTAL,3.263281313370392e-05
GLOBAL_75_M2_25,STATIC_MONTHLY,LEAVE_ONE_FAMILY_OUT,GLOBAL_SILVER_MINERS,FULL_COMMON_HISTORY,0.11793257427577486,0.001921741982519487,-0.2450321989238512,0.05159868201078746,-0.0016780134883322972,0.0,NONNEGATIVE_INCREMENTAL,0.001921741982519487
GLOBAL_75_M2_25,STATIC_MONTHLY,LEAVE_ONE_FAMILY_OUT,GLOBAL_SOFTWARE,FULL_COMMON_HISTORY,0.11949463436237528,0.0034838020691199123,-0.24884366612156283,0.05020356675535994,-0.00011595340173187196,-0.0038114671977116377,NONNEGATIVE_INCREMENTAL,0.0034838020691199123
GLOBAL_75_M2_25,STATIC_MONTHLY,LEAVE_ONE_FAMILY_OUT,GLOBAL_SOLAR,FULL_COMMON_HISTORY,0.11960172255081414,0.0035908902575587653,-0.2450321989238512,0.05118195505689578,-8.865213293018925e-06,0.0,NONNEGATIVE_INCREMENTAL,0.0035908902575587653
GLOBAL_75_M2_25,STATIC_MONTHLY,LEAVE_ONE_FAMILY_OUT,GLOBAL_TRANSPORTATION,FULL_COMMON_HISTORY,0.11901714664904217,0.003006314355786799,-0.24503225788695104,0.05100643623750162,-0.0005934411150649854,-5.896309984709802e-08,NONNEGATIVE_INCREMENTAL,0.003006314355786799
GLOBAL_75_M2_25,STATIC_MONTHLY,LEAVE_ONE_FAMILY_OUT,GLOBAL_URANIUM_NUCLEAR,FULL_COMMON_HISTORY,0.12096651068688047,0.004955678393625096,-0.2450321989238512,0.05131838089796829,0.0013559229227733116,0.0,NONNEGATIVE_INCREMENTAL,0.004955678393625096
GLOBAL_75_M2_25,STATIC_MONTHLY,LEAVE_ONE_FAMILY_OUT,GLOBAL_WATER,FULL_COMMON_HISTORY,0.12146750996445022,0.005456677671194843,-0.24573921187746928,0.049732056815250725,0.0018569222003430585,-0.0007070129536180803,NONNEGATIVE_INCREMENTAL,0.005456677671194843
GLOBAL_75_M2_25,STATIC_MONTHLY,LEAVE_ONE_FAMILY_OUT,US_AEROSPACE_DEFENCE,FULL_COMMON_HISTORY,0.11961058776410716,0.0035997554708517843,-0.2450321989238512,0.051243435894984694,0.0,0.0,NONNEGATIVE_INCREMENTAL,0.0035997554708517843
GLOBAL_75_M2_25,STATIC_MONTHLY,LEAVE_ONE_FAMILY_OUT,US_BANKS,FULL_COMMON_HISTORY,0.1199795537641295,0.003968721470874126,-0.2450318597382687,0.050878332200358665,0.0003689660000223416,3.3918558250967124e-07,NONNEGATIVE_INCREMENTAL,0.003968721470874126
GLOBAL_75_M2_25,STATIC_MONTHLY,EXCLUDE_TOP_1_FAMILY_CONTRIBUTORS,GLOBAL_BATTERY_EV,FULL_COMMON_HISTORY,0.11635066009104378,0.00033982779778840566,-0.24620452834132733,0.05156841071778893,-0.0032599276730633786,-0.0011723294174761367,NONNEGATIVE_INCREMENTAL,0.00033982779778840566
GLOBAL_75_M2_25,STATIC_MONTHLY,EXCLUDE_TOP_3_FAMILY_CONTRIBUTORS,GLOBAL_BATTERY_EV;GLOBAL_GOLD_MINERS;GLOBAL_SEMICONDUCTORS,FULL_COMMON_HISTORY,0.10466633308380224,-0.01134449920945313,-0.2559475086273909,0.053178818088766254,-0.014944254680304914,-0.01091530970353971,SIGN_REVERSAL_DEPENDENCY,-0.01134449920945313
GLOBAL_75_M2_25,STATIC_MONTHLY,EXCLUDE_TOP_5_FAMILY_CONTRIBUTORS,EUROPE_BANKS;GLOBAL_BATTERY_EV;GLOBAL_GOLD_MINERS;GLOBAL_SEMICONDUCTORS;GLOBAL_SILVER_MINERS,FULL_COMMON_HISTORY,0.10295305936560051,-0.013057772927654865,-0.25328798001230135,0.05241046480933701,-0.01665752839850665,-0.008255781088450154,SIGN_REVERSAL_DEPENDENCY,-0.013057772927654865
GLOBAL_50_M2_50,STATIC_MONTHLY,LEAVE_ONE_FAMILY_OUT,CHINA_INTERNET,FULL_COMMON_HISTORY,0.12805613215831535,0.012045299865059977,-0.23615256304303933,0.05391854331613107,0.0040100393811193236,0.0,NONNEGATIVE_INCREMENTAL,0.012045299865059977
GLOBAL_50_M2_50,STATIC_MONTHLY,LEAVE_ONE_FAMILY_OUT,EUROPE_AEROSPACE_DEFENCE,FULL_COMMON_HISTORY,0.12404609277719603,0.008035260483940654,-0.23615256304303933,0.05890806125051354,0.0,0.0,NONNEGATIVE_INCREMENTAL,0.008035260483940654
GLOBAL_50_M2_50,STATIC_MONTHLY,LEAVE_ONE_FAMILY_OUT,EUROPE_BANKS,FULL_COMMON_HISTORY,0.12321627541105817,0.007205443117802801,-0.23615146672170073,0.055920160352271576,-0.0008298173661378527,1.0963213386006032e-06,NONNEGATIVE_INCREMENTAL,0.007205443117802801
GLOBAL_50_M2_50,STATIC_MONTHLY,LEAVE_ONE_FAMILY_OUT,EUROPE_INFRASTRUCTURE,FULL_COMMON_HISTORY,0.12404609277719603,0.008035260483940654,-0.23615256304303933,0.05890806125051354,0.0,0.0,NONNEGATIVE_INCREMENTAL,0.008035260483940654
GLOBAL_50_M2_50,STATIC_MONTHLY,LEAVE_ONE_FAMILY_OUT,GLOBAL_AEROSPACE_DEFENCE,FULL_COMMON_HISTORY,0.12407305125571999,0.008062218962464618,-0.23615256304303933,0.0589099604794806,2.6958478523964047e-05,0.0,NONNEGATIVE_INCREMENTAL,0.008062218962464618
GLOBAL_50_M2_50,STATIC_MONTHLY,LEAVE_ONE_FAMILY_OUT,GLOBAL_AGRIBUSINESS,FULL_COMMON_HISTORY,0.12284444135828654,0.006833609065031165,-0.2361538205223841,0.06273643401537389,-0.0012016514189094885,-1.2574793447628352e-06,NONNEGATIVE_INCREMENTAL,0.006833609065031165
GLOBAL_50_M2_50,STATIC_MONTHLY,LEAVE_ONE_FAMILY_OUT,GLOBAL_AI,FULL_COMMON_HISTORY,0.12918557879731152,0.013174746504056145,-0.23615256304303933,0.05885415772729732,0.005139486020115491,0.0,NONNEGATIVE_INCREMENTAL,0.013174746504056145
GLOBAL_50_M2_50,STATIC_MONTHLY,LEAVE_ONE_FAMILY_OUT,GLOBAL_BATTERY_EV,FULL_COMMON_HISTORY,0.11753366132097232,0.0015228290277169432,-0.23648914684183897,0.059643982056829886,-0.006512431456223711,-0.00033658379879963896,NONNEGATIVE_INCREMENTAL,0.0015228290277169432
GLOBAL_50_M2_50,STATIC_MONTHLY,LEAVE_ONE_FAMILY_OUT,GLOBAL_BIOTECHNOLOGY,FULL_COMMON_HISTORY,0.1270867463328056,0.011075914039550216,-0.2412324385117196,0.05812283788099506,0.0030406535556095626,-0.005079875468680273,NONNEGATIVE_INCREMENTAL,0.011075914039550216
GLOBAL_50_M2_50,STATIC_MONTHLY,LEAVE_ONE_FAMILY_OUT,GLOBAL_CLEAN_ENERGY,FULL_COMMON_HISTORY,0.1258247777815451,0.009813945488289733,-0.23615256304303933,0.058846633141906246,0.0017786850043490787,0.0,NONNEGATIVE_INCREMENTAL,0.009813945488289733
GLOBAL_50_M2_50,STATIC_MONTHLY,LEAVE_ONE_FAMILY_OUT,GLOBAL_CYBERSECURITY,FULL_COMMON_HISTORY,0.126264412816538,0.010253580523282624,-0.23615256304303933,0.05359588904195212,0.00221832003934197,0.0,NONNEGATIVE_INCREMENTAL,0.010253580523282624
GLOBAL_50_M2_50,STATIC_MONTHLY,LEAVE_ONE_FAMILY_OUT,GLOBAL_GENOMICS,FULL_COMMON_HISTORY,0.12169014029890102,0.005679308005645645,-0.23615256304303933,0.05898215528805104,-0.002355952478295009,0.0,NONNEGATIVE_INCREMENTAL,0.005679308005645645
GLOBAL_50_M2_50,STATIC_MONTHLY,LEAVE_ONE_FAMILY_OUT,GLOBAL_GOLD_MINERS,FULL_COMMON_HISTORY,0.12321992796413817,0.0072090956708827925,-0.24413086742150547,0.058453820466825644,-0.0008261648130578614,-0.007978304378466139,NONNEGATIVE_INCREMENTAL,0.0072090956708827925
GLOBAL_50_M2_50,STATIC_MONTHLY,LEAVE_ONE_FAMILY_OUT,GLOBAL_INFRASTRUCTURE,FULL_COMMON_HISTORY,0.12259754010417923,0.006586707810923853,-0.23955121255576228,0.06089397404237598,-0.0014485526730168008,-0.003398649512722951,NONNEGATIVE_INCREMENTAL,0.006586707810923853
GLOBAL_50_M2_50,STATIC_MONTHLY,LEAVE_ONE_FAMILY_OUT,GLOBAL_OIL_GAS,FULL_COMMON_HISTORY,0.12307365331337605,0.00706282102012068,-0.23615204481654495,0.06695288617565281,-0.000972439463819974,5.182264943837112e-07,NONNEGATIVE_INCREMENTAL,0.00706282102012068
GLOBAL_50_M2_50,STATIC_MONTHLY,LEAVE_ONE_FAMILY_OUT,GLOBAL_QUANTUM_COMPUTING,FULL_COMMON_HISTORY,0.12364276632558857,0.0076319340323331986,-0.23615256304303933,0.058910695413064505,-0.0004033264516074553,0.0,NONNEGATIVE_INCREMENTAL,0.0076319340323331986
GLOBAL_50_M2_50,STATIC_MONTHLY,LEAVE_ONE_FAMILY_OUT,GLOBAL_RETAIL,FULL_COMMON_HISTORY,0.12807434574460053,0.012063513451345154,-0.23615256304303933,0.05766965517200554,0.0040282529674045,0.0,NONNEGATIVE_INCREMENTAL,0.012063513451345154
GLOBAL_50_M2_50,STATIC_MONTHLY,LEAVE_ONE_FAMILY_OUT,GLOBAL_ROBOTICS_AUTOMATION,FULL_COMMON_HISTORY,0.12021660844822901,0.0042057761549736394,-0.23785163653246488,0.0561140786762195,-0.0038294843289670144,-0.001699073489425551,NONNEGATIVE_INCREMENTAL,0.0042057761549736394
GLOBAL_50_M2_50,STATIC_MONTHLY,LEAVE_ONE_FAMILY_OUT,GLOBAL_SEMICONDUCTORS,FULL_COMMON_HISTORY,0.11684817304933648,0.0008373407560811064,-0.24976129558853422,0.05522476464440017,-0.0071979197278595475,-0.013608732545494884,NONNEGATIVE_INCREMENTAL,0.0008373407560811064
GLOBAL_50_M2_50,STATIC_MONTHLY,LEAVE_ONE_FAMILY_OUT,GLOBAL_SILVER_MINERS,FULL_COMMON_HISTORY,0.12079766987483209,0.0047868375815767195,-0.23615256304303933,0.05932876631357275,-0.0032484229023639344,0.0,NONNEGATIVE_INCREMENTAL,0.0047868375815767195
GLOBAL_50_M2_50,STATIC_MONTHLY,LEAVE_ONE_FAMILY_OUT,GLOBAL_SOFTWARE,FULL_COMMON_HISTORY,0.12381417022372232,0.007803337930466947,-0.24175844497027987,0.05605225531583211,-0.00023192255347370683,-0.005605881927240541,NONNEGATIVE_INCREMENTAL,0.007803337930466947
GLOBAL_50_M2_50,STATIC_MONTHLY,LEAVE_ONE_FAMILY_OUT,GLOBAL_SOLAR,FULL_COMMON_HISTORY,0.12405840112228095,0.008047568829025575,-0.23615256304303933,0.058720636986651184,1.2308345084921513e-05,0.0,NONNEGATIVE_INCREMENTAL,0.008047568829025575
GLOBAL_50_M2_50,STATIC_MONTHLY,LEAVE_ONE_FAMILY_OUT,GLOBAL_TRANSPORTATION,FULL_COMMON_HISTORY,0.12285624773729631,0.0068454154440409365,-0.2361526914331421,0.05830149592842648,-0.0011898450398997173,-1.2839010277154728e-07,NONNEGATIVE_INCREMENTAL,0.0068454154440409365
GLOBAL_50_M2_50,STATIC_MONTHLY,LEAVE_ONE_FAMILY_OUT,GLOBAL_URANIUM_NUCLEAR,FULL_COMMON_HISTORY,0.12678242215864266,0.010771589865387288,-0.23615256304303933,0.05929485993621565,0.002736329381446634,0.0,NONNEGATIVE_INCREMENTAL,0.010771589865387288
GLOBAL_50_M2_50,STATIC_MONTHLY,LEAVE_ONE_FAMILY_OUT,GLOBAL_WATER,FULL_COMMON_HISTORY,0.1277311480746468,0.011720315781391433,-0.23885830881439396,0.05514925688908764,0.003685055297450779,-0.0027057457713546285,NONNEGATIVE_INCREMENTAL,0.011720315781391433
GLOBAL_50_M2_50,STATIC_MONTHLY,LEAVE_ONE_FAMILY_OUT,US_AEROSPACE_DEFENCE,FULL_COMMON_HISTORY,0.12404609277719603,0.008035260483940654,-0.23615256304303933,0.05890806125051354,0.0,0.0,NONNEGATIVE_INCREMENTAL,0.008035260483940654
GLOBAL_50_M2_50,STATIC_MONTHLY,LEAVE_ONE_FAMILY_OUT,US_BANKS,FULL_COMMON_HISTORY,0.12479367919161288,0.00878284689835751,-0.23615185196043575,0.05805298454242517,0.0007475864144168565,7.110826035772178e-07,NONNEGATIVE_INCREMENTAL,0.00878284689835751
GLOBAL_50_M2_50,STATIC_MONTHLY,EXCLUDE_TOP_1_FAMILY_CONTRIBUTORS,GLOBAL_BATTERY_EV,FULL_COMMON_HISTORY,0.11753366132097232,0.0015228290277169432,-0.23648914684183897,0.059643982056829886,-0.006512431456223711,-0.00033658379879963896,NONNEGATIVE_INCREMENTAL,0.0015228290277169432
GLOBAL_50_M2_50,STATIC_MONTHLY,EXCLUDE_TOP_3_FAMILY_CONTRIBUTORS,GLOBAL_BATTERY_EV;GLOBAL_GOLD_MINERS;GLOBAL_SEMICONDUCTORS,FULL_COMMON_HISTORY,0.0942289447268605,-0.021781887566394875,-0.25599190803126803,0.06220663306045667,-0.02981714805033553,-0.019839344988228702,SIGN_REVERSAL_DEPENDENCY,-0.021781887566394875
GLOBAL_50_M2_50,STATIC_MONTHLY,EXCLUDE_TOP_5_FAMILY_CONTRIBUTORS,EUROPE_BANKS;GLOBAL_BATTERY_EV;GLOBAL_GOLD_MINERS;GLOBAL_SEMICONDUCTORS;GLOBAL_SILVER_MINERS,FULL_COMMON_HISTORY,0.09074241600892075,-0.025268416284334627,-0.25248490923963385,0.06141737209002977,-0.03330367676827528,-0.016332346196594516,SIGN_REVERSAL_DEPENDENCY,-0.025268416284334627
GLOBAL_50_M2_25_CASH25,STATIC_MONTHLY,LEAVE_ONE_FAMILY_OUT,CHINA_INTERNET,FULL_COMMON_HISTORY,0.09821192375826593,0.005579891920236335,-0.18438255487213062,0.03715300347911771,0.0019679546730706488,0.0,NONNEGATIVE_INCREMENTAL,0.005579891920236335
GLOBAL_50_M2_25_CASH25,STATIC_MONTHLY,LEAVE_ONE_FAMILY_OUT,EUROPE_AEROSPACE_DEFENCE,FULL_COMMON_HISTORY,0.09624396908519528,0.0036119372471656863,-0.18438255487213062,0.038865954731738886,0.0,0.0,NONNEGATIVE_INCREMENTAL,0.0036119372471656863
GLOBAL_50_M2_25_CASH25,STATIC_MONTHLY,LEAVE_ONE_FAMILY_OUT,EUROPE_BANKS,FULL_COMMON_HISTORY,0.09588940367060661,0.0032573718325770162,-0.1843819523535275,0.03764962131573319,-0.0003545654145886701,6.025186031211049e-07,NONNEGATIVE_INCREMENTAL,0.0032573718325770162
GLOBAL_50_M2_25_CASH25,STATIC_MONTHLY,LEAVE_ONE_FAMILY_OUT,EUROPE_INFRASTRUCTURE,FULL_COMMON_HISTORY,0.09624396908519528,0.0036119372471656863,-0.18438255487213062,0.038865954731738886,0.0,0.0,NONNEGATIVE_INCREMENTAL,0.0036119372471656863
GLOBAL_50_M2_25_CASH25,STATIC_MONTHLY,LEAVE_ONE_FAMILY_OUT,GLOBAL_AEROSPACE_DEFENCE,FULL_COMMON_HISTORY,0.09625811808792073,0.003626086249891136,-0.18438255487213062,0.03886630976813671,1.4149002725449833e-05,0.0,NONNEGATIVE_INCREMENTAL,0.003626086249891136
GLOBAL_50_M2_25_CASH25,STATIC_MONTHLY,LEAVE_ONE_FAMILY_OUT,GLOBAL_AGRIBUSINESS,FULL_COMMON_HISTORY,0.09565333855493874,0.0030213067169091445,-0.1843832172570986,0.04056016516940789,-0.0005906305302565418,-6.623849679865401e-07,NONNEGATIVE_INCREMENTAL,0.0030213067169091445
GLOBAL_50_M2_25_CASH25,STATIC_MONTHLY,LEAVE_ONE_FAMILY_OUT,GLOBAL_AI,FULL_COMMON_HISTORY,0.09876508900230996,0.006133057164280364,-0.18438255487213062,0.03883756059323639,0.002521119917114678,0.0,NONNEGATIVE_INCREMENTAL,0.006133057164280364
GLOBAL_50_M2_25_CASH25,STATIC_MONTHLY,LEAVE_ONE_FAMILY_OUT,GLOBAL_BATTERY_EV,FULL_COMMON_HISTORY,0.09301708073048243,0.0003850488924528328,-0.1856323419700897,0.03916875900191171,-0.0032268883547128535,-0.0012497870979590875,NONNEGATIVE_INCREMENTAL,0.0003850488924528328
GLOBAL_50_M2_25_CASH25,STATIC_MONTHLY,LEAVE_ONE_FAMILY_OUT,GLOBAL_BIOTECHNOLOGY,FULL_COMMON_HISTORY,0.0977660485452132,0.0051340167071836085,-0.18801367561110227,0.038723251926456315,0.0015220794600179222,-0.0036311207389716493,NONNEGATIVE_INCREMENTAL,0.0051340167071836085
GLOBAL_50_M2_25_CASH25,STATIC_MONTHLY,LEAVE_ONE_FAMILY_OUT,GLOBAL_CLEAN_ENERGY,FULL_COMMON_HISTORY,0.09711473067219711,0.00448269883416752,-0.18438255487213062,0.038844391987447914,0.0008707615870018337,0.0,NONNEGATIVE_INCREMENTAL,0.00448269883416752
GLOBAL_50_M2_25_CASH25,STATIC_MONTHLY,LEAVE_ONE_FAMILY_OUT,GLOBAL_CYBERSECURITY,FULL_COMMON_HISTORY,0.09734421840398144,0.004712186565951848,-0.18438255487213062,0.03665237667593536,0.0011002493187861617,0.0,NONNEGATIVE_INCREMENTAL,0.004712186565951848
GLOBAL_50_M2_25_CASH25,STATIC_MONTHLY,LEAVE_ONE_FAMILY_OUT,GLOBAL_GENOMICS,FULL_COMMON_HISTORY,0.09509195825472383,0.002459926416694236,-0.18438255487213062,0.03888808492489333,-0.0011520108304714505,0.0,NONNEGATIVE_INCREMENTAL,0.002459926416694236
GLOBAL_50_M2_25_CASH25,STATIC_MONTHLY,LEAVE_ONE_FAMILY_OUT,GLOBAL_GOLD_MINERS,FULL_COMMON_HISTORY,0.09585449000360335,0.0032224581655737605,-0.18957397379462027,0.039257573772706104,-0.0003894790815919258,-0.005191418922489643,NONNEGATIVE_INCREMENTAL,0.0032224581655737605
GLOBAL_50_M2_25_CASH25,STATIC_MONTHLY,LEAVE_ONE_FAMILY_OUT,GLOBAL_INFRASTRUCTURE,FULL_COMMON_HISTORY,0.09558115887206475,0.0029491270340351594,-0.18618035683124745,0.03975358883313006,-0.0006628102131305269,-0.0017978019591168293,NONNEGATIVE_INCREMENTAL,0.0029491270340351594
GLOBAL_50_M2_25_CASH25,STATIC_MONTHLY,LEAVE_ONE_FAMILY_OUT,GLOBAL_OIL_GAS,FULL_COMMON_HISTORY,0.09577556383627761,0.003143531998248017,-0.1843822738905433,0.042405832126229524,-0.0004684052489176693,2.8098158733058654e-07,NONNEGATIVE_INCREMENTAL,0.003143531998248017
GLOBAL_50_M2_25_CASH25,STATIC_MONTHLY,LEAVE_ONE_FAMILY_OUT,GLOBAL_QUANTUM_COMPUTING,FULL_COMMON_HISTORY,0.09604991603355839,0.0034178841955287975,-0.18438255487213062,0.03886526212691361,-0.0001940530516368888,0.0,NONNEGATIVE_INCREMENTAL,0.0034178841955287975
GLOBAL_50_M2_25_CASH25,STATIC_MONTHLY,LEAVE_ONE_FAMILY_OUT,GLOBAL_RETAIL,FULL_COMMON_HISTORY,0.09820772275745093,0.005575690919421339,-0.18438255487213062,0.03855895589552487,0.0019637536722556526,0.0,NONNEGATIVE_INCREMENTAL,0.005575690919421339
GLOBAL_50_M2_25_CASH25,STATIC_MONTHLY,LEAVE_ONE_FAMILY_OUT,GLOBAL_ROBOTICS_AUTOMATION,FULL_COMMON_HISTORY,0.09435410910419884,0.0017220772661692418,-0.1863340966387741,0.03765193267558084,-0.0018898599809964445,-0.001951541766643472,NONNEGATIVE_INCREMENTAL,0.0017220772661692418
GLOBAL_50_M2_25_CASH25,STATIC_MONTHLY,LEAVE_ONE_FAMILY_OUT,GLOBAL_SEMICONDUCTORS,FULL_COMMON_HISTORY,0.09275620497067649,0.00012417313264689867,-0.19250120130252824,0.0377655490291933,-0.0034877641145187877,-0.008118646430397614,NONNEGATIVE_INCREMENTAL,0.00012417313264689867
GLOBAL_50_M2_25_CASH25,STATIC_MONTHLY,LEAVE_ONE_FAMILY_OUT,GLOBAL_SILVER_MINERS,FULL_COMMON_HISTORY,0.09461361413078784,0.001981582292758244,-0.18438255487213062,0.03916512229371446,-0.0016303549544074425,0.0,NONNEGATIVE_INCREMENTAL,0.001981582292758244
GLOBAL_50_M2_25_CASH25,STATIC_MONTHLY,LEAVE_ONE_FAMILY_OUT,GLOBAL_SOFTWARE,FULL_COMMON_HISTORY,0.0961295998125129,0.0034975679744833066,-0.1882965773104759,0.03778800406964425,-0.00011436927268237973,-0.003914022438345266,NONNEGATIVE_INCREMENTAL,0.0034975679744833066
GLOBAL_50_M2_25_CASH25,STATIC_MONTHLY,LEAVE_ONE_FAMILY_OUT,GLOBAL_SOLAR,FULL_COMMON_HISTORY,0.09623546744108014,0.003603435603050542,-0.18438255487213062,0.03879370952317216,-8.501644115144202e-06,0.0,NONNEGATIVE_INCREMENTAL,0.003603435603050542
GLOBAL_50_M2_25_CASH25,STATIC_MONTHLY,LEAVE_ONE_FAMILY_OUT,GLOBAL_TRANSPORTATION,FULL_COMMON_HISTORY,0.09565877276583068,0.003026740927801086,-0.1843826217806407,0.038610801013529636,-0.0005851963193646004,-6.690851006574405e-08,NONNEGATIVE_INCREMENTAL,0.003026740927801086
GLOBAL_50_M2_25_CASH25,STATIC_MONTHLY,LEAVE_ONE_FAMILY_OUT,GLOBAL_URANIUM_NUCLEAR,FULL_COMMON_HISTORY,0.09759308980871184,0.004961057970682248,-0.18438255487213062,0.03890810624177885,0.0013491207235165614,0.0,NONNEGATIVE_INCREMENTAL,0.004961057970682248
GLOBAL_50_M2_25_CASH25,STATIC_MONTHLY,LEAVE_ONE_FAMILY_OUT,GLOBAL_WATER,FULL_COMMON_HISTORY,0.09809978112144768,0.0054677492834180885,-0.18517096544965472,0.037342215286275585,0.0018558120362524022,-0.0007884105775241013,NONNEGATIVE_INCREMENTAL,0.0054677492834180885
GLOBAL_50_M2_25_CASH25,STATIC_MONTHLY,LEAVE_ONE_FAMILY_OUT,US_AEROSPACE_DEFENCE,FULL_COMMON_HISTORY,0.09624396908519528,0.0036119372471656863,-0.18438255487213062,0.038865954731738886,0.0,0.0,NONNEGATIVE_INCREMENTAL,0.0036119372471656863
GLOBAL_50_M2_25_CASH25,STATIC_MONTHLY,LEAVE_ONE_FAMILY_OUT,US_BANKS,FULL_COMMON_HISTORY,0.09659441460228746,0.003962382764257866,-0.18438217445324512,0.038491756809186144,0.0003504455170921794,3.804188855038859e-07,NONNEGATIVE_INCREMENTAL,0.003962382764257866
GLOBAL_50_M2_25_CASH25,STATIC_MONTHLY,EXCLUDE_TOP_1_FAMILY_CONTRIBUTORS,GLOBAL_BATTERY_EV,FULL_COMMON_HISTORY,0.09301708073048243,0.0003850488924528328,-0.1856323419700897,0.03916875900191171,-0.0032268883547128535,-0.0012497870979590875,NONNEGATIVE_INCREMENTAL,0.0003850488924528328
GLOBAL_50_M2_25_CASH25,STATIC_MONTHLY,EXCLUDE_TOP_3_FAMILY_CONTRIBUTORS,GLOBAL_BATTERY_EV;GLOBAL_GOLD_MINERS;GLOBAL_SEMICONDUCTORS,FULL_COMMON_HISTORY,0.08160873245595957,-0.011023299382070029,-0.1957699902543809,0.040568703953561665,-0.014635236629235715,-0.011387435382250288,SIGN_REVERSAL_DEPENDENCY,-0.011023299382070029
GLOBAL_50_M2_25_CASH25,STATIC_MONTHLY,EXCLUDE_TOP_5_FAMILY_CONTRIBUTORS,EUROPE_BANKS;GLOBAL_BATTERY_EV;GLOBAL_GOLD_MINERS;GLOBAL_SEMICONDUCTORS;GLOBAL_SILVER_MINERS,FULL_COMMON_HISTORY,0.0799689347035426,-0.01266309713448699,-0.1929326768545394,0.03989261953377403,-0.016275034381652675,-0.008550121982408787,SIGN_REVERSAL_DEPENDENCY,-0.01266309713448699
GLOBAL_75_M2_10_CASH15,STATIC_MONTHLY,LEAVE_ONE_FAMILY_OUT,CHINA_INTERNET,FULL_COMMON_HISTORY,0.10356213424186178,0.0015712374252960792,-0.2155891803995834,0.04056551350621214,0.0007891592110789158,-2.220446049250313e-16,NONNEGATIVE_INCREMENTAL,0.0015712374252960792
GLOBAL_75_M2_10_CASH15,STATIC_MONTHLY,LEAVE_ONE_FAMILY_OUT,EUROPE_AEROSPACE_DEFENCE,FULL_COMMON_HISTORY,0.10277297503078286,0.0007820782142171634,-0.2155891803995834,0.040974198876828065,0.0,-2.220446049250313e-16,NONNEGATIVE_INCREMENTAL,0.0007820782142171634
GLOBAL_75_M2_10_CASH15,STATIC_MONTHLY,LEAVE_ONE_FAMILY_OUT,EUROPE_BANKS,FULL_COMMON_HISTORY,0.10264797773395196,0.0006570809173862546,-0.2155889434481163,0.040609922211938,-0.00012499729683090877,2.369514668920658e-07,NONNEGATIVE_INCREMENTAL,0.0006570809173862546
GLOBAL_75_M2_10_CASH15,STATIC_MONTHLY,LEAVE_ONE_FAMILY_OUT,EUROPE_INFRASTRUCTURE,FULL_COMMON_HISTORY,0.10277297503078286,0.0007820782142171634,-0.2155891803995834,0.040974198876828065,0.0,-2.220446049250313e-16,NONNEGATIVE_INCREMENTAL,0.0007820782142171634
GLOBAL_75_M2_10_CASH15,STATIC_MONTHLY,LEAVE_ONE_FAMILY_OUT,GLOBAL_AEROSPACE_DEFENCE,FULL_COMMON_HISTORY,0.10277919091397636,0.0007882940974106578,-0.2155891803995834,0.04097375523895999,6.21588319349442e-06,-2.220446049250313e-16,NONNEGATIVE_INCREMENTAL,0.0007882940974106578
GLOBAL_75_M2_10_CASH15,STATIC_MONTHLY,LEAVE_ONE_FAMILY_OUT,GLOBAL_AGRIBUSINESS,FULL_COMMON_HISTORY,0.10254353389074877,0.0005526370741830711,-0.21558941478811933,0.041495767646600186,-0.00022944114003409233,-2.3438853613555466e-07,NONNEGATIVE_INCREMENTAL,0.0005526370741830711
GLOBAL_75_M2_10_CASH15,STATIC_MONTHLY,LEAVE_ONE_FAMILY_OUT,GLOBAL_AI,FULL_COMMON_HISTORY,0.10379420893372582,0.0018033121171601163,-0.2155891803995834,0.04095842638755126,0.001021233902942953,-2.220446049250313e-16,NONNEGATIVE_INCREMENTAL,0.0018033121171601163
GLOBAL_75_M2_10_CASH15,STATIC_MONTHLY,LEAVE_ONE_FAMILY_OUT,GLOBAL_BATTERY_EV,FULL_COMMON_HISTORY,0.10147956850621709,-0.0005113283103486133,-0.21607267278339537,0.041091696678022406,-0.0012934065245657766,-0.0004834923838121785,SIGN_REVERSAL_DEPENDENCY,-0.0005113283103486133
GLOBAL_75_M2_10_CASH15,STATIC_MONTHLY,LEAVE_ONE_FAMILY_OUT,GLOBAL_BIOTECHNOLOGY,FULL_COMMON_HISTORY,0.10340284318113468,0.0014119463645689834,-0.21701978368245445,0.041030088756184586,0.00062986815035182,-0.0014306032828712567,NONNEGATIVE_INCREMENTAL,0.0014119463645689834
GLOBAL_75_M2_10_CASH15,STATIC_MONTHLY,LEAVE_ONE_FAMILY_OUT,GLOBAL_CLEAN_ENERGY,FULL_COMMON_HISTORY,0.10312411889452022,0.001133222077954521,-0.2155891803995834,0.040978503773810064,0.0003511438637373576,-2.220446049250313e-16,NONNEGATIVE_INCREMENTAL,0.001133222077954521
GLOBAL_75_M2_10_CASH15,STATIC_MONTHLY,LEAVE_ONE_FAMILY_OUT,GLOBAL_CYBERSECURITY,FULL_COMMON_HISTORY,0.10322525300227459,0.0012343561857088847,-0.2155891803995834,0.040272097559846454,0.00045227797149172133,-2.220446049250313e-16,NONNEGATIVE_INCREMENTAL,0.0012343561857088847
GLOBAL_75_M2_10_CASH15,STATIC_MONTHLY,LEAVE_ONE_FAMILY_OUT,GLOBAL_GENOMICS,FULL_COMMON_HISTORY,0.10230966717302237,0.00031877035645666574,-0.2155891803995834,0.04098082669663035,-0.00046330785776049765,-2.220446049250313e-16,NONNEGATIVE_INCREMENTAL,0.00031877035645666574
GLOBAL_75_M2_10_CASH15,STATIC_MONTHLY,LEAVE_ONE_FAMILY_OUT,GLOBAL_GOLD_MINERS,FULL_COMMON_HISTORY,0.10259724716527474,0.0006063503487090394,-0.2176270715050188,0.041393248470045566,-0.00017572786550812403,-0.0020378911054356186,NONNEGATIVE_INCREMENTAL,0.0006063503487090394
GLOBAL_75_M2_10_CASH15,STATIC_MONTHLY,LEAVE_ONE_FAMILY_OUT,GLOBAL_INFRASTRUCTURE,FULL_COMMON_HISTORY,0.1025216324581022,0.000530735641536495,-0.21628488952035396,0.04123553995362176,-0.0002513425726806684,-0.0006957091207707711,NONNEGATIVE_INCREMENTAL,0.000530735641536495
GLOBAL_75_M2_10_CASH15,STATIC_MONTHLY,LEAVE_ONE_FAMILY_OUT,GLOBAL_OIL_GAS,FULL_COMMON_HISTORY,0.10259338731783374,0.0006024905012680382,-0.21558906278763323,0.0419385210188053,-0.00017958771294912523,1.1761194995685287e-07,NONNEGATIVE_INCREMENTAL,0.0006024905012680382
GLOBAL_75_M2_10_CASH15,STATIC_MONTHLY,LEAVE_ONE_FAMILY_OUT,GLOBAL_QUANTUM_COMPUTING,FULL_COMMON_HISTORY,0.10269555132015062,0.0007046545035849228,-0.2155891803995834,0.04097376003681618,-7.742371063224063e-05,-2.220446049250313e-16,NONNEGATIVE_INCREMENTAL,0.0007046545035849228
GLOBAL_75_M2_10_CASH15,STATIC_MONTHLY,LEAVE_ONE_FAMILY_OUT,GLOBAL_RETAIL,FULL_COMMON_HISTORY,0.10356625002408526,0.0015753532075195587,-0.2155891803995834,0.040952706498059314,0.0007932749933023953,-2.220446049250313e-16,NONNEGATIVE_INCREMENTAL,0.0015753532075195587
GLOBAL_75_M2_10_CASH15,STATIC_MONTHLY,LEAVE_ONE_FAMILY_OUT,GLOBAL_ROBOTICS_AUTOMATION,FULL_COMMON_HISTORY,0.10202904270110658,3.814588454087442e-05,-0.21634967668414362,0.04061202755642417,-0.000743932329676289,-0.0007604962845604302,NONNEGATIVE_INCREMENTAL,3.814588454087442e-05
GLOBAL_75_M2_10_CASH15,STATIC_MONTHLY,LEAVE_ONE_FAMILY_OUT,GLOBAL_SEMICONDUCTORS,FULL_COMMON_HISTORY,0.10138950578937012,-0.0006013910271955858,-0.21877409925545355,0.04135344195678734,-0.0013834692414127492,-0.0031849188558703556,SIGN_REVERSAL_DEPENDENCY,-0.0006013910271955858
GLOBAL_75_M2_10_CASH15,STATIC_MONTHLY,LEAVE_ONE_FAMILY_OUT,GLOBAL_SILVER_MINERS,FULL_COMMON_HISTORY,0.10210099039168186,0.0001100935751161547,-0.2155891803995834,0.041147886950711,-0.0006719846391010087,-2.220446049250313e-16,NONNEGATIVE_INCREMENTAL,0.0001100935751161547
GLOBAL_75_M2_10_CASH15,STATIC_MONTHLY,LEAVE_ONE_FAMILY_OUT,GLOBAL_SOFTWARE,FULL_COMMON_HISTORY,0.1027325652803528,0.000741668463787093,-0.2171354329538694,0.04073458904502829,-4.0409750430070446e-05,-0.0015462525542861982,NONNEGATIVE_INCREMENTAL,0.000741668463787093
GLOBAL_75_M2_10_CASH15,STATIC_MONTHLY,LEAVE_ONE_FAMILY_OUT,GLOBAL_SOLAR,FULL_COMMON_HISTORY,0.10276537634514193,0.0007744795285762329,-0.2155891803995834,0.040961442557048866,-7.598685640930469e-06,-2.220446049250313e-16,NONNEGATIVE_INCREMENTAL,0.0007744795285762329
GLOBAL_75_M2_10_CASH15,STATIC_MONTHLY,LEAVE_ONE_FAMILY_OUT,GLOBAL_TRANSPORTATION,FULL_COMMON_HISTORY,0.10254134354018496,0.0005504467236192578,-0.21558920309899765,0.04091350293751993,-0.00023163149059790555,-2.2699414459204093e-08,NONNEGATIVE_INCREMENTAL,0.0005504467236192578
GLOBAL_75_M2_10_CASH15,STATIC_MONTHLY,LEAVE_ONE_FAMILY_OUT,GLOBAL_URANIUM_NUCLEAR,FULL_COMMON_HISTORY,0.10331451953116688,0.0013236227146011803,-0.2155891803995834,0.04096128357882588,0.0005415445003840169,-2.220446049250313e-16,NONNEGATIVE_INCREMENTAL,0.0013236227146011803
GLOBAL_75_M2_10_CASH15,STATIC_MONTHLY,LEAVE_ONE_FAMILY_OUT,GLOBAL_WATER,FULL_COMMON_HISTORY,0.10355239061054489,0.001561493793979185,-0.21588749921790873,0.04052811093375004,0.0007794155797620217,-0.0002983188183255381,NONNEGATIVE_INCREMENTAL,0.001561493793979185
GLOBAL_75_M2_10_CASH15,STATIC_MONTHLY,LEAVE_ONE_FAMILY_OUT,US_AEROSPACE_DEFENCE,FULL_COMMON_HISTORY,0.10277297503078286,0.0007820782142171634,-0.2155891803995834,0.040974198876828065,0.0,-2.220446049250313e-16,NONNEGATIVE_INCREMENTAL,0.0007820782142171634
GLOBAL_75_M2_10_CASH15,STATIC_MONTHLY,LEAVE_ONE_FAMILY_OUT,US_BANKS,FULL_COMMON_HISTORY,0.10291908826009499,0.0009281914435292915,-0.2155890380398514,0.04084162482094286,0.0001461132293121281,1.423597317806724e-07,NONNEGATIVE_INCREMENTAL,0.0009281914435292915
GLOBAL_75_M2_10_CASH15,STATIC_MONTHLY,EXCLUDE_TOP_1_FAMILY_CONTRIBUTORS,GLOBAL_BATTERY_EV,FULL_COMMON_HISTORY,0.10147956850621709,-0.0005113283103486133,-0.21607267278339537,0.041091696678022406,-0.0012934065245657766,-0.0004834923838121785,SIGN_REVERSAL_DEPENDENCY,-0.0005113283103486133
GLOBAL_75_M2_10_CASH15,STATIC_MONTHLY,EXCLUDE_TOP_3_FAMILY_CONTRIBUTORS,GLOBAL_BATTERY_EV;GLOBAL_GOLD_MINERS;GLOBAL_SEMICONDUCTORS,FULL_COMMON_HISTORY,0.09688680150078244,-0.005104095315783264,-0.22006131824794384,0.041888635783433,-0.005886173530000427,-0.004472137848360647,SIGN_REVERSAL_DEPENDENCY,-0.005104095315783264
GLOBAL_75_M2_10_CASH15,STATIC_MONTHLY,EXCLUDE_TOP_5_FAMILY_CONTRIBUTORS,EUROPE_BANKS;GLOBAL_BATTERY_EV;GLOBAL_GOLD_MINERS;GLOBAL_SEMICONDUCTORS;GLOBAL_SILVER_MINERS,FULL_COMMON_HISTORY,0.09625991688298496,-0.005730979933580738,-0.21894964205726952,0.041548159784645496,-0.006513058147797901,-0.003360461657686331,SIGN_REVERSAL_DEPENDENCY,-0.005730979933580738
M2_TOP7_CASH0_25_CASH75,STATIC_MONTHLY,LEAVE_ONE_FAMILY_OUT,CHINA_INTERNET,FULL_COMMON_HISTORY,0.0500451160393276,0.005358265034216991,-0.06155782490733974,0.014082903398970087,0.0019261705550279729,0.0,NONNEGATIVE_INCREMENTAL,0.005358265034216991
M2_TOP7_CASH0_25_CASH75,STATIC_MONTHLY,LEAVE_ONE_FAMILY_OUT,EUROPE_AEROSPACE_DEFENCE,FULL_COMMON_HISTORY,0.048118945484299624,0.0034320944791890184,-0.06155782490733974,0.01606896261994151,0.0,0.0,NONNEGATIVE_INCREMENTAL,0.0034320944791890184
M2_TOP7_CASH0_25_CASH75,STATIC_MONTHLY,LEAVE_ONE_FAMILY_OUT,EUROPE_BANKS,FULL_COMMON_HISTORY,0.04782859936930106,0.0031417483641904553,-0.060356413416859045,0.014149468483902571,-0.0002903461149985631,0.0012014114904806972,NONNEGATIVE_INCREMENTAL,0.0031417483641904553
M2_TOP7_CASH0_25_CASH75,STATIC_MONTHLY,LEAVE_ONE_FAMILY_OUT,EUROPE_INFRASTRUCTURE,FULL_COMMON_HISTORY,0.048118945484299624,0.0034320944791890184,-0.06155782490733974,0.01606896261994151,0.0,0.0,NONNEGATIVE_INCREMENTAL,0.0034320944791890184
M2_TOP7_CASH0_25_CASH75,STATIC_MONTHLY,LEAVE_ONE_FAMILY_OUT,GLOBAL_AEROSPACE_DEFENCE,FULL_COMMON_HISTORY,0.048132875422654875,0.003446024417544269,-0.06155782490733974,0.01607602815092156,1.392993835525047e-05,0.0,NONNEGATIVE_INCREMENTAL,0.003446024417544269
M2_TOP7_CASH0_25_CASH75,STATIC_MONTHLY,LEAVE_ONE_FAMILY_OUT,GLOBAL_AGRIBUSINESS,FULL_COMMON_HISTORY,0.047559599278494735,0.002872748273384129,-0.06155948590403004,0.01801891539977109,-0.0005593462058048893,-1.660996690300287e-06,NONNEGATIVE_INCREMENTAL,0.002872748273384129
M2_TOP7_CASH0_25_CASH75,STATIC_MONTHLY,LEAVE_ONE_FAMILY_OUT,GLOBAL_AI,FULL_COMMON_HISTORY,0.050530669049300814,0.005843818044190208,-0.06155782490733974,0.016045689799332387,0.0024117235650011892,0.0,NONNEGATIVE_INCREMENTAL,0.005843818044190208
M2_TOP7_CASH0_25_CASH75,STATIC_MONTHLY,LEAVE_ONE_FAMILY_OUT,GLOBAL_BATTERY_EV,FULL_COMMON_HISTORY,0.044969257992068856,0.00028240698695825017,-0.0609115850873464,0.016304061944676505,-0.0031496874922307683,0.0006462398199933439,NONNEGATIVE_INCREMENTAL,0.00028240698695825017
M2_TOP7_CASH0_25_CASH75,STATIC_MONTHLY,LEAVE_ONE_FAMILY_OUT,GLOBAL_BIOTECHNOLOGY,FULL_COMMON_HISTORY,0.04960679427795123,0.004919943272840621,-0.06067740936616295,0.015834737165003752,0.0014878487936516027,0.0008804155411767933,NONNEGATIVE_INCREMENTAL,0.004919943272840621
M2_TOP7_CASH0_25_CASH75,STATIC_MONTHLY,LEAVE_ONE_FAMILY_OUT,GLOBAL_CLEAN_ENERGY,FULL_COMMON_HISTORY,0.04896186060833041,0.004275009603219804,-0.06155782490733974,0.016001497353359023,0.0008429151240307853,0.0,NONNEGATIVE_INCREMENTAL,0.004275009603219804
M2_TOP7_CASH0_25_CASH75,STATIC_MONTHLY,LEAVE_ONE_FAMILY_OUT,GLOBAL_CYBERSECURITY,FULL_COMMON_HISTORY,0.04915918460003477,0.0044723335949241605,-0.06155782490733974,0.013901664207133456,0.001040239115735142,0.0,NONNEGATIVE_INCREMENTAL,0.0044723335949241605
M2_TOP7_CASH0_25_CASH75,STATIC_MONTHLY,LEAVE_ONE_FAMILY_OUT,GLOBAL_GENOMICS,FULL_COMMON_HISTORY,0.04701678828650535,0.002329937281394745,-0.06155782490733974,0.016125219470060053,-0.0011021571977942735,0.0,NONNEGATIVE_INCREMENTAL,0.002329937281394745
M2_TOP7_CASH0_25_CASH75,STATIC_MONTHLY,LEAVE_ONE_FAMILY_OUT,GLOBAL_GOLD_MINERS,FULL_COMMON_HISTORY,0.04787852175038254,0.003191670745271935,-0.06351751091116875,0.01570800873384213,-0.00024042373391708338,-0.0019596860038290087,NONNEGATIVE_INCREMENTAL,0.003191670745271935
M2_TOP7_CASH0_25_CASH75,STATIC_MONTHLY,LEAVE_ONE_FAMILY_OUT,GLOBAL_INFRASTRUCTURE,FULL_COMMON_HISTORY,0.04752268192596021,0.0028358309208496024,-0.06315692582620369,0.01706429807018629,-0.000596263558339416,-0.0015991009188639493,NONNEGATIVE_INCREMENTAL,0.0028358309208496024
M2_TOP7_CASH0_25_CASH75,STATIC_MONTHLY,LEAVE_ONE_FAMILY_OUT,GLOBAL_OIL_GAS,FULL_COMMON_HISTORY,0.04768901705127293,0.0030021660461623245,-0.07231261966071278,0.02047862045949055,-0.0004299284330266939,-0.010754794753373043,NONNEGATIVE_INCREMENTAL,0.0030021660461623245
M2_TOP7_CASH0_25_CASH75,STATIC_MONTHLY,LEAVE_ONE_FAMILY_OUT,GLOBAL_QUANTUM_COMPUTING,FULL_COMMON_HISTORY,0.047933231268333376,0.00324638026322277,-0.06155782490733974,0.0160713011045503,-0.00018571421596624837,0.0,NONNEGATIVE_INCREMENTAL,0.00324638026322277
M2_TOP7_CASH0_25_CASH75,STATIC_MONTHLY,LEAVE_ONE_FAMILY_OUT,GLOBAL_RETAIL,FULL_COMMON_HISTORY,0.04999182079200071,0.005304969786890101,-0.06155782490733974,0.015759334280774816,0.001872875307701083,0.0,NONNEGATIVE_INCREMENTAL,0.005304969786890101
M2_TOP7_CASH0_25_CASH75,STATIC_MONTHLY,LEAVE_ONE_FAMILY_OUT,GLOBAL_ROBOTICS_AUTOMATION,FULL_COMMON_HISTORY,0.04624122357606075,0.0015543725709501466,-0.060727317423677096,0.014967268696092908,-0.0018777219082388719,0.0008305074836626458,NONNEGATIVE_INCREMENTAL,0.0015543725709501466
M2_TOP7_CASH0_25_CASH75,STATIC_MONTHLY,LEAVE_ONE_FAMILY_OUT,GLOBAL_SEMICONDUCTORS,FULL_COMMON_HISTORY,0.044766840031714494,7.998902660388829e-05,-0.06656508210103329,0.014252924573087068,-0.00335210545258513,-0.005007257193693548,NONNEGATIVE_INCREMENTAL,7.998902660388829e-05
M2_TOP7_CASH0_25_CASH75,STATIC_MONTHLY,LEAVE_ONE_FAMILY_OUT,GLOBAL_SILVER_MINERS,FULL_COMMON_HISTORY,0.04658884116402873,0.001901990158918121,-0.06155782490733974,0.016026777162537514,-0.0015301043202708975,0.0,NONNEGATIVE_INCREMENTAL,0.001901990158918121
M2_TOP7_CASH0_25_CASH75,STATIC_MONTHLY,LEAVE_ONE_FAMILY_OUT,GLOBAL_SOFTWARE,FULL_COMMON_HISTORY,0.048007858551498916,0.0033210075463883104,-0.06266935044763589,0.014879560162449172,-0.00011108693280070803,-0.0011115255402961433,NONNEGATIVE_INCREMENTAL,0.0033210075463883104
M2_TOP7_CASH0_25_CASH75,STATIC_MONTHLY,LEAVE_ONE_FAMILY_OUT,GLOBAL_SOLAR,FULL_COMMON_HISTORY,0.04811696912395358,0.003430118118842973,-0.06155782490733974,0.015923014190157885,-1.976360346045425e-06,0.0,NONNEGATIVE_INCREMENTAL,0.003430118118842973
M2_TOP7_CASH0_25_CASH75,STATIC_MONTHLY,LEAVE_ONE_FAMILY_OUT,GLOBAL_TRANSPORTATION,FULL_COMMON_HISTORY,0.04755084114480468,0.0028639901396940726,-0.0615579967670743,0.015789283738801677,-0.0005681043394949459,-1.7185973455458026e-07,NONNEGATIVE_INCREMENTAL,0.0028639901396940726
M2_TOP7_CASH0_25_CASH75,STATIC_MONTHLY,LEAVE_ONE_FAMILY_OUT,GLOBAL_URANIUM_NUCLEAR,FULL_COMMON_HISTORY,0.0494425581955531,0.004755707190442493,-0.06155782490733974,0.015946775164909395,0.0013236127112534746,0.0,NONNEGATIVE_INCREMENTAL,0.004755707190442493
M2_TOP7_CASH0_25_CASH75,STATIC_MONTHLY,LEAVE_ONE_FAMILY_OUT,GLOBAL_WATER,FULL_COMMON_HISTORY,0.049883205479514414,0.005196354474403808,-0.06249384848868056,0.014385661795757768,0.0017642599952147897,-0.0009360235813408169,NONNEGATIVE_INCREMENTAL,0.005196354474403808
M2_TOP7_CASH0_25_CASH75,STATIC_MONTHLY,LEAVE_ONE_FAMILY_OUT,US_AEROSPACE_DEFENCE,FULL_COMMON_HISTORY,0.048118945484299624,0.0034320944791890184,-0.06155782490733974,0.01606896261994151,0.0,0.0,NONNEGATIVE_INCREMENTAL,0.0034320944791890184
M2_TOP7_CASH0_25_CASH75,STATIC_MONTHLY,LEAVE_ONE_FAMILY_OUT,US_BANKS,FULL_COMMON_HISTORY,0.048432926763511075,0.003746075758400469,-0.060356668366939425,0.015524991060056463,0.00031398127921145047,0.0012011565404003166,NONNEGATIVE_INCREMENTAL,0.003746075758400469
M2_TOP7_CASH0_25_CASH75,STATIC_MONTHLY,EXCLUDE_TOP_1_FAMILY_CONTRIBUTORS,GLOBAL_BATTERY_EV,FULL_COMMON_HISTORY,0.044969257992068856,0.00028240698695825017,-0.0609115850873464,0.016304061944676505,-0.0031496874922307683,0.0006462398199933439,NONNEGATIVE_INCREMENTAL,0.00028240698695825017
M2_TOP7_CASH0_25_CASH75,STATIC_MONTHLY,EXCLUDE_TOP_3_FAMILY_CONTRIBUTORS,GLOBAL_BATTERY_EV;GLOBAL_GOLD_MINERS;GLOBAL_SEMICONDUCTORS,FULL_COMMON_HISTORY,0.034093450267736136,-0.01059340073737447,-0.07124297384433664,0.016938801724242204,-0.014025495216563488,-0.009685148936996901,SIGN_REVERSAL_DEPENDENCY,-0.01059340073737447
M2_TOP7_CASH0_25_CASH75,STATIC_MONTHLY,EXCLUDE_TOP_5_FAMILY_CONTRIBUTORS,EUROPE_BANKS;GLOBAL_BATTERY_EV;GLOBAL_GOLD_MINERS;GLOBAL_SEMICONDUCTORS;GLOBAL_SILVER_MINERS,FULL_COMMON_HISTORY,0.032598327010379125,-0.012088523994731482,-0.06877375680339559,0.016932092938578298,-0.0155206184739205,-0.007215931896055849,SIGN_REVERSAL_DEPENDENCY,-0.012088523994731482
M2_TOP7_CASH0_50_CASH50,STATIC_MONTHLY,LEAVE_ONE_FAMILY_OUT,CHINA_INTERNET,FULL_COMMON_HISTORY,0.08071695360667475,0.011832057674211915,-0.12161642500933112,0.031454541021627175,0.003931209283138726,0.0,NONNEGATIVE_INCREMENTAL,0.011832057674211915
M2_TOP7_CASH0_50_CASH50,STATIC_MONTHLY,LEAVE_ONE_FAMILY_OUT,EUROPE_AEROSPACE_DEFENCE,FULL_COMMON_HISTORY,0.07678574432353602,0.00790084839107319,-0.12161642500933112,0.03741947930234603,0.0,0.0,NONNEGATIVE_INCREMENTAL,0.00790084839107319
M2_TOP7_CASH0_50_CASH50,STATIC_MONTHLY,LEAVE_ONE_FAMILY_OUT,EUROPE_BANKS,FULL_COMMON_HISTORY,0.07609277978580264,0.007207883853339814,-0.11886312095903173,0.033261767958098154,-0.000692964537733376,0.0027533040502993877,NONNEGATIVE_INCREMENTAL,0.007207883853339814
M2_TOP7_CASH0_50_CASH50,STATIC_MONTHLY,LEAVE_ONE_FAMILY_OUT,EUROPE_INFRASTRUCTURE,FULL_COMMON_HISTORY,0.07678574432353602,0.00790084839107319,-0.12161642500933112,0.03741947930234603,0.0,0.0,NONNEGATIVE_INCREMENTAL,0.00790084839107319
M2_TOP7_CASH0_50_CASH50,STATIC_MONTHLY,LEAVE_ONE_FAMILY_OUT,GLOBAL_AEROSPACE_DEFENCE,FULL_COMMON_HISTORY,0.07681225353042631,0.00792735759796348,-0.12161642500933112,0.03743263595733904,2.650920689029057e-05,0.0,NONNEGATIVE_INCREMENTAL,0.00792735759796348
M2_TOP7_CASH0_50_CASH50,STATIC_MONTHLY,LEAVE_ONE_FAMILY_OUT,GLOBAL_AGRIBUSINESS,FULL_COMMON_HISTORY,0.07564613622593708,0.006761240293474247,-0.12181042431266509,0.041866955025547686,-0.001139608097598943,-0.0001939993033339693,NONNEGATIVE_INCREMENTAL,0.006761240293474247
M2_TOP7_CASH0_50_CASH50,STATIC_MONTHLY,LEAVE_ONE_FAMILY_OUT,GLOBAL_AI,FULL_COMMON_HISTORY,0.08170905904412318,0.012824163111660347,-0.12161642500933112,0.03722627024848995,0.0049233147205871575,0.0,NONNEGATIVE_INCREMENTAL,0.012824163111660347
M2_TOP7_CASH0_50_CASH50,STATIC_MONTHLY,LEAVE_ONE_FAMILY_OUT,GLOBAL_BATTERY_EV,FULL_COMMON_HISTORY,0.07041588318886238,0.001530987256399552,-0.12037904209870576,0.03822513488436302,-0.006369861134673638,0.001237382910625362,NONNEGATIVE_INCREMENTAL,0.001530987256399552
M2_TOP7_CASH0_50_CASH50,STATIC_MONTHLY,LEAVE_ONE_FAMILY_OUT,GLOBAL_BIOTECHNOLOGY,FULL_COMMON_HISTORY,0.0797663559655144,0.010881460033051571,-0.1195136657857101,0.03634003833181108,0.0029806116419783812,0.00210275922362102,NONNEGATIVE_INCREMENTAL,0.010881460033051571
M2_TOP7_CASH0_50_CASH50,STATIC_MONTHLY,LEAVE_ONE_FAMILY_OUT,GLOBAL_CLEAN_ENERGY,FULL_COMMON_HISTORY,0.07850754185498121,0.00962264592251838,-0.12161642500933112,0.03731133980031981,0.0017217975314451905,0.0,NONNEGATIVE_INCREMENTAL,0.00962264592251838
M2_TOP7_CASH0_50_CASH50,STATIC_MONTHLY,LEAVE_ONE_FAMILY_OUT,GLOBAL_CYBERSECURITY,FULL_COMMON_HISTORY,0.07888668730960613,0.010001791377143299,-0.12161642500933112,0.03188661767547613,0.002100942986070109,0.0,NONNEGATIVE_INCREMENTAL,0.010001791377143299
M2_TOP7_CASH0_50_CASH50,STATIC_MONTHLY,LEAVE_ONE_FAMILY_OUT,GLOBAL_GENOMICS,FULL_COMMON_HISTORY,0.07452649864932459,0.00564160271686176,-0.12161642500933112,0.03753762169507468,-0.0022592456742114297,0.0,NONNEGATIVE_INCREMENTAL,0.00564160271686176
M2_TOP7_CASH0_50_CASH50,STATIC_MONTHLY,LEAVE_ONE_FAMILY_OUT,GLOBAL_GOLD_MINERS,FULL_COMMON_HISTORY,0.0762755206365473,0.00739062470408447,-0.12543465839632173,0.035475013780429235,-0.00051022368698872,-0.0038182333869906104,NONNEGATIVE_INCREMENTAL,0.00739062470408447
M2_TOP7_CASH0_50_CASH50,STATIC_MONTHLY,LEAVE_ONE_FAMILY_OUT,GLOBAL_INFRASTRUCTURE,FULL_COMMON_HISTORY,0.07547672664406457,0.006591830711601743,-0.12466068538118547,0.03973907651099408,-0.001309017679471447,-0.003044260371854346,NONNEGATIVE_INCREMENTAL,0.006591830711601743
M2_TOP7_CASH0_50_CASH50,STATIC_MONTHLY,LEAVE_ONE_FAMILY_OUT,GLOBAL_OIL_GAS,FULL_COMMON_HISTORY,0.07589553339313637,0.007010637460673541,-0.14614153246378436,0.04691464508309624,-0.0008902109303996486,-0.024525107454453243,NONNEGATIVE_INCREMENTAL,0.007010637460673541
M2_TOP7_CASH0_50_CASH50,STATIC_MONTHLY,LEAVE_ONE_FAMILY_OUT,GLOBAL_QUANTUM_COMPUTING,FULL_COMMON_HISTORY,0.07639900136430766,0.007514105431844831,-0.12161642500933112,0.037426259147728395,-0.0003867429592283589,0.0,NONNEGATIVE_INCREMENTAL,0.007514105431844831
M2_TOP7_CASH0_50_CASH50,STATIC_MONTHLY,LEAVE_ONE_FAMILY_OUT,GLOBAL_RETAIL,FULL_COMMON_HISTORY,0.08063633688154992,0.011751440949087089,-0.12161642500933112,0.035834495985496574,0.003850592558013899,0.0,NONNEGATIVE_INCREMENTAL,0.011751440949087089
M2_TOP7_CASH0_50_CASH50,STATIC_MONTHLY,LEAVE_ONE_FAMILY_OUT,GLOBAL_ROBOTICS_AUTOMATION,FULL_COMMON_HISTORY,0.07296815499701426,0.0040832590645514255,-0.11950329381057223,0.03489417133804719,-0.003817589326521764,0.0021131311987588886,NONNEGATIVE_INCREMENTAL,0.0040832590645514255
M2_TOP7_CASH0_50_CASH50,STATIC_MONTHLY,LEAVE_ONE_FAMILY_OUT,GLOBAL_SEMICONDUCTORS,FULL_COMMON_HISTORY,0.0698757885252228,0.0009908925927599732,-0.13077281819775033,0.03293219068982282,-0.0069099557983132165,-0.00915639318841921,NONNEGATIVE_INCREMENTAL,0.0009908925927599732
M2_TOP7_CASH0_50_CASH50,STATIC_MONTHLY,LEAVE_ONE_FAMILY_OUT,GLOBAL_SILVER_MINERS,FULL_COMMON_HISTORY,0.07373058566617519,0.004845689733712355,-0.12161642500933112,0.037257833438130515,-0.0030551586573608347,0.0,NONNEGATIVE_INCREMENTAL,0.004845689733712355
M2_TOP7_CASH0_50_CASH50,STATIC_MONTHLY,LEAVE_ONE_FAMILY_OUT,GLOBAL_SOFTWARE,FULL_COMMON_HISTORY,0.07656066575177012,0.007675769819307288,-0.1237037443846154,0.03417624130243307,-0.00022507857176590207,-0.00208731937528428,NONNEGATIVE_INCREMENTAL,0.007675769819307288
M2_TOP7_CASH0_50_CASH50,STATIC_MONTHLY,LEAVE_ONE_FAMILY_OUT,GLOBAL_SOLAR,FULL_COMMON_HISTORY,0.07680723116623622,0.007922335233773392,-0.12161642500933112,0.03713266622916559,2.1486842700202402e-05,0.0,NONNEGATIVE_INCREMENTAL,0.007922335233773392
M2_TOP7_CASH0_50_CASH50,STATIC_MONTHLY,LEAVE_ONE_FAMILY_OUT,GLOBAL_TRANSPORTATION,FULL_COMMON_HISTORY,0.07562792017118491,0.006743024238722084,-0.12161675024427132,0.03672916147532079,-0.0011578241523511057,-3.2523494020164634e-07,NONNEGATIVE_INCREMENTAL,0.006743024238722084
M2_TOP7_CASH0_50_CASH50,STATIC_MONTHLY,LEAVE_ONE_FAMILY_OUT,GLOBAL_URANIUM_NUCLEAR,FULL_COMMON_HISTORY,0.07947964790852047,0.010594751976057637,-0.12161642500933112,0.03763709239646332,0.0026939035849844473,0.0,NONNEGATIVE_INCREMENTAL,0.010594751976057637
M2_TOP7_CASH0_50_CASH50,STATIC_MONTHLY,LEAVE_ONE_FAMILY_OUT,GLOBAL_WATER,FULL_COMMON_HISTORY,0.08034595744401196,0.011461061511549131,-0.12341174009980316,0.03334996438962664,0.0035602131204759413,-0.0017953150904720383,NONNEGATIVE_INCREMENTAL,0.011461061511549131
M2_TOP7_CASH0_50_CASH50,STATIC_MONTHLY,LEAVE_ONE_FAMILY_OUT,US_AEROSPACE_DEFENCE,FULL_COMMON_HISTORY,0.07678574432353602,0.00790084839107319,-0.12161642500933112,0.03741947930234603,0.0,0.0,NONNEGATIVE_INCREMENTAL,0.00790084839107319
M2_TOP7_CASH0_50_CASH50,STATIC_MONTHLY,LEAVE_ONE_FAMILY_OUT,US_BANKS,FULL_COMMON_HISTORY,0.07745820191564268,0.008573305983179846,-0.11886356518158225,0.03614239718993914,0.0006724575921066567,0.002752859827748866,NONNEGATIVE_INCREMENTAL,0.008573305983179846
M2_TOP7_CASH0_50_CASH50,STATIC_MONTHLY,EXCLUDE_TOP_1_FAMILY_CONTRIBUTORS,GLOBAL_BATTERY_EV,FULL_COMMON_HISTORY,0.07041588318886238,0.001530987256399552,-0.12037904209870576,0.03822513488436302,-0.006369861134673638,0.001237382910625362,NONNEGATIVE_INCREMENTAL,0.001530987256399552
M2_TOP7_CASH0_50_CASH50,STATIC_MONTHLY,EXCLUDE_TOP_3_FAMILY_CONTRIBUTORS,GLOBAL_BATTERY_EV;GLOBAL_GOLD_MINERS;GLOBAL_SEMICONDUCTORS,FULL_COMMON_HISTORY,0.048192546127270086,-0.020692349805192745,-0.14025138753001742,0.04057518089719702,-0.028593198196265934,-0.018634962520686305,SIGN_REVERSAL_DEPENDENCY,-0.020692349805192745
M2_TOP7_CASH0_50_CASH50,STATIC_MONTHLY,EXCLUDE_TOP_5_FAMILY_CONTRIBUTORS,EUROPE_BANKS;GLOBAL_BATTERY_EV;GLOBAL_GOLD_MINERS;GLOBAL_SEMICONDUCTORS;GLOBAL_SILVER_MINERS,FULL_COMMON_HISTORY,0.04499047446215587,-0.02389442147030696,-0.13538561651550574,0.040394953871254594,-0.03179526986138015,-0.013769191506174616,SIGN_REVERSAL_DEPENDENCY,-0.02389442147030696
M2_TOP7_CASH0_75_CASH25,STATIC_MONTHLY,LEAVE_ONE_FAMILY_OUT,CHINA_INTERNET,FULL_COMMON_HISTORY,0.11063437109509966,0.018002339257070066,-0.17951615330305348,0.04984562418242801,0.0060229310807675684,0.0,NONNEGATIVE_INCREMENTAL,0.018002339257070066
M2_TOP7_CASH0_75_CASH25,STATIC_MONTHLY,LEAVE_ONE_FAMILY_OUT,EUROPE_AEROSPACE_DEFENCE,FULL_COMMON_HISTORY,0.10461144001433209,0.011979408176302497,-0.17951615330305348,0.0595162750687192,0.0,0.0,NONNEGATIVE_INCREMENTAL,0.011979408176302497
M2_TOP7_CASH0_75_CASH25,STATIC_MONTHLY,LEAVE_ONE_FAMILY_OUT,EUROPE_BANKS,FULL_COMMON_HISTORY,0.10343731362575204,0.010805281787722443,-0.17532960080669568,0.05320531679461761,-0.0011741263885800546,0.004186552496357798,NONNEGATIVE_INCREMENTAL,0.010805281787722443
M2_TOP7_CASH0_75_CASH25,STATIC_MONTHLY,LEAVE_ONE_FAMILY_OUT,EUROPE_INFRASTRUCTURE,FULL_COMMON_HISTORY,0.10461144001433209,0.011979408176302497,-0.17951615330305348,0.0595162750687192,0.0,0.0,NONNEGATIVE_INCREMENTAL,0.011979408176302497
M2_TOP7_CASH0_75_CASH25,STATIC_MONTHLY,LEAVE_ONE_FAMILY_OUT,GLOBAL_AEROSPACE_DEFENCE,FULL_COMMON_HISTORY,0.10465010826372056,0.012018076425690971,-0.17951615330305348,0.0595355852623651,3.8668249388473797e-05,0.0,NONNEGATIVE_INCREMENTAL,0.012018076425690971
M2_TOP7_CASH0_75_CASH25,STATIC_MONTHLY,LEAVE_ONE_FAMILY_OUT,GLOBAL_AGRIBUSINESS,FULL_COMMON_HISTORY,0.10289134730734273,0.010259315469313135,-0.18136806167159647,0.06618359577896014,-0.0017200927069893623,-0.0018519083685429871,NONNEGATIVE_INCREMENTAL,0.010259315469313135
M2_TOP7_CASH0_75_CASH25,STATIC_MONTHLY,LEAVE_ONE_FAMILY_OUT,GLOBAL_AI,FULL_COMMON_HISTORY,0.11215011526084973,0.01951808342282013,-0.17951615330305348,0.059106520137276804,0.007538675246517634,0.0,NONNEGATIVE_INCREMENTAL,0.01951808342282013
M2_TOP7_CASH0_75_CASH25,STATIC_MONTHLY,LEAVE_ONE_FAMILY_OUT,GLOBAL_BATTERY_EV,FULL_COMMON_HISTORY,0.09497276548660682,0.002340733648577231,-0.1777154966740524,0.06076780594816848,-0.009638674527725266,0.001800656629001085,NONNEGATIVE_INCREMENTAL,0.002340733648577231
M2_TOP7_CASH0_75_CASH25,STATIC_MONTHLY,LEAVE_ONE_FAMILY_OUT,GLOBAL_BIOTECHNOLOGY,FULL_COMMON_HISTORY,0.10911989633117325,0.016487864493143656,-0.17627064692052663,0.05766297265541064,0.0045084563168411584,0.0032455063825268526,NONNEGATIVE_INCREMENTAL,0.016487864493143656
M2_TOP7_CASH0_75_CASH25,STATIC_MONTHLY,LEAVE_ONE_FAMILY_OUT,GLOBAL_CLEAN_ENERGY,FULL_COMMON_HISTORY,0.10725144025212519,0.014619408414095592,-0.17951615330305348,0.05936563989796287,0.0026400002377930942,0.0,NONNEGATIVE_INCREMENTAL,0.014619408414095592
M2_TOP7_CASH0_75_CASH25,STATIC_MONTHLY,LEAVE_ONE_FAMILY_OUT,GLOBAL_CYBERSECURITY,FULL_COMMON_HISTORY,0.10779652225974012,0.01516449042171053,-0.17951615330305348,0.050882442680943524,0.003185082245408033,0.0,NONNEGATIVE_INCREMENTAL,0.01516449042171053
M2_TOP7_CASH0_75_CASH25,STATIC_MONTHLY,LEAVE_ONE_FAMILY_OUT,GLOBAL_GENOMICS,FULL_COMMON_HISTORY,0.10114539110030596,0.008513359262276365,-0.17951615330305348,0.05969342814770189,-0.003466048914026132,0.0,NONNEGATIVE_INCREMENTAL,0.008513359262276365
M2_TOP7_CASH0_75_CASH25,STATIC_MONTHLY,LEAVE_ONE_FAMILY_OUT,GLOBAL_GOLD_MINERS,FULL_COMMON_HISTORY,0.10381345228846262,0.011181420450433022,-0.1849692197565348,0.056079676430184806,-0.0007979877258694756,-0.0054530664534813145,NONNEGATIVE_INCREMENTAL,0.011181420450433022
M2_TOP7_CASH0_75_CASH25,STATIC_MONTHLY,LEAVE_ONE_FAMILY_OUT,GLOBAL_INFRASTRUCTURE,FULL_COMMON_HISTORY,0.10249468487228741,0.009862653034257818,-0.18384091968970084,0.06320960221215895,-0.0021167551420446795,-0.004324766386647361,NONNEGATIVE_INCREMENTAL,0.009862653034257818
M2_TOP7_CASH0_75_CASH25,STATIC_MONTHLY,LEAVE_ONE_FAMILY_OUT,GLOBAL_OIL_GAS,FULL_COMMON_HISTORY,0.10325973092554341,0.01062769908751382,-0.2153247984293919,0.07358884003978172,-0.0013517090887886773,-0.03580864512633841,NONNEGATIVE_INCREMENTAL,0.01062769908751382
M2_TOP7_CASH0_75_CASH25,STATIC_MONTHLY,LEAVE_ONE_FAMILY_OUT,GLOBAL_QUANTUM_COMPUTING,FULL_COMMON_HISTORY,0.10400810242602976,0.011376070588000164,-0.17951615330305348,0.059527919802087874,-0.0006033375883023329,0.0,NONNEGATIVE_INCREMENTAL,0.011376070588000164
M2_TOP7_CASH0_75_CASH25,STATIC_MONTHLY,LEAVE_ONE_FAMILY_OUT,GLOBAL_RETAIL,FULL_COMMON_HISTORY,0.11055028704699144,0.017918255208961842,-0.17951615330305348,0.05661327486679263,0.0059388470326593445,0.0,NONNEGATIVE_INCREMENTAL,0.017918255208961842
M2_TOP7_CASH0_75_CASH25,STATIC_MONTHLY,LEAVE_ONE_FAMILY_OUT,GLOBAL_ROBOTICS_AUTOMATION,FULL_COMMON_HISTORY,0.09880926255065359,0.006177230712623993,-0.17610697988169088,0.055624889401008834,-0.005802177463678504,0.003409173421362599,NONNEGATIVE_INCREMENTAL,0.006177230712623993
M2_TOP7_CASH0_75_CASH25,STATIC_MONTHLY,LEAVE_ONE_FAMILY_OUT,GLOBAL_SEMICONDUCTORS,FULL_COMMON_HISTORY,0.09396402967341522,0.0013319978353856232,-0.19239310169768975,0.05273776307687626,-0.010647410340916874,-0.012876948394636267,NONNEGATIVE_INCREMENTAL,0.0013319978353856232
M2_TOP7_CASH0_75_CASH25,STATIC_MONTHLY,LEAVE_ONE_FAMILY_OUT,GLOBAL_SILVER_MINERS,FULL_COMMON_HISTORY,0.10004722553308842,0.00741519369505883,-0.17951615330305348,0.05919952235329482,-0.004564214481243667,0.0,NONNEGATIVE_INCREMENTAL,0.00741519369505883
M2_TOP7_CASH0_75_CASH25,STATIC_MONTHLY,LEAVE_ONE_FAMILY_OUT,GLOBAL_SOFTWARE,FULL_COMMON_HISTORY,0.10428261451086285,0.011650582672833254,-0.1824324735133921,0.05435971264660733,-0.00032882550346924333,-0.0029163202103386077,NONNEGATIVE_INCREMENTAL,0.011650582672833254
M2_TOP7_CASH0_75_CASH25,STATIC_MONTHLY,LEAVE_ONE_FAMILY_OUT,GLOBAL_SOLAR,FULL_COMMON_HISTORY,0.10468315467589506,0.012051122837865469,-0.17951615330305348,0.05909999364406787,7.171466156297157e-05,0.0,NONNEGATIVE_INCREMENTAL,0.012051122837865469
M2_TOP7_CASH0_75_CASH25,STATIC_MONTHLY,LEAVE_ONE_FAMILY_OUT,GLOBAL_TRANSPORTATION,FULL_COMMON_HISTORY,0.10285421278436857,0.010222180946338977,-0.17951660796352076,0.05843754571859167,-0.0017572272299635205,-4.546604672750476e-07,NONNEGATIVE_INCREMENTAL,0.010222180946338977
M2_TOP7_CASH0_75_CASH25,STATIC_MONTHLY,LEAVE_ONE_FAMILY_OUT,GLOBAL_URANIUM_NUCLEAR,FULL_COMMON_HISTORY,0.10872713879770002,0.016095106959670424,-0.17951615330305348,0.060091071448261354,0.004115698783367927,0.0,NONNEGATIVE_INCREMENTAL,0.016095106959670424
M2_TOP7_CASH0_75_CASH25,STATIC_MONTHLY,LEAVE_ONE_FAMILY_OUT,GLOBAL_WATER,FULL_COMMON_HISTORY,0.11002716556872105,0.01739513373069146,-0.1820809244291568,0.053224617675722605,0.0054157255543889615,-0.0025647711261033157,NONNEGATIVE_INCREMENTAL,0.01739513373069146
M2_TOP7_CASH0_75_CASH25,STATIC_MONTHLY,LEAVE_ONE_FAMILY_OUT,US_AEROSPACE_DEFENCE,FULL_COMMON_HISTORY,0.10461144001433209,0.011979408176302497,-0.17951615330305348,0.0595162750687192,0.0,0.0,NONNEGATIVE_INCREMENTAL,0.011979408176302497
M2_TOP7_CASH0_75_CASH25,STATIC_MONTHLY,LEAVE_ONE_FAMILY_OUT,US_BANKS,FULL_COMMON_HISTORY,0.1056996291477239,0.013067597309694312,-0.17529814472120242,0.05749400331976517,0.0010881891333918148,0.004218008581851063,NONNEGATIVE_INCREMENTAL,0.013067597309694312
M2_TOP7_CASH0_75_CASH25,STATIC_MONTHLY,EXCLUDE_TOP_1_FAMILY_CONTRIBUTORS,GLOBAL_BATTERY_EV,FULL_COMMON_HISTORY,0.09497276548660682,0.002340733648577231,-0.1777154966740524,0.06076780594816848,-0.009638674527725266,0.001800656629001085,NONNEGATIVE_INCREMENTAL,0.002340733648577231
M2_TOP7_CASH0_75_CASH25,STATIC_MONTHLY,EXCLUDE_TOP_3_FAMILY_CONTRIBUTORS,GLOBAL_BATTERY_EV;GLOBAL_GOLD_MINERS;GLOBAL_SEMICONDUCTORS,FULL_COMMON_HISTORY,0.06097109802589795,-0.03166093381213164,-0.2109803864305838,0.06539687372946165,-0.04364034198843414,-0.03146423312753033,SIGN_REVERSAL_DEPENDENCY,-0.03166093381213164
M2_TOP7_CASH0_75_CASH25,STATIC_MONTHLY,EXCLUDE_TOP_5_FAMILY_CONTRIBUTORS,EUROPE_BANKS;GLOBAL_BATTERY_EV;GLOBAL_GOLD_MINERS;GLOBAL_SEMICONDUCTORS;GLOBAL_SILVER_MINERS,FULL_COMMON_HISTORY,0.055931128127380436,-0.03670090371064916,-0.19983891691654865,0.06433211514640133,-0.048680311886951655,-0.020322763613495165,SIGN_REVERSAL_DEPENDENCY,-0.03670090371064916
M2_TOP7_CASH0_100,STATIC_MONTHLY,LEAVE_ONE_FAMILY_OUT,CHINA_INTERNET,FULL_COMMON_HISTORY,0.13968289489835106,0.02367206260509569,-0.23530840174956913,0.06854218380669341,0.00830663398346232,-6.609581748584503e-08,NONNEGATIVE_INCREMENTAL,0.02367206260509569
M2_TOP7_CASH0_100,STATIC_MONTHLY,LEAVE_ONE_FAMILY_OUT,EUROPE_AEROSPACE_DEFENCE,FULL_COMMON_HISTORY,0.13148579045602737,0.015474958162772001,-0.23530840174956913,0.08166651229615908,0.000109529541138631,-6.609581748584503e-08,NONNEGATIVE_INCREMENTAL,0.015474958162772001
M2_TOP7_CASH0_100,STATIC_MONTHLY,LEAVE_ONE_FAMILY_OUT,EUROPE_BANKS,FULL_COMMON_HISTORY,0.12975046140718915,0.013739629113933782,-0.2299937945504147,0.07327780278051277,-0.001625799507699588,0.005314541103336956,NONNEGATIVE_INCREMENTAL,0.013739629113933782
M2_TOP7_CASH0_100,STATIC_MONTHLY,LEAVE_ONE_FAMILY_OUT,EUROPE_INFRASTRUCTURE,FULL_COMMON_HISTORY,0.13148579045602737,0.015474958162772001,-0.23530840174956913,0.08166651229615908,0.000109529541138631,-6.609581748584503e-08,NONNEGATIVE_INCREMENTAL,0.015474958162772001
M2_TOP7_CASH0_100,STATIC_MONTHLY,LEAVE_ONE_FAMILY_OUT,GLOBAL_AEROSPACE_DEFENCE,FULL_COMMON_HISTORY,0.13153635344237768,0.015525521149122312,-0.23530840174956913,0.08169098745147564,0.00016009252748894198,-6.609581748584503e-08,NONNEGATIVE_INCREMENTAL,0.015525521149122312
M2_TOP7_CASH0_100,STATIC_MONTHLY,LEAVE_ONE_FAMILY_OUT,GLOBAL_AGRIBUSINESS,FULL_COMMON_HISTORY,0.12919125680151722,0.013180424508261845,-0.23799203887541187,0.09038486646267965,-0.0021850041133715248,-0.0026837032216602275,NONNEGATIVE_INCREMENTAL,0.013180424508261845
M2_TOP7_CASH0_100,STATIC_MONTHLY,LEAVE_ONE_FAMILY_OUT,GLOBAL_AI,FULL_COMMON_HISTORY,0.14173600033867584,0.025725168045420466,-0.23530840174956913,0.08102358099498747,0.010359739423787095,-6.609581748584503e-08,NONNEGATIVE_INCREMENTAL,0.025725168045420466
M2_TOP7_CASH0_100,STATIC_MONTHLY,LEAVE_ONE_FAMILY_OUT,GLOBAL_BATTERY_EV,FULL_COMMON_HISTORY,0.1185434864383601,0.002532654145104729,-0.23297130751042472,0.08326884856428374,-0.012832774476528641,0.0023370281433269247,NONNEGATIVE_INCREMENTAL,0.002532654145104729
M2_TOP7_CASH0_100,STATIC_MONTHLY,LEAVE_ONE_FAMILY_OUT,GLOBAL_BIOTECHNOLOGY,FULL_COMMON_HISTORY,0.13754547529116445,0.02153464299790908,-0.23101145379164634,0.07912981130219168,0.006169214376275711,0.004296881862105306,NONNEGATIVE_INCREMENTAL,0.02153464299790908
M2_TOP7_CASH0_100,STATIC_MONTHLY,LEAVE_ONE_FAMILY_OUT,GLOBAL_CLEAN_ENERGY,FULL_COMMON_HISTORY,0.13508108212913972,0.019070249835884345,-0.23530840174956913,0.08147070825485025,0.003704821214250975,-6.609581748584503e-08,NONNEGATIVE_INCREMENTAL,0.019070249835884345
M2_TOP7_CASH0_100,STATIC_MONTHLY,LEAVE_ONE_FAMILY_OUT,GLOBAL_CYBERSECURITY,FULL_COMMON_HISTORY,0.13576981307342306,0.01975898078016769,-0.23530840174956913,0.07010826804375472,0.00439355215853432,-6.609581748584503e-08,NONNEGATIVE_INCREMENTAL,0.01975898078016769
M2_TOP7_CASH0_100,STATIC_MONTHLY,LEAVE_ONE_FAMILY_OUT,GLOBAL_GENOMICS,FULL_COMMON_HISTORY,0.12676540310018347,0.010754570806928099,-0.23530840174956913,0.08190092254699657,-0.0046108578147052715,-6.609581748584503e-08,NONNEGATIVE_INCREMENTAL,0.010754570806928099
M2_TOP7_CASH0_100,STATIC_MONTHLY,LEAVE_ONE_FAMILY_OUT,GLOBAL_GOLD_MINERS,FULL_COMMON_HISTORY,0.13037520550366755,0.014364373210412174,-0.24218457078842837,0.07691818114169387,-0.0010010554112211967,-0.0068762351346767225,NONNEGATIVE_INCREMENTAL,0.014364373210412174
M2_TOP7_CASH0_100,STATIC_MONTHLY,LEAVE_ONE_FAMILY_OUT,GLOBAL_INFRASTRUCTURE,FULL_COMMON_HISTORY,0.12846079102573205,0.012449958732476674,-0.24075774330611932,0.08673626996021885,-0.0029154698891566966,-0.005449407652367677,NONNEGATIVE_INCREMENTAL,0.012449958732476674
M2_TOP7_CASH0_100,STATIC_MONTHLY,LEAVE_ONE_FAMILY_OUT,GLOBAL_OIL_GAS,FULL_COMMON_HISTORY,0.12967074071521645,0.013659908421961076,-0.2800733134869072,0.09995017107057332,-0.0017055201996722946,-0.044764977833155584,NONNEGATIVE_INCREMENTAL,0.013659908421961076
M2_TOP7_CASH0_100,STATIC_MONTHLY,LEAVE_ONE_FAMILY_OUT,GLOBAL_QUANTUM_COMPUTING,FULL_COMMON_HISTORY,0.13065027227042525,0.014639439977169877,-0.23530840174956913,0.08168361113584531,-0.0007259886444634933,-6.609581748584503e-08,NONNEGATIVE_INCREMENTAL,0.014639439977169877
M2_TOP7_CASH0_100,STATIC_MONTHLY,LEAVE_ONE_FAMILY_OUT,GLOBAL_RETAIL,FULL_COMMON_HISTORY,0.13962045102172427,0.023609618728468895,-0.23530840174956913,0.07742287531857397,0.008244190106835525,-6.609581748584503e-08,NONNEGATIVE_INCREMENTAL,0.023609618728468895
M2_TOP7_CASH0_100,STATIC_MONTHLY,LEAVE_ONE_FAMILY_OUT,GLOBAL_ROBOTICS_AUTOMATION,FULL_COMMON_HISTORY,0.12366103974853293,0.007650207455277558,-0.23060734112939296,0.07645182822395162,-0.007715221166355812,0.0047009945243586815,NONNEGATIVE_INCREMENTAL,0.007650207455277558
M2_TOP7_CASH0_100,STATIC_MONTHLY,LEAVE_ONE_FAMILY_OUT,GLOBAL_SEMICONDUCTORS,FULL_COMMON_HISTORY,0.11692369313087547,0.0009128608376200997,-0.25152073288567445,0.07278351743653969,-0.01445256778401327,-0.016212397231922804,NONNEGATIVE_INCREMENTAL,0.0009128608376200997
M2_TOP7_CASH0_100,STATIC_MONTHLY,LEAVE_ONE_FAMILY_OUT,GLOBAL_SILVER_MINERS,FULL_COMMON_HISTORY,0.1254356361302782,0.009424803837022822,-0.23530840174956913,0.08119763186765548,-0.005940624784610549,-6.609581748584503e-08,NONNEGATIVE_INCREMENTAL,0.009424803837022822
M2_TOP7_CASH0_100,STATIC_MONTHLY,LEAVE_ONE_FAMILY_OUT,GLOBAL_SOFTWARE,FULL_COMMON_HISTORY,0.1310589565092828,0.015048124216027414,-0.23891575956891242,0.0747257346273306,-0.00031730440560595596,-0.003607423915160779,NONNEGATIVE_INCREMENTAL,0.015048124216027414
M2_TOP7_CASH0_100,STATIC_MONTHLY,LEAVE_ONE_FAMILY_OUT,GLOBAL_SOLAR,FULL_COMMON_HISTORY,0.13163593552986597,0.015625103236610594,-0.23530840174956913,0.08112880701184129,0.00025967461497722333,-6.609581748584503e-08,NONNEGATIVE_INCREMENTAL,0.015625103236610594
M2_TOP7_CASH0_100,STATIC_MONTHLY,LEAVE_ONE_FAMILY_OUT,GLOBAL_TRANSPORTATION,FULL_COMMON_HISTORY,0.12912409797102598,0.013113265677770602,-0.2353089639225,0.08023184870012157,-0.0022521629438627677,-6.282687483594174e-07,NONNEGATIVE_INCREMENTAL,0.013113265677770602
M2_TOP7_CASH0_100,STATIC_MONTHLY,LEAVE_ONE_FAMILY_OUT,GLOBAL_URANIUM_NUCLEAR,FULL_COMMON_HISTORY,0.1370670541644443,0.02105622187118894,-0.23530840174956913,0.0825500598838167,0.00569079324955557,-6.609581748584503e-08,NONNEGATIVE_INCREMENTAL,0.02105622187118894
M2_TOP7_CASH0_100,STATIC_MONTHLY,LEAVE_ONE_FAMILY_OUT,GLOBAL_WATER,FULL_COMMON_HISTORY,0.13881307276696475,0.02280224047370938,-0.23855434647666995,0.07328696543884743,0.0074368118520760085,-0.0032460108229183104,NONNEGATIVE_INCREMENTAL,0.02280224047370938
M2_TOP7_CASH0_100,STATIC_MONTHLY,LEAVE_ONE_FAMILY_OUT,US_AEROSPACE_DEFENCE,FULL_COMMON_HISTORY,0.13148579045602737,0.015474958162772001,-0.23530840174956913,0.08166651229615908,0.000109529541138631,-6.609581748584503e-08,NONNEGATIVE_INCREMENTAL,0.015474958162772001
M2_TOP7_CASH0_100,STATIC_MONTHLY,LEAVE_ONE_FAMILY_OUT,US_BANKS,FULL_COMMON_HISTORY,0.1330480011399957,0.017037168846740336,-0.22972329093058141,0.078884362386243,0.0016717402251069657,0.005585044723170229,NONNEGATIVE_INCREMENTAL,0.017037168846740336
M2_TOP7_CASH0_100,STATIC_MONTHLY,EXCLUDE_TOP_1_FAMILY_CONTRIBUTORS,GLOBAL_BATTERY_EV,FULL_COMMON_HISTORY,0.1185434864383601,0.002532654145104729,-0.23297130751042472,0.08326884856428374,-0.012832774476528641,0.0023370281433269247,NONNEGATIVE_INCREMENTAL,0.002532654145104729
M2_TOP7_CASH0_100,STATIC_MONTHLY,EXCLUDE_TOP_3_FAMILY_CONTRIBUTORS,GLOBAL_BATTERY_EV;GLOBAL_GOLD_MINERS;GLOBAL_SEMICONDUCTORS,FULL_COMMON_HISTORY,0.07234534611697074,-0.04366548617628463,-0.2799607527910847,0.09056724035912979,-0.059030914797918,-0.044652417137333034,SIGN_REVERSAL_DEPENDENCY,-0.04366548617628463
M2_TOP7_CASH0_100,STATIC_MONTHLY,EXCLUDE_TOP_5_FAMILY_CONTRIBUTORS,EUROPE_BANKS;GLOBAL_BATTERY_EV;GLOBAL_GOLD_MINERS;GLOBAL_SEMICONDUCTORS;GLOBAL_SILVER_MINERS,FULL_COMMON_HISTORY,0.0653291080807692,-0.05068172421248618,-0.26110740012527567,0.0882125613401585,-0.06604715283411955,-0.025799064471524025,SIGN_REVERSAL_DEPENDENCY,-0.05068172421248618
